mono_t,phase,rel_alt_m,distance_m,h_err_deg,yaw_aligned,pitch_us,throttle_us,target
1174364.886,X_LEG_1,14.29,42.65,-43.87,0,1500,1643,NE
1174364.906,X_LEG_1,14.29,42.65,-43.87,0,1500,1643,NE
1174364.927,X_LEG_1,14.29,42.65,-43.87,0,1500,1643,NE
1174364.947,X_LEG_1,14.29,42.65,-43.87,0,1500,1643,NE
1174364.967,X_LEG_1,14.29,42.65,-43.87,0,1500,1643,NE
1174364.988,X_LEG_1,14.64,42.65,-43.87,0,1500,1642,NE
1174365.008,X_LEG_1,14.64,42.65,-43.87,0,1500,1642,NE
1174365.029,X_LEG_1,14.64,42.65,-43.87,0,1500,1642,NE
1174365.049,X_LEG_1,14.64,42.65,-43.87,0,1500,1642,NE
1174365.070,X_LEG_1,14.64,42.65,-43.87,0,1500,1642,NE
1174365.090,X_LEG_1,14.92,42.65,-43.87,0,1500,1641,NE
1174365.111,X_LEG_1,14.92,42.65,-43.87,0,1500,1641,NE
1174365.131,X_LEG_1,14.92,42.65,-43.87,0,1500,1641,NE
1174365.152,X_LEG_1,14.92,42.65,-43.87,0,1500,1641,NE
1174365.172,X_LEG_1,14.92,42.65,-43.87,0,1500,1641,NE
1174365.193,X_LEG_1,15.19,42.65,-43.87,0,1500,1641,NE
1174365.213,X_LEG_1,15.19,42.65,-43.87,0,1500,1641,NE
1174365.233,X_LEG_1,15.19,42.65,-43.87,0,1500,1641,NE
1174365.254,X_LEG_1,15.19,42.65,-43.87,0,1500,1641,NE
1174365.274,X_LEG_1,15.19,42.65,-43.87,0,1500,1641,NE
1174365.295,X_LEG_1,15.54,42.64,-43.86,0,1500,1640,NE
1174365.315,X_LEG_1,15.54,42.64,-43.86,0,1500,1640,NE
1174365.336,X_LEG_1,15.54,42.64,-43.86,0,1500,1640,NE
1174365.356,X_LEG_1,15.54,42.64,-43.86,0,1500,1640,NE
1174365.376,X_LEG_1,15.54,42.64,-43.86,0,1500,1640,NE
1174365.397,X_LEG_1,15.82,42.65,-27.85,0,1500,1639,NE
1174365.417,X_LEG_1,15.82,42.65,-27.85,0,1500,1639,NE
1174365.437,X_LEG_1,15.82,42.65,-27.85,0,1500,1639,NE
1174365.458,X_LEG_1,15.82,42.65,-27.85,0,1500,1639,NE
1174365.478,X_LEG_1,15.82,42.65,-27.85,0,1500,1639,NE
1174365.499,X_LEG_1,15.82,42.65,-27.85,0,1500,1639,NE
1174365.519,X_LEG_1,15.82,42.65,-27.85,0,1500,1639,NE
1174365.540,X_LEG_1,15.82,42.65,-27.85,0,1500,1639,NE
1174365.560,X_LEG_1,15.82,42.65,-27.85,0,1500,1639,NE
1174365.580,X_LEG_1,15.82,42.65,-27.85,0,1500,1639,NE
1174365.601,X_LEG_1,16.10,42.65,-27.85,0,1500,1638,NE
1174365.622,X_LEG_1,16.10,42.65,-27.85,0,1500,1638,NE
1174365.642,X_LEG_1,16.10,42.65,-27.85,0,1500,1638,NE
1174365.662,X_LEG_1,16.10,42.65,-27.85,0,1500,1638,NE
1174365.683,X_LEG_1,16.10,42.65,-27.85,0,1500,1638,NE
1174365.703,X_LEG_1,16.37,42.65,-27.85,0,1500,1637,NE
1174365.724,X_LEG_1,16.37,42.65,-27.85,0,1500,1637,NE
1174365.744,X_LEG_1,16.37,42.65,-27.85,0,1500,1637,NE
1174365.765,X_LEG_1,16.37,42.65,-27.85,0,1500,1637,NE
1174365.785,X_LEG_1,16.37,42.65,-27.85,0,1500,1637,NE
1174365.806,X_LEG_1,16.65,42.65,-27.85,0,1500,1637,NE
1174365.826,X_LEG_1,16.65,42.65,-27.85,0,1500,1637,NE
1174365.847,X_LEG_1,16.65,42.65,-27.85,0,1500,1637,NE
1174365.867,X_LEG_1,16.65,42.65,-27.85,0,1500,1637,NE
1174365.887,X_LEG_1,16.65,42.65,-27.85,0,1500,1637,NE
1174365.908,X_LEG_1,16.92,42.65,-3.85,1,1671,1636,NE
1174365.928,X_LEG_1,16.92,42.65,-3.85,1,1671,1636,NE
1174365.949,X_LEG_1,16.92,42.65,-3.85,1,1671,1636,NE
1174365.970,X_LEG_1,16.92,42.65,-3.85,1,1671,1636,NE
1174365.990,X_LEG_1,16.92,42.65,-3.85,1,1671,1636,NE
1174366.010,X_LEG_1,17.19,42.64,-3.84,1,1671,1635,NE
1174366.031,X_LEG_1,17.19,42.64,-3.84,1,1671,1635,NE
1174366.051,X_LEG_1,17.19,42.64,-3.84,1,1671,1635,NE
1174366.071,X_LEG_1,17.19,42.64,-3.84,1,1671,1635,NE
1174366.092,X_LEG_1,17.19,42.64,-3.84,1,1671,1635,NE
1174366.112,X_LEG_1,17.46,42.64,-3.84,1,1671,1634,NE
1174366.133,X_LEG_1,17.46,42.64,-3.84,1,1671,1634,NE
1174366.153,X_LEG_1,17.46,42.64,-3.84,1,1671,1634,NE
1174366.173,X_LEG_1,17.46,42.64,-3.84,1,1671,1634,NE
1174366.193,X_LEG_1,17.46,42.64,-3.84,1,1671,1634,NE
1174366.213,X_LEG_1,17.80,42.64,-3.84,1,1671,1633,NE
1174366.234,X_LEG_1,17.80,42.64,-3.84,1,1671,1633,NE
1174366.254,X_LEG_1,17.80,42.64,-3.84,1,1671,1633,NE
1174366.275,X_LEG_1,17.80,42.64,-3.84,1,1671,1633,NE
1174366.295,X_LEG_1,17.80,42.64,-3.84,1,1671,1633,NE
1174366.315,X_LEG_1,18.06,42.64,-3.84,1,1671,1632,NE
1174366.336,X_LEG_1,18.06,42.64,-3.84,1,1671,1632,NE
1174366.357,X_LEG_1,18.06,42.64,-3.84,1,1671,1632,NE
1174366.377,X_LEG_1,18.06,42.64,-3.84,1,1671,1632,NE
1174366.397,X_LEG_1,18.06,42.64,-3.84,1,1671,1632,NE
1174366.418,X_LEG_1,18.32,42.64,-5.84,1,1671,1632,NE
1174366.438,X_LEG_1,18.32,42.64,-5.84,1,1671,1632,NE
1174366.458,X_LEG_1,18.32,42.64,-5.84,1,1671,1632,NE
1174366.479,X_LEG_1,18.32,42.64,-5.84,1,1671,1632,NE
1174366.499,X_LEG_1,18.32,42.64,-5.84,1,1671,1632,NE
1174366.520,X_LEG_1,18.58,42.63,-5.85,1,1671,1631,NE
1174366.540,X_LEG_1,18.58,42.63,-5.85,1,1671,1631,NE
1174366.561,X_LEG_1,18.58,42.63,-5.85,1,1671,1631,NE
1174366.581,X_LEG_1,18.58,42.63,-5.85,1,1671,1631,NE
1174366.602,X_LEG_1,18.58,42.63,-5.85,1,1671,1631,NE
1174366.622,X_LEG_1,18.83,42.62,-5.85,1,1670,1630,NE
1174366.643,X_LEG_1,18.83,42.62,-5.85,1,1670,1630,NE
1174366.663,X_LEG_1,18.83,42.62,-5.85,1,1670,1630,NE
1174366.683,X_LEG_1,18.83,42.62,-5.85,1,1670,1630,NE
1174366.704,X_LEG_1,18.83,42.62,-5.85,1,1670,1630,NE
1174366.724,X_LEG_1,19.08,42.62,-5.85,1,1670,1629,NE
1174366.745,X_LEG_1,19.08,42.62,-5.85,1,1670,1629,NE
1174366.765,X_LEG_1,19.08,42.62,-5.85,1,1670,1629,NE
1174366.786,X_LEG_1,19.08,42.62,-5.85,1,1670,1629,NE
1174366.806,X_LEG_1,19.08,42.62,-5.85,1,1670,1629,NE
1174366.827,X_LEG_1,19.08,42.60,-5.85,1,1670,1629,NE
1174366.847,X_LEG_1,19.08,42.60,-5.85,1,1670,1629,NE
1174366.867,X_LEG_1,19.08,42.60,-5.85,1,1670,1629,NE
1174366.888,X_LEG_1,19.08,42.60,-5.85,1,1670,1629,NE
1174366.908,X_LEG_1,19.08,42.60,-5.85,1,1670,1629,NE
1174366.929,X_LEG_1,19.57,42.57,-5.85,1,1670,1628,NE
1174366.949,X_LEG_1,19.57,42.57,-5.85,1,1670,1628,NE
1174366.970,X_LEG_1,19.57,42.57,-5.85,1,1670,1628,NE
1174366.991,X_LEG_1,19.57,42.57,-5.85,1,1670,1628,NE
1174367.011,X_LEG_1,19.57,42.57,-5.85,1,1670,1628,NE
1174367.032,X_LEG_1,19.81,42.50,-5.85,1,1670,1627,NE
1174367.052,X_LEG_1,19.81,42.50,-5.85,1,1670,1627,NE
1174367.072,X_LEG_1,19.81,42.50,-5.85,1,1670,1627,NE
1174367.092,X_LEG_1,19.81,42.50,-5.85,1,1670,1627,NE
1174367.113,X_LEG_1,19.81,42.50,-5.85,1,1670,1627,NE
1174367.133,X_LEG_1,19.81,42.50,-5.85,1,1670,1627,NE
1174367.154,X_LEG_1,19.81,42.50,-5.85,1,1670,1627,NE
1174367.174,X_LEG_1,19.81,42.50,-5.85,1,1670,1627,NE
1174367.194,X_LEG_1,19.81,42.50,-5.85,1,1670,1627,NE
1174367.215,X_LEG_1,19.81,42.50,-5.85,1,1670,1627,NE
1174367.235,X_LEG_1,20.04,42.47,-5.86,1,1670,1626,NE
1174367.256,X_LEG_1,20.04,42.47,-5.86,1,1670,1626,NE
1174367.276,X_LEG_1,20.04,42.47,-5.86,1,1670,1626,NE
1174367.297,X_LEG_1,20.04,42.47,-5.86,1,1670,1626,NE
1174367.317,X_LEG_1,20.04,42.47,-5.86,1,1670,1626,NE
1174367.338,X_LEG_1,20.04,42.47,-5.86,1,1670,1626,NE
1174367.358,X_LEG_1,20.04,42.47,-5.86,1,1670,1626,NE
1174367.379,X_LEG_1,20.04,42.47,-5.86,1,1670,1626,NE
1174367.399,X_LEG_1,20.04,42.47,-5.86,1,1670,1626,NE
1174367.420,X_LEG_1,20.04,42.47,-5.86,1,1670,1626,NE
1174367.440,X_LEG_1,20.27,42.42,-5.86,1,1670,1626,NE
1174367.460,X_LEG_1,20.27,42.42,-5.86,1,1670,1626,NE
1174367.481,X_LEG_1,20.27,42.42,-5.86,1,1670,1626,NE
1174367.501,X_LEG_1,20.27,42.42,-5.86,1,1670,1626,NE
1174367.522,X_LEG_1,20.27,42.42,-5.86,1,1670,1626,NE
1174367.542,X_LEG_1,20.49,42.37,-3.87,1,1669,1625,NE
1174367.563,X_LEG_1,20.49,42.37,-3.87,1,1669,1625,NE
1174367.583,X_LEG_1,20.49,42.37,-3.87,1,1669,1625,NE
1174367.604,X_LEG_1,20.49,42.37,-3.87,1,1669,1625,NE
1174367.624,X_LEG_1,20.49,42.37,-3.87,1,1669,1625,NE
1174367.645,X_LEG_1,20.71,42.31,-3.88,1,1669,1624,NE
1174367.665,X_LEG_1,20.71,42.31,-3.88,1,1669,1624,NE
1174367.686,X_LEG_1,20.71,42.31,-3.88,1,1669,1624,NE
1174367.706,X_LEG_1,20.71,42.31,-3.88,1,1669,1624,NE
1174367.727,X_LEG_1,20.71,42.31,-3.88,1,1669,1624,NE
1174367.747,X_LEG_1,20.93,42.25,-3.88,1,1669,1624,NE
1174367.768,X_LEG_1,20.93,42.25,-3.88,1,1669,1624,NE
1174367.788,X_LEG_1,20.93,42.25,-3.88,1,1669,1624,NE
1174367.809,X_LEG_1,20.93,42.25,-3.88,1,1669,1624,NE
1174367.829,X_LEG_1,20.93,42.25,-3.88,1,1669,1624,NE
1174367.850,X_LEG_1,21.14,42.18,-3.89,1,1669,1623,NE
1174367.870,X_LEG_1,21.14,42.18,-3.89,1,1669,1623,NE
1174367.891,X_LEG_1,21.14,42.18,-3.89,1,1669,1623,NE
1174367.911,X_LEG_1,21.14,42.18,-3.89,1,1669,1623,NE
1174367.932,X_LEG_1,21.14,42.18,-3.89,1,1669,1623,NE
1174367.952,X_LEG_1,21.35,42.11,-3.90,1,1668,1622,NE
1174367.973,X_LEG_1,21.35,42.11,-3.90,1,1668,1622,NE
1174367.993,X_LEG_1,21.35,42.11,-3.90,1,1668,1622,NE
1174368.014,X_LEG_1,21.35,42.11,-3.90,1,1668,1622,NE
1174368.034,X_LEG_1,21.35,42.11,-3.90,1,1668,1622,NE
1174368.054,X_LEG_1,21.56,42.04,-2.91,1,1668,1622,NE
1174368.075,X_LEG_1,21.56,42.04,-2.91,1,1668,1622,NE
1174368.095,X_LEG_1,21.56,42.04,-2.91,1,1668,1622,NE
1174368.116,X_LEG_1,21.56,42.04,-2.91,1,1668,1622,NE
1174368.136,X_LEG_1,21.56,42.04,-2.91,1,1668,1622,NE
1174368.157,X_LEG_1,21.90,41.89,-2.91,1,1668,1621,NE
1174368.178,X_LEG_1,21.90,41.89,-2.91,1,1668,1621,NE
1174368.198,X_LEG_1,21.90,41.89,-2.91,1,1668,1621,NE
1174368.218,X_LEG_1,21.90,41.89,-2.91,1,1668,1621,NE
1174368.239,X_LEG_1,21.90,41.89,-2.91,1,1668,1621,NE
1174368.260,X_LEG_1,21.90,41.89,-2.91,1,1668,1621,NE
1174368.280,X_LEG_1,21.90,41.89,-2.91,1,1668,1621,NE
1174368.301,X_LEG_1,21.90,41.89,-2.91,1,1668,1621,NE
1174368.322,X_LEG_1,21.90,41.89,-2.91,1,1668,1621,NE
1174368.342,X_LEG_1,21.90,41.89,-2.91,1,1668,1621,NE
1174368.363,X_LEG_1,22.05,41.83,-2.93,1,1667,1620,NE
1174368.383,X_LEG_1,22.05,41.83,-2.93,1,1667,1620,NE
1174368.403,X_LEG_1,22.05,41.83,-2.93,1,1667,1620,NE
1174368.424,X_LEG_1,22.05,41.83,-2.93,1,1667,1620,NE
1174368.444,X_LEG_1,22.05,41.83,-2.93,1,1667,1620,NE
1174368.465,X_LEG_1,22.05,41.83,-2.93,1,1667,1620,NE
1174368.485,X_LEG_1,22.05,41.83,-2.93,1,1667,1620,NE
1174368.505,X_LEG_1,22.05,41.83,-2.93,1,1667,1620,NE
1174368.526,X_LEG_1,22.05,41.83,-2.93,1,1667,1620,NE
1174368.546,X_LEG_1,22.05,41.83,-2.93,1,1667,1620,NE
1174368.567,X_LEG_1,22.19,41.77,-2.94,1,1667,1620,NE
1174368.587,X_LEG_1,22.19,41.77,-2.94,1,1667,1620,NE
1174368.608,X_LEG_1,22.19,41.77,-2.94,1,1667,1620,NE
1174368.628,X_LEG_1,22.19,41.77,-2.94,1,1667,1620,NE
1174368.648,X_LEG_1,22.19,41.77,-2.94,1,1667,1620,NE
1174368.670,X_LEG_1,22.33,41.70,-2.94,1,1667,1620,NE
1174368.690,X_LEG_1,22.33,41.70,-2.94,1,1667,1620,NE
1174368.710,X_LEG_1,22.33,41.70,-2.94,1,1667,1620,NE
1174368.731,X_LEG_1,22.33,41.70,-2.94,1,1667,1620,NE
1174368.751,X_LEG_1,22.33,41.70,-2.94,1,1667,1620,NE
1174368.771,X_LEG_1,22.46,41.63,-2.95,1,1667,1619,NE
1174368.792,X_LEG_1,22.46,41.63,-2.95,1,1667,1619,NE
1174368.812,X_LEG_1,22.46,41.63,-2.95,1,1667,1619,NE
1174368.832,X_LEG_1,22.46,41.63,-2.95,1,1667,1619,NE
1174368.853,X_LEG_1,22.46,41.63,-2.95,1,1667,1619,NE
1174368.873,X_LEG_1,22.64,41.53,-2.96,1,1666,1619,NE
1174368.893,X_LEG_1,22.64,41.53,-2.96,1,1666,1619,NE
1174368.914,X_LEG_1,22.64,41.53,-2.96,1,1666,1619,NE
1174368.934,X_LEG_1,22.64,41.53,-2.96,1,1666,1619,NE
1174368.954,X_LEG_1,22.64,41.53,-2.96,1,1666,1619,NE
1174368.975,X_LEG_1,22.81,41.43,-2.97,1,1666,1618,NE
1174368.996,X_LEG_1,22.81,41.43,-2.97,1,1666,1618,NE
1174369.016,X_LEG_1,22.81,41.43,-2.97,1,1666,1618,NE
1174369.037,X_LEG_1,22.81,41.43,-2.97,1,1666,1618,NE
1174369.058,X_LEG_1,22.81,41.43,-2.97,1,1666,1618,NE
1174369.078,X_LEG_1,22.98,41.33,-2.98,1,1665,1618,NE
1174369.099,X_LEG_1,22.98,41.33,-2.98,1,1665,1618,NE
1174369.119,X_LEG_1,22.98,41.33,-2.98,1,1665,1618,NE
1174369.140,X_LEG_1,22.98,41.33,-2.98,1,1665,1618,NE
1174369.160,X_LEG_1,22.98,41.33,-2.98,1,1665,1618,NE
1174369.180,X_LEG_1,23.15,41.21,-1.98,1,1665,1617,NE
1174369.201,X_LEG_1,23.15,41.21,-1.98,1,1665,1617,NE
1174369.221,X_LEG_1,23.15,41.21,-1.98,1,1665,1617,NE
1174369.241,X_LEG_1,23.15,41.21,-1.98,1,1665,1617,NE
1174369.262,X_LEG_1,23.15,41.21,-1.98,1,1665,1617,NE
1174369.282,X_LEG_1,23.31,41.10,-1.99,1,1664,1617,NE
1174369.303,X_LEG_1,23.31,41.10,-1.99,1,1664,1617,NE
1174369.323,X_LEG_1,23.31,41.10,-1.99,1,1664,1617,NE
1174369.343,X_LEG_1,23.31,41.10,-1.99,1,1664,1617,NE
1174369.364,X_LEG_1,23.31,41.10,-1.99,1,1664,1617,NE
1174369.384,X_LEG_1,23.46,41.10,-1.99,1,1664,1616,NE
1174369.404,X_LEG_1,23.46,41.10,-1.99,1,1664,1616,NE
1174369.425,X_LEG_1,23.46,41.10,-1.99,1,1664,1616,NE
1174369.445,X_LEG_1,23.46,41.10,-1.99,1,1664,1616,NE
1174369.466,X_LEG_1,23.46,41.10,-1.99,1,1664,1616,NE
1174369.486,X_LEG_1,23.61,40.87,-2.02,1,1663,1616,NE
1174369.507,X_LEG_1,23.61,40.87,-2.02,1,1663,1616,NE
1174369.527,X_LEG_1,23.61,40.87,-2.02,1,1663,1616,NE
1174369.548,X_LEG_1,23.61,40.87,-2.02,1,1663,1616,NE
1174369.569,X_LEG_1,23.61,40.87,-2.02,1,1663,1616,NE
1174369.589,X_LEG_1,23.61,40.87,-2.02,1,1663,1616,NE
1174369.610,X_LEG_1,23.61,40.87,-2.02,1,1663,1616,NE
1174369.630,X_LEG_1,23.61,40.87,-2.02,1,1663,1616,NE
1174369.651,X_LEG_1,23.61,40.87,-2.02,1,1663,1616,NE
1174369.671,X_LEG_1,23.61,40.87,-2.02,1,1663,1616,NE
1174369.692,X_LEG_1,23.75,40.74,-1.02,1,1663,1615,NE
1174369.712,X_LEG_1,23.75,40.74,-1.02,1,1663,1615,NE
1174369.733,X_LEG_1,23.75,40.74,-1.02,1,1663,1615,NE
1174369.753,X_LEG_1,23.75,40.74,-1.02,1,1663,1615,NE
1174369.774,X_LEG_1,23.75,40.74,-1.02,1,1663,1615,NE
1174369.794,X_LEG_1,23.89,40.74,-1.02,1,1663,1615,NE
1174369.814,X_LEG_1,23.89,40.74,-1.02,1,1663,1615,NE
1174369.834,X_LEG_1,23.89,40.74,-1.02,1,1663,1615,NE
1174369.854,X_LEG_1,23.89,40.74,-1.02,1,1663,1615,NE
1174369.875,X_LEG_1,23.89,40.74,-1.02,1,1663,1615,NE
1174369.895,X_LEG_1,23.89,40.62,-1.04,1,1662,1615,NE
1174369.915,X_LEG_1,23.89,40.62,-1.04,1,1662,1615,NE
1174369.936,X_LEG_1,23.89,40.62,-1.04,1,1662,1615,NE
1174369.956,X_LEG_1,23.89,40.62,-1.04,1,1662,1615,NE
1174369.977,X_LEG_1,23.89,40.62,-1.04,1,1662,1615,NE
1174369.997,X_LEG_1,24.02,40.50,-1.04,1,1662,1614,NE
1174370.018,X_LEG_1,24.02,40.50,-1.04,1,1662,1614,NE
1174370.038,X_LEG_1,24.02,40.50,-1.04,1,1662,1614,NE
1174370.059,X_LEG_1,24.02,40.50,-1.04,1,1662,1614,NE
1174370.079,X_LEG_1,24.02,40.50,-1.04,1,1662,1614,NE
1174370.100,X_LEG_1,24.15,40.37,-1.06,1,1661,1614,NE
1174370.120,X_LEG_1,24.15,40.37,-1.06,1,1661,1614,NE
1174370.140,X_LEG_1,24.15,40.37,-1.06,1,1661,1614,NE
1174370.160,X_LEG_1,24.15,40.37,-1.06,1,1661,1614,NE
1174370.181,X_LEG_1,24.15,40.37,-1.06,1,1661,1614,NE
1174370.201,X_LEG_1,24.27,40.24,-1.07,1,1661,1614,NE
1174370.222,X_LEG_1,24.27,40.24,-1.07,1,1661,1614,NE
1174370.242,X_LEG_1,24.27,40.24,-1.07,1,1661,1614,NE
1174370.263,X_LEG_1,24.27,40.24,-1.07,1,1661,1614,NE
1174370.283,X_LEG_1,24.27,40.24,-1.07,1,1661,1614,NE
1174370.304,X_LEG_1,24.39,40.10,-1.09,1,1660,1613,NE
1174370.324,X_LEG_1,24.39,40.10,-1.09,1,1660,1613,NE
1174370.345,X_LEG_1,24.39,40.10,-1.09,1,1660,1613,NE
1174370.365,X_LEG_1,24.39,40.10,-1.09,1,1660,1613,NE
1174370.386,X_LEG_1,24.39,40.10,-1.09,1,1660,1613,NE
1174370.406,X_LEG_1,24.51,39.97,-1.10,1,1660,1613,NE
1174370.426,X_LEG_1,24.51,39.97,-1.10,1,1660,1613,NE
1174370.447,X_LEG_1,24.51,39.97,-1.10,1,1660,1613,NE
1174370.468,X_LEG_1,24.51,39.97,-1.10,1,1660,1613,NE
1174370.488,X_LEG_1,24.51,39.97,-1.10,1,1660,1613,NE
1174370.509,X_LEG_1,24.61,39.83,-1.10,1,1659,1613,NE
1174370.530,X_LEG_1,24.61,39.83,-1.10,1,1659,1613,NE
1174370.550,X_LEG_1,24.61,39.83,-1.10,1,1659,1613,NE
1174370.571,X_LEG_1,24.61,39.83,-1.10,1,1659,1613,NE
1174370.592,X_LEG_1,24.61,39.83,-1.10,1,1659,1613,NE
1174370.612,X_LEG_1,24.61,39.83,-1.10,1,1659,1613,NE
1174370.633,X_LEG_1,24.61,39.83,-1.10,1,1659,1613,NE
1174370.654,X_LEG_1,24.61,39.83,-1.10,1,1659,1613,NE
1174370.674,X_LEG_1,24.61,39.83,-1.10,1,1659,1613,NE
1174370.694,X_LEG_1,24.61,39.83,-1.10,1,1659,1613,NE
1174370.714,X_LEG_1,24.71,39.69,-1.12,1,1659,1612,NE
1174370.735,X_LEG_1,24.71,39.69,-1.12,1,1659,1612,NE
1174370.755,X_LEG_1,24.71,39.69,-1.12,1,1659,1612,NE
1174370.776,X_LEG_1,24.71,39.69,-1.12,1,1659,1612,NE
1174370.797,X_LEG_1,24.71,39.69,-1.12,1,1659,1612,NE
1174370.817,X_LEG_1,24.81,39.54,-1.13,1,1658,1612,NE
1174370.837,X_LEG_1,24.81,39.54,-1.13,1,1658,1612,NE
1174370.858,X_LEG_1,24.81,39.54,-1.13,1,1658,1612,NE
1174370.878,X_LEG_1,24.81,39.54,-1.13,1,1658,1612,NE
1174370.899,X_LEG_1,24.81,39.54,-1.13,1,1658,1612,NE
1174370.919,X_LEG_1,24.90,39.39,-1.14,1,1658,1612,NE
1174370.939,X_LEG_1,24.90,39.39,-1.14,1,1658,1612,NE
1174370.960,X_LEG_1,24.90,39.39,-1.14,1,1658,1612,NE
1174370.981,X_LEG_1,24.90,39.39,-1.14,1,1658,1612,NE
1174371.001,X_LEG_1,24.90,39.39,-1.14,1,1658,1612,NE
1174371.021,X_LEG_1,24.99,39.25,-1.14,1,1657,1612,NE
1174371.042,X_LEG_1,24.99,39.25,-1.14,1,1657,1612,NE
1174371.062,X_LEG_1,24.99,39.25,-1.14,1,1657,1612,NE
1174371.083,X_LEG_1,24.99,39.25,-1.14,1,1657,1612,NE
1174371.103,X_LEG_1,24.99,39.25,-1.14,1,1657,1612,NE
1174371.123,X_LEG_1,25.07,39.10,-1.15,1,1656,1611,NE
1174371.143,X_LEG_1,25.07,39.10,-1.15,1,1656,1611,NE
1174371.163,X_LEG_1,25.07,39.10,-1.15,1,1656,1611,NE
1174371.184,X_LEG_1,25.07,39.10,-1.15,1,1656,1611,NE
1174371.204,X_LEG_1,25.07,39.10,-1.15,1,1656,1611,NE
1174371.225,X_LEG_1,25.14,38.95,-1.16,1,1656,1611,NE
1174371.245,X_LEG_1,25.14,38.95,-1.16,1,1656,1611,NE
1174371.266,X_LEG_1,25.14,38.95,-1.16,1,1656,1611,NE
1174371.286,X_LEG_1,25.14,38.95,-1.16,1,1656,1611,NE
1174371.307,X_LEG_1,25.14,38.95,-1.16,1,1656,1611,NE
1174371.327,X_LEG_1,25.20,38.84,-1.17,1,1655,1611,NE
1174371.348,X_LEG_1,25.20,38.84,-1.17,1,1655,1611,NE
1174371.368,X_LEG_1,25.20,38.84,-1.17,1,1655,1611,NE
1174371.388,X_LEG_1,25.20,38.84,-1.17,1,1655,1611,NE
1174371.409,X_LEG_1,25.20,38.84,-1.17,1,1655,1611,NE
1174371.429,X_LEG_1,25.25,38.72,-1.18,1,1655,1611,NE
1174371.450,X_LEG_1,25.25,38.72,-1.18,1,1655,1611,NE
1174371.470,X_LEG_1,25.25,38.72,-1.18,1,1655,1611,NE
1174371.491,X_LEG_1,25.25,38.72,-1.18,1,1655,1611,NE
1174371.511,X_LEG_1,25.25,38.72,-1.18,1,1655,1611,NE
1174371.531,X_LEG_1,25.29,38.72,-1.18,1,1655,1611,NE
1174371.551,X_LEG_1,25.29,38.72,-1.18,1,1655,1611,NE
1174371.572,X_LEG_1,25.29,38.72,-1.18,1,1655,1611,NE
1174371.592,X_LEG_1,25.29,38.72,-1.18,1,1655,1611,NE
1174371.613,X_LEG_1,25.29,38.72,-1.18,1,1655,1611,NE
1174371.633,X_LEG_1,25.34,38.49,-1.20,1,1654,1610,NE
1174371.654,X_LEG_1,25.34,38.49,-1.20,1,1654,1610,NE
1174371.674,X_LEG_1,25.34,38.49,-1.20,1,1654,1610,NE
1174371.695,X_LEG_1,25.34,38.49,-1.20,1,1654,1610,NE
1174371.715,X_LEG_1,25.34,38.49,-1.20,1,1654,1610,NE
1174371.736,X_LEG_1,25.39,38.34,-1.22,1,1653,1610,NE
1174371.756,X_LEG_1,25.39,38.34,-1.22,1,1653,1610,NE
1174371.777,X_LEG_1,25.39,38.34,-1.22,1,1653,1610,NE
1174371.797,X_LEG_1,25.39,38.34,-1.22,1,1653,1610,NE
1174371.818,X_LEG_1,25.39,38.34,-1.22,1,1653,1610,NE
1174371.839,X_LEG_1,25.43,38.34,-1.22,1,1653,1610,NE
1174371.859,X_LEG_1,25.43,38.34,-1.22,1,1653,1610,NE
1174371.880,X_LEG_1,25.43,38.34,-1.22,1,1653,1610,NE
1174371.900,X_LEG_1,25.43,38.34,-1.22,1,1653,1610,NE
1174371.921,X_LEG_1,25.43,38.34,-1.22,1,1653,1610,NE
1174371.941,X_LEG_1,25.43,38.22,-1.23,1,1653,1610,NE
1174371.962,X_LEG_1,25.43,38.22,-1.23,1,1653,1610,NE
1174371.982,X_LEG_1,25.43,38.22,-1.23,1,1653,1610,NE
1174372.003,X_LEG_1,25.43,38.22,-1.23,1,1653,1610,NE
1174372.023,X_LEG_1,25.43,38.22,-1.23,1,1653,1610,NE
1174372.044,X_LEG_1,25.46,38.09,-1.23,1,1652,1610,NE
1174372.064,X_LEG_1,25.46,38.09,-1.23,1,1652,1610,NE
1174372.084,X_LEG_1,25.46,38.09,-1.23,1,1652,1610,NE
1174372.105,X_LEG_1,25.46,38.09,-1.23,1,1652,1610,NE
1174372.125,X_LEG_1,25.46,38.09,-1.23,1,1652,1610,NE
1174372.146,X_LEG_1,25.49,37.97,-1.24,1,1652,1610,NE
1174372.166,X_LEG_1,25.49,37.97,-1.24,1,1652,1610,NE
1174372.187,X_LEG_1,25.49,37.97,-1.24,1,1652,1610,NE
1174372.208,X_LEG_1,25.49,37.97,-1.24,1,1652,1610,NE
1174372.229,X_LEG_1,25.49,37.97,-1.24,1,1652,1610,NE
1174372.250,X_LEG_1,25.52,37.85,-1.26,1,1651,1610,NE
1174372.270,X_LEG_1,25.52,37.85,-1.26,1,1651,1610,NE
1174372.291,X_LEG_1,25.52,37.85,-1.26,1,1651,1610,NE
1174372.311,X_LEG_1,25.52,37.85,-1.26,1,1651,1610,NE
1174372.332,X_LEG_1,25.52,37.85,-1.26,1,1651,1610,NE
1174372.352,X_LEG_1,25.52,37.85,-1.26,1,1651,1610,NE
1174372.372,X_LEG_1,25.52,37.85,-1.26,1,1651,1610,NE
1174372.393,X_LEG_1,25.52,37.85,-1.26,1,1651,1610,NE
1174372.413,X_LEG_1,25.52,37.85,-1.26,1,1651,1610,NE
1174372.433,X_LEG_1,25.52,37.85,-1.26,1,1651,1610,NE
1174372.453,X_LEG_1,25.54,37.73,-1.26,1,1651,1610,NE
1174372.474,X_LEG_1,25.54,37.73,-1.26,1,1651,1610,NE
1174372.494,X_LEG_1,25.54,37.73,-1.26,1,1651,1610,NE
1174372.514,X_LEG_1,25.54,37.73,-1.26,1,1651,1610,NE
1174372.535,X_LEG_1,25.54,37.73,-1.26,1,1651,1610,NE
1174372.555,X_LEG_1,25.56,37.61,-1.27,1,1650,1610,NE
1174372.576,X_LEG_1,25.56,37.61,-1.27,1,1650,1610,NE
1174372.596,X_LEG_1,25.56,37.61,-1.27,1,1650,1610,NE
1174372.617,X_LEG_1,25.56,37.61,-1.27,1,1650,1610,NE
1174372.637,X_LEG_1,25.56,37.61,-1.27,1,1650,1610,NE
1174372.658,X_LEG_1,25.58,37.48,-1.27,1,1650,1610,NE
1174372.678,X_LEG_1,25.58,37.48,-1.27,1,1650,1610,NE
1174372.699,X_LEG_1,25.58,37.48,-1.27,1,1650,1610,NE
1174372.719,X_LEG_1,25.58,37.48,-1.27,1,1650,1610,NE
1174372.740,X_LEG_1,25.58,37.48,-1.27,1,1650,1610,NE
1174372.760,X_LEG_1,25.60,37.32,-1.29,1,1649,1610,NE
1174372.781,X_LEG_1,25.60,37.32,-1.29,1,1649,1610,NE
1174372.801,X_LEG_1,25.60,37.32,-1.29,1,1649,1610,NE
1174372.821,X_LEG_1,25.60,37.32,-1.29,1,1649,1610,NE
1174372.842,X_LEG_1,25.60,37.32,-1.29,1,1649,1610,NE
1174372.862,X_LEG_1,25.60,37.32,-0.29,1,1649,1610,NE
1174372.883,X_LEG_1,25.60,37.32,-0.29,1,1649,1610,NE
1174372.903,X_LEG_1,25.60,37.32,-0.29,1,1649,1610,NE
1174372.924,X_LEG_1,25.60,37.32,-0.29,1,1649,1610,NE
1174372.944,X_LEG_1,25.60,37.32,-0.29,1,1649,1610,NE
1174372.965,X_LEG_1,25.61,37.15,-0.30,1,1649,1610,NE
1174372.985,X_LEG_1,25.61,37.15,-0.30,1,1649,1610,NE
1174373.006,X_LEG_1,25.61,37.15,-0.30,1,1649,1610,NE
1174373.026,X_LEG_1,25.61,37.15,-0.30,1,1649,1610,NE
1174373.046,X_LEG_1,25.61,37.15,-0.30,1,1649,1610,NE
1174373.067,X_LEG_1,25.62,37.03,-0.32,1,1648,1610,NE
1174373.088,X_LEG_1,25.62,37.03,-0.32,1,1648,1610,NE
1174373.108,X_LEG_1,25.62,37.03,-0.32,1,1648,1610,NE
1174373.128,X_LEG_1,25.62,37.03,-0.32,1,1648,1610,NE
1174373.149,X_LEG_1,25.62,37.03,-0.32,1,1648,1610,NE
1174373.169,X_LEG_1,25.62,36.90,-0.33,1,1648,1610,NE
1174373.190,X_LEG_1,25.62,36.90,-0.33,1,1648,1610,NE
1174373.210,X_LEG_1,25.62,36.90,-0.33,1,1648,1610,NE
1174373.231,X_LEG_1,25.62,36.90,-0.33,1,1648,1610,NE
1174373.251,X_LEG_1,25.62,36.90,-0.33,1,1648,1610,NE
1174373.271,X_LEG_1,25.62,36.74,-0.33,1,1647,1610,NE
1174373.292,X_LEG_1,25.62,36.74,-0.33,1,1647,1610,NE
1174373.312,X_LEG_1,25.62,36.74,-0.33,1,1647,1610,NE
1174373.333,X_LEG_1,25.62,36.74,-0.33,1,1647,1610,NE
1174373.353,X_LEG_1,25.62,36.74,-0.33,1,1647,1610,NE
1174373.373,X_LEG_1,25.62,36.61,-0.35,1,1646,1610,NE
1174373.394,X_LEG_1,25.62,36.61,-0.35,1,1646,1610,NE
1174373.414,X_LEG_1,25.62,36.61,-0.35,1,1646,1610,NE
1174373.435,X_LEG_1,25.62,36.61,-0.35,1,1646,1610,NE
1174373.456,X_LEG_1,25.62,36.61,-0.35,1,1646,1610,NE
1174373.476,X_LEG_1,25.61,36.48,-0.35,1,1646,1610,NE
1174373.497,X_LEG_1,25.61,36.48,-0.35,1,1646,1610,NE
1174373.518,X_LEG_1,25.61,36.48,-0.35,1,1646,1610,NE
1174373.539,X_LEG_1,25.61,36.48,-0.35,1,1646,1610,NE
1174373.559,X_LEG_1,25.61,36.48,-0.35,1,1646,1610,NE
1174373.580,X_LEG_1,25.60,36.35,-0.35,1,1645,1610,NE
1174373.600,X_LEG_1,25.60,36.35,-0.35,1,1645,1610,NE
1174373.620,X_LEG_1,25.60,36.35,-0.35,1,1645,1610,NE
1174373.641,X_LEG_1,25.60,36.35,-0.35,1,1645,1610,NE
1174373.661,X_LEG_1,25.60,36.35,-0.35,1,1645,1610,NE
1174373.682,X_LEG_1,25.60,36.35,-0.35,1,1645,1610,NE
1174373.702,X_LEG_1,25.60,36.35,-0.35,1,1645,1610,NE
1174373.723,X_LEG_1,25.60,36.35,-0.35,1,1645,1610,NE
1174373.743,X_LEG_1,25.60,36.35,-0.35,1,1645,1610,NE
1174373.763,X_LEG_1,25.60,36.35,-0.35,1,1645,1610,NE
1174373.784,X_LEG_1,25.58,36.18,-0.37,1,1645,1610,NE
1174373.804,X_LEG_1,25.58,36.18,-0.37,1,1645,1610,NE
1174373.825,X_LEG_1,25.58,36.18,-0.37,1,1645,1610,NE
1174373.845,X_LEG_1,25.58,36.18,-0.37,1,1645,1610,NE
1174373.866,X_LEG_1,25.58,36.18,-0.37,1,1645,1610,NE
1174373.886,X_LEG_1,25.56,36.02,-0.39,1,1644,1610,NE
1174373.907,X_LEG_1,25.56,36.02,-0.39,1,1644,1610,NE
1174373.928,X_LEG_1,25.56,36.02,-0.39,1,1644,1610,NE
1174373.948,X_LEG_1,25.56,36.02,-0.39,1,1644,1610,NE
1174373.969,X_LEG_1,25.56,36.02,-0.39,1,1644,1610,NE
1174373.989,X_LEG_1,25.54,35.89,-0.39,1,1644,1610,NE
1174374.009,X_LEG_1,25.54,35.89,-0.39,1,1644,1610,NE
1174374.030,X_LEG_1,25.54,35.89,-0.39,1,1644,1610,NE
1174374.050,X_LEG_1,25.54,35.89,-0.39,1,1644,1610,NE
1174374.070,X_LEG_1,25.54,35.89,-0.39,1,1644,1610,NE
1174374.091,X_LEG_1,25.51,35.76,-0.41,1,1643,1610,NE
1174374.111,X_LEG_1,25.51,35.76,-0.41,1,1643,1610,NE
1174374.131,X_LEG_1,25.51,35.76,-0.41,1,1643,1610,NE
1174374.151,X_LEG_1,25.51,35.76,-0.41,1,1643,1610,NE
1174374.172,X_LEG_1,25.51,35.76,-0.41,1,1643,1610,NE
1174374.192,X_LEG_1,25.48,35.63,-0.41,1,1643,1610,NE
1174374.213,X_LEG_1,25.48,35.63,-0.41,1,1643,1610,NE
1174374.233,X_LEG_1,25.48,35.63,-0.41,1,1643,1610,NE
1174374.253,X_LEG_1,25.48,35.63,-0.41,1,1643,1610,NE
1174374.274,X_LEG_1,25.48,35.63,-0.41,1,1643,1610,NE
1174374.294,X_LEG_1,25.45,35.50,-0.42,1,1642,1610,NE
1174374.315,X_LEG_1,25.45,35.50,-0.42,1,1642,1610,NE
1174374.335,X_LEG_1,25.45,35.50,-0.42,1,1642,1610,NE
1174374.356,X_LEG_1,25.45,35.50,-0.42,1,1642,1610,NE
1174374.376,X_LEG_1,25.45,35.50,-0.42,1,1642,1610,NE
1174374.397,X_LEG_1,25.42,35.37,-0.43,1,1641,1610,NE
1174374.417,X_LEG_1,25.42,35.37,-0.43,1,1641,1610,NE
1174374.438,X_LEG_1,25.42,35.37,-0.43,1,1641,1610,NE
1174374.458,X_LEG_1,25.42,35.37,-0.43,1,1641,1610,NE
1174374.478,X_LEG_1,25.42,35.37,-0.43,1,1641,1610,NE
1174374.499,X_LEG_1,25.42,35.24,-0.44,1,1641,1610,NE
1174374.519,X_LEG_1,25.38,35.24,-0.44,1,1641,1610,NE
1174374.540,X_LEG_1,25.38,35.24,-0.44,1,1641,1610,NE
1174374.561,X_LEG_1,25.38,35.24,-0.44,1,1641,1610,NE
1174374.581,X_LEG_1,25.38,35.24,-0.44,1,1641,1610,NE
1174374.602,X_LEG_1,25.34,35.11,-0.44,1,1640,1610,NE
1174374.623,X_LEG_1,25.34,35.11,-0.44,1,1640,1610,NE
1174374.643,X_LEG_1,25.34,35.11,-0.44,1,1640,1610,NE
1174374.664,X_LEG_1,25.34,35.11,-0.44,1,1640,1610,NE
1174374.684,X_LEG_1,25.34,35.11,-0.44,1,1640,1610,NE
1174374.705,X_LEG_1,25.34,35.11,-0.44,1,1640,1610,NE
1174374.725,X_LEG_1,25.34,35.11,-0.44,1,1640,1610,NE
1174374.746,X_LEG_1,25.34,35.11,-0.44,1,1640,1610,NE
1174374.766,X_LEG_1,25.34,35.11,-0.44,1,1640,1610,NE
1174374.787,X_LEG_1,25.34,35.11,-0.44,1,1640,1610,NE
1174374.807,X_LEG_1,25.28,34.94,-0.47,1,1640,1611,NE
1174374.828,X_LEG_1,25.28,34.94,-0.47,1,1640,1611,NE
1174374.848,X_LEG_1,25.28,34.94,-0.47,1,1640,1611,NE
1174374.869,X_LEG_1,25.28,34.94,-0.47,1,1640,1611,NE
1174374.890,X_LEG_1,25.28,34.94,-0.47,1,1640,1611,NE
1174374.910,X_LEG_1,25.24,34.81,-0.47,1,1639,1611,NE
1174374.931,X_LEG_1,25.24,34.81,-0.47,1,1639,1611,NE
1174374.951,X_LEG_1,25.24,34.81,-0.47,1,1639,1611,NE
1174374.972,X_LEG_1,25.24,34.81,-0.47,1,1639,1611,NE
1174374.992,X_LEG_1,25.24,34.81,-0.47,1,1639,1611,NE
1174375.012,X_LEG_1,25.19,34.68,-0.48,1,1639,1611,NE
1174375.033,X_LEG_1,25.19,34.68,-0.48,1,1639,1611,NE
1174375.053,X_LEG_1,25.19,34.68,-0.48,1,1639,1611,NE
1174375.074,X_LEG_1,25.19,34.68,-0.48,1,1639,1611,NE
1174375.095,X_LEG_1,25.19,34.68,-0.48,1,1639,1611,NE
1174375.115,X_LEG_1,25.13,34.55,-0.49,1,1638,1611,NE
1174375.136,X_LEG_1,25.13,34.55,-0.49,1,1638,1611,NE
1174375.156,X_LEG_1,25.13,34.55,-0.49,1,1638,1611,NE
1174375.177,X_LEG_1,25.13,34.55,-0.49,1,1638,1611,NE
1174375.197,X_LEG_1,25.13,34.55,-0.49,1,1638,1611,NE
1174375.218,X_LEG_1,25.08,34.42,-0.50,1,1638,1611,NE
1174375.238,X_LEG_1,25.08,34.42,-0.50,1,1638,1611,NE
1174375.259,X_LEG_1,25.08,34.42,-0.50,1,1638,1611,NE
1174375.281,X_LEG_1,25.08,34.42,-0.50,1,1638,1611,NE
1174375.301,X_LEG_1,25.08,34.42,-0.50,1,1638,1611,NE
1174375.321,X_LEG_1,25.02,34.29,-0.51,1,1637,1611,NE
1174375.343,X_LEG_1,25.02,34.29,-0.51,1,1637,1611,NE
1174375.363,X_LEG_1,25.02,34.29,-0.51,1,1637,1611,NE
1174375.383,X_LEG_1,25.02,34.29,-0.51,1,1637,1611,NE
1174375.404,X_LEG_1,25.02,34.29,-0.51,1,1637,1611,NE
1174375.424,X_LEG_1,24.95,34.16,-0.52,1,1637,1612,NE
1174375.445,X_LEG_1,24.95,34.16,-0.52,1,1637,1612,NE
1174375.465,X_LEG_1,24.95,34.16,-0.52,1,1637,1612,NE
1174375.486,X_LEG_1,24.95,34.16,-0.52,1,1637,1612,NE
1174375.506,X_LEG_1,24.95,34.16,-0.52,1,1637,1612,NE
1174375.527,X_LEG_1,24.89,34.03,-0.53,1,1636,1612,NE
1174375.547,X_LEG_1,24.89,34.03,-0.53,1,1636,1612,NE
1174375.568,X_LEG_1,24.89,34.03,-0.53,1,1636,1612,NE
1174375.588,X_LEG_1,24.89,34.03,-0.53,1,1636,1612,NE
1174375.609,X_LEG_1,24.89,34.03,-0.53,1,1636,1612,NE
1174375.629,X_LEG_1,24.82,33.90,-0.54,1,1636,1612,NE
1174375.650,X_LEG_1,24.82,33.90,-0.54,1,1636,1612,NE
1174375.670,X_LEG_1,24.82,33.90,-0.54,1,1636,1612,NE
1174375.691,X_LEG_1,24.82,33.90,-0.54,1,1636,1612,NE
1174375.711,X_LEG_1,24.82,33.90,-0.54,1,1636,1612,NE
1174375.731,X_LEG_1,24.75,33.77,-0.55,1,1635,1612,NE
1174375.752,X_LEG_1,24.75,33.77,-0.55,1,1635,1612,NE
1174375.772,X_LEG_1,24.75,33.77,-0.55,1,1635,1612,NE
1174375.793,X_LEG_1,24.75,33.77,-0.55,1,1635,1612,NE
1174375.813,X_LEG_1,24.75,33.77,-0.55,1,1635,1612,NE
1174375.833,X_LEG_1,24.67,33.64,-0.56,1,1635,1612,NE
1174375.854,X_LEG_1,24.67,33.64,-0.56,1,1635,1612,NE
1174375.874,X_LEG_1,24.67,33.64,-0.56,1,1635,1612,NE
1174375.895,X_LEG_1,24.67,33.64,-0.56,1,1635,1612,NE
1174375.915,X_LEG_1,24.67,33.64,-0.56,1,1635,1612,NE
1174375.936,X_LEG_1,24.67,33.64,-0.56,1,1635,1612,NE
1174375.957,X_LEG_1,24.67,33.64,-0.56,1,1635,1612,NE
1174375.977,X_LEG_1,24.67,33.64,-0.56,1,1635,1612,NE
1174375.998,X_LEG_1,24.67,33.64,-0.56,1,1635,1612,NE
1174376.018,X_LEG_1,24.67,33.64,-0.56,1,1635,1612,NE
1174376.038,X_LEG_1,24.57,33.46,-0.57,1,1634,1613,NE
1174376.059,X_LEG_1,24.57,33.46,-0.57,1,1634,1613,NE
1174376.079,X_LEG_1,24.57,33.46,-0.57,1,1634,1613,NE
1174376.100,X_LEG_1,24.57,33.46,-0.57,1,1634,1613,NE
1174376.120,X_LEG_1,24.57,33.46,-0.57,1,1634,1613,NE
1174376.140,X_LEG_1,24.49,33.34,-0.57,1,1633,1613,NE
1174376.161,X_LEG_1,24.49,33.34,-0.57,1,1633,1613,NE
1174376.181,X_LEG_1,24.49,33.34,-0.57,1,1633,1613,NE
1174376.202,X_LEG_1,24.49,33.34,-0.57,1,1633,1613,NE
1174376.222,X_LEG_1,24.49,33.34,-0.57,1,1633,1613,NE
1174376.242,X_LEG_1,24.41,33.20,-0.59,1,1633,1613,NE
1174376.263,X_LEG_1,24.41,33.20,-0.59,1,1633,1613,NE
1174376.284,X_LEG_1,24.41,33.20,-0.59,1,1633,1613,NE
1174376.304,X_LEG_1,24.41,33.20,-0.59,1,1633,1613,NE
1174376.326,X_LEG_1,24.41,33.20,-0.59,1,1633,1613,NE
1174376.346,X_LEG_1,24.32,33.07,-0.60,1,1632,1614,NE
1174376.367,X_LEG_1,24.32,33.07,-0.60,1,1632,1614,NE
1174376.387,X_LEG_1,24.32,33.07,-0.60,1,1632,1614,NE
1174376.408,X_LEG_1,24.32,33.07,-0.60,1,1632,1614,NE
1174376.428,X_LEG_1,24.32,33.07,-0.60,1,1632,1614,NE
1174376.449,X_LEG_1,24.23,32.95,-0.60,1,1632,1614,NE
1174376.469,X_LEG_1,24.23,32.95,-0.60,1,1632,1614,NE
1174376.490,X_LEG_1,24.23,32.95,-0.60,1,1632,1614,NE
1174376.510,X_LEG_1,24.23,32.95,-0.60,1,1632,1614,NE
1174376.531,X_LEG_1,24.23,32.95,-0.60,1,1632,1614,NE
1174376.551,X_LEG_1,24.14,32.81,-0.62,1,1631,1614,NE
1174376.571,X_LEG_1,24.14,32.81,-0.62,1,1631,1614,NE
1174376.591,X_LEG_1,24.14,32.81,-0.62,1,1631,1614,NE
1174376.612,X_LEG_1,24.14,32.81,-0.62,1,1631,1614,NE
1174376.632,X_LEG_1,24.14,32.81,-0.62,1,1631,1614,NE
1174376.652,X_LEG_1,24.04,32.68,-0.62,1,1631,1614,NE
1174376.674,X_LEG_1,24.04,32.68,-0.62,1,1631,1614,NE
1174376.694,X_LEG_1,24.04,32.68,-0.62,1,1631,1614,NE
1174376.714,X_LEG_1,24.04,32.68,-0.62,1,1631,1614,NE
1174376.734,X_LEG_1,24.04,32.68,-0.62,1,1631,1614,NE
1174376.755,X_LEG_1,23.94,32.56,-0.63,1,1630,1615,NE
1174376.776,X_LEG_1,23.94,32.56,-0.63,1,1630,1615,NE
1174376.796,X_LEG_1,23.94,32.56,-0.63,1,1630,1615,NE
1174376.816,X_LEG_1,23.94,32.56,-0.63,1,1630,1615,NE
1174376.837,X_LEG_1,23.94,32.56,-0.63,1,1630,1615,NE
1174376.857,X_LEG_1,23.84,32.42,-0.65,1,1630,1615,NE
1174376.877,X_LEG_1,23.84,32.42,-0.65,1,1630,1615,NE
1174376.898,X_LEG_1,23.84,32.42,-0.65,1,1630,1615,NE
1174376.918,X_LEG_1,23.84,32.42,-0.65,1,1630,1615,NE
1174376.939,X_LEG_1,23.84,32.42,-0.65,1,1630,1615,NE
1174376.959,X_LEG_1,23.74,32.30,-0.65,1,1629,1615,NE
1174376.979,X_LEG_1,23.74,32.30,-0.65,1,1629,1615,NE
1174377.000,X_LEG_1,23.74,32.30,-0.65,1,1629,1615,NE
1174377.020,X_LEG_1,23.74,32.30,-0.65,1,1629,1615,NE
1174377.041,X_LEG_1,23.74,32.30,-0.65,1,1629,1615,NE
1174377.061,X_LEG_1,23.63,32.17,-0.66,1,1629,1616,NE
1174377.082,X_LEG_1,23.63,32.17,-0.66,1,1629,1616,NE
1174377.102,X_LEG_1,23.63,32.17,-0.66,1,1629,1616,NE
1174377.123,X_LEG_1,23.63,32.17,-0.66,1,1629,1616,NE
1174377.143,X_LEG_1,23.63,32.17,-0.66,1,1629,1616,NE
1174377.164,X_LEG_1,23.52,32.04,-0.66,1,1628,1616,NE
1174377.184,X_LEG_1,23.52,32.04,-0.66,1,1628,1616,NE
1174377.204,X_LEG_1,23.52,32.04,-0.66,1,1628,1616,NE
1174377.225,X_LEG_1,23.52,32.04,-0.66,1,1628,1616,NE
1174377.246,X_LEG_1,23.52,32.04,-0.66,1,1628,1616,NE
1174377.266,X_LEG_1,23.41,31.91,-0.68,1,1628,1616,NE
1174377.287,X_LEG_1,23.41,31.91,-0.68,1,1628,1616,NE
1174377.307,X_LEG_1,23.41,31.91,-0.68,1,1628,1616,NE
1174377.327,X_LEG_1,23.41,31.91,-0.68,1,1628,1616,NE
1174377.348,X_LEG_1,23.41,31.91,-0.68,1,1628,1616,NE
1174377.369,X_LEG_1,23.29,31.78,-0.69,1,1627,1617,NE
1174377.390,X_LEG_1,23.29,31.78,-0.69,1,1627,1617,NE
1174377.410,X_LEG_1,23.29,31.78,-0.69,1,1627,1617,NE
1174377.430,X_LEG_1,23.29,31.78,-0.69,1,1627,1617,NE
1174377.451,X_LEG_1,23.29,31.78,-0.69,1,1627,1617,NE
1174377.471,X_LEG_1,23.29,31.78,-0.69,1,1627,1617,NE
1174377.491,X_LEG_1,23.29,31.78,-0.69,1,1627,1617,NE
1174377.511,X_LEG_1,23.29,31.78,-0.69,1,1627,1617,NE
1174377.532,X_LEG_1,23.29,31.78,-0.69,1,1627,1617,NE
1174377.552,X_LEG_1,23.29,31.78,-0.69,1,1627,1617,NE
1174377.573,X_LEG_1,23.17,31.65,-0.69,1,1627,1617,NE
1174377.593,X_LEG_1,23.17,31.65,-0.69,1,1627,1617,NE
1174377.613,X_LEG_1,23.17,31.65,-0.69,1,1627,1617,NE
1174377.634,X_LEG_1,23.17,31.65,-0.69,1,1627,1617,NE
1174377.656,X_LEG_1,23.17,31.65,-0.69,1,1627,1617,NE
1174377.676,X_LEG_1,23.05,31.52,0.30,1,1626,1617,NE
1174377.697,X_LEG_1,23.05,31.52,0.30,1,1626,1617,NE
1174377.718,X_LEG_1,23.05,31.52,0.30,1,1626,1617,NE
1174377.738,X_LEG_1,23.05,31.52,0.30,1,1626,1617,NE
1174377.759,X_LEG_1,23.05,31.52,0.30,1,1626,1617,NE
1174377.780,X_LEG_1,22.93,31.40,0.29,1,1626,1618,NE
1174377.800,X_LEG_1,22.93,31.40,0.29,1,1626,1618,NE
1174377.821,X_LEG_1,22.93,31.40,0.29,1,1626,1618,NE
1174377.842,X_LEG_1,22.93,31.40,0.29,1,1626,1618,NE
1174377.862,X_LEG_1,22.93,31.40,0.29,1,1626,1618,NE
1174377.883,X_LEG_1,22.80,31.28,0.27,1,1625,1618,NE
1174377.903,X_LEG_1,22.80,31.28,0.27,1,1625,1618,NE
1174377.923,X_LEG_1,22.80,31.28,0.27,1,1625,1618,NE
1174377.944,X_LEG_1,22.80,31.28,0.27,1,1625,1618,NE
1174377.964,X_LEG_1,22.80,31.28,0.27,1,1625,1618,NE
1174377.985,X_LEG_1,22.67,31.14,0.26,1,1625,1618,NE
1174378.005,X_LEG_1,22.67,31.14,0.26,1,1625,1618,NE
1174378.026,X_LEG_1,22.67,31.14,0.26,1,1625,1618,NE
1174378.047,X_LEG_1,22.67,31.14,0.26,1,1625,1618,NE
1174378.067,X_LEG_1,22.67,31.14,0.26,1,1625,1618,NE
1174378.088,X_LEG_1,22.54,31.01,0.25,1,1624,1619,NE
1174378.108,X_LEG_1,22.54,31.01,0.25,1,1624,1619,NE
1174378.129,X_LEG_1,22.54,31.01,0.25,1,1624,1619,NE
1174378.149,X_LEG_1,22.54,31.01,0.25,1,1624,1619,NE
1174378.170,X_LEG_1,22.54,31.01,0.25,1,1624,1619,NE
1174378.190,X_LEG_1,22.54,31.01,0.25,1,1624,1619,NE
1174378.211,X_LEG_1,22.54,31.01,0.25,1,1624,1619,NE
1174378.231,X_LEG_1,22.54,31.01,0.25,1,1624,1619,NE
1174378.252,X_LEG_1,22.54,31.01,0.25,1,1624,1619,NE
1174378.272,X_LEG_1,22.54,31.01,0.25,1,1624,1619,NE
1174378.292,X_LEG_1,22.41,30.89,0.24,1,1624,1619,NE
1174378.313,X_LEG_1,22.41,30.89,0.24,1,1624,1619,NE
1174378.333,X_LEG_1,22.41,30.89,0.24,1,1624,1619,NE
1174378.354,X_LEG_1,22.41,30.89,0.24,1,1624,1619,NE
1174378.376,X_LEG_1,22.41,30.89,0.24,1,1624,1619,NE
1174378.396,X_LEG_1,22.27,30.76,0.23,1,1623,1620,NE
1174378.417,X_LEG_1,22.27,30.76,0.23,1,1623,1620,NE
1174378.437,X_LEG_1,22.27,30.76,0.23,1,1623,1620,NE
1174378.458,X_LEG_1,22.27,30.76,0.23,1,1623,1620,NE
1174378.478,X_LEG_1,22.27,30.76,0.23,1,1623,1620,NE
1174378.499,X_LEG_1,22.18,30.68,0.23,1,1623,1620,NE
1174378.519,X_LEG_1,22.18,30.68,0.23,1,1623,1620,NE
1174378.539,X_LEG_1,22.18,30.68,0.23,1,1623,1620,NE
1174378.560,X_LEG_1,22.18,30.68,0.23,1,1623,1620,NE
1174378.580,X_LEG_1,22.18,30.68,0.23,1,1623,1620,NE
1174378.600,X_LEG_1,22.09,30.60,0.22,1,1622,1620,NE
1174378.621,X_LEG_1,22.09,30.60,0.22,1,1622,1620,NE
1174378.641,X_LEG_1,22.09,30.60,0.22,1,1622,1620,NE
1174378.662,X_LEG_1,22.09,30.60,0.22,1,1622,1620,NE
1174378.682,X_LEG_1,22.09,30.60,0.22,1,1622,1620,NE
1174378.702,X_LEG_1,21.94,30.47,0.22,1,1622,1621,NE
1174378.723,X_LEG_1,21.94,30.47,0.22,1,1622,1621,NE
1174378.743,X_LEG_1,21.94,30.47,0.22,1,1622,1621,NE
1174378.764,X_LEG_1,21.94,30.47,0.22,1,1622,1621,NE
1174378.785,X_LEG_1,21.94,30.47,0.22,1,1622,1621,NE
1174378.805,X_LEG_1,21.94,30.47,0.22,1,1622,1621,NE
1174378.826,X_LEG_1,21.94,30.47,0.22,1,1622,1621,NE
1174378.847,X_LEG_1,21.94,30.47,0.22,1,1622,1621,NE
1174378.867,X_LEG_1,21.94,30.47,0.22,1,1622,1621,NE
1174378.887,X_LEG_1,21.94,30.47,0.22,1,1622,1621,NE
1174378.908,X_LEG_1,21.85,30.38,0.20,1,1622,1621,NE
1174378.928,X_LEG_1,21.85,30.38,0.20,1,1622,1621,NE
1174378.949,X_LEG_1,21.85,30.38,0.20,1,1622,1621,NE
1174378.970,X_LEG_1,21.85,30.38,0.20,1,1622,1621,NE
1174378.991,X_LEG_1,21.85,30.38,0.20,1,1622,1621,NE
1174379.012,X_LEG_1,21.75,30.30,0.19,1,1621,1621,NE
1174379.032,X_LEG_1,21.75,30.30,0.19,1,1621,1621,NE
1174379.053,X_LEG_1,21.75,30.30,0.19,1,1621,1621,NE
1174379.075,X_LEG_1,21.75,30.30,0.19,1,1621,1621,NE
1174379.095,X_LEG_1,21.75,30.30,0.19,1,1621,1621,NE
1174379.115,X_LEG_1,21.60,30.18,0.19,1,1621,1622,NE
1174379.136,X_LEG_1,21.60,30.18,0.19,1,1621,1622,NE
1174379.156,X_LEG_1,21.60,30.18,0.19,1,1621,1622,NE
1174379.177,X_LEG_1,21.60,30.18,0.19,1,1621,1622,NE
1174379.197,X_LEG_1,21.60,30.18,0.19,1,1621,1622,NE
1174379.218,X_LEG_1,21.60,30.18,0.19,1,1621,1622,NE
1174379.238,X_LEG_1,21.60,30.18,0.19,1,1621,1622,NE
1174379.258,X_LEG_1,21.60,30.18,0.19,1,1621,1622,NE
1174379.279,X_LEG_1,21.60,30.18,0.19,1,1621,1622,NE
1174379.300,X_LEG_1,21.60,30.18,0.19,1,1621,1622,NE
1174379.320,X_LEG_1,21.45,30.05,0.18,1,1620,1622,NE
1174379.340,X_LEG_1,21.45,30.05,0.18,1,1620,1622,NE
1174379.361,X_LEG_1,21.45,30.05,0.18,1,1620,1622,NE
1174379.381,X_LEG_1,21.45,30.05,0.18,1,1620,1622,NE
1174379.402,X_LEG_1,21.45,30.05,0.18,1,1620,1622,NE
1174379.422,X_LEG_1,21.30,29.93,0.17,1,1620,1623,NE
1174379.442,X_LEG_1,21.30,29.93,0.17,1,1620,1623,NE
1174379.462,X_LEG_1,21.30,29.93,0.17,1,1620,1623,NE
1174379.483,X_LEG_1,21.30,29.93,0.17,1,1620,1623,NE
1174379.503,X_LEG_1,21.30,29.93,0.17,1,1620,1623,NE
1174379.524,X_LEG_1,21.14,29.81,0.16,1,1619,1623,NE
1174379.544,X_LEG_1,21.14,29.81,0.16,1,1619,1623,NE
1174379.565,X_LEG_1,21.14,29.81,0.16,1,1619,1623,NE
1174379.585,X_LEG_1,21.14,29.81,0.16,1,1619,1623,NE
1174379.606,X_LEG_1,21.14,29.81,0.16,1,1619,1623,NE
1174379.626,X_LEG_1,21.14,29.81,0.16,1,1619,1623,NE
1174379.647,X_LEG_1,21.14,29.81,0.16,1,1619,1623,NE
1174379.667,X_LEG_1,21.14,29.81,0.16,1,1619,1623,NE
1174379.688,X_LEG_1,21.14,29.81,0.16,1,1619,1623,NE
1174379.708,X_LEG_1,21.14,29.81,0.16,1,1619,1623,NE
1174379.729,X_LEG_1,20.98,29.68,0.15,1,1619,1624,NE
1174379.751,X_LEG_1,20.98,29.68,0.15,1,1619,1624,NE
1174379.771,X_LEG_1,20.98,29.68,0.15,1,1619,1624,NE
1174379.792,X_LEG_1,20.98,29.68,0.15,1,1619,1624,NE
1174379.813,X_LEG_1,20.98,29.68,0.15,1,1619,1624,NE
1174379.833,X_LEG_1,20.82,29.56,0.13,1,1618,1624,NE
1174379.854,X_LEG_1,20.82,29.56,0.13,1,1618,1624,NE
1174379.876,X_LEG_1,20.82,29.56,0.13,1,1618,1624,NE
1174379.896,X_LEG_1,20.82,29.56,0.13,1,1618,1624,NE
1174379.917,X_LEG_1,20.82,29.56,0.13,1,1618,1624,NE
1174379.937,X_LEG_1,20.66,29.44,0.14,1,1618,1625,NE
1174379.958,X_LEG_1,20.66,29.44,0.14,1,1618,1625,NE
1174379.978,X_LEG_1,20.66,29.44,0.14,1,1618,1625,NE
1174379.999,X_LEG_1,20.66,29.44,0.14,1,1618,1625,NE
1174380.019,X_LEG_1,20.66,29.44,0.14,1,1618,1625,NE
1174380.039,X_LEG_1,20.66,29.44,0.14,1,1618,1625,NE
1174380.060,X_LEG_1,20.66,29.44,0.14,1,1618,1625,NE
1174380.081,X_LEG_1,20.66,29.44,0.14,1,1618,1625,NE
1174380.101,X_LEG_1,20.66,29.44,0.14,1,1618,1625,NE
1174380.122,X_LEG_1,20.66,29.44,0.14,1,1618,1625,NE
1174380.142,X_LEG_1,20.50,29.31,0.13,1,1617,1625,NE
1174380.162,X_LEG_1,20.50,29.31,0.13,1,1617,1625,NE
1174380.182,X_LEG_1,20.50,29.31,0.13,1,1617,1625,NE
1174380.203,X_LEG_1,20.50,29.31,0.13,1,1617,1625,NE
1174380.223,X_LEG_1,20.50,29.31,0.13,1,1617,1625,NE
1174380.243,X_LEG_1,20.33,29.19,0.10,1,1617,1626,NE
1174380.264,X_LEG_1,20.33,29.19,0.10,1,1617,1626,NE
1174380.284,X_LEG_1,20.33,29.19,0.10,1,1617,1626,NE
1174380.304,X_LEG_1,20.33,29.19,0.10,1,1617,1626,NE
1174380.325,X_LEG_1,20.33,29.19,0.10,1,1617,1626,NE
1174380.346,X_LEG_1,20.16,29.07,0.11,1,1616,1626,NE
1174380.367,X_LEG_1,20.16,29.07,0.11,1,1616,1626,NE
1174380.387,X_LEG_1,20.16,29.07,0.11,1,1616,1626,NE
1174380.408,X_LEG_1,20.16,29.07,0.11,1,1616,1626,NE
1174380.428,X_LEG_1,20.16,29.07,0.11,1,1616,1626,NE
1174380.449,X_LEG_1,19.99,28.95,0.09,1,1616,1627,NE
1174380.469,X_LEG_1,19.99,28.95,0.09,1,1616,1627,NE
1174380.489,X_LEG_1,19.99,28.95,0.09,1,1616,1627,NE
1174380.510,X_LEG_1,19.99,28.95,0.09,1,1616,1627,NE
1174380.530,X_LEG_1,19.99,28.95,0.09,1,1616,1627,NE
1174380.551,X_LEG_1,19.99,28.95,0.09,1,1616,1627,NE
1174380.572,X_LEG_1,19.99,28.95,0.09,1,1616,1627,NE
1174380.592,X_LEG_1,19.99,28.95,0.09,1,1616,1627,NE
1174380.613,X_LEG_1,19.99,28.95,0.09,1,1616,1627,NE
1174380.634,X_LEG_1,19.99,28.95,0.09,1,1616,1627,NE
1174380.654,X_LEG_1,19.82,28.83,0.09,1,1615,1627,NE
1174380.676,X_LEG_1,19.82,28.83,0.09,1,1615,1627,NE
1174380.697,X_LEG_1,19.82,28.83,0.09,1,1615,1627,NE
1174380.717,X_LEG_1,19.82,28.83,0.09,1,1615,1627,NE
1174380.738,X_LEG_1,19.82,28.83,0.09,1,1615,1627,NE
1174380.758,X_LEG_1,19.70,28.74,0.08,1,1615,1627,NE
1174380.779,X_LEG_1,19.70,28.74,0.08,1,1615,1627,NE
1174380.800,X_LEG_1,19.70,28.74,0.08,1,1615,1627,NE
1174380.820,X_LEG_1,19.70,28.74,0.08,1,1615,1627,NE
1174380.840,X_LEG_1,19.70,28.74,0.08,1,1615,1627,NE
1174380.862,X_LEG_1,19.53,28.62,0.06,1,1614,1628,NE
1174380.882,X_LEG_1,19.53,28.62,0.06,1,1614,1628,NE
1174380.902,X_LEG_1,19.53,28.62,0.06,1,1614,1628,NE
1174380.923,X_LEG_1,19.53,28.62,0.06,1,1614,1628,NE
1174380.943,X_LEG_1,19.53,28.62,0.06,1,1614,1628,NE
1174380.964,X_LEG_1,19.41,28.54,0.05,1,1614,1628,NE
1174380.984,X_LEG_1,19.41,28.54,0.05,1,1614,1628,NE
1174381.004,X_LEG_1,19.41,28.54,0.05,1,1614,1628,NE
1174381.025,X_LEG_1,19.41,28.54,0.05,1,1614,1628,NE
1174381.045,X_LEG_1,19.41,28.54,0.05,1,1614,1628,NE
1174381.067,X_LEG_1,19.23,28.42,0.06,1,1614,1629,NE
1174381.087,X_LEG_1,19.23,28.42,0.06,1,1614,1629,NE
1174381.108,X_LEG_1,19.23,28.42,0.06,1,1614,1629,NE
1174381.128,X_LEG_1,19.23,28.42,0.06,1,1614,1629,NE
1174381.149,X_LEG_1,19.23,28.42,0.06,1,1614,1629,NE
1174381.169,X_LEG_1,19.05,28.31,-0.96,1,1613,1629,NE
1174381.189,X_LEG_1,19.05,28.31,-0.96,1,1613,1629,NE
1174381.210,X_LEG_1,19.05,28.31,-0.96,1,1613,1629,NE
1174381.230,X_LEG_1,19.05,28.31,-0.96,1,1613,1629,NE
1174381.251,X_LEG_1,19.05,28.31,-0.96,1,1613,1629,NE
1174381.271,X_LEG_1,19.05,28.31,-0.96,1,1613,1629,NE
1174381.292,X_LEG_1,19.05,28.31,-0.96,1,1613,1629,NE
1174381.312,X_LEG_1,19.05,28.31,-0.96,1,1613,1629,NE
1174381.333,X_LEG_1,19.05,28.31,-0.96,1,1613,1629,NE
1174381.353,X_LEG_1,19.05,28.31,-0.96,1,1613,1629,NE
1174381.374,X_LEG_1,18.86,28.19,-0.98,1,1613,1630,NE
1174381.394,X_LEG_1,18.86,28.19,-0.98,1,1613,1630,NE
1174381.414,X_LEG_1,18.86,28.19,-0.98,1,1613,1630,NE
1174381.435,X_LEG_1,18.86,28.19,-0.98,1,1613,1630,NE
1174381.455,X_LEG_1,18.86,28.19,-0.98,1,1613,1630,NE
1174381.476,X_LEG_1,18.68,28.07,-0.98,1,1612,1630,NE
1174381.496,X_LEG_1,18.68,28.07,-0.98,1,1612,1630,NE
1174381.517,X_LEG_1,18.68,28.07,-0.98,1,1612,1630,NE
1174381.538,X_LEG_1,18.68,28.07,-0.98,1,1612,1630,NE
1174381.558,X_LEG_1,18.68,28.07,-0.98,1,1612,1630,NE
1174381.579,X_LEG_1,18.49,27.95,-0.99,1,1612,1631,NE
1174381.599,X_LEG_1,18.49,27.95,-0.99,1,1612,1631,NE
1174381.620,X_LEG_1,18.49,27.95,-0.99,1,1612,1631,NE
1174381.640,X_LEG_1,18.49,27.95,-0.99,1,1612,1631,NE
1174381.660,X_LEG_1,18.49,27.95,-0.99,1,1612,1631,NE
1174381.681,X_LEG_1,18.30,27.83,-1.01,1,1611,1632,NE
1174381.701,X_LEG_1,18.30,27.83,-1.01,1,1611,1632,NE
1174381.722,X_LEG_1,18.30,27.83,-1.01,1,1611,1632,NE
1174381.742,X_LEG_1,18.30,27.83,-1.01,1,1611,1632,NE
1174381.762,X_LEG_1,18.30,27.83,-1.01,1,1611,1632,NE
1174381.783,X_LEG_1,18.30,27.83,-1.01,1,1611,1632,NE
1174381.803,X_LEG_1,18.30,27.83,-1.01,1,1611,1632,NE
1174381.823,X_LEG_1,18.30,27.83,-1.01,1,1611,1632,NE
1174381.844,X_LEG_1,18.30,27.83,-1.01,1,1611,1632,NE
1174381.865,X_LEG_1,18.30,27.83,-1.01,1,1611,1632,NE
1174381.885,X_LEG_1,18.11,27.71,-0.01,1,1611,1632,NE
1174381.906,X_LEG_1,18.11,27.71,-0.01,1,1611,1632,NE
1174381.926,X_LEG_1,18.11,27.71,-0.01,1,1611,1632,NE
1174381.947,X_LEG_1,18.11,27.71,-0.01,1,1611,1632,NE
1174381.969,X_LEG_1,18.11,27.71,-0.01,1,1611,1632,NE
1174381.989,X_LEG_1,17.92,27.60,-0.02,1,1610,1633,NE
1174382.010,X_LEG_1,17.92,27.60,-0.02,1,1610,1633,NE
1174382.031,X_LEG_1,17.92,27.60,-0.02,1,1610,1633,NE
1174382.051,X_LEG_1,17.92,27.60,-0.02,1,1610,1633,NE
1174382.072,X_LEG_1,17.92,27.60,-0.02,1,1610,1633,NE
1174382.093,X_LEG_1,17.92,27.60,-0.02,1,1610,1633,NE
1174382.114,X_LEG_1,17.92,27.60,-0.02,1,1610,1633,NE
1174382.134,X_LEG_1,17.92,27.60,-0.02,1,1610,1633,NE
1174382.156,X_LEG_1,17.92,27.60,-0.02,1,1610,1633,NE
1174382.176,X_LEG_1,17.92,27.60,-0.02,1,1610,1633,NE
1174382.197,X_LEG_1,17.79,27.52,-0.03,1,1610,1633,NE
1174382.218,X_LEG_1,17.79,27.52,-0.03,1,1610,1633,NE
1174382.239,X_LEG_1,17.79,27.52,-0.03,1,1610,1633,NE
1174382.260,X_LEG_1,17.79,27.52,-0.03,1,1610,1633,NE
1174382.280,X_LEG_1,17.79,27.52,-0.03,1,1610,1633,NE
1174382.300,X_LEG_1,17.59,27.40,-0.04,1,1610,1634,NE
1174382.320,X_LEG_1,17.59,27.40,-0.04,1,1610,1634,NE
1174382.341,X_LEG_1,17.59,27.40,-0.04,1,1610,1634,NE
1174382.361,X_LEG_1,17.59,27.40,-0.04,1,1610,1634,NE
1174382.381,X_LEG_1,17.59,27.40,-0.04,1,1610,1634,NE
1174382.402,X_LEG_1,17.46,27.33,-0.04,1,1609,1634,NE
1174382.422,X_LEG_1,17.46,27.33,-0.04,1,1609,1634,NE
1174382.442,X_LEG_1,17.46,27.33,-0.04,1,1609,1634,NE
1174382.463,X_LEG_1,17.46,27.33,-0.04,1,1609,1634,NE
1174382.483,X_LEG_1,17.46,27.33,-0.04,1,1609,1634,NE
1174382.504,X_LEG_1,17.26,27.21,-0.05,1,1609,1635,NE
1174382.524,X_LEG_1,17.26,27.21,-0.05,1,1609,1635,NE
1174382.545,X_LEG_1,17.26,27.21,-0.05,1,1609,1635,NE
1174382.565,X_LEG_1,17.26,27.21,-0.05,1,1609,1635,NE
1174382.586,X_LEG_1,17.26,27.21,-0.05,1,1609,1635,NE
1174382.606,X_LEG_1,17.26,27.21,-0.05,1,1609,1635,NE
1174382.627,X_LEG_1,17.26,27.21,-0.05,1,1609,1635,NE
1174382.647,X_LEG_1,17.26,27.21,-0.05,1,1609,1635,NE
1174382.667,X_LEG_1,17.26,27.21,-0.05,1,1609,1635,NE
1174382.688,X_LEG_1,17.26,27.21,-0.05,1,1609,1635,NE
1174382.708,X_LEG_1,17.06,27.10,-0.06,1,1608,1635,NE
1174382.728,X_LEG_1,17.06,27.10,-0.06,1,1608,1635,NE
1174382.749,X_LEG_1,17.06,27.10,-0.06,1,1608,1635,NE
1174382.770,X_LEG_1,17.06,27.10,-0.06,1,1608,1635,NE
1174382.790,X_LEG_1,17.06,27.10,-0.06,1,1608,1635,NE
1174382.811,X_LEG_1,16.86,26.99,-0.07,1,1608,1636,NE
1174382.831,X_LEG_1,16.86,26.99,-0.07,1,1608,1636,NE
1174382.851,X_LEG_1,16.86,26.99,-0.07,1,1608,1636,NE
1174382.873,X_LEG_1,16.86,26.99,-0.07,1,1608,1636,NE
1174382.893,X_LEG_1,16.86,26.99,-0.07,1,1608,1636,NE
1174382.914,X_LEG_1,16.66,26.87,-0.09,1,1607,1637,NE
1174382.934,X_LEG_1,16.66,26.87,-0.09,1,1607,1637,NE
1174382.955,X_LEG_1,16.66,26.87,-0.09,1,1607,1637,NE
1174382.975,X_LEG_1,16.66,26.87,-0.09,1,1607,1637,NE
1174382.996,X_LEG_1,16.66,26.87,-0.09,1,1607,1637,NE
1174383.016,X_LEG_1,16.45,26.76,-0.10,1,1607,1637,NE
1174383.037,X_LEG_1,16.45,26.76,-0.10,1,1607,1637,NE
1174383.057,X_LEG_1,16.45,26.76,-0.10,1,1607,1637,NE
1174383.078,X_LEG_1,16.45,26.76,-0.10,1,1607,1637,NE
1174383.098,X_LEG_1,16.45,26.76,-0.10,1,1607,1637,NE
1174383.118,X_LEG_1,16.25,26.64,-0.11,1,1607,1638,NE
1174383.139,X_LEG_1,16.25,26.64,-0.11,1,1607,1638,NE
1174383.159,X_LEG_1,16.25,26.64,-0.11,1,1607,1638,NE
1174383.180,X_LEG_1,16.25,26.64,-0.11,1,1607,1638,NE
1174383.200,X_LEG_1,16.25,26.64,-0.11,1,1607,1638,NE
1174383.220,X_LEG_1,16.04,26.53,-0.13,1,1606,1638,NE
1174383.241,X_LEG_1,16.04,26.53,-0.13,1,1606,1638,NE
1174383.261,X_LEG_1,16.04,26.53,-0.13,1,1606,1638,NE
1174383.281,X_LEG_1,16.04,26.53,-0.13,1,1606,1638,NE
1174383.302,X_LEG_1,16.04,26.53,-0.13,1,1606,1638,NE
1174383.322,X_LEG_1,15.83,26.42,-0.14,1,1606,1639,NE
1174383.342,X_LEG_1,15.83,26.42,-0.14,1,1606,1639,NE
1174383.363,X_LEG_1,15.83,26.42,-0.14,1,1606,1639,NE
1174383.383,X_LEG_1,15.83,26.42,-0.14,1,1606,1639,NE
1174383.404,X_LEG_1,15.83,26.42,-0.14,1,1606,1639,NE
1174383.424,X_LEG_1,15.62,26.31,-0.14,1,1605,1640,NE
1174383.445,X_LEG_1,15.62,26.31,-0.14,1,1605,1640,NE
1174383.465,X_LEG_1,15.62,26.31,-0.14,1,1605,1640,NE
1174383.486,X_LEG_1,15.62,26.31,-0.14,1,1605,1640,NE
1174383.506,X_LEG_1,15.62,26.31,-0.14,1,1605,1640,NE
1174383.527,X_LEG_1,15.62,26.31,-0.14,1,1605,1640,NE
1174383.547,X_LEG_1,15.62,26.31,-0.14,1,1605,1640,NE
1174383.568,X_LEG_1,15.62,26.31,-0.14,1,1605,1640,NE
1174383.588,X_LEG_1,15.62,26.31,-0.14,1,1605,1640,NE
1174383.608,X_LEG_1,15.62,26.31,-0.14,1,1605,1640,NE
1174383.629,X_LEG_1,15.41,26.19,-0.15,1,1605,1640,NE
1174383.649,X_LEG_1,15.41,26.19,-0.15,1,1605,1640,NE
1174383.670,X_LEG_1,15.41,26.19,-0.15,1,1605,1640,NE
1174383.690,X_LEG_1,15.41,26.19,-0.15,1,1605,1640,NE
1174383.711,X_LEG_1,15.41,26.19,-0.15,1,1605,1640,NE
1174383.731,X_LEG_1,15.41,26.19,-0.15,1,1605,1640,NE
1174383.752,X_LEG_1,15.41,26.19,-0.15,1,1605,1640,NE
1174383.772,X_LEG_1,15.41,26.19,-0.15,1,1605,1640,NE
1174383.793,X_LEG_1,15.41,26.19,-0.15,1,1605,1640,NE
1174383.813,X_LEG_1,15.41,26.19,-0.15,1,1605,1640,NE
1174383.834,X_LEG_1,14.98,25.97,-0.17,1,1604,1641,NE
1174383.854,X_LEG_1,14.98,25.97,-0.17,1,1604,1641,NE
1174383.875,X_LEG_1,14.98,25.97,-0.17,1,1604,1641,NE
1174383.895,X_LEG_1,14.98,25.97,-0.17,1,1604,1641,NE
1174383.916,X_LEG_1,14.98,25.97,-0.17,1,1604,1641,NE
1174383.936,X_LEG_1,14.98,25.97,-0.17,1,1604,1641,NE
1174383.957,X_LEG_1,14.98,25.97,-0.17,1,1604,1641,NE
1174383.977,X_LEG_1,14.98,25.97,-0.17,1,1604,1641,NE
1174383.998,X_LEG_1,14.98,25.97,-0.17,1,1604,1641,NE
1174384.019,X_LEG_1,14.98,25.97,-0.17,1,1604,1641,NE
1174384.039,X_LEG_1,14.77,25.86,-0.18,1,1603,1641,NE
1174384.059,X_LEG_1,14.77,25.86,-0.18,1,1603,1641,NE
1174384.079,X_LEG_1,14.77,25.86,-0.18,1,1603,1641,NE
1174384.100,X_LEG_1,14.77,25.86,-0.18,1,1603,1641,NE
1174384.120,X_LEG_1,14.77,25.86,-0.18,1,1603,1641,NE
1174384.140,X_LEG_1,14.55,25.75,-0.18,1,1603,1642,NE
1174384.160,X_LEG_1,14.55,25.75,-0.18,1,1603,1642,NE
1174384.181,X_LEG_1,14.55,25.75,-0.18,1,1603,1642,NE
1174384.202,X_LEG_1,14.55,25.75,-0.18,1,1603,1642,NE
1174384.222,X_LEG_1,14.55,25.75,-0.18,1,1603,1642,NE
1174384.242,X_LEG_1,14.33,25.64,-0.21,1,1603,1643,NE
1174384.263,X_LEG_1,14.33,25.64,-0.21,1,1603,1643,NE
1174384.284,X_LEG_1,14.33,25.64,-0.21,1,1603,1643,NE
1174384.304,X_LEG_1,14.33,25.64,-0.21,1,1603,1643,NE
1174384.325,X_LEG_1,14.33,25.64,-0.21,1,1603,1643,NE
1174384.345,X_LEG_1,14.11,25.54,-0.21,1,1602,1643,NE
1174384.366,X_LEG_1,14.11,25.54,-0.21,1,1602,1643,NE
1174384.386,X_LEG_1,14.11,25.54,-0.21,1,1602,1643,NE
1174384.406,X_LEG_1,14.11,25.54,-0.21,1,1602,1643,NE
1174384.427,X_LEG_1,14.11,25.54,-0.21,1,1602,1643,NE
1174384.448,X_LEG_1,13.89,25.54,-0.21,1,1602,1644,NE
1174384.468,X_LEG_1,13.89,25.54,-0.21,1,1602,1644,NE
1174384.489,X_LEG_1,13.89,25.54,-0.21,1,1602,1644,NE
1174384.510,X_LEG_1,13.89,25.54,-0.21,1,1602,1644,NE
1174384.531,X_LEG_1,13.89,25.54,-0.21,1,1602,1644,NE
1174384.552,X_LEG_1,13.67,25.31,-0.23,1,1601,1644,NE
1174384.572,X_LEG_1,13.67,25.31,-0.23,1,1601,1644,NE
1174384.592,X_LEG_1,13.67,25.31,-0.23,1,1601,1644,NE
1174384.613,X_LEG_1,13.67,25.31,-0.23,1,1601,1644,NE
1174384.633,X_LEG_1,13.67,25.31,-0.23,1,1601,1644,NE
1174384.654,X_LEG_1,13.67,25.31,-0.23,1,1601,1644,NE
1174384.674,X_LEG_1,13.67,25.31,-0.23,1,1601,1644,NE
1174384.695,X_LEG_1,13.67,25.31,-0.23,1,1601,1644,NE
1174384.715,X_LEG_1,13.67,25.31,-0.23,1,1601,1644,NE
1174384.737,X_LEG_1,13.67,25.31,-0.23,1,1601,1644,NE
1174384.757,X_LEG_1,13.67,25.31,-0.23,1,1601,1644,NE
1174384.778,X_LEG_1,13.67,25.31,-0.23,1,1601,1644,NE
1174384.800,X_LEG_1,13.67,25.31,-0.23,1,1601,1644,NE
1174384.820,X_LEG_1,13.67,25.31,-0.23,1,1601,1644,NE
1174384.841,X_LEG_1,13.67,25.31,-0.23,1,1601,1644,NE
1174384.862,X_LEG_1,13.45,25.21,-0.25,1,1601,1645,NE
1174384.882,X_LEG_1,13.45,25.21,-0.25,1,1601,1645,NE
1174384.902,X_LEG_1,13.45,25.21,-0.25,1,1601,1645,NE
1174384.922,X_LEG_1,13.45,25.21,-0.25,1,1601,1645,NE
1174384.943,X_LEG_1,13.45,25.21,-0.25,1,1601,1645,NE
1174384.963,X_LEG_1,13.23,25.11,-0.25,1,1600,1646,NE
1174384.984,X_LEG_1,13.23,25.11,-0.25,1,1600,1646,NE
1174385.004,X_LEG_1,13.23,25.11,-0.25,1,1600,1646,NE
1174385.025,X_LEG_1,13.23,25.11,-0.25,1,1600,1646,NE
1174385.045,X_LEG_1,13.23,25.11,-0.25,1,1600,1646,NE
1174385.066,X_LEG_1,13.00,25.00,-0.25,1,1600,1647,NE
1174385.086,X_LEG_1,13.00,25.00,-0.25,1,1600,1647,NE
1174385.106,X_LEG_1,13.00,25.00,-0.25,1,1600,1647,NE
1174385.127,X_LEG_1,13.00,25.00,-0.25,1,1600,1647,NE
1174385.147,X_LEG_1,13.00,25.00,-0.25,1,1600,1647,NE
1174385.168,X_LEG_1,12.78,24.89,-0.28,1,1600,1647,NE
1174385.189,X_LEG_1,12.78,24.89,-0.28,1,1600,1647,NE
1174385.209,X_LEG_1,12.78,24.89,-0.28,1,1600,1647,NE
1174385.229,X_LEG_1,12.78,24.89,-0.28,1,1600,1647,NE
1174385.251,X_LEG_1,12.78,24.89,-0.28,1,1600,1647,NE
1174385.271,X_LEG_1,12.55,24.78,-0.28,1,1599,1648,NE
1174385.292,X_LEG_1,12.55,24.78,-0.28,1,1599,1648,NE
1174385.312,X_LEG_1,12.55,24.78,-0.28,1,1599,1648,NE
1174385.333,X_LEG_1,12.55,24.78,-0.28,1,1599,1648,NE
1174385.354,X_LEG_1,12.55,24.78,-0.28,1,1599,1648,NE
1174385.374,X_LEG_1,12.33,24.68,-0.30,1,1599,1649,NE
1174385.395,X_LEG_1,12.33,24.68,-0.30,1,1599,1649,NE
1174385.415,X_LEG_1,12.33,24.68,-0.30,1,1599,1649,NE
1174385.435,X_LEG_1,12.33,24.68,-0.30,1,1599,1649,NE
1174385.456,X_LEG_1,12.33,24.68,-0.30,1,1599,1649,NE
1174385.476,X_LEG_1,12.10,24.58,-0.30,1,1598,1649,NE
1174385.497,X_LEG_1,12.10,24.58,-0.30,1,1598,1649,NE
1174385.517,X_LEG_1,12.10,24.58,-0.30,1,1598,1649,NE
1174385.538,X_LEG_1,12.10,24.58,-0.30,1,1598,1649,NE
1174385.558,X_LEG_1,12.10,24.58,-0.30,1,1598,1649,NE
1174385.579,X_LEG_1,12.10,24.58,-0.30,1,1598,1649,NE
1174385.599,X_LEG_1,12.10,24.58,-0.30,1,1598,1649,NE
1174385.620,X_LEG_1,12.10,24.58,-0.30,1,1598,1649,NE
1174385.640,X_LEG_1,12.10,24.58,-0.30,1,1598,1649,NE
1174385.661,X_LEG_1,12.10,24.58,-0.30,1,1598,1649,NE
1174385.682,X_LEG_1,11.87,24.48,-0.32,1,1598,1650,NE
1174385.702,X_LEG_1,11.87,24.48,-0.32,1,1598,1650,NE
1174385.722,X_LEG_1,11.87,24.48,-0.32,1,1598,1650,NE
1174385.743,X_LEG_1,11.87,24.48,-0.32,1,1598,1650,NE
1174385.763,X_LEG_1,11.87,24.48,-0.32,1,1598,1650,NE
1174385.785,X_LEG_1,11.87,24.48,-0.32,1,1598,1650,NE
1174385.805,X_LEG_1,11.87,24.48,-0.32,1,1598,1650,NE
1174385.825,X_LEG_1,11.87,24.48,-0.32,1,1598,1650,NE
1174385.846,X_LEG_1,11.87,24.48,-0.32,1,1598,1650,NE
1174385.866,X_LEG_1,11.87,24.48,-0.32,1,1598,1650,NE
1174385.887,X_LEG_1,11.64,24.37,-0.32,1,1597,1651,NE
1174385.907,X_LEG_1,11.64,24.37,-0.32,1,1597,1651,NE
1174385.927,X_LEG_1,11.64,24.37,-0.32,1,1597,1651,NE
1174385.948,X_LEG_1,11.64,24.37,-0.32,1,1597,1651,NE
1174385.968,X_LEG_1,11.64,24.37,-0.32,1,1597,1651,NE
1174385.989,X_LEG_1,11.41,24.27,-0.34,1,1597,1651,NE
1174386.009,X_LEG_1,11.41,24.27,-0.34,1,1597,1651,NE
1174386.030,X_LEG_1,11.41,24.27,-0.34,1,1597,1651,NE
1174386.050,X_LEG_1,11.41,24.27,-0.34,1,1597,1651,NE
1174386.070,X_LEG_1,11.41,24.27,-0.34,1,1597,1651,NE
1174386.090,X_LEG_1,11.19,24.16,-0.34,1,1597,1652,NE
1174386.111,X_LEG_1,11.19,24.16,-0.34,1,1597,1652,NE
1174386.131,X_LEG_1,11.19,24.16,-0.34,1,1597,1652,NE
1174386.151,X_LEG_1,11.19,24.16,-0.34,1,1597,1652,NE
1174386.172,X_LEG_1,11.19,24.16,-0.34,1,1597,1652,NE
1174386.192,X_LEG_1,10.96,24.06,-0.36,1,1596,1653,NE
1174386.213,X_LEG_1,10.96,24.06,-0.36,1,1596,1653,NE
1174386.233,X_LEG_1,10.96,24.06,-0.36,1,1596,1653,NE
1174386.254,X_LEG_1,10.96,24.06,-0.36,1,1596,1653,NE
1174386.274,X_LEG_1,10.96,24.06,-0.36,1,1596,1653,NE
1174386.295,X_LEG_1,10.73,24.06,-0.36,1,1596,1653,NE
1174386.315,X_LEG_1,10.73,24.06,-0.36,1,1596,1653,NE
1174386.336,X_LEG_1,10.73,24.06,-0.36,1,1596,1653,NE
1174386.357,X_LEG_1,10.73,24.06,-0.36,1,1596,1653,NE
1174386.377,X_LEG_1,10.73,24.06,-0.36,1,1596,1653,NE
1174386.398,X_LEG_1,10.73,23.95,-0.37,1,1596,1653,NE
1174386.418,X_LEG_1,10.73,23.95,-0.37,1,1596,1653,NE
1174386.439,X_LEG_1,10.73,23.95,-0.37,1,1596,1653,NE
1174386.459,X_LEG_1,10.73,23.95,-0.37,1,1596,1653,NE
1174386.480,X_LEG_1,10.73,23.95,-0.37,1,1596,1653,NE
1174386.500,X_LEG_1,10.49,23.85,-0.39,1,1595,1654,NE
1174386.520,X_LEG_1,10.49,23.85,-0.39,1,1595,1654,NE
1174386.541,X_LEG_1,10.49,23.85,-0.39,1,1595,1654,NE
1174386.561,X_LEG_1,10.49,23.85,-0.39,1,1595,1654,NE
1174386.581,X_LEG_1,10.49,23.85,-0.39,1,1595,1654,NE
1174386.601,X_LEG_1,10.26,23.76,-0.39,1,1595,1655,NE
1174386.622,X_LEG_1,10.26,23.76,-0.39,1,1595,1655,NE
1174386.642,X_LEG_1,10.26,23.76,-0.39,1,1595,1655,NE
1174386.663,X_LEG_1,10.26,23.76,-0.39,1,1595,1655,NE
1174386.684,X_LEG_1,10.26,23.76,-0.39,1,1595,1655,NE
1174386.704,X_LEG_1,10.26,23.76,-0.39,1,1595,1655,NE
1174386.725,X_LEG_1,10.26,23.76,-0.39,1,1595,1655,NE
1174386.746,X_LEG_1,10.26,23.76,-0.39,1,1595,1655,NE
1174386.766,X_LEG_1,10.26,23.76,-0.39,1,1595,1655,NE
1174386.787,X_LEG_1,10.26,23.76,-0.39,1,1595,1655,NE
1174386.807,X_LEG_1,10.03,23.65,-0.39,1,1595,1655,NE
1174386.828,X_LEG_1,10.03,23.65,-0.39,1,1595,1655,NE
1174386.848,X_LEG_1,10.03,23.65,-0.39,1,1595,1655,NE
1174386.869,X_LEG_1,10.03,23.65,-0.39,1,1595,1655,NE
1174386.889,X_LEG_1,10.03,23.65,-0.39,1,1595,1655,NE
1174386.910,X_LEG_1,9.80,23.55,-0.41,1,1594,1656,NE
1174386.930,X_LEG_1,9.80,23.55,-0.41,1,1594,1656,NE
1174386.951,X_LEG_1,9.80,23.55,-0.41,1,1594,1656,NE
1174386.971,X_LEG_1,9.80,23.55,-0.41,1,1594,1656,NE
1174386.992,X_LEG_1,9.80,23.55,-0.41,1,1594,1656,NE
1174387.012,X_LEG_1,9.57,23.45,-0.42,1,1594,1657,NE
1174387.033,X_LEG_1,9.57,23.45,-0.42,1,1594,1657,NE
1174387.054,X_LEG_1,9.57,23.45,-0.42,1,1594,1657,NE
1174387.074,X_LEG_1,9.57,23.45,-0.42,1,1594,1657,NE
1174387.094,X_LEG_1,9.57,23.45,-0.42,1,1594,1657,NE
1174387.115,X_LEG_1,9.33,23.35,-0.44,1,1593,1658,NE
1174387.135,X_LEG_1,9.33,23.35,-0.44,1,1593,1658,NE
1174387.155,X_LEG_1,9.33,23.35,-0.44,1,1593,1658,NE
1174387.175,X_LEG_1,9.33,23.35,-0.44,1,1593,1658,NE
1174387.196,X_LEG_1,9.33,23.35,-0.44,1,1593,1658,NE
1174387.216,X_LEG_1,9.33,23.35,-0.44,1,1593,1658,NE
1174387.237,X_LEG_1,9.33,23.35,-0.44,1,1593,1658,NE
1174387.257,X_LEG_1,9.33,23.35,-0.44,1,1593,1658,NE
1174387.278,X_LEG_1,9.33,23.35,-0.44,1,1593,1658,NE
1174387.298,X_LEG_1,9.33,23.35,-0.44,1,1593,1658,NE
1174387.318,X_LEG_1,9.10,23.26,-0.45,1,1593,1658,NE
1174387.339,X_LEG_1,9.10,23.26,-0.45,1,1593,1658,NE
1174387.359,X_LEG_1,9.10,23.26,-0.45,1,1593,1658,NE
1174387.380,X_LEG_1,9.10,23.26,-0.45,1,1593,1658,NE
1174387.400,X_LEG_1,9.10,23.26,-0.45,1,1593,1658,NE
1174387.421,X_LEG_1,8.87,23.15,-0.45,1,1593,1659,NE
1174387.441,X_LEG_1,8.87,23.15,-0.45,1,1593,1659,NE
1174387.462,X_LEG_1,8.87,23.15,-0.45,1,1593,1659,NE
1174387.482,X_LEG_1,8.87,23.15,-0.45,1,1593,1659,NE
1174387.502,X_LEG_1,8.87,23.15,-0.45,1,1593,1659,NE
1174387.523,X_LEG_1,8.63,23.05,-0.47,1,1592,1660,NE
1174387.543,X_LEG_1,8.63,23.05,-0.47,1,1592,1660,NE
1174387.564,X_LEG_1,8.63,23.05,-0.47,1,1592,1660,NE
1174387.584,X_LEG_1,8.63,23.05,-0.47,1,1592,1660,NE
1174387.605,X_LEG_1,8.63,23.05,-0.47,1,1592,1660,NE
1174387.625,X_LEG_1,8.40,22.96,-0.47,1,1592,1660,NE
1174387.646,X_LEG_1,8.40,22.96,-0.47,1,1592,1660,NE
1174387.666,X_LEG_1,8.40,22.96,-0.47,1,1592,1660,NE
1174387.687,X_LEG_1,8.40,22.96,-0.47,1,1592,1660,NE
1174387.707,X_LEG_1,8.40,22.96,-0.47,1,1592,1660,NE
1174387.727,X_LEG_1,8.40,22.96,-0.47,1,1592,1660,NE
1174387.748,X_LEG_1,8.40,22.96,-0.47,1,1592,1660,NE
1174387.768,X_LEG_1,8.40,22.96,-0.47,1,1592,1660,NE
1174387.788,X_LEG_1,8.40,22.96,-0.47,1,1592,1660,NE
1174387.809,X_LEG_1,8.40,22.96,-0.47,1,1592,1660,NE
1174387.829,X_LEG_1,8.17,22.86,-0.48,1,1591,1661,NE
1174387.850,X_LEG_1,8.17,22.86,-0.48,1,1591,1661,NE
1174387.871,X_LEG_1,8.17,22.86,-0.48,1,1591,1661,NE
1174387.891,X_LEG_1,8.17,22.86,-0.48,1,1591,1661,NE
1174387.911,X_LEG_1,8.17,22.86,-0.48,1,1591,1661,NE
1174387.932,X_LEG_1,7.93,22.76,-0.50,1,1591,1662,NE
1174387.953,X_LEG_1,7.93,22.76,-0.50,1,1591,1662,NE
1174387.973,X_LEG_1,7.93,22.76,-0.50,1,1591,1662,NE
1174387.994,X_LEG_1,7.93,22.76,-0.50,1,1591,1662,NE
1174388.014,X_LEG_1,7.93,22.76,-0.50,1,1591,1662,NE
1174388.035,X_LEG_1,7.70,22.67,-0.51,1,1591,1662,NE
1174388.056,X_LEG_1,7.70,22.67,-0.51,1,1591,1662,NE
1174388.076,X_LEG_1,7.70,22.67,-0.51,1,1591,1662,NE
1174388.097,X_LEG_1,7.70,22.67,-0.51,1,1591,1662,NE
1174388.117,X_LEG_1,7.70,22.67,-0.51,1,1591,1662,NE
1174388.137,X_LEG_1,7.47,22.57,-0.53,1,1590,1663,NE
1174388.158,X_LEG_1,7.47,22.57,-0.53,1,1590,1663,NE
1174388.179,X_LEG_1,7.47,22.57,-0.53,1,1590,1663,NE
1174388.199,X_LEG_1,7.47,22.57,-0.53,1,1590,1663,NE
1174388.220,X_LEG_1,7.47,22.57,-0.53,1,1590,1663,NE
1174388.241,X_LEG_1,7.47,22.57,-0.53,1,1590,1663,NE
1174388.261,X_LEG_1,7.47,22.57,-0.53,1,1590,1663,NE
1174388.282,X_LEG_1,7.47,22.57,-0.53,1,1590,1663,NE
1174388.302,X_LEG_1,7.47,22.57,-0.53,1,1590,1663,NE
1174388.322,X_LEG_1,7.47,22.57,-0.53,1,1590,1663,NE
1174388.342,X_LEG_1,7.24,22.47,-0.54,1,1590,1664,NE
1174388.363,X_LEG_1,7.24,22.47,-0.54,1,1590,1664,NE
1174388.383,X_LEG_1,7.24,22.47,-0.54,1,1590,1664,NE
1174388.404,X_LEG_1,7.24,22.47,-0.54,1,1590,1664,NE
1174388.425,X_LEG_1,7.24,22.47,-0.54,1,1590,1664,NE
1174388.446,X_LEG_1,7.00,22.38,-0.54,1,1590,1665,NE
1174388.467,X_LEG_1,7.00,22.38,-0.54,1,1590,1665,NE
1174388.486,X_LEG_1,7.00,22.38,-0.54,1,1590,1665,NE
1174388.507,X_LEG_1,7.00,22.38,-0.54,1,1590,1665,NE
1174388.527,X_LEG_1,7.00,22.38,-0.54,1,1590,1665,NE
1174388.548,X_LEG_1,6.85,22.31,-0.56,1,1589,1665,NE
1174388.568,X_LEG_1,6.85,22.31,-0.56,1,1589,1665,NE
1174388.588,X_LEG_1,6.85,22.31,-0.56,1,1589,1665,NE
1174388.609,X_LEG_1,6.85,22.31,-0.56,1,1589,1665,NE
1174388.630,X_LEG_1,6.85,22.31,-0.56,1,1589,1665,NE
1174388.651,X_LEG_1,6.69,22.25,-0.56,1,1589,1665,NE
1174388.671,X_LEG_1,6.69,22.25,-0.56,1,1589,1665,NE
1174388.692,X_LEG_1,6.69,22.25,-0.56,1,1589,1665,NE
1174388.712,X_LEG_1,6.69,22.25,-0.56,1,1589,1665,NE
1174388.733,X_LEG_1,6.69,22.25,-0.56,1,1589,1665,NE
1174388.754,X_LEG_1,6.69,22.25,-0.56,1,1589,1665,NE
1174388.775,X_LEG_1,6.69,22.25,-0.56,1,1589,1665,NE
1174388.795,X_LEG_1,6.69,22.25,-0.56,1,1589,1665,NE
1174388.817,X_LEG_1,6.69,22.25,-0.56,1,1589,1665,NE
1174388.838,X_LEG_1,6.69,22.25,-0.56,1,1589,1665,NE
1174388.858,X_LEG_1,6.46,22.16,-0.56,1,1589,1666,NE
1174388.879,X_LEG_1,6.46,22.16,-0.56,1,1589,1666,NE
1174388.899,X_LEG_1,6.46,22.16,-0.56,1,1589,1666,NE
1174388.920,X_LEG_1,6.46,22.16,-0.56,1,1589,1666,NE
1174388.942,X_LEG_1,6.46,22.16,-0.56,1,1589,1666,NE
1174388.962,X_LEG_1,6.23,22.06,-0.57,1,1588,1667,NE
1174388.982,X_LEG_1,6.23,22.06,-0.57,1,1588,1667,NE
1174389.004,X_LEG_1,6.23,22.06,-0.57,1,1588,1667,NE
1174389.024,X_LEG_1,6.23,22.06,-0.57,1,1588,1667,NE
1174389.045,X_LEG_1,6.23,22.06,-0.57,1,1588,1667,NE
1174389.065,X_LEG_1,6.00,21.97,-0.58,1,1588,1668,NE
1174389.086,X_LEG_1,6.00,21.97,-0.58,1,1588,1668,NE
1174389.106,X_LEG_1,6.00,21.97,-0.58,1,1588,1668,NE
1174389.127,X_LEG_1,6.00,21.97,-0.58,1,1588,1668,NE
1174389.147,X_LEG_1,6.00,21.97,-0.58,1,1588,1668,NE
1174389.168,X_LEG_1,5.85,21.91,-0.61,1,1588,1668,NE
1174389.188,X_LEG_1,5.85,21.91,-0.61,1,1588,1668,NE
1174389.209,X_LEG_1,5.85,21.91,-0.61,1,1588,1668,NE
1174389.229,X_LEG_1,5.85,21.91,-0.61,1,1588,1668,NE
1174389.249,X_LEG_1,5.85,21.91,-0.61,1,1588,1668,NE
1174389.271,X_LEG_1,5.85,21.91,-0.61,1,1588,1668,NE
1174389.291,X_LEG_1,5.85,21.91,-0.61,1,1588,1668,NE
1174389.312,X_LEG_1,5.85,21.91,-0.61,1,1588,1668,NE
1174389.333,X_LEG_1,5.85,21.91,-0.61,1,1588,1668,NE
1174389.353,X_LEG_1,5.85,21.91,-0.61,1,1588,1668,NE
1174389.374,X_LEG_1,5.62,21.82,-0.62,1,1587,1669,NE
1174389.394,X_LEG_1,5.62,21.82,-0.62,1,1587,1669,NE
1174389.415,X_LEG_1,5.62,21.82,-0.62,1,1587,1669,NE
1174389.435,X_LEG_1,5.62,21.82,-0.62,1,1587,1669,NE
1174389.456,X_LEG_1,5.62,21.82,-0.62,1,1587,1669,NE
1174389.476,X_LEG_1,5.39,21.72,-0.63,1,1587,1669,NE
1174389.496,X_LEG_1,5.39,21.72,-0.63,1,1587,1669,NE
1174389.517,X_LEG_1,5.39,21.72,-0.63,1,1587,1669,NE
1174389.537,X_LEG_1,5.39,21.72,-0.63,1,1587,1669,NE
1174389.557,X_LEG_1,5.39,21.72,-0.63,1,1587,1669,NE
1174389.578,X_LEG_1,5.16,21.63,-0.63,1,1587,1670,NE
1174389.598,X_LEG_1,5.16,21.63,-0.63,1,1587,1670,NE
1174389.618,X_LEG_1,5.16,21.63,-0.63,1,1587,1670,NE
1174389.639,X_LEG_1,5.16,21.63,-0.63,1,1587,1670,NE
1174389.659,X_LEG_1,5.16,21.63,-0.63,1,1587,1670,NE
1174389.680,X_LEG_1,5.16,21.63,-0.63,1,1587,1670,NE
1174389.700,X_LEG_1,5.16,21.63,-0.63,1,1587,1670,NE
1174389.721,X_LEG_1,5.16,21.63,-0.63,1,1587,1670,NE
1174389.741,X_LEG_1,5.16,21.63,-0.63,1,1587,1670,NE
1174389.761,X_LEG_1,5.16,21.63,-0.63,1,1587,1670,NE
1174389.782,X_LEG_1,4.93,21.54,-0.62,1,1586,1671,NE
1174389.802,X_LEG_1,4.93,21.54,-0.62,1,1586,1671,NE
1174389.822,X_LEG_1,4.93,21.54,-0.62,1,1586,1671,NE
1174389.842,X_LEG_1,4.93,21.54,-0.62,1,1586,1671,NE
1174389.863,X_LEG_1,4.93,21.54,-0.62,1,1586,1671,NE
1174389.884,X_LEG_1,4.70,21.45,-0.65,1,1586,1671,NE
1174389.904,X_LEG_1,4.70,21.45,-0.65,1,1586,1671,NE
1174389.924,X_LEG_1,4.70,21.45,-0.65,1,1586,1671,NE
1174389.945,X_LEG_1,4.70,21.45,-0.65,1,1586,1671,NE
1174389.965,X_LEG_1,4.70,21.45,-0.65,1,1586,1671,NE
1174389.986,X_LEG_1,4.48,21.36,-0.66,1,1585,1672,NE
1174390.006,X_LEG_1,4.48,21.36,-0.66,1,1585,1672,NE
1174390.027,X_LEG_1,4.48,21.36,-0.66,1,1585,1672,NE
1174390.047,X_LEG_1,4.48,21.36,-0.66,1,1585,1672,NE
1174390.068,X_LEG_1,4.48,21.36,-0.66,1,1585,1672,NE
1174390.089,X_LEG_1,4.25,21.26,-0.67,1,1585,1673,NE
1174390.109,X_LEG_1,4.25,21.26,-0.67,1,1585,1673,NE
1174390.130,X_LEG_1,4.25,21.26,-0.67,1,1585,1673,NE
1174390.151,X_LEG_1,4.25,21.26,-0.67,1,1585,1673,NE
1174390.171,X_LEG_1,4.25,21.26,-0.67,1,1585,1673,NE
1174390.191,X_LEG_1,4.25,21.26,-0.67,1,1585,1673,NE
1174390.211,X_LEG_1,4.25,21.26,-0.67,1,1585,1673,NE
1174390.232,X_LEG_1,4.25,21.26,-0.67,1,1585,1673,NE
1174390.252,X_LEG_1,4.25,21.26,-0.67,1,1585,1673,NE
1174390.273,X_LEG_1,4.25,21.26,-0.67,1,1585,1673,NE
1174390.293,X_LEG_1,4.03,21.18,-0.69,1,1585,1673,NE
1174390.314,X_LEG_1,4.03,21.18,-0.69,1,1585,1673,NE
1174390.335,X_LEG_1,4.03,21.18,-0.69,1,1585,1673,NE
1174390.355,X_LEG_1,4.03,21.18,-0.69,1,1585,1673,NE
1174390.376,X_LEG_1,4.03,21.18,-0.69,1,1585,1673,NE
1174390.397,X_LEG_1,3.80,21.08,-0.70,1,1584,1674,NE
1174390.417,X_LEG_1,3.80,21.08,-0.70,1,1584,1674,NE
1174390.438,X_LEG_1,3.80,21.08,-0.70,1,1584,1674,NE
1174390.458,X_LEG_1,3.80,21.08,-0.70,1,1584,1674,NE
1174390.479,X_LEG_1,3.80,21.08,-0.70,1,1584,1674,NE
1174390.499,X_LEG_1,3.58,21.00,-0.71,1,1584,1675,NE
1174390.520,X_LEG_1,3.58,21.00,-0.71,1,1584,1675,NE
1174390.540,X_LEG_1,3.58,21.00,-0.71,1,1584,1675,NE
1174390.561,X_LEG_1,3.58,21.00,-0.71,1,1584,1675,NE
1174390.581,X_LEG_1,3.58,21.00,-0.71,1,1584,1675,NE
1174390.602,X_LEG_1,3.35,20.91,-0.72,1,1584,1675,NE
1174390.622,X_LEG_1,3.35,20.91,-0.72,1,1584,1675,NE
1174390.643,X_LEG_1,3.35,20.91,-0.72,1,1584,1675,NE
1174390.663,X_LEG_1,3.35,20.91,-0.72,1,1584,1675,NE
1174390.684,X_LEG_1,3.35,20.91,-0.72,1,1584,1675,NE
1174390.704,X_LEG_1,3.13,20.81,-0.73,1,1583,1676,NE
1174390.725,X_LEG_1,3.13,20.81,-0.73,1,1583,1676,NE
1174390.745,X_LEG_1,3.13,20.81,-0.73,1,1583,1676,NE
1174390.765,X_LEG_1,3.13,20.81,-0.73,1,1583,1676,NE
1174390.786,X_LEG_1,3.13,20.81,-0.73,1,1583,1676,NE
1174390.806,X_LEG_1,3.13,20.81,-0.73,1,1583,1676,NE
1174390.827,X_LEG_1,3.13,20.81,-0.73,1,1583,1676,NE
1174390.847,X_LEG_1,3.13,20.81,-0.73,1,1583,1676,NE
1174390.868,X_LEG_1,3.13,20.81,-0.73,1,1583,1676,NE
1174390.888,X_LEG_1,3.13,20.81,-0.73,1,1583,1676,NE
1174390.909,X_LEG_1,2.91,20.73,-0.74,1,1583,1677,NE
1174390.929,X_LEG_1,2.91,20.73,-0.74,1,1583,1677,NE
1174390.950,X_LEG_1,2.91,20.73,-0.74,1,1583,1677,NE
1174390.970,X_LEG_1,2.91,20.73,-0.74,1,1583,1677,NE
1174390.991,X_LEG_1,2.91,20.73,-0.74,1,1583,1677,NE
1174391.011,X_LEG_1,2.69,20.64,-0.75,1,1583,1677,NE
1174391.032,X_LEG_1,2.69,20.64,-0.75,1,1583,1677,NE
1174391.052,X_LEG_1,2.69,20.64,-0.75,1,1583,1677,NE
1174391.073,X_LEG_1,2.69,20.64,-0.75,1,1583,1677,NE
1174391.093,X_LEG_1,2.69,20.64,-0.75,1,1583,1677,NE
1174391.114,X_LEG_1,2.47,20.56,-0.76,1,1582,1678,NE
1174391.134,X_LEG_1,2.47,20.56,-0.76,1,1582,1678,NE
1174391.155,X_LEG_1,2.47,20.56,-0.76,1,1582,1678,NE
1174391.175,X_LEG_1,2.47,20.56,-0.76,1,1582,1678,NE
1174391.196,X_LEG_1,2.47,20.56,-0.76,1,1582,1678,NE
1174391.217,X_LEG_1,2.26,20.46,-0.77,1,1582,1679,NE
1174391.237,X_LEG_1,2.26,20.46,-0.77,1,1582,1679,NE
1174391.257,X_LEG_1,2.26,20.46,-0.77,1,1582,1679,NE
1174391.278,X_LEG_1,2.26,20.46,-0.77,1,1582,1679,NE
1174391.298,X_LEG_1,2.26,20.46,-0.77,1,1582,1679,NE
1174391.319,X_LEG_1,2.26,20.46,-0.77,1,1582,1679,NE
1174391.340,X_LEG_1,2.26,20.46,-0.77,1,1582,1679,NE
1174391.360,X_LEG_1,2.26,20.46,-0.77,1,1582,1679,NE
1174391.381,X_LEG_1,2.26,20.46,-0.77,1,1582,1679,NE
1174391.401,X_LEG_1,2.26,20.46,-0.77,1,1582,1679,NE
1174391.421,X_LEG_1,2.04,20.38,-0.78,1,1582,1679,NE
1174391.442,X_LEG_1,2.04,20.38,-0.78,1,1582,1679,NE
1174391.463,X_LEG_1,2.04,20.38,-0.78,1,1582,1679,NE
1174391.483,X_LEG_1,2.04,20.38,-0.78,1,1582,1679,NE
1174391.503,X_LEG_1,2.04,20.38,-0.78,1,1582,1679,NE
1174391.524,X_LEG_1,1.83,20.30,-0.81,1,1581,1680,NE
1174391.544,X_LEG_1,1.83,20.30,-0.81,1,1581,1680,NE
1174391.565,X_LEG_1,1.83,20.30,-0.81,1,1581,1680,NE
1174391.586,X_LEG_1,1.83,20.30,-0.81,1,1581,1680,NE
1174391.606,X_LEG_1,1.83,20.30,-0.81,1,1581,1680,NE
1174391.627,X_LEG_1,1.61,20.21,-0.80,1,1581,1681,NE
1174391.647,X_LEG_1,1.61,20.21,-0.80,1,1581,1681,NE
1174391.668,X_LEG_1,1.61,20.21,-0.80,1,1581,1681,NE
1174391.688,X_LEG_1,1.61,20.21,-0.80,1,1581,1681,NE
1174391.708,X_LEG_1,1.61,20.21,-0.80,1,1581,1681,NE
1174391.729,X_LEG_1,1.40,20.12,-0.83,1,1580,1681,NE
1174391.749,X_LEG_1,1.40,20.12,-0.83,1,1580,1681,NE
1174391.770,X_LEG_1,1.40,20.12,-0.83,1,1580,1681,NE
1174391.790,X_LEG_1,1.40,20.12,-0.83,1,1580,1681,NE
1174391.811,X_LEG_1,1.40,20.12,-0.83,1,1580,1681,NE
1174391.831,X_LEG_1,1.19,20.03,-0.83,1,1580,1682,NE
1174391.852,X_LEG_1,1.19,20.03,-0.83,1,1580,1682,NE
1174391.873,X_LEG_1,1.19,20.03,-0.83,1,1580,1682,NE
1174391.893,X_LEG_1,1.19,20.03,-0.83,1,1580,1682,NE
1174391.914,X_LEG_1,1.19,20.03,-0.83,1,1580,1682,NE
1174391.935,X_LEG_1,1.19,20.03,-0.83,1,1580,1682,NE
1174391.956,X_LEG_1,1.19,20.03,-0.83,1,1580,1682,NE
1174391.976,X_LEG_1,1.19,20.03,-0.83,1,1580,1682,NE
1174391.997,X_LEG_1,1.19,20.03,-0.83,1,1580,1682,NE
1174392.017,X_LEG_1,1.19,20.03,-0.83,1,1580,1682,NE
1174392.038,X_LEG_1,0.98,19.95,-0.84,1,1580,1683,NE
1174392.059,X_LEG_1,0.98,19.95,-0.84,1,1580,1683,NE
1174392.079,X_LEG_1,0.98,19.95,-0.84,1,1580,1683,NE
1174392.099,X_LEG_1,0.98,19.95,-0.84,1,1580,1683,NE
1174392.120,X_LEG_1,0.98,19.95,-0.84,1,1580,1683,NE
1174392.141,X_LEG_1,0.85,19.90,-0.86,1,1580,1683,NE
1174392.161,X_LEG_1,0.85,19.90,-0.86,1,1580,1683,NE
1174392.182,X_LEG_1,0.85,19.90,-0.86,1,1580,1683,NE
1174392.202,X_LEG_1,0.85,19.90,-0.86,1,1580,1683,NE
1174392.222,X_LEG_1,0.85,19.90,-0.86,1,1580,1683,NE
1174392.243,X_LEG_1,0.64,19.81,-0.85,1,1579,1684,NE
1174392.264,X_LEG_1,0.64,19.81,-0.85,1,1579,1684,NE
1174392.284,X_LEG_1,0.64,19.81,-0.85,1,1579,1684,NE
1174392.304,X_LEG_1,0.64,19.81,-0.85,1,1579,1684,NE
1174392.325,X_LEG_1,0.64,19.81,-0.85,1,1579,1684,NE
1174392.345,X_LEG_1,0.43,19.73,-0.88,1,1579,1684,NE
1174392.365,X_LEG_1,0.43,19.73,-0.88,1,1579,1684,NE
1174392.386,X_LEG_1,0.43,19.73,-0.88,1,1579,1684,NE
1174392.406,X_LEG_1,0.43,19.73,-0.88,1,1579,1684,NE
1174392.426,X_LEG_1,0.43,19.73,-0.88,1,1579,1684,NE
1174392.447,X_LEG_1,0.43,19.73,-0.88,1,1579,1684,NE
1174392.468,X_LEG_1,0.43,19.73,-0.88,1,1579,1684,NE
1174392.488,X_LEG_1,0.43,19.73,-0.88,1,1579,1684,NE
1174392.508,X_LEG_1,0.43,19.73,-0.88,1,1579,1684,NE
1174392.529,X_LEG_1,0.43,19.73,-0.88,1,1579,1684,NE
1174392.549,X_LEG_1,0.23,19.65,-0.90,1,1579,1685,NE
1174392.570,X_LEG_1,0.23,19.65,-0.90,1,1579,1685,NE
1174392.591,X_LEG_1,0.23,19.65,-0.90,1,1579,1685,NE
1174392.611,X_LEG_1,0.23,19.65,-0.90,1,1579,1685,NE
1174392.631,X_LEG_1,0.23,19.65,-0.90,1,1579,1685,NE
1174392.651,X_LEG_1,0.03,19.56,0.11,1,1578,1685,NE
1174392.672,X_LEG_1,0.03,19.56,0.11,1,1578,1685,NE
1174392.693,X_LEG_1,0.03,19.56,0.11,1,1578,1685,NE
1174392.713,X_LEG_1,0.03,19.56,0.11,1,1578,1685,NE
1174392.733,X_LEG_1,0.03,19.56,0.11,1,1578,1685,NE
1174392.754,X_LEG_1,0.00,19.56,0.07,1,1578,1686,NE
1174392.775,X_LEG_1,0.00,19.56,0.07,1,1578,1686,NE
1174392.795,X_LEG_1,0.00,19.56,0.07,1,1578,1686,NE
1174392.816,X_LEG_1,0.00,19.56,0.07,1,1578,1686,NE
1174392.836,X_LEG_1,0.00,19.56,0.07,1,1578,1686,NE
1174392.857,X_LEG_1,0.00,19.56,0.07,1,1578,1686,NE
1174392.877,X_LEG_1,0.00,19.56,0.07,1,1578,1686,NE
1174392.897,X_LEG_1,0.00,19.56,0.07,1,1578,1686,NE
1174392.918,X_LEG_1,0.00,19.56,0.07,1,1578,1686,NE
1174392.938,X_LEG_1,0.00,19.56,0.07,1,1578,1686,NE
1174392.959,X_LEG_1,0.01,19.57,0.07,1,1578,1685,NE
1174392.979,X_LEG_1,0.01,19.57,0.07,1,1578,1685,NE
1174393.000,X_LEG_1,0.01,19.57,0.07,1,1578,1685,NE
1174393.020,X_LEG_1,0.01,19.57,0.07,1,1578,1685,NE
1174393.040,X_LEG_1,0.01,19.57,0.07,1,1578,1685,NE
1174393.060,X_LEG_1,0.02,19.59,0.06,1,1578,1685,NE
1174393.081,X_LEG_1,0.02,19.59,0.06,1,1578,1685,NE
1174393.101,X_LEG_1,0.02,19.59,0.06,1,1578,1685,NE
1174393.122,X_LEG_1,0.02,19.59,0.06,1,1578,1685,NE
1174393.142,X_LEG_1,0.02,19.59,0.06,1,1578,1685,NE
1174393.163,X_LEG_1,0.03,19.60,0.02,1,1578,1685,NE
1174393.184,X_LEG_1,0.03,19.60,0.02,1,1578,1685,NE
1174393.204,X_LEG_1,0.03,19.60,0.02,1,1578,1685,NE
1174393.225,X_LEG_1,0.03,19.60,0.02,1,1578,1685,NE
1174393.245,X_LEG_1,0.03,19.60,0.02,1,1578,1685,NE
1174393.265,X_LEG_1,0.03,19.60,0.02,1,1578,1685,NE
1174393.285,X_LEG_1,0.03,19.60,0.02,1,1578,1685,NE
1174393.306,X_LEG_1,0.03,19.60,0.02,1,1578,1685,NE
1174393.327,X_LEG_1,0.03,19.60,0.02,1,1578,1685,NE
1174393.347,X_LEG_1,0.03,19.60,0.02,1,1578,1685,NE
1174393.367,X_LEG_1,0.04,19.62,0.01,1,1578,1685,NE
1174393.388,X_LEG_1,0.04,19.62,0.01,1,1578,1685,NE
1174393.408,X_LEG_1,0.04,19.62,0.01,1,1578,1685,NE
1174393.429,X_LEG_1,0.04,19.62,0.01,1,1578,1685,NE
1174393.449,X_LEG_1,0.04,19.62,0.01,1,1578,1685,NE
1174393.470,X_LEG_1,0.06,19.63,0.01,1,1579,1685,NE
1174393.490,X_LEG_1,0.06,19.63,0.01,1,1579,1685,NE
1174393.511,X_LEG_1,0.06,19.63,0.01,1,1579,1685,NE
1174393.531,X_LEG_1,0.06,19.63,0.01,1,1579,1685,NE
1174393.552,X_LEG_1,0.06,19.63,0.01,1,1579,1685,NE
1174393.572,X_LEG_1,0.07,19.64,-0.01,1,1579,1685,NE
1174393.593,X_LEG_1,0.07,19.64,-0.01,1,1579,1685,NE
1174393.613,X_LEG_1,0.07,19.64,-0.01,1,1579,1685,NE
1174393.634,X_LEG_1,0.07,19.64,-0.01,1,1579,1685,NE
1174393.654,X_LEG_1,0.07,19.64,-0.01,1,1579,1685,NE
1174393.675,X_LEG_1,0.09,19.65,-0.02,1,1579,1685,NE
1174393.695,X_LEG_1,0.09,19.65,-0.02,1,1579,1685,NE
1174393.716,X_LEG_1,0.09,19.65,-0.02,1,1579,1685,NE
1174393.737,X_LEG_1,0.09,19.65,-0.02,1,1579,1685,NE
1174393.757,X_LEG_1,0.09,19.65,-0.02,1,1579,1685,NE
1174393.777,X_LEG_1,0.11,19.66,-0.04,1,1579,1685,NE
1174393.798,X_LEG_1,0.11,19.66,-0.04,1,1579,1685,NE
1174393.818,X_LEG_1,0.11,19.66,-0.04,1,1579,1685,NE
1174393.838,X_LEG_1,0.11,19.66,-0.04,1,1579,1685,NE
1174393.859,X_LEG_1,0.11,19.66,-0.04,1,1579,1685,NE
1174393.879,X_LEG_1,0.11,19.66,-0.04,1,1579,1685,NE
1174393.900,X_LEG_1,0.11,19.66,-0.04,1,1579,1685,NE
1174393.921,X_LEG_1,0.11,19.66,-0.04,1,1579,1685,NE
1174393.942,X_LEG_1,0.11,19.66,-0.04,1,1579,1685,NE
1174393.962,X_LEG_1,0.11,19.66,-0.04,1,1579,1685,NE
1174393.984,X_LEG_1,0.14,19.67,-0.06,1,1579,1685,NE
1174394.004,X_LEG_1,0.14,19.67,-0.06,1,1579,1685,NE
1174394.024,X_LEG_1,0.14,19.67,-0.06,1,1579,1685,NE
1174394.046,X_LEG_1,0.14,19.67,-0.06,1,1579,1685,NE
1174394.066,X_LEG_1,0.14,19.67,-0.06,1,1579,1685,NE
1174394.087,X_LEG_1,0.16,19.68,-0.08,1,1579,1685,NE
1174394.107,X_LEG_1,0.16,19.68,-0.08,1,1579,1685,NE
1174394.128,X_LEG_1,0.16,19.68,-0.08,1,1579,1685,NE
1174394.148,X_LEG_1,0.16,19.68,-0.08,1,1579,1685,NE
1174394.168,X_LEG_1,0.16,19.68,-0.08,1,1579,1685,NE
1174394.189,X_LEG_1,0.19,19.69,-0.10,1,1579,1685,NE
1174394.209,X_LEG_1,0.19,19.69,-0.10,1,1579,1685,NE
1174394.230,X_LEG_1,0.19,19.69,-0.10,1,1579,1685,NE
1174394.250,X_LEG_1,0.19,19.69,-0.10,1,1579,1685,NE
1174394.270,X_LEG_1,0.19,19.69,-0.10,1,1579,1685,NE
1174394.291,X_LEG_1,0.22,19.69,-0.10,1,1579,1685,NE
1174394.311,X_LEG_1,0.22,19.69,-0.10,1,1579,1685,NE
1174394.332,X_LEG_1,0.22,19.69,-0.10,1,1579,1685,NE
1174394.352,X_LEG_1,0.22,19.69,-0.10,1,1579,1685,NE
1174394.373,X_LEG_1,0.22,19.69,-0.10,1,1579,1685,NE
1174394.394,X_LEG_1,0.22,19.69,-0.10,1,1579,1685,NE
1174394.414,X_LEG_1,0.22,19.69,-0.10,1,1579,1685,NE
1174394.435,X_LEG_1,0.22,19.69,-0.10,1,1579,1685,NE
1174394.455,X_LEG_1,0.22,19.69,-0.10,1,1579,1685,NE
1174394.475,X_LEG_1,0.22,19.69,-0.10,1,1579,1685,NE
1174394.496,X_LEG_1,0.25,19.69,-0.13,1,1579,1685,NE
1174394.516,X_LEG_1,0.25,19.69,-0.13,1,1579,1685,NE
1174394.537,X_LEG_1,0.25,19.69,-0.13,1,1579,1685,NE
1174394.557,X_LEG_1,0.25,19.69,-0.13,1,1579,1685,NE
1174394.578,X_LEG_1,0.25,19.69,-0.13,1,1579,1685,NE
1174394.598,X_LEG_1,0.28,19.70,-0.17,1,1579,1685,NE
1174394.619,X_LEG_1,0.28,19.70,-0.17,1,1579,1685,NE
1174394.640,X_LEG_1,0.28,19.70,-0.17,1,1579,1685,NE
1174394.660,X_LEG_1,0.28,19.70,-0.17,1,1579,1685,NE
1174394.680,X_LEG_1,0.28,19.70,-0.17,1,1579,1685,NE
1174394.701,X_LEG_1,0.31,19.70,-0.17,1,1579,1685,NE
1174394.722,X_LEG_1,0.31,19.70,-0.17,1,1579,1685,NE
1174394.742,X_LEG_1,0.31,19.70,-0.17,1,1579,1685,NE
1174394.763,X_LEG_1,0.31,19.70,-0.17,1,1579,1685,NE
1174394.783,X_LEG_1,0.31,19.70,-0.17,1,1579,1685,NE
1174394.804,X_LEG_1,0.35,19.70,-0.19,1,1579,1684,NE
1174394.824,X_LEG_1,0.35,19.70,-0.19,1,1579,1684,NE
1174394.845,X_LEG_1,0.35,19.70,-0.19,1,1579,1684,NE
1174394.865,X_LEG_1,0.35,19.70,-0.19,1,1579,1684,NE
1174394.886,X_LEG_1,0.35,19.70,-0.19,1,1579,1684,NE
1174394.906,X_LEG_1,0.38,19.70,-0.21,1,1579,1684,NE
1174394.927,X_LEG_1,0.38,19.70,-0.21,1,1579,1684,NE
1174394.947,X_LEG_1,0.38,19.70,-0.21,1,1579,1684,NE
1174394.967,X_LEG_1,0.38,19.70,-0.21,1,1579,1684,NE
1174394.988,X_LEG_1,0.38,19.70,-0.21,1,1579,1684,NE
1174395.008,X_LEG_1,0.42,19.69,-0.22,1,1579,1684,NE
1174395.029,X_LEG_1,0.42,19.69,-0.22,1,1579,1684,NE
1174395.049,X_LEG_1,0.42,19.69,-0.22,1,1579,1684,NE
1174395.070,X_LEG_1,0.42,19.69,-0.22,1,1579,1684,NE
1174395.090,X_LEG_1,0.42,19.69,-0.22,1,1579,1684,NE
1174395.111,X_LEG_1,0.42,19.69,-0.22,1,1579,1684,NE
1174395.131,X_LEG_1,0.42,19.69,-0.22,1,1579,1684,NE
1174395.152,X_LEG_1,0.42,19.69,-0.22,1,1579,1684,NE
1174395.172,X_LEG_1,0.42,19.69,-0.22,1,1579,1684,NE
1174395.193,X_LEG_1,0.42,19.69,-0.22,1,1579,1684,NE
1174395.213,X_LEG_1,0.46,19.69,-0.22,1,1579,1684,NE
1174395.234,X_LEG_1,0.46,19.69,-0.22,1,1579,1684,NE
1174395.255,X_LEG_1,0.46,19.69,-0.22,1,1579,1684,NE
1174395.275,X_LEG_1,0.46,19.69,-0.22,1,1579,1684,NE
1174395.296,X_LEG_1,0.46,19.69,-0.22,1,1579,1684,NE
1174395.316,X_LEG_1,0.50,19.70,-0.26,1,1579,1684,NE
1174395.337,X_LEG_1,0.50,19.70,-0.26,1,1579,1684,NE
1174395.357,X_LEG_1,0.50,19.70,-0.26,1,1579,1684,NE
1174395.378,X_LEG_1,0.50,19.70,-0.26,1,1579,1684,NE
1174395.398,X_LEG_1,0.50,19.70,-0.26,1,1579,1684,NE
1174395.419,X_LEG_1,0.55,19.69,-0.28,1,1579,1684,NE
1174395.439,X_LEG_1,0.55,19.69,-0.28,1,1579,1684,NE
1174395.460,X_LEG_1,0.55,19.69,-0.28,1,1579,1684,NE
1174395.480,X_LEG_1,0.55,19.69,-0.28,1,1579,1684,NE
1174395.502,X_LEG_1,0.55,19.69,-0.28,1,1579,1684,NE
1174395.522,X_LEG_1,0.59,19.68,-0.30,1,1579,1684,NE
1174395.543,X_LEG_1,0.59,19.68,-0.30,1,1579,1684,NE
1174395.564,X_LEG_1,0.59,19.68,-0.30,1,1579,1684,NE
1174395.585,X_LEG_1,0.59,19.68,-0.30,1,1579,1684,NE
1174395.605,X_LEG_1,0.59,19.68,-0.30,1,1579,1684,NE
1174395.626,X_LEG_1,0.64,19.68,-0.32,1,1579,1684,NE
1174395.646,X_LEG_1,0.64,19.68,-0.32,1,1579,1684,NE
1174395.666,X_LEG_1,0.64,19.68,-0.32,1,1579,1684,NE
1174395.687,X_LEG_1,0.64,19.68,-0.32,1,1579,1684,NE
1174395.707,X_LEG_1,0.64,19.68,-0.32,1,1579,1684,NE
1174395.728,X_LEG_1,0.68,19.67,-0.34,1,1579,1683,NE
1174395.749,X_LEG_1,0.68,19.67,-0.34,1,1579,1683,NE
1174395.771,X_LEG_1,0.68,19.67,-0.34,1,1579,1683,NE
1174395.792,X_LEG_1,0.68,19.67,-0.34,1,1579,1683,NE
1174395.812,X_LEG_1,0.68,19.67,-0.34,1,1579,1683,NE
1174395.832,X_LEG_1,0.68,19.67,-0.34,1,1579,1683,NE
1174395.854,X_LEG_1,0.68,19.67,-0.34,1,1579,1683,NE
1174395.873,X_LEG_1,0.68,19.67,-0.34,1,1579,1683,NE
1174395.896,X_LEG_1,0.68,19.67,-0.34,1,1579,1683,NE
1174395.916,X_LEG_1,0.68,19.67,-0.34,1,1579,1683,NE
1174395.936,X_LEG_1,0.73,19.66,-0.33,1,1579,1683,NE
1174395.957,X_LEG_1,0.73,19.66,-0.33,1,1579,1683,NE
1174395.977,X_LEG_1,0.73,19.66,-0.33,1,1579,1683,NE
1174395.998,X_LEG_1,0.73,19.66,-0.33,1,1579,1683,NE
1174396.018,X_LEG_1,0.73,19.66,-0.33,1,1579,1683,NE
1174396.039,X_LEG_1,0.77,19.65,-0.35,1,1579,1683,NE
1174396.059,X_LEG_1,0.77,19.65,-0.35,1,1579,1683,NE
1174396.081,X_LEG_1,0.77,19.65,-0.35,1,1579,1683,NE
1174396.101,X_LEG_1,0.77,19.65,-0.35,1,1579,1683,NE
1174396.121,X_LEG_1,0.77,19.65,-0.35,1,1579,1683,NE
1174396.142,X_LEG_1,0.80,19.65,-0.37,1,1579,1683,NE
1174396.162,X_LEG_1,0.80,19.65,-0.37,1,1579,1683,NE
1174396.183,X_LEG_1,0.80,19.65,-0.37,1,1579,1683,NE
1174396.203,X_LEG_1,0.80,19.65,-0.37,1,1579,1683,NE
1174396.224,X_LEG_1,0.80,19.65,-0.37,1,1579,1683,NE
1174396.244,X_LEG_1,0.86,19.64,-0.38,1,1579,1683,NE
1174396.264,X_LEG_1,0.86,19.64,-0.38,1,1579,1683,NE
1174396.285,X_LEG_1,0.86,19.64,-0.38,1,1579,1683,NE
1174396.305,X_LEG_1,0.86,19.64,-0.38,1,1579,1683,NE
1174396.325,X_LEG_1,0.86,19.64,-0.38,1,1579,1683,NE
1174396.346,X_LEG_1,0.86,19.64,-0.38,1,1579,1683,NE
1174396.366,X_LEG_1,0.86,19.64,-0.38,1,1579,1683,NE
1174396.386,X_LEG_1,0.86,19.64,-0.38,1,1579,1683,NE
1174396.408,X_LEG_1,0.86,19.64,-0.38,1,1579,1683,NE
1174396.428,X_LEG_1,0.86,19.64,-0.38,1,1579,1683,NE
1174396.449,X_LEG_1,0.91,19.62,-0.40,1,1578,1683,NE
1174396.470,X_LEG_1,0.91,19.62,-0.40,1,1578,1683,NE
1174396.490,X_LEG_1,0.91,19.62,-0.40,1,1578,1683,NE
1174396.510,X_LEG_1,0.91,19.62,-0.40,1,1578,1683,NE
1174396.531,X_LEG_1,0.91,19.62,-0.40,1,1578,1683,NE
1174396.552,X_LEG_1,0.97,19.62,-0.42,1,1578,1683,NE
1174396.572,X_LEG_1,0.97,19.62,-0.42,1,1578,1683,NE
1174396.593,X_LEG_1,0.97,19.62,-0.42,1,1578,1683,NE
1174396.613,X_LEG_1,0.97,19.62,-0.42,1,1578,1683,NE
1174396.634,X_LEG_1,0.97,19.62,-0.42,1,1578,1683,NE
1174396.654,X_LEG_1,1.03,19.61,-0.45,1,1578,1682,NE
1174396.674,X_LEG_1,1.03,19.61,-0.45,1,1578,1682,NE
1174396.695,X_LEG_1,1.03,19.61,-0.45,1,1578,1682,NE
1174396.716,X_LEG_1,1.03,19.61,-0.45,1,1578,1682,NE
1174396.736,X_LEG_1,1.03,19.61,-0.45,1,1578,1682,NE
1174396.756,X_LEG_1,1.03,19.61,-0.45,1,1578,1682,NE
1174396.777,X_LEG_1,1.03,19.61,-0.45,1,1578,1682,NE
1174396.797,X_LEG_1,1.03,19.61,-0.45,1,1578,1682,NE
1174396.817,X_LEG_1,1.03,19.61,-0.45,1,1578,1682,NE
1174396.838,X_LEG_1,1.03,19.61,-0.45,1,1578,1682,NE
1174396.859,X_LEG_1,1.09,19.59,-0.45,1,1578,1682,NE
1174396.880,X_LEG_1,1.09,19.59,-0.45,1,1578,1682,NE
1174396.900,X_LEG_1,1.09,19.59,-0.45,1,1578,1682,NE
1174396.921,X_LEG_1,1.09,19.59,-0.45,1,1578,1682,NE
1174396.941,X_LEG_1,1.09,19.59,-0.45,1,1578,1682,NE
1174396.962,X_LEG_1,1.15,19.57,-0.46,1,1578,1682,NE
1174396.982,X_LEG_1,1.15,19.57,-0.46,1,1578,1682,NE
1174397.003,X_LEG_1,1.15,19.57,-0.46,1,1578,1682,NE
1174397.023,X_LEG_1,1.15,19.57,-0.46,1,1578,1682,NE
1174397.044,X_LEG_1,1.15,19.57,-0.46,1,1578,1682,NE
1174397.064,X_LEG_1,1.21,19.57,-0.48,1,1578,1682,NE
1174397.085,X_LEG_1,1.21,19.57,-0.48,1,1578,1682,NE
1174397.106,X_LEG_1,1.21,19.57,-0.48,1,1578,1682,NE
1174397.127,X_LEG_1,1.21,19.57,-0.48,1,1578,1682,NE
1174397.147,X_LEG_1,1.21,19.57,-0.48,1,1578,1682,NE
1174397.168,X_LEG_1,1.27,19.55,-0.49,1,1578,1682,NE
1174397.188,X_LEG_1,1.27,19.55,-0.49,1,1578,1682,NE
1174397.209,X_LEG_1,1.27,19.55,-0.49,1,1578,1682,NE
1174397.229,X_LEG_1,1.27,19.55,-0.49,1,1578,1682,NE
1174397.250,X_LEG_1,1.27,19.55,-0.49,1,1578,1682,NE
1174397.270,X_LEG_1,1.27,19.55,-0.49,1,1578,1682,NE
1174397.290,X_LEG_1,1.27,19.55,-0.49,1,1578,1682,NE
1174397.310,X_LEG_1,1.27,19.55,-0.49,1,1578,1682,NE
1174397.330,X_LEG_1,1.27,19.55,-0.49,1,1578,1682,NE
1174397.351,X_LEG_1,1.27,19.55,-0.49,1,1578,1682,NE
1174397.371,X_LEG_1,1.34,19.53,-0.51,1,1578,1681,NE
1174397.392,X_LEG_1,1.34,19.53,-0.51,1,1578,1681,NE
1174397.413,X_LEG_1,1.34,19.53,-0.51,1,1578,1681,NE
1174397.433,X_LEG_1,1.34,19.53,-0.51,1,1578,1681,NE
1174397.454,X_LEG_1,1.34,19.53,-0.51,1,1578,1681,NE
1174397.474,X_LEG_1,1.41,19.52,-0.54,1,1578,1681,NE
1174397.495,X_LEG_1,1.41,19.52,-0.54,1,1578,1681,NE
1174397.515,X_LEG_1,1.41,19.52,-0.54,1,1578,1681,NE
1174397.536,X_LEG_1,1.41,19.52,-0.54,1,1578,1681,NE
1174397.556,X_LEG_1,1.41,19.52,-0.54,1,1578,1681,NE
1174397.577,X_LEG_1,1.47,19.50,-0.56,1,1578,1681,NE
1174397.597,X_LEG_1,1.47,19.50,-0.56,1,1578,1681,NE
1174397.618,X_LEG_1,1.47,19.50,-0.56,1,1578,1681,NE
1174397.638,X_LEG_1,1.47,19.50,-0.56,1,1578,1681,NE
1174397.658,X_LEG_1,1.47,19.50,-0.56,1,1578,1681,NE
1174397.679,X_LEG_1,1.55,19.48,-0.57,1,1578,1681,NE
1174397.699,X_LEG_1,1.55,19.48,-0.57,1,1578,1681,NE
1174397.720,X_LEG_1,1.55,19.48,-0.57,1,1578,1681,NE
1174397.740,X_LEG_1,1.55,19.48,-0.57,1,1578,1681,NE
1174397.760,X_LEG_1,1.55,19.48,-0.57,1,1578,1681,NE
1174397.780,X_LEG_1,1.55,19.48,-0.57,1,1578,1681,NE
1174397.801,X_LEG_1,1.55,19.48,-0.57,1,1578,1681,NE
1174397.821,X_LEG_1,1.55,19.48,-0.57,1,1578,1681,NE
1174397.842,X_LEG_1,1.55,19.48,-0.57,1,1578,1681,NE
1174397.862,X_LEG_1,1.55,19.48,-0.57,1,1578,1681,NE
1174397.883,X_LEG_1,1.62,19.46,-0.59,1,1578,1681,NE
1174397.903,X_LEG_1,1.62,19.46,-0.59,1,1578,1681,NE
1174397.923,X_LEG_1,1.62,19.46,-0.59,1,1578,1681,NE
1174397.944,X_LEG_1,1.62,19.46,-0.59,1,1578,1681,NE
1174397.964,X_LEG_1,1.62,19.46,-0.59,1,1578,1681,NE
1174397.986,X_LEG_1,1.69,19.44,-0.60,1,1578,1680,NE
1174398.006,X_LEG_1,1.69,19.44,-0.60,1,1578,1680,NE
1174398.027,X_LEG_1,1.69,19.44,-0.60,1,1578,1680,NE
1174398.047,X_LEG_1,1.69,19.44,-0.60,1,1578,1680,NE
1174398.068,X_LEG_1,1.69,19.44,-0.60,1,1578,1680,NE
1174398.089,X_LEG_1,1.77,19.42,-0.62,1,1578,1680,NE
1174398.110,X_LEG_1,1.77,19.42,-0.62,1,1578,1680,NE
1174398.130,X_LEG_1,1.77,19.42,-0.62,1,1578,1680,NE
1174398.151,X_LEG_1,1.77,19.42,-0.62,1,1578,1680,NE
1174398.172,X_LEG_1,1.77,19.42,-0.62,1,1578,1680,NE
1174398.192,X_LEG_1,1.84,19.39,-0.65,1,1578,1680,NE
1174398.213,X_LEG_1,1.84,19.39,-0.65,1,1578,1680,NE
1174398.237,X_LEG_1,1.84,19.39,-0.65,1,1578,1680,NE
1174398.257,X_LEG_1,1.84,19.39,-0.65,1,1578,1680,NE
1174398.277,X_LEG_1,1.84,19.39,-0.65,1,1578,1680,NE
1174398.299,X_LEG_1,1.84,19.39,-0.65,1,1578,1680,NE
1174398.319,X_LEG_1,1.84,19.39,-0.65,1,1578,1680,NE
1174398.340,X_LEG_1,1.84,19.39,-0.65,1,1578,1680,NE
1174398.360,X_LEG_1,1.84,19.39,-0.65,1,1578,1680,NE
1174398.381,X_LEG_1,1.84,19.39,-0.65,1,1578,1680,NE
1174398.402,X_LEG_1,1.92,19.37,-0.64,1,1577,1680,NE
1174398.424,X_LEG_1,1.92,19.37,-0.64,1,1577,1680,NE
1174398.444,X_LEG_1,1.92,19.37,-0.64,1,1577,1680,NE
1174398.465,X_LEG_1,1.92,19.37,-0.64,1,1577,1680,NE
1174398.485,X_LEG_1,1.92,19.37,-0.64,1,1577,1680,NE
1174398.506,X_LEG_1,1.97,19.36,-0.66,1,1577,1680,NE
1174398.526,X_LEG_1,1.97,19.36,-0.66,1,1577,1680,NE
1174398.546,X_LEG_1,1.97,19.36,-0.66,1,1577,1680,NE
1174398.567,X_LEG_1,1.97,19.36,-0.66,1,1577,1680,NE
1174398.588,X_LEG_1,1.97,19.36,-0.66,1,1577,1680,NE
1174398.608,X_LEG_1,2.02,19.34,-0.67,1,1577,1679,NE
1174398.629,X_LEG_1,2.02,19.34,-0.67,1,1577,1679,NE
1174398.649,X_LEG_1,2.02,19.34,-0.67,1,1577,1679,NE
1174398.669,X_LEG_1,2.02,19.34,-0.67,1,1577,1679,NE
1174398.690,X_LEG_1,2.02,19.34,-0.67,1,1577,1679,NE
1174398.710,X_LEG_1,2.08,19.33,-0.67,1,1577,1679,NE
1174398.731,X_LEG_1,2.08,19.33,-0.67,1,1577,1679,NE
1174398.752,X_LEG_1,2.08,19.33,-0.67,1,1577,1679,NE
1174398.772,X_LEG_1,2.08,19.33,-0.67,1,1577,1679,NE
1174398.792,X_LEG_1,2.08,19.33,-0.67,1,1577,1679,NE
1174398.813,X_LEG_1,2.16,19.30,-0.70,1,1577,1679,NE
1174398.833,X_LEG_1,2.16,19.30,-0.70,1,1577,1679,NE
1174398.854,X_LEG_1,2.16,19.30,-0.70,1,1577,1679,NE
1174398.874,X_LEG_1,2.16,19.30,-0.70,1,1577,1679,NE
1174398.894,X_LEG_1,2.16,19.30,-0.70,1,1577,1679,NE
1174398.915,X_LEG_1,2.16,19.30,-0.70,1,1577,1679,NE
1174398.939,X_LEG_1,2.16,19.30,-0.70,1,1577,1679,NE
1174398.960,X_LEG_1,2.16,19.30,-0.70,1,1577,1679,NE
1174398.980,X_LEG_1,2.16,19.30,-0.70,1,1577,1679,NE
1174399.001,X_LEG_1,2.16,19.30,-0.70,1,1577,1679,NE
1174399.021,X_LEG_1,2.24,19.27,-0.69,1,1577,1679,NE
1174399.041,X_LEG_1,2.24,19.27,-0.69,1,1577,1679,NE
1174399.062,X_LEG_1,2.24,19.27,-0.69,1,1577,1679,NE
1174399.082,X_LEG_1,2.24,19.27,-0.69,1,1577,1679,NE
1174399.103,X_LEG_1,2.24,19.27,-0.69,1,1577,1679,NE
1174399.123,X_LEG_1,2.33,19.25,-0.73,1,1577,1679,NE
1174399.144,X_LEG_1,2.33,19.25,-0.73,1,1577,1679,NE
1174399.164,X_LEG_1,2.33,19.25,-0.73,1,1577,1679,NE
1174399.185,X_LEG_1,2.33,19.25,-0.73,1,1577,1679,NE
1174399.205,X_LEG_1,2.33,19.25,-0.73,1,1577,1679,NE
1174399.226,X_LEG_1,2.33,19.25,-0.73,1,1577,1679,NE
1174399.246,X_LEG_1,2.33,19.25,-0.73,1,1577,1679,NE
1174399.267,X_LEG_1,2.33,19.25,-0.73,1,1577,1679,NE
1174399.287,X_LEG_1,2.33,19.25,-0.73,1,1577,1679,NE
1174399.308,X_LEG_1,2.33,19.25,-0.73,1,1577,1679,NE
1174399.328,X_LEG_1,2.33,19.22,-0.74,1,1577,1679,NE
1174399.348,X_LEG_1,2.41,19.22,-0.74,1,1577,1678,NE
1174399.369,X_LEG_1,2.41,19.22,-0.74,1,1577,1678,NE
1174399.390,X_LEG_1,2.41,19.22,-0.74,1,1577,1678,NE
1174399.410,X_LEG_1,2.41,19.22,-0.74,1,1577,1678,NE
1174399.430,X_LEG_1,2.50,19.20,-0.75,1,1577,1678,NE
1174399.451,X_LEG_1,2.50,19.20,-0.75,1,1577,1678,NE
1174399.471,X_LEG_1,2.50,19.20,-0.75,1,1577,1678,NE
1174399.492,X_LEG_1,2.50,19.20,-0.75,1,1577,1678,NE
1174399.513,X_LEG_1,2.50,19.20,-0.75,1,1577,1678,NE
1174399.533,X_LEG_1,2.59,19.16,-0.76,1,1577,1678,NE
1174399.553,X_LEG_1,2.59,19.16,-0.76,1,1577,1678,NE
1174399.574,X_LEG_1,2.59,19.16,-0.76,1,1577,1678,NE
1174399.595,X_LEG_1,2.59,19.16,-0.76,1,1577,1678,NE
1174399.615,X_LEG_1,2.59,19.16,-0.76,1,1577,1678,NE
1174399.635,X_LEG_1,2.59,19.16,-0.76,1,1577,1678,NE
1174399.656,X_LEG_1,2.59,19.16,-0.76,1,1577,1678,NE
1174399.676,X_LEG_1,2.59,19.16,-0.76,1,1577,1678,NE
1174399.697,X_LEG_1,2.59,19.16,-0.76,1,1577,1678,NE
1174399.717,X_LEG_1,2.59,19.16,-0.76,1,1577,1678,NE
1174399.738,X_LEG_1,2.67,19.14,-0.78,1,1577,1677,NE
1174399.758,X_LEG_1,2.67,19.14,-0.78,1,1577,1677,NE
1174399.779,X_LEG_1,2.67,19.14,-0.78,1,1577,1677,NE
1174399.799,X_LEG_1,2.67,19.14,-0.78,1,1577,1677,NE
1174399.819,X_LEG_1,2.67,19.14,-0.78,1,1577,1677,NE
1174399.840,X_LEG_1,2.77,19.11,-0.79,1,1576,1677,NE
1174399.862,X_LEG_1,2.77,19.11,-0.79,1,1576,1677,NE
1174399.883,X_LEG_1,2.77,19.11,-0.79,1,1576,1677,NE
1174399.903,X_LEG_1,2.77,19.11,-0.79,1,1576,1677,NE
1174399.924,X_LEG_1,2.77,19.11,-0.79,1,1576,1677,NE
1174399.945,X_LEG_1,2.86,19.09,-0.82,1,1576,1677,NE
1174399.965,X_LEG_1,2.86,19.09,-0.82,1,1576,1677,NE
1174399.987,X_LEG_1,2.86,19.09,-0.82,1,1576,1677,NE
1174400.008,X_LEG_1,2.86,19.09,-0.82,1,1576,1677,NE
1174400.028,X_LEG_1,2.86,19.09,-0.82,1,1576,1677,NE
1174400.048,X_LEG_1,2.95,19.05,-0.83,1,1576,1677,NE
1174400.068,X_LEG_1,2.95,19.05,-0.83,1,1576,1677,NE
1174400.089,X_LEG_1,2.95,19.05,-0.83,1,1576,1677,NE
1174400.109,X_LEG_1,2.95,19.05,-0.83,1,1576,1677,NE
1174400.129,X_LEG_1,2.95,19.05,-0.83,1,1576,1677,NE
1174400.150,X_LEG_1,2.95,19.05,-0.83,1,1576,1677,NE
1174400.170,X_LEG_1,2.95,19.05,-0.83,1,1576,1677,NE
1174400.191,X_LEG_1,2.95,19.05,-0.83,1,1576,1677,NE
1174400.211,X_LEG_1,2.95,19.05,-0.83,1,1576,1677,NE
1174400.231,X_LEG_1,2.95,19.05,-0.83,1,1576,1677,NE
1174400.252,X_LEG_1,3.05,19.02,-0.84,1,1576,1676,NE
1174400.272,X_LEG_1,3.05,19.02,-0.84,1,1576,1676,NE
1174400.293,X_LEG_1,3.05,19.02,-0.84,1,1576,1676,NE
1174400.315,X_LEG_1,3.05,19.02,-0.84,1,1576,1676,NE
1174400.336,X_LEG_1,3.05,19.02,-0.84,1,1576,1676,NE
1174400.357,X_LEG_1,3.14,18.99,-0.85,1,1576,1676,NE
1174400.377,X_LEG_1,3.14,18.99,-0.85,1,1576,1676,NE
1174400.398,X_LEG_1,3.14,18.99,-0.85,1,1576,1676,NE
1174400.418,X_LEG_1,3.14,18.99,-0.85,1,1576,1676,NE
1174400.438,X_LEG_1,3.14,18.99,-0.85,1,1576,1676,NE
1174400.459,X_LEG_1,3.14,18.99,-0.85,1,1576,1676,NE
1174400.480,X_LEG_1,3.14,18.99,-0.85,1,1576,1676,NE
1174400.500,X_LEG_1,3.14,18.99,-0.85,1,1576,1676,NE
1174400.521,X_LEG_1,3.14,18.99,-0.85,1,1576,1676,NE
1174400.541,X_LEG_1,3.14,18.99,-0.85,1,1576,1676,NE
1174400.561,X_LEG_1,3.24,18.96,-0.89,1,1576,1676,NE
1174400.582,X_LEG_1,3.24,18.96,-0.89,1,1576,1676,NE
1174400.602,X_LEG_1,3.24,18.96,-0.89,1,1576,1676,NE
1174400.623,X_LEG_1,3.24,18.96,-0.89,1,1576,1676,NE
1174400.644,X_LEG_1,3.24,18.96,-0.89,1,1576,1676,NE
1174400.665,X_LEG_1,3.33,18.93,0.10,1,1576,1676,NE
1174400.685,X_LEG_1,3.33,18.93,0.10,1,1576,1676,NE
1174400.706,X_LEG_1,3.33,18.93,0.10,1,1576,1676,NE
1174400.727,X_LEG_1,3.33,18.93,0.10,1,1576,1676,NE
1174400.747,X_LEG_1,3.33,18.93,0.10,1,1576,1676,NE
1174400.768,X_LEG_1,3.43,18.89,0.09,1,1576,1675,NE
1174400.788,X_LEG_1,3.43,18.89,0.09,1,1576,1675,NE
1174400.809,X_LEG_1,3.43,18.89,0.09,1,1576,1675,NE
1174400.829,X_LEG_1,3.43,18.89,0.09,1,1576,1675,NE
1174400.850,X_LEG_1,3.43,18.89,0.09,1,1576,1675,NE
1174400.870,X_LEG_1,3.43,18.89,0.09,1,1576,1675,NE
1174400.891,X_LEG_1,3.43,18.89,0.09,1,1576,1675,NE
1174400.911,X_LEG_1,3.43,18.89,0.09,1,1576,1675,NE
1174400.931,X_LEG_1,3.43,18.89,0.09,1,1576,1675,NE
1174400.951,X_LEG_1,3.43,18.89,0.09,1,1576,1675,NE
1174400.973,X_LEG_1,3.53,18.86,0.08,1,1575,1675,NE
1174400.994,X_LEG_1,3.53,18.86,0.08,1,1575,1675,NE
1174401.014,X_LEG_1,3.53,18.86,0.08,1,1575,1675,NE
1174401.035,X_LEG_1,3.53,18.86,0.08,1,1575,1675,NE
1174401.055,X_LEG_1,3.53,18.86,0.08,1,1575,1675,NE
1174401.076,X_LEG_1,3.63,18.83,0.07,1,1575,1675,NE
1174401.096,X_LEG_1,3.63,18.83,0.07,1,1575,1675,NE
1174401.117,X_LEG_1,3.63,18.83,0.07,1,1575,1675,NE
1174401.137,X_LEG_1,3.63,18.83,0.07,1,1575,1675,NE
1174401.158,X_LEG_1,3.63,18.83,0.07,1,1575,1675,NE
1174401.178,X_LEG_1,3.74,18.79,0.06,1,1575,1674,NE
1174401.199,X_LEG_1,3.74,18.79,0.06,1,1575,1674,NE
1174401.219,X_LEG_1,3.74,18.79,0.06,1,1575,1674,NE
1174401.239,X_LEG_1,3.74,18.79,0.06,1,1575,1674,NE
1174401.260,X_LEG_1,3.74,18.79,0.06,1,1575,1674,NE
1174401.281,X_LEG_1,3.84,18.76,0.05,1,1575,1674,NE
1174401.302,X_LEG_1,3.84,18.76,0.05,1,1575,1674,NE
1174401.322,X_LEG_1,3.84,18.76,0.05,1,1575,1674,NE
1174401.343,X_LEG_1,3.84,18.76,0.05,1,1575,1674,NE
1174401.363,X_LEG_1,3.84,18.76,0.05,1,1575,1674,NE
1174401.384,X_LEG_1,3.84,18.76,0.05,1,1575,1674,NE
1174401.404,X_LEG_1,3.84,18.76,0.05,1,1575,1674,NE
1174401.424,X_LEG_1,3.84,18.76,0.05,1,1575,1674,NE
1174401.445,X_LEG_1,3.84,18.76,0.05,1,1575,1674,NE
1174401.465,X_LEG_1,3.84,18.76,0.05,1,1575,1674,NE
1174401.486,X_LEG_1,3.94,18.73,0.03,1,1575,1674,NE
1174401.506,X_LEG_1,3.94,18.73,0.03,1,1575,1674,NE
1174401.527,X_LEG_1,3.94,18.73,0.03,1,1575,1674,NE
1174401.548,X_LEG_1,3.94,18.73,0.03,1,1575,1674,NE
1174401.568,X_LEG_1,3.94,18.73,0.03,1,1575,1674,NE
1174401.589,X_LEG_1,4.05,18.69,0.02,1,1575,1673,NE
1174401.609,X_LEG_1,4.05,18.69,0.02,1,1575,1673,NE
1174401.630,X_LEG_1,4.05,18.69,0.02,1,1575,1673,NE
1174401.650,X_LEG_1,4.05,18.69,0.02,1,1575,1673,NE
1174401.671,X_LEG_1,4.05,18.69,0.02,1,1575,1673,NE
1174401.692,X_LEG_1,4.15,18.66,-0.01,1,1575,1673,NE
1174401.712,X_LEG_1,4.15,18.66,-0.01,1,1575,1673,NE
1174401.732,X_LEG_1,4.15,18.66,-0.01,1,1575,1673,NE
1174401.753,X_LEG_1,4.15,18.66,-0.01,1,1575,1673,NE
1174401.773,X_LEG_1,4.15,18.66,-0.01,1,1575,1673,NE
1174401.794,X_LEG_1,4.26,18.62,-0.02,1,1574,1673,NE
1174401.814,X_LEG_1,4.26,18.62,-0.02,1,1574,1673,NE
1174401.835,X_LEG_1,4.26,18.62,-0.02,1,1574,1673,NE
1174401.855,X_LEG_1,4.26,18.62,-0.02,1,1574,1673,NE
1174401.876,X_LEG_1,4.26,18.62,-0.02,1,1574,1673,NE
1174401.896,X_LEG_1,4.37,18.58,-0.01,1,1574,1672,NE
1174401.917,X_LEG_1,4.37,18.58,-0.01,1,1574,1672,NE
1174401.937,X_LEG_1,4.37,18.58,-0.01,1,1574,1672,NE
1174401.957,X_LEG_1,4.37,18.58,-0.01,1,1574,1672,NE
1174401.978,X_LEG_1,4.37,18.58,-0.01,1,1574,1672,NE
1174401.999,X_LEG_1,4.44,18.56,-0.04,1,1574,1672,NE
1174402.019,X_LEG_1,4.44,18.56,-0.04,1,1574,1672,NE
1174402.039,X_LEG_1,4.44,18.56,-0.04,1,1574,1672,NE
1174402.060,X_LEG_1,4.44,18.56,-0.04,1,1574,1672,NE
1174402.081,X_LEG_1,4.44,18.56,-0.04,1,1574,1672,NE
1174402.101,X_LEG_1,4.44,18.56,-0.04,1,1574,1672,NE
1174402.122,X_LEG_1,4.44,18.56,-0.04,1,1574,1672,NE
1174402.142,X_LEG_1,4.44,18.56,-0.04,1,1574,1672,NE
1174402.162,X_LEG_1,4.44,18.56,-0.04,1,1574,1672,NE
1174402.183,X_LEG_1,4.44,18.56,-0.04,1,1574,1672,NE
1174402.203,X_LEG_1,4.51,18.54,-0.06,1,1574,1672,NE
1174402.223,X_LEG_1,4.51,18.54,-0.06,1,1574,1672,NE
1174402.244,X_LEG_1,4.51,18.54,-0.06,1,1574,1672,NE
1174402.264,X_LEG_1,4.51,18.54,-0.06,1,1574,1672,NE
1174402.285,X_LEG_1,4.51,18.54,-0.06,1,1574,1672,NE
1174402.305,X_LEG_1,4.62,18.50,-0.05,1,1574,1672,NE
1174402.326,X_LEG_1,4.62,18.50,-0.05,1,1574,1672,NE
1174402.347,X_LEG_1,4.62,18.50,-0.05,1,1574,1672,NE
1174402.368,X_LEG_1,4.62,18.50,-0.05,1,1574,1672,NE
1174402.388,X_LEG_1,4.62,18.50,-0.05,1,1574,1672,NE
1174402.408,X_LEG_1,4.73,18.46,-0.08,1,1574,1671,NE
1174402.429,X_LEG_1,4.73,18.46,-0.08,1,1574,1671,NE
1174402.449,X_LEG_1,4.73,18.46,-0.08,1,1574,1671,NE
1174402.470,X_LEG_1,4.73,18.46,-0.08,1,1574,1671,NE
1174402.490,X_LEG_1,4.73,18.46,-0.08,1,1574,1671,NE
1174402.510,X_LEG_1,4.73,18.46,-0.08,1,1574,1671,NE
1174402.531,X_LEG_1,4.73,18.46,-0.08,1,1574,1671,NE
1174402.552,X_LEG_1,4.73,18.46,-0.08,1,1574,1671,NE
1174402.572,X_LEG_1,4.73,18.46,-0.08,1,1574,1671,NE
1174402.592,X_LEG_1,4.73,18.46,-0.08,1,1574,1671,NE
1174402.613,X_LEG_1,4.84,18.42,-0.09,1,1574,1671,NE
1174402.633,X_LEG_1,4.84,18.42,-0.09,1,1574,1671,NE
1174402.654,X_LEG_1,4.84,18.42,-0.09,1,1574,1671,NE
1174402.674,X_LEG_1,4.84,18.42,-0.09,1,1574,1671,NE
1174402.695,X_LEG_1,4.84,18.42,-0.09,1,1574,1671,NE
1174402.715,X_LEG_1,4.92,18.40,-0.08,1,1574,1671,NE
1174402.737,X_LEG_1,4.92,18.40,-0.08,1,1574,1671,NE
1174402.757,X_LEG_1,4.92,18.40,-0.08,1,1574,1671,NE
1174402.778,X_LEG_1,4.92,18.40,-0.08,1,1574,1671,NE
1174402.798,X_LEG_1,4.92,18.40,-0.08,1,1574,1671,NE
1174402.819,X_LEG_1,4.99,18.37,-0.12,1,1573,1671,NE
1174402.839,X_LEG_1,4.99,18.37,-0.12,1,1573,1671,NE
1174402.860,X_LEG_1,4.99,18.37,-0.12,1,1573,1671,NE
1174402.880,X_LEG_1,4.99,18.37,-0.12,1,1573,1671,NE
1174402.901,X_LEG_1,4.99,18.37,-0.12,1,1573,1671,NE
1174402.921,X_LEG_1,5.11,18.33,-0.10,1,1573,1670,NE
1174402.942,X_LEG_1,5.11,18.33,-0.10,1,1573,1670,NE
1174402.962,X_LEG_1,5.11,18.33,-0.10,1,1573,1670,NE
1174402.982,X_LEG_1,5.11,18.33,-0.10,1,1573,1670,NE
1174403.004,X_LEG_1,5.11,18.33,-0.10,1,1573,1670,NE
1174403.024,X_LEG_1,5.22,18.29,-0.14,1,1573,1670,NE
1174403.044,X_LEG_1,5.22,18.29,-0.14,1,1573,1670,NE
1174403.065,X_LEG_1,5.22,18.29,-0.14,1,1573,1670,NE
1174403.086,X_LEG_1,5.22,18.29,-0.14,1,1573,1670,NE
1174403.106,X_LEG_1,5.22,18.29,-0.14,1,1573,1670,NE
1174403.127,X_LEG_1,5.30,18.26,-0.13,1,1573,1670,NE
1174403.147,X_LEG_1,5.30,18.26,-0.13,1,1573,1670,NE
1174403.168,X_LEG_1,5.30,18.26,-0.13,1,1573,1670,NE
1174403.190,X_LEG_1,5.30,18.26,-0.13,1,1573,1670,NE
1174403.210,X_LEG_1,5.30,18.26,-0.13,1,1573,1670,NE
1174403.230,X_LEG_1,5.37,18.24,-0.14,1,1573,1669,NE
1174403.251,X_LEG_1,5.37,18.24,-0.14,1,1573,1669,NE
1174403.271,X_LEG_1,5.37,18.24,-0.14,1,1573,1669,NE
1174403.292,X_LEG_1,5.37,18.24,-0.14,1,1573,1669,NE
1174403.312,X_LEG_1,5.37,18.24,-0.14,1,1573,1669,NE
1174403.333,X_LEG_1,5.37,18.24,-0.14,1,1573,1669,NE
1174403.353,X_LEG_1,5.37,18.24,-0.14,1,1573,1669,NE
1174403.374,X_LEG_1,5.37,18.24,-0.14,1,1573,1669,NE
1174403.395,X_LEG_1,5.37,18.24,-0.14,1,1573,1669,NE
1174403.415,X_LEG_1,5.37,18.24,-0.14,1,1573,1669,NE
1174403.436,X_LEG_1,5.49,18.20,-0.15,1,1573,1669,NE
1174403.457,X_LEG_1,5.49,18.20,-0.15,1,1573,1669,NE
1174403.477,X_LEG_1,5.49,18.20,-0.15,1,1573,1669,NE
1174403.498,X_LEG_1,5.49,18.20,-0.15,1,1573,1669,NE
1174403.518,X_LEG_1,5.49,18.20,-0.15,1,1573,1669,NE
1174403.538,X_LEG_1,5.60,18.16,-0.18,1,1573,1669,NE
1174403.559,X_LEG_1,5.60,18.16,-0.18,1,1573,1669,NE
1174403.580,X_LEG_1,5.60,18.16,-0.18,1,1573,1669,NE
1174403.600,X_LEG_1,5.60,18.16,-0.18,1,1573,1669,NE
1174403.621,X_LEG_1,5.60,18.16,-0.18,1,1573,1669,NE
1174403.641,X_LEG_1,5.60,18.16,-0.18,1,1573,1669,NE
1174403.662,X_LEG_1,5.60,18.16,-0.18,1,1573,1669,NE
1174403.682,X_LEG_1,5.60,18.16,-0.18,1,1573,1669,NE
1174403.703,X_LEG_1,5.60,18.16,-0.18,1,1573,1669,NE
1174403.723,X_LEG_1,5.60,18.16,-0.18,1,1573,1669,NE
1174403.744,X_LEG_1,5.72,18.12,-0.20,1,1572,1668,NE
1174403.764,X_LEG_1,5.72,18.12,-0.20,1,1572,1668,NE
1174403.785,X_LEG_1,5.72,18.12,-0.20,1,1572,1668,NE
1174403.806,X_LEG_1,5.72,18.12,-0.20,1,1572,1668,NE
1174403.826,X_LEG_1,5.72,18.12,-0.20,1,1572,1668,NE
1174403.847,X_LEG_1,5.84,18.08,-0.20,1,1572,1668,NE
1174403.868,X_LEG_1,5.84,18.08,-0.20,1,1572,1668,NE
1174403.888,X_LEG_1,5.84,18.08,-0.20,1,1572,1668,NE
1174403.908,X_LEG_1,5.84,18.08,-0.20,1,1572,1668,NE
1174403.929,X_LEG_1,5.84,18.08,-0.20,1,1572,1668,NE
1174403.949,X_LEG_1,5.96,18.04,-0.24,1,1572,1668,NE
1174403.971,X_LEG_1,5.96,18.04,-0.24,1,1572,1668,NE
1174403.991,X_LEG_1,5.96,18.04,-0.24,1,1572,1668,NE
1174404.012,X_LEG_1,5.96,18.04,-0.24,1,1572,1668,NE
1174404.033,X_LEG_1,5.96,18.04,-0.24,1,1572,1668,NE
1174404.054,X_LEG_1,5.96,18.04,-0.24,1,1572,1668,NE
1174404.074,X_LEG_1,5.96,18.04,-0.24,1,1572,1668,NE
1174404.094,X_LEG_1,5.96,18.04,-0.24,1,1572,1668,NE
1174404.115,X_LEG_1,5.96,18.04,-0.24,1,1572,1668,NE
1174404.135,X_LEG_1,5.96,18.04,-0.24,1,1572,1668,NE
1174404.155,X_LEG_1,6.07,18.00,-0.22,1,1572,1667,NE
1174404.175,X_LEG_1,6.07,18.00,-0.22,1,1572,1667,NE
1174404.196,X_LEG_1,6.07,18.00,-0.22,1,1572,1667,NE
1174404.217,X_LEG_1,6.07,18.00,-0.22,1,1572,1667,NE
1174404.237,X_LEG_1,6.07,18.00,-0.22,1,1572,1667,NE
1174404.258,X_LEG_1,6.19,17.96,-0.26,1,1572,1667,NE
1174404.278,X_LEG_1,6.19,17.96,-0.26,1,1572,1667,NE
1174404.300,X_LEG_1,6.19,17.96,-0.26,1,1572,1667,NE
1174404.320,X_LEG_1,6.19,17.96,-0.26,1,1572,1667,NE
1174404.341,X_LEG_1,6.19,17.96,-0.26,1,1572,1667,NE
1174404.362,X_LEG_1,6.31,17.91,-0.26,1,1572,1667,NE
1174404.383,X_LEG_1,6.31,17.91,-0.26,1,1572,1667,NE
1174404.404,X_LEG_1,6.31,17.91,-0.26,1,1572,1667,NE
1174404.424,X_LEG_1,6.31,17.91,-0.26,1,1572,1667,NE
1174404.445,X_LEG_1,6.31,17.91,-0.26,1,1572,1667,NE
1174404.465,X_LEG_1,6.31,17.91,-0.26,1,1572,1667,NE
1174404.485,X_LEG_1,6.31,17.91,-0.26,1,1572,1667,NE
1174404.506,X_LEG_1,6.31,17.91,-0.26,1,1572,1667,NE
1174404.526,X_LEG_1,6.31,17.91,-0.26,1,1572,1667,NE
1174404.547,X_LEG_1,6.31,17.91,-0.26,1,1572,1667,NE
1174404.567,X_LEG_1,6.43,17.87,-0.25,1,1571,1666,NE
1174404.588,X_LEG_1,6.43,17.87,-0.25,1,1571,1666,NE
1174404.608,X_LEG_1,6.43,17.87,-0.25,1,1571,1666,NE
1174404.629,X_LEG_1,6.43,17.87,-0.25,1,1571,1666,NE
1174404.649,X_LEG_1,6.43,17.87,-0.25,1,1571,1666,NE
1174404.670,X_LEG_1,6.55,17.83,-0.29,1,1571,1666,NE
1174404.690,X_LEG_1,6.55,17.83,-0.29,1,1571,1666,NE
1174404.710,X_LEG_1,6.55,17.83,-0.29,1,1571,1666,NE
1174404.731,X_LEG_1,6.55,17.83,-0.29,1,1571,1666,NE
1174404.753,X_LEG_1,6.55,17.83,-0.29,1,1571,1666,NE
1174404.773,X_LEG_1,6.67,17.78,-0.29,1,1571,1665,NE
1174404.794,X_LEG_1,6.67,17.78,-0.29,1,1571,1665,NE
1174404.815,X_LEG_1,6.67,17.78,-0.29,1,1571,1665,NE
1174404.835,X_LEG_1,6.67,17.78,-0.29,1,1571,1665,NE
1174404.856,X_LEG_1,6.67,17.78,-0.29,1,1571,1665,NE
1174404.879,X_LEG_1,6.75,17.75,-0.31,1,1571,1665,NE
1174404.899,X_LEG_1,6.75,17.75,-0.31,1,1571,1665,NE
1174404.920,X_LEG_1,6.75,17.75,-0.31,1,1571,1665,NE
1174404.940,X_LEG_1,6.75,17.75,-0.31,1,1571,1665,NE
1174404.960,X_LEG_1,6.75,17.75,-0.31,1,1571,1665,NE
1174404.981,X_LEG_1,6.75,17.75,-0.31,1,1571,1665,NE
1174405.003,X_LEG_1,6.75,17.75,-0.31,1,1571,1665,NE
1174405.023,X_LEG_1,6.75,17.75,-0.31,1,1571,1665,NE
1174405.044,X_LEG_1,6.75,17.75,-0.31,1,1571,1665,NE
1174405.065,X_LEG_1,6.75,17.75,-0.31,1,1571,1665,NE
1174405.086,X_LEG_1,6.88,17.72,-0.32,1,1571,1665,NE
1174405.106,X_LEG_1,6.88,17.72,-0.32,1,1571,1665,NE
1174405.127,X_LEG_1,6.88,17.72,-0.32,1,1571,1665,NE
1174405.147,X_LEG_1,6.88,17.72,-0.32,1,1571,1665,NE
1174405.168,X_LEG_1,6.88,17.72,-0.32,1,1571,1665,NE
1174405.188,X_LEG_1,6.96,17.68,-0.33,1,1571,1665,NE
1174405.209,X_LEG_1,6.96,17.68,-0.33,1,1571,1665,NE
1174405.229,X_LEG_1,6.96,17.68,-0.33,1,1571,1665,NE
1174405.249,X_LEG_1,6.96,17.68,-0.33,1,1571,1665,NE
1174405.270,X_LEG_1,6.96,17.68,-0.33,1,1571,1665,NE
1174405.290,X_LEG_1,7.08,17.64,-0.34,1,1571,1664,NE
1174405.311,X_LEG_1,7.08,17.64,-0.34,1,1571,1664,NE
1174405.332,X_LEG_1,7.08,17.64,-0.34,1,1571,1664,NE
1174405.353,X_LEG_1,7.08,17.64,-0.34,1,1571,1664,NE
1174405.373,X_LEG_1,7.08,17.64,-0.34,1,1571,1664,NE
1174405.395,X_LEG_1,7.08,17.64,-0.34,1,1571,1664,NE
1174405.416,X_LEG_1,7.08,17.64,-0.34,1,1571,1664,NE
1174405.436,X_LEG_1,7.08,17.64,-0.34,1,1571,1664,NE
1174405.457,X_LEG_1,7.08,17.64,-0.34,1,1571,1664,NE
1174405.477,X_LEG_1,7.08,17.64,-0.34,1,1571,1664,NE
1174405.498,X_LEG_1,7.20,17.60,-0.37,1,1570,1664,NE
1174405.519,X_LEG_1,7.20,17.60,-0.37,1,1570,1664,NE
1174405.539,X_LEG_1,7.20,17.60,-0.37,1,1570,1664,NE
1174405.559,X_LEG_1,7.20,17.60,-0.37,1,1570,1664,NE
1174405.580,X_LEG_1,7.20,17.60,-0.37,1,1570,1664,NE
1174405.600,X_LEG_1,7.33,17.55,-0.38,1,1570,1664,NE
1174405.620,X_LEG_1,7.33,17.55,-0.38,1,1570,1664,NE
1174405.641,X_LEG_1,7.33,17.55,-0.38,1,1570,1664,NE
1174405.661,X_LEG_1,7.33,17.55,-0.38,1,1570,1664,NE
1174405.681,X_LEG_1,7.33,17.55,-0.38,1,1570,1664,NE
1174405.702,X_LEG_1,7.45,17.51,-0.37,1,1570,1663,NE
1174405.722,X_LEG_1,7.45,17.51,-0.37,1,1570,1663,NE
1174405.743,X_LEG_1,7.45,17.51,-0.37,1,1570,1663,NE
1174405.763,X_LEG_1,7.45,17.51,-0.37,1,1570,1663,NE
1174405.784,X_LEG_1,7.45,17.51,-0.37,1,1570,1663,NE
1174405.805,X_LEG_1,7.45,17.48,-0.39,1,1570,1663,NE
1174405.825,X_LEG_1,7.53,17.48,-0.39,1,1570,1663,NE
1174405.845,X_LEG_1,7.53,17.48,-0.39,1,1570,1663,NE
1174405.866,X_LEG_1,7.53,17.48,-0.39,1,1570,1663,NE
1174405.886,X_LEG_1,7.53,17.48,-0.39,1,1570,1663,NE
1174405.907,X_LEG_1,7.53,17.48,-0.39,1,1570,1663,NE
1174405.927,X_LEG_1,7.53,17.48,-0.39,1,1570,1663,NE
1174405.948,X_LEG_1,7.53,17.48,-0.39,1,1570,1663,NE
1174405.968,X_LEG_1,7.53,17.48,-0.39,1,1570,1663,NE
1174405.989,X_LEG_1,7.53,17.48,-0.39,1,1570,1663,NE
1174406.009,X_LEG_1,7.65,17.44,-0.42,1,1570,1663,NE
1174406.029,X_LEG_1,7.65,17.44,-0.42,1,1570,1663,NE
1174406.050,X_LEG_1,7.65,17.44,-0.42,1,1570,1663,NE
1174406.070,X_LEG_1,7.65,17.44,-0.42,1,1570,1663,NE
1174406.091,X_LEG_1,7.65,17.44,-0.42,1,1570,1663,NE
1174406.111,X_LEG_1,7.78,17.39,-0.43,1,1570,1662,NE
1174406.131,X_LEG_1,7.78,17.39,-0.43,1,1570,1662,NE
1174406.152,X_LEG_1,7.78,17.39,-0.43,1,1570,1662,NE
1174406.172,X_LEG_1,7.78,17.39,-0.43,1,1570,1662,NE
1174406.193,X_LEG_1,7.78,17.39,-0.43,1,1570,1662,NE
1174406.213,X_LEG_1,7.90,17.34,-0.44,1,1569,1662,NE
1174406.234,X_LEG_1,7.90,17.34,-0.44,1,1569,1662,NE
1174406.254,X_LEG_1,7.90,17.34,-0.44,1,1569,1662,NE
1174406.274,X_LEG_1,7.90,17.34,-0.44,1,1569,1662,NE
1174406.295,X_LEG_1,7.90,17.34,-0.44,1,1569,1662,NE
1174406.317,X_LEG_1,7.90,17.34,-0.44,1,1569,1662,NE
1174406.337,X_LEG_1,7.90,17.34,-0.44,1,1569,1662,NE
1174406.358,X_LEG_1,7.90,17.34,-0.44,1,1569,1662,NE
1174406.379,X_LEG_1,7.90,17.34,-0.44,1,1569,1662,NE
1174406.399,X_LEG_1,7.90,17.34,-0.44,1,1569,1662,NE
1174406.420,X_LEG_1,8.03,17.30,-0.45,1,1569,1661,NE
1174406.440,X_LEG_1,8.03,17.30,-0.45,1,1569,1661,NE
1174406.461,X_LEG_1,8.03,17.30,-0.45,1,1569,1661,NE
1174406.481,X_LEG_1,8.03,17.30,-0.45,1,1569,1661,NE
1174406.502,X_LEG_1,8.03,17.30,-0.45,1,1569,1661,NE
1174406.523,X_LEG_1,8.15,17.25,-0.44,1,1569,1661,NE
1174406.543,X_LEG_1,8.15,17.25,-0.44,1,1569,1661,NE
1174406.564,X_LEG_1,8.15,17.25,-0.44,1,1569,1661,NE
1174406.584,X_LEG_1,8.15,17.25,-0.44,1,1569,1661,NE
1174406.605,X_LEG_1,8.15,17.25,-0.44,1,1569,1661,NE
1174406.625,X_LEG_1,8.28,17.21,-0.47,1,1569,1661,NE
1174406.646,X_LEG_1,8.28,17.21,-0.47,1,1569,1661,NE
1174406.666,X_LEG_1,8.28,17.21,-0.47,1,1569,1661,NE
1174406.687,X_LEG_1,8.28,17.21,-0.47,1,1569,1661,NE
1174406.709,X_LEG_1,8.28,17.21,-0.47,1,1569,1661,NE
1174406.729,X_LEG_1,8.28,17.21,-0.47,1,1569,1661,NE
1174406.750,X_LEG_1,8.28,17.21,-0.47,1,1569,1661,NE
1174406.772,X_LEG_1,8.28,17.21,-0.47,1,1569,1661,NE
1174406.792,X_LEG_1,8.28,17.21,-0.47,1,1569,1661,NE
1174406.812,X_LEG_1,8.28,17.21,-0.47,1,1569,1661,NE
1174406.834,X_LEG_1,8.40,17.16,-0.50,1,1569,1660,NE
1174406.854,X_LEG_1,8.40,17.16,-0.50,1,1569,1660,NE
1174406.875,X_LEG_1,8.40,17.16,-0.50,1,1569,1660,NE
1174406.895,X_LEG_1,8.40,17.16,-0.50,1,1569,1660,NE
1174406.916,X_LEG_1,8.40,17.16,-0.50,1,1569,1660,NE
1174406.936,X_LEG_1,8.53,17.12,-0.49,1,1568,1660,NE
1174406.957,X_LEG_1,8.53,17.12,-0.49,1,1568,1660,NE
1174406.977,X_LEG_1,8.53,17.12,-0.49,1,1568,1660,NE
1174406.997,X_LEG_1,8.53,17.12,-0.49,1,1568,1660,NE
1174407.018,X_LEG_1,8.53,17.12,-0.49,1,1568,1660,NE
1174407.039,X_LEG_1,8.65,17.07,-0.50,1,1568,1660,NE
1174407.059,X_LEG_1,8.65,17.07,-0.50,1,1568,1660,NE
1174407.079,X_LEG_1,8.65,17.07,-0.50,1,1568,1660,NE
1174407.100,X_LEG_1,8.65,17.07,-0.50,1,1568,1660,NE
1174407.120,X_LEG_1,8.65,17.07,-0.50,1,1568,1660,NE
1174407.141,X_LEG_1,8.65,17.07,-0.50,1,1568,1660,NE
1174407.161,X_LEG_1,8.65,17.07,-0.50,1,1568,1660,NE
1174407.182,X_LEG_1,8.65,17.07,-0.50,1,1568,1660,NE
1174407.202,X_LEG_1,8.65,17.07,-0.50,1,1568,1660,NE
1174407.223,X_LEG_1,8.65,17.07,-0.50,1,1568,1660,NE
1174407.243,X_LEG_1,8.65,17.07,-0.50,1,1568,1660,NE
1174407.264,X_LEG_1,8.65,17.07,-0.50,1,1568,1660,NE
1174407.284,X_LEG_1,8.65,17.07,-0.50,1,1568,1660,NE
1174407.305,X_LEG_1,8.65,17.07,-0.50,1,1568,1660,NE
1174407.326,X_LEG_1,8.65,17.07,-0.50,1,1568,1660,NE
1174407.347,X_LEG_1,8.78,17.03,-0.51,1,1568,1659,NE
1174407.367,X_LEG_1,8.78,17.03,-0.51,1,1568,1659,NE
1174407.387,X_LEG_1,8.78,17.03,-0.51,1,1568,1659,NE
1174407.407,X_LEG_1,8.78,17.03,-0.51,1,1568,1659,NE
1174407.428,X_LEG_1,8.78,17.03,-0.51,1,1568,1659,NE
1174407.448,X_LEG_1,8.90,16.98,-0.52,1,1568,1659,NE
1174407.469,X_LEG_1,8.90,16.98,-0.52,1,1568,1659,NE
1174407.489,X_LEG_1,8.90,16.98,-0.52,1,1568,1659,NE
1174407.510,X_LEG_1,8.90,16.98,-0.52,1,1568,1659,NE
1174407.530,X_LEG_1,8.90,16.98,-0.52,1,1568,1659,NE
1174407.550,X_LEG_1,9.03,16.93,-0.53,1,1568,1658,NE
1174407.570,X_LEG_1,9.03,16.93,-0.53,1,1568,1658,NE
1174407.591,X_LEG_1,9.03,16.93,-0.53,1,1568,1658,NE
1174407.612,X_LEG_1,9.03,16.93,-0.53,1,1568,1658,NE
1174407.632,X_LEG_1,9.03,16.93,-0.53,1,1568,1658,NE
1174407.653,X_LEG_1,9.03,16.93,-0.53,1,1568,1658,NE
1174407.673,X_LEG_1,9.03,16.93,-0.53,1,1568,1658,NE
1174407.693,X_LEG_1,9.03,16.93,-0.53,1,1568,1658,NE
1174407.714,X_LEG_1,9.03,16.93,-0.53,1,1568,1658,NE
1174407.734,X_LEG_1,9.03,16.93,-0.53,1,1568,1658,NE
1174407.755,X_LEG_1,9.15,16.89,-0.56,1,1568,1658,NE
1174407.776,X_LEG_1,9.15,16.89,-0.56,1,1568,1658,NE
1174407.796,X_LEG_1,9.15,16.89,-0.56,1,1568,1658,NE
1174407.817,X_LEG_1,9.15,16.89,-0.56,1,1568,1658,NE
1174407.837,X_LEG_1,9.15,16.89,-0.56,1,1568,1658,NE
1174407.858,X_LEG_1,9.28,16.85,-0.57,1,1567,1658,NE
1174407.878,X_LEG_1,9.28,16.85,-0.57,1,1567,1658,NE
1174407.898,X_LEG_1,9.28,16.85,-0.57,1,1567,1658,NE
1174407.919,X_LEG_1,9.28,16.85,-0.57,1,1567,1658,NE
1174407.939,X_LEG_1,9.28,16.85,-0.57,1,1567,1658,NE
1174407.959,X_LEG_1,9.36,16.81,-0.59,1,1567,1657,NE
1174407.980,X_LEG_1,9.36,16.81,-0.59,1,1567,1657,NE
1174408.000,X_LEG_1,9.36,16.81,-0.59,1,1567,1657,NE
1174408.021,X_LEG_1,9.36,16.81,-0.59,1,1567,1657,NE
1174408.042,X_LEG_1,9.36,16.81,-0.59,1,1567,1657,NE
1174408.063,X_LEG_1,9.49,16.77,-0.60,1,1567,1657,NE
1174408.083,X_LEG_1,9.49,16.77,-0.60,1,1567,1657,NE
1174408.103,X_LEG_1,9.49,16.77,-0.60,1,1567,1657,NE
1174408.124,X_LEG_1,9.49,16.77,-0.60,1,1567,1657,NE
1174408.145,X_LEG_1,9.49,16.77,-0.60,1,1567,1657,NE
1174408.165,X_LEG_1,9.49,16.77,-0.60,1,1567,1657,NE
1174408.185,X_LEG_1,9.49,16.77,-0.60,1,1567,1657,NE
1174408.206,X_LEG_1,9.49,16.77,-0.60,1,1567,1657,NE
1174408.227,X_LEG_1,9.49,16.77,-0.60,1,1567,1657,NE
1174408.248,X_LEG_1,9.49,16.77,-0.60,1,1567,1657,NE
1174408.269,X_LEG_1,9.61,16.72,-0.61,1,1567,1657,NE
1174408.290,X_LEG_1,9.61,16.72,-0.61,1,1567,1657,NE
1174408.310,X_LEG_1,9.61,16.72,-0.61,1,1567,1657,NE
1174408.331,X_LEG_1,9.61,16.72,-0.61,1,1567,1657,NE
1174408.353,X_LEG_1,9.61,16.72,-0.61,1,1567,1657,NE
1174408.374,X_LEG_1,9.74,16.67,-0.62,1,1567,1656,NE
1174408.394,X_LEG_1,9.74,16.67,-0.62,1,1567,1656,NE
1174408.415,X_LEG_1,9.74,16.67,-0.62,1,1567,1656,NE
1174408.435,X_LEG_1,9.74,16.67,-0.62,1,1567,1656,NE
1174408.456,X_LEG_1,9.74,16.67,-0.62,1,1567,1656,NE
1174408.477,X_LEG_1,9.82,16.64,-0.63,1,1567,1656,NE
1174408.498,X_LEG_1,9.82,16.64,-0.63,1,1567,1656,NE
1174408.518,X_LEG_1,9.82,16.64,-0.63,1,1567,1656,NE
1174408.550,X_LEG_1,9.82,16.64,-0.63,1,1567,1656,NE
1174408.572,X_LEG_1,9.82,16.64,-0.63,1,1567,1656,NE
1174408.593,X_LEG_1,9.82,16.64,-0.63,1,1567,1656,NE
1174408.616,X_LEG_1,9.82,16.64,-0.63,1,1567,1656,NE
1174408.637,X_LEG_1,9.82,16.64,-0.63,1,1567,1656,NE
1174408.657,X_LEG_1,9.82,16.64,-0.63,1,1567,1656,NE
1174408.677,X_LEG_1,9.82,16.64,-0.63,1,1567,1656,NE
1174408.698,X_LEG_1,9.90,16.61,-0.64,1,1566,1656,NE
1174408.718,X_LEG_1,9.90,16.61,-0.64,1,1566,1656,NE
1174408.738,X_LEG_1,9.90,16.61,-0.64,1,1566,1656,NE
1174408.759,X_LEG_1,9.90,16.61,-0.64,1,1566,1656,NE
1174408.779,X_LEG_1,9.90,16.61,-0.64,1,1566,1656,NE
1174408.801,X_LEG_1,9.99,16.58,-0.64,1,1566,1656,NE
1174408.821,X_LEG_1,9.99,16.58,-0.64,1,1566,1656,NE
1174408.842,X_LEG_1,9.99,16.58,-0.64,1,1566,1656,NE
1174408.864,X_LEG_1,9.99,16.58,-0.64,1,1566,1656,NE
1174408.884,X_LEG_1,9.99,16.58,-0.64,1,1566,1656,NE
1174408.904,X_LEG_1,9.99,16.58,-0.64,1,1566,1656,NE
1174408.925,X_LEG_1,9.99,16.58,-0.64,1,1566,1656,NE
1174408.946,X_LEG_1,9.99,16.58,-0.64,1,1566,1656,NE
1174408.966,X_LEG_1,9.99,16.58,-0.64,1,1566,1656,NE
1174408.991,X_LEG_1,9.99,16.58,-0.64,1,1566,1656,NE
1174409.012,X_LEG_1,10.11,16.53,-0.65,1,1566,1655,NE
1174409.032,X_LEG_1,10.11,16.53,-0.65,1,1566,1655,NE
1174409.052,X_LEG_1,10.11,16.53,-0.65,1,1566,1655,NE
1174409.073,X_LEG_1,10.11,16.53,-0.65,1,1566,1655,NE
1174409.095,X_LEG_1,10.11,16.53,-0.65,1,1566,1655,NE
1174409.116,X_LEG_1,10.19,16.50,-0.66,1,1566,1655,NE
1174409.136,X_LEG_1,10.19,16.50,-0.66,1,1566,1655,NE
1174409.157,X_LEG_1,10.19,16.50,-0.66,1,1566,1655,NE
1174409.177,X_LEG_1,10.19,16.50,-0.66,1,1566,1655,NE
1174409.198,X_LEG_1,10.19,16.50,-0.66,1,1566,1655,NE
1174409.218,X_LEG_1,10.31,16.45,-0.67,1,1566,1655,NE
1174409.238,X_LEG_1,10.31,16.45,-0.67,1,1566,1655,NE
1174409.259,X_LEG_1,10.31,16.45,-0.67,1,1566,1655,NE
1174409.279,X_LEG_1,10.31,16.45,-0.67,1,1566,1655,NE
1174409.300,X_LEG_1,10.31,16.45,-0.67,1,1566,1655,NE
1174409.320,X_LEG_1,10.40,16.42,-0.69,1,1566,1654,NE
1174409.340,X_LEG_1,10.40,16.42,-0.69,1,1566,1654,NE
1174409.361,X_LEG_1,10.40,16.42,-0.69,1,1566,1654,NE
1174409.381,X_LEG_1,10.40,16.42,-0.69,1,1566,1654,NE
1174409.402,X_LEG_1,10.40,16.42,-0.69,1,1566,1654,NE
1174409.422,X_LEG_1,10.48,16.39,-0.68,1,1566,1654,NE
1174409.443,X_LEG_1,10.48,16.39,-0.68,1,1566,1654,NE
1174409.463,X_LEG_1,10.48,16.39,-0.68,1,1566,1654,NE
1174409.483,X_LEG_1,10.48,16.39,-0.68,1,1566,1654,NE
1174409.504,X_LEG_1,10.48,16.39,-0.68,1,1566,1654,NE
1174409.524,X_LEG_1,10.56,16.36,-0.69,1,1565,1654,NE
1174409.545,X_LEG_1,10.56,16.36,-0.69,1,1565,1654,NE
1174409.566,X_LEG_1,10.56,16.36,-0.69,1,1565,1654,NE
1174409.587,X_LEG_1,10.56,16.36,-0.69,1,1565,1654,NE
1174409.607,X_LEG_1,10.56,16.36,-0.69,1,1565,1654,NE
1174409.627,X_LEG_1,10.68,16.31,-0.70,1,1565,1653,NE
1174409.648,X_LEG_1,10.68,16.31,-0.70,1,1565,1653,NE
1174409.668,X_LEG_1,10.68,16.31,-0.70,1,1565,1653,NE
1174409.691,X_LEG_1,10.68,16.31,-0.70,1,1565,1653,NE
1174409.711,X_LEG_1,10.68,16.31,-0.70,1,1565,1653,NE
1174409.732,X_LEG_1,10.68,16.31,-0.70,1,1565,1653,NE
1174409.752,X_LEG_1,10.68,16.31,-0.70,1,1565,1653,NE
1174409.773,X_LEG_1,10.68,16.31,-0.70,1,1565,1653,NE
1174409.793,X_LEG_1,10.68,16.31,-0.70,1,1565,1653,NE
1174409.815,X_LEG_1,10.68,16.31,-0.70,1,1565,1653,NE
1174409.834,X_LEG_1,10.81,16.26,-0.71,1,1565,1653,NE
1174409.855,X_LEG_1,10.81,16.26,-0.71,1,1565,1653,NE
1174409.876,X_LEG_1,10.81,16.26,-0.71,1,1565,1653,NE
1174409.897,X_LEG_1,10.81,16.26,-0.71,1,1565,1653,NE
1174409.917,X_LEG_1,10.81,16.26,-0.71,1,1565,1653,NE
1174409.937,X_LEG_1,10.93,16.21,-0.73,1,1565,1653,NE
1174409.958,X_LEG_1,10.93,16.21,-0.73,1,1565,1653,NE
1174409.978,X_LEG_1,10.93,16.21,-0.73,1,1565,1653,NE
1174409.999,X_LEG_1,10.93,16.21,-0.73,1,1565,1653,NE
1174410.019,X_LEG_1,10.93,16.21,-0.73,1,1565,1653,NE
1174410.040,X_LEG_1,11.01,16.18,-0.74,1,1565,1652,NE
1174410.060,X_LEG_1,11.01,16.18,-0.74,1,1565,1652,NE
1174410.081,X_LEG_1,11.01,16.18,-0.74,1,1565,1652,NE
1174410.101,X_LEG_1,11.01,16.18,-0.74,1,1565,1652,NE
1174410.122,X_LEG_1,11.01,16.18,-0.74,1,1565,1652,NE
1174410.144,X_LEG_1,11.13,16.13,-0.75,1,1565,1652,NE
1174410.164,X_LEG_1,11.13,16.13,-0.75,1,1565,1652,NE
1174410.185,X_LEG_1,11.13,16.13,-0.75,1,1565,1652,NE
1174410.207,X_LEG_1,11.13,16.13,-0.75,1,1565,1652,NE
1174410.227,X_LEG_1,11.13,16.13,-0.75,1,1565,1652,NE
1174410.247,X_LEG_1,11.13,16.13,-0.75,1,1565,1652,NE
1174410.268,X_LEG_1,11.13,16.13,-0.75,1,1565,1652,NE
1174410.288,X_LEG_1,11.13,16.13,-0.75,1,1565,1652,NE
1174410.309,X_LEG_1,11.13,16.13,-0.75,1,1565,1652,NE
1174410.330,X_LEG_1,11.13,16.13,-0.75,1,1565,1652,NE
1174410.350,X_LEG_1,11.25,16.09,-0.76,1,1564,1652,NE
1174410.371,X_LEG_1,11.25,16.09,-0.76,1,1564,1652,NE
1174410.391,X_LEG_1,11.25,16.09,-0.76,1,1564,1652,NE
1174410.411,X_LEG_1,11.25,16.09,-0.76,1,1564,1652,NE
1174410.432,X_LEG_1,11.25,16.09,-0.76,1,1564,1652,NE
1174410.453,X_LEG_1,11.37,16.04,-0.77,1,1564,1651,NE
1174410.473,X_LEG_1,11.37,16.04,-0.77,1,1564,1651,NE
1174410.494,X_LEG_1,11.37,16.04,-0.77,1,1564,1651,NE
1174410.515,X_LEG_1,11.37,16.04,-0.77,1,1564,1651,NE
1174410.535,X_LEG_1,11.37,16.04,-0.77,1,1564,1651,NE
1174410.555,X_LEG_1,11.49,15.99,0.22,1,1564,1651,NE
1174410.576,X_LEG_1,11.49,15.99,0.22,1,1564,1651,NE
1174410.596,X_LEG_1,11.49,15.99,0.22,1,1564,1651,NE
1174410.617,X_LEG_1,11.49,15.99,0.22,1,1564,1651,NE
1174410.637,X_LEG_1,11.49,15.99,0.22,1,1564,1651,NE
1174410.658,X_LEG_1,11.49,15.99,0.22,1,1564,1651,NE
1174410.679,X_LEG_1,11.49,15.99,0.22,1,1564,1651,NE
1174410.699,X_LEG_1,11.49,15.99,0.22,1,1564,1651,NE
1174410.719,X_LEG_1,11.49,15.99,0.22,1,1564,1651,NE
1174410.740,X_LEG_1,11.49,15.99,0.22,1,1564,1651,NE
1174410.760,X_LEG_1,11.61,15.95,0.20,1,1564,1651,NE
1174410.780,X_LEG_1,11.61,15.95,0.20,1,1564,1651,NE
1174410.801,X_LEG_1,11.61,15.95,0.20,1,1564,1651,NE
1174410.821,X_LEG_1,11.61,15.95,0.20,1,1564,1651,NE
1174410.842,X_LEG_1,11.61,15.95,0.20,1,1564,1651,NE
1174410.864,X_LEG_1,11.73,15.90,0.19,1,1564,1650,NE
1174410.885,X_LEG_1,11.73,15.90,0.19,1,1564,1650,NE
1174410.906,X_LEG_1,11.73,15.90,0.19,1,1564,1650,NE
1174410.926,X_LEG_1,11.73,15.90,0.19,1,1564,1650,NE
1174410.947,X_LEG_1,11.73,15.90,0.19,1,1564,1650,NE
1174410.967,X_LEG_1,11.85,15.85,0.18,1,1563,1650,NE
1174410.988,X_LEG_1,11.85,15.85,0.18,1,1563,1650,NE
1174411.008,X_LEG_1,11.85,15.85,0.18,1,1563,1650,NE
1174411.029,X_LEG_1,11.85,15.85,0.18,1,1563,1650,NE
1174411.051,X_LEG_1,11.85,15.85,0.18,1,1563,1650,NE
1174411.071,X_LEG_1,11.85,15.85,0.18,1,1563,1650,NE
1174411.092,X_LEG_1,11.85,15.85,0.18,1,1563,1650,NE
1174411.112,X_LEG_1,11.85,15.85,0.18,1,1563,1650,NE
1174411.133,X_LEG_1,11.85,15.85,0.18,1,1563,1650,NE
1174411.153,X_LEG_1,11.85,15.85,0.18,1,1563,1650,NE
1174411.173,X_LEG_1,11.97,15.80,0.17,1,1563,1650,NE
1174411.194,X_LEG_1,11.97,15.80,0.17,1,1563,1650,NE
1174411.214,X_LEG_1,11.97,15.80,0.17,1,1563,1650,NE
1174411.234,X_LEG_1,11.97,15.80,0.17,1,1563,1650,NE
1174411.255,X_LEG_1,11.97,15.80,0.17,1,1563,1650,NE
1174411.275,X_LEG_1,12.08,15.75,0.14,1,1563,1649,NE
1174411.295,X_LEG_1,12.08,15.75,0.14,1,1563,1649,NE
1174411.316,X_LEG_1,12.08,15.75,0.14,1,1563,1649,NE
1174411.336,X_LEG_1,12.08,15.75,0.14,1,1563,1649,NE
1174411.357,X_LEG_1,12.08,15.75,0.14,1,1563,1649,NE
1174411.377,X_LEG_1,12.20,15.71,0.12,1,1563,1649,NE
1174411.398,X_LEG_1,12.20,15.71,0.12,1,1563,1649,NE
1174411.418,X_LEG_1,12.20,15.71,0.12,1,1563,1649,NE
1174411.438,X_LEG_1,12.20,15.71,0.12,1,1563,1649,NE
1174411.458,X_LEG_1,12.20,15.71,0.12,1,1563,1649,NE
1174411.479,X_LEG_1,12.31,15.66,0.11,1,1563,1649,NE
1174411.499,X_LEG_1,12.31,15.66,0.11,1,1563,1649,NE
1174411.520,X_LEG_1,12.31,15.66,0.11,1,1563,1649,NE
1174411.540,X_LEG_1,12.31,15.66,0.11,1,1563,1649,NE
1174411.561,X_LEG_1,12.31,15.66,0.11,1,1563,1649,NE
1174411.582,X_LEG_1,12.43,15.61,0.10,1,1562,1648,NE
1174411.602,X_LEG_1,12.43,15.61,0.10,1,1562,1648,NE
1174411.622,X_LEG_1,12.43,15.61,0.10,1,1562,1648,NE
1174411.643,X_LEG_1,12.43,15.61,0.10,1,1562,1648,NE
1174411.664,X_LEG_1,12.43,15.61,0.10,1,1562,1648,NE
1174411.684,X_LEG_1,12.43,15.61,-0.90,1,1562,1648,NE
1174411.705,X_LEG_1,12.43,15.61,-0.90,1,1562,1648,NE
1174411.725,X_LEG_1,12.43,15.61,-0.90,1,1562,1648,NE
1174411.746,X_LEG_1,12.43,15.61,-0.90,1,1562,1648,NE
1174411.766,X_LEG_1,12.43,15.61,-0.90,1,1562,1648,NE
1174411.787,X_LEG_1,12.54,15.56,-0.91,1,1562,1648,NE
1174411.807,X_LEG_1,12.54,15.56,-0.91,1,1562,1648,NE
1174411.828,X_LEG_1,12.54,15.56,-0.91,1,1562,1648,NE
1174411.848,X_LEG_1,12.54,15.56,-0.91,1,1562,1648,NE
1174411.871,X_LEG_1,12.54,15.56,-0.91,1,1562,1648,NE
1174411.891,X_LEG_1,12.65,15.52,-0.92,1,1562,1648,NE
1174411.911,X_LEG_1,12.65,15.52,-0.92,1,1562,1648,NE
1174411.932,X_LEG_1,12.65,15.52,-0.92,1,1562,1648,NE
1174411.952,X_LEG_1,12.65,15.52,-0.92,1,1562,1648,NE
1174411.973,X_LEG_1,12.65,15.52,-0.92,1,1562,1648,NE
1174411.994,X_LEG_1,12.77,15.47,-0.93,1,1562,1647,NE
1174412.016,X_LEG_1,12.77,15.47,-0.93,1,1562,1647,NE
1174412.037,X_LEG_1,12.77,15.47,-0.93,1,1562,1647,NE
1174412.057,X_LEG_1,12.77,15.47,-0.93,1,1562,1647,NE
1174412.077,X_LEG_1,12.77,15.47,-0.93,1,1562,1647,NE
1174412.099,X_LEG_1,12.84,15.44,-0.95,1,1562,1647,NE
1174412.119,X_LEG_1,12.84,15.44,-0.95,1,1562,1647,NE
1174412.140,X_LEG_1,12.84,15.44,-0.95,1,1562,1647,NE
1174412.161,X_LEG_1,12.84,15.44,-0.95,1,1562,1647,NE
1174412.182,X_LEG_1,12.84,15.44,-0.95,1,1562,1647,NE
1174412.202,X_LEG_1,12.84,15.44,-0.95,1,1562,1647,NE
1174412.223,X_LEG_1,12.84,15.44,-0.95,1,1562,1647,NE
1174412.243,X_LEG_1,12.84,15.44,-0.95,1,1562,1647,NE
1174412.264,X_LEG_1,12.84,15.44,-0.95,1,1562,1647,NE
1174412.286,X_LEG_1,12.84,15.44,-0.95,1,1562,1647,NE
1174412.307,X_LEG_1,12.92,15.41,0.06,1,1562,1647,NE
1174412.327,X_LEG_1,12.92,15.41,0.06,1,1562,1647,NE
1174412.347,X_LEG_1,12.92,15.41,0.06,1,1562,1647,NE
1174412.368,X_LEG_1,12.92,15.41,0.06,1,1562,1647,NE
1174412.388,X_LEG_1,12.92,15.41,0.06,1,1562,1647,NE
1174412.409,X_LEG_1,12.99,15.38,0.04,1,1562,1647,NE
1174412.430,X_LEG_1,12.99,15.38,0.04,1,1562,1647,NE
1174412.450,X_LEG_1,12.99,15.38,0.04,1,1562,1647,NE
1174412.470,X_LEG_1,12.99,15.38,0.04,1,1562,1647,NE
1174412.491,X_LEG_1,12.99,15.38,0.04,1,1562,1647,NE
1174412.511,X_LEG_1,13.10,15.33,0.03,1,1561,1646,NE
1174412.532,X_LEG_1,13.10,15.33,0.03,1,1561,1646,NE
1174412.552,X_LEG_1,13.10,15.33,0.03,1,1561,1646,NE
1174412.572,X_LEG_1,13.10,15.33,0.03,1,1561,1646,NE
1174412.593,X_LEG_1,13.10,15.33,0.03,1,1561,1646,NE
1174412.613,X_LEG_1,13.21,15.28,0.02,1,1561,1646,NE
1174412.634,X_LEG_1,13.21,15.28,0.02,1,1561,1646,NE
1174412.654,X_LEG_1,13.21,15.28,0.02,1,1561,1646,NE
1174412.675,X_LEG_1,13.21,15.28,0.02,1,1561,1646,NE
1174412.696,X_LEG_1,13.21,15.28,0.02,1,1561,1646,NE
1174412.717,X_LEG_1,13.28,15.25,0.00,1,1561,1646,NE
1174412.737,X_LEG_1,13.28,15.25,0.00,1,1561,1646,NE
1174412.758,X_LEG_1,13.28,15.25,0.00,1,1561,1646,NE
1174412.778,X_LEG_1,13.28,15.25,0.00,1,1561,1646,NE
1174412.801,X_LEG_1,13.28,15.25,0.00,1,1561,1646,NE
1174412.822,X_LEG_1,13.28,15.25,0.00,1,1561,1646,NE
1174412.842,X_LEG_1,13.28,15.25,0.00,1,1561,1646,NE
1174412.863,X_LEG_1,13.28,15.25,0.00,1,1561,1646,NE
1174412.883,X_LEG_1,13.28,15.25,0.00,1,1561,1646,NE
1174412.904,X_LEG_1,13.28,15.25,0.00,1,1561,1646,NE
1174412.925,X_LEG_1,13.39,15.20,-0.01,1,1561,1645,NE
1174412.945,X_LEG_1,13.39,15.20,-0.01,1,1561,1645,NE
1174412.965,X_LEG_1,13.39,15.20,-0.01,1,1561,1645,NE
1174412.986,X_LEG_1,13.39,15.20,-0.01,1,1561,1645,NE
1174413.007,X_LEG_1,13.39,15.20,-0.01,1,1561,1645,NE
1174413.027,X_LEG_1,13.46,15.17,-0.00,1,1561,1645,NE
1174413.047,X_LEG_1,13.46,15.17,-0.00,1,1561,1645,NE
1174413.068,X_LEG_1,13.46,15.17,-0.00,1,1561,1645,NE
1174413.089,X_LEG_1,13.46,15.17,-0.00,1,1561,1645,NE
1174413.109,X_LEG_1,13.46,15.17,-0.00,1,1561,1645,NE
1174413.129,X_LEG_1,13.57,15.13,-0.02,1,1561,1645,NE
1174413.150,X_LEG_1,13.57,15.13,-0.02,1,1561,1645,NE
1174413.170,X_LEG_1,13.57,15.13,-0.02,1,1561,1645,NE
1174413.191,X_LEG_1,13.57,15.13,-0.02,1,1561,1645,NE
1174413.211,X_LEG_1,13.57,15.13,-0.02,1,1561,1645,NE
1174413.231,X_LEG_1,13.57,15.13,-0.02,1,1561,1645,NE
1174413.252,X_LEG_1,13.57,15.13,-0.02,1,1561,1645,NE
1174413.272,X_LEG_1,13.57,15.13,-0.02,1,1561,1645,NE
1174413.293,X_LEG_1,13.57,15.13,-0.02,1,1561,1645,NE
1174413.313,X_LEG_1,13.57,15.13,-0.02,1,1561,1645,NE
1174413.334,X_LEG_1,13.67,15.08,-0.03,1,1560,1644,NE
1174413.354,X_LEG_1,13.67,15.08,-0.03,1,1560,1644,NE
1174413.375,X_LEG_1,13.67,15.08,-0.03,1,1560,1644,NE
1174413.395,X_LEG_1,13.67,15.08,-0.03,1,1560,1644,NE
1174413.416,X_LEG_1,13.67,15.08,-0.03,1,1560,1644,NE
1174413.436,X_LEG_1,13.74,15.05,-0.05,1,1560,1644,NE
1174413.456,X_LEG_1,13.74,15.05,-0.05,1,1560,1644,NE
1174413.477,X_LEG_1,13.74,15.05,-0.05,1,1560,1644,NE
1174413.497,X_LEG_1,13.74,15.05,-0.05,1,1560,1644,NE
1174413.518,X_LEG_1,13.74,15.05,-0.05,1,1560,1644,NE
1174413.538,X_LEG_1,13.85,15.00,-0.06,1,1560,1644,NE
1174413.558,X_LEG_1,13.85,15.00,-0.06,1,1560,1644,NE
1174413.579,X_LEG_1,13.85,15.00,-0.06,1,1560,1644,NE
1174413.599,X_LEG_1,13.85,15.00,-0.06,1,1560,1644,NE
1174413.619,X_LEG_1,13.85,15.00,-0.06,1,1560,1644,NE
1174413.641,X_LEG_1,13.92,14.97,-0.08,1,1560,1644,NE
1174413.661,X_LEG_1,13.92,14.97,-0.08,1,1560,1644,NE
1174413.681,X_LEG_1,13.92,14.97,-0.08,1,1560,1644,NE
1174413.702,X_LEG_1,13.92,14.97,-0.08,1,1560,1644,NE
1174413.722,X_LEG_1,13.92,14.97,-0.08,1,1560,1644,NE
1174413.743,X_LEG_1,14.02,14.92,-0.06,1,1560,1643,NE
1174413.763,X_LEG_1,14.02,14.92,-0.06,1,1560,1643,NE
1174413.784,X_LEG_1,14.02,14.92,-0.06,1,1560,1643,NE
1174413.804,X_LEG_1,14.02,14.92,-0.06,1,1560,1643,NE
1174413.825,X_LEG_1,14.02,14.92,-0.06,1,1560,1643,NE
1174413.845,X_LEG_1,14.02,14.92,-0.06,1,1560,1643,NE
1174413.865,X_LEG_1,14.02,14.92,-0.06,1,1560,1643,NE
1174413.886,X_LEG_1,14.02,14.92,-0.06,1,1560,1643,NE
1174413.907,X_LEG_1,14.02,14.92,-0.06,1,1560,1643,NE
1174413.927,X_LEG_1,14.02,14.92,-0.06,1,1560,1643,NE
1174413.948,X_LEG_1,14.12,14.88,-0.08,1,1560,1643,NE
1174413.968,X_LEG_1,14.12,14.88,-0.08,1,1560,1643,NE
1174413.988,X_LEG_1,14.12,14.88,-0.08,1,1560,1643,NE
1174414.009,X_LEG_1,14.12,14.88,-0.08,1,1560,1643,NE
1174414.029,X_LEG_1,14.12,14.88,-0.08,1,1560,1643,NE
1174414.050,X_LEG_1,14.22,14.83,-0.09,1,1559,1643,NE
1174414.071,X_LEG_1,14.22,14.83,-0.09,1,1559,1643,NE
1174414.092,X_LEG_1,14.22,14.83,-0.09,1,1559,1643,NE
1174414.112,X_LEG_1,14.22,14.83,-0.09,1,1559,1643,NE
1174414.133,X_LEG_1,14.22,14.83,-0.09,1,1559,1643,NE
1174414.154,X_LEG_1,14.22,14.83,-0.09,1,1559,1643,NE
1174414.174,X_LEG_1,14.22,14.83,-0.09,1,1559,1643,NE
1174414.194,X_LEG_1,14.22,14.83,-0.09,1,1559,1643,NE
1174414.216,X_LEG_1,14.22,14.83,-0.09,1,1559,1643,NE
1174414.236,X_LEG_1,14.22,14.83,-0.09,1,1559,1643,NE
1174414.256,X_LEG_1,14.32,14.78,-0.10,1,1559,1643,NE
1174414.277,X_LEG_1,14.32,14.78,-0.10,1,1559,1643,NE
1174414.297,X_LEG_1,14.32,14.78,-0.10,1,1559,1643,NE
1174414.318,X_LEG_1,14.32,14.78,-0.10,1,1559,1643,NE
1174414.339,X_LEG_1,14.32,14.78,-0.10,1,1559,1643,NE
1174414.359,X_LEG_1,14.42,14.74,-0.12,1,1559,1642,NE
1174414.380,X_LEG_1,14.42,14.74,-0.12,1,1559,1642,NE
1174414.400,X_LEG_1,14.42,14.74,-0.12,1,1559,1642,NE
1174414.421,X_LEG_1,14.42,14.74,-0.12,1,1559,1642,NE
1174414.441,X_LEG_1,14.42,14.74,-0.12,1,1559,1642,NE
1174414.462,X_LEG_1,14.51,14.69,-0.13,1,1559,1642,NE
1174414.484,X_LEG_1,14.51,14.69,-0.13,1,1559,1642,NE
1174414.504,X_LEG_1,14.51,14.69,-0.13,1,1559,1642,NE
1174414.524,X_LEG_1,14.51,14.69,-0.13,1,1559,1642,NE
1174414.546,X_LEG_1,14.51,14.69,-0.13,1,1559,1642,NE
1174414.567,X_LEG_1,14.51,14.69,-0.13,1,1559,1642,NE
1174414.587,X_LEG_1,14.51,14.69,-0.13,1,1559,1642,NE
1174414.608,X_LEG_1,14.51,14.69,-0.13,1,1559,1642,NE
1174414.628,X_LEG_1,14.51,14.69,-0.13,1,1559,1642,NE
1174414.648,X_LEG_1,14.51,14.69,-0.13,1,1559,1642,NE
1174414.669,X_LEG_1,14.51,14.64,-0.14,1,1559,1642,NE
1174414.690,X_LEG_1,14.61,14.64,-0.14,1,1559,1642,NE
1174414.710,X_LEG_1,14.61,14.64,-0.14,1,1559,1642,NE
1174414.731,X_LEG_1,14.61,14.64,-0.14,1,1559,1642,NE
1174414.752,X_LEG_1,14.61,14.64,-0.14,1,1559,1642,NE
1174414.772,X_LEG_1,14.71,14.60,-0.16,1,1558,1641,NE
1174414.792,X_LEG_1,14.71,14.60,-0.16,1,1558,1641,NE
1174414.813,X_LEG_1,14.71,14.60,-0.16,1,1558,1641,NE
1174414.834,X_LEG_1,14.71,14.60,-0.16,1,1558,1641,NE
1174414.854,X_LEG_1,14.71,14.60,-0.16,1,1558,1641,NE
1174414.874,X_LEG_1,14.80,14.55,-0.17,1,1558,1641,NE
1174414.895,X_LEG_1,14.80,14.55,-0.17,1,1558,1641,NE
1174414.915,X_LEG_1,14.80,14.55,-0.17,1,1558,1641,NE
1174414.936,X_LEG_1,14.80,14.55,-0.17,1,1558,1641,NE
1174414.956,X_LEG_1,14.80,14.55,-0.17,1,1558,1641,NE
1174414.977,X_LEG_1,14.80,14.55,-0.17,1,1558,1641,NE
1174414.998,X_LEG_1,14.80,14.55,-0.17,1,1558,1641,NE
1174415.018,X_LEG_1,14.80,14.55,-0.17,1,1558,1641,NE
1174415.039,X_LEG_1,14.80,14.55,-0.17,1,1558,1641,NE
1174415.059,X_LEG_1,14.80,14.55,-0.17,1,1558,1641,NE
1174415.080,X_LEG_1,14.89,14.50,-0.18,1,1558,1641,NE
1174415.101,X_LEG_1,14.89,14.50,-0.18,1,1558,1641,NE
1174415.121,X_LEG_1,14.89,14.50,-0.18,1,1558,1641,NE
1174415.141,X_LEG_1,14.89,14.50,-0.18,1,1558,1641,NE
1174415.162,X_LEG_1,14.89,14.50,-0.18,1,1558,1641,NE
1174415.182,X_LEG_1,14.98,14.45,-0.20,1,1558,1641,NE
1174415.203,X_LEG_1,14.98,14.45,-0.20,1,1558,1641,NE
1174415.224,X_LEG_1,14.98,14.45,-0.20,1,1558,1641,NE
1174415.244,X_LEG_1,14.98,14.45,-0.20,1,1558,1641,NE
1174415.264,X_LEG_1,14.98,14.45,-0.20,1,1558,1641,NE
1174415.285,X_LEG_1,15.07,14.41,-0.21,1,1558,1641,NE
1174415.305,X_LEG_1,15.07,14.41,-0.21,1,1558,1641,NE
1174415.326,X_LEG_1,15.07,14.41,-0.21,1,1558,1641,NE
1174415.346,X_LEG_1,15.07,14.41,-0.21,1,1558,1641,NE
1174415.367,X_LEG_1,15.07,14.41,-0.21,1,1558,1641,NE
1174415.388,X_LEG_1,15.16,14.36,-0.22,1,1557,1641,NE
1174415.408,X_LEG_1,15.16,14.36,-0.22,1,1557,1641,NE
1174415.429,X_LEG_1,15.16,14.36,-0.22,1,1557,1641,NE
1174415.449,X_LEG_1,15.16,14.36,-0.22,1,1557,1641,NE
1174415.469,X_LEG_1,15.16,14.36,-0.22,1,1557,1641,NE
1174415.490,X_LEG_1,15.16,14.36,-0.22,1,1557,1641,NE
1174415.510,X_LEG_1,15.16,14.36,-0.22,1,1557,1641,NE
1174415.531,X_LEG_1,15.16,14.36,-0.22,1,1557,1641,NE
1174415.552,X_LEG_1,15.16,14.36,-0.22,1,1557,1641,NE
1174415.572,X_LEG_1,15.16,14.36,-0.22,1,1557,1641,NE
1174415.593,X_LEG_1,15.25,14.32,-0.21,1,1557,1641,NE
1174415.613,X_LEG_1,15.25,14.32,-0.21,1,1557,1641,NE
1174415.634,X_LEG_1,15.25,14.32,-0.21,1,1557,1641,NE
1174415.654,X_LEG_1,15.25,14.32,-0.21,1,1557,1641,NE
1174415.674,X_LEG_1,15.25,14.32,-0.21,1,1557,1641,NE
1174415.695,X_LEG_1,15.34,14.27,-0.23,1,1557,1640,NE
1174415.716,X_LEG_1,15.34,14.27,-0.23,1,1557,1640,NE
1174415.737,X_LEG_1,15.34,14.27,-0.23,1,1557,1640,NE
1174415.757,X_LEG_1,15.34,14.27,-0.23,1,1557,1640,NE
1174415.778,X_LEG_1,15.34,14.27,-0.23,1,1557,1640,NE
1174415.798,X_LEG_1,15.42,14.22,-0.24,1,1557,1640,NE
1174415.819,X_LEG_1,15.42,14.22,-0.24,1,1557,1640,NE
1174415.839,X_LEG_1,15.42,14.22,-0.24,1,1557,1640,NE
1174415.860,X_LEG_1,15.42,14.22,-0.24,1,1557,1640,NE
1174415.880,X_LEG_1,15.42,14.22,-0.24,1,1557,1640,NE
1174415.900,X_LEG_1,15.51,14.18,-0.26,1,1557,1640,NE
1174415.921,X_LEG_1,15.51,14.18,-0.26,1,1557,1640,NE
1174415.941,X_LEG_1,15.51,14.18,-0.26,1,1557,1640,NE
1174415.961,X_LEG_1,15.51,14.18,-0.26,1,1557,1640,NE
1174415.982,X_LEG_1,15.51,14.18,-0.26,1,1557,1640,NE
1174416.002,X_LEG_1,15.59,14.13,-0.27,1,1557,1640,NE
1174416.023,X_LEG_1,15.59,14.13,-0.27,1,1557,1640,NE
1174416.043,X_LEG_1,15.59,14.13,-0.27,1,1557,1640,NE
1174416.063,X_LEG_1,15.59,14.13,-0.27,1,1557,1640,NE
1174416.084,X_LEG_1,15.59,14.13,-0.27,1,1557,1640,NE
1174416.104,X_LEG_1,15.59,14.13,-0.27,1,1557,1640,NE
1174416.125,X_LEG_1,15.59,14.13,-0.27,1,1557,1640,NE
1174416.145,X_LEG_1,15.59,14.13,-0.27,1,1557,1640,NE
1174416.165,X_LEG_1,15.59,14.13,-0.27,1,1557,1640,NE
1174416.186,X_LEG_1,15.59,14.13,-0.27,1,1557,1640,NE
1174416.207,X_LEG_1,15.67,14.09,-0.26,1,1556,1639,NE
1174416.227,X_LEG_1,15.67,14.09,-0.26,1,1556,1639,NE
1174416.248,X_LEG_1,15.67,14.09,-0.26,1,1556,1639,NE
1174416.269,X_LEG_1,15.67,14.09,-0.26,1,1556,1639,NE
1174416.289,X_LEG_1,15.67,14.09,-0.26,1,1556,1639,NE
1174416.310,X_LEG_1,15.75,14.04,-0.27,1,1556,1639,NE
1174416.330,X_LEG_1,15.75,14.04,-0.27,1,1556,1639,NE
1174416.350,X_LEG_1,15.75,14.04,-0.27,1,1556,1639,NE
1174416.371,X_LEG_1,15.75,14.04,-0.27,1,1556,1639,NE
1174416.391,X_LEG_1,15.75,14.04,-0.27,1,1556,1639,NE
1174416.411,X_LEG_1,15.83,14.00,-0.32,1,1556,1639,NE
1174416.432,X_LEG_1,15.83,14.00,-0.32,1,1556,1639,NE
1174416.452,X_LEG_1,15.83,14.00,-0.32,1,1556,1639,NE
1174416.472,X_LEG_1,15.83,14.00,-0.32,1,1556,1639,NE
1174416.493,X_LEG_1,15.83,14.00,-0.32,1,1556,1639,NE
1174416.513,X_LEG_1,15.91,13.96,-0.33,1,1556,1639,NE
1174416.534,X_LEG_1,15.91,13.96,-0.33,1,1556,1639,NE
1174416.554,X_LEG_1,15.91,13.96,-0.33,1,1556,1639,NE
1174416.575,X_LEG_1,15.91,13.96,-0.33,1,1556,1639,NE
1174416.595,X_LEG_1,15.91,13.96,-0.33,1,1556,1639,NE
1174416.616,X_LEG_1,15.98,13.91,-0.32,1,1556,1639,NE
1174416.636,X_LEG_1,15.98,13.91,-0.32,1,1556,1639,NE
1174416.656,X_LEG_1,15.98,13.91,-0.32,1,1556,1639,NE
1174416.677,X_LEG_1,15.98,13.91,-0.32,1,1556,1639,NE
1174416.697,X_LEG_1,15.98,13.91,-0.32,1,1556,1639,NE
1174416.719,X_LEG_1,16.06,13.87,-0.33,1,1555,1638,NE
1174416.739,X_LEG_1,16.06,13.87,-0.33,1,1555,1638,NE
1174416.759,X_LEG_1,16.06,13.87,-0.33,1,1555,1638,NE
1174416.781,X_LEG_1,16.06,13.87,-0.33,1,1555,1638,NE
1174416.801,X_LEG_1,16.06,13.87,-0.33,1,1555,1638,NE
1174416.822,X_LEG_1,16.06,13.87,-0.33,1,1555,1638,NE
1174416.842,X_LEG_1,16.06,13.87,-0.33,1,1555,1638,NE
1174416.863,X_LEG_1,16.06,13.87,-0.33,1,1555,1638,NE
1174416.883,X_LEG_1,16.06,13.87,-0.33,1,1555,1638,NE
1174416.903,X_LEG_1,16.06,13.87,-0.33,1,1555,1638,NE
1174416.923,X_LEG_1,16.13,13.82,-0.35,1,1555,1638,NE
1174416.944,X_LEG_1,16.13,13.82,-0.35,1,1555,1638,NE
1174416.964,X_LEG_1,16.13,13.82,-0.35,1,1555,1638,NE
1174416.985,X_LEG_1,16.13,13.82,-0.35,1,1555,1638,NE
1174417.005,X_LEG_1,16.13,13.82,-0.35,1,1555,1638,NE
1174417.025,X_LEG_1,16.20,13.77,-0.36,1,1555,1638,NE
1174417.046,X_LEG_1,16.20,13.77,-0.36,1,1555,1638,NE
1174417.066,X_LEG_1,16.20,13.77,-0.36,1,1555,1638,NE
1174417.087,X_LEG_1,16.20,13.77,-0.36,1,1555,1638,NE
1174417.107,X_LEG_1,16.20,13.77,-0.36,1,1555,1638,NE
1174417.128,X_LEG_1,16.27,13.73,-0.35,1,1555,1638,NE
1174417.149,X_LEG_1,16.27,13.73,-0.35,1,1555,1638,NE
1174417.169,X_LEG_1,16.27,13.73,-0.35,1,1555,1638,NE
1174417.190,X_LEG_1,16.27,13.73,-0.35,1,1555,1638,NE
1174417.210,X_LEG_1,16.27,13.73,-0.35,1,1555,1638,NE
1174417.231,X_LEG_1,16.35,13.68,-0.37,1,1555,1637,NE
1174417.251,X_LEG_1,16.35,13.68,-0.37,1,1555,1637,NE
1174417.272,X_LEG_1,16.35,13.68,-0.37,1,1555,1637,NE
1174417.292,X_LEG_1,16.35,13.68,-0.37,1,1555,1637,NE
1174417.312,X_LEG_1,16.35,13.68,-0.37,1,1555,1637,NE
1174417.333,X_LEG_1,16.41,13.65,-0.41,1,1555,1637,NE
1174417.353,X_LEG_1,16.41,13.65,-0.41,1,1555,1637,NE
1174417.374,X_LEG_1,16.41,13.65,-0.41,1,1555,1637,NE
1174417.394,X_LEG_1,16.41,13.65,-0.41,1,1555,1637,NE
1174417.415,X_LEG_1,16.41,13.65,-0.41,1,1555,1637,NE
1174417.435,X_LEG_1,16.48,13.60,-0.40,1,1554,1637,NE
1174417.456,X_LEG_1,16.48,13.60,-0.40,1,1554,1637,NE
1174417.476,X_LEG_1,16.48,13.60,-0.40,1,1554,1637,NE
1174417.497,X_LEG_1,16.48,13.60,-0.40,1,1554,1637,NE
1174417.518,X_LEG_1,16.48,13.60,-0.40,1,1554,1637,NE
1174417.538,X_LEG_1,16.55,13.56,-0.42,1,1554,1637,NE
1174417.559,X_LEG_1,16.55,13.56,-0.42,1,1554,1637,NE
1174417.579,X_LEG_1,16.55,13.56,-0.42,1,1554,1637,NE
1174417.599,X_LEG_1,16.55,13.56,-0.42,1,1554,1637,NE
1174417.620,X_LEG_1,16.55,13.56,-0.42,1,1554,1637,NE
1174417.642,X_LEG_1,16.61,13.51,-0.43,1,1554,1637,NE
1174417.662,X_LEG_1,16.61,13.51,-0.43,1,1554,1637,NE
1174417.683,X_LEG_1,16.61,13.51,-0.43,1,1554,1637,NE
1174417.705,X_LEG_1,16.61,13.51,-0.43,1,1554,1637,NE
1174417.725,X_LEG_1,16.61,13.51,-0.43,1,1554,1637,NE
1174417.746,X_LEG_1,16.61,13.51,-0.43,1,1554,1637,NE
1174417.766,X_LEG_1,16.61,13.51,-0.43,1,1554,1637,NE
1174417.786,X_LEG_1,16.61,13.51,-0.43,1,1554,1637,NE
1174417.807,X_LEG_1,16.61,13.51,-0.43,1,1554,1637,NE
1174417.827,X_LEG_1,16.61,13.51,-0.43,1,1554,1637,NE
1174417.848,X_LEG_1,16.67,13.47,-0.42,1,1554,1636,NE
1174417.868,X_LEG_1,16.67,13.47,-0.42,1,1554,1636,NE
1174417.889,X_LEG_1,16.67,13.47,-0.42,1,1554,1636,NE
1174417.909,X_LEG_1,16.67,13.47,-0.42,1,1554,1636,NE
1174417.930,X_LEG_1,16.67,13.47,-0.42,1,1554,1636,NE
1174417.950,X_LEG_1,16.73,13.43,-0.47,1,1554,1636,NE
1174417.970,X_LEG_1,16.73,13.43,-0.47,1,1554,1636,NE
1174417.991,X_LEG_1,16.73,13.43,-0.47,1,1554,1636,NE
1174418.011,X_LEG_1,16.73,13.43,-0.47,1,1554,1636,NE
1174418.033,X_LEG_1,16.73,13.43,-0.47,1,1554,1636,NE
1174418.053,X_LEG_1,16.79,13.38,-0.48,1,1554,1636,NE
1174418.073,X_LEG_1,16.79,13.38,-0.48,1,1554,1636,NE
1174418.094,X_LEG_1,16.79,13.38,-0.48,1,1554,1636,NE
1174418.114,X_LEG_1,16.79,13.38,-0.48,1,1554,1636,NE
1174418.135,X_LEG_1,16.79,13.38,-0.48,1,1554,1636,NE
1174418.155,X_LEG_1,16.85,13.34,-0.47,1,1553,1636,NE
1174418.176,X_LEG_1,16.85,13.34,-0.47,1,1553,1636,NE
1174418.196,X_LEG_1,16.85,13.34,-0.47,1,1553,1636,NE
1174418.217,X_LEG_1,16.85,13.34,-0.47,1,1553,1636,NE
1174418.237,X_LEG_1,16.85,13.34,-0.47,1,1553,1636,NE
1174418.258,X_LEG_1,16.90,13.29,-0.49,1,1553,1636,NE
1174418.278,X_LEG_1,16.90,13.29,-0.49,1,1553,1636,NE
1174418.299,X_LEG_1,16.90,13.29,-0.49,1,1553,1636,NE
1174418.319,X_LEG_1,16.90,13.29,-0.49,1,1553,1636,NE
1174418.339,X_LEG_1,16.90,13.29,-0.49,1,1553,1636,NE
1174418.359,X_LEG_1,16.90,13.29,-0.49,1,1553,1636,NE
1174418.380,X_LEG_1,16.90,13.29,-0.49,1,1553,1636,NE
1174418.401,X_LEG_1,16.90,13.29,-0.49,1,1553,1636,NE
1174418.423,X_LEG_1,16.90,13.29,-0.49,1,1553,1636,NE
1174418.444,X_LEG_1,16.90,13.29,-0.49,1,1553,1636,NE
1174418.465,X_LEG_1,16.96,13.25,-0.48,1,1553,1636,NE
1174418.485,X_LEG_1,16.96,13.25,-0.48,1,1553,1636,NE
1174418.506,X_LEG_1,16.96,13.25,-0.48,1,1553,1636,NE
1174418.526,X_LEG_1,16.96,13.25,-0.48,1,1553,1636,NE
1174418.547,X_LEG_1,16.96,13.25,-0.48,1,1553,1636,NE
1174418.567,X_LEG_1,16.99,13.23,-0.53,1,1553,1636,NE
1174418.587,X_LEG_1,16.99,13.23,-0.53,1,1553,1636,NE
1174418.607,X_LEG_1,16.99,13.23,-0.53,1,1553,1636,NE
1174418.628,X_LEG_1,16.99,13.23,-0.53,1,1553,1636,NE
1174418.648,X_LEG_1,16.99,13.23,-0.53,1,1553,1636,NE
1174418.669,X_LEG_1,17.03,13.20,-0.52,1,1553,1635,NE
1174418.689,X_LEG_1,17.03,13.20,-0.52,1,1553,1635,NE
1174418.710,X_LEG_1,17.03,13.20,-0.52,1,1553,1635,NE
1174418.731,X_LEG_1,17.03,13.20,-0.52,1,1553,1635,NE
1174418.751,X_LEG_1,17.03,13.20,-0.52,1,1553,1635,NE
1174418.772,X_LEG_1,17.08,13.15,-0.54,1,1553,1635,NE
1174418.792,X_LEG_1,17.08,13.15,-0.54,1,1553,1635,NE
1174418.813,X_LEG_1,17.08,13.15,-0.54,1,1553,1635,NE
1174418.833,X_LEG_1,17.08,13.15,-0.54,1,1553,1635,NE
1174418.853,X_LEG_1,17.08,13.15,-0.54,1,1553,1635,NE
1174418.875,X_LEG_1,17.11,13.13,-0.53,1,1553,1635,NE
1174418.896,X_LEG_1,17.11,13.13,-0.53,1,1553,1635,NE
1174418.916,X_LEG_1,17.11,13.13,-0.53,1,1553,1635,NE
1174418.936,X_LEG_1,17.11,13.13,-0.53,1,1553,1635,NE
1174418.957,X_LEG_1,17.11,13.13,-0.53,1,1553,1635,NE
1174418.977,X_LEG_1,17.11,13.13,-0.53,1,1553,1635,NE
1174418.998,X_LEG_1,17.11,13.13,-0.53,1,1553,1635,NE
1174419.018,X_LEG_1,17.11,13.13,-0.53,1,1553,1635,NE
1174419.039,X_LEG_1,17.11,13.13,-0.53,1,1553,1635,NE
1174419.059,X_LEG_1,17.11,13.13,-0.53,1,1553,1635,NE
1174419.080,X_LEG_1,17.16,13.08,-0.52,1,1552,1635,NE
1174419.100,X_LEG_1,17.16,13.08,-0.52,1,1552,1635,NE
1174419.121,X_LEG_1,17.16,13.08,-0.52,1,1552,1635,NE
1174419.141,X_LEG_1,17.16,13.08,-0.52,1,1552,1635,NE
1174419.162,X_LEG_1,17.16,13.08,-0.52,1,1552,1635,NE
1174419.183,X_LEG_1,17.21,13.04,-0.57,1,1552,1635,NE
1174419.203,X_LEG_1,17.21,13.04,-0.57,1,1552,1635,NE
1174419.223,X_LEG_1,17.21,13.04,-0.57,1,1552,1635,NE
1174419.244,X_LEG_1,17.21,13.04,-0.57,1,1552,1635,NE
1174419.265,X_LEG_1,17.21,13.04,-0.57,1,1552,1635,NE
1174419.285,X_LEG_1,17.25,13.00,-0.58,1,1552,1635,NE
1174419.307,X_LEG_1,17.25,13.00,-0.58,1,1552,1635,NE
1174419.327,X_LEG_1,17.25,13.00,-0.58,1,1552,1635,NE
1174419.347,X_LEG_1,17.25,13.00,-0.58,1,1552,1635,NE
1174419.368,X_LEG_1,17.25,13.00,-0.58,1,1552,1635,NE
1174419.389,X_LEG_1,17.25,13.00,-0.58,1,1552,1635,NE
1174419.410,X_LEG_1,17.25,13.00,-0.58,1,1552,1635,NE
1174419.431,X_LEG_1,17.25,13.00,-0.58,1,1552,1635,NE
1174419.451,X_LEG_1,17.25,13.00,-0.58,1,1552,1635,NE
1174419.471,X_LEG_1,17.25,13.00,-0.58,1,1552,1635,NE
1174419.492,X_LEG_1,17.29,12.96,-0.57,1,1552,1635,NE
1174419.512,X_LEG_1,17.29,12.96,-0.57,1,1552,1635,NE
1174419.533,X_LEG_1,17.29,12.96,-0.57,1,1552,1635,NE
1174419.553,X_LEG_1,17.29,12.96,-0.57,1,1552,1635,NE
1174419.574,X_LEG_1,17.29,12.96,-0.57,1,1552,1635,NE
1174419.594,X_LEG_1,17.34,12.92,-0.59,1,1552,1634,NE
1174419.615,X_LEG_1,17.34,12.92,-0.59,1,1552,1634,NE
1174419.635,X_LEG_1,17.34,12.92,-0.59,1,1552,1634,NE
1174419.656,X_LEG_1,17.34,12.92,-0.59,1,1552,1634,NE
1174419.676,X_LEG_1,17.34,12.92,-0.59,1,1552,1634,NE
1174419.697,X_LEG_1,17.38,12.88,-0.61,1,1552,1634,NE
1174419.717,X_LEG_1,17.38,12.88,-0.61,1,1552,1634,NE
1174419.737,X_LEG_1,17.38,12.88,-0.61,1,1552,1634,NE
1174419.759,X_LEG_1,17.38,12.88,-0.61,1,1552,1634,NE
1174419.779,X_LEG_1,17.38,12.88,-0.61,1,1552,1634,NE
1174419.800,X_LEG_1,17.38,12.88,-0.61,1,1552,1634,NE
1174419.821,X_LEG_1,17.38,12.88,-0.61,1,1552,1634,NE
1174419.841,X_LEG_1,17.38,12.88,-0.61,1,1552,1634,NE
1174419.862,X_LEG_1,17.38,12.88,-0.61,1,1552,1634,NE
1174419.882,X_LEG_1,17.38,12.88,-0.61,1,1552,1634,NE
1174419.902,X_LEG_1,17.42,12.83,-0.60,1,1551,1634,NE
1174419.923,X_LEG_1,17.42,12.83,-0.60,1,1551,1634,NE
1174419.943,X_LEG_1,17.42,12.83,-0.60,1,1551,1634,NE
1174419.964,X_LEG_1,17.42,12.83,-0.60,1,1551,1634,NE
1174419.984,X_LEG_1,17.42,12.83,-0.60,1,1551,1634,NE
1174420.005,X_LEG_1,17.45,12.79,-0.61,1,1551,1634,NE
1174420.025,X_LEG_1,17.45,12.79,-0.61,1,1551,1634,NE
1174420.046,X_LEG_1,17.45,12.79,-0.61,1,1551,1634,NE
1174420.066,X_LEG_1,17.45,12.79,-0.61,1,1551,1634,NE
1174420.087,X_LEG_1,17.45,12.79,-0.61,1,1551,1634,NE
1174420.107,X_LEG_1,17.49,12.75,-0.63,1,1551,1634,NE
1174420.128,X_LEG_1,17.49,12.75,-0.63,1,1551,1634,NE
1174420.148,X_LEG_1,17.49,12.75,-0.63,1,1551,1634,NE
1174420.169,X_LEG_1,17.49,12.75,-0.63,1,1551,1634,NE
1174420.190,X_LEG_1,17.49,12.75,-0.63,1,1551,1634,NE
1174420.211,X_LEG_1,17.52,12.71,-0.62,1,1551,1634,NE
1174420.231,X_LEG_1,17.52,12.71,-0.62,1,1551,1634,NE
1174420.251,X_LEG_1,17.52,12.71,-0.62,1,1551,1634,NE
1174420.272,X_LEG_1,17.52,12.71,-0.62,1,1551,1634,NE
1174420.292,X_LEG_1,17.52,12.71,-0.62,1,1551,1634,NE
1174420.313,X_LEG_1,17.55,12.67,-0.67,1,1551,1634,NE
1174420.333,X_LEG_1,17.55,12.67,-0.67,1,1551,1634,NE
1174420.354,X_LEG_1,17.55,12.67,-0.67,1,1551,1634,NE
1174420.374,X_LEG_1,17.55,12.67,-0.67,1,1551,1634,NE
1174420.394,X_LEG_1,17.55,12.67,-0.67,1,1551,1634,NE
1174420.415,X_LEG_1,17.58,12.63,-0.66,1,1551,1634,NE
1174420.435,X_LEG_1,17.58,12.63,-0.66,1,1551,1634,NE
1174420.455,X_LEG_1,17.58,12.63,-0.66,1,1551,1634,NE
1174420.476,X_LEG_1,17.58,12.63,-0.66,1,1551,1634,NE
1174420.496,X_LEG_1,17.58,12.63,-0.66,1,1551,1634,NE
1174420.516,X_LEG_1,17.61,12.59,-0.68,1,1550,1634,NE
1174420.537,X_LEG_1,17.61,12.59,-0.68,1,1550,1634,NE
1174420.557,X_LEG_1,17.61,12.59,-0.68,1,1550,1634,NE
1174420.578,X_LEG_1,17.61,12.59,-0.68,1,1550,1634,NE
1174420.598,X_LEG_1,17.61,12.59,-0.68,1,1550,1634,NE
1174420.619,X_LEG_1,17.64,12.55,-0.70,1,1550,1634,NE
1174420.639,X_LEG_1,17.64,12.55,-0.70,1,1550,1634,NE
1174420.659,X_LEG_1,17.64,12.55,-0.70,1,1550,1634,NE
1174420.680,X_LEG_1,17.64,12.55,-0.70,1,1550,1634,NE
1174420.700,X_LEG_1,17.64,12.55,-0.70,1,1550,1634,NE
1174420.721,X_LEG_1,17.64,12.55,-0.70,1,1550,1634,NE
1174420.742,X_LEG_1,17.64,12.55,-0.70,1,1550,1634,NE
1174420.762,X_LEG_1,17.64,12.55,-0.70,1,1550,1634,NE
1174420.783,X_LEG_1,17.64,12.55,-0.70,1,1550,1634,NE
1174420.803,X_LEG_1,17.64,12.55,-0.70,1,1550,1634,NE
1174420.824,X_LEG_1,17.66,12.51,-0.69,1,1550,1634,NE
1174420.845,X_LEG_1,17.66,12.51,-0.69,1,1550,1634,NE
1174420.865,X_LEG_1,17.66,12.51,-0.69,1,1550,1634,NE
1174420.885,X_LEG_1,17.66,12.51,-0.69,1,1550,1634,NE
1174420.906,X_LEG_1,17.66,12.51,-0.69,1,1550,1634,NE
1174420.926,X_LEG_1,17.69,12.46,-0.71,1,1550,1633,NE
1174420.946,X_LEG_1,17.69,12.46,-0.71,1,1550,1633,NE
1174420.967,X_LEG_1,17.69,12.46,-0.71,1,1550,1633,NE
1174420.987,X_LEG_1,17.69,12.46,-0.71,1,1550,1633,NE
1174421.007,X_LEG_1,17.69,12.46,-0.71,1,1550,1633,NE
1174421.028,X_LEG_1,17.71,12.43,-0.73,1,1550,1633,NE
1174421.048,X_LEG_1,17.71,12.43,-0.73,1,1550,1633,NE
1174421.069,X_LEG_1,17.71,12.43,-0.73,1,1550,1633,NE
1174421.089,X_LEG_1,17.71,12.43,-0.73,1,1550,1633,NE
1174421.110,X_LEG_1,17.71,12.43,-0.73,1,1550,1633,NE
1174421.130,X_LEG_1,17.73,12.39,-0.72,1,1550,1633,NE
1174421.151,X_LEG_1,17.73,12.39,-0.72,1,1550,1633,NE
1174421.171,X_LEG_1,17.73,12.39,-0.72,1,1550,1633,NE
1174421.191,X_LEG_1,17.73,12.39,-0.72,1,1550,1633,NE
1174421.211,X_LEG_1,17.73,12.39,-0.72,1,1550,1633,NE
1174421.232,X_LEG_1,17.75,12.36,-0.74,1,1549,1633,NE
1174421.252,X_LEG_1,17.75,12.36,-0.74,1,1549,1633,NE
1174421.273,X_LEG_1,17.75,12.36,-0.74,1,1549,1633,NE
1174421.294,X_LEG_1,17.75,12.36,-0.74,1,1549,1633,NE
1174421.314,X_LEG_1,17.75,12.36,-0.74,1,1549,1633,NE
1174421.336,X_LEG_1,17.76,12.31,-0.76,1,1549,1633,NE
1174421.356,X_LEG_1,17.76,12.31,-0.76,1,1549,1633,NE
1174421.376,X_LEG_1,17.76,12.31,-0.76,1,1549,1633,NE
1174421.397,X_LEG_1,17.76,12.31,-0.76,1,1549,1633,NE
1174421.417,X_LEG_1,17.76,12.31,-0.76,1,1549,1633,NE
1174421.438,X_LEG_1,17.78,12.28,0.22,1,1549,1633,NE
1174421.458,X_LEG_1,17.78,12.28,0.22,1,1549,1633,NE
1174421.479,X_LEG_1,17.78,12.28,0.22,1,1549,1633,NE
1174421.499,X_LEG_1,17.78,12.28,0.22,1,1549,1633,NE
1174421.520,X_LEG_1,17.78,12.28,0.22,1,1549,1633,NE
1174421.540,X_LEG_1,17.78,12.28,0.22,1,1549,1633,NE
1174421.561,X_LEG_1,17.78,12.28,0.22,1,1549,1633,NE
1174421.581,X_LEG_1,17.78,12.28,0.22,1,1549,1633,NE
1174421.602,X_LEG_1,17.78,12.28,0.22,1,1549,1633,NE
1174421.623,X_LEG_1,17.78,12.28,0.22,1,1549,1633,NE
1174421.643,X_LEG_1,17.79,12.23,0.23,1,1549,1633,NE
1174421.664,X_LEG_1,17.79,12.23,0.23,1,1549,1633,NE
1174421.684,X_LEG_1,17.79,12.23,0.23,1,1549,1633,NE
1174421.705,X_LEG_1,17.79,12.23,0.23,1,1549,1633,NE
1174421.725,X_LEG_1,17.79,12.23,0.23,1,1549,1633,NE
1174421.746,X_LEG_1,17.80,12.19,0.24,1,1549,1633,NE
1174421.766,X_LEG_1,17.80,12.19,0.24,1,1549,1633,NE
1174421.786,X_LEG_1,17.80,12.19,0.24,1,1549,1633,NE
1174421.807,X_LEG_1,17.80,12.19,0.24,1,1549,1633,NE
1174421.827,X_LEG_1,17.80,12.19,0.24,1,1549,1633,NE
1174421.847,X_LEG_1,17.81,12.15,0.19,1,1549,1633,NE
1174421.869,X_LEG_1,17.81,12.15,0.19,1,1549,1633,NE
1174421.891,X_LEG_1,17.81,12.15,0.19,1,1549,1633,NE
1174421.911,X_LEG_1,17.81,12.15,0.19,1,1549,1633,NE
1174421.932,X_LEG_1,17.81,12.15,0.19,1,1549,1633,NE
1174421.952,X_LEG_1,17.82,12.11,-0.80,1,1548,1633,NE
1174421.972,X_LEG_1,17.82,12.11,-0.80,1,1548,1633,NE
1174421.993,X_LEG_1,17.82,12.11,-0.80,1,1548,1633,NE
1174422.013,X_LEG_1,17.82,12.11,-0.80,1,1548,1633,NE
1174422.034,X_LEG_1,17.82,12.11,-0.80,1,1548,1633,NE
1174422.055,X_LEG_1,17.82,12.08,-0.82,1,1548,1633,NE
1174422.075,X_LEG_1,17.82,12.08,-0.82,1,1548,1633,NE
1174422.095,X_LEG_1,17.82,12.08,-0.82,1,1548,1633,NE
1174422.116,X_LEG_1,17.82,12.08,-0.82,1,1548,1633,NE
1174422.136,X_LEG_1,17.82,12.08,-0.82,1,1548,1633,NE
1174422.157,X_LEG_1,17.82,12.08,-0.82,1,1548,1633,NE
1174422.177,X_LEG_1,17.82,12.08,-0.82,1,1548,1633,NE
1174422.198,X_LEG_1,17.82,12.08,-0.82,1,1548,1633,NE
1174422.218,X_LEG_1,17.82,12.08,-0.82,1,1548,1633,NE
1174422.239,X_LEG_1,17.82,12.08,-0.82,1,1548,1633,NE
1174422.259,X_LEG_1,17.83,12.04,-0.81,1,1548,1633,NE
1174422.279,X_LEG_1,17.83,12.04,-0.81,1,1548,1633,NE
1174422.300,X_LEG_1,17.83,12.04,-0.81,1,1548,1633,NE
1174422.320,X_LEG_1,17.83,12.04,-0.81,1,1548,1633,NE
1174422.341,X_LEG_1,17.83,12.04,-0.81,1,1548,1633,NE
1174422.361,X_LEG_1,17.83,12.00,-0.83,1,1548,1633,NE
1174422.383,X_LEG_1,17.83,12.00,-0.83,1,1548,1633,NE
1174422.403,X_LEG_1,17.83,12.00,-0.83,1,1548,1633,NE
1174422.423,X_LEG_1,17.83,12.00,-0.83,1,1548,1633,NE
1174422.444,X_LEG_1,17.83,12.00,-0.83,1,1548,1633,NE
1174422.464,X_LEG_1,17.83,11.96,-0.82,1,1548,1633,NE
1174422.485,X_LEG_1,17.83,11.96,-0.82,1,1548,1633,NE
1174422.505,X_LEG_1,17.83,11.96,-0.82,1,1548,1633,NE
1174422.526,X_LEG_1,17.83,11.96,-0.82,1,1548,1633,NE
1174422.546,X_LEG_1,17.83,11.96,-0.82,1,1548,1633,NE
1174422.567,X_LEG_1,17.83,11.93,0.16,1,1548,1633,NE
1174422.587,X_LEG_1,17.83,11.93,0.16,1,1548,1633,NE
1174422.608,X_LEG_1,17.83,11.93,0.16,1,1548,1633,NE
1174422.628,X_LEG_1,17.83,11.93,0.16,1,1548,1633,NE
1174422.649,X_LEG_1,17.83,11.93,0.16,1,1548,1633,NE
1174422.670,X_LEG_1,17.83,11.93,0.16,1,1548,1633,NE
1174422.690,X_LEG_1,17.83,11.93,0.16,1,1548,1633,NE
1174422.712,X_LEG_1,17.83,11.93,0.16,1,1548,1633,NE
1174422.732,X_LEG_1,17.83,11.93,0.16,1,1548,1633,NE
1174422.753,X_LEG_1,17.83,11.93,0.16,1,1548,1633,NE
1174422.774,X_LEG_1,17.83,11.88,0.14,1,1548,1633,NE
1174422.794,X_LEG_1,17.83,11.88,0.14,1,1548,1633,NE
1174422.814,X_LEG_1,17.83,11.88,0.14,1,1548,1633,NE
1174422.835,X_LEG_1,17.83,11.88,0.14,1,1548,1633,NE
1174422.856,X_LEG_1,17.83,11.88,0.14,1,1548,1633,NE
1174422.876,X_LEG_1,17.82,11.85,0.12,1,1547,1633,NE
1174422.899,X_LEG_1,17.82,11.85,0.12,1,1547,1633,NE
1174422.919,X_LEG_1,17.82,11.85,0.12,1,1547,1633,NE
1174422.940,X_LEG_1,17.82,11.85,0.12,1,1547,1633,NE
1174422.960,X_LEG_1,17.82,11.85,0.12,1,1547,1633,NE
1174422.981,X_LEG_1,17.82,11.82,0.09,1,1547,1633,NE
1174423.002,X_LEG_1,17.82,11.82,0.09,1,1547,1633,NE
1174423.022,X_LEG_1,17.82,11.82,0.09,1,1547,1633,NE
1174423.042,X_LEG_1,17.82,11.82,0.09,1,1547,1633,NE
1174423.063,X_LEG_1,17.82,11.82,0.09,1,1547,1633,NE
1174423.084,X_LEG_1,17.81,11.77,0.10,1,1547,1633,NE
1174423.104,X_LEG_1,17.81,11.77,0.10,1,1547,1633,NE
1174423.124,X_LEG_1,17.81,11.77,0.10,1,1547,1633,NE
1174423.145,X_LEG_1,17.81,11.77,0.10,1,1547,1633,NE
1174423.166,X_LEG_1,17.81,11.77,0.10,1,1547,1633,NE
1174423.186,X_LEG_1,17.81,11.77,0.10,1,1547,1633,NE
1174423.207,X_LEG_1,17.81,11.77,0.10,1,1547,1633,NE
1174423.227,X_LEG_1,17.81,11.77,0.10,1,1547,1633,NE
1174423.248,X_LEG_1,17.81,11.77,0.10,1,1547,1633,NE
1174423.268,X_LEG_1,17.81,11.77,0.10,1,1547,1633,NE
1174423.289,X_LEG_1,17.80,11.74,0.08,1,1547,1633,NE
1174423.309,X_LEG_1,17.80,11.74,0.08,1,1547,1633,NE
1174423.329,X_LEG_1,17.80,11.74,0.08,1,1547,1633,NE
1174423.350,X_LEG_1,17.80,11.74,0.08,1,1547,1633,NE
1174423.370,X_LEG_1,17.80,11.74,0.08,1,1547,1633,NE
1174423.391,X_LEG_1,17.79,11.70,0.09,1,1547,1633,NE
1174423.411,X_LEG_1,17.79,11.70,0.09,1,1547,1633,NE
1174423.432,X_LEG_1,17.79,11.70,0.09,1,1547,1633,NE
1174423.452,X_LEG_1,17.79,11.70,0.09,1,1547,1633,NE
1174423.473,X_LEG_1,17.79,11.70,0.09,1,1547,1633,NE
1174423.493,X_LEG_1,17.77,11.67,0.07,1,1547,1633,NE
1174423.514,X_LEG_1,17.77,11.67,0.07,1,1547,1633,NE
1174423.534,X_LEG_1,17.77,11.67,0.07,1,1547,1633,NE
1174423.555,X_LEG_1,17.77,11.67,0.07,1,1547,1633,NE
1174423.575,X_LEG_1,17.77,11.67,0.07,1,1547,1633,NE
1174423.596,X_LEG_1,17.76,11.63,0.08,1,1547,1633,NE
1174423.616,X_LEG_1,17.76,11.63,0.08,1,1547,1633,NE
1174423.637,X_LEG_1,17.76,11.63,0.08,1,1547,1633,NE
1174423.657,X_LEG_1,17.76,11.63,0.08,1,1547,1633,NE
1174423.678,X_LEG_1,17.76,11.63,0.08,1,1547,1633,NE
1174423.698,X_LEG_1,17.76,11.63,0.08,1,1547,1633,NE
1174423.719,X_LEG_1,17.76,11.63,0.08,1,1547,1633,NE
1174423.739,X_LEG_1,17.76,11.63,0.08,1,1547,1633,NE
1174423.760,X_LEG_1,17.76,11.63,0.08,1,1547,1633,NE
1174423.780,X_LEG_1,17.76,11.63,0.08,1,1547,1633,NE
1174423.801,X_LEG_1,17.74,11.59,0.06,1,1546,1633,NE
1174423.822,X_LEG_1,17.74,11.59,0.06,1,1546,1633,NE
1174423.843,X_LEG_1,17.74,11.59,0.06,1,1546,1633,NE
1174423.863,X_LEG_1,17.74,11.59,0.06,1,1546,1633,NE
1174423.884,X_LEG_1,17.74,11.59,0.06,1,1546,1633,NE
1174423.904,X_LEG_1,17.72,11.56,0.03,1,1546,1633,NE
1174423.925,X_LEG_1,17.72,11.56,0.03,1,1546,1633,NE
1174423.945,X_LEG_1,17.72,11.56,0.03,1,1546,1633,NE
1174423.966,X_LEG_1,17.72,11.56,0.03,1,1546,1633,NE
1174423.986,X_LEG_1,17.72,11.56,0.03,1,1546,1633,NE
1174424.007,X_LEG_1,17.70,11.52,0.04,1,1546,1633,NE
1174424.027,X_LEG_1,17.70,11.52,0.04,1,1546,1633,NE
1174424.048,X_LEG_1,17.70,11.52,0.04,1,1546,1633,NE
1174424.068,X_LEG_1,17.70,11.52,0.04,1,1546,1633,NE
1174424.088,X_LEG_1,17.70,11.52,0.04,1,1546,1633,NE
1174424.109,X_LEG_1,17.68,11.48,0.02,1,1546,1633,NE
1174424.129,X_LEG_1,17.68,11.48,0.02,1,1546,1633,NE
1174424.149,X_LEG_1,17.68,11.48,0.02,1,1546,1633,NE
1174424.170,X_LEG_1,17.68,11.48,0.02,1,1546,1633,NE
1174424.190,X_LEG_1,17.68,11.48,0.02,1,1546,1633,NE
1174424.212,X_LEG_1,17.66,11.44,0.03,1,1546,1634,NE
1174424.232,X_LEG_1,17.66,11.44,0.03,1,1546,1634,NE
1174424.252,X_LEG_1,17.66,11.44,0.03,1,1546,1634,NE
1174424.273,X_LEG_1,17.66,11.44,0.03,1,1546,1634,NE
1174424.294,X_LEG_1,17.66,11.44,0.03,1,1546,1634,NE
1174424.314,X_LEG_1,17.66,11.44,0.03,1,1546,1634,NE
1174424.335,X_LEG_1,17.66,11.44,0.03,1,1546,1634,NE
1174424.355,X_LEG_1,17.66,11.44,0.03,1,1546,1634,NE
1174424.376,X_LEG_1,17.66,11.44,0.03,1,1546,1634,NE
1174424.396,X_LEG_1,17.66,11.44,0.03,1,1546,1634,NE
1174424.417,X_LEG_1,17.63,11.41,0.01,1,1546,1634,NE
1174424.437,X_LEG_1,17.63,11.41,0.01,1,1546,1634,NE
1174424.458,X_LEG_1,17.63,11.41,0.01,1,1546,1634,NE
1174424.478,X_LEG_1,17.63,11.41,0.01,1,1546,1634,NE
1174424.499,X_LEG_1,17.63,11.41,0.01,1,1546,1634,NE
1174424.519,X_LEG_1,17.61,11.38,-0.02,1,1546,1634,NE
1174424.540,X_LEG_1,17.61,11.38,-0.02,1,1546,1634,NE
1174424.561,X_LEG_1,17.61,11.38,-0.02,1,1546,1634,NE
1174424.581,X_LEG_1,17.61,11.38,-0.02,1,1546,1634,NE
1174424.602,X_LEG_1,17.61,11.38,-0.02,1,1546,1634,NE
1174424.622,X_LEG_1,17.58,11.34,0.02,1,1545,1634,NE
1174424.642,X_LEG_1,17.58,11.34,0.02,1,1545,1634,NE
1174424.663,X_LEG_1,17.58,11.34,0.02,1,1545,1634,NE
1174424.683,X_LEG_1,17.58,11.34,0.02,1,1545,1634,NE
1174424.704,X_LEG_1,17.58,11.34,0.02,1,1545,1634,NE
1174424.724,X_LEG_1,17.55,11.31,-0.00,1,1545,1634,NE
1174424.745,X_LEG_1,17.55,11.31,-0.00,1,1545,1634,NE
1174424.765,X_LEG_1,17.55,11.31,-0.00,1,1545,1634,NE
1174424.786,X_LEG_1,17.55,11.31,-0.00,1,1545,1634,NE
1174424.806,X_LEG_1,17.55,11.31,-0.00,1,1545,1634,NE
1174424.827,X_LEG_1,17.55,11.31,-0.00,1,1545,1634,NE
1174424.847,X_LEG_1,17.55,11.31,-0.00,1,1545,1634,NE
1174424.868,X_LEG_1,17.55,11.31,-0.00,1,1545,1634,NE
1174424.888,X_LEG_2,17.55,52.20,132.00,0,1500,1634,SE
1174424.908,X_LEG_2,17.55,52.20,132.00,0,1500,1634,SE
1174424.929,X_LEG_2,17.51,52.22,132.03,0,1500,1634,SE
1174424.949,X_LEG_2,17.51,52.22,132.03,0,1500,1634,SE
1174424.970,X_LEG_2,17.51,52.22,132.03,0,1500,1634,SE
1174424.990,X_LEG_2,17.51,52.22,132.03,0,1500,1634,SE
1174425.010,X_LEG_2,17.51,52.22,132.03,0,1500,1634,SE
1174425.031,X_LEG_2,17.48,52.25,132.06,0,1500,1634,SE
1174425.051,X_LEG_2,17.48,52.25,132.06,0,1500,1634,SE
1174425.071,X_LEG_2,17.48,52.25,132.06,0,1500,1634,SE
1174425.092,X_LEG_2,17.48,52.25,132.06,0,1500,1634,SE
1174425.112,X_LEG_2,17.48,52.25,132.06,0,1500,1634,SE
1174425.133,X_LEG_2,17.45,52.27,132.09,0,1500,1634,SE
1174425.153,X_LEG_2,17.45,52.27,132.09,0,1500,1634,SE
1174425.174,X_LEG_2,17.45,52.27,132.09,0,1500,1634,SE
1174425.194,X_LEG_2,17.45,52.27,132.09,0,1500,1634,SE
1174425.214,X_LEG_2,17.45,52.27,132.09,0,1500,1634,SE
1174425.235,X_LEG_2,17.45,52.27,132.09,0,1500,1634,SE
1174425.255,X_LEG_2,17.45,52.27,132.09,0,1500,1634,SE
1174425.276,X_LEG_2,17.45,52.27,132.09,0,1500,1634,SE
1174425.297,X_LEG_2,17.45,52.27,132.09,0,1500,1634,SE
1174425.317,X_LEG_2,17.45,52.27,132.09,0,1500,1634,SE
1174425.339,X_LEG_2,17.41,52.29,124.12,0,1500,1634,SE
1174425.359,X_LEG_2,17.41,52.29,124.12,0,1500,1634,SE
1174425.380,X_LEG_2,17.41,52.29,124.12,0,1500,1634,SE
1174425.401,X_LEG_2,17.41,52.29,124.12,0,1500,1634,SE
1174425.421,X_LEG_2,17.41,52.29,124.12,0,1500,1634,SE
1174425.442,X_LEG_2,17.38,52.31,124.15,0,1500,1634,SE
1174425.462,X_LEG_2,17.38,52.31,124.15,0,1500,1634,SE
1174425.482,X_LEG_2,17.38,52.31,124.15,0,1500,1634,SE
1174425.503,X_LEG_2,17.38,52.31,124.15,0,1500,1634,SE
1174425.524,X_LEG_2,17.38,52.31,124.15,0,1500,1634,SE
1174425.544,X_LEG_2,17.35,52.34,124.17,0,1500,1634,SE
1174425.565,X_LEG_2,17.35,52.34,124.17,0,1500,1634,SE
1174425.585,X_LEG_2,17.35,52.34,124.17,0,1500,1634,SE
1174425.606,X_LEG_2,17.35,52.34,124.17,0,1500,1634,SE
1174425.626,X_LEG_2,17.35,52.34,124.17,0,1500,1634,SE
1174425.647,X_LEG_2,17.35,52.34,124.17,0,1500,1634,SE
1174425.667,X_LEG_2,17.35,52.34,124.17,0,1500,1634,SE
1174425.688,X_LEG_2,17.35,52.34,124.17,0,1500,1634,SE
1174425.709,X_LEG_2,17.35,52.34,124.17,0,1500,1634,SE
1174425.730,X_LEG_2,17.35,52.34,124.17,0,1500,1634,SE
1174425.751,X_LEG_2,17.32,52.36,124.20,0,1500,1635,SE
1174425.771,X_LEG_2,17.32,52.36,124.20,0,1500,1635,SE
1174425.791,X_LEG_2,17.32,52.36,124.20,0,1500,1635,SE
1174425.812,X_LEG_2,17.32,52.36,124.20,0,1500,1635,SE
1174425.832,X_LEG_2,17.32,52.36,124.20,0,1500,1635,SE
1174425.853,X_LEG_2,17.28,52.37,124.24,0,1500,1635,SE
1174425.873,X_LEG_2,17.28,52.37,124.24,0,1500,1635,SE
1174425.893,X_LEG_2,17.28,52.37,124.24,0,1500,1635,SE
1174425.914,X_LEG_2,17.28,52.37,124.24,0,1500,1635,SE
1174425.936,X_LEG_2,17.28,52.37,124.24,0,1500,1635,SE
1174425.956,X_LEG_2,17.28,52.37,91.24,0,1500,1635,SE
1174425.977,X_LEG_2,17.28,52.37,91.24,0,1500,1635,SE
1174425.998,X_LEG_2,17.28,52.37,91.24,0,1500,1635,SE
1174426.018,X_LEG_2,17.28,52.37,91.24,0,1500,1635,SE
1174426.038,X_LEG_2,17.28,52.37,91.24,0,1500,1635,SE
1174426.058,X_LEG_2,17.22,52.41,91.28,0,1500,1635,SE
1174426.079,X_LEG_2,17.22,52.41,91.28,0,1500,1635,SE
1174426.100,X_LEG_2,17.22,52.41,91.28,0,1500,1635,SE
1174426.120,X_LEG_2,17.22,52.41,91.28,0,1500,1635,SE
1174426.140,X_LEG_2,17.22,52.41,91.28,0,1500,1635,SE
1174426.161,X_LEG_2,17.22,52.41,91.28,0,1500,1635,SE
1174426.181,X_LEG_2,17.22,52.41,91.28,0,1500,1635,SE
1174426.202,X_LEG_2,17.22,52.41,91.28,0,1500,1635,SE
1174426.222,X_LEG_2,17.22,52.41,91.28,0,1500,1635,SE
1174426.242,X_LEG_2,17.22,52.41,91.28,0,1500,1635,SE
1174426.262,X_LEG_2,17.19,52.43,91.31,0,1500,1635,SE
1174426.283,X_LEG_2,17.19,52.43,91.31,0,1500,1635,SE
1174426.303,X_LEG_2,17.19,52.43,91.31,0,1500,1635,SE
1174426.325,X_LEG_2,17.19,52.43,91.31,0,1500,1635,SE
1174426.346,X_LEG_2,17.19,52.43,91.31,0,1500,1635,SE
1174426.366,X_LEG_2,17.15,52.45,91.34,0,1500,1635,SE
1174426.387,X_LEG_2,17.15,52.45,91.34,0,1500,1635,SE
1174426.407,X_LEG_2,17.15,52.45,91.34,0,1500,1635,SE
1174426.427,X_LEG_2,17.15,52.45,91.34,0,1500,1635,SE
1174426.448,X_LEG_2,17.15,52.45,91.34,0,1500,1635,SE
1174426.468,X_LEG_2,17.11,52.47,91.36,0,1500,1635,SE
1174426.488,X_LEG_2,17.11,52.47,91.36,0,1500,1635,SE
1174426.508,X_LEG_2,17.11,52.47,91.36,0,1500,1635,SE
1174426.529,X_LEG_2,17.11,52.47,91.36,0,1500,1635,SE
1174426.549,X_LEG_2,17.11,52.47,91.36,0,1500,1635,SE
1174426.569,X_LEG_2,17.11,52.47,70.36,0,1500,1635,SE
1174426.590,X_LEG_2,17.11,52.47,70.36,0,1500,1635,SE
1174426.610,X_LEG_2,17.11,52.47,70.36,0,1500,1635,SE
1174426.631,X_LEG_2,17.11,52.47,70.36,0,1500,1635,SE
1174426.651,X_LEG_2,17.11,52.47,70.36,0,1500,1635,SE
1174426.671,X_LEG_2,17.07,52.49,70.39,0,1500,1635,SE
1174426.692,X_LEG_2,17.07,52.49,70.39,0,1500,1635,SE
1174426.712,X_LEG_2,17.07,52.49,70.39,0,1500,1635,SE
1174426.733,X_LEG_2,17.07,52.49,70.39,0,1500,1635,SE
1174426.753,X_LEG_2,17.07,52.49,70.39,0,1500,1635,SE
1174426.773,X_LEG_2,17.02,52.51,70.41,0,1500,1635,SE
1174426.794,X_LEG_2,17.02,52.51,70.41,0,1500,1635,SE
1174426.814,X_LEG_2,17.02,52.51,70.41,0,1500,1635,SE
1174426.835,X_LEG_2,17.02,52.51,70.41,0,1500,1635,SE
1174426.856,X_LEG_2,17.02,52.51,70.41,0,1500,1635,SE
1174426.876,X_LEG_2,17.02,52.51,70.41,0,1500,1635,SE
1174426.896,X_LEG_2,17.02,52.51,70.41,0,1500,1635,SE
1174426.917,X_LEG_2,17.02,52.51,70.41,0,1500,1635,SE
1174426.937,X_LEG_2,17.02,52.51,70.41,0,1500,1635,SE
1174426.958,X_LEG_2,17.02,52.51,70.41,0,1500,1635,SE
1174426.978,X_LEG_2,16.98,52.53,70.44,0,1500,1636,SE
1174426.998,X_LEG_2,16.98,52.53,70.44,0,1500,1636,SE
1174427.019,X_LEG_2,16.98,52.53,70.44,0,1500,1636,SE
1174427.039,X_LEG_2,16.98,52.53,70.44,0,1500,1636,SE
1174427.060,X_LEG_2,16.98,52.53,70.44,0,1500,1636,SE
1174427.081,X_LEG_2,16.93,52.55,70.46,0,1500,1636,SE
1174427.101,X_LEG_2,16.93,52.55,70.46,0,1500,1636,SE
1174427.122,X_LEG_2,16.93,52.55,70.46,0,1500,1636,SE
1174427.142,X_LEG_2,16.93,52.55,70.46,0,1500,1636,SE
1174427.163,X_LEG_2,16.93,52.55,70.46,0,1500,1636,SE
1174427.183,X_LEG_2,16.93,52.55,38.46,0,1500,1636,SE
1174427.203,X_LEG_2,16.93,52.55,38.46,0,1500,1636,SE
1174427.224,X_LEG_2,16.93,52.55,38.46,0,1500,1636,SE
1174427.244,X_LEG_2,16.93,52.55,38.46,0,1500,1636,SE
1174427.265,X_LEG_2,16.93,52.55,38.46,0,1500,1636,SE
1174427.286,X_LEG_2,16.84,52.59,38.51,0,1500,1636,SE
1174427.306,X_LEG_2,16.84,52.59,38.51,0,1500,1636,SE
1174427.327,X_LEG_2,16.84,52.59,38.51,0,1500,1636,SE
1174427.347,X_LEG_2,16.84,52.59,38.51,0,1500,1636,SE
1174427.367,X_LEG_2,16.84,52.59,38.51,0,1500,1636,SE
1174427.388,X_LEG_2,16.84,52.59,38.51,0,1500,1636,SE
1174427.408,X_LEG_2,16.84,52.59,38.51,0,1500,1636,SE
1174427.429,X_LEG_2,16.84,52.59,38.51,0,1500,1636,SE
1174427.449,X_LEG_2,16.84,52.59,38.51,0,1500,1636,SE
1174427.469,X_LEG_2,16.84,52.59,38.51,0,1500,1636,SE
1174427.490,X_LEG_2,16.79,52.61,38.54,0,1500,1636,SE
1174427.510,X_LEG_2,16.79,52.61,38.54,0,1500,1636,SE
1174427.531,X_LEG_2,16.79,52.61,38.54,0,1500,1636,SE
1174427.552,X_LEG_2,16.79,52.61,38.54,0,1500,1636,SE
1174427.572,X_LEG_2,16.79,52.61,38.54,0,1500,1636,SE
1174427.592,X_LEG_2,16.79,52.61,38.54,0,1500,1636,SE
1174427.613,X_LEG_2,16.79,52.61,38.54,0,1500,1636,SE
1174427.633,X_LEG_2,16.79,52.61,38.54,0,1500,1636,SE
1174427.655,X_LEG_2,16.79,52.61,38.54,0,1500,1636,SE
1174427.676,X_LEG_2,16.79,52.61,38.54,0,1500,1636,SE
1174427.696,X_LEG_2,16.74,52.63,38.56,0,1500,1636,SE
1174427.716,X_LEG_2,16.74,52.63,38.56,0,1500,1636,SE
1174427.737,X_LEG_2,16.74,52.63,38.56,0,1500,1636,SE
1174427.757,X_LEG_2,16.74,52.63,38.56,0,1500,1636,SE
1174427.778,X_LEG_2,16.74,52.63,38.56,0,1500,1636,SE
1174427.798,X_LEG_2,16.69,52.65,20.59,1,1711,1636,SE
1174427.819,X_LEG_2,16.69,52.65,20.59,1,1711,1636,SE
1174427.839,X_LEG_2,16.69,52.65,20.59,1,1711,1636,SE
1174427.860,X_LEG_2,16.69,52.65,20.59,1,1711,1636,SE
1174427.880,X_LEG_2,16.69,52.65,20.59,1,1711,1636,SE
1174427.901,X_LEG_2,16.63,52.67,20.61,1,1711,1637,SE
1174427.921,X_LEG_2,16.63,52.67,20.61,1,1711,1637,SE
1174427.942,X_LEG_2,16.63,52.67,20.61,1,1711,1637,SE
1174427.962,X_LEG_2,16.63,52.67,20.61,1,1711,1637,SE
1174427.983,X_LEG_2,16.63,52.67,20.61,1,1711,1637,SE
1174428.004,X_LEG_2,16.58,52.69,20.63,1,1711,1637,SE
1174428.024,X_LEG_2,16.58,52.69,20.63,1,1711,1637,SE
1174428.046,X_LEG_2,16.58,52.69,20.63,1,1711,1637,SE
1174428.066,X_LEG_2,16.58,52.69,20.63,1,1711,1637,SE
1174428.087,X_LEG_2,16.58,52.69,20.63,1,1711,1637,SE
1174428.107,X_LEG_2,16.58,52.69,20.63,1,1711,1637,SE
1174428.128,X_LEG_2,16.58,52.69,20.63,1,1711,1637,SE
1174428.148,X_LEG_2,16.58,52.69,20.63,1,1711,1637,SE
1174428.168,X_LEG_2,16.58,52.69,20.63,1,1711,1637,SE
1174428.189,X_LEG_2,16.58,52.69,20.63,1,1711,1637,SE
1174428.209,X_LEG_2,16.52,52.70,20.66,1,1711,1637,SE
1174428.230,X_LEG_2,16.52,52.70,20.66,1,1711,1637,SE
1174428.250,X_LEG_2,16.52,52.70,20.66,1,1711,1637,SE
1174428.271,X_LEG_2,16.52,52.70,20.66,1,1711,1637,SE
1174428.291,X_LEG_2,16.52,52.70,20.66,1,1711,1637,SE
1174428.315,X_LEG_2,16.48,52.71,20.67,1,1711,1637,SE
1174428.335,X_LEG_2,16.48,52.71,20.67,1,1711,1637,SE
1174428.360,X_LEG_2,16.48,52.71,20.67,1,1711,1637,SE
1174428.380,X_LEG_2,16.48,52.71,20.67,1,1711,1637,SE
1174428.400,X_LEG_2,16.48,52.71,20.67,1,1711,1637,SE
1174428.421,X_LEG_2,16.44,52.73,20.69,1,1711,1637,SE
1174428.441,X_LEG_2,16.44,52.73,20.69,1,1711,1637,SE
1174428.462,X_LEG_2,16.44,52.73,20.69,1,1711,1637,SE
1174428.482,X_LEG_2,16.44,52.73,20.69,1,1711,1637,SE
1174428.505,X_LEG_2,16.44,52.73,20.69,1,1711,1637,SE
1174428.529,X_LEG_2,16.40,52.74,20.70,1,1711,1637,SE
1174428.551,X_LEG_2,16.40,52.74,20.70,1,1711,1637,SE
1174428.574,X_LEG_2,16.40,52.74,20.70,1,1711,1637,SE
1174428.597,X_LEG_2,16.40,52.74,20.70,1,1711,1637,SE
1174428.618,X_LEG_2,16.40,52.74,20.70,1,1711,1637,SE
1174428.638,X_LEG_2,16.36,52.75,11.72,1,1711,1637,SE
1174428.659,X_LEG_2,16.36,52.75,11.72,1,1711,1637,SE
1174428.679,X_LEG_2,16.36,52.75,11.72,1,1711,1637,SE
1174428.700,X_LEG_2,16.36,52.75,11.72,1,1711,1637,SE
1174428.721,X_LEG_2,16.36,52.75,11.72,1,1711,1637,SE
1174428.741,X_LEG_2,16.32,52.75,11.73,1,1711,1638,SE
1174428.764,X_LEG_2,16.32,52.75,11.73,1,1711,1638,SE
1174428.784,X_LEG_2,16.32,52.75,11.73,1,1711,1638,SE
1174428.805,X_LEG_2,16.32,52.75,11.73,1,1711,1638,SE
1174428.825,X_LEG_2,16.32,52.75,11.73,1,1711,1638,SE
1174428.846,X_LEG_2,16.32,52.75,11.73,1,1711,1638,SE
1174428.866,X_LEG_2,16.32,52.75,11.73,1,1711,1638,SE
1174428.888,X_LEG_2,16.32,52.75,11.73,1,1711,1638,SE
1174428.908,X_LEG_2,16.32,52.75,11.73,1,1711,1638,SE
1174428.929,X_LEG_2,16.32,52.75,11.73,1,1711,1638,SE
1174428.951,X_LEG_2,16.28,52.76,11.75,1,1711,1638,SE
1174428.972,X_LEG_2,16.28,52.76,11.75,1,1711,1638,SE
1174428.993,X_LEG_2,16.28,52.76,11.75,1,1711,1638,SE
1174429.013,X_LEG_2,16.28,52.76,11.75,1,1711,1638,SE
1174429.033,X_LEG_2,16.28,52.76,11.75,1,1711,1638,SE
1174429.057,X_LEG_2,16.24,52.77,11.77,1,1711,1638,SE
1174429.077,X_LEG_2,16.24,52.77,11.77,1,1711,1638,SE
1174429.098,X_LEG_2,16.24,52.77,11.77,1,1711,1638,SE
1174429.119,X_LEG_2,16.24,52.77,11.77,1,1711,1638,SE
1174429.139,X_LEG_2,16.24,52.77,11.77,1,1711,1638,SE
1174429.160,X_LEG_2,16.19,52.77,11.79,1,1711,1638,SE
1174429.181,X_LEG_2,16.19,52.77,11.79,1,1711,1638,SE
1174429.202,X_LEG_2,16.19,52.77,11.79,1,1711,1638,SE
1174429.223,X_LEG_2,16.19,52.77,11.79,1,1711,1638,SE
1174429.243,X_LEG_2,16.19,52.77,11.79,1,1711,1638,SE
1174429.264,X_LEG_2,16.15,52.78,11.80,1,1711,1638,SE
1174429.284,X_LEG_2,16.15,52.78,11.80,1,1711,1638,SE
1174429.305,X_LEG_2,16.15,52.78,11.80,1,1711,1638,SE
1174429.326,X_LEG_2,16.15,52.78,11.80,1,1711,1638,SE
1174429.347,X_LEG_2,16.15,52.78,11.80,1,1711,1638,SE
1174429.367,X_LEG_2,16.11,52.78,11.82,1,1711,1638,SE
1174429.388,X_LEG_2,16.11,52.78,11.82,1,1711,1638,SE
1174429.409,X_LEG_2,16.11,52.78,11.82,1,1711,1638,SE
1174429.430,X_LEG_2,16.11,52.78,11.82,1,1711,1638,SE
1174429.450,X_LEG_2,16.11,52.78,11.82,1,1711,1638,SE
1174429.471,X_LEG_2,16.11,52.78,7.82,1,1711,1638,SE
1174429.491,X_LEG_2,16.11,52.78,7.82,1,1711,1638,SE
1174429.512,X_LEG_2,16.11,52.78,7.82,1,1711,1638,SE
1174429.532,X_LEG_2,16.11,52.78,7.82,1,1711,1638,SE
1174429.553,X_LEG_2,16.11,52.78,7.82,1,1711,1638,SE
1174429.573,X_LEG_2,16.04,52.77,7.84,1,1711,1638,SE
1174429.594,X_LEG_2,16.04,52.77,7.84,1,1711,1638,SE
1174429.615,X_LEG_2,16.04,52.77,7.84,1,1711,1638,SE
1174429.635,X_LEG_2,16.04,52.77,7.84,1,1711,1638,SE
1174429.655,X_LEG_2,16.04,52.77,7.84,1,1711,1638,SE
1174429.676,X_LEG_2,15.97,52.76,7.86,1,1711,1639,SE
1174429.696,X_LEG_2,15.97,52.76,7.86,1,1711,1639,SE
1174429.719,X_LEG_2,15.97,52.76,7.86,1,1711,1639,SE
1174429.739,X_LEG_2,15.97,52.76,7.86,1,1711,1639,SE
1174429.759,X_LEG_2,15.97,52.76,7.86,1,1711,1639,SE
1174429.780,X_LEG_2,15.97,52.76,7.86,1,1711,1639,SE
1174429.800,X_LEG_2,15.97,52.76,7.86,1,1711,1639,SE
1174429.821,X_LEG_2,15.97,52.76,7.86,1,1711,1639,SE
1174429.841,X_LEG_2,15.97,52.76,7.86,1,1711,1639,SE
1174429.862,X_LEG_2,15.97,52.76,7.86,1,1711,1639,SE
1174429.882,X_LEG_2,15.92,52.76,7.88,1,1711,1639,SE
1174429.904,X_LEG_2,15.92,52.76,7.88,1,1711,1639,SE
1174429.924,X_LEG_2,15.92,52.76,7.88,1,1711,1639,SE
1174429.945,X_LEG_2,15.92,52.76,7.88,1,1711,1639,SE
1174429.965,X_LEG_2,15.92,52.76,7.88,1,1711,1639,SE
1174429.985,X_LEG_2,15.85,52.74,6.90,1,1711,1639,SE
1174430.005,X_LEG_2,15.85,52.74,6.90,1,1711,1639,SE
1174430.026,X_LEG_2,15.85,52.74,6.90,1,1711,1639,SE
1174430.047,X_LEG_2,15.85,52.74,6.90,1,1711,1639,SE
1174430.067,X_LEG_2,15.85,52.74,6.90,1,1711,1639,SE
1174430.088,X_LEG_2,15.85,52.74,6.90,1,1711,1639,SE
1174430.108,X_LEG_2,15.85,52.74,6.90,1,1711,1639,SE
1174430.128,X_LEG_2,15.85,52.74,6.90,1,1711,1639,SE
1174430.149,X_LEG_2,15.85,52.74,6.90,1,1711,1639,SE
1174430.170,X_LEG_2,15.85,52.74,6.90,1,1711,1639,SE
1174430.191,X_LEG_2,15.77,52.73,6.93,1,1711,1639,SE
1174430.211,X_LEG_2,15.77,52.73,6.93,1,1711,1639,SE
1174430.231,X_LEG_2,15.77,52.73,6.93,1,1711,1639,SE
1174430.252,X_LEG_2,15.77,52.73,6.93,1,1711,1639,SE
1174430.272,X_LEG_2,15.77,52.73,6.93,1,1711,1639,SE
1174430.293,X_LEG_2,15.69,52.70,6.96,1,1711,1639,SE
1174430.313,X_LEG_2,15.69,52.70,6.96,1,1711,1639,SE
1174430.334,X_LEG_2,15.69,52.70,6.96,1,1711,1639,SE
1174430.354,X_LEG_2,15.69,52.70,6.96,1,1711,1639,SE
1174430.375,X_LEG_2,15.69,52.70,6.96,1,1711,1639,SE
1174430.396,X_LEG_2,15.62,52.68,6.98,1,1711,1640,SE
1174430.416,X_LEG_2,15.62,52.68,6.98,1,1711,1640,SE
1174430.436,X_LEG_2,15.62,52.68,6.98,1,1711,1640,SE
1174430.457,X_LEG_2,15.62,52.68,6.98,1,1711,1640,SE
1174430.477,X_LEG_2,15.62,52.68,6.98,1,1711,1640,SE
1174430.498,X_LEG_2,15.62,52.68,5.98,1,1711,1640,SE
1174430.518,X_LEG_2,15.62,52.68,5.98,1,1711,1640,SE
1174430.539,X_LEG_2,15.62,52.68,5.98,1,1711,1640,SE
1174430.559,X_LEG_2,15.62,52.68,5.98,1,1711,1640,SE
1174430.579,X_LEG_2,15.62,52.68,5.98,1,1711,1640,SE
1174430.600,X_LEG_2,15.54,52.65,6.01,1,1711,1640,SE
1174430.620,X_LEG_2,15.54,52.65,6.01,1,1711,1640,SE
1174430.641,X_LEG_2,15.54,52.65,6.01,1,1711,1640,SE
1174430.661,X_LEG_2,15.54,52.65,6.01,1,1711,1640,SE
1174430.681,X_LEG_2,15.54,52.65,6.01,1,1711,1640,SE
1174430.703,X_LEG_2,15.45,52.62,6.03,1,1710,1640,SE
1174430.723,X_LEG_2,15.45,52.62,6.03,1,1710,1640,SE
1174430.744,X_LEG_2,15.45,52.62,6.03,1,1710,1640,SE
1174430.765,X_LEG_2,15.45,52.62,6.03,1,1710,1640,SE
1174430.786,X_LEG_2,15.45,52.62,6.03,1,1710,1640,SE
1174430.806,X_LEG_2,15.37,52.59,6.06,1,1710,1640,SE
1174430.829,X_LEG_2,15.37,52.59,6.06,1,1710,1640,SE
1174430.849,X_LEG_2,15.37,52.59,6.06,1,1710,1640,SE
1174430.869,X_LEG_2,15.37,52.59,6.06,1,1710,1640,SE
1174430.891,X_LEG_2,15.37,52.59,6.06,1,1710,1640,SE
1174430.911,X_LEG_2,15.29,52.54,6.09,1,1710,1641,SE
1174430.931,X_LEG_2,15.29,52.54,6.09,1,1710,1641,SE
1174430.952,X_LEG_2,15.29,52.54,6.09,1,1710,1641,SE
1174430.973,X_LEG_2,15.29,52.54,6.09,1,1710,1641,SE
1174430.993,X_LEG_2,15.29,52.54,6.09,1,1710,1641,SE
1174431.014,X_LEG_2,15.29,52.54,6.09,1,1710,1641,SE
1174431.034,X_LEG_2,15.29,52.54,6.09,1,1710,1641,SE
1174431.054,X_LEG_2,15.29,52.54,6.09,1,1710,1641,SE
1174431.075,X_LEG_2,15.29,52.54,6.09,1,1710,1641,SE
1174431.095,X_LEG_2,15.29,52.54,6.09,1,1710,1641,SE
1174431.116,X_LEG_2,15.20,52.51,5.12,1,1710,1641,SE
1174431.136,X_LEG_2,15.20,52.51,5.12,1,1710,1641,SE
1174431.157,X_LEG_2,15.20,52.51,5.12,1,1710,1641,SE
1174431.178,X_LEG_2,15.20,52.51,5.12,1,1710,1641,SE
1174431.198,X_LEG_2,15.20,52.51,5.12,1,1710,1641,SE
1174431.218,X_LEG_2,15.11,52.46,5.14,1,1710,1641,SE
1174431.239,X_LEG_2,15.11,52.46,5.14,1,1710,1641,SE
1174431.259,X_LEG_2,15.11,52.46,5.14,1,1710,1641,SE
1174431.280,X_LEG_2,15.11,52.46,5.14,1,1710,1641,SE
1174431.300,X_LEG_2,15.11,52.46,5.14,1,1710,1641,SE
1174431.321,X_LEG_2,15.02,52.41,5.17,1,1710,1641,SE
1174431.341,X_LEG_2,15.02,52.41,5.17,1,1710,1641,SE
1174431.361,X_LEG_2,15.02,52.41,5.17,1,1710,1641,SE
1174431.381,X_LEG_2,15.02,52.41,5.17,1,1710,1641,SE
1174431.402,X_LEG_2,15.02,52.41,5.17,1,1710,1641,SE
1174431.424,X_LEG_2,15.02,52.41,5.17,1,1710,1641,SE
1174431.444,X_LEG_2,15.02,52.41,5.17,1,1710,1641,SE
1174431.464,X_LEG_2,15.02,52.41,5.17,1,1710,1641,SE
1174431.485,X_LEG_2,15.02,52.41,5.17,1,1710,1641,SE
1174431.505,X_LEG_2,15.02,52.41,5.17,1,1710,1641,SE
1174431.526,X_LEG_2,14.93,52.35,5.19,1,1709,1641,SE
1174431.547,X_LEG_2,14.93,52.35,5.19,1,1709,1641,SE
1174431.568,X_LEG_2,14.93,52.35,5.19,1,1709,1641,SE
1174431.588,X_LEG_2,14.93,52.35,5.19,1,1709,1641,SE
1174431.609,X_LEG_2,14.93,52.35,5.19,1,1709,1641,SE
1174431.630,X_LEG_2,14.84,52.29,5.22,1,1709,1641,SE
1174431.650,X_LEG_2,14.84,52.29,5.22,1,1709,1641,SE
1174431.670,X_LEG_2,14.84,52.29,5.22,1,1709,1641,SE
1174431.691,X_LEG_2,14.84,52.29,5.22,1,1709,1641,SE
1174431.711,X_LEG_2,14.84,52.29,5.22,1,1709,1641,SE
1174431.732,X_LEG_2,14.75,52.23,4.25,1,1709,1641,SE
1174431.752,X_LEG_2,14.75,52.23,4.25,1,1709,1641,SE
1174431.772,X_LEG_2,14.75,52.23,4.25,1,1709,1641,SE
1174431.793,X_LEG_2,14.75,52.23,4.25,1,1709,1641,SE
1174431.813,X_LEG_2,14.75,52.23,4.25,1,1709,1641,SE
1174431.834,X_LEG_2,14.75,52.23,4.25,1,1709,1641,SE
1174431.854,X_LEG_2,14.75,52.23,4.25,1,1709,1641,SE
1174431.875,X_LEG_2,14.75,52.23,4.25,1,1709,1641,SE
1174431.896,X_LEG_2,14.75,52.23,4.25,1,1709,1641,SE
1174431.916,X_LEG_2,14.75,52.23,4.25,1,1709,1641,SE
1174431.939,X_LEG_2,14.65,52.18,4.28,1,1709,1642,SE
1174431.960,X_LEG_2,14.65,52.18,4.28,1,1709,1642,SE
1174431.980,X_LEG_2,14.65,52.18,4.28,1,1709,1642,SE
1174432.002,X_LEG_2,14.65,52.18,4.28,1,1709,1642,SE
1174432.023,X_LEG_2,14.65,52.18,4.28,1,1709,1642,SE
1174432.044,X_LEG_2,14.59,52.13,4.29,1,1709,1642,SE
1174432.064,X_LEG_2,14.59,52.13,4.29,1,1709,1642,SE
1174432.085,X_LEG_2,14.59,52.13,4.29,1,1709,1642,SE
1174432.105,X_LEG_2,14.59,52.13,4.29,1,1709,1642,SE
1174432.125,X_LEG_2,14.59,52.13,4.29,1,1709,1642,SE
1174432.146,X_LEG_2,14.52,52.08,4.31,1,1708,1642,SE
1174432.167,X_LEG_2,14.52,52.08,4.31,1,1708,1642,SE
1174432.187,X_LEG_2,14.52,52.08,4.31,1,1708,1642,SE
1174432.207,X_LEG_2,14.52,52.08,4.31,1,1708,1642,SE
1174432.228,X_LEG_2,14.52,52.08,4.31,1,1708,1642,SE
1174432.249,X_LEG_2,14.46,52.03,4.33,1,1708,1642,SE
1174432.269,X_LEG_2,14.46,52.03,4.33,1,1708,1642,SE
1174432.289,X_LEG_2,14.46,52.03,4.33,1,1708,1642,SE
1174432.310,X_LEG_2,14.46,52.03,4.33,1,1708,1642,SE
1174432.330,X_LEG_2,14.46,52.03,4.33,1,1708,1642,SE
1174432.351,X_LEG_2,14.39,52.03,4.33,1,1708,1642,SE
1174432.371,X_LEG_2,14.39,52.03,4.33,1,1708,1642,SE
1174432.391,X_LEG_2,14.39,52.03,4.33,1,1708,1642,SE
1174432.412,X_LEG_2,14.39,52.03,4.33,1,1708,1642,SE
1174432.432,X_LEG_2,14.39,52.03,4.33,1,1708,1642,SE
1174432.452,X_LEG_2,14.39,51.99,3.35,1,1708,1642,SE
1174432.473,X_LEG_2,14.39,51.99,3.35,1,1708,1642,SE
1174432.493,X_LEG_2,14.39,51.99,3.35,1,1708,1642,SE
1174432.514,X_LEG_2,14.39,51.99,3.35,1,1708,1642,SE
1174432.534,X_LEG_2,14.39,51.99,3.35,1,1708,1642,SE
1174432.555,X_LEG_2,14.29,51.92,3.37,1,1708,1643,SE
1174432.575,X_LEG_2,14.29,51.92,3.37,1,1708,1643,SE
1174432.596,X_LEG_2,14.29,51.92,3.37,1,1708,1643,SE
1174432.616,X_LEG_2,14.29,51.92,3.37,1,1708,1643,SE
1174432.637,X_LEG_2,14.29,51.92,3.37,1,1708,1643,SE
1174432.658,X_LEG_2,14.23,51.86,3.39,1,1707,1643,SE
1174432.678,X_LEG_2,14.23,51.86,3.39,1,1707,1643,SE
1174432.698,X_LEG_2,14.23,51.86,3.39,1,1707,1643,SE
1174432.719,X_LEG_2,14.23,51.86,3.39,1,1707,1643,SE
1174432.739,X_LEG_2,14.23,51.86,3.39,1,1707,1643,SE
1174432.759,X_LEG_2,14.23,51.86,3.39,1,1707,1643,SE
1174432.780,X_LEG_2,14.23,51.86,3.39,1,1707,1643,SE
1174432.800,X_LEG_2,14.23,51.86,3.39,1,1707,1643,SE
1174432.821,X_LEG_2,14.23,51.86,3.39,1,1707,1643,SE
1174432.843,X_LEG_2,14.23,51.86,3.39,1,1707,1643,SE
1174432.863,X_LEG_2,14.12,51.78,3.42,1,1707,1643,SE
1174432.884,X_LEG_2,14.12,51.78,3.42,1,1707,1643,SE
1174432.905,X_LEG_2,14.12,51.78,3.42,1,1707,1643,SE
1174432.925,X_LEG_2,14.12,51.78,3.42,1,1707,1643,SE
1174432.945,X_LEG_2,14.12,51.78,3.42,1,1707,1643,SE
1174432.967,X_LEG_2,14.05,51.73,3.44,1,1707,1643,SE
1174432.987,X_LEG_2,14.05,51.73,3.44,1,1707,1643,SE
1174433.008,X_LEG_2,14.05,51.73,3.44,1,1707,1643,SE
1174433.030,X_LEG_2,14.05,51.73,3.44,1,1707,1643,SE
1174433.050,X_LEG_2,14.05,51.73,3.44,1,1707,1643,SE
1174433.070,X_LEG_2,13.95,51.64,3.47,1,1707,1644,SE
1174433.091,X_LEG_2,13.95,51.64,3.47,1,1707,1644,SE
1174433.111,X_LEG_2,13.95,51.64,3.47,1,1707,1644,SE
1174433.132,X_LEG_2,13.95,51.64,3.47,1,1707,1644,SE
1174433.152,X_LEG_2,13.95,51.64,3.47,1,1707,1644,SE
1174433.173,X_LEG_2,13.95,51.64,3.47,1,1707,1644,SE
1174433.193,X_LEG_2,13.95,51.64,3.47,1,1707,1644,SE
1174433.213,X_LEG_2,13.95,51.64,3.47,1,1707,1644,SE
1174433.234,X_LEG_2,13.95,51.64,3.47,1,1707,1644,SE
1174433.255,X_LEG_2,13.95,51.64,3.47,1,1707,1644,SE
1174433.276,X_LEG_2,13.85,51.56,3.49,1,1706,1644,SE
1174433.296,X_LEG_2,13.85,51.56,3.49,1,1706,1644,SE
1174433.316,X_LEG_2,13.85,51.56,3.49,1,1706,1644,SE
1174433.337,X_LEG_2,13.85,51.56,3.49,1,1706,1644,SE
1174433.358,X_LEG_2,13.85,51.56,3.49,1,1706,1644,SE
1174433.379,X_LEG_2,13.74,51.47,3.52,1,1706,1644,SE
1174433.399,X_LEG_2,13.74,51.47,3.52,1,1706,1644,SE
1174433.420,X_LEG_2,13.74,51.47,3.52,1,1706,1644,SE
1174433.440,X_LEG_2,13.74,51.47,3.52,1,1706,1644,SE
1174433.461,X_LEG_2,13.74,51.47,3.52,1,1706,1644,SE
1174433.481,X_LEG_2,13.74,51.47,3.52,1,1706,1644,SE
1174433.502,X_LEG_2,13.74,51.47,3.52,1,1706,1644,SE
1174433.522,X_LEG_2,13.74,51.47,3.52,1,1706,1644,SE
1174433.544,X_LEG_2,13.74,51.47,3.52,1,1706,1644,SE
1174433.565,X_LEG_2,13.74,51.47,3.52,1,1706,1644,SE
1174433.585,X_LEG_2,13.63,51.37,2.55,1,1705,1645,SE
1174433.606,X_LEG_2,13.63,51.37,2.55,1,1705,1645,SE
1174433.626,X_LEG_2,13.63,51.37,2.55,1,1705,1645,SE
1174433.647,X_LEG_2,13.63,51.37,2.55,1,1705,1645,SE
1174433.667,X_LEG_2,13.63,51.37,2.55,1,1705,1645,SE
1174433.688,X_LEG_2,13.52,51.27,2.58,1,1705,1645,SE
1174433.708,X_LEG_2,13.52,51.27,2.58,1,1705,1645,SE
1174433.729,X_LEG_2,13.52,51.27,2.58,1,1705,1645,SE
1174433.749,X_LEG_2,13.52,51.27,2.58,1,1705,1645,SE
1174433.769,X_LEG_2,13.52,51.27,2.58,1,1705,1645,SE
1174433.790,X_LEG_2,13.41,51.18,2.61,1,1705,1645,SE
1174433.810,X_LEG_2,13.41,51.18,2.61,1,1705,1645,SE
1174433.831,X_LEG_2,13.41,51.18,2.61,1,1705,1645,SE
1174433.851,X_LEG_2,13.41,51.18,2.61,1,1705,1645,SE
1174433.872,X_LEG_2,13.41,51.18,2.61,1,1705,1645,SE
1174433.892,X_LEG_2,13.41,51.18,2.61,1,1705,1645,SE
1174433.913,X_LEG_2,13.41,51.18,2.61,1,1705,1645,SE
1174433.933,X_LEG_2,13.41,51.18,2.61,1,1705,1645,SE
1174433.954,X_LEG_2,13.41,51.18,2.61,1,1705,1645,SE
1174433.974,X_LEG_2,13.41,51.18,2.61,1,1705,1645,SE
1174433.995,X_LEG_2,13.30,51.08,2.63,1,1704,1646,SE
1174434.015,X_LEG_2,13.30,51.08,2.63,1,1704,1646,SE
1174434.036,X_LEG_2,13.30,51.08,2.63,1,1704,1646,SE
1174434.056,X_LEG_2,13.30,51.08,2.63,1,1704,1646,SE
1174434.077,X_LEG_2,13.30,51.08,2.63,1,1704,1646,SE
1174434.097,X_LEG_2,13.19,50.97,2.66,1,1704,1646,SE
1174434.118,X_LEG_2,13.19,50.97,2.66,1,1704,1646,SE
1174434.138,X_LEG_2,13.19,50.97,2.66,1,1704,1646,SE
1174434.158,X_LEG_2,13.19,50.97,2.66,1,1704,1646,SE
1174434.179,X_LEG_2,13.19,50.97,2.66,1,1704,1646,SE
1174434.200,X_LEG_2,13.07,50.86,2.69,1,1703,1646,SE
1174434.220,X_LEG_2,13.07,50.86,2.69,1,1703,1646,SE
1174434.241,X_LEG_2,13.07,50.86,2.69,1,1703,1646,SE
1174434.262,X_LEG_2,13.07,50.86,2.69,1,1703,1646,SE
1174434.283,X_LEG_2,13.07,50.86,2.69,1,1703,1646,SE
1174434.303,X_LEG_2,13.07,50.86,2.69,1,1703,1646,SE
1174434.326,X_LEG_2,13.07,50.86,2.69,1,1703,1646,SE
1174434.346,X_LEG_2,13.07,50.86,2.69,1,1703,1646,SE
1174434.366,X_LEG_2,13.07,50.86,2.69,1,1703,1646,SE
1174434.387,X_LEG_2,13.07,50.86,2.69,1,1703,1646,SE
1174434.407,X_LEG_2,12.96,50.75,2.71,1,1703,1647,SE
1174434.428,X_LEG_2,12.96,50.75,2.71,1,1703,1647,SE
1174434.449,X_LEG_2,12.96,50.75,2.71,1,1703,1647,SE
1174434.469,X_LEG_2,12.96,50.75,2.71,1,1703,1647,SE
1174434.490,X_LEG_2,12.96,50.75,2.71,1,1703,1647,SE
1174434.510,X_LEG_2,12.85,50.64,2.75,1,1703,1647,SE
1174434.530,X_LEG_2,12.85,50.64,2.75,1,1703,1647,SE
1174434.550,X_LEG_2,12.85,50.64,2.75,1,1703,1647,SE
1174434.571,X_LEG_2,12.85,50.64,2.75,1,1703,1647,SE
1174434.591,X_LEG_2,12.85,50.64,2.75,1,1703,1647,SE
1174434.612,X_LEG_2,12.73,50.52,2.77,1,1702,1647,SE
1174434.632,X_LEG_2,12.73,50.52,2.77,1,1702,1647,SE
1174434.654,X_LEG_2,12.73,50.52,2.77,1,1702,1647,SE
1174434.675,X_LEG_2,12.73,50.52,2.77,1,1702,1647,SE
1174434.695,X_LEG_2,12.73,50.52,2.77,1,1702,1647,SE
1174434.717,X_LEG_2,12.61,50.41,2.80,1,1702,1648,SE
1174434.737,X_LEG_2,12.61,50.41,2.80,1,1702,1648,SE
1174434.757,X_LEG_2,12.61,50.41,2.80,1,1702,1648,SE
1174434.778,X_LEG_2,12.61,50.41,2.80,1,1702,1648,SE
1174434.798,X_LEG_2,12.61,50.41,2.80,1,1702,1648,SE
1174434.819,X_LEG_2,12.61,50.41,2.80,1,1702,1648,SE
1174434.839,X_LEG_2,12.61,50.41,2.80,1,1702,1648,SE
1174434.859,X_LEG_2,12.61,50.41,2.80,1,1702,1648,SE
1174434.880,X_LEG_2,12.61,50.41,2.80,1,1702,1648,SE
1174434.900,X_LEG_2,12.61,50.41,2.80,1,1702,1648,SE
1174434.921,X_LEG_2,12.49,50.30,2.83,1,1701,1648,SE
1174434.941,X_LEG_2,12.49,50.30,2.83,1,1701,1648,SE
1174434.962,X_LEG_2,12.49,50.30,2.83,1,1701,1648,SE
1174434.983,X_LEG_2,12.49,50.30,2.83,1,1701,1648,SE
1174435.004,X_LEG_2,12.49,50.30,2.83,1,1701,1648,SE
1174435.024,X_LEG_2,12.38,50.17,2.86,1,1701,1648,SE
1174435.046,X_LEG_2,12.38,50.17,2.86,1,1701,1648,SE
1174435.066,X_LEG_2,12.38,50.17,2.86,1,1701,1648,SE
1174435.087,X_LEG_2,12.38,50.17,2.86,1,1701,1648,SE
1174435.108,X_LEG_2,12.38,50.17,2.86,1,1701,1648,SE
1174435.129,X_LEG_2,12.26,50.04,2.88,1,1700,1649,SE
1174435.149,X_LEG_2,12.26,50.04,2.88,1,1700,1649,SE
1174435.170,X_LEG_2,12.26,50.04,2.88,1,1700,1649,SE
1174435.190,X_LEG_2,12.26,50.04,2.88,1,1700,1649,SE
1174435.211,X_LEG_2,12.26,50.04,2.88,1,1700,1649,SE
1174435.231,X_LEG_2,12.26,50.04,2.88,1,1700,1649,SE
1174435.252,X_LEG_2,12.26,50.04,2.88,1,1700,1649,SE
1174435.272,X_LEG_2,12.26,50.04,2.88,1,1700,1649,SE
1174435.293,X_LEG_2,12.26,50.04,2.88,1,1700,1649,SE
1174435.313,X_LEG_2,12.26,50.04,2.88,1,1700,1649,SE
1174435.333,X_LEG_2,12.14,49.92,2.92,1,1700,1649,SE
1174435.354,X_LEG_2,12.14,49.92,2.92,1,1700,1649,SE
1174435.375,X_LEG_2,12.14,49.92,2.92,1,1700,1649,SE
1174435.396,X_LEG_2,12.14,49.92,2.92,1,1700,1649,SE
1174435.416,X_LEG_2,12.14,49.92,2.92,1,1700,1649,SE
1174435.437,X_LEG_2,12.02,49.79,1.94,1,1699,1649,SE
1174435.457,X_LEG_2,12.02,49.79,1.94,1,1699,1649,SE
1174435.478,X_LEG_2,12.02,49.79,1.94,1,1699,1649,SE
1174435.499,X_LEG_2,12.02,49.79,1.94,1,1699,1649,SE
1174435.518,X_LEG_2,12.02,49.79,1.94,1,1699,1649,SE
1174435.539,X_LEG_2,11.89,49.66,1.97,1,1699,1650,SE
1174435.560,X_LEG_2,11.89,49.66,1.97,1,1699,1650,SE
1174435.580,X_LEG_2,11.89,49.66,1.97,1,1699,1650,SE
1174435.600,X_LEG_2,11.89,49.66,1.97,1,1699,1650,SE
1174435.621,X_LEG_2,11.89,49.66,1.97,1,1699,1650,SE
1174435.641,X_LEG_2,11.89,49.66,1.97,1,1699,1650,SE
1174435.662,X_LEG_2,11.89,49.66,1.97,1,1699,1650,SE
1174435.682,X_LEG_2,11.89,49.66,1.97,1,1699,1650,SE
1174435.702,X_LEG_2,11.89,49.66,1.97,1,1699,1650,SE
1174435.723,X_LEG_2,11.89,49.66,1.97,1,1699,1650,SE
1174435.743,X_LEG_2,11.77,49.53,1.99,1,1698,1650,SE
1174435.763,X_LEG_2,11.77,49.53,1.99,1,1698,1650,SE
1174435.784,X_LEG_2,11.77,49.53,1.99,1,1698,1650,SE
1174435.804,X_LEG_2,11.77,49.53,1.99,1,1698,1650,SE
1174435.825,X_LEG_2,11.77,49.53,1.99,1,1698,1650,SE
1174435.845,X_LEG_2,11.65,49.39,2.03,1,1698,1651,SE
1174435.866,X_LEG_2,11.65,49.39,2.03,1,1698,1651,SE
1174435.886,X_LEG_2,11.65,49.39,2.03,1,1698,1651,SE
1174435.908,X_LEG_2,11.65,49.39,2.03,1,1698,1651,SE
1174435.929,X_LEG_2,11.65,49.39,2.03,1,1698,1651,SE
1174435.949,X_LEG_2,11.53,49.26,2.05,1,1697,1651,SE
1174435.971,X_LEG_2,11.53,49.26,2.05,1,1697,1651,SE
1174435.991,X_LEG_2,11.53,49.26,2.05,1,1697,1651,SE
1174436.011,X_LEG_2,11.53,49.26,2.05,1,1697,1651,SE
1174436.032,X_LEG_2,11.53,49.26,2.05,1,1697,1651,SE
1174436.053,X_LEG_2,11.44,49.17,2.08,1,1697,1651,SE
1174436.073,X_LEG_2,11.44,49.17,2.08,1,1697,1651,SE
1174436.094,X_LEG_2,11.44,49.17,2.08,1,1697,1651,SE
1174436.115,X_LEG_2,11.44,49.17,2.08,1,1697,1651,SE
1174436.134,X_LEG_2,11.44,49.17,2.08,1,1697,1651,SE
1174436.155,X_LEG_2,11.44,49.17,2.08,1,1697,1651,SE
1174436.175,X_LEG_2,11.44,49.17,2.08,1,1697,1651,SE
1174436.196,X_LEG_2,11.44,49.17,2.08,1,1697,1651,SE
1174436.216,X_LEG_2,11.44,49.17,2.08,1,1697,1651,SE
1174436.237,X_LEG_2,11.44,49.17,2.08,1,1697,1651,SE
1174436.258,X_LEG_2,11.32,49.03,2.10,1,1696,1652,SE
1174436.278,X_LEG_2,11.32,49.03,2.10,1,1696,1652,SE
1174436.300,X_LEG_2,11.32,49.03,2.10,1,1696,1652,SE
1174436.320,X_LEG_2,11.32,49.03,2.10,1,1696,1652,SE
1174436.341,X_LEG_2,11.32,49.03,2.10,1,1696,1652,SE
1174436.361,X_LEG_2,11.19,48.88,2.13,1,1696,1652,SE
1174436.381,X_LEG_2,11.19,48.88,2.13,1,1696,1652,SE
1174436.402,X_LEG_2,11.19,48.88,2.13,1,1696,1652,SE
1174436.422,X_LEG_2,11.19,48.88,2.13,1,1696,1652,SE
1174436.442,X_LEG_2,11.19,48.88,2.13,1,1696,1652,SE
1174436.463,X_LEG_2,11.11,48.79,2.15,1,1695,1652,SE
1174436.484,X_LEG_2,11.11,48.79,2.15,1,1695,1652,SE
1174436.504,X_LEG_2,11.11,48.79,2.15,1,1695,1652,SE
1174436.524,X_LEG_2,11.11,48.79,2.15,1,1695,1652,SE
1174436.545,X_LEG_2,11.11,48.79,2.15,1,1695,1652,SE
1174436.566,X_LEG_2,11.11,48.79,2.15,1,1695,1652,SE
1174436.586,X_LEG_2,11.11,48.79,2.15,1,1695,1652,SE
1174436.607,X_LEG_2,11.11,48.79,2.15,1,1695,1652,SE
1174436.627,X_LEG_2,11.11,48.79,2.15,1,1695,1652,SE
1174436.647,X_LEG_2,11.11,48.79,2.15,1,1695,1652,SE
1174436.668,X_LEG_2,10.98,48.64,2.17,1,1695,1653,SE
1174436.689,X_LEG_2,10.98,48.64,2.17,1,1695,1653,SE
1174436.709,X_LEG_2,10.98,48.64,2.17,1,1695,1653,SE
1174436.729,X_LEG_2,10.98,48.64,2.17,1,1695,1653,SE
1174436.750,X_LEG_2,10.98,48.64,2.17,1,1695,1653,SE
1174436.770,X_LEG_2,10.86,48.49,2.20,1,1694,1653,SE
1174436.791,X_LEG_2,10.86,48.49,2.20,1,1694,1653,SE
1174436.811,X_LEG_2,10.86,48.49,2.20,1,1694,1653,SE
1174436.833,X_LEG_2,10.86,48.49,2.20,1,1694,1653,SE
1174436.853,X_LEG_2,10.86,48.49,2.20,1,1694,1653,SE
1174436.874,X_LEG_2,10.73,48.36,2.24,1,1693,1653,SE
1174436.895,X_LEG_2,10.73,48.36,2.24,1,1693,1653,SE
1174436.915,X_LEG_2,10.73,48.36,2.24,1,1693,1653,SE
1174436.936,X_LEG_2,10.73,48.36,2.24,1,1693,1653,SE
1174436.958,X_LEG_2,10.73,48.36,2.24,1,1693,1653,SE
1174436.978,X_LEG_2,10.73,48.36,2.24,1,1693,1653,SE
1174436.998,X_LEG_2,10.73,48.36,2.24,1,1693,1653,SE
1174437.019,X_LEG_2,10.73,48.36,2.24,1,1693,1653,SE
1174437.040,X_LEG_2,10.73,48.36,2.24,1,1693,1653,SE
1174437.060,X_LEG_2,10.73,48.36,2.24,1,1693,1653,SE
1174437.081,X_LEG_2,10.60,48.20,2.26,1,1693,1654,SE
1174437.102,X_LEG_2,10.60,48.20,2.26,1,1693,1654,SE
1174437.122,X_LEG_2,10.60,48.20,2.26,1,1693,1654,SE
1174437.143,X_LEG_2,10.60,48.20,2.26,1,1693,1654,SE
1174437.163,X_LEG_2,10.60,48.20,2.26,1,1693,1654,SE
1174437.184,X_LEG_2,10.48,48.05,2.29,1,1692,1654,SE
1174437.204,X_LEG_2,10.48,48.05,2.29,1,1692,1654,SE
1174437.225,X_LEG_2,10.48,48.05,2.29,1,1692,1654,SE
1174437.245,X_LEG_2,10.48,48.05,2.29,1,1692,1654,SE
1174437.266,X_LEG_2,10.48,48.05,2.29,1,1692,1654,SE
1174437.287,X_LEG_2,10.35,47.90,2.31,1,1692,1654,SE
1174437.307,X_LEG_2,10.35,47.90,2.31,1,1692,1654,SE
1174437.328,X_LEG_2,10.35,47.90,2.31,1,1692,1654,SE
1174437.348,X_LEG_2,10.35,47.90,2.31,1,1692,1654,SE
1174437.368,X_LEG_2,10.35,47.90,2.31,1,1692,1654,SE
1174437.389,X_LEG_2,10.26,47.80,1.33,1,1691,1655,SE
1174437.409,X_LEG_2,10.26,47.80,1.33,1,1691,1655,SE
1174437.430,X_LEG_2,10.26,47.80,1.33,1,1691,1655,SE
1174437.450,X_LEG_2,10.26,47.80,1.33,1,1691,1655,SE
1174437.471,X_LEG_2,10.26,47.80,1.33,1,1691,1655,SE
1174437.492,X_LEG_2,10.26,47.80,1.33,1,1691,1655,SE
1174437.512,X_LEG_2,10.26,47.80,1.33,1,1691,1655,SE
1174437.532,X_LEG_2,10.26,47.80,1.33,1,1691,1655,SE
1174437.553,X_LEG_2,10.26,47.80,1.33,1,1691,1655,SE
1174437.573,X_LEG_2,10.26,47.80,1.33,1,1691,1655,SE
1174437.593,X_LEG_2,10.13,47.64,1.36,1,1691,1655,SE
1174437.614,X_LEG_2,10.13,47.64,1.36,1,1691,1655,SE
1174437.635,X_LEG_2,10.13,47.64,1.36,1,1691,1655,SE
1174437.655,X_LEG_2,10.13,47.64,1.36,1,1691,1655,SE
1174437.676,X_LEG_2,10.13,47.64,1.36,1,1691,1655,SE
1174437.696,X_LEG_2,10.05,47.54,1.38,1,1690,1655,SE
1174437.717,X_LEG_2,10.05,47.54,1.38,1,1690,1655,SE
1174437.737,X_LEG_2,10.05,47.54,1.38,1,1690,1655,SE
1174437.758,X_LEG_2,10.05,47.54,1.38,1,1690,1655,SE
1174437.778,X_LEG_2,10.05,47.54,1.38,1,1690,1655,SE
1174437.799,X_LEG_2,9.92,47.38,1.41,1,1690,1656,SE
1174437.819,X_LEG_2,9.92,47.38,1.41,1,1690,1656,SE
1174437.840,X_LEG_2,9.92,47.38,1.41,1,1690,1656,SE
1174437.860,X_LEG_2,9.92,47.38,1.41,1,1690,1656,SE
1174437.880,X_LEG_2,9.92,47.38,1.41,1,1690,1656,SE
1174437.901,X_LEG_2,9.92,47.38,1.41,1,1690,1656,SE
1174437.921,X_LEG_2,9.92,47.38,1.41,1,1690,1656,SE
1174437.942,X_LEG_2,9.92,47.38,1.41,1,1690,1656,SE
1174437.962,X_LEG_2,9.92,47.38,1.41,1,1690,1656,SE
1174437.983,X_LEG_2,9.92,47.38,1.41,1,1690,1656,SE
1174438.003,X_LEG_2,9.79,47.22,1.43,1,1689,1656,SE
1174438.024,X_LEG_2,9.79,47.22,1.43,1,1689,1656,SE
1174438.044,X_LEG_2,9.79,47.22,1.43,1,1689,1656,SE
1174438.065,X_LEG_2,9.79,47.22,1.43,1,1689,1656,SE
1174438.085,X_LEG_2,9.79,47.22,1.43,1,1689,1656,SE
1174438.106,X_LEG_2,9.66,47.07,1.46,1,1688,1657,SE
1174438.126,X_LEG_2,9.66,47.07,1.46,1,1688,1657,SE
1174438.146,X_LEG_2,9.66,47.07,1.46,1,1688,1657,SE
1174438.167,X_LEG_2,9.66,47.07,1.46,1,1688,1657,SE
1174438.187,X_LEG_2,9.66,47.07,1.46,1,1688,1657,SE
1174438.208,X_LEG_2,9.53,46.90,1.49,1,1688,1657,SE
1174438.228,X_LEG_2,9.53,46.90,1.49,1,1688,1657,SE
1174438.248,X_LEG_2,9.53,46.90,1.49,1,1688,1657,SE
1174438.269,X_LEG_2,9.53,46.90,1.49,1,1688,1657,SE
1174438.289,X_LEG_2,9.53,46.90,1.49,1,1688,1657,SE
1174438.309,X_LEG_2,9.53,46.90,1.49,1,1688,1657,SE
1174438.330,X_LEG_2,9.53,46.90,1.49,1,1688,1657,SE
1174438.351,X_LEG_2,9.53,46.90,1.49,1,1688,1657,SE
1174438.372,X_LEG_2,9.53,46.90,1.49,1,1688,1657,SE
1174438.392,X_LEG_2,9.53,46.90,1.49,1,1688,1657,SE
1174438.412,X_LEG_2,9.40,46.74,1.52,1,1687,1657,SE
1174438.434,X_LEG_2,9.40,46.74,1.52,1,1687,1657,SE
1174438.454,X_LEG_2,9.40,46.74,1.52,1,1687,1657,SE
1174438.475,X_LEG_2,9.40,46.74,1.52,1,1687,1657,SE
1174438.495,X_LEG_2,9.40,46.74,1.52,1,1687,1657,SE
1174438.516,X_LEG_2,9.31,46.62,1.54,1,1686,1658,SE
1174438.545,X_LEG_2,9.31,46.62,1.54,1,1686,1658,SE
1174438.568,X_LEG_2,9.31,46.62,1.54,1,1686,1658,SE
1174438.589,X_LEG_2,9.31,46.62,1.54,1,1686,1658,SE
1174438.610,X_LEG_2,9.31,46.62,1.54,1,1686,1658,SE
1174438.630,X_LEG_2,9.23,46.52,1.55,1,1686,1658,SE
1174438.650,X_LEG_2,9.23,46.52,1.55,1,1686,1658,SE
1174438.671,X_LEG_2,9.23,46.52,1.55,1,1686,1658,SE
1174438.691,X_LEG_2,9.23,46.52,1.55,1,1686,1658,SE
1174438.712,X_LEG_2,9.23,46.52,1.55,1,1686,1658,SE
1174438.732,X_LEG_2,9.19,46.47,1.57,1,1686,1658,SE
1174438.753,X_LEG_2,9.19,46.47,1.57,1,1686,1658,SE
1174438.774,X_LEG_2,9.19,46.47,1.57,1,1686,1658,SE
1174438.795,X_LEG_2,9.19,46.47,1.57,1,1686,1658,SE
1174438.815,X_LEG_2,9.19,46.47,1.57,1,1686,1658,SE
1174438.835,X_LEG_2,9.10,46.35,1.59,1,1685,1658,SE
1174438.857,X_LEG_2,9.10,46.35,1.59,1,1685,1658,SE
1174438.877,X_LEG_2,9.10,46.35,1.59,1,1685,1658,SE
1174438.898,X_LEG_2,9.10,46.35,1.59,1,1685,1658,SE
1174438.918,X_LEG_2,9.10,46.35,1.59,1,1685,1658,SE
1174438.939,X_LEG_2,9.01,46.24,1.60,1,1685,1658,SE
1174438.959,X_LEG_2,9.01,46.24,1.60,1,1685,1658,SE
1174438.980,X_LEG_2,9.01,46.24,1.60,1,1685,1658,SE
1174439.000,X_LEG_2,9.01,46.24,1.60,1,1685,1658,SE
1174439.021,X_LEG_2,9.01,46.24,1.60,1,1685,1658,SE
1174439.042,X_LEG_2,9.01,46.24,1.60,1,1685,1658,SE
1174439.063,X_LEG_2,9.01,46.24,1.60,1,1685,1658,SE
1174439.084,X_LEG_2,9.01,46.24,1.60,1,1685,1658,SE
1174439.106,X_LEG_2,9.01,46.24,1.60,1,1685,1658,SE
1174439.129,X_LEG_2,9.01,46.24,1.60,1,1685,1658,SE
1174439.149,X_LEG_2,8.93,46.13,1.62,1,1685,1659,SE
1174439.171,X_LEG_2,8.93,46.13,1.62,1,1685,1659,SE
1174439.190,X_LEG_2,8.93,46.13,1.62,1,1685,1659,SE
1174439.211,X_LEG_2,8.93,46.13,1.62,1,1685,1659,SE
1174439.232,X_LEG_2,8.93,46.13,1.62,1,1685,1659,SE
1174439.253,X_LEG_2,8.84,46.01,1.64,1,1684,1659,SE
1174439.274,X_LEG_2,8.84,46.01,1.64,1,1684,1659,SE
1174439.294,X_LEG_2,8.84,46.01,1.64,1,1684,1659,SE
1174439.316,X_LEG_2,8.84,46.01,1.64,1,1684,1659,SE
1174439.336,X_LEG_2,8.84,46.01,1.64,1,1684,1659,SE
1174439.356,X_LEG_2,8.75,45.90,1.66,1,1684,1659,SE
1174439.376,X_LEG_2,8.75,45.90,1.66,1,1684,1659,SE
1174439.397,X_LEG_2,8.75,45.90,1.66,1,1684,1659,SE
1174439.418,X_LEG_2,8.75,45.90,1.66,1,1684,1659,SE
1174439.439,X_LEG_2,8.75,45.90,1.66,1,1684,1659,SE
1174439.459,X_LEG_2,8.67,45.79,1.68,1,1683,1659,SE
1174439.480,X_LEG_2,8.67,45.79,1.68,1,1683,1659,SE
1174439.501,X_LEG_2,8.67,45.79,1.68,1,1683,1659,SE
1174439.522,X_LEG_2,8.67,45.79,1.68,1,1683,1659,SE
1174439.542,X_LEG_2,8.67,45.79,1.68,1,1683,1659,SE
1174439.564,X_LEG_2,8.58,45.67,1.69,1,1683,1660,SE
1174439.584,X_LEG_2,8.58,45.67,1.69,1,1683,1660,SE
1174439.605,X_LEG_2,8.58,45.67,1.69,1,1683,1660,SE
1174439.625,X_LEG_2,8.58,45.67,1.69,1,1683,1660,SE
1174439.646,X_LEG_2,8.58,45.67,1.69,1,1683,1660,SE
1174439.666,X_LEG_2,8.45,45.50,1.72,1,1682,1660,SE
1174439.687,X_LEG_2,8.45,45.50,1.72,1,1682,1660,SE
1174439.707,X_LEG_2,8.45,45.50,1.72,1,1682,1660,SE
1174439.727,X_LEG_2,8.45,45.50,1.72,1,1682,1660,SE
1174439.749,X_LEG_2,8.45,45.50,1.72,1,1682,1660,SE
1174439.769,X_LEG_2,8.45,45.50,1.72,1,1682,1660,SE
1174439.789,X_LEG_2,8.45,45.50,1.72,1,1682,1660,SE
1174439.810,X_LEG_2,8.45,45.50,1.72,1,1682,1660,SE
1174439.830,X_LEG_2,8.45,45.50,1.72,1,1682,1660,SE
1174439.850,X_LEG_2,8.45,45.50,1.72,1,1682,1660,SE
1174439.871,X_LEG_2,8.32,45.33,1.75,1,1681,1661,SE
1174439.891,X_LEG_2,8.32,45.33,1.75,1,1681,1661,SE
1174439.911,X_LEG_2,8.32,45.33,1.75,1,1681,1661,SE
1174439.932,X_LEG_2,8.32,45.33,1.75,1,1681,1661,SE
1174439.952,X_LEG_2,8.32,45.33,1.75,1,1681,1661,SE
1174439.973,X_LEG_2,8.19,45.15,1.77,1,1681,1661,SE
1174439.993,X_LEG_2,8.19,45.15,1.77,1,1681,1661,SE
1174440.014,X_LEG_2,8.19,45.15,1.77,1,1681,1661,SE
1174440.034,X_LEG_2,8.19,45.15,1.77,1,1681,1661,SE
1174440.055,X_LEG_2,8.19,45.15,1.77,1,1681,1661,SE
1174440.075,X_LEG_2,8.11,45.04,1.79,1,1680,1661,SE
1174440.096,X_LEG_2,8.11,45.04,1.79,1,1680,1661,SE
1174440.116,X_LEG_2,8.11,45.04,1.79,1,1680,1661,SE
1174440.136,X_LEG_2,8.11,45.04,1.79,1,1680,1661,SE
1174440.156,X_LEG_2,8.11,45.04,1.79,1,1680,1661,SE
1174440.177,X_LEG_2,8.11,45.04,1.79,1,1680,1661,SE
1174440.197,X_LEG_2,8.11,45.04,1.79,1,1680,1661,SE
1174440.218,X_LEG_2,8.11,45.04,1.79,1,1680,1661,SE
1174440.238,X_LEG_2,8.11,45.04,1.79,1,1680,1661,SE
1174440.258,X_LEG_2,8.11,45.04,1.79,1,1680,1661,SE
1174440.279,X_LEG_2,7.98,44.86,1.82,1,1679,1662,SE
1174440.299,X_LEG_2,7.98,44.86,1.82,1,1679,1662,SE
1174440.320,X_LEG_2,7.98,44.86,1.82,1,1679,1662,SE
1174440.340,X_LEG_2,7.98,44.86,1.82,1,1679,1662,SE
1174440.362,X_LEG_2,7.98,44.86,1.82,1,1679,1662,SE
1174440.382,X_LEG_2,7.85,44.69,1.85,1,1679,1662,SE
1174440.402,X_LEG_2,7.85,44.69,1.85,1,1679,1662,SE
1174440.423,X_LEG_2,7.85,44.69,1.85,1,1679,1662,SE
1174440.443,X_LEG_2,7.85,44.69,1.85,1,1679,1662,SE
1174440.464,X_LEG_2,7.85,44.69,1.85,1,1679,1662,SE
1174440.484,X_LEG_2,7.76,44.57,1.86,1,1678,1662,SE
1174440.505,X_LEG_2,7.76,44.57,1.86,1,1678,1662,SE
1174440.525,X_LEG_2,7.76,44.57,1.86,1,1678,1662,SE
1174440.546,X_LEG_2,7.76,44.57,1.86,1,1678,1662,SE
1174440.566,X_LEG_2,7.76,44.57,1.86,1,1678,1662,SE
1174440.586,X_LEG_2,7.76,44.57,1.86,1,1678,1662,SE
1174440.607,X_LEG_2,7.76,44.57,1.86,1,1678,1662,SE
1174440.629,X_LEG_2,7.76,44.57,1.86,1,1678,1662,SE
1174440.649,X_LEG_2,7.76,44.57,1.86,1,1678,1662,SE
1174440.670,X_LEG_2,7.76,44.57,1.86,1,1678,1662,SE
1174440.690,X_LEG_2,7.64,44.40,1.90,1,1678,1663,SE
1174440.711,X_LEG_2,7.64,44.40,1.90,1,1678,1663,SE
1174440.731,X_LEG_2,7.64,44.40,1.90,1,1678,1663,SE
1174440.752,X_LEG_2,7.64,44.40,1.90,1,1678,1663,SE
1174440.772,X_LEG_2,7.64,44.40,1.90,1,1678,1663,SE
1174440.792,X_LEG_2,7.55,44.27,0.92,1,1677,1663,SE
1174440.813,X_LEG_2,7.55,44.27,0.92,1,1677,1663,SE
1174440.833,X_LEG_2,7.55,44.27,0.92,1,1677,1663,SE
1174440.854,X_LEG_2,7.55,44.27,0.92,1,1677,1663,SE
1174440.874,X_LEG_2,7.55,44.27,0.92,1,1677,1663,SE
1174440.894,X_LEG_2,7.42,44.09,0.94,1,1676,1663,SE
1174440.916,X_LEG_2,7.42,44.09,0.94,1,1676,1663,SE
1174440.936,X_LEG_2,7.42,44.09,0.94,1,1676,1663,SE
1174440.957,X_LEG_2,7.42,44.09,0.94,1,1676,1663,SE
1174440.977,X_LEG_2,7.42,44.09,0.94,1,1676,1663,SE
1174440.998,X_LEG_2,7.30,43.91,0.97,1,1676,1664,SE
1174441.018,X_LEG_2,7.30,43.91,0.97,1,1676,1664,SE
1174441.039,X_LEG_2,7.30,43.91,0.97,1,1676,1664,SE
1174441.059,X_LEG_2,7.30,43.91,0.97,1,1676,1664,SE
1174441.079,X_LEG_2,7.30,43.91,0.97,1,1676,1664,SE
1174441.100,X_LEG_2,7.30,43.91,0.97,1,1676,1664,SE
1174441.121,X_LEG_2,7.30,43.91,0.97,1,1676,1664,SE
1174441.141,X_LEG_2,7.30,43.91,0.97,1,1676,1664,SE
1174441.161,X_LEG_2,7.30,43.91,0.97,1,1676,1664,SE
1174441.182,X_LEG_2,7.30,43.91,0.97,1,1676,1664,SE
1174441.202,X_LEG_2,7.17,43.73,1.00,1,1675,1664,SE
1174441.223,X_LEG_2,7.17,43.73,1.00,1,1675,1664,SE
1174441.243,X_LEG_2,7.17,43.73,1.00,1,1675,1664,SE
1174441.264,X_LEG_2,7.17,43.73,1.00,1,1675,1664,SE
1174441.285,X_LEG_2,7.17,43.73,1.00,1,1675,1664,SE
1174441.306,X_LEG_2,7.04,43.55,1.03,1,1674,1664,SE
1174441.325,X_LEG_2,7.04,43.55,1.03,1,1674,1664,SE
1174441.346,X_LEG_2,7.04,43.55,1.03,1,1674,1664,SE
1174441.366,X_LEG_2,7.04,43.55,1.03,1,1674,1664,SE
1174441.387,X_LEG_2,7.04,43.55,1.03,1,1674,1664,SE
1174441.407,X_LEG_2,6.92,43.37,1.05,1,1673,1665,SE
1174441.428,X_LEG_2,6.92,43.37,1.05,1,1673,1665,SE
1174441.448,X_LEG_2,6.92,43.37,1.05,1,1673,1665,SE
1174441.469,X_LEG_2,6.92,43.37,1.05,1,1673,1665,SE
1174441.489,X_LEG_2,6.92,43.37,1.05,1,1673,1665,SE
1174441.509,X_LEG_2,6.92,43.37,1.05,1,1673,1665,SE
1174441.530,X_LEG_2,6.92,43.37,1.05,1,1673,1665,SE
1174441.552,X_LEG_2,6.92,43.37,1.05,1,1673,1665,SE
1174441.572,X_LEG_2,6.92,43.37,1.05,1,1673,1665,SE
1174441.593,X_LEG_2,6.92,43.37,1.05,1,1673,1665,SE
1174441.614,X_LEG_2,6.79,43.19,1.08,1,1673,1665,SE
1174441.634,X_LEG_2,6.79,43.19,1.08,1,1673,1665,SE
1174441.654,X_LEG_2,6.79,43.19,1.08,1,1673,1665,SE
1174441.676,X_LEG_2,6.79,43.19,1.08,1,1673,1665,SE
1174441.696,X_LEG_2,6.79,43.19,1.08,1,1673,1665,SE
1174441.717,X_LEG_2,6.67,43.01,1.11,1,1672,1665,SE
1174441.737,X_LEG_2,6.67,43.01,1.11,1,1672,1665,SE
1174441.758,X_LEG_2,6.67,43.01,1.11,1,1672,1665,SE
1174441.778,X_LEG_2,6.67,43.01,1.11,1,1672,1665,SE
1174441.799,X_LEG_2,6.67,43.01,1.11,1,1672,1665,SE
1174441.819,X_LEG_2,6.55,42.82,1.14,1,1671,1666,SE
1174441.840,X_LEG_2,6.55,42.82,1.14,1,1671,1666,SE
1174441.863,X_LEG_2,6.55,42.82,1.14,1,1671,1666,SE
1174441.881,X_LEG_2,6.55,42.82,1.14,1,1671,1666,SE
1174441.901,X_LEG_2,6.55,42.82,1.14,1,1671,1666,SE
1174441.922,X_LEG_2,6.55,42.82,1.14,1,1671,1666,SE
1174441.944,X_LEG_2,6.55,42.82,1.14,1,1671,1666,SE
1174441.964,X_LEG_2,6.55,42.82,1.14,1,1671,1666,SE
1174441.985,X_LEG_2,6.55,42.82,1.14,1,1671,1666,SE
1174442.006,X_LEG_2,6.55,42.82,1.14,1,1671,1666,SE
1174442.027,X_LEG_2,6.34,42.64,1.16,1,1671,1666,SE
1174442.047,X_LEG_2,6.34,42.64,1.16,1,1671,1666,SE
1174442.068,X_LEG_2,6.34,42.64,1.16,1,1671,1666,SE
1174442.088,X_LEG_2,6.34,42.64,1.16,1,1671,1666,SE
1174442.109,X_LEG_2,6.34,42.64,1.16,1,1671,1666,SE
1174442.130,X_LEG_2,6.26,42.39,1.20,1,1670,1667,SE
1174442.150,X_LEG_2,6.26,42.39,1.20,1,1670,1667,SE
1174442.171,X_LEG_2,6.26,42.39,1.20,1,1670,1667,SE
1174442.191,X_LEG_2,6.26,42.39,1.20,1,1670,1667,SE
1174442.212,X_LEG_2,6.26,42.39,1.20,1,1670,1667,SE
1174442.232,X_LEG_2,6.26,42.39,1.20,1,1670,1667,SE
1174442.253,X_LEG_2,6.26,42.39,1.20,1,1670,1667,SE
1174442.273,X_LEG_2,6.26,42.39,1.20,1,1670,1667,SE
1174442.294,X_LEG_2,6.26,42.39,1.20,1,1670,1667,SE
1174442.314,X_LEG_2,6.26,42.39,1.20,1,1670,1667,SE
1174442.335,X_LEG_2,6.14,42.21,1.22,1,1669,1667,SE
1174442.355,X_LEG_2,6.14,42.21,1.22,1,1669,1667,SE
1174442.375,X_LEG_2,6.14,42.21,1.22,1,1669,1667,SE
1174442.396,X_LEG_2,6.14,42.21,1.22,1,1669,1667,SE
1174442.416,X_LEG_2,6.14,42.21,1.22,1,1669,1667,SE
1174442.436,X_LEG_2,6.01,42.02,1.26,1,1668,1667,SE
1174442.457,X_LEG_2,6.01,42.02,1.26,1,1668,1667,SE
1174442.478,X_LEG_2,6.01,42.02,1.26,1,1668,1667,SE
1174442.498,X_LEG_2,6.01,42.02,1.26,1,1668,1667,SE
1174442.519,X_LEG_2,6.01,42.02,1.26,1,1668,1667,SE
1174442.540,X_LEG_2,5.89,41.83,1.28,1,1667,1668,SE
1174442.560,X_LEG_2,5.89,41.83,1.28,1,1667,1668,SE
1174442.581,X_LEG_2,5.89,41.83,1.28,1,1667,1668,SE
1174442.601,X_LEG_2,5.89,41.83,1.28,1,1667,1668,SE
1174442.622,X_LEG_2,5.89,41.83,1.28,1,1667,1668,SE
1174442.642,X_LEG_2,5.77,41.65,1.31,1,1667,1668,SE
1174442.663,X_LEG_2,5.77,41.65,1.31,1,1667,1668,SE
1174442.683,X_LEG_2,5.77,41.65,1.31,1,1667,1668,SE
1174442.704,X_LEG_2,5.77,41.65,1.31,1,1667,1668,SE
1174442.724,X_LEG_2,5.77,41.65,1.31,1,1667,1668,SE
1174442.744,X_LEG_2,5.65,41.46,1.33,1,1666,1669,SE
1174442.765,X_LEG_2,5.65,41.46,1.33,1,1666,1669,SE
1174442.785,X_LEG_2,5.65,41.46,1.33,1,1666,1669,SE
1174442.806,X_LEG_2,5.65,41.46,1.33,1,1666,1669,SE
1174442.826,X_LEG_2,5.65,41.46,1.33,1,1666,1669,SE
1174442.847,X_LEG_2,5.53,41.28,1.37,1,1665,1669,SE
1174442.868,X_LEG_2,5.53,41.28,1.37,1,1665,1669,SE
1174442.888,X_LEG_2,5.53,41.28,1.37,1,1665,1669,SE
1174442.909,X_LEG_2,5.53,41.28,1.37,1,1665,1669,SE
1174442.929,X_LEG_2,5.53,41.28,1.37,1,1665,1669,SE
1174442.949,X_LEG_2,5.42,41.09,1.40,1,1664,1669,SE
1174442.970,X_LEG_2,5.42,41.09,1.40,1,1664,1669,SE
1174442.991,X_LEG_2,5.42,41.09,1.40,1,1664,1669,SE
1174443.011,X_LEG_2,5.42,41.09,1.40,1,1664,1669,SE
1174443.031,X_LEG_2,5.42,41.09,1.40,1,1664,1669,SE
1174443.052,X_LEG_2,5.30,40.89,1.42,1,1664,1670,SE
1174443.072,X_LEG_2,5.30,40.89,1.42,1,1664,1670,SE
1174443.093,X_LEG_2,5.30,40.89,1.42,1,1664,1670,SE
1174443.113,X_LEG_2,5.30,40.89,1.42,1,1664,1670,SE
1174443.134,X_LEG_2,5.30,40.89,1.42,1,1664,1670,SE
1174443.154,X_LEG_2,5.30,40.89,1.42,1,1664,1670,SE
1174443.175,X_LEG_2,5.30,40.89,1.42,1,1664,1670,SE
1174443.195,X_LEG_2,5.30,40.89,1.42,1,1664,1670,SE
1174443.215,X_LEG_2,5.30,40.89,1.42,1,1664,1670,SE
1174443.235,X_LEG_2,5.30,40.89,1.42,1,1664,1670,SE
1174443.256,X_LEG_2,5.18,40.70,1.45,1,1663,1670,SE
1174443.276,X_LEG_2,5.18,40.70,1.45,1,1663,1670,SE
1174443.297,X_LEG_2,5.18,40.70,1.45,1,1663,1670,SE
1174443.318,X_LEG_2,5.18,40.70,1.45,1,1663,1670,SE
1174443.338,X_LEG_2,5.18,40.70,1.45,1,1663,1670,SE
1174443.359,X_LEG_2,5.07,40.51,0.47,1,1662,1670,SE
1174443.379,X_LEG_2,5.07,40.51,0.47,1,1662,1670,SE
1174443.400,X_LEG_2,5.07,40.51,0.47,1,1662,1670,SE
1174443.420,X_LEG_2,5.07,40.51,0.47,1,1662,1670,SE
1174443.440,X_LEG_2,5.07,40.51,0.47,1,1662,1670,SE
1174443.460,X_LEG_2,4.95,40.33,0.51,1,1661,1671,SE
1174443.480,X_LEG_2,4.95,40.33,0.51,1,1661,1671,SE
1174443.501,X_LEG_2,4.95,40.33,0.51,1,1661,1671,SE
1174443.522,X_LEG_2,4.95,40.33,0.51,1,1661,1671,SE
1174443.542,X_LEG_2,4.95,40.33,0.51,1,1661,1671,SE
1174443.563,X_LEG_2,4.84,40.14,0.54,1,1661,1671,SE
1174443.584,X_LEG_2,4.84,40.14,0.54,1,1661,1671,SE
1174443.604,X_LEG_2,4.84,40.14,0.54,1,1661,1671,SE
1174443.625,X_LEG_2,4.84,40.14,0.54,1,1661,1671,SE
1174443.645,X_LEG_2,4.84,40.14,0.54,1,1661,1671,SE
1174443.665,X_LEG_2,4.73,39.95,0.57,1,1660,1671,SE
1174443.686,X_LEG_2,4.73,39.95,0.57,1,1660,1671,SE
1174443.706,X_LEG_2,4.73,39.95,0.57,1,1660,1671,SE
1174443.727,X_LEG_2,4.73,39.95,0.57,1,1660,1671,SE
1174443.747,X_LEG_2,4.73,39.95,0.57,1,1660,1671,SE
1174443.768,X_LEG_2,4.62,39.76,0.59,1,1659,1672,SE
1174443.788,X_LEG_2,4.62,39.76,0.59,1,1659,1672,SE
1174443.809,X_LEG_2,4.62,39.76,0.59,1,1659,1672,SE
1174443.829,X_LEG_2,4.62,39.76,0.59,1,1659,1672,SE
1174443.850,X_LEG_2,4.62,39.76,0.59,1,1659,1672,SE
1174443.870,X_LEG_2,4.62,39.76,0.59,1,1659,1672,SE
1174443.891,X_LEG_2,4.62,39.76,0.59,1,1659,1672,SE
1174443.912,X_LEG_2,4.62,39.76,0.59,1,1659,1672,SE
1174443.932,X_LEG_2,4.62,39.76,0.59,1,1659,1672,SE
1174443.953,X_LEG_2,4.62,39.76,0.59,1,1659,1672,SE
1174443.974,X_LEG_2,4.51,39.57,0.62,1,1658,1672,SE
1174443.995,X_LEG_2,4.51,39.57,0.62,1,1658,1672,SE
1174444.015,X_LEG_2,4.51,39.57,0.62,1,1658,1672,SE
1174444.036,X_LEG_2,4.51,39.57,0.62,1,1658,1672,SE
1174444.056,X_LEG_2,4.51,39.57,0.62,1,1658,1672,SE
1174444.077,X_LEG_2,4.39,39.38,0.65,1,1658,1672,SE
1174444.097,X_LEG_2,4.39,39.38,0.65,1,1658,1672,SE
1174444.118,X_LEG_2,4.39,39.38,0.65,1,1658,1672,SE
1174444.138,X_LEG_2,4.39,39.38,0.65,1,1658,1672,SE
1174444.158,X_LEG_2,4.39,39.38,0.65,1,1658,1672,SE
1174444.179,X_LEG_2,4.29,39.18,0.67,1,1657,1673,SE
1174444.199,X_LEG_2,4.29,39.18,0.67,1,1657,1673,SE
1174444.220,X_LEG_2,4.29,39.18,0.67,1,1657,1673,SE
1174444.240,X_LEG_2,4.29,39.18,0.67,1,1657,1673,SE
1174444.261,X_LEG_2,4.29,39.18,0.67,1,1657,1673,SE
1174444.281,X_LEG_2,4.18,38.99,0.70,1,1656,1673,SE
1174444.302,X_LEG_2,4.18,38.99,0.70,1,1656,1673,SE
1174444.322,X_LEG_2,4.18,38.99,0.70,1,1656,1673,SE
1174444.343,X_LEG_2,4.18,38.99,0.70,1,1656,1673,SE
1174444.363,X_LEG_2,4.18,38.99,0.70,1,1656,1673,SE
1174444.384,X_LEG_2,4.18,38.99,0.70,1,1656,1673,SE
1174444.404,X_LEG_2,4.18,38.99,0.70,1,1656,1673,SE
1174444.424,X_LEG_2,4.18,38.99,0.70,1,1656,1673,SE
1174444.445,X_LEG_2,4.18,38.99,0.70,1,1656,1673,SE
1174444.465,X_LEG_2,4.18,38.99,0.70,1,1656,1673,SE
1174444.486,X_LEG_2,4.07,38.80,0.73,1,1655,1673,SE
1174444.506,X_LEG_2,4.07,38.80,0.73,1,1655,1673,SE
1174444.527,X_LEG_2,4.07,38.80,0.73,1,1655,1673,SE
1174444.547,X_LEG_2,4.07,38.80,0.73,1,1655,1673,SE
1174444.568,X_LEG_2,4.07,38.80,0.73,1,1655,1673,SE
1174444.588,X_LEG_2,3.97,38.61,0.76,1,1654,1674,SE
1174444.608,X_LEG_2,3.97,38.61,0.76,1,1654,1674,SE
1174444.628,X_LEG_2,3.97,38.61,0.76,1,1654,1674,SE
1174444.649,X_LEG_2,3.97,38.61,0.76,1,1654,1674,SE
1174444.669,X_LEG_2,3.97,38.61,0.76,1,1654,1674,SE
1174444.690,X_LEG_2,3.86,38.42,0.79,1,1654,1674,SE
1174444.710,X_LEG_2,3.86,38.42,0.79,1,1654,1674,SE
1174444.731,X_LEG_2,3.86,38.42,0.79,1,1654,1674,SE
1174444.751,X_LEG_2,3.86,38.42,0.79,1,1654,1674,SE
1174444.772,X_LEG_2,3.86,38.42,0.79,1,1654,1674,SE
1174444.792,X_LEG_2,3.76,38.23,0.82,1,1653,1674,SE
1174444.812,X_LEG_2,3.76,38.23,0.82,1,1653,1674,SE
1174444.833,X_LEG_2,3.76,38.23,0.82,1,1653,1674,SE
1174444.853,X_LEG_2,3.76,38.23,0.82,1,1653,1674,SE
1174444.873,X_LEG_2,3.76,38.23,0.82,1,1653,1674,SE
1174444.894,X_LEG_2,3.65,38.04,0.85,1,1652,1675,SE
1174444.914,X_LEG_2,3.65,38.04,0.85,1,1652,1675,SE
1174444.935,X_LEG_2,3.65,38.04,0.85,1,1652,1675,SE
1174444.955,X_LEG_2,3.65,38.04,0.85,1,1652,1675,SE
1174444.975,X_LEG_2,3.65,38.04,0.85,1,1652,1675,SE
1174444.996,X_LEG_2,3.65,38.04,0.85,1,1652,1675,SE
1174445.016,X_LEG_2,3.65,38.04,0.85,1,1652,1675,SE
1174445.038,X_LEG_2,3.65,38.04,0.85,1,1652,1675,SE
1174445.058,X_LEG_2,3.65,38.04,0.85,1,1652,1675,SE
1174445.079,X_LEG_2,3.65,38.04,0.85,1,1652,1675,SE
1174445.100,X_LEG_2,3.55,37.85,0.86,1,1651,1675,SE
1174445.120,X_LEG_2,3.55,37.85,0.86,1,1651,1675,SE
1174445.141,X_LEG_2,3.55,37.85,0.86,1,1651,1675,SE
1174445.162,X_LEG_2,3.55,37.85,0.86,1,1651,1675,SE
1174445.182,X_LEG_2,3.55,37.85,0.86,1,1651,1675,SE
1174445.203,X_LEG_2,3.45,37.66,0.89,1,1651,1675,SE
1174445.223,X_LEG_2,3.45,37.66,0.89,1,1651,1675,SE
1174445.244,X_LEG_2,3.45,37.66,0.89,1,1651,1675,SE
1174445.264,X_LEG_2,3.45,37.66,0.89,1,1651,1675,SE
1174445.285,X_LEG_2,3.45,37.66,0.89,1,1651,1675,SE
1174445.305,X_LEG_2,3.35,37.47,0.92,1,1650,1675,SE
1174445.326,X_LEG_2,3.35,37.47,0.92,1,1650,1675,SE
1174445.346,X_LEG_2,3.35,37.47,0.92,1,1650,1675,SE
1174445.366,X_LEG_2,3.35,37.47,0.92,1,1650,1675,SE
1174445.387,X_LEG_2,3.35,37.47,0.92,1,1650,1675,SE
1174445.407,X_LEG_2,3.28,37.36,0.91,1,1649,1676,SE
1174445.429,X_LEG_2,3.28,37.36,0.91,1,1649,1676,SE
1174445.449,X_LEG_2,3.28,37.36,0.91,1,1649,1676,SE
1174445.470,X_LEG_2,3.28,37.36,0.91,1,1649,1676,SE
1174445.491,X_LEG_2,3.28,37.36,0.91,1,1649,1676,SE
1174445.512,X_LEG_2,3.28,37.36,0.91,1,1649,1676,SE
1174445.532,X_LEG_2,3.28,37.36,0.91,1,1649,1676,SE
1174445.554,X_LEG_2,3.28,37.36,0.91,1,1649,1676,SE
1174445.574,X_LEG_2,3.28,37.36,0.91,1,1649,1676,SE
1174445.594,X_LEG_2,3.28,37.36,0.91,1,1649,1676,SE
1174445.615,X_LEG_2,3.23,37.26,34.86,0,1500,1676,SE
1174445.635,X_LEG_2,3.23,37.26,34.86,0,1500,1676,SE
1174445.656,X_LEG_2,3.23,37.26,34.86,0,1500,1676,SE
1174445.676,X_LEG_2,3.23,37.26,34.86,0,1500,1676,SE
1174445.697,X_LEG_2,3.23,37.26,34.86,0,1500,1676,SE
1174445.717,X_LEG_2,3.18,37.16,34.80,0,1500,1676,SE
1174445.738,X_LEG_2,3.18,37.16,34.80,0,1500,1676,SE
1174445.758,X_LEG_2,3.18,37.16,34.80,0,1500,1676,SE
1174445.779,X_LEG_2,3.18,37.16,34.80,0,1500,1676,SE
1174445.799,X_LEG_2,3.18,37.16,34.80,0,1500,1676,SE
1174445.820,X_LEG_2,3.13,37.07,34.70,0,1500,1676,SE
1174445.841,X_LEG_2,3.13,37.07,34.70,0,1500,1676,SE
1174445.861,X_LEG_2,3.13,37.07,34.70,0,1500,1676,SE
1174445.881,X_LEG_2,3.13,37.07,34.70,0,1500,1676,SE
1174445.902,X_LEG_2,3.13,37.07,34.70,0,1500,1676,SE
1174445.923,X_LEG_2,3.09,36.97,34.58,0,1500,1676,SE
1174445.943,X_LEG_2,3.09,36.97,34.58,0,1500,1676,SE
1174445.964,X_LEG_2,3.09,36.97,34.58,0,1500,1676,SE
1174445.984,X_LEG_2,3.09,36.97,34.58,0,1500,1676,SE
1174446.004,X_LEG_2,3.09,36.97,34.58,0,1500,1676,SE
1174446.025,X_LEG_2,3.09,36.97,34.58,0,1500,1676,SE
1174446.045,X_LEG_2,3.09,36.97,34.58,0,1500,1676,SE
1174446.066,X_LEG_2,3.09,36.97,34.58,0,1500,1676,SE
1174446.086,X_LEG_2,3.09,36.97,34.58,0,1500,1676,SE
1174446.107,X_LEG_2,3.09,36.97,34.58,0,1500,1676,SE
1174446.127,X_LEG_2,3.04,36.88,34.43,0,1500,1676,SE
1174446.148,X_LEG_2,3.04,36.88,34.43,0,1500,1676,SE
1174446.168,X_LEG_2,3.04,36.88,34.43,0,1500,1676,SE
1174446.189,X_LEG_2,3.04,36.88,34.43,0,1500,1676,SE
1174446.209,X_LEG_2,3.04,36.88,34.43,0,1500,1676,SE
1174446.230,X_LEG_2,3.00,36.79,77.27,0,1500,1677,SE
1174446.250,X_LEG_2,3.00,36.79,77.27,0,1500,1677,SE
1174446.271,X_LEG_2,3.00,36.79,77.27,0,1500,1677,SE
1174446.291,X_LEG_2,3.00,36.79,77.27,0,1500,1677,SE
1174446.312,X_LEG_2,3.00,36.79,77.27,0,1500,1677,SE
1174446.332,X_LEG_2,2.95,36.69,77.09,0,1500,1677,SE
1174446.353,X_LEG_2,2.95,36.69,77.09,0,1500,1677,SE
1174446.374,X_LEG_2,2.95,36.69,77.09,0,1500,1677,SE
1174446.394,X_LEG_2,2.95,36.69,77.09,0,1500,1677,SE
1174446.415,X_LEG_2,2.95,36.69,77.09,0,1500,1677,SE
1174446.435,X_LEG_2,2.95,36.69,77.09,0,1500,1677,SE
1174446.456,X_LEG_2,2.95,36.69,77.09,0,1500,1677,SE
1174446.476,X_LEG_2,2.95,36.69,77.09,0,1500,1677,SE
1174446.496,X_LEG_2,2.95,36.69,77.09,0,1500,1677,SE
1174446.517,X_LEG_2,2.95,36.69,77.09,0,1500,1677,SE
1174446.537,X_LEG_2,2.92,36.60,76.91,0,1500,1677,SE
1174446.558,X_LEG_2,2.92,36.60,76.91,0,1500,1677,SE
1174446.578,X_LEG_2,2.92,36.60,76.91,0,1500,1677,SE
1174446.599,X_LEG_2,2.92,36.60,76.91,0,1500,1677,SE
1174446.620,X_LEG_2,2.92,36.60,76.91,0,1500,1677,SE
1174446.640,X_LEG_2,2.88,36.52,76.71,0,1500,1677,SE
1174446.661,X_LEG_2,2.88,36.52,76.71,0,1500,1677,SE
1174446.681,X_LEG_2,2.88,36.52,76.71,0,1500,1677,SE
1174446.702,X_LEG_2,2.88,36.52,76.71,0,1500,1677,SE
1174446.722,X_LEG_2,2.88,36.52,76.71,0,1500,1677,SE
1174446.743,X_LEG_2,2.85,36.43,53.52,0,1500,1677,SE
1174446.763,X_LEG_2,2.85,36.43,53.52,0,1500,1677,SE
1174446.784,X_LEG_2,2.85,36.43,53.52,0,1500,1677,SE
1174446.805,X_LEG_2,2.85,36.43,53.52,0,1500,1677,SE
1174446.825,X_LEG_2,2.85,36.43,53.52,0,1500,1677,SE
1174446.846,X_LEG_2,2.85,36.43,53.52,0,1500,1677,SE
1174446.866,X_LEG_2,2.85,36.43,53.52,0,1500,1677,SE
1174446.886,X_LEG_2,2.85,36.43,53.52,0,1500,1677,SE
1174446.907,X_LEG_2,2.85,36.43,53.52,0,1500,1677,SE
1174446.927,X_LEG_2,2.85,36.43,53.52,0,1500,1677,SE
1174446.948,X_LEG_2,2.82,36.34,53.31,0,1500,1677,SE
1174446.968,X_LEG_2,2.82,36.34,53.31,0,1500,1677,SE
1174446.989,X_LEG_2,2.82,36.34,53.31,0,1500,1677,SE
1174447.009,X_LEG_2,2.82,36.34,53.31,0,1500,1677,SE
1174447.030,X_LEG_2,2.82,36.34,53.31,0,1500,1677,SE
1174447.050,X_LEG_2,2.79,36.25,53.11,0,1500,1677,SE
1174447.071,X_LEG_2,2.79,36.25,53.11,0,1500,1677,SE
1174447.091,X_LEG_2,2.79,36.25,53.11,0,1500,1677,SE
1174447.112,X_LEG_2,2.79,36.25,53.11,0,1500,1677,SE
1174447.132,X_LEG_2,2.79,36.25,53.11,0,1500,1677,SE
1174447.153,X_LEG_2,2.77,36.16,52.91,0,1500,1677,SE
1174447.173,X_LEG_2,2.77,36.16,52.91,0,1500,1677,SE
1174447.194,X_LEG_2,2.77,36.16,52.91,0,1500,1677,SE
1174447.214,X_LEG_2,2.77,36.16,52.91,0,1500,1677,SE
1174447.234,X_LEG_2,2.77,36.16,52.91,0,1500,1677,SE
1174447.255,X_LEG_2,2.74,36.08,52.70,0,1500,1677,SE
1174447.275,X_LEG_2,2.74,36.08,52.70,0,1500,1677,SE
1174447.296,X_LEG_2,2.74,36.08,52.70,0,1500,1677,SE
1174447.316,X_LEG_2,2.74,36.08,52.70,0,1500,1677,SE
1174447.337,X_LEG_2,2.74,36.08,52.70,0,1500,1677,SE
1174447.358,X_LEG_2,2.74,36.08,23.70,1,1644,1677,SE
1174447.379,X_LEG_2,2.74,36.08,23.70,1,1644,1677,SE
1174447.400,X_LEG_2,2.74,36.08,23.70,1,1644,1677,SE
1174447.421,X_LEG_2,2.74,36.08,23.70,1,1644,1677,SE
1174447.441,X_LEG_2,2.74,36.08,23.70,1,1644,1677,SE
1174447.462,X_LEG_2,2.72,35.99,23.50,1,1644,1677,SE
1174447.482,X_LEG_2,2.72,35.99,23.50,1,1644,1677,SE
1174447.503,X_LEG_2,2.72,35.99,23.50,1,1644,1677,SE
1174447.523,X_LEG_2,2.72,35.99,23.50,1,1644,1677,SE
1174447.544,X_LEG_2,2.72,35.99,23.50,1,1644,1677,SE
1174447.564,X_LEG_2,2.71,35.90,23.30,1,1644,1677,SE
1174447.584,X_LEG_2,2.71,35.90,23.30,1,1644,1677,SE
1174447.605,X_LEG_2,2.71,35.90,23.30,1,1644,1677,SE
1174447.625,X_LEG_2,2.71,35.90,23.30,1,1644,1677,SE
1174447.646,X_LEG_2,2.71,35.90,23.30,1,1644,1677,SE
1174447.666,X_LEG_2,2.69,35.82,23.09,1,1643,1677,SE
1174447.687,X_LEG_2,2.69,35.82,23.09,1,1643,1677,SE
1174447.707,X_LEG_2,2.69,35.82,23.09,1,1643,1677,SE
1174447.728,X_LEG_2,2.69,35.82,23.09,1,1643,1677,SE
1174447.748,X_LEG_2,2.69,35.82,23.09,1,1643,1677,SE
1174447.769,X_LEG_2,2.69,35.82,23.09,1,1643,1677,SE
1174447.789,X_LEG_2,2.69,35.82,23.09,1,1643,1677,SE
1174447.809,X_LEG_2,2.69,35.82,23.09,1,1643,1677,SE
1174447.829,X_LEG_2,2.69,35.82,23.09,1,1643,1677,SE
1174447.850,X_LEG_2,2.69,35.82,23.09,1,1643,1677,SE
1174447.870,X_LEG_2,2.68,35.73,22.90,1,1643,1677,SE
1174447.891,X_LEG_2,2.68,35.73,22.90,1,1643,1677,SE
1174447.911,X_LEG_2,2.68,35.73,22.90,1,1643,1677,SE
1174447.932,X_LEG_2,2.68,35.73,22.90,1,1643,1677,SE
1174447.952,X_LEG_2,2.68,35.73,22.90,1,1643,1677,SE
1174447.973,X_LEG_2,2.67,35.65,5.70,1,1643,1677,SE
1174447.995,X_LEG_2,2.67,35.65,5.70,1,1643,1677,SE
1174448.015,X_LEG_2,2.67,35.65,5.70,1,1643,1677,SE
1174448.035,X_LEG_2,2.67,35.65,5.70,1,1643,1677,SE
1174448.056,X_LEG_2,2.67,35.65,5.70,1,1643,1677,SE
1174448.077,X_LEG_2,2.66,35.58,5.49,1,1642,1678,SE
1174448.097,X_LEG_2,2.66,35.58,5.49,1,1642,1678,SE
1174448.118,X_LEG_2,2.66,35.58,5.49,1,1642,1678,SE
1174448.138,X_LEG_2,2.66,35.58,5.49,1,1642,1678,SE
1174448.159,X_LEG_2,2.66,35.58,5.49,1,1642,1678,SE
1174448.179,X_LEG_2,2.66,35.49,5.30,1,1642,1678,SE
1174448.200,X_LEG_2,2.66,35.49,5.30,1,1642,1678,SE
1174448.220,X_LEG_2,2.66,35.49,5.30,1,1642,1678,SE
1174448.241,X_LEG_2,2.66,35.49,5.30,1,1642,1678,SE
1174448.261,X_LEG_2,2.66,35.49,5.30,1,1642,1678,SE
1174448.282,X_LEG_2,2.66,35.49,5.30,1,1642,1678,SE
1174448.303,X_LEG_2,2.66,35.49,5.30,1,1642,1678,SE
1174448.329,X_LEG_2,2.66,35.49,5.30,1,1642,1678,SE
1174448.350,X_LEG_2,2.66,35.49,5.30,1,1642,1678,SE
1174448.370,X_LEG_2,2.66,35.49,5.30,1,1642,1678,SE
1174448.390,X_LEG_2,2.65,35.41,5.10,1,1642,1678,SE
1174448.411,X_LEG_2,2.65,35.41,5.10,1,1642,1678,SE
1174448.432,X_LEG_2,2.65,35.41,5.10,1,1642,1678,SE
1174448.452,X_LEG_2,2.65,35.41,5.10,1,1642,1678,SE
1174448.473,X_LEG_2,2.65,35.41,5.10,1,1642,1678,SE
1174448.496,X_LEG_2,2.65,35.35,4.97,1,1641,1678,SE
1174448.517,X_LEG_2,2.65,35.35,4.97,1,1641,1678,SE
1174448.537,X_LEG_2,2.65,35.35,4.97,1,1641,1678,SE
1174448.557,X_LEG_2,2.65,35.35,4.97,1,1641,1678,SE
1174448.578,X_LEG_2,2.65,35.35,4.97,1,1641,1678,SE
1174448.598,X_LEG_2,2.65,35.29,4.84,1,1641,1678,SE
1174448.619,X_LEG_2,2.65,35.29,4.84,1,1641,1678,SE
1174448.639,X_LEG_2,2.65,35.29,4.84,1,1641,1678,SE
1174448.659,X_LEG_2,2.65,35.29,4.84,1,1641,1678,SE
1174448.680,X_LEG_2,2.65,35.29,4.84,1,1641,1678,SE
1174448.700,X_LEG_2,2.65,35.24,4.71,1,1641,1678,SE
1174448.721,X_LEG_2,2.65,35.24,4.71,1,1641,1678,SE
1174448.741,X_LEG_2,2.65,35.24,4.71,1,1641,1678,SE
1174448.762,X_LEG_2,2.65,35.24,4.71,1,1641,1678,SE
1174448.782,X_LEG_2,2.65,35.24,4.71,1,1641,1678,SE
1174448.803,X_LEG_2,2.65,35.24,4.71,1,1641,1678,SE
1174448.823,X_LEG_2,2.65,35.24,4.71,1,1641,1678,SE
1174448.844,X_LEG_2,2.65,35.24,4.71,1,1641,1678,SE
1174448.864,X_LEG_2,2.65,35.24,4.71,1,1641,1678,SE
1174448.885,X_LEG_2,2.65,35.24,4.71,1,1641,1678,SE
1174448.906,X_LEG_2,2.65,35.14,4.51,1,1641,1678,SE
1174448.926,X_LEG_2,2.65,35.14,4.51,1,1641,1678,SE
1174448.948,X_LEG_2,2.65,35.14,4.51,1,1641,1678,SE
1174448.968,X_LEG_2,2.65,35.14,4.51,1,1641,1678,SE
1174448.989,X_LEG_2,2.65,35.14,4.51,1,1641,1678,SE
1174449.009,X_LEG_2,2.65,35.09,4.38,1,1640,1678,SE
1174449.030,X_LEG_2,2.65,35.09,4.38,1,1640,1678,SE
1174449.050,X_LEG_2,2.65,35.09,4.38,1,1640,1678,SE
1174449.071,X_LEG_2,2.65,35.09,4.38,1,1640,1678,SE
1174449.092,X_LEG_2,2.65,35.09,4.38,1,1640,1678,SE
1174449.112,X_LEG_2,2.65,35.01,4.18,1,1640,1678,SE
1174449.133,X_LEG_2,2.65,35.01,4.18,1,1640,1678,SE
1174449.153,X_LEG_2,2.65,35.01,4.18,1,1640,1678,SE
1174449.174,X_LEG_2,2.65,35.01,4.18,1,1640,1678,SE
1174449.195,X_LEG_2,2.65,35.01,4.18,1,1640,1678,SE
1174449.215,X_LEG_2,2.66,34.91,4.99,1,1640,1678,SE
1174449.235,X_LEG_2,2.66,34.91,4.99,1,1640,1678,SE
1174449.256,X_LEG_2,2.66,34.91,4.99,1,1640,1678,SE
1174449.277,X_LEG_2,2.66,34.91,4.99,1,1640,1678,SE
1174449.297,X_LEG_2,2.66,34.91,4.99,1,1640,1678,SE
1174449.318,X_LEG_2,2.66,34.91,4.99,1,1640,1678,SE
1174449.338,X_LEG_2,2.66,34.91,4.99,1,1640,1678,SE
1174449.359,X_LEG_2,2.66,34.91,4.99,1,1640,1678,SE
1174449.379,X_LEG_2,2.66,34.91,4.99,1,1640,1678,SE
1174449.399,X_LEG_2,2.66,34.91,4.99,1,1640,1678,SE
1174449.420,X_LEG_2,2.66,34.83,4.80,1,1639,1678,SE
1174449.441,X_LEG_2,2.66,34.83,4.80,1,1639,1678,SE
1174449.462,X_LEG_2,2.66,34.83,4.80,1,1639,1678,SE
1174449.482,X_LEG_2,2.66,34.83,4.80,1,1639,1678,SE
1174449.502,X_LEG_2,2.66,34.83,4.80,1,1639,1678,SE
1174449.523,X_LEG_2,2.66,34.83,4.80,1,1639,1678,SE
1174449.543,X_LEG_2,2.66,34.83,4.80,1,1639,1678,SE
1174449.564,X_LEG_2,2.66,34.83,4.80,1,1639,1678,SE
1174449.585,X_LEG_2,2.66,34.83,4.80,1,1639,1678,SE
1174449.605,X_LEG_2,2.66,34.83,4.80,1,1639,1678,SE
1174449.626,X_LEG_2,2.67,34.73,4.61,1,1639,1677,SE
1174449.647,X_LEG_2,2.67,34.73,4.61,1,1639,1677,SE
1174449.668,X_LEG_2,2.67,34.73,4.61,1,1639,1677,SE
1174449.688,X_LEG_2,2.67,34.73,4.61,1,1639,1677,SE
1174449.708,X_LEG_2,2.67,34.73,4.61,1,1639,1677,SE
1174449.729,X_LEG_2,2.68,34.67,4.48,1,1639,1677,SE
1174449.749,X_LEG_2,2.68,34.67,4.48,1,1639,1677,SE
1174449.770,X_LEG_2,2.68,34.67,4.48,1,1639,1677,SE
1174449.790,X_LEG_2,2.68,34.67,4.48,1,1639,1677,SE
1174449.811,X_LEG_2,2.68,34.67,4.48,1,1639,1677,SE
1174449.831,X_LEG_2,2.68,34.59,4.29,1,1638,1677,SE
1174449.852,X_LEG_2,2.68,34.59,4.29,1,1638,1677,SE
1174449.872,X_LEG_2,2.68,34.59,4.29,1,1638,1677,SE
1174449.893,X_LEG_2,2.68,34.59,4.29,1,1638,1677,SE
1174449.914,X_LEG_2,2.68,34.59,4.29,1,1638,1677,SE
1174449.934,X_LEG_2,2.68,34.59,4.29,1,1638,1677,SE
1174449.955,X_LEG_2,2.68,34.59,4.29,1,1638,1677,SE
1174449.977,X_LEG_2,2.68,34.59,4.29,1,1638,1677,SE
1174449.997,X_LEG_2,2.68,34.59,4.29,1,1638,1677,SE
1174450.018,X_LEG_2,2.68,34.59,4.29,1,1638,1677,SE
1174450.038,X_LEG_2,2.69,34.49,4.10,1,1638,1677,SE
1174450.059,X_LEG_2,2.69,34.49,4.10,1,1638,1677,SE
1174450.079,X_LEG_2,2.69,34.49,4.10,1,1638,1677,SE
1174450.099,X_LEG_2,2.69,34.49,4.10,1,1638,1677,SE
1174450.119,X_LEG_2,2.69,34.49,4.10,1,1638,1677,SE
1174450.140,X_LEG_2,2.72,34.40,3.91,1,1638,1677,SE
1174450.160,X_LEG_2,2.72,34.40,3.91,1,1638,1677,SE
1174450.181,X_LEG_2,2.72,34.40,3.91,1,1638,1677,SE
1174450.201,X_LEG_2,2.72,34.40,3.91,1,1638,1677,SE
1174450.221,X_LEG_2,2.72,34.40,3.91,1,1638,1677,SE
1174450.242,X_LEG_2,2.72,34.31,3.72,1,1637,1677,SE
1174450.262,X_LEG_2,2.72,34.31,3.72,1,1637,1677,SE
1174450.283,X_LEG_2,2.72,34.31,3.72,1,1637,1677,SE
1174450.303,X_LEG_2,2.72,34.31,3.72,1,1637,1677,SE
1174450.324,X_LEG_2,2.72,34.31,3.72,1,1637,1677,SE
1174450.344,X_LEG_2,2.73,34.21,3.53,1,1637,1677,SE
1174450.365,X_LEG_2,2.73,34.21,3.53,1,1637,1677,SE
1174450.385,X_LEG_2,2.73,34.21,3.53,1,1637,1677,SE
1174450.405,X_LEG_2,2.73,34.21,3.53,1,1637,1677,SE
1174450.426,X_LEG_2,2.73,34.21,3.53,1,1637,1677,SE
1174450.447,X_LEG_2,2.75,34.11,2.34,1,1636,1677,SE
1174450.467,X_LEG_2,2.75,34.11,2.34,1,1636,1677,SE
1174450.487,X_LEG_2,2.75,34.11,2.34,1,1636,1677,SE
1174450.508,X_LEG_2,2.75,34.11,2.34,1,1636,1677,SE
1174450.529,X_LEG_2,2.75,34.11,2.34,1,1636,1677,SE
1174450.549,X_LEG_2,2.76,34.02,2.16,1,1636,1677,SE
1174450.570,X_LEG_2,2.76,34.02,2.16,1,1636,1677,SE
1174450.590,X_LEG_2,2.76,34.02,2.16,1,1636,1677,SE
1174450.611,X_LEG_2,2.76,34.02,2.16,1,1636,1677,SE
1174450.631,X_LEG_2,2.76,34.02,2.16,1,1636,1677,SE
1174450.652,X_LEG_2,2.76,34.02,2.16,1,1636,1677,SE
1174450.672,X_LEG_2,2.76,34.02,2.16,1,1636,1677,SE
1174450.693,X_LEG_2,2.76,34.02,2.16,1,1636,1677,SE
1174450.713,X_LEG_2,2.76,34.02,2.16,1,1636,1677,SE
1174450.734,X_LEG_2,2.76,34.02,2.16,1,1636,1677,SE
1174450.754,X_LEG_2,2.78,33.93,1.98,1,1636,1677,SE
1174450.774,X_LEG_2,2.78,33.93,1.98,1,1636,1677,SE
1174450.795,X_LEG_2,2.78,33.93,1.98,1,1636,1677,SE
1174450.815,X_LEG_2,2.78,33.93,1.98,1,1636,1677,SE
1174450.837,X_LEG_2,2.78,33.93,1.98,1,1636,1677,SE
1174450.857,X_LEG_2,2.80,33.83,1.79,1,1635,1677,SE
1174450.877,X_LEG_2,2.80,33.83,1.79,1,1635,1677,SE
1174450.899,X_LEG_2,2.80,33.83,1.79,1,1635,1677,SE
1174450.920,X_LEG_2,2.80,33.83,1.79,1,1635,1677,SE
1174450.940,X_LEG_2,2.80,33.83,1.79,1,1635,1677,SE
1174450.961,X_LEG_2,2.82,33.73,0.61,1,1635,1677,SE
1174450.982,X_LEG_2,2.82,33.73,0.61,1,1635,1677,SE
1174451.002,X_LEG_2,2.82,33.73,0.61,1,1635,1677,SE
1174451.023,X_LEG_2,2.82,33.73,0.61,1,1635,1677,SE
1174451.043,X_LEG_2,2.82,33.73,0.61,1,1635,1677,SE
1174451.064,X_LEG_2,2.84,33.63,0.42,1,1635,1677,SE
1174451.084,X_LEG_2,2.84,33.63,0.42,1,1635,1677,SE
1174451.105,X_LEG_2,2.84,33.63,0.42,1,1635,1677,SE
1174451.125,X_LEG_2,2.84,33.63,0.42,1,1635,1677,SE
1174451.146,X_LEG_2,2.84,33.63,0.42,1,1635,1677,SE
1174451.166,X_LEG_2,2.86,33.53,0.24,1,1634,1677,SE
1174451.186,X_LEG_2,2.86,33.53,0.24,1,1634,1677,SE
1174451.207,X_LEG_2,2.86,33.53,0.24,1,1634,1677,SE
1174451.228,X_LEG_2,2.86,33.53,0.24,1,1634,1677,SE
1174451.248,X_LEG_2,2.86,33.53,0.24,1,1634,1677,SE
1174451.268,X_LEG_2,2.86,33.53,0.24,1,1634,1677,SE
1174451.289,X_LEG_2,2.86,33.53,0.24,1,1634,1677,SE
1174451.310,X_LEG_2,2.86,33.53,0.24,1,1634,1677,SE
1174451.330,X_LEG_2,2.86,33.53,0.24,1,1634,1677,SE
1174451.351,X_LEG_2,2.86,33.53,0.24,1,1634,1677,SE
1174451.371,X_LEG_2,2.91,33.33,-0.12,1,1633,1677,SE
1174451.392,X_LEG_2,2.91,33.33,-0.12,1,1633,1677,SE
1174451.412,X_LEG_2,2.91,33.33,-0.12,1,1633,1677,SE
1174451.432,X_LEG_2,2.91,33.33,-0.12,1,1633,1677,SE
1174451.453,X_LEG_2,2.91,33.33,-0.12,1,1633,1677,SE
1174451.473,X_LEG_2,2.91,33.33,-0.12,1,1633,1677,SE
1174451.494,X_LEG_2,2.91,33.33,-0.12,1,1633,1677,SE
1174451.515,X_LEG_2,2.91,33.33,-0.12,1,1633,1677,SE
1174451.535,X_LEG_2,2.91,33.33,-0.12,1,1633,1677,SE
1174451.555,X_LEG_2,2.91,33.33,-0.12,1,1633,1677,SE
1174451.575,X_LEG_2,2.93,33.23,-0.31,1,1633,1677,SE
1174451.596,X_LEG_2,2.93,33.23,-0.31,1,1633,1677,SE
1174451.617,X_LEG_2,2.93,33.23,-0.31,1,1633,1677,SE
1174451.637,X_LEG_2,2.93,33.23,-0.31,1,1633,1677,SE
1174451.658,X_LEG_2,2.93,33.23,-0.31,1,1633,1677,SE
1174451.678,X_LEG_2,2.96,33.13,-0.48,1,1633,1677,SE
1174451.699,X_LEG_2,2.96,33.13,-0.48,1,1633,1677,SE
1174451.719,X_LEG_2,2.96,33.13,-0.48,1,1633,1677,SE
1174451.740,X_LEG_2,2.96,33.13,-0.48,1,1633,1677,SE
1174451.761,X_LEG_2,2.96,33.13,-0.48,1,1633,1677,SE
1174451.781,X_LEG_2,2.99,33.03,-0.67,1,1632,1677,SE
1174451.802,X_LEG_2,2.99,33.03,-0.67,1,1632,1677,SE
1174451.823,X_LEG_2,2.99,33.03,-0.67,1,1632,1677,SE
1174451.844,X_LEG_2,2.99,33.03,-0.67,1,1632,1677,SE
1174451.864,X_LEG_2,2.99,33.03,-0.67,1,1632,1677,SE
1174451.885,X_LEG_2,2.99,33.03,-0.67,1,1632,1677,SE
1174451.905,X_LEG_2,2.99,33.03,-0.67,1,1632,1677,SE
1174451.926,X_LEG_2,2.99,33.03,-0.67,1,1632,1677,SE
1174451.949,X_LEG_2,2.99,33.03,-0.67,1,1632,1677,SE
1174451.969,X_LEG_2,2.99,33.03,-0.67,1,1632,1677,SE
1174451.990,X_LEG_2,3.02,32.92,-0.84,1,1632,1676,SE
1174452.010,X_LEG_2,3.02,32.92,-0.84,1,1632,1676,SE
1174452.031,X_LEG_2,3.02,32.92,-0.84,1,1632,1676,SE
1174452.051,X_LEG_2,3.02,32.92,-0.84,1,1632,1676,SE
1174452.074,X_LEG_2,3.02,32.92,-0.84,1,1632,1676,SE
1174452.094,X_LEG_2,3.04,32.85,-0.96,1,1631,1676,SE
1174452.114,X_LEG_2,3.04,32.85,-0.96,1,1631,1676,SE
1174452.135,X_LEG_2,3.04,32.85,-0.96,1,1631,1676,SE
1174452.155,X_LEG_2,3.04,32.85,-0.96,1,1631,1676,SE
1174452.176,X_LEG_2,3.04,32.85,-0.96,1,1631,1676,SE
1174452.198,X_LEG_2,3.06,32.79,-1.09,1,1631,1676,SE
1174452.218,X_LEG_2,3.06,32.79,-1.09,1,1631,1676,SE
1174452.239,X_LEG_2,3.06,32.79,-1.09,1,1631,1676,SE
1174452.260,X_LEG_2,3.06,32.79,-1.09,1,1631,1676,SE
1174452.280,X_LEG_2,3.06,32.79,-1.09,1,1631,1676,SE
1174452.300,X_LEG_2,3.09,32.68,-1.27,1,1631,1676,SE
1174452.322,X_LEG_2,3.09,32.68,-1.27,1,1631,1676,SE
1174452.342,X_LEG_2,3.09,32.68,-1.27,1,1631,1676,SE
1174452.362,X_LEG_2,3.09,32.68,-1.27,1,1631,1676,SE
1174452.383,X_LEG_2,3.09,32.68,-1.27,1,1631,1676,SE
1174452.403,X_LEG_2,3.12,32.58,-1.45,1,1630,1676,SE
1174452.424,X_LEG_2,3.12,32.58,-1.45,1,1630,1676,SE
1174452.444,X_LEG_2,3.12,32.58,-1.45,1,1630,1676,SE
1174452.465,X_LEG_2,3.12,32.58,-1.45,1,1630,1676,SE
1174452.485,X_LEG_2,3.12,32.58,-1.45,1,1630,1676,SE
1174452.506,X_LEG_2,3.16,32.47,-1.62,1,1630,1676,SE
1174452.527,X_LEG_2,3.16,32.47,-1.62,1,1630,1676,SE
1174452.548,X_LEG_2,3.16,32.47,-1.62,1,1630,1676,SE
1174452.568,X_LEG_2,3.16,32.47,-1.62,1,1630,1676,SE
1174452.589,X_LEG_2,3.16,32.47,-1.62,1,1630,1676,SE
1174452.609,X_LEG_2,3.16,32.47,-1.62,1,1630,1676,SE
1174452.629,X_LEG_2,3.16,32.47,-1.62,1,1630,1676,SE
1174452.650,X_LEG_2,3.16,32.47,-1.62,1,1630,1676,SE
1174452.670,X_LEG_2,3.16,32.47,-1.62,1,1630,1676,SE
1174452.691,X_LEG_2,3.16,32.47,-1.62,1,1630,1676,SE
1174452.713,X_LEG_2,3.19,32.37,-1.80,1,1629,1676,SE
1174452.733,X_LEG_2,3.19,32.37,-1.80,1,1629,1676,SE
1174452.754,X_LEG_2,3.19,32.37,-1.80,1,1629,1676,SE
1174452.774,X_LEG_2,3.19,32.37,-1.80,1,1629,1676,SE
1174452.795,X_LEG_2,3.19,32.37,-1.80,1,1629,1676,SE
1174452.815,X_LEG_2,3.19,32.37,-1.80,1,1629,1676,SE
1174452.836,X_LEG_2,3.19,32.37,-1.80,1,1629,1676,SE
1174452.857,X_LEG_2,3.19,32.37,-1.80,1,1629,1676,SE
1174452.877,X_LEG_2,3.19,32.37,-1.80,1,1629,1676,SE
1174452.898,X_LEG_2,3.19,32.37,-1.80,1,1629,1676,SE
1174452.918,X_LEG_2,3.19,32.27,-1.98,1,1629,1676,SE
1174452.938,X_LEG_2,3.23,32.27,-1.98,1,1629,1676,SE
1174452.959,X_LEG_2,3.23,32.27,-1.98,1,1629,1676,SE
1174452.979,X_LEG_2,3.23,32.27,-1.98,1,1629,1676,SE
1174453.000,X_LEG_2,3.23,32.27,-1.98,1,1629,1676,SE
1174453.020,X_LEG_2,3.27,32.15,-2.15,1,1629,1676,SE
1174453.041,X_LEG_2,3.27,32.15,-2.15,1,1629,1676,SE
1174453.061,X_LEG_2,3.27,32.15,-2.15,1,1629,1676,SE
1174453.082,X_LEG_2,3.27,32.15,-2.15,1,1629,1676,SE
1174453.103,X_LEG_2,3.27,32.15,-2.15,1,1629,1676,SE
1174453.124,X_LEG_2,3.30,32.05,-2.33,1,1628,1676,SE
1174453.144,X_LEG_2,3.30,32.05,-2.33,1,1628,1676,SE
1174453.165,X_LEG_2,3.30,32.05,-2.33,1,1628,1676,SE
1174453.185,X_LEG_2,3.30,32.05,-2.33,1,1628,1676,SE
1174453.206,X_LEG_2,3.30,32.05,-2.33,1,1628,1676,SE
1174453.226,X_LEG_2,3.30,32.05,-2.33,1,1628,1676,SE
1174453.246,X_LEG_2,3.30,32.05,-2.33,1,1628,1676,SE
1174453.267,X_LEG_2,3.30,32.05,-2.33,1,1628,1676,SE
1174453.287,X_LEG_2,3.30,32.05,-2.33,1,1628,1676,SE
1174453.307,X_LEG_2,3.30,32.05,-2.33,1,1628,1676,SE
1174453.328,X_LEG_2,3.34,31.94,-1.51,1,1628,1675,SE
1174453.348,X_LEG_2,3.34,31.94,-1.51,1,1628,1675,SE
1174453.369,X_LEG_2,3.34,31.94,-1.51,1,1628,1675,SE
1174453.389,X_LEG_2,3.34,31.94,-1.51,1,1628,1675,SE
1174453.410,X_LEG_2,3.34,31.94,-1.51,1,1628,1675,SE
1174453.432,X_LEG_2,3.39,31.84,-1.68,1,1627,1675,SE
1174453.452,X_LEG_2,3.39,31.84,-1.68,1,1627,1675,SE
1174453.472,X_LEG_2,3.39,31.84,-1.68,1,1627,1675,SE
1174453.494,X_LEG_2,3.39,31.84,-1.68,1,1627,1675,SE
1174453.514,X_LEG_2,3.39,31.84,-1.68,1,1627,1675,SE
1174453.534,X_LEG_2,3.43,31.73,-1.86,1,1627,1675,SE
1174453.556,X_LEG_2,3.43,31.73,-1.86,1,1627,1675,SE
1174453.576,X_LEG_2,3.43,31.73,-1.86,1,1627,1675,SE
1174453.596,X_LEG_2,3.43,31.73,-1.86,1,1627,1675,SE
1174453.617,X_LEG_2,3.43,31.73,-1.86,1,1627,1675,SE
1174453.637,X_LEG_2,3.47,31.63,-2.03,1,1627,1675,SE
1174453.658,X_LEG_2,3.47,31.63,-2.03,1,1627,1675,SE
1174453.678,X_LEG_2,3.47,31.63,-2.03,1,1627,1675,SE
1174453.699,X_LEG_2,3.47,31.63,-2.03,1,1627,1675,SE
1174453.719,X_LEG_2,3.47,31.63,-2.03,1,1627,1675,SE
1174453.740,X_LEG_2,3.47,31.63,-2.03,1,1627,1675,SE
1174453.760,X_LEG_2,3.47,31.63,-2.03,1,1627,1675,SE
1174453.780,X_LEG_2,3.47,31.63,-2.03,1,1627,1675,SE
1174453.801,X_LEG_2,3.47,31.63,-2.03,1,1627,1675,SE
1174453.823,X_LEG_2,3.47,31.63,-2.03,1,1627,1675,SE
1174453.843,X_LEG_2,3.51,31.52,-2.21,1,1626,1675,SE
1174453.863,X_LEG_2,3.51,31.52,-2.21,1,1626,1675,SE
1174453.886,X_LEG_2,3.51,31.52,-2.21,1,1626,1675,SE
1174453.907,X_LEG_2,3.51,31.52,-2.21,1,1626,1675,SE
1174453.928,X_LEG_2,3.51,31.52,-2.21,1,1626,1675,SE
1174453.948,X_LEG_2,3.56,31.40,-2.39,1,1626,1675,SE
1174453.968,X_LEG_2,3.56,31.40,-2.39,1,1626,1675,SE
1174453.988,X_LEG_2,3.56,31.40,-2.39,1,1626,1675,SE
1174454.009,X_LEG_2,3.56,31.40,-2.39,1,1626,1675,SE
1174454.029,X_LEG_2,3.56,31.40,-2.39,1,1626,1675,SE
1174454.050,X_LEG_2,3.61,31.30,-2.56,1,1625,1675,SE
1174454.072,X_LEG_2,3.61,31.30,-2.56,1,1625,1675,SE
1174454.092,X_LEG_2,3.61,31.30,-2.56,1,1625,1675,SE
1174454.112,X_LEG_2,3.61,31.30,-2.56,1,1625,1675,SE
1174454.135,X_LEG_2,3.61,31.30,-2.56,1,1625,1675,SE
1174454.155,X_LEG_2,3.65,31.19,-2.74,1,1625,1675,SE
1174454.176,X_LEG_2,3.65,31.19,-2.74,1,1625,1675,SE
1174454.197,X_LEG_2,3.65,31.19,-2.74,1,1625,1675,SE
1174454.217,X_LEG_2,3.65,31.19,-2.74,1,1625,1675,SE
1174454.237,X_LEG_2,3.65,31.19,-2.74,1,1625,1675,SE
1174454.258,X_LEG_2,3.65,31.19,-2.74,1,1625,1675,SE
1174454.279,X_LEG_2,3.65,31.19,-2.74,1,1625,1675,SE
1174454.299,X_LEG_2,3.65,31.19,-2.74,1,1625,1675,SE
1174454.321,X_LEG_2,3.65,31.19,-2.74,1,1625,1675,SE
1174454.341,X_LEG_2,3.65,31.19,-2.74,1,1625,1675,SE
1174454.362,X_LEG_2,3.70,31.08,-2.91,1,1624,1674,SE
1174454.382,X_LEG_2,3.70,31.08,-2.91,1,1624,1674,SE
1174454.403,X_LEG_2,3.70,31.08,-2.91,1,1624,1674,SE
1174454.423,X_LEG_2,3.70,31.08,-2.91,1,1624,1674,SE
1174454.443,X_LEG_2,3.70,31.08,-2.91,1,1624,1674,SE
1174454.464,X_LEG_2,3.75,30.97,-3.10,1,1624,1674,SE
1174454.484,X_LEG_2,3.75,30.97,-3.10,1,1624,1674,SE
1174454.505,X_LEG_2,3.75,30.97,-3.10,1,1624,1674,SE
1174454.525,X_LEG_2,3.75,30.97,-3.10,1,1624,1674,SE
1174454.546,X_LEG_2,3.75,30.97,-3.10,1,1624,1674,SE
1174454.566,X_LEG_2,3.80,30.87,-3.26,1,1623,1674,SE
1174454.586,X_LEG_2,3.80,30.87,-3.26,1,1623,1674,SE
1174454.607,X_LEG_2,3.80,30.87,-3.26,1,1623,1674,SE
1174454.627,X_LEG_2,3.80,30.87,-3.26,1,1623,1674,SE
1174454.648,X_LEG_2,3.80,30.87,-3.26,1,1623,1674,SE
1174454.668,X_LEG_2,3.80,30.87,-3.26,1,1623,1674,SE
1174454.689,X_LEG_2,3.80,30.87,-3.26,1,1623,1674,SE
1174454.709,X_LEG_2,3.80,30.87,-3.26,1,1623,1674,SE
1174454.729,X_LEG_2,3.80,30.87,-3.26,1,1623,1674,SE
1174454.750,X_LEG_2,3.80,30.87,-3.26,1,1623,1674,SE
1174454.770,X_LEG_2,3.85,30.76,-3.44,1,1623,1674,SE
1174454.791,X_LEG_2,3.85,30.76,-3.44,1,1623,1674,SE
1174454.811,X_LEG_2,3.85,30.76,-3.44,1,1623,1674,SE
1174454.831,X_LEG_2,3.85,30.76,-3.44,1,1623,1674,SE
1174454.852,X_LEG_2,3.85,30.76,-3.44,1,1623,1674,SE
1174454.872,X_LEG_2,3.90,30.65,-3.61,1,1623,1674,SE
1174454.892,X_LEG_2,3.90,30.65,-3.61,1,1623,1674,SE
1174454.913,X_LEG_2,3.90,30.65,-3.61,1,1623,1674,SE
1174454.933,X_LEG_2,3.90,30.65,-3.61,1,1623,1674,SE
1174454.954,X_LEG_2,3.90,30.65,-3.61,1,1623,1674,SE
1174454.975,X_LEG_2,3.96,30.53,-3.79,1,1622,1674,SE
1174454.995,X_LEG_2,3.96,30.53,-3.79,1,1622,1674,SE
1174455.016,X_LEG_2,3.96,30.53,-3.79,1,1622,1674,SE
1174455.038,X_LEG_2,3.96,30.53,-3.79,1,1622,1674,SE
1174455.058,X_LEG_2,3.96,30.53,-3.79,1,1622,1674,SE
1174455.078,X_LEG_2,3.96,30.53,-2.79,1,1622,1674,SE
1174455.099,X_LEG_2,3.96,30.53,-2.79,1,1622,1674,SE
1174455.119,X_LEG_2,3.96,30.53,-2.79,1,1622,1674,SE
1174455.139,X_LEG_2,3.96,30.53,-2.79,1,1622,1674,SE
1174455.160,X_LEG_2,3.96,30.53,-2.79,1,1622,1674,SE
1174455.181,X_LEG_2,4.01,30.42,-2.95,1,1622,1673,SE
1174455.201,X_LEG_2,4.01,30.42,-2.95,1,1622,1673,SE
1174455.221,X_LEG_2,4.01,30.42,-2.95,1,1622,1673,SE
1174455.243,X_LEG_2,4.01,30.42,-2.95,1,1622,1673,SE
1174455.263,X_LEG_2,4.01,30.42,-2.95,1,1622,1673,SE
1174455.283,X_LEG_2,4.07,30.31,-3.13,1,1621,1673,SE
1174455.303,X_LEG_2,4.07,30.31,-3.13,1,1621,1673,SE
1174455.324,X_LEG_2,4.07,30.31,-3.13,1,1621,1673,SE
1174455.344,X_LEG_2,4.07,30.31,-3.13,1,1621,1673,SE
1174455.365,X_LEG_2,4.07,30.31,-3.13,1,1621,1673,SE
1174455.385,X_LEG_2,4.12,30.20,-3.31,1,1621,1673,SE
1174455.405,X_LEG_2,4.12,30.20,-3.31,1,1621,1673,SE
1174455.426,X_LEG_2,4.12,30.20,-3.31,1,1621,1673,SE
1174455.446,X_LEG_2,4.12,30.20,-3.31,1,1621,1673,SE
1174455.467,X_LEG_2,4.12,30.20,-3.31,1,1621,1673,SE
1174455.488,X_LEG_2,4.18,30.09,-3.48,1,1620,1673,SE
1174455.508,X_LEG_2,4.18,30.09,-3.48,1,1620,1673,SE
1174455.528,X_LEG_2,4.18,30.09,-3.48,1,1620,1673,SE
1174455.548,X_LEG_2,4.18,30.09,-3.48,1,1620,1673,SE
1174455.568,X_LEG_2,4.18,30.09,-3.48,1,1620,1673,SE
1174455.589,X_LEG_2,4.24,29.98,-3.66,1,1620,1673,SE
1174455.609,X_LEG_2,4.24,29.98,-3.66,1,1620,1673,SE
1174455.629,X_LEG_2,4.24,29.98,-3.66,1,1620,1673,SE
1174455.651,X_LEG_2,4.24,29.98,-3.66,1,1620,1673,SE
1174455.672,X_LEG_2,4.24,29.98,-3.66,1,1620,1673,SE
1174455.692,X_LEG_2,4.24,29.98,-3.66,1,1620,1673,SE
1174455.713,X_LEG_2,4.24,29.98,-3.66,1,1620,1673,SE
1174455.733,X_LEG_2,4.24,29.98,-3.66,1,1620,1673,SE
1174455.753,X_LEG_2,4.24,29.98,-3.66,1,1620,1673,SE
1174455.774,X_LEG_2,4.24,29.98,-3.66,1,1620,1673,SE
1174455.794,X_LEG_2,4.30,29.87,-3.83,1,1619,1673,SE
1174455.814,X_LEG_2,4.30,29.87,-3.83,1,1619,1673,SE
1174455.834,X_LEG_2,4.30,29.87,-3.83,1,1619,1673,SE
1174455.855,X_LEG_2,4.30,29.87,-3.83,1,1619,1673,SE
1174455.875,X_LEG_2,4.30,29.87,-3.83,1,1619,1673,SE
1174455.896,X_LEG_2,4.30,29.87,-3.83,1,1619,1673,SE
1174455.916,X_LEG_2,4.30,29.87,-3.83,1,1619,1673,SE
1174455.937,X_LEG_2,4.30,29.87,-3.83,1,1619,1673,SE
1174455.957,X_LEG_2,4.30,29.87,-3.83,1,1619,1673,SE
1174455.977,X_LEG_2,4.30,29.87,-3.83,1,1619,1673,SE
1174455.998,X_LEG_2,4.36,29.75,-4.00,1,1619,1672,SE
1174456.018,X_LEG_2,4.36,29.75,-4.00,1,1619,1672,SE
1174456.039,X_LEG_2,4.36,29.75,-4.00,1,1619,1672,SE
1174456.059,X_LEG_2,4.36,29.75,-4.00,1,1619,1672,SE
1174456.080,X_LEG_2,4.36,29.75,-4.00,1,1619,1672,SE
1174456.100,X_LEG_2,4.40,29.69,-4.11,1,1619,1672,SE
1174456.121,X_LEG_2,4.40,29.69,-4.11,1,1619,1672,SE
1174456.141,X_LEG_2,4.40,29.69,-4.11,1,1619,1672,SE
1174456.162,X_LEG_2,4.40,29.69,-4.11,1,1619,1672,SE
1174456.182,X_LEG_2,4.40,29.69,-4.11,1,1619,1672,SE
1174456.203,X_LEG_2,4.44,29.62,-3.22,1,1618,1672,SE
1174456.223,X_LEG_2,4.44,29.62,-3.22,1,1618,1672,SE
1174456.244,X_LEG_2,4.44,29.62,-3.22,1,1618,1672,SE
1174456.264,X_LEG_2,4.44,29.62,-3.22,1,1618,1672,SE
1174456.285,X_LEG_2,4.44,29.62,-3.22,1,1618,1672,SE
1174456.305,X_LEG_2,4.50,29.51,-3.40,1,1618,1672,SE
1174456.326,X_LEG_2,4.50,29.51,-3.40,1,1618,1672,SE
1174456.346,X_LEG_2,4.50,29.51,-3.40,1,1618,1672,SE
1174456.367,X_LEG_2,4.50,29.51,-3.40,1,1618,1672,SE
1174456.388,X_LEG_2,4.50,29.51,-3.40,1,1618,1672,SE
1174456.408,X_LEG_2,4.50,29.51,-3.40,1,1618,1672,SE
1174456.429,X_LEG_2,4.50,29.51,-3.40,1,1618,1672,SE
1174456.449,X_LEG_2,4.50,29.51,-3.40,1,1618,1672,SE
1174456.469,X_LEG_2,4.50,29.51,-3.40,1,1618,1672,SE
1174456.491,X_LEG_2,4.50,29.51,-3.40,1,1618,1672,SE
1174456.511,X_LEG_2,4.56,29.40,-3.57,1,1618,1672,SE
1174456.532,X_LEG_2,4.56,29.40,-3.57,1,1618,1672,SE
1174456.552,X_LEG_2,4.56,29.40,-3.57,1,1618,1672,SE
1174456.573,X_LEG_2,4.56,29.40,-3.57,1,1618,1672,SE
1174456.593,X_LEG_2,4.56,29.40,-3.57,1,1618,1672,SE
1174456.615,X_LEG_2,4.63,29.29,-3.75,1,1617,1672,SE
1174456.635,X_LEG_2,4.63,29.29,-3.75,1,1617,1672,SE
1174456.655,X_LEG_2,4.63,29.29,-3.75,1,1617,1672,SE
1174456.676,X_LEG_2,4.63,29.29,-3.75,1,1617,1672,SE
1174456.696,X_LEG_2,4.63,29.29,-3.75,1,1617,1672,SE
1174456.717,X_LEG_2,4.69,29.17,-3.91,1,1617,1671,SE
1174456.737,X_LEG_2,4.69,29.17,-3.91,1,1617,1671,SE
1174456.758,X_LEG_2,4.69,29.17,-3.91,1,1617,1671,SE
1174456.779,X_LEG_2,4.69,29.17,-3.91,1,1617,1671,SE
1174456.799,X_LEG_2,4.69,29.17,-3.91,1,1617,1671,SE
1174456.820,X_LEG_2,4.69,29.17,-3.91,1,1617,1671,SE
1174456.840,X_LEG_2,4.69,29.17,-3.91,1,1617,1671,SE
1174456.861,X_LEG_2,4.69,29.17,-3.91,1,1617,1671,SE
1174456.881,X_LEG_2,4.69,29.17,-3.91,1,1617,1671,SE
1174456.902,X_LEG_2,4.69,29.17,-3.91,1,1617,1671,SE
1174456.922,X_LEG_2,4.76,29.06,-4.09,1,1616,1671,SE
1174456.943,X_LEG_2,4.76,29.06,-4.09,1,1616,1671,SE
1174456.963,X_LEG_2,4.76,29.06,-4.09,1,1616,1671,SE
1174456.984,X_LEG_2,4.76,29.06,-4.09,1,1616,1671,SE
1174457.004,X_LEG_2,4.76,29.06,-4.09,1,1616,1671,SE
1174457.025,X_LEG_2,4.83,28.95,-4.27,1,1616,1671,SE
1174457.046,X_LEG_2,4.83,28.95,-4.27,1,1616,1671,SE
1174457.066,X_LEG_2,4.83,28.95,-4.27,1,1616,1671,SE
1174457.086,X_LEG_2,4.83,28.95,-4.27,1,1616,1671,SE
1174457.107,X_LEG_2,4.83,28.95,-4.27,1,1616,1671,SE
1174457.127,X_LEG_2,4.89,28.84,-4.43,1,1615,1671,SE
1174457.148,X_LEG_2,4.89,28.84,-4.43,1,1615,1671,SE
1174457.168,X_LEG_2,4.89,28.84,-4.43,1,1615,1671,SE
1174457.189,X_LEG_2,4.89,28.84,-4.43,1,1615,1671,SE
1174457.209,X_LEG_2,4.89,28.84,-4.43,1,1615,1671,SE
1174457.230,X_LEG_2,4.89,28.84,-4.43,1,1615,1671,SE
1174457.250,X_LEG_2,4.89,28.84,-4.43,1,1615,1671,SE
1174457.271,X_LEG_2,4.89,28.84,-4.43,1,1615,1671,SE
1174457.291,X_LEG_2,4.89,28.84,-4.43,1,1615,1671,SE
1174457.311,X_LEG_2,4.89,28.84,-4.43,1,1615,1671,SE
1174457.332,X_LEG_2,4.96,28.73,-4.60,1,1615,1671,SE
1174457.353,X_LEG_2,4.96,28.73,-4.60,1,1615,1671,SE
1174457.373,X_LEG_2,4.96,28.73,-4.60,1,1615,1671,SE
1174457.393,X_LEG_2,4.96,28.73,-4.60,1,1615,1671,SE
1174457.414,X_LEG_2,4.96,28.73,-4.60,1,1615,1671,SE
1174457.434,X_LEG_2,5.03,28.62,-3.78,1,1614,1670,SE
1174457.455,X_LEG_2,5.03,28.62,-3.78,1,1614,1670,SE
1174457.475,X_LEG_2,5.03,28.62,-3.78,1,1614,1670,SE
1174457.496,X_LEG_2,5.03,28.62,-3.78,1,1614,1670,SE
1174457.516,X_LEG_2,5.03,28.62,-3.78,1,1614,1670,SE
1174457.536,X_LEG_2,5.10,28.51,-3.95,1,1614,1670,SE
1174457.557,X_LEG_2,5.10,28.51,-3.95,1,1614,1670,SE
1174457.577,X_LEG_2,5.10,28.51,-3.95,1,1614,1670,SE
1174457.598,X_LEG_2,5.10,28.51,-3.95,1,1614,1670,SE
1174457.618,X_LEG_2,5.10,28.51,-3.95,1,1614,1670,SE
1174457.639,X_LEG_2,5.17,28.40,-4.12,1,1614,1670,SE
1174457.659,X_LEG_2,5.17,28.40,-4.12,1,1614,1670,SE
1174457.679,X_LEG_2,5.17,28.40,-4.12,1,1614,1670,SE
1174457.700,X_LEG_2,5.17,28.40,-4.12,1,1614,1670,SE
1174457.720,X_LEG_2,5.17,28.40,-4.12,1,1614,1670,SE
1174457.741,X_LEG_2,5.17,28.40,-4.12,1,1614,1670,SE
1174457.761,X_LEG_2,5.17,28.40,-4.12,1,1614,1670,SE
1174457.781,X_LEG_2,5.17,28.40,-4.12,1,1614,1670,SE
1174457.802,X_LEG_2,5.17,28.40,-4.12,1,1614,1670,SE
1174457.822,X_LEG_2,5.17,28.40,-4.12,1,1614,1670,SE
1174457.842,X_LEG_2,5.24,28.29,-4.30,1,1613,1670,SE
1174457.863,X_LEG_2,5.24,28.29,-4.30,1,1613,1670,SE
1174457.884,X_LEG_2,5.24,28.29,-4.30,1,1613,1670,SE
1174457.904,X_LEG_2,5.24,28.29,-4.30,1,1613,1670,SE
1174457.925,X_LEG_2,5.24,28.29,-4.30,1,1613,1670,SE
1174457.945,X_LEG_2,5.31,28.18,-4.47,1,1613,1670,SE
1174457.965,X_LEG_2,5.31,28.18,-4.47,1,1613,1670,SE
1174457.986,X_LEG_2,5.31,28.18,-4.47,1,1613,1670,SE
1174458.006,X_LEG_2,5.31,28.18,-4.47,1,1613,1670,SE
1174458.027,X_LEG_2,5.31,28.18,-4.47,1,1613,1670,SE
1174458.047,X_LEG_2,5.39,28.07,-4.65,1,1612,1669,SE
1174458.068,X_LEG_2,5.39,28.07,-4.65,1,1612,1669,SE
1174458.088,X_LEG_2,5.39,28.07,-4.65,1,1612,1669,SE
1174458.108,X_LEG_2,5.39,28.07,-4.65,1,1612,1669,SE
1174458.130,X_LEG_2,5.39,28.07,-4.65,1,1612,1669,SE
1174458.151,X_LEG_2,5.39,28.07,-3.65,1,1612,1669,SE
1174458.171,X_LEG_2,5.39,28.07,-3.65,1,1612,1669,SE
1174458.191,X_LEG_2,5.39,28.07,-3.65,1,1612,1669,SE
1174458.212,X_LEG_2,5.39,28.07,-3.65,1,1612,1669,SE
1174458.232,X_LEG_2,5.39,28.07,-3.65,1,1612,1669,SE
1174458.253,X_LEG_2,5.46,27.95,-3.81,1,1612,1669,SE
1174458.274,X_LEG_2,5.46,27.95,-3.81,1,1612,1669,SE
1174458.296,X_LEG_2,5.46,27.95,-3.81,1,1612,1669,SE
1174458.318,X_LEG_2,5.46,27.95,-3.81,1,1612,1669,SE
1174458.339,X_LEG_2,5.46,27.95,-3.81,1,1612,1669,SE
1174458.359,X_LEG_2,5.53,27.84,-3.98,1,1611,1669,SE
1174458.380,X_LEG_2,5.53,27.84,-3.98,1,1611,1669,SE
1174458.400,X_LEG_2,5.53,27.84,-3.98,1,1611,1669,SE
1174458.421,X_LEG_2,5.53,27.84,-3.98,1,1611,1669,SE
1174458.441,X_LEG_2,5.53,27.84,-3.98,1,1611,1669,SE
1174458.462,X_LEG_2,5.61,27.73,-4.16,1,1611,1669,SE
1174458.482,X_LEG_2,5.61,27.73,-4.16,1,1611,1669,SE
1174458.505,X_LEG_2,5.61,27.73,-4.16,1,1611,1669,SE
1174458.525,X_LEG_2,5.61,27.73,-4.16,1,1611,1669,SE
1174458.546,X_LEG_2,5.61,27.73,-4.16,1,1611,1669,SE
1174458.566,X_LEG_2,5.66,27.66,-4.28,1,1611,1669,SE
1174458.586,X_LEG_2,5.66,27.66,-4.28,1,1611,1669,SE
1174458.606,X_LEG_2,5.66,27.66,-4.28,1,1611,1669,SE
1174458.628,X_LEG_2,5.66,27.66,-4.28,1,1611,1669,SE
1174458.648,X_LEG_2,5.66,27.66,-4.28,1,1611,1669,SE
1174458.669,X_LEG_2,5.66,27.66,-4.28,1,1611,1669,SE
1174458.689,X_LEG_2,5.66,27.66,-4.28,1,1611,1669,SE
1174458.710,X_LEG_2,5.66,27.66,-4.28,1,1611,1669,SE
1174458.730,X_LEG_2,5.66,27.66,-4.28,1,1611,1669,SE
1174458.751,X_LEG_2,5.66,27.66,-4.28,1,1611,1669,SE
1174458.771,X_LEG_2,5.71,27.59,-4.39,1,1610,1668,SE
1174458.792,X_LEG_2,5.71,27.59,-4.39,1,1610,1668,SE
1174458.812,X_LEG_2,5.71,27.59,-4.39,1,1610,1668,SE
1174458.833,X_LEG_2,5.71,27.59,-4.39,1,1610,1668,SE
1174458.853,X_LEG_2,5.71,27.59,-4.39,1,1610,1668,SE
1174458.874,X_LEG_2,5.78,27.47,-4.56,1,1610,1668,SE
1174458.895,X_LEG_2,5.78,27.47,-4.56,1,1610,1668,SE
1174458.915,X_LEG_2,5.78,27.47,-4.56,1,1610,1668,SE
1174458.935,X_LEG_2,5.78,27.47,-4.56,1,1610,1668,SE
1174458.956,X_LEG_2,5.78,27.47,-4.56,1,1610,1668,SE
1174458.977,X_LEG_2,5.78,27.47,-4.56,1,1610,1668,SE
1174458.997,X_LEG_2,5.78,27.47,-4.56,1,1610,1668,SE
1174459.018,X_LEG_2,5.78,27.47,-4.56,1,1610,1668,SE
1174459.038,X_LEG_2,5.78,27.47,-4.56,1,1610,1668,SE
1174459.058,X_LEG_2,5.78,27.47,-4.56,1,1610,1668,SE
1174459.079,X_LEG_2,5.78,27.47,-4.56,1,1610,1668,SE
1174459.099,X_LEG_2,5.78,27.47,-4.56,1,1610,1668,SE
1174459.120,X_LEG_2,5.78,27.47,-4.56,1,1610,1668,SE
1174459.141,X_LEG_2,5.78,27.47,-4.56,1,1610,1668,SE
1174459.162,X_LEG_2,5.78,27.47,-4.56,1,1610,1668,SE
1174459.182,X_LEG_2,5.91,27.29,-4.84,1,1609,1668,SE
1174459.204,X_LEG_2,5.91,27.29,-4.84,1,1609,1668,SE
1174459.224,X_LEG_2,5.91,27.29,-4.84,1,1609,1668,SE
1174459.245,X_LEG_2,5.91,27.29,-4.84,1,1609,1668,SE
1174459.266,X_LEG_2,5.91,27.29,-4.84,1,1609,1668,SE
1174459.286,X_LEG_2,5.97,27.22,-4.96,1,1609,1668,SE
1174459.307,X_LEG_2,5.97,27.22,-4.96,1,1609,1668,SE
1174459.328,X_LEG_2,5.97,27.22,-4.96,1,1609,1668,SE
1174459.349,X_LEG_2,5.97,27.22,-4.96,1,1609,1668,SE
1174459.369,X_LEG_2,5.97,27.22,-4.96,1,1609,1668,SE
1174459.390,X_LEG_2,6.02,27.14,-4.08,1,1609,1667,SE
1174459.410,X_LEG_2,6.02,27.14,-4.08,1,1609,1667,SE
1174459.431,X_LEG_2,6.02,27.14,-4.08,1,1609,1667,SE
1174459.451,X_LEG_2,6.02,27.14,-4.08,1,1609,1667,SE
1174459.472,X_LEG_2,6.02,27.14,-4.08,1,1609,1667,SE
1174459.492,X_LEG_2,6.10,27.04,-4.25,1,1608,1667,SE
1174459.513,X_LEG_2,6.10,27.04,-4.25,1,1608,1667,SE
1174459.533,X_LEG_2,6.10,27.04,-4.25,1,1608,1667,SE
1174459.554,X_LEG_2,6.10,27.04,-4.25,1,1608,1667,SE
1174459.574,X_LEG_2,6.10,27.04,-4.25,1,1608,1667,SE
1174459.594,X_LEG_2,6.10,27.04,-4.25,1,1608,1667,SE
1174459.615,X_LEG_2,6.10,27.04,-4.25,1,1608,1667,SE
1174459.635,X_LEG_2,6.10,27.04,-4.25,1,1608,1667,SE
1174459.656,X_LEG_2,6.10,27.04,-4.25,1,1608,1667,SE
1174459.676,X_LEG_2,6.10,27.04,-4.25,1,1608,1667,SE
1174459.697,X_LEG_2,6.18,26.93,-4.42,1,1608,1667,SE
1174459.717,X_LEG_2,6.18,26.93,-4.42,1,1608,1667,SE
1174459.738,X_LEG_2,6.18,26.93,-4.42,1,1608,1667,SE
1174459.758,X_LEG_2,6.18,26.93,-4.42,1,1608,1667,SE
1174459.779,X_LEG_2,6.18,26.93,-4.42,1,1608,1667,SE
1174459.800,X_LEG_2,6.23,26.86,-4.54,1,1607,1667,SE
1174459.820,X_LEG_2,6.23,26.86,-4.54,1,1607,1667,SE
1174459.842,X_LEG_2,6.23,26.86,-4.54,1,1607,1667,SE
1174459.863,X_LEG_2,6.23,26.86,-4.54,1,1607,1667,SE
1174459.883,X_LEG_2,6.23,26.86,-4.54,1,1607,1667,SE
1174459.904,X_LEG_2,6.28,26.78,-4.65,1,1607,1667,SE
1174459.925,X_LEG_2,6.28,26.78,-4.65,1,1607,1667,SE
1174459.945,X_LEG_2,6.28,26.78,-4.65,1,1607,1667,SE
1174459.968,X_LEG_2,6.28,26.78,-4.65,1,1607,1667,SE
1174459.989,X_LEG_2,6.28,26.78,-4.65,1,1607,1667,SE
1174460.009,X_LEG_2,6.36,26.67,-4.82,1,1607,1666,SE
1174460.031,X_LEG_2,6.36,26.67,-4.82,1,1607,1666,SE
1174460.051,X_LEG_2,6.36,26.67,-4.82,1,1607,1666,SE
1174460.071,X_LEG_2,6.36,26.67,-4.82,1,1607,1666,SE
1174460.093,X_LEG_2,6.36,26.67,-4.82,1,1607,1666,SE
1174460.113,X_LEG_2,6.42,26.60,-4.95,1,1606,1666,SE
1174460.134,X_LEG_2,6.42,26.60,-4.95,1,1606,1666,SE
1174460.154,X_LEG_2,6.42,26.60,-4.95,1,1606,1666,SE
1174460.175,X_LEG_2,6.42,26.60,-4.95,1,1606,1666,SE
1174460.196,X_LEG_2,6.42,26.60,-4.95,1,1606,1666,SE
1174460.217,X_LEG_2,6.47,26.53,-5.06,1,1606,1666,SE
1174460.237,X_LEG_2,6.47,26.53,-5.06,1,1606,1666,SE
1174460.257,X_LEG_2,6.47,26.53,-5.06,1,1606,1666,SE
1174460.279,X_LEG_2,6.47,26.53,-5.06,1,1606,1666,SE
1174460.299,X_LEG_2,6.47,26.53,-5.06,1,1606,1666,SE
1174460.319,X_LEG_2,6.53,26.46,-5.15,1,1606,1666,SE
1174460.340,X_LEG_2,6.53,26.46,-5.15,1,1606,1666,SE
1174460.361,X_LEG_2,6.53,26.46,-5.15,1,1606,1666,SE
1174460.382,X_LEG_2,6.53,26.46,-5.15,1,1606,1666,SE
1174460.402,X_LEG_2,6.53,26.46,-5.15,1,1606,1666,SE
1174460.423,X_LEG_2,6.53,26.46,-5.15,1,1606,1666,SE
1174460.443,X_LEG_2,6.53,26.46,-5.15,1,1606,1666,SE
1174460.464,X_LEG_2,6.53,26.46,-5.15,1,1606,1666,SE
1174460.484,X_LEG_2,6.53,26.46,-5.15,1,1606,1666,SE
1174460.505,X_LEG_2,6.53,26.46,-5.15,1,1606,1666,SE
1174460.525,X_LEG_2,6.61,26.35,-4.34,1,1605,1666,SE
1174460.546,X_LEG_2,6.61,26.35,-4.34,1,1605,1666,SE
1174460.566,X_LEG_2,6.61,26.35,-4.34,1,1605,1666,SE
1174460.587,X_LEG_2,6.61,26.35,-4.34,1,1605,1666,SE
1174460.607,X_LEG_2,6.61,26.35,-4.34,1,1605,1666,SE
1174460.628,X_LEG_2,6.69,26.24,-4.52,1,1605,1665,SE
1174460.648,X_LEG_2,6.69,26.24,-4.52,1,1605,1665,SE
1174460.669,X_LEG_2,6.69,26.24,-4.52,1,1605,1665,SE
1174460.689,X_LEG_2,6.69,26.24,-4.52,1,1605,1665,SE
1174460.710,X_LEG_2,6.69,26.24,-4.52,1,1605,1665,SE
1174460.730,X_LEG_2,6.75,26.17,-4.63,1,1605,1665,SE
1174460.751,X_LEG_2,6.75,26.17,-4.63,1,1605,1665,SE
1174460.771,X_LEG_2,6.75,26.17,-4.63,1,1605,1665,SE
1174460.792,X_LEG_2,6.75,26.17,-4.63,1,1605,1665,SE
1174460.812,X_LEG_2,6.75,26.17,-4.63,1,1605,1665,SE
1174460.833,X_LEG_2,6.83,26.07,-4.80,1,1604,1665,SE
1174460.853,X_LEG_2,6.83,26.07,-4.80,1,1604,1665,SE
1174460.873,X_LEG_2,6.83,26.07,-4.80,1,1604,1665,SE
1174460.893,X_LEG_2,6.83,26.07,-4.80,1,1604,1665,SE
1174460.914,X_LEG_2,6.83,26.07,-4.80,1,1604,1665,SE
1174460.934,X_LEG_2,6.91,25.96,-4.97,1,1604,1665,SE
1174460.954,X_LEG_2,6.91,25.96,-4.97,1,1604,1665,SE
1174460.975,X_LEG_2,6.91,25.96,-4.97,1,1604,1665,SE
1174460.995,X_LEG_2,6.91,25.96,-4.97,1,1604,1665,SE
1174461.016,X_LEG_2,6.91,25.96,-4.97,1,1604,1665,SE
1174461.036,X_LEG_2,6.91,25.96,-3.97,1,1604,1665,SE
1174461.057,X_LEG_2,6.91,25.96,-3.97,1,1604,1665,SE
1174461.077,X_LEG_2,6.91,25.96,-3.97,1,1604,1665,SE
1174461.098,X_LEG_2,6.91,25.96,-3.97,1,1604,1665,SE
1174461.118,X_LEG_2,6.91,25.96,-3.97,1,1604,1665,SE
1174461.139,X_LEG_2,7.00,25.84,-4.14,1,1603,1665,SE
1174461.159,X_LEG_2,7.00,25.84,-4.14,1,1603,1665,SE
1174461.180,X_LEG_2,7.00,25.84,-4.14,1,1603,1665,SE
1174461.200,X_LEG_2,7.00,25.84,-4.14,1,1603,1665,SE
1174461.221,X_LEG_2,7.00,25.84,-4.14,1,1603,1665,SE
1174461.241,X_LEG_2,7.08,25.74,-4.31,1,1603,1664,SE
1174461.262,X_LEG_2,7.08,25.74,-4.31,1,1603,1664,SE
1174461.282,X_LEG_2,7.08,25.74,-4.31,1,1603,1664,SE
1174461.303,X_LEG_2,7.08,25.74,-4.31,1,1603,1664,SE
1174461.324,X_LEG_2,7.08,25.74,-4.31,1,1603,1664,SE
1174461.344,X_LEG_2,7.17,25.64,-4.50,1,1603,1664,SE
1174461.364,X_LEG_2,7.17,25.64,-4.50,1,1603,1664,SE
1174461.385,X_LEG_2,7.17,25.64,-4.50,1,1603,1664,SE
1174461.405,X_LEG_2,7.17,25.64,-4.50,1,1603,1664,SE
1174461.426,X_LEG_2,7.17,25.64,-4.50,1,1603,1664,SE
1174461.446,X_LEG_2,7.25,25.53,-4.66,1,1602,1664,SE
1174461.467,X_LEG_2,7.25,25.53,-4.66,1,1602,1664,SE
1174461.487,X_LEG_2,7.25,25.53,-4.66,1,1602,1664,SE
1174461.507,X_LEG_2,7.25,25.53,-4.66,1,1602,1664,SE
1174461.528,X_LEG_2,7.25,25.53,-4.66,1,1602,1664,SE
1174461.549,X_LEG_2,7.34,25.42,-4.84,1,1602,1663,SE
1174461.569,X_LEG_2,7.34,25.42,-4.84,1,1602,1663,SE
1174461.590,X_LEG_2,7.34,25.42,-4.84,1,1602,1663,SE
1174461.610,X_LEG_2,7.34,25.42,-4.84,1,1602,1663,SE
1174461.631,X_LEG_2,7.34,25.42,-4.84,1,1602,1663,SE
1174461.651,X_LEG_2,7.43,25.32,-5.01,1,1601,1663,SE
1174461.672,X_LEG_2,7.43,25.32,-5.01,1,1601,1663,SE
1174461.693,X_LEG_2,7.43,25.32,-5.01,1,1601,1663,SE
1174461.713,X_LEG_2,7.43,25.32,-5.01,1,1601,1663,SE
1174461.734,X_LEG_2,7.43,25.32,-5.01,1,1601,1663,SE
1174461.754,X_LEG_2,7.51,25.21,-5.19,1,1601,1663,SE
1174461.775,X_LEG_2,7.51,25.21,-5.19,1,1601,1663,SE
1174461.796,X_LEG_2,7.51,25.21,-5.19,1,1601,1663,SE
1174461.816,X_LEG_2,7.51,25.21,-5.19,1,1601,1663,SE
1174461.836,X_LEG_2,7.51,25.21,-5.19,1,1601,1663,SE
1174461.859,X_LEG_2,7.51,25.21,-5.19,1,1601,1663,SE
1174461.878,X_LEG_2,7.51,25.21,-5.19,1,1601,1663,SE
1174461.899,X_LEG_2,7.51,25.21,-5.19,1,1601,1663,SE
1174461.919,X_LEG_2,7.51,25.21,-5.19,1,1601,1663,SE
1174461.939,X_LEG_2,7.51,25.21,-5.19,1,1601,1663,SE
1174461.960,X_LEG_2,7.60,25.11,-5.36,1,1600,1663,SE
1174461.980,X_LEG_2,7.60,25.11,-5.36,1,1600,1663,SE
1174462.000,X_LEG_2,7.60,25.11,-5.36,1,1600,1663,SE
1174462.020,X_LEG_2,7.60,25.11,-5.36,1,1600,1663,SE
1174462.041,X_LEG_2,7.60,25.11,-5.36,1,1600,1663,SE
1174462.061,X_LEG_2,7.69,25.00,-5.52,1,1600,1662,SE
1174462.082,X_LEG_2,7.69,25.00,-5.52,1,1600,1662,SE
1174462.102,X_LEG_2,7.69,25.00,-5.52,1,1600,1662,SE
1174462.124,X_LEG_2,7.69,25.00,-5.52,1,1600,1662,SE
1174462.145,X_LEG_2,7.69,25.00,-5.52,1,1600,1662,SE
1174462.165,X_LEG_2,7.75,24.94,-4.63,1,1600,1662,SE
1174462.186,X_LEG_2,7.75,24.94,-4.63,1,1600,1662,SE
1174462.206,X_LEG_2,7.75,24.94,-4.63,1,1600,1662,SE
1174462.227,X_LEG_2,7.75,24.94,-4.63,1,1600,1662,SE
1174462.249,X_LEG_2,7.75,24.94,-4.63,1,1600,1662,SE
1174462.269,X_LEG_2,7.81,24.86,-4.76,1,1599,1662,SE
1174462.289,X_LEG_2,7.81,24.86,-4.76,1,1599,1662,SE
1174462.311,X_LEG_2,7.81,24.86,-4.76,1,1599,1662,SE
1174462.331,X_LEG_2,7.81,24.86,-4.76,1,1599,1662,SE
1174462.351,X_LEG_2,7.81,24.86,-4.76,1,1599,1662,SE
1174462.372,X_LEG_2,7.89,24.77,-4.93,1,1599,1662,SE
1174462.392,X_LEG_2,7.89,24.77,-4.93,1,1599,1662,SE
1174462.413,X_LEG_2,7.89,24.77,-4.93,1,1599,1662,SE
1174462.433,X_LEG_2,7.89,24.77,-4.93,1,1599,1662,SE
1174462.454,X_LEG_2,7.89,24.77,-4.93,1,1599,1662,SE
1174462.474,X_LEG_2,7.89,24.77,-4.93,1,1599,1662,SE
1174462.495,X_LEG_2,7.89,24.77,-4.93,1,1599,1662,SE
1174462.515,X_LEG_2,7.89,24.77,-4.93,1,1599,1662,SE
1174462.535,X_LEG_2,7.89,24.77,-4.93,1,1599,1662,SE
1174462.556,X_LEG_2,7.89,24.77,-4.93,1,1599,1662,SE
1174462.576,X_LEG_2,7.98,24.66,-5.09,1,1599,1662,SE
1174462.597,X_LEG_2,7.98,24.66,-5.09,1,1599,1662,SE
1174462.617,X_LEG_2,7.98,24.66,-5.09,1,1599,1662,SE
1174462.639,X_LEG_2,7.98,24.66,-5.09,1,1599,1662,SE
1174462.659,X_LEG_2,7.98,24.66,-5.09,1,1599,1662,SE
1174462.680,X_LEG_2,8.07,24.55,-5.28,1,1598,1661,SE
1174462.700,X_LEG_2,8.07,24.55,-5.28,1,1598,1661,SE
1174462.721,X_LEG_2,8.07,24.55,-5.28,1,1598,1661,SE
1174462.741,X_LEG_2,8.07,24.55,-5.28,1,1598,1661,SE
1174462.762,X_LEG_2,8.07,24.55,-5.28,1,1598,1661,SE
1174462.782,X_LEG_2,8.16,24.45,-4.44,1,1598,1661,SE
1174462.802,X_LEG_2,8.16,24.45,-4.44,1,1598,1661,SE
1174462.823,X_LEG_2,8.16,24.45,-4.44,1,1598,1661,SE
1174462.844,X_LEG_2,8.16,24.45,-4.44,1,1598,1661,SE
1174462.864,X_LEG_2,8.16,24.45,-4.44,1,1598,1661,SE
1174462.884,X_LEG_2,8.16,24.45,-4.44,1,1598,1661,SE
1174462.905,X_LEG_2,8.16,24.45,-4.44,1,1598,1661,SE
1174462.926,X_LEG_2,8.16,24.45,-4.44,1,1598,1661,SE
1174462.946,X_LEG_2,8.16,24.45,-4.44,1,1598,1661,SE
1174462.967,X_LEG_2,8.16,24.45,-4.44,1,1598,1661,SE
1174462.987,X_LEG_2,8.25,24.35,-4.62,1,1597,1661,SE
1174463.008,X_LEG_2,8.25,24.35,-4.62,1,1597,1661,SE
1174463.029,X_LEG_2,8.25,24.35,-4.62,1,1597,1661,SE
1174463.049,X_LEG_2,8.25,24.35,-4.62,1,1597,1661,SE
1174463.070,X_LEG_2,8.25,24.35,-4.62,1,1597,1661,SE
1174463.090,X_LEG_2,8.33,24.25,-4.79,1,1597,1661,SE
1174463.110,X_LEG_2,8.33,24.25,-4.79,1,1597,1661,SE
1174463.131,X_LEG_2,8.33,24.25,-4.79,1,1597,1661,SE
1174463.151,X_LEG_2,8.33,24.25,-4.79,1,1597,1661,SE
1174463.171,X_LEG_2,8.33,24.25,-4.79,1,1597,1661,SE
1174463.192,X_LEG_2,8.42,24.15,-4.95,1,1597,1660,SE
1174463.212,X_LEG_2,8.42,24.15,-4.95,1,1597,1660,SE
1174463.233,X_LEG_2,8.42,24.15,-4.95,1,1597,1660,SE
1174463.253,X_LEG_2,8.42,24.15,-4.95,1,1597,1660,SE
1174463.273,X_LEG_2,8.42,24.15,-4.95,1,1597,1660,SE
1174463.293,X_LEG_2,8.42,24.15,-4.95,1,1597,1660,SE
1174463.314,X_LEG_2,8.42,24.15,-4.95,1,1597,1660,SE
1174463.335,X_LEG_2,8.42,24.15,-4.95,1,1597,1660,SE
1174463.355,X_LEG_2,8.42,24.15,-4.95,1,1597,1660,SE
1174463.376,X_LEG_2,8.42,24.15,-4.95,1,1597,1660,SE
1174463.396,X_LEG_2,8.51,24.05,-4.14,1,1596,1660,SE
1174463.416,X_LEG_2,8.51,24.05,-4.14,1,1596,1660,SE
1174463.437,X_LEG_2,8.51,24.05,-4.14,1,1596,1660,SE
1174463.457,X_LEG_2,8.51,24.05,-4.14,1,1596,1660,SE
1174463.477,X_LEG_2,8.51,24.05,-4.14,1,1596,1660,SE
1174463.498,X_LEG_2,8.60,23.94,-4.32,1,1596,1660,SE
1174463.519,X_LEG_2,8.60,23.94,-4.32,1,1596,1660,SE
1174463.539,X_LEG_2,8.60,23.94,-4.32,1,1596,1660,SE
1174463.559,X_LEG_2,8.60,23.94,-4.32,1,1596,1660,SE
1174463.580,X_LEG_2,8.60,23.94,-4.32,1,1596,1660,SE
1174463.600,X_LEG_2,8.69,23.84,-4.49,1,1595,1659,SE
1174463.621,X_LEG_2,8.69,23.84,-4.49,1,1595,1659,SE
1174463.641,X_LEG_2,8.69,23.84,-4.49,1,1595,1659,SE
1174463.662,X_LEG_2,8.69,23.84,-4.49,1,1595,1659,SE
1174463.682,X_LEG_2,8.69,23.84,-4.49,1,1595,1659,SE
1174463.703,X_LEG_2,8.78,23.74,-4.66,1,1595,1659,SE
1174463.723,X_LEG_2,8.78,23.74,-4.66,1,1595,1659,SE
1174463.744,X_LEG_2,8.78,23.74,-4.66,1,1595,1659,SE
1174463.764,X_LEG_2,8.78,23.74,-4.66,1,1595,1659,SE
1174463.785,X_LEG_2,8.78,23.74,-4.66,1,1595,1659,SE
1174463.805,X_LEG_2,8.87,23.64,-4.84,1,1595,1659,SE
1174463.826,X_LEG_2,8.87,23.64,-4.84,1,1595,1659,SE
1174463.846,X_LEG_2,8.87,23.64,-4.84,1,1595,1659,SE
1174463.867,X_LEG_2,8.87,23.64,-4.84,1,1595,1659,SE
1174463.887,X_LEG_2,8.87,23.64,-4.84,1,1595,1659,SE
1174463.907,X_LEG_2,8.87,23.64,-4.84,1,1595,1659,SE
1174463.928,X_LEG_2,8.87,23.64,-4.84,1,1595,1659,SE
1174463.948,X_LEG_2,8.87,23.64,-4.84,1,1595,1659,SE
1174463.969,X_LEG_2,8.87,23.64,-4.84,1,1595,1659,SE
1174463.989,X_LEG_2,8.87,23.64,-4.84,1,1595,1659,SE
1174464.010,X_LEG_2,8.96,23.55,-5.00,1,1594,1659,SE
1174464.030,X_LEG_2,8.96,23.55,-5.00,1,1594,1659,SE
1174464.051,X_LEG_2,8.96,23.55,-5.00,1,1594,1659,SE
1174464.071,X_LEG_2,8.96,23.55,-5.00,1,1594,1659,SE
1174464.092,X_LEG_2,8.96,23.55,-5.00,1,1594,1659,SE
1174464.113,X_LEG_2,9.05,23.45,-5.17,1,1594,1658,SE
1174464.133,X_LEG_2,9.05,23.45,-5.17,1,1594,1658,SE
1174464.154,X_LEG_2,9.05,23.45,-5.17,1,1594,1658,SE
1174464.174,X_LEG_2,9.05,23.45,-5.17,1,1594,1658,SE
1174464.195,X_LEG_2,9.05,23.45,-5.17,1,1594,1658,SE
1174464.215,X_LEG_2,9.14,23.35,-5.35,1,1593,1658,SE
1174464.236,X_LEG_2,9.14,23.35,-5.35,1,1593,1658,SE
1174464.256,X_LEG_2,9.14,23.35,-5.35,1,1593,1658,SE
1174464.276,X_LEG_2,9.14,23.35,-5.35,1,1593,1658,SE
1174464.297,X_LEG_2,9.14,23.35,-5.35,1,1593,1658,SE
1174464.318,X_LEG_2,9.23,23.25,-5.53,1,1593,1658,SE
1174464.338,X_LEG_2,9.23,23.25,-5.53,1,1593,1658,SE
1174464.359,X_LEG_2,9.23,23.25,-5.53,1,1593,1658,SE
1174464.379,X_LEG_2,9.23,23.25,-5.53,1,1593,1658,SE
1174464.399,X_LEG_2,9.23,23.25,-5.53,1,1593,1658,SE
1174464.420,X_LEG_2,9.23,23.25,-5.53,1,1593,1658,SE
1174464.440,X_LEG_2,9.23,23.25,-5.53,1,1593,1658,SE
1174464.461,X_LEG_2,9.23,23.25,-5.53,1,1593,1658,SE
1174464.481,X_LEG_2,9.23,23.25,-5.53,1,1593,1658,SE
1174464.502,X_LEG_2,9.23,23.25,-5.53,1,1593,1658,SE
1174464.522,X_LEG_2,9.32,23.15,-4.69,1,1593,1658,SE
1174464.542,X_LEG_2,9.32,23.15,-4.69,1,1593,1658,SE
1174464.563,X_LEG_2,9.32,23.15,-4.69,1,1593,1658,SE
1174464.584,X_LEG_2,9.32,23.15,-4.69,1,1593,1658,SE
1174464.604,X_LEG_2,9.32,23.15,-4.69,1,1593,1658,SE
1174464.625,X_LEG_2,9.41,23.06,-4.86,1,1592,1657,SE
1174464.645,X_LEG_2,9.41,23.06,-4.86,1,1592,1657,SE
1174464.666,X_LEG_2,9.41,23.06,-4.86,1,1592,1657,SE
1174464.686,X_LEG_2,9.41,23.06,-4.86,1,1592,1657,SE
1174464.707,X_LEG_2,9.41,23.06,-4.86,1,1592,1657,SE
1174464.727,X_LEG_2,9.50,22.96,-5.05,1,1592,1657,SE
1174464.748,X_LEG_2,9.50,22.96,-5.05,1,1592,1657,SE
1174464.768,X_LEG_2,9.50,22.96,-5.05,1,1592,1657,SE
1174464.788,X_LEG_2,9.50,22.96,-5.05,1,1592,1657,SE
1174464.809,X_LEG_2,9.50,22.96,-5.05,1,1592,1657,SE
1174464.830,X_LEG_2,9.59,22.86,-5.21,1,1591,1657,SE
1174464.850,X_LEG_2,9.59,22.86,-5.21,1,1591,1657,SE
1174464.870,X_LEG_2,9.59,22.86,-5.21,1,1591,1657,SE
1174464.891,X_LEG_2,9.59,22.86,-5.21,1,1591,1657,SE
1174464.911,X_LEG_2,9.59,22.86,-5.21,1,1591,1657,SE
1174464.932,X_LEG_2,9.68,22.77,-5.39,1,1591,1656,SE
1174464.952,X_LEG_2,9.68,22.77,-5.39,1,1591,1656,SE
1174464.972,X_LEG_2,9.68,22.77,-5.39,1,1591,1656,SE
1174464.992,X_LEG_2,9.68,22.77,-5.39,1,1591,1656,SE
1174465.014,X_LEG_2,9.68,22.77,-5.39,1,1591,1656,SE
1174465.034,X_LEG_2,9.77,22.66,-4.56,1,1591,1656,SE
1174465.054,X_LEG_2,9.77,22.66,-4.56,1,1591,1656,SE
1174465.074,X_LEG_2,9.77,22.66,-4.56,1,1591,1656,SE
1174465.095,X_LEG_2,9.77,22.66,-4.56,1,1591,1656,SE
1174465.115,X_LEG_2,9.77,22.66,-4.56,1,1591,1656,SE
1174465.136,X_LEG_2,9.77,22.66,-4.56,1,1591,1656,SE
1174465.156,X_LEG_2,9.77,22.66,-4.56,1,1591,1656,SE
1174465.177,X_LEG_2,9.77,22.66,-4.56,1,1591,1656,SE
1174465.197,X_LEG_2,9.77,22.66,-4.56,1,1591,1656,SE
1174465.217,X_LEG_2,9.77,22.66,-4.56,1,1591,1656,SE
1174465.238,X_LEG_2,9.86,22.57,-4.75,1,1590,1656,SE
1174465.258,X_LEG_2,9.86,22.57,-4.75,1,1590,1656,SE
1174465.279,X_LEG_2,9.86,22.57,-4.75,1,1590,1656,SE
1174465.299,X_LEG_2,9.86,22.57,-4.75,1,1590,1656,SE
1174465.319,X_LEG_2,9.86,22.57,-4.75,1,1590,1656,SE
1174465.341,X_LEG_2,9.95,22.47,-4.91,1,1590,1656,SE
1174465.361,X_LEG_2,9.95,22.47,-4.91,1,1590,1656,SE
1174465.382,X_LEG_2,9.95,22.47,-4.91,1,1590,1656,SE
1174465.403,X_LEG_2,9.95,22.47,-4.91,1,1590,1656,SE
1174465.423,X_LEG_2,9.95,22.47,-4.91,1,1590,1656,SE
1174465.443,X_LEG_2,10.03,22.39,-4.09,1,1590,1655,SE
1174465.464,X_LEG_2,10.03,22.39,-4.09,1,1590,1655,SE
1174465.484,X_LEG_2,10.03,22.39,-4.09,1,1590,1655,SE
1174465.505,X_LEG_2,10.03,22.39,-4.09,1,1590,1655,SE
1174465.525,X_LEG_2,10.03,22.39,-4.09,1,1590,1655,SE
1174465.545,X_LEG_2,10.12,22.28,-4.26,1,1589,1655,SE
1174465.566,X_LEG_2,10.12,22.28,-4.26,1,1589,1655,SE
1174465.586,X_LEG_2,10.12,22.28,-4.26,1,1589,1655,SE
1174465.608,X_LEG_2,10.12,22.28,-4.26,1,1589,1655,SE
1174465.628,X_LEG_2,10.12,22.28,-4.26,1,1589,1655,SE
1174465.648,X_LEG_2,10.21,22.19,-4.43,1,1589,1655,SE
1174465.669,X_LEG_2,10.21,22.19,-4.43,1,1589,1655,SE
1174465.689,X_LEG_2,10.21,22.19,-4.43,1,1589,1655,SE
1174465.709,X_LEG_2,10.21,22.19,-4.43,1,1589,1655,SE
1174465.730,X_LEG_2,10.21,22.19,-4.43,1,1589,1655,SE
1174465.750,X_LEG_2,10.30,22.10,-4.62,1,1588,1655,SE
1174465.770,X_LEG_2,10.30,22.10,-4.62,1,1588,1655,SE
1174465.791,X_LEG_2,10.30,22.10,-4.62,1,1588,1655,SE
1174465.812,X_LEG_2,10.30,22.10,-4.62,1,1588,1655,SE
1174465.833,X_LEG_2,10.30,22.10,-4.62,1,1588,1655,SE
1174465.853,X_LEG_2,10.39,22.00,-4.79,1,1588,1654,SE
1174465.873,X_LEG_2,10.39,22.00,-4.79,1,1588,1654,SE
1174465.894,X_LEG_2,10.39,22.00,-4.79,1,1588,1654,SE
1174465.914,X_LEG_2,10.39,22.00,-4.79,1,1588,1654,SE
1174465.935,X_LEG_2,10.39,22.00,-4.79,1,1588,1654,SE
1174465.955,X_LEG_2,10.47,21.91,-4.96,1,1588,1654,SE
1174465.976,X_LEG_2,10.47,21.91,-4.96,1,1588,1654,SE
1174465.996,X_LEG_2,10.47,21.91,-4.96,1,1588,1654,SE
1174466.016,X_LEG_2,10.47,21.91,-4.96,1,1588,1654,SE
1174466.037,X_LEG_2,10.47,21.91,-4.96,1,1588,1654,SE
1174466.057,X_LEG_2,10.47,21.91,-4.96,1,1588,1654,SE
1174466.078,X_LEG_2,10.47,21.91,-4.96,1,1588,1654,SE
1174466.098,X_LEG_2,10.47,21.91,-4.96,1,1588,1654,SE
1174466.119,X_LEG_2,10.47,21.91,-4.96,1,1588,1654,SE
1174466.139,X_LEG_2,10.47,21.91,-4.96,1,1588,1654,SE
1174466.159,X_LEG_2,10.56,21.82,-5.13,1,1587,1654,SE
1174466.180,X_LEG_2,10.56,21.82,-5.13,1,1587,1654,SE
1174466.200,X_LEG_2,10.56,21.82,-5.13,1,1587,1654,SE
1174466.221,X_LEG_2,10.56,21.82,-5.13,1,1587,1654,SE
1174466.241,X_LEG_2,10.56,21.82,-5.13,1,1587,1654,SE
1174466.261,X_LEG_2,10.65,21.73,-5.30,1,1587,1654,SE
1174466.284,X_LEG_2,10.65,21.73,-5.30,1,1587,1654,SE
1174466.304,X_LEG_2,10.65,21.73,-5.30,1,1587,1654,SE
1174466.324,X_LEG_2,10.65,21.73,-5.30,1,1587,1654,SE
1174466.345,X_LEG_2,10.65,21.73,-5.30,1,1587,1654,SE
1174466.365,X_LEG_2,10.73,21.64,-5.47,1,1587,1653,SE
1174466.385,X_LEG_2,10.73,21.64,-5.47,1,1587,1653,SE
1174466.406,X_LEG_2,10.73,21.64,-5.47,1,1587,1653,SE
1174466.427,X_LEG_2,10.73,21.64,-5.47,1,1587,1653,SE
1174466.447,X_LEG_2,10.73,21.64,-5.47,1,1587,1653,SE
1174466.468,X_LEG_2,10.82,21.54,-4.66,1,1586,1653,SE
1174466.488,X_LEG_2,10.82,21.54,-4.66,1,1586,1653,SE
1174466.509,X_LEG_2,10.82,21.54,-4.66,1,1586,1653,SE
1174466.529,X_LEG_2,10.82,21.54,-4.66,1,1586,1653,SE
1174466.549,X_LEG_2,10.82,21.54,-4.66,1,1586,1653,SE
1174466.570,X_LEG_2,10.91,21.45,-4.83,1,1586,1653,SE
1174466.590,X_LEG_2,10.91,21.45,-4.83,1,1586,1653,SE
1174466.611,X_LEG_2,10.91,21.45,-4.83,1,1586,1653,SE
1174466.631,X_LEG_2,10.91,21.45,-4.83,1,1586,1653,SE
1174466.652,X_LEG_2,10.91,21.45,-4.83,1,1586,1653,SE
1174466.672,X_LEG_2,10.99,21.36,-5.01,1,1585,1653,SE
1174466.693,X_LEG_2,10.99,21.36,-5.01,1,1585,1653,SE
1174466.713,X_LEG_2,10.99,21.36,-5.01,1,1585,1653,SE
1174466.734,X_LEG_2,10.99,21.36,-5.01,1,1585,1653,SE
1174466.754,X_LEG_2,10.99,21.36,-5.01,1,1585,1653,SE
1174466.775,X_LEG_2,11.07,21.27,-5.19,1,1585,1652,SE
1174466.796,X_LEG_2,11.07,21.27,-5.19,1,1585,1652,SE
1174466.816,X_LEG_2,11.07,21.27,-5.19,1,1585,1652,SE
1174466.836,X_LEG_2,11.07,21.27,-5.19,1,1585,1652,SE
1174466.856,X_LEG_2,11.07,21.27,-5.19,1,1585,1652,SE
1174466.877,X_LEG_2,11.16,21.19,-4.35,1,1585,1652,SE
1174466.897,X_LEG_2,11.16,21.19,-4.35,1,1585,1652,SE
1174466.918,X_LEG_2,11.16,21.19,-4.35,1,1585,1652,SE
1174466.938,X_LEG_2,11.16,21.19,-4.35,1,1585,1652,SE
1174466.959,X_LEG_2,11.16,21.19,-4.35,1,1585,1652,SE
1174466.979,X_LEG_2,11.24,21.10,-4.53,1,1584,1652,SE
1174467.000,X_LEG_2,11.24,21.10,-4.53,1,1584,1652,SE
1174467.021,X_LEG_2,11.24,21.10,-4.53,1,1584,1652,SE
1174467.041,X_LEG_2,11.24,21.10,-4.53,1,1584,1652,SE
1174467.063,X_LEG_2,11.24,21.10,-4.53,1,1584,1652,SE
1174467.083,X_LEG_2,11.24,21.10,-4.53,1,1584,1652,SE
1174467.104,X_LEG_2,11.24,21.10,-4.53,1,1584,1652,SE
1174467.125,X_LEG_2,11.24,21.10,-4.53,1,1584,1652,SE
1174467.145,X_LEG_2,11.24,21.10,-4.53,1,1584,1652,SE
1174467.165,X_LEG_2,11.24,21.10,-4.53,1,1584,1652,SE
1174467.186,X_LEG_2,11.33,21.01,-4.69,1,1584,1652,SE
1174467.206,X_LEG_2,11.33,21.01,-4.69,1,1584,1652,SE
1174467.227,X_LEG_2,11.33,21.01,-4.69,1,1584,1652,SE
1174467.247,X_LEG_2,11.33,21.01,-4.69,1,1584,1652,SE
1174467.268,X_LEG_2,11.33,21.01,-4.69,1,1584,1652,SE
1174467.288,X_LEG_2,11.41,20.92,-4.88,1,1584,1651,SE
1174467.308,X_LEG_2,11.41,20.92,-4.88,1,1584,1651,SE
1174467.329,X_LEG_2,11.41,20.92,-4.88,1,1584,1651,SE
1174467.349,X_LEG_2,11.41,20.92,-4.88,1,1584,1651,SE
1174467.371,X_LEG_2,11.41,20.92,-4.88,1,1584,1651,SE
1174467.392,X_LEG_2,11.49,20.83,-4.06,1,1583,1651,SE
1174467.412,X_LEG_2,11.49,20.83,-4.06,1,1583,1651,SE
1174467.433,X_LEG_2,11.49,20.83,-4.06,1,1583,1651,SE
1174467.453,X_LEG_2,11.49,20.83,-4.06,1,1583,1651,SE
1174467.474,X_LEG_2,11.49,20.83,-4.06,1,1583,1651,SE
1174467.494,X_LEG_2,11.57,20.75,-4.21,1,1583,1651,SE
1174467.516,X_LEG_2,11.57,20.75,-4.21,1,1583,1651,SE
1174467.536,X_LEG_2,11.57,20.75,-4.21,1,1583,1651,SE
1174467.557,X_LEG_2,11.57,20.75,-4.21,1,1583,1651,SE
1174467.577,X_LEG_2,11.57,20.75,-4.21,1,1583,1651,SE
1174467.598,X_LEG_2,11.66,20.66,-4.40,1,1583,1651,SE
1174467.618,X_LEG_2,11.66,20.66,-4.40,1,1583,1651,SE
1174467.639,X_LEG_2,11.66,20.66,-4.40,1,1583,1651,SE
1174467.660,X_LEG_2,11.66,20.66,-4.40,1,1583,1651,SE
1174467.680,X_LEG_2,11.66,20.66,-4.40,1,1583,1651,SE
1174467.700,X_LEG_2,11.74,20.57,-4.55,1,1582,1650,SE
1174467.721,X_LEG_2,11.74,20.57,-4.55,1,1582,1650,SE
1174467.742,X_LEG_2,11.74,20.57,-4.55,1,1582,1650,SE
1174467.762,X_LEG_2,11.74,20.57,-4.55,1,1582,1650,SE
1174467.783,X_LEG_2,11.74,20.57,-4.55,1,1582,1650,SE
1174467.803,X_LEG_2,11.82,20.49,-4.75,1,1582,1650,SE
1174467.824,X_LEG_2,11.82,20.49,-4.75,1,1582,1650,SE
1174467.844,X_LEG_2,11.82,20.49,-4.75,1,1582,1650,SE
1174467.865,X_LEG_2,11.82,20.49,-4.75,1,1582,1650,SE
1174467.885,X_LEG_2,11.82,20.49,-4.75,1,1582,1650,SE
1174467.906,X_LEG_2,11.90,20.40,-4.90,1,1582,1650,SE
1174467.926,X_LEG_2,11.90,20.40,-4.90,1,1582,1650,SE
1174467.947,X_LEG_2,11.90,20.40,-4.90,1,1582,1650,SE
1174467.967,X_LEG_2,11.90,20.40,-4.90,1,1582,1650,SE
1174467.988,X_LEG_2,11.90,20.40,-4.90,1,1582,1650,SE
1174468.008,X_LEG_2,11.98,20.32,-5.10,1,1581,1650,SE
1174468.028,X_LEG_2,11.98,20.32,-5.10,1,1581,1650,SE
1174468.049,X_LEG_2,11.98,20.32,-5.10,1,1581,1650,SE
1174468.070,X_LEG_2,11.98,20.32,-5.10,1,1581,1650,SE
1174468.090,X_LEG_2,11.98,20.32,-5.10,1,1581,1650,SE
1174468.111,X_LEG_2,11.98,20.23,-5.26,1,1581,1650,SE
1174468.132,X_LEG_2,12.05,20.23,-5.26,1,1581,1649,SE
1174468.152,X_LEG_2,12.05,20.23,-5.26,1,1581,1649,SE
1174468.172,X_LEG_2,12.05,20.23,-5.26,1,1581,1649,SE
1174468.193,X_LEG_2,12.05,20.23,-5.26,1,1581,1649,SE
1174468.213,X_LEG_2,12.05,20.23,-5.26,1,1581,1649,SE
1174468.234,X_LEG_2,12.05,20.23,-5.26,1,1581,1649,SE
1174468.254,X_LEG_2,12.05,20.23,-5.26,1,1581,1649,SE
1174468.275,X_LEG_2,12.05,20.23,-5.26,1,1581,1649,SE
1174468.296,X_LEG_2,12.05,20.23,-5.26,1,1581,1649,SE
1174468.316,X_LEG_2,12.13,20.15,-4.45,1,1581,1649,SE
1174468.337,X_LEG_2,12.13,20.15,-4.45,1,1581,1649,SE
1174468.357,X_LEG_2,12.13,20.15,-4.45,1,1581,1649,SE
1174468.377,X_LEG_2,12.13,20.15,-4.45,1,1581,1649,SE
1174468.398,X_LEG_2,12.13,20.15,-4.45,1,1581,1649,SE
1174468.420,X_LEG_2,12.21,20.06,-4.62,1,1580,1649,SE
1174468.442,X_LEG_2,12.21,20.06,-4.62,1,1580,1649,SE
1174468.462,X_LEG_2,12.21,20.06,-4.62,1,1580,1649,SE
1174468.483,X_LEG_2,12.21,20.06,-4.62,1,1580,1649,SE
1174468.503,X_LEG_2,12.21,20.06,-4.62,1,1580,1649,SE
1174468.524,X_LEG_2,12.29,19.98,-4.78,1,1580,1649,SE
1174468.544,X_LEG_2,12.29,19.98,-4.78,1,1580,1649,SE
1174468.565,X_LEG_2,12.29,19.98,-4.78,1,1580,1649,SE
1174468.585,X_LEG_2,12.29,19.98,-4.78,1,1580,1649,SE
1174468.606,X_LEG_2,12.29,19.98,-4.78,1,1580,1649,SE
1174468.627,X_LEG_2,12.29,19.98,-4.78,1,1580,1649,SE
1174468.647,X_LEG_2,12.29,19.98,-4.78,1,1580,1649,SE
1174468.667,X_LEG_2,12.29,19.98,-4.78,1,1580,1649,SE
1174468.688,X_LEG_2,12.29,19.98,-4.78,1,1580,1649,SE
1174468.709,X_LEG_2,12.29,19.98,-4.78,1,1580,1649,SE
1174468.729,X_LEG_2,12.34,19.93,-4.91,1,1580,1648,SE
1174468.750,X_LEG_2,12.34,19.93,-4.91,1,1580,1648,SE
1174468.771,X_LEG_2,12.34,19.93,-4.91,1,1580,1648,SE
1174468.791,X_LEG_2,12.34,19.93,-4.91,1,1580,1648,SE
1174468.811,X_LEG_2,12.34,19.93,-4.91,1,1580,1648,SE
1174468.831,X_LEG_2,12.39,19.88,-5.02,1,1580,1648,SE
1174468.852,X_LEG_2,12.39,19.88,-5.02,1,1580,1648,SE
1174468.872,X_LEG_2,12.39,19.88,-5.02,1,1580,1648,SE
1174468.893,X_LEG_2,12.39,19.88,-5.02,1,1580,1648,SE
1174468.913,X_LEG_2,12.39,19.88,-5.02,1,1580,1648,SE
1174468.933,X_LEG_2,12.46,19.79,-5.20,1,1579,1648,SE
1174468.955,X_LEG_2,12.46,19.79,-5.20,1,1579,1648,SE
1174468.976,X_LEG_2,12.46,19.79,-5.20,1,1579,1648,SE
1174468.996,X_LEG_2,12.46,19.79,-5.20,1,1579,1648,SE
1174469.016,X_LEG_2,12.46,19.79,-5.20,1,1579,1648,SE
1174469.037,X_LEG_2,12.54,19.70,-4.37,1,1579,1648,SE
1174469.058,X_LEG_2,12.54,19.70,-4.37,1,1579,1648,SE
1174469.079,X_LEG_2,12.54,19.70,-4.37,1,1579,1648,SE
1174469.100,X_LEG_2,12.54,19.70,-4.37,1,1579,1648,SE
1174469.120,X_LEG_2,12.54,19.70,-4.37,1,1579,1648,SE
1174469.140,X_LEG_2,12.59,19.65,-4.48,1,1579,1648,SE
1174469.161,X_LEG_2,12.59,19.65,-4.48,1,1579,1648,SE
1174469.181,X_LEG_2,12.59,19.65,-4.48,1,1579,1648,SE
1174469.202,X_LEG_2,12.59,19.65,-4.48,1,1579,1648,SE
1174469.222,X_LEG_2,12.59,19.65,-4.48,1,1579,1648,SE
1174469.243,X_LEG_2,12.59,19.65,-4.48,1,1579,1648,SE
1174469.263,X_LEG_2,12.59,19.65,-4.48,1,1579,1648,SE
1174469.283,X_LEG_2,12.59,19.65,-4.48,1,1579,1648,SE
1174469.304,X_LEG_2,12.59,19.65,-4.48,1,1579,1648,SE
1174469.324,X_LEG_2,12.59,19.65,-4.48,1,1579,1648,SE
1174469.345,X_LEG_2,12.66,19.57,-4.67,1,1578,1648,SE
1174469.366,X_LEG_2,12.66,19.57,-4.67,1,1578,1648,SE
1174469.386,X_LEG_2,12.66,19.57,-4.67,1,1578,1648,SE
1174469.406,X_LEG_2,12.66,19.57,-4.67,1,1578,1648,SE
1174469.427,X_LEG_2,12.66,19.57,-4.67,1,1578,1648,SE
1174469.449,X_LEG_2,12.73,19.49,-4.84,1,1578,1647,SE
1174469.469,X_LEG_2,12.73,19.49,-4.84,1,1578,1647,SE
1174469.490,X_LEG_2,12.73,19.49,-4.84,1,1578,1647,SE
1174469.510,X_LEG_2,12.73,19.49,-4.84,1,1578,1647,SE
1174469.531,X_LEG_2,12.73,19.49,-4.84,1,1578,1647,SE
1174469.552,X_LEG_2,12.80,19.41,-5.02,1,1578,1647,SE
1174469.572,X_LEG_2,12.80,19.41,-5.02,1,1578,1647,SE
1174469.593,X_LEG_2,12.80,19.41,-5.02,1,1578,1647,SE
1174469.613,X_LEG_2,12.80,19.41,-5.02,1,1578,1647,SE
1174469.633,X_LEG_2,12.80,19.41,-5.02,1,1578,1647,SE
1174469.653,X_LEG_2,12.87,19.33,-5.19,1,1577,1647,SE
1174469.674,X_LEG_2,12.87,19.33,-5.19,1,1577,1647,SE
1174469.694,X_LEG_2,12.87,19.33,-5.19,1,1577,1647,SE
1174469.715,X_LEG_2,12.87,19.33,-5.19,1,1577,1647,SE
1174469.735,X_LEG_2,12.87,19.33,-5.19,1,1577,1647,SE
1174469.755,X_LEG_2,12.87,19.33,-5.19,1,1577,1647,SE
1174469.776,X_LEG_2,12.87,19.33,-5.19,1,1577,1647,SE
1174469.796,X_LEG_2,12.87,19.33,-5.19,1,1577,1647,SE
1174469.817,X_LEG_2,12.87,19.33,-5.19,1,1577,1647,SE
1174469.837,X_LEG_2,12.87,19.33,-5.19,1,1577,1647,SE
1174469.858,X_LEG_2,12.95,19.26,-5.35,1,1577,1647,SE
1174469.878,X_LEG_2,12.95,19.26,-5.35,1,1577,1647,SE
1174469.899,X_LEG_2,12.95,19.26,-5.35,1,1577,1647,SE
1174469.919,X_LEG_2,12.95,19.26,-5.35,1,1577,1647,SE
1174469.940,X_LEG_2,12.95,19.26,-5.35,1,1577,1647,SE
1174469.961,X_LEG_2,13.01,19.18,-5.52,1,1577,1646,SE
1174469.982,X_LEG_2,13.01,19.18,-5.52,1,1577,1646,SE
1174470.002,X_LEG_2,13.01,19.18,-5.52,1,1577,1646,SE
1174470.022,X_LEG_2,13.01,19.18,-5.52,1,1577,1646,SE
1174470.043,X_LEG_2,13.01,19.18,-5.52,1,1577,1646,SE
1174470.064,X_LEG_2,13.08,19.10,-4.70,1,1576,1646,SE
1174470.084,X_LEG_2,13.08,19.10,-4.70,1,1576,1646,SE
1174470.105,X_LEG_2,13.08,19.10,-4.70,1,1576,1646,SE
1174470.126,X_LEG_2,13.08,19.10,-4.70,1,1576,1646,SE
1174470.146,X_LEG_2,13.08,19.10,-4.70,1,1576,1646,SE
1174470.167,X_LEG_2,13.15,19.02,-4.88,1,1576,1646,SE
1174470.187,X_LEG_2,13.15,19.02,-4.88,1,1576,1646,SE
1174470.207,X_LEG_2,13.15,19.02,-4.88,1,1576,1646,SE
1174470.228,X_LEG_2,13.15,19.02,-4.88,1,1576,1646,SE
1174470.248,X_LEG_2,13.15,19.02,-4.88,1,1576,1646,SE
1174470.268,X_LEG_2,13.15,19.02,-4.88,1,1576,1646,SE
1174470.289,X_LEG_2,13.15,19.02,-4.88,1,1576,1646,SE
1174470.309,X_LEG_2,13.15,19.02,-4.88,1,1576,1646,SE
1174470.329,X_LEG_2,13.15,19.02,-4.88,1,1576,1646,SE
1174470.350,X_LEG_2,13.15,19.02,-4.88,1,1576,1646,SE
1174470.371,X_LEG_2,13.22,18.95,-5.05,1,1576,1646,SE
1174470.391,X_LEG_2,13.22,18.95,-5.05,1,1576,1646,SE
1174470.412,X_LEG_2,13.22,18.95,-5.05,1,1576,1646,SE
1174470.432,X_LEG_2,13.22,18.95,-5.05,1,1576,1646,SE
1174470.452,X_LEG_2,13.22,18.95,-5.05,1,1576,1646,SE
1174470.473,X_LEG_2,13.28,18.87,-5.23,1,1575,1646,SE
1174470.494,X_LEG_2,13.28,18.87,-5.23,1,1575,1646,SE
1174470.514,X_LEG_2,13.28,18.87,-5.23,1,1575,1646,SE
1174470.535,X_LEG_2,13.28,18.87,-5.23,1,1575,1646,SE
1174470.556,X_LEG_2,13.28,18.87,-5.23,1,1575,1646,SE
1174470.576,X_LEG_2,13.35,18.79,-4.41,1,1575,1645,SE
1174470.597,X_LEG_2,13.35,18.79,-4.41,1,1575,1645,SE
1174470.617,X_LEG_2,13.35,18.79,-4.41,1,1575,1645,SE
1174470.637,X_LEG_2,13.35,18.79,-4.41,1,1575,1645,SE
1174470.658,X_LEG_2,13.35,18.79,-4.41,1,1575,1645,SE
1174470.678,X_LEG_2,13.41,18.72,-4.58,1,1575,1645,SE
1174470.699,X_LEG_2,13.41,18.72,-4.58,1,1575,1645,SE
1174470.720,X_LEG_2,13.41,18.72,-4.58,1,1575,1645,SE
1174470.740,X_LEG_2,13.41,18.72,-4.58,1,1575,1645,SE
1174470.761,X_LEG_2,13.41,18.72,-4.58,1,1575,1645,SE
1174470.781,X_LEG_2,13.48,18.64,-4.77,1,1575,1645,SE
1174470.802,X_LEG_2,13.48,18.64,-4.77,1,1575,1645,SE
1174470.822,X_LEG_2,13.48,18.64,-4.77,1,1575,1645,SE
1174470.843,X_LEG_2,13.48,18.64,-4.77,1,1575,1645,SE
1174470.863,X_LEG_2,13.48,18.64,-4.77,1,1575,1645,SE
1174470.884,X_LEG_2,13.54,18.56,-4.91,1,1574,1645,SE
1174470.904,X_LEG_2,13.54,18.56,-4.91,1,1574,1645,SE
1174470.924,X_LEG_2,13.54,18.56,-4.91,1,1574,1645,SE
1174470.945,X_LEG_2,13.54,18.56,-4.91,1,1574,1645,SE
1174470.965,X_LEG_2,13.54,18.56,-4.91,1,1574,1645,SE
1174470.986,X_LEG_2,13.60,18.49,-5.08,1,1574,1645,SE
1174471.006,X_LEG_2,13.60,18.49,-5.08,1,1574,1645,SE
1174471.027,X_LEG_2,13.60,18.49,-5.08,1,1574,1645,SE
1174471.047,X_LEG_2,13.60,18.49,-5.08,1,1574,1645,SE
1174471.069,X_LEG_2,13.60,18.49,-5.08,1,1574,1645,SE
1174471.089,X_LEG_2,13.60,18.49,-5.08,1,1574,1645,SE
1174471.109,X_LEG_2,13.60,18.49,-5.08,1,1574,1645,SE
1174471.130,X_LEG_2,13.60,18.49,-5.08,1,1574,1645,SE
1174471.150,X_LEG_2,13.60,18.49,-5.08,1,1574,1645,SE
1174471.170,X_LEG_2,13.60,18.49,-5.08,1,1574,1645,SE
1174471.191,X_LEG_2,13.66,18.41,-5.28,1,1574,1645,SE
1174471.211,X_LEG_2,13.66,18.41,-5.28,1,1574,1645,SE
1174471.232,X_LEG_2,13.66,18.41,-5.28,1,1574,1645,SE
1174471.252,X_LEG_2,13.66,18.41,-5.28,1,1574,1645,SE
1174471.273,X_LEG_2,13.66,18.41,-5.28,1,1574,1645,SE
1174471.293,X_LEG_2,13.72,18.34,-5.45,1,1573,1644,SE
1174471.314,X_LEG_2,13.72,18.34,-5.45,1,1573,1644,SE
1174471.335,X_LEG_2,13.72,18.34,-5.45,1,1573,1644,SE
1174471.355,X_LEG_2,13.72,18.34,-5.45,1,1573,1644,SE
1174471.375,X_LEG_2,13.72,18.34,-5.45,1,1573,1644,SE
1174471.396,X_LEG_2,13.78,18.27,-5.60,1,1573,1644,SE
1174471.417,X_LEG_2,13.78,18.27,-5.60,1,1573,1644,SE
1174471.437,X_LEG_2,13.78,18.27,-5.60,1,1573,1644,SE
1174471.458,X_LEG_2,13.78,18.27,-5.60,1,1573,1644,SE
1174471.478,X_LEG_2,13.78,18.27,-5.60,1,1573,1644,SE
1174471.499,X_LEG_2,13.84,18.19,-5.80,1,1573,1644,SE
1174471.519,X_LEG_2,13.84,18.19,-5.80,1,1573,1644,SE
1174471.540,X_LEG_2,13.84,18.19,-5.80,1,1573,1644,SE
1174471.561,X_LEG_2,13.84,18.19,-5.80,1,1573,1644,SE
1174471.581,X_LEG_2,13.84,18.19,-5.80,1,1573,1644,SE
1174471.602,X_LEG_2,13.89,18.12,-4.97,1,1572,1644,SE
1174471.622,X_LEG_2,13.89,18.12,-4.97,1,1572,1644,SE
1174471.643,X_LEG_2,13.89,18.12,-4.97,1,1572,1644,SE
1174471.663,X_LEG_2,13.89,18.12,-4.97,1,1572,1644,SE
1174471.684,X_LEG_2,13.89,18.12,-4.97,1,1572,1644,SE
1174471.704,X_LEG_2,13.95,18.05,-5.15,1,1572,1644,SE
1174471.725,X_LEG_2,13.95,18.05,-5.15,1,1572,1644,SE
1174471.745,X_LEG_2,13.95,18.05,-5.15,1,1572,1644,SE
1174471.766,X_LEG_2,13.95,18.05,-5.15,1,1572,1644,SE
1174471.786,X_LEG_2,13.95,18.05,-5.15,1,1572,1644,SE
1174471.807,X_LEG_2,14.00,17.98,-5.31,1,1572,1644,SE
1174471.827,X_LEG_2,14.00,17.98,-5.31,1,1572,1644,SE
1174471.848,X_LEG_2,14.00,17.98,-5.31,1,1572,1644,SE
1174471.869,X_LEG_2,14.00,17.98,-5.31,1,1572,1644,SE
1174471.889,X_LEG_2,14.00,17.98,-5.31,1,1572,1644,SE
1174471.910,X_LEG_2,14.06,17.91,-5.49,1,1572,1643,SE
1174471.930,X_LEG_2,14.06,17.91,-5.49,1,1572,1643,SE
1174471.951,X_LEG_2,14.06,17.91,-5.49,1,1572,1643,SE
1174471.971,X_LEG_2,14.06,17.91,-5.49,1,1572,1643,SE
1174471.992,X_LEG_2,14.06,17.91,-5.49,1,1572,1643,SE
1174472.012,X_LEG_2,14.06,17.91,-5.49,1,1572,1643,SE
1174472.033,X_LEG_2,14.06,17.91,-5.49,1,1572,1643,SE
1174472.054,X_LEG_2,14.06,17.91,-5.49,1,1572,1643,SE
1174472.074,X_LEG_2,14.06,17.91,-5.49,1,1572,1643,SE
1174472.095,X_LEG_2,14.06,17.91,-5.49,1,1572,1643,SE
1174472.115,X_LEG_2,14.11,17.83,-4.65,1,1571,1643,SE
1174472.136,X_LEG_2,14.11,17.83,-4.65,1,1571,1643,SE
1174472.156,X_LEG_2,14.11,17.83,-4.65,1,1571,1643,SE
1174472.176,X_LEG_2,14.11,17.83,-4.65,1,1571,1643,SE
1174472.197,X_LEG_2,14.11,17.83,-4.65,1,1571,1643,SE
1174472.217,X_LEG_2,14.16,17.77,-4.83,1,1571,1643,SE
1174472.238,X_LEG_2,14.16,17.77,-4.83,1,1571,1643,SE
1174472.258,X_LEG_2,14.16,17.77,-4.83,1,1571,1643,SE
1174472.278,X_LEG_2,14.16,17.77,-4.83,1,1571,1643,SE
1174472.299,X_LEG_2,14.16,17.77,-4.83,1,1571,1643,SE
1174472.320,X_LEG_2,14.20,17.72,-4.95,1,1571,1643,SE
1174472.341,X_LEG_2,14.20,17.72,-4.95,1,1571,1643,SE
1174472.361,X_LEG_2,14.20,17.72,-4.95,1,1571,1643,SE
1174472.382,X_LEG_2,14.20,17.72,-4.95,1,1571,1643,SE
1174472.403,X_LEG_2,14.20,17.72,-4.95,1,1571,1643,SE
1174472.423,X_LEG_2,14.25,17.65,-5.11,1,1571,1643,SE
1174472.444,X_LEG_2,14.25,17.65,-5.11,1,1571,1643,SE
1174472.465,X_LEG_2,14.25,17.65,-5.11,1,1571,1643,SE
1174472.485,X_LEG_2,14.25,17.65,-5.11,1,1571,1643,SE
1174472.506,X_LEG_2,14.25,17.65,-5.11,1,1571,1643,SE
1174472.527,X_LEG_2,14.25,17.65,-5.11,1,1571,1643,SE
1174472.547,X_LEG_2,14.25,17.65,-5.11,1,1571,1643,SE
1174472.568,X_LEG_2,14.25,17.65,-5.11,1,1571,1643,SE
1174472.588,X_LEG_2,14.25,17.65,-5.11,1,1571,1643,SE
1174472.609,X_LEG_2,14.25,17.65,-5.11,1,1571,1643,SE
1174472.629,X_LEG_2,14.30,17.58,-5.30,1,1570,1643,SE
1174472.650,X_LEG_2,14.30,17.58,-5.30,1,1570,1643,SE
1174472.670,X_LEG_2,14.30,17.58,-5.30,1,1570,1643,SE
1174472.690,X_LEG_2,14.30,17.58,-5.30,1,1570,1643,SE
1174472.712,X_LEG_2,14.30,17.58,-5.30,1,1570,1643,SE
1174472.732,X_LEG_2,14.34,17.51,-4.47,1,1570,1642,SE
1174472.752,X_LEG_2,14.34,17.51,-4.47,1,1570,1642,SE
1174472.773,X_LEG_2,14.34,17.51,-4.47,1,1570,1642,SE
1174472.793,X_LEG_2,14.34,17.51,-4.47,1,1570,1642,SE
1174472.814,X_LEG_2,14.34,17.51,-4.47,1,1570,1642,SE
1174472.834,X_LEG_2,14.39,17.45,-4.63,1,1570,1642,SE
1174472.854,X_LEG_2,14.39,17.45,-4.63,1,1570,1642,SE
1174472.875,X_LEG_2,14.39,17.45,-4.63,1,1570,1642,SE
1174472.895,X_LEG_2,14.39,17.45,-4.63,1,1570,1642,SE
1174472.916,X_LEG_2,14.39,17.45,-4.63,1,1570,1642,SE
1174472.937,X_LEG_2,14.44,17.38,-4.80,1,1570,1642,SE
1174472.957,X_LEG_2,14.44,17.38,-4.80,1,1570,1642,SE
1174472.978,X_LEG_2,14.44,17.38,-4.80,1,1570,1642,SE
1174472.998,X_LEG_2,14.44,17.38,-4.80,1,1570,1642,SE
1174473.019,X_LEG_2,14.44,17.38,-4.80,1,1570,1642,SE
1174473.039,X_LEG_2,14.48,17.30,-4.98,1,1569,1642,SE
1174473.060,X_LEG_2,14.48,17.30,-4.98,1,1569,1642,SE
1174473.080,X_LEG_2,14.48,17.30,-4.98,1,1569,1642,SE
1174473.101,X_LEG_2,14.48,17.30,-4.98,1,1569,1642,SE
1174473.122,X_LEG_2,14.48,17.30,-4.98,1,1569,1642,SE
1174473.142,X_LEG_2,14.52,17.25,-4.14,1,1569,1642,SE
1174473.162,X_LEG_2,14.52,17.25,-4.14,1,1569,1642,SE
1174473.183,X_LEG_2,14.52,17.25,-4.14,1,1569,1642,SE
1174473.203,X_LEG_2,14.52,17.25,-4.14,1,1569,1642,SE
1174473.224,X_LEG_2,14.52,17.25,-4.14,1,1569,1642,SE
1174473.244,X_LEG_2,14.52,17.25,-4.14,1,1569,1642,SE
1174473.265,X_LEG_2,14.52,17.25,-4.14,1,1569,1642,SE
1174473.285,X_LEG_2,14.52,17.25,-4.14,1,1569,1642,SE
1174473.306,X_LEG_2,14.52,17.25,-4.14,1,1569,1642,SE
1174473.326,X_LEG_2,14.52,17.25,-4.14,1,1569,1642,SE
1174473.347,X_LEG_2,14.57,17.17,-4.32,1,1569,1642,SE
1174473.367,X_LEG_2,14.57,17.17,-4.32,1,1569,1642,SE
1174473.387,X_LEG_2,14.57,17.17,-4.32,1,1569,1642,SE
1174473.408,X_LEG_2,14.57,17.17,-4.32,1,1569,1642,SE
1174473.428,X_LEG_2,14.57,17.17,-4.32,1,1569,1642,SE
1174473.449,X_LEG_2,14.61,17.12,-4.49,1,1568,1642,SE
1174473.469,X_LEG_2,14.61,17.12,-4.49,1,1568,1642,SE
1174473.490,X_LEG_2,14.61,17.12,-4.49,1,1568,1642,SE
1174473.510,X_LEG_2,14.61,17.12,-4.49,1,1568,1642,SE
1174473.531,X_LEG_2,14.61,17.12,-4.49,1,1568,1642,SE
1174473.551,X_LEG_2,14.65,17.04,-4.67,1,1568,1642,SE
1174473.572,X_LEG_2,14.65,17.04,-4.67,1,1568,1642,SE
1174473.592,X_LEG_2,14.65,17.04,-4.67,1,1568,1642,SE
1174473.612,X_LEG_2,14.65,17.04,-4.67,1,1568,1642,SE
1174473.633,X_LEG_2,14.65,17.04,-4.67,1,1568,1642,SE
1174473.653,X_LEG_2,14.69,16.98,-4.82,1,1568,1641,SE
1174473.674,X_LEG_2,14.69,16.98,-4.82,1,1568,1641,SE
1174473.694,X_LEG_2,14.69,16.98,-4.82,1,1568,1641,SE
1174473.715,X_LEG_2,14.69,16.98,-4.82,1,1568,1641,SE
1174473.735,X_LEG_2,14.69,16.98,-4.82,1,1568,1641,SE
1174473.756,X_LEG_2,14.73,16.91,-5.02,1,1568,1641,SE
1174473.777,X_LEG_2,14.73,16.91,-5.02,1,1568,1641,SE
1174473.797,X_LEG_2,14.73,16.91,-5.02,1,1568,1641,SE
1174473.818,X_LEG_2,14.73,16.91,-5.02,1,1568,1641,SE
1174473.838,X_LEG_2,14.73,16.91,-5.02,1,1568,1641,SE
1174473.859,X_LEG_2,14.73,16.91,-5.02,1,1568,1641,SE
1174473.879,X_LEG_2,14.73,16.91,-5.02,1,1568,1641,SE
1174473.900,X_LEG_2,14.73,16.91,-5.02,1,1568,1641,SE
1174473.920,X_LEG_2,14.73,16.91,-5.02,1,1568,1641,SE
1174473.941,X_LEG_2,14.73,16.91,-5.02,1,1568,1641,SE
1174473.961,X_LEG_2,14.76,16.85,-5.18,1,1567,1641,SE
1174473.982,X_LEG_2,14.76,16.85,-5.18,1,1567,1641,SE
1174474.002,X_LEG_2,14.76,16.85,-5.18,1,1567,1641,SE
1174474.023,X_LEG_2,14.76,16.85,-5.18,1,1567,1641,SE
1174474.044,X_LEG_2,14.76,16.85,-5.18,1,1567,1641,SE
1174474.064,X_LEG_2,14.80,16.79,-5.34,1,1567,1641,SE
1174474.085,X_LEG_2,14.80,16.79,-5.34,1,1567,1641,SE
1174474.105,X_LEG_2,14.80,16.79,-5.34,1,1567,1641,SE
1174474.126,X_LEG_2,14.80,16.79,-5.34,1,1567,1641,SE
1174474.147,X_LEG_2,14.80,16.79,-5.34,1,1567,1641,SE
1174474.167,X_LEG_2,14.83,16.72,-5.52,1,1567,1641,SE
1174474.188,X_LEG_2,14.83,16.72,-5.52,1,1567,1641,SE
1174474.208,X_LEG_2,14.83,16.72,-5.52,1,1567,1641,SE
1174474.228,X_LEG_2,14.83,16.72,-5.52,1,1567,1641,SE
1174474.249,X_LEG_2,14.83,16.72,-5.52,1,1567,1641,SE
1174474.269,X_LEG_2,14.87,16.66,-4.70,1,1567,1641,SE
1174474.290,X_LEG_2,14.87,16.66,-4.70,1,1567,1641,SE
1174474.310,X_LEG_2,14.87,16.66,-4.70,1,1567,1641,SE
1174474.330,X_LEG_2,14.87,16.66,-4.70,1,1567,1641,SE
1174474.350,X_LEG_2,14.87,16.66,-4.70,1,1567,1641,SE
1174474.372,X_LEG_2,14.90,16.60,-4.86,1,1566,1641,SE
1174474.393,X_LEG_2,14.90,16.60,-4.86,1,1566,1641,SE
1174474.413,X_LEG_2,14.90,16.60,-4.86,1,1566,1641,SE
1174474.434,X_LEG_2,14.90,16.60,-4.86,1,1566,1641,SE
1174474.455,X_LEG_2,14.90,16.60,-4.86,1,1566,1641,SE
1174474.475,X_LEG_2,14.90,16.60,-4.86,1,1566,1641,SE
1174474.495,X_LEG_2,14.90,16.60,-4.86,1,1566,1641,SE
1174474.516,X_LEG_2,14.90,16.60,-4.86,1,1566,1641,SE
1174474.536,X_LEG_2,14.90,16.60,-4.86,1,1566,1641,SE
1174474.556,X_LEG_2,14.90,16.60,-4.86,1,1566,1641,SE
1174474.577,X_LEG_2,14.93,16.53,-5.02,1,1566,1641,SE
1174474.597,X_LEG_2,14.93,16.53,-5.02,1,1566,1641,SE
1174474.617,X_LEG_2,14.93,16.53,-5.02,1,1566,1641,SE
1174474.638,X_LEG_2,14.93,16.53,-5.02,1,1566,1641,SE
1174474.658,X_LEG_2,14.93,16.53,-5.02,1,1566,1641,SE
1174474.679,X_LEG_2,14.96,16.47,-5.19,1,1566,1641,SE
1174474.701,X_LEG_2,14.96,16.47,-5.19,1,1566,1641,SE
1174474.722,X_LEG_2,14.96,16.47,-5.19,1,1566,1641,SE
1174474.742,X_LEG_2,14.96,16.47,-5.19,1,1566,1641,SE
1174474.763,X_LEG_2,14.96,16.47,-5.19,1,1566,1641,SE
1174474.784,X_LEG_2,14.99,16.41,-4.35,1,1566,1641,SE
1174474.805,X_LEG_2,14.99,16.41,-4.35,1,1566,1641,SE
1174474.826,X_LEG_2,14.99,16.41,-4.35,1,1566,1641,SE
1174474.846,X_LEG_2,14.99,16.41,-4.35,1,1566,1641,SE
1174474.867,X_LEG_2,14.99,16.41,-4.35,1,1566,1641,SE
1174474.888,X_LEG_2,15.01,16.35,-4.54,1,1565,1641,SE
1174474.908,X_LEG_2,15.01,16.35,-4.54,1,1565,1641,SE
1174474.929,X_LEG_2,15.01,16.35,-4.54,1,1565,1641,SE
1174474.949,X_LEG_2,15.01,16.35,-4.54,1,1565,1641,SE
1174474.970,X_LEG_2,15.01,16.35,-4.54,1,1565,1641,SE
1174474.990,X_LEG_2,15.01,16.35,-4.54,1,1565,1641,SE
1174475.011,X_LEG_2,15.01,16.35,-4.54,1,1565,1641,SE
1174475.031,X_LEG_2,15.01,16.35,-4.54,1,1565,1641,SE
1174475.052,X_LEG_2,15.01,16.35,-4.54,1,1565,1641,SE
1174475.073,X_LEG_2,15.01,16.35,-4.54,1,1565,1641,SE
1174475.093,X_LEG_2,15.04,16.29,-4.71,1,1565,1641,SE
1174475.113,X_LEG_2,15.04,16.29,-4.71,1,1565,1641,SE
1174475.134,X_LEG_2,15.04,16.29,-4.71,1,1565,1641,SE
1174475.156,X_LEG_2,15.04,16.29,-4.71,1,1565,1641,SE
1174475.177,X_LEG_2,15.04,16.29,-4.71,1,1565,1641,SE
1174475.197,X_LEG_2,15.07,16.23,-4.88,1,1565,1641,SE
1174475.218,X_LEG_2,15.07,16.23,-4.88,1,1565,1641,SE
1174475.239,X_LEG_2,15.07,16.23,-4.88,1,1565,1641,SE
1174475.259,X_LEG_2,15.07,16.23,-4.88,1,1565,1641,SE
1174475.280,X_LEG_2,15.07,16.23,-4.88,1,1565,1641,SE
1174475.301,X_LEG_2,15.09,16.17,-5.05,1,1565,1641,SE
1174475.321,X_LEG_2,15.09,16.17,-5.05,1,1565,1641,SE
1174475.342,X_LEG_2,15.09,16.17,-5.05,1,1565,1641,SE
1174475.362,X_LEG_2,15.09,16.17,-5.05,1,1565,1641,SE
1174475.383,X_LEG_2,15.09,16.17,-5.05,1,1565,1641,SE
1174475.403,X_LEG_2,15.11,16.10,-4.22,1,1564,1641,SE
1174475.424,X_LEG_2,15.11,16.10,-4.22,1,1564,1641,SE
1174475.444,X_LEG_2,15.11,16.10,-4.22,1,1564,1641,SE
1174475.465,X_LEG_2,15.11,16.10,-4.22,1,1564,1641,SE
1174475.485,X_LEG_2,15.11,16.10,-4.22,1,1564,1641,SE
1174475.506,X_LEG_2,15.13,16.04,-4.39,1,1564,1641,SE
1174475.526,X_LEG_2,15.13,16.04,-4.39,1,1564,1641,SE
1174475.548,X_LEG_2,15.13,16.04,-4.39,1,1564,1641,SE
1174475.568,X_LEG_2,15.13,16.04,-4.39,1,1564,1641,SE
1174475.588,X_LEG_2,15.13,16.04,-4.39,1,1564,1641,SE
1174475.609,X_LEG_2,15.13,16.04,-4.39,1,1564,1641,SE
1174475.629,X_LEG_2,15.13,16.04,-4.39,1,1564,1641,SE
1174475.650,X_LEG_2,15.13,16.04,-4.39,1,1564,1641,SE
1174475.670,X_LEG_2,15.13,16.04,-4.39,1,1564,1641,SE
1174475.691,X_LEG_2,15.13,16.04,-4.39,1,1564,1641,SE
1174475.712,X_LEG_2,15.15,15.99,-4.54,1,1564,1641,SE
1174475.732,X_LEG_2,15.15,15.99,-4.54,1,1564,1641,SE
1174475.754,X_LEG_2,15.15,15.99,-4.54,1,1564,1641,SE
1174475.774,X_LEG_2,15.15,15.99,-4.54,1,1564,1641,SE
1174475.794,X_LEG_2,15.15,15.99,-4.54,1,1564,1641,SE
1174475.815,X_LEG_2,15.17,15.93,-4.71,1,1564,1641,SE
1174475.835,X_LEG_2,15.17,15.93,-4.71,1,1564,1641,SE
1174475.855,X_LEG_2,15.17,15.93,-4.71,1,1564,1641,SE
1174475.876,X_LEG_2,15.17,15.93,-4.71,1,1564,1641,SE
1174475.896,X_LEG_2,15.17,15.93,-4.71,1,1564,1641,SE
1174475.917,X_LEG_2,15.19,15.87,-3.89,1,1563,1641,SE
1174475.937,X_LEG_2,15.19,15.87,-3.89,1,1563,1641,SE
1174475.957,X_LEG_2,15.19,15.87,-3.89,1,1563,1641,SE
1174475.978,X_LEG_2,15.19,15.87,-3.89,1,1563,1641,SE
1174475.998,X_LEG_2,15.19,15.87,-3.89,1,1563,1641,SE
1174476.019,X_LEG_2,15.21,15.81,-4.04,1,1563,1641,SE
1174476.039,X_LEG_2,15.21,15.81,-4.04,1,1563,1641,SE
1174476.060,X_LEG_2,15.21,15.81,-4.04,1,1563,1641,SE
1174476.080,X_LEG_2,15.21,15.81,-4.04,1,1563,1641,SE
1174476.101,X_LEG_2,15.21,15.81,-4.04,1,1563,1641,SE
1174476.121,X_LEG_2,15.22,15.75,-4.21,1,1563,1641,SE
1174476.142,X_LEG_2,15.22,15.75,-4.21,1,1563,1641,SE
1174476.163,X_LEG_2,15.22,15.75,-4.21,1,1563,1641,SE
1174476.183,X_LEG_2,15.22,15.75,-4.21,1,1563,1641,SE
1174476.205,X_LEG_2,15.22,15.75,-4.21,1,1563,1641,SE
1174476.225,X_LEG_2,15.24,15.69,-4.40,1,1563,1641,SE
1174476.246,X_LEG_2,15.24,15.69,-4.40,1,1563,1641,SE
1174476.267,X_LEG_2,15.24,15.69,-4.40,1,1563,1641,SE
1174476.287,X_LEG_2,15.24,15.69,-4.40,1,1563,1641,SE
1174476.307,X_LEG_2,15.24,15.69,-4.40,1,1563,1641,SE
1174476.329,X_LEG_2,15.25,15.64,-4.55,1,1563,1641,SE
1174476.349,X_LEG_2,15.25,15.64,-4.55,1,1563,1641,SE
1174476.369,X_LEG_2,15.25,15.64,-4.55,1,1563,1641,SE
1174476.390,X_LEG_2,15.25,15.64,-4.55,1,1563,1641,SE
1174476.410,X_LEG_2,15.25,15.64,-4.55,1,1563,1641,SE
1174476.430,X_LEG_2,15.25,15.64,-4.55,1,1563,1641,SE
1174476.451,X_LEG_2,15.25,15.64,-4.55,1,1563,1641,SE
1174476.471,X_LEG_2,15.25,15.64,-4.55,1,1563,1641,SE
1174476.492,X_LEG_2,15.25,15.64,-4.55,1,1563,1641,SE
1174476.512,X_LEG_2,15.25,15.64,-4.55,1,1563,1641,SE
1174476.533,X_LEG_2,15.26,15.58,-4.73,1,1562,1641,SE
1174476.554,X_LEG_2,15.26,15.58,-4.73,1,1562,1641,SE
1174476.574,X_LEG_2,15.26,15.58,-4.73,1,1562,1641,SE
1174476.594,X_LEG_2,15.26,15.58,-4.73,1,1562,1641,SE
1174476.615,X_LEG_2,15.26,15.58,-4.73,1,1562,1641,SE
1174476.635,X_LEG_2,15.27,15.53,-4.89,1,1562,1641,SE
1174476.656,X_LEG_2,15.27,15.53,-4.89,1,1562,1641,SE
1174476.677,X_LEG_2,15.27,15.53,-4.89,1,1562,1641,SE
1174476.697,X_LEG_2,15.27,15.53,-4.89,1,1562,1641,SE
1174476.717,X_LEG_2,15.27,15.53,-4.89,1,1562,1641,SE
1174476.738,X_LEG_2,15.28,15.47,-5.04,1,1562,1641,SE
1174476.758,X_LEG_2,15.28,15.47,-5.04,1,1562,1641,SE
1174476.779,X_LEG_2,15.28,15.47,-5.04,1,1562,1641,SE
1174476.799,X_LEG_2,15.28,15.47,-5.04,1,1562,1641,SE
1174476.819,X_LEG_2,15.28,15.47,-5.04,1,1562,1641,SE
1174476.840,X_LEG_2,15.29,15.41,-5.23,1,1562,1641,SE
1174476.860,X_LEG_2,15.29,15.41,-5.23,1,1562,1641,SE
1174476.881,X_LEG_2,15.29,15.41,-5.23,1,1562,1641,SE
1174476.901,X_LEG_2,15.29,15.41,-5.23,1,1562,1641,SE
1174476.922,X_LEG_2,15.29,15.41,-5.23,1,1562,1641,SE
1174476.943,X_LEG_2,15.30,15.36,-4.39,1,1561,1641,SE
1174476.963,X_LEG_2,15.30,15.36,-4.39,1,1561,1641,SE
1174476.984,X_LEG_2,15.30,15.36,-4.39,1,1561,1641,SE
1174477.005,X_LEG_2,15.30,15.36,-4.39,1,1561,1641,SE
1174477.025,X_LEG_2,15.30,15.36,-4.39,1,1561,1641,SE
1174477.045,X_LEG_2,15.30,15.31,-4.55,1,1561,1641,SE
1174477.066,X_LEG_2,15.30,15.31,-4.55,1,1561,1641,SE
1174477.086,X_LEG_2,15.30,15.31,-4.55,1,1561,1641,SE
1174477.107,X_LEG_2,15.30,15.31,-4.55,1,1561,1641,SE
1174477.127,X_LEG_2,15.30,15.31,-4.55,1,1561,1641,SE
1174477.148,X_LEG_2,15.31,15.25,-4.74,1,1561,1641,SE
1174477.168,X_LEG_2,15.31,15.25,-4.74,1,1561,1641,SE
1174477.188,X_LEG_2,15.31,15.25,-4.74,1,1561,1641,SE
1174477.209,X_LEG_2,15.31,15.25,-4.74,1,1561,1641,SE
1174477.229,X_LEG_2,15.31,15.25,-4.74,1,1561,1641,SE
1174477.250,X_LEG_2,15.31,15.20,-4.90,1,1561,1641,SE
1174477.270,X_LEG_2,15.31,15.20,-4.90,1,1561,1641,SE
1174477.291,X_LEG_2,15.31,15.20,-4.90,1,1561,1641,SE
1174477.311,X_LEG_2,15.31,15.20,-4.90,1,1561,1641,SE
1174477.332,X_LEG_2,15.31,15.20,-4.90,1,1561,1641,SE
1174477.353,X_LEG_2,15.31,15.20,-4.90,1,1561,1641,SE
1174477.373,X_LEG_2,15.31,15.20,-4.90,1,1561,1641,SE
1174477.394,X_LEG_2,15.31,15.20,-4.90,1,1561,1641,SE
1174477.414,X_LEG_2,15.31,15.20,-4.90,1,1561,1641,SE
1174477.435,X_LEG_2,15.31,15.20,-4.90,1,1561,1641,SE
1174477.456,X_LEG_2,15.31,15.14,-4.04,1,1561,1641,SE
1174477.476,X_LEG_2,15.31,15.14,-4.04,1,1561,1641,SE
1174477.497,X_LEG_2,15.31,15.14,-4.04,1,1561,1641,SE
1174477.517,X_LEG_2,15.31,15.14,-4.04,1,1561,1641,SE
1174477.537,X_LEG_2,15.31,15.14,-4.04,1,1561,1641,SE
1174477.558,X_LEG_2,15.32,15.09,-4.20,1,1560,1641,SE
1174477.578,X_LEG_2,15.32,15.09,-4.20,1,1560,1641,SE
1174477.599,X_LEG_2,15.32,15.09,-4.20,1,1560,1641,SE
1174477.619,X_LEG_2,15.32,15.09,-4.20,1,1560,1641,SE
1174477.640,X_LEG_2,15.32,15.09,-4.20,1,1560,1641,SE
1174477.661,X_LEG_2,15.32,15.04,-4.37,1,1560,1641,SE
1174477.681,X_LEG_2,15.32,15.04,-4.37,1,1560,1641,SE
1174477.702,X_LEG_2,15.32,15.04,-4.37,1,1560,1641,SE
1174477.722,X_LEG_2,15.32,15.04,-4.37,1,1560,1641,SE
1174477.743,X_LEG_2,15.32,15.04,-4.37,1,1560,1641,SE
1174477.763,X_LEG_2,15.31,14.99,-4.53,1,1560,1641,SE
1174477.783,X_LEG_2,15.31,14.99,-4.53,1,1560,1641,SE
1174477.804,X_LEG_2,15.31,14.99,-4.53,1,1560,1641,SE
1174477.825,X_LEG_2,15.31,14.99,-4.53,1,1560,1641,SE
1174477.845,X_LEG_2,15.31,14.99,-4.53,1,1560,1641,SE
1174477.865,X_LEG_2,15.31,14.94,-4.70,1,1560,1641,SE
1174477.886,X_LEG_2,15.31,14.94,-4.70,1,1560,1641,SE
1174477.906,X_LEG_2,15.31,14.94,-4.70,1,1560,1641,SE
1174477.927,X_LEG_2,15.31,14.94,-4.70,1,1560,1641,SE
1174477.947,X_LEG_2,15.31,14.94,-4.70,1,1560,1641,SE
1174477.968,X_LEG_2,15.31,14.88,-4.87,1,1560,1641,SE
1174477.988,X_LEG_2,15.31,14.88,-4.87,1,1560,1641,SE
1174478.008,X_LEG_2,15.31,14.88,-4.87,1,1560,1641,SE
1174478.029,X_LEG_2,15.31,14.88,-4.87,1,1560,1641,SE
1174478.049,X_LEG_2,15.31,14.88,-4.87,1,1560,1641,SE
1174478.070,X_LEG_2,15.30,14.83,-5.02,1,1559,1641,SE
1174478.091,X_LEG_2,15.30,14.83,-5.02,1,1559,1641,SE
1174478.111,X_LEG_2,15.30,14.83,-5.02,1,1559,1641,SE
1174478.131,X_LEG_2,15.30,14.83,-5.02,1,1559,1641,SE
1174478.151,X_LEG_2,15.30,14.83,-5.02,1,1559,1641,SE
1174478.172,X_LEG_2,15.30,14.83,-5.02,1,1559,1641,SE
1174478.192,X_LEG_2,15.30,14.83,-5.02,1,1559,1641,SE
1174478.213,X_LEG_2,15.30,14.83,-5.02,1,1559,1641,SE
1174478.233,X_LEG_2,15.30,14.83,-5.02,1,1559,1641,SE
1174478.254,X_LEG_2,15.30,14.83,-5.02,1,1559,1641,SE
1174478.274,X_LEG_2,15.30,14.78,-5.19,1,1559,1641,SE
1174478.296,X_LEG_2,15.30,14.78,-5.19,1,1559,1641,SE
1174478.317,X_LEG_2,15.30,14.78,-5.19,1,1559,1641,SE
1174478.337,X_LEG_2,15.30,14.78,-5.19,1,1559,1641,SE
1174478.358,X_LEG_2,15.30,14.78,-5.19,1,1559,1641,SE
1174478.378,X_LEG_2,15.29,14.73,-5.36,1,1559,1641,SE
1174478.399,X_LEG_2,15.29,14.73,-5.36,1,1559,1641,SE
1174478.419,X_LEG_2,15.29,14.73,-5.36,1,1559,1641,SE
1174478.441,X_LEG_2,15.29,14.73,-5.36,1,1559,1641,SE
1174478.464,X_LEG_2,15.29,14.73,-5.36,1,1559,1641,SE
1174478.484,X_LEG_2,15.28,14.68,-4.53,1,1559,1641,SE
1174478.505,X_LEG_2,15.28,14.68,-4.53,1,1559,1641,SE
1174478.525,X_LEG_2,15.28,14.68,-4.53,1,1559,1641,SE
1174478.546,X_LEG_2,15.28,14.68,-4.53,1,1559,1641,SE
1174478.566,X_LEG_2,15.28,14.68,-4.53,1,1559,1641,SE
1174478.587,X_LEG_2,15.28,14.64,-4.64,1,1559,1641,SE
1174478.608,X_LEG_2,15.28,14.64,-4.64,1,1559,1641,SE
1174478.628,X_LEG_2,15.28,14.64,-4.64,1,1559,1641,SE
1174478.648,X_LEG_2,15.28,14.64,-4.64,1,1559,1641,SE
1174478.669,X_LEG_2,15.28,14.64,-4.64,1,1559,1641,SE
1174478.689,X_LEG_2,15.27,14.60,-4.75,1,1558,1641,SE
1174478.710,X_LEG_2,15.27,14.60,-4.75,1,1558,1641,SE
1174478.730,X_LEG_2,15.27,14.60,-4.75,1,1558,1641,SE
1174478.750,X_LEG_2,15.27,14.60,-4.75,1,1558,1641,SE
1174478.771,X_LEG_2,15.27,14.60,-4.75,1,1558,1641,SE
1174478.792,X_LEG_2,15.27,14.60,-4.75,1,1558,1641,SE
1174478.813,X_LEG_2,15.27,14.60,-4.75,1,1558,1641,SE
1174478.833,X_LEG_2,15.27,14.60,-4.75,1,1558,1641,SE
1174478.854,X_LEG_2,15.27,14.60,-4.75,1,1558,1641,SE
1174478.875,X_LEG_2,15.27,14.60,-4.75,1,1558,1641,SE
1174478.895,X_LEG_2,15.26,14.56,-4.89,1,1558,1641,SE
1174478.915,X_LEG_2,15.26,14.56,-4.89,1,1558,1641,SE
1174478.936,X_LEG_2,15.26,14.56,-4.89,1,1558,1641,SE
1174478.957,X_LEG_2,15.26,14.56,-4.89,1,1558,1641,SE
1174478.977,X_LEG_2,15.26,14.56,-4.89,1,1558,1641,SE
1174478.998,X_LEG_2,15.25,14.50,-5.05,1,1558,1641,SE
1174479.019,X_LEG_2,15.25,14.50,-5.05,1,1558,1641,SE
1174479.039,X_LEG_2,15.25,14.50,-5.05,1,1558,1641,SE
1174479.061,X_LEG_2,15.25,14.50,-5.05,1,1558,1641,SE
1174479.081,X_LEG_2,15.25,14.50,-5.05,1,1558,1641,SE
1174479.102,X_LEG_2,15.23,14.45,-4.23,1,1558,1641,SE
1174479.123,X_LEG_2,15.23,14.45,-4.23,1,1558,1641,SE
1174479.143,X_LEG_2,15.23,14.45,-4.23,1,1558,1641,SE
1174479.164,X_LEG_2,15.23,14.45,-4.23,1,1558,1641,SE
1174479.185,X_LEG_2,15.23,14.45,-4.23,1,1558,1641,SE
1174479.205,X_LEG_2,15.23,14.45,-4.23,1,1558,1641,SE
1174479.225,X_LEG_2,15.23,14.45,-4.23,1,1558,1641,SE
1174479.246,X_LEG_2,15.23,14.45,-4.23,1,1558,1641,SE
1174479.266,X_LEG_2,15.23,14.45,-4.23,1,1558,1641,SE
1174479.287,X_LEG_2,15.23,14.45,-4.23,1,1558,1641,SE
1174479.308,X_LEG_2,15.22,14.41,-4.37,1,1558,1641,SE
1174479.328,X_LEG_2,15.22,14.41,-4.37,1,1558,1641,SE
1174479.349,X_LEG_2,15.22,14.41,-4.37,1,1558,1641,SE
1174479.370,X_LEG_2,15.22,14.41,-4.37,1,1558,1641,SE
1174479.390,X_LEG_2,15.22,14.41,-4.37,1,1558,1641,SE
1174479.410,X_LEG_2,15.20,14.36,-4.55,1,1557,1641,SE
1174479.430,X_LEG_2,15.20,14.36,-4.55,1,1557,1641,SE
1174479.451,X_LEG_2,15.20,14.36,-4.55,1,1557,1641,SE
1174479.471,X_LEG_2,15.20,14.36,-4.55,1,1557,1641,SE
1174479.492,X_LEG_2,15.20,14.36,-4.55,1,1557,1641,SE
1174479.513,X_LEG_2,15.19,14.31,-4.71,1,1557,1641,SE
1174479.533,X_LEG_2,15.19,14.31,-4.71,1,1557,1641,SE
1174479.554,X_LEG_2,15.19,14.31,-4.71,1,1557,1641,SE
1174479.575,X_LEG_2,15.19,14.31,-4.71,1,1557,1641,SE
1174479.595,X_LEG_2,15.19,14.31,-4.71,1,1557,1641,SE
1174479.615,X_LEG_2,15.19,14.31,-4.71,1,1557,1641,SE
1174479.636,X_LEG_2,15.19,14.31,-4.71,1,1557,1641,SE
1174479.656,X_LEG_2,15.19,14.31,-4.71,1,1557,1641,SE
1174479.676,X_LEG_2,15.19,14.31,-4.71,1,1557,1641,SE
1174479.697,X_LEG_2,15.19,14.31,-4.71,1,1557,1641,SE
1174479.719,X_LEG_2,15.17,14.26,-4.86,1,1557,1641,SE
1174479.740,X_LEG_2,15.17,14.26,-4.86,1,1557,1641,SE
1174479.760,X_LEG_2,15.17,14.26,-4.86,1,1557,1641,SE
1174479.781,X_LEG_2,15.17,14.26,-4.86,1,1557,1641,SE
1174479.801,X_LEG_2,15.17,14.26,-4.86,1,1557,1641,SE
1174479.822,X_LEG_2,15.15,14.22,-5.05,1,1557,1641,SE
1174479.843,X_LEG_2,15.15,14.22,-5.05,1,1557,1641,SE
1174479.864,X_LEG_2,15.15,14.22,-5.05,1,1557,1641,SE
1174479.884,X_LEG_2,15.15,14.22,-5.05,1,1557,1641,SE
1174479.904,X_LEG_2,15.15,14.22,-5.05,1,1557,1641,SE
1174479.925,X_LEG_2,15.13,14.17,-5.17,1,1557,1641,SE
1174479.945,X_LEG_2,15.13,14.17,-5.17,1,1557,1641,SE
1174479.966,X_LEG_2,15.13,14.17,-5.17,1,1557,1641,SE
1174479.986,X_LEG_2,15.13,14.17,-5.17,1,1557,1641,SE
1174480.007,X_LEG_2,15.13,14.17,-5.17,1,1557,1641,SE
1174480.028,X_LEG_2,15.13,14.17,-5.17,1,1557,1641,SE
1174480.048,X_LEG_2,15.13,14.17,-5.17,1,1557,1641,SE
1174480.069,X_LEG_2,15.13,14.17,-5.17,1,1557,1641,SE
1174480.089,X_LEG_2,15.13,14.17,-5.17,1,1557,1641,SE
1174480.110,X_LEG_2,15.13,14.17,-5.17,1,1557,1641,SE
1174480.130,X_LEG_2,15.11,14.12,-5.36,1,1556,1641,SE
1174480.151,X_LEG_2,15.11,14.12,-5.36,1,1556,1641,SE
1174480.171,X_LEG_2,15.11,14.12,-5.36,1,1556,1641,SE
1174480.192,X_LEG_2,15.11,14.12,-5.36,1,1556,1641,SE
1174480.212,X_LEG_2,15.11,14.12,-5.36,1,1556,1641,SE
1174480.233,X_LEG_2,15.08,14.08,-5.51,1,1556,1641,SE
1174480.254,X_LEG_2,15.08,14.08,-5.51,1,1556,1641,SE
1174480.274,X_LEG_2,15.08,14.08,-5.51,1,1556,1641,SE
1174480.294,X_LEG_2,15.08,14.08,-5.51,1,1556,1641,SE
1174480.314,X_LEG_2,15.08,14.08,-5.51,1,1556,1641,SE
1174480.334,X_LEG_2,15.06,14.03,-4.65,1,1556,1641,SE
1174480.355,X_LEG_2,15.06,14.03,-4.65,1,1556,1641,SE
1174480.375,X_LEG_2,15.06,14.03,-4.65,1,1556,1641,SE
1174480.396,X_LEG_2,15.06,14.03,-4.65,1,1556,1641,SE
1174480.416,X_LEG_2,15.06,14.03,-4.65,1,1556,1641,SE
1174480.437,X_LEG_2,15.06,14.03,-4.65,1,1556,1641,SE
1174480.457,X_LEG_2,15.06,14.03,-4.65,1,1556,1641,SE
1174480.478,X_LEG_2,15.06,14.03,-4.65,1,1556,1641,SE
1174480.498,X_LEG_2,15.06,14.03,-4.65,1,1556,1641,SE
1174480.519,X_LEG_2,15.06,14.03,-4.65,1,1556,1641,SE
1174480.539,X_LEG_2,15.03,13.98,-4.84,1,1556,1641,SE
1174480.560,X_LEG_2,15.03,13.98,-4.84,1,1556,1641,SE
1174480.581,X_LEG_2,15.03,13.98,-4.84,1,1556,1641,SE
1174480.601,X_LEG_2,15.03,13.98,-4.84,1,1556,1641,SE
1174480.622,X_LEG_2,15.03,13.98,-4.84,1,1556,1641,SE
1174480.642,X_LEG_2,15.01,13.94,-4.99,1,1556,1641,SE
1174480.663,X_LEG_2,15.01,13.94,-4.99,1,1556,1641,SE
1174480.683,X_LEG_2,15.01,13.94,-4.99,1,1556,1641,SE
1174480.704,X_LEG_2,15.01,13.94,-4.99,1,1556,1641,SE
1174480.724,X_LEG_2,15.01,13.94,-4.99,1,1556,1641,SE
1174480.744,X_LEG_2,14.98,13.89,-5.13,1,1556,1641,SE
1174480.764,X_LEG_2,14.98,13.89,-5.13,1,1556,1641,SE
1174480.785,X_LEG_2,14.98,13.89,-5.13,1,1556,1641,SE
1174480.806,X_LEG_2,14.98,13.89,-5.13,1,1556,1641,SE
1174480.826,X_LEG_2,14.98,13.89,-5.13,1,1556,1641,SE
1174480.847,X_LEG_2,14.98,13.89,-5.13,1,1556,1641,SE
1174480.867,X_LEG_2,14.98,13.89,-5.13,1,1556,1641,SE
1174480.887,X_LEG_2,14.98,13.89,-5.13,1,1556,1641,SE
1174480.908,X_LEG_2,14.98,13.89,-5.13,1,1556,1641,SE
1174480.928,X_LEG_2,14.98,13.89,-5.13,1,1556,1641,SE
1174480.949,X_LEG_2,14.95,13.85,-4.28,1,1555,1641,SE
1174480.970,X_LEG_2,14.95,13.85,-4.28,1,1555,1641,SE
1174480.991,X_LEG_2,14.95,13.85,-4.28,1,1555,1641,SE
1174481.011,X_LEG_2,14.95,13.85,-4.28,1,1555,1641,SE
1174481.033,X_LEG_2,14.95,13.85,-4.28,1,1555,1641,SE
1174481.053,X_LEG_2,14.92,13.79,-4.46,1,1555,1641,SE
1174481.074,X_LEG_2,14.92,13.79,-4.46,1,1555,1641,SE
1174481.095,X_LEG_2,14.92,13.79,-4.46,1,1555,1641,SE
1174481.115,X_LEG_2,14.92,13.79,-4.46,1,1555,1641,SE
1174481.136,X_LEG_2,14.92,13.79,-4.46,1,1555,1641,SE
1174481.156,X_LEG_2,14.89,13.75,-4.62,1,1555,1641,SE
1174481.177,X_LEG_2,14.89,13.75,-4.62,1,1555,1641,SE
1174481.197,X_LEG_2,14.89,13.75,-4.62,1,1555,1641,SE
1174481.217,X_LEG_2,14.89,13.75,-4.62,1,1555,1641,SE
1174481.238,X_LEG_2,14.89,13.75,-4.62,1,1555,1641,SE
1174481.258,X_LEG_2,14.86,13.70,-4.75,1,1555,1641,SE
1174481.278,X_LEG_2,14.86,13.70,-4.75,1,1555,1641,SE
1174481.299,X_LEG_2,14.86,13.70,-4.75,1,1555,1641,SE
1174481.319,X_LEG_2,14.86,13.70,-4.75,1,1555,1641,SE
1174481.339,X_LEG_2,14.86,13.70,-4.75,1,1555,1641,SE
1174481.360,X_LEG_2,14.86,13.70,-4.75,1,1555,1641,SE
1174481.380,X_LEG_2,14.86,13.70,-4.75,1,1555,1641,SE
1174481.401,X_LEG_2,14.86,13.70,-4.75,1,1555,1641,SE
1174481.422,X_LEG_2,14.86,13.70,-4.75,1,1555,1641,SE
1174481.442,X_LEG_2,14.86,13.70,-4.75,1,1555,1641,SE
1174481.462,X_LEG_2,14.82,13.66,-4.92,1,1555,1641,SE
1174481.483,X_LEG_2,14.82,13.66,-4.92,1,1555,1641,SE
1174481.503,X_LEG_2,14.82,13.66,-4.92,1,1555,1641,SE
1174481.523,X_LEG_2,14.82,13.66,-4.92,1,1555,1641,SE
1174481.544,X_LEG_2,14.82,13.66,-4.92,1,1555,1641,SE
1174481.565,X_LEG_2,14.79,13.62,-4.08,1,1554,1641,SE
1174481.585,X_LEG_2,14.79,13.62,-4.08,1,1554,1641,SE
1174481.606,X_LEG_2,14.79,13.62,-4.08,1,1554,1641,SE
1174481.627,X_LEG_2,14.79,13.62,-4.08,1,1554,1641,SE
1174481.648,X_LEG_2,14.79,13.62,-4.08,1,1554,1641,SE
1174481.668,X_LEG_2,14.75,13.58,-4.22,1,1554,1641,SE
1174481.688,X_LEG_2,14.75,13.58,-4.22,1,1554,1641,SE
1174481.709,X_LEG_2,14.75,13.58,-4.22,1,1554,1641,SE
1174481.729,X_LEG_2,14.75,13.58,-4.22,1,1554,1641,SE
1174481.750,X_LEG_2,14.75,13.58,-4.22,1,1554,1641,SE
1174481.770,X_LEG_2,14.71,13.54,-4.38,1,1554,1641,SE
1174481.791,X_LEG_2,14.71,13.54,-4.38,1,1554,1641,SE
1174481.811,X_LEG_2,14.71,13.54,-4.38,1,1554,1641,SE
1174481.831,X_LEG_2,14.71,13.54,-4.38,1,1554,1641,SE
1174481.852,X_LEG_2,14.71,13.54,-4.38,1,1554,1641,SE
1174481.872,X_LEG_2,14.67,13.49,-4.53,1,1554,1641,SE
1174481.894,X_LEG_2,14.67,13.49,-4.53,1,1554,1641,SE
1174481.915,X_LEG_2,14.67,13.49,-4.53,1,1554,1641,SE
1174481.935,X_LEG_2,14.67,13.49,-4.53,1,1554,1641,SE
1174481.956,X_LEG_2,14.67,13.49,-4.53,1,1554,1641,SE
1174481.977,X_LEG_2,14.67,13.49,-4.53,1,1554,1641,SE
1174481.998,X_LEG_2,14.67,13.49,-4.53,1,1554,1641,SE
1174482.018,X_LEG_2,14.67,13.49,-4.53,1,1554,1641,SE
1174482.038,X_LEG_2,14.67,13.49,-4.53,1,1554,1641,SE
1174482.059,X_LEG_2,14.67,13.49,-4.53,1,1554,1641,SE
1174482.079,X_LEG_2,14.64,13.45,-3.69,1,1554,1642,SE
1174482.100,X_LEG_2,14.64,13.45,-3.69,1,1554,1642,SE
1174482.120,X_LEG_2,14.64,13.45,-3.69,1,1554,1642,SE
1174482.141,X_LEG_2,14.64,13.45,-3.69,1,1554,1642,SE
1174482.161,X_LEG_2,14.64,13.45,-3.69,1,1554,1642,SE
1174482.182,X_LEG_2,14.61,13.42,-3.79,1,1554,1642,SE
1174482.202,X_LEG_2,14.61,13.42,-3.79,1,1554,1642,SE
1174482.223,X_LEG_2,14.61,13.42,-3.79,1,1554,1642,SE
1174482.243,X_LEG_2,14.61,13.42,-3.79,1,1554,1642,SE
1174482.264,X_LEG_2,14.61,13.42,-3.79,1,1554,1642,SE
1174482.285,X_LEG_2,14.58,13.39,-3.92,1,1554,1642,SE
1174482.306,X_LEG_2,14.58,13.39,-3.92,1,1554,1642,SE
1174482.326,X_LEG_2,14.58,13.39,-3.92,1,1554,1642,SE
1174482.347,X_LEG_2,14.58,13.39,-3.92,1,1554,1642,SE
1174482.367,X_LEG_2,14.58,13.39,-3.92,1,1554,1642,SE
1174482.388,X_LEG_2,14.54,13.35,-4.03,1,1553,1642,SE
1174482.409,X_LEG_2,14.54,13.35,-4.03,1,1553,1642,SE
1174482.429,X_LEG_2,14.54,13.35,-4.03,1,1553,1642,SE
1174482.450,X_LEG_2,14.54,13.35,-4.03,1,1553,1642,SE
1174482.470,X_LEG_2,14.54,13.35,-4.03,1,1553,1642,SE
1174482.491,X_LEG_2,14.49,13.31,-4.20,1,1553,1642,SE
1174482.511,X_LEG_2,14.49,13.31,-4.20,1,1553,1642,SE
1174482.531,X_LEG_2,14.49,13.31,-4.20,1,1553,1642,SE
1174482.552,X_LEG_2,14.49,13.31,-4.20,1,1553,1642,SE
1174482.572,X_LEG_2,14.49,13.31,-4.20,1,1553,1642,SE
1174482.593,X_LEG_2,14.49,13.31,-4.20,1,1553,1642,SE
1174482.613,X_LEG_2,14.49,13.31,-4.20,1,1553,1642,SE
1174482.634,X_LEG_2,14.49,13.31,-4.20,1,1553,1642,SE
1174482.654,X_LEG_2,14.49,13.31,-4.20,1,1553,1642,SE
1174482.675,X_LEG_2,14.49,13.31,-4.20,1,1553,1642,SE
1174482.695,X_LEG_2,14.45,13.26,-4.34,1,1553,1642,SE
1174482.716,X_LEG_2,14.45,13.26,-4.34,1,1553,1642,SE
1174482.737,X_LEG_2,14.45,13.26,-4.34,1,1553,1642,SE
1174482.757,X_LEG_2,14.45,13.26,-4.34,1,1553,1642,SE
1174482.777,X_LEG_2,14.45,13.26,-4.34,1,1553,1642,SE
1174482.797,X_LEG_2,14.40,13.22,-4.52,1,1553,1642,SE
1174482.818,X_LEG_2,14.40,13.22,-4.52,1,1553,1642,SE
1174482.838,X_LEG_2,14.40,13.22,-4.52,1,1553,1642,SE
1174482.859,X_LEG_2,14.40,13.22,-4.52,1,1553,1642,SE
1174482.880,X_LEG_2,14.40,13.22,-4.52,1,1553,1642,SE
1174482.901,X_LEG_2,14.36,13.17,-4.67,1,1553,1642,SE
1174482.921,X_LEG_2,14.36,13.17,-4.67,1,1553,1642,SE
1174482.941,X_LEG_2,14.36,13.17,-4.67,1,1553,1642,SE
1174482.961,X_LEG_2,14.36,13.17,-4.67,1,1553,1642,SE
1174482.982,X_LEG_2,14.36,13.17,-4.67,1,1553,1642,SE
1174483.003,X_LEG_2,14.31,13.14,-4.80,1,1553,1643,SE
1174483.023,X_LEG_2,14.31,13.14,-4.80,1,1553,1643,SE
1174483.043,X_LEG_2,14.31,13.14,-4.80,1,1553,1643,SE
1174483.063,X_LEG_2,14.31,13.14,-4.80,1,1553,1643,SE
1174483.084,X_LEG_2,14.31,13.14,-4.80,1,1553,1643,SE
1174483.104,X_LEG_2,14.31,13.14,-4.80,1,1553,1643,SE
1174483.125,X_LEG_2,14.31,13.14,-4.80,1,1553,1643,SE
1174483.146,X_LEG_2,14.31,13.14,-4.80,1,1553,1643,SE
1174483.166,X_LEG_2,14.31,13.14,-4.80,1,1553,1643,SE
1174483.187,X_LEG_2,14.31,13.14,-4.80,1,1553,1643,SE
1174483.207,X_LEG_2,14.26,13.09,-3.96,1,1552,1643,SE
1174483.227,X_LEG_2,14.26,13.09,-3.96,1,1552,1643,SE
1174483.248,X_LEG_2,14.26,13.09,-3.96,1,1552,1643,SE
1174483.268,X_LEG_2,14.26,13.09,-3.96,1,1552,1643,SE
1174483.289,X_LEG_2,14.26,13.09,-3.96,1,1552,1643,SE
1174483.309,X_LEG_2,14.21,13.06,-4.13,1,1552,1643,SE
1174483.330,X_LEG_2,14.21,13.06,-4.13,1,1552,1643,SE
1174483.350,X_LEG_2,14.21,13.06,-4.13,1,1552,1643,SE
1174483.370,X_LEG_2,14.21,13.06,-4.13,1,1552,1643,SE
1174483.391,X_LEG_2,14.21,13.06,-4.13,1,1552,1643,SE
1174483.411,X_LEG_2,14.16,13.02,-4.25,1,1552,1643,SE
1174483.432,X_LEG_2,14.16,13.02,-4.25,1,1552,1643,SE
1174483.452,X_LEG_2,14.16,13.02,-4.25,1,1552,1643,SE
1174483.472,X_LEG_2,14.16,13.02,-4.25,1,1552,1643,SE
1174483.493,X_LEG_2,14.16,13.02,-4.25,1,1552,1643,SE
1174483.513,X_LEG_2,14.11,12.97,-4.40,1,1552,1643,SE
1174483.533,X_LEG_2,14.11,12.97,-4.40,1,1552,1643,SE
1174483.554,X_LEG_2,14.11,12.97,-4.40,1,1552,1643,SE
1174483.574,X_LEG_2,14.11,12.97,-4.40,1,1552,1643,SE
1174483.595,X_LEG_2,14.11,12.97,-4.40,1,1552,1643,SE
1174483.615,X_LEG_2,14.05,12.93,-4.58,1,1552,1643,SE
1174483.636,X_LEG_2,14.05,12.93,-4.58,1,1552,1643,SE
1174483.656,X_LEG_2,14.05,12.93,-4.58,1,1552,1643,SE
1174483.677,X_LEG_2,14.05,12.93,-4.58,1,1552,1643,SE
1174483.698,X_LEG_2,14.05,12.93,-4.58,1,1552,1643,SE
1174483.718,X_LEG_2,14.05,12.93,-3.58,1,1552,1643,SE
1174483.738,X_LEG_2,14.05,12.93,-3.58,1,1552,1643,SE
1174483.759,X_LEG_2,14.05,12.93,-3.58,1,1552,1643,SE
1174483.779,X_LEG_2,14.05,12.93,-3.58,1,1552,1643,SE
1174483.800,X_LEG_2,14.05,12.93,-3.58,1,1552,1643,SE
1174483.820,X_LEG_2,14.00,12.89,-3.70,1,1552,1644,SE
1174483.841,X_LEG_2,14.00,12.89,-3.70,1,1552,1644,SE
1174483.861,X_LEG_2,14.00,12.89,-3.70,1,1552,1644,SE
1174483.882,X_LEG_2,14.00,12.89,-3.70,1,1552,1644,SE
1174483.902,X_LEG_2,14.00,12.89,-3.70,1,1552,1644,SE
1174483.923,X_LEG_2,13.94,12.85,-3.88,1,1551,1644,SE
1174483.943,X_LEG_2,13.94,12.85,-3.88,1,1551,1644,SE
1174483.963,X_LEG_2,13.94,12.85,-3.88,1,1551,1644,SE
1174483.984,X_LEG_2,13.94,12.85,-3.88,1,1551,1644,SE
1174484.004,X_LEG_2,13.94,12.85,-3.88,1,1551,1644,SE
1174484.028,X_LEG_2,13.89,12.81,-4.00,1,1551,1644,SE
1174484.048,X_LEG_2,13.89,12.81,-4.00,1,1551,1644,SE
1174484.071,X_LEG_2,13.89,12.81,-4.00,1,1551,1644,SE
1174484.091,X_LEG_2,13.89,12.81,-4.00,1,1551,1644,SE
1174484.112,X_LEG_2,13.89,12.81,-4.00,1,1551,1644,SE
1174484.132,X_LEG_2,13.83,12.77,-4.18,1,1551,1644,SE
1174484.152,X_LEG_2,13.83,12.77,-4.18,1,1551,1644,SE
1174484.173,X_LEG_2,13.83,12.77,-4.18,1,1551,1644,SE
1174484.195,X_LEG_2,13.83,12.77,-4.18,1,1551,1644,SE
1174484.215,X_LEG_2,13.83,12.77,-4.18,1,1551,1644,SE
1174484.236,X_LEG_2,13.77,12.74,-4.30,1,1551,1644,SE
1174484.256,X_LEG_2,13.77,12.74,-4.30,1,1551,1644,SE
1174484.276,X_LEG_2,13.77,12.74,-4.30,1,1551,1644,SE
1174484.297,X_LEG_2,13.77,12.74,-4.30,1,1551,1644,SE
1174484.317,X_LEG_2,13.77,12.74,-4.30,1,1551,1644,SE
1174484.338,X_LEG_2,13.77,12.74,-4.30,1,1551,1644,SE
1174484.358,X_LEG_2,13.77,12.74,-4.30,1,1551,1644,SE
1174484.379,X_LEG_2,13.77,12.74,-4.30,1,1551,1644,SE
1174484.400,X_LEG_2,13.77,12.74,-4.30,1,1551,1644,SE
1174484.420,X_LEG_2,13.77,12.74,-4.30,1,1551,1644,SE
1174484.440,X_LEG_2,13.71,12.70,-4.43,1,1551,1644,SE
1174484.461,X_LEG_2,13.71,12.70,-4.43,1,1551,1644,SE
1174484.482,X_LEG_2,13.71,12.70,-4.43,1,1551,1644,SE
1174484.502,X_LEG_2,13.71,12.70,-4.43,1,1551,1644,SE
1174484.522,X_LEG_2,13.71,12.70,-4.43,1,1551,1644,SE
1174484.543,X_LEG_2,13.65,12.66,-4.61,1,1551,1645,SE
1174484.564,X_LEG_2,13.65,12.66,-4.61,1,1551,1645,SE
1174484.584,X_LEG_2,13.65,12.66,-4.61,1,1551,1645,SE
1174484.605,X_LEG_2,13.65,12.66,-4.61,1,1551,1645,SE
1174484.625,X_LEG_2,13.65,12.66,-4.61,1,1551,1645,SE
1174484.645,X_LEG_2,13.59,12.62,-4.74,1,1550,1645,SE
1174484.666,X_LEG_2,13.59,12.62,-4.74,1,1550,1645,SE
1174484.686,X_LEG_2,13.59,12.62,-4.74,1,1550,1645,SE
1174484.706,X_LEG_2,13.59,12.62,-4.74,1,1550,1645,SE
1174484.727,X_LEG_2,13.59,12.62,-4.74,1,1550,1645,SE
1174484.747,X_LEG_2,13.52,12.59,-4.88,1,1550,1645,SE
1174484.768,X_LEG_2,13.52,12.59,-4.88,1,1550,1645,SE
1174484.788,X_LEG_2,13.52,12.59,-4.88,1,1550,1645,SE
1174484.809,X_LEG_2,13.52,12.59,-4.88,1,1550,1645,SE
1174484.829,X_LEG_2,13.52,12.59,-4.88,1,1550,1645,SE
1174484.851,X_LEG_2,13.52,12.59,-3.88,1,1550,1645,SE
1174484.871,X_LEG_2,13.52,12.59,-3.88,1,1550,1645,SE
1174484.892,X_LEG_3,13.52,72.74,-170.89,0,1500,1645,NW
1174484.912,X_LEG_3,13.52,72.74,-170.89,0,1500,1645,NW
1174484.933,X_LEG_3,13.52,72.74,-170.89,0,1500,1645,NW
1174484.954,X_LEG_3,13.46,72.80,-170.87,0,1500,1645,NW
1174484.974,X_LEG_3,13.46,72.80,-170.87,0,1500,1645,NW
1174484.995,X_LEG_3,13.46,72.80,-170.87,0,1500,1645,NW
1174485.015,X_LEG_3,13.46,72.80,-170.87,0,1500,1645,NW
1174485.036,X_LEG_3,13.46,72.80,-170.87,0,1500,1645,NW
1174485.056,X_LEG_3,13.39,72.83,-170.85,0,1500,1645,NW
1174485.076,X_LEG_3,13.39,72.83,-170.85,0,1500,1645,NW
1174485.097,X_LEG_3,13.39,72.83,-170.85,0,1500,1645,NW
1174485.117,X_LEG_3,13.39,72.83,-170.85,0,1500,1645,NW
1174485.137,X_LEG_3,13.39,72.83,-170.85,0,1500,1645,NW
1174485.158,X_LEG_3,13.33,72.88,-170.84,0,1500,1646,NW
1174485.179,X_LEG_3,13.33,72.88,-170.84,0,1500,1646,NW
1174485.199,X_LEG_3,13.33,72.88,-170.84,0,1500,1646,NW
1174485.220,X_LEG_3,13.33,72.88,-170.84,0,1500,1646,NW
1174485.241,X_LEG_3,13.33,72.88,-170.84,0,1500,1646,NW
1174485.262,X_LEG_3,13.27,72.92,-170.82,0,1500,1646,NW
1174485.282,X_LEG_3,13.27,72.92,-170.82,0,1500,1646,NW
1174485.303,X_LEG_3,13.27,72.92,-170.82,0,1500,1646,NW
1174485.323,X_LEG_3,13.27,72.92,-170.82,0,1500,1646,NW
1174485.344,X_LEG_3,13.27,72.92,-170.82,0,1500,1646,NW
1174485.366,X_LEG_3,13.20,72.97,-161.80,0,1500,1646,NW
1174485.386,X_LEG_3,13.20,72.97,-161.80,0,1500,1646,NW
1174485.407,X_LEG_3,13.20,72.97,-161.80,0,1500,1646,NW
1174485.428,X_LEG_3,13.20,72.97,-161.80,0,1500,1646,NW
1174485.448,X_LEG_3,13.20,72.97,-161.80,0,1500,1646,NW
1174485.469,X_LEG_3,13.15,73.01,-161.79,0,1500,1646,NW
1174485.489,X_LEG_3,13.15,73.01,-161.79,0,1500,1646,NW
1174485.509,X_LEG_3,13.15,73.01,-161.79,0,1500,1646,NW
1174485.530,X_LEG_3,13.15,73.01,-161.79,0,1500,1646,NW
1174485.551,X_LEG_3,13.15,73.01,-161.79,0,1500,1646,NW
1174485.571,X_LEG_3,13.15,73.01,-161.79,0,1500,1646,NW
1174485.591,X_LEG_3,13.15,73.01,-161.79,0,1500,1646,NW
1174485.612,X_LEG_3,13.15,73.01,-161.79,0,1500,1646,NW
1174485.632,X_LEG_3,13.15,73.01,-161.79,0,1500,1646,NW
1174485.652,X_LEG_3,13.15,73.01,-161.79,0,1500,1646,NW
1174485.673,X_LEG_3,13.09,73.06,-161.77,0,1500,1646,NW
1174485.694,X_LEG_3,13.09,73.06,-161.77,0,1500,1646,NW
1174485.715,X_LEG_3,13.09,73.06,-161.77,0,1500,1646,NW
1174485.735,X_LEG_3,13.09,73.06,-161.77,0,1500,1646,NW
1174485.755,X_LEG_3,13.09,73.06,-161.77,0,1500,1646,NW
1174485.775,X_LEG_3,13.03,73.10,-161.75,0,1500,1646,NW
1174485.796,X_LEG_3,13.03,73.10,-161.75,0,1500,1646,NW
1174485.816,X_LEG_3,13.03,73.10,-161.75,0,1500,1646,NW
1174485.837,X_LEG_3,13.03,73.10,-161.75,0,1500,1646,NW
1174485.858,X_LEG_3,13.03,73.10,-161.75,0,1500,1646,NW
1174485.878,X_LEG_3,12.97,73.14,-125.74,0,1500,1647,NW
1174485.898,X_LEG_3,12.97,73.14,-125.74,0,1500,1647,NW
1174485.919,X_LEG_3,12.97,73.14,-125.74,0,1500,1647,NW
1174485.939,X_LEG_3,12.97,73.14,-125.74,0,1500,1647,NW
1174485.960,X_LEG_3,12.97,73.14,-125.74,0,1500,1647,NW
1174485.980,X_LEG_3,12.91,73.18,-125.72,0,1500,1647,NW
1174486.000,X_LEG_3,12.91,73.18,-125.72,0,1500,1647,NW
1174486.021,X_LEG_3,12.91,73.18,-125.72,0,1500,1647,NW
1174486.042,X_LEG_3,12.91,73.18,-125.72,0,1500,1647,NW
1174486.062,X_LEG_3,12.91,73.18,-125.72,0,1500,1647,NW
1174486.083,X_LEG_3,12.85,73.22,-125.71,0,1500,1647,NW
1174486.104,X_LEG_3,12.85,73.22,-125.71,0,1500,1647,NW
1174486.124,X_LEG_3,12.85,73.22,-125.71,0,1500,1647,NW
1174486.145,X_LEG_3,12.85,73.22,-125.71,0,1500,1647,NW
1174486.165,X_LEG_3,12.85,73.22,-125.71,0,1500,1647,NW
1174486.186,X_LEG_3,12.79,73.26,-125.69,0,1500,1647,NW
1174486.206,X_LEG_3,12.79,73.26,-125.69,0,1500,1647,NW
1174486.227,X_LEG_3,12.79,73.26,-125.69,0,1500,1647,NW
1174486.248,X_LEG_3,12.79,73.26,-125.69,0,1500,1647,NW
1174486.269,X_LEG_3,12.79,73.26,-125.69,0,1500,1647,NW
1174486.289,X_LEG_3,12.79,73.26,-125.69,0,1500,1647,NW
1174486.309,X_LEG_3,12.79,73.26,-125.69,0,1500,1647,NW
1174486.330,X_LEG_3,12.79,73.26,-125.69,0,1500,1647,NW
1174486.350,X_LEG_3,12.79,73.26,-125.69,0,1500,1647,NW
1174486.371,X_LEG_3,12.79,73.26,-125.69,0,1500,1647,NW
1174486.391,X_LEG_3,12.73,73.30,-106.68,0,1500,1647,NW
1174486.411,X_LEG_3,12.73,73.30,-106.68,0,1500,1647,NW
1174486.432,X_LEG_3,12.73,73.30,-106.68,0,1500,1647,NW
1174486.452,X_LEG_3,12.73,73.30,-106.68,0,1500,1647,NW
1174486.473,X_LEG_3,12.73,73.30,-106.68,0,1500,1647,NW
1174486.493,X_LEG_3,12.66,73.33,-106.66,0,1500,1648,NW
1174486.514,X_LEG_3,12.66,73.33,-106.66,0,1500,1648,NW
1174486.534,X_LEG_3,12.66,73.33,-106.66,0,1500,1648,NW
1174486.554,X_LEG_3,12.66,73.33,-106.66,0,1500,1648,NW
1174486.574,X_LEG_3,12.66,73.33,-106.66,0,1500,1648,NW
1174486.595,X_LEG_3,12.60,73.38,-106.65,0,1500,1648,NW
1174486.615,X_LEG_3,12.60,73.38,-106.65,0,1500,1648,NW
1174486.636,X_LEG_3,12.60,73.38,-106.65,0,1500,1648,NW
1174486.656,X_LEG_3,12.60,73.38,-106.65,0,1500,1648,NW
1174486.677,X_LEG_3,12.60,73.38,-106.65,0,1500,1648,NW
1174486.697,X_LEG_3,12.54,73.42,-106.63,0,1500,1648,NW
1174486.717,X_LEG_3,12.54,73.42,-106.63,0,1500,1648,NW
1174486.738,X_LEG_3,12.54,73.42,-106.63,0,1500,1648,NW
1174486.758,X_LEG_3,12.54,73.42,-106.63,0,1500,1648,NW
1174486.778,X_LEG_3,12.54,73.42,-106.63,0,1500,1648,NW
1174486.799,X_LEG_3,12.48,73.46,-106.61,0,1500,1648,NW
1174486.820,X_LEG_3,12.48,73.46,-106.61,0,1500,1648,NW
1174486.840,X_LEG_3,12.48,73.46,-106.61,0,1500,1648,NW
1174486.861,X_LEG_3,12.48,73.46,-106.61,0,1500,1648,NW
1174486.881,X_LEG_3,12.48,73.46,-106.61,0,1500,1648,NW
1174486.902,X_LEG_3,12.41,73.49,-76.60,0,1500,1648,NW
1174486.922,X_LEG_3,12.41,73.49,-76.60,0,1500,1648,NW
1174486.942,X_LEG_3,12.41,73.49,-76.60,0,1500,1648,NW
1174486.963,X_LEG_3,12.41,73.49,-76.60,0,1500,1648,NW
1174486.983,X_LEG_3,12.41,73.49,-76.60,0,1500,1648,NW
1174487.004,X_LEG_3,12.35,73.53,-76.59,0,1500,1648,NW
1174487.024,X_LEG_3,12.35,73.53,-76.59,0,1500,1648,NW
1174487.045,X_LEG_3,12.35,73.53,-76.59,0,1500,1648,NW
1174487.065,X_LEG_3,12.35,73.53,-76.59,0,1500,1648,NW
1174487.086,X_LEG_3,12.35,73.53,-76.59,0,1500,1648,NW
1174487.106,X_LEG_3,12.28,73.57,-76.57,0,1500,1649,NW
1174487.127,X_LEG_3,12.28,73.57,-76.57,0,1500,1649,NW
1174487.147,X_LEG_3,12.28,73.57,-76.57,0,1500,1649,NW
1174487.167,X_LEG_3,12.28,73.57,-76.57,0,1500,1649,NW
1174487.188,X_LEG_3,12.28,73.57,-76.57,0,1500,1649,NW
1174487.208,X_LEG_3,12.22,73.61,-76.56,0,1500,1649,NW
1174487.228,X_LEG_3,12.22,73.61,-76.56,0,1500,1649,NW
1174487.249,X_LEG_3,12.22,73.61,-76.56,0,1500,1649,NW
1174487.269,X_LEG_3,12.22,73.61,-76.56,0,1500,1649,NW
1174487.290,X_LEG_3,12.22,73.61,-76.56,0,1500,1649,NW
1174487.311,X_LEG_3,12.15,73.65,-53.54,0,1500,1649,NW
1174487.331,X_LEG_3,12.15,73.65,-53.54,0,1500,1649,NW
1174487.352,X_LEG_3,12.15,73.65,-53.54,0,1500,1649,NW
1174487.372,X_LEG_3,12.15,73.65,-53.54,0,1500,1649,NW
1174487.393,X_LEG_3,12.15,73.65,-53.54,0,1500,1649,NW
1174487.413,X_LEG_3,12.15,73.65,-53.54,0,1500,1649,NW
1174487.433,X_LEG_3,12.15,73.65,-53.54,0,1500,1649,NW
1174487.454,X_LEG_3,12.15,73.65,-53.54,0,1500,1649,NW
1174487.474,X_LEG_3,12.15,73.65,-53.54,0,1500,1649,NW
1174487.495,X_LEG_3,12.15,73.65,-53.54,0,1500,1649,NW
1174487.515,X_LEG_3,12.08,73.68,-53.53,0,1500,1649,NW
1174487.536,X_LEG_3,12.08,73.68,-53.53,0,1500,1649,NW
1174487.556,X_LEG_3,12.08,73.68,-53.53,0,1500,1649,NW
1174487.577,X_LEG_3,12.08,73.68,-53.53,0,1500,1649,NW
1174487.597,X_LEG_3,12.08,73.68,-53.53,0,1500,1649,NW
1174487.617,X_LEG_3,12.01,73.73,-53.52,0,1500,1649,NW
1174487.638,X_LEG_3,12.01,73.73,-53.52,0,1500,1649,NW
1174487.658,X_LEG_3,12.01,73.73,-53.52,0,1500,1649,NW
1174487.680,X_LEG_3,12.01,73.73,-53.52,0,1500,1649,NW
1174487.700,X_LEG_3,12.01,73.73,-53.52,0,1500,1649,NW
1174487.721,X_LEG_3,11.95,73.76,-53.51,0,1500,1650,NW
1174487.741,X_LEG_3,11.95,73.76,-53.51,0,1500,1650,NW
1174487.761,X_LEG_3,11.95,73.76,-53.51,0,1500,1650,NW
1174487.782,X_LEG_3,11.95,73.76,-53.51,0,1500,1650,NW
1174487.802,X_LEG_3,11.95,73.76,-53.51,0,1500,1650,NW
1174487.823,X_LEG_3,11.88,73.79,-30.50,0,1500,1650,NW
1174487.843,X_LEG_3,11.88,73.79,-30.50,0,1500,1650,NW
1174487.864,X_LEG_3,11.88,73.79,-30.50,0,1500,1650,NW
1174487.884,X_LEG_3,11.88,73.79,-30.50,0,1500,1650,NW
1174487.904,X_LEG_3,11.88,73.79,-30.50,0,1500,1650,NW
1174487.925,X_LEG_3,11.81,73.83,-30.48,0,1500,1650,NW
1174487.946,X_LEG_3,11.81,73.83,-30.48,0,1500,1650,NW
1174487.966,X_LEG_3,11.81,73.83,-30.48,0,1500,1650,NW
1174487.986,X_LEG_3,11.81,73.83,-30.48,0,1500,1650,NW
1174488.007,X_LEG_3,11.81,73.83,-30.48,0,1500,1650,NW
1174488.027,X_LEG_3,11.73,73.87,-30.47,0,1500,1650,NW
1174488.048,X_LEG_3,11.73,73.87,-30.47,0,1500,1650,NW
1174488.070,X_LEG_3,11.73,73.87,-30.47,0,1500,1650,NW
1174488.090,X_LEG_3,11.73,73.87,-30.47,0,1500,1650,NW
1174488.110,X_LEG_3,11.73,73.87,-30.47,0,1500,1650,NW
1174488.132,X_LEG_3,11.73,73.87,-30.47,0,1500,1650,NW
1174488.152,X_LEG_3,11.73,73.87,-30.47,0,1500,1650,NW
1174488.172,X_LEG_3,11.73,73.87,-30.47,0,1500,1650,NW
1174488.193,X_LEG_3,11.73,73.87,-30.47,0,1500,1650,NW
1174488.213,X_LEG_3,11.73,73.87,-30.47,0,1500,1650,NW
1174488.234,X_LEG_3,11.67,73.90,-11.46,1,1796,1650,NW
1174488.254,X_LEG_3,11.67,73.90,-11.46,1,1796,1650,NW
1174488.275,X_LEG_3,11.67,73.90,-11.46,1,1796,1650,NW
1174488.295,X_LEG_3,11.67,73.90,-11.46,1,1796,1650,NW
1174488.316,X_LEG_3,11.67,73.90,-11.46,1,1796,1650,NW
1174488.338,X_LEG_3,11.60,73.93,-11.45,1,1796,1651,NW
1174488.358,X_LEG_3,11.60,73.93,-11.45,1,1796,1651,NW
1174488.379,X_LEG_3,11.60,73.93,-11.45,1,1796,1651,NW
1174488.399,X_LEG_3,11.60,73.93,-11.45,1,1796,1651,NW
1174488.419,X_LEG_3,11.60,73.93,-11.45,1,1796,1651,NW
1174488.440,X_LEG_3,11.53,73.96,-11.44,1,1796,1651,NW
1174488.464,X_LEG_3,11.53,73.96,-11.44,1,1796,1651,NW
1174488.485,X_LEG_3,11.53,73.96,-11.44,1,1796,1651,NW
1174488.507,X_LEG_3,11.53,73.96,-11.44,1,1796,1651,NW
1174488.527,X_LEG_3,11.53,73.96,-11.44,1,1796,1651,NW
1174488.547,X_LEG_3,11.48,73.99,-11.43,1,1796,1651,NW
1174488.568,X_LEG_3,11.48,73.99,-11.43,1,1796,1651,NW
1174488.589,X_LEG_3,11.48,73.99,-11.43,1,1796,1651,NW
1174488.609,X_LEG_3,11.48,73.99,-11.43,1,1796,1651,NW
1174488.630,X_LEG_3,11.48,73.99,-11.43,1,1796,1651,NW
1174488.651,X_LEG_3,11.43,74.01,-11.43,1,1796,1651,NW
1174488.671,X_LEG_3,11.43,74.01,-11.43,1,1796,1651,NW
1174488.693,X_LEG_3,11.43,74.01,-11.43,1,1796,1651,NW
1174488.713,X_LEG_3,11.43,74.01,-11.43,1,1796,1651,NW
1174488.733,X_LEG_3,11.43,74.01,-11.43,1,1796,1651,NW
1174488.757,X_LEG_3,11.39,74.03,-11.42,1,1796,1651,NW
1174488.777,X_LEG_3,11.39,74.03,-11.42,1,1796,1651,NW
1174488.797,X_LEG_3,11.39,74.03,-11.42,1,1796,1651,NW
1174488.818,X_LEG_3,11.39,74.03,-11.42,1,1796,1651,NW
1174488.838,X_LEG_3,11.39,74.03,-11.42,1,1796,1651,NW
1174488.859,X_LEG_3,11.39,74.03,-11.42,1,1796,1651,NW
1174488.879,X_LEG_3,11.39,74.03,-11.42,1,1796,1651,NW
1174488.900,X_LEG_3,11.39,74.03,-11.42,1,1796,1651,NW
1174488.920,X_LEG_3,11.39,74.03,-11.42,1,1796,1651,NW
1174488.941,X_LEG_3,11.39,74.03,-11.42,1,1796,1651,NW
1174488.961,X_LEG_3,11.32,74.06,-12.41,1,1796,1652,NW
1174488.981,X_LEG_3,11.32,74.06,-12.41,1,1796,1652,NW
1174489.002,X_LEG_3,11.32,74.06,-12.41,1,1796,1652,NW
1174489.023,X_LEG_3,11.32,74.06,-12.41,1,1796,1652,NW
1174489.043,X_LEG_3,11.32,74.06,-12.41,1,1796,1652,NW
1174489.065,X_LEG_3,11.25,74.08,-12.40,1,1796,1652,NW
1174489.085,X_LEG_3,11.25,74.08,-12.40,1,1796,1652,NW
1174489.106,X_LEG_3,11.25,74.08,-12.40,1,1796,1652,NW
1174489.127,X_LEG_3,11.25,74.08,-12.40,1,1796,1652,NW
1174489.147,X_LEG_3,11.25,74.08,-12.40,1,1796,1652,NW
1174489.167,X_LEG_3,11.18,74.10,-12.39,1,1796,1652,NW
1174489.189,X_LEG_3,11.18,74.10,-12.39,1,1796,1652,NW
1174489.209,X_LEG_3,11.18,74.10,-12.39,1,1796,1652,NW
1174489.229,X_LEG_3,11.18,74.10,-12.39,1,1796,1652,NW
1174489.250,X_LEG_3,11.18,74.10,-12.39,1,1796,1652,NW
1174489.270,X_LEG_3,11.18,74.10,-12.39,1,1796,1652,NW
1174489.290,X_LEG_3,11.18,74.10,-12.39,1,1796,1652,NW
1174489.311,X_LEG_3,11.18,74.10,-12.39,1,1796,1652,NW
1174489.332,X_LEG_3,11.18,74.10,-12.39,1,1796,1652,NW
1174489.353,X_LEG_3,11.18,74.10,-12.39,1,1796,1652,NW
1174489.374,X_LEG_3,11.11,74.12,-12.38,1,1796,1652,NW
1174489.395,X_LEG_3,11.11,74.12,-12.38,1,1796,1652,NW
1174489.415,X_LEG_3,11.11,74.12,-12.38,1,1796,1652,NW
1174489.435,X_LEG_3,11.11,74.12,-12.38,1,1796,1652,NW
1174489.456,X_LEG_3,11.11,74.12,-12.38,1,1796,1652,NW
1174489.476,X_LEG_3,11.03,74.12,-8.38,1,1796,1652,NW
1174489.497,X_LEG_3,11.03,74.12,-8.38,1,1796,1652,NW
1174489.517,X_LEG_3,11.03,74.12,-8.38,1,1796,1652,NW
1174489.538,X_LEG_3,11.03,74.12,-8.38,1,1796,1652,NW
1174489.558,X_LEG_3,11.03,74.12,-8.38,1,1796,1652,NW
1174489.579,X_LEG_3,10.96,74.11,-8.37,1,1796,1653,NW
1174489.599,X_LEG_3,10.96,74.11,-8.37,1,1796,1653,NW
1174489.620,X_LEG_3,10.96,74.11,-8.37,1,1796,1653,NW
1174489.640,X_LEG_3,10.96,74.11,-8.37,1,1796,1653,NW
1174489.661,X_LEG_3,10.96,74.11,-8.37,1,1796,1653,NW
1174489.682,X_LEG_3,10.96,74.11,-8.37,1,1796,1653,NW
1174489.702,X_LEG_3,10.96,74.11,-8.37,1,1796,1653,NW
1174489.723,X_LEG_3,10.96,74.11,-8.37,1,1796,1653,NW
1174489.743,X_LEG_3,10.96,74.11,-8.37,1,1796,1653,NW
1174489.763,X_LEG_3,10.96,74.11,-8.37,1,1796,1653,NW
1174489.784,X_LEG_3,10.88,74.10,-8.36,1,1796,1653,NW
1174489.805,X_LEG_3,10.88,74.10,-8.36,1,1796,1653,NW
1174489.825,X_LEG_3,10.88,74.10,-8.36,1,1796,1653,NW
1174489.845,X_LEG_3,10.88,74.10,-8.36,1,1796,1653,NW
1174489.866,X_LEG_3,10.88,74.10,-8.36,1,1796,1653,NW
1174489.886,X_LEG_3,10.79,74.07,-8.36,1,1796,1653,NW
1174489.906,X_LEG_3,10.79,74.07,-8.36,1,1796,1653,NW
1174489.927,X_LEG_3,10.79,74.07,-8.36,1,1796,1653,NW
1174489.947,X_LEG_3,10.79,74.07,-8.36,1,1796,1653,NW
1174489.968,X_LEG_3,10.79,74.07,-8.36,1,1796,1653,NW
1174489.988,X_LEG_3,10.71,74.04,-8.36,1,1796,1653,NW
1174490.009,X_LEG_3,10.71,74.04,-8.36,1,1796,1653,NW
1174490.029,X_LEG_3,10.71,74.04,-8.36,1,1796,1653,NW
1174490.050,X_LEG_3,10.71,74.04,-8.36,1,1796,1653,NW
1174490.070,X_LEG_3,10.71,74.04,-8.36,1,1796,1653,NW
1174490.091,X_LEG_3,10.62,73.99,-7.36,1,1796,1654,NW
1174490.111,X_LEG_3,10.62,73.99,-7.36,1,1796,1654,NW
1174490.132,X_LEG_3,10.62,73.99,-7.36,1,1796,1654,NW
1174490.152,X_LEG_3,10.62,73.99,-7.36,1,1796,1654,NW
1174490.172,X_LEG_3,10.62,73.99,-7.36,1,1796,1654,NW
1174490.192,X_LEG_3,10.62,73.99,-7.36,1,1796,1654,NW
1174490.213,X_LEG_3,10.62,73.99,-7.36,1,1796,1654,NW
1174490.233,X_LEG_3,10.62,73.99,-7.36,1,1796,1654,NW
1174490.254,X_LEG_3,10.62,73.99,-7.36,1,1796,1654,NW
1174490.274,X_LEG_3,10.62,73.99,-7.36,1,1796,1654,NW
1174490.295,X_LEG_3,10.53,73.94,-7.36,1,1796,1654,NW
1174490.315,X_LEG_3,10.53,73.94,-7.36,1,1796,1654,NW
1174490.335,X_LEG_3,10.53,73.94,-7.36,1,1796,1654,NW
1174490.356,X_LEG_3,10.53,73.94,-7.36,1,1796,1654,NW
1174490.376,X_LEG_3,10.53,73.94,-7.36,1,1796,1654,NW
1174490.396,X_LEG_3,10.44,73.87,-7.36,1,1795,1654,NW
1174490.417,X_LEG_3,10.44,73.87,-7.36,1,1795,1654,NW
1174490.437,X_LEG_3,10.44,73.87,-7.36,1,1795,1654,NW
1174490.461,X_LEG_3,10.44,73.87,-7.36,1,1795,1654,NW
1174490.481,X_LEG_3,10.44,73.87,-7.36,1,1795,1654,NW
1174490.501,X_LEG_3,10.35,73.81,-7.36,1,1795,1654,NW
1174490.522,X_LEG_3,10.35,73.81,-7.36,1,1795,1654,NW
1174490.542,X_LEG_3,10.35,73.81,-7.36,1,1795,1654,NW
1174490.563,X_LEG_3,10.35,73.81,-7.36,1,1795,1654,NW
1174490.583,X_LEG_3,10.35,73.81,-7.36,1,1795,1654,NW
1174490.604,X_LEG_3,10.25,73.74,-5.36,1,1795,1655,NW
1174490.624,X_LEG_3,10.25,73.74,-5.36,1,1795,1655,NW
1174490.645,X_LEG_3,10.25,73.74,-5.36,1,1795,1655,NW
1174490.666,X_LEG_3,10.25,73.74,-5.36,1,1795,1655,NW
1174490.686,X_LEG_3,10.25,73.74,-5.36,1,1795,1655,NW
1174490.707,X_LEG_3,10.16,73.66,-5.36,1,1795,1655,NW
1174490.728,X_LEG_3,10.16,73.66,-5.36,1,1795,1655,NW
1174490.748,X_LEG_3,10.16,73.66,-5.36,1,1795,1655,NW
1174490.769,X_LEG_3,10.16,73.66,-5.36,1,1795,1655,NW
1174490.789,X_LEG_3,10.16,73.66,-5.36,1,1795,1655,NW
1174490.810,X_LEG_3,10.06,73.58,-5.36,1,1794,1655,NW
1174490.830,X_LEG_3,10.06,73.58,-5.36,1,1794,1655,NW
1174490.851,X_LEG_3,10.06,73.58,-5.36,1,1794,1655,NW
1174490.871,X_LEG_3,10.06,73.58,-5.36,1,1794,1655,NW
1174490.892,X_LEG_3,10.06,73.58,-5.36,1,1794,1655,NW
1174490.913,X_LEG_3,9.97,73.48,-5.37,1,1794,1656,NW
1174490.933,X_LEG_3,9.97,73.48,-5.37,1,1794,1656,NW
1174490.953,X_LEG_3,9.97,73.48,-5.37,1,1794,1656,NW
1174490.973,X_LEG_3,9.97,73.48,-5.37,1,1794,1656,NW
1174490.994,X_LEG_3,9.97,73.48,-5.37,1,1794,1656,NW
1174491.015,X_LEG_3,9.87,73.38,-5.38,1,1794,1656,NW
1174491.035,X_LEG_3,9.87,73.38,-5.38,1,1794,1656,NW
1174491.055,X_LEG_3,9.87,73.38,-5.38,1,1794,1656,NW
1174491.076,X_LEG_3,9.87,73.38,-5.38,1,1794,1656,NW
1174491.096,X_LEG_3,9.87,73.38,-5.38,1,1794,1656,NW
1174491.117,X_LEG_3,9.87,73.38,-4.38,1,1794,1656,NW
1174491.137,X_LEG_3,9.87,73.38,-4.38,1,1794,1656,NW
1174491.158,X_LEG_3,9.87,73.38,-4.38,1,1794,1656,NW
1174491.178,X_LEG_3,9.87,73.38,-4.38,1,1794,1656,NW
1174491.199,X_LEG_3,9.87,73.38,-4.38,1,1794,1656,NW
1174491.219,X_LEG_3,9.77,73.27,-4.38,1,1793,1656,NW
1174491.239,X_LEG_3,9.77,73.27,-4.38,1,1793,1656,NW
1174491.260,X_LEG_3,9.77,73.27,-4.38,1,1793,1656,NW
1174491.280,X_LEG_3,9.77,73.27,-4.38,1,1793,1656,NW
1174491.301,X_LEG_3,9.77,73.27,-4.38,1,1793,1656,NW
1174491.322,X_LEG_3,9.66,73.16,-4.38,1,1793,1657,NW
1174491.342,X_LEG_3,9.66,73.16,-4.38,1,1793,1657,NW
1174491.362,X_LEG_3,9.66,73.16,-4.38,1,1793,1657,NW
1174491.383,X_LEG_3,9.66,73.16,-4.38,1,1793,1657,NW
1174491.403,X_LEG_3,9.66,73.16,-4.38,1,1793,1657,NW
1174491.424,X_LEG_3,9.56,73.04,-4.39,1,1792,1657,NW
1174491.444,X_LEG_3,9.56,73.04,-4.39,1,1792,1657,NW
1174491.465,X_LEG_3,9.56,73.04,-4.39,1,1792,1657,NW
1174491.485,X_LEG_3,9.56,73.04,-4.39,1,1792,1657,NW
1174491.505,X_LEG_3,9.56,73.04,-4.39,1,1792,1657,NW
1174491.526,X_LEG_3,9.46,72.91,-4.40,1,1792,1657,NW
1174491.547,X_LEG_3,9.46,72.91,-4.40,1,1792,1657,NW
1174491.567,X_LEG_3,9.46,72.91,-4.40,1,1792,1657,NW
1174491.588,X_LEG_3,9.46,72.91,-4.40,1,1792,1657,NW
1174491.608,X_LEG_3,9.46,72.91,-4.40,1,1792,1657,NW
1174491.628,X_LEG_3,9.35,72.78,-4.40,1,1791,1657,NW
1174491.649,X_LEG_3,9.35,72.78,-4.40,1,1791,1657,NW
1174491.669,X_LEG_3,9.35,72.78,-4.40,1,1791,1657,NW
1174491.689,X_LEG_3,9.35,72.78,-4.40,1,1791,1657,NW
1174491.710,X_LEG_3,9.35,72.78,-4.40,1,1791,1657,NW
1174491.730,X_LEG_3,9.25,72.64,-4.41,1,1791,1658,NW
1174491.751,X_LEG_3,9.25,72.64,-4.41,1,1791,1658,NW
1174491.771,X_LEG_3,9.25,72.64,-4.41,1,1791,1658,NW
1174491.792,X_LEG_3,9.25,72.64,-4.41,1,1791,1658,NW
1174491.812,X_LEG_3,9.25,72.64,-4.41,1,1791,1658,NW
1174491.833,X_LEG_3,9.14,72.50,-4.42,1,1790,1658,NW
1174491.853,X_LEG_3,9.14,72.50,-4.42,1,1790,1658,NW
1174491.873,X_LEG_3,9.14,72.50,-4.42,1,1790,1658,NW
1174491.894,X_LEG_3,9.14,72.50,-4.42,1,1790,1658,NW
1174491.914,X_LEG_3,9.14,72.50,-4.42,1,1790,1658,NW
1174491.936,X_LEG_3,9.03,72.34,-3.43,1,1789,1658,NW
1174491.956,X_LEG_3,9.03,72.34,-3.43,1,1789,1658,NW
1174491.976,X_LEG_3,9.03,72.34,-3.43,1,1789,1658,NW
1174491.996,X_LEG_3,9.03,72.34,-3.43,1,1789,1658,NW
1174492.017,X_LEG_3,9.03,72.34,-3.43,1,1789,1658,NW
1174492.038,X_LEG_3,8.92,72.19,-3.44,1,1789,1659,NW
1174492.058,X_LEG_3,8.92,72.19,-3.44,1,1789,1659,NW
1174492.079,X_LEG_3,8.92,72.19,-3.44,1,1789,1659,NW
1174492.099,X_LEG_3,8.92,72.19,-3.44,1,1789,1659,NW
1174492.120,X_LEG_3,8.92,72.19,-3.44,1,1789,1659,NW
1174492.140,X_LEG_3,8.92,72.19,-3.44,1,1789,1659,NW
1174492.160,X_LEG_3,8.92,72.19,-3.44,1,1789,1659,NW
1174492.181,X_LEG_3,8.92,72.19,-3.44,1,1789,1659,NW
1174492.201,X_LEG_3,8.92,72.19,-3.44,1,1789,1659,NW
1174492.222,X_LEG_3,8.92,72.19,-3.44,1,1789,1659,NW
1174492.243,X_LEG_3,8.81,72.01,-3.45,1,1788,1659,NW
1174492.262,X_LEG_3,8.81,72.01,-3.45,1,1788,1659,NW
1174492.283,X_LEG_3,8.81,72.01,-3.45,1,1788,1659,NW
1174492.304,X_LEG_3,8.81,72.01,-3.45,1,1788,1659,NW
1174492.324,X_LEG_3,8.81,72.01,-3.45,1,1788,1659,NW
1174492.345,X_LEG_3,8.70,71.85,-3.46,1,1787,1659,NW
1174492.365,X_LEG_3,8.70,71.85,-3.46,1,1787,1659,NW
1174492.385,X_LEG_3,8.70,71.85,-3.46,1,1787,1659,NW
1174492.405,X_LEG_3,8.70,71.85,-3.46,1,1787,1659,NW
1174492.426,X_LEG_3,8.70,71.85,-3.46,1,1787,1659,NW
1174492.446,X_LEG_3,8.70,71.68,-3.47,1,1787,1659,NW
1174492.467,X_LEG_3,8.59,71.68,-3.47,1,1787,1660,NW
1174492.487,X_LEG_3,8.59,71.68,-3.47,1,1787,1660,NW
1174492.508,X_LEG_3,8.59,71.68,-3.47,1,1787,1660,NW
1174492.528,X_LEG_3,8.59,71.68,-3.47,1,1787,1660,NW
1174492.548,X_LEG_3,8.59,71.68,-3.47,1,1787,1660,NW
1174492.570,X_LEG_3,8.59,71.68,-3.47,1,1787,1660,NW
1174492.590,X_LEG_3,8.59,71.68,-3.47,1,1787,1660,NW
1174492.610,X_LEG_3,8.59,71.68,-3.47,1,1787,1660,NW
1174492.631,X_LEG_3,8.59,71.68,-3.47,1,1787,1660,NW
1174492.651,X_LEG_3,8.48,71.49,-3.48,1,1786,1660,NW
1174492.672,X_LEG_3,8.48,71.49,-3.48,1,1786,1660,NW
1174492.693,X_LEG_3,8.48,71.49,-3.48,1,1786,1660,NW
1174492.713,X_LEG_3,8.48,71.49,-3.48,1,1786,1660,NW
1174492.734,X_LEG_3,8.48,71.49,-3.48,1,1786,1660,NW
1174492.754,X_LEG_3,8.37,71.31,-3.49,1,1785,1660,NW
1174492.775,X_LEG_3,8.37,71.31,-3.49,1,1785,1660,NW
1174492.796,X_LEG_3,8.37,71.31,-3.49,1,1785,1660,NW
1174492.817,X_LEG_3,8.37,71.31,-3.49,1,1785,1660,NW
1174492.838,X_LEG_3,8.37,71.31,-3.49,1,1785,1660,NW
1174492.858,X_LEG_3,8.26,71.11,-3.50,1,1784,1661,NW
1174492.880,X_LEG_3,8.26,71.11,-3.50,1,1784,1661,NW
1174492.901,X_LEG_3,8.26,71.11,-3.50,1,1784,1661,NW
1174492.921,X_LEG_3,8.26,71.11,-3.50,1,1784,1661,NW
1174492.942,X_LEG_3,8.26,71.11,-3.50,1,1784,1661,NW
1174492.962,X_LEG_3,8.15,70.92,-3.51,1,1784,1661,NW
1174492.983,X_LEG_3,8.15,70.92,-3.51,1,1784,1661,NW
1174493.003,X_LEG_3,8.15,70.92,-3.51,1,1784,1661,NW
1174493.024,X_LEG_3,8.15,70.92,-3.51,1,1784,1661,NW
1174493.044,X_LEG_3,8.15,70.92,-3.51,1,1784,1661,NW
1174493.065,X_LEG_3,8.03,70.71,-2.52,1,1783,1661,NW
1174493.085,X_LEG_3,8.03,70.71,-2.52,1,1783,1661,NW
1174493.106,X_LEG_3,8.03,70.71,-2.52,1,1783,1661,NW
1174493.126,X_LEG_3,8.03,70.71,-2.52,1,1783,1661,NW
1174493.147,X_LEG_3,8.03,70.71,-2.52,1,1783,1661,NW
1174493.167,X_LEG_3,7.92,70.51,-2.53,1,1782,1662,NW
1174493.187,X_LEG_3,7.92,70.51,-2.53,1,1782,1662,NW
1174493.207,X_LEG_3,7.92,70.51,-2.53,1,1782,1662,NW
1174493.228,X_LEG_3,7.92,70.51,-2.53,1,1782,1662,NW
1174493.248,X_LEG_3,7.92,70.51,-2.53,1,1782,1662,NW
1174493.270,X_LEG_3,7.92,70.51,-2.53,1,1782,1662,NW
1174493.290,X_LEG_3,7.92,70.51,-2.53,1,1782,1662,NW
1174493.311,X_LEG_3,7.92,70.51,-2.53,1,1782,1662,NW
1174493.332,X_LEG_3,7.92,70.51,-2.53,1,1782,1662,NW
1174493.352,X_LEG_3,7.92,70.51,-2.53,1,1782,1662,NW
1174493.373,X_LEG_3,7.81,70.30,-2.54,1,1781,1662,NW
1174493.393,X_LEG_3,7.81,70.30,-2.54,1,1781,1662,NW
1174493.414,X_LEG_3,7.81,70.30,-2.54,1,1781,1662,NW
1174493.434,X_LEG_3,7.81,70.30,-2.54,1,1781,1662,NW
1174493.454,X_LEG_3,7.81,70.30,-2.54,1,1781,1662,NW
1174493.474,X_LEG_3,7.70,70.08,-2.56,1,1780,1662,NW
1174493.495,X_LEG_3,7.70,70.08,-2.56,1,1780,1662,NW
1174493.515,X_LEG_3,7.70,70.08,-2.56,1,1780,1662,NW
1174493.536,X_LEG_3,7.70,70.08,-2.56,1,1780,1662,NW
1174493.557,X_LEG_3,7.70,70.08,-2.56,1,1780,1662,NW
1174493.577,X_LEG_3,7.58,69.86,-2.57,1,1779,1663,NW
1174493.598,X_LEG_3,7.58,69.86,-2.57,1,1779,1663,NW
1174493.618,X_LEG_3,7.58,69.86,-2.57,1,1779,1663,NW
1174493.638,X_LEG_3,7.58,69.86,-2.57,1,1779,1663,NW
1174493.659,X_LEG_3,7.58,69.86,-2.57,1,1779,1663,NW
1174493.680,X_LEG_3,7.47,69.63,-2.58,1,1779,1663,NW
1174493.700,X_LEG_3,7.47,69.63,-2.58,1,1779,1663,NW
1174493.720,X_LEG_3,7.47,69.63,-2.58,1,1779,1663,NW
1174493.740,X_LEG_3,7.47,69.63,-2.58,1,1779,1663,NW
1174493.761,X_LEG_3,7.47,69.63,-2.58,1,1779,1663,NW
1174493.781,X_LEG_3,7.36,69.41,-2.60,1,1778,1663,NW
1174493.802,X_LEG_3,7.36,69.41,-2.60,1,1778,1663,NW
1174493.822,X_LEG_3,7.36,69.41,-2.60,1,1778,1663,NW
1174493.842,X_LEG_3,7.36,69.41,-2.60,1,1778,1663,NW
1174493.864,X_LEG_3,7.36,69.41,-2.60,1,1778,1663,NW
1174493.884,X_LEG_3,7.25,69.17,-2.61,1,1777,1664,NW
1174493.904,X_LEG_3,7.25,69.17,-2.61,1,1777,1664,NW
1174493.925,X_LEG_3,7.25,69.17,-2.61,1,1777,1664,NW
1174493.945,X_LEG_3,7.25,69.17,-2.61,1,1777,1664,NW
1174493.966,X_LEG_3,7.25,69.17,-2.61,1,1777,1664,NW
1174493.986,X_LEG_3,7.13,68.92,-1.62,1,1776,1664,NW
1174494.007,X_LEG_3,7.13,68.92,-1.62,1,1776,1664,NW
1174494.027,X_LEG_3,7.13,68.92,-1.62,1,1776,1664,NW
1174494.048,X_LEG_3,7.13,68.92,-1.62,1,1776,1664,NW
1174494.068,X_LEG_3,7.13,68.92,-1.62,1,1776,1664,NW
1174494.089,X_LEG_3,7.02,68.68,-1.64,1,1775,1664,NW
1174494.109,X_LEG_3,7.02,68.68,-1.64,1,1775,1664,NW
1174494.130,X_LEG_3,7.02,68.68,-1.64,1,1775,1664,NW
1174494.151,X_LEG_3,7.02,68.68,-1.64,1,1775,1664,NW
1174494.171,X_LEG_3,7.02,68.68,-1.64,1,1775,1664,NW
1174494.191,X_LEG_3,7.02,68.68,-1.64,1,1775,1664,NW
1174494.211,X_LEG_3,7.02,68.68,-1.64,1,1775,1664,NW
1174494.232,X_LEG_3,7.02,68.68,-1.64,1,1775,1664,NW
1174494.252,X_LEG_3,7.02,68.68,-1.64,1,1775,1664,NW
1174494.273,X_LEG_3,7.02,68.68,-1.64,1,1775,1664,NW
1174494.293,X_LEG_3,6.91,68.44,-1.65,1,1774,1665,NW
1174494.314,X_LEG_3,6.91,68.44,-1.65,1,1774,1665,NW
1174494.334,X_LEG_3,6.91,68.44,-1.65,1,1774,1665,NW
1174494.355,X_LEG_3,6.91,68.44,-1.65,1,1774,1665,NW
1174494.376,X_LEG_3,6.91,68.44,-1.65,1,1774,1665,NW
1174494.396,X_LEG_3,6.80,68.18,-1.66,1,1773,1665,NW
1174494.417,X_LEG_3,6.80,68.18,-1.66,1,1773,1665,NW
1174494.437,X_LEG_3,6.80,68.18,-1.66,1,1773,1665,NW
1174494.457,X_LEG_3,6.80,68.18,-1.66,1,1773,1665,NW
1174494.478,X_LEG_3,6.80,68.18,-1.66,1,1773,1665,NW
1174494.498,X_LEG_3,6.69,67.93,-1.68,1,1772,1665,NW
1174494.518,X_LEG_3,6.69,67.93,-1.68,1,1772,1665,NW
1174494.539,X_LEG_3,6.69,67.93,-1.68,1,1772,1665,NW
1174494.559,X_LEG_3,6.69,67.93,-1.68,1,1772,1665,NW
1174494.580,X_LEG_3,6.69,67.93,-1.68,1,1772,1665,NW
1174494.601,X_LEG_3,6.57,67.67,-1.69,1,1771,1666,NW
1174494.621,X_LEG_3,6.57,67.67,-1.69,1,1771,1666,NW
1174494.642,X_LEG_3,6.57,67.67,-1.69,1,1771,1666,NW
1174494.662,X_LEG_3,6.57,67.67,-1.69,1,1771,1666,NW
1174494.683,X_LEG_3,6.57,67.67,-1.69,1,1771,1666,NW
1174494.703,X_LEG_3,6.57,67.67,-1.69,1,1771,1666,NW
1174494.724,X_LEG_3,6.57,67.67,-1.69,1,1771,1666,NW
1174494.744,X_LEG_3,6.57,67.67,-1.69,1,1771,1666,NW
1174494.764,X_LEG_3,6.57,67.67,-1.69,1,1771,1666,NW
1174494.785,X_LEG_3,6.57,67.67,-1.69,1,1771,1666,NW
1174494.805,X_LEG_3,6.46,67.40,-1.71,1,1770,1666,NW
1174494.825,X_LEG_3,6.46,67.40,-1.71,1,1770,1666,NW
1174494.846,X_LEG_3,6.46,67.40,-1.71,1,1770,1666,NW
1174494.867,X_LEG_3,6.46,67.40,-1.71,1,1770,1666,NW
1174494.887,X_LEG_3,6.46,67.40,-1.71,1,1770,1666,NW
1174494.908,X_LEG_3,6.35,67.13,-1.73,1,1769,1666,NW
1174494.928,X_LEG_3,6.35,67.13,-1.73,1,1769,1666,NW
1174494.949,X_LEG_3,6.35,67.13,-1.73,1,1769,1666,NW
1174494.969,X_LEG_3,6.35,67.13,-1.73,1,1769,1666,NW
1174494.990,X_LEG_3,6.35,67.13,-1.73,1,1769,1666,NW
1174495.011,X_LEG_3,6.24,66.86,-1.74,1,1767,1667,NW
1174495.031,X_LEG_3,6.24,66.86,-1.74,1,1767,1667,NW
1174495.052,X_LEG_3,6.24,66.86,-1.74,1,1767,1667,NW
1174495.072,X_LEG_3,6.24,66.86,-1.74,1,1767,1667,NW
1174495.093,X_LEG_3,6.24,66.86,-1.74,1,1767,1667,NW
1174495.113,X_LEG_3,6.13,66.59,-1.76,1,1766,1667,NW
1174495.133,X_LEG_3,6.13,66.59,-1.76,1,1766,1667,NW
1174495.154,X_LEG_3,6.13,66.59,-1.76,1,1766,1667,NW
1174495.175,X_LEG_3,6.13,66.59,-1.76,1,1766,1667,NW
1174495.195,X_LEG_3,6.13,66.59,-1.76,1,1766,1667,NW
1174495.215,X_LEG_3,6.03,66.31,-1.77,1,1765,1667,NW
1174495.236,X_LEG_3,6.03,66.31,-1.77,1,1765,1667,NW
1174495.258,X_LEG_3,6.03,66.31,-1.77,1,1765,1667,NW
1174495.278,X_LEG_3,6.03,66.31,-1.77,1,1765,1667,NW
1174495.298,X_LEG_3,6.03,66.31,-1.77,1,1765,1667,NW
1174495.319,X_LEG_3,5.92,66.03,-1.78,1,1764,1668,NW
1174495.339,X_LEG_3,5.92,66.03,-1.78,1,1764,1668,NW
1174495.360,X_LEG_3,5.92,66.03,-1.78,1,1764,1668,NW
1174495.380,X_LEG_3,5.92,66.03,-1.78,1,1764,1668,NW
1174495.401,X_LEG_3,5.92,66.03,-1.78,1,1764,1668,NW
1174495.421,X_LEG_3,5.92,66.03,-1.78,1,1764,1668,NW
1174495.442,X_LEG_3,5.92,66.03,-1.78,1,1764,1668,NW
1174495.462,X_LEG_3,5.92,66.03,-1.78,1,1764,1668,NW
1174495.483,X_LEG_3,5.92,66.03,-1.78,1,1764,1668,NW
1174495.503,X_LEG_3,5.92,66.03,-1.78,1,1764,1668,NW
1174495.524,X_LEG_3,5.81,65.74,-1.80,1,1763,1668,NW
1174495.544,X_LEG_3,5.81,65.74,-1.80,1,1763,1668,NW
1174495.565,X_LEG_3,5.81,65.74,-1.80,1,1763,1668,NW
1174495.585,X_LEG_3,5.81,65.74,-1.80,1,1763,1668,NW
1174495.606,X_LEG_3,5.81,65.74,-1.80,1,1763,1668,NW
1174495.626,X_LEG_3,5.70,65.46,-1.82,1,1762,1668,NW
1174495.647,X_LEG_3,5.70,65.46,-1.82,1,1762,1668,NW
1174495.667,X_LEG_3,5.70,65.46,-1.82,1,1762,1668,NW
1174495.687,X_LEG_3,5.70,65.46,-1.82,1,1762,1668,NW
1174495.708,X_LEG_3,5.70,65.46,-1.82,1,1762,1668,NW
1174495.729,X_LEG_3,5.60,65.16,-1.84,1,1761,1669,NW
1174495.749,X_LEG_3,5.60,65.16,-1.84,1,1761,1669,NW
1174495.770,X_LEG_3,5.60,65.16,-1.84,1,1761,1669,NW
1174495.790,X_LEG_3,5.60,65.16,-1.84,1,1761,1669,NW
1174495.811,X_LEG_3,5.60,65.16,-1.84,1,1761,1669,NW
1174495.831,X_LEG_3,5.49,64.87,-1.85,1,1759,1669,NW
1174495.853,X_LEG_3,5.49,64.87,-1.85,1,1759,1669,NW
1174495.873,X_LEG_3,5.49,64.87,-1.85,1,1759,1669,NW
1174495.894,X_LEG_3,5.49,64.87,-1.85,1,1759,1669,NW
1174495.916,X_LEG_3,5.49,64.87,-1.85,1,1759,1669,NW
1174495.936,X_LEG_3,5.39,64.57,-1.87,1,1758,1669,NW
1174495.957,X_LEG_3,5.39,64.57,-1.87,1,1758,1669,NW
1174495.978,X_LEG_3,5.39,64.57,-1.87,1,1758,1669,NW
1174495.998,X_LEG_3,5.39,64.57,-1.87,1,1758,1669,NW
1174496.019,X_LEG_3,5.39,64.57,-1.87,1,1758,1669,NW
1174496.039,X_LEG_3,5.29,64.27,-0.89,1,1757,1670,NW
1174496.059,X_LEG_3,5.29,64.27,-0.89,1,1757,1670,NW
1174496.080,X_LEG_3,5.29,64.27,-0.89,1,1757,1670,NW
1174496.100,X_LEG_3,5.29,64.27,-0.89,1,1757,1670,NW
1174496.120,X_LEG_3,5.29,64.27,-0.89,1,1757,1670,NW
1174496.141,X_LEG_3,5.18,63.97,-0.90,1,1756,1670,NW
1174496.161,X_LEG_3,5.18,63.97,-0.90,1,1756,1670,NW
1174496.182,X_LEG_3,5.18,63.97,-0.90,1,1756,1670,NW
1174496.203,X_LEG_3,5.18,63.97,-0.90,1,1756,1670,NW
1174496.223,X_LEG_3,5.18,63.97,-0.90,1,1756,1670,NW
1174496.245,X_LEG_3,5.08,63.65,-0.92,1,1755,1670,NW
1174496.265,X_LEG_3,5.08,63.65,-0.92,1,1755,1670,NW
1174496.285,X_LEG_3,5.08,63.65,-0.92,1,1755,1670,NW
1174496.307,X_LEG_3,5.08,63.65,-0.92,1,1755,1670,NW
1174496.328,X_LEG_3,5.08,63.65,-0.92,1,1755,1670,NW
1174496.348,X_LEG_3,4.98,63.35,-0.94,1,1753,1671,NW
1174496.369,X_LEG_3,4.98,63.35,-0.94,1,1753,1671,NW
1174496.389,X_LEG_3,4.98,63.35,-0.94,1,1753,1671,NW
1174496.410,X_LEG_3,4.98,63.35,-0.94,1,1753,1671,NW
1174496.430,X_LEG_3,4.98,63.35,-0.94,1,1753,1671,NW
1174496.451,X_LEG_3,4.88,63.04,-0.96,1,1752,1671,NW
1174496.472,X_LEG_3,4.88,63.04,-0.96,1,1752,1671,NW
1174496.492,X_LEG_3,4.88,63.04,-0.96,1,1752,1671,NW
1174496.512,X_LEG_3,4.88,63.04,-0.96,1,1752,1671,NW
1174496.533,X_LEG_3,4.88,63.04,-0.96,1,1752,1671,NW
1174496.553,X_LEG_3,4.88,63.04,-0.96,1,1752,1671,NW
1174496.574,X_LEG_3,4.88,63.04,-0.96,1,1752,1671,NW
1174496.594,X_LEG_3,4.88,63.04,-0.96,1,1752,1671,NW
1174496.615,X_LEG_3,4.88,63.04,-0.96,1,1752,1671,NW
1174496.635,X_LEG_3,4.88,63.04,-0.96,1,1752,1671,NW
1174496.656,X_LEG_3,4.78,62.72,-0.97,1,1751,1671,NW
1174496.676,X_LEG_3,4.78,62.72,-0.97,1,1751,1671,NW
1174496.697,X_LEG_3,4.78,62.72,-0.97,1,1751,1671,NW
1174496.717,X_LEG_3,4.78,62.72,-0.97,1,1751,1671,NW
1174496.738,X_LEG_3,4.78,62.72,-0.97,1,1751,1671,NW
1174496.759,X_LEG_3,4.69,62.40,-0.99,1,1750,1671,NW
1174496.779,X_LEG_3,4.69,62.40,-0.99,1,1750,1671,NW
1174496.800,X_LEG_3,4.69,62.40,-0.99,1,1750,1671,NW
1174496.820,X_LEG_3,4.69,62.40,-0.99,1,1750,1671,NW
1174496.840,X_LEG_3,4.69,62.40,-0.99,1,1750,1671,NW
1174496.861,X_LEG_3,4.59,62.09,-1.01,1,1748,1672,NW
1174496.882,X_LEG_3,4.59,62.09,-1.01,1,1748,1672,NW
1174496.902,X_LEG_3,4.59,62.09,-1.01,1,1748,1672,NW
1174496.922,X_LEG_3,4.59,62.09,-1.01,1,1748,1672,NW
1174496.943,X_LEG_3,4.59,62.09,-1.01,1,1748,1672,NW
1174496.963,X_LEG_3,4.49,61.77,-1.03,1,1747,1672,NW
1174496.984,X_LEG_3,4.49,61.77,-1.03,1,1747,1672,NW
1174497.004,X_LEG_3,4.49,61.77,-1.03,1,1747,1672,NW
1174497.025,X_LEG_3,4.49,61.77,-1.03,1,1747,1672,NW
1174497.046,X_LEG_3,4.49,61.77,-1.03,1,1747,1672,NW
1174497.066,X_LEG_3,4.40,61.44,-1.05,1,1746,1672,NW
1174497.087,X_LEG_3,4.40,61.44,-1.05,1,1746,1672,NW
1174497.107,X_LEG_3,4.40,61.44,-1.05,1,1746,1672,NW
1174497.128,X_LEG_3,4.40,61.44,-1.05,1,1746,1672,NW
1174497.148,X_LEG_3,4.40,61.44,-1.05,1,1746,1672,NW
1174497.169,X_LEG_3,4.31,61.12,-1.06,1,1744,1673,NW
1174497.189,X_LEG_3,4.31,61.12,-1.06,1,1744,1673,NW
1174497.209,X_LEG_3,4.31,61.12,-1.06,1,1744,1673,NW
1174497.230,X_LEG_3,4.31,61.12,-1.06,1,1744,1673,NW
1174497.250,X_LEG_3,4.31,61.12,-1.06,1,1744,1673,NW
1174497.271,X_LEG_3,4.22,60.79,-1.09,1,1743,1673,NW
1174497.292,X_LEG_3,4.22,60.79,-1.09,1,1743,1673,NW
1174497.312,X_LEG_3,4.22,60.79,-1.09,1,1743,1673,NW
1174497.333,X_LEG_3,4.22,60.79,-1.09,1,1743,1673,NW
1174497.353,X_LEG_3,4.22,60.79,-1.09,1,1743,1673,NW
1174497.375,X_LEG_3,4.13,60.46,-1.11,1,1742,1673,NW
1174497.395,X_LEG_3,4.13,60.46,-1.11,1,1742,1673,NW
1174497.416,X_LEG_3,4.13,60.46,-1.11,1,1742,1673,NW
1174497.437,X_LEG_3,4.13,60.46,-1.11,1,1742,1673,NW
1174497.457,X_LEG_3,4.13,60.46,-1.11,1,1742,1673,NW
1174497.478,X_LEG_3,4.04,60.13,-1.12,1,1741,1673,NW
1174497.499,X_LEG_3,4.04,60.13,-1.12,1,1741,1673,NW
1174497.520,X_LEG_3,4.04,60.13,-1.12,1,1741,1673,NW
1174497.540,X_LEG_3,4.04,60.13,-1.12,1,1741,1673,NW
1174497.560,X_LEG_3,4.04,60.13,-1.12,1,1741,1673,NW
1174497.581,X_LEG_3,3.95,59.81,-1.14,1,1739,1674,NW
1174497.601,X_LEG_3,3.95,59.81,-1.14,1,1739,1674,NW
1174497.622,X_LEG_3,3.95,59.81,-1.14,1,1739,1674,NW
1174497.642,X_LEG_3,3.95,59.81,-1.14,1,1739,1674,NW
1174497.663,X_LEG_3,3.95,59.81,-1.14,1,1739,1674,NW
1174497.683,X_LEG_3,3.95,59.81,-1.14,1,1739,1674,NW
1174497.704,X_LEG_3,3.95,59.81,-1.14,1,1739,1674,NW
1174497.725,X_LEG_3,3.95,59.81,-1.14,1,1739,1674,NW
1174497.745,X_LEG_3,3.95,59.81,-1.14,1,1739,1674,NW
1174497.765,X_LEG_3,3.95,59.81,-1.14,1,1739,1674,NW
1174497.786,X_LEG_3,3.87,59.47,-1.16,1,1738,1674,NW
1174497.806,X_LEG_3,3.87,59.47,-1.16,1,1738,1674,NW
1174497.827,X_LEG_3,3.87,59.47,-1.16,1,1738,1674,NW
1174497.847,X_LEG_3,3.87,59.47,-1.16,1,1738,1674,NW
1174497.867,X_LEG_3,3.87,59.47,-1.16,1,1738,1674,NW
1174497.888,X_LEG_3,3.78,59.14,-1.18,1,1737,1674,NW
1174497.909,X_LEG_3,3.78,59.14,-1.18,1,1737,1674,NW
1174497.929,X_LEG_3,3.78,59.14,-1.18,1,1737,1674,NW
1174497.950,X_LEG_3,3.78,59.14,-1.18,1,1737,1674,NW
1174497.971,X_LEG_3,3.78,59.14,-1.18,1,1737,1674,NW
1174497.991,X_LEG_3,3.70,58.80,-1.20,1,1735,1674,NW
1174498.011,X_LEG_3,3.70,58.80,-1.20,1,1735,1674,NW
1174498.032,X_LEG_3,3.70,58.80,-1.20,1,1735,1674,NW
1174498.052,X_LEG_3,3.70,58.80,-1.20,1,1735,1674,NW
1174498.073,X_LEG_3,3.70,58.80,-1.20,1,1735,1674,NW
1174498.094,X_LEG_3,3.62,58.46,-1.22,1,1734,1675,NW
1174498.114,X_LEG_3,3.62,58.46,-1.22,1,1734,1675,NW
1174498.135,X_LEG_3,3.62,58.46,-1.22,1,1734,1675,NW
1174498.155,X_LEG_3,3.62,58.46,-1.22,1,1734,1675,NW
1174498.175,X_LEG_3,3.62,58.46,-1.22,1,1734,1675,NW
1174498.195,X_LEG_3,3.54,58.12,-1.24,1,1732,1675,NW
1174498.216,X_LEG_3,3.54,58.12,-1.24,1,1732,1675,NW
1174498.236,X_LEG_3,3.54,58.12,-1.24,1,1732,1675,NW
1174498.257,X_LEG_3,3.54,58.12,-1.24,1,1732,1675,NW
1174498.277,X_LEG_3,3.54,58.12,-1.24,1,1732,1675,NW
1174498.297,X_LEG_3,3.46,57.78,-1.26,1,1731,1675,NW
1174498.318,X_LEG_3,3.46,57.78,-1.26,1,1731,1675,NW
1174498.338,X_LEG_3,3.46,57.78,-1.26,1,1731,1675,NW
1174498.359,X_LEG_3,3.46,57.78,-1.26,1,1731,1675,NW
1174498.379,X_LEG_3,3.46,57.78,-1.26,1,1731,1675,NW
1174498.399,X_LEG_3,3.38,57.43,-1.28,1,1730,1675,NW
1174498.422,X_LEG_3,3.38,57.43,-1.28,1,1730,1675,NW
1174498.442,X_LEG_3,3.38,57.43,-1.28,1,1730,1675,NW
1174498.464,X_LEG_3,3.38,57.43,-1.28,1,1730,1675,NW
1174498.483,X_LEG_3,3.38,57.43,-1.28,1,1730,1675,NW
1174498.505,X_LEG_3,3.31,57.10,-1.30,1,1728,1676,NW
1174498.525,X_LEG_3,3.31,57.10,-1.30,1,1728,1676,NW
1174498.545,X_LEG_3,3.31,57.10,-1.30,1,1728,1676,NW
1174498.566,X_LEG_3,3.31,57.10,-1.30,1,1728,1676,NW
1174498.586,X_LEG_3,3.31,57.10,-1.30,1,1728,1676,NW
1174498.607,X_LEG_3,3.31,57.10,-1.30,1,1728,1676,NW
1174498.628,X_LEG_3,3.31,57.10,-1.30,1,1728,1676,NW
1174498.648,X_LEG_3,3.31,57.10,-1.30,1,1728,1676,NW
1174498.668,X_LEG_3,3.31,57.10,-1.30,1,1728,1676,NW
1174498.689,X_LEG_3,3.31,57.10,-1.30,1,1728,1676,NW
1174498.709,X_LEG_3,3.25,56.86,-1.31,1,1727,1676,NW
1174498.729,X_LEG_3,3.25,56.86,-1.31,1,1727,1676,NW
1174498.751,X_LEG_3,3.25,56.86,-1.31,1,1727,1676,NW
1174498.771,X_LEG_3,3.25,56.86,-1.31,1,1727,1676,NW
1174498.791,X_LEG_3,3.25,56.86,-1.31,1,1727,1676,NW
1174498.812,X_LEG_3,3.21,56.64,-1.33,1,1727,1676,NW
1174498.832,X_LEG_3,3.21,56.64,-1.33,1,1727,1676,NW
1174498.853,X_LEG_3,3.21,56.64,-1.33,1,1727,1676,NW
1174498.873,X_LEG_3,3.21,56.64,-1.33,1,1727,1676,NW
1174498.893,X_LEG_3,3.21,56.64,-1.33,1,1727,1676,NW
1174498.914,X_LEG_3,3.13,56.29,-1.35,1,1725,1676,NW
1174498.934,X_LEG_3,3.13,56.29,-1.35,1,1725,1676,NW
1174498.955,X_LEG_3,3.13,56.29,-1.35,1,1725,1676,NW
1174498.975,X_LEG_3,3.13,56.29,-1.35,1,1725,1676,NW
1174498.996,X_LEG_3,3.13,56.29,-1.35,1,1725,1676,NW
1174499.017,X_LEG_3,3.06,55.94,-1.37,1,1724,1676,NW
1174499.037,X_LEG_3,3.06,55.94,-1.37,1,1724,1676,NW
1174499.058,X_LEG_3,3.06,55.94,-1.37,1,1724,1676,NW
1174499.078,X_LEG_3,3.06,55.94,-1.37,1,1724,1676,NW
1174499.099,X_LEG_3,3.06,55.94,-1.37,1,1724,1676,NW
1174499.119,X_LEG_3,3.06,55.94,-1.37,1,1724,1676,NW
1174499.140,X_LEG_3,3.06,55.94,-1.37,1,1724,1676,NW
1174499.160,X_LEG_3,3.06,55.94,-1.37,1,1724,1676,NW
1174499.181,X_LEG_3,3.06,55.94,-1.37,1,1724,1676,NW
1174499.201,X_LEG_3,3.06,55.94,-1.37,1,1724,1676,NW
1174499.221,X_LEG_3,2.99,55.59,-1.39,1,1722,1677,NW
1174499.242,X_LEG_3,2.99,55.59,-1.39,1,1722,1677,NW
1174499.264,X_LEG_3,2.99,55.59,-1.39,1,1722,1677,NW
1174499.284,X_LEG_3,2.99,55.59,-1.39,1,1722,1677,NW
1174499.304,X_LEG_3,2.99,55.59,-1.39,1,1722,1677,NW
1174499.324,X_LEG_3,2.93,55.24,-0.41,1,1721,1677,NW
1174499.345,X_LEG_3,2.93,55.24,-0.41,1,1721,1677,NW
1174499.366,X_LEG_3,2.93,55.24,-0.41,1,1721,1677,NW
1174499.386,X_LEG_3,2.93,55.24,-0.41,1,1721,1677,NW
1174499.407,X_LEG_3,2.93,55.24,-0.41,1,1721,1677,NW
1174499.427,X_LEG_3,2.86,54.90,-0.44,1,1720,1677,NW
1174499.448,X_LEG_3,2.86,54.90,-0.44,1,1720,1677,NW
1174499.468,X_LEG_3,2.86,54.90,-0.44,1,1720,1677,NW
1174499.488,X_LEG_3,2.86,54.90,-0.44,1,1720,1677,NW
1174499.509,X_LEG_3,2.86,54.90,-0.44,1,1720,1677,NW
1174499.529,X_LEG_3,2.80,54.55,-0.46,1,1718,1677,NW
1174499.550,X_LEG_3,2.80,54.55,-0.46,1,1718,1677,NW
1174499.570,X_LEG_3,2.80,54.55,-0.46,1,1718,1677,NW
1174499.591,X_LEG_3,2.80,54.55,-0.46,1,1718,1677,NW
1174499.611,X_LEG_3,2.80,54.55,-0.46,1,1718,1677,NW
1174499.631,X_LEG_3,2.80,54.55,-0.46,1,1718,1677,NW
1174499.652,X_LEG_3,2.80,54.55,-0.46,1,1718,1677,NW
1174499.672,X_LEG_3,2.80,54.55,-0.46,1,1718,1677,NW
1174499.693,X_LEG_3,2.80,54.55,-0.46,1,1718,1677,NW
1174499.714,X_LEG_3,2.80,54.55,-0.46,1,1718,1677,NW
1174499.735,X_LEG_3,2.74,54.20,-0.48,1,1717,1677,NW
1174499.755,X_LEG_3,2.74,54.20,-0.48,1,1717,1677,NW
1174499.777,X_LEG_3,2.74,54.20,-0.48,1,1717,1677,NW
1174499.797,X_LEG_3,2.74,54.20,-0.48,1,1717,1677,NW
1174499.817,X_LEG_3,2.74,54.20,-0.48,1,1717,1677,NW
1174499.837,X_LEG_3,2.68,53.85,-0.50,1,1715,1677,NW
1174499.858,X_LEG_3,2.68,53.85,-0.50,1,1715,1677,NW
1174499.878,X_LEG_3,2.68,53.85,-0.50,1,1715,1677,NW
1174499.898,X_LEG_3,2.68,53.85,-0.50,1,1715,1677,NW
1174499.919,X_LEG_3,2.68,53.85,-0.50,1,1715,1677,NW
1174499.939,X_LEG_3,2.62,53.49,-0.53,1,1714,1678,NW
1174499.959,X_LEG_3,2.62,53.49,-0.53,1,1714,1678,NW
1174499.980,X_LEG_3,2.62,53.49,-0.53,1,1714,1678,NW
1174500.000,X_LEG_3,2.62,53.49,-0.53,1,1714,1678,NW
1174500.021,X_LEG_3,2.62,53.49,-0.53,1,1714,1678,NW
1174500.041,X_LEG_3,2.56,53.14,-0.55,1,1713,1678,NW
1174500.062,X_LEG_3,2.56,53.14,-0.55,1,1713,1678,NW
1174500.083,X_LEG_3,2.56,53.14,-0.55,1,1713,1678,NW
1174500.103,X_LEG_3,2.56,53.14,-0.55,1,1713,1678,NW
1174500.123,X_LEG_3,2.56,53.14,-0.55,1,1713,1678,NW
1174500.144,X_LEG_3,2.56,53.14,-0.55,1,1713,1678,NW
1174500.164,X_LEG_3,2.56,53.14,-0.55,1,1713,1678,NW
1174500.184,X_LEG_3,2.56,53.14,-0.55,1,1713,1678,NW
1174500.205,X_LEG_3,2.56,53.14,-0.55,1,1713,1678,NW
1174500.225,X_LEG_3,2.56,53.14,-0.55,1,1713,1678,NW
1174500.246,X_LEG_3,2.51,52.79,-0.57,1,1711,1678,NW
1174500.266,X_LEG_3,2.51,52.79,-0.57,1,1711,1678,NW
1174500.287,X_LEG_3,2.51,52.79,-0.57,1,1711,1678,NW
1174500.307,X_LEG_3,2.51,52.79,-0.57,1,1711,1678,NW
1174500.328,X_LEG_3,2.51,52.79,-0.57,1,1711,1678,NW
1174500.348,X_LEG_3,2.45,52.45,-0.59,1,1710,1678,NW
1174500.368,X_LEG_3,2.45,52.45,-0.59,1,1710,1678,NW
1174500.388,X_LEG_3,2.45,52.45,-0.59,1,1710,1678,NW
1174500.409,X_LEG_3,2.45,52.45,-0.59,1,1710,1678,NW
1174500.429,X_LEG_3,2.45,52.45,-0.59,1,1710,1678,NW
1174500.450,X_LEG_3,2.40,52.09,-0.63,1,1708,1678,NW
1174500.470,X_LEG_3,2.40,52.09,-0.63,1,1708,1678,NW
1174500.491,X_LEG_3,2.40,52.09,-0.63,1,1708,1678,NW
1174500.511,X_LEG_3,2.40,52.09,-0.63,1,1708,1678,NW
1174500.531,X_LEG_3,2.40,52.09,-0.63,1,1708,1678,NW
1174500.552,X_LEG_3,2.35,51.74,-0.64,1,1707,1678,NW
1174500.572,X_LEG_3,2.35,51.74,-0.64,1,1707,1678,NW
1174500.592,X_LEG_3,2.35,51.74,-0.64,1,1707,1678,NW
1174500.613,X_LEG_3,2.35,51.74,-0.64,1,1707,1678,NW
1174500.634,X_LEG_3,2.35,51.74,-0.64,1,1707,1678,NW
1174500.655,X_LEG_3,2.35,51.74,-0.64,1,1707,1678,NW
1174500.675,X_LEG_3,2.35,51.74,-0.64,1,1707,1678,NW
1174500.696,X_LEG_3,2.35,51.74,-0.64,1,1707,1678,NW
1174500.716,X_LEG_3,2.35,51.74,-0.64,1,1707,1678,NW
1174500.737,X_LEG_3,2.35,51.74,-0.64,1,1707,1678,NW
1174500.758,X_LEG_3,2.30,51.39,-0.67,1,1706,1679,NW
1174500.778,X_LEG_3,2.30,51.39,-0.67,1,1706,1679,NW
1174500.799,X_LEG_3,2.30,51.39,-0.67,1,1706,1679,NW
1174500.819,X_LEG_3,2.30,51.39,-0.67,1,1706,1679,NW
1174500.840,X_LEG_3,2.30,51.39,-0.67,1,1706,1679,NW
1174500.860,X_LEG_3,2.26,51.04,-0.69,1,1704,1679,NW
1174500.881,X_LEG_3,2.26,51.04,-0.69,1,1704,1679,NW
1174500.901,X_LEG_3,2.26,51.04,-0.69,1,1704,1679,NW
1174500.922,X_LEG_3,2.26,51.04,-0.69,1,1704,1679,NW
1174500.942,X_LEG_3,2.26,51.04,-0.69,1,1704,1679,NW
1174500.963,X_LEG_3,2.21,50.68,-0.72,1,1703,1679,NW
1174500.983,X_LEG_3,2.21,50.68,-0.72,1,1703,1679,NW
1174501.004,X_LEG_3,2.21,50.68,-0.72,1,1703,1679,NW
1174501.024,X_LEG_3,2.21,50.68,-0.72,1,1703,1679,NW
1174501.044,X_LEG_3,2.21,50.68,-0.72,1,1703,1679,NW
1174501.064,X_LEG_3,2.21,50.68,-0.72,1,1703,1679,NW
1174501.085,X_LEG_3,2.21,50.68,-0.72,1,1703,1679,NW
1174501.106,X_LEG_3,2.21,50.68,-0.72,1,1703,1679,NW
1174501.126,X_LEG_3,2.21,50.68,-0.72,1,1703,1679,NW
1174501.146,X_LEG_3,2.21,50.68,-0.72,1,1703,1679,NW
1174501.167,X_LEG_3,2.17,50.33,-0.74,1,1701,1679,NW
1174501.187,X_LEG_3,2.17,50.33,-0.74,1,1701,1679,NW
1174501.208,X_LEG_3,2.17,50.33,-0.74,1,1701,1679,NW
1174501.228,X_LEG_3,2.17,50.33,-0.74,1,1701,1679,NW
1174501.248,X_LEG_3,2.17,50.33,-0.74,1,1701,1679,NW
1174501.269,X_LEG_3,2.13,49.98,-0.77,1,1700,1679,NW
1174501.290,X_LEG_3,2.13,49.98,-0.77,1,1700,1679,NW
1174501.310,X_LEG_3,2.13,49.98,-0.77,1,1700,1679,NW
1174501.330,X_LEG_3,2.13,49.98,-0.77,1,1700,1679,NW
1174501.352,X_LEG_3,2.13,49.98,-0.77,1,1700,1679,NW
1174501.372,X_LEG_3,2.09,49.62,-0.78,1,1698,1679,NW
1174501.393,X_LEG_3,2.09,49.62,-0.78,1,1698,1679,NW
1174501.413,X_LEG_3,2.09,49.62,-0.78,1,1698,1679,NW
1174501.434,X_LEG_3,2.09,49.62,-0.78,1,1698,1679,NW
1174501.454,X_LEG_3,2.09,49.62,-0.78,1,1698,1679,NW
1174501.474,X_LEG_3,2.09,49.62,-0.78,1,1698,1679,NW
1174501.495,X_LEG_3,2.09,49.62,-0.78,1,1698,1679,NW
1174501.515,X_LEG_3,2.09,49.62,-0.78,1,1698,1679,NW
1174501.535,X_LEG_3,2.09,49.62,-0.78,1,1698,1679,NW
1174501.556,X_LEG_3,2.09,49.62,-0.78,1,1698,1679,NW
1174501.576,X_LEG_3,2.06,49.28,-0.81,1,1697,1679,NW
1174501.596,X_LEG_3,2.06,49.28,-0.81,1,1697,1679,NW
1174501.617,X_LEG_3,2.06,49.28,-0.81,1,1697,1679,NW
1174501.638,X_LEG_3,2.06,49.28,-0.81,1,1697,1679,NW
1174501.658,X_LEG_3,2.06,49.28,-0.81,1,1697,1679,NW
1174501.679,X_LEG_3,2.02,48.92,-0.84,1,1696,1679,NW
1174501.699,X_LEG_3,2.02,48.92,-0.84,1,1696,1679,NW
1174501.720,X_LEG_3,2.02,48.92,-0.84,1,1696,1679,NW
1174501.741,X_LEG_3,2.02,48.92,-0.84,1,1696,1679,NW
1174501.761,X_LEG_3,2.02,48.92,-0.84,1,1696,1679,NW
1174501.781,X_LEG_3,1.99,48.57,-0.87,1,1694,1680,NW
1174501.802,X_LEG_3,1.99,48.57,-0.87,1,1694,1680,NW
1174501.822,X_LEG_3,1.99,48.57,-0.87,1,1694,1680,NW
1174501.843,X_LEG_3,1.99,48.57,-0.87,1,1694,1680,NW
1174501.863,X_LEG_3,1.99,48.57,-0.87,1,1694,1680,NW
1174501.884,X_LEG_3,1.96,48.22,-0.89,1,1693,1680,NW
1174501.904,X_LEG_3,1.96,48.22,-0.89,1,1693,1680,NW
1174501.925,X_LEG_3,1.96,48.22,-0.89,1,1693,1680,NW
1174501.945,X_LEG_3,1.96,48.22,-0.89,1,1693,1680,NW
1174501.965,X_LEG_3,1.96,48.22,-0.89,1,1693,1680,NW
1174501.986,X_LEG_3,1.93,47.87,-0.92,1,1691,1680,NW
1174502.006,X_LEG_3,1.93,47.87,-0.92,1,1691,1680,NW
1174502.027,X_LEG_3,1.93,47.87,-0.92,1,1691,1680,NW
1174502.048,X_LEG_3,1.93,47.87,-0.92,1,1691,1680,NW
1174502.068,X_LEG_3,1.93,47.87,-0.92,1,1691,1680,NW
1174502.089,X_LEG_3,1.93,47.87,-0.92,1,1691,1680,NW
1174502.109,X_LEG_3,1.93,47.87,-0.92,1,1691,1680,NW
1174502.131,X_LEG_3,1.93,47.87,-0.92,1,1691,1680,NW
1174502.151,X_LEG_3,1.93,47.87,-0.92,1,1691,1680,NW
1174502.171,X_LEG_3,1.93,47.87,-0.92,1,1691,1680,NW
1174502.192,X_LEG_3,1.90,47.52,-0.95,1,1690,1680,NW
1174502.213,X_LEG_3,1.90,47.52,-0.95,1,1690,1680,NW
1174502.233,X_LEG_3,1.90,47.52,-0.95,1,1690,1680,NW
1174502.253,X_LEG_3,1.90,47.52,-0.95,1,1690,1680,NW
1174502.274,X_LEG_3,1.90,47.52,-0.95,1,1690,1680,NW
1174502.294,X_LEG_3,1.88,47.29,-0.96,1,1689,1680,NW
1174502.315,X_LEG_3,1.88,47.29,-0.96,1,1689,1680,NW
1174502.336,X_LEG_3,1.88,47.29,-0.96,1,1689,1680,NW
1174502.356,X_LEG_3,1.88,47.29,-0.96,1,1689,1680,NW
1174502.376,X_LEG_3,1.88,47.29,-0.96,1,1689,1680,NW
1174502.397,X_LEG_3,1.86,46.94,-0.99,1,1688,1680,NW
1174502.417,X_LEG_3,1.86,46.94,-0.99,1,1688,1680,NW
1174502.438,X_LEG_3,1.86,46.94,-0.99,1,1688,1680,NW
1174502.458,X_LEG_3,1.86,46.94,-0.99,1,1688,1680,NW
1174502.479,X_LEG_3,1.86,46.94,-0.99,1,1688,1680,NW
1174502.499,X_LEG_3,1.84,46.58,-1.01,1,1686,1680,NW
1174502.521,X_LEG_3,1.84,46.58,-1.01,1,1686,1680,NW
1174502.541,X_LEG_3,1.84,46.58,-1.01,1,1686,1680,NW
1174502.561,X_LEG_3,1.84,46.58,-1.01,1,1686,1680,NW
1174502.582,X_LEG_3,1.84,46.58,-1.01,1,1686,1680,NW
1174502.602,X_LEG_3,1.84,46.58,-1.01,1,1686,1680,NW
1174502.623,X_LEG_3,1.84,46.58,-1.01,1,1686,1680,NW
1174502.643,X_LEG_3,1.84,46.58,-1.01,1,1686,1680,NW
1174502.664,X_LEG_3,1.84,46.58,-1.01,1,1686,1680,NW
1174502.684,X_LEG_3,1.84,46.58,-1.01,1,1686,1680,NW
1174502.705,X_LEG_3,1.82,46.24,-1.04,1,1685,1680,NW
1174502.725,X_LEG_3,1.82,46.24,-1.04,1,1685,1680,NW
1174502.746,X_LEG_3,1.82,46.24,-1.04,1,1685,1680,NW
1174502.766,X_LEG_3,1.82,46.24,-1.04,1,1685,1680,NW
1174502.786,X_LEG_3,1.82,46.24,-1.04,1,1685,1680,NW
1174502.807,X_LEG_3,1.80,45.90,-1.06,1,1684,1680,NW
1174502.828,X_LEG_3,1.80,45.90,-1.06,1,1684,1680,NW
1174502.849,X_LEG_3,1.80,45.90,-1.06,1,1684,1680,NW
1174502.870,X_LEG_3,1.80,45.90,-1.06,1,1684,1680,NW
1174502.890,X_LEG_3,1.80,45.90,-1.06,1,1684,1680,NW
1174502.911,X_LEG_3,1.78,45.55,-1.09,1,1682,1680,NW
1174502.932,X_LEG_3,1.78,45.55,-1.09,1,1682,1680,NW
1174502.952,X_LEG_3,1.78,45.55,-1.09,1,1682,1680,NW
1174502.973,X_LEG_3,1.78,45.55,-1.09,1,1682,1680,NW
1174502.993,X_LEG_3,1.78,45.55,-1.09,1,1682,1680,NW
1174503.014,X_LEG_3,1.77,45.21,-1.13,1,1681,1680,NW
1174503.034,X_LEG_3,1.77,45.21,-1.13,1,1681,1680,NW
1174503.055,X_LEG_3,1.77,45.21,-1.13,1,1681,1680,NW
1174503.075,X_LEG_3,1.77,45.21,-1.13,1,1681,1680,NW
1174503.096,X_LEG_3,1.77,45.21,-1.13,1,1681,1680,NW
1174503.116,X_LEG_3,1.77,44.86,-1.16,1,1679,1680,NW
1174503.136,X_LEG_3,1.76,44.86,-1.16,1,1679,1680,NW
1174503.157,X_LEG_3,1.76,44.86,-1.16,1,1679,1680,NW
1174503.178,X_LEG_3,1.76,44.86,-1.16,1,1679,1680,NW
1174503.198,X_LEG_3,1.76,44.86,-1.16,1,1679,1680,NW
1174503.219,X_LEG_3,1.76,44.86,-1.16,1,1679,1680,NW
1174503.239,X_LEG_3,1.76,44.86,-1.16,1,1679,1680,NW
1174503.260,X_LEG_3,1.76,44.86,-1.16,1,1679,1680,NW
1174503.280,X_LEG_3,1.76,44.86,-1.16,1,1679,1680,NW
1174503.301,X_LEG_3,1.76,44.86,-1.16,1,1679,1680,NW
1174503.321,X_LEG_3,1.75,44.52,-1.18,1,1678,1680,NW
1174503.341,X_LEG_3,1.75,44.52,-1.18,1,1678,1680,NW
1174503.362,X_LEG_3,1.75,44.52,-1.18,1,1678,1680,NW
1174503.382,X_LEG_3,1.75,44.52,-1.18,1,1678,1680,NW
1174503.403,X_LEG_3,1.75,44.52,-1.18,1,1678,1680,NW
1174503.424,X_LEG_3,1.74,44.17,-1.21,1,1677,1680,NW
1174503.445,X_LEG_3,1.74,44.17,-1.21,1,1677,1680,NW
1174503.465,X_LEG_3,1.74,44.17,-1.21,1,1677,1680,NW
1174503.486,X_LEG_3,1.74,44.17,-1.21,1,1677,1680,NW
1174503.507,X_LEG_3,1.74,44.17,-1.21,1,1677,1680,NW
1174503.527,X_LEG_3,1.73,43.83,-0.24,1,1675,1680,NW
1174503.548,X_LEG_3,1.73,43.83,-0.24,1,1675,1680,NW
1174503.569,X_LEG_3,1.73,43.83,-0.24,1,1675,1680,NW
1174503.589,X_LEG_3,1.73,43.83,-0.24,1,1675,1680,NW
1174503.610,X_LEG_3,1.73,43.83,-0.24,1,1675,1680,NW
1174503.630,X_LEG_3,1.73,43.49,-0.27,1,1674,1680,NW
1174503.651,X_LEG_3,1.73,43.49,-0.27,1,1674,1680,NW
1174503.671,X_LEG_3,1.73,43.49,-0.27,1,1674,1680,NW
1174503.692,X_LEG_3,1.73,43.49,-0.27,1,1674,1680,NW
1174503.712,X_LEG_3,1.73,43.49,-0.27,1,1674,1680,NW
1174503.733,X_LEG_3,1.72,43.14,-0.30,1,1673,1680,NW
1174503.753,X_LEG_3,1.72,43.14,-0.30,1,1673,1680,NW
1174503.773,X_LEG_3,1.72,43.14,-0.30,1,1673,1680,NW
1174503.794,X_LEG_3,1.72,43.14,-0.30,1,1673,1680,NW
1174503.814,X_LEG_3,1.72,43.14,-0.30,1,1673,1680,NW
1174503.835,X_LEG_3,1.72,42.81,-0.33,1,1671,1680,NW
1174503.855,X_LEG_3,1.72,42.81,-0.33,1,1671,1680,NW
1174503.876,X_LEG_3,1.72,42.81,-0.33,1,1671,1680,NW
1174503.896,X_LEG_3,1.72,42.81,-0.33,1,1671,1680,NW
1174503.916,X_LEG_3,1.72,42.81,-0.33,1,1671,1680,NW
1174503.936,X_LEG_3,1.72,42.47,-0.36,1,1670,1680,NW
1174503.957,X_LEG_3,1.72,42.47,-0.36,1,1670,1680,NW
1174503.977,X_LEG_3,1.72,42.47,-0.36,1,1670,1680,NW
1174503.997,X_LEG_3,1.72,42.47,-0.36,1,1670,1680,NW
1174504.018,X_LEG_3,1.72,42.47,-0.36,1,1670,1680,NW
1174504.038,X_LEG_3,1.73,42.14,-0.39,1,1669,1680,NW
1174504.059,X_LEG_3,1.73,42.14,-0.39,1,1669,1680,NW
1174504.079,X_LEG_3,1.73,42.14,-0.39,1,1669,1680,NW
1174504.100,X_LEG_3,1.73,42.14,-0.39,1,1669,1680,NW
1174504.120,X_LEG_3,1.73,42.14,-0.39,1,1669,1680,NW
1174504.141,X_LEG_3,1.73,41.80,-0.42,1,1667,1680,NW
1174504.161,X_LEG_3,1.73,41.80,-0.42,1,1667,1680,NW
1174504.181,X_LEG_3,1.73,41.80,-0.42,1,1667,1680,NW
1174504.202,X_LEG_3,1.73,41.80,-0.42,1,1667,1680,NW
1174504.222,X_LEG_3,1.73,41.80,-0.42,1,1667,1680,NW
1174504.242,X_LEG_3,1.73,41.80,-0.42,1,1667,1680,NW
1174504.263,X_LEG_3,1.73,41.80,-0.42,1,1667,1680,NW
1174504.283,X_LEG_3,1.73,41.80,-0.42,1,1667,1680,NW
1174504.304,X_LEG_3,1.73,41.80,-0.42,1,1667,1680,NW
1174504.324,X_LEG_3,1.73,41.80,-0.42,1,1667,1680,NW
1174504.344,X_LEG_3,1.74,41.47,-0.45,1,1666,1680,NW
1174504.365,X_LEG_3,1.74,41.47,-0.45,1,1666,1680,NW
1174504.386,X_LEG_3,1.74,41.47,-0.45,1,1666,1680,NW
1174504.406,X_LEG_3,1.74,41.47,-0.45,1,1666,1680,NW
1174504.427,X_LEG_3,1.74,41.47,-0.45,1,1666,1680,NW
1174504.447,X_LEG_3,1.74,41.13,-0.49,1,1665,1680,NW
1174504.468,X_LEG_3,1.74,41.13,-0.49,1,1665,1680,NW
1174504.488,X_LEG_3,1.74,41.13,-0.49,1,1665,1680,NW
1174504.509,X_LEG_3,1.74,41.13,-0.49,1,1665,1680,NW
1174504.529,X_LEG_3,1.74,41.13,-0.49,1,1665,1680,NW
1174504.550,X_LEG_3,1.75,40.81,-0.51,1,1663,1680,NW
1174504.570,X_LEG_3,1.75,40.81,-0.51,1,1663,1680,NW
1174504.590,X_LEG_3,1.75,40.81,-0.51,1,1663,1680,NW
1174504.611,X_LEG_3,1.75,40.81,-0.51,1,1663,1680,NW
1174504.632,X_LEG_3,1.75,40.81,-0.51,1,1663,1680,NW
1174504.652,X_LEG_3,1.77,40.47,-0.55,1,1662,1680,NW
1174504.673,X_LEG_3,1.77,40.47,-0.55,1,1662,1680,NW
1174504.693,X_LEG_3,1.77,40.47,-0.55,1,1662,1680,NW
1174504.714,X_LEG_3,1.77,40.47,-0.55,1,1662,1680,NW
1174504.734,X_LEG_3,1.77,40.47,-0.55,1,1662,1680,NW
1174504.755,X_LEG_3,1.78,40.14,-0.58,1,1661,1680,NW
1174504.775,X_LEG_3,1.78,40.14,-0.58,1,1661,1680,NW
1174504.795,X_LEG_3,1.78,40.14,-0.58,1,1661,1680,NW
1174504.816,X_LEG_3,1.78,40.14,-0.58,1,1661,1680,NW
1174504.836,X_LEG_3,1.78,40.14,-0.58,1,1661,1680,NW
1174504.857,X_LEG_3,1.80,39.82,-0.61,1,1659,1680,NW
1174504.877,X_LEG_3,1.80,39.82,-0.61,1,1659,1680,NW
1174504.898,X_LEG_3,1.80,39.82,-0.61,1,1659,1680,NW
1174504.918,X_LEG_3,1.80,39.82,-0.61,1,1659,1680,NW
1174504.938,X_LEG_3,1.80,39.82,-0.61,1,1659,1680,NW
1174504.959,X_LEG_3,1.81,39.49,-0.64,1,1658,1680,NW
1174504.979,X_LEG_3,1.81,39.49,-0.64,1,1658,1680,NW
1174504.999,X_LEG_3,1.81,39.49,-0.64,1,1658,1680,NW
1174505.019,X_LEG_3,1.81,39.49,-0.64,1,1658,1680,NW
1174505.040,X_LEG_3,1.81,39.49,-0.64,1,1658,1680,NW
1174505.060,X_LEG_3,1.83,39.16,-0.68,1,1657,1680,NW
1174505.081,X_LEG_3,1.83,39.16,-0.68,1,1657,1680,NW
1174505.103,X_LEG_3,1.83,39.16,-0.68,1,1657,1680,NW
1174505.123,X_LEG_3,1.83,39.16,-0.68,1,1657,1680,NW
1174505.143,X_LEG_3,1.83,39.16,-0.68,1,1657,1680,NW
1174505.163,X_LEG_3,1.83,39.16,-0.68,1,1657,1680,NW
1174505.184,X_LEG_3,1.83,39.16,-0.68,1,1657,1680,NW
1174505.204,X_LEG_3,1.83,39.16,-0.68,1,1657,1680,NW
1174505.225,X_LEG_3,1.83,39.16,-0.68,1,1657,1680,NW
1174505.245,X_LEG_3,1.83,39.16,-0.68,1,1657,1680,NW
1174505.265,X_LEG_3,1.85,38.83,-0.71,1,1655,1680,NW
1174505.286,X_LEG_3,1.85,38.83,-0.71,1,1655,1680,NW
1174505.306,X_LEG_3,1.85,38.83,-0.71,1,1655,1680,NW
1174505.327,X_LEG_3,1.85,38.83,-0.71,1,1655,1680,NW
1174505.347,X_LEG_3,1.85,38.83,-0.71,1,1655,1680,NW
1174505.368,X_LEG_3,1.88,38.51,-0.75,1,1654,1680,NW
1174505.388,X_LEG_3,1.88,38.51,-0.75,1,1654,1680,NW
1174505.409,X_LEG_3,1.88,38.51,-0.75,1,1654,1680,NW
1174505.429,X_LEG_3,1.88,38.51,-0.75,1,1654,1680,NW
1174505.449,X_LEG_3,1.88,38.51,-0.75,1,1654,1680,NW
1174505.470,X_LEG_3,1.90,38.19,-0.78,1,1653,1680,NW
1174505.491,X_LEG_3,1.90,38.19,-0.78,1,1653,1680,NW
1174505.511,X_LEG_3,1.90,38.19,-0.78,1,1653,1680,NW
1174505.531,X_LEG_3,1.90,38.19,-0.78,1,1653,1680,NW
1174505.552,X_LEG_3,1.90,38.19,-0.78,1,1653,1680,NW
1174505.572,X_LEG_3,1.93,37.87,-0.82,1,1651,1680,NW
1174505.593,X_LEG_3,1.93,37.87,-0.82,1,1651,1680,NW
1174505.613,X_LEG_3,1.93,37.87,-0.82,1,1651,1680,NW
1174505.634,X_LEG_3,1.93,37.87,-0.82,1,1651,1680,NW
1174505.654,X_LEG_3,1.93,37.87,-0.82,1,1651,1680,NW
1174505.674,X_LEG_3,1.95,37.56,-0.85,1,1650,1680,NW
1174505.695,X_LEG_3,1.95,37.56,-0.85,1,1650,1680,NW
1174505.716,X_LEG_3,1.95,37.56,-0.85,1,1650,1680,NW
1174505.736,X_LEG_3,1.95,37.56,-0.85,1,1650,1680,NW
1174505.756,X_LEG_3,1.95,37.56,-0.85,1,1650,1680,NW
1174505.777,X_LEG_3,1.99,37.24,-0.88,1,1649,1680,NW
1174505.797,X_LEG_3,1.99,37.24,-0.88,1,1649,1680,NW
1174505.818,X_LEG_3,1.99,37.24,-0.88,1,1649,1680,NW
1174505.838,X_LEG_3,1.99,37.24,-0.88,1,1649,1680,NW
1174505.859,X_LEG_3,1.99,37.24,-0.88,1,1649,1680,NW
1174505.879,X_LEG_3,2.02,36.93,-0.91,1,1648,1679,NW
1174505.900,X_LEG_3,2.02,36.93,-0.91,1,1648,1679,NW
1174505.920,X_LEG_3,2.02,36.93,-0.91,1,1648,1679,NW
1174505.941,X_LEG_3,2.02,36.93,-0.91,1,1648,1679,NW
1174505.963,X_LEG_3,2.02,36.93,-0.91,1,1648,1679,NW
1174505.983,X_LEG_3,2.05,36.61,-0.96,1,1646,1679,NW
1174506.003,X_LEG_3,2.05,36.61,-0.96,1,1646,1679,NW
1174506.024,X_LEG_3,2.05,36.61,-0.96,1,1646,1679,NW
1174506.044,X_LEG_3,2.05,36.61,-0.96,1,1646,1679,NW
1174506.065,X_LEG_3,2.05,36.61,-0.96,1,1646,1679,NW
1174506.085,X_LEG_3,2.09,36.30,-0.99,1,1645,1679,NW
1174506.106,X_LEG_3,2.09,36.30,-0.99,1,1645,1679,NW
1174506.126,X_LEG_3,2.09,36.30,-0.99,1,1645,1679,NW
1174506.147,X_LEG_3,2.09,36.30,-0.99,1,1645,1679,NW
1174506.167,X_LEG_3,2.09,36.30,-0.99,1,1645,1679,NW
1174506.188,X_LEG_3,2.09,36.30,-0.99,1,1645,1679,NW
1174506.209,X_LEG_3,2.09,36.30,-0.99,1,1645,1679,NW
1174506.229,X_LEG_3,2.09,36.30,-0.99,1,1645,1679,NW
1174506.250,X_LEG_3,2.09,36.30,-0.99,1,1645,1679,NW
1174506.270,X_LEG_3,2.09,36.30,-0.99,1,1645,1679,NW
1174506.290,X_LEG_3,2.12,35.99,-1.02,1,1644,1679,NW
1174506.311,X_LEG_3,2.12,35.99,-1.02,1,1644,1679,NW
1174506.331,X_LEG_3,2.12,35.99,-1.02,1,1644,1679,NW
1174506.353,X_LEG_3,2.12,35.99,-1.02,1,1644,1679,NW
1174506.373,X_LEG_3,2.12,35.99,-1.02,1,1644,1679,NW
1174506.394,X_LEG_3,2.16,35.68,-1.07,1,1643,1679,NW
1174506.414,X_LEG_3,2.16,35.68,-1.07,1,1643,1679,NW
1174506.435,X_LEG_3,2.16,35.68,-1.07,1,1643,1679,NW
1174506.455,X_LEG_3,2.16,35.68,-1.07,1,1643,1679,NW
1174506.475,X_LEG_3,2.16,35.68,-1.07,1,1643,1679,NW
1174506.496,X_LEG_3,2.20,35.38,-1.10,1,1642,1679,NW
1174506.516,X_LEG_3,2.20,35.38,-1.10,1,1642,1679,NW
1174506.537,X_LEG_3,2.20,35.38,-1.10,1,1642,1679,NW
1174506.557,X_LEG_3,2.20,35.38,-1.10,1,1642,1679,NW
1174506.577,X_LEG_3,2.20,35.38,-1.10,1,1642,1679,NW
1174506.598,X_LEG_3,2.23,35.27,-1.07,1,1641,1679,NW
1174506.618,X_LEG_3,2.23,35.27,-1.07,1,1641,1679,NW
1174506.638,X_LEG_3,2.23,35.27,-1.07,1,1641,1679,NW
1174506.659,X_LEG_3,2.23,35.27,-1.07,1,1641,1679,NW
1174506.680,X_LEG_3,2.23,35.27,-1.07,1,1641,1679,NW
1174506.701,X_LEG_3,2.26,35.26,-43.03,0,1500,1679,NW
1174506.721,X_LEG_3,2.26,35.26,-43.03,0,1500,1679,NW
1174506.741,X_LEG_3,2.26,35.26,-43.03,0,1500,1679,NW
1174506.762,X_LEG_3,2.26,35.26,-43.03,0,1500,1679,NW
1174506.782,X_LEG_3,2.26,35.26,-43.03,0,1500,1679,NW
1174506.802,X_LEG_3,2.29,35.25,-42.99,0,1500,1679,NW
1174506.823,X_LEG_3,2.29,35.25,-42.99,0,1500,1679,NW
1174506.843,X_LEG_3,2.29,35.25,-42.99,0,1500,1679,NW
1174506.864,X_LEG_3,2.29,35.25,-42.99,0,1500,1679,NW
1174506.886,X_LEG_3,2.29,35.25,-42.99,0,1500,1679,NW
1174506.906,X_LEG_3,2.33,35.25,-42.91,0,1500,1679,NW
1174506.927,X_LEG_3,2.33,35.25,-42.91,0,1500,1679,NW
1174506.948,X_LEG_3,2.33,35.25,-42.91,0,1500,1679,NW
1174506.969,X_LEG_3,2.33,35.25,-42.91,0,1500,1679,NW
1174506.989,X_LEG_3,2.33,35.25,-42.91,0,1500,1679,NW
1174507.010,X_LEG_3,2.33,35.25,-42.91,0,1500,1679,NW
1174507.030,X_LEG_3,2.33,35.25,-42.91,0,1500,1679,NW
1174507.051,X_LEG_3,2.33,35.25,-42.91,0,1500,1679,NW
1174507.071,X_LEG_3,2.33,35.25,-42.91,0,1500,1679,NW
1174507.091,X_LEG_3,2.33,35.25,-42.91,0,1500,1679,NW
1174507.112,X_LEG_3,2.36,35.25,-42.86,0,1500,1678,NW
1174507.132,X_LEG_3,2.36,35.25,-42.86,0,1500,1678,NW
1174507.153,X_LEG_3,2.36,35.25,-42.86,0,1500,1678,NW
1174507.173,X_LEG_3,2.36,35.25,-42.86,0,1500,1678,NW
1174507.194,X_LEG_3,2.36,35.25,-42.86,0,1500,1678,NW
1174507.214,X_LEG_3,2.39,35.25,-77.84,0,1500,1678,NW
1174507.235,X_LEG_3,2.39,35.25,-77.84,0,1500,1678,NW
1174507.255,X_LEG_3,2.39,35.25,-77.84,0,1500,1678,NW
1174507.276,X_LEG_3,2.39,35.25,-77.84,0,1500,1678,NW
1174507.297,X_LEG_3,2.39,35.25,-77.84,0,1500,1678,NW
1174507.318,X_LEG_3,2.42,35.24,-77.82,0,1500,1678,NW
1174507.339,X_LEG_3,2.42,35.24,-77.82,0,1500,1678,NW
1174507.359,X_LEG_3,2.42,35.24,-77.82,0,1500,1678,NW
1174507.379,X_LEG_3,2.42,35.24,-77.82,0,1500,1678,NW
1174507.401,X_LEG_3,2.42,35.24,-77.82,0,1500,1678,NW
1174507.421,X_LEG_3,2.45,35.24,-77.82,0,1500,1678,NW
1174507.442,X_LEG_3,2.45,35.24,-77.82,0,1500,1678,NW
1174507.462,X_LEG_3,2.45,35.24,-77.82,0,1500,1678,NW
1174507.483,X_LEG_3,2.45,35.24,-77.82,0,1500,1678,NW
1174507.503,X_LEG_3,2.45,35.24,-77.82,0,1500,1678,NW
1174507.524,X_LEG_3,2.48,35.23,-77.84,0,1500,1678,NW
1174507.544,X_LEG_3,2.48,35.23,-77.84,0,1500,1678,NW
1174507.565,X_LEG_3,2.48,35.23,-77.84,0,1500,1678,NW
1174507.585,X_LEG_3,2.48,35.23,-77.84,0,1500,1678,NW
1174507.606,X_LEG_3,2.48,35.23,-77.84,0,1500,1678,NW
1174507.626,X_LEG_3,2.51,35.23,-77.88,0,1500,1678,NW
1174507.646,X_LEG_3,2.51,35.23,-77.88,0,1500,1678,NW
1174507.668,X_LEG_3,2.51,35.23,-77.88,0,1500,1678,NW
1174507.688,X_LEG_3,2.51,35.23,-77.88,0,1500,1678,NW
1174507.709,X_LEG_3,2.51,35.23,-77.88,0,1500,1678,NW
1174507.729,X_LEG_3,2.54,35.25,-56.93,0,1500,1678,NW
1174507.749,X_LEG_3,2.54,35.25,-56.93,0,1500,1678,NW
1174507.770,X_LEG_3,2.54,35.25,-56.93,0,1500,1678,NW
1174507.790,X_LEG_3,2.54,35.25,-56.93,0,1500,1678,NW
1174507.811,X_LEG_3,2.54,35.25,-56.93,0,1500,1678,NW
1174507.831,X_LEG_3,2.54,35.25,-56.93,0,1500,1678,NW
1174507.852,X_LEG_3,2.54,35.25,-56.93,0,1500,1678,NW
1174507.872,X_LEG_3,2.54,35.25,-56.93,0,1500,1678,NW
1174507.893,X_LEG_3,2.54,35.25,-56.93,0,1500,1678,NW
1174507.914,X_LEG_3,2.54,35.25,-56.93,0,1500,1678,NW
1174507.935,X_LEG_3,2.55,35.28,-56.96,0,1500,1678,NW
1174507.955,X_LEG_3,2.55,35.28,-56.96,0,1500,1678,NW
1174507.976,X_LEG_3,2.55,35.28,-56.96,0,1500,1678,NW
1174507.996,X_LEG_3,2.55,35.28,-56.96,0,1500,1678,NW
1174508.017,X_LEG_3,2.55,35.28,-56.96,0,1500,1678,NW
1174508.037,X_LEG_3,2.55,35.31,-57.01,0,1500,1678,NW
1174508.057,X_LEG_3,2.55,35.31,-57.01,0,1500,1678,NW
1174508.077,X_LEG_3,2.55,35.31,-57.01,0,1500,1678,NW
1174508.098,X_LEG_3,2.55,35.31,-57.01,0,1500,1678,NW
1174508.118,X_LEG_3,2.55,35.31,-57.01,0,1500,1678,NW
1174508.139,X_LEG_3,2.56,35.33,-57.05,0,1500,1678,NW
1174508.159,X_LEG_3,2.56,35.33,-57.05,0,1500,1678,NW
1174508.179,X_LEG_3,2.56,35.33,-57.05,0,1500,1678,NW
1174508.199,X_LEG_3,2.56,35.33,-57.05,0,1500,1678,NW
1174508.220,X_LEG_3,2.56,35.33,-57.05,0,1500,1678,NW
1174508.240,X_LEG_3,2.58,35.34,-57.09,0,1500,1678,NW
1174508.261,X_LEG_3,2.58,35.34,-57.09,0,1500,1678,NW
1174508.281,X_LEG_3,2.58,35.34,-57.09,0,1500,1678,NW
1174508.302,X_LEG_3,2.58,35.34,-57.09,0,1500,1678,NW
1174508.322,X_LEG_3,2.58,35.34,-57.09,0,1500,1678,NW
1174508.344,X_LEG_3,2.59,35.36,-9.14,1,1641,1678,NW
1174508.364,X_LEG_3,2.59,35.36,-9.14,1,1641,1678,NW
1174508.384,X_LEG_3,2.59,35.36,-9.14,1,1641,1678,NW
1174508.405,X_LEG_3,2.59,35.36,-9.14,1,1641,1678,NW
1174508.425,X_LEG_3,2.59,35.36,-9.14,1,1641,1678,NW
1174508.446,X_LEG_3,2.61,35.37,-9.18,1,1641,1678,NW
1174508.468,X_LEG_3,2.61,35.37,-9.18,1,1641,1678,NW
1174508.489,X_LEG_3,2.61,35.37,-9.18,1,1641,1678,NW
1174508.510,X_LEG_3,2.61,35.37,-9.18,1,1641,1678,NW
1174508.532,X_LEG_3,2.61,35.37,-9.18,1,1641,1678,NW
1174508.552,X_LEG_3,2.62,35.36,-9.22,1,1641,1678,NW
1174508.572,X_LEG_3,2.62,35.36,-9.22,1,1641,1678,NW
1174508.593,X_LEG_3,2.62,35.36,-9.22,1,1641,1678,NW
1174508.614,X_LEG_3,2.62,35.36,-9.22,1,1641,1678,NW
1174508.634,X_LEG_3,2.62,35.36,-9.22,1,1641,1678,NW
1174508.655,X_LEG_3,2.63,35.37,-9.27,1,1641,1678,NW
1174508.675,X_LEG_3,2.63,35.37,-9.27,1,1641,1678,NW
1174508.695,X_LEG_3,2.63,35.37,-9.27,1,1641,1678,NW
1174508.717,X_LEG_3,2.63,35.37,-9.27,1,1641,1678,NW
1174508.737,X_LEG_3,2.63,35.37,-9.27,1,1641,1678,NW
1174508.758,X_LEG_3,2.65,35.38,-9.30,1,1642,1678,NW
1174508.779,X_LEG_3,2.65,35.38,-9.30,1,1642,1678,NW
1174508.799,X_LEG_3,2.65,35.38,-9.30,1,1642,1678,NW
1174508.819,X_LEG_3,2.65,35.38,-9.30,1,1642,1678,NW
1174508.840,X_LEG_3,2.65,35.38,-9.30,1,1642,1678,NW
1174508.860,X_LEG_3,2.65,35.38,-9.30,1,1642,1678,NW
1174508.881,X_LEG_3,2.65,35.38,-9.30,1,1642,1678,NW
1174508.901,X_LEG_3,2.65,35.38,-9.30,1,1642,1678,NW
1174508.922,X_LEG_3,2.65,35.38,-9.30,1,1642,1678,NW
1174508.943,X_LEG_3,2.65,35.38,-9.30,1,1642,1678,NW
1174508.963,X_LEG_3,2.67,35.39,9.67,1,1642,1677,NW
1174508.984,X_LEG_3,2.67,35.39,9.67,1,1642,1677,NW
1174509.004,X_LEG_3,2.67,35.39,9.67,1,1642,1677,NW
1174509.025,X_LEG_3,2.67,35.39,9.67,1,1642,1677,NW
1174509.046,X_LEG_3,2.67,35.39,9.67,1,1642,1677,NW
1174509.066,X_LEG_3,2.70,35.42,9.66,1,1642,1677,NW
1174509.086,X_LEG_3,2.70,35.42,9.66,1,1642,1677,NW
1174509.107,X_LEG_3,2.70,35.42,9.66,1,1642,1677,NW
1174509.127,X_LEG_3,2.70,35.42,9.66,1,1642,1677,NW
1174509.147,X_LEG_3,2.70,35.42,9.66,1,1642,1677,NW
1174509.168,X_LEG_3,2.71,35.43,9.66,1,1642,1677,NW
1174509.188,X_LEG_3,2.71,35.43,9.66,1,1642,1677,NW
1174509.209,X_LEG_3,2.71,35.43,9.66,1,1642,1677,NW
1174509.230,X_LEG_3,2.71,35.43,9.66,1,1642,1677,NW
1174509.250,X_LEG_3,2.71,35.43,9.66,1,1642,1677,NW
1174509.271,X_LEG_3,2.74,35.45,9.66,1,1642,1677,NW
1174509.292,X_LEG_3,2.74,35.45,9.66,1,1642,1677,NW
1174509.313,X_LEG_3,2.74,35.45,9.66,1,1642,1677,NW
1174509.333,X_LEG_3,2.74,35.45,9.66,1,1642,1677,NW
1174509.354,X_LEG_3,2.74,35.45,9.66,1,1642,1677,NW
1174509.374,X_LEG_3,2.77,35.47,9.65,1,1642,1677,NW
1174509.395,X_LEG_3,2.77,35.47,9.65,1,1642,1677,NW
1174509.415,X_LEG_3,2.77,35.47,9.65,1,1642,1677,NW
1174509.436,X_LEG_3,2.77,35.47,9.65,1,1642,1677,NW
1174509.456,X_LEG_3,2.77,35.47,9.65,1,1642,1677,NW
1174509.477,X_LEG_3,2.81,35.49,9.65,1,1642,1677,NW
1174509.497,X_LEG_3,2.81,35.49,9.65,1,1642,1677,NW
1174509.517,X_LEG_3,2.81,35.49,9.65,1,1642,1677,NW
1174509.538,X_LEG_3,2.81,35.49,9.65,1,1642,1677,NW
1174509.560,X_LEG_3,2.81,35.49,9.65,1,1642,1677,NW
1174509.580,X_LEG_3,2.81,35.49,1.65,1,1642,1677,NW
1174509.601,X_LEG_3,2.81,35.49,1.65,1,1642,1677,NW
1174509.621,X_LEG_3,2.81,35.49,1.65,1,1642,1677,NW
1174509.642,X_LEG_3,2.81,35.49,1.65,1,1642,1677,NW
1174509.662,X_LEG_3,2.81,35.49,1.65,1,1642,1677,NW
1174509.682,X_LEG_3,2.85,35.49,1.67,1,1642,1677,NW
1174509.702,X_LEG_3,2.85,35.49,1.67,1,1642,1677,NW
1174509.723,X_LEG_3,2.85,35.49,1.67,1,1642,1677,NW
1174509.743,X_LEG_3,2.85,35.49,1.67,1,1642,1677,NW
1174509.764,X_LEG_3,2.85,35.49,1.67,1,1642,1677,NW
1174509.784,X_LEG_3,2.89,35.49,1.67,1,1642,1677,NW
1174509.805,X_LEG_3,2.89,35.49,1.67,1,1642,1677,NW
1174509.825,X_LEG_3,2.89,35.49,1.67,1,1642,1677,NW
1174509.846,X_LEG_3,2.89,35.49,1.67,1,1642,1677,NW
1174509.866,X_LEG_3,2.89,35.49,1.67,1,1642,1677,NW
1174509.887,X_LEG_3,2.93,35.50,1.69,1,1642,1677,NW
1174509.907,X_LEG_3,2.93,35.50,1.69,1,1642,1677,NW
1174509.927,X_LEG_3,2.93,35.50,1.69,1,1642,1677,NW
1174509.948,X_LEG_3,2.93,35.50,1.69,1,1642,1677,NW
1174509.969,X_LEG_3,2.93,35.50,1.69,1,1642,1677,NW
1174509.989,X_LEG_3,2.93,35.50,1.69,1,1642,1677,NW
1174510.010,X_LEG_3,2.93,35.50,1.69,1,1642,1677,NW
1174510.031,X_LEG_3,2.93,35.50,1.69,1,1642,1677,NW
1174510.051,X_LEG_3,2.93,35.50,1.69,1,1642,1677,NW
1174510.072,X_LEG_3,2.93,35.50,1.69,1,1642,1677,NW
1174510.092,X_LEG_3,2.98,35.49,5.70,1,1642,1677,NW
1174510.113,X_LEG_3,2.98,35.49,5.70,1,1642,1677,NW
1174510.133,X_LEG_3,2.98,35.49,5.70,1,1642,1677,NW
1174510.154,X_LEG_3,2.98,35.49,5.70,1,1642,1677,NW
1174510.174,X_LEG_3,2.98,35.49,5.70,1,1642,1677,NW
1174510.195,X_LEG_3,3.03,35.49,5.72,1,1642,1676,NW
1174510.215,X_LEG_3,3.03,35.49,5.72,1,1642,1676,NW
1174510.236,X_LEG_3,3.03,35.49,5.72,1,1642,1676,NW
1174510.256,X_LEG_3,3.03,35.49,5.72,1,1642,1676,NW
1174510.277,X_LEG_3,3.03,35.49,5.72,1,1642,1676,NW
1174510.297,X_LEG_3,3.09,35.49,5.73,1,1642,1676,NW
1174510.318,X_LEG_3,3.09,35.49,5.73,1,1642,1676,NW
1174510.338,X_LEG_3,3.09,35.49,5.73,1,1642,1676,NW
1174510.358,X_LEG_3,3.09,35.49,5.73,1,1642,1676,NW
1174510.379,X_LEG_3,3.09,35.49,5.73,1,1642,1676,NW
1174510.400,X_LEG_3,3.14,35.48,5.74,1,1642,1676,NW
1174510.420,X_LEG_3,3.14,35.48,5.74,1,1642,1676,NW
1174510.441,X_LEG_3,3.14,35.48,5.74,1,1642,1676,NW
1174510.461,X_LEG_3,3.14,35.48,5.74,1,1642,1676,NW
1174510.481,X_LEG_3,3.14,35.48,5.74,1,1642,1676,NW
1174510.502,X_LEG_3,3.20,35.47,5.76,1,1642,1676,NW
1174510.522,X_LEG_3,3.20,35.47,5.76,1,1642,1676,NW
1174510.543,X_LEG_3,3.20,35.47,5.76,1,1642,1676,NW
1174510.564,X_LEG_3,3.20,35.47,5.76,1,1642,1676,NW
1174510.584,X_LEG_3,3.20,35.47,5.76,1,1642,1676,NW
1174510.604,X_LEG_3,3.25,35.46,4.78,1,1642,1676,NW
1174510.624,X_LEG_3,3.25,35.46,4.78,1,1642,1676,NW
1174510.645,X_LEG_3,3.25,35.46,4.78,1,1642,1676,NW
1174510.666,X_LEG_3,3.25,35.46,4.78,1,1642,1676,NW
1174510.686,X_LEG_3,3.25,35.46,4.78,1,1642,1676,NW
1174510.706,X_LEG_3,3.31,35.44,4.78,1,1642,1676,NW
1174510.728,X_LEG_3,3.31,35.44,4.78,1,1642,1676,NW
1174510.748,X_LEG_3,3.31,35.44,4.78,1,1642,1676,NW
1174510.768,X_LEG_3,3.31,35.44,4.78,1,1642,1676,NW
1174510.789,X_LEG_3,3.31,35.44,4.78,1,1642,1676,NW
1174510.809,X_LEG_3,3.31,35.44,4.78,1,1642,1676,NW
1174510.829,X_LEG_3,3.31,35.44,4.78,1,1642,1676,NW
1174510.850,X_LEG_3,3.31,35.44,4.78,1,1642,1676,NW
1174510.871,X_LEG_3,3.31,35.44,4.78,1,1642,1676,NW
1174510.891,X_LEG_3,3.31,35.44,4.78,1,1642,1676,NW
1174510.912,X_LEG_3,3.37,35.42,4.81,1,1642,1675,NW
1174510.932,X_LEG_3,3.37,35.42,4.81,1,1642,1675,NW
1174510.953,X_LEG_3,3.37,35.42,4.81,1,1642,1675,NW
1174510.973,X_LEG_3,3.37,35.42,4.81,1,1642,1675,NW
1174510.994,X_LEG_3,3.37,35.42,4.81,1,1642,1675,NW
1174511.014,X_LEG_3,3.43,35.40,1.82,1,1642,1675,NW
1174511.034,X_LEG_3,3.43,35.40,1.82,1,1642,1675,NW
1174511.055,X_LEG_3,3.43,35.40,1.82,1,1642,1675,NW
1174511.075,X_LEG_3,3.43,35.40,1.82,1,1642,1675,NW
1174511.096,X_LEG_3,3.43,35.40,1.82,1,1642,1675,NW
1174511.116,X_LEG_3,3.49,35.37,1.83,1,1641,1675,NW
1174511.137,X_LEG_3,3.49,35.37,1.83,1,1641,1675,NW
1174511.157,X_LEG_3,3.49,35.37,1.83,1,1641,1675,NW
1174511.177,X_LEG_3,3.49,35.37,1.83,1,1641,1675,NW
1174511.198,X_LEG_3,3.49,35.37,1.83,1,1641,1675,NW
1174511.218,X_LEG_3,3.55,35.35,1.84,1,1641,1675,NW
1174511.239,X_LEG_3,3.55,35.35,1.84,1,1641,1675,NW
1174511.260,X_LEG_3,3.55,35.35,1.84,1,1641,1675,NW
1174511.280,X_LEG_3,3.55,35.35,1.84,1,1641,1675,NW
1174511.300,X_LEG_3,3.55,35.35,1.84,1,1641,1675,NW
1174511.321,X_LEG_3,3.61,35.35,1.85,1,1641,1675,NW
1174511.342,X_LEG_3,3.61,35.35,1.85,1,1641,1675,NW
1174511.362,X_LEG_3,3.61,35.35,1.85,1,1641,1675,NW
1174511.383,X_LEG_3,3.61,35.35,1.85,1,1641,1675,NW
1174511.403,X_LEG_3,3.61,35.35,1.85,1,1641,1675,NW
1174511.424,X_LEG_3,3.67,35.33,1.83,1,1641,1674,NW
1174511.444,X_LEG_3,3.67,35.33,1.83,1,1641,1674,NW
1174511.465,X_LEG_3,3.67,35.33,1.83,1,1641,1674,NW
1174511.485,X_LEG_3,3.67,35.33,1.83,1,1641,1674,NW
1174511.506,X_LEG_3,3.67,35.33,1.83,1,1641,1674,NW
1174511.526,X_LEG_3,3.73,35.31,-5.17,1,1641,1674,NW
1174511.547,X_LEG_3,3.73,35.31,-5.17,1,1641,1674,NW
1174511.567,X_LEG_3,3.73,35.31,-5.17,1,1641,1674,NW
1174511.588,X_LEG_3,3.73,35.31,-5.17,1,1641,1674,NW
1174511.608,X_LEG_3,3.73,35.31,-5.17,1,1641,1674,NW
1174511.629,X_LEG_3,3.78,35.32,-5.18,1,1641,1674,NW
1174511.650,X_LEG_3,3.78,35.32,-5.18,1,1641,1674,NW
1174511.670,X_LEG_3,3.78,35.32,-5.18,1,1641,1674,NW
1174511.691,X_LEG_3,3.78,35.32,-5.18,1,1641,1674,NW
1174511.711,X_LEG_3,3.78,35.32,-5.18,1,1641,1674,NW
1174511.731,X_LEG_3,3.83,35.32,-5.18,1,1641,1674,NW
1174511.752,X_LEG_3,3.83,35.32,-5.18,1,1641,1674,NW
1174511.772,X_LEG_3,3.83,35.32,-5.18,1,1641,1674,NW
1174511.793,X_LEG_3,3.83,35.32,-5.18,1,1641,1674,NW
1174511.813,X_LEG_3,3.83,35.32,-5.18,1,1641,1674,NW
1174511.834,X_LEG_3,3.87,35.32,-5.20,1,1641,1674,NW
1174511.854,X_LEG_3,3.87,35.32,-5.20,1,1641,1674,NW
1174511.875,X_LEG_3,3.87,35.32,-5.20,1,1641,1674,NW
1174511.895,X_LEG_3,3.87,35.32,-5.20,1,1641,1674,NW
1174511.915,X_LEG_3,3.87,35.32,-5.20,1,1641,1674,NW
1174511.935,X_LEG_3,3.87,35.32,-5.20,1,1641,1674,NW
1174511.956,X_LEG_3,3.87,35.32,-5.20,1,1641,1674,NW
1174511.976,X_LEG_3,3.87,35.32,-5.20,1,1641,1674,NW
1174511.997,X_LEG_3,3.87,35.32,-5.20,1,1641,1674,NW
1174512.017,X_LEG_3,3.87,35.32,-5.20,1,1641,1674,NW
1174512.038,X_LEG_3,3.91,35.32,-1.21,1,1641,1674,NW
1174512.058,X_LEG_3,3.91,35.32,-1.21,1,1641,1674,NW
1174512.078,X_LEG_3,3.91,35.32,-1.21,1,1641,1674,NW
1174512.099,X_LEG_3,3.91,35.32,-1.21,1,1641,1674,NW
1174512.120,X_LEG_3,3.91,35.32,-1.21,1,1641,1674,NW
1174512.140,X_LEG_3,3.95,35.33,-1.24,1,1641,1674,NW
1174512.161,X_LEG_3,3.95,35.33,-1.24,1,1641,1674,NW
1174512.181,X_LEG_3,3.95,35.33,-1.24,1,1641,1674,NW
1174512.202,X_LEG_3,3.95,35.33,-1.24,1,1641,1674,NW
1174512.222,X_LEG_3,3.95,35.33,-1.24,1,1641,1674,NW
1174512.242,X_LEG_3,3.97,35.32,-1.26,1,1641,1674,NW
1174512.263,X_LEG_3,3.97,35.32,-1.26,1,1641,1674,NW
1174512.283,X_LEG_3,3.97,35.32,-1.26,1,1641,1674,NW
1174512.303,X_LEG_3,3.97,35.32,-1.26,1,1641,1674,NW
1174512.324,X_LEG_3,3.97,35.32,-1.26,1,1641,1674,NW
1174512.344,X_LEG_3,4.01,35.32,-1.28,1,1641,1673,NW
1174512.365,X_LEG_3,4.01,35.32,-1.28,1,1641,1673,NW
1174512.385,X_LEG_3,4.01,35.32,-1.28,1,1641,1673,NW
1174512.405,X_LEG_3,4.01,35.32,-1.28,1,1641,1673,NW
1174512.426,X_LEG_3,4.01,35.32,-1.28,1,1641,1673,NW
1174512.447,X_LEG_3,4.01,35.32,-1.28,1,1641,1673,NW
1174512.467,X_LEG_3,4.01,35.32,-1.28,1,1641,1673,NW
1174512.488,X_LEG_3,4.01,35.32,-1.28,1,1641,1673,NW
1174512.509,X_LEG_3,4.01,35.32,-1.28,1,1641,1673,NW
1174512.529,X_LEG_3,4.01,35.32,-1.28,1,1641,1673,NW
1174512.550,X_LEG_3,4.04,35.31,-1.31,1,1641,1673,NW
1174512.570,X_LEG_3,4.04,35.31,-1.31,1,1641,1673,NW
1174512.591,X_LEG_3,4.04,35.31,-1.31,1,1641,1673,NW
1174512.611,X_LEG_3,4.04,35.31,-1.31,1,1641,1673,NW
1174512.631,X_LEG_3,4.04,35.31,-1.31,1,1641,1673,NW
1174512.652,X_LEG_3,4.07,35.30,6.67,1,1641,1673,NW
1174512.672,X_LEG_3,4.07,35.30,6.67,1,1641,1673,NW
1174512.693,X_LEG_3,4.07,35.30,6.67,1,1641,1673,NW
1174512.713,X_LEG_3,4.07,35.30,6.67,1,1641,1673,NW
1174512.734,X_LEG_3,4.07,35.30,6.67,1,1641,1673,NW
1174512.754,X_LEG_3,4.09,35.31,6.66,1,1641,1673,NW
1174512.774,X_LEG_3,4.09,35.31,6.66,1,1641,1673,NW
1174512.795,X_LEG_3,4.09,35.31,6.66,1,1641,1673,NW
1174512.815,X_LEG_3,4.09,35.31,6.66,1,1641,1673,NW
1174512.836,X_LEG_3,4.09,35.31,6.66,1,1641,1673,NW
1174512.857,X_LEG_3,4.11,35.33,6.66,1,1641,1673,NW
1174512.877,X_LEG_3,4.11,35.33,6.66,1,1641,1673,NW
1174512.898,X_LEG_3,4.11,35.33,6.66,1,1641,1673,NW
1174512.918,X_LEG_3,4.11,35.33,6.66,1,1641,1673,NW
1174512.938,X_LEG_3,4.11,35.33,6.66,1,1641,1673,NW
1174512.959,X_LEG_3,4.13,35.35,6.65,1,1641,1673,NW
1174512.979,X_LEG_3,4.13,35.35,6.65,1,1641,1673,NW
1174513.000,X_LEG_3,4.13,35.35,6.65,1,1641,1673,NW
1174513.020,X_LEG_3,4.13,35.35,6.65,1,1641,1673,NW
1174513.041,X_LEG_3,4.13,35.35,6.65,1,1641,1673,NW
1174513.061,X_LEG_3,4.15,35.37,6.69,1,1641,1673,NW
1174513.082,X_LEG_3,4.15,35.37,6.69,1,1641,1673,NW
1174513.102,X_LEG_3,4.15,35.37,6.69,1,1641,1673,NW
1174513.123,X_LEG_3,4.15,35.37,6.69,1,1641,1673,NW
1174513.143,X_LEG_3,4.15,35.37,6.69,1,1641,1673,NW
1174513.164,X_LEG_3,4.15,35.37,13.69,1,1641,1673,NW
1174513.184,X_LEG_3,4.15,35.37,13.69,1,1641,1673,NW
1174513.205,X_LEG_3,4.15,35.37,13.69,1,1641,1673,NW
1174513.225,X_LEG_3,4.15,35.37,13.69,1,1641,1673,NW
1174513.246,X_LEG_3,4.15,35.37,13.69,1,1641,1673,NW
1174513.267,X_LEG_3,4.18,35.39,13.73,1,1642,1673,NW
1174513.287,X_LEG_3,4.18,35.39,13.73,1,1642,1673,NW
1174513.307,X_LEG_3,4.18,35.39,13.73,1,1642,1673,NW
1174513.328,X_LEG_3,4.18,35.39,13.73,1,1642,1673,NW
1174513.348,X_LEG_3,4.18,35.39,13.73,1,1642,1673,NW
1174513.369,X_LEG_3,4.22,35.41,13.78,1,1642,1673,NW
1174513.390,X_LEG_3,4.22,35.41,13.78,1,1642,1673,NW
1174513.410,X_LEG_3,4.22,35.41,13.78,1,1642,1673,NW
1174513.431,X_LEG_3,4.22,35.41,13.78,1,1642,1673,NW
1174513.451,X_LEG_3,4.22,35.41,13.78,1,1642,1673,NW
1174513.471,X_LEG_3,4.25,35.44,13.83,1,1642,1673,NW
1174513.491,X_LEG_3,4.25,35.44,13.83,1,1642,1673,NW
1174513.512,X_LEG_3,4.25,35.44,13.83,1,1642,1673,NW
1174513.532,X_LEG_3,4.25,35.44,13.83,1,1642,1673,NW
1174513.552,X_LEG_3,4.25,35.44,13.83,1,1642,1673,NW
1174513.573,X_LEG_3,4.29,35.47,1.89,1,1642,1673,NW
1174513.593,X_LEG_3,4.29,35.47,1.89,1,1642,1673,NW
1174513.614,X_LEG_3,4.29,35.47,1.89,1,1642,1673,NW
1174513.635,X_LEG_3,4.29,35.47,1.89,1,1642,1673,NW
1174513.655,X_LEG_3,4.29,35.47,1.89,1,1642,1673,NW
1174513.675,X_LEG_3,4.33,35.49,1.93,1,1642,1673,NW
1174513.698,X_LEG_3,4.33,35.49,1.93,1,1642,1673,NW
1174513.718,X_LEG_3,4.33,35.49,1.93,1,1642,1673,NW
1174513.738,X_LEG_3,4.33,35.49,1.93,1,1642,1673,NW
1174513.759,X_LEG_3,4.33,35.49,1.93,1,1642,1673,NW
1174513.779,X_LEG_3,4.38,35.51,1.97,1,1642,1672,NW
1174513.800,X_LEG_3,4.38,35.51,1.97,1,1642,1672,NW
1174513.821,X_LEG_3,4.38,35.51,1.97,1,1642,1672,NW
1174513.841,X_LEG_3,4.38,35.51,1.97,1,1642,1672,NW
1174513.861,X_LEG_3,4.38,35.51,1.97,1,1642,1672,NW
1174513.881,X_LEG_3,4.42,35.53,2.03,1,1642,1672,NW
1174513.902,X_LEG_3,4.42,35.53,2.03,1,1642,1672,NW
1174513.922,X_LEG_3,4.42,35.53,2.03,1,1642,1672,NW
1174513.942,X_LEG_3,4.42,35.53,2.03,1,1642,1672,NW
1174513.963,X_LEG_3,4.42,35.53,2.03,1,1642,1672,NW
1174513.984,X_LEG_3,4.47,35.55,2.08,1,1642,1672,NW
1174514.004,X_LEG_3,4.47,35.55,2.08,1,1642,1672,NW
1174514.026,X_LEG_3,4.47,35.55,2.08,1,1642,1672,NW
1174514.046,X_LEG_3,4.47,35.55,2.08,1,1642,1672,NW
1174514.067,X_LEG_3,4.47,35.55,2.08,1,1642,1672,NW
1174514.088,X_LEG_3,4.52,35.57,2.12,1,1642,1672,NW
1174514.108,X_LEG_3,4.52,35.57,2.12,1,1642,1672,NW
1174514.128,X_LEG_3,4.52,35.57,2.12,1,1642,1672,NW
1174514.149,X_LEG_3,4.52,35.57,2.12,1,1642,1672,NW
1174514.169,X_LEG_3,4.52,35.57,2.12,1,1642,1672,NW
1174514.190,X_LEG_3,4.52,35.57,9.12,1,1642,1672,NW
1174514.210,X_LEG_3,4.52,35.57,9.12,1,1642,1672,NW
1174514.231,X_LEG_3,4.52,35.57,9.12,1,1642,1672,NW
1174514.251,X_LEG_3,4.52,35.57,9.12,1,1642,1672,NW
1174514.271,X_LEG_3,4.52,35.57,9.12,1,1642,1672,NW
1174514.292,X_LEG_3,4.57,35.60,9.18,1,1642,1672,NW
1174514.312,X_LEG_3,4.57,35.60,9.18,1,1642,1672,NW
1174514.332,X_LEG_3,4.57,35.60,9.18,1,1642,1672,NW
1174514.353,X_LEG_3,4.57,35.60,9.18,1,1642,1672,NW
1174514.374,X_LEG_3,4.57,35.60,9.18,1,1642,1672,NW
1174514.394,X_LEG_3,4.62,35.62,9.22,1,1642,1672,NW
1174514.416,X_LEG_3,4.62,35.62,9.22,1,1642,1672,NW
1174514.436,X_LEG_3,4.62,35.62,9.22,1,1642,1672,NW
1174514.456,X_LEG_3,4.62,35.62,9.22,1,1642,1672,NW
1174514.477,X_LEG_3,4.62,35.62,9.22,1,1642,1672,NW
1174514.497,X_LEG_3,4.68,35.66,9.27,1,1643,1671,NW
1174514.518,X_LEG_3,4.68,35.66,9.27,1,1643,1671,NW
1174514.538,X_LEG_3,4.68,35.66,9.27,1,1643,1671,NW
1174514.559,X_LEG_3,4.68,35.66,9.27,1,1643,1671,NW
1174514.579,X_LEG_3,4.68,35.66,9.27,1,1643,1671,NW
1174514.600,X_LEG_3,4.73,35.68,9.30,1,1643,1671,NW
1174514.620,X_LEG_3,4.73,35.68,9.30,1,1643,1671,NW
1174514.641,X_LEG_3,4.73,35.68,9.30,1,1643,1671,NW
1174514.661,X_LEG_3,4.73,35.68,9.30,1,1643,1671,NW
1174514.682,X_LEG_3,4.73,35.68,9.30,1,1643,1671,NW
1174514.703,X_LEG_3,4.79,35.71,6.36,1,1643,1671,NW
1174514.723,X_LEG_3,4.79,35.71,6.36,1,1643,1671,NW
1174514.744,X_LEG_3,4.79,35.71,6.36,1,1643,1671,NW
1174514.764,X_LEG_3,4.79,35.71,6.36,1,1643,1671,NW
1174514.785,X_LEG_3,4.79,35.71,6.36,1,1643,1671,NW
1174514.805,X_LEG_3,4.85,35.73,6.40,1,1643,1671,NW
1174514.826,X_LEG_3,4.85,35.73,6.40,1,1643,1671,NW
1174514.846,X_LEG_3,4.85,35.73,6.40,1,1643,1671,NW
1174514.867,X_LEG_3,4.85,35.73,6.40,1,1643,1671,NW
1174514.887,X_LEG_3,4.85,35.73,6.40,1,1643,1671,NW
1174514.908,X_LEG_3,4.90,35.75,6.44,1,1643,1671,NW
1174514.928,X_LEG_3,4.90,35.75,6.44,1,1643,1671,NW
1174514.948,X_LEG_3,4.90,35.75,6.44,1,1643,1671,NW
1174514.969,X_LEG_3,4.90,35.75,6.44,1,1643,1671,NW
1174514.989,X_LEG_3,4.90,35.75,6.44,1,1643,1671,NW
1174515.010,X_LEG_3,4.96,35.77,6.49,1,1643,1671,NW
1174515.030,X_LEG_3,4.96,35.77,6.49,1,1643,1671,NW
1174515.050,X_LEG_3,4.96,35.77,6.49,1,1643,1671,NW
1174515.071,X_LEG_3,4.96,35.77,6.49,1,1643,1671,NW
1174515.091,X_LEG_3,4.96,35.77,6.49,1,1643,1671,NW
1174515.111,X_LEG_3,4.96,35.77,6.49,1,1643,1671,NW
1174515.132,X_LEG_3,4.96,35.77,6.49,1,1643,1671,NW
1174515.153,X_LEG_3,4.96,35.77,6.49,1,1643,1671,NW
1174515.173,X_LEG_3,4.96,35.77,6.49,1,1643,1671,NW
1174515.194,X_LEG_3,4.96,35.77,6.49,1,1643,1671,NW
1174515.217,X_LEG_3,5.02,35.79,4.53,1,1643,1670,NW
1174515.237,X_LEG_3,5.02,35.79,4.53,1,1643,1670,NW
1174515.257,X_LEG_3,5.02,35.79,4.53,1,1643,1670,NW
1174515.278,X_LEG_3,5.02,35.79,4.53,1,1643,1670,NW
1174515.298,X_LEG_3,5.02,35.79,4.53,1,1643,1670,NW
1174515.319,X_LEG_3,5.08,35.80,4.57,1,1643,1670,NW
1174515.339,X_LEG_3,5.08,35.80,4.57,1,1643,1670,NW
1174515.360,X_LEG_3,5.08,35.80,4.57,1,1643,1670,NW
1174515.380,X_LEG_3,5.08,35.80,4.57,1,1643,1670,NW
1174515.401,X_LEG_3,5.08,35.80,4.57,1,1643,1670,NW
1174515.421,X_LEG_3,5.14,35.82,4.62,1,1643,1670,NW
1174515.442,X_LEG_3,5.14,35.82,4.62,1,1643,1670,NW
1174515.462,X_LEG_3,5.14,35.82,4.62,1,1643,1670,NW
1174515.483,X_LEG_3,5.14,35.82,4.62,1,1643,1670,NW
1174515.503,X_LEG_3,5.14,35.82,4.62,1,1643,1670,NW
1174515.524,X_LEG_3,5.20,35.82,4.66,1,1643,1670,NW
1174515.544,X_LEG_3,5.20,35.82,4.66,1,1643,1670,NW
1174515.565,X_LEG_3,5.20,35.82,4.66,1,1643,1670,NW
1174515.585,X_LEG_3,5.20,35.82,4.66,1,1643,1670,NW
1174515.605,X_LEG_3,5.20,35.82,4.66,1,1643,1670,NW
1174515.626,X_LEG_3,5.26,35.83,4.70,1,1643,1670,NW
1174515.646,X_LEG_3,5.26,35.83,4.70,1,1643,1670,NW
1174515.667,X_LEG_3,5.26,35.83,4.70,1,1643,1670,NW
1174515.688,X_LEG_3,5.26,35.83,4.70,1,1643,1670,NW
1174515.708,X_LEG_3,5.26,35.83,4.70,1,1643,1670,NW
1174515.730,X_LEG_3,5.33,35.84,5.74,1,1643,1670,NW
1174515.750,X_LEG_3,5.33,35.84,5.74,1,1643,1670,NW
1174515.770,X_LEG_3,5.33,35.84,5.74,1,1643,1670,NW
1174515.794,X_LEG_3,5.33,35.84,5.74,1,1643,1670,NW
1174515.813,X_LEG_3,5.33,35.84,5.74,1,1643,1670,NW
1174515.834,X_LEG_3,5.39,35.83,5.79,1,1643,1669,NW
1174515.855,X_LEG_3,5.39,35.83,5.79,1,1643,1669,NW
1174515.875,X_LEG_3,5.39,35.83,5.79,1,1643,1669,NW
1174515.896,X_LEG_3,5.39,35.83,5.79,1,1643,1669,NW
1174515.916,X_LEG_3,5.39,35.83,5.79,1,1643,1669,NW
1174515.936,X_LEG_3,5.39,35.83,5.79,1,1643,1669,NW
1174515.956,X_LEG_3,5.39,35.83,5.79,1,1643,1669,NW
1174515.977,X_LEG_3,5.39,35.83,5.79,1,1643,1669,NW
1174515.997,X_LEG_3,5.39,35.83,5.79,1,1643,1669,NW
1174516.017,X_LEG_3,5.39,35.83,5.79,1,1643,1669,NW
1174516.038,X_LEG_3,5.43,35.84,5.81,1,1643,1669,NW
1174516.058,X_LEG_3,5.43,35.84,5.81,1,1643,1669,NW
1174516.079,X_LEG_3,5.43,35.84,5.81,1,1643,1669,NW
1174516.099,X_LEG_3,5.43,35.84,5.81,1,1643,1669,NW
1174516.120,X_LEG_3,5.43,35.84,5.81,1,1643,1669,NW
1174516.140,X_LEG_3,5.50,35.83,5.85,1,1643,1669,NW
1174516.161,X_LEG_3,5.50,35.83,5.85,1,1643,1669,NW
1174516.182,X_LEG_3,5.50,35.83,5.85,1,1643,1669,NW
1174516.202,X_LEG_3,5.50,35.83,5.85,1,1643,1669,NW
1174516.223,X_LEG_3,5.50,35.83,5.85,1,1643,1669,NW
1174516.243,X_LEG_3,5.56,35.83,5.90,1,1643,1669,NW
1174516.264,X_LEG_3,5.56,35.83,5.90,1,1643,1669,NW
1174516.284,X_LEG_3,5.56,35.83,5.90,1,1643,1669,NW
1174516.305,X_LEG_3,5.56,35.83,5.90,1,1643,1669,NW
1174516.325,X_LEG_3,5.56,35.83,5.90,1,1643,1669,NW
1174516.345,X_LEG_3,5.63,35.82,5.94,1,1643,1669,NW
1174516.366,X_LEG_3,5.63,35.82,5.94,1,1643,1669,NW
1174516.386,X_LEG_3,5.63,35.82,5.94,1,1643,1669,NW
1174516.406,X_LEG_3,5.63,35.82,5.94,1,1643,1669,NW
1174516.427,X_LEG_3,5.63,35.82,5.94,1,1643,1669,NW
1174516.448,X_LEG_3,5.63,35.82,3.94,1,1643,1669,NW
1174516.468,X_LEG_3,5.63,35.82,3.94,1,1643,1669,NW
1174516.489,X_LEG_3,5.63,35.82,3.94,1,1643,1669,NW
1174516.509,X_LEG_3,5.63,35.82,3.94,1,1643,1669,NW
1174516.529,X_LEG_3,5.63,35.82,3.94,1,1643,1669,NW
1174516.550,X_LEG_3,5.69,35.81,3.98,1,1643,1668,NW
1174516.570,X_LEG_3,5.69,35.81,3.98,1,1643,1668,NW
1174516.591,X_LEG_3,5.69,35.81,3.98,1,1643,1668,NW
1174516.611,X_LEG_3,5.69,35.81,3.98,1,1643,1668,NW
1174516.631,X_LEG_3,5.69,35.81,3.98,1,1643,1668,NW
1174516.652,X_LEG_3,5.76,35.80,4.02,1,1643,1668,NW
1174516.672,X_LEG_3,5.76,35.80,4.02,1,1643,1668,NW
1174516.693,X_LEG_3,5.76,35.80,4.02,1,1643,1668,NW
1174516.713,X_LEG_3,5.76,35.80,4.02,1,1643,1668,NW
1174516.733,X_LEG_3,5.76,35.80,4.02,1,1643,1668,NW
1174516.754,X_LEG_3,5.82,35.79,4.05,1,1643,1668,NW
1174516.774,X_LEG_3,5.82,35.79,4.05,1,1643,1668,NW
1174516.794,X_LEG_3,5.82,35.79,4.05,1,1643,1668,NW
1174516.815,X_LEG_3,5.82,35.79,4.05,1,1643,1668,NW
1174516.835,X_LEG_3,5.82,35.79,4.05,1,1643,1668,NW
1174516.856,X_LEG_3,5.89,35.77,4.10,1,1643,1668,NW
1174516.877,X_LEG_3,5.89,35.77,4.10,1,1643,1668,NW
1174516.897,X_LEG_3,5.89,35.77,4.10,1,1643,1668,NW
1174516.917,X_LEG_3,5.89,35.77,4.10,1,1643,1668,NW
1174516.938,X_LEG_3,5.89,35.77,4.10,1,1643,1668,NW
1174516.958,X_LEG_3,5.89,35.77,4.10,1,1643,1668,NW
1174516.979,X_LEG_3,5.89,35.77,4.10,1,1643,1668,NW
1174516.999,X_LEG_3,5.89,35.77,4.10,1,1643,1668,NW
1174517.020,X_LEG_3,5.89,35.77,4.10,1,1643,1668,NW
1174517.040,X_LEG_3,5.89,35.77,4.10,1,1643,1668,NW
1174517.060,X_LEG_3,5.96,35.75,4.14,1,1643,1668,NW
1174517.081,X_LEG_3,5.96,35.75,4.14,1,1643,1668,NW
1174517.101,X_LEG_3,5.96,35.75,4.14,1,1643,1668,NW
1174517.121,X_LEG_3,5.96,35.75,4.14,1,1643,1668,NW
1174517.142,X_LEG_3,5.96,35.75,4.14,1,1643,1668,NW
1174517.162,X_LEG_3,6.03,35.73,4.19,1,1643,1667,NW
1174517.183,X_LEG_3,6.03,35.73,4.19,1,1643,1667,NW
1174517.203,X_LEG_3,6.03,35.73,4.19,1,1643,1667,NW
1174517.224,X_LEG_3,6.03,35.73,4.19,1,1643,1667,NW
1174517.245,X_LEG_3,6.03,35.73,4.19,1,1643,1667,NW
1174517.265,X_LEG_3,6.09,35.71,4.23,1,1643,1667,NW
1174517.286,X_LEG_3,6.09,35.71,4.23,1,1643,1667,NW
1174517.307,X_LEG_3,6.09,35.71,4.23,1,1643,1667,NW
1174517.328,X_LEG_3,6.09,35.71,4.23,1,1643,1667,NW
1174517.348,X_LEG_3,6.09,35.71,4.23,1,1643,1667,NW
1174517.368,X_LEG_3,6.09,35.71,4.23,1,1643,1667,NW
1174517.388,X_LEG_3,6.09,35.71,4.23,1,1643,1667,NW
1174517.409,X_LEG_3,6.09,35.71,4.23,1,1643,1667,NW
1174517.430,X_LEG_3,6.09,35.71,4.23,1,1643,1667,NW
1174517.450,X_LEG_3,6.09,35.71,4.23,1,1643,1667,NW
1174517.471,X_LEG_3,6.16,35.69,3.27,1,1643,1667,NW
1174517.491,X_LEG_3,6.16,35.69,3.27,1,1643,1667,NW
1174517.513,X_LEG_3,6.16,35.69,3.27,1,1643,1667,NW
1174517.533,X_LEG_3,6.16,35.69,3.27,1,1643,1667,NW
1174517.554,X_LEG_3,6.16,35.69,3.27,1,1643,1667,NW
1174517.574,X_LEG_3,6.16,35.69,3.27,1,1643,1667,NW
1174517.595,X_LEG_3,6.16,35.69,3.27,1,1643,1667,NW
1174517.615,X_LEG_3,6.16,35.69,3.27,1,1643,1667,NW
1174517.635,X_LEG_3,6.16,35.69,3.27,1,1643,1667,NW
1174517.656,X_LEG_3,6.16,35.69,3.27,1,1643,1667,NW
1174517.676,X_LEG_3,6.25,35.64,3.31,1,1643,1667,NW
1174517.697,X_LEG_3,6.25,35.64,3.31,1,1643,1667,NW
1174517.718,X_LEG_3,6.25,35.64,3.31,1,1643,1667,NW
1174517.738,X_LEG_3,6.25,35.64,3.31,1,1643,1667,NW
1174517.759,X_LEG_3,6.25,35.64,3.31,1,1643,1667,NW
1174517.779,X_LEG_3,6.32,35.61,3.36,1,1642,1667,NW
1174517.799,X_LEG_3,6.32,35.61,3.36,1,1642,1667,NW
1174517.820,X_LEG_3,6.32,35.61,3.36,1,1642,1667,NW
1174517.840,X_LEG_3,6.32,35.61,3.36,1,1642,1667,NW
1174517.861,X_LEG_3,6.32,35.61,3.36,1,1642,1667,NW
1174517.881,X_LEG_3,6.32,35.61,3.36,1,1642,1667,NW
1174517.902,X_LEG_3,6.32,35.61,3.36,1,1642,1667,NW
1174517.922,X_LEG_3,6.32,35.61,3.36,1,1642,1667,NW
1174517.942,X_LEG_3,6.32,35.61,3.36,1,1642,1667,NW
1174517.963,X_LEG_3,6.32,35.61,3.36,1,1642,1667,NW
1174517.983,X_LEG_3,6.37,35.59,3.38,1,1642,1666,NW
1174518.004,X_LEG_3,6.37,35.59,3.38,1,1642,1666,NW
1174518.024,X_LEG_3,6.37,35.59,3.38,1,1642,1666,NW
1174518.045,X_LEG_3,6.37,35.59,3.38,1,1642,1666,NW
1174518.065,X_LEG_3,6.37,35.59,3.38,1,1642,1666,NW
1174518.086,X_LEG_3,6.37,35.59,3.38,1,1642,1666,NW
1174518.106,X_LEG_3,6.37,35.59,3.38,1,1642,1666,NW
1174518.127,X_LEG_3,6.37,35.59,3.38,1,1642,1666,NW
1174518.147,X_LEG_3,6.37,35.59,3.38,1,1642,1666,NW
1174518.168,X_LEG_3,6.37,35.59,3.38,1,1642,1666,NW
1174518.188,X_LEG_3,6.42,35.57,3.41,1,1642,1666,NW
1174518.208,X_LEG_3,6.42,35.57,3.41,1,1642,1666,NW
1174518.229,X_LEG_3,6.42,35.57,3.41,1,1642,1666,NW
1174518.249,X_LEG_3,6.42,35.57,3.41,1,1642,1666,NW
1174518.270,X_LEG_3,6.42,35.57,3.41,1,1642,1666,NW
1174518.290,X_LEG_3,6.42,35.57,3.41,1,1642,1666,NW
1174518.311,X_LEG_3,6.42,35.57,3.41,1,1642,1666,NW
1174518.331,X_LEG_3,6.42,35.57,3.41,1,1642,1666,NW
1174518.352,X_LEG_3,6.42,35.57,3.41,1,1642,1666,NW
1174518.374,X_LEG_3,6.42,35.57,3.41,1,1642,1666,NW
1174518.395,X_LEG_3,6.47,35.54,3.43,1,1642,1666,NW
1174518.416,X_LEG_3,6.47,35.54,3.43,1,1642,1666,NW
1174518.438,X_LEG_3,6.47,35.54,3.43,1,1642,1666,NW
1174518.458,X_LEG_3,6.47,35.54,3.43,1,1642,1666,NW
1174518.479,X_LEG_3,6.47,35.54,3.43,1,1642,1666,NW
1174518.500,X_LEG_3,6.51,35.52,3.46,1,1642,1666,NW
1174518.520,X_LEG_3,6.51,35.52,3.46,1,1642,1666,NW
1174518.540,X_LEG_3,6.51,35.52,3.46,1,1642,1666,NW
1174518.563,X_LEG_3,6.51,35.52,3.46,1,1642,1666,NW
1174518.584,X_LEG_3,6.51,35.52,3.46,1,1642,1666,NW
1174518.604,X_LEG_3,6.53,35.51,3.48,1,1642,1666,NW
1174518.625,X_LEG_3,6.53,35.51,3.48,1,1642,1666,NW
1174518.645,X_LEG_3,6.53,35.51,3.48,1,1642,1666,NW
1174518.668,X_LEG_3,6.53,35.51,3.48,1,1642,1666,NW
1174518.692,X_LEG_3,6.53,35.51,3.48,1,1642,1666,NW
1174518.719,X_LEG_3,6.53,35.51,3.48,1,1642,1666,NW
1174518.742,X_LEG_3,6.53,35.51,3.48,1,1642,1666,NW
1174518.764,X_LEG_3,6.53,35.51,3.48,1,1642,1666,NW
1174518.784,X_LEG_3,6.53,35.51,3.48,1,1642,1666,NW
1174518.805,X_LEG_3,6.53,35.51,3.48,1,1642,1666,NW
1174518.826,X_LEG_3,6.58,35.49,3.50,1,1642,1666,NW
1174518.846,X_LEG_3,6.58,35.49,3.50,1,1642,1666,NW
1174518.867,X_LEG_3,6.58,35.49,3.50,1,1642,1666,NW
1174518.887,X_LEG_3,6.58,35.49,3.50,1,1642,1666,NW
1174518.907,X_LEG_3,6.58,35.49,3.50,1,1642,1666,NW
1174518.928,X_LEG_3,6.63,35.46,3.53,1,1642,1666,NW
1174518.949,X_LEG_3,6.63,35.46,3.53,1,1642,1666,NW
1174518.969,X_LEG_3,6.63,35.46,3.53,1,1642,1666,NW
1174518.990,X_LEG_3,6.63,35.46,3.53,1,1642,1666,NW
1174519.010,X_LEG_3,6.63,35.46,3.53,1,1642,1666,NW
1174519.031,X_LEG_3,6.63,35.46,3.53,1,1642,1666,NW
1174519.051,X_LEG_3,6.63,35.46,3.53,1,1642,1666,NW
1174519.072,X_LEG_3,6.63,35.46,3.53,1,1642,1666,NW
1174519.092,X_LEG_3,6.63,35.46,3.53,1,1642,1666,NW
1174519.113,X_LEG_3,6.63,35.46,3.53,1,1642,1666,NW
1174519.133,X_LEG_3,6.68,35.43,3.57,1,1642,1665,NW
1174519.154,X_LEG_3,6.68,35.43,3.57,1,1642,1665,NW
1174519.174,X_LEG_3,6.68,35.43,3.57,1,1642,1665,NW
1174519.195,X_LEG_3,6.68,35.43,3.57,1,1642,1665,NW
1174519.216,X_LEG_3,6.68,35.43,3.57,1,1642,1665,NW
1174519.236,X_LEG_3,6.73,35.41,3.58,1,1642,1665,NW
1174519.256,X_LEG_3,6.73,35.41,3.58,1,1642,1665,NW
1174519.278,X_LEG_3,6.73,35.41,3.58,1,1642,1665,NW
1174519.298,X_LEG_3,6.73,35.41,3.58,1,1642,1665,NW
1174519.319,X_LEG_3,6.73,35.41,3.58,1,1642,1665,NW
1174519.340,X_LEG_3,6.77,35.38,3.61,1,1642,1665,NW
1174519.360,X_LEG_3,6.77,35.38,3.61,1,1642,1665,NW
1174519.381,X_LEG_3,6.77,35.38,3.61,1,1642,1665,NW
1174519.401,X_LEG_3,6.77,35.38,3.61,1,1642,1665,NW
1174519.421,X_LEG_3,6.77,35.38,3.61,1,1642,1665,NW
1174519.442,X_LEG_3,6.82,35.35,3.64,1,1641,1665,NW
1174519.462,X_LEG_3,6.82,35.35,3.64,1,1641,1665,NW
1174519.483,X_LEG_3,6.82,35.35,3.64,1,1641,1665,NW
1174519.504,X_LEG_3,6.82,35.35,3.64,1,1641,1665,NW
1174519.524,X_LEG_3,6.82,35.35,3.64,1,1641,1665,NW
1174519.545,X_LEG_3,6.82,35.35,2.64,1,1641,1665,NW
1174519.565,X_LEG_3,6.82,35.35,2.64,1,1641,1665,NW
1174519.585,X_LEG_3,6.82,35.35,2.64,1,1641,1665,NW
1174519.606,X_LEG_3,6.82,35.35,2.64,1,1641,1665,NW
1174519.626,X_LEG_3,6.82,35.35,2.64,1,1641,1665,NW
1174519.647,X_LEG_3,6.89,35.29,2.67,1,1641,1665,NW
1174519.667,X_LEG_3,6.89,35.29,2.67,1,1641,1665,NW
1174519.688,X_LEG_3,6.89,35.29,2.67,1,1641,1665,NW
1174519.708,X_LEG_3,6.89,35.29,2.67,1,1641,1665,NW
1174519.729,X_LEG_3,6.89,35.29,2.67,1,1641,1665,NW
1174519.750,X_LEG_3,6.99,35.23,2.73,1,1641,1665,NW
1174519.770,X_LEG_3,6.99,35.23,2.73,1,1641,1665,NW
1174519.791,X_LEG_3,6.99,35.23,2.73,1,1641,1665,NW
1174519.812,X_LEG_3,6.99,35.23,2.73,1,1641,1665,NW
1174519.832,X_LEG_3,6.99,35.23,2.73,1,1641,1665,NW
1174519.852,X_LEG_3,7.06,35.18,2.76,1,1641,1664,NW
1174519.873,X_LEG_3,7.06,35.18,2.76,1,1641,1664,NW
1174519.893,X_LEG_3,7.06,35.18,2.76,1,1641,1664,NW
1174519.914,X_LEG_3,7.06,35.18,2.76,1,1641,1664,NW
1174519.934,X_LEG_3,7.06,35.18,2.76,1,1641,1664,NW
1174519.955,X_LEG_3,7.16,35.11,2.82,1,1640,1664,NW
1174519.975,X_LEG_3,7.16,35.11,2.82,1,1640,1664,NW
1174519.996,X_LEG_3,7.16,35.11,2.82,1,1640,1664,NW
1174520.017,X_LEG_3,7.16,35.11,2.82,1,1640,1664,NW
1174520.037,X_LEG_3,7.16,35.11,2.82,1,1640,1664,NW
1174520.058,X_LEG_3,7.16,35.11,2.82,1,1640,1664,NW
1174520.078,X_LEG_3,7.16,35.11,2.82,1,1640,1664,NW
1174520.099,X_LEG_3,7.16,35.11,2.82,1,1640,1664,NW
1174520.119,X_LEG_3,7.16,35.11,2.82,1,1640,1664,NW
1174520.140,X_LEG_3,7.16,35.11,2.82,1,1640,1664,NW
1174520.160,X_LEG_3,7.26,35.04,2.88,1,1640,1664,NW
1174520.181,X_LEG_3,7.26,35.04,2.88,1,1640,1664,NW
1174520.201,X_LEG_3,7.26,35.04,2.88,1,1640,1664,NW
1174520.222,X_LEG_3,7.26,35.04,2.88,1,1640,1664,NW
1174520.243,X_LEG_3,7.26,35.04,2.88,1,1640,1664,NW
1174520.263,X_LEG_3,7.33,34.97,2.91,1,1640,1664,NW
1174520.284,X_LEG_3,7.33,34.97,2.91,1,1640,1664,NW
1174520.304,X_LEG_3,7.33,34.97,2.91,1,1640,1664,NW
1174520.325,X_LEG_3,7.33,34.97,2.91,1,1640,1664,NW
1174520.345,X_LEG_3,7.33,34.97,2.91,1,1640,1664,NW
1174520.366,X_LEG_3,7.41,34.92,1.94,1,1640,1663,NW
1174520.386,X_LEG_3,7.41,34.92,1.94,1,1640,1663,NW
1174520.406,X_LEG_3,7.41,34.92,1.94,1,1640,1663,NW
1174520.427,X_LEG_3,7.41,34.92,1.94,1,1640,1663,NW
1174520.447,X_LEG_3,7.41,34.92,1.94,1,1640,1663,NW
1174520.468,X_LEG_3,7.51,34.84,2.01,1,1639,1663,NW
1174520.488,X_LEG_3,7.51,34.84,2.01,1,1639,1663,NW
1174520.509,X_LEG_3,7.51,34.84,2.01,1,1639,1663,NW
1174520.529,X_LEG_3,7.51,34.84,2.01,1,1639,1663,NW
1174520.549,X_LEG_3,7.51,34.84,2.01,1,1639,1663,NW
1174520.570,X_LEG_3,7.58,34.78,2.04,1,1639,1663,NW
1174520.590,X_LEG_3,7.58,34.78,2.04,1,1639,1663,NW
1174520.610,X_LEG_3,7.58,34.78,2.04,1,1639,1663,NW
1174520.631,X_LEG_3,7.58,34.78,2.04,1,1639,1663,NW
1174520.651,X_LEG_3,7.58,34.78,2.04,1,1639,1663,NW
1174520.672,X_LEG_3,7.66,34.71,2.07,1,1639,1663,NW
1174520.692,X_LEG_3,7.66,34.71,2.07,1,1639,1663,NW
1174520.714,X_LEG_3,7.66,34.71,2.07,1,1639,1663,NW
1174520.734,X_LEG_3,7.66,34.71,2.07,1,1639,1663,NW
1174520.755,X_LEG_3,7.66,34.71,2.07,1,1639,1663,NW
1174520.776,X_LEG_3,7.73,34.64,2.12,1,1639,1662,NW
1174520.796,X_LEG_3,7.73,34.64,2.12,1,1639,1662,NW
1174520.817,X_LEG_3,7.73,34.64,2.12,1,1639,1662,NW
1174520.838,X_LEG_3,7.73,34.64,2.12,1,1639,1662,NW
1174520.858,X_LEG_3,7.73,34.64,2.12,1,1639,1662,NW
1174520.878,X_LEG_3,7.81,34.58,2.15,1,1638,1662,NW
1174520.899,X_LEG_3,7.81,34.58,2.15,1,1638,1662,NW
1174520.919,X_LEG_3,7.81,34.58,2.15,1,1638,1662,NW
1174520.939,X_LEG_3,7.81,34.58,2.15,1,1638,1662,NW
1174520.960,X_LEG_3,7.81,34.58,2.15,1,1638,1662,NW
1174520.980,X_LEG_3,7.88,34.51,2.19,1,1638,1662,NW
1174521.001,X_LEG_3,7.88,34.51,2.19,1,1638,1662,NW
1174521.021,X_LEG_3,7.88,34.51,2.19,1,1638,1662,NW
1174521.042,X_LEG_3,7.88,34.51,2.19,1,1638,1662,NW
1174521.062,X_LEG_3,7.88,34.51,2.19,1,1638,1662,NW
1174521.083,X_LEG_3,7.88,34.51,2.19,1,1638,1662,NW
1174521.103,X_LEG_3,7.88,34.51,2.19,1,1638,1662,NW
1174521.124,X_LEG_3,7.88,34.51,2.19,1,1638,1662,NW
1174521.144,X_LEG_3,7.88,34.51,2.19,1,1638,1662,NW
1174521.165,X_LEG_3,7.88,34.51,2.19,1,1638,1662,NW
1174521.185,X_LEG_3,7.98,34.42,2.24,1,1638,1662,NW
1174521.206,X_LEG_3,7.98,34.42,2.24,1,1638,1662,NW
1174521.226,X_LEG_3,7.98,34.42,2.24,1,1638,1662,NW
1174521.247,X_LEG_3,7.98,34.42,2.24,1,1638,1662,NW
1174521.267,X_LEG_3,7.98,34.42,2.24,1,1638,1662,NW
1174521.288,X_LEG_3,8.09,34.32,2.28,1,1637,1661,NW
1174521.308,X_LEG_3,8.09,34.32,2.28,1,1637,1661,NW
1174521.329,X_LEG_3,8.09,34.32,2.28,1,1637,1661,NW
1174521.349,X_LEG_3,8.09,34.32,2.28,1,1637,1661,NW
1174521.369,X_LEG_3,8.09,34.32,2.28,1,1637,1661,NW
1174521.390,X_LEG_3,8.16,34.25,2.33,1,1637,1661,NW
1174521.410,X_LEG_3,8.16,34.25,2.33,1,1637,1661,NW
1174521.431,X_LEG_3,8.16,34.25,2.33,1,1637,1661,NW
1174521.451,X_LEG_3,8.16,34.25,2.33,1,1637,1661,NW
1174521.472,X_LEG_3,8.16,34.25,2.33,1,1637,1661,NW
1174521.492,X_LEG_3,8.24,34.18,2.36,1,1637,1661,NW
1174521.513,X_LEG_3,8.24,34.18,2.36,1,1637,1661,NW
1174521.533,X_LEG_3,8.24,34.18,2.36,1,1637,1661,NW
1174521.554,X_LEG_3,8.24,34.18,2.36,1,1637,1661,NW
1174521.575,X_LEG_3,8.24,34.18,2.36,1,1637,1661,NW
1174521.595,X_LEG_3,8.31,34.11,2.40,1,1636,1661,NW
1174521.616,X_LEG_3,8.31,34.11,2.40,1,1636,1661,NW
1174521.636,X_LEG_3,8.31,34.11,2.40,1,1636,1661,NW
1174521.657,X_LEG_3,8.31,34.11,2.40,1,1636,1661,NW
1174521.677,X_LEG_3,8.31,34.11,2.40,1,1636,1661,NW
1174521.698,X_LEG_3,8.31,34.11,2.40,1,1636,1661,NW
1174521.718,X_LEG_3,8.31,34.11,2.40,1,1636,1661,NW
1174521.739,X_LEG_3,8.31,34.11,2.40,1,1636,1661,NW
1174521.759,X_LEG_3,8.31,34.11,2.40,1,1636,1661,NW
1174521.779,X_LEG_3,8.31,34.11,2.40,1,1636,1661,NW
1174521.800,X_LEG_3,8.39,34.02,1.45,1,1636,1660,NW
1174521.820,X_LEG_3,8.39,34.02,1.45,1,1636,1660,NW
1174521.841,X_LEG_3,8.39,34.02,1.45,1,1636,1660,NW
1174521.861,X_LEG_3,8.39,34.02,1.45,1,1636,1660,NW
1174521.882,X_LEG_3,8.39,34.02,1.45,1,1636,1660,NW
1174521.903,X_LEG_3,8.47,33.95,1.48,1,1636,1660,NW
1174521.923,X_LEG_3,8.47,33.95,1.48,1,1636,1660,NW
1174521.944,X_LEG_3,8.47,33.95,1.48,1,1636,1660,NW
1174521.964,X_LEG_3,8.47,33.95,1.48,1,1636,1660,NW
1174521.985,X_LEG_3,8.47,33.95,1.48,1,1636,1660,NW
1174522.005,X_LEG_3,8.54,33.87,1.51,1,1635,1660,NW
1174522.026,X_LEG_3,8.54,33.87,1.51,1,1635,1660,NW
1174522.046,X_LEG_3,8.54,33.87,1.51,1,1635,1660,NW
1174522.067,X_LEG_3,8.54,33.87,1.51,1,1635,1660,NW
1174522.087,X_LEG_3,8.54,33.87,1.51,1,1635,1660,NW
1174522.108,X_LEG_3,8.62,33.78,1.55,1,1635,1660,NW
1174522.128,X_LEG_3,8.62,33.78,1.55,1,1635,1660,NW
1174522.149,X_LEG_3,8.62,33.78,1.55,1,1635,1660,NW
1174522.169,X_LEG_3,8.62,33.78,1.55,1,1635,1660,NW
1174522.189,X_LEG_3,8.62,33.78,1.55,1,1635,1660,NW
1174522.210,X_LEG_3,8.67,33.73,1.58,1,1635,1659,NW
1174522.231,X_LEG_3,8.67,33.73,1.58,1,1635,1659,NW
1174522.251,X_LEG_3,8.67,33.73,1.58,1,1635,1659,NW
1174522.272,X_LEG_3,8.67,33.73,1.58,1,1635,1659,NW
1174522.293,X_LEG_3,8.67,33.73,1.58,1,1635,1659,NW
1174522.313,X_LEG_3,8.73,33.68,1.61,1,1635,1659,NW
1174522.333,X_LEG_3,8.73,33.68,1.61,1,1635,1659,NW
1174522.354,X_LEG_3,8.73,33.68,1.61,1,1635,1659,NW
1174522.374,X_LEG_3,8.73,33.68,1.61,1,1635,1659,NW
1174522.395,X_LEG_3,8.73,33.68,1.61,1,1635,1659,NW
1174522.415,X_LEG_3,8.76,33.67,1.59,1,1635,1659,NW
1174522.436,X_LEG_3,8.76,33.67,1.59,1,1635,1659,NW
1174522.456,X_LEG_3,8.76,33.67,1.59,1,1635,1659,NW
1174522.477,X_LEG_3,8.76,33.67,1.59,1,1635,1659,NW
1174522.498,X_LEG_3,8.76,33.67,1.59,1,1635,1659,NW
1174522.518,X_LEG_3,8.76,33.67,1.59,1,1635,1659,NW
1174522.539,X_LEG_3,8.76,33.67,1.59,1,1635,1659,NW
1174522.559,X_LEG_3,8.76,33.67,1.59,1,1635,1659,NW
1174522.579,X_LEG_3,8.76,33.67,1.59,1,1635,1659,NW
1174522.599,X_LEG_3,8.76,33.67,1.59,1,1635,1659,NW
1174522.620,X_LEG_3,8.79,33.67,1.60,1,1635,1659,NW
1174522.640,X_LEG_3,8.79,33.67,1.60,1,1635,1659,NW
1174522.661,X_LEG_3,8.79,33.67,1.60,1,1635,1659,NW
1174522.682,X_LEG_3,8.79,33.67,1.60,1,1635,1659,NW
1174522.703,X_LEG_3,8.79,33.67,1.60,1,1635,1659,NW
1174522.723,X_LEG_3,8.81,33.67,1.60,1,1635,1659,NW
1174522.744,X_LEG_3,8.81,33.67,1.60,1,1635,1659,NW
1174522.765,X_LEG_3,8.81,33.67,1.60,1,1635,1659,NW
1174522.785,X_LEG_3,8.81,33.67,1.60,1,1635,1659,NW
1174522.806,X_LEG_3,8.81,33.67,1.60,1,1635,1659,NW
1174522.826,X_LEG_3,8.82,33.67,0.60,1,1635,1659,NW
1174522.847,X_LEG_3,8.82,33.67,0.60,1,1635,1659,NW
1174522.867,X_LEG_3,8.82,33.67,0.60,1,1635,1659,NW
1174522.887,X_LEG_3,8.82,33.67,0.60,1,1635,1659,NW
1174522.908,X_LEG_3,8.82,33.67,0.60,1,1635,1659,NW
1174522.928,X_LEG_3,8.82,33.67,0.60,1,1635,1659,NW
1174522.949,X_LEG_3,8.82,33.67,0.60,1,1635,1659,NW
1174522.969,X_LEG_3,8.82,33.67,0.60,1,1635,1659,NW
1174522.989,X_LEG_3,8.82,33.67,0.60,1,1635,1659,NW
1174523.010,X_LEG_3,8.82,33.67,0.60,1,1635,1659,NW
1174523.031,X_LEG_3,8.81,33.67,0.60,1,1635,1659,NW
1174523.051,X_LEG_3,8.81,33.67,0.60,1,1635,1659,NW
1174523.072,X_LEG_3,8.81,33.67,0.60,1,1635,1659,NW
1174523.092,X_LEG_3,8.81,33.67,0.60,1,1635,1659,NW
1174523.113,X_LEG_3,8.81,33.67,0.60,1,1635,1659,NW
1174523.133,X_LEG_3,8.81,33.67,0.60,1,1635,1659,NW
1174523.153,X_LEG_3,8.81,33.67,0.60,1,1635,1659,NW
1174523.174,X_LEG_3,8.81,33.67,0.60,1,1635,1659,NW
1174523.194,X_LEG_3,8.81,33.67,0.60,1,1635,1659,NW
1174523.215,X_LEG_3,8.81,33.67,0.60,1,1635,1659,NW
1174523.235,X_LEG_3,8.80,33.68,0.61,1,1635,1659,NW
1174523.256,X_LEG_3,8.80,33.68,0.61,1,1635,1659,NW
1174523.277,X_LEG_3,8.80,33.68,0.61,1,1635,1659,NW
1174523.298,X_LEG_3,8.80,33.68,0.61,1,1635,1659,NW
1174523.318,X_LEG_3,8.80,33.68,0.61,1,1635,1659,NW
1174523.339,X_LEG_3,8.78,33.68,1.61,1,1635,1659,NW
1174523.359,X_LEG_3,8.78,33.68,1.61,1,1635,1659,NW
1174523.379,X_LEG_3,8.78,33.68,1.61,1,1635,1659,NW
1174523.400,X_LEG_3,8.78,33.68,1.61,1,1635,1659,NW
1174523.421,X_LEG_3,8.78,33.68,1.61,1,1635,1659,NW
1174523.441,X_LEG_3,8.77,33.68,1.61,1,1635,1659,NW
1174523.461,X_LEG_3,8.77,33.68,1.61,1,1635,1659,NW
1174523.482,X_LEG_3,8.77,33.68,1.61,1,1635,1659,NW
1174523.502,X_LEG_3,8.77,33.68,1.61,1,1635,1659,NW
1174523.523,X_LEG_3,8.77,33.68,1.61,1,1635,1659,NW
1174523.543,X_LEG_3,8.75,33.68,1.61,1,1635,1659,NW
1174523.563,X_LEG_3,8.75,33.68,1.61,1,1635,1659,NW
1174523.584,X_LEG_3,8.75,33.68,1.61,1,1635,1659,NW
1174523.604,X_LEG_3,8.75,33.68,1.61,1,1635,1659,NW
1174523.625,X_LEG_3,8.75,33.68,1.61,1,1635,1659,NW
1174523.645,X_LEG_3,8.75,33.68,1.61,1,1635,1659,NW
1174523.666,X_LEG_3,8.75,33.68,1.61,1,1635,1659,NW
1174523.687,X_LEG_3,8.75,33.68,1.61,1,1635,1659,NW
1174523.707,X_LEG_3,8.75,33.68,1.61,1,1635,1659,NW
1174523.728,X_LEG_3,8.75,33.68,1.61,1,1635,1659,NW
1174523.748,X_LEG_3,8.74,33.68,1.61,1,1635,1659,NW
1174523.769,X_LEG_3,8.74,33.68,1.61,1,1635,1659,NW
1174523.789,X_LEG_3,8.74,33.68,1.61,1,1635,1659,NW
1174523.810,X_LEG_3,8.74,33.68,1.61,1,1635,1659,NW
1174523.830,X_LEG_3,8.74,33.68,1.61,1,1635,1659,NW
1174523.851,X_LEG_3,8.72,33.68,-0.39,1,1635,1659,NW
1174523.871,X_LEG_3,8.72,33.68,-0.39,1,1635,1659,NW
1174523.892,X_LEG_3,8.72,33.68,-0.39,1,1635,1659,NW
1174523.912,X_LEG_3,8.72,33.68,-0.39,1,1635,1659,NW
1174523.932,X_LEG_3,8.72,33.68,-0.39,1,1635,1659,NW
1174523.953,X_LEG_3,8.71,33.69,-0.39,1,1635,1659,NW
1174523.974,X_LEG_3,8.71,33.69,-0.39,1,1635,1659,NW
1174523.994,X_LEG_3,8.71,33.69,-0.39,1,1635,1659,NW
1174524.015,X_LEG_3,8.71,33.69,-0.39,1,1635,1659,NW
1174524.035,X_LEG_3,8.71,33.69,-0.39,1,1635,1659,NW
1174524.055,X_LEG_3,8.69,33.71,-0.39,1,1635,1659,NW
1174524.077,X_LEG_3,8.69,33.71,-0.39,1,1635,1659,NW
1174524.097,X_LEG_3,8.69,33.71,-0.39,1,1635,1659,NW
1174524.117,X_LEG_3,8.69,33.71,-0.39,1,1635,1659,NW
1174524.138,X_LEG_3,8.69,33.71,-0.39,1,1635,1659,NW
1174524.158,X_LEG_3,8.69,33.71,-0.39,1,1635,1659,NW
1174524.179,X_LEG_3,8.69,33.71,-0.39,1,1635,1659,NW
1174524.199,X_LEG_3,8.69,33.71,-0.39,1,1635,1659,NW
1174524.219,X_LEG_3,8.69,33.71,-0.39,1,1635,1659,NW
1174524.240,X_LEG_3,8.69,33.71,-0.39,1,1635,1659,NW
1174524.260,X_LEG_3,8.67,33.73,-0.40,1,1635,1659,NW
1174524.281,X_LEG_3,8.67,33.73,-0.40,1,1635,1659,NW
1174524.301,X_LEG_3,8.67,33.73,-0.40,1,1635,1659,NW
1174524.322,X_LEG_3,8.67,33.73,-0.40,1,1635,1659,NW
1174524.342,X_LEG_3,8.67,33.73,-0.40,1,1635,1659,NW
1174524.362,X_LEG_3,8.65,33.76,-0.39,1,1635,1660,NW
1174524.383,X_LEG_3,8.65,33.76,-0.39,1,1635,1660,NW
1174524.403,X_LEG_3,8.65,33.76,-0.39,1,1635,1660,NW
1174524.424,X_LEG_3,8.65,33.76,-0.39,1,1635,1660,NW
1174524.444,X_LEG_3,8.65,33.76,-0.39,1,1635,1660,NW
1174524.464,X_LEG_3,8.64,33.78,0.61,1,1635,1660,NW
1174524.484,X_LEG_3,8.64,33.78,0.61,1,1635,1660,NW
1174524.505,X_LEG_3,8.64,33.78,0.61,1,1635,1660,NW
1174524.525,X_LEG_3,8.64,33.78,0.61,1,1635,1660,NW
1174524.546,X_LEG_3,8.64,33.78,0.61,1,1635,1660,NW
1174524.566,X_LEG_3,8.62,33.82,0.60,1,1635,1660,NW
1174524.587,X_LEG_3,8.62,33.82,0.60,1,1635,1660,NW
1174524.608,X_LEG_3,8.62,33.82,0.60,1,1635,1660,NW
1174524.628,X_LEG_3,8.62,33.82,0.60,1,1635,1660,NW
1174524.648,X_LEG_3,8.62,33.82,0.60,1,1635,1660,NW
1174524.669,X_LEG_3,8.62,33.82,0.60,1,1635,1660,NW
1174524.689,X_LEG_3,8.62,33.82,0.60,1,1635,1660,NW
1174524.709,X_LEG_3,8.62,33.82,0.60,1,1635,1660,NW
1174524.730,X_LEG_3,8.62,33.82,0.60,1,1635,1660,NW
1174524.750,X_LEG_3,8.62,33.82,0.60,1,1635,1660,NW
1174524.771,X_LEG_3,8.60,33.85,0.60,1,1635,1660,NW
1174524.791,X_LEG_3,8.60,33.85,0.60,1,1635,1660,NW
1174524.811,X_LEG_3,8.60,33.85,0.60,1,1635,1660,NW
1174524.832,X_LEG_3,8.60,33.85,0.60,1,1635,1660,NW
1174524.852,X_LEG_3,8.60,33.85,0.60,1,1635,1660,NW
1174524.873,X_LEG_3,8.59,33.88,0.60,1,1636,1660,NW
1174524.893,X_LEG_3,8.59,33.88,0.60,1,1636,1660,NW
1174524.914,X_LEG_3,8.59,33.88,0.60,1,1636,1660,NW
1174524.934,X_LEG_3,8.59,33.88,0.60,1,1636,1660,NW
1174524.955,X_LEG_3,8.59,33.88,0.60,1,1636,1660,NW
1174524.975,X_LEG_3,8.57,33.92,-0.39,1,1636,1660,NW
1174524.996,X_LEG_3,8.57,33.92,-0.39,1,1636,1660,NW
1174525.016,X_LEG_3,8.57,33.92,-0.39,1,1636,1660,NW
1174525.036,X_LEG_3,8.57,33.92,-0.39,1,1636,1660,NW
1174525.057,X_LEG_3,8.57,33.92,-0.39,1,1636,1660,NW
1174525.078,X_LEG_3,8.55,33.95,-0.40,1,1636,1660,NW
1174525.098,X_LEG_3,8.55,33.95,-0.40,1,1636,1660,NW
1174525.119,X_LEG_3,8.55,33.95,-0.40,1,1636,1660,NW
1174525.139,X_LEG_3,8.55,33.95,-0.40,1,1636,1660,NW
1174525.159,X_LEG_3,8.55,33.95,-0.40,1,1636,1660,NW
1174525.180,X_LEG_3,8.55,33.95,-0.40,1,1636,1660,NW
1174525.200,X_LEG_3,8.55,33.95,-0.40,1,1636,1660,NW
1174525.221,X_LEG_3,8.55,33.95,-0.40,1,1636,1660,NW
1174525.241,X_LEG_3,8.55,33.95,-0.40,1,1636,1660,NW
1174525.262,X_LEG_3,8.55,33.95,-0.40,1,1636,1660,NW
1174525.283,X_LEG_3,8.53,33.98,-0.39,1,1636,1660,NW
1174525.304,X_LEG_3,8.53,33.98,-0.39,1,1636,1660,NW
1174525.324,X_LEG_3,8.53,33.98,-0.39,1,1636,1660,NW
1174525.345,X_LEG_3,8.53,33.98,-0.39,1,1636,1660,NW
1174525.366,X_LEG_3,8.53,33.98,-0.39,1,1636,1660,NW
1174525.386,X_LEG_3,8.52,34.01,-0.40,1,1636,1660,NW
1174525.408,X_LEG_3,8.52,34.01,-0.40,1,1636,1660,NW
1174525.428,X_LEG_3,8.52,34.01,-0.40,1,1636,1660,NW
1174525.448,X_LEG_3,8.52,34.01,-0.40,1,1636,1660,NW
1174525.469,X_LEG_3,8.52,34.01,-0.40,1,1636,1660,NW
1174525.489,X_LEG_3,8.50,34.03,-0.41,1,1636,1660,NW
1174525.510,X_LEG_3,8.50,34.03,-0.41,1,1636,1660,NW
1174525.530,X_LEG_3,8.50,34.03,-0.41,1,1636,1660,NW
1174525.551,X_LEG_3,8.50,34.03,-0.41,1,1636,1660,NW
1174525.571,X_LEG_3,8.50,34.03,-0.41,1,1636,1660,NW
1174525.592,X_LEG_3,8.48,34.06,0.60,1,1636,1660,NW
1174525.612,X_LEG_3,8.48,34.06,0.60,1,1636,1660,NW
1174525.633,X_LEG_3,8.48,34.06,0.60,1,1636,1660,NW
1174525.653,X_LEG_3,8.48,34.06,0.60,1,1636,1660,NW
1174525.674,X_LEG_3,8.48,34.06,0.60,1,1636,1660,NW
1174525.694,X_LEG_3,8.48,34.06,0.60,1,1636,1660,NW
1174525.715,X_LEG_3,8.48,34.06,0.60,1,1636,1660,NW
1174525.736,X_LEG_3,8.48,34.06,0.60,1,1636,1660,NW
1174525.756,X_LEG_3,8.48,34.06,0.60,1,1636,1660,NW
1174525.777,X_LEG_3,8.48,34.06,0.60,1,1636,1660,NW
1174525.797,X_LEG_3,8.46,34.08,0.59,1,1636,1660,NW
1174525.818,X_LEG_3,8.46,34.08,0.59,1,1636,1660,NW
1174525.838,X_LEG_3,8.46,34.08,0.59,1,1636,1660,NW
1174525.859,X_LEG_3,8.46,34.08,0.59,1,1636,1660,NW
1174525.879,X_LEG_3,8.46,34.08,0.59,1,1636,1660,NW
1174525.900,X_LEG_3,8.45,34.10,0.61,1,1636,1660,NW
1174525.920,X_LEG_3,8.45,34.10,0.61,1,1636,1660,NW
1174525.941,X_LEG_3,8.45,34.10,0.61,1,1636,1660,NW
1174525.961,X_LEG_3,8.45,34.10,0.61,1,1636,1660,NW
1174525.982,X_LEG_3,8.45,34.10,0.61,1,1636,1660,NW
1174526.002,X_LEG_3,8.43,34.12,0.60,1,1636,1660,NW
1174526.023,X_LEG_3,8.43,34.12,0.60,1,1636,1660,NW
1174526.043,X_LEG_3,8.43,34.12,0.60,1,1636,1660,NW
1174526.065,X_LEG_3,8.43,34.12,0.60,1,1636,1660,NW
1174526.085,X_LEG_3,8.43,34.12,0.60,1,1636,1660,NW
1174526.106,X_LEG_3,8.41,34.14,0.60,1,1637,1660,NW
1174526.126,X_LEG_3,8.41,34.14,0.60,1,1637,1660,NW
1174526.146,X_LEG_3,8.41,34.14,0.60,1,1637,1660,NW
1174526.167,X_LEG_3,8.41,34.14,0.60,1,1637,1660,NW
1174526.187,X_LEG_3,8.41,34.14,0.60,1,1637,1660,NW
1174526.208,X_LEG_3,8.41,34.14,0.60,1,1637,1660,NW
1174526.229,X_LEG_3,8.41,34.14,0.60,1,1637,1660,NW
1174526.249,X_LEG_3,8.41,34.14,0.60,1,1637,1660,NW
1174526.269,X_LEG_3,8.41,34.14,0.60,1,1637,1660,NW
1174526.289,X_LEG_3,8.41,34.14,0.60,1,1637,1660,NW
1174526.310,X_LEG_3,8.39,34.15,0.60,1,1637,1660,NW
1174526.330,X_LEG_3,8.39,34.15,0.60,1,1637,1660,NW
1174526.351,X_LEG_3,8.39,34.15,0.60,1,1637,1660,NW
1174526.371,X_LEG_3,8.39,34.15,0.60,1,1637,1660,NW
1174526.391,X_LEG_3,8.39,34.15,0.60,1,1637,1660,NW
1174526.412,X_LEG_3,8.37,34.15,0.59,1,1637,1660,NW
1174526.433,X_LEG_3,8.37,34.15,0.59,1,1637,1660,NW
1174526.453,X_LEG_3,8.37,34.15,0.59,1,1637,1660,NW
1174526.474,X_LEG_3,8.37,34.15,0.59,1,1637,1660,NW
1174526.494,X_LEG_3,8.37,34.15,0.59,1,1637,1660,NW
1174526.515,X_LEG_3,8.36,34.17,0.59,1,1637,1660,NW
1174526.535,X_LEG_3,8.36,34.17,0.59,1,1637,1660,NW
1174526.555,X_LEG_3,8.36,34.17,0.59,1,1637,1660,NW
1174526.576,X_LEG_3,8.36,34.17,0.59,1,1637,1660,NW
1174526.596,X_LEG_3,8.36,34.17,0.59,1,1637,1660,NW
1174526.617,X_LEG_3,8.34,34.17,0.59,1,1637,1660,NW
1174526.637,X_LEG_3,8.34,34.17,0.59,1,1637,1660,NW
1174526.658,X_LEG_3,8.34,34.17,0.59,1,1637,1660,NW
1174526.678,X_LEG_3,8.34,34.17,0.59,1,1637,1660,NW
1174526.699,X_LEG_3,8.34,34.17,0.59,1,1637,1660,NW
1174526.719,X_LEG_3,8.32,34.17,0.58,1,1637,1661,NW
1174526.740,X_LEG_3,8.32,34.17,0.58,1,1637,1661,NW
1174526.760,X_LEG_3,8.32,34.17,0.58,1,1637,1661,NW
1174526.781,X_LEG_3,8.32,34.17,0.58,1,1637,1661,NW
1174526.801,X_LEG_3,8.32,34.17,0.58,1,1637,1661,NW
1174526.822,X_LEG_3,8.32,34.17,0.58,1,1637,1661,NW
1174526.842,X_LEG_3,8.32,34.17,0.58,1,1637,1661,NW
1174526.863,X_LEG_3,8.32,34.17,0.58,1,1637,1661,NW
1174526.883,X_LEG_3,8.32,34.17,0.58,1,1637,1661,NW
1174526.904,X_LEG_3,8.32,34.17,0.58,1,1637,1661,NW
1174526.924,X_LEG_3,8.30,34.17,0.58,1,1637,1661,NW
1174526.945,X_LEG_3,8.30,34.17,0.58,1,1637,1661,NW
1174526.966,X_LEG_3,8.30,34.17,0.58,1,1637,1661,NW
1174526.986,X_LEG_3,8.30,34.17,0.58,1,1637,1661,NW
1174527.007,X_LEG_3,8.30,34.17,0.58,1,1637,1661,NW
1174527.027,X_LEG_3,8.28,34.17,0.58,1,1637,1661,NW
1174527.048,X_LEG_3,8.28,34.17,0.58,1,1637,1661,NW
1174527.068,X_LEG_3,8.28,34.17,0.58,1,1637,1661,NW
1174527.088,X_LEG_3,8.28,34.17,0.58,1,1637,1661,NW
1174527.109,X_LEG_3,8.28,34.17,0.58,1,1637,1661,NW
1174527.129,X_LEG_3,8.26,34.17,-0.42,1,1637,1661,NW
1174527.149,X_LEG_3,8.26,34.17,-0.42,1,1637,1661,NW
1174527.170,X_LEG_3,8.26,34.17,-0.42,1,1637,1661,NW
1174527.190,X_LEG_3,8.26,34.17,-0.42,1,1637,1661,NW
1174527.211,X_LEG_3,8.26,34.17,-0.42,1,1637,1661,NW
1174527.231,X_LEG_3,8.25,34.17,-0.41,1,1637,1661,NW
1174527.252,X_LEG_3,8.25,34.17,-0.41,1,1637,1661,NW
1174527.272,X_LEG_3,8.25,34.17,-0.41,1,1637,1661,NW
1174527.293,X_LEG_3,8.25,34.17,-0.41,1,1637,1661,NW
1174527.313,X_LEG_3,8.25,34.17,-0.41,1,1637,1661,NW
1174527.334,X_LEG_3,8.25,34.17,-0.41,1,1637,1661,NW
1174527.354,X_LEG_3,8.25,34.17,-0.41,1,1637,1661,NW
1174527.374,X_LEG_3,8.25,34.17,-0.41,1,1637,1661,NW
1174527.395,X_LEG_3,8.25,34.17,-0.41,1,1637,1661,NW
1174527.415,X_LEG_3,8.25,34.17,-0.41,1,1637,1661,NW
1174527.435,X_LEG_3,8.23,34.16,-0.42,1,1637,1661,NW
1174527.456,X_LEG_3,8.23,34.16,-0.42,1,1637,1661,NW
1174527.477,X_LEG_3,8.23,34.16,-0.42,1,1637,1661,NW
1174527.497,X_LEG_3,8.23,34.16,-0.42,1,1637,1661,NW
1174527.517,X_LEG_3,8.23,34.16,-0.42,1,1637,1661,NW
1174527.538,X_LEG_3,8.21,34.15,-0.42,1,1637,1661,NW
1174527.558,X_LEG_3,8.21,34.15,-0.42,1,1637,1661,NW
1174527.579,X_LEG_3,8.21,34.15,-0.42,1,1637,1661,NW
1174527.599,X_LEG_3,8.21,34.15,-0.42,1,1637,1661,NW
1174527.620,X_LEG_3,8.21,34.15,-0.42,1,1637,1661,NW
1174527.640,X_LEG_3,8.19,34.14,-0.41,1,1637,1661,NW
1174527.661,X_LEG_3,8.19,34.14,-0.41,1,1637,1661,NW
1174527.682,X_LEG_3,8.19,34.14,-0.41,1,1637,1661,NW
1174527.702,X_LEG_3,8.19,34.14,-0.41,1,1637,1661,NW
1174527.723,X_LEG_3,8.19,34.14,-0.41,1,1637,1661,NW
1174527.743,X_LEG_3,8.17,34.13,0.59,1,1637,1661,NW
1174527.764,X_LEG_3,8.17,34.13,0.59,1,1637,1661,NW
1174527.784,X_LEG_3,8.17,34.13,0.59,1,1637,1661,NW
1174527.805,X_LEG_3,8.17,34.13,0.59,1,1637,1661,NW
1174527.825,X_LEG_3,8.17,34.13,0.59,1,1637,1661,NW
1174527.846,X_LEG_3,8.15,34.11,0.59,1,1636,1661,NW
1174527.867,X_LEG_3,8.15,34.11,0.59,1,1636,1661,NW
1174527.887,X_LEG_3,8.15,34.11,0.59,1,1636,1661,NW
1174527.907,X_LEG_3,8.15,34.11,0.59,1,1636,1661,NW
1174527.927,X_LEG_3,8.15,34.11,0.59,1,1636,1661,NW
1174527.948,X_LEG_3,8.15,34.11,0.59,1,1636,1661,NW
1174527.969,X_LEG_3,8.15,34.11,0.59,1,1636,1661,NW
1174527.989,X_LEG_3,8.15,34.11,0.59,1,1636,1661,NW
1174528.010,X_LEG_3,8.15,34.11,0.59,1,1636,1661,NW
1174528.030,X_LEG_3,8.15,34.11,0.59,1,1636,1661,NW
1174528.051,X_LEG_3,8.14,34.09,0.57,1,1636,1661,NW
1174528.071,X_LEG_3,8.14,34.09,0.57,1,1636,1661,NW
1174528.091,X_LEG_3,8.14,34.09,0.57,1,1636,1661,NW
1174528.112,X_LEG_3,8.14,34.09,0.57,1,1636,1661,NW
1174528.132,X_LEG_3,8.14,34.09,0.57,1,1636,1661,NW
1174528.152,X_LEG_3,8.12,34.07,0.58,1,1636,1661,NW
1174528.173,X_LEG_3,8.12,34.07,0.58,1,1636,1661,NW
1174528.194,X_LEG_3,8.12,34.07,0.58,1,1636,1661,NW
1174528.214,X_LEG_3,8.12,34.07,0.58,1,1636,1661,NW
1174528.234,X_LEG_3,8.12,34.07,0.58,1,1636,1661,NW
1174528.255,X_LEG_3,8.10,34.05,0.59,1,1636,1661,NW
1174528.276,X_LEG_3,8.10,34.05,0.59,1,1636,1661,NW
1174528.296,X_LEG_3,8.10,34.05,0.59,1,1636,1661,NW
1174528.317,X_LEG_3,8.10,34.05,0.59,1,1636,1661,NW
1174528.337,X_LEG_3,8.10,34.05,0.59,1,1636,1661,NW
1174528.357,X_LEG_3,8.10,34.05,-0.41,1,1636,1661,NW
1174528.377,X_LEG_3,8.10,34.05,-0.41,1,1636,1661,NW
1174528.397,X_LEG_3,8.10,34.05,-0.41,1,1636,1661,NW
1174528.418,X_LEG_3,8.10,34.05,-0.41,1,1636,1661,NW
1174528.438,X_LEG_3,8.10,34.05,-0.41,1,1636,1661,NW
1174528.459,X_LEG_3,8.08,34.03,-0.43,1,1636,1661,NW
1174528.479,X_LEG_3,8.08,34.03,-0.43,1,1636,1661,NW
1174528.500,X_LEG_3,8.08,34.03,-0.43,1,1636,1661,NW
1174528.523,X_LEG_3,8.08,34.03,-0.43,1,1636,1661,NW
1174528.544,X_LEG_3,8.08,34.03,-0.43,1,1636,1661,NW
1174528.564,X_LEG_3,8.07,34.01,-0.42,1,1636,1661,NW
1174528.586,X_LEG_3,8.07,34.01,-0.42,1,1636,1661,NW
1174528.606,X_LEG_3,8.07,34.01,-0.42,1,1636,1661,NW
1174528.627,X_LEG_3,8.07,34.01,-0.42,1,1636,1661,NW
1174528.647,X_LEG_3,8.07,34.01,-0.42,1,1636,1661,NW
1174528.668,X_LEG_3,8.06,34.00,-0.42,1,1636,1661,NW
1174528.688,X_LEG_3,8.06,34.00,-0.42,1,1636,1661,NW
1174528.709,X_LEG_3,8.06,34.00,-0.42,1,1636,1661,NW
1174528.730,X_LEG_3,8.06,34.00,-0.42,1,1636,1661,NW
1174528.750,X_LEG_3,8.06,34.00,-0.42,1,1636,1661,NW
1174528.770,X_LEG_3,8.05,33.97,-0.43,1,1636,1661,NW
1174528.791,X_LEG_3,8.05,33.97,-0.43,1,1636,1661,NW
1174528.811,X_LEG_3,8.05,33.97,-0.43,1,1636,1661,NW
1174528.832,X_LEG_3,8.05,33.97,-0.43,1,1636,1661,NW
1174528.852,X_LEG_3,8.05,33.97,-0.43,1,1636,1661,NW
1174528.873,X_LEG_3,8.05,33.97,-0.43,1,1636,1661,NW
1174528.894,X_LEG_3,8.05,33.97,-0.43,1,1636,1661,NW
1174528.914,X_LEG_3,8.05,33.97,-0.43,1,1636,1661,NW
1174528.935,X_LEG_3,8.05,33.97,-0.43,1,1636,1661,NW
1174528.955,X_LEG_3,8.05,33.97,-0.43,1,1636,1661,NW
1174528.976,X_LEG_3,8.03,33.94,-0.43,1,1636,1661,NW
1174528.996,X_LEG_3,8.03,33.94,-0.43,1,1636,1661,NW
1174529.017,X_LEG_3,8.03,33.94,-0.43,1,1636,1661,NW
1174529.037,X_LEG_3,8.03,33.94,-0.43,1,1636,1661,NW
1174529.058,X_LEG_3,8.03,33.94,-0.43,1,1636,1661,NW
1174529.078,X_LEG_3,8.01,33.91,-0.44,1,1636,1661,NW
1174529.099,X_LEG_3,8.01,33.91,-0.44,1,1636,1661,NW
1174529.120,X_LEG_3,8.01,33.91,-0.44,1,1636,1661,NW
1174529.140,X_LEG_3,8.01,33.91,-0.44,1,1636,1661,NW
1174529.160,X_LEG_3,8.01,33.91,-0.44,1,1636,1661,NW
1174529.181,X_LEG_3,8.00,33.89,-0.43,1,1636,1662,NW
1174529.201,X_LEG_3,8.00,33.89,-0.43,1,1636,1662,NW
1174529.222,X_LEG_3,8.00,33.89,-0.43,1,1636,1662,NW
1174529.242,X_LEG_3,8.00,33.89,-0.43,1,1636,1662,NW
1174529.263,X_LEG_3,8.00,33.89,-0.43,1,1636,1662,NW
1174529.283,X_LEG_3,7.99,33.87,-0.43,1,1635,1662,NW
1174529.304,X_LEG_3,7.99,33.87,-0.43,1,1635,1662,NW
1174529.324,X_LEG_3,7.99,33.87,-0.43,1,1635,1662,NW
1174529.345,X_LEG_3,7.99,33.87,-0.43,1,1635,1662,NW
1174529.365,X_LEG_3,7.99,33.87,-0.43,1,1635,1662,NW
1174529.386,X_LEG_3,7.99,33.87,-0.43,1,1635,1662,NW
1174529.406,X_LEG_3,7.99,33.87,-0.43,1,1635,1662,NW
1174529.427,X_LEG_3,7.99,33.87,-0.43,1,1635,1662,NW
1174529.447,X_LEG_3,7.99,33.87,-0.43,1,1635,1662,NW
1174529.468,X_LEG_3,7.99,33.87,-0.43,1,1635,1662,NW
1174529.488,X_LEG_3,7.97,33.84,-0.44,1,1635,1662,NW
1174529.509,X_LEG_3,7.97,33.84,-0.44,1,1635,1662,NW
1174529.529,X_LEG_3,7.97,33.84,-0.44,1,1635,1662,NW
1174529.550,X_LEG_3,7.97,33.84,-0.44,1,1635,1662,NW
1174529.570,X_LEG_3,7.97,33.84,-0.44,1,1635,1662,NW
1174529.591,X_LEG_3,7.96,33.81,-0.44,1,1635,1662,NW
1174529.611,X_LEG_3,7.96,33.81,-0.44,1,1635,1662,NW
1174529.632,X_LEG_3,7.96,33.81,-0.44,1,1635,1662,NW
1174529.652,X_LEG_3,7.96,33.81,-0.44,1,1635,1662,NW
1174529.674,X_LEG_3,7.96,33.81,-0.44,1,1635,1662,NW
1174529.694,X_LEG_3,7.94,33.78,0.56,1,1635,1662,NW
1174529.714,X_LEG_3,7.94,33.78,0.56,1,1635,1662,NW
1174529.735,X_LEG_3,7.94,33.78,0.56,1,1635,1662,NW
1174529.755,X_LEG_3,7.94,33.78,0.56,1,1635,1662,NW
1174529.776,X_LEG_3,7.94,33.78,0.56,1,1635,1662,NW
1174529.796,X_LEG_3,7.92,33.74,0.56,1,1635,1662,NW
1174529.817,X_LEG_3,7.92,33.74,0.56,1,1635,1662,NW
1174529.837,X_LEG_3,7.92,33.74,0.56,1,1635,1662,NW
1174529.858,X_LEG_3,7.92,33.74,0.56,1,1635,1662,NW
1174529.878,X_LEG_3,7.92,33.74,0.56,1,1635,1662,NW
1174529.898,X_LEG_3,7.92,33.74,0.56,1,1635,1662,NW
1174529.919,X_LEG_3,7.92,33.74,0.56,1,1635,1662,NW
1174529.940,X_LEG_3,7.92,33.74,0.56,1,1635,1662,NW
1174529.960,X_LEG_3,7.92,33.74,0.56,1,1635,1662,NW
1174529.981,X_LEG_3,7.92,33.74,0.56,1,1635,1662,NW
1174530.002,X_LEG_3,7.90,33.70,0.55,1,1635,1662,NW
1174530.023,X_LEG_3,7.90,33.70,0.55,1,1635,1662,NW
1174530.043,X_LEG_3,7.90,33.70,0.55,1,1635,1662,NW
1174530.064,X_LEG_3,7.90,33.70,0.55,1,1635,1662,NW
1174530.084,X_LEG_3,7.90,33.70,0.55,1,1635,1662,NW
1174530.104,X_LEG_3,7.89,33.67,0.55,1,1635,1662,NW
1174530.126,X_LEG_3,7.89,33.67,0.55,1,1635,1662,NW
1174530.146,X_LEG_3,7.89,33.67,0.55,1,1635,1662,NW
1174530.167,X_LEG_3,7.89,33.67,0.55,1,1635,1662,NW
1174530.188,X_LEG_3,7.89,33.67,0.55,1,1635,1662,NW
1174530.209,X_LEG_3,7.88,33.66,-0.47,1,1635,1662,NW
1174530.229,X_LEG_3,7.88,33.66,-0.47,1,1635,1662,NW
1174530.250,X_LEG_3,7.88,33.66,-0.47,1,1635,1662,NW
1174530.270,X_LEG_3,7.88,33.66,-0.47,1,1635,1662,NW
1174530.291,X_LEG_3,7.88,33.66,-0.47,1,1635,1662,NW
1174530.312,X_LEG_3,7.88,33.67,-0.45,1,1635,1662,NW
1174530.332,X_LEG_3,7.88,33.67,-0.45,1,1635,1662,NW
1174530.352,X_LEG_3,7.88,33.67,-0.45,1,1635,1662,NW
1174530.373,X_LEG_3,7.88,33.67,-0.45,1,1635,1662,NW
1174530.393,X_LEG_3,7.88,33.67,-0.45,1,1635,1662,NW
1174530.414,X_LEG_3,7.88,33.67,-0.45,1,1635,1662,NW
1174530.434,X_LEG_3,7.88,33.67,-0.45,1,1635,1662,NW
1174530.454,X_LEG_3,7.88,33.67,-0.45,1,1635,1662,NW
1174530.474,X_LEG_3,7.88,33.67,-0.45,1,1635,1662,NW
1174530.495,X_LEG_3,7.88,33.67,-0.45,1,1635,1662,NW
1174530.517,X_LEG_3,7.88,33.67,-0.45,1,1635,1662,NW
1174530.537,X_LEG_3,7.88,33.67,-0.45,1,1635,1662,NW
1174530.557,X_LEG_3,7.88,33.67,-0.45,1,1635,1662,NW
1174530.578,X_LEG_3,7.88,33.67,-0.45,1,1635,1662,NW
1174530.598,X_LEG_3,7.88,33.67,-0.45,1,1635,1662,NW
1174530.619,X_LEG_3,7.88,33.68,-0.44,1,1635,1662,NW
1174530.640,X_LEG_3,7.88,33.68,-0.44,1,1635,1662,NW
1174530.660,X_LEG_3,7.88,33.68,-0.44,1,1635,1662,NW
1174530.680,X_LEG_3,7.88,33.68,-0.44,1,1635,1662,NW
1174530.700,X_LEG_3,7.88,33.68,-0.44,1,1635,1662,NW
1174530.721,X_LEG_3,7.88,33.68,-0.44,1,1635,1662,NW
1174530.741,X_LEG_3,7.88,33.68,-0.44,1,1635,1662,NW
1174530.762,X_LEG_3,7.88,33.68,-0.44,1,1635,1662,NW
1174530.782,X_LEG_3,7.88,33.68,-0.44,1,1635,1662,NW
1174530.803,X_LEG_3,7.88,33.68,-0.44,1,1635,1662,NW
1174530.823,X_LEG_3,7.88,33.68,-0.44,1,1635,1662,NW
1174530.844,X_LEG_3,7.88,33.68,-0.44,1,1635,1662,NW
1174530.865,X_LEG_3,7.88,33.68,-0.44,1,1635,1662,NW
1174530.885,X_LEG_3,7.88,33.68,-0.44,1,1635,1662,NW
1174530.906,X_LEG_3,7.88,33.68,-0.44,1,1635,1662,NW
1174530.927,X_LEG_3,7.88,33.68,-0.42,1,1635,1662,NW
1174530.947,X_LEG_3,7.88,33.68,-0.42,1,1635,1662,NW
1174530.967,X_LEG_3,7.88,33.68,-0.42,1,1635,1662,NW
1174530.988,X_LEG_3,7.88,33.68,-0.42,1,1635,1662,NW
1174531.008,X_LEG_3,7.88,33.68,-0.42,1,1635,1662,NW
1174531.029,X_LEG_3,7.88,33.68,-0.42,1,1635,1662,NW
1174531.049,X_LEG_3,7.88,33.68,-0.42,1,1635,1662,NW
1174531.070,X_LEG_3,7.88,33.68,-0.42,1,1635,1662,NW
1174531.090,X_LEG_3,7.88,33.68,-0.42,1,1635,1662,NW
1174531.111,X_LEG_3,7.88,33.68,-0.42,1,1635,1662,NW
1174531.131,X_LEG_3,7.88,33.68,-0.42,1,1635,1662,NW
1174531.151,X_LEG_3,7.88,33.68,-0.42,1,1635,1662,NW
1174531.172,X_LEG_3,7.88,33.68,-0.42,1,1635,1662,NW
1174531.192,X_LEG_3,7.88,33.68,-0.42,1,1635,1662,NW
1174531.213,X_LEG_3,7.88,33.68,-0.42,1,1635,1662,NW
1174531.233,X_LEG_3,7.88,33.68,-0.42,1,1635,1662,NW
1174531.253,X_LEG_3,7.88,33.68,-0.42,1,1635,1662,NW
1174531.274,X_LEG_3,7.88,33.68,-0.42,1,1635,1662,NW
1174531.294,X_LEG_3,7.88,33.68,-0.42,1,1635,1662,NW
1174531.315,X_LEG_3,7.88,33.68,-0.42,1,1635,1662,NW
1174531.335,X_LEG_3,7.88,33.68,-0.42,1,1635,1662,NW
1174531.355,X_LEG_3,7.88,33.68,-0.42,1,1635,1662,NW
1174531.376,X_LEG_3,7.88,33.68,-0.42,1,1635,1662,NW
1174531.396,X_LEG_3,7.88,33.68,-0.42,1,1635,1662,NW
1174531.416,X_LEG_3,7.88,33.68,-0.42,1,1635,1662,NW
1174531.437,X_LEG_3,7.88,33.68,-0.42,1,1635,1662,NW
1174531.457,X_LEG_3,7.88,33.68,-0.42,1,1635,1662,NW
1174531.478,X_LEG_3,7.88,33.68,-0.42,1,1635,1662,NW
1174531.499,X_LEG_3,7.88,33.68,-0.42,1,1635,1662,NW
1174531.519,X_LEG_3,7.88,33.68,-0.42,1,1635,1662,NW
1174531.540,X_LEG_3,7.88,33.68,-0.42,1,1635,1662,NW
1174531.561,X_LEG_3,7.88,33.68,-0.42,1,1635,1662,NW
1174531.582,X_LEG_3,7.88,33.68,-0.42,1,1635,1662,NW
1174531.602,X_LEG_3,7.88,33.68,-0.42,1,1635,1662,NW
1174531.622,X_LEG_3,7.88,33.68,-0.42,1,1635,1662,NW
1174531.643,X_LEG_3,7.88,33.68,-0.42,1,1635,1662,NW
1174531.664,X_LEG_3,7.88,33.68,-0.42,1,1635,1662,NW
1174531.684,X_LEG_3,7.88,33.68,-0.42,1,1635,1662,NW
1174531.704,X_LEG_3,7.88,33.68,-0.42,1,1635,1662,NW
1174531.725,X_LEG_3,7.88,33.68,-0.42,1,1635,1662,NW
1174531.745,X_LEG_3,7.88,33.68,-0.42,1,1635,1662,NW
1174531.766,X_LEG_3,7.88,33.68,-0.42,1,1635,1662,NW
1174531.786,X_LEG_3,7.88,33.68,-0.42,1,1635,1662,NW
1174531.807,X_LEG_3,7.88,33.68,-0.42,1,1635,1662,NW
1174531.828,X_LEG_3,7.88,33.68,-0.42,1,1635,1662,NW
1174531.848,X_LEG_3,7.88,33.67,1.57,1,1635,1662,NW
1174531.868,X_LEG_3,7.88,33.67,1.57,1,1635,1662,NW
1174531.890,X_LEG_3,7.88,33.67,1.57,1,1635,1662,NW
1174531.910,X_LEG_3,7.88,33.67,1.57,1,1635,1662,NW
1174531.931,X_LEG_3,7.88,33.67,1.57,1,1635,1662,NW
1174531.952,X_LEG_3,7.88,33.67,1.57,1,1635,1662,NW
1174531.972,X_LEG_3,7.88,33.67,1.57,1,1635,1662,NW
1174531.992,X_LEG_3,7.88,33.67,1.57,1,1635,1662,NW
1174532.013,X_LEG_3,7.88,33.67,1.57,1,1635,1662,NW
1174532.034,X_LEG_3,7.88,33.67,1.57,1,1635,1662,NW
1174532.054,X_LEG_3,7.88,33.67,1.57,1,1635,1662,NW
1174532.074,X_LEG_3,7.88,33.67,1.57,1,1635,1662,NW
1174532.095,X_LEG_3,7.88,33.67,1.57,1,1635,1662,NW
1174532.115,X_LEG_3,7.88,33.67,1.57,1,1635,1662,NW
1174532.135,X_LEG_3,7.88,33.67,1.57,1,1635,1662,NW
1174532.156,X_LEG_3,7.88,33.67,1.57,1,1635,1662,NW
1174532.176,X_LEG_3,7.88,33.67,1.57,1,1635,1662,NW
1174532.197,X_LEG_3,7.88,33.67,1.57,1,1635,1662,NW
1174532.217,X_LEG_3,7.88,33.67,1.57,1,1635,1662,NW
1174532.237,X_LEG_3,7.88,33.67,1.57,1,1635,1662,NW
1174532.258,X_LEG_3,7.88,33.68,1.58,1,1635,1662,NW
1174532.279,X_LEG_3,7.88,33.68,1.58,1,1635,1662,NW
1174532.299,X_LEG_3,7.88,33.68,1.58,1,1635,1662,NW
1174532.319,X_LEG_3,7.88,33.68,1.58,1,1635,1662,NW
1174532.340,X_LEG_3,7.88,33.68,1.58,1,1635,1662,NW
1174532.360,X_LEG_3,7.88,33.68,1.58,1,1635,1662,NW
1174532.381,X_LEG_3,7.88,33.68,1.58,1,1635,1662,NW
1174532.401,X_LEG_3,7.88,33.68,1.58,1,1635,1662,NW
1174532.422,X_LEG_3,7.88,33.68,1.58,1,1635,1662,NW
1174532.442,X_LEG_3,7.88,33.68,1.58,1,1635,1662,NW
1174532.463,X_LEG_3,7.88,33.68,0.58,1,1635,1662,NW
1174532.483,X_LEG_3,7.88,33.68,0.58,1,1635,1662,NW
1174532.504,X_LEG_3,7.88,33.68,0.58,1,1635,1662,NW
1174532.524,X_LEG_3,7.88,33.68,0.58,1,1635,1662,NW
1174532.545,X_LEG_3,7.88,33.68,0.58,1,1635,1662,NW
1174532.566,X_LEG_3,7.88,33.68,0.58,1,1635,1662,NW
1174532.586,X_LEG_3,7.88,33.68,0.58,1,1635,1662,NW
1174532.607,X_LEG_3,7.88,33.68,0.58,1,1635,1662,NW
1174532.628,X_LEG_3,7.88,33.68,0.58,1,1635,1662,NW
1174532.648,X_LEG_3,7.88,33.68,0.58,1,1635,1662,NW
1174532.669,X_LEG_3,7.88,33.68,0.58,1,1635,1662,NW
1174532.690,X_LEG_3,7.88,33.68,0.58,1,1635,1662,NW
1174532.710,X_LEG_3,7.88,33.68,0.58,1,1635,1662,NW
1174532.731,X_LEG_3,7.88,33.68,0.58,1,1635,1662,NW
1174532.752,X_LEG_3,7.88,33.68,0.58,1,1635,1662,NW
1174532.772,X_LEG_3,7.88,33.68,0.58,1,1635,1662,NW
1174532.793,X_LEG_3,7.88,33.68,0.58,1,1635,1662,NW
1174532.813,X_LEG_3,7.88,33.68,0.58,1,1635,1662,NW
1174532.833,X_LEG_3,7.88,33.68,0.58,1,1635,1662,NW
1174532.854,X_LEG_3,7.88,33.68,0.58,1,1635,1662,NW
1174532.874,X_LEG_3,7.88,33.68,0.58,1,1635,1662,NW
1174532.894,X_LEG_3,7.88,33.68,0.58,1,1635,1662,NW
1174532.915,X_LEG_3,7.88,33.68,0.58,1,1635,1662,NW
1174532.936,X_LEG_3,7.88,33.68,0.58,1,1635,1662,NW
1174532.956,X_LEG_3,7.88,33.68,0.58,1,1635,1662,NW
1174532.977,X_LEG_3,7.88,33.68,0.58,1,1635,1662,NW
1174532.997,X_LEG_3,7.88,33.68,0.58,1,1635,1662,NW
1174533.018,X_LEG_3,7.88,33.68,0.58,1,1635,1662,NW
1174533.038,X_LEG_3,7.88,33.68,0.58,1,1635,1662,NW
1174533.059,X_LEG_3,7.88,33.68,0.58,1,1635,1662,NW
1174533.079,X_LEG_3,7.88,33.68,1.58,1,1635,1662,NW
1174533.100,X_LEG_3,7.88,33.68,1.58,1,1635,1662,NW
1174533.120,X_LEG_3,7.88,33.68,1.58,1,1635,1662,NW
1174533.141,X_LEG_3,7.88,33.68,1.58,1,1635,1662,NW
1174533.161,X_LEG_3,7.88,33.68,1.58,1,1635,1662,NW
1174533.182,X_LEG_3,7.88,33.68,1.58,1,1635,1662,NW
1174533.203,X_LEG_3,7.88,33.68,1.58,1,1635,1662,NW
1174533.223,X_LEG_3,7.88,33.68,1.58,1,1635,1662,NW
1174533.244,X_LEG_3,7.88,33.68,1.58,1,1635,1662,NW
1174533.265,X_LEG_3,7.88,33.68,1.58,1,1635,1662,NW
1174533.285,X_LEG_3,7.88,33.68,1.58,1,1635,1662,NW
1174533.305,X_LEG_3,7.88,33.68,1.58,1,1635,1662,NW
1174533.326,X_LEG_3,7.88,33.68,1.58,1,1635,1662,NW
1174533.346,X_LEG_3,7.88,33.68,1.58,1,1635,1662,NW
1174533.367,X_LEG_3,7.88,33.68,1.58,1,1635,1662,NW
1174533.387,X_LEG_3,7.88,33.68,1.58,1,1635,1662,NW
1174533.407,X_LEG_3,7.88,33.68,1.58,1,1635,1662,NW
1174533.428,X_LEG_3,7.88,33.68,1.58,1,1635,1662,NW
1174533.448,X_LEG_3,7.88,33.68,1.58,1,1635,1662,NW
1174533.469,X_LEG_3,7.88,33.68,1.58,1,1635,1662,NW
1174533.489,X_LEG_3,7.88,33.68,1.58,1,1635,1662,NW
1174533.510,X_LEG_3,7.88,33.68,1.58,1,1635,1662,NW
1174533.531,X_LEG_3,7.88,33.68,1.58,1,1635,1662,NW
1174533.551,X_LEG_3,7.88,33.68,1.58,1,1635,1662,NW
1174533.571,X_LEG_3,7.88,33.68,1.58,1,1635,1662,NW
1174533.592,X_LEG_3,7.88,33.68,1.58,1,1635,1662,NW
1174533.613,X_LEG_3,7.88,33.68,1.58,1,1635,1662,NW
1174533.633,X_LEG_3,7.88,33.68,1.58,1,1635,1662,NW
1174533.654,X_LEG_3,7.88,33.68,1.58,1,1635,1662,NW
1174533.674,X_LEG_3,7.88,33.68,1.58,1,1635,1662,NW
1174533.695,X_LEG_3,7.88,33.68,1.58,1,1635,1662,NW
1174533.715,X_LEG_3,7.88,33.68,1.58,1,1635,1662,NW
1174533.736,X_LEG_3,7.88,33.68,1.58,1,1635,1662,NW
1174533.756,X_LEG_3,7.88,33.68,1.58,1,1635,1662,NW
1174533.777,X_LEG_3,7.88,33.68,1.58,1,1635,1662,NW
1174533.797,X_LEG_3,7.88,33.68,1.58,1,1635,1662,NW
1174533.818,X_LEG_3,7.88,33.68,1.58,1,1635,1662,NW
1174533.838,X_LEG_3,7.88,33.68,1.58,1,1635,1662,NW
1174533.858,X_LEG_3,7.88,33.68,1.58,1,1635,1662,NW
1174533.879,X_LEG_3,7.88,33.68,1.58,1,1635,1662,NW
1174533.899,X_LEG_3,7.88,33.68,1.58,1,1635,1662,NW
1174533.920,X_LEG_3,7.88,33.68,1.58,1,1635,1662,NW
1174533.941,X_LEG_3,7.88,33.68,1.58,1,1635,1662,NW
1174533.961,X_LEG_3,7.88,33.68,1.58,1,1635,1662,NW
1174533.983,X_LEG_3,7.88,33.68,1.58,1,1635,1662,NW
1174534.003,X_LEG_3,7.88,33.68,1.58,1,1635,1662,NW
1174534.023,X_LEG_3,7.88,33.68,1.58,1,1635,1662,NW
1174534.046,X_LEG_3,7.88,33.68,1.58,1,1635,1662,NW
1174534.066,X_LEG_3,7.88,33.68,1.58,1,1635,1662,NW
1174534.087,X_LEG_3,7.88,33.68,1.58,1,1635,1662,NW
1174534.107,X_LEG_3,7.88,33.68,1.58,1,1635,1662,NW
1174534.128,X_LEG_3,7.88,33.68,1.58,1,1635,1662,NW
1174534.148,X_LEG_3,7.88,33.68,1.58,1,1635,1662,NW
1174534.169,X_LEG_3,7.88,33.68,1.58,1,1635,1662,NW
1174534.189,X_LEG_3,7.88,33.68,1.58,1,1635,1662,NW
1174534.210,X_LEG_3,7.88,33.68,0.58,1,1635,1662,NW
1174534.231,X_LEG_3,7.88,33.68,0.58,1,1635,1662,NW
1174534.251,X_LEG_3,7.88,33.68,0.58,1,1635,1662,NW
1174534.272,X_LEG_3,7.88,33.68,0.58,1,1635,1662,NW
1174534.292,X_LEG_3,7.88,33.68,0.58,1,1635,1662,NW
1174534.313,X_LEG_3,7.88,33.68,0.58,1,1635,1662,NW
1174534.333,X_LEG_3,7.88,33.68,0.58,1,1635,1662,NW
1174534.354,X_LEG_3,7.88,33.68,0.58,1,1635,1662,NW
1174534.374,X_LEG_3,7.88,33.68,0.58,1,1635,1662,NW
1174534.395,X_LEG_3,7.88,33.68,0.58,1,1635,1662,NW
1174534.415,X_LEG_3,7.88,33.68,0.58,1,1635,1662,NW
1174534.437,X_LEG_3,7.88,33.68,0.58,1,1635,1662,NW
1174534.457,X_LEG_3,7.88,33.68,0.58,1,1635,1662,NW
1174534.478,X_LEG_3,7.88,33.68,0.58,1,1635,1662,NW
1174534.498,X_LEG_3,7.88,33.68,0.58,1,1635,1662,NW
1174534.518,X_LEG_3,7.88,33.68,0.58,1,1635,1662,NW
1174534.539,X_LEG_3,7.88,33.68,0.58,1,1635,1662,NW
1174534.559,X_LEG_3,7.88,33.68,0.58,1,1635,1662,NW
1174534.580,X_LEG_3,7.88,33.68,0.58,1,1635,1662,NW
1174534.600,X_LEG_3,7.88,33.68,0.58,1,1635,1662,NW
1174534.621,X_LEG_3,7.88,33.68,0.58,1,1635,1662,NW
1174534.641,X_LEG_3,7.88,33.68,0.58,1,1635,1662,NW
1174534.662,X_LEG_3,7.88,33.68,0.58,1,1635,1662,NW
1174534.682,X_LEG_3,7.88,33.68,0.58,1,1635,1662,NW
1174534.703,X_LEG_3,7.88,33.68,0.58,1,1635,1662,NW
1174534.724,X_LEG_3,7.88,33.68,0.58,1,1635,1662,NW
1174534.744,X_LEG_3,7.88,33.68,0.58,1,1635,1662,NW
1174534.765,X_LEG_3,7.88,33.68,0.58,1,1635,1662,NW
1174534.786,X_LEG_3,7.88,33.68,0.58,1,1635,1662,NW
1174534.806,X_LEG_3,7.88,33.68,0.58,1,1635,1662,NW
1174534.828,X_LEG_3,7.88,33.68,0.58,1,1635,1662,NW
1174534.848,X_LEG_3,7.88,33.68,0.58,1,1635,1662,NW
1174534.869,X_LEG_3,7.88,33.68,0.58,1,1635,1662,NW
1174534.889,X_LEG_3,7.88,33.68,0.58,1,1635,1662,NW
1174534.910,X_LEG_3,7.88,33.68,0.58,1,1635,1662,NW
1174534.930,X_LEG_3,7.88,33.68,0.58,1,1635,1662,NW
1174534.950,X_LEG_3,7.88,33.68,0.58,1,1635,1662,NW
1174534.971,X_LEG_3,7.88,33.68,0.58,1,1635,1662,NW
1174534.991,X_LEG_3,7.88,33.68,0.58,1,1635,1662,NW
1174535.011,X_LEG_3,7.88,33.68,0.58,1,1635,1662,NW
1174535.032,X_LEG_3,7.88,33.68,0.58,1,1635,1662,NW
1174535.053,X_LEG_3,7.88,33.68,0.58,1,1635,1662,NW
1174535.073,X_LEG_3,7.88,33.68,0.58,1,1635,1662,NW
1174535.094,X_LEG_3,7.88,33.68,0.58,1,1635,1662,NW
1174535.114,X_LEG_3,7.88,33.68,0.58,1,1635,1662,NW
1174535.134,X_LEG_3,7.88,33.68,0.58,1,1635,1662,NW
1174535.155,X_LEG_3,7.88,33.68,0.58,1,1635,1662,NW
1174535.175,X_LEG_3,7.88,33.68,0.58,1,1635,1662,NW
1174535.196,X_LEG_3,7.88,33.68,0.58,1,1635,1662,NW
1174535.216,X_LEG_3,7.88,33.68,0.58,1,1635,1662,NW
1174535.236,X_LEG_3,7.88,33.68,0.58,1,1635,1662,NW
1174535.257,X_LEG_3,7.88,33.68,0.58,1,1635,1662,NW
1174535.277,X_LEG_3,7.88,33.68,0.58,1,1635,1662,NW
1174535.298,X_LEG_3,7.88,33.68,0.58,1,1635,1662,NW
1174535.318,X_LEG_3,7.88,33.68,0.58,1,1635,1662,NW
1174535.339,X_LEG_3,7.88,33.68,0.58,1,1635,1662,NW
1174535.359,X_LEG_3,7.88,33.68,0.58,1,1635,1662,NW
1174535.380,X_LEG_3,7.88,33.68,0.58,1,1635,1662,NW
1174535.400,X_LEG_3,7.88,33.68,0.58,1,1635,1662,NW
1174535.422,X_LEG_3,7.88,33.68,0.58,1,1635,1662,NW
1174535.442,X_LEG_3,7.88,33.68,0.58,1,1635,1662,NW
1174535.462,X_LEG_3,7.88,33.68,0.58,1,1635,1662,NW
1174535.483,X_LEG_3,7.88,33.68,0.58,1,1635,1662,NW
1174535.504,X_LEG_3,7.88,33.68,0.58,1,1635,1662,NW
1174535.524,X_LEG_3,7.88,33.68,0.58,1,1635,1662,NW
1174535.545,X_LEG_3,7.88,33.68,0.58,1,1635,1662,NW
1174535.565,X_LEG_3,7.88,33.68,0.58,1,1635,1662,NW
1174535.586,X_LEG_3,7.88,33.68,0.58,1,1635,1662,NW
1174535.606,X_LEG_3,7.88,33.68,0.58,1,1635,1662,NW
1174535.627,X_LEG_3,7.88,33.68,0.58,1,1635,1662,NW
1174535.647,X_LEG_3,7.88,33.68,0.58,1,1635,1662,NW
1174535.668,X_LEG_3,7.88,33.68,0.58,1,1635,1662,NW
1174535.688,X_LEG_3,7.88,33.68,0.58,1,1635,1662,NW
1174535.709,X_LEG_3,7.88,33.68,0.58,1,1635,1662,NW
1174535.729,X_LEG_3,7.88,33.68,0.58,1,1635,1662,NW
1174535.749,X_LEG_3,7.88,33.68,0.58,1,1635,1662,NW
1174535.770,X_LEG_3,7.88,33.68,0.58,1,1635,1662,NW
1174535.790,X_LEG_3,7.88,33.68,0.58,1,1635,1662,NW
1174535.810,X_LEG_3,7.88,33.68,0.58,1,1635,1662,NW
1174535.831,X_LEG_3,7.88,33.68,0.58,1,1635,1662,NW
1174535.851,X_LEG_3,7.88,33.68,0.58,1,1635,1662,NW
1174535.871,X_LEG_3,7.88,33.68,0.58,1,1635,1662,NW
1174535.892,X_LEG_3,7.88,33.68,0.58,1,1635,1662,NW
1174535.912,X_LEG_3,7.88,33.68,0.58,1,1635,1662,NW
1174535.933,X_LEG_3,7.88,33.68,0.58,1,1635,1662,NW
1174535.953,X_LEG_3,7.88,33.68,0.58,1,1635,1662,NW
1174535.974,X_LEG_3,7.88,33.68,0.58,1,1635,1662,NW
1174535.994,X_LEG_3,7.88,33.68,0.58,1,1635,1662,NW
1174536.015,X_LEG_3,7.88,33.68,0.58,1,1635,1662,NW
1174536.035,X_LEG_3,7.88,33.68,0.58,1,1635,1662,NW
1174536.055,X_LEG_3,7.88,33.68,0.58,1,1635,1662,NW
1174536.076,X_LEG_3,7.88,33.68,0.58,1,1635,1662,NW
1174536.096,X_LEG_3,7.88,33.68,0.58,1,1635,1662,NW
1174536.117,X_LEG_3,7.88,33.68,0.58,1,1635,1662,NW
1174536.138,X_LEG_3,7.88,33.68,0.58,1,1635,1662,NW
1174536.158,X_LEG_3,7.88,33.68,0.58,1,1635,1662,NW
1174536.178,X_LEG_3,7.88,33.68,0.58,1,1635,1662,NW
1174536.198,X_LEG_3,7.88,33.68,0.58,1,1635,1662,NW
1174536.219,X_LEG_3,7.88,33.68,0.58,1,1635,1662,NW
1174536.239,X_LEG_3,7.88,33.68,0.58,1,1635,1662,NW
1174536.260,X_LEG_3,7.88,33.68,0.58,1,1635,1662,NW
1174536.281,X_LEG_3,7.88,33.68,0.58,1,1635,1662,NW
1174536.301,X_LEG_3,7.88,33.68,0.58,1,1635,1662,NW
1174536.322,X_LEG_3,7.88,33.68,0.58,1,1635,1662,NW
1174536.342,X_LEG_3,7.88,33.68,0.58,1,1635,1662,NW
1174536.363,X_LEG_3,7.88,33.68,0.58,1,1635,1662,NW
1174536.383,X_LEG_3,7.88,33.68,0.58,1,1635,1662,NW
1174536.404,X_LEG_3,7.88,33.68,0.58,1,1635,1662,NW
1174536.425,X_LEG_3,7.88,33.68,0.58,1,1635,1662,NW
1174536.445,X_LEG_3,7.88,33.68,0.58,1,1635,1662,NW
1174536.466,X_LEG_3,7.88,33.68,0.58,1,1635,1662,NW
1174536.486,X_LEG_3,7.88,33.68,0.58,1,1635,1662,NW
1174536.507,X_LEG_3,7.88,33.68,0.58,1,1635,1662,NW
1174536.527,X_LEG_3,7.88,33.68,0.58,1,1635,1662,NW
1174536.547,X_LEG_3,7.88,33.68,0.58,1,1635,1662,NW
1174536.567,X_LEG_3,7.88,33.68,0.58,1,1635,1662,NW
1174536.588,X_LEG_3,7.88,33.68,0.58,1,1635,1662,NW
1174536.608,X_LEG_3,7.88,33.68,0.58,1,1635,1662,NW
1174536.629,X_LEG_3,7.88,33.68,0.58,1,1635,1662,NW
1174536.649,X_LEG_3,7.88,33.68,0.58,1,1635,1662,NW
1174536.670,X_LEG_3,7.88,33.68,0.58,1,1635,1662,NW
1174536.690,X_LEG_3,7.88,33.68,0.58,1,1635,1662,NW
1174536.711,X_LEG_3,7.88,33.68,0.58,1,1635,1662,NW
1174536.731,X_LEG_3,7.88,33.68,0.58,1,1635,1662,NW
1174536.752,X_LEG_3,7.88,33.68,0.58,1,1635,1662,NW
1174536.772,X_LEG_3,7.88,33.68,0.58,1,1635,1662,NW
1174536.794,X_LEG_3,7.88,33.68,0.58,1,1635,1662,NW
1174536.814,X_LEG_3,7.88,33.68,0.58,1,1635,1662,NW
1174536.835,X_LEG_3,7.88,33.68,0.58,1,1635,1662,NW
1174536.856,X_LEG_3,7.88,33.68,0.58,1,1635,1662,NW
1174536.876,X_LEG_3,7.88,33.68,0.58,1,1635,1662,NW
1174536.897,X_LEG_3,7.88,33.68,0.58,1,1635,1662,NW
1174536.918,X_LEG_3,7.88,33.68,0.58,1,1635,1662,NW
1174536.938,X_LEG_3,7.88,33.68,0.58,1,1635,1662,NW
1174536.958,X_LEG_3,7.88,33.68,0.58,1,1635,1662,NW
1174536.980,X_LEG_3,7.88,33.68,0.58,1,1635,1662,NW
1174537.000,X_LEG_3,7.88,33.68,0.58,1,1635,1662,NW
1174537.021,X_LEG_3,7.88,33.68,0.58,1,1635,1662,NW
1174537.041,X_LEG_3,7.88,33.68,0.58,1,1635,1662,NW
1174537.062,X_LEG_3,7.88,33.68,0.58,1,1635,1662,NW
1174537.082,X_LEG_3,7.88,33.68,0.58,1,1635,1662,NW
1174537.103,X_LEG_3,7.88,33.68,0.58,1,1635,1662,NW
1174537.123,X_LEG_3,7.88,33.68,0.58,1,1635,1662,NW
1174537.144,X_LEG_3,7.88,33.68,0.58,1,1635,1662,NW
1174537.164,X_LEG_3,7.88,33.68,0.58,1,1635,1662,NW
1174537.185,X_LEG_3,7.88,33.68,0.58,1,1635,1662,NW
1174537.205,X_LEG_3,7.88,33.68,0.58,1,1635,1662,NW
1174537.225,X_LEG_3,7.88,33.68,0.58,1,1635,1662,NW
1174537.246,X_LEG_3,7.88,33.68,0.58,1,1635,1662,NW
1174537.266,X_LEG_3,7.88,33.68,0.58,1,1635,1662,NW
1174537.287,X_LEG_3,7.88,33.68,0.58,1,1635,1662,NW
1174537.307,X_LEG_3,7.88,33.68,0.58,1,1635,1662,NW
1174537.327,X_LEG_3,7.88,33.68,0.58,1,1635,1662,NW
1174537.347,X_LEG_3,7.88,33.68,0.58,1,1635,1662,NW
1174537.368,X_LEG_3,7.88,33.68,0.58,1,1635,1662,NW
1174537.389,X_LEG_3,7.88,33.68,0.58,1,1635,1662,NW
1174537.409,X_LEG_3,7.88,33.68,0.58,1,1635,1662,NW
1174537.430,X_LEG_3,7.88,33.68,0.58,1,1635,1662,NW
1174537.451,X_LEG_3,7.88,33.68,0.58,1,1635,1662,NW
1174537.471,X_LEG_3,7.88,33.68,0.58,1,1635,1662,NW
1174537.492,X_LEG_3,7.88,33.68,0.58,1,1635,1662,NW
1174537.512,X_LEG_3,7.88,33.68,0.58,1,1635,1662,NW
1174537.533,X_LEG_3,7.88,33.68,0.58,1,1635,1662,NW
1174537.553,X_LEG_3,7.88,33.68,0.58,1,1635,1662,NW
1174537.573,X_LEG_3,7.88,33.68,0.58,1,1635,1662,NW
1174537.594,X_LEG_3,7.88,33.68,0.58,1,1635,1662,NW
1174537.614,X_LEG_3,7.88,33.68,0.58,1,1635,1662,NW
1174537.635,X_LEG_3,7.88,33.68,0.58,1,1635,1662,NW
1174537.655,X_LEG_3,7.88,33.68,0.58,1,1635,1662,NW
1174537.676,X_LEG_3,7.88,33.68,0.58,1,1635,1662,NW
1174537.697,X_LEG_3,7.88,33.68,0.58,1,1635,1662,NW
1174537.717,X_LEG_3,7.88,33.68,0.58,1,1635,1662,NW
1174537.738,X_LEG_3,7.88,33.68,0.58,1,1635,1662,NW
1174537.758,X_LEG_3,7.88,33.68,0.58,1,1635,1662,NW
1174537.778,X_LEG_3,7.88,33.68,0.58,1,1635,1662,NW
1174537.799,X_LEG_3,7.88,33.68,0.58,1,1635,1662,NW
1174537.819,X_LEG_3,7.88,33.68,0.58,1,1635,1662,NW
1174537.839,X_LEG_3,7.88,33.68,0.58,1,1635,1662,NW
1174537.860,X_LEG_3,7.88,33.68,0.58,1,1635,1662,NW
1174537.880,X_LEG_3,7.88,33.68,0.58,1,1635,1662,NW
1174537.901,X_LEG_3,7.88,33.68,0.58,1,1635,1662,NW
1174537.921,X_LEG_3,7.88,33.68,0.58,1,1635,1662,NW
1174537.942,X_LEG_3,7.88,33.68,0.58,1,1635,1662,NW
1174537.964,X_LEG_3,7.88,33.68,0.58,1,1635,1662,NW
1174537.984,X_LEG_3,7.88,33.68,0.58,1,1635,1662,NW
1174538.005,X_LEG_3,7.88,33.68,0.58,1,1635,1662,NW
1174538.026,X_LEG_3,7.88,33.68,0.58,1,1635,1662,NW
1174538.046,X_LEG_3,7.88,33.68,0.58,1,1635,1662,NW
1174538.067,X_LEG_3,7.88,33.68,0.58,1,1635,1662,NW
1174538.087,X_LEG_3,7.88,33.68,0.58,1,1635,1662,NW
1174538.108,X_LEG_3,7.88,33.68,0.58,1,1635,1662,NW
1174538.128,X_LEG_3,7.88,33.68,0.58,1,1635,1662,NW
1174538.149,X_LEG_3,7.88,33.68,0.58,1,1635,1662,NW
1174538.169,X_LEG_3,7.88,33.68,0.58,1,1635,1662,NW
1174538.190,X_LEG_3,7.88,33.68,0.58,1,1635,1662,NW
1174538.210,X_LEG_3,7.88,33.68,0.58,1,1635,1662,NW
1174538.231,X_LEG_3,7.88,33.68,0.58,1,1635,1662,NW
1174538.251,X_LEG_3,7.88,33.68,0.58,1,1635,1662,NW
1174538.271,X_LEG_3,7.88,33.68,0.58,1,1635,1662,NW
1174538.292,X_LEG_3,7.88,33.68,0.58,1,1635,1662,NW
1174538.312,X_LEG_3,7.88,33.68,0.58,1,1635,1662,NW
1174538.333,X_LEG_3,7.88,33.68,0.58,1,1635,1662,NW
1174538.353,X_LEG_3,7.88,33.68,0.58,1,1635,1662,NW
1174538.374,X_LEG_3,7.88,33.68,0.58,1,1635,1662,NW
1174538.395,X_LEG_3,7.88,33.68,0.58,1,1635,1662,NW
1174538.415,X_LEG_3,7.88,33.68,0.58,1,1635,1662,NW
1174538.435,X_LEG_3,7.88,33.68,0.58,1,1635,1662,NW
1174538.456,X_LEG_3,7.88,33.68,0.58,1,1635,1662,NW
1174538.476,X_LEG_3,7.88,33.68,0.58,1,1635,1662,NW
1174538.497,X_LEG_3,7.88,33.68,0.58,1,1635,1662,NW
1174538.517,X_LEG_3,7.88,33.68,0.58,1,1635,1662,NW
1174538.537,X_LEG_3,7.88,33.68,0.58,1,1635,1662,NW
1174538.563,X_LEG_3,7.88,33.68,0.58,1,1635,1662,NW
1174538.583,X_LEG_3,7.88,33.68,0.58,1,1635,1662,NW
1174538.604,X_LEG_3,7.88,33.68,0.58,1,1635,1662,NW
1174538.625,X_LEG_3,7.88,33.68,0.58,1,1635,1662,NW
1174538.645,X_LEG_3,7.88,33.68,0.58,1,1635,1662,NW
1174538.667,X_LEG_3,7.88,33.68,0.58,1,1635,1662,NW
1174538.687,X_LEG_3,7.88,33.68,0.58,1,1635,1662,NW
1174538.708,X_LEG_3,7.88,33.68,0.58,1,1635,1662,NW
1174538.728,X_LEG_3,7.88,33.68,0.58,1,1635,1662,NW
1174538.749,X_LEG_3,7.88,33.68,0.58,1,1635,1662,NW
1174538.770,X_LEG_3,7.88,33.68,0.58,1,1635,1662,NW
1174538.791,X_LEG_3,7.88,33.68,0.58,1,1635,1662,NW
1174538.812,X_LEG_3,7.88,33.68,0.58,1,1635,1662,NW
1174538.832,X_LEG_3,7.88,33.68,0.58,1,1635,1662,NW
1174538.853,X_LEG_3,7.88,33.68,0.58,1,1635,1662,NW
1174538.874,X_LEG_3,7.88,33.68,0.58,1,1635,1662,NW
1174538.894,X_LEG_3,7.88,33.68,0.58,1,1635,1662,NW
1174538.915,X_LEG_3,7.88,33.68,0.58,1,1635,1662,NW
1174538.935,X_LEG_3,7.88,33.68,0.58,1,1635,1662,NW
1174538.955,X_LEG_3,7.88,33.68,0.58,1,1635,1662,NW
1174538.976,X_LEG_3,7.88,33.68,0.58,1,1635,1662,NW
1174538.997,X_LEG_3,7.88,33.68,0.58,1,1635,1662,NW
1174539.017,X_LEG_3,7.88,33.68,0.58,1,1635,1662,NW
1174539.038,X_LEG_3,7.88,33.68,0.58,1,1635,1662,NW
1174539.058,X_LEG_3,7.88,33.68,0.58,1,1635,1662,NW
1174539.078,X_LEG_3,7.88,33.68,0.58,1,1635,1662,NW
1174539.099,X_LEG_3,7.88,33.68,0.58,1,1635,1662,NW
1174539.120,X_LEG_3,7.88,33.68,0.58,1,1635,1662,NW
1174539.140,X_LEG_3,7.88,33.68,0.58,1,1635,1662,NW
1174539.161,X_LEG_3,7.88,33.68,0.58,1,1635,1662,NW
1174539.183,X_LEG_3,7.88,33.68,0.58,1,1635,1662,NW
1174539.203,X_LEG_3,7.88,33.68,0.58,1,1635,1662,NW
1174539.224,X_LEG_3,7.88,33.68,0.58,1,1635,1662,NW
1174539.245,X_LEG_3,7.88,33.68,0.58,1,1635,1662,NW
1174539.265,X_LEG_3,7.88,33.68,0.58,1,1635,1662,NW
1174539.286,X_LEG_3,7.88,33.68,0.58,1,1635,1662,NW
1174539.307,X_LEG_3,7.88,33.68,0.58,1,1635,1662,NW
1174539.328,X_LEG_3,7.88,33.68,0.58,1,1635,1662,NW
1174539.349,X_LEG_3,7.88,33.68,0.58,1,1635,1662,NW
1174539.370,X_LEG_3,7.88,33.68,0.58,1,1635,1662,NW
1174539.390,X_LEG_3,7.88,33.68,0.58,1,1635,1662,NW
1174539.411,X_LEG_3,7.88,33.68,0.58,1,1635,1662,NW
1174539.432,X_LEG_3,7.88,33.68,0.58,1,1635,1662,NW
1174539.452,X_LEG_3,7.88,33.68,0.58,1,1635,1662,NW
1174539.473,X_LEG_3,7.88,33.68,0.58,1,1635,1662,NW
1174539.494,X_LEG_3,7.88,33.68,0.58,1,1635,1662,NW
1174539.514,X_LEG_3,7.88,33.68,0.58,1,1635,1662,NW
1174539.535,X_LEG_3,7.88,33.68,0.58,1,1635,1662,NW
1174539.556,X_LEG_3,7.88,33.68,0.58,1,1635,1662,NW
1174539.577,X_LEG_3,7.88,33.68,0.58,1,1635,1662,NW
1174539.597,X_LEG_3,7.88,33.68,0.58,1,1635,1662,NW
1174539.617,X_LEG_3,7.88,33.68,0.58,1,1635,1662,NW
1174539.638,X_LEG_3,7.88,33.68,0.58,1,1635,1662,NW
1174539.659,X_LEG_3,7.88,33.68,0.58,1,1635,1662,NW
1174539.679,X_LEG_3,7.88,33.68,0.58,1,1635,1662,NW
1174539.700,X_LEG_3,7.88,33.68,0.58,1,1635,1662,NW
1174539.720,X_LEG_3,7.88,33.68,0.58,1,1635,1662,NW
1174539.741,X_LEG_3,7.88,33.68,0.58,1,1635,1662,NW
1174539.761,X_LEG_3,7.88,33.68,0.58,1,1635,1662,NW
1174539.781,X_LEG_3,7.88,33.68,0.58,1,1635,1662,NW
1174539.802,X_LEG_3,7.88,33.68,0.58,1,1635,1662,NW
1174539.822,X_LEG_3,7.88,33.68,0.58,1,1635,1662,NW
1174539.843,X_LEG_3,7.88,33.68,0.58,1,1635,1662,NW
1174539.863,X_LEG_3,7.88,33.68,0.58,1,1635,1662,NW
1174539.883,X_LEG_3,7.88,33.68,0.58,1,1635,1662,NW
1174539.904,X_LEG_3,7.88,33.68,0.58,1,1635,1662,NW
1174539.925,X_LEG_3,7.88,33.68,0.58,1,1635,1662,NW
1174539.945,X_LEG_3,7.88,33.68,0.58,1,1635,1662,NW
1174539.966,X_LEG_3,7.88,33.68,0.58,1,1635,1662,NW
1174539.986,X_LEG_3,7.88,33.68,0.58,1,1635,1662,NW
1174540.006,X_LEG_3,7.88,33.68,0.58,1,1635,1662,NW
1174540.027,X_LEG_3,7.88,33.68,0.58,1,1635,1662,NW
1174540.047,X_LEG_3,7.88,33.68,0.58,1,1635,1662,NW
1174540.068,X_LEG_3,7.88,33.68,0.58,1,1635,1662,NW
1174540.088,X_LEG_3,7.88,33.68,0.58,1,1635,1662,NW
1174540.109,X_LEG_3,7.88,33.68,0.58,1,1635,1662,NW
1174540.129,X_LEG_3,7.88,33.68,0.58,1,1635,1662,NW
1174540.151,X_LEG_3,7.88,33.68,0.58,1,1635,1662,NW
1174540.171,X_LEG_3,7.88,33.68,0.58,1,1635,1662,NW
1174540.191,X_LEG_3,7.88,33.68,0.58,1,1635,1662,NW
1174540.211,X_LEG_3,7.88,33.68,0.58,1,1635,1662,NW
1174540.232,X_LEG_3,7.88,33.68,0.58,1,1635,1662,NW
1174540.253,X_LEG_3,7.88,33.68,0.58,1,1635,1662,NW
1174540.273,X_LEG_3,7.88,33.68,0.58,1,1635,1662,NW
1174540.294,X_LEG_3,7.88,33.68,0.58,1,1635,1662,NW
1174540.314,X_LEG_3,7.88,33.68,0.58,1,1635,1662,NW
1174540.335,X_LEG_3,7.88,33.68,0.58,1,1635,1662,NW
1174540.355,X_LEG_3,7.88,33.68,0.58,1,1635,1662,NW
1174540.376,X_LEG_3,7.88,33.68,0.58,1,1635,1662,NW
1174540.396,X_LEG_3,7.88,33.68,0.58,1,1635,1662,NW
1174540.417,X_LEG_3,7.88,33.68,0.58,1,1635,1662,NW
1174540.438,X_LEG_3,7.88,33.68,0.58,1,1635,1662,NW
1174540.458,X_LEG_3,7.88,33.68,0.58,1,1635,1662,NW
1174540.480,X_LEG_3,7.88,33.68,0.58,1,1635,1662,NW
1174540.500,X_LEG_3,7.88,33.68,0.58,1,1635,1662,NW
1174540.521,X_LEG_3,7.88,33.68,0.58,1,1635,1662,NW
1174540.541,X_LEG_3,7.88,33.68,0.58,1,1635,1662,NW
1174540.561,X_LEG_3,7.88,33.68,0.58,1,1635,1662,NW
1174540.582,X_LEG_3,7.88,33.68,0.58,1,1635,1662,NW
1174540.603,X_LEG_3,7.88,33.68,0.58,1,1635,1662,NW
1174540.623,X_LEG_3,7.88,33.68,0.58,1,1635,1662,NW
1174540.643,X_LEG_3,7.88,33.68,0.58,1,1635,1662,NW
1174540.664,X_LEG_3,7.88,33.68,0.58,1,1635,1662,NW
1174540.685,X_LEG_3,7.88,33.68,0.58,1,1635,1662,NW
1174540.705,X_LEG_3,7.88,33.68,0.58,1,1635,1662,NW
1174540.726,X_LEG_3,7.88,33.68,0.58,1,1635,1662,NW
1174540.747,X_LEG_3,7.88,33.68,0.58,1,1635,1662,NW
1174540.767,X_LEG_3,7.88,33.68,0.58,1,1635,1662,NW
1174540.788,X_LEG_3,7.88,33.68,0.58,1,1635,1662,NW
1174540.809,X_LEG_3,7.88,33.68,0.58,1,1635,1662,NW
1174540.830,X_LEG_3,7.88,33.68,0.58,1,1635,1662,NW
1174540.851,X_LEG_3,7.88,33.68,0.58,1,1635,1662,NW
1174540.872,X_LEG_3,7.88,33.68,0.58,1,1635,1662,NW
1174540.892,X_LEG_3,7.88,33.68,0.58,1,1635,1662,NW
1174540.913,X_LEG_3,7.88,33.68,0.58,1,1635,1662,NW
1174540.933,X_LEG_3,7.88,33.68,0.58,1,1635,1662,NW
1174540.954,X_LEG_3,7.88,33.68,0.58,1,1635,1662,NW
1174540.974,X_LEG_3,7.88,33.68,0.58,1,1635,1662,NW
1174540.995,X_LEG_3,7.88,33.68,0.58,1,1635,1662,NW
1174541.015,X_LEG_3,7.88,33.68,0.58,1,1635,1662,NW
1174541.036,X_LEG_3,7.88,33.68,0.58,1,1635,1662,NW
1174541.056,X_LEG_3,7.88,33.68,0.58,1,1635,1662,NW
1174541.076,X_LEG_3,7.88,33.68,0.58,1,1635,1662,NW
1174541.097,X_LEG_3,7.88,33.68,0.58,1,1635,1662,NW
1174541.117,X_LEG_3,7.88,33.68,0.58,1,1635,1662,NW
1174541.138,X_LEG_3,7.88,33.68,0.58,1,1635,1662,NW
1174541.158,X_LEG_3,7.88,33.68,0.58,1,1635,1662,NW
1174541.178,X_LEG_3,7.88,33.68,0.58,1,1635,1662,NW
1174541.199,X_LEG_3,7.88,33.68,0.58,1,1635,1662,NW
1174541.220,X_LEG_3,7.88,33.68,0.58,1,1635,1662,NW
1174541.240,X_LEG_3,7.88,33.68,0.58,1,1635,1662,NW
1174541.261,X_LEG_3,7.88,33.68,0.58,1,1635,1662,NW
1174541.281,X_LEG_3,7.88,33.68,0.58,1,1635,1662,NW
1174541.301,X_LEG_3,7.88,33.68,0.58,1,1635,1662,NW
1174541.322,X_LEG_3,7.88,33.68,0.58,1,1635,1662,NW
1174541.342,X_LEG_3,7.88,33.68,0.58,1,1635,1662,NW
1174541.363,X_LEG_3,7.88,33.68,0.58,1,1635,1662,NW
1174541.383,X_LEG_3,7.88,33.68,0.58,1,1635,1662,NW
1174541.404,X_LEG_3,7.88,33.68,0.58,1,1635,1662,NW
1174541.424,X_LEG_3,7.88,33.68,0.58,1,1635,1662,NW
1174541.445,X_LEG_3,7.88,33.68,0.58,1,1635,1662,NW
1174541.466,X_LEG_3,7.88,33.68,0.58,1,1635,1662,NW
1174541.487,X_LEG_3,7.88,33.68,0.58,1,1635,1662,NW
1174541.507,X_LEG_3,7.88,33.68,0.58,1,1635,1662,NW
1174541.527,X_LEG_3,7.88,33.68,0.58,1,1635,1662,NW
1174541.548,X_LEG_3,7.88,33.68,0.58,1,1635,1662,NW
1174541.568,X_LEG_3,7.88,33.68,0.58,1,1635,1662,NW
1174541.588,X_LEG_3,7.88,33.68,0.58,1,1635,1662,NW
1174541.608,X_LEG_3,7.88,33.68,0.58,1,1635,1662,NW
1174541.629,X_LEG_3,7.88,33.68,0.58,1,1635,1662,NW
1174541.650,X_LEG_3,7.88,33.68,0.58,1,1635,1662,NW
1174541.670,X_LEG_3,7.88,33.68,0.58,1,1635,1662,NW
1174541.691,X_LEG_3,7.88,33.68,0.58,1,1635,1662,NW
1174541.711,X_LEG_3,7.88,33.68,0.58,1,1635,1662,NW
1174541.732,X_LEG_3,7.88,33.68,0.58,1,1635,1662,NW
1174541.752,X_LEG_3,7.88,33.68,0.58,1,1635,1662,NW
1174541.772,X_LEG_3,7.88,33.68,0.58,1,1635,1662,NW
1174541.793,X_LEG_3,7.88,33.68,0.58,1,1635,1662,NW
1174541.813,X_LEG_3,7.88,33.68,0.58,1,1635,1662,NW
1174541.834,X_LEG_3,7.88,33.68,0.58,1,1635,1662,NW
1174541.854,X_LEG_3,7.88,33.68,0.58,1,1635,1662,NW
1174541.875,X_LEG_3,7.88,33.68,0.58,1,1635,1662,NW
1174541.895,X_LEG_3,7.88,33.68,0.58,1,1635,1662,NW
1174541.916,X_LEG_3,7.88,33.68,-0.42,1,1635,1662,NW
1174541.936,X_LEG_3,7.88,33.68,-0.42,1,1635,1662,NW
1174541.957,X_LEG_3,7.88,33.68,-0.42,1,1635,1662,NW
1174541.977,X_LEG_3,7.88,33.68,-0.42,1,1635,1662,NW
1174541.998,X_LEG_3,7.88,33.68,-0.42,1,1635,1662,NW
1174542.019,X_LEG_3,7.88,33.68,-0.42,1,1635,1662,NW
1174542.039,X_LEG_3,7.88,33.68,-0.42,1,1635,1662,NW
1174542.059,X_LEG_3,7.88,33.68,-0.42,1,1635,1662,NW
1174542.080,X_LEG_3,7.88,33.68,-0.42,1,1635,1662,NW
1174542.101,X_LEG_3,7.88,33.68,-0.42,1,1635,1662,NW
1174542.122,X_LEG_3,7.88,33.68,-0.42,1,1635,1662,NW
1174542.142,X_LEG_3,7.88,33.68,-0.42,1,1635,1662,NW
1174542.162,X_LEG_3,7.88,33.68,-0.42,1,1635,1662,NW
1174542.183,X_LEG_3,7.88,33.68,-0.42,1,1635,1662,NW
1174542.204,X_LEG_3,7.88,33.68,-0.42,1,1635,1662,NW
1174542.224,X_LEG_3,7.88,33.68,-0.42,1,1635,1662,NW
1174542.244,X_LEG_3,7.88,33.68,-0.42,1,1635,1662,NW
1174542.265,X_LEG_3,7.88,33.68,-0.42,1,1635,1662,NW
1174542.285,X_LEG_3,7.88,33.68,-0.42,1,1635,1662,NW
1174542.306,X_LEG_3,7.88,33.68,-0.42,1,1635,1662,NW
1174542.326,X_LEG_3,7.88,33.68,-0.42,1,1635,1662,NW
1174542.346,X_LEG_3,7.88,33.68,-0.42,1,1635,1662,NW
1174542.367,X_LEG_3,7.88,33.68,-0.42,1,1635,1662,NW
1174542.387,X_LEG_3,7.88,33.68,-0.42,1,1635,1662,NW
1174542.407,X_LEG_3,7.88,33.68,-0.42,1,1635,1662,NW
1174542.428,X_LEG_3,7.88,33.68,-0.42,1,1635,1662,NW
1174542.449,X_LEG_3,7.88,33.68,-0.42,1,1635,1662,NW
1174542.469,X_LEG_3,7.88,33.68,-0.42,1,1635,1662,NW
1174542.489,X_LEG_3,7.88,33.68,-0.42,1,1635,1662,NW
1174542.510,X_LEG_3,7.88,33.68,-0.42,1,1635,1662,NW
1174542.530,X_LEG_3,7.88,33.68,-0.42,1,1635,1662,NW
1174542.551,X_LEG_3,7.88,33.68,-0.42,1,1635,1662,NW
1174542.571,X_LEG_3,7.88,33.68,-0.42,1,1635,1662,NW
1174542.591,X_LEG_3,7.88,33.68,-0.42,1,1635,1662,NW
1174542.612,X_LEG_3,7.88,33.68,-0.42,1,1635,1662,NW
1174542.633,X_LEG_3,7.88,33.68,-0.42,1,1635,1662,NW
1174542.653,X_LEG_3,7.88,33.68,-0.42,1,1635,1662,NW
1174542.673,X_LEG_3,7.88,33.68,-0.42,1,1635,1662,NW
1174542.693,X_LEG_3,7.88,33.68,-0.42,1,1635,1662,NW
1174542.714,X_LEG_3,7.88,33.68,-0.42,1,1635,1662,NW
1174542.734,X_LEG_3,7.88,33.68,-0.42,1,1635,1662,NW
1174542.755,X_LEG_3,7.88,33.68,-0.42,1,1635,1662,NW
1174542.775,X_LEG_3,7.88,33.68,-0.42,1,1635,1662,NW
1174542.795,X_LEG_3,7.88,33.68,-0.42,1,1635,1662,NW
1174542.816,X_LEG_3,7.88,33.68,-0.42,1,1635,1662,NW
1174542.836,X_LEG_3,7.88,33.68,-0.42,1,1635,1662,NW
1174542.857,X_LEG_3,7.88,33.68,-0.42,1,1635,1662,NW
1174542.877,X_LEG_3,7.88,33.68,-0.42,1,1635,1662,NW
1174542.898,X_LEG_3,7.88,33.68,-0.42,1,1635,1662,NW
1174542.918,X_LEG_3,7.88,33.68,-0.42,1,1635,1662,NW
1174542.938,X_LEG_3,7.88,33.68,-0.42,1,1635,1662,NW
1174542.959,X_LEG_3,7.88,33.68,-0.42,1,1635,1662,NW
1174542.979,X_LEG_3,7.88,33.68,-0.42,1,1635,1662,NW
1174543.000,X_LEG_3,7.88,33.68,-0.42,1,1635,1662,NW
1174543.020,X_LEG_3,7.88,33.68,-0.42,1,1635,1662,NW
1174543.042,X_LEG_3,7.88,33.68,-0.42,1,1635,1662,NW
1174543.062,X_LEG_3,7.88,33.68,-0.42,1,1635,1662,NW
1174543.083,X_LEG_3,7.88,33.68,-0.42,1,1635,1662,NW
1174543.103,X_LEG_3,7.88,33.68,-0.42,1,1635,1662,NW
1174543.124,X_LEG_3,7.88,33.68,-0.42,1,1635,1662,NW
1174543.144,X_LEG_3,7.88,33.68,-0.42,1,1635,1662,NW
1174543.165,X_LEG_3,7.88,33.68,-0.42,1,1635,1662,NW
1174543.185,X_LEG_3,7.88,33.68,-0.42,1,1635,1662,NW
1174543.206,X_LEG_3,7.88,33.68,-0.42,1,1635,1662,NW
1174543.226,X_LEG_3,7.88,33.68,-0.42,1,1635,1662,NW
1174543.247,X_LEG_3,7.88,33.68,0.58,1,1635,1662,NW
1174543.267,X_LEG_3,7.88,33.68,0.58,1,1635,1662,NW
1174543.288,X_LEG_3,7.88,33.68,0.58,1,1635,1662,NW
1174543.309,X_LEG_3,7.88,33.68,0.58,1,1635,1662,NW
1174543.329,X_LEG_3,7.88,33.68,0.58,1,1635,1662,NW
1174543.350,X_LEG_3,7.88,33.68,0.58,1,1635,1662,NW
1174543.370,X_LEG_3,7.88,33.68,0.58,1,1635,1662,NW
1174543.391,X_LEG_3,7.88,33.68,0.58,1,1635,1662,NW
1174543.411,X_LEG_3,7.88,33.68,0.58,1,1635,1662,NW
1174543.431,X_LEG_3,7.88,33.68,0.58,1,1635,1662,NW
1174543.452,X_LEG_3,7.88,33.68,0.58,1,1635,1662,NW
1174543.472,X_LEG_3,7.88,33.68,0.58,1,1635,1662,NW
1174543.494,X_LEG_3,7.88,33.68,0.58,1,1635,1662,NW
1174543.514,X_LEG_3,7.88,33.68,0.58,1,1635,1662,NW
1174543.534,X_LEG_3,7.88,33.68,0.58,1,1635,1662,NW
1174543.556,X_LEG_3,7.88,33.68,0.58,1,1635,1662,NW
1174543.576,X_LEG_3,7.88,33.68,0.58,1,1635,1662,NW
1174543.596,X_LEG_3,7.88,33.68,0.58,1,1635,1662,NW
1174543.617,X_LEG_3,7.88,33.68,0.58,1,1635,1662,NW
1174543.637,X_LEG_3,7.88,33.68,0.58,1,1635,1662,NW
1174543.657,X_LEG_3,7.88,33.68,0.58,1,1635,1662,NW
1174543.678,X_LEG_3,7.88,33.68,0.58,1,1635,1662,NW
1174543.699,X_LEG_3,7.88,33.68,0.58,1,1635,1662,NW
1174543.719,X_LEG_3,7.88,33.68,0.58,1,1635,1662,NW
1174543.740,X_LEG_3,7.88,33.68,0.58,1,1635,1662,NW
1174543.761,X_LEG_3,7.88,33.68,0.58,1,1635,1662,NW
1174543.781,X_LEG_3,7.88,33.68,0.58,1,1635,1662,NW
1174543.802,X_LEG_3,7.88,33.68,0.58,1,1635,1662,NW
1174543.822,X_LEG_3,7.88,33.68,0.58,1,1635,1662,NW
1174543.843,X_LEG_3,7.88,33.68,0.58,1,1635,1662,NW
1174543.863,X_LEG_3,7.88,33.68,-0.42,1,1635,1662,NW
1174543.884,X_LEG_3,7.88,33.68,-0.42,1,1635,1662,NW
1174543.904,X_LEG_3,7.88,33.68,-0.42,1,1635,1662,NW
1174543.925,X_LEG_3,7.88,33.68,-0.42,1,1635,1662,NW
1174543.946,X_LEG_3,7.88,33.68,-0.42,1,1635,1662,NW
1174543.966,X_LEG_3,7.88,33.68,-0.42,1,1635,1662,NW
1174543.987,X_LEG_3,7.88,33.68,-0.42,1,1635,1662,NW
1174544.007,X_LEG_3,7.88,33.68,-0.42,1,1635,1662,NW
1174544.028,X_LEG_3,7.88,33.68,-0.42,1,1635,1662,NW
1174544.048,X_LEG_3,7.88,33.68,-0.42,1,1635,1662,NW
1174544.068,X_LEG_3,7.88,33.68,-0.42,1,1635,1662,NW
1174544.089,X_LEG_3,7.88,33.68,-0.42,1,1635,1662,NW
1174544.109,X_LEG_3,7.88,33.68,-0.42,1,1635,1662,NW
1174544.129,X_LEG_3,7.88,33.68,-0.42,1,1635,1662,NW
1174544.150,X_LEG_3,7.88,33.68,-0.42,1,1635,1662,NW
1174544.170,X_LEG_3,7.88,33.68,-0.42,1,1635,1662,NW
1174544.191,X_LEG_3,7.88,33.68,-0.42,1,1635,1662,NW
1174544.212,X_LEG_3,7.88,33.68,-0.42,1,1635,1662,NW
1174544.232,X_LEG_3,7.88,33.68,-0.42,1,1635,1662,NW
1174544.253,X_LEG_3,7.88,33.68,-0.42,1,1635,1662,NW
1174544.274,X_LEG_3,7.88,33.68,-0.42,1,1635,1662,NW
1174544.295,X_LEG_3,7.88,33.68,-0.42,1,1635,1662,NW
1174544.315,X_LEG_3,7.88,33.68,-0.42,1,1635,1662,NW
1174544.337,X_LEG_3,7.88,33.68,-0.42,1,1635,1662,NW
1174544.357,X_LEG_3,7.88,33.68,-0.42,1,1635,1662,NW
1174544.378,X_LEG_3,7.88,33.68,-0.42,1,1635,1662,NW
1174544.399,X_LEG_3,7.88,33.68,-0.42,1,1635,1662,NW
1174544.420,X_LEG_3,7.88,33.68,-0.42,1,1635,1662,NW
1174544.441,X_LEG_3,7.88,33.68,-0.42,1,1635,1662,NW
1174544.462,X_LEG_3,7.88,33.68,-0.42,1,1635,1662,NW
1174544.483,X_LEG_3,7.88,33.68,-0.42,1,1635,1662,NW
1174544.503,X_LEG_3,7.88,33.68,-0.42,1,1635,1662,NW
1174544.523,X_LEG_3,7.88,33.68,-0.42,1,1635,1662,NW
1174544.544,X_LEG_3,7.88,33.68,-0.42,1,1635,1662,NW
1174544.564,X_LEG_3,7.88,33.68,-0.42,1,1635,1662,NW
1174544.585,X_LEG_3,7.88,33.68,-0.42,1,1635,1662,NW
1174544.605,X_LEG_3,7.88,33.68,-0.42,1,1635,1662,NW
1174544.625,X_LEG_3,7.88,33.68,-0.42,1,1635,1662,NW
1174544.645,X_LEG_3,7.88,33.68,-0.42,1,1635,1662,NW
1174544.666,X_LEG_3,7.88,33.68,-0.42,1,1635,1662,NW
1174544.686,X_LEG_3,7.88,33.68,-0.42,1,1635,1662,NW
1174544.707,X_LEG_3,7.88,33.68,-0.42,1,1635,1662,NW
1174544.728,X_LEG_3,7.88,33.68,-0.42,1,1635,1662,NW
1174544.749,X_LEG_3,7.88,33.68,-0.42,1,1635,1662,NW
1174544.769,X_LEG_3,7.88,33.68,-0.42,1,1635,1662,NW
1174544.790,X_LEG_3,7.88,33.68,-0.42,1,1635,1662,NW
1174544.810,X_LEG_3,7.88,33.68,-0.42,1,1635,1662,NW
1174544.831,X_LEG_3,7.88,33.68,-0.42,1,1635,1662,NW
1174544.851,X_LEG_3,7.88,33.68,-0.42,1,1635,1662,NW
1174544.872,X_LEG_3,7.88,33.68,-0.42,1,1635,1662,NW
1174544.892,TO_CENTER,7.88,8.99,168.25,0,1500,1662,CENTER
1174544.913,TO_CENTER,7.88,8.99,168.25,0,1500,1662,CENTER
1174544.934,TO_CENTER,7.88,8.99,168.25,0,1500,1662,CENTER
1174544.954,TO_CENTER,7.88,8.99,168.25,0,1500,1662,CENTER
1174544.975,TO_CENTER,7.88,8.99,168.25,0,1500,1662,CENTER
1174544.996,TO_CENTER,7.88,8.99,168.25,0,1500,1662,CENTER
1174545.016,TO_CENTER,7.88,8.99,168.25,0,1500,1662,CENTER
1174545.037,TO_CENTER,7.88,8.99,168.25,0,1500,1662,CENTER
1174545.059,TO_CENTER,7.88,8.99,168.25,0,1500,1662,CENTER
1174545.079,TO_CENTER,7.88,8.99,168.25,0,1500,1662,CENTER
1174545.099,TO_CENTER,7.88,8.99,169.25,0,1500,1662,CENTER
1174545.120,TO_CENTER,7.88,8.99,169.25,0,1500,1662,CENTER
1174545.141,TO_CENTER,7.88,8.99,169.25,0,1500,1662,CENTER
1174545.161,TO_CENTER,7.88,8.99,169.25,0,1500,1662,CENTER
1174545.182,TO_CENTER,7.88,8.99,169.25,0,1500,1662,CENTER
1174545.203,TO_CENTER,7.88,8.99,169.25,0,1500,1662,CENTER
1174545.223,TO_CENTER,7.88,8.99,169.25,0,1500,1662,CENTER
1174545.244,TO_CENTER,7.88,8.99,169.25,0,1500,1662,CENTER
1174545.264,TO_CENTER,7.88,8.99,169.25,0,1500,1662,CENTER
1174545.285,TO_CENTER,7.88,8.99,169.25,0,1500,1662,CENTER
1174545.305,TO_CENTER,7.88,8.99,169.25,0,1500,1662,CENTER
1174545.326,TO_CENTER,7.88,8.99,169.25,0,1500,1662,CENTER
1174545.347,TO_CENTER,7.88,8.99,169.25,0,1500,1662,CENTER
1174545.367,TO_CENTER,7.88,8.99,169.25,0,1500,1662,CENTER
1174545.388,TO_CENTER,7.88,8.99,169.25,0,1500,1662,CENTER
1174545.408,TO_CENTER,7.89,8.99,169.25,0,1500,1662,CENTER
1174545.429,TO_CENTER,7.89,8.99,169.25,0,1500,1662,CENTER
1174545.449,TO_CENTER,7.89,8.99,169.25,0,1500,1662,CENTER
1174545.470,TO_CENTER,7.89,8.99,169.25,0,1500,1662,CENTER
1174545.490,TO_CENTER,7.89,8.99,169.25,0,1500,1662,CENTER
1174545.511,TO_CENTER,7.89,8.99,169.25,0,1500,1662,CENTER
1174545.531,TO_CENTER,7.89,8.99,169.25,0,1500,1662,CENTER
1174545.552,TO_CENTER,7.89,8.99,169.25,0,1500,1662,CENTER
1174545.572,TO_CENTER,7.89,8.99,169.25,0,1500,1662,CENTER
1174545.593,TO_CENTER,7.89,8.99,169.25,0,1500,1662,CENTER
1174545.614,TO_CENTER,7.90,9.00,145.13,0,1500,1662,CENTER
1174545.634,TO_CENTER,7.90,9.00,145.13,0,1500,1662,CENTER
1174545.655,TO_CENTER,7.90,9.00,145.13,0,1500,1662,CENTER
1174545.675,TO_CENTER,7.90,9.00,145.13,0,1500,1662,CENTER
1174545.696,TO_CENTER,7.90,9.00,145.13,0,1500,1662,CENTER
1174545.716,TO_CENTER,7.90,9.00,145.13,0,1500,1662,CENTER
1174545.737,TO_CENTER,7.90,9.00,145.13,0,1500,1662,CENTER
1174545.757,TO_CENTER,7.90,9.00,145.13,0,1500,1662,CENTER
1174545.778,TO_CENTER,7.90,9.00,145.13,0,1500,1662,CENTER
1174545.798,TO_CENTER,7.90,9.00,145.13,0,1500,1662,CENTER
1174545.819,TO_CENTER,7.90,9.00,145.01,0,1500,1662,CENTER
1174545.839,TO_CENTER,7.90,9.00,145.01,0,1500,1662,CENTER
1174545.861,TO_CENTER,7.90,9.00,145.01,0,1500,1662,CENTER
1174545.881,TO_CENTER,7.90,9.00,145.01,0,1500,1662,CENTER
1174545.901,TO_CENTER,7.90,9.00,145.01,0,1500,1662,CENTER
1174545.922,TO_CENTER,7.91,9.01,144.89,0,1500,1662,CENTER
1174545.943,TO_CENTER,7.91,9.01,144.89,0,1500,1662,CENTER
1174545.963,TO_CENTER,7.91,9.01,144.89,0,1500,1662,CENTER
1174545.984,TO_CENTER,7.91,9.01,144.89,0,1500,1662,CENTER
1174546.004,TO_CENTER,7.91,9.01,144.89,0,1500,1662,CENTER
1174546.025,TO_CENTER,7.91,9.01,144.80,0,1500,1662,CENTER
1174546.045,TO_CENTER,7.91,9.01,144.80,0,1500,1662,CENTER
1174546.065,TO_CENTER,7.91,9.01,144.80,0,1500,1662,CENTER
1174546.086,TO_CENTER,7.91,9.01,144.80,0,1500,1662,CENTER
1174546.106,TO_CENTER,7.91,9.01,144.80,0,1500,1662,CENTER
1174546.127,TO_CENTER,7.91,9.01,144.80,0,1500,1662,CENTER
1174546.147,TO_CENTER,7.91,9.01,144.80,0,1500,1662,CENTER
1174546.168,TO_CENTER,7.91,9.01,144.80,0,1500,1662,CENTER
1174546.188,TO_CENTER,7.91,9.01,144.80,0,1500,1662,CENTER
1174546.209,TO_CENTER,7.91,9.01,144.80,0,1500,1662,CENTER
1174546.229,TO_CENTER,7.91,9.02,144.68,0,1500,1662,CENTER
1174546.250,TO_CENTER,7.91,9.02,144.68,0,1500,1662,CENTER
1174546.270,TO_CENTER,7.91,9.02,144.68,0,1500,1662,CENTER
1174546.290,TO_CENTER,7.91,9.02,144.68,0,1500,1662,CENTER
1174546.311,TO_CENTER,7.91,9.02,144.68,0,1500,1662,CENTER
1174546.332,TO_CENTER,7.92,9.02,114.56,0,1500,1662,CENTER
1174546.352,TO_CENTER,7.92,9.02,114.56,0,1500,1662,CENTER
1174546.373,TO_CENTER,7.92,9.02,114.56,0,1500,1662,CENTER
1174546.393,TO_CENTER,7.92,9.02,114.56,0,1500,1662,CENTER
1174546.413,TO_CENTER,7.92,9.02,114.56,0,1500,1662,CENTER
1174546.434,TO_CENTER,7.93,9.02,114.47,0,1500,1662,CENTER
1174546.455,TO_CENTER,7.93,9.02,114.47,0,1500,1662,CENTER
1174546.475,TO_CENTER,7.93,9.02,114.47,0,1500,1662,CENTER
1174546.495,TO_CENTER,7.93,9.02,114.47,0,1500,1662,CENTER
1174546.516,TO_CENTER,7.93,9.02,114.47,0,1500,1662,CENTER
1174546.536,TO_CENTER,7.93,9.02,114.47,0,1500,1662,CENTER
1174546.557,TO_CENTER,7.93,9.02,114.47,0,1500,1662,CENTER
1174546.578,TO_CENTER,7.93,9.02,114.47,0,1500,1662,CENTER
1174546.599,TO_CENTER,7.93,9.02,114.47,0,1500,1662,CENTER
1174546.619,TO_CENTER,7.93,9.02,114.47,0,1500,1662,CENTER
1174546.640,TO_CENTER,7.93,9.03,114.30,0,1500,1662,CENTER
1174546.660,TO_CENTER,7.93,9.03,114.30,0,1500,1662,CENTER
1174546.681,TO_CENTER,7.93,9.03,114.30,0,1500,1662,CENTER
1174546.701,TO_CENTER,7.93,9.03,114.30,0,1500,1662,CENTER
1174546.722,TO_CENTER,7.93,9.03,114.30,0,1500,1662,CENTER
1174546.742,TO_CENTER,7.94,9.03,114.27,0,1500,1662,CENTER
1174546.763,TO_CENTER,7.94,9.03,114.27,0,1500,1662,CENTER
1174546.783,TO_CENTER,7.94,9.03,114.27,0,1500,1662,CENTER
1174546.804,TO_CENTER,7.94,9.03,114.27,0,1500,1662,CENTER
1174546.824,TO_CENTER,7.94,9.03,114.27,0,1500,1662,CENTER
1174546.845,TO_CENTER,7.95,9.03,114.09,0,1500,1662,CENTER
1174546.866,TO_CENTER,7.95,9.03,114.09,0,1500,1662,CENTER
1174546.886,TO_CENTER,7.95,9.03,114.09,0,1500,1662,CENTER
1174546.906,TO_CENTER,7.95,9.03,114.09,0,1500,1662,CENTER
1174546.927,TO_CENTER,7.95,9.03,114.09,0,1500,1662,CENTER
1174546.947,TO_CENTER,7.96,9.05,91.94,0,1500,1662,CENTER
1174546.967,TO_CENTER,7.96,9.05,91.94,0,1500,1662,CENTER
1174546.988,TO_CENTER,7.96,9.05,91.94,0,1500,1662,CENTER
1174547.008,TO_CENTER,7.96,9.05,91.94,0,1500,1662,CENTER
1174547.028,TO_CENTER,7.96,9.05,91.94,0,1500,1662,CENTER
1174547.049,TO_CENTER,7.96,9.05,91.94,0,1500,1662,CENTER
1174547.069,TO_CENTER,7.96,9.05,91.94,0,1500,1662,CENTER
1174547.090,TO_CENTER,7.96,9.05,91.94,0,1500,1662,CENTER
1174547.111,TO_CENTER,7.96,9.05,91.94,0,1500,1662,CENTER
1174547.131,TO_CENTER,7.96,9.05,91.94,0,1500,1662,CENTER
1174547.151,TO_CENTER,7.97,9.05,91.77,0,1500,1662,CENTER
1174547.172,TO_CENTER,7.97,9.05,91.77,0,1500,1662,CENTER
1174547.192,TO_CENTER,7.97,9.05,91.77,0,1500,1662,CENTER
1174547.213,TO_CENTER,7.97,9.05,91.77,0,1500,1662,CENTER
1174547.234,TO_CENTER,7.97,9.05,91.77,0,1500,1662,CENTER
1174547.255,TO_CENTER,7.98,9.06,91.56,0,1500,1662,CENTER
1174547.275,TO_CENTER,7.98,9.06,91.56,0,1500,1662,CENTER
1174547.296,TO_CENTER,7.98,9.06,91.56,0,1500,1662,CENTER
1174547.316,TO_CENTER,7.98,9.06,91.56,0,1500,1662,CENTER
1174547.337,TO_CENTER,7.98,9.06,91.56,0,1500,1662,CENTER
1174547.357,TO_CENTER,7.99,9.07,91.41,0,1500,1662,CENTER
1174547.378,TO_CENTER,7.99,9.07,91.41,0,1500,1662,CENTER
1174547.399,TO_CENTER,7.99,9.07,91.41,0,1500,1662,CENTER
1174547.419,TO_CENTER,7.99,9.07,91.41,0,1500,1662,CENTER
1174547.440,TO_CENTER,7.99,9.07,91.41,0,1500,1662,CENTER
1174547.460,TO_CENTER,7.99,9.07,91.41,0,1500,1662,CENTER
1174547.481,TO_CENTER,7.99,9.07,91.41,0,1500,1662,CENTER
1174547.501,TO_CENTER,7.99,9.07,91.41,0,1500,1662,CENTER
1174547.522,TO_CENTER,7.99,9.07,91.41,0,1500,1662,CENTER
1174547.542,TO_CENTER,7.99,9.07,91.41,0,1500,1662,CENTER
1174547.563,TO_CENTER,8.00,9.09,74.06,0,1500,1662,CENTER
1174547.583,TO_CENTER,8.00,9.09,74.06,0,1500,1662,CENTER
1174547.604,TO_CENTER,8.00,9.09,74.06,0,1500,1662,CENTER
1174547.624,TO_CENTER,8.00,9.09,74.06,0,1500,1662,CENTER
1174547.644,TO_CENTER,8.00,9.09,74.06,0,1500,1662,CENTER
1174547.665,TO_CENTER,8.00,9.12,73.68,0,1500,1662,CENTER
1174547.685,TO_CENTER,8.00,9.12,73.68,0,1500,1662,CENTER
1174547.706,TO_CENTER,8.00,9.12,73.68,0,1500,1662,CENTER
1174547.726,TO_CENTER,8.00,9.12,73.68,0,1500,1662,CENTER
1174547.747,TO_CENTER,8.00,9.12,73.68,0,1500,1662,CENTER
1174547.767,TO_CENTER,8.02,9.17,73.34,0,1500,1661,CENTER
1174547.788,TO_CENTER,8.02,9.17,73.34,0,1500,1661,CENTER
1174547.808,TO_CENTER,8.02,9.17,73.34,0,1500,1661,CENTER
1174547.828,TO_CENTER,8.02,9.17,73.34,0,1500,1661,CENTER
1174547.849,TO_CENTER,8.02,9.17,73.34,0,1500,1661,CENTER
1174547.869,TO_CENTER,8.02,9.17,73.34,0,1500,1661,CENTER
1174547.890,TO_CENTER,8.02,9.17,73.34,0,1500,1661,CENTER
1174547.910,TO_CENTER,8.02,9.17,73.34,0,1500,1661,CENTER
1174547.931,TO_CENTER,8.02,9.17,73.34,0,1500,1661,CENTER
1174547.951,TO_CENTER,8.02,9.17,73.34,0,1500,1661,CENTER
1174547.971,TO_CENTER,8.03,9.20,72.93,0,1500,1661,CENTER
1174547.992,TO_CENTER,8.03,9.20,72.93,0,1500,1661,CENTER
1174548.012,TO_CENTER,8.03,9.20,72.93,0,1500,1661,CENTER
1174548.033,TO_CENTER,8.03,9.20,72.93,0,1500,1661,CENTER
1174548.053,TO_CENTER,8.03,9.20,72.93,0,1500,1661,CENTER
1174548.074,TO_CENTER,8.05,9.23,60.56,0,1500,1661,CENTER
1174548.094,TO_CENTER,8.05,9.23,60.56,0,1500,1661,CENTER
1174548.114,TO_CENTER,8.05,9.23,60.56,0,1500,1661,CENTER
1174548.135,TO_CENTER,8.05,9.23,60.56,0,1500,1661,CENTER
1174548.155,TO_CENTER,8.05,9.23,60.56,0,1500,1661,CENTER
1174548.176,TO_CENTER,8.08,9.28,60.23,0,1500,1661,CENTER
1174548.196,TO_CENTER,8.08,9.28,60.23,0,1500,1661,CENTER
1174548.217,TO_CENTER,8.08,9.28,60.23,0,1500,1661,CENTER
1174548.238,TO_CENTER,8.08,9.28,60.23,0,1500,1661,CENTER
1174548.258,TO_CENTER,8.08,9.28,60.23,0,1500,1661,CENTER
1174548.279,TO_CENTER,8.08,9.28,60.23,0,1500,1661,CENTER
1174548.299,TO_CENTER,8.08,9.28,60.23,0,1500,1661,CENTER
1174548.319,TO_CENTER,8.08,9.28,60.23,0,1500,1661,CENTER
1174548.340,TO_CENTER,8.08,9.28,60.23,0,1500,1661,CENTER
1174548.360,TO_CENTER,8.08,9.28,60.23,0,1500,1661,CENTER
1174548.381,TO_CENTER,8.10,9.31,59.86,0,1500,1661,CENTER
1174548.402,TO_CENTER,8.10,9.31,59.86,0,1500,1661,CENTER
1174548.423,TO_CENTER,8.10,9.31,59.86,0,1500,1661,CENTER
1174548.444,TO_CENTER,8.10,9.31,59.86,0,1500,1661,CENTER
1174548.464,TO_CENTER,8.10,9.31,59.86,0,1500,1661,CENTER
1174548.484,TO_CENTER,8.13,9.34,59.50,0,1500,1661,CENTER
1174548.505,TO_CENTER,8.13,9.34,59.50,0,1500,1661,CENTER
1174548.526,TO_CENTER,8.13,9.34,59.50,0,1500,1661,CENTER
1174548.547,TO_CENTER,8.13,9.34,59.50,0,1500,1661,CENTER
1174548.568,TO_CENTER,8.13,9.34,59.50,0,1500,1661,CENTER
1174548.588,TO_CENTER,8.13,9.34,59.50,0,1500,1661,CENTER
1174548.608,TO_CENTER,8.13,9.34,59.50,0,1500,1661,CENTER
1174548.630,TO_CENTER,8.13,9.34,59.50,0,1500,1661,CENTER
1174548.653,TO_CENTER,8.13,9.34,59.50,0,1500,1661,CENTER
1174548.674,TO_CENTER,8.13,9.34,59.50,0,1500,1661,CENTER
1174548.694,TO_CENTER,8.15,9.37,59.25,0,1500,1661,CENTER
1174548.715,TO_CENTER,8.15,9.37,59.25,0,1500,1661,CENTER
1174548.736,TO_CENTER,8.15,9.37,59.25,0,1500,1661,CENTER
1174548.756,TO_CENTER,8.15,9.37,59.25,0,1500,1661,CENTER
1174548.776,TO_CENTER,8.15,9.37,59.25,0,1500,1661,CENTER
1174548.798,TO_CENTER,8.17,9.38,59.03,0,1500,1661,CENTER
1174548.819,TO_CENTER,8.17,9.38,59.03,0,1500,1661,CENTER
1174548.839,TO_CENTER,8.17,9.38,59.03,0,1500,1661,CENTER
1174548.860,TO_CENTER,8.17,9.38,59.03,0,1500,1661,CENTER
1174548.880,TO_CENTER,8.17,9.38,59.03,0,1500,1661,CENTER
1174548.901,TO_CENTER,8.17,9.38,20.03,1,1538,1661,CENTER
1174548.923,TO_CENTER,8.17,9.38,20.03,1,1538,1661,CENTER
1174548.944,TO_CENTER,8.17,9.38,20.03,1,1538,1661,CENTER
1174548.964,TO_CENTER,8.17,9.38,20.03,1,1538,1661,CENTER
1174548.984,TO_CENTER,8.17,9.38,20.03,1,1538,1661,CENTER
1174549.005,TO_CENTER,8.19,9.41,19.78,1,1538,1661,CENTER
1174549.025,TO_CENTER,8.19,9.41,19.78,1,1538,1661,CENTER
1174549.047,TO_CENTER,8.19,9.41,19.78,1,1538,1661,CENTER
1174549.067,TO_CENTER,8.19,9.41,19.78,1,1538,1661,CENTER
1174549.088,TO_CENTER,8.19,9.41,19.78,1,1538,1661,CENTER
1174549.109,TO_CENTER,8.21,9.43,19.56,1,1538,1661,CENTER
1174549.129,TO_CENTER,8.21,9.43,19.56,1,1538,1661,CENTER
1174549.150,TO_CENTER,8.21,9.43,19.56,1,1538,1661,CENTER
1174549.172,TO_CENTER,8.21,9.43,19.56,1,1538,1661,CENTER
1174549.192,TO_CENTER,8.21,9.43,19.56,1,1538,1661,CENTER
1174549.212,TO_CENTER,8.23,9.45,19.31,1,1538,1661,CENTER
1174549.234,TO_CENTER,8.23,9.45,19.31,1,1538,1661,CENTER
1174549.254,TO_CENTER,8.23,9.45,19.31,1,1538,1661,CENTER
1174549.274,TO_CENTER,8.23,9.45,19.31,1,1538,1661,CENTER
1174549.295,TO_CENTER,8.23,9.45,19.31,1,1538,1661,CENTER
1174549.315,TO_CENTER,8.26,9.47,19.16,1,1538,1661,CENTER
1174549.335,TO_CENTER,8.26,9.47,19.16,1,1538,1661,CENTER
1174549.356,TO_CENTER,8.26,9.47,19.16,1,1538,1661,CENTER
1174549.377,TO_CENTER,8.26,9.47,19.16,1,1538,1661,CENTER
1174549.397,TO_CENTER,8.26,9.47,19.16,1,1538,1661,CENTER
1174549.418,TO_CENTER,8.28,9.49,18.94,1,1538,1661,CENTER
1174549.438,TO_CENTER,8.28,9.49,18.94,1,1538,1661,CENTER
1174549.459,TO_CENTER,8.28,9.49,18.94,1,1538,1661,CENTER
1174549.479,TO_CENTER,8.28,9.49,18.94,1,1538,1661,CENTER
1174549.500,TO_CENTER,8.28,9.49,18.94,1,1538,1661,CENTER
1174549.521,TO_CENTER,8.31,9.52,12.70,1,1538,1661,CENTER
1174549.541,TO_CENTER,8.31,9.52,12.70,1,1538,1661,CENTER
1174549.562,TO_CENTER,8.31,9.52,12.70,1,1538,1661,CENTER
1174549.582,TO_CENTER,8.31,9.52,12.70,1,1538,1661,CENTER
1174549.603,TO_CENTER,8.31,9.52,12.70,1,1538,1661,CENTER
1174549.623,TO_CENTER,8.33,9.53,12.48,1,1538,1661,CENTER
1174549.643,TO_CENTER,8.33,9.53,12.48,1,1538,1661,CENTER
1174549.664,TO_CENTER,8.33,9.53,12.48,1,1538,1661,CENTER
1174549.684,TO_CENTER,8.33,9.53,12.48,1,1538,1661,CENTER
1174549.704,TO_CENTER,8.33,9.53,12.48,1,1538,1661,CENTER
1174549.725,TO_CENTER,8.33,9.53,12.48,1,1538,1661,CENTER
1174549.745,TO_CENTER,8.33,9.53,12.48,1,1538,1661,CENTER
1174549.766,TO_CENTER,8.33,9.53,12.48,1,1538,1661,CENTER
1174549.787,TO_CENTER,8.33,9.53,12.48,1,1538,1661,CENTER
1174549.807,TO_CENTER,8.33,9.53,12.48,1,1538,1661,CENTER
1174549.827,TO_CENTER,8.37,9.56,12.16,1,1538,1660,CENTER
1174549.848,TO_CENTER,8.37,9.56,12.16,1,1538,1660,CENTER
1174549.868,TO_CENTER,8.37,9.56,12.16,1,1538,1660,CENTER
1174549.889,TO_CENTER,8.37,9.56,12.16,1,1538,1660,CENTER
1174549.909,TO_CENTER,8.37,9.56,12.16,1,1538,1660,CENTER
1174549.929,TO_CENTER,8.39,9.59,12.00,1,1538,1660,CENTER
1174549.950,TO_CENTER,8.39,9.59,12.00,1,1538,1660,CENTER
1174549.971,TO_CENTER,8.39,9.59,12.00,1,1538,1660,CENTER
1174549.991,TO_CENTER,8.39,9.59,12.00,1,1538,1660,CENTER
1174550.012,TO_CENTER,8.39,9.59,12.00,1,1538,1660,CENTER
1174550.032,TO_CENTER,8.43,9.61,11.69,1,1538,1660,CENTER
1174550.053,TO_CENTER,8.43,9.61,11.69,1,1538,1660,CENTER
1174550.073,TO_CENTER,8.43,9.61,11.69,1,1538,1660,CENTER
1174550.093,TO_CENTER,8.43,9.61,11.69,1,1538,1660,CENTER
1174550.114,TO_CENTER,8.43,9.61,11.69,1,1538,1660,CENTER
1174550.135,TO_CENTER,8.43,9.61,10.69,1,1538,1660,CENTER
1174550.155,TO_CENTER,8.43,9.61,10.69,1,1538,1660,CENTER
1174550.175,TO_CENTER,8.43,9.61,10.69,1,1538,1660,CENTER
1174550.196,TO_CENTER,8.43,9.61,10.69,1,1538,1660,CENTER
1174550.217,TO_CENTER,8.43,9.61,10.69,1,1538,1660,CENTER
1174550.237,TO_CENTER,8.46,9.64,10.37,1,1539,1660,CENTER
1174550.258,TO_CENTER,8.46,9.64,10.37,1,1539,1660,CENTER
1174550.278,TO_CENTER,8.46,9.64,10.37,1,1539,1660,CENTER
1174550.298,TO_CENTER,8.46,9.64,10.37,1,1539,1660,CENTER
1174550.319,TO_CENTER,8.46,9.64,10.37,1,1539,1660,CENTER
1174550.339,TO_CENTER,8.49,9.66,10.16,1,1539,1660,CENTER
1174550.360,TO_CENTER,8.49,9.66,10.16,1,1539,1660,CENTER
1174550.380,TO_CENTER,8.49,9.66,10.16,1,1539,1660,CENTER
1174550.401,TO_CENTER,8.49,9.66,10.16,1,1539,1660,CENTER
1174550.422,TO_CENTER,8.49,9.66,10.16,1,1539,1660,CENTER
1174550.442,TO_CENTER,8.52,9.69,9.85,1,1539,1660,CENTER
1174550.463,TO_CENTER,8.52,9.69,9.85,1,1539,1660,CENTER
1174550.483,TO_CENTER,8.52,9.69,9.85,1,1539,1660,CENTER
1174550.503,TO_CENTER,8.52,9.69,9.85,1,1539,1660,CENTER
1174550.524,TO_CENTER,8.52,9.69,9.85,1,1539,1660,CENTER
1174550.544,TO_CENTER,8.52,9.69,9.85,1,1539,1660,CENTER
1174550.565,TO_CENTER,8.52,9.69,9.85,1,1539,1660,CENTER
1174550.585,TO_CENTER,8.52,9.69,9.85,1,1539,1660,CENTER
1174550.606,TO_CENTER,8.52,9.69,9.85,1,1539,1660,CENTER
1174550.626,TO_CENTER,8.52,9.69,9.85,1,1539,1660,CENTER
1174550.647,TO_CENTER,8.56,9.72,9.59,1,1539,1660,CENTER
1174550.667,TO_CENTER,8.56,9.72,9.59,1,1539,1660,CENTER
1174550.688,TO_CENTER,8.56,9.72,9.59,1,1539,1660,CENTER
1174550.709,TO_CENTER,8.56,9.72,9.59,1,1539,1660,CENTER
1174550.729,TO_CENTER,8.56,9.72,9.59,1,1539,1660,CENTER
1174550.751,TO_CENTER,8.60,9.74,9.30,1,1539,1660,CENTER
1174550.771,TO_CENTER,8.60,9.74,9.30,1,1539,1660,CENTER
1174550.791,TO_CENTER,8.60,9.74,9.30,1,1539,1660,CENTER
1174550.812,TO_CENTER,8.60,9.74,9.30,1,1539,1660,CENTER
1174550.832,TO_CENTER,8.60,9.74,9.30,1,1539,1660,CENTER
1174550.853,TO_CENTER,8.63,9.77,6.02,1,1539,1660,CENTER
1174550.873,TO_CENTER,8.63,9.77,6.02,1,1539,1660,CENTER
1174550.894,TO_CENTER,8.63,9.77,6.02,1,1539,1660,CENTER
1174550.914,TO_CENTER,8.63,9.77,6.02,1,1539,1660,CENTER
1174550.934,TO_CENTER,8.63,9.77,6.02,1,1539,1660,CENTER
1174550.955,TO_CENTER,8.67,9.80,5.71,1,1539,1659,CENTER
1174550.975,TO_CENTER,8.67,9.80,5.71,1,1539,1659,CENTER
1174550.996,TO_CENTER,8.67,9.80,5.71,1,1539,1659,CENTER
1174551.016,TO_CENTER,8.67,9.80,5.71,1,1539,1659,CENTER
1174551.037,TO_CENTER,8.67,9.80,5.71,1,1539,1659,CENTER
1174551.057,TO_CENTER,8.71,9.82,5.49,1,1539,1659,CENTER
1174551.079,TO_CENTER,8.71,9.82,5.49,1,1539,1659,CENTER
1174551.099,TO_CENTER,8.71,9.82,5.49,1,1539,1659,CENTER
1174551.119,TO_CENTER,8.71,9.82,5.49,1,1539,1659,CENTER
1174551.141,TO_CENTER,8.71,9.82,5.49,1,1539,1659,CENTER
1174551.161,TO_CENTER,8.71,9.82,5.49,1,1539,1659,CENTER
1174551.182,TO_CENTER,8.71,9.82,5.49,1,1539,1659,CENTER
1174551.202,TO_CENTER,8.71,9.82,5.49,1,1539,1659,CENTER
1174551.223,TO_CENTER,8.71,9.82,5.49,1,1539,1659,CENTER
1174551.243,TO_CENTER,8.71,9.82,5.49,1,1539,1659,CENTER
1174551.264,TO_CENTER,8.74,9.85,5.20,1,1539,1659,CENTER
1174551.285,TO_CENTER,8.74,9.85,5.20,1,1539,1659,CENTER
1174551.305,TO_CENTER,8.74,9.85,5.20,1,1539,1659,CENTER
1174551.326,TO_CENTER,8.74,9.85,5.20,1,1539,1659,CENTER
1174551.346,TO_CENTER,8.74,9.85,5.20,1,1539,1659,CENTER
1174551.367,TO_CENTER,8.78,9.87,3.92,1,1539,1659,CENTER
1174551.387,TO_CENTER,8.78,9.87,3.92,1,1539,1659,CENTER
1174551.408,TO_CENTER,8.78,9.87,3.92,1,1539,1659,CENTER
1174551.428,TO_CENTER,8.78,9.87,3.92,1,1539,1659,CENTER
1174551.449,TO_CENTER,8.78,9.87,3.92,1,1539,1659,CENTER
1174551.469,TO_CENTER,8.82,9.89,3.64,1,1540,1659,CENTER
1174551.490,TO_CENTER,8.82,9.89,3.64,1,1540,1659,CENTER
1174551.510,TO_CENTER,8.82,9.89,3.64,1,1540,1659,CENTER
1174551.531,TO_CENTER,8.82,9.89,3.64,1,1540,1659,CENTER
1174551.551,TO_CENTER,8.82,9.89,3.64,1,1540,1659,CENTER
1174551.572,TO_CENTER,8.85,9.92,3.42,1,1540,1659,CENTER
1174551.592,TO_CENTER,8.85,9.92,3.42,1,1540,1659,CENTER
1174551.613,TO_CENTER,8.85,9.92,3.42,1,1540,1659,CENTER
1174551.633,TO_CENTER,8.85,9.92,3.42,1,1540,1659,CENTER
1174551.654,TO_CENTER,8.85,9.92,3.42,1,1540,1659,CENTER
1174551.674,TO_CENTER,8.89,9.94,3.17,1,1540,1659,CENTER
1174551.695,TO_CENTER,8.89,9.94,3.17,1,1540,1659,CENTER
1174551.715,TO_CENTER,8.89,9.94,3.17,1,1540,1659,CENTER
1174551.735,TO_CENTER,8.89,9.94,3.17,1,1540,1659,CENTER
1174551.756,TO_CENTER,8.89,9.94,3.17,1,1540,1659,CENTER
1174551.777,TO_CENTER,8.93,9.96,1.89,1,1540,1659,CENTER
1174551.797,TO_CENTER,8.93,9.96,1.89,1,1540,1659,CENTER
1174551.817,TO_CENTER,8.93,9.96,1.89,1,1540,1659,CENTER
1174551.838,TO_CENTER,8.93,9.96,1.89,1,1540,1659,CENTER
1174551.858,TO_CENTER,8.93,9.96,1.89,1,1540,1659,CENTER
1174551.879,TO_CENTER,8.93,9.96,1.89,1,1540,1659,CENTER
1174551.899,TO_CENTER,8.93,9.96,1.89,1,1540,1659,CENTER
1174551.920,TO_CENTER,8.93,9.96,1.89,1,1540,1659,CENTER
1174551.940,TO_CENTER,8.93,9.96,1.89,1,1540,1659,CENTER
1174551.961,TO_CENTER,8.93,9.96,1.89,1,1540,1659,CENTER
1174551.981,TO_CENTER,8.96,9.98,1.64,1,1540,1659,CENTER
1174552.002,TO_CENTER,8.96,9.98,1.64,1,1540,1659,CENTER
1174552.023,TO_CENTER,8.96,9.98,1.64,1,1540,1659,CENTER
1174552.044,TO_CENTER,8.96,9.98,1.64,1,1540,1659,CENTER
1174552.064,TO_CENTER,8.96,9.98,1.64,1,1540,1659,CENTER
1174552.084,TO_CENTER,9.00,10.00,1.42,1,1540,1659,CENTER
1174552.105,TO_CENTER,9.00,10.00,1.42,1,1540,1659,CENTER
1174552.125,TO_CENTER,9.00,10.00,1.42,1,1540,1659,CENTER
1174552.146,TO_CENTER,9.00,10.00,1.42,1,1540,1659,CENTER
1174552.166,TO_CENTER,9.00,10.00,1.42,1,1540,1659,CENTER
1174552.187,TO_CENTER,9.03,10.02,1.25,1,1540,1658,CENTER
1174552.208,TO_CENTER,9.03,10.02,1.25,1,1540,1658,CENTER
1174552.229,TO_CENTER,9.03,10.02,1.25,1,1540,1658,CENTER
1174552.249,TO_CENTER,9.03,10.02,1.25,1,1540,1658,CENTER
1174552.270,TO_CENTER,9.03,10.02,1.25,1,1540,1658,CENTER
1174552.291,TO_CENTER,9.05,10.03,1.07,1,1540,1658,CENTER
1174552.311,TO_CENTER,9.05,10.03,1.07,1,1540,1658,CENTER
1174552.332,TO_CENTER,9.05,10.03,1.07,1,1540,1658,CENTER
1174552.353,TO_CENTER,9.05,10.03,1.07,1,1540,1658,CENTER
1174552.373,TO_CENTER,9.05,10.03,1.07,1,1540,1658,CENTER
1174552.394,TO_CENTER,9.09,10.05,0.82,1,1540,1658,CENTER
1174552.415,TO_CENTER,9.09,10.05,0.82,1,1540,1658,CENTER
1174552.435,TO_CENTER,9.09,10.05,0.82,1,1540,1658,CENTER
1174552.456,TO_CENTER,9.09,10.05,0.82,1,1540,1658,CENTER
1174552.476,TO_CENTER,9.09,10.05,0.82,1,1540,1658,CENTER
1174552.497,TO_CENTER,9.09,10.05,0.82,1,1540,1658,CENTER
1174552.517,TO_CENTER,9.09,10.05,0.82,1,1540,1658,CENTER
1174552.538,TO_CENTER,9.09,10.05,0.82,1,1540,1658,CENTER
1174552.558,TO_CENTER,9.09,10.05,0.82,1,1540,1658,CENTER
1174552.578,TO_CENTER,9.09,10.05,0.82,1,1540,1658,CENTER
1174552.599,TO_CENTER,9.12,10.07,0.63,1,1540,1658,CENTER
1174552.619,TO_CENTER,9.12,10.07,0.63,1,1540,1658,CENTER
1174552.640,TO_CENTER,9.12,10.07,0.63,1,1540,1658,CENTER
1174552.660,TO_CENTER,9.12,10.07,0.63,1,1540,1658,CENTER
1174552.680,TO_CENTER,9.12,10.07,0.63,1,1540,1658,CENTER
1174552.701,TO_CENTER,9.16,10.09,0.38,1,1540,1658,CENTER
1174552.721,TO_CENTER,9.16,10.09,0.38,1,1540,1658,CENTER
1174552.742,TO_CENTER,9.16,10.09,0.38,1,1540,1658,CENTER
1174552.762,TO_CENTER,9.16,10.09,0.38,1,1540,1658,CENTER
1174552.784,TO_CENTER,9.16,10.09,0.38,1,1540,1658,CENTER
1174552.804,TO_CENTER,9.19,10.11,0.13,1,1540,1658,CENTER
1174552.825,TO_CENTER,9.19,10.11,0.13,1,1540,1658,CENTER
1174552.845,TO_CENTER,9.19,10.11,0.13,1,1540,1658,CENTER
1174552.865,TO_CENTER,9.19,10.11,0.13,1,1540,1658,CENTER
1174552.886,TO_CENTER,9.19,10.11,0.13,1,1540,1658,CENTER
1174552.906,TO_CENTER,9.19,10.11,0.13,1,1540,1658,CENTER
1174552.927,TO_CENTER,9.19,10.11,0.13,1,1540,1658,CENTER
1174552.947,TO_CENTER,9.19,10.11,0.13,1,1540,1658,CENTER
1174552.968,TO_CENTER,9.19,10.11,0.13,1,1540,1658,CENTER
1174552.988,TO_CENTER,9.19,10.11,0.13,1,1540,1658,CENTER
1174553.009,TO_CENTER,9.23,10.13,-0.06,1,1541,1658,CENTER
1174553.029,TO_CENTER,9.23,10.13,-0.06,1,1541,1658,CENTER
1174553.050,TO_CENTER,9.23,10.13,-0.06,1,1541,1658,CENTER
1174553.071,TO_CENTER,9.23,10.13,-0.06,1,1541,1658,CENTER
1174553.091,TO_CENTER,9.23,10.13,-0.06,1,1541,1658,CENTER
1174553.112,TO_CENTER,9.27,10.14,-0.29,1,1541,1658,CENTER
1174553.132,TO_CENTER,9.27,10.14,-0.29,1,1541,1658,CENTER
1174553.153,TO_CENTER,9.27,10.14,-0.29,1,1541,1658,CENTER
1174553.173,TO_CENTER,9.27,10.14,-0.29,1,1541,1658,CENTER
1174553.194,TO_CENTER,9.27,10.14,-0.29,1,1541,1658,CENTER
1174553.214,TO_CENTER,9.30,10.16,-0.53,1,1541,1658,CENTER
1174553.234,TO_CENTER,9.30,10.16,-0.53,1,1541,1658,CENTER
1174553.255,TO_CENTER,9.30,10.16,-0.53,1,1541,1658,CENTER
1174553.275,TO_CENTER,9.30,10.16,-0.53,1,1541,1658,CENTER
1174553.296,TO_CENTER,9.30,10.16,-0.53,1,1541,1658,CENTER
1174553.317,TO_CENTER,9.30,10.16,-0.53,1,1541,1658,CENTER
1174553.337,TO_CENTER,9.30,10.16,-0.53,1,1541,1658,CENTER
1174553.358,TO_CENTER,9.30,10.16,-0.53,1,1541,1658,CENTER
1174553.379,TO_CENTER,9.30,10.16,-0.53,1,1541,1658,CENTER
1174553.400,TO_CENTER,9.30,10.16,-0.53,1,1541,1658,CENTER
1174553.420,TO_CENTER,9.34,10.18,-0.72,1,1541,1657,CENTER
1174553.441,TO_CENTER,9.34,10.18,-0.72,1,1541,1657,CENTER
1174553.461,TO_CENTER,9.34,10.18,-0.72,1,1541,1657,CENTER
1174553.482,TO_CENTER,9.34,10.18,-0.72,1,1541,1657,CENTER
1174553.502,TO_CENTER,9.34,10.18,-0.72,1,1541,1657,CENTER
1174553.523,TO_CENTER,9.37,10.19,-0.95,1,1541,1657,CENTER
1174553.543,TO_CENTER,9.37,10.19,-0.95,1,1541,1657,CENTER
1174553.564,TO_CENTER,9.37,10.19,-0.95,1,1541,1657,CENTER
1174553.584,TO_CENTER,9.37,10.19,-0.95,1,1541,1657,CENTER
1174553.605,TO_CENTER,9.37,10.19,-0.95,1,1541,1657,CENTER
1174553.625,TO_CENTER,9.37,10.19,-0.95,1,1541,1657,CENTER
1174553.646,TO_CENTER,9.37,10.19,-0.95,1,1541,1657,CENTER
1174553.666,TO_CENTER,9.37,10.19,-0.95,1,1541,1657,CENTER
1174553.687,TO_CENTER,9.37,10.19,-0.95,1,1541,1657,CENTER
1174553.707,TO_CENTER,9.37,10.19,-0.95,1,1541,1657,CENTER
1174553.727,TO_CENTER,9.41,10.21,-1.13,1,1541,1657,CENTER
1174553.748,TO_CENTER,9.41,10.21,-1.13,1,1541,1657,CENTER
1174553.769,TO_CENTER,9.41,10.21,-1.13,1,1541,1657,CENTER
1174553.790,TO_CENTER,9.41,10.21,-1.13,1,1541,1657,CENTER
1174553.810,TO_CENTER,9.41,10.21,-1.13,1,1541,1657,CENTER
1174553.831,TO_CENTER,9.45,10.22,-1.36,1,1541,1657,CENTER
1174553.851,TO_CENTER,9.45,10.22,-1.36,1,1541,1657,CENTER
1174553.871,TO_CENTER,9.45,10.22,-1.36,1,1541,1657,CENTER
1174553.892,TO_CENTER,9.45,10.22,-1.36,1,1541,1657,CENTER
1174553.912,TO_CENTER,9.45,10.22,-1.36,1,1541,1657,CENTER
1174553.933,TO_CENTER,9.48,10.23,-1.59,1,1541,1657,CENTER
1174553.953,TO_CENTER,9.48,10.23,-1.59,1,1541,1657,CENTER
1174553.975,TO_CENTER,9.48,10.23,-1.59,1,1541,1657,CENTER
1174553.995,TO_CENTER,9.48,10.23,-1.59,1,1541,1657,CENTER
1174554.016,TO_CENTER,9.48,10.23,-1.59,1,1541,1657,CENTER
1174554.037,TO_CENTER,9.52,10.26,-1.77,1,1541,1657,CENTER
1174554.057,TO_CENTER,9.52,10.26,-1.77,1,1541,1657,CENTER
1174554.078,TO_CENTER,9.52,10.26,-1.77,1,1541,1657,CENTER
1174554.098,TO_CENTER,9.52,10.26,-1.77,1,1541,1657,CENTER
1174554.119,TO_CENTER,9.52,10.26,-1.77,1,1541,1657,CENTER
1174554.139,TO_CENTER,9.52,10.26,-1.77,1,1541,1657,CENTER
1174554.160,TO_CENTER,9.52,10.26,-1.77,1,1541,1657,CENTER
1174554.180,TO_CENTER,9.52,10.26,-1.77,1,1541,1657,CENTER
1174554.201,TO_CENTER,9.52,10.26,-1.77,1,1541,1657,CENTER
1174554.221,TO_CENTER,9.52,10.26,-1.77,1,1541,1657,CENTER
1174554.241,TO_CENTER,9.55,10.27,-1.99,1,1541,1657,CENTER
1174554.262,TO_CENTER,9.55,10.27,-1.99,1,1541,1657,CENTER
1174554.282,TO_CENTER,9.55,10.27,-1.99,1,1541,1657,CENTER
1174554.303,TO_CENTER,9.55,10.27,-1.99,1,1541,1657,CENTER
1174554.323,TO_CENTER,9.55,10.27,-1.99,1,1541,1657,CENTER
1174554.344,TO_CENTER,9.59,10.28,-2.16,1,1541,1657,CENTER
1174554.365,TO_CENTER,9.59,10.28,-2.16,1,1541,1657,CENTER
1174554.385,TO_CENTER,9.59,10.28,-2.16,1,1541,1657,CENTER
1174554.405,TO_CENTER,9.59,10.28,-2.16,1,1541,1657,CENTER
1174554.426,TO_CENTER,9.59,10.28,-2.16,1,1541,1657,CENTER
1174554.447,TO_CENTER,9.62,10.29,-2.38,1,1541,1657,CENTER
1174554.467,TO_CENTER,9.62,10.29,-2.38,1,1541,1657,CENTER
1174554.488,TO_CENTER,9.62,10.29,-2.38,1,1541,1657,CENTER
1174554.508,TO_CENTER,9.62,10.29,-2.38,1,1541,1657,CENTER
1174554.529,TO_CENTER,9.62,10.29,-2.38,1,1541,1657,CENTER
1174554.549,TO_CENTER,9.62,10.29,-2.38,1,1541,1657,CENTER
1174554.570,TO_CENTER,9.62,10.29,-2.38,1,1541,1657,CENTER
1174554.590,TO_CENTER,9.62,10.29,-2.38,1,1541,1657,CENTER
1174554.611,TO_CENTER,9.62,10.29,-2.38,1,1541,1657,CENTER
1174554.631,TO_CENTER,9.62,10.29,-2.38,1,1541,1657,CENTER
1174554.652,TO_CENTER,9.66,10.31,-1.55,1,1541,1657,CENTER
1174554.672,TO_CENTER,9.66,10.31,-1.55,1,1541,1657,CENTER
1174554.692,TO_CENTER,9.66,10.31,-1.55,1,1541,1657,CENTER
1174554.713,TO_CENTER,9.66,10.31,-1.55,1,1541,1657,CENTER
1174554.734,TO_CENTER,9.66,10.31,-1.55,1,1541,1657,CENTER
1174554.755,TO_CENTER,9.69,10.32,-1.77,1,1541,1656,CENTER
1174554.775,TO_CENTER,9.69,10.32,-1.77,1,1541,1656,CENTER
1174554.795,TO_CENTER,9.69,10.32,-1.77,1,1541,1656,CENTER
1174554.816,TO_CENTER,9.69,10.32,-1.77,1,1541,1656,CENTER
1174554.836,TO_CENTER,9.69,10.32,-1.77,1,1541,1656,CENTER
1174554.857,TO_CENTER,9.69,10.32,-1.77,1,1541,1656,CENTER
1174554.877,TO_CENTER,9.69,10.32,-1.77,1,1541,1656,CENTER
1174554.898,TO_CENTER,9.69,10.32,-1.77,1,1541,1656,CENTER
1174554.918,TO_CENTER,9.69,10.32,-1.77,1,1541,1656,CENTER
1174554.939,TO_CENTER,9.69,10.32,-1.77,1,1541,1656,CENTER
1174554.959,TO_CENTER,9.72,10.33,-1.97,1,1541,1656,CENTER
1174554.980,TO_CENTER,9.72,10.33,-1.97,1,1541,1656,CENTER
1174555.000,TO_CENTER,9.72,10.33,-1.97,1,1541,1656,CENTER
1174555.021,TO_CENTER,9.72,10.33,-1.97,1,1541,1656,CENTER
1174555.041,TO_CENTER,9.72,10.33,-1.97,1,1541,1656,CENTER
1174555.061,TO_CENTER,9.75,10.34,-2.06,1,1541,1656,CENTER
1174555.082,TO_CENTER,9.75,10.34,-2.06,1,1541,1656,CENTER
1174555.102,TO_CENTER,9.75,10.34,-2.06,1,1541,1656,CENTER
1174555.123,TO_CENTER,9.75,10.34,-2.06,1,1541,1656,CENTER
1174555.143,TO_CENTER,9.75,10.34,-2.06,1,1541,1656,CENTER
1174555.163,TO_CENTER,9.78,10.35,-2.29,1,1541,1656,CENTER
1174555.184,TO_CENTER,9.78,10.35,-2.29,1,1541,1656,CENTER
1174555.204,TO_CENTER,9.78,10.35,-2.29,1,1541,1656,CENTER
1174555.225,TO_CENTER,9.78,10.35,-2.29,1,1541,1656,CENTER
1174555.247,TO_CENTER,9.78,10.35,-2.29,1,1541,1656,CENTER
1174555.268,TO_CENTER,9.81,10.36,-2.43,1,1541,1656,CENTER
1174555.288,TO_CENTER,9.81,10.36,-2.43,1,1541,1656,CENTER
1174555.309,TO_CENTER,9.81,10.36,-2.43,1,1541,1656,CENTER
1174555.329,TO_CENTER,9.81,10.36,-2.43,1,1541,1656,CENTER
1174555.350,TO_CENTER,9.81,10.36,-2.43,1,1541,1656,CENTER
1174555.370,TO_CENTER,9.81,10.36,-2.43,1,1541,1656,CENTER
1174555.391,TO_CENTER,9.81,10.36,-2.43,1,1541,1656,CENTER
1174555.411,TO_CENTER,9.81,10.36,-2.43,1,1541,1656,CENTER
1174555.432,TO_CENTER,9.81,10.36,-2.43,1,1541,1656,CENTER
1174555.452,TO_CENTER,9.81,10.36,-2.43,1,1541,1656,CENTER
1174555.473,TO_CENTER,9.85,10.37,-2.65,1,1541,1656,CENTER
1174555.493,TO_CENTER,9.85,10.37,-2.65,1,1541,1656,CENTER
1174555.513,TO_CENTER,9.85,10.37,-2.65,1,1541,1656,CENTER
1174555.534,TO_CENTER,9.85,10.37,-2.65,1,1541,1656,CENTER
1174555.554,TO_CENTER,9.85,10.37,-2.65,1,1541,1656,CENTER
1174555.575,TO_CENTER,9.88,10.38,-2.87,1,1542,1656,CENTER
1174555.596,TO_CENTER,9.88,10.38,-2.87,1,1542,1656,CENTER
1174555.616,TO_CENTER,9.88,10.38,-2.87,1,1542,1656,CENTER
1174555.636,TO_CENTER,9.88,10.38,-2.87,1,1542,1656,CENTER
1174555.658,TO_CENTER,9.88,10.38,-2.87,1,1542,1656,CENTER
1174555.678,TO_CENTER,9.91,10.39,-3.02,1,1542,1656,CENTER
1174555.699,TO_CENTER,9.91,10.39,-3.02,1,1542,1656,CENTER
1174555.720,TO_CENTER,9.91,10.39,-3.02,1,1542,1656,CENTER
1174555.740,TO_CENTER,9.91,10.39,-3.02,1,1542,1656,CENTER
1174555.761,TO_CENTER,9.91,10.39,-3.02,1,1542,1656,CENTER
1174555.782,TO_CENTER,9.91,10.39,-3.02,1,1542,1656,CENTER
1174555.802,TO_CENTER,9.91,10.39,-3.02,1,1542,1656,CENTER
1174555.822,TO_CENTER,9.91,10.39,-3.02,1,1542,1656,CENTER
1174555.844,TO_CENTER,9.91,10.39,-3.02,1,1542,1656,CENTER
1174555.864,TO_CENTER,9.91,10.39,-3.02,1,1542,1656,CENTER
1174555.885,TO_CENTER,9.94,10.40,-3.16,1,1542,1656,CENTER
1174555.905,TO_CENTER,9.94,10.40,-3.16,1,1542,1656,CENTER
1174555.926,TO_CENTER,9.94,10.40,-3.16,1,1542,1656,CENTER
1174555.947,TO_CENTER,9.94,10.40,-3.16,1,1542,1656,CENTER
1174555.967,TO_CENTER,9.94,10.40,-3.16,1,1542,1656,CENTER
1174555.988,TO_CENTER,9.97,10.41,-3.38,1,1542,1656,CENTER
1174556.008,TO_CENTER,9.97,10.41,-3.38,1,1542,1656,CENTER
1174556.029,TO_CENTER,9.97,10.41,-3.38,1,1542,1656,CENTER
1174556.049,TO_CENTER,9.97,10.41,-3.38,1,1542,1656,CENTER
1174556.069,TO_CENTER,9.97,10.41,-3.38,1,1542,1656,CENTER
1174556.090,TO_CENTER,10.01,10.42,-3.53,1,1542,1655,CENTER
1174556.110,TO_CENTER,10.01,10.42,-3.53,1,1542,1655,CENTER
1174556.131,TO_CENTER,10.01,10.42,-3.53,1,1542,1655,CENTER
1174556.151,TO_CENTER,10.01,10.42,-3.53,1,1542,1655,CENTER
1174556.172,TO_CENTER,10.01,10.42,-3.53,1,1542,1655,CENTER
1174556.193,TO_CENTER,10.01,10.42,-3.53,1,1542,1655,CENTER
1174556.213,TO_CENTER,10.01,10.42,-3.53,1,1542,1655,CENTER
1174556.235,TO_CENTER,10.01,10.42,-3.53,1,1542,1655,CENTER
1174556.255,TO_CENTER,10.01,10.42,-3.53,1,1542,1655,CENTER
1174556.275,TO_CENTER,10.01,10.42,-3.53,1,1542,1655,CENTER
1174556.297,TO_CENTER,10.04,10.43,-3.73,1,1542,1655,CENTER
1174556.317,TO_CENTER,10.04,10.43,-3.73,1,1542,1655,CENTER
1174556.337,TO_CENTER,10.04,10.43,-3.73,1,1542,1655,CENTER
1174556.358,TO_CENTER,10.04,10.43,-3.73,1,1542,1655,CENTER
1174556.378,TO_CENTER,10.04,10.43,-3.73,1,1542,1655,CENTER
1174556.399,TO_CENTER,10.07,10.44,-3.87,1,1542,1655,CENTER
1174556.419,TO_CENTER,10.07,10.44,-3.87,1,1542,1655,CENTER
1174556.440,TO_CENTER,10.07,10.44,-3.87,1,1542,1655,CENTER
1174556.461,TO_CENTER,10.07,10.44,-3.87,1,1542,1655,CENTER
1174556.481,TO_CENTER,10.07,10.44,-3.87,1,1542,1655,CENTER
1174556.502,TO_CENTER,10.09,10.44,-3.00,1,1542,1655,CENTER
1174556.522,TO_CENTER,10.09,10.44,-3.00,1,1542,1655,CENTER
1174556.543,TO_CENTER,10.09,10.44,-3.00,1,1542,1655,CENTER
1174556.563,TO_CENTER,10.09,10.44,-3.00,1,1542,1655,CENTER
1174556.584,TO_CENTER,10.09,10.44,-3.00,1,1542,1655,CENTER
1174556.604,TO_CENTER,10.09,10.44,-3.00,1,1542,1655,CENTER
1174556.625,TO_CENTER,10.09,10.44,-3.00,1,1542,1655,CENTER
1174556.645,TO_CENTER,10.09,10.44,-3.00,1,1542,1655,CENTER
1174556.666,TO_CENTER,10.09,10.44,-3.00,1,1542,1655,CENTER
1174556.686,TO_CENTER,10.09,10.44,-3.00,1,1542,1655,CENTER
1174556.707,TO_CENTER,10.12,10.44,-3.21,1,1542,1655,CENTER
1174556.727,TO_CENTER,10.12,10.44,-3.21,1,1542,1655,CENTER
1174556.749,TO_CENTER,10.12,10.44,-3.21,1,1542,1655,CENTER
1174556.770,TO_CENTER,10.12,10.44,-3.21,1,1542,1655,CENTER
1174556.790,TO_CENTER,10.12,10.44,-3.21,1,1542,1655,CENTER
1174556.811,TO_CENTER,10.15,10.45,-3.35,1,1542,1655,CENTER
1174556.831,TO_CENTER,10.15,10.45,-3.35,1,1542,1655,CENTER
1174556.852,TO_CENTER,10.15,10.45,-3.35,1,1542,1655,CENTER
1174556.872,TO_CENTER,10.15,10.45,-3.35,1,1542,1655,CENTER
1174556.892,TO_CENTER,10.15,10.45,-3.35,1,1542,1655,CENTER
1174556.913,TO_CENTER,10.18,10.46,-3.49,1,1542,1655,CENTER
1174556.933,TO_CENTER,10.18,10.46,-3.49,1,1542,1655,CENTER
1174556.954,TO_CENTER,10.18,10.46,-3.49,1,1542,1655,CENTER
1174556.974,TO_CENTER,10.18,10.46,-3.49,1,1542,1655,CENTER
1174556.995,TO_CENTER,10.18,10.46,-3.49,1,1542,1655,CENTER
1174557.015,TO_CENTER,10.21,10.47,-3.70,1,1542,1655,CENTER
1174557.035,TO_CENTER,10.21,10.47,-3.70,1,1542,1655,CENTER
1174557.056,TO_CENTER,10.21,10.47,-3.70,1,1542,1655,CENTER
1174557.077,TO_CENTER,10.21,10.47,-3.70,1,1542,1655,CENTER
1174557.097,TO_CENTER,10.21,10.47,-3.70,1,1542,1655,CENTER
1174557.117,TO_CENTER,10.21,10.47,-3.70,1,1542,1655,CENTER
1174557.139,TO_CENTER,10.21,10.47,-3.70,1,1542,1655,CENTER
1174557.159,TO_CENTER,10.21,10.47,-3.70,1,1542,1655,CENTER
1174557.179,TO_CENTER,10.21,10.47,-3.70,1,1542,1655,CENTER
1174557.200,TO_CENTER,10.21,10.47,-3.70,1,1542,1655,CENTER
1174557.220,TO_CENTER,10.24,10.48,-3.84,1,1542,1655,CENTER
1174557.240,TO_CENTER,10.24,10.48,-3.84,1,1542,1655,CENTER
1174557.260,TO_CENTER,10.24,10.48,-3.84,1,1542,1655,CENTER
1174557.281,TO_CENTER,10.24,10.48,-3.84,1,1542,1655,CENTER
1174557.301,TO_CENTER,10.24,10.48,-3.84,1,1542,1655,CENTER
1174557.322,TO_CENTER,10.26,10.48,-3.97,1,1542,1655,CENTER
1174557.343,TO_CENTER,10.26,10.48,-3.97,1,1542,1655,CENTER
1174557.364,TO_CENTER,10.26,10.48,-3.97,1,1542,1655,CENTER
1174557.384,TO_CENTER,10.26,10.48,-3.97,1,1542,1655,CENTER
1174557.405,TO_CENTER,10.26,10.48,-3.97,1,1542,1655,CENTER
1174557.425,TO_CENTER,10.29,10.48,-4.10,1,1542,1655,CENTER
1174557.446,TO_CENTER,10.29,10.48,-4.10,1,1542,1655,CENTER
1174557.466,TO_CENTER,10.29,10.48,-4.10,1,1542,1655,CENTER
1174557.487,TO_CENTER,10.29,10.48,-4.10,1,1542,1655,CENTER
1174557.507,TO_CENTER,10.29,10.48,-4.10,1,1542,1655,CENTER
1174557.528,TO_CENTER,10.29,10.48,-4.10,1,1542,1655,CENTER
1174557.548,TO_CENTER,10.29,10.48,-4.10,1,1542,1655,CENTER
1174557.569,TO_CENTER,10.29,10.48,-4.10,1,1542,1655,CENTER
1174557.589,TO_CENTER,10.29,10.48,-4.10,1,1542,1655,CENTER
1174557.609,TO_CENTER,10.29,10.48,-4.10,1,1542,1655,CENTER
1174557.630,TO_CENTER,10.31,10.49,-4.30,1,1542,1655,CENTER
1174557.650,TO_CENTER,10.31,10.49,-4.30,1,1542,1655,CENTER
1174557.670,TO_CENTER,10.31,10.49,-4.30,1,1542,1655,CENTER
1174557.691,TO_CENTER,10.31,10.49,-4.30,1,1542,1655,CENTER
1174557.711,TO_CENTER,10.31,10.49,-4.30,1,1542,1655,CENTER
1174557.731,TO_CENTER,10.34,10.50,-3.44,1,1542,1654,CENTER
1174557.751,TO_CENTER,10.34,10.50,-3.44,1,1542,1654,CENTER
1174557.772,TO_CENTER,10.34,10.50,-3.44,1,1542,1654,CENTER
1174557.792,TO_CENTER,10.34,10.50,-3.44,1,1542,1654,CENTER
1174557.812,TO_CENTER,10.34,10.50,-3.44,1,1542,1654,CENTER
1174557.833,TO_CENTER,10.37,10.50,-3.57,1,1542,1654,CENTER
1174557.853,TO_CENTER,10.37,10.50,-3.57,1,1542,1654,CENTER
1174557.874,TO_CENTER,10.37,10.50,-3.57,1,1542,1654,CENTER
1174557.894,TO_CENTER,10.37,10.50,-3.57,1,1542,1654,CENTER
1174557.914,TO_CENTER,10.37,10.50,-3.57,1,1542,1654,CENTER
1174557.936,TO_CENTER,10.39,10.50,-3.77,1,1542,1654,CENTER
1174557.956,TO_CENTER,10.39,10.50,-3.77,1,1542,1654,CENTER
1174557.977,TO_CENTER,10.39,10.50,-3.77,1,1542,1654,CENTER
1174557.997,TO_CENTER,10.39,10.50,-3.77,1,1542,1654,CENTER
1174558.018,TO_CENTER,10.39,10.50,-3.77,1,1542,1654,CENTER
1174558.038,TO_CENTER,10.39,10.50,-3.77,1,1542,1654,CENTER
1174558.059,TO_CENTER,10.39,10.50,-3.77,1,1542,1654,CENTER
1174558.080,TO_CENTER,10.39,10.50,-3.77,1,1542,1654,CENTER
1174558.100,TO_CENTER,10.39,10.50,-3.77,1,1542,1654,CENTER
1174558.120,TO_CENTER,10.39,10.50,-3.77,1,1542,1654,CENTER
1174558.141,TO_CENTER,10.42,10.51,-3.90,1,1542,1654,CENTER
1174558.161,TO_CENTER,10.42,10.51,-3.90,1,1542,1654,CENTER
1174558.182,TO_CENTER,10.42,10.51,-3.90,1,1542,1654,CENTER
1174558.202,TO_CENTER,10.42,10.51,-3.90,1,1542,1654,CENTER
1174558.223,TO_CENTER,10.42,10.51,-3.90,1,1542,1654,CENTER
1174558.243,TO_CENTER,10.45,10.51,-4.03,1,1542,1654,CENTER
1174558.264,TO_CENTER,10.45,10.51,-4.03,1,1542,1654,CENTER
1174558.284,TO_CENTER,10.45,10.51,-4.03,1,1542,1654,CENTER
1174558.305,TO_CENTER,10.45,10.51,-4.03,1,1542,1654,CENTER
1174558.326,TO_CENTER,10.45,10.51,-4.03,1,1542,1654,CENTER
1174558.346,TO_CENTER,10.47,10.51,-4.23,1,1542,1654,CENTER
1174558.366,TO_CENTER,10.47,10.51,-4.23,1,1542,1654,CENTER
1174558.388,TO_CENTER,10.47,10.51,-4.23,1,1542,1654,CENTER
1174558.409,TO_CENTER,10.47,10.51,-4.23,1,1542,1654,CENTER
1174558.429,TO_CENTER,10.47,10.51,-4.23,1,1542,1654,CENTER
1174558.451,TO_CENTER,10.47,10.51,-4.23,1,1542,1654,CENTER
1174558.472,TO_CENTER,10.47,10.51,-4.23,1,1542,1654,CENTER
1174558.492,TO_CENTER,10.47,10.51,-4.23,1,1542,1654,CENTER
1174558.514,TO_CENTER,10.47,10.51,-4.23,1,1542,1654,CENTER
1174558.534,TO_CENTER,10.47,10.51,-4.23,1,1542,1654,CENTER
1174558.556,TO_CENTER,10.50,10.52,-4.36,1,1542,1654,CENTER
1174558.578,TO_CENTER,10.50,10.52,-4.36,1,1542,1654,CENTER
1174558.598,TO_CENTER,10.50,10.52,-4.36,1,1542,1654,CENTER
1174558.619,TO_CENTER,10.50,10.52,-4.36,1,1542,1654,CENTER
1174558.647,TO_CENTER,10.50,10.52,-4.36,1,1542,1654,CENTER
1174558.669,TO_CENTER,10.52,10.52,-4.49,1,1542,1654,CENTER
1174558.689,TO_CENTER,10.52,10.52,-4.49,1,1542,1654,CENTER
1174558.710,TO_CENTER,10.52,10.52,-4.49,1,1542,1654,CENTER
1174558.730,TO_CENTER,10.52,10.52,-4.49,1,1542,1654,CENTER
1174558.751,TO_CENTER,10.52,10.52,-4.49,1,1542,1654,CENTER
1174558.771,TO_CENTER,10.53,10.52,-4.49,1,1542,1654,CENTER
1174558.791,TO_CENTER,10.53,10.52,-4.49,1,1542,1654,CENTER
1174558.812,TO_CENTER,10.53,10.52,-4.49,1,1542,1654,CENTER
1174558.832,TO_CENTER,10.53,10.52,-4.49,1,1542,1654,CENTER
1174558.853,TO_CENTER,10.53,10.52,-4.49,1,1542,1654,CENTER
1174558.873,TO_CENTER,10.53,10.52,-4.49,1,1542,1654,CENTER
1174558.894,TO_CENTER,10.53,10.52,-4.49,1,1542,1654,CENTER
1174558.915,TO_CENTER,10.53,10.52,-4.49,1,1542,1654,CENTER
1174558.936,TO_CENTER,10.53,10.52,-4.49,1,1542,1654,CENTER
1174558.956,TO_CENTER,10.53,10.52,-4.49,1,1542,1654,CENTER
1174561.505,TO_CENTER,7.79,10.56,-5.04,1,1542,1662,CENTER
1174561.525,TO_CENTER,7.79,10.56,-5.04,1,1542,1662,CENTER
1174561.546,TO_CENTER,7.79,10.56,-5.04,1,1542,1662,CENTER
1174561.567,TO_CENTER,7.79,10.56,-5.04,1,1542,1662,CENTER
1174561.587,TO_CENTER,7.79,10.56,-5.04,1,1542,1662,CENTER
1174561.608,TO_CENTER,7.79,10.56,-5.04,1,1542,1662,CENTER
1174561.628,TO_CENTER,7.79,10.56,-5.04,1,1542,1662,CENTER
1174561.649,TO_CENTER,7.56,10.57,-5.17,1,1542,1663,CENTER
1174561.669,TO_CENTER,7.56,10.57,-5.17,1,1542,1663,CENTER
1174561.690,TO_CENTER,7.56,10.57,-5.17,1,1542,1663,CENTER
1174561.710,TO_CENTER,7.56,10.57,-5.17,1,1542,1663,CENTER
1174561.731,TO_CENTER,7.56,10.57,-5.17,1,1542,1663,CENTER
1174561.751,TO_CENTER,7.33,10.57,-5.30,1,1542,1664,CENTER
1174561.772,TO_CENTER,7.33,10.57,-5.30,1,1542,1664,CENTER
1174561.792,TO_CENTER,7.33,10.57,-5.30,1,1542,1664,CENTER
1174561.812,TO_CENTER,7.33,10.57,-5.30,1,1542,1664,CENTER
1174561.833,TO_CENTER,7.33,10.57,-5.30,1,1542,1664,CENTER
1174561.853,TO_CENTER,7.10,10.57,-5.43,1,1542,1664,CENTER
1174561.874,TO_CENTER,7.10,10.57,-5.43,1,1542,1664,CENTER
1174561.894,TO_CENTER,7.10,10.57,-5.43,1,1542,1664,CENTER
1174561.915,TO_CENTER,7.10,10.57,-5.43,1,1542,1664,CENTER
1174561.935,TO_CENTER,7.10,10.57,-5.43,1,1542,1664,CENTER
1174561.956,TO_CENTER,7.10,10.57,-5.43,1,1542,1664,CENTER
1174561.977,TO_CENTER,7.10,10.57,-5.43,1,1542,1664,CENTER
1174561.998,TO_CENTER,7.10,10.57,-5.43,1,1542,1664,CENTER
1174562.018,TO_CENTER,7.10,10.57,-5.43,1,1542,1664,CENTER
1174562.038,TO_CENTER,7.10,10.57,-5.43,1,1542,1664,CENTER
1174562.059,TO_CENTER,6.87,10.58,-5.55,1,1542,1665,CENTER
1174562.080,TO_CENTER,6.87,10.58,-5.55,1,1542,1665,CENTER
1174562.102,TO_CENTER,6.87,10.58,-5.55,1,1542,1665,CENTER
1174562.123,TO_CENTER,6.87,10.58,-5.55,1,1542,1665,CENTER
1174562.143,TO_CENTER,6.87,10.58,-5.55,1,1542,1665,CENTER
1174562.164,TO_CENTER,6.72,10.57,-5.61,1,1542,1665,CENTER
1174562.184,TO_CENTER,6.72,10.57,-5.61,1,1542,1665,CENTER
1174562.205,TO_CENTER,6.72,10.57,-5.61,1,1542,1665,CENTER
1174562.225,TO_CENTER,6.72,10.57,-5.61,1,1542,1665,CENTER
1174562.246,TO_CENTER,6.72,10.57,-5.61,1,1542,1665,CENTER
1174562.266,TO_CENTER,6.57,10.58,-5.68,1,1542,1666,CENTER
1174562.286,TO_CENTER,6.57,10.58,-5.68,1,1542,1666,CENTER
1174562.307,TO_CENTER,6.57,10.58,-5.68,1,1542,1666,CENTER
1174562.327,TO_CENTER,6.57,10.58,-5.68,1,1542,1666,CENTER
1174562.348,TO_CENTER,6.57,10.58,-5.68,1,1542,1666,CENTER
1174562.368,TO_CENTER,6.41,10.57,-5.80,1,1542,1666,CENTER
1174562.388,TO_CENTER,6.41,10.57,-5.80,1,1542,1666,CENTER
1174562.409,TO_CENTER,6.41,10.57,-5.80,1,1542,1666,CENTER
1174562.430,TO_CENTER,6.41,10.57,-5.80,1,1542,1666,CENTER
1174562.451,TO_CENTER,6.41,10.57,-5.80,1,1542,1666,CENTER
1174562.471,TO_CENTER,6.19,10.58,-4.93,1,1542,1667,CENTER
1174562.492,TO_CENTER,6.19,10.58,-4.93,1,1542,1667,CENTER
1174562.512,TO_CENTER,6.19,10.58,-4.93,1,1542,1667,CENTER
1174562.533,TO_CENTER,6.19,10.58,-4.93,1,1542,1667,CENTER
1174562.555,TO_CENTER,6.19,10.58,-4.93,1,1542,1667,CENTER
1174562.575,TO_CENTER,6.03,10.58,-4.99,1,1542,1667,CENTER
1174562.595,TO_CENTER,6.03,10.58,-4.99,1,1542,1667,CENTER
1174562.616,TO_CENTER,6.03,10.58,-4.99,1,1542,1667,CENTER
1174562.636,TO_CENTER,6.03,10.58,-4.99,1,1542,1667,CENTER
1174562.657,TO_CENTER,6.03,10.58,-4.99,1,1542,1667,CENTER
1174562.678,TO_CENTER,6.03,10.58,-4.99,1,1542,1667,CENTER
1174562.698,TO_CENTER,6.03,10.58,-4.99,1,1542,1667,CENTER
1174562.719,TO_CENTER,6.03,10.58,-4.99,1,1542,1667,CENTER
1174562.739,TO_CENTER,6.03,10.58,-4.99,1,1542,1667,CENTER
1174562.760,TO_CENTER,6.03,10.58,-4.99,1,1542,1667,CENTER
1174562.780,TO_CENTER,5.81,10.58,-5.11,1,1542,1668,CENTER
1174562.801,TO_CENTER,5.81,10.58,-5.11,1,1542,1668,CENTER
1174562.821,TO_CENTER,5.81,10.58,-5.11,1,1542,1668,CENTER
1174562.842,TO_CENTER,5.81,10.58,-5.11,1,1542,1668,CENTER
1174562.862,TO_CENTER,5.81,10.58,-5.11,1,1542,1668,CENTER
1174562.882,TO_CENTER,5.58,10.58,-5.24,1,1542,1669,CENTER
1174562.902,TO_CENTER,5.58,10.58,-5.24,1,1542,1669,CENTER
1174562.923,TO_CENTER,5.58,10.58,-5.24,1,1542,1669,CENTER
1174562.943,TO_CENTER,5.58,10.58,-5.24,1,1542,1669,CENTER
1174562.964,TO_CENTER,5.58,10.58,-5.24,1,1542,1669,CENTER
1174562.984,TO_CENTER,5.58,10.58,-4.24,1,1542,1669,CENTER
1174563.005,TO_CENTER,5.58,10.58,-4.24,1,1542,1669,CENTER
1174563.025,TO_CENTER,5.58,10.58,-4.24,1,1542,1669,CENTER
1174563.046,TO_CENTER,5.58,10.58,-4.24,1,1542,1669,CENTER
1174563.066,TO_CENTER,5.58,10.58,-4.24,1,1542,1669,CENTER
1174563.086,TO_CENTER,5.35,10.59,-4.31,1,1542,1669,CENTER
1174563.107,TO_CENTER,5.35,10.59,-4.31,1,1542,1669,CENTER
1174563.127,TO_CENTER,5.35,10.59,-4.31,1,1542,1669,CENTER
1174563.148,TO_CENTER,5.35,10.59,-4.31,1,1542,1669,CENTER
1174563.168,TO_CENTER,5.35,10.59,-4.31,1,1542,1669,CENTER
1174563.188,TO_CENTER,5.12,10.58,-4.42,1,1542,1670,CENTER
1174563.209,TO_CENTER,5.12,10.58,-4.42,1,1542,1670,CENTER
1174563.229,TO_CENTER,5.12,10.58,-4.42,1,1542,1670,CENTER
1174563.249,TO_CENTER,5.12,10.58,-4.42,1,1542,1670,CENTER
1174563.270,TO_CENTER,5.12,10.58,-4.42,1,1542,1670,CENTER
1174563.290,TO_CENTER,4.97,10.59,-4.49,1,1542,1671,CENTER
1174563.311,TO_CENTER,4.97,10.59,-4.49,1,1542,1671,CENTER
1174563.331,TO_CENTER,4.97,10.59,-4.49,1,1542,1671,CENTER
1174563.353,TO_CENTER,4.97,10.59,-4.49,1,1542,1671,CENTER
1174563.373,TO_CENTER,4.97,10.59,-4.49,1,1542,1671,CENTER
1174563.393,TO_CENTER,4.82,10.59,-4.61,1,1542,1671,CENTER
1174563.414,TO_CENTER,4.82,10.59,-4.61,1,1542,1671,CENTER
1174563.434,TO_CENTER,4.82,10.59,-4.61,1,1542,1671,CENTER
1174563.454,TO_CENTER,4.82,10.59,-4.61,1,1542,1671,CENTER
1174563.475,TO_CENTER,4.82,10.59,-4.61,1,1542,1671,CENTER
1174563.495,TO_CENTER,4.82,10.59,-4.61,1,1542,1671,CENTER
1174563.516,TO_CENTER,4.82,10.59,-4.61,1,1542,1671,CENTER
1174563.536,TO_CENTER,4.82,10.59,-4.61,1,1542,1671,CENTER
1174563.557,TO_CENTER,4.82,10.59,-4.61,1,1542,1671,CENTER
1174563.577,TO_CENTER,4.82,10.59,-4.61,1,1542,1671,CENTER
1174563.598,TO_CENTER,4.60,10.58,-4.73,1,1542,1672,CENTER
1174563.619,TO_CENTER,4.60,10.58,-4.73,1,1542,1672,CENTER
1174563.639,TO_CENTER,4.60,10.58,-4.73,1,1542,1672,CENTER
1174563.660,TO_CENTER,4.60,10.58,-4.73,1,1542,1672,CENTER
1174563.681,TO_CENTER,4.60,10.58,-4.73,1,1542,1672,CENTER
1174563.701,TO_CENTER,4.54,10.57,-4.71,1,1542,1672,CENTER
1174563.722,TO_CENTER,4.54,10.57,-4.71,1,1542,1672,CENTER
1174563.743,TO_CENTER,4.54,10.57,-4.71,1,1542,1672,CENTER
1174563.764,TO_CENTER,4.54,10.57,-4.71,1,1542,1672,CENTER
1174563.784,TO_CENTER,4.54,10.57,-4.71,1,1542,1672,CENTER
1174563.804,TO_CENTER,4.56,10.54,-5.74,1,1542,1672,CENTER
1174563.825,TO_CENTER,4.56,10.54,-5.74,1,1542,1672,CENTER
1174563.846,TO_CENTER,4.56,10.54,-5.74,1,1542,1672,CENTER
1174563.866,TO_CENTER,4.56,10.54,-5.74,1,1542,1672,CENTER
1174563.886,TO_CENTER,4.56,10.54,-5.74,1,1542,1672,CENTER
1174563.907,TO_CENTER,4.59,10.49,-5.82,1,1542,1672,CENTER
1174563.927,TO_CENTER,4.59,10.49,-5.82,1,1542,1672,CENTER
1174563.948,TO_CENTER,4.59,10.49,-5.82,1,1542,1672,CENTER
1174563.968,TO_CENTER,4.59,10.49,-5.82,1,1542,1672,CENTER
1174563.989,TO_CENTER,4.59,10.49,-5.82,1,1542,1672,CENTER
1174564.010,TO_CENTER,4.59,10.49,-5.82,1,1542,1672,CENTER
1174564.030,TO_CENTER,4.59,10.49,-5.82,1,1542,1672,CENTER
1174564.050,TO_CENTER,4.59,10.49,-5.82,1,1542,1672,CENTER
1174564.070,TO_CENTER,4.59,10.49,-5.82,1,1542,1672,CENTER
1174564.091,TO_CENTER,4.59,10.49,-5.82,1,1542,1672,CENTER
1174564.111,TO_CENTER,4.61,10.42,-5.93,1,1542,1672,CENTER
1174564.132,TO_CENTER,4.61,10.42,-5.93,1,1542,1672,CENTER
1174564.152,TO_CENTER,4.61,10.42,-5.93,1,1542,1672,CENTER
1174564.173,TO_CENTER,4.61,10.42,-5.93,1,1542,1672,CENTER
1174564.194,TO_CENTER,4.61,10.42,-5.93,1,1542,1672,CENTER
1174564.214,TO_CENTER,4.63,10.35,-5.98,1,1541,1672,CENTER
1174564.234,TO_CENTER,4.63,10.35,-5.98,1,1541,1672,CENTER
1174564.254,TO_CENTER,4.63,10.35,-5.98,1,1541,1672,CENTER
1174564.275,TO_CENTER,4.63,10.35,-5.98,1,1541,1672,CENTER
1174564.295,TO_CENTER,4.63,10.35,-5.98,1,1541,1672,CENTER
1174564.316,TO_CENTER,4.66,10.26,-6.07,1,1541,1672,CENTER
1174564.336,TO_CENTER,4.66,10.26,-6.07,1,1541,1672,CENTER
1174564.357,TO_CENTER,4.66,10.26,-6.07,1,1541,1672,CENTER
1174564.378,TO_CENTER,4.66,10.26,-6.07,1,1541,1672,CENTER
1174564.398,TO_CENTER,4.66,10.26,-6.07,1,1541,1672,CENTER
1174564.419,TO_CENTER,4.66,10.26,-6.07,1,1541,1672,CENTER
1174564.439,TO_CENTER,4.66,10.26,-6.07,1,1541,1672,CENTER
1174564.460,TO_CENTER,4.66,10.26,-6.07,1,1541,1672,CENTER
1174564.480,TO_CENTER,4.66,10.26,-6.07,1,1541,1672,CENTER
1174564.500,TO_CENTER,4.66,10.26,-6.07,1,1541,1672,CENTER
1174564.521,TO_CENTER,4.68,10.18,-6.17,1,1541,1671,CENTER
1174564.542,TO_CENTER,4.68,10.18,-6.17,1,1541,1671,CENTER
1174564.562,TO_CENTER,4.68,10.18,-6.17,1,1541,1671,CENTER
1174564.582,TO_CENTER,4.68,10.18,-6.17,1,1541,1671,CENTER
1174564.602,TO_CENTER,4.68,10.18,-6.17,1,1541,1671,CENTER
1174564.623,TO_CENTER,4.71,10.08,-6.25,1,1540,1671,CENTER
1174564.643,TO_CENTER,4.71,10.08,-6.25,1,1540,1671,CENTER
1174564.663,TO_CENTER,4.71,10.08,-6.25,1,1540,1671,CENTER
1174564.683,TO_CENTER,4.71,10.08,-6.25,1,1540,1671,CENTER
1174564.704,TO_CENTER,4.71,10.08,-6.25,1,1540,1671,CENTER
1174564.724,TO_CENTER,4.73,9.98,-6.34,1,1540,1671,CENTER
1174564.745,TO_CENTER,4.73,9.98,-6.34,1,1540,1671,CENTER
1174564.765,TO_CENTER,4.73,9.98,-6.34,1,1540,1671,CENTER
1174564.786,TO_CENTER,4.73,9.98,-6.34,1,1540,1671,CENTER
1174564.806,TO_CENTER,4.73,9.98,-6.34,1,1540,1671,CENTER
1174564.826,TO_CENTER,4.76,9.89,-6.44,1,1540,1671,CENTER
1174564.847,TO_CENTER,4.76,9.89,-6.44,1,1540,1671,CENTER
1174564.867,TO_CENTER,4.76,9.89,-6.44,1,1540,1671,CENTER
1174564.888,TO_CENTER,4.76,9.89,-6.44,1,1540,1671,CENTER
1174564.908,TO_CENTER,4.76,9.89,-6.44,1,1540,1671,CENTER
1174564.929,TO_CENTER,4.76,9.89,-4.44,1,1540,1671,CENTER
1174564.950,TO_CENTER,4.76,9.89,-4.44,1,1540,1671,CENTER
1174564.970,TO_CENTER,4.76,9.89,-4.44,1,1540,1671,CENTER
1174564.990,TO_CENTER,4.76,9.89,-4.44,1,1540,1671,CENTER
1174565.011,TO_CENTER,4.76,9.89,-4.44,1,1540,1671,CENTER
1174565.031,TO_CENTER,4.79,9.81,-4.55,1,1539,1671,CENTER
1174565.052,TO_CENTER,4.79,9.81,-4.55,1,1539,1671,CENTER
1174565.074,TO_CENTER,4.79,9.81,-4.55,1,1539,1671,CENTER
1174565.094,TO_CENTER,4.79,9.81,-4.55,1,1539,1671,CENTER
1174565.114,TO_CENTER,4.79,9.81,-4.55,1,1539,1671,CENTER
1174565.135,TO_CENTER,4.81,9.72,-4.59,1,1539,1671,CENTER
1174565.156,TO_CENTER,4.81,9.72,-4.59,1,1539,1671,CENTER
1174565.176,TO_CENTER,4.81,9.72,-4.59,1,1539,1671,CENTER
1174565.196,TO_CENTER,4.81,9.72,-4.59,1,1539,1671,CENTER
1174565.217,TO_CENTER,4.81,9.72,-4.59,1,1539,1671,CENTER
1174565.237,TO_CENTER,4.84,9.64,-4.70,1,1539,1671,CENTER
1174565.258,TO_CENTER,4.84,9.64,-4.70,1,1539,1671,CENTER
1174565.279,TO_CENTER,4.84,9.64,-4.70,1,1539,1671,CENTER
1174565.299,TO_CENTER,4.84,9.64,-4.70,1,1539,1671,CENTER
1174565.319,TO_CENTER,4.84,9.64,-4.70,1,1539,1671,CENTER
1174565.339,TO_CENTER,4.84,9.64,-4.70,1,1539,1671,CENTER
1174565.359,TO_CENTER,4.84,9.64,-4.70,1,1539,1671,CENTER
1174565.380,TO_CENTER,4.84,9.64,-4.70,1,1539,1671,CENTER
1174565.401,TO_CENTER,4.84,9.64,-4.70,1,1539,1671,CENTER
1174565.421,TO_CENTER,4.84,9.64,-4.70,1,1539,1671,CENTER
1174565.442,TO_CENTER,4.87,9.56,-5.82,1,1538,1671,CENTER
1174565.462,TO_CENTER,4.87,9.56,-5.82,1,1538,1671,CENTER
1174565.483,TO_CENTER,4.87,9.56,-5.82,1,1538,1671,CENTER
1174565.503,TO_CENTER,4.87,9.56,-5.82,1,1538,1671,CENTER
1174565.524,TO_CENTER,4.87,9.56,-5.82,1,1538,1671,CENTER
1174565.544,TO_CENTER,4.90,9.48,-5.87,1,1538,1671,CENTER
1174565.565,TO_CENTER,4.90,9.48,-5.87,1,1538,1671,CENTER
1174565.585,TO_CENTER,4.90,9.48,-5.87,1,1538,1671,CENTER
1174565.606,TO_CENTER,4.90,9.48,-5.87,1,1538,1671,CENTER
1174565.626,TO_CENTER,4.90,9.48,-5.87,1,1538,1671,CENTER
1174565.646,TO_CENTER,4.93,9.41,-5.93,1,1538,1671,CENTER
1174565.667,TO_CENTER,4.93,9.41,-5.93,1,1538,1671,CENTER
1174565.687,TO_CENTER,4.93,9.41,-5.93,1,1538,1671,CENTER
1174565.708,TO_CENTER,4.93,9.41,-5.93,1,1538,1671,CENTER
1174565.728,TO_CENTER,4.93,9.41,-5.93,1,1538,1671,CENTER
1174565.748,TO_CENTER,4.97,9.34,-6.06,1,1537,1671,CENTER
1174565.769,TO_CENTER,4.97,9.34,-6.06,1,1537,1671,CENTER
1174565.789,TO_CENTER,4.97,9.34,-6.06,1,1537,1671,CENTER
1174565.811,TO_CENTER,4.97,9.34,-6.06,1,1537,1671,CENTER
1174565.831,TO_CENTER,4.97,9.34,-6.06,1,1537,1671,CENTER
1174565.851,TO_CENTER,4.97,9.34,-6.06,1,1537,1671,CENTER
1174565.872,TO_CENTER,4.97,9.34,-6.06,1,1537,1671,CENTER
1174565.893,TO_CENTER,4.97,9.34,-6.06,1,1537,1671,CENTER
1174565.913,TO_CENTER,4.97,9.34,-6.06,1,1537,1671,CENTER
1174565.934,TO_CENTER,4.97,9.34,-6.06,1,1537,1671,CENTER
1174565.954,TO_CENTER,5.00,9.27,-4.13,1,1537,1671,CENTER
1174565.975,TO_CENTER,5.00,9.27,-4.13,1,1537,1671,CENTER
1174565.995,TO_CENTER,5.00,9.27,-4.13,1,1537,1671,CENTER
1174566.016,TO_CENTER,5.00,9.27,-4.13,1,1537,1671,CENTER
1174566.036,TO_CENTER,5.00,9.27,-4.13,1,1537,1671,CENTER
1174566.057,TO_CENTER,5.03,9.20,-4.19,1,1537,1670,CENTER
1174566.077,TO_CENTER,5.03,9.20,-4.19,1,1537,1670,CENTER
1174566.098,TO_CENTER,5.03,9.20,-4.19,1,1537,1670,CENTER
1174566.118,TO_CENTER,5.03,9.20,-4.19,1,1537,1670,CENTER
1174566.140,TO_CENTER,5.03,9.20,-4.19,1,1537,1670,CENTER
1174566.160,TO_CENTER,5.07,9.13,-4.26,1,1537,1670,CENTER
1174566.180,TO_CENTER,5.07,9.13,-4.26,1,1537,1670,CENTER
1174566.201,TO_CENTER,5.07,9.13,-4.26,1,1537,1670,CENTER
1174566.221,TO_CENTER,5.07,9.13,-4.26,1,1537,1670,CENTER
1174566.241,TO_CENTER,5.07,9.13,-4.26,1,1537,1670,CENTER
1174566.262,TO_CENTER,5.10,9.06,-4.39,1,1536,1670,CENTER
1174566.282,TO_CENTER,5.10,9.06,-4.39,1,1536,1670,CENTER
1174566.302,TO_CENTER,5.10,9.06,-4.39,1,1536,1670,CENTER
1174566.323,TO_CENTER,5.10,9.06,-4.39,1,1536,1670,CENTER
1174566.343,TO_CENTER,5.10,9.06,-4.39,1,1536,1670,CENTER
1174566.363,TO_CENTER,5.10,9.06,-4.39,1,1536,1670,CENTER
1174566.384,TO_CENTER,5.10,9.06,-4.39,1,1536,1670,CENTER
1174566.404,TO_CENTER,5.10,9.06,-4.39,1,1536,1670,CENTER
1174566.424,TO_CENTER,5.10,9.06,-4.39,1,1536,1670,CENTER
1174566.445,TO_CENTER,5.10,9.06,-4.39,1,1536,1670,CENTER
1174566.465,TO_CENTER,5.13,8.99,-4.46,1,1536,1670,CENTER
1174566.486,TO_CENTER,5.13,8.99,-4.46,1,1536,1670,CENTER
1174566.506,TO_CENTER,5.13,8.99,-4.46,1,1536,1670,CENTER
1174566.527,TO_CENTER,5.13,8.99,-4.46,1,1536,1670,CENTER
1174566.547,TO_CENTER,5.13,8.99,-4.46,1,1536,1670,CENTER
1174566.567,TO_CENTER,5.17,8.92,-4.53,1,1536,1670,CENTER
1174566.588,TO_CENTER,5.17,8.92,-4.53,1,1536,1670,CENTER
1174566.609,TO_CENTER,5.17,8.92,-4.53,1,1536,1670,CENTER
1174566.629,TO_CENTER,5.17,8.92,-4.53,1,1536,1670,CENTER
1174566.650,TO_CENTER,5.17,8.92,-4.53,1,1536,1670,CENTER
1174566.670,TO_CENTER,5.21,8.86,-4.61,1,1535,1670,CENTER
1174566.691,TO_CENTER,5.21,8.86,-4.61,1,1535,1670,CENTER
1174566.711,TO_CENTER,5.21,8.86,-4.61,1,1535,1670,CENTER
1174566.732,TO_CENTER,5.21,8.86,-4.61,1,1535,1670,CENTER
1174566.752,TO_CENTER,5.21,8.86,-4.61,1,1535,1670,CENTER
1174566.773,TO_CENTER,5.21,8.86,-4.61,1,1535,1670,CENTER
1174566.793,TO_CENTER,5.21,8.86,-4.61,1,1535,1670,CENTER
1174566.814,TO_CENTER,5.21,8.86,-4.61,1,1535,1670,CENTER
1174566.834,TO_CENTER,5.21,8.86,-4.61,1,1535,1670,CENTER
1174566.854,TO_CENTER,5.21,8.86,-4.61,1,1535,1670,CENTER
1174566.875,TO_CENTER,5.25,8.79,-4.68,1,1535,1670,CENTER
1174566.895,TO_CENTER,5.25,8.79,-4.68,1,1535,1670,CENTER
1174566.916,TO_CENTER,5.25,8.79,-4.68,1,1535,1670,CENTER
1174566.937,TO_CENTER,5.25,8.79,-4.68,1,1535,1670,CENTER
1174566.957,TO_CENTER,5.25,8.79,-4.68,1,1535,1670,CENTER
1174566.978,TO_CENTER,5.28,8.73,-4.77,1,1535,1670,CENTER
1174566.999,TO_CENTER,5.28,8.73,-4.77,1,1535,1670,CENTER
1174567.020,TO_CENTER,5.28,8.73,-4.77,1,1535,1670,CENTER
1174567.040,TO_CENTER,5.28,8.73,-4.77,1,1535,1670,CENTER
1174567.060,TO_CENTER,5.28,8.73,-4.77,1,1535,1670,CENTER
1174567.081,TO_CENTER,5.32,8.67,-3.92,1,1535,1670,CENTER
1174567.101,TO_CENTER,5.32,8.67,-3.92,1,1535,1670,CENTER
1174567.122,TO_CENTER,5.32,8.67,-3.92,1,1535,1670,CENTER
1174567.142,TO_CENTER,5.32,8.67,-3.92,1,1535,1670,CENTER
1174567.163,TO_CENTER,5.32,8.67,-3.92,1,1535,1670,CENTER
1174567.183,TO_CENTER,5.32,8.67,-3.92,1,1535,1670,CENTER
1174567.204,TO_CENTER,5.32,8.67,-3.92,1,1535,1670,CENTER
1174567.224,TO_CENTER,5.32,8.67,-3.92,1,1535,1670,CENTER
1174567.245,TO_CENTER,5.32,8.67,-3.92,1,1535,1670,CENTER
1174567.265,TO_CENTER,5.32,8.67,-3.92,1,1535,1670,CENTER
1174567.286,TO_CENTER,5.36,8.61,-4.01,1,1534,1669,CENTER
1174567.306,TO_CENTER,5.36,8.61,-4.01,1,1534,1669,CENTER
1174567.327,TO_CENTER,5.36,8.61,-4.01,1,1534,1669,CENTER
1174567.347,TO_CENTER,5.36,8.61,-4.01,1,1534,1669,CENTER
1174567.368,TO_CENTER,5.36,8.61,-4.01,1,1534,1669,CENTER
1174567.388,TO_CENTER,5.40,8.54,-4.08,1,1534,1669,CENTER
1174567.409,TO_CENTER,5.40,8.54,-4.08,1,1534,1669,CENTER
1174567.429,TO_CENTER,5.40,8.54,-4.08,1,1534,1669,CENTER
1174567.450,TO_CENTER,5.40,8.54,-4.08,1,1534,1669,CENTER
1174567.470,TO_CENTER,5.40,8.54,-4.08,1,1534,1669,CENTER
1174567.490,TO_CENTER,5.44,8.48,-4.17,1,1534,1669,CENTER
1174567.511,TO_CENTER,5.44,8.48,-4.17,1,1534,1669,CENTER
1174567.532,TO_CENTER,5.44,8.48,-4.17,1,1534,1669,CENTER
1174567.552,TO_CENTER,5.44,8.48,-4.17,1,1534,1669,CENTER
1174567.573,TO_CENTER,5.44,8.48,-4.17,1,1534,1669,CENTER
1174567.593,TO_CENTER,5.48,8.41,-3.26,1,1534,1669,CENTER
1174567.614,TO_CENTER,5.48,8.41,-3.26,1,1534,1669,CENTER
1174567.634,TO_CENTER,5.48,8.41,-3.26,1,1534,1669,CENTER
1174567.654,TO_CENTER,5.48,8.41,-3.26,1,1534,1669,CENTER
1174567.675,TO_CENTER,5.48,8.41,-3.26,1,1534,1669,CENTER
1174567.695,TO_CENTER,5.48,8.41,-3.26,1,1534,1669,CENTER
1174567.715,TO_CENTER,5.48,8.41,-3.26,1,1534,1669,CENTER
1174567.736,TO_CENTER,5.48,8.41,-3.26,1,1534,1669,CENTER
1174567.756,TO_CENTER,5.48,8.41,-3.26,1,1534,1669,CENTER
1174567.777,TO_CENTER,5.48,8.41,-3.26,1,1534,1669,CENTER
1174567.798,TO_CENTER,5.53,8.36,-3.36,1,1533,1669,CENTER
1174567.818,TO_CENTER,5.53,8.36,-3.36,1,1533,1669,CENTER
1174567.839,TO_CENTER,5.53,8.36,-3.36,1,1533,1669,CENTER
1174567.859,TO_CENTER,5.53,8.36,-3.36,1,1533,1669,CENTER
1174567.880,TO_CENTER,5.53,8.36,-3.36,1,1533,1669,CENTER
1174567.900,TO_CENTER,5.57,8.30,-3.45,1,1533,1669,CENTER
1174567.921,TO_CENTER,5.57,8.30,-3.45,1,1533,1669,CENTER
1174567.941,TO_CENTER,5.57,8.30,-3.45,1,1533,1669,CENTER
1174567.962,TO_CENTER,5.57,8.30,-3.45,1,1533,1669,CENTER
1174567.982,TO_CENTER,5.57,8.30,-3.45,1,1533,1669,CENTER
1174568.003,TO_CENTER,5.61,8.24,-3.46,1,1533,1669,CENTER
1174568.023,TO_CENTER,5.61,8.24,-3.46,1,1533,1669,CENTER
1174568.043,TO_CENTER,5.61,8.24,-3.46,1,1533,1669,CENTER
1174568.065,TO_CENTER,5.61,8.24,-3.46,1,1533,1669,CENTER
1174568.085,TO_CENTER,5.61,8.24,-3.46,1,1533,1669,CENTER
1174568.105,TO_CENTER,5.65,8.18,-3.56,1,1533,1669,CENTER
1174568.126,TO_CENTER,5.65,8.18,-3.56,1,1533,1669,CENTER
1174568.146,TO_CENTER,5.65,8.18,-3.56,1,1533,1669,CENTER
1174568.166,TO_CENTER,5.65,8.18,-3.56,1,1533,1669,CENTER
1174568.186,TO_CENTER,5.65,8.18,-3.56,1,1533,1669,CENTER
1174568.207,TO_CENTER,5.65,8.18,-3.56,1,1533,1669,CENTER
1174568.228,TO_CENTER,5.65,8.18,-3.56,1,1533,1669,CENTER
1174568.248,TO_CENTER,5.65,8.18,-3.56,1,1533,1669,CENTER
1174568.269,TO_CENTER,5.65,8.18,-3.56,1,1533,1669,CENTER
1174568.289,TO_CENTER,5.65,8.18,-3.56,1,1533,1669,CENTER
1174568.309,TO_CENTER,5.70,8.13,-3.66,1,1533,1668,CENTER
1174568.330,TO_CENTER,5.70,8.13,-3.66,1,1533,1668,CENTER
1174568.350,TO_CENTER,5.70,8.13,-3.66,1,1533,1668,CENTER
1174568.371,TO_CENTER,5.70,8.13,-3.66,1,1533,1668,CENTER
1174568.391,TO_CENTER,5.70,8.13,-3.66,1,1533,1668,CENTER
1174568.412,TO_CENTER,5.75,8.13,-3.66,1,1533,1668,CENTER
1174568.432,TO_CENTER,5.75,8.13,-3.66,1,1533,1668,CENTER
1174568.452,TO_CENTER,5.75,8.13,-3.66,1,1533,1668,CENTER
1174568.473,TO_CENTER,5.75,8.13,-3.66,1,1533,1668,CENTER
1174568.494,TO_CENTER,5.75,8.13,-3.66,1,1533,1668,CENTER
1174568.514,TO_CENTER,5.75,8.07,-3.76,1,1532,1668,CENTER
1174568.537,TO_CENTER,5.75,8.07,-3.76,1,1532,1668,CENTER
1174568.557,TO_CENTER,5.75,8.07,-3.76,1,1532,1668,CENTER
1174568.578,TO_CENTER,5.75,8.07,-3.76,1,1532,1668,CENTER
1174568.599,TO_CENTER,5.75,8.07,-3.76,1,1532,1668,CENTER
1174568.620,TO_CENTER,5.78,8.03,-3.80,1,1532,1668,CENTER
1174568.641,TO_CENTER,5.78,8.03,-3.80,1,1532,1668,CENTER
1174568.661,TO_CENTER,5.78,8.03,-3.80,1,1532,1668,CENTER
1174568.682,TO_CENTER,5.78,8.03,-3.80,1,1532,1668,CENTER
1174568.702,TO_CENTER,5.78,8.03,-3.80,1,1532,1668,CENTER
1174568.723,TO_CENTER,5.81,7.99,-3.92,1,1532,1668,CENTER
1174568.743,TO_CENTER,5.81,7.99,-3.92,1,1532,1668,CENTER
1174568.763,TO_CENTER,5.81,7.99,-3.92,1,1532,1668,CENTER
1174568.784,TO_CENTER,5.81,7.99,-3.92,1,1532,1668,CENTER
1174568.804,TO_CENTER,5.81,7.99,-3.92,1,1532,1668,CENTER
1174568.824,TO_CENTER,5.81,7.99,-3.92,1,1532,1668,CENTER
1174568.846,TO_CENTER,5.81,7.99,-3.92,1,1532,1668,CENTER
1174568.866,TO_CENTER,5.81,7.99,-3.92,1,1532,1668,CENTER
1174568.886,TO_CENTER,5.81,7.99,-3.92,1,1532,1668,CENTER
1174568.908,TO_CENTER,5.81,7.99,-3.92,1,1532,1668,CENTER
1174568.928,TO_CENTER,5.84,7.95,-2.96,1,1532,1668,CENTER
1174568.949,TO_CENTER,5.84,7.95,-2.96,1,1532,1668,CENTER
1174568.970,TO_CENTER,5.84,7.95,-2.96,1,1532,1668,CENTER
1174568.990,TO_CENTER,5.84,7.95,-2.96,1,1532,1668,CENTER
1174569.010,TO_CENTER,5.84,7.95,-2.96,1,1532,1668,CENTER
1174569.031,TO_CENTER,5.88,7.90,-3.07,1,1532,1668,CENTER
1174569.051,TO_CENTER,5.88,7.90,-3.07,1,1532,1668,CENTER
1174569.072,TO_CENTER,5.88,7.90,-3.07,1,1532,1668,CENTER
1174569.092,TO_CENTER,5.88,7.90,-3.07,1,1532,1668,CENTER
1174569.113,TO_CENTER,5.88,7.90,-3.07,1,1532,1668,CENTER
1174569.133,TO_CENTER,5.92,7.87,-3.12,1,1531,1668,CENTER
1174569.154,TO_CENTER,5.92,7.87,-3.12,1,1531,1668,CENTER
1174569.174,TO_CENTER,5.92,7.87,-3.12,1,1531,1668,CENTER
1174569.195,TO_CENTER,5.92,7.87,-3.12,1,1531,1668,CENTER
1174569.215,TO_CENTER,5.92,7.87,-3.12,1,1531,1668,CENTER
1174569.236,TO_CENTER,5.95,7.82,-3.16,1,1531,1668,CENTER
1174569.256,TO_CENTER,5.95,7.82,-3.16,1,1531,1668,CENTER
1174569.277,TO_CENTER,5.95,7.82,-3.16,1,1531,1668,CENTER
1174569.297,TO_CENTER,5.95,7.82,-3.16,1,1531,1668,CENTER
1174569.317,TO_CENTER,5.95,7.82,-3.16,1,1531,1668,CENTER
1174569.338,TO_CENTER,5.98,7.79,-3.20,1,1531,1668,CENTER
1174569.358,TO_CENTER,5.98,7.79,-3.20,1,1531,1668,CENTER
1174569.378,TO_CENTER,5.98,7.79,-3.20,1,1531,1668,CENTER
1174569.398,TO_CENTER,5.98,7.79,-3.20,1,1531,1668,CENTER
1174569.419,TO_CENTER,5.98,7.79,-3.20,1,1531,1668,CENTER
1174569.439,TO_CENTER,5.98,7.79,-3.20,1,1531,1668,CENTER
1174569.460,TO_CENTER,5.98,7.79,-3.20,1,1531,1668,CENTER
1174569.480,TO_CENTER,5.98,7.79,-3.20,1,1531,1668,CENTER
1174569.501,TO_CENTER,5.98,7.79,-3.20,1,1531,1668,CENTER
1174569.521,TO_CENTER,5.98,7.79,-3.20,1,1531,1668,CENTER
1174569.542,TO_CENTER,6.01,7.75,-3.25,1,1531,1667,CENTER
1174569.564,TO_CENTER,6.01,7.75,-3.25,1,1531,1667,CENTER
1174569.584,TO_CENTER,6.01,7.75,-3.25,1,1531,1667,CENTER
1174569.604,TO_CENTER,6.01,7.75,-3.25,1,1531,1667,CENTER
1174569.625,TO_CENTER,6.01,7.75,-3.25,1,1531,1667,CENTER
1174569.646,TO_CENTER,6.06,7.70,-3.37,1,1531,1667,CENTER
1174569.666,TO_CENTER,6.06,7.70,-3.37,1,1531,1667,CENTER
1174569.687,TO_CENTER,6.06,7.70,-3.37,1,1531,1667,CENTER
1174569.707,TO_CENTER,6.06,7.70,-3.37,1,1531,1667,CENTER
1174569.727,TO_CENTER,6.06,7.70,-3.37,1,1531,1667,CENTER
1174569.748,TO_CENTER,6.06,7.70,-3.37,1,1531,1667,CENTER
1174569.768,TO_CENTER,6.06,7.70,-3.37,1,1531,1667,CENTER
1174569.788,TO_CENTER,6.06,7.70,-3.37,1,1531,1667,CENTER
1174569.809,TO_CENTER,6.06,7.70,-3.37,1,1531,1667,CENTER
1174569.829,TO_CENTER,6.06,7.70,-3.37,1,1531,1667,CENTER
1174569.850,TO_CENTER,6.11,7.65,-3.48,1,1531,1667,CENTER
1174569.870,TO_CENTER,6.11,7.65,-3.48,1,1531,1667,CENTER
1174569.890,TO_CENTER,6.11,7.65,-3.48,1,1531,1667,CENTER
1174569.911,TO_CENTER,6.11,7.65,-3.48,1,1531,1667,CENTER
1174569.931,TO_CENTER,6.11,7.65,-3.48,1,1531,1667,CENTER
1174569.951,TO_CENTER,6.16,7.60,-3.60,1,1530,1667,CENTER
1174569.972,TO_CENTER,6.16,7.60,-3.60,1,1530,1667,CENTER
1174569.992,TO_CENTER,6.16,7.60,-3.60,1,1530,1667,CENTER
1174570.013,TO_CENTER,6.16,7.60,-3.60,1,1530,1667,CENTER
1174570.033,TO_CENTER,6.16,7.60,-3.60,1,1530,1667,CENTER
1174570.054,TO_CENTER,6.21,7.54,-3.72,1,1530,1667,CENTER
1174570.074,TO_CENTER,6.21,7.54,-3.72,1,1530,1667,CENTER
1174570.094,TO_CENTER,6.21,7.54,-3.72,1,1530,1667,CENTER
1174570.115,TO_CENTER,6.21,7.54,-3.72,1,1530,1667,CENTER
1174570.135,TO_CENTER,6.21,7.54,-3.72,1,1530,1667,CENTER
1174570.156,TO_CENTER,6.21,7.54,-3.72,1,1530,1667,CENTER
1174570.176,TO_CENTER,6.21,7.54,-3.72,1,1530,1667,CENTER
1174570.197,TO_CENTER,6.21,7.54,-3.72,1,1530,1667,CENTER
1174570.217,TO_CENTER,6.21,7.54,-3.72,1,1530,1667,CENTER
1174570.237,TO_CENTER,6.21,7.54,-3.72,1,1530,1667,CENTER
1174570.258,TO_CENTER,6.26,7.49,-3.75,1,1530,1667,CENTER
1174570.278,TO_CENTER,6.26,7.49,-3.75,1,1530,1667,CENTER
1174570.299,TO_CENTER,6.26,7.49,-3.75,1,1530,1667,CENTER
1174570.319,TO_CENTER,6.26,7.49,-3.75,1,1530,1667,CENTER
1174570.340,TO_CENTER,6.26,7.49,-3.75,1,1530,1667,CENTER
1174570.360,TO_CENTER,6.31,7.44,-3.87,1,1530,1667,CENTER
1174570.381,TO_CENTER,6.31,7.44,-3.87,1,1530,1667,CENTER
1174570.402,TO_CENTER,6.31,7.44,-3.87,1,1530,1667,CENTER
1174570.423,TO_CENTER,6.31,7.44,-3.87,1,1530,1667,CENTER
1174570.443,TO_CENTER,6.31,7.44,-3.87,1,1530,1667,CENTER
1174570.464,TO_CENTER,6.37,7.39,-3.91,1,1530,1666,CENTER
1174570.484,TO_CENTER,6.37,7.39,-3.91,1,1530,1666,CENTER
1174570.505,TO_CENTER,6.37,7.39,-3.91,1,1530,1666,CENTER
1174570.525,TO_CENTER,6.37,7.39,-3.91,1,1530,1666,CENTER
1174570.545,TO_CENTER,6.37,7.39,-3.91,1,1530,1666,CENTER
1174570.566,TO_CENTER,6.37,7.39,-3.91,1,1530,1666,CENTER
1174570.587,TO_CENTER,6.37,7.39,-3.91,1,1530,1666,CENTER
1174570.607,TO_CENTER,6.37,7.39,-3.91,1,1530,1666,CENTER
1174570.628,TO_CENTER,6.37,7.39,-3.91,1,1530,1666,CENTER
1174570.648,TO_CENTER,6.37,7.39,-3.91,1,1530,1666,CENTER
1174570.669,TO_CENTER,6.42,7.34,-3.04,1,1529,1666,CENTER
1174570.690,TO_CENTER,6.42,7.34,-3.04,1,1529,1666,CENTER
1174570.710,TO_CENTER,6.42,7.34,-3.04,1,1529,1666,CENTER
1174570.731,TO_CENTER,6.42,7.34,-3.04,1,1529,1666,CENTER
1174570.751,TO_CENTER,6.42,7.34,-3.04,1,1529,1666,CENTER
1174570.772,TO_CENTER,6.47,7.29,-3.17,1,1529,1666,CENTER
1174570.792,TO_CENTER,6.47,7.29,-3.17,1,1529,1666,CENTER
1174570.812,TO_CENTER,6.47,7.29,-3.17,1,1529,1666,CENTER
1174570.833,TO_CENTER,6.47,7.29,-3.17,1,1529,1666,CENTER
1174570.853,TO_CENTER,6.47,7.29,-3.17,1,1529,1666,CENTER
1174570.873,TO_CENTER,6.52,7.24,-3.21,1,1529,1666,CENTER
1174570.894,TO_CENTER,6.52,7.24,-3.21,1,1529,1666,CENTER
1174570.914,TO_CENTER,6.52,7.24,-3.21,1,1529,1666,CENTER
1174570.935,TO_CENTER,6.52,7.24,-3.21,1,1529,1666,CENTER
1174570.956,TO_CENTER,6.52,7.24,-3.21,1,1529,1666,CENTER
1174570.976,TO_CENTER,6.58,7.20,-3.35,1,1529,1666,CENTER
1174570.997,TO_CENTER,6.58,7.20,-3.35,1,1529,1666,CENTER
1174571.018,TO_CENTER,6.58,7.20,-3.35,1,1529,1666,CENTER
1174571.038,TO_CENTER,6.58,7.20,-3.35,1,1529,1666,CENTER
1174571.059,TO_CENTER,6.58,7.20,-3.35,1,1529,1666,CENTER
1174571.079,TO_CENTER,6.63,7.15,-3.48,1,1529,1666,CENTER
1174571.100,TO_CENTER,6.63,7.15,-3.48,1,1529,1666,CENTER
1174571.120,TO_CENTER,6.63,7.15,-3.48,1,1529,1666,CENTER
1174571.141,TO_CENTER,6.63,7.15,-3.48,1,1529,1666,CENTER
1174571.161,TO_CENTER,6.63,7.15,-3.48,1,1529,1666,CENTER
1174571.181,TO_CENTER,6.69,7.15,-3.48,1,1529,1665,CENTER
1174571.201,TO_CENTER,6.69,7.15,-3.48,1,1529,1665,CENTER
1174571.222,TO_CENTER,6.69,7.15,-3.48,1,1529,1665,CENTER
1174571.242,TO_CENTER,6.69,7.15,-3.48,1,1529,1665,CENTER
1174571.262,TO_CENTER,6.69,7.15,-3.48,1,1529,1665,CENTER
1174571.283,TO_CENTER,6.69,7.10,-3.53,1,1528,1665,CENTER
1174571.303,TO_CENTER,6.69,7.10,-3.53,1,1528,1665,CENTER
1174571.323,TO_CENTER,6.69,7.10,-3.53,1,1528,1665,CENTER
1174571.344,TO_CENTER,6.69,7.10,-3.53,1,1528,1665,CENTER
1174571.364,TO_CENTER,6.69,7.10,-3.53,1,1528,1665,CENTER
1174571.385,TO_CENTER,6.74,7.06,-3.67,1,1528,1665,CENTER
1174571.406,TO_CENTER,6.74,7.06,-3.67,1,1528,1665,CENTER
1174571.426,TO_CENTER,6.74,7.06,-3.67,1,1528,1665,CENTER
1174571.446,TO_CENTER,6.74,7.06,-3.67,1,1528,1665,CENTER
1174571.467,TO_CENTER,6.74,7.06,-3.67,1,1528,1665,CENTER
1174571.487,TO_CENTER,6.74,7.06,-3.67,1,1528,1665,CENTER
1174571.508,TO_CENTER,6.74,7.06,-3.67,1,1528,1665,CENTER
1174571.528,TO_CENTER,6.74,7.06,-3.67,1,1528,1665,CENTER
1174571.549,TO_CENTER,6.74,7.06,-3.67,1,1528,1665,CENTER
1174571.569,TO_CENTER,6.74,7.06,-3.67,1,1528,1665,CENTER
1174571.590,TO_CENTER,6.80,7.01,-3.71,1,1528,1665,CENTER
1174571.610,TO_CENTER,6.80,7.01,-3.71,1,1528,1665,CENTER
1174571.632,TO_CENTER,6.80,7.01,-3.71,1,1528,1665,CENTER
1174571.652,TO_CENTER,6.80,7.01,-3.71,1,1528,1665,CENTER
1174571.673,TO_CENTER,6.80,7.01,-3.71,1,1528,1665,CENTER
1174571.693,TO_CENTER,6.85,6.96,-2.86,1,1528,1665,CENTER
1174571.714,TO_CENTER,6.85,6.96,-2.86,1,1528,1665,CENTER
1174571.734,TO_CENTER,6.85,6.96,-2.86,1,1528,1665,CENTER
1174571.755,TO_CENTER,6.85,6.96,-2.86,1,1528,1665,CENTER
1174571.775,TO_CENTER,6.85,6.96,-2.86,1,1528,1665,CENTER
1174571.796,TO_CENTER,6.91,6.92,-2.91,1,1528,1665,CENTER
1174571.816,TO_CENTER,6.91,6.92,-2.91,1,1528,1665,CENTER
1174571.837,TO_CENTER,6.91,6.92,-2.91,1,1528,1665,CENTER
1174571.857,TO_CENTER,6.91,6.92,-2.91,1,1528,1665,CENTER
1174571.877,TO_CENTER,6.91,6.92,-2.91,1,1528,1665,CENTER
1174571.898,TO_CENTER,6.91,6.92,-2.91,1,1528,1665,CENTER
1174571.918,TO_CENTER,6.91,6.92,-2.91,1,1528,1665,CENTER
1174571.939,TO_CENTER,6.91,6.92,-2.91,1,1528,1665,CENTER
1174571.961,TO_CENTER,6.91,6.92,-2.91,1,1528,1665,CENTER
1174571.981,TO_CENTER,6.91,6.92,-2.91,1,1528,1665,CENTER
1174572.002,TO_CENTER,6.97,6.88,-3.06,1,1528,1665,CENTER
1174572.023,TO_CENTER,6.97,6.88,-3.06,1,1528,1665,CENTER
1174572.043,TO_CENTER,6.97,6.88,-3.06,1,1528,1665,CENTER
1174572.064,TO_CENTER,6.97,6.88,-3.06,1,1528,1665,CENTER
1174572.085,TO_CENTER,6.97,6.88,-3.06,1,1528,1665,CENTER
1174572.106,TO_CENTER,7.02,6.83,-3.11,1,1527,1664,CENTER
1174572.126,TO_CENTER,7.02,6.83,-3.11,1,1527,1664,CENTER
1174572.147,TO_CENTER,7.02,6.83,-3.11,1,1527,1664,CENTER
1174572.168,TO_CENTER,7.02,6.83,-3.11,1,1527,1664,CENTER
1174572.189,TO_CENTER,7.02,6.83,-3.11,1,1527,1664,CENTER
1174572.209,TO_CENTER,7.06,6.80,-3.18,1,1527,1664,CENTER
1174572.230,TO_CENTER,7.06,6.80,-3.18,1,1527,1664,CENTER
1174572.250,TO_CENTER,7.06,6.80,-3.18,1,1527,1664,CENTER
1174572.271,TO_CENTER,7.06,6.80,-3.18,1,1527,1664,CENTER
1174572.291,TO_CENTER,7.06,6.80,-3.18,1,1527,1664,CENTER
1174572.311,TO_CENTER,7.10,6.77,-3.25,1,1527,1664,CENTER
1174572.332,TO_CENTER,7.10,6.77,-3.25,1,1527,1664,CENTER
1174572.352,TO_CENTER,7.10,6.77,-3.25,1,1527,1664,CENTER
1174572.373,TO_CENTER,7.10,6.77,-3.25,1,1527,1664,CENTER
1174572.393,TO_CENTER,7.10,6.77,-3.25,1,1527,1664,CENTER
1174572.414,TO_CENTER,7.14,6.74,-3.32,1,1527,1664,CENTER
1174572.435,TO_CENTER,7.14,6.74,-3.32,1,1527,1664,CENTER
1174572.455,TO_CENTER,7.14,6.74,-3.32,1,1527,1664,CENTER
1174572.476,TO_CENTER,7.14,6.74,-3.32,1,1527,1664,CENTER
1174572.496,TO_CENTER,7.14,6.74,-3.32,1,1527,1664,CENTER
1174572.517,TO_CENTER,7.14,6.74,-3.32,1,1527,1664,CENTER
1174572.538,TO_CENTER,7.14,6.74,-3.32,1,1527,1664,CENTER
1174572.558,TO_CENTER,7.14,6.74,-3.32,1,1527,1664,CENTER
1174572.579,TO_CENTER,7.14,6.74,-3.32,1,1527,1664,CENTER
1174572.599,TO_CENTER,7.14,6.74,-3.32,1,1527,1664,CENTER
1174572.620,TO_CENTER,7.19,6.70,-3.47,1,1527,1664,CENTER
1174572.640,TO_CENTER,7.19,6.70,-3.47,1,1527,1664,CENTER
1174572.661,TO_CENTER,7.19,6.70,-3.47,1,1527,1664,CENTER
1174572.681,TO_CENTER,7.19,6.70,-3.47,1,1527,1664,CENTER
1174572.702,TO_CENTER,7.19,6.70,-3.47,1,1527,1664,CENTER
1174572.722,TO_CENTER,7.25,6.65,-3.53,1,1527,1664,CENTER
1174572.743,TO_CENTER,7.25,6.65,-3.53,1,1527,1664,CENTER
1174572.763,TO_CENTER,7.25,6.65,-3.53,1,1527,1664,CENTER
1174572.784,TO_CENTER,7.25,6.65,-3.53,1,1527,1664,CENTER
1174572.804,TO_CENTER,7.25,6.65,-3.53,1,1527,1664,CENTER
1174572.824,TO_CENTER,7.31,6.62,-2.70,1,1526,1664,CENTER
1174572.845,TO_CENTER,7.31,6.62,-2.70,1,1526,1664,CENTER
1174572.866,TO_CENTER,7.31,6.62,-2.70,1,1526,1664,CENTER
1174572.886,TO_CENTER,7.31,6.62,-2.70,1,1526,1664,CENTER
1174572.907,TO_CENTER,7.31,6.62,-2.70,1,1526,1664,CENTER
1174572.927,TO_CENTER,7.31,6.62,-2.70,1,1526,1664,CENTER
1174572.947,TO_CENTER,7.31,6.62,-2.70,1,1526,1664,CENTER
1174572.968,TO_CENTER,7.31,6.62,-2.70,1,1526,1664,CENTER
1174572.988,TO_CENTER,7.31,6.62,-2.70,1,1526,1664,CENTER
1174573.008,TO_CENTER,7.31,6.62,-2.70,1,1526,1664,CENTER
1174573.028,TO_CENTER,7.37,6.58,-2.76,1,1526,1663,CENTER
1174573.049,TO_CENTER,7.37,6.58,-2.76,1,1526,1663,CENTER
1174573.069,TO_CENTER,7.37,6.58,-2.76,1,1526,1663,CENTER
1174573.090,TO_CENTER,7.37,6.58,-2.76,1,1526,1663,CENTER
1174573.110,TO_CENTER,7.37,6.58,-2.76,1,1526,1663,CENTER
1174573.131,TO_CENTER,7.43,6.53,-2.82,1,1526,1663,CENTER
1174573.151,TO_CENTER,7.43,6.53,-2.82,1,1526,1663,CENTER
1174573.171,TO_CENTER,7.43,6.53,-2.82,1,1526,1663,CENTER
1174573.192,TO_CENTER,7.43,6.53,-2.82,1,1526,1663,CENTER
1174573.212,TO_CENTER,7.43,6.53,-2.82,1,1526,1663,CENTER
1174573.232,TO_CENTER,7.49,6.49,-2.99,1,1526,1663,CENTER
1174573.253,TO_CENTER,7.49,6.49,-2.99,1,1526,1663,CENTER
1174573.273,TO_CENTER,7.49,6.49,-2.99,1,1526,1663,CENTER
1174573.294,TO_CENTER,7.49,6.49,-2.99,1,1526,1663,CENTER
1174573.314,TO_CENTER,7.49,6.49,-2.99,1,1526,1663,CENTER
1174573.335,TO_CENTER,7.49,6.49,-2.99,1,1526,1663,CENTER
1174573.355,TO_CENTER,7.49,6.49,-2.99,1,1526,1663,CENTER
1174573.376,TO_CENTER,7.49,6.49,-2.99,1,1526,1663,CENTER
1174573.396,TO_CENTER,7.49,6.49,-2.99,1,1526,1663,CENTER
1174573.417,TO_CENTER,7.49,6.49,-2.99,1,1526,1663,CENTER
1174573.437,TO_CENTER,7.55,6.46,-3.06,1,1526,1663,CENTER
1174573.457,TO_CENTER,7.55,6.46,-3.06,1,1526,1663,CENTER
1174573.478,TO_CENTER,7.55,6.46,-3.06,1,1526,1663,CENTER
1174573.499,TO_CENTER,7.55,6.46,-3.06,1,1526,1663,CENTER
1174573.519,TO_CENTER,7.55,6.46,-3.06,1,1526,1663,CENTER
1174573.540,TO_CENTER,7.61,6.41,-3.23,1,1526,1663,CENTER
1174573.560,TO_CENTER,7.61,6.41,-3.23,1,1526,1663,CENTER
1174573.580,TO_CENTER,7.61,6.41,-3.23,1,1526,1663,CENTER
1174573.601,TO_CENTER,7.61,6.41,-3.23,1,1526,1663,CENTER
1174573.622,TO_CENTER,7.61,6.41,-3.23,1,1526,1663,CENTER
1174573.642,TO_CENTER,7.67,6.37,-3.29,1,1525,1662,CENTER
1174573.662,TO_CENTER,7.67,6.37,-3.29,1,1525,1662,CENTER
1174573.684,TO_CENTER,7.67,6.37,-3.29,1,1525,1662,CENTER
1174573.704,TO_CENTER,7.67,6.37,-3.29,1,1525,1662,CENTER
1174573.725,TO_CENTER,7.67,6.37,-3.29,1,1525,1662,CENTER
1174573.745,TO_CENTER,7.73,6.34,-3.37,1,1525,1662,CENTER
1174573.765,TO_CENTER,7.73,6.34,-3.37,1,1525,1662,CENTER
1174573.786,TO_CENTER,7.73,6.34,-3.37,1,1525,1662,CENTER
1174573.806,TO_CENTER,7.73,6.34,-3.37,1,1525,1662,CENTER
1174573.827,TO_CENTER,7.73,6.34,-3.37,1,1525,1662,CENTER
1174573.847,TO_CENTER,7.73,6.34,-3.37,1,1525,1662,CENTER
1174573.868,TO_CENTER,7.73,6.34,-3.37,1,1525,1662,CENTER
1174573.889,TO_CENTER,7.73,6.34,-3.37,1,1525,1662,CENTER
1174573.909,TO_CENTER,7.73,6.34,-3.37,1,1525,1662,CENTER
1174573.930,TO_CENTER,7.73,6.34,-3.37,1,1525,1662,CENTER
1174573.951,TO_CENTER,7.79,6.29,-3.54,1,1525,1662,CENTER
1174573.972,TO_CENTER,7.79,6.29,-3.54,1,1525,1662,CENTER
1174573.992,TO_CENTER,7.79,6.29,-3.54,1,1525,1662,CENTER
1174574.013,TO_CENTER,7.79,6.29,-3.54,1,1525,1662,CENTER
1174574.033,TO_CENTER,7.79,6.29,-3.54,1,1525,1662,CENTER
1174574.054,TO_CENTER,7.85,6.26,-3.62,1,1525,1662,CENTER
1174574.074,TO_CENTER,7.85,6.26,-3.62,1,1525,1662,CENTER
1174574.095,TO_CENTER,7.85,6.26,-3.62,1,1525,1662,CENTER
1174574.115,TO_CENTER,7.85,6.26,-3.62,1,1525,1662,CENTER
1174574.136,TO_CENTER,7.85,6.26,-3.62,1,1525,1662,CENTER
1174574.157,TO_CENTER,7.91,6.22,-3.69,1,1525,1662,CENTER
1174574.177,TO_CENTER,7.91,6.22,-3.69,1,1525,1662,CENTER
1174574.197,TO_CENTER,7.91,6.22,-3.69,1,1525,1662,CENTER
1174574.218,TO_CENTER,7.91,6.22,-3.69,1,1525,1662,CENTER
1174574.238,TO_CENTER,7.91,6.22,-3.69,1,1525,1662,CENTER
1174574.259,TO_CENTER,7.91,6.22,-3.69,1,1525,1662,CENTER
1174574.279,TO_CENTER,7.91,6.22,-3.69,1,1525,1662,CENTER
1174574.299,TO_CENTER,7.91,6.22,-3.69,1,1525,1662,CENTER
1174574.320,TO_CENTER,7.91,6.22,-3.69,1,1525,1662,CENTER
1174574.340,TO_CENTER,7.91,6.22,-3.69,1,1525,1662,CENTER
1174574.360,TO_CENTER,7.97,6.18,-3.77,1,1525,1662,CENTER
1174574.381,TO_CENTER,7.97,6.18,-3.77,1,1525,1662,CENTER
1174574.401,TO_CENTER,7.97,6.18,-3.77,1,1525,1662,CENTER
1174574.422,TO_CENTER,7.97,6.18,-3.77,1,1525,1662,CENTER
1174574.442,TO_CENTER,7.97,6.18,-3.77,1,1525,1662,CENTER
1174574.463,TO_CENTER,8.03,6.14,-2.95,1,1525,1661,CENTER
1174574.484,TO_CENTER,8.03,6.14,-2.95,1,1525,1661,CENTER
1174574.504,TO_CENTER,8.03,6.14,-2.95,1,1525,1661,CENTER
1174574.525,TO_CENTER,8.03,6.14,-2.95,1,1525,1661,CENTER
1174574.545,TO_CENTER,8.03,6.14,-2.95,1,1525,1661,CENTER
1174574.566,TO_CENTER,8.09,6.10,-3.03,1,1524,1661,CENTER
1174574.586,TO_CENTER,8.09,6.10,-3.03,1,1524,1661,CENTER
1174574.606,TO_CENTER,8.09,6.10,-3.03,1,1524,1661,CENTER
1174574.627,TO_CENTER,8.09,6.10,-3.03,1,1524,1661,CENTER
1174574.647,TO_CENTER,8.09,6.10,-3.03,1,1524,1661,CENTER
1174574.668,TO_CENTER,8.16,6.07,-3.11,1,1524,1661,CENTER
1174574.688,TO_CENTER,8.16,6.07,-3.11,1,1524,1661,CENTER
1174574.709,TO_CENTER,8.16,6.07,-3.11,1,1524,1661,CENTER
1174574.729,TO_CENTER,8.16,6.07,-3.11,1,1524,1661,CENTER
1174574.750,TO_CENTER,8.16,6.07,-3.11,1,1524,1661,CENTER
1174574.770,TO_CENTER,8.16,6.07,-3.11,1,1524,1661,CENTER
1174574.791,TO_CENTER,8.16,6.07,-3.11,1,1524,1661,CENTER
1174574.812,TO_CENTER,8.16,6.07,-3.11,1,1524,1661,CENTER
1174574.832,TO_CENTER,8.16,6.07,-3.11,1,1524,1661,CENTER
1174574.853,TO_CENTER,8.16,6.07,-3.11,1,1524,1661,CENTER
1174574.873,TO_CENTER,8.22,6.04,-3.20,1,1524,1661,CENTER
1174574.893,TO_CENTER,8.22,6.04,-3.20,1,1524,1661,CENTER
1174574.914,TO_CENTER,8.22,6.04,-3.20,1,1524,1661,CENTER
1174574.934,TO_CENTER,8.22,6.04,-3.20,1,1524,1661,CENTER
1174574.955,TO_CENTER,8.22,6.04,-3.20,1,1524,1661,CENTER
1174574.975,TO_CENTER,8.28,6.00,-3.39,1,1524,1661,CENTER
1174574.995,TO_CENTER,8.28,6.00,-3.39,1,1524,1661,CENTER
1174575.016,TO_CENTER,8.28,6.00,-3.39,1,1524,1661,CENTER
1174575.036,TO_CENTER,8.28,6.00,-3.39,1,1524,1661,CENTER
1174575.056,TO_CENTER,8.28,6.00,-3.39,1,1524,1661,CENTER
1174575.077,TO_CENTER,8.34,5.96,-3.47,1,1524,1660,CENTER
1174575.097,TO_CENTER,8.34,5.96,-3.47,1,1524,1660,CENTER
1174575.118,TO_CENTER,8.34,5.96,-3.47,1,1524,1660,CENTER
1174575.138,TO_CENTER,8.34,5.96,-3.47,1,1524,1660,CENTER
1174575.158,TO_CENTER,8.34,5.96,-3.47,1,1524,1660,CENTER
1174575.179,TO_CENTER,8.34,5.96,-3.47,1,1524,1660,CENTER
1174575.199,TO_CENTER,8.34,5.96,-3.47,1,1524,1660,CENTER
1174575.220,TO_CENTER,8.34,5.96,-3.47,1,1524,1660,CENTER
1174575.241,TO_CENTER,8.34,5.96,-3.47,1,1524,1660,CENTER
1174575.261,TO_CENTER,8.34,5.96,-3.47,1,1524,1660,CENTER
1174575.282,TO_CENTER,8.41,5.93,-3.56,1,1524,1660,CENTER
1174575.302,TO_CENTER,8.41,5.93,-3.56,1,1524,1660,CENTER
1174575.322,TO_CENTER,8.41,5.93,-3.56,1,1524,1660,CENTER
1174575.343,TO_CENTER,8.41,5.93,-3.56,1,1524,1660,CENTER
1174575.363,TO_CENTER,8.41,5.93,-3.56,1,1524,1660,CENTER
1174575.383,TO_CENTER,8.47,5.89,-3.65,1,1524,1660,CENTER
1174575.404,TO_CENTER,8.47,5.89,-3.65,1,1524,1660,CENTER
1174575.424,TO_CENTER,8.47,5.89,-3.65,1,1524,1660,CENTER
1174575.445,TO_CENTER,8.47,5.89,-3.65,1,1524,1660,CENTER
1174575.465,TO_CENTER,8.47,5.89,-3.65,1,1524,1660,CENTER
1174575.486,TO_CENTER,8.53,5.86,-3.84,1,1523,1660,CENTER
1174575.506,TO_CENTER,8.53,5.86,-3.84,1,1523,1660,CENTER
1174575.527,TO_CENTER,8.53,5.86,-3.84,1,1523,1660,CENTER
1174575.547,TO_CENTER,8.53,5.86,-3.84,1,1523,1660,CENTER
1174575.567,TO_CENTER,8.53,5.86,-3.84,1,1523,1660,CENTER
1174575.588,TO_CENTER,8.53,5.86,-2.84,1,1523,1660,CENTER
1174575.608,TO_CENTER,8.53,5.86,-2.84,1,1523,1660,CENTER
1174575.629,TO_CENTER,8.53,5.86,-2.84,1,1523,1660,CENTER
1174575.649,TO_CENTER,8.53,5.86,-2.84,1,1523,1660,CENTER
1174575.670,TO_CENTER,8.53,5.86,-2.84,1,1523,1660,CENTER
1174575.690,TO_CENTER,8.59,5.82,-2.93,1,1523,1660,CENTER
1174575.711,TO_CENTER,8.59,5.82,-2.93,1,1523,1660,CENTER
1174575.731,TO_CENTER,8.59,5.82,-2.93,1,1523,1660,CENTER
1174575.752,TO_CENTER,8.59,5.82,-2.93,1,1523,1660,CENTER
1174575.772,TO_CENTER,8.59,5.82,-2.93,1,1523,1660,CENTER
1174575.794,TO_CENTER,8.65,5.79,-3.03,1,1523,1660,CENTER
1174575.814,TO_CENTER,8.65,5.79,-3.03,1,1523,1660,CENTER
1174575.836,TO_CENTER,8.65,5.79,-3.03,1,1523,1660,CENTER
1174575.856,TO_CENTER,8.65,5.79,-3.03,1,1523,1660,CENTER
1174575.877,TO_CENTER,8.65,5.79,-3.03,1,1523,1660,CENTER
1174575.897,TO_CENTER,8.72,5.75,-3.12,1,1523,1659,CENTER
1174575.917,TO_CENTER,8.72,5.75,-3.12,1,1523,1659,CENTER
1174575.938,TO_CENTER,8.72,5.75,-3.12,1,1523,1659,CENTER
1174575.960,TO_CENTER,8.72,5.75,-3.12,1,1523,1659,CENTER
1174575.980,TO_CENTER,8.72,5.75,-3.12,1,1523,1659,CENTER
1174576.001,TO_CENTER,8.72,5.75,-3.12,1,1523,1659,CENTER
1174576.022,TO_CENTER,8.72,5.75,-3.12,1,1523,1659,CENTER
1174576.042,TO_CENTER,8.72,5.75,-3.12,1,1523,1659,CENTER
1174576.063,TO_CENTER,8.72,5.75,-3.12,1,1523,1659,CENTER
1174576.084,TO_CENTER,8.72,5.75,-3.12,1,1523,1659,CENTER
1174576.105,TO_CENTER,8.76,5.74,-3.22,1,1523,1659,CENTER
1174576.125,TO_CENTER,8.76,5.74,-3.22,1,1523,1659,CENTER
1174576.145,TO_CENTER,8.76,5.74,-3.22,1,1523,1659,CENTER
1174576.166,TO_CENTER,8.76,5.74,-3.22,1,1523,1659,CENTER
1174576.186,TO_CENTER,8.76,5.74,-3.22,1,1523,1659,CENTER
1174576.206,TO_CENTER,8.80,5.71,-3.21,1,1523,1659,CENTER
1174576.227,TO_CENTER,8.80,5.71,-3.21,1,1523,1659,CENTER
1174576.247,TO_CENTER,8.80,5.71,-3.21,1,1523,1659,CENTER
1174576.268,TO_CENTER,8.80,5.71,-3.21,1,1523,1659,CENTER
1174576.289,TO_CENTER,8.80,5.71,-3.21,1,1523,1659,CENTER
1174576.309,TO_CENTER,8.86,5.68,-3.42,1,1523,1659,CENTER
1174576.330,TO_CENTER,8.86,5.68,-3.42,1,1523,1659,CENTER
1174576.350,TO_CENTER,8.86,5.68,-3.42,1,1523,1659,CENTER
1174576.371,TO_CENTER,8.86,5.68,-3.42,1,1523,1659,CENTER
1174576.391,TO_CENTER,8.86,5.68,-3.42,1,1523,1659,CENTER
1174576.413,TO_CENTER,8.92,5.65,-3.52,1,1523,1659,CENTER
1174576.433,TO_CENTER,8.92,5.65,-3.52,1,1523,1659,CENTER
1174576.454,TO_CENTER,8.92,5.65,-3.52,1,1523,1659,CENTER
1174576.475,TO_CENTER,8.92,5.65,-3.52,1,1523,1659,CENTER
1174576.496,TO_CENTER,8.92,5.65,-3.52,1,1523,1659,CENTER
1174576.516,TO_CENTER,8.92,5.65,-3.52,1,1523,1659,CENTER
1174576.537,TO_CENTER,8.92,5.65,-3.52,1,1523,1659,CENTER
1174576.557,TO_CENTER,8.92,5.65,-3.52,1,1523,1659,CENTER
1174576.578,TO_CENTER,8.92,5.65,-3.52,1,1523,1659,CENTER
1174576.600,TO_CENTER,8.92,5.65,-3.52,1,1523,1659,CENTER
1174576.621,TO_CENTER,8.99,5.62,-3.62,1,1522,1659,CENTER
1174576.642,TO_CENTER,8.99,5.62,-3.62,1,1522,1659,CENTER
1174576.662,TO_CENTER,8.99,5.62,-3.62,1,1522,1659,CENTER
1174576.683,TO_CENTER,8.99,5.62,-3.62,1,1522,1659,CENTER
1174576.703,TO_CENTER,8.99,5.62,-3.62,1,1522,1659,CENTER
1174576.724,TO_CENTER,9.05,5.59,-2.72,1,1522,1658,CENTER
1174576.744,TO_CENTER,9.05,5.59,-2.72,1,1522,1658,CENTER
1174576.765,TO_CENTER,9.05,5.59,-2.72,1,1522,1658,CENTER
1174576.785,TO_CENTER,9.05,5.59,-2.72,1,1522,1658,CENTER
1174576.806,TO_CENTER,9.05,5.59,-2.72,1,1522,1658,CENTER
1174576.826,TO_CENTER,9.11,5.56,-2.82,1,1522,1658,CENTER
1174576.847,TO_CENTER,9.11,5.56,-2.82,1,1522,1658,CENTER
1174576.867,TO_CENTER,9.11,5.56,-2.82,1,1522,1658,CENTER
1174576.888,TO_CENTER,9.11,5.56,-2.82,1,1522,1658,CENTER
1174576.908,TO_CENTER,9.11,5.56,-2.82,1,1522,1658,CENTER
1174576.929,TO_CENTER,9.15,5.53,-2.93,1,1522,1658,CENTER
1174576.949,TO_CENTER,9.15,5.53,-2.93,1,1522,1658,CENTER
1174576.969,TO_CENTER,9.15,5.53,-2.93,1,1522,1658,CENTER
1174576.990,TO_CENTER,9.15,5.53,-2.93,1,1522,1658,CENTER
1174577.010,TO_CENTER,9.15,5.53,-2.93,1,1522,1658,CENTER
1174577.030,TO_CENTER,9.15,5.53,-2.93,1,1522,1658,CENTER
1174577.051,TO_CENTER,9.15,5.53,-2.93,1,1522,1658,CENTER
1174577.071,TO_CENTER,9.15,5.53,-2.93,1,1522,1658,CENTER
1174577.092,TO_CENTER,9.15,5.53,-2.93,1,1522,1658,CENTER
1174577.112,TO_CENTER,9.15,5.53,-2.93,1,1522,1658,CENTER
1174577.133,TO_CENTER,9.21,5.51,-3.03,1,1522,1658,CENTER
1174577.153,TO_CENTER,9.21,5.51,-3.03,1,1522,1658,CENTER
1174577.174,TO_CENTER,9.21,5.51,-3.03,1,1522,1658,CENTER
1174577.194,TO_CENTER,9.21,5.51,-3.03,1,1522,1658,CENTER
1174577.215,TO_CENTER,9.21,5.51,-3.03,1,1522,1658,CENTER
1174577.235,TO_CENTER,9.28,5.48,-3.14,1,1522,1658,CENTER
1174577.256,TO_CENTER,9.28,5.48,-3.14,1,1522,1658,CENTER
1174577.276,TO_CENTER,9.28,5.48,-3.14,1,1522,1658,CENTER
1174577.296,TO_CENTER,9.28,5.48,-3.14,1,1522,1658,CENTER
1174577.317,TO_CENTER,9.28,5.48,-3.14,1,1522,1658,CENTER
1174577.338,TO_CENTER,9.34,5.44,-3.24,1,1522,1657,CENTER
1174577.358,TO_CENTER,9.34,5.44,-3.24,1,1522,1657,CENTER
1174577.378,TO_CENTER,9.34,5.44,-3.24,1,1522,1657,CENTER
1174577.399,TO_CENTER,9.34,5.44,-3.24,1,1522,1657,CENTER
1174577.419,TO_CENTER,9.34,5.44,-3.24,1,1522,1657,CENTER
1174577.440,TO_CENTER,9.34,5.44,-3.24,1,1522,1657,CENTER
1174577.461,TO_CENTER,9.34,5.44,-3.24,1,1522,1657,CENTER
1174577.481,TO_CENTER,9.34,5.44,-3.24,1,1522,1657,CENTER
1174577.502,TO_CENTER,9.34,5.44,-3.24,1,1522,1657,CENTER
1174577.522,TO_CENTER,9.34,5.44,-3.24,1,1522,1657,CENTER
1174577.543,TO_CENTER,9.40,5.42,-3.35,1,1522,1657,CENTER
1174577.563,TO_CENTER,9.40,5.42,-3.35,1,1522,1657,CENTER
1174577.584,TO_CENTER,9.40,5.42,-3.35,1,1522,1657,CENTER
1174577.605,TO_CENTER,9.40,5.42,-3.35,1,1522,1657,CENTER
1174577.626,TO_CENTER,9.40,5.42,-3.35,1,1522,1657,CENTER
1174577.648,TO_CENTER,9.46,5.38,-3.46,1,1522,1657,CENTER
1174577.668,TO_CENTER,9.46,5.38,-3.46,1,1522,1657,CENTER
1174577.689,TO_CENTER,9.46,5.38,-3.46,1,1522,1657,CENTER
1174577.709,TO_CENTER,9.46,5.38,-3.46,1,1522,1657,CENTER
1174577.729,TO_CENTER,9.46,5.38,-3.46,1,1522,1657,CENTER
1174577.750,TO_CENTER,9.50,5.37,-3.58,1,1521,1657,CENTER
1174577.770,TO_CENTER,9.50,5.37,-3.58,1,1521,1657,CENTER
1174577.791,TO_CENTER,9.50,5.37,-3.58,1,1521,1657,CENTER
1174577.811,TO_CENTER,9.50,5.37,-3.58,1,1521,1657,CENTER
1174577.832,TO_CENTER,9.50,5.37,-3.58,1,1521,1657,CENTER
1174577.853,TO_CENTER,9.57,5.34,-2.69,1,1521,1657,CENTER
1174577.873,TO_CENTER,9.57,5.34,-2.69,1,1521,1657,CENTER
1174577.894,TO_CENTER,9.57,5.34,-2.69,1,1521,1657,CENTER
1174577.915,TO_CENTER,9.57,5.34,-2.69,1,1521,1657,CENTER
1174577.935,TO_CENTER,9.57,5.34,-2.69,1,1521,1657,CENTER
1174577.956,TO_CENTER,9.57,5.34,-2.69,1,1521,1657,CENTER
1174577.978,TO_CENTER,9.57,5.34,-2.69,1,1521,1657,CENTER
1174577.998,TO_CENTER,9.57,5.34,-2.69,1,1521,1657,CENTER
1174578.018,TO_CENTER,9.57,5.34,-2.69,1,1521,1657,CENTER
1174578.040,TO_CENTER,9.57,5.34,-2.69,1,1521,1657,CENTER
1174578.060,TO_CENTER,9.63,5.31,-2.80,1,1521,1657,CENTER
1174578.080,TO_CENTER,9.63,5.31,-2.80,1,1521,1657,CENTER
1174578.100,TO_CENTER,9.63,5.31,-2.80,1,1521,1657,CENTER
1174578.121,TO_CENTER,9.63,5.31,-2.80,1,1521,1657,CENTER
1174578.141,TO_CENTER,9.63,5.31,-2.80,1,1521,1657,CENTER
1174578.162,TO_CENTER,9.69,5.28,-2.91,1,1521,1656,CENTER
1174578.182,TO_CENTER,9.69,5.28,-2.91,1,1521,1656,CENTER
1174578.203,TO_CENTER,9.69,5.28,-2.91,1,1521,1656,CENTER
1174578.223,TO_CENTER,9.69,5.28,-2.91,1,1521,1656,CENTER
1174578.244,TO_CENTER,9.69,5.28,-2.91,1,1521,1656,CENTER
1174578.264,TO_CENTER,9.75,5.25,-2.91,1,1521,1656,CENTER
1174578.285,TO_CENTER,9.75,5.25,-2.91,1,1521,1656,CENTER
1174578.306,TO_CENTER,9.75,5.25,-2.91,1,1521,1656,CENTER
1174578.326,TO_CENTER,9.75,5.25,-2.91,1,1521,1656,CENTER
1174578.347,TO_CENTER,9.75,5.25,-2.91,1,1521,1656,CENTER
1174578.368,TO_CENTER,9.75,5.25,-2.91,1,1521,1656,CENTER
1174578.389,TO_CENTER,9.75,5.25,-2.91,1,1521,1656,CENTER
1174578.409,TO_CENTER,9.75,5.25,-2.91,1,1521,1656,CENTER
1174578.431,TO_CENTER,9.75,5.25,-2.91,1,1521,1656,CENTER
1174578.452,TO_CENTER,9.75,5.25,-2.91,1,1521,1656,CENTER
1174578.472,TO_CENTER,9.81,5.22,-3.02,1,1521,1656,CENTER
1174578.493,TO_CENTER,9.81,5.22,-3.02,1,1521,1656,CENTER
1174578.514,TO_CENTER,9.81,5.22,-3.02,1,1521,1656,CENTER
1174578.534,TO_CENTER,9.81,5.22,-3.02,1,1521,1656,CENTER
1174578.555,TO_CENTER,9.81,5.22,-3.02,1,1521,1656,CENTER
1174578.576,TO_CENTER,9.85,5.21,-3.14,1,1521,1656,CENTER
1174578.596,TO_CENTER,9.85,5.21,-3.14,1,1521,1656,CENTER
1174578.621,TO_CENTER,9.85,5.21,-3.14,1,1521,1656,CENTER
1174578.641,TO_CENTER,9.85,5.21,-3.14,1,1521,1656,CENTER
1174578.661,TO_CENTER,9.85,5.21,-3.14,1,1521,1656,CENTER
1174578.682,TO_CENTER,9.85,5.19,-3.26,1,1521,1656,CENTER
1174578.702,TO_CENTER,9.89,5.19,-3.26,1,1521,1656,CENTER
1174578.723,TO_CENTER,9.89,5.19,-3.26,1,1521,1656,CENTER
1174578.743,TO_CENTER,9.89,5.19,-3.26,1,1521,1656,CENTER
1174578.764,TO_CENTER,9.89,5.19,-3.26,1,1521,1656,CENTER
1174578.784,TO_CENTER,9.89,5.19,-3.26,1,1521,1656,CENTER
1174578.804,TO_CENTER,9.89,5.19,-3.26,1,1521,1656,CENTER
1174578.825,TO_CENTER,9.89,5.19,-3.26,1,1521,1656,CENTER
1174578.845,TO_CENTER,9.89,5.19,-3.26,1,1521,1656,CENTER
1174578.865,TO_CENTER,9.89,5.19,-3.26,1,1521,1656,CENTER
1174578.886,TO_CENTER,9.97,5.16,-3.38,1,1521,1656,CENTER
1174578.906,TO_CENTER,9.97,5.16,-3.38,1,1521,1656,CENTER
1174578.927,TO_CENTER,9.97,5.16,-3.38,1,1521,1656,CENTER
1174578.947,TO_CENTER,9.97,5.16,-3.38,1,1521,1656,CENTER
1174578.968,TO_CENTER,9.97,5.16,-3.38,1,1521,1656,CENTER
1174578.988,TO_CENTER,9.97,5.16,-3.38,1,1521,1656,CENTER
1174579.009,TO_CENTER,9.97,5.16,-3.38,1,1521,1656,CENTER
1174579.029,TO_CENTER,9.97,5.16,-3.38,1,1521,1656,CENTER
1174579.049,TO_CENTER,9.97,5.16,-3.38,1,1521,1656,CENTER
1174579.070,TO_CENTER,9.97,5.16,-3.38,1,1521,1656,CENTER
1174579.091,TO_CENTER,9.97,5.16,-3.38,1,1521,1656,CENTER
1174579.111,TO_CENTER,9.97,5.16,-3.38,1,1521,1656,CENTER
1174579.133,TO_CENTER,9.97,5.16,-3.38,1,1521,1656,CENTER
1174579.153,TO_CENTER,9.97,5.16,-3.38,1,1521,1656,CENTER
1174579.174,TO_CENTER,9.97,5.16,-3.38,1,1521,1656,CENTER
1174579.195,TO_CENTER,10.05,5.11,-3.50,1,1520,1655,CENTER
1174579.215,TO_CENTER,10.05,5.11,-3.50,1,1520,1655,CENTER
1174579.236,TO_CENTER,10.05,5.11,-3.50,1,1520,1655,CENTER
1174579.256,TO_CENTER,10.05,5.11,-3.50,1,1520,1655,CENTER
1174579.277,TO_CENTER,10.05,5.11,-3.50,1,1520,1655,CENTER
1174579.298,TO_CENTER,10.09,5.10,-3.63,1,1520,1655,CENTER
1174579.318,TO_CENTER,10.09,5.10,-3.63,1,1520,1655,CENTER
1174579.338,TO_CENTER,10.09,5.10,-3.63,1,1520,1655,CENTER
1174579.359,TO_CENTER,10.09,5.10,-3.63,1,1520,1655,CENTER
1174579.379,TO_CENTER,10.09,5.10,-3.63,1,1520,1655,CENTER
1174579.399,TO_CENTER,10.13,5.08,-3.75,1,1520,1655,CENTER
1174579.420,TO_CENTER,10.13,5.08,-3.75,1,1520,1655,CENTER
1174579.440,TO_CENTER,10.13,5.08,-3.75,1,1520,1655,CENTER
1174579.462,TO_CENTER,10.13,5.08,-3.75,1,1520,1655,CENTER
1174579.482,TO_CENTER,10.13,5.08,-3.75,1,1520,1655,CENTER
1174579.503,TO_CENTER,10.17,5.06,-3.75,1,1520,1655,CENTER
1174579.523,TO_CENTER,10.17,5.06,-3.75,1,1520,1655,CENTER
1174579.544,TO_CENTER,10.17,5.06,-3.75,1,1520,1655,CENTER
1174579.565,TO_CENTER,10.17,5.06,-3.75,1,1520,1655,CENTER
1174579.585,TO_CENTER,10.17,5.06,-3.75,1,1520,1655,CENTER
1174579.606,TO_CENTER,10.23,5.04,-3.87,1,1520,1655,CENTER
1174579.626,TO_CENTER,10.23,5.04,-3.87,1,1520,1655,CENTER
1174579.646,TO_CENTER,10.23,5.04,-3.87,1,1520,1655,CENTER
1174579.667,TO_CENTER,10.23,5.04,-3.87,1,1520,1655,CENTER
1174579.687,TO_CENTER,10.23,5.04,-3.87,1,1520,1655,CENTER
1174579.708,TO_CENTER,10.23,5.04,-3.87,1,1520,1655,CENTER
1174579.729,TO_CENTER,10.23,5.04,-3.87,1,1520,1655,CENTER
1174579.749,TO_CENTER,10.23,5.04,-3.87,1,1520,1655,CENTER
1174579.769,TO_CENTER,10.23,5.04,-3.87,1,1520,1655,CENTER
1174579.790,TO_CENTER,10.23,5.04,-3.87,1,1520,1655,CENTER
1174579.811,TO_CENTER,10.29,5.01,-4.00,1,1520,1655,CENTER
1174579.831,TO_CENTER,10.29,5.01,-4.00,1,1520,1655,CENTER
1174579.852,TO_CENTER,10.29,5.01,-4.00,1,1520,1655,CENTER
1174579.873,TO_CENTER,10.29,5.01,-4.00,1,1520,1655,CENTER
1174579.893,TO_CENTER,10.29,5.01,-4.00,1,1520,1655,CENTER
1174579.913,CIRCLE_1,10.34,15.92,-74.50,0,1500,1654,CIRCLE@0°
1174579.934,CIRCLE_1,10.34,15.94,-74.28,0,1500,1654,CIRCLE@0°
1174579.954,CIRCLE_1,10.34,15.96,-74.06,0,1500,1654,CIRCLE@1°
1174579.974,CIRCLE_1,10.34,15.98,-73.85,0,1500,1654,CIRCLE@1°
1174579.994,CIRCLE_1,10.34,16.00,-73.63,0,1500,1654,CIRCLE@1°
1174580.015,CIRCLE_1,10.34,16.02,-73.41,0,1500,1654,CIRCLE@1°
1174580.036,CIRCLE_1,10.34,16.04,-73.19,0,1500,1654,CIRCLE@2°
1174580.056,CIRCLE_1,10.34,16.06,-72.97,0,1500,1654,CIRCLE@2°
1174580.077,CIRCLE_1,10.34,16.08,-72.76,0,1500,1654,CIRCLE@2°
1174580.097,CIRCLE_1,10.34,16.10,-72.54,0,1500,1654,CIRCLE@2°
1174580.117,CIRCLE_1,10.40,16.12,-72.42,0,1500,1654,CIRCLE@3°
1174580.137,CIRCLE_1,10.40,16.14,-72.21,0,1500,1654,CIRCLE@3°
1174580.158,CIRCLE_1,10.40,16.16,-71.99,0,1500,1654,CIRCLE@3°
1174580.178,CIRCLE_1,10.40,16.18,-71.78,0,1500,1654,CIRCLE@3°
1174580.198,CIRCLE_1,10.40,16.20,-71.56,0,1500,1654,CIRCLE@4°
1174580.219,CIRCLE_1,10.46,16.22,-71.44,0,1500,1654,CIRCLE@4°
1174580.240,CIRCLE_1,10.46,16.24,-71.22,0,1500,1654,CIRCLE@4°
1174580.260,CIRCLE_1,10.46,16.26,-71.01,0,1500,1654,CIRCLE@4°
1174580.280,CIRCLE_1,10.46,16.28,-70.79,0,1500,1654,CIRCLE@5°
1174580.301,CIRCLE_1,10.46,16.30,-70.58,0,1500,1654,CIRCLE@5°
1174580.321,CIRCLE_1,10.50,16.31,-70.42,0,1500,1654,CIRCLE@5°
1174580.342,CIRCLE_1,10.50,16.33,-70.20,0,1500,1654,CIRCLE@5°
1174580.362,CIRCLE_1,10.50,16.35,-69.98,0,1500,1654,CIRCLE@6°
1174580.383,CIRCLE_1,10.50,16.37,-69.77,0,1500,1654,CIRCLE@6°
1174580.403,CIRCLE_1,10.50,16.39,-69.56,0,1500,1654,CIRCLE@6°
1174580.423,CIRCLE_1,10.50,16.41,-69.35,0,1500,1654,CIRCLE@6°
1174580.444,CIRCLE_1,10.50,16.43,-69.13,0,1500,1654,CIRCLE@7°
1174580.464,CIRCLE_1,10.50,16.45,-68.92,0,1500,1654,CIRCLE@7°
1174580.485,CIRCLE_1,10.50,16.46,-68.70,0,1500,1654,CIRCLE@7°
1174580.506,CIRCLE_1,10.50,16.48,-68.49,0,1500,1654,CIRCLE@7°
1174580.525,CIRCLE_1,10.56,16.50,-57.37,0,1500,1654,CIRCLE@8°
1174580.546,CIRCLE_1,10.56,16.52,-57.16,0,1500,1654,CIRCLE@8°
1174580.567,CIRCLE_1,10.56,16.54,-56.94,0,1500,1654,CIRCLE@8°
1174580.588,CIRCLE_1,10.56,16.56,-56.73,0,1500,1654,CIRCLE@8°
1174580.608,CIRCLE_1,10.56,16.58,-56.52,0,1500,1654,CIRCLE@9°
1174580.628,CIRCLE_1,10.63,16.59,-56.40,0,1500,1654,CIRCLE@9°
1174580.649,CIRCLE_1,10.63,16.61,-56.19,0,1500,1654,CIRCLE@9°
1174580.669,CIRCLE_1,10.63,16.63,-55.97,0,1500,1654,CIRCLE@9°
1174580.690,CIRCLE_1,10.63,16.65,-55.76,0,1500,1654,CIRCLE@10°
1174580.710,CIRCLE_1,10.63,16.67,-55.55,0,1500,1654,CIRCLE@10°
1174580.731,CIRCLE_1,10.70,16.69,-55.43,0,1500,1653,CIRCLE@10°
1174580.751,CIRCLE_1,10.70,16.70,-55.22,0,1500,1653,CIRCLE@10°
1174580.772,CIRCLE_1,10.70,16.72,-55.01,0,1500,1653,CIRCLE@11°
1174580.792,CIRCLE_1,10.70,16.74,-54.80,0,1500,1653,CIRCLE@11°
1174580.813,CIRCLE_1,10.70,16.76,-54.59,0,1500,1653,CIRCLE@11°
1174580.833,CIRCLE_1,10.75,16.77,-54.40,0,1500,1653,CIRCLE@11°
1174580.854,CIRCLE_1,10.75,16.79,-54.19,0,1500,1653,CIRCLE@12°
1174580.874,CIRCLE_1,10.75,16.81,-53.98,0,1500,1653,CIRCLE@12°
1174580.895,CIRCLE_1,10.75,16.83,-53.77,0,1500,1653,CIRCLE@12°
1174580.916,CIRCLE_1,10.75,16.84,-53.55,0,1500,1653,CIRCLE@12°
1174580.936,CIRCLE_1,10.79,16.86,-53.41,0,1500,1653,CIRCLE@13°
1174580.957,CIRCLE_1,10.79,16.88,-53.20,0,1500,1653,CIRCLE@13°
1174580.978,CIRCLE_1,10.79,16.90,-52.99,0,1500,1653,CIRCLE@13°
1174580.998,CIRCLE_1,10.79,16.92,-52.78,0,1500,1653,CIRCLE@13°
1174581.018,CIRCLE_1,10.79,16.93,-52.57,0,1500,1653,CIRCLE@14°
1174581.039,CIRCLE_1,10.79,16.95,-52.36,0,1500,1653,CIRCLE@14°
1174581.059,CIRCLE_1,10.79,16.97,-52.15,0,1500,1653,CIRCLE@14°
1174581.080,CIRCLE_1,10.79,16.99,-51.94,0,1500,1653,CIRCLE@14°
1174581.100,CIRCLE_1,10.79,17.00,-51.73,0,1500,1653,CIRCLE@14°
1174581.121,CIRCLE_1,10.79,17.02,-51.52,0,1500,1653,CIRCLE@15°
1174581.142,CIRCLE_1,10.87,17.03,-10.39,1,1568,1653,CIRCLE@15°
1174581.162,CIRCLE_1,10.87,17.04,-10.18,1,1568,1653,CIRCLE@15°
1174581.183,CIRCLE_1,10.87,17.06,-9.97,1,1568,1653,CIRCLE@15°
1174581.203,CIRCLE_1,10.87,17.08,-9.76,1,1568,1653,CIRCLE@16°
1174581.224,CIRCLE_1,10.87,17.10,-9.55,1,1568,1653,CIRCLE@16°
1174581.244,CIRCLE_1,10.94,17.11,-9.43,1,1568,1653,CIRCLE@16°
1174581.265,CIRCLE_1,10.94,17.13,-9.23,1,1569,1653,CIRCLE@16°
1174581.285,CIRCLE_1,10.94,17.14,-9.02,1,1569,1653,CIRCLE@17°
1174581.306,CIRCLE_1,10.94,17.16,-8.81,1,1569,1653,CIRCLE@17°
1174581.326,CIRCLE_1,10.94,17.18,-8.60,1,1569,1653,CIRCLE@17°
1174581.347,CIRCLE_1,11.02,17.19,-8.46,1,1569,1652,CIRCLE@17°
1174581.367,CIRCLE_1,11.02,17.21,-8.26,1,1569,1652,CIRCLE@18°
1174581.388,CIRCLE_1,11.02,17.23,-8.05,1,1569,1652,CIRCLE@18°
1174581.408,CIRCLE_1,11.02,17.24,-7.84,1,1569,1652,CIRCLE@18°
1174581.429,CIRCLE_1,11.02,17.26,-7.64,1,1569,1652,CIRCLE@18°
1174581.449,CIRCLE_1,11.02,17.28,-7.43,1,1569,1652,CIRCLE@19°
1174581.469,CIRCLE_1,11.02,17.29,-7.23,1,1569,1652,CIRCLE@19°
1174581.490,CIRCLE_1,11.02,17.31,-7.02,1,1569,1652,CIRCLE@19°
1174581.510,CIRCLE_1,11.02,17.32,-6.82,1,1569,1652,CIRCLE@19°
1174581.530,CIRCLE_1,11.02,17.34,-6.62,1,1569,1652,CIRCLE@20°
1174581.551,CIRCLE_1,11.09,17.35,-6.50,1,1569,1652,CIRCLE@20°
1174581.571,CIRCLE_1,11.09,17.37,-6.29,1,1569,1652,CIRCLE@20°
1174581.592,CIRCLE_1,11.09,17.38,-6.09,1,1570,1652,CIRCLE@20°
1174581.612,CIRCLE_1,11.09,17.40,-5.88,1,1570,1652,CIRCLE@21°
1174581.632,CIRCLE_1,11.09,17.42,-5.68,1,1570,1652,CIRCLE@21°
1174581.652,CIRCLE_1,11.17,17.42,-4.55,1,1570,1652,CIRCLE@21°
1174581.673,CIRCLE_1,11.17,17.43,-4.34,1,1570,1652,CIRCLE@21°
1174581.693,CIRCLE_1,11.17,17.45,-4.14,1,1570,1652,CIRCLE@22°
1174581.713,CIRCLE_1,11.17,17.46,-3.93,1,1570,1652,CIRCLE@22°
1174581.734,CIRCLE_1,11.17,17.48,-3.73,1,1570,1652,CIRCLE@22°
1174581.754,CIRCLE_1,11.25,17.49,-3.62,1,1570,1652,CIRCLE@22°
1174581.774,CIRCLE_1,11.25,17.50,-3.41,1,1570,1652,CIRCLE@23°
1174581.795,CIRCLE_1,11.25,17.52,-3.21,1,1570,1652,CIRCLE@23°
1174581.815,CIRCLE_1,11.25,17.53,-3.01,1,1570,1652,CIRCLE@23°
1174581.836,CIRCLE_1,11.25,17.55,-2.80,1,1570,1652,CIRCLE@23°
1174581.856,CIRCLE_1,11.33,17.56,-2.66,1,1570,1652,CIRCLE@24°
1174581.877,CIRCLE_1,11.33,17.58,-2.46,1,1570,1652,CIRCLE@24°
1174581.897,CIRCLE_1,11.33,17.59,-2.26,1,1570,1652,CIRCLE@24°
1174581.918,CIRCLE_1,11.33,17.61,-2.05,1,1570,1652,CIRCLE@24°
1174581.938,CIRCLE_1,11.33,17.62,-1.85,1,1570,1652,CIRCLE@25°
1174581.958,CIRCLE_1,11.33,17.64,-1.65,1,1571,1652,CIRCLE@25°
1174581.979,CIRCLE_1,11.33,17.65,-1.45,1,1571,1652,CIRCLE@25°
1174581.999,CIRCLE_1,11.33,17.67,-1.25,1,1571,1652,CIRCLE@25°
1174582.019,CIRCLE_1,11.33,17.68,-1.04,1,1571,1652,CIRCLE@26°
1174582.040,CIRCLE_1,11.33,17.70,-0.84,1,1571,1652,CIRCLE@26°
1174582.060,CIRCLE_1,11.46,17.69,-0.77,1,1571,1651,CIRCLE@26°
1174582.081,CIRCLE_1,11.46,17.71,-0.56,1,1571,1651,CIRCLE@26°
1174582.102,CIRCLE_1,11.46,17.72,-0.36,1,1571,1651,CIRCLE@27°
1174582.124,CIRCLE_1,11.46,17.74,-0.13,1,1571,1651,CIRCLE@27°
1174582.145,CIRCLE_1,11.46,17.75,0.08,1,1571,1651,CIRCLE@27°
1174582.166,CIRCLE_1,11.46,17.77,0.28,1,1571,1651,CIRCLE@27°
1174582.186,CIRCLE_1,11.46,17.78,0.48,1,1571,1651,CIRCLE@28°
1174582.206,CIRCLE_1,11.46,17.80,0.68,1,1571,1651,CIRCLE@28°
1174582.226,CIRCLE_1,11.46,17.81,0.88,1,1571,1651,CIRCLE@28°
1174582.248,CIRCLE_1,11.46,17.83,1.09,1,1571,1651,CIRCLE@28°
1174582.268,CIRCLE_1,11.51,17.83,-1.75,1,1571,1651,CIRCLE@29°
1174582.289,CIRCLE_1,11.51,17.84,-1.55,1,1571,1651,CIRCLE@29°
1174582.310,CIRCLE_1,11.51,17.86,-1.34,1,1571,1651,CIRCLE@29°
1174582.330,CIRCLE_1,11.51,17.87,-1.14,1,1571,1651,CIRCLE@29°
1174582.350,CIRCLE_1,11.51,17.88,-0.94,1,1572,1651,CIRCLE@29°
1174582.372,CIRCLE_1,11.56,17.90,-0.80,1,1572,1651,CIRCLE@30°
1174582.392,CIRCLE_1,11.56,17.91,-0.60,1,1572,1651,CIRCLE@30°
1174582.413,CIRCLE_1,11.56,17.92,-0.39,1,1572,1651,CIRCLE@30°
1174582.434,CIRCLE_1,11.56,17.94,-0.18,1,1572,1651,CIRCLE@30°
1174582.454,CIRCLE_1,11.56,17.95,0.02,1,1572,1651,CIRCLE@31°
1174582.475,CIRCLE_1,11.63,17.95,0.16,1,1572,1651,CIRCLE@31°
1174582.496,CIRCLE_1,11.63,17.96,0.37,1,1572,1651,CIRCLE@31°
1174582.517,CIRCLE_1,11.63,17.97,0.57,1,1572,1651,CIRCLE@31°
1174582.537,CIRCLE_1,11.63,17.99,0.77,1,1572,1651,CIRCLE@32°
1174582.559,CIRCLE_1,11.63,18.00,0.98,1,1572,1651,CIRCLE@32°
1174582.579,CIRCLE_1,11.63,18.01,1.18,1,1572,1651,CIRCLE@32°
1174582.600,CIRCLE_1,11.63,18.03,1.38,1,1572,1651,CIRCLE@32°
1174582.621,CIRCLE_1,11.63,18.04,1.60,1,1572,1651,CIRCLE@33°
1174582.642,CIRCLE_1,11.63,18.05,1.79,1,1572,1651,CIRCLE@33°
1174582.662,CIRCLE_1,11.63,18.07,1.99,1,1572,1651,CIRCLE@33°
1174582.683,CIRCLE_1,11.71,18.08,2.14,1,1572,1650,CIRCLE@33°
1174582.704,CIRCLE_1,11.71,18.09,2.34,1,1572,1650,CIRCLE@34°
1174582.725,CIRCLE_1,11.71,18.10,2.54,1,1572,1650,CIRCLE@34°
1174582.746,CIRCLE_1,11.71,18.12,2.75,1,1572,1650,CIRCLE@34°
1174582.766,CIRCLE_1,11.71,18.13,2.95,1,1573,1650,CIRCLE@34°
1174582.787,CIRCLE_1,11.79,18.12,3.09,1,1572,1650,CIRCLE@35°
1174582.808,CIRCLE_1,11.79,18.14,3.30,1,1573,1650,CIRCLE@35°
1174582.829,CIRCLE_1,11.79,18.15,3.50,1,1573,1650,CIRCLE@35°
1174582.850,CIRCLE_1,11.79,18.16,3.70,1,1573,1650,CIRCLE@35°
1174582.871,CIRCLE_1,11.79,18.17,3.91,1,1573,1650,CIRCLE@36°
1174582.891,CIRCLE_1,11.86,18.17,4.06,1,1573,1650,CIRCLE@36°
1174582.911,CIRCLE_1,11.86,18.18,4.25,1,1573,1650,CIRCLE@36°
1174582.932,CIRCLE_1,11.86,18.19,4.46,1,1573,1650,CIRCLE@36°
1174582.953,CIRCLE_1,11.86,18.20,4.66,1,1573,1650,CIRCLE@37°
1174582.974,CIRCLE_1,11.86,18.22,4.86,1,1573,1650,CIRCLE@37°
1174582.995,CIRCLE_1,11.86,18.23,8.06,1,1573,1650,CIRCLE@37°
1174583.015,CIRCLE_1,11.86,18.24,8.26,1,1573,1650,CIRCLE@37°
1174583.035,CIRCLE_1,11.86,18.25,8.46,1,1573,1650,CIRCLE@38°
1174583.056,CIRCLE_1,11.86,18.26,8.66,1,1573,1650,CIRCLE@38°
1174583.077,CIRCLE_1,11.86,18.28,8.86,1,1573,1650,CIRCLE@38°
1174583.097,CIRCLE_1,11.93,18.28,8.98,1,1573,1650,CIRCLE@38°
1174583.118,CIRCLE_1,11.93,18.29,9.18,1,1573,1650,CIRCLE@39°
1174583.138,CIRCLE_1,11.93,18.30,9.38,1,1573,1650,CIRCLE@39°
1174583.158,CIRCLE_1,11.93,18.31,9.57,1,1573,1650,CIRCLE@39°
1174583.178,CIRCLE_1,11.93,18.32,9.77,1,1573,1650,CIRCLE@39°
1174583.199,CIRCLE_1,11.99,18.32,9.94,1,1573,1650,CIRCLE@40°
1174583.219,CIRCLE_1,11.99,18.33,10.13,1,1573,1650,CIRCLE@40°
1174583.240,CIRCLE_1,11.99,18.34,10.33,1,1573,1650,CIRCLE@40°
1174583.261,CIRCLE_1,11.99,18.35,10.54,1,1573,1650,CIRCLE@40°
1174583.282,CIRCLE_1,11.99,18.36,10.73,1,1573,1650,CIRCLE@41°
1174583.302,CIRCLE_1,12.03,18.36,10.90,1,1573,1649,CIRCLE@41°
1174583.323,CIRCLE_1,12.03,18.37,11.10,1,1573,1649,CIRCLE@41°
1174583.343,CIRCLE_1,12.03,18.38,11.30,1,1574,1649,CIRCLE@41°
1174583.364,CIRCLE_1,12.03,18.40,11.50,1,1574,1649,CIRCLE@42°
1174583.385,CIRCLE_1,12.03,18.41,11.70,1,1574,1649,CIRCLE@42°
1174583.405,CIRCLE_1,12.11,18.40,11.84,1,1574,1649,CIRCLE@42°
1174583.425,CIRCLE_1,12.11,18.41,12.04,1,1574,1649,CIRCLE@42°
1174583.446,CIRCLE_1,12.11,18.42,12.24,1,1574,1649,CIRCLE@43°
1174583.466,CIRCLE_1,12.11,18.43,12.44,1,1574,1649,CIRCLE@43°
1174583.487,CIRCLE_1,12.11,18.44,12.64,1,1574,1649,CIRCLE@43°
1174583.507,CIRCLE_1,12.11,18.45,12.84,1,1574,1649,CIRCLE@43°
1174583.528,CIRCLE_1,12.11,18.46,13.03,1,1574,1649,CIRCLE@44°
1174583.548,CIRCLE_1,12.11,18.47,13.23,1,1574,1649,CIRCLE@44°
1174583.569,CIRCLE_1,12.11,18.48,13.43,1,1574,1649,CIRCLE@44°
1174583.589,CIRCLE_1,12.11,18.49,13.62,1,1574,1649,CIRCLE@44°
1174583.610,CIRCLE_1,12.15,18.49,13.79,1,1574,1649,CIRCLE@45°
1174583.630,CIRCLE_1,12.15,18.50,13.99,1,1574,1649,CIRCLE@45°
1174583.651,CIRCLE_1,12.15,18.51,14.19,1,1574,1649,CIRCLE@45°
1174583.671,CIRCLE_1,12.15,18.52,14.38,1,1574,1649,CIRCLE@45°
1174583.692,CIRCLE_1,12.15,18.53,14.58,1,1574,1649,CIRCLE@46°
1174583.712,CIRCLE_1,12.20,18.52,14.75,1,1574,1649,CIRCLE@46°
1174583.732,CIRCLE_1,12.20,18.53,14.94,1,1574,1649,CIRCLE@46°
1174583.753,CIRCLE_1,12.20,18.54,15.14,1,1574,1649,CIRCLE@46°
1174583.773,CIRCLE_1,12.20,18.55,15.33,1,1574,1649,CIRCLE@47°
1174583.794,CIRCLE_1,12.20,18.56,15.53,1,1574,1649,CIRCLE@47°
1174583.814,CIRCLE_1,12.27,18.55,15.68,1,1574,1649,CIRCLE@47°
1174583.835,CIRCLE_1,12.27,18.56,15.88,1,1574,1649,CIRCLE@47°
1174583.855,CIRCLE_1,12.27,18.57,16.08,1,1574,1649,CIRCLE@48°
1174583.876,CIRCLE_1,12.27,18.58,16.28,1,1574,1649,CIRCLE@48°
1174583.896,CIRCLE_1,12.27,18.59,16.47,1,1574,1649,CIRCLE@48°
1174583.916,CIRCLE_1,12.27,18.60,16.67,1,1574,1649,CIRCLE@48°
1174583.936,CIRCLE_1,12.27,18.61,16.86,1,1574,1649,CIRCLE@49°
1174583.957,CIRCLE_1,12.27,18.62,17.06,1,1574,1649,CIRCLE@49°
1174583.977,CIRCLE_1,12.27,18.62,17.26,1,1574,1649,CIRCLE@49°
1174583.998,CIRCLE_1,12.27,18.63,17.45,1,1575,1649,CIRCLE@49°
1174584.018,CIRCLE_1,12.39,18.61,12.58,1,1574,1648,CIRCLE@50°
1174584.039,CIRCLE_1,12.39,18.62,12.77,1,1574,1648,CIRCLE@50°
1174584.060,CIRCLE_1,12.39,18.63,12.98,1,1575,1648,CIRCLE@50°
1174584.080,CIRCLE_1,12.39,18.63,13.18,1,1575,1648,CIRCLE@50°
1174584.101,CIRCLE_1,12.39,18.64,13.37,1,1575,1648,CIRCLE@50°
1174584.122,CIRCLE_1,12.39,18.65,13.57,1,1575,1648,CIRCLE@51°
1174584.142,CIRCLE_1,12.39,18.66,13.77,1,1575,1648,CIRCLE@51°
1174584.163,CIRCLE_1,12.39,18.67,13.97,1,1575,1648,CIRCLE@51°
1174584.183,CIRCLE_1,12.39,18.68,14.16,1,1575,1648,CIRCLE@51°
1174584.204,CIRCLE_1,12.39,18.69,14.36,1,1575,1648,CIRCLE@52°
1174584.224,CIRCLE_1,12.46,18.66,14.50,1,1575,1648,CIRCLE@52°
1174584.245,CIRCLE_1,12.46,18.67,14.70,1,1575,1648,CIRCLE@52°
1174584.265,CIRCLE_1,12.46,18.68,14.90,1,1575,1648,CIRCLE@52°
1174584.285,CIRCLE_1,12.46,18.69,15.09,1,1575,1648,CIRCLE@53°
1174584.306,CIRCLE_1,12.46,18.70,15.29,1,1575,1648,CIRCLE@53°
1174584.327,CIRCLE_1,12.51,18.69,15.46,1,1575,1648,CIRCLE@53°
1174584.347,CIRCLE_1,12.51,18.70,15.65,1,1575,1648,CIRCLE@53°
1174584.367,CIRCLE_1,12.51,18.71,15.85,1,1575,1648,CIRCLE@54°
1174584.388,CIRCLE_1,12.51,18.71,16.04,1,1575,1648,CIRCLE@54°
1174584.408,CIRCLE_1,12.51,18.72,16.24,1,1575,1648,CIRCLE@54°
1174584.428,CIRCLE_1,12.57,18.71,16.40,1,1575,1648,CIRCLE@54°
1174584.450,CIRCLE_1,12.57,18.72,16.60,1,1575,1648,CIRCLE@55°
1174584.470,CIRCLE_1,12.57,18.72,16.80,1,1575,1648,CIRCLE@55°
1174584.490,CIRCLE_1,12.57,18.73,16.99,1,1575,1648,CIRCLE@55°
1174584.512,CIRCLE_1,12.57,18.74,17.20,1,1575,1648,CIRCLE@55°
1174584.533,CIRCLE_1,12.57,18.75,17.40,1,1575,1648,CIRCLE@56°
1174584.553,CIRCLE_1,12.57,18.75,17.59,1,1575,1648,CIRCLE@56°
1174584.574,CIRCLE_1,12.57,18.76,17.79,1,1575,1648,CIRCLE@56°
1174584.594,CIRCLE_1,12.57,18.77,17.98,1,1575,1648,CIRCLE@56°
1174584.614,CIRCLE_1,12.57,18.77,18.18,1,1575,1648,CIRCLE@57°
1174584.635,CIRCLE_1,12.64,18.76,15.34,1,1575,1648,CIRCLE@57°
1174584.656,CIRCLE_1,12.64,18.77,15.54,1,1575,1648,CIRCLE@57°
1174584.676,CIRCLE_1,12.64,18.77,15.74,1,1575,1648,CIRCLE@57°
1174584.697,CIRCLE_1,12.64,18.78,15.93,1,1575,1648,CIRCLE@58°
1174584.717,CIRCLE_1,12.64,18.79,16.13,1,1575,1648,CIRCLE@58°
1174584.738,CIRCLE_1,12.71,18.76,16.28,1,1575,1647,CIRCLE@58°
1174584.758,CIRCLE_1,12.71,18.77,16.48,1,1575,1647,CIRCLE@58°
1174584.779,CIRCLE_1,12.71,18.78,16.67,1,1575,1647,CIRCLE@59°
1174584.799,CIRCLE_1,12.71,18.78,16.87,1,1575,1647,CIRCLE@59°
1174584.819,CIRCLE_1,12.71,18.79,17.06,1,1575,1647,CIRCLE@59°
1174584.840,CIRCLE_1,12.77,18.77,17.23,1,1575,1647,CIRCLE@59°
1174584.861,CIRCLE_1,12.77,18.78,17.43,1,1575,1647,CIRCLE@60°
1174584.881,CIRCLE_1,12.77,18.79,17.62,1,1575,1647,CIRCLE@60°
1174584.903,CIRCLE_1,12.77,18.79,17.83,1,1575,1647,CIRCLE@60°
1174584.923,CIRCLE_1,12.77,18.80,18.03,1,1575,1647,CIRCLE@60°
1174584.944,CIRCLE_1,12.84,18.78,18.22,1,1575,1647,CIRCLE@61°
1174584.964,CIRCLE_1,12.84,18.78,18.42,1,1575,1647,CIRCLE@61°
1174584.985,CIRCLE_1,12.84,18.79,18.61,1,1575,1647,CIRCLE@61°
1174585.005,CIRCLE_1,12.84,18.80,18.80,1,1575,1647,CIRCLE@61°
1174585.025,CIRCLE_1,12.84,18.80,19.00,1,1575,1647,CIRCLE@62°
1174585.046,CIRCLE_1,12.84,18.81,19.20,1,1575,1647,CIRCLE@62°
1174585.066,CIRCLE_1,12.84,18.81,19.39,1,1575,1647,CIRCLE@62°
1174585.086,CIRCLE_1,12.84,18.82,19.58,1,1575,1647,CIRCLE@62°
1174585.107,CIRCLE_1,12.84,18.83,19.78,1,1575,1647,CIRCLE@63°
1174585.127,CIRCLE_1,12.84,18.83,19.97,1,1575,1647,CIRCLE@63°
1174585.147,CIRCLE_1,12.90,18.81,16.13,1,1575,1647,CIRCLE@63°
1174585.168,CIRCLE_1,12.90,18.81,16.33,1,1575,1647,CIRCLE@63°
1174585.188,CIRCLE_1,12.90,18.82,16.52,1,1575,1647,CIRCLE@64°
1174585.208,CIRCLE_1,12.90,18.82,16.72,1,1575,1647,CIRCLE@64°
1174585.229,CIRCLE_1,12.90,18.83,16.91,1,1575,1647,CIRCLE@64°
1174585.249,CIRCLE_1,12.96,18.81,17.08,1,1575,1647,CIRCLE@64°
1174585.269,CIRCLE_1,12.96,18.81,17.27,1,1575,1647,CIRCLE@65°
1174585.290,CIRCLE_1,12.96,18.82,17.47,1,1575,1647,CIRCLE@65°
1174585.310,CIRCLE_1,12.96,18.82,17.66,1,1575,1647,CIRCLE@65°
1174585.330,CIRCLE_1,12.96,18.83,17.86,1,1575,1647,CIRCLE@65°
1174585.350,CIRCLE_1,13.03,18.80,18.05,1,1575,1646,CIRCLE@65°
1174585.371,CIRCLE_1,13.03,18.80,18.24,1,1575,1646,CIRCLE@66°
1174585.392,CIRCLE_1,13.03,18.81,18.44,1,1575,1646,CIRCLE@66°
1174585.412,CIRCLE_1,13.03,18.81,18.64,1,1575,1646,CIRCLE@66°
1174585.432,CIRCLE_1,13.03,18.82,18.83,1,1575,1646,CIRCLE@66°
1174585.453,CIRCLE_1,13.03,18.82,19.03,1,1575,1646,CIRCLE@67°
1174585.473,CIRCLE_1,13.03,18.83,19.22,1,1575,1646,CIRCLE@67°
1174585.494,CIRCLE_1,13.03,18.83,19.42,1,1575,1646,CIRCLE@67°
1174585.515,CIRCLE_1,13.03,18.84,19.62,1,1575,1646,CIRCLE@67°
1174585.535,CIRCLE_1,13.03,18.84,19.81,1,1575,1646,CIRCLE@68°
1174585.555,CIRCLE_1,13.09,18.82,19.98,1,1575,1646,CIRCLE@68°
1174585.576,CIRCLE_1,13.09,18.83,20.19,1,1575,1646,CIRCLE@68°
1174585.596,CIRCLE_1,13.09,18.83,20.38,1,1575,1646,CIRCLE@68°
1174585.617,CIRCLE_1,13.09,18.84,20.58,1,1575,1646,CIRCLE@69°
1174585.637,CIRCLE_1,13.09,18.84,20.78,1,1575,1646,CIRCLE@69°
1174585.658,CIRCLE_1,13.15,18.81,16.97,1,1575,1646,CIRCLE@69°
1174585.678,CIRCLE_1,13.15,18.81,17.17,1,1575,1646,CIRCLE@69°
1174585.699,CIRCLE_1,13.15,18.82,17.36,1,1575,1646,CIRCLE@70°
1174585.719,CIRCLE_1,13.15,18.82,17.56,1,1575,1646,CIRCLE@70°
1174585.739,CIRCLE_1,13.15,18.82,17.75,1,1575,1646,CIRCLE@70°
1174585.760,CIRCLE_1,13.21,18.80,17.93,1,1575,1646,CIRCLE@70°
1174585.780,CIRCLE_1,13.21,18.81,18.13,1,1575,1646,CIRCLE@71°
1174585.801,CIRCLE_1,13.21,18.81,18.32,1,1575,1646,CIRCLE@71°
1174585.821,CIRCLE_1,13.21,18.82,18.52,1,1575,1646,CIRCLE@71°
1174585.843,CIRCLE_1,13.21,18.82,18.73,1,1575,1646,CIRCLE@71°
1174585.863,CIRCLE_1,13.21,18.82,18.92,1,1575,1646,CIRCLE@72°
1174585.883,CIRCLE_1,13.21,18.83,19.11,1,1575,1646,CIRCLE@72°
1174585.904,CIRCLE_1,13.21,18.83,19.31,1,1575,1646,CIRCLE@72°
1174585.924,CIRCLE_1,13.21,18.83,19.50,1,1575,1646,CIRCLE@72°
1174585.944,CIRCLE_1,13.21,18.84,19.70,1,1575,1646,CIRCLE@73°
1174585.965,CIRCLE_1,13.27,18.80,19.91,1,1575,1646,CIRCLE@73°
1174585.985,CIRCLE_1,13.27,18.81,20.10,1,1575,1646,CIRCLE@73°
1174586.006,CIRCLE_1,13.27,18.81,20.30,1,1575,1646,CIRCLE@73°
1174586.027,CIRCLE_1,13.27,18.81,20.50,1,1575,1646,CIRCLE@74°
1174586.047,CIRCLE_1,13.27,18.82,20.70,1,1575,1646,CIRCLE@74°
1174586.068,CIRCLE_1,13.33,18.79,20.87,1,1575,1646,CIRCLE@74°
1174586.088,CIRCLE_1,13.33,18.79,21.07,1,1575,1646,CIRCLE@74°
1174586.108,CIRCLE_1,13.33,18.79,21.26,1,1575,1646,CIRCLE@75°
1174586.129,CIRCLE_1,13.33,18.80,21.46,1,1575,1646,CIRCLE@75°
1174586.150,CIRCLE_1,13.33,18.80,21.66,1,1575,1646,CIRCLE@75°
1174586.171,CIRCLE_1,13.38,18.78,16.88,1,1575,1645,CIRCLE@75°
1174586.191,CIRCLE_1,13.38,18.78,17.08,1,1575,1645,CIRCLE@76°
1174586.212,CIRCLE_1,13.38,18.78,17.27,1,1575,1645,CIRCLE@76°
1174586.232,CIRCLE_1,13.38,18.78,17.47,1,1575,1645,CIRCLE@76°
1174586.253,CIRCLE_1,13.38,18.79,17.67,1,1575,1645,CIRCLE@76°
1174586.273,CIRCLE_1,13.44,18.76,17.84,1,1575,1645,CIRCLE@77°
1174586.293,CIRCLE_1,13.44,18.76,18.04,1,1575,1645,CIRCLE@77°
1174586.314,CIRCLE_1,13.44,18.76,18.24,1,1575,1645,CIRCLE@77°
1174586.334,CIRCLE_1,13.44,18.76,18.44,1,1575,1645,CIRCLE@77°
1174586.355,CIRCLE_1,13.44,18.77,18.63,1,1575,1645,CIRCLE@78°
1174586.376,CIRCLE_1,13.44,18.77,18.83,1,1575,1645,CIRCLE@78°
1174586.396,CIRCLE_1,13.44,18.77,19.03,1,1575,1645,CIRCLE@78°
1174586.417,CIRCLE_1,13.44,18.77,19.23,1,1575,1645,CIRCLE@78°
1174586.437,CIRCLE_1,13.44,18.77,19.42,1,1575,1645,CIRCLE@79°
1174586.457,CIRCLE_1,13.44,18.78,19.62,1,1575,1645,CIRCLE@79°
1174586.478,CIRCLE_1,13.49,18.74,19.84,1,1575,1645,CIRCLE@79°
1174586.498,CIRCLE_1,13.49,18.75,20.03,1,1575,1645,CIRCLE@79°
1174586.519,CIRCLE_1,13.49,18.75,20.23,1,1575,1645,CIRCLE@80°
1174586.539,CIRCLE_1,13.49,18.75,20.43,1,1575,1645,CIRCLE@80°
1174586.560,CIRCLE_1,13.49,18.75,20.63,1,1575,1645,CIRCLE@80°
1174586.581,CIRCLE_1,13.55,18.72,20.81,1,1575,1645,CIRCLE@80°
1174586.601,CIRCLE_1,13.55,18.72,21.01,1,1575,1645,CIRCLE@80°
1174586.621,CIRCLE_1,13.55,18.72,21.20,1,1575,1645,CIRCLE@81°
1174586.642,CIRCLE_1,13.55,18.72,21.40,1,1575,1645,CIRCLE@81°
1174586.662,CIRCLE_1,13.55,18.73,21.60,1,1575,1645,CIRCLE@81°
1174586.682,CIRCLE_1,13.60,18.70,21.82,1,1575,1645,CIRCLE@81°
1174586.703,CIRCLE_1,13.60,18.70,22.02,1,1575,1645,CIRCLE@82°
1174586.724,CIRCLE_1,13.60,18.70,22.22,1,1575,1645,CIRCLE@82°
1174586.744,CIRCLE_1,13.60,18.71,22.42,1,1575,1645,CIRCLE@82°
1174586.765,CIRCLE_1,13.60,18.71,22.62,1,1575,1645,CIRCLE@82°
1174586.785,CIRCLE_1,13.65,18.67,17.84,1,1575,1645,CIRCLE@83°
1174586.806,CIRCLE_1,13.65,18.67,18.04,1,1575,1645,CIRCLE@83°
1174586.827,CIRCLE_1,13.65,18.68,18.24,1,1575,1645,CIRCLE@83°
1174586.847,CIRCLE_1,13.65,18.68,18.44,1,1575,1645,CIRCLE@83°
1174586.867,CIRCLE_1,13.65,18.68,18.64,1,1575,1645,CIRCLE@84°
1174586.888,CIRCLE_1,13.65,18.68,18.84,1,1575,1645,CIRCLE@84°
1174586.909,CIRCLE_1,13.65,18.68,19.03,1,1575,1645,CIRCLE@84°
1174586.929,CIRCLE_1,13.65,18.68,19.23,1,1575,1645,CIRCLE@84°
1174586.949,CIRCLE_1,13.65,18.68,19.43,1,1575,1645,CIRCLE@85°
1174586.970,CIRCLE_1,13.65,18.68,19.63,1,1575,1645,CIRCLE@85°
1174586.990,CIRCLE_1,13.71,18.65,19.82,1,1575,1644,CIRCLE@85°
1174587.011,CIRCLE_1,13.71,18.65,20.02,1,1575,1644,CIRCLE@85°
1174587.031,CIRCLE_1,13.71,18.65,20.22,1,1575,1644,CIRCLE@86°
1174587.052,CIRCLE_1,13.71,18.65,20.41,1,1575,1644,CIRCLE@86°
1174587.072,CIRCLE_1,13.71,18.65,20.61,1,1575,1644,CIRCLE@86°
1174587.093,CIRCLE_1,13.75,18.62,20.84,1,1574,1644,CIRCLE@86°
1174587.113,CIRCLE_1,13.75,18.62,21.04,1,1574,1644,CIRCLE@87°
1174587.134,CIRCLE_1,13.75,18.62,21.24,1,1574,1644,CIRCLE@87°
1174587.155,CIRCLE_1,13.75,18.62,21.45,1,1574,1644,CIRCLE@87°
1174587.175,CIRCLE_1,13.75,18.62,21.65,1,1574,1644,CIRCLE@87°
1174587.196,CIRCLE_1,13.81,18.59,21.88,1,1574,1644,CIRCLE@88°
1174587.216,CIRCLE_1,13.81,18.59,22.08,1,1574,1644,CIRCLE@88°
1174587.237,CIRCLE_1,13.81,18.59,22.28,1,1574,1644,CIRCLE@88°
1174587.257,CIRCLE_1,13.81,18.59,22.48,1,1574,1644,CIRCLE@88°
1174587.278,CIRCLE_1,13.81,18.59,22.68,1,1574,1644,CIRCLE@89°
1174587.298,CIRCLE_1,13.81,18.59,16.87,1,1574,1644,CIRCLE@89°
1174587.319,CIRCLE_1,13.81,18.59,17.07,1,1574,1644,CIRCLE@89°
1174587.339,CIRCLE_1,13.81,18.59,17.27,1,1574,1644,CIRCLE@89°
1174587.360,CIRCLE_1,13.81,18.59,17.47,1,1574,1644,CIRCLE@90°
1174587.380,CIRCLE_1,13.81,18.59,17.67,1,1574,1644,CIRCLE@90°
1174587.401,CIRCLE_1,13.85,18.55,17.87,1,1574,1644,CIRCLE@90°
1174587.422,CIRCLE_1,13.85,18.55,18.08,1,1574,1644,CIRCLE@90°
1174587.443,CIRCLE_1,13.85,18.55,18.28,1,1574,1644,CIRCLE@91°
1174587.463,CIRCLE_1,13.85,18.55,18.48,1,1574,1644,CIRCLE@91°
1174587.483,CIRCLE_1,13.85,18.55,18.68,1,1574,1644,CIRCLE@91°
1174587.504,CIRCLE_1,13.90,18.52,18.91,1,1574,1644,CIRCLE@91°
1174587.524,CIRCLE_1,13.90,18.52,19.11,1,1574,1644,CIRCLE@92°
1174587.544,CIRCLE_1,13.90,18.52,19.31,1,1574,1644,CIRCLE@92°
1174587.564,CIRCLE_1,13.90,18.52,19.51,1,1574,1644,CIRCLE@92°
1174587.585,CIRCLE_1,13.90,18.52,19.71,1,1574,1644,CIRCLE@92°
1174587.605,CIRCLE_1,13.95,18.48,19.94,1,1574,1644,CIRCLE@93°
1174587.626,CIRCLE_1,13.95,18.48,20.15,1,1574,1644,CIRCLE@93°
1174587.647,CIRCLE_1,13.95,18.48,20.35,1,1574,1644,CIRCLE@93°
1174587.667,CIRCLE_1,13.95,18.48,20.55,1,1574,1644,CIRCLE@93°
1174587.688,CIRCLE_1,13.95,18.48,20.75,1,1574,1644,CIRCLE@94°
1174587.708,CIRCLE_1,13.95,18.48,20.95,1,1574,1644,CIRCLE@94°
1174587.729,CIRCLE_1,13.95,18.48,21.15,1,1574,1644,CIRCLE@94°
1174587.749,CIRCLE_1,13.95,18.48,21.35,1,1574,1644,CIRCLE@94°
1174587.769,CIRCLE_1,13.95,18.48,21.55,1,1574,1644,CIRCLE@95°
1174587.790,CIRCLE_1,13.95,18.47,21.75,1,1574,1644,CIRCLE@95°
1174587.811,CIRCLE_1,13.99,18.43,22.00,1,1574,1644,CIRCLE@95°
1174587.831,CIRCLE_1,13.99,18.43,22.20,1,1574,1644,CIRCLE@95°
1174587.851,CIRCLE_1,13.99,18.43,22.40,1,1574,1644,CIRCLE@96°
1174587.872,CIRCLE_1,13.99,18.43,22.60,1,1574,1644,CIRCLE@96°
1174587.893,CIRCLE_1,13.99,18.43,22.81,1,1574,1644,CIRCLE@96°
1174587.913,CIRCLE_1,14.04,18.39,18.02,1,1574,1643,CIRCLE@96°
1174587.934,CIRCLE_1,14.04,18.39,18.22,1,1574,1643,CIRCLE@96°
1174587.954,CIRCLE_1,14.04,18.39,18.42,1,1574,1643,CIRCLE@97°
1174587.975,CIRCLE_1,14.04,18.39,18.62,1,1574,1643,CIRCLE@97°
1174587.996,CIRCLE_1,14.04,18.39,18.82,1,1574,1643,CIRCLE@97°
1174588.016,CIRCLE_1,14.08,18.35,19.07,1,1573,1643,CIRCLE@97°
1174588.037,CIRCLE_1,14.08,18.35,19.28,1,1573,1643,CIRCLE@98°
1174588.057,CIRCLE_1,14.08,18.35,19.48,1,1573,1643,CIRCLE@98°
1174588.077,CIRCLE_1,14.08,18.35,19.68,1,1573,1643,CIRCLE@98°
1174588.098,CIRCLE_1,14.08,18.35,19.88,1,1573,1643,CIRCLE@98°
1174588.118,CIRCLE_1,14.08,18.35,20.08,1,1573,1643,CIRCLE@99°
1174588.139,CIRCLE_1,14.08,18.34,20.28,1,1573,1643,CIRCLE@99°
1174588.159,CIRCLE_1,14.08,18.34,20.48,1,1573,1643,CIRCLE@99°
1174588.180,CIRCLE_1,14.08,18.34,20.69,1,1573,1643,CIRCLE@99°
1174588.200,CIRCLE_1,14.08,18.34,20.89,1,1573,1643,CIRCLE@100°
1174588.220,CIRCLE_1,14.12,18.30,21.14,1,1573,1643,CIRCLE@100°
1174588.241,CIRCLE_1,14.12,18.30,21.34,1,1573,1643,CIRCLE@100°
1174588.261,CIRCLE_1,14.12,18.30,21.54,1,1573,1643,CIRCLE@100°
1174588.281,CIRCLE_1,14.12,18.30,21.74,1,1573,1643,CIRCLE@101°
1174588.302,CIRCLE_1,14.12,18.30,21.94,1,1573,1643,CIRCLE@101°
1174588.322,CIRCLE_1,14.16,18.26,22.20,1,1573,1643,CIRCLE@101°
1174588.343,CIRCLE_1,14.16,18.25,22.40,1,1573,1643,CIRCLE@101°
1174588.364,CIRCLE_1,14.16,18.25,22.61,1,1573,1643,CIRCLE@102°
1174588.384,CIRCLE_1,14.16,18.25,22.81,1,1573,1643,CIRCLE@102°
1174588.404,CIRCLE_1,14.16,18.25,23.01,1,1573,1643,CIRCLE@102°
1174588.426,CIRCLE_1,14.20,18.21,18.25,1,1573,1643,CIRCLE@102°
1174588.446,CIRCLE_1,14.20,18.21,18.45,1,1573,1643,CIRCLE@103°
1174588.467,CIRCLE_1,14.20,18.21,18.65,1,1573,1643,CIRCLE@103°
1174588.488,CIRCLE_1,14.20,18.20,18.87,1,1573,1643,CIRCLE@103°
1174588.509,CIRCLE_1,14.20,18.20,19.07,1,1573,1643,CIRCLE@103°
1174588.530,CIRCLE_1,14.23,18.18,19.33,1,1573,1643,CIRCLE@104°
1174588.551,CIRCLE_1,14.23,18.17,19.54,1,1573,1643,CIRCLE@104°
1174588.572,CIRCLE_1,14.23,18.17,19.75,1,1573,1643,CIRCLE@104°
1174588.593,CIRCLE_1,14.23,18.17,19.95,1,1573,1643,CIRCLE@104°
1174588.621,CIRCLE_1,14.23,18.16,20.23,1,1573,1643,CIRCLE@105°
1174588.641,CIRCLE_1,14.23,18.16,20.43,1,1573,1643,CIRCLE@105°
1174588.662,CIRCLE_1,14.23,18.16,20.64,1,1573,1643,CIRCLE@105°
1174588.682,CIRCLE_1,14.23,18.16,20.84,1,1573,1643,CIRCLE@105°
1174588.703,CIRCLE_1,14.23,18.15,21.05,1,1573,1643,CIRCLE@106°
1174588.723,CIRCLE_1,14.23,18.15,21.25,1,1573,1643,CIRCLE@106°
1174588.743,CIRCLE_1,14.26,18.12,21.47,1,1572,1643,CIRCLE@106°
1174588.763,CIRCLE_1,14.26,18.12,21.67,1,1572,1643,CIRCLE@106°
1174588.785,CIRCLE_1,14.26,18.12,21.88,1,1572,1643,CIRCLE@107°
1174588.805,CIRCLE_1,14.26,18.11,22.09,1,1572,1643,CIRCLE@107°
1174588.825,CIRCLE_1,14.26,18.11,22.29,1,1572,1643,CIRCLE@107°
1174588.846,CIRCLE_1,14.28,18.09,22.55,1,1572,1643,CIRCLE@107°
1174588.866,CIRCLE_1,14.28,18.08,22.75,1,1572,1643,CIRCLE@108°
1174588.886,CIRCLE_1,14.28,18.08,22.96,1,1572,1643,CIRCLE@108°
1174588.907,CIRCLE_1,14.28,18.08,23.16,1,1572,1643,CIRCLE@108°
1174588.928,CIRCLE_1,14.28,18.07,23.37,1,1572,1643,CIRCLE@108°
1174588.948,CIRCLE_1,14.32,18.04,23.63,1,1572,1643,CIRCLE@109°
1174588.968,CIRCLE_1,14.32,18.04,23.84,1,1572,1643,CIRCLE@109°
1174588.989,CIRCLE_1,14.32,18.03,24.04,1,1572,1643,CIRCLE@109°
1174589.009,CIRCLE_1,14.32,18.03,24.25,1,1572,1643,CIRCLE@109°
1174589.031,CIRCLE_1,14.32,18.03,24.47,1,1572,1643,CIRCLE@110°
1174589.051,CIRCLE_1,14.34,18.00,19.69,1,1572,1642,CIRCLE@110°
1174589.072,CIRCLE_1,14.34,18.00,19.90,1,1572,1642,CIRCLE@110°
1174589.092,CIRCLE_1,14.34,17.99,20.10,1,1572,1642,CIRCLE@110°
1174589.113,CIRCLE_1,14.34,17.99,20.31,1,1572,1642,CIRCLE@111°
1174589.133,CIRCLE_1,14.34,17.99,20.51,1,1572,1642,CIRCLE@111°
1174589.154,CIRCLE_1,14.34,17.98,20.72,1,1572,1642,CIRCLE@111°
1174589.174,CIRCLE_1,14.34,17.98,20.92,1,1572,1642,CIRCLE@111°
1174589.195,CIRCLE_1,14.34,17.97,21.13,1,1572,1642,CIRCLE@112°
1174589.215,CIRCLE_1,14.34,17.97,21.33,1,1572,1642,CIRCLE@112°
1174589.235,CIRCLE_1,14.34,17.97,21.54,1,1572,1642,CIRCLE@112°
1174589.256,CIRCLE_1,14.38,17.94,21.81,1,1572,1642,CIRCLE@112°
1174589.276,CIRCLE_1,14.38,17.93,22.02,1,1572,1642,CIRCLE@113°
1174589.298,CIRCLE_1,14.38,17.93,22.24,1,1572,1642,CIRCLE@113°
1174589.318,CIRCLE_1,14.38,17.92,22.44,1,1572,1642,CIRCLE@113°
1174589.339,CIRCLE_1,14.38,17.92,22.65,1,1572,1642,CIRCLE@113°
1174589.359,CIRCLE_1,14.41,17.88,22.93,1,1572,1642,CIRCLE@114°
1174589.380,CIRCLE_1,14.41,17.88,23.14,1,1572,1642,CIRCLE@114°
1174589.400,CIRCLE_1,14.41,17.87,23.35,1,1571,1642,CIRCLE@114°
1174589.421,CIRCLE_1,14.41,17.87,23.55,1,1571,1642,CIRCLE@114°
1174589.441,CIRCLE_1,14.41,17.86,23.76,1,1571,1642,CIRCLE@115°
1174589.462,CIRCLE_1,14.41,17.86,23.97,1,1571,1642,CIRCLE@115°
1174589.482,CIRCLE_1,14.41,17.86,24.18,1,1571,1642,CIRCLE@115°
1174589.503,CIRCLE_1,14.41,17.85,24.39,1,1571,1642,CIRCLE@115°
1174589.524,CIRCLE_1,14.41,17.85,24.59,1,1571,1642,CIRCLE@116°
1174589.544,CIRCLE_1,14.41,17.84,24.80,1,1571,1642,CIRCLE@116°
1174589.565,CIRCLE_1,14.45,17.81,25.05,0,1500,1642,CIRCLE@116°
1174589.585,CIRCLE_1,14.45,17.80,25.26,0,1500,1642,CIRCLE@116°
1174589.606,CIRCLE_1,14.45,17.80,25.46,0,1500,1642,CIRCLE@117°
1174589.626,CIRCLE_1,14.45,17.79,25.67,0,1500,1642,CIRCLE@117°
1174589.647,CIRCLE_1,14.45,17.79,25.88,0,1500,1642,CIRCLE@117°
1174589.667,CIRCLE_1,14.48,17.75,19.17,1,1571,1642,CIRCLE@117°
1174589.687,CIRCLE_1,14.48,17.75,19.38,1,1571,1642,CIRCLE@118°
1174589.708,CIRCLE_1,14.48,17.74,19.59,1,1571,1642,CIRCLE@118°
1174589.729,CIRCLE_1,14.48,17.74,19.80,1,1571,1642,CIRCLE@118°
1174589.749,CIRCLE_1,14.48,17.73,20.01,1,1571,1642,CIRCLE@118°
1174589.770,CIRCLE_1,14.50,17.70,20.25,1,1571,1642,CIRCLE@119°
1174589.790,CIRCLE_1,14.50,17.70,20.46,1,1571,1642,CIRCLE@119°
1174589.811,CIRCLE_1,14.50,17.70,20.67,1,1571,1642,CIRCLE@119°
1174589.831,CIRCLE_1,14.50,17.69,20.88,1,1571,1642,CIRCLE@119°
1174589.852,CIRCLE_1,14.50,17.69,21.09,1,1571,1642,CIRCLE@120°
1174589.872,CIRCLE_1,14.50,17.68,21.30,1,1571,1642,CIRCLE@120°
1174589.893,CIRCLE_1,14.50,17.68,21.51,1,1571,1642,CIRCLE@120°
1174589.913,CIRCLE_1,14.50,17.67,21.72,1,1571,1642,CIRCLE@120°
1174589.934,CIRCLE_1,14.50,17.67,21.92,1,1571,1642,CIRCLE@120°
1174589.955,CIRCLE_1,14.50,17.66,22.13,1,1571,1642,CIRCLE@121°
1174589.975,CIRCLE_1,14.53,17.63,22.42,1,1571,1642,CIRCLE@121°
1174589.995,CIRCLE_1,14.53,17.63,22.63,1,1571,1642,CIRCLE@121°
1174590.016,CIRCLE_1,14.53,17.62,22.84,1,1570,1642,CIRCLE@121°
1174590.036,CIRCLE_1,14.53,17.62,23.05,1,1570,1642,CIRCLE@122°
1174590.057,CIRCLE_1,14.53,17.61,23.26,1,1570,1642,CIRCLE@122°
1174590.077,CIRCLE_1,14.55,17.58,23.55,1,1570,1642,CIRCLE@122°
1174590.098,CIRCLE_1,14.55,17.58,23.77,1,1570,1642,CIRCLE@122°
1174590.118,CIRCLE_1,14.55,17.57,23.97,1,1570,1642,CIRCLE@123°
1174590.139,CIRCLE_1,14.55,17.57,24.18,1,1570,1642,CIRCLE@123°
1174590.160,CIRCLE_1,14.55,17.56,24.40,1,1570,1642,CIRCLE@123°
1174590.181,CIRCLE_1,14.57,17.53,24.65,1,1570,1642,CIRCLE@123°
1174590.201,CIRCLE_1,14.57,17.53,24.86,1,1570,1642,CIRCLE@124°
1174590.221,CIRCLE_1,14.57,17.52,25.07,0,1500,1642,CIRCLE@124°
1174590.242,CIRCLE_1,14.57,17.52,25.28,0,1500,1642,CIRCLE@124°
1174590.262,CIRCLE_1,14.57,17.51,25.49,0,1500,1642,CIRCLE@124°
1174590.283,CIRCLE_1,14.59,17.49,19.77,1,1570,1642,CIRCLE@125°
1174590.303,CIRCLE_1,14.59,17.49,19.98,1,1570,1642,CIRCLE@125°
1174590.323,CIRCLE_1,14.59,17.48,20.19,1,1570,1642,CIRCLE@125°
1174590.344,CIRCLE_1,14.59,17.48,20.40,1,1570,1642,CIRCLE@125°
1174590.364,CIRCLE_1,14.59,17.47,20.61,1,1570,1642,CIRCLE@126°
1174590.385,CIRCLE_1,14.61,17.44,20.88,1,1570,1642,CIRCLE@126°
1174590.406,CIRCLE_1,14.61,17.43,21.09,1,1570,1642,CIRCLE@126°
1174590.426,CIRCLE_1,14.61,17.42,21.31,1,1570,1642,CIRCLE@126°
1174590.447,CIRCLE_1,14.61,17.42,21.52,1,1570,1642,CIRCLE@127°
1174590.467,CIRCLE_1,14.61,17.41,21.73,1,1570,1642,CIRCLE@127°
1174590.487,CIRCLE_1,14.64,17.38,22.04,1,1570,1642,CIRCLE@127°
1174590.508,CIRCLE_1,14.64,17.37,22.26,1,1569,1642,CIRCLE@127°
