mono_t,phase,rel_alt_m,distance_m,h_err_deg,yaw_aligned,pitch_us,throttle_us,target
1188698.368,X_LEG_1,14.26,42.74,-43.89,0,1500,1643,NE
1188698.388,X_LEG_1,14.26,42.74,-43.89,0,1500,1643,NE
1188698.409,X_LEG_1,14.26,42.74,-43.89,0,1500,1643,NE
1188698.429,X_LEG_1,14.26,42.74,-43.89,0,1500,1643,NE
1188698.449,X_LEG_1,14.26,42.74,-43.89,0,1500,1643,NE
1188698.470,X_LEG_1,14.26,42.74,-43.89,0,1500,1643,NE
1188698.490,X_LEG_1,14.26,42.74,-43.89,0,1500,1643,NE
1188698.510,X_LEG_1,14.26,42.74,-43.89,0,1500,1643,NE
1188698.531,X_LEG_1,14.26,42.74,-43.89,0,1500,1643,NE
1188698.551,X_LEG_1,14.26,42.74,-43.89,0,1500,1643,NE
1188698.572,X_LEG_1,14.54,42.74,-43.89,0,1500,1642,NE
1188698.592,X_LEG_1,14.54,42.74,-43.89,0,1500,1642,NE
1188698.612,X_LEG_1,14.54,42.74,-43.89,0,1500,1642,NE
1188698.633,X_LEG_1,14.54,42.74,-43.89,0,1500,1642,NE
1188698.654,X_LEG_1,14.54,42.74,-43.89,0,1500,1642,NE
1188698.674,X_LEG_1,14.81,42.74,-43.89,0,1500,1641,NE
1188698.695,X_LEG_1,14.81,42.74,-43.89,0,1500,1641,NE
1188698.716,X_LEG_1,14.81,42.74,-43.89,0,1500,1641,NE
1188698.736,X_LEG_1,14.81,42.74,-43.89,0,1500,1641,NE
1188698.756,X_LEG_1,14.81,42.74,-43.89,0,1500,1641,NE
1188698.776,X_LEG_1,15.09,42.74,-43.89,0,1500,1641,NE
1188698.796,X_LEG_1,15.09,42.74,-43.89,0,1500,1641,NE
1188698.817,X_LEG_1,15.09,42.74,-43.89,0,1500,1641,NE
1188698.837,X_LEG_1,15.09,42.74,-43.89,0,1500,1641,NE
1188698.857,X_LEG_1,15.09,42.74,-43.89,0,1500,1641,NE
1188698.878,X_LEG_1,15.37,42.75,-28.88,0,1500,1640,NE
1188698.898,X_LEG_1,15.37,42.75,-28.88,0,1500,1640,NE
1188698.918,X_LEG_1,15.37,42.75,-28.88,0,1500,1640,NE
1188698.939,X_LEG_1,15.37,42.75,-28.88,0,1500,1640,NE
1188698.959,X_LEG_1,15.37,42.75,-28.88,0,1500,1640,NE
1188698.980,X_LEG_1,15.64,42.75,-28.88,0,1500,1640,NE
1188699.001,X_LEG_1,15.64,42.75,-28.88,0,1500,1640,NE
1188699.021,X_LEG_1,15.64,42.75,-28.88,0,1500,1640,NE
1188699.042,X_LEG_1,15.64,42.75,-28.88,0,1500,1640,NE
1188699.063,X_LEG_1,15.64,42.75,-28.88,0,1500,1640,NE
1188699.083,X_LEG_1,15.92,42.75,-28.88,0,1500,1639,NE
1188699.103,X_LEG_1,15.92,42.75,-28.88,0,1500,1639,NE
1188699.124,X_LEG_1,15.92,42.75,-28.88,0,1500,1639,NE
1188699.144,X_LEG_1,15.92,42.75,-28.88,0,1500,1639,NE
1188699.165,X_LEG_1,15.92,42.75,-28.88,0,1500,1639,NE
1188699.185,X_LEG_1,16.19,42.75,-28.88,0,1500,1638,NE
1188699.206,X_LEG_1,16.19,42.75,-28.88,0,1500,1638,NE
1188699.226,X_LEG_1,16.19,42.75,-28.88,0,1500,1638,NE
1188699.247,X_LEG_1,16.19,42.75,-28.88,0,1500,1638,NE
1188699.267,X_LEG_1,16.19,42.75,-28.88,0,1500,1638,NE
1188699.288,X_LEG_1,16.19,42.75,-28.88,0,1500,1638,NE
1188699.308,X_LEG_1,16.19,42.75,-28.88,0,1500,1638,NE
1188699.329,X_LEG_1,16.19,42.75,-28.88,0,1500,1638,NE
1188699.349,X_LEG_1,16.19,42.75,-28.88,0,1500,1638,NE
1188699.369,X_LEG_1,16.19,42.75,-28.88,0,1500,1638,NE
1188699.389,X_LEG_1,16.46,42.74,2.13,1,1671,1679,NE
1188699.410,X_LEG_1,16.46,42.74,2.13,1,1671,1679,NE
1188699.430,X_LEG_1,16.46,42.74,2.13,1,1671,1679,NE
1188699.451,X_LEG_1,16.46,42.74,2.13,1,1671,1679,NE
1188699.471,X_LEG_1,16.46,42.74,2.13,1,1671,1679,NE
1188699.492,X_LEG_1,16.73,42.74,2.13,1,1671,1678,NE
1188699.512,X_LEG_1,16.73,42.74,2.13,1,1671,1678,NE
1188699.533,X_LEG_1,16.73,42.74,2.13,1,1671,1678,NE
1188699.553,X_LEG_1,16.73,42.74,2.13,1,1671,1678,NE
1188699.574,X_LEG_1,16.73,42.74,2.13,1,1671,1678,NE
1188699.595,X_LEG_1,17.00,42.74,2.13,1,1671,1677,NE
1188699.615,X_LEG_1,17.00,42.74,2.13,1,1671,1677,NE
1188699.636,X_LEG_1,17.00,42.74,2.13,1,1671,1677,NE
1188699.656,X_LEG_1,17.00,42.74,2.13,1,1671,1677,NE
1188699.677,X_LEG_1,17.00,42.74,2.13,1,1671,1677,NE
1188699.697,X_LEG_1,17.27,42.74,2.13,1,1671,1677,NE
1188699.718,X_LEG_1,17.27,42.74,2.13,1,1671,1677,NE
1188699.738,X_LEG_1,17.27,42.74,2.13,1,1671,1677,NE
1188699.759,X_LEG_1,17.27,42.74,2.13,1,1671,1677,NE
1188699.779,X_LEG_1,17.27,42.74,2.13,1,1671,1677,NE
1188699.800,X_LEG_1,17.54,42.74,2.13,1,1671,1676,NE
1188699.820,X_LEG_1,17.54,42.74,2.13,1,1671,1676,NE
1188699.841,X_LEG_1,17.54,42.74,2.13,1,1671,1676,NE
1188699.862,X_LEG_1,17.54,42.74,2.13,1,1671,1676,NE
1188699.882,X_LEG_1,17.54,42.74,2.13,1,1671,1676,NE
1188699.903,X_LEG_1,17.54,42.74,1.13,1,1671,1676,NE
1188699.924,X_LEG_1,17.54,42.74,1.13,1,1671,1676,NE
1188699.944,X_LEG_1,17.54,42.74,1.13,1,1671,1676,NE
1188699.965,X_LEG_1,17.54,42.74,1.13,1,1671,1676,NE
1188699.985,X_LEG_1,17.54,42.74,1.13,1,1671,1676,NE
1188700.005,X_LEG_1,17.81,42.74,1.12,1,1671,1675,NE
1188700.026,X_LEG_1,17.81,42.74,1.12,1,1671,1675,NE
1188700.047,X_LEG_1,17.81,42.74,1.12,1,1671,1675,NE
1188700.068,X_LEG_1,17.81,42.74,1.12,1,1671,1675,NE
1188700.088,X_LEG_1,17.81,42.74,1.12,1,1671,1675,NE
1188700.110,X_LEG_1,18.09,42.72,1.12,1,1671,1674,NE
1188700.131,X_LEG_1,18.09,42.72,1.12,1,1671,1674,NE
1188700.151,X_LEG_1,18.09,42.72,1.12,1,1671,1674,NE
1188700.171,X_LEG_1,18.09,42.72,1.12,1,1671,1674,NE
1188700.192,X_LEG_1,18.09,42.72,1.12,1,1671,1674,NE
1188700.212,X_LEG_1,18.30,42.71,1.13,1,1671,1674,NE
1188700.233,X_LEG_1,18.30,42.71,1.13,1,1671,1674,NE
1188700.253,X_LEG_1,18.30,42.71,1.13,1,1671,1674,NE
1188700.274,X_LEG_1,18.30,42.71,1.13,1,1671,1674,NE
1188700.295,X_LEG_1,18.30,42.71,1.13,1,1671,1674,NE
1188700.315,X_LEG_1,18.51,42.70,1.13,1,1671,1673,NE
1188700.337,X_LEG_1,18.51,42.70,1.13,1,1671,1673,NE
1188700.358,X_LEG_1,18.51,42.70,1.13,1,1671,1673,NE
1188700.378,X_LEG_1,18.51,42.70,1.13,1,1671,1673,NE
1188700.400,X_LEG_1,18.51,42.70,1.13,1,1671,1673,NE
1188700.421,X_LEG_1,18.51,42.70,1.13,1,1671,1673,NE
1188700.441,X_LEG_1,18.51,42.70,1.13,1,1671,1673,NE
1188700.463,X_LEG_1,18.51,42.70,1.13,1,1671,1673,NE
1188700.483,X_LEG_1,18.51,42.70,1.13,1,1671,1673,NE
1188700.504,X_LEG_1,18.51,42.70,1.13,1,1671,1673,NE
1188700.525,X_LEG_1,18.72,42.68,0.12,1,1671,1672,NE
1188700.545,X_LEG_1,18.72,42.68,0.12,1,1671,1672,NE
1188700.565,X_LEG_1,18.72,42.68,0.12,1,1671,1672,NE
1188700.586,X_LEG_1,18.72,42.68,0.12,1,1671,1672,NE
1188700.606,X_LEG_1,18.72,42.68,0.12,1,1671,1672,NE
1188700.626,X_LEG_1,18.93,42.66,0.12,1,1671,1672,NE
1188700.646,X_LEG_1,18.93,42.66,0.12,1,1671,1672,NE
1188700.667,X_LEG_1,18.93,42.66,0.12,1,1671,1672,NE
1188700.688,X_LEG_1,18.93,42.66,0.12,1,1671,1672,NE
1188700.708,X_LEG_1,18.93,42.66,0.12,1,1671,1672,NE
1188700.730,X_LEG_1,19.21,42.61,0.13,1,1670,1671,NE
1188700.750,X_LEG_1,19.21,42.61,0.13,1,1670,1671,NE
1188700.771,X_LEG_1,19.21,42.61,0.13,1,1670,1671,NE
1188700.791,X_LEG_1,19.21,42.61,0.13,1,1670,1671,NE
1188700.812,X_LEG_1,19.21,42.61,0.13,1,1670,1671,NE
1188700.832,X_LEG_1,19.49,42.57,0.13,1,1670,1670,NE
1188700.853,X_LEG_1,19.49,42.57,0.13,1,1670,1670,NE
1188700.873,X_LEG_1,19.49,42.57,0.13,1,1670,1670,NE
1188700.894,X_LEG_1,19.49,42.57,0.13,1,1670,1670,NE
1188700.914,X_LEG_1,19.49,42.57,0.13,1,1670,1670,NE
1188700.935,X_LEG_1,19.77,42.52,0.13,1,1670,1669,NE
1188700.955,X_LEG_1,19.77,42.52,0.13,1,1670,1669,NE
1188700.976,X_LEG_1,19.77,42.52,0.13,1,1670,1669,NE
1188700.997,X_LEG_1,19.77,42.52,0.13,1,1670,1669,NE
1188701.017,X_LEG_1,19.77,42.52,0.13,1,1670,1669,NE
1188701.037,X_LEG_1,19.77,42.52,1.13,1,1670,1669,NE
1188701.058,X_LEG_1,19.77,42.52,1.13,1,1670,1669,NE
1188701.078,X_LEG_1,19.77,42.52,1.13,1,1670,1669,NE
1188701.099,X_LEG_1,19.77,42.52,1.13,1,1670,1669,NE
1188701.119,X_LEG_1,19.77,42.52,1.13,1,1670,1669,NE
1188701.139,X_LEG_1,20.06,42.47,1.13,1,1670,1668,NE
1188701.159,X_LEG_1,20.06,42.47,1.13,1,1670,1668,NE
1188701.180,X_LEG_1,20.06,42.47,1.13,1,1670,1668,NE
1188701.200,X_LEG_1,20.06,42.47,1.13,1,1670,1668,NE
1188701.220,X_LEG_1,20.06,42.47,1.13,1,1670,1668,NE
1188701.241,X_LEG_1,20.34,42.41,1.13,1,1670,1667,NE
1188701.261,X_LEG_1,20.34,42.41,1.13,1,1670,1667,NE
1188701.282,X_LEG_1,20.34,42.41,1.13,1,1670,1667,NE
1188701.302,X_LEG_1,20.34,42.41,1.13,1,1670,1667,NE
1188701.323,X_LEG_1,20.34,42.41,1.13,1,1670,1667,NE
1188701.344,X_LEG_1,20.63,42.35,1.12,1,1669,1667,NE
1188701.364,X_LEG_1,20.63,42.35,1.12,1,1669,1667,NE
1188701.384,X_LEG_1,20.63,42.35,1.12,1,1669,1667,NE
1188701.405,X_LEG_1,20.63,42.35,1.12,1,1669,1667,NE
1188701.425,X_LEG_1,20.63,42.35,1.12,1,1669,1667,NE
1188701.446,X_LEG_1,20.91,42.27,1.13,1,1669,1666,NE
1188701.466,X_LEG_1,20.91,42.27,1.13,1,1669,1666,NE
1188701.486,X_LEG_1,20.91,42.27,1.13,1,1669,1666,NE
1188701.507,X_LEG_1,20.91,42.27,1.13,1,1669,1666,NE
1188701.527,X_LEG_1,20.91,42.27,1.13,1,1669,1666,NE
1188701.548,X_LEG_1,21.13,42.22,0.13,1,1669,1665,NE
1188701.568,X_LEG_1,21.13,42.22,0.13,1,1669,1665,NE
1188701.589,X_LEG_1,21.13,42.22,0.13,1,1669,1665,NE
1188701.610,X_LEG_1,21.13,42.22,0.13,1,1669,1665,NE
1188701.630,X_LEG_1,21.13,42.22,0.13,1,1669,1665,NE
1188701.651,X_LEG_1,21.13,42.22,0.13,1,1669,1665,NE
1188701.672,X_LEG_1,21.13,42.22,0.13,1,1669,1665,NE
1188701.692,X_LEG_1,21.13,42.22,0.13,1,1669,1665,NE
1188701.713,X_LEG_1,21.13,42.22,0.13,1,1669,1665,NE
1188701.734,X_LEG_1,21.13,42.22,0.13,1,1669,1665,NE
1188701.754,X_LEG_1,21.42,42.14,0.13,1,1669,1664,NE
1188701.775,X_LEG_1,21.42,42.14,0.13,1,1669,1664,NE
1188701.795,X_LEG_1,21.42,42.14,0.13,1,1669,1664,NE
1188701.815,X_LEG_1,21.42,42.14,0.13,1,1669,1664,NE
1188701.836,X_LEG_1,21.42,42.14,0.13,1,1669,1664,NE
1188701.856,X_LEG_1,21.70,42.05,0.14,1,1668,1663,NE
1188701.877,X_LEG_1,21.70,42.05,0.14,1,1668,1663,NE
1188701.897,X_LEG_1,21.70,42.05,0.14,1,1668,1663,NE
1188701.918,X_LEG_1,21.70,42.05,0.14,1,1668,1663,NE
1188701.938,X_LEG_1,21.70,42.05,0.14,1,1668,1663,NE
1188701.959,X_LEG_1,21.99,41.97,0.13,1,1668,1662,NE
1188701.979,X_LEG_1,21.99,41.97,0.13,1,1668,1662,NE
1188702.000,X_LEG_1,21.99,41.97,0.13,1,1668,1662,NE
1188702.020,X_LEG_1,21.99,41.97,0.13,1,1668,1662,NE
1188702.041,X_LEG_1,21.99,41.97,0.13,1,1668,1662,NE
1188702.061,X_LEG_1,22.28,41.88,0.13,1,1668,1661,NE
1188702.082,X_LEG_1,22.28,41.88,0.13,1,1668,1661,NE
1188702.102,X_LEG_1,22.28,41.88,0.13,1,1668,1661,NE
1188702.123,X_LEG_1,22.28,41.88,0.13,1,1668,1661,NE
1188702.144,X_LEG_1,22.28,41.88,0.13,1,1668,1661,NE
1188702.164,X_LEG_1,22.57,41.78,0.13,1,1667,1660,NE
1188702.185,X_LEG_1,22.57,41.78,0.13,1,1667,1660,NE
1188702.205,X_LEG_1,22.57,41.78,0.13,1,1667,1660,NE
1188702.225,X_LEG_1,22.57,41.78,0.13,1,1667,1660,NE
1188702.247,X_LEG_1,22.57,41.78,0.13,1,1667,1660,NE
1188702.267,X_LEG_1,22.79,41.70,0.13,1,1667,1659,NE
1188702.287,X_LEG_1,22.79,41.70,0.13,1,1667,1659,NE
1188702.307,X_LEG_1,22.79,41.70,0.13,1,1667,1659,NE
1188702.328,X_LEG_1,22.79,41.70,0.13,1,1667,1659,NE
1188702.349,X_LEG_1,22.79,41.70,0.13,1,1667,1659,NE
1188702.369,X_LEG_1,22.79,41.70,0.13,1,1667,1659,NE
1188702.389,X_LEG_1,22.79,41.70,0.13,1,1667,1659,NE
1188702.409,X_LEG_1,22.79,41.70,0.13,1,1667,1659,NE
1188702.429,X_LEG_1,22.79,41.70,0.13,1,1667,1659,NE
1188702.450,X_LEG_1,22.79,41.70,0.13,1,1667,1659,NE
1188702.470,X_LEG_1,23.00,41.62,0.13,1,1666,1658,NE
1188702.491,X_LEG_1,23.00,41.62,0.13,1,1666,1658,NE
1188702.511,X_LEG_1,23.00,41.62,0.13,1,1666,1658,NE
1188702.532,X_LEG_1,23.00,41.62,0.13,1,1666,1658,NE
1188702.552,X_LEG_1,23.00,41.62,0.13,1,1666,1658,NE
1188702.573,X_LEG_1,23.29,41.52,0.13,1,1666,1658,NE
1188702.594,X_LEG_1,23.29,41.52,0.13,1,1666,1658,NE
1188702.615,X_LEG_1,23.29,41.52,0.13,1,1666,1658,NE
1188702.635,X_LEG_1,23.29,41.52,0.13,1,1666,1658,NE
1188702.656,X_LEG_1,23.29,41.52,0.13,1,1666,1658,NE
1188702.676,X_LEG_1,23.51,41.42,0.13,1,1666,1657,NE
1188702.698,X_LEG_1,23.51,41.42,0.13,1,1666,1657,NE
1188702.718,X_LEG_1,23.51,41.42,0.13,1,1666,1657,NE
1188702.738,X_LEG_1,23.51,41.42,0.13,1,1666,1657,NE
1188702.759,X_LEG_1,23.51,41.42,0.13,1,1666,1657,NE
1188702.779,X_LEG_1,23.72,41.34,0.13,1,1665,1656,NE
1188702.799,X_LEG_1,23.72,41.34,0.13,1,1665,1656,NE
1188702.820,X_LEG_1,23.72,41.34,0.13,1,1665,1656,NE
1188702.841,X_LEG_1,23.72,41.34,0.13,1,1665,1656,NE
1188702.861,X_LEG_1,23.72,41.34,0.13,1,1665,1656,NE
1188702.882,X_LEG_1,23.94,41.25,0.13,1,1665,1656,NE
1188702.902,X_LEG_1,23.94,41.25,0.13,1,1665,1656,NE
1188702.923,X_LEG_1,23.94,41.25,0.13,1,1665,1656,NE
1188702.943,X_LEG_1,23.94,41.25,0.13,1,1665,1656,NE
1188702.963,X_LEG_1,23.94,41.25,0.13,1,1665,1656,NE
1188702.984,X_LEG_1,24.15,41.15,0.13,1,1665,1655,NE
1188703.005,X_LEG_1,24.15,41.15,0.13,1,1665,1655,NE
1188703.025,X_LEG_1,24.15,41.15,0.13,1,1665,1655,NE
1188703.046,X_LEG_1,24.15,41.15,0.13,1,1665,1655,NE
1188703.066,X_LEG_1,24.15,41.15,0.13,1,1665,1655,NE
1188703.086,X_LEG_1,24.15,41.15,0.13,1,1665,1655,NE
1188703.107,X_LEG_1,24.15,41.15,0.13,1,1665,1655,NE
1188703.127,X_LEG_1,24.15,41.15,0.13,1,1665,1655,NE
1188703.147,X_LEG_1,24.15,41.15,0.13,1,1665,1655,NE
1188703.168,X_LEG_1,24.15,41.15,0.13,1,1665,1655,NE
1188703.188,X_LEG_1,24.44,41.03,0.14,1,1664,1654,NE
1188703.208,X_LEG_1,24.44,41.03,0.14,1,1664,1654,NE
1188703.229,X_LEG_1,24.44,41.03,0.14,1,1664,1654,NE
1188703.249,X_LEG_1,24.44,41.03,0.14,1,1664,1654,NE
1188703.269,X_LEG_1,24.44,41.03,0.14,1,1664,1654,NE
1188703.290,X_LEG_1,24.73,40.90,0.13,1,1664,1652,NE
1188703.310,X_LEG_1,24.73,40.90,0.13,1,1664,1652,NE
1188703.331,X_LEG_1,24.73,40.90,0.13,1,1664,1652,NE
1188703.352,X_LEG_1,24.73,40.90,0.13,1,1664,1652,NE
1188703.372,X_LEG_1,24.73,40.90,0.13,1,1664,1652,NE
1188703.393,X_LEG_1,24.94,40.79,0.14,1,1663,1652,NE
1188703.413,X_LEG_1,24.94,40.79,0.14,1,1663,1652,NE
1188703.434,X_LEG_1,24.94,40.79,0.14,1,1663,1652,NE
1188703.455,X_LEG_1,24.94,40.79,0.14,1,1663,1652,NE
1188703.475,X_LEG_1,24.94,40.79,0.14,1,1663,1652,NE
1188703.496,X_LEG_1,25.15,40.69,0.13,1,1663,1651,NE
1188703.516,X_LEG_1,25.15,40.69,0.13,1,1663,1651,NE
1188703.537,X_LEG_1,25.15,40.69,0.13,1,1663,1651,NE
1188703.557,X_LEG_1,25.15,40.69,0.13,1,1663,1651,NE
1188703.578,X_LEG_1,25.15,40.69,0.13,1,1663,1651,NE
1188703.598,X_LEG_1,25.37,40.59,0.13,1,1662,1650,NE
1188703.619,X_LEG_1,25.37,40.59,0.13,1,1662,1650,NE
1188703.639,X_LEG_1,25.37,40.59,0.13,1,1662,1650,NE
1188703.659,X_LEG_1,25.37,40.59,0.13,1,1662,1650,NE
1188703.680,X_LEG_1,25.37,40.59,0.13,1,1662,1650,NE
1188703.700,X_LEG_1,25.58,40.48,0.14,1,1662,1650,NE
1188703.721,X_LEG_1,25.58,40.48,0.14,1,1662,1650,NE
1188703.741,X_LEG_1,25.58,40.48,0.14,1,1662,1650,NE
1188703.761,X_LEG_1,25.58,40.48,0.14,1,1662,1650,NE
1188703.782,X_LEG_1,25.58,40.48,0.14,1,1662,1650,NE
1188703.803,X_LEG_1,25.79,40.37,0.14,1,1661,1649,NE
1188703.823,X_LEG_1,25.79,40.37,0.14,1,1661,1649,NE
1188703.845,X_LEG_1,25.79,40.37,0.14,1,1661,1649,NE
1188703.865,X_LEG_1,25.79,40.37,0.14,1,1661,1649,NE
1188703.886,X_LEG_1,25.79,40.37,0.14,1,1661,1649,NE
1188703.907,X_LEG_1,25.79,40.37,0.14,1,1661,1649,NE
1188703.927,X_LEG_1,25.79,40.37,0.14,1,1661,1649,NE
1188703.947,X_LEG_1,25.79,40.37,0.14,1,1661,1649,NE
1188703.969,X_LEG_1,25.79,40.37,0.14,1,1661,1649,NE
1188703.989,X_LEG_1,25.79,40.37,0.14,1,1661,1649,NE
1188704.009,X_LEG_1,26.00,40.27,0.13,1,1661,1648,NE
1188704.029,X_LEG_1,26.00,40.27,0.13,1,1661,1648,NE
1188704.050,X_LEG_1,26.00,40.27,0.13,1,1661,1648,NE
1188704.070,X_LEG_1,26.00,40.27,0.13,1,1661,1648,NE
1188704.091,X_LEG_1,26.00,40.27,0.13,1,1661,1648,NE
1188704.111,X_LEG_1,26.21,40.15,0.14,1,1661,1648,NE
1188704.132,X_LEG_1,26.21,40.15,0.14,1,1661,1648,NE
1188704.152,X_LEG_1,26.21,40.15,0.14,1,1661,1648,NE
1188704.172,X_LEG_1,26.21,40.15,0.14,1,1661,1648,NE
1188704.193,X_LEG_1,26.21,40.15,0.14,1,1661,1648,NE
1188704.213,X_LEG_1,26.42,40.04,0.14,1,1660,1647,NE
1188704.234,X_LEG_1,26.42,40.04,0.14,1,1660,1647,NE
1188704.254,X_LEG_1,26.42,40.04,0.14,1,1660,1647,NE
1188704.275,X_LEG_1,26.42,40.04,0.14,1,1660,1647,NE
1188704.295,X_LEG_1,26.42,40.04,0.14,1,1660,1647,NE
1188704.315,X_LEG_1,26.42,40.04,0.14,1,1660,1647,NE
1188704.336,X_LEG_1,26.42,40.04,0.14,1,1660,1647,NE
1188704.357,X_LEG_1,26.42,40.04,0.14,1,1660,1647,NE
1188704.377,X_LEG_1,26.42,40.04,0.14,1,1660,1647,NE
1188704.398,X_LEG_1,26.42,40.04,0.14,1,1660,1647,NE
1188704.418,X_LEG_1,26.63,39.93,0.13,1,1660,1646,NE
1188704.439,X_LEG_1,26.63,39.93,0.13,1,1660,1646,NE
1188704.459,X_LEG_1,26.63,39.93,0.13,1,1660,1646,NE
1188704.480,X_LEG_1,26.63,39.93,0.13,1,1660,1646,NE
1188704.500,X_LEG_1,26.63,39.93,0.13,1,1660,1646,NE
1188704.520,X_LEG_1,26.84,39.80,0.14,1,1659,1645,NE
1188704.541,X_LEG_1,26.84,39.80,0.14,1,1659,1645,NE
1188704.562,X_LEG_1,26.84,39.80,0.14,1,1659,1645,NE
1188704.582,X_LEG_1,26.84,39.80,0.14,1,1659,1645,NE
1188704.603,X_LEG_1,26.84,39.80,0.14,1,1659,1645,NE
1188704.623,X_LEG_1,27.04,39.69,0.14,1,1659,1644,NE
1188704.643,X_LEG_1,27.04,39.69,0.14,1,1659,1644,NE
1188704.664,X_LEG_1,27.04,39.69,0.14,1,1659,1644,NE
1188704.684,X_LEG_1,27.04,39.69,0.14,1,1659,1644,NE
1188704.705,X_LEG_1,27.04,39.69,0.14,1,1659,1644,NE
1188704.725,X_LEG_1,27.25,39.57,0.14,1,1658,1644,NE
1188704.746,X_LEG_1,27.25,39.57,0.14,1,1658,1644,NE
1188704.766,X_LEG_1,27.25,39.57,0.14,1,1658,1644,NE
1188704.787,X_LEG_1,27.25,39.57,0.14,1,1658,1644,NE
1188704.809,X_LEG_1,27.25,39.57,0.14,1,1658,1644,NE
1188704.829,X_LEG_1,27.46,39.45,0.14,1,1658,1643,NE
1188704.849,X_LEG_1,27.46,39.45,0.14,1,1658,1643,NE
1188704.870,X_LEG_1,27.46,39.45,0.14,1,1658,1643,NE
1188704.890,X_LEG_1,27.46,39.45,0.14,1,1658,1643,NE
1188704.910,X_LEG_1,27.46,39.45,0.14,1,1658,1643,NE
1188704.931,X_LEG_1,27.66,39.33,0.13,1,1657,1643,NE
1188704.952,X_LEG_1,27.66,39.33,0.13,1,1657,1643,NE
1188704.972,X_LEG_1,27.66,39.33,0.13,1,1657,1643,NE
1188704.992,X_LEG_1,27.66,39.33,0.13,1,1657,1643,NE
1188705.012,X_LEG_1,27.66,39.33,0.13,1,1657,1643,NE
1188705.033,X_LEG_1,27.86,39.20,0.13,1,1657,1642,NE
1188705.053,X_LEG_1,27.86,39.20,0.13,1,1657,1642,NE
1188705.073,X_LEG_1,27.86,39.20,0.13,1,1657,1642,NE
1188705.094,X_LEG_1,27.86,39.20,0.13,1,1657,1642,NE
1188705.114,X_LEG_1,27.86,39.20,0.13,1,1657,1642,NE
1188705.135,X_LEG_1,28.07,39.08,0.14,1,1656,1641,NE
1188705.155,X_LEG_1,28.07,39.08,0.14,1,1656,1641,NE
1188705.176,X_LEG_1,28.07,39.08,0.14,1,1656,1641,NE
1188705.196,X_LEG_1,28.07,39.08,0.14,1,1656,1641,NE
1188705.217,X_LEG_1,28.07,39.08,0.14,1,1656,1641,NE
1188705.237,X_LEG_1,28.27,38.95,0.13,1,1656,1640,NE
1188705.258,X_LEG_1,28.27,38.95,0.13,1,1656,1640,NE
1188705.278,X_LEG_1,28.27,38.95,0.13,1,1656,1640,NE
1188705.298,X_LEG_1,28.27,38.95,0.13,1,1656,1640,NE
1188705.319,X_LEG_1,28.27,38.95,0.13,1,1656,1640,NE
1188705.340,X_LEG_1,28.27,38.95,0.13,1,1656,1640,NE
1188705.360,X_LEG_1,28.27,38.95,0.13,1,1656,1640,NE
1188705.382,X_LEG_1,28.27,38.95,0.13,1,1656,1640,NE
1188705.402,X_LEG_1,28.27,38.95,0.13,1,1656,1640,NE
1188705.423,X_LEG_1,28.27,38.95,0.13,1,1656,1640,NE
1188705.444,X_LEG_1,28.47,38.82,0.13,1,1655,1639,NE
1188705.464,X_LEG_1,28.47,38.82,0.13,1,1655,1639,NE
1188705.485,X_LEG_1,28.47,38.82,0.13,1,1655,1639,NE
1188705.506,X_LEG_1,28.47,38.82,0.13,1,1655,1639,NE
1188705.527,X_LEG_1,28.47,38.82,0.13,1,1655,1639,NE
1188705.547,X_LEG_1,28.67,38.68,0.14,1,1655,1638,NE
1188705.568,X_LEG_1,28.67,38.68,0.14,1,1655,1638,NE
1188705.588,X_LEG_1,28.67,38.68,0.14,1,1655,1638,NE
1188705.609,X_LEG_1,28.67,38.68,0.14,1,1655,1638,NE
1188705.631,X_LEG_1,28.67,38.68,0.14,1,1655,1638,NE
1188705.651,X_LEG_1,28.86,38.56,0.14,1,1654,1638,NE
1188705.672,X_LEG_1,28.86,38.56,0.14,1,1654,1638,NE
1188705.692,X_LEG_1,28.86,38.56,0.14,1,1654,1638,NE
1188705.712,X_LEG_1,28.86,38.56,0.14,1,1654,1638,NE
1188705.733,X_LEG_1,28.86,38.56,0.14,1,1654,1638,NE
1188705.754,X_LEG_1,29.06,38.43,0.14,1,1654,1637,NE
1188705.774,X_LEG_1,29.06,38.43,0.14,1,1654,1637,NE
1188705.795,X_LEG_1,29.06,38.43,0.14,1,1654,1637,NE
1188705.817,X_LEG_1,29.06,38.43,0.14,1,1654,1637,NE
1188705.837,X_LEG_1,29.06,38.43,0.14,1,1654,1637,NE
1188705.857,X_LEG_1,29.25,38.29,0.14,1,1653,1637,NE
1188705.878,X_LEG_1,29.25,38.29,0.14,1,1653,1637,NE
1188705.898,X_LEG_1,29.25,38.29,0.14,1,1653,1637,NE
1188705.919,X_LEG_1,29.25,38.29,0.14,1,1653,1637,NE
1188705.941,X_LEG_1,29.25,38.29,0.14,1,1653,1637,NE
1188705.961,X_LEG_1,29.45,38.16,0.13,1,1653,1636,NE
1188705.981,X_LEG_1,29.45,38.16,0.13,1,1653,1636,NE
1188706.001,X_LEG_1,29.45,38.16,0.13,1,1653,1636,NE
1188706.022,X_LEG_1,29.45,38.16,0.13,1,1653,1636,NE
1188706.042,X_LEG_1,29.45,38.16,0.13,1,1653,1636,NE
1188706.063,X_LEG_1,29.64,38.02,0.14,1,1652,1636,NE
1188706.084,X_LEG_1,29.64,38.02,0.14,1,1652,1636,NE
1188706.104,X_LEG_1,29.64,38.02,0.14,1,1652,1636,NE
1188706.125,X_LEG_1,29.64,38.02,0.14,1,1652,1636,NE
1188706.145,X_LEG_1,29.64,38.02,0.14,1,1652,1636,NE
1188706.166,X_LEG_1,29.83,37.88,0.14,1,1652,1634,NE
1188706.186,X_LEG_1,29.83,37.88,0.14,1,1652,1634,NE
1188706.206,X_LEG_1,29.83,37.88,0.14,1,1652,1634,NE
1188706.227,X_LEG_1,29.83,37.88,0.14,1,1652,1634,NE
1188706.247,X_LEG_1,29.83,37.88,0.14,1,1652,1634,NE
1188706.268,X_LEG_1,29.83,37.88,0.14,1,1652,1634,NE
1188706.288,X_LEG_1,29.83,37.88,0.14,1,1652,1634,NE
1188706.308,X_LEG_1,29.83,37.88,0.14,1,1652,1634,NE
1188706.329,X_LEG_1,29.83,37.88,0.14,1,1652,1634,NE
1188706.349,X_LEG_1,29.83,37.88,0.14,1,1652,1634,NE
1188706.369,X_LEG_1,30.02,37.76,0.14,1,1651,1633,NE
1188706.390,X_LEG_1,30.02,37.76,0.14,1,1651,1633,NE
1188706.411,X_LEG_1,30.02,37.76,0.14,1,1651,1633,NE
1188706.431,X_LEG_1,30.02,37.76,0.14,1,1651,1633,NE
1188706.452,X_LEG_1,30.02,37.76,0.14,1,1651,1633,NE
1188706.473,X_LEG_1,30.21,37.61,0.14,1,1650,1633,NE
1188706.493,X_LEG_1,30.21,37.61,0.14,1,1650,1633,NE
1188706.513,X_LEG_1,30.21,37.61,0.14,1,1650,1633,NE
1188706.534,X_LEG_1,30.21,37.61,0.14,1,1650,1633,NE
1188706.554,X_LEG_1,30.21,37.61,0.14,1,1650,1633,NE
1188706.575,X_LEG_1,30.39,37.47,0.14,1,1650,1632,NE
1188706.596,X_LEG_1,30.39,37.47,0.14,1,1650,1632,NE
1188706.616,X_LEG_1,30.39,37.47,0.14,1,1650,1632,NE
1188706.636,X_LEG_1,30.39,37.47,0.14,1,1650,1632,NE
1188706.657,X_LEG_1,30.39,37.47,0.14,1,1650,1632,NE
1188706.677,X_LEG_1,30.58,37.33,0.14,1,1649,1632,NE
1188706.698,X_LEG_1,30.58,37.33,0.14,1,1649,1632,NE
1188706.718,X_LEG_1,30.58,37.33,0.14,1,1649,1632,NE
1188706.738,X_LEG_1,30.58,37.33,0.14,1,1649,1632,NE
1188706.759,X_LEG_1,30.58,37.33,0.14,1,1649,1632,NE
1188706.779,X_LEG_1,30.76,37.19,0.14,1,1649,1631,NE
1188706.800,X_LEG_1,30.76,37.19,0.14,1,1649,1631,NE
1188706.820,X_LEG_1,30.76,37.19,0.14,1,1649,1631,NE
1188706.841,X_LEG_1,30.76,37.19,0.14,1,1649,1631,NE
1188706.861,X_LEG_1,30.76,37.19,0.14,1,1649,1631,NE
1188706.882,X_LEG_1,30.94,37.05,0.14,1,1648,1631,NE
1188706.903,X_LEG_1,30.94,37.05,0.14,1,1648,1631,NE
1188706.924,X_LEG_1,30.94,37.05,0.14,1,1648,1631,NE
1188706.945,X_LEG_1,30.94,37.05,0.14,1,1648,1631,NE
1188706.966,X_LEG_1,30.94,37.05,0.14,1,1648,1631,NE
1188706.986,X_LEG_1,30.94,37.05,0.14,1,1648,1631,NE
1188707.007,X_LEG_1,30.94,37.05,0.14,1,1648,1631,NE
1188707.027,X_LEG_1,30.94,37.05,0.14,1,1648,1631,NE
1188707.047,X_LEG_1,30.94,37.05,0.14,1,1648,1631,NE
1188707.068,X_LEG_1,30.94,37.05,0.14,1,1648,1631,NE
1188707.088,X_LEG_1,31.12,36.91,0.14,1,1648,1629,NE
1188707.109,X_LEG_1,31.12,36.91,0.14,1,1648,1629,NE
1188707.129,X_LEG_1,31.12,36.91,0.14,1,1648,1629,NE
1188707.150,X_LEG_1,31.12,36.91,0.14,1,1648,1629,NE
1188707.170,X_LEG_1,31.12,36.91,0.14,1,1648,1629,NE
1188707.190,X_LEG_1,31.30,36.76,0.15,1,1647,1629,NE
1188707.211,X_LEG_1,31.30,36.76,0.15,1,1647,1629,NE
1188707.231,X_LEG_1,31.30,36.76,0.15,1,1647,1629,NE
1188707.252,X_LEG_1,31.30,36.76,0.15,1,1647,1629,NE
1188707.272,X_LEG_1,31.30,36.76,0.15,1,1647,1629,NE
1188707.293,X_LEG_1,31.47,36.62,0.15,1,1646,1628,NE
1188707.313,X_LEG_1,31.47,36.62,0.15,1,1646,1628,NE
1188707.333,X_LEG_1,31.47,36.62,0.15,1,1646,1628,NE
1188707.354,X_LEG_1,31.47,36.62,0.15,1,1646,1628,NE
1188707.374,X_LEG_1,31.47,36.62,0.15,1,1646,1628,NE
1188707.395,X_LEG_1,31.65,36.48,0.15,1,1646,1628,NE
1188707.415,X_LEG_1,31.65,36.48,0.15,1,1646,1628,NE
1188707.436,X_LEG_1,31.65,36.48,0.15,1,1646,1628,NE
1188707.456,X_LEG_1,31.65,36.48,0.15,1,1646,1628,NE
1188707.477,X_LEG_1,31.65,36.48,0.15,1,1646,1628,NE
1188707.498,X_LEG_1,31.82,36.33,0.14,1,1645,1627,NE
1188707.518,X_LEG_1,31.82,36.33,0.14,1,1645,1627,NE
1188707.538,X_LEG_1,31.82,36.33,0.14,1,1645,1627,NE
1188707.559,X_LEG_1,31.82,36.33,0.14,1,1645,1627,NE
1188707.579,X_LEG_1,31.82,36.33,0.14,1,1645,1627,NE
1188707.599,X_LEG_1,31.99,36.19,0.14,1,1645,1627,NE
1188707.620,X_LEG_1,31.99,36.19,0.14,1,1645,1627,NE
1188707.641,X_LEG_1,31.99,36.19,0.14,1,1645,1627,NE
1188707.661,X_LEG_1,31.99,36.19,0.14,1,1645,1627,NE
1188707.682,X_LEG_1,31.99,36.19,0.14,1,1645,1627,NE
1188707.702,X_LEG_1,31.99,36.19,0.14,1,1645,1627,NE
1188707.723,X_LEG_1,31.99,36.19,0.14,1,1645,1627,NE
1188707.743,X_LEG_1,31.99,36.19,0.14,1,1645,1627,NE
1188707.764,X_LEG_1,31.99,36.19,0.14,1,1645,1627,NE
1188707.784,X_LEG_1,31.99,36.19,0.14,1,1645,1627,NE
1188707.805,X_LEG_1,32.21,35.99,0.14,1,1644,1625,NE
1188707.825,X_LEG_1,32.21,35.99,0.14,1,1644,1625,NE
1188707.846,X_LEG_1,32.21,35.99,0.14,1,1644,1625,NE
1188707.867,X_LEG_1,32.21,35.99,0.14,1,1644,1625,NE
1188707.888,X_LEG_1,32.21,35.99,0.14,1,1644,1625,NE
1188707.908,X_LEG_1,32.43,35.80,0.14,1,1643,1624,NE
1188707.929,X_LEG_1,32.43,35.80,0.14,1,1643,1624,NE
1188707.950,X_LEG_1,32.43,35.80,0.14,1,1643,1624,NE
1188707.970,X_LEG_1,32.43,35.80,0.14,1,1643,1624,NE
1188707.991,X_LEG_1,32.43,35.80,0.14,1,1643,1624,NE
1188708.011,X_LEG_1,32.59,35.65,0.13,1,1643,1624,NE
1188708.032,X_LEG_1,32.59,35.65,0.13,1,1643,1624,NE
1188708.052,X_LEG_1,32.59,35.65,0.13,1,1643,1624,NE
1188708.072,X_LEG_1,32.59,35.65,0.13,1,1643,1624,NE
1188708.092,X_LEG_1,32.59,35.65,0.13,1,1643,1624,NE
1188708.113,X_LEG_1,32.75,35.50,0.15,1,1642,1623,NE
1188708.133,X_LEG_1,32.75,35.50,0.15,1,1642,1623,NE
1188708.154,X_LEG_1,32.75,35.50,0.15,1,1642,1623,NE
1188708.174,X_LEG_1,32.75,35.50,0.15,1,1642,1623,NE
1188708.195,X_LEG_1,32.75,35.50,0.15,1,1642,1623,NE
1188708.216,X_LEG_1,32.91,35.36,0.14,1,1641,1623,NE
1188708.236,X_LEG_1,32.91,35.36,0.14,1,1641,1623,NE
1188708.256,X_LEG_1,32.91,35.36,0.14,1,1641,1623,NE
1188708.276,X_LEG_1,32.91,35.36,0.14,1,1641,1623,NE
1188708.297,X_LEG_1,32.91,35.36,0.14,1,1641,1623,NE
1188708.317,X_LEG_1,33.07,35.21,0.15,1,1641,1622,NE
1188708.337,X_LEG_1,33.07,35.21,0.15,1,1641,1622,NE
1188708.358,X_LEG_1,33.07,35.21,0.15,1,1641,1622,NE
1188708.378,X_LEG_1,33.07,35.21,0.15,1,1641,1622,NE
1188708.399,X_LEG_1,33.07,35.21,0.15,1,1641,1622,NE
1188708.419,X_LEG_1,33.07,35.21,0.15,1,1641,1622,NE
1188708.440,X_LEG_1,33.07,35.21,0.15,1,1641,1622,NE
1188708.460,X_LEG_1,33.07,35.21,0.15,1,1641,1622,NE
1188708.481,X_LEG_1,33.07,35.21,0.15,1,1641,1622,NE
1188708.501,X_LEG_1,33.07,35.21,0.15,1,1641,1622,NE
1188708.522,X_LEG_1,33.27,35.01,0.14,1,1640,1622,NE
1188708.543,X_LEG_1,33.27,35.01,0.14,1,1640,1622,NE
1188708.563,X_LEG_1,33.27,35.01,0.14,1,1640,1622,NE
1188708.584,X_LEG_1,33.27,35.01,0.14,1,1640,1622,NE
1188708.604,X_LEG_1,33.27,35.01,0.14,1,1640,1622,NE
1188708.625,X_LEG_1,33.42,34.86,0.15,1,1639,1620,NE
1188708.645,X_LEG_1,33.42,34.86,0.15,1,1639,1620,NE
1188708.665,X_LEG_1,33.42,34.86,0.15,1,1639,1620,NE
1188708.686,X_LEG_1,33.42,34.86,0.15,1,1639,1620,NE
1188708.707,X_LEG_1,33.42,34.86,0.15,1,1639,1620,NE
1188708.727,X_LEG_1,33.57,34.72,0.15,1,1639,1620,NE
1188708.748,X_LEG_1,33.57,34.72,0.15,1,1639,1620,NE
1188708.769,X_LEG_1,33.57,34.72,0.15,1,1639,1620,NE
1188708.789,X_LEG_1,33.57,34.72,0.15,1,1639,1620,NE
1188708.809,X_LEG_1,33.57,34.72,0.15,1,1639,1620,NE
1188708.830,X_LEG_1,33.76,34.51,0.15,1,1638,1619,NE
1188708.850,X_LEG_1,33.76,34.51,0.15,1,1638,1619,NE
1188708.871,X_LEG_1,33.76,34.51,0.15,1,1638,1619,NE
1188708.891,X_LEG_1,33.76,34.51,0.15,1,1638,1619,NE
1188708.912,X_LEG_1,33.76,34.51,0.15,1,1638,1619,NE
1188708.932,X_LEG_1,33.95,34.32,0.14,1,1637,1619,NE
1188708.952,X_LEG_1,33.95,34.32,0.14,1,1637,1619,NE
1188708.973,X_LEG_1,33.95,34.32,0.14,1,1637,1619,NE
1188708.993,X_LEG_1,33.95,34.32,0.14,1,1637,1619,NE
1188709.013,X_LEG_1,33.95,34.32,0.14,1,1637,1619,NE
1188709.034,X_LEG_1,33.95,34.32,0.14,1,1637,1619,NE
1188709.054,X_LEG_1,33.95,34.32,0.14,1,1637,1619,NE
1188709.075,X_LEG_1,33.95,34.32,0.14,1,1637,1619,NE
1188709.095,X_LEG_1,33.95,34.32,0.14,1,1637,1619,NE
1188709.116,X_LEG_1,33.95,34.32,0.14,1,1637,1619,NE
1188709.136,X_LEG_1,34.14,34.12,0.15,1,1636,1618,NE
1188709.157,X_LEG_1,34.14,34.12,0.15,1,1636,1618,NE
1188709.177,X_LEG_1,34.14,34.12,0.15,1,1636,1618,NE
1188709.198,X_LEG_1,34.14,34.12,0.15,1,1636,1618,NE
1188709.218,X_LEG_1,34.14,34.12,0.15,1,1636,1618,NE
1188709.239,X_LEG_1,34.32,33.91,0.15,1,1636,1617,NE
1188709.260,X_LEG_1,34.32,33.91,0.15,1,1636,1617,NE
1188709.281,X_LEG_1,34.32,33.91,0.15,1,1636,1617,NE
1188709.301,X_LEG_1,34.32,33.91,0.15,1,1636,1617,NE
1188709.321,X_LEG_1,34.32,33.91,0.15,1,1636,1617,NE
1188709.342,X_LEG_1,34.45,33.77,0.14,1,1635,1616,NE
1188709.362,X_LEG_1,34.45,33.77,0.14,1,1635,1616,NE
1188709.383,X_LEG_1,34.45,33.77,0.14,1,1635,1616,NE
1188709.403,X_LEG_1,34.45,33.77,0.14,1,1635,1616,NE
1188709.424,X_LEG_1,34.45,33.77,0.14,1,1635,1616,NE
1188709.444,X_LEG_1,34.58,33.61,0.14,1,1634,1616,NE
1188709.464,X_LEG_1,34.58,33.61,0.14,1,1634,1616,NE
1188709.485,X_LEG_1,34.58,33.61,0.14,1,1634,1616,NE
1188709.505,X_LEG_1,34.58,33.61,0.14,1,1634,1616,NE
1188709.526,X_LEG_1,34.58,33.61,0.14,1,1634,1616,NE
1188709.546,X_LEG_1,34.71,33.47,0.15,1,1634,1615,NE
1188709.567,X_LEG_1,34.71,33.47,0.15,1,1634,1615,NE
1188709.587,X_LEG_1,34.71,33.47,0.15,1,1634,1615,NE
1188709.607,X_LEG_1,34.71,33.47,0.15,1,1634,1615,NE
1188709.628,X_LEG_1,34.71,33.47,0.15,1,1634,1615,NE
1188709.648,X_LEG_1,34.83,33.31,0.15,1,1633,1615,NE
1188709.668,X_LEG_1,34.83,33.31,0.15,1,1633,1615,NE
1188709.689,X_LEG_1,34.83,33.31,0.15,1,1633,1615,NE
1188709.709,X_LEG_1,34.83,33.31,0.15,1,1633,1615,NE
1188709.730,X_LEG_1,34.83,33.31,0.15,1,1633,1615,NE
1188709.750,X_LEG_1,34.83,33.31,0.15,1,1633,1615,NE
1188709.771,X_LEG_1,34.83,33.31,0.15,1,1633,1615,NE
1188709.791,X_LEG_1,34.83,33.31,0.15,1,1633,1615,NE
1188709.812,X_LEG_1,34.83,33.31,0.15,1,1633,1615,NE
1188709.832,X_LEG_1,34.83,33.31,0.15,1,1633,1615,NE
1188709.852,X_LEG_1,34.95,33.17,0.14,1,1633,1615,NE
1188709.872,X_LEG_1,34.95,33.17,0.14,1,1633,1615,NE
1188709.893,X_LEG_1,34.95,33.17,0.14,1,1633,1615,NE
1188709.913,X_LEG_1,34.95,33.17,0.14,1,1633,1615,NE
1188709.933,X_LEG_1,34.95,33.17,0.14,1,1633,1615,NE
1188709.954,X_LEG_1,35.07,33.02,0.13,1,1632,1614,NE
1188709.974,X_LEG_1,35.07,33.02,0.13,1,1632,1614,NE
1188709.995,X_LEG_1,35.07,33.02,0.13,1,1632,1614,NE
1188710.015,X_LEG_1,35.07,33.02,0.13,1,1632,1614,NE
1188710.035,X_LEG_1,35.07,33.02,0.13,1,1632,1614,NE
1188710.055,X_LEG_1,35.23,32.82,0.13,1,1631,1613,NE
1188710.076,X_LEG_1,35.23,32.82,0.13,1,1631,1613,NE
1188710.097,X_LEG_1,35.23,32.82,0.13,1,1631,1613,NE
1188710.117,X_LEG_1,35.23,32.82,0.13,1,1631,1613,NE
1188710.137,X_LEG_1,35.23,32.82,0.13,1,1631,1613,NE
1188710.159,X_LEG_1,35.34,32.67,0.15,1,1631,1612,NE
1188710.180,X_LEG_1,35.34,32.67,0.15,1,1631,1612,NE
1188710.201,X_LEG_1,35.34,32.67,0.15,1,1631,1612,NE
1188710.222,X_LEG_1,35.34,32.67,0.15,1,1631,1612,NE
1188710.242,X_LEG_1,35.34,32.67,0.15,1,1631,1612,NE
1188710.262,X_LEG_1,35.41,32.57,0.14,1,1630,1612,NE
1188710.283,X_LEG_1,35.41,32.57,0.14,1,1630,1612,NE
1188710.303,X_LEG_1,35.41,32.57,0.14,1,1630,1612,NE
1188710.323,X_LEG_1,35.41,32.57,0.14,1,1630,1612,NE
1188710.344,X_LEG_1,35.41,32.57,0.14,1,1630,1612,NE
1188710.364,X_LEG_1,35.41,32.57,0.14,1,1630,1612,NE
1188710.384,X_LEG_1,35.41,32.57,0.14,1,1630,1612,NE
1188710.405,X_LEG_1,35.41,32.57,0.14,1,1630,1612,NE
1188710.426,X_LEG_1,35.41,32.57,0.14,1,1630,1612,NE
1188710.446,X_LEG_1,35.41,32.57,0.14,1,1630,1612,NE
1188710.466,X_LEG_1,35.48,32.47,0.14,1,1630,1612,NE
1188710.487,X_LEG_1,35.48,32.47,0.14,1,1630,1612,NE
1188710.507,X_LEG_1,35.48,32.47,0.14,1,1630,1612,NE
1188710.528,X_LEG_1,35.48,32.47,0.14,1,1630,1612,NE
1188710.548,X_LEG_1,35.48,32.47,0.14,1,1630,1612,NE
1188710.568,X_LEG_1,35.59,32.32,0.14,1,1629,1612,NE
1188710.591,X_LEG_1,35.59,32.32,0.14,1,1629,1612,NE
1188710.611,X_LEG_1,35.59,32.32,0.14,1,1629,1612,NE
1188710.632,X_LEG_1,35.59,32.32,0.14,1,1629,1612,NE
1188710.653,X_LEG_1,35.59,32.32,0.14,1,1629,1612,NE
1188710.673,X_LEG_1,35.69,32.17,0.13,1,1629,1611,NE
1188710.694,X_LEG_1,35.69,32.17,0.13,1,1629,1611,NE
1188710.715,X_LEG_1,35.69,32.17,0.13,1,1629,1611,NE
1188710.735,X_LEG_1,35.69,32.17,0.13,1,1629,1611,NE
1188710.756,X_LEG_1,35.69,32.17,0.13,1,1629,1611,NE
1188710.776,X_LEG_1,35.69,32.17,0.13,1,1629,1611,NE
1188710.798,X_LEG_1,35.69,32.17,0.13,1,1629,1611,NE
1188710.818,X_LEG_1,35.69,32.17,0.13,1,1629,1611,NE
1188710.839,X_LEG_1,35.69,32.17,0.13,1,1629,1611,NE
1188710.859,X_LEG_1,35.69,32.17,0.13,1,1629,1611,NE
1188710.880,X_LEG_1,35.79,32.03,0.13,1,1628,1611,NE
1188710.900,X_LEG_1,35.79,32.03,0.13,1,1628,1611,NE
1188710.921,X_LEG_1,35.79,32.03,0.13,1,1628,1611,NE
1188710.941,X_LEG_1,35.79,32.03,0.13,1,1628,1611,NE
1188710.962,X_LEG_1,35.79,32.03,0.13,1,1628,1611,NE
1188710.982,X_LEG_1,35.86,31.92,0.14,1,1628,1610,NE
1188711.003,X_LEG_1,35.86,31.92,0.14,1,1628,1610,NE
1188711.023,X_LEG_1,35.86,31.92,0.14,1,1628,1610,NE
1188711.044,X_LEG_1,35.86,31.92,0.14,1,1628,1610,NE
1188711.064,X_LEG_1,35.86,31.92,0.14,1,1628,1610,NE
1188711.085,X_LEG_1,35.95,31.78,0.14,1,1627,1610,NE
1188711.105,X_LEG_1,35.95,31.78,0.14,1,1627,1610,NE
1188711.126,X_LEG_1,35.95,31.78,0.14,1,1627,1610,NE
1188711.146,X_LEG_1,35.95,31.78,0.14,1,1627,1610,NE
1188711.167,X_LEG_1,35.95,31.78,0.14,1,1627,1610,NE
1188711.187,X_LEG_1,36.04,31.63,0.13,1,1627,1609,NE
1188711.208,X_LEG_1,36.04,31.63,0.13,1,1627,1609,NE
1188711.228,X_LEG_1,36.04,31.63,0.13,1,1627,1609,NE
1188711.249,X_LEG_1,36.04,31.63,0.13,1,1627,1609,NE
1188711.269,X_LEG_1,36.04,31.63,0.13,1,1627,1609,NE
1188711.289,X_LEG_1,36.04,31.63,-0.87,1,1627,1609,NE
1188711.310,X_LEG_1,36.04,31.63,-0.87,1,1627,1609,NE
1188711.330,X_LEG_1,36.04,31.63,-0.87,1,1627,1609,NE
1188711.351,X_LEG_1,36.04,31.63,-0.87,1,1627,1609,NE
1188711.371,X_LEG_1,36.04,31.63,-0.87,1,1627,1609,NE
1188711.392,X_LEG_1,36.13,31.48,-0.87,1,1626,1609,NE
1188711.413,X_LEG_1,36.13,31.48,-0.87,1,1626,1609,NE
1188711.433,X_LEG_1,36.13,31.48,-0.87,1,1626,1609,NE
1188711.454,X_LEG_1,36.13,31.48,-0.87,1,1626,1609,NE
1188711.474,X_LEG_1,36.13,31.48,-0.87,1,1626,1609,NE
1188711.495,X_LEG_1,36.22,31.33,-0.87,1,1625,1609,NE
1188711.515,X_LEG_1,36.22,31.33,-0.87,1,1625,1609,NE
1188711.536,X_LEG_1,36.22,31.33,-0.87,1,1625,1609,NE
1188711.556,X_LEG_1,36.22,31.33,-0.87,1,1625,1609,NE
1188711.577,X_LEG_1,36.22,31.33,-0.87,1,1625,1609,NE
1188711.597,X_LEG_1,36.30,31.19,-0.88,1,1625,1609,NE
1188711.618,X_LEG_1,36.30,31.19,-0.88,1,1625,1609,NE
1188711.638,X_LEG_1,36.30,31.19,-0.88,1,1625,1609,NE
1188711.659,X_LEG_1,36.30,31.19,-0.88,1,1625,1609,NE
1188711.679,X_LEG_1,36.30,31.19,-0.88,1,1625,1609,NE
1188711.699,X_LEG_1,36.30,31.19,-0.88,1,1625,1609,NE
1188711.720,X_LEG_1,36.30,31.19,-0.88,1,1625,1609,NE
1188711.740,X_LEG_1,36.30,31.19,-0.88,1,1625,1609,NE
1188711.761,X_LEG_1,36.30,31.19,-0.88,1,1625,1609,NE
1188711.782,X_LEG_1,36.30,31.19,-0.88,1,1625,1609,NE
1188711.802,X_LEG_1,36.38,31.04,-0.86,1,1624,1608,NE
1188711.823,X_LEG_1,36.38,31.04,-0.86,1,1624,1608,NE
1188711.843,X_LEG_1,36.38,31.04,-0.86,1,1624,1608,NE
1188711.864,X_LEG_1,36.38,31.04,-0.86,1,1624,1608,NE
1188711.884,X_LEG_1,36.38,31.04,-0.86,1,1624,1608,NE
1188711.905,X_LEG_1,36.46,30.89,0.13,1,1624,1607,NE
1188711.926,X_LEG_1,36.46,30.89,0.13,1,1624,1607,NE
1188711.946,X_LEG_1,36.46,30.89,0.13,1,1624,1607,NE
1188711.966,X_LEG_1,36.46,30.89,0.13,1,1624,1607,NE
1188711.987,X_LEG_1,36.46,30.89,0.13,1,1624,1607,NE
1188712.007,X_LEG_1,36.53,30.75,0.13,1,1623,1607,NE
1188712.028,X_LEG_1,36.53,30.75,0.13,1,1623,1607,NE
1188712.049,X_LEG_1,36.53,30.75,0.13,1,1623,1607,NE
1188712.069,X_LEG_1,36.53,30.75,0.13,1,1623,1607,NE
1188712.090,X_LEG_1,36.53,30.75,0.13,1,1623,1607,NE
1188712.111,X_LEG_1,36.53,30.75,0.13,1,1623,1607,NE
1188712.131,X_LEG_1,36.53,30.75,0.13,1,1623,1607,NE
1188712.151,X_LEG_1,36.53,30.75,0.13,1,1623,1607,NE
1188712.172,X_LEG_1,36.53,30.75,0.13,1,1623,1607,NE
1188712.192,X_LEG_1,36.53,30.75,0.13,1,1623,1607,NE
1188712.213,X_LEG_1,36.60,30.60,0.12,1,1622,1607,NE
1188712.233,X_LEG_1,36.60,30.60,0.12,1,1622,1607,NE
1188712.254,X_LEG_1,36.60,30.60,0.12,1,1622,1607,NE
1188712.274,X_LEG_1,36.60,30.60,0.12,1,1622,1607,NE
1188712.295,X_LEG_1,36.60,30.60,0.12,1,1622,1607,NE
1188712.316,X_LEG_1,36.67,30.45,0.13,1,1622,1606,NE
1188712.336,X_LEG_1,36.67,30.45,0.13,1,1622,1606,NE
1188712.357,X_LEG_1,36.67,30.45,0.13,1,1622,1606,NE
1188712.378,X_LEG_1,36.67,30.45,0.13,1,1622,1606,NE
1188712.399,X_LEG_1,36.67,30.45,0.13,1,1622,1606,NE
1188712.419,X_LEG_1,36.71,30.36,0.13,1,1621,1606,NE
1188712.441,X_LEG_1,36.71,30.36,0.13,1,1621,1606,NE
1188712.461,X_LEG_1,36.71,30.36,0.13,1,1621,1606,NE
1188712.482,X_LEG_1,36.71,30.36,0.13,1,1621,1606,NE
1188712.503,X_LEG_1,36.71,30.36,0.13,1,1621,1606,NE
1188712.523,X_LEG_1,36.77,30.21,0.12,1,1621,1606,NE
1188712.544,X_LEG_1,36.77,30.21,0.12,1,1621,1606,NE
1188712.564,X_LEG_1,36.77,30.21,0.12,1,1621,1606,NE
1188712.585,X_LEG_1,36.77,30.21,0.12,1,1621,1606,NE
1188712.605,X_LEG_1,36.77,30.21,0.12,1,1621,1606,NE
1188712.626,X_LEG_1,36.77,30.21,0.12,1,1621,1606,NE
1188712.647,X_LEG_1,36.77,30.21,0.12,1,1621,1606,NE
1188712.667,X_LEG_1,36.77,30.21,0.12,1,1621,1606,NE
1188712.688,X_LEG_1,36.77,30.21,0.12,1,1621,1606,NE
1188712.709,X_LEG_1,36.77,30.21,0.12,1,1621,1606,NE
1188712.729,X_LEG_1,36.83,30.07,0.12,1,1620,1606,NE
1188712.750,X_LEG_1,36.83,30.07,0.12,1,1620,1606,NE
1188712.771,X_LEG_1,36.83,30.07,0.12,1,1620,1606,NE
1188712.791,X_LEG_1,36.83,30.07,0.12,1,1620,1606,NE
1188712.812,X_LEG_1,36.83,30.07,0.12,1,1620,1606,NE
1188712.832,X_LEG_1,36.88,29.93,0.12,1,1620,1605,NE
1188712.853,X_LEG_1,36.88,29.93,0.12,1,1620,1605,NE
1188712.873,X_LEG_1,36.88,29.93,0.12,1,1620,1605,NE
1188712.894,X_LEG_1,36.88,29.93,0.12,1,1620,1605,NE
1188712.914,X_LEG_1,36.88,29.93,0.12,1,1620,1605,NE
1188712.935,X_LEG_1,36.93,29.78,0.11,1,1619,1605,NE
1188712.955,X_LEG_1,36.93,29.78,0.11,1,1619,1605,NE
1188712.976,X_LEG_1,36.93,29.78,0.11,1,1619,1605,NE
1188712.996,X_LEG_1,36.93,29.78,0.11,1,1619,1605,NE
1188713.017,X_LEG_1,36.93,29.78,0.11,1,1619,1605,NE
1188713.038,X_LEG_1,36.93,29.78,0.11,1,1619,1605,NE
1188713.058,X_LEG_1,36.93,29.78,0.11,1,1619,1605,NE
1188713.079,X_LEG_1,36.93,29.78,0.11,1,1619,1605,NE
1188713.099,X_LEG_1,36.93,29.78,0.11,1,1619,1605,NE
1188713.120,X_LEG_1,36.93,29.78,0.11,1,1619,1605,NE
1188713.140,X_LEG_1,36.98,29.64,0.11,1,1619,1605,NE
1188713.161,X_LEG_1,36.98,29.64,0.11,1,1619,1605,NE
1188713.181,X_LEG_1,36.98,29.64,0.11,1,1619,1605,NE
1188713.201,X_LEG_1,36.98,29.64,0.11,1,1619,1605,NE
1188713.222,X_LEG_1,36.98,29.64,0.11,1,1619,1605,NE
1188713.242,X_LEG_1,37.03,29.50,0.11,1,1618,1604,NE
1188713.263,X_LEG_1,37.03,29.50,0.11,1,1618,1604,NE
1188713.283,X_LEG_1,37.03,29.50,0.11,1,1618,1604,NE
1188713.304,X_LEG_1,37.03,29.50,0.11,1,1618,1604,NE
1188713.324,X_LEG_1,37.03,29.50,0.11,1,1618,1604,NE
1188713.345,X_LEG_1,37.07,29.35,0.12,1,1617,1604,NE
1188713.365,X_LEG_1,37.07,29.35,0.12,1,1617,1604,NE
1188713.386,X_LEG_1,37.07,29.35,0.12,1,1617,1604,NE
1188713.407,X_LEG_1,37.07,29.35,0.12,1,1617,1604,NE
1188713.427,X_LEG_1,37.07,29.35,0.12,1,1617,1604,NE
1188713.447,X_LEG_1,37.07,29.35,0.12,1,1617,1604,NE
1188713.468,X_LEG_1,37.07,29.35,0.12,1,1617,1604,NE
1188713.488,X_LEG_1,37.07,29.35,0.12,1,1617,1604,NE
1188713.509,X_LEG_1,37.07,29.35,0.12,1,1617,1604,NE
1188713.529,X_LEG_1,37.07,29.35,0.12,1,1617,1604,NE
1188713.550,X_LEG_1,37.11,29.21,0.12,1,1617,1604,NE
1188713.570,X_LEG_1,37.11,29.21,0.12,1,1617,1604,NE
1188713.591,X_LEG_1,37.11,29.21,0.12,1,1617,1604,NE
1188713.612,X_LEG_1,37.11,29.21,0.12,1,1617,1604,NE
1188713.632,X_LEG_1,37.11,29.21,0.12,1,1617,1604,NE
1188713.653,X_LEG_1,37.14,29.07,0.12,1,1616,1604,NE
1188713.673,X_LEG_1,37.14,29.07,0.12,1,1616,1604,NE
1188713.694,X_LEG_1,37.14,29.07,0.12,1,1616,1604,NE
1188713.716,X_LEG_1,37.14,29.07,0.12,1,1616,1604,NE
1188713.736,X_LEG_1,37.14,29.07,0.12,1,1616,1604,NE
1188713.756,X_LEG_1,37.14,29.07,0.12,1,1616,1604,NE
1188713.780,X_LEG_1,37.14,29.07,0.12,1,1616,1604,NE
1188713.800,X_LEG_1,37.14,29.07,0.12,1,1616,1604,NE
1188713.821,X_LEG_1,37.14,29.07,0.12,1,1616,1604,NE
1188713.841,X_LEG_1,37.14,29.07,0.12,1,1616,1604,NE
1188713.862,X_LEG_1,37.19,28.84,0.12,1,1615,1603,NE
1188713.882,X_LEG_1,37.19,28.84,0.12,1,1615,1603,NE
1188713.903,X_LEG_1,37.19,28.84,0.12,1,1615,1603,NE
1188713.923,X_LEG_1,37.19,28.84,0.12,1,1615,1603,NE
1188713.944,X_LEG_1,37.19,28.84,0.12,1,1615,1603,NE
1188713.965,X_LEG_1,37.19,28.84,0.12,1,1615,1603,NE
1188713.986,X_LEG_1,37.19,28.84,0.12,1,1615,1603,NE
1188714.006,X_LEG_1,37.19,28.84,0.12,1,1615,1603,NE
1188714.027,X_LEG_1,37.19,28.84,0.12,1,1615,1603,NE
1188714.047,X_LEG_1,37.19,28.84,0.12,1,1615,1603,NE
1188714.067,X_LEG_1,37.21,28.74,0.12,1,1615,1603,NE
1188714.088,X_LEG_1,37.21,28.74,0.12,1,1615,1603,NE
1188714.109,X_LEG_1,37.21,28.74,0.12,1,1615,1603,NE
1188714.129,X_LEG_1,37.21,28.74,0.12,1,1615,1603,NE
1188714.150,X_LEG_1,37.21,28.74,0.12,1,1615,1603,NE
1188714.171,X_LEG_1,37.22,28.65,0.12,1,1615,1603,NE
1188714.191,X_LEG_1,37.22,28.65,0.12,1,1615,1603,NE
1188714.213,X_LEG_1,37.22,28.65,0.12,1,1615,1603,NE
1188714.234,X_LEG_1,37.22,28.65,0.12,1,1615,1603,NE
1188714.254,X_LEG_1,37.22,28.65,0.12,1,1615,1603,NE
1188714.275,X_LEG_1,37.24,28.56,0.10,1,1614,1603,NE
1188714.295,X_LEG_1,37.24,28.56,0.10,1,1614,1603,NE
1188714.317,X_LEG_1,37.24,28.56,0.10,1,1614,1603,NE
1188714.337,X_LEG_1,37.24,28.56,0.10,1,1614,1603,NE
1188714.358,X_LEG_1,37.24,28.56,0.10,1,1614,1603,NE
1188714.379,X_LEG_1,37.24,28.56,0.10,1,1614,1603,NE
1188714.399,X_LEG_1,37.24,28.56,0.10,1,1614,1603,NE
1188714.420,X_LEG_1,37.24,28.56,0.10,1,1614,1603,NE
1188714.440,X_LEG_1,37.24,28.56,0.10,1,1614,1603,NE
1188714.461,X_LEG_1,37.24,28.56,0.10,1,1614,1603,NE
1188714.481,X_LEG_1,37.25,28.47,0.10,1,1614,1603,NE
1188714.502,X_LEG_1,37.25,28.47,0.10,1,1614,1603,NE
1188714.522,X_LEG_1,37.25,28.47,0.10,1,1614,1603,NE
1188714.543,X_LEG_1,37.25,28.47,0.10,1,1614,1603,NE
1188714.564,X_LEG_1,37.25,28.47,0.10,1,1614,1603,NE
1188714.584,X_LEG_1,37.26,28.37,0.10,1,1613,1603,NE
1188714.605,X_LEG_1,37.26,28.37,0.10,1,1613,1603,NE
1188714.625,X_LEG_1,37.26,28.37,0.10,1,1613,1603,NE
1188714.646,X_LEG_1,37.26,28.37,0.10,1,1613,1603,NE
1188714.666,X_LEG_1,37.26,28.37,0.10,1,1613,1603,NE
1188714.687,X_LEG_1,37.27,28.28,0.10,1,1613,1603,NE
1188714.708,X_LEG_1,37.27,28.28,0.10,1,1613,1603,NE
1188714.729,X_LEG_1,37.27,28.28,0.10,1,1613,1603,NE
1188714.749,X_LEG_1,37.27,28.28,0.10,1,1613,1603,NE
1188714.771,X_LEG_1,37.27,28.28,0.10,1,1613,1603,NE
1188714.792,X_LEG_1,37.28,28.14,0.12,1,1613,1603,NE
1188714.812,X_LEG_1,37.28,28.14,0.12,1,1613,1603,NE
1188714.833,X_LEG_1,37.28,28.14,0.12,1,1613,1603,NE
1188714.853,X_LEG_1,37.28,28.14,0.12,1,1613,1603,NE
1188714.874,X_LEG_1,37.28,28.14,0.12,1,1613,1603,NE
1188714.896,X_LEG_1,37.28,28.14,0.12,1,1613,1603,NE
1188714.916,X_LEG_1,37.28,28.14,0.12,1,1613,1603,NE
1188714.937,X_LEG_1,37.28,28.14,0.12,1,1613,1603,NE
1188714.957,X_LEG_1,37.28,28.14,0.12,1,1613,1603,NE
1188714.978,X_LEG_1,37.28,28.14,0.12,1,1613,1603,NE
1188714.998,X_LEG_1,37.28,28.14,0.12,1,1613,1603,NE
1188715.019,X_LEG_1,37.28,28.14,0.12,1,1613,1603,NE
1188715.039,X_LEG_1,37.28,28.14,0.12,1,1613,1603,NE
1188715.059,X_LEG_1,37.28,28.14,0.12,1,1613,1603,NE
1188715.080,X_LEG_1,37.28,28.14,0.12,1,1613,1603,NE
1188715.101,X_LEG_1,37.29,28.01,0.10,1,1612,1603,NE
1188715.122,X_LEG_1,37.29,28.01,0.10,1,1612,1603,NE
1188715.142,X_LEG_1,37.29,28.01,0.10,1,1612,1603,NE
1188715.163,X_LEG_1,37.29,28.01,0.10,1,1612,1603,NE
1188715.184,X_LEG_1,37.29,28.01,0.10,1,1612,1603,NE
1188715.204,X_LEG_1,37.29,27.91,0.10,1,1612,1602,NE
1188715.224,X_LEG_1,37.29,27.91,0.10,1,1612,1602,NE
1188715.246,X_LEG_1,37.29,27.91,0.10,1,1612,1602,NE
1188715.267,X_LEG_1,37.29,27.91,0.10,1,1612,1602,NE
1188715.287,X_LEG_1,37.29,27.91,0.10,1,1612,1602,NE
1188715.307,X_LEG_1,37.29,27.78,0.08,1,1611,1602,NE
1188715.330,X_LEG_1,37.29,27.78,0.08,1,1611,1602,NE
1188715.350,X_LEG_1,37.29,27.78,0.08,1,1611,1602,NE
1188715.371,X_LEG_1,37.29,27.78,0.08,1,1611,1602,NE
1188715.391,X_LEG_1,37.29,27.78,0.08,1,1611,1602,NE
1188715.412,X_LEG_1,37.29,27.64,0.10,1,1611,1602,NE
1188715.432,X_LEG_1,37.29,27.64,0.10,1,1611,1602,NE
1188715.453,X_LEG_1,37.29,27.64,0.10,1,1611,1602,NE
1188715.473,X_LEG_1,37.29,27.64,0.10,1,1611,1602,NE
1188715.494,X_LEG_1,37.29,27.64,0.10,1,1611,1602,NE
1188715.517,X_LEG_1,37.29,27.55,0.10,1,1610,1602,NE
1188715.537,X_LEG_1,37.29,27.55,0.10,1,1610,1602,NE
1188715.558,X_LEG_1,37.29,27.55,0.10,1,1610,1602,NE
1188715.578,X_LEG_1,37.29,27.55,0.10,1,1610,1602,NE
1188715.599,X_LEG_1,37.29,27.55,0.10,1,1610,1602,NE
1188715.619,X_LEG_1,37.29,27.47,0.09,1,1610,1602,NE
1188715.640,X_LEG_1,37.29,27.47,0.09,1,1610,1602,NE
1188715.660,X_LEG_1,37.29,27.47,0.09,1,1610,1602,NE
1188715.680,X_LEG_1,37.29,27.47,0.09,1,1610,1602,NE
1188715.702,X_LEG_1,37.29,27.47,0.09,1,1610,1602,NE
1188715.723,X_LEG_1,37.29,27.47,0.09,1,1610,1602,NE
1188715.743,X_LEG_1,37.29,27.47,0.09,1,1610,1602,NE
1188715.764,X_LEG_1,37.29,27.47,0.09,1,1610,1602,NE
1188715.784,X_LEG_1,37.29,27.47,0.09,1,1610,1602,NE
1188715.805,X_LEG_1,37.29,27.47,0.09,1,1610,1602,NE
1188715.825,X_LEG_1,37.27,27.28,0.09,1,1609,1602,NE
1188715.846,X_LEG_1,37.27,27.28,0.09,1,1609,1602,NE
1188715.866,X_LEG_1,37.27,27.28,0.09,1,1609,1602,NE
1188715.887,X_LEG_1,37.27,27.28,0.09,1,1609,1602,NE
1188715.908,X_LEG_1,37.27,27.28,0.09,1,1609,1602,NE
1188715.928,X_LEG_1,37.27,27.28,0.09,1,1609,1602,NE
1188715.950,X_LEG_1,37.27,27.28,0.09,1,1609,1602,NE
1188715.970,X_LEG_1,37.27,27.28,0.09,1,1609,1602,NE
1188715.991,X_LEG_1,37.27,27.28,0.09,1,1609,1602,NE
1188716.012,X_LEG_1,37.27,27.28,0.09,1,1609,1602,NE
1188716.032,X_LEG_1,37.26,27.15,0.09,1,1609,1602,NE
1188716.052,X_LEG_1,37.26,27.15,0.09,1,1609,1602,NE
1188716.073,X_LEG_1,37.26,27.15,0.09,1,1609,1602,NE
1188716.093,X_LEG_1,37.26,27.15,0.09,1,1609,1602,NE
1188716.114,X_LEG_1,37.26,27.15,0.09,1,1609,1602,NE
1188716.134,X_LEG_1,37.24,27.02,0.09,1,1608,1602,NE
1188716.155,X_LEG_1,37.24,27.02,0.09,1,1608,1602,NE
1188716.175,X_LEG_1,37.24,27.02,0.09,1,1608,1602,NE
1188716.196,X_LEG_1,37.24,27.02,0.09,1,1608,1602,NE
1188716.216,X_LEG_1,37.24,27.02,0.09,1,1608,1602,NE
1188716.237,X_LEG_1,37.23,26.93,0.09,1,1608,1601,NE
1188716.257,X_LEG_1,37.23,26.93,0.09,1,1608,1601,NE
1188716.279,X_LEG_1,37.23,26.93,0.09,1,1608,1601,NE
1188716.298,X_LEG_1,37.23,26.93,0.09,1,1608,1601,NE
1188716.319,X_LEG_1,37.23,26.93,0.09,1,1608,1601,NE
1188716.340,X_LEG_1,37.23,26.93,0.09,1,1608,1601,NE
1188716.360,X_LEG_1,37.23,26.93,0.09,1,1608,1601,NE
1188716.381,X_LEG_1,37.23,26.93,0.09,1,1608,1601,NE
1188716.401,X_LEG_1,37.23,26.93,0.09,1,1608,1601,NE
1188716.422,X_LEG_1,37.23,26.93,0.09,1,1608,1601,NE
1188716.442,X_LEG_1,37.20,26.80,0.08,1,1607,1601,NE
1188716.463,X_LEG_1,37.20,26.80,0.08,1,1607,1601,NE
1188716.483,X_LEG_1,37.20,26.80,0.08,1,1607,1601,NE
1188716.504,X_LEG_1,37.20,26.80,0.08,1,1607,1601,NE
1188716.524,X_LEG_1,37.20,26.80,0.08,1,1607,1601,NE
1188716.545,X_LEG_1,37.17,26.67,0.08,1,1607,1601,NE
1188716.565,X_LEG_1,37.17,26.67,0.08,1,1607,1601,NE
1188716.587,X_LEG_1,37.17,26.67,0.08,1,1607,1601,NE
1188716.607,X_LEG_1,37.17,26.67,0.08,1,1607,1601,NE
1188716.627,X_LEG_1,37.17,26.67,0.08,1,1607,1601,NE
1188716.648,X_LEG_1,37.17,26.67,0.08,1,1607,1601,NE
1188716.669,X_LEG_1,37.17,26.67,0.08,1,1607,1601,NE
1188716.689,X_LEG_1,37.17,26.67,0.08,1,1607,1601,NE
1188716.710,X_LEG_1,37.17,26.67,0.08,1,1607,1601,NE
1188716.730,X_LEG_1,37.17,26.67,0.08,1,1607,1601,NE
1188716.751,X_LEG_1,37.14,26.55,0.08,1,1606,1601,NE
1188716.772,X_LEG_1,37.14,26.55,0.08,1,1606,1601,NE
1188716.792,X_LEG_1,37.14,26.55,0.08,1,1606,1601,NE
1188716.813,X_LEG_1,37.14,26.55,0.08,1,1606,1601,NE
1188716.833,X_LEG_1,37.14,26.55,0.08,1,1606,1601,NE
1188716.854,X_LEG_1,37.11,26.41,0.09,1,1606,1601,NE
1188716.875,X_LEG_1,37.11,26.41,0.09,1,1606,1601,NE
1188716.895,X_LEG_1,37.11,26.41,0.09,1,1606,1601,NE
1188716.915,X_LEG_1,37.11,26.41,0.09,1,1606,1601,NE
1188716.936,X_LEG_1,37.11,26.41,0.09,1,1606,1601,NE
1188716.956,X_LEG_1,37.07,26.28,0.08,1,1605,1601,NE
1188716.977,X_LEG_1,37.07,26.28,0.08,1,1605,1601,NE
1188716.997,X_LEG_1,37.07,26.28,0.08,1,1605,1601,NE
1188717.018,X_LEG_1,37.07,26.28,0.08,1,1605,1601,NE
1188717.038,X_LEG_1,37.07,26.28,0.08,1,1605,1601,NE
1188717.059,X_LEG_1,37.07,26.28,0.08,1,1605,1601,NE
1188717.079,X_LEG_1,37.07,26.28,0.08,1,1605,1601,NE
1188717.100,X_LEG_1,37.07,26.28,0.08,1,1605,1601,NE
1188717.120,X_LEG_1,37.07,26.28,0.08,1,1605,1601,NE
1188717.141,X_LEG_1,37.07,26.28,0.08,1,1605,1601,NE
1188717.162,X_LEG_1,37.03,26.16,0.08,1,1605,1601,NE
1188717.182,X_LEG_1,37.03,26.16,0.08,1,1605,1601,NE
1188717.203,X_LEG_1,37.03,26.16,0.08,1,1605,1601,NE
1188717.223,X_LEG_1,37.03,26.16,0.08,1,1605,1601,NE
1188717.244,X_LEG_1,37.03,26.16,0.08,1,1605,1601,NE
1188717.264,X_LEG_1,36.98,26.03,0.08,1,1604,1602,NE
1188717.286,X_LEG_1,36.98,26.03,0.08,1,1604,1602,NE
1188717.306,X_LEG_1,36.98,26.03,0.08,1,1604,1602,NE
1188717.327,X_LEG_1,36.98,26.03,0.08,1,1604,1602,NE
1188717.348,X_LEG_1,36.98,26.03,0.08,1,1604,1602,NE
1188717.368,X_LEG_1,36.93,25.90,0.07,1,1604,1601,NE
1188717.389,X_LEG_1,36.93,25.90,0.07,1,1604,1601,NE
1188717.410,X_LEG_1,36.93,25.90,0.07,1,1604,1601,NE
1188717.430,X_LEG_1,36.93,25.90,0.07,1,1604,1601,NE
1188717.451,X_LEG_1,36.93,25.90,0.07,1,1604,1601,NE
1188717.471,X_LEG_1,36.88,25.77,0.07,1,1603,1601,NE
1188717.492,X_LEG_1,36.88,25.77,0.07,1,1603,1601,NE
1188717.512,X_LEG_1,36.88,25.77,0.07,1,1603,1601,NE
1188717.533,X_LEG_1,36.88,25.77,0.07,1,1603,1601,NE
1188717.553,X_LEG_1,36.88,25.77,0.07,1,1603,1601,NE
1188717.574,X_LEG_1,36.82,25.64,0.06,1,1603,1601,NE
1188717.594,X_LEG_1,36.82,25.64,0.06,1,1603,1601,NE
1188717.615,X_LEG_1,36.82,25.64,0.06,1,1603,1601,NE
1188717.636,X_LEG_1,36.82,25.64,0.06,1,1603,1601,NE
1188717.656,X_LEG_1,36.82,25.64,0.06,1,1603,1601,NE
1188717.677,X_LEG_1,36.82,25.64,0.06,1,1603,1601,NE
1188717.697,X_LEG_1,36.82,25.64,0.06,1,1603,1601,NE
1188717.717,X_LEG_1,36.82,25.64,0.06,1,1603,1601,NE
1188717.738,X_LEG_1,36.82,25.64,0.06,1,1603,1601,NE
1188717.759,X_LEG_1,36.82,25.64,0.06,1,1603,1601,NE
1188717.779,X_LEG_1,36.76,25.52,0.07,1,1602,1601,NE
1188717.800,X_LEG_1,36.76,25.52,0.07,1,1602,1601,NE
1188717.820,X_LEG_1,36.76,25.52,0.07,1,1602,1601,NE
1188717.840,X_LEG_1,36.76,25.52,0.07,1,1602,1601,NE
1188717.861,X_LEG_1,36.76,25.52,0.07,1,1602,1601,NE
1188717.881,X_LEG_1,36.70,25.40,0.05,1,1602,1601,NE
1188717.902,X_LEG_1,36.70,25.40,0.05,1,1602,1601,NE
1188717.923,X_LEG_1,36.70,25.40,0.05,1,1602,1601,NE
1188717.943,X_LEG_1,36.70,25.40,0.05,1,1602,1601,NE
1188717.964,X_LEG_1,36.70,25.40,0.05,1,1602,1601,NE
1188717.986,X_LEG_1,36.63,25.28,0.05,1,1601,1602,NE
1188718.006,X_LEG_1,36.63,25.28,0.05,1,1601,1602,NE
1188718.026,X_LEG_1,36.63,25.28,0.05,1,1601,1602,NE
1188718.047,X_LEG_1,36.63,25.28,0.05,1,1601,1602,NE
1188718.067,X_LEG_1,36.63,25.28,0.05,1,1601,1602,NE
1188718.088,X_LEG_1,36.63,25.28,0.05,1,1601,1602,NE
1188718.109,X_LEG_1,36.63,25.28,0.05,1,1601,1602,NE
1188718.129,X_LEG_1,36.63,25.28,0.05,1,1601,1602,NE
1188718.150,X_LEG_1,36.63,25.28,0.05,1,1601,1602,NE
1188718.172,X_LEG_1,36.63,25.28,0.05,1,1601,1602,NE
1188718.192,X_LEG_1,36.56,25.15,0.06,1,1601,1602,NE
1188718.213,X_LEG_1,36.56,25.15,0.06,1,1601,1602,NE
1188718.234,X_LEG_1,36.56,25.15,0.06,1,1601,1602,NE
1188718.254,X_LEG_1,36.56,25.15,0.06,1,1601,1602,NE
1188718.275,X_LEG_1,36.56,25.15,0.06,1,1601,1602,NE
1188718.296,X_LEG_1,36.49,25.03,0.03,1,1600,1602,NE
1188718.316,X_LEG_1,36.49,25.03,0.03,1,1600,1602,NE
1188718.337,X_LEG_1,36.49,25.03,0.03,1,1600,1602,NE
1188718.357,X_LEG_1,36.49,25.03,0.03,1,1600,1602,NE
1188718.378,X_LEG_1,36.49,25.03,0.03,1,1600,1602,NE
1188718.398,X_LEG_1,36.41,24.91,0.04,1,1600,1601,NE
1188718.420,X_LEG_1,36.41,24.91,0.04,1,1600,1601,NE
1188718.440,X_LEG_1,36.41,24.91,0.04,1,1600,1601,NE
1188718.461,X_LEG_1,36.41,24.91,0.04,1,1600,1601,NE
1188718.482,X_LEG_1,36.41,24.91,0.04,1,1600,1601,NE
1188718.502,X_LEG_1,36.41,24.91,0.04,1,1600,1601,NE
1188718.523,X_LEG_1,36.41,24.91,0.04,1,1600,1601,NE
1188718.544,X_LEG_1,36.41,24.91,0.04,1,1600,1601,NE
1188718.564,X_LEG_1,36.41,24.91,0.04,1,1600,1601,NE
1188718.585,X_LEG_1,36.41,24.91,0.04,1,1600,1601,NE
1188718.607,X_LEG_1,36.33,24.79,0.05,1,1599,1602,NE
1188718.627,X_LEG_1,36.33,24.79,0.05,1,1599,1602,NE
1188718.648,X_LEG_1,36.33,24.79,0.05,1,1599,1602,NE
1188718.669,X_LEG_1,36.33,24.79,0.05,1,1599,1602,NE
1188718.690,X_LEG_1,36.33,24.79,0.05,1,1599,1602,NE
1188718.710,X_LEG_1,36.24,24.67,0.03,1,1599,1602,NE
1188718.731,X_LEG_1,36.24,24.67,0.03,1,1599,1602,NE
1188718.752,X_LEG_1,36.24,24.67,0.03,1,1599,1602,NE
1188718.772,X_LEG_1,36.24,24.67,0.03,1,1599,1602,NE
1188718.793,X_LEG_1,36.24,24.67,0.03,1,1599,1602,NE
1188718.813,X_LEG_1,36.15,24.55,0.04,1,1598,1602,NE
1188718.834,X_LEG_1,36.15,24.55,0.04,1,1598,1602,NE
1188718.855,X_LEG_1,36.15,24.55,0.04,1,1598,1602,NE
1188718.876,X_LEG_1,36.15,24.55,0.04,1,1598,1602,NE
1188718.896,X_LEG_1,36.15,24.55,0.04,1,1598,1602,NE
1188718.917,X_LEG_1,36.15,24.55,0.04,1,1598,1602,NE
1188718.938,X_LEG_1,36.15,24.55,0.04,1,1598,1602,NE
1188718.958,X_LEG_1,36.15,24.55,0.04,1,1598,1602,NE
1188718.979,X_LEG_1,36.15,24.55,0.04,1,1598,1602,NE
1188719.000,X_LEG_1,36.15,24.55,0.04,1,1598,1602,NE
1188719.020,X_LEG_1,36.06,24.43,0.03,1,1598,1602,NE
1188719.041,X_LEG_1,36.06,24.43,0.03,1,1598,1602,NE
1188719.061,X_LEG_1,36.06,24.43,0.03,1,1598,1602,NE
1188719.082,X_LEG_1,36.06,24.43,0.03,1,1598,1602,NE
1188719.102,X_LEG_1,36.06,24.43,0.03,1,1598,1602,NE
1188719.123,X_LEG_1,35.96,24.31,0.04,1,1597,1603,NE
1188719.143,X_LEG_1,35.96,24.31,0.04,1,1597,1603,NE
1188719.164,X_LEG_1,35.96,24.31,0.04,1,1597,1603,NE
1188719.184,X_LEG_1,35.96,24.31,0.04,1,1597,1603,NE
1188719.205,X_LEG_1,35.96,24.31,0.04,1,1597,1603,NE
1188719.225,X_LEG_1,35.90,24.23,0.04,1,1597,1603,NE
1188719.247,X_LEG_1,35.90,24.23,0.04,1,1597,1603,NE
1188719.267,X_LEG_1,35.90,24.23,0.04,1,1597,1603,NE
1188719.287,X_LEG_1,35.90,24.23,0.04,1,1597,1603,NE
1188719.308,X_LEG_1,35.90,24.23,0.04,1,1597,1603,NE
1188719.328,X_LEG_1,35.90,24.23,0.04,1,1597,1603,NE
1188719.349,X_LEG_1,35.90,24.23,0.04,1,1597,1603,NE
1188719.369,X_LEG_1,35.90,24.23,0.04,1,1597,1603,NE
1188719.390,X_LEG_1,35.90,24.23,0.04,1,1597,1603,NE
1188719.410,X_LEG_1,35.90,24.23,0.04,1,1597,1603,NE
1188719.431,X_LEG_1,35.80,24.12,0.03,1,1596,1603,NE
1188719.451,X_LEG_1,35.80,24.12,0.03,1,1596,1603,NE
1188719.472,X_LEG_1,35.80,24.12,0.03,1,1596,1603,NE
1188719.493,X_LEG_1,35.80,24.12,0.03,1,1596,1603,NE
1188719.514,X_LEG_1,35.80,24.12,0.03,1,1596,1603,NE
1188719.535,X_LEG_1,35.69,24.00,0.02,1,1596,1603,NE
1188719.555,X_LEG_1,35.69,24.00,0.02,1,1596,1603,NE
1188719.576,X_LEG_1,35.69,24.00,0.02,1,1596,1603,NE
1188719.596,X_LEG_1,35.69,24.00,0.02,1,1596,1603,NE
1188719.618,X_LEG_1,35.69,24.00,0.02,1,1596,1603,NE
1188719.638,X_LEG_1,35.62,23.93,0.03,1,1596,1603,NE
1188719.658,X_LEG_1,35.62,23.93,0.03,1,1596,1603,NE
1188719.679,X_LEG_1,35.62,23.93,0.03,1,1596,1603,NE
1188719.699,X_LEG_1,35.62,23.93,0.03,1,1596,1603,NE
1188719.720,X_LEG_1,35.62,23.93,0.03,1,1596,1603,NE
1188719.741,X_LEG_1,35.51,23.81,0.02,1,1595,1603,NE
1188719.761,X_LEG_1,35.51,23.81,0.02,1,1595,1603,NE
1188719.782,X_LEG_1,35.51,23.81,0.02,1,1595,1603,NE
1188719.805,X_LEG_1,35.51,23.81,0.02,1,1595,1603,NE
1188719.826,X_LEG_1,35.51,23.81,0.02,1,1595,1603,NE
1188719.846,X_LEG_1,35.51,23.81,0.02,1,1595,1603,NE
1188719.866,X_LEG_1,35.51,23.81,0.02,1,1595,1603,NE
1188719.890,X_LEG_1,35.51,23.81,0.02,1,1595,1603,NE
1188719.911,X_LEG_1,35.51,23.81,0.02,1,1595,1603,NE
1188719.932,X_LEG_1,35.51,23.81,0.02,1,1595,1603,NE
1188719.955,X_LEG_1,35.39,23.69,0.03,1,1595,1603,NE
1188719.975,X_LEG_1,35.39,23.69,0.03,1,1595,1603,NE
1188719.995,X_LEG_1,35.39,23.69,0.03,1,1595,1603,NE
1188720.016,X_LEG_1,35.39,23.69,0.03,1,1595,1603,NE
1188720.038,X_LEG_1,35.39,23.69,0.03,1,1595,1603,NE
1188720.058,X_LEG_1,35.31,23.63,0.02,1,1595,1604,NE
1188720.079,X_LEG_1,35.31,23.63,0.02,1,1595,1604,NE
1188720.099,X_LEG_1,35.31,23.63,0.02,1,1595,1604,NE
1188720.121,X_LEG_1,35.31,23.63,0.02,1,1595,1604,NE
1188720.146,X_LEG_1,35.31,23.63,0.02,1,1595,1604,NE
1188720.169,X_LEG_1,35.23,23.55,0.01,1,1594,1604,NE
1188720.190,X_LEG_1,35.23,23.55,0.01,1,1594,1604,NE
1188720.221,X_LEG_1,35.23,23.55,0.01,1,1594,1604,NE
1188720.251,X_LEG_1,35.23,23.55,0.01,1,1594,1604,NE
1188720.274,X_LEG_1,35.23,23.55,0.01,1,1594,1604,NE
1188720.300,X_LEG_1,35.23,23.55,0.01,1,1594,1604,NE
1188720.320,X_LEG_1,35.23,23.55,0.01,1,1594,1604,NE
1188720.344,X_LEG_1,35.23,23.55,0.01,1,1594,1604,NE
1188720.369,X_LEG_1,35.23,23.55,0.01,1,1594,1604,NE
1188720.392,X_LEG_1,35.23,23.55,0.01,1,1594,1604,NE
1188720.424,X_LEG_1,35.15,23.47,0.02,1,1594,1604,NE
1188720.446,X_LEG_1,35.15,23.47,0.02,1,1594,1604,NE
1188720.468,X_LEG_1,35.15,23.47,0.02,1,1594,1604,NE
1188720.502,X_LEG_1,35.15,23.47,0.02,1,1594,1604,NE
1188720.522,X_LEG_1,35.15,23.47,0.02,1,1594,1604,NE
1188720.548,X_LEG_1,35.15,23.47,0.02,1,1594,1604,NE
1188720.586,X_LEG_1,35.15,23.47,0.02,1,1594,1604,NE
1188720.607,X_LEG_1,35.15,23.47,0.02,1,1594,1604,NE
1188720.631,X_LEG_1,35.15,23.47,0.02,1,1594,1604,NE
1188720.652,X_LEG_1,35.15,23.47,0.02,1,1594,1604,NE
1188720.681,X_LEG_1,35.15,23.47,0.02,1,1594,1604,NE
1188720.709,X_LEG_1,35.15,23.47,0.02,1,1594,1604,NE
1188720.730,X_LEG_1,35.15,23.47,0.02,1,1594,1604,NE
1188720.750,X_LEG_1,34.98,23.32,0.01,1,1593,1605,NE
1188720.771,X_LEG_1,34.98,23.32,0.01,1,1593,1605,NE
1188720.791,X_LEG_1,34.98,23.32,0.01,1,1593,1605,NE
1188720.811,X_LEG_1,34.98,23.32,0.01,1,1593,1605,NE
1188720.833,X_LEG_1,34.98,23.32,0.01,1,1593,1605,NE
1188720.855,X_LEG_1,34.90,23.25,0.02,1,1593,1605,NE
1188720.875,X_LEG_1,34.90,23.25,0.02,1,1593,1605,NE
1188720.897,X_LEG_1,34.90,23.25,0.02,1,1593,1605,NE
1188720.920,X_LEG_1,34.90,23.25,0.02,1,1593,1605,NE
1188720.941,X_LEG_1,34.90,23.25,0.02,1,1593,1605,NE
1188720.963,X_LEG_1,34.90,23.25,0.02,1,1593,1605,NE
1188720.984,X_LEG_1,34.90,23.25,0.02,1,1593,1605,NE
1188721.005,X_LEG_1,34.90,23.25,0.02,1,1593,1605,NE
1188721.026,X_LEG_1,34.90,23.25,0.02,1,1593,1605,NE
1188721.058,X_LEG_1,34.90,23.25,0.02,1,1593,1605,NE
1188721.079,X_LEG_1,34.81,23.18,-0.01,1,1593,1605,NE
1188721.099,X_LEG_1,34.81,23.18,-0.01,1,1593,1605,NE
1188721.119,X_LEG_1,34.81,23.18,-0.01,1,1593,1605,NE
1188721.140,X_LEG_1,34.81,23.18,-0.01,1,1593,1605,NE
1188721.160,X_LEG_1,34.81,23.18,-0.01,1,1593,1605,NE
1188721.181,X_LEG_1,34.72,23.10,0.00,1,1592,1605,NE
1188721.208,X_LEG_1,34.72,23.10,0.00,1,1592,1605,NE
1188721.228,X_LEG_1,34.72,23.10,0.00,1,1592,1605,NE
1188721.253,X_LEG_1,34.72,23.10,0.00,1,1592,1605,NE
1188721.273,X_LEG_1,34.72,23.10,0.00,1,1592,1605,NE
1188721.294,X_LEG_1,34.63,23.03,0.01,1,1592,1606,NE
1188721.315,X_LEG_1,34.63,23.03,0.01,1,1592,1606,NE
1188721.335,X_LEG_1,34.63,23.03,0.01,1,1592,1606,NE
1188721.361,X_LEG_1,34.63,23.03,0.01,1,1592,1606,NE
1188721.382,X_LEG_1,34.63,23.03,0.01,1,1592,1606,NE
1188721.405,X_LEG_1,34.63,23.03,0.01,1,1592,1606,NE
1188721.426,X_LEG_1,34.63,23.03,0.01,1,1592,1606,NE
1188721.449,X_LEG_1,34.63,23.03,0.01,1,1592,1606,NE
1188721.469,X_LEG_1,34.63,23.03,0.01,1,1592,1606,NE
1188721.490,X_LEG_1,34.63,23.03,0.01,1,1592,1606,NE
1188721.510,X_LEG_1,34.53,22.96,0.00,1,1592,1605,NE
1188721.531,X_LEG_1,34.53,22.96,0.00,1,1592,1605,NE
1188721.551,X_LEG_1,34.53,22.96,0.00,1,1592,1605,NE
1188721.572,X_LEG_1,34.53,22.96,0.00,1,1592,1605,NE
1188721.592,X_LEG_1,34.53,22.96,0.00,1,1592,1605,NE
1188721.613,X_LEG_1,34.44,22.88,-0.00,1,1592,1605,NE
1188721.634,X_LEG_1,34.44,22.88,-0.00,1,1592,1605,NE
1188721.654,X_LEG_1,34.44,22.88,-0.00,1,1592,1605,NE
1188721.677,X_LEG_1,34.44,22.88,-0.00,1,1592,1605,NE
1188721.698,X_LEG_1,34.44,22.88,-0.00,1,1592,1605,NE
1188721.721,X_LEG_1,34.35,22.81,-0.01,1,1591,1605,NE
1188721.746,X_LEG_1,34.35,22.81,-0.01,1,1591,1605,NE
1188721.766,X_LEG_1,34.35,22.81,-0.01,1,1591,1605,NE
1188721.787,X_LEG_1,34.35,22.81,-0.01,1,1591,1605,NE
1188721.807,X_LEG_1,34.35,22.81,-0.01,1,1591,1605,NE
1188721.832,X_LEG_1,34.35,22.81,-0.01,1,1591,1605,NE
1188721.852,X_LEG_1,34.35,22.81,-0.01,1,1591,1605,NE
1188721.872,X_LEG_1,34.35,22.81,-0.01,1,1591,1605,NE
1188721.893,X_LEG_1,34.35,22.81,-0.01,1,1591,1605,NE
1188721.916,X_LEG_1,34.35,22.81,-0.01,1,1591,1605,NE
1188721.937,X_LEG_1,34.25,22.74,-0.00,1,1591,1606,NE
1188721.958,X_LEG_1,34.25,22.74,-0.00,1,1591,1606,NE
1188721.978,X_LEG_1,34.25,22.74,-0.00,1,1591,1606,NE
1188721.998,X_LEG_1,34.25,22.74,-0.00,1,1591,1606,NE
1188722.019,X_LEG_1,34.25,22.74,-0.00,1,1591,1606,NE
1188722.043,X_LEG_1,34.15,22.67,-0.01,1,1591,1606,NE
1188722.063,X_LEG_1,34.15,22.67,-0.01,1,1591,1606,NE
1188722.084,X_LEG_1,34.15,22.67,-0.01,1,1591,1606,NE
1188722.105,X_LEG_1,34.15,22.67,-0.01,1,1591,1606,NE
1188722.126,X_LEG_1,34.15,22.67,-0.01,1,1591,1606,NE
1188722.149,X_LEG_1,34.15,22.67,-0.01,1,1591,1606,NE
1188722.170,X_LEG_1,34.15,22.67,-0.01,1,1591,1606,NE
1188722.190,X_LEG_1,34.15,22.67,-0.01,1,1591,1606,NE
1188722.211,X_LEG_1,34.15,22.67,-0.01,1,1591,1606,NE
1188722.231,X_LEG_1,34.15,22.67,-0.01,1,1591,1606,NE
1188722.252,X_LEG_1,34.05,22.60,-0.00,1,1590,1606,NE
1188722.275,X_LEG_1,34.05,22.60,-0.00,1,1590,1606,NE
1188722.295,X_LEG_1,34.05,22.60,-0.00,1,1590,1606,NE
1188722.317,X_LEG_1,34.05,22.60,-0.00,1,1590,1606,NE
1188722.338,X_LEG_1,34.05,22.60,-0.00,1,1590,1606,NE
1188722.358,X_LEG_1,33.95,22.53,-0.01,1,1590,1607,NE
1188722.380,X_LEG_1,33.95,22.53,-0.01,1,1590,1607,NE
1188722.400,X_LEG_1,33.95,22.53,-0.01,1,1590,1607,NE
1188722.420,X_LEG_1,33.95,22.53,-0.01,1,1590,1607,NE
1188722.441,X_LEG_1,33.95,22.53,-0.01,1,1590,1607,NE
1188722.461,X_LEG_1,33.85,22.45,-0.00,1,1590,1607,NE
1188722.482,X_LEG_1,33.85,22.45,-0.00,1,1590,1607,NE
1188722.502,X_LEG_1,33.85,22.45,-0.00,1,1590,1607,NE
1188722.524,X_LEG_1,33.85,22.45,-0.00,1,1590,1607,NE
1188722.544,X_LEG_1,33.85,22.45,-0.00,1,1590,1607,NE
1188722.568,X_LEG_1,33.74,22.39,-0.01,1,1590,1607,NE
1188722.588,X_LEG_1,33.74,22.39,-0.01,1,1590,1607,NE
1188722.609,X_LEG_1,33.74,22.39,-0.01,1,1590,1607,NE
1188722.629,X_LEG_1,33.74,22.39,-0.01,1,1590,1607,NE
1188722.651,X_LEG_1,33.74,22.39,-0.01,1,1590,1607,NE
1188722.671,X_LEG_1,33.74,22.39,-0.01,1,1590,1607,NE
1188722.692,X_LEG_1,33.74,22.39,-0.01,1,1590,1607,NE
1188722.712,X_LEG_1,33.74,22.39,-0.01,1,1590,1607,NE
1188722.735,X_LEG_1,33.74,22.39,-0.01,1,1590,1607,NE
1188722.756,X_LEG_1,33.74,22.39,-0.01,1,1590,1607,NE
1188722.776,X_LEG_1,33.63,22.31,-0.00,1,1589,1608,NE
1188722.799,X_LEG_1,33.63,22.31,-0.00,1,1589,1608,NE
1188722.818,X_LEG_1,33.63,22.31,-0.00,1,1589,1608,NE
1188722.838,X_LEG_1,33.63,22.31,-0.00,1,1589,1608,NE
1188722.859,X_LEG_1,33.63,22.31,-0.00,1,1589,1608,NE
1188722.879,X_LEG_1,33.53,22.25,-0.01,1,1589,1608,NE
1188722.900,X_LEG_1,33.53,22.25,-0.01,1,1589,1608,NE
1188722.920,X_LEG_1,33.53,22.25,-0.01,1,1589,1608,NE
1188722.941,X_LEG_1,33.53,22.25,-0.01,1,1589,1608,NE
1188722.962,X_LEG_1,33.53,22.25,-0.01,1,1589,1608,NE
1188722.982,X_LEG_1,33.42,22.17,-0.00,1,1589,1608,NE
1188723.003,X_LEG_1,33.42,22.17,-0.00,1,1589,1608,NE
1188723.026,X_LEG_1,33.42,22.17,-0.00,1,1589,1608,NE
1188723.046,X_LEG_1,33.42,22.17,-0.00,1,1589,1608,NE
1188723.067,X_LEG_1,33.42,22.17,-0.00,1,1589,1608,NE
1188723.090,X_LEG_1,33.31,22.10,-0.01,1,1588,1609,NE
1188723.113,X_LEG_1,33.31,22.10,-0.01,1,1588,1609,NE
1188723.133,X_LEG_1,33.31,22.10,-0.01,1,1588,1609,NE
1188723.155,X_LEG_1,33.31,22.10,-0.01,1,1588,1609,NE
1188723.176,X_LEG_1,33.31,22.10,-0.01,1,1588,1609,NE
1188723.196,X_LEG_1,33.31,22.10,-0.01,1,1588,1609,NE
1188723.218,X_LEG_1,33.31,22.10,-0.01,1,1588,1609,NE
1188723.241,X_LEG_1,33.31,22.10,-0.01,1,1588,1609,NE
1188723.262,X_LEG_1,33.31,22.10,-0.01,1,1588,1609,NE
1188723.288,X_LEG_1,33.31,22.10,-0.01,1,1588,1609,NE
1188723.310,X_LEG_1,33.20,22.04,-0.02,1,1588,1609,NE
1188723.332,X_LEG_1,33.20,22.04,-0.02,1,1588,1609,NE
1188723.350,X_LEG_1,33.20,22.04,-0.02,1,1588,1609,NE
1188723.371,X_LEG_1,33.20,22.04,-0.02,1,1588,1609,NE
1188723.392,X_LEG_1,33.20,22.04,-0.02,1,1588,1609,NE
1188723.412,X_LEG_1,33.08,21.97,-0.03,1,1588,1608,NE
1188723.433,X_LEG_1,33.08,21.97,-0.03,1,1588,1608,NE
1188723.455,X_LEG_1,33.08,21.97,-0.03,1,1588,1608,NE
1188723.476,X_LEG_1,33.08,21.97,-0.03,1,1588,1608,NE
1188723.496,X_LEG_1,33.08,21.97,-0.03,1,1588,1608,NE
1188723.517,X_LEG_1,33.08,21.97,-0.03,1,1588,1608,NE
1188723.538,X_LEG_1,33.08,21.97,-0.03,1,1588,1608,NE
1188723.559,X_LEG_1,33.08,21.97,-0.03,1,1588,1608,NE
1188723.580,X_LEG_1,33.08,21.97,-0.03,1,1588,1608,NE
1188723.602,X_LEG_1,33.08,21.97,-0.03,1,1588,1608,NE
1188723.628,X_LEG_1,32.97,21.90,-0.02,1,1588,1609,NE
1188723.648,X_LEG_1,32.97,21.90,-0.02,1,1588,1609,NE
1188723.671,X_LEG_1,32.97,21.90,-0.02,1,1588,1609,NE
1188723.691,X_LEG_1,32.97,21.90,-0.02,1,1588,1609,NE
1188723.712,X_LEG_1,32.97,21.90,-0.02,1,1588,1609,NE
1188723.733,X_LEG_1,32.85,21.83,-0.03,1,1587,1609,NE
1188723.754,X_LEG_1,32.85,21.83,-0.03,1,1587,1609,NE
1188723.774,X_LEG_1,32.85,21.83,-0.03,1,1587,1609,NE
1188723.795,X_LEG_1,32.85,21.83,-0.03,1,1587,1609,NE
1188723.815,X_LEG_1,32.85,21.83,-0.03,1,1587,1609,NE
1188723.836,X_LEG_1,32.85,21.83,-0.03,1,1587,1609,NE
1188723.857,X_LEG_1,32.85,21.83,-0.03,1,1587,1609,NE
1188723.880,X_LEG_1,32.85,21.83,-0.03,1,1587,1609,NE
1188723.900,X_LEG_1,32.85,21.83,-0.03,1,1587,1609,NE
1188723.928,X_LEG_1,32.85,21.83,-0.03,1,1587,1609,NE
1188723.955,X_LEG_1,32.74,21.76,-0.04,1,1587,1609,NE
1188723.977,X_LEG_1,32.74,21.76,-0.04,1,1587,1609,NE
1188724.006,X_LEG_1,32.74,21.76,-0.04,1,1587,1609,NE
1188724.036,X_LEG_1,32.74,21.76,-0.04,1,1587,1609,NE
1188724.066,X_LEG_1,32.74,21.76,-0.04,1,1587,1609,NE
1188724.088,X_LEG_1,32.74,21.76,-0.04,1,1587,1609,NE
1188724.108,X_LEG_1,32.74,21.76,-0.04,1,1587,1609,NE
1188724.130,X_LEG_1,32.74,21.76,-0.04,1,1587,1609,NE
1188724.151,X_LEG_1,32.62,21.69,-0.02,1,1587,1610,NE
1188724.171,X_LEG_1,32.62,21.69,-0.02,1,1587,1610,NE
1188724.192,X_LEG_1,32.62,21.69,-0.02,1,1587,1610,NE
1188724.219,X_LEG_1,32.62,21.69,-0.02,1,1587,1610,NE
1188724.239,X_LEG_1,32.62,21.69,-0.02,1,1587,1610,NE
1188724.260,X_LEG_1,32.50,21.63,-0.03,1,1587,1610,NE
1188724.280,X_LEG_1,32.50,21.63,-0.03,1,1587,1610,NE
1188724.301,X_LEG_1,32.50,21.63,-0.03,1,1587,1610,NE
1188724.326,X_LEG_1,32.50,21.63,-0.03,1,1587,1610,NE
1188724.349,X_LEG_1,32.50,21.63,-0.03,1,1587,1610,NE
1188724.371,X_LEG_1,32.50,21.63,-0.03,1,1587,1610,NE
1188724.392,X_LEG_1,32.50,21.63,-0.03,1,1587,1610,NE
1188724.415,X_LEG_1,32.50,21.63,-0.03,1,1587,1610,NE
1188724.433,X_LEG_1,32.50,21.63,-0.03,1,1587,1610,NE
1188724.454,X_LEG_1,32.50,21.63,-0.03,1,1587,1610,NE
1188724.475,X_LEG_1,32.37,21.56,-0.04,1,1586,1610,NE
1188724.498,X_LEG_1,32.37,21.56,-0.04,1,1586,1610,NE
1188724.519,X_LEG_1,32.37,21.56,-0.04,1,1586,1610,NE
1188724.542,X_LEG_1,32.37,21.56,-0.04,1,1586,1610,NE
1188724.562,X_LEG_1,32.37,21.56,-0.04,1,1586,1610,NE
1188724.582,X_LEG_1,32.25,21.49,-0.05,1,1586,1611,NE
1188724.606,X_LEG_1,32.25,21.49,-0.05,1,1586,1611,NE
1188724.626,X_LEG_1,32.25,21.49,-0.05,1,1586,1611,NE
1188724.646,X_LEG_1,32.25,21.49,-0.05,1,1586,1611,NE
1188724.667,X_LEG_1,32.25,21.49,-0.05,1,1586,1611,NE
1188724.687,X_LEG_1,32.13,21.43,-0.05,1,1586,1611,NE
1188724.708,X_LEG_1,32.13,21.43,-0.05,1,1586,1611,NE
1188724.729,X_LEG_1,32.13,21.43,-0.05,1,1586,1611,NE
1188724.750,X_LEG_1,32.13,21.43,-0.05,1,1586,1611,NE
1188724.772,X_LEG_1,32.13,21.43,-0.05,1,1586,1611,NE
1188724.791,X_LEG_1,32.00,21.36,-0.03,1,1585,1611,NE
1188724.811,X_LEG_1,32.00,21.36,-0.03,1,1585,1611,NE
1188724.831,X_LEG_1,32.00,21.36,-0.03,1,1585,1611,NE
1188724.853,X_LEG_1,32.00,21.36,-0.03,1,1585,1611,NE
1188724.874,X_LEG_1,32.00,21.36,-0.03,1,1585,1611,NE
1188724.894,X_LEG_1,31.87,21.29,-0.05,1,1585,1612,NE
1188724.917,X_LEG_1,31.87,21.29,-0.05,1,1585,1612,NE
1188724.937,X_LEG_1,31.87,21.29,-0.05,1,1585,1612,NE
1188724.957,X_LEG_1,31.87,21.29,-0.05,1,1585,1612,NE
1188724.978,X_LEG_1,31.87,21.29,-0.05,1,1585,1612,NE
1188724.998,X_LEG_1,31.75,21.23,-0.04,1,1585,1612,NE
1188725.019,X_LEG_1,31.75,21.23,-0.04,1,1585,1612,NE
1188725.039,X_LEG_1,31.75,21.23,-0.04,1,1585,1612,NE
1188725.062,X_LEG_1,31.75,21.23,-0.04,1,1585,1612,NE
1188725.090,X_LEG_1,31.75,21.23,-0.04,1,1585,1612,NE
1188725.110,X_LEG_1,31.75,21.23,-0.04,1,1585,1612,NE
1188725.131,X_LEG_1,31.75,21.23,-0.04,1,1585,1612,NE
1188725.151,X_LEG_1,31.75,21.23,-0.04,1,1585,1612,NE
1188725.171,X_LEG_1,31.75,21.23,-0.04,1,1585,1612,NE
1188725.193,X_LEG_1,31.75,21.23,-0.04,1,1585,1612,NE
1188725.213,X_LEG_1,31.62,21.16,-0.05,1,1585,1613,NE
1188725.234,X_LEG_1,31.62,21.16,-0.05,1,1585,1613,NE
1188725.255,X_LEG_1,31.62,21.16,-0.05,1,1585,1613,NE
1188725.275,X_LEG_1,31.62,21.16,-0.05,1,1585,1613,NE
1188725.296,X_LEG_1,31.62,21.16,-0.05,1,1585,1613,NE
1188725.316,X_LEG_1,31.48,21.10,-0.05,1,1584,1613,NE
1188725.337,X_LEG_1,31.48,21.10,-0.05,1,1584,1613,NE
1188725.357,X_LEG_1,31.48,21.10,-0.05,1,1584,1613,NE
1188725.382,X_LEG_1,31.48,21.10,-0.05,1,1584,1613,NE
1188725.402,X_LEG_1,31.48,21.10,-0.05,1,1584,1613,NE
1188725.423,X_LEG_1,31.35,21.03,-0.06,1,1584,1613,NE
1188725.443,X_LEG_1,31.35,21.03,-0.06,1,1584,1613,NE
1188725.464,X_LEG_1,31.35,21.03,-0.06,1,1584,1613,NE
1188725.484,X_LEG_1,31.35,21.03,-0.06,1,1584,1613,NE
1188725.505,X_LEG_1,31.35,21.03,-0.06,1,1584,1613,NE
1188725.528,X_LEG_1,31.22,20.97,-0.05,1,1584,1613,NE
1188725.548,X_LEG_1,31.22,20.97,-0.05,1,1584,1613,NE
1188725.569,X_LEG_1,31.22,20.97,-0.05,1,1584,1613,NE
1188725.589,X_LEG_1,31.22,20.97,-0.05,1,1584,1613,NE
1188725.610,X_LEG_1,31.22,20.97,-0.05,1,1584,1613,NE
1188725.631,X_LEG_1,31.08,20.91,-0.06,1,1584,1613,NE
1188725.651,X_LEG_1,31.08,20.91,-0.06,1,1584,1613,NE
1188725.672,X_LEG_1,31.08,20.91,-0.06,1,1584,1613,NE
1188725.693,X_LEG_1,31.08,20.91,-0.06,1,1584,1613,NE
1188725.713,X_LEG_1,31.08,20.91,-0.06,1,1584,1613,NE
1188725.734,X_LEG_1,30.95,20.85,-0.06,1,1583,1614,NE
1188725.754,X_LEG_1,30.95,20.85,-0.06,1,1583,1614,NE
1188725.774,X_LEG_1,30.95,20.85,-0.06,1,1583,1614,NE
1188725.794,X_LEG_1,30.95,20.85,-0.06,1,1583,1614,NE
1188725.816,X_LEG_1,30.95,20.85,-0.06,1,1583,1614,NE
1188725.836,X_LEG_1,30.74,20.75,-0.06,1,1583,1614,NE
1188725.857,X_LEG_1,30.74,20.75,-0.06,1,1583,1614,NE
1188725.877,X_LEG_1,30.74,20.75,-0.06,1,1583,1614,NE
1188725.898,X_LEG_1,30.74,20.75,-0.06,1,1583,1614,NE
1188725.918,X_LEG_1,30.74,20.75,-0.06,1,1583,1614,NE
1188725.939,X_LEG_1,30.60,20.68,-0.07,1,1583,1615,NE
1188725.959,X_LEG_1,30.60,20.68,-0.07,1,1583,1615,NE
1188725.981,X_LEG_1,30.60,20.68,-0.07,1,1583,1615,NE
1188726.001,X_LEG_1,30.60,20.68,-0.07,1,1583,1615,NE
1188726.022,X_LEG_1,30.60,20.68,-0.07,1,1583,1615,NE
1188726.042,X_LEG_1,30.60,20.68,-0.07,1,1583,1615,NE
1188726.062,X_LEG_1,30.60,20.68,-0.07,1,1583,1615,NE
1188726.084,X_LEG_1,30.60,20.68,-0.07,1,1583,1615,NE
1188726.104,X_LEG_1,30.60,20.68,-0.07,1,1583,1615,NE
1188726.125,X_LEG_1,30.60,20.68,-0.07,1,1583,1615,NE
1188726.146,X_LEG_1,30.39,20.59,-0.07,1,1582,1615,NE
1188726.167,X_LEG_1,30.39,20.59,-0.07,1,1582,1615,NE
1188726.188,X_LEG_1,30.39,20.59,-0.07,1,1582,1615,NE
1188726.208,X_LEG_1,30.39,20.59,-0.07,1,1582,1615,NE
1188726.232,X_LEG_1,30.39,20.59,-0.07,1,1582,1615,NE
1188726.253,X_LEG_1,30.24,20.53,-0.06,1,1582,1616,NE
1188726.273,X_LEG_1,30.24,20.53,-0.06,1,1582,1616,NE
1188726.297,X_LEG_1,30.24,20.53,-0.06,1,1582,1616,NE
1188726.317,X_LEG_1,30.24,20.53,-0.06,1,1582,1616,NE
1188726.338,X_LEG_1,30.24,20.53,-0.06,1,1582,1616,NE
1188726.358,X_LEG_1,30.10,20.47,-0.06,1,1582,1616,NE
1188726.380,X_LEG_1,30.10,20.47,-0.06,1,1582,1616,NE
1188726.400,X_LEG_1,30.10,20.47,-0.06,1,1582,1616,NE
1188726.421,X_LEG_1,30.10,20.47,-0.06,1,1582,1616,NE
1188726.441,X_LEG_1,30.10,20.47,-0.06,1,1582,1616,NE
1188726.462,X_LEG_1,29.95,20.40,-0.07,1,1582,1617,NE
1188726.482,X_LEG_1,29.95,20.40,-0.07,1,1582,1617,NE
1188726.502,X_LEG_1,29.95,20.40,-0.07,1,1582,1617,NE
1188726.523,X_LEG_1,29.95,20.40,-0.07,1,1582,1617,NE
1188726.544,X_LEG_1,29.95,20.40,-0.07,1,1582,1617,NE
1188726.564,X_LEG_1,29.81,20.35,-0.09,1,1581,1617,NE
1188726.585,X_LEG_1,29.81,20.35,-0.09,1,1581,1617,NE
1188726.606,X_LEG_1,29.81,20.35,-0.09,1,1581,1617,NE
1188726.626,X_LEG_1,29.81,20.35,-0.09,1,1581,1617,NE
1188726.646,X_LEG_1,29.81,20.35,-0.09,1,1581,1617,NE
1188726.668,X_LEG_1,29.66,20.29,-0.08,1,1581,1618,NE
1188726.688,X_LEG_1,29.66,20.29,-0.08,1,1581,1618,NE
1188726.709,X_LEG_1,29.66,20.29,-0.08,1,1581,1618,NE
1188726.731,X_LEG_1,29.66,20.29,-0.08,1,1581,1618,NE
1188726.752,X_LEG_1,29.66,20.29,-0.08,1,1581,1618,NE
1188726.773,X_LEG_1,29.43,20.19,-0.08,1,1581,1618,NE
1188726.794,X_LEG_1,29.43,20.19,-0.08,1,1581,1618,NE
1188726.814,X_LEG_1,29.43,20.19,-0.08,1,1581,1618,NE
1188726.835,X_LEG_1,29.43,20.19,-0.08,1,1581,1618,NE
1188726.855,X_LEG_1,29.43,20.19,-0.08,1,1581,1618,NE
1188726.878,X_LEG_1,29.43,20.19,-0.08,1,1581,1618,NE
1188726.898,X_LEG_1,29.43,20.19,-0.08,1,1581,1618,NE
1188726.921,X_LEG_1,29.43,20.19,-0.08,1,1581,1618,NE
1188726.942,X_LEG_1,29.43,20.19,-0.08,1,1581,1618,NE
1188726.964,X_LEG_1,29.43,20.19,-0.08,1,1581,1618,NE
1188726.985,X_LEG_1,29.21,20.10,-0.08,1,1580,1619,NE
1188727.005,X_LEG_1,29.21,20.10,-0.08,1,1580,1619,NE
1188727.026,X_LEG_1,29.21,20.10,-0.08,1,1580,1619,NE
1188727.047,X_LEG_1,29.21,20.10,-0.08,1,1580,1619,NE
1188727.068,X_LEG_1,29.21,20.10,-0.08,1,1580,1619,NE
1188727.089,X_LEG_1,29.21,20.10,-0.08,1,1580,1619,NE
1188727.112,X_LEG_1,29.21,20.10,-0.08,1,1580,1619,NE
1188727.129,X_LEG_1,29.21,20.10,-0.08,1,1580,1619,NE
1188727.151,X_LEG_1,29.21,20.10,-0.08,1,1580,1619,NE
1188727.172,X_LEG_1,29.21,20.10,-0.08,1,1580,1619,NE
1188727.192,X_LEG_1,28.90,19.98,-0.09,1,1580,1619,NE
1188727.213,X_LEG_1,28.90,19.98,-0.09,1,1580,1619,NE
1188727.233,X_LEG_1,28.90,19.98,-0.09,1,1580,1619,NE
1188727.253,X_LEG_1,28.90,19.98,-0.09,1,1580,1619,NE
1188727.274,X_LEG_1,28.90,19.98,-0.09,1,1580,1619,NE
1188727.295,X_LEG_1,28.75,19.92,-0.09,1,1580,1619,NE
1188727.315,X_LEG_1,28.75,19.92,-0.09,1,1580,1619,NE
1188727.337,X_LEG_1,28.75,19.92,-0.09,1,1580,1619,NE
1188727.358,X_LEG_1,28.75,19.92,-0.09,1,1580,1619,NE
1188727.381,X_LEG_1,28.75,19.92,-0.09,1,1580,1619,NE
1188727.406,X_LEG_1,28.75,19.92,-0.09,1,1580,1619,NE
1188727.427,X_LEG_1,28.75,19.92,-0.09,1,1580,1619,NE
1188727.448,X_LEG_1,28.75,19.92,-0.09,1,1580,1619,NE
1188727.468,X_LEG_1,28.75,19.92,-0.09,1,1580,1619,NE
1188727.490,X_LEG_1,28.75,19.92,-0.09,1,1580,1619,NE
1188727.510,X_LEG_1,28.59,19.86,-0.08,1,1579,1620,NE
1188727.531,X_LEG_1,28.59,19.86,-0.08,1,1579,1620,NE
1188727.551,X_LEG_1,28.59,19.86,-0.08,1,1579,1620,NE
1188727.572,X_LEG_1,28.59,19.86,-0.08,1,1579,1620,NE
1188727.593,X_LEG_1,28.59,19.86,-0.08,1,1579,1620,NE
1188727.613,X_LEG_1,28.27,19.75,-0.10,1,1579,1621,NE
1188727.634,X_LEG_1,28.27,19.75,-0.10,1,1579,1621,NE
1188727.654,X_LEG_1,28.27,19.75,-0.10,1,1579,1621,NE
1188727.675,X_LEG_1,28.27,19.75,-0.10,1,1579,1621,NE
1188727.696,X_LEG_1,28.27,19.75,-0.10,1,1579,1621,NE
1188727.716,X_LEG_1,28.27,19.75,-0.10,1,1579,1621,NE
1188727.738,X_LEG_1,28.27,19.75,-0.10,1,1579,1621,NE
1188727.759,X_LEG_1,28.27,19.75,-0.10,1,1579,1621,NE
1188727.780,X_LEG_1,28.27,19.75,-0.10,1,1579,1621,NE
1188727.800,X_LEG_1,28.27,19.75,-0.10,1,1579,1621,NE
1188727.822,X_LEG_1,28.11,19.69,-0.09,1,1579,1621,NE
1188727.842,X_LEG_1,28.11,19.69,-0.09,1,1579,1621,NE
1188727.862,X_LEG_1,28.11,19.69,-0.09,1,1579,1621,NE
1188727.883,X_LEG_1,28.11,19.69,-0.09,1,1579,1621,NE
1188727.904,X_LEG_1,28.11,19.69,-0.09,1,1579,1621,NE
1188727.925,X_LEG_1,27.95,19.63,-0.08,1,1579,1622,NE
1188727.946,X_LEG_1,27.95,19.63,-0.08,1,1579,1622,NE
1188727.967,X_LEG_1,27.95,19.63,-0.08,1,1579,1622,NE
1188727.988,X_LEG_1,27.95,19.63,-0.08,1,1579,1622,NE
1188728.013,X_LEG_1,27.95,19.63,-0.08,1,1579,1622,NE
1188728.035,X_LEG_1,27.95,19.63,-0.08,1,1579,1622,NE
1188728.057,X_LEG_1,27.95,19.63,-0.08,1,1579,1622,NE
1188728.077,X_LEG_1,27.95,19.63,-0.08,1,1579,1622,NE
1188728.098,X_LEG_1,27.95,19.63,-0.08,1,1579,1622,NE
1188728.118,X_LEG_1,27.95,19.63,-0.08,1,1579,1622,NE
1188728.139,X_LEG_1,27.54,19.48,-0.10,1,1578,1623,NE
1188728.160,X_LEG_1,27.54,19.48,-0.10,1,1578,1623,NE
1188728.180,X_LEG_1,27.54,19.48,-0.10,1,1578,1623,NE
1188728.200,X_LEG_1,27.54,19.48,-0.10,1,1578,1623,NE
1188728.221,X_LEG_1,27.54,19.48,-0.10,1,1578,1623,NE
1188728.242,X_LEG_1,27.38,19.43,-0.10,1,1578,1623,NE
1188728.266,X_LEG_1,27.38,19.43,-0.10,1,1578,1623,NE
1188728.288,X_LEG_1,27.38,19.43,-0.10,1,1578,1623,NE
1188728.309,X_LEG_1,27.38,19.43,-0.10,1,1578,1623,NE
1188728.329,X_LEG_1,27.38,19.43,-0.10,1,1578,1623,NE
1188728.352,X_LEG_1,27.38,19.43,-0.10,1,1578,1623,NE
1188728.373,X_LEG_1,27.38,19.43,-0.10,1,1578,1623,NE
1188728.394,X_LEG_1,27.38,19.43,-0.10,1,1578,1623,NE
1188728.414,X_LEG_1,27.38,19.43,-0.10,1,1578,1623,NE
1188728.434,X_LEG_1,27.38,19.43,-0.10,1,1578,1623,NE
1188728.455,X_LEG_1,27.21,19.37,-0.10,1,1577,1624,NE
1188728.475,X_LEG_1,27.21,19.37,-0.10,1,1577,1624,NE
1188728.496,X_LEG_1,27.21,19.37,-0.10,1,1577,1624,NE
1188728.516,X_LEG_1,27.21,19.37,-0.10,1,1577,1624,NE
1188728.537,X_LEG_1,27.21,19.37,-0.10,1,1577,1624,NE
1188728.557,X_LEG_1,27.05,19.32,-0.12,1,1577,1624,NE
1188728.578,X_LEG_1,27.05,19.32,-0.12,1,1577,1624,NE
1188728.600,X_LEG_1,27.05,19.32,-0.12,1,1577,1624,NE
1188728.621,X_LEG_1,27.05,19.32,-0.12,1,1577,1624,NE
1188728.641,X_LEG_1,27.05,19.32,-0.12,1,1577,1624,NE
1188728.664,X_LEG_1,27.05,19.32,-0.12,1,1577,1624,NE
1188728.687,X_LEG_1,27.05,19.32,-0.12,1,1577,1624,NE
1188728.709,X_LEG_1,27.05,19.32,-0.12,1,1577,1624,NE
1188728.729,X_LEG_1,27.05,19.32,-0.12,1,1577,1624,NE
1188728.750,X_LEG_1,27.05,19.32,-0.12,1,1577,1624,NE
1188728.775,X_LEG_1,26.88,19.26,-0.11,1,1577,1625,NE
1188728.795,X_LEG_1,26.88,19.26,-0.11,1,1577,1625,NE
1188728.818,X_LEG_1,26.88,19.26,-0.11,1,1577,1625,NE
1188728.838,X_LEG_1,26.88,19.26,-0.11,1,1577,1625,NE
1188728.859,X_LEG_1,26.88,19.26,-0.11,1,1577,1625,NE
1188728.880,X_LEG_1,26.71,19.20,-0.10,1,1577,1625,NE
1188728.902,X_LEG_1,26.71,19.20,-0.10,1,1577,1625,NE
1188728.922,X_LEG_1,26.71,19.20,-0.10,1,1577,1625,NE
1188728.942,X_LEG_1,26.71,19.20,-0.10,1,1577,1625,NE
1188728.962,X_LEG_1,26.71,19.20,-0.10,1,1577,1625,NE
1188728.983,X_LEG_1,26.54,19.14,-0.12,1,1577,1626,NE
1188729.003,X_LEG_1,26.54,19.14,-0.12,1,1577,1626,NE
1188729.023,X_LEG_1,26.54,19.14,-0.12,1,1577,1626,NE
1188729.044,X_LEG_1,26.54,19.14,-0.12,1,1577,1626,NE
1188729.067,X_LEG_1,26.54,19.14,-0.12,1,1577,1626,NE
1188729.087,X_LEG_1,26.37,19.10,-0.12,1,1576,1626,NE
1188729.111,X_LEG_1,26.37,19.10,-0.12,1,1576,1626,NE
1188729.132,X_LEG_1,26.37,19.10,-0.12,1,1576,1626,NE
1188729.152,X_LEG_1,26.37,19.10,-0.12,1,1576,1626,NE
1188729.172,X_LEG_1,26.37,19.10,-0.12,1,1576,1626,NE
1188729.193,X_LEG_1,26.20,19.04,-0.12,1,1576,1627,NE
1188729.213,X_LEG_1,26.20,19.04,-0.12,1,1576,1627,NE
1188729.234,X_LEG_1,26.20,19.04,-0.12,1,1576,1627,NE
1188729.256,X_LEG_1,26.20,19.04,-0.12,1,1576,1627,NE
1188729.275,X_LEG_1,26.20,19.04,-0.12,1,1576,1627,NE
1188729.299,X_LEG_1,26.03,18.98,-0.13,1,1576,1626,NE
1188729.320,X_LEG_1,26.03,18.98,-0.13,1,1576,1626,NE
1188729.341,X_LEG_1,26.03,18.98,-0.13,1,1576,1626,NE
1188729.363,X_LEG_1,26.03,18.98,-0.13,1,1576,1626,NE
1188729.383,X_LEG_1,26.03,18.98,-0.13,1,1576,1626,NE
1188729.404,X_LEG_1,26.03,18.98,-0.13,1,1576,1626,NE
1188729.426,X_LEG_1,26.03,18.98,-0.13,1,1576,1626,NE
1188729.446,X_LEG_1,26.03,18.98,-0.13,1,1576,1626,NE
1188729.470,X_LEG_1,26.03,18.98,-0.13,1,1576,1626,NE
1188729.490,X_LEG_1,26.03,18.98,-0.13,1,1576,1626,NE
1188729.513,X_LEG_1,25.85,18.93,-0.11,1,1576,1627,NE
1188729.533,X_LEG_1,25.85,18.93,-0.11,1,1576,1627,NE
1188729.554,X_LEG_1,25.85,18.93,-0.11,1,1576,1627,NE
1188729.576,X_LEG_1,25.85,18.93,-0.11,1,1576,1627,NE
1188729.596,X_LEG_1,25.85,18.93,-0.11,1,1576,1627,NE
1188729.617,X_LEG_1,25.68,18.87,-0.13,1,1575,1627,NE
1188729.638,X_LEG_1,25.68,18.87,-0.13,1,1575,1627,NE
1188729.658,X_LEG_1,25.68,18.87,-0.13,1,1575,1627,NE
1188729.680,X_LEG_1,25.68,18.87,-0.13,1,1575,1627,NE
1188729.700,X_LEG_1,25.68,18.87,-0.13,1,1575,1627,NE
1188729.721,X_LEG_1,25.50,18.81,-0.12,1,1575,1628,NE
1188729.741,X_LEG_1,25.50,18.81,-0.12,1,1575,1628,NE
1188729.763,X_LEG_1,25.50,18.81,-0.12,1,1575,1628,NE
1188729.786,X_LEG_1,25.50,18.81,-0.12,1,1575,1628,NE
1188729.807,X_LEG_1,25.50,18.81,-0.12,1,1575,1628,NE
1188729.827,X_LEG_1,25.32,18.77,-0.12,1,1575,1629,NE
1188729.848,X_LEG_1,25.32,18.77,-0.12,1,1575,1629,NE
1188729.869,X_LEG_1,25.32,18.77,-0.12,1,1575,1629,NE
1188729.890,X_LEG_1,25.32,18.77,-0.12,1,1575,1629,NE
1188729.910,X_LEG_1,25.32,18.77,-0.12,1,1575,1629,NE
1188729.931,X_LEG_1,25.15,18.71,-0.12,1,1575,1629,NE
1188729.953,X_LEG_1,25.15,18.71,-0.12,1,1575,1629,NE
1188729.974,X_LEG_1,25.15,18.71,-0.12,1,1575,1629,NE
1188729.994,X_LEG_1,25.15,18.71,-0.12,1,1575,1629,NE
1188730.015,X_LEG_1,25.15,18.71,-0.12,1,1575,1629,NE
1188730.036,X_LEG_1,24.97,18.65,-0.14,1,1575,1630,NE
1188730.057,X_LEG_1,24.97,18.65,-0.14,1,1575,1630,NE
1188730.078,X_LEG_1,24.97,18.65,-0.14,1,1575,1630,NE
1188730.098,X_LEG_1,24.97,18.65,-0.14,1,1575,1630,NE
1188730.118,X_LEG_1,24.97,18.65,-0.14,1,1575,1630,NE
1188730.141,X_LEG_1,24.79,18.60,-0.14,1,1574,1630,NE
1188730.162,X_LEG_1,24.79,18.60,-0.14,1,1574,1630,NE
1188730.194,X_LEG_1,24.79,18.60,-0.14,1,1574,1630,NE
1188730.239,X_LEG_1,24.79,18.60,-0.14,1,1574,1630,NE
1188730.261,X_LEG_1,24.79,18.60,-0.14,1,1574,1630,NE
1188730.282,X_LEG_1,24.61,18.54,-0.13,1,1574,1631,NE
1188730.302,X_LEG_1,24.61,18.54,-0.13,1,1574,1631,NE
1188730.331,X_LEG_1,24.61,18.54,-0.13,1,1574,1631,NE
1188730.355,X_LEG_1,24.61,18.54,-0.13,1,1574,1631,NE
1188730.377,X_LEG_1,24.61,18.54,-0.13,1,1574,1631,NE
1188730.398,X_LEG_1,24.61,18.54,-0.13,1,1574,1631,NE
1188730.419,X_LEG_1,24.61,18.54,-0.13,1,1574,1631,NE
1188730.439,X_LEG_1,24.61,18.54,-0.13,1,1574,1631,NE
1188730.460,X_LEG_1,24.61,18.54,-0.13,1,1574,1631,NE
1188730.492,X_LEG_1,24.61,18.54,-0.13,1,1574,1631,NE
1188730.520,X_LEG_1,24.43,18.50,-0.13,1,1574,1631,NE
1188730.551,X_LEG_1,24.43,18.50,-0.13,1,1574,1631,NE
1188730.588,X_LEG_1,24.43,18.50,-0.13,1,1574,1631,NE
1188730.611,X_LEG_1,24.43,18.50,-0.13,1,1574,1631,NE
1188730.637,X_LEG_1,24.25,18.44,-0.15,1,1574,1632,NE
1188730.662,X_LEG_1,24.25,18.44,-0.15,1,1574,1632,NE
1188730.681,X_LEG_1,24.25,18.44,-0.15,1,1574,1632,NE
1188730.702,X_LEG_1,24.25,18.44,-0.15,1,1574,1632,NE
1188730.722,X_LEG_1,24.25,18.44,-0.15,1,1574,1632,NE
1188730.744,X_LEG_1,24.25,18.44,-0.15,1,1574,1632,NE
1188730.763,X_LEG_1,24.25,18.44,-0.15,1,1574,1632,NE
1188730.786,X_LEG_1,24.25,18.44,-0.15,1,1574,1632,NE
1188730.807,X_LEG_1,24.25,18.44,-0.15,1,1574,1632,NE
1188730.828,X_LEG_1,24.25,18.44,-0.15,1,1574,1632,NE
1188730.855,X_LEG_1,24.06,18.39,-0.13,1,1574,1632,NE
1188730.876,X_LEG_1,24.06,18.39,-0.13,1,1574,1632,NE
1188730.898,X_LEG_1,24.06,18.39,-0.13,1,1574,1632,NE
1188730.919,X_LEG_1,24.06,18.39,-0.13,1,1574,1632,NE
1188730.939,X_LEG_1,24.06,18.39,-0.13,1,1574,1632,NE
1188730.960,X_LEG_1,23.88,18.34,-0.15,1,1573,1633,NE
1188730.980,X_LEG_1,23.88,18.34,-0.15,1,1573,1633,NE
1188731.001,X_LEG_1,23.88,18.34,-0.15,1,1573,1633,NE
1188731.025,X_LEG_1,23.88,18.34,-0.15,1,1573,1633,NE
1188731.046,X_LEG_1,23.88,18.34,-0.15,1,1573,1633,NE
1188731.069,X_LEG_1,23.70,18.29,-0.15,1,1573,1633,NE
1188731.089,X_LEG_1,23.70,18.29,-0.15,1,1573,1633,NE
1188731.110,X_LEG_1,23.70,18.29,-0.15,1,1573,1633,NE
1188731.133,X_LEG_1,23.70,18.29,-0.15,1,1573,1633,NE
1188731.153,X_LEG_1,23.70,18.29,-0.15,1,1573,1633,NE
1188731.173,X_LEG_1,23.51,18.24,-0.17,1,1573,1634,NE
1188731.194,X_LEG_1,23.51,18.24,-0.17,1,1573,1634,NE
1188731.215,X_LEG_1,23.51,18.24,-0.17,1,1573,1634,NE
1188731.237,X_LEG_1,23.51,18.24,-0.17,1,1573,1634,NE
1188731.257,X_LEG_1,23.51,18.24,-0.17,1,1573,1634,NE
1188731.277,X_LEG_1,23.33,18.18,-0.14,1,1573,1635,NE
1188731.299,X_LEG_1,23.33,18.18,-0.14,1,1573,1635,NE
1188731.319,X_LEG_1,23.33,18.18,-0.14,1,1573,1635,NE
1188731.341,X_LEG_1,23.33,18.18,-0.14,1,1573,1635,NE
1188731.365,X_LEG_1,23.33,18.18,-0.14,1,1573,1635,NE
1188731.388,X_LEG_1,23.33,18.18,-0.14,1,1573,1635,NE
1188731.410,X_LEG_1,23.33,18.18,-0.14,1,1573,1635,NE
1188731.430,X_LEG_1,23.33,18.18,-0.14,1,1573,1635,NE
1188731.451,X_LEG_1,23.33,18.18,-0.14,1,1573,1635,NE
1188731.471,X_LEG_1,23.33,18.18,-0.14,1,1573,1635,NE
1188731.491,X_LEG_1,23.14,18.13,-0.14,1,1573,1635,NE
1188731.512,X_LEG_1,23.14,18.13,-0.14,1,1573,1635,NE
1188731.541,X_LEG_1,23.14,18.13,-0.14,1,1573,1635,NE
1188731.562,X_LEG_1,23.14,18.13,-0.14,1,1573,1635,NE
1188731.582,X_LEG_1,23.14,18.13,-0.14,1,1573,1635,NE
1188731.603,X_LEG_1,22.95,18.08,-0.16,1,1572,1636,NE
1188731.623,X_LEG_1,22.95,18.08,-0.16,1,1572,1636,NE
1188731.644,X_LEG_1,22.95,18.08,-0.16,1,1572,1636,NE
1188731.664,X_LEG_1,22.95,18.08,-0.16,1,1572,1636,NE
1188731.684,X_LEG_1,22.95,18.08,-0.16,1,1572,1636,NE
1188731.705,X_LEG_1,22.76,18.03,-0.16,1,1572,1636,NE
1188731.726,X_LEG_1,22.76,18.03,-0.16,1,1572,1636,NE
1188731.746,X_LEG_1,22.76,18.03,-0.16,1,1572,1636,NE
1188731.768,X_LEG_1,22.76,18.03,-0.16,1,1572,1636,NE
1188731.788,X_LEG_1,22.76,18.03,-0.16,1,1572,1636,NE
1188731.808,X_LEG_1,22.58,17.98,-0.14,1,1572,1636,NE
1188731.832,X_LEG_1,22.58,17.98,-0.14,1,1572,1636,NE
1188731.854,X_LEG_1,22.58,17.98,-0.14,1,1572,1636,NE
1188731.875,X_LEG_1,22.58,17.98,-0.14,1,1572,1636,NE
1188731.896,X_LEG_1,22.58,17.98,-0.14,1,1572,1636,NE
1188731.917,X_LEG_1,22.39,17.92,-0.16,1,1572,1636,NE
1188731.938,X_LEG_1,22.39,17.92,-0.16,1,1572,1636,NE
1188731.958,X_LEG_1,22.39,17.92,-0.16,1,1572,1636,NE
1188731.979,X_LEG_1,22.39,17.92,-0.16,1,1572,1636,NE
1188731.999,X_LEG_1,22.39,17.92,-0.16,1,1572,1636,NE
1188732.021,X_LEG_1,22.39,17.92,-0.16,1,1572,1636,NE
1188732.040,X_LEG_1,22.39,17.92,-0.16,1,1572,1636,NE
1188732.061,X_LEG_1,22.39,17.92,-0.16,1,1572,1636,NE
1188732.082,X_LEG_1,22.39,17.92,-0.16,1,1572,1636,NE
1188732.101,X_LEG_1,22.39,17.92,-0.16,1,1572,1636,NE
1188732.122,X_LEG_1,22.20,17.88,-0.16,1,1572,1637,NE
1188732.143,X_LEG_1,22.20,17.88,-0.16,1,1572,1637,NE
1188732.163,X_LEG_1,22.20,17.88,-0.16,1,1572,1637,NE
1188732.187,X_LEG_1,22.20,17.88,-0.16,1,1572,1637,NE
1188732.206,X_LEG_1,22.20,17.88,-0.16,1,1572,1637,NE
1188732.226,X_LEG_1,22.01,17.83,-0.16,1,1571,1637,NE
1188732.247,X_LEG_1,22.01,17.83,-0.16,1,1571,1637,NE
1188732.269,X_LEG_1,22.01,17.83,-0.16,1,1571,1637,NE
1188732.289,X_LEG_1,22.01,17.83,-0.16,1,1571,1637,NE
1188732.310,X_LEG_1,22.01,17.83,-0.16,1,1571,1637,NE
1188732.330,X_LEG_1,21.81,17.78,-0.18,1,1571,1638,NE
1188732.351,X_LEG_1,21.81,17.78,-0.18,1,1571,1638,NE
1188732.371,X_LEG_1,21.81,17.78,-0.18,1,1571,1638,NE
1188732.393,X_LEG_1,21.81,17.78,-0.18,1,1571,1638,NE
1188732.414,X_LEG_1,21.81,17.78,-0.18,1,1571,1638,NE
1188732.434,X_LEG_1,21.62,17.73,-0.18,1,1571,1639,NE
1188732.455,X_LEG_1,21.62,17.73,-0.18,1,1571,1639,NE
1188732.476,X_LEG_1,21.62,17.73,-0.18,1,1571,1639,NE
1188732.496,X_LEG_1,21.62,17.73,-0.18,1,1571,1639,NE
1188732.517,X_LEG_1,21.62,17.73,-0.18,1,1571,1639,NE
1188732.537,X_LEG_1,21.62,17.73,-0.18,1,1571,1639,NE
1188732.558,X_LEG_1,21.62,17.73,-0.18,1,1571,1639,NE
1188732.582,X_LEG_1,21.62,17.73,-0.18,1,1571,1639,NE
1188732.603,X_LEG_1,21.62,17.73,-0.18,1,1571,1639,NE
1188732.623,X_LEG_1,21.62,17.73,-0.18,1,1571,1639,NE
1188732.643,X_LEG_1,21.43,17.68,-0.18,1,1571,1639,NE
1188732.664,X_LEG_1,21.43,17.68,-0.18,1,1571,1639,NE
1188732.685,X_LEG_1,21.43,17.68,-0.18,1,1571,1639,NE
1188732.705,X_LEG_1,21.43,17.68,-0.18,1,1571,1639,NE
1188732.726,X_LEG_1,21.43,17.68,-0.18,1,1571,1639,NE
1188732.753,X_LEG_1,21.24,17.64,-0.18,1,1571,1640,NE
1188732.773,X_LEG_1,21.24,17.64,-0.18,1,1571,1640,NE
1188732.794,X_LEG_1,21.24,17.64,-0.18,1,1571,1640,NE
1188732.815,X_LEG_1,21.24,17.64,-0.18,1,1571,1640,NE
1188732.837,X_LEG_1,21.24,17.64,-0.18,1,1571,1640,NE
1188732.859,X_LEG_1,21.04,17.58,-0.15,1,1570,1640,NE
1188732.880,X_LEG_1,21.04,17.58,-0.15,1,1570,1640,NE
1188732.900,X_LEG_1,21.04,17.58,-0.15,1,1570,1640,NE
1188732.921,X_LEG_1,21.04,17.58,-0.15,1,1570,1640,NE
1188732.941,X_LEG_1,21.04,17.58,-0.15,1,1570,1640,NE
1188732.963,X_LEG_1,20.85,17.53,-0.17,1,1570,1641,NE
1188732.984,X_LEG_1,20.85,17.53,-0.17,1,1570,1641,NE
1188733.004,X_LEG_1,20.85,17.53,-0.17,1,1570,1641,NE
1188733.025,X_LEG_1,20.85,17.53,-0.17,1,1570,1641,NE
1188733.045,X_LEG_1,20.85,17.53,-0.17,1,1570,1641,NE
1188733.066,X_LEG_1,20.65,17.48,-0.17,1,1570,1642,NE
1188733.087,X_LEG_1,20.65,17.48,-0.17,1,1570,1642,NE
1188733.107,X_LEG_1,20.65,17.48,-0.17,1,1570,1642,NE
1188733.128,X_LEG_1,20.65,17.48,-0.17,1,1570,1642,NE
1188733.148,X_LEG_1,20.65,17.48,-0.17,1,1570,1642,NE
1188733.169,X_LEG_1,20.46,17.43,-0.17,1,1570,1642,NE
1188733.190,X_LEG_1,20.46,17.43,-0.17,1,1570,1642,NE
1188733.210,X_LEG_1,20.46,17.43,-0.17,1,1570,1642,NE
1188733.235,X_LEG_1,20.46,17.43,-0.17,1,1570,1642,NE
1188733.255,X_LEG_1,20.46,17.43,-0.17,1,1570,1642,NE
1188733.276,X_LEG_1,20.16,17.37,-0.19,1,1569,1643,NE
1188733.297,X_LEG_1,20.16,17.37,-0.19,1,1569,1643,NE
1188733.319,X_LEG_1,20.16,17.37,-0.19,1,1569,1643,NE
1188733.340,X_LEG_1,20.16,17.37,-0.19,1,1569,1643,NE
1188733.361,X_LEG_1,20.16,17.37,-0.19,1,1569,1643,NE
1188733.384,X_LEG_1,19.97,17.32,-0.19,1,1569,1644,NE
1188733.403,X_LEG_1,19.97,17.32,-0.19,1,1569,1644,NE
1188733.423,X_LEG_1,19.97,17.32,-0.19,1,1569,1644,NE
1188733.444,X_LEG_1,19.97,17.32,-0.19,1,1569,1644,NE
1188733.465,X_LEG_1,19.97,17.32,-0.19,1,1569,1644,NE
1188733.485,X_LEG_1,19.77,17.27,-0.19,1,1569,1644,NE
1188733.506,X_LEG_1,19.77,17.27,-0.19,1,1569,1644,NE
1188733.526,X_LEG_1,19.77,17.27,-0.19,1,1569,1644,NE
1188733.547,X_LEG_1,19.77,17.27,-0.19,1,1569,1644,NE
1188733.567,X_LEG_1,19.77,17.27,-0.19,1,1569,1644,NE
1188733.588,X_LEG_1,19.57,17.22,-0.19,1,1569,1645,NE
1188733.608,X_LEG_1,19.57,17.22,-0.19,1,1569,1645,NE
1188733.629,X_LEG_1,19.57,17.22,-0.19,1,1569,1645,NE
1188733.649,X_LEG_1,19.57,17.22,-0.19,1,1569,1645,NE
1188733.670,X_LEG_1,19.57,17.22,-0.19,1,1569,1645,NE
1188733.690,X_LEG_1,19.37,17.18,-0.19,1,1569,1645,NE
1188733.711,X_LEG_1,19.37,17.18,-0.19,1,1569,1645,NE
1188733.732,X_LEG_1,19.37,17.18,-0.19,1,1569,1645,NE
1188733.752,X_LEG_1,19.37,17.18,-0.19,1,1569,1645,NE
1188733.775,X_LEG_1,19.37,17.18,-0.19,1,1569,1645,NE
1188733.795,X_LEG_1,19.37,17.18,-0.19,1,1569,1645,NE
1188733.816,X_LEG_1,19.37,17.18,-0.19,1,1569,1645,NE
1188733.836,X_LEG_1,19.37,17.18,-0.19,1,1569,1645,NE
1188733.856,X_LEG_1,19.37,17.18,-0.19,1,1569,1645,NE
1188733.887,X_LEG_1,19.37,17.18,-0.19,1,1569,1645,NE
1188733.911,X_LEG_1,19.07,17.10,-0.18,1,1568,1646,NE
1188733.933,X_LEG_1,19.07,17.10,-0.18,1,1568,1646,NE
1188733.953,X_LEG_1,19.07,17.10,-0.18,1,1568,1646,NE
1188733.975,X_LEG_1,19.07,17.10,-0.18,1,1568,1646,NE
1188733.995,X_LEG_1,19.07,17.10,-0.18,1,1568,1646,NE
1188734.017,X_LEG_1,18.87,17.06,-0.18,1,1568,1647,NE
1188734.038,X_LEG_1,18.87,17.06,-0.18,1,1568,1647,NE
1188734.058,X_LEG_1,18.87,17.06,-0.18,1,1568,1647,NE
1188734.078,X_LEG_1,18.87,17.06,-0.18,1,1568,1647,NE
1188734.099,X_LEG_1,18.87,17.06,-0.18,1,1568,1647,NE
1188734.119,X_LEG_1,18.67,17.02,-0.20,1,1568,1647,NE
1188734.149,X_LEG_1,18.67,17.02,-0.20,1,1568,1647,NE
1188734.169,X_LEG_1,18.67,17.02,-0.20,1,1568,1647,NE
1188734.199,X_LEG_1,18.67,17.02,-0.20,1,1568,1647,NE
1188734.221,X_LEG_1,18.67,17.02,-0.20,1,1568,1647,NE
1188734.240,X_LEG_1,18.67,17.02,-0.20,1,1568,1647,NE
1188734.260,X_LEG_1,18.67,17.02,-0.20,1,1568,1647,NE
1188734.281,X_LEG_1,18.67,17.02,-0.20,1,1568,1647,NE
1188734.301,X_LEG_1,18.67,17.02,-0.20,1,1568,1647,NE
1188734.322,X_LEG_1,18.67,17.02,-0.20,1,1568,1647,NE
1188734.342,X_LEG_1,18.47,16.97,-0.21,1,1568,1647,NE
1188734.362,X_LEG_1,18.47,16.97,-0.21,1,1568,1647,NE
1188734.383,X_LEG_1,18.47,16.97,-0.21,1,1568,1647,NE
1188734.403,X_LEG_1,18.47,16.97,-0.21,1,1568,1647,NE
1188734.425,X_LEG_1,18.47,16.97,-0.21,1,1568,1647,NE
1188734.446,X_LEG_1,18.27,16.92,-0.21,1,1568,1648,NE
1188734.467,X_LEG_1,18.27,16.92,-0.21,1,1568,1648,NE
1188734.487,X_LEG_1,18.27,16.92,-0.21,1,1568,1648,NE
1188734.508,X_LEG_1,18.27,16.92,-0.21,1,1568,1648,NE
1188734.528,X_LEG_1,18.27,16.92,-0.21,1,1568,1648,NE
1188734.549,X_LEG_1,18.27,16.92,-0.21,1,1568,1648,NE
1188734.570,X_LEG_1,18.27,16.92,-0.21,1,1568,1648,NE
1188734.590,X_LEG_1,18.27,16.92,-0.21,1,1568,1648,NE
1188734.611,X_LEG_1,18.27,16.92,-0.21,1,1568,1648,NE
1188734.631,X_LEG_1,18.27,16.92,-0.21,1,1568,1648,NE
1188734.652,X_LEG_1,18.07,16.87,-0.21,1,1567,1648,NE
1188734.673,X_LEG_1,18.07,16.87,-0.21,1,1567,1648,NE
1188734.694,X_LEG_1,18.07,16.87,-0.21,1,1567,1648,NE
1188734.714,X_LEG_1,18.07,16.87,-0.21,1,1567,1648,NE
1188734.736,X_LEG_1,18.07,16.87,-0.21,1,1567,1648,NE
1188734.757,X_LEG_1,17.87,16.83,-0.21,1,1567,1649,NE
1188734.777,X_LEG_1,17.87,16.83,-0.21,1,1567,1649,NE
1188734.798,X_LEG_1,17.87,16.83,-0.21,1,1567,1649,NE
1188734.818,X_LEG_1,17.87,16.83,-0.21,1,1567,1649,NE
1188734.838,X_LEG_1,17.87,16.83,-0.21,1,1567,1649,NE
1188734.861,X_LEG_1,17.67,16.78,-0.21,1,1567,1649,NE
1188734.882,X_LEG_1,17.67,16.78,-0.21,1,1567,1649,NE
1188734.903,X_LEG_1,17.67,16.78,-0.21,1,1567,1649,NE
1188734.923,X_LEG_1,17.67,16.78,-0.21,1,1567,1649,NE
1188734.944,X_LEG_1,17.67,16.78,-0.21,1,1567,1649,NE
1188734.966,X_LEG_1,17.37,16.72,-0.20,1,1567,1650,NE
1188734.986,X_LEG_1,17.37,16.72,-0.20,1,1567,1650,NE
1188735.007,X_LEG_1,17.37,16.72,-0.20,1,1567,1650,NE
1188735.028,X_LEG_1,17.37,16.72,-0.20,1,1567,1650,NE
1188735.048,X_LEG_1,17.37,16.72,-0.20,1,1567,1650,NE
1188735.070,X_LEG_1,17.06,16.65,-0.22,1,1567,1651,NE
1188735.090,X_LEG_1,17.06,16.65,-0.22,1,1567,1651,NE
1188735.111,X_LEG_1,17.06,16.65,-0.22,1,1567,1651,NE
1188735.131,X_LEG_1,17.06,16.65,-0.22,1,1567,1651,NE
1188735.154,X_LEG_1,17.06,16.65,-0.22,1,1567,1651,NE
1188735.174,X_LEG_1,17.06,16.65,-0.22,1,1567,1651,NE
1188735.195,X_LEG_1,17.06,16.65,-0.22,1,1567,1651,NE
1188735.215,X_LEG_1,17.06,16.65,-0.22,1,1567,1651,NE
1188735.236,X_LEG_1,17.06,16.65,-0.22,1,1567,1651,NE
1188735.257,X_LEG_1,17.06,16.65,-0.22,1,1567,1651,NE
1188735.277,X_LEG_1,16.86,16.61,-0.22,1,1566,1652,NE
1188735.298,X_LEG_1,16.86,16.61,-0.22,1,1566,1652,NE
1188735.318,X_LEG_1,16.86,16.61,-0.22,1,1566,1652,NE
1188735.348,X_LEG_1,16.86,16.61,-0.22,1,1566,1652,NE
1188735.369,X_LEG_1,16.86,16.61,-0.22,1,1566,1652,NE
1188735.391,X_LEG_1,16.66,16.56,-0.22,1,1566,1653,NE
1188735.413,X_LEG_1,16.66,16.56,-0.22,1,1566,1653,NE
1188735.434,X_LEG_1,16.66,16.56,-0.22,1,1566,1653,NE
1188735.454,X_LEG_1,16.66,16.56,-0.22,1,1566,1653,NE
1188735.476,X_LEG_1,16.66,16.56,-0.22,1,1566,1653,NE
1188735.499,X_LEG_1,16.45,16.52,-0.20,1,1566,1653,NE
1188735.519,X_LEG_1,16.45,16.52,-0.20,1,1566,1653,NE
1188735.540,X_LEG_1,16.45,16.52,-0.20,1,1566,1653,NE
1188735.561,X_LEG_1,16.45,16.52,-0.20,1,1566,1653,NE
1188735.582,X_LEG_1,16.45,16.52,-0.20,1,1566,1653,NE
1188735.604,X_LEG_1,16.25,16.47,-0.20,1,1566,1654,NE
1188735.624,X_LEG_1,16.25,16.47,-0.20,1,1566,1654,NE
1188735.646,X_LEG_1,16.25,16.47,-0.20,1,1566,1654,NE
1188735.666,X_LEG_1,16.25,16.47,-0.20,1,1566,1654,NE
1188735.686,X_LEG_1,16.25,16.47,-0.20,1,1566,1654,NE
1188735.707,X_LEG_1,16.05,16.43,-0.23,1,1566,1654,NE
1188735.729,X_LEG_1,16.05,16.43,-0.23,1,1566,1654,NE
1188735.750,X_LEG_1,16.05,16.43,-0.23,1,1566,1654,NE
1188735.771,X_LEG_1,16.05,16.43,-0.23,1,1566,1654,NE
1188735.792,X_LEG_1,16.05,16.43,-0.23,1,1566,1654,NE
1188735.812,X_LEG_1,15.84,16.38,-0.23,1,1566,1655,NE
1188735.835,X_LEG_1,15.84,16.38,-0.23,1,1566,1655,NE
1188735.855,X_LEG_1,15.84,16.38,-0.23,1,1566,1655,NE
1188735.875,X_LEG_1,15.84,16.38,-0.23,1,1566,1655,NE
1188735.897,X_LEG_1,15.84,16.38,-0.23,1,1566,1655,NE
1188735.917,X_LEG_1,15.64,16.34,-0.21,1,1565,1656,NE
1188735.937,X_LEG_1,15.64,16.34,-0.21,1,1565,1656,NE
1188735.959,X_LEG_1,15.64,16.34,-0.21,1,1565,1656,NE
1188735.982,X_LEG_1,15.64,16.34,-0.21,1,1565,1656,NE
1188736.002,X_LEG_1,15.64,16.34,-0.21,1,1565,1656,NE
1188736.022,X_LEG_1,15.43,16.29,-0.21,1,1565,1656,NE
1188736.043,X_LEG_1,15.43,16.29,-0.21,1,1565,1656,NE
1188736.063,X_LEG_1,15.43,16.29,-0.21,1,1565,1656,NE
1188736.084,X_LEG_1,15.43,16.29,-0.21,1,1565,1656,NE
1188736.105,X_LEG_1,15.43,16.29,-0.21,1,1565,1656,NE
1188736.125,X_LEG_1,15.23,16.26,-0.24,1,1565,1657,NE
1188736.146,X_LEG_1,15.23,16.26,-0.24,1,1565,1657,NE
1188736.167,X_LEG_1,15.23,16.26,-0.24,1,1565,1657,NE
1188736.187,X_LEG_1,15.23,16.26,-0.24,1,1565,1657,NE
1188736.207,X_LEG_1,15.23,16.26,-0.24,1,1565,1657,NE
1188736.229,X_LEG_1,15.03,16.21,-0.21,1,1565,1657,NE
1188736.249,X_LEG_1,15.03,16.21,-0.21,1,1565,1657,NE
1188736.270,X_LEG_1,15.03,16.21,-0.21,1,1565,1657,NE
1188736.292,X_LEG_1,15.03,16.21,-0.21,1,1565,1657,NE
1188736.313,X_LEG_1,15.03,16.21,-0.21,1,1565,1657,NE
1188736.334,X_LEG_1,15.03,16.21,-0.21,1,1565,1657,NE
1188736.355,X_LEG_1,15.03,16.21,-0.21,1,1565,1657,NE
1188736.377,X_LEG_1,15.03,16.21,-0.21,1,1565,1657,NE
1188736.400,X_LEG_1,15.03,16.21,-0.21,1,1565,1657,NE
1188736.421,X_LEG_1,15.03,16.21,-0.21,1,1565,1657,NE
1188736.444,X_LEG_1,14.82,16.17,-0.22,1,1565,1657,NE
1188736.467,X_LEG_1,14.82,16.17,-0.22,1,1565,1657,NE
1188736.488,X_LEG_1,14.82,16.17,-0.22,1,1565,1657,NE
1188736.508,X_LEG_1,14.82,16.17,-0.22,1,1565,1657,NE
1188736.529,X_LEG_1,14.82,16.17,-0.22,1,1565,1657,NE
1188736.552,X_LEG_1,14.61,16.13,-0.24,1,1565,1658,NE
1188736.574,X_LEG_1,14.61,16.13,-0.24,1,1565,1658,NE
1188736.594,X_LEG_1,14.61,16.13,-0.24,1,1565,1658,NE
1188736.618,X_LEG_1,14.61,16.13,-0.24,1,1565,1658,NE
1188736.638,X_LEG_1,14.61,16.13,-0.24,1,1565,1658,NE
1188736.663,X_LEG_1,14.41,16.09,-0.22,1,1564,1658,NE
1188736.684,X_LEG_1,14.41,16.09,-0.22,1,1564,1658,NE
1188736.704,X_LEG_1,14.41,16.09,-0.22,1,1564,1658,NE
1188736.725,X_LEG_1,14.41,16.09,-0.22,1,1564,1658,NE
1188736.745,X_LEG_1,14.41,16.09,-0.22,1,1564,1658,NE
1188736.766,X_LEG_1,14.21,16.04,-0.22,1,1564,1659,NE
1188736.786,X_LEG_1,14.21,16.04,-0.22,1,1564,1659,NE
1188736.807,X_LEG_1,14.21,16.04,-0.22,1,1564,1659,NE
1188736.828,X_LEG_1,14.21,16.04,-0.22,1,1564,1659,NE
1188736.850,X_LEG_1,14.21,16.04,-0.22,1,1564,1659,NE
1188736.871,X_LEG_1,14.00,16.00,-0.25,1,1564,1659,NE
1188736.892,X_LEG_1,14.00,16.00,-0.25,1,1564,1659,NE
1188736.913,X_LEG_1,14.00,16.00,-0.25,1,1564,1659,NE
1188736.934,X_LEG_1,14.00,16.00,-0.25,1,1564,1659,NE
1188736.954,X_LEG_1,14.00,16.00,-0.25,1,1564,1659,NE
1188736.975,X_LEG_1,13.79,15.96,-0.23,1,1564,1659,NE
1188736.995,X_LEG_1,13.79,15.96,-0.23,1,1564,1659,NE
1188737.016,X_LEG_1,13.79,15.96,-0.23,1,1564,1659,NE
1188737.039,X_LEG_1,13.79,15.96,-0.23,1,1564,1659,NE
1188737.057,X_LEG_1,13.79,15.96,-0.23,1,1564,1659,NE
1188737.077,X_LEG_1,13.79,15.96,-0.23,1,1564,1659,NE
1188737.097,X_LEG_1,13.79,15.96,-0.23,1,1564,1659,NE
1188737.118,X_LEG_1,13.79,15.96,-0.23,1,1564,1659,NE
1188737.138,X_LEG_1,13.79,15.96,-0.23,1,1564,1659,NE
1188737.159,X_LEG_1,13.79,15.96,-0.23,1,1564,1659,NE
1188737.179,X_LEG_1,13.59,15.91,-0.23,1,1564,1660,NE
1188737.199,X_LEG_1,13.59,15.91,-0.23,1,1564,1660,NE
1188737.219,X_LEG_1,13.59,15.91,-0.23,1,1564,1660,NE
1188737.241,X_LEG_1,13.59,15.91,-0.23,1,1564,1660,NE
1188737.261,X_LEG_1,13.59,15.91,-0.23,1,1564,1660,NE
1188737.282,X_LEG_1,13.39,15.88,-0.24,1,1564,1660,NE
1188737.303,X_LEG_1,13.39,15.88,-0.24,1,1564,1660,NE
1188737.324,X_LEG_1,13.39,15.88,-0.24,1,1564,1660,NE
1188737.347,X_LEG_1,13.39,15.88,-0.24,1,1564,1660,NE
1188737.367,X_LEG_1,13.39,15.88,-0.24,1,1564,1660,NE
1188737.388,X_LEG_1,13.39,15.88,-0.24,1,1564,1660,NE
1188737.408,X_LEG_1,13.39,15.88,-0.24,1,1564,1660,NE
1188737.429,X_LEG_1,13.39,15.88,-0.24,1,1564,1660,NE
1188737.449,X_LEG_1,13.39,15.88,-0.24,1,1564,1660,NE
1188737.471,X_LEG_1,13.39,15.88,-0.24,1,1564,1660,NE
1188737.491,X_LEG_1,13.18,15.83,-0.24,1,1563,1661,NE
1188737.512,X_LEG_1,13.18,15.83,-0.24,1,1563,1661,NE
1188737.532,X_LEG_1,13.18,15.83,-0.24,1,1563,1661,NE
1188737.553,X_LEG_1,13.18,15.83,-0.24,1,1563,1661,NE
1188737.573,X_LEG_1,13.18,15.83,-0.24,1,1563,1661,NE
1188737.594,X_LEG_1,12.97,15.80,-0.25,1,1563,1662,NE
1188737.615,X_LEG_1,12.97,15.80,-0.25,1,1563,1662,NE
1188737.635,X_LEG_1,12.97,15.80,-0.25,1,1563,1662,NE
1188737.656,X_LEG_1,12.97,15.80,-0.25,1,1563,1662,NE
1188737.676,X_LEG_1,12.97,15.80,-0.25,1,1563,1662,NE
1188737.697,X_LEG_1,12.77,15.75,-0.25,1,1563,1662,NE
1188737.718,X_LEG_1,12.77,15.75,-0.25,1,1563,1662,NE
1188737.739,X_LEG_1,12.77,15.75,-0.25,1,1563,1662,NE
1188737.761,X_LEG_1,12.77,15.75,-0.25,1,1563,1662,NE
1188737.788,X_LEG_1,12.77,15.75,-0.25,1,1563,1662,NE
1188737.810,X_LEG_1,12.57,15.71,-0.23,1,1563,1663,NE
1188737.829,X_LEG_1,12.57,15.71,-0.23,1,1563,1663,NE
1188737.852,X_LEG_1,12.57,15.71,-0.23,1,1563,1663,NE
1188737.877,X_LEG_1,12.57,15.71,-0.23,1,1563,1663,NE
1188737.900,X_LEG_1,12.57,15.71,-0.23,1,1563,1663,NE
1188737.920,X_LEG_1,12.36,15.67,-0.26,1,1563,1663,NE
1188737.940,X_LEG_1,12.36,15.67,-0.26,1,1563,1663,NE
1188737.961,X_LEG_1,12.36,15.67,-0.26,1,1563,1663,NE
1188737.981,X_LEG_1,12.36,15.67,-0.26,1,1563,1663,NE
1188738.003,X_LEG_1,12.36,15.67,-0.26,1,1563,1663,NE
1188738.023,X_LEG_1,12.36,15.67,-0.26,1,1563,1663,NE
1188738.043,X_LEG_1,12.36,15.67,-0.26,1,1563,1663,NE
1188738.064,X_LEG_1,12.36,15.67,-0.26,1,1563,1663,NE
1188738.084,X_LEG_1,12.36,15.67,-0.26,1,1563,1663,NE
1188738.108,X_LEG_1,12.36,15.67,-0.26,1,1563,1663,NE
1188738.128,X_LEG_1,12.15,15.63,-0.24,1,1563,1664,NE
1188738.148,X_LEG_1,12.15,15.63,-0.24,1,1563,1664,NE
1188738.171,X_LEG_1,12.15,15.63,-0.24,1,1563,1664,NE
1188738.191,X_LEG_1,12.15,15.63,-0.24,1,1563,1664,NE
1188738.212,X_LEG_1,12.15,15.63,-0.24,1,1563,1664,NE
1188738.232,X_LEG_1,11.95,15.59,-0.27,1,1562,1665,NE
1188738.253,X_LEG_1,11.95,15.59,-0.27,1,1562,1665,NE
1188738.274,X_LEG_1,11.95,15.59,-0.27,1,1562,1665,NE
1188738.294,X_LEG_1,11.95,15.59,-0.27,1,1562,1665,NE
1188738.315,X_LEG_1,11.95,15.59,-0.27,1,1562,1665,NE
1188738.337,X_LEG_1,11.75,15.55,-0.25,1,1562,1665,NE
1188738.357,X_LEG_1,11.75,15.55,-0.25,1,1562,1665,NE
1188738.378,X_LEG_1,11.75,15.55,-0.25,1,1562,1665,NE
1188738.398,X_LEG_1,11.75,15.55,-0.25,1,1562,1665,NE
1188738.419,X_LEG_1,11.75,15.55,-0.25,1,1562,1665,NE
1188738.439,X_LEG_1,11.54,15.51,-0.25,1,1562,1666,NE
1188738.460,X_LEG_1,11.54,15.51,-0.25,1,1562,1666,NE
1188738.480,X_LEG_1,11.54,15.51,-0.25,1,1562,1666,NE
1188738.501,X_LEG_1,11.54,15.51,-0.25,1,1562,1666,NE
1188738.523,X_LEG_1,11.54,15.51,-0.25,1,1562,1666,NE
1188738.543,X_LEG_1,11.54,15.51,-0.25,1,1562,1666,NE
1188738.563,X_LEG_1,11.54,15.51,-0.25,1,1562,1666,NE
1188738.584,X_LEG_1,11.54,15.51,-0.25,1,1562,1666,NE
1188738.605,X_LEG_1,11.54,15.51,-0.25,1,1562,1666,NE
1188738.625,X_LEG_1,11.54,15.51,-0.25,1,1562,1666,NE
1188738.646,X_LEG_1,11.34,15.47,-0.25,1,1562,1666,NE
1188738.666,X_LEG_1,11.34,15.47,-0.25,1,1562,1666,NE
1188738.687,X_LEG_1,11.34,15.47,-0.25,1,1562,1666,NE
1188738.707,X_LEG_1,11.34,15.47,-0.25,1,1562,1666,NE
1188738.728,X_LEG_1,11.34,15.47,-0.25,1,1562,1666,NE
1188738.748,X_LEG_1,11.13,15.43,-0.26,1,1562,1667,NE
1188738.769,X_LEG_1,11.13,15.43,-0.26,1,1562,1667,NE
1188738.789,X_LEG_1,11.13,15.43,-0.26,1,1562,1667,NE
1188738.810,X_LEG_1,11.13,15.43,-0.26,1,1562,1667,NE
1188738.830,X_LEG_1,11.13,15.43,-0.26,1,1562,1667,NE
1188738.851,X_LEG_1,10.93,15.39,-0.26,1,1562,1668,NE
1188738.872,X_LEG_1,10.93,15.39,-0.26,1,1562,1668,NE
1188738.892,X_LEG_1,10.93,15.39,-0.26,1,1562,1668,NE
1188738.914,X_LEG_1,10.93,15.39,-0.26,1,1562,1668,NE
1188738.934,X_LEG_1,10.93,15.39,-0.26,1,1562,1668,NE
1188738.955,X_LEG_1,10.73,15.35,-0.27,1,1561,1668,NE
1188738.977,X_LEG_1,10.73,15.35,-0.27,1,1561,1668,NE
1188738.997,X_LEG_1,10.73,15.35,-0.27,1,1561,1668,NE
1188739.018,X_LEG_1,10.73,15.35,-0.27,1,1561,1668,NE
1188739.038,X_LEG_1,10.73,15.35,-0.27,1,1561,1668,NE
1188739.059,X_LEG_1,10.42,15.29,-0.27,1,1561,1669,NE
1188739.080,X_LEG_1,10.42,15.29,-0.27,1,1561,1669,NE
1188739.100,X_LEG_1,10.42,15.29,-0.27,1,1561,1669,NE
1188739.122,X_LEG_1,10.42,15.29,-0.27,1,1561,1669,NE
1188739.142,X_LEG_1,10.42,15.29,-0.27,1,1561,1669,NE
1188739.163,X_LEG_1,10.11,15.23,-0.26,1,1561,1670,NE
1188739.185,X_LEG_1,10.11,15.23,-0.26,1,1561,1670,NE
1188739.206,X_LEG_1,10.11,15.23,-0.26,1,1561,1670,NE
1188739.226,X_LEG_1,10.11,15.23,-0.26,1,1561,1670,NE
1188739.247,X_LEG_1,10.11,15.23,-0.26,1,1561,1670,NE
1188739.268,X_LEG_1,10.11,15.23,-0.26,1,1561,1670,NE
1188739.288,X_LEG_1,10.11,15.23,-0.26,1,1561,1670,NE
1188739.308,X_LEG_1,10.11,15.23,-0.26,1,1561,1670,NE
1188739.329,X_LEG_1,10.11,15.23,-0.26,1,1561,1670,NE
1188739.349,X_LEG_1,10.11,15.23,-0.26,1,1561,1670,NE
1188739.370,X_LEG_1,9.61,15.14,-0.26,1,1561,1672,NE
1188739.390,X_LEG_1,9.61,15.14,-0.26,1,1561,1672,NE
1188739.418,X_LEG_1,9.61,15.14,-0.26,1,1561,1672,NE
1188739.438,X_LEG_1,9.61,15.14,-0.26,1,1561,1672,NE
1188739.458,X_LEG_1,9.61,15.14,-0.26,1,1561,1672,NE
1188739.479,X_LEG_1,9.41,15.10,-0.29,1,1560,1672,NE
1188739.499,X_LEG_1,9.41,15.10,-0.29,1,1560,1672,NE
1188739.520,X_LEG_1,9.41,15.10,-0.29,1,1560,1672,NE
1188739.542,X_LEG_1,9.41,15.10,-0.29,1,1560,1672,NE
1188739.561,X_LEG_1,9.41,15.10,-0.29,1,1560,1672,NE
1188739.581,X_LEG_1,9.41,15.10,-0.29,1,1560,1672,NE
1188739.604,X_LEG_1,9.41,15.10,-0.29,1,1560,1672,NE
1188739.625,X_LEG_1,9.41,15.10,-0.29,1,1560,1672,NE
1188739.647,X_LEG_1,9.41,15.10,-0.29,1,1560,1672,NE
1188739.667,X_LEG_1,9.41,15.10,-0.29,1,1560,1672,NE
1188739.688,X_LEG_1,9.41,15.10,-0.29,1,1560,1672,NE
1188739.709,X_LEG_1,9.41,15.10,-0.29,1,1560,1672,NE
1188739.729,X_LEG_1,9.41,15.10,-0.29,1,1560,1672,NE
1188739.749,X_LEG_1,9.41,15.10,-0.29,1,1560,1672,NE
1188739.770,X_LEG_1,9.41,15.10,-0.29,1,1560,1672,NE
1188739.792,X_LEG_1,9.11,15.04,-0.26,1,1560,1673,NE
1188739.813,X_LEG_1,9.11,15.04,-0.26,1,1560,1673,NE
1188739.834,X_LEG_1,9.11,15.04,-0.26,1,1560,1673,NE
1188739.854,X_LEG_1,9.11,15.04,-0.26,1,1560,1673,NE
1188739.876,X_LEG_1,9.11,15.04,-0.26,1,1560,1673,NE
1188739.896,X_LEG_1,8.90,15.00,-0.29,1,1560,1674,NE
1188739.918,X_LEG_1,8.90,15.00,-0.29,1,1560,1674,NE
1188739.938,X_LEG_1,8.90,15.00,-0.29,1,1560,1674,NE
1188739.959,X_LEG_1,8.90,15.00,-0.29,1,1560,1674,NE
1188739.979,X_LEG_1,8.90,15.00,-0.29,1,1560,1674,NE
1188740.000,X_LEG_1,8.60,14.95,-0.26,1,1560,1674,NE
1188740.020,X_LEG_1,8.60,14.95,-0.26,1,1560,1674,NE
1188740.041,X_LEG_1,8.60,14.95,-0.26,1,1560,1674,NE
1188740.063,X_LEG_1,8.60,14.95,-0.26,1,1560,1674,NE
1188740.083,X_LEG_1,8.60,14.95,-0.26,1,1560,1674,NE
1188740.105,X_LEG_1,8.40,14.91,-0.29,1,1560,1674,NE
1188740.125,X_LEG_1,8.40,14.91,-0.29,1,1560,1674,NE
1188740.145,X_LEG_1,8.40,14.91,-0.29,1,1560,1674,NE
1188740.166,X_LEG_1,8.40,14.91,-0.29,1,1560,1674,NE
1188740.191,X_LEG_1,8.40,14.91,-0.29,1,1560,1674,NE
1188740.211,X_LEG_1,8.20,14.87,-0.27,1,1559,1675,NE
1188740.234,X_LEG_1,8.20,14.87,-0.27,1,1559,1675,NE
1188740.254,X_LEG_1,8.20,14.87,-0.27,1,1559,1675,NE
1188740.274,X_LEG_1,8.20,14.87,-0.27,1,1559,1675,NE
1188740.295,X_LEG_1,8.20,14.87,-0.27,1,1559,1675,NE
1188740.317,X_LEG_1,8.20,14.87,-0.27,1,1559,1675,NE
1188740.341,X_LEG_1,8.20,14.87,-0.27,1,1559,1675,NE
1188740.367,X_LEG_1,8.20,14.87,-0.27,1,1559,1675,NE
1188740.390,X_LEG_1,8.20,14.87,-0.27,1,1559,1675,NE
1188740.420,X_LEG_1,8.20,14.87,-0.27,1,1559,1675,NE
1188740.445,X_LEG_1,8.00,14.83,-0.28,1,1559,1676,NE
1188740.467,X_LEG_1,8.00,14.83,-0.28,1,1559,1676,NE
1188740.490,X_LEG_1,8.00,14.83,-0.28,1,1559,1676,NE
1188740.509,X_LEG_1,8.00,14.83,-0.28,1,1559,1676,NE
1188740.532,X_LEG_1,8.00,14.83,-0.28,1,1559,1676,NE
1188740.552,X_LEG_1,7.80,14.80,-0.29,1,1559,1676,NE
1188740.573,X_LEG_1,7.80,14.80,-0.29,1,1559,1676,NE
1188740.593,X_LEG_1,7.80,14.80,-0.29,1,1559,1676,NE
1188740.614,X_LEG_1,7.80,14.80,-0.29,1,1559,1676,NE
1188740.635,X_LEG_1,7.80,14.80,-0.29,1,1559,1676,NE
1188740.656,X_LEG_1,7.61,14.76,-0.27,1,1559,1677,NE
1188740.677,X_LEG_1,7.61,14.76,-0.27,1,1559,1677,NE
1188740.698,X_LEG_1,7.61,14.76,-0.27,1,1559,1677,NE
1188740.718,X_LEG_1,7.61,14.76,-0.27,1,1559,1677,NE
1188740.740,X_LEG_1,7.61,14.76,-0.27,1,1559,1677,NE
1188740.769,X_LEG_1,7.61,14.76,-0.27,1,1559,1677,NE
1188740.789,X_LEG_1,7.61,14.76,-0.27,1,1559,1677,NE
1188740.810,X_LEG_1,7.61,14.76,-0.27,1,1559,1677,NE
1188740.834,X_LEG_1,7.61,14.76,-0.27,1,1559,1677,NE
1188740.854,X_LEG_1,7.61,14.76,-0.27,1,1559,1677,NE
1188740.875,X_LEG_1,7.41,14.72,-0.30,1,1559,1677,NE
1188740.895,X_LEG_1,7.41,14.72,-0.30,1,1559,1677,NE
1188740.916,X_LEG_1,7.41,14.72,-0.30,1,1559,1677,NE
1188740.937,X_LEG_1,7.41,14.72,-0.30,1,1559,1677,NE
1188740.957,X_LEG_1,7.41,14.72,-0.30,1,1559,1677,NE
1188740.977,X_LEG_1,7.21,14.69,-0.31,1,1559,1678,NE
1188740.999,X_LEG_1,7.21,14.69,-0.31,1,1559,1678,NE
1188741.019,X_LEG_1,7.21,14.69,-0.31,1,1559,1678,NE
1188741.040,X_LEG_1,7.21,14.69,-0.31,1,1559,1678,NE
1188741.061,X_LEG_1,7.21,14.69,-0.31,1,1559,1678,NE
1188741.084,X_LEG_1,7.01,14.65,-0.28,1,1559,1678,NE
1188741.104,X_LEG_1,7.01,14.65,-0.28,1,1559,1678,NE
1188741.125,X_LEG_1,7.01,14.65,-0.28,1,1559,1678,NE
1188741.145,X_LEG_1,7.01,14.65,-0.28,1,1559,1678,NE
1188741.166,X_LEG_1,7.01,14.65,-0.28,1,1559,1678,NE
1188741.186,X_LEG_1,6.82,14.61,-0.29,1,1558,1679,NE
1188741.206,X_LEG_1,6.82,14.61,-0.29,1,1558,1679,NE
1188741.227,X_LEG_1,6.82,14.61,-0.29,1,1558,1679,NE
1188741.247,X_LEG_1,6.82,14.61,-0.29,1,1558,1679,NE
1188741.268,X_LEG_1,6.82,14.61,-0.29,1,1558,1679,NE
1188741.289,X_LEG_1,6.62,14.58,-0.30,1,1558,1680,NE
1188741.309,X_LEG_1,6.62,14.58,-0.30,1,1558,1680,NE
1188741.330,X_LEG_1,6.62,14.58,-0.30,1,1558,1680,NE
1188741.350,X_LEG_1,6.62,14.58,-0.30,1,1558,1680,NE
1188741.371,X_LEG_1,6.62,14.58,-0.30,1,1558,1680,NE
1188741.391,X_LEG_1,6.33,14.52,-0.30,1,1558,1681,NE
1188741.412,X_LEG_1,6.33,14.52,-0.30,1,1558,1681,NE
1188741.433,X_LEG_1,6.33,14.52,-0.30,1,1558,1681,NE
1188741.453,X_LEG_1,6.33,14.52,-0.30,1,1558,1681,NE
1188741.474,X_LEG_1,6.33,14.52,-0.30,1,1558,1681,NE
1188741.494,X_LEG_1,6.13,14.48,-0.30,1,1558,1681,NE
1188741.515,X_LEG_1,6.13,14.48,-0.30,1,1558,1681,NE
1188741.535,X_LEG_1,6.13,14.48,-0.30,1,1558,1681,NE
1188741.559,X_LEG_1,6.13,14.48,-0.30,1,1558,1681,NE
1188741.579,X_LEG_1,6.13,14.48,-0.30,1,1558,1681,NE
1188741.600,X_LEG_1,5.94,14.45,-0.31,1,1558,1682,NE
1188741.620,X_LEG_1,5.94,14.45,-0.31,1,1558,1682,NE
1188741.642,X_LEG_1,5.94,14.45,-0.31,1,1558,1682,NE
1188741.670,X_LEG_1,5.94,14.45,-0.31,1,1558,1682,NE
1188741.690,X_LEG_1,5.94,14.45,-0.31,1,1558,1682,NE
1188741.711,X_LEG_1,5.75,14.41,-0.29,1,1558,1682,NE
1188741.731,X_LEG_1,5.75,14.41,-0.29,1,1558,1682,NE
1188741.751,X_LEG_1,5.75,14.41,-0.29,1,1558,1682,NE
1188741.773,X_LEG_1,5.75,14.41,-0.29,1,1558,1682,NE
1188741.793,X_LEG_1,5.75,14.41,-0.29,1,1558,1682,NE
1188741.814,X_LEG_1,5.55,14.38,-0.30,1,1558,1683,NE
1188741.834,X_LEG_1,5.55,14.38,-0.30,1,1558,1683,NE
1188741.855,X_LEG_1,5.55,14.38,-0.30,1,1558,1683,NE
1188741.875,X_LEG_1,5.55,14.38,-0.30,1,1558,1683,NE
1188741.896,X_LEG_1,5.55,14.38,-0.30,1,1558,1683,NE
1188741.916,X_LEG_1,5.55,14.38,-0.30,1,1558,1683,NE
1188741.937,X_LEG_1,5.55,14.38,-0.30,1,1558,1683,NE
1188741.959,X_LEG_1,5.55,14.38,-0.30,1,1558,1683,NE
1188741.981,X_LEG_1,5.55,14.38,-0.30,1,1558,1683,NE
1188742.001,X_LEG_1,5.55,14.38,-0.30,1,1558,1683,NE
1188742.022,X_LEG_1,5.36,14.34,-0.31,1,1557,1683,NE
1188742.042,X_LEG_1,5.36,14.34,-0.31,1,1557,1683,NE
1188742.063,X_LEG_1,5.36,14.34,-0.31,1,1557,1683,NE
1188742.084,X_LEG_1,5.36,14.34,-0.31,1,1557,1683,NE
1188742.104,X_LEG_1,5.36,14.34,-0.31,1,1557,1683,NE
1188742.125,X_LEG_1,5.17,14.31,-0.32,1,1557,1684,NE
1188742.145,X_LEG_1,5.17,14.31,-0.32,1,1557,1684,NE
1188742.166,X_LEG_1,5.17,14.31,-0.32,1,1557,1684,NE
1188742.186,X_LEG_1,5.17,14.31,-0.32,1,1557,1684,NE
1188742.210,X_LEG_1,5.17,14.31,-0.32,1,1557,1684,NE
1188742.230,X_LEG_1,4.98,14.27,-0.29,1,1557,1685,NE
1188742.250,X_LEG_1,4.98,14.27,-0.29,1,1557,1685,NE
1188742.271,X_LEG_1,4.98,14.27,-0.29,1,1557,1685,NE
1188742.292,X_LEG_1,4.98,14.27,-0.29,1,1557,1685,NE
1188742.312,X_LEG_1,4.98,14.27,-0.29,1,1557,1685,NE
1188742.355,X_LEG_1,4.79,14.23,-0.30,1,1557,1685,NE
1188742.376,X_LEG_1,4.79,14.23,-0.30,1,1557,1685,NE
1188742.397,X_LEG_1,4.79,14.23,-0.30,1,1557,1685,NE
1188742.417,X_LEG_1,4.79,14.23,-0.30,1,1557,1685,NE
1188742.439,X_LEG_1,4.60,14.20,-0.31,1,1557,1686,NE
1188742.460,X_LEG_1,4.60,14.20,-0.31,1,1557,1686,NE
1188742.480,X_LEG_1,4.60,14.20,-0.31,1,1557,1686,NE
1188742.502,X_LEG_1,4.60,14.20,-0.31,1,1557,1686,NE
1188742.522,X_LEG_1,4.60,14.20,-0.31,1,1557,1686,NE
1188742.543,X_LEG_1,4.60,14.20,-0.31,1,1557,1686,NE
1188742.564,X_LEG_1,4.60,14.20,-0.31,1,1557,1686,NE
1188742.584,X_LEG_1,4.60,14.20,-0.31,1,1557,1686,NE
1188742.604,X_LEG_1,4.60,14.20,-0.31,1,1557,1686,NE
1188742.625,X_LEG_1,4.60,14.20,-0.31,1,1557,1686,NE
1188742.646,X_LEG_1,4.41,14.17,-0.32,1,1557,1686,NE
1188742.666,X_LEG_1,4.41,14.17,-0.32,1,1557,1686,NE
1188742.687,X_LEG_1,4.41,14.17,-0.32,1,1557,1686,NE
1188742.708,X_LEG_1,4.41,14.17,-0.32,1,1557,1686,NE
1188742.728,X_LEG_1,4.41,14.17,-0.32,1,1557,1686,NE
1188742.749,X_LEG_1,4.23,14.13,-0.30,1,1557,1687,NE
1188742.773,X_LEG_1,4.23,14.13,-0.30,1,1557,1687,NE
1188742.793,X_LEG_1,4.23,14.13,-0.30,1,1557,1687,NE
1188742.816,X_LEG_1,4.23,14.13,-0.30,1,1557,1687,NE
1188742.837,X_LEG_1,4.23,14.13,-0.30,1,1557,1687,NE
1188742.857,X_LEG_1,4.04,14.09,-0.30,1,1556,1687,NE
1188742.878,X_LEG_1,4.04,14.09,-0.30,1,1556,1687,NE
1188742.898,X_LEG_1,4.04,14.09,-0.30,1,1556,1687,NE
1188742.919,X_LEG_1,4.04,14.09,-0.30,1,1556,1687,NE
1188742.942,X_LEG_1,4.04,14.09,-0.30,1,1556,1687,NE
1188742.964,X_LEG_1,3.85,14.06,-0.31,1,1556,1688,NE
1188742.982,X_LEG_1,3.85,14.06,-0.31,1,1556,1688,NE
1188743.003,X_LEG_1,3.85,14.06,-0.31,1,1556,1688,NE
1188743.024,X_LEG_1,3.85,14.06,-0.31,1,1556,1688,NE
1188743.044,X_LEG_1,3.85,14.06,-0.31,1,1556,1688,NE
1188743.065,X_LEG_1,3.67,14.03,-0.32,1,1556,1688,NE
1188743.085,X_LEG_1,3.67,14.03,-0.32,1,1556,1688,NE
1188743.106,X_LEG_1,3.67,14.03,-0.32,1,1556,1688,NE
1188743.126,X_LEG_1,3.67,14.03,-0.32,1,1556,1688,NE
1188743.148,X_LEG_1,3.67,14.03,-0.32,1,1556,1688,NE
1188743.168,X_LEG_1,3.49,14.00,-0.31,1,1556,1688,NE
1188743.188,X_LEG_1,3.49,14.00,-0.31,1,1556,1688,NE
1188743.208,X_LEG_1,3.49,14.00,-0.31,1,1556,1688,NE
1188743.229,X_LEG_1,3.49,14.00,-0.31,1,1556,1688,NE
1188743.251,X_LEG_1,3.49,14.00,-0.31,1,1556,1688,NE
1188743.271,X_LEG_1,3.30,13.96,-0.28,1,1556,1689,NE
1188743.291,X_LEG_1,3.30,13.96,-0.28,1,1556,1689,NE
1188743.312,X_LEG_1,3.30,13.96,-0.28,1,1556,1689,NE
1188743.336,X_LEG_1,3.30,13.96,-0.28,1,1556,1689,NE
1188743.357,X_LEG_1,3.30,13.96,-0.28,1,1556,1689,NE
1188743.378,X_LEG_1,3.30,13.96,-0.28,1,1556,1689,NE
1188743.398,X_LEG_1,3.30,13.96,-0.28,1,1556,1689,NE
1188743.423,X_LEG_1,3.30,13.96,-0.28,1,1556,1689,NE
1188743.441,X_LEG_1,3.30,13.96,-0.28,1,1556,1689,NE
1188743.462,X_LEG_1,3.30,13.96,-0.28,1,1556,1689,NE
1188743.482,X_LEG_1,3.12,13.92,-0.29,1,1556,1689,NE
1188743.503,X_LEG_1,3.12,13.92,-0.29,1,1556,1689,NE
1188743.523,X_LEG_1,3.12,13.92,-0.29,1,1556,1689,NE
1188743.544,X_LEG_1,3.12,13.92,-0.29,1,1556,1689,NE
1188743.564,X_LEG_1,3.12,13.92,-0.29,1,1556,1689,NE
1188743.585,X_LEG_1,2.85,13.87,-0.32,1,1555,1690,NE
1188743.606,X_LEG_1,2.85,13.87,-0.32,1,1555,1690,NE
1188743.627,X_LEG_1,2.85,13.87,-0.32,1,1555,1690,NE
1188743.647,X_LEG_1,2.85,13.87,-0.32,1,1555,1690,NE
1188743.667,X_LEG_1,2.85,13.87,-0.32,1,1555,1690,NE
1188743.689,X_LEG_1,2.67,13.84,-0.30,1,1555,1690,NE
1188743.710,X_LEG_1,2.67,13.84,-0.30,1,1555,1690,NE
1188743.730,X_LEG_1,2.67,13.84,-0.30,1,1555,1690,NE
1188743.751,X_LEG_1,2.67,13.84,-0.30,1,1555,1690,NE
1188743.771,X_LEG_1,2.67,13.84,-0.30,1,1555,1690,NE
1188743.791,X_LEG_1,2.49,13.81,-0.31,1,1555,1691,NE
1188743.812,X_LEG_1,2.49,13.81,-0.31,1,1555,1691,NE
1188743.833,X_LEG_1,2.49,13.81,-0.31,1,1555,1691,NE
1188743.853,X_LEG_1,2.49,13.81,-0.31,1,1555,1691,NE
1188743.874,X_LEG_1,2.49,13.81,-0.31,1,1555,1691,NE
1188743.896,X_LEG_1,2.49,13.81,-0.31,1,1555,1691,NE
1188743.919,X_LEG_1,2.49,13.81,-0.31,1,1555,1691,NE
1188743.941,X_LEG_1,2.49,13.81,-0.31,1,1555,1691,NE
1188743.961,X_LEG_1,2.49,13.81,-0.31,1,1555,1691,NE
1188743.981,X_LEG_1,2.49,13.81,-0.31,1,1555,1691,NE
1188744.008,X_LEG_1,2.31,13.78,-0.32,1,1555,1692,NE
1188744.030,X_LEG_1,2.31,13.78,-0.32,1,1555,1692,NE
1188744.052,X_LEG_1,2.31,13.78,-0.32,1,1555,1692,NE
1188744.072,X_LEG_1,2.31,13.78,-0.32,1,1555,1692,NE
1188744.092,X_LEG_1,2.31,13.78,-0.32,1,1555,1692,NE
1188744.112,X_LEG_1,2.13,13.74,-0.30,1,1555,1692,NE
1188744.133,X_LEG_1,2.13,13.74,-0.30,1,1555,1692,NE
1188744.153,X_LEG_1,2.13,13.74,-0.30,1,1555,1692,NE
1188744.174,X_LEG_1,2.13,13.74,-0.30,1,1555,1692,NE
1188744.195,X_LEG_1,2.13,13.74,-0.30,1,1555,1692,NE
1188744.224,X_LEG_1,1.95,13.70,-0.31,1,1555,1693,NE
1188744.245,X_LEG_1,1.95,13.70,-0.31,1,1555,1693,NE
1188744.265,X_LEG_1,1.95,13.70,-0.31,1,1555,1693,NE
1188744.287,X_LEG_1,1.95,13.70,-0.31,1,1555,1693,NE
1188744.307,X_LEG_1,1.95,13.70,-0.31,1,1555,1693,NE
1188744.328,X_LEG_1,1.78,13.67,-0.31,1,1555,1693,NE
1188744.349,X_LEG_1,1.78,13.67,-0.31,1,1555,1693,NE
1188744.369,X_LEG_1,1.78,13.67,-0.31,1,1555,1693,NE
1188744.389,X_LEG_1,1.78,13.67,-0.31,1,1555,1693,NE
1188744.410,X_LEG_1,1.78,13.67,-0.31,1,1555,1693,NE
1188744.431,X_LEG_1,1.78,13.67,-0.31,1,1555,1693,NE
1188744.452,X_LEG_1,1.78,13.67,-0.31,1,1555,1693,NE
1188744.472,X_LEG_1,1.78,13.67,-0.31,1,1555,1693,NE
1188744.495,X_LEG_1,1.78,13.67,-0.31,1,1555,1693,NE
1188744.518,X_LEG_1,1.78,13.67,-0.31,1,1555,1693,NE
1188744.539,X_LEG_1,1.60,13.64,-0.30,1,1555,1694,NE
1188744.560,X_LEG_1,1.60,13.64,-0.30,1,1555,1694,NE
1188744.580,X_LEG_1,1.60,13.64,-0.30,1,1555,1694,NE
1188744.601,X_LEG_1,1.60,13.64,-0.30,1,1555,1694,NE
1188744.622,X_LEG_1,1.60,13.64,-0.30,1,1555,1694,NE
1188744.643,X_LEG_1,1.43,13.61,-0.31,1,1554,1694,NE
1188744.663,X_LEG_1,1.43,13.61,-0.31,1,1554,1694,NE
1188744.684,X_LEG_1,1.43,13.61,-0.31,1,1554,1694,NE
1188744.704,X_LEG_1,1.43,13.61,-0.31,1,1554,1694,NE
1188744.725,X_LEG_1,1.43,13.61,-0.31,1,1554,1694,NE
1188744.748,X_LEG_1,1.43,13.61,-0.31,1,1554,1694,NE
1188744.769,X_LEG_1,1.43,13.61,-0.31,1,1554,1694,NE
1188744.789,X_LEG_1,1.43,13.61,-0.31,1,1554,1694,NE
1188744.812,X_LEG_1,1.43,13.61,-0.31,1,1554,1694,NE
1188744.835,X_LEG_1,1.43,13.61,-0.31,1,1554,1694,NE
1188744.855,X_LEG_1,1.26,13.57,-0.32,1,1554,1695,NE
1188744.876,X_LEG_1,1.26,13.57,-0.32,1,1554,1695,NE
1188744.896,X_LEG_1,1.26,13.57,-0.32,1,1554,1695,NE
1188744.917,X_LEG_1,1.26,13.57,-0.32,1,1554,1695,NE
1188744.937,X_LEG_1,1.26,13.57,-0.32,1,1554,1695,NE
1188744.958,X_LEG_1,1.09,13.54,-0.33,1,1554,1695,NE
1188744.979,X_LEG_1,1.09,13.54,-0.33,1,1554,1695,NE
1188744.999,X_LEG_1,1.09,13.54,-0.33,1,1554,1695,NE
1188745.019,X_LEG_1,1.09,13.54,-0.33,1,1554,1695,NE
1188745.041,X_LEG_1,1.09,13.54,-0.33,1,1554,1695,NE
1188745.061,X_LEG_1,0.91,13.51,-0.33,1,1554,1696,NE
1188745.082,X_LEG_1,0.91,13.51,-0.33,1,1554,1696,NE
1188745.102,X_LEG_1,0.91,13.51,-0.33,1,1554,1696,NE
1188745.124,X_LEG_1,0.91,13.51,-0.33,1,1554,1696,NE
1188745.144,X_LEG_1,0.91,13.51,-0.33,1,1554,1696,NE
1188745.164,X_LEG_1,0.75,13.48,-0.32,1,1554,1696,NE
1188745.185,X_LEG_1,0.75,13.48,-0.32,1,1554,1696,NE
1188745.206,X_LEG_1,0.75,13.48,-0.32,1,1554,1696,NE
1188745.228,X_LEG_1,0.75,13.48,-0.32,1,1554,1696,NE
1188745.248,X_LEG_1,0.75,13.48,-0.32,1,1554,1696,NE
1188745.269,X_LEG_1,0.41,13.40,-0.30,1,1554,1697,NE
1188745.290,X_LEG_1,0.41,13.40,-0.30,1,1554,1697,NE
1188745.311,X_LEG_1,0.41,13.40,-0.30,1,1554,1697,NE
1188745.331,X_LEG_1,0.41,13.40,-0.30,1,1554,1697,NE
1188745.352,X_LEG_1,0.41,13.40,-0.30,1,1554,1697,NE
1188745.372,X_LEG_1,0.41,13.40,-0.30,1,1554,1697,NE
1188745.393,X_LEG_1,0.41,13.40,-0.30,1,1554,1697,NE
1188745.413,X_LEG_1,0.41,13.40,-0.30,1,1554,1697,NE
1188745.437,X_LEG_1,0.41,13.40,-0.30,1,1554,1697,NE
1188745.455,X_LEG_1,0.41,13.40,-0.30,1,1554,1697,NE
1188745.475,X_LEG_1,0.24,13.37,-0.31,1,1553,1698,NE
1188745.496,X_LEG_1,0.24,13.37,-0.31,1,1553,1698,NE
1188745.516,X_LEG_1,0.24,13.37,-0.31,1,1553,1698,NE
1188745.544,X_LEG_1,0.24,13.37,-0.31,1,1553,1698,NE
1188745.564,X_LEG_1,0.24,13.37,-0.31,1,1553,1698,NE
1188745.585,X_LEG_1,0.24,13.37,-0.31,1,1553,1698,NE
1188745.605,X_LEG_1,0.24,13.37,-0.31,1,1553,1698,NE
1188745.626,X_LEG_1,0.24,13.37,-0.31,1,1553,1698,NE
1188745.648,X_LEG_1,0.24,13.37,-0.31,1,1553,1698,NE
1188745.669,X_LEG_1,0.24,13.37,-0.31,1,1553,1698,NE
1188745.689,X_LEG_1,0.04,13.34,-0.32,1,1553,1698,NE
1188745.710,X_LEG_1,0.04,13.34,-0.32,1,1553,1698,NE
1188745.730,X_LEG_1,0.04,13.34,-0.32,1,1553,1698,NE
1188745.751,X_LEG_1,0.04,13.34,-0.32,1,1553,1698,NE
1188745.772,X_LEG_1,0.04,13.34,-0.32,1,1553,1698,NE
1188745.793,X_LEG_1,0.04,13.34,-0.32,1,1553,1698,NE
1188745.813,X_LEG_1,0.04,13.34,-0.32,1,1553,1698,NE
1188745.836,X_LEG_1,0.04,13.34,-0.32,1,1553,1698,NE
1188745.856,X_LEG_1,0.04,13.34,-0.32,1,1553,1698,NE
1188745.879,X_LEG_1,0.04,13.34,-0.32,1,1553,1698,NE
1188745.900,X_LEG_1,0.05,13.36,-0.30,1,1553,1698,NE
1188745.920,X_LEG_1,0.05,13.36,-0.30,1,1553,1698,NE
1188745.942,X_LEG_1,0.05,13.36,-0.30,1,1553,1698,NE
1188745.963,X_LEG_1,0.05,13.36,-0.30,1,1553,1698,NE
1188745.983,X_LEG_1,0.05,13.36,-0.30,1,1553,1698,NE
1188746.005,X_LEG_1,0.06,13.36,-0.28,1,1553,1698,NE
1188746.025,X_LEG_1,0.06,13.36,-0.28,1,1553,1698,NE
1188746.046,X_LEG_1,0.06,13.36,-0.28,1,1553,1698,NE
1188746.067,X_LEG_1,0.06,13.36,-0.28,1,1553,1698,NE
1188746.087,X_LEG_1,0.06,13.36,-0.28,1,1553,1698,NE
1188746.107,X_LEG_1,0.08,13.38,-0.29,1,1554,1698,NE
1188746.128,X_LEG_1,0.08,13.38,-0.29,1,1554,1698,NE
1188746.149,X_LEG_1,0.08,13.38,-0.29,1,1554,1698,NE
1188746.169,X_LEG_1,0.08,13.38,-0.29,1,1554,1698,NE
1188746.190,X_LEG_1,0.08,13.38,-0.29,1,1554,1698,NE
1188746.210,X_LEG_1,0.09,13.38,-0.26,1,1554,1698,NE
1188746.231,X_LEG_1,0.09,13.38,-0.26,1,1554,1698,NE
1188746.251,X_LEG_1,0.09,13.38,-0.26,1,1554,1698,NE
1188746.272,X_LEG_1,0.09,13.38,-0.26,1,1554,1698,NE
1188746.292,X_LEG_1,0.09,13.38,-0.26,1,1554,1698,NE
1188746.313,X_LEG_1,0.11,13.40,-0.24,1,1554,1698,NE
1188746.333,X_LEG_1,0.11,13.40,-0.24,1,1554,1698,NE
1188746.354,X_LEG_1,0.11,13.40,-0.24,1,1554,1698,NE
1188746.374,X_LEG_1,0.11,13.40,-0.24,1,1554,1698,NE
1188746.395,X_LEG_1,0.11,13.40,-0.24,1,1554,1698,NE
1188746.415,X_LEG_1,0.12,13.42,-0.25,1,1554,1698,NE
1188746.436,X_LEG_1,0.12,13.42,-0.25,1,1554,1698,NE
1188746.456,X_LEG_1,0.12,13.42,-0.25,1,1554,1698,NE
1188746.477,X_LEG_1,0.12,13.42,-0.25,1,1554,1698,NE
1188746.497,X_LEG_1,0.12,13.42,-0.25,1,1554,1698,NE
1188746.519,X_LEG_1,0.14,13.42,-0.23,1,1554,1698,NE
1188746.538,X_LEG_1,0.14,13.42,-0.23,1,1554,1698,NE
1188746.559,X_LEG_1,0.14,13.42,-0.23,1,1554,1698,NE
1188746.580,X_LEG_1,0.14,13.42,-0.23,1,1554,1698,NE
1188746.600,X_LEG_1,0.14,13.42,-0.23,1,1554,1698,NE
1188746.621,X_LEG_1,0.14,13.42,-0.23,1,1554,1698,NE
1188746.641,X_LEG_1,0.14,13.42,-0.23,1,1554,1698,NE
1188746.662,X_LEG_1,0.14,13.42,-0.23,1,1554,1698,NE
1188746.682,X_LEG_1,0.14,13.42,-0.23,1,1554,1698,NE
1188746.703,X_LEG_1,0.14,13.42,-0.23,1,1554,1698,NE
1188746.724,X_LEG_1,0.17,13.45,-0.19,1,1554,1698,NE
1188746.744,X_LEG_1,0.17,13.45,-0.19,1,1554,1698,NE
1188746.765,X_LEG_1,0.17,13.45,-0.19,1,1554,1698,NE
1188746.785,X_LEG_1,0.17,13.45,-0.19,1,1554,1698,NE
1188746.806,X_LEG_1,0.17,13.45,-0.19,1,1554,1698,NE
1188746.826,X_LEG_1,0.20,13.46,-0.19,1,1554,1698,NE
1188746.847,X_LEG_1,0.20,13.46,-0.19,1,1554,1698,NE
1188746.867,X_LEG_1,0.20,13.46,-0.19,1,1554,1698,NE
1188746.888,X_LEG_1,0.20,13.46,-0.19,1,1554,1698,NE
1188746.908,X_LEG_1,0.20,13.46,-0.19,1,1554,1698,NE
1188746.929,X_LEG_1,0.20,13.46,-0.19,1,1554,1698,NE
1188746.950,X_LEG_1,0.20,13.46,-0.19,1,1554,1698,NE
1188746.970,X_LEG_1,0.20,13.46,-0.19,1,1554,1698,NE
1188746.990,X_LEG_1,0.20,13.46,-0.19,1,1554,1698,NE
1188747.011,X_LEG_1,0.20,13.46,-0.19,1,1554,1698,NE
1188747.032,X_LEG_1,0.24,13.48,-0.18,1,1554,1698,NE
1188747.053,X_LEG_1,0.24,13.48,-0.18,1,1554,1698,NE
1188747.073,X_LEG_1,0.24,13.48,-0.18,1,1554,1698,NE
1188747.095,X_LEG_1,0.24,13.48,-0.18,1,1554,1698,NE
1188747.116,X_LEG_1,0.24,13.48,-0.18,1,1554,1698,NE
1188747.137,X_LEG_1,0.27,13.50,-0.16,1,1554,1698,NE
1188747.157,X_LEG_1,0.27,13.50,-0.16,1,1554,1698,NE
1188747.177,X_LEG_1,0.27,13.50,-0.16,1,1554,1698,NE
1188747.197,X_LEG_1,0.27,13.50,-0.16,1,1554,1698,NE
1188747.218,X_LEG_1,0.27,13.50,-0.16,1,1554,1698,NE
1188747.238,X_LEG_1,0.31,13.52,-0.14,1,1554,1698,NE
1188747.259,X_LEG_1,0.31,13.52,-0.14,1,1554,1698,NE
1188747.279,X_LEG_1,0.31,13.52,-0.14,1,1554,1698,NE
1188747.300,X_LEG_1,0.31,13.52,-0.14,1,1554,1698,NE
1188747.320,X_LEG_1,0.31,13.52,-0.14,1,1554,1698,NE
1188747.342,X_LEG_1,0.34,13.53,-0.12,1,1554,1697,NE
1188747.362,X_LEG_1,0.34,13.53,-0.12,1,1554,1697,NE
1188747.383,X_LEG_1,0.34,13.53,-0.12,1,1554,1697,NE
1188747.405,X_LEG_1,0.34,13.53,-0.12,1,1554,1697,NE
1188747.426,X_LEG_1,0.34,13.53,-0.12,1,1554,1697,NE
1188747.446,X_LEG_1,0.37,13.54,-0.13,1,1554,1697,NE
1188747.467,X_LEG_1,0.37,13.54,-0.13,1,1554,1697,NE
1188747.487,X_LEG_1,0.37,13.54,-0.13,1,1554,1697,NE
1188747.508,X_LEG_1,0.37,13.54,-0.13,1,1554,1697,NE
1188747.529,X_LEG_1,0.37,13.54,-0.13,1,1554,1697,NE
1188747.550,X_LEG_1,0.40,13.55,-0.10,1,1554,1697,NE
1188747.571,X_LEG_1,0.40,13.55,-0.10,1,1554,1697,NE
1188747.592,X_LEG_1,0.40,13.55,-0.10,1,1554,1697,NE
1188747.612,X_LEG_1,0.40,13.55,-0.10,1,1554,1697,NE
1188747.632,X_LEG_1,0.40,13.55,-0.10,1,1554,1697,NE
1188747.653,X_LEG_1,0.40,13.55,-0.10,1,1554,1697,NE
1188747.673,X_LEG_1,0.40,13.55,-0.10,1,1554,1697,NE
1188747.694,X_LEG_1,0.40,13.55,-0.10,1,1554,1697,NE
1188747.714,X_LEG_1,0.40,13.55,-0.10,1,1554,1697,NE
1188747.735,X_LEG_1,0.40,13.55,-0.10,1,1554,1697,NE
1188747.756,X_LEG_1,0.43,13.56,-0.11,1,1554,1697,NE
1188747.777,X_LEG_1,0.43,13.56,-0.11,1,1554,1697,NE
1188747.797,X_LEG_1,0.43,13.56,-0.11,1,1554,1697,NE
1188747.818,X_LEG_1,0.43,13.56,-0.11,1,1554,1697,NE
1188747.838,X_LEG_1,0.43,13.56,-0.11,1,1554,1697,NE
1188747.859,X_LEG_1,0.47,13.57,-0.08,1,1554,1697,NE
1188747.880,X_LEG_1,0.47,13.57,-0.08,1,1554,1697,NE
1188747.902,X_LEG_1,0.47,13.57,-0.08,1,1554,1697,NE
1188747.922,X_LEG_1,0.47,13.57,-0.08,1,1554,1697,NE
1188747.943,X_LEG_1,0.47,13.57,-0.08,1,1554,1697,NE
1188747.964,X_LEG_1,0.47,13.57,-0.08,1,1554,1697,NE
1188747.985,X_LEG_1,0.47,13.57,-0.08,1,1554,1697,NE
1188748.006,X_LEG_1,0.47,13.57,-0.08,1,1554,1697,NE
1188748.026,X_LEG_1,0.47,13.57,-0.08,1,1554,1697,NE
1188748.047,X_LEG_1,0.47,13.57,-0.08,1,1554,1697,NE
1188748.067,X_LEG_1,0.52,13.58,-0.09,1,1554,1697,NE
1188748.088,X_LEG_1,0.52,13.58,-0.09,1,1554,1697,NE
1188748.108,X_LEG_1,0.52,13.58,-0.09,1,1554,1697,NE
1188748.129,X_LEG_1,0.52,13.58,-0.09,1,1554,1697,NE
1188748.157,X_LEG_1,0.52,13.58,-0.09,1,1554,1697,NE
1188748.177,X_LEG_1,0.55,13.59,-0.07,1,1554,1697,NE
1188748.197,X_LEG_1,0.55,13.59,-0.07,1,1554,1697,NE
1188748.218,X_LEG_1,0.55,13.59,-0.07,1,1554,1697,NE
1188748.238,X_LEG_1,0.55,13.59,-0.07,1,1554,1697,NE
1188748.260,X_LEG_1,0.55,13.59,-0.07,1,1554,1697,NE
1188748.280,X_LEG_1,0.55,13.59,-0.07,1,1554,1697,NE
1188748.302,X_LEG_1,0.55,13.59,-0.07,1,1554,1697,NE
1188748.323,X_LEG_1,0.55,13.59,-0.07,1,1554,1697,NE
1188748.343,X_LEG_1,0.55,13.59,-0.07,1,1554,1697,NE
1188748.364,X_LEG_1,0.55,13.59,-0.07,1,1554,1697,NE
1188748.384,X_LEG_1,0.63,13.61,-0.05,1,1554,1697,NE
1188748.405,X_LEG_1,0.63,13.61,-0.05,1,1554,1697,NE
1188748.426,X_LEG_1,0.63,13.61,-0.05,1,1554,1697,NE
1188748.447,X_LEG_1,0.63,13.61,-0.05,1,1554,1697,NE
1188748.467,X_LEG_1,0.63,13.61,-0.05,1,1554,1697,NE
1188748.487,X_LEG_1,0.67,13.61,-0.03,1,1554,1696,NE
1188748.508,X_LEG_1,0.67,13.61,-0.03,1,1554,1696,NE
1188748.528,X_LEG_1,0.67,13.61,-0.03,1,1554,1696,NE
1188748.549,X_LEG_1,0.67,13.61,-0.03,1,1554,1696,NE
1188748.569,X_LEG_1,0.67,13.61,-0.03,1,1554,1696,NE
1188748.590,X_LEG_1,0.75,13.62,-0.03,1,1554,1696,NE
1188748.610,X_LEG_1,0.75,13.62,-0.03,1,1554,1696,NE
1188748.630,X_LEG_1,0.75,13.62,-0.03,1,1554,1696,NE
1188748.651,X_LEG_1,0.75,13.62,-0.03,1,1554,1696,NE
1188748.672,X_LEG_1,0.75,13.62,-0.03,1,1554,1696,NE
1188748.692,X_LEG_1,0.75,13.62,-0.03,1,1554,1696,NE
1188748.713,X_LEG_1,0.75,13.62,-0.03,1,1554,1696,NE
1188748.734,X_LEG_1,0.75,13.62,-0.03,1,1554,1696,NE
1188748.754,X_LEG_1,0.75,13.62,-0.03,1,1554,1696,NE
1188748.775,X_LEG_1,0.75,13.62,-0.03,1,1554,1696,NE
1188748.795,X_LEG_1,0.79,13.63,-0.01,1,1555,1696,NE
1188748.817,X_LEG_1,0.79,13.63,-0.01,1,1555,1696,NE
1188748.837,X_LEG_1,0.79,13.63,-0.01,1,1555,1696,NE
1188748.857,X_LEG_1,0.79,13.63,-0.01,1,1555,1696,NE
1188748.878,X_LEG_1,0.79,13.63,-0.01,1,1555,1696,NE
1188748.899,X_LEG_1,0.84,13.63,-0.01,1,1555,1696,NE
1188748.920,X_LEG_1,0.84,13.63,-0.01,1,1555,1696,NE
1188748.940,X_LEG_1,0.84,13.63,-0.01,1,1555,1696,NE
1188748.961,X_LEG_1,0.84,13.63,-0.01,1,1555,1696,NE
1188748.982,X_LEG_1,0.84,13.63,-0.01,1,1555,1696,NE
1188749.004,X_LEG_1,0.88,13.64,0.02,1,1555,1696,NE
1188749.024,X_LEG_1,0.88,13.64,0.02,1,1555,1696,NE
1188749.045,X_LEG_1,0.88,13.64,0.02,1,1555,1696,NE
1188749.068,X_LEG_1,0.88,13.64,0.02,1,1555,1696,NE
1188749.089,X_LEG_1,0.88,13.64,0.02,1,1555,1696,NE
1188749.109,X_LEG_1,0.93,13.65,0.01,1,1555,1696,NE
1188749.130,X_LEG_1,0.93,13.65,0.01,1,1555,1696,NE
1188749.150,X_LEG_1,0.93,13.65,0.01,1,1555,1696,NE
1188749.171,X_LEG_1,0.93,13.65,0.01,1,1555,1696,NE
1188749.191,X_LEG_1,0.93,13.65,0.01,1,1555,1696,NE
1188749.212,X_LEG_1,0.97,13.65,0.01,1,1555,1696,NE
1188749.232,X_LEG_1,0.97,13.65,0.01,1,1555,1696,NE
1188749.253,X_LEG_1,0.97,13.65,0.01,1,1555,1696,NE
1188749.273,X_LEG_1,0.97,13.65,0.01,1,1555,1696,NE
1188749.294,X_LEG_1,0.97,13.65,0.01,1,1555,1696,NE
1188749.314,X_LEG_1,1.02,13.66,0.03,1,1555,1695,NE
1188749.335,X_LEG_1,1.02,13.66,0.03,1,1555,1695,NE
1188749.355,X_LEG_1,1.02,13.66,0.03,1,1555,1695,NE
1188749.377,X_LEG_1,1.02,13.66,0.03,1,1555,1695,NE
1188749.397,X_LEG_1,1.02,13.66,0.03,1,1555,1695,NE
1188749.417,X_LEG_1,1.07,13.66,0.03,1,1555,1695,NE
1188749.441,X_LEG_1,1.07,13.66,0.03,1,1555,1695,NE
1188749.462,X_LEG_1,1.07,13.66,0.03,1,1555,1695,NE
1188749.482,X_LEG_1,1.07,13.66,0.03,1,1555,1695,NE
1188749.503,X_LEG_1,1.07,13.66,0.03,1,1555,1695,NE
1188749.523,X_LEG_1,1.12,13.66,0.06,1,1555,1695,NE
1188749.544,X_LEG_1,1.12,13.66,0.06,1,1555,1695,NE
1188749.564,X_LEG_1,1.12,13.66,0.06,1,1555,1695,NE
1188749.584,X_LEG_1,1.12,13.66,0.06,1,1555,1695,NE
1188749.605,X_LEG_1,1.12,13.66,0.06,1,1555,1695,NE
1188749.625,X_LEG_1,1.17,13.67,0.08,1,1555,1695,NE
1188749.646,X_LEG_1,1.17,13.67,0.08,1,1555,1695,NE
1188749.666,X_LEG_1,1.17,13.67,0.08,1,1555,1695,NE
1188749.687,X_LEG_1,1.17,13.67,0.08,1,1555,1695,NE
1188749.708,X_LEG_1,1.17,13.67,0.08,1,1555,1695,NE
1188749.728,X_LEG_1,1.17,13.67,0.08,1,1555,1695,NE
1188749.750,X_LEG_1,1.17,13.67,0.08,1,1555,1695,NE
1188749.770,X_LEG_1,1.17,13.67,0.08,1,1555,1695,NE
1188749.790,X_LEG_1,1.17,13.67,0.08,1,1555,1695,NE
1188749.812,X_LEG_1,1.17,13.67,0.08,1,1555,1695,NE
1188749.832,X_LEG_1,1.25,13.68,0.05,1,1555,1695,NE
1188749.852,X_LEG_1,1.25,13.68,0.05,1,1555,1695,NE
1188749.873,X_LEG_1,1.25,13.68,0.05,1,1555,1695,NE
1188749.894,X_LEG_1,1.25,13.68,0.05,1,1555,1695,NE
1188749.915,X_LEG_1,1.25,13.68,0.05,1,1555,1695,NE
1188749.935,X_LEG_1,1.31,13.68,0.07,1,1555,1695,NE
1188749.955,X_LEG_1,1.31,13.68,0.07,1,1555,1695,NE
1188749.976,X_LEG_1,1.31,13.68,0.07,1,1555,1695,NE
1188749.997,X_LEG_1,1.31,13.68,0.07,1,1555,1695,NE
1188750.017,X_LEG_1,1.31,13.68,0.07,1,1555,1695,NE
1188750.038,X_LEG_1,1.39,13.68,0.07,1,1555,1694,NE
1188750.059,X_LEG_1,1.39,13.68,0.07,1,1555,1694,NE
1188750.080,X_LEG_1,1.39,13.68,0.07,1,1555,1694,NE
1188750.101,X_LEG_1,1.39,13.68,0.07,1,1555,1694,NE
1188750.123,X_LEG_1,1.39,13.68,0.07,1,1555,1694,NE
1188750.142,X_LEG_1,1.45,13.69,0.10,1,1555,1694,NE
1188750.162,X_LEG_1,1.45,13.69,0.10,1,1555,1694,NE
1188750.183,X_LEG_1,1.45,13.69,0.10,1,1555,1694,NE
1188750.203,X_LEG_1,1.45,13.69,0.10,1,1555,1694,NE
1188750.225,X_LEG_1,1.45,13.69,0.10,1,1555,1694,NE
1188750.244,X_LEG_1,1.50,13.69,0.10,1,1555,1694,NE
1188750.265,X_LEG_1,1.50,13.69,0.10,1,1555,1694,NE
1188750.289,X_LEG_1,1.50,13.69,0.10,1,1555,1694,NE
1188750.312,X_LEG_1,1.50,13.69,0.10,1,1555,1694,NE
1188750.332,X_LEG_1,1.50,13.69,0.10,1,1555,1694,NE
1188750.353,X_LEG_1,1.50,13.69,0.10,1,1555,1694,NE
1188750.373,X_LEG_1,1.50,13.69,0.10,1,1555,1694,NE
1188750.394,X_LEG_1,1.50,13.69,0.10,1,1555,1694,NE
1188750.415,X_LEG_1,1.50,13.69,0.10,1,1555,1694,NE
1188750.437,X_LEG_1,1.50,13.69,0.10,1,1555,1694,NE
1188750.457,X_LEG_1,1.50,13.69,0.10,1,1555,1694,NE
1188750.478,X_LEG_1,1.50,13.69,0.10,1,1555,1694,NE
1188750.498,X_LEG_1,1.50,13.69,0.10,1,1555,1694,NE
1188750.519,X_LEG_1,1.50,13.69,0.10,1,1555,1694,NE
1188750.540,X_LEG_1,1.50,13.69,0.10,1,1555,1694,NE
1188750.560,X_LEG_1,1.62,13.69,0.12,1,1555,1694,NE
1188750.581,X_LEG_1,1.62,13.69,0.12,1,1555,1694,NE
1188750.601,X_LEG_1,1.62,13.69,0.12,1,1555,1694,NE
1188750.623,X_LEG_1,1.62,13.69,0.12,1,1555,1694,NE
1188750.643,X_LEG_1,1.62,13.69,0.12,1,1555,1694,NE
1188750.664,X_LEG_1,1.62,13.69,0.12,1,1555,1694,NE
1188750.684,X_LEG_1,1.62,13.69,0.12,1,1555,1694,NE
1188750.705,X_LEG_1,1.62,13.69,0.12,1,1555,1694,NE
1188750.726,X_LEG_1,1.62,13.69,0.12,1,1555,1694,NE
1188750.747,X_LEG_1,1.62,13.69,0.12,1,1555,1694,NE
1188750.770,X_LEG_1,1.68,13.69,0.12,1,1555,1693,NE
1188750.790,X_LEG_1,1.68,13.69,0.12,1,1555,1693,NE
1188750.810,X_LEG_1,1.68,13.69,0.12,1,1555,1693,NE
1188750.831,X_LEG_1,1.68,13.69,0.12,1,1555,1693,NE
1188750.852,X_LEG_1,1.68,13.69,0.12,1,1555,1693,NE
1188750.873,X_LEG_1,1.74,13.69,0.12,1,1555,1693,NE
1188750.895,X_LEG_1,1.74,13.69,0.12,1,1555,1693,NE
1188750.923,X_LEG_1,1.74,13.69,0.12,1,1555,1693,NE
1188750.945,X_LEG_1,1.74,13.69,0.12,1,1555,1693,NE
1188750.965,X_LEG_1,1.74,13.69,0.12,1,1555,1693,NE
1188750.986,X_LEG_1,1.81,13.70,0.15,1,1555,1693,NE
1188751.006,X_LEG_1,1.81,13.70,0.15,1,1555,1693,NE
1188751.027,X_LEG_1,1.81,13.70,0.15,1,1555,1693,NE
1188751.047,X_LEG_1,1.81,13.70,0.15,1,1555,1693,NE
1188751.068,X_LEG_1,1.81,13.70,0.15,1,1555,1693,NE
1188751.088,X_LEG_1,1.87,13.70,0.15,1,1555,1693,NE
1188751.109,X_LEG_1,1.87,13.70,0.15,1,1555,1693,NE
1188751.130,X_LEG_1,1.87,13.70,0.15,1,1555,1693,NE
1188751.151,X_LEG_1,1.87,13.70,0.15,1,1555,1693,NE
1188751.171,X_LEG_1,1.87,13.70,0.15,1,1555,1693,NE
1188751.192,X_LEG_1,1.93,13.69,0.18,1,1555,1693,NE
1188751.213,X_LEG_1,1.93,13.69,0.18,1,1555,1693,NE
1188751.233,X_LEG_1,1.93,13.69,0.18,1,1555,1693,NE
1188751.253,X_LEG_1,1.93,13.69,0.18,1,1555,1693,NE
1188751.274,X_LEG_1,1.93,13.69,0.18,1,1555,1693,NE
1188751.294,X_LEG_1,2.00,13.69,0.18,1,1555,1693,NE
1188751.315,X_LEG_1,2.00,13.69,0.18,1,1555,1693,NE
1188751.336,X_LEG_1,2.00,13.69,0.18,1,1555,1693,NE
1188751.357,X_LEG_1,2.00,13.69,0.18,1,1555,1693,NE
1188751.377,X_LEG_1,2.00,13.69,0.18,1,1555,1693,NE
1188751.399,X_LEG_1,2.07,13.69,0.18,1,1555,1692,NE
1188751.419,X_LEG_1,2.07,13.69,0.18,1,1555,1692,NE
1188751.440,X_LEG_1,2.07,13.69,0.18,1,1555,1692,NE
1188751.461,X_LEG_1,2.07,13.69,0.18,1,1555,1692,NE
1188751.482,X_LEG_1,2.07,13.69,0.18,1,1555,1692,NE
1188751.503,X_LEG_1,2.07,13.69,0.18,1,1555,1692,NE
1188751.524,X_LEG_1,2.07,13.69,0.18,1,1555,1692,NE
1188751.544,X_LEG_1,2.07,13.69,0.18,1,1555,1692,NE
1188751.566,X_LEG_1,2.07,13.69,0.18,1,1555,1692,NE
1188751.588,X_LEG_1,2.07,13.69,0.18,1,1555,1692,NE
1188751.609,X_LEG_1,2.13,13.69,0.18,1,1555,1692,NE
1188751.629,X_LEG_1,2.13,13.69,0.18,1,1555,1692,NE
1188751.650,X_LEG_1,2.13,13.69,0.18,1,1555,1692,NE
1188751.670,X_LEG_1,2.13,13.69,0.18,1,1555,1692,NE
1188751.691,X_LEG_1,2.13,13.69,0.18,1,1555,1692,NE
1188751.712,X_LEG_1,2.20,13.69,0.18,1,1555,1692,NE
1188751.732,X_LEG_1,2.20,13.69,0.18,1,1555,1692,NE
1188751.753,X_LEG_1,2.20,13.69,0.18,1,1555,1692,NE
1188751.773,X_LEG_1,2.20,13.69,0.18,1,1555,1692,NE
1188751.794,X_LEG_1,2.20,13.69,0.18,1,1555,1692,NE
1188751.814,X_LEG_1,2.27,13.69,0.18,1,1555,1692,NE
1188751.836,X_LEG_1,2.27,13.69,0.18,1,1555,1692,NE
1188751.856,X_LEG_1,2.27,13.69,0.18,1,1555,1692,NE
1188751.876,X_LEG_1,2.27,13.69,0.18,1,1555,1692,NE
1188751.897,X_LEG_1,2.27,13.69,0.18,1,1555,1692,NE
1188751.917,X_LEG_1,2.34,13.68,0.21,1,1555,1691,NE
1188751.937,X_LEG_1,2.34,13.68,0.21,1,1555,1691,NE
1188751.957,X_LEG_1,2.34,13.68,0.21,1,1555,1691,NE
1188751.978,X_LEG_1,2.34,13.68,0.21,1,1555,1691,NE
1188752.000,X_LEG_1,2.34,13.68,0.21,1,1555,1691,NE
1188752.022,X_LEG_1,2.42,13.68,0.21,1,1555,1691,NE
1188752.042,X_LEG_1,2.42,13.68,0.21,1,1555,1691,NE
1188752.063,X_LEG_1,2.42,13.68,0.21,1,1555,1691,NE
1188752.086,X_LEG_1,2.42,13.68,0.21,1,1555,1691,NE
1188752.107,X_LEG_1,2.42,13.68,0.21,1,1555,1691,NE
1188752.127,X_LEG_1,2.49,13.68,0.21,1,1555,1691,NE
1188752.148,X_LEG_1,2.49,13.68,0.21,1,1555,1691,NE
1188752.168,X_LEG_1,2.49,13.68,0.21,1,1555,1691,NE
1188752.189,X_LEG_1,2.49,13.68,0.21,1,1555,1691,NE
1188752.209,X_LEG_1,2.49,13.68,0.21,1,1555,1691,NE
1188752.230,X_LEG_1,2.49,13.68,0.21,1,1555,1691,NE
1188752.251,X_LEG_1,2.49,13.68,0.21,1,1555,1691,NE
1188752.271,X_LEG_1,2.49,13.68,0.21,1,1555,1691,NE
1188752.292,X_LEG_1,2.49,13.68,0.21,1,1555,1691,NE
1188752.312,X_LEG_1,2.49,13.68,0.21,1,1555,1691,NE
1188752.340,X_LEG_1,2.56,13.68,0.21,1,1555,1691,NE
1188752.362,X_LEG_1,2.56,13.68,0.21,1,1555,1691,NE
1188752.381,X_LEG_1,2.56,13.68,0.21,1,1555,1691,NE
1188752.401,X_LEG_1,2.56,13.68,0.21,1,1555,1691,NE
1188752.421,X_LEG_1,2.56,13.68,0.21,1,1555,1691,NE
1188752.442,X_LEG_1,2.64,13.68,0.21,1,1555,1691,NE
1188752.462,X_LEG_1,2.64,13.68,0.21,1,1555,1691,NE
1188752.483,X_LEG_1,2.64,13.68,0.21,1,1555,1691,NE
1188752.504,X_LEG_1,2.64,13.68,0.21,1,1555,1691,NE
1188752.525,X_LEG_1,2.64,13.68,0.21,1,1555,1691,NE
1188752.545,X_LEG_1,2.71,13.68,0.25,1,1555,1690,NE
1188752.565,X_LEG_1,2.71,13.68,0.25,1,1555,1690,NE
1188752.586,X_LEG_1,2.71,13.68,0.25,1,1555,1690,NE
1188752.606,X_LEG_1,2.71,13.68,0.25,1,1555,1690,NE
1188752.627,X_LEG_1,2.71,13.68,0.25,1,1555,1690,NE
1188752.648,X_LEG_1,2.71,13.68,0.25,1,1555,1690,NE
1188752.669,X_LEG_1,2.71,13.68,0.25,1,1555,1690,NE
1188752.691,X_LEG_1,2.71,13.68,0.25,1,1555,1690,NE
1188752.712,X_LEG_1,2.71,13.68,0.25,1,1555,1690,NE
1188752.732,X_LEG_1,2.71,13.68,0.25,1,1555,1690,NE
1188752.761,X_LEG_1,2.79,13.68,0.25,1,1555,1690,NE
1188752.781,X_LEG_1,2.79,13.68,0.25,1,1555,1690,NE
1188752.806,X_LEG_1,2.79,13.68,0.25,1,1555,1690,NE
1188752.826,X_LEG_1,2.79,13.68,0.25,1,1555,1690,NE
1188752.847,X_LEG_1,2.79,13.68,0.25,1,1555,1690,NE
1188752.870,X_LEG_1,2.87,13.68,0.25,1,1555,1690,NE
1188752.900,X_LEG_1,2.87,13.68,0.25,1,1555,1690,NE
1188752.920,X_LEG_1,2.87,13.68,0.25,1,1555,1690,NE
1188752.941,X_LEG_1,2.87,13.68,0.25,1,1555,1690,NE
1188752.961,X_LEG_1,2.87,13.68,0.25,1,1555,1690,NE
1188752.982,X_LEG_1,2.94,13.67,0.28,1,1555,1690,NE
1188753.002,X_LEG_1,2.94,13.67,0.28,1,1555,1690,NE
1188753.022,X_LEG_1,2.94,13.67,0.28,1,1555,1690,NE
1188753.043,X_LEG_1,2.94,13.67,0.28,1,1555,1690,NE
1188753.063,X_LEG_1,2.94,13.67,0.28,1,1555,1690,NE
1188753.083,X_LEG_1,3.02,13.67,0.28,1,1555,1689,NE
1188753.104,X_LEG_1,3.02,13.67,0.28,1,1555,1689,NE
1188753.125,X_LEG_1,3.02,13.67,0.28,1,1555,1689,NE
1188753.145,X_LEG_1,3.02,13.67,0.28,1,1555,1689,NE
1188753.165,X_LEG_1,3.02,13.67,0.28,1,1555,1689,NE
1188753.187,X_LEG_1,3.02,13.67,0.28,1,1555,1689,NE
1188753.207,X_LEG_1,3.02,13.67,0.28,1,1555,1689,NE
1188753.229,X_LEG_1,3.02,13.67,0.28,1,1555,1689,NE
1188753.253,X_LEG_1,3.02,13.67,0.28,1,1555,1689,NE
1188753.274,X_LEG_1,3.02,13.67,0.28,1,1555,1689,NE
1188753.294,X_LEG_1,3.18,13.66,0.31,1,1555,1689,NE
1188753.314,X_LEG_1,3.18,13.66,0.31,1,1555,1689,NE
1188753.335,X_LEG_1,3.18,13.66,0.31,1,1555,1689,NE
1188753.355,X_LEG_1,3.18,13.66,0.31,1,1555,1689,NE
1188753.377,X_LEG_1,3.18,13.66,0.31,1,1555,1689,NE
1188753.397,X_LEG_1,3.18,13.66,0.31,1,1555,1689,NE
1188753.418,X_LEG_1,3.18,13.66,0.31,1,1555,1689,NE
1188753.442,X_LEG_1,3.18,13.66,0.31,1,1555,1689,NE
1188753.462,X_LEG_1,3.18,13.66,0.31,1,1555,1689,NE
1188753.485,X_LEG_1,3.18,13.66,0.31,1,1555,1689,NE
1188753.507,X_LEG_1,3.27,13.65,0.29,1,1555,1689,NE
1188753.528,X_LEG_1,3.27,13.65,0.29,1,1555,1689,NE
1188753.548,X_LEG_1,3.27,13.65,0.29,1,1555,1689,NE
1188753.569,X_LEG_1,3.27,13.65,0.29,1,1555,1689,NE
1188753.589,X_LEG_1,3.27,13.65,0.29,1,1555,1689,NE
1188753.612,X_LEG_1,3.35,13.65,0.32,1,1555,1688,NE
1188753.634,X_LEG_1,3.35,13.65,0.32,1,1555,1688,NE
1188753.658,X_LEG_1,3.35,13.65,0.32,1,1555,1688,NE
1188753.680,X_LEG_1,3.35,13.65,0.32,1,1555,1688,NE
1188753.703,X_LEG_1,3.35,13.65,0.32,1,1555,1688,NE
1188753.723,X_LEG_1,3.43,13.65,0.32,1,1555,1688,NE
1188753.743,X_LEG_1,3.43,13.65,0.32,1,1555,1688,NE
1188753.764,X_LEG_1,3.43,13.65,0.32,1,1555,1688,NE
1188753.785,X_LEG_1,3.43,13.65,0.32,1,1555,1688,NE
1188753.805,X_LEG_1,3.43,13.65,0.32,1,1555,1688,NE
1188753.826,X_LEG_1,3.52,13.64,0.30,1,1555,1688,NE
1188753.848,X_LEG_1,3.52,13.64,0.30,1,1555,1688,NE
1188753.868,X_LEG_1,3.52,13.64,0.30,1,1555,1688,NE
1188753.890,X_LEG_1,3.52,13.64,0.30,1,1555,1688,NE
1188753.912,X_LEG_1,3.52,13.64,0.30,1,1555,1688,NE
1188753.936,X_LEG_1,3.52,13.64,0.30,1,1555,1688,NE
1188753.960,X_LEG_1,3.52,13.64,0.30,1,1555,1688,NE
1188753.980,X_LEG_1,3.52,13.64,0.30,1,1555,1688,NE
1188754.000,X_LEG_1,3.52,13.64,0.30,1,1555,1688,NE
1188754.024,X_LEG_1,3.52,13.64,0.30,1,1555,1688,NE
1188754.044,X_LEG_1,3.60,13.63,0.33,1,1555,1688,NE
1188754.065,X_LEG_1,3.60,13.63,0.33,1,1555,1688,NE
1188754.085,X_LEG_1,3.60,13.63,0.33,1,1555,1688,NE
1188754.109,X_LEG_1,3.60,13.63,0.33,1,1555,1688,NE
1188754.129,X_LEG_1,3.60,13.63,0.33,1,1555,1688,NE
1188754.160,X_LEG_1,3.69,13.63,0.33,1,1555,1687,NE
1188754.187,X_LEG_1,3.69,13.63,0.33,1,1555,1687,NE
1188754.208,X_LEG_1,3.69,13.63,0.33,1,1555,1687,NE
1188754.232,X_LEG_1,3.69,13.63,0.33,1,1555,1687,NE
1188754.264,X_LEG_1,3.69,13.63,0.33,1,1555,1687,NE
1188754.302,X_LEG_1,3.77,13.62,0.34,1,1554,1687,NE
1188754.325,X_LEG_1,3.77,13.62,0.34,1,1554,1687,NE
1188754.346,X_LEG_1,3.77,13.62,0.34,1,1554,1687,NE
1188754.366,X_LEG_1,3.77,13.62,0.34,1,1554,1687,NE
1188754.389,X_LEG_1,3.77,13.62,0.34,1,1554,1687,NE
1188754.410,X_LEG_1,3.77,13.62,0.34,1,1554,1687,NE
1188754.437,X_LEG_1,3.77,13.62,0.34,1,1554,1687,NE
1188754.460,X_LEG_1,3.77,13.62,0.34,1,1554,1687,NE
1188754.481,X_LEG_1,3.77,13.62,0.34,1,1554,1687,NE
1188754.501,X_LEG_1,3.86,13.62,0.34,1,1554,1687,NE
1188754.526,X_LEG_1,3.86,13.62,0.34,1,1554,1687,NE
1188754.547,X_LEG_1,3.86,13.62,0.34,1,1554,1687,NE
1188754.567,X_LEG_1,3.86,13.62,0.34,1,1554,1687,NE
1188754.588,X_LEG_1,3.86,13.62,0.34,1,1554,1687,NE
1188754.609,X_LEG_1,3.95,13.61,0.37,1,1554,1687,NE
1188754.631,X_LEG_1,3.95,13.61,0.37,1,1554,1687,NE
1188754.652,X_LEG_1,3.95,13.61,0.37,1,1554,1687,NE
1188754.672,X_LEG_1,3.95,13.61,0.37,1,1554,1687,NE
1188754.697,X_LEG_1,3.95,13.61,0.37,1,1554,1687,NE
1188754.717,X_LEG_1,4.04,13.61,0.35,1,1554,1686,NE
1188754.737,X_LEG_1,4.04,13.61,0.35,1,1554,1686,NE
1188754.758,X_LEG_1,4.04,13.61,0.35,1,1554,1686,NE
1188754.779,X_LEG_1,4.04,13.61,0.35,1,1554,1686,NE
1188754.799,X_LEG_1,4.04,13.61,0.35,1,1554,1686,NE
1188754.819,X_LEG_1,4.13,13.60,0.38,1,1554,1686,NE
1188754.841,X_LEG_1,4.13,13.60,0.38,1,1554,1686,NE
1188754.861,X_LEG_1,4.13,13.60,0.38,1,1554,1686,NE
1188754.881,X_LEG_1,4.13,13.60,0.38,1,1554,1686,NE
1188754.902,X_LEG_1,4.13,13.60,0.38,1,1554,1686,NE
1188754.923,X_LEG_1,4.13,13.60,0.38,1,1554,1686,NE
1188754.944,X_LEG_1,4.13,13.60,0.38,1,1554,1686,NE
1188754.964,X_LEG_1,4.13,13.60,0.38,1,1554,1686,NE
1188754.985,X_LEG_1,4.13,13.60,0.38,1,1554,1686,NE
1188755.006,X_LEG_1,4.13,13.60,0.38,1,1554,1686,NE
1188755.027,X_LEG_1,4.22,13.60,0.38,1,1554,1686,NE
1188755.048,X_LEG_1,4.22,13.60,0.38,1,1554,1686,NE
1188755.069,X_LEG_1,4.22,13.60,0.38,1,1554,1686,NE
1188755.089,X_LEG_1,4.22,13.60,0.38,1,1554,1686,NE
1188755.110,X_LEG_1,4.22,13.60,0.38,1,1554,1686,NE
1188755.132,X_LEG_1,4.31,13.58,0.39,1,1554,1686,NE
1188755.153,X_LEG_1,4.31,13.58,0.39,1,1554,1686,NE
1188755.174,X_LEG_1,4.31,13.58,0.39,1,1554,1686,NE
1188755.194,X_LEG_1,4.31,13.58,0.39,1,1554,1686,NE
1188755.215,X_LEG_1,4.31,13.58,0.39,1,1554,1686,NE
1188755.236,X_LEG_1,4.41,13.58,0.39,1,1554,1685,NE
1188755.258,X_LEG_1,4.41,13.58,0.39,1,1554,1685,NE
1188755.278,X_LEG_1,4.41,13.58,0.39,1,1554,1685,NE
1188755.299,X_LEG_1,4.41,13.58,0.39,1,1554,1685,NE
1188755.322,X_LEG_1,4.41,13.58,0.39,1,1554,1685,NE
1188755.343,X_LEG_1,4.55,13.57,0.40,1,1554,1685,NE
1188755.363,X_LEG_1,4.55,13.57,0.40,1,1554,1685,NE
1188755.384,X_LEG_1,4.55,13.57,0.40,1,1554,1685,NE
1188755.404,X_LEG_1,4.55,13.57,0.40,1,1554,1685,NE
1188755.425,X_LEG_1,4.55,13.57,0.40,1,1554,1685,NE
1188755.446,X_LEG_1,4.64,13.56,0.41,1,1554,1685,NE
1188755.466,X_LEG_1,4.64,13.56,0.41,1,1554,1685,NE
1188755.486,X_LEG_1,4.64,13.56,0.41,1,1554,1685,NE
1188755.506,X_LEG_1,4.64,13.56,0.41,1,1554,1685,NE
1188755.527,X_LEG_1,4.64,13.56,0.41,1,1554,1685,NE
1188755.549,X_LEG_1,4.74,13.55,0.44,1,1554,1684,NE
1188755.569,X_LEG_1,4.74,13.55,0.44,1,1554,1684,NE
1188755.590,X_LEG_1,4.74,13.55,0.44,1,1554,1684,NE
1188755.610,X_LEG_1,4.74,13.55,0.44,1,1554,1684,NE
1188755.631,X_LEG_1,4.74,13.55,0.44,1,1554,1684,NE
1188755.651,X_LEG_1,4.83,13.54,0.41,1,1554,1684,NE
1188755.672,X_LEG_1,4.83,13.54,0.41,1,1554,1684,NE
1188755.692,X_LEG_1,4.83,13.54,0.41,1,1554,1684,NE
1188755.713,X_LEG_1,4.83,13.54,0.41,1,1554,1684,NE
1188755.733,X_LEG_1,4.83,13.54,0.41,1,1554,1684,NE
1188755.754,X_LEG_1,4.83,13.54,0.41,1,1554,1684,NE
1188755.774,X_LEG_1,4.83,13.54,0.41,1,1554,1684,NE
1188755.797,X_LEG_1,4.83,13.54,0.41,1,1554,1684,NE
1188755.815,X_LEG_1,4.83,13.54,0.41,1,1554,1684,NE
1188755.836,X_LEG_1,4.83,13.54,0.41,1,1554,1684,NE
1188755.856,X_LEG_1,4.98,13.53,0.42,1,1554,1684,NE
1188755.877,X_LEG_1,4.98,13.53,0.42,1,1554,1684,NE
1188755.898,X_LEG_1,4.98,13.53,0.42,1,1554,1684,NE
1188755.920,X_LEG_1,4.98,13.53,0.42,1,1554,1684,NE
1188755.942,X_LEG_1,4.98,13.53,0.42,1,1554,1684,NE
1188755.963,X_LEG_1,5.13,13.52,0.46,1,1554,1683,NE
1188755.983,X_LEG_1,5.13,13.52,0.46,1,1554,1683,NE
1188756.004,X_LEG_1,5.13,13.52,0.46,1,1554,1683,NE
1188756.024,X_LEG_1,5.13,13.52,0.46,1,1554,1683,NE
1188756.050,X_LEG_1,5.13,13.52,0.46,1,1554,1683,NE
1188756.069,X_LEG_1,5.22,13.51,0.47,1,1554,1683,NE
1188756.089,X_LEG_1,5.22,13.51,0.47,1,1554,1683,NE
1188756.110,X_LEG_1,5.22,13.51,0.47,1,1554,1683,NE
1188756.130,X_LEG_1,5.22,13.51,0.47,1,1554,1683,NE
1188756.152,X_LEG_1,5.22,13.51,0.47,1,1554,1683,NE
1188756.173,X_LEG_1,5.32,13.50,0.44,1,1554,1683,NE
1188756.193,X_LEG_1,5.32,13.50,0.44,1,1554,1683,NE
1188756.214,X_LEG_1,5.32,13.50,0.44,1,1554,1683,NE
1188756.234,X_LEG_1,5.32,13.50,0.44,1,1554,1683,NE
1188756.255,X_LEG_1,5.32,13.50,0.44,1,1554,1683,NE
1188756.277,X_LEG_1,5.32,13.50,0.44,1,1554,1683,NE
1188756.297,X_LEG_1,5.32,13.50,0.44,1,1554,1683,NE
1188756.318,X_LEG_1,5.32,13.50,0.44,1,1554,1683,NE
1188756.340,X_LEG_1,5.32,13.50,0.44,1,1554,1683,NE
1188756.360,X_LEG_1,5.32,13.50,0.44,1,1554,1683,NE
1188756.381,X_LEG_1,5.47,13.49,0.45,1,1554,1682,NE
1188756.402,X_LEG_1,5.47,13.49,0.45,1,1554,1682,NE
1188756.422,X_LEG_1,5.47,13.49,0.45,1,1554,1682,NE
1188756.443,X_LEG_1,5.47,13.49,0.45,1,1554,1682,NE
1188756.463,X_LEG_1,5.47,13.49,0.45,1,1554,1682,NE
1188756.484,X_LEG_1,5.58,13.48,0.48,1,1554,1682,NE
1188756.506,X_LEG_1,5.58,13.48,0.48,1,1554,1682,NE
1188756.526,X_LEG_1,5.58,13.48,0.48,1,1554,1682,NE
1188756.547,X_LEG_1,5.58,13.48,0.48,1,1554,1682,NE
1188756.567,X_LEG_1,5.58,13.48,0.48,1,1554,1682,NE
1188756.588,X_LEG_1,5.68,13.47,0.49,1,1554,1681,NE
1188756.608,X_LEG_1,5.68,13.47,0.49,1,1554,1681,NE
1188756.629,X_LEG_1,5.68,13.47,0.49,1,1554,1681,NE
1188756.655,X_LEG_1,5.68,13.47,0.49,1,1554,1681,NE
1188756.676,X_LEG_1,5.68,13.47,0.49,1,1554,1681,NE
1188756.697,X_LEG_1,5.78,13.46,0.47,1,1554,1681,NE
1188756.717,X_LEG_1,5.78,13.46,0.47,1,1554,1681,NE
1188756.740,X_LEG_1,5.78,13.46,0.47,1,1554,1681,NE
1188756.761,X_LEG_1,5.78,13.46,0.47,1,1554,1681,NE
1188756.783,X_LEG_1,5.78,13.46,0.47,1,1554,1681,NE
1188756.807,X_LEG_1,5.89,13.45,0.50,1,1554,1681,NE
1188756.828,X_LEG_1,5.89,13.45,0.50,1,1554,1681,NE
1188756.854,X_LEG_1,5.89,13.45,0.50,1,1554,1681,NE
1188756.874,X_LEG_1,5.89,13.45,0.50,1,1554,1681,NE
1188756.898,X_LEG_1,5.89,13.45,0.50,1,1554,1681,NE
1188756.918,X_LEG_1,5.89,13.45,0.50,1,1554,1681,NE
1188756.940,X_LEG_1,5.89,13.45,0.50,1,1554,1681,NE
1188756.960,X_LEG_1,5.89,13.45,0.50,1,1554,1681,NE
1188756.983,X_LEG_1,5.89,13.45,0.50,1,1554,1681,NE
1188757.006,X_LEG_1,5.89,13.45,0.50,1,1554,1681,NE
1188757.027,X_LEG_1,5.99,13.44,0.51,1,1554,1681,NE
1188757.048,X_LEG_1,5.99,13.44,0.51,1,1554,1681,NE
1188757.068,X_LEG_1,5.99,13.44,0.51,1,1554,1681,NE
1188757.089,X_LEG_1,5.99,13.44,0.51,1,1554,1681,NE
1188757.109,X_LEG_1,5.99,13.44,0.51,1,1554,1681,NE
1188757.130,X_LEG_1,6.09,13.43,0.52,1,1554,1680,NE
1188757.150,X_LEG_1,6.09,13.43,0.52,1,1554,1680,NE
1188757.170,X_LEG_1,6.09,13.43,0.52,1,1554,1680,NE
1188757.197,X_LEG_1,6.09,13.43,0.52,1,1554,1680,NE
1188757.218,X_LEG_1,6.09,13.43,0.52,1,1554,1680,NE
1188757.239,X_LEG_1,6.20,13.42,0.49,1,1554,1680,NE
1188757.260,X_LEG_1,6.20,13.42,0.49,1,1554,1680,NE
1188757.280,X_LEG_1,6.20,13.42,0.49,1,1554,1680,NE
1188757.305,X_LEG_1,6.20,13.42,0.49,1,1554,1680,NE
1188757.327,X_LEG_1,6.20,13.42,0.49,1,1554,1680,NE
1188757.349,X_LEG_1,6.31,13.41,0.50,1,1554,1680,NE
1188757.370,X_LEG_1,6.31,13.41,0.50,1,1554,1680,NE
1188757.391,X_LEG_1,6.31,13.41,0.50,1,1554,1680,NE
1188757.411,X_LEG_1,6.31,13.41,0.50,1,1554,1680,NE
1188757.432,X_LEG_1,6.31,13.41,0.50,1,1554,1680,NE
1188757.453,X_LEG_1,6.41,13.40,0.54,1,1554,1679,NE
1188757.475,X_LEG_1,6.41,13.40,0.54,1,1554,1679,NE
1188757.495,X_LEG_1,6.41,13.40,0.54,1,1554,1679,NE
1188757.516,X_LEG_1,6.41,13.40,0.54,1,1554,1679,NE
1188757.537,X_LEG_1,6.41,13.40,0.54,1,1554,1679,NE
1188757.558,X_LEG_1,6.52,13.38,0.55,1,1554,1679,NE
1188757.579,X_LEG_1,6.52,13.38,0.55,1,1554,1679,NE
1188757.600,X_LEG_1,6.52,13.38,0.55,1,1554,1679,NE
1188757.621,X_LEG_1,6.52,13.38,0.55,1,1554,1679,NE
1188757.642,X_LEG_1,6.52,13.38,0.55,1,1554,1679,NE
1188757.662,X_LEG_1,6.63,13.37,0.55,1,1553,1679,NE
1188757.683,X_LEG_1,6.63,13.37,0.55,1,1553,1679,NE
1188757.703,X_LEG_1,6.63,13.37,0.55,1,1553,1679,NE
1188757.724,X_LEG_1,6.63,13.37,0.55,1,1553,1679,NE
1188757.744,X_LEG_1,6.63,13.37,0.55,1,1553,1679,NE
1188757.765,X_LEG_1,6.63,13.37,0.55,1,1553,1679,NE
1188757.785,X_LEG_1,6.63,13.37,0.55,1,1553,1679,NE
1188757.805,X_LEG_1,6.63,13.37,0.55,1,1553,1679,NE
1188757.829,X_LEG_1,6.63,13.37,0.55,1,1553,1679,NE
1188757.849,X_LEG_1,6.63,13.37,0.55,1,1553,1679,NE
1188757.869,X_LEG_1,6.74,13.36,0.53,1,1553,1678,NE
1188757.891,X_LEG_1,6.74,13.36,0.53,1,1553,1678,NE
1188757.913,X_LEG_1,6.74,13.36,0.53,1,1553,1678,NE
1188757.932,X_LEG_1,6.74,13.36,0.53,1,1553,1678,NE
1188757.952,X_LEG_1,6.74,13.36,0.53,1,1553,1678,NE
1188757.972,X_LEG_1,6.85,13.35,0.54,1,1553,1678,NE
1188757.993,X_LEG_1,6.85,13.35,0.54,1,1553,1678,NE
1188758.014,X_LEG_1,6.85,13.35,0.54,1,1553,1678,NE
1188758.034,X_LEG_1,6.85,13.35,0.54,1,1553,1678,NE
1188758.055,X_LEG_1,6.85,13.35,0.54,1,1553,1678,NE
1188758.076,X_LEG_1,6.85,13.35,0.54,1,1553,1678,NE
1188758.096,X_LEG_1,6.85,13.35,0.54,1,1553,1678,NE
1188758.116,X_LEG_1,6.85,13.35,0.54,1,1553,1678,NE
1188758.137,X_LEG_1,6.85,13.35,0.54,1,1553,1678,NE
1188758.157,X_LEG_1,6.85,13.35,0.54,1,1553,1678,NE
1188758.178,X_LEG_1,6.96,13.34,0.55,1,1553,1678,NE
1188758.199,X_LEG_1,6.96,13.34,0.55,1,1553,1678,NE
1188758.221,X_LEG_1,6.96,13.34,0.55,1,1553,1678,NE
1188758.242,X_LEG_1,6.96,13.34,0.55,1,1553,1678,NE
1188758.263,X_LEG_1,6.96,13.34,0.55,1,1553,1678,NE
1188758.284,X_LEG_1,7.07,13.33,0.58,1,1553,1677,NE
1188758.305,X_LEG_1,7.07,13.33,0.58,1,1553,1677,NE
1188758.325,X_LEG_1,7.07,13.33,0.58,1,1553,1677,NE
1188758.346,X_LEG_1,7.07,13.33,0.58,1,1553,1677,NE
1188758.367,X_LEG_1,7.07,13.33,0.58,1,1553,1677,NE
1188758.387,X_LEG_2,7.18,51.92,124.44,0,1500,1664,SE
1188758.408,X_LEG_2,7.18,51.92,124.44,0,1500,1664,SE
1188758.428,X_LEG_2,7.18,51.92,124.44,0,1500,1664,SE
1188758.448,X_LEG_2,7.18,51.92,124.44,0,1500,1664,SE
1188758.469,X_LEG_2,7.18,51.92,124.44,0,1500,1664,SE
1188758.490,X_LEG_2,7.29,51.93,124.45,0,1500,1664,SE
1188758.511,X_LEG_2,7.29,51.93,124.45,0,1500,1664,SE
1188758.533,X_LEG_2,7.29,51.93,124.45,0,1500,1664,SE
1188758.554,X_LEG_2,7.29,51.93,124.45,0,1500,1664,SE
1188758.574,X_LEG_2,7.29,51.93,124.45,0,1500,1664,SE
1188758.595,X_LEG_2,7.40,51.92,124.46,0,1500,1663,SE
1188758.617,X_LEG_2,7.40,51.92,124.46,0,1500,1663,SE
1188758.637,X_LEG_2,7.40,51.92,124.46,0,1500,1663,SE
1188758.658,X_LEG_2,7.40,51.92,124.46,0,1500,1663,SE
1188758.678,X_LEG_2,7.40,51.92,124.46,0,1500,1663,SE
1188758.699,X_LEG_2,7.51,51.93,124.47,0,1500,1663,SE
1188758.720,X_LEG_2,7.51,51.93,124.47,0,1500,1663,SE
1188758.741,X_LEG_2,7.51,51.93,124.47,0,1500,1663,SE
1188758.761,X_LEG_2,7.51,51.93,124.47,0,1500,1663,SE
1188758.782,X_LEG_2,7.51,51.93,124.47,0,1500,1663,SE
1188758.802,X_LEG_2,7.63,51.94,124.49,0,1500,1663,SE
1188758.823,X_LEG_2,7.63,51.94,124.49,0,1500,1663,SE
1188758.843,X_LEG_2,7.63,51.94,124.49,0,1500,1663,SE
1188758.864,X_LEG_2,7.63,51.94,124.49,0,1500,1663,SE
1188758.885,X_LEG_2,7.63,51.94,124.49,0,1500,1663,SE
1188758.905,X_LEG_2,7.75,51.95,124.50,0,1500,1662,SE
1188758.925,X_LEG_2,7.75,51.95,124.50,0,1500,1662,SE
1188758.946,X_LEG_2,7.75,51.95,124.50,0,1500,1662,SE
1188758.966,X_LEG_2,7.75,51.95,124.50,0,1500,1662,SE
1188758.987,X_LEG_2,7.75,51.95,124.50,0,1500,1662,SE
1188759.007,X_LEG_2,7.87,51.96,124.51,0,1500,1662,SE
1188759.030,X_LEG_2,7.87,51.96,124.51,0,1500,1662,SE
1188759.051,X_LEG_2,7.87,51.96,124.51,0,1500,1662,SE
1188759.071,X_LEG_2,7.87,51.96,124.51,0,1500,1662,SE
1188759.092,X_LEG_2,7.87,51.96,124.51,0,1500,1662,SE
1188759.113,X_LEG_2,7.99,51.97,124.52,0,1500,1662,SE
1188759.133,X_LEG_2,7.99,51.97,124.52,0,1500,1662,SE
1188759.155,X_LEG_2,7.99,51.97,124.52,0,1500,1662,SE
1188759.176,X_LEG_2,7.99,51.97,124.52,0,1500,1662,SE
1188759.197,X_LEG_2,7.99,51.97,124.52,0,1500,1662,SE
1188759.219,X_LEG_2,8.17,51.98,98.53,0,1500,1661,SE
1188759.240,X_LEG_2,8.17,51.98,98.53,0,1500,1661,SE
1188759.261,X_LEG_2,8.17,51.98,98.53,0,1500,1661,SE
1188759.282,X_LEG_2,8.17,51.98,98.53,0,1500,1661,SE
1188759.302,X_LEG_2,8.17,51.98,98.53,0,1500,1661,SE
1188759.322,X_LEG_2,8.17,51.98,98.53,0,1500,1661,SE
1188759.343,X_LEG_2,8.17,51.98,98.53,0,1500,1661,SE
1188759.363,X_LEG_2,8.17,51.98,98.53,0,1500,1661,SE
1188759.384,X_LEG_2,8.17,51.98,98.53,0,1500,1661,SE
1188759.404,X_LEG_2,8.17,51.98,98.53,0,1500,1661,SE
1188759.425,X_LEG_2,8.35,51.99,98.55,0,1500,1660,SE
1188759.445,X_LEG_2,8.35,51.99,98.55,0,1500,1660,SE
1188759.466,X_LEG_2,8.35,51.99,98.55,0,1500,1660,SE
1188759.486,X_LEG_2,8.35,51.99,98.55,0,1500,1660,SE
1188759.507,X_LEG_2,8.35,51.99,98.55,0,1500,1660,SE
1188759.529,X_LEG_2,8.54,52.01,98.56,0,1500,1660,SE
1188759.548,X_LEG_2,8.54,52.01,98.56,0,1500,1660,SE
1188759.569,X_LEG_2,8.54,52.01,98.56,0,1500,1660,SE
1188759.590,X_LEG_2,8.54,52.01,98.56,0,1500,1660,SE
1188759.610,X_LEG_2,8.54,52.01,98.56,0,1500,1660,SE
1188759.630,X_LEG_2,8.73,52.02,98.59,0,1500,1659,SE
1188759.650,X_LEG_2,8.73,52.02,98.59,0,1500,1659,SE
1188759.671,X_LEG_2,8.73,52.02,98.59,0,1500,1659,SE
1188759.692,X_LEG_2,8.73,52.02,98.59,0,1500,1659,SE
1188759.712,X_LEG_2,8.73,52.02,98.59,0,1500,1659,SE
1188759.733,X_LEG_2,8.73,52.02,98.59,0,1500,1659,SE
1188759.753,X_LEG_2,8.73,52.02,98.59,0,1500,1659,SE
1188759.774,X_LEG_2,8.73,52.02,98.59,0,1500,1659,SE
1188759.795,X_LEG_2,8.73,52.02,98.59,0,1500,1659,SE
1188759.815,X_LEG_2,8.73,52.02,98.59,0,1500,1659,SE
1188759.836,X_LEG_2,8.92,52.03,98.60,0,1500,1659,SE
1188759.856,X_LEG_2,8.92,52.03,98.60,0,1500,1659,SE
1188759.877,X_LEG_2,8.92,52.03,98.60,0,1500,1659,SE
1188759.899,X_LEG_2,8.92,52.03,98.60,0,1500,1659,SE
1188759.920,X_LEG_2,8.92,52.03,98.60,0,1500,1659,SE
1188759.940,X_LEG_2,8.92,52.03,98.60,0,1500,1659,SE
1188759.960,X_LEG_2,8.92,52.03,98.60,0,1500,1659,SE
1188759.981,X_LEG_2,8.92,52.03,98.60,0,1500,1659,SE
1188760.002,X_LEG_2,8.92,52.03,98.60,0,1500,1659,SE
1188760.023,X_LEG_2,8.92,52.03,98.60,0,1500,1659,SE
1188760.043,X_LEG_2,9.11,52.05,98.61,0,1500,1658,SE
1188760.063,X_LEG_2,9.11,52.05,98.61,0,1500,1658,SE
1188760.084,X_LEG_2,9.11,52.05,98.61,0,1500,1658,SE
1188760.104,X_LEG_2,9.11,52.05,98.61,0,1500,1658,SE
1188760.125,X_LEG_2,9.11,52.05,98.61,0,1500,1658,SE
1188760.146,X_LEG_2,9.30,52.05,98.63,0,1500,1658,SE
1188760.169,X_LEG_2,9.30,52.05,98.63,0,1500,1658,SE
1188760.201,X_LEG_2,9.30,52.05,98.63,0,1500,1658,SE
1188760.215,X_LEG_2,9.30,52.05,98.63,0,1500,1658,SE
1188760.236,X_LEG_2,9.30,52.05,98.63,0,1500,1658,SE
1188760.256,X_LEG_2,9.43,52.06,98.64,0,1500,1657,SE
1188760.278,X_LEG_2,9.43,52.06,98.64,0,1500,1657,SE
1188760.299,X_LEG_2,9.43,52.06,98.64,0,1500,1657,SE
1188760.319,X_LEG_2,9.43,52.06,98.64,0,1500,1657,SE
1188760.340,X_LEG_2,9.43,52.06,98.64,0,1500,1657,SE
1188760.365,X_LEG_2,9.56,52.07,98.65,0,1500,1657,SE
1188760.393,X_LEG_2,9.56,52.07,98.65,0,1500,1657,SE
1188760.427,X_LEG_2,9.56,52.07,98.65,0,1500,1657,SE
1188760.448,X_LEG_2,9.56,52.07,98.65,0,1500,1657,SE
1188760.470,X_LEG_2,9.56,52.07,49.65,0,1500,1657,SE
1188760.492,X_LEG_2,9.56,52.07,49.65,0,1500,1657,SE
1188760.513,X_LEG_2,9.56,52.07,49.65,0,1500,1657,SE
1188760.533,X_LEG_2,9.56,52.07,49.65,0,1500,1657,SE
1188760.554,X_LEG_2,9.56,52.07,49.65,0,1500,1657,SE
1188760.574,X_LEG_2,9.69,52.07,49.65,0,1500,1656,SE
1188760.594,X_LEG_2,9.69,52.07,49.65,0,1500,1656,SE
1188760.615,X_LEG_2,9.69,52.07,49.65,0,1500,1656,SE
1188760.639,X_LEG_2,9.69,52.07,49.65,0,1500,1656,SE
1188760.660,X_LEG_2,9.69,52.07,49.65,0,1500,1656,SE
1188760.680,X_LEG_2,9.82,52.08,49.66,0,1500,1656,SE
1188760.700,X_LEG_2,9.82,52.08,49.66,0,1500,1656,SE
1188760.721,X_LEG_2,9.82,52.08,49.66,0,1500,1656,SE
1188760.742,X_LEG_2,9.82,52.08,49.66,0,1500,1656,SE
1188760.764,X_LEG_2,9.82,52.08,49.66,0,1500,1656,SE
1188760.787,X_LEG_2,9.95,52.09,49.67,0,1500,1656,SE
1188760.808,X_LEG_2,9.95,52.09,49.67,0,1500,1656,SE
1188760.829,X_LEG_2,9.95,52.09,49.67,0,1500,1656,SE
1188760.851,X_LEG_2,9.95,52.09,49.67,0,1500,1656,SE
1188760.874,X_LEG_2,9.95,52.09,49.67,0,1500,1656,SE
1188760.902,X_LEG_2,9.95,52.09,49.67,0,1500,1656,SE
1188760.922,X_LEG_2,9.95,52.09,49.67,0,1500,1656,SE
1188760.943,X_LEG_2,9.95,52.09,49.67,0,1500,1656,SE
1188760.965,X_LEG_2,9.95,52.09,49.67,0,1500,1656,SE
1188760.989,X_LEG_2,9.95,52.09,49.67,0,1500,1656,SE
1188761.010,X_LEG_2,10.08,52.10,49.69,0,1500,1655,SE
1188761.030,X_LEG_2,10.08,52.10,49.69,0,1500,1655,SE
1188761.051,X_LEG_2,10.08,52.10,49.69,0,1500,1655,SE
1188761.072,X_LEG_2,10.08,52.10,49.69,0,1500,1655,SE
1188761.092,X_LEG_2,10.08,52.10,49.69,0,1500,1655,SE
1188761.113,X_LEG_2,10.21,52.11,49.70,0,1500,1655,SE
1188761.133,X_LEG_2,10.21,52.11,49.70,0,1500,1655,SE
1188761.154,X_LEG_2,10.21,52.11,49.70,0,1500,1655,SE
1188761.174,X_LEG_2,10.21,52.11,49.70,0,1500,1655,SE
1188761.195,X_LEG_2,10.21,52.11,49.70,0,1500,1655,SE
1188761.215,X_LEG_2,10.34,52.12,49.71,0,1500,1654,SE
1188761.236,X_LEG_2,10.34,52.12,49.71,0,1500,1654,SE
1188761.256,X_LEG_2,10.34,52.12,49.71,0,1500,1654,SE
1188761.277,X_LEG_2,10.34,52.12,49.71,0,1500,1654,SE
1188761.298,X_LEG_2,10.34,52.12,49.71,0,1500,1654,SE
1188761.318,X_LEG_2,10.47,52.12,49.72,0,1500,1654,SE
1188761.339,X_LEG_2,10.47,52.12,49.72,0,1500,1654,SE
1188761.366,X_LEG_2,10.47,52.12,49.72,0,1500,1654,SE
1188761.386,X_LEG_2,10.47,52.12,49.72,0,1500,1654,SE
1188761.407,X_LEG_2,10.47,52.12,49.72,0,1500,1654,SE
1188761.427,X_LEG_2,10.60,52.13,20.73,1,1700,1704,SE
1188761.448,X_LEG_2,10.60,52.13,20.73,1,1700,1704,SE
1188761.470,X_LEG_2,10.60,52.13,20.73,1,1700,1704,SE
1188761.491,X_LEG_2,10.60,52.13,20.73,1,1700,1704,SE
1188761.511,X_LEG_2,10.60,52.13,20.73,1,1700,1704,SE
1188761.531,X_LEG_2,10.73,52.14,20.74,1,1700,1703,SE
1188761.552,X_LEG_2,10.73,52.14,20.74,1,1700,1703,SE
1188761.573,X_LEG_2,10.73,52.14,20.74,1,1700,1703,SE
1188761.595,X_LEG_2,10.73,52.14,20.74,1,1700,1703,SE
1188761.615,X_LEG_2,10.73,52.14,20.74,1,1700,1703,SE
1188761.636,X_LEG_2,10.92,52.15,20.75,1,1700,1703,SE
1188761.656,X_LEG_2,10.92,52.15,20.75,1,1700,1703,SE
1188761.677,X_LEG_2,10.92,52.15,20.75,1,1700,1703,SE
1188761.697,X_LEG_2,10.92,52.15,20.75,1,1700,1703,SE
1188761.718,X_LEG_2,10.92,52.15,20.75,1,1700,1703,SE
1188761.738,X_LEG_2,11.06,52.16,20.76,1,1700,1702,SE
1188761.760,X_LEG_2,11.06,52.16,20.76,1,1700,1702,SE
1188761.781,X_LEG_2,11.06,52.16,20.76,1,1700,1702,SE
1188761.804,X_LEG_2,11.06,52.16,20.76,1,1700,1702,SE
1188761.825,X_LEG_2,11.06,52.16,20.76,1,1700,1702,SE
1188761.848,X_LEG_2,11.19,52.17,20.77,1,1700,1702,SE
1188761.870,X_LEG_2,11.19,52.17,20.77,1,1700,1702,SE
1188761.890,X_LEG_2,11.19,52.17,20.77,1,1700,1702,SE
1188761.911,X_LEG_2,11.19,52.17,20.77,1,1700,1702,SE
1188761.934,X_LEG_2,11.19,52.17,20.77,1,1700,1702,SE
1188761.955,X_LEG_2,11.33,52.17,20.77,1,1700,1702,SE
1188761.975,X_LEG_2,11.33,52.17,20.77,1,1700,1702,SE
1188761.996,X_LEG_2,11.33,52.17,20.77,1,1700,1702,SE
1188762.017,X_LEG_2,11.33,52.17,20.77,1,1700,1702,SE
1188762.037,X_LEG_2,11.33,52.17,20.77,1,1700,1702,SE
1188762.059,X_LEG_2,11.47,52.18,20.78,1,1700,1701,SE
1188762.080,X_LEG_2,11.47,52.18,20.78,1,1700,1701,SE
1188762.100,X_LEG_2,11.47,52.18,20.78,1,1700,1701,SE
1188762.121,X_LEG_2,11.47,52.18,20.78,1,1700,1701,SE
1188762.141,X_LEG_2,11.47,52.18,20.78,1,1700,1701,SE
1188762.161,X_LEG_2,11.47,52.18,5.78,1,1700,1701,SE
1188762.182,X_LEG_2,11.47,52.18,5.78,1,1700,1701,SE
1188762.202,X_LEG_2,11.47,52.18,5.78,1,1700,1701,SE
1188762.223,X_LEG_2,11.47,52.18,5.78,1,1700,1701,SE
1188762.245,X_LEG_2,11.47,52.18,5.78,1,1700,1701,SE
1188762.266,X_LEG_2,11.61,52.19,5.80,1,1700,1701,SE
1188762.286,X_LEG_2,11.61,52.19,5.80,1,1700,1701,SE
1188762.308,X_LEG_2,11.61,52.19,5.80,1,1700,1701,SE
1188762.329,X_LEG_2,11.61,52.19,5.80,1,1700,1701,SE
1188762.349,X_LEG_2,11.61,52.19,5.80,1,1700,1701,SE
1188762.369,X_LEG_2,11.76,52.18,5.80,1,1700,1700,SE
1188762.390,X_LEG_2,11.76,52.18,5.80,1,1700,1700,SE
1188762.410,X_LEG_2,11.76,52.18,5.80,1,1700,1700,SE
1188762.437,X_LEG_2,11.76,52.18,5.80,1,1700,1700,SE
1188762.457,X_LEG_2,11.76,52.18,5.80,1,1700,1700,SE
1188762.477,X_LEG_2,11.76,52.18,5.80,1,1700,1700,SE
1188762.498,X_LEG_2,11.76,52.18,5.80,1,1700,1700,SE
1188762.519,X_LEG_2,11.76,52.18,5.80,1,1700,1700,SE
1188762.540,X_LEG_2,11.76,52.18,5.80,1,1700,1700,SE
1188762.561,X_LEG_2,11.76,52.18,5.80,1,1700,1700,SE
1188762.581,X_LEG_2,11.97,52.18,5.82,1,1700,1700,SE
1188762.602,X_LEG_2,11.97,52.18,5.82,1,1700,1700,SE
1188762.622,X_LEG_2,11.97,52.18,5.82,1,1700,1700,SE
1188762.644,X_LEG_2,11.97,52.18,5.82,1,1700,1700,SE
1188762.664,X_LEG_2,11.97,52.18,5.82,1,1700,1700,SE
1188762.685,X_LEG_2,12.12,52.18,5.83,1,1700,1699,SE
1188762.705,X_LEG_2,12.12,52.18,5.83,1,1700,1699,SE
1188762.726,X_LEG_2,12.12,52.18,5.83,1,1700,1699,SE
1188762.746,X_LEG_2,12.12,52.18,5.83,1,1700,1699,SE
1188762.767,X_LEG_2,12.12,52.18,5.83,1,1700,1699,SE
1188762.787,X_LEG_2,12.27,52.18,5.85,1,1700,1699,SE
1188762.808,X_LEG_2,12.27,52.18,5.85,1,1700,1699,SE
1188762.828,X_LEG_2,12.27,52.18,5.85,1,1700,1699,SE
1188762.849,X_LEG_2,12.27,52.18,5.85,1,1700,1699,SE
1188762.869,X_LEG_2,12.27,52.18,5.85,1,1700,1699,SE
1188762.890,X_LEG_2,12.41,52.18,7.86,1,1700,1698,SE
1188762.910,X_LEG_2,12.41,52.18,7.86,1,1700,1698,SE
1188762.931,X_LEG_2,12.41,52.18,7.86,1,1700,1698,SE
1188762.952,X_LEG_2,12.41,52.18,7.86,1,1700,1698,SE
1188762.977,X_LEG_2,12.41,52.18,7.86,1,1700,1698,SE
1188762.998,X_LEG_2,12.57,52.16,7.87,1,1700,1698,SE
1188763.019,X_LEG_2,12.57,52.16,7.87,1,1700,1698,SE
1188763.039,X_LEG_2,12.57,52.16,7.87,1,1700,1698,SE
1188763.060,X_LEG_2,12.57,52.16,7.87,1,1700,1698,SE
1188763.086,X_LEG_2,12.57,52.16,7.87,1,1700,1698,SE
1188763.107,X_LEG_2,12.71,52.15,7.88,1,1700,1697,SE
1188763.137,X_LEG_2,12.71,52.15,7.88,1,1700,1697,SE
1188763.157,X_LEG_2,12.71,52.15,7.88,1,1700,1697,SE
1188763.177,X_LEG_2,12.71,52.15,7.88,1,1700,1697,SE
1188763.200,X_LEG_2,12.71,52.15,7.88,1,1700,1697,SE
1188763.224,X_LEG_2,12.87,52.14,7.89,1,1700,1697,SE
1188763.244,X_LEG_2,12.87,52.14,7.89,1,1700,1697,SE
1188763.265,X_LEG_2,12.87,52.14,7.89,1,1700,1697,SE
1188763.285,X_LEG_2,12.87,52.14,7.89,1,1700,1697,SE
1188763.306,X_LEG_2,12.87,52.14,7.89,1,1700,1697,SE
1188763.326,X_LEG_2,12.87,52.14,7.89,1,1700,1697,SE
1188763.349,X_LEG_2,12.87,52.14,7.89,1,1700,1697,SE
1188763.369,X_LEG_2,12.87,52.14,7.89,1,1700,1697,SE
1188763.390,X_LEG_2,12.87,52.14,7.89,1,1700,1697,SE
1188763.410,X_LEG_2,12.87,52.14,7.89,1,1700,1697,SE
1188763.430,X_LEG_2,13.02,52.11,7.90,1,1700,1696,SE
1188763.451,X_LEG_2,13.02,52.11,7.90,1,1700,1696,SE
1188763.471,X_LEG_2,13.02,52.11,7.90,1,1700,1696,SE
1188763.494,X_LEG_2,13.02,52.11,7.90,1,1700,1696,SE
1188763.513,X_LEG_2,13.02,52.11,7.90,1,1700,1696,SE
1188763.534,X_LEG_2,13.25,52.09,7.92,1,1700,1696,SE
1188763.554,X_LEG_2,13.25,52.09,7.92,1,1700,1696,SE
1188763.574,X_LEG_2,13.25,52.09,7.92,1,1700,1696,SE
1188763.595,X_LEG_2,13.25,52.09,7.92,1,1700,1696,SE
1188763.616,X_LEG_2,13.25,52.09,7.92,1,1700,1696,SE
1188763.636,X_LEG_2,13.40,52.06,7.93,1,1700,1695,SE
1188763.659,X_LEG_2,13.40,52.06,7.93,1,1700,1695,SE
1188763.679,X_LEG_2,13.40,52.06,7.93,1,1700,1695,SE
1188763.699,X_LEG_2,13.40,52.06,7.93,1,1700,1695,SE
1188763.720,X_LEG_2,13.40,52.06,7.93,1,1700,1695,SE
1188763.741,X_LEG_2,13.56,52.04,7.93,1,1700,1695,SE
1188763.761,X_LEG_2,13.56,52.04,7.93,1,1700,1695,SE
1188763.784,X_LEG_2,13.56,52.04,7.93,1,1700,1695,SE
1188763.805,X_LEG_2,13.56,52.04,7.93,1,1700,1695,SE
1188763.825,X_LEG_2,13.56,52.04,7.93,1,1700,1695,SE
1188763.846,X_LEG_2,13.71,52.01,7.95,1,1700,1694,SE
1188763.867,X_LEG_2,13.71,52.01,7.95,1,1700,1694,SE
1188763.891,X_LEG_2,13.71,52.01,7.95,1,1700,1694,SE
1188763.912,X_LEG_2,13.71,52.01,7.95,1,1700,1694,SE
1188763.941,X_LEG_2,13.71,52.01,7.95,1,1700,1694,SE
1188763.959,X_LEG_2,13.87,51.99,7.96,1,1700,1694,SE
1188763.980,X_LEG_2,13.87,51.99,7.96,1,1700,1694,SE
1188764.010,X_LEG_2,13.87,51.99,7.96,1,1700,1694,SE
1188764.040,X_LEG_2,13.87,51.99,7.96,1,1700,1694,SE
1188764.072,X_LEG_2,13.87,51.99,7.96,1,1700,1694,SE
1188764.093,X_LEG_2,14.03,51.95,7.97,1,1700,1693,SE
1188764.113,X_LEG_2,14.03,51.95,7.97,1,1700,1693,SE
1188764.134,X_LEG_2,14.03,51.95,7.97,1,1700,1693,SE
1188764.154,X_LEG_2,14.03,51.95,7.97,1,1700,1693,SE
1188764.176,X_LEG_2,14.03,51.95,7.97,1,1700,1693,SE
1188764.198,X_LEG_2,14.03,51.95,7.97,1,1700,1693,SE
1188764.218,X_LEG_2,14.03,51.95,7.97,1,1700,1693,SE
1188764.240,X_LEG_2,14.03,51.95,7.97,1,1700,1693,SE
1188764.266,X_LEG_2,14.03,51.95,7.97,1,1700,1693,SE
1188764.287,X_LEG_2,14.03,51.95,7.97,1,1700,1693,SE
1188764.318,X_LEG_2,14.19,51.92,5.99,1,1700,1693,SE
1188764.353,X_LEG_2,14.19,51.92,5.99,1,1700,1693,SE
1188764.379,X_LEG_2,14.19,51.92,5.99,1,1700,1693,SE
1188764.400,X_LEG_2,14.19,51.92,5.99,1,1700,1693,SE
1188764.429,X_LEG_2,14.51,51.85,6.01,1,1700,1692,SE
1188764.451,X_LEG_2,14.51,51.85,6.01,1,1700,1692,SE
1188764.471,X_LEG_2,14.51,51.85,6.01,1,1700,1692,SE
1188764.491,X_LEG_2,14.51,51.85,6.01,1,1700,1692,SE
1188764.512,X_LEG_2,14.51,51.85,6.01,1,1700,1692,SE
1188764.532,X_LEG_2,14.51,51.85,6.01,1,1700,1692,SE
1188764.553,X_LEG_2,14.51,51.85,6.01,1,1700,1692,SE
1188764.573,X_LEG_2,14.51,51.85,6.01,1,1700,1692,SE
1188764.594,X_LEG_2,14.51,51.85,6.01,1,1700,1692,SE
1188764.614,X_LEG_2,14.51,51.85,6.01,1,1700,1692,SE
1188764.637,X_LEG_2,14.66,51.81,6.02,1,1700,1692,SE
1188764.661,X_LEG_2,14.66,51.81,6.02,1,1700,1692,SE
1188764.683,X_LEG_2,14.66,51.81,6.02,1,1700,1692,SE
1188764.705,X_LEG_2,14.66,51.81,6.02,1,1700,1692,SE
1188764.725,X_LEG_2,14.66,51.81,6.02,1,1700,1692,SE
1188764.746,X_LEG_2,14.80,51.77,6.03,1,1700,1691,SE
1188764.767,X_LEG_2,14.80,51.77,6.03,1,1700,1691,SE
1188764.789,X_LEG_2,14.80,51.77,6.03,1,1700,1691,SE
1188764.809,X_LEG_2,14.80,51.77,6.03,1,1700,1691,SE
1188764.831,X_LEG_2,14.80,51.77,6.03,1,1700,1691,SE
1188764.851,X_LEG_2,14.93,51.74,6.04,1,1700,1691,SE
1188764.872,X_LEG_2,14.93,51.74,6.04,1,1700,1691,SE
1188764.893,X_LEG_2,14.93,51.74,6.04,1,1700,1691,SE
1188764.916,X_LEG_2,14.93,51.74,6.04,1,1700,1691,SE
1188764.937,X_LEG_2,14.93,51.74,6.04,1,1700,1691,SE
1188767.087,X_LEG_2,15.86,50.92,-0.71,1,1700,1689,SE
1188767.107,X_LEG_2,15.86,50.92,-0.71,1,1700,1689,SE
1188767.127,X_LEG_2,15.86,50.92,-0.71,1,1700,1689,SE
1188767.148,X_LEG_2,15.86,50.92,-0.71,1,1700,1689,SE
1188767.169,X_LEG_2,15.86,50.92,-0.71,1,1700,1689,SE
1188767.190,X_LEG_2,15.86,50.92,-0.71,1,1700,1689,SE
1188767.210,X_LEG_2,15.86,50.92,-0.71,1,1700,1689,SE
1188767.231,X_LEG_2,15.86,50.92,-0.71,1,1700,1689,SE
1188767.251,X_LEG_2,15.87,50.87,-0.69,1,1700,1689,SE
1188767.271,X_LEG_2,15.87,50.87,-0.69,1,1700,1689,SE
1188767.292,X_LEG_2,15.87,50.87,-0.69,1,1700,1689,SE
1188767.313,X_LEG_2,15.87,50.87,-0.69,1,1700,1689,SE
1188767.334,X_LEG_2,15.87,50.87,-0.69,1,1700,1689,SE
1188767.354,X_LEG_2,15.88,50.81,-0.66,1,1700,1689,SE
1188767.375,X_LEG_2,15.88,50.81,-0.66,1,1700,1689,SE
1188767.395,X_LEG_2,15.88,50.81,-0.66,1,1700,1689,SE
1188767.416,X_LEG_2,15.88,50.81,-0.66,1,1700,1689,SE
1188767.436,X_LEG_2,15.88,50.81,-0.66,1,1700,1689,SE
1188767.457,X_LEG_2,15.88,50.81,-0.66,1,1700,1689,SE
1188767.477,X_LEG_2,15.88,50.81,-0.66,1,1700,1689,SE
1188767.498,X_LEG_2,15.88,50.81,-0.66,1,1700,1689,SE
1188767.518,X_LEG_2,15.88,50.81,-0.66,1,1700,1689,SE
1188767.538,X_LEG_2,15.88,50.81,-0.66,1,1700,1689,SE
1188767.559,X_LEG_2,15.90,50.77,-0.64,1,1700,1689,SE
1188767.579,X_LEG_2,15.90,50.77,-0.64,1,1700,1689,SE
1188767.600,X_LEG_2,15.90,50.77,-0.64,1,1700,1689,SE
1188767.620,X_LEG_2,15.90,50.77,-0.64,1,1700,1689,SE
1188767.641,X_LEG_2,15.90,50.77,-0.64,1,1700,1689,SE
1188767.661,X_LEG_2,15.92,50.71,-0.62,1,1700,1689,SE
1188767.682,X_LEG_2,15.92,50.71,-0.62,1,1700,1689,SE
1188767.702,X_LEG_2,15.92,50.71,-0.62,1,1700,1689,SE
1188767.723,X_LEG_2,15.92,50.71,-0.62,1,1700,1689,SE
1188767.744,X_LEG_2,15.92,50.71,-0.62,1,1700,1689,SE
1188767.764,X_LEG_2,15.93,50.65,-0.61,1,1700,1689,SE
1188767.785,X_LEG_2,15.93,50.65,-0.61,1,1700,1689,SE
1188767.806,X_LEG_2,15.93,50.65,-0.61,1,1700,1689,SE
1188767.827,X_LEG_2,15.93,50.65,-0.61,1,1700,1689,SE
1188767.847,X_LEG_2,15.93,50.65,-0.61,1,1700,1689,SE
1188767.868,X_LEG_2,15.93,50.65,-0.61,1,1700,1689,SE
1188767.889,X_LEG_2,15.93,50.65,-0.61,1,1700,1689,SE
1188767.909,X_LEG_2,15.93,50.65,-0.61,1,1700,1689,SE
1188767.931,X_LEG_2,15.93,50.65,-0.61,1,1700,1689,SE
1188767.951,X_LEG_2,15.93,50.65,-0.61,1,1700,1689,SE
1188767.972,X_LEG_2,15.95,50.60,-0.59,1,1700,1689,SE
1188767.992,X_LEG_2,15.95,50.60,-0.59,1,1700,1689,SE
1188768.013,X_LEG_2,15.95,50.60,-0.59,1,1700,1689,SE
1188768.033,X_LEG_2,15.95,50.60,-0.59,1,1700,1689,SE
1188768.054,X_LEG_2,15.95,50.60,-0.59,1,1700,1689,SE
1188768.074,X_LEG_2,15.98,50.54,-0.57,1,1700,1689,SE
1188768.095,X_LEG_2,15.98,50.54,-0.57,1,1700,1689,SE
1188768.118,X_LEG_2,15.98,50.54,-0.57,1,1700,1689,SE
1188768.138,X_LEG_2,15.98,50.54,-0.57,1,1700,1689,SE
1188768.159,X_LEG_2,15.98,50.54,-0.57,1,1700,1689,SE
1188768.179,X_LEG_2,16.00,50.47,-0.55,1,1700,1688,SE
1188768.200,X_LEG_2,16.00,50.47,-0.55,1,1700,1688,SE
1188768.220,X_LEG_2,16.00,50.47,-0.55,1,1700,1688,SE
1188768.241,X_LEG_2,16.00,50.47,-0.55,1,1700,1688,SE
1188768.262,X_LEG_2,16.00,50.47,-0.55,1,1700,1688,SE
1188768.282,X_LEG_2,16.03,50.40,-0.54,1,1700,1688,SE
1188768.303,X_LEG_2,16.03,50.40,-0.54,1,1700,1688,SE
1188768.324,X_LEG_2,16.03,50.40,-0.54,1,1700,1688,SE
1188768.344,X_LEG_2,16.03,50.40,-0.54,1,1700,1688,SE
1188768.365,X_LEG_2,16.03,50.40,-0.54,1,1700,1688,SE
1188768.385,X_LEG_2,16.03,50.40,-0.54,1,1700,1688,SE
1188768.406,X_LEG_2,16.03,50.40,-0.54,1,1700,1688,SE
1188768.426,X_LEG_2,16.03,50.40,-0.54,1,1700,1688,SE
1188768.447,X_LEG_2,16.03,50.40,-0.54,1,1700,1688,SE
1188768.467,X_LEG_2,16.03,50.40,-0.54,1,1700,1688,SE
1188768.488,X_LEG_2,16.05,50.33,-0.51,1,1700,1688,SE
1188768.508,X_LEG_2,16.05,50.33,-0.51,1,1700,1688,SE
1188768.529,X_LEG_2,16.05,50.33,-0.51,1,1700,1688,SE
1188768.550,X_LEG_2,16.05,50.33,-0.51,1,1700,1688,SE
1188768.571,X_LEG_2,16.05,50.33,-0.51,1,1700,1688,SE
1188768.591,X_LEG_2,16.07,50.28,-0.50,1,1700,1688,SE
1188768.611,X_LEG_2,16.07,50.28,-0.50,1,1700,1688,SE
1188768.631,X_LEG_2,16.07,50.28,-0.50,1,1700,1688,SE
1188768.652,X_LEG_2,16.07,50.28,-0.50,1,1700,1688,SE
1188768.672,X_LEG_2,16.07,50.28,-0.50,1,1700,1688,SE
1188768.693,X_LEG_2,16.11,50.20,-0.49,1,1700,1688,SE
1188768.713,X_LEG_2,16.11,50.20,-0.49,1,1700,1688,SE
1188768.734,X_LEG_2,16.11,50.20,-0.49,1,1700,1688,SE
1188768.755,X_LEG_2,16.11,50.20,-0.49,1,1700,1688,SE
1188768.775,X_LEG_2,16.11,50.20,-0.49,1,1700,1688,SE
1188768.796,X_LEG_2,16.14,50.13,-0.47,1,1700,1688,SE
1188768.816,X_LEG_2,16.14,50.13,-0.47,1,1700,1688,SE
1188768.837,X_LEG_2,16.14,50.13,-0.47,1,1700,1688,SE
1188768.859,X_LEG_2,16.14,50.13,-0.47,1,1700,1688,SE
1188768.879,X_LEG_2,16.14,50.13,-0.47,1,1700,1688,SE
1188768.899,X_LEG_2,16.14,50.13,-0.47,1,1700,1688,SE
1188768.920,X_LEG_2,16.14,50.13,-0.47,1,1700,1688,SE
1188768.940,X_LEG_2,16.14,50.13,-0.47,1,1700,1688,SE
1188768.960,X_LEG_2,16.14,50.13,-0.47,1,1700,1688,SE
1188768.981,X_LEG_2,16.14,50.13,-0.47,1,1700,1688,SE
1188769.002,X_LEG_2,16.17,50.04,-0.45,1,1700,1688,SE
1188769.023,X_LEG_2,16.17,50.04,-0.45,1,1700,1688,SE
1188769.044,X_LEG_2,16.17,50.04,-0.45,1,1700,1688,SE
1188769.064,X_LEG_2,16.17,50.04,-0.45,1,1700,1688,SE
1188769.086,X_LEG_2,16.17,50.04,-0.45,1,1700,1688,SE
1188769.106,X_LEG_2,16.21,49.96,-0.44,1,1700,1687,SE
1188769.128,X_LEG_2,16.21,49.96,-0.44,1,1700,1687,SE
1188769.148,X_LEG_2,16.21,49.96,-0.44,1,1700,1687,SE
1188769.169,X_LEG_2,16.21,49.96,-0.44,1,1700,1687,SE
1188769.189,X_LEG_2,16.21,49.96,-0.44,1,1700,1687,SE
1188769.212,X_LEG_2,16.24,49.86,-0.42,1,1699,1687,SE
1188769.234,X_LEG_2,16.24,49.86,-0.42,1,1699,1687,SE
1188769.255,X_LEG_2,16.24,49.86,-0.42,1,1699,1687,SE
1188769.276,X_LEG_2,16.24,49.86,-0.42,1,1699,1687,SE
1188769.296,X_LEG_2,16.24,49.86,-0.42,1,1699,1687,SE
1188769.317,X_LEG_2,16.24,49.86,-0.42,1,1699,1687,SE
1188769.337,X_LEG_2,16.24,49.86,-0.42,1,1699,1687,SE
1188769.358,X_LEG_2,16.24,49.86,-0.42,1,1699,1687,SE
1188769.378,X_LEG_2,16.24,49.86,-0.42,1,1699,1687,SE
1188769.398,X_LEG_2,16.24,49.86,-0.42,1,1699,1687,SE
1188769.419,X_LEG_2,16.28,49.77,-0.40,1,1699,1687,SE
1188769.439,X_LEG_2,16.28,49.77,-0.40,1,1699,1687,SE
1188769.460,X_LEG_2,16.28,49.77,-0.40,1,1699,1687,SE
1188769.480,X_LEG_2,16.28,49.77,-0.40,1,1699,1687,SE
1188769.502,X_LEG_2,16.28,49.77,-0.40,1,1699,1687,SE
1188769.522,X_LEG_2,16.32,49.67,-0.39,1,1699,1687,SE
1188769.543,X_LEG_2,16.32,49.67,-0.39,1,1699,1687,SE
1188769.563,X_LEG_2,16.32,49.67,-0.39,1,1699,1687,SE
1188769.584,X_LEG_2,16.32,49.67,-0.39,1,1699,1687,SE
1188769.604,X_LEG_2,16.32,49.67,-0.39,1,1699,1687,SE
1188769.625,X_LEG_2,16.37,49.58,-0.37,1,1698,1686,SE
1188769.645,X_LEG_2,16.37,49.58,-0.37,1,1698,1686,SE
1188769.666,X_LEG_2,16.37,49.58,-0.37,1,1698,1686,SE
1188769.686,X_LEG_2,16.37,49.58,-0.37,1,1698,1686,SE
1188769.707,X_LEG_2,16.37,49.58,-0.37,1,1698,1686,SE
1188769.728,X_LEG_2,16.37,49.58,-0.37,1,1698,1686,SE
1188769.749,X_LEG_2,16.37,49.58,-0.37,1,1698,1686,SE
1188769.769,X_LEG_2,16.37,49.58,-0.37,1,1698,1686,SE
1188769.789,X_LEG_2,16.37,49.58,-0.37,1,1698,1686,SE
1188769.810,X_LEG_2,16.37,49.58,-0.37,1,1698,1686,SE
1188769.830,X_LEG_2,16.41,49.47,-0.35,1,1698,1686,SE
1188769.851,X_LEG_2,16.41,49.47,-0.35,1,1698,1686,SE
1188769.874,X_LEG_2,16.41,49.47,-0.35,1,1698,1686,SE
1188769.894,X_LEG_2,16.41,49.47,-0.35,1,1698,1686,SE
1188769.914,X_LEG_2,16.41,49.47,-0.35,1,1698,1686,SE
1188769.937,X_LEG_2,16.45,49.36,-0.34,1,1697,1686,SE
1188769.958,X_LEG_2,16.45,49.36,-0.34,1,1697,1686,SE
1188769.978,X_LEG_2,16.45,49.36,-0.34,1,1697,1686,SE
1188770.001,X_LEG_2,16.45,49.36,-0.34,1,1697,1686,SE
1188770.021,X_LEG_2,16.45,49.36,-0.34,1,1697,1686,SE
1188770.042,X_LEG_2,16.45,49.36,-0.34,1,1697,1686,SE
1188770.064,X_LEG_2,16.45,49.36,-0.34,1,1697,1686,SE
1188770.085,X_LEG_2,16.45,49.36,-0.34,1,1697,1686,SE
1188770.105,X_LEG_2,16.45,49.36,-0.34,1,1697,1686,SE
1188770.127,X_LEG_2,16.45,49.36,-0.34,1,1697,1686,SE
1188770.150,X_LEG_2,16.50,49.25,-0.32,1,1697,1686,SE
1188770.174,X_LEG_2,16.50,49.25,-0.32,1,1697,1686,SE
1188770.195,X_LEG_2,16.50,49.25,-0.32,1,1697,1686,SE
1188770.234,X_LEG_2,16.50,49.25,-0.32,1,1697,1686,SE
1188770.257,X_LEG_2,16.50,49.25,-0.32,1,1697,1686,SE
1188770.280,X_LEG_2,16.53,49.17,-0.31,1,1697,1686,SE
1188770.301,X_LEG_2,16.53,49.17,-0.31,1,1697,1686,SE
1188770.321,X_LEG_2,16.53,49.17,-0.31,1,1697,1686,SE
1188770.344,X_LEG_2,16.53,49.17,-0.31,1,1697,1686,SE
1188770.364,X_LEG_2,16.53,49.17,-0.31,1,1697,1686,SE
1188770.385,X_LEG_2,16.57,49.09,-0.30,1,1696,1686,SE
1188770.407,X_LEG_2,16.57,49.09,-0.30,1,1696,1686,SE
1188770.428,X_LEG_2,16.57,49.09,-0.30,1,1696,1686,SE
1188770.448,X_LEG_2,16.57,49.09,-0.30,1,1696,1686,SE
1188770.469,X_LEG_2,16.57,49.09,-0.30,1,1696,1686,SE
1188770.490,X_LEG_2,16.60,49.01,-0.29,1,1696,1686,SE
1188770.511,X_LEG_2,16.60,49.01,-0.29,1,1696,1686,SE
1188770.531,X_LEG_2,16.60,49.01,-0.29,1,1696,1686,SE
1188770.551,X_LEG_2,16.60,49.01,-0.29,1,1696,1686,SE
1188770.572,X_LEG_2,16.60,49.01,-0.29,1,1696,1686,SE
1188770.593,X_LEG_2,16.60,49.01,-0.29,1,1696,1686,SE
1188770.613,X_LEG_2,16.60,49.01,-0.29,1,1696,1686,SE
1188770.634,X_LEG_2,16.60,49.01,-0.29,1,1696,1686,SE
1188770.654,X_LEG_2,16.60,49.01,-0.29,1,1696,1686,SE
1188770.675,X_LEG_2,16.60,49.01,-0.29,1,1696,1686,SE
1188770.695,X_LEG_2,16.64,48.93,-0.27,1,1696,1685,SE
1188770.716,X_LEG_2,16.64,48.93,-0.27,1,1696,1685,SE
1188770.736,X_LEG_2,16.64,48.93,-0.27,1,1696,1685,SE
1188770.757,X_LEG_2,16.64,48.93,-0.27,1,1696,1685,SE
1188770.778,X_LEG_2,16.64,48.93,-0.27,1,1696,1685,SE
1188770.798,X_LEG_2,16.67,48.85,-0.27,1,1695,1684,SE
1188770.819,X_LEG_2,16.67,48.85,-0.27,1,1695,1684,SE
1188770.841,X_LEG_2,16.67,48.85,-0.27,1,1695,1684,SE
1188770.861,X_LEG_2,16.67,48.85,-0.27,1,1695,1684,SE
1188770.881,X_LEG_2,16.67,48.85,-0.27,1,1695,1684,SE
1188770.902,X_LEG_2,16.67,48.85,-0.27,1,1695,1684,SE
1188770.924,X_LEG_2,16.67,48.85,-0.27,1,1695,1684,SE
1188770.946,X_LEG_2,16.67,48.85,-0.27,1,1695,1684,SE
1188770.969,X_LEG_2,16.67,48.85,-0.27,1,1695,1684,SE
1188770.990,X_LEG_2,16.67,48.85,-0.27,1,1695,1684,SE
1188771.012,X_LEG_2,16.71,48.77,-0.25,1,1695,1684,SE
1188771.034,X_LEG_2,16.71,48.77,-0.25,1,1695,1684,SE
1188771.058,X_LEG_2,16.71,48.77,-0.25,1,1695,1684,SE
1188771.078,X_LEG_2,16.71,48.77,-0.25,1,1695,1684,SE
1188771.098,X_LEG_2,16.71,48.77,-0.25,1,1695,1684,SE
1188771.119,X_LEG_2,16.74,48.69,-0.25,1,1695,1684,SE
1188771.139,X_LEG_2,16.74,48.69,-0.25,1,1695,1684,SE
1188771.160,X_LEG_2,16.74,48.69,-0.25,1,1695,1684,SE
1188771.181,X_LEG_2,16.74,48.69,-0.25,1,1695,1684,SE
1188771.201,X_LEG_2,16.74,48.69,-0.25,1,1695,1684,SE
1188771.221,X_LEG_2,16.78,48.60,-0.24,1,1694,1684,SE
1188771.242,X_LEG_2,16.78,48.60,-0.24,1,1694,1684,SE
1188771.263,X_LEG_2,16.78,48.60,-0.24,1,1694,1684,SE
1188771.284,X_LEG_2,16.78,48.60,-0.24,1,1694,1684,SE
1188771.307,X_LEG_2,16.78,48.60,-0.24,1,1694,1684,SE
1188771.328,X_LEG_2,16.82,48.52,-0.22,1,1694,1684,SE
1188771.348,X_LEG_2,16.82,48.52,-0.22,1,1694,1684,SE
1188771.369,X_LEG_2,16.82,48.52,-0.22,1,1694,1684,SE
1188771.389,X_LEG_2,16.82,48.52,-0.22,1,1694,1684,SE
1188771.412,X_LEG_2,16.82,48.52,-0.22,1,1694,1684,SE
1188771.431,X_LEG_2,16.88,48.38,-0.21,1,1694,1684,SE
1188771.452,X_LEG_2,16.88,48.38,-0.21,1,1694,1684,SE
1188771.473,X_LEG_2,16.88,48.38,-0.21,1,1694,1684,SE
1188771.493,X_LEG_2,16.88,48.38,-0.21,1,1694,1684,SE
1188771.514,X_LEG_2,16.88,48.38,-0.21,1,1694,1684,SE
1188771.535,X_LEG_2,16.88,48.38,-0.21,1,1694,1684,SE
1188771.555,X_LEG_2,16.88,48.38,-0.21,1,1694,1684,SE
1188771.575,X_LEG_2,16.88,48.38,-0.21,1,1694,1684,SE
1188771.595,X_LEG_2,16.88,48.38,-0.21,1,1694,1684,SE
1188771.616,X_LEG_2,16.88,48.38,-0.21,1,1694,1684,SE
1188771.638,X_LEG_2,16.92,48.30,-0.20,1,1693,1684,SE
1188771.659,X_LEG_2,16.92,48.30,-0.20,1,1693,1684,SE
1188771.679,X_LEG_2,16.92,48.30,-0.20,1,1693,1684,SE
1188771.699,X_LEG_2,16.92,48.30,-0.20,1,1693,1684,SE
1188771.720,X_LEG_2,16.92,48.30,-0.20,1,1693,1684,SE
1188771.740,X_LEG_2,16.96,48.21,-0.19,1,1693,1684,SE
1188771.761,X_LEG_2,16.96,48.21,-0.19,1,1693,1684,SE
1188771.781,X_LEG_2,16.96,48.21,-0.19,1,1693,1684,SE
1188771.802,X_LEG_2,16.96,48.21,-0.19,1,1693,1684,SE
1188771.823,X_LEG_2,16.96,48.21,-0.19,1,1693,1684,SE
1188771.844,X_LEG_2,17.00,48.12,-0.18,1,1692,1683,SE
1188771.865,X_LEG_2,17.00,48.12,-0.18,1,1692,1683,SE
1188771.885,X_LEG_2,17.00,48.12,-0.18,1,1692,1683,SE
1188771.906,X_LEG_2,17.00,48.12,-0.18,1,1692,1683,SE
1188771.927,X_LEG_2,17.00,48.12,-0.18,1,1692,1683,SE
1188771.948,X_LEG_2,17.04,48.02,-0.17,1,1692,1683,SE
1188771.969,X_LEG_2,17.04,48.02,-0.17,1,1692,1683,SE
1188771.989,X_LEG_2,17.04,48.02,-0.17,1,1692,1683,SE
1188772.010,X_LEG_2,17.04,48.02,-0.17,1,1692,1683,SE
1188772.030,X_LEG_2,17.04,48.02,-0.17,1,1692,1683,SE
1188772.050,X_LEG_2,17.10,47.88,-0.16,1,1692,1682,SE
1188772.071,X_LEG_2,17.10,47.88,-0.16,1,1692,1682,SE
1188772.091,X_LEG_2,17.10,47.88,-0.16,1,1692,1682,SE
1188772.112,X_LEG_2,17.10,47.88,-0.16,1,1692,1682,SE
1188772.133,X_LEG_2,17.10,47.88,-0.16,1,1692,1682,SE
1188772.153,X_LEG_2,17.10,47.88,-0.16,1,1692,1682,SE
1188772.173,X_LEG_2,17.10,47.88,-0.16,1,1692,1682,SE
1188772.194,X_LEG_2,17.10,47.88,-0.16,1,1692,1682,SE
1188772.214,X_LEG_2,17.10,47.88,-0.16,1,1692,1682,SE
1188772.235,X_LEG_2,17.10,47.88,-0.16,1,1692,1682,SE
1188772.256,X_LEG_2,17.17,47.73,-0.14,1,1691,1682,SE
1188772.277,X_LEG_2,17.17,47.73,-0.14,1,1691,1682,SE
1188772.298,X_LEG_2,17.17,47.73,-0.14,1,1691,1682,SE
1188772.320,X_LEG_2,17.17,47.73,-0.14,1,1691,1682,SE
1188772.340,X_LEG_2,17.17,47.73,-0.14,1,1691,1682,SE
1188772.360,X_LEG_2,17.21,47.64,-0.13,1,1691,1682,SE
1188772.381,X_LEG_2,17.21,47.64,-0.13,1,1691,1682,SE
1188772.402,X_LEG_2,17.21,47.64,-0.13,1,1691,1682,SE
1188772.422,X_LEG_2,17.21,47.64,-0.13,1,1691,1682,SE
1188772.445,X_LEG_2,17.21,47.64,-0.13,1,1691,1682,SE
1188772.465,X_LEG_2,17.26,47.54,-0.12,1,1690,1682,SE
1188772.486,X_LEG_2,17.26,47.54,-0.12,1,1690,1682,SE
1188772.506,X_LEG_2,17.26,47.54,-0.12,1,1690,1682,SE
1188772.526,X_LEG_2,17.26,47.54,-0.12,1,1690,1682,SE
1188772.547,X_LEG_2,17.26,47.54,-0.12,1,1690,1682,SE
1188772.568,X_LEG_2,17.31,47.43,-0.11,1,1690,1682,SE
1188772.589,X_LEG_2,17.31,47.43,-0.11,1,1690,1682,SE
1188772.609,X_LEG_2,17.31,47.43,-0.11,1,1690,1682,SE
1188772.632,X_LEG_2,17.31,47.43,-0.11,1,1690,1682,SE
1188772.653,X_LEG_2,17.31,47.43,-0.11,1,1690,1682,SE
1188772.674,X_LEG_2,17.35,47.33,-0.10,1,1689,1681,SE
1188772.694,X_LEG_2,17.35,47.33,-0.10,1,1689,1681,SE
1188772.715,X_LEG_2,17.35,47.33,-0.10,1,1689,1681,SE
1188772.735,X_LEG_2,17.35,47.33,-0.10,1,1689,1681,SE
1188772.757,X_LEG_2,17.35,47.33,-0.10,1,1689,1681,SE
1188772.778,X_LEG_2,17.40,47.24,-0.09,1,1689,1681,SE
1188772.799,X_LEG_2,17.40,47.24,-0.09,1,1689,1681,SE
1188772.819,X_LEG_2,17.40,47.24,-0.09,1,1689,1681,SE
1188772.839,X_LEG_2,17.40,47.24,-0.09,1,1689,1681,SE
1188772.860,X_LEG_2,17.40,47.24,-0.09,1,1689,1681,SE
1188772.881,X_LEG_2,17.45,47.12,-0.08,1,1688,1681,SE
1188772.901,X_LEG_2,17.45,47.12,-0.08,1,1688,1681,SE
1188772.922,X_LEG_2,17.45,47.12,-0.08,1,1688,1681,SE
1188772.944,X_LEG_2,17.45,47.12,-0.08,1,1688,1681,SE
1188772.965,X_LEG_2,17.45,47.12,-0.08,1,1688,1681,SE
1188772.986,X_LEG_2,17.49,47.02,-0.08,1,1688,1681,SE
1188773.006,X_LEG_2,17.49,47.02,-0.08,1,1688,1681,SE
1188773.026,X_LEG_2,17.49,47.02,-0.08,1,1688,1681,SE
1188773.047,X_LEG_2,17.49,47.02,-0.08,1,1688,1681,SE
1188773.068,X_LEG_2,17.49,47.02,-0.08,1,1688,1681,SE
1188773.088,X_LEG_2,17.57,46.86,-0.06,1,1687,1680,SE
1188773.109,X_LEG_2,17.57,46.86,-0.06,1,1687,1680,SE
1188773.129,X_LEG_2,17.57,46.86,-0.06,1,1687,1680,SE
1188773.150,X_LEG_2,17.57,46.86,-0.06,1,1687,1680,SE
1188773.170,X_LEG_2,17.57,46.86,-0.06,1,1687,1680,SE
1188773.191,X_LEG_2,17.57,46.86,-0.06,1,1687,1680,SE
1188773.211,X_LEG_2,17.57,46.86,-0.06,1,1687,1680,SE
1188773.232,X_LEG_2,17.57,46.86,-0.06,1,1687,1680,SE
1188773.255,X_LEG_2,17.57,46.86,-0.06,1,1687,1680,SE
1188773.276,X_LEG_2,17.57,46.86,-0.06,1,1687,1680,SE
1188773.297,X_LEG_2,17.64,46.70,-0.05,1,1687,1680,SE
1188773.317,X_LEG_2,17.64,46.70,-0.05,1,1687,1680,SE
1188773.337,X_LEG_2,17.64,46.70,-0.05,1,1687,1680,SE
1188773.358,X_LEG_2,17.64,46.70,-0.05,1,1687,1680,SE
1188773.379,X_LEG_2,17.64,46.70,-0.05,1,1687,1680,SE
1188773.399,X_LEG_2,17.69,46.60,-0.03,1,1686,1679,SE
1188773.420,X_LEG_2,17.69,46.60,-0.03,1,1686,1679,SE
1188773.441,X_LEG_2,17.69,46.60,-0.03,1,1686,1679,SE
1188773.463,X_LEG_2,17.69,46.60,-0.03,1,1686,1679,SE
1188773.485,X_LEG_2,17.69,46.60,-0.03,1,1686,1679,SE
1188773.505,X_LEG_2,17.69,46.60,-0.03,1,1686,1679,SE
1188773.526,X_LEG_2,17.69,46.60,-0.03,1,1686,1679,SE
1188773.547,X_LEG_2,17.69,46.60,-0.03,1,1686,1679,SE
1188773.567,X_LEG_2,17.69,46.60,-0.03,1,1686,1679,SE
1188773.588,X_LEG_2,17.69,46.60,-0.03,1,1686,1679,SE
1188773.608,X_LEG_2,17.83,46.33,-0.01,1,1685,1679,SE
1188773.629,X_LEG_2,17.83,46.33,-0.01,1,1685,1679,SE
1188773.649,X_LEG_2,17.83,46.33,-0.01,1,1685,1679,SE
1188773.670,X_LEG_2,17.83,46.33,-0.01,1,1685,1679,SE
1188773.690,X_LEG_2,17.83,46.33,-0.01,1,1685,1679,SE
1188773.710,X_LEG_2,17.83,46.33,-0.01,1,1685,1679,SE
1188773.731,X_LEG_2,17.83,46.33,-0.01,1,1685,1679,SE
1188773.753,X_LEG_2,17.83,46.33,-0.01,1,1685,1679,SE
1188773.772,X_LEG_2,17.83,46.33,-0.01,1,1685,1679,SE
1188773.793,X_LEG_2,17.83,46.33,-0.01,1,1685,1679,SE
1188773.813,X_LEG_2,17.88,46.21,0.00,1,1685,1679,SE
1188773.834,X_LEG_2,17.88,46.21,0.00,1,1685,1679,SE
1188773.854,X_LEG_2,17.88,46.21,0.00,1,1685,1679,SE
1188773.875,X_LEG_2,17.88,46.21,0.00,1,1685,1679,SE
1188773.895,X_LEG_2,17.88,46.21,0.00,1,1685,1679,SE
1188773.915,X_LEG_2,17.93,46.10,0.01,1,1684,1679,SE
1188773.937,X_LEG_2,17.93,46.10,0.01,1,1684,1679,SE
1188773.957,X_LEG_2,17.93,46.10,0.01,1,1684,1679,SE
1188773.978,X_LEG_2,17.93,46.10,0.01,1,1684,1679,SE
1188773.998,X_LEG_2,17.93,46.10,0.01,1,1684,1679,SE
1188774.018,X_LEG_2,17.99,45.99,0.02,1,1684,1678,SE
1188774.038,X_LEG_2,17.99,45.99,0.02,1,1684,1678,SE
1188774.059,X_LEG_2,17.99,45.99,0.02,1,1684,1678,SE
1188774.080,X_LEG_2,17.99,45.99,0.02,1,1684,1678,SE
1188774.100,X_LEG_2,17.99,45.99,0.02,1,1684,1678,SE
1188774.121,X_LEG_2,17.99,45.99,0.02,1,1684,1678,SE
1188774.141,X_LEG_2,17.99,45.99,0.02,1,1684,1678,SE
1188774.162,X_LEG_2,17.99,45.99,0.02,1,1684,1678,SE
1188774.182,X_LEG_2,17.99,45.99,0.02,1,1684,1678,SE
1188774.202,X_LEG_2,17.99,45.99,0.02,1,1684,1678,SE
1188774.223,X_LEG_2,18.04,45.87,0.03,1,1683,1677,SE
1188774.243,X_LEG_2,18.04,45.87,0.03,1,1683,1677,SE
1188774.263,X_LEG_2,18.04,45.87,0.03,1,1683,1677,SE
1188774.284,X_LEG_2,18.04,45.87,0.03,1,1683,1677,SE
1188774.305,X_LEG_2,18.04,45.87,0.03,1,1683,1677,SE
1188774.326,X_LEG_2,18.10,45.76,0.04,1,1683,1677,SE
1188774.346,X_LEG_2,18.10,45.76,0.04,1,1683,1677,SE
1188774.367,X_LEG_2,18.10,45.76,0.04,1,1683,1677,SE
1188774.387,X_LEG_2,18.10,45.76,0.04,1,1683,1677,SE
1188774.408,X_LEG_2,18.10,45.76,0.04,1,1683,1677,SE
1188774.429,X_LEG_2,18.15,45.64,0.05,1,1683,1677,SE
1188774.449,X_LEG_2,18.15,45.64,0.05,1,1683,1677,SE
1188774.470,X_LEG_2,18.15,45.64,0.05,1,1683,1677,SE
1188774.490,X_LEG_2,18.15,45.64,0.05,1,1683,1677,SE
1188774.512,X_LEG_2,18.15,45.64,0.05,1,1683,1677,SE
1188774.533,X_LEG_2,18.21,45.53,0.06,1,1682,1677,SE
1188774.553,X_LEG_2,18.21,45.53,0.06,1,1682,1677,SE
1188774.574,X_LEG_2,18.21,45.53,0.06,1,1682,1677,SE
1188774.594,X_LEG_2,18.21,45.53,0.06,1,1682,1677,SE
1188774.616,X_LEG_2,18.21,45.53,0.06,1,1682,1677,SE
1188774.639,X_LEG_2,18.27,45.42,0.07,1,1682,1677,SE
1188774.659,X_LEG_2,18.27,45.42,0.07,1,1682,1677,SE
1188774.680,X_LEG_2,18.27,45.42,0.07,1,1682,1677,SE
1188774.700,X_LEG_2,18.27,45.42,0.07,1,1682,1677,SE
1188774.720,X_LEG_2,18.27,45.42,0.07,1,1682,1677,SE
1188774.741,X_LEG_2,18.33,45.29,0.08,1,1681,1677,SE
1188774.762,X_LEG_2,18.33,45.29,0.08,1,1681,1677,SE
1188774.783,X_LEG_2,18.33,45.29,0.08,1,1681,1677,SE
1188774.803,X_LEG_2,18.33,45.29,0.08,1,1681,1677,SE
1188774.824,X_LEG_2,18.33,45.29,0.08,1,1681,1677,SE
1188774.844,X_LEG_2,18.33,45.29,0.08,1,1681,1677,SE
1188774.865,X_LEG_2,18.33,45.29,0.08,1,1681,1677,SE
1188774.885,X_LEG_2,18.33,45.29,0.08,1,1681,1677,SE
1188774.906,X_LEG_2,18.33,45.29,0.08,1,1681,1677,SE
1188774.926,X_LEG_2,18.33,45.29,0.08,1,1681,1677,SE
1188774.949,X_LEG_2,18.33,45.29,0.08,1,1681,1677,SE
1188774.970,X_LEG_2,18.33,45.29,0.08,1,1681,1677,SE
1188774.990,X_LEG_2,18.33,45.29,0.08,1,1681,1677,SE
1188775.012,X_LEG_2,18.33,45.29,0.08,1,1681,1677,SE
1188775.036,X_LEG_2,18.33,45.29,0.08,1,1681,1677,SE
1188775.056,X_LEG_2,18.53,44.87,0.11,1,1679,1675,SE
1188775.077,X_LEG_2,18.53,44.87,0.11,1,1679,1675,SE
1188775.097,X_LEG_2,18.53,44.87,0.11,1,1679,1675,SE
1188775.122,X_LEG_2,18.53,44.87,0.11,1,1679,1675,SE
1188775.143,X_LEG_2,18.53,44.87,0.11,1,1679,1675,SE
1188775.167,X_LEG_2,18.53,44.87,0.11,1,1679,1675,SE
1188775.187,X_LEG_2,18.53,44.87,0.11,1,1679,1675,SE
1188775.208,X_LEG_2,18.53,44.87,0.11,1,1679,1675,SE
1188775.230,X_LEG_2,18.53,44.87,0.11,1,1679,1675,SE
1188775.250,X_LEG_2,18.53,44.87,0.11,1,1679,1675,SE
1188775.271,X_LEG_2,18.59,44.76,0.12,1,1679,1675,SE
1188775.291,X_LEG_2,18.59,44.76,0.12,1,1679,1675,SE
1188775.312,X_LEG_2,18.59,44.76,0.12,1,1679,1675,SE
1188775.332,X_LEG_2,18.59,44.76,0.12,1,1679,1675,SE
1188775.353,X_LEG_2,18.59,44.76,0.12,1,1679,1675,SE
1188775.373,X_LEG_2,18.65,44.63,0.13,1,1679,1675,SE
1188775.393,X_LEG_2,18.65,44.63,0.13,1,1679,1675,SE
1188775.414,X_LEG_2,18.65,44.63,0.13,1,1679,1675,SE
1188775.436,X_LEG_2,18.65,44.63,0.13,1,1679,1675,SE
1188775.457,X_LEG_2,18.65,44.63,0.13,1,1679,1675,SE
1188775.478,X_LEG_2,18.71,44.51,0.13,1,1678,1674,SE
1188775.498,X_LEG_2,18.71,44.51,0.13,1,1678,1674,SE
1188775.519,X_LEG_2,18.71,44.51,0.13,1,1678,1674,SE
1188775.539,X_LEG_2,18.71,44.51,0.13,1,1678,1674,SE
1188775.560,X_LEG_2,18.71,44.51,0.13,1,1678,1674,SE
1188775.580,X_LEG_2,18.78,44.40,0.14,1,1678,1674,SE
1188775.601,X_LEG_2,18.78,44.40,0.14,1,1678,1674,SE
1188775.621,X_LEG_2,18.78,44.40,0.14,1,1678,1674,SE
1188775.642,X_LEG_2,18.78,44.40,0.14,1,1678,1674,SE
1188775.665,X_LEG_2,18.78,44.40,0.14,1,1678,1674,SE
1188775.687,X_LEG_2,18.84,44.27,0.15,1,1677,1674,SE
1188775.707,X_LEG_2,18.84,44.27,0.15,1,1677,1674,SE
1188775.728,X_LEG_2,18.84,44.27,0.15,1,1677,1674,SE
1188775.748,X_LEG_2,18.84,44.27,0.15,1,1677,1674,SE
1188775.769,X_LEG_2,18.84,44.27,0.15,1,1677,1674,SE
1188775.789,X_LEG_2,18.93,44.08,0.17,1,1676,1674,SE
1188775.809,X_LEG_2,18.93,44.08,0.17,1,1676,1674,SE
1188775.830,X_LEG_2,18.93,44.08,0.17,1,1676,1674,SE
1188775.850,X_LEG_2,18.93,44.08,0.17,1,1676,1674,SE
1188775.871,X_LEG_2,18.93,44.08,0.17,1,1676,1674,SE
1188775.891,X_LEG_2,18.93,44.08,0.17,1,1676,1674,SE
1188775.911,X_LEG_2,18.93,44.08,0.17,1,1676,1674,SE
1188775.932,X_LEG_2,18.93,44.08,0.17,1,1676,1674,SE
1188775.952,X_LEG_2,18.93,44.08,0.17,1,1676,1674,SE
1188775.975,X_LEG_2,18.93,44.08,0.17,1,1676,1674,SE
1188775.995,X_LEG_2,19.03,43.89,0.19,1,1676,1672,SE
1188776.016,X_LEG_2,19.03,43.89,0.19,1,1676,1672,SE
1188776.036,X_LEG_2,19.03,43.89,0.19,1,1676,1672,SE
1188776.056,X_LEG_2,19.03,43.89,0.19,1,1676,1672,SE
1188776.077,X_LEG_2,19.03,43.89,0.19,1,1676,1672,SE
1188776.099,X_LEG_2,19.12,43.70,0.19,1,1675,1672,SE
1188776.119,X_LEG_2,19.12,43.70,0.19,1,1675,1672,SE
1188776.140,X_LEG_2,19.12,43.70,0.19,1,1675,1672,SE
1188776.160,X_LEG_2,19.12,43.70,0.19,1,1675,1672,SE
1188776.181,X_LEG_2,19.12,43.70,0.19,1,1675,1672,SE
1188776.201,X_LEG_2,19.22,43.51,0.21,1,1674,1672,SE
1188776.223,X_LEG_2,19.22,43.51,0.21,1,1674,1672,SE
1188776.243,X_LEG_2,19.22,43.51,0.21,1,1674,1672,SE
1188776.264,X_LEG_2,19.22,43.51,0.21,1,1674,1672,SE
1188776.284,X_LEG_2,19.22,43.51,0.21,1,1674,1672,SE
1188776.305,X_LEG_2,19.29,43.39,0.22,1,1674,1672,SE
1188776.325,X_LEG_2,19.29,43.39,0.22,1,1674,1672,SE
1188776.348,X_LEG_2,19.29,43.39,0.22,1,1674,1672,SE
1188776.368,X_LEG_2,19.29,43.39,0.22,1,1674,1672,SE
1188776.389,X_LEG_2,19.29,43.39,0.22,1,1674,1672,SE
1188776.409,X_LEG_2,19.29,43.39,0.22,1,1674,1672,SE
1188776.429,X_LEG_2,19.29,43.39,0.22,1,1674,1672,SE
1188776.451,X_LEG_2,19.29,43.39,0.22,1,1674,1672,SE
1188776.472,X_LEG_2,19.29,43.39,0.22,1,1674,1672,SE
1188776.492,X_LEG_2,19.29,43.39,0.22,1,1674,1672,SE
1188776.514,X_LEG_2,19.39,43.19,0.23,1,1673,1671,SE
1188776.534,X_LEG_2,19.39,43.19,0.23,1,1673,1671,SE
1188776.555,X_LEG_2,19.39,43.19,0.23,1,1673,1671,SE
1188776.575,X_LEG_2,19.39,43.19,0.23,1,1673,1671,SE
1188776.596,X_LEG_2,19.39,43.19,0.23,1,1673,1671,SE
1188776.616,X_LEG_2,19.45,43.07,0.24,1,1672,1671,SE
1188776.636,X_LEG_2,19.45,43.07,0.24,1,1672,1671,SE
1188776.657,X_LEG_2,19.45,43.07,0.24,1,1672,1671,SE
1188776.677,X_LEG_2,19.45,43.07,0.24,1,1672,1671,SE
1188776.698,X_LEG_2,19.45,43.07,0.24,1,1672,1671,SE
1188776.720,X_LEG_2,19.55,42.87,0.26,1,1671,1670,SE
1188776.742,X_LEG_2,19.55,42.87,0.26,1,1671,1670,SE
1188776.762,X_LEG_2,19.55,42.87,0.26,1,1671,1670,SE
1188776.782,X_LEG_2,19.55,42.87,0.26,1,1671,1670,SE
1188776.803,X_LEG_2,19.55,42.87,0.26,1,1671,1670,SE
1188776.823,X_LEG_2,19.62,42.74,0.26,1,1671,1670,SE
1188776.845,X_LEG_2,19.62,42.74,0.26,1,1671,1670,SE
1188776.866,X_LEG_2,19.62,42.74,0.26,1,1671,1670,SE
1188776.886,X_LEG_2,19.62,42.74,0.26,1,1671,1670,SE
1188776.906,X_LEG_2,19.62,42.74,0.26,1,1671,1670,SE
1188776.927,X_LEG_2,19.72,42.55,0.28,1,1670,1669,SE
1188776.947,X_LEG_2,19.72,42.55,0.28,1,1670,1669,SE
1188776.969,X_LEG_2,19.72,42.55,0.28,1,1670,1669,SE
1188776.989,X_LEG_2,19.72,42.55,0.28,1,1670,1669,SE
1188777.009,X_LEG_2,19.72,42.55,0.28,1,1670,1669,SE
1188777.029,X_LEG_2,19.72,42.55,0.28,1,1670,1669,SE
1188777.050,X_LEG_2,19.72,42.55,0.28,1,1670,1669,SE
1188777.071,X_LEG_2,19.72,42.55,0.28,1,1670,1669,SE
1188777.092,X_LEG_2,19.72,42.55,0.28,1,1670,1669,SE
1188777.112,X_LEG_2,19.72,42.55,0.28,1,1670,1669,SE
1188777.132,X_LEG_2,19.83,42.55,0.28,1,1670,1669,SE
1188777.153,X_LEG_2,19.83,42.55,0.28,1,1670,1669,SE
1188777.173,X_LEG_2,19.83,42.55,0.28,1,1670,1669,SE
1188777.194,X_LEG_2,19.83,42.55,0.28,1,1670,1669,SE
1188777.214,X_LEG_2,19.83,42.55,0.28,1,1670,1669,SE
1188777.235,X_LEG_2,19.83,42.35,0.30,1,1669,1669,SE
1188777.255,X_LEG_2,19.83,42.35,0.30,1,1669,1669,SE
1188777.276,X_LEG_2,19.83,42.35,0.30,1,1669,1669,SE
1188777.297,X_LEG_2,19.83,42.35,0.30,1,1669,1669,SE
1188777.318,X_LEG_2,19.83,42.35,0.30,1,1669,1669,SE
1188777.339,X_LEG_2,19.93,42.15,0.31,1,1669,1669,SE
1188777.359,X_LEG_2,19.93,42.15,0.31,1,1669,1669,SE
1188777.380,X_LEG_2,19.93,42.15,0.31,1,1669,1669,SE
1188777.401,X_LEG_2,19.93,42.15,0.31,1,1669,1669,SE
1188777.421,X_LEG_2,19.93,42.15,0.31,1,1669,1669,SE
1188777.443,X_LEG_2,20.03,41.96,0.32,1,1668,1667,SE
1188777.463,X_LEG_2,20.03,41.96,0.32,1,1668,1667,SE
1188777.484,X_LEG_2,20.03,41.96,0.32,1,1668,1667,SE
1188777.505,X_LEG_2,20.03,41.96,0.32,1,1668,1667,SE
1188777.527,X_LEG_2,20.03,41.96,0.32,1,1668,1667,SE
1188777.547,X_LEG_2,20.03,41.96,0.32,1,1668,1667,SE
1188777.568,X_LEG_2,20.03,41.96,0.32,1,1668,1667,SE
1188777.589,X_LEG_2,20.03,41.96,0.32,1,1668,1667,SE
1188777.609,X_LEG_2,20.03,41.96,0.32,1,1668,1667,SE
1188777.629,X_LEG_2,20.03,41.96,0.32,1,1668,1667,SE
1188777.650,X_LEG_2,20.14,41.75,0.33,1,1667,1667,SE
1188777.671,X_LEG_2,20.14,41.75,0.33,1,1667,1667,SE
1188777.692,X_LEG_2,20.14,41.75,0.33,1,1667,1667,SE
1188777.713,X_LEG_2,20.14,41.75,0.33,1,1667,1667,SE
1188777.733,X_LEG_2,20.14,41.75,0.33,1,1667,1667,SE
1188777.754,X_LEG_2,20.24,41.56,0.35,1,1666,1667,SE
1188777.775,X_LEG_2,20.24,41.56,0.35,1,1666,1667,SE
1188777.797,X_LEG_2,20.24,41.56,0.35,1,1666,1667,SE
1188777.816,X_LEG_2,20.24,41.56,0.35,1,1666,1667,SE
1188777.836,X_LEG_2,20.24,41.56,0.35,1,1666,1667,SE
1188777.858,X_LEG_2,20.35,41.35,0.37,1,1665,1666,SE
1188777.881,X_LEG_2,20.35,41.35,0.37,1,1665,1666,SE
1188777.902,X_LEG_2,20.35,41.35,0.37,1,1665,1666,SE
1188777.923,X_LEG_2,20.35,41.35,0.37,1,1665,1666,SE
1188777.944,X_LEG_2,20.35,41.35,0.37,1,1665,1666,SE
1188777.964,X_LEG_2,20.42,41.22,0.37,1,1665,1666,SE
1188777.984,X_LEG_2,20.42,41.22,0.37,1,1665,1666,SE
1188778.005,X_LEG_2,20.42,41.22,0.37,1,1665,1666,SE
1188778.025,X_LEG_2,20.42,41.22,0.37,1,1665,1666,SE
1188778.046,X_LEG_2,20.42,41.22,0.37,1,1665,1666,SE
1188778.066,X_LEG_2,20.42,41.22,0.37,1,1665,1666,SE
1188778.086,X_LEG_2,20.42,41.22,0.37,1,1665,1666,SE
1188778.107,X_LEG_2,20.42,41.22,0.37,1,1665,1666,SE
1188778.130,X_LEG_2,20.42,41.22,0.37,1,1665,1666,SE
1188778.150,X_LEG_2,20.42,41.22,0.37,1,1665,1666,SE
1188778.170,X_LEG_2,20.53,41.01,0.39,1,1664,1666,SE
1188778.191,X_LEG_2,20.53,41.01,0.39,1,1664,1666,SE
1188778.211,X_LEG_2,20.53,41.01,0.39,1,1664,1666,SE
1188778.232,X_LEG_2,20.53,41.01,0.39,1,1664,1666,SE
1188778.255,X_LEG_2,20.53,41.01,0.39,1,1664,1666,SE
1188778.275,X_LEG_2,20.64,40.82,0.41,1,1663,1665,SE
1188778.296,X_LEG_2,20.64,40.82,0.41,1,1663,1665,SE
1188778.316,X_LEG_2,20.64,40.82,0.41,1,1663,1665,SE
1188778.337,X_LEG_2,20.64,40.82,0.41,1,1663,1665,SE
1188778.357,X_LEG_2,20.64,40.82,0.41,1,1663,1665,SE
1188778.378,X_LEG_2,20.71,40.69,0.41,1,1663,1664,SE
1188778.398,X_LEG_2,20.71,40.69,0.41,1,1663,1664,SE
1188778.419,X_LEG_2,20.71,40.69,0.41,1,1663,1664,SE
1188778.439,X_LEG_2,20.71,40.69,0.41,1,1663,1664,SE
1188778.461,X_LEG_2,20.71,40.69,0.41,1,1663,1664,SE
1188778.483,X_LEG_2,20.71,40.69,0.41,1,1663,1664,SE
1188778.502,X_LEG_2,20.71,40.69,0.41,1,1663,1664,SE
1188778.525,X_LEG_2,20.71,40.69,0.41,1,1663,1664,SE
1188778.546,X_LEG_2,20.71,40.69,0.41,1,1663,1664,SE
1188778.566,X_LEG_2,20.71,40.69,0.41,1,1663,1664,SE
1188778.587,X_LEG_2,20.82,40.48,0.43,1,1662,1664,SE
1188778.607,X_LEG_2,20.82,40.48,0.43,1,1662,1664,SE
1188778.629,X_LEG_2,20.82,40.48,0.43,1,1662,1664,SE
1188778.649,X_LEG_2,20.82,40.48,0.43,1,1662,1664,SE
1188778.670,X_LEG_2,20.82,40.48,0.43,1,1662,1664,SE
1188778.691,X_LEG_2,20.89,40.35,0.44,1,1661,1664,SE
1188778.712,X_LEG_2,20.89,40.35,0.44,1,1661,1664,SE
1188778.732,X_LEG_2,20.89,40.35,0.44,1,1661,1664,SE
1188778.753,X_LEG_2,20.89,40.35,0.44,1,1661,1664,SE
1188778.773,X_LEG_2,20.89,40.35,0.44,1,1661,1664,SE
1188778.793,X_LEG_2,20.96,40.21,0.44,1,1661,1664,SE
1188778.813,X_LEG_2,20.96,40.21,0.44,1,1661,1664,SE
1188778.834,X_LEG_2,20.96,40.21,0.44,1,1661,1664,SE
1188778.855,X_LEG_2,20.96,40.21,0.44,1,1661,1664,SE
1188778.875,X_LEG_2,20.96,40.21,0.44,1,1661,1664,SE
1188778.895,X_LEG_2,21.07,40.01,0.46,1,1660,1663,SE
1188778.916,X_LEG_2,21.07,40.01,0.46,1,1660,1663,SE
1188778.937,X_LEG_2,21.07,40.01,0.46,1,1660,1663,SE
1188778.958,X_LEG_2,21.07,40.01,0.46,1,1660,1663,SE
1188778.978,X_LEG_2,21.07,40.01,0.46,1,1660,1663,SE
1188778.999,X_LEG_2,21.18,39.80,0.48,1,1659,1662,SE
1188779.019,X_LEG_2,21.18,39.80,0.48,1,1659,1662,SE
1188779.040,X_LEG_2,21.18,39.80,0.48,1,1659,1662,SE
1188779.060,X_LEG_2,21.18,39.80,0.48,1,1659,1662,SE
1188779.080,X_LEG_2,21.18,39.80,0.48,1,1659,1662,SE
1188779.101,X_LEG_2,21.18,39.80,0.48,1,1659,1662,SE
1188779.123,X_LEG_2,21.18,39.80,0.48,1,1659,1662,SE
1188779.143,X_LEG_2,21.18,39.80,0.48,1,1659,1662,SE
1188779.165,X_LEG_2,21.18,39.80,0.48,1,1659,1662,SE
1188779.186,X_LEG_2,21.18,39.80,0.48,1,1659,1662,SE
1188779.208,X_LEG_2,21.29,39.59,0.48,1,1658,1662,SE
1188779.228,X_LEG_2,21.29,39.59,0.48,1,1658,1662,SE
1188779.249,X_LEG_2,21.29,39.59,0.48,1,1658,1662,SE
1188779.269,X_LEG_2,21.29,39.59,0.48,1,1658,1662,SE
1188779.289,X_LEG_2,21.29,39.59,0.48,1,1658,1662,SE
1188779.311,X_LEG_2,21.41,39.38,0.50,1,1658,1661,SE
1188779.331,X_LEG_2,21.41,39.38,0.50,1,1658,1661,SE
1188779.352,X_LEG_2,21.41,39.38,0.50,1,1658,1661,SE
1188779.372,X_LEG_2,21.41,39.38,0.50,1,1658,1661,SE
1188779.393,X_LEG_2,21.41,39.38,0.50,1,1658,1661,SE
1188779.413,X_LEG_2,21.52,39.18,0.51,1,1657,1661,SE
1188779.433,X_LEG_2,21.52,39.18,0.51,1,1657,1661,SE
1188779.454,X_LEG_2,21.52,39.18,0.51,1,1657,1661,SE
1188779.474,X_LEG_2,21.52,39.18,0.51,1,1657,1661,SE
1188779.495,X_LEG_2,21.52,39.18,0.51,1,1657,1661,SE
1188779.515,X_LEG_2,21.63,38.98,0.53,1,1656,1660,SE
1188779.535,X_LEG_2,21.63,38.98,0.53,1,1656,1660,SE
1188779.560,X_LEG_2,21.63,38.98,0.53,1,1656,1660,SE
1188779.581,X_LEG_2,21.63,38.98,0.53,1,1656,1660,SE
1188779.606,X_LEG_2,21.63,38.98,0.53,1,1656,1660,SE
1188779.624,X_LEG_2,21.63,38.98,0.53,1,1656,1660,SE
1188779.647,X_LEG_2,21.63,38.98,0.53,1,1656,1660,SE
1188779.667,X_LEG_2,21.63,38.98,0.53,1,1656,1660,SE
1188779.687,X_LEG_2,21.63,38.98,0.53,1,1656,1660,SE
1188779.708,X_LEG_2,21.63,38.98,0.53,1,1656,1660,SE
1188779.728,X_LEG_2,21.74,38.77,0.53,1,1655,1659,SE
1188779.749,X_LEG_2,21.74,38.77,0.53,1,1655,1659,SE
1188779.770,X_LEG_2,21.74,38.77,0.53,1,1655,1659,SE
1188779.790,X_LEG_2,21.74,38.77,0.53,1,1655,1659,SE
1188779.811,X_LEG_2,21.74,38.77,0.53,1,1655,1659,SE
1188779.831,X_LEG_2,21.85,38.57,0.55,1,1654,1659,SE
1188779.853,X_LEG_2,21.85,38.57,0.55,1,1654,1659,SE
1188779.873,X_LEG_2,21.85,38.57,0.55,1,1654,1659,SE
1188779.893,X_LEG_2,21.85,38.57,0.55,1,1654,1659,SE
1188779.914,X_LEG_2,21.85,38.57,0.55,1,1654,1659,SE
1188779.934,X_LEG_2,21.97,38.35,0.57,1,1653,1659,SE
1188779.955,X_LEG_2,21.97,38.35,0.57,1,1653,1659,SE
1188779.976,X_LEG_2,21.97,38.35,0.57,1,1653,1659,SE
1188779.997,X_LEG_2,21.97,38.35,0.57,1,1653,1659,SE
1188780.019,X_LEG_2,21.97,38.35,0.57,1,1653,1659,SE
1188780.041,X_LEG_2,22.08,38.15,0.59,1,1653,1658,SE
1188780.061,X_LEG_2,22.08,38.15,0.59,1,1653,1658,SE
1188780.082,X_LEG_2,22.08,38.15,0.59,1,1653,1658,SE
1188780.104,X_LEG_2,22.08,38.15,0.59,1,1653,1658,SE
1188780.124,X_LEG_2,22.08,38.15,0.59,1,1653,1658,SE
1188780.145,X_LEG_2,22.08,38.15,0.59,1,1653,1658,SE
1188780.168,X_LEG_2,22.08,38.15,0.59,1,1653,1658,SE
1188780.194,X_LEG_2,22.08,38.15,0.59,1,1653,1658,SE
1188780.217,X_LEG_2,22.08,38.15,0.59,1,1653,1658,SE
1188780.238,X_LEG_2,22.08,38.15,0.59,1,1653,1658,SE
1188780.258,X_LEG_2,22.19,37.95,0.59,1,1652,1657,SE
1188780.278,X_LEG_2,22.19,37.95,0.59,1,1652,1657,SE
1188780.303,X_LEG_2,22.19,37.95,0.59,1,1652,1657,SE
1188780.324,X_LEG_2,22.19,37.95,0.59,1,1652,1657,SE
1188780.351,X_LEG_2,22.19,37.95,0.59,1,1652,1657,SE
1188780.373,X_LEG_2,22.27,37.81,0.61,1,1651,1657,SE
1188780.394,X_LEG_2,22.27,37.81,0.61,1,1651,1657,SE
1188780.414,X_LEG_2,22.27,37.81,0.61,1,1651,1657,SE
1188780.435,X_LEG_2,22.27,37.81,0.61,1,1651,1657,SE
1188780.463,X_LEG_2,22.27,37.81,0.61,1,1651,1657,SE
1188780.484,X_LEG_2,22.27,37.81,0.61,1,1651,1657,SE
1188780.506,X_LEG_2,22.27,37.81,0.61,1,1651,1657,SE
1188780.528,X_LEG_2,22.27,37.81,0.61,1,1651,1657,SE
1188780.548,X_LEG_2,22.27,37.81,0.61,1,1651,1657,SE
1188780.571,X_LEG_2,22.27,37.81,0.61,1,1651,1657,SE
1188780.591,X_LEG_2,22.34,37.66,0.62,1,1651,1656,SE
1188780.612,X_LEG_2,22.34,37.66,0.62,1,1651,1656,SE
1188780.633,X_LEG_2,22.34,37.66,0.62,1,1651,1656,SE
1188780.653,X_LEG_2,22.34,37.66,0.62,1,1651,1656,SE
1188780.673,X_LEG_2,22.34,37.66,0.62,1,1651,1656,SE
1188780.694,X_LEG_2,22.42,37.53,0.62,1,1650,1656,SE
1188780.715,X_LEG_2,22.42,37.53,0.62,1,1650,1656,SE
1188780.736,X_LEG_2,22.42,37.53,0.62,1,1650,1656,SE
1188780.756,X_LEG_2,22.42,37.53,0.62,1,1650,1656,SE
1188780.777,X_LEG_2,22.42,37.53,0.62,1,1650,1656,SE
1188780.797,X_LEG_2,22.49,37.39,0.63,1,1650,1656,SE
1188780.818,X_LEG_2,22.49,37.39,0.63,1,1650,1656,SE
1188780.839,X_LEG_2,22.49,37.39,0.63,1,1650,1656,SE
1188780.861,X_LEG_2,22.49,37.39,0.63,1,1650,1656,SE
1188780.882,X_LEG_2,22.49,37.39,0.63,1,1650,1656,SE
1188780.904,X_LEG_2,22.57,37.26,0.64,1,1649,1656,SE
1188780.927,X_LEG_2,22.57,37.26,0.64,1,1649,1656,SE
1188780.948,X_LEG_2,22.57,37.26,0.64,1,1649,1656,SE
1188780.968,X_LEG_2,22.57,37.26,0.64,1,1649,1656,SE
1188780.989,X_LEG_2,22.57,37.26,0.64,1,1649,1656,SE
1188781.010,X_LEG_2,22.65,37.12,0.65,1,1648,1656,SE
1188781.030,X_LEG_2,22.65,37.12,0.65,1,1648,1656,SE
1188781.051,X_LEG_2,22.65,37.12,0.65,1,1648,1656,SE
1188781.072,X_LEG_2,22.65,37.12,0.65,1,1648,1656,SE
1188781.092,X_LEG_2,22.65,37.12,0.65,1,1648,1656,SE
1188781.112,X_LEG_2,22.72,36.99,0.66,1,1648,1654,SE
1188781.132,X_LEG_2,22.72,36.99,0.66,1,1648,1654,SE
1188781.153,X_LEG_2,22.72,36.99,0.66,1,1648,1654,SE
1188781.173,X_LEG_2,22.72,36.99,0.66,1,1648,1654,SE
1188781.194,X_LEG_2,22.72,36.99,0.66,1,1648,1654,SE
1188781.215,X_LEG_2,22.72,36.99,0.66,1,1648,1654,SE
1188781.236,X_LEG_2,22.72,36.99,0.66,1,1648,1654,SE
1188781.257,X_LEG_2,22.72,36.99,0.66,1,1648,1654,SE
1188781.277,X_LEG_2,22.72,36.99,0.66,1,1648,1654,SE
1188781.297,X_LEG_2,22.72,36.99,0.66,1,1648,1654,SE
1188781.318,X_LEG_2,22.83,36.77,0.67,1,1647,1654,SE
1188781.338,X_LEG_2,22.83,36.77,0.67,1,1647,1654,SE
1188781.360,X_LEG_2,22.83,36.77,0.67,1,1647,1654,SE
1188781.379,X_LEG_2,22.83,36.77,0.67,1,1647,1654,SE
1188781.400,X_LEG_2,22.83,36.77,0.67,1,1647,1654,SE
1188781.422,X_LEG_2,22.83,36.57,0.69,1,1646,1654,SE
1188781.442,X_LEG_2,22.95,36.57,0.69,1,1646,1654,SE
1188781.462,X_LEG_2,22.95,36.57,0.69,1,1646,1654,SE
1188781.483,X_LEG_2,22.95,36.57,0.69,1,1646,1654,SE
1188781.503,X_LEG_2,22.95,36.57,0.69,1,1646,1654,SE
1188781.524,X_LEG_2,23.06,36.36,0.70,1,1645,1653,SE
1188781.548,X_LEG_2,23.06,36.36,0.70,1,1645,1653,SE
1188781.569,X_LEG_2,23.06,36.36,0.70,1,1645,1653,SE
1188781.590,X_LEG_2,23.06,36.36,0.70,1,1645,1653,SE
1188781.611,X_LEG_2,23.06,36.36,0.70,1,1645,1653,SE
1188781.632,X_LEG_2,23.06,36.36,0.70,1,1645,1653,SE
1188781.652,X_LEG_2,23.06,36.36,0.70,1,1645,1653,SE
1188781.673,X_LEG_2,23.06,36.36,0.70,1,1645,1653,SE
1188781.695,X_LEG_2,23.06,36.36,0.70,1,1645,1653,SE
1188781.715,X_LEG_2,23.06,36.36,0.70,1,1645,1653,SE
1188781.735,X_LEG_2,23.17,36.16,0.72,1,1645,1653,SE
1188781.757,X_LEG_2,23.17,36.16,0.72,1,1645,1653,SE
1188781.776,X_LEG_2,23.17,36.16,0.72,1,1645,1653,SE
1188781.797,X_LEG_2,23.17,36.16,0.72,1,1645,1653,SE
1188781.818,X_LEG_2,23.17,36.16,0.72,1,1645,1653,SE
1188781.838,X_LEG_2,23.28,35.95,0.74,1,1644,1652,SE
1188781.860,X_LEG_2,23.28,35.95,0.74,1,1644,1652,SE
1188781.880,X_LEG_2,23.28,35.95,0.74,1,1644,1652,SE
1188781.903,X_LEG_2,23.28,35.95,0.74,1,1644,1652,SE
1188781.922,X_LEG_2,23.28,35.95,0.74,1,1644,1652,SE
1188781.943,X_LEG_2,23.40,35.74,0.74,1,1643,1651,SE
1188781.963,X_LEG_2,23.40,35.74,0.74,1,1643,1651,SE
1188781.983,X_LEG_2,23.40,35.74,0.74,1,1643,1651,SE
1188782.003,X_LEG_2,23.40,35.74,0.74,1,1643,1651,SE
1188782.024,X_LEG_2,23.40,35.74,0.74,1,1643,1651,SE
1188782.044,X_LEG_2,23.40,35.74,0.74,1,1643,1651,SE
1188782.067,X_LEG_2,23.40,35.74,0.74,1,1643,1651,SE
1188782.087,X_LEG_2,23.40,35.74,0.74,1,1643,1651,SE
1188782.108,X_LEG_2,23.40,35.74,0.74,1,1643,1651,SE
1188782.128,X_LEG_2,23.40,35.74,0.74,1,1643,1651,SE
1188782.149,X_LEG_2,23.51,35.54,0.76,1,1642,1651,SE
1188782.170,X_LEG_2,23.51,35.54,0.76,1,1642,1651,SE
1188782.190,X_LEG_2,23.51,35.54,0.76,1,1642,1651,SE
1188782.210,X_LEG_2,23.51,35.54,0.76,1,1642,1651,SE
1188782.232,X_LEG_2,23.51,35.54,0.76,1,1642,1651,SE
1188782.252,X_LEG_2,23.62,35.33,0.77,1,1641,1651,SE
1188782.273,X_LEG_2,23.62,35.33,0.77,1,1641,1651,SE
1188782.296,X_LEG_2,23.62,35.33,0.77,1,1641,1651,SE
1188782.317,X_LEG_2,23.62,35.33,0.77,1,1641,1651,SE
1188782.337,X_LEG_2,23.62,35.33,0.77,1,1641,1651,SE
1188782.361,X_LEG_2,23.73,35.13,0.79,1,1641,1650,SE
1188782.381,X_LEG_2,23.73,35.13,0.79,1,1641,1650,SE
1188782.402,X_LEG_2,23.73,35.13,0.79,1,1641,1650,SE
1188782.422,X_LEG_2,23.73,35.13,0.79,1,1641,1650,SE
1188782.443,X_LEG_2,23.73,35.13,0.79,1,1641,1650,SE
1188782.464,X_LEG_2,23.73,35.13,0.79,1,1641,1650,SE
1188782.484,X_LEG_2,23.73,35.13,0.79,1,1641,1650,SE
1188782.504,X_LEG_2,23.73,35.13,0.79,1,1641,1650,SE
1188782.525,X_LEG_2,23.73,35.13,0.79,1,1641,1650,SE
1188782.545,X_LEG_2,23.73,35.13,0.79,1,1641,1650,SE
1188782.566,X_LEG_2,23.84,34.93,0.81,1,1640,1649,SE
1188782.586,X_LEG_2,23.84,34.93,0.81,1,1640,1649,SE
1188782.607,X_LEG_2,23.84,34.93,0.81,1,1640,1649,SE
1188782.628,X_LEG_2,23.84,34.93,0.81,1,1640,1649,SE
1188782.648,X_LEG_2,23.84,34.93,0.81,1,1640,1649,SE
1188782.669,X_LEG_2,23.91,34.79,0.82,1,1639,1649,SE
1188782.691,X_LEG_2,23.91,34.79,0.82,1,1639,1649,SE
1188782.711,X_LEG_2,23.91,34.79,0.82,1,1639,1649,SE
1188782.731,X_LEG_2,23.91,34.79,0.82,1,1639,1649,SE
1188782.752,X_LEG_2,23.91,34.79,0.82,1,1639,1649,SE
1188782.773,X_LEG_2,24.02,34.59,0.83,1,1638,1648,SE
1188782.794,X_LEG_2,24.02,34.59,0.83,1,1638,1648,SE
1188782.814,X_LEG_2,24.02,34.59,0.83,1,1638,1648,SE
1188782.835,X_LEG_2,24.02,34.59,0.83,1,1638,1648,SE
1188782.858,X_LEG_2,24.02,34.59,0.83,1,1638,1648,SE
1188782.878,X_LEG_2,24.13,34.38,0.85,1,1638,1648,SE
1188782.899,X_LEG_2,24.13,34.38,0.85,1,1638,1648,SE
1188782.920,X_LEG_2,24.13,34.38,0.85,1,1638,1648,SE
1188782.941,X_LEG_2,24.13,34.38,0.85,1,1638,1648,SE
1188782.961,X_LEG_2,24.13,34.38,0.85,1,1638,1648,SE
1188782.981,X_LEG_2,24.13,34.38,0.85,1,1638,1648,SE
1188783.002,X_LEG_2,24.13,34.38,0.85,1,1638,1648,SE
1188783.023,X_LEG_2,24.13,34.38,0.85,1,1638,1648,SE
1188783.046,X_LEG_2,24.13,34.38,0.85,1,1638,1648,SE
1188783.067,X_LEG_2,24.13,34.38,0.85,1,1638,1648,SE
1188783.087,X_LEG_2,24.24,34.18,0.86,1,1637,1648,SE
1188783.107,X_LEG_2,24.24,34.18,0.86,1,1637,1648,SE
1188783.128,X_LEG_2,24.24,34.18,0.86,1,1637,1648,SE
1188783.148,X_LEG_2,24.24,34.18,0.86,1,1637,1648,SE
1188783.169,X_LEG_2,24.24,34.18,0.86,1,1637,1648,SE
1188783.190,X_LEG_2,24.35,33.98,0.88,1,1636,1646,SE
1188783.210,X_LEG_2,24.35,33.98,0.88,1,1636,1646,SE
1188783.231,X_LEG_2,24.35,33.98,0.88,1,1636,1646,SE
1188783.251,X_LEG_2,24.35,33.98,0.88,1,1636,1646,SE
1188783.272,X_LEG_2,24.35,33.98,0.88,1,1636,1646,SE
1188783.295,X_LEG_2,24.45,33.77,-0.11,1,1635,1646,SE
1188783.315,X_LEG_2,24.45,33.77,-0.11,1,1635,1646,SE
1188783.336,X_LEG_2,24.45,33.77,-0.11,1,1635,1646,SE
1188783.356,X_LEG_2,24.45,33.77,-0.11,1,1635,1646,SE
1188783.378,X_LEG_2,24.45,33.77,-0.11,1,1635,1646,SE
1188783.398,X_LEG_2,24.45,33.77,-0.11,1,1635,1646,SE
1188783.419,X_LEG_2,24.45,33.77,-0.11,1,1635,1646,SE
1188783.439,X_LEG_2,24.45,33.77,-0.11,1,1635,1646,SE
1188783.460,X_LEG_2,24.45,33.77,-0.11,1,1635,1646,SE
1188783.481,X_LEG_2,24.45,33.77,-0.11,1,1635,1646,SE
1188783.502,X_LEG_2,24.56,33.58,-0.09,1,1634,1646,SE
1188783.522,X_LEG_2,24.56,33.58,-0.09,1,1634,1646,SE
1188783.543,X_LEG_2,24.56,33.58,-0.09,1,1634,1646,SE
1188783.563,X_LEG_2,24.56,33.58,-0.09,1,1634,1646,SE
1188783.584,X_LEG_2,24.56,33.58,-0.09,1,1634,1646,SE
1188783.608,X_LEG_2,24.67,33.38,-0.08,1,1634,1645,SE
1188783.628,X_LEG_2,24.67,33.38,-0.08,1,1634,1645,SE
1188783.649,X_LEG_2,24.67,33.38,-0.08,1,1634,1645,SE
1188783.669,X_LEG_2,24.67,33.38,-0.08,1,1634,1645,SE
1188783.690,X_LEG_2,24.67,33.38,-0.08,1,1634,1645,SE
1188783.712,X_LEG_2,24.77,33.17,-0.07,1,1633,1645,SE
1188783.733,X_LEG_2,24.77,33.17,-0.07,1,1633,1645,SE
1188783.753,X_LEG_2,24.77,33.17,-0.07,1,1633,1645,SE
1188783.777,X_LEG_2,24.77,33.17,-0.07,1,1633,1645,SE
1188783.797,X_LEG_2,24.77,33.17,-0.07,1,1633,1645,SE
1188783.819,X_LEG_2,24.84,33.04,-0.06,1,1632,1645,SE
1188783.841,X_LEG_2,24.84,33.04,-0.06,1,1632,1645,SE
1188783.861,X_LEG_2,24.84,33.04,-0.06,1,1632,1645,SE
1188783.882,X_LEG_2,24.84,33.04,-0.06,1,1632,1645,SE
1188783.907,X_LEG_2,24.84,33.04,-0.06,1,1632,1645,SE
1188783.927,X_LEG_2,24.84,33.04,-0.06,1,1632,1645,SE
1188783.955,X_LEG_2,24.84,33.04,-0.06,1,1632,1645,SE
1188783.979,X_LEG_2,24.84,33.04,-0.06,1,1632,1645,SE
1188784.000,X_LEG_2,24.84,33.04,-0.06,1,1632,1645,SE
1188784.021,X_LEG_2,24.84,33.04,-0.06,1,1632,1645,SE
1188784.052,X_LEG_2,24.95,32.85,-0.03,1,1631,1644,SE
1188784.076,X_LEG_2,24.95,32.85,-0.03,1,1631,1644,SE
1188784.097,X_LEG_2,24.95,32.85,-0.03,1,1631,1644,SE
1188784.121,X_LEG_2,24.95,32.85,-0.03,1,1631,1644,SE
1188784.142,X_LEG_2,24.95,32.85,-0.03,1,1631,1644,SE
1188784.163,X_LEG_2,25.01,32.71,-0.02,1,1631,1643,SE
1188784.183,X_LEG_2,25.01,32.71,-0.02,1,1631,1643,SE
1188784.204,X_LEG_2,25.01,32.71,-0.02,1,1631,1643,SE
1188784.225,X_LEG_2,25.01,32.71,-0.02,1,1631,1643,SE
1188784.245,X_LEG_2,25.01,32.71,-0.02,1,1631,1643,SE
1188784.266,X_LEG_2,25.08,32.58,-0.03,1,1630,1643,SE
1188784.286,X_LEG_2,25.08,32.58,-0.03,1,1630,1643,SE
1188784.306,X_LEG_2,25.08,32.58,-0.03,1,1630,1643,SE
1188784.328,X_LEG_2,25.08,32.58,-0.03,1,1630,1643,SE
1188784.349,X_LEG_2,25.08,32.58,-0.03,1,1630,1643,SE
1188784.369,X_LEG_2,25.15,32.58,-0.03,1,1630,1643,SE
1188784.390,X_LEG_2,25.15,32.58,-0.03,1,1630,1643,SE
1188784.410,X_LEG_2,25.15,32.58,-0.03,1,1630,1643,SE
1188784.430,X_LEG_2,25.15,32.58,-0.03,1,1630,1643,SE
1188784.451,X_LEG_2,25.15,32.58,-0.03,1,1630,1643,SE
1188784.471,X_LEG_2,25.15,32.45,-0.01,1,1630,1643,SE
1188784.493,X_LEG_2,25.15,32.45,-0.01,1,1630,1643,SE
1188784.514,X_LEG_2,25.15,32.45,-0.01,1,1630,1643,SE
1188784.535,X_LEG_2,25.15,32.45,-0.01,1,1630,1643,SE
1188784.555,X_LEG_2,25.15,32.45,-0.01,1,1630,1643,SE
1188784.576,X_LEG_2,25.22,32.32,-0.00,1,1629,1643,SE
1188784.597,X_LEG_2,25.22,32.32,-0.00,1,1629,1643,SE
1188784.617,X_LEG_2,25.22,32.32,-0.00,1,1629,1643,SE
1188784.638,X_LEG_2,25.22,32.32,-0.00,1,1629,1643,SE
1188784.660,X_LEG_2,25.22,32.32,-0.00,1,1629,1643,SE
1188784.680,X_LEG_2,25.22,32.32,-0.00,1,1629,1643,SE
1188784.701,X_LEG_2,25.22,32.32,-0.00,1,1629,1643,SE
1188784.722,X_LEG_2,25.22,32.32,-0.00,1,1629,1643,SE
1188784.746,X_LEG_2,25.22,32.32,-0.00,1,1629,1643,SE
1188784.767,X_LEG_2,25.22,32.32,-0.00,1,1629,1643,SE
1188784.788,X_LEG_2,25.32,32.12,0.01,1,1628,1643,SE
1188784.809,X_LEG_2,25.32,32.12,0.01,1,1628,1643,SE
1188784.829,X_LEG_2,25.32,32.12,0.01,1,1628,1643,SE
1188784.849,X_LEG_2,25.32,32.12,0.01,1,1628,1643,SE
1188784.870,X_LEG_2,25.32,32.12,0.01,1,1628,1643,SE
1188784.891,X_LEG_2,25.42,31.92,0.03,1,1628,1641,SE
1188784.911,X_LEG_2,25.42,31.92,0.03,1,1628,1641,SE
1188784.933,X_LEG_2,25.42,31.92,0.03,1,1628,1641,SE
1188784.953,X_LEG_2,25.42,31.92,0.03,1,1628,1641,SE
1188784.974,X_LEG_2,25.42,31.92,0.03,1,1628,1641,SE
1188784.994,X_LEG_2,25.49,31.80,0.05,1,1627,1641,SE
1188785.014,X_LEG_2,25.49,31.80,0.05,1,1627,1641,SE
1188785.035,X_LEG_2,25.49,31.80,0.05,1,1627,1641,SE
1188785.055,X_LEG_2,25.49,31.80,0.05,1,1627,1641,SE
1188785.076,X_LEG_2,25.49,31.80,0.05,1,1627,1641,SE
1188785.096,X_LEG_2,25.58,31.60,0.06,1,1626,1641,SE
1188785.116,X_LEG_2,25.58,31.60,0.06,1,1626,1641,SE
1188785.136,X_LEG_2,25.58,31.60,0.06,1,1626,1641,SE
1188785.157,X_LEG_2,25.58,31.60,0.06,1,1626,1641,SE
1188785.178,X_LEG_2,25.58,31.60,0.06,1,1626,1641,SE
1188785.198,X_LEG_2,25.58,31.60,0.06,1,1626,1641,SE
1188785.220,X_LEG_2,25.58,31.60,0.06,1,1626,1641,SE
1188785.241,X_LEG_2,25.58,31.60,0.06,1,1626,1641,SE
1188785.261,X_LEG_2,25.58,31.60,0.06,1,1626,1641,SE
1188785.282,X_LEG_2,25.58,31.60,0.06,1,1626,1641,SE
1188785.302,X_LEG_2,25.68,31.40,0.07,1,1626,1640,SE
1188785.322,X_LEG_2,25.68,31.40,0.07,1,1626,1640,SE
1188785.343,X_LEG_2,25.68,31.40,0.07,1,1626,1640,SE
1188785.365,X_LEG_2,25.68,31.40,0.07,1,1626,1640,SE
1188785.384,X_LEG_2,25.68,31.40,0.07,1,1626,1640,SE
1188785.405,X_LEG_2,25.78,31.21,0.08,1,1625,1640,SE
1188785.426,X_LEG_2,25.78,31.21,0.08,1,1625,1640,SE
1188785.447,X_LEG_2,25.78,31.21,0.08,1,1625,1640,SE
1188785.468,X_LEG_2,25.78,31.21,0.08,1,1625,1640,SE
1188785.490,X_LEG_2,25.78,31.21,0.08,1,1625,1640,SE
1188785.510,X_LEG_2,25.84,31.08,0.10,1,1624,1640,SE
1188785.531,X_LEG_2,25.84,31.08,0.10,1,1624,1640,SE
1188785.552,X_LEG_2,25.84,31.08,0.10,1,1624,1640,SE
1188785.572,X_LEG_2,25.84,31.08,0.10,1,1624,1640,SE
1188785.593,X_LEG_2,25.84,31.08,0.10,1,1624,1640,SE
1188785.614,X_LEG_2,25.94,30.89,0.11,1,1624,1639,SE
1188785.635,X_LEG_2,25.94,30.89,0.11,1,1624,1639,SE
1188785.655,X_LEG_2,25.94,30.89,0.11,1,1624,1639,SE
1188785.676,X_LEG_2,25.94,30.89,0.11,1,1624,1639,SE
1188785.696,X_LEG_2,25.94,30.89,0.11,1,1624,1639,SE
1188785.717,X_LEG_2,25.94,30.89,0.11,1,1624,1639,SE
1188785.739,X_LEG_2,25.94,30.89,0.11,1,1624,1639,SE
1188785.759,X_LEG_2,25.94,30.89,0.11,1,1624,1639,SE
1188785.780,X_LEG_2,25.94,30.89,0.11,1,1624,1639,SE
1188785.800,X_LEG_2,25.94,30.89,0.11,1,1624,1639,SE
1188785.821,X_LEG_2,26.03,30.70,0.13,1,1623,1638,SE
1188785.842,X_LEG_2,26.03,30.70,0.13,1,1623,1638,SE
1188785.865,X_LEG_2,26.03,30.70,0.13,1,1623,1638,SE
1188785.885,X_LEG_2,26.03,30.70,0.13,1,1623,1638,SE
1188785.906,X_LEG_2,26.03,30.70,0.13,1,1623,1638,SE
1188785.926,X_LEG_2,26.12,30.51,0.14,1,1622,1638,SE
1188785.947,X_LEG_2,26.12,30.51,0.14,1,1622,1638,SE
1188785.968,X_LEG_2,26.12,30.51,0.14,1,1622,1638,SE
1188785.989,X_LEG_2,26.12,30.51,0.14,1,1622,1638,SE
1188786.009,X_LEG_2,26.12,30.51,0.14,1,1622,1638,SE
1188786.030,X_LEG_2,26.21,30.32,0.17,1,1621,1638,SE
1188786.051,X_LEG_2,26.21,30.32,0.17,1,1621,1638,SE
1188786.072,X_LEG_2,26.21,30.32,0.17,1,1621,1638,SE
1188786.094,X_LEG_2,26.21,30.32,0.17,1,1621,1638,SE
1188786.116,X_LEG_2,26.21,30.32,0.17,1,1621,1638,SE
1188786.136,X_LEG_2,26.21,30.32,0.17,1,1621,1638,SE
1188786.157,X_LEG_2,26.21,30.32,0.17,1,1621,1638,SE
1188786.177,X_LEG_2,26.21,30.32,0.17,1,1621,1638,SE
1188786.198,X_LEG_2,26.21,30.32,0.17,1,1621,1638,SE
1188786.219,X_LEG_2,26.21,30.32,0.17,1,1621,1638,SE
1188786.239,X_LEG_2,26.30,30.14,0.18,1,1621,1638,SE
1188786.260,X_LEG_2,26.30,30.14,0.18,1,1621,1638,SE
1188786.280,X_LEG_2,26.30,30.14,0.18,1,1621,1638,SE
1188786.301,X_LEG_2,26.30,30.14,0.18,1,1621,1638,SE
1188786.321,X_LEG_2,26.30,30.14,0.18,1,1621,1638,SE
1188786.342,X_LEG_2,26.39,29.94,0.20,1,1620,1636,SE
1188786.364,X_LEG_2,26.39,29.94,0.20,1,1620,1636,SE
1188786.384,X_LEG_2,26.39,29.94,0.20,1,1620,1636,SE
1188786.404,X_LEG_2,26.39,29.94,0.20,1,1620,1636,SE
1188786.425,X_LEG_2,26.39,29.94,0.20,1,1620,1636,SE
1188786.445,X_LEG_2,26.39,29.94,0.20,1,1620,1636,SE
1188786.466,X_LEG_2,26.39,29.94,0.20,1,1620,1636,SE
1188786.487,X_LEG_2,26.39,29.94,0.20,1,1620,1636,SE
1188786.508,X_LEG_2,26.39,29.94,0.20,1,1620,1636,SE
1188786.528,X_LEG_2,26.39,29.94,0.20,1,1620,1636,SE
1188786.548,X_LEG_2,26.48,29.75,0.21,1,1619,1636,SE
1188786.571,X_LEG_2,26.48,29.75,0.21,1,1619,1636,SE
1188786.590,X_LEG_2,26.48,29.75,0.21,1,1619,1636,SE
1188786.611,X_LEG_2,26.48,29.75,0.21,1,1619,1636,SE
1188786.631,X_LEG_2,26.48,29.75,0.21,1,1619,1636,SE
1188786.652,X_LEG_2,26.56,29.57,0.23,1,1618,1636,SE
1188786.672,X_LEG_2,26.56,29.57,0.23,1,1618,1636,SE
1188786.693,X_LEG_2,26.56,29.57,0.23,1,1618,1636,SE
1188786.714,X_LEG_2,26.56,29.57,0.23,1,1618,1636,SE
1188786.734,X_LEG_2,26.56,29.57,0.23,1,1618,1636,SE
1188786.755,X_LEG_2,26.62,29.45,0.23,1,1618,1636,SE
1188786.777,X_LEG_2,26.62,29.45,0.23,1,1618,1636,SE
1188786.797,X_LEG_2,26.62,29.45,0.23,1,1618,1636,SE
1188786.818,X_LEG_2,26.62,29.45,0.23,1,1618,1636,SE
1188786.838,X_LEG_2,26.62,29.45,0.23,1,1618,1636,SE
1188786.859,X_LEG_2,26.70,29.27,0.25,1,1617,1635,SE
1188786.879,X_LEG_2,26.70,29.27,0.25,1,1617,1635,SE
1188786.901,X_LEG_2,26.70,29.27,0.25,1,1617,1635,SE
1188786.921,X_LEG_2,26.70,29.27,0.25,1,1617,1635,SE
1188786.942,X_LEG_2,26.70,29.27,0.25,1,1617,1635,SE
1188786.963,X_LEG_2,26.70,29.27,0.25,1,1617,1635,SE
1188786.983,X_LEG_2,26.70,29.27,0.25,1,1617,1635,SE
1188787.004,X_LEG_2,26.70,29.27,0.25,1,1617,1635,SE
1188787.024,X_LEG_2,26.70,29.27,0.25,1,1617,1635,SE
1188787.045,X_LEG_2,26.70,29.27,0.25,1,1617,1635,SE
1188787.066,X_LEG_2,26.76,29.14,0.26,1,1617,1635,SE
1188787.086,X_LEG_2,26.76,29.14,0.26,1,1617,1635,SE
1188787.107,X_LEG_2,26.76,29.14,0.26,1,1617,1635,SE
1188787.127,X_LEG_2,26.76,29.14,0.26,1,1617,1635,SE
1188787.147,X_LEG_2,26.76,29.14,0.26,1,1617,1635,SE
1188787.168,X_LEG_2,26.84,28.96,0.28,1,1616,1634,SE
1188787.189,X_LEG_2,26.84,28.96,0.28,1,1616,1634,SE
1188787.209,X_LEG_2,26.84,28.96,0.28,1,1616,1634,SE
1188787.229,X_LEG_2,26.84,28.96,0.28,1,1616,1634,SE
1188787.250,X_LEG_2,26.84,28.96,0.28,1,1616,1634,SE
1188787.270,X_LEG_2,26.84,28.96,0.28,1,1616,1634,SE
1188787.290,X_LEG_2,26.84,28.96,0.28,1,1616,1634,SE
1188787.313,X_LEG_2,26.84,28.96,0.28,1,1616,1634,SE
1188787.333,X_LEG_2,26.84,28.96,0.28,1,1616,1634,SE
1188787.353,X_LEG_2,26.84,28.96,0.28,1,1616,1634,SE
1188787.375,X_LEG_2,26.92,28.78,0.30,1,1615,1634,SE
1188787.395,X_LEG_2,26.92,28.78,0.30,1,1615,1634,SE
1188787.416,X_LEG_2,26.92,28.78,0.30,1,1615,1634,SE
1188787.436,X_LEG_2,26.92,28.78,0.30,1,1615,1634,SE
1188787.457,X_LEG_2,26.92,28.78,0.30,1,1615,1634,SE
1188787.479,X_LEG_2,26.97,28.66,0.30,1,1615,1634,SE
1188787.499,X_LEG_2,26.97,28.66,0.30,1,1615,1634,SE
1188787.520,X_LEG_2,26.97,28.66,0.30,1,1615,1634,SE
1188787.541,X_LEG_2,26.97,28.66,0.30,1,1615,1634,SE
1188787.561,X_LEG_2,26.97,28.66,0.30,1,1615,1634,SE
1188787.582,X_LEG_2,27.05,28.48,0.32,1,1614,1633,SE
1188787.602,X_LEG_2,27.05,28.48,0.32,1,1614,1633,SE
1188787.623,X_LEG_2,27.05,28.48,0.32,1,1614,1633,SE
1188787.643,X_LEG_2,27.05,28.48,0.32,1,1614,1633,SE
1188787.666,X_LEG_2,27.05,28.48,0.32,1,1614,1633,SE
1188787.685,X_LEG_2,27.12,28.30,0.34,1,1613,1633,SE
1188787.705,X_LEG_2,27.12,28.30,0.34,1,1613,1633,SE
1188787.726,X_LEG_2,27.12,28.30,0.34,1,1613,1633,SE
1188787.746,X_LEG_2,27.12,28.30,0.34,1,1613,1633,SE
1188787.767,X_LEG_2,27.12,28.30,0.34,1,1613,1633,SE
1188787.788,X_LEG_2,27.12,28.30,0.34,1,1613,1633,SE
1188787.808,X_LEG_2,27.12,28.30,0.34,1,1613,1633,SE
1188787.828,X_LEG_2,27.12,28.30,0.34,1,1613,1633,SE
1188787.849,X_LEG_2,27.12,28.30,0.34,1,1613,1633,SE
1188787.872,X_LEG_2,27.12,28.30,0.34,1,1613,1633,SE
1188787.892,X_LEG_2,27.20,28.11,0.36,1,1612,1633,SE
1188787.913,X_LEG_2,27.20,28.11,0.36,1,1612,1633,SE
1188787.933,X_LEG_2,27.20,28.11,0.36,1,1612,1633,SE
1188787.953,X_LEG_2,27.20,28.11,0.36,1,1612,1633,SE
1188787.974,X_LEG_2,27.20,28.11,0.36,1,1612,1633,SE
1188787.995,X_LEG_2,27.27,27.93,0.38,1,1612,1632,SE
1188788.016,X_LEG_2,27.27,27.93,0.38,1,1612,1632,SE
1188788.037,X_LEG_2,27.27,27.93,0.38,1,1612,1632,SE
1188788.057,X_LEG_2,27.27,27.93,0.38,1,1612,1632,SE
1188788.078,X_LEG_2,27.27,27.93,0.38,1,1612,1632,SE
1188788.099,X_LEG_2,27.34,27.77,0.38,1,1611,1631,SE
1188788.119,X_LEG_2,27.34,27.77,0.38,1,1611,1631,SE
1188788.139,X_LEG_2,27.34,27.77,0.38,1,1611,1631,SE
1188788.160,X_LEG_2,27.34,27.77,0.38,1,1611,1631,SE
1188788.180,X_LEG_2,27.34,27.77,0.38,1,1611,1631,SE
1188788.201,X_LEG_2,27.34,27.77,0.38,1,1611,1631,SE
1188788.221,X_LEG_2,27.34,27.77,0.38,1,1611,1631,SE
1188788.243,X_LEG_2,27.34,27.77,0.38,1,1611,1631,SE
1188788.263,X_LEG_2,27.34,27.77,0.38,1,1611,1631,SE
1188788.284,X_LEG_2,27.34,27.77,0.38,1,1611,1631,SE
1188788.306,X_LEG_2,27.41,27.58,0.40,1,1610,1631,SE
1188788.326,X_LEG_2,27.41,27.58,0.40,1,1610,1631,SE
1188788.347,X_LEG_2,27.41,27.58,0.40,1,1610,1631,SE
1188788.369,X_LEG_2,27.41,27.58,0.40,1,1610,1631,SE
1188788.389,X_LEG_2,27.41,27.58,0.40,1,1610,1631,SE
1188788.410,X_LEG_2,27.48,27.41,0.42,1,1610,1631,SE
1188788.432,X_LEG_2,27.48,27.41,0.42,1,1610,1631,SE
1188788.453,X_LEG_2,27.48,27.41,0.42,1,1610,1631,SE
1188788.473,X_LEG_2,27.48,27.41,0.42,1,1610,1631,SE
1188788.494,X_LEG_2,27.48,27.41,0.42,1,1610,1631,SE
1188788.514,X_LEG_2,27.54,27.23,0.44,1,1609,1631,SE
1188788.535,X_LEG_2,27.54,27.23,0.44,1,1609,1631,SE
1188788.555,X_LEG_2,27.54,27.23,0.44,1,1609,1631,SE
1188788.575,X_LEG_2,27.54,27.23,0.44,1,1609,1631,SE
1188788.596,X_LEG_2,27.54,27.23,0.44,1,1609,1631,SE
1188788.617,X_LEG_2,27.54,27.23,0.44,1,1609,1631,SE
1188788.637,X_LEG_2,27.54,27.23,0.44,1,1609,1631,SE
1188788.658,X_LEG_2,27.54,27.23,0.44,1,1609,1631,SE
1188788.679,X_LEG_2,27.54,27.23,0.44,1,1609,1631,SE
1188788.701,X_LEG_2,27.54,27.23,0.44,1,1609,1631,SE
1188788.721,X_LEG_2,27.61,27.07,0.45,1,1608,1631,SE
1188788.742,X_LEG_2,27.61,27.07,0.45,1,1608,1631,SE
1188788.762,X_LEG_2,27.61,27.07,0.45,1,1608,1631,SE
1188788.783,X_LEG_2,27.61,27.07,0.45,1,1608,1631,SE
1188788.804,X_LEG_2,27.61,27.07,0.45,1,1608,1631,SE
1188788.825,X_LEG_2,27.67,26.88,0.47,1,1608,1629,SE
1188788.846,X_LEG_2,27.67,26.88,0.47,1,1608,1629,SE
1188788.867,X_LEG_2,27.67,26.88,0.47,1,1608,1629,SE
1188788.888,X_LEG_2,27.67,26.88,0.47,1,1608,1629,SE
1188788.908,X_LEG_2,27.67,26.88,0.47,1,1608,1629,SE
1188788.928,X_LEG_2,27.67,26.88,0.47,1,1608,1629,SE
1188788.949,X_LEG_2,27.67,26.88,0.47,1,1608,1629,SE
1188788.971,X_LEG_2,27.67,26.88,0.47,1,1608,1629,SE
1188788.992,X_LEG_2,27.67,26.88,0.47,1,1608,1629,SE
1188789.012,X_LEG_2,27.67,26.88,0.47,1,1608,1629,SE
1188789.033,X_LEG_2,27.73,26.71,0.50,1,1607,1629,SE
1188789.053,X_LEG_2,27.73,26.71,0.50,1,1607,1629,SE
1188789.074,X_LEG_2,27.73,26.71,0.50,1,1607,1629,SE
1188789.094,X_LEG_2,27.73,26.71,0.50,1,1607,1629,SE
1188789.116,X_LEG_2,27.73,26.71,0.50,1,1607,1629,SE
1188789.136,X_LEG_2,27.77,26.60,0.50,1,1606,1629,SE
1188789.157,X_LEG_2,27.77,26.60,0.50,1,1606,1629,SE
1188789.179,X_LEG_2,27.77,26.60,0.50,1,1606,1629,SE
1188789.199,X_LEG_2,27.77,26.60,0.50,1,1606,1629,SE
1188789.219,X_LEG_2,27.77,26.60,0.50,1,1606,1629,SE
1188789.240,X_LEG_2,27.83,26.43,0.52,1,1606,1629,SE
1188789.260,X_LEG_2,27.83,26.43,0.52,1,1606,1629,SE
1188789.280,X_LEG_2,27.83,26.43,0.52,1,1606,1629,SE
1188789.301,X_LEG_2,27.83,26.43,0.52,1,1606,1629,SE
1188789.322,X_LEG_2,27.83,26.43,0.52,1,1606,1629,SE
1188789.342,X_LEG_2,27.88,26.26,0.53,1,1605,1629,SE
1188789.364,X_LEG_2,27.88,26.26,0.53,1,1605,1629,SE
1188789.384,X_LEG_2,27.88,26.26,0.53,1,1605,1629,SE
1188789.404,X_LEG_2,27.88,26.26,0.53,1,1605,1629,SE
1188789.424,X_LEG_2,27.88,26.26,0.53,1,1605,1629,SE
1188789.445,X_LEG_2,27.93,26.09,0.56,1,1604,1629,SE
1188789.466,X_LEG_2,27.93,26.09,0.56,1,1604,1629,SE
1188789.487,X_LEG_2,27.93,26.09,0.56,1,1604,1629,SE
1188789.507,X_LEG_2,27.93,26.09,0.56,1,1604,1629,SE
1188789.527,X_LEG_2,27.93,26.09,0.56,1,1604,1629,SE
1188789.548,X_LEG_2,27.93,26.09,0.56,1,1604,1629,SE
1188789.568,X_LEG_2,27.93,26.09,0.56,1,1604,1629,SE
1188789.589,X_LEG_2,27.93,26.09,0.56,1,1604,1629,SE
1188789.609,X_LEG_2,27.93,26.09,0.56,1,1604,1629,SE
1188789.630,X_LEG_2,27.93,26.09,0.56,1,1604,1629,SE
1188789.651,X_LEG_2,27.99,25.94,0.57,1,1604,1628,SE
1188789.672,X_LEG_2,27.99,25.94,0.57,1,1604,1628,SE
1188789.693,X_LEG_2,27.99,25.94,0.57,1,1604,1628,SE
1188789.713,X_LEG_2,27.99,25.94,0.57,1,1604,1628,SE
1188789.734,X_LEG_2,27.99,25.94,0.57,1,1604,1628,SE
1188789.755,X_LEG_2,28.04,25.77,0.59,1,1603,1627,SE
1188789.776,X_LEG_2,28.04,25.77,0.59,1,1603,1627,SE
1188789.796,X_LEG_2,28.04,25.77,0.59,1,1603,1627,SE
1188789.817,X_LEG_2,28.04,25.77,0.59,1,1603,1627,SE
1188789.837,X_LEG_2,28.04,25.77,0.59,1,1603,1627,SE
1188789.857,X_LEG_2,28.08,25.60,0.60,1,1602,1627,SE
1188789.878,X_LEG_2,28.08,25.60,0.60,1,1602,1627,SE
1188789.899,X_LEG_2,28.08,25.60,0.60,1,1602,1627,SE
1188789.920,X_LEG_2,28.08,25.60,0.60,1,1602,1627,SE
1188789.941,X_LEG_2,28.08,25.60,0.60,1,1602,1627,SE
1188789.961,X_LEG_2,28.13,25.44,0.63,1,1602,1627,SE
1188789.982,X_LEG_2,28.13,25.44,0.63,1,1602,1627,SE
1188790.002,X_LEG_2,28.13,25.44,0.63,1,1602,1627,SE
1188790.022,X_LEG_2,28.13,25.44,0.63,1,1602,1627,SE
1188790.045,X_LEG_2,28.13,25.44,0.63,1,1602,1627,SE
1188790.063,X_LEG_2,28.13,25.44,0.63,1,1602,1627,SE
1188790.084,X_LEG_2,28.13,25.44,0.63,1,1602,1627,SE
1188790.104,X_LEG_2,28.13,25.44,0.63,1,1602,1627,SE
1188790.126,X_LEG_2,28.13,25.44,0.63,1,1602,1627,SE
1188790.146,X_LEG_2,28.13,25.44,0.63,1,1602,1627,SE
1188790.167,X_LEG_2,28.17,25.28,0.64,1,1601,1627,SE
1188790.190,X_LEG_2,28.17,25.28,0.64,1,1601,1627,SE
1188790.211,X_LEG_2,28.17,25.28,0.64,1,1601,1627,SE
1188790.231,X_LEG_2,28.17,25.28,0.64,1,1601,1627,SE
1188790.252,X_LEG_2,28.17,25.28,0.64,1,1601,1627,SE
1188790.272,X_LEG_2,28.22,25.11,0.65,1,1600,1627,SE
1188790.293,X_LEG_2,28.22,25.11,0.65,1,1600,1627,SE
1188790.313,X_LEG_2,28.22,25.11,0.65,1,1600,1627,SE
1188790.334,X_LEG_2,28.22,25.11,0.65,1,1600,1627,SE
1188790.362,X_LEG_2,28.22,25.11,0.65,1,1600,1627,SE
1188790.383,X_LEG_2,28.24,25.01,0.68,1,1600,1627,SE
1188790.409,X_LEG_2,28.24,25.01,0.68,1,1600,1627,SE
1188790.430,X_LEG_2,28.24,25.01,0.68,1,1600,1627,SE
1188790.456,X_LEG_2,28.24,25.01,0.68,1,1600,1627,SE
1188790.478,X_LEG_2,28.24,25.01,0.68,1,1600,1627,SE
1188790.510,X_LEG_2,28.27,24.90,0.68,1,1600,1626,SE
1188790.532,X_LEG_2,28.27,24.90,0.68,1,1600,1626,SE
1188790.553,X_LEG_2,28.27,24.90,0.68,1,1600,1626,SE
1188790.580,X_LEG_2,28.27,24.90,0.68,1,1600,1626,SE
1188790.600,X_LEG_2,28.27,24.90,0.68,1,1600,1626,SE
1188790.621,X_LEG_2,28.27,24.90,0.68,1,1600,1626,SE
1188790.641,X_LEG_2,28.27,24.90,0.68,1,1600,1626,SE
1188790.662,X_LEG_2,28.27,24.90,0.68,1,1600,1626,SE
1188790.684,X_LEG_2,28.27,24.90,0.68,1,1600,1626,SE
1188790.704,X_LEG_2,28.27,24.90,0.68,1,1600,1626,SE
1188790.725,X_LEG_2,28.29,24.80,0.69,1,1599,1626,SE
1188790.749,X_LEG_2,28.29,24.80,0.69,1,1599,1626,SE
1188790.771,X_LEG_2,28.29,24.80,0.69,1,1599,1626,SE
1188790.793,X_LEG_2,28.29,24.80,0.69,1,1599,1626,SE
1188790.813,X_LEG_2,28.29,24.80,0.69,1,1599,1626,SE
1188790.834,X_LEG_2,28.32,24.70,0.70,1,1599,1626,SE
1188790.858,X_LEG_2,28.32,24.70,0.70,1,1599,1626,SE
1188790.879,X_LEG_2,28.32,24.70,0.70,1,1599,1626,SE
1188790.900,X_LEG_2,28.32,24.70,0.70,1,1599,1626,SE
1188790.920,X_LEG_2,28.32,24.70,0.70,1,1599,1626,SE
1188790.941,X_LEG_2,28.34,24.58,0.72,1,1598,1625,SE
1188790.961,X_LEG_2,28.34,24.58,0.72,1,1598,1625,SE
1188790.981,X_LEG_2,28.34,24.58,0.72,1,1598,1625,SE
1188791.002,X_LEG_2,28.34,24.58,0.72,1,1598,1625,SE
1188791.022,X_LEG_2,28.34,24.58,0.72,1,1598,1625,SE
1188791.043,X_LEG_2,28.36,24.48,0.73,1,1598,1625,SE
1188791.065,X_LEG_2,28.36,24.48,0.73,1,1598,1625,SE
1188791.085,X_LEG_2,28.36,24.48,0.73,1,1598,1625,SE
1188791.105,X_LEG_2,28.36,24.48,0.73,1,1598,1625,SE
1188791.126,X_LEG_2,28.36,24.48,0.73,1,1598,1625,SE
1188791.146,X_LEG_2,28.40,24.32,0.74,1,1597,1625,SE
1188791.167,X_LEG_2,28.40,24.32,0.74,1,1597,1625,SE
1188791.188,X_LEG_2,28.40,24.32,0.74,1,1597,1625,SE
1188791.208,X_LEG_2,28.40,24.32,0.74,1,1597,1625,SE
1188791.229,X_LEG_2,28.40,24.32,0.74,1,1597,1625,SE
1188791.250,X_LEG_2,28.40,24.32,0.74,1,1597,1625,SE
1188791.270,X_LEG_2,28.40,24.32,0.74,1,1597,1625,SE
1188791.291,X_LEG_2,28.40,24.32,0.74,1,1597,1625,SE
1188791.311,X_LEG_2,28.40,24.32,0.74,1,1597,1625,SE
1188791.331,X_LEG_2,28.40,24.32,0.74,1,1597,1625,SE
1188791.352,X_LEG_2,28.43,24.17,0.76,1,1597,1625,SE
1188791.372,X_LEG_2,28.43,24.17,0.76,1,1597,1625,SE
1188791.394,X_LEG_2,28.43,24.17,0.76,1,1597,1625,SE
1188791.415,X_LEG_2,28.43,24.17,0.76,1,1597,1625,SE
1188791.436,X_LEG_2,28.43,24.17,0.76,1,1597,1625,SE
1188791.456,X_LEG_2,28.45,24.02,0.79,1,1596,1625,SE
1188791.477,X_LEG_2,28.45,24.02,0.79,1,1596,1625,SE
1188791.497,X_LEG_2,28.45,24.02,0.79,1,1596,1625,SE
1188791.518,X_LEG_2,28.45,24.02,0.79,1,1596,1625,SE
1188791.539,X_LEG_2,28.45,24.02,0.79,1,1596,1625,SE
1188791.559,X_LEG_2,28.47,23.92,0.80,1,1596,1624,SE
1188791.580,X_LEG_2,28.47,23.92,0.80,1,1596,1624,SE
1188791.602,X_LEG_2,28.47,23.92,0.80,1,1596,1624,SE
1188791.623,X_LEG_2,28.47,23.92,0.80,1,1596,1624,SE
1188791.644,X_LEG_2,28.47,23.92,0.80,1,1596,1624,SE
1188791.664,X_LEG_2,28.49,23.82,0.81,1,1595,1624,SE
1188791.684,X_LEG_2,28.49,23.82,0.81,1,1595,1624,SE
1188791.704,X_LEG_2,28.49,23.82,0.81,1,1595,1624,SE
1188791.725,X_LEG_2,28.49,23.82,0.81,1,1595,1624,SE
1188791.748,X_LEG_2,28.49,23.82,0.81,1,1595,1624,SE
1188791.766,X_LEG_2,28.51,23.66,0.82,1,1595,1624,SE
1188791.787,X_LEG_2,28.51,23.66,0.82,1,1595,1624,SE
1188791.807,X_LEG_2,28.51,23.66,0.82,1,1595,1624,SE
1188791.828,X_LEG_2,28.51,23.66,0.82,1,1595,1624,SE
1188791.848,X_LEG_2,28.51,23.66,0.82,1,1595,1624,SE
1188791.869,X_LEG_2,28.51,23.66,0.82,1,1595,1624,SE
1188791.890,X_LEG_2,28.51,23.66,0.82,1,1595,1624,SE
1188791.910,X_LEG_2,28.51,23.66,0.82,1,1595,1624,SE
1188791.930,X_LEG_2,28.51,23.66,0.82,1,1595,1624,SE
1188791.950,X_LEG_2,28.51,23.66,0.82,1,1595,1624,SE
1188791.973,X_LEG_2,28.51,23.66,0.82,1,1595,1624,SE
1188791.994,X_LEG_2,28.51,23.66,0.82,1,1595,1624,SE
1188792.014,X_LEG_2,28.51,23.66,0.82,1,1595,1624,SE
1188792.035,X_LEG_2,28.51,23.66,0.82,1,1595,1624,SE
1188792.056,X_LEG_2,28.51,23.66,0.82,1,1595,1624,SE
1188792.076,X_LEG_2,28.53,23.51,0.84,1,1594,1624,SE
1188792.097,X_LEG_2,28.53,23.51,0.84,1,1594,1624,SE
1188792.117,X_LEG_2,28.53,23.51,0.84,1,1594,1624,SE
1188792.137,X_LEG_2,28.53,23.51,0.84,1,1594,1624,SE
1188792.158,X_LEG_2,28.53,23.51,0.84,1,1594,1624,SE
1188792.179,X_LEG_2,28.55,23.36,0.86,1,1593,1624,SE
1188792.200,X_LEG_2,28.55,23.36,0.86,1,1593,1624,SE
1188792.223,X_LEG_2,28.55,23.36,0.86,1,1593,1624,SE
1188792.243,X_LEG_2,28.55,23.36,0.86,1,1593,1624,SE
1188792.264,X_LEG_2,28.55,23.36,0.86,1,1593,1624,SE
1188792.285,X_LEG_2,28.56,23.26,0.87,1,1593,1624,SE
1188792.305,X_LEG_2,28.56,23.26,0.87,1,1593,1624,SE
1188792.325,X_LEG_2,28.56,23.26,0.87,1,1593,1624,SE
1188792.347,X_LEG_2,28.56,23.26,0.87,1,1593,1624,SE
1188792.367,X_LEG_2,28.56,23.26,0.87,1,1593,1624,SE
1188792.388,X_LEG_2,28.57,23.12,0.88,1,1592,1624,SE
1188792.410,X_LEG_2,28.57,23.12,0.88,1,1592,1624,SE
1188792.431,X_LEG_2,28.57,23.12,0.88,1,1592,1624,SE
1188792.451,X_LEG_2,28.57,23.12,0.88,1,1592,1624,SE
1188792.472,X_LEG_2,28.57,23.12,0.88,1,1592,1624,SE
1188792.492,X_LEG_2,28.57,23.12,0.88,1,1592,1624,SE
1188792.514,X_LEG_2,28.57,23.12,0.88,1,1592,1624,SE
1188792.533,X_LEG_2,28.57,23.12,0.88,1,1592,1624,SE
1188792.554,X_LEG_2,28.57,23.12,0.88,1,1592,1624,SE
1188792.574,X_LEG_2,28.57,23.12,0.88,1,1592,1624,SE
1188792.594,X_LEG_2,28.59,22.97,0.92,1,1592,1623,SE
1188792.615,X_LEG_2,28.59,22.97,0.92,1,1592,1623,SE
1188792.635,X_LEG_2,28.59,22.97,0.92,1,1592,1623,SE
1188792.655,X_LEG_2,28.59,22.97,0.92,1,1592,1623,SE
1188792.676,X_LEG_2,28.59,22.97,0.92,1,1592,1623,SE
1188792.697,X_LEG_2,28.59,22.87,0.93,1,1591,1623,SE
1188792.717,X_LEG_2,28.59,22.87,0.93,1,1591,1623,SE
1188792.737,X_LEG_2,28.59,22.87,0.93,1,1591,1623,SE
1188792.758,X_LEG_2,28.59,22.87,0.93,1,1591,1623,SE
1188792.780,X_LEG_2,28.59,22.87,0.93,1,1591,1623,SE
1188792.800,X_LEG_2,28.60,22.72,0.95,1,1591,1623,SE
1188792.821,X_LEG_2,28.60,22.72,0.95,1,1591,1623,SE
1188792.841,X_LEG_2,28.60,22.72,0.95,1,1591,1623,SE
1188792.862,X_LEG_2,28.60,22.72,0.95,1,1591,1623,SE
1188792.882,X_LEG_2,28.60,22.72,0.95,1,1591,1623,SE
1188792.904,X_LEG_2,28.60,22.63,0.97,1,1591,1623,SE
1188792.926,X_LEG_2,28.60,22.63,0.97,1,1591,1623,SE
1188792.947,X_LEG_2,28.60,22.63,0.97,1,1591,1623,SE
1188792.967,X_LEG_2,28.60,22.63,0.97,1,1591,1623,SE
1188792.989,X_LEG_2,28.60,22.63,0.97,1,1591,1623,SE
1188793.010,X_LEG_2,28.60,22.63,0.97,1,1591,1623,SE
1188793.032,X_LEG_2,28.60,22.63,0.97,1,1591,1623,SE
1188793.052,X_LEG_2,28.60,22.63,0.97,1,1591,1623,SE
1188793.072,X_LEG_2,28.60,22.63,0.97,1,1591,1623,SE
1188793.093,X_LEG_2,28.60,22.63,0.97,1,1591,1623,SE
1188793.113,X_LEG_2,28.61,22.48,0.98,1,1590,1623,SE
1188793.133,X_LEG_2,28.61,22.48,0.98,1,1590,1623,SE
1188793.156,X_LEG_2,28.61,22.48,0.98,1,1590,1623,SE
1188793.177,X_LEG_2,28.61,22.48,0.98,1,1590,1623,SE
1188793.197,X_LEG_2,28.61,22.48,0.98,1,1590,1623,SE
1188793.218,X_LEG_2,28.61,22.34,1.00,1,1589,1623,SE
1188793.238,X_LEG_2,28.61,22.34,1.00,1,1589,1623,SE
1188793.259,X_LEG_2,28.61,22.34,1.00,1,1589,1623,SE
1188793.279,X_LEG_2,28.61,22.34,1.00,1,1589,1623,SE
1188793.300,X_LEG_2,28.61,22.34,1.00,1,1589,1623,SE
1188793.321,X_LEG_2,28.61,22.20,1.00,1,1589,1623,SE
1188793.341,X_LEG_2,28.61,22.20,1.00,1,1589,1623,SE
1188793.361,X_LEG_2,28.61,22.20,1.00,1,1589,1623,SE
1188793.383,X_LEG_2,28.61,22.20,1.00,1,1589,1623,SE
1188793.405,X_LEG_2,28.61,22.20,1.00,1,1589,1623,SE
1188793.425,X_LEG_2,28.61,22.20,1.00,1,1589,1623,SE
1188793.446,X_LEG_2,28.61,22.20,1.00,1,1589,1623,SE
1188793.467,X_LEG_2,28.61,22.20,1.00,1,1589,1623,SE
1188793.488,X_LEG_2,28.61,22.20,1.00,1,1589,1623,SE
1188793.508,X_LEG_2,28.61,22.20,1.00,1,1589,1623,SE
1188793.530,X_LEG_2,28.61,22.06,1.02,1,1588,1623,SE
1188793.550,X_LEG_2,28.61,22.06,1.02,1,1588,1623,SE
1188793.571,X_LEG_2,28.61,22.06,1.02,1,1588,1623,SE
1188793.591,X_LEG_2,28.61,22.06,1.02,1,1588,1623,SE
1188793.612,X_LEG_2,28.61,22.06,1.02,1,1588,1623,SE
1188793.632,X_LEG_2,28.61,21.92,0.04,1,1588,1622,SE
1188793.653,X_LEG_2,28.61,21.92,0.04,1,1588,1622,SE
1188793.674,X_LEG_2,28.61,21.92,0.04,1,1588,1622,SE
1188793.694,X_LEG_2,28.61,21.92,0.04,1,1588,1622,SE
1188793.715,X_LEG_2,28.61,21.92,0.04,1,1588,1622,SE
1188793.735,X_LEG_2,28.60,21.79,0.07,1,1587,1622,SE
1188793.755,X_LEG_2,28.60,21.79,0.07,1,1587,1622,SE
1188793.777,X_LEG_2,28.60,21.79,0.07,1,1587,1622,SE
1188793.797,X_LEG_2,28.60,21.79,0.07,1,1587,1622,SE
1188793.817,X_LEG_2,28.60,21.79,0.07,1,1587,1622,SE
1188793.839,X_LEG_2,28.60,21.79,0.07,1,1587,1622,SE
1188793.862,X_LEG_2,28.60,21.79,0.07,1,1587,1622,SE
1188793.882,X_LEG_2,28.60,21.79,0.07,1,1587,1622,SE
1188793.902,X_LEG_2,28.60,21.79,0.07,1,1587,1622,SE
1188793.937,X_LEG_2,28.60,21.79,0.07,1,1587,1622,SE
1188793.961,X_LEG_2,28.59,21.65,0.09,1,1587,1622,SE
1188793.981,X_LEG_2,28.59,21.65,0.09,1,1587,1622,SE
1188794.002,X_LEG_2,28.59,21.65,0.09,1,1587,1622,SE
1188794.022,X_LEG_2,28.59,21.65,0.09,1,1587,1622,SE
1188794.043,X_LEG_2,28.59,21.65,0.09,1,1587,1622,SE
1188794.063,X_LEG_2,28.58,21.56,0.11,1,1586,1622,SE
1188794.084,X_LEG_2,28.58,21.56,0.11,1,1586,1622,SE
1188794.104,X_LEG_2,28.58,21.56,0.11,1,1586,1622,SE
1188794.125,X_LEG_2,28.58,21.56,0.11,1,1586,1622,SE
1188794.146,X_LEG_2,28.58,21.56,0.11,1,1586,1622,SE
1188794.167,X_LEG_2,28.57,21.47,0.12,1,1586,1622,SE
1188794.188,X_LEG_2,28.57,21.47,0.12,1,1586,1622,SE
1188794.208,X_LEG_2,28.57,21.47,0.12,1,1586,1622,SE
1188794.228,X_LEG_2,28.57,21.47,0.12,1,1586,1622,SE
1188794.249,X_LEG_2,28.57,21.47,0.12,1,1586,1622,SE
1188794.269,X_LEG_2,28.57,21.38,0.14,1,1586,1622,SE
1188794.291,X_LEG_2,28.57,21.38,0.14,1,1586,1622,SE
1188794.312,X_LEG_2,28.57,21.38,0.14,1,1586,1622,SE
1188794.335,X_LEG_2,28.57,21.38,0.14,1,1586,1622,SE
1188794.357,X_LEG_2,28.57,21.38,0.14,1,1586,1622,SE
1188794.379,X_LEG_2,28.56,21.29,0.15,1,1585,1622,SE
1188794.400,X_LEG_2,28.56,21.29,0.15,1,1585,1622,SE
1188794.420,X_LEG_2,28.56,21.29,0.15,1,1585,1622,SE
1188794.441,X_LEG_2,28.56,21.29,0.15,1,1585,1622,SE
1188794.463,X_LEG_2,28.56,21.29,0.15,1,1585,1622,SE
1188794.483,X_LEG_2,28.54,21.20,0.15,1,1585,1622,SE
1188794.504,X_LEG_2,28.54,21.20,0.15,1,1585,1622,SE
1188794.524,X_LEG_2,28.54,21.20,0.15,1,1585,1622,SE
1188794.545,X_LEG_2,28.54,21.20,0.15,1,1585,1622,SE
1188794.565,X_LEG_2,28.54,21.20,0.15,1,1585,1622,SE
1188794.586,X_LEG_2,28.53,21.11,0.16,1,1584,1622,SE
1188794.609,X_LEG_2,28.53,21.11,0.16,1,1584,1622,SE
1188794.635,X_LEG_2,28.53,21.11,0.16,1,1584,1622,SE
1188794.655,X_LEG_2,28.53,21.11,0.16,1,1584,1622,SE
1188794.675,X_LEG_2,28.53,21.11,0.16,1,1584,1622,SE
1188794.695,X_LEG_2,28.51,20.97,0.19,1,1584,1621,SE
1188794.717,X_LEG_2,28.51,20.97,0.19,1,1584,1621,SE
1188794.738,X_LEG_2,28.51,20.97,0.19,1,1584,1621,SE
1188794.759,X_LEG_2,28.51,20.97,0.19,1,1584,1621,SE
1188794.779,X_LEG_2,28.51,20.97,0.19,1,1584,1621,SE
1188794.800,X_LEG_2,28.50,20.90,0.21,1,1584,1621,SE
1188794.820,X_LEG_2,28.50,20.90,0.21,1,1584,1621,SE
1188794.841,X_LEG_2,28.50,20.90,0.21,1,1584,1621,SE
1188794.861,X_LEG_2,28.50,20.90,0.21,1,1584,1621,SE
1188794.882,X_LEG_2,28.50,20.90,0.21,1,1584,1621,SE
1188794.904,X_LEG_2,28.50,20.90,0.21,1,1584,1621,SE
1188794.924,X_LEG_2,28.50,20.90,0.21,1,1584,1621,SE
1188794.944,X_LEG_2,28.50,20.90,0.21,1,1584,1621,SE
1188794.965,X_LEG_2,28.50,20.90,0.21,1,1584,1621,SE
1188794.986,X_LEG_2,28.50,20.90,0.21,1,1584,1621,SE
1188795.007,X_LEG_2,28.47,20.76,0.23,1,1583,1621,SE
1188795.027,X_LEG_2,28.47,20.76,0.23,1,1583,1621,SE
1188795.049,X_LEG_2,28.47,20.76,0.23,1,1583,1621,SE
1188795.070,X_LEG_2,28.47,20.76,0.23,1,1583,1621,SE
1188795.091,X_LEG_2,28.47,20.76,0.23,1,1583,1621,SE
1188795.111,X_LEG_2,28.47,20.76,0.23,1,1583,1621,SE
1188795.131,X_LEG_2,28.47,20.76,0.23,1,1583,1621,SE
1188795.152,X_LEG_2,28.47,20.76,0.23,1,1583,1621,SE
1188795.174,X_LEG_2,28.47,20.76,0.23,1,1583,1621,SE
1188795.195,X_LEG_2,28.47,20.76,0.23,1,1583,1621,SE
1188795.215,X_LEG_2,28.45,20.63,0.24,1,1583,1621,SE
1188795.236,X_LEG_2,28.45,20.63,0.24,1,1583,1621,SE
1188795.256,X_LEG_2,28.45,20.63,0.24,1,1583,1621,SE
1188795.277,X_LEG_2,28.45,20.63,0.24,1,1583,1621,SE
1188795.297,X_LEG_2,28.45,20.63,0.24,1,1583,1621,SE
1188795.318,X_LEG_2,28.42,20.50,0.26,1,1582,1621,SE
1188795.338,X_LEG_2,28.42,20.50,0.26,1,1582,1621,SE
1188795.360,X_LEG_2,28.42,20.50,0.26,1,1582,1621,SE
1188795.380,X_LEG_2,28.42,20.50,0.26,1,1582,1621,SE
1188795.402,X_LEG_2,28.42,20.50,0.26,1,1582,1621,SE
1188795.422,X_LEG_2,28.38,20.38,0.27,1,1582,1621,SE
1188795.443,X_LEG_2,28.38,20.38,0.27,1,1582,1621,SE
1188795.464,X_LEG_2,28.38,20.38,0.27,1,1582,1621,SE
1188795.484,X_LEG_2,28.38,20.38,0.27,1,1582,1621,SE
1188795.504,X_LEG_2,28.38,20.38,0.27,1,1582,1621,SE
1188795.525,X_LEG_2,28.38,20.38,0.27,1,1582,1621,SE
1188795.549,X_LEG_2,28.38,20.38,0.27,1,1582,1621,SE
1188795.569,X_LEG_2,28.38,20.38,0.27,1,1582,1621,SE
1188795.590,X_LEG_2,28.38,20.38,0.27,1,1582,1621,SE
1188795.610,X_LEG_2,28.38,20.38,0.27,1,1582,1621,SE
1188795.631,X_LEG_2,28.35,20.25,0.30,1,1581,1621,SE
1188795.651,X_LEG_2,28.35,20.25,0.30,1,1581,1621,SE
1188795.672,X_LEG_2,28.35,20.25,0.30,1,1581,1621,SE
1188795.692,X_LEG_2,28.35,20.25,0.30,1,1581,1621,SE
1188795.713,X_LEG_2,28.35,20.25,0.30,1,1581,1621,SE
1188795.733,X_LEG_2,28.31,20.12,0.33,1,1580,1622,SE
1188795.754,X_LEG_2,28.31,20.12,0.33,1,1580,1622,SE
1188795.774,X_LEG_2,28.31,20.12,0.33,1,1580,1622,SE
1188795.795,X_LEG_2,28.31,20.12,0.33,1,1580,1622,SE
1188795.815,X_LEG_2,28.31,20.12,0.33,1,1580,1622,SE
1188795.836,X_LEG_2,28.27,19.99,0.33,1,1580,1621,SE
1188795.857,X_LEG_2,28.27,19.99,0.33,1,1580,1621,SE
1188795.877,X_LEG_2,28.27,19.99,0.33,1,1580,1621,SE
1188795.899,X_LEG_2,28.27,19.99,0.33,1,1580,1621,SE
1188795.920,X_LEG_2,28.27,19.99,0.33,1,1580,1621,SE
1188795.942,X_LEG_2,28.27,19.99,0.33,1,1580,1621,SE
1188795.963,X_LEG_2,28.27,19.99,0.33,1,1580,1621,SE
1188795.983,X_LEG_2,28.27,19.99,0.33,1,1580,1621,SE
1188796.004,X_LEG_2,28.27,19.99,0.33,1,1580,1621,SE
1188796.024,X_LEG_2,28.27,19.99,0.33,1,1580,1621,SE
1188796.044,X_LEG_2,28.23,19.87,0.36,1,1579,1621,SE
1188796.065,X_LEG_2,28.23,19.87,0.36,1,1579,1621,SE
1188796.086,X_LEG_2,28.23,19.87,0.36,1,1579,1621,SE
1188796.108,X_LEG_2,28.23,19.87,0.36,1,1579,1621,SE
1188796.128,X_LEG_2,28.23,19.87,0.36,1,1579,1621,SE
1188796.150,X_LEG_2,28.19,19.76,0.38,1,1579,1621,SE
1188796.171,X_LEG_2,28.19,19.76,0.38,1,1579,1621,SE
1188796.191,X_LEG_2,28.19,19.76,0.38,1,1579,1621,SE
1188796.212,X_LEG_2,28.19,19.76,0.38,1,1579,1621,SE
1188796.233,X_LEG_2,28.19,19.76,0.38,1,1579,1621,SE
1188796.253,X_LEG_2,28.14,19.63,0.41,1,1579,1621,SE
1188796.275,X_LEG_2,28.14,19.63,0.41,1,1579,1621,SE
1188796.296,X_LEG_2,28.14,19.63,0.41,1,1579,1621,SE
1188796.317,X_LEG_2,28.14,19.63,0.41,1,1579,1621,SE
1188796.337,X_LEG_2,28.14,19.63,0.41,1,1579,1621,SE
1188796.357,X_LEG_2,28.14,19.63,0.41,1,1579,1621,SE
1188796.378,X_LEG_2,28.14,19.63,0.41,1,1579,1621,SE
1188796.398,X_LEG_2,28.14,19.63,0.41,1,1579,1621,SE
1188796.420,X_LEG_2,28.14,19.63,0.41,1,1579,1621,SE
1188796.440,X_LEG_2,28.14,19.63,0.41,1,1579,1621,SE
1188796.461,X_LEG_2,28.09,19.51,0.41,1,1578,1621,SE
1188796.481,X_LEG_2,28.09,19.51,0.41,1,1578,1621,SE
1188796.502,X_LEG_2,28.09,19.51,0.41,1,1578,1621,SE
1188796.523,X_LEG_2,28.09,19.51,0.41,1,1578,1621,SE
1188796.544,X_LEG_2,28.09,19.51,0.41,1,1578,1621,SE
1188796.565,X_LEG_2,28.04,19.39,0.45,1,1578,1621,SE
1188796.585,X_LEG_2,28.04,19.39,0.45,1,1578,1621,SE
1188796.607,X_LEG_2,28.04,19.39,0.45,1,1578,1621,SE
1188796.627,X_LEG_2,28.04,19.39,0.45,1,1578,1621,SE
1188796.647,X_LEG_2,28.04,19.39,0.45,1,1578,1621,SE
1188796.671,X_LEG_2,27.99,19.27,0.46,1,1577,1622,SE
1188796.692,X_LEG_2,27.99,19.27,0.46,1,1577,1622,SE
1188796.712,X_LEG_2,27.99,19.27,0.46,1,1577,1622,SE
1188796.734,X_LEG_2,27.99,19.27,0.46,1,1577,1622,SE
1188796.754,X_LEG_2,27.99,19.27,0.46,1,1577,1622,SE
1188796.775,X_LEG_2,27.99,19.27,0.46,1,1577,1622,SE
1188796.796,X_LEG_2,27.99,19.27,0.46,1,1577,1622,SE
1188796.817,X_LEG_2,27.99,19.27,0.46,1,1577,1622,SE
1188796.837,X_LEG_2,27.99,19.27,0.46,1,1577,1622,SE
1188796.858,X_LEG_2,27.99,19.27,0.46,1,1577,1622,SE
1188796.879,X_LEG_2,27.93,19.15,0.49,1,1577,1622,SE
1188796.899,X_LEG_2,27.93,19.15,0.49,1,1577,1622,SE
1188796.920,X_LEG_2,27.93,19.15,0.49,1,1577,1622,SE
1188796.940,X_LEG_2,27.93,19.15,0.49,1,1577,1622,SE
1188796.960,X_LEG_2,27.93,19.15,0.49,1,1577,1622,SE
1188796.982,X_LEG_2,27.88,19.04,0.50,1,1576,1622,SE
1188797.002,X_LEG_2,27.88,19.04,0.50,1,1576,1622,SE
1188797.022,X_LEG_2,27.88,19.04,0.50,1,1576,1622,SE
1188797.043,X_LEG_2,27.88,19.04,0.50,1,1576,1622,SE
1188797.064,X_LEG_2,27.88,19.04,0.50,1,1576,1622,SE
1188797.084,X_LEG_2,27.82,18.92,0.51,1,1576,1621,SE
1188797.105,X_LEG_2,27.82,18.92,0.51,1,1576,1621,SE
1188797.125,X_LEG_2,27.82,18.92,0.51,1,1576,1621,SE
1188797.146,X_LEG_2,27.82,18.92,0.51,1,1576,1621,SE
1188797.168,X_LEG_2,27.82,18.92,0.51,1,1576,1621,SE
1188797.189,X_LEG_2,27.77,18.84,0.54,1,1575,1621,SE
1188797.209,X_LEG_2,27.77,18.84,0.54,1,1575,1621,SE
1188797.229,X_LEG_2,27.77,18.84,0.54,1,1575,1621,SE
1188797.250,X_LEG_2,27.77,18.84,0.54,1,1575,1621,SE
1188797.270,X_LEG_2,27.77,18.84,0.54,1,1575,1621,SE
1188797.291,X_LEG_2,27.77,18.84,0.54,1,1575,1621,SE
1188797.311,X_LEG_2,27.77,18.84,0.54,1,1575,1621,SE
1188797.331,X_LEG_2,27.77,18.84,0.54,1,1575,1621,SE
1188797.351,X_LEG_2,27.77,18.84,0.54,1,1575,1621,SE
1188797.372,X_LEG_2,27.77,18.84,0.54,1,1575,1621,SE
1188797.392,X_LEG_2,27.71,18.73,0.55,1,1575,1621,SE
1188797.413,X_LEG_2,27.71,18.73,0.55,1,1575,1621,SE
1188797.433,X_LEG_2,27.71,18.73,0.55,1,1575,1621,SE
1188797.454,X_LEG_2,27.71,18.73,0.55,1,1575,1621,SE
1188797.474,X_LEG_2,27.71,18.73,0.55,1,1575,1621,SE
1188797.495,X_LEG_2,27.64,18.62,0.59,1,1574,1622,SE
1188797.515,X_LEG_2,27.64,18.62,0.59,1,1574,1622,SE
1188797.536,X_LEG_2,27.64,18.62,0.59,1,1574,1622,SE
1188797.556,X_LEG_2,27.64,18.62,0.59,1,1574,1622,SE
1188797.577,X_LEG_2,27.64,18.62,0.59,1,1574,1622,SE
1188797.597,X_LEG_2,27.57,18.51,0.60,1,1574,1622,SE
1188797.618,X_LEG_2,27.57,18.51,0.60,1,1574,1622,SE
1188797.639,X_LEG_2,27.57,18.51,0.60,1,1574,1622,SE
1188797.659,X_LEG_2,27.57,18.51,0.60,1,1574,1622,SE
1188797.680,X_LEG_2,27.57,18.51,0.60,1,1574,1622,SE
1188797.700,X_LEG_2,27.57,18.51,0.60,1,1574,1622,SE
1188797.721,X_LEG_2,27.57,18.51,0.60,1,1574,1622,SE
1188797.742,X_LEG_2,27.57,18.51,0.60,1,1574,1622,SE
1188797.763,X_LEG_2,27.57,18.51,0.60,1,1574,1622,SE
1188797.790,X_LEG_2,27.57,18.51,0.60,1,1574,1622,SE
1188797.810,X_LEG_2,27.50,18.39,0.61,1,1574,1622,SE
1188797.831,X_LEG_2,27.50,18.39,0.61,1,1574,1622,SE
1188797.852,X_LEG_2,27.50,18.39,0.61,1,1574,1622,SE
1188797.873,X_LEG_2,27.50,18.39,0.61,1,1574,1622,SE
1188797.894,X_LEG_2,27.50,18.39,0.61,1,1574,1622,SE
1188797.922,X_LEG_2,27.43,18.28,0.65,1,1573,1622,SE
1188797.943,X_LEG_2,27.43,18.28,0.65,1,1573,1622,SE
1188797.964,X_LEG_2,27.43,18.28,0.65,1,1573,1622,SE
1188797.987,X_LEG_2,27.43,18.28,0.65,1,1573,1622,SE
1188798.009,X_LEG_2,27.43,18.28,0.65,1,1573,1622,SE
1188798.031,X_LEG_2,27.38,18.21,0.66,1,1573,1622,SE
1188798.054,X_LEG_2,27.38,18.21,0.66,1,1573,1622,SE
1188798.074,X_LEG_2,27.38,18.21,0.66,1,1573,1622,SE
1188798.095,X_LEG_2,27.38,18.21,0.66,1,1573,1622,SE
1188798.116,X_LEG_2,27.38,18.21,0.66,1,1573,1622,SE
1188798.137,X_LEG_2,27.33,18.13,0.68,1,1573,1623,SE
1188798.157,X_LEG_2,27.33,18.13,0.68,1,1573,1623,SE
1188798.182,X_LEG_2,27.33,18.13,0.68,1,1573,1623,SE
1188798.202,X_LEG_2,27.33,18.13,0.68,1,1573,1623,SE
1188798.223,X_LEG_2,27.33,18.13,0.68,1,1573,1623,SE
1188798.244,X_LEG_2,27.27,18.07,0.68,1,1572,1623,SE
1188798.264,X_LEG_2,27.27,18.07,0.68,1,1572,1623,SE
1188798.285,X_LEG_2,27.27,18.07,0.68,1,1572,1623,SE
1188798.305,X_LEG_2,27.27,18.07,0.68,1,1572,1623,SE
1188798.326,X_LEG_2,27.27,18.07,0.68,1,1572,1623,SE
1188798.347,X_LEG_2,27.27,18.07,0.68,1,1572,1623,SE
1188798.367,X_LEG_2,27.27,18.07,0.68,1,1572,1623,SE
1188798.388,X_LEG_2,27.27,18.07,0.68,1,1572,1623,SE
1188798.408,X_LEG_2,27.27,18.07,0.68,1,1572,1623,SE
1188798.429,X_LEG_2,27.27,18.07,0.68,1,1572,1623,SE
1188798.449,X_LEG_2,27.19,17.95,0.70,1,1572,1622,SE
1188798.470,X_LEG_2,27.19,17.95,0.70,1,1572,1622,SE
1188798.491,X_LEG_2,27.19,17.95,0.70,1,1572,1622,SE
1188798.511,X_LEG_2,27.19,17.95,0.70,1,1572,1622,SE
1188798.531,X_LEG_2,27.19,17.95,0.70,1,1572,1622,SE
1188798.553,X_LEG_2,27.11,17.85,0.72,1,1571,1622,SE
1188798.574,X_LEG_2,27.11,17.85,0.72,1,1571,1622,SE
1188798.595,X_LEG_2,27.11,17.85,0.72,1,1571,1622,SE
1188798.616,X_LEG_2,27.11,17.85,0.72,1,1571,1622,SE
1188798.637,X_LEG_2,27.11,17.85,0.72,1,1571,1622,SE
1188798.658,X_LEG_2,27.11,17.85,0.72,1,1571,1622,SE
1188798.678,X_LEG_2,27.11,17.85,0.72,1,1571,1622,SE
1188798.699,X_LEG_2,27.11,17.85,0.72,1,1571,1622,SE
1188798.719,X_LEG_2,27.11,17.85,0.72,1,1571,1622,SE
1188798.739,X_LEG_2,27.11,17.85,0.72,1,1571,1622,SE
1188798.760,X_LEG_2,27.02,17.74,0.76,1,1571,1622,SE
1188798.780,X_LEG_2,27.02,17.74,0.76,1,1571,1622,SE
1188798.801,X_LEG_2,27.02,17.74,0.76,1,1571,1622,SE
1188798.821,X_LEG_2,27.02,17.74,0.76,1,1571,1622,SE
1188798.842,X_LEG_2,27.02,17.74,0.76,1,1571,1622,SE
1188798.865,X_LEG_2,26.93,17.64,0.78,1,1571,1623,SE
1188798.885,X_LEG_2,26.93,17.64,0.78,1,1571,1623,SE
1188798.906,X_LEG_2,26.93,17.64,0.78,1,1571,1623,SE
1188798.927,X_LEG_2,26.93,17.64,0.78,1,1571,1623,SE
1188798.948,X_LEG_2,26.93,17.64,0.78,1,1571,1623,SE
1188798.970,X_LEG_2,26.87,17.57,0.78,1,1570,1623,SE
1188798.990,X_LEG_2,26.87,17.57,0.78,1,1570,1623,SE
1188799.011,X_LEG_2,26.87,17.57,0.78,1,1570,1623,SE
1188799.035,X_LEG_2,26.87,17.57,0.78,1,1570,1623,SE
1188799.055,X_LEG_2,26.87,17.57,0.78,1,1570,1623,SE
1188799.076,X_LEG_2,26.78,17.46,0.79,1,1570,1623,SE
1188799.097,X_LEG_2,26.78,17.46,0.79,1,1570,1623,SE
1188799.118,X_LEG_2,26.78,17.46,0.79,1,1570,1623,SE
1188799.138,X_LEG_2,26.78,17.46,0.79,1,1570,1623,SE
1188799.158,X_LEG_2,26.78,17.46,0.79,1,1570,1623,SE
1188799.179,X_LEG_2,26.72,17.39,0.83,1,1570,1623,SE
1188799.203,X_LEG_2,26.72,17.39,0.83,1,1570,1623,SE
1188799.221,X_LEG_2,26.72,17.39,0.83,1,1570,1623,SE
1188799.242,X_LEG_2,26.72,17.39,0.83,1,1570,1623,SE
1188799.264,X_LEG_2,26.72,17.39,0.83,1,1570,1623,SE
1188799.287,X_LEG_2,26.65,17.32,0.83,1,1569,1624,SE
1188799.305,X_LEG_2,26.65,17.32,0.83,1,1569,1624,SE
1188799.326,X_LEG_2,26.65,17.32,0.83,1,1569,1624,SE
1188799.346,X_LEG_2,26.65,17.32,0.83,1,1569,1624,SE
1188799.367,X_LEG_2,26.65,17.32,0.83,1,1569,1624,SE
1188799.388,X_LEG_2,26.59,17.26,0.83,1,1569,1624,SE
1188799.409,X_LEG_2,26.59,17.26,0.83,1,1569,1624,SE
1188799.429,X_LEG_2,26.59,17.26,0.83,1,1569,1624,SE
1188799.450,X_LEG_2,26.59,17.26,0.83,1,1569,1624,SE
1188799.471,X_LEG_2,26.59,17.26,0.83,1,1569,1624,SE
1188799.491,X_LEG_2,26.59,17.26,0.83,1,1569,1624,SE
1188799.515,X_LEG_2,26.59,17.26,0.83,1,1569,1624,SE
1188799.534,X_LEG_2,26.59,17.26,0.83,1,1569,1624,SE
1188799.554,X_LEG_2,26.59,17.26,0.83,1,1569,1624,SE
1188799.578,X_LEG_2,26.59,17.26,0.83,1,1569,1624,SE
1188799.599,X_LEG_2,26.49,17.15,0.88,1,1569,1624,SE
1188799.619,X_LEG_2,26.49,17.15,0.88,1,1569,1624,SE
1188799.640,X_LEG_2,26.49,17.15,0.88,1,1569,1624,SE
1188799.660,X_LEG_2,26.49,17.15,0.88,1,1569,1624,SE
1188799.681,X_LEG_2,26.49,17.15,0.88,1,1569,1624,SE
1188799.702,X_LEG_2,26.39,17.05,0.90,1,1568,1624,SE
1188799.723,X_LEG_2,26.39,17.05,0.90,1,1568,1624,SE
1188799.743,X_LEG_2,26.39,17.05,0.90,1,1568,1624,SE
1188799.764,X_LEG_2,26.39,17.05,0.90,1,1568,1624,SE
1188799.784,X_LEG_2,26.39,17.05,0.90,1,1568,1624,SE
1188799.805,X_LEG_2,26.29,16.95,0.92,1,1568,1624,SE
1188799.825,X_LEG_2,26.29,16.95,0.92,1,1568,1624,SE
1188799.845,X_LEG_2,26.29,16.95,0.92,1,1568,1624,SE
1188799.866,X_LEG_2,26.29,16.95,0.92,1,1568,1624,SE
1188799.887,X_LEG_2,26.29,16.95,0.92,1,1568,1624,SE
1188799.907,X_LEG_2,26.29,16.95,0.92,1,1568,1624,SE
1188799.927,X_LEG_2,26.29,16.95,0.92,1,1568,1624,SE
1188799.948,X_LEG_2,26.29,16.95,0.92,1,1568,1624,SE
1188799.969,X_LEG_2,26.29,16.95,0.92,1,1568,1624,SE
1188799.989,X_LEG_2,26.29,16.95,0.92,1,1568,1624,SE
1188800.010,X_LEG_2,26.18,16.86,0.94,1,1567,1624,SE
1188800.030,X_LEG_2,26.18,16.86,0.94,1,1567,1624,SE
1188800.051,X_LEG_2,26.18,16.86,0.94,1,1567,1624,SE
1188800.073,X_LEG_2,26.18,16.86,0.94,1,1567,1624,SE
1188800.093,X_LEG_2,26.18,16.86,0.94,1,1567,1624,SE
1188800.114,X_LEG_2,26.07,16.76,0.96,1,1567,1624,SE
1188800.137,X_LEG_2,26.07,16.76,0.96,1,1567,1624,SE
1188800.157,X_LEG_2,26.07,16.76,0.96,1,1567,1624,SE
1188800.178,X_LEG_2,26.07,16.76,0.96,1,1567,1624,SE
1188800.204,X_LEG_2,26.07,16.76,0.96,1,1567,1624,SE
1188800.227,X_LEG_2,26.07,16.76,0.96,1,1567,1624,SE
1188800.245,X_LEG_2,26.07,16.76,0.96,1,1567,1624,SE
1188800.265,X_LEG_2,26.07,16.76,0.96,1,1567,1624,SE
1188800.285,X_LEG_2,26.07,16.76,0.96,1,1567,1624,SE
1188800.306,X_LEG_2,26.07,16.76,0.96,1,1567,1624,SE
1188800.327,X_LEG_2,26.00,16.69,0.97,1,1567,1624,SE
1188800.347,X_LEG_2,26.00,16.69,0.97,1,1567,1624,SE
1188800.373,X_LEG_2,26.00,16.69,0.97,1,1567,1624,SE
1188800.397,X_LEG_2,26.00,16.69,0.97,1,1567,1624,SE
1188800.420,X_LEG_2,26.00,16.69,0.97,1,1567,1624,SE
1188800.442,X_LEG_2,25.93,16.63,0.97,1,1567,1625,SE
1188800.463,X_LEG_2,25.93,16.63,0.97,1,1567,1625,SE
1188800.483,X_LEG_2,25.93,16.63,0.97,1,1567,1625,SE
1188800.504,X_LEG_2,25.93,16.63,0.97,1,1567,1625,SE
1188800.524,X_LEG_2,25.93,16.63,0.97,1,1567,1625,SE
1188800.544,X_LEG_2,25.93,16.63,0.97,1,1567,1625,SE
1188800.565,X_LEG_2,25.93,16.63,0.97,1,1567,1625,SE
1188800.585,X_LEG_2,25.93,16.63,0.97,1,1567,1625,SE
1188800.606,X_LEG_2,25.93,16.63,0.97,1,1567,1625,SE
1188800.626,X_LEG_2,25.93,16.63,0.97,1,1567,1625,SE
1188800.647,X_LEG_2,25.85,16.57,0.98,1,1566,1625,SE
1188800.667,X_LEG_2,25.85,16.57,0.98,1,1566,1625,SE
1188800.688,X_LEG_2,25.85,16.57,0.98,1,1566,1625,SE
1188800.709,X_LEG_2,25.85,16.57,0.98,1,1566,1625,SE
1188800.729,X_LEG_2,25.85,16.57,0.98,1,1566,1625,SE
1188800.751,X_LEG_2,25.77,16.50,1.02,1,1566,1625,SE
1188800.772,X_LEG_2,25.77,16.50,1.02,1,1566,1625,SE
1188800.792,X_LEG_2,25.77,16.50,1.02,1,1566,1625,SE
1188800.814,X_LEG_2,25.77,16.50,1.02,1,1566,1625,SE
1188800.838,X_LEG_2,25.77,16.50,1.02,1,1566,1625,SE
1188800.858,X_LEG_2,25.70,16.43,1.02,1,1566,1625,SE
1188800.880,X_LEG_2,25.70,16.43,1.02,1,1566,1625,SE
1188800.901,X_LEG_2,25.70,16.43,1.02,1,1566,1625,SE
1188800.921,X_LEG_2,25.70,16.43,1.02,1,1566,1625,SE
1188800.942,X_LEG_2,25.70,16.43,1.02,1,1566,1625,SE
1188800.962,X_LEG_2,25.62,16.38,1.03,1,1566,1626,SE
1188800.983,X_LEG_2,25.62,16.38,1.03,1,1566,1626,SE
1188801.008,X_LEG_2,25.62,16.38,1.03,1,1566,1626,SE
1188801.028,X_LEG_2,25.62,16.38,1.03,1,1566,1626,SE
1188801.049,X_LEG_2,25.62,16.38,1.03,1,1566,1626,SE
1188801.070,X_LEG_2,25.54,16.31,1.06,1,1565,1626,SE
1188801.090,X_LEG_2,25.54,16.31,1.06,1,1565,1626,SE
1188801.111,X_LEG_2,25.54,16.31,1.06,1,1565,1626,SE
1188801.132,X_LEG_2,25.54,16.31,1.06,1,1565,1626,SE
1188801.153,X_LEG_2,25.54,16.31,1.06,1,1565,1626,SE
1188801.174,X_LEG_2,25.46,16.25,1.07,1,1565,1626,SE
1188801.194,X_LEG_2,25.46,16.25,1.07,1,1565,1626,SE
1188801.215,X_LEG_2,25.46,16.25,1.07,1,1565,1626,SE
1188801.235,X_LEG_2,25.46,16.25,1.07,1,1565,1626,SE
1188801.256,X_LEG_2,25.46,16.25,1.07,1,1565,1626,SE
1188801.277,X_LEG_2,25.38,16.19,1.08,1,1565,1626,SE
1188801.299,X_LEG_2,25.38,16.19,1.08,1,1565,1626,SE
1188801.318,X_LEG_2,25.38,16.19,1.08,1,1565,1626,SE
1188801.338,X_LEG_2,25.38,16.19,1.08,1,1565,1626,SE
1188801.359,X_LEG_2,25.38,16.19,1.08,1,1565,1626,SE
1188801.380,X_LEG_2,25.29,16.13,1.09,1,1565,1627,SE
1188801.400,X_LEG_2,25.29,16.13,1.09,1,1565,1627,SE
1188801.421,X_LEG_2,25.29,16.13,1.09,1,1565,1627,SE
1188801.443,X_LEG_2,25.29,16.13,1.09,1,1565,1627,SE
1188801.463,X_LEG_2,25.29,16.13,1.09,1,1565,1627,SE
1188801.484,X_LEG_2,25.21,16.06,1.12,1,1564,1627,SE
1188801.504,X_LEG_2,25.21,16.06,1.12,1,1564,1627,SE
1188801.525,X_LEG_2,25.21,16.06,1.12,1,1564,1627,SE
1188801.545,X_LEG_2,25.21,16.06,1.12,1,1564,1627,SE
1188801.567,X_LEG_2,25.21,16.06,1.12,1,1564,1627,SE
1188801.587,X_LEG_2,25.09,15.97,1.12,1,1564,1626,SE
1188801.608,X_LEG_2,25.09,15.97,1.12,1,1564,1626,SE
1188801.628,X_LEG_2,25.09,15.97,1.12,1,1564,1626,SE
1188801.649,X_LEG_2,25.09,15.97,1.12,1,1564,1626,SE
1188801.669,X_LEG_2,25.09,15.97,1.12,1,1564,1626,SE
1188801.691,X_LEG_2,25.09,15.97,1.12,1,1564,1626,SE
1188801.712,X_LEG_2,25.09,15.97,1.12,1,1564,1626,SE
1188801.733,X_LEG_2,25.09,15.97,1.12,1,1564,1626,SE
1188801.754,X_LEG_2,25.09,15.97,1.12,1,1564,1626,SE
1188801.775,X_LEG_2,25.09,15.97,1.12,1,1564,1626,SE
1188801.795,X_LEG_2,24.96,15.88,1.14,1,1564,1627,SE
1188801.815,X_LEG_2,24.96,15.88,1.14,1,1564,1627,SE
1188801.836,X_LEG_2,24.96,15.88,1.14,1,1564,1627,SE
1188801.856,X_LEG_2,24.96,15.88,1.14,1,1564,1627,SE
1188801.882,X_LEG_2,24.96,15.88,1.14,1,1564,1627,SE
1188801.902,X_LEG_2,24.83,15.79,1.17,1,1563,1627,SE
1188801.925,X_LEG_2,24.83,15.79,1.17,1,1563,1627,SE
1188801.945,X_LEG_2,24.83,15.79,1.17,1,1563,1627,SE
1188801.966,X_LEG_2,24.83,15.79,1.17,1,1563,1627,SE
1188801.987,X_LEG_2,24.83,15.79,1.17,1,1563,1627,SE
1188802.007,X_LEG_2,24.74,15.74,0.18,1,1563,1627,SE
1188802.029,X_LEG_2,24.74,15.74,0.18,1,1563,1627,SE
1188802.049,X_LEG_2,24.74,15.74,0.18,1,1563,1627,SE
1188802.069,X_LEG_2,24.74,15.74,0.18,1,1563,1627,SE
1188802.090,X_LEG_2,24.74,15.74,0.18,1,1563,1627,SE
1188802.113,X_LEG_2,24.74,15.74,0.18,1,1563,1627,SE
1188802.134,X_LEG_2,24.74,15.74,0.18,1,1563,1627,SE
1188802.154,X_LEG_2,24.74,15.74,0.18,1,1563,1627,SE
1188802.175,X_LEG_2,24.74,15.74,0.18,1,1563,1627,SE
1188802.195,X_LEG_2,24.74,15.74,0.18,1,1563,1627,SE
1188802.216,X_LEG_2,24.65,15.68,0.19,1,1563,1628,SE
1188802.241,X_LEG_2,24.65,15.68,0.19,1,1563,1628,SE
1188802.262,X_LEG_2,24.65,15.68,0.19,1,1563,1628,SE
1188802.282,X_LEG_2,24.65,15.68,0.19,1,1563,1628,SE
1188802.303,X_LEG_2,24.65,15.68,0.19,1,1563,1628,SE
1188802.323,X_LEG_2,24.51,15.59,0.22,1,1562,1628,SE
1188802.343,X_LEG_2,24.51,15.59,0.22,1,1562,1628,SE
1188802.364,X_LEG_2,24.51,15.59,0.22,1,1562,1628,SE
1188802.384,X_LEG_2,24.51,15.59,0.22,1,1562,1628,SE
1188802.405,X_LEG_2,24.51,15.59,0.22,1,1562,1628,SE
1188802.425,X_LEG_2,24.51,15.59,0.22,1,1562,1628,SE
1188802.446,X_LEG_2,24.51,15.59,0.22,1,1562,1628,SE
1188802.466,X_LEG_2,24.51,15.59,0.22,1,1562,1628,SE
1188802.490,X_LEG_2,24.51,15.59,0.22,1,1562,1628,SE
1188802.510,X_LEG_2,24.51,15.59,0.22,1,1562,1628,SE
1188802.531,X_LEG_2,24.51,15.59,0.22,1,1562,1628,SE
1188802.551,X_LEG_2,24.51,15.59,0.22,1,1562,1628,SE
1188802.572,X_LEG_2,24.51,15.59,0.22,1,1562,1628,SE
1188802.593,X_LEG_2,24.51,15.59,0.22,1,1562,1628,SE
1188802.613,X_LEG_2,24.51,15.59,0.22,1,1562,1628,SE
1188802.633,X_LEG_2,24.28,15.44,0.26,1,1562,1629,SE
1188802.654,X_LEG_2,24.28,15.44,0.26,1,1562,1629,SE
1188802.674,X_LEG_2,24.28,15.44,0.26,1,1562,1629,SE
1188802.695,X_LEG_2,24.28,15.44,0.26,1,1562,1629,SE
1188802.715,X_LEG_2,24.28,15.44,0.26,1,1562,1629,SE
1188802.735,X_LEG_2,24.19,15.39,0.27,1,1562,1629,SE
1188802.755,X_LEG_2,24.19,15.39,0.27,1,1562,1629,SE
1188802.776,X_LEG_2,24.19,15.39,0.27,1,1562,1629,SE
1188802.798,X_LEG_2,24.19,15.39,0.27,1,1562,1629,SE
1188802.818,X_LEG_2,24.19,15.39,0.27,1,1562,1629,SE
1188802.839,X_LEG_2,24.05,15.30,0.30,1,1561,1629,SE
1188802.859,X_LEG_2,24.05,15.30,0.30,1,1561,1629,SE
1188802.882,X_LEG_2,24.05,15.30,0.30,1,1561,1629,SE
1188802.902,X_LEG_2,24.05,15.30,0.30,1,1561,1629,SE
1188802.924,X_LEG_2,24.05,15.30,0.30,1,1561,1629,SE
1188802.944,X_LEG_2,23.90,15.22,0.33,1,1561,1630,SE
1188802.965,X_LEG_2,23.90,15.22,0.33,1,1561,1630,SE
1188802.985,X_LEG_2,23.90,15.22,0.33,1,1561,1630,SE
1188803.005,X_LEG_2,23.90,15.22,0.33,1,1561,1630,SE
1188803.026,X_LEG_2,23.90,15.22,0.33,1,1561,1630,SE
1188803.046,X_LEG_2,23.80,15.16,0.34,1,1561,1630,SE
1188803.067,X_LEG_2,23.80,15.16,0.34,1,1561,1630,SE
1188803.087,X_LEG_2,23.80,15.16,0.34,1,1561,1630,SE
1188803.110,X_LEG_2,23.80,15.16,0.34,1,1561,1630,SE
1188803.131,X_LEG_2,23.80,15.16,0.34,1,1561,1630,SE
1188803.152,X_LEG_2,23.80,15.16,0.34,1,1561,1630,SE
1188803.176,X_LEG_2,23.80,15.16,0.34,1,1561,1630,SE
1188803.196,X_LEG_2,23.80,15.16,0.34,1,1561,1630,SE
1188803.216,X_LEG_2,23.80,15.16,0.34,1,1561,1630,SE
1188803.237,X_LEG_2,23.80,15.16,0.34,1,1561,1630,SE
1188803.257,X_LEG_2,23.66,15.07,0.37,1,1560,1631,SE
1188803.278,X_LEG_2,23.66,15.07,0.37,1,1560,1631,SE
1188803.300,X_LEG_2,23.66,15.07,0.37,1,1560,1631,SE
1188803.320,X_LEG_2,23.66,15.07,0.37,1,1560,1631,SE
1188803.341,X_LEG_2,23.66,15.07,0.37,1,1560,1631,SE
1188803.361,X_LEG_2,23.51,14.99,0.37,1,1560,1630,SE
1188803.382,X_LEG_2,23.51,14.99,0.37,1,1560,1630,SE
1188803.402,X_LEG_2,23.51,14.99,0.37,1,1560,1630,SE
1188803.422,X_LEG_2,23.51,14.99,0.37,1,1560,1630,SE
1188803.444,X_LEG_2,23.51,14.99,0.37,1,1560,1630,SE
1188803.464,X_LEG_2,23.36,14.91,0.41,1,1560,1630,SE
1188803.485,X_LEG_2,23.36,14.91,0.41,1,1560,1630,SE
1188803.505,X_LEG_2,23.36,14.91,0.41,1,1560,1630,SE
1188803.526,X_LEG_2,23.36,14.91,0.41,1,1560,1630,SE
1188803.547,X_LEG_2,23.36,14.91,0.41,1,1560,1630,SE
1188803.567,X_LEG_2,23.36,14.91,0.41,1,1560,1630,SE
1188803.587,X_LEG_2,23.36,14.91,0.41,1,1560,1630,SE
1188803.607,X_LEG_2,23.36,14.91,0.41,1,1560,1630,SE
1188803.628,X_LEG_2,23.36,14.91,0.41,1,1560,1630,SE
1188803.648,X_LEG_2,23.36,14.91,0.41,1,1560,1630,SE
1188803.669,X_LEG_2,23.20,14.84,0.41,1,1559,1631,SE
1188803.691,X_LEG_2,23.20,14.84,0.41,1,1559,1631,SE
1188803.711,X_LEG_2,23.20,14.84,0.41,1,1559,1631,SE
1188803.732,X_LEG_2,23.20,14.84,0.41,1,1559,1631,SE
1188803.753,X_LEG_2,23.20,14.84,0.41,1,1559,1631,SE
1188803.773,X_LEG_2,23.05,14.75,0.44,1,1559,1631,SE
1188803.794,X_LEG_2,23.05,14.75,0.44,1,1559,1631,SE
1188803.814,X_LEG_2,23.05,14.75,0.44,1,1559,1631,SE
1188803.837,X_LEG_2,23.05,14.75,0.44,1,1559,1631,SE
1188803.857,X_LEG_2,23.05,14.75,0.44,1,1559,1631,SE
1188803.877,X_LEG_2,22.89,14.67,0.48,1,1559,1632,SE
1188803.898,X_LEG_2,22.89,14.67,0.48,1,1559,1632,SE
1188803.918,X_LEG_2,22.89,14.67,0.48,1,1559,1632,SE
1188803.939,X_LEG_2,22.89,14.67,0.48,1,1559,1632,SE
1188803.959,X_LEG_2,22.89,14.67,0.48,1,1559,1632,SE
1188803.984,X_LEG_2,22.89,14.67,0.48,1,1559,1632,SE
1188804.004,X_LEG_2,22.89,14.67,0.48,1,1559,1632,SE
1188804.028,X_LEG_2,22.89,14.67,0.48,1,1559,1632,SE
1188804.050,X_LEG_2,22.89,14.67,0.48,1,1559,1632,SE
1188804.071,X_LEG_2,22.89,14.67,0.48,1,1559,1632,SE
1188804.098,X_LEG_2,22.78,14.62,0.49,1,1558,1632,SE
1188804.118,X_LEG_2,22.78,14.62,0.49,1,1558,1632,SE
1188804.139,X_LEG_2,22.78,14.62,0.49,1,1558,1632,SE
1188804.159,X_LEG_2,22.78,14.62,0.49,1,1558,1632,SE
1188804.181,X_LEG_2,22.78,14.62,0.49,1,1558,1632,SE
1188804.203,X_LEG_2,22.68,14.57,0.50,1,1558,1632,SE
1188804.223,X_LEG_2,22.68,14.57,0.50,1,1558,1632,SE
1188804.244,X_LEG_2,22.68,14.57,0.50,1,1558,1632,SE
1188804.265,X_LEG_2,22.68,14.57,0.50,1,1558,1632,SE
1188804.285,X_LEG_2,22.68,14.57,0.50,1,1558,1632,SE
1188804.306,X_LEG_2,22.57,14.51,0.52,1,1558,1633,SE
1188804.326,X_LEG_2,22.57,14.51,0.52,1,1558,1633,SE
1188804.347,X_LEG_2,22.57,14.51,0.52,1,1558,1633,SE
1188804.368,X_LEG_2,22.57,14.51,0.52,1,1558,1633,SE
1188804.389,X_LEG_2,22.57,14.51,0.52,1,1558,1633,SE
1188804.409,X_LEG_2,22.46,14.47,0.53,1,1558,1633,SE
1188804.430,X_LEG_2,22.46,14.47,0.53,1,1558,1633,SE
1188804.450,X_LEG_2,22.46,14.47,0.53,1,1558,1633,SE
1188804.472,X_LEG_2,22.46,14.47,0.53,1,1558,1633,SE
1188804.492,X_LEG_2,22.46,14.47,0.53,1,1558,1633,SE
1188804.513,X_LEG_2,22.46,14.47,0.53,1,1558,1633,SE
1188804.534,X_LEG_2,22.46,14.47,0.53,1,1558,1633,SE
1188804.554,X_LEG_2,22.46,14.47,0.53,1,1558,1633,SE
1188804.575,X_LEG_2,22.46,14.47,0.53,1,1558,1633,SE
1188804.595,X_LEG_2,22.46,14.47,0.53,1,1558,1633,SE
1188804.615,X_LEG_2,22.35,14.41,0.54,1,1558,1633,SE
1188804.636,X_LEG_2,22.35,14.41,0.54,1,1558,1633,SE
1188804.657,X_LEG_2,22.35,14.41,0.54,1,1558,1633,SE
1188804.677,X_LEG_2,22.35,14.41,0.54,1,1558,1633,SE
1188804.698,X_LEG_2,22.35,14.41,0.54,1,1558,1633,SE
1188804.718,X_LEG_2,22.24,14.35,0.56,1,1557,1634,SE
1188804.739,X_LEG_2,22.24,14.35,0.56,1,1557,1634,SE
1188804.759,X_LEG_2,22.24,14.35,0.56,1,1557,1634,SE
1188804.780,X_LEG_2,22.24,14.35,0.56,1,1557,1634,SE
1188804.801,X_LEG_2,22.24,14.35,0.56,1,1557,1634,SE
1188804.821,X_LEG_2,22.08,14.29,0.56,1,1557,1634,SE
1188804.842,X_LEG_2,22.08,14.29,0.56,1,1557,1634,SE
1188804.862,X_LEG_2,22.08,14.29,0.56,1,1557,1634,SE
1188804.882,X_LEG_2,22.08,14.29,0.56,1,1557,1634,SE
1188804.903,X_LEG_2,22.08,14.29,0.56,1,1557,1634,SE
1188804.923,X_LEG_2,22.08,14.29,0.56,1,1557,1634,SE
1188804.943,X_LEG_2,22.08,14.29,0.56,1,1557,1634,SE
1188804.964,X_LEG_2,22.08,14.29,0.56,1,1557,1634,SE
1188804.984,X_LEG_2,22.08,14.29,0.56,1,1557,1634,SE
1188805.006,X_LEG_2,22.08,14.29,0.56,1,1557,1634,SE
1188805.026,X_LEG_2,21.91,14.21,0.60,1,1557,1635,SE
1188805.047,X_LEG_2,21.91,14.21,0.60,1,1557,1635,SE
1188805.068,X_LEG_2,21.91,14.21,0.60,1,1557,1635,SE
1188805.088,X_LEG_2,21.91,14.21,0.60,1,1557,1635,SE
1188805.109,X_LEG_2,21.91,14.21,0.60,1,1557,1635,SE
1188805.130,X_LEG_2,21.74,14.13,0.60,1,1557,1635,SE
1188805.150,X_LEG_2,21.74,14.13,0.60,1,1557,1635,SE
1188805.171,X_LEG_2,21.74,14.13,0.60,1,1557,1635,SE
1188805.191,X_LEG_2,21.74,14.13,0.60,1,1557,1635,SE
1188805.212,X_LEG_2,21.74,14.13,0.60,1,1557,1635,SE
1188805.232,X_LEG_2,21.74,14.13,0.60,1,1557,1635,SE
1188805.253,X_LEG_2,21.74,14.13,0.60,1,1557,1635,SE
1188805.274,X_LEG_2,21.74,14.13,0.60,1,1557,1635,SE
1188805.294,X_LEG_2,21.74,14.13,0.60,1,1557,1635,SE
1188805.315,X_LEG_2,21.74,14.13,0.60,1,1557,1635,SE
1188805.335,X_LEG_2,21.57,14.06,0.65,1,1556,1636,SE
1188805.355,X_LEG_2,21.57,14.06,0.65,1,1556,1636,SE
1188805.377,X_LEG_2,21.57,14.06,0.65,1,1556,1636,SE
1188805.397,X_LEG_2,21.57,14.06,0.65,1,1556,1636,SE
1188805.418,X_LEG_2,21.57,14.06,0.65,1,1556,1636,SE
1188805.440,X_LEG_2,21.45,14.00,0.66,1,1556,1636,SE
1188805.460,X_LEG_2,21.45,14.00,0.66,1,1556,1636,SE
1188805.480,X_LEG_2,21.45,14.00,0.66,1,1556,1636,SE
1188805.501,X_LEG_2,21.45,14.00,0.66,1,1556,1636,SE
1188805.521,X_LEG_2,21.45,14.00,0.66,1,1556,1636,SE
1188805.542,X_LEG_2,21.28,13.94,0.67,1,1556,1636,SE
1188805.568,X_LEG_2,21.28,13.94,0.67,1,1556,1636,SE
1188805.589,X_LEG_2,21.28,13.94,0.67,1,1556,1636,SE
1188805.613,X_LEG_2,21.28,13.94,0.67,1,1556,1636,SE
1188805.632,X_LEG_2,21.28,13.94,0.67,1,1556,1636,SE
1188805.653,X_LEG_2,21.10,13.86,0.71,1,1555,1636,SE
1188805.673,X_LEG_2,21.10,13.86,0.71,1,1555,1636,SE
1188805.694,X_LEG_2,21.10,13.86,0.71,1,1555,1636,SE
1188805.714,X_LEG_2,21.10,13.86,0.71,1,1555,1636,SE
1188805.735,X_LEG_2,21.10,13.86,0.71,1,1555,1636,SE
1188805.756,X_LEG_2,21.10,13.86,0.71,1,1555,1636,SE
1188805.777,X_LEG_2,21.10,13.86,0.71,1,1555,1636,SE
1188805.800,X_LEG_2,21.10,13.86,0.71,1,1555,1636,SE
1188805.821,X_LEG_2,21.10,13.86,0.71,1,1555,1636,SE
1188805.841,X_LEG_2,21.10,13.86,0.71,1,1555,1636,SE
1188805.862,X_LEG_2,20.93,13.79,0.72,1,1555,1637,SE
1188805.882,X_LEG_2,20.93,13.79,0.72,1,1555,1637,SE
1188805.903,X_LEG_2,20.93,13.79,0.72,1,1555,1637,SE
1188805.923,X_LEG_2,20.93,13.79,0.72,1,1555,1637,SE
1188805.944,X_LEG_2,20.93,13.79,0.72,1,1555,1637,SE
1188805.964,X_LEG_2,20.75,13.71,0.76,1,1555,1637,SE
1188805.985,X_LEG_2,20.75,13.71,0.76,1,1555,1637,SE
1188806.005,X_LEG_2,20.75,13.71,0.76,1,1555,1637,SE
1188806.026,X_LEG_2,20.75,13.71,0.76,1,1555,1637,SE
1188806.046,X_LEG_2,20.75,13.71,0.76,1,1555,1637,SE
1188806.067,X_LEG_2,20.57,13.64,0.76,1,1555,1638,SE
1188806.087,X_LEG_2,20.57,13.64,0.76,1,1555,1638,SE
1188806.107,X_LEG_2,20.57,13.64,0.76,1,1555,1638,SE
1188806.128,X_LEG_2,20.57,13.64,0.76,1,1555,1638,SE
1188806.148,X_LEG_2,20.57,13.64,0.76,1,1555,1638,SE
1188806.169,X_LEG_2,20.57,13.64,0.76,1,1555,1638,SE
1188806.191,X_LEG_2,20.57,13.64,0.76,1,1555,1638,SE
1188806.211,X_LEG_2,20.57,13.64,0.76,1,1555,1638,SE
1188806.232,X_LEG_2,20.57,13.64,0.76,1,1555,1638,SE
1188806.252,X_LEG_2,20.57,13.64,0.76,1,1555,1638,SE
1188806.272,X_LEG_2,20.39,13.58,0.81,1,1554,1638,SE
1188806.297,X_LEG_2,20.39,13.58,0.81,1,1554,1638,SE
1188806.318,X_LEG_2,20.39,13.58,0.81,1,1554,1638,SE
1188806.338,X_LEG_2,20.39,13.58,0.81,1,1554,1638,SE
1188806.360,X_LEG_2,20.39,13.58,0.81,1,1554,1638,SE
1188806.381,X_LEG_2,20.20,13.50,0.81,1,1554,1639,SE
1188806.404,X_LEG_2,20.20,13.50,0.81,1,1554,1639,SE
1188806.425,X_LEG_2,20.20,13.50,0.81,1,1554,1639,SE
1188806.445,X_LEG_2,20.20,13.50,0.81,1,1554,1639,SE
1188806.466,X_LEG_2,20.20,13.50,0.81,1,1554,1639,SE
1188806.486,X_LEG_2,20.02,13.43,0.82,1,1554,1639,SE
1188806.507,X_LEG_2,20.02,13.43,0.82,1,1554,1639,SE
1188806.527,X_LEG_2,20.02,13.43,0.82,1,1554,1639,SE
1188806.547,X_LEG_2,20.02,13.43,0.82,1,1554,1639,SE
1188806.568,X_LEG_2,20.02,13.43,0.82,1,1554,1639,SE
1188806.590,X_LEG_2,19.90,13.39,0.84,1,1554,1640,SE
1188806.610,X_LEG_2,19.90,13.39,0.84,1,1554,1640,SE
1188806.631,X_LEG_2,19.90,13.39,0.84,1,1554,1640,SE
1188806.651,X_LEG_2,19.90,13.39,0.84,1,1554,1640,SE
1188806.672,X_LEG_2,19.90,13.39,0.84,1,1554,1640,SE
1188806.692,X_LEG_2,19.90,13.39,0.84,1,1554,1640,SE
1188806.714,X_LEG_2,19.90,13.39,0.84,1,1554,1640,SE
1188806.734,X_LEG_2,19.90,13.39,0.84,1,1554,1640,SE
1188806.754,X_LEG_2,19.90,13.39,0.84,1,1554,1640,SE
1188806.775,X_LEG_2,19.90,13.39,0.84,1,1554,1640,SE
1188806.795,X_LEG_2,19.71,13.32,0.89,1,1553,1640,SE
1188806.815,X_LEG_2,19.71,13.32,0.89,1,1553,1640,SE
1188806.837,X_LEG_2,19.71,13.32,0.89,1,1553,1640,SE
1188806.857,X_LEG_2,19.71,13.32,0.89,1,1553,1640,SE
1188806.878,X_LEG_2,19.71,13.32,0.89,1,1553,1640,SE
1188806.901,X_LEG_2,19.52,13.25,0.90,1,1553,1641,SE
1188806.922,X_LEG_2,19.52,13.25,0.90,1,1553,1641,SE
1188806.942,X_LEG_2,19.52,13.25,0.90,1,1553,1641,SE
1188806.963,X_LEG_2,19.52,13.25,0.90,1,1553,1641,SE
1188806.983,X_LEG_2,19.52,13.25,0.90,1,1553,1641,SE
1188807.003,X_LEG_2,19.52,13.25,0.90,1,1553,1641,SE
1188807.025,X_LEG_2,19.52,13.25,0.90,1,1553,1641,SE
1188807.046,X_LEG_2,19.52,13.25,0.90,1,1553,1641,SE
1188807.066,X_LEG_2,19.52,13.25,0.90,1,1553,1641,SE
1188807.088,X_LEG_2,19.52,13.25,0.90,1,1553,1641,SE
1188807.109,X_LEG_2,19.33,13.18,0.91,1,1553,1642,SE
1188807.129,X_LEG_2,19.33,13.18,0.91,1,1553,1642,SE
1188807.150,X_LEG_2,19.33,13.18,0.91,1,1553,1642,SE
1188807.171,X_LEG_2,19.33,13.18,0.91,1,1553,1642,SE
1188807.191,X_LEG_2,19.33,13.18,0.91,1,1553,1642,SE
1188807.215,X_LEG_2,19.21,13.14,0.93,1,1553,1642,SE
1188807.235,X_LEG_2,19.21,13.14,0.93,1,1553,1642,SE
1188807.256,X_LEG_2,19.21,13.14,0.93,1,1553,1642,SE
1188807.277,X_LEG_2,19.21,13.14,0.93,1,1553,1642,SE
1188807.298,X_LEG_2,19.21,13.14,0.93,1,1553,1642,SE
1188807.320,X_LEG_2,19.08,13.09,0.95,1,1552,1642,SE
1188807.338,X_LEG_2,19.08,13.09,0.95,1,1552,1642,SE
1188807.359,X_LEG_2,19.08,13.09,0.95,1,1552,1642,SE
1188807.379,X_LEG_2,19.08,13.09,0.95,1,1552,1642,SE
1188807.400,X_LEG_2,19.08,13.09,0.95,1,1552,1642,SE
1188807.420,X_LEG_2,18.89,13.03,0.96,1,1552,1643,SE
1188807.440,X_LEG_2,18.89,13.03,0.96,1,1552,1643,SE
1188807.462,X_LEG_2,18.89,13.03,0.96,1,1552,1643,SE
1188807.483,X_LEG_2,18.89,13.03,0.96,1,1552,1643,SE
1188807.503,X_LEG_2,18.89,13.03,0.96,1,1552,1643,SE
1188807.524,X_LEG_2,18.76,12.99,0.98,1,1552,1642,SE
1188807.544,X_LEG_2,18.76,12.99,0.98,1,1552,1642,SE
1188807.565,X_LEG_2,18.76,12.99,0.98,1,1552,1642,SE
1188807.585,X_LEG_2,18.76,12.99,0.98,1,1552,1642,SE
1188807.606,X_LEG_2,18.76,12.99,0.98,1,1552,1642,SE
1188807.626,X_LEG_2,18.63,12.95,1.00,1,1552,1643,SE
1188807.647,X_LEG_2,18.63,12.95,1.00,1,1552,1643,SE
1188807.668,X_LEG_2,18.63,12.95,1.00,1,1552,1643,SE
1188807.688,X_LEG_2,18.63,12.95,1.00,1,1552,1643,SE
1188807.709,X_LEG_2,18.63,12.95,1.00,1,1552,1643,SE
1188807.730,X_LEG_2,18.63,12.95,1.00,1,1552,1643,SE
1188807.750,X_LEG_2,18.63,12.95,1.00,1,1552,1643,SE
1188807.771,X_LEG_2,18.63,12.95,1.00,1,1552,1643,SE
1188807.792,X_LEG_2,18.63,12.95,1.00,1,1552,1643,SE
1188807.812,X_LEG_2,18.63,12.95,1.00,1,1552,1643,SE
1188807.833,X_LEG_2,18.50,12.90,1.02,1,1552,1643,SE
1188807.854,X_LEG_2,18.50,12.90,1.02,1,1552,1643,SE
1188807.874,X_LEG_2,18.50,12.90,1.02,1,1552,1643,SE
1188807.895,X_LEG_2,18.50,12.90,1.02,1,1552,1643,SE
1188807.916,X_LEG_2,18.50,12.90,1.02,1,1552,1643,SE
1188807.936,X_LEG_2,18.30,12.84,1.03,1,1551,1644,SE
1188807.957,X_LEG_2,18.30,12.84,1.03,1,1551,1644,SE
1188807.978,X_LEG_2,18.30,12.84,1.03,1,1551,1644,SE
1188807.998,X_LEG_2,18.30,12.84,1.03,1,1551,1644,SE
1188808.019,X_LEG_2,18.30,12.84,1.03,1,1551,1644,SE
1188808.039,X_LEG_2,18.17,12.79,1.05,1,1551,1644,SE
1188808.060,X_LEG_2,18.17,12.79,1.05,1,1551,1644,SE
1188808.081,X_LEG_2,18.17,12.79,1.05,1,1551,1644,SE
1188808.101,X_LEG_2,18.17,12.79,1.05,1,1551,1644,SE
1188808.121,X_LEG_2,18.17,12.79,1.05,1,1551,1644,SE
1188808.142,X_LEG_2,18.17,12.79,1.05,1,1551,1644,SE
1188808.163,X_LEG_2,18.17,12.79,1.05,1,1551,1644,SE
1188808.183,X_LEG_2,18.17,12.79,1.05,1,1551,1644,SE
1188808.204,X_LEG_2,18.17,12.79,1.05,1,1551,1644,SE
1188808.225,X_LEG_2,18.17,12.79,1.05,1,1551,1644,SE
1188808.245,X_LEG_2,17.98,12.73,1.07,1,1551,1645,SE
1188808.266,X_LEG_2,17.98,12.73,1.07,1,1551,1645,SE
1188808.286,X_LEG_2,17.98,12.73,1.07,1,1551,1645,SE
1188808.307,X_LEG_2,17.98,12.73,1.07,1,1551,1645,SE
1188808.327,X_LEG_2,17.98,12.73,1.07,1,1551,1645,SE
1188808.347,X_LEG_2,17.84,12.69,1.09,1,1551,1645,SE
1188808.368,X_LEG_2,17.84,12.69,1.09,1,1551,1645,SE
1188808.388,X_LEG_2,17.84,12.69,1.09,1,1551,1645,SE
1188808.408,X_LEG_2,17.84,12.69,1.09,1,1551,1645,SE
1188808.429,X_LEG_2,17.84,12.69,1.09,1,1551,1645,SE
1188808.450,X_LEG_2,17.65,12.62,1.10,1,1550,1646,SE
1188808.470,X_LEG_2,17.65,12.62,1.10,1,1550,1646,SE
1188808.491,X_LEG_2,17.65,12.62,1.10,1,1550,1646,SE
1188808.511,X_LEG_2,17.65,12.62,1.10,1,1550,1646,SE
1188808.532,X_LEG_2,17.65,12.62,1.10,1,1550,1646,SE
1188808.553,X_LEG_2,17.45,12.56,1.15,1,1550,1646,SE
1188808.573,X_LEG_2,17.45,12.56,1.15,1,1550,1646,SE
1188808.593,X_LEG_2,17.45,12.56,1.15,1,1550,1646,SE
1188808.614,X_LEG_2,17.45,12.56,1.15,1,1550,1646,SE
1188808.634,X_LEG_2,17.45,12.56,1.15,1,1550,1646,SE
1188808.655,X_LEG_2,17.45,12.56,1.15,1,1550,1646,SE
1188808.676,X_LEG_2,17.45,12.56,1.15,1,1550,1646,SE
1188808.696,X_LEG_2,17.45,12.56,1.15,1,1550,1646,SE
1188808.717,X_LEG_2,17.45,12.56,1.15,1,1550,1646,SE
1188808.737,X_LEG_2,17.45,12.56,1.15,1,1550,1646,SE
1188808.758,X_LEG_2,17.24,12.50,1.17,1,1550,1647,SE
1188808.778,X_LEG_2,17.24,12.50,1.17,1,1550,1647,SE
1188808.799,X_LEG_2,17.24,12.50,1.17,1,1550,1647,SE
1188808.819,X_LEG_2,17.24,12.50,1.17,1,1550,1647,SE
1188808.840,X_LEG_2,17.24,12.50,1.17,1,1550,1647,SE
1188808.860,X_LEG_2,17.11,12.46,1.19,1,1550,1647,SE
1188808.881,X_LEG_2,17.11,12.46,1.19,1,1550,1647,SE
1188808.902,X_LEG_2,17.11,12.46,1.19,1,1550,1647,SE
1188808.922,X_LEG_2,17.11,12.46,1.19,1,1550,1647,SE
1188808.942,X_LEG_2,17.11,12.46,1.19,1,1550,1647,SE
1188808.963,X_LEG_2,16.91,12.40,1.20,1,1550,1648,SE
1188808.983,X_LEG_2,16.91,12.40,1.20,1,1550,1648,SE
1188809.004,X_LEG_2,16.91,12.40,1.20,1,1550,1648,SE
1188809.024,X_LEG_2,16.91,12.40,1.20,1,1550,1648,SE
1188809.044,X_LEG_2,16.91,12.40,1.20,1,1550,1648,SE
1188809.064,X_LEG_2,16.71,12.34,1.22,1,1549,1648,SE
1188809.085,X_LEG_2,16.71,12.34,1.22,1,1549,1648,SE
1188809.105,X_LEG_2,16.71,12.34,1.22,1,1549,1648,SE
1188809.126,X_LEG_2,16.71,12.34,1.22,1,1549,1648,SE
1188809.146,X_LEG_2,16.71,12.34,1.22,1,1549,1648,SE
1188809.166,X_LEG_2,16.71,12.34,1.22,1,1549,1648,SE
1188809.187,X_LEG_2,16.71,12.34,1.22,1,1549,1648,SE
1188809.208,X_LEG_2,16.71,12.34,1.22,1,1549,1648,SE
1188809.228,X_LEG_2,16.71,12.34,1.22,1,1549,1648,SE
1188809.249,X_LEG_2,16.71,12.34,1.22,1,1549,1648,SE
1188809.269,X_LEG_2,16.50,12.28,1.24,1,1549,1649,SE
1188809.290,X_LEG_2,16.50,12.28,1.24,1,1549,1649,SE
1188809.311,X_LEG_2,16.50,12.28,1.24,1,1549,1649,SE
1188809.331,X_LEG_2,16.50,12.28,1.24,1,1549,1649,SE
1188809.352,X_LEG_2,16.50,12.28,1.24,1,1549,1649,SE
1188809.373,X_LEG_2,16.30,12.22,0.25,1,1549,1650,SE
1188809.393,X_LEG_2,16.30,12.22,0.25,1,1549,1650,SE
1188809.414,X_LEG_2,16.30,12.22,0.25,1,1549,1650,SE
1188809.434,X_LEG_2,16.30,12.22,0.25,1,1549,1650,SE
1188809.455,X_LEG_2,16.30,12.22,0.25,1,1549,1650,SE
1188809.475,X_LEG_2,16.09,12.16,0.27,1,1549,1650,SE
1188809.495,X_LEG_2,16.09,12.16,0.27,1,1549,1650,SE
1188809.516,X_LEG_2,16.09,12.16,0.27,1,1549,1650,SE
1188809.536,X_LEG_2,16.09,12.16,0.27,1,1549,1650,SE
1188809.557,X_LEG_2,16.09,12.16,0.27,1,1549,1650,SE
1188809.577,X_LEG_2,15.95,12.13,0.30,1,1549,1651,SE
1188809.598,X_LEG_2,15.95,12.13,0.30,1,1549,1651,SE
1188809.619,X_LEG_2,15.95,12.13,0.30,1,1549,1651,SE
1188809.639,X_LEG_2,15.95,12.13,0.30,1,1549,1651,SE
1188809.660,X_LEG_2,15.95,12.13,0.30,1,1549,1651,SE
1188809.680,X_LEG_2,15.95,12.13,0.30,1,1549,1651,SE
1188809.701,X_LEG_2,15.95,12.13,0.30,1,1549,1651,SE
1188809.721,X_LEG_2,15.95,12.13,0.30,1,1549,1651,SE
1188809.742,X_LEG_2,15.95,12.13,0.30,1,1549,1651,SE
1188809.763,X_LEG_2,15.95,12.13,0.30,1,1549,1651,SE
1188809.783,X_LEG_2,15.75,12.07,0.31,1,1548,1651,SE
1188809.804,X_LEG_2,15.75,12.07,0.31,1,1548,1651,SE
1188809.825,X_LEG_2,15.75,12.07,0.31,1,1548,1651,SE
1188809.845,X_LEG_2,15.75,12.07,0.31,1,1548,1651,SE
1188809.866,X_LEG_2,15.75,12.07,0.31,1,1548,1651,SE
1188809.887,X_LEG_2,15.54,12.02,0.33,1,1548,1652,SE
1188809.907,X_LEG_2,15.54,12.02,0.33,1,1548,1652,SE
1188809.928,X_LEG_2,15.54,12.02,0.33,1,1548,1652,SE
1188809.950,X_LEG_2,15.54,12.02,0.33,1,1548,1652,SE
1188809.971,X_LEG_2,15.54,12.02,0.33,1,1548,1652,SE
1188809.991,X_LEG_2,15.33,11.96,0.39,1,1548,1652,SE
1188810.012,X_LEG_2,15.33,11.96,0.39,1,1548,1652,SE
1188810.033,X_LEG_2,15.33,11.96,0.39,1,1548,1652,SE
1188810.053,X_LEG_2,15.33,11.96,0.39,1,1548,1652,SE
1188810.074,X_LEG_2,15.33,11.96,0.39,1,1548,1652,SE
1188810.094,X_LEG_2,15.33,11.96,0.39,1,1548,1652,SE
1188810.115,X_LEG_2,15.33,11.96,0.39,1,1548,1652,SE
1188810.137,X_LEG_2,15.33,11.96,0.39,1,1548,1652,SE
1188810.157,X_LEG_2,15.33,11.96,0.39,1,1548,1652,SE
1188810.178,X_LEG_2,15.33,11.96,0.39,1,1548,1652,SE
1188810.201,X_LEG_2,15.13,11.89,0.40,1,1548,1652,SE
1188810.224,X_LEG_2,15.13,11.89,0.40,1,1548,1652,SE
1188810.245,X_LEG_2,15.13,11.89,0.40,1,1548,1652,SE
1188810.265,X_LEG_2,15.13,11.89,0.40,1,1548,1652,SE
1188810.287,X_LEG_2,15.13,11.89,0.40,1,1548,1652,SE
1188810.309,X_LEG_2,14.92,11.83,0.42,1,1547,1652,SE
1188810.330,X_LEG_2,14.92,11.83,0.42,1,1547,1652,SE
1188810.351,X_LEG_2,14.92,11.83,0.42,1,1547,1652,SE
1188810.372,X_LEG_2,14.92,11.83,0.42,1,1547,1652,SE
1188810.392,X_LEG_2,14.92,11.83,0.42,1,1547,1652,SE
1188810.413,X_LEG_2,14.78,11.80,0.41,1,1547,1652,SE
1188810.433,X_LEG_2,14.78,11.80,0.41,1,1547,1652,SE
1188810.453,X_LEG_2,14.78,11.80,0.41,1,1547,1652,SE
1188810.474,X_LEG_2,14.78,11.80,0.41,1,1547,1652,SE
1188810.494,X_LEG_2,14.78,11.80,0.41,1,1547,1652,SE
1188810.515,X_LEG_2,14.78,11.80,0.41,1,1547,1652,SE
1188810.536,X_LEG_2,14.78,11.80,0.41,1,1547,1652,SE
1188810.556,X_LEG_2,14.78,11.80,0.41,1,1547,1652,SE
1188810.577,X_LEG_2,14.78,11.80,0.41,1,1547,1652,SE
1188810.597,X_LEG_2,14.78,11.80,0.41,1,1547,1652,SE
1188810.618,X_LEG_2,14.64,11.77,0.44,1,1547,1653,SE
1188810.638,X_LEG_2,14.64,11.77,0.44,1,1547,1653,SE
1188810.659,X_LEG_2,14.64,11.77,0.44,1,1547,1653,SE
1188810.679,X_LEG_2,14.64,11.77,0.44,1,1547,1653,SE
1188810.700,X_LEG_2,14.64,11.77,0.44,1,1547,1653,SE
1188813.339,X_LEG_2,7.37,10.89,0.86,1,1544,1673,SE
1188813.360,X_LEG_2,7.37,10.89,0.86,1,1544,1673,SE
1188813.380,X_LEG_2,7.37,10.89,0.86,1,1544,1673,SE
1188813.401,X_LEG_2,6.88,10.85,0.89,1,1543,1675,SE
1188813.422,X_LEG_2,6.88,10.85,0.89,1,1543,1675,SE
1188813.442,X_LEG_2,6.88,10.85,0.89,1,1543,1675,SE
1188813.462,X_LEG_2,6.88,10.85,0.89,1,1543,1675,SE
1188813.483,X_LEG_2,6.88,10.85,0.89,1,1543,1675,SE
1188813.503,X_LEG_2,6.88,10.85,0.89,1,1543,1675,SE
1188813.526,X_LEG_2,6.88,10.85,0.89,1,1543,1675,SE
1188813.546,X_LEG_2,6.88,10.85,0.89,1,1543,1675,SE
1188813.567,X_LEG_2,6.88,10.85,0.89,1,1543,1675,SE
1188813.587,X_LEG_2,6.88,10.85,0.89,1,1543,1675,SE
1188813.608,X_LEG_2,6.39,10.81,0.92,1,1543,1676,SE
1188813.629,X_LEG_2,6.39,10.81,0.92,1,1543,1676,SE
1188813.649,X_LEG_2,6.39,10.81,0.92,1,1543,1676,SE
1188813.670,X_LEG_2,6.39,10.81,0.92,1,1543,1676,SE
1188813.690,X_LEG_2,6.39,10.81,0.92,1,1543,1676,SE
1188813.711,X_LEG_2,5.89,10.77,0.95,1,1543,1678,SE
1188813.731,X_LEG_2,5.89,10.77,0.95,1,1543,1678,SE
1188813.752,X_LEG_2,5.89,10.77,0.95,1,1543,1678,SE
1188813.775,X_LEG_2,5.89,10.77,0.95,1,1543,1678,SE
1188813.795,X_LEG_2,5.89,10.77,0.95,1,1543,1678,SE
1188813.816,X_LEG_2,5.40,10.73,0.93,1,1543,1679,SE
1188813.836,X_LEG_2,5.40,10.73,0.93,1,1543,1679,SE
1188813.857,X_LEG_2,5.40,10.73,0.93,1,1543,1679,SE
1188813.879,X_LEG_2,5.40,10.73,0.93,1,1543,1679,SE
1188813.901,X_LEG_2,5.40,10.73,0.93,1,1543,1679,SE
1188813.922,X_LEG_2,5.40,10.73,0.93,1,1543,1679,SE
1188813.944,X_LEG_2,5.40,10.73,0.93,1,1543,1679,SE
1188813.965,X_LEG_2,5.40,10.73,0.93,1,1543,1679,SE
1188813.986,X_LEG_2,5.40,10.73,0.93,1,1543,1679,SE
1188814.010,X_LEG_2,5.40,10.73,0.93,1,1543,1679,SE
1188814.031,X_LEG_2,4.91,10.69,0.96,1,1543,1681,SE
1188814.053,X_LEG_2,4.91,10.69,0.96,1,1543,1681,SE
1188814.075,X_LEG_2,4.91,10.69,0.96,1,1543,1681,SE
1188814.095,X_LEG_2,4.91,10.69,0.96,1,1543,1681,SE
1188814.119,X_LEG_2,4.91,10.69,0.96,1,1543,1681,SE
1188814.139,X_LEG_2,4.58,10.67,1.00,1,1543,1682,SE
1188814.159,X_LEG_2,4.58,10.67,1.00,1,1543,1682,SE
1188814.185,X_LEG_2,4.58,10.67,1.00,1,1543,1682,SE
1188814.205,X_LEG_2,4.58,10.67,1.00,1,1543,1682,SE
1188814.226,X_LEG_2,4.58,10.67,1.00,1,1543,1682,SE
1188814.247,X_LEG_2,4.26,10.64,0.99,1,1543,1683,SE
1188814.268,X_LEG_2,4.26,10.64,0.99,1,1543,1683,SE
1188814.289,X_LEG_2,4.26,10.64,0.99,1,1543,1683,SE
1188814.309,X_LEG_2,4.26,10.64,0.99,1,1543,1683,SE
1188814.330,X_LEG_2,4.26,10.64,0.99,1,1543,1683,SE
1188814.351,X_LEG_2,3.93,10.61,1.02,1,1542,1684,SE
1188814.371,X_LEG_2,3.93,10.61,1.02,1,1542,1684,SE
1188814.391,X_LEG_2,3.93,10.61,1.02,1,1542,1684,SE
1188814.412,X_LEG_2,3.93,10.61,1.02,1,1542,1684,SE
1188814.432,X_LEG_2,3.93,10.61,1.02,1,1542,1684,SE
1188814.452,X_LEG_2,3.61,10.59,1.01,1,1542,1685,SE
1188814.473,X_LEG_2,3.61,10.59,1.01,1,1542,1685,SE
1188814.494,X_LEG_2,3.61,10.59,1.01,1,1542,1685,SE
1188814.515,X_LEG_2,3.61,10.59,1.01,1,1542,1685,SE
1188814.536,X_LEG_2,3.61,10.59,1.01,1,1542,1685,SE
1188814.559,X_LEG_2,3.28,10.57,1.05,1,1542,1686,SE
1188814.579,X_LEG_2,3.28,10.57,1.05,1,1542,1686,SE
1188814.600,X_LEG_2,3.28,10.57,1.05,1,1542,1686,SE
1188814.620,X_LEG_2,3.28,10.57,1.05,1,1542,1686,SE
1188814.641,X_LEG_2,3.28,10.57,1.05,1,1542,1686,SE
1188814.661,X_LEG_2,3.28,10.57,1.05,1,1542,1686,SE
1188814.682,X_LEG_2,3.28,10.57,1.05,1,1542,1686,SE
1188814.702,X_LEG_2,3.28,10.57,1.05,1,1542,1686,SE
1188814.723,X_LEG_2,3.28,10.57,1.05,1,1542,1686,SE
1188814.744,X_LEG_2,3.28,10.57,1.05,1,1542,1686,SE
1188814.764,X_LEG_2,2.80,10.53,1.08,1,1542,1687,SE
1188814.785,X_LEG_2,2.80,10.53,1.08,1,1542,1687,SE
1188814.805,X_LEG_2,2.80,10.53,1.08,1,1542,1687,SE
1188814.825,X_LEG_2,2.80,10.53,1.08,1,1542,1687,SE
1188814.846,X_LEG_2,2.80,10.53,1.08,1,1542,1687,SE
1188814.866,X_LEG_2,2.32,10.49,1.11,1,1542,1689,SE
1188814.887,X_LEG_2,2.32,10.49,1.11,1,1542,1689,SE
1188814.908,X_LEG_2,2.32,10.49,1.11,1,1542,1689,SE
1188814.928,X_LEG_2,2.32,10.49,1.11,1,1542,1689,SE
1188814.949,X_LEG_2,2.32,10.49,1.11,1,1542,1689,SE
1188814.970,X_LEG_2,1.83,10.45,1.10,1,1542,1690,SE
1188814.991,X_LEG_2,1.83,10.45,1.10,1,1542,1690,SE
1188815.011,X_LEG_2,1.83,10.45,1.10,1,1542,1690,SE
1188815.032,X_LEG_2,1.83,10.45,1.10,1,1542,1690,SE
1188815.052,X_LEG_2,1.83,10.45,1.10,1,1542,1690,SE
1188815.073,X_LEG_2,1.83,10.45,1.10,1,1542,1690,SE
1188815.094,X_LEG_2,1.83,10.45,1.10,1,1542,1690,SE
1188815.114,X_LEG_2,1.83,10.45,1.10,1,1542,1690,SE
1188815.135,X_LEG_2,1.83,10.45,1.10,1,1542,1690,SE
1188815.155,X_LEG_2,1.83,10.45,1.10,1,1542,1690,SE
1188815.176,X_LEG_2,1.35,10.42,1.13,1,1542,1691,SE
1188815.196,X_LEG_2,1.35,10.42,1.13,1,1542,1691,SE
1188815.217,X_LEG_2,1.35,10.42,1.13,1,1542,1691,SE
1188815.237,X_LEG_2,1.35,10.42,1.13,1,1542,1691,SE
1188815.258,X_LEG_2,1.35,10.42,1.13,1,1542,1691,SE
1188815.279,X_LEG_2,0.88,10.37,1.16,1,1541,1693,SE
1188815.300,X_LEG_2,0.88,10.37,1.16,1,1541,1693,SE
1188815.321,X_LEG_2,0.88,10.37,1.16,1,1541,1693,SE
1188815.342,X_LEG_2,0.88,10.37,1.16,1,1541,1693,SE
1188815.362,X_LEG_2,0.88,10.37,1.16,1,1541,1693,SE
1188815.383,X_LEG_2,0.40,10.34,1.20,1,1541,1694,SE
1188815.408,X_LEG_2,0.40,10.34,1.20,1,1541,1694,SE
1188815.430,X_LEG_2,0.40,10.34,1.20,1,1541,1694,SE
1188815.449,X_LEG_2,0.40,10.34,1.20,1,1541,1694,SE
1188815.470,X_LEG_2,0.40,10.34,1.20,1,1541,1694,SE
1188815.491,X_LEG_2,0.40,10.34,1.20,1,1541,1694,SE
1188815.511,X_LEG_2,0.40,10.34,1.20,1,1541,1694,SE
1188815.532,X_LEG_2,0.40,10.34,1.20,1,1541,1694,SE
1188815.552,X_LEG_2,0.40,10.34,1.20,1,1541,1694,SE
1188815.572,X_LEG_2,0.40,10.34,1.20,1,1541,1694,SE
1188815.593,X_LEG_2,-0.07,10.31,1.23,1,1541,1696,SE
1188815.613,X_LEG_2,-0.07,10.31,1.23,1,1541,1696,SE
1188815.634,X_LEG_2,-0.07,10.31,1.23,1,1541,1696,SE
1188815.654,X_LEG_2,-0.07,10.31,1.23,1,1541,1696,SE
1188815.675,X_LEG_2,-0.07,10.31,1.23,1,1541,1696,SE
1188815.695,X_LEG_2,-0.14,10.28,1.12,1,1541,1696,SE
1188815.717,X_LEG_2,-0.14,10.28,1.12,1,1541,1696,SE
1188815.737,X_LEG_2,-0.14,10.28,1.12,1,1541,1696,SE
1188815.758,X_LEG_2,-0.14,10.28,1.12,1,1541,1696,SE
1188815.778,X_LEG_2,-0.14,10.28,1.12,1,1541,1696,SE
1188815.798,X_LEG_2,-0.08,10.23,1.01,1,1541,1696,SE
1188815.819,X_LEG_2,-0.08,10.23,1.01,1,1541,1696,SE
1188815.839,X_LEG_2,-0.08,10.23,1.01,1,1541,1696,SE
1188815.860,X_LEG_2,-0.08,10.23,1.01,1,1541,1696,SE
1188815.880,X_LEG_2,-0.08,10.23,1.01,1,1541,1696,SE
1188815.901,X_LEG_2,-0.08,10.23,1.01,1,1541,1696,SE
1188815.921,X_LEG_2,-0.08,10.23,1.01,1,1541,1696,SE
1188815.942,X_LEG_2,-0.08,10.23,1.01,1,1541,1696,SE
1188815.963,X_LEG_2,-0.08,10.23,1.01,1,1541,1696,SE
1188815.984,X_LEG_2,-0.08,10.23,1.01,1,1541,1696,SE
1188816.004,X_LEG_2,-0.02,10.17,0.85,1,1541,1696,SE
1188816.025,X_LEG_2,-0.02,10.17,0.85,1,1541,1696,SE
1188816.045,X_LEG_2,-0.02,10.17,0.85,1,1541,1696,SE
1188816.066,X_LEG_2,-0.02,10.17,0.85,1,1541,1696,SE
1188816.087,X_LEG_2,-0.02,10.17,0.85,1,1541,1696,SE
1188816.107,X_LEG_2,0.01,10.11,0.68,1,1540,1695,SE
1188816.128,X_LEG_2,0.01,10.11,0.68,1,1540,1695,SE
1188816.149,X_LEG_2,0.01,10.11,0.68,1,1540,1695,SE
1188816.169,X_LEG_2,0.01,10.11,0.68,1,1540,1695,SE
1188816.190,X_LEG_2,0.01,10.11,0.68,1,1540,1695,SE
1188816.210,X_LEG_2,0.07,10.03,0.46,1,1540,1695,SE
1188816.230,X_LEG_2,0.07,10.03,0.46,1,1540,1695,SE
1188816.251,X_LEG_2,0.07,10.03,0.46,1,1540,1695,SE
1188816.274,X_LEG_2,0.07,10.03,0.46,1,1540,1695,SE
1188816.295,X_LEG_2,0.07,10.03,0.46,1,1540,1695,SE
1188816.315,X_LEG_2,0.10,9.95,0.23,1,1540,1694,SE
1188816.335,X_LEG_2,0.10,9.95,0.23,1,1540,1694,SE
1188816.356,X_LEG_2,0.10,9.95,0.23,1,1540,1694,SE
1188816.376,X_LEG_2,0.10,9.95,0.23,1,1540,1694,SE
1188816.397,X_LEG_2,0.10,9.95,0.23,1,1540,1694,SE
1188816.417,X_LEG_2,0.16,9.85,-0.07,1,1539,1694,SE
1188816.438,X_LEG_2,0.16,9.85,-0.07,1,1539,1694,SE
1188816.459,X_LEG_2,0.16,9.85,-0.07,1,1539,1694,SE
1188816.480,X_LEG_2,0.16,9.85,-0.07,1,1539,1694,SE
1188816.500,X_LEG_2,0.16,9.85,-0.07,1,1539,1694,SE
1188816.526,X_LEG_2,0.19,9.76,-7.31,1,1539,1694,SE
1188816.547,X_LEG_2,0.19,9.76,-7.31,1,1539,1694,SE
1188816.570,X_LEG_2,0.19,9.76,-7.31,1,1539,1694,SE
1188816.591,X_LEG_2,0.19,9.76,-7.31,1,1539,1694,SE
1188816.611,X_LEG_2,0.19,9.76,-7.31,1,1539,1694,SE
1188816.632,X_LEG_2,0.19,9.76,-7.31,1,1539,1694,SE
1188816.652,X_LEG_2,0.19,9.76,-7.31,1,1539,1694,SE
1188816.673,X_LEG_2,0.19,9.76,-7.31,1,1539,1694,SE
1188816.693,X_LEG_2,0.19,9.76,-7.31,1,1539,1694,SE
1188816.714,X_LEG_2,0.19,9.76,-7.31,1,1539,1694,SE
1188816.734,X_LEG_2,0.25,9.63,-7.68,1,1539,1694,SE
1188816.759,X_LEG_2,0.25,9.63,-7.68,1,1539,1694,SE
1188816.779,X_LEG_2,0.25,9.63,-7.68,1,1539,1694,SE
1188816.800,X_LEG_2,0.25,9.63,-7.68,1,1539,1694,SE
1188816.820,X_LEG_2,0.25,9.63,-7.68,1,1539,1694,SE
1188816.841,X_LEG_2,0.31,9.52,-8.05,1,1538,1694,SE
1188816.862,X_LEG_2,0.31,9.52,-8.05,1,1538,1694,SE
1188816.883,X_LEG_2,0.31,9.52,-8.05,1,1538,1694,SE
1188816.903,X_LEG_2,0.31,9.52,-8.05,1,1538,1694,SE
1188816.924,X_LEG_2,0.31,9.52,-8.05,1,1538,1694,SE
1188816.945,X_LEG_2,0.37,9.39,-8.44,1,1538,1693,SE
1188816.966,X_LEG_2,0.37,9.39,-8.44,1,1538,1693,SE
1188816.986,X_LEG_2,0.37,9.39,-8.44,1,1538,1693,SE
1188817.007,X_LEG_2,0.37,9.39,-8.44,1,1538,1693,SE
1188817.027,X_LEG_2,0.37,9.39,-8.44,1,1538,1693,SE
1188817.048,X_LEG_2,0.37,9.39,-8.44,1,1538,1693,SE
1188817.068,X_LEG_2,0.37,9.39,-8.44,1,1538,1693,SE
1188817.089,X_LEG_2,0.37,9.39,-8.44,1,1538,1693,SE
1188817.109,X_LEG_2,0.37,9.39,-8.44,1,1538,1693,SE
1188817.130,X_LEG_2,0.37,9.39,-8.44,1,1538,1693,SE
1188817.150,X_LEG_2,0.44,9.27,-8.83,1,1537,1693,SE
1188817.170,X_LEG_2,0.44,9.27,-8.83,1,1537,1693,SE
1188817.191,X_LEG_2,0.44,9.27,-8.83,1,1537,1693,SE
1188817.212,X_LEG_2,0.44,9.27,-8.83,1,1537,1693,SE
1188817.232,X_LEG_2,0.44,9.27,-8.83,1,1537,1693,SE
1188817.253,X_LEG_2,0.51,9.17,-9.23,1,1537,1693,SE
1188817.273,X_LEG_2,0.51,9.17,-9.23,1,1537,1693,SE
1188817.294,X_LEG_2,0.51,9.17,-9.23,1,1537,1693,SE
1188817.314,X_LEG_2,0.51,9.17,-9.23,1,1537,1693,SE
1188817.335,X_LEG_2,0.51,9.17,-9.23,1,1537,1693,SE
1188817.355,X_LEG_2,0.51,9.17,-9.23,1,1537,1693,SE
1188817.376,X_LEG_2,0.51,9.17,-9.23,1,1537,1693,SE
1188817.396,X_LEG_2,0.51,9.17,-9.23,1,1537,1693,SE
1188817.416,X_LEG_2,0.51,9.17,-9.23,1,1537,1693,SE
1188817.437,X_LEG_2,0.51,9.17,-9.23,1,1537,1693,SE
1188817.457,X_LEG_2,0.58,9.06,-9.63,1,1536,1693,SE
1188817.478,X_LEG_2,0.58,9.06,-9.63,1,1536,1693,SE
1188817.498,X_LEG_2,0.58,9.06,-9.63,1,1536,1693,SE
1188817.520,X_LEG_2,0.58,9.06,-9.63,1,1536,1693,SE
1188817.540,X_LEG_2,0.58,9.06,-9.63,1,1536,1693,SE
1188817.562,X_LEG_2,0.65,8.96,-10.04,1,1536,1692,SE
1188817.584,X_LEG_2,0.65,8.96,-10.04,1,1536,1692,SE
1188817.603,X_LEG_2,0.65,8.96,-10.04,1,1536,1692,SE
1188817.623,X_LEG_2,0.65,8.96,-10.04,1,1536,1692,SE
1188817.644,X_LEG_2,0.65,8.96,-10.04,1,1536,1692,SE
1188817.664,X_LEG_2,0.65,8.96,-10.04,1,1536,1692,SE
1188817.685,X_LEG_2,0.65,8.96,-10.04,1,1536,1692,SE
1188817.706,X_LEG_2,0.65,8.96,-10.04,1,1536,1692,SE
1188817.726,X_LEG_2,0.65,8.96,-10.04,1,1536,1692,SE
1188817.747,X_LEG_2,0.65,8.96,-10.04,1,1536,1692,SE
1188817.768,X_LEG_2,0.73,8.87,-6.45,1,1535,1691,SE
1188817.789,X_LEG_2,0.73,8.87,-6.45,1,1535,1691,SE
1188817.810,X_LEG_2,0.73,8.87,-6.45,1,1535,1691,SE
1188817.830,X_LEG_2,0.73,8.87,-6.45,1,1535,1691,SE
1188817.850,X_LEG_2,0.73,8.87,-6.45,1,1535,1691,SE
1188817.870,X_LEG_2,0.81,8.78,-6.82,1,1535,1691,SE
1188817.890,X_LEG_2,0.81,8.78,-6.82,1,1535,1691,SE
1188817.911,X_LEG_2,0.81,8.78,-6.82,1,1535,1691,SE
1188817.933,X_LEG_2,0.81,8.78,-6.82,1,1535,1691,SE
1188817.954,X_LEG_2,0.81,8.78,-6.82,1,1535,1691,SE
1188817.974,X_LEG_2,0.81,8.78,-6.82,1,1535,1691,SE
1188817.995,X_LEG_2,0.81,8.78,-6.82,1,1535,1691,SE
1188818.015,X_LEG_2,0.81,8.78,-6.82,1,1535,1691,SE
1188818.036,X_LEG_2,0.81,8.78,-6.82,1,1535,1691,SE
1188818.057,X_LEG_2,0.81,8.78,-6.82,1,1535,1691,SE
1188818.077,X_LEG_2,0.89,8.67,-7.26,1,1535,1691,SE
1188818.097,X_LEG_2,0.89,8.67,-7.26,1,1535,1691,SE
1188818.120,X_LEG_2,0.89,8.67,-7.26,1,1535,1691,SE
1188818.141,X_LEG_2,0.89,8.67,-7.26,1,1535,1691,SE
1188818.161,X_LEG_2,0.89,8.67,-7.26,1,1535,1691,SE
1188818.182,X_LEG_2,0.97,8.58,-7.69,1,1534,1691,SE
1188818.203,X_LEG_2,0.97,8.58,-7.69,1,1534,1691,SE
1188818.225,X_LEG_2,0.97,8.58,-7.69,1,1534,1691,SE
1188818.247,X_LEG_2,0.97,8.58,-7.69,1,1534,1691,SE
1188818.267,X_LEG_2,0.97,8.58,-7.69,1,1534,1691,SE
1188818.288,X_LEG_2,1.06,8.49,-8.14,1,1534,1690,SE
1188818.308,X_LEG_2,1.06,8.49,-8.14,1,1534,1690,SE
1188818.329,X_LEG_2,1.06,8.49,-8.14,1,1534,1690,SE
1188818.349,X_LEG_2,1.06,8.49,-8.14,1,1534,1690,SE
1188818.370,X_LEG_2,1.06,8.49,-8.14,1,1534,1690,SE
1188818.390,X_LEG_3,1.06,78.22,133.66,0,1500,1682,NW
1188818.412,X_LEG_3,1.06,78.22,133.66,0,1500,1682,NW
1188818.432,X_LEG_3,1.06,78.22,133.66,0,1500,1682,NW
1188818.454,X_LEG_3,1.06,78.22,133.66,0,1500,1682,NW
1188818.474,X_LEG_3,1.06,78.22,133.66,0,1500,1682,NW
1188818.494,X_LEG_3,1.15,78.26,133.74,0,1500,1682,NW
1188818.515,X_LEG_3,1.15,78.26,133.74,0,1500,1682,NW
1188818.535,X_LEG_3,1.15,78.26,133.74,0,1500,1682,NW
1188818.556,X_LEG_3,1.15,78.26,133.74,0,1500,1682,NW
1188818.576,X_LEG_3,1.15,78.26,133.74,0,1500,1682,NW
1188818.597,X_LEG_3,1.24,78.28,133.82,0,1500,1682,NW
1188818.618,X_LEG_3,1.24,78.28,133.82,0,1500,1682,NW
1188818.638,X_LEG_3,1.24,78.28,133.82,0,1500,1682,NW
1188818.658,X_LEG_3,1.24,78.28,133.82,0,1500,1682,NW
1188818.679,X_LEG_3,1.24,78.28,133.82,0,1500,1682,NW
1188818.700,X_LEG_3,1.24,78.28,133.82,0,1500,1682,NW
1188818.720,X_LEG_3,1.24,78.28,133.82,0,1500,1682,NW
1188818.741,X_LEG_3,1.24,78.28,133.82,0,1500,1682,NW
1188818.761,X_LEG_3,1.24,78.28,133.82,0,1500,1682,NW
1188818.782,X_LEG_3,1.24,78.28,133.82,0,1500,1682,NW
1188818.804,X_LEG_3,1.33,78.32,133.89,0,1500,1682,NW
1188818.825,X_LEG_3,1.33,78.32,133.89,0,1500,1682,NW
1188818.845,X_LEG_3,1.33,78.32,133.89,0,1500,1682,NW
1188818.866,X_LEG_3,1.33,78.32,133.89,0,1500,1682,NW
1188818.886,X_LEG_3,1.33,78.32,133.89,0,1500,1682,NW
1188818.906,X_LEG_3,1.43,78.35,133.97,0,1500,1681,NW
1188818.927,X_LEG_3,1.43,78.35,133.97,0,1500,1681,NW
1188818.948,X_LEG_3,1.43,78.35,133.97,0,1500,1681,NW
1188818.968,X_LEG_3,1.43,78.35,133.97,0,1500,1681,NW
1188818.990,X_LEG_3,1.43,78.35,133.97,0,1500,1681,NW
1188819.010,X_LEG_3,1.53,78.38,134.04,0,1500,1681,NW
1188819.030,X_LEG_3,1.53,78.38,134.04,0,1500,1681,NW
1188819.052,X_LEG_3,1.53,78.38,134.04,0,1500,1681,NW
1188819.072,X_LEG_3,1.53,78.38,134.04,0,1500,1681,NW
1188819.092,X_LEG_3,1.53,78.38,134.04,0,1500,1681,NW
1188819.113,X_LEG_3,1.53,78.38,116.04,0,1500,1681,NW
1188819.134,X_LEG_3,1.53,78.38,116.04,0,1500,1681,NW
1188819.154,X_LEG_3,1.53,78.38,116.04,0,1500,1681,NW
1188819.175,X_LEG_3,1.53,78.38,116.04,0,1500,1681,NW
1188819.195,X_LEG_3,1.53,78.38,116.04,0,1500,1681,NW
1188819.215,X_LEG_3,1.64,78.41,116.12,0,1500,1681,NW
1188819.236,X_LEG_3,1.64,78.41,116.12,0,1500,1681,NW
1188819.256,X_LEG_3,1.64,78.41,116.12,0,1500,1681,NW
1188819.277,X_LEG_3,1.64,78.41,116.12,0,1500,1681,NW
1188819.297,X_LEG_3,1.64,78.41,116.12,0,1500,1681,NW
1188819.318,X_LEG_3,1.74,78.44,116.19,0,1500,1680,NW
1188819.338,X_LEG_3,1.74,78.44,116.19,0,1500,1680,NW
1188819.359,X_LEG_3,1.74,78.44,116.19,0,1500,1680,NW
1188819.379,X_LEG_3,1.74,78.44,116.19,0,1500,1680,NW
1188819.400,X_LEG_3,1.74,78.44,116.19,0,1500,1680,NW
1188819.420,X_LEG_3,1.82,78.45,116.23,0,1500,1680,NW
1188819.441,X_LEG_3,1.82,78.45,116.23,0,1500,1680,NW
1188819.462,X_LEG_3,1.82,78.45,116.23,0,1500,1680,NW
1188819.482,X_LEG_3,1.82,78.45,116.23,0,1500,1680,NW
1188819.503,X_LEG_3,1.82,78.45,116.23,0,1500,1680,NW
1188819.523,X_LEG_3,1.93,78.49,116.31,0,1500,1680,NW
1188819.544,X_LEG_3,1.93,78.49,116.31,0,1500,1680,NW
1188819.564,X_LEG_3,1.93,78.49,116.31,0,1500,1680,NW
1188819.585,X_LEG_3,1.93,78.49,116.31,0,1500,1680,NW
1188819.606,X_LEG_3,1.93,78.49,116.31,0,1500,1680,NW
1188819.630,X_LEG_3,1.93,78.49,84.31,0,1500,1680,NW
1188819.650,X_LEG_3,1.93,78.49,84.31,0,1500,1680,NW
1188819.671,X_LEG_3,1.93,78.49,84.31,0,1500,1680,NW
1188819.691,X_LEG_3,1.93,78.49,84.31,0,1500,1680,NW
1188819.712,X_LEG_3,1.93,78.49,84.31,0,1500,1680,NW
1188819.732,X_LEG_3,2.04,78.52,84.37,0,1500,1679,NW
1188819.753,X_LEG_3,2.04,78.52,84.37,0,1500,1679,NW
1188819.773,X_LEG_3,2.04,78.52,84.37,0,1500,1679,NW
1188819.794,X_LEG_3,2.04,78.52,84.37,0,1500,1679,NW
1188819.814,X_LEG_3,2.04,78.52,84.37,0,1500,1679,NW
1188819.836,X_LEG_3,2.16,78.54,84.44,0,1500,1679,NW
1188819.857,X_LEG_3,2.16,78.54,84.44,0,1500,1679,NW
1188819.878,X_LEG_3,2.16,78.54,84.44,0,1500,1679,NW
1188819.898,X_LEG_3,2.16,78.54,84.44,0,1500,1679,NW
1188819.918,X_LEG_3,2.16,78.54,84.44,0,1500,1679,NW
1188819.939,X_LEG_3,2.24,78.56,84.50,0,1500,1679,NW
1188819.960,X_LEG_3,2.24,78.56,84.50,0,1500,1679,NW
1188819.980,X_LEG_3,2.24,78.56,84.50,0,1500,1679,NW
1188820.001,X_LEG_3,2.24,78.56,84.50,0,1500,1679,NW
1188820.021,X_LEG_3,2.24,78.56,84.50,0,1500,1679,NW
1188820.042,X_LEG_3,2.36,78.60,84.56,0,1500,1678,NW
1188820.063,X_LEG_3,2.36,78.60,84.56,0,1500,1678,NW
1188820.084,X_LEG_3,2.36,78.60,84.56,0,1500,1678,NW
1188820.104,X_LEG_3,2.36,78.60,84.56,0,1500,1678,NW
1188820.125,X_LEG_3,2.36,78.60,84.56,0,1500,1678,NW
1188820.147,X_LEG_3,2.36,78.60,84.56,0,1500,1678,NW
1188820.167,X_LEG_3,2.36,78.60,84.56,0,1500,1678,NW
1188820.189,X_LEG_3,2.36,78.60,84.56,0,1500,1678,NW
1188820.210,X_LEG_3,2.36,78.60,84.56,0,1500,1678,NW
1188820.230,X_LEG_3,2.36,78.60,84.56,0,1500,1678,NW
1188820.251,X_LEG_3,2.48,78.63,64.63,0,1500,1678,NW
1188820.271,X_LEG_3,2.48,78.63,64.63,0,1500,1678,NW
1188820.291,X_LEG_3,2.48,78.63,64.63,0,1500,1678,NW
1188820.312,X_LEG_3,2.48,78.63,64.63,0,1500,1678,NW
1188820.332,X_LEG_3,2.48,78.63,64.63,0,1500,1678,NW
1188820.353,X_LEG_3,2.56,78.65,64.67,0,1500,1678,NW
1188820.374,X_LEG_3,2.56,78.65,64.67,0,1500,1678,NW
1188820.398,X_LEG_3,2.56,78.65,64.67,0,1500,1678,NW
1188820.424,X_LEG_3,2.56,78.65,64.67,0,1500,1678,NW
1188820.449,X_LEG_3,2.56,78.65,64.67,0,1500,1678,NW
1188820.471,X_LEG_3,2.64,78.67,64.71,0,1500,1678,NW
1188820.492,X_LEG_3,2.64,78.67,64.71,0,1500,1678,NW
1188820.513,X_LEG_3,2.64,78.67,64.71,0,1500,1678,NW
1188820.535,X_LEG_3,2.64,78.67,64.71,0,1500,1678,NW
1188820.555,X_LEG_3,2.64,78.67,64.71,0,1500,1678,NW
1188820.577,X_LEG_3,2.73,78.69,64.75,0,1500,1677,NW
1188820.597,X_LEG_3,2.73,78.69,64.75,0,1500,1677,NW
1188820.622,X_LEG_3,2.73,78.69,64.75,0,1500,1677,NW
1188820.642,X_LEG_3,2.73,78.69,64.75,0,1500,1677,NW
1188820.663,X_LEG_3,2.73,78.69,64.75,0,1500,1677,NW
1188820.683,X_LEG_3,2.81,78.71,64.80,0,1500,1677,NW
1188820.703,X_LEG_3,2.81,78.71,64.80,0,1500,1677,NW
1188820.724,X_LEG_3,2.81,78.71,64.80,0,1500,1677,NW
1188820.744,X_LEG_3,2.81,78.71,64.80,0,1500,1677,NW
1188820.764,X_LEG_3,2.81,78.71,64.80,0,1500,1677,NW
1188820.785,X_LEG_3,2.89,78.73,64.84,0,1500,1677,NW
1188820.810,X_LEG_3,2.89,78.73,64.84,0,1500,1677,NW
1188820.832,X_LEG_3,2.89,78.73,64.84,0,1500,1677,NW
1188820.853,X_LEG_3,2.89,78.73,64.84,0,1500,1677,NW
1188820.873,X_LEG_3,2.89,78.73,64.84,0,1500,1677,NW
1188820.895,X_LEG_3,2.89,78.73,42.84,0,1500,1677,NW
1188820.915,X_LEG_3,2.89,78.73,42.84,0,1500,1677,NW
1188820.937,X_LEG_3,2.89,78.73,42.84,0,1500,1677,NW
1188820.958,X_LEG_3,2.89,78.73,42.84,0,1500,1677,NW
1188820.978,X_LEG_3,2.89,78.73,42.84,0,1500,1677,NW
1188820.999,X_LEG_3,2.98,78.75,42.89,0,1500,1677,NW
1188821.020,X_LEG_3,2.98,78.75,42.89,0,1500,1677,NW
1188821.040,X_LEG_3,2.98,78.75,42.89,0,1500,1677,NW
1188821.061,X_LEG_3,2.98,78.75,42.89,0,1500,1677,NW
1188821.081,X_LEG_3,2.98,78.75,42.89,0,1500,1677,NW
1188821.101,X_LEG_3,3.06,78.77,42.93,0,1500,1676,NW
1188821.122,X_LEG_3,3.06,78.77,42.93,0,1500,1676,NW
1188821.142,X_LEG_3,3.06,78.77,42.93,0,1500,1676,NW
1188821.163,X_LEG_3,3.06,78.77,42.93,0,1500,1676,NW
1188821.183,X_LEG_3,3.06,78.77,42.93,0,1500,1676,NW
1188821.204,X_LEG_3,3.15,78.79,42.97,0,1500,1676,NW
1188821.224,X_LEG_3,3.15,78.79,42.97,0,1500,1676,NW
1188821.246,X_LEG_3,3.15,78.79,42.97,0,1500,1676,NW
1188821.268,X_LEG_3,3.15,78.79,42.97,0,1500,1676,NW
1188821.289,X_LEG_3,3.15,78.79,42.97,0,1500,1676,NW
1188821.309,X_LEG_3,3.15,78.79,42.97,0,1500,1676,NW
1188821.330,X_LEG_3,3.15,78.79,42.97,0,1500,1676,NW
1188821.351,X_LEG_3,3.15,78.79,42.97,0,1500,1676,NW
1188821.371,X_LEG_3,3.15,78.79,42.97,0,1500,1676,NW
1188821.391,X_LEG_3,3.15,78.79,42.97,0,1500,1676,NW
1188821.412,X_LEG_3,3.28,78.82,43.03,0,1500,1676,NW
1188821.432,X_LEG_3,3.28,78.82,43.03,0,1500,1676,NW
1188821.453,X_LEG_3,3.28,78.82,43.03,0,1500,1676,NW
1188821.475,X_LEG_3,3.28,78.82,43.03,0,1500,1676,NW
1188821.496,X_LEG_3,3.28,78.82,43.03,0,1500,1676,NW
1188821.516,X_LEG_3,3.28,78.82,43.03,0,1500,1676,NW
1188821.538,X_LEG_3,3.28,78.82,43.03,0,1500,1676,NW
1188821.558,X_LEG_3,3.28,78.82,43.03,0,1500,1676,NW
1188821.578,X_LEG_3,3.28,78.82,43.03,0,1500,1676,NW
1188821.599,X_LEG_3,3.28,78.82,43.03,0,1500,1676,NW
1188821.619,X_LEG_3,3.54,78.89,24.15,1,1700,1725,NW
1188821.640,X_LEG_3,3.54,78.89,24.15,1,1700,1725,NW
1188821.660,X_LEG_3,3.54,78.89,24.15,1,1700,1725,NW
1188821.682,X_LEG_3,3.54,78.89,24.15,1,1700,1725,NW
1188821.703,X_LEG_3,3.54,78.89,24.15,1,1700,1725,NW
1188821.723,X_LEG_3,3.63,78.91,24.19,1,1700,1725,NW
1188821.744,X_LEG_3,3.63,78.91,24.19,1,1700,1725,NW
1188821.764,X_LEG_3,3.63,78.91,24.19,1,1700,1725,NW
1188821.785,X_LEG_3,3.63,78.91,24.19,1,1700,1725,NW
1188821.805,X_LEG_3,3.63,78.91,24.19,1,1700,1725,NW
1188821.826,X_LEG_3,3.72,78.93,24.23,1,1700,1724,NW
1188821.847,X_LEG_3,3.72,78.93,24.23,1,1700,1724,NW
1188821.867,X_LEG_3,3.72,78.93,24.23,1,1700,1724,NW
1188821.888,X_LEG_3,3.72,78.93,24.23,1,1700,1724,NW
1188821.911,X_LEG_3,3.72,78.93,24.23,1,1700,1724,NW
1188821.931,X_LEG_3,3.82,78.95,24.27,1,1700,1724,NW
1188821.952,X_LEG_3,3.82,78.95,24.27,1,1700,1724,NW
1188821.974,X_LEG_3,3.82,78.95,24.27,1,1700,1724,NW
1188821.995,X_LEG_3,3.82,78.95,24.27,1,1700,1724,NW
1188822.015,X_LEG_3,3.82,78.95,24.27,1,1700,1724,NW
1188822.035,X_LEG_3,3.82,78.95,24.27,1,1700,1724,NW
1188822.055,X_LEG_3,3.82,78.95,24.27,1,1700,1724,NW
1188822.076,X_LEG_3,3.82,78.95,24.27,1,1700,1724,NW
1188822.097,X_LEG_3,3.82,78.95,24.27,1,1700,1724,NW
1188822.119,X_LEG_3,3.82,78.95,24.27,1,1700,1724,NW
1188822.140,X_LEG_3,3.96,78.98,12.33,1,1700,1724,NW
1188822.160,X_LEG_3,3.96,78.98,12.33,1,1700,1724,NW
1188822.181,X_LEG_3,3.96,78.98,12.33,1,1700,1724,NW
1188822.201,X_LEG_3,3.96,78.98,12.33,1,1700,1724,NW
1188822.221,X_LEG_3,3.96,78.98,12.33,1,1700,1724,NW
1188822.241,X_LEG_3,4.11,79.01,12.39,1,1700,1723,NW
1188822.262,X_LEG_3,4.11,79.01,12.39,1,1700,1723,NW
1188822.283,X_LEG_3,4.11,79.01,12.39,1,1700,1723,NW
1188822.303,X_LEG_3,4.11,79.01,12.39,1,1700,1723,NW
1188822.324,X_LEG_3,4.11,79.01,12.39,1,1700,1723,NW
1188822.347,X_LEG_3,4.21,79.03,12.43,1,1700,1723,NW
1188822.367,X_LEG_3,4.21,79.03,12.43,1,1700,1723,NW
1188822.389,X_LEG_3,4.21,79.03,12.43,1,1700,1723,NW
1188822.409,X_LEG_3,4.21,79.03,12.43,1,1700,1723,NW
1188822.430,X_LEG_3,4.21,79.03,12.43,1,1700,1723,NW
1188822.450,X_LEG_3,4.31,79.04,12.46,1,1700,1723,NW
1188822.471,X_LEG_3,4.31,79.04,12.46,1,1700,1723,NW
1188822.491,X_LEG_3,4.31,79.04,12.46,1,1700,1723,NW
1188822.512,X_LEG_3,4.31,79.04,12.46,1,1700,1723,NW
1188822.532,X_LEG_3,4.31,79.04,12.46,1,1700,1723,NW
1188822.553,X_LEG_3,4.31,79.04,12.46,1,1700,1723,NW
1188822.573,X_LEG_3,4.31,79.04,12.46,1,1700,1723,NW
1188822.594,X_LEG_3,4.31,79.04,12.46,1,1700,1723,NW
1188822.614,X_LEG_3,4.31,79.04,12.46,1,1700,1723,NW
1188822.636,X_LEG_3,4.31,79.04,12.46,1,1700,1723,NW
1188822.656,X_LEG_3,4.31,79.04,12.46,1,1700,1723,NW
1188822.677,X_LEG_3,4.31,79.04,12.46,1,1700,1723,NW
1188822.697,X_LEG_3,4.31,79.04,12.46,1,1700,1723,NW
1188822.718,X_LEG_3,4.31,79.04,12.46,1,1700,1723,NW
1188822.738,X_LEG_3,4.31,79.04,12.46,1,1700,1723,NW
1188822.759,X_LEG_3,4.47,79.07,12.53,1,1700,1722,NW
1188822.779,X_LEG_3,4.47,79.07,12.53,1,1700,1722,NW
1188822.800,X_LEG_3,4.47,79.07,12.53,1,1700,1722,NW
1188822.820,X_LEG_3,4.47,79.07,12.53,1,1700,1722,NW
1188822.842,X_LEG_3,4.47,79.07,12.53,1,1700,1722,NW
1188822.862,X_LEG_3,4.63,79.08,12.59,1,1700,1722,NW
1188822.883,X_LEG_3,4.63,79.08,12.59,1,1700,1722,NW
1188822.904,X_LEG_3,4.63,79.08,12.59,1,1700,1722,NW
1188822.924,X_LEG_3,4.63,79.08,12.59,1,1700,1722,NW
1188822.944,X_LEG_3,4.63,79.08,12.59,1,1700,1722,NW
1188822.965,X_LEG_3,4.80,79.09,12.64,1,1700,1721,NW
1188822.985,X_LEG_3,4.80,79.09,12.64,1,1700,1721,NW
1188823.006,X_LEG_3,4.80,79.09,12.64,1,1700,1721,NW
1188823.026,X_LEG_3,4.80,79.09,12.64,1,1700,1721,NW
1188823.046,X_LEG_3,4.80,79.09,12.64,1,1700,1721,NW
1188823.067,X_LEG_3,4.97,79.09,12.70,1,1700,1721,NW
1188823.087,X_LEG_3,4.97,79.09,12.70,1,1700,1721,NW
1188823.109,X_LEG_3,4.97,79.09,12.70,1,1700,1721,NW
1188823.131,X_LEG_3,4.97,79.09,12.70,1,1700,1721,NW
1188823.150,X_LEG_3,4.97,79.09,12.70,1,1700,1721,NW
1188823.170,X_LEG_3,4.97,79.09,12.70,1,1700,1721,NW
1188823.191,X_LEG_3,4.97,79.09,12.70,1,1700,1721,NW
1188823.211,X_LEG_3,4.97,79.09,12.70,1,1700,1721,NW
1188823.232,X_LEG_3,4.97,79.09,12.70,1,1700,1721,NW
1188823.252,X_LEG_3,4.97,79.09,12.70,1,1700,1721,NW
1188823.272,X_LEG_3,5.15,79.09,12.75,1,1700,1720,NW
1188823.296,X_LEG_3,5.15,79.09,12.75,1,1700,1720,NW
1188823.316,X_LEG_3,5.15,79.09,12.75,1,1700,1720,NW
1188823.337,X_LEG_3,5.15,79.09,12.75,1,1700,1720,NW
1188823.357,X_LEG_3,5.15,79.09,12.75,1,1700,1720,NW
1188823.378,X_LEG_3,5.33,79.08,7.82,1,1700,1720,NW
1188823.398,X_LEG_3,5.33,79.08,7.82,1,1700,1720,NW
1188823.419,X_LEG_3,5.33,79.08,7.82,1,1700,1720,NW
1188823.439,X_LEG_3,5.33,79.08,7.82,1,1700,1720,NW
1188823.460,X_LEG_3,5.33,79.08,7.82,1,1700,1720,NW
1188823.480,X_LEG_3,5.51,79.08,7.88,1,1700,1719,NW
1188823.501,X_LEG_3,5.51,79.08,7.88,1,1700,1719,NW
1188823.521,X_LEG_3,5.51,79.08,7.88,1,1700,1719,NW
1188823.542,X_LEG_3,5.51,79.08,7.88,1,1700,1719,NW
1188823.562,X_LEG_3,5.51,79.08,7.88,1,1700,1719,NW
1188823.584,X_LEG_3,5.51,79.08,7.88,1,1700,1719,NW
1188823.604,X_LEG_3,5.51,79.08,7.88,1,1700,1719,NW
1188823.625,X_LEG_3,5.51,79.08,7.88,1,1700,1719,NW
1188823.645,X_LEG_3,5.51,79.08,7.88,1,1700,1719,NW
1188823.668,X_LEG_3,5.51,79.08,7.88,1,1700,1719,NW
1188823.690,X_LEG_3,5.69,79.06,7.93,1,1700,1718,NW
1188823.710,X_LEG_3,5.69,79.06,7.93,1,1700,1718,NW
1188823.731,X_LEG_3,5.69,79.06,7.93,1,1700,1718,NW
1188823.751,X_LEG_3,5.69,79.06,7.93,1,1700,1718,NW
1188823.771,X_LEG_3,5.69,79.06,7.93,1,1700,1718,NW
1188823.796,X_LEG_3,5.88,79.04,7.99,1,1700,1718,NW
1188823.816,X_LEG_3,5.88,79.04,7.99,1,1700,1718,NW
1188823.838,X_LEG_3,5.88,79.04,7.99,1,1700,1718,NW
1188823.858,X_LEG_3,5.88,79.04,7.99,1,1700,1718,NW
1188823.879,X_LEG_3,5.88,79.04,7.99,1,1700,1718,NW
1188823.901,X_LEG_3,6.08,79.02,8.05,1,1700,1717,NW
1188823.921,X_LEG_3,6.08,79.02,8.05,1,1700,1717,NW
1188823.942,X_LEG_3,6.08,79.02,8.05,1,1700,1717,NW
1188823.965,X_LEG_3,6.08,79.02,8.05,1,1700,1717,NW
1188823.986,X_LEG_3,6.08,79.02,8.05,1,1700,1717,NW
1188824.006,X_LEG_3,6.21,78.99,8.09,1,1700,1717,NW
1188824.027,X_LEG_3,6.21,78.99,8.09,1,1700,1717,NW
1188824.047,X_LEG_3,6.21,78.99,8.09,1,1700,1717,NW
1188824.067,X_LEG_3,6.21,78.99,8.09,1,1700,1717,NW
1188824.090,X_LEG_3,6.21,78.99,8.09,1,1700,1717,NW
1188824.110,X_LEG_3,6.34,78.97,8.13,1,1700,1716,NW
1188824.131,X_LEG_3,6.34,78.97,8.13,1,1700,1716,NW
1188824.152,X_LEG_3,6.34,78.97,8.13,1,1700,1716,NW
1188824.173,X_LEG_3,6.34,78.97,8.13,1,1700,1716,NW
1188824.193,X_LEG_3,6.34,78.97,8.13,1,1700,1716,NW
1188824.213,X_LEG_3,6.48,78.95,8.16,1,1700,1716,NW
1188824.234,X_LEG_3,6.48,78.95,8.16,1,1700,1716,NW
1188824.254,X_LEG_3,6.48,78.95,8.16,1,1700,1716,NW
1188824.274,X_LEG_3,6.48,78.95,8.16,1,1700,1716,NW
1188824.295,X_LEG_3,6.48,78.95,8.16,1,1700,1716,NW
1188824.315,X_LEG_3,6.61,78.93,8.21,1,1700,1716,NW
1188824.335,X_LEG_3,6.61,78.93,8.21,1,1700,1716,NW
1188824.355,X_LEG_3,6.61,78.93,8.21,1,1700,1716,NW
1188824.377,X_LEG_3,6.61,78.93,8.21,1,1700,1716,NW
1188824.397,X_LEG_3,6.61,78.93,8.21,1,1700,1716,NW
1188824.418,X_LEG_3,6.75,78.89,8.24,1,1700,1715,NW
1188824.438,X_LEG_3,6.75,78.89,8.24,1,1700,1715,NW
1188824.458,X_LEG_3,6.75,78.89,8.24,1,1700,1715,NW
1188824.479,X_LEG_3,6.75,78.89,8.24,1,1700,1715,NW
1188824.499,X_LEG_3,6.75,78.89,8.24,1,1700,1715,NW
1188824.521,X_LEG_3,6.75,78.89,8.24,1,1700,1715,NW
1188824.543,X_LEG_3,6.75,78.89,8.24,1,1700,1715,NW
1188824.563,X_LEG_3,6.75,78.89,8.24,1,1700,1715,NW
1188824.585,X_LEG_3,6.75,78.89,8.24,1,1700,1715,NW
1188824.605,X_LEG_3,6.75,78.89,8.24,1,1700,1715,NW
1188824.625,X_LEG_3,6.96,78.85,8.31,1,1700,1715,NW
1188824.646,X_LEG_3,6.96,78.85,8.31,1,1700,1715,NW
1188824.667,X_LEG_3,6.96,78.85,8.31,1,1700,1715,NW
1188824.687,X_LEG_3,6.96,78.85,8.31,1,1700,1715,NW
1188824.708,X_LEG_3,6.96,78.85,8.31,1,1700,1715,NW
1188824.728,X_LEG_3,7.17,78.79,6.36,1,1700,1714,NW
1188824.749,X_LEG_3,7.17,78.79,6.36,1,1700,1714,NW
1188824.774,X_LEG_3,7.17,78.79,6.36,1,1700,1714,NW
1188824.794,X_LEG_3,7.17,78.79,6.36,1,1700,1714,NW
1188824.816,X_LEG_3,7.17,78.79,6.36,1,1700,1714,NW
1188824.836,X_LEG_3,7.39,78.74,6.42,1,1700,1713,NW
1188824.856,X_LEG_3,7.39,78.74,6.42,1,1700,1713,NW
1188824.886,X_LEG_3,7.39,78.74,6.42,1,1700,1713,NW
1188824.907,X_LEG_3,7.39,78.74,6.42,1,1700,1713,NW
1188824.927,X_LEG_3,7.39,78.74,6.42,1,1700,1713,NW
1188824.947,X_LEG_3,7.53,78.70,6.46,1,1700,1713,NW
1188824.968,X_LEG_3,7.53,78.70,6.46,1,1700,1713,NW
1188824.988,X_LEG_3,7.53,78.70,6.46,1,1700,1713,NW
1188825.009,X_LEG_3,7.53,78.70,6.46,1,1700,1713,NW
1188825.029,X_LEG_3,7.53,78.70,6.46,1,1700,1713,NW
1188825.050,X_LEG_3,7.53,78.70,6.46,1,1700,1713,NW
1188825.070,X_LEG_3,7.53,78.70,6.46,1,1700,1713,NW
1188825.090,X_LEG_3,7.53,78.70,6.46,1,1700,1713,NW
1188825.111,X_LEG_3,7.53,78.70,6.46,1,1700,1713,NW
1188825.132,X_LEG_3,7.53,78.70,6.46,1,1700,1713,NW
1188825.152,X_LEG_3,7.68,78.66,6.50,1,1700,1712,NW
1188825.174,X_LEG_3,7.68,78.66,6.50,1,1700,1712,NW
1188825.194,X_LEG_3,7.68,78.66,6.50,1,1700,1712,NW
1188825.215,X_LEG_3,7.68,78.66,6.50,1,1700,1712,NW
1188825.236,X_LEG_3,7.68,78.66,6.50,1,1700,1712,NW
1188825.256,X_LEG_3,7.83,78.61,6.53,1,1700,1712,NW
1188825.277,X_LEG_3,7.83,78.61,6.53,1,1700,1712,NW
1188825.303,X_LEG_3,7.83,78.61,6.53,1,1700,1712,NW
1188825.325,X_LEG_3,7.83,78.61,6.53,1,1700,1712,NW
1188825.347,X_LEG_3,7.83,78.61,6.53,1,1700,1712,NW
1188825.367,X_LEG_3,7.98,78.57,5.57,1,1700,1712,NW
1188825.388,X_LEG_3,7.98,78.57,5.57,1,1700,1712,NW
1188825.409,X_LEG_3,7.98,78.57,5.57,1,1700,1712,NW
1188825.429,X_LEG_3,7.98,78.57,5.57,1,1700,1712,NW
1188825.450,X_LEG_3,7.98,78.57,5.57,1,1700,1712,NW
1188825.471,X_LEG_3,8.21,78.49,5.63,1,1700,1711,NW
1188825.492,X_LEG_3,8.21,78.49,5.63,1,1700,1711,NW
1188825.513,X_LEG_3,8.21,78.49,5.63,1,1700,1711,NW
1188825.534,X_LEG_3,8.21,78.49,5.63,1,1700,1711,NW
1188825.554,X_LEG_3,8.21,78.49,5.63,1,1700,1711,NW
1188825.574,X_LEG_3,8.36,78.44,5.66,1,1700,1710,NW
1188825.595,X_LEG_3,8.36,78.44,5.66,1,1700,1710,NW
1188825.616,X_LEG_3,8.36,78.44,5.66,1,1700,1710,NW
1188825.636,X_LEG_3,8.36,78.44,5.66,1,1700,1710,NW
1188825.657,X_LEG_3,8.36,78.44,5.66,1,1700,1710,NW
1188825.677,X_LEG_3,8.51,78.39,5.70,1,1700,1710,NW
1188825.698,X_LEG_3,8.51,78.39,5.70,1,1700,1710,NW
1188825.718,X_LEG_3,8.51,78.39,5.70,1,1700,1710,NW
1188825.739,X_LEG_3,8.51,78.39,5.70,1,1700,1710,NW
1188825.759,X_LEG_3,8.51,78.39,5.70,1,1700,1710,NW
1188825.780,X_LEG_3,8.51,78.39,5.70,1,1700,1710,NW
1188825.801,X_LEG_3,8.51,78.39,5.70,1,1700,1710,NW
1188825.820,X_LEG_3,8.51,78.39,5.70,1,1700,1710,NW
1188825.842,X_LEG_3,8.51,78.39,5.70,1,1700,1710,NW
1188825.863,X_LEG_3,8.51,78.39,5.70,1,1700,1710,NW
1188825.883,X_LEG_3,8.75,78.31,4.76,1,1700,1709,NW
1188825.904,X_LEG_3,8.75,78.31,4.76,1,1700,1709,NW
1188825.925,X_LEG_3,8.75,78.31,4.76,1,1700,1709,NW
1188825.945,X_LEG_3,8.75,78.31,4.76,1,1700,1709,NW
1188825.966,X_LEG_3,8.75,78.31,4.76,1,1700,1709,NW
1188825.987,X_LEG_3,8.91,78.25,4.80,1,1700,1709,NW
1188826.007,X_LEG_3,8.91,78.25,4.80,1,1700,1709,NW
1188826.029,X_LEG_3,8.91,78.25,4.80,1,1700,1709,NW
1188826.050,X_LEG_3,8.91,78.25,4.80,1,1700,1709,NW
1188826.070,X_LEG_3,8.91,78.25,4.80,1,1700,1709,NW
1188826.091,X_LEG_3,9.15,78.16,4.86,1,1700,1708,NW
1188826.111,X_LEG_3,9.15,78.16,4.86,1,1700,1708,NW
1188826.133,X_LEG_3,9.15,78.16,4.86,1,1700,1708,NW
1188826.154,X_LEG_3,9.15,78.16,4.86,1,1700,1708,NW
1188826.174,X_LEG_3,9.15,78.16,4.86,1,1700,1708,NW
1188826.196,X_LEG_3,9.39,78.06,4.91,1,1700,1707,NW
1188826.216,X_LEG_3,9.39,78.06,4.91,1,1700,1707,NW
1188826.236,X_LEG_3,9.39,78.06,4.91,1,1700,1707,NW
1188826.257,X_LEG_3,9.39,78.06,4.91,1,1700,1707,NW
1188826.278,X_LEG_3,9.39,78.06,4.91,1,1700,1707,NW
1188826.298,X_LEG_3,9.39,78.06,4.91,1,1700,1707,NW
1188826.319,X_LEG_3,9.39,78.06,4.91,1,1700,1707,NW
1188826.340,X_LEG_3,9.39,78.06,4.91,1,1700,1707,NW
1188826.360,X_LEG_3,9.39,78.06,4.91,1,1700,1707,NW
1188826.381,X_LEG_3,9.39,78.06,4.91,1,1700,1707,NW
1188826.401,X_LEG_3,9.64,77.96,4.97,1,1700,1707,NW
1188826.422,X_LEG_3,9.64,77.96,4.97,1,1700,1707,NW
1188826.442,X_LEG_3,9.64,77.96,4.97,1,1700,1707,NW
1188826.465,X_LEG_3,9.64,77.96,4.97,1,1700,1707,NW
1188826.485,X_LEG_3,9.64,77.96,4.97,1,1700,1707,NW
1188826.505,X_LEG_3,9.89,77.86,5.02,1,1700,1706,NW
1188826.527,X_LEG_3,9.89,77.86,5.02,1,1700,1706,NW
1188826.548,X_LEG_3,9.89,77.86,5.02,1,1700,1706,NW
1188826.568,X_LEG_3,9.89,77.86,5.02,1,1700,1706,NW
1188826.589,X_LEG_3,9.89,77.86,5.02,1,1700,1706,NW
1188826.610,X_LEG_3,9.89,77.86,4.02,1,1700,1706,NW
1188826.630,X_LEG_3,9.89,77.86,4.02,1,1700,1706,NW
1188826.651,X_LEG_3,9.89,77.86,4.02,1,1700,1706,NW
1188826.671,X_LEG_3,9.89,77.86,4.02,1,1700,1706,NW
1188826.691,X_LEG_3,9.89,77.86,4.02,1,1700,1706,NW
1188826.712,X_LEG_3,10.14,77.75,4.08,1,1700,1705,NW
1188826.733,X_LEG_3,10.14,77.75,4.08,1,1700,1705,NW
1188826.753,X_LEG_3,10.14,77.75,4.08,1,1700,1705,NW
1188826.776,X_LEG_3,10.14,77.75,4.08,1,1700,1705,NW
1188826.797,X_LEG_3,10.14,77.75,4.08,1,1700,1705,NW
1188826.817,X_LEG_3,10.39,77.64,4.14,1,1700,1704,NW
1188826.838,X_LEG_3,10.39,77.64,4.14,1,1700,1704,NW
1188826.858,X_LEG_3,10.39,77.64,4.14,1,1700,1704,NW
1188826.878,X_LEG_3,10.39,77.64,4.14,1,1700,1704,NW
1188826.899,X_LEG_3,10.39,77.64,4.14,1,1700,1704,NW
1188826.919,X_LEG_3,10.57,77.56,4.17,1,1700,1704,NW
1188826.940,X_LEG_3,10.57,77.56,4.17,1,1700,1704,NW
1188826.961,X_LEG_3,10.57,77.56,4.17,1,1700,1704,NW
1188826.982,X_LEG_3,10.57,77.56,4.17,1,1700,1704,NW
1188827.002,X_LEG_3,10.57,77.56,4.17,1,1700,1704,NW
1188827.023,X_LEG_3,10.83,77.45,4.23,1,1700,1703,NW
1188827.043,X_LEG_3,10.83,77.45,4.23,1,1700,1703,NW
1188827.064,X_LEG_3,10.83,77.45,4.23,1,1700,1703,NW
1188827.084,X_LEG_3,10.83,77.45,4.23,1,1700,1703,NW
1188827.105,X_LEG_3,10.83,77.45,4.23,1,1700,1703,NW
1188827.126,X_LEG_3,11.00,77.37,4.27,1,1700,1703,NW
1188827.147,X_LEG_3,11.00,77.37,4.27,1,1700,1703,NW
1188827.167,X_LEG_3,11.00,77.37,4.27,1,1700,1703,NW
1188827.187,X_LEG_3,11.00,77.37,4.27,1,1700,1703,NW
1188827.208,X_LEG_3,11.00,77.37,4.27,1,1700,1703,NW
1188827.229,X_LEG_3,11.00,77.37,3.27,1,1700,1703,NW
1188827.249,X_LEG_3,11.00,77.37,3.27,1,1700,1703,NW
1188827.271,X_LEG_3,11.00,77.37,3.27,1,1700,1703,NW
1188827.291,X_LEG_3,11.00,77.37,3.27,1,1700,1703,NW
1188827.312,X_LEG_3,11.00,77.37,3.27,1,1700,1703,NW
1188827.333,X_LEG_3,11.27,77.24,3.32,1,1700,1702,NW
1188827.353,X_LEG_3,11.27,77.24,3.32,1,1700,1702,NW
1188827.373,X_LEG_3,11.27,77.24,3.32,1,1700,1702,NW
1188827.394,X_LEG_3,11.27,77.24,3.32,1,1700,1702,NW
1188827.415,X_LEG_3,11.27,77.24,3.32,1,1700,1702,NW
1188827.435,X_LEG_3,11.53,77.11,3.38,1,1700,1701,NW
1188827.456,X_LEG_3,11.53,77.11,3.38,1,1700,1701,NW
1188827.476,X_LEG_3,11.53,77.11,3.38,1,1700,1701,NW
1188827.497,X_LEG_3,11.53,77.11,3.38,1,1700,1701,NW
1188827.518,X_LEG_3,11.53,77.11,3.38,1,1700,1701,NW
1188827.538,X_LEG_3,11.80,76.98,3.43,1,1700,1700,NW
1188827.559,X_LEG_3,11.80,76.98,3.43,1,1700,1700,NW
1188827.579,X_LEG_3,11.80,76.98,3.43,1,1700,1700,NW
1188827.600,X_LEG_3,11.80,76.98,3.43,1,1700,1700,NW
1188827.620,X_LEG_3,11.80,76.98,3.43,1,1700,1700,NW
1188827.640,X_LEG_3,11.80,76.98,3.43,1,1700,1700,NW
1188827.660,X_LEG_3,11.80,76.98,3.43,1,1700,1700,NW
1188827.681,X_LEG_3,11.80,76.98,3.43,1,1700,1700,NW
1188827.702,X_LEG_3,11.80,76.98,3.43,1,1700,1700,NW
1188827.723,X_LEG_3,11.80,76.98,3.43,1,1700,1700,NW
1188827.743,X_LEG_3,12.07,76.84,3.49,1,1700,1699,NW
1188827.764,X_LEG_3,12.07,76.84,3.49,1,1700,1699,NW
1188827.784,X_LEG_3,12.07,76.84,3.49,1,1700,1699,NW
1188827.805,X_LEG_3,12.07,76.84,3.49,1,1700,1699,NW
1188827.825,X_LEG_3,12.07,76.84,3.49,1,1700,1699,NW
1188827.846,X_LEG_3,12.35,76.70,3.55,1,1700,1698,NW
1188827.866,X_LEG_3,12.35,76.70,3.55,1,1700,1698,NW
1188827.888,X_LEG_3,12.35,76.70,3.55,1,1700,1698,NW
1188827.908,X_LEG_3,12.35,76.70,3.55,1,1700,1698,NW
1188827.928,X_LEG_3,12.35,76.70,3.55,1,1700,1698,NW
1188827.950,X_LEG_3,12.53,76.61,3.58,1,1700,1698,NW
1188827.973,X_LEG_3,12.53,76.61,3.58,1,1700,1698,NW
1188827.995,X_LEG_3,12.53,76.61,3.58,1,1700,1698,NW
1188828.017,X_LEG_3,12.53,76.61,3.58,1,1700,1698,NW
1188828.037,X_LEG_3,12.53,76.61,3.58,1,1700,1698,NW
1188828.059,X_LEG_3,12.81,76.46,3.63,1,1700,1697,NW
1188828.081,X_LEG_3,12.81,76.46,3.63,1,1700,1697,NW
1188828.101,X_LEG_3,12.81,76.46,3.63,1,1700,1697,NW
1188828.122,X_LEG_3,12.81,76.46,3.63,1,1700,1697,NW
1188828.143,X_LEG_3,12.81,76.46,3.63,1,1700,1697,NW
1188828.163,X_LEG_3,13.00,76.36,3.68,1,1700,1697,NW
1188828.184,X_LEG_3,13.00,76.36,3.68,1,1700,1697,NW
1188828.205,X_LEG_3,13.00,76.36,3.68,1,1700,1697,NW
1188828.225,X_LEG_3,13.00,76.36,3.68,1,1700,1697,NW
1188828.246,X_LEG_3,13.00,76.36,3.68,1,1700,1697,NW
1188828.268,X_LEG_3,13.00,76.36,3.68,1,1700,1697,NW
1188828.289,X_LEG_3,13.00,76.36,3.68,1,1700,1697,NW
1188828.309,X_LEG_3,13.00,76.36,3.68,1,1700,1697,NW
1188828.330,X_LEG_3,13.00,76.36,3.68,1,1700,1697,NW
1188828.351,X_LEG_3,13.00,76.36,3.68,1,1700,1697,NW
1188828.371,X_LEG_3,13.29,76.21,2.73,1,1700,1696,NW
1188828.392,X_LEG_3,13.29,76.21,2.73,1,1700,1696,NW
1188828.412,X_LEG_3,13.29,76.21,2.73,1,1700,1696,NW
1188828.433,X_LEG_3,13.29,76.21,2.73,1,1700,1696,NW
1188828.453,X_LEG_3,13.29,76.21,2.73,1,1700,1696,NW
1188828.474,X_LEG_3,13.57,76.06,2.79,1,1700,1695,NW
1188828.495,X_LEG_3,13.57,76.06,2.79,1,1700,1695,NW
1188828.517,X_LEG_3,13.57,76.06,2.79,1,1700,1695,NW
1188828.537,X_LEG_3,13.57,76.06,2.79,1,1700,1695,NW
1188828.560,X_LEG_3,13.57,76.06,2.79,1,1700,1695,NW
1188828.578,X_LEG_3,13.86,75.90,2.84,1,1700,1694,NW
1188828.599,X_LEG_3,13.86,75.90,2.84,1,1700,1694,NW
1188828.620,X_LEG_3,13.86,75.90,2.84,1,1700,1694,NW
1188828.641,X_LEG_3,13.86,75.90,2.84,1,1700,1694,NW
1188828.661,X_LEG_3,13.86,75.90,2.84,1,1700,1694,NW
1188828.681,X_LEG_3,13.86,75.90,2.84,1,1700,1694,NW
1188828.702,X_LEG_3,13.86,75.90,2.84,1,1700,1694,NW
1188828.722,X_LEG_3,13.86,75.90,2.84,1,1700,1694,NW
1188828.743,X_LEG_3,13.86,75.90,2.84,1,1700,1694,NW
1188828.764,X_LEG_3,13.86,75.90,2.84,1,1700,1694,NW
1188828.785,X_LEG_3,14.15,75.74,2.89,1,1700,1693,NW
1188828.805,X_LEG_3,14.15,75.74,2.89,1,1700,1693,NW
1188828.828,X_LEG_3,14.15,75.74,2.89,1,1700,1693,NW
1188828.851,X_LEG_3,14.15,75.74,2.89,1,1700,1693,NW
1188828.871,X_LEG_3,14.15,75.74,2.89,1,1700,1693,NW
1188828.892,X_LEG_3,14.15,75.74,2.89,1,1700,1693,NW
1188828.912,X_LEG_3,14.15,75.74,2.89,1,1700,1693,NW
1188828.933,X_LEG_3,14.15,75.74,2.89,1,1700,1693,NW
1188828.953,X_LEG_3,14.15,75.74,2.89,1,1700,1693,NW
1188828.973,X_LEG_3,14.15,75.74,2.89,1,1700,1693,NW
1188828.994,X_LEG_3,14.44,75.58,2.95,1,1700,1692,NW
1188829.014,X_LEG_3,14.44,75.58,2.95,1,1700,1692,NW
1188829.034,X_LEG_3,14.44,75.58,2.95,1,1700,1692,NW
1188829.056,X_LEG_3,14.44,75.58,2.95,1,1700,1692,NW
1188829.076,X_LEG_3,14.44,75.58,2.95,1,1700,1692,NW
1188829.096,X_LEG_3,14.74,75.41,3.01,1,1700,1691,NW
1188829.118,X_LEG_3,14.74,75.41,3.01,1,1700,1691,NW
1188829.139,X_LEG_3,14.74,75.41,3.01,1,1700,1691,NW
1188829.159,X_LEG_3,14.74,75.41,3.01,1,1700,1691,NW
1188829.180,X_LEG_3,14.74,75.41,3.01,1,1700,1691,NW
1188829.201,X_LEG_3,14.93,75.29,3.04,1,1700,1691,NW
1188829.221,X_LEG_3,14.93,75.29,3.04,1,1700,1691,NW
1188829.242,X_LEG_3,14.93,75.29,3.04,1,1700,1691,NW
1188829.263,X_LEG_3,14.93,75.29,3.04,1,1700,1691,NW
1188829.283,X_LEG_3,14.93,75.29,3.04,1,1700,1691,NW
1188829.304,X_LEG_3,15.23,75.12,3.09,1,1700,1691,NW
1188829.327,X_LEG_3,15.23,75.12,3.09,1,1700,1691,NW
1188829.346,X_LEG_3,15.23,75.12,3.09,1,1700,1691,NW
1188829.366,X_LEG_3,15.23,75.12,3.09,1,1700,1691,NW
1188829.388,X_LEG_3,15.23,75.12,3.09,1,1700,1691,NW
1188829.409,X_LEG_3,15.53,74.94,3.15,1,1700,1690,NW
1188829.429,X_LEG_3,15.53,74.94,3.15,1,1700,1690,NW
1188829.449,X_LEG_3,15.53,74.94,3.15,1,1700,1690,NW
1188829.470,X_LEG_3,15.53,74.94,3.15,1,1700,1690,NW
1188829.490,X_LEG_3,15.53,74.94,3.15,1,1700,1690,NW
1188829.511,X_LEG_3,15.53,74.94,3.15,1,1700,1690,NW
1188829.532,X_LEG_3,15.53,74.94,3.15,1,1700,1690,NW
1188829.553,X_LEG_3,15.53,74.94,3.15,1,1700,1690,NW
1188829.573,X_LEG_3,15.53,74.94,3.15,1,1700,1690,NW
1188829.594,X_LEG_3,15.53,74.94,3.15,1,1700,1690,NW
1188829.614,X_LEG_3,15.83,74.76,3.20,1,1700,1689,NW
1188829.635,X_LEG_3,15.83,74.76,3.20,1,1700,1689,NW
1188829.655,X_LEG_3,15.83,74.76,3.20,1,1700,1689,NW
1188829.676,X_LEG_3,15.83,74.76,3.20,1,1700,1689,NW
1188829.697,X_LEG_3,15.83,74.76,3.20,1,1700,1689,NW
1188829.718,X_LEG_3,15.83,74.76,3.20,1,1700,1689,NW
1188829.739,X_LEG_3,15.83,74.76,3.20,1,1700,1689,NW
1188829.759,X_LEG_3,15.83,74.76,3.20,1,1700,1689,NW
1188829.780,X_LEG_3,15.83,74.76,3.20,1,1700,1689,NW
1188829.800,X_LEG_3,15.83,74.76,3.20,1,1700,1689,NW
1188829.824,X_LEG_3,16.14,74.59,3.26,1,1700,1688,NW
1188829.844,X_LEG_3,16.14,74.59,3.26,1,1700,1688,NW
1188829.865,X_LEG_3,16.14,74.59,3.26,1,1700,1688,NW
1188829.885,X_LEG_3,16.14,74.59,3.26,1,1700,1688,NW
1188829.906,X_LEG_3,16.14,74.59,3.26,1,1700,1688,NW
1188829.926,X_LEG_3,16.45,74.40,3.31,1,1700,1687,NW
1188829.949,X_LEG_3,16.45,74.40,3.31,1,1700,1687,NW
1188829.969,X_LEG_3,16.45,74.40,3.31,1,1700,1687,NW
1188829.990,X_LEG_3,16.45,74.40,3.31,1,1700,1687,NW
1188830.011,X_LEG_3,16.45,74.40,3.31,1,1700,1687,NW
1188830.031,X_LEG_3,16.65,74.27,2.35,1,1700,1687,NW
1188830.052,X_LEG_3,16.65,74.27,2.35,1,1700,1687,NW
1188830.072,X_LEG_3,16.65,74.27,2.35,1,1700,1687,NW
1188830.093,X_LEG_3,16.65,74.27,2.35,1,1700,1687,NW
1188830.116,X_LEG_3,16.65,74.27,2.35,1,1700,1687,NW
1188830.137,X_LEG_3,16.96,74.09,2.40,1,1700,1686,NW
1188830.157,X_LEG_3,16.96,74.09,2.40,1,1700,1686,NW
1188830.188,X_LEG_3,16.96,74.09,2.40,1,1700,1686,NW
1188830.214,X_LEG_3,16.96,74.09,2.40,1,1700,1686,NW
1188830.236,X_LEG_3,16.96,74.09,2.40,1,1700,1686,NW
1188830.257,X_LEG_3,17.17,73.96,2.43,1,1700,1685,NW
1188830.278,X_LEG_3,17.17,73.96,2.43,1,1700,1685,NW
1188830.298,X_LEG_3,17.17,73.96,2.43,1,1700,1685,NW
1188830.324,X_LEG_3,17.17,73.96,2.43,1,1700,1685,NW
1188830.344,X_LEG_3,17.17,73.96,2.43,1,1700,1685,NW
1188830.371,X_LEG_3,17.37,73.83,2.47,1,1700,1684,NW
1188830.391,X_LEG_3,17.37,73.83,2.47,1,1700,1684,NW
1188830.422,X_LEG_3,17.37,73.83,2.47,1,1700,1684,NW
1188830.463,X_LEG_3,17.37,73.83,2.47,1,1700,1684,NW
1188830.487,X_LEG_3,17.37,73.83,2.47,1,1700,1684,NW
1188830.508,X_LEG_3,17.37,73.83,2.47,1,1700,1684,NW
1188830.532,X_LEG_3,17.37,73.83,2.47,1,1700,1684,NW
1188830.556,X_LEG_3,17.37,73.83,2.47,1,1700,1684,NW
1188830.578,X_LEG_3,17.37,73.83,2.47,1,1700,1684,NW
1188830.619,X_LEG_3,17.37,73.83,2.47,1,1700,1684,NW
1188830.641,X_LEG_3,17.58,73.70,2.50,1,1700,1684,NW
1188830.666,X_LEG_3,17.58,73.70,2.50,1,1700,1684,NW
1188830.686,X_LEG_3,17.58,73.70,2.50,1,1700,1684,NW
1188830.712,X_LEG_3,17.58,73.70,2.50,1,1700,1684,NW
1188830.733,X_LEG_3,17.79,73.57,2.54,1,1700,1683,NW
1188830.753,X_LEG_3,17.79,73.57,2.54,1,1700,1683,NW
1188830.773,X_LEG_3,17.79,73.57,2.54,1,1700,1683,NW
1188830.797,X_LEG_3,17.79,73.57,2.54,1,1700,1683,NW
1188830.817,X_LEG_3,17.79,73.57,2.54,1,1700,1683,NW
1188830.837,X_LEG_3,18.00,73.44,2.58,1,1700,1682,NW
1188830.858,X_LEG_3,18.00,73.44,2.58,1,1700,1682,NW
1188830.883,X_LEG_3,18.00,73.44,2.58,1,1700,1682,NW
1188830.904,X_LEG_3,18.00,73.44,2.58,1,1700,1682,NW
1188830.931,X_LEG_3,18.00,73.44,2.58,1,1700,1682,NW
1188830.952,X_LEG_3,18.21,73.30,2.61,1,1700,1682,NW
1188830.972,X_LEG_3,18.21,73.30,2.61,1,1700,1682,NW
1188830.992,X_LEG_3,18.21,73.30,2.61,1,1700,1682,NW
1188831.014,X_LEG_3,18.21,73.30,2.61,1,1700,1682,NW
1188831.034,X_LEG_3,18.21,73.30,2.61,1,1700,1682,NW
1188831.055,X_LEG_3,18.21,73.30,2.61,1,1700,1682,NW
1188831.075,X_LEG_3,18.21,73.30,2.61,1,1700,1682,NW
1188831.098,X_LEG_3,18.21,73.30,2.61,1,1700,1682,NW
1188831.120,X_LEG_3,18.21,73.30,2.61,1,1700,1682,NW
1188831.140,X_LEG_3,18.21,73.30,2.61,1,1700,1682,NW
1188831.160,X_LEG_3,18.42,73.17,2.65,1,1700,1681,NW
1188831.181,X_LEG_3,18.42,73.17,2.65,1,1700,1681,NW
1188831.201,X_LEG_3,18.42,73.17,2.65,1,1700,1681,NW
1188831.222,X_LEG_3,18.42,73.17,2.65,1,1700,1681,NW
1188831.244,X_LEG_3,18.42,73.17,2.65,1,1700,1681,NW
1188831.265,X_LEG_3,18.64,73.04,2.68,1,1700,1681,NW
1188831.285,X_LEG_3,18.64,73.04,2.68,1,1700,1681,NW
1188831.305,X_LEG_3,18.64,73.04,2.68,1,1700,1681,NW
1188831.326,X_LEG_3,18.64,73.04,2.68,1,1700,1681,NW
1188831.352,X_LEG_3,18.64,73.04,2.68,1,1700,1681,NW
1188831.372,X_LEG_3,18.85,72.89,2.71,1,1700,1680,NW
1188831.394,X_LEG_3,18.85,72.89,2.71,1,1700,1680,NW
1188831.414,X_LEG_3,18.85,72.89,2.71,1,1700,1680,NW
1188831.434,X_LEG_3,18.85,72.89,2.71,1,1700,1680,NW
1188831.455,X_LEG_3,18.85,72.89,2.71,1,1700,1680,NW
1188831.476,X_LEG_3,19.06,72.75,2.75,1,1700,1679,NW
1188831.498,X_LEG_3,19.06,72.75,2.75,1,1700,1679,NW
1188831.519,X_LEG_3,19.06,72.75,2.75,1,1700,1679,NW
1188831.540,X_LEG_3,19.06,72.75,2.75,1,1700,1679,NW
1188831.560,X_LEG_3,19.06,72.75,2.75,1,1700,1679,NW
1188831.581,X_LEG_3,19.28,72.62,2.79,1,1700,1679,NW
1188831.603,X_LEG_3,19.28,72.62,2.79,1,1700,1679,NW
1188831.624,X_LEG_3,19.28,72.62,2.79,1,1700,1679,NW
1188831.644,X_LEG_3,19.28,72.62,2.79,1,1700,1679,NW
1188831.665,X_LEG_3,19.28,72.62,2.79,1,1700,1679,NW
1188831.687,X_LEG_3,19.49,72.47,2.83,1,1700,1678,NW
1188831.707,X_LEG_3,19.49,72.47,2.83,1,1700,1678,NW
1188831.728,X_LEG_3,19.49,72.47,2.83,1,1700,1678,NW
1188831.749,X_LEG_3,19.49,72.47,2.83,1,1700,1678,NW
1188831.772,X_LEG_3,19.49,72.47,2.83,1,1700,1678,NW
1188831.793,X_LEG_3,19.71,72.34,2.86,1,1700,1677,NW
1188831.818,X_LEG_3,19.71,72.34,2.86,1,1700,1677,NW
1188831.839,X_LEG_3,19.71,72.34,2.86,1,1700,1677,NW
1188831.860,X_LEG_3,19.71,72.34,2.86,1,1700,1677,NW
1188831.881,X_LEG_3,19.71,72.34,2.86,1,1700,1677,NW
1188831.904,X_LEG_3,19.92,72.19,2.90,1,1700,1677,NW
1188831.925,X_LEG_3,19.92,72.19,2.90,1,1700,1677,NW
1188831.945,X_LEG_3,19.92,72.19,2.90,1,1700,1677,NW
1188831.966,X_LEG_3,19.92,72.19,2.90,1,1700,1677,NW
1188831.986,X_LEG_3,19.92,72.19,2.90,1,1700,1677,NW
1188832.007,X_LEG_3,19.92,72.19,2.90,1,1700,1677,NW
1188832.027,X_LEG_3,19.92,72.19,2.90,1,1700,1677,NW
1188832.048,X_LEG_3,19.92,72.19,2.90,1,1700,1677,NW
1188832.069,X_LEG_3,19.92,72.19,2.90,1,1700,1677,NW
1188832.090,X_LEG_3,19.92,72.19,2.90,1,1700,1677,NW
1188832.110,X_LEG_3,20.14,72.05,2.93,1,1700,1676,NW
1188832.131,X_LEG_3,20.14,72.05,2.93,1,1700,1676,NW
1188832.152,X_LEG_3,20.14,72.05,2.93,1,1700,1676,NW
1188832.172,X_LEG_3,20.14,72.05,2.93,1,1700,1676,NW
1188832.194,X_LEG_3,20.14,72.05,2.93,1,1700,1676,NW
1188832.214,X_LEG_3,20.35,71.90,2.96,1,1700,1675,NW
1188832.234,X_LEG_3,20.35,71.90,2.96,1,1700,1675,NW
1188832.255,X_LEG_3,20.35,71.90,2.96,1,1700,1675,NW
1188832.276,X_LEG_3,20.35,71.90,2.96,1,1700,1675,NW
1188832.298,X_LEG_3,20.35,71.90,2.96,1,1700,1675,NW
1188832.318,X_LEG_3,20.57,71.76,3.00,1,1700,1675,NW
1188832.338,X_LEG_3,20.57,71.76,3.00,1,1700,1675,NW
1188832.358,X_LEG_3,20.57,71.76,3.00,1,1700,1675,NW
1188832.379,X_LEG_3,20.57,71.76,3.00,1,1700,1675,NW
1188832.399,X_LEG_3,20.57,71.76,3.00,1,1700,1675,NW
1188832.421,X_LEG_3,20.79,71.61,3.04,1,1700,1674,NW
1188832.442,X_LEG_3,20.79,71.61,3.04,1,1700,1674,NW
1188832.462,X_LEG_3,20.79,71.61,3.04,1,1700,1674,NW
1188832.483,X_LEG_3,20.79,71.61,3.04,1,1700,1674,NW
1188832.503,X_LEG_3,20.79,71.61,3.04,1,1700,1674,NW
1188832.524,X_LEG_3,21.01,71.45,3.07,1,1700,1673,NW
1188832.544,X_LEG_3,21.01,71.45,3.07,1,1700,1673,NW
1188832.565,X_LEG_3,21.01,71.45,3.07,1,1700,1673,NW
1188832.586,X_LEG_3,21.01,71.45,3.07,1,1700,1673,NW
1188832.607,X_LEG_3,21.01,71.45,3.07,1,1700,1673,NW
1188832.627,X_LEG_3,21.23,71.31,3.10,1,1700,1673,NW
1188832.647,X_LEG_3,21.23,71.31,3.10,1,1700,1673,NW
1188832.668,X_LEG_3,21.23,71.31,3.10,1,1700,1673,NW
1188832.689,X_LEG_3,21.23,71.31,3.10,1,1700,1673,NW
1188832.709,X_LEG_3,21.23,71.31,3.10,1,1700,1673,NW
1188832.731,X_LEG_3,21.45,71.16,2.14,1,1700,1672,NW
1188832.752,X_LEG_3,21.45,71.16,2.14,1,1700,1672,NW
1188832.773,X_LEG_3,21.45,71.16,2.14,1,1700,1672,NW
1188832.794,X_LEG_3,21.45,71.16,2.14,1,1700,1672,NW
1188832.815,X_LEG_3,21.45,71.16,2.14,1,1700,1672,NW
1188832.835,X_LEG_3,21.78,70.93,2.19,1,1700,1671,NW
1188832.858,X_LEG_3,21.78,70.93,2.19,1,1700,1671,NW
1188832.877,X_LEG_3,21.78,70.93,2.19,1,1700,1671,NW
1188832.898,X_LEG_3,21.78,70.93,2.19,1,1700,1671,NW
1188832.922,X_LEG_3,21.78,70.93,2.19,1,1700,1671,NW
1188832.943,X_LEG_3,21.78,70.93,2.19,1,1700,1671,NW
1188832.967,X_LEG_3,21.78,70.93,2.19,1,1700,1671,NW
1188832.988,X_LEG_3,21.78,70.93,2.19,1,1700,1671,NW
1188833.008,X_LEG_3,21.78,70.93,2.19,1,1700,1671,NW
1188833.030,X_LEG_3,21.78,70.93,2.19,1,1700,1671,NW
1188833.050,X_LEG_3,22.11,70.71,2.24,1,1700,1670,NW
1188833.070,X_LEG_3,22.11,70.71,2.24,1,1700,1670,NW
1188833.091,X_LEG_3,22.11,70.71,2.24,1,1700,1670,NW
1188833.111,X_LEG_3,22.11,70.71,2.24,1,1700,1670,NW
1188833.132,X_LEG_3,22.11,70.71,2.24,1,1700,1670,NW
1188833.153,X_LEG_3,22.11,70.48,2.30,1,1700,1670,NW
1188833.173,X_LEG_3,22.44,70.48,2.30,1,1700,1669,NW
1188833.195,X_LEG_3,22.44,70.48,2.30,1,1700,1669,NW
1188833.217,X_LEG_3,22.44,70.48,2.30,1,1700,1669,NW
1188833.237,X_LEG_3,22.44,70.48,2.30,1,1700,1669,NW
1188833.266,X_LEG_3,22.77,70.24,2.35,1,1700,1668,NW
1188833.286,X_LEG_3,22.77,70.24,2.35,1,1700,1668,NW
1188833.307,X_LEG_3,22.77,70.24,2.35,1,1700,1668,NW
1188833.329,X_LEG_3,22.77,70.24,2.35,1,1700,1668,NW
1188833.349,X_LEG_3,22.77,70.24,2.35,1,1700,1668,NW
1188833.371,X_LEG_3,22.99,70.08,2.38,1,1700,1668,NW
1188833.391,X_LEG_3,22.99,70.08,2.38,1,1700,1668,NW
1188833.412,X_LEG_3,22.99,70.08,2.38,1,1700,1668,NW
1188833.433,X_LEG_3,22.99,70.08,2.38,1,1700,1668,NW
1188833.453,X_LEG_3,22.99,70.08,2.38,1,1700,1668,NW
1188833.473,X_LEG_3,22.99,70.08,2.38,1,1700,1668,NW
1188833.495,X_LEG_3,22.99,70.08,2.38,1,1700,1668,NW
1188833.516,X_LEG_3,22.99,70.08,2.38,1,1700,1668,NW
1188833.536,X_LEG_3,22.99,70.08,2.38,1,1700,1668,NW
1188833.557,X_LEG_3,22.99,70.08,2.38,1,1700,1668,NW
1188833.577,X_LEG_3,23.33,69.85,2.44,1,1700,1667,NW
1188833.597,X_LEG_3,23.33,69.85,2.44,1,1700,1667,NW
1188833.619,X_LEG_3,23.33,69.85,2.44,1,1700,1667,NW
1188833.639,X_LEG_3,23.33,69.85,2.44,1,1700,1667,NW
1188833.660,X_LEG_3,23.33,69.85,2.44,1,1700,1667,NW
1188833.680,X_LEG_3,23.66,69.61,2.49,1,1700,1666,NW
1188833.700,X_LEG_3,23.66,69.61,2.49,1,1700,1666,NW
1188833.722,X_LEG_3,23.66,69.61,2.49,1,1700,1666,NW
1188833.743,X_LEG_3,23.66,69.61,2.49,1,1700,1666,NW
1188833.763,X_LEG_3,23.66,69.61,2.49,1,1700,1666,NW
1188833.784,X_LEG_3,23.88,69.45,1.53,1,1700,1665,NW
1188833.807,X_LEG_3,23.88,69.45,1.53,1,1700,1665,NW
1188833.829,X_LEG_3,23.88,69.45,1.53,1,1700,1665,NW
1188833.851,X_LEG_3,23.88,69.45,1.53,1,1700,1665,NW
1188833.871,X_LEG_3,23.88,69.45,1.53,1,1700,1665,NW
1188833.891,X_LEG_3,24.11,69.29,1.56,1,1700,1664,NW
1188833.911,X_LEG_3,24.11,69.29,1.56,1,1700,1664,NW
1188833.932,X_LEG_3,24.11,69.29,1.56,1,1700,1664,NW
1188833.952,X_LEG_3,24.11,69.29,1.56,1,1700,1664,NW
1188833.973,X_LEG_3,24.11,69.29,1.56,1,1700,1664,NW
1188833.993,X_LEG_3,24.44,69.04,1.61,1,1700,1663,NW
1188834.014,X_LEG_3,24.44,69.04,1.61,1,1700,1663,NW
1188834.036,X_LEG_3,24.44,69.04,1.61,1,1700,1663,NW
1188834.058,X_LEG_3,24.44,69.04,1.61,1,1700,1663,NW
1188834.079,X_LEG_3,24.44,69.04,1.61,1,1700,1663,NW
1188834.106,X_LEG_3,24.44,69.04,1.61,1,1700,1663,NW
1188834.128,X_LEG_3,24.44,69.04,1.61,1,1700,1663,NW
1188834.149,X_LEG_3,24.44,69.04,1.61,1,1700,1663,NW
1188834.172,X_LEG_3,24.44,69.04,1.61,1,1700,1663,NW
1188834.197,X_LEG_3,24.44,69.04,1.61,1,1700,1663,NW
1188834.218,X_LEG_3,24.66,68.88,1.65,1,1700,1663,NW
1188834.241,X_LEG_3,24.66,68.88,1.65,1,1700,1663,NW
1188834.265,X_LEG_3,24.66,68.88,1.65,1,1700,1663,NW
1188834.296,X_LEG_3,24.66,68.88,1.65,1,1700,1663,NW
1188834.322,X_LEG_3,24.66,68.88,1.65,1,1700,1663,NW
1188834.343,X_LEG_3,24.66,68.88,1.65,1,1700,1663,NW
1188834.364,X_LEG_3,24.66,68.88,1.65,1,1700,1663,NW
1188834.385,X_LEG_3,24.66,68.88,1.65,1,1700,1663,NW
1188834.406,X_LEG_3,24.66,68.88,1.65,1,1700,1663,NW
1188834.431,X_LEG_3,24.66,68.88,1.65,1,1700,1663,NW
1188834.451,X_LEG_3,25.11,68.55,1.71,1,1700,1661,NW
1188834.474,X_LEG_3,25.11,68.55,1.71,1,1700,1661,NW
1188834.494,X_LEG_3,25.11,68.55,1.71,1,1700,1661,NW
1188834.515,X_LEG_3,25.11,68.55,1.71,1,1700,1661,NW
1188834.539,X_LEG_3,25.11,68.55,1.71,1,1700,1661,NW
1188834.560,X_LEG_3,25.11,68.55,1.71,1,1700,1661,NW
1188834.581,X_LEG_3,25.11,68.55,1.71,1,1700,1661,NW
1188834.602,X_LEG_3,25.11,68.55,1.71,1,1700,1661,NW
1188834.622,X_LEG_3,25.11,68.55,1.71,1,1700,1661,NW
1188834.643,X_LEG_3,25.11,68.55,1.71,1,1700,1661,NW
1188834.663,X_LEG_3,25.34,68.39,1.75,1,1700,1660,NW
1188834.683,X_LEG_3,25.34,68.39,1.75,1,1700,1660,NW
1188834.704,X_LEG_3,25.34,68.39,1.75,1,1700,1660,NW
1188834.724,X_LEG_3,25.34,68.39,1.75,1,1700,1660,NW
1188834.745,X_LEG_3,25.34,68.39,1.75,1,1700,1660,NW
1188834.766,X_LEG_3,25.56,68.22,1.78,1,1700,1660,NW
1188834.786,X_LEG_3,25.56,68.22,1.78,1,1700,1660,NW
1188834.806,X_LEG_3,25.56,68.22,1.78,1,1700,1660,NW
1188834.827,X_LEG_3,25.56,68.22,1.78,1,1700,1660,NW
1188834.847,X_LEG_3,25.56,68.22,1.78,1,1700,1660,NW
1188834.868,X_LEG_3,25.79,68.06,1.83,1,1700,1659,NW
1188834.888,X_LEG_3,25.79,68.06,1.83,1,1700,1659,NW
1188834.909,X_LEG_3,25.79,68.06,1.83,1,1700,1659,NW
1188834.930,X_LEG_3,25.79,68.06,1.83,1,1700,1659,NW
1188834.950,X_LEG_3,25.79,68.06,1.83,1,1700,1659,NW
1188834.971,X_LEG_3,26.01,67.89,1.86,1,1700,1658,NW
1188834.991,X_LEG_3,26.01,67.89,1.86,1,1700,1658,NW
1188835.011,X_LEG_3,26.01,67.89,1.86,1,1700,1658,NW
1188835.037,X_LEG_3,26.01,67.89,1.86,1,1700,1658,NW
1188835.057,X_LEG_3,26.01,67.89,1.86,1,1700,1658,NW
1188835.080,X_LEG_3,26.23,67.72,1.89,1,1700,1658,NW
1188835.101,X_LEG_3,26.23,67.72,1.89,1,1700,1658,NW
1188835.121,X_LEG_3,26.23,67.72,1.89,1,1700,1658,NW
1188835.141,X_LEG_3,26.23,67.72,1.89,1,1700,1658,NW
1188835.162,X_LEG_3,26.23,67.72,1.89,1,1700,1658,NW
1188835.183,X_LEG_3,26.23,67.72,1.89,1,1700,1658,NW
1188835.204,X_LEG_3,26.23,67.72,1.89,1,1700,1658,NW
1188835.224,X_LEG_3,26.23,67.72,1.89,1,1700,1658,NW
1188835.245,X_LEG_3,26.23,67.72,1.89,1,1700,1658,NW
1188835.266,X_LEG_3,26.23,67.72,1.89,1,1700,1658,NW
1188835.286,X_LEG_3,26.57,67.46,1.95,1,1700,1657,NW
1188835.307,X_LEG_3,26.57,67.46,1.95,1,1700,1657,NW
1188835.328,X_LEG_3,26.57,67.46,1.95,1,1700,1657,NW
1188835.349,X_LEG_3,26.57,67.46,1.95,1,1700,1657,NW
1188835.369,X_LEG_3,26.57,67.46,1.95,1,1700,1657,NW
1188835.390,X_LEG_3,26.79,67.30,1.98,1,1700,1656,NW
1188835.410,X_LEG_3,26.79,67.30,1.98,1,1700,1656,NW
1188835.431,X_LEG_3,26.79,67.30,1.98,1,1700,1656,NW
1188835.452,X_LEG_3,26.79,67.30,1.98,1,1700,1656,NW
1188835.472,X_LEG_3,26.79,67.30,1.98,1,1700,1656,NW
1188835.493,X_LEG_3,27.02,67.12,2.02,1,1700,1655,NW
1188835.514,X_LEG_3,27.02,67.12,2.02,1,1700,1655,NW
1188835.535,X_LEG_3,27.02,67.12,2.02,1,1700,1655,NW
1188835.555,X_LEG_3,27.02,67.12,2.02,1,1700,1655,NW
1188835.580,X_LEG_3,27.02,67.12,2.02,1,1700,1655,NW
1188835.601,X_LEG_3,27.36,66.86,2.07,1,1700,1654,NW
1188835.621,X_LEG_3,27.36,66.86,2.07,1,1700,1654,NW
1188835.642,X_LEG_3,27.36,66.86,2.07,1,1700,1654,NW
1188835.662,X_LEG_3,27.36,66.86,2.07,1,1700,1654,NW
1188835.683,X_LEG_3,27.36,66.86,2.07,1,1700,1654,NW
1188835.704,X_LEG_3,27.36,66.86,2.07,1,1700,1654,NW
1188835.725,X_LEG_3,27.36,66.86,2.07,1,1700,1654,NW
1188835.745,X_LEG_3,27.36,66.86,2.07,1,1700,1654,NW
1188835.765,X_LEG_3,27.36,66.86,2.07,1,1700,1654,NW
1188835.785,X_LEG_3,27.36,66.86,2.07,1,1700,1654,NW
1188835.806,X_LEG_3,27.69,66.61,2.12,1,1700,1653,NW
1188835.826,X_LEG_3,27.69,66.61,2.12,1,1700,1653,NW
1188835.847,X_LEG_3,27.69,66.61,2.12,1,1700,1653,NW
1188835.867,X_LEG_3,27.69,66.61,2.12,1,1700,1653,NW
1188835.891,X_LEG_3,27.69,66.61,2.12,1,1700,1653,NW
1188835.912,X_LEG_3,28.03,66.35,2.17,1,1700,1652,NW
1188835.933,X_LEG_3,28.03,66.35,2.17,1,1700,1652,NW
1188835.954,X_LEG_3,28.03,66.35,2.17,1,1700,1652,NW
1188835.974,X_LEG_3,28.03,66.35,2.17,1,1700,1652,NW
1188835.996,X_LEG_3,28.03,66.35,2.17,1,1700,1652,NW
1188836.017,X_LEG_3,28.37,66.09,2.22,1,1700,1651,NW
1188836.037,X_LEG_3,28.37,66.09,2.22,1,1700,1651,NW
1188836.058,X_LEG_3,28.37,66.09,2.22,1,1700,1651,NW
1188836.080,X_LEG_3,28.37,66.09,2.22,1,1700,1651,NW
1188836.100,X_LEG_3,28.37,66.09,2.22,1,1700,1651,NW
1188836.123,X_LEG_3,28.70,65.82,2.28,1,1700,1650,NW
1188836.144,X_LEG_3,28.70,65.82,2.28,1,1700,1650,NW
1188836.164,X_LEG_3,28.70,65.82,2.28,1,1700,1650,NW
1188836.185,X_LEG_3,28.70,65.82,2.28,1,1700,1650,NW
1188836.206,X_LEG_3,28.70,65.82,2.28,1,1700,1650,NW
1188836.226,X_LEG_3,28.70,65.82,2.28,1,1700,1650,NW
1188836.252,X_LEG_3,28.70,65.82,2.28,1,1700,1650,NW
1188836.274,X_LEG_3,28.70,65.82,2.28,1,1700,1650,NW
1188836.294,X_LEG_3,28.70,65.82,2.28,1,1700,1650,NW
1188836.314,X_LEG_3,28.70,65.82,2.28,1,1700,1650,NW
1188836.335,X_LEG_3,29.04,65.56,2.33,1,1700,1649,NW
1188836.356,X_LEG_3,29.04,65.56,2.33,1,1700,1649,NW
1188836.376,X_LEG_3,29.04,65.56,2.33,1,1700,1649,NW
1188836.397,X_LEG_3,29.04,65.56,2.33,1,1700,1649,NW
1188836.417,X_LEG_3,29.04,65.56,2.33,1,1700,1649,NW
1188836.438,X_LEG_3,29.37,65.28,2.38,1,1700,1648,NW
1188836.458,X_LEG_3,29.37,65.28,2.38,1,1700,1648,NW
1188836.479,X_LEG_3,29.37,65.28,2.38,1,1700,1648,NW
1188836.500,X_LEG_3,29.37,65.28,2.38,1,1700,1648,NW
1188836.521,X_LEG_3,29.37,65.28,2.38,1,1700,1648,NW
1188836.541,X_LEG_3,29.71,65.02,1.43,1,1700,1647,NW
1188836.562,X_LEG_3,29.71,65.02,1.43,1,1700,1647,NW
1188836.582,X_LEG_3,29.71,65.02,1.43,1,1700,1647,NW
1188836.605,X_LEG_3,29.71,65.02,1.43,1,1700,1647,NW
1188836.626,X_LEG_3,29.71,65.02,1.43,1,1700,1647,NW
1188836.647,X_LEG_3,29.71,65.02,1.43,1,1700,1647,NW
1188836.668,X_LEG_3,29.71,65.02,1.43,1,1700,1647,NW
1188836.688,X_LEG_3,29.71,65.02,1.43,1,1700,1647,NW
1188836.709,X_LEG_3,29.71,65.02,1.43,1,1700,1647,NW
1188836.729,X_LEG_3,29.71,65.02,1.43,1,1700,1647,NW
1188836.750,X_LEG_3,30.04,64.75,1.48,1,1700,1646,NW
1188836.771,X_LEG_3,30.04,64.75,1.48,1,1700,1646,NW
1188836.792,X_LEG_3,30.04,64.75,1.48,1,1700,1646,NW
1188836.813,X_LEG_3,30.04,64.75,1.48,1,1700,1646,NW
1188836.834,X_LEG_3,30.04,64.75,1.48,1,1700,1646,NW
1188836.854,X_LEG_3,30.37,64.48,1.53,1,1700,1645,NW
1188836.875,X_LEG_3,30.37,64.48,1.53,1,1700,1645,NW
1188836.895,X_LEG_3,30.37,64.48,1.53,1,1700,1645,NW
1188836.917,X_LEG_3,30.37,64.48,1.53,1,1700,1645,NW
1188836.938,X_LEG_3,30.37,64.48,1.53,1,1700,1645,NW
1188836.959,X_LEG_3,30.70,64.21,1.59,1,1700,1644,NW
1188836.980,X_LEG_3,30.70,64.21,1.59,1,1700,1644,NW
1188837.001,X_LEG_3,30.70,64.21,1.59,1,1700,1644,NW
1188837.021,X_LEG_3,30.70,64.21,1.59,1,1700,1644,NW
1188837.042,X_LEG_3,30.70,64.21,1.59,1,1700,1644,NW
1188837.063,X_LEG_3,30.70,64.21,1.59,1,1700,1644,NW
1188837.083,X_LEG_3,30.70,64.21,1.59,1,1700,1644,NW
1188837.104,X_LEG_3,30.70,64.21,1.59,1,1700,1644,NW
1188837.125,X_LEG_3,30.70,64.21,1.59,1,1700,1644,NW
1188837.145,X_LEG_3,30.70,64.21,1.59,1,1700,1644,NW
1188837.165,X_LEG_3,31.04,63.94,1.64,1,1700,1643,NW
1188837.187,X_LEG_3,31.04,63.94,1.64,1,1700,1643,NW
1188837.207,X_LEG_3,31.04,63.94,1.64,1,1700,1643,NW
1188837.228,X_LEG_3,31.04,63.94,1.64,1,1700,1643,NW
1188837.248,X_LEG_3,31.04,63.94,1.64,1,1700,1643,NW
1188837.269,X_LEG_3,31.37,63.67,1.69,1,1700,1642,NW
1188837.290,X_LEG_3,31.37,63.67,1.69,1,1700,1642,NW
1188837.310,X_LEG_3,31.37,63.67,1.69,1,1700,1642,NW
1188837.331,X_LEG_3,31.37,63.67,1.69,1,1700,1642,NW
1188837.352,X_LEG_3,31.37,63.67,1.69,1,1700,1642,NW
1188837.372,X_LEG_3,31.70,63.39,1.74,1,1700,1641,NW
1188837.395,X_LEG_3,31.70,63.39,1.74,1,1700,1641,NW
1188837.415,X_LEG_3,31.70,63.39,1.74,1,1700,1641,NW
1188837.438,X_LEG_3,31.70,63.39,1.74,1,1700,1641,NW
1188837.459,X_LEG_3,31.70,63.39,1.74,1,1700,1641,NW
1188837.480,X_LEG_3,31.70,63.39,1.74,1,1700,1641,NW
1188837.500,X_LEG_3,31.70,63.39,1.74,1,1700,1641,NW
1188837.521,X_LEG_3,31.70,63.39,1.74,1,1700,1641,NW
1188837.541,X_LEG_3,31.70,63.39,1.74,1,1700,1641,NW
1188837.563,X_LEG_3,31.70,63.39,1.74,1,1700,1641,NW
1188837.586,X_LEG_3,32.25,62.92,1.83,1,1700,1640,NW
1188837.607,X_LEG_3,32.25,62.92,1.83,1,1700,1640,NW
1188837.627,X_LEG_3,32.25,62.92,1.83,1,1700,1640,NW
1188837.648,X_LEG_3,32.25,62.92,1.83,1,1700,1640,NW
1188837.669,X_LEG_3,32.25,62.92,1.83,1,1700,1640,NW
1188837.689,X_LEG_3,32.25,62.92,1.83,1,1700,1640,NW
1188837.710,X_LEG_3,32.25,62.92,1.83,1,1700,1640,NW
1188837.731,X_LEG_3,32.25,62.92,1.83,1,1700,1640,NW
1188837.752,X_LEG_3,32.25,62.92,1.83,1,1700,1640,NW
1188837.774,X_LEG_3,32.25,62.92,1.83,1,1700,1640,NW
1188837.795,X_LEG_3,32.57,62.65,1.89,1,1700,1639,NW
1188837.816,X_LEG_3,32.57,62.65,1.89,1,1700,1639,NW
1188837.836,X_LEG_3,32.57,62.65,1.89,1,1700,1639,NW
1188837.857,X_LEG_3,32.57,62.65,1.89,1,1700,1639,NW
1188837.877,X_LEG_3,32.57,62.65,1.89,1,1700,1639,NW
1188837.898,X_LEG_3,32.90,62.37,1.94,1,1700,1638,NW
1188837.919,X_LEG_3,32.90,62.37,1.94,1,1700,1638,NW
1188837.939,X_LEG_3,32.90,62.37,1.94,1,1700,1638,NW
1188837.959,X_LEG_3,32.90,62.37,1.94,1,1700,1638,NW
1188837.980,X_LEG_3,32.90,62.37,1.94,1,1700,1638,NW
1188838.000,X_LEG_3,32.90,62.37,1.94,1,1700,1638,NW
1188838.020,X_LEG_3,32.90,62.37,1.94,1,1700,1638,NW
1188838.041,X_LEG_3,32.90,62.37,1.94,1,1700,1638,NW
1188838.061,X_LEG_3,32.90,62.37,1.94,1,1700,1638,NW
1188838.084,X_LEG_3,32.90,62.37,1.94,1,1700,1638,NW
1188838.104,X_LEG_3,33.23,62.09,1.99,1,1700,1637,NW
1188838.124,X_LEG_3,33.23,62.09,1.99,1,1700,1637,NW
1188838.145,X_LEG_3,33.23,62.09,1.99,1,1700,1637,NW
1188838.166,X_LEG_3,33.23,62.09,1.99,1,1700,1637,NW
1188838.186,X_LEG_3,33.23,62.09,1.99,1,1700,1637,NW
1188838.206,X_LEG_3,33.23,62.09,1.99,1,1700,1637,NW
1188838.227,X_LEG_3,33.23,62.09,1.99,1,1700,1637,NW
1188838.247,X_LEG_3,33.23,62.09,1.99,1,1700,1637,NW
1188838.268,X_LEG_3,33.23,62.09,1.99,1,1700,1637,NW
1188838.288,X_LEG_3,33.23,62.09,1.99,1,1700,1637,NW
1188838.308,X_LEG_3,33.55,61.81,2.04,1,1700,1636,NW
1188838.329,X_LEG_3,33.55,61.81,2.04,1,1700,1636,NW
1188838.352,X_LEG_3,33.55,61.81,2.04,1,1700,1636,NW
1188838.370,X_LEG_3,33.55,61.81,2.04,1,1700,1636,NW
1188838.393,X_LEG_3,33.55,61.81,2.04,1,1700,1636,NW
1188838.413,X_LEG_3,33.76,61.62,2.07,1,1700,1635,NW
1188838.434,X_LEG_3,33.76,61.62,2.07,1,1700,1635,NW
1188838.456,X_LEG_3,33.76,61.62,2.07,1,1700,1635,NW
1188838.476,X_LEG_3,33.76,61.62,2.07,1,1700,1635,NW
1188838.497,X_LEG_3,33.76,61.62,2.07,1,1700,1635,NW
1188838.517,X_LEG_3,33.98,61.43,2.12,1,1700,1635,NW
1188838.537,X_LEG_3,33.98,61.43,2.12,1,1700,1635,NW
1188838.558,X_LEG_3,33.98,61.43,2.12,1,1700,1635,NW
1188838.579,X_LEG_3,33.98,61.43,2.12,1,1700,1635,NW
1188838.599,X_LEG_3,33.98,61.43,2.12,1,1700,1635,NW
1188838.620,X_LEG_3,34.19,61.24,2.15,1,1700,1634,NW
1188838.640,X_LEG_3,34.19,61.24,2.15,1,1700,1634,NW
1188838.661,X_LEG_3,34.19,61.24,2.15,1,1700,1634,NW
1188838.681,X_LEG_3,34.19,61.24,2.15,1,1700,1634,NW
1188838.704,X_LEG_3,34.19,61.24,2.15,1,1700,1634,NW
1188838.724,X_LEG_3,34.51,60.96,2.20,1,1700,1633,NW
1188838.745,X_LEG_3,34.51,60.96,2.20,1,1700,1633,NW
1188838.766,X_LEG_3,34.51,60.96,2.20,1,1700,1633,NW
1188838.786,X_LEG_3,34.51,60.96,2.20,1,1700,1633,NW
1188838.806,X_LEG_3,34.51,60.96,2.20,1,1700,1633,NW
1188838.829,X_LEG_3,34.73,60.78,2.24,1,1700,1632,NW
1188838.849,X_LEG_3,34.73,60.78,2.24,1,1700,1632,NW
1188838.869,X_LEG_3,34.73,60.78,2.24,1,1700,1632,NW
1188838.890,X_LEG_3,34.73,60.78,2.24,1,1700,1632,NW
1188838.910,X_LEG_3,34.73,60.78,2.24,1,1700,1632,NW
1188838.931,X_LEG_3,34.73,60.78,2.24,1,1700,1632,NW
1188838.953,X_LEG_3,34.73,60.78,2.24,1,1700,1632,NW
1188838.975,X_LEG_3,34.73,60.78,2.24,1,1700,1632,NW
1188838.996,X_LEG_3,34.73,60.78,2.24,1,1700,1632,NW
1188839.016,X_LEG_3,34.73,60.78,2.24,1,1700,1632,NW
1188839.036,X_LEG_3,35.05,60.48,1.29,1,1700,1631,NW
1188839.056,X_LEG_3,35.05,60.48,1.29,1,1700,1631,NW
1188839.077,X_LEG_3,35.05,60.48,1.29,1,1700,1631,NW
1188839.097,X_LEG_3,35.05,60.48,1.29,1,1700,1631,NW
1188839.118,X_LEG_3,35.05,60.48,1.29,1,1700,1631,NW
1188839.139,X_LEG_3,35.36,60.20,1.34,1,1700,1630,NW
1188839.159,X_LEG_3,35.36,60.20,1.34,1,1700,1630,NW
1188839.180,X_LEG_3,35.36,60.20,1.34,1,1700,1630,NW
1188839.201,X_LEG_3,35.36,60.20,1.34,1,1700,1630,NW
1188839.221,X_LEG_3,35.36,60.20,1.34,1,1700,1630,NW
1188839.242,X_LEG_3,35.68,59.91,1.40,1,1700,1629,NW
1188839.262,X_LEG_3,35.68,59.91,1.40,1,1700,1629,NW
1188839.283,X_LEG_3,35.68,59.91,1.40,1,1700,1629,NW
1188839.303,X_LEG_3,35.68,59.91,1.40,1,1700,1629,NW
1188839.324,X_LEG_3,35.68,59.91,1.40,1,1700,1629,NW
1188839.344,X_LEG_3,35.68,59.91,1.40,1,1700,1629,NW
1188839.365,X_LEG_3,35.68,59.91,1.40,1,1700,1629,NW
1188839.390,X_LEG_3,35.68,59.91,1.40,1,1700,1629,NW
1188839.410,X_LEG_3,35.68,59.91,1.40,1,1700,1629,NW
1188839.431,X_LEG_3,35.68,59.91,1.40,1,1700,1629,NW
1188839.451,X_LEG_3,35.99,59.63,1.45,1,1700,1629,NW
1188839.472,X_LEG_3,35.99,59.63,1.45,1,1700,1629,NW
1188839.492,X_LEG_3,35.99,59.63,1.45,1,1700,1629,NW
1188839.513,X_LEG_3,35.99,59.63,1.45,1,1700,1629,NW
1188839.533,X_LEG_3,35.99,59.63,1.45,1,1700,1629,NW
1188839.553,X_LEG_3,36.30,59.34,1.50,1,1700,1628,NW
1188839.574,X_LEG_3,36.30,59.34,1.50,1,1700,1628,NW
1188839.596,X_LEG_3,36.30,59.34,1.50,1,1700,1628,NW
1188839.616,X_LEG_3,36.30,59.34,1.50,1,1700,1628,NW
1188839.636,X_LEG_3,36.30,59.34,1.50,1,1700,1628,NW
1188839.657,X_LEG_3,36.30,59.34,1.50,1,1700,1628,NW
1188839.677,X_LEG_3,36.30,59.34,1.50,1,1700,1628,NW
1188839.698,X_LEG_3,36.30,59.34,1.50,1,1700,1628,NW
1188839.718,X_LEG_3,36.30,59.34,1.50,1,1700,1628,NW
1188839.739,X_LEG_3,36.30,59.34,1.50,1,1700,1628,NW
1188839.759,X_LEG_3,36.61,59.06,1.56,1,1700,1627,NW
1188839.779,X_LEG_3,36.61,59.06,1.56,1,1700,1627,NW
1188839.800,X_LEG_3,36.61,59.06,1.56,1,1700,1627,NW
1188839.821,X_LEG_3,36.61,59.06,1.56,1,1700,1627,NW
1188839.841,X_LEG_3,36.61,59.06,1.56,1,1700,1627,NW
1188839.862,X_LEG_3,36.92,58.76,1.61,1,1700,1626,NW
1188839.883,X_LEG_3,36.92,58.76,1.61,1,1700,1626,NW
1188839.903,X_LEG_3,36.92,58.76,1.61,1,1700,1626,NW
1188839.924,X_LEG_3,36.92,58.76,1.61,1,1700,1626,NW
1188839.945,X_LEG_3,36.92,58.76,1.61,1,1700,1626,NW
1188839.965,X_LEG_3,37.22,58.47,1.66,1,1700,1625,NW
1188839.987,X_LEG_3,37.22,58.47,1.66,1,1700,1625,NW
1188840.011,X_LEG_3,37.22,58.47,1.66,1,1700,1625,NW
1188840.032,X_LEG_3,37.22,58.47,1.66,1,1700,1625,NW
1188840.052,X_LEG_3,37.22,58.47,1.66,1,1700,1625,NW
1188840.076,X_LEG_3,37.22,58.47,1.66,1,1700,1625,NW
1188840.097,X_LEG_3,37.22,58.47,1.66,1,1700,1625,NW
1188840.118,X_LEG_3,37.22,58.47,1.66,1,1700,1625,NW
1188840.138,X_LEG_3,37.22,58.47,1.66,1,1700,1625,NW
1188840.159,X_LEG_3,37.22,58.47,1.66,1,1700,1625,NW
1188840.186,X_LEG_3,37.53,58.18,1.72,1,1700,1624,NW
1188840.207,X_LEG_3,37.53,58.18,1.72,1,1700,1624,NW
1188840.232,X_LEG_3,37.53,58.18,1.72,1,1700,1624,NW
1188840.256,X_LEG_3,37.53,58.18,1.72,1,1700,1624,NW
1188840.290,X_LEG_3,37.53,58.18,1.72,1,1700,1624,NW
1188840.311,X_LEG_3,37.73,57.98,1.75,1,1700,1623,NW
1188840.340,X_LEG_3,37.73,57.98,1.75,1,1700,1623,NW
1188840.366,X_LEG_3,37.73,57.98,1.75,1,1700,1623,NW
1188840.394,X_LEG_3,37.73,57.98,1.75,1,1700,1623,NW
1188840.414,X_LEG_3,37.93,57.79,1.78,1,1700,1623,NW
1188840.438,X_LEG_3,37.93,57.79,1.78,1,1700,1623,NW
1188840.463,X_LEG_3,37.93,57.79,1.78,1,1700,1623,NW
1188840.484,X_LEG_3,37.93,57.79,1.78,1,1700,1623,NW
1188840.513,X_LEG_3,37.93,57.79,1.78,1,1700,1623,NW
1188840.541,X_LEG_3,37.93,57.79,1.78,1,1700,1623,NW
1188840.563,X_LEG_3,37.93,57.79,1.78,1,1700,1623,NW
1188840.599,X_LEG_3,37.93,57.79,1.78,1,1700,1623,NW
1188840.621,X_LEG_3,37.93,57.79,1.78,1,1700,1623,NW
1188840.642,X_LEG_3,38.13,57.60,1.83,1,1700,1622,NW
1188840.664,X_LEG_3,38.13,57.60,1.83,1,1700,1622,NW
1188840.688,X_LEG_3,38.13,57.60,1.83,1,1700,1622,NW
1188840.713,X_LEG_3,38.13,57.60,1.83,1,1700,1622,NW
1188840.740,X_LEG_3,38.13,57.60,1.83,1,1700,1622,NW
1188840.761,X_LEG_3,38.33,57.41,1.86,1,1700,1622,NW
1188840.781,X_LEG_3,38.33,57.41,1.86,1,1700,1622,NW
1188840.809,X_LEG_3,38.33,57.41,1.86,1,1700,1622,NW
1188840.829,X_LEG_3,38.33,57.41,1.86,1,1700,1622,NW
1188840.850,X_LEG_3,38.33,57.41,1.86,1,1700,1622,NW
1188840.872,X_LEG_3,38.43,57.31,1.88,1,1700,1621,NW
1188840.897,X_LEG_3,38.43,57.31,1.88,1,1700,1621,NW
1188840.917,X_LEG_3,38.43,57.31,1.88,1,1700,1621,NW
1188840.938,X_LEG_3,38.43,57.31,1.88,1,1700,1621,NW
1188840.958,X_LEG_3,38.43,57.31,1.88,1,1700,1621,NW
1188840.979,X_LEG_3,38.63,57.11,1.92,1,1700,1621,NW
1188841.001,X_LEG_3,38.63,57.11,1.92,1,1700,1621,NW
1188841.021,X_LEG_3,38.63,57.11,1.92,1,1700,1621,NW
1188841.042,X_LEG_3,38.63,57.11,1.92,1,1700,1621,NW
1188841.063,X_LEG_3,38.63,57.11,1.92,1,1700,1621,NW
1188843.619,X_LEG_3,40.83,53.50,2.64,1,1700,1614,NW
1188843.639,X_LEG_3,40.83,53.50,2.64,1,1700,1614,NW
1188843.659,X_LEG_3,40.83,53.50,2.64,1,1700,1614,NW
1188843.679,X_LEG_3,40.83,53.50,2.64,1,1700,1614,NW
1188843.700,X_LEG_3,40.90,53.33,2.68,1,1700,1614,NW
1188843.723,X_LEG_3,40.90,53.33,2.68,1,1700,1614,NW
1188843.743,X_LEG_3,40.90,53.33,2.68,1,1700,1614,NW
1188843.764,X_LEG_3,40.90,53.33,2.68,1,1700,1614,NW
1188843.784,X_LEG_3,40.90,53.33,2.68,1,1700,1614,NW
1188843.805,X_LEG_3,40.97,53.17,2.72,1,1700,1614,NW
1188843.825,X_LEG_3,40.97,53.17,2.72,1,1700,1614,NW
1188843.846,X_LEG_3,40.97,53.17,2.72,1,1700,1614,NW
1188843.867,X_LEG_3,40.97,53.17,2.72,1,1700,1614,NW
1188843.887,X_LEG_3,40.97,53.17,2.72,1,1700,1614,NW
1188843.908,X_LEG_3,41.05,53.00,2.75,1,1700,1613,NW
1188843.928,X_LEG_3,41.05,53.00,2.75,1,1700,1613,NW
1188843.949,X_LEG_3,41.05,53.00,2.75,1,1700,1613,NW
1188843.981,X_LEG_3,41.05,53.00,2.75,1,1700,1613,NW
1188844.015,X_LEG_3,41.05,53.00,2.75,1,1700,1613,NW
1188844.035,X_LEG_3,41.05,53.00,2.75,1,1700,1613,NW
1188844.062,X_LEG_3,41.05,53.00,2.75,1,1700,1613,NW
1188844.082,X_LEG_3,41.05,53.00,2.75,1,1700,1613,NW
1188844.104,X_LEG_3,41.05,53.00,2.75,1,1700,1613,NW
1188844.127,X_LEG_3,41.19,52.67,2.82,1,1700,1613,NW
1188844.147,X_LEG_3,41.19,52.67,2.82,1,1700,1613,NW
1188844.168,X_LEG_3,41.19,52.67,2.82,1,1700,1613,NW
1188844.199,X_LEG_3,41.19,52.67,2.82,1,1700,1613,NW
1188844.225,X_LEG_3,41.19,52.67,2.82,1,1700,1613,NW
1188844.248,X_LEG_3,41.19,52.67,2.82,1,1700,1613,NW
1188844.284,X_LEG_3,41.19,52.67,2.82,1,1700,1613,NW
1188844.307,X_LEG_3,41.19,52.67,2.82,1,1700,1613,NW
1188844.326,X_LEG_3,41.19,52.67,2.82,1,1700,1613,NW
1188844.349,X_LEG_3,41.26,52.51,2.86,1,1700,1613,NW
1188844.370,X_LEG_3,41.26,52.51,2.86,1,1700,1613,NW
1188844.390,X_LEG_3,41.26,52.51,2.86,1,1700,1613,NW
1188844.411,X_LEG_3,41.26,52.51,2.86,1,1700,1613,NW
1188844.433,X_LEG_3,41.26,52.51,2.86,1,1700,1613,NW
1188844.453,X_LEG_3,41.33,52.35,2.89,1,1700,1613,NW
1188844.473,X_LEG_3,41.33,52.35,2.89,1,1700,1613,NW
1188844.498,X_LEG_3,41.33,52.35,2.89,1,1700,1613,NW
1188844.521,X_LEG_3,41.33,52.35,2.89,1,1700,1613,NW
1188844.543,X_LEG_3,41.33,52.35,2.89,1,1700,1613,NW
1188844.566,X_LEG_3,41.40,52.19,2.93,1,1700,1612,NW
1188844.586,X_LEG_3,41.40,52.19,2.93,1,1700,1612,NW
1188844.607,X_LEG_3,41.40,52.19,2.93,1,1700,1612,NW
1188844.628,X_LEG_3,41.40,52.19,2.93,1,1700,1612,NW
1188844.648,X_LEG_3,41.40,52.19,2.93,1,1700,1612,NW
1188844.672,X_LEG_3,41.46,52.02,2.97,1,1700,1612,NW
1188844.692,X_LEG_3,41.46,52.02,2.97,1,1700,1612,NW
1188844.713,X_LEG_3,41.46,52.02,2.97,1,1700,1612,NW
1188844.736,X_LEG_3,41.46,52.02,2.97,1,1700,1612,NW
1188844.756,X_LEG_3,41.46,52.02,2.97,1,1700,1612,NW
1188844.779,X_LEG_3,41.53,51.86,3.00,1,1700,1612,NW
1188844.800,X_LEG_3,41.53,51.86,3.00,1,1700,1612,NW
1188844.820,X_LEG_3,41.53,51.86,3.00,1,1700,1612,NW
1188844.842,X_LEG_3,41.53,51.86,3.00,1,1700,1612,NW
1188844.862,X_LEG_3,41.53,51.86,3.00,1,1700,1612,NW
1188844.884,X_LEG_3,41.59,51.70,3.03,1,1700,1612,NW
1188844.904,X_LEG_3,41.59,51.70,3.03,1,1700,1612,NW
1188844.924,X_LEG_3,41.59,51.70,3.03,1,1700,1612,NW
1188844.945,X_LEG_3,41.59,51.70,3.03,1,1700,1612,NW
1188844.968,X_LEG_3,41.59,51.70,3.03,1,1700,1612,NW
1188844.989,X_LEG_3,41.65,51.54,3.08,1,1700,1612,NW
1188845.009,X_LEG_3,41.65,51.54,3.08,1,1700,1612,NW
1188845.036,X_LEG_3,41.65,51.54,3.08,1,1700,1612,NW
1188845.062,X_LEG_3,41.65,51.54,3.08,1,1700,1612,NW
1188845.082,X_LEG_3,41.65,51.54,3.08,1,1700,1612,NW
1188845.107,X_LEG_3,41.65,51.54,3.08,1,1700,1612,NW
1188845.127,X_LEG_3,41.65,51.54,3.08,1,1700,1612,NW
1188845.148,X_LEG_3,41.65,51.54,3.08,1,1700,1612,NW
1188845.168,X_LEG_3,41.65,51.54,3.08,1,1700,1612,NW
1188845.189,X_LEG_3,41.65,51.54,3.08,1,1700,1612,NW
1188845.210,X_LEG_3,41.71,51.37,2.12,1,1700,1611,NW
1188845.231,X_LEG_3,41.71,51.37,2.12,1,1700,1611,NW
1188845.252,X_LEG_3,41.71,51.37,2.12,1,1700,1611,NW
1188845.272,X_LEG_3,41.71,51.37,2.12,1,1700,1611,NW
1188845.293,X_LEG_3,41.71,51.37,2.12,1,1700,1611,NW
1188845.313,X_LEG_3,41.77,51.20,2.15,1,1700,1611,NW
1188845.335,X_LEG_3,41.77,51.20,2.15,1,1700,1611,NW
1188845.354,X_LEG_3,41.77,51.20,2.15,1,1700,1611,NW
1188845.376,X_LEG_3,41.77,51.20,2.15,1,1700,1611,NW
1188845.396,X_LEG_3,41.77,51.20,2.15,1,1700,1611,NW
1188845.416,X_LEG_3,41.83,51.03,2.19,1,1700,1611,NW
1188845.438,X_LEG_3,41.83,51.03,2.19,1,1700,1611,NW
1188845.458,X_LEG_3,41.83,51.03,2.19,1,1700,1611,NW
1188845.481,X_LEG_3,41.83,51.03,2.19,1,1700,1611,NW
1188845.502,X_LEG_3,41.83,51.03,2.19,1,1700,1611,NW
1188845.522,X_LEG_3,41.89,50.86,2.23,1,1700,1611,NW
1188845.549,X_LEG_3,41.89,50.86,2.23,1,1700,1611,NW
1188845.575,X_LEG_3,41.89,50.86,2.23,1,1700,1611,NW
1188845.595,X_LEG_3,41.89,50.86,2.23,1,1700,1611,NW
1188845.617,X_LEG_3,41.89,50.86,2.23,1,1700,1611,NW
1188845.638,X_LEG_3,41.95,50.70,2.26,1,1700,1611,NW
1188845.659,X_LEG_3,41.95,50.70,2.26,1,1700,1611,NW
1188845.683,X_LEG_3,41.95,50.70,2.26,1,1700,1611,NW
1188845.703,X_LEG_3,41.95,50.70,2.26,1,1700,1611,NW
1188845.724,X_LEG_3,41.95,50.70,2.26,1,1700,1611,NW
1188845.746,X_LEG_3,42.00,50.52,2.30,1,1700,1610,NW
1188845.766,X_LEG_3,42.00,50.52,2.30,1,1700,1610,NW
1188845.790,X_LEG_3,42.00,50.52,2.30,1,1700,1610,NW
1188845.811,X_LEG_3,42.00,50.52,2.30,1,1700,1610,NW
1188845.832,X_LEG_3,42.00,50.52,2.30,1,1700,1610,NW
1188845.853,X_LEG_3,42.00,50.52,2.30,1,1700,1610,NW
1188845.873,X_LEG_3,42.00,50.52,2.30,1,1700,1610,NW
1188845.894,X_LEG_3,42.00,50.52,2.30,1,1700,1610,NW
1188845.914,X_LEG_3,42.00,50.52,2.30,1,1700,1610,NW
1188845.935,X_LEG_3,42.00,50.52,2.30,1,1700,1610,NW
1188845.956,X_LEG_3,42.05,50.36,2.34,1,1700,1610,NW
1188845.976,X_LEG_3,42.05,50.36,2.34,1,1700,1610,NW
1188845.998,X_LEG_3,42.05,50.36,2.34,1,1700,1610,NW
1188846.017,X_LEG_3,42.05,50.36,2.34,1,1700,1610,NW
1188846.039,X_LEG_3,42.05,50.36,2.34,1,1700,1610,NW
1188846.060,X_LEG_3,42.13,50.11,2.40,1,1700,1610,NW
1188846.084,X_LEG_3,42.13,50.11,2.40,1,1700,1610,NW
1188846.104,X_LEG_3,42.13,50.11,2.40,1,1700,1610,NW
1188846.125,X_LEG_3,42.13,50.11,2.40,1,1700,1610,NW
1188846.146,X_LEG_3,42.13,50.11,2.40,1,1700,1610,NW
1188846.166,X_LEG_3,42.21,49.86,2.45,1,1699,1609,NW
1188846.187,X_LEG_3,42.21,49.86,2.45,1,1699,1609,NW
1188846.207,X_LEG_3,42.21,49.86,2.45,1,1699,1609,NW
1188846.228,X_LEG_3,42.21,49.86,2.45,1,1699,1609,NW
1188846.249,X_LEG_3,42.21,49.86,2.45,1,1699,1609,NW
1188846.272,X_LEG_3,42.28,49.61,2.51,1,1698,1609,NW
1188846.292,X_LEG_3,42.28,49.61,2.51,1,1698,1609,NW
1188846.315,X_LEG_3,42.28,49.61,2.51,1,1698,1609,NW
1188846.337,X_LEG_3,42.28,49.61,2.51,1,1698,1609,NW
1188846.356,X_LEG_3,42.28,49.61,2.51,1,1698,1609,NW
1188846.377,X_LEG_3,42.33,49.44,2.54,1,1698,1609,NW
1188846.397,X_LEG_3,42.33,49.44,2.54,1,1698,1609,NW
1188846.418,X_LEG_3,42.33,49.44,2.54,1,1698,1609,NW
1188846.442,X_LEG_3,42.33,49.44,2.54,1,1698,1609,NW
1188846.464,X_LEG_3,42.33,49.44,2.54,1,1698,1609,NW
1188846.485,X_LEG_3,42.37,49.27,2.58,1,1697,1608,NW
1188846.506,X_LEG_3,42.37,49.27,2.58,1,1697,1608,NW
1188846.526,X_LEG_3,42.37,49.27,2.58,1,1697,1608,NW
1188846.547,X_LEG_3,42.37,49.27,2.58,1,1697,1608,NW
1188846.567,X_LEG_3,42.37,49.27,2.58,1,1697,1608,NW
1188846.587,X_LEG_3,42.37,49.27,2.58,1,1697,1608,NW
1188846.607,X_LEG_3,42.37,49.27,2.58,1,1697,1608,NW
1188846.628,X_LEG_3,42.37,49.27,2.58,1,1697,1608,NW
1188846.649,X_LEG_3,42.37,49.27,2.58,1,1697,1608,NW
1188846.669,X_LEG_3,42.37,49.27,2.58,1,1697,1608,NW
1188846.690,X_LEG_3,42.44,49.02,2.64,1,1696,1608,NW
1188846.711,X_LEG_3,42.44,49.02,2.64,1,1696,1608,NW
1188846.731,X_LEG_3,42.44,49.02,2.64,1,1696,1608,NW
1188846.752,X_LEG_3,42.44,49.02,2.64,1,1696,1608,NW
1188846.773,X_LEG_3,42.44,49.02,2.64,1,1696,1608,NW
1188846.793,X_LEG_3,42.48,48.86,2.67,1,1695,1607,NW
1188846.814,X_LEG_3,42.48,48.86,2.67,1,1695,1607,NW
1188846.836,X_LEG_3,42.48,48.86,2.67,1,1695,1607,NW
1188846.859,X_LEG_3,42.48,48.86,2.67,1,1695,1607,NW
1188846.877,X_LEG_3,42.48,48.86,2.67,1,1695,1607,NW
1188846.897,X_LEG_3,42.48,48.86,2.67,1,1695,1607,NW
1188846.918,X_LEG_3,42.48,48.86,2.67,1,1695,1607,NW
1188846.941,X_LEG_3,42.48,48.86,2.67,1,1695,1607,NW
1188846.963,X_LEG_3,42.48,48.86,2.67,1,1695,1607,NW
1188846.985,X_LEG_3,42.48,48.86,2.67,1,1695,1607,NW
1188847.006,X_LEG_3,42.54,48.60,2.74,1,1694,1607,NW
1188847.026,X_LEG_3,42.54,48.60,2.74,1,1694,1607,NW
1188847.046,X_LEG_3,42.54,48.60,2.74,1,1694,1607,NW
1188847.068,X_LEG_3,42.54,48.60,2.74,1,1694,1607,NW
1188847.088,X_LEG_3,42.54,48.60,2.74,1,1694,1607,NW
1188847.110,X_LEG_3,42.58,48.44,1.77,1,1694,1607,NW
1188847.130,X_LEG_3,42.58,48.44,1.77,1,1694,1607,NW
1188847.151,X_LEG_3,42.58,48.44,1.77,1,1694,1607,NW
1188847.171,X_LEG_3,42.58,48.44,1.77,1,1694,1607,NW
1188847.193,X_LEG_3,42.58,48.44,1.77,1,1694,1607,NW
1188847.213,X_LEG_3,42.63,48.18,1.83,1,1693,1607,NW
1188847.234,X_LEG_3,42.63,48.18,1.83,1,1693,1607,NW
1188847.254,X_LEG_3,42.63,48.18,1.83,1,1693,1607,NW
1188847.275,X_LEG_3,42.63,48.18,1.83,1,1693,1607,NW
1188847.295,X_LEG_3,42.63,48.18,1.83,1,1693,1607,NW
1188847.316,X_LEG_3,42.67,48.01,1.86,1,1692,1606,NW
1188847.339,X_LEG_3,42.67,48.01,1.86,1,1692,1606,NW
1188847.359,X_LEG_3,42.67,48.01,1.86,1,1692,1606,NW
1188847.379,X_LEG_3,42.67,48.01,1.86,1,1692,1606,NW
1188847.400,X_LEG_3,42.67,48.01,1.86,1,1692,1606,NW
1188847.420,X_LEG_3,42.70,47.84,1.91,1,1691,1605,NW
1188847.442,X_LEG_3,42.70,47.84,1.91,1,1691,1605,NW
1188847.463,X_LEG_3,42.70,47.84,1.91,1,1691,1605,NW
1188847.483,X_LEG_3,42.70,47.84,1.91,1,1691,1605,NW
1188847.504,X_LEG_3,42.70,47.84,1.91,1,1691,1605,NW
1188847.524,X_LEG_3,42.74,47.68,1.94,1,1691,1605,NW
1188847.545,X_LEG_3,42.74,47.68,1.94,1,1691,1605,NW
1188847.567,X_LEG_3,42.74,47.68,1.94,1,1691,1605,NW
1188847.587,X_LEG_3,42.74,47.68,1.94,1,1691,1605,NW
1188847.608,X_LEG_3,42.74,47.68,1.94,1,1691,1605,NW
1188847.628,X_LEG_3,42.77,47.51,1.99,1,1690,1605,NW
1188847.649,X_LEG_3,42.77,47.51,1.99,1,1690,1605,NW
1188847.669,X_LEG_3,42.77,47.51,1.99,1,1690,1605,NW
1188847.690,X_LEG_3,42.77,47.51,1.99,1,1690,1605,NW
1188847.710,X_LEG_3,42.77,47.51,1.99,1,1690,1605,NW
1188847.730,X_LEG_3,42.77,47.51,1.99,1,1690,1605,NW
1188847.751,X_LEG_3,42.77,47.51,1.99,1,1690,1605,NW
1188847.772,X_LEG_3,42.77,47.51,1.99,1,1690,1605,NW
1188847.794,X_LEG_3,42.77,47.51,1.99,1,1690,1605,NW
1188847.814,X_LEG_3,42.77,47.51,1.99,1,1690,1605,NW
1188847.835,X_LEG_3,42.80,47.34,2.02,1,1689,1605,NW
1188847.855,X_LEG_3,42.80,47.34,2.02,1,1689,1605,NW
1188847.876,X_LEG_3,42.80,47.34,2.02,1,1689,1605,NW
1188847.897,X_LEG_3,42.80,47.34,2.02,1,1689,1605,NW
1188847.921,X_LEG_3,42.80,47.34,2.02,1,1689,1605,NW
1188847.942,X_LEG_3,42.83,47.17,2.05,1,1689,1605,NW
1188847.967,X_LEG_3,42.83,47.17,2.05,1,1689,1605,NW
1188847.988,X_LEG_3,42.83,47.17,2.05,1,1689,1605,NW
1188848.009,X_LEG_3,42.83,47.17,2.05,1,1689,1605,NW
1188848.033,X_LEG_3,42.83,47.17,2.05,1,1689,1605,NW
1188848.053,X_LEG_3,42.85,47.00,2.10,1,1688,1604,NW
1188848.076,X_LEG_3,42.85,47.00,2.10,1,1688,1604,NW
1188848.096,X_LEG_3,42.85,47.00,2.10,1,1688,1604,NW
1188848.120,X_LEG_3,42.85,47.00,2.10,1,1688,1604,NW
1188848.141,X_LEG_3,42.85,47.00,2.10,1,1688,1604,NW
1188848.161,X_LEG_3,42.88,46.83,2.13,1,1687,1604,NW
1188848.186,X_LEG_3,42.88,46.83,2.13,1,1687,1604,NW
1188848.207,X_LEG_3,42.88,46.83,2.13,1,1687,1604,NW
1188848.231,X_LEG_3,42.88,46.83,2.13,1,1687,1604,NW
1188848.251,X_LEG_3,42.88,46.83,2.13,1,1687,1604,NW
1188848.272,X_LEG_3,42.92,46.58,2.19,1,1686,1604,NW
1188848.297,X_LEG_3,42.92,46.58,2.19,1,1686,1604,NW
1188848.319,X_LEG_3,42.92,46.58,2.19,1,1686,1604,NW
1188848.340,X_LEG_3,42.92,46.58,2.19,1,1686,1604,NW
1188848.362,X_LEG_3,42.92,46.58,2.19,1,1686,1604,NW
1188848.386,X_LEG_3,42.94,46.41,2.22,1,1686,1604,NW
1188848.407,X_LEG_3,42.94,46.41,2.22,1,1686,1604,NW
1188848.428,X_LEG_3,42.94,46.41,2.22,1,1686,1604,NW
1188848.449,X_LEG_3,42.94,46.41,2.22,1,1686,1604,NW
1188848.470,X_LEG_3,42.94,46.41,2.22,1,1686,1604,NW
1188848.492,X_LEG_3,42.96,46.24,2.27,1,1685,1604,NW
1188848.513,X_LEG_3,42.96,46.24,2.27,1,1685,1604,NW
1188848.533,X_LEG_3,42.96,46.24,2.27,1,1685,1604,NW
1188848.554,X_LEG_3,42.96,46.24,2.27,1,1685,1604,NW
1188848.574,X_LEG_3,42.96,46.24,2.27,1,1685,1604,NW
1188848.595,X_LEG_3,42.96,46.24,2.27,1,1685,1604,NW
1188848.616,X_LEG_3,42.96,46.24,2.27,1,1685,1604,NW
1188848.637,X_LEG_3,42.96,46.24,2.27,1,1685,1604,NW
1188848.657,X_LEG_3,42.96,46.24,2.27,1,1685,1604,NW
1188848.678,X_LEG_3,42.96,46.24,2.27,1,1685,1604,NW
1188848.698,X_LEG_3,42.98,46.08,2.31,1,1684,1604,NW
1188848.719,X_LEG_3,42.98,46.08,2.31,1,1684,1604,NW
1188848.740,X_LEG_3,42.98,46.08,2.31,1,1684,1604,NW
1188848.760,X_LEG_3,42.98,46.08,2.31,1,1684,1604,NW
1188848.781,X_LEG_3,42.98,46.08,2.31,1,1684,1604,NW
1188848.806,X_LEG_3,43.00,45.91,2.35,1,1684,1602,NW
1188848.826,X_LEG_3,43.00,45.91,2.35,1,1684,1602,NW
1188848.846,X_LEG_3,43.00,45.91,2.35,1,1684,1602,NW
1188848.867,X_LEG_3,43.00,45.91,2.35,1,1684,1602,NW
1188848.888,X_LEG_3,43.00,45.91,2.35,1,1684,1602,NW
1188848.908,X_LEG_3,43.01,45.74,2.39,1,1683,1602,NW
1188848.935,X_LEG_3,43.01,45.74,2.39,1,1683,1602,NW
1188848.955,X_LEG_3,43.01,45.74,2.39,1,1683,1602,NW
1188848.976,X_LEG_3,43.01,45.74,2.39,1,1683,1602,NW
1188848.996,X_LEG_3,43.01,45.74,2.39,1,1683,1602,NW
1188849.016,X_LEG_3,43.03,45.57,2.42,1,1682,1602,NW
1188849.043,X_LEG_3,43.03,45.57,2.42,1,1682,1602,NW
1188849.065,X_LEG_3,43.03,45.57,2.42,1,1682,1602,NW
1188849.085,X_LEG_3,43.03,45.57,2.42,1,1682,1602,NW
1188849.105,X_LEG_3,43.03,45.57,2.42,1,1682,1602,NW
1188849.129,X_LEG_3,43.04,45.40,2.46,1,1682,1602,NW
1188849.150,X_LEG_3,43.04,45.40,2.46,1,1682,1602,NW
1188849.171,X_LEG_3,43.04,45.40,2.46,1,1682,1602,NW
1188849.195,X_LEG_3,43.04,45.40,2.46,1,1682,1602,NW
1188849.217,X_LEG_3,43.04,45.40,2.46,1,1682,1602,NW
1188849.240,X_LEG_3,43.05,45.24,1.50,1,1681,1602,NW
1188849.261,X_LEG_3,43.05,45.24,1.50,1,1681,1602,NW
1188849.283,X_LEG_3,43.05,45.24,1.50,1,1681,1602,NW
1188849.304,X_LEG_3,43.05,45.24,1.50,1,1681,1602,NW
1188849.324,X_LEG_3,43.05,45.24,1.50,1,1681,1602,NW
1188849.345,X_LEG_3,43.07,45.08,1.54,1,1680,1602,NW
1188849.368,X_LEG_3,43.07,45.08,1.54,1,1680,1602,NW
1188849.389,X_LEG_3,43.07,45.08,1.54,1,1680,1602,NW
1188849.411,X_LEG_3,43.07,45.08,1.54,1,1680,1602,NW
1188849.431,X_LEG_3,43.07,45.08,1.54,1,1680,1602,NW
1188849.451,X_LEG_3,43.07,44.91,1.58,1,1680,1601,NW
1188849.472,X_LEG_3,43.07,44.91,1.58,1,1680,1601,NW
1188849.496,X_LEG_3,43.07,44.91,1.58,1,1680,1601,NW
1188849.529,X_LEG_3,43.07,44.91,1.58,1,1680,1601,NW
1188849.567,X_LEG_3,43.07,44.91,1.58,1,1680,1601,NW
1188849.588,X_LEG_3,43.07,44.91,1.58,1,1680,1601,NW
1188849.609,X_LEG_3,43.07,44.91,1.58,1,1680,1601,NW
1188849.634,X_LEG_3,43.07,44.91,1.58,1,1680,1601,NW
1188849.655,X_LEG_3,43.07,44.91,1.58,1,1680,1601,NW
1188849.675,X_LEG_3,43.06,44.75,1.62,1,1679,1601,NW
1188849.696,X_LEG_3,43.06,44.75,1.62,1,1679,1601,NW
1188849.716,X_LEG_3,43.06,44.75,1.62,1,1679,1601,NW
1188849.737,X_LEG_3,43.06,44.75,1.62,1,1679,1601,NW
1188849.766,X_LEG_3,43.06,44.75,1.62,1,1679,1601,NW
1188849.795,X_LEG_3,43.06,44.75,1.62,1,1679,1601,NW
1188849.816,X_LEG_3,43.06,44.75,1.62,1,1679,1601,NW
1188849.836,X_LEG_3,43.06,44.75,1.62,1,1679,1601,NW
1188849.857,X_LEG_3,43.06,44.75,1.62,1,1679,1601,NW
1188849.877,X_LEG_3,43.06,44.75,1.62,1,1679,1601,NW
1188849.898,X_LEG_3,43.03,44.42,1.71,1,1678,1601,NW
1188849.919,X_LEG_3,43.03,44.42,1.71,1,1678,1601,NW
1188849.948,X_LEG_3,43.03,44.42,1.71,1,1678,1601,NW
1188849.971,X_LEG_3,43.03,44.42,1.71,1,1678,1601,NW
1188849.997,X_LEG_3,43.03,44.42,1.71,1,1678,1601,NW
1188850.035,X_LEG_3,42.99,44.26,1.74,1,1677,1602,NW
1188850.056,X_LEG_3,42.99,44.26,1.74,1,1677,1602,NW
1188850.077,X_LEG_3,42.99,44.26,1.74,1,1677,1602,NW
1188850.108,X_LEG_3,42.99,44.26,1.74,1,1677,1602,NW
1188852.611,X_LEG_3,41.05,41.70,1.45,1,1667,1604,NW
1188852.633,X_LEG_3,40.90,41.56,1.48,1,1666,1605,NW
1188852.653,X_LEG_3,40.90,41.56,1.48,1,1666,1605,NW
1188852.674,X_LEG_3,40.90,41.56,1.48,1,1666,1605,NW
1188852.694,X_LEG_3,40.90,41.56,1.48,1,1666,1605,NW
1188852.715,X_LEG_3,40.90,41.56,1.48,1,1666,1605,NW
1188852.735,X_LEG_3,40.76,41.43,1.52,1,1666,1605,NW
1188852.756,X_LEG_3,40.76,41.43,1.52,1,1666,1605,NW
1188852.780,X_LEG_3,40.76,41.43,1.52,1,1666,1605,NW
1188852.800,X_LEG_3,40.76,41.43,1.52,1,1666,1605,NW
1188852.820,X_LEG_3,40.76,41.43,1.52,1,1666,1605,NW
1188852.844,X_LEG_3,40.76,41.43,1.52,1,1666,1605,NW
1188852.865,X_LEG_3,40.76,41.43,1.52,1,1666,1605,NW
1188852.885,X_LEG_3,40.76,41.43,1.52,1,1666,1605,NW
1188852.906,X_LEG_3,40.76,41.43,1.52,1,1666,1605,NW
1188852.927,X_LEG_3,40.76,41.43,1.52,1,1666,1605,NW
1188852.948,X_LEG_3,40.61,41.30,1.56,1,1665,1606,NW
1188852.970,X_LEG_3,40.61,41.30,1.56,1,1665,1606,NW
1188852.990,X_LEG_3,40.61,41.30,1.56,1,1665,1606,NW
1188853.010,X_LEG_3,40.61,41.30,1.56,1,1665,1606,NW
1188853.031,X_LEG_3,40.61,41.30,1.56,1,1665,1606,NW
1188853.052,X_LEG_3,40.47,41.17,1.60,1,1665,1606,NW
1188853.072,X_LEG_3,40.47,41.17,1.60,1,1665,1606,NW
1188853.092,X_LEG_3,40.47,41.17,1.60,1,1665,1606,NW
1188853.113,X_LEG_3,40.47,41.17,1.60,1,1665,1606,NW
1188853.135,X_LEG_3,40.47,41.17,1.60,1,1665,1606,NW
1188853.155,X_LEG_3,40.32,41.04,1.65,1,1664,1607,NW
1188853.175,X_LEG_3,40.32,41.04,1.65,1,1664,1607,NW
1188853.196,X_LEG_3,40.32,41.04,1.65,1,1664,1607,NW
1188853.217,X_LEG_3,40.32,41.04,1.65,1,1664,1607,NW
1188853.238,X_LEG_3,40.32,41.04,1.65,1,1664,1607,NW
1188853.259,X_LEG_3,40.17,40.91,1.69,1,1664,1606,NW
1188853.281,X_LEG_3,40.17,40.91,1.69,1,1664,1606,NW
1188853.300,X_LEG_3,40.17,40.91,1.69,1,1664,1606,NW
1188853.320,X_LEG_3,40.17,40.91,1.69,1,1664,1606,NW
1188853.342,X_LEG_3,40.17,40.91,1.69,1,1664,1606,NW
1188853.364,X_LEG_3,40.17,40.91,1.69,1,1664,1606,NW
1188853.384,X_LEG_3,40.17,40.91,1.69,1,1664,1606,NW
1188853.406,X_LEG_3,40.17,40.91,1.69,1,1664,1606,NW
1188853.426,X_LEG_3,40.17,40.91,1.69,1,1664,1606,NW
1188853.447,X_LEG_3,40.17,40.91,1.69,1,1664,1606,NW
1188853.473,X_LEG_3,40.02,40.78,1.73,1,1663,1606,NW
1188853.507,X_LEG_3,40.02,40.78,1.73,1,1663,1606,NW
1188853.532,X_LEG_3,40.02,40.78,1.73,1,1663,1606,NW
1188853.559,X_LEG_3,40.02,40.78,1.73,1,1663,1606,NW
1188853.582,X_LEG_3,39.87,40.66,1.76,1,1663,1607,NW
1188853.603,X_LEG_3,39.87,40.66,1.76,1,1663,1607,NW
1188853.630,X_LEG_3,39.87,40.66,1.76,1,1663,1607,NW
1188853.657,X_LEG_3,39.87,40.66,1.76,1,1663,1607,NW
1188853.686,X_LEG_3,39.87,40.66,1.76,1,1663,1607,NW
1188853.715,X_LEG_3,39.72,40.53,0.81,1,1662,1607,NW
1188853.746,X_LEG_3,39.72,40.53,0.81,1,1662,1607,NW
1188853.777,X_LEG_3,39.72,40.53,0.81,1,1662,1607,NW
1188853.797,X_LEG_3,39.72,40.53,0.81,1,1662,1607,NW
1188853.817,X_LEG_3,39.72,40.53,0.81,1,1662,1607,NW
1188853.844,X_LEG_3,39.72,40.53,0.81,1,1662,1607,NW
1188853.869,X_LEG_3,39.72,40.53,0.81,1,1662,1607,NW
1188853.895,X_LEG_3,39.72,40.53,0.81,1,1662,1607,NW
1188853.922,X_LEG_3,39.72,40.53,0.81,1,1662,1607,NW
1188853.943,X_LEG_3,39.41,40.27,0.89,1,1661,1608,NW
1188853.963,X_LEG_3,39.41,40.27,0.89,1,1661,1608,NW
1188853.986,X_LEG_3,39.41,40.27,0.89,1,1661,1608,NW
1188854.007,X_LEG_3,39.41,40.27,0.89,1,1661,1608,NW
1188854.028,X_LEG_3,39.41,40.27,0.89,1,1661,1608,NW
1188854.051,X_LEG_3,39.25,40.16,0.93,1,1661,1609,NW
1188854.074,X_LEG_3,39.25,40.16,0.93,1,1661,1609,NW
1188854.100,X_LEG_3,39.25,40.16,0.93,1,1661,1609,NW
1188854.140,X_LEG_3,39.25,40.16,0.93,1,1661,1609,NW
1188854.161,X_LEG_3,39.25,40.16,0.93,1,1661,1609,NW
1188854.185,X_LEG_3,39.25,40.16,0.93,1,1661,1609,NW
1188854.281,X_LEG_3,39.25,40.16,0.93,1,1661,1609,NW
1188854.307,X_LEG_3,39.25,40.16,0.93,1,1661,1609,NW
1188854.337,X_LEG_3,39.01,39.96,0.99,1,1660,1608,NW
1188854.372,X_LEG_3,39.01,39.96,0.99,1,1660,1608,NW
1188854.399,X_LEG_3,39.01,39.96,0.99,1,1660,1608,NW
1188854.429,X_LEG_3,39.01,39.96,0.99,1,1660,1608,NW
1188854.455,X_LEG_3,39.01,39.96,0.99,1,1660,1608,NW
1188854.475,X_LEG_3,39.01,39.96,0.99,1,1660,1608,NW
1188854.514,X_LEG_3,39.01,39.96,0.99,1,1660,1608,NW
1188854.590,X_LEG_3,39.01,39.96,0.99,1,1660,1608,NW
1188854.623,X_LEG_3,38.52,39.59,1.10,1,1658,1610,NW
1188854.663,X_LEG_3,38.52,39.59,1.10,1,1658,1610,NW
1188854.684,X_LEG_3,38.52,39.59,1.10,1,1658,1610,NW
1188854.716,X_LEG_3,38.52,39.59,1.10,1,1658,1610,NW
1188854.736,X_LEG_3,38.52,39.59,1.10,1,1658,1610,NW
1188854.760,X_LEG_3,38.52,39.59,1.10,1,1658,1610,NW
1188858.108,X_LEG_3,25.88,35.88,3.59,1,1644,1644,NW
1188858.129,X_LEG_3,25.88,35.88,3.59,1,1644,1644,NW
1188858.149,X_LEG_3,25.88,35.88,3.59,1,1644,1644,NW
1188858.170,X_LEG_3,25.88,35.88,3.59,1,1644,1644,NW
1188858.191,X_LEG_3,25.44,35.79,3.63,1,1643,1645,NW
1188858.211,X_LEG_3,25.44,35.79,3.63,1,1643,1645,NW
1188858.231,X_LEG_3,25.44,35.79,3.63,1,1643,1645,NW
1188858.252,X_LEG_3,25.44,35.79,3.63,1,1643,1645,NW
1188858.274,X_LEG_3,25.44,35.79,3.63,1,1643,1645,NW
1188858.296,X_LEG_3,25.00,35.71,3.67,1,1643,1646,NW
1188858.316,X_LEG_3,25.00,35.71,3.67,1,1643,1646,NW
1188858.336,X_LEG_3,25.00,35.71,3.67,1,1643,1646,NW
1188858.357,X_LEG_3,25.00,35.71,3.67,1,1643,1646,NW
1188858.377,X_LEG_3,25.00,35.71,3.67,1,1643,1646,NW
1188858.398,X_LEG_3,24.56,35.64,3.71,1,1643,1648,NW
1188858.419,X_LEG_3,24.56,35.64,3.71,1,1643,1648,NW
1188858.440,X_LEG_3,24.56,35.64,3.71,1,1643,1648,NW
1188858.460,X_LEG_3,24.56,35.64,3.71,1,1643,1648,NW
1188858.481,X_LEG_3,24.56,35.64,3.71,1,1643,1648,NW
1188858.502,X_LEG_3,23.90,35.52,3.77,1,1642,1650,NW
1188858.524,X_LEG_3,23.90,35.52,3.77,1,1642,1650,NW
1188858.544,X_LEG_3,23.90,35.52,3.77,1,1642,1650,NW
1188858.564,X_LEG_3,23.90,35.52,3.77,1,1642,1650,NW
1188858.585,X_LEG_3,23.90,35.52,3.77,1,1642,1650,NW
1188858.606,X_LEG_3,23.90,35.52,3.77,1,1642,1650,NW
1188858.626,X_LEG_3,23.90,35.52,3.77,1,1642,1650,NW
1188858.646,X_LEG_3,23.90,35.52,3.77,1,1642,1650,NW
1188858.668,X_LEG_3,23.90,35.52,3.77,1,1642,1650,NW
1188858.688,X_LEG_3,23.90,35.52,3.77,1,1642,1650,NW
1188858.710,X_LEG_3,23.24,35.40,3.82,1,1642,1652,NW
1188858.730,X_LEG_3,23.24,35.40,3.82,1,1642,1652,NW
1188858.752,X_LEG_3,23.24,35.40,3.82,1,1642,1652,NW
1188858.772,X_LEG_3,23.24,35.40,3.82,1,1642,1652,NW
1188858.795,X_LEG_3,23.24,35.40,3.82,1,1642,1652,NW
1188858.817,X_LEG_3,22.80,35.32,3.86,1,1641,1653,NW
1188858.838,X_LEG_3,22.80,35.32,3.86,1,1641,1653,NW
1188858.858,X_LEG_3,22.80,35.32,3.86,1,1641,1653,NW
1188858.879,X_LEG_3,22.80,35.32,3.86,1,1641,1653,NW
1188858.899,X_LEG_3,22.80,35.32,3.86,1,1641,1653,NW
1188858.920,X_LEG_3,22.13,35.21,3.92,1,1641,1655,NW
1188858.942,X_LEG_3,22.13,35.21,3.92,1,1641,1655,NW
1188858.963,X_LEG_3,22.13,35.21,3.92,1,1641,1655,NW
1188858.983,X_LEG_3,22.13,35.21,3.92,1,1641,1655,NW
1188859.003,X_LEG_3,22.13,35.21,3.92,1,1641,1655,NW
1188859.024,X_LEG_3,21.47,35.10,3.97,1,1640,1657,NW
1188859.044,X_LEG_3,21.47,35.10,3.97,1,1640,1657,NW
1188859.067,X_LEG_3,21.47,35.10,3.97,1,1640,1657,NW
1188859.087,X_LEG_3,21.47,35.10,3.97,1,1640,1657,NW
1188859.108,X_LEG_3,21.47,35.10,3.97,1,1640,1657,NW
1188859.130,X_LEG_3,21.03,35.01,4.01,1,1640,1658,NW
1188859.150,X_LEG_3,21.03,35.01,4.01,1,1640,1658,NW
1188859.171,X_LEG_3,21.03,35.01,4.01,1,1640,1658,NW
1188859.191,X_LEG_3,21.03,35.01,4.01,1,1640,1658,NW
1188859.213,X_LEG_3,21.03,35.01,4.01,1,1640,1658,NW
1188859.233,X_LEG_3,21.03,35.01,4.01,1,1640,1658,NW
1188859.254,X_LEG_3,21.03,35.01,4.01,1,1640,1658,NW
1188859.274,X_LEG_3,21.03,35.01,4.01,1,1640,1658,NW
1188859.295,X_LEG_3,21.03,35.01,4.01,1,1640,1658,NW
1188859.320,X_LEG_3,21.03,35.01,4.01,1,1640,1658,NW
1188859.343,X_LEG_3,20.36,34.91,4.08,1,1640,1659,NW
1188859.367,X_LEG_3,20.36,34.91,4.08,1,1640,1659,NW
1188859.387,X_LEG_3,20.36,34.91,4.08,1,1640,1659,NW
1188859.408,X_LEG_3,20.36,34.91,4.08,1,1640,1659,NW
1188859.428,X_LEG_3,20.36,34.91,4.08,1,1640,1659,NW
1188859.449,X_LEG_3,19.92,34.83,4.11,1,1639,1661,NW
1188859.470,X_LEG_3,19.92,34.83,4.11,1,1639,1661,NW
1188859.491,X_LEG_3,19.92,34.83,4.11,1,1639,1661,NW
1188859.511,X_LEG_3,19.92,34.83,4.11,1,1639,1661,NW
1188859.532,X_LEG_3,19.92,34.83,4.11,1,1639,1661,NW
1188859.554,X_LEG_3,19.48,34.74,4.15,1,1639,1662,NW
1188859.574,X_LEG_3,19.48,34.74,4.15,1,1639,1662,NW
1188859.596,X_LEG_3,19.48,34.74,4.15,1,1639,1662,NW
1188859.617,X_LEG_3,19.48,34.74,4.15,1,1639,1662,NW
1188859.637,X_LEG_3,19.48,34.74,4.15,1,1639,1662,NW
1188859.658,X_LEG_3,18.81,34.64,3.21,1,1639,1664,NW
1188859.679,X_LEG_3,18.81,34.64,3.21,1,1639,1664,NW
1188859.699,X_LEG_3,18.81,34.64,3.21,1,1639,1664,NW
1188859.723,X_LEG_3,18.81,34.64,3.21,1,1639,1664,NW
1188859.745,X_LEG_3,18.81,34.64,3.21,1,1639,1664,NW
1188859.765,X_LEG_3,18.37,34.56,3.24,1,1638,1665,NW
1188859.786,X_LEG_3,18.37,34.56,3.24,1,1638,1665,NW
1188859.806,X_LEG_3,18.37,34.56,3.24,1,1638,1665,NW
1188859.829,X_LEG_3,18.37,34.56,3.24,1,1638,1665,NW
1188859.849,X_LEG_3,18.37,34.56,3.24,1,1638,1665,NW
1188859.870,X_LEG_3,17.71,34.45,3.31,1,1638,1667,NW
1188859.890,X_LEG_3,17.71,34.45,3.31,1,1638,1667,NW
1188859.912,X_LEG_3,17.71,34.45,3.31,1,1638,1667,NW
1188859.932,X_LEG_3,17.71,34.45,3.31,1,1638,1667,NW
1188859.952,X_LEG_3,17.71,34.45,3.31,1,1638,1667,NW
1188859.973,X_LEG_3,17.71,34.45,3.31,1,1638,1667,NW
1188859.994,X_LEG_3,17.71,34.45,3.31,1,1638,1667,NW
1188860.014,X_LEG_3,17.71,34.45,3.31,1,1638,1667,NW
1188860.038,X_LEG_3,17.71,34.45,3.31,1,1638,1667,NW
1188860.058,X_LEG_3,17.71,34.45,3.31,1,1638,1667,NW
1188860.080,X_LEG_3,17.27,34.37,3.34,1,1637,1669,NW
1188860.101,X_LEG_3,17.27,34.37,3.34,1,1637,1669,NW
1188860.122,X_LEG_3,17.27,34.37,3.34,1,1637,1669,NW
1188860.144,X_LEG_3,17.27,34.37,3.34,1,1637,1669,NW
1188860.165,X_LEG_3,17.27,34.37,3.34,1,1637,1669,NW
1188860.187,X_LEG_3,16.83,34.31,3.38,1,1637,1670,NW
1188860.207,X_LEG_3,16.83,34.31,3.38,1,1637,1670,NW
1188860.228,X_LEG_3,16.83,34.31,3.38,1,1637,1670,NW
1188860.251,X_LEG_3,16.83,34.31,3.38,1,1637,1670,NW
1188860.272,X_LEG_3,16.83,34.31,3.38,1,1637,1670,NW
1188860.292,X_LEG_3,16.38,34.22,3.42,1,1637,1671,NW
1188860.350,X_LEG_3,16.38,34.22,3.42,1,1637,1671,NW
1188860.376,X_LEG_3,16.38,34.22,3.42,1,1637,1671,NW
1188860.402,X_LEG_3,16.38,34.22,3.42,1,1637,1671,NW
1188860.439,X_LEG_3,16.38,34.22,3.42,1,1637,1671,NW
1188860.463,X_LEG_3,16.38,34.22,3.42,1,1637,1671,NW
1188860.489,X_LEG_3,16.38,34.22,3.42,1,1637,1671,NW
1188860.509,X_LEG_3,16.38,34.22,3.42,1,1637,1671,NW
1188860.530,X_LEG_3,15.94,34.15,3.46,1,1637,1673,NW
1188860.551,X_LEG_3,15.94,34.15,3.46,1,1637,1673,NW
1188860.571,X_LEG_3,15.94,34.15,3.46,1,1637,1673,NW
1188860.601,X_LEG_3,15.94,34.15,3.46,1,1637,1673,NW
1188860.632,X_LEG_3,15.94,34.15,3.46,1,1637,1673,NW
1188860.655,X_LEG_3,15.50,34.07,3.49,1,1636,1674,NW
1188860.679,X_LEG_3,15.50,34.07,3.49,1,1636,1674,NW
1188860.699,X_LEG_3,15.50,34.07,3.49,1,1636,1674,NW
1188860.724,X_LEG_3,15.50,34.07,3.49,1,1636,1674,NW
1188860.744,X_LEG_3,15.50,34.07,3.49,1,1636,1674,NW
1188860.765,X_LEG_3,15.50,34.07,2.49,1,1636,1674,NW
1188860.785,X_LEG_3,15.50,34.07,2.49,1,1636,1674,NW
1188860.806,X_LEG_3,15.50,34.07,2.49,1,1636,1674,NW
1188860.827,X_LEG_3,15.50,34.07,2.49,1,1636,1674,NW
1188860.850,X_LEG_3,15.50,34.07,2.49,1,1636,1674,NW
1188860.880,X_LEG_3,15.06,34.00,2.53,1,1636,1675,NW
1188860.905,X_LEG_3,15.06,34.00,2.53,1,1636,1675,NW
1188860.926,X_LEG_3,15.06,34.00,2.53,1,1636,1675,NW
1188860.949,X_LEG_3,15.06,34.00,2.53,1,1636,1675,NW
1188860.970,X_LEG_3,15.06,34.00,2.53,1,1636,1675,NW
1188860.990,X_LEG_3,14.62,33.94,2.57,1,1636,1675,NW
1188861.017,X_LEG_3,14.62,33.94,2.57,1,1636,1675,NW
1188861.038,X_LEG_3,14.62,33.94,2.57,1,1636,1675,NW
1188861.059,X_LEG_3,14.62,33.94,2.57,1,1636,1675,NW
1188861.087,X_LEG_3,14.62,33.94,2.57,1,1636,1675,NW
1188861.107,X_LEG_3,14.18,33.86,2.60,1,1635,1676,NW
1188861.128,X_LEG_3,14.18,33.86,2.60,1,1635,1676,NW
1188861.148,X_LEG_3,14.18,33.86,2.60,1,1635,1676,NW
1188861.169,X_LEG_3,14.18,33.86,2.60,1,1635,1676,NW
1188861.192,X_LEG_3,14.18,33.86,2.60,1,1635,1676,NW
1188861.219,X_LEG_3,13.75,33.79,2.64,1,1635,1677,NW
1188861.239,X_LEG_3,13.75,33.79,2.64,1,1635,1677,NW
1188861.260,X_LEG_3,13.75,33.79,2.64,1,1635,1677,NW
1188861.282,X_LEG_3,13.75,33.79,2.64,1,1635,1677,NW
1188861.303,X_LEG_3,13.75,33.79,2.64,1,1635,1677,NW
1188861.332,X_LEG_3,13.31,33.71,2.67,1,1635,1679,NW
1188861.355,X_LEG_3,13.31,33.71,2.67,1,1635,1679,NW
1188861.376,X_LEG_3,13.31,33.71,2.67,1,1635,1679,NW
1188861.397,X_LEG_3,13.31,33.71,2.67,1,1635,1679,NW
1188861.421,X_LEG_3,13.31,33.71,2.67,1,1635,1679,NW
1188861.442,X_LEG_3,13.31,33.71,2.67,1,1635,1679,NW
1188861.468,X_LEG_3,13.31,33.71,2.67,1,1635,1679,NW
1188861.489,X_LEG_3,13.31,33.71,2.67,1,1635,1679,NW
1188861.514,X_LEG_3,13.31,33.71,2.67,1,1635,1679,NW
1188861.536,X_LEG_3,13.31,33.71,2.67,1,1635,1679,NW
1188861.556,X_LEG_3,12.87,33.64,2.71,1,1635,1680,NW
1188861.577,X_LEG_3,12.87,33.64,2.71,1,1635,1680,NW
1188861.597,X_LEG_3,12.87,33.64,2.71,1,1635,1680,NW
1188861.624,X_LEG_3,12.87,33.64,2.71,1,1635,1680,NW
1188861.646,X_LEG_3,12.87,33.64,2.71,1,1635,1680,NW
1188861.667,X_LEG_3,12.43,33.56,2.74,1,1634,1681,NW
1188861.687,X_LEG_3,12.43,33.56,2.74,1,1634,1681,NW
1188861.707,X_LEG_3,12.43,33.56,2.74,1,1634,1681,NW
1188861.735,X_LEG_3,12.43,33.56,2.74,1,1634,1681,NW
1188861.757,X_LEG_3,12.43,33.56,2.74,1,1634,1681,NW
1188861.778,X_LEG_3,12.43,33.56,2.74,1,1634,1681,NW
1188861.799,X_LEG_3,12.43,33.56,2.74,1,1634,1681,NW
1188861.821,X_LEG_3,12.43,33.56,2.74,1,1634,1681,NW
1188861.842,X_LEG_3,12.43,33.56,2.74,1,1634,1681,NW
1188861.862,X_LEG_3,12.43,33.56,2.74,1,1634,1681,NW
1188861.885,X_LEG_3,11.99,33.49,2.80,1,1634,1683,NW
1188861.906,X_LEG_3,11.99,33.49,2.80,1,1634,1683,NW
1188861.927,X_LEG_3,11.99,33.49,2.80,1,1634,1683,NW
1188861.947,X_LEG_3,11.99,33.49,2.80,1,1634,1683,NW
1188861.967,X_LEG_3,11.99,33.49,2.80,1,1634,1683,NW
1188861.988,X_LEG_3,11.56,33.42,2.83,1,1634,1684,NW
1188862.009,X_LEG_3,11.56,33.42,2.83,1,1634,1684,NW
1188862.029,X_LEG_3,11.56,33.42,2.83,1,1634,1684,NW
1188862.051,X_LEG_3,11.56,33.42,2.83,1,1634,1684,NW
1188862.071,X_LEG_3,11.56,33.42,2.83,1,1634,1684,NW
1188862.094,X_LEG_3,11.12,33.34,2.86,1,1633,1685,NW
1188862.118,X_LEG_3,11.12,33.34,2.86,1,1633,1685,NW
1188862.140,X_LEG_3,11.12,33.34,2.86,1,1633,1685,NW
1188862.160,X_LEG_3,11.12,33.34,2.86,1,1633,1685,NW
1188862.181,X_LEG_3,11.12,33.34,2.86,1,1633,1685,NW
1188862.203,X_LEG_3,10.69,33.28,2.90,1,1633,1686,NW
1188862.228,X_LEG_3,10.69,33.28,2.90,1,1633,1686,NW
1188862.248,X_LEG_3,10.69,33.28,2.90,1,1633,1686,NW
1188862.268,X_LEG_3,10.69,33.28,2.90,1,1633,1686,NW
1188862.289,X_LEG_3,10.69,33.28,2.90,1,1633,1686,NW
1188862.309,X_LEG_3,10.26,33.20,2.93,1,1633,1688,NW
1188862.330,X_LEG_3,10.26,33.20,2.93,1,1633,1688,NW
1188862.350,X_LEG_3,10.26,33.20,2.93,1,1633,1688,NW
1188862.372,X_LEG_3,10.26,33.20,2.93,1,1633,1688,NW
1188862.394,X_LEG_3,10.26,33.20,2.93,1,1633,1688,NW
1188862.414,X_LEG_3,10.26,33.20,2.93,1,1633,1688,NW
1188862.435,X_LEG_3,10.26,33.20,2.93,1,1633,1688,NW
1188862.455,X_LEG_3,10.26,33.20,2.93,1,1633,1688,NW
1188862.476,X_LEG_3,10.26,33.20,2.93,1,1633,1688,NW
1188862.496,X_LEG_3,10.26,33.20,2.93,1,1633,1688,NW
1188862.517,X_LEG_3,9.82,33.13,2.98,1,1633,1689,NW
1188862.537,X_LEG_3,9.82,33.13,2.98,1,1633,1689,NW
1188862.558,X_LEG_3,9.82,33.13,2.98,1,1633,1689,NW
1188862.580,X_LEG_3,9.82,33.13,2.98,1,1633,1689,NW
1188862.601,X_LEG_3,9.82,33.13,2.98,1,1633,1689,NW
1188862.622,X_LEG_3,9.39,33.05,3.01,1,1632,1690,NW
1188862.642,X_LEG_3,9.39,33.05,3.01,1,1632,1690,NW
1188862.664,X_LEG_3,9.39,33.05,3.01,1,1632,1690,NW
1188862.685,X_LEG_3,9.39,33.05,3.01,1,1632,1690,NW
1188862.713,X_LEG_3,9.39,33.05,3.01,1,1632,1690,NW
1188862.732,X_LEG_3,8.96,32.98,3.05,1,1632,1691,NW
1188862.755,X_LEG_3,8.96,32.98,3.05,1,1632,1691,NW
1188862.775,X_LEG_3,8.96,32.98,3.05,1,1632,1691,NW
1188862.796,X_LEG_3,8.96,32.98,3.05,1,1632,1691,NW
1188862.817,X_LEG_3,8.96,32.98,3.05,1,1632,1691,NW
1188862.837,X_LEG_3,8.53,32.90,3.08,1,1632,1692,NW
1188862.858,X_LEG_3,8.53,32.90,3.08,1,1632,1692,NW
1188862.879,X_LEG_3,8.53,32.90,3.08,1,1632,1692,NW
1188862.900,X_LEG_3,8.53,32.90,3.08,1,1632,1692,NW
1188862.920,X_LEG_3,8.53,32.90,3.08,1,1632,1692,NW
1188862.941,X_LEG_3,8.10,32.83,3.13,1,1631,1693,NW
1188862.962,X_LEG_3,8.10,32.83,3.13,1,1631,1693,NW
1188862.982,X_LEG_3,8.10,32.83,3.13,1,1631,1693,NW
1188863.004,X_LEG_3,8.10,32.83,3.13,1,1631,1693,NW
1188863.025,X_LEG_3,8.10,32.83,3.13,1,1631,1693,NW
1188863.046,X_LEG_3,8.10,32.83,3.13,1,1631,1693,NW
1188863.066,X_LEG_3,8.10,32.83,3.13,1,1631,1693,NW
1188863.087,X_LEG_3,8.10,32.83,3.13,1,1631,1693,NW
1188863.108,X_LEG_3,8.10,32.83,3.13,1,1631,1693,NW
1188863.130,X_LEG_3,8.10,32.83,3.13,1,1631,1693,NW
1188863.151,X_LEG_3,7.67,32.76,2.17,1,1631,1694,NW
1188863.175,X_LEG_3,7.67,32.76,2.17,1,1631,1694,NW
1188863.196,X_LEG_3,7.67,32.76,2.17,1,1631,1694,NW
1188863.216,X_LEG_3,7.67,32.76,2.17,1,1631,1694,NW
1188863.241,X_LEG_3,7.67,32.76,2.17,1,1631,1694,NW
1188863.262,X_LEG_3,7.25,32.69,2.19,1,1631,1696,NW
1188863.283,X_LEG_3,7.25,32.69,2.19,1,1631,1696,NW
1188863.303,X_LEG_3,7.25,32.69,2.19,1,1631,1696,NW
1188863.323,X_LEG_3,7.25,32.69,2.19,1,1631,1696,NW
1188863.345,X_LEG_3,7.25,32.69,2.19,1,1631,1696,NW
1188863.366,X_LEG_3,6.82,32.62,2.24,1,1630,1697,NW
1188863.386,X_LEG_3,6.82,32.62,2.24,1,1630,1697,NW
1188863.414,X_LEG_3,6.82,32.62,2.24,1,1630,1697,NW
1188863.436,X_LEG_3,6.82,32.62,2.24,1,1630,1697,NW
1188863.457,X_LEG_3,6.82,32.62,2.24,1,1630,1697,NW
1188863.478,X_LEG_3,6.40,32.54,2.27,1,1630,1698,NW
1188863.499,X_LEG_3,6.40,32.54,2.27,1,1630,1698,NW
1188863.524,X_LEG_3,6.40,32.54,2.27,1,1630,1698,NW
1188863.545,X_LEG_3,6.40,32.54,2.27,1,1630,1698,NW
1188863.566,X_LEG_3,6.40,32.54,2.27,1,1630,1698,NW
1188863.587,X_LEG_3,5.97,32.47,2.31,1,1630,1700,NW
1188863.608,X_LEG_3,5.97,32.47,2.31,1,1630,1700,NW
1188863.631,X_LEG_3,5.97,32.47,2.31,1,1630,1700,NW
1188863.652,X_LEG_3,5.97,32.47,2.31,1,1630,1700,NW
1188863.673,X_LEG_3,5.97,32.47,2.31,1,1630,1700,NW
1188863.694,X_LEG_3,5.97,32.47,2.31,1,1630,1700,NW
1188863.714,X_LEG_3,5.97,32.47,2.31,1,1630,1700,NW
1188863.736,X_LEG_3,5.97,32.47,2.31,1,1630,1700,NW
1188863.756,X_LEG_3,5.97,32.47,2.31,1,1630,1700,NW
1188863.776,X_LEG_3,5.97,32.47,2.31,1,1630,1700,NW
1188863.798,X_LEG_3,5.55,32.40,2.35,1,1630,1701,NW
1188863.819,X_LEG_3,5.55,32.40,2.35,1,1630,1701,NW
1188863.844,X_LEG_3,5.55,32.40,2.35,1,1630,1701,NW
1188863.861,X_LEG_3,5.55,32.40,2.35,1,1630,1701,NW
1188863.882,X_LEG_3,5.55,32.40,2.35,1,1630,1701,NW
1188863.903,X_LEG_3,5.55,32.40,2.35,1,1630,1701,NW
1188863.929,X_LEG_3,5.55,32.40,2.35,1,1630,1701,NW
1188863.950,X_LEG_3,5.55,32.40,2.35,1,1630,1701,NW
1188863.972,X_LEG_3,5.55,32.40,2.35,1,1630,1701,NW
1188863.993,X_LEG_3,5.55,32.40,2.35,1,1630,1701,NW
1188864.014,X_LEG_3,4.73,32.26,2.42,1,1629,1703,NW
1188864.037,X_LEG_3,4.73,32.26,2.42,1,1629,1703,NW
1188864.059,X_LEG_3,4.73,32.26,2.42,1,1629,1703,NW
1188864.093,X_LEG_3,4.73,32.26,2.42,1,1629,1703,NW
1188864.121,X_LEG_3,4.73,32.26,2.42,1,1629,1703,NW
1188864.143,X_LEG_3,4.73,32.26,2.42,1,1629,1703,NW
1188864.171,X_LEG_3,4.73,32.26,2.42,1,1629,1703,NW
1188864.198,X_LEG_3,4.73,32.26,2.42,1,1629,1703,NW
1188864.232,X_LEG_3,4.73,32.26,2.42,1,1629,1703,NW
1188864.266,X_LEG_3,4.73,32.26,3.42,1,1629,1703,NW
1188864.286,X_LEG_3,4.73,32.26,3.42,1,1629,1703,NW
1188864.306,X_LEG_3,4.73,32.26,3.42,1,1629,1703,NW
1188864.327,X_LEG_3,4.73,32.26,3.42,1,1629,1703,NW
1188864.348,X_LEG_3,4.78,32.26,3.53,1,1629,1703,NW
1188864.369,X_LEG_3,4.78,32.26,3.53,1,1629,1703,NW
1188864.389,X_LEG_3,4.78,32.26,3.53,1,1629,1703,NW
1188864.415,X_LEG_3,4.78,32.26,3.53,1,1629,1703,NW
1188864.445,X_LEG_3,4.78,32.26,3.53,1,1629,1703,NW
1188864.465,X_LEG_3,4.85,32.25,3.64,1,1629,1703,NW
1188864.489,X_LEG_3,4.85,32.25,3.64,1,1629,1703,NW
1188864.516,X_LEG_3,4.85,32.25,3.64,1,1629,1703,NW
1188864.551,X_LEG_3,4.85,32.25,3.64,1,1629,1703,NW
1188864.593,X_LEG_3,4.85,32.25,3.64,1,1629,1703,NW
1188864.615,X_LEG_3,4.85,32.25,3.64,1,1629,1703,NW
1188864.640,X_LEG_3,4.85,32.25,3.64,1,1629,1703,NW
1188864.670,X_LEG_3,4.85,32.25,3.64,1,1629,1703,NW
1188864.699,X_LEG_3,4.85,32.25,3.64,1,1629,1703,NW
1188864.726,X_LEG_3,4.85,32.25,3.64,1,1629,1703,NW
1188864.750,X_LEG_3,4.85,32.25,3.64,1,1629,1703,NW
1188864.773,X_LEG_3,4.85,32.25,3.64,1,1629,1703,NW
1188864.793,X_LEG_3,4.98,32.24,3.93,1,1629,1703,NW
1188864.818,X_LEG_3,4.98,32.24,3.93,1,1629,1703,NW
1188864.844,X_LEG_3,4.98,32.24,3.93,1,1629,1703,NW
1188864.865,X_LEG_3,4.98,32.24,3.93,1,1629,1703,NW
1188864.887,X_LEG_3,4.98,32.24,3.93,1,1629,1703,NW
1188864.907,X_LEG_3,5.01,32.23,6.99,1,1629,1702,NW
1188864.928,X_LEG_3,5.01,32.23,6.99,1,1629,1702,NW
1188864.957,X_LEG_3,5.01,32.23,6.99,1,1629,1702,NW
1188864.979,X_LEG_3,5.01,32.23,6.99,1,1629,1702,NW
1188865.000,X_LEG_3,5.01,32.23,6.99,1,1629,1702,NW
1188865.021,X_LEG_3,5.07,32.23,7.18,1,1629,1702,NW
1188865.044,X_LEG_3,5.07,32.23,7.18,1,1629,1702,NW
1188865.065,X_LEG_3,5.07,32.23,7.18,1,1629,1702,NW
1188865.085,X_LEG_3,5.07,32.23,7.18,1,1629,1702,NW
1188865.105,X_LEG_3,5.07,32.23,7.18,1,1629,1702,NW
1188865.126,X_LEG_3,5.12,32.22,7.36,1,1629,1702,NW
1188865.146,X_LEG_3,5.12,32.22,7.36,1,1629,1702,NW
1188865.167,X_LEG_3,5.12,32.22,7.36,1,1629,1702,NW
1188865.188,X_LEG_3,5.12,32.22,7.36,1,1629,1702,NW
1188865.208,X_LEG_3,5.12,32.22,7.36,1,1629,1702,NW
1188865.229,X_LEG_3,5.12,32.22,7.36,1,1629,1702,NW
1188865.249,X_LEG_3,5.12,32.22,7.36,1,1629,1702,NW
1188865.270,X_LEG_3,5.12,32.22,7.36,1,1629,1702,NW
1188865.291,X_LEG_3,5.12,32.22,7.36,1,1629,1702,NW
1188865.312,X_LEG_3,5.12,32.22,7.36,1,1629,1702,NW
1188865.333,X_LEG_3,5.16,32.21,7.58,1,1629,1702,NW
1188865.354,X_LEG_3,5.16,32.21,7.58,1,1629,1702,NW
1188865.374,X_LEG_3,5.16,32.21,7.58,1,1629,1702,NW
1188865.394,X_LEG_3,5.16,32.21,7.58,1,1629,1702,NW
1188865.415,X_LEG_3,5.16,32.21,7.58,1,1629,1702,NW
1188865.435,X_LEG_3,5.21,32.21,7.80,1,1629,1702,NW
1188865.456,X_LEG_3,5.21,32.21,7.80,1,1629,1702,NW
1188865.478,X_LEG_3,5.21,32.21,7.80,1,1629,1702,NW
1188865.500,X_LEG_3,5.21,32.21,7.80,1,1629,1702,NW
1188865.524,X_LEG_3,5.21,32.21,7.80,1,1629,1702,NW
1188865.544,X_LEG_3,5.26,32.20,8.02,1,1629,1702,NW
1188865.564,X_LEG_3,5.26,32.20,8.02,1,1629,1702,NW
1188865.587,X_LEG_3,5.26,32.20,8.02,1,1629,1702,NW
1188865.608,X_LEG_3,5.26,32.20,8.02,1,1629,1702,NW
1188865.632,X_LEG_3,5.26,32.20,8.02,1,1629,1702,NW
1188865.653,X_LEG_3,5.26,32.20,8.02,1,1629,1702,NW
1188865.675,X_LEG_3,5.26,32.20,8.02,1,1629,1702,NW
1188865.695,X_LEG_3,5.26,32.20,8.02,1,1629,1702,NW
1188865.716,X_LEG_3,5.26,32.20,8.02,1,1629,1702,NW
1188865.736,X_LEG_3,5.26,32.20,8.02,1,1629,1702,NW
1188865.758,X_LEG_3,5.31,32.20,7.27,1,1629,1702,NW
1188865.779,X_LEG_3,5.31,32.20,7.27,1,1629,1702,NW
1188865.799,X_LEG_3,5.31,32.20,7.27,1,1629,1702,NW
1188865.822,X_LEG_3,5.31,32.20,7.27,1,1629,1702,NW
1188865.843,X_LEG_3,5.31,32.20,7.27,1,1629,1702,NW
1188865.866,X_LEG_3,5.36,32.19,7.51,1,1629,1701,NW
1188865.887,X_LEG_3,5.36,32.19,7.51,1,1629,1701,NW
1188865.907,X_LEG_3,5.36,32.19,7.51,1,1629,1701,NW
1188865.929,X_LEG_3,5.36,32.19,7.51,1,1629,1701,NW
1188865.951,X_LEG_3,5.36,32.19,7.51,1,1629,1701,NW
1188865.970,X_LEG_3,5.41,32.19,7.75,1,1629,1701,NW
1188865.991,X_LEG_3,5.41,32.19,7.75,1,1629,1701,NW
1188866.012,X_LEG_3,5.41,32.19,7.75,1,1629,1701,NW
1188866.033,X_LEG_3,5.41,32.19,7.75,1,1629,1701,NW
1188866.053,X_LEG_3,5.41,32.19,7.75,1,1629,1701,NW
1188866.074,X_LEG_3,5.46,32.19,8.00,1,1629,1701,NW
1188866.095,X_LEG_3,5.46,32.19,8.00,1,1629,1701,NW
1188866.117,X_LEG_3,5.46,32.19,8.00,1,1629,1701,NW
1188866.137,X_LEG_3,5.46,32.19,8.00,1,1629,1701,NW
1188866.159,X_LEG_3,5.46,32.19,8.00,1,1629,1701,NW
1188866.179,X_LEG_3,5.46,32.19,8.00,1,1629,1701,NW
1188866.200,X_LEG_3,5.46,32.19,8.00,1,1629,1701,NW
1188866.220,X_LEG_3,5.46,32.19,8.00,1,1629,1701,NW
1188866.242,X_LEG_3,5.46,32.19,8.00,1,1629,1701,NW
1188866.262,X_LEG_3,5.46,32.19,8.00,1,1629,1701,NW
1188866.284,X_LEG_3,5.52,32.19,8.24,1,1629,1701,NW
1188866.305,X_LEG_3,5.52,32.19,8.24,1,1629,1701,NW
1188866.325,X_LEG_3,5.52,32.19,8.24,1,1629,1701,NW
1188866.346,X_LEG_3,5.52,32.19,8.24,1,1629,1701,NW
1188866.367,X_LEG_3,5.52,32.19,8.24,1,1629,1701,NW
1188866.388,X_LEG_3,5.57,32.17,8.48,1,1629,1701,NW
1188866.408,X_LEG_3,5.57,32.17,8.48,1,1629,1701,NW
1188866.429,X_LEG_3,5.57,32.17,8.48,1,1629,1701,NW
1188866.449,X_LEG_3,5.57,32.17,8.48,1,1629,1701,NW
1188866.475,X_LEG_3,5.57,32.17,8.48,1,1629,1701,NW
1188866.496,X_LEG_3,5.63,32.18,8.72,1,1629,1701,NW
1188866.534,X_LEG_3,5.63,32.18,8.72,1,1629,1701,NW
1188866.560,X_LEG_3,5.63,32.18,8.72,1,1629,1701,NW
1188866.584,X_LEG_3,5.63,32.18,8.72,1,1629,1701,NW
1188866.604,X_LEG_3,5.69,32.16,8.97,1,1629,1700,NW
1188866.627,X_LEG_3,5.69,32.16,8.97,1,1629,1700,NW
1188866.648,X_LEG_3,5.69,32.16,8.97,1,1629,1700,NW
1188866.675,X_LEG_3,5.69,32.16,8.97,1,1629,1700,NW
1188866.695,X_LEG_3,5.69,32.16,8.97,1,1629,1700,NW
1188866.723,X_LEG_3,5.69,32.16,8.97,1,1629,1700,NW
1188866.743,X_LEG_3,5.69,32.16,8.97,1,1629,1700,NW
1188866.764,X_LEG_3,5.69,32.16,8.97,1,1629,1700,NW
1188866.785,X_LEG_3,5.69,32.16,8.97,1,1629,1700,NW
1188866.805,X_LEG_3,5.69,32.16,8.97,1,1629,1700,NW
1188866.832,X_LEG_3,5.75,32.16,9.20,1,1629,1700,NW
1188866.854,X_LEG_3,5.75,32.16,9.20,1,1629,1700,NW
1188866.875,X_LEG_3,5.75,32.16,9.20,1,1629,1700,NW
1188866.895,X_LEG_3,5.75,32.16,9.20,1,1629,1700,NW
1188866.916,X_LEG_3,5.75,32.16,9.20,1,1629,1700,NW
1188866.941,X_LEG_3,5.81,32.15,9.45,1,1629,1700,NW
1188866.961,X_LEG_3,5.81,32.15,9.45,1,1629,1700,NW
1188866.985,X_LEG_3,5.81,32.15,9.45,1,1629,1700,NW
1188867.006,X_LEG_3,5.81,32.15,9.45,1,1629,1700,NW
1188867.029,X_LEG_3,5.81,32.15,9.45,1,1629,1700,NW
1188867.049,X_LEG_3,5.87,32.15,9.68,1,1629,1700,NW
1188867.069,X_LEG_3,5.87,32.15,9.68,1,1629,1700,NW
1188867.092,X_LEG_3,5.87,32.15,9.68,1,1629,1700,NW
1188867.112,X_LEG_3,5.87,32.15,9.68,1,1629,1700,NW
1188867.134,X_LEG_3,5.87,32.15,9.68,1,1629,1700,NW
1188867.155,X_LEG_3,5.87,32.15,9.68,1,1629,1700,NW
1188867.175,X_LEG_3,5.87,32.15,9.68,1,1629,1700,NW
1188867.196,X_LEG_3,5.87,32.15,9.68,1,1629,1700,NW
1188867.216,X_LEG_3,5.87,32.15,9.68,1,1629,1700,NW
1188867.236,X_LEG_3,5.87,32.15,9.68,1,1629,1700,NW
1188867.257,X_LEG_3,5.94,32.14,9.92,1,1629,1700,NW
1188867.279,X_LEG_3,5.94,32.14,9.92,1,1629,1700,NW
1188867.299,X_LEG_3,5.94,32.14,9.92,1,1629,1700,NW
1188867.325,X_LEG_3,5.94,32.14,9.92,1,1629,1700,NW
1188867.345,X_LEG_3,5.94,32.14,9.92,1,1629,1700,NW
1188867.372,X_LEG_3,6.00,32.13,10.17,1,1629,1700,NW
1188867.395,X_LEG_3,6.00,32.13,10.17,1,1629,1700,NW
1188867.418,X_LEG_3,6.00,32.13,10.17,1,1629,1700,NW
1188867.439,X_LEG_3,6.00,32.13,10.17,1,1629,1700,NW
1188867.462,X_LEG_3,6.00,32.13,10.17,1,1629,1700,NW
1188867.484,X_LEG_3,6.07,32.12,8.40,1,1628,1699,NW
1188867.504,X_LEG_3,6.07,32.12,8.40,1,1628,1699,NW
1188867.525,X_LEG_3,6.07,32.12,8.40,1,1628,1699,NW
1188867.547,X_LEG_3,6.07,32.12,8.40,1,1628,1699,NW
1188867.572,X_LEG_3,6.07,32.12,8.40,1,1628,1699,NW
1188867.593,X_LEG_3,6.07,32.12,8.40,1,1628,1699,NW
1188867.616,X_LEG_3,6.07,32.12,8.40,1,1628,1699,NW
1188867.637,X_LEG_3,6.07,32.12,8.40,1,1628,1699,NW
1188867.658,X_LEG_3,6.07,32.12,8.40,1,1628,1699,NW
1188867.678,X_LEG_3,6.07,32.12,8.40,1,1628,1699,NW
1188867.700,X_LEG_3,6.13,32.11,8.64,1,1628,1699,NW
1188867.720,X_LEG_3,6.13,32.11,8.64,1,1628,1699,NW
1188867.740,X_LEG_3,6.13,32.11,8.64,1,1628,1699,NW
1188867.762,X_LEG_3,6.13,32.11,8.64,1,1628,1699,NW
1188867.783,X_LEG_3,6.13,32.11,8.64,1,1628,1699,NW
1188867.804,X_LEG_3,6.20,32.11,8.87,1,1628,1699,NW
1188867.825,X_LEG_3,6.20,32.11,8.87,1,1628,1699,NW
1188867.846,X_LEG_3,6.20,32.11,8.87,1,1628,1699,NW
1188867.866,X_LEG_3,6.20,32.11,8.87,1,1628,1699,NW
1188867.887,X_LEG_3,6.20,32.11,8.87,1,1628,1699,NW
1188867.908,X_LEG_3,6.27,32.09,9.11,1,1628,1699,NW
1188867.934,X_LEG_3,6.27,32.09,9.11,1,1628,1699,NW
1188867.955,X_LEG_3,6.27,32.09,9.11,1,1628,1699,NW
1188867.975,X_LEG_3,6.27,32.09,9.11,1,1628,1699,NW
1188867.996,X_LEG_3,6.27,32.09,9.11,1,1628,1699,NW
1188868.020,X_LEG_3,6.35,32.09,9.34,1,1628,1698,NW
1188868.043,X_LEG_3,6.35,32.09,9.34,1,1628,1698,NW
1188868.063,X_LEG_3,6.35,32.09,9.34,1,1628,1698,NW
1188868.084,X_LEG_3,6.35,32.09,9.34,1,1628,1698,NW
1188868.104,X_LEG_3,6.35,32.09,9.34,1,1628,1698,NW
1188868.125,X_LEG_3,6.35,32.09,9.34,1,1628,1698,NW
1188868.145,X_LEG_3,6.35,32.09,9.34,1,1628,1698,NW
1188868.166,X_LEG_3,6.35,32.09,9.34,1,1628,1698,NW
1188868.188,X_LEG_3,6.35,32.09,9.34,1,1628,1698,NW
1188868.209,X_LEG_3,6.35,32.09,9.34,1,1628,1698,NW
1188868.229,X_LEG_3,6.42,32.07,9.57,1,1628,1698,NW
1188868.252,X_LEG_3,6.42,32.07,9.57,1,1628,1698,NW
1188868.272,X_LEG_3,6.42,32.07,9.57,1,1628,1698,NW
1188868.293,X_LEG_3,6.42,32.07,9.57,1,1628,1698,NW
1188868.316,X_LEG_3,6.42,32.07,9.57,1,1628,1698,NW
1188868.344,X_LEG_3,6.49,32.07,7.80,1,1628,1698,NW
1188868.369,X_LEG_3,6.49,32.07,7.80,1,1628,1698,NW
1188868.390,X_LEG_3,6.49,32.07,7.80,1,1628,1698,NW
1188868.413,X_LEG_3,6.49,32.07,7.80,1,1628,1698,NW
1188868.435,X_LEG_3,6.49,32.07,7.80,1,1628,1698,NW
1188868.456,X_LEG_3,6.57,32.06,8.04,1,1628,1698,NW
1188868.479,X_LEG_3,6.57,32.06,8.04,1,1628,1698,NW
1188868.499,X_LEG_3,6.57,32.06,8.04,1,1628,1698,NW
1188868.520,X_LEG_3,6.57,32.06,8.04,1,1628,1698,NW
1188868.540,X_LEG_3,6.57,32.06,8.04,1,1628,1698,NW
1188868.561,X_LEG_3,6.64,32.05,8.26,1,1628,1698,NW
1188868.584,X_LEG_3,6.64,32.05,8.26,1,1628,1698,NW
1188868.604,X_LEG_3,6.64,32.05,8.26,1,1628,1698,NW
1188868.627,X_LEG_3,6.64,32.05,8.26,1,1628,1698,NW
1188868.647,X_LEG_3,6.64,32.05,8.26,1,1628,1698,NW
1188868.667,X_LEG_3,6.64,32.05,8.26,1,1628,1698,NW
1188868.695,X_LEG_3,6.64,32.05,8.26,1,1628,1698,NW
1188868.715,X_LEG_3,6.64,32.05,8.26,1,1628,1698,NW
1188868.741,X_LEG_3,6.64,32.05,8.26,1,1628,1698,NW
1188868.761,X_LEG_3,6.64,32.05,8.26,1,1628,1698,NW
1188868.782,X_LEG_3,6.72,32.03,8.50,1,1628,1697,NW
1188868.811,X_LEG_3,6.72,32.03,8.50,1,1628,1697,NW
1188868.836,X_LEG_3,6.72,32.03,8.50,1,1628,1697,NW
1188868.856,X_LEG_3,6.72,32.03,8.50,1,1628,1697,NW
1188868.883,X_LEG_3,6.72,32.03,8.50,1,1628,1697,NW
1188868.905,X_LEG_3,6.80,32.02,8.72,1,1628,1697,NW
1188868.927,X_LEG_3,6.80,32.02,8.72,1,1628,1697,NW
1188868.948,X_LEG_3,6.80,32.02,8.72,1,1628,1697,NW
1188868.968,X_LEG_3,6.80,32.02,8.72,1,1628,1697,NW
1188868.991,X_LEG_3,6.80,32.02,8.72,1,1628,1697,NW
1188869.011,X_LEG_3,6.88,32.01,8.94,1,1628,1697,NW
1188869.037,X_LEG_3,6.88,32.01,8.94,1,1628,1697,NW
1188869.058,X_LEG_3,6.88,32.01,8.94,1,1628,1697,NW
1188869.081,X_LEG_3,6.88,32.01,8.94,1,1628,1697,NW
1188869.103,X_LEG_3,6.88,32.01,8.94,1,1628,1697,NW
1188869.124,X_LEG_3,6.96,32.00,9.18,1,1628,1696,NW
1188869.148,X_LEG_3,6.96,32.00,9.18,1,1628,1696,NW
1188869.170,X_LEG_3,6.96,32.00,9.18,1,1628,1696,NW
1188869.194,X_LEG_3,6.96,32.00,9.18,1,1628,1696,NW
1188869.214,X_LEG_3,6.96,32.00,9.18,1,1628,1696,NW
1188869.235,X_LEG_3,7.04,31.99,9.40,1,1628,1695,NW
1188869.258,X_LEG_3,7.04,31.99,9.40,1,1628,1695,NW
1188869.278,X_LEG_3,7.04,31.99,9.40,1,1628,1695,NW
1188869.304,X_LEG_3,7.04,31.99,9.40,1,1628,1695,NW
1188869.325,X_LEG_3,7.04,31.99,9.40,1,1628,1695,NW
1188869.345,X_LEG_3,7.04,31.99,8.40,1,1628,1695,NW
1188869.367,X_LEG_3,7.04,31.99,8.40,1,1628,1695,NW
1188869.388,X_LEG_3,7.04,31.99,8.40,1,1628,1695,NW
1188869.408,X_LEG_3,7.04,31.99,8.40,1,1628,1695,NW
1188869.430,X_LEG_3,7.04,31.99,8.40,1,1628,1695,NW
1188869.450,X_LEG_3,7.13,31.97,8.63,1,1628,1695,NW
1188869.474,X_LEG_3,7.13,31.97,8.63,1,1628,1695,NW
1188869.495,X_LEG_3,7.13,31.97,8.63,1,1628,1695,NW
1188869.518,X_LEG_3,7.13,31.97,8.63,1,1628,1695,NW
1188869.538,X_LEG_3,7.13,31.97,8.63,1,1628,1695,NW
1188869.559,X_LEG_3,7.21,31.96,8.86,1,1628,1695,NW
1188869.585,X_LEG_3,7.21,31.96,8.86,1,1628,1695,NW
1188869.606,X_LEG_3,7.21,31.96,8.86,1,1628,1695,NW
1188869.629,X_LEG_3,7.21,31.96,8.86,1,1628,1695,NW
1188869.650,X_LEG_3,7.21,31.96,8.86,1,1628,1695,NW
1188869.671,X_LEG_3,7.29,31.94,9.07,1,1628,1695,NW
1188869.691,X_LEG_3,7.29,31.94,9.07,1,1628,1695,NW
1188869.712,X_LEG_3,7.29,31.94,9.07,1,1628,1695,NW
1188869.732,X_LEG_3,7.29,31.94,9.07,1,1628,1695,NW
1188869.754,X_LEG_3,7.29,31.94,9.07,1,1628,1695,NW
1188869.774,X_LEG_3,7.38,31.94,9.29,1,1628,1694,NW
1188869.795,X_LEG_3,7.38,31.94,9.29,1,1628,1694,NW
1188869.816,X_LEG_3,7.38,31.94,9.29,1,1628,1694,NW
1188869.836,X_LEG_3,7.38,31.94,9.29,1,1628,1694,NW
1188869.861,X_LEG_3,7.38,31.94,9.29,1,1628,1694,NW
1188869.884,X_LEG_3,7.38,31.94,9.29,1,1628,1694,NW
1188869.909,X_LEG_3,7.38,31.94,9.29,1,1628,1694,NW
1188869.930,X_LEG_3,7.38,31.94,9.29,1,1628,1694,NW
1188869.951,X_LEG_3,7.38,31.94,9.29,1,1628,1694,NW
1188869.973,X_LEG_3,7.38,31.94,9.29,1,1628,1694,NW
1188869.993,X_LEG_3,7.47,31.92,9.52,1,1628,1694,NW
1188870.018,X_LEG_3,7.47,31.92,9.52,1,1628,1694,NW
1188870.041,X_LEG_3,7.47,31.92,9.52,1,1628,1694,NW
1188870.064,X_LEG_3,7.47,31.92,9.52,1,1628,1694,NW
1188870.088,X_LEG_3,7.47,31.92,9.52,1,1628,1694,NW
1188870.109,X_LEG_3,7.56,31.90,9.74,1,1628,1694,NW
1188870.132,X_LEG_3,7.56,31.90,9.74,1,1628,1694,NW
1188870.159,X_LEG_3,7.56,31.90,9.74,1,1628,1694,NW
1188870.180,X_LEG_3,7.56,31.90,9.74,1,1628,1694,NW
1188870.207,X_LEG_3,7.56,31.90,9.74,1,1628,1694,NW
1188870.238,X_LEG_3,7.65,31.89,6.96,1,1628,1694,NW
1188870.270,X_LEG_3,7.65,31.89,6.96,1,1628,1694,NW
1188870.294,X_LEG_3,7.65,31.89,6.96,1,1628,1694,NW
1188870.316,X_LEG_3,7.65,31.89,6.96,1,1628,1694,NW
1188870.340,X_LEG_3,7.65,31.89,6.96,1,1628,1694,NW
1188870.360,X_LEG_3,7.65,31.89,6.96,1,1628,1694,NW
1188870.380,X_LEG_3,7.65,31.89,6.96,1,1628,1694,NW
1188870.406,X_LEG_3,7.65,31.89,6.96,1,1628,1694,NW
1188870.440,X_LEG_3,7.65,31.89,6.96,1,1628,1694,NW
1188870.468,X_LEG_3,7.74,31.87,7.17,1,1627,1693,NW
1188870.490,X_LEG_3,7.74,31.87,7.17,1,1627,1693,NW
1188870.516,X_LEG_3,7.74,31.87,7.17,1,1627,1693,NW
1188870.537,X_LEG_3,7.74,31.87,7.17,1,1627,1693,NW
1188870.561,X_LEG_3,7.74,31.87,7.17,1,1627,1693,NW
1188870.581,X_LEG_3,7.74,31.87,7.17,1,1627,1693,NW
1188870.606,X_LEG_3,7.74,31.87,7.17,1,1627,1693,NW
1188870.628,X_LEG_3,7.74,31.87,7.17,1,1627,1693,NW
1188870.657,X_LEG_3,7.74,31.87,7.17,1,1627,1693,NW
1188870.683,X_LEG_3,7.89,31.85,7.61,1,1627,1693,NW
1188870.705,X_LEG_3,7.89,31.85,7.61,1,1627,1693,NW
1188870.725,X_LEG_3,7.89,31.85,7.61,1,1627,1693,NW
1188870.750,X_LEG_3,7.89,31.85,7.61,1,1627,1693,NW
1188870.797,X_LEG_3,7.89,31.85,7.61,1,1627,1693,NW
1188870.822,X_LEG_3,7.89,31.85,7.61,1,1627,1693,NW
1188870.851,X_LEG_3,7.89,31.85,7.61,1,1627,1693,NW
1188870.883,X_LEG_3,7.89,31.85,7.61,1,1627,1693,NW
1188870.903,X_LEG_3,7.96,31.83,7.83,1,1627,1693,NW
1188870.925,X_LEG_3,7.96,31.83,7.83,1,1627,1693,NW
1188870.966,X_LEG_3,7.96,31.83,7.83,1,1627,1693,NW
1188870.987,X_LEG_3,7.96,31.83,7.83,1,1627,1693,NW
1188873.166,X_LEG_3,7.95,31.67,9.82,1,1627,1693,NW
1188873.186,X_LEG_3,7.95,31.67,9.82,1,1627,1693,NW
1188873.207,X_LEG_3,7.95,31.67,9.82,1,1627,1693,NW
1188873.228,X_LEG_3,7.95,31.67,9.82,1,1627,1693,NW
1188873.248,X_LEG_3,7.95,31.67,9.82,1,1627,1693,NW
1188873.274,X_LEG_3,7.93,31.67,10.01,1,1627,1693,NW
1188873.294,X_LEG_3,7.93,31.67,10.01,1,1627,1693,NW
1188873.315,X_LEG_3,7.93,31.67,10.01,1,1627,1693,NW
1188873.335,X_LEG_3,7.93,31.67,10.01,1,1627,1693,NW
1188873.357,X_LEG_3,7.93,31.67,10.01,1,1627,1693,NW
1188873.377,X_LEG_3,7.90,31.66,10.22,1,1627,1693,NW
1188873.399,X_LEG_3,7.90,31.66,10.22,1,1627,1693,NW
1188873.419,X_LEG_3,7.90,31.66,10.22,1,1627,1693,NW
1188873.439,X_LEG_3,7.90,31.66,10.22,1,1627,1693,NW
1188873.460,X_LEG_3,7.90,31.66,10.22,1,1627,1693,NW
1188873.480,X_LEG_3,7.88,31.65,10.41,1,1627,1693,NW
1188873.502,X_LEG_3,7.88,31.65,10.41,1,1627,1693,NW
1188873.523,X_LEG_3,7.88,31.65,10.41,1,1627,1693,NW
1188873.544,X_LEG_3,7.88,31.65,10.41,1,1627,1693,NW
1188873.566,X_LEG_3,7.88,31.65,10.41,1,1627,1693,NW
1188873.587,X_LEG_3,7.88,31.65,10.41,1,1627,1693,NW
1188873.611,X_LEG_3,7.88,31.65,10.41,1,1627,1693,NW
1188873.654,X_LEG_3,7.88,31.65,10.41,1,1627,1693,NW
1188873.674,X_LEG_3,7.88,31.65,10.41,1,1627,1693,NW
1188873.695,X_LEG_3,7.85,31.65,10.61,1,1627,1693,NW
1188873.716,X_LEG_3,7.85,31.65,10.61,1,1627,1693,NW
1188873.736,X_LEG_3,7.85,31.65,10.61,1,1627,1693,NW
1188873.757,X_LEG_3,7.85,31.65,10.61,1,1627,1693,NW
1188873.778,X_LEG_3,7.85,31.65,10.61,1,1627,1693,NW
1188873.798,X_LEG_3,7.83,31.65,10.80,1,1627,1693,NW
1188873.819,X_LEG_3,7.83,31.65,10.80,1,1627,1693,NW
1188873.839,X_LEG_3,7.83,31.65,10.80,1,1627,1693,NW
1188873.861,X_LEG_3,7.83,31.65,10.80,1,1627,1693,NW
1188873.882,X_LEG_3,7.83,31.65,10.80,1,1627,1693,NW
1188873.904,X_LEG_3,7.81,31.64,10.00,1,1627,1693,NW
1188873.925,X_LEG_3,7.81,31.64,10.00,1,1627,1693,NW
1188873.946,X_LEG_3,7.81,31.64,10.00,1,1627,1693,NW
1188873.973,X_LEG_3,7.81,31.64,10.00,1,1627,1693,NW
1188873.995,X_LEG_3,7.81,31.64,10.00,1,1627,1693,NW
1188874.018,X_LEG_3,7.81,31.64,10.00,1,1627,1693,NW
1188874.039,X_LEG_3,7.81,31.64,10.00,1,1627,1693,NW
1188874.065,X_LEG_3,7.81,31.64,10.00,1,1627,1693,NW
1188874.086,X_LEG_3,7.81,31.64,10.00,1,1627,1693,NW
1188874.111,X_LEG_3,7.81,31.64,10.00,1,1627,1693,NW
1188874.144,X_LEG_3,7.79,31.64,10.19,1,1627,1693,NW
1188874.171,X_LEG_3,7.79,31.64,10.19,1,1627,1693,NW
1188874.191,X_LEG_3,7.79,31.64,10.19,1,1627,1693,NW
1188874.215,X_LEG_3,7.79,31.64,10.19,1,1627,1693,NW
1188874.239,X_LEG_3,7.77,31.63,10.37,1,1627,1693,NW
1188874.271,X_LEG_3,7.77,31.63,10.37,1,1627,1693,NW
1188874.291,X_LEG_3,7.77,31.63,10.37,1,1627,1693,NW
1188874.311,X_LEG_3,7.77,31.63,10.37,1,1627,1693,NW
1188874.334,X_LEG_3,7.77,31.63,10.37,1,1627,1693,NW
1188874.362,X_LEG_3,7.77,31.63,10.37,1,1627,1693,NW
1188874.390,X_LEG_3,7.77,31.63,10.37,1,1627,1693,NW
1188874.411,X_LEG_3,7.77,31.63,10.37,1,1627,1693,NW
1188874.432,X_LEG_3,7.77,31.63,10.37,1,1627,1693,NW
1188874.452,X_LEG_3,7.75,31.63,10.56,1,1627,1693,NW
1188874.484,X_LEG_3,7.75,31.63,10.56,1,1627,1693,NW
1188874.505,X_LEG_3,7.75,31.63,10.56,1,1627,1693,NW
1188874.533,X_LEG_3,7.75,31.63,10.56,1,1627,1693,NW
1188874.553,X_LEG_3,7.75,31.63,10.56,1,1627,1693,NW
1188874.574,X_LEG_3,7.73,31.62,8.75,1,1626,1693,NW
1188874.594,X_LEG_3,7.73,31.62,8.75,1,1626,1693,NW
1188874.614,X_LEG_3,7.73,31.62,8.75,1,1626,1693,NW
1188874.637,X_LEG_3,7.73,31.62,8.75,1,1626,1693,NW
1188874.664,X_LEG_3,7.73,31.62,8.75,1,1626,1693,NW
1188874.685,X_LEG_3,7.71,31.61,8.93,1,1626,1693,NW
1188874.705,X_LEG_3,7.71,31.61,8.93,1,1626,1693,NW
1188874.726,X_LEG_3,7.71,31.61,8.93,1,1626,1693,NW
1188874.750,X_LEG_3,7.71,31.61,8.93,1,1626,1693,NW
1188874.767,X_LEG_3,7.71,31.61,8.93,1,1626,1693,NW
1188874.788,X_LEG_3,7.71,31.61,8.93,1,1626,1693,NW
1188874.808,X_LEG_3,7.71,31.61,8.93,1,1626,1693,NW
1188874.829,X_LEG_3,7.71,31.61,8.93,1,1626,1693,NW
1188874.849,X_LEG_3,7.71,31.61,8.93,1,1626,1693,NW
1188874.874,X_LEG_3,7.71,31.61,8.93,1,1626,1693,NW
1188874.894,X_LEG_3,7.69,31.60,9.13,1,1626,1693,NW
1188874.915,X_LEG_3,7.69,31.60,9.13,1,1626,1693,NW
1188874.935,X_LEG_3,7.69,31.60,9.13,1,1626,1693,NW
1188874.956,X_LEG_3,7.69,31.60,9.13,1,1626,1693,NW
1188874.976,X_LEG_3,7.69,31.60,9.13,1,1626,1693,NW
1188874.998,X_LEG_3,7.68,31.60,9.32,1,1626,1693,NW
1188875.018,X_LEG_3,7.68,31.60,9.32,1,1626,1693,NW
1188875.039,X_LEG_3,7.68,31.60,9.32,1,1626,1693,NW
1188875.059,X_LEG_3,7.68,31.60,9.32,1,1626,1693,NW
1188875.080,X_LEG_3,7.68,31.60,9.32,1,1626,1693,NW
1188875.100,X_LEG_3,7.66,31.59,9.49,1,1626,1694,NW
1188875.122,X_LEG_3,7.66,31.59,9.49,1,1626,1694,NW
1188875.141,X_LEG_3,7.66,31.59,9.49,1,1626,1694,NW
1188875.161,X_LEG_3,7.66,31.59,9.49,1,1626,1694,NW
1188875.182,X_LEG_3,7.66,31.59,9.49,1,1626,1694,NW
1188875.202,X_LEG_3,7.65,31.58,9.68,1,1626,1694,NW
1188875.222,X_LEG_3,7.65,31.58,9.68,1,1626,1694,NW
1188875.243,X_LEG_3,7.65,31.58,9.68,1,1626,1694,NW
1188875.263,X_LEG_3,7.65,31.58,9.68,1,1626,1694,NW
1188875.285,X_LEG_3,7.65,31.58,9.68,1,1626,1694,NW
1188875.306,X_LEG_3,7.64,31.58,8.86,1,1626,1694,NW
1188875.326,X_LEG_3,7.64,31.58,8.86,1,1626,1694,NW
1188875.348,X_LEG_3,7.64,31.58,8.86,1,1626,1694,NW
1188875.369,X_LEG_3,7.64,31.58,8.86,1,1626,1694,NW
1188875.389,X_LEG_3,7.64,31.58,8.86,1,1626,1694,NW
1188875.410,X_LEG_3,7.63,31.57,9.05,1,1626,1694,NW
1188875.431,X_LEG_3,7.63,31.57,9.05,1,1626,1694,NW
1188875.451,X_LEG_3,7.63,31.57,9.05,1,1626,1694,NW
1188875.472,X_LEG_3,7.63,31.57,9.05,1,1626,1694,NW
1188875.495,X_LEG_3,7.63,31.57,9.05,1,1626,1694,NW
1188875.515,X_LEG_3,7.61,31.57,9.23,1,1626,1694,NW
1188875.537,X_LEG_3,7.61,31.57,9.23,1,1626,1694,NW
1188875.556,X_LEG_3,7.61,31.57,9.23,1,1626,1694,NW
1188875.579,X_LEG_3,7.61,31.57,9.23,1,1626,1694,NW
1188875.601,X_LEG_3,7.61,31.57,9.23,1,1626,1694,NW
1188875.621,X_LEG_3,7.61,31.57,9.23,1,1626,1694,NW
1188875.642,X_LEG_3,7.61,31.57,9.23,1,1626,1694,NW
1188875.662,X_LEG_3,7.61,31.57,9.23,1,1626,1694,NW
1188875.683,X_LEG_3,7.61,31.57,9.23,1,1626,1694,NW
1188875.703,X_LEG_3,7.61,31.57,9.23,1,1626,1694,NW
1188875.724,X_LEG_3,7.61,31.55,9.41,1,1626,1694,NW
1188875.744,X_LEG_3,7.61,31.55,9.41,1,1626,1694,NW
1188875.765,X_LEG_3,7.61,31.55,9.41,1,1626,1694,NW
1188875.787,X_LEG_3,7.61,31.55,9.41,1,1626,1694,NW
1188875.807,X_LEG_3,7.61,31.55,9.41,1,1626,1694,NW
1188875.828,X_LEG_3,7.60,31.54,9.60,1,1626,1694,NW
1188875.849,X_LEG_3,7.60,31.54,9.60,1,1626,1694,NW
1188875.870,X_LEG_3,7.60,31.54,9.60,1,1626,1694,NW
1188875.891,X_LEG_3,7.60,31.54,9.60,1,1626,1694,NW
1188875.915,X_LEG_3,7.60,31.54,9.60,1,1626,1694,NW
1188875.935,X_LEG_3,7.59,31.54,9.77,1,1626,1694,NW
1188875.958,X_LEG_3,7.59,31.54,9.77,1,1626,1694,NW
1188875.980,X_LEG_3,7.59,31.54,9.77,1,1626,1694,NW
1188876.001,X_LEG_3,7.59,31.54,9.77,1,1626,1694,NW
1188876.023,X_LEG_3,7.59,31.54,9.77,1,1626,1694,NW
1188876.043,X_LEG_3,7.58,31.53,7.95,1,1626,1694,NW
1188876.063,X_LEG_3,7.58,31.53,7.95,1,1626,1694,NW
1188876.087,X_LEG_3,7.58,31.53,7.95,1,1626,1694,NW
1188876.108,X_LEG_3,7.58,31.53,7.95,1,1626,1694,NW
1188876.135,X_LEG_3,7.58,31.53,7.95,1,1626,1694,NW
1188876.163,X_LEG_3,7.58,31.51,8.13,1,1626,1694,NW
1188876.184,X_LEG_3,7.58,31.51,8.13,1,1626,1694,NW
1188876.208,X_LEG_3,7.58,31.51,8.13,1,1626,1694,NW
1188876.228,X_LEG_3,7.58,31.51,8.13,1,1626,1694,NW
1188876.248,X_LEG_3,7.58,31.51,8.13,1,1626,1694,NW
1188876.269,X_LEG_3,7.57,31.51,8.30,1,1626,1694,NW
1188876.290,X_LEG_3,7.57,31.51,8.30,1,1626,1694,NW
1188876.310,X_LEG_3,7.57,31.51,8.30,1,1626,1694,NW
1188876.331,X_LEG_3,7.57,31.51,8.30,1,1626,1694,NW
1188876.353,X_LEG_3,7.57,31.51,8.30,1,1626,1694,NW
1188876.374,X_LEG_3,7.57,31.51,8.30,1,1626,1694,NW
1188876.402,X_LEG_3,7.57,31.51,8.30,1,1626,1694,NW
1188876.422,X_LEG_3,7.57,31.51,8.30,1,1626,1694,NW
1188876.444,X_LEG_3,7.57,31.51,8.30,1,1626,1694,NW
1188876.468,X_LEG_3,7.57,31.51,8.30,1,1626,1694,NW
1188876.494,X_LEG_3,7.57,31.49,8.49,1,1626,1694,NW
1188876.514,X_LEG_3,7.57,31.49,8.49,1,1626,1694,NW
1188876.536,X_LEG_3,7.57,31.49,8.49,1,1626,1694,NW
1188876.556,X_LEG_3,7.57,31.49,8.49,1,1626,1694,NW
1188876.576,X_LEG_3,7.57,31.49,8.49,1,1626,1694,NW
1188876.603,X_LEG_3,7.57,31.48,8.67,1,1626,1694,NW
1188876.623,X_LEG_3,7.57,31.48,8.67,1,1626,1694,NW
1188876.645,X_LEG_3,7.57,31.48,8.67,1,1626,1694,NW
1188876.666,X_LEG_3,7.57,31.48,8.67,1,1626,1694,NW
1188876.687,X_LEG_3,7.57,31.48,8.67,1,1626,1694,NW
1188876.707,X_LEG_3,7.57,31.47,8.83,1,1626,1694,NW
1188876.730,X_LEG_3,7.57,31.47,8.83,1,1626,1694,NW
1188876.750,X_LEG_3,7.57,31.47,8.83,1,1626,1694,NW
1188876.771,X_LEG_3,7.57,31.47,8.83,1,1626,1694,NW
1188876.791,X_LEG_3,7.57,31.47,8.83,1,1626,1694,NW
1188876.812,X_LEG_3,7.57,31.45,9.02,1,1626,1694,NW
1188876.836,X_LEG_3,7.57,31.45,9.02,1,1626,1694,NW
1188876.856,X_LEG_3,7.57,31.45,9.02,1,1626,1694,NW
1188876.885,X_LEG_3,7.57,31.45,9.02,1,1626,1694,NW
1188876.906,X_LEG_3,7.57,31.45,9.02,1,1626,1694,NW
1188876.929,X_LEG_3,7.57,31.45,9.02,1,1626,1694,NW
1188876.951,X_LEG_3,7.57,31.45,9.02,1,1626,1694,NW
1188876.975,X_LEG_3,7.57,31.45,9.02,1,1626,1694,NW
1188876.995,X_LEG_3,7.57,31.45,9.02,1,1626,1694,NW
1188877.018,X_LEG_3,7.57,31.45,9.02,1,1626,1694,NW
1188877.041,X_LEG_3,7.57,31.45,9.02,1,1626,1694,NW
1188877.070,X_LEG_3,7.57,31.45,9.02,1,1626,1694,NW
1188877.090,X_LEG_3,7.57,31.45,9.02,1,1626,1694,NW
1188877.111,X_LEG_3,7.57,31.45,9.02,1,1626,1694,NW
1188877.132,X_LEG_3,7.57,31.45,9.02,1,1626,1694,NW
1188877.155,X_LEG_3,7.57,31.43,9.36,1,1626,1694,NW
1188877.174,X_LEG_3,7.57,31.43,9.36,1,1626,1694,NW
1188877.198,X_LEG_3,7.57,31.43,9.36,1,1626,1694,NW
1188877.221,X_LEG_3,7.57,31.43,9.36,1,1626,1694,NW
1188877.242,X_LEG_3,7.57,31.43,9.36,1,1626,1694,NW
1188877.262,X_LEG_3,7.57,31.43,7.36,1,1626,1694,NW
1188877.291,X_LEG_3,7.57,31.43,7.36,1,1626,1694,NW
1188877.312,X_LEG_3,7.57,31.43,7.36,1,1626,1694,NW
1188877.332,X_LEG_3,7.57,31.43,7.36,1,1626,1694,NW
1188877.357,X_LEG_3,7.57,31.43,7.36,1,1626,1694,NW
1188877.377,X_LEG_3,7.57,31.42,7.53,1,1626,1694,NW
1188877.399,X_LEG_3,7.57,31.42,7.53,1,1626,1694,NW
1188877.421,X_LEG_3,7.57,31.42,7.53,1,1626,1694,NW
1188877.442,X_LEG_3,7.57,31.42,7.53,1,1626,1694,NW
1188877.463,X_LEG_3,7.57,31.42,7.53,1,1626,1694,NW
1188877.485,X_LEG_3,7.57,31.40,7.71,1,1626,1694,NW
1188877.507,X_LEG_3,7.57,31.40,7.71,1,1626,1694,NW
1188877.527,X_LEG_3,7.57,31.40,7.71,1,1626,1694,NW
1188877.554,X_LEG_3,7.57,31.40,7.71,1,1626,1694,NW
1188877.579,X_LEG_3,7.57,31.40,7.71,1,1626,1694,NW
1188877.597,X_LEG_3,7.58,31.39,7.88,1,1626,1694,NW
1188877.619,X_LEG_3,7.58,31.39,7.88,1,1626,1694,NW
1188877.639,X_LEG_3,7.58,31.39,7.88,1,1626,1694,NW
1188877.659,X_LEG_3,7.58,31.39,7.88,1,1626,1694,NW
1188877.680,X_LEG_3,7.58,31.39,7.88,1,1626,1694,NW
1188877.702,X_LEG_3,7.59,31.37,8.04,1,1625,1694,NW
1188877.722,X_LEG_3,7.59,31.37,8.04,1,1625,1694,NW
1188877.744,X_LEG_3,7.59,31.37,8.04,1,1625,1694,NW
1188877.765,X_LEG_3,7.59,31.37,8.04,1,1625,1694,NW
1188877.785,X_LEG_3,7.59,31.37,8.04,1,1625,1694,NW
1188877.807,X_LEG_3,7.59,31.37,8.04,1,1625,1694,NW
1188877.827,X_LEG_3,7.59,31.37,8.04,1,1625,1694,NW
1188877.848,X_LEG_3,7.59,31.37,8.04,1,1625,1694,NW
1188877.869,X_LEG_3,7.59,31.37,8.04,1,1625,1694,NW
1188877.889,X_LEG_3,7.59,31.37,8.04,1,1625,1694,NW
1188877.909,X_LEG_3,7.59,31.35,8.22,1,1625,1694,NW
1188877.930,X_LEG_3,7.59,31.35,8.22,1,1625,1694,NW
1188877.951,X_LEG_3,7.59,31.35,8.22,1,1625,1694,NW
1188877.971,X_LEG_3,7.59,31.35,8.22,1,1625,1694,NW
1188877.992,X_LEG_3,7.59,31.35,8.22,1,1625,1694,NW
1188878.013,X_LEG_3,7.60,31.33,7.39,1,1625,1694,NW
1188878.038,X_LEG_3,7.60,31.33,7.39,1,1625,1694,NW
1188878.058,X_LEG_3,7.60,31.33,7.39,1,1625,1694,NW
1188878.080,X_LEG_3,7.60,31.33,7.39,1,1625,1694,NW
1188878.100,X_LEG_3,7.60,31.33,7.39,1,1625,1694,NW
1188878.121,X_LEG_3,7.61,31.33,7.56,1,1625,1694,NW
1188878.144,X_LEG_3,7.61,31.33,7.56,1,1625,1694,NW
1188878.164,X_LEG_3,7.61,31.33,7.56,1,1625,1694,NW
1188878.186,X_LEG_3,7.61,31.33,7.56,1,1625,1694,NW
1188878.207,X_LEG_3,7.61,31.33,7.56,1,1625,1694,NW
1188878.229,X_LEG_3,7.61,31.33,7.56,1,1625,1694,NW
1188878.249,X_LEG_3,7.61,31.33,7.56,1,1625,1694,NW
1188878.270,X_LEG_3,7.61,31.33,7.56,1,1625,1694,NW
1188878.290,X_LEG_3,7.61,31.33,7.56,1,1625,1694,NW
1188878.313,X_LEG_3,7.61,31.33,7.56,1,1625,1694,NW
1188878.335,X_LEG_3,7.62,31.31,7.72,1,1625,1694,NW
1188878.355,X_LEG_3,7.62,31.31,7.72,1,1625,1694,NW
1188878.376,X_LEG_3,7.62,31.31,7.72,1,1625,1694,NW
1188878.398,TO_CENTER,7.62,23.31,108.99,0,1500,1663,CENTER
1188878.422,TO_CENTER,7.62,23.31,108.99,0,1500,1663,CENTER
1188878.448,TO_CENTER,7.62,23.31,108.99,0,1500,1663,CENTER
1188878.470,TO_CENTER,7.62,23.31,108.99,0,1500,1663,CENTER
1188878.492,TO_CENTER,7.62,23.31,108.99,0,1500,1663,CENTER
1188878.515,TO_CENTER,7.62,23.31,108.99,0,1500,1663,CENTER
1188878.538,TO_CENTER,7.62,23.31,108.99,0,1500,1663,CENTER
1188878.564,TO_CENTER,7.63,23.40,108.99,0,1500,1663,CENTER
1188878.584,TO_CENTER,7.63,23.40,108.99,0,1500,1663,CENTER
1188878.611,TO_CENTER,7.63,23.40,108.99,0,1500,1663,CENTER
1188878.631,TO_CENTER,7.63,23.40,108.99,0,1500,1663,CENTER
1188878.657,TO_CENTER,7.63,23.40,108.99,0,1500,1663,CENTER
1188878.677,TO_CENTER,7.64,23.50,109.00,0,1500,1663,CENTER
1188878.700,TO_CENTER,7.64,23.50,109.00,0,1500,1663,CENTER
1188878.723,TO_CENTER,7.64,23.50,109.00,0,1500,1663,CENTER
1188878.744,TO_CENTER,7.64,23.50,109.00,0,1500,1663,CENTER
1188878.765,TO_CENTER,7.64,23.50,109.00,0,1500,1663,CENTER
1188878.786,TO_CENTER,7.65,23.59,109.00,0,1500,1663,CENTER
1188878.806,TO_CENTER,7.65,23.59,109.00,0,1500,1663,CENTER
1188878.836,TO_CENTER,7.65,23.59,109.00,0,1500,1663,CENTER
1188878.862,TO_CENTER,7.65,23.59,109.00,0,1500,1663,CENTER
1188878.884,TO_CENTER,7.65,23.59,109.00,0,1500,1663,CENTER
1188878.910,TO_CENTER,7.67,23.69,107.00,0,1500,1662,CENTER
1188878.932,TO_CENTER,7.67,23.69,107.00,0,1500,1662,CENTER
1188878.953,TO_CENTER,7.67,23.69,107.00,0,1500,1662,CENTER
1188878.974,TO_CENTER,7.67,23.69,107.00,0,1500,1662,CENTER
1188878.998,TO_CENTER,7.67,23.69,107.00,0,1500,1662,CENTER
1188879.018,TO_CENTER,7.68,23.78,107.01,0,1500,1662,CENTER
1188879.039,TO_CENTER,7.68,23.78,107.01,0,1500,1662,CENTER
1188879.060,TO_CENTER,7.68,23.78,107.01,0,1500,1662,CENTER
1188879.081,TO_CENTER,7.68,23.78,107.01,0,1500,1662,CENTER
1188879.101,TO_CENTER,7.68,23.78,107.01,0,1500,1662,CENTER
1188879.122,TO_CENTER,7.68,23.78,107.01,0,1500,1662,CENTER
1188879.142,TO_CENTER,7.68,23.78,107.01,0,1500,1662,CENTER
1188879.163,TO_CENTER,7.68,23.78,107.01,0,1500,1662,CENTER
1188879.184,TO_CENTER,7.68,23.78,107.01,0,1500,1662,CENTER
1188879.204,TO_CENTER,7.68,23.78,107.01,0,1500,1662,CENTER
1188879.230,TO_CENTER,7.70,23.87,107.01,0,1500,1662,CENTER
1188879.252,TO_CENTER,7.70,23.87,107.01,0,1500,1662,CENTER
1188879.272,TO_CENTER,7.70,23.87,107.01,0,1500,1662,CENTER
1188879.296,TO_CENTER,7.70,23.87,107.01,0,1500,1662,CENTER
1188879.317,TO_CENTER,7.70,23.87,107.01,0,1500,1662,CENTER
1188879.340,TO_CENTER,7.72,23.96,107.04,0,1500,1662,CENTER
1188879.361,TO_CENTER,7.72,23.96,107.04,0,1500,1662,CENTER
1188879.387,TO_CENTER,7.72,23.96,107.04,0,1500,1662,CENTER
1188879.407,TO_CENTER,7.72,23.96,107.04,0,1500,1662,CENTER
1188879.427,TO_CENTER,7.72,23.96,107.04,0,1500,1662,CENTER
1188879.448,TO_CENTER,7.74,24.05,107.05,0,1500,1662,CENTER
1188879.469,TO_CENTER,7.74,24.05,107.05,0,1500,1662,CENTER
1188879.489,TO_CENTER,7.74,24.05,107.05,0,1500,1662,CENTER
1188879.509,TO_CENTER,7.74,24.05,107.05,0,1500,1662,CENTER
1188879.531,TO_CENTER,7.74,24.05,107.05,0,1500,1662,CENTER
1188879.552,TO_CENTER,7.76,24.14,107.05,0,1500,1662,CENTER
1188879.573,TO_CENTER,7.76,24.14,107.05,0,1500,1662,CENTER
1188879.594,TO_CENTER,7.76,24.14,107.05,0,1500,1662,CENTER
1188879.614,TO_CENTER,7.76,24.14,107.05,0,1500,1662,CENTER
1188879.635,TO_CENTER,7.76,24.14,107.05,0,1500,1662,CENTER
1188879.657,TO_CENTER,7.78,24.23,107.08,0,1500,1662,CENTER
1188879.679,TO_CENTER,7.78,24.23,107.08,0,1500,1662,CENTER
1188879.699,TO_CENTER,7.78,24.23,107.08,0,1500,1662,CENTER
1188879.720,TO_CENTER,7.78,24.23,107.08,0,1500,1662,CENTER
1188879.744,TO_CENTER,7.78,24.23,107.08,0,1500,1662,CENTER
1188879.764,TO_CENTER,7.78,24.23,67.08,0,1500,1662,CENTER
1188879.788,TO_CENTER,7.78,24.23,67.08,0,1500,1662,CENTER
1188879.808,TO_CENTER,7.78,24.23,67.08,0,1500,1662,CENTER
1188879.828,TO_CENTER,7.78,24.23,67.08,0,1500,1662,CENTER
1188879.849,TO_CENTER,7.78,24.23,67.08,0,1500,1662,CENTER
1188879.871,TO_CENTER,7.83,24.41,67.09,0,1500,1662,CENTER
1188879.891,TO_CENTER,7.83,24.41,67.09,0,1500,1662,CENTER
1188879.912,TO_CENTER,7.83,24.41,67.09,0,1500,1662,CENTER
1188879.932,TO_CENTER,7.83,24.41,67.09,0,1500,1662,CENTER
1188879.953,TO_CENTER,7.83,24.41,67.09,0,1500,1662,CENTER
1188879.976,TO_CENTER,7.85,24.50,67.12,0,1500,1662,CENTER
1188879.996,TO_CENTER,7.85,24.50,67.12,0,1500,1662,CENTER
1188880.017,TO_CENTER,7.85,24.50,67.12,0,1500,1662,CENTER
1188880.041,TO_CENTER,7.85,24.50,67.12,0,1500,1662,CENTER
1188880.063,TO_CENTER,7.85,24.50,67.12,0,1500,1662,CENTER
1188880.091,TO_CENTER,7.85,24.50,67.12,0,1500,1662,CENTER
1188880.111,TO_CENTER,7.85,24.50,67.12,0,1500,1662,CENTER
1188880.132,TO_CENTER,7.85,24.50,67.12,0,1500,1662,CENTER
1188880.152,TO_CENTER,7.85,24.50,67.12,0,1500,1662,CENTER
1188880.173,TO_CENTER,7.85,24.50,67.12,0,1500,1662,CENTER
1188880.197,TO_CENTER,7.88,24.59,67.12,0,1500,1662,CENTER
1188880.217,TO_CENTER,7.88,24.59,67.12,0,1500,1662,CENTER
1188880.245,TO_CENTER,7.88,24.59,67.12,0,1500,1662,CENTER
1188880.265,TO_CENTER,7.88,24.59,67.12,0,1500,1662,CENTER
1188880.287,TO_CENTER,7.88,24.59,67.12,0,1500,1662,CENTER
1188880.308,TO_CENTER,7.91,24.68,67.12,0,1500,1662,CENTER
1188880.329,TO_CENTER,7.91,24.68,67.12,0,1500,1662,CENTER
1188880.392,TO_CENTER,7.91,24.68,67.12,0,1500,1662,CENTER
1188880.426,TO_CENTER,7.91,24.68,67.12,0,1500,1662,CENTER
1188880.450,TO_CENTER,7.91,24.68,67.12,0,1500,1662,CENTER
1188880.473,TO_CENTER,7.91,24.68,67.12,0,1500,1662,CENTER
1188880.499,TO_CENTER,7.91,24.68,67.12,0,1500,1662,CENTER
1188880.529,TO_CENTER,7.91,24.68,67.12,0,1500,1662,CENTER
1188880.550,TO_CENTER,7.94,24.77,67.15,0,1500,1662,CENTER
1188880.588,TO_CENTER,7.94,24.77,67.15,0,1500,1662,CENTER
1188880.609,TO_CENTER,7.94,24.77,67.15,0,1500,1662,CENTER
1188880.637,TO_CENTER,7.94,24.77,67.15,0,1500,1662,CENTER
1188880.657,TO_CENTER,7.94,24.77,67.15,0,1500,1662,CENTER
1188880.678,TO_CENTER,7.94,24.77,67.15,0,1500,1662,CENTER
1188880.698,TO_CENTER,7.94,24.77,67.15,0,1500,1662,CENTER
1188880.732,TO_CENTER,7.94,24.77,67.15,0,1500,1662,CENTER
1188880.767,TO_CENTER,7.94,24.77,67.15,0,1500,1662,CENTER
1188880.787,TO_CENTER,7.94,24.77,67.15,0,1500,1662,CENTER
1188880.813,TO_CENTER,7.94,24.77,67.15,0,1500,1662,CENTER
1188880.836,TO_CENTER,7.94,24.77,67.15,0,1500,1662,CENTER
1188880.857,TO_CENTER,7.94,24.77,67.15,0,1500,1662,CENTER
1188880.886,TO_CENTER,8.00,24.94,50.18,0,1500,1662,CENTER
1188880.910,TO_CENTER,8.00,24.94,50.18,0,1500,1662,CENTER
1188880.931,TO_CENTER,8.00,24.94,50.18,0,1500,1662,CENTER
1188880.957,TO_CENTER,8.00,24.94,50.18,0,1500,1662,CENTER
1188880.982,TO_CENTER,8.00,24.94,50.18,0,1500,1662,CENTER
1188881.005,TO_CENTER,8.02,24.99,50.18,0,1500,1661,CENTER
1188881.027,TO_CENTER,8.02,24.99,50.18,0,1500,1661,CENTER
1188881.048,TO_CENTER,8.02,24.99,50.18,0,1500,1661,CENTER
1188881.069,TO_CENTER,8.02,24.99,50.18,0,1500,1661,CENTER
1188881.092,TO_CENTER,8.02,24.99,50.18,0,1500,1661,CENTER
1188881.114,TO_CENTER,8.03,25.03,50.19,0,1500,1661,CENTER
1188881.135,TO_CENTER,8.03,25.03,50.19,0,1500,1661,CENTER
1188881.163,TO_CENTER,8.03,25.03,50.19,0,1500,1661,CENTER
1188881.194,TO_CENTER,8.03,25.03,50.19,0,1500,1661,CENTER
1188881.217,TO_CENTER,8.03,25.03,50.19,0,1500,1661,CENTER
1188881.244,TO_CENTER,8.03,25.03,50.19,0,1500,1661,CENTER
1188881.267,TO_CENTER,8.03,25.03,50.19,0,1500,1661,CENTER
1188881.288,TO_CENTER,8.03,25.03,50.19,0,1500,1661,CENTER
1188881.308,TO_CENTER,8.03,25.03,50.19,0,1500,1661,CENTER
1188881.329,TO_CENTER,8.03,25.03,50.19,0,1500,1661,CENTER
1188881.349,TO_CENTER,8.06,25.11,32.19,0,1500,1661,CENTER
1188881.372,TO_CENTER,8.06,25.11,32.19,0,1500,1661,CENTER
1188881.400,TO_CENTER,8.06,25.11,32.19,0,1500,1661,CENTER
1188881.426,TO_CENTER,8.06,25.11,32.19,0,1500,1661,CENTER
1188881.447,TO_CENTER,8.06,25.11,32.19,0,1500,1661,CENTER
1188881.475,TO_CENTER,8.10,25.20,32.22,0,1500,1661,CENTER
1188881.500,TO_CENTER,8.10,25.20,32.22,0,1500,1661,CENTER
1188881.521,TO_CENTER,8.10,25.20,32.22,0,1500,1661,CENTER
1188881.543,TO_CENTER,8.10,25.20,32.22,0,1500,1661,CENTER
1188881.565,TO_CENTER,8.10,25.20,32.22,0,1500,1661,CENTER
1188881.587,TO_CENTER,8.13,25.28,32.22,0,1500,1661,CENTER
1188881.608,TO_CENTER,8.13,25.28,32.22,0,1500,1661,CENTER
1188881.629,TO_CENTER,8.13,25.28,32.22,0,1500,1661,CENTER
1188881.650,TO_CENTER,8.13,25.28,32.22,0,1500,1661,CENTER
1188881.671,TO_CENTER,8.13,25.28,32.22,0,1500,1661,CENTER
1188881.692,TO_CENTER,8.16,25.36,32.25,0,1500,1661,CENTER
1188881.713,TO_CENTER,8.16,25.36,32.25,0,1500,1661,CENTER
1188881.735,TO_CENTER,8.16,25.36,32.25,0,1500,1661,CENTER
1188881.757,TO_CENTER,8.16,25.36,32.25,0,1500,1661,CENTER
1188881.784,TO_CENTER,8.16,25.36,32.25,0,1500,1661,CENTER
1188881.804,TO_CENTER,8.16,25.36,32.25,0,1500,1661,CENTER
1188881.825,TO_CENTER,8.16,25.36,32.25,0,1500,1661,CENTER
1188881.846,TO_CENTER,8.16,25.36,32.25,0,1500,1661,CENTER
1188881.867,TO_CENTER,8.16,25.36,32.25,0,1500,1661,CENTER
1188881.887,TO_CENTER,8.16,25.36,32.25,0,1500,1661,CENTER
1188881.908,TO_CENTER,8.20,25.45,32.25,0,1500,1661,CENTER
1188881.928,TO_CENTER,8.20,25.45,32.25,0,1500,1661,CENTER
1188881.948,TO_CENTER,8.20,25.45,32.25,0,1500,1661,CENTER
1188881.969,TO_CENTER,8.20,25.45,32.25,0,1500,1661,CENTER
1188881.991,TO_CENTER,8.20,25.45,32.25,0,1500,1661,CENTER
1188882.011,TO_CENTER,8.24,25.53,32.28,0,1500,1661,CENTER
1188882.032,TO_CENTER,8.24,25.53,32.28,0,1500,1661,CENTER
1188882.052,TO_CENTER,8.24,25.53,32.28,0,1500,1661,CENTER
1188882.078,TO_CENTER,8.24,25.53,32.28,0,1500,1661,CENTER
1188882.100,TO_CENTER,8.24,25.53,32.28,0,1500,1661,CENTER
1188882.121,TO_CENTER,8.24,25.53,32.28,0,1500,1661,CENTER
1188882.141,TO_CENTER,8.24,25.53,32.28,0,1500,1661,CENTER
1188882.161,TO_CENTER,8.24,25.53,32.28,0,1500,1661,CENTER
1188882.187,TO_CENTER,8.24,25.53,32.28,0,1500,1661,CENTER
1188882.207,TO_CENTER,8.24,25.53,32.28,0,1500,1661,CENTER
1188882.230,TO_CENTER,8.28,25.61,32.28,0,1500,1661,CENTER
1188882.250,TO_CENTER,8.28,25.61,32.28,0,1500,1661,CENTER
1188882.271,TO_CENTER,8.28,25.61,32.28,0,1500,1661,CENTER
1188882.294,TO_CENTER,8.28,25.61,32.28,0,1500,1661,CENTER
1188882.319,TO_CENTER,8.28,25.61,32.28,0,1500,1661,CENTER
1188882.339,TO_CENTER,8.32,25.69,22.31,1,1603,1686,CENTER
1188882.362,TO_CENTER,8.32,25.69,22.31,1,1603,1686,CENTER
1188882.382,TO_CENTER,8.32,25.69,22.31,1,1603,1686,CENTER
1188882.402,TO_CENTER,8.32,25.69,22.31,1,1603,1686,CENTER
1188882.423,TO_CENTER,8.32,25.69,22.31,1,1603,1686,CENTER
1188882.443,TO_CENTER,8.36,25.77,22.33,1,1603,1685,CENTER
1188882.468,TO_CENTER,8.36,25.77,22.33,1,1603,1685,CENTER
1188882.489,TO_CENTER,8.36,25.77,22.33,1,1603,1685,CENTER
1188882.513,TO_CENTER,8.36,25.77,22.33,1,1603,1685,CENTER
1188882.539,TO_CENTER,8.36,25.77,22.33,1,1603,1685,CENTER
1188882.558,TO_CENTER,8.36,25.77,22.33,1,1603,1685,CENTER
1188882.578,TO_CENTER,8.36,25.77,22.33,1,1603,1685,CENTER
1188882.600,TO_CENTER,8.36,25.77,22.33,1,1603,1685,CENTER
1188882.620,TO_CENTER,8.36,25.77,22.33,1,1603,1685,CENTER
1188882.641,TO_CENTER,8.36,25.77,22.33,1,1603,1685,CENTER
1188882.662,TO_CENTER,8.40,25.85,22.33,1,1603,1685,CENTER
1188882.688,TO_CENTER,8.40,25.85,22.33,1,1603,1685,CENTER
1188882.725,TO_CENTER,8.40,25.85,22.33,1,1603,1685,CENTER
1188882.747,TO_CENTER,8.40,25.85,22.33,1,1603,1685,CENTER
1188882.768,TO_CENTER,8.40,25.85,22.33,1,1603,1685,CENTER
1188882.796,TO_CENTER,8.40,25.85,22.33,1,1603,1685,CENTER
1188882.816,TO_CENTER,8.40,25.85,22.33,1,1603,1685,CENTER
1188882.837,TO_CENTER,8.40,25.85,22.33,1,1603,1685,CENTER
1188882.857,TO_CENTER,8.40,25.85,22.33,1,1603,1685,CENTER
1188882.878,TO_CENTER,8.45,25.93,22.36,1,1604,1685,CENTER
1188882.900,TO_CENTER,8.45,25.93,22.36,1,1604,1685,CENTER
1188882.921,TO_CENTER,8.45,25.93,22.36,1,1604,1685,CENTER
1188882.941,TO_CENTER,8.45,25.93,22.36,1,1604,1685,CENTER
1188882.965,TO_CENTER,8.45,25.93,22.36,1,1604,1685,CENTER
1188882.986,TO_CENTER,8.49,26.00,22.36,1,1604,1686,CENTER
1188883.010,TO_CENTER,8.49,26.00,22.36,1,1604,1686,CENTER
1188883.030,TO_CENTER,8.49,26.00,22.36,1,1604,1686,CENTER
1188883.050,TO_CENTER,8.49,26.00,22.36,1,1604,1686,CENTER
1188883.071,TO_CENTER,8.49,26.00,22.36,1,1604,1686,CENTER
1188883.091,TO_CENTER,8.54,26.08,22.39,1,1604,1686,CENTER
1188883.112,TO_CENTER,8.54,26.08,22.39,1,1604,1686,CENTER
1188883.133,TO_CENTER,8.54,26.08,22.39,1,1604,1686,CENTER
1188883.156,TO_CENTER,8.54,26.08,22.39,1,1604,1686,CENTER
1188883.181,TO_CENTER,8.54,26.08,22.39,1,1604,1686,CENTER
1188883.205,TO_CENTER,8.54,26.08,8.39,1,1604,1686,CENTER
1188883.231,TO_CENTER,8.54,26.08,8.39,1,1604,1686,CENTER
1188883.251,TO_CENTER,8.54,26.08,8.39,1,1604,1686,CENTER
1188883.272,TO_CENTER,8.54,26.08,8.39,1,1604,1686,CENTER
1188883.293,TO_CENTER,8.54,26.08,8.39,1,1604,1686,CENTER
1188883.313,TO_CENTER,8.59,26.15,8.39,1,1605,1686,CENTER
1188883.337,TO_CENTER,8.59,26.15,8.39,1,1605,1686,CENTER
1188883.359,TO_CENTER,8.59,26.15,8.39,1,1605,1686,CENTER
1188883.388,TO_CENTER,8.59,26.15,8.39,1,1605,1686,CENTER
1188883.408,TO_CENTER,8.59,26.15,8.39,1,1605,1686,CENTER
1188883.430,TO_CENTER,8.64,26.23,8.42,1,1605,1686,CENTER
1188883.452,TO_CENTER,8.64,26.23,8.42,1,1605,1686,CENTER
1188883.473,TO_CENTER,8.64,26.23,8.42,1,1605,1686,CENTER
1188883.494,TO_CENTER,8.64,26.23,8.42,1,1605,1686,CENTER
1188883.515,TO_CENTER,8.64,26.23,8.42,1,1605,1686,CENTER
1188883.535,TO_CENTER,8.69,26.30,8.42,1,1605,1685,CENTER
1188883.556,TO_CENTER,8.69,26.30,8.42,1,1605,1685,CENTER
1188883.576,TO_CENTER,8.69,26.30,8.42,1,1605,1685,CENTER
1188883.597,TO_CENTER,8.69,26.30,8.42,1,1605,1685,CENTER
1188883.618,TO_CENTER,8.69,26.30,8.42,1,1605,1685,CENTER
1188883.639,TO_CENTER,8.75,26.37,8.44,1,1605,1685,CENTER
1188883.659,TO_CENTER,8.75,26.37,8.44,1,1605,1685,CENTER
1188883.680,TO_CENTER,8.75,26.37,8.44,1,1605,1685,CENTER
1188883.700,TO_CENTER,8.75,26.37,8.44,1,1605,1685,CENTER
1188883.723,TO_CENTER,8.75,26.37,8.44,1,1605,1685,CENTER
1188883.744,TO_CENTER,8.75,26.37,8.44,1,1605,1685,CENTER
1188883.764,TO_CENTER,8.75,26.37,8.44,1,1605,1685,CENTER
1188883.785,TO_CENTER,8.75,26.37,8.44,1,1605,1685,CENTER
1188883.805,TO_CENTER,8.75,26.37,8.44,1,1605,1685,CENTER
1188883.828,TO_CENTER,8.75,26.37,8.44,1,1605,1685,CENTER
1188883.849,TO_CENTER,8.80,26.45,8.47,1,1606,1685,CENTER
1188883.870,TO_CENTER,8.80,26.45,8.47,1,1606,1685,CENTER
1188883.896,TO_CENTER,8.80,26.45,8.47,1,1606,1685,CENTER
1188883.919,TO_CENTER,8.80,26.45,8.47,1,1606,1685,CENTER
1188883.942,TO_CENTER,8.80,26.45,8.47,1,1606,1685,CENTER
1188883.963,TO_CENTER,8.85,26.51,8.47,1,1606,1685,CENTER
1188883.989,TO_CENTER,8.85,26.51,8.47,1,1606,1685,CENTER
1188884.010,TO_CENTER,8.85,26.51,8.47,1,1606,1685,CENTER
1188884.035,TO_CENTER,8.85,26.51,8.47,1,1606,1685,CENTER
1188884.056,TO_CENTER,8.85,26.51,8.47,1,1606,1685,CENTER
1188884.078,TO_CENTER,8.91,26.58,8.50,1,1606,1685,CENTER
1188884.102,TO_CENTER,8.91,26.58,8.50,1,1606,1685,CENTER
1188884.129,TO_CENTER,8.91,26.58,8.50,1,1606,1685,CENTER
1188884.162,TO_CENTER,8.91,26.58,8.50,1,1606,1685,CENTER
1188884.182,TO_CENTER,8.91,26.58,8.50,1,1606,1685,CENTER
1188884.207,TO_CENTER,8.91,26.58,8.50,1,1606,1685,CENTER
1188884.228,TO_CENTER,8.91,26.58,8.50,1,1606,1685,CENTER
1188884.249,TO_CENTER,8.91,26.58,8.50,1,1606,1685,CENTER
1188884.269,TO_CENTER,8.91,26.58,8.50,1,1606,1685,CENTER
1188884.292,TO_CENTER,8.91,26.58,8.50,1,1606,1685,CENTER
1188884.317,TO_CENTER,8.97,26.65,8.50,1,1607,1685,CENTER
1188884.337,TO_CENTER,8.97,26.65,8.50,1,1607,1685,CENTER
1188884.362,TO_CENTER,8.97,26.65,8.50,1,1607,1685,CENTER
1188884.385,TO_CENTER,8.97,26.65,8.50,1,1607,1685,CENTER
1188884.412,TO_CENTER,8.97,26.65,8.50,1,1607,1685,CENTER
1188884.439,TO_CENTER,9.03,26.71,8.52,1,1607,1684,CENTER
1188884.461,TO_CENTER,9.03,26.71,8.52,1,1607,1684,CENTER
1188884.486,TO_CENTER,9.03,26.71,8.52,1,1607,1684,CENTER
1188884.508,TO_CENTER,9.03,26.71,8.52,1,1607,1684,CENTER
1188884.531,TO_CENTER,9.03,26.71,8.52,1,1607,1684,CENTER
1188884.552,TO_CENTER,9.03,26.71,8.52,1,1607,1684,CENTER
1188884.572,TO_CENTER,9.03,26.71,8.52,1,1607,1684,CENTER
1188884.593,TO_CENTER,9.03,26.71,8.52,1,1607,1684,CENTER
1188884.613,TO_CENTER,9.03,26.71,8.52,1,1607,1684,CENTER
1188884.634,TO_CENTER,9.09,26.77,8.55,1,1607,1684,CENTER
1188884.655,TO_CENTER,9.09,26.77,8.55,1,1607,1684,CENTER
1188884.676,TO_CENTER,9.09,26.77,8.55,1,1607,1684,CENTER
1188884.697,TO_CENTER,9.09,26.77,8.55,1,1607,1684,CENTER
1188884.717,TO_CENTER,9.09,26.77,8.55,1,1607,1684,CENTER
1188884.738,TO_CENTER,9.15,26.84,6.55,1,1607,1684,CENTER
1188884.759,TO_CENTER,9.15,26.84,6.55,1,1607,1684,CENTER
1188884.779,TO_CENTER,9.15,26.84,6.55,1,1607,1684,CENTER
1188884.800,TO_CENTER,9.15,26.84,6.55,1,1607,1684,CENTER
1188884.820,TO_CENTER,9.15,26.84,6.55,1,1607,1684,CENTER
1188884.841,TO_CENTER,9.21,26.90,6.57,1,1608,1684,CENTER
1188884.863,TO_CENTER,9.21,26.90,6.57,1,1608,1684,CENTER
1188884.883,TO_CENTER,9.21,26.90,6.57,1,1608,1684,CENTER
1188884.904,TO_CENTER,9.21,26.90,6.57,1,1608,1684,CENTER
1188884.925,TO_CENTER,9.21,26.90,6.57,1,1608,1684,CENTER
1188884.945,TO_CENTER,9.28,26.95,6.60,1,1608,1684,CENTER
1188884.967,TO_CENTER,9.28,26.95,6.60,1,1608,1684,CENTER
1188884.988,TO_CENTER,9.28,26.95,6.60,1,1608,1684,CENTER
1188885.008,TO_CENTER,9.28,26.95,6.60,1,1608,1684,CENTER
1188885.028,TO_CENTER,9.28,26.95,6.60,1,1608,1684,CENTER
1188885.048,TO_CENTER,9.34,26.95,6.60,1,1608,1683,CENTER
1188885.069,TO_CENTER,9.34,26.95,6.60,1,1608,1683,CENTER
1188885.091,TO_CENTER,9.34,26.95,6.60,1,1608,1683,CENTER
1188885.112,TO_CENTER,9.34,26.95,6.60,1,1608,1683,CENTER
1188885.134,TO_CENTER,9.34,26.95,6.60,1,1608,1683,CENTER
1188885.156,TO_CENTER,9.41,27.07,6.62,1,1608,1684,CENTER
1188885.176,TO_CENTER,9.41,27.07,6.62,1,1608,1684,CENTER
1188885.197,TO_CENTER,9.41,27.07,6.62,1,1608,1684,CENTER
1188885.218,TO_CENTER,9.41,27.07,6.62,1,1608,1684,CENTER
1188885.238,TO_CENTER,9.41,27.07,6.62,1,1608,1684,CENTER
1188885.259,TO_CENTER,9.41,27.07,6.62,1,1608,1684,CENTER
1188885.280,TO_CENTER,9.41,27.07,6.62,1,1608,1684,CENTER
1188885.300,TO_CENTER,9.41,27.07,6.62,1,1608,1684,CENTER
1188885.326,TO_CENTER,9.41,27.07,6.62,1,1608,1684,CENTER
1188885.346,TO_CENTER,9.41,27.07,6.62,1,1608,1684,CENTER
1188885.366,TO_CENTER,9.41,27.07,6.62,1,1608,1684,CENTER
1188885.387,TO_CENTER,9.41,27.07,6.62,1,1608,1684,CENTER
1188885.407,TO_CENTER,9.41,27.07,6.62,1,1608,1684,CENTER
1188885.428,TO_CENTER,9.41,27.07,6.62,1,1608,1684,CENTER
1188885.449,TO_CENTER,9.41,27.07,6.62,1,1608,1684,CENTER
1188885.469,TO_CENTER,9.47,27.13,6.65,1,1609,1684,CENTER
1188885.490,TO_CENTER,9.47,27.13,6.65,1,1609,1684,CENTER
1188885.510,TO_CENTER,9.47,27.13,6.65,1,1609,1684,CENTER
1188885.530,TO_CENTER,9.47,27.13,6.65,1,1609,1684,CENTER
1188885.551,TO_CENTER,9.47,27.13,6.65,1,1609,1684,CENTER
1188885.572,TO_CENTER,9.54,27.18,6.65,1,1609,1684,CENTER
1188885.593,TO_CENTER,9.54,27.18,6.65,1,1609,1684,CENTER
1188885.613,TO_CENTER,9.54,27.18,6.65,1,1609,1684,CENTER
1188885.638,TO_CENTER,9.54,27.18,6.65,1,1609,1684,CENTER
1188885.658,TO_CENTER,9.54,27.18,6.65,1,1609,1684,CENTER
1188885.679,TO_CENTER,9.61,27.24,6.67,1,1609,1684,CENTER
1188885.699,TO_CENTER,9.61,27.24,6.67,1,1609,1684,CENTER
1188885.720,TO_CENTER,9.61,27.24,6.67,1,1609,1684,CENTER
1188885.743,TO_CENTER,9.61,27.24,6.67,1,1609,1684,CENTER
1188885.763,TO_CENTER,9.61,27.24,6.67,1,1609,1684,CENTER
1188885.785,TO_CENTER,9.68,27.29,6.70,1,1609,1683,CENTER
1188885.809,TO_CENTER,9.68,27.29,6.70,1,1609,1683,CENTER
1188885.831,TO_CENTER,9.68,27.29,6.70,1,1609,1683,CENTER
1188885.852,TO_CENTER,9.68,27.29,6.70,1,1609,1683,CENTER
1188885.872,TO_CENTER,9.68,27.29,6.70,1,1609,1683,CENTER
1188885.894,TO_CENTER,9.75,27.34,5.70,1,1609,1683,CENTER
1188885.916,TO_CENTER,9.75,27.34,5.70,1,1609,1683,CENTER
1188885.936,TO_CENTER,9.75,27.34,5.70,1,1609,1683,CENTER
1188885.957,TO_CENTER,9.75,27.34,5.70,1,1609,1683,CENTER
1188885.979,TO_CENTER,9.75,27.34,5.70,1,1609,1683,CENTER
1188886.000,TO_CENTER,9.81,27.39,5.72,1,1610,1683,CENTER
1188886.021,TO_CENTER,9.81,27.39,5.72,1,1610,1683,CENTER
1188886.041,TO_CENTER,9.81,27.39,5.72,1,1610,1683,CENTER
1188886.062,TO_CENTER,9.81,27.39,5.72,1,1610,1683,CENTER
1188886.082,TO_CENTER,9.81,27.39,5.72,1,1610,1683,CENTER
1188886.102,TO_CENTER,9.89,27.43,5.74,1,1610,1683,CENTER
1188886.122,TO_CENTER,9.89,27.43,5.74,1,1610,1683,CENTER
1188886.143,TO_CENTER,9.89,27.43,5.74,1,1610,1683,CENTER
1188886.164,TO_CENTER,9.89,27.43,5.74,1,1610,1683,CENTER
1188886.184,TO_CENTER,9.89,27.43,5.74,1,1610,1683,CENTER
1188886.204,TO_CENTER,9.96,27.48,5.74,1,1610,1683,CENTER
1188886.228,TO_CENTER,9.96,27.48,5.74,1,1610,1683,CENTER
1188886.248,TO_CENTER,9.96,27.48,5.74,1,1610,1683,CENTER
1188886.269,TO_CENTER,9.96,27.48,5.74,1,1610,1683,CENTER
1188886.289,TO_CENTER,9.96,27.48,5.74,1,1610,1683,CENTER
1188886.311,TO_CENTER,9.96,27.48,5.74,1,1610,1683,CENTER
1188886.330,TO_CENTER,9.96,27.48,5.74,1,1610,1683,CENTER
1188886.356,TO_CENTER,9.96,27.48,5.74,1,1610,1683,CENTER
1188886.377,TO_CENTER,9.96,27.48,5.74,1,1610,1683,CENTER
1188886.397,TO_CENTER,9.96,27.48,5.74,1,1610,1683,CENTER
1188886.419,TO_CENTER,10.03,27.52,5.77,1,1610,1682,CENTER
1188886.441,TO_CENTER,10.03,27.52,5.77,1,1610,1682,CENTER
1188886.463,TO_CENTER,10.03,27.52,5.77,1,1610,1682,CENTER
1188886.483,TO_CENTER,10.03,27.52,5.77,1,1610,1682,CENTER
1188886.504,TO_CENTER,10.03,27.52,5.77,1,1610,1682,CENTER
1188886.524,TO_CENTER,10.10,27.57,5.79,1,1610,1682,CENTER
1188886.545,TO_CENTER,10.10,27.57,5.79,1,1610,1682,CENTER
1188886.570,TO_CENTER,10.10,27.57,5.79,1,1610,1682,CENTER
1188886.592,TO_CENTER,10.10,27.57,5.79,1,1610,1682,CENTER
1188886.611,TO_CENTER,10.10,27.57,5.79,1,1610,1682,CENTER
1188886.632,TO_CENTER,10.17,27.61,5.82,1,1610,1682,CENTER
1188886.652,TO_CENTER,10.17,27.61,5.82,1,1610,1682,CENTER
1188886.672,TO_CENTER,10.17,27.61,5.82,1,1610,1682,CENTER
1188886.694,TO_CENTER,10.17,27.61,5.82,1,1610,1682,CENTER
1188886.715,TO_CENTER,10.17,27.61,5.82,1,1610,1682,CENTER
1188886.735,TO_CENTER,10.25,27.65,4.82,1,1611,1682,CENTER
1188886.755,TO_CENTER,10.25,27.65,4.82,1,1611,1682,CENTER
1188886.776,TO_CENTER,10.25,27.65,4.82,1,1611,1682,CENTER
1188886.796,TO_CENTER,10.25,27.65,4.82,1,1611,1682,CENTER
1188886.819,TO_CENTER,10.25,27.65,4.82,1,1611,1682,CENTER
1188886.841,TO_CENTER,10.32,27.70,4.84,1,1611,1682,CENTER
1188886.862,TO_CENTER,10.32,27.70,4.84,1,1611,1682,CENTER
1188886.882,TO_CENTER,10.32,27.70,4.84,1,1611,1682,CENTER
1188886.903,TO_CENTER,10.32,27.70,4.84,1,1611,1682,CENTER
1188886.923,TO_CENTER,10.32,27.70,4.84,1,1611,1682,CENTER
1188886.944,TO_CENTER,10.40,27.74,4.86,1,1611,1681,CENTER
1188886.964,TO_CENTER,10.40,27.74,4.86,1,1611,1681,CENTER
1188886.987,TO_CENTER,10.40,27.74,4.86,1,1611,1681,CENTER
1188887.006,TO_CENTER,10.40,27.74,4.86,1,1611,1681,CENTER
1188887.026,TO_CENTER,10.40,27.74,4.86,1,1611,1681,CENTER
1188887.049,TO_CENTER,10.40,27.74,4.86,1,1611,1681,CENTER
1188887.069,TO_CENTER,10.40,27.74,4.86,1,1611,1681,CENTER
1188887.089,TO_CENTER,10.40,27.74,4.86,1,1611,1681,CENTER
1188887.110,TO_CENTER,10.40,27.74,4.86,1,1611,1681,CENTER
1188887.131,TO_CENTER,10.40,27.74,4.86,1,1611,1681,CENTER
1188887.152,TO_CENTER,10.47,27.77,4.89,1,1611,1681,CENTER
1188887.173,TO_CENTER,10.47,27.77,4.89,1,1611,1681,CENTER
1188887.194,TO_CENTER,10.47,27.77,4.89,1,1611,1681,CENTER
1188887.215,TO_CENTER,10.47,27.77,4.89,1,1611,1681,CENTER
1188887.235,TO_CENTER,10.47,27.77,4.89,1,1611,1681,CENTER
1188887.256,TO_CENTER,10.55,27.81,4.89,1,1611,1681,CENTER
1188887.277,TO_CENTER,10.55,27.81,4.89,1,1611,1681,CENTER
1188887.300,TO_CENTER,10.55,27.81,4.89,1,1611,1681,CENTER
1188887.322,TO_CENTER,10.55,27.81,4.89,1,1611,1681,CENTER
1188887.341,TO_CENTER,10.55,27.81,4.89,1,1611,1681,CENTER
1188887.362,TO_CENTER,10.63,27.85,4.91,1,1611,1681,CENTER
1188887.382,TO_CENTER,10.63,27.85,4.91,1,1611,1681,CENTER
1188887.403,TO_CENTER,10.63,27.85,4.91,1,1611,1681,CENTER
1188887.424,TO_CENTER,10.63,27.85,4.91,1,1611,1681,CENTER
1188887.445,TO_CENTER,10.63,27.85,4.91,1,1611,1681,CENTER
1188887.466,TO_CENTER,10.70,27.88,4.93,1,1612,1680,CENTER
1188887.486,TO_CENTER,10.70,27.88,4.93,1,1612,1680,CENTER
1188887.507,TO_CENTER,10.70,27.88,4.93,1,1612,1680,CENTER
1188887.528,TO_CENTER,10.70,27.88,4.93,1,1612,1680,CENTER
1188887.549,TO_CENTER,10.70,27.88,4.93,1,1612,1680,CENTER
1188887.569,TO_CENTER,10.70,27.88,4.93,1,1612,1680,CENTER
1188887.589,TO_CENTER,10.70,27.88,4.93,1,1612,1680,CENTER
1188887.609,TO_CENTER,10.70,27.88,4.93,1,1612,1680,CENTER
1188887.630,TO_CENTER,10.70,27.88,4.93,1,1612,1680,CENTER
1188887.650,TO_CENTER,10.70,27.88,4.93,1,1612,1680,CENTER
1188887.670,TO_CENTER,10.78,27.91,4.95,1,1612,1680,CENTER
1188887.693,TO_CENTER,10.78,27.91,4.95,1,1612,1680,CENTER
1188887.713,TO_CENTER,10.78,27.91,4.95,1,1612,1680,CENTER
1188887.735,TO_CENTER,10.78,27.91,4.95,1,1612,1680,CENTER
1188887.756,TO_CENTER,10.78,27.91,4.95,1,1612,1680,CENTER
1188887.777,TO_CENTER,10.86,27.95,4.95,1,1612,1680,CENTER
1188887.797,TO_CENTER,10.86,27.95,4.95,1,1612,1680,CENTER
1188887.817,TO_CENTER,10.86,27.95,4.95,1,1612,1680,CENTER
1188887.841,TO_CENTER,10.86,27.95,4.95,1,1612,1680,CENTER
1188887.861,TO_CENTER,10.86,27.95,4.95,1,1612,1680,CENTER
1188887.881,TO_CENTER,10.94,27.98,4.98,1,1612,1680,CENTER
1188887.903,TO_CENTER,10.94,27.98,4.98,1,1612,1680,CENTER
1188887.923,TO_CENTER,10.94,27.98,4.98,1,1612,1680,CENTER
1188887.948,TO_CENTER,10.94,27.98,4.98,1,1612,1680,CENTER
1188887.968,TO_CENTER,10.94,27.98,4.98,1,1612,1680,CENTER
1188887.990,TO_CENTER,11.02,28.00,5.00,1,1612,1680,CENTER
1188888.010,TO_CENTER,11.02,28.00,5.00,1,1612,1680,CENTER
1188888.031,TO_CENTER,11.02,28.00,5.00,1,1612,1680,CENTER
1188888.052,TO_CENTER,11.02,28.00,5.00,1,1612,1680,CENTER
1188888.072,TO_CENTER,11.02,28.00,5.00,1,1612,1680,CENTER
1188888.093,TO_CENTER,11.10,28.04,4.02,1,1612,1680,CENTER
1188888.113,TO_CENTER,11.10,28.04,4.02,1,1612,1680,CENTER
1188888.134,TO_CENTER,11.10,28.04,4.02,1,1612,1680,CENTER
1188888.154,TO_CENTER,11.10,28.04,4.02,1,1612,1680,CENTER
1188888.174,TO_CENTER,11.10,28.04,4.02,1,1612,1680,CENTER
1188888.195,TO_CENTER,11.18,28.06,4.02,1,1612,1680,CENTER
1188888.215,TO_CENTER,11.18,28.06,4.02,1,1612,1680,CENTER
1188888.236,TO_CENTER,11.18,28.06,4.02,1,1612,1680,CENTER
1188888.259,TO_CENTER,11.18,28.06,4.02,1,1612,1680,CENTER
1188888.279,TO_CENTER,11.18,28.06,4.02,1,1612,1680,CENTER
1188888.299,TO_CENTER,11.26,28.09,4.05,1,1612,1680,CENTER
1188888.320,TO_CENTER,11.26,28.09,4.05,1,1612,1680,CENTER
1188888.340,TO_CENTER,11.26,28.09,4.05,1,1612,1680,CENTER
1188888.360,TO_CENTER,11.26,28.09,4.05,1,1612,1680,CENTER
1188888.381,TO_CENTER,11.26,28.09,4.05,1,1612,1680,CENTER
1188888.406,TO_CENTER,11.26,28.09,4.05,1,1612,1680,CENTER
1188888.427,TO_CENTER,11.26,28.09,4.05,1,1612,1680,CENTER
1188888.449,TO_CENTER,11.26,28.09,4.05,1,1612,1680,CENTER
1188888.471,TO_CENTER,11.26,28.09,4.05,1,1612,1680,CENTER
1188888.491,TO_CENTER,11.26,28.09,4.05,1,1612,1680,CENTER
1188888.513,TO_CENTER,11.34,28.12,4.07,1,1612,1679,CENTER
1188888.535,TO_CENTER,11.34,28.12,4.07,1,1612,1679,CENTER
1188888.556,TO_CENTER,11.34,28.12,4.07,1,1612,1679,CENTER
1188888.577,TO_CENTER,11.34,28.12,4.07,1,1612,1679,CENTER
1188888.597,TO_CENTER,11.34,28.12,4.07,1,1612,1679,CENTER
1188888.620,TO_CENTER,11.43,28.15,4.09,1,1613,1679,CENTER
1188888.640,TO_CENTER,11.43,28.15,4.09,1,1613,1679,CENTER
1188888.661,TO_CENTER,11.43,28.15,4.09,1,1613,1679,CENTER
1188888.682,TO_CENTER,11.43,28.15,4.09,1,1613,1679,CENTER
1188888.704,TO_CENTER,11.43,28.15,4.09,1,1613,1679,CENTER
1188888.724,TO_CENTER,11.51,28.16,4.11,1,1613,1679,CENTER
1188888.749,TO_CENTER,11.51,28.16,4.11,1,1613,1679,CENTER
1188888.769,TO_CENTER,11.51,28.16,4.11,1,1613,1679,CENTER
1188888.794,TO_CENTER,11.51,28.16,4.11,1,1613,1679,CENTER
1188888.814,TO_CENTER,11.51,28.16,4.11,1,1613,1679,CENTER
1188888.835,TO_CENTER,11.59,28.19,4.11,1,1613,1679,CENTER
1188888.855,TO_CENTER,11.59,28.19,4.11,1,1613,1679,CENTER
1188888.876,TO_CENTER,11.59,28.19,4.11,1,1613,1679,CENTER
1188888.897,TO_CENTER,11.59,28.19,4.11,1,1613,1679,CENTER
1188888.917,TO_CENTER,11.59,28.19,4.11,1,1613,1679,CENTER
1188888.937,TO_CENTER,11.59,28.19,4.11,1,1613,1679,CENTER
1188888.958,TO_CENTER,11.59,28.19,4.11,1,1613,1679,CENTER
1188888.983,TO_CENTER,11.59,28.19,4.11,1,1613,1679,CENTER
1188889.003,TO_CENTER,11.59,28.19,4.11,1,1613,1679,CENTER
1188889.029,TO_CENTER,11.59,28.19,4.11,1,1613,1679,CENTER
1188889.052,TO_CENTER,11.68,28.21,3.14,1,1613,1678,CENTER
1188889.072,TO_CENTER,11.68,28.21,3.14,1,1613,1678,CENTER
1188889.092,TO_CENTER,11.68,28.21,3.14,1,1613,1678,CENTER
1188889.114,TO_CENTER,11.68,28.21,3.14,1,1613,1678,CENTER
1188889.135,TO_CENTER,11.68,28.21,3.14,1,1613,1678,CENTER
1188889.155,TO_CENTER,11.76,28.23,3.16,1,1613,1678,CENTER
1188889.176,TO_CENTER,11.76,28.23,3.16,1,1613,1678,CENTER
1188889.197,TO_CENTER,11.76,28.23,3.16,1,1613,1678,CENTER
1188889.218,TO_CENTER,11.76,28.23,3.16,1,1613,1678,CENTER
1188889.238,TO_CENTER,11.76,28.23,3.16,1,1613,1678,CENTER
1188889.259,TO_CENTER,11.85,28.25,3.18,1,1613,1678,CENTER
1188889.280,TO_CENTER,11.85,28.25,3.18,1,1613,1678,CENTER
1188889.300,TO_CENTER,11.85,28.25,3.18,1,1613,1678,CENTER
1188889.321,TO_CENTER,11.85,28.25,3.18,1,1613,1678,CENTER
1188889.341,TO_CENTER,11.85,28.25,3.18,1,1613,1678,CENTER
1188889.361,TO_CENTER,11.93,28.27,3.18,1,1613,1678,CENTER
1188889.386,TO_CENTER,11.93,28.27,3.18,1,1613,1678,CENTER
1188889.407,TO_CENTER,11.93,28.27,3.18,1,1613,1678,CENTER
1188889.428,TO_CENTER,11.93,28.27,3.18,1,1613,1678,CENTER
1188889.454,TO_CENTER,11.93,28.27,3.18,1,1613,1678,CENTER
1188889.475,TO_CENTER,11.93,28.27,3.18,1,1613,1678,CENTER
1188889.496,TO_CENTER,11.93,28.27,3.18,1,1613,1678,CENTER
1188889.517,TO_CENTER,11.93,28.27,3.18,1,1613,1678,CENTER
1188889.538,TO_CENTER,11.93,28.27,3.18,1,1613,1678,CENTER
1188889.559,TO_CENTER,11.93,28.27,3.18,1,1613,1678,CENTER
1188889.579,TO_CENTER,12.02,28.29,3.20,1,1613,1677,CENTER
1188889.600,TO_CENTER,12.02,28.29,3.20,1,1613,1677,CENTER
1188889.622,TO_CENTER,12.02,28.29,3.20,1,1613,1677,CENTER
1188889.642,TO_CENTER,12.02,28.29,3.20,1,1613,1677,CENTER
1188889.662,TO_CENTER,12.02,28.29,3.20,1,1613,1677,CENTER
1188889.683,TO_CENTER,12.11,28.30,3.22,1,1613,1677,CENTER
1188889.703,TO_CENTER,12.11,28.30,3.22,1,1613,1677,CENTER
1188889.725,TO_CENTER,12.11,28.30,3.22,1,1613,1677,CENTER
1188889.746,TO_CENTER,12.11,28.30,3.22,1,1613,1677,CENTER
1188889.766,TO_CENTER,12.11,28.30,3.22,1,1613,1677,CENTER
1188889.788,TO_CENTER,12.19,28.32,3.22,1,1613,1677,CENTER
1188889.810,TO_CENTER,12.19,28.32,3.22,1,1613,1677,CENTER
1188889.830,TO_CENTER,12.19,28.32,3.22,1,1613,1677,CENTER
1188889.851,TO_CENTER,12.19,28.32,3.22,1,1613,1677,CENTER
1188889.873,TO_CENTER,12.19,28.32,3.22,1,1613,1677,CENTER
1188889.894,TO_CENTER,12.28,28.34,3.25,1,1613,1677,CENTER
1188889.915,TO_CENTER,12.28,28.34,3.25,1,1613,1677,CENTER
1188889.935,TO_CENTER,12.28,28.34,3.25,1,1613,1677,CENTER
1188889.959,TO_CENTER,12.28,28.34,3.25,1,1613,1677,CENTER
1188889.980,TO_CENTER,12.28,28.34,3.25,1,1613,1677,CENTER
1188890.001,TO_CENTER,12.28,28.34,3.25,1,1613,1677,CENTER
1188890.021,TO_CENTER,12.28,28.34,3.25,1,1613,1677,CENTER
1188890.042,TO_CENTER,12.28,28.34,3.25,1,1613,1677,CENTER
1188890.062,TO_CENTER,12.28,28.34,3.25,1,1613,1677,CENTER
1188890.086,TO_CENTER,12.28,28.34,3.25,1,1613,1677,CENTER
1188890.106,TO_CENTER,12.28,28.35,3.27,1,1613,1677,CENTER
1188890.129,TO_CENTER,12.37,28.35,3.27,1,1613,1676,CENTER
1188890.149,TO_CENTER,12.37,28.35,3.27,1,1613,1676,CENTER
1188890.170,TO_CENTER,12.37,28.35,3.27,1,1613,1676,CENTER
1188890.191,TO_CENTER,12.37,28.35,3.27,1,1613,1676,CENTER
1188890.213,TO_CENTER,12.46,28.36,3.29,1,1613,1676,CENTER
1188890.235,TO_CENTER,12.46,28.36,3.29,1,1613,1676,CENTER
1188890.256,TO_CENTER,12.46,28.36,3.29,1,1613,1676,CENTER
1188890.277,TO_CENTER,12.46,28.36,3.29,1,1613,1676,CENTER
1188890.299,TO_CENTER,12.46,28.36,3.29,1,1613,1676,CENTER
1188890.320,TO_CENTER,12.55,28.37,3.29,1,1613,1676,CENTER
1188890.340,TO_CENTER,12.55,28.37,3.29,1,1613,1676,CENTER
1188890.367,TO_CENTER,12.55,28.37,3.29,1,1613,1676,CENTER
1188890.388,TO_CENTER,12.55,28.37,3.29,1,1613,1676,CENTER
1188890.410,TO_CENTER,12.55,28.37,3.29,1,1613,1676,CENTER
1188890.432,TO_CENTER,12.55,28.37,3.29,1,1613,1676,CENTER
1188890.461,TO_CENTER,12.55,28.37,3.29,1,1613,1676,CENTER
1188890.482,TO_CENTER,12.55,28.37,3.29,1,1613,1676,CENTER
1188890.504,TO_CENTER,12.55,28.37,3.29,1,1613,1676,CENTER
1188890.526,TO_CENTER,12.55,28.37,3.29,1,1613,1676,CENTER
1188890.552,TO_CENTER,12.64,28.39,3.31,1,1614,1676,CENTER
1188890.573,TO_CENTER,12.64,28.39,3.31,1,1614,1676,CENTER
1188890.597,TO_CENTER,12.64,28.39,3.31,1,1614,1676,CENTER
1188890.618,TO_CENTER,12.64,28.39,3.31,1,1614,1676,CENTER
1188890.645,TO_CENTER,12.64,28.39,3.31,1,1614,1676,CENTER
1188890.669,TO_CENTER,12.73,28.40,3.34,1,1614,1675,CENTER
1188890.702,TO_CENTER,12.73,28.40,3.34,1,1614,1675,CENTER
1188890.722,TO_CENTER,12.73,28.40,3.34,1,1614,1675,CENTER
1188890.743,TO_CENTER,12.73,28.40,3.34,1,1614,1675,CENTER
1188890.771,TO_CENTER,12.73,28.40,3.34,1,1614,1675,CENTER
1188890.796,TO_CENTER,12.73,28.40,3.34,1,1614,1675,CENTER
1188890.818,TO_CENTER,12.73,28.40,3.34,1,1614,1675,CENTER
1188890.844,TO_CENTER,12.73,28.40,3.34,1,1614,1675,CENTER
1188890.878,TO_CENTER,12.73,28.40,3.34,1,1614,1675,CENTER
1188890.917,TO_CENTER,12.82,28.40,2.36,1,1614,1675,CENTER
1188890.940,TO_CENTER,12.82,28.40,2.36,1,1614,1675,CENTER
1188890.961,TO_CENTER,12.82,28.40,2.36,1,1614,1675,CENTER
1188890.990,TO_CENTER,12.82,28.40,2.36,1,1614,1675,CENTER
1188891.022,TO_CENTER,12.91,28.41,2.36,1,1614,1675,CENTER
1188891.052,TO_CENTER,12.91,28.41,2.36,1,1614,1675,CENTER
1188891.078,TO_CENTER,12.91,28.41,2.36,1,1614,1675,CENTER
1188891.099,TO_CENTER,12.91,28.41,2.36,1,1614,1675,CENTER
1188891.128,TO_CENTER,13.01,28.42,2.38,1,1614,1674,CENTER
1188891.150,TO_CENTER,13.01,28.42,2.38,1,1614,1674,CENTER
1188891.170,TO_CENTER,13.01,28.42,2.38,1,1614,1674,CENTER
1188891.191,TO_CENTER,13.01,28.42,2.38,1,1614,1674,CENTER
1188891.214,TO_CENTER,13.01,28.42,2.38,1,1614,1674,CENTER
1188891.236,TO_CENTER,13.10,28.43,2.40,1,1614,1674,CENTER
1188891.257,TO_CENTER,13.10,28.43,2.40,1,1614,1674,CENTER
1188891.278,TO_CENTER,13.10,28.43,2.40,1,1614,1674,CENTER
1188891.298,TO_CENTER,13.10,28.43,2.40,1,1614,1674,CENTER
1188891.319,TO_CENTER,13.10,28.43,2.40,1,1614,1674,CENTER
1188891.339,TO_CENTER,13.19,28.43,2.43,1,1614,1674,CENTER
1188891.360,TO_CENTER,13.19,28.43,2.43,1,1614,1674,CENTER
1188891.380,TO_CENTER,13.19,28.43,2.43,1,1614,1674,CENTER
1188891.401,TO_CENTER,13.19,28.43,2.43,1,1614,1674,CENTER
1188891.421,TO_CENTER,13.19,28.43,2.43,1,1614,1674,CENTER
1188893.975,TO_CENTER,13.17,28.52,2.71,1,1614,1674,CENTER
1188893.998,TO_CENTER,13.17,28.52,2.71,1,1614,1674,CENTER
1188894.019,TO_CENTER,13.17,28.52,2.71,1,1614,1674,CENTER
1188894.042,TO_CENTER,13.17,28.52,2.71,1,1614,1674,CENTER
1188894.074,TO_CENTER,13.11,28.52,2.74,1,1614,1674,CENTER
1188894.096,TO_CENTER,13.11,28.52,2.74,1,1614,1674,CENTER
1188894.116,TO_CENTER,13.11,28.52,2.74,1,1614,1674,CENTER
1188894.137,TO_CENTER,13.11,28.52,2.74,1,1614,1674,CENTER
1188894.160,TO_CENTER,13.11,28.52,2.74,1,1614,1674,CENTER
1188894.187,TO_CENTER,13.07,28.53,2.74,1,1614,1674,CENTER
1188894.207,TO_CENTER,13.07,28.53,2.74,1,1614,1674,CENTER
1188894.236,TO_CENTER,13.07,28.53,2.74,1,1614,1674,CENTER
1188894.256,TO_CENTER,13.07,28.53,2.74,1,1614,1674,CENTER
1188894.280,TO_CENTER,13.07,28.53,2.74,1,1614,1674,CENTER
1188894.302,TO_CENTER,12.98,28.53,2.78,1,1614,1675,CENTER
1188894.324,TO_CENTER,12.98,28.53,2.78,1,1614,1675,CENTER
1188894.344,TO_CENTER,12.98,28.53,2.78,1,1614,1675,CENTER
1188894.367,TO_CENTER,12.98,28.53,2.78,1,1614,1675,CENTER
1188894.387,TO_CENTER,12.98,28.53,2.78,1,1614,1675,CENTER
1188894.409,TO_CENTER,12.98,28.53,2.78,1,1614,1675,CENTER
1188894.431,TO_CENTER,12.98,28.53,2.78,1,1614,1675,CENTER
1188894.452,TO_CENTER,12.98,28.53,2.78,1,1614,1675,CENTER
1188894.473,TO_CENTER,12.98,28.53,2.78,1,1614,1675,CENTER
1188894.493,TO_CENTER,12.98,28.53,2.78,1,1614,1675,CENTER
1188894.513,TO_CENTER,12.98,28.53,2.78,1,1614,1675,CENTER
1188894.534,TO_CENTER,12.98,28.53,2.78,1,1614,1675,CENTER
1188894.559,TO_CENTER,12.98,28.53,2.78,1,1614,1675,CENTER
1188894.579,TO_CENTER,12.98,28.53,2.78,1,1614,1675,CENTER
1188894.599,TO_CENTER,12.98,28.53,2.78,1,1614,1675,CENTER
1188894.620,TO_CENTER,12.94,28.54,2.78,1,1614,1675,CENTER
1188894.640,TO_CENTER,12.94,28.54,2.78,1,1614,1675,CENTER
1188894.664,TO_CENTER,12.94,28.54,2.78,1,1614,1675,CENTER
1188894.683,TO_CENTER,12.94,28.54,2.78,1,1614,1675,CENTER
1188894.704,TO_CENTER,12.94,28.54,2.78,1,1614,1675,CENTER
1188894.725,TO_CENTER,12.89,28.54,2.80,1,1614,1675,CENTER
1188894.746,TO_CENTER,12.89,28.54,2.80,1,1614,1675,CENTER
1188894.766,TO_CENTER,12.89,28.54,2.80,1,1614,1675,CENTER
1188894.787,TO_CENTER,12.89,28.54,2.80,1,1614,1675,CENTER
1188894.808,TO_CENTER,12.89,28.54,2.80,1,1614,1675,CENTER
1188894.829,TO_CENTER,12.85,28.54,2.80,1,1614,1675,CENTER
1188894.850,TO_CENTER,12.85,28.54,2.80,1,1614,1675,CENTER
1188894.870,TO_CENTER,12.85,28.54,2.80,1,1614,1675,CENTER
1188894.891,TO_CENTER,12.85,28.54,2.80,1,1614,1675,CENTER
1188894.913,TO_CENTER,12.85,28.54,2.80,1,1614,1675,CENTER
1188894.935,TO_CENTER,12.79,28.54,1.83,1,1614,1675,CENTER
1188894.955,TO_CENTER,12.79,28.54,1.83,1,1614,1675,CENTER
1188894.976,TO_CENTER,12.79,28.54,1.83,1,1614,1675,CENTER
1188895.000,TO_CENTER,12.79,28.54,1.83,1,1614,1675,CENTER
1188895.018,TO_CENTER,12.79,28.54,1.83,1,1614,1675,CENTER
1188895.038,TO_CENTER,12.79,28.54,1.83,1,1614,1675,CENTER
1188895.059,TO_CENTER,12.79,28.54,1.83,1,1614,1675,CENTER
1188895.080,TO_CENTER,12.79,28.54,1.83,1,1614,1675,CENTER
1188895.101,TO_CENTER,12.79,28.54,1.83,1,1614,1675,CENTER
1188895.121,TO_CENTER,12.79,28.54,1.83,1,1614,1675,CENTER
1188895.141,TO_CENTER,12.73,28.54,1.85,1,1614,1675,CENTER
1188895.164,TO_CENTER,12.73,28.54,1.85,1,1614,1675,CENTER
1188895.184,TO_CENTER,12.73,28.54,1.85,1,1614,1675,CENTER
1188895.204,TO_CENTER,12.73,28.54,1.85,1,1614,1675,CENTER
1188895.225,TO_CENTER,12.73,28.54,1.85,1,1614,1675,CENTER
1188895.245,TO_CENTER,12.67,28.54,1.87,1,1614,1675,CENTER
1188895.266,TO_CENTER,12.67,28.54,1.87,1,1614,1675,CENTER
1188895.288,TO_CENTER,12.67,28.54,1.87,1,1614,1675,CENTER
1188895.308,TO_CENTER,12.67,28.54,1.87,1,1614,1675,CENTER
1188895.328,TO_CENTER,12.67,28.54,1.87,1,1614,1675,CENTER
1188895.356,TO_CENTER,12.61,28.54,1.89,1,1614,1676,CENTER
1188895.376,TO_CENTER,12.61,28.54,1.89,1,1614,1676,CENTER
1188895.396,TO_CENTER,12.61,28.54,1.89,1,1614,1676,CENTER
1188895.416,TO_CENTER,12.61,28.54,1.89,1,1614,1676,CENTER
1188895.436,TO_CENTER,12.61,28.54,1.89,1,1614,1676,CENTER
1188895.460,TO_CENTER,12.57,28.53,1.92,1,1614,1676,CENTER
1188895.482,TO_CENTER,12.57,28.53,1.92,1,1614,1676,CENTER
1188895.506,TO_CENTER,12.57,28.53,1.92,1,1614,1676,CENTER
1188895.527,TO_CENTER,12.57,28.53,1.92,1,1614,1676,CENTER
1188895.547,TO_CENTER,12.57,28.53,1.92,1,1614,1676,CENTER
1188895.567,TO_CENTER,12.57,28.53,1.92,1,1614,1676,CENTER
1188895.588,TO_CENTER,12.57,28.53,1.92,1,1614,1676,CENTER
1188895.609,TO_CENTER,12.57,28.53,1.92,1,1614,1676,CENTER
1188895.629,TO_CENTER,12.57,28.53,1.92,1,1614,1676,CENTER
1188895.649,TO_CENTER,12.57,28.53,1.92,1,1614,1676,CENTER
1188895.670,TO_CENTER,12.53,28.53,1.92,1,1614,1676,CENTER
1188895.693,TO_CENTER,12.53,28.53,1.92,1,1614,1676,CENTER
1188895.713,TO_CENTER,12.53,28.53,1.92,1,1614,1676,CENTER
1188895.734,TO_CENTER,12.53,28.53,1.92,1,1614,1676,CENTER
1188895.755,TO_CENTER,12.53,28.53,1.92,1,1614,1676,CENTER
1188895.775,TO_CENTER,12.49,28.52,1.94,1,1614,1676,CENTER
1188895.795,TO_CENTER,12.49,28.52,1.94,1,1614,1676,CENTER
1188895.816,TO_CENTER,12.49,28.52,1.94,1,1614,1676,CENTER
1188895.837,TO_CENTER,12.49,28.52,1.94,1,1614,1676,CENTER
1188895.858,TO_CENTER,12.49,28.52,1.94,1,1614,1676,CENTER
1188895.881,TO_CENTER,12.45,28.52,1.94,1,1614,1676,CENTER
1188895.899,TO_CENTER,12.45,28.52,1.94,1,1614,1676,CENTER
1188895.921,TO_CENTER,12.45,28.52,1.94,1,1614,1676,CENTER
1188895.943,TO_CENTER,12.45,28.52,1.94,1,1614,1676,CENTER
1188895.962,TO_CENTER,12.45,28.52,1.94,1,1614,1676,CENTER
1188895.985,TO_CENTER,12.41,28.52,1.96,1,1614,1676,CENTER
1188896.005,TO_CENTER,12.41,28.52,1.96,1,1614,1676,CENTER
1188896.025,TO_CENTER,12.41,28.52,1.96,1,1614,1676,CENTER
1188896.047,TO_CENTER,12.41,28.52,1.96,1,1614,1676,CENTER
1188896.067,TO_CENTER,12.41,28.52,1.96,1,1614,1676,CENTER
1188896.087,TO_CENTER,12.38,28.51,1.98,1,1614,1676,CENTER
1188896.107,TO_CENTER,12.38,28.51,1.98,1,1614,1676,CENTER
1188896.129,TO_CENTER,12.38,28.51,1.98,1,1614,1676,CENTER
1188896.149,TO_CENTER,12.38,28.51,1.98,1,1614,1676,CENTER
1188896.171,TO_CENTER,12.38,28.51,1.98,1,1614,1676,CENTER
1188896.191,TO_CENTER,12.34,28.50,1.98,1,1614,1676,CENTER
1188896.211,TO_CENTER,12.34,28.50,1.98,1,1614,1676,CENTER
1188896.232,TO_CENTER,12.34,28.50,1.98,1,1614,1676,CENTER
1188896.253,TO_CENTER,12.34,28.50,1.98,1,1614,1676,CENTER
1188896.274,TO_CENTER,12.34,28.50,1.98,1,1614,1676,CENTER
1188896.295,TO_CENTER,12.29,28.49,2.01,1,1614,1677,CENTER
1188896.316,TO_CENTER,12.29,28.49,2.01,1,1614,1677,CENTER
1188896.335,TO_CENTER,12.29,28.49,2.01,1,1614,1677,CENTER
1188896.358,TO_CENTER,12.29,28.49,2.01,1,1614,1677,CENTER
1188896.378,TO_CENTER,12.29,28.49,2.01,1,1614,1677,CENTER
1188896.398,TO_CENTER,12.29,28.49,2.01,1,1614,1677,CENTER
1188896.419,TO_CENTER,12.29,28.49,2.01,1,1614,1677,CENTER
1188896.439,TO_CENTER,12.29,28.49,2.01,1,1614,1677,CENTER
1188896.460,TO_CENTER,12.29,28.49,2.01,1,1614,1677,CENTER
1188896.481,TO_CENTER,12.29,28.49,2.01,1,1614,1677,CENTER
1188896.501,TO_CENTER,12.25,28.48,2.03,1,1614,1677,CENTER
1188896.522,TO_CENTER,12.25,28.48,2.03,1,1614,1677,CENTER
1188896.542,TO_CENTER,12.25,28.48,2.03,1,1614,1677,CENTER
1188896.563,TO_CENTER,12.25,28.48,2.03,1,1614,1677,CENTER
1188896.584,TO_CENTER,12.25,28.48,2.03,1,1614,1677,CENTER
1188896.604,TO_CENTER,12.22,28.48,2.03,1,1614,1677,CENTER
1188896.625,TO_CENTER,12.22,28.48,2.03,1,1614,1677,CENTER
1188896.645,TO_CENTER,12.22,28.48,2.03,1,1614,1677,CENTER
1188896.666,TO_CENTER,12.22,28.48,2.03,1,1614,1677,CENTER
1188896.686,TO_CENTER,12.22,28.48,2.03,1,1614,1677,CENTER
1188896.707,TO_CENTER,12.18,28.47,2.05,1,1614,1677,CENTER
1188896.727,TO_CENTER,12.18,28.47,2.05,1,1614,1677,CENTER
1188896.750,TO_CENTER,12.18,28.47,2.05,1,1614,1677,CENTER
1188896.770,TO_CENTER,12.18,28.47,2.05,1,1614,1677,CENTER
1188896.791,TO_CENTER,12.18,28.47,2.05,1,1614,1677,CENTER
1188896.811,TO_CENTER,12.12,28.44,2.08,1,1614,1677,CENTER
1188896.832,TO_CENTER,12.12,28.44,2.08,1,1614,1677,CENTER
1188896.852,TO_CENTER,12.12,28.44,2.08,1,1614,1677,CENTER
1188896.873,TO_CENTER,12.12,28.44,2.08,1,1614,1677,CENTER
1188896.893,TO_CENTER,12.12,28.44,2.08,1,1614,1677,CENTER
1188896.914,TO_CENTER,12.12,28.44,2.08,1,1614,1677,CENTER
1188896.935,TO_CENTER,12.12,28.44,2.08,1,1614,1677,CENTER
1188896.955,TO_CENTER,12.12,28.44,2.08,1,1614,1677,CENTER
1188896.975,TO_CENTER,12.12,28.44,2.08,1,1614,1677,CENTER
1188896.998,TO_CENTER,12.12,28.44,2.08,1,1614,1677,CENTER
1188897.018,TO_CENTER,12.12,28.44,2.08,1,1614,1677,CENTER
1188897.039,TO_CENTER,12.12,28.44,2.08,1,1614,1677,CENTER
1188897.059,TO_CENTER,12.12,28.44,2.08,1,1614,1677,CENTER
1188897.080,TO_CENTER,12.12,28.44,2.08,1,1614,1677,CENTER
1188897.101,TO_CENTER,12.12,28.44,2.08,1,1614,1677,CENTER
1188897.124,TO_CENTER,12.07,28.43,2.10,1,1614,1677,CENTER
1188897.144,TO_CENTER,12.07,28.43,2.10,1,1614,1677,CENTER
1188897.165,TO_CENTER,12.07,28.43,2.10,1,1614,1677,CENTER
1188897.185,TO_CENTER,12.07,28.43,2.10,1,1614,1677,CENTER
1188897.206,TO_CENTER,12.07,28.43,2.10,1,1614,1677,CENTER
1188897.226,TO_CENTER,12.03,28.41,1.10,1,1614,1677,CENTER
1188897.247,TO_CENTER,12.03,28.41,1.10,1,1614,1677,CENTER
1188897.267,TO_CENTER,12.03,28.41,1.10,1,1614,1677,CENTER
1188897.289,TO_CENTER,12.03,28.41,1.10,1,1614,1677,CENTER
1188897.309,TO_CENTER,12.03,28.41,1.10,1,1614,1677,CENTER
1188897.329,TO_CENTER,11.99,28.39,1.12,1,1614,1678,CENTER
1188897.350,TO_CENTER,11.99,28.39,1.12,1,1614,1678,CENTER
1188897.376,TO_CENTER,11.99,28.39,1.12,1,1614,1678,CENTER
1188897.397,TO_CENTER,11.99,28.39,1.12,1,1614,1678,CENTER
1188897.417,TO_CENTER,11.99,28.39,1.12,1,1614,1678,CENTER
1188897.437,TO_CENTER,11.96,28.38,1.14,1,1614,1678,CENTER
1188897.458,TO_CENTER,11.96,28.38,1.14,1,1614,1678,CENTER
1188897.483,TO_CENTER,11.96,28.38,1.14,1,1614,1678,CENTER
1188897.504,TO_CENTER,11.96,28.38,1.14,1,1614,1678,CENTER
1188897.524,TO_CENTER,11.96,28.38,1.14,1,1614,1678,CENTER
1188897.548,TO_CENTER,11.93,28.36,1.15,1,1613,1678,CENTER
1188897.569,TO_CENTER,11.93,28.36,1.15,1,1613,1678,CENTER
1188897.591,TO_CENTER,11.93,28.36,1.15,1,1613,1678,CENTER
1188897.610,TO_CENTER,11.93,28.36,1.15,1,1613,1678,CENTER
1188897.630,TO_CENTER,11.93,28.36,1.15,1,1613,1678,CENTER
1188897.651,TO_CENTER,11.90,28.34,1.17,1,1613,1678,CENTER
1188897.671,TO_CENTER,11.90,28.34,1.17,1,1613,1678,CENTER
1188897.693,TO_CENTER,11.90,28.34,1.17,1,1613,1678,CENTER
1188897.716,TO_CENTER,11.90,28.34,1.17,1,1613,1678,CENTER
1188897.737,TO_CENTER,11.90,28.34,1.17,1,1613,1678,CENTER
1188897.758,TO_CENTER,11.87,28.33,1.17,1,1613,1678,CENTER
1188897.779,TO_CENTER,11.87,28.33,1.17,1,1613,1678,CENTER
1188897.801,TO_CENTER,11.87,28.33,1.17,1,1613,1678,CENTER
1188897.821,TO_CENTER,11.87,28.33,1.17,1,1613,1678,CENTER
1188897.841,TO_CENTER,11.87,28.33,1.17,1,1613,1678,CENTER
1188897.862,TO_CENTER,11.84,28.31,1.19,1,1613,1678,CENTER
1188897.883,TO_CENTER,11.84,28.31,1.19,1,1613,1678,CENTER
1188897.904,TO_CENTER,11.84,28.31,1.19,1,1613,1678,CENTER
1188897.924,TO_CENTER,11.84,28.31,1.19,1,1613,1678,CENTER
1188897.949,TO_CENTER,11.84,28.31,1.19,1,1613,1678,CENTER
1188897.969,TO_CENTER,11.81,28.29,1.19,1,1613,1678,CENTER
1188897.989,TO_CENTER,11.81,28.29,1.19,1,1613,1678,CENTER
1188898.010,TO_CENTER,11.81,28.29,1.19,1,1613,1678,CENTER
1188898.030,TO_CENTER,11.81,28.29,1.19,1,1613,1678,CENTER
1188898.053,TO_CENTER,11.81,28.29,1.19,1,1613,1678,CENTER
1188898.072,TO_CENTER,11.78,28.28,1.22,1,1613,1678,CENTER
1188898.093,TO_CENTER,11.78,28.28,1.22,1,1613,1678,CENTER
1188898.114,TO_CENTER,11.78,28.28,1.22,1,1613,1678,CENTER
1188898.137,TO_CENTER,11.78,28.28,1.22,1,1613,1678,CENTER
1188898.157,TO_CENTER,11.78,28.28,1.22,1,1613,1678,CENTER
1188898.178,TO_CENTER,11.78,28.28,1.22,1,1613,1678,CENTER
1188898.198,TO_CENTER,11.78,28.28,1.22,1,1613,1678,CENTER
1188898.219,TO_CENTER,11.78,28.28,1.22,1,1613,1678,CENTER
1188898.240,TO_CENTER,11.78,28.28,1.22,1,1613,1678,CENTER
1188898.260,TO_CENTER,11.78,28.28,1.22,1,1613,1678,CENTER
1188898.281,TO_CENTER,11.74,28.25,1.24,1,1613,1678,CENTER
1188898.301,TO_CENTER,11.74,28.25,1.24,1,1613,1678,CENTER
1188898.322,TO_CENTER,11.74,28.25,1.24,1,1613,1678,CENTER
1188898.342,TO_CENTER,11.74,28.25,1.24,1,1613,1678,CENTER
1188898.363,TO_CENTER,11.74,28.25,1.24,1,1613,1678,CENTER
1188898.386,TO_CENTER,11.70,28.22,1.24,1,1613,1678,CENTER
1188898.406,TO_CENTER,11.70,28.22,1.24,1,1613,1678,CENTER
1188898.427,TO_CENTER,11.70,28.22,1.24,1,1613,1678,CENTER
1188898.449,TO_CENTER,11.70,28.22,1.24,1,1613,1678,CENTER
1188898.469,TO_CENTER,11.70,28.22,1.24,1,1613,1678,CENTER
1188898.489,TO_CENTER,11.68,28.20,1.27,1,1613,1678,CENTER
1188898.510,TO_CENTER,11.68,28.20,1.27,1,1613,1678,CENTER
1188898.531,TO_CENTER,11.68,28.20,1.27,1,1613,1678,CENTER
1188898.551,TO_CENTER,11.68,28.20,1.27,1,1613,1678,CENTER
1188898.575,TO_CENTER,11.68,28.20,1.27,1,1613,1678,CENTER
1188898.595,TO_CENTER,11.64,28.17,1.29,1,1613,1679,CENTER
1188898.616,TO_CENTER,11.64,28.17,1.29,1,1613,1679,CENTER
1188898.637,TO_CENTER,11.64,28.17,1.29,1,1613,1679,CENTER
1188898.657,TO_CENTER,11.64,28.17,1.29,1,1613,1679,CENTER
1188898.678,TO_CENTER,11.64,28.17,1.29,1,1613,1679,CENTER
1188898.699,TO_CENTER,11.64,28.17,1.29,1,1613,1679,CENTER
1188898.719,TO_CENTER,11.64,28.17,1.29,1,1613,1679,CENTER
1188898.740,TO_CENTER,11.64,28.17,1.29,1,1613,1679,CENTER
1188898.762,TO_CENTER,11.64,28.17,1.29,1,1613,1679,CENTER
1188898.783,TO_CENTER,11.64,28.17,1.29,1,1613,1679,CENTER
1188898.806,TO_CENTER,11.61,28.14,1.29,1,1613,1679,CENTER
1188898.826,TO_CENTER,11.61,28.14,1.29,1,1613,1679,CENTER
1188898.847,TO_CENTER,11.61,28.14,1.29,1,1613,1679,CENTER
1188898.867,TO_CENTER,11.61,28.14,1.29,1,1613,1679,CENTER
1188898.888,TO_CENTER,11.61,28.14,1.29,1,1613,1679,CENTER
1188898.909,TO_CENTER,11.57,28.10,1.31,1,1612,1679,CENTER
1188898.932,TO_CENTER,11.57,28.10,1.31,1,1612,1679,CENTER
1188898.952,TO_CENTER,11.57,28.10,1.31,1,1612,1679,CENTER
1188898.973,TO_CENTER,11.57,28.10,1.31,1,1612,1679,CENTER
1188898.995,TO_CENTER,11.57,28.10,1.31,1,1612,1679,CENTER
1188899.014,TO_CENTER,11.54,28.07,1.34,1,1612,1679,CENTER
1188899.035,TO_CENTER,11.54,28.07,1.34,1,1612,1679,CENTER
1188899.055,TO_CENTER,11.54,28.07,1.34,1,1612,1679,CENTER
1188899.076,TO_CENTER,11.54,28.07,1.34,1,1612,1679,CENTER
1188899.096,TO_CENTER,11.54,28.07,1.34,1,1612,1679,CENTER
1188899.117,TO_CENTER,11.54,28.07,1.34,1,1612,1679,CENTER
1188899.138,TO_CENTER,11.54,28.07,1.34,1,1612,1679,CENTER
1188899.158,TO_CENTER,11.54,28.07,1.34,1,1612,1679,CENTER
1188899.180,TO_CENTER,11.54,28.07,1.34,1,1612,1679,CENTER
1188899.200,TO_CENTER,11.54,28.07,1.34,1,1612,1679,CENTER
1188899.221,TO_CENTER,11.52,28.04,1.34,1,1612,1679,CENTER
1188899.241,TO_CENTER,11.52,28.04,1.34,1,1612,1679,CENTER
1188899.261,TO_CENTER,11.52,28.04,1.34,1,1612,1679,CENTER
1188899.283,TO_CENTER,11.52,28.04,1.34,1,1612,1679,CENTER
1188899.305,TO_CENTER,11.52,28.04,1.34,1,1612,1679,CENTER
1188899.325,TO_CENTER,11.49,28.00,1.37,1,1612,1679,CENTER
1188899.346,TO_CENTER,11.49,28.00,1.37,1,1612,1679,CENTER
1188899.367,TO_CENTER,11.49,28.00,1.37,1,1612,1679,CENTER
1188899.388,TO_CENTER,11.49,28.00,1.37,1,1612,1679,CENTER
1188899.408,TO_CENTER,11.49,28.00,1.37,1,1612,1679,CENTER
1188899.428,TO_CENTER,11.49,28.00,1.37,1,1612,1679,CENTER
1188899.448,TO_CENTER,11.49,28.00,1.37,1,1612,1679,CENTER
1188899.468,TO_CENTER,11.49,28.00,1.37,1,1612,1679,CENTER
1188899.489,TO_CENTER,11.49,28.00,1.37,1,1612,1679,CENTER
1188899.509,TO_CENTER,11.49,28.00,1.37,1,1612,1679,CENTER
1188899.530,TO_CENTER,11.46,27.97,1.39,1,1612,1678,CENTER
1188899.552,TO_CENTER,11.46,27.97,1.39,1,1612,1678,CENTER
1188899.573,TO_CENTER,11.46,27.97,1.39,1,1612,1678,CENTER
1188899.595,TO_CENTER,11.46,27.97,1.39,1,1612,1678,CENTER
1188899.616,TO_CENTER,11.46,27.97,1.39,1,1612,1678,CENTER
1188899.636,TO_CENTER,11.43,27.93,1.41,1,1612,1678,CENTER
1188899.657,TO_CENTER,11.43,27.93,1.41,1,1612,1678,CENTER
1188899.677,TO_CENTER,11.43,27.93,1.41,1,1612,1678,CENTER
1188899.698,TO_CENTER,11.43,27.93,1.41,1,1612,1678,CENTER
1188899.718,TO_CENTER,11.43,27.93,1.41,1,1612,1678,CENTER
1188899.741,TO_CENTER,11.43,27.93,1.41,1,1612,1678,CENTER
1188899.762,TO_CENTER,11.43,27.93,1.41,1,1612,1678,CENTER
1188899.783,TO_CENTER,11.43,27.93,1.41,1,1612,1678,CENTER
1188899.803,TO_CENTER,11.43,27.93,1.41,1,1612,1678,CENTER
1188899.824,TO_CENTER,11.43,27.93,1.41,1,1612,1678,CENTER
1188899.844,TO_CENTER,11.40,27.89,1.42,1,1612,1678,CENTER
1188899.865,TO_CENTER,11.40,27.89,1.42,1,1612,1678,CENTER
1188899.885,TO_CENTER,11.40,27.89,1.42,1,1612,1678,CENTER
1188899.905,TO_CENTER,11.40,27.89,1.42,1,1612,1678,CENTER
1188899.926,TO_CENTER,11.40,27.89,1.42,1,1612,1678,CENTER
1188899.947,TO_CENTER,11.37,27.85,1.44,1,1611,1678,CENTER
1188899.968,TO_CENTER,11.37,27.85,1.44,1,1611,1678,CENTER
1188899.988,TO_CENTER,11.37,27.85,1.44,1,1611,1678,CENTER
1188900.008,TO_CENTER,11.37,27.85,1.44,1,1611,1678,CENTER
1188900.029,TO_CENTER,11.37,27.85,1.44,1,1611,1678,CENTER
1188900.051,TO_CENTER,11.35,27.80,1.47,1,1611,1678,CENTER
1188900.074,TO_CENTER,11.35,27.80,1.47,1,1611,1678,CENTER
1188900.095,TO_CENTER,11.35,27.80,1.47,1,1611,1678,CENTER
1188900.116,TO_CENTER,11.35,27.80,1.47,1,1611,1678,CENTER
1188900.136,TO_CENTER,11.35,27.80,1.47,1,1611,1678,CENTER
1188900.157,TO_CENTER,11.33,27.76,1.47,1,1611,1679,CENTER
1188900.178,TO_CENTER,11.33,27.76,1.47,1,1611,1679,CENTER
1188900.198,TO_CENTER,11.33,27.76,1.47,1,1611,1679,CENTER
1188900.221,TO_CENTER,11.33,27.76,1.47,1,1611,1679,CENTER
1188900.244,TO_CENTER,11.33,27.76,1.47,1,1611,1679,CENTER
1188900.265,TO_CENTER,11.33,27.76,1.47,1,1611,1679,CENTER
1188900.286,TO_CENTER,11.33,27.76,1.47,1,1611,1679,CENTER
1188900.332,TO_CENTER,11.33,27.76,1.47,1,1611,1679,CENTER
1188900.353,TO_CENTER,11.33,27.76,1.47,1,1611,1679,CENTER
1188900.373,TO_CENTER,11.31,27.74,1.49,1,1611,1679,CENTER
1188900.400,TO_CENTER,11.31,27.74,1.49,1,1611,1679,CENTER
1188900.420,TO_CENTER,11.31,27.74,1.49,1,1611,1679,CENTER
1188900.440,TO_CENTER,11.31,27.74,1.49,1,1611,1679,CENTER
1188900.461,TO_CENTER,11.31,27.74,1.49,1,1611,1679,CENTER
1188900.482,TO_CENTER,11.30,27.70,1.49,1,1611,1679,CENTER
1188900.502,TO_CENTER,11.30,27.70,1.49,1,1611,1679,CENTER
1188900.522,TO_CENTER,11.30,27.70,1.49,1,1611,1679,CENTER
1188900.544,TO_CENTER,11.30,27.70,1.49,1,1611,1679,CENTER
1188900.570,TO_CENTER,11.30,27.70,1.49,1,1611,1679,CENTER
1188900.602,TO_CENTER,11.28,27.67,1.52,1,1611,1679,CENTER
1188900.632,TO_CENTER,11.28,27.67,1.52,1,1611,1679,CENTER
1188900.659,TO_CENTER,11.28,27.67,1.52,1,1611,1679,CENTER
1188900.681,TO_CENTER,11.28,27.67,1.52,1,1611,1679,CENTER
1188900.721,TO_CENTER,11.27,27.65,1.52,1,1611,1679,CENTER
1188900.755,TO_CENTER,11.27,27.65,1.52,1,1611,1679,CENTER
1188900.780,TO_CENTER,11.27,27.65,1.52,1,1611,1679,CENTER
1188900.802,TO_CENTER,11.27,27.65,1.52,1,1611,1679,CENTER
1188900.824,TO_CENTER,11.27,27.65,1.52,1,1611,1679,CENTER
1188900.845,TO_CENTER,11.27,27.65,1.52,1,1611,1679,CENTER
1188900.865,TO_CENTER,11.27,27.65,1.52,1,1611,1679,CENTER
1188900.890,TO_CENTER,11.27,27.65,1.52,1,1611,1679,CENTER
1188900.912,TO_CENTER,11.27,27.65,1.52,1,1611,1679,CENTER
1188900.932,TO_CENTER,11.26,27.61,1.52,1,1610,1679,CENTER
1188900.954,TO_CENTER,11.26,27.61,1.52,1,1610,1679,CENTER
1188900.974,TO_CENTER,11.26,27.61,1.52,1,1610,1679,CENTER
1188900.995,TO_CENTER,11.26,27.61,1.52,1,1610,1679,CENTER
1188901.016,TO_CENTER,11.26,27.61,1.52,1,1610,1679,CENTER
1188901.037,TO_CENTER,11.25,27.58,1.55,1,1610,1679,CENTER
1188901.060,TO_CENTER,11.25,27.58,1.55,1,1610,1679,CENTER
1188901.081,TO_CENTER,11.25,27.58,1.55,1,1610,1679,CENTER
1188901.101,TO_CENTER,11.25,27.58,1.55,1,1610,1679,CENTER
1188901.126,TO_CENTER,11.25,27.58,1.55,1,1610,1679,CENTER
1188901.147,TO_CENTER,11.23,27.55,1.55,1,1610,1679,CENTER
1188901.172,TO_CENTER,11.23,27.55,1.55,1,1610,1679,CENTER
1188901.193,TO_CENTER,11.23,27.55,1.55,1,1610,1679,CENTER
1188901.216,TO_CENTER,11.23,27.55,1.55,1,1610,1679,CENTER
1188901.239,TO_CENTER,11.23,27.55,1.55,1,1610,1679,CENTER
1188901.268,TO_CENTER,11.22,27.51,1.57,1,1610,1679,CENTER
1188901.285,TO_CENTER,11.22,27.51,1.57,1,1610,1679,CENTER
1188901.310,TO_CENTER,11.22,27.51,1.57,1,1610,1679,CENTER
1188901.333,TO_CENTER,11.22,27.51,1.57,1,1610,1679,CENTER
1188901.351,TO_CENTER,11.22,27.51,1.57,1,1610,1679,CENTER
1188901.371,TO_CENTER,11.21,27.48,0.58,1,1610,1679,CENTER
1188901.392,TO_CENTER,11.21,27.48,0.58,1,1610,1679,CENTER
1188901.412,TO_CENTER,11.21,27.48,0.58,1,1610,1679,CENTER
1188901.433,TO_CENTER,11.21,27.48,0.58,1,1610,1679,CENTER
1188901.453,TO_CENTER,11.21,27.48,0.58,1,1610,1679,CENTER
1188901.474,TO_CENTER,11.20,27.45,0.60,1,1610,1679,CENTER
1188901.499,TO_CENTER,11.20,27.45,0.60,1,1610,1679,CENTER
1188901.519,TO_CENTER,11.20,27.45,0.60,1,1610,1679,CENTER
1188901.540,TO_CENTER,11.20,27.45,0.60,1,1610,1679,CENTER
1188901.561,TO_CENTER,11.20,27.45,0.60,1,1610,1679,CENTER
1188901.582,TO_CENTER,11.19,27.41,0.60,1,1610,1679,CENTER
1188901.604,TO_CENTER,11.19,27.41,0.60,1,1610,1679,CENTER
1188901.626,TO_CENTER,11.19,27.41,0.60,1,1610,1679,CENTER
1188901.646,TO_CENTER,11.19,27.41,0.60,1,1610,1679,CENTER
1188901.667,TO_CENTER,11.19,27.41,0.60,1,1610,1679,CENTER
1188901.688,TO_CENTER,11.19,27.38,0.61,1,1610,1679,CENTER
1188901.708,TO_CENTER,11.19,27.38,0.61,1,1610,1679,CENTER
1188901.730,TO_CENTER,11.19,27.38,0.61,1,1610,1679,CENTER
1188901.750,TO_CENTER,11.19,27.38,0.61,1,1610,1679,CENTER
1188901.771,TO_CENTER,11.19,27.38,0.61,1,1610,1679,CENTER
1188901.796,TO_CENTER,11.18,27.35,0.63,1,1609,1679,CENTER
1188901.816,TO_CENTER,11.18,27.35,0.63,1,1609,1679,CENTER
1188901.839,TO_CENTER,11.18,27.35,0.63,1,1609,1679,CENTER
1188901.860,TO_CENTER,11.18,27.35,0.63,1,1609,1679,CENTER
1188901.880,TO_CENTER,11.18,27.35,0.63,1,1609,1679,CENTER
1188901.903,TO_CENTER,11.17,27.31,0.63,1,1609,1679,CENTER
1188901.925,TO_CENTER,11.17,27.31,0.63,1,1609,1679,CENTER
1188901.944,TO_CENTER,11.17,27.31,0.63,1,1609,1679,CENTER
1188901.964,TO_CENTER,11.17,27.31,0.63,1,1609,1679,CENTER
1188901.985,TO_CENTER,11.17,27.31,0.63,1,1609,1679,CENTER
1188902.006,TO_CENTER,11.16,27.27,0.66,1,1609,1679,CENTER
1188902.026,TO_CENTER,11.16,27.27,0.66,1,1609,1679,CENTER
1188902.047,TO_CENTER,11.16,27.27,0.66,1,1609,1679,CENTER
1188902.067,TO_CENTER,11.16,27.27,0.66,1,1609,1679,CENTER
1188902.089,TO_CENTER,11.16,27.27,0.66,1,1609,1679,CENTER
1188902.109,TO_CENTER,11.16,27.27,0.66,1,1609,1679,CENTER
1188902.133,TO_CENTER,11.16,27.27,0.66,1,1609,1679,CENTER
1188902.150,TO_CENTER,11.16,27.27,0.66,1,1609,1679,CENTER
1188902.171,TO_CENTER,11.16,27.27,0.66,1,1609,1679,CENTER
1188902.191,TO_CENTER,11.16,27.27,0.66,1,1609,1679,CENTER
1188902.215,TO_CENTER,11.16,27.24,0.66,1,1609,1679,CENTER
1188902.236,TO_CENTER,11.16,27.24,0.66,1,1609,1679,CENTER
1188902.256,TO_CENTER,11.16,27.24,0.66,1,1609,1679,CENTER
1188902.278,TO_CENTER,11.16,27.24,0.66,1,1609,1679,CENTER
1188902.299,TO_CENTER,11.16,27.24,0.66,1,1609,1679,CENTER
1188902.321,TO_CENTER,11.15,27.19,0.69,1,1609,1679,CENTER
1188902.342,TO_CENTER,11.15,27.19,0.69,1,1609,1679,CENTER
1188902.363,TO_CENTER,11.15,27.19,0.69,1,1609,1679,CENTER
1188902.383,TO_CENTER,11.15,27.19,0.69,1,1609,1679,CENTER
1188902.404,TO_CENTER,11.15,27.19,0.69,1,1609,1679,CENTER
1188902.424,TO_CENTER,11.14,27.15,0.69,1,1609,1679,CENTER
1188902.445,TO_CENTER,11.14,27.15,0.69,1,1609,1679,CENTER
1188902.466,TO_CENTER,11.14,27.15,0.69,1,1609,1679,CENTER
1188902.486,TO_CENTER,11.14,27.15,0.69,1,1609,1679,CENTER
1188902.507,TO_CENTER,11.14,27.15,0.69,1,1609,1679,CENTER
1188902.527,TO_CENTER,11.14,27.11,0.69,1,1608,1679,CENTER
1188902.548,TO_CENTER,11.14,27.11,0.69,1,1608,1679,CENTER
1188902.568,TO_CENTER,11.14,27.11,0.69,1,1608,1679,CENTER
1188902.591,TO_CENTER,11.14,27.11,0.69,1,1608,1679,CENTER
1188902.611,TO_CENTER,11.14,27.11,0.69,1,1608,1679,CENTER
1188902.632,TO_CENTER,11.14,27.11,0.69,1,1608,1679,CENTER
1188902.652,TO_CENTER,11.14,27.11,0.69,1,1608,1679,CENTER
1188902.673,TO_CENTER,11.14,27.11,0.69,1,1608,1679,CENTER
1188902.693,TO_CENTER,11.14,27.11,0.69,1,1608,1679,CENTER
1188902.714,TO_CENTER,11.14,27.11,0.69,1,1608,1679,CENTER
1188902.735,TO_CENTER,11.14,27.07,0.72,1,1608,1679,CENTER
1188902.756,TO_CENTER,11.14,27.07,0.72,1,1608,1679,CENTER
1188902.776,TO_CENTER,11.14,27.07,0.72,1,1608,1679,CENTER
1188902.797,TO_CENTER,11.14,27.07,0.72,1,1608,1679,CENTER
1188902.817,TO_CENTER,11.14,27.07,0.72,1,1608,1679,CENTER
1188902.838,TO_CENTER,11.13,27.04,0.72,1,1608,1679,CENTER
1188902.859,TO_CENTER,11.13,27.04,0.72,1,1608,1679,CENTER
1188902.881,TO_CENTER,11.13,27.04,0.72,1,1608,1679,CENTER
1188902.903,TO_CENTER,11.13,27.04,0.72,1,1608,1679,CENTER
1188902.928,TO_CENTER,11.13,27.04,0.72,1,1608,1679,CENTER
1188902.948,TO_CENTER,11.13,27.00,0.75,1,1608,1678,CENTER
1188902.968,TO_CENTER,11.13,27.00,0.75,1,1608,1678,CENTER
1188902.988,TO_CENTER,11.13,27.00,0.75,1,1608,1678,CENTER
1188903.009,TO_CENTER,11.13,27.00,0.75,1,1608,1678,CENTER
1188903.029,TO_CENTER,11.13,27.00,0.75,1,1608,1678,CENTER
1188903.050,TO_CENTER,11.13,26.97,0.75,1,1608,1678,CENTER
1188903.071,TO_CENTER,11.13,26.97,0.75,1,1608,1678,CENTER
1188903.092,TO_CENTER,11.13,26.97,0.75,1,1608,1678,CENTER
1188903.112,TO_CENTER,11.13,26.97,0.75,1,1608,1678,CENTER
1188903.133,TO_CENTER,11.13,26.97,0.75,1,1608,1678,CENTER
1188903.154,TO_CENTER,11.13,26.92,0.75,1,1608,1678,CENTER
1188903.178,TO_CENTER,11.13,26.92,0.75,1,1608,1678,CENTER
1188903.198,TO_CENTER,11.13,26.92,0.75,1,1608,1678,CENTER
1188903.220,TO_CENTER,11.13,26.92,0.75,1,1608,1678,CENTER
1188903.241,TO_CENTER,11.13,26.92,0.75,1,1608,1678,CENTER
1188903.262,TO_CENTER,11.13,26.88,0.78,1,1608,1678,CENTER
1188903.283,TO_CENTER,11.13,26.88,0.78,1,1608,1678,CENTER
1188903.306,TO_CENTER,11.13,26.88,0.78,1,1608,1678,CENTER
1188903.326,TO_CENTER,11.13,26.88,0.78,1,1608,1678,CENTER
1188903.347,TO_CENTER,11.13,26.88,0.78,1,1608,1678,CENTER
1188903.367,TO_CENTER,11.13,26.82,0.78,1,1607,1678,CENTER
1188903.388,TO_CENTER,11.13,26.82,0.78,1,1607,1678,CENTER
1188903.409,TO_CENTER,11.13,26.82,0.78,1,1607,1678,CENTER
1188903.429,TO_CENTER,11.13,26.82,0.78,1,1607,1678,CENTER
1188903.449,TO_CENTER,11.13,26.82,0.78,1,1607,1678,CENTER
1188903.473,TO_CENTER,11.13,26.82,0.78,1,1607,1678,CENTER
1188903.493,TO_CENTER,11.13,26.82,0.78,1,1607,1678,CENTER
1188903.515,TO_CENTER,11.13,26.82,0.78,1,1607,1678,CENTER
1188903.535,TO_CENTER,11.13,26.82,0.78,1,1607,1678,CENTER
1188903.555,TO_CENTER,11.13,26.82,0.78,1,1607,1678,CENTER
1188903.576,TO_CENTER,11.13,26.77,0.81,1,1607,1678,CENTER
1188903.598,TO_CENTER,11.13,26.77,0.81,1,1607,1678,CENTER
1188903.618,TO_CENTER,11.13,26.77,0.81,1,1607,1678,CENTER
1188903.639,TO_CENTER,11.13,26.77,0.81,1,1607,1678,CENTER
1188903.662,TO_CENTER,11.13,26.77,0.81,1,1607,1678,CENTER
1188903.680,TO_CENTER,11.13,26.68,0.84,1,1607,1678,CENTER
1188903.700,TO_CENTER,11.13,26.68,0.84,1,1607,1678,CENTER
1188903.720,TO_CENTER,11.13,26.68,0.84,1,1607,1678,CENTER
1188903.742,TO_CENTER,11.13,26.68,0.84,1,1607,1678,CENTER
1188903.763,TO_CENTER,11.13,26.68,0.84,1,1607,1678,CENTER
1188903.783,TO_CENTER,11.13,26.68,0.84,1,1607,1678,CENTER
1188903.804,TO_CENTER,11.13,26.68,0.84,1,1607,1678,CENTER
1188903.825,TO_CENTER,11.13,26.68,0.84,1,1607,1678,CENTER
1188903.846,TO_CENTER,11.13,26.68,0.84,1,1607,1678,CENTER
1188903.866,TO_CENTER,11.13,26.68,0.84,1,1607,1678,CENTER
1188903.887,TO_CENTER,11.14,26.64,0.84,1,1607,1678,CENTER
1188903.907,TO_CENTER,11.14,26.64,0.84,1,1607,1678,CENTER
1188903.930,TO_CENTER,11.14,26.64,0.84,1,1607,1678,CENTER
1188903.953,TO_CENTER,11.14,26.64,0.84,1,1607,1678,CENTER
1188903.973,TO_CENTER,11.14,26.64,0.84,1,1607,1678,CENTER
1188903.994,TO_CENTER,11.14,26.60,0.84,1,1606,1678,CENTER
1188904.026,TO_CENTER,11.14,26.60,0.84,1,1606,1678,CENTER
1188904.049,TO_CENTER,11.14,26.60,0.84,1,1606,1678,CENTER
1188904.088,TO_CENTER,11.14,26.60,0.84,1,1606,1678,CENTER
1188904.111,TO_CENTER,11.14,26.60,0.84,1,1606,1678,CENTER
1188904.134,TO_CENTER,11.14,26.60,0.84,1,1606,1678,CENTER
1188904.156,TO_CENTER,11.14,26.60,0.84,1,1606,1678,CENTER
1188904.185,TO_CENTER,11.14,26.60,0.84,1,1606,1678,CENTER
1188904.206,TO_CENTER,11.14,26.60,0.84,1,1606,1678,CENTER
1188904.226,TO_CENTER,11.14,26.60,0.84,1,1606,1678,CENTER
1188904.246,TO_CENTER,11.15,26.52,0.87,1,1606,1678,CENTER
1188904.273,TO_CENTER,11.15,26.52,0.87,1,1606,1678,CENTER
1188904.305,TO_CENTER,11.15,26.52,0.87,1,1606,1678,CENTER
1188904.350,TO_CENTER,11.15,26.52,0.87,1,1606,1678,CENTER
1188904.381,TO_CENTER,11.15,26.52,0.87,1,1606,1678,CENTER
1188904.427,TO_CENTER,11.15,26.50,0.88,1,1606,1678,CENTER
1188904.447,TO_CENTER,11.15,26.50,0.88,1,1606,1678,CENTER
1188904.468,TO_CENTER,11.15,26.50,0.88,1,1606,1678,CENTER
1188904.488,TO_CENTER,11.15,26.50,0.88,1,1606,1678,CENTER
1188904.508,TO_CENTER,11.16,26.46,0.90,1,1606,1678,CENTER
1188904.529,TO_CENTER,11.16,26.46,0.90,1,1606,1678,CENTER
1188904.549,TO_CENTER,11.16,26.46,0.90,1,1606,1678,CENTER
1188904.570,TO_CENTER,11.16,26.46,0.90,1,1606,1678,CENTER
1188904.590,TO_CENTER,11.16,26.46,0.90,1,1606,1678,CENTER
1188904.611,TO_CENTER,11.16,26.46,0.90,1,1606,1678,CENTER
1188904.632,TO_CENTER,11.16,26.46,0.90,1,1606,1678,CENTER
1188904.652,TO_CENTER,11.16,26.46,0.90,1,1606,1678,CENTER
1188904.673,TO_CENTER,11.16,26.46,0.90,1,1606,1678,CENTER
1188904.693,TO_CENTER,11.16,26.46,0.90,1,1606,1678,CENTER
1188904.714,TO_CENTER,11.15,26.42,0.91,1,1606,1678,CENTER
1188904.734,TO_CENTER,11.15,26.42,0.91,1,1606,1678,CENTER
1188904.755,TO_CENTER,11.15,26.42,0.91,1,1606,1678,CENTER
1188904.779,TO_CENTER,11.15,26.42,0.91,1,1606,1678,CENTER
1188904.799,TO_CENTER,11.15,26.42,0.91,1,1606,1678,CENTER
1188904.819,TO_CENTER,11.14,26.37,0.91,1,1605,1678,CENTER
1188904.841,TO_CENTER,11.14,26.37,0.91,1,1605,1678,CENTER
1188904.861,TO_CENTER,11.14,26.37,0.91,1,1605,1678,CENTER
1188904.882,TO_CENTER,11.14,26.37,0.91,1,1605,1678,CENTER
1188904.902,TO_CENTER,11.14,26.37,0.91,1,1605,1678,CENTER
1188907.032,TO_CENTER,8.97,25.56,1.14,1,1602,1684,CENTER
1188907.053,TO_CENTER,8.97,25.56,1.14,1,1602,1684,CENTER
1188907.074,TO_CENTER,8.97,25.56,1.14,1,1602,1684,CENTER
1188907.095,TO_CENTER,8.97,25.56,1.14,1,1602,1684,CENTER
1188907.115,TO_CENTER,8.77,25.51,1.17,1,1602,1684,CENTER
1188907.136,TO_CENTER,8.77,25.51,1.17,1,1602,1684,CENTER
1188907.157,TO_CENTER,8.77,25.51,1.17,1,1602,1684,CENTER
1188907.178,TO_CENTER,8.77,25.51,1.17,1,1602,1684,CENTER
1188907.198,TO_CENTER,8.77,25.51,1.17,1,1602,1684,CENTER
1188907.221,TO_CENTER,8.77,25.46,1.18,1,1602,1684,CENTER
1188907.241,TO_CENTER,8.57,25.46,1.18,1,1602,1685,CENTER
1188907.262,TO_CENTER,8.57,25.46,1.18,1,1602,1685,CENTER
1188907.283,TO_CENTER,8.57,25.46,1.18,1,1602,1685,CENTER
1188907.304,TO_CENTER,8.57,25.46,1.18,1,1602,1685,CENTER
1188907.324,TO_CENTER,8.36,25.41,1.21,1,1602,1685,CENTER
1188907.344,TO_CENTER,8.36,25.41,1.21,1,1602,1685,CENTER
1188907.365,TO_CENTER,8.36,25.41,1.21,1,1602,1685,CENTER
1188907.385,TO_CENTER,8.36,25.41,1.21,1,1602,1685,CENTER
1188907.407,TO_CENTER,8.36,25.41,1.21,1,1602,1685,CENTER
1188907.427,TO_CENTER,8.36,25.41,1.21,1,1602,1685,CENTER
1188907.447,TO_CENTER,8.36,25.41,1.21,1,1602,1685,CENTER
1188907.468,TO_CENTER,8.36,25.41,1.21,1,1602,1685,CENTER
1188907.489,TO_CENTER,8.36,25.41,1.21,1,1602,1685,CENTER
1188907.509,TO_CENTER,8.36,25.41,1.21,1,1602,1685,CENTER
1188907.530,TO_CENTER,8.16,25.36,1.21,1,1601,1686,CENTER
1188907.551,TO_CENTER,8.16,25.36,1.21,1,1601,1686,CENTER
1188907.572,TO_CENTER,8.16,25.36,1.21,1,1601,1686,CENTER
1188907.595,TO_CENTER,8.16,25.36,1.21,1,1601,1686,CENTER
1188907.614,TO_CENTER,8.16,25.36,1.21,1,1601,1686,CENTER
1188907.634,TO_CENTER,7.96,25.31,1.24,1,1601,1687,CENTER
1188907.654,TO_CENTER,7.96,25.31,1.24,1,1601,1687,CENTER
1188907.675,TO_CENTER,7.96,25.31,1.24,1,1601,1687,CENTER
1188907.695,TO_CENTER,7.96,25.31,1.24,1,1601,1687,CENTER
1188907.716,TO_CENTER,7.96,25.31,1.24,1,1601,1687,CENTER
1188907.736,TO_CENTER,7.77,25.26,1.25,1,1601,1687,CENTER
1188907.757,TO_CENTER,7.77,25.26,1.25,1,1601,1687,CENTER
1188907.778,TO_CENTER,7.77,25.26,1.25,1,1601,1687,CENTER
1188907.799,TO_CENTER,7.77,25.26,1.25,1,1601,1687,CENTER
1188907.820,TO_CENTER,7.77,25.26,1.25,1,1601,1687,CENTER
1188907.840,TO_CENTER,7.77,25.26,1.25,1,1601,1687,CENTER
1188907.861,TO_CENTER,7.77,25.26,1.25,1,1601,1687,CENTER
1188907.882,TO_CENTER,7.77,25.26,1.25,1,1601,1687,CENTER
1188907.902,TO_CENTER,7.77,25.26,1.25,1,1601,1687,CENTER
1188907.922,TO_CENTER,7.77,25.26,1.25,1,1601,1687,CENTER
1188907.943,TO_CENTER,7.57,25.21,1.27,1,1601,1688,CENTER
1188907.964,TO_CENTER,7.57,25.21,1.27,1,1601,1688,CENTER
1188907.984,TO_CENTER,7.57,25.21,1.27,1,1601,1688,CENTER
1188908.005,TO_CENTER,7.57,25.21,1.27,1,1601,1688,CENTER
1188908.025,TO_CENTER,7.57,25.21,1.27,1,1601,1688,CENTER
1188908.046,TO_CENTER,7.37,25.15,1.28,1,1601,1688,CENTER
1188908.066,TO_CENTER,7.37,25.15,1.28,1,1601,1688,CENTER
1188908.088,TO_CENTER,7.37,25.15,1.28,1,1601,1688,CENTER
1188908.114,TO_CENTER,7.37,25.15,1.28,1,1601,1688,CENTER
1188908.134,TO_CENTER,7.37,25.15,1.28,1,1601,1688,CENTER
1188908.155,TO_CENTER,7.18,25.10,1.28,1,1600,1689,CENTER
1188908.175,TO_CENTER,7.18,25.10,1.28,1,1600,1689,CENTER
1188908.196,TO_CENTER,7.18,25.10,1.28,1,1600,1689,CENTER
1188908.218,TO_CENTER,7.18,25.10,1.28,1,1600,1689,CENTER
1188908.238,TO_CENTER,7.18,25.10,1.28,1,1600,1689,CENTER
1188908.260,TO_CENTER,7.06,25.07,1.31,1,1600,1689,CENTER
1188908.279,TO_CENTER,7.06,25.07,1.31,1,1600,1689,CENTER
1188908.300,TO_CENTER,7.06,25.07,1.31,1,1600,1689,CENTER
1188908.320,TO_CENTER,7.06,25.07,1.31,1,1600,1689,CENTER
1188908.342,TO_CENTER,7.06,25.07,1.31,1,1600,1689,CENTER
1188908.362,TO_CENTER,7.06,25.07,1.31,1,1600,1689,CENTER
1188908.382,TO_CENTER,7.06,25.07,1.31,1,1600,1689,CENTER
1188908.403,TO_CENTER,7.06,25.07,1.31,1,1600,1689,CENTER
1188908.424,TO_CENTER,7.06,25.07,1.31,1,1600,1689,CENTER
1188908.444,TO_CENTER,7.06,25.07,1.31,1,1600,1689,CENTER
1188908.465,TO_CENTER,6.87,25.02,1.32,1,1600,1690,CENTER
1188908.485,TO_CENTER,6.87,25.02,1.32,1,1600,1690,CENTER
1188908.505,TO_CENTER,6.87,25.02,1.32,1,1600,1690,CENTER
1188908.525,TO_CENTER,6.87,25.02,1.32,1,1600,1690,CENTER
1188908.546,TO_CENTER,6.87,25.02,1.32,1,1600,1690,CENTER
1188908.566,TO_CENTER,6.68,24.96,1.35,1,1600,1689,CENTER
1188908.586,TO_CENTER,6.68,24.96,1.35,1,1600,1689,CENTER
1188908.610,TO_CENTER,6.68,24.96,1.35,1,1600,1689,CENTER
1188908.632,TO_CENTER,6.68,24.96,1.35,1,1600,1689,CENTER
1188908.652,TO_CENTER,6.68,24.96,1.35,1,1600,1689,CENTER
1188908.672,TO_CENTER,6.68,24.96,1.35,1,1600,1689,CENTER
1188908.693,TO_CENTER,6.68,24.96,1.35,1,1600,1689,CENTER
1188908.713,TO_CENTER,6.68,24.96,1.35,1,1600,1689,CENTER
1188908.733,TO_CENTER,6.68,24.96,1.35,1,1600,1689,CENTER
1188908.753,TO_CENTER,6.68,24.96,1.35,1,1600,1689,CENTER
1188908.774,TO_CENTER,6.50,24.91,1.35,1,1600,1690,CENTER
1188908.796,TO_CENTER,6.50,24.91,1.35,1,1600,1690,CENTER
1188908.816,TO_CENTER,6.50,24.91,1.35,1,1600,1690,CENTER
1188908.836,TO_CENTER,6.50,24.91,1.35,1,1600,1690,CENTER
1188908.857,TO_CENTER,6.50,24.91,1.35,1,1600,1690,CENTER
1188908.877,TO_CENTER,6.31,24.86,1.36,1,1599,1691,CENTER
1188908.898,TO_CENTER,6.31,24.86,1.36,1,1599,1691,CENTER
1188908.918,TO_CENTER,6.31,24.86,1.36,1,1599,1691,CENTER
1188908.939,TO_CENTER,6.31,24.86,1.36,1,1599,1691,CENTER
1188908.959,TO_CENTER,6.31,24.86,1.36,1,1599,1691,CENTER
1188908.980,TO_CENTER,6.13,24.81,1.39,1,1599,1691,CENTER
1188909.002,TO_CENTER,6.13,24.81,1.39,1,1599,1691,CENTER
1188909.022,TO_CENTER,6.13,24.81,1.39,1,1599,1691,CENTER
1188909.043,TO_CENTER,6.13,24.81,1.39,1,1599,1691,CENTER
1188909.064,TO_CENTER,6.13,24.81,1.39,1,1599,1691,CENTER
1188909.084,TO_CENTER,6.13,24.81,1.39,1,1599,1691,CENTER
1188909.105,TO_CENTER,6.13,24.81,1.39,1,1599,1691,CENTER
1188909.126,TO_CENTER,6.13,24.81,1.39,1,1599,1691,CENTER
1188909.147,TO_CENTER,6.13,24.81,1.39,1,1599,1691,CENTER
1188909.167,TO_CENTER,6.13,24.81,1.39,1,1599,1691,CENTER
1188909.187,TO_CENTER,5.95,24.76,0.39,1,1599,1692,CENTER
1188909.209,TO_CENTER,5.95,24.76,0.39,1,1599,1692,CENTER
1188909.229,TO_CENTER,5.95,24.76,0.39,1,1599,1692,CENTER
1188909.250,TO_CENTER,5.95,24.76,0.39,1,1599,1692,CENTER
1188909.270,TO_CENTER,5.95,24.76,0.39,1,1599,1692,CENTER
1188909.292,TO_CENTER,5.78,24.70,0.43,1,1599,1692,CENTER
1188909.312,TO_CENTER,5.78,24.70,0.43,1,1599,1692,CENTER
1188909.333,TO_CENTER,5.78,24.70,0.43,1,1599,1692,CENTER
1188909.355,TO_CENTER,5.78,24.70,0.43,1,1599,1692,CENTER
1188909.376,TO_CENTER,5.78,24.70,0.43,1,1599,1692,CENTER
1188909.396,TO_CENTER,5.78,24.70,0.43,1,1599,1692,CENTER
1188909.416,TO_CENTER,5.78,24.70,0.43,1,1599,1692,CENTER
1188909.437,TO_CENTER,5.78,24.70,0.43,1,1599,1692,CENTER
1188909.458,TO_CENTER,5.78,24.70,0.43,1,1599,1692,CENTER
1188909.478,TO_CENTER,5.78,24.70,0.43,1,1599,1692,CENTER
1188909.499,TO_CENTER,5.60,24.64,0.43,1,1599,1693,CENTER
1188909.520,TO_CENTER,5.60,24.64,0.43,1,1599,1693,CENTER
1188909.540,TO_CENTER,5.60,24.64,0.43,1,1599,1693,CENTER
1188909.561,TO_CENTER,5.60,24.64,0.43,1,1599,1693,CENTER
1188909.581,TO_CENTER,5.60,24.64,0.43,1,1599,1693,CENTER
1188909.603,TO_CENTER,5.26,24.53,0.47,1,1598,1694,CENTER
1188909.624,TO_CENTER,5.26,24.53,0.47,1,1598,1694,CENTER
1188909.644,TO_CENTER,5.26,24.53,0.47,1,1598,1694,CENTER
1188909.664,TO_CENTER,5.26,24.53,0.47,1,1598,1694,CENTER
1188909.684,TO_CENTER,5.26,24.53,0.47,1,1598,1694,CENTER
1188909.706,TO_CENTER,5.26,24.53,0.47,1,1598,1694,CENTER
1188909.726,TO_CENTER,5.26,24.53,0.47,1,1598,1694,CENTER
1188909.746,TO_CENTER,5.26,24.53,0.47,1,1598,1694,CENTER
1188909.767,TO_CENTER,5.26,24.53,0.47,1,1598,1694,CENTER
1188909.788,TO_CENTER,5.26,24.53,0.47,1,1598,1694,CENTER
1188909.808,TO_CENTER,5.15,24.49,0.47,1,1598,1694,CENTER
1188909.831,TO_CENTER,5.15,24.49,0.47,1,1598,1694,CENTER
1188909.852,TO_CENTER,5.15,24.49,0.47,1,1598,1694,CENTER
1188909.872,TO_CENTER,5.15,24.49,0.47,1,1598,1694,CENTER
1188909.893,TO_CENTER,5.15,24.49,0.47,1,1598,1694,CENTER
1188909.913,TO_CENTER,5.15,24.49,0.47,1,1598,1694,CENTER
1188909.934,TO_CENTER,5.15,24.49,0.47,1,1598,1694,CENTER
1188909.954,TO_CENTER,5.15,24.49,0.47,1,1598,1694,CENTER
1188909.975,TO_CENTER,5.15,24.49,0.47,1,1598,1694,CENTER
1188909.996,TO_CENTER,5.15,24.49,0.47,1,1598,1694,CENTER
1188910.016,TO_CENTER,4.98,24.43,0.50,1,1598,1695,CENTER
1188910.037,TO_CENTER,4.98,24.43,0.50,1,1598,1695,CENTER
1188910.057,TO_CENTER,4.98,24.43,0.50,1,1598,1695,CENTER
1188910.080,TO_CENTER,4.98,24.43,0.50,1,1598,1695,CENTER
1188910.103,TO_CENTER,4.98,24.43,0.50,1,1598,1695,CENTER
1188910.123,TO_CENTER,4.82,24.37,0.51,1,1597,1695,CENTER
1188910.149,TO_CENTER,4.82,24.37,0.51,1,1597,1695,CENTER
1188910.169,TO_CENTER,4.82,24.37,0.51,1,1597,1695,CENTER
1188910.190,TO_CENTER,4.82,24.37,0.51,1,1597,1695,CENTER
1188910.210,TO_CENTER,4.82,24.37,0.51,1,1597,1695,CENTER
1188910.231,TO_CENTER,4.71,24.34,0.51,1,1597,1695,CENTER
1188910.252,TO_CENTER,4.71,24.34,0.51,1,1597,1695,CENTER
1188910.276,TO_CENTER,4.71,24.34,0.51,1,1597,1695,CENTER
1188910.296,TO_CENTER,4.71,24.34,0.51,1,1597,1695,CENTER
1188910.329,TO_CENTER,4.71,24.34,0.51,1,1597,1695,CENTER
1188910.351,TO_CENTER,4.71,24.34,0.51,1,1597,1695,CENTER
1188910.372,TO_CENTER,4.71,24.34,0.51,1,1597,1695,CENTER
1188910.397,TO_CENTER,4.71,24.34,0.51,1,1597,1695,CENTER
1188910.422,TO_CENTER,4.71,24.34,0.51,1,1597,1695,CENTER
1188910.443,TO_CENTER,4.71,24.34,0.51,1,1597,1695,CENTER
1188910.465,TO_CENTER,4.71,24.34,0.51,1,1597,1695,CENTER
1188910.487,TO_CENTER,4.71,24.34,0.51,1,1597,1695,CENTER
1188910.507,TO_CENTER,4.71,24.34,0.51,1,1597,1695,CENTER
1188910.530,TO_CENTER,4.71,24.34,0.51,1,1597,1695,CENTER
1188910.560,TO_CENTER,4.45,24.24,0.55,1,1597,1696,CENTER
1188910.590,TO_CENTER,4.45,24.24,0.55,1,1597,1696,CENTER
1188910.618,TO_CENTER,4.45,24.24,0.55,1,1597,1696,CENTER
1188910.645,TO_CENTER,4.45,24.24,0.55,1,1597,1696,CENTER
1188910.666,TO_CENTER,4.34,24.20,0.55,1,1597,1696,CENTER
1188910.687,TO_CENTER,4.34,24.20,0.55,1,1597,1696,CENTER
1188910.707,TO_CENTER,4.34,24.20,0.55,1,1597,1696,CENTER
1188910.727,TO_CENTER,4.34,24.20,0.55,1,1597,1696,CENTER
1188910.750,TO_CENTER,4.34,24.20,0.55,1,1597,1696,CENTER
1188910.772,TO_CENTER,4.34,24.20,0.55,1,1597,1696,CENTER
1188910.792,TO_CENTER,4.34,24.20,0.55,1,1597,1696,CENTER
1188910.814,TO_CENTER,4.34,24.20,0.55,1,1597,1696,CENTER
1188910.834,TO_CENTER,4.34,24.20,0.55,1,1597,1696,CENTER
1188910.855,TO_CENTER,4.34,24.20,0.55,1,1597,1696,CENTER
1188910.877,TO_CENTER,4.24,24.17,0.56,1,1597,1697,CENTER
1188910.899,TO_CENTER,4.24,24.17,0.56,1,1597,1697,CENTER
1188910.920,TO_CENTER,4.24,24.17,0.56,1,1597,1697,CENTER
1188910.940,TO_CENTER,4.24,24.17,0.56,1,1597,1697,CENTER
1188910.962,TO_CENTER,4.24,24.17,0.56,1,1597,1697,CENTER
1188910.985,TO_CENTER,4.14,24.12,0.56,1,1596,1697,CENTER
1188911.006,TO_CENTER,4.14,24.12,0.56,1,1596,1697,CENTER
1188911.026,TO_CENTER,4.14,24.12,0.56,1,1596,1697,CENTER
1188911.047,TO_CENTER,4.14,24.12,0.56,1,1596,1697,CENTER
1188911.068,TO_CENTER,4.14,24.12,0.56,1,1596,1697,CENTER
1188911.089,TO_CENTER,4.04,24.08,0.59,1,1596,1697,CENTER
1188911.109,TO_CENTER,4.04,24.08,0.59,1,1596,1697,CENTER
1188911.131,TO_CENTER,4.04,24.08,0.59,1,1596,1697,CENTER
1188911.151,TO_CENTER,4.04,24.08,0.59,1,1596,1697,CENTER
1188911.171,TO_CENTER,4.04,24.08,0.59,1,1596,1697,CENTER
1188911.192,TO_CENTER,3.94,24.04,0.60,1,1596,1698,CENTER
1188911.216,TO_CENTER,3.94,24.04,0.60,1,1596,1698,CENTER
1188911.236,TO_CENTER,3.94,24.04,0.60,1,1596,1698,CENTER
1188911.256,TO_CENTER,3.94,24.04,0.60,1,1596,1698,CENTER
1188911.277,TO_CENTER,3.94,24.04,0.60,1,1596,1698,CENTER
1188911.298,TO_CENTER,3.84,24.00,0.60,1,1596,1697,CENTER
1188911.318,TO_CENTER,3.84,24.00,0.60,1,1596,1697,CENTER
1188911.338,TO_CENTER,3.84,24.00,0.60,1,1596,1697,CENTER
1188911.359,TO_CENTER,3.84,24.00,0.60,1,1596,1697,CENTER
1188911.379,TO_CENTER,3.84,24.00,0.60,1,1596,1697,CENTER
1188911.400,TO_CENTER,3.74,23.96,0.61,1,1596,1697,CENTER
1188911.420,TO_CENTER,3.74,23.96,0.61,1,1596,1697,CENTER
1188911.443,TO_CENTER,3.74,23.96,0.61,1,1596,1697,CENTER
1188911.463,TO_CENTER,3.74,23.96,0.61,1,1596,1697,CENTER
1188911.483,TO_CENTER,3.74,23.96,0.61,1,1596,1697,CENTER
1188911.504,TO_CENTER,3.74,23.96,0.61,1,1596,1697,CENTER
1188911.525,TO_CENTER,3.74,23.96,0.61,1,1596,1697,CENTER
1188911.545,TO_CENTER,3.74,23.96,0.61,1,1596,1697,CENTER
1188911.566,TO_CENTER,3.74,23.96,0.61,1,1596,1697,CENTER
1188911.590,TO_CENTER,3.74,23.96,0.61,1,1596,1697,CENTER
1188911.610,TO_CENTER,3.59,23.90,0.64,1,1596,1698,CENTER
1188911.632,TO_CENTER,3.59,23.90,0.64,1,1596,1698,CENTER
1188911.651,TO_CENTER,3.59,23.90,0.64,1,1596,1698,CENTER
1188911.671,TO_CENTER,3.59,23.90,0.64,1,1596,1698,CENTER
1188911.692,TO_CENTER,3.59,23.90,0.64,1,1596,1698,CENTER
1188911.718,TO_CENTER,3.45,23.84,0.65,1,1595,1698,CENTER
1188911.738,TO_CENTER,3.45,23.84,0.65,1,1595,1698,CENTER
1188911.760,TO_CENTER,3.45,23.84,0.65,1,1595,1698,CENTER
1188911.781,TO_CENTER,3.45,23.84,0.65,1,1595,1698,CENTER
1188911.802,TO_CENTER,3.45,23.84,0.65,1,1595,1698,CENTER
1188911.822,TO_CENTER,3.36,23.80,0.65,1,1595,1698,CENTER
1188911.842,TO_CENTER,3.36,23.80,0.65,1,1595,1698,CENTER
1188911.863,TO_CENTER,3.36,23.80,0.65,1,1595,1698,CENTER
1188911.885,TO_CENTER,3.36,23.80,0.65,1,1595,1698,CENTER
1188911.908,TO_CENTER,3.36,23.80,0.65,1,1595,1698,CENTER
1188911.929,TO_CENTER,3.22,23.73,0.69,1,1595,1699,CENTER
1188911.949,TO_CENTER,3.22,23.73,0.69,1,1595,1699,CENTER
1188911.970,TO_CENTER,3.22,23.73,0.69,1,1595,1699,CENTER
1188911.991,TO_CENTER,3.22,23.73,0.69,1,1595,1699,CENTER
1188912.015,TO_CENTER,3.22,23.73,0.69,1,1595,1699,CENTER
1188912.036,TO_CENTER,3.22,23.73,0.69,1,1595,1699,CENTER
1188912.057,TO_CENTER,3.22,23.73,0.69,1,1595,1699,CENTER
1188912.077,TO_CENTER,3.22,23.73,0.69,1,1595,1699,CENTER
1188912.098,TO_CENTER,3.22,23.73,0.69,1,1595,1699,CENTER
1188912.118,TO_CENTER,3.22,23.73,0.69,1,1595,1699,CENTER
1188912.138,TO_CENTER,3.09,23.68,0.69,1,1595,1699,CENTER
1188912.159,TO_CENTER,3.09,23.68,0.69,1,1595,1699,CENTER
1188912.179,TO_CENTER,3.09,23.68,0.69,1,1595,1699,CENTER
1188912.200,TO_CENTER,3.09,23.68,0.69,1,1595,1699,CENTER
1188912.221,TO_CENTER,3.09,23.68,0.69,1,1595,1699,CENTER
1188912.241,TO_CENTER,2.96,23.61,0.70,1,1594,1700,CENTER
1188912.262,TO_CENTER,2.96,23.61,0.70,1,1594,1700,CENTER
1188912.282,TO_CENTER,2.96,23.61,0.70,1,1594,1700,CENTER
1188912.303,TO_CENTER,2.96,23.61,0.70,1,1594,1700,CENTER
1188912.323,TO_CENTER,2.96,23.61,0.70,1,1594,1700,CENTER
1188912.344,TO_CENTER,2.83,23.55,0.71,1,1594,1700,CENTER
1188912.367,TO_CENTER,2.83,23.55,0.71,1,1594,1700,CENTER
1188912.388,TO_CENTER,2.83,23.55,0.71,1,1594,1700,CENTER
1188912.408,TO_CENTER,2.83,23.55,0.71,1,1594,1700,CENTER
1188912.429,TO_CENTER,2.83,23.55,0.71,1,1594,1700,CENTER
1188912.449,TO_CENTER,2.83,23.55,0.71,1,1594,1700,CENTER
1188912.470,TO_CENTER,2.83,23.55,0.71,1,1594,1700,CENTER
1188912.490,TO_CENTER,2.83,23.55,0.71,1,1594,1700,CENTER
1188912.511,TO_CENTER,2.83,23.55,0.71,1,1594,1700,CENTER
1188912.531,TO_CENTER,2.83,23.55,0.71,1,1594,1700,CENTER
1188912.553,TO_CENTER,2.70,23.48,0.74,1,1594,1700,CENTER
1188912.575,TO_CENTER,2.70,23.48,0.74,1,1594,1700,CENTER
1188912.595,TO_CENTER,2.70,23.48,0.74,1,1594,1700,CENTER
1188912.616,TO_CENTER,2.70,23.48,0.74,1,1594,1700,CENTER
1188912.636,TO_CENTER,2.70,23.48,0.74,1,1594,1700,CENTER
1188912.656,TO_CENTER,2.58,23.42,0.75,1,1594,1701,CENTER
1188912.677,TO_CENTER,2.58,23.42,0.75,1,1594,1701,CENTER
1188912.697,TO_CENTER,2.58,23.42,0.75,1,1594,1701,CENTER
1188912.718,TO_CENTER,2.58,23.42,0.75,1,1594,1701,CENTER
1188912.740,TO_CENTER,2.58,23.42,0.75,1,1594,1701,CENTER
1188912.761,TO_CENTER,2.58,23.42,0.75,1,1594,1701,CENTER
1188912.781,TO_CENTER,2.58,23.42,0.75,1,1594,1701,CENTER
1188912.802,TO_CENTER,2.58,23.42,0.75,1,1594,1701,CENTER
1188912.822,TO_CENTER,2.58,23.42,0.75,1,1594,1701,CENTER
1188912.843,TO_CENTER,2.58,23.42,0.75,1,1594,1701,CENTER
1188912.864,TO_CENTER,2.50,23.38,0.75,1,1594,1701,CENTER
1188912.884,TO_CENTER,2.50,23.38,0.75,1,1594,1701,CENTER
1188912.905,TO_CENTER,2.50,23.38,0.75,1,1594,1701,CENTER
1188912.925,TO_CENTER,2.50,23.38,0.75,1,1594,1701,CENTER
1188912.946,TO_CENTER,2.50,23.38,0.75,1,1594,1701,CENTER
1188912.966,TO_CENTER,2.38,23.31,0.79,1,1593,1701,CENTER
1188912.987,TO_CENTER,2.38,23.31,0.79,1,1593,1701,CENTER
1188913.007,TO_CENTER,2.38,23.31,0.79,1,1593,1701,CENTER
1188913.028,TO_CENTER,2.38,23.31,0.79,1,1593,1701,CENTER
1188913.050,TO_CENTER,2.38,23.31,0.79,1,1593,1701,CENTER
1188913.070,TO_CENTER,2.26,23.25,0.80,1,1593,1702,CENTER
1188913.091,TO_CENTER,2.26,23.25,0.80,1,1593,1702,CENTER
1188913.111,TO_CENTER,2.26,23.25,0.80,1,1593,1702,CENTER
1188913.131,TO_CENTER,2.26,23.25,0.80,1,1593,1702,CENTER
1188913.152,TO_CENTER,2.26,23.25,0.80,1,1593,1702,CENTER
1188913.174,TO_CENTER,2.15,23.18,0.80,1,1593,1702,CENTER
1188913.195,TO_CENTER,2.15,23.18,0.80,1,1593,1702,CENTER
1188913.215,TO_CENTER,2.15,23.18,0.80,1,1593,1702,CENTER
1188913.237,TO_CENTER,2.15,23.18,0.80,1,1593,1702,CENTER
1188913.257,TO_CENTER,2.15,23.18,0.80,1,1593,1702,CENTER
1188913.278,TO_CENTER,2.08,23.14,0.81,1,1593,1702,CENTER
1188913.298,TO_CENTER,2.08,23.14,0.81,1,1593,1702,CENTER
1188913.319,TO_CENTER,2.08,23.14,0.81,1,1593,1702,CENTER
1188913.339,TO_CENTER,2.08,23.14,0.81,1,1593,1702,CENTER
1188913.361,TO_CENTER,2.08,23.14,0.81,1,1593,1702,CENTER
1188913.382,TO_CENTER,2.08,23.14,0.81,1,1593,1702,CENTER
1188913.402,TO_CENTER,2.08,23.14,0.81,1,1593,1702,CENTER
1188913.423,TO_CENTER,2.08,23.14,0.81,1,1593,1702,CENTER
1188913.443,TO_CENTER,2.08,23.14,0.81,1,1593,1702,CENTER
1188913.464,TO_CENTER,2.08,23.14,0.81,1,1593,1702,CENTER
1188913.484,TO_CENTER,2.00,23.09,0.82,1,1592,1703,CENTER
1188913.505,TO_CENTER,2.00,23.09,0.82,1,1592,1703,CENTER
1188913.525,TO_CENTER,2.00,23.09,0.82,1,1592,1703,CENTER
1188913.547,TO_CENTER,2.00,23.09,0.82,1,1592,1703,CENTER
1188913.568,TO_CENTER,2.00,23.09,0.82,1,1592,1703,CENTER
1188913.589,TO_CENTER,1.90,23.04,0.85,1,1592,1703,CENTER
1188913.609,TO_CENTER,1.90,23.04,0.85,1,1592,1703,CENTER
1188913.632,TO_CENTER,1.90,23.04,0.85,1,1592,1703,CENTER
1188913.653,TO_CENTER,1.90,23.04,0.85,1,1592,1703,CENTER
1188913.674,TO_CENTER,1.90,23.04,0.85,1,1592,1703,CENTER
1188913.694,TO_CENTER,1.79,22.97,0.86,1,1592,1702,CENTER
1188913.715,TO_CENTER,1.79,22.97,0.86,1,1592,1702,CENTER
1188913.736,TO_CENTER,1.79,22.97,0.86,1,1592,1702,CENTER
1188913.756,TO_CENTER,1.79,22.97,0.86,1,1592,1702,CENTER
1188913.778,TO_CENTER,1.79,22.97,0.86,1,1592,1702,CENTER
1188913.798,TO_CENTER,1.79,22.97,0.86,1,1592,1702,CENTER
1188913.819,TO_CENTER,1.79,22.97,0.86,1,1592,1702,CENTER
1188913.840,TO_CENTER,1.79,22.97,0.86,1,1592,1702,CENTER
1188913.861,TO_CENTER,1.79,22.97,0.86,1,1592,1702,CENTER
1188913.883,TO_CENTER,1.79,22.97,0.86,1,1592,1702,CENTER
1188913.903,TO_CENTER,1.69,22.90,0.87,1,1592,1702,CENTER
1188913.923,TO_CENTER,1.69,22.90,0.87,1,1592,1702,CENTER
1188913.944,TO_CENTER,1.69,22.90,0.87,1,1592,1702,CENTER
1188913.967,TO_CENTER,1.69,22.90,0.87,1,1592,1702,CENTER
1188913.987,TO_CENTER,1.69,22.90,0.87,1,1592,1702,CENTER
1188914.009,TO_CENTER,1.60,22.90,0.87,1,1592,1703,CENTER
1188914.035,TO_CENTER,1.60,22.90,0.87,1,1592,1703,CENTER
1188914.056,TO_CENTER,1.60,22.90,0.87,1,1592,1703,CENTER
1188914.076,TO_CENTER,1.60,22.90,0.87,1,1592,1703,CENTER
1188914.097,TO_CENTER,1.60,22.90,0.87,1,1592,1703,CENTER
1188914.118,TO_CENTER,1.53,22.79,0.91,1,1591,1703,CENTER
1188914.141,TO_CENTER,1.53,22.79,0.91,1,1591,1703,CENTER
1188914.161,TO_CENTER,1.53,22.79,0.91,1,1591,1703,CENTER
1188914.185,TO_CENTER,1.53,22.79,0.91,1,1591,1703,CENTER
1188914.208,TO_CENTER,1.53,22.79,0.91,1,1591,1703,CENTER
1188914.232,TO_CENTER,1.53,22.79,0.91,1,1591,1703,CENTER
1188914.251,TO_CENTER,1.53,22.79,0.91,1,1591,1703,CENTER
1188914.272,TO_CENTER,1.53,22.79,0.91,1,1591,1703,CENTER
1188914.293,TO_CENTER,1.53,22.79,0.91,1,1591,1703,CENTER
1188914.313,TO_CENTER,1.53,22.79,0.91,1,1591,1703,CENTER
1188914.334,TO_CENTER,1.47,22.74,0.91,1,1591,1703,CENTER
1188914.356,TO_CENTER,1.47,22.74,0.91,1,1591,1703,CENTER
1188914.376,TO_CENTER,1.47,22.74,0.91,1,1591,1703,CENTER
1188914.397,TO_CENTER,1.47,22.74,0.91,1,1591,1703,CENTER
1188914.418,TO_CENTER,1.47,22.74,0.91,1,1591,1703,CENTER
1188914.438,TO_CENTER,1.41,22.70,0.92,1,1591,1703,CENTER
1188914.458,TO_CENTER,1.41,22.70,0.92,1,1591,1703,CENTER
1188914.481,TO_CENTER,1.41,22.70,0.92,1,1591,1703,CENTER
1188914.501,TO_CENTER,1.41,22.70,0.92,1,1591,1703,CENTER
1188914.522,TO_CENTER,1.41,22.70,0.92,1,1591,1703,CENTER
1188914.542,TO_CENTER,1.35,22.65,0.93,1,1591,1703,CENTER
1188914.562,TO_CENTER,1.35,22.65,0.93,1,1591,1703,CENTER
1188914.584,TO_CENTER,1.35,22.65,0.93,1,1591,1703,CENTER
1188914.603,TO_CENTER,1.35,22.65,0.93,1,1591,1703,CENTER
1188914.623,TO_CENTER,1.35,22.65,0.93,1,1591,1703,CENTER
1188914.645,TO_CENTER,1.29,22.61,0.93,1,1590,1704,CENTER
1188914.665,TO_CENTER,1.29,22.61,0.93,1,1590,1704,CENTER
1188914.686,TO_CENTER,1.29,22.61,0.93,1,1590,1704,CENTER
1188914.706,TO_CENTER,1.29,22.61,0.93,1,1590,1704,CENTER
1188914.727,TO_CENTER,1.29,22.61,0.93,1,1590,1704,CENTER
1188914.749,TO_CENTER,1.27,22.58,0.94,1,1590,1704,CENTER
1188914.769,TO_CENTER,1.27,22.58,0.94,1,1590,1704,CENTER
1188914.790,TO_CENTER,1.27,22.58,0.94,1,1590,1704,CENTER
1188914.811,TO_CENTER,1.27,22.58,0.94,1,1590,1704,CENTER
1188914.831,TO_CENTER,1.27,22.58,0.94,1,1590,1704,CENTER
1188914.852,TO_CENTER,1.27,22.58,0.94,1,1590,1704,CENTER
1188914.873,TO_CENTER,1.27,22.58,0.94,1,1590,1704,CENTER
1188914.893,TO_CENTER,1.27,22.58,0.94,1,1590,1704,CENTER
1188914.913,TO_CENTER,1.27,22.58,0.94,1,1590,1704,CENTER
1188914.934,TO_CENTER,1.27,22.58,0.94,1,1590,1704,CENTER
1188914.954,TO_CENTER,1.25,22.55,0.94,1,1590,1704,CENTER
1188914.975,TO_CENTER,1.25,22.55,0.94,1,1590,1704,CENTER
1188914.995,TO_CENTER,1.25,22.55,0.94,1,1590,1704,CENTER
1188915.016,TO_CENTER,1.25,22.55,0.94,1,1590,1704,CENTER
1188915.037,TO_CENTER,1.25,22.55,0.94,1,1590,1704,CENTER
1188915.057,TO_CENTER,1.25,22.54,0.94,1,1590,1704,CENTER
1188915.077,TO_CENTER,1.25,22.54,0.94,1,1590,1704,CENTER
1188915.100,TO_CENTER,1.25,22.54,0.94,1,1590,1704,CENTER
1188915.120,TO_CENTER,1.25,22.54,0.94,1,1590,1704,CENTER
1188915.141,TO_CENTER,1.25,22.54,0.94,1,1590,1704,CENTER
1188915.162,TO_CENTER,1.25,22.54,0.91,1,1590,1704,CENTER
1188915.182,TO_CENTER,1.25,22.54,0.91,1,1590,1704,CENTER
1188915.203,TO_CENTER,1.25,22.54,0.91,1,1590,1704,CENTER
1188915.223,TO_CENTER,1.25,22.54,0.91,1,1590,1704,CENTER
1188915.243,TO_CENTER,1.25,22.54,0.91,1,1590,1704,CENTER
1188915.264,TO_CENTER,1.25,22.54,0.91,1,1590,1704,CENTER
1188915.285,TO_CENTER,1.25,22.54,0.91,1,1590,1704,CENTER
1188915.305,TO_CENTER,1.25,22.54,0.91,1,1590,1704,CENTER
1188915.326,TO_CENTER,1.25,22.54,0.91,1,1590,1704,CENTER
1188915.347,TO_CENTER,1.25,22.54,0.91,1,1590,1704,CENTER
1188915.367,TO_CENTER,1.26,22.53,0.91,1,1590,1704,CENTER
1188915.387,TO_CENTER,1.26,22.53,0.91,1,1590,1704,CENTER
1188915.409,TO_CENTER,1.26,22.53,0.91,1,1590,1704,CENTER
1188915.430,TO_CENTER,1.26,22.53,0.91,1,1590,1704,CENTER
1188915.450,TO_CENTER,1.26,22.53,0.91,1,1590,1704,CENTER
1188915.472,TO_CENTER,1.27,22.52,0.92,1,1590,1704,CENTER
1188915.493,TO_CENTER,1.27,22.52,0.92,1,1590,1704,CENTER
1188915.513,TO_CENTER,1.27,22.52,0.92,1,1590,1704,CENTER
1188915.534,TO_CENTER,1.27,22.52,0.92,1,1590,1704,CENTER
1188915.554,TO_CENTER,1.27,22.52,0.92,1,1590,1704,CENTER
1188915.574,TO_CENTER,1.28,22.51,0.89,1,1590,1704,CENTER
1188915.595,TO_CENTER,1.28,22.51,0.89,1,1590,1704,CENTER
1188915.616,TO_CENTER,1.28,22.51,0.89,1,1590,1704,CENTER
1188915.636,TO_CENTER,1.28,22.51,0.89,1,1590,1704,CENTER
1188915.657,TO_CENTER,1.28,22.51,0.89,1,1590,1704,CENTER
1188915.677,TO_CENTER,1.29,22.49,0.89,1,1590,1704,CENTER
1188915.698,TO_CENTER,1.29,22.49,0.89,1,1590,1704,CENTER
1188915.718,TO_CENTER,1.29,22.49,0.89,1,1590,1704,CENTER
1188915.739,TO_CENTER,1.29,22.49,0.89,1,1590,1704,CENTER
1188915.760,TO_CENTER,1.29,22.49,0.89,1,1590,1704,CENTER
1188915.780,TO_CENTER,1.29,22.49,0.89,1,1590,1704,CENTER
1188915.800,TO_CENTER,1.29,22.49,0.89,1,1590,1704,CENTER
1188915.820,TO_CENTER,1.29,22.49,0.89,1,1590,1704,CENTER
1188915.843,TO_CENTER,1.29,22.49,0.89,1,1590,1704,CENTER
1188915.863,TO_CENTER,1.29,22.49,0.89,1,1590,1704,CENTER
1188915.884,TO_CENTER,1.31,22.48,2.86,1,1590,1704,CENTER
1188915.904,TO_CENTER,1.31,22.48,2.86,1,1590,1704,CENTER
1188915.926,TO_CENTER,1.31,22.48,2.86,1,1590,1704,CENTER
1188915.946,TO_CENTER,1.31,22.48,2.86,1,1590,1704,CENTER
1188915.968,TO_CENTER,1.31,22.48,2.86,1,1590,1704,CENTER
1188915.989,TO_CENTER,1.34,22.47,2.84,1,1590,1703,CENTER
1188916.009,TO_CENTER,1.34,22.47,2.84,1,1590,1703,CENTER
1188916.030,TO_CENTER,1.34,22.47,2.84,1,1590,1703,CENTER
1188916.050,TO_CENTER,1.34,22.47,2.84,1,1590,1703,CENTER
1188916.071,TO_CENTER,1.34,22.47,2.84,1,1590,1703,CENTER
1188916.091,TO_CENTER,1.37,22.45,2.81,1,1590,1703,CENTER
1188916.111,TO_CENTER,1.37,22.45,2.81,1,1590,1703,CENTER
1188916.132,TO_CENTER,1.37,22.45,2.81,1,1590,1703,CENTER
1188916.152,TO_CENTER,1.37,22.45,2.81,1,1590,1703,CENTER
1188916.173,TO_CENTER,1.37,22.45,2.81,1,1590,1703,CENTER
1188916.194,TO_CENTER,1.40,22.43,2.78,1,1590,1703,CENTER
1188916.214,TO_CENTER,1.40,22.43,2.78,1,1590,1703,CENTER
1188916.235,TO_CENTER,1.40,22.43,2.78,1,1590,1703,CENTER
1188916.255,TO_CENTER,1.40,22.43,2.78,1,1590,1703,CENTER
1188916.276,TO_CENTER,1.40,22.43,2.78,1,1590,1703,CENTER
1188916.297,TO_CENTER,1.40,22.43,2.78,1,1590,1703,CENTER
1188916.317,TO_CENTER,1.40,22.43,2.78,1,1590,1703,CENTER
1188916.337,TO_CENTER,1.40,22.43,2.78,1,1590,1703,CENTER
1188916.358,TO_CENTER,1.40,22.43,2.78,1,1590,1703,CENTER
1188916.379,TO_CENTER,1.40,22.43,2.78,1,1590,1703,CENTER
1188916.399,TO_CENTER,1.43,22.42,2.76,1,1590,1703,CENTER
1188916.420,TO_CENTER,1.43,22.42,2.76,1,1590,1703,CENTER
1188916.440,TO_CENTER,1.43,22.42,2.76,1,1590,1703,CENTER
1188916.461,TO_CENTER,1.43,22.42,2.76,1,1590,1703,CENTER
1188916.485,TO_CENTER,1.43,22.42,2.76,1,1590,1703,CENTER
1188916.505,TO_CENTER,1.46,22.41,-0.24,1,1590,1703,CENTER
1188916.526,TO_CENTER,1.46,22.41,-0.24,1,1590,1703,CENTER
1188916.546,TO_CENTER,1.46,22.41,-0.24,1,1590,1703,CENTER
1188916.567,TO_CENTER,1.46,22.41,-0.24,1,1590,1703,CENTER
1188916.588,TO_CENTER,1.46,22.41,-0.24,1,1590,1703,CENTER
1188916.609,TO_CENTER,1.48,22.39,-0.27,1,1590,1703,CENTER
1188916.629,TO_CENTER,1.48,22.39,-0.27,1,1590,1703,CENTER
1188916.649,TO_CENTER,1.48,22.39,-0.27,1,1590,1703,CENTER
1188916.670,TO_CENTER,1.48,22.39,-0.27,1,1590,1703,CENTER
1188916.690,TO_CENTER,1.48,22.39,-0.27,1,1590,1703,CENTER
1188916.711,TO_CENTER,1.52,22.37,-0.29,1,1589,1703,CENTER
1188916.735,TO_CENTER,1.52,22.37,-0.29,1,1589,1703,CENTER
1188916.757,TO_CENTER,1.52,22.37,-0.29,1,1589,1703,CENTER
1188916.776,TO_CENTER,1.52,22.37,-0.29,1,1589,1703,CENTER
1188916.797,TO_CENTER,1.52,22.37,-0.29,1,1589,1703,CENTER
1188916.817,TO_CENTER,1.57,22.36,-0.32,1,1589,1703,CENTER
1188916.837,TO_CENTER,1.57,22.36,-0.32,1,1589,1703,CENTER
1188916.858,TO_CENTER,1.57,22.36,-0.32,1,1589,1703,CENTER
1188916.878,TO_CENTER,1.57,22.36,-0.32,1,1589,1703,CENTER
1188916.900,TO_CENTER,1.57,22.36,-0.32,1,1589,1703,CENTER
1188916.927,TO_CENTER,1.57,22.36,-0.32,1,1589,1703,CENTER
1188916.948,TO_CENTER,1.57,22.36,-0.32,1,1589,1703,CENTER
1188916.969,TO_CENTER,1.57,22.36,-0.32,1,1589,1703,CENTER
1188916.989,TO_CENTER,1.57,22.36,-0.32,1,1589,1703,CENTER
1188917.010,TO_CENTER,1.57,22.36,-0.32,1,1589,1703,CENTER
1188917.031,TO_CENTER,1.62,22.33,-0.35,1,1589,1703,CENTER
1188917.051,TO_CENTER,1.62,22.33,-0.35,1,1589,1703,CENTER
1188917.072,TO_CENTER,1.62,22.33,-0.35,1,1589,1703,CENTER
1188917.092,TO_CENTER,1.62,22.33,-0.35,1,1589,1703,CENTER
1188917.113,TO_CENTER,1.62,22.33,-0.35,1,1589,1703,CENTER
1188917.133,TO_CENTER,1.67,22.31,-0.37,1,1589,1702,CENTER
1188917.154,TO_CENTER,1.67,22.31,-0.37,1,1589,1702,CENTER
1188917.175,TO_CENTER,1.67,22.31,-0.37,1,1589,1702,CENTER
1188917.195,TO_CENTER,1.67,22.31,-0.37,1,1589,1702,CENTER
1188917.215,TO_CENTER,1.67,22.31,-0.37,1,1589,1702,CENTER
1188917.236,TO_CENTER,1.67,22.31,-0.37,1,1589,1702,CENTER
1188917.257,TO_CENTER,1.67,22.31,-0.37,1,1589,1702,CENTER
1188917.277,TO_CENTER,1.67,22.31,-0.37,1,1589,1702,CENTER
1188917.298,TO_CENTER,1.67,22.31,-0.37,1,1589,1702,CENTER
1188917.318,TO_CENTER,1.67,22.31,-0.37,1,1589,1702,CENTER
1188917.340,TO_CENTER,1.72,22.29,-0.40,1,1589,1702,CENTER
1188917.360,TO_CENTER,1.72,22.29,-0.40,1,1589,1702,CENTER
1188917.380,TO_CENTER,1.72,22.29,-0.40,1,1589,1702,CENTER
1188917.401,TO_CENTER,1.72,22.29,-0.40,1,1589,1702,CENTER
1188917.421,TO_CENTER,1.72,22.29,-0.40,1,1589,1702,CENTER
1188917.441,TO_CENTER,1.78,22.26,-0.42,1,1589,1702,CENTER
1188917.463,TO_CENTER,1.78,22.26,-0.42,1,1589,1702,CENTER
1188917.483,TO_CENTER,1.78,22.26,-0.42,1,1589,1702,CENTER
1188917.504,TO_CENTER,1.78,22.26,-0.42,1,1589,1702,CENTER
1188917.524,TO_CENTER,1.78,22.26,-0.42,1,1589,1702,CENTER
1188917.545,TO_CENTER,1.78,22.26,-0.42,1,1589,1702,CENTER
1188917.566,TO_CENTER,1.78,22.26,-0.42,1,1589,1702,CENTER
1188917.586,TO_CENTER,1.78,22.26,-0.42,1,1589,1702,CENTER
1188917.607,TO_CENTER,1.78,22.26,-0.42,1,1589,1702,CENTER
1188917.627,TO_CENTER,1.78,22.26,-0.42,1,1589,1702,CENTER
1188917.650,TO_CENTER,1.84,22.24,-0.45,1,1589,1702,CENTER
1188917.670,TO_CENTER,1.84,22.24,-0.45,1,1589,1702,CENTER
1188917.690,TO_CENTER,1.84,22.24,-0.45,1,1589,1702,CENTER
1188917.711,TO_CENTER,1.84,22.24,-0.45,1,1589,1702,CENTER
1188917.733,TO_CENTER,1.84,22.24,-0.45,1,1589,1702,CENTER
1188917.754,TO_CENTER,1.88,22.23,-0.48,1,1589,1702,CENTER
1188917.775,TO_CENTER,1.88,22.23,-0.48,1,1589,1702,CENTER
1188917.797,TO_CENTER,1.88,22.23,-0.48,1,1589,1702,CENTER
1188917.818,TO_CENTER,1.88,22.23,-0.48,1,1589,1702,CENTER
1188917.845,TO_CENTER,1.88,22.23,-0.48,1,1589,1702,CENTER
1188917.865,TO_CENTER,1.92,22.21,-0.50,1,1589,1702,CENTER
1188917.890,TO_CENTER,1.92,22.21,-0.50,1,1589,1702,CENTER
1188917.910,TO_CENTER,1.92,22.21,-0.50,1,1589,1702,CENTER
1188917.931,TO_CENTER,1.92,22.21,-0.50,1,1589,1702,CENTER
1188917.951,TO_CENTER,1.92,22.21,-0.50,1,1589,1702,CENTER
1188917.972,TO_CENTER,1.92,22.21,-0.50,1,1589,1702,CENTER
1188917.992,TO_CENTER,1.92,22.21,-0.50,1,1589,1702,CENTER
1188918.014,TO_CENTER,1.92,22.21,-0.50,1,1589,1702,CENTER
1188918.034,TO_CENTER,1.92,22.21,-0.50,1,1589,1702,CENTER
1188918.055,TO_CENTER,1.92,22.21,-0.50,1,1589,1702,CENTER
1188918.075,TO_CENTER,1.99,22.18,-0.53,1,1589,1702,CENTER
1188918.100,TO_CENTER,1.99,22.18,-0.53,1,1589,1702,CENTER
1188918.121,TO_CENTER,1.99,22.18,-0.53,1,1589,1702,CENTER
1188918.142,TO_CENTER,1.99,22.18,-0.53,1,1589,1702,CENTER
1188918.162,TO_CENTER,1.99,22.18,-0.53,1,1589,1702,CENTER
1188918.183,TO_CENTER,1.99,22.18,-0.53,1,1589,1702,CENTER
1188918.203,TO_CENTER,1.99,22.18,-0.53,1,1589,1702,CENTER
1188918.224,TO_CENTER,1.99,22.18,-0.53,1,1589,1702,CENTER
1188918.244,TO_CENTER,1.99,22.18,-0.53,1,1589,1702,CENTER
1188918.265,TO_CENTER,1.99,22.18,-0.53,1,1589,1702,CENTER
1188918.285,TO_CENTER,2.04,22.16,-0.53,1,1589,1701,CENTER
1188918.306,TO_CENTER,2.04,22.16,-0.53,1,1589,1701,CENTER
1188918.326,TO_CENTER,2.04,22.16,-0.53,1,1589,1701,CENTER
1188918.347,TO_CENTER,2.04,22.16,-0.53,1,1589,1701,CENTER
1188918.368,TO_CENTER,2.04,22.16,-0.53,1,1589,1701,CENTER
1188918.388,TO_CENTER,2.09,22.14,-0.55,1,1589,1701,CENTER
1188918.409,TO_CENTER,2.09,22.14,-0.55,1,1589,1701,CENTER
1188918.431,TO_CENTER,2.09,22.14,-0.55,1,1589,1701,CENTER
1188918.451,TO_CENTER,2.09,22.14,-0.55,1,1589,1701,CENTER
1188918.472,TO_CENTER,2.09,22.14,-0.55,1,1589,1701,CENTER
1188918.493,TO_CENTER,2.13,22.13,-0.58,1,1589,1701,CENTER
1188918.514,TO_CENTER,2.13,22.13,-0.58,1,1589,1701,CENTER
1188918.534,TO_CENTER,2.13,22.13,-0.58,1,1589,1701,CENTER
1188918.556,TO_CENTER,2.13,22.13,-0.58,1,1589,1701,CENTER
1188918.576,TO_CENTER,2.13,22.13,-0.58,1,1589,1701,CENTER
1188918.596,TO_CENTER,2.18,22.11,-0.61,1,1588,1701,CENTER
1188918.618,TO_CENTER,2.18,22.11,-0.61,1,1588,1701,CENTER
1188918.638,TO_CENTER,2.18,22.11,-0.61,1,1588,1701,CENTER
1188918.658,TO_CENTER,2.18,22.11,-0.61,1,1588,1701,CENTER
1188918.679,TO_CENTER,2.18,22.11,-0.61,1,1588,1701,CENTER
1188918.700,TO_CENTER,2.24,22.08,-0.60,1,1588,1701,CENTER
1188918.720,TO_CENTER,2.24,22.08,-0.60,1,1588,1701,CENTER
1188918.741,TO_CENTER,2.24,22.08,-0.60,1,1588,1701,CENTER
1188918.761,TO_CENTER,2.24,22.08,-0.60,1,1588,1701,CENTER
1188918.782,TO_CENTER,2.24,22.08,-0.60,1,1588,1701,CENTER
1188918.804,TO_CENTER,2.24,22.08,-0.60,1,1588,1701,CENTER
1188918.824,TO_CENTER,2.24,22.08,-0.60,1,1588,1701,CENTER
1188918.844,TO_CENTER,2.24,22.08,-0.60,1,1588,1701,CENTER
1188918.865,TO_CENTER,2.24,22.08,-0.60,1,1588,1701,CENTER
1188918.885,TO_CENTER,2.24,22.08,-0.60,1,1588,1701,CENTER
1188918.906,TO_CENTER,2.29,22.07,-0.63,1,1588,1701,CENTER
1188918.931,TO_CENTER,2.29,22.07,-0.63,1,1588,1701,CENTER
1188918.952,TO_CENTER,2.29,22.07,-0.63,1,1588,1701,CENTER
1188918.972,TO_CENTER,2.29,22.07,-0.63,1,1588,1701,CENTER
1188918.993,TO_CENTER,2.29,22.07,-0.63,1,1588,1701,CENTER
1188919.013,TO_CENTER,2.29,22.07,-0.63,1,1588,1701,CENTER
1188919.034,TO_CENTER,2.29,22.07,-0.63,1,1588,1701,CENTER
1188919.055,TO_CENTER,2.29,22.07,-0.63,1,1588,1701,CENTER
1188919.075,TO_CENTER,2.29,22.07,-0.63,1,1588,1701,CENTER
1188919.096,TO_CENTER,2.29,22.07,-0.63,1,1588,1701,CENTER
1188919.116,TO_CENTER,2.34,22.04,-0.63,1,1588,1700,CENTER
1188919.137,TO_CENTER,2.34,22.04,-0.63,1,1588,1700,CENTER
1188919.157,TO_CENTER,2.34,22.04,-0.63,1,1588,1700,CENTER
1188919.183,TO_CENTER,2.34,22.04,-0.63,1,1588,1700,CENTER
1188919.204,TO_CENTER,2.34,22.04,-0.63,1,1588,1700,CENTER
1188919.224,TO_CENTER,2.40,22.02,-0.66,1,1588,1700,CENTER
1188919.244,TO_CENTER,2.40,22.02,-0.66,1,1588,1700,CENTER
1188919.265,TO_CENTER,2.40,22.02,-0.66,1,1588,1700,CENTER
1188919.289,TO_CENTER,2.40,22.02,-0.66,1,1588,1700,CENTER
1188919.310,TO_CENTER,2.40,22.02,-0.66,1,1588,1700,CENTER
1188919.330,TO_CENTER,2.40,22.02,-0.66,1,1588,1700,CENTER
1188919.350,TO_CENTER,2.40,22.02,-0.66,1,1588,1700,CENTER
1188919.371,TO_CENTER,2.40,22.02,-0.66,1,1588,1700,CENTER
1188919.391,TO_CENTER,2.40,22.02,-0.66,1,1588,1700,CENTER
1188919.411,TO_CENTER,2.40,22.02,-0.66,1,1588,1700,CENTER
1188919.431,TO_CENTER,2.45,22.00,-0.68,1,1588,1699,CENTER
1188919.452,TO_CENTER,2.45,22.00,-0.68,1,1588,1699,CENTER
1188919.473,TO_CENTER,2.45,22.00,-0.68,1,1588,1699,CENTER
1188919.494,TO_CENTER,2.45,22.00,-0.68,1,1588,1699,CENTER
1188919.514,TO_CENTER,2.45,22.00,-0.68,1,1588,1699,CENTER
1188919.535,TO_CENTER,2.48,21.99,-0.68,1,1588,1699,CENTER
1188919.555,TO_CENTER,2.48,21.99,-0.68,1,1588,1699,CENTER
1188919.575,TO_CENTER,2.48,21.99,-0.68,1,1588,1699,CENTER
1188919.596,TO_CENTER,2.48,21.99,-0.68,1,1588,1699,CENTER
1188919.616,TO_CENTER,2.48,21.99,-0.68,1,1588,1699,CENTER
1188919.637,TO_CENTER,2.48,21.99,-0.68,1,1588,1699,CENTER
1188919.658,TO_CENTER,2.48,21.99,-0.68,1,1588,1699,CENTER
1188919.678,TO_CENTER,2.48,21.99,-0.68,1,1588,1699,CENTER
1188919.698,TO_CENTER,2.48,21.99,-0.68,1,1588,1699,CENTER
1188919.720,TO_CENTER,2.48,21.99,-0.68,1,1588,1699,CENTER
1188919.741,TO_CENTER,2.48,21.99,-0.68,1,1588,1699,CENTER
1188919.762,TO_CENTER,2.48,21.99,-0.68,1,1588,1699,CENTER
1188919.783,TO_CENTER,2.48,21.99,-0.68,1,1588,1699,CENTER
1188919.803,TO_CENTER,2.48,21.99,-0.68,1,1588,1699,CENTER
1188919.823,TO_CENTER,2.48,21.99,-0.68,1,1588,1699,CENTER
1188919.844,TO_CENTER,2.54,21.97,-0.71,1,1588,1699,CENTER
1188919.864,TO_CENTER,2.54,21.97,-0.71,1,1588,1699,CENTER
1188919.884,TO_CENTER,2.54,21.97,-0.71,1,1588,1699,CENTER
1188919.907,TO_CENTER,2.54,21.97,-0.71,1,1588,1699,CENTER
1188919.928,TO_CENTER,2.54,21.97,-0.71,1,1588,1699,CENTER
1188919.948,TO_CENTER,2.60,21.95,-0.74,1,1588,1699,CENTER
1188919.969,TO_CENTER,2.60,21.95,-0.74,1,1588,1699,CENTER
1188919.989,TO_CENTER,2.60,21.95,-0.74,1,1588,1699,CENTER
1188920.010,TO_CENTER,2.60,21.95,-0.74,1,1588,1699,CENTER
1188920.032,TO_CENTER,2.60,21.95,-0.74,1,1588,1699,CENTER
1188920.052,TO_CENTER,2.66,21.92,-0.73,1,1588,1699,CENTER
1188920.073,TO_CENTER,2.66,21.92,-0.73,1,1588,1699,CENTER
1188920.096,TO_CENTER,2.66,21.92,-0.73,1,1588,1699,CENTER
1188920.116,TO_CENTER,2.66,21.92,-0.73,1,1588,1699,CENTER
1188920.137,TO_CENTER,2.66,21.92,-0.73,1,1588,1699,CENTER
1188920.159,TO_CENTER,2.66,21.92,-0.73,1,1588,1699,CENTER
1188920.179,TO_CENTER,2.66,21.92,-0.73,1,1588,1699,CENTER
1188920.200,TO_CENTER,2.66,21.92,-0.73,1,1588,1699,CENTER
1188920.221,TO_CENTER,2.66,21.92,-0.73,1,1588,1699,CENTER
1188920.241,TO_CENTER,2.66,21.92,-0.73,1,1588,1699,CENTER
1188920.261,TO_CENTER,2.72,21.91,-0.76,1,1588,1698,CENTER
1188920.281,TO_CENTER,2.72,21.91,-0.76,1,1588,1698,CENTER
1188920.302,TO_CENTER,2.72,21.91,-0.76,1,1588,1698,CENTER
1188920.323,TO_CENTER,2.72,21.91,-0.76,1,1588,1698,CENTER
1188920.351,TO_CENTER,2.72,21.91,-0.76,1,1588,1698,CENTER
1188920.376,TO_CENTER,2.79,21.88,-0.79,1,1588,1698,CENTER
1188920.396,TO_CENTER,2.79,21.88,-0.79,1,1588,1698,CENTER
1188920.421,TO_CENTER,2.79,21.88,-0.79,1,1588,1698,CENTER
1188920.441,TO_CENTER,2.79,21.88,-0.79,1,1588,1698,CENTER
1188920.467,TO_CENTER,2.79,21.88,-0.79,1,1588,1698,CENTER
1188920.487,TO_CENTER,2.79,21.88,-0.79,1,1588,1698,CENTER
1188920.507,TO_CENTER,2.79,21.88,-0.79,1,1588,1698,CENTER
1188920.531,TO_CENTER,2.79,21.88,-0.79,1,1588,1698,CENTER
1188920.551,TO_CENTER,2.79,21.88,-0.79,1,1588,1698,CENTER
1188920.572,TO_CENTER,2.79,21.88,-0.79,1,1588,1698,CENTER
1188920.595,TO_CENTER,2.85,21.86,-0.78,1,1587,1698,CENTER
1188920.615,TO_CENTER,2.85,21.86,-0.78,1,1587,1698,CENTER
1188920.636,TO_CENTER,2.85,21.86,-0.78,1,1587,1698,CENTER
1188920.656,TO_CENTER,2.85,21.86,-0.78,1,1587,1698,CENTER
1188920.677,TO_CENTER,2.85,21.86,-0.78,1,1587,1698,CENTER
1188920.697,TO_CENTER,2.88,21.85,-0.81,1,1587,1698,CENTER
1188920.721,TO_CENTER,2.88,21.85,-0.81,1,1587,1698,CENTER
1188920.744,TO_CENTER,2.88,21.85,-0.81,1,1587,1698,CENTER
1188920.764,TO_CENTER,2.88,21.85,-0.81,1,1587,1698,CENTER
1188920.785,TO_CENTER,2.88,21.85,-0.81,1,1587,1698,CENTER
1188920.805,TO_CENTER,2.92,21.83,-0.81,1,1587,1698,CENTER
1188920.826,TO_CENTER,2.92,21.83,-0.81,1,1587,1698,CENTER
1188920.846,TO_CENTER,2.92,21.83,-0.81,1,1587,1698,CENTER
1188920.867,TO_CENTER,2.92,21.83,-0.81,1,1587,1698,CENTER
1188920.888,TO_CENTER,2.92,21.83,-0.81,1,1587,1698,CENTER
1188920.908,TO_CENTER,2.92,21.83,-0.81,1,1587,1698,CENTER
1188920.929,TO_CENTER,2.92,21.83,-0.81,1,1587,1698,CENTER
1188920.949,TO_CENTER,2.92,21.83,-0.81,1,1587,1698,CENTER
1188920.971,TO_CENTER,2.92,21.83,-0.81,1,1587,1698,CENTER
1188920.991,TO_CENTER,2.92,21.83,-0.81,1,1587,1698,CENTER
1188921.012,TO_CENTER,2.98,21.80,-0.84,1,1587,1698,CENTER
1188921.033,TO_CENTER,2.98,21.80,-0.84,1,1587,1698,CENTER
1188921.053,TO_CENTER,2.98,21.80,-0.84,1,1587,1698,CENTER
1188921.073,TO_CENTER,2.98,21.80,-0.84,1,1587,1698,CENTER
1188921.095,TO_CENTER,2.98,21.80,-0.84,1,1587,1698,CENTER
1188921.115,TO_CENTER,3.05,21.78,-0.83,1,1587,1697,CENTER
1188921.136,TO_CENTER,3.05,21.78,-0.83,1,1587,1697,CENTER
1188921.156,TO_CENTER,3.05,21.78,-0.83,1,1587,1697,CENTER
1188921.177,TO_CENTER,3.05,21.78,-0.83,1,1587,1697,CENTER
1188921.197,TO_CENTER,3.05,21.78,-0.83,1,1587,1697,CENTER
1188921.218,TO_CENTER,3.12,21.76,-0.86,1,1587,1697,CENTER
1188921.238,TO_CENTER,3.12,21.76,-0.86,1,1587,1697,CENTER
1188921.259,TO_CENTER,3.12,21.76,-0.86,1,1587,1697,CENTER
1188921.280,TO_CENTER,3.12,21.76,-0.86,1,1587,1697,CENTER
1188921.300,TO_CENTER,3.12,21.76,-0.86,1,1587,1697,CENTER
1188921.321,TO_CENTER,3.19,21.74,-0.89,1,1587,1697,CENTER
1188921.341,TO_CENTER,3.19,21.74,-0.89,1,1587,1697,CENTER
1188921.361,TO_CENTER,3.19,21.74,-0.89,1,1587,1697,CENTER
1188921.382,TO_CENTER,3.19,21.74,-0.89,1,1587,1697,CENTER
1188921.402,TO_CENTER,3.19,21.74,-0.89,1,1587,1697,CENTER
1188921.423,TO_CENTER,3.19,21.74,-0.89,1,1587,1697,CENTER
1188921.443,TO_CENTER,3.19,21.74,-0.89,1,1587,1697,CENTER
1188921.464,TO_CENTER,3.19,21.74,-0.89,1,1587,1697,CENTER
1188921.484,TO_CENTER,3.19,21.74,-0.89,1,1587,1697,CENTER
1188921.505,TO_CENTER,3.19,21.74,-0.89,1,1587,1697,CENTER
1188921.525,TO_CENTER,3.30,21.70,-0.91,1,1587,1697,CENTER
1188921.546,TO_CENTER,3.30,21.70,-0.91,1,1587,1697,CENTER
1188921.567,TO_CENTER,3.30,21.70,-0.91,1,1587,1697,CENTER
1188921.587,TO_CENTER,3.30,21.70,-0.91,1,1587,1697,CENTER
1188921.608,TO_CENTER,3.30,21.70,-0.91,1,1587,1697,CENTER
1188921.629,TO_CENTER,3.41,21.65,-0.94,1,1587,1696,CENTER
1188921.649,TO_CENTER,3.41,21.65,-0.94,1,1587,1696,CENTER
1188921.670,TO_CENTER,3.41,21.65,-0.94,1,1587,1696,CENTER
1188921.691,TO_CENTER,3.41,21.65,-0.94,1,1587,1696,CENTER
1188921.712,TO_CENTER,3.41,21.65,-0.94,1,1587,1696,CENTER
1188921.732,TO_CENTER,3.52,21.62,-0.97,1,1586,1696,CENTER
1188921.753,TO_CENTER,3.52,21.62,-0.97,1,1586,1696,CENTER
1188921.773,TO_CENTER,3.52,21.62,-0.97,1,1586,1696,CENTER
1188921.794,TO_CENTER,3.52,21.62,-0.97,1,1586,1696,CENTER
1188921.814,TO_CENTER,3.52,21.62,-0.97,1,1586,1696,CENTER
1188921.835,TO_CENTER,3.52,21.62,-0.97,1,1586,1696,CENTER
1188921.855,TO_CENTER,3.52,21.62,-0.97,1,1586,1696,CENTER
1188921.876,TO_CENTER,3.52,21.62,-0.97,1,1586,1696,CENTER
1188921.896,TO_CENTER,3.52,21.62,-0.97,1,1586,1696,CENTER
1188921.917,TO_CENTER,3.52,21.62,-0.97,1,1586,1696,CENTER
1188921.938,TO_CENTER,3.64,21.58,-0.99,1,1586,1696,CENTER
1188921.958,TO_CENTER,3.64,21.58,-0.99,1,1586,1696,CENTER
1188921.978,TO_CENTER,3.64,21.58,-0.99,1,1586,1696,CENTER
1188921.999,TO_CENTER,3.64,21.58,-0.99,1,1586,1696,CENTER
1188922.019,TO_CENTER,3.64,21.58,-0.99,1,1586,1696,CENTER
1188922.040,TO_CENTER,3.75,21.54,-1.02,1,1586,1695,CENTER
1188922.060,TO_CENTER,3.75,21.54,-1.02,1,1586,1695,CENTER
1188922.081,TO_CENTER,3.75,21.54,-1.02,1,1586,1695,CENTER
1188922.101,TO_CENTER,3.75,21.54,-1.02,1,1586,1695,CENTER
1188922.122,TO_CENTER,3.75,21.54,-1.02,1,1586,1695,CENTER
1188922.143,TO_CENTER,3.87,21.49,-1.04,1,1586,1695,CENTER
1188922.163,TO_CENTER,3.87,21.49,-1.04,1,1586,1695,CENTER
1188922.183,TO_CENTER,3.87,21.49,-1.04,1,1586,1695,CENTER
1188922.205,TO_CENTER,3.87,21.49,-1.04,1,1586,1695,CENTER
1188922.225,TO_CENTER,3.87,21.49,-1.04,1,1586,1695,CENTER
1188922.245,TO_CENTER,3.87,21.49,-1.04,1,1586,1695,CENTER
1188922.266,TO_CENTER,3.87,21.49,-1.04,1,1586,1695,CENTER
1188922.286,TO_CENTER,3.87,21.49,-1.04,1,1586,1695,CENTER
1188922.307,TO_CENTER,3.87,21.49,-1.04,1,1586,1695,CENTER
1188922.328,TO_CENTER,3.87,21.49,-1.04,1,1586,1695,CENTER
1188922.348,TO_CENTER,4.00,21.45,-1.04,1,1586,1695,CENTER
1188922.368,TO_CENTER,4.00,21.45,-1.04,1,1586,1695,CENTER
1188922.389,TO_CENTER,4.00,21.45,-1.04,1,1586,1695,CENTER
1188922.410,TO_CENTER,4.00,21.45,-1.04,1,1586,1695,CENTER
1188922.431,TO_CENTER,4.00,21.45,-1.04,1,1586,1695,CENTER
1188922.451,TO_CENTER,4.12,21.41,-1.07,1,1586,1694,CENTER
1188922.471,TO_CENTER,4.12,21.41,-1.07,1,1586,1694,CENTER
1188922.492,TO_CENTER,4.12,21.41,-1.07,1,1586,1694,CENTER
1188922.513,TO_CENTER,4.12,21.41,-1.07,1,1586,1694,CENTER
1188922.533,TO_CENTER,4.12,21.41,-1.07,1,1586,1694,CENTER
1188922.554,TO_CENTER,4.25,21.37,-1.09,1,1585,1694,CENTER
1188922.575,TO_CENTER,4.25,21.37,-1.09,1,1585,1694,CENTER
1188922.596,TO_CENTER,4.25,21.37,-1.09,1,1585,1694,CENTER
1188922.616,TO_CENTER,4.25,21.37,-1.09,1,1585,1694,CENTER
1188922.637,TO_CENTER,4.25,21.37,-1.09,1,1585,1694,CENTER
1188922.658,TO_CENTER,4.25,21.37,-1.09,1,1585,1694,CENTER
1188922.678,TO_CENTER,4.25,21.37,-1.09,1,1585,1694,CENTER
1188922.699,TO_CENTER,4.25,21.37,-1.09,1,1585,1694,CENTER
1188922.719,TO_CENTER,4.25,21.37,-1.09,1,1585,1694,CENTER
1188922.740,TO_CENTER,4.25,21.37,-1.09,1,1585,1694,CENTER
1188922.761,TO_CENTER,4.38,21.32,-1.12,1,1585,1693,CENTER
1188922.781,TO_CENTER,4.38,21.32,-1.12,1,1585,1693,CENTER
1188922.801,TO_CENTER,4.38,21.32,-1.12,1,1585,1693,CENTER
1188922.822,TO_CENTER,4.38,21.32,-1.12,1,1585,1693,CENTER
1188922.843,TO_CENTER,4.38,21.32,-1.12,1,1585,1693,CENTER
1188922.863,TO_CENTER,4.51,21.27,-1.14,1,1585,1693,CENTER
1188922.884,TO_CENTER,4.51,21.27,-1.14,1,1585,1693,CENTER
1188922.904,TO_CENTER,4.51,21.27,-1.14,1,1585,1693,CENTER
1188922.924,TO_CENTER,4.51,21.27,-1.14,1,1585,1693,CENTER
1188922.945,TO_CENTER,4.51,21.27,-1.14,1,1585,1693,CENTER
1188922.965,TO_CENTER,4.65,21.23,-1.17,1,1585,1693,CENTER
1188922.986,TO_CENTER,4.65,21.23,-1.17,1,1585,1693,CENTER
1188923.007,TO_CENTER,4.65,21.23,-1.17,1,1585,1693,CENTER
1188923.027,TO_CENTER,4.65,21.23,-1.17,1,1585,1693,CENTER
1188923.048,TO_CENTER,4.65,21.23,-1.17,1,1585,1693,CENTER
1188923.068,TO_CENTER,4.65,21.23,-1.17,1,1585,1693,CENTER
1188923.089,TO_CENTER,4.65,21.23,-1.17,1,1585,1693,CENTER
1188923.109,TO_CENTER,4.65,21.23,-1.17,1,1585,1693,CENTER
1188923.130,TO_CENTER,4.65,21.23,-1.17,1,1585,1693,CENTER
1188923.150,TO_CENTER,4.65,21.23,-1.17,1,1585,1693,CENTER
1188923.171,TO_CENTER,4.78,21.18,-1.20,1,1585,1692,CENTER
1188923.191,TO_CENTER,4.78,21.18,-1.20,1,1585,1692,CENTER
1188923.212,TO_CENTER,4.78,21.18,-1.20,1,1585,1692,CENTER
1188923.232,TO_CENTER,4.78,21.18,-1.20,1,1585,1692,CENTER
1188923.253,TO_CENTER,4.78,21.18,-1.20,1,1585,1692,CENTER
1188923.273,TO_CENTER,4.92,21.14,-1.22,1,1585,1692,CENTER
1188923.294,TO_CENTER,4.92,21.14,-1.22,1,1585,1692,CENTER
1188923.314,TO_CENTER,4.92,21.14,-1.22,1,1585,1692,CENTER
1188923.335,TO_CENTER,4.92,21.14,-1.22,1,1585,1692,CENTER
1188923.356,TO_CENTER,4.92,21.14,-1.22,1,1585,1692,CENTER
1188923.376,TO_CENTER,5.01,21.11,-1.25,1,1584,1691,CENTER
1188923.397,TO_CENTER,5.01,21.11,-1.25,1,1584,1691,CENTER
1188923.418,TO_CENTER,5.01,21.11,-1.25,1,1584,1691,CENTER
1188923.438,TO_CENTER,5.01,21.11,-1.25,1,1584,1691,CENTER
1188923.459,TO_CENTER,5.01,21.11,-1.25,1,1584,1691,CENTER
1188923.479,TO_CENTER,5.11,21.07,-1.25,1,1584,1691,CENTER
1188923.500,TO_CENTER,5.11,21.07,-1.25,1,1584,1691,CENTER
1188923.521,TO_CENTER,5.11,21.07,-1.25,1,1584,1691,CENTER
1188923.541,TO_CENTER,5.11,21.07,-1.25,1,1584,1691,CENTER
1188923.562,TO_CENTER,5.11,21.07,-1.25,1,1584,1691,CENTER
1188923.584,TO_CENTER,5.11,21.07,-1.25,1,1584,1691,CENTER
1188923.604,TO_CENTER,5.11,21.07,-1.25,1,1584,1691,CENTER
1188923.625,TO_CENTER,5.11,21.07,-1.25,1,1584,1691,CENTER
1188923.645,TO_CENTER,5.11,21.07,-1.25,1,1584,1691,CENTER
1188923.666,TO_CENTER,5.11,21.07,-1.25,1,1584,1691,CENTER
1188923.686,TO_CENTER,5.25,21.02,-1.27,1,1584,1691,CENTER
1188923.707,TO_CENTER,5.25,21.02,-1.27,1,1584,1691,CENTER
1188923.727,TO_CENTER,5.25,21.02,-1.27,1,1584,1691,CENTER
1188923.748,TO_CENTER,5.25,21.02,-1.27,1,1584,1691,CENTER
1188923.769,TO_CENTER,5.25,21.02,-1.27,1,1584,1691,CENTER
1188923.790,TO_CENTER,5.40,20.98,-1.30,1,1584,1689,CENTER
1188923.810,TO_CENTER,5.40,20.98,-1.30,1,1584,1689,CENTER
1188923.831,TO_CENTER,5.40,20.98,-1.30,1,1584,1689,CENTER
1188923.851,TO_CENTER,5.40,20.98,-1.30,1,1584,1689,CENTER
1188923.872,TO_CENTER,5.40,20.98,-1.30,1,1584,1689,CENTER
1188923.893,TO_CENTER,5.55,20.93,-1.33,1,1584,1689,CENTER
1188923.914,TO_CENTER,5.55,20.93,-1.33,1,1584,1689,CENTER
1188923.934,TO_CENTER,5.55,20.93,-1.33,1,1584,1689,CENTER
1188923.956,TO_CENTER,5.55,20.93,-1.33,1,1584,1689,CENTER
1188923.976,TO_CENTER,5.55,20.93,-1.33,1,1584,1689,CENTER
1188923.997,TO_CENTER,5.55,20.93,-0.33,1,1584,1689,CENTER
1188924.018,TO_CENTER,5.55,20.93,-0.33,1,1584,1689,CENTER
1188924.039,TO_CENTER,5.55,20.93,-0.33,1,1584,1689,CENTER
1188924.059,TO_CENTER,5.55,20.93,-0.33,1,1584,1689,CENTER
1188924.084,TO_CENTER,5.55,20.93,-0.33,1,1584,1689,CENTER
1188924.104,TO_CENTER,5.70,20.88,-0.35,1,1584,1688,CENTER
1188924.124,TO_CENTER,5.70,20.88,-0.35,1,1584,1688,CENTER
1188924.145,TO_CENTER,5.70,20.88,-0.35,1,1584,1688,CENTER
1188924.165,TO_CENTER,5.70,20.88,-0.35,1,1584,1688,CENTER
1188924.186,TO_CENTER,5.70,20.88,-0.35,1,1584,1688,CENTER
1188924.206,TO_CENTER,5.80,20.85,-0.38,1,1583,1688,CENTER
1188924.227,TO_CENTER,5.80,20.85,-0.38,1,1583,1688,CENTER
1188924.248,TO_CENTER,5.80,20.85,-0.38,1,1583,1688,CENTER
1188924.268,TO_CENTER,5.80,20.85,-0.38,1,1583,1688,CENTER
1188924.289,TO_CENTER,5.80,20.85,-0.38,1,1583,1688,CENTER
1188924.309,TO_CENTER,5.90,20.81,-0.38,1,1583,1688,CENTER
1188924.330,TO_CENTER,5.90,20.81,-0.38,1,1583,1688,CENTER
1188924.350,TO_CENTER,5.90,20.81,-0.38,1,1583,1688,CENTER
1188924.371,TO_CENTER,5.90,20.81,-0.38,1,1583,1688,CENTER
1188924.391,TO_CENTER,5.90,20.81,-0.38,1,1583,1688,CENTER
1188924.412,TO_CENTER,6.01,20.78,-0.41,1,1583,1687,CENTER
1188924.432,TO_CENTER,6.01,20.78,-0.41,1,1583,1687,CENTER
1188924.454,TO_CENTER,6.01,20.78,-0.41,1,1583,1687,CENTER
1188924.474,TO_CENTER,6.01,20.78,-0.41,1,1583,1687,CENTER
1188924.495,TO_CENTER,6.01,20.78,-0.41,1,1583,1687,CENTER
1188924.516,TO_CENTER,6.11,20.75,-0.40,1,1583,1687,CENTER
1188924.536,TO_CENTER,6.11,20.75,-0.40,1,1583,1687,CENTER
1188924.557,TO_CENTER,6.11,20.75,-0.40,1,1583,1687,CENTER
1188924.578,TO_CENTER,6.11,20.75,-0.40,1,1583,1687,CENTER
1188924.598,TO_CENTER,6.11,20.75,-0.40,1,1583,1687,CENTER
1188924.618,TO_CENTER,6.11,20.75,-0.40,1,1583,1687,CENTER
1188924.638,TO_CENTER,6.11,20.75,-0.40,1,1583,1687,CENTER
1188924.659,TO_CENTER,6.11,20.75,-0.40,1,1583,1687,CENTER
1188924.679,TO_CENTER,6.11,20.75,-0.40,1,1583,1687,CENTER
1188924.700,TO_CENTER,6.11,20.75,-0.40,1,1583,1687,CENTER
1188924.721,TO_CENTER,6.21,20.71,-0.43,1,1583,1687,CENTER
1188924.741,TO_CENTER,6.21,20.71,-0.43,1,1583,1687,CENTER
1188924.761,TO_CENTER,6.21,20.71,-0.43,1,1583,1687,CENTER
1188924.782,TO_CENTER,6.21,20.71,-0.43,1,1583,1687,CENTER
1188924.803,TO_CENTER,6.21,20.71,-0.43,1,1583,1687,CENTER
1188924.823,TO_CENTER,6.32,20.68,-0.46,1,1583,1687,CENTER
1188924.844,TO_CENTER,6.32,20.68,-0.46,1,1583,1687,CENTER
1188924.864,TO_CENTER,6.32,20.68,-0.46,1,1583,1687,CENTER
1188924.884,TO_CENTER,6.32,20.68,-0.46,1,1583,1687,CENTER
1188924.905,TO_CENTER,6.32,20.68,-0.46,1,1583,1687,CENTER
1188924.925,TO_CENTER,6.48,20.63,-0.49,1,1583,1686,CENTER
1188924.946,TO_CENTER,6.48,20.63,-0.49,1,1583,1686,CENTER
1188924.966,TO_CENTER,6.48,20.63,-0.49,1,1583,1686,CENTER
1188924.987,TO_CENTER,6.48,20.63,-0.49,1,1583,1686,CENTER
1188925.007,TO_CENTER,6.48,20.63,-0.49,1,1583,1686,CENTER
1188925.028,TO_CENTER,6.59,20.60,-0.48,1,1582,1686,CENTER
1188925.048,TO_CENTER,6.59,20.60,-0.48,1,1582,1686,CENTER
1188925.068,TO_CENTER,6.59,20.60,-0.48,1,1582,1686,CENTER
1188925.089,TO_CENTER,6.59,20.60,-0.48,1,1582,1686,CENTER
1188925.109,TO_CENTER,6.59,20.60,-0.48,1,1582,1686,CENTER
1188925.130,TO_CENTER,6.75,20.54,-0.51,1,1582,1685,CENTER
1188925.151,TO_CENTER,6.75,20.54,-0.51,1,1582,1685,CENTER
1188925.171,TO_CENTER,6.75,20.54,-0.51,1,1582,1685,CENTER
1188925.192,TO_CENTER,6.75,20.54,-0.51,1,1582,1685,CENTER
1188925.212,TO_CENTER,6.75,20.54,-0.51,1,1582,1685,CENTER
1188925.232,TO_CENTER,6.75,20.54,-0.51,1,1582,1685,CENTER
1188925.253,TO_CENTER,6.75,20.54,-0.51,1,1582,1685,CENTER
1188925.273,TO_CENTER,6.75,20.54,-0.51,1,1582,1685,CENTER
1188925.294,TO_CENTER,6.75,20.54,-0.51,1,1582,1685,CENTER
1188925.315,TO_CENTER,6.75,20.54,-0.51,1,1582,1685,CENTER
1188925.335,TO_CENTER,6.92,20.49,-0.54,1,1582,1685,CENTER
1188925.355,TO_CENTER,6.92,20.49,-0.54,1,1582,1685,CENTER
1188925.376,TO_CENTER,6.92,20.49,-0.54,1,1582,1685,CENTER
1188925.396,TO_CENTER,6.92,20.49,-0.54,1,1582,1685,CENTER
1188925.418,TO_CENTER,6.92,20.49,-0.54,1,1582,1685,CENTER
1188925.438,TO_CENTER,7.03,20.45,-0.54,1,1582,1684,CENTER
1188925.458,TO_CENTER,7.03,20.45,-0.54,1,1582,1684,CENTER
1188925.479,TO_CENTER,7.03,20.45,-0.54,1,1582,1684,CENTER
1188925.499,TO_CENTER,7.03,20.45,-0.54,1,1582,1684,CENTER
1188925.520,TO_CENTER,7.03,20.45,-0.54,1,1582,1684,CENTER
1188925.541,TO_CENTER,7.14,20.42,-0.56,1,1582,1684,CENTER
1188925.561,TO_CENTER,7.14,20.42,-0.56,1,1582,1684,CENTER
1188925.582,TO_CENTER,7.14,20.42,-0.56,1,1582,1684,CENTER
1188925.602,TO_CENTER,7.14,20.42,-0.56,1,1582,1684,CENTER
1188925.623,TO_CENTER,7.14,20.42,-0.56,1,1582,1684,CENTER
1188925.643,TO_CENTER,7.25,20.38,-0.59,1,1582,1684,CENTER
1188925.664,TO_CENTER,7.25,20.38,-0.59,1,1582,1684,CENTER
1188925.684,TO_CENTER,7.25,20.38,-0.59,1,1582,1684,CENTER
1188925.704,TO_CENTER,7.25,20.38,-0.59,1,1582,1684,CENTER
1188925.726,TO_CENTER,7.25,20.38,-0.59,1,1582,1684,CENTER
1188925.746,TO_CENTER,7.42,20.33,-0.59,1,1581,1683,CENTER
1188925.766,TO_CENTER,7.42,20.33,-0.59,1,1581,1683,CENTER
1188925.787,TO_CENTER,7.42,20.33,-0.59,1,1581,1683,CENTER
1188925.807,TO_CENTER,7.42,20.33,-0.59,1,1581,1683,CENTER
1188925.828,TO_CENTER,7.42,20.33,-0.59,1,1581,1683,CENTER
1188925.848,TO_CENTER,7.53,20.29,-0.62,1,1581,1683,CENTER
1188925.868,TO_CENTER,7.53,20.29,-0.62,1,1581,1683,CENTER
1188925.889,TO_CENTER,7.53,20.29,-0.62,1,1581,1683,CENTER
1188925.909,TO_CENTER,7.53,20.29,-0.62,1,1581,1683,CENTER
1188925.930,TO_CENTER,7.53,20.29,-0.62,1,1581,1683,CENTER
1188925.950,TO_CENTER,7.65,20.25,-0.65,1,1581,1683,CENTER
1188925.971,TO_CENTER,7.65,20.25,-0.65,1,1581,1683,CENTER
1188925.991,TO_CENTER,7.65,20.25,-0.65,1,1581,1683,CENTER
1188926.012,TO_CENTER,7.65,20.25,-0.65,1,1581,1683,CENTER
1188926.032,TO_CENTER,7.65,20.25,-0.65,1,1581,1683,CENTER
1188926.053,TO_CENTER,7.65,20.25,-0.65,1,1581,1683,CENTER
1188926.073,TO_CENTER,7.65,20.25,-0.65,1,1581,1683,CENTER
1188926.094,TO_CENTER,7.65,20.25,-0.65,1,1581,1683,CENTER
1188926.114,TO_CENTER,7.65,20.25,-0.65,1,1581,1683,CENTER
1188926.135,TO_CENTER,7.65,20.25,-0.65,1,1581,1683,CENTER
1188926.155,TO_CENTER,7.77,20.22,-0.64,1,1581,1682,CENTER
1188926.176,TO_CENTER,7.77,20.22,-0.64,1,1581,1682,CENTER
1188926.197,TO_CENTER,7.77,20.22,-0.64,1,1581,1682,CENTER
1188926.217,TO_CENTER,7.77,20.22,-0.64,1,1581,1682,CENTER
1188926.239,TO_CENTER,7.77,20.22,-0.64,1,1581,1682,CENTER
1188926.259,TO_CENTER,7.94,20.16,-0.67,1,1581,1682,CENTER
1188926.280,TO_CENTER,7.94,20.16,-0.67,1,1581,1682,CENTER
1188926.301,TO_CENTER,7.94,20.16,-0.67,1,1581,1682,CENTER
1188926.322,TO_CENTER,7.94,20.16,-0.67,1,1581,1682,CENTER
1188926.342,TO_CENTER,7.94,20.16,-0.67,1,1581,1682,CENTER
1188926.363,TO_CENTER,8.06,20.13,-0.70,1,1581,1681,CENTER
1188926.383,TO_CENTER,8.06,20.13,-0.70,1,1581,1681,CENTER
1188926.404,TO_CENTER,8.06,20.13,-0.70,1,1581,1681,CENTER
1188926.427,TO_CENTER,8.06,20.13,-0.70,1,1581,1681,CENTER
1188926.447,TO_CENTER,8.06,20.13,-0.70,1,1581,1681,CENTER
1188926.468,TO_CENTER,8.06,20.13,-0.70,1,1581,1681,CENTER
1188926.490,TO_CENTER,8.06,20.13,-0.70,1,1581,1681,CENTER
1188926.510,TO_CENTER,8.06,20.13,-0.70,1,1581,1681,CENTER
1188926.530,TO_CENTER,8.06,20.13,-0.70,1,1581,1681,CENTER
1188926.551,TO_CENTER,8.06,20.13,-0.70,1,1581,1681,CENTER
1188926.571,TO_CENTER,8.18,20.09,-0.70,1,1580,1681,CENTER
1188926.591,TO_CENTER,8.18,20.09,-0.70,1,1580,1681,CENTER
1188926.612,TO_CENTER,8.18,20.09,-0.70,1,1580,1681,CENTER
1188926.633,TO_CENTER,8.18,20.09,-0.70,1,1580,1681,CENTER
1188926.653,TO_CENTER,8.18,20.09,-0.70,1,1580,1681,CENTER
1188926.674,TO_CENTER,8.30,20.05,-0.73,1,1580,1681,CENTER
1188926.694,TO_CENTER,8.30,20.05,-0.73,1,1580,1681,CENTER
1188926.715,TO_CENTER,8.30,20.05,-0.73,1,1580,1681,CENTER
1188926.738,TO_CENTER,8.30,20.05,-0.73,1,1580,1681,CENTER
1188926.758,TO_CENTER,8.30,20.05,-0.73,1,1580,1681,CENTER
1188926.778,TO_CENTER,8.30,20.05,-0.73,1,1580,1681,CENTER
1188926.799,TO_CENTER,8.30,20.05,-0.73,1,1580,1681,CENTER
1188926.819,TO_CENTER,8.30,20.05,-0.73,1,1580,1681,CENTER
1188926.840,TO_CENTER,8.30,20.05,-0.73,1,1580,1681,CENTER
1188926.861,TO_CENTER,8.30,20.05,-0.73,1,1580,1681,CENTER
1188926.881,TO_CENTER,8.41,20.02,-0.73,1,1580,1680,CENTER
1188926.902,TO_CENTER,8.41,20.02,-0.73,1,1580,1680,CENTER
