mono_t,phase,rel_alt_m,distance_m,h_err_deg,yaw_aligned,pitch_us,throttle_us,target
1189126.795,X_LEG_1,14.42,44.00,54.51,0,1500,1642,NE
1189126.816,X_LEG_1,14.42,44.00,54.51,0,1500,1642,NE
1189126.837,X_LEG_1,14.42,44.00,54.51,0,1500,1642,NE
1189126.857,X_LEG_1,14.42,44.00,54.51,0,1500,1642,NE
1189126.878,X_LEG_1,14.42,44.00,54.51,0,1500,1642,NE
1189126.898,X_LEG_1,14.42,44.00,54.51,0,1500,1642,NE
1189126.919,X_LEG_1,14.42,44.00,54.51,0,1500,1642,NE
1189126.940,X_LEG_1,14.42,44.00,54.51,0,1500,1642,NE
1189126.960,X_LEG_1,14.42,44.00,54.51,0,1500,1642,NE
1189126.981,X_LEG_1,14.42,44.00,54.51,0,1500,1642,NE
1189127.002,X_LEG_1,14.63,44.00,54.51,0,1500,1642,NE
1189127.023,X_LEG_1,14.63,44.00,54.51,0,1500,1642,NE
1189127.043,X_LEG_1,14.63,44.00,54.51,0,1500,1642,NE
1189127.064,X_LEG_1,14.63,44.00,54.51,0,1500,1642,NE
1189127.085,X_LEG_1,14.63,44.00,54.51,0,1500,1642,NE
1189127.105,X_LEG_1,14.77,44.00,54.51,0,1500,1641,NE
1189127.127,X_LEG_1,14.77,44.00,54.51,0,1500,1641,NE
1189127.147,X_LEG_1,14.77,44.00,54.51,0,1500,1641,NE
1189127.168,X_LEG_1,14.77,44.00,54.51,0,1500,1641,NE
1189127.189,X_LEG_1,14.77,44.00,54.51,0,1500,1641,NE
1189127.210,X_LEG_1,14.98,44.00,54.49,0,1500,1641,NE
1189127.230,X_LEG_1,14.98,44.00,54.49,0,1500,1641,NE
1189127.251,X_LEG_1,14.98,44.00,54.49,0,1500,1641,NE
1189127.271,X_LEG_1,14.98,44.00,54.49,0,1500,1641,NE
1189127.291,X_LEG_1,14.98,44.00,54.49,0,1500,1641,NE
1189127.312,X_LEG_1,14.98,44.00,41.49,0,1500,1641,NE
1189127.332,X_LEG_1,14.98,44.00,41.49,0,1500,1641,NE
1189127.352,X_LEG_1,14.98,44.00,41.49,0,1500,1641,NE
1189127.374,X_LEG_1,14.98,44.00,41.49,0,1500,1641,NE
1189127.395,X_LEG_1,14.98,44.00,41.49,0,1500,1641,NE
1189127.415,X_LEG_1,15.20,44.00,41.49,0,1500,1641,NE
1189127.436,X_LEG_1,15.20,44.00,41.49,0,1500,1641,NE
1189127.456,X_LEG_1,15.20,44.00,41.49,0,1500,1641,NE
1189127.477,X_LEG_1,15.20,44.00,41.49,0,1500,1641,NE
1189127.498,X_LEG_1,15.20,44.00,41.49,0,1500,1641,NE
1189127.518,X_LEG_1,15.42,43.99,41.48,0,1500,1640,NE
1189127.538,X_LEG_1,15.42,43.99,41.48,0,1500,1640,NE
1189127.559,X_LEG_1,15.42,43.99,41.48,0,1500,1640,NE
1189127.580,X_LEG_1,15.42,43.99,41.48,0,1500,1640,NE
1189127.600,X_LEG_1,15.42,43.99,41.48,0,1500,1640,NE
1189127.621,X_LEG_1,15.56,43.99,41.48,0,1500,1640,NE
1189127.641,X_LEG_1,15.56,43.99,41.48,0,1500,1640,NE
1189127.662,X_LEG_1,15.56,43.99,41.48,0,1500,1640,NE
1189127.682,X_LEG_1,15.56,43.99,41.48,0,1500,1640,NE
1189127.703,X_LEG_1,15.56,43.99,41.48,0,1500,1640,NE
1189127.723,X_LEG_1,15.56,43.99,41.48,0,1500,1640,NE
1189127.744,X_LEG_1,15.56,43.99,41.48,0,1500,1640,NE
1189127.764,X_LEG_1,15.56,43.99,41.48,0,1500,1640,NE
1189127.785,X_LEG_1,15.56,43.99,41.48,0,1500,1640,NE
1189127.805,X_LEG_1,15.56,43.99,41.48,0,1500,1640,NE
1189127.826,X_LEG_1,15.78,43.99,41.48,0,1500,1639,NE
1189127.847,X_LEG_1,15.78,43.99,41.48,0,1500,1639,NE
1189127.867,X_LEG_1,15.78,43.99,41.48,0,1500,1639,NE
1189127.887,X_LEG_1,15.78,43.99,41.48,0,1500,1639,NE
1189127.908,X_LEG_1,15.78,43.99,41.48,0,1500,1639,NE
1189127.928,X_LEG_1,15.93,43.99,9.47,1,1676,1665,NE
1189127.950,X_LEG_1,15.93,43.99,9.47,1,1676,1665,NE
1189127.970,X_LEG_1,15.93,43.99,9.47,1,1676,1665,NE
1189127.991,X_LEG_1,15.93,43.99,9.47,1,1676,1665,NE
1189128.011,X_LEG_1,15.93,43.99,9.47,1,1676,1665,NE
1189128.032,X_LEG_1,16.15,43.99,9.47,1,1676,1664,NE
1189128.052,X_LEG_1,16.15,43.99,9.47,1,1676,1664,NE
1189128.073,X_LEG_1,16.15,43.99,9.47,1,1676,1664,NE
1189128.093,X_LEG_1,16.15,43.99,9.47,1,1676,1664,NE
1189128.114,X_LEG_1,16.15,43.99,9.47,1,1676,1664,NE
1189128.134,X_LEG_1,16.30,43.99,9.47,1,1676,1664,NE
1189128.155,X_LEG_1,16.30,43.99,9.47,1,1676,1664,NE
1189128.176,X_LEG_1,16.30,43.99,9.47,1,1676,1664,NE
1189128.196,X_LEG_1,16.30,43.99,9.47,1,1676,1664,NE
1189128.216,X_LEG_1,16.30,43.99,9.47,1,1676,1664,NE
1189128.237,X_LEG_1,16.45,43.99,9.46,1,1676,1663,NE
1189128.257,X_LEG_1,16.45,43.99,9.46,1,1676,1663,NE
1189128.278,X_LEG_1,16.45,43.99,9.46,1,1676,1663,NE
1189128.298,X_LEG_1,16.45,43.99,9.46,1,1676,1663,NE
1189128.319,X_LEG_1,16.45,43.99,9.46,1,1676,1663,NE
1189128.339,X_LEG_1,16.60,43.99,9.46,1,1676,1663,NE
1189128.360,X_LEG_1,16.60,43.99,9.46,1,1676,1663,NE
1189128.380,X_LEG_1,16.60,43.99,9.46,1,1676,1663,NE
1189128.401,X_LEG_1,16.60,43.99,9.46,1,1676,1663,NE
1189128.422,X_LEG_1,16.60,43.99,9.46,1,1676,1663,NE
1189128.442,X_LEG_1,16.75,43.99,9.46,1,1676,1662,NE
1189128.463,X_LEG_1,16.75,43.99,9.46,1,1676,1662,NE
1189128.483,X_LEG_1,16.75,43.99,9.46,1,1676,1662,NE
1189128.504,X_LEG_1,16.75,43.99,9.46,1,1676,1662,NE
1189128.524,X_LEG_1,16.75,43.99,9.46,1,1676,1662,NE
1189128.545,X_LEG_1,16.90,43.98,9.47,1,1676,1662,NE
1189128.565,X_LEG_1,16.90,43.98,9.47,1,1676,1662,NE
1189128.586,X_LEG_1,16.90,43.98,9.47,1,1676,1662,NE
1189128.607,X_LEG_1,16.90,43.98,9.47,1,1676,1662,NE
1189128.627,X_LEG_1,16.90,43.98,9.47,1,1676,1662,NE
1189128.648,X_LEG_1,16.90,43.98,8.47,1,1676,1662,NE
1189128.668,X_LEG_1,16.90,43.98,8.47,1,1676,1662,NE
1189128.689,X_LEG_1,16.90,43.98,8.47,1,1676,1662,NE
1189128.709,X_LEG_1,16.90,43.98,8.47,1,1676,1662,NE
1189128.730,X_LEG_1,16.90,43.98,8.47,1,1676,1662,NE
1189128.750,X_LEG_1,17.05,43.98,8.47,1,1676,1661,NE
1189128.773,X_LEG_1,17.05,43.98,8.47,1,1676,1661,NE
1189128.793,X_LEG_1,17.05,43.98,8.47,1,1676,1661,NE
1189128.813,X_LEG_1,17.05,43.98,8.47,1,1676,1661,NE
1189128.834,X_LEG_1,17.05,43.98,8.47,1,1676,1661,NE
1189128.854,X_LEG_1,17.05,43.98,8.47,1,1676,1661,NE
1189128.875,X_LEG_1,17.05,43.98,8.47,1,1676,1661,NE
1189128.896,X_LEG_1,17.05,43.98,8.47,1,1676,1661,NE
1189128.916,X_LEG_1,17.05,43.98,8.47,1,1676,1661,NE
1189128.937,X_LEG_1,17.05,43.98,8.47,1,1676,1661,NE
1189128.959,X_LEG_1,17.28,43.98,8.46,1,1676,1661,NE
1189128.979,X_LEG_1,17.28,43.98,8.46,1,1676,1661,NE
1189129.000,X_LEG_1,17.28,43.98,8.46,1,1676,1661,NE
1189129.021,X_LEG_1,17.28,43.98,8.46,1,1676,1661,NE
1189129.041,X_LEG_1,17.28,43.98,8.46,1,1676,1661,NE
1189129.061,X_LEG_1,17.51,43.97,8.47,1,1676,1660,NE
1189129.082,X_LEG_1,17.51,43.97,8.47,1,1676,1660,NE
1189129.102,X_LEG_1,17.51,43.97,8.47,1,1676,1660,NE
1189129.123,X_LEG_1,17.51,43.97,8.47,1,1676,1660,NE
1189129.144,X_LEG_1,17.51,43.97,8.47,1,1676,1660,NE
1189129.165,X_LEG_1,17.74,43.96,8.45,1,1676,1659,NE
1189129.185,X_LEG_1,17.74,43.96,8.45,1,1676,1659,NE
1189129.206,X_LEG_1,17.74,43.96,8.45,1,1676,1659,NE
1189129.227,X_LEG_1,17.74,43.96,8.45,1,1676,1659,NE
1189129.247,X_LEG_1,17.74,43.96,8.45,1,1676,1659,NE
1189129.268,X_LEG_1,17.74,43.96,7.45,1,1676,1659,NE
1189129.289,X_LEG_1,17.74,43.96,7.45,1,1676,1659,NE
1189129.309,X_LEG_1,17.74,43.96,7.45,1,1676,1659,NE
1189129.331,X_LEG_1,17.74,43.96,7.45,1,1676,1659,NE
1189129.351,X_LEG_1,17.74,43.96,7.45,1,1676,1659,NE
1189129.371,X_LEG_1,17.97,43.93,7.46,1,1676,1659,NE
1189129.393,X_LEG_1,17.97,43.93,7.46,1,1676,1659,NE
1189129.414,X_LEG_1,17.97,43.93,7.46,1,1676,1659,NE
1189129.434,X_LEG_1,17.97,43.93,7.46,1,1676,1659,NE
1189129.455,X_LEG_1,17.97,43.93,7.46,1,1676,1659,NE
1189129.475,X_LEG_1,18.19,43.92,7.46,1,1676,1658,NE
1189129.496,X_LEG_1,18.19,43.92,7.46,1,1676,1658,NE
1189129.517,X_LEG_1,18.19,43.92,7.46,1,1676,1658,NE
1189129.537,X_LEG_1,18.19,43.92,7.46,1,1676,1658,NE
1189129.557,X_LEG_1,18.19,43.92,7.46,1,1676,1658,NE
1189129.578,X_LEG_1,18.42,43.89,7.46,1,1676,1657,NE
1189129.598,X_LEG_1,18.42,43.89,7.46,1,1676,1657,NE
1189129.619,X_LEG_1,18.42,43.89,7.46,1,1676,1657,NE
1189129.639,X_LEG_1,18.42,43.89,7.46,1,1676,1657,NE
1189129.660,X_LEG_1,18.42,43.89,7.46,1,1676,1657,NE
1189129.681,X_LEG_1,18.42,43.89,7.46,1,1676,1657,NE
1189129.701,X_LEG_1,18.42,43.89,7.46,1,1676,1657,NE
1189129.722,X_LEG_1,18.42,43.89,7.46,1,1676,1657,NE
1189129.742,X_LEG_1,18.42,43.89,7.46,1,1676,1657,NE
1189129.763,X_LEG_1,18.42,43.89,7.46,1,1676,1657,NE
1189129.783,X_LEG_1,18.65,43.86,3.46,1,1675,1657,NE
1189129.804,X_LEG_1,18.65,43.86,3.46,1,1675,1657,NE
1189129.824,X_LEG_1,18.65,43.86,3.46,1,1675,1657,NE
1189129.845,X_LEG_1,18.65,43.86,3.46,1,1675,1657,NE
1189129.865,X_LEG_1,18.65,43.86,3.46,1,1675,1657,NE
1189129.886,X_LEG_1,18.88,43.83,3.46,1,1675,1656,NE
1189129.906,X_LEG_1,18.88,43.83,3.46,1,1675,1656,NE
1189129.926,X_LEG_1,18.88,43.83,3.46,1,1675,1656,NE
1189129.947,X_LEG_1,18.88,43.83,3.46,1,1675,1656,NE
1189129.968,X_LEG_1,18.88,43.83,3.46,1,1675,1656,NE
1189129.989,X_LEG_1,19.03,43.80,3.47,1,1675,1655,NE
1189130.009,X_LEG_1,19.03,43.80,3.47,1,1675,1655,NE
1189130.030,X_LEG_1,19.03,43.80,3.47,1,1675,1655,NE
1189130.050,X_LEG_1,19.03,43.80,3.47,1,1675,1655,NE
1189130.071,X_LEG_1,19.03,43.80,3.47,1,1675,1655,NE
1189130.092,X_LEG_1,19.25,43.76,3.47,1,1675,1655,NE
1189130.113,X_LEG_1,19.25,43.76,3.47,1,1675,1655,NE
1189130.133,X_LEG_1,19.25,43.76,3.47,1,1675,1655,NE
1189130.154,X_LEG_1,19.25,43.76,3.47,1,1675,1655,NE
1189130.174,X_LEG_1,19.25,43.76,3.47,1,1675,1655,NE
1189130.195,X_LEG_1,19.25,43.76,3.47,1,1675,1655,NE
1189130.217,X_LEG_1,19.25,43.76,3.47,1,1675,1655,NE
1189130.237,X_LEG_1,19.25,43.76,3.47,1,1675,1655,NE
1189130.258,X_LEG_1,19.25,43.76,3.47,1,1675,1655,NE
1189130.278,X_LEG_1,19.25,43.76,3.47,1,1675,1655,NE
1189130.298,X_LEG_1,19.48,43.72,3.48,1,1675,1654,NE
1189130.319,X_LEG_1,19.48,43.72,3.48,1,1675,1654,NE
1189130.339,X_LEG_1,19.48,43.72,3.48,1,1675,1654,NE
1189130.360,X_LEG_1,19.48,43.72,3.48,1,1675,1654,NE
1189130.380,X_LEG_1,19.48,43.72,3.48,1,1675,1654,NE
1189130.401,X_LEG_1,19.71,43.67,5.47,1,1675,1653,NE
1189130.427,X_LEG_1,19.71,43.67,5.47,1,1675,1653,NE
1189130.448,X_LEG_1,19.71,43.67,5.47,1,1675,1653,NE
1189130.468,X_LEG_1,19.71,43.67,5.47,1,1675,1653,NE
1189130.489,X_LEG_1,19.71,43.67,5.47,1,1675,1653,NE
1189130.509,X_LEG_1,19.85,43.65,5.47,1,1675,1653,NE
1189130.530,X_LEG_1,19.85,43.65,5.47,1,1675,1653,NE
1189130.551,X_LEG_1,19.85,43.65,5.47,1,1675,1653,NE
1189130.571,X_LEG_1,19.85,43.65,5.47,1,1675,1653,NE
1189130.592,X_LEG_1,19.85,43.65,5.47,1,1675,1653,NE
1189130.612,X_LEG_1,19.85,43.65,5.47,1,1675,1653,NE
1189130.633,X_LEG_1,19.85,43.65,5.47,1,1675,1653,NE
1189130.654,X_LEG_1,19.85,43.65,5.47,1,1675,1653,NE
1189130.675,X_LEG_1,19.85,43.65,5.47,1,1675,1653,NE
1189130.695,X_LEG_1,19.85,43.65,5.47,1,1675,1653,NE
1189130.716,X_LEG_1,20.01,43.60,5.48,1,1674,1652,NE
1189130.736,X_LEG_1,20.01,43.60,5.48,1,1674,1652,NE
1189130.757,X_LEG_1,20.01,43.60,5.48,1,1674,1652,NE
1189130.779,X_LEG_1,20.01,43.60,5.48,1,1674,1652,NE
1189130.800,X_LEG_1,20.01,43.60,5.48,1,1674,1652,NE
1189130.820,X_LEG_1,20.01,43.60,5.48,1,1674,1652,NE
1189130.841,X_LEG_1,20.01,43.60,5.48,1,1674,1652,NE
1189130.861,X_LEG_1,20.01,43.60,5.48,1,1674,1652,NE
1189130.882,X_LEG_1,20.01,43.60,5.48,1,1674,1652,NE
1189130.902,X_LEG_1,20.01,43.60,5.48,1,1674,1652,NE
1189130.923,X_LEG_1,20.15,43.58,5.48,1,1674,1652,NE
1189130.943,X_LEG_1,20.15,43.58,5.48,1,1674,1652,NE
1189130.965,X_LEG_1,20.15,43.58,5.48,1,1674,1652,NE
1189130.985,X_LEG_1,20.15,43.58,5.48,1,1674,1652,NE
1189131.005,X_LEG_1,20.15,43.58,5.48,1,1674,1652,NE
1189131.026,X_LEG_1,20.15,43.58,5.48,1,1674,1652,NE
1189131.046,X_LEG_1,20.15,43.58,5.48,1,1674,1652,NE
1189131.067,X_LEG_1,20.15,43.58,5.48,1,1674,1652,NE
1189131.087,X_LEG_1,20.15,43.58,5.48,1,1674,1652,NE
1189131.108,X_LEG_1,20.15,43.58,5.48,1,1674,1652,NE
1189131.128,X_LEG_1,20.45,43.50,5.48,1,1674,1651,NE
1189131.149,X_LEG_1,20.45,43.50,5.48,1,1674,1651,NE
1189131.170,X_LEG_1,20.45,43.50,5.48,1,1674,1651,NE
1189131.190,X_LEG_1,20.45,43.50,5.48,1,1674,1651,NE
1189131.211,X_LEG_1,20.45,43.50,5.48,1,1674,1651,NE
1189131.232,X_LEG_1,20.60,43.46,3.49,1,1674,1651,NE
1189131.252,X_LEG_1,20.60,43.46,3.49,1,1674,1651,NE
1189131.273,X_LEG_1,20.60,43.46,3.49,1,1674,1651,NE
1189131.293,X_LEG_1,20.60,43.46,3.49,1,1674,1651,NE
1189131.314,X_LEG_1,20.60,43.46,3.49,1,1674,1651,NE
1189131.334,X_LEG_1,20.60,43.46,3.49,1,1674,1651,NE
1189131.355,X_LEG_1,20.60,43.46,3.49,1,1674,1651,NE
1189131.375,X_LEG_1,20.60,43.46,3.49,1,1674,1651,NE
1189131.397,X_LEG_1,20.60,43.46,3.49,1,1674,1651,NE
1189131.417,X_LEG_1,20.60,43.46,3.49,1,1674,1651,NE
1189131.438,X_LEG_1,20.75,43.42,3.49,1,1674,1650,NE
1189131.463,X_LEG_1,20.75,43.42,3.49,1,1674,1650,NE
1189131.483,X_LEG_1,20.75,43.42,3.49,1,1674,1650,NE
1189131.504,X_LEG_1,20.75,43.42,3.49,1,1674,1650,NE
1189131.524,X_LEG_1,20.75,43.42,3.49,1,1674,1650,NE
1189131.545,X_LEG_1,20.90,43.38,3.49,1,1674,1650,NE
1189131.565,X_LEG_1,20.90,43.38,3.49,1,1674,1650,NE
1189131.586,X_LEG_1,20.90,43.38,3.49,1,1674,1650,NE
1189131.606,X_LEG_1,20.90,43.38,3.49,1,1674,1650,NE
1189131.627,X_LEG_1,20.90,43.38,3.49,1,1674,1650,NE
1189131.648,X_LEG_1,21.05,43.34,3.50,1,1673,1649,NE
1189131.668,X_LEG_1,21.05,43.34,3.50,1,1673,1649,NE
1189131.688,X_LEG_1,21.05,43.34,3.50,1,1673,1649,NE
1189131.709,X_LEG_1,21.05,43.34,3.50,1,1673,1649,NE
1189131.730,X_LEG_1,21.05,43.34,3.50,1,1673,1649,NE
1189131.750,X_LEG_1,21.05,43.34,3.50,1,1673,1649,NE
1189131.771,X_LEG_1,21.05,43.34,3.50,1,1673,1649,NE
1189131.791,X_LEG_1,21.05,43.34,3.50,1,1673,1649,NE
1189131.812,X_LEG_1,21.05,43.34,3.50,1,1673,1649,NE
1189131.834,X_LEG_1,21.05,43.34,3.50,1,1673,1649,NE
1189131.855,X_LEG_1,21.19,43.29,3.50,1,1673,1648,NE
1189131.876,X_LEG_1,21.19,43.29,3.50,1,1673,1648,NE
1189131.896,X_LEG_1,21.19,43.29,3.50,1,1673,1648,NE
1189131.917,X_LEG_1,21.19,43.29,3.50,1,1673,1648,NE
1189131.937,X_LEG_1,21.19,43.29,3.50,1,1673,1648,NE
1189131.958,X_LEG_1,21.34,43.25,3.50,1,1673,1647,NE
1189131.978,X_LEG_1,21.34,43.25,3.50,1,1673,1647,NE
1189131.999,X_LEG_1,21.34,43.25,3.50,1,1673,1647,NE
1189132.019,X_LEG_1,21.34,43.25,3.50,1,1673,1647,NE
1189132.040,X_LEG_1,21.34,43.25,3.50,1,1673,1647,NE
1189132.060,X_LEG_1,21.49,43.21,3.50,1,1673,1647,NE
1189132.081,X_LEG_1,21.49,43.21,3.50,1,1673,1647,NE
1189132.101,X_LEG_1,21.49,43.21,3.50,1,1673,1647,NE
1189132.122,X_LEG_1,21.49,43.21,3.50,1,1673,1647,NE
1189132.144,X_LEG_1,21.49,43.21,3.50,1,1673,1647,NE
1189132.165,X_LEG_1,21.63,43.15,3.51,1,1673,1647,NE
1189132.185,X_LEG_1,21.63,43.15,3.51,1,1673,1647,NE
1189132.206,X_LEG_1,21.63,43.15,3.51,1,1673,1647,NE
1189132.226,X_LEG_1,21.63,43.15,3.51,1,1673,1647,NE
1189132.247,X_LEG_1,21.63,43.15,3.51,1,1673,1647,NE
1189132.267,X_LEG_1,21.78,43.11,3.51,1,1672,1646,NE
1189132.288,X_LEG_1,21.78,43.11,3.51,1,1672,1646,NE
1189132.308,X_LEG_1,21.78,43.11,3.51,1,1672,1646,NE
1189132.328,X_LEG_1,21.78,43.11,3.51,1,1672,1646,NE
1189132.349,X_LEG_1,21.78,43.11,3.51,1,1672,1646,NE
1189132.370,X_LEG_1,21.92,43.05,3.52,1,1672,1646,NE
1189132.390,X_LEG_1,21.92,43.05,3.52,1,1672,1646,NE
1189132.410,X_LEG_1,21.92,43.05,3.52,1,1672,1646,NE
1189132.431,X_LEG_1,21.92,43.05,3.52,1,1672,1646,NE
1189132.452,X_LEG_1,21.92,43.05,3.52,1,1672,1646,NE
1189132.472,X_LEG_1,22.07,43.01,3.52,1,1672,1645,NE
1189132.493,X_LEG_1,22.07,43.01,3.52,1,1672,1645,NE
1189132.513,X_LEG_1,22.07,43.01,3.52,1,1672,1645,NE
1189132.534,X_LEG_1,22.07,43.01,3.52,1,1672,1645,NE
1189132.554,X_LEG_1,22.07,43.01,3.52,1,1672,1645,NE
1189132.574,X_LEG_1,22.21,42.95,3.52,1,1672,1645,NE
1189132.595,X_LEG_1,22.21,42.95,3.52,1,1672,1645,NE
1189132.616,X_LEG_1,22.21,42.95,3.52,1,1672,1645,NE
1189132.636,X_LEG_1,22.21,42.95,3.52,1,1672,1645,NE
1189132.657,X_LEG_1,22.21,42.95,3.52,1,1672,1645,NE
1189132.677,X_LEG_1,22.35,42.90,3.53,1,1672,1644,NE
1189132.697,X_LEG_1,22.35,42.90,3.53,1,1672,1644,NE
1189132.719,X_LEG_1,22.35,42.90,3.53,1,1672,1644,NE
1189132.739,X_LEG_1,22.35,42.90,3.53,1,1672,1644,NE
1189132.760,X_LEG_1,22.35,42.90,3.53,1,1672,1644,NE
1189132.781,X_LEG_1,22.35,42.90,3.53,1,1672,1644,NE
1189132.801,X_LEG_1,22.35,42.90,3.53,1,1672,1644,NE
1189132.821,X_LEG_1,22.35,42.90,3.53,1,1672,1644,NE
1189132.842,X_LEG_1,22.35,42.90,3.53,1,1672,1644,NE
1189132.863,X_LEG_1,22.35,42.90,3.53,1,1672,1644,NE
1189132.884,X_LEG_1,22.50,42.84,3.53,1,1671,1644,NE
1189132.904,X_LEG_1,22.50,42.84,3.53,1,1671,1644,NE
1189132.925,X_LEG_1,22.50,42.84,3.53,1,1671,1644,NE
1189132.945,X_LEG_1,22.50,42.84,3.53,1,1671,1644,NE
1189132.966,X_LEG_1,22.50,42.84,3.53,1,1671,1644,NE
1189132.986,X_LEG_1,22.64,42.78,3.54,1,1671,1644,NE
1189133.007,X_LEG_1,22.64,42.78,3.54,1,1671,1644,NE
1189133.028,X_LEG_1,22.64,42.78,3.54,1,1671,1644,NE
1189133.048,X_LEG_1,22.64,42.78,3.54,1,1671,1644,NE
1189133.069,X_LEG_1,22.64,42.78,3.54,1,1671,1644,NE
1189133.090,X_LEG_1,22.85,42.70,3.54,1,1671,1643,NE
1189133.111,X_LEG_1,22.85,42.70,3.54,1,1671,1643,NE
1189133.131,X_LEG_1,22.85,42.70,3.54,1,1671,1643,NE
1189133.153,X_LEG_1,22.85,42.70,3.54,1,1671,1643,NE
1189133.173,X_LEG_1,22.85,42.70,3.54,1,1671,1643,NE
1189133.193,X_LEG_1,22.85,42.70,2.54,1,1671,1643,NE
1189133.214,X_LEG_1,22.85,42.70,2.54,1,1671,1643,NE
1189133.234,X_LEG_1,22.85,42.70,2.54,1,1671,1643,NE
1189133.255,X_LEG_1,22.85,42.70,2.54,1,1671,1643,NE
1189133.276,X_LEG_1,22.85,42.70,2.54,1,1671,1643,NE
1189133.296,X_LEG_1,23.00,42.64,2.55,1,1671,1642,NE
1189133.317,X_LEG_1,23.00,42.64,2.55,1,1671,1642,NE
1189133.339,X_LEG_1,23.00,42.64,2.55,1,1671,1642,NE
1189133.359,X_LEG_1,23.00,42.64,2.55,1,1671,1642,NE
1189133.380,X_LEG_1,23.00,42.64,2.55,1,1671,1642,NE
1189133.402,X_LEG_1,23.14,42.58,2.55,1,1670,1642,NE
1189133.422,X_LEG_1,23.14,42.58,2.55,1,1670,1642,NE
1189133.443,X_LEG_1,23.14,42.58,2.55,1,1670,1642,NE
1189133.463,X_LEG_1,23.14,42.58,2.55,1,1670,1642,NE
1189133.484,X_LEG_1,23.14,42.58,2.55,1,1670,1642,NE
1189133.504,X_LEG_1,23.28,42.52,2.55,1,1670,1642,NE
1189133.525,X_LEG_1,23.28,42.52,2.55,1,1670,1642,NE
1189133.545,X_LEG_1,23.28,42.52,2.55,1,1670,1642,NE
1189133.566,X_LEG_1,23.28,42.52,2.55,1,1670,1642,NE
1189133.586,X_LEG_1,23.28,42.52,2.55,1,1670,1642,NE
1189133.607,X_LEG_1,23.42,42.46,2.56,1,1670,1641,NE
1189133.627,X_LEG_1,23.42,42.46,2.56,1,1670,1641,NE
1189133.649,X_LEG_1,23.42,42.46,2.56,1,1670,1641,NE
1189133.669,X_LEG_1,23.42,42.46,2.56,1,1670,1641,NE
1189133.690,X_LEG_1,23.42,42.46,2.56,1,1670,1641,NE
1189133.710,X_LEG_1,23.56,42.39,2.56,1,1670,1641,NE
1189133.730,X_LEG_1,23.56,42.39,2.56,1,1670,1641,NE
1189133.751,X_LEG_1,23.56,42.39,2.56,1,1670,1641,NE
1189133.773,X_LEG_1,23.56,42.39,2.56,1,1670,1641,NE
1189133.793,X_LEG_1,23.56,42.39,2.56,1,1670,1641,NE
1189133.814,X_LEG_1,23.70,42.34,2.56,1,1669,1640,NE
1189133.836,X_LEG_1,23.70,42.34,2.56,1,1669,1640,NE
1189133.856,X_LEG_1,23.70,42.34,2.56,1,1669,1640,NE
1189133.876,X_LEG_1,23.70,42.34,2.56,1,1669,1640,NE
1189133.898,X_LEG_1,23.70,42.34,2.56,1,1669,1640,NE
1189133.918,X_LEG_1,23.83,42.27,2.57,1,1669,1640,NE
1189133.939,X_LEG_1,23.83,42.27,2.57,1,1669,1640,NE
1189133.961,X_LEG_1,23.83,42.27,2.57,1,1669,1640,NE
1189133.981,X_LEG_1,23.83,42.27,2.57,1,1669,1640,NE
1189134.002,X_LEG_1,23.83,42.27,2.57,1,1669,1640,NE
1189134.022,X_LEG_1,23.97,42.20,2.58,1,1669,1640,NE
1189134.043,X_LEG_1,23.97,42.20,2.58,1,1669,1640,NE
1189134.064,X_LEG_1,23.97,42.20,2.58,1,1669,1640,NE
1189134.084,X_LEG_1,23.97,42.20,2.58,1,1669,1640,NE
1189134.105,X_LEG_1,23.97,42.20,2.58,1,1669,1640,NE
1189134.125,X_LEG_1,23.97,42.20,2.58,1,1669,1640,NE
1189134.147,X_LEG_1,23.97,42.20,2.58,1,1669,1640,NE
1189134.167,X_LEG_1,23.97,42.20,2.58,1,1669,1640,NE
1189134.188,X_LEG_1,23.97,42.20,2.58,1,1669,1640,NE
1189134.209,X_LEG_1,23.97,42.20,2.58,1,1669,1640,NE
1189134.229,X_LEG_1,24.11,42.14,2.58,1,1669,1639,NE
1189134.249,X_LEG_1,24.11,42.14,2.58,1,1669,1639,NE
1189134.274,X_LEG_1,24.11,42.14,2.58,1,1669,1639,NE
1189134.294,X_LEG_1,24.11,42.14,2.58,1,1669,1639,NE
1189134.318,X_LEG_1,24.11,42.14,2.58,1,1669,1639,NE
1189134.339,X_LEG_1,24.31,42.04,2.58,1,1668,1639,NE
1189134.360,X_LEG_1,24.31,42.04,2.58,1,1668,1639,NE
1189134.381,X_LEG_1,24.31,42.04,2.58,1,1668,1639,NE
1189134.403,X_LEG_1,24.31,42.04,2.58,1,1668,1639,NE
1189134.423,X_LEG_1,24.31,42.04,2.58,1,1668,1639,NE
1189134.444,X_LEG_1,24.31,42.04,2.58,1,1668,1639,NE
1189134.465,X_LEG_1,24.31,42.04,2.58,1,1668,1639,NE
1189134.485,X_LEG_1,24.31,42.04,2.58,1,1668,1639,NE
1189134.506,X_LEG_1,24.31,42.04,2.58,1,1668,1639,NE
1189134.526,X_LEG_1,24.31,42.04,2.58,1,1668,1639,NE
1189134.547,X_LEG_1,24.45,41.97,2.59,1,1668,1638,NE
1189134.568,X_LEG_1,24.45,41.97,2.59,1,1668,1638,NE
1189134.588,X_LEG_1,24.45,41.97,2.59,1,1668,1638,NE
1189134.609,X_LEG_1,24.45,41.97,2.59,1,1668,1638,NE
1189134.629,X_LEG_1,24.45,41.97,2.59,1,1668,1638,NE
1189134.650,X_LEG_1,24.59,41.90,2.59,1,1668,1638,NE
1189134.670,X_LEG_1,24.59,41.90,2.59,1,1668,1638,NE
1189134.691,X_LEG_1,24.59,41.90,2.59,1,1668,1638,NE
1189134.711,X_LEG_1,24.59,41.90,2.59,1,1668,1638,NE
1189134.732,X_LEG_1,24.59,41.90,2.59,1,1668,1638,NE
1189134.753,X_LEG_1,24.59,41.90,2.59,1,1668,1638,NE
1189134.773,X_LEG_1,24.59,41.90,2.59,1,1668,1638,NE
1189134.794,X_LEG_1,24.59,41.90,2.59,1,1668,1638,NE
1189134.815,X_LEG_1,24.59,41.90,2.59,1,1668,1638,NE
1189134.835,X_LEG_1,24.59,41.90,2.59,1,1668,1638,NE
1189134.855,X_LEG_1,24.72,41.82,2.59,1,1667,1637,NE
1189134.876,X_LEG_1,24.72,41.82,2.59,1,1667,1637,NE
1189134.897,X_LEG_1,24.72,41.82,2.59,1,1667,1637,NE
1189134.917,X_LEG_1,24.72,41.82,2.59,1,1667,1637,NE
1189134.938,X_LEG_1,24.72,41.82,2.59,1,1667,1637,NE
1189134.958,X_LEG_1,24.85,41.75,2.60,1,1667,1637,NE
1189134.979,X_LEG_1,24.85,41.75,2.60,1,1667,1637,NE
1189135.000,X_LEG_1,24.85,41.75,2.60,1,1667,1637,NE
1189135.020,X_LEG_1,24.85,41.75,2.60,1,1667,1637,NE
1189135.041,X_LEG_1,24.85,41.75,2.60,1,1667,1637,NE
1189135.062,X_LEG_1,24.99,41.68,2.61,1,1667,1637,NE
1189135.082,X_LEG_1,24.99,41.68,2.61,1,1667,1637,NE
1189135.103,X_LEG_1,24.99,41.68,2.61,1,1667,1637,NE
1189135.124,X_LEG_1,24.99,41.68,2.61,1,1667,1637,NE
1189135.144,X_LEG_1,24.99,41.68,2.61,1,1667,1637,NE
1189135.164,X_LEG_1,25.12,41.61,2.61,1,1666,1635,NE
1189135.186,X_LEG_1,25.12,41.61,2.61,1,1666,1635,NE
1189135.207,X_LEG_1,25.12,41.61,2.61,1,1666,1635,NE
1189135.227,X_LEG_1,25.12,41.61,2.61,1,1666,1635,NE
1189135.250,X_LEG_1,25.12,41.61,2.61,1,1666,1635,NE
1189135.270,X_LEG_1,25.25,41.53,2.62,1,1666,1635,NE
1189135.290,X_LEG_1,25.25,41.53,2.62,1,1666,1635,NE
1189135.311,X_LEG_1,25.25,41.53,2.62,1,1666,1635,NE
1189135.331,X_LEG_1,25.25,41.53,2.62,1,1666,1635,NE
1189135.352,X_LEG_1,25.25,41.53,2.62,1,1666,1635,NE
1189135.375,X_LEG_1,25.25,41.53,2.62,1,1666,1635,NE
1189135.395,X_LEG_1,25.25,41.53,2.62,1,1666,1635,NE
1189135.416,X_LEG_1,25.25,41.53,2.62,1,1666,1635,NE
1189135.436,X_LEG_1,25.25,41.53,2.62,1,1666,1635,NE
1189135.456,X_LEG_1,25.25,41.53,2.62,1,1666,1635,NE
1189135.477,X_LEG_1,25.38,41.46,2.63,1,1666,1634,NE
1189135.497,X_LEG_1,25.38,41.46,2.63,1,1666,1634,NE
1189135.518,X_LEG_1,25.38,41.46,2.63,1,1666,1634,NE
1189135.538,X_LEG_1,25.38,41.46,2.63,1,1666,1634,NE
1189135.561,X_LEG_1,25.38,41.46,2.63,1,1666,1634,NE
1189135.581,X_LEG_1,25.51,41.38,2.63,1,1666,1634,NE
1189135.602,X_LEG_1,25.51,41.38,2.63,1,1666,1634,NE
1189135.622,X_LEG_1,25.51,41.38,2.63,1,1666,1634,NE
1189135.643,X_LEG_1,25.51,41.38,2.63,1,1666,1634,NE
1189135.663,X_LEG_1,25.51,41.38,2.63,1,1666,1634,NE
1189135.684,X_LEG_1,25.51,41.38,2.63,1,1666,1634,NE
1189135.704,X_LEG_1,25.51,41.38,2.63,1,1666,1634,NE
1189135.725,X_LEG_1,25.51,41.38,2.63,1,1666,1634,NE
1189135.745,X_LEG_1,25.51,41.38,2.63,1,1666,1634,NE
1189135.766,X_LEG_1,25.51,41.38,2.63,1,1666,1634,NE
1189135.786,X_LEG_1,25.64,41.31,2.62,1,1665,1634,NE
1189135.807,X_LEG_1,25.64,41.31,2.62,1,1665,1634,NE
1189135.827,X_LEG_1,25.64,41.31,2.62,1,1665,1634,NE
1189135.848,X_LEG_1,25.64,41.31,2.62,1,1665,1634,NE
1189135.869,X_LEG_1,25.64,41.31,2.62,1,1665,1634,NE
1189135.890,X_LEG_1,25.77,41.22,2.63,1,1665,1633,NE
1189135.910,X_LEG_1,25.77,41.22,2.63,1,1665,1633,NE
1189135.931,X_LEG_1,25.77,41.22,2.63,1,1665,1633,NE
1189135.952,X_LEG_1,25.77,41.22,2.63,1,1665,1633,NE
1189135.972,X_LEG_1,25.77,41.22,2.63,1,1665,1633,NE
1189135.993,X_LEG_1,25.90,41.16,2.64,1,1665,1633,NE
1189136.013,X_LEG_1,25.90,41.16,2.64,1,1665,1633,NE
1189136.034,X_LEG_1,25.90,41.16,2.64,1,1665,1633,NE
1189136.055,X_LEG_1,25.90,41.16,2.64,1,1665,1633,NE
1189136.076,X_LEG_1,25.90,41.16,2.64,1,1665,1633,NE
1189136.096,X_LEG_1,25.90,41.16,2.64,1,1665,1633,NE
1189136.117,X_LEG_1,25.90,41.16,2.64,1,1665,1633,NE
1189136.138,X_LEG_1,25.90,41.16,2.64,1,1665,1633,NE
1189136.158,X_LEG_1,25.90,41.16,2.64,1,1665,1633,NE
1189136.180,X_LEG_1,25.90,41.16,2.64,1,1665,1633,NE
1189136.201,X_LEG_1,26.03,41.07,2.65,1,1664,1632,NE
1189136.221,X_LEG_1,26.03,41.07,2.65,1,1664,1632,NE
1189136.242,X_LEG_1,26.03,41.07,2.65,1,1664,1632,NE
1189136.263,X_LEG_1,26.03,41.07,2.65,1,1664,1632,NE
1189136.283,X_LEG_1,26.03,41.07,2.65,1,1664,1632,NE
1189136.304,X_LEG_1,26.15,41.00,2.65,1,1664,1632,NE
1189136.325,X_LEG_1,26.15,41.00,2.65,1,1664,1632,NE
1189136.346,X_LEG_1,26.15,41.00,2.65,1,1664,1632,NE
1189136.366,X_LEG_1,26.15,41.00,2.65,1,1664,1632,NE
1189136.387,X_LEG_1,26.15,41.00,2.65,1,1664,1632,NE
1189136.408,X_LEG_1,26.28,40.91,2.66,1,1664,1632,NE
1189136.431,X_LEG_1,26.28,40.91,2.66,1,1664,1632,NE
1189136.451,X_LEG_1,26.28,40.91,2.66,1,1664,1632,NE
1189136.472,X_LEG_1,26.28,40.91,2.66,1,1664,1632,NE
1189136.492,X_LEG_1,26.28,40.91,2.66,1,1664,1632,NE
1189136.513,X_LEG_1,26.40,40.83,1.66,1,1663,1631,NE
1189136.533,X_LEG_1,26.40,40.83,1.66,1,1663,1631,NE
1189136.554,X_LEG_1,26.40,40.83,1.66,1,1663,1631,NE
1189136.574,X_LEG_1,26.40,40.83,1.66,1,1663,1631,NE
1189136.594,X_LEG_1,26.40,40.83,1.66,1,1663,1631,NE
1189136.615,X_LEG_1,26.53,40.75,1.66,1,1663,1631,NE
1189136.635,X_LEG_1,26.53,40.75,1.66,1,1663,1631,NE
1189136.656,X_LEG_1,26.53,40.75,1.66,1,1663,1631,NE
1189136.676,X_LEG_1,26.53,40.75,1.66,1,1663,1631,NE
1189136.697,X_LEG_1,26.53,40.75,1.66,1,1663,1631,NE
1189136.717,X_LEG_1,26.65,40.67,1.67,1,1663,1631,NE
1189136.739,X_LEG_1,26.65,40.67,1.67,1,1663,1631,NE
1189136.759,X_LEG_1,26.65,40.67,1.67,1,1663,1631,NE
1189136.780,X_LEG_1,26.65,40.67,1.67,1,1663,1631,NE
1189136.800,X_LEG_1,26.65,40.67,1.67,1,1663,1631,NE
1189136.821,X_LEG_1,26.77,40.58,1.68,1,1662,1630,NE
1189136.841,X_LEG_1,26.77,40.58,1.68,1,1662,1630,NE
1189136.863,X_LEG_1,26.77,40.58,1.68,1,1662,1630,NE
1189136.883,X_LEG_1,26.77,40.58,1.68,1,1662,1630,NE
1189136.904,X_LEG_1,26.77,40.58,1.68,1,1662,1630,NE
1189136.924,X_LEG_1,26.77,40.58,1.68,1,1662,1630,NE
1189136.945,X_LEG_1,26.77,40.58,1.68,1,1662,1630,NE
1189136.965,X_LEG_1,26.77,40.58,1.68,1,1662,1630,NE
1189136.986,X_LEG_1,26.77,40.58,1.68,1,1662,1630,NE
1189137.006,X_LEG_1,26.77,40.58,1.68,1,1662,1630,NE
1189137.027,X_LEG_1,26.89,40.50,1.68,1,1662,1630,NE
1189137.050,X_LEG_1,26.89,40.50,1.68,1,1662,1630,NE
1189137.070,X_LEG_1,26.89,40.50,1.68,1,1662,1630,NE
1189137.091,X_LEG_1,26.89,40.50,1.68,1,1662,1630,NE
1189137.111,X_LEG_1,26.89,40.50,1.68,1,1662,1630,NE
1189137.132,X_LEG_1,27.01,40.41,1.69,1,1662,1629,NE
1189137.152,X_LEG_1,27.01,40.41,1.69,1,1662,1629,NE
1189137.174,X_LEG_1,27.01,40.41,1.69,1,1662,1629,NE
1189137.194,X_LEG_1,27.01,40.41,1.69,1,1662,1629,NE
1189137.215,X_LEG_1,27.01,40.41,1.69,1,1662,1629,NE
1189137.236,X_LEG_1,27.19,40.29,1.69,1,1661,1629,NE
1189137.256,X_LEG_1,27.19,40.29,1.69,1,1661,1629,NE
1189137.276,X_LEG_1,27.19,40.29,1.69,1,1661,1629,NE
1189137.298,X_LEG_1,27.19,40.29,1.69,1,1661,1629,NE
1189137.318,X_LEG_1,27.19,40.29,1.69,1,1661,1629,NE
1189137.339,X_LEG_1,27.19,40.29,1.69,1,1661,1629,NE
1189137.360,X_LEG_1,27.19,40.29,1.69,1,1661,1629,NE
1189137.380,X_LEG_1,27.19,40.29,1.69,1,1661,1629,NE
1189137.401,X_LEG_1,27.19,40.29,1.69,1,1661,1629,NE
1189137.422,X_LEG_1,27.19,40.29,1.69,1,1661,1629,NE
1189137.442,X_LEG_1,27.37,40.17,1.70,1,1661,1628,NE
1189137.463,X_LEG_1,27.37,40.17,1.70,1,1661,1628,NE
1189137.483,X_LEG_1,27.37,40.17,1.70,1,1661,1628,NE
1189137.504,X_LEG_1,27.37,40.17,1.70,1,1661,1628,NE
1189137.524,X_LEG_1,27.37,40.17,1.70,1,1661,1628,NE
1189137.545,X_LEG_1,27.49,40.08,1.70,1,1660,1628,NE
1189137.565,X_LEG_1,27.49,40.08,1.70,1,1660,1628,NE
1189137.586,X_LEG_1,27.49,40.08,1.70,1,1660,1628,NE
1189137.606,X_LEG_1,27.49,40.08,1.70,1,1660,1628,NE
1189137.626,X_LEG_1,27.49,40.08,1.70,1,1660,1628,NE
1189137.647,X_LEG_1,27.60,39.99,1.70,1,1660,1627,NE
1189137.668,X_LEG_1,27.60,39.99,1.70,1,1660,1627,NE
1189137.688,X_LEG_1,27.60,39.99,1.70,1,1660,1627,NE
1189137.709,X_LEG_1,27.60,39.99,1.70,1,1660,1627,NE
1189137.729,X_LEG_1,27.60,39.99,1.70,1,1660,1627,NE
1189137.750,X_LEG_1,27.83,39.81,1.73,1,1659,1626,NE
1189137.770,X_LEG_1,27.83,39.81,1.73,1,1659,1626,NE
1189137.791,X_LEG_1,27.83,39.81,1.73,1,1659,1626,NE
1189137.811,X_LEG_1,27.83,39.81,1.73,1,1659,1626,NE
1189137.832,X_LEG_1,27.83,39.81,1.73,1,1659,1626,NE
1189137.852,X_LEG_1,27.95,39.72,0.73,1,1659,1626,NE
1189137.874,X_LEG_1,27.95,39.72,0.73,1,1659,1626,NE
1189137.894,X_LEG_1,27.95,39.72,0.73,1,1659,1626,NE
1189137.914,X_LEG_1,27.95,39.72,0.73,1,1659,1626,NE
1189137.935,X_LEG_1,27.95,39.72,0.73,1,1659,1626,NE
1189137.956,X_LEG_1,27.95,39.72,0.73,1,1659,1626,NE
1189137.977,X_LEG_1,27.95,39.72,0.73,1,1659,1626,NE
1189137.997,X_LEG_1,27.95,39.72,0.73,1,1659,1626,NE
1189138.017,X_LEG_1,27.95,39.72,0.73,1,1659,1626,NE
1189138.038,X_LEG_1,27.95,39.72,0.73,1,1659,1626,NE
1189138.059,X_LEG_1,28.12,39.59,0.73,1,1658,1625,NE
1189138.079,X_LEG_1,28.12,39.59,0.73,1,1658,1625,NE
1189138.100,X_LEG_1,28.12,39.59,0.73,1,1658,1625,NE
1189138.121,X_LEG_1,28.12,39.59,0.73,1,1658,1625,NE
1189138.141,X_LEG_1,28.12,39.59,0.73,1,1658,1625,NE
1189138.162,X_LEG_1,28.23,39.50,0.74,1,1658,1625,NE
1189138.184,X_LEG_1,28.23,39.50,0.74,1,1658,1625,NE
1189138.204,X_LEG_1,28.23,39.50,0.74,1,1658,1625,NE
1189138.225,X_LEG_1,28.23,39.50,0.74,1,1658,1625,NE
1189138.245,X_LEG_1,28.23,39.50,0.74,1,1658,1625,NE
1189138.266,X_LEG_1,28.39,39.36,0.75,1,1657,1624,NE
1189138.287,X_LEG_1,28.39,39.36,0.75,1,1657,1624,NE
1189138.307,X_LEG_1,28.39,39.36,0.75,1,1657,1624,NE
1189138.327,X_LEG_1,28.39,39.36,0.75,1,1657,1624,NE
1189138.348,X_LEG_1,28.39,39.36,0.75,1,1657,1624,NE
1189138.369,X_LEG_1,28.39,39.36,0.75,1,1657,1624,NE
1189138.389,X_LEG_1,28.39,39.36,0.75,1,1657,1624,NE
1189138.409,X_LEG_1,28.39,39.36,0.75,1,1657,1624,NE
1189138.430,X_LEG_1,28.39,39.36,0.75,1,1657,1624,NE
1189138.451,X_LEG_1,28.39,39.36,0.75,1,1657,1624,NE
1189138.471,X_LEG_1,28.55,39.23,0.76,1,1657,1624,NE
1189138.492,X_LEG_1,28.55,39.23,0.76,1,1657,1624,NE
1189138.512,X_LEG_1,28.55,39.23,0.76,1,1657,1624,NE
1189138.533,X_LEG_1,28.55,39.23,0.76,1,1657,1624,NE
1189138.553,X_LEG_1,28.55,39.23,0.76,1,1657,1624,NE
1189138.574,X_LEG_1,28.72,39.09,0.77,1,1656,1623,NE
1189138.595,X_LEG_1,28.72,39.09,0.77,1,1656,1623,NE
1189138.615,X_LEG_1,28.72,39.09,0.77,1,1656,1623,NE
1189138.636,X_LEG_1,28.72,39.09,0.77,1,1656,1623,NE
1189138.656,X_LEG_1,28.72,39.09,0.77,1,1656,1623,NE
1189138.677,X_LEG_1,28.72,39.09,0.77,1,1656,1623,NE
1189138.697,X_LEG_1,28.72,39.09,0.77,1,1656,1623,NE
1189138.718,X_LEG_1,28.72,39.09,0.77,1,1656,1623,NE
1189138.738,X_LEG_1,28.72,39.09,0.77,1,1656,1623,NE
1189138.758,X_LEG_1,28.72,39.09,0.77,1,1656,1623,NE
1189138.779,X_LEG_1,28.87,38.96,0.77,1,1656,1623,NE
1189138.799,X_LEG_1,28.87,38.96,0.77,1,1656,1623,NE
1189138.820,X_LEG_1,28.87,38.96,0.77,1,1656,1623,NE
1189138.840,X_LEG_1,28.87,38.96,0.77,1,1656,1623,NE
1189138.861,X_LEG_1,28.87,38.96,0.77,1,1656,1623,NE
1189138.881,X_LEG_1,29.03,38.81,0.78,1,1655,1622,NE
1189138.902,X_LEG_1,29.03,38.81,0.78,1,1655,1622,NE
1189138.922,X_LEG_1,29.03,38.81,0.78,1,1655,1622,NE
1189138.945,X_LEG_1,29.03,38.81,0.78,1,1655,1622,NE
1189138.965,X_LEG_1,29.03,38.81,0.78,1,1655,1622,NE
1189138.986,X_LEG_1,29.18,38.67,0.79,1,1655,1622,NE
1189139.006,X_LEG_1,29.18,38.67,0.79,1,1655,1622,NE
1189139.026,X_LEG_1,29.18,38.67,0.79,1,1655,1622,NE
1189139.047,X_LEG_1,29.18,38.67,0.79,1,1655,1622,NE
1189139.067,X_LEG_1,29.18,38.67,0.79,1,1655,1622,NE
1189139.088,X_LEG_1,29.18,38.67,0.79,1,1655,1622,NE
1189139.109,X_LEG_1,29.18,38.67,0.79,1,1655,1622,NE
1189139.129,X_LEG_1,29.18,38.67,0.79,1,1655,1622,NE
1189139.150,X_LEG_1,29.18,38.67,0.79,1,1655,1622,NE
1189139.170,X_LEG_1,29.18,38.67,0.79,1,1655,1622,NE
1189139.191,X_LEG_1,29.34,38.53,0.79,1,1654,1621,NE
1189139.211,X_LEG_1,29.34,38.53,0.79,1,1654,1621,NE
1189139.232,X_LEG_1,29.34,38.53,0.79,1,1654,1621,NE
1189139.252,X_LEG_1,29.34,38.53,0.79,1,1654,1621,NE
1189139.272,X_LEG_1,29.34,38.53,0.79,1,1654,1621,NE
1189139.293,X_LEG_1,29.49,38.40,0.81,1,1654,1621,NE
1189139.313,X_LEG_1,29.49,38.40,0.81,1,1654,1621,NE
1189139.334,X_LEG_1,29.49,38.40,0.81,1,1654,1621,NE
1189139.354,X_LEG_1,29.49,38.40,0.81,1,1654,1621,NE
1189139.375,X_LEG_1,29.49,38.40,0.81,1,1654,1621,NE
1189139.396,X_LEG_1,29.63,38.25,0.81,1,1653,1620,NE
1189139.416,X_LEG_1,29.63,38.25,0.81,1,1653,1620,NE
1189139.437,X_LEG_1,29.63,38.25,0.81,1,1653,1620,NE
1189139.457,X_LEG_1,29.63,38.25,0.81,1,1653,1620,NE
1189139.478,X_LEG_1,29.63,38.25,0.81,1,1653,1620,NE
1189139.498,X_LEG_1,29.63,38.25,0.81,1,1653,1620,NE
1189139.519,X_LEG_1,29.63,38.25,0.81,1,1653,1620,NE
1189139.539,X_LEG_1,29.63,38.25,0.81,1,1653,1620,NE
1189139.560,X_LEG_1,29.63,38.25,0.81,1,1653,1620,NE
1189139.581,X_LEG_1,29.63,38.25,0.81,1,1653,1620,NE
1189139.602,X_LEG_1,29.73,38.15,0.82,1,1653,1619,NE
1189139.622,X_LEG_1,29.73,38.15,0.82,1,1653,1619,NE
1189139.644,X_LEG_1,29.73,38.15,0.82,1,1653,1619,NE
1189139.664,X_LEG_1,29.73,38.15,0.82,1,1653,1619,NE
1189139.685,X_LEG_1,29.73,38.15,0.82,1,1653,1619,NE
1189139.706,X_LEG_1,29.87,38.01,0.83,1,1652,1619,NE
1189139.726,X_LEG_1,29.87,38.01,0.83,1,1652,1619,NE
1189139.747,X_LEG_1,29.87,38.01,0.83,1,1652,1619,NE
1189139.768,X_LEG_1,29.87,38.01,0.83,1,1652,1619,NE
1189139.788,X_LEG_1,29.87,38.01,0.83,1,1652,1619,NE
1189139.809,X_LEG_1,30.01,37.86,0.83,1,1651,1618,NE
1189139.829,X_LEG_1,30.01,37.86,0.83,1,1651,1618,NE
1189139.850,X_LEG_1,30.01,37.86,0.83,1,1651,1618,NE
1189139.870,X_LEG_1,30.01,37.86,0.83,1,1651,1618,NE
1189139.891,X_LEG_1,30.01,37.86,0.83,1,1651,1618,NE
1189139.911,X_LEG_1,30.15,37.72,0.84,1,1651,1618,NE
1189139.932,X_LEG_1,30.15,37.72,0.84,1,1651,1618,NE
1189139.952,X_LEG_1,30.15,37.72,0.84,1,1651,1618,NE
1189139.973,X_LEG_1,30.15,37.72,0.84,1,1651,1618,NE
1189139.993,X_LEG_1,30.15,37.72,0.84,1,1651,1618,NE
1189140.014,X_LEG_1,30.15,37.72,0.84,1,1651,1618,NE
1189140.035,X_LEG_1,30.15,37.72,0.84,1,1651,1618,NE
1189140.055,X_LEG_1,30.15,37.72,0.84,1,1651,1618,NE
1189140.076,X_LEG_1,30.15,37.72,0.84,1,1651,1618,NE
1189140.096,X_LEG_1,30.15,37.72,0.84,1,1651,1618,NE
1189140.117,X_LEG_1,30.28,37.57,0.85,1,1650,1618,NE
1189140.137,X_LEG_1,30.28,37.57,0.85,1,1650,1618,NE
1189140.157,X_LEG_1,30.28,37.57,0.85,1,1650,1618,NE
1189140.178,X_LEG_1,30.28,37.57,0.85,1,1650,1618,NE
1189140.199,X_LEG_1,30.28,37.57,0.85,1,1650,1618,NE
1189140.219,X_LEG_1,30.42,37.43,0.86,1,1650,1617,NE
1189140.240,X_LEG_1,30.42,37.43,0.86,1,1650,1617,NE
1189140.260,X_LEG_1,30.42,37.43,0.86,1,1650,1617,NE
1189140.281,X_LEG_1,30.42,37.43,0.86,1,1650,1617,NE
1189140.301,X_LEG_1,30.42,37.43,0.86,1,1650,1617,NE
1189140.322,X_LEG_1,30.55,37.29,0.87,1,1649,1617,NE
1189140.342,X_LEG_1,30.55,37.29,0.87,1,1649,1617,NE
1189140.362,X_LEG_1,30.55,37.29,0.87,1,1649,1617,NE
1189140.383,X_LEG_1,30.55,37.29,0.87,1,1649,1617,NE
1189140.404,X_LEG_1,30.55,37.29,0.87,1,1649,1617,NE
1189140.424,X_LEG_1,30.55,37.29,0.87,1,1649,1617,NE
1189140.444,X_LEG_1,30.55,37.29,0.87,1,1649,1617,NE
1189140.465,X_LEG_1,30.55,37.29,0.87,1,1649,1617,NE
1189140.485,X_LEG_1,30.55,37.29,0.87,1,1649,1617,NE
1189140.505,X_LEG_1,30.55,37.29,0.87,1,1649,1617,NE
1189140.526,X_LEG_1,30.55,37.29,0.87,1,1649,1617,NE
1189140.547,X_LEG_1,30.55,37.29,0.87,1,1649,1617,NE
1189140.567,X_LEG_1,30.55,37.29,0.87,1,1649,1617,NE
1189140.588,X_LEG_1,30.55,37.29,0.87,1,1649,1617,NE
1189140.609,X_LEG_1,30.55,37.29,0.87,1,1649,1617,NE
1189140.630,X_LEG_1,30.67,37.14,0.87,1,1649,1616,NE
1189140.651,X_LEG_1,30.67,37.14,0.87,1,1649,1616,NE
1189140.672,X_LEG_1,30.67,37.14,0.87,1,1649,1616,NE
1189140.693,X_LEG_1,30.67,37.14,0.87,1,1649,1616,NE
1189140.713,X_LEG_1,30.67,37.14,0.87,1,1649,1616,NE
1189140.734,X_LEG_1,30.76,37.04,0.88,1,1648,1616,NE
1189140.754,X_LEG_1,30.76,37.04,0.88,1,1648,1616,NE
1189140.775,X_LEG_1,30.76,37.04,0.88,1,1648,1616,NE
1189140.796,X_LEG_1,30.76,37.04,0.88,1,1648,1616,NE
1189140.816,X_LEG_1,30.76,37.04,0.88,1,1648,1616,NE
1189140.836,X_LEG_1,30.84,36.94,0.89,1,1648,1616,NE
1189140.857,X_LEG_1,30.84,36.94,0.89,1,1648,1616,NE
1189140.878,X_LEG_1,30.84,36.94,0.89,1,1648,1616,NE
1189140.898,X_LEG_1,30.84,36.94,0.89,1,1648,1616,NE
1189140.919,X_LEG_1,30.84,36.94,0.89,1,1648,1616,NE
1189140.940,X_LEG_1,30.92,36.85,0.89,1,1647,1616,NE
1189140.960,X_LEG_1,30.92,36.85,0.89,1,1647,1616,NE
1189140.984,X_LEG_1,30.92,36.85,0.89,1,1647,1616,NE
1189141.004,X_LEG_1,30.92,36.85,0.89,1,1647,1616,NE
1189141.025,X_LEG_1,30.92,36.85,0.89,1,1647,1616,NE
1189141.045,X_LEG_1,31.00,36.75,0.89,1,1647,1615,NE
1189141.066,X_LEG_1,31.00,36.75,0.89,1,1647,1615,NE
1189141.086,X_LEG_1,31.00,36.75,0.89,1,1647,1615,NE
1189141.107,X_LEG_1,31.00,36.75,0.89,1,1647,1615,NE
1189141.127,X_LEG_1,31.00,36.75,0.89,1,1647,1615,NE
1189141.148,X_LEG_1,31.00,36.75,0.89,1,1647,1615,NE
1189141.168,X_LEG_1,31.00,36.75,0.89,1,1647,1615,NE
1189141.188,X_LEG_1,31.00,36.75,0.89,1,1647,1615,NE
1189141.209,X_LEG_1,31.00,36.75,0.89,1,1647,1615,NE
1189141.230,X_LEG_1,31.00,36.75,0.89,1,1647,1615,NE
1189141.250,X_LEG_1,31.08,36.64,0.90,1,1647,1614,NE
1189141.270,X_LEG_1,31.08,36.64,0.90,1,1647,1614,NE
1189141.292,X_LEG_1,31.08,36.64,0.90,1,1647,1614,NE
1189141.312,X_LEG_1,31.08,36.64,0.90,1,1647,1614,NE
1189141.333,X_LEG_1,31.08,36.64,0.90,1,1647,1614,NE
1189141.354,X_LEG_1,31.16,36.55,0.91,1,1646,1614,NE
1189141.374,X_LEG_1,31.16,36.55,0.91,1,1646,1614,NE
1189141.395,X_LEG_1,31.16,36.55,0.91,1,1646,1614,NE
1189141.415,X_LEG_1,31.16,36.55,0.91,1,1646,1614,NE
1189141.436,X_LEG_1,31.16,36.55,0.91,1,1646,1614,NE
1189141.456,X_LEG_1,31.23,36.44,0.91,1,1646,1614,NE
1189141.477,X_LEG_1,31.23,36.44,0.91,1,1646,1614,NE
1189141.497,X_LEG_1,31.23,36.44,0.91,1,1646,1614,NE
1189141.518,X_LEG_1,31.23,36.44,0.91,1,1646,1614,NE
1189141.538,X_LEG_1,31.23,36.44,0.91,1,1646,1614,NE
1189141.559,X_LEG_1,31.31,36.34,0.92,1,1645,1614,NE
1189141.579,X_LEG_1,31.31,36.34,0.92,1,1645,1614,NE
1189141.600,X_LEG_1,31.31,36.34,0.92,1,1645,1614,NE
1189141.620,X_LEG_1,31.31,36.34,0.92,1,1645,1614,NE
1189141.641,X_LEG_1,31.31,36.34,0.92,1,1645,1614,NE
1189141.661,X_LEG_1,31.38,36.25,0.92,1,1645,1613,NE
1189141.682,X_LEG_1,31.38,36.25,0.92,1,1645,1613,NE
1189141.702,X_LEG_1,31.38,36.25,0.92,1,1645,1613,NE
1189141.723,X_LEG_1,31.38,36.25,0.92,1,1645,1613,NE
1189141.743,X_LEG_1,31.38,36.25,0.92,1,1645,1613,NE
1189141.764,X_LEG_1,31.38,36.25,0.92,1,1645,1613,NE
1189141.784,X_LEG_1,31.38,36.25,0.92,1,1645,1613,NE
1189141.806,X_LEG_1,31.38,36.25,0.92,1,1645,1613,NE
1189141.826,X_LEG_1,31.38,36.25,0.92,1,1645,1613,NE
1189141.847,X_LEG_1,31.38,36.25,0.92,1,1645,1613,NE
1189141.868,X_LEG_1,31.45,36.15,0.92,1,1645,1613,NE
1189141.888,X_LEG_1,31.45,36.15,0.92,1,1645,1613,NE
1189141.909,X_LEG_1,31.45,36.15,0.92,1,1645,1613,NE
1189141.930,X_LEG_1,31.45,36.15,0.92,1,1645,1613,NE
1189141.950,X_LEG_1,31.45,36.15,0.92,1,1645,1613,NE
1189141.971,X_LEG_1,31.52,36.05,0.93,1,1644,1613,NE
1189141.992,X_LEG_1,31.52,36.05,0.93,1,1644,1613,NE
1189142.012,X_LEG_1,31.52,36.05,0.93,1,1644,1613,NE
1189142.033,X_LEG_1,31.52,36.05,0.93,1,1644,1613,NE
1189142.054,X_LEG_1,31.52,36.05,0.93,1,1644,1613,NE
1189142.075,X_LEG_1,31.59,35.95,0.94,1,1644,1613,NE
1189142.095,X_LEG_1,31.59,35.95,0.94,1,1644,1613,NE
1189142.116,X_LEG_1,31.59,35.95,0.94,1,1644,1613,NE
1189142.137,X_LEG_1,31.59,35.95,0.94,1,1644,1613,NE
1189142.157,X_LEG_1,31.59,35.95,0.94,1,1644,1613,NE
1189142.178,X_LEG_1,31.66,35.85,0.94,1,1643,1613,NE
1189142.199,X_LEG_1,31.66,35.85,0.94,1,1643,1613,NE
1189142.219,X_LEG_1,31.66,35.85,0.94,1,1643,1613,NE
1189142.240,X_LEG_1,31.66,35.85,0.94,1,1643,1613,NE
1189142.260,X_LEG_1,31.66,35.85,0.94,1,1643,1613,NE
1189142.281,X_LEG_1,31.73,35.75,0.95,1,1643,1612,NE
1189142.301,X_LEG_1,31.73,35.75,0.95,1,1643,1612,NE
1189142.322,X_LEG_1,31.73,35.75,0.95,1,1643,1612,NE
1189142.342,X_LEG_1,31.73,35.75,0.95,1,1643,1612,NE
1189142.363,X_LEG_1,31.73,35.75,0.95,1,1643,1612,NE
1189142.383,X_LEG_1,31.79,35.65,0.96,1,1643,1612,NE
1189142.403,X_LEG_1,31.79,35.65,0.96,1,1643,1612,NE
1189142.424,X_LEG_1,31.79,35.65,0.96,1,1643,1612,NE
1189142.445,X_LEG_1,31.79,35.65,0.96,1,1643,1612,NE
1189142.465,X_LEG_1,31.79,35.65,0.96,1,1643,1612,NE
1189142.486,X_LEG_1,31.86,35.55,0.95,1,1642,1612,NE
1189142.506,X_LEG_1,31.86,35.55,0.95,1,1642,1612,NE
1189142.526,X_LEG_1,31.86,35.55,0.95,1,1642,1612,NE
1189142.547,X_LEG_1,31.86,35.55,0.95,1,1642,1612,NE
1189142.568,X_LEG_1,31.86,35.55,0.95,1,1642,1612,NE
1189142.588,X_LEG_1,31.92,35.45,0.96,1,1642,1612,NE
1189142.608,X_LEG_1,31.92,35.45,0.96,1,1642,1612,NE
1189142.631,X_LEG_1,31.92,35.45,0.96,1,1642,1612,NE
1189142.652,X_LEG_1,31.92,35.45,0.96,1,1642,1612,NE
1189142.672,X_LEG_1,31.92,35.45,0.96,1,1642,1612,NE
1189142.693,X_LEG_1,31.99,35.35,0.96,1,1641,1612,NE
1189142.713,X_LEG_1,31.99,35.35,0.96,1,1641,1612,NE
1189142.734,X_LEG_1,31.99,35.35,0.96,1,1641,1612,NE
1189142.755,X_LEG_1,31.99,35.35,0.96,1,1641,1612,NE
1189142.775,X_LEG_1,31.99,35.35,0.96,1,1641,1612,NE
1189142.796,X_LEG_1,32.05,35.25,0.97,1,1641,1611,NE
1189142.817,X_LEG_1,32.05,35.25,0.97,1,1641,1611,NE
1189142.837,X_LEG_1,32.05,35.25,0.97,1,1641,1611,NE
1189142.858,X_LEG_1,32.05,35.25,0.97,1,1641,1611,NE
1189142.879,X_LEG_1,32.05,35.25,0.97,1,1641,1611,NE
1189142.899,X_LEG_1,32.10,35.15,0.98,1,1641,1611,NE
1189142.920,X_LEG_1,32.10,35.15,0.98,1,1641,1611,NE
1189142.940,X_LEG_1,32.10,35.15,0.98,1,1641,1611,NE
1189142.960,X_LEG_1,32.10,35.15,0.98,1,1641,1611,NE
1189142.981,X_LEG_1,32.10,35.15,0.98,1,1641,1611,NE
1189143.004,X_LEG_1,32.10,35.15,0.98,1,1641,1611,NE
1189143.024,X_LEG_1,32.10,35.15,0.98,1,1641,1611,NE
1189143.045,X_LEG_1,32.10,35.15,0.98,1,1641,1611,NE
1189143.067,X_LEG_1,32.10,35.15,0.98,1,1641,1611,NE
1189143.087,X_LEG_1,32.10,35.15,0.98,1,1641,1611,NE
1189143.108,X_LEG_1,32.16,35.05,0.98,1,1640,1611,NE
1189143.128,X_LEG_1,32.16,35.05,0.98,1,1640,1611,NE
1189143.148,X_LEG_1,32.16,35.05,0.98,1,1640,1611,NE
1189143.169,X_LEG_1,32.16,35.05,0.98,1,1640,1611,NE
1189143.190,X_LEG_1,32.16,35.05,0.98,1,1640,1611,NE
1189143.210,X_LEG_1,32.22,34.94,0.99,1,1640,1610,NE
1189143.231,X_LEG_1,32.22,34.94,0.99,1,1640,1610,NE
1189143.251,X_LEG_1,32.22,34.94,0.99,1,1640,1610,NE
1189143.272,X_LEG_1,32.22,34.94,0.99,1,1640,1610,NE
1189143.292,X_LEG_1,32.22,34.94,0.99,1,1640,1610,NE
1189143.313,X_LEG_1,32.27,34.85,1.00,1,1639,1610,NE
1189143.333,X_LEG_1,32.27,34.85,1.00,1,1639,1610,NE
1189143.354,X_LEG_1,32.27,34.85,1.00,1,1639,1610,NE
1189143.376,X_LEG_1,32.27,34.85,1.00,1,1639,1610,NE
1189143.396,X_LEG_1,32.27,34.85,1.00,1,1639,1610,NE
1189143.416,X_LEG_1,32.33,34.75,1.00,1,1639,1610,NE
1189143.437,X_LEG_1,32.33,34.75,1.00,1,1639,1610,NE
1189143.458,X_LEG_1,32.33,34.75,1.00,1,1639,1610,NE
1189143.478,X_LEG_1,32.33,34.75,1.00,1,1639,1610,NE
1189143.499,X_LEG_1,32.33,34.75,1.00,1,1639,1610,NE
1189143.519,X_LEG_1,32.38,34.64,1.01,1,1639,1609,NE
1189143.540,X_LEG_1,32.38,34.64,1.01,1,1639,1609,NE
1189143.562,X_LEG_1,32.38,34.64,1.01,1,1639,1609,NE
1189143.583,X_LEG_1,32.38,34.64,1.01,1,1639,1609,NE
1189143.603,X_LEG_1,32.38,34.64,1.01,1,1639,1609,NE
1189143.624,X_LEG_1,32.46,34.49,1.01,1,1638,1609,NE
1189143.644,X_LEG_1,32.46,34.49,1.01,1,1638,1609,NE
1189143.665,X_LEG_1,32.46,34.49,1.01,1,1638,1609,NE
1189143.686,X_LEG_1,32.46,34.49,1.01,1,1638,1609,NE
1189143.706,X_LEG_1,32.46,34.49,1.01,1,1638,1609,NE
1189143.727,X_LEG_1,32.46,34.49,1.01,1,1638,1609,NE
1189143.747,X_LEG_1,32.46,34.49,1.01,1,1638,1609,NE
1189143.768,X_LEG_1,32.46,34.49,1.01,1,1638,1609,NE
1189143.788,X_LEG_1,32.46,34.49,1.01,1,1638,1609,NE
1189143.809,X_LEG_1,32.46,34.49,1.01,1,1638,1609,NE
1189143.830,X_LEG_1,32.53,34.35,0.02,1,1637,1609,NE
1189143.850,X_LEG_1,32.53,34.35,0.02,1,1637,1609,NE
1189143.872,X_LEG_1,32.53,34.35,0.02,1,1637,1609,NE
1189143.892,X_LEG_1,32.53,34.35,0.02,1,1637,1609,NE
1189143.913,X_LEG_1,32.53,34.35,0.02,1,1637,1609,NE
1189143.933,X_LEG_1,32.60,34.19,0.03,1,1637,1609,NE
1189143.954,X_LEG_1,32.60,34.19,0.03,1,1637,1609,NE
1189143.974,X_LEG_1,32.60,34.19,0.03,1,1637,1609,NE
1189143.997,X_LEG_1,32.60,34.19,0.03,1,1637,1609,NE
1189144.017,X_LEG_1,32.60,34.19,0.03,1,1637,1609,NE
1189144.037,X_LEG_1,32.65,34.10,0.02,1,1636,1609,NE
1189144.059,X_LEG_1,32.65,34.10,0.02,1,1636,1609,NE
1189144.079,X_LEG_1,32.65,34.10,0.02,1,1636,1609,NE
1189144.100,X_LEG_1,32.65,34.10,0.02,1,1636,1609,NE
1189144.122,X_LEG_1,32.65,34.10,0.02,1,1636,1609,NE
1189144.142,X_LEG_1,32.65,34.10,0.02,1,1636,1609,NE
1189144.163,X_LEG_1,32.65,34.10,0.02,1,1636,1609,NE
1189144.184,X_LEG_1,32.65,34.10,0.02,1,1636,1609,NE
1189144.205,X_LEG_1,32.65,34.10,0.02,1,1636,1609,NE
1189144.225,X_LEG_1,32.65,34.10,0.02,1,1636,1609,NE
1189144.246,X_LEG_1,32.69,34.00,0.04,1,1636,1608,NE
1189144.267,X_LEG_1,32.69,34.00,0.04,1,1636,1608,NE
1189144.287,X_LEG_1,32.69,34.00,0.04,1,1636,1608,NE
1189144.308,X_LEG_1,32.69,34.00,0.04,1,1636,1608,NE
1189144.329,X_LEG_1,32.69,34.00,0.04,1,1636,1608,NE
1189144.349,X_LEG_1,32.73,33.90,0.04,1,1636,1608,NE
1189144.372,X_LEG_1,32.73,33.90,0.04,1,1636,1608,NE
1189144.392,X_LEG_1,32.73,33.90,0.04,1,1636,1608,NE
1189144.414,X_LEG_1,32.73,33.90,0.04,1,1636,1608,NE
1189144.434,X_LEG_1,32.73,33.90,0.04,1,1636,1608,NE
1189144.455,X_LEG_1,32.73,33.90,0.04,1,1636,1608,NE
1189144.478,X_LEG_1,32.73,33.90,0.04,1,1636,1608,NE
1189144.498,X_LEG_1,32.73,33.90,0.04,1,1636,1608,NE
1189144.519,X_LEG_1,32.73,33.90,0.04,1,1636,1608,NE
1189144.541,X_LEG_1,32.73,33.90,0.04,1,1636,1608,NE
1189144.561,X_LEG_1,32.77,33.79,0.05,1,1635,1608,NE
1189144.582,X_LEG_1,32.77,33.79,0.05,1,1635,1608,NE
1189144.603,X_LEG_1,32.77,33.79,0.05,1,1635,1608,NE
1189144.623,X_LEG_1,32.77,33.79,0.05,1,1635,1608,NE
1189144.644,X_LEG_1,32.77,33.79,0.05,1,1635,1608,NE
1189144.664,X_LEG_1,32.79,33.75,0.04,1,1635,1608,NE
1189144.685,X_LEG_1,32.79,33.75,0.04,1,1635,1608,NE
1189144.705,X_LEG_1,32.79,33.75,0.04,1,1635,1608,NE
1189144.726,X_LEG_1,32.79,33.75,0.04,1,1635,1608,NE
1189144.746,X_LEG_1,32.79,33.75,0.04,1,1635,1608,NE
1189144.767,X_LEG_1,32.83,33.65,0.06,1,1635,1608,NE
1189144.789,X_LEG_1,32.83,33.65,0.06,1,1635,1608,NE
1189144.809,X_LEG_1,32.83,33.65,0.06,1,1635,1608,NE
1189144.830,X_LEG_1,32.83,33.65,0.06,1,1635,1608,NE
1189144.850,X_LEG_1,32.83,33.65,0.06,1,1635,1608,NE
1189144.871,X_LEG_1,32.83,33.65,0.06,1,1635,1608,NE
1189144.891,X_LEG_1,32.83,33.65,0.06,1,1635,1608,NE
1189144.912,X_LEG_1,32.83,33.65,0.06,1,1635,1608,NE
1189144.932,X_LEG_1,32.83,33.65,0.06,1,1635,1608,NE
1189144.953,X_LEG_1,32.83,33.65,0.06,1,1635,1608,NE
1189144.974,X_LEG_1,32.87,33.55,0.06,1,1634,1608,NE
1189144.994,X_LEG_1,32.87,33.55,0.06,1,1634,1608,NE
1189145.014,X_LEG_1,32.87,33.55,0.06,1,1634,1608,NE
1189145.036,X_LEG_1,32.87,33.55,0.06,1,1634,1608,NE
1189145.056,X_LEG_1,32.87,33.55,0.06,1,1634,1608,NE
1189145.077,X_LEG_1,32.91,33.45,0.07,1,1634,1608,NE
1189145.100,X_LEG_1,32.91,33.45,0.07,1,1634,1608,NE
1189145.120,X_LEG_1,32.91,33.45,0.07,1,1634,1608,NE
1189145.140,X_LEG_1,32.91,33.45,0.07,1,1634,1608,NE
1189145.162,X_LEG_1,32.91,33.45,0.07,1,1634,1608,NE
1189145.183,X_LEG_1,32.94,33.34,0.07,1,1633,1608,NE
1189145.203,X_LEG_1,32.94,33.34,0.07,1,1633,1608,NE
1189145.225,X_LEG_1,32.94,33.34,0.07,1,1633,1608,NE
1189145.245,X_LEG_1,32.94,33.34,0.07,1,1633,1608,NE
1189145.265,X_LEG_1,32.94,33.34,0.07,1,1633,1608,NE
1189145.286,X_LEG_1,32.97,33.25,0.09,1,1633,1607,NE
1189145.307,X_LEG_1,32.97,33.25,0.09,1,1633,1607,NE
1189145.327,X_LEG_1,32.97,33.25,0.09,1,1633,1607,NE
1189145.348,X_LEG_1,32.97,33.25,0.09,1,1633,1607,NE
1189145.368,X_LEG_1,32.97,33.25,0.09,1,1633,1607,NE
1189145.389,X_LEG_1,33.00,33.14,0.09,1,1633,1606,NE
1189145.411,X_LEG_1,33.00,33.14,0.09,1,1633,1606,NE
1189145.431,X_LEG_1,33.00,33.14,0.09,1,1633,1606,NE
1189145.451,X_LEG_1,33.00,33.14,0.09,1,1633,1606,NE
1189145.474,X_LEG_1,33.00,33.14,0.09,1,1633,1606,NE
1189145.494,X_LEG_1,33.00,33.14,0.09,1,1633,1606,NE
1189145.515,X_LEG_1,33.00,33.14,0.09,1,1633,1606,NE
1189145.536,X_LEG_1,33.00,33.14,0.09,1,1633,1606,NE
1189145.556,X_LEG_1,33.00,33.14,0.09,1,1633,1606,NE
1189145.577,X_LEG_1,33.00,33.14,0.09,1,1633,1606,NE
1189145.597,X_LEG_1,33.03,33.05,0.08,1,1632,1606,NE
1189145.618,X_LEG_1,33.03,33.05,0.08,1,1632,1606,NE
1189145.638,X_LEG_1,33.03,33.05,0.08,1,1632,1606,NE
1189145.660,X_LEG_1,33.03,33.05,0.08,1,1632,1606,NE
1189145.680,X_LEG_1,33.03,33.05,0.08,1,1632,1606,NE
1189145.701,X_LEG_1,33.06,32.95,0.09,1,1632,1606,NE
1189145.722,X_LEG_1,33.06,32.95,0.09,1,1632,1606,NE
1189145.742,X_LEG_1,33.06,32.95,0.09,1,1632,1606,NE
1189145.762,X_LEG_1,33.06,32.95,0.09,1,1632,1606,NE
1189145.785,X_LEG_1,33.06,32.95,0.09,1,1632,1606,NE
1189145.805,X_LEG_1,33.06,32.95,0.09,1,1632,1606,NE
1189145.825,X_LEG_1,33.06,32.95,0.09,1,1632,1606,NE
1189145.845,X_LEG_1,33.06,32.95,0.09,1,1632,1606,NE
1189145.866,X_LEG_1,33.06,32.95,0.09,1,1632,1606,NE
1189145.887,X_LEG_1,33.06,32.95,0.09,1,1632,1606,NE
1189145.908,X_LEG_1,33.09,32.85,0.10,1,1631,1606,NE
1189145.928,X_LEG_1,33.09,32.85,0.10,1,1631,1606,NE
1189145.949,X_LEG_1,33.09,32.85,0.10,1,1631,1606,NE
1189145.969,X_LEG_1,33.09,32.85,0.10,1,1631,1606,NE
1189145.990,X_LEG_1,33.09,32.85,0.10,1,1631,1606,NE
1189146.010,X_LEG_1,33.12,32.75,0.11,1,1631,1606,NE
1189146.032,X_LEG_1,33.12,32.75,0.11,1,1631,1606,NE
1189146.052,X_LEG_1,33.12,32.75,0.11,1,1631,1606,NE
1189146.073,X_LEG_1,33.12,32.75,0.11,1,1631,1606,NE
1189146.094,X_LEG_1,33.12,32.75,0.11,1,1631,1606,NE
1189146.114,X_LEG_1,33.14,32.65,0.11,1,1631,1606,NE
1189146.135,X_LEG_1,33.14,32.65,0.11,1,1631,1606,NE
1189146.158,X_LEG_1,33.14,32.65,0.11,1,1631,1606,NE
1189146.177,X_LEG_1,33.14,32.65,0.11,1,1631,1606,NE
1189146.198,X_LEG_1,33.14,32.65,0.11,1,1631,1606,NE
1189146.219,X_LEG_1,33.14,32.65,0.11,1,1631,1606,NE
1189146.239,X_LEG_1,33.14,32.65,0.11,1,1631,1606,NE
1189146.259,X_LEG_1,33.14,32.65,0.11,1,1631,1606,NE
1189146.280,X_LEG_1,33.14,32.65,0.11,1,1631,1606,NE
1189146.300,X_LEG_1,33.14,32.65,0.11,1,1631,1606,NE
1189146.321,X_LEG_1,33.16,32.56,0.11,1,1630,1606,NE
1189146.345,X_LEG_1,33.16,32.56,0.11,1,1630,1606,NE
1189146.365,X_LEG_1,33.16,32.56,0.11,1,1630,1606,NE
1189146.386,X_LEG_1,33.16,32.56,0.11,1,1630,1606,NE
1189146.407,X_LEG_1,33.16,32.56,0.11,1,1630,1606,NE
1189146.427,X_LEG_1,33.16,32.56,0.11,1,1630,1606,NE
1189146.447,X_LEG_1,33.16,32.56,0.11,1,1630,1606,NE
1189146.471,X_LEG_1,33.16,32.56,0.11,1,1630,1606,NE
1189146.492,X_LEG_1,33.16,32.56,0.11,1,1630,1606,NE
1189146.512,X_LEG_1,33.16,32.56,0.11,1,1630,1606,NE
1189146.533,X_LEG_1,33.18,32.45,0.12,1,1630,1606,NE
1189146.553,X_LEG_1,33.18,32.45,0.12,1,1630,1606,NE
1189146.576,X_LEG_1,33.18,32.45,0.12,1,1630,1606,NE
1189146.596,X_LEG_1,33.18,32.45,0.12,1,1630,1606,NE
1189146.617,X_LEG_1,33.18,32.45,0.12,1,1630,1606,NE
1189146.638,X_LEG_1,33.19,32.41,0.11,1,1630,1606,NE
1189146.659,X_LEG_1,33.19,32.41,0.11,1,1630,1606,NE
1189146.679,X_LEG_1,33.19,32.41,0.11,1,1630,1606,NE
1189146.700,X_LEG_1,33.19,32.41,0.11,1,1630,1606,NE
1189146.721,X_LEG_1,33.19,32.41,0.11,1,1630,1606,NE
1189146.741,X_LEG_1,33.21,32.30,0.12,1,1629,1606,NE
1189146.762,X_LEG_1,33.21,32.30,0.12,1,1629,1606,NE
1189146.783,X_LEG_1,33.21,32.30,0.12,1,1629,1606,NE
1189146.803,X_LEG_1,33.21,32.30,0.12,1,1629,1606,NE
1189146.825,X_LEG_1,33.21,32.30,0.12,1,1629,1606,NE
1189146.845,X_LEG_1,33.21,32.30,0.12,1,1629,1606,NE
1189146.866,X_LEG_1,33.21,32.30,0.12,1,1629,1606,NE
1189146.888,X_LEG_1,33.21,32.30,0.12,1,1629,1606,NE
1189146.908,X_LEG_1,33.21,32.30,0.12,1,1629,1606,NE
1189146.929,X_LEG_1,33.21,32.30,0.12,1,1629,1606,NE
1189146.951,X_LEG_1,33.23,32.21,0.14,1,1629,1606,NE
1189146.971,X_LEG_1,33.23,32.21,0.14,1,1629,1606,NE
1189146.992,X_LEG_1,33.23,32.21,0.14,1,1629,1606,NE
1189147.016,X_LEG_1,33.23,32.21,0.14,1,1629,1606,NE
1189147.036,X_LEG_1,33.23,32.21,0.14,1,1629,1606,NE
1189147.056,X_LEG_1,33.25,32.11,0.14,1,1628,1606,NE
1189147.076,X_LEG_1,33.25,32.11,0.14,1,1628,1606,NE
1189147.097,X_LEG_1,33.25,32.11,0.14,1,1628,1606,NE
1189147.117,X_LEG_1,33.25,32.11,0.14,1,1628,1606,NE
1189147.140,X_LEG_1,33.25,32.11,0.14,1,1628,1606,NE
1189147.160,X_LEG_1,33.25,32.11,0.14,1,1628,1606,NE
1189147.181,X_LEG_1,33.25,32.11,0.14,1,1628,1606,NE
1189147.201,X_LEG_1,33.25,32.11,0.14,1,1628,1606,NE
1189147.221,X_LEG_1,33.25,32.11,0.14,1,1628,1606,NE
1189147.241,X_LEG_1,33.25,32.11,0.14,1,1628,1606,NE
1189147.262,X_LEG_1,33.26,32.01,0.13,1,1628,1606,NE
1189147.283,X_LEG_1,33.26,32.01,0.13,1,1628,1606,NE
1189147.303,X_LEG_1,33.26,32.01,0.13,1,1628,1606,NE
1189147.327,X_LEG_1,33.26,32.01,0.13,1,1628,1606,NE
1189147.347,X_LEG_1,33.26,32.01,0.13,1,1628,1606,NE
1189147.368,X_LEG_1,33.28,31.91,0.15,1,1628,1606,NE
1189147.388,X_LEG_1,33.28,31.91,0.15,1,1628,1606,NE
1189147.409,X_LEG_1,33.28,31.91,0.15,1,1628,1606,NE
1189147.429,X_LEG_1,33.28,31.91,0.15,1,1628,1606,NE
1189147.450,X_LEG_1,33.28,31.91,0.15,1,1628,1606,NE
1189147.470,X_LEG_1,33.28,31.91,0.15,1,1628,1606,NE
1189147.491,X_LEG_1,33.28,31.91,0.15,1,1628,1606,NE
1189147.515,X_LEG_1,33.28,31.91,0.15,1,1628,1606,NE
1189147.535,X_LEG_1,33.28,31.91,0.15,1,1628,1606,NE
1189147.557,X_LEG_1,33.28,31.91,0.15,1,1628,1606,NE
1189147.578,X_LEG_1,33.28,31.91,0.15,1,1628,1606,NE
1189147.599,X_LEG_1,33.28,31.91,0.15,1,1628,1606,NE
1189147.620,X_LEG_1,33.28,31.91,0.15,1,1628,1606,NE
1189147.641,X_LEG_1,33.28,31.91,0.15,1,1628,1606,NE
1189147.661,X_LEG_1,33.28,31.91,0.15,1,1628,1606,NE
1189147.682,X_LEG_1,33.29,31.81,0.15,1,1627,1606,NE
1189147.702,X_LEG_1,33.29,31.81,0.15,1,1627,1606,NE
1189147.723,X_LEG_1,33.29,31.81,0.15,1,1627,1606,NE
1189147.743,X_LEG_1,33.29,31.81,0.15,1,1627,1606,NE
1189147.764,X_LEG_1,33.29,31.81,0.15,1,1627,1606,NE
1189147.784,X_LEG_1,33.30,31.72,0.16,1,1627,1606,NE
1189147.806,X_LEG_1,33.30,31.72,0.16,1,1627,1606,NE
1189147.826,X_LEG_1,33.30,31.72,0.16,1,1627,1606,NE
1189147.847,X_LEG_1,33.30,31.72,0.16,1,1627,1606,NE
1189147.868,X_LEG_1,33.30,31.72,0.16,1,1627,1606,NE
1189147.889,X_LEG_1,33.30,31.72,0.16,1,1627,1606,NE
1189147.909,X_LEG_1,33.30,31.72,0.16,1,1627,1606,NE
1189147.931,X_LEG_1,33.30,31.72,0.16,1,1627,1606,NE
1189147.952,X_LEG_1,33.30,31.72,0.16,1,1627,1606,NE
1189147.972,X_LEG_1,33.30,31.72,0.16,1,1627,1606,NE
1189147.993,X_LEG_1,33.31,31.62,0.16,1,1626,1605,NE
1189148.014,X_LEG_1,33.31,31.62,0.16,1,1626,1605,NE
1189148.034,X_LEG_1,33.31,31.62,0.16,1,1626,1605,NE
1189148.055,X_LEG_1,33.31,31.62,0.16,1,1626,1605,NE
1189148.075,X_LEG_1,33.31,31.62,0.16,1,1626,1605,NE
1189148.096,X_LEG_1,33.31,31.52,0.17,1,1626,1605,NE
1189148.116,X_LEG_1,33.31,31.52,0.17,1,1626,1605,NE
1189148.137,X_LEG_1,33.31,31.52,0.17,1,1626,1605,NE
1189148.157,X_LEG_1,33.31,31.52,0.17,1,1626,1605,NE
1189148.181,X_LEG_1,33.31,31.52,0.17,1,1626,1605,NE
1189148.202,X_LEG_1,33.32,31.43,0.17,1,1626,1605,NE
1189148.222,X_LEG_1,33.32,31.43,0.17,1,1626,1605,NE
1189148.242,X_LEG_1,33.32,31.43,0.17,1,1626,1605,NE
1189148.263,X_LEG_1,33.32,31.43,0.17,1,1626,1605,NE
1189148.283,X_LEG_1,33.32,31.43,0.17,1,1626,1605,NE
1189148.304,X_LEG_1,33.32,31.43,0.17,1,1626,1605,NE
1189148.324,X_LEG_1,33.32,31.43,0.17,1,1626,1605,NE
1189148.345,X_LEG_1,33.32,31.43,0.17,1,1626,1605,NE
1189148.365,X_LEG_1,33.32,31.43,0.17,1,1626,1605,NE
1189148.386,X_LEG_1,33.32,31.43,0.17,1,1626,1605,NE
1189148.406,X_LEG_1,33.33,31.33,0.17,1,1625,1605,NE
1189148.427,X_LEG_1,33.33,31.33,0.17,1,1625,1605,NE
1189148.447,X_LEG_1,33.33,31.33,0.17,1,1625,1605,NE
1189148.468,X_LEG_1,33.33,31.33,0.17,1,1625,1605,NE
1189148.489,X_LEG_1,33.33,31.33,0.17,1,1625,1605,NE
1189148.510,X_LEG_1,33.33,31.23,0.19,1,1625,1605,NE
1189148.530,X_LEG_1,33.33,31.23,0.19,1,1625,1605,NE
1189148.551,X_LEG_1,33.33,31.23,0.19,1,1625,1605,NE
1189148.571,X_LEG_1,33.33,31.23,0.19,1,1625,1605,NE
1189148.592,X_LEG_1,33.33,31.23,0.19,1,1625,1605,NE
1189148.614,X_LEG_1,33.33,31.14,0.18,1,1625,1605,NE
1189148.634,X_LEG_1,33.33,31.14,0.18,1,1625,1605,NE
1189148.655,X_LEG_1,33.33,31.14,0.18,1,1625,1605,NE
1189148.676,X_LEG_1,33.33,31.14,0.18,1,1625,1605,NE
1189148.697,X_LEG_1,33.33,31.14,0.18,1,1625,1605,NE
1189148.718,X_LEG_1,33.33,31.14,0.18,1,1625,1605,NE
1189148.739,X_LEG_1,33.33,31.14,0.18,1,1625,1605,NE
1189148.759,X_LEG_1,33.33,31.14,0.18,1,1625,1605,NE
1189148.780,X_LEG_1,33.33,31.14,0.18,1,1625,1605,NE
1189148.800,X_LEG_1,33.33,31.14,0.18,1,1625,1605,NE
1189148.820,X_LEG_1,33.33,31.04,0.20,1,1624,1605,NE
1189148.841,X_LEG_1,33.33,31.04,0.20,1,1624,1605,NE
1189148.861,X_LEG_1,33.33,31.04,0.20,1,1624,1605,NE
1189148.882,X_LEG_1,33.33,31.04,0.20,1,1624,1605,NE
1189148.902,X_LEG_1,33.33,31.04,0.20,1,1624,1605,NE
1189148.926,X_LEG_1,33.33,30.94,0.19,1,1624,1605,NE
1189148.946,X_LEG_1,33.33,30.94,0.19,1,1624,1605,NE
1189148.967,X_LEG_1,33.33,30.94,0.19,1,1624,1605,NE
1189148.988,X_LEG_1,33.33,30.94,0.19,1,1624,1605,NE
1189149.008,X_LEG_1,33.33,30.94,0.19,1,1624,1605,NE
1189149.029,X_LEG_1,33.33,30.85,0.21,1,1623,1605,NE
1189149.049,X_LEG_1,33.33,30.85,0.21,1,1623,1605,NE
1189149.069,X_LEG_1,33.33,30.85,0.21,1,1623,1605,NE
1189149.090,X_LEG_1,33.33,30.85,0.21,1,1623,1605,NE
1189149.110,X_LEG_1,33.33,30.85,0.21,1,1623,1605,NE
1189149.131,X_LEG_1,33.33,30.85,0.21,1,1623,1605,NE
1189149.151,X_LEG_1,33.33,30.85,0.21,1,1623,1605,NE
1189149.173,X_LEG_1,33.33,30.85,0.21,1,1623,1605,NE
1189149.194,X_LEG_1,33.33,30.85,0.21,1,1623,1605,NE
1189149.214,X_LEG_1,33.33,30.85,0.21,1,1623,1605,NE
1189149.235,X_LEG_1,33.32,30.75,0.21,1,1623,1605,NE
1189149.255,X_LEG_1,33.32,30.75,0.21,1,1623,1605,NE
1189149.276,X_LEG_1,33.32,30.75,0.21,1,1623,1605,NE
1189149.296,X_LEG_1,33.32,30.75,0.21,1,1623,1605,NE
1189149.316,X_LEG_1,33.32,30.75,0.21,1,1623,1605,NE
1189149.337,X_LEG_1,33.32,30.66,0.21,1,1623,1605,NE
1189149.358,X_LEG_1,33.32,30.66,0.21,1,1623,1605,NE
1189149.378,X_LEG_1,33.32,30.66,0.21,1,1623,1605,NE
1189149.399,X_LEG_1,33.32,30.66,0.21,1,1623,1605,NE
1189149.419,X_LEG_1,33.32,30.66,0.21,1,1623,1605,NE
1189149.440,X_LEG_1,33.31,30.55,0.22,1,1622,1605,NE
1189149.461,X_LEG_1,33.31,30.55,0.22,1,1622,1605,NE
1189149.481,X_LEG_1,33.31,30.55,0.22,1,1622,1605,NE
1189149.502,X_LEG_1,33.31,30.55,0.22,1,1622,1605,NE
1189149.522,X_LEG_1,33.31,30.55,0.22,1,1622,1605,NE
1189149.544,X_LEG_1,33.31,30.55,0.22,1,1622,1605,NE
1189149.564,X_LEG_1,33.31,30.55,0.22,1,1622,1605,NE
1189149.585,X_LEG_1,33.31,30.55,0.22,1,1622,1605,NE
1189149.606,X_LEG_1,33.31,30.55,0.22,1,1622,1605,NE
1189149.627,X_LEG_1,33.31,30.55,0.22,1,1622,1605,NE
1189149.647,X_LEG_1,33.30,30.47,0.22,1,1622,1605,NE
1189149.670,X_LEG_1,33.30,30.47,0.22,1,1622,1605,NE
1189149.690,X_LEG_1,33.30,30.47,0.22,1,1622,1605,NE
1189149.711,X_LEG_1,33.30,30.47,0.22,1,1622,1605,NE
1189149.732,X_LEG_1,33.30,30.47,0.22,1,1622,1605,NE
1189149.753,X_LEG_1,33.29,30.36,0.23,1,1621,1605,NE
1189149.773,X_LEG_1,33.29,30.36,0.23,1,1621,1605,NE
1189149.794,X_LEG_1,33.29,30.36,0.23,1,1621,1605,NE
1189149.815,X_LEG_1,33.29,30.36,0.23,1,1621,1605,NE
1189149.835,X_LEG_1,33.29,30.36,0.23,1,1621,1605,NE
1189149.858,X_LEG_1,33.28,30.27,0.23,1,1621,1605,NE
1189149.878,X_LEG_1,33.28,30.27,0.23,1,1621,1605,NE
1189149.898,X_LEG_1,33.28,30.27,0.23,1,1621,1605,NE
1189149.919,X_LEG_1,33.28,30.27,0.23,1,1621,1605,NE
1189149.940,X_LEG_1,33.28,30.27,0.23,1,1621,1605,NE
1189149.960,X_LEG_1,33.26,30.18,0.25,1,1621,1605,NE
1189149.981,X_LEG_1,33.26,30.18,0.25,1,1621,1605,NE
1189150.002,X_LEG_1,33.26,30.18,0.25,1,1621,1605,NE
1189150.022,X_LEG_1,33.26,30.18,0.25,1,1621,1605,NE
1189150.043,X_LEG_1,33.26,30.18,0.25,1,1621,1605,NE
1189150.064,X_LEG_1,33.26,30.18,0.25,1,1621,1605,NE
1189150.084,X_LEG_1,33.26,30.18,0.25,1,1621,1605,NE
1189150.105,X_LEG_1,33.26,30.18,0.25,1,1621,1605,NE
1189150.125,X_LEG_1,33.26,30.18,0.25,1,1621,1605,NE
1189150.146,X_LEG_1,33.26,30.18,0.25,1,1621,1605,NE
1189150.166,X_LEG_1,33.25,30.08,0.24,1,1620,1605,NE
1189150.187,X_LEG_1,33.25,30.08,0.24,1,1620,1605,NE
1189150.208,X_LEG_1,33.25,30.08,0.24,1,1620,1605,NE
1189150.230,X_LEG_1,33.25,30.08,0.24,1,1620,1605,NE
1189150.251,X_LEG_1,33.25,30.08,0.24,1,1620,1605,NE
1189150.271,X_LEG_1,33.25,30.08,0.24,1,1620,1605,NE
1189150.296,X_LEG_1,33.25,30.08,0.24,1,1620,1605,NE
1189150.317,X_LEG_1,33.25,30.08,0.24,1,1620,1605,NE
1189150.340,X_LEG_1,33.25,30.08,0.24,1,1620,1605,NE
1189150.361,X_LEG_1,33.25,30.08,0.24,1,1620,1605,NE
1189150.383,X_LEG_1,33.23,29.99,0.24,1,1620,1604,NE
1189150.404,X_LEG_1,33.23,29.99,0.24,1,1620,1604,NE
1189150.424,X_LEG_1,33.23,29.99,0.24,1,1620,1604,NE
1189150.448,X_LEG_1,33.23,29.99,0.24,1,1620,1604,NE
1189150.468,X_LEG_1,33.23,29.99,0.24,1,1620,1604,NE
1189150.489,X_LEG_1,33.23,29.99,0.24,1,1620,1604,NE
1189150.509,X_LEG_1,33.23,29.99,0.24,1,1620,1604,NE
1189150.529,X_LEG_1,33.23,29.99,0.24,1,1620,1604,NE
1189150.550,X_LEG_1,33.23,29.99,0.24,1,1620,1604,NE
1189150.572,X_LEG_1,33.23,29.99,0.24,1,1620,1604,NE
1189150.592,X_LEG_1,33.22,29.90,0.26,1,1620,1604,NE
1189150.612,X_LEG_1,33.22,29.90,0.26,1,1620,1604,NE
1189150.633,X_LEG_1,33.22,29.90,0.26,1,1620,1604,NE
1189150.654,X_LEG_1,33.22,29.90,0.26,1,1620,1604,NE
1189150.674,X_LEG_1,33.22,29.90,0.26,1,1620,1604,NE
1189150.697,X_LEG_1,33.19,29.80,0.25,1,1619,1604,NE
1189150.725,X_LEG_1,33.19,29.80,0.25,1,1619,1604,NE
1189150.746,X_LEG_1,33.19,29.80,0.25,1,1619,1604,NE
1189150.766,X_LEG_1,33.19,29.80,0.25,1,1619,1604,NE
1189150.791,X_LEG_1,33.19,29.80,0.25,1,1619,1604,NE
1189150.811,X_LEG_1,33.19,29.80,0.25,1,1619,1604,NE
1189150.835,X_LEG_1,33.19,29.80,0.25,1,1619,1604,NE
1189150.855,X_LEG_1,33.19,29.80,0.25,1,1619,1604,NE
1189150.875,X_LEG_1,33.19,29.80,0.25,1,1619,1604,NE
1189150.899,X_LEG_1,33.19,29.80,0.25,1,1619,1604,NE
1189150.919,X_LEG_1,33.18,29.76,0.26,1,1619,1604,NE
1189150.940,X_LEG_1,33.18,29.76,0.26,1,1619,1604,NE
1189150.961,X_LEG_1,33.18,29.76,0.26,1,1619,1604,NE
1189150.981,X_LEG_1,33.18,29.76,0.26,1,1619,1604,NE
1189151.006,X_LEG_1,33.18,29.76,0.26,1,1619,1604,NE
1189151.030,X_LEG_1,33.17,29.71,0.27,1,1619,1604,NE
1189151.058,X_LEG_1,33.17,29.71,0.27,1,1619,1604,NE
1189151.079,X_LEG_1,33.17,29.71,0.27,1,1619,1604,NE
1189151.104,X_LEG_1,33.17,29.71,0.27,1,1619,1604,NE
1189151.128,X_LEG_1,33.17,29.71,0.27,1,1619,1604,NE
1189151.149,X_LEG_1,33.16,29.66,0.28,1,1619,1604,NE
1189151.170,X_LEG_1,33.16,29.66,0.28,1,1619,1604,NE
1189151.190,X_LEG_1,33.16,29.66,0.28,1,1619,1604,NE
1189151.211,X_LEG_1,33.16,29.66,0.28,1,1619,1604,NE
1189151.231,X_LEG_1,33.16,29.66,0.28,1,1619,1604,NE
1189151.252,X_LEG_1,33.15,29.62,0.27,1,1618,1604,NE
1189151.272,X_LEG_1,33.15,29.62,0.27,1,1618,1604,NE
1189151.293,X_LEG_1,33.15,29.62,0.27,1,1618,1604,NE
1189151.314,X_LEG_1,33.15,29.62,0.27,1,1618,1604,NE
1189151.334,X_LEG_1,33.15,29.62,0.27,1,1618,1604,NE
1189151.355,X_LEG_1,33.14,29.57,0.27,1,1618,1604,NE
1189151.375,X_LEG_1,33.14,29.57,0.27,1,1618,1604,NE
1189151.395,X_LEG_1,33.14,29.57,0.27,1,1618,1604,NE
1189151.416,X_LEG_1,33.14,29.57,0.27,1,1618,1604,NE
1189151.441,X_LEG_1,33.14,29.57,0.27,1,1618,1604,NE
1189151.462,X_LEG_1,33.12,29.48,0.27,1,1618,1604,NE
1189151.483,X_LEG_1,33.12,29.48,0.27,1,1618,1604,NE
1189151.504,X_LEG_1,33.12,29.48,0.27,1,1618,1604,NE
1189151.524,X_LEG_1,33.12,29.48,0.27,1,1618,1604,NE
1189151.547,X_LEG_1,33.12,29.48,0.27,1,1618,1604,NE
1189151.568,X_LEG_1,33.12,29.48,0.27,1,1618,1604,NE
1189151.589,X_LEG_1,33.12,29.48,0.27,1,1618,1604,NE
1189151.609,X_LEG_1,33.12,29.48,0.27,1,1618,1604,NE
1189151.630,X_LEG_1,33.12,29.48,0.27,1,1618,1604,NE
1189151.650,X_LEG_1,33.12,29.48,0.27,1,1618,1604,NE
1189151.671,X_LEG_1,33.09,29.39,0.29,1,1618,1604,NE
1189151.692,X_LEG_1,33.09,29.39,0.29,1,1618,1604,NE
1189151.712,X_LEG_1,33.09,29.39,0.29,1,1618,1604,NE
1189151.734,X_LEG_1,33.09,29.39,0.29,1,1618,1604,NE
1189151.754,X_LEG_1,33.09,29.39,0.29,1,1618,1604,NE
1189151.774,X_LEG_1,33.06,29.30,0.29,1,1617,1604,NE
1189151.796,X_LEG_1,33.06,29.30,0.29,1,1617,1604,NE
1189151.816,X_LEG_1,33.06,29.30,0.29,1,1617,1604,NE
1189151.836,X_LEG_1,33.06,29.30,0.29,1,1617,1604,NE
1189151.858,X_LEG_1,33.06,29.30,0.29,1,1617,1604,NE
1189151.878,X_LEG_1,33.03,29.20,0.28,1,1617,1604,NE
1189151.899,X_LEG_1,33.03,29.20,0.28,1,1617,1604,NE
1189151.920,X_LEG_1,33.03,29.20,0.28,1,1617,1604,NE
1189151.940,X_LEG_1,33.03,29.20,0.28,1,1617,1604,NE
1189151.961,X_LEG_1,33.03,29.20,0.28,1,1617,1604,NE
1189151.981,X_LEG_1,33.00,29.11,0.30,1,1616,1604,NE
1189152.002,X_LEG_1,33.00,29.11,0.30,1,1616,1604,NE
1189152.022,X_LEG_1,33.00,29.11,0.30,1,1616,1604,NE
1189152.043,X_LEG_1,33.00,29.11,0.30,1,1616,1604,NE
1189152.064,X_LEG_1,33.00,29.11,0.30,1,1616,1604,NE
1189152.085,X_LEG_1,33.00,29.11,0.30,1,1616,1604,NE
1189152.105,X_LEG_1,33.00,29.11,0.30,1,1616,1604,NE
1189152.126,X_LEG_1,33.00,29.11,0.30,1,1616,1604,NE
1189152.146,X_LEG_1,33.00,29.11,0.30,1,1616,1604,NE
1189152.167,X_LEG_1,33.00,29.11,0.30,1,1616,1604,NE
1189152.187,X_LEG_1,32.97,29.02,0.30,1,1616,1605,NE
1189152.207,X_LEG_1,32.97,29.02,0.30,1,1616,1605,NE
1189152.228,X_LEG_1,32.97,29.02,0.30,1,1616,1605,NE
1189152.248,X_LEG_1,32.97,29.02,0.30,1,1616,1605,NE
1189152.269,X_LEG_1,32.97,29.02,0.30,1,1616,1605,NE
1189152.289,X_LEG_1,32.93,28.93,0.31,1,1616,1605,NE
1189152.310,X_LEG_1,32.93,28.93,0.31,1,1616,1605,NE
1189152.331,X_LEG_1,32.93,28.93,0.31,1,1616,1605,NE
1189152.351,X_LEG_1,32.93,28.93,0.31,1,1616,1605,NE
1189152.372,X_LEG_1,32.93,28.93,0.31,1,1616,1605,NE
1189152.392,X_LEG_1,32.90,28.84,0.31,1,1615,1605,NE
1189152.413,X_LEG_1,32.90,28.84,0.31,1,1615,1605,NE
1189152.434,X_LEG_1,32.90,28.84,0.31,1,1615,1605,NE
1189152.454,X_LEG_1,32.90,28.84,0.31,1,1615,1605,NE
1189152.475,X_LEG_1,32.90,28.84,0.31,1,1615,1605,NE
1189152.496,X_LEG_1,32.86,28.75,0.32,1,1615,1605,NE
1189152.517,X_LEG_1,32.86,28.75,0.32,1,1615,1605,NE
1189152.537,X_LEG_1,32.86,28.75,0.32,1,1615,1605,NE
1189152.558,X_LEG_1,32.86,28.75,0.32,1,1615,1605,NE
1189152.579,X_LEG_1,32.86,28.75,0.32,1,1615,1605,NE
1189152.599,X_LEG_1,32.83,28.65,0.32,1,1615,1605,NE
1189152.620,X_LEG_1,32.83,28.65,0.32,1,1615,1605,NE
1189152.641,X_LEG_1,32.83,28.65,0.32,1,1615,1605,NE
1189152.661,X_LEG_1,32.83,28.65,0.32,1,1615,1605,NE
1189152.682,X_LEG_1,32.83,28.65,0.32,1,1615,1605,NE
1189152.702,X_LEG_1,32.79,28.56,0.32,1,1614,1605,NE
1189152.723,X_LEG_1,32.79,28.56,0.32,1,1614,1605,NE
1189152.745,X_LEG_1,32.79,28.56,0.32,1,1614,1605,NE
1189152.765,X_LEG_1,32.79,28.56,0.32,1,1614,1605,NE
1189152.786,X_LEG_1,32.79,28.56,0.32,1,1614,1605,NE
1189152.806,X_LEG_1,32.74,28.47,0.33,1,1614,1605,NE
1189152.827,X_LEG_1,32.74,28.47,0.33,1,1614,1605,NE
1189152.848,X_LEG_1,32.74,28.47,0.33,1,1614,1605,NE
1189152.868,X_LEG_1,32.74,28.47,0.33,1,1614,1605,NE
1189152.889,X_LEG_1,32.74,28.47,0.33,1,1614,1605,NE
1189152.909,X_LEG_1,32.70,28.38,0.33,1,1614,1605,NE
1189152.931,X_LEG_1,32.70,28.38,0.33,1,1614,1605,NE
1189152.951,X_LEG_1,32.70,28.38,0.33,1,1614,1605,NE
1189152.971,X_LEG_1,32.70,28.38,0.33,1,1614,1605,NE
1189152.992,X_LEG_1,32.70,28.38,0.33,1,1614,1605,NE
1189153.012,X_LEG_1,32.70,28.38,0.33,1,1614,1605,NE
1189153.033,X_LEG_1,32.70,28.38,0.33,1,1614,1605,NE
1189153.055,X_LEG_1,32.70,28.38,0.33,1,1614,1605,NE
1189153.076,X_LEG_1,32.70,28.38,0.33,1,1614,1605,NE
1189153.096,X_LEG_1,32.70,28.38,0.33,1,1614,1605,NE
1189153.117,X_LEG_1,32.63,28.25,0.34,1,1613,1605,NE
1189153.137,X_LEG_1,32.63,28.25,0.34,1,1613,1605,NE
1189153.158,X_LEG_1,32.63,28.25,0.34,1,1613,1605,NE
1189153.179,X_LEG_1,32.63,28.25,0.34,1,1613,1605,NE
1189153.199,X_LEG_1,32.63,28.25,0.34,1,1613,1605,NE
1189153.220,X_LEG_1,32.59,28.25,0.34,1,1613,1605,NE
1189153.240,X_LEG_1,32.59,28.25,0.34,1,1613,1605,NE
1189153.261,X_LEG_1,32.59,28.25,0.34,1,1613,1605,NE
1189153.281,X_LEG_1,32.59,28.25,0.34,1,1613,1605,NE
1189153.301,X_LEG_1,32.59,28.25,0.34,1,1613,1605,NE
1189153.322,X_LEG_1,32.59,28.16,0.35,1,1613,1605,NE
1189153.342,X_LEG_1,32.59,28.16,0.35,1,1613,1605,NE
1189153.363,X_LEG_1,32.59,28.16,0.35,1,1613,1605,NE
1189153.383,X_LEG_1,32.59,28.16,0.35,1,1613,1605,NE
1189153.404,X_LEG_1,32.59,28.16,0.35,1,1613,1605,NE
1189153.424,X_LEG_1,32.54,28.07,0.35,1,1612,1605,NE
1189153.445,X_LEG_1,32.54,28.07,0.35,1,1612,1605,NE
1189153.465,X_LEG_1,32.54,28.07,0.35,1,1612,1605,NE
1189153.486,X_LEG_1,32.54,28.07,0.35,1,1612,1605,NE
1189153.507,X_LEG_1,32.54,28.07,0.35,1,1612,1605,NE
1189153.527,X_LEG_1,32.49,27.99,0.35,1,1612,1605,NE
1189153.548,X_LEG_1,32.49,27.99,0.35,1,1612,1605,NE
1189153.568,X_LEG_1,32.49,27.99,0.35,1,1612,1605,NE
1189153.589,X_LEG_1,32.49,27.99,0.35,1,1612,1605,NE
1189153.609,X_LEG_1,32.49,27.99,0.35,1,1612,1605,NE
1189153.631,X_LEG_1,32.44,27.90,0.36,1,1612,1605,NE
1189153.651,X_LEG_1,32.44,27.90,0.36,1,1612,1605,NE
1189153.672,X_LEG_1,32.44,27.90,0.36,1,1612,1605,NE
1189153.692,X_LEG_1,32.44,27.90,0.36,1,1612,1605,NE
1189153.713,X_LEG_1,32.44,27.90,0.36,1,1612,1605,NE
1189153.733,X_LEG_1,32.39,27.81,0.36,1,1611,1605,NE
1189153.754,X_LEG_1,32.39,27.81,0.36,1,1611,1605,NE
1189153.774,X_LEG_1,32.39,27.81,0.36,1,1611,1605,NE
1189153.795,X_LEG_1,32.39,27.81,0.36,1,1611,1605,NE
1189153.815,X_LEG_1,32.39,27.81,0.36,1,1611,1605,NE
1189153.836,X_LEG_1,32.33,27.72,0.37,1,1611,1606,NE
1189153.856,X_LEG_1,32.33,27.72,0.37,1,1611,1606,NE
1189153.877,X_LEG_1,32.33,27.72,0.37,1,1611,1606,NE
1189153.898,X_LEG_1,32.33,27.72,0.37,1,1611,1606,NE
1189153.918,X_LEG_1,32.33,27.72,0.37,1,1611,1606,NE
1189153.940,X_LEG_1,32.33,27.72,0.37,1,1611,1606,NE
1189153.960,X_LEG_1,32.33,27.72,0.37,1,1611,1606,NE
1189153.981,X_LEG_1,32.33,27.72,0.37,1,1611,1606,NE
1189154.003,X_LEG_1,32.33,27.72,0.37,1,1611,1606,NE
1189154.023,X_LEG_1,32.33,27.72,0.37,1,1611,1606,NE
1189154.044,X_LEG_1,32.28,27.63,0.37,1,1611,1606,NE
1189154.065,X_LEG_1,32.28,27.63,0.37,1,1611,1606,NE
1189154.085,X_LEG_1,32.28,27.63,0.37,1,1611,1606,NE
1189154.105,X_LEG_1,32.28,27.63,0.37,1,1611,1606,NE
1189154.128,X_LEG_1,32.28,27.63,0.37,1,1611,1606,NE
1189154.148,X_LEG_1,32.22,27.55,0.39,1,1610,1606,NE
1189154.169,X_LEG_1,32.22,27.55,0.39,1,1610,1606,NE
1189154.189,X_LEG_1,32.22,27.55,0.39,1,1610,1606,NE
1189154.210,X_LEG_1,32.22,27.55,0.39,1,1610,1606,NE
1189154.230,X_LEG_1,32.22,27.55,0.39,1,1610,1606,NE
1189154.254,X_LEG_1,32.16,27.46,0.39,1,1610,1606,NE
1189154.275,X_LEG_1,32.16,27.46,0.39,1,1610,1606,NE
1189154.305,X_LEG_1,32.16,27.46,0.39,1,1610,1606,NE
1189154.325,X_LEG_1,32.16,27.46,0.39,1,1610,1606,NE
1189154.351,X_LEG_1,32.16,27.46,0.39,1,1610,1606,NE
1189154.371,X_LEG_1,32.16,27.46,0.39,1,1610,1606,NE
1189154.394,X_LEG_1,32.16,27.46,0.39,1,1610,1606,NE
1189154.415,X_LEG_1,32.16,27.46,0.39,1,1610,1606,NE
1189154.439,X_LEG_1,32.16,27.46,0.39,1,1610,1606,NE
1189154.460,X_LEG_1,32.16,27.46,0.39,1,1610,1606,NE
1189154.480,X_LEG_1,32.10,27.37,0.39,1,1609,1606,NE
1189154.510,X_LEG_1,32.10,27.37,0.39,1,1609,1606,NE
1189154.534,X_LEG_1,32.10,27.37,0.39,1,1609,1606,NE
1189154.554,X_LEG_1,32.10,27.37,0.39,1,1609,1606,NE
1189154.575,X_LEG_1,32.10,27.37,0.39,1,1609,1606,NE
1189154.595,X_LEG_1,32.07,27.33,0.40,1,1609,1606,NE
1189154.615,X_LEG_1,32.07,27.33,0.40,1,1609,1606,NE
1189154.635,X_LEG_1,32.07,27.33,0.40,1,1609,1606,NE
1189154.656,X_LEG_1,32.07,27.33,0.40,1,1609,1606,NE
1189154.676,X_LEG_1,32.07,27.33,0.40,1,1609,1606,NE
1189154.697,X_LEG_1,32.04,27.28,0.40,1,1609,1606,NE
1189154.718,X_LEG_1,32.04,27.28,0.40,1,1609,1606,NE
1189154.738,X_LEG_1,32.04,27.28,0.40,1,1609,1606,NE
1189154.759,X_LEG_1,32.04,27.28,0.40,1,1609,1606,NE
1189154.779,X_LEG_1,32.04,27.28,0.40,1,1609,1606,NE
1189154.800,X_LEG_1,32.01,27.24,0.41,1,1609,1606,NE
1189154.820,X_LEG_1,32.01,27.24,0.41,1,1609,1606,NE
1189154.841,X_LEG_1,32.01,27.24,0.41,1,1609,1606,NE
1189154.861,X_LEG_1,32.01,27.24,0.41,1,1609,1606,NE
1189154.882,X_LEG_1,32.01,27.24,0.41,1,1609,1606,NE
1189154.902,X_LEG_1,31.94,27.15,0.41,1,1609,1607,NE
1189154.922,X_LEG_1,31.94,27.15,0.41,1,1609,1607,NE
1189154.943,X_LEG_1,31.94,27.15,0.41,1,1609,1607,NE
1189154.963,X_LEG_1,31.94,27.15,0.41,1,1609,1607,NE
1189154.984,X_LEG_1,31.94,27.15,0.41,1,1609,1607,NE
1189155.004,X_LEG_1,31.88,27.07,0.40,1,1608,1607,NE
1189155.025,X_LEG_1,31.88,27.07,0.40,1,1608,1607,NE
1189155.045,X_LEG_1,31.88,27.07,0.40,1,1608,1607,NE
1189155.066,X_LEG_1,31.88,27.07,0.40,1,1608,1607,NE
1189155.086,X_LEG_1,31.88,27.07,0.40,1,1608,1607,NE
1189155.109,X_LEG_1,31.88,27.07,0.40,1,1608,1607,NE
1189155.129,X_LEG_1,31.88,27.07,0.40,1,1608,1607,NE
1189155.153,X_LEG_1,31.88,27.07,0.40,1,1608,1607,NE
1189155.173,X_LEG_1,31.88,27.07,0.40,1,1608,1607,NE
1189155.195,X_LEG_1,31.88,27.07,0.40,1,1608,1607,NE
1189155.216,X_LEG_1,31.81,26.99,0.41,1,1608,1607,NE
1189155.236,X_LEG_1,31.81,26.99,0.41,1,1608,1607,NE
1189155.257,X_LEG_1,31.81,26.99,0.41,1,1608,1607,NE
1189155.278,X_LEG_1,31.81,26.99,0.41,1,1608,1607,NE
1189155.298,X_LEG_1,31.81,26.99,0.41,1,1608,1607,NE
1189155.319,X_LEG_1,31.74,26.90,0.42,1,1608,1607,NE
1189155.339,X_LEG_1,31.74,26.90,0.42,1,1608,1607,NE
1189155.360,X_LEG_1,31.74,26.90,0.42,1,1608,1607,NE
1189155.382,X_LEG_1,31.74,26.90,0.42,1,1608,1607,NE
1189155.403,X_LEG_1,31.74,26.90,0.42,1,1608,1607,NE
1189155.424,X_LEG_1,31.67,26.81,0.42,1,1607,1607,NE
1189155.446,X_LEG_1,31.67,26.81,0.42,1,1607,1607,NE
1189155.466,X_LEG_1,31.67,26.81,0.42,1,1607,1607,NE
1189155.487,X_LEG_1,31.67,26.81,0.42,1,1607,1607,NE
1189155.507,X_LEG_1,31.67,26.81,0.42,1,1607,1607,NE
1189155.528,X_LEG_1,31.60,26.74,0.42,1,1607,1608,NE
1189155.548,X_LEG_1,31.60,26.74,0.42,1,1607,1608,NE
1189155.570,X_LEG_1,31.60,26.74,0.42,1,1607,1608,NE
1189155.590,X_LEG_1,31.60,26.74,0.42,1,1607,1608,NE
1189155.610,X_LEG_1,31.60,26.74,0.42,1,1607,1608,NE
1189155.631,X_LEG_1,31.60,26.74,0.42,1,1607,1608,NE
1189155.651,X_LEG_1,31.60,26.74,0.42,1,1607,1608,NE
1189155.672,X_LEG_1,31.60,26.74,0.42,1,1607,1608,NE
1189155.692,X_LEG_1,31.60,26.74,0.42,1,1607,1608,NE
1189155.713,X_LEG_1,31.60,26.74,0.42,1,1607,1608,NE
1189155.733,X_LEG_1,31.53,26.65,0.43,1,1607,1607,NE
1189155.756,X_LEG_1,31.53,26.65,0.43,1,1607,1607,NE
1189155.777,X_LEG_1,31.53,26.65,0.43,1,1607,1607,NE
1189155.797,X_LEG_1,31.53,26.65,0.43,1,1607,1607,NE
1189155.820,X_LEG_1,31.53,26.65,0.43,1,1607,1607,NE
1189155.840,X_LEG_1,31.46,26.57,0.45,1,1606,1607,NE
1189155.861,X_LEG_1,31.46,26.57,0.45,1,1606,1607,NE
1189155.881,X_LEG_1,31.46,26.57,0.45,1,1606,1607,NE
1189155.902,X_LEG_1,31.46,26.57,0.45,1,1606,1607,NE
1189155.922,X_LEG_1,31.46,26.57,0.45,1,1606,1607,NE
1189155.943,X_LEG_1,31.38,26.48,0.45,1,1606,1607,NE
1189155.963,X_LEG_1,31.38,26.48,0.45,1,1606,1607,NE
1189155.984,X_LEG_1,31.38,26.48,0.45,1,1606,1607,NE
1189156.004,X_LEG_1,31.38,26.48,0.45,1,1606,1607,NE
1189156.025,X_LEG_1,31.38,26.48,0.45,1,1606,1607,NE
1189156.045,X_LEG_1,31.30,26.40,0.45,1,1606,1608,NE
1189156.068,X_LEG_1,31.30,26.40,0.45,1,1606,1608,NE
1189156.088,X_LEG_1,31.30,26.40,0.45,1,1606,1608,NE
1189156.109,X_LEG_1,31.30,26.40,0.45,1,1606,1608,NE
1189156.129,X_LEG_1,31.30,26.40,0.45,1,1606,1608,NE
1189156.150,X_LEG_1,31.23,26.31,0.46,1,1605,1608,NE
1189156.170,X_LEG_1,31.23,26.31,0.46,1,1605,1608,NE
1189156.191,X_LEG_1,31.23,26.31,0.46,1,1605,1608,NE
1189156.211,X_LEG_1,31.23,26.31,0.46,1,1605,1608,NE
1189156.232,X_LEG_1,31.23,26.31,0.46,1,1605,1608,NE
1189156.253,X_LEG_1,31.11,26.19,0.45,1,1605,1608,NE
1189156.273,X_LEG_1,31.11,26.19,0.45,1,1605,1608,NE
1189156.294,X_LEG_1,31.11,26.19,0.45,1,1605,1608,NE
1189156.315,X_LEG_1,31.11,26.19,0.45,1,1605,1608,NE
1189156.335,X_LEG_1,31.11,26.19,0.45,1,1605,1608,NE
1189156.356,X_LEG_1,31.11,26.19,0.45,1,1605,1608,NE
1189156.378,X_LEG_1,31.11,26.19,0.45,1,1605,1608,NE
1189156.398,X_LEG_1,31.11,26.19,0.45,1,1605,1608,NE
1189156.419,X_LEG_1,31.11,26.19,0.45,1,1605,1608,NE
1189156.439,X_LEG_1,31.11,26.19,0.45,1,1605,1608,NE
1189156.460,X_LEG_1,31.02,26.11,0.47,1,1604,1608,NE
1189156.480,X_LEG_1,31.02,26.11,0.47,1,1604,1608,NE
1189156.501,X_LEG_1,31.02,26.11,0.47,1,1604,1608,NE
1189156.521,X_LEG_1,31.02,26.11,0.47,1,1604,1608,NE
1189156.542,X_LEG_1,31.02,26.11,0.47,1,1604,1608,NE
1189156.563,X_LEG_1,30.94,26.02,0.47,1,1604,1609,NE
1189156.583,X_LEG_1,30.94,26.02,0.47,1,1604,1609,NE
1189156.604,X_LEG_1,30.94,26.02,0.47,1,1604,1609,NE
1189156.626,X_LEG_1,30.94,26.02,0.47,1,1604,1609,NE
1189156.646,X_LEG_1,30.94,26.02,0.47,1,1604,1609,NE
1189156.667,X_LEG_1,30.86,25.94,0.48,1,1604,1609,NE
1189156.687,X_LEG_1,30.86,25.94,0.48,1,1604,1609,NE
1189156.708,X_LEG_1,30.86,25.94,0.48,1,1604,1609,NE
1189156.728,X_LEG_1,30.86,25.94,0.48,1,1604,1609,NE
1189156.749,X_LEG_1,30.86,25.94,0.48,1,1604,1609,NE
1189156.770,X_LEG_1,30.86,25.94,0.48,1,1604,1609,NE
1189156.790,X_LEG_1,30.86,25.94,0.48,1,1604,1609,NE
1189156.811,X_LEG_1,30.86,25.94,0.48,1,1604,1609,NE
1189156.832,X_LEG_1,30.86,25.94,0.48,1,1604,1609,NE
1189156.852,X_LEG_1,30.86,25.94,0.48,1,1604,1609,NE
1189156.874,X_LEG_1,30.77,25.86,0.49,1,1603,1609,NE
1189156.894,X_LEG_1,30.77,25.86,0.49,1,1603,1609,NE
1189156.914,X_LEG_1,30.77,25.86,0.49,1,1603,1609,NE
1189156.936,X_LEG_1,30.77,25.86,0.49,1,1603,1609,NE
1189156.956,X_LEG_1,30.77,25.86,0.49,1,1603,1609,NE
1189156.977,X_LEG_1,30.68,25.78,0.48,1,1603,1609,NE
1189156.998,X_LEG_1,30.68,25.78,0.48,1,1603,1609,NE
1189157.018,X_LEG_1,30.68,25.78,0.48,1,1603,1609,NE
1189157.039,X_LEG_1,30.68,25.78,0.48,1,1603,1609,NE
1189157.060,X_LEG_1,30.68,25.78,0.48,1,1603,1609,NE
1189157.080,X_LEG_1,30.59,25.70,0.50,1,1603,1610,NE
1189157.100,X_LEG_1,30.59,25.70,0.50,1,1603,1610,NE
1189157.121,X_LEG_1,30.59,25.70,0.50,1,1603,1610,NE
1189157.141,X_LEG_1,30.59,25.70,0.50,1,1603,1610,NE
1189157.162,X_LEG_1,30.59,25.70,0.50,1,1603,1610,NE
1189157.183,X_LEG_1,30.50,25.62,0.50,1,1602,1610,NE
1189157.203,X_LEG_1,30.50,25.62,0.50,1,1602,1610,NE
1189157.224,X_LEG_1,30.50,25.62,0.50,1,1602,1610,NE
1189157.244,X_LEG_1,30.50,25.62,0.50,1,1602,1610,NE
1189157.265,X_LEG_1,30.50,25.62,0.50,1,1602,1610,NE
1189157.285,X_LEG_1,30.41,25.54,0.49,1,1602,1610,NE
1189157.306,X_LEG_1,30.41,25.54,0.49,1,1602,1610,NE
1189157.326,X_LEG_1,30.41,25.54,0.49,1,1602,1610,NE
1189157.347,X_LEG_1,30.41,25.54,0.49,1,1602,1610,NE
1189157.368,X_LEG_1,30.41,25.54,0.49,1,1602,1610,NE
1189157.389,X_LEG_1,30.32,25.46,0.51,1,1602,1611,NE
1189157.409,X_LEG_1,30.32,25.46,0.51,1,1602,1611,NE
1189157.431,X_LEG_1,30.32,25.46,0.51,1,1602,1611,NE
1189157.451,X_LEG_1,30.32,25.46,0.51,1,1602,1611,NE
1189157.472,X_LEG_1,30.32,25.46,0.51,1,1602,1611,NE
1189157.492,X_LEG_1,30.22,25.39,0.51,1,1602,1611,NE
1189157.513,X_LEG_1,30.22,25.39,0.51,1,1602,1611,NE
1189157.533,X_LEG_1,30.22,25.39,0.51,1,1602,1611,NE
1189157.554,X_LEG_1,30.22,25.39,0.51,1,1602,1611,NE
1189157.575,X_LEG_1,30.22,25.39,0.51,1,1602,1611,NE
1189157.595,X_LEG_1,30.22,25.39,0.51,1,1602,1611,NE
1189157.616,X_LEG_1,30.22,25.39,0.51,1,1602,1611,NE
1189157.637,X_LEG_1,30.22,25.39,0.51,1,1602,1611,NE
1189157.657,X_LEG_1,30.22,25.39,0.51,1,1602,1611,NE
1189157.679,X_LEG_1,30.22,25.39,0.51,1,1602,1611,NE
1189157.699,X_LEG_1,30.13,25.30,0.51,1,1601,1611,NE
1189157.720,X_LEG_1,30.13,25.30,0.51,1,1601,1611,NE
1189157.740,X_LEG_1,30.13,25.30,0.51,1,1601,1611,NE
1189157.761,X_LEG_1,30.13,25.30,0.51,1,1601,1611,NE
1189157.781,X_LEG_1,30.13,25.30,0.51,1,1601,1611,NE
1189157.803,X_LEG_1,30.03,25.22,0.51,1,1601,1611,NE
1189157.824,X_LEG_1,30.03,25.22,0.51,1,1601,1611,NE
1189157.844,X_LEG_1,30.03,25.22,0.51,1,1601,1611,NE
1189157.866,X_LEG_1,30.03,25.22,0.51,1,1601,1611,NE
1189157.887,X_LEG_1,30.03,25.22,0.51,1,1601,1611,NE
1189157.907,X_LEG_1,29.93,25.15,0.52,1,1601,1612,NE
1189157.928,X_LEG_1,29.93,25.15,0.52,1,1601,1612,NE
1189157.950,X_LEG_1,29.93,25.15,0.52,1,1601,1612,NE
1189157.971,X_LEG_1,29.93,25.15,0.52,1,1601,1612,NE
1189157.997,X_LEG_1,29.93,25.15,0.52,1,1601,1612,NE
1189158.017,X_LEG_1,29.83,25.06,0.54,1,1600,1612,NE
1189158.037,X_LEG_1,29.83,25.06,0.54,1,1600,1612,NE
1189158.057,X_LEG_1,29.83,25.06,0.54,1,1600,1612,NE
1189158.079,X_LEG_1,29.83,25.06,0.54,1,1600,1612,NE
1189158.101,X_LEG_1,29.83,25.06,0.54,1,1600,1612,NE
1189158.122,X_LEG_1,29.83,25.06,0.54,1,1600,1612,NE
1189158.142,X_LEG_1,29.83,25.06,0.54,1,1600,1612,NE
1189158.163,X_LEG_1,29.83,25.06,0.54,1,1600,1612,NE
1189158.183,X_LEG_1,29.83,25.06,0.54,1,1600,1612,NE
1189158.204,X_LEG_1,29.83,25.06,0.54,1,1600,1612,NE
1189158.225,X_LEG_1,29.83,25.06,0.54,1,1600,1612,NE
1189158.245,X_LEG_1,29.83,25.06,0.54,1,1600,1612,NE
1189158.266,X_LEG_1,29.83,25.06,0.54,1,1600,1612,NE
1189158.287,X_LEG_1,29.83,25.06,0.54,1,1600,1612,NE
1189158.308,X_LEG_1,29.83,25.06,0.54,1,1600,1612,NE
1189158.328,X_LEG_1,29.73,24.99,0.54,1,1600,1611,NE
1189158.349,X_LEG_1,29.73,24.99,0.54,1,1600,1611,NE
1189158.369,X_LEG_1,29.73,24.99,0.54,1,1600,1611,NE
1189158.390,X_LEG_1,29.73,24.99,0.54,1,1600,1611,NE
1189158.411,X_LEG_1,29.73,24.99,0.54,1,1600,1611,NE
1189158.431,X_LEG_1,29.63,24.91,0.54,1,1600,1612,NE
1189158.451,X_LEG_1,29.63,24.91,0.54,1,1600,1612,NE
1189158.473,X_LEG_1,29.63,24.91,0.54,1,1600,1612,NE
1189158.493,X_LEG_1,29.63,24.91,0.54,1,1600,1612,NE
1189158.514,X_LEG_1,29.63,24.91,0.54,1,1600,1612,NE
1189158.534,X_LEG_1,29.52,24.83,0.54,1,1599,1612,NE
1189158.555,X_LEG_1,29.52,24.83,0.54,1,1599,1612,NE
1189158.575,X_LEG_1,29.52,24.83,0.54,1,1599,1612,NE
1189158.596,X_LEG_1,29.52,24.83,0.54,1,1599,1612,NE
1189158.616,X_LEG_1,29.52,24.83,0.54,1,1599,1612,NE
1189158.637,X_LEG_1,29.42,24.75,0.54,1,1599,1612,NE
1189158.657,X_LEG_1,29.42,24.75,0.54,1,1599,1612,NE
1189158.677,X_LEG_1,29.42,24.75,0.54,1,1599,1612,NE
1189158.698,X_LEG_1,29.42,24.75,0.54,1,1599,1612,NE
1189158.718,X_LEG_1,29.42,24.75,0.54,1,1599,1612,NE
1189158.739,X_LEG_1,29.31,24.68,0.55,1,1599,1613,NE
1189158.759,X_LEG_1,29.31,24.68,0.55,1,1599,1613,NE
1189158.780,X_LEG_1,29.31,24.68,0.55,1,1599,1613,NE
1189158.801,X_LEG_1,29.31,24.68,0.55,1,1599,1613,NE
1189158.821,X_LEG_1,29.31,24.68,0.55,1,1599,1613,NE
1189158.844,X_LEG_1,29.31,24.68,0.55,1,1599,1613,NE
1189158.865,X_LEG_1,29.31,24.68,0.55,1,1599,1613,NE
1189158.885,X_LEG_1,29.31,24.68,0.55,1,1599,1613,NE
1189158.906,X_LEG_1,29.31,24.68,0.55,1,1599,1613,NE
1189158.927,X_LEG_1,29.31,24.68,0.55,1,1599,1613,NE
1189158.948,X_LEG_1,29.20,24.60,0.55,1,1598,1613,NE
1189158.968,X_LEG_1,29.20,24.60,0.55,1,1598,1613,NE
1189158.989,X_LEG_1,29.20,24.60,0.55,1,1598,1613,NE
1189159.009,X_LEG_1,29.20,24.60,0.55,1,1598,1613,NE
1189159.030,X_LEG_1,29.20,24.60,0.55,1,1598,1613,NE
1189159.051,X_LEG_1,29.09,24.53,0.55,1,1598,1613,NE
1189159.071,X_LEG_1,29.09,24.53,0.55,1,1598,1613,NE
1189159.093,X_LEG_1,29.09,24.53,0.55,1,1598,1613,NE
1189159.113,X_LEG_1,29.09,24.53,0.55,1,1598,1613,NE
1189159.133,X_LEG_1,29.09,24.53,0.55,1,1598,1613,NE
1189159.154,X_LEG_1,28.98,24.44,0.57,1,1598,1614,NE
1189159.175,X_LEG_1,28.98,24.44,0.57,1,1598,1614,NE
1189159.195,X_LEG_1,28.98,24.44,0.57,1,1598,1614,NE
1189159.216,X_LEG_1,28.98,24.44,0.57,1,1598,1614,NE
1189159.236,X_LEG_1,28.98,24.44,0.57,1,1598,1614,NE
1189159.257,X_LEG_1,28.87,24.37,0.57,1,1597,1614,NE
1189159.277,X_LEG_1,28.87,24.37,0.57,1,1597,1614,NE
1189159.298,X_LEG_1,28.87,24.37,0.57,1,1597,1614,NE
1189159.319,X_LEG_1,28.87,24.37,0.57,1,1597,1614,NE
1189159.339,X_LEG_1,28.87,24.37,0.57,1,1597,1614,NE
1189159.360,X_LEG_1,28.76,24.29,0.57,1,1597,1614,NE
1189159.380,X_LEG_1,28.76,24.29,0.57,1,1597,1614,NE
1189159.402,X_LEG_1,28.76,24.29,0.57,1,1597,1614,NE
1189159.422,X_LEG_1,28.76,24.29,0.57,1,1597,1614,NE
1189159.442,X_LEG_1,28.76,24.29,0.57,1,1597,1614,NE
1189159.466,X_LEG_1,28.64,24.22,0.57,1,1597,1615,NE
1189159.486,X_LEG_1,28.64,24.22,0.57,1,1597,1615,NE
1189159.506,X_LEG_1,28.64,24.22,0.57,1,1597,1615,NE
1189159.527,X_LEG_1,28.64,24.22,0.57,1,1597,1615,NE
1189159.547,X_LEG_1,28.64,24.22,0.57,1,1597,1615,NE
1189159.568,X_LEG_1,28.53,24.15,0.59,1,1597,1615,NE
1189159.588,X_LEG_1,28.53,24.15,0.59,1,1597,1615,NE
1189159.609,X_LEG_1,28.53,24.15,0.59,1,1597,1615,NE
1189159.629,X_LEG_1,28.53,24.15,0.59,1,1597,1615,NE
1189159.650,X_LEG_1,28.53,24.15,0.59,1,1597,1615,NE
1189159.670,X_LEG_1,28.41,24.08,0.59,1,1596,1615,NE
1189159.691,X_LEG_1,28.41,24.08,0.59,1,1596,1615,NE
1189159.713,X_LEG_1,28.41,24.08,0.59,1,1596,1615,NE
1189159.733,X_LEG_1,28.41,24.08,0.59,1,1596,1615,NE
1189159.754,X_LEG_1,28.41,24.08,0.59,1,1596,1615,NE
1189159.778,X_LEG_1,28.29,24.00,0.59,1,1596,1616,NE
1189159.798,X_LEG_1,28.29,24.00,0.59,1,1596,1616,NE
1189159.818,X_LEG_1,28.29,24.00,0.59,1,1596,1616,NE
1189159.839,X_LEG_1,28.29,24.00,0.59,1,1596,1616,NE
1189159.859,X_LEG_1,28.29,24.00,0.59,1,1596,1616,NE
1189159.880,X_LEG_1,28.17,23.93,0.60,1,1596,1616,NE
1189159.900,X_LEG_1,28.17,23.93,0.60,1,1596,1616,NE
1189159.921,X_LEG_1,28.17,23.93,0.60,1,1596,1616,NE
1189159.941,X_LEG_1,28.17,23.93,0.60,1,1596,1616,NE
1189159.963,X_LEG_1,28.17,23.93,0.60,1,1596,1616,NE
1189159.983,X_LEG_1,28.17,23.93,0.60,1,1596,1616,NE
1189160.004,X_LEG_1,28.17,23.93,0.60,1,1596,1616,NE
1189160.024,X_LEG_1,28.17,23.93,0.60,1,1596,1616,NE
1189160.045,X_LEG_1,28.17,23.93,0.60,1,1596,1616,NE
1189160.065,X_LEG_1,28.17,23.93,0.60,1,1596,1616,NE
1189160.086,X_LEG_1,27.99,23.81,0.61,1,1595,1617,NE
1189160.106,X_LEG_1,27.99,23.81,0.61,1,1595,1617,NE
1189160.127,X_LEG_1,27.99,23.81,0.61,1,1595,1617,NE
1189160.147,X_LEG_1,27.99,23.81,0.61,1,1595,1617,NE
1189160.168,X_LEG_1,27.99,23.81,0.61,1,1595,1617,NE
1189160.189,X_LEG_1,27.87,23.73,0.61,1,1595,1617,NE
1189160.209,X_LEG_1,27.87,23.73,0.61,1,1595,1617,NE
1189160.230,X_LEG_1,27.87,23.73,0.61,1,1595,1617,NE
1189160.250,X_LEG_1,27.87,23.73,0.61,1,1595,1617,NE
1189160.271,X_LEG_1,27.87,23.73,0.61,1,1595,1617,NE
1189160.291,X_LEG_1,27.75,23.67,0.63,1,1595,1617,NE
1189160.312,X_LEG_1,27.75,23.67,0.63,1,1595,1617,NE
1189160.333,X_LEG_1,27.75,23.67,0.63,1,1595,1617,NE
1189160.353,X_LEG_1,27.75,23.67,0.63,1,1595,1617,NE
1189160.373,X_LEG_1,27.75,23.67,0.63,1,1595,1617,NE
1189160.394,X_LEG_1,27.62,23.60,0.61,1,1594,1618,NE
1189160.414,X_LEG_1,27.62,23.60,0.61,1,1594,1618,NE
1189160.435,X_LEG_1,27.62,23.60,0.61,1,1594,1618,NE
1189160.455,X_LEG_1,27.62,23.60,0.61,1,1594,1618,NE
1189160.480,X_LEG_1,27.62,23.60,0.61,1,1594,1618,NE
1189160.504,X_LEG_1,27.49,23.52,0.61,1,1594,1618,NE
1189160.536,X_LEG_1,27.49,23.52,0.61,1,1594,1618,NE
1189160.565,X_LEG_1,27.49,23.52,0.61,1,1594,1618,NE
1189160.585,X_LEG_1,27.49,23.52,0.61,1,1594,1618,NE
1189160.606,X_LEG_1,27.49,23.52,0.61,1,1594,1618,NE
1189160.627,X_LEG_1,27.49,23.52,0.61,1,1594,1618,NE
1189160.654,X_LEG_1,27.49,23.52,0.61,1,1594,1618,NE
1189160.681,X_LEG_1,27.49,23.52,0.61,1,1594,1618,NE
1189160.702,X_LEG_1,27.49,23.52,0.61,1,1594,1618,NE
1189160.722,X_LEG_1,27.37,23.45,0.63,1,1594,1618,NE
1189160.743,X_LEG_1,27.37,23.45,0.63,1,1594,1618,NE
1189160.763,X_LEG_1,27.37,23.45,0.63,1,1594,1618,NE
1189160.791,X_LEG_1,27.37,23.45,0.63,1,1594,1618,NE
1189160.811,X_LEG_1,27.37,23.45,0.63,1,1594,1618,NE
1189160.832,X_LEG_1,27.37,23.45,0.63,1,1594,1618,NE
1189160.852,X_LEG_1,27.37,23.45,0.63,1,1594,1618,NE
1189160.873,X_LEG_1,27.37,23.45,0.63,1,1594,1618,NE
1189160.893,X_LEG_1,27.37,23.45,0.63,1,1594,1618,NE
1189160.913,X_LEG_1,27.37,23.45,0.63,1,1594,1618,NE
1189160.934,X_LEG_1,27.24,23.38,0.63,1,1594,1619,NE
1189160.959,X_LEG_1,27.24,23.38,0.63,1,1594,1619,NE
1189160.979,X_LEG_1,27.24,23.38,0.63,1,1594,1619,NE
1189161.000,X_LEG_1,27.24,23.38,0.63,1,1594,1619,NE
1189161.025,X_LEG_1,27.24,23.38,0.63,1,1594,1619,NE
1189161.045,X_LEG_1,27.24,23.38,0.63,1,1594,1619,NE
1189161.066,X_LEG_1,27.24,23.38,0.63,1,1594,1619,NE
1189161.086,X_LEG_1,27.24,23.38,0.63,1,1594,1619,NE
1189161.107,X_LEG_1,27.24,23.38,0.63,1,1594,1619,NE
1189161.129,X_LEG_1,27.24,23.38,0.63,1,1594,1619,NE
1189161.150,X_LEG_1,27.17,23.34,0.64,1,1593,1619,NE
1189161.170,X_LEG_1,27.17,23.34,0.64,1,1593,1619,NE
1189161.190,X_LEG_1,27.17,23.34,0.64,1,1593,1619,NE
1189161.211,X_LEG_1,27.17,23.34,0.64,1,1593,1619,NE
1189161.231,X_LEG_1,27.17,23.34,0.64,1,1593,1619,NE
1189161.253,X_LEG_1,27.11,23.31,0.63,1,1593,1618,NE
1189161.274,X_LEG_1,27.11,23.31,0.63,1,1593,1618,NE
1189161.294,X_LEG_1,27.11,23.31,0.63,1,1593,1618,NE
1189161.314,X_LEG_1,27.11,23.31,0.63,1,1593,1618,NE
1189161.335,X_LEG_1,27.11,23.31,0.63,1,1593,1618,NE
1189161.355,X_LEG_1,27.11,23.31,0.63,1,1593,1618,NE
1189161.376,X_LEG_1,27.11,23.31,0.63,1,1593,1618,NE
1189161.396,X_LEG_1,27.11,23.31,0.63,1,1593,1618,NE
1189161.417,X_LEG_1,27.11,23.31,0.63,1,1593,1618,NE
1189161.437,X_LEG_1,27.11,23.31,0.63,1,1593,1618,NE
1189161.457,X_LEG_1,26.98,23.24,0.65,1,1593,1619,NE
1189161.477,X_LEG_1,26.98,23.24,0.65,1,1593,1619,NE
1189161.499,X_LEG_1,26.98,23.24,0.65,1,1593,1619,NE
1189161.520,X_LEG_1,26.98,23.24,0.65,1,1593,1619,NE
1189161.540,X_LEG_1,26.98,23.24,0.65,1,1593,1619,NE
1189161.561,X_LEG_1,26.85,23.16,0.65,1,1593,1619,NE
1189161.582,X_LEG_1,26.85,23.16,0.65,1,1593,1619,NE
1189161.602,X_LEG_1,26.85,23.16,0.65,1,1593,1619,NE
1189161.623,X_LEG_1,26.85,23.16,0.65,1,1593,1619,NE
1189161.643,X_LEG_1,26.85,23.16,0.65,1,1593,1619,NE
1189161.663,X_LEG_1,26.85,23.16,0.65,1,1593,1619,NE
1189161.684,X_LEG_1,26.85,23.16,0.65,1,1593,1619,NE
1189161.704,X_LEG_1,26.85,23.16,0.65,1,1593,1619,NE
1189161.726,X_LEG_1,26.85,23.16,0.65,1,1593,1619,NE
1189161.748,X_LEG_1,26.85,23.16,0.65,1,1593,1619,NE
1189161.768,X_LEG_1,26.71,23.10,0.65,1,1592,1619,NE
1189161.789,X_LEG_1,26.71,23.10,0.65,1,1592,1619,NE
1189161.816,X_LEG_1,26.71,23.10,0.65,1,1592,1619,NE
1189161.837,X_LEG_1,26.71,23.10,0.65,1,1592,1619,NE
1189161.858,X_LEG_1,26.71,23.10,0.65,1,1592,1619,NE
1189161.878,X_LEG_1,26.58,23.03,0.65,1,1592,1620,NE
1189161.907,X_LEG_1,26.58,23.03,0.65,1,1592,1620,NE
1189161.927,X_LEG_1,26.58,23.03,0.65,1,1592,1620,NE
1189161.949,X_LEG_1,26.58,23.03,0.65,1,1592,1620,NE
1189161.970,X_LEG_1,26.58,23.03,0.65,1,1592,1620,NE
1189161.991,X_LEG_1,26.44,22.95,0.66,1,1592,1620,NE
1189162.012,X_LEG_1,26.44,22.95,0.66,1,1592,1620,NE
1189162.032,X_LEG_1,26.44,22.95,0.66,1,1592,1620,NE
1189162.053,X_LEG_1,26.44,22.95,0.66,1,1592,1620,NE
1189162.073,X_LEG_1,26.44,22.95,0.66,1,1592,1620,NE
1189162.094,X_LEG_1,26.44,22.95,0.66,1,1592,1620,NE
1189162.115,X_LEG_1,26.44,22.95,0.66,1,1592,1620,NE
1189162.135,X_LEG_1,26.44,22.95,0.66,1,1592,1620,NE
1189162.156,X_LEG_1,26.44,22.95,0.66,1,1592,1620,NE
1189162.176,X_LEG_1,26.44,22.95,0.66,1,1592,1620,NE
1189162.197,X_LEG_1,26.31,22.88,0.67,1,1592,1621,NE
1189162.217,X_LEG_1,26.31,22.88,0.67,1,1592,1621,NE
1189162.238,X_LEG_1,26.31,22.88,0.67,1,1592,1621,NE
1189162.259,X_LEG_1,26.31,22.88,0.67,1,1592,1621,NE
1189162.280,X_LEG_1,26.31,22.88,0.67,1,1592,1621,NE
1189162.300,X_LEG_1,26.17,22.82,0.66,1,1591,1621,NE
1189162.321,X_LEG_1,26.17,22.82,0.66,1,1591,1621,NE
1189162.341,X_LEG_1,26.17,22.82,0.66,1,1591,1621,NE
1189162.361,X_LEG_1,26.17,22.82,0.66,1,1591,1621,NE
1189162.383,X_LEG_1,26.17,22.82,0.66,1,1591,1621,NE
1189162.403,X_LEG_1,26.03,22.75,0.67,1,1591,1621,NE
1189162.424,X_LEG_1,26.03,22.75,0.67,1,1591,1621,NE
1189162.445,X_LEG_1,26.03,22.75,0.67,1,1591,1621,NE
1189162.465,X_LEG_1,26.03,22.75,0.67,1,1591,1621,NE
1189162.485,X_LEG_1,26.03,22.75,0.67,1,1591,1621,NE
1189162.509,X_LEG_1,25.89,22.67,0.68,1,1591,1622,NE
1189162.529,X_LEG_1,25.89,22.67,0.68,1,1591,1622,NE
1189162.550,X_LEG_1,25.89,22.67,0.68,1,1591,1622,NE
1189162.570,X_LEG_1,25.89,22.67,0.68,1,1591,1622,NE
1189162.591,X_LEG_1,25.89,22.67,0.68,1,1591,1622,NE
1189162.611,X_LEG_1,25.75,22.61,0.68,1,1590,1622,NE
1189162.632,X_LEG_1,25.75,22.61,0.68,1,1590,1622,NE
1189162.653,X_LEG_1,25.75,22.61,0.68,1,1590,1622,NE
1189162.673,X_LEG_1,25.75,22.61,0.68,1,1590,1622,NE
1189162.694,X_LEG_1,25.75,22.61,0.68,1,1590,1622,NE
1189162.714,X_LEG_1,25.53,22.51,0.68,1,1590,1623,NE
1189162.735,X_LEG_1,25.53,22.51,0.68,1,1590,1623,NE
1189162.755,X_LEG_1,25.53,22.51,0.68,1,1590,1623,NE
1189162.776,X_LEG_1,25.53,22.51,0.68,1,1590,1623,NE
1189162.796,X_LEG_1,25.53,22.51,0.68,1,1590,1623,NE
1189162.817,X_LEG_1,25.53,22.51,0.68,1,1590,1623,NE
1189162.838,X_LEG_1,25.53,22.51,0.68,1,1590,1623,NE
1189162.859,X_LEG_1,25.53,22.51,0.68,1,1590,1623,NE
1189162.879,X_LEG_1,25.53,22.51,0.68,1,1590,1623,NE
1189162.900,X_LEG_1,25.53,22.51,0.68,1,1590,1623,NE
1189162.920,X_LEG_1,25.39,22.44,0.70,1,1590,1623,NE
1189162.943,X_LEG_1,25.39,22.44,0.70,1,1590,1623,NE
1189162.963,X_LEG_1,25.39,22.44,0.70,1,1590,1623,NE
1189162.984,X_LEG_1,25.39,22.44,0.70,1,1590,1623,NE
1189163.004,X_LEG_1,25.39,22.44,0.70,1,1590,1623,NE
1189163.025,X_LEG_1,25.17,22.34,0.71,1,1589,1624,NE
1189163.046,X_LEG_1,25.17,22.34,0.71,1,1589,1624,NE
1189163.070,X_LEG_1,25.17,22.34,0.71,1,1589,1624,NE
1189163.090,X_LEG_1,25.17,22.34,0.71,1,1589,1624,NE
1189163.112,X_LEG_1,25.17,22.34,0.71,1,1589,1624,NE
1189163.132,X_LEG_1,25.03,22.27,-0.30,1,1589,1624,NE
1189163.153,X_LEG_1,25.03,22.27,-0.30,1,1589,1624,NE
1189163.174,X_LEG_1,25.03,22.27,-0.30,1,1589,1624,NE
1189163.194,X_LEG_1,25.03,22.27,-0.30,1,1589,1624,NE
1189163.215,X_LEG_1,25.03,22.27,-0.30,1,1589,1624,NE
1189163.235,X_LEG_1,24.88,22.20,-0.29,1,1589,1625,NE
1189163.256,X_LEG_1,24.88,22.20,-0.29,1,1589,1625,NE
1189163.276,X_LEG_1,24.88,22.20,-0.29,1,1589,1625,NE
1189163.297,X_LEG_1,24.88,22.20,-0.29,1,1589,1625,NE
1189163.318,X_LEG_1,24.88,22.20,-0.29,1,1589,1625,NE
1189163.339,X_LEG_1,24.73,22.14,-0.29,1,1589,1625,NE
1189163.359,X_LEG_1,24.73,22.14,-0.29,1,1589,1625,NE
1189163.380,X_LEG_1,24.73,22.14,-0.29,1,1589,1625,NE
1189163.400,X_LEG_1,24.73,22.14,-0.29,1,1589,1625,NE
1189163.423,X_LEG_1,24.73,22.14,-0.29,1,1589,1625,NE
1189163.443,X_LEG_1,24.58,22.06,-0.29,1,1588,1626,NE
1189163.464,X_LEG_1,24.58,22.06,-0.29,1,1588,1626,NE
1189163.485,X_LEG_1,24.58,22.06,-0.29,1,1588,1626,NE
1189163.506,X_LEG_1,24.58,22.06,-0.29,1,1588,1626,NE
1189163.526,X_LEG_1,24.58,22.06,-0.29,1,1588,1626,NE
1189163.547,X_LEG_1,24.58,22.06,-0.29,1,1588,1626,NE
1189163.568,X_LEG_1,24.58,22.06,-0.29,1,1588,1626,NE
1189163.588,X_LEG_1,24.58,22.06,-0.29,1,1588,1626,NE
1189163.609,X_LEG_1,24.58,22.06,-0.29,1,1588,1626,NE
1189163.629,X_LEG_1,24.58,22.06,-0.29,1,1588,1626,NE
1189163.650,X_LEG_1,24.43,22.00,-0.29,1,1588,1626,NE
1189163.670,X_LEG_1,24.43,22.00,-0.29,1,1588,1626,NE
1189163.691,X_LEG_1,24.43,22.00,-0.29,1,1588,1626,NE
1189163.711,X_LEG_1,24.43,22.00,-0.29,1,1588,1626,NE
1189163.734,X_LEG_1,24.43,22.00,-0.29,1,1588,1626,NE
1189163.754,X_LEG_1,24.28,21.93,-0.27,1,1588,1627,NE
1189163.774,X_LEG_1,24.28,21.93,-0.27,1,1588,1627,NE
1189163.795,X_LEG_1,24.28,21.93,-0.27,1,1588,1627,NE
1189163.816,X_LEG_1,24.28,21.93,-0.27,1,1588,1627,NE
1189163.836,X_LEG_1,24.28,21.93,-0.27,1,1588,1627,NE
1189163.857,X_LEG_1,24.13,21.87,-0.27,1,1587,1627,NE
1189163.877,X_LEG_1,24.13,21.87,-0.27,1,1587,1627,NE
1189163.897,X_LEG_1,24.13,21.87,-0.27,1,1587,1627,NE
1189163.918,X_LEG_1,24.13,21.87,-0.27,1,1587,1627,NE
1189163.938,X_LEG_1,24.13,21.87,-0.27,1,1587,1627,NE
1189163.959,X_LEG_1,23.90,21.77,-0.26,1,1587,1628,NE
1189163.979,X_LEG_1,23.90,21.77,-0.26,1,1587,1628,NE
1189164.000,X_LEG_1,23.90,21.77,-0.26,1,1587,1628,NE
1189164.020,X_LEG_1,23.90,21.77,-0.26,1,1587,1628,NE
1189164.041,X_LEG_1,23.90,21.77,-0.26,1,1587,1628,NE
1189164.061,X_LEG_1,23.90,21.77,-0.26,1,1587,1628,NE
1189164.082,X_LEG_1,23.90,21.77,-0.26,1,1587,1628,NE
1189164.102,X_LEG_1,23.90,21.77,-0.26,1,1587,1628,NE
1189164.123,X_LEG_1,23.90,21.77,-0.26,1,1587,1628,NE
1189164.143,X_LEG_1,23.90,21.77,-0.26,1,1587,1628,NE
1189164.164,X_LEG_1,23.66,21.68,-0.27,1,1587,1629,NE
1189164.185,X_LEG_1,23.66,21.68,-0.27,1,1587,1629,NE
1189164.205,X_LEG_1,23.66,21.68,-0.27,1,1587,1629,NE
1189164.225,X_LEG_1,23.66,21.68,-0.27,1,1587,1629,NE
1189164.246,X_LEG_1,23.66,21.68,-0.27,1,1587,1629,NE
1189164.267,X_LEG_1,23.43,21.58,-0.24,1,1586,1628,NE
1189164.288,X_LEG_1,23.43,21.58,-0.24,1,1586,1628,NE
1189164.310,X_LEG_1,23.43,21.58,-0.24,1,1586,1628,NE
1189164.331,X_LEG_1,23.43,21.58,-0.24,1,1586,1628,NE
1189164.351,X_LEG_1,23.43,21.58,-0.24,1,1586,1628,NE
1189164.372,X_LEG_1,23.43,21.58,-0.24,1,1586,1628,NE
1189164.392,X_LEG_1,23.43,21.58,-0.24,1,1586,1628,NE
1189164.413,X_LEG_1,23.43,21.58,-0.24,1,1586,1628,NE
1189164.434,X_LEG_1,23.43,21.58,-0.24,1,1586,1628,NE
1189164.454,X_LEG_1,23.43,21.58,-0.24,1,1586,1628,NE
1189164.475,X_LEG_1,23.27,21.52,-0.24,1,1586,1629,NE
1189164.495,X_LEG_1,23.27,21.52,-0.24,1,1586,1629,NE
1189164.517,X_LEG_1,23.27,21.52,-0.24,1,1586,1629,NE
1189164.537,X_LEG_1,23.27,21.52,-0.24,1,1586,1629,NE
1189164.559,X_LEG_1,23.27,21.52,-0.24,1,1586,1629,NE
1189164.579,X_LEG_1,23.11,21.45,0.78,1,1586,1629,NE
1189164.600,X_LEG_1,23.11,21.45,0.78,1,1586,1629,NE
1189164.620,X_LEG_1,23.11,21.45,0.78,1,1586,1629,NE
1189164.641,X_LEG_1,23.11,21.45,0.78,1,1586,1629,NE
1189164.662,X_LEG_1,23.11,21.45,0.78,1,1586,1629,NE
1189164.682,X_LEG_1,22.95,21.38,0.76,1,1586,1630,NE
1189164.702,X_LEG_1,22.95,21.38,0.76,1,1586,1630,NE
1189164.723,X_LEG_1,22.95,21.38,0.76,1,1586,1630,NE
1189164.744,X_LEG_1,22.95,21.38,0.76,1,1586,1630,NE
1189164.764,X_LEG_1,22.95,21.38,0.76,1,1586,1630,NE
1189164.785,X_LEG_1,22.95,21.38,0.76,1,1586,1630,NE
1189164.806,X_LEG_1,22.95,21.38,0.76,1,1586,1630,NE
1189164.826,X_LEG_1,22.95,21.38,0.76,1,1586,1630,NE
1189164.847,X_LEG_1,22.95,21.38,0.76,1,1586,1630,NE
1189164.867,X_LEG_1,22.95,21.38,0.76,1,1586,1630,NE
1189164.888,X_LEG_1,22.79,21.32,0.76,1,1585,1630,NE
1189164.908,X_LEG_1,22.79,21.32,0.76,1,1585,1630,NE
1189164.928,X_LEG_1,22.79,21.32,0.76,1,1585,1630,NE
1189164.949,X_LEG_1,22.79,21.32,0.76,1,1585,1630,NE
1189164.969,X_LEG_1,22.79,21.32,0.76,1,1585,1630,NE
1189164.991,X_LEG_1,22.63,21.26,0.76,1,1585,1631,NE
1189165.011,X_LEG_1,22.63,21.26,0.76,1,1585,1631,NE
1189165.032,X_LEG_1,22.63,21.26,0.76,1,1585,1631,NE
1189165.053,X_LEG_1,22.63,21.26,0.76,1,1585,1631,NE
1189165.073,X_LEG_1,22.63,21.26,0.76,1,1585,1631,NE
1189165.094,X_LEG_1,22.47,21.19,0.77,1,1585,1631,NE
1189165.115,X_LEG_1,22.47,21.19,0.77,1,1585,1631,NE
1189165.136,X_LEG_1,22.47,21.19,0.77,1,1585,1631,NE
1189165.156,X_LEG_1,22.47,21.19,0.77,1,1585,1631,NE
1189165.179,X_LEG_1,22.47,21.19,0.77,1,1585,1631,NE
1189165.200,X_LEG_1,22.31,21.13,0.77,1,1585,1632,NE
1189165.220,X_LEG_1,22.31,21.13,0.77,1,1585,1632,NE
1189165.241,X_LEG_1,22.31,21.13,0.77,1,1585,1632,NE
1189165.261,X_LEG_1,22.31,21.13,0.77,1,1585,1632,NE
1189165.282,X_LEG_1,22.31,21.13,0.77,1,1585,1632,NE
1189165.305,X_LEG_1,22.31,21.13,-0.23,1,1585,1632,NE
1189165.325,X_LEG_1,22.31,21.13,-0.23,1,1585,1632,NE
1189165.346,X_LEG_1,22.31,21.13,-0.23,1,1585,1632,NE
1189165.366,X_LEG_1,22.31,21.13,-0.23,1,1585,1632,NE
1189165.388,X_LEG_1,22.31,21.13,-0.23,1,1585,1632,NE
1189165.408,X_LEG_1,22.07,21.04,-0.22,1,1584,1632,NE
1189165.429,X_LEG_1,22.07,21.04,-0.22,1,1584,1632,NE
1189165.449,X_LEG_1,22.07,21.04,-0.22,1,1584,1632,NE
1189165.469,X_LEG_1,22.07,21.04,-0.22,1,1584,1632,NE
1189165.490,X_LEG_1,22.07,21.04,-0.22,1,1584,1632,NE
1189165.510,X_LEG_1,21.90,20.98,-0.22,1,1584,1633,NE
1189165.531,X_LEG_1,21.90,20.98,-0.22,1,1584,1633,NE
1189165.551,X_LEG_1,21.90,20.98,-0.22,1,1584,1633,NE
1189165.572,X_LEG_1,21.90,20.98,-0.22,1,1584,1633,NE
1189165.592,X_LEG_1,21.90,20.98,-0.22,1,1584,1633,NE
1189165.613,X_LEG_1,21.73,20.91,-0.20,1,1584,1633,NE
1189165.634,X_LEG_1,21.73,20.91,-0.20,1,1584,1633,NE
1189165.654,X_LEG_1,21.73,20.91,-0.20,1,1584,1633,NE
1189165.676,X_LEG_1,21.73,20.91,-0.20,1,1584,1633,NE
1189165.696,X_LEG_1,21.73,20.91,-0.20,1,1584,1633,NE
1189165.717,X_LEG_1,21.57,20.85,-0.20,1,1583,1634,NE
1189165.738,X_LEG_1,21.57,20.85,-0.20,1,1583,1634,NE
1189165.758,X_LEG_1,21.57,20.85,-0.20,1,1583,1634,NE
1189165.778,X_LEG_1,21.57,20.85,-0.20,1,1583,1634,NE
1189165.800,X_LEG_1,21.57,20.85,-0.20,1,1583,1634,NE
1189165.820,X_LEG_1,21.40,20.80,-0.19,1,1583,1634,NE
1189165.841,X_LEG_1,21.40,20.80,-0.19,1,1583,1634,NE
1189165.862,X_LEG_1,21.40,20.80,-0.19,1,1583,1634,NE
1189165.882,X_LEG_1,21.40,20.80,-0.19,1,1583,1634,NE
1189165.903,X_LEG_1,21.40,20.80,-0.19,1,1583,1634,NE
1189165.923,X_LEG_1,21.23,20.74,-0.19,1,1583,1635,NE
1189165.944,X_LEG_1,21.23,20.74,-0.19,1,1583,1635,NE
1189165.965,X_LEG_1,21.23,20.74,-0.19,1,1583,1635,NE
1189165.986,X_LEG_1,21.23,20.74,-0.19,1,1583,1635,NE
1189166.006,X_LEG_1,21.23,20.74,-0.19,1,1583,1635,NE
1189166.027,X_LEG_1,21.23,20.74,-0.19,1,1583,1635,NE
1189166.048,X_LEG_1,21.23,20.74,-0.19,1,1583,1635,NE
1189166.068,X_LEG_1,21.23,20.74,-0.19,1,1583,1635,NE
1189166.089,X_LEG_1,21.23,20.74,-0.19,1,1583,1635,NE
1189166.109,X_LEG_1,21.23,20.74,-0.19,1,1583,1635,NE
1189166.130,X_LEG_1,21.07,20.67,-0.19,1,1583,1635,NE
1189166.150,X_LEG_1,21.07,20.67,-0.19,1,1583,1635,NE
1189166.172,X_LEG_1,21.07,20.67,-0.19,1,1583,1635,NE
1189166.192,X_LEG_1,21.07,20.67,-0.19,1,1583,1635,NE
1189166.213,X_LEG_1,21.07,20.67,-0.19,1,1583,1635,NE
1189166.235,X_LEG_1,20.90,20.61,-0.19,1,1582,1636,NE
1189166.255,X_LEG_1,20.90,20.61,-0.19,1,1582,1636,NE
1189166.275,X_LEG_1,20.90,20.61,-0.19,1,1582,1636,NE
1189166.297,X_LEG_1,20.90,20.61,-0.19,1,1582,1636,NE
1189166.317,X_LEG_1,20.90,20.61,-0.19,1,1582,1636,NE
1189166.338,X_LEG_1,20.73,20.55,-0.19,1,1582,1636,NE
1189166.358,X_LEG_1,20.73,20.55,-0.19,1,1582,1636,NE
1189166.379,X_LEG_1,20.73,20.55,-0.19,1,1582,1636,NE
1189166.399,X_LEG_1,20.73,20.55,-0.19,1,1582,1636,NE
1189166.420,X_LEG_1,20.73,20.55,-0.19,1,1582,1636,NE
1189166.440,X_LEG_1,20.73,20.55,-0.19,1,1582,1636,NE
1189166.461,X_LEG_1,20.73,20.55,-0.19,1,1582,1636,NE
1189166.482,X_LEG_1,20.73,20.55,-0.19,1,1582,1636,NE
1189166.502,X_LEG_1,20.73,20.55,-0.19,1,1582,1636,NE
1189166.523,X_LEG_1,20.73,20.55,-0.19,1,1582,1636,NE
1189166.545,X_LEG_1,20.56,20.49,-0.19,1,1582,1637,NE
1189166.565,X_LEG_1,20.56,20.49,-0.19,1,1582,1637,NE
1189166.585,X_LEG_1,20.56,20.49,-0.19,1,1582,1637,NE
1189166.606,X_LEG_1,20.56,20.49,-0.19,1,1582,1637,NE
1189166.627,X_LEG_1,20.56,20.49,-0.19,1,1582,1637,NE
1189166.647,X_LEG_1,20.39,20.44,-0.18,1,1582,1637,NE
1189166.671,X_LEG_1,20.39,20.44,-0.18,1,1582,1637,NE
1189166.692,X_LEG_1,20.39,20.44,-0.18,1,1582,1637,NE
1189166.712,X_LEG_1,20.39,20.44,-0.18,1,1582,1637,NE
1189166.733,X_LEG_1,20.39,20.44,-0.18,1,1582,1637,NE
1189166.753,X_LEG_1,20.21,20.37,0.82,1,1581,1638,NE
1189166.774,X_LEG_1,20.21,20.37,0.82,1,1581,1638,NE
1189166.794,X_LEG_1,20.21,20.37,0.82,1,1581,1638,NE
1189166.815,X_LEG_1,20.21,20.37,0.82,1,1581,1638,NE
1189166.835,X_LEG_1,20.21,20.37,0.82,1,1581,1638,NE
1189166.856,X_LEG_1,20.04,20.31,0.82,1,1581,1638,NE
1189166.876,X_LEG_1,20.04,20.31,0.82,1,1581,1638,NE
1189166.897,X_LEG_1,20.04,20.31,0.82,1,1581,1638,NE
1189166.917,X_LEG_1,20.04,20.31,0.82,1,1581,1638,NE
1189166.938,X_LEG_1,20.04,20.31,0.82,1,1581,1638,NE
1189166.959,X_LEG_1,19.87,20.26,0.84,1,1581,1639,NE
1189166.979,X_LEG_1,19.87,20.26,0.84,1,1581,1639,NE
1189167.000,X_LEG_1,19.87,20.26,0.84,1,1581,1639,NE
1189167.020,X_LEG_1,19.87,20.26,0.84,1,1581,1639,NE
1189167.041,X_LEG_1,19.87,20.26,0.84,1,1581,1639,NE
1189167.061,X_LEG_1,19.69,20.20,0.84,1,1581,1639,NE
1189167.081,X_LEG_1,19.69,20.20,0.84,1,1581,1639,NE
1189167.102,X_LEG_1,19.69,20.20,0.84,1,1581,1639,NE
1189167.124,X_LEG_1,19.69,20.20,0.84,1,1581,1639,NE
1189167.144,X_LEG_1,19.69,20.20,0.84,1,1581,1639,NE
1189167.165,X_LEG_1,19.52,20.20,0.84,1,1581,1640,NE
1189167.186,X_LEG_1,19.52,20.20,0.84,1,1581,1640,NE
1189167.206,X_LEG_1,19.52,20.20,0.84,1,1581,1640,NE
1189167.228,X_LEG_1,19.52,20.20,0.84,1,1581,1640,NE
1189167.248,X_LEG_1,19.52,20.20,0.84,1,1581,1640,NE
1189167.268,X_LEG_1,19.52,20.14,0.84,1,1581,1640,NE
1189167.292,X_LEG_1,19.52,20.14,0.84,1,1581,1640,NE
1189167.312,X_LEG_1,19.52,20.14,0.84,1,1581,1640,NE
1189167.333,X_LEG_1,19.52,20.14,0.84,1,1581,1640,NE
1189167.354,X_LEG_1,19.52,20.14,0.84,1,1581,1640,NE
1189167.374,X_LEG_1,19.17,20.02,0.85,1,1580,1641,NE
1189167.395,X_LEG_1,19.17,20.02,0.85,1,1580,1641,NE
1189167.415,X_LEG_1,19.17,20.02,0.85,1,1580,1641,NE
1189167.436,X_LEG_1,19.17,20.02,0.85,1,1580,1641,NE
1189167.456,X_LEG_1,19.17,20.02,0.85,1,1580,1641,NE
1189167.477,X_LEG_1,18.99,19.96,0.85,1,1580,1641,NE
1189167.497,X_LEG_1,18.99,19.96,0.85,1,1580,1641,NE
1189167.518,X_LEG_1,18.99,19.96,0.85,1,1580,1641,NE
1189167.538,X_LEG_1,18.99,19.96,0.85,1,1580,1641,NE
1189167.558,X_LEG_1,18.99,19.96,0.85,1,1580,1641,NE
1189167.579,X_LEG_1,18.99,19.96,0.85,1,1580,1641,NE
1189167.600,X_LEG_1,18.99,19.96,0.85,1,1580,1641,NE
1189167.620,X_LEG_1,18.99,19.96,0.85,1,1580,1641,NE
1189167.641,X_LEG_1,18.99,19.96,0.85,1,1580,1641,NE
1189167.662,X_LEG_1,18.99,19.96,0.85,1,1580,1641,NE
1189167.683,X_LEG_1,18.82,19.90,0.87,1,1580,1641,NE
1189167.703,X_LEG_1,18.82,19.90,0.87,1,1580,1641,NE
1189167.724,X_LEG_1,18.82,19.90,0.87,1,1580,1641,NE
1189167.744,X_LEG_1,18.82,19.90,0.87,1,1580,1641,NE
1189167.765,X_LEG_1,18.82,19.90,0.87,1,1580,1641,NE
1189167.785,X_LEG_1,18.64,19.84,0.87,1,1579,1642,NE
1189167.805,X_LEG_1,18.64,19.84,0.87,1,1579,1642,NE
1189167.825,X_LEG_1,18.64,19.84,0.87,1,1579,1642,NE
1189167.846,X_LEG_1,18.64,19.84,0.87,1,1579,1642,NE
1189167.866,X_LEG_1,18.64,19.84,0.87,1,1579,1642,NE
1189167.887,X_LEG_1,18.46,19.79,0.88,1,1579,1642,NE
1189167.907,X_LEG_1,18.46,19.79,0.88,1,1579,1642,NE
1189167.928,X_LEG_1,18.46,19.79,0.88,1,1579,1642,NE
1189167.949,X_LEG_1,18.46,19.79,0.88,1,1579,1642,NE
1189167.969,X_LEG_1,18.46,19.79,0.88,1,1579,1642,NE
1189167.990,X_LEG_1,18.46,19.79,0.88,1,1579,1642,NE
1189168.010,X_LEG_1,18.46,19.79,0.88,1,1579,1642,NE
1189168.030,X_LEG_1,18.46,19.79,0.88,1,1579,1642,NE
1189168.051,X_LEG_1,18.46,19.79,0.88,1,1579,1642,NE
1189168.072,X_LEG_1,18.46,19.79,0.88,1,1579,1642,NE
1189168.092,X_LEG_1,18.29,19.74,-0.14,1,1579,1643,NE
1189168.113,X_LEG_1,18.29,19.74,-0.14,1,1579,1643,NE
1189168.133,X_LEG_1,18.29,19.74,-0.14,1,1579,1643,NE
1189168.154,X_LEG_1,18.29,19.74,-0.14,1,1579,1643,NE
1189168.175,X_LEG_1,18.29,19.74,-0.14,1,1579,1643,NE
1189168.195,X_LEG_1,18.11,19.68,-0.12,1,1579,1643,NE
1189168.216,X_LEG_1,18.11,19.68,-0.12,1,1579,1643,NE
1189168.237,X_LEG_1,18.11,19.68,-0.12,1,1579,1643,NE
1189168.257,X_LEG_1,18.11,19.68,-0.12,1,1579,1643,NE
1189168.278,X_LEG_1,18.11,19.68,-0.12,1,1579,1643,NE
1189168.300,X_LEG_1,17.93,19.62,-0.12,1,1578,1644,NE
1189168.321,X_LEG_1,17.93,19.62,-0.12,1,1578,1644,NE
1189168.341,X_LEG_1,17.93,19.62,-0.12,1,1578,1644,NE
1189168.362,X_LEG_1,17.93,19.62,-0.12,1,1578,1644,NE
1189168.382,X_LEG_1,17.93,19.62,-0.12,1,1578,1644,NE
1189168.403,X_LEG_1,17.75,19.56,-0.11,1,1578,1644,NE
1189168.425,X_LEG_1,17.75,19.56,-0.11,1,1578,1644,NE
1189168.445,X_LEG_1,17.75,19.56,-0.11,1,1578,1644,NE
1189168.465,X_LEG_1,17.75,19.56,-0.11,1,1578,1644,NE
1189168.487,X_LEG_1,17.75,19.56,-0.11,1,1578,1644,NE
1189168.507,X_LEG_1,17.57,19.50,-0.11,1,1578,1645,NE
1189168.528,X_LEG_1,17.57,19.50,-0.11,1,1578,1645,NE
1189168.550,X_LEG_1,17.57,19.50,-0.11,1,1578,1645,NE
1189168.571,X_LEG_1,17.57,19.50,-0.11,1,1578,1645,NE
1189168.591,X_LEG_1,17.57,19.50,-0.11,1,1578,1645,NE
1189168.613,X_LEG_1,17.39,19.46,-0.11,1,1578,1645,NE
1189168.633,X_LEG_1,17.39,19.46,-0.11,1,1578,1645,NE
1189168.654,X_LEG_1,17.39,19.46,-0.11,1,1578,1645,NE
1189168.674,X_LEG_1,17.39,19.46,-0.11,1,1578,1645,NE
1189168.695,X_LEG_1,17.39,19.46,-0.11,1,1578,1645,NE
1189168.715,X_LEG_1,17.21,19.40,-0.09,1,1578,1646,NE
1189168.735,X_LEG_1,17.21,19.40,-0.09,1,1578,1646,NE
1189168.755,X_LEG_1,17.21,19.40,-0.09,1,1578,1646,NE
1189168.776,X_LEG_1,17.21,19.40,-0.09,1,1578,1646,NE
1189168.796,X_LEG_1,17.21,19.40,-0.09,1,1578,1646,NE
1189168.817,X_LEG_1,17.21,19.40,-0.09,1,1578,1646,NE
1189168.837,X_LEG_1,17.21,19.40,-0.09,1,1578,1646,NE
1189168.858,X_LEG_1,17.21,19.40,-0.09,1,1578,1646,NE
1189168.878,X_LEG_1,17.21,19.40,-0.09,1,1578,1646,NE
1189168.899,X_LEG_1,17.21,19.40,-0.09,1,1578,1646,NE
1189168.920,X_LEG_1,17.03,19.34,-0.10,1,1577,1646,NE
1189168.940,X_LEG_1,17.03,19.34,-0.10,1,1577,1646,NE
1189168.960,X_LEG_1,17.03,19.34,-0.10,1,1577,1646,NE
1189168.981,X_LEG_1,17.03,19.34,-0.10,1,1577,1646,NE
1189169.001,X_LEG_1,17.03,19.34,-0.10,1,1577,1646,NE
1189169.022,X_LEG_1,16.84,19.29,-0.10,1,1577,1647,NE
1189169.043,X_LEG_1,16.84,19.29,-0.10,1,1577,1647,NE
1189169.063,X_LEG_1,16.84,19.29,-0.10,1,1577,1647,NE
1189169.083,X_LEG_1,16.84,19.29,-0.10,1,1577,1647,NE
1189169.104,X_LEG_1,16.84,19.29,-0.10,1,1577,1647,NE
1189169.125,X_LEG_1,16.66,19.23,-0.10,1,1577,1648,NE
1189169.146,X_LEG_1,16.66,19.23,-0.10,1,1577,1648,NE
1189169.166,X_LEG_1,16.66,19.23,-0.10,1,1577,1648,NE
1189169.187,X_LEG_1,16.66,19.23,-0.10,1,1577,1648,NE
1189169.207,X_LEG_1,16.66,19.23,-0.10,1,1577,1648,NE
1189169.228,X_LEG_1,16.48,19.18,-0.08,1,1577,1648,NE
1189169.248,X_LEG_1,16.48,19.18,-0.08,1,1577,1648,NE
1189169.269,X_LEG_1,16.48,19.18,-0.08,1,1577,1648,NE
1189169.289,X_LEG_1,16.48,19.18,-0.08,1,1577,1648,NE
1189169.310,X_LEG_1,16.48,19.18,-0.08,1,1577,1648,NE
1189169.331,X_LEG_1,16.48,19.18,-0.08,1,1577,1648,NE
1189169.351,X_LEG_1,16.48,19.18,-0.08,1,1577,1648,NE
1189169.371,X_LEG_1,16.48,19.18,-0.08,1,1577,1648,NE
1189169.392,X_LEG_1,16.48,19.18,-0.08,1,1577,1648,NE
1189169.412,X_LEG_1,16.48,19.18,-0.08,1,1577,1648,NE
1189169.435,X_LEG_1,16.21,19.10,-0.08,1,1576,1649,NE
1189169.455,X_LEG_1,16.21,19.10,-0.08,1,1576,1649,NE
1189169.476,X_LEG_1,16.21,19.10,-0.08,1,1576,1649,NE
1189169.497,X_LEG_1,16.21,19.10,-0.08,1,1576,1649,NE
1189169.517,X_LEG_1,16.21,19.10,-0.08,1,1576,1649,NE
1189169.538,X_LEG_1,16.02,19.04,-0.08,1,1576,1649,NE
1189169.558,X_LEG_1,16.02,19.04,-0.08,1,1576,1649,NE
1189169.579,X_LEG_1,16.02,19.04,-0.08,1,1576,1649,NE
1189169.599,X_LEG_1,16.02,19.04,-0.08,1,1576,1649,NE
1189169.621,X_LEG_1,16.02,19.04,-0.08,1,1576,1649,NE
1189169.641,X_LEG_1,15.75,18.97,-0.08,1,1576,1650,NE
1189169.662,X_LEG_1,15.75,18.97,-0.08,1,1576,1650,NE
1189169.683,X_LEG_1,15.75,18.97,-0.08,1,1576,1650,NE
1189169.703,X_LEG_1,15.75,18.97,-0.08,1,1576,1650,NE
1189169.724,X_LEG_1,15.75,18.97,-0.08,1,1576,1650,NE
1189169.746,X_LEG_1,15.56,18.91,-0.06,1,1576,1651,NE
1189169.766,X_LEG_1,15.56,18.91,-0.06,1,1576,1651,NE
1189169.787,X_LEG_1,15.56,18.91,-0.06,1,1576,1651,NE
1189169.807,X_LEG_1,15.56,18.91,-0.06,1,1576,1651,NE
1189169.827,X_LEG_1,15.56,18.91,-0.06,1,1576,1651,NE
1189169.848,X_LEG_1,15.56,18.91,-0.06,1,1576,1651,NE
1189169.869,X_LEG_1,15.56,18.91,-0.06,1,1576,1651,NE
1189169.889,X_LEG_1,15.56,18.91,-0.06,1,1576,1651,NE
1189169.909,X_LEG_1,15.56,18.91,-0.06,1,1576,1651,NE
1189169.930,X_LEG_1,15.56,18.91,-0.06,1,1576,1651,NE
1189169.950,X_LEG_1,15.29,18.83,-0.07,1,1575,1652,NE
1189169.971,X_LEG_1,15.29,18.83,-0.07,1,1575,1652,NE
1189169.994,X_LEG_1,15.29,18.83,-0.07,1,1575,1652,NE
1189170.015,X_LEG_1,15.29,18.83,-0.07,1,1575,1652,NE
1189170.035,X_LEG_1,15.29,18.83,-0.07,1,1575,1652,NE
1189170.056,X_LEG_1,15.10,18.77,-0.06,1,1575,1652,NE
1189170.076,X_LEG_1,15.10,18.77,-0.06,1,1575,1652,NE
1189170.097,X_LEG_1,15.10,18.77,-0.06,1,1575,1652,NE
1189170.117,X_LEG_1,15.10,18.77,-0.06,1,1575,1652,NE
1189170.138,X_LEG_1,15.10,18.77,-0.06,1,1575,1652,NE
1189170.158,X_LEG_1,14.91,18.72,-0.04,1,1575,1652,NE
1189170.180,X_LEG_1,14.91,18.72,-0.04,1,1575,1652,NE
1189170.200,X_LEG_1,14.91,18.72,-0.04,1,1575,1652,NE
1189170.220,X_LEG_1,14.91,18.72,-0.04,1,1575,1652,NE
1189170.241,X_LEG_1,14.91,18.72,-0.04,1,1575,1652,NE
1189170.261,X_LEG_1,14.73,18.67,-0.04,1,1575,1652,NE
1189170.282,X_LEG_1,14.73,18.67,-0.04,1,1575,1652,NE
1189170.307,X_LEG_1,14.73,18.67,-0.04,1,1575,1652,NE
1189170.327,X_LEG_1,14.73,18.67,-0.04,1,1575,1652,NE
1189170.347,X_LEG_1,14.73,18.67,-0.04,1,1575,1652,NE
1189170.367,X_LEG_1,14.45,18.59,-0.06,1,1574,1653,NE
1189170.388,X_LEG_1,14.45,18.59,-0.06,1,1574,1653,NE
1189170.409,X_LEG_1,14.45,18.59,-0.06,1,1574,1653,NE
1189170.429,X_LEG_1,14.45,18.59,-0.06,1,1574,1653,NE
1189170.449,X_LEG_1,14.45,18.59,-0.06,1,1574,1653,NE
1189170.470,X_LEG_1,14.27,18.54,-0.04,1,1574,1654,NE
1189170.490,X_LEG_1,14.27,18.54,-0.04,1,1574,1654,NE
1189170.511,X_LEG_1,14.27,18.54,-0.04,1,1574,1654,NE
1189170.532,X_LEG_1,14.27,18.54,-0.04,1,1574,1654,NE
1189170.552,X_LEG_1,14.27,18.54,-0.04,1,1574,1654,NE
1189170.573,X_LEG_1,14.27,18.54,-0.04,1,1574,1654,NE
1189170.595,X_LEG_1,14.27,18.54,-0.04,1,1574,1654,NE
1189170.617,X_LEG_1,14.27,18.54,-0.04,1,1574,1654,NE
1189170.637,X_LEG_1,14.27,18.54,-0.04,1,1574,1654,NE
1189170.658,X_LEG_1,14.27,18.54,-0.04,1,1574,1654,NE
1189170.678,X_LEG_1,14.27,18.54,-0.04,1,1574,1654,NE
1189170.699,X_LEG_1,14.27,18.54,-0.04,1,1574,1654,NE
1189170.719,X_LEG_1,14.27,18.54,-0.04,1,1574,1654,NE
1189170.742,X_LEG_1,14.27,18.54,-0.04,1,1574,1654,NE
1189170.769,X_LEG_1,14.27,18.54,-0.04,1,1574,1654,NE
1189170.794,X_LEG_1,13.89,18.43,-0.03,1,1574,1655,NE
1189170.825,X_LEG_1,13.89,18.43,-0.03,1,1574,1655,NE
1189170.849,X_LEG_1,13.89,18.43,-0.03,1,1574,1655,NE
1189170.871,X_LEG_1,13.89,18.43,-0.03,1,1574,1655,NE
1189170.891,X_LEG_1,13.89,18.43,-0.03,1,1574,1655,NE
1189170.911,X_LEG_1,13.89,18.43,-0.03,1,1574,1655,NE
1189170.932,X_LEG_1,13.89,18.43,-0.03,1,1574,1655,NE
1189170.953,X_LEG_1,13.89,18.43,-0.03,1,1574,1655,NE
1189170.974,X_LEG_1,13.89,18.43,-0.03,1,1574,1655,NE
1189170.994,X_LEG_1,13.80,18.41,-0.02,1,1574,1655,NE
1189171.015,X_LEG_1,13.80,18.41,-0.02,1,1574,1655,NE
1189171.039,X_LEG_1,13.80,18.41,-0.02,1,1574,1655,NE
1189171.060,X_LEG_1,13.80,18.41,-0.02,1,1574,1655,NE
1189171.083,X_LEG_1,13.80,18.41,-0.02,1,1574,1655,NE
1189171.103,X_LEG_1,13.71,18.39,-0.03,1,1574,1655,NE
1189171.124,X_LEG_1,13.71,18.39,-0.03,1,1574,1655,NE
1189171.145,X_LEG_1,13.71,18.39,-0.03,1,1574,1655,NE
1189171.165,X_LEG_1,13.71,18.39,-0.03,1,1574,1655,NE
1189171.185,X_LEG_1,13.71,18.39,-0.03,1,1574,1655,NE
1189171.207,X_LEG_1,13.52,18.33,-0.01,1,1573,1655,NE
1189171.227,X_LEG_1,13.52,18.33,-0.01,1,1573,1655,NE
1189171.248,X_LEG_1,13.52,18.33,-0.01,1,1573,1655,NE
1189171.268,X_LEG_1,13.52,18.33,-0.01,1,1573,1655,NE
1189171.289,X_LEG_1,13.52,18.33,-0.01,1,1573,1655,NE
1189171.310,X_LEG_1,13.52,18.33,-0.01,1,1573,1655,NE
1189171.331,X_LEG_1,13.52,18.33,-0.01,1,1573,1655,NE
1189171.351,X_LEG_1,13.52,18.33,-0.01,1,1573,1655,NE
1189171.372,X_LEG_1,13.52,18.33,-0.01,1,1573,1655,NE
1189171.393,X_LEG_1,13.52,18.33,-0.01,1,1573,1655,NE
1189171.414,X_LEG_1,13.33,18.28,-0.02,1,1573,1656,NE
1189171.434,X_LEG_1,13.33,18.28,-0.02,1,1573,1656,NE
1189171.455,X_LEG_1,13.33,18.28,-0.02,1,1573,1656,NE
1189171.475,X_LEG_1,13.33,18.28,-0.02,1,1573,1656,NE
1189171.496,X_LEG_1,13.33,18.28,-0.02,1,1573,1656,NE
1189171.517,X_LEG_1,13.15,18.24,-0.03,1,1573,1656,NE
1189171.538,X_LEG_1,13.15,18.24,-0.03,1,1573,1656,NE
1189171.558,X_LEG_1,13.15,18.24,-0.03,1,1573,1656,NE
1189171.579,X_LEG_1,13.15,18.24,-0.03,1,1573,1656,NE
1189171.599,X_LEG_1,13.15,18.24,-0.03,1,1573,1656,NE
1189171.619,X_LEG_1,13.15,18.24,-0.03,1,1573,1656,NE
1189171.640,X_LEG_1,13.15,18.24,-0.03,1,1573,1656,NE
1189171.660,X_LEG_1,13.15,18.24,-0.03,1,1573,1656,NE
1189171.681,X_LEG_1,13.15,18.24,-0.03,1,1573,1656,NE
1189171.705,X_LEG_1,13.15,18.24,-0.03,1,1573,1656,NE
1189171.726,X_LEG_1,12.96,18.18,-0.01,1,1573,1657,NE
1189171.749,X_LEG_1,12.96,18.18,-0.01,1,1573,1657,NE
1189171.770,X_LEG_1,12.96,18.18,-0.01,1,1573,1657,NE
1189171.790,X_LEG_1,12.96,18.18,-0.01,1,1573,1657,NE
1189171.811,X_LEG_1,12.96,18.18,-0.01,1,1573,1657,NE
1189171.832,X_LEG_1,12.77,18.13,-0.01,1,1573,1657,NE
1189171.852,X_LEG_1,12.77,18.13,-0.01,1,1573,1657,NE
1189171.873,X_LEG_1,12.77,18.13,-0.01,1,1573,1657,NE
1189171.894,X_LEG_1,12.77,18.13,-0.01,1,1573,1657,NE
1189171.914,X_LEG_1,12.77,18.13,-0.01,1,1573,1657,NE
1189171.936,X_LEG_1,12.59,18.08,0.01,1,1572,1658,NE
1189171.956,X_LEG_1,12.59,18.08,0.01,1,1572,1658,NE
1189171.977,X_LEG_1,12.59,18.08,0.01,1,1572,1658,NE
1189171.997,X_LEG_1,12.59,18.08,0.01,1,1572,1658,NE
1189172.018,X_LEG_1,12.59,18.08,0.01,1,1572,1658,NE
1189172.039,X_LEG_1,12.59,18.08,0.01,1,1572,1658,NE
1189172.059,X_LEG_1,12.59,18.08,0.01,1,1572,1658,NE
1189172.079,X_LEG_1,12.59,18.08,0.01,1,1572,1658,NE
1189172.100,X_LEG_1,12.59,18.08,0.01,1,1572,1658,NE
1189172.121,X_LEG_1,12.59,18.08,0.01,1,1572,1658,NE
1189172.141,X_LEG_1,12.40,18.03,0.00,1,1572,1658,NE
1189172.162,X_LEG_1,12.40,18.03,0.00,1,1572,1658,NE
1189172.183,X_LEG_1,12.40,18.03,0.00,1,1572,1658,NE
1189172.203,X_LEG_1,12.40,18.03,0.00,1,1572,1658,NE
1189172.224,X_LEG_1,12.40,18.03,0.00,1,1572,1658,NE
1189172.247,X_LEG_1,12.21,17.98,-0.00,1,1572,1659,NE
1189172.267,X_LEG_1,12.21,17.98,-0.00,1,1572,1659,NE
1189172.288,X_LEG_1,12.21,17.98,-0.00,1,1572,1659,NE
1189172.308,X_LEG_1,12.21,17.98,-0.00,1,1572,1659,NE
1189172.329,X_LEG_1,12.21,17.98,-0.00,1,1572,1659,NE
1189172.350,X_LEG_1,12.02,17.93,0.02,1,1572,1659,NE
1189172.370,X_LEG_1,12.02,17.93,0.02,1,1572,1659,NE
1189172.391,X_LEG_1,12.02,17.93,0.02,1,1572,1659,NE
1189172.411,X_LEG_1,12.02,17.93,0.02,1,1572,1659,NE
1189172.431,X_LEG_1,12.02,17.93,0.02,1,1572,1659,NE
1189172.452,X_LEG_1,11.84,17.88,0.01,1,1572,1660,NE
1189172.472,X_LEG_1,11.84,17.88,0.01,1,1572,1660,NE
1189172.494,X_LEG_1,11.84,17.88,0.01,1,1572,1660,NE
1189172.514,X_LEG_1,11.84,17.88,0.01,1,1572,1660,NE
1189172.534,X_LEG_1,11.84,17.88,0.01,1,1572,1660,NE
1189172.556,X_LEG_1,11.65,17.83,0.00,1,1571,1661,NE
1189172.576,X_LEG_1,11.65,17.83,0.00,1,1571,1661,NE
1189172.597,X_LEG_1,11.65,17.83,0.00,1,1571,1661,NE
1189172.617,X_LEG_1,11.65,17.83,0.00,1,1571,1661,NE
1189172.638,X_LEG_1,11.65,17.83,0.00,1,1571,1661,NE
1189172.658,X_LEG_1,11.46,17.78,0.02,1,1571,1661,NE
1189172.680,X_LEG_1,11.46,17.78,0.02,1,1571,1661,NE
1189172.700,X_LEG_1,11.46,17.78,0.02,1,1571,1661,NE
1189172.721,X_LEG_1,11.46,17.78,0.02,1,1571,1661,NE
1189172.743,X_LEG_1,11.46,17.78,0.02,1,1571,1661,NE
1189172.763,X_LEG_1,11.46,17.78,0.02,1,1571,1661,NE
1189172.784,X_LEG_1,11.46,17.78,0.02,1,1571,1661,NE
1189172.805,X_LEG_1,11.46,17.78,0.02,1,1571,1661,NE
1189172.825,X_LEG_1,11.46,17.78,0.02,1,1571,1661,NE
1189172.846,X_LEG_1,11.46,17.78,0.02,1,1571,1661,NE
1189172.866,X_LEG_1,11.18,17.71,0.00,1,1571,1662,NE
1189172.886,X_LEG_1,11.18,17.71,0.00,1,1571,1662,NE
1189172.907,X_LEG_1,11.18,17.71,0.00,1,1571,1662,NE
1189172.927,X_LEG_1,11.18,17.71,0.00,1,1571,1662,NE
1189172.948,X_LEG_1,11.18,17.71,0.00,1,1571,1662,NE
1189172.969,X_LEG_1,10.99,17.66,0.02,1,1571,1663,NE
1189172.989,X_LEG_1,10.99,17.66,0.02,1,1571,1663,NE
1189173.009,X_LEG_1,10.99,17.66,0.02,1,1571,1663,NE
1189173.030,X_LEG_1,10.99,17.66,0.02,1,1571,1663,NE
1189173.051,X_LEG_1,10.99,17.66,0.02,1,1571,1663,NE
1189173.071,X_LEG_1,10.81,17.61,0.02,1,1570,1663,NE
1189173.092,X_LEG_1,10.81,17.61,0.02,1,1570,1663,NE
1189173.115,X_LEG_1,10.81,17.61,0.02,1,1570,1663,NE
1189173.135,X_LEG_1,10.81,17.61,0.02,1,1570,1663,NE
1189173.156,X_LEG_1,10.81,17.61,0.02,1,1570,1663,NE
1189173.176,X_LEG_1,10.53,17.54,0.04,1,1570,1664,NE
1189173.197,X_LEG_1,10.53,17.54,0.04,1,1570,1664,NE
1189173.217,X_LEG_1,10.53,17.54,0.04,1,1570,1664,NE
1189173.238,X_LEG_1,10.53,17.54,0.04,1,1570,1664,NE
1189173.258,X_LEG_1,10.53,17.54,0.04,1,1570,1664,NE
1189173.279,X_LEG_1,10.34,17.49,0.04,1,1570,1664,NE
1189173.299,X_LEG_1,10.34,17.49,0.04,1,1570,1664,NE
1189173.320,X_LEG_1,10.34,17.49,0.04,1,1570,1664,NE
1189173.340,X_LEG_1,10.34,17.49,0.04,1,1570,1664,NE
1189173.362,X_LEG_1,10.34,17.49,0.04,1,1570,1664,NE
1189173.382,X_LEG_1,10.15,17.45,0.03,1,1570,1665,NE
1189173.403,X_LEG_1,10.15,17.45,0.03,1,1570,1665,NE
1189173.423,X_LEG_1,10.15,17.45,0.03,1,1570,1665,NE
1189173.443,X_LEG_1,10.15,17.45,0.03,1,1570,1665,NE
1189173.464,X_LEG_1,10.15,17.45,0.03,1,1570,1665,NE
1189173.484,X_LEG_1,10.15,17.45,0.03,1,1570,1665,NE
1189173.505,X_LEG_1,10.15,17.45,0.03,1,1570,1665,NE
1189173.525,X_LEG_1,10.15,17.45,0.03,1,1570,1665,NE
1189173.548,X_LEG_1,10.15,17.45,0.03,1,1570,1665,NE
1189173.568,X_LEG_1,10.15,17.45,0.03,1,1570,1665,NE
1189173.589,X_LEG_1,9.87,17.37,0.04,1,1569,1666,NE
1189173.613,X_LEG_1,9.87,17.37,0.04,1,1569,1666,NE
1189173.634,X_LEG_1,9.87,17.37,0.04,1,1569,1666,NE
1189173.657,X_LEG_1,9.87,17.37,0.04,1,1569,1666,NE
1189173.678,X_LEG_1,9.87,17.37,0.04,1,1569,1666,NE
1189173.698,X_LEG_1,9.69,17.33,0.05,1,1569,1666,NE
1189173.719,X_LEG_1,9.69,17.33,0.05,1,1569,1666,NE
1189173.740,X_LEG_1,9.69,17.33,0.05,1,1569,1666,NE
1189173.760,X_LEG_1,9.69,17.33,0.05,1,1569,1666,NE
1189173.784,X_LEG_1,9.69,17.33,0.05,1,1569,1666,NE
1189173.806,X_LEG_1,9.50,17.28,0.05,1,1569,1667,NE
1189173.825,X_LEG_1,9.50,17.28,0.05,1,1569,1667,NE
1189173.845,X_LEG_1,9.50,17.28,0.05,1,1569,1667,NE
1189173.866,X_LEG_1,9.50,17.28,0.05,1,1569,1667,NE
1189173.887,X_LEG_1,9.50,17.28,0.05,1,1569,1667,NE
1189173.907,X_LEG_1,9.50,17.28,0.05,1,1569,1667,NE
1189173.927,X_LEG_1,9.50,17.28,0.05,1,1569,1667,NE
1189173.948,X_LEG_1,9.50,17.28,0.05,1,1569,1667,NE
1189173.968,X_LEG_1,9.50,17.28,0.05,1,1569,1667,NE
1189173.989,X_LEG_1,9.50,17.28,0.05,1,1569,1667,NE
1189174.010,X_LEG_1,9.31,17.23,0.07,1,1569,1668,NE
1189174.030,X_LEG_1,9.31,17.23,0.07,1,1569,1668,NE
1189174.051,X_LEG_1,9.31,17.23,0.07,1,1569,1668,NE
1189174.071,X_LEG_1,9.31,17.23,0.07,1,1569,1668,NE
1189174.091,X_LEG_1,9.31,17.23,0.07,1,1569,1668,NE
1189174.112,X_LEG_1,9.13,17.18,0.06,1,1569,1668,NE
1189174.132,X_LEG_1,9.13,17.18,0.06,1,1569,1668,NE
1189174.153,X_LEG_1,9.13,17.18,0.06,1,1569,1668,NE
1189174.175,X_LEG_1,9.13,17.18,0.06,1,1569,1668,NE
1189174.195,X_LEG_1,9.13,17.18,0.06,1,1569,1668,NE
1189174.226,X_LEG_1,8.94,17.14,0.07,1,1569,1669,NE
1189174.246,X_LEG_1,8.94,17.14,0.07,1,1569,1669,NE
1189174.266,X_LEG_1,8.94,17.14,0.07,1,1569,1669,NE
1189174.287,X_LEG_1,8.94,17.14,0.07,1,1569,1669,NE
1189174.308,X_LEG_1,8.94,17.14,0.07,1,1569,1669,NE
1189174.328,X_LEG_1,8.76,17.09,0.07,1,1568,1669,NE
1189174.348,X_LEG_1,8.76,17.09,0.07,1,1568,1669,NE
1189174.371,X_LEG_1,8.76,17.09,0.07,1,1568,1669,NE
1189174.395,X_LEG_1,8.76,17.09,0.07,1,1568,1669,NE
1189174.415,X_LEG_1,8.76,17.09,0.07,1,1568,1669,NE
1189174.438,X_LEG_1,8.57,17.05,0.06,1,1568,1670,NE
1189174.460,X_LEG_1,8.57,17.05,0.06,1,1568,1670,NE
1189174.479,X_LEG_1,8.57,17.05,0.06,1,1568,1670,NE
1189174.499,X_LEG_1,8.57,17.05,0.06,1,1568,1670,NE
1189174.523,X_LEG_1,8.57,17.05,0.06,1,1568,1670,NE
1189174.542,X_LEG_1,8.57,17.05,0.06,1,1568,1670,NE
1189174.567,X_LEG_1,8.57,17.05,0.06,1,1568,1670,NE
1189174.585,X_LEG_1,8.57,17.05,0.06,1,1568,1670,NE
1189174.609,X_LEG_1,8.57,17.05,0.06,1,1568,1670,NE
1189174.630,X_LEG_1,8.57,17.05,0.06,1,1568,1670,NE
1189174.650,X_LEG_1,8.39,17.00,0.08,1,1568,1670,NE
1189174.692,X_LEG_1,8.39,17.00,0.08,1,1568,1670,NE
1189174.723,X_LEG_1,8.39,17.00,0.08,1,1568,1670,NE
1189174.741,X_LEG_1,8.39,17.00,0.08,1,1568,1670,NE
1189174.770,X_LEG_1,8.39,17.00,0.08,1,1568,1670,NE
1189174.793,X_LEG_1,8.39,17.00,0.08,1,1568,1670,NE
1189174.814,X_LEG_1,8.39,17.00,0.08,1,1568,1670,NE
1189174.835,X_LEG_1,8.39,17.00,0.08,1,1568,1670,NE
1189174.858,X_LEG_1,8.39,17.00,0.08,1,1568,1670,NE
1189174.880,X_LEG_1,8.20,16.96,0.07,1,1568,1671,NE
1189174.902,X_LEG_1,8.20,16.96,0.07,1,1568,1671,NE
1189174.923,X_LEG_1,8.20,16.96,0.07,1,1568,1671,NE
1189174.944,X_LEG_1,8.20,16.96,0.07,1,1568,1671,NE
1189174.966,X_LEG_1,8.20,16.96,0.07,1,1568,1671,NE
1189174.987,X_LEG_1,8.02,16.91,0.07,1,1568,1671,NE
1189175.007,X_LEG_1,8.02,16.91,0.07,1,1568,1671,NE
1189175.028,X_LEG_1,8.02,16.91,0.07,1,1568,1671,NE
1189175.049,X_LEG_1,8.02,16.91,0.07,1,1568,1671,NE
1189175.069,X_LEG_1,8.02,16.91,0.07,1,1568,1671,NE
1189175.090,X_LEG_1,8.02,16.91,0.07,1,1568,1671,NE
1189175.111,X_LEG_1,8.02,16.91,0.07,1,1568,1671,NE
1189175.135,X_LEG_1,8.02,16.91,0.07,1,1568,1671,NE
1189175.156,X_LEG_1,8.02,16.91,0.07,1,1568,1671,NE
1189175.176,X_LEG_1,8.02,16.91,0.07,1,1568,1671,NE
1189175.199,X_LEG_1,7.83,16.87,0.08,1,1567,1672,NE
1189175.220,X_LEG_1,7.83,16.87,0.08,1,1567,1672,NE
1189175.245,X_LEG_1,7.83,16.87,0.08,1,1567,1672,NE
1189175.265,X_LEG_1,7.83,16.87,0.08,1,1567,1672,NE
1189175.286,X_LEG_1,7.83,16.87,0.08,1,1567,1672,NE
1189175.307,X_LEG_1,7.65,16.82,0.08,1,1567,1673,NE
1189175.328,X_LEG_1,7.65,16.82,0.08,1,1567,1673,NE
1189175.348,X_LEG_1,7.65,16.82,0.08,1,1567,1673,NE
1189175.369,X_LEG_1,7.65,16.82,0.08,1,1567,1673,NE
1189175.391,X_LEG_1,7.65,16.82,0.08,1,1567,1673,NE
1189175.411,X_LEG_1,7.47,16.77,0.07,1,1567,1673,NE
1189175.432,X_LEG_1,7.47,16.77,0.07,1,1567,1673,NE
1189175.453,X_LEG_1,7.47,16.77,0.07,1,1567,1673,NE
1189175.473,X_LEG_1,7.47,16.77,0.07,1,1567,1673,NE
1189175.494,X_LEG_1,7.47,16.77,0.07,1,1567,1673,NE
1189175.518,X_LEG_1,7.28,16.73,0.09,1,1567,1674,NE
1189175.535,X_LEG_1,7.28,16.73,0.09,1,1567,1674,NE
1189175.557,X_LEG_1,7.28,16.73,0.09,1,1567,1674,NE
1189175.579,X_LEG_1,7.28,16.73,0.09,1,1567,1674,NE
1189175.599,X_LEG_1,7.28,16.73,0.09,1,1567,1674,NE
1189175.620,X_LEG_1,7.10,16.69,0.08,1,1567,1674,NE
1189175.641,X_LEG_1,7.10,16.69,0.08,1,1567,1674,NE
1189175.661,X_LEG_1,7.10,16.69,0.08,1,1567,1674,NE
1189175.683,X_LEG_1,7.10,16.69,0.08,1,1567,1674,NE
1189175.705,X_LEG_1,7.10,16.69,0.08,1,1567,1674,NE
1189175.727,X_LEG_1,6.92,16.64,0.10,1,1567,1674,NE
1189175.748,X_LEG_1,6.92,16.64,0.10,1,1567,1674,NE
1189175.768,X_LEG_1,6.92,16.64,0.10,1,1567,1674,NE
1189175.790,X_LEG_1,6.92,16.64,0.10,1,1567,1674,NE
1189175.811,X_LEG_1,6.92,16.64,0.10,1,1567,1674,NE
1189175.833,X_LEG_1,6.74,16.60,0.09,1,1566,1674,NE
1189175.853,X_LEG_1,6.74,16.60,0.09,1,1566,1674,NE
1189175.873,X_LEG_1,6.74,16.60,0.09,1,1566,1674,NE
1189175.895,X_LEG_1,6.74,16.60,0.09,1,1566,1674,NE
1189175.916,X_LEG_1,6.74,16.60,0.09,1,1566,1674,NE
1189175.936,X_LEG_1,6.55,16.56,0.11,1,1566,1675,NE
1189175.964,X_LEG_1,6.55,16.56,0.11,1,1566,1675,NE
1189175.984,X_LEG_1,6.55,16.56,0.11,1,1566,1675,NE
1189176.005,X_LEG_1,6.55,16.56,0.11,1,1566,1675,NE
1189176.027,X_LEG_1,6.55,16.56,0.11,1,1566,1675,NE
1189176.047,X_LEG_1,6.55,16.56,0.11,1,1566,1675,NE
1189176.068,X_LEG_1,6.55,16.56,0.11,1,1566,1675,NE
1189176.088,X_LEG_1,6.55,16.56,0.11,1,1566,1675,NE
1189176.110,X_LEG_1,6.55,16.56,0.11,1,1566,1675,NE
1189176.136,X_LEG_1,6.55,16.56,0.11,1,1566,1675,NE
1189176.157,X_LEG_1,6.28,16.48,0.11,1,1566,1676,NE
1189176.177,X_LEG_1,6.28,16.48,0.11,1,1566,1676,NE
1189176.198,X_LEG_1,6.28,16.48,0.11,1,1566,1676,NE
1189176.219,X_LEG_1,6.28,16.48,0.11,1,1566,1676,NE
1189176.244,X_LEG_1,6.28,16.48,0.11,1,1566,1676,NE
1189176.265,X_LEG_1,6.10,16.44,0.13,1,1566,1676,NE
1189176.285,X_LEG_1,6.10,16.44,0.13,1,1566,1676,NE
1189176.306,X_LEG_1,6.10,16.44,0.13,1,1566,1676,NE
1189176.326,X_LEG_1,6.10,16.44,0.13,1,1566,1676,NE
1189176.351,X_LEG_1,6.10,16.44,0.13,1,1566,1676,NE
1189176.372,X_LEG_1,5.92,16.39,0.12,1,1566,1677,NE
1189176.394,X_LEG_1,5.92,16.39,0.12,1,1566,1677,NE
1189176.415,X_LEG_1,5.92,16.39,0.12,1,1566,1677,NE
1189176.435,X_LEG_1,5.92,16.39,0.12,1,1566,1677,NE
1189176.456,X_LEG_1,5.92,16.39,0.12,1,1566,1677,NE
1189176.478,X_LEG_1,5.57,16.30,0.13,1,1565,1678,NE
1189176.498,X_LEG_1,5.57,16.30,0.13,1,1565,1678,NE
1189176.519,X_LEG_1,5.57,16.30,0.13,1,1565,1678,NE
1189176.540,X_LEG_1,5.57,16.30,0.13,1,1565,1678,NE
1189176.560,X_LEG_1,5.57,16.30,0.13,1,1565,1678,NE
1189176.581,X_LEG_1,5.57,16.30,0.13,1,1565,1678,NE
1189176.601,X_LEG_1,5.57,16.30,0.13,1,1565,1678,NE
1189176.622,X_LEG_1,5.57,16.30,0.13,1,1565,1678,NE
1189176.643,X_LEG_1,5.57,16.30,0.13,1,1565,1678,NE
1189176.664,X_LEG_1,5.57,16.30,0.13,1,1565,1678,NE
1189176.686,X_LEG_1,5.30,16.24,0.13,1,1565,1679,NE
1189176.707,X_LEG_1,5.30,16.24,0.13,1,1565,1679,NE
1189176.727,X_LEG_1,5.30,16.24,0.13,1,1565,1679,NE
1189176.749,X_LEG_1,5.30,16.24,0.13,1,1565,1679,NE
1189176.770,X_LEG_1,5.30,16.24,0.13,1,1565,1679,NE
1189176.792,X_LEG_1,5.30,16.24,0.13,1,1565,1679,NE
1189176.814,X_LEG_1,5.30,16.24,0.13,1,1565,1679,NE
1189176.834,X_LEG_1,5.30,16.24,0.13,1,1565,1679,NE
1189176.856,X_LEG_1,5.30,16.24,0.13,1,1565,1679,NE
1189176.878,X_LEG_1,5.30,16.24,0.13,1,1565,1679,NE
1189176.898,X_LEG_1,5.03,16.18,0.13,1,1565,1679,NE
1189176.918,X_LEG_1,5.03,16.18,0.13,1,1565,1679,NE
1189176.948,X_LEG_1,5.03,16.18,0.13,1,1565,1679,NE
1189176.972,X_LEG_1,5.03,16.18,0.13,1,1565,1679,NE
1189176.992,X_LEG_1,5.03,16.18,0.13,1,1565,1679,NE
1189177.013,X_LEG_1,4.86,16.13,0.13,1,1565,1680,NE
1189177.033,X_LEG_1,4.86,16.13,0.13,1,1565,1680,NE
1189177.056,X_LEG_1,4.86,16.13,0.13,1,1565,1680,NE
1189177.075,X_LEG_1,4.86,16.13,0.13,1,1565,1680,NE
1189177.096,X_LEG_1,4.86,16.13,0.13,1,1565,1680,NE
1189177.119,X_LEG_1,4.68,16.09,0.15,1,1564,1680,NE
1189177.137,X_LEG_1,4.68,16.09,0.15,1,1564,1680,NE
1189177.159,X_LEG_1,4.68,16.09,0.15,1,1564,1680,NE
1189177.179,X_LEG_1,4.68,16.09,0.15,1,1564,1680,NE
1189177.199,X_LEG_1,4.68,16.09,0.15,1,1564,1680,NE
1189177.220,X_LEG_1,4.50,16.05,0.16,1,1564,1681,NE
1189177.241,X_LEG_1,4.50,16.05,0.16,1,1564,1681,NE
1189177.261,X_LEG_1,4.50,16.05,0.16,1,1564,1681,NE
1189177.282,X_LEG_1,4.50,16.05,0.16,1,1564,1681,NE
1189177.305,X_LEG_1,4.50,16.05,0.16,1,1564,1681,NE
1189177.325,X_LEG_1,4.50,16.05,0.16,1,1564,1681,NE
1189177.346,X_LEG_1,4.50,16.05,0.16,1,1564,1681,NE
1189177.367,X_LEG_1,4.50,16.05,0.16,1,1564,1681,NE
1189177.387,X_LEG_1,4.50,16.05,0.16,1,1564,1681,NE
1189177.407,X_LEG_1,4.50,16.05,0.16,1,1564,1681,NE
1189177.428,X_LEG_1,4.15,15.96,0.17,1,1564,1682,NE
1189177.448,X_LEG_1,4.15,15.96,0.17,1,1564,1682,NE
1189177.478,X_LEG_1,4.15,15.96,0.17,1,1564,1682,NE
1189177.501,X_LEG_1,4.15,15.96,0.17,1,1564,1682,NE
1189177.521,X_LEG_1,4.15,15.96,0.17,1,1564,1682,NE
1189177.541,X_LEG_1,3.98,15.92,0.14,1,1564,1683,NE
1189177.562,X_LEG_1,3.98,15.92,0.14,1,1564,1683,NE
1189177.582,X_LEG_1,3.98,15.92,0.14,1,1564,1683,NE
1189177.603,X_LEG_1,3.98,15.92,0.14,1,1564,1683,NE
1189177.625,X_LEG_1,3.98,15.92,0.14,1,1564,1683,NE
1189177.645,X_LEG_1,3.81,15.88,0.16,1,1564,1683,NE
1189177.667,X_LEG_1,3.81,15.88,0.16,1,1564,1683,NE
1189177.687,X_LEG_1,3.81,15.88,0.16,1,1564,1683,NE
1189177.708,X_LEG_1,3.81,15.88,0.16,1,1564,1683,NE
1189177.728,X_LEG_1,3.81,15.88,0.16,1,1564,1683,NE
1189177.750,X_LEG_1,3.64,15.84,0.17,1,1563,1684,NE
1189177.771,X_LEG_1,3.64,15.84,0.17,1,1563,1684,NE
1189177.791,X_LEG_1,3.64,15.84,0.17,1,1563,1684,NE
1189177.811,X_LEG_1,3.64,15.84,0.17,1,1563,1684,NE
1189177.832,X_LEG_1,3.64,15.84,0.17,1,1563,1684,NE
1189177.853,X_LEG_1,3.64,15.84,0.17,1,1563,1684,NE
1189177.874,X_LEG_1,3.64,15.84,0.17,1,1563,1684,NE
1189177.895,X_LEG_1,3.64,15.84,0.17,1,1563,1684,NE
1189177.915,X_LEG_1,3.64,15.84,0.17,1,1563,1684,NE
1189177.937,X_LEG_1,3.64,15.84,0.17,1,1563,1684,NE
1189177.957,X_LEG_1,3.47,15.80,0.19,1,1563,1684,NE
1189177.978,X_LEG_1,3.47,15.80,0.19,1,1563,1684,NE
1189177.998,X_LEG_1,3.47,15.80,0.19,1,1563,1684,NE
1189178.019,X_LEG_1,3.47,15.80,0.19,1,1563,1684,NE
1189178.039,X_LEG_1,3.47,15.80,0.19,1,1563,1684,NE
1189178.059,X_LEG_1,3.29,15.75,0.18,1,1563,1685,NE
1189178.080,X_LEG_1,3.29,15.75,0.18,1,1563,1685,NE
1189178.101,X_LEG_1,3.29,15.75,0.18,1,1563,1685,NE
1189178.123,X_LEG_1,3.29,15.75,0.18,1,1563,1685,NE
1189178.144,X_LEG_1,3.29,15.75,0.18,1,1563,1685,NE
1189178.165,X_LEG_1,3.12,15.72,0.17,1,1563,1685,NE
1189178.185,X_LEG_1,3.12,15.72,0.17,1,1563,1685,NE
1189178.205,X_LEG_1,3.12,15.72,0.17,1,1563,1685,NE
1189178.226,X_LEG_1,3.12,15.72,0.17,1,1563,1685,NE
1189178.246,X_LEG_1,3.12,15.72,0.17,1,1563,1685,NE
1189178.267,X_LEG_1,2.95,15.68,0.19,1,1563,1686,NE
1189178.288,X_LEG_1,2.95,15.68,0.19,1,1563,1686,NE
1189178.308,X_LEG_1,2.95,15.68,0.19,1,1563,1686,NE
1189178.328,X_LEG_1,2.95,15.68,0.19,1,1563,1686,NE
1189178.348,X_LEG_1,2.95,15.68,0.19,1,1563,1686,NE
1189178.371,X_LEG_1,2.79,15.63,0.18,1,1563,1686,NE
1189178.392,X_LEG_1,2.79,15.63,0.18,1,1563,1686,NE
1189178.412,X_LEG_1,2.79,15.63,0.18,1,1563,1686,NE
1189178.433,X_LEG_1,2.79,15.63,0.18,1,1563,1686,NE
1189178.454,X_LEG_1,2.79,15.63,0.18,1,1563,1686,NE
1189178.475,X_LEG_1,2.62,15.59,0.20,1,1562,1687,NE
1189178.495,X_LEG_1,2.62,15.59,0.20,1,1562,1687,NE
1189178.516,X_LEG_1,2.62,15.59,0.20,1,1562,1687,NE
1189178.537,X_LEG_1,2.62,15.59,0.20,1,1562,1687,NE
1189178.557,X_LEG_1,2.62,15.59,0.20,1,1562,1687,NE
1189178.578,X_LEG_1,2.45,15.56,0.19,1,1562,1687,NE
1189178.598,X_LEG_1,2.45,15.56,0.19,1,1562,1687,NE
1189178.621,X_LEG_1,2.45,15.56,0.19,1,1562,1687,NE
1189178.642,X_LEG_1,2.45,15.56,0.19,1,1562,1687,NE
1189178.664,X_LEG_1,2.45,15.56,0.19,1,1562,1687,NE
1189178.685,X_LEG_1,2.45,15.56,0.19,1,1562,1687,NE
1189178.705,X_LEG_1,2.45,15.56,0.19,1,1562,1687,NE
1189178.726,X_LEG_1,2.45,15.56,0.19,1,1562,1687,NE
1189178.746,X_LEG_1,2.45,15.56,0.19,1,1562,1687,NE
1189178.769,X_LEG_1,2.45,15.56,0.19,1,1562,1687,NE
1189178.793,X_LEG_1,2.29,15.51,0.18,1,1562,1688,NE
1189178.813,X_LEG_1,2.29,15.51,0.18,1,1562,1688,NE
1189178.833,X_LEG_1,2.29,15.51,0.18,1,1562,1688,NE
1189178.854,X_LEG_1,2.29,15.51,0.18,1,1562,1688,NE
1189178.874,X_LEG_1,2.29,15.51,0.18,1,1562,1688,NE
1189178.895,X_LEG_1,2.04,15.45,0.18,1,1562,1688,NE
1189178.916,X_LEG_1,2.04,15.45,0.18,1,1562,1688,NE
1189178.936,X_LEG_1,2.04,15.45,0.18,1,1562,1688,NE
1189178.957,X_LEG_1,2.04,15.45,0.18,1,1562,1688,NE
1189178.980,X_LEG_1,2.04,15.45,0.18,1,1562,1688,NE
1189179.000,X_LEG_1,1.87,15.41,0.20,1,1562,1689,NE
1189179.021,X_LEG_1,1.87,15.41,0.20,1,1562,1689,NE
1189179.041,X_LEG_1,1.87,15.41,0.20,1,1562,1689,NE
1189179.061,X_LEG_1,1.87,15.41,0.20,1,1562,1689,NE
1189179.082,X_LEG_1,1.87,15.41,0.20,1,1562,1689,NE
1189179.103,X_LEG_1,1.63,15.34,0.20,1,1561,1690,NE
1189179.124,X_LEG_1,1.63,15.34,0.20,1,1561,1690,NE
1189179.145,X_LEG_1,1.63,15.34,0.20,1,1561,1690,NE
1189179.166,X_LEG_1,1.63,15.34,0.20,1,1561,1690,NE
1189179.186,X_LEG_1,1.63,15.34,0.20,1,1561,1690,NE
1189179.208,X_LEG_1,1.63,15.34,0.20,1,1561,1690,NE
1189179.229,X_LEG_1,1.63,15.34,0.20,1,1561,1690,NE
1189179.249,X_LEG_1,1.63,15.34,0.20,1,1561,1690,NE
1189179.269,X_LEG_1,1.63,15.34,0.20,1,1561,1690,NE
1189179.293,X_LEG_1,1.63,15.34,0.20,1,1561,1690,NE
1189179.313,X_LEG_1,1.39,15.29,0.22,1,1561,1690,NE
1189179.334,X_LEG_1,1.39,15.29,0.22,1,1561,1690,NE
1189179.354,X_LEG_1,1.39,15.29,0.22,1,1561,1690,NE
1189179.375,X_LEG_1,1.39,15.29,0.22,1,1561,1690,NE
1189179.396,X_LEG_1,1.39,15.29,0.22,1,1561,1690,NE
1189179.416,X_LEG_1,1.23,15.24,0.22,1,1561,1691,NE
1189179.437,X_LEG_1,1.23,15.24,0.22,1,1561,1691,NE
1189179.457,X_LEG_1,1.23,15.24,0.22,1,1561,1691,NE
1189179.478,X_LEG_1,1.23,15.24,0.22,1,1561,1691,NE
1189179.499,X_LEG_1,1.23,15.24,0.22,1,1561,1691,NE
1189179.519,X_LEG_1,0.99,15.19,0.24,1,1561,1692,NE
1189179.540,X_LEG_1,0.99,15.19,0.24,1,1561,1692,NE
1189179.560,X_LEG_1,0.99,15.19,0.24,1,1561,1692,NE
1189179.581,X_LEG_1,0.99,15.19,0.24,1,1561,1692,NE
1189179.601,X_LEG_1,0.99,15.19,0.24,1,1561,1692,NE
1189179.622,X_LEG_1,0.83,15.15,0.23,1,1561,1692,NE
1189179.642,X_LEG_1,0.83,15.15,0.23,1,1561,1692,NE
1189179.663,X_LEG_1,0.83,15.15,0.23,1,1561,1692,NE
1189179.684,X_LEG_1,0.83,15.15,0.23,1,1561,1692,NE
1189179.704,X_LEG_1,0.83,15.15,0.23,1,1561,1692,NE
1189179.725,X_LEG_1,0.59,15.09,0.23,1,1560,1693,NE
1189179.745,X_LEG_1,0.59,15.09,0.23,1,1560,1693,NE
1189179.766,X_LEG_1,0.59,15.09,0.23,1,1560,1693,NE
1189179.787,X_LEG_1,0.59,15.09,0.23,1,1560,1693,NE
1189179.807,X_LEG_1,0.59,15.09,0.23,1,1560,1693,NE
1189179.828,X_LEG_1,0.59,15.09,0.23,1,1560,1693,NE
1189179.849,X_LEG_1,0.59,15.09,0.23,1,1560,1693,NE
1189179.870,X_LEG_1,0.59,15.09,0.23,1,1560,1693,NE
1189179.890,X_LEG_1,0.59,15.09,0.23,1,1560,1693,NE
1189179.914,X_LEG_1,0.59,15.09,0.23,1,1560,1693,NE
1189179.934,X_LEG_1,0.36,15.03,0.23,1,1560,1693,NE
1189179.954,X_LEG_1,0.36,15.03,0.23,1,1560,1693,NE
1189179.975,X_LEG_1,0.36,15.03,0.23,1,1560,1693,NE
1189179.995,X_LEG_1,0.36,15.03,0.23,1,1560,1693,NE
1189180.016,X_LEG_1,0.36,15.03,0.23,1,1560,1693,NE
1189180.037,X_LEG_1,0.20,14.99,0.25,1,1560,1693,NE
1189180.057,X_LEG_1,0.20,14.99,0.25,1,1560,1693,NE
1189180.078,X_LEG_1,0.20,14.99,0.25,1,1560,1693,NE
1189180.100,X_LEG_1,0.20,14.99,0.25,1,1560,1693,NE
1189180.119,X_LEG_1,0.20,14.99,0.25,1,1560,1693,NE
1189180.140,X_LEG_1,-0.01,14.94,0.24,1,1560,1694,NE
1189180.161,X_LEG_1,-0.01,14.94,0.24,1,1560,1694,NE
1189180.181,X_LEG_1,-0.01,14.94,0.24,1,1560,1694,NE
1189180.202,X_LEG_1,-0.01,14.94,0.24,1,1560,1694,NE
1189180.222,X_LEG_1,-0.01,14.94,0.24,1,1560,1694,NE
1189180.243,X_LEG_1,-0.01,14.94,1.24,1,1560,1694,NE
1189180.263,X_LEG_1,-0.01,14.94,1.24,1,1560,1694,NE
1189180.284,X_LEG_1,-0.01,14.94,1.24,1,1560,1694,NE
1189180.304,X_LEG_1,-0.01,14.94,1.24,1,1560,1694,NE
1189180.324,X_LEG_1,-0.01,14.94,1.24,1,1560,1694,NE
1189180.347,X_LEG_1,-0.01,14.94,1.24,1,1560,1694,NE
1189180.367,X_LEG_1,-0.01,14.94,1.24,1,1560,1694,NE
1189180.388,X_LEG_1,-0.01,14.94,1.24,1,1560,1694,NE
1189180.410,X_LEG_1,-0.01,14.94,1.24,1,1560,1694,NE
1189180.431,X_LEG_1,-0.01,14.94,1.24,1,1560,1694,NE
1189180.451,X_LEG_1,0.00,14.96,1.24,1,1560,1694,NE
1189180.472,X_LEG_1,0.00,14.96,1.24,1,1560,1694,NE
1189180.492,X_LEG_1,0.00,14.96,1.24,1,1560,1694,NE
1189180.514,X_LEG_1,0.00,14.96,1.24,1,1560,1694,NE
1189180.536,X_LEG_1,0.00,14.96,1.24,1,1560,1694,NE
1189180.556,X_LEG_1,0.00,14.96,1.24,1,1560,1694,NE
1189180.577,X_LEG_1,0.00,14.96,1.24,1,1560,1694,NE
1189180.599,X_LEG_1,0.00,14.96,1.24,1,1560,1694,NE
1189180.620,X_LEG_1,0.00,14.96,1.24,1,1560,1694,NE
1189180.654,X_LEG_1,0.00,14.96,1.24,1,1560,1694,NE
1189180.675,X_LEG_1,0.02,14.96,1.26,1,1560,1693,NE
1189180.696,X_LEG_1,0.02,14.96,1.26,1,1560,1693,NE
1189180.717,X_LEG_1,0.02,14.96,1.26,1,1560,1693,NE
1189180.744,X_LEG_1,0.02,14.96,1.26,1,1560,1693,NE
1189180.768,X_LEG_1,0.02,14.96,1.26,1,1560,1693,NE
1189180.791,X_LEG_1,0.03,14.98,1.25,1,1560,1693,NE
1189180.821,X_LEG_1,0.03,14.98,1.25,1,1560,1693,NE
1189180.845,X_LEG_1,0.03,14.98,1.25,1,1560,1693,NE
1189180.865,X_LEG_1,0.03,14.98,1.25,1,1560,1693,NE
1189180.885,X_LEG_1,0.04,14.98,1.28,1,1560,1693,NE
1189180.906,X_LEG_1,0.04,14.98,1.28,1,1560,1693,NE
1189180.926,X_LEG_1,0.04,14.98,1.28,1,1560,1693,NE
1189180.947,X_LEG_1,0.04,14.98,1.28,1,1560,1693,NE
1189180.969,X_LEG_1,0.04,14.98,1.28,1,1560,1693,NE
1189180.990,X_LEG_1,0.04,14.98,1.28,1,1560,1693,NE
1189181.010,X_LEG_1,0.04,14.98,1.28,1,1560,1693,NE
1189181.033,X_LEG_1,0.04,14.98,1.28,1,1560,1693,NE
1189181.054,X_LEG_1,0.04,14.98,1.28,1,1560,1693,NE
1189181.075,X_LEG_1,0.04,14.98,1.28,1,1560,1693,NE
1189183.335,X_LEG_1,-0.01,15.05,-0.70,1,1560,1695,NE
1189183.355,X_LEG_1,-0.01,15.05,-0.70,1,1560,1695,NE
1189183.375,X_LEG_1,-0.01,15.05,-0.70,1,1560,1695,NE
1189183.396,X_LEG_1,-0.01,15.05,-0.70,1,1560,1695,NE
1189183.418,X_LEG_1,-0.01,15.05,-0.70,1,1560,1695,NE
1189183.438,X_LEG_1,-0.01,15.05,-0.70,1,1560,1695,NE
1189183.459,X_LEG_1,-0.01,15.05,-0.70,1,1560,1695,NE
1189183.479,X_LEG_1,-0.01,15.05,-0.70,1,1560,1695,NE
1189183.500,X_LEG_1,-0.01,15.05,-0.70,1,1560,1695,NE
1189183.520,X_LEG_1,-0.01,15.05,-0.70,1,1560,1695,NE
1189183.541,X_LEG_1,-0.01,15.05,-0.70,1,1560,1695,NE
1189183.561,X_LEG_1,-0.01,15.05,-0.70,1,1560,1695,NE
1189183.583,X_LEG_1,-0.01,15.05,-0.70,1,1560,1695,NE
1189183.603,X_LEG_1,-0.01,15.05,-0.70,1,1560,1695,NE
1189183.624,X_LEG_1,-0.01,15.05,-0.70,1,1560,1695,NE
1189183.646,X_LEG_1,-0.01,15.05,-0.70,1,1560,1695,NE
1189183.666,X_LEG_1,-0.01,15.05,-0.70,1,1560,1695,NE
1189183.688,X_LEG_1,-0.01,15.05,-0.70,1,1560,1695,NE
1189183.709,X_LEG_1,-0.01,15.05,-0.70,1,1560,1695,NE
1189183.730,X_LEG_1,-0.01,15.05,-0.70,1,1560,1695,NE
1189183.750,X_LEG_1,-0.01,15.05,-0.70,1,1560,1695,NE
1189183.772,X_LEG_1,-0.01,15.05,-0.70,1,1560,1695,NE
1189183.792,X_LEG_1,-0.01,15.05,-0.70,1,1560,1695,NE
1189183.814,X_LEG_1,-0.01,15.05,-0.70,1,1560,1695,NE
1189183.835,X_LEG_1,-0.01,15.05,-0.70,1,1560,1695,NE
1189183.855,X_LEG_1,-0.01,15.05,-0.70,1,1560,1695,NE
1189183.876,X_LEG_1,-0.01,15.05,-0.70,1,1560,1695,NE
1189183.896,X_LEG_1,-0.01,15.05,-0.70,1,1560,1695,NE
1189183.917,X_LEG_1,-0.01,15.06,-0.73,1,1560,1695,NE
1189183.937,X_LEG_1,-0.01,15.06,-0.73,1,1560,1695,NE
1189183.958,X_LEG_1,-0.01,15.06,-0.73,1,1560,1695,NE
1189183.978,X_LEG_1,-0.01,15.06,-0.73,1,1560,1695,NE
1189183.998,X_LEG_1,-0.01,15.06,-0.73,1,1560,1695,NE
1189184.019,X_LEG_1,0.00,15.06,-0.73,1,1560,1695,NE
1189184.040,X_LEG_1,0.00,15.06,-0.73,1,1560,1695,NE
1189184.060,X_LEG_1,0.00,15.06,-0.73,1,1560,1695,NE
1189184.082,X_LEG_1,0.00,15.06,-0.73,1,1560,1695,NE
1189184.102,X_LEG_1,0.00,15.06,-0.73,1,1560,1695,NE
1189184.123,X_LEG_1,0.00,15.06,-0.73,1,1560,1695,NE
1189184.145,X_LEG_1,0.00,15.06,-0.73,1,1560,1695,NE
1189184.168,X_LEG_1,0.00,15.06,-0.73,1,1560,1695,NE
1189184.190,X_LEG_1,0.00,15.06,-0.73,1,1560,1695,NE
1189184.211,X_LEG_1,0.00,15.06,-0.73,1,1560,1695,NE
1189184.233,X_LEG_1,0.00,15.06,-0.73,1,1560,1695,NE
1189184.255,X_LEG_1,0.00,15.06,-0.73,1,1560,1695,NE
1189184.277,X_LEG_1,0.00,15.06,-0.73,1,1560,1695,NE
1189184.299,X_LEG_1,0.00,15.06,-0.73,1,1560,1695,NE
1189184.319,X_LEG_1,0.00,15.06,-0.73,1,1560,1695,NE
1189184.341,X_LEG_1,0.01,15.06,-0.73,1,1560,1694,NE
1189184.362,X_LEG_1,0.01,15.06,-0.73,1,1560,1694,NE
1189184.382,X_LEG_1,0.01,15.06,-0.73,1,1560,1694,NE
1189184.404,X_LEG_1,0.01,15.06,-0.73,1,1560,1694,NE
1189184.424,X_LEG_1,0.01,15.06,-0.73,1,1560,1694,NE
1189184.449,X_LEG_1,0.02,15.05,-0.70,1,1560,1694,NE
1189184.469,X_LEG_1,0.02,15.05,-0.70,1,1560,1694,NE
1189184.490,X_LEG_1,0.02,15.05,-0.70,1,1560,1694,NE
1189184.515,X_LEG_1,0.02,15.05,-0.70,1,1560,1694,NE
1189184.542,X_LEG_1,0.02,15.05,-0.70,1,1560,1694,NE
1189184.573,X_LEG_1,0.02,15.05,-0.70,1,1560,1694,NE
1189184.605,X_LEG_1,0.02,15.05,-0.70,1,1560,1694,NE
1189184.628,X_LEG_1,0.02,15.05,-0.70,1,1560,1694,NE
1189184.652,X_LEG_1,0.02,15.05,-0.70,1,1560,1694,NE
1189184.672,X_LEG_1,0.03,15.05,-0.70,1,1560,1694,NE
1189184.695,X_LEG_1,0.03,15.05,-0.70,1,1560,1694,NE
1189184.717,X_LEG_1,0.03,15.05,-0.70,1,1560,1694,NE
1189184.737,X_LEG_1,0.03,15.05,-0.70,1,1560,1694,NE
1189184.763,X_LEG_1,0.03,15.05,-0.70,1,1560,1694,NE
1189184.783,X_LEG_1,0.04,15.05,-0.70,1,1560,1694,NE
1189184.810,X_LEG_1,0.04,15.05,-0.70,1,1560,1694,NE
1189184.831,X_LEG_1,0.04,15.05,-0.70,1,1560,1694,NE
1189184.852,X_LEG_1,0.04,15.05,-0.70,1,1560,1694,NE
1189184.873,X_LEG_1,0.04,15.05,-0.70,1,1560,1694,NE
1189184.893,X_LEG_1,0.05,15.05,-0.70,1,1560,1694,NE
1189184.915,X_LEG_1,0.05,15.05,-0.70,1,1560,1694,NE
1189184.936,X_LEG_1,0.05,15.05,-0.70,1,1560,1694,NE
1189184.958,X_LEG_1,0.05,15.05,-0.70,1,1560,1694,NE
1189184.980,X_LEG_1,0.05,15.05,-0.70,1,1560,1694,NE
1189185.001,X_LEG_1,0.05,15.05,-0.70,1,1560,1694,NE
1189185.021,X_LEG_1,0.05,15.05,-0.70,1,1560,1694,NE
1189185.042,X_LEG_1,0.05,15.05,-0.70,1,1560,1694,NE
1189185.062,X_LEG_1,0.05,15.05,-0.70,1,1560,1694,NE
1189185.083,X_LEG_1,0.05,15.05,-0.70,1,1560,1694,NE
1189185.104,X_LEG_1,0.06,15.05,-0.70,1,1560,1694,NE
1189185.124,X_LEG_1,0.06,15.05,-0.70,1,1560,1694,NE
1189185.144,X_LEG_1,0.06,15.05,-0.70,1,1560,1694,NE
1189185.165,X_LEG_1,0.06,15.05,-0.70,1,1560,1694,NE
1189185.187,X_LEG_1,0.06,15.05,-0.70,1,1560,1694,NE
1189185.207,X_LEG_1,0.07,15.05,-0.70,1,1560,1694,NE
1189185.228,X_LEG_1,0.07,15.05,-0.70,1,1560,1694,NE
1189185.248,X_LEG_1,0.07,15.05,-0.70,1,1560,1694,NE
1189185.269,X_LEG_1,0.07,15.05,-0.70,1,1560,1694,NE
1189185.290,X_LEG_1,0.07,15.05,-0.70,1,1560,1694,NE
1189185.311,X_LEG_1,0.08,15.04,-0.72,1,1560,1694,NE
1189185.333,X_LEG_1,0.08,15.04,-0.72,1,1560,1694,NE
1189185.355,X_LEG_1,0.08,15.04,-0.72,1,1560,1694,NE
1189185.375,X_LEG_1,0.08,15.04,-0.72,1,1560,1694,NE
1189185.397,X_LEG_1,0.08,15.04,-0.72,1,1560,1694,NE
1189185.419,X_LEG_1,0.10,15.04,-0.72,1,1560,1694,NE
1189185.439,X_LEG_1,0.10,15.04,-0.72,1,1560,1694,NE
1189185.459,X_LEG_1,0.10,15.04,-0.72,1,1560,1694,NE
1189185.479,X_LEG_1,0.10,15.04,-0.72,1,1560,1694,NE
1189185.500,X_LEG_1,0.10,15.04,-0.72,1,1560,1694,NE
1189185.520,X_LEG_1,0.12,15.04,-0.72,1,1560,1694,NE
1189185.541,X_LEG_1,0.12,15.04,-0.72,1,1560,1694,NE
1189185.562,X_LEG_1,0.12,15.04,-0.72,1,1560,1694,NE
1189185.582,X_LEG_1,0.12,15.04,-0.72,1,1560,1694,NE
1189185.604,X_LEG_1,0.12,15.04,-0.72,1,1560,1694,NE
1189185.624,X_LEG_1,0.12,15.04,-0.72,1,1560,1694,NE
1189185.647,X_LEG_1,0.12,15.04,-0.72,1,1560,1694,NE
1189185.667,X_LEG_1,0.12,15.04,-0.72,1,1560,1694,NE
1189185.688,X_LEG_1,0.12,15.04,-0.72,1,1560,1694,NE
1189185.708,X_LEG_1,0.12,15.04,-0.72,1,1560,1694,NE
1189185.730,X_LEG_1,0.15,15.04,-0.69,1,1560,1694,NE
1189185.751,X_LEG_1,0.15,15.04,-0.69,1,1560,1694,NE
1189185.772,X_LEG_1,0.15,15.04,-0.69,1,1560,1694,NE
1189185.792,X_LEG_1,0.15,15.04,-0.69,1,1560,1694,NE
1189185.816,X_LEG_1,0.15,15.04,-0.69,1,1560,1694,NE
1189185.837,X_LEG_1,0.15,15.04,-0.69,1,1560,1694,NE
1189185.857,X_LEG_1,0.15,15.04,-0.69,1,1560,1694,NE
1189185.878,X_LEG_1,0.15,15.04,-0.69,1,1560,1694,NE
1189185.899,X_LEG_1,0.15,15.04,-0.69,1,1560,1694,NE
1189185.919,X_LEG_1,0.15,15.04,-0.69,1,1560,1694,NE
1189185.939,X_LEG_1,0.17,15.03,-0.72,1,1560,1694,NE
1189185.961,X_LEG_1,0.17,15.03,-0.72,1,1560,1694,NE
1189185.981,X_LEG_1,0.17,15.03,-0.72,1,1560,1694,NE
1189186.001,X_LEG_1,0.17,15.03,-0.72,1,1560,1694,NE
1189186.021,X_LEG_1,0.17,15.03,-0.72,1,1560,1694,NE
1189186.042,X_LEG_1,0.20,15.03,-0.72,1,1560,1694,NE
1189186.064,X_LEG_1,0.20,15.03,-0.72,1,1560,1694,NE
1189186.084,X_LEG_1,0.20,15.03,-0.72,1,1560,1694,NE
1189186.104,X_LEG_1,0.20,15.03,-0.72,1,1560,1694,NE
1189186.125,X_LEG_1,0.20,15.03,-0.72,1,1560,1694,NE
1189186.146,X_LEG_1,0.22,15.03,-0.72,1,1560,1694,NE
1189186.166,X_LEG_1,0.22,15.03,-0.72,1,1560,1694,NE
1189186.186,X_LEG_1,0.22,15.03,-0.72,1,1560,1694,NE
1189186.207,X_LEG_1,0.22,15.03,-0.72,1,1560,1694,NE
1189186.228,X_LEG_1,0.22,15.03,-0.72,1,1560,1694,NE
1189186.248,X_LEG_1,0.25,15.02,-0.71,1,1560,1694,NE
1189186.268,X_LEG_1,0.25,15.02,-0.71,1,1560,1694,NE
1189186.289,X_LEG_1,0.25,15.02,-0.71,1,1560,1694,NE
1189186.311,X_LEG_1,0.25,15.02,-0.71,1,1560,1694,NE
1189186.332,X_LEG_1,0.25,15.02,-0.71,1,1560,1694,NE
1189186.352,X_LEG_1,0.25,15.02,-0.71,1,1560,1694,NE
1189186.375,X_LEG_1,0.25,15.02,-0.71,1,1560,1694,NE
1189186.395,X_LEG_1,0.25,15.02,-0.71,1,1560,1694,NE
1189186.416,X_LEG_1,0.25,15.02,-0.71,1,1560,1694,NE
1189186.436,X_LEG_1,0.25,15.02,-0.71,1,1560,1694,NE
1189186.460,X_LEG_1,0.29,15.02,-0.71,1,1560,1694,NE
1189186.480,X_LEG_1,0.29,15.02,-0.71,1,1560,1694,NE
1189186.500,X_LEG_1,0.29,15.02,-0.71,1,1560,1694,NE
1189186.520,X_LEG_1,0.29,15.02,-0.71,1,1560,1694,NE
1189186.541,X_LEG_1,0.29,15.02,-0.71,1,1560,1694,NE
1189186.562,X_LEG_1,0.33,15.00,-0.70,1,1560,1694,NE
1189186.583,X_LEG_1,0.33,15.00,-0.70,1,1560,1694,NE
1189186.603,X_LEG_1,0.33,15.00,-0.70,1,1560,1694,NE
1189186.624,X_LEG_1,0.33,15.00,-0.70,1,1560,1694,NE
1189186.645,X_LEG_1,0.33,15.00,-0.70,1,1560,1694,NE
1189186.666,X_LEG_1,0.36,15.00,-0.70,1,1560,1693,NE
1189186.687,X_LEG_1,0.36,15.00,-0.70,1,1560,1693,NE
1189186.707,X_LEG_1,0.36,15.00,-0.70,1,1560,1693,NE
1189186.727,X_LEG_1,0.36,15.00,-0.70,1,1560,1693,NE
1189186.748,X_LEG_1,0.36,15.00,-0.70,1,1560,1693,NE
1189186.768,X_LEG_1,0.38,14.99,-0.70,1,1560,1692,NE
1189186.789,X_LEG_1,0.38,14.99,-0.70,1,1560,1692,NE
1189186.809,X_LEG_2,0.38,50.50,124.26,0,1500,1684,SE
1189186.830,X_LEG_2,0.38,50.50,124.26,0,1500,1684,SE
1189186.850,X_LEG_2,0.38,50.50,124.26,0,1500,1684,SE
1189186.870,X_LEG_2,0.43,50.50,124.27,0,1500,1684,SE
1189186.891,X_LEG_2,0.43,50.50,124.27,0,1500,1684,SE
1189186.912,X_LEG_2,0.43,50.50,124.27,0,1500,1684,SE
1189186.933,X_LEG_2,0.43,50.50,124.27,0,1500,1684,SE
1189186.953,X_LEG_2,0.43,50.50,124.27,0,1500,1684,SE
1189186.973,X_LEG_2,0.43,50.50,124.27,0,1500,1684,SE
1189186.995,X_LEG_2,0.43,50.50,124.27,0,1500,1684,SE
1189187.015,X_LEG_2,0.43,50.50,124.27,0,1500,1684,SE
1189187.036,X_LEG_2,0.43,50.50,124.27,0,1500,1684,SE
1189187.057,X_LEG_2,0.43,50.50,124.27,0,1500,1684,SE
1189187.077,X_LEG_2,0.47,50.51,124.27,0,1500,1684,SE
1189187.100,X_LEG_2,0.47,50.51,124.27,0,1500,1684,SE
1189187.121,X_LEG_2,0.47,50.51,124.27,0,1500,1684,SE
1189187.143,X_LEG_2,0.47,50.51,124.27,0,1500,1684,SE
1189187.163,X_LEG_2,0.47,50.51,124.27,0,1500,1684,SE
1189187.183,X_LEG_2,0.52,50.51,124.28,0,1500,1684,SE
1189187.204,X_LEG_2,0.52,50.51,124.28,0,1500,1684,SE
1189187.224,X_LEG_2,0.52,50.51,124.28,0,1500,1684,SE
1189187.245,X_LEG_2,0.52,50.51,124.28,0,1500,1684,SE
1189187.265,X_LEG_2,0.52,50.51,124.28,0,1500,1684,SE
1189187.286,X_LEG_2,0.56,50.52,124.29,0,1500,1684,SE
1189187.306,X_LEG_2,0.56,50.52,124.29,0,1500,1684,SE
1189187.326,X_LEG_2,0.56,50.52,124.29,0,1500,1684,SE
1189187.346,X_LEG_2,0.56,50.52,124.29,0,1500,1684,SE
1189187.368,X_LEG_2,0.56,50.52,124.29,0,1500,1684,SE
1189187.388,X_LEG_2,0.60,50.52,112.29,0,1500,1684,SE
1189187.409,X_LEG_2,0.60,50.52,112.29,0,1500,1684,SE
1189187.430,X_LEG_2,0.60,50.52,112.29,0,1500,1684,SE
1189187.450,X_LEG_2,0.60,50.52,112.29,0,1500,1684,SE
1189187.471,X_LEG_2,0.60,50.52,112.29,0,1500,1684,SE
1189187.492,X_LEG_2,0.65,50.53,112.30,0,1500,1684,SE
1189187.513,X_LEG_2,0.65,50.53,112.30,0,1500,1684,SE
1189187.533,X_LEG_2,0.65,50.53,112.30,0,1500,1684,SE
1189187.556,X_LEG_2,0.65,50.53,112.30,0,1500,1684,SE
1189187.576,X_LEG_2,0.65,50.53,112.30,0,1500,1684,SE
1189187.597,X_LEG_2,0.65,50.53,112.30,0,1500,1684,SE
1189187.619,X_LEG_2,0.65,50.53,112.30,0,1500,1684,SE
1189187.639,X_LEG_2,0.65,50.53,112.30,0,1500,1684,SE
1189187.659,X_LEG_2,0.65,50.53,112.30,0,1500,1684,SE
1189187.680,X_LEG_2,0.65,50.53,112.30,0,1500,1684,SE
1189187.701,X_LEG_2,0.68,50.54,112.31,0,1500,1683,SE
1189187.721,X_LEG_2,0.68,50.54,112.31,0,1500,1683,SE
1189187.741,X_LEG_2,0.68,50.54,112.31,0,1500,1683,SE
1189187.762,X_LEG_2,0.68,50.54,112.31,0,1500,1683,SE
1189187.783,X_LEG_2,0.68,50.54,112.31,0,1500,1683,SE
1189187.803,X_LEG_2,0.69,50.54,112.32,0,1500,1683,SE
1189187.824,X_LEG_2,0.69,50.54,112.32,0,1500,1683,SE
1189187.844,X_LEG_2,0.69,50.54,112.32,0,1500,1683,SE
1189187.865,X_LEG_2,0.69,50.54,112.32,0,1500,1683,SE
1189187.885,X_LEG_2,0.69,50.54,112.32,0,1500,1683,SE
1189190.013,X_LEG_2,-0.01,50.59,5.39,1,1700,1716,SE
1189190.033,X_LEG_2,-0.01,50.59,5.39,1,1700,1716,SE
1189190.055,X_LEG_2,-0.01,50.59,5.39,1,1700,1716,SE
1189190.074,X_LEG_2,-0.01,50.59,5.39,1,1700,1716,SE
1189190.094,X_LEG_2,-0.01,50.59,5.39,1,1700,1716,SE
1189190.115,X_LEG_2,-0.01,50.59,5.39,1,1700,1716,SE
1189190.135,X_LEG_2,-0.01,50.59,5.39,1,1700,1716,SE
1189190.156,X_LEG_2,-0.01,50.59,5.39,1,1700,1716,SE
1189190.176,X_LEG_2,-0.01,50.60,5.40,1,1700,1716,SE
1189190.197,X_LEG_2,-0.01,50.60,5.40,1,1700,1716,SE
1189190.218,X_LEG_2,-0.01,50.60,5.40,1,1700,1716,SE
1189190.240,X_LEG_2,-0.01,50.60,5.40,1,1700,1716,SE
1189190.260,X_LEG_2,-0.01,50.60,5.40,1,1700,1716,SE
1189190.281,X_LEG_2,-0.01,50.60,5.40,1,1700,1716,SE
1189190.301,X_LEG_2,-0.01,50.60,5.40,1,1700,1716,SE
1189190.322,X_LEG_2,-0.01,50.60,5.40,1,1700,1716,SE
1189190.342,X_LEG_2,-0.01,50.60,5.40,1,1700,1716,SE
1189190.363,X_LEG_2,-0.01,50.60,5.40,1,1700,1716,SE
1189190.383,X_LEG_2,-0.01,50.60,5.40,1,1700,1716,SE
1189190.404,X_LEG_2,-0.01,50.60,5.40,1,1700,1716,SE
1189190.426,X_LEG_2,-0.01,50.60,5.40,1,1700,1716,SE
1189190.446,X_LEG_2,-0.01,50.60,5.40,1,1700,1716,SE
1189190.467,X_LEG_2,-0.01,50.60,5.40,1,1700,1716,SE
1189190.488,X_LEG_2,-0.01,50.60,5.40,1,1700,1716,SE
1189190.509,X_LEG_2,-0.01,50.60,5.40,1,1700,1716,SE
1189190.529,X_LEG_2,-0.01,50.60,5.40,1,1700,1716,SE
1189190.551,X_LEG_2,-0.01,50.60,5.40,1,1700,1716,SE
1189190.571,X_LEG_2,-0.01,50.60,5.40,1,1700,1716,SE
1189190.592,X_LEG_2,-0.01,50.60,5.40,1,1700,1716,SE
1189190.616,X_LEG_2,-0.01,50.60,5.40,1,1700,1716,SE
1189190.637,X_LEG_2,-0.01,50.60,5.40,1,1700,1716,SE
1189190.658,X_LEG_2,-0.01,50.60,5.40,1,1700,1716,SE
1189190.681,X_LEG_2,-0.01,50.60,5.40,1,1700,1716,SE
1189190.713,X_LEG_2,0.00,50.60,4.40,1,1700,1716,SE
1189190.733,X_LEG_2,0.00,50.60,4.40,1,1700,1716,SE
1189190.754,X_LEG_2,0.00,50.60,4.40,1,1700,1716,SE
1189190.775,X_LEG_2,0.00,50.60,4.40,1,1700,1716,SE
1189190.806,X_LEG_2,0.00,50.60,4.40,1,1700,1716,SE
1189190.834,X_LEG_2,0.01,50.60,4.40,1,1700,1715,SE
1189190.857,X_LEG_2,0.01,50.60,4.40,1,1700,1715,SE
1189190.879,X_LEG_2,0.01,50.60,4.40,1,1700,1715,SE
1189190.901,X_LEG_2,0.01,50.60,4.40,1,1700,1715,SE
1189190.920,X_LEG_2,0.01,50.60,4.40,1,1700,1715,SE
1189190.940,X_LEG_2,0.01,50.60,4.40,1,1700,1715,SE
1189190.960,X_LEG_2,0.01,50.60,4.40,1,1700,1715,SE
1189190.983,X_LEG_2,0.01,50.60,4.40,1,1700,1715,SE
1189191.004,X_LEG_2,0.01,50.60,4.40,1,1700,1715,SE
1189191.026,X_LEG_2,0.02,50.60,4.40,1,1700,1715,SE
1189191.047,X_LEG_2,0.02,50.60,4.40,1,1700,1715,SE
1189191.069,X_LEG_2,0.02,50.60,4.40,1,1700,1715,SE
1189191.090,X_LEG_2,0.02,50.60,4.40,1,1700,1715,SE
1189191.110,X_LEG_2,0.02,50.60,4.40,1,1700,1715,SE
1189191.132,X_LEG_2,0.03,50.60,4.40,1,1700,1715,SE
1189191.163,X_LEG_2,0.03,50.60,4.40,1,1700,1715,SE
1189191.184,X_LEG_2,0.03,50.60,4.40,1,1700,1715,SE
1189191.204,X_LEG_2,0.03,50.60,4.40,1,1700,1715,SE
1189191.227,X_LEG_2,0.03,50.60,4.40,1,1700,1715,SE
1189191.248,X_LEG_2,0.03,50.60,4.40,1,1700,1715,SE
1189191.269,X_LEG_2,0.03,50.60,4.40,1,1700,1715,SE
1189191.292,X_LEG_2,0.03,50.60,4.40,1,1700,1715,SE
1189191.313,X_LEG_2,0.03,50.60,4.40,1,1700,1715,SE
1189191.334,X_LEG_2,0.03,50.60,4.40,1,1700,1715,SE
1189191.354,X_LEG_2,0.04,50.60,3.40,1,1700,1715,SE
1189191.375,X_LEG_2,0.04,50.60,3.40,1,1700,1715,SE
1189191.397,X_LEG_2,0.04,50.60,3.40,1,1700,1715,SE
1189191.416,X_LEG_2,0.04,50.60,3.40,1,1700,1715,SE
1189191.436,X_LEG_2,0.04,50.60,3.40,1,1700,1715,SE
1189191.457,X_LEG_2,0.06,50.59,3.39,1,1700,1715,SE
1189191.478,X_LEG_2,0.06,50.59,3.39,1,1700,1715,SE
1189191.499,X_LEG_2,0.06,50.59,3.39,1,1700,1715,SE
1189191.519,X_LEG_2,0.06,50.59,3.39,1,1700,1715,SE
1189191.542,X_LEG_2,0.06,50.59,3.39,1,1700,1715,SE
1189191.562,X_LEG_2,0.07,50.58,3.39,1,1700,1715,SE
1189191.583,X_LEG_2,0.07,50.58,3.39,1,1700,1715,SE
1189191.603,X_LEG_2,0.07,50.58,3.39,1,1700,1715,SE
1189191.624,X_LEG_2,0.07,50.58,3.39,1,1700,1715,SE
1189191.644,X_LEG_2,0.07,50.58,3.39,1,1700,1715,SE
1189191.667,X_LEG_2,0.07,50.58,3.39,1,1700,1715,SE
1189191.687,X_LEG_2,0.07,50.58,3.39,1,1700,1715,SE
1189191.708,X_LEG_2,0.07,50.58,3.39,1,1700,1715,SE
1189191.729,X_LEG_2,0.07,50.58,3.39,1,1700,1715,SE
1189191.750,X_LEG_2,0.07,50.58,3.39,1,1700,1715,SE
1189191.771,X_LEG_2,0.09,50.58,3.40,1,1700,1715,SE
1189191.791,X_LEG_2,0.09,50.58,3.40,1,1700,1715,SE
1189191.811,X_LEG_2,0.09,50.58,3.40,1,1700,1715,SE
1189191.832,X_LEG_2,0.09,50.58,3.40,1,1700,1715,SE
1189191.852,X_LEG_2,0.09,50.58,3.40,1,1700,1715,SE
1189191.875,X_LEG_2,0.11,50.56,3.39,1,1700,1715,SE
1189191.895,X_LEG_2,0.11,50.56,3.39,1,1700,1715,SE
1189191.916,X_LEG_2,0.11,50.56,3.39,1,1700,1715,SE
1189191.936,X_LEG_2,0.11,50.56,3.39,1,1700,1715,SE
1189191.957,X_LEG_2,0.11,50.56,3.39,1,1700,1715,SE
1189191.980,X_LEG_2,0.13,50.55,3.39,1,1700,1715,SE
1189192.000,X_LEG_2,0.13,50.55,3.39,1,1700,1715,SE
1189192.021,X_LEG_2,0.13,50.55,3.39,1,1700,1715,SE
1189192.042,X_LEG_2,0.13,50.55,3.39,1,1700,1715,SE
1189192.062,X_LEG_2,0.13,50.55,3.39,1,1700,1715,SE
1189192.082,X_LEG_2,0.15,50.54,3.40,1,1700,1715,SE
1189192.102,X_LEG_2,0.15,50.54,3.40,1,1700,1715,SE
1189192.123,X_LEG_2,0.15,50.54,3.40,1,1700,1715,SE
1189192.146,X_LEG_2,0.15,50.54,3.40,1,1700,1715,SE
1189192.166,X_LEG_2,0.15,50.54,3.40,1,1700,1715,SE
1189192.187,X_LEG_2,0.19,50.50,3.40,1,1700,1715,SE
1189192.207,X_LEG_2,0.19,50.50,3.40,1,1700,1715,SE
1189192.228,X_LEG_2,0.19,50.50,3.40,1,1700,1715,SE
1189192.248,X_LEG_2,0.19,50.50,3.40,1,1700,1715,SE
1189192.269,X_LEG_2,0.19,50.50,3.40,1,1700,1715,SE
1189192.289,X_LEG_2,0.19,50.50,3.40,1,1700,1715,SE
1189192.310,X_LEG_2,0.19,50.50,3.40,1,1700,1715,SE
1189192.330,X_LEG_2,0.19,50.50,3.40,1,1700,1715,SE
1189192.353,X_LEG_2,0.19,50.50,3.40,1,1700,1715,SE
1189192.374,X_LEG_2,0.19,50.50,3.40,1,1700,1715,SE
1189192.394,X_LEG_2,0.23,50.47,3.40,1,1700,1715,SE
1189192.414,X_LEG_2,0.23,50.47,3.40,1,1700,1715,SE
1189192.435,X_LEG_2,0.23,50.47,3.40,1,1700,1715,SE
1189192.455,X_LEG_2,0.23,50.47,3.40,1,1700,1715,SE
1189192.476,X_LEG_2,0.23,50.47,3.40,1,1700,1715,SE
1189192.496,X_LEG_2,0.26,50.45,3.40,1,1700,1715,SE
1189192.517,X_LEG_2,0.26,50.45,3.40,1,1700,1715,SE
1189192.538,X_LEG_2,0.26,50.45,3.40,1,1700,1715,SE
1189192.560,X_LEG_2,0.26,50.45,3.40,1,1700,1715,SE
1189192.580,X_LEG_2,0.26,50.45,3.40,1,1700,1715,SE
1189192.603,X_LEG_2,0.26,50.45,3.40,1,1700,1715,SE
1189192.623,X_LEG_2,0.26,50.45,3.40,1,1700,1715,SE
1189192.644,X_LEG_2,0.26,50.45,3.40,1,1700,1715,SE
1189192.665,X_LEG_2,0.26,50.45,3.40,1,1700,1715,SE
1189192.685,X_LEG_2,0.26,50.45,3.40,1,1700,1715,SE
1189192.705,X_LEG_2,0.29,50.42,3.40,1,1700,1715,SE
1189192.726,X_LEG_2,0.29,50.42,3.40,1,1700,1715,SE
1189192.747,X_LEG_2,0.29,50.42,3.40,1,1700,1715,SE
1189192.767,X_LEG_2,0.29,50.42,3.40,1,1700,1715,SE
1189192.787,X_LEG_2,0.29,50.42,3.40,1,1700,1715,SE
1189192.809,X_LEG_2,0.32,50.39,3.40,1,1700,1715,SE
1189192.830,X_LEG_2,0.32,50.39,3.40,1,1700,1715,SE
1189192.850,X_LEG_2,0.32,50.39,3.40,1,1700,1715,SE
1189192.874,X_LEG_2,0.32,50.39,3.40,1,1700,1715,SE
1189192.909,X_LEG_2,0.32,50.39,3.40,1,1700,1715,SE
1189192.931,X_LEG_2,0.35,50.36,3.41,1,1700,1714,SE
1189192.951,X_LEG_2,0.35,50.36,3.41,1,1700,1714,SE
1189192.971,X_LEG_2,0.35,50.36,3.41,1,1700,1714,SE
1189192.992,X_LEG_2,0.35,50.36,3.41,1,1700,1714,SE
1189193.013,X_LEG_2,0.35,50.36,3.41,1,1700,1714,SE
1189193.033,X_LEG_2,0.39,50.33,3.41,1,1700,1714,SE
1189193.054,X_LEG_2,0.39,50.33,3.41,1,1700,1714,SE
1189193.075,X_LEG_2,0.39,50.33,3.41,1,1700,1714,SE
1189193.099,X_LEG_2,0.39,50.33,3.41,1,1700,1714,SE
1189193.120,X_LEG_2,0.39,50.33,3.41,1,1700,1714,SE
1189193.140,X_LEG_2,0.42,50.30,2.41,1,1700,1714,SE
1189193.161,X_LEG_2,0.42,50.30,2.41,1,1700,1714,SE
1189193.181,X_LEG_2,0.42,50.30,2.41,1,1700,1714,SE
1189193.202,X_LEG_2,0.42,50.30,2.41,1,1700,1714,SE
1189193.222,X_LEG_2,0.42,50.30,2.41,1,1700,1714,SE
1189193.243,X_LEG_2,0.42,50.30,2.41,1,1700,1714,SE
1189193.264,X_LEG_2,0.42,50.30,2.41,1,1700,1714,SE
1189193.284,X_LEG_2,0.42,50.30,2.41,1,1700,1714,SE
1189193.304,X_LEG_2,0.42,50.30,2.41,1,1700,1714,SE
1189193.325,X_LEG_2,0.42,50.30,2.41,1,1700,1714,SE
1189193.347,X_LEG_2,0.46,50.25,2.41,1,1700,1714,SE
1189193.367,X_LEG_2,0.46,50.25,2.41,1,1700,1714,SE
1189193.390,X_LEG_2,0.46,50.25,2.41,1,1700,1714,SE
1189193.411,X_LEG_2,0.46,50.25,2.41,1,1700,1714,SE
1189193.431,X_LEG_2,0.46,50.25,2.41,1,1700,1714,SE
1189193.454,X_LEG_2,0.54,50.18,2.41,1,1700,1714,SE
1189193.475,X_LEG_2,0.54,50.18,2.41,1,1700,1714,SE
1189193.495,X_LEG_2,0.54,50.18,2.41,1,1700,1714,SE
1189193.516,X_LEG_2,0.54,50.18,2.41,1,1700,1714,SE
1189193.536,X_LEG_2,0.54,50.18,2.41,1,1700,1714,SE
1189193.557,X_LEG_2,0.58,50.13,2.42,1,1700,1714,SE
1189193.580,X_LEG_2,0.58,50.13,2.42,1,1700,1714,SE
1189193.601,X_LEG_2,0.58,50.13,2.42,1,1700,1714,SE
1189193.621,X_LEG_2,0.58,50.13,2.42,1,1700,1714,SE
1189193.642,X_LEG_2,0.58,50.13,2.42,1,1700,1714,SE
1189193.662,X_LEG_2,0.58,50.13,2.42,1,1700,1714,SE
1189193.682,X_LEG_2,0.58,50.13,2.42,1,1700,1714,SE
1189193.703,X_LEG_2,0.58,50.13,2.42,1,1700,1714,SE
1189193.723,X_LEG_2,0.58,50.13,2.42,1,1700,1714,SE
1189193.744,X_LEG_2,0.58,50.13,2.42,1,1700,1714,SE
1189193.770,X_LEG_2,0.67,50.04,2.42,1,1700,1713,SE
1189193.790,X_LEG_2,0.67,50.04,2.42,1,1700,1713,SE
1189193.811,X_LEG_2,0.67,50.04,2.42,1,1700,1713,SE
1189193.832,X_LEG_2,0.67,50.04,2.42,1,1700,1713,SE
1189193.852,X_LEG_2,0.67,50.04,2.42,1,1700,1713,SE
1189193.876,X_LEG_2,0.72,50.00,2.43,1,1700,1712,SE
1189193.896,X_LEG_2,0.72,50.00,2.43,1,1700,1712,SE
1189193.916,X_LEG_2,0.72,50.00,2.43,1,1700,1712,SE
1189193.937,X_LEG_2,0.72,50.00,2.43,1,1700,1712,SE
1189193.957,X_LEG_2,0.72,50.00,2.43,1,1700,1712,SE
1189193.978,X_LEG_2,0.77,49.94,2.42,1,1700,1712,SE
1189193.998,X_LEG_2,0.77,49.94,2.42,1,1700,1712,SE
1189194.019,X_LEG_2,0.77,49.94,2.42,1,1700,1712,SE
1189194.040,X_LEG_2,0.77,49.94,2.42,1,1700,1712,SE
1189194.060,X_LEG_2,0.77,49.94,2.42,1,1700,1712,SE
1189194.081,X_LEG_2,0.77,49.94,2.42,1,1700,1712,SE
1189194.103,X_LEG_2,0.77,49.94,2.42,1,1700,1712,SE
1189194.125,X_LEG_2,0.77,49.94,2.42,1,1700,1712,SE
1189194.146,X_LEG_2,0.77,49.94,2.42,1,1700,1712,SE
1189194.167,X_LEG_2,0.77,49.94,2.42,1,1700,1712,SE
1189194.188,X_LEG_2,0.77,49.94,2.42,1,1700,1712,SE
1189194.209,X_LEG_2,0.77,49.94,2.42,1,1700,1712,SE
1189194.229,X_LEG_2,0.77,49.94,2.42,1,1700,1712,SE
1189194.250,X_LEG_2,0.77,49.94,2.42,1,1700,1712,SE
1189194.270,X_LEG_2,0.77,49.94,2.42,1,1700,1712,SE
1189194.294,X_LEG_2,0.87,49.84,2.43,1,1699,1712,SE
1189194.311,X_LEG_2,0.87,49.84,2.43,1,1699,1712,SE
1189194.331,X_LEG_2,0.87,49.84,2.43,1,1699,1712,SE
1189194.355,X_LEG_2,0.87,49.84,2.43,1,1699,1712,SE
1189194.376,X_LEG_2,0.87,49.84,2.43,1,1699,1712,SE
1189194.396,X_LEG_2,0.87,49.84,2.43,1,1699,1712,SE
1189194.417,X_LEG_2,0.87,49.84,2.43,1,1699,1712,SE
1189194.437,X_LEG_2,0.87,49.84,2.43,1,1699,1712,SE
1189194.458,X_LEG_2,0.87,49.84,2.43,1,1699,1712,SE
1189194.483,X_LEG_2,0.87,49.84,2.43,1,1699,1712,SE
1189194.504,X_LEG_2,0.92,49.78,2.44,1,1699,1712,SE
1189194.525,X_LEG_2,0.92,49.78,2.44,1,1699,1712,SE
1189194.552,X_LEG_2,0.92,49.78,2.44,1,1699,1712,SE
1189194.575,X_LEG_2,0.92,49.78,2.44,1,1699,1712,SE
1189194.595,X_LEG_2,0.92,49.78,2.44,1,1699,1712,SE
1189194.615,X_LEG_2,0.97,49.72,2.43,1,1699,1712,SE
1189194.637,X_LEG_2,0.97,49.72,2.43,1,1699,1712,SE
1189194.660,X_LEG_2,0.97,49.72,2.43,1,1699,1712,SE
1189194.682,X_LEG_2,0.97,49.72,2.43,1,1699,1712,SE
1189194.702,X_LEG_2,0.97,49.72,2.43,1,1699,1712,SE
1189194.724,X_LEG_2,1.03,49.67,2.44,1,1699,1711,SE
1189194.745,X_LEG_2,1.03,49.67,2.44,1,1699,1711,SE
1189194.765,X_LEG_2,1.03,49.67,2.44,1,1699,1711,SE
1189194.786,X_LEG_2,1.03,49.67,2.44,1,1699,1711,SE
1189194.808,X_LEG_2,1.03,49.67,2.44,1,1699,1711,SE
1189194.828,X_LEG_2,1.09,49.61,2.44,1,1698,1711,SE
1189194.850,X_LEG_2,1.09,49.61,2.44,1,1698,1711,SE
1189194.870,X_LEG_2,1.09,49.61,2.44,1,1698,1711,SE
1189194.891,X_LEG_2,1.09,49.61,2.44,1,1698,1711,SE
1189194.911,X_LEG_2,1.09,49.61,2.44,1,1698,1711,SE
1189194.932,X_LEG_2,1.14,49.54,2.45,1,1698,1711,SE
1189194.953,X_LEG_2,1.14,49.54,2.45,1,1698,1711,SE
1189194.973,X_LEG_2,1.14,49.54,2.45,1,1698,1711,SE
1189194.994,X_LEG_2,1.14,49.54,2.45,1,1698,1711,SE
1189195.014,X_LEG_2,1.14,49.54,2.45,1,1698,1711,SE
1189195.035,X_LEG_2,1.14,49.54,2.45,1,1698,1711,SE
1189195.058,X_LEG_2,1.14,49.54,2.45,1,1698,1711,SE
1189195.079,X_LEG_2,1.14,49.54,2.45,1,1698,1711,SE
1189195.100,X_LEG_2,1.14,49.54,2.45,1,1698,1711,SE
1189195.120,X_LEG_2,1.14,49.54,2.45,1,1698,1711,SE
1189195.140,X_LEG_2,1.20,49.48,1.44,1,1698,1711,SE
1189195.160,X_LEG_2,1.20,49.48,1.44,1,1698,1711,SE
1189195.184,X_LEG_2,1.20,49.48,1.44,1,1698,1711,SE
1189195.204,X_LEG_2,1.20,49.48,1.44,1,1698,1711,SE
1189195.224,X_LEG_2,1.20,49.48,1.44,1,1698,1711,SE
1189195.245,X_LEG_2,1.27,49.41,1.45,1,1698,1711,SE
1189195.265,X_LEG_2,1.27,49.41,1.45,1,1698,1711,SE
1189195.285,X_LEG_2,1.27,49.41,1.45,1,1698,1711,SE
1189195.306,X_LEG_2,1.27,49.41,1.45,1,1698,1711,SE
1189195.326,X_LEG_2,1.27,49.41,1.45,1,1698,1711,SE
1189195.347,X_LEG_2,1.33,49.35,1.45,1,1697,1711,SE
1189195.369,X_LEG_2,1.33,49.35,1.45,1,1697,1711,SE
1189195.389,X_LEG_2,1.33,49.35,1.45,1,1697,1711,SE
1189195.410,X_LEG_2,1.33,49.35,1.45,1,1697,1711,SE
1189195.433,X_LEG_2,1.33,49.35,1.45,1,1697,1711,SE
1189195.452,X_LEG_2,1.39,49.28,1.45,1,1697,1710,SE
1189195.473,X_LEG_2,1.39,49.28,1.45,1,1697,1710,SE
1189195.493,X_LEG_2,1.39,49.28,1.45,1,1697,1710,SE
1189195.516,X_LEG_2,1.39,49.28,1.45,1,1697,1710,SE
1189195.545,X_LEG_2,1.39,49.28,1.45,1,1697,1710,SE
1189195.565,X_LEG_2,1.39,49.28,1.45,1,1697,1710,SE
1189195.586,X_LEG_2,1.39,49.28,1.45,1,1697,1710,SE
1189195.608,X_LEG_2,1.39,49.28,1.45,1,1697,1710,SE
1189195.629,X_LEG_2,1.39,49.28,1.45,1,1697,1710,SE
1189195.649,X_LEG_2,1.39,49.28,1.45,1,1697,1710,SE
1189195.669,X_LEG_2,1.46,49.21,1.46,1,1697,1710,SE
1189195.690,X_LEG_2,1.46,49.21,1.46,1,1697,1710,SE
1189195.710,X_LEG_2,1.46,49.21,1.46,1,1697,1710,SE
1189195.734,X_LEG_2,1.46,49.21,1.46,1,1697,1710,SE
1189195.755,X_LEG_2,1.46,49.21,1.46,1,1697,1710,SE
1189195.775,X_LEG_2,1.53,49.13,1.46,1,1697,1710,SE
1189195.797,X_LEG_2,1.53,49.13,1.46,1,1697,1710,SE
1189195.820,X_LEG_2,1.53,49.13,1.46,1,1697,1710,SE
1189195.840,X_LEG_2,1.53,49.13,1.46,1,1697,1710,SE
1189195.860,X_LEG_2,1.53,49.13,1.46,1,1697,1710,SE
1189195.881,X_LEG_2,1.59,49.06,1.46,1,1696,1710,SE
1189195.902,X_LEG_2,1.59,49.06,1.46,1,1696,1710,SE
1189195.922,X_LEG_2,1.59,49.06,1.46,1,1696,1710,SE
1189195.943,X_LEG_2,1.59,49.06,1.46,1,1696,1710,SE
1189195.963,X_LEG_2,1.59,49.06,1.46,1,1696,1710,SE
1189195.985,X_LEG_2,1.66,48.98,1.46,1,1696,1710,SE
1189196.007,X_LEG_2,1.66,48.98,1.46,1,1696,1710,SE
1189196.028,X_LEG_2,1.66,48.98,1.46,1,1696,1710,SE
1189196.048,X_LEG_2,1.66,48.98,1.46,1,1696,1710,SE
1189196.068,X_LEG_2,1.66,48.98,1.46,1,1696,1710,SE
1189196.088,X_LEG_2,1.73,48.90,1.47,1,1696,1709,SE
1189196.110,X_LEG_2,1.73,48.90,1.47,1,1696,1709,SE
1189196.132,X_LEG_2,1.73,48.90,1.47,1,1696,1709,SE
1189196.152,X_LEG_2,1.73,48.90,1.47,1,1696,1709,SE
1189196.172,X_LEG_2,1.73,48.90,1.47,1,1696,1709,SE
1189196.193,X_LEG_2,1.81,48.82,1.48,1,1695,1709,SE
1189196.213,X_LEG_2,1.81,48.82,1.48,1,1695,1709,SE
1189196.234,X_LEG_2,1.81,48.82,1.48,1,1695,1709,SE
1189196.254,X_LEG_2,1.81,48.82,1.48,1,1695,1709,SE
1189196.275,X_LEG_2,1.81,48.82,1.48,1,1695,1709,SE
1189196.295,X_LEG_2,1.88,48.74,1.48,1,1695,1709,SE
1189196.317,X_LEG_2,1.88,48.74,1.48,1,1695,1709,SE
1189196.337,X_LEG_2,1.88,48.74,1.48,1,1695,1709,SE
1189196.361,X_LEG_2,1.88,48.74,1.48,1,1695,1709,SE
1189196.381,X_LEG_2,1.88,48.74,1.48,1,1695,1709,SE
1189196.402,X_LEG_2,1.96,48.66,1.48,1,1695,1709,SE
1189196.422,X_LEG_2,1.96,48.66,1.48,1,1695,1709,SE
1189196.442,X_LEG_2,1.96,48.66,1.48,1,1695,1709,SE
1189196.463,X_LEG_2,1.96,48.66,1.48,1,1695,1709,SE
1189196.483,X_LEG_2,1.96,48.66,1.48,1,1695,1709,SE
1189196.505,X_LEG_2,1.96,48.66,1.48,1,1695,1709,SE
1189196.528,X_LEG_2,1.96,48.66,1.48,1,1695,1709,SE
1189196.552,X_LEG_2,1.96,48.66,1.48,1,1695,1709,SE
1189196.573,X_LEG_2,1.96,48.66,1.48,1,1695,1709,SE
1189196.594,X_LEG_2,1.96,48.66,1.48,1,1695,1709,SE
1189196.615,X_LEG_2,2.04,48.58,1.49,1,1694,1708,SE
1189196.636,X_LEG_2,2.04,48.58,1.49,1,1694,1708,SE
1189196.657,X_LEG_2,2.04,48.58,1.49,1,1694,1708,SE
1189196.678,X_LEG_2,2.04,48.58,1.49,1,1694,1708,SE
1189196.698,X_LEG_2,2.04,48.58,1.49,1,1694,1708,SE
1189196.723,X_LEG_2,2.11,48.49,1.49,1,1694,1708,SE
1189196.747,X_LEG_2,2.11,48.49,1.49,1,1694,1708,SE
1189196.768,X_LEG_2,2.11,48.49,1.49,1,1694,1708,SE
1189196.788,X_LEG_2,2.11,48.49,1.49,1,1694,1708,SE
1189196.808,X_LEG_2,2.11,48.49,1.49,1,1694,1708,SE
1189196.831,X_LEG_2,2.19,48.41,1.49,1,1694,1708,SE
1189196.852,X_LEG_2,2.19,48.41,1.49,1,1694,1708,SE
1189196.873,X_LEG_2,2.19,48.41,1.49,1,1694,1708,SE
1189196.894,X_LEG_2,2.19,48.41,1.49,1,1694,1708,SE
1189196.916,X_LEG_2,2.19,48.41,1.49,1,1694,1708,SE
1189196.937,X_LEG_2,2.28,48.32,1.49,1,1693,1707,SE
1189196.957,X_LEG_2,2.28,48.32,1.49,1,1693,1707,SE
1189196.983,X_LEG_2,2.28,48.32,1.49,1,1693,1707,SE
1189197.000,X_LEG_2,2.28,48.32,1.49,1,1693,1707,SE
1189197.020,X_LEG_2,2.28,48.32,1.49,1,1693,1707,SE
1189197.043,X_LEG_2,2.36,48.23,1.49,1,1693,1706,SE
1189197.064,X_LEG_2,2.36,48.23,1.49,1,1693,1706,SE
1189197.084,X_LEG_2,2.36,48.23,1.49,1,1693,1706,SE
1189197.105,X_LEG_2,2.36,48.23,1.49,1,1693,1706,SE
1189197.126,X_LEG_2,2.36,48.23,1.49,1,1693,1706,SE
1189197.147,X_LEG_2,2.36,48.23,1.49,1,1693,1706,SE
1189197.167,X_LEG_2,2.36,48.23,1.49,1,1693,1706,SE
1189197.191,X_LEG_2,2.36,48.23,1.49,1,1693,1706,SE
1189197.212,X_LEG_2,2.36,48.23,1.49,1,1693,1706,SE
1189197.232,X_LEG_2,2.36,48.23,1.49,1,1693,1706,SE
1189197.252,X_LEG_2,2.44,48.13,1.50,1,1693,1706,SE
1189197.273,X_LEG_2,2.44,48.13,1.50,1,1693,1706,SE
1189197.294,X_LEG_2,2.44,48.13,1.50,1,1693,1706,SE
1189197.314,X_LEG_2,2.44,48.13,1.50,1,1693,1706,SE
1189197.335,X_LEG_2,2.44,48.13,1.50,1,1693,1706,SE
1189197.361,X_LEG_2,2.53,48.04,1.50,1,1692,1706,SE
1189197.381,X_LEG_2,2.53,48.04,1.50,1,1692,1706,SE
1189197.408,X_LEG_2,2.53,48.04,1.50,1,1692,1706,SE
1189197.431,X_LEG_2,2.53,48.04,1.50,1,1692,1706,SE
1189197.452,X_LEG_2,2.53,48.04,1.50,1,1692,1706,SE
1189197.472,X_LEG_2,2.53,48.04,1.50,1,1692,1706,SE
1189197.495,X_LEG_2,2.53,48.04,1.50,1,1692,1706,SE
1189197.515,X_LEG_2,2.53,48.04,1.50,1,1692,1706,SE
1189197.537,X_LEG_2,2.53,48.04,1.50,1,1692,1706,SE
1189197.559,X_LEG_2,2.53,48.04,1.50,1,1692,1706,SE
1189197.582,X_LEG_2,2.61,47.95,1.51,1,1692,1706,SE
1189197.602,X_LEG_2,2.61,47.95,1.51,1,1692,1706,SE
1189197.622,X_LEG_2,2.61,47.95,1.51,1,1692,1706,SE
1189197.644,X_LEG_2,2.61,47.95,1.51,1,1692,1706,SE
1189197.664,X_LEG_2,2.61,47.95,1.51,1,1692,1706,SE
1189197.684,X_LEG_2,2.70,47.86,1.52,1,1691,1705,SE
1189197.706,X_LEG_2,2.70,47.86,1.52,1,1691,1705,SE
1189197.727,X_LEG_2,2.70,47.86,1.52,1,1691,1705,SE
1189197.747,X_LEG_2,2.70,47.86,1.52,1,1691,1705,SE
1189197.768,X_LEG_2,2.70,47.86,1.52,1,1691,1705,SE
1189197.789,X_LEG_2,2.79,47.76,1.51,1,1691,1705,SE
1189197.811,X_LEG_2,2.79,47.76,1.51,1,1691,1705,SE
1189197.835,X_LEG_2,2.79,47.76,1.51,1,1691,1705,SE
1189197.858,X_LEG_2,2.79,47.76,1.51,1,1691,1705,SE
1189197.879,X_LEG_2,2.79,47.76,1.51,1,1691,1705,SE
1189197.908,X_LEG_2,2.88,47.66,1.52,1,1691,1705,SE
1189197.928,X_LEG_2,2.88,47.66,1.52,1,1691,1705,SE
1189197.961,X_LEG_2,2.88,47.66,1.52,1,1691,1705,SE
1189197.990,X_LEG_2,2.88,47.66,1.52,1,1691,1705,SE
1189198.011,X_LEG_2,2.88,47.66,1.52,1,1691,1705,SE
1189198.031,X_LEG_2,2.88,47.66,1.52,1,1691,1705,SE
1189198.052,X_LEG_2,2.88,47.66,1.52,1,1691,1705,SE
1189198.072,X_LEG_2,2.88,47.66,1.52,1,1691,1705,SE
1189198.094,X_LEG_2,2.88,47.66,1.52,1,1691,1705,SE
1189198.114,X_LEG_2,2.98,47.56,1.53,1,1690,1705,SE
1189198.137,X_LEG_2,2.98,47.56,1.53,1,1690,1705,SE
1189198.160,X_LEG_2,2.98,47.56,1.53,1,1690,1705,SE
1189198.182,X_LEG_2,2.98,47.56,1.53,1,1690,1705,SE
1189198.203,X_LEG_2,2.98,47.56,1.53,1,1690,1705,SE
1189198.223,X_LEG_2,3.07,47.56,1.53,1,1690,1704,SE
1189198.243,X_LEG_2,3.07,47.56,1.53,1,1690,1704,SE
1189198.264,X_LEG_2,3.07,47.56,1.53,1,1690,1704,SE
1189198.286,X_LEG_2,3.07,47.56,1.53,1,1690,1704,SE
1189198.311,X_LEG_2,3.07,47.56,1.53,1,1690,1704,SE
1189198.329,X_LEG_2,3.07,47.46,1.52,1,1690,1704,SE
1189198.351,X_LEG_2,3.07,47.46,1.52,1,1690,1704,SE
1189198.371,X_LEG_2,3.07,47.46,1.52,1,1690,1704,SE
1189198.392,X_LEG_2,3.07,47.46,1.52,1,1690,1704,SE
1189198.414,X_LEG_2,3.07,47.46,1.52,1,1690,1704,SE
1189198.437,X_LEG_2,3.17,47.36,1.53,1,1689,1704,SE
1189198.457,X_LEG_2,3.17,47.36,1.53,1,1689,1704,SE
1189198.478,X_LEG_2,3.17,47.36,1.53,1,1689,1704,SE
1189198.498,X_LEG_2,3.17,47.36,1.53,1,1689,1704,SE
1189198.519,X_LEG_2,3.17,47.36,1.53,1,1689,1704,SE
1189198.539,X_LEG_2,3.26,47.26,1.53,1,1689,1704,SE
1189198.560,X_LEG_2,3.26,47.26,1.53,1,1689,1704,SE
1189198.580,X_LEG_2,3.26,47.26,1.53,1,1689,1704,SE
1189198.604,X_LEG_2,3.26,47.26,1.53,1,1689,1704,SE
1189198.624,X_LEG_2,3.26,47.26,1.53,1,1689,1704,SE
1189198.646,X_LEG_2,3.36,47.15,1.54,1,1689,1703,SE
1189198.668,X_LEG_2,3.36,47.15,1.54,1,1689,1703,SE
1189198.688,X_LEG_2,3.36,47.15,1.54,1,1689,1703,SE
1189198.709,X_LEG_2,3.36,47.15,1.54,1,1689,1703,SE
1189198.729,X_LEG_2,3.36,47.15,1.54,1,1689,1703,SE
1189198.750,X_LEG_2,3.46,47.05,1.54,1,1688,1703,SE
1189198.778,X_LEG_2,3.46,47.05,1.54,1,1688,1703,SE
1189198.798,X_LEG_2,3.46,47.05,1.54,1,1688,1703,SE
1189198.818,X_LEG_2,3.46,47.05,1.54,1,1688,1703,SE
1189198.839,X_LEG_2,3.46,47.05,1.54,1,1688,1703,SE
1189198.863,X_LEG_2,3.46,47.05,1.54,1,1688,1703,SE
1189198.884,X_LEG_2,3.46,47.05,1.54,1,1688,1703,SE
1189198.904,X_LEG_2,3.46,47.05,1.54,1,1688,1703,SE
1189198.926,X_LEG_2,3.46,47.05,1.54,1,1688,1703,SE
1189198.946,X_LEG_2,3.46,47.05,1.54,1,1688,1703,SE
1189198.966,X_LEG_2,3.56,46.94,1.54,1,1688,1703,SE
1189198.987,X_LEG_2,3.56,46.94,1.54,1,1688,1703,SE
1189199.007,X_LEG_2,3.56,46.94,1.54,1,1688,1703,SE
1189199.028,X_LEG_2,3.56,46.94,1.54,1,1688,1703,SE
1189199.048,X_LEG_2,3.56,46.94,1.54,1,1688,1703,SE
1189199.069,X_LEG_2,3.66,46.83,1.54,1,1687,1703,SE
1189199.090,X_LEG_2,3.66,46.83,1.54,1,1687,1703,SE
1189199.110,X_LEG_2,3.66,46.83,1.54,1,1687,1703,SE
1189199.135,X_LEG_2,3.66,46.83,1.54,1,1687,1703,SE
1189199.157,X_LEG_2,3.66,46.83,1.54,1,1687,1703,SE
1189199.177,X_LEG_2,3.76,46.72,0.55,1,1687,1702,SE
1189199.198,X_LEG_2,3.76,46.72,0.55,1,1687,1702,SE
1189199.219,X_LEG_2,3.76,46.72,0.55,1,1687,1702,SE
1189199.239,X_LEG_2,3.76,46.72,0.55,1,1687,1702,SE
1189199.260,X_LEG_2,3.76,46.72,0.55,1,1687,1702,SE
1189199.280,X_LEG_2,3.87,46.61,0.55,1,1686,1701,SE
1189199.302,X_LEG_2,3.87,46.61,0.55,1,1686,1701,SE
1189199.322,X_LEG_2,3.87,46.61,0.55,1,1686,1701,SE
1189199.342,X_LEG_2,3.87,46.61,0.55,1,1686,1701,SE
1189199.363,X_LEG_2,3.87,46.61,0.55,1,1686,1701,SE
1189199.383,X_LEG_2,3.97,46.50,0.55,1,1686,1701,SE
1189199.407,X_LEG_2,3.97,46.50,0.55,1,1686,1701,SE
1189199.428,X_LEG_2,3.97,46.50,0.55,1,1686,1701,SE
1189199.448,X_LEG_2,3.97,46.50,0.55,1,1686,1701,SE
1189199.472,X_LEG_2,3.97,46.50,0.55,1,1686,1701,SE
1189199.493,X_LEG_2,4.08,46.39,0.56,1,1686,1700,SE
1189199.513,X_LEG_2,4.08,46.39,0.56,1,1686,1700,SE
1189199.535,X_LEG_2,4.08,46.39,0.56,1,1686,1700,SE
1189199.555,X_LEG_2,4.08,46.39,0.56,1,1686,1700,SE
1189199.575,X_LEG_2,4.08,46.39,0.56,1,1686,1700,SE
1189199.598,X_LEG_2,4.19,46.28,0.56,1,1685,1700,SE
1189199.619,X_LEG_2,4.19,46.28,0.56,1,1685,1700,SE
1189199.639,X_LEG_2,4.19,46.28,0.56,1,1685,1700,SE
1189199.660,X_LEG_2,4.19,46.28,0.56,1,1685,1700,SE
1189199.682,X_LEG_2,4.19,46.28,0.56,1,1685,1700,SE
1189199.702,X_LEG_2,4.30,46.16,0.56,1,1685,1700,SE
1189199.724,X_LEG_2,4.30,46.16,0.56,1,1685,1700,SE
1189199.744,X_LEG_2,4.30,46.16,0.56,1,1685,1700,SE
1189199.767,X_LEG_2,4.30,46.16,0.56,1,1685,1700,SE
1189199.790,X_LEG_2,4.30,46.16,0.56,1,1685,1700,SE
1189199.812,X_LEG_2,4.30,46.16,0.56,1,1685,1700,SE
1189199.832,X_LEG_2,4.30,46.16,0.56,1,1685,1700,SE
1189199.853,X_LEG_2,4.30,46.16,0.56,1,1685,1700,SE
1189199.884,X_LEG_2,4.30,46.16,0.56,1,1685,1700,SE
1189199.907,X_LEG_2,4.30,46.16,0.56,1,1685,1700,SE
1189199.927,X_LEG_2,4.46,45.99,0.57,1,1684,1699,SE
1189199.948,X_LEG_2,4.46,45.99,0.57,1,1684,1699,SE
1189199.972,X_LEG_2,4.46,45.99,0.57,1,1684,1699,SE
1189199.989,X_LEG_2,4.46,45.99,0.57,1,1684,1699,SE
1189200.010,X_LEG_2,4.46,45.99,0.57,1,1684,1699,SE
1189200.032,X_LEG_2,4.58,45.86,0.57,1,1683,1699,SE
1189200.052,X_LEG_2,4.58,45.86,0.57,1,1683,1699,SE
1189200.073,X_LEG_2,4.58,45.86,0.57,1,1683,1699,SE
1189200.094,X_LEG_2,4.58,45.86,0.57,1,1683,1699,SE
1189200.115,X_LEG_2,4.58,45.86,0.57,1,1683,1699,SE
1189200.135,X_LEG_2,4.69,45.75,0.58,1,1683,1698,SE
1189200.156,X_LEG_2,4.69,45.75,0.58,1,1683,1698,SE
1189200.176,X_LEG_2,4.69,45.75,0.58,1,1683,1698,SE
1189200.197,X_LEG_2,4.69,45.75,0.58,1,1683,1698,SE
1189200.217,X_LEG_2,4.69,45.75,0.58,1,1683,1698,SE
1189200.240,X_LEG_2,4.81,45.63,0.58,1,1683,1698,SE
1189200.259,X_LEG_2,4.81,45.63,0.58,1,1683,1698,SE
1189200.280,X_LEG_2,4.81,45.63,0.58,1,1683,1698,SE
1189200.302,X_LEG_2,4.81,45.63,0.58,1,1683,1698,SE
1189200.323,X_LEG_2,4.81,45.63,0.58,1,1683,1698,SE
1189200.343,X_LEG_2,4.92,45.51,0.58,1,1682,1698,SE
1189200.364,X_LEG_2,4.92,45.51,0.58,1,1682,1698,SE
1189200.384,X_LEG_2,4.92,45.51,0.58,1,1682,1698,SE
1189200.404,X_LEG_2,4.92,45.51,0.58,1,1682,1698,SE
1189200.425,X_LEG_2,4.92,45.51,0.58,1,1682,1698,SE
1189200.446,X_LEG_2,5.04,45.39,0.59,1,1682,1697,SE
1189200.466,X_LEG_2,5.04,45.39,0.59,1,1682,1697,SE
1189200.488,X_LEG_2,5.04,45.39,0.59,1,1682,1697,SE
1189200.507,X_LEG_2,5.04,45.39,0.59,1,1682,1697,SE
1189200.532,X_LEG_2,5.04,45.39,0.59,1,1682,1697,SE
1189200.554,X_LEG_2,5.04,45.39,0.59,1,1682,1697,SE
1189200.578,X_LEG_2,5.04,45.39,0.59,1,1682,1697,SE
1189200.599,X_LEG_2,5.04,45.39,0.59,1,1682,1697,SE
1189200.621,X_LEG_2,5.04,45.39,0.59,1,1682,1697,SE
1189200.641,X_LEG_2,5.04,45.39,0.59,1,1682,1697,SE
1189200.664,X_LEG_2,5.28,45.15,0.59,1,1681,1697,SE
1189200.685,X_LEG_2,5.28,45.15,0.59,1,1681,1697,SE
1189200.716,X_LEG_2,5.28,45.15,0.59,1,1681,1697,SE
1189200.739,X_LEG_2,5.28,45.15,0.59,1,1681,1697,SE
1189200.760,X_LEG_2,5.28,45.15,0.59,1,1681,1697,SE
1189200.810,X_LEG_2,5.28,45.15,0.59,1,1681,1697,SE
1189200.836,X_LEG_2,5.28,45.15,0.59,1,1681,1697,SE
1189200.865,X_LEG_2,5.28,45.15,0.59,1,1681,1697,SE
1189200.905,X_LEG_2,5.28,45.15,0.59,1,1681,1697,SE
1189200.925,X_LEG_2,5.40,45.02,0.59,1,1680,1696,SE
1189200.946,X_LEG_2,5.40,45.02,0.59,1,1680,1696,SE
1189200.967,X_LEG_2,5.40,45.02,0.59,1,1680,1696,SE
1189200.987,X_LEG_2,5.40,45.02,0.59,1,1680,1696,SE
1189201.008,X_LEG_2,5.40,45.02,0.59,1,1680,1696,SE
1189201.031,X_LEG_2,5.40,45.02,0.59,1,1680,1696,SE
1189201.054,X_LEG_2,5.40,45.02,0.59,1,1680,1696,SE
1189201.098,X_LEG_2,5.40,45.02,0.59,1,1680,1696,SE
1189201.127,X_LEG_2,5.40,45.02,0.59,1,1680,1696,SE
1189201.154,X_LEG_2,5.52,44.90,0.61,1,1680,1695,SE
1189201.187,X_LEG_2,5.52,44.90,0.61,1,1680,1695,SE
1189201.208,X_LEG_2,5.52,44.90,0.61,1,1680,1695,SE
1189201.235,X_LEG_2,5.52,44.90,0.61,1,1680,1695,SE
1189201.255,X_LEG_2,5.64,44.77,0.61,1,1679,1695,SE
1189201.276,X_LEG_2,5.64,44.77,0.61,1,1679,1695,SE
1189201.297,X_LEG_2,5.64,44.77,0.61,1,1679,1695,SE
1189201.320,X_LEG_2,5.64,44.77,0.61,1,1679,1695,SE
1189201.343,X_LEG_2,5.64,44.77,0.61,1,1679,1695,SE
1189201.363,X_LEG_2,5.64,44.77,0.61,1,1679,1695,SE
1189201.389,X_LEG_2,5.64,44.77,0.61,1,1679,1695,SE
1189201.409,X_LEG_2,5.64,44.77,0.61,1,1679,1695,SE
1189201.429,X_LEG_2,5.64,44.77,0.61,1,1679,1695,SE
1189201.450,X_LEG_2,5.64,44.77,0.61,1,1679,1695,SE
1189201.470,X_LEG_2,5.81,44.58,0.61,1,1678,1694,SE
1189201.490,X_LEG_2,5.81,44.58,0.61,1,1678,1694,SE
1189201.512,X_LEG_2,5.81,44.58,0.61,1,1678,1694,SE
1189201.533,X_LEG_2,5.81,44.58,0.61,1,1678,1694,SE
1189201.556,X_LEG_2,5.81,44.58,0.61,1,1678,1694,SE
1189201.576,X_LEG_2,5.81,44.58,0.61,1,1678,1694,SE
1189201.601,X_LEG_2,5.81,44.58,0.61,1,1678,1694,SE
1189201.621,X_LEG_2,5.81,44.58,0.61,1,1678,1694,SE
1189201.640,X_LEG_2,5.81,44.58,0.61,1,1678,1694,SE
1189201.661,X_LEG_2,5.81,44.58,0.61,1,1678,1694,SE
1189201.685,X_LEG_2,5.90,44.46,0.61,1,1678,1694,SE
1189201.706,X_LEG_2,5.90,44.46,0.61,1,1678,1694,SE
1189201.726,X_LEG_2,5.90,44.46,0.61,1,1678,1694,SE
1189201.750,X_LEG_2,5.90,44.46,0.61,1,1678,1694,SE
1189201.769,X_LEG_2,5.90,44.46,0.61,1,1678,1694,SE
1189201.791,X_LEG_2,5.99,44.34,0.61,1,1677,1694,SE
1189201.811,X_LEG_2,5.99,44.34,0.61,1,1677,1694,SE
1189201.835,X_LEG_2,5.99,44.34,0.61,1,1677,1694,SE
1189201.855,X_LEG_2,5.99,44.34,0.61,1,1677,1694,SE
1189201.876,X_LEG_2,5.99,44.34,0.61,1,1677,1694,SE
1189203.815,X_LEG_2,6.32,42.23,0.67,1,1669,1692,SE
1189203.835,X_LEG_2,6.32,42.23,0.67,1,1669,1692,SE
1189203.856,X_LEG_2,6.32,42.23,0.67,1,1669,1692,SE
1189203.876,X_LEG_2,6.32,42.23,0.67,1,1669,1692,SE
1189203.896,X_LEG_2,6.31,42.13,0.68,1,1669,1692,SE
1189203.917,X_LEG_2,6.31,42.13,0.68,1,1669,1692,SE
1189203.941,X_LEG_2,6.31,42.13,0.68,1,1669,1692,SE
1189203.961,X_LEG_2,6.31,42.13,0.68,1,1669,1692,SE
1189203.981,X_LEG_2,6.31,42.13,0.68,1,1669,1692,SE
1189204.005,X_LEG_2,6.31,42.02,0.69,1,1668,1692,SE
1189204.024,X_LEG_2,6.31,42.02,0.69,1,1668,1692,SE
1189204.046,X_LEG_2,6.31,42.02,0.69,1,1668,1692,SE
1189204.067,X_LEG_2,6.31,42.02,0.69,1,1668,1692,SE
1189204.087,X_LEG_2,6.31,42.02,0.69,1,1668,1692,SE
1189204.108,X_LEG_2,6.31,42.02,0.69,1,1668,1692,SE
1189204.129,X_LEG_2,6.31,42.02,0.69,1,1668,1692,SE
1189204.150,X_LEG_2,6.31,42.02,0.69,1,1668,1692,SE
1189204.171,X_LEG_2,6.31,42.02,0.69,1,1668,1692,SE
1189204.192,X_LEG_2,6.31,42.02,0.69,1,1668,1692,SE
1189204.212,X_LEG_2,6.30,41.92,0.69,1,1668,1692,SE
1189204.236,X_LEG_2,6.30,41.92,0.69,1,1668,1692,SE
1189204.257,X_LEG_2,6.30,41.92,0.69,1,1668,1692,SE
1189204.280,X_LEG_2,6.30,41.92,0.69,1,1668,1692,SE
1189204.301,X_LEG_2,6.30,41.92,0.69,1,1668,1692,SE
1189204.321,X_LEG_2,6.30,41.82,0.69,1,1667,1692,SE
1189204.347,X_LEG_2,6.30,41.82,0.69,1,1667,1692,SE
1189204.367,X_LEG_2,6.30,41.82,0.69,1,1667,1692,SE
1189204.390,X_LEG_2,6.30,41.82,0.69,1,1667,1692,SE
1189204.411,X_LEG_2,6.30,41.82,0.69,1,1667,1692,SE
1189204.431,X_LEG_2,6.30,41.82,0.69,1,1667,1692,SE
1189204.453,X_LEG_2,6.30,41.82,0.69,1,1667,1692,SE
1189204.474,X_LEG_2,6.30,41.82,0.69,1,1667,1692,SE
1189204.494,X_LEG_2,6.30,41.82,0.69,1,1667,1692,SE
1189204.515,X_LEG_2,6.30,41.82,0.69,1,1667,1692,SE
1189204.535,X_LEG_2,6.30,41.72,0.70,1,1667,1692,SE
1189204.559,X_LEG_2,6.30,41.72,0.70,1,1667,1692,SE
1189204.576,X_LEG_2,6.30,41.72,0.70,1,1667,1692,SE
1189204.596,X_LEG_2,6.30,41.72,0.70,1,1667,1692,SE
1189204.617,X_LEG_2,6.30,41.72,0.70,1,1667,1692,SE
1189204.637,X_LEG_2,6.30,41.72,0.70,1,1667,1692,SE
1189204.658,X_LEG_2,6.30,41.72,0.70,1,1667,1692,SE
1189204.679,X_LEG_2,6.30,41.72,0.70,1,1667,1692,SE
1189204.700,X_LEG_2,6.30,41.72,0.70,1,1667,1692,SE
1189204.720,X_LEG_2,6.30,41.72,0.70,1,1667,1692,SE
1189204.741,X_LEG_2,6.30,41.61,0.70,1,1666,1691,SE
1189204.769,X_LEG_2,6.30,41.61,0.70,1,1666,1691,SE
1189204.790,X_LEG_2,6.30,41.61,0.70,1,1666,1691,SE
1189204.811,X_LEG_2,6.30,41.61,0.70,1,1666,1691,SE
1189204.831,X_LEG_2,6.30,41.61,0.70,1,1666,1691,SE
1189204.854,X_LEG_2,6.30,41.51,0.70,1,1666,1691,SE
1189204.874,X_LEG_2,6.30,41.51,0.70,1,1666,1691,SE
1189204.896,X_LEG_2,6.30,41.51,0.70,1,1666,1691,SE
1189204.918,X_LEG_2,6.30,41.51,0.70,1,1666,1691,SE
1189204.939,X_LEG_2,6.30,41.51,0.70,1,1666,1691,SE
1189204.961,X_LEG_2,6.30,41.41,0.71,1,1666,1691,SE
1189204.982,X_LEG_2,6.30,41.41,0.71,1,1666,1691,SE
1189205.003,X_LEG_2,6.30,41.41,0.71,1,1666,1691,SE
1189205.023,X_LEG_2,6.30,41.41,0.71,1,1666,1691,SE
1189205.046,X_LEG_2,6.30,41.41,0.71,1,1666,1691,SE
1189205.066,X_LEG_2,6.30,41.31,0.71,1,1665,1691,SE
1189205.087,X_LEG_2,6.30,41.31,0.71,1,1665,1691,SE
1189205.109,X_LEG_2,6.30,41.31,0.71,1,1665,1691,SE
1189205.129,X_LEG_2,6.30,41.31,0.71,1,1665,1691,SE
1189205.153,X_LEG_2,6.30,41.31,0.71,1,1665,1691,SE
1189205.174,X_LEG_2,6.31,41.21,0.71,1,1665,1691,SE
1189205.194,X_LEG_2,6.31,41.21,0.71,1,1665,1691,SE
1189205.214,X_LEG_2,6.31,41.21,0.71,1,1665,1691,SE
1189205.235,X_LEG_2,6.31,41.21,0.71,1,1665,1691,SE
1189205.255,X_LEG_2,6.31,41.21,0.71,1,1665,1691,SE
1189205.281,X_LEG_2,6.31,41.10,0.71,1,1664,1691,SE
1189205.300,X_LEG_2,6.31,41.10,0.71,1,1664,1691,SE
1189205.322,X_LEG_2,6.31,41.10,0.71,1,1664,1691,SE
1189205.342,X_LEG_2,6.31,41.10,0.71,1,1664,1691,SE
1189205.364,X_LEG_2,6.31,41.10,0.71,1,1664,1691,SE
1189205.390,X_LEG_2,6.31,41.00,0.72,1,1664,1691,SE
1189205.410,X_LEG_2,6.31,41.00,0.72,1,1664,1691,SE
1189205.431,X_LEG_2,6.31,41.00,0.72,1,1664,1691,SE
1189205.452,X_LEG_2,6.31,41.00,0.72,1,1664,1691,SE
1189205.472,X_LEG_2,6.31,41.00,0.72,1,1664,1691,SE
1189205.493,X_LEG_2,6.32,40.90,0.72,1,1664,1691,SE
1189205.514,X_LEG_2,6.32,40.90,0.72,1,1664,1691,SE
1189205.535,X_LEG_2,6.32,40.90,0.72,1,1664,1691,SE
1189205.556,X_LEG_2,6.32,40.90,0.72,1,1664,1691,SE
1189205.576,X_LEG_2,6.32,40.90,0.72,1,1664,1691,SE
1189205.597,X_LEG_2,6.33,40.79,0.72,1,1663,1691,SE
1189205.617,X_LEG_2,6.33,40.79,0.72,1,1663,1691,SE
1189205.638,X_LEG_2,6.33,40.79,0.72,1,1663,1691,SE
1189205.659,X_LEG_2,6.33,40.79,0.72,1,1663,1691,SE
1189205.680,X_LEG_2,6.33,40.79,0.72,1,1663,1691,SE
1189205.701,X_LEG_2,6.34,40.69,0.73,1,1663,1690,SE
1189205.722,X_LEG_2,6.34,40.69,0.73,1,1663,1690,SE
1189205.743,X_LEG_2,6.34,40.69,0.73,1,1663,1690,SE
1189205.763,X_LEG_2,6.34,40.69,0.73,1,1663,1690,SE
1189205.784,X_LEG_2,6.34,40.69,0.73,1,1663,1690,SE
1189205.806,X_LEG_2,6.34,40.69,0.73,1,1663,1690,SE
1189205.826,X_LEG_2,6.34,40.69,0.73,1,1663,1690,SE
1189205.847,X_LEG_2,6.34,40.69,0.73,1,1663,1690,SE
1189205.868,X_LEG_2,6.34,40.69,0.73,1,1663,1690,SE
1189205.889,X_LEG_2,6.34,40.69,0.73,1,1663,1690,SE
1189205.909,X_LEG_2,6.35,40.53,0.73,1,1662,1690,SE
1189205.930,X_LEG_2,6.35,40.53,0.73,1,1662,1690,SE
1189205.950,X_LEG_2,6.35,40.53,0.73,1,1662,1690,SE
1189205.972,X_LEG_2,6.35,40.53,0.73,1,1662,1690,SE
1189205.994,X_LEG_2,6.35,40.53,0.73,1,1662,1690,SE
1189206.014,X_LEG_2,6.37,40.37,0.74,1,1661,1690,SE
1189206.035,X_LEG_2,6.37,40.37,0.74,1,1661,1690,SE
1189206.055,X_LEG_2,6.37,40.37,0.74,1,1661,1690,SE
1189206.076,X_LEG_2,6.37,40.37,0.74,1,1661,1690,SE
1189206.096,X_LEG_2,6.37,40.37,0.74,1,1661,1690,SE
1189206.117,X_LEG_2,6.39,40.21,0.74,1,1661,1690,SE
1189206.138,X_LEG_2,6.39,40.21,0.74,1,1661,1690,SE
1189206.159,X_LEG_2,6.39,40.21,0.74,1,1661,1690,SE
1189206.180,X_LEG_2,6.39,40.21,0.74,1,1661,1690,SE
1189206.200,X_LEG_2,6.39,40.21,0.74,1,1661,1690,SE
1189206.221,X_LEG_2,6.40,40.11,0.75,1,1660,1690,SE
1189206.241,X_LEG_2,6.40,40.11,0.75,1,1660,1690,SE
1189206.262,X_LEG_2,6.40,40.11,0.75,1,1660,1690,SE
1189206.282,X_LEG_2,6.40,40.11,0.75,1,1660,1690,SE
1189206.303,X_LEG_2,6.40,40.11,0.75,1,1660,1690,SE
1189206.323,X_LEG_2,6.40,40.11,0.75,1,1660,1690,SE
1189206.344,X_LEG_2,6.40,40.11,0.75,1,1660,1690,SE
1189206.366,X_LEG_2,6.40,40.11,0.75,1,1660,1690,SE
1189206.387,X_LEG_2,6.40,40.11,0.75,1,1660,1690,SE
1189206.407,X_LEG_2,6.40,40.11,0.75,1,1660,1690,SE
1189206.428,X_LEG_2,6.41,40.01,0.76,1,1660,1690,SE
1189206.449,X_LEG_2,6.41,40.01,0.76,1,1660,1690,SE
1189206.469,X_LEG_2,6.41,40.01,0.76,1,1660,1690,SE
1189206.490,X_LEG_2,6.41,40.01,0.76,1,1660,1690,SE
1189206.510,X_LEG_2,6.41,40.01,0.76,1,1660,1690,SE
1189206.533,X_LEG_2,6.44,39.85,0.76,1,1659,1689,SE
1189206.553,X_LEG_2,6.44,39.85,0.76,1,1659,1689,SE
1189206.574,X_LEG_2,6.44,39.85,0.76,1,1659,1689,SE
1189206.594,X_LEG_2,6.44,39.85,0.76,1,1659,1689,SE
1189206.615,X_LEG_2,6.44,39.85,0.76,1,1659,1689,SE
1189206.635,X_LEG_2,6.45,39.74,0.75,1,1659,1689,SE
1189206.656,X_LEG_2,6.45,39.74,0.75,1,1659,1689,SE
1189206.677,X_LEG_2,6.45,39.74,0.75,1,1659,1689,SE
1189206.697,X_LEG_2,6.45,39.74,0.75,1,1659,1689,SE
1189206.717,X_LEG_2,6.45,39.74,0.75,1,1659,1689,SE
1189206.738,X_LEG_2,6.47,39.63,0.76,1,1659,1689,SE
1189206.759,X_LEG_2,6.47,39.63,0.76,1,1659,1689,SE
1189206.780,X_LEG_2,6.47,39.63,0.76,1,1659,1689,SE
1189206.800,X_LEG_2,6.47,39.63,0.76,1,1659,1689,SE
1189206.821,X_LEG_2,6.47,39.63,0.76,1,1659,1689,SE
1189206.841,X_LEG_2,6.47,39.63,0.76,1,1659,1689,SE
1189206.862,X_LEG_2,6.47,39.63,0.76,1,1659,1689,SE
1189206.883,X_LEG_2,6.47,39.63,0.76,1,1659,1689,SE
1189206.903,X_LEG_2,6.47,39.63,0.76,1,1659,1689,SE
1189206.924,X_LEG_2,6.47,39.63,0.76,1,1659,1689,SE
1189206.945,X_LEG_2,6.50,39.46,0.76,1,1658,1689,SE
1189206.966,X_LEG_2,6.50,39.46,0.76,1,1658,1689,SE
1189206.986,X_LEG_2,6.50,39.46,0.76,1,1658,1689,SE
1189207.006,X_LEG_2,6.50,39.46,0.76,1,1658,1689,SE
1189207.026,X_LEG_2,6.50,39.46,0.76,1,1658,1689,SE
1189207.047,X_LEG_2,6.52,39.36,0.77,1,1657,1689,SE
1189207.068,X_LEG_2,6.52,39.36,0.77,1,1657,1689,SE
1189207.088,X_LEG_2,6.52,39.36,0.77,1,1657,1689,SE
1189207.109,X_LEG_2,6.52,39.36,0.77,1,1657,1689,SE
1189207.129,X_LEG_2,6.52,39.36,0.77,1,1657,1689,SE
1189207.151,X_LEG_2,6.55,39.19,0.78,1,1657,1689,SE
1189207.171,X_LEG_2,6.55,39.19,0.78,1,1657,1689,SE
1189207.191,X_LEG_2,6.55,39.19,0.78,1,1657,1689,SE
1189207.212,X_LEG_2,6.55,39.19,0.78,1,1657,1689,SE
1189207.233,X_LEG_2,6.55,39.19,0.78,1,1657,1689,SE
1189207.254,X_LEG_2,6.59,39.03,0.78,1,1656,1689,SE
1189207.274,X_LEG_2,6.59,39.03,0.78,1,1656,1689,SE
1189207.296,X_LEG_2,6.59,39.03,0.78,1,1656,1689,SE
1189207.316,X_LEG_2,6.59,39.03,0.78,1,1656,1689,SE
1189207.337,X_LEG_2,6.59,39.03,0.78,1,1656,1689,SE
1189207.358,X_LEG_2,6.61,38.92,0.79,1,1656,1689,SE
1189207.378,X_LEG_2,6.61,38.92,0.79,1,1656,1689,SE
1189207.399,X_LEG_2,6.61,38.92,0.79,1,1656,1689,SE
1189207.420,X_LEG_2,6.61,38.92,0.79,1,1656,1689,SE
1189207.440,X_LEG_2,6.61,38.92,0.79,1,1656,1689,SE
1189207.460,X_LEG_2,6.61,38.92,0.79,1,1656,1689,SE
1189207.481,X_LEG_2,6.61,38.92,0.79,1,1656,1689,SE
1189207.501,X_LEG_2,6.61,38.92,0.79,1,1656,1689,SE
1189207.522,X_LEG_2,6.61,38.92,0.79,1,1656,1689,SE
1189207.544,X_LEG_2,6.61,38.92,0.79,1,1656,1689,SE
1189207.565,X_LEG_2,6.65,38.75,0.79,1,1655,1689,SE
1189207.585,X_LEG_2,6.65,38.75,0.79,1,1655,1689,SE
1189207.606,X_LEG_2,6.65,38.75,0.79,1,1655,1689,SE
1189207.626,X_LEG_2,6.65,38.75,0.79,1,1655,1689,SE
1189207.646,X_LEG_2,6.65,38.75,0.79,1,1655,1689,SE
1189207.668,X_LEG_2,6.69,38.59,0.79,1,1654,1688,SE
1189207.688,X_LEG_2,6.69,38.59,0.79,1,1654,1688,SE
1189207.708,X_LEG_2,6.69,38.59,0.79,1,1654,1688,SE
1189207.731,X_LEG_2,6.69,38.59,0.79,1,1654,1688,SE
1189207.751,X_LEG_2,6.69,38.59,0.79,1,1654,1688,SE
1189207.772,X_LEG_2,6.73,38.42,0.79,1,1654,1688,SE
1189207.792,X_LEG_2,6.73,38.42,0.79,1,1654,1688,SE
1189207.812,X_LEG_2,6.73,38.42,0.79,1,1654,1688,SE
1189207.833,X_LEG_2,6.73,38.42,0.79,1,1654,1688,SE
1189207.854,X_LEG_2,6.73,38.42,0.79,1,1654,1688,SE
1189207.874,X_LEG_2,6.73,38.42,0.79,1,1654,1688,SE
1189207.895,X_LEG_2,6.73,38.42,0.79,1,1654,1688,SE
1189207.917,X_LEG_2,6.73,38.42,0.79,1,1654,1688,SE
1189207.937,X_LEG_2,6.73,38.42,0.79,1,1654,1688,SE
1189207.957,X_LEG_2,6.73,38.42,0.79,1,1654,1688,SE
1189207.980,X_LEG_2,6.77,38.24,0.80,1,1653,1687,SE
1189208.000,X_LEG_2,6.77,38.24,0.80,1,1653,1687,SE
1189208.020,X_LEG_2,6.77,38.24,0.80,1,1653,1687,SE
1189208.041,X_LEG_2,6.77,38.24,0.80,1,1653,1687,SE
1189208.062,X_LEG_2,6.77,38.24,0.80,1,1653,1687,SE
1189208.082,X_LEG_2,6.80,38.10,0.81,1,1652,1687,SE
1189208.103,X_LEG_2,6.80,38.10,0.81,1,1652,1687,SE
1189208.123,X_LEG_2,6.80,38.10,0.81,1,1652,1687,SE
1189208.144,X_LEG_2,6.80,38.10,0.81,1,1652,1687,SE
1189208.164,X_LEG_2,6.80,38.10,0.81,1,1652,1687,SE
1189208.185,X_LEG_2,6.80,38.10,0.81,1,1652,1687,SE
1189208.205,X_LEG_2,6.80,38.10,0.81,1,1652,1687,SE
1189208.226,X_LEG_2,6.80,38.10,0.81,1,1652,1687,SE
1189208.246,X_LEG_2,6.80,38.10,0.81,1,1652,1687,SE
1189208.267,X_LEG_2,6.80,38.10,0.81,1,1652,1687,SE
1189208.287,X_LEG_2,6.77,38.07,0.87,1,1652,1687,SE
1189208.308,X_LEG_2,6.77,38.07,0.87,1,1652,1687,SE
1189208.328,X_LEG_2,6.77,38.07,0.87,1,1652,1687,SE
1189208.348,X_LEG_2,6.77,38.07,0.87,1,1652,1687,SE
1189208.369,X_LEG_2,6.77,38.07,0.87,1,1652,1687,SE
1189208.389,X_LEG_2,6.73,38.03,0.96,1,1652,1687,SE
1189208.410,X_LEG_2,6.73,38.03,0.96,1,1652,1687,SE
1189208.430,X_LEG_2,6.73,38.03,0.96,1,1652,1687,SE
1189208.450,X_LEG_2,6.73,38.03,0.96,1,1652,1687,SE
1189208.471,X_LEG_2,6.73,38.03,0.96,1,1652,1687,SE
1189208.492,X_LEG_2,6.70,37.99,1.05,1,1652,1687,SE
1189208.512,X_LEG_2,6.70,37.99,1.05,1,1652,1687,SE
1189208.533,X_LEG_2,6.70,37.99,1.05,1,1652,1687,SE
1189208.553,X_LEG_2,6.70,37.99,1.05,1,1652,1687,SE
1189208.574,X_LEG_2,6.70,37.99,1.05,1,1652,1687,SE
1189208.594,X_LEG_2,6.70,37.99,2.05,1,1652,1687,SE
1189208.616,X_LEG_2,6.70,37.99,2.05,1,1652,1687,SE
1189208.636,X_LEG_2,6.70,37.99,2.05,1,1652,1687,SE
1189208.656,X_LEG_2,6.70,37.99,2.05,1,1652,1687,SE
1189208.677,X_LEG_2,6.70,37.99,2.05,1,1652,1687,SE
1189208.697,X_LEG_2,6.66,37.98,2.21,1,1652,1688,SE
1189208.717,X_LEG_2,6.66,37.98,2.21,1,1652,1688,SE
1189208.738,X_LEG_2,6.66,37.98,2.21,1,1652,1688,SE
1189208.759,X_LEG_2,6.66,37.98,2.21,1,1652,1688,SE
1189208.779,X_LEG_2,6.66,37.98,2.21,1,1652,1688,SE
1189208.800,X_LEG_2,6.66,37.98,2.21,1,1652,1688,SE
1189208.820,X_LEG_2,6.66,37.98,2.21,1,1652,1688,SE
1189208.841,X_LEG_2,6.66,37.98,2.21,1,1652,1688,SE
1189208.861,X_LEG_2,6.66,37.98,2.21,1,1652,1688,SE
1189208.882,X_LEG_2,6.66,37.98,2.21,1,1652,1688,SE
1189208.902,X_LEG_2,6.65,37.98,2.24,1,1652,1688,SE
1189208.923,X_LEG_2,6.65,37.98,2.24,1,1652,1688,SE
1189208.943,X_LEG_2,6.65,37.98,2.24,1,1652,1688,SE
1189208.964,X_LEG_2,6.65,37.98,2.24,1,1652,1688,SE
1189208.985,X_LEG_2,6.65,37.98,2.24,1,1652,1688,SE
1189209.006,X_LEG_2,6.64,37.98,2.28,1,1652,1688,SE
1189209.026,X_LEG_2,6.64,37.98,2.28,1,1652,1688,SE
1189209.047,X_LEG_2,6.64,37.98,2.28,1,1652,1688,SE
1189209.068,X_LEG_2,6.64,37.98,2.28,1,1652,1688,SE
1189209.088,X_LEG_2,6.64,37.98,2.28,1,1652,1688,SE
1189209.109,X_LEG_2,6.63,37.99,-62.68,0,1500,1666,SE
1189209.129,X_LEG_2,6.63,37.99,-62.68,0,1500,1666,SE
1189209.150,X_LEG_2,6.63,37.99,-62.68,0,1500,1666,SE
1189209.170,X_LEG_2,6.63,37.99,-62.68,0,1500,1666,SE
1189209.191,X_LEG_2,6.63,37.99,-62.68,0,1500,1666,SE
1189209.211,X_LEG_2,6.63,37.98,-62.64,0,1500,1666,SE
1189209.231,X_LEG_2,6.63,37.98,-62.64,0,1500,1666,SE
1189209.252,X_LEG_2,6.63,37.98,-62.64,0,1500,1666,SE
1189209.272,X_LEG_2,6.63,37.98,-62.64,0,1500,1666,SE
1189209.293,X_LEG_2,6.63,37.98,-62.64,0,1500,1666,SE
1189209.314,X_LEG_2,6.63,37.98,-62.64,0,1500,1666,SE
1189209.335,X_LEG_2,6.63,37.98,-62.64,0,1500,1666,SE
1189209.355,X_LEG_2,6.63,37.98,-62.64,0,1500,1666,SE
1189209.376,X_LEG_2,6.63,37.98,-62.64,0,1500,1666,SE
1189209.396,X_LEG_2,6.63,37.98,-62.64,0,1500,1666,SE
1189209.417,X_LEG_2,6.62,37.97,-62.57,0,1500,1666,SE
1189209.438,X_LEG_2,6.62,37.97,-62.57,0,1500,1666,SE
1189209.458,X_LEG_2,6.62,37.97,-62.57,0,1500,1666,SE
1189209.479,X_LEG_2,6.62,37.97,-62.57,0,1500,1666,SE
1189209.504,X_LEG_2,6.62,37.97,-62.57,0,1500,1666,SE
1189209.524,X_LEG_2,6.62,37.95,-62.50,0,1500,1666,SE
1189209.546,X_LEG_2,6.62,37.95,-62.50,0,1500,1666,SE
1189209.565,X_LEG_2,6.62,37.95,-62.50,0,1500,1666,SE
1189209.587,X_LEG_2,6.62,37.95,-62.50,0,1500,1666,SE
1189209.610,X_LEG_2,6.62,37.95,-62.50,0,1500,1666,SE
1189209.632,X_LEG_2,6.63,37.94,-62.44,0,1500,1666,SE
1189209.652,X_LEG_2,6.63,37.94,-62.44,0,1500,1666,SE
1189209.675,X_LEG_2,6.63,37.94,-62.44,0,1500,1666,SE
1189209.695,X_LEG_2,6.63,37.94,-62.44,0,1500,1666,SE
1189209.717,X_LEG_2,6.63,37.94,-62.44,0,1500,1666,SE
1189209.737,X_LEG_2,6.63,37.94,-62.39,0,1500,1666,SE
1189209.757,X_LEG_2,6.63,37.94,-62.39,0,1500,1666,SE
1189209.777,X_LEG_2,6.63,37.94,-62.39,0,1500,1666,SE
1189209.799,X_LEG_2,6.63,37.94,-62.39,0,1500,1666,SE
1189209.819,X_LEG_2,6.63,37.94,-62.39,0,1500,1666,SE
1189209.840,X_LEG_2,6.63,37.94,-46.39,0,1500,1666,SE
1189209.860,X_LEG_2,6.63,37.94,-46.39,0,1500,1666,SE
1189209.881,X_LEG_2,6.63,37.94,-46.39,0,1500,1666,SE
1189209.901,X_LEG_2,6.63,37.94,-46.39,0,1500,1666,SE
1189209.923,X_LEG_2,6.63,37.94,-46.39,0,1500,1666,SE
1189209.943,X_LEG_2,6.64,37.92,-46.33,0,1500,1666,SE
1189209.965,X_LEG_2,6.64,37.92,-46.33,0,1500,1666,SE
1189209.984,X_LEG_2,6.64,37.92,-46.33,0,1500,1666,SE
1189210.006,X_LEG_2,6.64,37.92,-46.33,0,1500,1666,SE
1189210.026,X_LEG_2,6.64,37.92,-46.33,0,1500,1666,SE
1189210.047,X_LEG_2,6.64,37.91,-46.27,0,1500,1666,SE
1189210.068,X_LEG_2,6.64,37.91,-46.27,0,1500,1666,SE
1189210.088,X_LEG_2,6.64,37.91,-46.27,0,1500,1666,SE
1189210.108,X_LEG_2,6.64,37.91,-46.27,0,1500,1666,SE
1189210.129,X_LEG_2,6.64,37.91,-46.27,0,1500,1666,SE
1189210.150,X_LEG_2,6.65,37.89,-46.17,0,1500,1666,SE
1189210.171,X_LEG_2,6.65,37.89,-46.17,0,1500,1666,SE
1189210.191,X_LEG_2,6.65,37.89,-46.17,0,1500,1666,SE
1189210.211,X_LEG_2,6.65,37.89,-46.17,0,1500,1666,SE
1189210.234,X_LEG_2,6.65,37.89,-46.17,0,1500,1666,SE
1189210.254,X_LEG_2,6.65,37.89,-46.17,0,1500,1666,SE
1189210.274,X_LEG_2,6.65,37.89,-46.17,0,1500,1666,SE
1189210.295,X_LEG_2,6.65,37.89,-46.17,0,1500,1666,SE
1189210.316,X_LEG_2,6.65,37.89,-46.17,0,1500,1666,SE
1189210.336,X_LEG_2,6.65,37.89,-46.17,0,1500,1666,SE
1189210.357,X_LEG_2,6.67,37.88,-46.09,0,1500,1665,SE
1189210.378,X_LEG_2,6.67,37.88,-46.09,0,1500,1665,SE
1189210.398,X_LEG_2,6.67,37.88,-46.09,0,1500,1665,SE
1189210.418,X_LEG_2,6.67,37.88,-46.09,0,1500,1665,SE
1189210.440,X_LEG_2,6.67,37.88,-46.09,0,1500,1665,SE
1189210.463,X_LEG_2,6.69,37.86,-45.99,0,1500,1665,SE
1189210.485,X_LEG_2,6.69,37.86,-45.99,0,1500,1665,SE
1189210.505,X_LEG_2,6.69,37.86,-45.99,0,1500,1665,SE
1189210.527,X_LEG_2,6.69,37.86,-45.99,0,1500,1665,SE
1189210.547,X_LEG_2,6.69,37.86,-45.99,0,1500,1665,SE
1189210.568,X_LEG_2,6.70,37.84,-19.92,1,1651,1687,SE
1189210.589,X_LEG_2,6.70,37.84,-19.92,1,1651,1687,SE
1189210.612,X_LEG_2,6.70,37.84,-19.92,1,1651,1687,SE
1189210.649,X_LEG_2,6.70,37.84,-19.92,1,1651,1687,SE
1189210.673,X_LEG_2,6.70,37.84,-19.92,1,1651,1687,SE
1189210.693,X_LEG_2,6.71,37.83,-19.86,1,1651,1687,SE
1189210.714,X_LEG_2,6.71,37.83,-19.86,1,1651,1687,SE
1189210.736,X_LEG_2,6.71,37.83,-19.86,1,1651,1687,SE
1189210.756,X_LEG_2,6.71,37.83,-19.86,1,1651,1687,SE
1189210.776,X_LEG_2,6.71,37.83,-19.86,1,1651,1687,SE
1189210.799,X_LEG_2,6.73,37.81,-19.80,1,1651,1687,SE
1189210.820,X_LEG_2,6.73,37.81,-19.80,1,1651,1687,SE
1189210.846,X_LEG_2,6.73,37.81,-19.80,1,1651,1687,SE
1189210.866,X_LEG_2,6.73,37.81,-19.80,1,1651,1687,SE
1189210.887,X_LEG_2,6.73,37.81,-19.80,1,1651,1687,SE
1189210.907,X_LEG_2,6.73,37.81,-19.80,1,1651,1687,SE
1189210.929,X_LEG_2,6.73,37.81,-19.80,1,1651,1687,SE
1189210.954,X_LEG_2,6.73,37.81,-19.80,1,1651,1687,SE
1189210.991,X_LEG_2,6.73,37.81,-19.80,1,1651,1687,SE
1189211.021,X_LEG_2,6.73,37.81,-19.80,1,1651,1687,SE
1189211.046,X_LEG_2,6.74,37.79,-19.74,1,1651,1687,SE
1189211.095,X_LEG_2,6.74,37.79,-19.74,1,1651,1687,SE
1189211.116,X_LEG_2,6.74,37.79,-19.74,1,1651,1687,SE
1189211.141,X_LEG_2,6.74,37.79,-19.74,1,1651,1687,SE
1189211.162,X_LEG_2,6.74,37.79,-19.74,1,1651,1687,SE
1189211.191,X_LEG_2,6.74,37.79,-19.74,1,1651,1687,SE
1189211.220,X_LEG_2,6.74,37.79,-19.74,1,1651,1687,SE
1189211.241,X_LEG_2,6.74,37.79,-19.74,1,1651,1687,SE
1189211.267,X_LEG_2,6.76,37.79,-19.67,1,1651,1687,SE
1189211.289,X_LEG_2,6.76,37.79,-19.67,1,1651,1687,SE
1189211.310,X_LEG_2,6.76,37.79,-19.67,1,1651,1687,SE
1189211.335,X_LEG_2,6.76,37.79,-19.67,1,1651,1687,SE
1189211.358,X_LEG_2,6.76,37.79,-19.67,1,1651,1687,SE
1189211.382,X_LEG_2,6.77,37.78,-19.64,1,1651,1687,SE
1189211.408,X_LEG_2,6.77,37.78,-19.64,1,1651,1687,SE
1189211.429,X_LEG_2,6.77,37.78,-19.64,1,1651,1687,SE
1189211.449,X_LEG_2,6.77,37.78,-19.64,1,1651,1687,SE
1189211.470,X_LEG_2,6.77,37.78,-19.64,1,1651,1687,SE
1189211.493,X_LEG_2,6.79,37.77,-19.58,1,1651,1687,SE
1189211.514,X_LEG_2,6.79,37.77,-19.58,1,1651,1687,SE
1189211.536,X_LEG_2,6.79,37.77,-19.58,1,1651,1687,SE
1189211.556,X_LEG_2,6.79,37.77,-19.58,1,1651,1687,SE
1189211.577,X_LEG_2,6.79,37.77,-19.58,1,1651,1687,SE
1189211.597,X_LEG_2,6.81,37.75,-19.51,1,1651,1687,SE
1189211.621,X_LEG_2,6.81,37.75,-19.51,1,1651,1687,SE
1189211.641,X_LEG_2,6.81,37.75,-19.51,1,1651,1687,SE
1189211.665,X_LEG_2,6.81,37.75,-19.51,1,1651,1687,SE
1189211.687,X_LEG_2,6.81,37.75,-19.51,1,1651,1687,SE
1189211.708,X_LEG_2,6.83,37.73,-8.45,1,1651,1687,SE
1189211.729,X_LEG_2,6.83,37.73,-8.45,1,1651,1687,SE
1189211.750,X_LEG_2,6.83,37.73,-8.45,1,1651,1687,SE
1189211.772,X_LEG_2,6.83,37.73,-8.45,1,1651,1687,SE
1189211.793,X_LEG_2,6.83,37.73,-8.45,1,1651,1687,SE
1189211.813,X_LEG_2,6.83,37.73,-8.45,1,1651,1687,SE
1189211.838,X_LEG_2,6.83,37.73,-8.45,1,1651,1687,SE
1189211.859,X_LEG_2,6.83,37.73,-8.45,1,1651,1687,SE
1189211.879,X_LEG_2,6.83,37.73,-8.45,1,1651,1687,SE
1189211.899,X_LEG_2,6.83,37.73,-8.45,1,1651,1687,SE
1189211.921,X_LEG_2,6.85,37.72,-8.38,1,1651,1687,SE
1189211.941,X_LEG_2,6.85,37.72,-8.38,1,1651,1687,SE
1189211.962,X_LEG_2,6.85,37.72,-8.38,1,1651,1687,SE
1189211.983,X_LEG_2,6.85,37.72,-8.38,1,1651,1687,SE
1189212.011,X_LEG_2,6.85,37.72,-8.38,1,1651,1687,SE
1189212.033,X_LEG_2,6.87,37.70,-8.32,1,1651,1687,SE
1189212.053,X_LEG_2,6.87,37.70,-8.32,1,1651,1687,SE
1189212.074,X_LEG_2,6.87,37.70,-8.32,1,1651,1687,SE
1189212.095,X_LEG_2,6.87,37.70,-8.32,1,1651,1687,SE
1189212.119,X_LEG_2,6.87,37.70,-8.32,1,1651,1687,SE
1189212.139,X_LEG_2,6.90,37.69,-8.26,1,1651,1687,SE
1189212.159,X_LEG_2,6.90,37.69,-8.26,1,1651,1687,SE
1189212.180,X_LEG_2,6.90,37.69,-8.26,1,1651,1687,SE
1189212.200,X_LEG_2,6.90,37.69,-8.26,1,1651,1687,SE
1189212.225,X_LEG_2,6.90,37.69,-8.26,1,1651,1687,SE
1189212.246,X_LEG_2,6.92,37.66,-10.21,1,1651,1687,SE
1189212.273,X_LEG_2,6.92,37.66,-10.21,1,1651,1687,SE
1189212.294,X_LEG_2,6.92,37.66,-10.21,1,1651,1687,SE
1189212.315,X_LEG_2,6.92,37.66,-10.21,1,1651,1687,SE
1189212.335,X_LEG_2,6.92,37.66,-10.21,1,1651,1687,SE
1189212.356,X_LEG_2,6.95,37.64,-10.15,1,1651,1687,SE
1189212.377,X_LEG_2,6.95,37.64,-10.15,1,1651,1687,SE
1189212.397,X_LEG_2,6.95,37.64,-10.15,1,1651,1687,SE
1189212.418,X_LEG_2,6.95,37.64,-10.15,1,1651,1687,SE
1189212.438,X_LEG_2,6.95,37.64,-10.15,1,1651,1687,SE
1189212.458,X_LEG_2,6.99,37.61,-10.05,1,1650,1687,SE
1189212.479,X_LEG_2,6.99,37.61,-10.05,1,1650,1687,SE
1189212.500,X_LEG_2,6.99,37.61,-10.05,1,1650,1687,SE
1189212.521,X_LEG_2,6.99,37.61,-10.05,1,1650,1687,SE
1189212.541,X_LEG_2,6.99,37.61,-10.05,1,1650,1687,SE
1189212.562,X_LEG_2,7.01,37.58,-9.99,1,1650,1686,SE
1189212.583,X_LEG_2,7.01,37.58,-9.99,1,1650,1686,SE
1189212.603,X_LEG_2,7.01,37.58,-9.99,1,1650,1686,SE
1189212.625,X_LEG_2,7.01,37.58,-9.99,1,1650,1686,SE
1189212.647,X_LEG_2,7.01,37.58,-9.99,1,1650,1686,SE
1189212.667,X_LEG_2,7.04,37.56,-9.93,1,1650,1686,SE
1189212.688,X_LEG_2,7.04,37.56,-9.93,1,1650,1686,SE
1189212.708,X_LEG_2,7.04,37.56,-9.93,1,1650,1686,SE
1189212.729,X_LEG_2,7.04,37.56,-9.93,1,1650,1686,SE
1189212.750,X_LEG_2,7.04,37.56,-9.93,1,1650,1686,SE
1189212.770,X_LEG_2,7.07,37.53,-9.88,1,1650,1686,SE
1189212.791,X_LEG_2,7.07,37.53,-9.88,1,1650,1686,SE
1189212.811,X_LEG_2,7.07,37.53,-9.88,1,1650,1686,SE
1189212.832,X_LEG_2,7.07,37.53,-9.88,1,1650,1686,SE
1189212.852,X_LEG_2,7.07,37.53,-9.88,1,1650,1686,SE
1189212.873,X_LEG_2,7.10,37.50,-9.82,1,1650,1686,SE
1189212.894,X_LEG_2,7.10,37.50,-9.82,1,1650,1686,SE
1189212.914,X_LEG_2,7.10,37.50,-9.82,1,1650,1686,SE
1189212.937,X_LEG_2,7.10,37.50,-9.82,1,1650,1686,SE
1189212.957,X_LEG_2,7.10,37.50,-9.82,1,1650,1686,SE
1189212.979,X_LEG_2,7.13,37.48,-9.76,1,1650,1686,SE
1189212.999,X_LEG_2,7.13,37.48,-9.76,1,1650,1686,SE
1189213.019,X_LEG_2,7.13,37.48,-9.76,1,1650,1686,SE
1189213.040,X_LEG_2,7.13,37.48,-9.76,1,1650,1686,SE
1189213.060,X_LEG_2,7.13,37.48,-9.76,1,1650,1686,SE
1189213.081,X_LEG_2,7.13,37.48,-9.76,1,1650,1686,SE
1189213.101,X_LEG_2,7.13,37.48,-9.76,1,1650,1686,SE
1189213.122,X_LEG_2,7.13,37.48,-9.76,1,1650,1686,SE
1189213.142,X_LEG_2,7.13,37.48,-9.76,1,1650,1686,SE
1189213.164,X_LEG_2,7.13,37.48,-9.76,1,1650,1686,SE
1189213.187,X_LEG_2,7.21,37.41,-9.62,1,1650,1686,SE
1189213.207,X_LEG_2,7.21,37.41,-9.62,1,1650,1686,SE
1189213.227,X_LEG_2,7.21,37.41,-9.62,1,1650,1686,SE
1189213.248,X_LEG_2,7.21,37.41,-9.62,1,1650,1686,SE
1189213.268,X_LEG_2,7.21,37.41,-9.62,1,1650,1686,SE
1189213.289,X_LEG_2,7.21,37.41,-4.62,1,1650,1686,SE
1189213.309,X_LEG_2,7.21,37.41,-4.62,1,1650,1686,SE
1189213.330,X_LEG_2,7.21,37.41,-4.62,1,1650,1686,SE
1189213.350,X_LEG_2,7.21,37.41,-4.62,1,1650,1686,SE
1189213.371,X_LEG_2,7.21,37.41,-4.62,1,1650,1686,SE
1189213.392,X_LEG_2,7.26,37.35,-4.53,1,1649,1686,SE
1189213.412,X_LEG_2,7.26,37.35,-4.53,1,1649,1686,SE
1189213.433,X_LEG_2,7.26,37.35,-4.53,1,1649,1686,SE
1189213.453,X_LEG_2,7.26,37.35,-4.53,1,1649,1686,SE
1189213.474,X_LEG_2,7.26,37.35,-4.53,1,1649,1686,SE
1189213.498,X_LEG_2,7.29,37.35,-4.53,1,1649,1686,SE
1189213.517,X_LEG_2,7.29,37.35,-4.53,1,1649,1686,SE
1189213.537,X_LEG_2,7.29,37.35,-4.53,1,1649,1686,SE
1189213.559,X_LEG_2,7.29,37.35,-4.53,1,1649,1686,SE
1189213.579,X_LEG_2,7.29,37.35,-4.53,1,1649,1686,SE
1189213.600,X_LEG_2,7.29,37.32,-4.47,1,1649,1686,SE
1189213.620,X_LEG_2,7.29,37.32,-4.47,1,1649,1686,SE
1189213.641,X_LEG_2,7.29,37.32,-4.47,1,1649,1686,SE
1189213.661,X_LEG_2,7.29,37.32,-4.47,1,1649,1686,SE
1189213.682,X_LEG_2,7.29,37.32,-4.47,1,1649,1686,SE
1189213.704,X_LEG_2,7.35,37.27,-4.39,1,1649,1685,SE
1189213.724,X_LEG_2,7.35,37.27,-4.39,1,1649,1685,SE
1189213.744,X_LEG_2,7.35,37.27,-4.39,1,1649,1685,SE
1189213.766,X_LEG_2,7.35,37.27,-4.39,1,1649,1685,SE
1189213.787,X_LEG_2,7.35,37.27,-4.39,1,1649,1685,SE
1189213.807,X_LEG_2,7.38,37.24,-4.34,1,1649,1685,SE
1189213.827,X_LEG_2,7.38,37.24,-4.34,1,1649,1685,SE
1189213.848,X_LEG_2,7.38,37.24,-4.34,1,1649,1685,SE
1189213.869,X_LEG_2,7.38,37.24,-4.34,1,1649,1685,SE
1189213.889,X_LEG_2,7.38,37.24,-4.34,1,1649,1685,SE
1189213.910,X_LEG_2,7.42,37.20,-4.28,1,1649,1685,SE
1189213.930,X_LEG_2,7.42,37.20,-4.28,1,1649,1685,SE
1189213.951,X_LEG_2,7.42,37.20,-4.28,1,1649,1685,SE
1189213.972,X_LEG_2,7.42,37.20,-4.28,1,1649,1685,SE
1189213.992,X_LEG_2,7.42,37.20,-4.28,1,1649,1685,SE
1189214.012,X_LEG_2,7.46,37.16,-4.22,1,1649,1685,SE
1189214.034,X_LEG_2,7.46,37.16,-4.22,1,1649,1685,SE
1189214.054,X_LEG_2,7.46,37.16,-4.22,1,1649,1685,SE
1189214.074,X_LEG_2,7.46,37.16,-4.22,1,1649,1685,SE
1189214.095,X_LEG_2,7.46,37.16,-4.22,1,1649,1685,SE
1189214.118,X_LEG_2,7.49,37.13,-4.18,1,1649,1685,SE
1189214.138,X_LEG_2,7.49,37.13,-4.18,1,1649,1685,SE
1189214.158,X_LEG_2,7.49,37.13,-4.18,1,1649,1685,SE
1189214.181,X_LEG_2,7.49,37.13,-4.18,1,1649,1685,SE
1189214.201,X_LEG_2,7.49,37.13,-4.18,1,1649,1685,SE
1189214.223,X_LEG_2,7.53,37.09,-4.12,1,1648,1685,SE
1189214.246,X_LEG_2,7.53,37.09,-4.12,1,1648,1685,SE
1189214.266,X_LEG_2,7.53,37.09,-4.12,1,1648,1685,SE
1189214.291,X_LEG_2,7.53,37.09,-4.12,1,1648,1685,SE
1189214.313,X_LEG_2,7.53,37.09,-4.12,1,1648,1685,SE
1189214.335,X_LEG_2,7.57,37.05,-4.07,1,1648,1685,SE
1189214.357,X_LEG_2,7.57,37.05,-4.07,1,1648,1685,SE
1189214.379,X_LEG_2,7.57,37.05,-4.07,1,1648,1685,SE
1189214.404,X_LEG_2,7.57,37.05,-4.07,1,1648,1685,SE
1189214.425,X_LEG_2,7.57,37.05,-4.07,1,1648,1685,SE
1189214.445,X_LEG_2,7.61,37.01,-4.01,1,1648,1685,SE
1189214.467,X_LEG_2,7.61,37.01,-4.01,1,1648,1685,SE
1189214.488,X_LEG_2,7.61,37.01,-4.01,1,1648,1685,SE
1189214.508,X_LEG_2,7.61,37.01,-4.01,1,1648,1685,SE
1189214.528,X_LEG_2,7.61,37.01,-4.01,1,1648,1685,SE
1189214.562,X_LEG_2,7.61,37.01,-4.01,1,1648,1685,SE
1189214.582,X_LEG_2,7.61,37.01,-4.01,1,1648,1685,SE
1189214.604,X_LEG_2,7.61,37.01,-4.01,1,1648,1685,SE
1189214.628,X_LEG_2,7.61,37.01,-4.01,1,1648,1685,SE
1189214.651,X_LEG_2,7.61,37.01,-4.01,1,1648,1685,SE
1189214.669,X_LEG_2,7.66,36.97,-3.95,1,1648,1685,SE
1189214.694,X_LEG_2,7.66,36.97,-3.95,1,1648,1685,SE
1189214.714,X_LEG_2,7.66,36.97,-3.95,1,1648,1685,SE
1189214.735,X_LEG_2,7.66,36.97,-3.95,1,1648,1685,SE
1189214.755,X_LEG_2,7.66,36.97,-3.95,1,1648,1685,SE
1189214.777,X_LEG_2,7.70,36.92,-3.91,1,1648,1684,SE
1189214.802,X_LEG_2,7.70,36.92,-3.91,1,1648,1684,SE
1189214.818,X_LEG_2,7.70,36.92,-3.91,1,1648,1684,SE
1189214.839,X_LEG_2,7.70,36.92,-3.91,1,1648,1684,SE
1189214.860,X_LEG_2,7.70,36.92,-3.91,1,1648,1684,SE
1189214.882,X_LEG_2,7.74,36.88,-3.85,1,1648,1684,SE
1189214.903,X_LEG_2,7.74,36.88,-3.85,1,1648,1684,SE
1189214.923,X_LEG_2,7.74,36.88,-3.85,1,1648,1684,SE
1189214.943,X_LEG_2,7.74,36.88,-3.85,1,1648,1684,SE
1189214.964,X_LEG_2,7.74,36.88,-3.85,1,1648,1684,SE
1189214.984,X_LEG_2,7.78,36.83,-2.80,1,1647,1684,SE
1189215.005,X_LEG_2,7.78,36.83,-2.80,1,1647,1684,SE
1189215.025,X_LEG_2,7.78,36.83,-2.80,1,1647,1684,SE
1189215.048,X_LEG_2,7.78,36.83,-2.80,1,1647,1684,SE
1189215.069,X_LEG_2,7.78,36.83,-2.80,1,1647,1684,SE
1189215.095,X_LEG_2,7.83,36.80,-2.76,1,1647,1684,SE
1189215.117,X_LEG_2,7.83,36.80,-2.76,1,1647,1684,SE
1189215.138,X_LEG_2,7.83,36.80,-2.76,1,1647,1684,SE
1189215.158,X_LEG_2,7.83,36.80,-2.76,1,1647,1684,SE
1189215.178,X_LEG_2,7.83,36.80,-2.76,1,1647,1684,SE
1189215.201,X_LEG_2,7.83,36.80,-2.76,1,1647,1684,SE
1189215.222,X_LEG_2,7.83,36.80,-2.76,1,1647,1684,SE
1189215.242,X_LEG_2,7.83,36.80,-2.76,1,1647,1684,SE
1189215.263,X_LEG_2,7.83,36.80,-2.76,1,1647,1684,SE
1189215.283,X_LEG_2,7.83,36.80,-2.76,1,1647,1684,SE
1189215.306,X_LEG_2,7.89,36.72,-2.67,1,1647,1684,SE
1189215.326,X_LEG_2,7.89,36.72,-2.67,1,1647,1684,SE
1189215.347,X_LEG_2,7.89,36.72,-2.67,1,1647,1684,SE
1189215.367,X_LEG_2,7.89,36.72,-2.67,1,1647,1684,SE
1189215.390,X_LEG_2,7.89,36.72,-2.67,1,1647,1684,SE
1189215.411,X_LEG_2,7.96,36.65,-2.60,1,1647,1683,SE
1189215.431,X_LEG_2,7.96,36.65,-2.60,1,1647,1683,SE
1189215.452,X_LEG_2,7.96,36.65,-2.60,1,1647,1683,SE
1189215.472,X_LEG_2,7.96,36.65,-2.60,1,1647,1683,SE
1189215.494,X_LEG_2,7.96,36.65,-2.60,1,1647,1683,SE
1189215.517,X_LEG_2,8.01,36.61,-2.54,1,1646,1682,SE
1189215.537,X_LEG_2,8.01,36.61,-2.54,1,1646,1682,SE
1189215.558,X_LEG_2,8.01,36.61,-2.54,1,1646,1682,SE
1189215.579,X_LEG_2,8.01,36.61,-2.54,1,1646,1682,SE
1189215.599,X_LEG_2,8.01,36.61,-2.54,1,1646,1682,SE
1189215.620,X_LEG_2,8.01,36.61,-2.54,1,1646,1682,SE
1189215.640,X_LEG_2,8.01,36.61,-2.54,1,1646,1682,SE
1189215.661,X_LEG_2,8.01,36.61,-2.54,1,1646,1682,SE
1189215.682,X_LEG_2,8.01,36.61,-2.54,1,1646,1682,SE
1189215.702,X_LEG_2,8.01,36.61,-2.54,1,1646,1682,SE
1189215.723,X_LEG_2,8.06,36.56,-2.49,1,1646,1682,SE
1189215.744,X_LEG_2,8.06,36.56,-2.49,1,1646,1682,SE
1189215.764,X_LEG_2,8.06,36.56,-2.49,1,1646,1682,SE
1189215.785,X_LEG_2,8.06,36.56,-2.49,1,1646,1682,SE
1189215.810,X_LEG_2,8.06,36.56,-2.49,1,1646,1682,SE
1189215.830,X_LEG_2,8.11,36.51,-2.45,1,1646,1682,SE
1189215.851,X_LEG_2,8.11,36.51,-2.45,1,1646,1682,SE
1189215.876,X_LEG_2,8.11,36.51,-2.45,1,1646,1682,SE
1189215.897,X_LEG_2,8.11,36.51,-2.45,1,1646,1682,SE
1189215.917,X_LEG_2,8.11,36.51,-2.45,1,1646,1682,SE
1189215.938,X_LEG_2,8.18,36.43,-2.37,1,1646,1682,SE
1189215.958,X_LEG_2,8.18,36.43,-2.37,1,1646,1682,SE
1189215.979,X_LEG_2,8.18,36.43,-2.37,1,1646,1682,SE
1189215.999,X_LEG_2,8.18,36.43,-2.37,1,1646,1682,SE
1189216.020,X_LEG_2,8.18,36.43,-2.37,1,1646,1682,SE
1189216.040,X_LEG_2,8.23,36.38,-2.31,1,1646,1682,SE
1189216.060,X_LEG_2,8.23,36.38,-2.31,1,1646,1682,SE
1189216.081,X_LEG_2,8.23,36.38,-2.31,1,1646,1682,SE
1189216.103,X_LEG_2,8.23,36.38,-2.31,1,1646,1682,SE
1189216.124,X_LEG_2,8.23,36.38,-2.31,1,1646,1682,SE
1189216.144,X_LEG_2,8.28,36.33,-2.27,1,1645,1682,SE
1189216.164,X_LEG_2,8.28,36.33,-2.27,1,1645,1682,SE
1189216.186,X_LEG_2,8.28,36.33,-2.27,1,1645,1682,SE
1189216.206,X_LEG_2,8.28,36.33,-2.27,1,1645,1682,SE
1189216.226,X_LEG_2,8.28,36.33,-2.27,1,1645,1682,SE
1189216.247,X_LEG_2,8.28,36.33,-1.27,1,1645,1682,SE
1189216.267,X_LEG_2,8.28,36.33,-1.27,1,1645,1682,SE
1189216.288,X_LEG_2,8.28,36.33,-1.27,1,1645,1682,SE
1189216.310,X_LEG_2,8.28,36.33,-1.27,1,1645,1682,SE
1189216.332,X_LEG_2,8.28,36.33,-1.27,1,1645,1682,SE
1189216.353,X_LEG_2,8.33,36.28,-1.22,1,1645,1682,SE
1189216.373,X_LEG_2,8.33,36.28,-1.22,1,1645,1682,SE
1189216.395,X_LEG_2,8.33,36.28,-1.22,1,1645,1682,SE
1189216.416,X_LEG_2,8.33,36.28,-1.22,1,1645,1682,SE
1189216.436,X_LEG_2,8.33,36.28,-1.22,1,1645,1682,SE
1189216.459,X_LEG_2,8.39,36.22,-1.17,1,1645,1681,SE
1189216.483,X_LEG_2,8.39,36.22,-1.17,1,1645,1681,SE
1189216.504,X_LEG_2,8.39,36.22,-1.17,1,1645,1681,SE
1189216.529,X_LEG_2,8.39,36.22,-1.17,1,1645,1681,SE
1189216.554,X_LEG_2,8.39,36.22,-1.17,1,1645,1681,SE
1189216.575,X_LEG_2,8.44,36.17,-1.12,1,1645,1681,SE
1189216.596,X_LEG_2,8.44,36.17,-1.12,1,1645,1681,SE
1189216.617,X_LEG_2,8.44,36.17,-1.12,1,1645,1681,SE
1189216.637,X_LEG_2,8.44,36.17,-1.12,1,1645,1681,SE
1189216.658,X_LEG_2,8.44,36.17,-1.12,1,1645,1681,SE
1189216.679,X_LEG_2,8.49,36.11,-1.08,1,1644,1681,SE
1189216.699,X_LEG_2,8.49,36.11,-1.08,1,1644,1681,SE
1189216.720,X_LEG_2,8.49,36.11,-1.08,1,1644,1681,SE
1189216.741,X_LEG_2,8.49,36.11,-1.08,1,1644,1681,SE
1189216.761,X_LEG_2,8.49,36.11,-1.08,1,1644,1681,SE
1189216.782,X_LEG_2,8.55,36.05,-1.02,1,1644,1681,SE
1189216.803,X_LEG_2,8.55,36.05,-1.02,1,1644,1681,SE
1189216.823,X_LEG_2,8.55,36.05,-1.02,1,1644,1681,SE
1189216.844,X_LEG_2,8.55,36.05,-1.02,1,1644,1681,SE
1189216.866,X_LEG_2,8.55,36.05,-1.02,1,1644,1681,SE
1189216.887,X_LEG_2,8.60,36.00,-0.98,1,1644,1681,SE
1189216.910,X_LEG_2,8.60,36.00,-0.98,1,1644,1681,SE
1189216.932,X_LEG_2,8.60,36.00,-0.98,1,1644,1681,SE
1189216.952,X_LEG_2,8.60,36.00,-0.98,1,1644,1681,SE
1189216.973,X_LEG_2,8.60,36.00,-0.98,1,1644,1681,SE
1189216.993,X_LEG_2,8.65,35.94,-0.92,1,1644,1681,SE
1189217.014,X_LEG_2,8.65,35.94,-0.92,1,1644,1681,SE
1189217.035,X_LEG_2,8.65,35.94,-0.92,1,1644,1681,SE
1189217.058,X_LEG_2,8.65,35.94,-0.92,1,1644,1681,SE
1189217.089,X_LEG_2,8.65,35.94,-0.92,1,1644,1681,SE
1189217.109,X_LEG_2,8.71,35.88,-0.88,1,1644,1680,SE
1189217.129,X_LEG_2,8.71,35.88,-0.88,1,1644,1680,SE
1189217.150,X_LEG_2,8.71,35.88,-0.88,1,1644,1680,SE
1189217.171,X_LEG_2,8.71,35.88,-0.88,1,1644,1680,SE
1189217.192,X_LEG_2,8.71,35.88,-0.88,1,1644,1680,SE
1189217.212,X_LEG_2,8.71,35.88,-0.88,1,1644,1680,SE
1189217.234,X_LEG_2,8.71,35.88,-0.88,1,1644,1680,SE
1189217.254,X_LEG_2,8.71,35.88,-0.88,1,1644,1680,SE
1189217.274,X_LEG_2,8.71,35.88,-0.88,1,1644,1680,SE
1189217.295,X_LEG_2,8.71,35.88,-0.88,1,1644,1680,SE
1189217.316,X_LEG_2,8.77,35.82,-0.82,1,1643,1680,SE
1189217.337,X_LEG_2,8.77,35.82,-0.82,1,1643,1680,SE
1189217.357,X_LEG_2,8.77,35.82,-0.82,1,1643,1680,SE
1189217.378,X_LEG_2,8.77,35.82,-0.82,1,1643,1680,SE
1189217.398,X_LEG_2,8.77,35.82,-0.82,1,1643,1680,SE
1189217.419,X_LEG_2,8.82,35.77,-0.78,1,1643,1680,SE
1189217.440,X_LEG_2,8.82,35.77,-0.78,1,1643,1680,SE
1189217.460,X_LEG_2,8.82,35.77,-0.78,1,1643,1680,SE
1189217.482,X_LEG_2,8.82,35.77,-0.78,1,1643,1680,SE
1189217.503,X_LEG_2,8.82,35.77,-0.78,1,1643,1680,SE
1189217.524,X_LEG_2,8.88,35.71,-0.74,1,1643,1680,SE
1189217.545,X_LEG_2,8.88,35.71,-0.74,1,1643,1680,SE
1189217.566,X_LEG_2,8.88,35.71,-0.74,1,1643,1680,SE
1189217.586,X_LEG_2,8.88,35.71,-0.74,1,1643,1680,SE
1189217.607,X_LEG_2,8.88,35.71,-0.74,1,1643,1680,SE
1189217.627,X_LEG_2,8.94,35.65,-0.68,1,1643,1680,SE
1189217.648,X_LEG_2,8.94,35.65,-0.68,1,1643,1680,SE
1189217.668,X_LEG_2,8.94,35.65,-0.68,1,1643,1680,SE
1189217.689,X_LEG_2,8.94,35.65,-0.68,1,1643,1680,SE
1189217.709,X_LEG_2,8.94,35.65,-0.68,1,1643,1680,SE
1189217.730,X_LEG_2,9.00,35.59,-0.64,1,1642,1680,SE
1189217.750,X_LEG_2,9.00,35.59,-0.64,1,1642,1680,SE
1189217.772,X_LEG_2,9.00,35.59,-0.64,1,1642,1680,SE
1189217.793,X_LEG_2,9.00,35.59,-0.64,1,1642,1680,SE
1189217.813,X_LEG_2,9.00,35.59,-0.64,1,1642,1680,SE
1189217.840,X_LEG_2,9.06,35.53,-0.60,1,1642,1679,SE
1189217.862,X_LEG_2,9.06,35.53,-0.60,1,1642,1679,SE
1189217.883,X_LEG_2,9.06,35.53,-0.60,1,1642,1679,SE
1189217.904,X_LEG_2,9.06,35.53,-0.60,1,1642,1679,SE
1189217.927,X_LEG_2,9.06,35.53,-0.60,1,1642,1679,SE
1189217.947,X_LEG_2,9.12,35.46,-0.54,1,1642,1679,SE
1189217.968,X_LEG_2,9.12,35.46,-0.54,1,1642,1679,SE
1189217.989,X_LEG_2,9.12,35.46,-0.54,1,1642,1679,SE
1189218.013,X_LEG_2,9.12,35.46,-0.54,1,1642,1679,SE
1189218.030,X_LEG_2,9.12,35.46,-0.54,1,1642,1679,SE
1189218.051,X_LEG_2,9.12,35.46,-0.54,1,1642,1679,SE
1189218.071,X_LEG_2,9.12,35.46,-0.54,1,1642,1679,SE
1189218.103,X_LEG_2,9.12,35.46,-0.54,1,1642,1679,SE
1189218.123,X_LEG_2,9.12,35.46,-0.54,1,1642,1679,SE
1189218.144,X_LEG_2,9.12,35.46,-0.54,1,1642,1679,SE
1189218.166,X_LEG_2,9.18,35.40,-0.50,1,1642,1679,SE
1189218.186,X_LEG_2,9.18,35.40,-0.50,1,1642,1679,SE
1189218.207,X_LEG_2,9.18,35.40,-0.50,1,1642,1679,SE
1189218.227,X_LEG_2,9.18,35.40,-0.50,1,1642,1679,SE
1189218.247,X_LEG_2,9.18,35.40,-0.50,1,1642,1679,SE
1189218.268,X_LEG_2,9.24,35.34,-0.45,1,1641,1679,SE
1189218.288,X_LEG_2,9.24,35.34,-0.45,1,1641,1679,SE
1189218.309,X_LEG_2,9.24,35.34,-0.45,1,1641,1679,SE
1189218.329,X_LEG_2,9.24,35.34,-0.45,1,1641,1679,SE
1189218.350,X_LEG_2,9.24,35.34,-0.45,1,1641,1679,SE
1189218.371,X_LEG_2,9.30,35.27,-0.40,1,1641,1679,SE
1189218.392,X_LEG_2,9.30,35.27,-0.40,1,1641,1679,SE
1189218.412,X_LEG_2,9.30,35.27,-0.40,1,1641,1679,SE
1189218.432,X_LEG_2,9.30,35.27,-0.40,1,1641,1679,SE
1189218.453,X_LEG_2,9.30,35.27,-0.40,1,1641,1679,SE
1189218.474,X_LEG_2,9.37,35.21,-0.36,1,1641,1678,SE
1189218.497,X_LEG_2,9.37,35.21,-0.36,1,1641,1678,SE
1189218.518,X_LEG_2,9.37,35.21,-0.36,1,1641,1678,SE
1189218.538,X_LEG_2,9.37,35.21,-0.36,1,1641,1678,SE
1189218.558,X_LEG_2,9.37,35.21,-0.36,1,1641,1678,SE
1189218.581,X_LEG_2,9.37,35.21,-0.36,1,1641,1678,SE
1189218.602,X_LEG_2,9.37,35.21,-0.36,1,1641,1678,SE
1189218.622,X_LEG_2,9.37,35.21,-0.36,1,1641,1678,SE
1189218.642,X_LEG_2,9.37,35.21,-0.36,1,1641,1678,SE
1189218.664,X_LEG_2,9.37,35.21,-0.36,1,1641,1678,SE
1189218.685,X_LEG_2,9.46,35.10,-0.29,1,1640,1678,SE
1189218.705,X_LEG_2,9.46,35.10,-0.29,1,1640,1678,SE
1189218.725,X_LEG_2,9.46,35.10,-0.29,1,1640,1678,SE
1189218.746,X_LEG_2,9.46,35.10,-0.29,1,1640,1678,SE
1189218.766,X_LEG_2,9.46,35.10,-0.29,1,1640,1678,SE
1189218.787,X_LEG_2,9.52,35.05,-0.25,1,1640,1678,SE
1189218.807,X_LEG_2,9.52,35.05,-0.25,1,1640,1678,SE
1189218.828,X_LEG_2,9.52,35.05,-0.25,1,1640,1678,SE
1189218.848,X_LEG_2,9.52,35.05,-0.25,1,1640,1678,SE
1189218.869,X_LEG_2,9.52,35.05,-0.25,1,1640,1678,SE
1189218.889,X_LEG_2,9.59,34.97,-0.19,1,1640,1677,SE
1189218.910,X_LEG_2,9.59,34.97,-0.19,1,1640,1677,SE
1189218.932,X_LEG_2,9.59,34.97,-0.19,1,1640,1677,SE
1189218.952,X_LEG_2,9.59,34.97,-0.19,1,1640,1677,SE
1189218.972,X_LEG_2,9.59,34.97,-0.19,1,1640,1677,SE
1189218.993,X_LEG_2,9.65,34.90,-0.15,1,1640,1677,SE
1189219.013,X_LEG_2,9.65,34.90,-0.15,1,1640,1677,SE
1189219.035,X_LEG_2,9.65,34.90,-0.15,1,1640,1677,SE
1189219.055,X_LEG_2,9.65,34.90,-0.15,1,1640,1677,SE
1189219.075,X_LEG_2,9.65,34.90,-0.15,1,1640,1677,SE
1189219.096,X_LEG_2,9.75,34.81,-0.08,1,1639,1676,SE
1189219.116,X_LEG_2,9.75,34.81,-0.08,1,1639,1676,SE
1189219.137,X_LEG_2,9.75,34.81,-0.08,1,1639,1676,SE
1189219.158,X_LEG_2,9.75,34.81,-0.08,1,1639,1676,SE
1189219.178,X_LEG_2,9.75,34.81,-0.08,1,1639,1676,SE
1189219.200,X_LEG_2,9.82,34.74,-0.04,1,1639,1676,SE
1189219.220,X_LEG_2,9.82,34.74,-0.04,1,1639,1676,SE
1189219.242,X_LEG_2,9.82,34.74,-0.04,1,1639,1676,SE
1189219.262,X_LEG_2,9.82,34.74,-0.04,1,1639,1676,SE
1189219.282,X_LEG_2,9.82,34.74,-0.04,1,1639,1676,SE
1189219.303,X_LEG_2,9.82,34.74,-0.04,1,1639,1676,SE
1189219.324,X_LEG_2,9.82,34.74,-0.04,1,1639,1676,SE
1189219.344,X_LEG_2,9.82,34.74,-0.04,1,1639,1676,SE
1189219.364,X_LEG_2,9.82,34.74,-0.04,1,1639,1676,SE
1189219.385,X_LEG_2,9.82,34.74,-0.04,1,1639,1676,SE
1189219.405,X_LEG_2,9.89,34.67,0.00,1,1639,1676,SE
1189219.427,X_LEG_2,9.89,34.67,0.00,1,1639,1676,SE
1189219.448,X_LEG_2,9.89,34.67,0.00,1,1639,1676,SE
1189219.468,X_LEG_2,9.89,34.67,0.00,1,1639,1676,SE
1189219.489,X_LEG_2,9.89,34.67,0.00,1,1639,1676,SE
1189219.509,X_LEG_2,9.95,34.60,0.06,1,1638,1676,SE
1189219.530,X_LEG_2,9.95,34.60,0.06,1,1638,1676,SE
1189219.554,X_LEG_2,9.95,34.60,0.06,1,1638,1676,SE
1189219.575,X_LEG_2,9.95,34.60,0.06,1,1638,1676,SE
1189219.598,X_LEG_2,9.95,34.60,0.06,1,1638,1676,SE
1189219.618,X_LEG_2,10.05,34.50,0.13,1,1638,1675,SE
1189219.639,X_LEG_2,10.05,34.50,0.13,1,1638,1675,SE
1189219.659,X_LEG_2,10.05,34.50,0.13,1,1638,1675,SE
1189219.683,X_LEG_2,10.05,34.50,0.13,1,1638,1675,SE
1189219.703,X_LEG_2,10.05,34.50,0.13,1,1638,1675,SE
1189219.724,X_LEG_2,10.12,34.43,0.17,1,1638,1675,SE
1189219.744,X_LEG_2,10.12,34.43,0.17,1,1638,1675,SE
1189219.765,X_LEG_2,10.12,34.43,0.17,1,1638,1675,SE
1189219.787,X_LEG_2,10.12,34.43,0.17,1,1638,1675,SE
1189219.808,X_LEG_2,10.12,34.43,0.17,1,1638,1675,SE
1189219.829,X_LEG_2,10.19,34.36,0.21,1,1637,1675,SE
1189219.850,X_LEG_2,10.19,34.36,0.21,1,1637,1675,SE
1189219.870,X_LEG_2,10.19,34.36,0.21,1,1637,1675,SE
1189219.898,X_LEG_2,10.19,34.36,0.21,1,1637,1675,SE
1189219.920,X_LEG_2,10.19,34.36,0.21,1,1637,1675,SE
1189219.941,X_LEG_2,10.19,34.36,0.21,1,1637,1675,SE
1189219.960,X_LEG_2,10.19,34.36,0.21,1,1637,1675,SE
1189219.980,X_LEG_2,10.19,34.36,0.21,1,1637,1675,SE
1189220.003,X_LEG_2,10.19,34.36,0.21,1,1637,1675,SE
1189220.023,X_LEG_2,10.19,34.36,0.21,1,1637,1675,SE
1189220.044,X_LEG_2,10.26,34.29,0.26,1,1637,1675,SE
1189220.064,X_LEG_2,10.26,34.29,0.26,1,1637,1675,SE
1189220.084,X_LEG_2,10.26,34.29,0.26,1,1637,1675,SE
1189220.104,X_LEG_2,10.26,34.29,0.26,1,1637,1675,SE
1189220.125,X_LEG_2,10.26,34.29,0.26,1,1637,1675,SE
1189220.145,X_LEG_2,10.37,34.17,0.32,1,1637,1674,SE
1189220.166,X_LEG_2,10.37,34.17,0.32,1,1637,1674,SE
1189220.188,X_LEG_2,10.37,34.17,0.32,1,1637,1674,SE
1189220.209,X_LEG_2,10.37,34.17,0.32,1,1637,1674,SE
1189220.229,X_LEG_2,10.37,34.17,0.32,1,1637,1674,SE
1189220.250,X_LEG_2,10.44,34.10,0.37,1,1636,1674,SE
1189220.270,X_LEG_2,10.44,34.10,0.37,1,1636,1674,SE
1189220.291,X_LEG_2,10.44,34.10,0.37,1,1636,1674,SE
1189220.311,X_LEG_2,10.44,34.10,0.37,1,1636,1674,SE
1189220.332,X_LEG_2,10.44,34.10,0.37,1,1636,1674,SE
1189220.355,X_LEG_2,10.51,34.03,0.41,1,1636,1674,SE
1189220.376,X_LEG_2,10.51,34.03,0.41,1,1636,1674,SE
1189220.396,X_LEG_2,10.51,34.03,0.41,1,1636,1674,SE
1189220.416,X_LEG_2,10.51,34.03,0.41,1,1636,1674,SE
1189220.437,X_LEG_2,10.51,34.03,0.41,1,1636,1674,SE
1189220.457,X_LEG_2,10.58,33.95,0.46,1,1636,1674,SE
1189220.478,X_LEG_2,10.58,33.95,0.46,1,1636,1674,SE
1189220.498,X_LEG_2,10.58,33.95,0.46,1,1636,1674,SE
1189220.519,X_LEG_2,10.58,33.95,0.46,1,1636,1674,SE
1189220.539,X_LEG_2,10.58,33.95,0.46,1,1636,1674,SE
1189220.561,X_LEG_2,10.65,33.88,0.50,1,1636,1674,SE
1189220.581,X_LEG_2,10.65,33.88,0.50,1,1636,1674,SE
1189220.603,X_LEG_2,10.65,33.88,0.50,1,1636,1674,SE
1189220.626,X_LEG_2,10.65,33.88,0.50,1,1636,1674,SE
1189220.646,X_LEG_2,10.65,33.88,0.50,1,1636,1674,SE
1189220.666,X_LEG_2,10.73,33.81,0.55,1,1635,1673,SE
1189220.687,X_LEG_2,10.73,33.81,0.55,1,1635,1673,SE
1189220.713,X_LEG_2,10.73,33.81,0.55,1,1635,1673,SE
1189220.738,X_LEG_2,10.73,33.81,0.55,1,1635,1673,SE
1189220.760,X_LEG_2,10.73,33.81,0.55,1,1635,1673,SE
1189220.780,X_LEG_2,10.73,33.81,0.55,1,1635,1673,SE
1189220.801,X_LEG_2,10.73,33.81,0.55,1,1635,1673,SE
1189220.821,X_LEG_2,10.73,33.81,0.55,1,1635,1673,SE
1189220.844,X_LEG_2,10.73,33.81,0.55,1,1635,1673,SE
1189220.869,X_LEG_2,10.73,33.81,0.55,1,1635,1673,SE
1189220.889,X_LEG_2,10.80,33.73,0.59,1,1635,1673,SE
1189220.911,X_LEG_2,10.80,33.73,0.59,1,1635,1673,SE
1189220.932,X_LEG_2,10.80,33.73,0.59,1,1635,1673,SE
1189220.963,X_LEG_2,10.80,33.73,0.59,1,1635,1673,SE
1189220.988,X_LEG_2,10.80,33.73,0.59,1,1635,1673,SE
1189221.017,X_LEG_2,10.80,33.73,0.59,1,1635,1673,SE
1189221.043,X_LEG_2,10.80,33.73,0.59,1,1635,1673,SE
1189221.074,X_LEG_2,10.80,33.73,0.59,1,1635,1673,SE
1189221.097,X_LEG_2,10.80,33.73,0.59,1,1635,1673,SE
1189221.120,X_LEG_2,10.87,33.66,0.64,1,1635,1673,SE
1189221.154,X_LEG_2,10.87,33.66,0.64,1,1635,1673,SE
1189221.175,X_LEG_2,10.87,33.66,0.64,1,1635,1673,SE
1189221.204,X_LEG_2,10.87,33.66,0.64,1,1635,1673,SE
1189221.227,X_LEG_2,10.91,33.63,0.66,1,1635,1673,SE
1189221.247,X_LEG_2,10.91,33.63,0.66,1,1635,1673,SE
1189221.267,X_LEG_2,10.91,33.63,0.66,1,1635,1673,SE
1189221.288,X_LEG_2,10.91,33.63,0.66,1,1635,1673,SE
1189221.309,X_LEG_2,10.91,33.63,0.66,1,1635,1673,SE
1189221.330,X_LEG_2,10.98,33.55,0.70,1,1634,1673,SE
1189221.351,X_LEG_2,10.98,33.55,0.70,1,1634,1673,SE
1189221.375,X_LEG_2,10.98,33.55,0.70,1,1634,1673,SE
1189221.395,X_LEG_2,10.98,33.55,0.70,1,1634,1673,SE
1189221.416,X_LEG_2,10.98,33.55,0.70,1,1634,1673,SE
1189221.436,X_LEG_2,10.98,33.55,0.70,1,1634,1673,SE
1189221.458,X_LEG_2,10.98,33.55,0.70,1,1634,1673,SE
1189221.479,X_LEG_2,10.98,33.55,0.70,1,1634,1673,SE
1189221.500,X_LEG_2,10.98,33.55,0.70,1,1634,1673,SE
1189221.521,X_LEG_2,10.98,33.55,0.70,1,1634,1673,SE
1189221.541,X_LEG_2,11.06,33.47,0.75,1,1634,1672,SE
1189221.562,X_LEG_2,11.06,33.47,0.75,1,1634,1672,SE
1189221.584,X_LEG_2,11.06,33.47,0.75,1,1634,1672,SE
1189221.604,X_LEG_2,11.06,33.47,0.75,1,1634,1672,SE
1189221.625,X_LEG_2,11.06,33.47,0.75,1,1634,1672,SE
1189221.646,X_LEG_2,11.13,33.40,0.79,1,1634,1672,SE
1189221.666,X_LEG_2,11.13,33.40,0.79,1,1634,1672,SE
1189221.687,X_LEG_2,11.13,33.40,0.79,1,1634,1672,SE
1189221.708,X_LEG_2,11.13,33.40,0.79,1,1634,1672,SE
1189221.728,X_LEG_2,11.13,33.40,0.79,1,1634,1672,SE
1189221.749,X_LEG_2,11.21,33.32,0.84,1,1633,1671,SE
1189221.769,X_LEG_2,11.21,33.32,0.84,1,1633,1671,SE
1189221.791,X_LEG_2,11.21,33.32,0.84,1,1633,1671,SE
1189221.812,X_LEG_2,11.21,33.32,0.84,1,1633,1671,SE
1189221.834,X_LEG_2,11.21,33.32,0.84,1,1633,1671,SE
1189221.854,X_LEG_2,11.28,33.23,0.88,1,1633,1671,SE
1189221.875,X_LEG_2,11.28,33.23,0.88,1,1633,1671,SE
1189221.896,X_LEG_2,11.28,33.23,0.88,1,1633,1671,SE
1189221.917,X_LEG_2,11.28,33.23,0.88,1,1633,1671,SE
1189221.937,X_LEG_2,11.28,33.23,0.88,1,1633,1671,SE
1189221.957,X_LEG_2,11.28,33.23,0.88,1,1633,1671,SE
1189221.978,X_LEG_2,11.28,33.23,0.88,1,1633,1671,SE
1189221.999,X_LEG_2,11.28,33.23,0.88,1,1633,1671,SE
1189222.020,X_LEG_2,11.28,33.23,0.88,1,1633,1671,SE
1189222.040,X_LEG_2,11.28,33.23,0.88,1,1633,1671,SE
1189222.061,X_LEG_2,11.36,33.17,0.93,1,1633,1670,SE
1189222.082,X_LEG_2,11.36,33.17,0.93,1,1633,1670,SE
1189222.102,X_LEG_2,11.36,33.17,0.93,1,1633,1670,SE
1189222.122,X_LEG_2,11.36,33.17,0.93,1,1633,1670,SE
1189222.143,X_LEG_2,11.36,33.17,0.93,1,1633,1670,SE
1189222.163,X_LEG_2,11.43,33.09,0.96,1,1632,1670,SE
1189222.186,X_LEG_2,11.43,33.09,0.96,1,1632,1670,SE
1189222.208,X_LEG_2,11.43,33.09,0.96,1,1632,1670,SE
1189222.229,X_LEG_2,11.43,33.09,0.96,1,1632,1670,SE
1189222.249,X_LEG_2,11.43,33.09,0.96,1,1632,1670,SE
1189222.271,X_LEG_2,11.51,33.00,1.01,1,1632,1670,SE
1189222.293,X_LEG_2,11.51,33.00,1.01,1,1632,1670,SE
1189222.314,X_LEG_2,11.51,33.00,1.01,1,1632,1670,SE
1189222.334,X_LEG_2,11.51,33.00,1.01,1,1632,1670,SE
1189222.355,X_LEG_2,11.51,33.00,1.01,1,1632,1670,SE
1189222.375,X_LEG_2,11.59,32.92,1.05,1,1632,1670,SE
1189222.395,X_LEG_2,11.59,32.92,1.05,1,1632,1670,SE
1189222.416,X_LEG_2,11.59,32.92,1.05,1,1632,1670,SE
1189222.438,X_LEG_2,11.59,32.92,1.05,1,1632,1670,SE
1189222.459,X_LEG_2,11.59,32.92,1.05,1,1632,1670,SE
1189222.479,X_LEG_2,11.67,32.86,1.10,1,1631,1669,SE
1189222.499,X_LEG_2,11.67,32.86,1.10,1,1631,1669,SE
1189222.521,X_LEG_2,11.67,32.86,1.10,1,1631,1669,SE
1189222.542,X_LEG_2,11.67,32.86,1.10,1,1631,1669,SE
1189222.564,X_LEG_2,11.67,32.86,1.10,1,1631,1669,SE
1189222.584,X_LEG_2,11.74,32.77,1.15,1,1631,1669,SE
1189222.605,X_LEG_2,11.74,32.77,1.15,1,1631,1669,SE
1189222.628,X_LEG_2,11.74,32.77,1.15,1,1631,1669,SE
1189222.649,X_LEG_2,11.74,32.77,1.15,1,1631,1669,SE
1189222.669,X_LEG_2,11.74,32.77,1.15,1,1631,1669,SE
1189222.691,X_LEG_2,11.86,32.65,1.20,1,1631,1669,SE
1189222.712,X_LEG_2,11.86,32.65,1.20,1,1631,1669,SE
1189222.735,X_LEG_2,11.86,32.65,1.20,1,1631,1669,SE
1189222.755,X_LEG_2,11.86,32.65,1.20,1,1631,1669,SE
1189222.775,X_LEG_2,11.86,32.65,1.20,1,1631,1669,SE
1189222.796,X_LEG_2,11.86,32.65,1.20,1,1631,1669,SE
1189222.817,X_LEG_2,11.86,32.65,1.20,1,1631,1669,SE
1189222.837,X_LEG_2,11.86,32.65,1.20,1,1631,1669,SE
1189222.858,X_LEG_2,11.86,32.65,1.20,1,1631,1669,SE
1189222.879,X_LEG_2,11.86,32.65,1.20,1,1631,1669,SE
1189222.899,X_LEG_2,11.98,32.53,1.28,1,1630,1669,SE
1189222.920,X_LEG_2,11.98,32.53,1.28,1,1630,1669,SE
1189222.940,X_LEG_2,11.98,32.53,1.28,1,1630,1669,SE
1189222.960,X_LEG_2,11.98,32.53,1.28,1,1630,1669,SE
1189222.981,X_LEG_2,11.98,32.53,1.28,1,1630,1669,SE
1189223.002,X_LEG_2,12.09,32.42,1.35,1,1630,1668,SE
1189223.024,X_LEG_2,12.09,32.42,1.35,1,1630,1668,SE
1189223.047,X_LEG_2,12.09,32.42,1.35,1,1630,1668,SE
1189223.067,X_LEG_2,12.09,32.42,1.35,1,1630,1668,SE
1189223.088,X_LEG_2,12.09,32.42,1.35,1,1630,1668,SE
1189223.112,X_LEG_2,12.17,32.34,1.38,1,1629,1668,SE
1189223.130,X_LEG_2,12.17,32.34,1.38,1,1629,1668,SE
1189223.153,X_LEG_2,12.17,32.34,1.38,1,1629,1668,SE
1189223.179,X_LEG_2,12.17,32.34,1.38,1,1629,1668,SE
1189223.199,X_LEG_2,12.17,32.34,1.38,1,1629,1668,SE
1189223.219,X_LEG_2,12.17,32.34,1.38,1,1629,1668,SE
1189223.240,X_LEG_2,12.17,32.34,1.38,1,1629,1668,SE
1189223.260,X_LEG_2,12.17,32.34,1.38,1,1629,1668,SE
1189223.281,X_LEG_2,12.17,32.34,1.38,1,1629,1668,SE
1189223.301,X_LEG_2,12.17,32.34,1.38,1,1629,1668,SE
1189223.322,X_LEG_2,12.37,32.13,1.50,1,1629,1667,SE
1189223.342,X_LEG_2,12.37,32.13,1.50,1,1629,1667,SE
1189223.363,X_LEG_2,12.37,32.13,1.50,1,1629,1667,SE
1189223.384,X_LEG_2,12.37,32.13,1.50,1,1629,1667,SE
1189223.406,X_LEG_2,12.37,32.13,1.50,1,1629,1667,SE
1189223.427,X_LEG_2,12.37,32.13,1.50,1,1629,1667,SE
1189223.447,X_LEG_2,12.37,32.13,1.50,1,1629,1667,SE
1189223.470,X_LEG_2,12.37,32.13,1.50,1,1629,1667,SE
1189223.491,X_LEG_2,12.37,32.13,1.50,1,1629,1667,SE
1189223.511,X_LEG_2,12.37,32.13,1.50,1,1629,1667,SE
1189223.531,X_LEG_2,12.37,32.13,1.50,1,1629,1667,SE
1189223.552,X_LEG_2,12.37,32.13,1.50,1,1629,1667,SE
1189223.572,X_LEG_2,12.37,32.13,1.50,1,1629,1667,SE
1189223.593,X_LEG_2,12.37,32.13,1.50,1,1629,1667,SE
1189223.613,X_LEG_2,12.37,32.13,1.50,1,1629,1667,SE
1189223.633,X_LEG_2,12.49,32.01,1.56,1,1628,1667,SE
1189223.653,X_LEG_2,12.49,32.01,1.56,1,1628,1667,SE
1189223.674,X_LEG_2,12.49,32.01,1.56,1,1628,1667,SE
1189223.695,X_LEG_2,12.49,32.01,1.56,1,1628,1667,SE
1189223.715,X_LEG_2,12.49,32.01,1.56,1,1628,1667,SE
1189223.735,X_LEG_2,12.57,31.93,1.61,1,1628,1667,SE
1189223.756,X_LEG_2,12.57,31.93,1.61,1,1628,1667,SE
1189223.777,X_LEG_2,12.57,31.93,1.61,1,1628,1667,SE
1189223.798,X_LEG_2,12.57,31.93,1.61,1,1628,1667,SE
1189223.818,X_LEG_2,12.57,31.93,1.61,1,1628,1667,SE
1189223.841,X_LEG_2,12.70,31.80,1.66,1,1627,1666,SE
1189223.862,X_LEG_2,12.70,31.80,1.66,1,1627,1666,SE
1189223.882,X_LEG_2,12.70,31.80,1.66,1,1627,1666,SE
1189223.903,X_LEG_2,12.70,31.80,1.66,1,1627,1666,SE
1189223.923,X_LEG_2,12.70,31.80,1.66,1,1627,1666,SE
1189223.944,X_LEG_2,12.78,31.72,0.71,1,1627,1666,SE
1189223.964,X_LEG_2,12.78,31.72,0.71,1,1627,1666,SE
1189223.985,X_LEG_2,12.78,31.72,0.71,1,1627,1666,SE
1189224.006,X_LEG_2,12.78,31.72,0.71,1,1627,1666,SE
1189224.026,X_LEG_2,12.78,31.72,0.71,1,1627,1666,SE
1189224.047,X_LEG_2,12.86,31.64,0.76,1,1627,1665,SE
1189224.068,X_LEG_2,12.86,31.64,0.76,1,1627,1665,SE
1189224.088,X_LEG_2,12.86,31.64,0.76,1,1627,1665,SE
1189224.109,X_LEG_2,12.86,31.64,0.76,1,1627,1665,SE
1189224.129,X_LEG_2,12.86,31.64,0.76,1,1627,1665,SE
1189224.155,X_LEG_2,12.94,31.56,0.80,1,1626,1665,SE
1189224.179,X_LEG_2,12.94,31.56,0.80,1,1626,1665,SE
1189224.200,X_LEG_2,12.94,31.56,0.80,1,1626,1665,SE
1189224.220,X_LEG_2,12.94,31.56,0.80,1,1626,1665,SE
1189224.242,X_LEG_2,12.94,31.56,0.80,1,1626,1665,SE
1189224.262,X_LEG_2,13.02,31.48,0.85,1,1626,1664,SE
1189224.283,X_LEG_2,13.02,31.48,0.85,1,1626,1664,SE
1189224.304,X_LEG_2,13.02,31.48,0.85,1,1626,1664,SE
1189224.324,X_LEG_2,13.02,31.48,0.85,1,1626,1664,SE
1189224.349,X_LEG_2,13.02,31.48,0.85,1,1626,1664,SE
1189224.365,X_LEG_2,13.10,31.39,0.88,1,1626,1664,SE
1189224.387,X_LEG_2,13.10,31.39,0.88,1,1626,1664,SE
1189224.407,X_LEG_2,13.10,31.39,0.88,1,1626,1664,SE
1189224.428,X_LEG_2,13.10,31.39,0.88,1,1626,1664,SE
1189224.448,X_LEG_2,13.10,31.39,0.88,1,1626,1664,SE
1189224.473,X_LEG_2,13.19,31.31,0.93,1,1625,1664,SE
1189224.497,X_LEG_2,13.19,31.31,0.93,1,1625,1664,SE
1189224.529,X_LEG_2,13.19,31.31,0.93,1,1625,1664,SE
1189224.552,X_LEG_2,13.19,31.31,0.93,1,1625,1664,SE
1189224.577,X_LEG_2,13.19,31.31,0.93,1,1625,1664,SE
1189224.599,X_LEG_2,13.19,31.31,0.93,1,1625,1664,SE
1189224.626,X_LEG_2,13.19,31.31,0.93,1,1625,1664,SE
1189224.646,X_LEG_2,13.19,31.31,0.93,1,1625,1664,SE
1189224.670,X_LEG_2,13.19,31.31,0.93,1,1625,1664,SE
1189224.690,X_LEG_2,13.27,31.23,0.97,1,1625,1664,SE
1189224.712,X_LEG_2,13.27,31.23,0.97,1,1625,1664,SE
1189224.734,X_LEG_2,13.27,31.23,0.97,1,1625,1664,SE
1189224.756,X_LEG_2,13.27,31.23,0.97,1,1625,1664,SE
1189224.777,X_LEG_2,13.27,31.23,0.97,1,1625,1664,SE
1189227.535,X_LEG_2,12.95,29.51,1.97,1,1618,1664,SE
1189227.555,X_LEG_2,12.95,29.51,1.97,1,1618,1664,SE
1189227.575,X_LEG_2,12.95,29.51,1.97,1,1618,1664,SE
1189227.596,X_LEG_2,12.95,29.51,1.97,1,1618,1664,SE
1189227.617,X_LEG_2,12.85,29.41,2.02,1,1618,1664,SE
1189227.638,X_LEG_2,12.85,29.41,2.02,1,1618,1664,SE
1189227.658,X_LEG_2,12.85,29.41,2.02,1,1618,1664,SE
1189227.679,X_LEG_2,12.85,29.41,2.02,1,1618,1664,SE
1189227.700,X_LEG_2,12.85,29.41,2.02,1,1618,1664,SE
1189227.722,X_LEG_2,12.79,29.34,2.06,1,1617,1664,SE
1189227.744,X_LEG_2,12.79,29.34,2.06,1,1617,1664,SE
1189227.764,X_LEG_2,12.79,29.34,2.06,1,1617,1664,SE
1189227.784,X_LEG_2,12.79,29.34,2.06,1,1617,1664,SE
1189227.805,X_LEG_2,12.79,29.34,2.06,1,1617,1664,SE
1189227.826,X_LEG_2,12.73,29.27,2.10,1,1617,1664,SE
1189227.846,X_LEG_2,12.73,29.27,2.10,1,1617,1664,SE
1189227.866,X_LEG_2,12.73,29.27,2.10,1,1617,1664,SE
1189227.887,X_LEG_2,12.73,29.27,2.10,1,1617,1664,SE
1189227.907,X_LEG_2,12.73,29.27,2.10,1,1617,1664,SE
1189227.928,X_LEG_2,12.63,29.17,2.18,1,1617,1665,SE
1189227.949,X_LEG_2,12.63,29.17,2.18,1,1617,1665,SE
1189227.969,X_LEG_2,12.63,29.17,2.18,1,1617,1665,SE
1189227.990,X_LEG_2,12.63,29.17,2.18,1,1617,1665,SE
1189228.010,X_LEG_2,12.63,29.17,2.18,1,1617,1665,SE
1189228.031,X_LEG_2,12.63,29.17,2.18,1,1617,1665,SE
1189228.051,X_LEG_2,12.63,29.17,2.18,1,1617,1665,SE
1189228.072,X_LEG_2,12.63,29.17,2.18,1,1617,1665,SE
1189228.092,X_LEG_2,12.63,29.17,2.18,1,1617,1665,SE
1189228.113,X_LEG_2,12.63,29.17,2.18,1,1617,1665,SE
1189228.134,X_LEG_2,12.54,29.08,2.23,1,1616,1665,SE
1189228.154,X_LEG_2,12.54,29.08,2.23,1,1616,1665,SE
1189228.175,X_LEG_2,12.54,29.08,2.23,1,1616,1665,SE
1189228.195,X_LEG_2,12.54,29.08,2.23,1,1616,1665,SE
1189228.216,X_LEG_2,12.54,29.08,2.23,1,1616,1665,SE
1189228.236,X_LEG_2,12.44,28.98,2.29,1,1616,1665,SE
1189228.256,X_LEG_2,12.44,28.98,2.29,1,1616,1665,SE
1189228.277,X_LEG_2,12.44,28.98,2.29,1,1616,1665,SE
1189228.297,X_LEG_2,12.44,28.98,2.29,1,1616,1665,SE
1189228.318,X_LEG_2,12.44,28.98,2.29,1,1616,1665,SE
1189228.339,X_LEG_2,12.35,28.87,2.36,1,1615,1665,SE
1189228.361,X_LEG_2,12.35,28.87,2.36,1,1615,1665,SE
1189228.382,X_LEG_2,12.35,28.87,2.36,1,1615,1665,SE
1189228.402,X_LEG_2,12.35,28.87,2.36,1,1615,1665,SE
1189228.423,X_LEG_2,12.35,28.87,2.36,1,1615,1665,SE
1189228.443,X_LEG_2,12.35,28.87,2.36,1,1615,1665,SE
1189228.464,X_LEG_2,12.35,28.87,2.36,1,1615,1665,SE
1189228.484,X_LEG_2,12.35,28.87,2.36,1,1615,1665,SE
1189228.505,X_LEG_2,12.35,28.87,2.36,1,1615,1665,SE
1189228.525,X_LEG_2,12.35,28.87,2.36,1,1615,1665,SE
1189228.547,X_LEG_2,12.26,28.78,2.42,1,1615,1666,SE
1189228.567,X_LEG_2,12.26,28.78,2.42,1,1615,1666,SE
1189228.587,X_LEG_2,12.26,28.78,2.42,1,1615,1666,SE
1189228.608,X_LEG_2,12.26,28.78,2.42,1,1615,1666,SE
1189228.628,X_LEG_2,12.26,28.78,2.42,1,1615,1666,SE
1189228.649,X_LEG_2,12.16,28.68,2.48,1,1615,1666,SE
1189228.670,X_LEG_2,12.16,28.68,2.48,1,1615,1666,SE
1189228.691,X_LEG_2,12.16,28.68,2.48,1,1615,1666,SE
1189228.712,X_LEG_2,12.16,28.68,2.48,1,1615,1666,SE
1189228.732,X_LEG_2,12.16,28.68,2.48,1,1615,1666,SE
1189228.753,X_LEG_2,12.07,28.59,2.55,1,1614,1666,SE
1189228.773,X_LEG_2,12.07,28.59,2.55,1,1614,1666,SE
1189228.794,X_LEG_2,12.07,28.59,2.55,1,1614,1666,SE
1189228.815,X_LEG_2,12.07,28.59,2.55,1,1614,1666,SE
1189228.835,X_LEG_2,12.07,28.59,2.55,1,1614,1666,SE
1189228.856,X_LEG_2,12.07,28.52,2.58,1,1614,1666,SE
1189228.877,X_LEG_2,12.01,28.52,2.58,1,1614,1666,SE
1189228.897,X_LEG_2,12.01,28.52,2.58,1,1614,1666,SE
1189228.918,X_LEG_2,12.01,28.52,2.58,1,1614,1666,SE
1189228.939,X_LEG_2,12.01,28.52,2.58,1,1614,1666,SE
1189228.960,X_LEG_2,12.01,28.52,2.58,1,1614,1666,SE
1189228.984,X_LEG_2,12.01,28.52,2.58,1,1614,1666,SE
1189229.004,X_LEG_2,12.01,28.52,2.58,1,1614,1666,SE
1189229.025,X_LEG_2,12.01,28.52,2.58,1,1614,1666,SE
1189229.045,X_LEG_2,12.01,28.52,2.58,1,1614,1666,SE
1189229.066,X_LEG_2,11.92,28.42,2.64,1,1614,1667,SE
1189229.087,X_LEG_2,11.92,28.42,2.64,1,1614,1667,SE
1189229.107,X_LEG_2,11.92,28.42,2.64,1,1614,1667,SE
1189229.127,X_LEG_2,11.92,28.42,2.64,1,1614,1667,SE
1189229.148,X_LEG_2,11.92,28.42,2.64,1,1614,1667,SE
1189229.168,X_LEG_2,11.92,28.33,2.72,1,1613,1666,SE
1189229.189,X_LEG_2,11.83,28.33,2.72,1,1613,1666,SE
1189229.209,X_LEG_2,11.83,28.33,2.72,1,1613,1666,SE
1189229.230,X_LEG_2,11.83,28.33,2.72,1,1613,1666,SE
1189229.251,X_LEG_2,11.83,28.33,2.72,1,1613,1666,SE
1189229.271,X_LEG_2,11.77,28.26,1.75,1,1613,1666,SE
1189229.292,X_LEG_2,11.77,28.26,1.75,1,1613,1666,SE
1189229.312,X_LEG_2,11.77,28.26,1.75,1,1613,1666,SE
1189229.333,X_LEG_2,11.77,28.26,1.75,1,1613,1666,SE
1189229.353,X_LEG_2,11.77,28.26,1.75,1,1613,1666,SE
1189229.373,X_LEG_2,11.67,28.16,1.82,1,1613,1666,SE
1189229.394,X_LEG_2,11.67,28.16,1.82,1,1613,1666,SE
1189229.416,X_LEG_2,11.67,28.16,1.82,1,1613,1666,SE
1189229.436,X_LEG_2,11.67,28.16,1.82,1,1613,1666,SE
1189229.457,X_LEG_2,11.67,28.16,1.82,1,1613,1666,SE
1189229.478,X_LEG_2,11.67,28.16,1.82,1,1613,1666,SE
1189229.498,X_LEG_2,11.67,28.16,1.82,1,1613,1666,SE
1189229.518,X_LEG_2,11.67,28.16,1.82,1,1613,1666,SE
1189229.540,X_LEG_2,11.67,28.16,1.82,1,1613,1666,SE
1189229.560,X_LEG_2,11.67,28.16,1.82,1,1613,1666,SE
1189229.580,X_LEG_2,11.58,28.07,1.88,1,1612,1667,SE
1189229.602,X_LEG_2,11.58,28.07,1.88,1,1612,1667,SE
1189229.622,X_LEG_2,11.58,28.07,1.88,1,1612,1667,SE
1189229.643,X_LEG_2,11.58,28.07,1.88,1,1612,1667,SE
1189229.664,X_LEG_2,11.58,28.07,1.88,1,1612,1667,SE
1189229.684,X_LEG_2,11.49,27.97,1.94,1,1612,1667,SE
1189229.705,X_LEG_2,11.49,27.97,1.94,1,1612,1667,SE
1189229.726,X_LEG_2,11.49,27.97,1.94,1,1612,1667,SE
1189229.746,X_LEG_2,11.49,27.97,1.94,1,1612,1667,SE
1189229.766,X_LEG_2,11.49,27.97,1.94,1,1612,1667,SE
1189229.788,X_LEG_2,11.41,27.87,2.01,1,1611,1667,SE
1189229.808,X_LEG_2,11.41,27.87,2.01,1,1611,1667,SE
1189229.828,X_LEG_2,11.41,27.87,2.01,1,1611,1667,SE
1189229.850,X_LEG_2,11.41,27.87,2.01,1,1611,1667,SE
1189229.870,X_LEG_2,11.41,27.87,2.01,1,1611,1667,SE
1189229.891,X_LEG_2,11.41,27.87,2.01,1,1611,1667,SE
1189229.912,X_LEG_2,11.41,27.87,2.01,1,1611,1667,SE
1189229.932,X_LEG_2,11.41,27.87,2.01,1,1611,1667,SE
1189229.952,X_LEG_2,11.41,27.87,2.01,1,1611,1667,SE
1189229.973,X_LEG_2,11.41,27.87,2.01,1,1611,1667,SE
1189229.994,X_LEG_2,11.32,27.78,2.07,1,1611,1668,SE
1189230.014,X_LEG_2,11.32,27.78,2.07,1,1611,1668,SE
1189230.036,X_LEG_2,11.32,27.78,2.07,1,1611,1668,SE
1189230.057,X_LEG_2,11.32,27.78,2.07,1,1611,1668,SE
1189230.077,X_LEG_2,11.32,27.78,2.07,1,1611,1668,SE
1189230.098,X_LEG_2,11.23,27.68,2.13,1,1611,1668,SE
1189230.119,X_LEG_2,11.23,27.68,2.13,1,1611,1668,SE
1189230.139,X_LEG_2,11.23,27.68,2.13,1,1611,1668,SE
1189230.159,X_LEG_2,11.23,27.68,2.13,1,1611,1668,SE
1189230.180,X_LEG_2,11.23,27.68,2.13,1,1611,1668,SE
1189230.200,X_LEG_2,11.14,27.58,2.19,1,1610,1668,SE
1189230.221,X_LEG_2,11.14,27.58,2.19,1,1610,1668,SE
1189230.241,X_LEG_2,11.14,27.58,2.19,1,1610,1668,SE
1189230.262,X_LEG_2,11.14,27.58,2.19,1,1610,1668,SE
1189230.284,X_LEG_2,11.14,27.58,2.19,1,1610,1668,SE
1189230.304,X_LEG_2,11.14,27.58,2.19,1,1610,1668,SE
1189230.324,X_LEG_2,11.14,27.58,2.19,1,1610,1668,SE
1189230.345,X_LEG_2,11.14,27.58,2.19,1,1610,1668,SE
1189230.366,X_LEG_2,11.14,27.58,2.19,1,1610,1668,SE
1189230.386,X_LEG_2,11.14,27.58,2.19,1,1610,1668,SE
1189230.408,X_LEG_2,11.05,27.48,2.26,1,1610,1668,SE
1189230.428,X_LEG_2,11.05,27.48,2.26,1,1610,1668,SE
1189230.448,X_LEG_2,11.05,27.48,2.26,1,1610,1668,SE
1189230.470,X_LEG_2,11.05,27.48,2.26,1,1610,1668,SE
1189230.490,X_LEG_2,11.05,27.48,2.26,1,1610,1668,SE
1189230.511,X_LEG_2,11.00,27.42,2.29,1,1610,1669,SE
1189230.532,X_LEG_2,11.00,27.42,2.29,1,1610,1669,SE
1189230.552,X_LEG_2,11.00,27.42,2.29,1,1610,1669,SE
1189230.573,X_LEG_2,11.00,27.42,2.29,1,1610,1669,SE
1189230.595,X_LEG_2,11.00,27.42,2.29,1,1610,1669,SE
1189230.616,X_LEG_2,10.94,27.35,2.34,1,1609,1669,SE
1189230.637,X_LEG_2,10.94,27.35,2.34,1,1609,1669,SE
1189230.657,X_LEG_2,10.94,27.35,2.34,1,1609,1669,SE
1189230.677,X_LEG_2,10.94,27.35,2.34,1,1609,1669,SE
1189230.697,X_LEG_2,10.94,27.35,2.34,1,1609,1669,SE
1189230.719,X_LEG_2,10.88,27.29,2.38,1,1609,1669,SE
1189230.740,X_LEG_2,10.88,27.29,2.38,1,1609,1669,SE
1189230.763,X_LEG_2,10.88,27.29,2.38,1,1609,1669,SE
1189230.784,X_LEG_2,10.88,27.29,2.38,1,1609,1669,SE
1189230.805,X_LEG_2,10.88,27.29,2.38,1,1609,1669,SE
1189230.831,X_LEG_2,10.88,27.29,2.38,1,1609,1669,SE
1189230.851,X_LEG_2,10.88,27.29,2.38,1,1609,1669,SE
1189230.872,X_LEG_2,10.88,27.29,2.38,1,1609,1669,SE
1189230.892,X_LEG_2,10.88,27.29,2.38,1,1609,1669,SE
1189230.912,X_LEG_2,10.88,27.29,2.38,1,1609,1669,SE
1189230.933,X_LEG_2,10.83,27.22,2.42,1,1609,1669,SE
1189230.954,X_LEG_2,10.83,27.22,2.42,1,1609,1669,SE
1189230.975,X_LEG_2,10.83,27.22,2.42,1,1609,1669,SE
1189230.995,X_LEG_2,10.83,27.22,2.42,1,1609,1669,SE
1189231.016,X_LEG_2,10.83,27.22,2.42,1,1609,1669,SE
1189231.036,X_LEG_2,10.77,27.15,2.46,1,1609,1669,SE
1189231.056,X_LEG_2,10.77,27.15,2.46,1,1609,1669,SE
1189231.077,X_LEG_2,10.77,27.15,2.46,1,1609,1669,SE
1189231.098,X_LEG_2,10.77,27.15,2.46,1,1609,1669,SE
1189231.119,X_LEG_2,10.77,27.15,2.46,1,1609,1669,SE
1189231.140,X_LEG_2,10.71,27.08,2.50,1,1608,1669,SE
1189231.160,X_LEG_2,10.71,27.08,2.50,1,1608,1669,SE
1189231.181,X_LEG_2,10.71,27.08,2.50,1,1608,1669,SE
1189231.205,X_LEG_2,10.71,27.08,2.50,1,1608,1669,SE
1189231.225,X_LEG_2,10.71,27.08,2.50,1,1608,1669,SE
1189231.248,X_LEG_2,10.63,26.99,2.56,1,1608,1670,SE
1189231.268,X_LEG_2,10.63,26.99,2.56,1,1608,1670,SE
1189231.289,X_LEG_2,10.63,26.99,2.56,1,1608,1670,SE
1189231.309,X_LEG_2,10.63,26.99,2.56,1,1608,1670,SE
1189231.330,X_LEG_2,10.63,26.99,2.56,1,1608,1670,SE
1189231.350,X_LEG_2,10.63,26.99,2.56,1,1608,1670,SE
1189231.373,X_LEG_2,10.63,26.99,2.56,1,1608,1670,SE
1189231.393,X_LEG_2,10.63,26.99,2.56,1,1608,1670,SE
1189231.414,X_LEG_2,10.63,26.99,2.56,1,1608,1670,SE
1189231.435,X_LEG_2,10.63,26.99,2.56,1,1608,1670,SE
1189231.457,X_LEG_2,10.57,26.93,2.61,1,1608,1670,SE
1189231.477,X_LEG_2,10.57,26.93,2.61,1,1608,1670,SE
1189231.499,X_LEG_2,10.57,26.93,2.61,1,1608,1670,SE
1189231.519,X_LEG_2,10.57,26.93,2.61,1,1608,1670,SE
1189231.540,X_LEG_2,10.57,26.93,2.61,1,1608,1670,SE
1189231.561,X_LEG_2,10.52,26.86,2.64,1,1607,1670,SE
1189231.581,X_LEG_2,10.52,26.86,2.64,1,1607,1670,SE
1189231.602,X_LEG_2,10.52,26.86,2.64,1,1607,1670,SE
1189231.622,X_LEG_2,10.52,26.86,2.64,1,1607,1670,SE
1189231.643,X_LEG_2,10.52,26.86,2.64,1,1607,1670,SE
1189231.663,X_LEG_2,10.46,26.79,2.68,1,1607,1670,SE
1189231.684,X_LEG_2,10.46,26.79,2.68,1,1607,1670,SE
1189231.704,X_LEG_2,10.46,26.79,2.68,1,1607,1670,SE
1189231.725,X_LEG_2,10.46,26.79,2.68,1,1607,1670,SE
1189231.745,X_LEG_2,10.46,26.79,2.68,1,1607,1670,SE
1189231.766,X_LEG_2,10.41,26.73,2.73,1,1607,1670,SE
1189231.787,X_LEG_2,10.41,26.73,2.73,1,1607,1670,SE
1189231.807,X_LEG_2,10.41,26.73,2.73,1,1607,1670,SE
1189231.829,X_LEG_2,10.41,26.73,2.73,1,1607,1670,SE
1189231.849,X_LEG_2,10.41,26.73,2.73,1,1607,1670,SE
1189231.869,X_LEG_2,10.35,26.66,2.76,1,1607,1669,SE
1189231.891,X_LEG_2,10.35,26.66,2.76,1,1607,1669,SE
1189231.911,X_LEG_2,10.35,26.66,2.76,1,1607,1669,SE
1189231.932,X_LEG_2,10.35,26.66,2.76,1,1607,1669,SE
1189231.952,X_LEG_2,10.35,26.66,2.76,1,1607,1669,SE
1189231.973,X_LEG_2,10.30,26.59,2.81,1,1606,1670,SE
1189231.994,X_LEG_2,10.30,26.59,2.81,1,1606,1670,SE
1189232.014,X_LEG_2,10.30,26.59,2.81,1,1606,1670,SE
1189232.036,X_LEG_2,10.30,26.59,2.81,1,1606,1670,SE
1189232.060,X_LEG_2,10.30,26.59,2.81,1,1606,1670,SE
1189232.081,X_LEG_2,10.30,26.59,2.81,1,1606,1670,SE
1189232.102,X_LEG_2,10.30,26.59,2.81,1,1606,1670,SE
1189232.122,X_LEG_2,10.30,26.59,2.81,1,1606,1670,SE
1189232.143,X_LEG_2,10.30,26.59,2.81,1,1606,1670,SE
1189232.163,X_LEG_2,10.30,26.59,2.81,1,1606,1670,SE
1189232.184,X_LEG_2,10.25,26.54,2.84,1,1606,1670,SE
1189232.204,X_LEG_2,10.25,26.54,2.84,1,1606,1670,SE
1189232.225,X_LEG_2,10.25,26.54,2.84,1,1606,1670,SE
1189232.246,X_LEG_2,10.25,26.54,2.84,1,1606,1670,SE
1189232.266,X_LEG_2,10.25,26.54,2.84,1,1606,1670,SE
1189232.289,X_LEG_2,10.19,26.47,2.89,1,1606,1670,SE
1189232.309,X_LEG_2,10.19,26.47,2.89,1,1606,1670,SE
1189232.330,X_LEG_2,10.19,26.47,2.89,1,1606,1670,SE
1189232.350,X_LEG_2,10.19,26.47,2.89,1,1606,1670,SE
1189232.371,X_LEG_2,10.19,26.47,2.89,1,1606,1670,SE
1189232.392,X_LEG_2,10.14,26.40,1.93,1,1606,1670,SE
1189232.412,X_LEG_2,10.14,26.40,1.93,1,1606,1670,SE
1189232.432,X_LEG_2,10.14,26.40,1.93,1,1606,1670,SE
1189232.454,X_LEG_2,10.14,26.40,1.93,1,1606,1670,SE
1189232.475,X_LEG_2,10.14,26.40,1.93,1,1606,1670,SE
1189232.495,X_LEG_2,10.09,26.33,1.98,1,1605,1670,SE
1189232.516,X_LEG_2,10.09,26.33,1.98,1,1605,1670,SE
1189232.536,X_LEG_2,10.09,26.33,1.98,1,1605,1670,SE
1189232.558,X_LEG_2,10.09,26.33,1.98,1,1605,1670,SE
1189232.578,X_LEG_2,10.09,26.33,1.98,1,1605,1670,SE
1189232.599,X_LEG_2,10.09,26.27,2.01,1,1605,1670,SE
1189232.619,X_LEG_2,10.04,26.27,2.01,1,1605,1670,SE
1189232.639,X_LEG_2,10.04,26.27,2.01,1,1605,1670,SE
1189232.660,X_LEG_2,10.04,26.27,2.01,1,1605,1670,SE
1189232.681,X_LEG_2,10.04,26.27,2.01,1,1605,1670,SE
1189232.702,X_LEG_2,9.96,26.17,2.08,1,1605,1671,SE
1189232.722,X_LEG_2,9.96,26.17,2.08,1,1605,1671,SE
1189232.743,X_LEG_2,9.96,26.17,2.08,1,1605,1671,SE
1189232.763,X_LEG_2,9.96,26.17,2.08,1,1605,1671,SE
1189232.784,X_LEG_2,9.96,26.17,2.08,1,1605,1671,SE
1189232.805,X_LEG_2,9.91,26.11,2.12,1,1604,1671,SE
1189232.825,X_LEG_2,9.91,26.11,2.12,1,1604,1671,SE
1189232.846,X_LEG_2,9.91,26.11,2.12,1,1604,1671,SE
1189232.867,X_LEG_2,9.91,26.11,2.12,1,1604,1671,SE
1189232.887,X_LEG_2,9.91,26.11,2.12,1,1604,1671,SE
1189232.907,X_LEG_2,9.86,26.04,2.15,1,1604,1671,SE
1189232.928,X_LEG_2,9.86,26.04,2.15,1,1604,1671,SE
1189232.949,X_LEG_2,9.86,26.04,2.15,1,1604,1671,SE
1189232.969,X_LEG_2,9.86,26.04,2.15,1,1604,1671,SE
1189232.989,X_LEG_2,9.86,26.04,2.15,1,1604,1671,SE
1189233.009,X_LEG_2,9.81,25.98,2.20,1,1604,1671,SE
1189233.030,X_LEG_2,9.81,25.98,2.20,1,1604,1671,SE
1189233.051,X_LEG_2,9.81,25.98,2.20,1,1604,1671,SE
1189233.071,X_LEG_2,9.81,25.98,2.20,1,1604,1671,SE
1189233.091,X_LEG_2,9.81,25.98,2.20,1,1604,1671,SE
1189233.113,X_LEG_2,9.75,25.91,2.24,1,1604,1671,SE
1189233.134,X_LEG_2,9.75,25.91,2.24,1,1604,1671,SE
1189233.154,X_LEG_2,9.75,25.91,2.24,1,1604,1671,SE
1189233.175,X_LEG_2,9.75,25.91,2.24,1,1604,1671,SE
1189233.195,X_LEG_2,9.75,25.91,2.24,1,1604,1671,SE
1189233.217,X_LEG_2,9.75,25.91,2.24,1,1604,1671,SE
1189233.237,X_LEG_2,9.75,25.91,2.24,1,1604,1671,SE
1189233.257,X_LEG_2,9.75,25.91,2.24,1,1604,1671,SE
1189233.278,X_LEG_2,9.75,25.91,2.24,1,1604,1671,SE
1189233.298,X_LEG_2,9.75,25.91,2.24,1,1604,1671,SE
1189233.319,X_LEG_2,9.70,25.84,2.27,1,1603,1671,SE
1189233.339,X_LEG_2,9.70,25.84,2.27,1,1603,1671,SE
1189233.361,X_LEG_2,9.70,25.84,2.27,1,1603,1671,SE
1189233.381,X_LEG_2,9.70,25.84,2.27,1,1603,1671,SE
1189233.401,X_LEG_2,9.70,25.84,2.27,1,1603,1671,SE
1189233.425,X_LEG_2,9.65,25.78,2.33,1,1603,1672,SE
1189233.446,X_LEG_2,9.65,25.78,2.33,1,1603,1672,SE
1189233.466,X_LEG_2,9.65,25.78,2.33,1,1603,1672,SE
1189233.487,X_LEG_2,9.65,25.78,2.33,1,1603,1672,SE
1189233.509,X_LEG_2,9.65,25.78,2.33,1,1603,1672,SE
1189233.529,X_LEG_2,9.61,25.71,2.36,1,1603,1672,SE
1189233.551,X_LEG_2,9.61,25.71,2.36,1,1603,1672,SE
1189233.570,X_LEG_2,9.61,25.71,2.36,1,1603,1672,SE
1189233.590,X_LEG_2,9.61,25.71,2.36,1,1603,1672,SE
1189233.616,X_LEG_2,9.61,25.71,2.36,1,1603,1672,SE
1189233.637,X_LEG_2,9.56,25.64,2.40,1,1603,1672,SE
1189233.656,X_LEG_2,9.56,25.64,2.40,1,1603,1672,SE
1189233.677,X_LEG_2,9.56,25.64,2.40,1,1603,1672,SE
1189233.699,X_LEG_2,9.56,25.64,2.40,1,1603,1672,SE
1189233.720,X_LEG_2,9.56,25.64,2.40,1,1603,1672,SE
1189233.741,X_LEG_2,9.51,25.59,2.44,1,1602,1672,SE
1189233.762,X_LEG_2,9.51,25.59,2.44,1,1602,1672,SE
1189233.782,X_LEG_2,9.51,25.59,2.44,1,1602,1672,SE
1189233.802,X_LEG_2,9.51,25.59,2.44,1,1602,1672,SE
1189233.823,X_LEG_2,9.51,25.59,2.44,1,1602,1672,SE
1189233.844,X_LEG_2,9.46,25.52,2.49,1,1602,1672,SE
1189233.864,X_LEG_2,9.46,25.52,2.49,1,1602,1672,SE
1189233.885,X_LEG_2,9.46,25.52,2.49,1,1602,1672,SE
1189233.905,X_LEG_2,9.46,25.52,2.49,1,1602,1672,SE
1189233.926,X_LEG_2,9.46,25.52,2.49,1,1602,1672,SE
1189233.946,X_LEG_2,9.39,25.42,1.54,1,1602,1672,SE
1189233.971,X_LEG_2,9.39,25.42,1.54,1,1602,1672,SE
1189233.989,X_LEG_2,9.39,25.42,1.54,1,1602,1672,SE
1189234.010,X_LEG_2,9.39,25.42,1.54,1,1602,1672,SE
1189234.032,X_LEG_2,9.39,25.42,1.54,1,1602,1672,SE
1189234.053,X_LEG_2,9.34,25.35,1.58,1,1601,1672,SE
1189234.073,X_LEG_2,9.34,25.35,1.58,1,1601,1672,SE
1189234.096,X_LEG_2,9.34,25.35,1.58,1,1601,1672,SE
1189234.117,X_LEG_2,9.34,25.35,1.58,1,1601,1672,SE
1189234.138,X_LEG_2,9.34,25.35,1.58,1,1601,1672,SE
1189234.158,X_LEG_2,9.34,25.35,1.58,1,1601,1672,SE
1189234.178,X_LEG_2,9.34,25.35,1.58,1,1601,1672,SE
1189234.201,X_LEG_2,9.34,25.35,1.58,1,1601,1672,SE
1189234.221,X_LEG_2,9.34,25.35,1.58,1,1601,1672,SE
1189234.241,X_LEG_2,9.34,25.35,1.58,1,1601,1672,SE
1189234.262,X_LEG_2,9.27,25.25,1.65,1,1601,1673,SE
1189234.283,X_LEG_2,9.27,25.25,1.65,1,1601,1673,SE
1189234.304,X_LEG_2,9.27,25.25,1.65,1,1601,1673,SE
1189234.324,X_LEG_2,9.27,25.25,1.65,1,1601,1673,SE
1189234.344,X_LEG_2,9.27,25.25,1.65,1,1601,1673,SE
1189234.365,X_LEG_2,9.22,25.19,1.69,1,1601,1673,SE
1189234.386,X_LEG_2,9.22,25.19,1.69,1,1601,1673,SE
1189234.406,X_LEG_2,9.22,25.19,1.69,1,1601,1673,SE
1189234.426,X_LEG_2,9.22,25.19,1.69,1,1601,1673,SE
1189234.447,X_LEG_2,9.22,25.19,1.69,1,1601,1673,SE
1189234.467,X_LEG_2,9.18,25.13,1.73,1,1601,1673,SE
1189234.492,X_LEG_2,9.18,25.13,1.73,1,1601,1673,SE
1189234.520,X_LEG_2,9.18,25.13,1.73,1,1601,1673,SE
1189234.557,X_LEG_2,9.18,25.13,1.73,1,1601,1673,SE
1189234.588,X_LEG_2,9.18,25.13,1.73,1,1601,1673,SE
1189234.608,X_LEG_2,9.18,25.13,1.73,1,1601,1673,SE
1189234.628,X_LEG_2,9.18,25.13,1.73,1,1601,1673,SE
1189234.652,X_LEG_2,9.18,25.13,1.73,1,1601,1673,SE
1189234.676,X_LEG_2,9.18,25.13,1.73,1,1601,1673,SE
1189234.697,X_LEG_2,9.18,25.13,1.73,1,1601,1673,SE
1189234.719,X_LEG_2,9.13,25.06,1.77,1,1600,1673,SE
1189234.740,X_LEG_2,9.13,25.06,1.77,1,1600,1673,SE
1189234.767,X_LEG_2,9.13,25.06,1.77,1,1600,1673,SE
1189234.788,X_LEG_2,9.13,25.06,1.77,1,1600,1673,SE
1189234.809,X_LEG_2,9.13,25.06,1.77,1,1600,1673,SE
1189234.829,X_LEG_2,9.09,25.00,1.80,1,1600,1672,SE
1189234.850,X_LEG_2,9.09,25.00,1.80,1,1600,1672,SE
1189234.872,X_LEG_2,9.09,25.00,1.80,1,1600,1672,SE
1189234.892,X_LEG_2,9.09,25.00,1.80,1,1600,1672,SE
1189234.913,X_LEG_2,9.09,25.00,1.80,1,1600,1672,SE
1189234.937,X_LEG_2,9.04,24.93,1.86,1,1600,1672,SE
1189234.959,X_LEG_2,9.04,24.93,1.86,1,1600,1672,SE
1189234.979,X_LEG_2,9.04,24.93,1.86,1,1600,1672,SE
1189235.000,X_LEG_2,9.04,24.93,1.86,1,1600,1672,SE
1189235.020,X_LEG_2,9.04,24.93,1.86,1,1600,1672,SE
1189235.043,X_LEG_2,9.00,24.86,1.90,1,1599,1673,SE
1189235.063,X_LEG_2,9.00,24.86,1.90,1,1599,1673,SE
1189235.083,X_LEG_2,9.00,24.86,1.90,1,1599,1673,SE
1189235.105,X_LEG_2,9.00,24.86,1.90,1,1599,1673,SE
1189235.125,X_LEG_2,9.00,24.86,1.90,1,1599,1673,SE
1189235.146,X_LEG_2,8.95,24.80,1.94,1,1599,1673,SE
1189235.166,X_LEG_2,8.95,24.80,1.94,1,1599,1673,SE
1189235.187,X_LEG_2,8.95,24.80,1.94,1,1599,1673,SE
1189235.208,X_LEG_2,8.95,24.80,1.94,1,1599,1673,SE
1189235.228,X_LEG_2,8.95,24.80,1.94,1,1599,1673,SE
1189235.249,X_LEG_2,8.91,24.73,1.98,1,1599,1673,SE
1189235.270,X_LEG_2,8.91,24.73,1.98,1,1599,1673,SE
1189235.295,X_LEG_2,8.91,24.73,1.98,1,1599,1673,SE
1189235.315,X_LEG_2,8.91,24.73,1.98,1,1599,1673,SE
1189235.336,X_LEG_2,8.91,24.73,1.98,1,1599,1673,SE
1189235.356,X_LEG_2,8.91,24.73,1.98,1,1599,1673,SE
1189235.377,X_LEG_2,8.91,24.73,1.98,1,1599,1673,SE
1189235.398,X_LEG_2,8.91,24.73,1.98,1,1599,1673,SE
1189235.418,X_LEG_2,8.91,24.73,1.98,1,1599,1673,SE
1189235.439,X_LEG_2,8.91,24.73,1.98,1,1599,1673,SE
1189235.459,X_LEG_2,8.87,24.67,2.01,1,1599,1673,SE
1189235.482,X_LEG_2,8.87,24.67,2.01,1,1599,1673,SE
1189235.503,X_LEG_2,8.87,24.67,2.01,1,1599,1673,SE
1189235.527,X_LEG_2,8.87,24.67,2.01,1,1599,1673,SE
1189235.547,X_LEG_2,8.87,24.67,2.01,1,1599,1673,SE
1189235.569,X_LEG_2,8.82,24.61,2.05,1,1598,1673,SE
1189235.589,X_LEG_2,8.82,24.61,2.05,1,1598,1673,SE
1189235.611,X_LEG_2,8.82,24.61,2.05,1,1598,1673,SE
1189235.631,X_LEG_2,8.82,24.61,2.05,1,1598,1673,SE
1189235.651,X_LEG_2,8.82,24.61,2.05,1,1598,1673,SE
1189235.673,X_LEG_2,8.78,24.54,2.09,1,1598,1673,SE
1189235.692,X_LEG_2,8.78,24.54,2.09,1,1598,1673,SE
1189235.713,X_LEG_2,8.78,24.54,2.09,1,1598,1673,SE
1189235.733,X_LEG_2,8.78,24.54,2.09,1,1598,1673,SE
1189235.753,X_LEG_2,8.78,24.54,2.09,1,1598,1673,SE
1189235.775,X_LEG_2,8.74,24.47,2.13,1,1598,1673,SE
1189235.795,X_LEG_2,8.74,24.47,2.13,1,1598,1673,SE
1189235.816,X_LEG_2,8.74,24.47,2.13,1,1598,1673,SE
1189235.836,X_LEG_2,8.74,24.47,2.13,1,1598,1673,SE
1189235.857,X_LEG_2,8.74,24.47,2.13,1,1598,1673,SE
1189235.877,X_LEG_2,8.74,24.47,2.13,1,1598,1673,SE
1189235.898,X_LEG_2,8.74,24.47,2.13,1,1598,1673,SE
1189235.920,X_LEG_2,8.74,24.47,2.13,1,1598,1673,SE
1189235.941,X_LEG_2,8.74,24.47,2.13,1,1598,1673,SE
1189235.963,X_LEG_2,8.74,24.47,2.13,1,1598,1673,SE
1189235.982,X_LEG_2,8.68,24.37,2.19,1,1597,1673,SE
1189236.002,X_LEG_2,8.68,24.37,2.19,1,1597,1673,SE
1189236.023,X_LEG_2,8.68,24.37,2.19,1,1597,1673,SE
1189236.043,X_LEG_2,8.68,24.37,2.19,1,1597,1673,SE
1189236.064,X_LEG_2,8.68,24.37,2.19,1,1597,1673,SE
1189236.084,X_LEG_2,8.64,24.32,2.23,1,1597,1674,SE
1189236.105,X_LEG_2,8.64,24.32,2.23,1,1597,1674,SE
1189236.126,X_LEG_2,8.64,24.32,2.23,1,1597,1674,SE
1189236.147,X_LEG_2,8.64,24.32,2.23,1,1597,1674,SE
1189236.167,X_LEG_2,8.64,24.32,2.23,1,1597,1674,SE
1189236.188,X_LEG_2,8.60,24.25,1.27,1,1597,1674,SE
1189236.210,X_LEG_2,8.60,24.25,1.27,1,1597,1674,SE
1189236.231,X_LEG_2,8.60,24.25,1.27,1,1597,1674,SE
1189236.251,X_LEG_2,8.60,24.25,1.27,1,1597,1674,SE
1189236.274,X_LEG_2,8.60,24.25,1.27,1,1597,1674,SE
1189236.295,X_LEG_2,8.55,24.18,1.31,1,1597,1674,SE
1189236.315,X_LEG_2,8.55,24.18,1.31,1,1597,1674,SE
1189236.335,X_LEG_2,8.55,24.18,1.31,1,1597,1674,SE
1189236.358,X_LEG_2,8.55,24.18,1.31,1,1597,1674,SE
1189236.376,X_LEG_2,8.55,24.18,1.31,1,1597,1674,SE
1189236.397,X_LEG_2,8.50,24.08,1.37,1,1596,1674,SE
1189236.418,X_LEG_2,8.50,24.08,1.37,1,1596,1674,SE
1189236.440,X_LEG_2,8.50,24.08,1.37,1,1596,1674,SE
1189236.461,X_LEG_2,8.50,24.08,1.37,1,1596,1674,SE
1189236.481,X_LEG_2,8.50,24.08,1.37,1,1596,1674,SE
1189236.502,X_LEG_2,8.46,24.03,1.43,1,1596,1674,SE
1189236.523,X_LEG_2,8.46,24.03,1.43,1,1596,1674,SE
1189236.543,X_LEG_2,8.46,24.03,1.43,1,1596,1674,SE
1189236.563,X_LEG_2,8.46,24.03,1.43,1,1596,1674,SE
1189236.585,X_LEG_2,8.46,24.03,1.43,1,1596,1674,SE
1189236.606,X_LEG_2,8.42,23.96,1.45,1,1596,1674,SE
1189236.629,X_LEG_2,8.42,23.96,1.45,1,1596,1674,SE
1189236.650,X_LEG_2,8.42,23.96,1.45,1,1596,1674,SE
1189236.671,X_LEG_2,8.42,23.96,1.45,1,1596,1674,SE
1189236.691,X_LEG_2,8.42,23.96,1.45,1,1596,1674,SE
1189236.712,X_LEG_2,8.38,23.90,1.50,1,1596,1674,SE
1189236.733,X_LEG_2,8.38,23.90,1.50,1,1596,1674,SE
1189236.759,X_LEG_2,8.38,23.90,1.50,1,1596,1674,SE
1189236.782,X_LEG_2,8.38,23.90,1.50,1,1596,1674,SE
1189236.803,X_LEG_2,8.38,23.90,1.50,1,1596,1674,SE
1189236.823,X_LEG_2,8.34,23.83,1.54,1,1595,1674,SE
1189236.846,X_LEG_2,8.34,23.83,1.54,1,1595,1674,SE
1189236.867,X_LEG_2,8.34,23.83,1.54,1,1595,1674,SE
1189236.887,X_LEG_2,8.34,23.83,1.54,1,1595,1674,SE
1189236.907,X_LEG_2,8.34,23.83,1.54,1,1595,1674,SE
1189236.928,X_LEG_2,8.29,23.73,1.60,1,1595,1675,SE
1189236.948,X_LEG_2,8.29,23.73,1.60,1,1595,1675,SE
1189236.968,X_LEG_2,8.29,23.73,1.60,1,1595,1675,SE
1189236.989,X_LEG_2,8.29,23.73,1.60,1,1595,1675,SE
1189237.009,X_LEG_2,8.29,23.73,1.60,1,1595,1675,SE
1189237.030,X_LEG_2,8.29,23.73,1.60,1,1595,1675,SE
1189237.050,X_LEG_2,8.29,23.73,1.60,1,1595,1675,SE
1189237.071,X_LEG_2,8.29,23.73,1.60,1,1595,1675,SE
1189237.091,X_LEG_2,8.29,23.73,1.60,1,1595,1675,SE
1189237.113,X_LEG_2,8.29,23.73,1.60,1,1595,1675,SE
1189237.134,X_LEG_2,8.23,23.64,1.66,1,1595,1675,SE
1189237.154,X_LEG_2,8.23,23.64,1.66,1,1595,1675,SE
1189237.175,X_LEG_2,8.23,23.64,1.66,1,1595,1675,SE
1189237.195,X_LEG_2,8.23,23.64,1.66,1,1595,1675,SE
1189237.217,X_LEG_2,8.23,23.64,1.66,1,1595,1675,SE
1189237.238,X_LEG_2,8.20,23.57,1.70,1,1594,1675,SE
1189237.262,X_LEG_2,8.20,23.57,1.70,1,1594,1675,SE
1189237.279,X_LEG_2,8.20,23.57,1.70,1,1594,1675,SE
1189237.300,X_LEG_2,8.20,23.57,1.70,1,1594,1675,SE
1189237.321,X_LEG_2,8.20,23.57,1.70,1,1594,1675,SE
1189237.342,X_LEG_2,8.16,23.51,1.75,1,1594,1675,SE
1189237.363,X_LEG_2,8.16,23.51,1.75,1,1594,1675,SE
1189237.384,X_LEG_2,8.16,23.51,1.75,1,1594,1675,SE
1189237.404,X_LEG_2,8.16,23.51,1.75,1,1594,1675,SE
1189237.425,X_LEG_2,8.16,23.51,1.75,1,1594,1675,SE
1189237.445,X_LEG_2,8.16,23.51,1.75,1,1594,1675,SE
1189237.466,X_LEG_2,8.16,23.51,1.75,1,1594,1675,SE
1189237.486,X_LEG_2,8.16,23.51,1.75,1,1594,1675,SE
1189237.506,X_LEG_2,8.16,23.51,1.75,1,1594,1675,SE
1189237.526,X_LEG_2,8.16,23.51,1.75,1,1594,1675,SE
1189237.547,X_LEG_2,8.09,23.39,1.83,1,1594,1675,SE
1189237.569,X_LEG_2,8.09,23.39,1.83,1,1594,1675,SE
1189237.591,X_LEG_2,8.09,23.39,1.83,1,1594,1675,SE
1189237.611,X_LEG_2,8.09,23.39,1.83,1,1594,1675,SE
1189237.631,X_LEG_2,8.09,23.39,1.83,1,1594,1675,SE
1189237.651,X_LEG_2,8.06,23.32,1.88,1,1593,1674,SE
1189237.673,X_LEG_2,8.06,23.32,1.88,1,1593,1674,SE
1189237.693,X_LEG_2,8.06,23.32,1.88,1,1593,1674,SE
1189237.714,X_LEG_2,8.06,23.32,1.88,1,1593,1674,SE
1189237.734,X_LEG_2,8.06,23.32,1.88,1,1593,1674,SE
1189237.755,X_LEG_2,8.06,23.32,1.88,1,1593,1674,SE
1189237.775,X_LEG_2,8.06,23.32,1.88,1,1593,1674,SE
1189237.796,X_LEG_2,8.06,23.32,1.88,1,1593,1674,SE
1189237.816,X_LEG_2,8.06,23.32,1.88,1,1593,1674,SE
1189237.837,X_LEG_2,8.06,23.32,1.88,1,1593,1674,SE
1189237.859,X_LEG_2,8.02,23.25,1.92,1,1593,1674,SE
1189237.879,X_LEG_2,8.02,23.25,1.92,1,1593,1674,SE
1189237.900,X_LEG_2,8.02,23.25,1.92,1,1593,1674,SE
1189237.921,X_LEG_2,8.02,23.25,1.92,1,1593,1674,SE
1189237.942,X_LEG_2,8.02,23.25,1.92,1,1593,1674,SE
1189237.961,X_LEG_2,7.97,23.16,1.96,1,1593,1675,SE
1189237.981,X_LEG_2,7.97,23.16,1.96,1,1593,1675,SE
1189238.002,X_LEG_2,7.97,23.16,1.96,1,1593,1675,SE
1189238.023,X_LEG_2,7.97,23.16,1.96,1,1593,1675,SE
1189238.043,X_LEG_2,7.97,23.16,1.96,1,1593,1675,SE
1189238.063,X_LEG_2,7.94,23.10,2.01,1,1592,1675,SE
1189238.084,X_LEG_2,7.94,23.10,2.01,1,1592,1675,SE
1189238.105,X_LEG_2,7.94,23.10,2.01,1,1592,1675,SE
1189238.125,X_LEG_2,7.94,23.10,2.01,1,1592,1675,SE
1189238.146,X_LEG_2,7.94,23.10,2.01,1,1592,1675,SE
1189238.168,X_LEG_2,7.91,23.03,2.05,1,1592,1675,SE
1189238.191,X_LEG_2,7.91,23.03,2.05,1,1592,1675,SE
1189238.211,X_LEG_2,7.91,23.03,2.05,1,1592,1675,SE
1189238.232,X_LEG_2,7.91,23.03,2.05,1,1592,1675,SE
1189238.256,X_LEG_2,7.91,23.03,2.05,1,1592,1675,SE
1189238.276,X_LEG_2,7.86,22.94,2.12,1,1592,1675,SE
1189238.297,X_LEG_2,7.86,22.94,2.12,1,1592,1675,SE
1189238.318,X_LEG_2,7.86,22.94,2.12,1,1592,1675,SE
1189238.338,X_LEG_2,7.86,22.94,2.12,1,1592,1675,SE
1189238.359,X_LEG_2,7.86,22.94,2.12,1,1592,1675,SE
1189238.380,X_LEG_2,7.83,22.88,2.17,1,1592,1675,SE
1189238.401,X_LEG_2,7.83,22.88,2.17,1,1592,1675,SE
1189238.422,X_LEG_2,7.83,22.88,2.17,1,1592,1675,SE
1189238.442,X_LEG_2,7.83,22.88,2.17,1,1592,1675,SE
1189238.466,X_LEG_2,7.83,22.88,2.17,1,1592,1675,SE
1189238.486,X_LEG_2,7.80,22.81,2.19,1,1591,1675,SE
1189238.507,X_LEG_2,7.80,22.81,2.19,1,1591,1675,SE
1189238.528,X_LEG_2,7.80,22.81,2.19,1,1591,1675,SE
1189238.549,X_LEG_2,7.80,22.81,2.19,1,1591,1675,SE
1189238.570,X_LEG_2,7.80,22.81,2.19,1,1591,1675,SE
1189238.590,X_LEG_2,7.80,22.81,2.19,1,1591,1675,SE
1189238.610,X_LEG_2,7.80,22.81,2.19,1,1591,1675,SE
1189238.631,X_LEG_2,7.80,22.81,2.19,1,1591,1675,SE
1189238.651,X_LEG_2,7.80,22.81,2.19,1,1591,1675,SE
1189238.672,X_LEG_2,7.80,22.81,2.19,1,1591,1675,SE
1189238.692,X_LEG_2,7.75,22.72,2.26,1,1591,1675,SE
1189238.715,X_LEG_2,7.75,22.72,2.26,1,1591,1675,SE
1189238.734,X_LEG_2,7.75,22.72,2.26,1,1591,1675,SE
1189238.755,X_LEG_2,7.75,22.72,2.26,1,1591,1675,SE
1189238.776,X_LEG_2,7.75,22.72,2.26,1,1591,1675,SE
1189238.797,X_LEG_2,7.71,22.62,2.33,1,1590,1675,SE
1189238.817,X_LEG_2,7.71,22.62,2.33,1,1590,1675,SE
1189238.838,X_LEG_2,7.71,22.62,2.33,1,1590,1675,SE
1189238.858,X_LEG_2,7.71,22.62,2.33,1,1590,1675,SE
1189238.879,X_LEG_2,7.71,22.62,2.33,1,1590,1675,SE
1189238.899,X_LEG_2,7.71,22.62,2.33,1,1590,1675,SE
1189238.920,X_LEG_2,7.71,22.62,2.33,1,1590,1675,SE
1189238.940,X_LEG_2,7.71,22.62,2.33,1,1590,1675,SE
1189238.961,X_LEG_2,7.71,22.62,2.33,1,1590,1675,SE
1189238.982,X_LEG_2,7.71,22.62,2.33,1,1590,1675,SE
1189239.002,X_LEG_2,7.68,22.57,2.35,1,1590,1675,SE
1189239.023,X_LEG_2,7.68,22.57,2.35,1,1590,1675,SE
1189239.043,X_LEG_2,7.68,22.57,2.35,1,1590,1675,SE
1189239.064,X_LEG_2,7.68,22.57,2.35,1,1590,1675,SE
1189239.085,X_LEG_2,7.68,22.57,2.35,1,1590,1675,SE
1189239.105,X_LEG_2,7.64,22.47,2.42,1,1590,1676,SE
1189239.126,X_LEG_2,7.64,22.47,2.42,1,1590,1676,SE
1189239.147,X_LEG_2,7.64,22.47,2.42,1,1590,1676,SE
1189239.167,X_LEG_2,7.64,22.47,2.42,1,1590,1676,SE
1189239.187,X_LEG_2,7.64,22.47,2.42,1,1590,1676,SE
1189239.209,X_LEG_2,7.60,22.38,1.49,1,1590,1676,SE
1189239.229,X_LEG_2,7.60,22.38,1.49,1,1590,1676,SE
1189239.250,X_LEG_2,7.60,22.38,1.49,1,1590,1676,SE
1189239.270,X_LEG_2,7.60,22.38,1.49,1,1590,1676,SE
1189239.291,X_LEG_2,7.60,22.38,1.49,1,1590,1676,SE
1189239.311,X_LEG_2,7.60,22.38,1.49,1,1590,1676,SE
1189239.332,X_LEG_2,7.60,22.38,1.49,1,1590,1676,SE
1189239.353,X_LEG_2,7.60,22.38,1.49,1,1590,1676,SE
1189239.373,X_LEG_2,7.60,22.38,1.49,1,1590,1676,SE
1189239.393,X_LEG_2,7.60,22.38,1.49,1,1590,1676,SE
1189239.414,X_LEG_2,7.56,22.28,1.54,1,1589,1676,SE
1189239.434,X_LEG_2,7.56,22.28,1.54,1,1589,1676,SE
1189239.455,X_LEG_2,7.56,22.28,1.54,1,1589,1676,SE
1189239.475,X_LEG_2,7.56,22.28,1.54,1,1589,1676,SE
1189239.495,X_LEG_2,7.56,22.28,1.54,1,1589,1676,SE
1189239.516,X_LEG_2,7.53,22.22,1.59,1,1589,1676,SE
1189239.536,X_LEG_2,7.53,22.22,1.59,1,1589,1676,SE
1189239.557,X_LEG_2,7.53,22.22,1.59,1,1589,1676,SE
1189239.578,X_LEG_2,7.53,22.22,1.59,1,1589,1676,SE
1189239.598,X_LEG_2,7.53,22.22,1.59,1,1589,1676,SE
1189239.619,X_LEG_2,7.51,22.16,1.63,1,1589,1676,SE
1189239.639,X_LEG_2,7.51,22.16,1.63,1,1589,1676,SE
1189239.660,X_LEG_2,7.51,22.16,1.63,1,1589,1676,SE
1189239.680,X_LEG_2,7.51,22.16,1.63,1,1589,1676,SE
1189239.701,X_LEG_2,7.51,22.16,1.63,1,1589,1676,SE
1189239.721,X_LEG_2,7.47,22.07,1.68,1,1588,1676,SE
1189239.742,X_LEG_2,7.47,22.07,1.68,1,1588,1676,SE
1189239.762,X_LEG_2,7.47,22.07,1.68,1,1588,1676,SE
1189239.783,X_LEG_2,7.47,22.07,1.68,1,1588,1676,SE
1189239.803,X_LEG_2,7.47,22.07,1.68,1,1588,1676,SE
1189239.824,X_LEG_2,7.43,21.97,1.76,1,1588,1676,SE
1189239.844,X_LEG_2,7.43,21.97,1.76,1,1588,1676,SE
1189239.865,X_LEG_2,7.43,21.97,1.76,1,1588,1676,SE
1189239.885,X_LEG_2,7.43,21.97,1.76,1,1588,1676,SE
1189239.906,X_LEG_2,7.43,21.97,1.76,1,1588,1676,SE
1189239.926,X_LEG_2,7.43,21.97,1.76,1,1588,1676,SE
1189239.947,X_LEG_2,7.43,21.97,1.76,1,1588,1676,SE
1189239.969,X_LEG_2,7.43,21.97,1.76,1,1588,1676,SE
1189239.989,X_LEG_2,7.43,21.97,1.76,1,1588,1676,SE
1189240.010,X_LEG_2,7.43,21.97,1.76,1,1588,1676,SE
1189240.031,X_LEG_2,7.40,21.88,1.81,1,1588,1676,SE
1189240.051,X_LEG_2,7.40,21.88,1.81,1,1588,1676,SE
1189240.072,X_LEG_2,7.40,21.88,1.81,1,1588,1676,SE
1189240.093,X_LEG_2,7.40,21.88,1.81,1,1588,1676,SE
1189240.113,X_LEG_2,7.40,21.88,1.81,1,1588,1676,SE
1189240.134,X_LEG_2,7.36,21.79,1.86,1,1587,1676,SE
1189240.154,X_LEG_2,7.36,21.79,1.86,1,1587,1676,SE
1189240.175,X_LEG_2,7.36,21.79,1.86,1,1587,1676,SE
1189240.195,X_LEG_2,7.36,21.79,1.86,1,1587,1676,SE
1189240.216,X_LEG_2,7.36,21.79,1.86,1,1587,1676,SE
1189240.236,X_LEG_2,7.33,21.69,1.93,1,1587,1677,SE
1189240.257,X_LEG_2,7.33,21.69,1.93,1,1587,1677,SE
1189240.278,X_LEG_2,7.33,21.69,1.93,1,1587,1677,SE
1189240.298,X_LEG_2,7.33,21.69,1.93,1,1587,1677,SE
1189240.318,X_LEG_2,7.33,21.69,1.93,1,1587,1677,SE
1189240.339,X_LEG_2,7.30,21.61,1.99,1,1586,1676,SE
1189240.359,X_LEG_2,7.30,21.61,1.99,1,1586,1676,SE
1189240.379,X_LEG_2,7.30,21.61,1.99,1,1586,1676,SE
1189240.400,X_LEG_2,7.30,21.61,1.99,1,1586,1676,SE
1189240.420,X_LEG_2,7.30,21.61,1.99,1,1586,1676,SE
1189240.441,X_LEG_2,7.27,21.52,2.06,1,1586,1676,SE
1189240.461,X_LEG_2,7.27,21.52,2.06,1,1586,1676,SE
1189240.482,X_LEG_2,7.27,21.52,2.06,1,1586,1676,SE
1189240.502,X_LEG_2,7.27,21.52,2.06,1,1586,1676,SE
1189240.523,X_LEG_2,7.27,21.52,2.06,1,1586,1676,SE
1189240.544,X_LEG_2,7.27,21.52,2.06,1,1586,1676,SE
1189240.565,X_LEG_2,7.27,21.52,2.06,1,1586,1676,SE
1189240.585,X_LEG_2,7.27,21.52,2.06,1,1586,1676,SE
1189240.606,X_LEG_2,7.27,21.52,2.06,1,1586,1676,SE
1189240.626,X_LEG_2,7.27,21.52,2.06,1,1586,1676,SE
1189240.647,X_LEG_2,7.27,21.52,2.06,1,1586,1676,SE
1189240.667,X_LEG_2,7.27,21.52,2.06,1,1586,1676,SE
1189240.688,X_LEG_2,7.27,21.52,2.06,1,1586,1676,SE
1189240.708,X_LEG_2,7.27,21.52,2.06,1,1586,1676,SE
1189240.735,X_LEG_2,7.27,21.52,2.06,1,1586,1676,SE
1189240.756,X_LEG_2,7.24,21.43,2.11,1,1586,1676,SE
1189240.777,X_LEG_2,7.24,21.43,2.11,1,1586,1676,SE
1189240.798,X_LEG_2,7.24,21.43,2.11,1,1586,1676,SE
1189240.818,X_LEG_2,7.24,21.43,2.11,1,1586,1676,SE
1189240.839,X_LEG_2,7.24,21.43,2.11,1,1586,1676,SE
1189240.859,X_LEG_2,7.22,21.36,2.17,1,1585,1676,SE
1189240.880,X_LEG_2,7.22,21.36,2.17,1,1585,1676,SE
1189240.900,X_LEG_2,7.22,21.36,2.17,1,1585,1676,SE
1189240.921,X_LEG_2,7.22,21.36,2.17,1,1585,1676,SE
1189240.941,X_LEG_2,7.22,21.36,2.17,1,1585,1676,SE
1189240.963,X_LEG_2,7.20,21.31,2.19,1,1585,1676,SE
1189240.983,X_LEG_2,7.20,21.31,2.19,1,1585,1676,SE
1189241.004,X_LEG_2,7.20,21.31,2.19,1,1585,1676,SE
1189241.024,X_LEG_2,7.20,21.31,2.19,1,1585,1676,SE
1189241.045,X_LEG_2,7.20,21.31,2.19,1,1585,1676,SE
1189241.065,X_LEG_2,7.18,21.24,2.25,1,1585,1676,SE
1189241.086,X_LEG_2,7.18,21.24,2.25,1,1585,1676,SE
1189241.107,X_LEG_2,7.18,21.24,2.25,1,1585,1676,SE
1189241.127,X_LEG_2,7.18,21.24,2.25,1,1585,1676,SE
1189241.148,X_LEG_2,7.18,21.24,2.25,1,1585,1676,SE
1189241.168,X_LEG_2,7.16,21.19,2.27,1,1585,1676,SE
1189241.188,X_LEG_2,7.16,21.19,2.27,1,1585,1676,SE
1189241.209,X_LEG_2,7.16,21.19,2.27,1,1585,1676,SE
1189241.229,X_LEG_2,7.16,21.19,2.27,1,1585,1676,SE
1189241.250,X_LEG_2,7.16,21.19,2.27,1,1585,1676,SE
1189241.271,X_LEG_2,7.16,21.19,2.27,1,1585,1676,SE
1189241.291,X_LEG_2,7.16,21.19,2.27,1,1585,1676,SE
1189241.311,X_LEG_2,7.16,21.19,2.27,1,1585,1676,SE
1189241.332,X_LEG_2,7.16,21.19,2.27,1,1585,1676,SE
1189241.353,X_LEG_2,7.16,21.19,2.27,1,1585,1676,SE
1189241.373,X_LEG_2,7.14,21.10,2.33,1,1584,1676,SE
1189241.394,X_LEG_2,7.14,21.10,2.33,1,1584,1676,SE
1189241.414,X_LEG_2,7.14,21.10,2.33,1,1584,1676,SE
1189241.435,X_LEG_2,7.14,21.10,2.33,1,1584,1676,SE
1189241.455,X_LEG_2,7.14,21.10,2.33,1,1584,1676,SE
1189241.476,X_LEG_2,7.12,21.03,2.38,1,1584,1676,SE
1189241.496,X_LEG_2,7.12,21.03,2.38,1,1584,1676,SE
1189241.517,X_LEG_2,7.12,21.03,2.38,1,1584,1676,SE
1189241.538,X_LEG_2,7.12,21.03,2.38,1,1584,1676,SE
1189241.559,X_LEG_2,7.12,21.03,2.38,1,1584,1676,SE
1189241.579,X_LEG_2,7.11,20.98,2.41,1,1584,1676,SE
1189241.600,X_LEG_2,7.11,20.98,2.41,1,1584,1676,SE
1189241.622,X_LEG_2,7.11,20.98,2.41,1,1584,1676,SE
1189241.642,X_LEG_2,7.11,20.98,2.41,1,1584,1676,SE
1189241.663,X_LEG_2,7.11,20.98,2.41,1,1584,1676,SE
1189241.684,X_LEG_2,7.09,20.91,2.46,1,1584,1676,SE
1189241.704,X_LEG_2,7.09,20.91,2.46,1,1584,1676,SE
1189241.726,X_LEG_2,7.09,20.91,2.46,1,1584,1676,SE
1189241.746,X_LEG_2,7.09,20.91,2.46,1,1584,1676,SE
1189241.767,X_LEG_2,7.09,20.91,2.46,1,1584,1676,SE
1189241.787,X_LEG_2,7.07,20.82,1.52,1,1583,1676,SE
1189241.808,X_LEG_2,7.07,20.82,1.52,1,1583,1676,SE
1189241.828,X_LEG_2,7.07,20.82,1.52,1,1583,1676,SE
1189241.849,X_LEG_2,7.07,20.82,1.52,1,1583,1676,SE
1189241.869,X_LEG_2,7.07,20.82,1.52,1,1583,1676,SE
1189241.890,X_LEG_2,7.07,20.82,1.52,1,1583,1676,SE
1189241.911,X_LEG_2,7.07,20.82,1.52,1,1583,1676,SE
1189241.931,X_LEG_2,7.07,20.82,1.52,1,1583,1676,SE
1189241.952,X_LEG_2,7.07,20.82,1.52,1,1583,1676,SE
1189241.973,X_LEG_2,7.07,20.82,1.52,1,1583,1676,SE
1189241.993,X_LEG_2,7.05,20.74,1.58,1,1583,1676,SE
1189242.014,X_LEG_2,7.05,20.74,1.58,1,1583,1676,SE
1189242.036,X_LEG_2,7.05,20.74,1.58,1,1583,1676,SE
1189242.056,X_LEG_2,7.05,20.74,1.58,1,1583,1676,SE
1189242.077,X_LEG_2,7.05,20.74,1.58,1,1583,1676,SE
1189242.097,X_LEG_2,7.03,20.65,1.66,1,1583,1676,SE
1189242.118,X_LEG_2,7.03,20.65,1.66,1,1583,1676,SE
1189242.138,X_LEG_2,7.03,20.65,1.66,1,1583,1676,SE
1189242.162,X_LEG_2,7.03,20.65,1.66,1,1583,1676,SE
1189242.182,X_LEG_2,7.03,20.65,1.66,1,1583,1676,SE
1189242.203,X_LEG_2,7.01,20.56,1.72,1,1582,1676,SE
1189242.223,X_LEG_2,7.01,20.56,1.72,1,1582,1676,SE
1189242.244,X_LEG_2,7.01,20.56,1.72,1,1582,1676,SE
1189242.264,X_LEG_2,7.01,20.56,1.72,1,1582,1676,SE
1189242.285,X_LEG_2,7.01,20.56,1.72,1,1582,1676,SE
1189242.305,X_LEG_2,6.99,20.51,1.75,1,1582,1677,SE
1189242.325,X_LEG_2,6.99,20.51,1.75,1,1582,1677,SE
1189242.346,X_LEG_2,6.99,20.51,1.75,1,1582,1677,SE
1189242.366,X_LEG_2,6.99,20.51,1.75,1,1582,1677,SE
1189242.387,X_LEG_2,6.99,20.51,1.75,1,1582,1677,SE
1189242.410,X_LEG_2,6.98,20.44,1.80,1,1582,1677,SE
1189242.430,X_LEG_2,6.98,20.44,1.80,1,1582,1677,SE
1189242.452,X_LEG_2,6.98,20.44,1.80,1,1582,1677,SE
1189242.472,X_LEG_2,6.98,20.44,1.80,1,1582,1677,SE
1189242.492,X_LEG_2,6.98,20.44,1.80,1,1582,1677,SE
1189242.513,X_LEG_2,6.97,20.35,1.86,1,1581,1677,SE
1189242.533,X_LEG_2,6.97,20.35,1.86,1,1581,1677,SE
1189242.554,X_LEG_2,6.97,20.35,1.86,1,1581,1677,SE
1189242.574,X_LEG_2,6.97,20.35,1.86,1,1581,1677,SE
1189242.597,X_LEG_2,6.97,20.35,1.86,1,1581,1677,SE
1189242.617,X_LEG_2,6.97,20.35,1.86,1,1581,1677,SE
1189242.639,X_LEG_2,6.97,20.35,1.86,1,1581,1677,SE
1189242.658,X_LEG_2,6.97,20.35,1.86,1,1581,1677,SE
1189242.678,X_LEG_2,6.97,20.35,1.86,1,1581,1677,SE
1189242.699,X_LEG_2,6.97,20.35,1.86,1,1581,1677,SE
1189242.720,X_LEG_2,6.95,20.26,1.92,1,1581,1677,SE
1189242.741,X_LEG_2,6.95,20.26,1.92,1,1581,1677,SE
1189242.761,X_LEG_2,6.95,20.26,1.92,1,1581,1677,SE
1189242.783,X_LEG_2,6.95,20.26,1.92,1,1581,1677,SE
1189242.803,X_LEG_2,6.95,20.26,1.92,1,1581,1677,SE
1189242.823,X_LEG_2,6.94,20.18,1.98,1,1581,1677,SE
1189242.844,X_LEG_2,6.94,20.18,1.98,1,1581,1677,SE
1189242.865,X_LEG_2,6.94,20.18,1.98,1,1581,1677,SE
1189242.885,X_LEG_2,6.94,20.18,1.98,1,1581,1677,SE
1189242.911,X_LEG_2,6.94,20.18,1.98,1,1581,1677,SE
1189242.932,X_LEG_2,6.93,20.18,1.98,1,1581,1677,SE
1189242.956,X_LEG_2,6.93,20.18,1.98,1,1581,1677,SE
1189242.976,X_LEG_2,6.93,20.18,1.98,1,1581,1677,SE
1189242.996,X_LEG_2,6.93,20.18,1.98,1,1581,1677,SE
1189243.017,X_LEG_2,6.93,20.18,1.98,1,1581,1677,SE
1189243.037,X_LEG_2,6.93,20.12,2.01,1,1580,1677,SE
1189243.058,X_LEG_2,6.93,20.12,2.01,1,1580,1677,SE
1189243.078,X_LEG_2,6.93,20.12,2.01,1,1580,1677,SE
1189243.099,X_LEG_2,6.93,20.12,2.01,1,1580,1677,SE
1189243.119,X_LEG_2,6.93,20.12,2.01,1,1580,1677,SE
1189243.139,X_LEG_2,6.92,20.03,2.07,1,1580,1677,SE
1189243.160,X_LEG_2,6.92,20.03,2.07,1,1580,1677,SE
1189243.180,X_LEG_2,6.92,20.03,2.07,1,1580,1677,SE
1189243.204,X_LEG_2,6.92,20.03,2.07,1,1580,1677,SE
1189243.224,X_LEG_2,6.92,20.03,2.07,1,1580,1677,SE
1189243.245,X_LEG_2,6.91,19.98,2.13,1,1580,1676,SE
1189243.265,X_LEG_2,6.91,19.98,2.13,1,1580,1676,SE
1189243.286,X_LEG_2,6.91,19.98,2.13,1,1580,1676,SE
1189243.306,X_LEG_2,6.91,19.98,2.13,1,1580,1676,SE
1189243.327,X_LEG_2,6.91,19.98,2.13,1,1580,1676,SE
1189243.347,X_LEG_2,6.90,19.89,2.19,1,1580,1676,SE
1189243.368,X_LEG_2,6.90,19.89,2.19,1,1580,1676,SE
1189243.389,X_LEG_2,6.90,19.89,2.19,1,1580,1676,SE
1189243.409,X_LEG_2,6.90,19.89,2.19,1,1580,1676,SE
1189243.430,X_LEG_2,6.90,19.89,2.19,1,1580,1676,SE
1189243.451,X_LEG_2,6.90,19.89,2.19,1,1580,1676,SE
1189243.472,X_LEG_2,6.90,19.89,2.19,1,1580,1676,SE
1189243.492,X_LEG_2,6.90,19.89,2.19,1,1580,1676,SE
1189243.514,X_LEG_2,6.90,19.89,2.19,1,1580,1676,SE
1189243.534,X_LEG_2,6.90,19.89,2.19,1,1580,1676,SE
1189243.555,X_LEG_2,6.89,19.80,2.25,1,1579,1676,SE
1189243.575,X_LEG_2,6.89,19.80,2.25,1,1579,1676,SE
1189243.596,X_LEG_2,6.89,19.80,2.25,1,1579,1676,SE
1189243.616,X_LEG_2,6.89,19.80,2.25,1,1579,1676,SE
1189243.637,X_LEG_2,6.89,19.80,2.25,1,1579,1676,SE
1189243.657,X_LEG_2,6.88,19.73,2.32,1,1579,1676,SE
1189243.678,X_LEG_2,6.88,19.73,2.32,1,1579,1676,SE
1189243.699,X_LEG_2,6.88,19.73,2.32,1,1579,1676,SE
1189243.719,X_LEG_2,6.88,19.73,2.32,1,1579,1676,SE
1189243.740,X_LEG_2,6.88,19.73,2.32,1,1579,1676,SE
1189243.761,X_LEG_2,6.88,19.73,2.32,1,1579,1676,SE
1189243.781,X_LEG_2,6.88,19.73,2.32,1,1579,1676,SE
1189243.802,X_LEG_2,6.88,19.73,2.32,1,1579,1676,SE
1189243.824,X_LEG_2,6.88,19.73,2.32,1,1579,1676,SE
1189243.844,X_LEG_2,6.88,19.73,2.32,1,1579,1676,SE
1189243.865,X_LEG_2,6.88,19.64,2.38,1,1579,1676,SE
1189243.886,X_LEG_2,6.88,19.64,2.38,1,1579,1676,SE
1189243.906,X_LEG_2,6.88,19.64,2.38,1,1579,1676,SE
1189243.927,X_LEG_2,6.88,19.64,2.38,1,1579,1676,SE
1189243.948,X_LEG_2,6.88,19.64,2.38,1,1579,1676,SE
1189243.968,X_LEG_2,6.87,19.55,2.42,1,1578,1676,SE
1189243.989,X_LEG_2,6.87,19.55,2.42,1,1578,1676,SE
1189244.010,X_LEG_2,6.87,19.55,2.42,1,1578,1676,SE
1189244.031,X_LEG_2,6.87,19.55,2.42,1,1578,1676,SE
1189244.051,X_LEG_2,6.87,19.55,2.42,1,1578,1676,SE
1189244.073,X_LEG_2,6.87,19.46,2.48,1,1578,1676,SE
1189244.093,X_LEG_2,6.87,19.46,2.48,1,1578,1676,SE
1189244.113,X_LEG_2,6.87,19.46,2.48,1,1578,1676,SE
1189244.136,X_LEG_2,6.87,19.46,2.48,1,1578,1676,SE
1189244.157,X_LEG_2,6.87,19.46,2.48,1,1578,1676,SE
1189244.178,X_LEG_2,6.87,19.46,1.48,1,1578,1676,SE
1189244.198,X_LEG_2,6.87,19.46,1.48,1,1578,1676,SE
1189244.219,X_LEG_2,6.87,19.46,1.48,1,1578,1676,SE
1189244.240,X_LEG_2,6.87,19.46,1.48,1,1578,1676,SE
1189244.261,X_LEG_2,6.87,19.46,1.48,1,1578,1676,SE
1189244.281,X_LEG_2,6.87,19.38,1.55,1,1578,1676,SE
1189244.302,X_LEG_2,6.87,19.38,1.55,1,1578,1676,SE
1189244.322,X_LEG_2,6.87,19.38,1.55,1,1578,1676,SE
1189244.343,X_LEG_2,6.87,19.38,1.55,1,1578,1676,SE
1189244.363,X_LEG_2,6.87,19.38,1.55,1,1578,1676,SE
1189244.385,X_LEG_2,6.86,19.32,1.61,1,1577,1676,SE
1189244.405,X_LEG_2,6.86,19.32,1.61,1,1577,1676,SE
1189244.426,X_LEG_2,6.86,19.32,1.61,1,1577,1676,SE
1189244.446,X_LEG_2,6.86,19.32,1.61,1,1577,1676,SE
1189244.467,X_LEG_2,6.86,19.32,1.61,1,1577,1676,SE
1189244.487,X_LEG_2,6.86,19.26,1.64,1,1577,1676,SE
1189244.508,X_LEG_2,6.86,19.26,1.64,1,1577,1676,SE
1189244.528,X_LEG_2,6.86,19.26,1.64,1,1577,1676,SE
1189244.549,X_LEG_2,6.86,19.26,1.64,1,1577,1676,SE
1189244.572,X_LEG_2,6.86,19.26,1.64,1,1577,1676,SE
1189244.592,X_LEG_2,6.86,19.21,1.68,1,1577,1676,SE
1189244.613,X_LEG_2,6.86,19.21,1.68,1,1577,1676,SE
1189244.633,X_LEG_2,6.86,19.21,1.68,1,1577,1676,SE
1189244.653,X_LEG_2,6.86,19.21,1.68,1,1577,1676,SE
1189244.674,X_LEG_2,6.86,19.21,1.68,1,1577,1676,SE
1189244.694,X_LEG_2,6.86,19.15,1.71,1,1577,1676,SE
1189244.714,X_LEG_2,6.86,19.15,1.71,1,1577,1676,SE
1189244.735,X_LEG_2,6.86,19.15,1.71,1,1577,1676,SE
1189244.755,X_LEG_2,6.86,19.15,1.71,1,1577,1676,SE
1189244.776,X_LEG_2,6.86,19.15,1.71,1,1577,1676,SE
1189244.796,X_LEG_2,6.86,19.10,1.75,1,1576,1676,SE
1189244.817,X_LEG_2,6.86,19.10,1.75,1,1576,1676,SE
1189244.837,X_LEG_2,6.86,19.10,1.75,1,1576,1676,SE
1189244.857,X_LEG_2,6.86,19.10,1.75,1,1576,1676,SE
1189244.878,X_LEG_2,6.86,19.10,1.75,1,1576,1676,SE
1189244.899,X_LEG_2,6.86,19.04,1.81,1,1576,1676,SE
1189244.919,X_LEG_2,6.86,19.04,1.81,1,1576,1676,SE
1189244.939,X_LEG_2,6.86,19.04,1.81,1,1576,1676,SE
1189244.960,X_LEG_2,6.86,19.04,1.81,1,1576,1676,SE
1189244.980,X_LEG_2,6.86,19.04,1.81,1,1576,1676,SE
1189245.000,X_LEG_2,6.87,18.96,1.85,1,1576,1676,SE
1189245.021,X_LEG_2,6.87,18.96,1.85,1,1576,1676,SE
1189245.042,X_LEG_2,6.87,18.96,1.85,1,1576,1676,SE
1189245.063,X_LEG_2,6.87,18.96,1.85,1,1576,1676,SE
1189245.083,X_LEG_2,6.87,18.96,1.85,1,1576,1676,SE
1189245.104,X_LEG_2,6.87,18.96,1.85,1,1576,1676,SE
1189245.124,X_LEG_2,6.87,18.96,1.85,1,1576,1676,SE
1189245.145,X_LEG_2,6.87,18.96,1.85,1,1576,1676,SE
1189245.166,X_LEG_2,6.87,18.96,1.85,1,1576,1676,SE
1189245.186,X_LEG_2,6.87,18.96,1.85,1,1576,1676,SE
1189245.208,X_LEG_2,6.87,18.88,1.92,1,1576,1676,SE
1189245.228,X_LEG_2,6.87,18.88,1.92,1,1576,1676,SE
1189245.249,X_LEG_2,6.87,18.88,1.92,1,1576,1676,SE
1189245.269,X_LEG_2,6.87,18.88,1.92,1,1576,1676,SE
1189245.290,X_LEG_2,6.87,18.88,1.92,1,1576,1676,SE
1189245.310,X_LEG_2,6.87,18.79,1.99,1,1575,1676,SE
1189245.331,X_LEG_2,6.87,18.79,1.99,1,1575,1676,SE
1189245.351,X_LEG_2,6.87,18.79,1.99,1,1575,1676,SE
1189245.372,X_LEG_2,6.87,18.79,1.99,1,1575,1676,SE
1189245.392,X_LEG_2,6.87,18.79,1.99,1,1575,1676,SE
1189245.413,X_LEG_2,6.88,18.72,2.06,1,1575,1676,SE
1189245.433,X_LEG_2,6.88,18.72,2.06,1,1575,1676,SE
1189245.454,X_LEG_2,6.88,18.72,2.06,1,1575,1676,SE
1189245.474,X_LEG_2,6.88,18.72,2.06,1,1575,1676,SE
1189245.495,X_LEG_2,6.88,18.72,2.06,1,1575,1676,SE
1189245.516,X_LEG_2,6.88,18.72,2.06,1,1575,1676,SE
1189245.536,X_LEG_2,6.88,18.72,2.06,1,1575,1676,SE
1189245.556,X_LEG_2,6.88,18.72,2.06,1,1575,1676,SE
1189245.578,X_LEG_2,6.88,18.72,2.06,1,1575,1676,SE
1189245.598,X_LEG_2,6.88,18.72,2.06,1,1575,1676,SE
1189245.619,X_LEG_2,6.89,18.63,2.13,1,1575,1676,SE
1189245.640,X_LEG_2,6.89,18.63,2.13,1,1575,1676,SE
1189245.660,X_LEG_2,6.89,18.63,2.13,1,1575,1676,SE
1189245.680,X_LEG_2,6.89,18.63,2.13,1,1575,1676,SE
1189245.702,X_LEG_2,6.89,18.63,2.13,1,1575,1676,SE
1189245.722,X_LEG_2,6.89,18.55,2.17,1,1574,1676,SE
1189245.743,X_LEG_2,6.89,18.55,2.17,1,1574,1676,SE
1189245.763,X_LEG_2,6.89,18.55,2.17,1,1574,1676,SE
1189245.784,X_LEG_2,6.89,18.55,2.17,1,1574,1676,SE
1189245.804,X_LEG_2,6.89,18.55,2.17,1,1574,1676,SE
1189245.824,X_LEG_2,6.89,18.55,2.17,1,1574,1676,SE
1189245.845,X_LEG_2,6.89,18.55,2.17,1,1574,1676,SE
1189245.865,X_LEG_2,6.89,18.55,2.17,1,1574,1676,SE
1189245.885,X_LEG_2,6.89,18.55,2.17,1,1574,1676,SE
1189245.906,X_LEG_2,6.89,18.55,2.17,1,1574,1676,SE
1189245.927,X_LEG_2,6.90,18.48,2.24,1,1574,1676,SE
1189245.947,X_LEG_2,6.90,18.48,2.24,1,1574,1676,SE
1189245.968,X_LEG_2,6.90,18.48,2.24,1,1574,1676,SE
1189245.988,X_LEG_2,6.90,18.48,2.24,1,1574,1676,SE
1189246.009,X_LEG_2,6.90,18.48,2.24,1,1574,1676,SE
1189246.029,X_LEG_2,6.91,18.39,2.31,1,1574,1676,SE
1189246.050,X_LEG_2,6.91,18.39,2.31,1,1574,1676,SE
1189246.071,X_LEG_2,6.91,18.39,2.31,1,1574,1676,SE
1189246.091,X_LEG_2,6.91,18.39,2.31,1,1574,1676,SE
1189246.112,X_LEG_2,6.91,18.39,2.31,1,1574,1676,SE
1189246.132,X_LEG_2,6.92,18.31,2.36,1,1573,1675,SE
1189246.153,X_LEG_2,6.92,18.31,2.36,1,1573,1675,SE
1189246.174,X_LEG_2,6.92,18.31,2.36,1,1573,1675,SE
1189246.195,X_LEG_2,6.92,18.31,2.36,1,1573,1675,SE
1189246.216,X_LEG_2,6.92,18.31,2.36,1,1573,1675,SE
1189246.235,X_LEG_2,6.93,18.22,2.43,1,1573,1675,SE
1189246.256,X_LEG_2,6.93,18.22,2.43,1,1573,1675,SE
1189246.277,X_LEG_2,6.93,18.22,2.43,1,1573,1675,SE
1189246.297,X_LEG_2,6.93,18.22,2.43,1,1573,1675,SE
1189246.317,X_LEG_2,6.93,18.22,2.43,1,1573,1675,SE
1189246.338,X_LEG_2,6.93,18.22,2.43,1,1573,1675,SE
1189246.358,X_LEG_2,6.93,18.22,2.43,1,1573,1675,SE
1189246.379,X_LEG_2,6.93,18.22,2.43,1,1573,1675,SE
1189246.399,X_LEG_2,6.93,18.22,2.43,1,1573,1675,SE
1189246.419,X_LEG_2,6.93,18.22,2.43,1,1573,1675,SE
1189246.440,X_LEG_2,6.95,18.15,2.50,1,1573,1675,SE
1189246.461,X_LEG_2,6.95,18.15,2.50,1,1573,1675,SE
1189246.481,X_LEG_2,6.95,18.15,2.50,1,1573,1675,SE
1189246.501,X_LEG_2,6.95,18.15,2.50,1,1573,1675,SE
1189246.522,X_LEG_2,6.95,18.15,2.50,1,1573,1675,SE
1189246.542,X_LEG_2,6.96,18.07,1.55,1,1572,1675,SE
1189246.563,X_LEG_2,6.96,18.07,1.55,1,1572,1675,SE
1189246.583,X_LEG_2,6.96,18.07,1.55,1,1572,1675,SE
1189246.603,X_LEG_2,6.96,18.07,1.55,1,1572,1675,SE
1189246.623,X_LEG_2,6.96,18.07,1.55,1,1572,1675,SE
1189246.644,X_LEG_2,6.96,18.07,1.55,1,1572,1675,SE
1189246.665,X_LEG_2,6.96,18.07,1.55,1,1572,1675,SE
1189246.685,X_LEG_2,6.96,18.07,1.55,1,1572,1675,SE
1189246.706,X_LEG_2,6.96,18.07,1.55,1,1572,1675,SE
1189246.726,X_LEG_2,6.96,18.07,1.55,1,1572,1675,SE
1189246.747,X_LEG_2,6.98,17.99,1.62,1,1572,1675,SE
1189246.767,X_LEG_2,6.98,17.99,1.62,1,1572,1675,SE
1189246.788,X_LEG_2,6.98,17.99,1.62,1,1572,1675,SE
1189246.808,X_LEG_2,6.98,17.99,1.62,1,1572,1675,SE
1189246.829,X_LEG_3,6.98,74.61,121.65,0,1500,1665,NW
1189246.849,X_LEG_3,6.99,74.67,121.70,0,1500,1665,NW
1189246.870,X_LEG_3,6.99,74.67,121.70,0,1500,1665,NW
1189246.890,X_LEG_3,6.99,74.67,121.70,0,1500,1665,NW
1189246.910,X_LEG_3,6.99,74.67,121.70,0,1500,1665,NW
1189246.931,X_LEG_3,6.99,74.67,121.70,0,1500,1665,NW
1189246.952,X_LEG_3,7.01,74.73,121.74,0,1500,1664,NW
1189246.972,X_LEG_3,7.01,74.73,121.74,0,1500,1664,NW
1189246.993,X_LEG_3,7.01,74.73,121.74,0,1500,1664,NW
1189247.013,X_LEG_3,7.01,74.73,121.74,0,1500,1664,NW
1189247.034,X_LEG_3,7.01,74.73,121.74,0,1500,1664,NW
1189247.055,X_LEG_3,7.01,74.73,121.74,0,1500,1664,NW
1189247.075,X_LEG_3,7.01,74.73,121.74,0,1500,1664,NW
1189247.096,X_LEG_3,7.01,74.73,121.74,0,1500,1664,NW
1189247.116,X_LEG_3,7.01,74.73,121.74,0,1500,1664,NW
1189247.137,X_LEG_3,7.01,74.73,121.74,0,1500,1664,NW
1189247.157,X_LEG_3,7.03,74.79,120.78,0,1500,1664,NW
1189247.178,X_LEG_3,7.03,74.79,120.78,0,1500,1664,NW
1189247.198,X_LEG_3,7.03,74.79,120.78,0,1500,1664,NW
1189247.219,X_LEG_3,7.03,74.79,120.78,0,1500,1664,NW
1189247.239,X_LEG_3,7.03,74.79,120.78,0,1500,1664,NW
1189247.260,X_LEG_3,7.05,74.84,120.83,0,1500,1664,NW
1189247.280,X_LEG_3,7.05,74.84,120.83,0,1500,1664,NW
1189247.301,X_LEG_3,7.05,74.84,120.83,0,1500,1664,NW
1189247.322,X_LEG_3,7.05,74.84,120.83,0,1500,1664,NW
1189247.342,X_LEG_3,7.05,74.84,120.83,0,1500,1664,NW
1189247.363,X_LEG_3,7.08,74.90,120.87,0,1500,1664,NW
1189247.383,X_LEG_3,7.08,74.90,120.87,0,1500,1664,NW
1189247.404,X_LEG_3,7.08,74.90,120.87,0,1500,1664,NW
1189247.424,X_LEG_3,7.08,74.90,120.87,0,1500,1664,NW
1189247.444,X_LEG_3,7.08,74.90,120.87,0,1500,1664,NW
1189247.465,X_LEG_3,7.08,74.90,120.87,0,1500,1664,NW
1189247.485,X_LEG_3,7.08,74.90,120.87,0,1500,1664,NW
1189247.506,X_LEG_3,7.08,74.90,120.87,0,1500,1664,NW
1189247.526,X_LEG_3,7.08,74.90,120.87,0,1500,1664,NW
1189247.547,X_LEG_3,7.08,74.90,120.87,0,1500,1664,NW
1189247.567,X_LEG_3,7.11,74.95,120.92,0,1500,1664,NW
1189247.588,X_LEG_3,7.11,74.95,120.92,0,1500,1664,NW
1189247.608,X_LEG_3,7.11,74.95,120.92,0,1500,1664,NW
1189247.629,X_LEG_3,7.11,74.95,120.92,0,1500,1664,NW
1189247.649,X_LEG_3,7.11,74.95,120.92,0,1500,1664,NW
1189247.670,X_LEG_3,7.14,75.00,88.96,0,1500,1664,NW
1189247.690,X_LEG_3,7.14,75.00,88.96,0,1500,1664,NW
1189247.711,X_LEG_3,7.14,75.00,88.96,0,1500,1664,NW
1189247.731,X_LEG_3,7.14,75.00,88.96,0,1500,1664,NW
1189247.752,X_LEG_3,7.14,75.00,88.96,0,1500,1664,NW
1189247.772,X_LEG_3,7.17,75.00,88.96,0,1500,1664,NW
1189247.793,X_LEG_3,7.17,75.00,88.96,0,1500,1664,NW
1189247.813,X_LEG_3,7.17,75.00,88.96,0,1500,1664,NW
1189247.834,X_LEG_3,7.17,75.00,88.96,0,1500,1664,NW
1189247.854,X_LEG_3,7.17,75.00,88.96,0,1500,1664,NW
1189247.875,X_LEG_3,7.17,75.06,89.00,0,1500,1664,NW
1189247.895,X_LEG_3,7.17,75.06,89.00,0,1500,1664,NW
1189247.916,X_LEG_3,7.17,75.06,89.00,0,1500,1664,NW
1189247.936,X_LEG_3,7.17,75.06,89.00,0,1500,1664,NW
1189247.957,X_LEG_3,7.17,75.06,89.00,0,1500,1664,NW
1189247.978,X_LEG_3,7.21,75.11,89.05,0,1500,1664,NW
1189247.998,X_LEG_3,7.21,75.11,89.05,0,1500,1664,NW
1189248.019,X_LEG_3,7.21,75.11,89.05,0,1500,1664,NW
1189248.039,X_LEG_3,7.21,75.11,89.05,0,1500,1664,NW
1189248.060,X_LEG_3,7.21,75.11,89.05,0,1500,1664,NW
1189248.083,X_LEG_3,7.24,75.17,89.09,0,1500,1664,NW
1189248.103,X_LEG_3,7.24,75.17,89.09,0,1500,1664,NW
1189248.123,X_LEG_3,7.24,75.17,89.09,0,1500,1664,NW
1189248.144,X_LEG_3,7.24,75.17,89.09,0,1500,1664,NW
1189248.164,X_LEG_3,7.24,75.17,89.09,0,1500,1664,NW
1189248.185,X_LEG_3,7.28,75.17,89.09,0,1500,1664,NW
1189248.205,X_LEG_3,7.28,75.17,89.09,0,1500,1664,NW
1189248.225,X_LEG_3,7.28,75.17,89.09,0,1500,1664,NW
1189248.246,X_LEG_3,7.28,75.17,89.09,0,1500,1664,NW
1189248.268,X_LEG_3,7.28,75.17,89.09,0,1500,1664,NW
1189248.289,X_LEG_3,7.28,75.22,64.12,0,1500,1664,NW
1189248.310,X_LEG_3,7.28,75.22,64.12,0,1500,1664,NW
1189248.330,X_LEG_3,7.28,75.22,64.12,0,1500,1664,NW
1189248.351,X_LEG_3,7.28,75.22,64.12,0,1500,1664,NW
1189248.371,X_LEG_3,7.28,75.22,64.12,0,1500,1664,NW
1189248.392,X_LEG_3,7.32,75.27,64.17,0,1500,1664,NW
1189248.412,X_LEG_3,7.32,75.27,64.17,0,1500,1664,NW
1189248.433,X_LEG_3,7.32,75.27,64.17,0,1500,1664,NW
1189248.453,X_LEG_3,7.32,75.27,64.17,0,1500,1664,NW
1189248.474,X_LEG_3,7.32,75.27,64.17,0,1500,1664,NW
1189248.494,X_LEG_3,7.35,75.33,64.21,0,1500,1663,NW
1189248.514,X_LEG_3,7.35,75.33,64.21,0,1500,1663,NW
1189248.535,X_LEG_3,7.35,75.33,64.21,0,1500,1663,NW
1189248.555,X_LEG_3,7.35,75.33,64.21,0,1500,1663,NW
1189248.576,X_LEG_3,7.35,75.33,64.21,0,1500,1663,NW
1189248.596,X_LEG_3,7.35,75.33,64.21,0,1500,1663,NW
1189248.617,X_LEG_3,7.35,75.33,64.21,0,1500,1663,NW
1189248.637,X_LEG_3,7.35,75.33,64.21,0,1500,1663,NW
1189248.657,X_LEG_3,7.35,75.33,64.21,0,1500,1663,NW
1189248.678,X_LEG_3,7.35,75.33,64.21,0,1500,1663,NW
1189248.698,X_LEG_3,7.39,75.38,64.24,0,1500,1663,NW
1189248.718,X_LEG_3,7.39,75.38,64.24,0,1500,1663,NW
1189248.739,X_LEG_3,7.39,75.38,64.24,0,1500,1663,NW
1189248.760,X_LEG_3,7.39,75.38,64.24,0,1500,1663,NW
1189248.780,X_LEG_3,7.39,75.38,64.24,0,1500,1663,NW
1189248.800,X_LEG_3,7.43,75.43,39.29,0,1500,1663,NW
1189248.820,X_LEG_3,7.43,75.43,39.29,0,1500,1663,NW
1189248.841,X_LEG_3,7.43,75.43,39.29,0,1500,1663,NW
1189248.862,X_LEG_3,7.43,75.43,39.29,0,1500,1663,NW
1189248.882,X_LEG_3,7.43,75.43,39.29,0,1500,1663,NW
1189248.904,X_LEG_3,7.47,75.49,39.32,0,1500,1663,NW
1189248.924,X_LEG_3,7.47,75.49,39.32,0,1500,1663,NW
1189248.944,X_LEG_3,7.47,75.49,39.32,0,1500,1663,NW
1189248.965,X_LEG_3,7.47,75.49,39.32,0,1500,1663,NW
1189248.985,X_LEG_3,7.47,75.49,39.32,0,1500,1663,NW
1189249.006,X_LEG_3,7.51,75.53,39.36,0,1500,1663,NW
1189249.026,X_LEG_3,7.51,75.53,39.36,0,1500,1663,NW
1189249.047,X_LEG_3,7.51,75.53,39.36,0,1500,1663,NW
1189249.067,X_LEG_3,7.51,75.53,39.36,0,1500,1663,NW
1189249.088,X_LEG_3,7.51,75.53,39.36,0,1500,1663,NW
1189249.108,X_LEG_3,7.55,75.58,39.39,0,1500,1663,NW
1189249.128,X_LEG_3,7.55,75.58,39.39,0,1500,1663,NW
1189249.149,X_LEG_3,7.55,75.58,39.39,0,1500,1663,NW
1189249.169,X_LEG_3,7.55,75.58,39.39,0,1500,1663,NW
1189249.190,X_LEG_3,7.55,75.58,39.39,0,1500,1663,NW
1189249.210,X_LEG_3,7.55,75.58,39.39,0,1500,1663,NW
1189249.231,X_LEG_3,7.55,75.58,39.39,0,1500,1663,NW
1189249.251,X_LEG_3,7.55,75.58,39.39,0,1500,1663,NW
1189249.272,X_LEG_3,7.55,75.58,39.39,0,1500,1663,NW
1189249.293,X_LEG_3,7.55,75.58,39.39,0,1500,1663,NW
1189249.313,X_LEG_3,7.59,75.64,39.44,0,1500,1663,NW
1189249.334,X_LEG_3,7.59,75.64,39.44,0,1500,1663,NW
1189249.356,X_LEG_3,7.59,75.64,39.44,0,1500,1663,NW
1189249.374,X_LEG_3,7.59,75.64,39.44,0,1500,1663,NW
1189249.395,X_LEG_3,7.59,75.64,39.44,0,1500,1663,NW
1189249.415,X_LEG_3,7.59,75.64,18.44,1,1700,1693,NW
1189249.436,X_LEG_3,7.59,75.64,18.44,1,1700,1693,NW
1189249.456,X_LEG_3,7.59,75.64,18.44,1,1700,1693,NW
1189249.477,X_LEG_3,7.59,75.64,18.44,1,1700,1693,NW
1189249.497,X_LEG_3,7.59,75.64,18.44,1,1700,1693,NW
1189249.517,X_LEG_3,7.63,75.68,18.48,1,1700,1693,NW
1189249.538,X_LEG_3,7.63,75.68,18.48,1,1700,1693,NW
1189249.558,X_LEG_3,7.63,75.68,18.48,1,1700,1693,NW
1189249.579,X_LEG_3,7.63,75.68,18.48,1,1700,1693,NW
1189249.599,X_LEG_3,7.63,75.68,18.48,1,1700,1693,NW
1189249.619,X_LEG_3,7.68,75.73,18.51,1,1700,1692,NW
1189249.640,X_LEG_3,7.68,75.73,18.51,1,1700,1692,NW
1189249.660,X_LEG_3,7.68,75.73,18.51,1,1700,1692,NW
1189249.681,X_LEG_3,7.68,75.73,18.51,1,1700,1692,NW
1189249.701,X_LEG_3,7.68,75.73,18.51,1,1700,1692,NW
1189249.722,X_LEG_3,7.72,75.78,18.55,1,1700,1692,NW
1189249.742,X_LEG_3,7.72,75.78,18.55,1,1700,1692,NW
1189249.762,X_LEG_3,7.72,75.78,18.55,1,1700,1692,NW
1189249.783,X_LEG_3,7.72,75.78,18.55,1,1700,1692,NW
1189249.806,X_LEG_3,7.72,75.78,18.55,1,1700,1692,NW
1189249.826,X_LEG_3,7.77,75.82,18.58,1,1700,1692,NW
1189249.846,X_LEG_3,7.77,75.82,18.58,1,1700,1692,NW
1189249.867,X_LEG_3,7.77,75.82,18.58,1,1700,1692,NW
1189249.888,X_LEG_3,7.77,75.82,18.58,1,1700,1692,NW
1189249.908,X_LEG_3,7.77,75.82,18.58,1,1700,1692,NW
1189249.929,X_LEG_3,7.77,75.82,11.58,1,1700,1692,NW
1189249.949,X_LEG_3,7.77,75.82,11.58,1,1700,1692,NW
1189249.970,X_LEG_3,7.77,75.82,11.58,1,1700,1692,NW
1189249.991,X_LEG_3,7.77,75.82,11.58,1,1700,1692,NW
1189250.012,X_LEG_3,7.77,75.82,11.58,1,1700,1692,NW
1189250.032,X_LEG_3,7.82,75.88,11.62,1,1700,1692,NW
1189250.053,X_LEG_3,7.82,75.88,11.62,1,1700,1692,NW
1189250.073,X_LEG_3,7.82,75.88,11.62,1,1700,1692,NW
1189250.094,X_LEG_3,7.82,75.88,11.62,1,1700,1692,NW
1189250.115,X_LEG_3,7.82,75.88,11.62,1,1700,1692,NW
1189250.135,X_LEG_3,7.87,75.92,11.66,1,1700,1692,NW
1189250.155,X_LEG_3,7.87,75.92,11.66,1,1700,1692,NW
1189250.175,X_LEG_3,7.87,75.92,11.66,1,1700,1692,NW
1189250.196,X_LEG_3,7.87,75.92,11.66,1,1700,1692,NW
1189250.216,X_LEG_3,7.87,75.92,11.66,1,1700,1692,NW
1189250.237,X_LEG_3,7.92,75.96,11.69,1,1700,1692,NW
1189250.258,X_LEG_3,7.92,75.96,11.69,1,1700,1692,NW
1189250.278,X_LEG_3,7.92,75.96,11.69,1,1700,1692,NW
1189250.299,X_LEG_3,7.92,75.96,11.69,1,1700,1692,NW
1189250.319,X_LEG_3,7.92,75.96,11.69,1,1700,1692,NW
1189250.340,X_LEG_3,7.97,75.99,11.73,1,1700,1692,NW
1189250.360,X_LEG_3,7.97,75.99,11.73,1,1700,1692,NW
1189250.381,X_LEG_3,7.97,75.99,11.73,1,1700,1692,NW
1189250.401,X_LEG_3,7.97,75.99,11.73,1,1700,1692,NW
1189250.422,X_LEG_3,7.97,75.99,11.73,1,1700,1692,NW
1189250.443,X_LEG_3,8.03,76.03,11.76,1,1700,1691,NW
1189250.463,X_LEG_3,8.03,76.03,11.76,1,1700,1691,NW
1189250.484,X_LEG_3,8.03,76.03,11.76,1,1700,1691,NW
1189250.504,X_LEG_3,8.03,76.03,11.76,1,1700,1691,NW
1189250.524,X_LEG_3,8.03,76.03,11.76,1,1700,1691,NW
1189250.545,X_LEG_3,8.03,76.03,10.76,1,1700,1691,NW
1189250.565,X_LEG_3,8.03,76.03,10.76,1,1700,1691,NW
1189250.586,X_LEG_3,8.03,76.03,10.76,1,1700,1691,NW
1189250.607,X_LEG_3,8.03,76.03,10.76,1,1700,1691,NW
1189250.628,X_LEG_3,8.03,76.03,10.76,1,1700,1691,NW
1189250.648,X_LEG_3,8.09,76.04,10.80,1,1700,1691,NW
1189250.669,X_LEG_3,8.09,76.04,10.80,1,1700,1691,NW
1189250.689,X_LEG_3,8.09,76.04,10.80,1,1700,1691,NW
1189250.710,X_LEG_3,8.09,76.04,10.80,1,1700,1691,NW
1189250.732,X_LEG_3,8.09,76.04,10.80,1,1700,1691,NW
1189250.759,X_LEG_3,8.13,76.05,10.82,1,1700,1691,NW
1189250.780,X_LEG_3,8.13,76.05,10.82,1,1700,1691,NW
1189250.804,X_LEG_3,8.13,76.05,10.82,1,1700,1691,NW
1189250.825,X_LEG_3,8.13,76.05,10.82,1,1700,1691,NW
1189250.848,X_LEG_3,8.13,76.05,10.82,1,1700,1691,NW
1189250.868,X_LEG_3,8.17,76.05,10.82,1,1700,1691,NW
1189250.888,X_LEG_3,8.17,76.05,10.82,1,1700,1691,NW
1189250.910,X_LEG_3,8.17,76.05,10.82,1,1700,1691,NW
1189250.931,X_LEG_3,8.17,76.05,10.82,1,1700,1691,NW
1189250.952,X_LEG_3,8.17,76.05,10.82,1,1700,1691,NW
1189250.972,X_LEG_3,8.17,76.06,10.85,1,1700,1691,NW
1189250.992,X_LEG_3,8.17,76.06,10.85,1,1700,1691,NW
1189251.012,X_LEG_3,8.17,76.06,10.85,1,1700,1691,NW
1189251.033,X_LEG_3,8.17,76.06,10.85,1,1700,1691,NW
1189251.054,X_LEG_3,8.17,76.06,10.85,1,1700,1691,NW
1189251.075,X_LEG_3,8.21,76.07,10.87,1,1700,1691,NW
1189251.095,X_LEG_3,8.21,76.07,10.87,1,1700,1691,NW
1189251.115,X_LEG_3,8.21,76.07,10.87,1,1700,1691,NW
1189251.136,X_LEG_3,8.21,76.07,10.87,1,1700,1691,NW
1189251.157,X_LEG_3,8.21,76.07,10.87,1,1700,1691,NW
1189251.178,X_LEG_3,8.25,76.08,10.90,1,1700,1691,NW
1189251.198,X_LEG_3,8.25,76.08,10.90,1,1700,1691,NW
1189251.220,X_LEG_3,8.25,76.08,10.90,1,1700,1691,NW
1189251.241,X_LEG_3,8.25,76.08,10.90,1,1700,1691,NW
1189251.261,X_LEG_3,8.25,76.08,10.90,1,1700,1691,NW
1189251.282,X_LEG_3,8.29,76.08,7.92,1,1700,1691,NW
1189251.302,X_LEG_3,8.29,76.08,7.92,1,1700,1691,NW
1189251.323,X_LEG_3,8.29,76.08,7.92,1,1700,1691,NW
1189251.344,X_LEG_3,8.29,76.08,7.92,1,1700,1691,NW
1189251.364,X_LEG_3,8.29,76.08,7.92,1,1700,1691,NW
1189251.385,X_LEG_3,8.34,76.08,7.95,1,1700,1690,NW
1189251.405,X_LEG_3,8.34,76.08,7.95,1,1700,1690,NW
1189251.426,X_LEG_3,8.34,76.08,7.95,1,1700,1690,NW
1189251.446,X_LEG_3,8.34,76.08,7.95,1,1700,1690,NW
1189251.469,X_LEG_3,8.34,76.08,7.95,1,1700,1690,NW
1189251.489,X_LEG_3,8.38,76.08,7.97,1,1700,1690,NW
1189251.510,X_LEG_3,8.38,76.08,7.97,1,1700,1690,NW
1189251.531,X_LEG_3,8.38,76.08,7.97,1,1700,1690,NW
1189251.551,X_LEG_3,8.38,76.08,7.97,1,1700,1690,NW
1189251.572,X_LEG_3,8.38,76.08,7.97,1,1700,1690,NW
1189251.592,X_LEG_3,8.38,76.08,7.97,1,1700,1690,NW
1189251.612,X_LEG_3,8.38,76.08,7.97,1,1700,1690,NW
1189251.633,X_LEG_3,8.38,76.08,7.97,1,1700,1690,NW
1189251.653,X_LEG_3,8.38,76.08,7.97,1,1700,1690,NW
1189251.674,X_LEG_3,8.38,76.08,7.97,1,1700,1690,NW
1189251.694,X_LEG_3,8.45,76.07,8.01,1,1700,1690,NW
1189251.715,X_LEG_3,8.45,76.07,8.01,1,1700,1690,NW
1189251.735,X_LEG_3,8.45,76.07,8.01,1,1700,1690,NW
1189251.756,X_LEG_3,8.45,76.07,8.01,1,1700,1690,NW
1189251.777,X_LEG_3,8.45,76.07,8.01,1,1700,1690,NW
1189251.798,X_LEG_3,8.52,76.07,8.04,1,1700,1690,NW
1189251.818,X_LEG_3,8.52,76.07,8.04,1,1700,1690,NW
1189251.839,X_LEG_3,8.52,76.07,8.04,1,1700,1690,NW
1189251.860,X_LEG_3,8.52,76.07,8.04,1,1700,1690,NW
1189251.880,X_LEG_3,8.52,76.07,8.04,1,1700,1690,NW
1189251.901,X_LEG_3,8.59,76.05,6.08,1,1700,1690,NW
1189251.921,X_LEG_3,8.59,76.05,6.08,1,1700,1690,NW
1189251.942,X_LEG_3,8.59,76.05,6.08,1,1700,1690,NW
1189251.962,X_LEG_3,8.59,76.05,6.08,1,1700,1690,NW
1189251.983,X_LEG_3,8.59,76.05,6.08,1,1700,1690,NW
1189252.003,X_LEG_3,8.59,76.05,6.08,1,1700,1690,NW
1189252.024,X_LEG_3,8.59,76.05,6.08,1,1700,1690,NW
1189252.044,X_LEG_3,8.59,76.05,6.08,1,1700,1690,NW
1189252.065,X_LEG_3,8.59,76.05,6.08,1,1700,1690,NW
1189252.085,X_LEG_3,8.59,76.05,6.08,1,1700,1690,NW
1189252.106,X_LEG_3,8.66,76.03,6.12,1,1700,1690,NW
1189252.126,X_LEG_3,8.66,76.03,6.12,1,1700,1690,NW
1189252.147,X_LEG_3,8.66,76.03,6.12,1,1700,1690,NW
1189252.167,X_LEG_3,8.66,76.03,6.12,1,1700,1690,NW
1189252.188,X_LEG_3,8.66,76.03,6.12,1,1700,1690,NW
1189252.208,X_LEG_3,8.73,76.01,6.16,1,1700,1689,NW
1189252.229,X_LEG_3,8.73,76.01,6.16,1,1700,1689,NW
1189252.249,X_LEG_3,8.73,76.01,6.16,1,1700,1689,NW
1189252.270,X_LEG_3,8.73,76.01,6.16,1,1700,1689,NW
1189252.290,X_LEG_3,8.73,76.01,6.16,1,1700,1689,NW
1189252.311,X_LEG_3,8.81,75.98,6.19,1,1700,1689,NW
1189252.331,X_LEG_3,8.81,75.98,6.19,1,1700,1689,NW
1189252.353,X_LEG_3,8.81,75.98,6.19,1,1700,1689,NW
1189252.374,X_LEG_3,8.81,75.98,6.19,1,1700,1689,NW
1189252.394,X_LEG_3,8.81,75.98,6.19,1,1700,1689,NW
1189252.414,X_LEG_3,8.81,75.98,6.19,1,1700,1689,NW
1189252.435,X_LEG_3,8.81,75.98,6.19,1,1700,1689,NW
1189252.455,X_LEG_3,8.81,75.98,6.19,1,1700,1689,NW
1189252.476,X_LEG_3,8.81,75.98,6.19,1,1700,1689,NW
1189252.496,X_LEG_3,8.81,75.98,6.19,1,1700,1689,NW
1189252.516,X_LEG_3,8.88,75.94,6.23,1,1700,1689,NW
1189252.537,X_LEG_3,8.88,75.94,6.23,1,1700,1689,NW
1189252.557,X_LEG_3,8.88,75.94,6.23,1,1700,1689,NW
1189252.578,X_LEG_3,8.88,75.94,6.23,1,1700,1689,NW
1189252.598,X_LEG_3,8.88,75.94,6.23,1,1700,1689,NW
1189252.619,X_LEG_3,8.96,75.91,6.27,1,1700,1689,NW
1189252.639,X_LEG_3,8.96,75.91,6.27,1,1700,1689,NW
1189252.660,X_LEG_3,8.96,75.91,6.27,1,1700,1689,NW
1189252.681,X_LEG_3,8.96,75.91,6.27,1,1700,1689,NW
1189252.701,X_LEG_3,8.96,75.91,6.27,1,1700,1689,NW
1189252.722,X_LEG_3,9.04,75.87,6.31,1,1700,1688,NW
1189252.743,X_LEG_3,9.04,75.87,6.31,1,1700,1688,NW
1189252.763,X_LEG_3,9.04,75.87,6.31,1,1700,1688,NW
1189252.783,X_LEG_3,9.04,75.87,6.31,1,1700,1688,NW
1189252.804,X_LEG_3,9.04,75.87,6.31,1,1700,1688,NW
1189252.825,X_LEG_3,9.04,75.87,6.31,1,1700,1688,NW
1189252.845,X_LEG_3,9.04,75.87,6.31,1,1700,1688,NW
1189252.866,X_LEG_3,9.04,75.87,6.31,1,1700,1688,NW
1189252.886,X_LEG_3,9.04,75.87,6.31,1,1700,1688,NW
1189252.907,X_LEG_3,9.04,75.87,6.31,1,1700,1688,NW
1189252.928,X_LEG_3,9.12,75.82,6.34,1,1700,1688,NW
1189252.948,X_LEG_3,9.12,75.82,6.34,1,1700,1688,NW
1189252.969,X_LEG_3,9.12,75.82,6.34,1,1700,1688,NW
1189252.990,X_LEG_3,9.12,75.82,6.34,1,1700,1688,NW
1189253.010,X_LEG_3,9.12,75.82,6.34,1,1700,1688,NW
1189253.031,X_LEG_3,9.21,75.77,4.38,1,1700,1688,NW
1189253.052,X_LEG_3,9.21,75.77,4.38,1,1700,1688,NW
1189253.072,X_LEG_3,9.21,75.77,4.38,1,1700,1688,NW
1189253.093,X_LEG_3,9.21,75.77,4.38,1,1700,1688,NW
1189253.113,X_LEG_3,9.21,75.77,4.38,1,1700,1688,NW
1189253.134,X_LEG_3,9.26,75.73,4.40,1,1700,1688,NW
1189253.154,X_LEG_3,9.26,75.73,4.40,1,1700,1688,NW
1189253.175,X_LEG_3,9.26,75.73,4.40,1,1700,1688,NW
1189253.195,X_LEG_3,9.26,75.73,4.40,1,1700,1688,NW
1189253.216,X_LEG_3,9.26,75.73,4.40,1,1700,1688,NW
1189253.239,X_LEG_3,9.26,75.73,4.40,1,1700,1688,NW
1189253.257,X_LEG_3,9.26,75.73,4.40,1,1700,1688,NW
1189253.278,X_LEG_3,9.26,75.73,4.40,1,1700,1688,NW
1189253.299,X_LEG_3,9.26,75.73,4.40,1,1700,1688,NW
1189253.319,X_LEG_3,9.26,75.73,4.40,1,1700,1688,NW
1189253.340,X_LEG_3,9.35,75.68,4.44,1,1700,1687,NW
1189253.360,X_LEG_3,9.35,75.68,4.44,1,1700,1687,NW
1189253.381,X_LEG_3,9.35,75.68,4.44,1,1700,1687,NW
1189253.401,X_LEG_3,9.35,75.68,4.44,1,1700,1687,NW
1189253.422,X_LEG_3,9.35,75.68,4.44,1,1700,1687,NW
1189253.443,X_LEG_3,9.35,75.68,4.44,1,1700,1687,NW
1189253.463,X_LEG_3,9.35,75.68,4.44,1,1700,1687,NW
1189253.483,X_LEG_3,9.35,75.68,4.44,1,1700,1687,NW
1189253.504,X_LEG_3,9.35,75.68,4.44,1,1700,1687,NW
1189253.525,X_LEG_3,9.35,75.68,4.44,1,1700,1687,NW
1189253.545,X_LEG_3,9.43,75.61,4.48,1,1700,1687,NW
1189253.566,X_LEG_3,9.43,75.61,4.48,1,1700,1687,NW
1189253.586,X_LEG_3,9.43,75.61,4.48,1,1700,1687,NW
1189253.607,X_LEG_3,9.43,75.61,4.48,1,1700,1687,NW
1189253.629,X_LEG_3,9.43,75.61,4.48,1,1700,1687,NW
1189253.649,X_LEG_3,9.52,75.55,4.51,1,1700,1687,NW
1189253.670,X_LEG_3,9.52,75.55,4.51,1,1700,1687,NW
1189253.691,X_LEG_3,9.52,75.55,4.51,1,1700,1687,NW
1189253.712,X_LEG_3,9.52,75.55,4.51,1,1700,1687,NW
1189253.732,X_LEG_3,9.52,75.55,4.51,1,1700,1687,NW
1189253.754,X_LEG_3,9.61,75.48,4.56,1,1700,1687,NW
1189253.774,X_LEG_3,9.61,75.48,4.56,1,1700,1687,NW
1189253.795,X_LEG_3,9.61,75.48,4.56,1,1700,1687,NW
1189253.815,X_LEG_3,9.61,75.48,4.56,1,1700,1687,NW
1189253.836,X_LEG_3,9.61,75.48,4.56,1,1700,1687,NW
1189253.856,X_LEG_3,9.70,75.41,4.59,1,1700,1686,NW
1189253.877,X_LEG_3,9.70,75.41,4.59,1,1700,1686,NW
1189253.897,X_LEG_3,9.70,75.41,4.59,1,1700,1686,NW
1189253.918,X_LEG_3,9.70,75.41,4.59,1,1700,1686,NW
1189253.938,X_LEG_3,9.70,75.41,4.59,1,1700,1686,NW
1189253.959,X_LEG_3,9.70,75.41,4.59,1,1700,1686,NW
1189253.979,X_LEG_3,9.70,75.41,4.59,1,1700,1686,NW
1189254.000,X_LEG_3,9.70,75.41,4.59,1,1700,1686,NW
1189254.021,X_LEG_3,9.70,75.41,4.59,1,1700,1686,NW
1189254.041,X_LEG_3,9.70,75.41,4.59,1,1700,1686,NW
1189254.061,X_LEG_3,9.80,75.33,4.63,1,1700,1686,NW
1189254.082,X_LEG_3,9.80,75.33,4.63,1,1700,1686,NW
1189254.102,X_LEG_3,9.80,75.33,4.63,1,1700,1686,NW
1189254.123,X_LEG_3,9.80,75.33,4.63,1,1700,1686,NW
1189254.144,X_LEG_3,9.80,75.33,4.63,1,1700,1686,NW
1189254.165,X_LEG_3,9.89,75.25,4.66,1,1700,1686,NW
1189254.185,X_LEG_3,9.89,75.25,4.66,1,1700,1686,NW
1189254.205,X_LEG_3,9.89,75.25,4.66,1,1700,1686,NW
1189254.226,X_LEG_3,9.89,75.25,4.66,1,1700,1686,NW
1189254.246,X_LEG_3,9.89,75.25,4.66,1,1700,1686,NW
1189254.267,X_LEG_3,9.89,75.25,3.66,1,1700,1686,NW
1189254.288,X_LEG_3,9.89,75.25,3.66,1,1700,1686,NW
1189254.309,X_LEG_3,9.89,75.25,3.66,1,1700,1686,NW
1189254.329,X_LEG_3,9.89,75.25,3.66,1,1700,1686,NW
1189254.350,X_LEG_3,9.89,75.25,3.66,1,1700,1686,NW
1189254.371,X_LEG_3,9.99,75.16,3.70,1,1700,1686,NW
1189254.396,X_LEG_3,9.99,75.16,3.70,1,1700,1686,NW
1189254.421,X_LEG_3,9.99,75.16,3.70,1,1700,1686,NW
1189254.441,X_LEG_3,9.99,75.16,3.70,1,1700,1686,NW
1189254.462,X_LEG_3,9.99,75.16,3.70,1,1700,1686,NW
1189254.482,X_LEG_3,10.05,75.10,3.73,1,1700,1685,NW
1189254.503,X_LEG_3,10.05,75.10,3.73,1,1700,1685,NW
1189254.523,X_LEG_3,10.05,75.10,3.73,1,1700,1685,NW
1189254.544,X_LEG_3,10.05,75.10,3.73,1,1700,1685,NW
1189254.565,X_LEG_3,10.05,75.10,3.73,1,1700,1685,NW
1189254.585,X_LEG_3,10.12,75.04,3.75,1,1700,1685,NW
1189254.605,X_LEG_3,10.12,75.04,3.75,1,1700,1685,NW
1189254.626,X_LEG_3,10.12,75.04,3.75,1,1700,1685,NW
1189254.647,X_LEG_3,10.12,75.04,3.75,1,1700,1685,NW
1189254.667,X_LEG_3,10.12,75.04,3.75,1,1700,1685,NW
1189254.687,X_LEG_3,10.19,74.98,3.77,1,1700,1685,NW
1189254.708,X_LEG_3,10.19,74.98,3.77,1,1700,1685,NW
1189254.728,X_LEG_3,10.19,74.98,3.77,1,1700,1685,NW
1189254.749,X_LEG_3,10.19,74.98,3.77,1,1700,1685,NW
1189254.771,X_LEG_3,10.19,74.98,3.77,1,1700,1685,NW
1189254.790,X_LEG_3,10.25,74.92,3.80,1,1700,1685,NW
1189254.811,X_LEG_3,10.25,74.92,3.80,1,1700,1685,NW
1189254.831,X_LEG_3,10.25,74.92,3.80,1,1700,1685,NW
1189254.852,X_LEG_3,10.25,74.92,3.80,1,1700,1685,NW
1189254.874,X_LEG_3,10.25,74.92,3.80,1,1700,1685,NW
1189254.894,X_LEG_3,10.32,74.86,3.82,1,1700,1685,NW
1189254.915,X_LEG_3,10.32,74.86,3.82,1,1700,1685,NW
1189254.936,X_LEG_3,10.32,74.86,3.82,1,1700,1685,NW
1189254.956,X_LEG_3,10.32,74.86,3.82,1,1700,1685,NW
1189254.976,X_LEG_3,10.32,74.86,3.82,1,1700,1685,NW
1189254.997,X_LEG_3,10.32,74.86,3.82,1,1700,1685,NW
1189255.017,X_LEG_3,10.32,74.86,3.82,1,1700,1685,NW
1189255.038,X_LEG_3,10.32,74.86,3.82,1,1700,1685,NW
1189255.059,X_LEG_3,10.32,74.86,3.82,1,1700,1685,NW
1189255.079,X_LEG_3,10.32,74.86,3.82,1,1700,1685,NW
1189255.100,X_LEG_3,10.42,74.76,3.86,1,1700,1684,NW
1189255.120,X_LEG_3,10.42,74.76,3.86,1,1700,1684,NW
1189255.141,X_LEG_3,10.42,74.76,3.86,1,1700,1684,NW
1189255.161,X_LEG_3,10.42,74.76,3.86,1,1700,1684,NW
1189255.183,X_LEG_3,10.42,74.76,3.86,1,1700,1684,NW
1189255.203,X_LEG_3,10.53,74.66,3.90,1,1700,1684,NW
1189255.225,X_LEG_3,10.53,74.66,3.90,1,1700,1684,NW
1189255.246,X_LEG_3,10.53,74.66,3.90,1,1700,1684,NW
1189255.268,X_LEG_3,10.53,74.66,3.90,1,1700,1684,NW
1189255.287,X_LEG_3,10.53,74.66,3.90,1,1700,1684,NW
1189255.308,X_LEG_3,10.63,74.54,3.93,1,1700,1684,NW
1189255.328,X_LEG_3,10.63,74.54,3.93,1,1700,1684,NW
1189255.349,X_LEG_3,10.63,74.54,3.93,1,1700,1684,NW
1189255.369,X_LEG_3,10.63,74.54,3.93,1,1700,1684,NW
1189255.390,X_LEG_3,10.63,74.54,3.93,1,1700,1684,NW
1189255.410,X_LEG_3,10.63,74.54,2.93,1,1700,1684,NW
1189255.431,X_LEG_3,10.63,74.54,2.93,1,1700,1684,NW
1189255.452,X_LEG_3,10.63,74.54,2.93,1,1700,1684,NW
1189255.472,X_LEG_3,10.63,74.54,2.93,1,1700,1684,NW
1189255.493,X_LEG_3,10.63,74.54,2.93,1,1700,1684,NW
1189255.513,X_LEG_3,10.74,74.44,2.97,1,1700,1683,NW
1189255.534,X_LEG_3,10.74,74.44,2.97,1,1700,1683,NW
1189255.554,X_LEG_3,10.74,74.44,2.97,1,1700,1683,NW
1189255.574,X_LEG_3,10.74,74.44,2.97,1,1700,1683,NW
1189255.595,X_LEG_3,10.74,74.44,2.97,1,1700,1683,NW
1189255.615,X_LEG_3,10.81,74.36,3.00,1,1700,1683,NW
1189255.636,X_LEG_3,10.81,74.36,3.00,1,1700,1683,NW
1189255.656,X_LEG_3,10.81,74.36,3.00,1,1700,1683,NW
1189255.677,X_LEG_3,10.81,74.36,3.00,1,1700,1683,NW
1189255.698,X_LEG_3,10.81,74.36,3.00,1,1700,1683,NW
1189255.718,X_LEG_3,10.92,74.24,3.03,1,1700,1683,NW
1189255.739,X_LEG_3,10.92,74.24,3.03,1,1700,1683,NW
1189255.759,X_LEG_3,10.92,74.24,3.03,1,1700,1683,NW
1189255.780,X_LEG_3,10.92,74.24,3.03,1,1700,1683,NW
1189255.800,X_LEG_3,10.92,74.24,3.03,1,1700,1683,NW
1189255.821,X_LEG_3,10.92,74.24,3.03,1,1700,1683,NW
1189255.841,X_LEG_3,10.92,74.24,3.03,1,1700,1683,NW
1189255.862,X_LEG_3,10.92,74.24,3.03,1,1700,1683,NW
1189255.882,X_LEG_3,10.92,74.24,3.03,1,1700,1683,NW
1189255.903,X_LEG_3,10.92,74.24,3.03,1,1700,1683,NW
1189255.923,X_LEG_3,11.03,74.12,3.07,1,1700,1682,NW
1189255.944,X_LEG_3,11.03,74.12,3.07,1,1700,1682,NW
1189255.965,X_LEG_3,11.03,74.12,3.07,1,1700,1682,NW
1189255.985,X_LEG_3,11.03,74.12,3.07,1,1700,1682,NW
1189256.006,X_LEG_3,11.03,74.12,3.07,1,1700,1682,NW
1189256.026,X_LEG_3,11.15,74.00,3.10,1,1700,1682,NW
1189256.047,X_LEG_3,11.15,74.00,3.10,1,1700,1682,NW
1189256.067,X_LEG_3,11.15,74.00,3.10,1,1700,1682,NW
1189256.088,X_LEG_3,11.15,74.00,3.10,1,1700,1682,NW
1189256.108,X_LEG_3,11.15,74.00,3.10,1,1700,1682,NW
1189256.129,X_LEG_3,11.15,74.00,3.10,1,1700,1682,NW
1189256.149,X_LEG_3,11.15,74.00,3.10,1,1700,1682,NW
1189256.170,X_LEG_3,11.15,74.00,3.10,1,1700,1682,NW
1189256.190,X_LEG_3,11.15,74.00,3.10,1,1700,1682,NW
1189256.211,X_LEG_3,11.15,74.00,3.10,1,1700,1682,NW
1189256.232,X_LEG_3,11.26,73.88,3.14,1,1700,1682,NW
1189256.252,X_LEG_3,11.26,73.88,3.14,1,1700,1682,NW
1189256.274,X_LEG_3,11.26,73.88,3.14,1,1700,1682,NW
1189256.294,X_LEG_3,11.26,73.88,3.14,1,1700,1682,NW
1189256.315,X_LEG_3,11.26,73.88,3.14,1,1700,1682,NW
1189256.337,X_LEG_3,11.38,73.74,3.17,1,1700,1681,NW
1189256.357,X_LEG_3,11.38,73.74,3.17,1,1700,1681,NW
1189256.378,X_LEG_3,11.38,73.74,3.17,1,1700,1681,NW
1189256.398,X_LEG_3,11.38,73.74,3.17,1,1700,1681,NW
1189256.418,X_LEG_3,11.38,73.74,3.17,1,1700,1681,NW
1189256.439,X_LEG_3,11.49,73.62,3.21,1,1700,1681,NW
1189256.460,X_LEG_3,11.49,73.62,3.21,1,1700,1681,NW
1189256.480,X_LEG_3,11.49,73.62,3.21,1,1700,1681,NW
1189256.501,X_LEG_3,11.49,73.62,3.21,1,1700,1681,NW
1189256.521,X_LEG_3,11.49,73.62,3.21,1,1700,1681,NW
1189256.541,X_LEG_3,11.61,73.48,3.25,1,1700,1681,NW
1189256.562,X_LEG_3,11.61,73.48,3.25,1,1700,1681,NW
1189256.583,X_LEG_3,11.61,73.48,3.25,1,1700,1681,NW
1189256.603,X_LEG_3,11.61,73.48,3.25,1,1700,1681,NW
1189256.624,X_LEG_3,11.61,73.48,3.25,1,1700,1681,NW
1189256.644,X_LEG_3,11.69,73.39,2.27,1,1700,1680,NW
1189256.665,X_LEG_3,11.69,73.39,2.27,1,1700,1680,NW
1189256.685,X_LEG_3,11.69,73.39,2.27,1,1700,1680,NW
1189256.706,X_LEG_3,11.69,73.39,2.27,1,1700,1680,NW
1189256.726,X_LEG_3,11.69,73.39,2.27,1,1700,1680,NW
1189256.747,X_LEG_3,11.81,73.24,2.30,1,1700,1680,NW
1189256.767,X_LEG_3,11.81,73.24,2.30,1,1700,1680,NW
1189256.788,X_LEG_3,11.81,73.24,2.30,1,1700,1680,NW
1189256.809,X_LEG_3,11.81,73.24,2.30,1,1700,1680,NW
1189256.829,X_LEG_3,11.81,73.24,2.30,1,1700,1680,NW
1189256.849,X_LEG_3,11.81,73.24,2.30,1,1700,1680,NW
1189256.869,X_LEG_3,11.81,73.24,2.30,1,1700,1680,NW
1189256.890,X_LEG_3,11.81,73.24,2.30,1,1700,1680,NW
1189256.911,X_LEG_3,11.81,73.24,2.30,1,1700,1680,NW
1189256.931,X_LEG_3,11.81,73.24,2.30,1,1700,1680,NW
1189256.952,X_LEG_3,11.81,73.24,2.30,1,1700,1680,NW
1189256.972,X_LEG_3,11.81,73.24,2.30,1,1700,1680,NW
1189256.993,X_LEG_3,11.81,73.24,2.30,1,1700,1680,NW
1189257.013,X_LEG_3,11.81,73.24,2.30,1,1700,1680,NW
1189257.035,X_LEG_3,11.81,73.24,2.30,1,1700,1680,NW
1189257.055,X_LEG_3,11.93,73.11,2.34,1,1700,1680,NW
1189257.075,X_LEG_3,11.93,73.11,2.34,1,1700,1680,NW
1189257.097,X_LEG_3,11.93,73.11,2.34,1,1700,1680,NW
1189257.118,X_LEG_3,11.93,73.11,2.34,1,1700,1680,NW
1189257.139,X_LEG_3,11.93,73.11,2.34,1,1700,1680,NW
1189257.159,X_LEG_3,12.05,72.96,2.38,1,1700,1679,NW
1189257.180,X_LEG_3,12.05,72.96,2.38,1,1700,1679,NW
1189257.200,X_LEG_3,12.05,72.96,2.38,1,1700,1679,NW
1189257.222,X_LEG_3,12.05,72.96,2.38,1,1700,1679,NW
1189257.242,X_LEG_3,12.05,72.96,2.38,1,1700,1679,NW
1189257.263,X_LEG_3,12.18,72.81,2.41,1,1700,1679,NW
1189257.284,X_LEG_3,12.18,72.81,2.41,1,1700,1679,NW
1189257.304,X_LEG_3,12.18,72.81,2.41,1,1700,1679,NW
1189257.325,X_LEG_3,12.18,72.81,2.41,1,1700,1679,NW
1189257.346,X_LEG_3,12.18,72.81,2.41,1,1700,1679,NW
1189257.366,X_LEG_3,12.18,72.81,2.41,1,1700,1679,NW
1189257.387,X_LEG_3,12.18,72.81,2.41,1,1700,1679,NW
1189257.407,X_LEG_3,12.18,72.81,2.41,1,1700,1679,NW
1189257.427,X_LEG_3,12.18,72.81,2.41,1,1700,1679,NW
1189257.448,X_LEG_3,12.18,72.81,2.41,1,1700,1679,NW
1189257.468,X_LEG_3,12.39,72.56,2.47,1,1700,1678,NW
1189257.489,X_LEG_3,12.39,72.56,2.47,1,1700,1678,NW
1189257.509,X_LEG_3,12.39,72.56,2.47,1,1700,1678,NW
1189257.530,X_LEG_3,12.39,72.56,2.47,1,1700,1678,NW
1189257.550,X_LEG_3,12.39,72.56,2.47,1,1700,1678,NW
1189257.571,X_LEG_3,12.39,72.56,2.47,1,1700,1678,NW
1189257.591,X_LEG_3,12.39,72.56,2.47,1,1700,1678,NW
1189257.612,X_LEG_3,12.39,72.56,2.47,1,1700,1678,NW
1189257.632,X_LEG_3,12.39,72.56,2.47,1,1700,1678,NW
1189257.653,X_LEG_3,12.39,72.56,2.47,1,1700,1678,NW
1189257.673,X_LEG_3,12.52,72.40,2.50,1,1700,1678,NW
1189257.694,X_LEG_3,12.52,72.40,2.50,1,1700,1678,NW
1189257.714,X_LEG_3,12.52,72.40,2.50,1,1700,1678,NW
1189257.735,X_LEG_3,12.52,72.40,2.50,1,1700,1678,NW
1189257.755,X_LEG_3,12.52,72.40,2.50,1,1700,1678,NW
1189257.776,X_LEG_3,12.65,72.25,2.54,1,1700,1678,NW
1189257.796,X_LEG_3,12.65,72.25,2.54,1,1700,1678,NW
1189257.817,X_LEG_3,12.65,72.25,2.54,1,1700,1678,NW
1189257.837,X_LEG_3,12.65,72.25,2.54,1,1700,1678,NW
1189257.858,X_LEG_3,12.65,72.25,2.54,1,1700,1678,NW
1189257.878,X_LEG_3,12.65,72.25,2.54,1,1700,1678,NW
1189257.899,X_LEG_3,12.65,72.25,2.54,1,1700,1678,NW
1189257.920,X_LEG_3,12.65,72.25,2.54,1,1700,1678,NW
1189257.940,X_LEG_3,12.65,72.25,2.54,1,1700,1678,NW
1189257.961,X_LEG_3,12.65,72.25,2.54,1,1700,1678,NW
1189257.981,X_LEG_3,12.78,72.08,2.58,1,1700,1677,NW
1189258.002,X_LEG_3,12.78,72.08,2.58,1,1700,1677,NW
1189258.022,X_LEG_3,12.78,72.08,2.58,1,1700,1677,NW
1189258.043,X_LEG_3,12.78,72.08,2.58,1,1700,1677,NW
1189258.064,X_LEG_3,12.78,72.08,2.58,1,1700,1677,NW
1189258.084,X_LEG_3,12.91,71.91,2.61,1,1700,1677,NW
1189258.105,X_LEG_3,12.91,71.91,2.61,1,1700,1677,NW
1189258.126,X_LEG_3,12.91,71.91,2.61,1,1700,1677,NW
1189258.146,X_LEG_3,12.91,71.91,2.61,1,1700,1677,NW
1189258.167,X_LEG_3,12.91,71.91,2.61,1,1700,1677,NW
1189258.188,X_LEG_3,12.99,71.81,2.63,1,1700,1677,NW
1189258.208,X_LEG_3,12.99,71.81,2.63,1,1700,1677,NW
1189258.229,X_LEG_3,12.99,71.81,2.63,1,1700,1677,NW
1189258.250,X_LEG_3,12.99,71.81,2.63,1,1700,1677,NW
1189258.270,X_LEG_3,12.99,71.81,2.63,1,1700,1677,NW
1189258.291,X_LEG_3,12.99,71.81,2.63,1,1700,1677,NW
1189258.311,X_LEG_3,12.99,71.81,2.63,1,1700,1677,NW
1189258.332,X_LEG_3,12.99,71.81,2.63,1,1700,1677,NW
1189258.352,X_LEG_3,12.99,71.81,2.63,1,1700,1677,NW
1189258.373,X_LEG_3,12.99,71.81,2.63,1,1700,1677,NW
1189258.393,X_LEG_3,13.13,71.63,2.67,1,1700,1676,NW
1189258.413,X_LEG_3,13.13,71.63,2.67,1,1700,1676,NW
1189258.434,X_LEG_3,13.13,71.63,2.67,1,1700,1676,NW
1189258.454,X_LEG_3,13.13,71.63,2.67,1,1700,1676,NW
1189258.475,X_LEG_3,13.13,71.63,2.67,1,1700,1676,NW
1189258.495,X_LEG_3,13.26,71.47,1.71,1,1700,1676,NW
1189258.515,X_LEG_3,13.26,71.47,1.71,1,1700,1676,NW
1189258.536,X_LEG_3,13.26,71.47,1.71,1,1700,1676,NW
1189258.557,X_LEG_3,13.26,71.47,1.71,1,1700,1676,NW
1189258.578,X_LEG_3,13.26,71.47,1.71,1,1700,1676,NW
1189258.599,X_LEG_3,13.40,71.30,1.73,1,1700,1675,NW
1189258.619,X_LEG_3,13.40,71.30,1.73,1,1700,1675,NW
1189258.640,X_LEG_3,13.40,71.30,1.73,1,1700,1675,NW
1189258.660,X_LEG_3,13.40,71.30,1.73,1,1700,1675,NW
1189258.681,X_LEG_3,13.40,71.30,1.73,1,1700,1675,NW
1189258.702,X_LEG_3,13.40,71.30,1.73,1,1700,1675,NW
1189258.722,X_LEG_3,13.40,71.30,1.73,1,1700,1675,NW
1189258.742,X_LEG_3,13.40,71.30,1.73,1,1700,1675,NW
1189258.763,X_LEG_3,13.40,71.30,1.73,1,1700,1675,NW
1189258.784,X_LEG_3,13.40,71.30,1.73,1,1700,1675,NW
1189258.804,X_LEG_3,13.53,71.12,1.77,1,1700,1675,NW
1189258.826,X_LEG_3,13.53,71.12,1.77,1,1700,1675,NW
1189258.846,X_LEG_3,13.53,71.12,1.77,1,1700,1675,NW
1189258.866,X_LEG_3,13.53,71.12,1.77,1,1700,1675,NW
1189258.888,X_LEG_3,13.53,71.12,1.77,1,1700,1675,NW
1189258.908,X_LEG_3,13.67,70.94,1.81,1,1700,1674,NW
1189258.929,X_LEG_3,13.67,70.94,1.81,1,1700,1674,NW
1189258.951,X_LEG_3,13.67,70.94,1.81,1,1700,1674,NW
1189258.972,X_LEG_3,13.67,70.94,1.81,1,1700,1674,NW
1189258.992,X_LEG_3,13.67,70.94,1.81,1,1700,1674,NW
1189259.012,X_LEG_3,13.81,70.76,1.84,1,1700,1674,NW
1189259.033,X_LEG_3,13.81,70.76,1.84,1,1700,1674,NW
1189259.054,X_LEG_3,13.81,70.76,1.84,1,1700,1674,NW
1189259.074,X_LEG_3,13.81,70.76,1.84,1,1700,1674,NW
1189259.094,X_LEG_3,13.81,70.76,1.84,1,1700,1674,NW
1189259.115,X_LEG_3,13.95,70.58,1.88,1,1700,1674,NW
1189259.135,X_LEG_3,13.95,70.58,1.88,1,1700,1674,NW
1189259.156,X_LEG_3,13.95,70.58,1.88,1,1700,1674,NW
1189259.176,X_LEG_3,13.95,70.58,1.88,1,1700,1674,NW
1189259.197,X_LEG_3,13.95,70.58,1.88,1,1700,1674,NW
1189259.218,X_LEG_3,13.95,70.58,1.88,1,1700,1674,NW
1189259.238,X_LEG_3,13.95,70.58,1.88,1,1700,1674,NW
1189259.259,X_LEG_3,13.95,70.58,1.88,1,1700,1674,NW
1189259.279,X_LEG_3,13.95,70.58,1.88,1,1700,1674,NW
1189259.300,X_LEG_3,13.95,70.58,1.88,1,1700,1674,NW
1189259.320,X_LEG_3,14.09,70.39,1.91,1,1700,1673,NW
1189259.341,X_LEG_3,14.09,70.39,1.91,1,1700,1673,NW
1189259.361,X_LEG_3,14.09,70.39,1.91,1,1700,1673,NW
1189259.382,X_LEG_3,14.09,70.39,1.91,1,1700,1673,NW
1189259.402,X_LEG_3,14.09,70.39,1.91,1,1700,1673,NW
1189259.423,X_LEG_3,14.23,70.21,1.94,1,1700,1673,NW
1189259.443,X_LEG_3,14.23,70.21,1.94,1,1700,1673,NW
1189259.465,X_LEG_3,14.23,70.21,1.94,1,1700,1673,NW
1189259.485,X_LEG_3,14.23,70.21,1.94,1,1700,1673,NW
1189259.506,X_LEG_3,14.23,70.21,1.94,1,1700,1673,NW
1189259.526,X_LEG_3,14.37,70.02,1.98,1,1700,1672,NW
1189259.547,X_LEG_3,14.37,70.02,1.98,1,1700,1672,NW
1189259.567,X_LEG_3,14.37,70.02,1.98,1,1700,1672,NW
1189259.588,X_LEG_3,14.37,70.02,1.98,1,1700,1672,NW
1189259.608,X_LEG_3,14.37,70.02,1.98,1,1700,1672,NW
1189259.629,X_LEG_3,14.37,70.02,1.98,1,1700,1672,NW
1189259.649,X_LEG_3,14.37,70.02,1.98,1,1700,1672,NW
1189259.670,X_LEG_3,14.37,70.02,1.98,1,1700,1672,NW
1189259.690,X_LEG_3,14.37,70.02,1.98,1,1700,1672,NW
1189259.711,X_LEG_3,14.37,70.02,1.98,1,1700,1672,NW
1189259.731,X_LEG_3,14.52,69.82,2.01,1,1700,1672,NW
1189259.752,X_LEG_3,14.52,69.82,2.01,1,1700,1672,NW
1189259.773,X_LEG_3,14.52,69.82,2.01,1,1700,1672,NW
1189259.793,X_LEG_3,14.52,69.82,2.01,1,1700,1672,NW
1189259.814,X_LEG_3,14.52,69.82,2.01,1,1700,1672,NW
1189259.835,X_LEG_3,14.66,69.63,2.04,1,1700,1672,NW
1189259.855,X_LEG_3,14.66,69.63,2.04,1,1700,1672,NW
1189259.876,X_LEG_3,14.66,69.63,2.04,1,1700,1672,NW
1189259.897,X_LEG_3,14.66,69.63,2.04,1,1700,1672,NW
1189259.917,X_LEG_3,14.66,69.63,2.04,1,1700,1672,NW
1189259.938,X_LEG_3,14.81,69.43,2.08,1,1700,1671,NW
1189259.959,X_LEG_3,14.81,69.43,2.08,1,1700,1671,NW
1189259.979,X_LEG_3,14.81,69.43,2.08,1,1700,1671,NW
1189260.000,X_LEG_3,14.81,69.43,2.08,1,1700,1671,NW
1189260.021,X_LEG_3,14.81,69.43,2.08,1,1700,1671,NW
1189260.042,X_LEG_3,14.81,69.43,2.08,1,1700,1671,NW
1189260.062,X_LEG_3,14.81,69.43,2.08,1,1700,1671,NW
1189260.084,X_LEG_3,14.81,69.43,2.08,1,1700,1671,NW
1189260.104,X_LEG_3,14.81,69.43,2.08,1,1700,1671,NW
1189260.125,X_LEG_3,14.81,69.43,2.08,1,1700,1671,NW
1189260.146,X_LEG_3,14.95,69.24,2.11,1,1700,1671,NW
1189260.166,X_LEG_3,14.95,69.24,2.11,1,1700,1671,NW
1189260.187,X_LEG_3,14.95,69.24,2.11,1,1700,1671,NW
1189260.209,X_LEG_3,14.95,69.24,2.11,1,1700,1671,NW
1189260.229,X_LEG_3,14.95,69.24,2.11,1,1700,1671,NW
1189260.249,X_LEG_3,15.10,69.04,1.15,1,1700,1671,NW
1189260.270,X_LEG_3,15.10,69.04,1.15,1,1700,1671,NW
1189260.290,X_LEG_3,15.10,69.04,1.15,1,1700,1671,NW
1189260.311,X_LEG_3,15.10,69.04,1.15,1,1700,1671,NW
1189260.331,X_LEG_3,15.10,69.04,1.15,1,1700,1671,NW
1189260.352,X_LEG_3,15.25,68.84,1.18,1,1700,1671,NW
1189260.372,X_LEG_3,15.25,68.84,1.18,1,1700,1671,NW
1189260.393,X_LEG_3,15.25,68.84,1.18,1,1700,1671,NW
1189260.413,X_LEG_3,15.25,68.84,1.18,1,1700,1671,NW
1189260.434,X_LEG_3,15.25,68.84,1.18,1,1700,1671,NW
1189260.454,X_LEG_3,15.35,68.70,1.20,1,1700,1670,NW
1189260.476,X_LEG_3,15.35,68.70,1.20,1,1700,1670,NW
1189260.495,X_LEG_3,15.35,68.70,1.20,1,1700,1670,NW
1189260.516,X_LEG_3,15.35,68.70,1.20,1,1700,1670,NW
1189260.536,X_LEG_3,15.35,68.70,1.20,1,1700,1670,NW
1189260.557,X_LEG_3,15.35,68.70,1.20,1,1700,1670,NW
1189260.577,X_LEG_3,15.35,68.70,1.20,1,1700,1670,NW
1189260.598,X_LEG_3,15.35,68.70,1.20,1,1700,1670,NW
1189260.619,X_LEG_3,15.35,68.70,1.20,1,1700,1670,NW
1189260.639,X_LEG_3,15.35,68.70,1.20,1,1700,1670,NW
1189260.660,X_LEG_3,15.49,68.49,1.23,1,1700,1670,NW
1189260.681,X_LEG_3,15.49,68.49,1.23,1,1700,1670,NW
1189260.701,X_LEG_3,15.49,68.49,1.23,1,1700,1670,NW
1189260.726,X_LEG_3,15.49,68.49,1.23,1,1700,1670,NW
1189260.746,X_LEG_3,15.49,68.49,1.23,1,1700,1670,NW
1189260.780,X_LEG_3,15.59,68.36,1.26,1,1700,1670,NW
1189260.801,X_LEG_3,15.59,68.36,1.26,1,1700,1670,NW
1189260.821,X_LEG_3,15.59,68.36,1.26,1,1700,1670,NW
1189260.841,X_LEG_3,15.59,68.36,1.26,1,1700,1670,NW
1189260.862,X_LEG_3,15.59,68.36,1.26,1,1700,1670,NW
1189260.882,X_LEG_3,15.69,68.21,1.29,1,1700,1669,NW
1189260.903,X_LEG_3,15.69,68.21,1.29,1,1700,1669,NW
1189260.924,X_LEG_3,15.69,68.21,1.29,1,1700,1669,NW
1189260.944,X_LEG_3,15.69,68.21,1.29,1,1700,1669,NW
1189260.965,X_LEG_3,15.69,68.21,1.29,1,1700,1669,NW
1189260.985,X_LEG_3,15.79,68.07,1.31,1,1700,1669,NW
1189261.006,X_LEG_3,15.79,68.07,1.31,1,1700,1669,NW
1189261.026,X_LEG_3,15.79,68.07,1.31,1,1700,1669,NW
1189261.047,X_LEG_3,15.79,68.07,1.31,1,1700,1669,NW
1189261.067,X_LEG_3,15.79,68.07,1.31,1,1700,1669,NW
1189261.088,X_LEG_3,15.79,68.07,1.31,1,1700,1669,NW
1189261.109,X_LEG_3,15.79,68.07,1.31,1,1700,1669,NW
1189261.129,X_LEG_3,15.79,68.07,1.31,1,1700,1669,NW
1189261.150,X_LEG_3,15.79,68.07,1.31,1,1700,1669,NW
1189261.171,X_LEG_3,15.79,68.07,1.31,1,1700,1669,NW
1189261.191,X_LEG_3,15.95,67.87,1.34,1,1700,1669,NW
1189261.212,X_LEG_3,15.95,67.87,1.34,1,1700,1669,NW
1189261.232,X_LEG_3,15.95,67.87,1.34,1,1700,1669,NW
1189261.253,X_LEG_3,15.95,67.87,1.34,1,1700,1669,NW
1189261.273,X_LEG_3,15.95,67.87,1.34,1,1700,1669,NW
1189261.294,X_LEG_3,16.05,67.72,1.36,1,1700,1668,NW
1189261.314,X_LEG_3,16.05,67.72,1.36,1,1700,1668,NW
1189261.335,X_LEG_3,16.05,67.72,1.36,1,1700,1668,NW
1189261.355,X_LEG_3,16.05,67.72,1.36,1,1700,1668,NW
1189261.377,X_LEG_3,16.05,67.72,1.36,1,1700,1668,NW
1189261.397,X_LEG_3,16.15,67.58,1.39,1,1700,1668,NW
1189261.418,X_LEG_3,16.15,67.58,1.39,1,1700,1668,NW
1189261.439,X_LEG_3,16.15,67.58,1.39,1,1700,1668,NW
1189261.459,X_LEG_3,16.15,67.58,1.39,1,1700,1668,NW
1189261.480,X_LEG_3,16.15,67.58,1.39,1,1700,1668,NW
1189261.500,X_LEG_3,16.25,67.43,1.41,1,1700,1668,NW
1189261.520,X_LEG_3,16.25,67.43,1.41,1,1700,1668,NW
1189261.541,X_LEG_3,16.25,67.43,1.41,1,1700,1668,NW
1189261.562,X_LEG_3,16.25,67.43,1.41,1,1700,1668,NW
1189261.583,X_LEG_3,16.25,67.43,1.41,1,1700,1668,NW
1189261.603,X_LEG_3,16.40,67.22,1.44,1,1700,1667,NW
1189261.625,X_LEG_3,16.40,67.22,1.44,1,1700,1667,NW
1189261.646,X_LEG_3,16.40,67.22,1.44,1,1700,1667,NW
1189261.666,X_LEG_3,16.40,67.22,1.44,1,1700,1667,NW
1189261.687,X_LEG_3,16.40,67.22,1.44,1,1700,1667,NW
1189261.707,X_LEG_3,16.40,67.22,1.44,1,1700,1667,NW
1189261.728,X_LEG_3,16.40,67.22,1.44,1,1700,1667,NW
1189261.750,X_LEG_3,16.40,67.22,1.44,1,1700,1667,NW
1189261.770,X_LEG_3,16.40,67.22,1.44,1,1700,1667,NW
1189261.791,X_LEG_3,16.40,67.22,1.44,1,1700,1667,NW
1189261.812,X_LEG_3,16.56,67.00,1.47,1,1700,1667,NW
1189261.832,X_LEG_3,16.56,67.00,1.47,1,1700,1667,NW
1189261.852,X_LEG_3,16.56,67.00,1.47,1,1700,1667,NW
1189261.873,X_LEG_3,16.56,67.00,1.47,1,1700,1667,NW
1189261.893,X_LEG_3,16.56,67.00,1.47,1,1700,1667,NW
1189261.914,X_LEG_3,16.66,66.85,1.49,1,1700,1667,NW
1189261.935,X_LEG_3,16.66,66.85,1.49,1,1700,1667,NW
1189261.955,X_LEG_3,16.66,66.85,1.49,1,1700,1667,NW
1189261.976,X_LEG_3,16.66,66.85,1.49,1,1700,1667,NW
1189261.997,X_LEG_3,16.66,66.85,1.49,1,1700,1667,NW
1189262.017,X_LEG_3,16.81,66.63,1.53,1,1700,1666,NW
1189262.037,X_LEG_3,16.81,66.63,1.53,1,1700,1666,NW
1189262.058,X_LEG_3,16.81,66.63,1.53,1,1700,1666,NW
1189262.078,X_LEG_3,16.81,66.63,1.53,1,1700,1666,NW
1189262.099,X_LEG_3,16.81,66.63,1.53,1,1700,1666,NW
1189262.119,X_LEG_3,16.92,66.48,1.55,1,1700,1666,NW
1189262.140,X_LEG_3,16.92,66.48,1.55,1,1700,1666,NW
1189262.161,X_LEG_3,16.92,66.48,1.55,1,1700,1666,NW
1189262.181,X_LEG_3,16.92,66.48,1.55,1,1700,1666,NW
1189262.201,X_LEG_3,16.92,66.48,1.55,1,1700,1666,NW
1189262.222,X_LEG_3,16.92,66.48,1.55,1,1700,1666,NW
1189262.242,X_LEG_3,16.92,66.48,1.55,1,1700,1666,NW
1189262.263,X_LEG_3,16.92,66.48,1.55,1,1700,1666,NW
1189262.283,X_LEG_3,16.92,66.48,1.55,1,1700,1666,NW
1189262.304,X_LEG_3,16.92,66.48,1.55,1,1700,1666,NW
1189262.325,X_LEG_3,17.07,66.25,1.58,1,1700,1665,NW
1189262.345,X_LEG_3,17.07,66.25,1.58,1,1700,1665,NW
1189262.366,X_LEG_3,17.07,66.25,1.58,1,1700,1665,NW
1189262.387,X_LEG_3,17.07,66.25,1.58,1,1700,1665,NW
1189262.407,X_LEG_3,17.07,66.25,1.58,1,1700,1665,NW
1189262.428,X_LEG_3,17.23,66.03,1.62,1,1700,1665,NW
1189262.450,X_LEG_3,17.23,66.03,1.62,1,1700,1665,NW
1189262.470,X_LEG_3,17.23,66.03,1.62,1,1700,1665,NW
1189262.491,X_LEG_3,17.23,66.03,1.62,1,1700,1665,NW
1189262.511,X_LEG_3,17.23,66.03,1.62,1,1700,1665,NW
1189262.532,X_LEG_3,17.39,65.80,1.65,1,1700,1664,NW
1189262.553,X_LEG_3,17.39,65.80,1.65,1,1700,1664,NW
1189262.573,X_LEG_3,17.39,65.80,1.65,1,1700,1664,NW
1189262.594,X_LEG_3,17.39,65.80,1.65,1,1700,1664,NW
1189262.614,X_LEG_3,17.39,65.80,1.65,1,1700,1664,NW
1189262.635,X_LEG_3,17.39,65.80,1.65,1,1700,1664,NW
1189262.655,X_LEG_3,17.39,65.80,1.65,1,1700,1664,NW
1189262.676,X_LEG_3,17.39,65.80,1.65,1,1700,1664,NW
1189262.696,X_LEG_3,17.39,65.80,1.65,1,1700,1664,NW
1189262.717,X_LEG_3,17.39,65.80,1.65,1,1700,1664,NW
1189262.737,X_LEG_3,17.54,65.57,1.68,1,1700,1664,NW
1189262.758,X_LEG_3,17.54,65.57,1.68,1,1700,1664,NW
1189262.778,X_LEG_3,17.54,65.57,1.68,1,1700,1664,NW
1189262.799,X_LEG_3,17.54,65.57,1.68,1,1700,1664,NW
1189262.819,X_LEG_3,17.54,65.57,1.68,1,1700,1664,NW
1189262.840,X_LEG_3,17.70,65.34,1.72,1,1700,1663,NW
1189262.860,X_LEG_3,17.70,65.34,1.72,1,1700,1663,NW
1189262.881,X_LEG_3,17.70,65.34,1.72,1,1700,1663,NW
1189262.902,X_LEG_3,17.70,65.34,1.72,1,1700,1663,NW
1189262.922,X_LEG_3,17.70,65.34,1.72,1,1700,1663,NW
1189262.943,X_LEG_3,17.81,65.19,1.74,1,1700,1663,NW
1189262.964,X_LEG_3,17.81,65.19,1.74,1,1700,1663,NW
1189262.984,X_LEG_3,17.81,65.19,1.74,1,1700,1663,NW
1189263.004,X_LEG_3,17.81,65.19,1.74,1,1700,1663,NW
1189263.025,X_LEG_3,17.81,65.19,1.74,1,1700,1663,NW
1189263.045,X_LEG_3,17.96,64.95,1.77,1,1700,1663,NW
1189263.066,X_LEG_3,17.96,64.95,1.77,1,1700,1663,NW
1189263.086,X_LEG_3,17.96,64.95,1.77,1,1700,1663,NW
1189263.107,X_LEG_3,17.96,64.95,1.77,1,1700,1663,NW
1189263.127,X_LEG_3,17.96,64.95,1.77,1,1700,1663,NW
1189263.148,X_LEG_3,17.96,64.95,1.77,1,1700,1663,NW
1189263.168,X_LEG_3,17.96,64.95,1.77,1,1700,1663,NW
1189263.189,X_LEG_3,17.96,64.95,1.77,1,1700,1663,NW
1189263.209,X_LEG_3,17.96,64.95,1.77,1,1700,1663,NW
1189263.232,X_LEG_3,17.96,64.95,1.77,1,1700,1663,NW
1189263.252,X_LEG_3,17.96,64.95,1.77,1,1700,1663,NW
1189263.272,X_LEG_3,17.96,64.95,1.77,1,1700,1663,NW
1189263.293,X_LEG_3,17.96,64.95,1.77,1,1700,1663,NW
1189263.314,X_LEG_3,17.96,64.95,1.77,1,1700,1663,NW
1189263.334,X_LEG_3,17.96,64.95,1.77,1,1700,1663,NW
1189263.355,X_LEG_3,18.12,64.72,1.81,1,1700,1662,NW
1189263.375,X_LEG_3,18.12,64.72,1.81,1,1700,1662,NW
1189263.397,X_LEG_3,18.12,64.72,1.81,1,1700,1662,NW
1189263.418,X_LEG_3,18.12,64.72,1.81,1,1700,1662,NW
1189263.438,X_LEG_3,18.12,64.72,1.81,1,1700,1662,NW
1189263.460,X_LEG_3,18.28,64.49,0.84,1,1700,1662,NW
1189263.481,X_LEG_3,18.28,64.49,0.84,1,1700,1662,NW
1189263.504,X_LEG_3,18.28,64.49,0.84,1,1700,1662,NW
1189263.524,X_LEG_3,18.28,64.49,0.84,1,1700,1662,NW
1189263.545,X_LEG_3,18.28,64.49,0.84,1,1700,1662,NW
1189263.565,X_LEG_3,18.44,64.25,0.87,1,1700,1661,NW
1189263.587,X_LEG_3,18.44,64.25,0.87,1,1700,1661,NW
1189263.607,X_LEG_3,18.44,64.25,0.87,1,1700,1661,NW
1189263.627,X_LEG_3,18.44,64.25,0.87,1,1700,1661,NW
1189263.648,X_LEG_3,18.44,64.25,0.87,1,1700,1661,NW
1189263.668,X_LEG_3,18.55,64.09,0.90,1,1700,1661,NW
1189263.689,X_LEG_3,18.55,64.09,0.90,1,1700,1661,NW
1189263.709,X_LEG_3,18.55,64.09,0.90,1,1700,1661,NW
1189263.730,X_LEG_3,18.55,64.09,0.90,1,1700,1661,NW
1189263.750,X_LEG_3,18.55,64.09,0.90,1,1700,1661,NW
1189263.771,X_LEG_3,18.65,63.93,0.92,1,1700,1661,NW
1189263.791,X_LEG_3,18.65,63.93,0.92,1,1700,1661,NW
1189263.811,X_LEG_3,18.65,63.93,0.92,1,1700,1661,NW
1189263.832,X_LEG_3,18.65,63.93,0.92,1,1700,1661,NW
1189263.852,X_LEG_3,18.65,63.93,0.92,1,1700,1661,NW
1189263.873,X_LEG_3,18.65,63.93,0.92,1,1700,1661,NW
1189263.893,X_LEG_3,18.65,63.93,0.92,1,1700,1661,NW
1189263.914,X_LEG_3,18.65,63.93,0.92,1,1700,1661,NW
1189263.934,X_LEG_3,18.65,63.93,0.92,1,1700,1661,NW
1189263.955,X_LEG_3,18.65,63.93,0.92,1,1700,1661,NW
1189263.976,X_LEG_3,18.81,63.69,0.95,1,1700,1660,NW
1189263.996,X_LEG_3,18.81,63.69,0.95,1,1700,1660,NW
1189264.017,X_LEG_3,18.81,63.69,0.95,1,1700,1660,NW
1189264.037,X_LEG_3,18.81,63.69,0.95,1,1700,1660,NW
1189264.058,X_LEG_3,18.81,63.69,0.95,1,1700,1660,NW
1189264.079,X_LEG_3,18.98,63.44,0.99,1,1700,1660,NW
1189264.101,X_LEG_3,18.98,63.44,0.99,1,1700,1660,NW
1189264.121,X_LEG_3,18.98,63.44,0.99,1,1700,1660,NW
1189264.141,X_LEG_3,18.98,63.44,0.99,1,1700,1660,NW
1189264.165,X_LEG_3,18.98,63.44,0.99,1,1700,1660,NW
1189264.185,X_LEG_3,19.14,63.20,1.02,1,1700,1659,NW
1189264.206,X_LEG_3,19.14,63.20,1.02,1,1700,1659,NW
1189264.226,X_LEG_3,19.14,63.20,1.02,1,1700,1659,NW
1189264.247,X_LEG_3,19.14,63.20,1.02,1,1700,1659,NW
1189264.268,X_LEG_3,19.14,63.20,1.02,1,1700,1659,NW
1189264.288,X_LEG_3,19.24,63.04,1.04,1,1700,1659,NW
1189264.308,X_LEG_3,19.24,63.04,1.04,1,1700,1659,NW
1189264.329,X_LEG_3,19.24,63.04,1.04,1,1700,1659,NW
1189264.349,X_LEG_3,19.24,63.04,1.04,1,1700,1659,NW
1189264.370,X_LEG_3,19.24,63.04,1.04,1,1700,1659,NW
1189264.390,X_LEG_3,19.35,62.87,1.06,1,1700,1658,NW
1189264.411,X_LEG_3,19.35,62.87,1.06,1,1700,1658,NW
1189264.431,X_LEG_3,19.35,62.87,1.06,1,1700,1658,NW
1189264.452,X_LEG_3,19.35,62.87,1.06,1,1700,1658,NW
1189264.476,X_LEG_3,19.35,62.87,1.06,1,1700,1658,NW
1189264.496,X_LEG_3,19.46,62.71,1.09,1,1700,1658,NW
1189264.517,X_LEG_3,19.46,62.71,1.09,1,1700,1658,NW
1189264.537,X_LEG_3,19.46,62.71,1.09,1,1700,1658,NW
1189264.557,X_LEG_3,19.46,62.71,1.09,1,1700,1658,NW
1189264.578,X_LEG_3,19.46,62.71,1.09,1,1700,1658,NW
1189264.598,X_LEG_3,19.46,62.71,1.09,1,1700,1658,NW
1189264.619,X_LEG_3,19.46,62.71,1.09,1,1700,1658,NW
1189264.639,X_LEG_3,19.46,62.71,1.09,1,1700,1658,NW
1189264.660,X_LEG_3,19.46,62.71,1.09,1,1700,1658,NW
1189264.681,X_LEG_3,19.46,62.71,1.09,1,1700,1658,NW
1189264.701,X_LEG_3,19.57,62.55,1.11,1,1700,1658,NW
1189264.722,X_LEG_3,19.57,62.55,1.11,1,1700,1658,NW
1189264.742,X_LEG_3,19.57,62.55,1.11,1,1700,1658,NW
1189264.764,X_LEG_3,19.57,62.55,1.11,1,1700,1658,NW
1189264.784,X_LEG_3,19.57,62.55,1.11,1,1700,1658,NW
1189264.804,X_LEG_3,19.67,62.37,1.13,1,1700,1657,NW
1189264.825,X_LEG_3,19.67,62.37,1.13,1,1700,1657,NW
1189264.845,X_LEG_3,19.67,62.37,1.13,1,1700,1657,NW
1189264.866,X_LEG_3,19.67,62.37,1.13,1,1700,1657,NW
1189264.886,X_LEG_3,19.67,62.37,1.13,1,1700,1657,NW
1189264.909,X_LEG_3,19.78,62.22,1.16,1,1700,1657,NW
1189264.929,X_LEG_3,19.78,62.22,1.16,1,1700,1657,NW
1189264.949,X_LEG_3,19.78,62.22,1.16,1,1700,1657,NW
1189264.970,X_LEG_3,19.78,62.22,1.16,1,1700,1657,NW
1189264.990,X_LEG_3,19.78,62.22,1.16,1,1700,1657,NW
1189265.011,X_LEG_3,19.94,61.96,1.19,1,1700,1657,NW
1189265.032,X_LEG_3,19.94,61.96,1.19,1,1700,1657,NW
1189265.052,X_LEG_3,19.94,61.96,1.19,1,1700,1657,NW
1189265.073,X_LEG_3,19.94,61.96,1.19,1,1700,1657,NW
1189265.093,X_LEG_3,19.94,61.96,1.19,1,1700,1657,NW
1189265.114,X_LEG_3,20.05,61.80,1.21,1,1700,1656,NW
1189265.134,X_LEG_3,20.05,61.80,1.21,1,1700,1656,NW
1189265.155,X_LEG_3,20.05,61.80,1.21,1,1700,1656,NW
1189265.176,X_LEG_3,20.05,61.80,1.21,1,1700,1656,NW
1189265.196,X_LEG_3,20.05,61.80,1.21,1,1700,1656,NW
1189265.218,X_LEG_3,20.21,61.54,1.24,1,1700,1656,NW
1189265.238,X_LEG_3,20.21,61.54,1.24,1,1700,1656,NW
1189265.258,X_LEG_3,20.21,61.54,1.24,1,1700,1656,NW
1189265.279,X_LEG_3,20.21,61.54,1.24,1,1700,1656,NW
1189265.299,X_LEG_3,20.21,61.54,1.24,1,1700,1656,NW
1189265.319,X_LEG_3,20.32,61.37,1.26,1,1700,1656,NW
1189265.340,X_LEG_3,20.32,61.37,1.26,1,1700,1656,NW
1189265.361,X_LEG_3,20.32,61.37,1.26,1,1700,1656,NW
1189265.381,X_LEG_3,20.32,61.37,1.26,1,1700,1656,NW
1189265.402,X_LEG_3,20.32,61.37,1.26,1,1700,1656,NW
1189265.422,X_LEG_3,20.32,61.37,1.26,1,1700,1656,NW
1189265.443,X_LEG_3,20.32,61.37,1.26,1,1700,1656,NW
1189265.463,X_LEG_3,20.32,61.37,1.26,1,1700,1656,NW
1189265.488,X_LEG_3,20.32,61.37,1.26,1,1700,1656,NW
1189265.508,X_LEG_3,20.32,61.37,1.26,1,1700,1656,NW
1189265.529,X_LEG_3,20.32,61.37,1.26,1,1700,1656,NW
1189265.550,X_LEG_3,20.32,61.37,1.26,1,1700,1656,NW
1189265.570,X_LEG_3,20.32,61.37,1.26,1,1700,1656,NW
1189265.592,X_LEG_3,20.32,61.37,1.26,1,1700,1656,NW
1189265.613,X_LEG_3,20.32,61.37,1.26,1,1700,1656,NW
1189265.633,X_LEG_3,20.59,60.95,1.32,1,1700,1655,NW
1189265.656,X_LEG_3,20.59,60.95,1.32,1,1700,1655,NW
1189265.677,X_LEG_3,20.59,60.95,1.32,1,1700,1655,NW
1189265.697,X_LEG_3,20.59,60.95,1.32,1,1700,1655,NW
1189265.718,X_LEG_3,20.59,60.95,1.32,1,1700,1655,NW
1189265.738,X_LEG_3,20.70,60.95,1.32,1,1700,1654,NW
1189265.758,X_LEG_3,20.70,60.95,1.32,1,1700,1654,NW
1189265.779,X_LEG_3,20.70,60.95,1.32,1,1700,1654,NW
1189265.800,X_LEG_3,20.70,60.95,1.32,1,1700,1654,NW
1189265.820,X_LEG_3,20.70,60.95,1.32,1,1700,1654,NW
1189265.842,X_LEG_3,20.70,60.78,1.34,1,1700,1654,NW
1189265.863,X_LEG_3,20.70,60.78,1.34,1,1700,1654,NW
1189265.883,X_LEG_3,20.70,60.78,1.34,1,1700,1654,NW
1189265.904,X_LEG_3,20.70,60.78,1.34,1,1700,1654,NW
1189265.925,X_LEG_3,20.70,60.78,1.34,1,1700,1654,NW
1189265.945,X_LEG_3,20.86,60.52,1.38,1,1700,1654,NW
1189265.966,X_LEG_3,20.86,60.52,1.38,1,1700,1654,NW
1189265.989,X_LEG_3,20.86,60.52,1.38,1,1700,1654,NW
1189266.009,X_LEG_3,20.86,60.52,1.38,1,1700,1654,NW
1189266.029,X_LEG_3,20.86,60.52,1.38,1,1700,1654,NW
1189266.050,X_LEG_3,20.97,60.36,1.40,1,1700,1654,NW
1189266.070,X_LEG_3,20.97,60.36,1.40,1,1700,1654,NW
1189266.092,X_LEG_3,20.97,60.36,1.40,1,1700,1654,NW
1189266.112,X_LEG_3,20.97,60.36,1.40,1,1700,1654,NW
1189266.132,X_LEG_3,20.97,60.36,1.40,1,1700,1654,NW
1189266.152,X_LEG_3,21.07,60.18,1.41,1,1700,1653,NW
1189266.173,X_LEG_3,21.07,60.18,1.41,1,1700,1653,NW
1189266.194,X_LEG_3,21.07,60.18,1.41,1,1700,1653,NW
1189266.215,X_LEG_3,21.07,60.18,1.41,1,1700,1653,NW
1189266.236,X_LEG_3,21.07,60.18,1.41,1,1700,1653,NW
1189266.256,X_LEG_3,21.18,60.00,1.44,1,1700,1653,NW
1189266.276,X_LEG_3,21.18,60.00,1.44,1,1700,1653,NW
1189266.297,X_LEG_3,21.18,60.00,1.44,1,1700,1653,NW
1189266.318,X_LEG_3,21.18,60.00,1.44,1,1700,1653,NW
1189266.338,X_LEG_3,21.18,60.00,1.44,1,1700,1653,NW
1189266.359,X_LEG_3,21.34,59.74,1.48,1,1700,1652,NW
1189266.379,X_LEG_3,21.34,59.74,1.48,1,1700,1652,NW
1189266.400,X_LEG_3,21.34,59.74,1.48,1,1700,1652,NW
1189266.420,X_LEG_3,21.34,59.74,1.48,1,1700,1652,NW
1189266.441,X_LEG_3,21.34,59.74,1.48,1,1700,1652,NW
1189266.462,X_LEG_3,21.45,59.58,1.50,1,1700,1652,NW
1189266.484,X_LEG_3,21.45,59.58,1.50,1,1700,1652,NW
1189266.505,X_LEG_3,21.45,59.58,1.50,1,1700,1652,NW
1189266.525,X_LEG_3,21.45,59.58,1.50,1,1700,1652,NW
1189266.546,X_LEG_3,21.45,59.58,1.50,1,1700,1652,NW
1189266.567,X_LEG_3,21.56,59.40,1.52,1,1700,1652,NW
1189266.590,X_LEG_3,21.56,59.40,1.52,1,1700,1652,NW
1189266.612,X_LEG_3,21.56,59.40,1.52,1,1700,1652,NW
1189266.633,X_LEG_3,21.56,59.40,1.52,1,1700,1652,NW
1189266.656,X_LEG_3,21.56,59.40,1.52,1,1700,1652,NW
1189266.680,X_LEG_3,21.56,59.40,1.52,1,1700,1652,NW
1189266.703,X_LEG_3,21.56,59.40,1.52,1,1700,1652,NW
1189266.724,X_LEG_3,21.56,59.40,1.52,1,1700,1652,NW
1189266.746,X_LEG_3,21.56,59.40,1.52,1,1700,1652,NW
1189266.768,X_LEG_3,21.56,59.40,1.52,1,1700,1652,NW
1189266.788,X_LEG_3,21.66,59.23,1.54,1,1700,1652,NW
1189266.809,X_LEG_3,21.66,59.23,1.54,1,1700,1652,NW
1189266.830,X_LEG_3,21.66,59.23,1.54,1,1700,1652,NW
1189266.851,X_LEG_3,21.66,59.23,1.54,1,1700,1652,NW
1189266.874,X_LEG_3,21.66,59.23,1.54,1,1700,1652,NW
1189266.895,X_LEG_3,21.77,59.05,1.56,1,1700,1651,NW
1189266.916,X_LEG_3,21.77,59.05,1.56,1,1700,1651,NW
1189266.937,X_LEG_3,21.77,59.05,1.56,1,1700,1651,NW
1189266.957,X_LEG_3,21.77,59.05,1.56,1,1700,1651,NW
1189266.977,X_LEG_3,21.77,59.05,1.56,1,1700,1651,NW
1189266.998,X_LEG_3,21.88,58.88,1.59,1,1700,1651,NW
1189267.021,X_LEG_3,21.88,58.88,1.59,1,1700,1651,NW
1189267.041,X_LEG_3,21.88,58.88,1.59,1,1700,1651,NW
1189267.062,X_LEG_3,21.88,58.88,1.59,1,1700,1651,NW
1189267.083,X_LEG_3,21.88,58.88,1.59,1,1700,1651,NW
1189267.105,X_LEG_3,21.98,58.70,1.60,1,1700,1651,NW
1189267.125,X_LEG_3,21.98,58.70,1.60,1,1700,1651,NW
1189267.145,X_LEG_3,21.98,58.70,1.60,1,1700,1651,NW
1189267.168,X_LEG_3,21.98,58.70,1.60,1,1700,1651,NW
1189267.188,X_LEG_3,21.98,58.70,1.60,1,1700,1651,NW
1189267.210,X_LEG_3,22.09,58.52,1.63,1,1700,1650,NW
1189267.235,X_LEG_3,22.09,58.52,1.63,1,1700,1650,NW
1189267.255,X_LEG_3,22.09,58.52,1.63,1,1700,1650,NW
1189267.278,X_LEG_3,22.09,58.52,1.63,1,1700,1650,NW
1189267.299,X_LEG_3,22.09,58.52,1.63,1,1700,1650,NW
1189267.319,X_LEG_3,22.19,58.34,1.65,1,1700,1650,NW
1189267.341,X_LEG_3,22.19,58.34,1.65,1,1700,1650,NW
1189267.362,X_LEG_3,22.19,58.34,1.65,1,1700,1650,NW
1189267.384,X_LEG_3,22.19,58.34,1.65,1,1700,1650,NW
1189267.406,X_LEG_3,22.19,58.34,1.65,1,1700,1650,NW
1189267.426,X_LEG_3,22.19,58.34,1.65,1,1700,1650,NW
1189267.449,X_LEG_3,22.19,58.34,1.65,1,1700,1650,NW
1189267.470,X_LEG_3,22.19,58.34,1.65,1,1700,1650,NW
1189267.490,X_LEG_3,22.19,58.34,1.65,1,1700,1650,NW
1189267.511,X_LEG_3,22.19,58.34,1.65,1,1700,1650,NW
1189267.534,X_LEG_3,22.30,58.17,1.68,1,1700,1650,NW
1189267.554,X_LEG_3,22.30,58.17,1.68,1,1700,1650,NW
1189267.575,X_LEG_3,22.30,58.17,1.68,1,1700,1650,NW
1189267.596,X_LEG_3,22.30,58.17,1.68,1,1700,1650,NW
1189267.616,X_LEG_3,22.30,58.17,1.68,1,1700,1650,NW
1189267.636,X_LEG_3,22.41,57.99,1.69,1,1700,1649,NW
1189267.658,X_LEG_3,22.41,57.99,1.69,1,1700,1649,NW
1189267.678,X_LEG_3,22.41,57.99,1.69,1,1700,1649,NW
1189267.699,X_LEG_3,22.41,57.99,1.69,1,1700,1649,NW
1189267.719,X_LEG_3,22.41,57.99,1.69,1,1700,1649,NW
1189267.740,X_LEG_3,22.51,57.81,1.72,1,1700,1649,NW
1189267.763,X_LEG_3,22.51,57.81,1.72,1,1700,1649,NW
1189267.783,X_LEG_3,22.51,57.81,1.72,1,1700,1649,NW
1189267.804,X_LEG_3,22.51,57.81,1.72,1,1700,1649,NW
1189267.831,X_LEG_3,22.51,57.81,1.72,1,1700,1649,NW
1189267.854,X_LEG_3,22.62,57.63,1.75,1,1700,1649,NW
1189267.875,X_LEG_3,22.62,57.63,1.75,1,1700,1649,NW
1189267.897,X_LEG_3,22.62,57.63,1.75,1,1700,1649,NW
1189267.921,X_LEG_3,22.62,57.63,1.75,1,1700,1649,NW
1189267.942,X_LEG_3,22.62,57.63,1.75,1,1700,1649,NW
1189267.968,X_LEG_3,22.72,57.45,1.76,1,1700,1648,NW
1189267.991,X_LEG_3,22.72,57.45,1.76,1,1700,1648,NW
1189268.008,X_LEG_3,22.72,57.45,1.76,1,1700,1648,NW
1189268.030,X_LEG_3,22.72,57.45,1.76,1,1700,1648,NW
1189268.052,X_LEG_3,22.72,57.45,1.76,1,1700,1648,NW
1189268.073,X_LEG_3,22.83,57.27,1.78,1,1700,1648,NW
1189268.098,X_LEG_3,22.83,57.27,1.78,1,1700,1648,NW
1189268.120,X_LEG_3,22.83,57.27,1.78,1,1700,1648,NW
1189268.140,X_LEG_3,22.83,57.27,1.78,1,1700,1648,NW
1189268.161,X_LEG_3,22.83,57.27,1.78,1,1700,1648,NW
1189268.182,X_LEG_3,22.93,57.10,1.80,1,1700,1648,NW
1189268.202,X_LEG_3,22.93,57.10,1.80,1,1700,1648,NW
1189268.224,X_LEG_3,22.93,57.10,1.80,1,1700,1648,NW
1189268.246,X_LEG_3,22.93,57.10,1.80,1,1700,1648,NW
1189268.267,X_LEG_3,22.93,57.10,1.80,1,1700,1648,NW
1189268.288,X_LEG_3,23.04,56.92,1.84,1,1700,1647,NW
1189268.308,X_LEG_3,23.04,56.92,1.84,1,1700,1647,NW
1189268.329,X_LEG_3,23.04,56.92,1.84,1,1700,1647,NW
1189268.351,X_LEG_3,23.04,56.92,1.84,1,1700,1647,NW
1189268.371,X_LEG_3,23.04,56.92,1.84,1,1700,1647,NW
1189268.393,X_LEG_3,23.04,56.92,0.84,1,1700,1647,NW
1189268.413,X_LEG_3,23.04,56.92,0.84,1,1700,1647,NW
1189268.434,X_LEG_3,23.04,56.92,0.84,1,1700,1647,NW
1189268.455,X_LEG_3,23.04,56.92,0.84,1,1700,1647,NW
1189268.479,X_LEG_3,23.04,56.92,0.84,1,1700,1647,NW
1189268.499,X_LEG_3,23.14,56.74,0.86,1,1700,1647,NW
1189268.520,X_LEG_3,23.14,56.74,0.86,1,1700,1647,NW
1189268.540,X_LEG_3,23.14,56.74,0.86,1,1700,1647,NW
1189268.561,X_LEG_3,23.14,56.74,0.86,1,1700,1647,NW
1189268.581,X_LEG_3,23.14,56.74,0.86,1,1700,1647,NW
1189268.602,X_LEG_3,23.25,56.56,0.88,1,1700,1647,NW
1189268.623,X_LEG_3,23.25,56.56,0.88,1,1700,1647,NW
1189268.643,X_LEG_3,23.25,56.56,0.88,1,1700,1647,NW
1189268.668,X_LEG_3,23.25,56.56,0.88,1,1700,1647,NW
1189268.694,X_LEG_3,23.25,56.56,0.88,1,1700,1647,NW
1189268.712,X_LEG_3,23.35,56.38,0.89,1,1700,1646,NW
1189268.733,X_LEG_3,23.35,56.38,0.89,1,1700,1646,NW
1189268.754,X_LEG_3,23.35,56.38,0.89,1,1700,1646,NW
1189268.774,X_LEG_3,23.35,56.38,0.89,1,1700,1646,NW
1189268.795,X_LEG_3,23.35,56.38,0.89,1,1700,1646,NW
1189268.815,X_LEG_3,23.45,56.19,0.92,1,1700,1646,NW
1189268.837,X_LEG_3,23.45,56.19,0.92,1,1700,1646,NW
1189268.858,X_LEG_3,23.45,56.19,0.92,1,1700,1646,NW
1189268.879,X_LEG_3,23.45,56.19,0.92,1,1700,1646,NW
1189268.900,X_LEG_3,23.45,56.19,0.92,1,1700,1646,NW
1189268.920,X_LEG_3,23.45,56.19,0.92,1,1700,1646,NW
1189268.941,X_LEG_3,23.45,56.19,0.92,1,1700,1646,NW
1189268.962,X_LEG_3,23.45,56.19,0.92,1,1700,1646,NW
1189268.982,X_LEG_3,23.45,56.19,0.92,1,1700,1646,NW
1189269.003,X_LEG_3,23.45,56.19,0.92,1,1700,1646,NW
1189269.025,X_LEG_3,23.56,56.01,0.94,1,1700,1646,NW
1189269.045,X_LEG_3,23.56,56.01,0.94,1,1700,1646,NW
1189269.065,X_LEG_3,23.56,56.01,0.94,1,1700,1646,NW
1189269.086,X_LEG_3,23.56,56.01,0.94,1,1700,1646,NW
1189269.107,X_LEG_3,23.56,56.01,0.94,1,1700,1646,NW
1189269.128,X_LEG_3,23.66,55.83,0.97,1,1700,1646,NW
1189269.148,X_LEG_3,23.66,55.83,0.97,1,1700,1646,NW
1189269.168,X_LEG_3,23.66,55.83,0.97,1,1700,1646,NW
1189269.191,X_LEG_3,23.66,55.83,0.97,1,1700,1646,NW
1189269.211,X_LEG_3,23.66,55.83,0.97,1,1700,1646,NW
1189269.231,X_LEG_3,23.77,55.65,0.99,1,1700,1645,NW
1189269.252,X_LEG_3,23.77,55.65,0.99,1,1700,1645,NW
1189269.272,X_LEG_3,23.77,55.65,0.99,1,1700,1645,NW
1189269.293,X_LEG_3,23.77,55.65,0.99,1,1700,1645,NW
1189269.316,X_LEG_3,23.77,55.65,0.99,1,1700,1645,NW
1189269.335,X_LEG_3,23.77,55.47,1.01,1,1700,1645,NW
1189269.356,X_LEG_3,23.87,55.47,1.01,1,1700,1645,NW
1189269.378,X_LEG_3,23.87,55.47,1.01,1,1700,1645,NW
1189269.399,X_LEG_3,23.87,55.47,1.01,1,1700,1645,NW
1189269.420,X_LEG_3,23.87,55.47,1.01,1,1700,1645,NW
1189269.440,X_LEG_3,23.97,55.28,1.03,1,1700,1645,NW
1189269.461,X_LEG_3,23.97,55.28,1.03,1,1700,1645,NW
1189269.482,X_LEG_3,23.97,55.28,1.03,1,1700,1645,NW
1189269.503,X_LEG_3,23.97,55.28,1.03,1,1700,1645,NW
1189269.523,X_LEG_3,23.97,55.28,1.03,1,1700,1645,NW
1189269.544,X_LEG_3,23.97,55.28,1.03,1,1700,1645,NW
1189269.565,X_LEG_3,23.97,55.28,1.03,1,1700,1645,NW
1189269.591,X_LEG_3,23.97,55.28,1.03,1,1700,1645,NW
1189269.611,X_LEG_3,23.97,55.28,1.03,1,1700,1645,NW
1189269.633,X_LEG_3,23.97,55.28,1.03,1,1700,1645,NW
1189269.654,X_LEG_3,24.07,55.10,1.05,1,1700,1644,NW
1189269.674,X_LEG_3,24.07,55.10,1.05,1,1700,1644,NW
1189269.696,X_LEG_3,24.07,55.10,1.05,1,1700,1644,NW
1189269.716,X_LEG_3,24.07,55.10,1.05,1,1700,1644,NW
1189269.737,X_LEG_3,24.07,55.10,1.05,1,1700,1644,NW
1189269.757,X_LEG_3,24.17,54.92,1.08,1,1700,1644,NW
1189269.778,X_LEG_3,24.17,54.92,1.08,1,1700,1644,NW
1189269.798,X_LEG_3,24.17,54.92,1.08,1,1700,1644,NW
1189269.818,X_LEG_3,24.17,54.92,1.08,1,1700,1644,NW
1189269.843,X_LEG_3,24.17,54.92,1.08,1,1700,1644,NW
1189269.864,X_LEG_3,24.27,54.74,1.10,1,1700,1644,NW
1189269.884,X_LEG_3,24.27,54.74,1.10,1,1700,1644,NW
1189269.905,X_LEG_3,24.27,54.74,1.10,1,1700,1644,NW
1189269.925,X_LEG_3,24.27,54.74,1.10,1,1700,1644,NW
1189269.947,X_LEG_3,24.27,54.74,1.10,1,1700,1644,NW
1189269.970,X_LEG_3,24.27,54.74,1.10,1,1700,1644,NW
1189269.993,X_LEG_3,24.27,54.74,1.10,1,1700,1644,NW
1189270.012,X_LEG_3,24.27,54.74,1.10,1,1700,1644,NW
1189270.036,X_LEG_3,24.27,54.74,1.10,1,1700,1644,NW
1189270.055,X_LEG_3,24.27,54.74,1.10,1,1700,1644,NW
1189270.078,X_LEG_3,24.38,54.55,1.12,1,1700,1643,NW
1189270.099,X_LEG_3,24.38,54.55,1.12,1,1700,1643,NW
1189270.120,X_LEG_3,24.38,54.55,1.12,1,1700,1643,NW
1189270.140,X_LEG_3,24.38,54.55,1.12,1,1700,1643,NW
1189270.164,X_LEG_3,24.38,54.55,1.12,1,1700,1643,NW
1189270.184,X_LEG_3,24.48,54.37,1.14,1,1700,1643,NW
1189270.205,X_LEG_3,24.48,54.37,1.14,1,1700,1643,NW
1189270.228,X_LEG_3,24.48,54.37,1.14,1,1700,1643,NW
1189270.248,X_LEG_3,24.48,54.37,1.14,1,1700,1643,NW
1189270.269,X_LEG_3,24.48,54.37,1.14,1,1700,1643,NW
1189270.290,X_LEG_3,24.58,54.18,1.17,1,1700,1643,NW
1189270.310,X_LEG_3,24.58,54.18,1.17,1,1700,1643,NW
1189270.331,X_LEG_3,24.58,54.18,1.17,1,1700,1643,NW
1189270.352,X_LEG_3,24.58,54.18,1.17,1,1700,1643,NW
1189270.372,X_LEG_3,24.58,54.18,1.17,1,1700,1643,NW
1189270.392,X_LEG_3,24.58,54.18,1.17,1,1700,1643,NW
1189270.413,X_LEG_3,24.58,54.18,1.17,1,1700,1643,NW
1189270.434,X_LEG_3,24.58,54.18,1.17,1,1700,1643,NW
1189270.457,X_LEG_3,24.58,54.18,1.17,1,1700,1643,NW
1189270.478,X_LEG_3,24.58,54.18,1.17,1,1700,1643,NW
1189270.499,X_LEG_3,24.68,54.00,1.19,1,1700,1642,NW
1189270.521,X_LEG_3,24.68,54.00,1.19,1,1700,1642,NW
1189270.542,X_LEG_3,24.68,54.00,1.19,1,1700,1642,NW
1189270.563,X_LEG_3,24.68,54.00,1.19,1,1700,1642,NW
1189270.586,X_LEG_3,24.68,54.00,1.19,1,1700,1642,NW
1189270.607,X_LEG_3,24.78,53.82,1.22,1,1700,1642,NW
1189270.628,X_LEG_3,24.78,53.82,1.22,1,1700,1642,NW
1189270.649,X_LEG_3,24.78,53.82,1.22,1,1700,1642,NW
1189270.669,X_LEG_3,24.78,53.82,1.22,1,1700,1642,NW
1189270.690,X_LEG_3,24.78,53.82,1.22,1,1700,1642,NW
1189270.711,X_LEG_3,24.78,53.82,1.22,1,1700,1642,NW
1189270.731,X_LEG_3,24.78,53.82,1.22,1,1700,1642,NW
1189270.755,X_LEG_3,24.78,53.82,1.22,1,1700,1642,NW
1189270.778,X_LEG_3,24.78,53.82,1.22,1,1700,1642,NW
1189270.826,X_LEG_3,24.78,53.82,1.22,1,1700,1642,NW
1189270.869,X_LEG_3,24.88,53.62,1.24,1,1700,1642,NW
1189270.901,X_LEG_3,24.88,53.62,1.24,1,1700,1642,NW
1189270.924,X_LEG_3,24.88,53.62,1.24,1,1700,1642,NW
1189270.944,X_LEG_3,24.98,53.44,1.26,1,1700,1642,NW
1189270.966,X_LEG_3,24.98,53.44,1.26,1,1700,1642,NW
1189270.987,X_LEG_3,24.98,53.44,1.26,1,1700,1642,NW
1189271.008,X_LEG_3,24.98,53.44,1.26,1,1700,1642,NW
1189271.032,X_LEG_3,24.98,53.44,1.26,1,1700,1642,NW
1189271.052,X_LEG_3,24.98,53.44,1.26,1,1700,1642,NW
1189271.077,X_LEG_3,24.98,53.44,1.26,1,1700,1642,NW
1189271.101,X_LEG_3,24.98,53.44,1.26,1,1700,1642,NW
1189271.123,X_LEG_3,24.98,53.44,1.26,1,1700,1642,NW
1189271.146,X_LEG_3,24.98,53.44,1.26,1,1700,1642,NW
1189271.179,X_LEG_3,25.07,53.26,1.29,1,1700,1641,NW
1189271.216,X_LEG_3,25.07,53.26,1.29,1,1700,1641,NW
1189271.240,X_LEG_3,25.07,53.26,1.29,1,1700,1641,NW
1189271.281,X_LEG_3,25.07,53.26,1.29,1,1700,1641,NW
1189271.326,X_LEG_3,25.12,53.17,1.29,1,1700,1641,NW
1189271.375,X_LEG_3,25.12,53.17,1.29,1,1700,1641,NW
1189271.405,X_LEG_3,25.12,53.17,1.29,1,1700,1641,NW
1189271.440,X_LEG_3,25.12,53.17,1.29,1,1700,1641,NW
1189271.468,X_LEG_3,25.12,53.17,1.29,1,1700,1641,NW
1189271.493,X_LEG_3,25.12,53.17,1.29,1,1700,1641,NW
1189271.513,X_LEG_3,25.12,53.17,1.29,1,1700,1641,NW
1189271.533,X_LEG_3,25.22,52.97,1.31,1,1700,1641,NW
1189271.554,X_LEG_3,25.22,52.97,1.31,1,1700,1641,NW
1189271.574,X_LEG_3,25.22,52.97,1.31,1,1700,1641,NW
1189271.600,X_LEG_3,25.22,52.97,1.31,1,1700,1641,NW
1189271.621,X_LEG_3,25.22,52.97,1.31,1,1700,1641,NW
1189271.645,X_LEG_3,25.32,52.79,1.34,1,1700,1641,NW
1189271.667,X_LEG_3,25.32,52.79,1.34,1,1700,1641,NW
1189271.688,X_LEG_3,25.32,52.79,1.34,1,1700,1641,NW
1189271.709,X_LEG_3,25.32,52.79,1.34,1,1700,1641,NW
1189271.734,X_LEG_3,25.32,52.79,1.34,1,1700,1641,NW
1189271.754,X_LEG_3,25.42,52.61,1.36,1,1700,1640,NW
1189271.774,X_LEG_3,25.42,52.61,1.36,1,1700,1640,NW
1189271.796,X_LEG_3,25.42,52.61,1.36,1,1700,1640,NW
1189271.816,X_LEG_3,25.42,52.61,1.36,1,1700,1640,NW
1189271.846,X_LEG_3,25.42,52.61,1.36,1,1700,1640,NW
1189271.867,X_LEG_3,25.42,52.61,1.36,1,1700,1640,NW
1189271.889,X_LEG_3,25.42,52.61,1.36,1,1700,1640,NW
1189271.914,X_LEG_3,25.42,52.61,1.36,1,1700,1640,NW
1189271.938,X_LEG_3,25.42,52.61,1.36,1,1700,1640,NW
1189271.964,X_LEG_3,25.42,52.61,1.36,1,1700,1640,NW
1189271.985,X_LEG_3,25.51,52.41,1.38,1,1700,1640,NW
1189272.009,X_LEG_3,25.51,52.41,1.38,1,1700,1640,NW
1189272.032,X_LEG_3,25.51,52.41,1.38,1,1700,1640,NW
1189272.059,X_LEG_3,25.51,52.41,1.38,1,1700,1640,NW
1189272.079,X_LEG_3,25.51,52.41,1.38,1,1700,1640,NW
1189272.100,X_LEG_3,25.61,52.23,1.41,1,1700,1640,NW
1189272.121,X_LEG_3,25.61,52.23,1.41,1,1700,1640,NW
1189272.142,X_LEG_3,25.61,52.23,1.41,1,1700,1640,NW
1189272.165,X_LEG_3,25.61,52.23,1.41,1,1700,1640,NW
1189272.188,X_LEG_3,25.61,52.23,1.41,1,1700,1640,NW
1189272.211,X_LEG_3,25.61,52.23,1.41,1,1700,1640,NW
1189272.231,X_LEG_3,25.61,52.23,1.41,1,1700,1640,NW
1189272.255,X_LEG_3,25.61,52.23,1.41,1,1700,1640,NW
1189272.276,X_LEG_3,25.61,52.23,1.41,1,1700,1640,NW
1189272.296,X_LEG_3,25.61,52.23,1.41,1,1700,1640,NW
1189272.321,X_LEG_3,25.71,52.04,1.43,1,1700,1639,NW
1189272.342,X_LEG_3,25.71,52.04,1.43,1,1700,1639,NW
1189272.366,X_LEG_3,25.71,52.04,1.43,1,1700,1639,NW
1189272.388,X_LEG_3,25.71,52.04,1.43,1,1700,1639,NW
1189272.408,X_LEG_3,25.71,52.04,1.43,1,1700,1639,NW
1189272.433,X_LEG_3,25.80,51.86,1.45,1,1700,1639,NW
1189272.454,X_LEG_3,25.80,51.86,1.45,1,1700,1639,NW
1189272.475,X_LEG_3,25.80,51.86,1.45,1,1700,1639,NW
1189272.496,X_LEG_3,25.80,51.86,1.45,1,1700,1639,NW
1189272.519,X_LEG_3,25.80,51.86,1.45,1,1700,1639,NW
1189272.543,X_LEG_3,25.90,51.66,1.47,1,1700,1639,NW
1189272.563,X_LEG_3,25.90,51.66,1.47,1,1700,1639,NW
1189272.587,X_LEG_3,25.90,51.66,1.47,1,1700,1639,NW
1189272.610,X_LEG_3,25.90,51.66,1.47,1,1700,1639,NW
1189272.631,X_LEG_3,25.90,51.66,1.47,1,1700,1639,NW
1189272.652,X_LEG_3,25.90,51.66,1.47,1,1700,1639,NW
1189272.676,X_LEG_3,25.90,51.66,1.47,1,1700,1639,NW
1189272.697,X_LEG_3,25.90,51.66,1.47,1,1700,1639,NW
1189272.718,X_LEG_3,25.90,51.66,1.47,1,1700,1639,NW
1189272.741,X_LEG_3,25.90,51.66,1.47,1,1700,1639,NW
1189272.761,X_LEG_3,25.99,51.48,1.50,1,1700,1639,NW
1189272.785,X_LEG_3,25.99,51.48,1.50,1,1700,1639,NW
1189272.806,X_LEG_3,25.99,51.48,1.50,1,1700,1639,NW
1189272.827,X_LEG_3,25.99,51.48,1.50,1,1700,1639,NW
1189272.847,X_LEG_3,25.99,51.48,1.50,1,1700,1639,NW
1189272.868,X_LEG_3,26.09,51.29,1.52,1,1700,1638,NW
1189272.890,X_LEG_3,26.09,51.29,1.52,1,1700,1638,NW
1189272.911,X_LEG_3,26.09,51.29,1.52,1,1700,1638,NW
1189272.932,X_LEG_3,26.09,51.29,1.52,1,1700,1638,NW
1189272.954,X_LEG_3,26.09,51.29,1.52,1,1700,1638,NW
1189272.977,X_LEG_3,26.18,51.10,1.54,1,1700,1638,NW
1189272.998,X_LEG_3,26.18,51.10,1.54,1,1700,1638,NW
1189273.019,X_LEG_3,26.18,51.10,1.54,1,1700,1638,NW
1189273.041,X_LEG_3,26.18,51.10,1.54,1,1700,1638,NW
1189273.062,X_LEG_3,26.18,51.10,1.54,1,1700,1638,NW
1189273.082,X_LEG_3,26.27,50.91,1.57,1,1700,1638,NW
1189273.103,X_LEG_3,26.27,50.91,1.57,1,1700,1638,NW
1189273.123,X_LEG_3,26.27,50.91,1.57,1,1700,1638,NW
1189273.145,X_LEG_3,26.27,50.91,1.57,1,1700,1638,NW
1189273.168,X_LEG_3,26.27,50.91,1.57,1,1700,1638,NW
1189273.186,X_LEG_3,26.37,50.72,1.59,1,1700,1637,NW
1189273.209,X_LEG_3,26.37,50.72,1.59,1,1700,1637,NW
1189273.229,X_LEG_3,26.37,50.72,1.59,1,1700,1637,NW
1189273.257,X_LEG_3,26.37,50.72,1.59,1,1700,1637,NW
1189273.281,X_LEG_3,26.37,50.72,1.59,1,1700,1637,NW
1189273.301,X_LEG_3,26.37,50.72,1.59,1,1700,1637,NW
1189273.322,X_LEG_3,26.37,50.72,1.59,1,1700,1637,NW
1189273.345,X_LEG_3,26.37,50.72,1.59,1,1700,1637,NW
1189273.369,X_LEG_3,26.37,50.72,1.59,1,1700,1637,NW
1189273.397,X_LEG_3,26.37,50.72,1.59,1,1700,1637,NW
1189273.420,X_LEG_3,26.46,50.54,1.62,1,1700,1637,NW
1189273.440,X_LEG_3,26.46,50.54,1.62,1,1700,1637,NW
1189273.461,X_LEG_3,26.46,50.54,1.62,1,1700,1637,NW
1189273.482,X_LEG_3,26.46,50.54,1.62,1,1700,1637,NW
1189273.506,X_LEG_3,26.46,50.54,1.62,1,1700,1637,NW
1189273.525,X_LEG_3,26.55,50.34,1.64,1,1700,1637,NW
1189273.545,X_LEG_3,26.55,50.34,1.64,1,1700,1637,NW
1189273.566,X_LEG_3,26.55,50.34,1.64,1,1700,1637,NW
1189273.586,X_LEG_3,26.55,50.34,1.64,1,1700,1637,NW
1189273.609,X_LEG_3,26.55,50.34,1.64,1,1700,1637,NW
1189273.629,X_LEG_3,26.64,50.16,1.66,1,1700,1637,NW
1189273.653,X_LEG_3,26.64,50.16,1.66,1,1700,1637,NW
1189273.683,X_LEG_3,26.64,50.16,1.66,1,1700,1637,NW
1189273.699,X_LEG_3,26.64,50.16,1.66,1,1700,1637,NW
1189273.721,X_LEG_3,26.64,50.16,1.66,1,1700,1637,NW
1189273.747,X_LEG_3,26.64,50.16,1.66,1,1700,1637,NW
1189273.770,X_LEG_3,26.64,50.16,1.66,1,1700,1637,NW
1189273.795,X_LEG_3,26.64,50.16,1.66,1,1700,1637,NW
1189273.817,X_LEG_3,26.64,50.16,1.66,1,1700,1637,NW
1189273.841,X_LEG_3,26.64,50.16,1.66,1,1700,1637,NW
1189273.863,X_LEG_3,26.73,49.96,1.68,1,1700,1635,NW
1189273.887,X_LEG_3,26.73,49.96,1.68,1,1700,1635,NW
1189273.908,X_LEG_3,26.73,49.96,1.68,1,1700,1635,NW
1189273.928,X_LEG_3,26.73,49.96,1.68,1,1700,1635,NW
1189273.951,X_LEG_3,26.73,49.96,1.68,1,1700,1635,NW
1189273.973,X_LEG_3,26.82,49.78,0.71,1,1699,1635,NW
1189273.997,X_LEG_3,26.82,49.78,0.71,1,1699,1635,NW
1189274.019,X_LEG_3,26.82,49.78,0.71,1,1699,1635,NW
1189274.046,X_LEG_3,26.82,49.78,0.71,1,1699,1635,NW
1189274.062,X_LEG_3,26.82,49.78,0.71,1,1699,1635,NW
1189274.084,X_LEG_3,26.91,49.59,0.73,1,1698,1635,NW
1189274.105,X_LEG_3,26.91,49.59,0.73,1,1698,1635,NW
1189274.125,X_LEG_3,26.91,49.59,0.73,1,1698,1635,NW
1189274.146,X_LEG_3,26.91,49.59,0.73,1,1698,1635,NW
1189274.168,X_LEG_3,26.91,49.59,0.73,1,1698,1635,NW
1189274.188,X_LEG_3,27.00,49.39,0.76,1,1698,1634,NW
1189274.208,X_LEG_3,27.00,49.39,0.76,1,1698,1634,NW
1189274.230,X_LEG_3,27.00,49.39,0.76,1,1698,1634,NW
1189274.251,X_LEG_3,27.00,49.39,0.76,1,1698,1634,NW
1189274.271,X_LEG_3,27.00,49.39,0.76,1,1698,1634,NW
1189274.291,X_LEG_3,27.00,49.39,0.76,1,1698,1634,NW
1189274.312,X_LEG_3,27.00,49.39,0.76,1,1698,1634,NW
1189274.334,X_LEG_3,27.00,49.39,0.76,1,1698,1634,NW
1189274.365,X_LEG_3,27.00,49.39,0.76,1,1698,1634,NW
1189274.395,X_LEG_3,27.00,49.39,0.76,1,1698,1634,NW
1189274.418,X_LEG_3,27.09,49.21,0.79,1,1697,1634,NW
1189274.439,X_LEG_3,27.09,49.21,0.79,1,1697,1634,NW
1189274.471,X_LEG_3,27.09,49.21,0.79,1,1697,1634,NW
1189274.491,X_LEG_3,27.09,49.21,0.79,1,1697,1634,NW
1189274.514,X_LEG_3,27.09,49.21,0.79,1,1697,1634,NW
1189274.536,X_LEG_3,27.09,49.21,0.79,1,1697,1634,NW
1189274.555,X_LEG_3,27.09,49.21,0.79,1,1697,1634,NW
1189274.584,X_LEG_3,27.09,49.21,0.79,1,1697,1634,NW
1189274.607,X_LEG_3,27.09,49.21,0.79,1,1697,1634,NW
1189274.635,X_LEG_3,27.18,49.02,0.80,1,1696,1634,NW
1189274.655,X_LEG_3,27.18,49.02,0.80,1,1696,1634,NW
1189274.676,X_LEG_3,27.18,49.02,0.80,1,1696,1634,NW
1189274.696,X_LEG_3,27.18,49.02,0.80,1,1696,1634,NW
1189274.717,X_LEG_3,27.18,49.02,0.80,1,1696,1634,NW
1189274.737,X_LEG_3,27.27,48.83,0.83,1,1695,1634,NW
1189274.767,X_LEG_3,27.27,48.83,0.83,1,1695,1634,NW
1189274.788,X_LEG_3,27.27,48.83,0.83,1,1695,1634,NW
1189274.809,X_LEG_3,27.27,48.83,0.83,1,1695,1634,NW
1189274.829,X_LEG_3,27.27,48.83,0.83,1,1695,1634,NW
1189274.850,X_LEG_3,27.35,48.64,0.85,1,1695,1633,NW
1189274.873,X_LEG_3,27.35,48.64,0.85,1,1695,1633,NW
1189274.895,X_LEG_3,27.35,48.64,0.85,1,1695,1633,NW
1189274.916,X_LEG_3,27.35,48.64,0.85,1,1695,1633,NW
1189274.940,X_LEG_3,27.35,48.64,0.85,1,1695,1633,NW
1189274.966,X_LEG_3,27.35,48.64,0.85,1,1695,1633,NW
1189274.982,X_LEG_3,27.35,48.64,0.85,1,1695,1633,NW
1189275.002,X_LEG_3,27.35,48.64,0.85,1,1695,1633,NW
1189275.023,X_LEG_3,27.35,48.64,0.85,1,1695,1633,NW
1189275.043,X_LEG_3,27.35,48.64,0.85,1,1695,1633,NW
1189275.064,X_LEG_3,27.44,48.44,0.87,1,1694,1633,NW
1189275.084,X_LEG_3,27.44,48.44,0.87,1,1694,1633,NW
1189275.106,X_LEG_3,27.44,48.44,0.87,1,1694,1633,NW
1189275.129,X_LEG_3,27.44,48.44,0.87,1,1694,1633,NW
1189275.150,X_LEG_3,27.44,48.44,0.87,1,1694,1633,NW
1189275.170,X_LEG_3,27.53,48.25,0.90,1,1693,1632,NW
1189275.196,X_LEG_3,27.53,48.25,0.90,1,1693,1632,NW
1189275.216,X_LEG_3,27.53,48.25,0.90,1,1693,1632,NW
1189275.236,X_LEG_3,27.53,48.25,0.90,1,1693,1632,NW
1189275.257,X_LEG_3,27.53,48.25,0.90,1,1693,1632,NW
1189275.280,X_LEG_3,27.61,48.06,0.92,1,1692,1632,NW
1189275.311,X_LEG_3,27.61,48.06,0.92,1,1692,1632,NW
1189275.337,X_LEG_3,27.61,48.06,0.92,1,1692,1632,NW
1189275.358,X_LEG_3,27.61,48.06,0.92,1,1692,1632,NW
1189275.381,X_LEG_3,27.61,48.06,0.92,1,1692,1632,NW
1189275.402,X_LEG_3,27.61,48.06,0.92,1,1692,1632,NW
1189275.423,X_LEG_3,27.61,48.06,0.92,1,1692,1632,NW
1189275.444,X_LEG_3,27.61,48.06,0.92,1,1692,1632,NW
1189275.465,X_LEG_3,27.61,48.06,0.92,1,1692,1632,NW
1189275.488,X_LEG_3,27.70,47.87,0.95,1,1691,1631,NW
1189275.509,X_LEG_3,27.70,47.87,0.95,1,1691,1631,NW
1189275.529,X_LEG_3,27.70,47.87,0.95,1,1691,1631,NW
1189275.550,X_LEG_3,27.70,47.87,0.95,1,1691,1631,NW
1189275.570,X_LEG_3,27.70,47.87,0.95,1,1691,1631,NW
1189275.591,X_LEG_3,27.78,47.68,0.98,1,1691,1631,NW
1189275.611,X_LEG_3,27.78,47.68,0.98,1,1691,1631,NW
1189275.632,X_LEG_3,27.78,47.68,0.98,1,1691,1631,NW
1189275.653,X_LEG_3,27.78,47.68,0.98,1,1691,1631,NW
1189275.675,X_LEG_3,27.78,47.68,0.98,1,1691,1631,NW
1189275.695,X_LEG_3,27.86,47.49,1.00,1,1690,1631,NW
1189275.715,X_LEG_3,27.86,47.49,1.00,1,1690,1631,NW
1189275.735,X_LEG_3,27.86,47.49,1.00,1,1690,1631,NW
1189275.757,X_LEG_3,27.86,47.49,1.00,1,1690,1631,NW
1189275.778,X_LEG_3,27.86,47.49,1.00,1,1690,1631,NW
1189275.798,X_LEG_3,27.95,47.30,1.02,1,1689,1631,NW
1189275.821,X_LEG_3,27.95,47.30,1.02,1,1689,1631,NW
1189275.842,X_LEG_3,27.95,47.30,1.02,1,1689,1631,NW
1189275.865,X_LEG_3,27.95,47.30,1.02,1,1689,1631,NW
1189275.885,X_LEG_3,27.95,47.30,1.02,1,1689,1631,NW
1189275.907,X_LEG_3,27.95,47.30,1.02,1,1689,1631,NW
1189275.928,X_LEG_3,27.95,47.30,1.02,1,1689,1631,NW
1189275.948,X_LEG_3,27.95,47.30,1.02,1,1689,1631,NW
1189275.972,X_LEG_3,27.95,47.30,1.02,1,1689,1631,NW
1189275.992,X_LEG_3,27.95,47.30,1.02,1,1689,1631,NW
1189276.013,X_LEG_3,28.03,47.11,1.04,1,1688,1630,NW
1189276.033,X_LEG_3,28.03,47.11,1.04,1,1688,1630,NW
1189276.054,X_LEG_3,28.03,47.11,1.04,1,1688,1630,NW
1189276.074,X_LEG_3,28.03,47.11,1.04,1,1688,1630,NW
1189276.098,X_LEG_3,28.03,47.11,1.04,1,1688,1630,NW
1189276.120,X_LEG_3,28.11,46.92,1.07,1,1688,1630,NW
1189276.140,X_LEG_3,28.11,46.92,1.07,1,1688,1630,NW
1189276.160,X_LEG_3,28.11,46.92,1.07,1,1688,1630,NW
1189276.182,X_LEG_3,28.11,46.92,1.07,1,1688,1630,NW
1189276.202,X_LEG_3,28.11,46.92,1.07,1,1688,1630,NW
1189276.224,X_LEG_3,28.19,46.72,1.09,1,1687,1630,NW
1189276.245,X_LEG_3,28.19,46.72,1.09,1,1687,1630,NW
1189276.265,X_LEG_3,28.19,46.72,1.09,1,1687,1630,NW
1189276.285,X_LEG_3,28.19,46.72,1.09,1,1687,1630,NW
1189276.305,X_LEG_3,28.19,46.72,1.09,1,1687,1630,NW
1189276.326,X_LEG_3,28.27,46.53,1.12,1,1686,1629,NW
1189276.346,X_LEG_3,28.27,46.53,1.12,1,1686,1629,NW
1189276.371,X_LEG_3,28.27,46.53,1.12,1,1686,1629,NW
1189276.395,X_LEG_3,28.27,46.53,1.12,1,1686,1629,NW
1189276.415,X_LEG_3,28.27,46.53,1.12,1,1686,1629,NW
1189276.439,X_LEG_3,28.35,46.34,1.14,1,1685,1628,NW
1189276.460,X_LEG_3,28.35,46.34,1.14,1,1685,1628,NW
1189276.480,X_LEG_3,28.35,46.34,1.14,1,1685,1628,NW
1189276.509,X_LEG_3,28.35,46.34,1.14,1,1685,1628,NW
1189276.530,X_LEG_3,28.35,46.34,1.14,1,1685,1628,NW
1189276.550,X_LEG_3,28.35,46.34,1.14,1,1685,1628,NW
1189276.571,X_LEG_3,28.35,46.34,1.14,1,1685,1628,NW
1189276.592,X_LEG_3,28.35,46.34,1.14,1,1685,1628,NW
1189276.612,X_LEG_3,28.35,46.34,1.14,1,1685,1628,NW
1189276.633,X_LEG_3,28.35,46.34,1.14,1,1685,1628,NW
1189276.653,X_LEG_3,28.43,46.15,1.16,1,1685,1628,NW
1189276.674,X_LEG_3,28.43,46.15,1.16,1,1685,1628,NW
1189276.695,X_LEG_3,28.43,46.15,1.16,1,1685,1628,NW
1189276.715,X_LEG_3,28.43,46.15,1.16,1,1685,1628,NW
1189276.735,X_LEG_3,28.43,46.15,1.16,1,1685,1628,NW
1189276.756,X_LEG_3,28.51,45.96,1.19,1,1684,1628,NW
1189276.776,X_LEG_3,28.51,45.96,1.19,1,1684,1628,NW
1189276.797,X_LEG_3,28.51,45.96,1.19,1,1684,1628,NW
1189276.818,X_LEG_3,28.51,45.96,1.19,1,1684,1628,NW
1189276.838,X_LEG_3,28.51,45.96,1.19,1,1684,1628,NW
1189276.861,X_LEG_3,28.58,45.77,1.21,1,1683,1628,NW
1189276.881,X_LEG_3,28.58,45.77,1.21,1,1683,1628,NW
1189276.902,X_LEG_3,28.58,45.77,1.21,1,1683,1628,NW
1189276.922,X_LEG_3,28.58,45.77,1.21,1,1683,1628,NW
1189276.943,X_LEG_3,28.58,45.77,1.21,1,1683,1628,NW
1189276.963,X_LEG_3,28.66,45.58,1.24,1,1682,1628,NW
1189276.984,X_LEG_3,28.66,45.58,1.24,1,1682,1628,NW
1189277.004,X_LEG_3,28.66,45.58,1.24,1,1682,1628,NW
1189277.026,X_LEG_3,28.66,45.58,1.24,1,1682,1628,NW
1189277.046,X_LEG_3,28.66,45.58,1.24,1,1682,1628,NW
1189277.068,X_LEG_3,28.66,45.58,1.24,1,1682,1628,NW
1189277.088,X_LEG_3,28.66,45.58,1.24,1,1682,1628,NW
1189277.110,X_LEG_3,28.66,45.58,1.24,1,1682,1628,NW
1189277.132,X_LEG_3,28.66,45.58,1.24,1,1682,1628,NW
1189277.154,X_LEG_3,28.66,45.58,1.24,1,1682,1628,NW
1189277.175,X_LEG_3,28.81,45.20,1.29,1,1681,1627,NW
1189277.196,X_LEG_3,28.81,45.20,1.29,1,1681,1627,NW
1189277.217,X_LEG_3,28.81,45.20,1.29,1,1681,1627,NW
1189277.237,X_LEG_3,28.81,45.20,1.29,1,1681,1627,NW
1189277.259,X_LEG_3,28.81,45.20,1.29,1,1681,1627,NW
1189277.280,X_LEG_3,28.88,45.00,1.31,1,1680,1627,NW
1189277.301,X_LEG_3,28.88,45.00,1.31,1,1680,1627,NW
1189277.321,X_LEG_3,28.88,45.00,1.31,1,1680,1627,NW
1189277.343,X_LEG_3,28.88,45.00,1.31,1,1680,1627,NW
1189277.364,X_LEG_3,28.88,45.00,1.31,1,1680,1627,NW
1189277.385,X_LEG_3,28.95,44.82,1.33,1,1679,1626,NW
1189277.405,X_LEG_3,28.95,44.82,1.33,1,1679,1626,NW
1189277.426,X_LEG_3,28.95,44.82,1.33,1,1679,1626,NW
1189277.447,X_LEG_3,28.95,44.82,1.33,1,1679,1626,NW
1189277.468,X_LEG_3,28.95,44.82,1.33,1,1679,1626,NW
1189277.488,X_LEG_3,28.95,44.82,1.33,1,1679,1626,NW
1189277.510,X_LEG_3,28.95,44.82,1.33,1,1679,1626,NW
1189277.533,X_LEG_3,28.95,44.82,1.33,1,1679,1626,NW
1189277.556,X_LEG_3,28.95,44.82,1.33,1,1679,1626,NW
1189277.576,X_LEG_3,28.95,44.82,1.33,1,1679,1626,NW
1189277.597,X_LEG_3,29.06,44.53,1.37,1,1678,1625,NW
1189277.617,X_LEG_3,29.06,44.53,1.37,1,1678,1625,NW
1189277.639,X_LEG_3,29.06,44.53,1.37,1,1678,1625,NW
1189277.659,X_LEG_3,29.06,44.53,1.37,1,1678,1625,NW
1189277.679,X_LEG_3,29.06,44.53,1.37,1,1678,1625,NW
1189277.702,X_LEG_3,29.13,44.34,1.40,1,1677,1625,NW
1189277.722,X_LEG_3,29.13,44.34,1.40,1,1677,1625,NW
1189277.746,X_LEG_3,29.13,44.34,1.40,1,1677,1625,NW
1189277.766,X_LEG_3,29.13,44.34,1.40,1,1677,1625,NW
1189277.786,X_LEG_3,29.13,44.34,1.40,1,1677,1625,NW
1189277.807,X_LEG_3,29.21,44.16,1.44,1,1677,1625,NW
1189277.829,X_LEG_3,29.21,44.16,1.44,1,1677,1625,NW
1189277.848,X_LEG_3,29.21,44.16,1.44,1,1677,1625,NW
1189277.870,X_LEG_3,29.21,44.16,1.44,1,1677,1625,NW
1189277.896,X_LEG_3,29.21,44.16,1.44,1,1677,1625,NW
1189277.916,X_LEG_3,29.27,43.97,1.46,1,1676,1625,NW
1189277.937,X_LEG_3,29.27,43.97,1.46,1,1676,1625,NW
1189277.959,X_LEG_3,29.27,43.97,1.46,1,1676,1625,NW
1189277.985,X_LEG_3,29.27,43.97,1.46,1,1676,1625,NW
1189278.006,X_LEG_3,29.27,43.97,1.46,1,1676,1625,NW
1189278.034,X_LEG_3,29.34,43.78,1.49,1,1675,1624,NW
1189278.055,X_LEG_3,29.34,43.78,1.49,1,1675,1624,NW
1189278.075,X_LEG_3,29.34,43.78,1.49,1,1675,1624,NW
1189278.098,X_LEG_3,29.34,43.78,1.49,1,1675,1624,NW
1189278.116,X_LEG_3,29.34,43.78,1.49,1,1675,1624,NW
1189278.139,X_LEG_3,29.34,43.78,1.49,1,1675,1624,NW
1189278.159,X_LEG_3,29.34,43.78,1.49,1,1675,1624,NW
1189278.180,X_LEG_3,29.34,43.78,1.49,1,1675,1624,NW
1189278.201,X_LEG_3,29.34,43.78,1.49,1,1675,1624,NW
1189278.221,X_LEG_3,29.34,43.78,1.49,1,1675,1624,NW
1189278.242,X_LEG_3,29.41,43.59,1.51,1,1674,1624,NW
1189278.265,X_LEG_3,29.41,43.59,1.51,1,1674,1624,NW
1189278.286,X_LEG_3,29.41,43.59,1.51,1,1674,1624,NW
1189278.306,X_LEG_3,29.41,43.59,1.51,1,1674,1624,NW
1189278.326,X_LEG_3,29.41,43.59,1.51,1,1674,1624,NW
1189278.347,X_LEG_3,29.48,43.40,1.54,1,1674,1624,NW
1189278.368,X_LEG_3,29.48,43.40,1.54,1,1674,1624,NW
1189278.388,X_LEG_3,29.48,43.40,1.54,1,1674,1624,NW
1189278.409,X_LEG_3,29.48,43.40,1.54,1,1674,1624,NW
1189278.430,X_LEG_3,29.48,43.40,1.54,1,1674,1624,NW
1189278.450,X_LEG_3,29.54,43.21,1.56,1,1673,1623,NW
1189278.471,X_LEG_3,29.54,43.21,1.56,1,1673,1623,NW
1189278.491,X_LEG_3,29.54,43.21,1.56,1,1673,1623,NW
1189278.513,X_LEG_3,29.54,43.21,1.56,1,1673,1623,NW
1189278.533,X_LEG_3,29.54,43.21,1.56,1,1673,1623,NW
1189278.553,X_LEG_3,29.61,43.03,1.58,1,1672,1623,NW
1189278.574,X_LEG_3,29.61,43.03,1.58,1,1672,1623,NW
1189278.596,X_LEG_3,29.61,43.03,1.58,1,1672,1623,NW
1189278.616,X_LEG_3,29.61,43.03,1.58,1,1672,1623,NW
1189278.637,X_LEG_3,29.61,43.03,1.58,1,1672,1623,NW
1189278.657,X_LEG_3,29.67,42.83,1.61,1,1671,1622,NW
1189278.678,X_LEG_3,29.67,42.83,1.61,1,1671,1622,NW
1189278.698,X_LEG_3,29.67,42.83,1.61,1,1671,1622,NW
1189278.719,X_LEG_3,29.67,42.83,1.61,1,1671,1622,NW
1189278.739,X_LEG_3,29.67,42.83,1.61,1,1671,1622,NW
1189278.760,X_LEG_3,29.74,42.65,1.63,1,1671,1622,NW
1189278.783,X_LEG_3,29.74,42.65,1.63,1,1671,1622,NW
1189278.804,X_LEG_3,29.74,42.65,1.63,1,1671,1622,NW
1189278.826,X_LEG_3,29.74,42.65,1.63,1,1671,1622,NW
1189278.847,X_LEG_3,29.74,42.65,1.63,1,1671,1622,NW
1189278.870,X_LEG_3,29.74,42.65,1.63,1,1671,1622,NW
1189278.892,X_LEG_3,29.74,42.65,1.63,1,1671,1622,NW
1189278.912,X_LEG_3,29.74,42.65,1.63,1,1671,1622,NW
1189278.936,X_LEG_3,29.74,42.65,1.63,1,1671,1622,NW
1189278.956,X_LEG_3,29.74,42.65,1.63,1,1671,1622,NW
1189278.977,X_LEG_3,29.86,42.28,1.68,1,1669,1622,NW
1189278.997,X_LEG_3,29.86,42.28,1.68,1,1669,1622,NW
1189279.018,X_LEG_3,29.86,42.28,1.68,1,1669,1622,NW
1189279.039,X_LEG_3,29.86,42.28,1.68,1,1669,1622,NW
1189279.059,X_LEG_3,29.86,42.28,1.68,1,1669,1622,NW
1189279.080,X_LEG_3,29.86,42.28,1.68,1,1669,1622,NW
1189279.101,X_LEG_3,29.86,42.28,1.68,1,1669,1622,NW
1189279.121,X_LEG_3,29.86,42.28,1.68,1,1669,1622,NW
1189279.142,X_LEG_3,29.86,42.28,1.68,1,1669,1622,NW
1189279.162,X_LEG_3,29.86,42.28,1.68,1,1669,1622,NW
1189279.183,X_LEG_3,29.92,42.09,1.72,1,1668,1622,NW
1189279.204,X_LEG_3,29.92,42.09,1.72,1,1668,1622,NW
1189279.224,X_LEG_3,29.92,42.09,1.72,1,1668,1622,NW
1189279.244,X_LEG_3,29.92,42.09,1.72,1,1668,1622,NW
1189279.265,X_LEG_3,29.92,42.09,1.72,1,1668,1622,NW
1189279.286,X_LEG_3,29.98,41.90,0.74,1,1668,1622,NW
1189279.307,X_LEG_3,29.98,41.90,0.74,1,1668,1622,NW
1189279.328,X_LEG_3,29.98,41.90,0.74,1,1668,1622,NW
1189279.348,X_LEG_3,29.98,41.90,0.74,1,1668,1622,NW
1189279.369,X_LEG_3,29.98,41.90,0.74,1,1668,1622,NW
1189279.390,X_LEG_3,30.04,41.72,0.76,1,1667,1621,NW
1189279.410,X_LEG_3,30.04,41.72,0.76,1,1667,1621,NW
1189279.432,X_LEG_3,30.04,41.72,0.76,1,1667,1621,NW
1189279.453,X_LEG_3,30.04,41.72,0.76,1,1667,1621,NW
1189279.473,X_LEG_3,30.04,41.72,0.76,1,1667,1621,NW
1189279.494,X_LEG_3,30.04,41.72,0.76,1,1667,1621,NW
1189279.514,X_LEG_3,30.04,41.72,0.76,1,1667,1621,NW
1189279.535,X_LEG_3,30.04,41.72,0.76,1,1667,1621,NW
1189279.555,X_LEG_3,30.04,41.72,0.76,1,1667,1621,NW
1189279.575,X_LEG_3,30.04,41.72,0.76,1,1667,1621,NW
1189279.596,X_LEG_3,30.10,41.53,0.79,1,1666,1620,NW
1189279.616,X_LEG_3,30.10,41.53,0.79,1,1666,1620,NW
1189279.637,X_LEG_3,30.10,41.53,0.79,1,1666,1620,NW
1189279.659,X_LEG_3,30.10,41.53,0.79,1,1666,1620,NW
1189279.682,X_LEG_3,30.10,41.53,0.79,1,1666,1620,NW
1189279.703,X_LEG_3,30.21,41.17,0.85,1,1665,1620,NW
1189279.724,X_LEG_3,30.21,41.17,0.85,1,1665,1620,NW
1189279.744,X_LEG_3,30.21,41.17,0.85,1,1665,1620,NW
1189279.765,X_LEG_3,30.21,41.17,0.85,1,1665,1620,NW
1189279.785,X_LEG_3,30.21,41.17,0.85,1,1665,1620,NW
1189279.805,X_LEG_3,30.27,40.98,0.87,1,1664,1620,NW
1189279.826,X_LEG_3,30.27,40.98,0.87,1,1664,1620,NW
1189279.846,X_LEG_3,30.27,40.98,0.87,1,1664,1620,NW
1189279.867,X_LEG_3,30.27,40.98,0.87,1,1664,1620,NW
1189279.887,X_LEG_3,30.27,40.98,0.87,1,1664,1620,NW
1189279.908,X_LEG_3,30.32,40.80,0.90,1,1663,1620,NW
1189279.929,X_LEG_3,30.32,40.80,0.90,1,1663,1620,NW
1189279.949,X_LEG_3,30.32,40.80,0.90,1,1663,1620,NW
1189279.970,X_LEG_3,30.32,40.80,0.90,1,1663,1620,NW
1189279.990,X_LEG_3,30.32,40.80,0.90,1,1663,1620,NW
1189280.011,X_LEG_3,30.32,40.80,0.90,1,1663,1620,NW
1189280.031,X_LEG_3,30.32,40.80,0.90,1,1663,1620,NW
1189280.052,X_LEG_3,30.32,40.80,0.90,1,1663,1620,NW
1189280.072,X_LEG_3,30.32,40.80,0.90,1,1663,1620,NW
1189280.093,X_LEG_3,30.32,40.80,0.90,1,1663,1620,NW
1189280.117,X_LEG_3,30.40,40.52,0.94,1,1662,1619,NW
1189280.137,X_LEG_3,30.40,40.52,0.94,1,1662,1619,NW
1189280.158,X_LEG_3,30.40,40.52,0.94,1,1662,1619,NW
1189280.179,X_LEG_3,30.40,40.52,0.94,1,1662,1619,NW
1189280.200,X_LEG_3,30.40,40.52,0.94,1,1662,1619,NW
1189280.221,X_LEG_3,30.48,40.25,0.97,1,1661,1619,NW
1189280.241,X_LEG_3,30.48,40.25,0.97,1,1661,1619,NW
1189280.262,X_LEG_3,30.48,40.25,0.97,1,1661,1619,NW
1189280.282,X_LEG_3,30.48,40.25,0.97,1,1661,1619,NW
1189280.303,X_LEG_3,30.48,40.25,0.97,1,1661,1619,NW
1189280.323,X_LEG_3,30.53,40.07,1.00,1,1660,1619,NW
1189280.344,X_LEG_3,30.53,40.07,1.00,1,1660,1619,NW
1189280.365,X_LEG_3,30.53,40.07,1.00,1,1660,1619,NW
1189280.385,X_LEG_3,30.53,40.07,1.00,1,1660,1619,NW
1189280.406,X_LEG_3,30.53,40.07,1.00,1,1660,1619,NW
1189280.427,X_LEG_3,30.53,40.07,1.00,1,1660,1619,NW
1189280.448,X_LEG_3,30.53,40.07,1.00,1,1660,1619,NW
1189280.468,X_LEG_3,30.53,40.07,1.00,1,1660,1619,NW
1189280.491,X_LEG_3,30.53,40.07,1.00,1,1660,1619,NW
1189280.511,X_LEG_3,30.53,40.07,1.00,1,1660,1619,NW
1189280.533,X_LEG_3,30.60,39.79,1.05,1,1659,1618,NW
1189280.553,X_LEG_3,30.60,39.79,1.05,1,1659,1618,NW
1189280.574,X_LEG_3,30.60,39.79,1.05,1,1659,1618,NW
1189280.595,X_LEG_3,30.60,39.79,1.05,1,1659,1618,NW
1189280.615,X_LEG_3,30.60,39.79,1.05,1,1659,1618,NW
1189280.636,X_LEG_3,30.65,39.61,1.07,1,1658,1618,NW
1189280.656,X_LEG_3,30.65,39.61,1.07,1,1658,1618,NW
1189280.677,X_LEG_3,30.65,39.61,1.07,1,1658,1618,NW
1189280.697,X_LEG_3,30.65,39.61,1.07,1,1658,1618,NW
1189280.722,X_LEG_3,30.65,39.61,1.07,1,1658,1618,NW
1189280.742,X_LEG_3,30.70,39.44,1.11,1,1658,1617,NW
1189280.763,X_LEG_3,30.70,39.44,1.11,1,1658,1617,NW
1189280.784,X_LEG_3,30.70,39.44,1.11,1,1658,1617,NW
1189280.807,X_LEG_3,30.70,39.44,1.11,1,1658,1617,NW
1189280.831,X_LEG_3,30.70,39.44,1.11,1,1658,1617,NW
1189280.852,X_LEG_3,30.70,39.44,1.11,1,1658,1617,NW
1189280.872,X_LEG_3,30.70,39.44,1.11,1,1658,1617,NW
1189280.895,X_LEG_3,30.70,39.44,1.11,1,1658,1617,NW
1189280.914,X_LEG_3,30.70,39.44,1.11,1,1658,1617,NW
1189280.934,X_LEG_3,30.70,39.44,1.11,1,1658,1617,NW
1189280.957,X_LEG_3,30.74,39.26,1.12,1,1657,1617,NW
1189280.978,X_LEG_3,30.74,39.26,1.12,1,1657,1617,NW
1189281.000,X_LEG_3,30.74,39.26,1.12,1,1657,1617,NW
1189281.021,X_LEG_3,30.74,39.26,1.12,1,1657,1617,NW
1189281.041,X_LEG_3,30.74,39.26,1.12,1,1657,1617,NW
1189281.062,X_LEG_3,30.79,39.08,1.16,1,1656,1617,NW
1189281.082,X_LEG_3,30.79,39.08,1.16,1,1656,1617,NW
1189281.103,X_LEG_3,30.79,39.08,1.16,1,1656,1617,NW
1189281.124,X_LEG_3,30.79,39.08,1.16,1,1656,1617,NW
1189281.144,X_LEG_3,30.79,39.08,1.16,1,1656,1617,NW
1189281.165,X_LEG_3,30.79,39.08,1.16,1,1656,1617,NW
1189281.186,X_LEG_3,30.79,39.08,1.16,1,1656,1617,NW
1189281.206,X_LEG_3,30.79,39.08,1.16,1,1656,1617,NW
1189281.226,X_LEG_3,30.79,39.08,1.16,1,1656,1617,NW
1189281.253,X_LEG_3,30.79,39.08,1.16,1,1656,1617,NW
1189281.271,X_LEG_3,30.88,38.72,1.20,1,1655,1617,NW
1189281.291,X_LEG_3,30.88,38.72,1.20,1,1655,1617,NW
1189281.316,X_LEG_3,30.88,38.72,1.20,1,1655,1617,NW
1189281.336,X_LEG_3,30.88,38.72,1.20,1,1655,1617,NW
1189281.358,X_LEG_3,30.88,38.72,1.20,1,1655,1617,NW
1189281.378,X_LEG_3,30.88,38.72,1.20,1,1655,1617,NW
1189281.398,X_LEG_3,30.88,38.72,1.20,1,1655,1617,NW
1189281.419,X_LEG_3,30.88,38.72,1.20,1,1655,1617,NW
1189281.440,X_LEG_3,30.88,38.72,1.20,1,1655,1617,NW
1189281.460,X_LEG_3,30.88,38.72,1.20,1,1655,1617,NW
1189281.481,X_LEG_3,30.92,38.54,1.24,1,1654,1617,NW
1189281.502,X_LEG_3,30.92,38.54,1.24,1,1654,1617,NW
1189281.522,X_LEG_3,30.92,38.54,1.24,1,1654,1617,NW
1189281.542,X_LEG_3,30.92,38.54,1.24,1,1654,1617,NW
1189281.563,X_LEG_3,30.92,38.54,1.24,1,1654,1617,NW
1189281.583,X_LEG_3,30.96,38.37,1.27,1,1653,1617,NW
1189281.605,X_LEG_3,30.96,38.37,1.27,1,1653,1617,NW
1189281.625,X_LEG_3,30.96,38.37,1.27,1,1653,1617,NW
1189281.646,X_LEG_3,30.96,38.37,1.27,1,1653,1617,NW
1189281.666,X_LEG_3,30.96,38.37,1.27,1,1653,1617,NW
1189281.687,X_LEG_3,31.00,38.19,1.29,1,1653,1615,NW
1189281.707,X_LEG_3,31.00,38.19,1.29,1,1653,1615,NW
1189281.728,X_LEG_3,31.00,38.19,1.29,1,1653,1615,NW
1189281.748,X_LEG_3,31.00,38.19,1.29,1,1653,1615,NW
1189281.769,X_LEG_3,31.00,38.19,1.29,1,1653,1615,NW
1189281.790,X_LEG_3,31.03,38.01,1.32,1,1652,1615,NW
1189281.810,X_LEG_3,31.03,38.01,1.32,1,1652,1615,NW
1189281.831,X_LEG_3,31.03,38.01,1.32,1,1652,1615,NW
1189281.853,X_LEG_3,31.03,38.01,1.32,1,1652,1615,NW
1189281.878,X_LEG_3,31.03,38.01,1.32,1,1652,1615,NW
1189281.899,X_LEG_3,31.09,37.75,1.37,1,1651,1615,NW
1189281.919,X_LEG_3,31.09,37.75,1.37,1,1651,1615,NW
1189281.940,X_LEG_3,31.09,37.75,1.37,1,1651,1615,NW
1189281.962,X_LEG_3,31.09,37.75,1.37,1,1651,1615,NW
1189281.983,X_LEG_3,31.09,37.75,1.37,1,1651,1615,NW
1189282.004,X_LEG_3,31.09,37.75,1.37,1,1651,1615,NW
1189282.024,X_LEG_3,31.09,37.75,1.37,1,1651,1615,NW
1189282.045,X_LEG_3,31.09,37.75,1.37,1,1651,1615,NW
1189282.065,X_LEG_3,31.09,37.75,1.37,1,1651,1615,NW
1189282.086,X_LEG_3,31.09,37.75,1.37,1,1651,1615,NW
1189282.107,X_LEG_3,31.18,37.31,1.43,1,1649,1615,NW
1189282.127,X_LEG_3,31.18,37.31,1.43,1,1649,1615,NW
1189282.148,X_LEG_3,31.18,37.31,1.43,1,1649,1615,NW
1189282.168,X_LEG_3,31.18,37.31,1.43,1,1649,1615,NW
1189282.190,X_LEG_3,31.18,37.31,1.43,1,1649,1615,NW
1189282.211,X_LEG_3,31.18,37.31,1.43,1,1649,1615,NW
1189282.232,X_LEG_3,31.18,37.31,1.43,1,1649,1615,NW
1189282.253,X_LEG_3,31.18,37.31,1.43,1,1649,1615,NW
1189282.273,X_LEG_3,31.18,37.31,1.43,1,1649,1615,NW
1189282.294,X_LEG_3,31.18,37.31,1.43,1,1649,1615,NW
1189282.315,X_LEG_3,31.23,37.05,1.47,1,1648,1615,NW
1189282.336,X_LEG_3,31.23,37.05,1.47,1,1648,1615,NW
1189282.356,X_LEG_3,31.23,37.05,1.47,1,1648,1615,NW
1189282.377,X_LEG_3,31.23,37.05,1.47,1,1648,1615,NW
1189282.400,X_LEG_3,31.23,37.05,1.47,1,1648,1615,NW
1189282.420,X_LEG_3,31.23,37.05,1.47,1,1648,1615,NW
1189282.441,X_LEG_3,31.23,37.05,1.47,1,1648,1615,NW
1189282.465,X_LEG_3,31.23,37.05,1.47,1,1648,1615,NW
1189282.483,X_LEG_3,31.23,37.05,1.47,1,1648,1615,NW
1189282.504,X_LEG_3,31.23,37.05,1.47,1,1648,1615,NW
1189282.525,X_LEG_3,31.27,36.80,1.52,1,1647,1615,NW
1189282.545,X_LEG_3,31.27,36.80,1.52,1,1647,1615,NW
1189282.566,X_LEG_3,31.27,36.80,1.52,1,1647,1615,NW
1189282.587,X_LEG_3,31.27,36.80,1.52,1,1647,1615,NW
1189282.607,X_LEG_3,31.27,36.80,1.52,1,1647,1615,NW
1189282.627,X_LEG_3,31.30,36.62,1.55,1,1646,1614,NW
1189282.648,X_LEG_3,31.30,36.62,1.55,1,1646,1614,NW
1189282.669,X_LEG_3,31.30,36.62,1.55,1,1646,1614,NW
1189282.689,X_LEG_3,31.30,36.62,1.55,1,1646,1614,NW
1189282.709,X_LEG_3,31.30,36.62,1.55,1,1646,1614,NW
1189282.730,X_LEG_3,31.33,36.45,1.57,1,1646,1614,NW
1189282.750,X_LEG_3,31.33,36.45,1.57,1,1646,1614,NW
1189282.771,X_LEG_3,31.33,36.45,1.57,1,1646,1614,NW
1189282.792,X_LEG_3,31.33,36.45,1.57,1,1646,1614,NW
1189282.812,X_LEG_3,31.33,36.45,1.57,1,1646,1614,NW
1189282.833,X_LEG_3,31.35,36.28,1.61,1,1645,1613,NW
1189282.853,X_LEG_3,31.35,36.28,1.61,1,1645,1613,NW
1189282.876,X_LEG_3,31.35,36.28,1.61,1,1645,1613,NW
1189282.897,X_LEG_3,31.35,36.28,1.61,1,1645,1613,NW
1189282.919,X_LEG_3,31.35,36.28,1.61,1,1645,1613,NW
1189282.942,X_LEG_3,31.39,36.02,1.65,1,1644,1613,NW
1189282.964,X_LEG_3,31.39,36.02,1.65,1,1644,1613,NW
1189282.985,X_LEG_3,31.39,36.02,1.65,1,1644,1613,NW
1189283.005,X_LEG_3,31.39,36.02,1.65,1,1644,1613,NW
1189283.026,X_LEG_3,31.39,36.02,1.65,1,1644,1613,NW
1189283.046,X_LEG_3,31.42,35.86,1.68,1,1643,1613,NW
1189283.067,X_LEG_3,31.42,35.86,1.68,1,1643,1613,NW
1189283.087,X_LEG_3,31.42,35.86,1.68,1,1643,1613,NW
1189283.108,X_LEG_3,31.42,35.86,1.68,1,1643,1613,NW
1189283.128,X_LEG_3,31.42,35.86,1.68,1,1643,1613,NW
1189283.148,X_LEG_3,31.44,35.69,1.70,1,1643,1613,NW
1189283.169,X_LEG_3,31.44,35.69,1.70,1,1643,1613,NW
1189283.189,X_LEG_3,31.44,35.69,1.70,1,1643,1613,NW
1189283.212,X_LEG_3,31.44,35.69,1.70,1,1643,1613,NW
1189283.234,X_LEG_3,31.44,35.69,1.70,1,1643,1613,NW
1189283.254,X_LEG_3,31.47,35.44,1.76,1,1642,1613,NW
1189283.275,X_LEG_3,31.47,35.44,1.76,1,1642,1613,NW
1189283.295,X_LEG_3,31.47,35.44,1.76,1,1642,1613,NW
1189283.316,X_LEG_3,31.47,35.44,1.76,1,1642,1613,NW
1189283.336,X_LEG_3,31.47,35.44,1.76,1,1642,1613,NW
1189283.357,X_LEG_3,31.47,35.44,0.76,1,1642,1613,NW
1189283.378,X_LEG_3,31.47,35.44,0.76,1,1642,1613,NW
1189283.399,X_LEG_3,31.47,35.44,0.76,1,1642,1613,NW
1189283.421,X_LEG_3,31.47,35.44,0.76,1,1642,1613,NW
1189283.441,X_LEG_3,31.47,35.44,0.76,1,1642,1613,NW
1189283.462,X_LEG_3,31.50,35.20,0.81,1,1641,1613,NW
1189283.483,X_LEG_3,31.50,35.20,0.81,1,1641,1613,NW
1189283.504,X_LEG_3,31.50,35.20,0.81,1,1641,1613,NW
1189283.523,X_LEG_3,31.50,35.20,0.81,1,1641,1613,NW
1189283.544,X_LEG_3,31.50,35.20,0.81,1,1641,1613,NW
1189283.564,X_LEG_3,31.53,34.94,0.85,1,1640,1612,NW
1189283.584,X_LEG_3,31.53,34.94,0.85,1,1640,1612,NW
1189283.605,X_LEG_3,31.53,34.94,0.85,1,1640,1612,NW
1189283.629,X_LEG_3,31.53,34.94,0.85,1,1640,1612,NW
1189283.649,X_LEG_3,31.53,34.94,0.85,1,1640,1612,NW
1189283.674,X_LEG_3,31.53,34.94,0.85,1,1640,1612,NW
1189283.694,X_LEG_3,31.53,34.94,0.85,1,1640,1612,NW
1189283.715,X_LEG_3,31.53,34.94,0.85,1,1640,1612,NW
1189283.735,X_LEG_3,31.53,34.94,0.85,1,1640,1612,NW
1189283.757,X_LEG_3,31.53,34.94,0.85,1,1640,1612,NW
1189283.776,X_LEG_3,31.54,34.78,0.87,1,1639,1612,NW
1189283.797,X_LEG_3,31.54,34.78,0.87,1,1639,1612,NW
1189283.817,X_LEG_3,31.54,34.78,0.87,1,1639,1612,NW
1189283.838,X_LEG_3,31.54,34.78,0.87,1,1639,1612,NW
1189283.858,X_LEG_3,31.54,34.78,0.87,1,1639,1612,NW
1189283.879,X_LEG_3,31.56,34.53,0.92,1,1638,1612,NW
1189283.899,X_LEG_3,31.56,34.53,0.92,1,1638,1612,NW
1189283.920,X_LEG_3,31.56,34.53,0.92,1,1638,1612,NW
1189283.940,X_LEG_3,31.56,34.53,0.92,1,1638,1612,NW
1189283.961,X_LEG_3,31.56,34.53,0.92,1,1638,1612,NW
1189283.981,X_LEG_3,31.58,34.37,0.94,1,1637,1612,NW
1189284.002,X_LEG_3,31.58,34.37,0.94,1,1637,1612,NW
1189284.023,X_LEG_3,31.58,34.37,0.94,1,1637,1612,NW
1189284.043,X_LEG_3,31.58,34.37,0.94,1,1637,1612,NW
1189284.064,X_LEG_3,31.58,34.37,0.94,1,1637,1612,NW
1189284.084,X_LEG_3,31.59,34.13,1.00,1,1637,1612,NW
1189284.105,X_LEG_3,31.59,34.13,1.00,1,1637,1612,NW
1189284.125,X_LEG_3,31.59,34.13,1.00,1,1637,1612,NW
1189284.146,X_LEG_3,31.59,34.13,1.00,1,1637,1612,NW
1189284.166,X_LEG_3,31.59,34.13,1.00,1,1637,1612,NW
1189284.187,X_LEG_3,31.59,34.13,1.00,1,1637,1612,NW
1189284.207,X_LEG_3,31.59,34.13,1.00,1,1637,1612,NW
1189284.228,X_LEG_3,31.59,34.13,1.00,1,1637,1612,NW
1189284.248,X_LEG_3,31.59,34.13,1.00,1,1637,1612,NW
1189284.269,X_LEG_3,31.59,34.13,1.00,1,1637,1612,NW
1189284.289,X_LEG_3,31.61,33.89,1.04,1,1636,1612,NW
1189284.310,X_LEG_3,31.61,33.89,1.04,1,1636,1612,NW
1189284.330,X_LEG_3,31.61,33.89,1.04,1,1636,1612,NW
1189284.351,X_LEG_3,31.61,33.89,1.04,1,1636,1612,NW
1189284.371,X_LEG_3,31.61,33.89,1.04,1,1636,1612,NW
1189284.392,X_LEG_3,31.62,33.64,1.09,1,1635,1612,NW
1189284.412,X_LEG_3,31.62,33.64,1.09,1,1635,1612,NW
1189284.433,X_LEG_3,31.62,33.64,1.09,1,1635,1612,NW
1189284.453,X_LEG_3,31.62,33.64,1.09,1,1635,1612,NW
1189284.474,X_LEG_3,31.62,33.64,1.09,1,1635,1612,NW
1189284.494,X_LEG_3,31.63,33.49,1.13,1,1634,1612,NW
1189284.514,X_LEG_3,31.63,33.49,1.13,1,1634,1612,NW
1189284.535,X_LEG_3,31.63,33.49,1.13,1,1634,1612,NW
1189284.566,X_LEG_3,31.63,33.49,1.13,1,1634,1612,NW
1189284.588,X_LEG_3,31.63,33.49,1.13,1,1634,1612,NW
1189284.608,X_LEG_3,31.63,33.33,1.15,1,1633,1611,NW
1189284.629,X_LEG_3,31.63,33.33,1.15,1,1633,1611,NW
1189284.649,X_LEG_3,31.63,33.33,1.15,1,1633,1611,NW
1189284.670,X_LEG_3,31.63,33.33,1.15,1,1633,1611,NW
1189284.690,X_LEG_3,31.63,33.33,1.15,1,1633,1611,NW
1189284.711,X_LEG_3,31.63,33.17,1.18,1,1633,1611,NW
1189284.731,X_LEG_3,31.63,33.17,1.18,1,1633,1611,NW
1189284.752,X_LEG_3,31.63,33.17,1.18,1,1633,1611,NW
1189284.773,X_LEG_3,31.63,33.17,1.18,1,1633,1611,NW
1189284.793,X_LEG_3,31.63,33.17,1.18,1,1633,1611,NW
1189284.813,X_LEG_3,31.64,33.01,1.21,1,1632,1611,NW
1189284.834,X_LEG_3,31.64,33.01,1.21,1,1632,1611,NW
1189284.855,X_LEG_3,31.64,33.01,1.21,1,1632,1611,NW
1189284.877,X_LEG_3,31.64,33.01,1.21,1,1632,1611,NW
1189284.900,X_LEG_3,31.64,33.01,1.21,1,1632,1611,NW
1189284.921,X_LEG_3,31.64,33.01,1.21,1,1632,1611,NW
1189284.941,X_LEG_3,31.64,33.01,1.21,1,1632,1611,NW
1189284.962,X_LEG_3,31.64,33.01,1.21,1,1632,1611,NW
1189284.982,X_LEG_3,31.64,33.01,1.21,1,1632,1611,NW
1189285.003,X_LEG_3,31.64,33.01,1.21,1,1632,1611,NW
1189285.023,X_LEG_3,31.64,32.77,1.26,1,1631,1611,NW
1189285.043,X_LEG_3,31.64,32.77,1.26,1,1631,1611,NW
1189285.064,X_LEG_3,31.64,32.77,1.26,1,1631,1611,NW
1189285.085,X_LEG_3,31.64,32.77,1.26,1,1631,1611,NW
1189285.105,X_LEG_3,31.64,32.77,1.26,1,1631,1611,NW
1189285.126,X_LEG_3,31.64,32.62,1.30,1,1630,1611,NW
1189285.146,X_LEG_3,31.64,32.62,1.30,1,1630,1611,NW
1189285.167,X_LEG_3,31.64,32.62,1.30,1,1630,1611,NW
1189285.187,X_LEG_3,31.64,32.62,1.30,1,1630,1611,NW
1189285.208,X_LEG_3,31.64,32.62,1.30,1,1630,1611,NW
1189285.229,X_LEG_3,31.63,32.39,1.33,1,1630,1611,NW
1189285.249,X_LEG_3,31.63,32.39,1.33,1,1630,1611,NW
1189285.269,X_LEG_3,31.63,32.39,1.33,1,1630,1611,NW
1189285.290,X_LEG_3,31.63,32.39,1.33,1,1630,1611,NW
1189285.312,X_LEG_3,31.63,32.39,1.33,1,1630,1611,NW
1189285.333,X_LEG_3,31.63,32.39,1.33,1,1630,1611,NW
1189285.353,X_LEG_3,31.63,32.39,1.33,1,1630,1611,NW
1189285.374,X_LEG_3,31.63,32.39,1.33,1,1630,1611,NW
1189285.394,X_LEG_3,31.63,32.39,1.33,1,1630,1611,NW
1189285.415,X_LEG_3,31.63,32.39,1.33,1,1630,1611,NW
1189285.435,X_LEG_3,31.63,32.16,1.40,1,1629,1611,NW
1189285.455,X_LEG_3,31.63,32.16,1.40,1,1629,1611,NW
1189285.476,X_LEG_3,31.63,32.16,1.40,1,1629,1611,NW
1189285.496,X_LEG_3,31.63,32.16,1.40,1,1629,1611,NW
1189285.518,X_LEG_3,31.63,32.16,1.40,1,1629,1611,NW
1189285.538,X_LEG_3,31.62,31.93,1.43,1,1628,1611,NW
1189285.559,X_LEG_3,31.62,31.93,1.43,1,1628,1611,NW
1189285.579,X_LEG_3,31.62,31.93,1.43,1,1628,1611,NW
1189285.599,X_LEG_3,31.62,31.93,1.43,1,1628,1611,NW
1189285.620,X_LEG_3,31.62,31.93,1.43,1,1628,1611,NW
1189285.640,X_LEG_3,31.61,31.78,1.46,1,1627,1611,NW
1189285.661,X_LEG_3,31.61,31.78,1.46,1,1627,1611,NW
1189285.682,X_LEG_3,31.61,31.78,1.46,1,1627,1611,NW
1189285.702,X_LEG_3,31.61,31.78,1.46,1,1627,1611,NW
1189285.723,X_LEG_3,31.61,31.78,1.46,1,1627,1611,NW
1189285.743,X_LEG_3,31.60,31.63,1.50,1,1627,1610,NW
1189285.764,X_LEG_3,31.60,31.63,1.50,1,1627,1610,NW
1189285.784,X_LEG_3,31.60,31.63,1.50,1,1627,1610,NW
1189285.805,X_LEG_3,31.60,31.63,1.50,1,1627,1610,NW
1189285.825,X_LEG_3,31.60,31.63,1.50,1,1627,1610,NW
1189285.846,X_LEG_3,31.59,31.48,1.54,1,1626,1610,NW
1189285.867,X_LEG_3,31.59,31.48,1.54,1,1626,1610,NW
1189285.887,X_LEG_3,31.59,31.48,1.54,1,1626,1610,NW
1189285.908,X_LEG_3,31.59,31.48,1.54,1,1626,1610,NW
1189285.929,X_LEG_3,31.59,31.48,1.54,1,1626,1610,NW
1189285.949,X_LEG_3,31.57,31.26,1.58,1,1625,1610,NW
1189285.970,X_LEG_3,31.57,31.26,1.58,1,1625,1610,NW
1189285.991,X_LEG_3,31.57,31.26,1.58,1,1625,1610,NW
1189286.011,X_LEG_3,31.57,31.26,1.58,1,1625,1610,NW
1189286.031,X_LEG_3,31.57,31.26,1.58,1,1625,1610,NW
1189286.053,X_LEG_3,31.56,31.11,1.62,1,1624,1610,NW
1189286.073,X_LEG_3,31.56,31.11,1.62,1,1624,1610,NW
1189286.094,X_LEG_3,31.56,31.11,1.62,1,1624,1610,NW
1189286.114,X_LEG_3,31.56,31.11,1.62,1,1624,1610,NW
1189286.134,X_LEG_3,31.56,31.11,1.62,1,1624,1610,NW
1189286.155,X_LEG_3,31.56,31.11,1.62,1,1624,1610,NW
1189286.176,X_LEG_3,31.56,31.11,1.62,1,1624,1610,NW
1189286.196,X_LEG_3,31.56,31.11,1.62,1,1624,1610,NW
1189286.216,X_LEG_3,31.56,31.11,1.62,1,1624,1610,NW
1189286.237,X_LEG_3,31.56,31.11,1.62,1,1624,1610,NW
1189286.257,X_LEG_3,31.53,30.89,1.67,1,1624,1610,NW
1189286.277,X_LEG_3,31.53,30.89,1.67,1,1624,1610,NW
1189286.297,X_LEG_3,31.53,30.89,1.67,1,1624,1610,NW
1189286.318,X_LEG_3,31.53,30.89,1.67,1,1624,1610,NW
1189286.339,X_LEG_3,31.53,30.89,1.67,1,1624,1610,NW
1189286.360,X_LEG_3,31.51,30.66,1.72,1,1623,1610,NW
1189286.380,X_LEG_3,31.51,30.66,1.72,1,1623,1610,NW
1189286.400,X_LEG_3,31.51,30.66,1.72,1,1623,1610,NW
1189286.422,X_LEG_3,31.51,30.66,1.72,1,1623,1610,NW
1189286.443,X_LEG_3,31.51,30.66,1.72,1,1623,1610,NW
1189286.464,X_LEG_3,31.51,30.66,1.72,1,1623,1610,NW
1189286.484,X_LEG_3,31.51,30.66,1.72,1,1623,1610,NW
1189286.505,X_LEG_3,31.51,30.66,1.72,1,1623,1610,NW
1189286.526,X_LEG_3,31.51,30.66,1.72,1,1623,1610,NW
1189286.546,X_LEG_3,31.51,30.66,1.72,1,1623,1610,NW
1189286.567,X_LEG_3,31.48,30.44,1.77,1,1622,1610,NW
1189286.587,X_LEG_3,31.48,30.44,1.77,1,1622,1610,NW
1189286.608,X_LEG_3,31.48,30.44,1.77,1,1622,1610,NW
1189286.628,X_LEG_3,31.48,30.44,1.77,1,1622,1610,NW
1189286.649,X_LEG_3,31.48,30.44,1.77,1,1622,1610,NW
1189286.671,X_LEG_3,31.46,30.30,1.80,1,1621,1610,NW
1189286.692,X_LEG_3,31.46,30.30,1.80,1,1621,1610,NW
1189286.712,X_LEG_3,31.46,30.30,1.80,1,1621,1610,NW
1189286.734,X_LEG_3,31.46,30.30,1.80,1,1621,1610,NW
1189286.754,X_LEG_3,31.46,30.30,1.80,1,1621,1610,NW
1189286.775,X_LEG_3,31.42,30.08,1.85,1,1620,1610,NW
1189286.795,X_LEG_3,31.42,30.08,1.85,1,1620,1610,NW
1189286.816,X_LEG_3,31.42,30.08,1.85,1,1620,1610,NW
1189286.836,X_LEG_3,31.42,30.08,1.85,1,1620,1610,NW
1189286.857,X_LEG_3,31.42,30.08,1.85,1,1620,1610,NW
1189286.877,X_LEG_3,31.42,30.08,1.85,1,1620,1610,NW
1189286.898,X_LEG_3,31.42,30.08,1.85,1,1620,1610,NW
1189286.923,X_LEG_3,31.42,30.08,1.85,1,1620,1610,NW
1189286.943,X_LEG_3,31.42,30.08,1.85,1,1620,1610,NW
1189286.963,X_LEG_3,31.42,30.08,1.85,1,1620,1610,NW
1189286.984,X_LEG_3,31.39,29.87,1.90,1,1619,1609,NW
1189287.004,X_LEG_3,31.39,29.87,1.90,1,1619,1609,NW
1189287.025,X_LEG_3,31.39,29.87,1.90,1,1619,1609,NW
1189287.047,X_LEG_3,31.39,29.87,1.90,1,1619,1609,NW
1189287.066,X_LEG_3,31.39,29.87,1.90,1,1619,1609,NW
1189287.086,X_LEG_3,31.36,29.73,1.94,1,1619,1609,NW
1189287.106,X_LEG_3,31.36,29.73,1.94,1,1619,1609,NW
1189287.128,X_LEG_3,31.36,29.73,1.94,1,1619,1609,NW
1189287.149,X_LEG_3,31.36,29.73,1.94,1,1619,1609,NW
1189287.170,X_LEG_3,31.36,29.73,1.94,1,1619,1609,NW
1189287.190,X_LEG_3,31.33,29.58,1.97,1,1618,1610,NW
1189287.210,X_LEG_3,31.33,29.58,1.97,1,1618,1610,NW
1189287.236,X_LEG_3,31.33,29.58,1.97,1,1618,1610,NW
1189287.256,X_LEG_3,31.33,29.58,1.97,1,1618,1610,NW
1189287.277,X_LEG_3,31.33,29.58,1.97,1,1618,1610,NW
1189287.297,X_LEG_3,31.30,29.44,2.00,1,1618,1610,NW
1189287.318,X_LEG_3,31.30,29.44,2.00,1,1618,1610,NW
1189287.339,X_LEG_3,31.30,29.44,2.00,1,1618,1610,NW
1189287.360,X_LEG_3,31.30,29.44,2.00,1,1618,1610,NW
1189287.380,X_LEG_3,31.30,29.44,2.00,1,1618,1610,NW
1189287.408,X_LEG_3,31.27,29.30,2.04,1,1617,1610,NW
1189287.429,X_LEG_3,31.27,29.30,2.04,1,1617,1610,NW
1189287.449,X_LEG_3,31.27,29.30,2.04,1,1617,1610,NW
1189287.470,X_LEG_3,31.27,29.30,2.04,1,1617,1610,NW
1189287.490,X_LEG_3,31.27,29.30,2.04,1,1617,1610,NW
1189287.510,X_LEG_3,31.24,29.16,2.06,1,1617,1610,NW
1189287.531,X_LEG_3,31.24,29.16,2.06,1,1617,1610,NW
1189287.552,X_LEG_3,31.24,29.16,2.06,1,1617,1610,NW
1189287.572,X_LEG_3,31.24,29.16,2.06,1,1617,1610,NW
1189287.593,X_LEG_3,31.24,29.16,2.06,1,1617,1610,NW
1189287.613,X_LEG_3,31.21,29.03,2.11,1,1616,1610,NW
1189287.634,X_LEG_3,31.21,29.03,2.11,1,1616,1610,NW
1189287.654,X_LEG_3,31.21,29.03,2.11,1,1616,1610,NW
1189287.674,X_LEG_3,31.21,29.03,2.11,1,1616,1610,NW
1189287.696,X_LEG_3,31.21,29.03,2.11,1,1616,1610,NW
1189287.716,X_LEG_3,31.17,28.89,2.13,1,1616,1610,NW
1189287.736,X_LEG_3,31.17,28.89,2.13,1,1616,1610,NW
1189287.757,X_LEG_3,31.17,28.89,2.13,1,1616,1610,NW
1189287.778,X_LEG_3,31.17,28.89,2.13,1,1616,1610,NW
1189287.798,X_LEG_3,31.17,28.89,2.13,1,1616,1610,NW
1189287.819,X_LEG_3,31.14,28.75,2.19,1,1615,1610,NW
1189287.839,X_LEG_3,31.14,28.75,2.19,1,1615,1610,NW
1189287.861,X_LEG_3,31.14,28.75,2.19,1,1615,1610,NW
1189287.881,X_LEG_3,31.14,28.75,2.19,1,1615,1610,NW
1189287.902,X_LEG_3,31.14,28.75,2.19,1,1615,1610,NW
1189287.924,X_LEG_3,31.10,28.61,2.21,1,1614,1610,NW
1189287.943,X_LEG_3,31.10,28.61,2.21,1,1614,1610,NW
1189287.964,X_LEG_3,31.10,28.61,2.21,1,1614,1610,NW
1189287.984,X_LEG_3,31.10,28.61,2.21,1,1614,1610,NW
1189288.005,X_LEG_3,31.10,28.61,2.21,1,1614,1610,NW
1189288.027,X_LEG_3,31.10,28.61,1.21,1,1614,1610,NW
1189288.048,X_LEG_3,31.10,28.61,1.21,1,1614,1610,NW
1189288.069,X_LEG_3,31.10,28.61,1.21,1,1614,1610,NW
1189288.089,X_LEG_3,31.10,28.61,1.21,1,1614,1610,NW
1189288.110,X_LEG_3,31.10,28.61,1.21,1,1614,1610,NW
1189288.130,X_LEG_3,31.06,28.48,1.25,1,1614,1610,NW
1189288.151,X_LEG_3,31.06,28.48,1.25,1,1614,1610,NW
1189288.171,X_LEG_3,31.06,28.48,1.25,1,1614,1610,NW
1189288.191,X_LEG_3,31.06,28.48,1.25,1,1614,1610,NW
1189288.212,X_LEG_3,31.06,28.48,1.25,1,1614,1610,NW
1189288.233,X_LEG_3,31.06,28.48,1.25,1,1614,1610,NW
1189288.253,X_LEG_3,31.06,28.48,1.25,1,1614,1610,NW
1189288.273,X_LEG_3,31.06,28.48,1.25,1,1614,1610,NW
1189288.294,X_LEG_3,31.06,28.48,1.25,1,1614,1610,NW
1189288.314,X_LEG_3,31.06,28.48,1.25,1,1614,1610,NW
1189288.335,X_LEG_3,30.96,28.15,1.34,1,1613,1610,NW
1189288.356,X_LEG_3,30.96,28.15,1.34,1,1613,1610,NW
1189288.376,X_LEG_3,30.96,28.15,1.34,1,1613,1610,NW
1189288.397,X_LEG_3,30.96,28.15,1.34,1,1613,1610,NW
1189288.417,X_LEG_3,30.96,28.15,1.34,1,1613,1610,NW
1189288.438,X_LEG_3,30.96,28.15,1.34,1,1613,1610,NW
1189288.461,X_LEG_3,30.96,28.15,1.34,1,1613,1610,NW
1189288.481,X_LEG_3,30.96,28.15,1.34,1,1613,1610,NW
1189288.502,X_LEG_3,30.96,28.15,1.34,1,1613,1610,NW
1189288.523,X_LEG_3,30.96,28.15,1.34,1,1613,1610,NW
1189288.543,X_LEG_3,30.90,27.94,1.40,1,1612,1610,NW
1189288.564,X_LEG_3,30.90,27.94,1.40,1,1612,1610,NW
1189288.585,X_LEG_3,30.90,27.94,1.40,1,1612,1610,NW
1189288.605,X_LEG_3,30.90,27.94,1.40,1,1612,1610,NW
1189288.625,X_LEG_3,30.90,27.94,1.40,1,1612,1610,NW
1189288.645,X_LEG_3,30.83,27.74,1.44,1,1611,1610,NW
1189288.666,X_LEG_3,30.83,27.74,1.44,1,1611,1610,NW
1189288.689,X_LEG_3,30.83,27.74,1.44,1,1611,1610,NW
1189288.709,X_LEG_3,30.83,27.74,1.44,1,1611,1610,NW
1189288.731,X_LEG_3,30.83,27.74,1.44,1,1611,1610,NW
1189288.750,X_LEG_3,30.76,27.54,1.49,1,1610,1610,NW
1189288.770,X_LEG_3,30.76,27.54,1.49,1,1610,1610,NW
1189288.791,X_LEG_3,30.76,27.54,1.49,1,1610,1610,NW
1189288.811,X_LEG_3,30.76,27.54,1.49,1,1610,1610,NW
1189288.832,X_LEG_3,30.76,27.54,1.49,1,1610,1610,NW
1189288.852,X_LEG_3,30.76,27.54,1.49,1,1610,1610,NW
1189288.873,X_LEG_3,30.76,27.54,1.49,1,1610,1610,NW
1189288.893,X_LEG_3,30.76,27.54,1.49,1,1610,1610,NW
1189288.913,X_LEG_3,30.76,27.54,1.49,1,1610,1610,NW
1189288.934,X_LEG_3,30.76,27.54,1.49,1,1610,1610,NW
1189288.954,X_LEG_3,30.68,27.35,1.56,1,1609,1610,NW
1189288.975,X_LEG_3,30.68,27.35,1.56,1,1609,1610,NW
1189288.995,X_LEG_3,30.68,27.35,1.56,1,1609,1610,NW
1189289.016,X_LEG_3,30.68,27.35,1.56,1,1609,1610,NW
1189289.036,X_LEG_3,30.68,27.35,1.56,1,1609,1610,NW
1189289.057,X_LEG_3,30.61,27.15,1.61,1,1609,1611,NW
1189289.077,X_LEG_3,30.61,27.15,1.61,1,1609,1611,NW
1189289.098,X_LEG_3,30.61,27.15,1.61,1,1609,1611,NW
1189289.118,X_LEG_3,30.61,27.15,1.61,1,1609,1611,NW
1189289.139,X_LEG_3,30.61,27.15,1.61,1,1609,1611,NW
1189289.159,X_LEG_3,30.53,26.97,1.67,1,1608,1611,NW
1189289.180,X_LEG_3,30.53,26.97,1.67,1,1608,1611,NW
1189289.200,X_LEG_3,30.53,26.97,1.67,1,1608,1611,NW
1189289.222,X_LEG_3,30.53,26.97,1.67,1,1608,1611,NW
1189289.242,X_LEG_3,30.53,26.97,1.67,1,1608,1611,NW
1189289.262,X_LEG_3,30.53,26.97,1.67,1,1608,1611,NW
1189289.285,X_LEG_3,30.53,26.97,1.67,1,1608,1611,NW
1189289.305,X_LEG_3,30.53,26.97,1.67,1,1608,1611,NW
1189289.326,X_LEG_3,30.53,26.97,1.67,1,1608,1611,NW
1189289.346,X_LEG_3,30.53,26.97,1.67,1,1608,1611,NW
1189289.367,X_LEG_3,30.44,26.77,1.72,1,1607,1611,NW
1189289.387,X_LEG_3,30.44,26.77,1.72,1,1607,1611,NW
1189289.408,X_LEG_3,30.44,26.77,1.72,1,1607,1611,NW
1189289.428,X_LEG_3,30.44,26.77,1.72,1,1607,1611,NW
1189289.448,X_LEG_3,30.44,26.77,1.72,1,1607,1611,NW
1189289.471,X_LEG_3,30.36,26.58,1.78,1,1606,1610,NW
1189289.491,X_LEG_3,30.36,26.58,1.78,1,1606,1610,NW
1189289.512,X_LEG_3,30.36,26.58,1.78,1,1606,1610,NW
1189289.532,X_LEG_3,30.36,26.58,1.78,1,1606,1610,NW
1189289.553,X_LEG_3,30.36,26.58,1.78,1,1606,1610,NW
1189289.573,X_LEG_3,30.36,26.58,1.78,1,1606,1610,NW
1189289.594,X_LEG_3,30.36,26.58,1.78,1,1606,1610,NW
1189289.614,X_LEG_3,30.36,26.58,1.78,1,1606,1610,NW
1189289.635,X_LEG_3,30.36,26.58,1.78,1,1606,1610,NW
1189289.656,X_LEG_3,30.36,26.58,1.78,1,1606,1610,NW
1189289.676,X_LEG_3,30.27,26.40,1.83,1,1606,1611,NW
1189289.697,X_LEG_3,30.27,26.40,1.83,1,1606,1611,NW
1189289.718,X_LEG_3,30.27,26.40,1.83,1,1606,1611,NW
1189289.738,X_LEG_3,30.27,26.40,1.83,1,1606,1611,NW
1189289.758,X_LEG_3,30.27,26.40,1.83,1,1606,1611,NW
1189289.779,X_LEG_3,30.21,26.27,1.87,1,1605,1611,NW
1189289.799,X_LEG_3,30.21,26.27,1.87,1,1605,1611,NW
1189289.820,X_LEG_3,30.21,26.27,1.87,1,1605,1611,NW
1189289.840,X_LEG_3,30.21,26.27,1.87,1,1605,1611,NW
1189289.861,X_LEG_3,30.21,26.27,1.87,1,1605,1611,NW
1189289.881,X_LEG_3,30.11,26.09,1.93,1,1604,1611,NW
1189289.902,X_LEG_3,30.11,26.09,1.93,1,1604,1611,NW
1189289.922,X_LEG_3,30.11,26.09,1.93,1,1604,1611,NW
1189289.943,X_LEG_3,30.11,26.09,1.93,1,1604,1611,NW
1189289.964,X_LEG_3,30.11,26.09,1.93,1,1604,1611,NW
1189289.984,X_LEG_3,30.11,25.90,1.99,1,1604,1611,NW
1189290.005,X_LEG_3,30.02,25.90,1.99,1,1604,1611,NW
1189290.025,X_LEG_3,30.02,25.90,1.99,1,1604,1611,NW
1189290.046,X_LEG_3,30.02,25.90,1.99,1,1604,1611,NW
1189290.066,X_LEG_3,30.02,25.90,1.99,1,1604,1611,NW
1189290.086,X_LEG_3,29.91,25.73,2.04,1,1603,1612,NW
1189290.107,X_LEG_3,29.91,25.73,2.04,1,1603,1612,NW
1189290.127,X_LEG_3,29.91,25.73,2.04,1,1603,1612,NW
1189290.148,X_LEG_3,29.91,25.73,2.04,1,1603,1612,NW
1189290.168,X_LEG_3,29.91,25.73,2.04,1,1603,1612,NW
1189290.189,X_LEG_3,29.91,25.73,2.04,1,1603,1612,NW
1189290.210,X_LEG_3,29.91,25.73,2.04,1,1603,1612,NW
1189290.230,X_LEG_3,29.91,25.73,2.04,1,1603,1612,NW
1189290.251,X_LEG_3,29.91,25.73,2.04,1,1603,1612,NW
1189290.271,X_LEG_3,29.91,25.73,2.04,1,1603,1612,NW
1189290.292,X_LEG_3,29.81,25.54,1.10,1,1602,1612,NW
1189290.312,X_LEG_3,29.81,25.54,1.10,1,1602,1612,NW
1189290.332,X_LEG_3,29.81,25.54,1.10,1,1602,1612,NW
1189290.354,X_LEG_3,29.81,25.54,1.10,1,1602,1612,NW
1189290.375,X_LEG_3,29.81,25.54,1.10,1,1602,1612,NW
1189290.395,X_LEG_3,29.71,25.36,1.15,1,1601,1612,NW
1189290.416,X_LEG_3,29.71,25.36,1.15,1,1601,1612,NW
1189290.436,X_LEG_3,29.71,25.36,1.15,1,1601,1612,NW
1189290.456,X_LEG_3,29.71,25.36,1.15,1,1601,1612,NW
1189290.478,X_LEG_3,29.71,25.36,1.15,1,1601,1612,NW
1189290.498,X_LEG_3,29.60,25.18,1.20,1,1601,1613,NW
1189290.519,X_LEG_3,29.60,25.18,1.20,1,1601,1613,NW
1189290.541,X_LEG_3,29.60,25.18,1.20,1,1601,1613,NW
1189290.561,X_LEG_3,29.60,25.18,1.20,1,1601,1613,NW
1189290.581,X_LEG_3,29.60,25.18,1.20,1,1601,1613,NW
1189290.602,X_LEG_3,29.49,25.01,1.27,1,1600,1613,NW
1189290.622,X_LEG_3,29.49,25.01,1.27,1,1600,1613,NW
1189290.642,X_LEG_3,29.49,25.01,1.27,1,1600,1613,NW
1189290.664,X_LEG_3,29.49,25.01,1.27,1,1600,1613,NW
1189290.684,X_LEG_3,29.49,25.01,1.27,1,1600,1613,NW
1189290.704,X_LEG_3,29.49,25.01,1.27,1,1600,1613,NW
1189290.726,X_LEG_3,29.49,25.01,1.27,1,1600,1613,NW
1189290.746,X_LEG_3,29.49,25.01,1.27,1,1600,1613,NW
1189290.767,X_LEG_3,29.49,25.01,1.27,1,1600,1613,NW
1189290.791,X_LEG_3,29.49,25.01,1.27,1,1600,1613,NW
1189290.811,X_LEG_3,29.37,24.83,1.32,1,1599,1612,NW
1189290.832,X_LEG_3,29.37,24.83,1.32,1,1599,1612,NW
1189290.852,X_LEG_3,29.37,24.83,1.32,1,1599,1612,NW
1189290.872,X_LEG_3,29.37,24.83,1.32,1,1599,1612,NW
1189290.893,X_LEG_3,29.37,24.83,1.32,1,1599,1612,NW
1189290.913,X_LEG_3,29.29,24.72,1.36,1,1599,1613,NW
1189290.934,X_LEG_3,29.29,24.72,1.36,1,1599,1613,NW
1189290.954,X_LEG_3,29.29,24.72,1.36,1,1599,1613,NW
1189290.975,X_LEG_3,29.29,24.72,1.36,1,1599,1613,NW
1189290.995,X_LEG_3,29.29,24.72,1.36,1,1599,1613,NW
1189291.016,X_LEG_3,29.29,24.72,1.36,1,1599,1613,NW
1189291.037,X_LEG_3,29.29,24.72,1.36,1,1599,1613,NW
1189291.057,X_LEG_3,29.29,24.72,1.36,1,1599,1613,NW
1189291.077,X_LEG_3,29.29,24.72,1.36,1,1599,1613,NW
1189291.098,X_LEG_3,29.29,24.72,1.36,1,1599,1613,NW
1189291.118,X_LEG_3,29.21,24.60,1.42,1,1598,1613,NW
1189291.139,X_LEG_3,29.21,24.60,1.42,1,1598,1613,NW
1189291.160,X_LEG_3,29.21,24.60,1.42,1,1598,1613,NW
1189291.180,X_LEG_3,29.21,24.60,1.42,1,1598,1613,NW
1189291.201,X_LEG_3,29.21,24.60,1.42,1,1598,1613,NW
1189291.222,X_LEG_3,29.09,24.43,1.46,1,1598,1613,NW
1189291.243,X_LEG_3,29.09,24.43,1.46,1,1598,1613,NW
1189291.263,X_LEG_3,29.09,24.43,1.46,1,1598,1613,NW
1189291.283,X_LEG_3,29.09,24.43,1.46,1,1598,1613,NW
1189291.304,X_LEG_3,29.09,24.43,1.46,1,1598,1613,NW
1189291.324,X_LEG_3,29.01,24.32,1.50,1,1597,1613,NW
1189291.344,X_LEG_3,29.01,24.32,1.50,1,1597,1613,NW
1189291.365,X_LEG_3,29.01,24.32,1.50,1,1597,1613,NW
1189291.385,X_LEG_3,29.01,24.32,1.50,1,1597,1613,NW
1189291.405,X_LEG_3,29.01,24.32,1.50,1,1597,1613,NW
1189291.426,X_LEG_3,29.01,24.32,1.50,1,1597,1613,NW
1189291.447,X_LEG_3,29.01,24.32,1.50,1,1597,1613,NW
1189291.467,X_LEG_3,29.01,24.32,1.50,1,1597,1613,NW
1189291.488,X_LEG_3,29.01,24.32,1.50,1,1597,1613,NW
1189291.508,X_LEG_3,29.01,24.32,1.50,1,1597,1613,NW
1189291.529,X_LEG_3,28.88,24.15,1.56,1,1597,1614,NW
1189291.550,X_LEG_3,28.88,24.15,1.56,1,1597,1614,NW
1189291.571,X_LEG_3,28.88,24.15,1.56,1,1597,1614,NW
1189291.591,X_LEG_3,28.88,24.15,1.56,1,1597,1614,NW
1189291.613,X_LEG_3,28.88,24.15,1.56,1,1597,1614,NW
1189291.633,X_LEG_3,28.80,24.04,1.61,1,1596,1614,NW
1189291.653,X_LEG_3,28.80,24.04,1.61,1,1596,1614,NW
1189291.675,X_LEG_3,28.80,24.04,1.61,1,1596,1614,NW
1189291.695,X_LEG_3,28.80,24.04,1.61,1,1596,1614,NW
1189291.716,X_LEG_3,28.80,24.04,1.61,1,1596,1614,NW
1189291.737,X_LEG_3,28.67,23.88,1.67,1,1596,1614,NW
1189291.758,X_LEG_3,28.67,23.88,1.67,1,1596,1614,NW
1189291.778,X_LEG_3,28.67,23.88,1.67,1,1596,1614,NW
1189291.799,X_LEG_3,28.67,23.88,1.67,1,1596,1614,NW
1189291.820,X_LEG_3,28.67,23.88,1.67,1,1596,1614,NW
1189291.840,X_LEG_3,28.53,23.71,1.73,1,1595,1615,NW
1189291.861,X_LEG_3,28.53,23.71,1.73,1,1595,1615,NW
1189291.881,X_LEG_3,28.53,23.71,1.73,1,1595,1615,NW
1189291.902,X_LEG_3,28.53,23.71,1.73,1,1595,1615,NW
1189291.923,X_LEG_3,28.53,23.71,1.73,1,1595,1615,NW
1189291.943,X_LEG_3,28.39,23.55,1.79,1,1594,1615,NW
1189291.964,X_LEG_3,28.39,23.55,1.79,1,1594,1615,NW
1189291.984,X_LEG_3,28.39,23.55,1.79,1,1594,1615,NW
1189292.005,X_LEG_3,28.39,23.55,1.79,1,1594,1615,NW
1189292.025,X_LEG_3,28.39,23.55,1.79,1,1594,1615,NW
1189292.045,X_LEG_3,28.39,23.55,1.79,1,1594,1615,NW
1189292.066,X_LEG_3,28.39,23.55,1.79,1,1594,1615,NW
1189292.086,X_LEG_3,28.39,23.55,1.79,1,1594,1615,NW
1189292.107,X_LEG_3,28.39,23.55,1.79,1,1594,1615,NW
1189292.127,X_LEG_3,28.39,23.55,1.79,1,1594,1615,NW
1189292.148,X_LEG_3,28.26,23.38,1.85,1,1594,1616,NW
1189292.168,X_LEG_3,28.26,23.38,1.85,1,1594,1616,NW
1189292.189,X_LEG_3,28.26,23.38,1.85,1,1594,1616,NW
1189292.210,X_LEG_3,28.26,23.38,1.85,1,1594,1616,NW
1189292.230,X_LEG_3,28.26,23.38,1.85,1,1594,1616,NW
1189292.250,X_LEG_3,28.11,23.22,1.90,1,1593,1615,NW
1189292.271,X_LEG_3,28.11,23.22,1.90,1,1593,1615,NW
1189292.291,X_LEG_3,28.11,23.22,1.90,1,1593,1615,NW
1189292.313,X_LEG_3,28.11,23.22,1.90,1,1593,1615,NW
1189292.333,X_LEG_3,28.11,23.22,1.90,1,1593,1615,NW
1189292.354,X_LEG_3,27.97,23.06,1.97,1,1592,1616,NW
1189292.376,X_LEG_3,27.97,23.06,1.97,1,1592,1616,NW
1189292.396,X_LEG_3,27.97,23.06,1.97,1,1592,1616,NW
1189292.417,X_LEG_3,27.97,23.06,1.97,1,1592,1616,NW
1189292.437,X_LEG_3,27.97,23.06,1.97,1,1592,1616,NW
1189292.458,X_LEG_3,27.97,23.06,1.97,1,1592,1616,NW
1189292.478,X_LEG_3,27.97,23.06,1.97,1,1592,1616,NW
1189292.499,X_LEG_3,27.97,23.06,1.97,1,1592,1616,NW
1189292.519,X_LEG_3,27.97,23.06,1.97,1,1592,1616,NW
1189292.540,X_LEG_3,27.97,23.06,1.97,1,1592,1616,NW
1189292.561,X_LEG_3,27.82,22.91,2.04,1,1592,1616,NW
1189292.581,X_LEG_3,27.82,22.91,2.04,1,1592,1616,NW
1189292.602,X_LEG_3,27.82,22.91,2.04,1,1592,1616,NW
1189292.624,X_LEG_3,27.82,22.91,2.04,1,1592,1616,NW
1189292.644,X_LEG_3,27.82,22.91,2.04,1,1592,1616,NW
1189292.664,X_LEG_3,27.72,22.80,2.07,1,1591,1616,NW
1189292.686,X_LEG_3,27.72,22.80,2.07,1,1591,1616,NW
1189292.706,X_LEG_3,27.72,22.80,2.07,1,1591,1616,NW
1189292.727,X_LEG_3,27.72,22.80,2.07,1,1591,1616,NW
1189292.751,X_LEG_3,27.72,22.80,2.07,1,1591,1616,NW
1189292.771,X_LEG_3,27.57,22.65,2.15,1,1591,1617,NW
1189292.792,X_LEG_3,27.57,22.65,2.15,1,1591,1617,NW
1189292.812,X_LEG_3,27.57,22.65,2.15,1,1591,1617,NW
1189292.833,X_LEG_3,27.57,22.65,2.15,1,1591,1617,NW
1189292.853,X_LEG_3,27.57,22.65,2.15,1,1591,1617,NW
1189292.874,X_LEG_3,27.57,22.65,2.15,1,1591,1617,NW
1189292.894,X_LEG_3,27.57,22.65,2.15,1,1591,1617,NW
1189292.915,X_LEG_3,27.57,22.65,2.15,1,1591,1617,NW
1189292.937,X_LEG_3,27.57,22.65,2.15,1,1591,1617,NW
1189292.955,X_LEG_3,27.57,22.65,2.15,1,1591,1617,NW
1189292.976,X_LEG_3,27.41,22.49,2.20,1,1590,1617,NW
1189292.996,X_LEG_3,27.41,22.49,2.20,1,1590,1617,NW
1189293.017,X_LEG_3,27.41,22.49,2.20,1,1590,1617,NW
1189293.038,X_LEG_3,27.41,22.49,2.20,1,1590,1617,NW
1189293.059,X_LEG_3,27.41,22.49,2.20,1,1590,1617,NW
1189293.079,X_LEG_3,27.31,22.39,2.26,1,1590,1618,NW
1189293.100,X_LEG_3,27.31,22.39,2.26,1,1590,1618,NW
1189293.122,X_LEG_3,27.31,22.39,2.26,1,1590,1618,NW
1189293.142,X_LEG_3,27.31,22.39,2.26,1,1590,1618,NW
1189293.163,X_LEG_3,27.31,22.39,2.26,1,1590,1618,NW
1189293.184,X_LEG_3,27.15,22.24,2.31,1,1589,1618,NW
1189293.206,X_LEG_3,27.15,22.24,2.31,1,1589,1618,NW
1189293.226,X_LEG_3,27.15,22.24,2.31,1,1589,1618,NW
1189293.246,X_LEG_3,27.15,22.24,2.31,1,1589,1618,NW
1189293.267,X_LEG_3,27.15,22.24,2.31,1,1589,1618,NW
1189293.288,X_LEG_3,26.99,22.08,2.39,1,1588,1619,NW
1189293.308,X_LEG_3,26.99,22.08,2.39,1,1588,1619,NW
1189293.329,X_LEG_3,26.99,22.08,2.39,1,1588,1619,NW
1189293.349,X_LEG_3,26.99,22.08,2.39,1,1588,1619,NW
1189293.370,X_LEG_3,26.99,22.08,2.39,1,1588,1619,NW
1189293.390,X_LEG_3,26.99,22.08,2.39,1,1588,1619,NW
1189293.411,X_LEG_3,26.99,22.08,2.39,1,1588,1619,NW
1189293.431,X_LEG_3,26.99,22.08,2.39,1,1588,1619,NW
1189293.452,X_LEG_3,26.99,22.08,2.39,1,1588,1619,NW
1189293.472,X_LEG_3,26.99,22.08,2.39,1,1588,1619,NW
1189293.493,X_LEG_3,26.99,22.08,1.39,1,1588,1619,NW
1189293.513,X_LEG_3,26.99,22.08,1.39,1,1588,1619,NW
1189293.533,X_LEG_3,26.99,22.08,1.39,1,1588,1619,NW
1189293.554,X_LEG_3,26.99,22.08,1.39,1,1588,1619,NW
1189293.575,X_LEG_3,26.99,22.08,1.39,1,1588,1619,NW
1189293.595,X_LEG_3,26.71,21.84,1.47,1,1587,1619,NW
1189293.616,X_LEG_3,26.71,21.84,1.47,1,1587,1619,NW
1189293.636,X_LEG_3,26.71,21.84,1.47,1,1587,1619,NW
1189293.659,X_LEG_3,26.71,21.84,1.47,1,1587,1619,NW
1189293.679,X_LEG_3,26.71,21.84,1.47,1,1587,1619,NW
1189293.699,X_LEG_3,26.54,21.69,1.55,1,1587,1620,NW
1189293.720,X_LEG_3,26.54,21.69,1.55,1,1587,1620,NW
1189293.740,X_LEG_3,26.54,21.69,1.55,1,1587,1620,NW
1189293.761,X_LEG_3,26.54,21.69,1.55,1,1587,1620,NW
1189293.783,X_LEG_3,26.54,21.69,1.55,1,1587,1620,NW
1189293.803,X_LEG_3,26.43,21.60,1.59,1,1586,1619,NW
1189293.825,X_LEG_3,26.43,21.60,1.59,1,1586,1619,NW
1189293.845,X_LEG_3,26.43,21.60,1.59,1,1586,1619,NW
1189293.866,X_LEG_3,26.43,21.60,1.59,1,1586,1619,NW
1189293.887,X_LEG_3,26.43,21.60,1.59,1,1586,1619,NW
1189293.907,X_LEG_3,26.25,21.45,1.65,1,1586,1620,NW
1189293.928,X_LEG_3,26.25,21.45,1.65,1,1586,1620,NW
1189293.949,X_LEG_3,26.25,21.45,1.65,1,1586,1620,NW
1189293.969,X_LEG_3,26.25,21.45,1.65,1,1586,1620,NW
1189293.989,X_LEG_3,26.25,21.45,1.65,1,1586,1620,NW
1189294.013,X_LEG_3,26.25,21.45,1.65,1,1586,1620,NW
1189294.033,X_LEG_3,26.25,21.45,1.65,1,1586,1620,NW
1189294.055,X_LEG_3,26.25,21.45,1.65,1,1586,1620,NW
1189294.076,X_LEG_3,26.25,21.45,1.65,1,1586,1620,NW
1189294.096,X_LEG_3,26.25,21.45,1.65,1,1586,1620,NW
1189294.120,X_LEG_3,26.13,21.35,1.71,1,1585,1620,NW
1189294.139,X_LEG_3,26.13,21.35,1.71,1,1585,1620,NW
1189294.159,X_LEG_3,26.13,21.35,1.71,1,1585,1620,NW
1189294.180,X_LEG_3,26.13,21.35,1.71,1,1585,1620,NW
1189294.200,X_LEG_3,26.13,21.35,1.71,1,1585,1620,NW
1189294.221,X_LEG_3,26.02,21.26,1.76,1,1585,1620,NW
1189294.241,X_LEG_3,26.02,21.26,1.76,1,1585,1620,NW
1189294.262,X_LEG_3,26.02,21.26,1.76,1,1585,1620,NW
1189294.283,X_LEG_3,26.02,21.26,1.76,1,1585,1620,NW
1189294.303,X_LEG_3,26.02,21.26,1.76,1,1585,1620,NW
1189294.324,X_LEG_3,25.90,21.16,1.78,1,1585,1621,NW
1189294.344,X_LEG_3,25.90,21.16,1.78,1,1585,1621,NW
1189294.365,X_LEG_3,25.90,21.16,1.78,1,1585,1621,NW
1189294.385,X_LEG_3,25.90,21.16,1.78,1,1585,1621,NW
1189294.406,X_LEG_3,25.90,21.16,1.78,1,1585,1621,NW
1189294.426,X_LEG_3,25.72,21.03,1.87,1,1584,1621,NW
1189294.446,X_LEG_3,25.72,21.03,1.87,1,1584,1621,NW
1189294.467,X_LEG_3,25.72,21.03,1.87,1,1584,1621,NW
1189294.489,X_LEG_3,25.72,21.03,1.87,1,1584,1621,NW
1189294.508,X_LEG_3,25.72,21.03,1.87,1,1584,1621,NW
1189294.531,X_LEG_3,25.72,21.03,1.87,1,1584,1621,NW
1189294.555,X_LEG_3,25.72,21.03,1.87,1,1584,1621,NW
1189294.576,X_LEG_3,25.72,21.03,1.87,1,1584,1621,NW
1189294.598,X_LEG_3,25.72,21.03,1.87,1,1584,1621,NW
1189294.618,X_LEG_3,25.72,21.03,1.87,1,1584,1621,NW
1189294.639,X_LEG_3,25.59,20.93,1.91,1,1584,1622,NW
1189294.660,X_LEG_3,25.59,20.93,1.91,1,1584,1622,NW
1189294.681,X_LEG_3,25.59,20.93,1.91,1,1584,1622,NW
1189294.704,X_LEG_3,25.59,20.93,1.91,1,1584,1622,NW
1189294.724,X_LEG_3,25.59,20.93,1.91,1,1584,1622,NW
1189294.745,X_LEG_3,25.47,20.84,1.96,1,1583,1622,NW
1189294.765,X_LEG_3,25.47,20.84,1.96,1,1583,1622,NW
1189294.786,X_LEG_3,25.47,20.84,1.96,1,1583,1622,NW
1189294.807,X_LEG_3,25.47,20.84,1.96,1,1583,1622,NW
1189294.827,X_LEG_3,25.47,20.84,1.96,1,1583,1622,NW
1189294.848,X_LEG_3,25.35,20.74,1.99,1,1583,1622,NW
1189294.868,X_LEG_3,25.35,20.74,1.99,1,1583,1622,NW
1189294.889,X_LEG_3,25.35,20.74,1.99,1,1583,1622,NW
1189294.911,X_LEG_3,25.35,20.74,1.99,1,1583,1622,NW
1189294.931,X_LEG_3,25.35,20.74,1.99,1,1583,1622,NW
1189294.952,X_LEG_3,25.22,20.65,2.03,1,1583,1623,NW
1189294.977,X_LEG_3,25.22,20.65,2.03,1,1583,1623,NW
1189294.996,X_LEG_3,25.22,20.65,2.03,1,1583,1623,NW
1189295.019,X_LEG_3,25.22,20.65,2.03,1,1583,1623,NW
1189295.039,X_LEG_3,25.22,20.65,2.03,1,1583,1623,NW
1189295.061,X_LEG_3,25.09,20.56,2.06,1,1582,1623,NW
1189295.082,X_LEG_3,25.09,20.56,2.06,1,1582,1623,NW
1189295.102,X_LEG_3,25.09,20.56,2.06,1,1582,1623,NW
1189295.124,X_LEG_3,25.09,20.56,2.06,1,1582,1623,NW
1189295.146,X_LEG_3,25.09,20.56,2.06,1,1582,1623,NW
1189295.168,X_LEG_3,24.97,20.47,2.11,1,1582,1624,NW
1189295.186,X_LEG_3,24.97,20.47,2.11,1,1582,1624,NW
1189295.207,X_LEG_3,24.97,20.47,2.11,1,1582,1624,NW
1189295.227,X_LEG_3,24.97,20.47,2.11,1,1582,1624,NW
1189295.248,X_LEG_3,24.97,20.47,2.11,1,1582,1624,NW
1189295.269,X_LEG_3,24.84,20.39,2.18,1,1582,1624,NW
1189295.292,X_LEG_3,24.84,20.39,2.18,1,1582,1624,NW
1189295.313,X_LEG_3,24.84,20.39,2.18,1,1582,1624,NW
1189295.333,X_LEG_3,24.84,20.39,2.18,1,1582,1624,NW
1189295.354,X_LEG_3,24.84,20.39,2.18,1,1582,1624,NW
1189295.374,X_LEG_3,24.71,20.30,2.23,1,1581,1624,NW
1189295.395,X_LEG_3,24.71,20.30,2.23,1,1581,1624,NW
1189295.417,X_LEG_3,24.71,20.30,2.23,1,1581,1624,NW
1189295.436,X_LEG_3,24.71,20.30,2.23,1,1581,1624,NW
1189295.457,X_LEG_3,24.71,20.30,2.23,1,1581,1624,NW
1189295.477,X_LEG_3,24.58,20.21,2.26,1,1581,1625,NW
1189295.498,X_LEG_3,24.58,20.21,2.26,1,1581,1625,NW
1189295.519,X_LEG_3,24.58,20.21,2.26,1,1581,1625,NW
1189295.544,X_LEG_3,24.58,20.21,2.26,1,1581,1625,NW
1189295.565,X_LEG_3,24.58,20.21,2.26,1,1581,1625,NW
1189295.585,X_LEG_3,24.58,20.21,2.26,1,1581,1625,NW
1189295.606,X_LEG_3,24.58,20.21,2.26,1,1581,1625,NW
1189295.627,X_LEG_3,24.58,20.21,2.26,1,1581,1625,NW
1189295.647,X_LEG_3,24.58,20.21,2.26,1,1581,1625,NW
1189295.668,X_LEG_3,24.58,20.21,2.26,1,1581,1625,NW
1189295.689,X_LEG_3,24.32,20.03,1.34,1,1580,1626,NW
1189295.710,X_LEG_3,24.32,20.03,1.34,1,1580,1626,NW
1189295.735,X_LEG_3,24.32,20.03,1.34,1,1580,1626,NW
1189295.750,X_LEG_3,24.32,20.03,1.34,1,1580,1626,NW
1189295.770,X_LEG_3,24.32,20.03,1.34,1,1580,1626,NW
1189295.791,X_LEG_3,24.32,20.03,1.34,1,1580,1626,NW
1189295.811,X_LEG_3,24.32,20.03,1.34,1,1580,1626,NW
1189295.832,X_LEG_3,24.32,20.03,1.34,1,1580,1626,NW
1189295.853,X_LEG_3,24.32,20.03,1.34,1,1580,1626,NW
1189295.874,X_LEG_3,24.32,20.03,1.34,1,1580,1626,NW
1189295.897,X_LEG_3,24.18,19.94,1.39,1,1580,1625,NW
1189295.918,X_LEG_3,24.18,19.94,1.39,1,1580,1625,NW
1189295.939,X_LEG_3,24.18,19.94,1.39,1,1580,1625,NW
1189295.959,X_LEG_3,24.18,19.94,1.39,1,1580,1625,NW
1189295.981,X_LEG_3,24.18,19.94,1.39,1,1580,1625,NW
1189296.001,X_LEG_3,24.05,19.86,1.45,1,1579,1625,NW
1189296.022,X_LEG_3,24.05,19.86,1.45,1,1579,1625,NW
1189296.047,X_LEG_3,24.05,19.86,1.45,1,1579,1625,NW
1189296.068,X_LEG_3,24.05,19.86,1.45,1,1579,1625,NW
1189296.098,X_LEG_3,24.05,19.86,1.45,1,1579,1625,NW
1189296.114,X_LEG_3,23.91,19.77,1.50,1,1579,1626,NW
1189296.134,X_LEG_3,23.91,19.77,1.50,1,1579,1626,NW
1189296.156,X_LEG_3,23.91,19.77,1.50,1,1579,1626,NW
1189296.178,X_LEG_3,23.91,19.77,1.50,1,1579,1626,NW
1189296.201,X_LEG_3,23.91,19.77,1.50,1,1579,1626,NW
1189296.222,X_LEG_3,23.91,19.77,1.50,1,1579,1626,NW
1189296.243,X_LEG_3,23.91,19.77,1.50,1,1579,1626,NW
1189296.264,X_LEG_3,23.91,19.77,1.50,1,1579,1626,NW
1189296.285,X_LEG_3,23.91,19.77,1.50,1,1579,1626,NW
1189296.310,X_LEG_3,23.91,19.77,1.50,1,1579,1626,NW
1189296.331,X_LEG_3,23.78,19.69,1.53,1,1579,1626,NW
1189296.355,X_LEG_3,23.78,19.69,1.53,1,1579,1626,NW
1189296.376,X_LEG_3,23.78,19.69,1.53,1,1579,1626,NW
1189296.396,X_LEG_3,23.78,19.69,1.53,1,1579,1626,NW
1189296.419,X_LEG_3,23.78,19.69,1.53,1,1579,1626,NW
1189296.439,X_LEG_3,23.64,19.60,1.57,1,1578,1627,NW
1189296.460,X_LEG_3,23.64,19.60,1.57,1,1578,1627,NW
1189296.482,X_LEG_3,23.64,19.60,1.57,1,1578,1627,NW
1189296.502,X_LEG_3,23.64,19.60,1.57,1,1578,1627,NW
1189296.523,X_LEG_3,23.64,19.60,1.57,1,1578,1627,NW
1189296.546,X_LEG_3,23.50,19.52,1.64,1,1578,1627,NW
1189296.569,X_LEG_3,23.50,19.52,1.64,1,1578,1627,NW
1189296.590,X_LEG_3,23.50,19.52,1.64,1,1578,1627,NW
1189296.610,X_LEG_3,23.50,19.52,1.64,1,1578,1627,NW
1189296.632,X_LEG_3,23.50,19.52,1.64,1,1578,1627,NW
1189296.653,X_LEG_3,23.36,19.43,1.68,1,1578,1627,NW
1189296.674,X_LEG_3,23.36,19.43,1.68,1,1578,1627,NW
1189296.694,X_LEG_3,23.36,19.43,1.68,1,1578,1627,NW
1189296.722,X_LEG_3,23.36,19.43,1.68,1,1578,1627,NW
1189296.738,X_LEG_3,23.36,19.43,1.68,1,1578,1627,NW
1189296.759,X_LEG_3,23.22,19.35,1.74,1,1577,1628,NW
1189296.779,X_LEG_3,23.22,19.35,1.74,1,1577,1628,NW
1189296.799,X_LEG_3,23.22,19.35,1.74,1,1577,1628,NW
1189296.823,X_LEG_3,23.22,19.35,1.74,1,1577,1628,NW
1189296.845,X_LEG_3,23.22,19.35,1.74,1,1577,1628,NW
1189296.866,X_LEG_3,23.08,19.27,1.77,1,1577,1628,NW
1189296.890,X_LEG_3,23.08,19.27,1.77,1,1577,1628,NW
1189296.910,X_LEG_3,23.08,19.27,1.77,1,1577,1628,NW
1189296.931,X_LEG_3,23.08,19.27,1.77,1,1577,1628,NW
1189296.951,X_LEG_3,23.08,19.27,1.77,1,1577,1628,NW
1189296.972,X_LEG_3,22.94,19.19,1.83,1,1577,1629,NW
1189296.997,X_LEG_3,22.94,19.19,1.83,1,1577,1629,NW
1189297.018,X_LEG_3,22.94,19.19,1.83,1,1577,1629,NW
1189297.041,X_LEG_3,22.94,19.19,1.83,1,1577,1629,NW
1189297.061,X_LEG_3,22.94,19.19,1.83,1,1577,1629,NW
1189297.082,X_LEG_3,22.94,19.19,1.83,1,1577,1629,NW
1189297.103,X_LEG_3,22.94,19.19,1.83,1,1577,1629,NW
1189297.123,X_LEG_3,22.94,19.19,1.83,1,1577,1629,NW
1189297.144,X_LEG_3,22.94,19.19,1.83,1,1577,1629,NW
1189297.164,X_LEG_3,22.94,19.19,1.83,1,1577,1629,NW
1189297.186,X_LEG_3,22.80,19.10,1.87,1,1576,1629,NW
1189297.206,X_LEG_3,22.80,19.10,1.87,1,1576,1629,NW
1189297.226,X_LEG_3,22.80,19.10,1.87,1,1576,1629,NW
1189297.249,X_LEG_3,22.80,19.10,1.87,1,1576,1629,NW
1189297.269,X_LEG_3,22.80,19.10,1.87,1,1576,1629,NW
1189297.290,X_LEG_3,22.65,19.02,1.92,1,1576,1630,NW
1189297.311,X_LEG_3,22.65,19.02,1.92,1,1576,1630,NW
1189297.331,X_LEG_3,22.65,19.02,1.92,1,1576,1630,NW
1189297.352,X_LEG_3,22.65,19.02,1.92,1,1576,1630,NW
1189297.373,X_LEG_3,22.65,19.02,1.92,1,1576,1630,NW
1189297.393,X_LEG_3,22.51,18.94,1.96,1,1576,1630,NW
1189297.415,X_LEG_3,22.51,18.94,1.96,1,1576,1630,NW
1189297.435,X_LEG_3,22.51,18.94,1.96,1,1576,1630,NW
1189297.456,X_LEG_3,22.51,18.94,1.96,1,1576,1630,NW
1189297.476,X_LEG_3,22.51,18.94,1.96,1,1576,1630,NW
1189297.496,X_LEG_3,22.37,18.86,2.02,1,1575,1630,NW
1189297.517,X_LEG_3,22.37,18.86,2.02,1,1575,1630,NW
1189297.537,X_LEG_3,22.37,18.86,2.02,1,1575,1630,NW
1189297.559,X_LEG_3,22.37,18.86,2.02,1,1575,1630,NW
1189297.579,X_LEG_3,22.37,18.86,2.02,1,1575,1630,NW
1189297.602,X_LEG_3,22.22,18.78,2.04,1,1575,1631,NW
1189297.624,X_LEG_3,22.22,18.78,2.04,1,1575,1631,NW
1189297.646,X_LEG_3,22.22,18.78,2.04,1,1575,1631,NW
1189297.668,X_LEG_3,22.22,18.78,2.04,1,1575,1631,NW
1189297.688,X_LEG_3,22.22,18.78,2.04,1,1575,1631,NW
1189297.708,X_LEG_3,22.07,18.70,2.10,1,1575,1631,NW
1189297.728,X_LEG_3,22.07,18.70,2.10,1,1575,1631,NW
1189297.749,X_LEG_3,22.07,18.70,2.10,1,1575,1631,NW
1189297.770,X_LEG_3,22.07,18.70,2.10,1,1575,1631,NW
1189297.790,X_LEG_3,22.07,18.70,2.10,1,1575,1631,NW
1189297.811,X_LEG_3,21.93,18.63,2.16,1,1575,1632,NW
1189297.831,X_LEG_3,21.93,18.63,2.16,1,1575,1632,NW
1189297.852,X_LEG_3,21.93,18.63,2.16,1,1575,1632,NW
1189297.872,X_LEG_3,21.93,18.63,2.16,1,1575,1632,NW
1189297.895,X_LEG_3,21.93,18.63,2.16,1,1575,1632,NW
1189297.916,X_LEG_3,21.70,18.51,2.21,1,1574,1632,NW
1189297.936,X_LEG_3,21.70,18.51,2.21,1,1574,1632,NW
1189297.957,X_LEG_3,21.70,18.51,2.21,1,1574,1632,NW
1189297.978,X_LEG_3,21.70,18.51,2.21,1,1574,1632,NW
1189297.998,X_LEG_3,21.70,18.51,2.21,1,1574,1632,NW
1189298.020,X_LEG_3,21.55,18.43,2.28,1,1574,1633,NW
1189298.040,X_LEG_3,21.55,18.43,2.28,1,1574,1633,NW
1189298.061,X_LEG_3,21.55,18.43,2.28,1,1574,1633,NW
1189298.086,X_LEG_3,21.55,18.43,2.28,1,1574,1633,NW
1189298.106,X_LEG_3,21.55,18.43,2.28,1,1574,1633,NW
1189298.127,X_LEG_3,21.40,18.35,2.34,1,1573,1633,NW
1189298.148,X_LEG_3,21.40,18.35,2.34,1,1573,1633,NW
1189298.168,X_LEG_3,21.40,18.35,2.34,1,1573,1633,NW
1189298.194,X_LEG_3,21.40,18.35,2.34,1,1573,1633,NW
1189298.216,X_LEG_3,21.40,18.35,2.34,1,1573,1633,NW
1189298.236,X_LEG_3,21.25,18.27,2.36,1,1573,1633,NW
1189298.256,X_LEG_3,21.25,18.27,2.36,1,1573,1633,NW
1189298.277,X_LEG_3,21.25,18.27,2.36,1,1573,1633,NW
1189298.297,X_LEG_3,21.25,18.27,2.36,1,1573,1633,NW
1189298.318,X_LEG_3,21.25,18.27,2.36,1,1573,1633,NW
1189298.339,X_LEG_3,21.25,18.27,2.36,1,1573,1633,NW
1189298.360,X_LEG_3,21.25,18.27,2.36,1,1573,1633,NW
1189298.380,X_LEG_3,21.25,18.27,2.36,1,1573,1633,NW
1189298.400,X_LEG_3,21.25,18.27,2.36,1,1573,1633,NW
1189298.421,X_LEG_3,21.25,18.27,2.36,1,1573,1633,NW
1189298.442,X_LEG_3,21.10,18.20,2.41,1,1573,1633,NW
1189298.462,X_LEG_3,21.10,18.20,2.41,1,1573,1633,NW
1189298.482,X_LEG_3,21.10,18.20,2.41,1,1573,1633,NW
1189298.503,X_LEG_3,21.10,18.20,2.41,1,1573,1633,NW
1189298.524,X_LEG_3,21.10,18.20,2.41,1,1573,1633,NW
1189298.544,X_LEG_3,20.95,18.12,2.47,1,1572,1634,NW
1189298.565,X_LEG_3,20.95,18.12,2.47,1,1572,1634,NW
1189298.586,X_LEG_3,20.95,18.12,2.47,1,1572,1634,NW
1189298.608,X_LEG_3,20.95,18.12,2.47,1,1572,1634,NW
1189298.627,X_LEG_3,20.95,18.12,2.47,1,1572,1634,NW
1189298.647,X_LEG_3,20.79,18.05,2.51,1,1572,1634,NW
1189298.669,X_LEG_3,20.79,18.05,2.51,1,1572,1634,NW
1189298.690,X_LEG_3,20.79,18.05,2.51,1,1572,1634,NW
1189298.710,X_LEG_3,20.79,18.05,2.51,1,1572,1634,NW
1189298.733,X_LEG_3,20.79,18.05,2.51,1,1572,1634,NW
1189298.753,X_LEG_3,20.64,17.97,2.58,1,1572,1635,NW
1189298.774,X_LEG_3,20.64,17.97,2.58,1,1572,1635,NW
1189298.798,X_LEG_3,20.64,17.97,2.58,1,1572,1635,NW
1189298.820,X_LEG_3,20.64,17.97,2.58,1,1572,1635,NW
1189298.840,X_LEG_3,20.64,17.97,2.58,1,1572,1635,NW
1189298.860,X_LEG_3,20.48,17.90,2.63,1,1572,1635,NW
1189298.881,X_LEG_3,20.48,17.90,2.63,1,1572,1635,NW
1189298.904,X_LEG_3,20.48,17.90,2.63,1,1572,1635,NW
1189298.925,X_LEG_3,20.48,17.90,2.63,1,1572,1635,NW
1189298.946,X_LEG_3,20.48,17.90,2.63,1,1572,1635,NW
1189298.966,X_LEG_3,20.33,17.83,2.67,1,1571,1636,NW
1189298.986,X_LEG_3,20.33,17.83,2.67,1,1571,1636,NW
1189299.007,X_LEG_3,20.33,17.83,2.67,1,1571,1636,NW
1189299.028,X_LEG_3,20.33,17.83,2.67,1,1571,1636,NW
1189299.049,X_LEG_3,20.33,17.83,2.67,1,1571,1636,NW
1189299.069,X_LEG_3,20.17,17.76,2.72,1,1571,1636,NW
1189299.090,X_LEG_3,20.17,17.76,2.72,1,1571,1636,NW
1189299.110,X_LEG_3,20.17,17.76,2.72,1,1571,1636,NW
1189299.131,X_LEG_3,20.17,17.76,2.72,1,1571,1636,NW
1189299.151,X_LEG_3,20.17,17.76,2.72,1,1571,1636,NW
1189299.174,X_LEG_3,20.01,17.68,2.77,1,1571,1636,NW
1189299.195,X_LEG_3,20.01,17.68,2.77,1,1571,1636,NW
1189299.216,X_LEG_3,20.01,17.68,2.77,1,1571,1636,NW
1189299.237,X_LEG_3,20.01,17.68,2.77,1,1571,1636,NW
1189299.260,X_LEG_3,20.01,17.68,2.77,1,1571,1636,NW
1189299.283,X_LEG_3,20.01,17.68,2.77,1,1571,1636,NW
1189299.302,X_LEG_3,20.01,17.68,2.77,1,1571,1636,NW
1189299.322,X_LEG_3,20.01,17.68,2.77,1,1571,1636,NW
1189299.344,X_LEG_3,20.01,17.68,2.77,1,1571,1636,NW
1189299.365,X_LEG_3,20.01,17.68,2.77,1,1571,1636,NW
1189299.385,X_LEG_3,20.01,17.57,1.85,1,1570,1636,NW
1189299.406,X_LEG_3,19.78,17.57,1.85,1,1570,1637,NW
1189299.427,X_LEG_3,19.78,17.57,1.85,1,1570,1637,NW
1189299.448,X_LEG_3,19.78,17.57,1.85,1,1570,1637,NW
1189299.468,X_LEG_3,19.78,17.57,1.85,1,1570,1637,NW
1189299.489,X_LEG_3,19.62,17.50,1.90,1,1570,1638,NW
1189299.509,X_LEG_3,19.62,17.50,1.90,1,1570,1638,NW
1189299.530,X_LEG_3,19.62,17.50,1.90,1,1570,1638,NW
1189299.550,X_LEG_3,19.62,17.50,1.90,1,1570,1638,NW
1189299.571,X_LEG_3,19.62,17.50,1.90,1,1570,1638,NW
1189299.597,X_LEG_3,19.46,17.43,1.94,1,1570,1638,NW
1189299.618,X_LEG_3,19.46,17.43,1.94,1,1570,1638,NW
1189299.639,X_LEG_3,19.46,17.43,1.94,1,1570,1638,NW
1189299.660,X_LEG_3,19.46,17.43,1.94,1,1570,1638,NW
1189299.682,X_LEG_3,19.46,17.43,1.94,1,1570,1638,NW
1189299.702,X_LEG_3,19.30,17.36,1.99,1,1569,1639,NW
1189299.722,X_LEG_3,19.30,17.36,1.99,1,1569,1639,NW
1189299.745,X_LEG_3,19.30,17.36,1.99,1,1569,1639,NW
1189299.766,X_LEG_3,19.30,17.36,1.99,1,1569,1639,NW
1189299.786,X_LEG_3,19.30,17.36,1.99,1,1569,1639,NW
1189299.807,X_LEG_3,19.05,17.25,2.08,1,1569,1639,NW
1189299.827,X_LEG_3,19.05,17.25,2.08,1,1569,1639,NW
1189299.849,X_LEG_3,19.05,17.25,2.08,1,1569,1639,NW
1189299.872,X_LEG_3,19.05,17.25,2.08,1,1569,1639,NW
1189299.893,X_LEG_3,19.05,17.25,2.08,1,1569,1639,NW
1189299.913,X_LEG_3,18.89,17.18,2.11,1,1569,1640,NW
1189299.935,X_LEG_3,18.89,17.18,2.11,1,1569,1640,NW
1189299.955,X_LEG_3,18.89,17.18,2.11,1,1569,1640,NW
1189299.976,X_LEG_3,18.89,17.18,2.11,1,1569,1640,NW
1189299.996,X_LEG_3,18.89,17.18,2.11,1,1569,1640,NW
1189300.017,X_LEG_3,18.89,17.18,2.11,1,1569,1640,NW
1189300.037,X_LEG_3,18.89,17.18,2.11,1,1569,1640,NW
1189300.058,X_LEG_3,18.89,17.18,2.11,1,1569,1640,NW
1189300.078,X_LEG_3,18.89,17.18,2.11,1,1569,1640,NW
1189300.099,X_LEG_3,18.89,17.18,2.11,1,1569,1640,NW
1189300.119,X_LEG_3,18.65,17.07,2.19,1,1568,1641,NW
1189300.140,X_LEG_3,18.65,17.07,2.19,1,1568,1641,NW
1189300.162,X_LEG_3,18.65,17.07,2.19,1,1568,1641,NW
1189300.183,X_LEG_3,18.65,17.07,2.19,1,1568,1641,NW
1189300.203,X_LEG_3,18.65,17.07,2.19,1,1568,1641,NW
1189300.224,X_LEG_3,18.49,17.01,2.25,1,1568,1641,NW
1189300.244,X_LEG_3,18.49,17.01,2.25,1,1568,1641,NW
1189300.265,X_LEG_3,18.49,17.01,2.25,1,1568,1641,NW
1189300.285,X_LEG_3,18.49,17.01,2.25,1,1568,1641,NW
1189300.308,X_LEG_3,18.49,17.01,2.25,1,1568,1641,NW
1189300.328,X_LEG_3,18.24,16.91,2.31,1,1568,1642,NW
1189300.348,X_LEG_3,18.24,16.91,2.31,1,1568,1642,NW
1189300.369,X_LEG_3,18.24,16.91,2.31,1,1568,1642,NW
1189300.389,X_LEG_3,18.24,16.91,2.31,1,1568,1642,NW
1189300.409,X_LEG_3,18.24,16.91,2.31,1,1568,1642,NW
1189300.436,X_LEG_3,18.08,16.83,2.37,1,1567,1642,NW
1189300.457,X_LEG_3,18.08,16.83,2.37,1,1567,1642,NW
1189300.478,X_LEG_3,18.08,16.83,2.37,1,1567,1642,NW
1189300.498,X_LEG_3,18.08,16.83,2.37,1,1567,1642,NW
1189300.519,X_LEG_3,18.08,16.83,2.37,1,1567,1642,NW
1189300.544,X_LEG_3,17.91,16.76,2.42,1,1567,1643,NW
1189300.564,X_LEG_3,17.91,16.76,2.42,1,1567,1643,NW
1189300.585,X_LEG_3,17.91,16.76,2.42,1,1567,1643,NW
1189300.605,X_LEG_3,17.91,16.76,2.42,1,1567,1643,NW
1189300.626,X_LEG_3,17.91,16.76,2.42,1,1567,1643,NW
1189300.647,X_LEG_3,17.75,16.71,2.47,1,1567,1643,NW
1189300.667,X_LEG_3,17.75,16.71,2.47,1,1567,1643,NW
1189300.688,X_LEG_3,17.75,16.71,2.47,1,1567,1643,NW
1189300.718,X_LEG_3,17.75,16.71,2.47,1,1567,1643,NW
1189300.740,X_LEG_3,17.75,16.71,2.47,1,1567,1643,NW
1189300.761,X_LEG_3,17.58,16.63,1.53,1,1567,1643,NW
1189300.782,X_LEG_3,17.58,16.63,1.53,1,1567,1643,NW
1189300.802,X_LEG_3,17.58,16.63,1.53,1,1567,1643,NW
1189300.822,X_LEG_3,17.58,16.63,1.53,1,1567,1643,NW
1189300.844,X_LEG_3,17.58,16.63,1.53,1,1567,1643,NW
1189300.864,X_LEG_3,17.58,16.63,1.53,1,1567,1643,NW
1189300.885,X_LEG_3,17.58,16.63,1.53,1,1567,1643,NW
1189300.907,X_LEG_3,17.58,16.63,1.53,1,1567,1643,NW
1189300.930,X_LEG_3,17.58,16.63,1.53,1,1567,1643,NW
1189300.950,X_LEG_3,17.58,16.63,1.53,1,1567,1643,NW
1189300.980,X_LEG_3,17.41,16.57,1.56,1,1566,1643,NW
1189301.009,X_LEG_3,17.41,16.57,1.56,1,1566,1643,NW
1189301.029,X_LEG_3,17.41,16.57,1.56,1,1566,1643,NW
1189301.067,X_LEG_3,17.41,16.57,1.56,1,1566,1643,NW
1189301.095,X_LEG_3,17.41,16.57,1.56,1,1566,1643,NW
1189301.139,X_LEG_3,17.25,16.50,1.64,1,1566,1644,NW
1189301.170,X_LEG_3,17.25,16.50,1.64,1,1566,1644,NW
1189301.200,X_LEG_3,17.25,16.50,1.64,1,1566,1644,NW
1189301.225,X_LEG_3,17.08,16.44,1.67,1,1566,1644,NW
1189301.246,X_LEG_3,17.08,16.44,1.67,1,1566,1644,NW
1189301.267,X_LEG_3,17.08,16.44,1.67,1,1566,1644,NW
1189301.287,X_LEG_3,17.08,16.44,1.67,1,1566,1644,NW
1189301.309,X_LEG_3,17.08,16.44,1.67,1,1566,1644,NW
1189301.330,X_LEG_3,17.08,16.44,1.67,1,1566,1644,NW
1189301.353,X_LEG_3,17.08,16.44,1.67,1,1566,1644,NW
1189301.382,X_LEG_3,17.08,16.44,1.67,1,1566,1644,NW
1189301.402,X_LEG_3,17.08,16.44,1.67,1,1566,1644,NW
1189301.423,X_LEG_3,17.08,16.44,1.67,1,1566,1644,NW
1189301.443,X_LEG_3,16.91,16.37,1.75,1,1565,1645,NW
1189301.464,X_LEG_3,16.91,16.37,1.75,1,1565,1645,NW
1189301.487,X_LEG_3,16.91,16.37,1.75,1,1565,1645,NW
1189301.507,X_LEG_3,16.91,16.37,1.75,1,1565,1645,NW
1189301.531,X_LEG_3,16.91,16.37,1.75,1,1565,1645,NW
1189301.552,X_LEG_3,16.74,16.31,1.78,1,1565,1645,NW
1189301.572,X_LEG_3,16.74,16.31,1.78,1,1565,1645,NW
1189301.595,X_LEG_3,16.74,16.31,1.78,1,1565,1645,NW
1189301.616,X_LEG_3,16.74,16.31,1.78,1,1565,1645,NW
1189301.636,X_LEG_3,16.74,16.31,1.78,1,1565,1645,NW
1189301.658,X_LEG_3,16.57,16.25,1.84,1,1565,1646,NW
1189301.678,X_LEG_3,16.57,16.25,1.84,1,1565,1646,NW
1189301.698,X_LEG_3,16.57,16.25,1.84,1,1565,1646,NW
1189301.719,X_LEG_3,16.57,16.25,1.84,1,1565,1646,NW
1189301.741,X_LEG_3,16.57,16.25,1.84,1,1565,1646,NW
1189301.761,X_LEG_3,16.40,16.18,1.88,1,1565,1646,NW
1189301.782,X_LEG_3,16.40,16.18,1.88,1,1565,1646,NW
1189301.802,X_LEG_3,16.40,16.18,1.88,1,1565,1646,NW
1189301.824,X_LEG_3,16.40,16.18,1.88,1,1565,1646,NW
1189301.844,X_LEG_3,16.40,16.18,1.88,1,1565,1646,NW
1189301.866,X_LEG_3,16.23,16.12,1.96,1,1564,1647,NW
1189301.887,X_LEG_3,16.23,16.12,1.96,1,1564,1647,NW
1189301.907,X_LEG_3,16.23,16.12,1.96,1,1564,1647,NW
1189301.928,X_LEG_3,16.23,16.12,1.96,1,1564,1647,NW
1189301.948,X_LEG_3,16.23,16.12,1.96,1,1564,1647,NW
1189301.971,X_LEG_3,16.23,16.12,1.96,1,1564,1647,NW
1189301.994,X_LEG_3,16.23,16.12,1.96,1,1564,1647,NW
1189302.014,X_LEG_3,16.23,16.12,1.96,1,1564,1647,NW
1189302.036,X_LEG_3,16.23,16.12,1.96,1,1564,1647,NW
1189302.057,X_LEG_3,16.23,16.12,1.96,1,1564,1647,NW
1189302.077,X_LEG_3,15.98,16.02,2.01,1,1564,1648,NW
1189302.101,X_LEG_3,15.98,16.02,2.01,1,1564,1648,NW
1189302.121,X_LEG_3,15.98,16.02,2.01,1,1564,1648,NW
1189302.141,X_LEG_3,15.98,16.02,2.01,1,1564,1648,NW
1189302.162,X_LEG_3,15.98,16.02,2.01,1,1564,1648,NW
1189302.187,X_LEG_3,15.81,15.96,2.07,1,1564,1648,NW
1189302.207,X_LEG_3,15.81,15.96,2.07,1,1564,1648,NW
1189302.228,X_LEG_3,15.81,15.96,2.07,1,1564,1648,NW
1189302.248,X_LEG_3,15.81,15.96,2.07,1,1564,1648,NW
1189302.270,X_LEG_3,15.81,15.96,2.07,1,1564,1648,NW
1189302.291,X_LEG_3,15.64,15.90,2.11,1,1564,1649,NW
1189302.313,X_LEG_3,15.64,15.90,2.11,1,1564,1649,NW
1189302.336,X_LEG_3,15.64,15.90,2.11,1,1564,1649,NW
1189302.356,X_LEG_3,15.64,15.90,2.11,1,1564,1649,NW
1189302.378,X_LEG_3,15.64,15.90,2.11,1,1564,1649,NW
1189302.400,X_LEG_3,15.47,15.84,2.17,1,1563,1649,NW
1189302.421,X_LEG_3,15.47,15.84,2.17,1,1563,1649,NW
1189302.441,X_LEG_3,15.47,15.84,2.17,1,1563,1649,NW
1189302.466,X_LEG_3,15.47,15.84,2.17,1,1563,1649,NW
1189302.486,X_LEG_3,15.47,15.84,2.17,1,1563,1649,NW
1189302.507,X_LEG_3,15.47,15.84,2.17,1,1563,1649,NW
1189302.527,X_LEG_3,15.47,15.84,2.17,1,1563,1649,NW
1189302.549,X_LEG_3,15.47,15.84,2.17,1,1563,1649,NW
1189302.569,X_LEG_3,15.47,15.84,2.17,1,1563,1649,NW
1189302.589,X_LEG_3,15.47,15.84,2.17,1,1563,1649,NW
1189302.610,X_LEG_3,15.29,15.78,2.23,1,1563,1650,NW
1189302.630,X_LEG_3,15.29,15.78,2.23,1,1563,1650,NW
1189302.651,X_LEG_3,15.29,15.78,2.23,1,1563,1650,NW
1189302.671,X_LEG_3,15.29,15.78,2.23,1,1563,1650,NW
1189302.692,X_LEG_3,15.29,15.78,2.23,1,1563,1650,NW
1189302.712,X_LEG_3,15.12,15.72,2.27,1,1563,1650,NW
1189302.733,X_LEG_3,15.12,15.72,2.27,1,1563,1650,NW
1189302.754,X_LEG_3,15.12,15.72,2.27,1,1563,1650,NW
1189302.781,X_LEG_3,15.12,15.72,2.27,1,1563,1650,NW
1189302.802,X_LEG_3,15.12,15.72,2.27,1,1563,1650,NW
1189302.822,X_LEG_3,14.95,15.66,2.33,1,1563,1650,NW
1189302.843,X_LEG_3,14.95,15.66,2.33,1,1563,1650,NW
1189302.863,X_LEG_3,14.95,15.66,2.33,1,1563,1650,NW
1189302.885,X_LEG_3,14.95,15.66,2.33,1,1563,1650,NW
1189302.905,X_LEG_3,14.95,15.66,2.33,1,1563,1650,NW
1189302.926,X_LEG_3,14.95,15.66,2.33,1,1563,1650,NW
1189302.946,X_LEG_3,14.95,15.66,2.33,1,1563,1650,NW
1189302.967,X_LEG_3,14.95,15.66,2.33,1,1563,1650,NW
1189302.989,X_LEG_3,14.95,15.66,2.33,1,1563,1650,NW
1189303.010,X_LEG_3,14.95,15.66,2.33,1,1563,1650,NW
1189303.041,X_LEG_3,14.78,15.60,2.39,1,1562,1650,NW
1189303.062,X_LEG_3,14.78,15.60,2.39,1,1562,1650,NW
1189303.082,X_LEG_3,14.78,15.60,2.39,1,1562,1650,NW
1189303.103,X_LEG_3,14.78,15.60,2.39,1,1562,1650,NW
1189303.123,X_LEG_3,14.78,15.60,2.39,1,1562,1650,NW
1189303.143,X_LEG_3,14.60,15.53,2.43,1,1562,1651,NW
1189303.171,X_LEG_3,14.60,15.53,2.43,1,1562,1651,NW
1189303.189,X_LEG_3,14.60,15.53,2.43,1,1562,1651,NW
1189303.209,X_LEG_3,14.60,15.53,2.43,1,1562,1651,NW
1189303.230,X_LEG_3,14.60,15.53,2.43,1,1562,1651,NW
1189303.250,X_LEG_3,14.43,15.48,2.50,1,1562,1651,NW
1189303.270,X_LEG_3,14.43,15.48,2.50,1,1562,1651,NW
1189303.293,X_LEG_3,14.43,15.48,2.50,1,1562,1651,NW
1189303.313,X_LEG_3,14.43,15.48,2.50,1,1562,1651,NW
1189303.335,X_LEG_3,14.43,15.48,2.50,1,1562,1651,NW
1189303.355,X_LEG_3,14.26,15.42,2.56,1,1562,1652,NW
1189303.379,X_LEG_3,14.26,15.42,2.56,1,1562,1652,NW
1189303.402,X_LEG_3,14.26,15.42,2.56,1,1562,1652,NW
1189303.426,X_LEG_3,14.26,15.42,2.56,1,1562,1652,NW
1189303.456,X_LEG_3,14.26,15.42,2.56,1,1562,1652,NW
1189303.478,X_LEG_3,14.08,15.42,2.56,1,1562,1652,NW
1189303.499,X_LEG_3,14.08,15.42,2.56,1,1562,1652,NW
1189303.519,X_LEG_3,14.08,15.42,2.56,1,1562,1652,NW
1189303.540,X_LEG_3,14.08,15.42,2.56,1,1562,1652,NW
1189303.560,X_LEG_3,14.08,15.42,2.56,1,1562,1652,NW
1189303.587,X_LEG_3,14.08,15.36,2.63,1,1561,1652,NW
1189303.607,X_LEG_3,14.08,15.36,2.63,1,1561,1652,NW
1189303.627,X_LEG_3,14.08,15.36,2.63,1,1561,1652,NW
1189303.658,X_LEG_3,14.08,15.36,2.63,1,1561,1652,NW
1189303.678,X_LEG_3,14.08,15.36,2.63,1,1561,1652,NW
1189303.698,X_LEG_3,13.91,15.30,2.64,1,1561,1653,NW
1189303.719,X_LEG_3,13.91,15.30,2.64,1,1561,1653,NW
1189303.740,X_LEG_3,13.91,15.30,2.64,1,1561,1653,NW
1189303.760,X_LEG_3,13.91,15.30,2.64,1,1561,1653,NW
1189303.783,X_LEG_3,13.91,15.30,2.64,1,1561,1653,NW
1189303.805,X_LEG_3,13.74,15.24,2.71,1,1561,1653,NW
1189303.825,X_LEG_3,13.74,15.24,2.71,1,1561,1653,NW
1189303.846,X_LEG_3,13.74,15.24,2.71,1,1561,1653,NW
1189303.866,X_LEG_3,13.74,15.24,2.71,1,1561,1653,NW
1189303.887,X_LEG_3,13.74,15.24,2.71,1,1561,1653,NW
1189303.909,X_LEG_3,13.56,15.19,1.77,1,1561,1654,NW
1189303.929,X_LEG_3,13.56,15.19,1.77,1,1561,1654,NW
1189303.949,X_LEG_3,13.56,15.19,1.77,1,1561,1654,NW
1189303.971,X_LEG_3,13.56,15.19,1.77,1,1561,1654,NW
1189303.993,X_LEG_3,13.56,15.19,1.77,1,1561,1654,NW
1189304.015,X_LEG_3,13.39,15.13,1.82,1,1561,1654,NW
1189304.036,X_LEG_3,13.39,15.13,1.82,1,1561,1654,NW
1189304.060,X_LEG_3,13.39,15.13,1.82,1,1561,1654,NW
1189304.080,X_LEG_3,13.39,15.13,1.82,1,1561,1654,NW
1189304.102,X_LEG_3,13.39,15.13,1.82,1,1561,1654,NW
1189304.123,X_LEG_3,13.21,15.08,1.88,1,1560,1655,NW
1189304.143,X_LEG_3,13.21,15.08,1.88,1,1560,1655,NW
1189304.164,X_LEG_3,13.21,15.08,1.88,1,1560,1655,NW
1189304.184,X_LEG_3,13.21,15.08,1.88,1,1560,1655,NW
1189304.205,X_LEG_3,13.21,15.08,1.88,1,1560,1655,NW
1189304.229,X_LEG_3,13.04,15.08,1.88,1,1560,1655,NW
1189304.248,X_LEG_3,13.04,15.08,1.88,1,1560,1655,NW
1189304.268,X_LEG_3,13.04,15.08,1.88,1,1560,1655,NW
1189304.290,X_LEG_3,13.04,15.08,1.88,1,1560,1655,NW
1189304.310,X_LEG_3,13.04,15.08,1.88,1,1560,1655,NW
1189304.330,X_LEG_3,13.04,15.02,1.95,1,1560,1655,NW
1189304.351,X_LEG_3,13.04,15.02,1.95,1,1560,1655,NW
1189304.372,X_LEG_3,13.04,15.02,1.95,1,1560,1655,NW
1189304.392,X_LEG_3,13.04,15.02,1.95,1,1560,1655,NW
1189304.418,X_LEG_3,13.04,15.02,1.95,1,1560,1655,NW
1189304.439,X_LEG_3,12.86,14.96,1.97,1,1560,1655,NW
1189304.465,X_LEG_3,12.86,14.96,1.97,1,1560,1655,NW
1189304.486,X_LEG_3,12.86,14.96,1.97,1,1560,1655,NW
1189304.509,X_LEG_3,12.86,14.96,1.97,1,1560,1655,NW
1189304.527,X_LEG_3,12.86,14.96,1.97,1,1560,1655,NW
1189304.547,X_LEG_3,12.86,14.96,1.97,1,1560,1655,NW
1189304.569,X_LEG_3,12.86,14.96,1.97,1,1560,1655,NW
1189304.590,X_LEG_3,12.86,14.96,1.97,1,1560,1655,NW
1189304.610,X_LEG_3,12.86,14.96,1.97,1,1560,1655,NW
1189304.637,X_LEG_3,12.86,14.96,1.97,1,1560,1655,NW
1189304.658,X_LEG_3,12.69,14.90,2.04,1,1560,1655,NW
1189304.680,X_LEG_3,12.69,14.90,2.04,1,1560,1655,NW
1189304.700,X_LEG_3,12.69,14.90,2.04,1,1560,1655,NW
1189304.724,X_LEG_3,12.69,14.90,2.04,1,1560,1655,NW
1189304.751,X_LEG_3,12.69,14.90,2.04,1,1560,1655,NW
1189304.785,X_LEG_3,12.51,14.85,2.08,1,1559,1656,NW
1189304.809,X_LEG_3,12.51,14.85,2.08,1,1559,1656,NW
1189304.843,X_LEG_3,12.51,14.85,2.08,1,1559,1656,NW
1189304.870,X_LEG_3,12.51,14.85,2.08,1,1559,1656,NW
1189304.890,X_LEG_3,12.51,14.85,2.08,1,1559,1656,NW
1189304.914,X_LEG_3,12.51,14.85,2.08,1,1559,1656,NW
1189304.935,X_LEG_3,12.51,14.85,2.08,1,1559,1656,NW
1189304.957,X_LEG_3,12.51,14.85,2.08,1,1559,1656,NW
1189304.978,X_LEG_3,12.51,14.85,2.08,1,1559,1656,NW
1189304.998,X_LEG_3,12.34,14.79,2.15,1,1559,1656,NW
1189305.024,X_LEG_3,12.34,14.79,2.15,1,1559,1656,NW
1189305.045,X_LEG_3,12.34,14.79,2.15,1,1559,1656,NW
1189305.069,X_LEG_3,12.34,14.79,2.15,1,1559,1656,NW
1189305.093,X_LEG_3,12.34,14.79,2.15,1,1559,1656,NW
1189305.113,X_LEG_3,12.16,14.74,2.20,1,1559,1657,NW
1189305.134,X_LEG_3,12.16,14.74,2.20,1,1559,1657,NW
1189305.155,X_LEG_3,12.16,14.74,2.20,1,1559,1657,NW
1189305.175,X_LEG_3,12.16,14.74,2.20,1,1559,1657,NW
1189305.195,X_LEG_3,12.16,14.74,2.20,1,1559,1657,NW
1189305.216,X_LEG_3,11.99,14.68,2.27,1,1559,1658,NW
1189305.236,X_LEG_3,11.99,14.68,2.27,1,1559,1658,NW
1189305.257,X_LEG_3,11.99,14.68,2.27,1,1559,1658,NW
1189305.278,X_LEG_3,11.99,14.68,2.27,1,1559,1658,NW
1189305.299,X_LEG_3,11.99,14.68,2.27,1,1559,1658,NW
1189305.319,X_LEG_3,11.99,14.68,2.27,1,1559,1658,NW
1189305.340,X_LEG_3,11.99,14.68,2.27,1,1559,1658,NW
1189305.360,X_LEG_3,11.99,14.68,2.27,1,1559,1658,NW
1189305.383,X_LEG_3,11.99,14.68,2.27,1,1559,1658,NW
1189305.403,X_LEG_3,11.99,14.68,2.27,1,1559,1658,NW
1189305.424,X_LEG_3,11.81,14.63,2.31,1,1559,1658,NW
1189305.447,X_LEG_3,11.81,14.63,2.31,1,1559,1658,NW
1189305.468,X_LEG_3,11.81,14.63,2.31,1,1559,1658,NW
1189305.490,X_LEG_3,11.81,14.63,2.31,1,1559,1658,NW
1189305.512,X_LEG_3,11.81,14.63,2.31,1,1559,1658,NW
1189305.533,X_LEG_3,11.63,14.58,2.36,1,1558,1659,NW
1189305.554,X_LEG_3,11.63,14.58,2.36,1,1558,1659,NW
1189305.575,X_LEG_3,11.63,14.58,2.36,1,1558,1659,NW
1189305.595,X_LEG_3,11.63,14.58,2.36,1,1558,1659,NW
1189305.615,X_LEG_3,11.63,14.58,2.36,1,1558,1659,NW
1189305.636,X_LEG_3,11.46,14.52,2.43,1,1558,1659,NW
1189305.657,X_LEG_3,11.46,14.52,2.43,1,1558,1659,NW
1189305.680,X_LEG_3,11.46,14.52,2.43,1,1558,1659,NW
1189305.698,X_LEG_3,11.46,14.52,2.43,1,1558,1659,NW
1189305.720,X_LEG_3,11.46,14.52,2.43,1,1558,1659,NW
1189305.740,X_LEG_3,11.28,14.47,2.48,1,1558,1660,NW
1189305.761,X_LEG_3,11.28,14.47,2.48,1,1558,1660,NW
1189305.781,X_LEG_3,11.28,14.47,2.48,1,1558,1660,NW
1189305.802,X_LEG_3,11.28,14.47,2.48,1,1558,1660,NW
1189305.825,X_LEG_3,11.28,14.47,2.48,1,1558,1660,NW
1189305.846,X_LEG_3,11.11,14.42,2.52,1,1558,1660,NW
1189305.868,X_LEG_3,11.11,14.42,2.52,1,1558,1660,NW
1189305.893,X_LEG_3,11.11,14.42,2.52,1,1558,1660,NW
1189305.914,X_LEG_3,11.11,14.42,2.52,1,1558,1660,NW
1189305.934,X_LEG_3,11.11,14.42,2.52,1,1558,1660,NW
1189305.958,X_LEG_3,11.11,14.42,2.52,1,1558,1660,NW
1189305.981,X_LEG_3,11.11,14.42,2.52,1,1558,1660,NW
1189306.001,X_LEG_3,11.11,14.42,2.52,1,1558,1660,NW
1189306.026,X_LEG_3,11.11,14.42,2.52,1,1558,1660,NW
1189306.045,X_LEG_3,11.11,14.42,2.52,1,1558,1660,NW
1189306.066,X_LEG_3,10.93,14.36,2.57,1,1557,1661,NW
1189306.087,X_LEG_3,10.93,14.36,2.57,1,1557,1661,NW
1189306.109,X_LEG_3,10.93,14.36,2.57,1,1557,1661,NW
1189306.130,X_LEG_3,10.93,14.36,2.57,1,1557,1661,NW
1189306.151,X_LEG_3,10.93,14.36,2.57,1,1557,1661,NW
1189306.171,X_LEG_3,10.76,14.32,2.67,1,1557,1661,NW
1189306.192,X_LEG_3,10.76,14.32,2.67,1,1557,1661,NW
1189306.212,X_LEG_3,10.76,14.32,2.67,1,1557,1661,NW
1189306.233,X_LEG_3,10.76,14.32,2.67,1,1557,1661,NW
1189306.254,X_LEG_3,10.76,14.32,2.67,1,1557,1661,NW
1189306.274,X_LEG_3,10.58,14.26,2.72,1,1557,1662,NW
1189306.298,X_LEG_3,10.58,14.26,2.72,1,1557,1662,NW
1189306.318,X_LEG_3,10.58,14.26,2.72,1,1557,1662,NW
1189306.338,X_LEG_3,10.58,14.26,2.72,1,1557,1662,NW
1189306.360,X_LEG_3,10.58,14.26,2.72,1,1557,1662,NW
1189306.380,X_LEG_3,10.40,14.21,2.77,1,1557,1662,NW
1189306.401,X_LEG_3,10.40,14.21,2.77,1,1557,1662,NW
1189306.422,X_LEG_3,10.40,14.21,2.77,1,1557,1662,NW
1189306.442,X_LEG_3,10.40,14.21,2.77,1,1557,1662,NW
1189306.462,X_LEG_3,10.40,14.21,2.77,1,1557,1662,NW
1189306.487,X_LEG_3,10.40,14.21,2.77,1,1557,1662,NW
1189306.506,X_LEG_3,10.40,14.21,2.77,1,1557,1662,NW
1189306.526,X_LEG_3,10.40,14.21,2.77,1,1557,1662,NW
1189306.546,X_LEG_3,10.40,14.21,2.77,1,1557,1662,NW
1189306.567,X_LEG_3,10.40,14.21,2.77,1,1557,1662,NW
1189306.589,X_LEG_3,10.23,14.16,2.82,1,1557,1663,NW
1189306.610,X_LEG_3,10.23,14.16,2.82,1,1557,1663,NW
1189306.630,X_LEG_3,10.23,14.16,2.82,1,1557,1663,NW
1189306.651,X_LEG_3,10.23,14.16,2.82,1,1557,1663,NW
1189306.673,X_LEG_3,10.23,14.16,2.82,1,1557,1663,NW
1189306.694,X_LEG_3,10.05,14.11,2.87,1,1556,1663,NW
1189306.714,X_LEG_3,10.05,14.11,2.87,1,1556,1663,NW
1189306.735,X_LEG_3,10.05,14.11,2.87,1,1556,1663,NW
1189306.755,X_LEG_3,10.05,14.11,2.87,1,1556,1663,NW
1189306.776,X_LEG_3,10.05,14.11,2.87,1,1556,1663,NW
1189306.796,X_LEG_3,9.88,14.06,2.92,1,1556,1664,NW
1189306.817,X_LEG_3,9.88,14.06,2.92,1,1556,1664,NW
1189306.837,TO_CENTER,9.88,28.62,172.91,0,1500,1656,CENTER
1189306.858,TO_CENTER,9.88,28.62,172.91,0,1500,1656,CENTER
1189306.879,TO_CENTER,9.88,28.62,172.91,0,1500,1656,CENTER
1189306.899,TO_CENTER,9.61,28.70,172.89,0,1500,1657,CENTER
1189306.919,TO_CENTER,9.61,28.70,172.89,0,1500,1657,CENTER
1189306.939,TO_CENTER,9.61,28.70,172.89,0,1500,1657,CENTER
1189306.964,TO_CENTER,9.61,28.70,172.89,0,1500,1657,CENTER
1189306.985,TO_CENTER,9.61,28.70,172.89,0,1500,1657,CENTER
1189307.006,TO_CENTER,9.44,28.74,172.89,0,1500,1657,CENTER
1189307.026,TO_CENTER,9.44,28.74,172.89,0,1500,1657,CENTER
1189307.046,TO_CENTER,9.44,28.74,172.89,0,1500,1657,CENTER
1189307.067,TO_CENTER,9.44,28.74,172.89,0,1500,1657,CENTER
1189307.088,TO_CENTER,9.44,28.74,172.89,0,1500,1657,CENTER
1189307.108,TO_CENTER,9.44,28.74,172.89,0,1500,1657,CENTER
1189307.130,TO_CENTER,9.44,28.74,172.89,0,1500,1657,CENTER
1189307.151,TO_CENTER,9.44,28.74,172.89,0,1500,1657,CENTER
1189307.171,TO_CENTER,9.44,28.74,172.89,0,1500,1657,CENTER
1189307.194,TO_CENTER,9.44,28.74,172.89,0,1500,1657,CENTER
1189307.215,TO_CENTER,9.18,28.82,172.87,0,1500,1658,CENTER
1189307.236,TO_CENTER,9.18,28.82,172.87,0,1500,1658,CENTER
1189307.258,TO_CENTER,9.18,28.82,172.87,0,1500,1658,CENTER
1189307.278,TO_CENTER,9.18,28.82,172.87,0,1500,1658,CENTER
1189307.299,TO_CENTER,9.18,28.82,172.87,0,1500,1658,CENTER
1189307.320,TO_CENTER,8.92,28.90,172.86,0,1500,1659,CENTER
1189307.341,TO_CENTER,8.92,28.90,172.86,0,1500,1659,CENTER
1189307.363,TO_CENTER,8.92,28.90,172.86,0,1500,1659,CENTER
1189307.384,TO_CENTER,8.92,28.90,172.86,0,1500,1659,CENTER
1189307.404,TO_CENTER,8.92,28.90,172.86,0,1500,1659,CENTER
1189307.425,TO_CENTER,8.75,28.95,172.85,0,1500,1659,CENTER
1189307.447,TO_CENTER,8.75,28.95,172.85,0,1500,1659,CENTER
1189307.467,TO_CENTER,8.75,28.95,172.85,0,1500,1659,CENTER
1189307.488,TO_CENTER,8.75,28.95,172.85,0,1500,1659,CENTER
1189307.508,TO_CENTER,8.75,28.95,172.85,0,1500,1659,CENTER
1189307.529,TO_CENTER,8.75,28.95,172.85,0,1500,1659,CENTER
1189307.549,TO_CENTER,8.75,28.95,172.85,0,1500,1659,CENTER
1189307.570,TO_CENTER,8.75,28.95,172.85,0,1500,1659,CENTER
1189307.592,TO_CENTER,8.75,28.95,172.85,0,1500,1659,CENTER
1189307.613,TO_CENTER,8.75,28.95,172.85,0,1500,1659,CENTER
1189307.633,TO_CENTER,8.50,29.02,172.84,0,1500,1660,CENTER
1189307.653,TO_CENTER,8.50,29.02,172.84,0,1500,1660,CENTER
1189307.675,TO_CENTER,8.50,29.02,172.84,0,1500,1660,CENTER
1189307.697,TO_CENTER,8.50,29.02,172.84,0,1500,1660,CENTER
1189307.716,TO_CENTER,8.50,29.02,172.84,0,1500,1660,CENTER
1189307.737,TO_CENTER,8.25,29.10,172.82,0,1500,1661,CENTER
1189307.757,TO_CENTER,8.25,29.10,172.82,0,1500,1661,CENTER
1189307.778,TO_CENTER,8.25,29.10,172.82,0,1500,1661,CENTER
1189307.798,TO_CENTER,8.25,29.10,172.82,0,1500,1661,CENTER
1189307.819,TO_CENTER,8.25,29.10,172.82,0,1500,1661,CENTER
1189307.840,TO_CENTER,8.08,29.14,172.81,0,1500,1661,CENTER
1189307.860,TO_CENTER,8.08,29.14,172.81,0,1500,1661,CENTER
1189307.881,TO_CENTER,8.08,29.14,172.81,0,1500,1661,CENTER
1189307.902,TO_CENTER,8.08,29.14,172.81,0,1500,1661,CENTER
1189307.923,TO_CENTER,8.08,29.14,172.81,0,1500,1661,CENTER
1189307.945,TO_CENTER,7.92,29.19,132.80,0,1500,1662,CENTER
1189307.965,TO_CENTER,7.92,29.19,132.80,0,1500,1662,CENTER
1189307.987,TO_CENTER,7.92,29.19,132.80,0,1500,1662,CENTER
1189308.008,TO_CENTER,7.92,29.19,132.80,0,1500,1662,CENTER
1189308.028,TO_CENTER,7.92,29.19,132.80,0,1500,1662,CENTER
1189308.052,TO_CENTER,7.68,29.27,132.79,0,1500,1662,CENTER
1189308.070,TO_CENTER,7.68,29.27,132.79,0,1500,1662,CENTER
1189308.091,TO_CENTER,7.68,29.27,132.79,0,1500,1662,CENTER
1189308.111,TO_CENTER,7.68,29.27,132.79,0,1500,1662,CENTER
1189308.132,TO_CENTER,7.68,29.27,132.79,0,1500,1662,CENTER
1189308.152,TO_CENTER,7.68,29.27,132.79,0,1500,1662,CENTER
1189308.173,TO_CENTER,7.68,29.27,132.79,0,1500,1662,CENTER
1189308.194,TO_CENTER,7.68,29.27,132.79,0,1500,1662,CENTER
1189308.214,TO_CENTER,7.68,29.27,132.79,0,1500,1662,CENTER
1189308.235,TO_CENTER,7.68,29.27,132.79,0,1500,1662,CENTER
1189308.255,TO_CENTER,7.51,29.31,132.77,0,1500,1663,CENTER
1189308.275,TO_CENTER,7.51,29.31,132.77,0,1500,1663,CENTER
1189308.296,TO_CENTER,7.51,29.31,132.77,0,1500,1663,CENTER
1189308.316,TO_CENTER,7.51,29.31,132.77,0,1500,1663,CENTER
1189308.337,TO_CENTER,7.51,29.31,132.77,0,1500,1663,CENTER
1189308.358,TO_CENTER,7.35,29.31,132.77,0,1500,1663,CENTER
1189308.378,TO_CENTER,7.35,29.31,132.77,0,1500,1663,CENTER
1189308.399,TO_CENTER,7.35,29.31,132.77,0,1500,1663,CENTER
1189308.420,TO_CENTER,7.35,29.31,132.77,0,1500,1663,CENTER
1189308.442,TO_CENTER,7.35,29.31,132.77,0,1500,1663,CENTER
1189308.462,TO_CENTER,7.19,29.41,132.75,0,1500,1664,CENTER
1189308.483,TO_CENTER,7.19,29.41,132.75,0,1500,1664,CENTER
1189308.504,TO_CENTER,7.19,29.41,132.75,0,1500,1664,CENTER
1189308.525,TO_CENTER,7.19,29.41,132.75,0,1500,1664,CENTER
1189308.545,TO_CENTER,7.19,29.41,132.75,0,1500,1664,CENTER
1189308.566,TO_CENTER,7.03,29.45,132.73,0,1500,1664,CENTER
1189308.586,TO_CENTER,7.03,29.45,132.73,0,1500,1664,CENTER
1189308.609,TO_CENTER,7.03,29.45,132.73,0,1500,1664,CENTER
1189308.630,TO_CENTER,7.03,29.45,132.73,0,1500,1664,CENTER
1189308.651,TO_CENTER,7.03,29.45,132.73,0,1500,1664,CENTER
1189308.672,TO_CENTER,7.03,29.45,132.73,0,1500,1664,CENTER
1189308.692,TO_CENTER,7.03,29.45,132.73,0,1500,1664,CENTER
1189308.712,TO_CENTER,7.03,29.45,132.73,0,1500,1664,CENTER
1189308.737,TO_CENTER,7.03,29.45,132.73,0,1500,1664,CENTER
1189308.756,TO_CENTER,7.03,29.45,132.73,0,1500,1664,CENTER
1189308.776,TO_CENTER,6.87,29.50,132.73,0,1500,1665,CENTER
1189308.797,TO_CENTER,6.87,29.50,132.73,0,1500,1665,CENTER
1189308.818,TO_CENTER,6.87,29.50,132.73,0,1500,1665,CENTER
1189308.838,TO_CENTER,6.87,29.50,132.73,0,1500,1665,CENTER
1189308.861,TO_CENTER,6.87,29.50,132.73,0,1500,1665,CENTER
1189308.882,TO_CENTER,6.72,29.55,105.71,0,1500,1665,CENTER
1189308.902,TO_CENTER,6.72,29.55,105.71,0,1500,1665,CENTER
1189308.923,TO_CENTER,6.72,29.55,105.71,0,1500,1665,CENTER
1189308.943,TO_CENTER,6.72,29.55,105.71,0,1500,1665,CENTER
1189308.964,TO_CENTER,6.72,29.55,105.71,0,1500,1665,CENTER
1189308.984,TO_CENTER,6.56,29.59,105.72,0,1500,1666,CENTER
1189309.006,TO_CENTER,6.56,29.59,105.72,0,1500,1666,CENTER
1189309.026,TO_CENTER,6.56,29.59,105.72,0,1500,1666,CENTER
1189309.046,TO_CENTER,6.56,29.59,105.72,0,1500,1666,CENTER
1189309.066,TO_CENTER,6.56,29.59,105.72,0,1500,1666,CENTER
1189309.086,TO_CENTER,6.56,29.59,105.72,0,1500,1666,CENTER
1189309.107,TO_CENTER,6.56,29.59,105.72,0,1500,1666,CENTER
1189309.128,TO_CENTER,6.56,29.59,105.72,0,1500,1666,CENTER
1189309.148,TO_CENTER,6.56,29.59,105.72,0,1500,1666,CENTER
1189309.169,TO_CENTER,6.56,29.59,105.72,0,1500,1666,CENTER
1189309.189,TO_CENTER,6.32,29.66,105.69,0,1500,1667,CENTER
1189309.209,TO_CENTER,6.32,29.66,105.69,0,1500,1667,CENTER
1189309.229,TO_CENTER,6.32,29.66,105.69,0,1500,1667,CENTER
1189309.250,TO_CENTER,6.32,29.66,105.69,0,1500,1667,CENTER
1189309.270,TO_CENTER,6.32,29.66,105.69,0,1500,1667,CENTER
1189309.291,TO_CENTER,6.17,29.71,105.70,0,1500,1667,CENTER
1189309.311,TO_CENTER,6.17,29.71,105.70,0,1500,1667,CENTER
1189309.333,TO_CENTER,6.17,29.71,105.70,0,1500,1667,CENTER
1189309.353,TO_CENTER,6.17,29.71,105.70,0,1500,1667,CENTER
1189309.375,TO_CENTER,6.17,29.71,105.70,0,1500,1667,CENTER
1189309.395,TO_CENTER,5.93,29.77,105.67,0,1500,1668,CENTER
1189309.416,TO_CENTER,5.93,29.77,105.67,0,1500,1668,CENTER
1189309.438,TO_CENTER,5.93,29.77,105.67,0,1500,1668,CENTER
1189309.458,TO_CENTER,5.93,29.77,105.67,0,1500,1668,CENTER
1189309.479,TO_CENTER,5.93,29.77,105.67,0,1500,1668,CENTER
1189309.502,TO_CENTER,5.70,29.84,105.66,0,1500,1668,CENTER
1189309.522,TO_CENTER,5.70,29.84,105.66,0,1500,1668,CENTER
1189309.544,TO_CENTER,5.70,29.84,105.66,0,1500,1668,CENTER
1189309.565,TO_CENTER,5.70,29.84,105.66,0,1500,1668,CENTER
1189309.585,TO_CENTER,5.70,29.84,105.66,0,1500,1668,CENTER
1189309.607,TO_CENTER,5.70,29.84,78.66,0,1500,1668,CENTER
1189309.627,TO_CENTER,5.70,29.84,78.66,0,1500,1668,CENTER
1189309.648,TO_CENTER,5.70,29.84,78.66,0,1500,1668,CENTER
1189309.668,TO_CENTER,5.70,29.84,78.66,0,1500,1668,CENTER
1189309.689,TO_CENTER,5.70,29.84,78.66,0,1500,1668,CENTER
1189309.710,TO_CENTER,5.47,29.90,78.64,0,1500,1669,CENTER
1189309.732,TO_CENTER,5.47,29.90,78.64,0,1500,1669,CENTER
1189309.752,TO_CENTER,5.47,29.90,78.64,0,1500,1669,CENTER
1189309.772,TO_CENTER,5.47,29.90,78.64,0,1500,1669,CENTER
1189309.793,TO_CENTER,5.47,29.90,78.64,0,1500,1669,CENTER
1189309.813,TO_CENTER,5.24,29.98,78.63,0,1500,1670,CENTER
1189309.833,TO_CENTER,5.24,29.98,78.63,0,1500,1670,CENTER
1189309.853,TO_CENTER,5.24,29.98,78.63,0,1500,1670,CENTER
1189309.874,TO_CENTER,5.24,29.98,78.63,0,1500,1670,CENTER
1189309.894,TO_CENTER,5.24,29.98,78.63,0,1500,1670,CENTER
1189309.915,TO_CENTER,5.01,30.04,78.61,0,1500,1670,CENTER
1189309.935,TO_CENTER,5.01,30.04,78.61,0,1500,1670,CENTER
1189309.955,TO_CENTER,5.01,30.04,78.61,0,1500,1670,CENTER
1189309.976,TO_CENTER,5.01,30.04,78.61,0,1500,1670,CENTER
1189309.997,TO_CENTER,5.01,30.04,78.61,0,1500,1670,CENTER
1189310.017,TO_CENTER,5.01,30.04,78.61,0,1500,1670,CENTER
1189310.037,TO_CENTER,5.01,30.04,78.61,0,1500,1670,CENTER
1189310.058,TO_CENTER,5.01,30.04,78.61,0,1500,1670,CENTER
1189310.079,TO_CENTER,5.01,30.04,78.61,0,1500,1670,CENTER
1189310.099,TO_CENTER,5.01,30.04,78.61,0,1500,1670,CENTER
1189310.120,TO_CENTER,4.78,30.10,78.60,0,1500,1671,CENTER
1189310.140,TO_CENTER,4.78,30.10,78.60,0,1500,1671,CENTER
1189310.161,TO_CENTER,4.78,30.10,78.60,0,1500,1671,CENTER
1189310.181,TO_CENTER,4.78,30.10,78.60,0,1500,1671,CENTER
1189310.201,TO_CENTER,4.78,30.10,78.60,0,1500,1671,CENTER
1189310.222,TO_CENTER,4.55,30.16,49.60,0,1500,1672,CENTER
1189310.244,TO_CENTER,4.55,30.16,49.60,0,1500,1672,CENTER
1189310.264,TO_CENTER,4.55,30.16,49.60,0,1500,1672,CENTER
1189310.285,TO_CENTER,4.55,30.16,49.60,0,1500,1672,CENTER
1189310.307,TO_CENTER,4.55,30.16,49.60,0,1500,1672,CENTER
1189310.327,TO_CENTER,4.32,30.22,49.58,0,1500,1673,CENTER
1189310.348,TO_CENTER,4.32,30.22,49.58,0,1500,1673,CENTER
1189310.369,TO_CENTER,4.32,30.22,49.58,0,1500,1673,CENTER
1189310.389,TO_CENTER,4.32,30.22,49.58,0,1500,1673,CENTER
1189310.410,TO_CENTER,4.32,30.22,49.58,0,1500,1673,CENTER
1189310.430,TO_CENTER,4.17,30.26,49.57,0,1500,1673,CENTER
1189310.452,TO_CENTER,4.17,30.26,49.57,0,1500,1673,CENTER
1189310.472,TO_CENTER,4.17,30.26,49.57,0,1500,1673,CENTER
1189310.492,TO_CENTER,4.17,30.26,49.57,0,1500,1673,CENTER
1189310.513,TO_CENTER,4.17,30.26,49.57,0,1500,1673,CENTER
1189310.533,TO_CENTER,4.17,30.26,49.57,0,1500,1673,CENTER
1189310.554,TO_CENTER,4.17,30.26,49.57,0,1500,1673,CENTER
1189310.574,TO_CENTER,4.17,30.26,49.57,0,1500,1673,CENTER
1189310.595,TO_CENTER,4.17,30.26,49.57,0,1500,1673,CENTER
1189310.617,TO_CENTER,4.17,30.26,49.57,0,1500,1673,CENTER
1189310.638,TO_CENTER,3.94,30.33,49.57,0,1500,1674,CENTER
1189310.659,TO_CENTER,3.94,30.33,49.57,0,1500,1674,CENTER
1189310.680,TO_CENTER,3.94,30.33,49.57,0,1500,1674,CENTER
1189310.700,TO_CENTER,3.94,30.33,49.57,0,1500,1674,CENTER
1189310.721,TO_CENTER,3.94,30.33,49.57,0,1500,1674,CENTER
1189310.741,TO_CENTER,3.79,30.37,49.56,0,1500,1674,CENTER
1189310.762,TO_CENTER,3.79,30.37,49.56,0,1500,1674,CENTER
1189310.782,TO_CENTER,3.79,30.37,49.56,0,1500,1674,CENTER
1189310.805,TO_CENTER,3.79,30.37,49.56,0,1500,1674,CENTER
1189310.826,TO_CENTER,3.79,30.37,49.56,0,1500,1674,CENTER
1189310.847,TO_CENTER,3.64,30.41,49.55,0,1500,1675,CENTER
1189310.867,TO_CENTER,3.64,30.41,49.55,0,1500,1675,CENTER
1189310.888,TO_CENTER,3.64,30.41,49.55,0,1500,1675,CENTER
1189310.909,TO_CENTER,3.64,30.41,49.55,0,1500,1675,CENTER
1189310.933,TO_CENTER,3.64,30.41,49.55,0,1500,1675,CENTER
1189310.954,TO_CENTER,3.64,30.41,49.55,0,1500,1675,CENTER
1189310.976,TO_CENTER,3.64,30.41,49.55,0,1500,1675,CENTER
1189310.996,TO_CENTER,3.64,30.41,49.55,0,1500,1675,CENTER
1189311.017,TO_CENTER,3.64,30.41,49.55,0,1500,1675,CENTER
1189311.037,TO_CENTER,3.64,30.41,49.55,0,1500,1675,CENTER
1189311.058,TO_CENTER,3.42,30.47,23.54,1,1622,1693,CENTER
1189311.078,TO_CENTER,3.42,30.47,23.54,1,1622,1693,CENTER
1189311.099,TO_CENTER,3.42,30.47,23.54,1,1622,1693,CENTER
1189311.119,TO_CENTER,3.42,30.47,23.54,1,1622,1693,CENTER
1189311.140,TO_CENTER,3.42,30.47,23.54,1,1622,1693,CENTER
1189311.160,TO_CENTER,3.27,30.52,23.54,1,1622,1694,CENTER
1189311.181,TO_CENTER,3.27,30.52,23.54,1,1622,1694,CENTER
1189311.201,TO_CENTER,3.27,30.52,23.54,1,1622,1694,CENTER
1189311.222,TO_CENTER,3.27,30.52,23.54,1,1622,1694,CENTER
1189311.243,TO_CENTER,3.27,30.52,23.54,1,1622,1694,CENTER
1189311.263,TO_CENTER,3.12,30.55,23.54,1,1622,1694,CENTER
1189311.284,TO_CENTER,3.12,30.55,23.54,1,1622,1694,CENTER
1189311.304,TO_CENTER,3.12,30.55,23.54,1,1622,1694,CENTER
1189311.325,TO_CENTER,3.12,30.55,23.54,1,1622,1694,CENTER
1189311.347,TO_CENTER,3.12,30.55,23.54,1,1622,1694,CENTER
1189311.366,TO_CENTER,2.98,30.59,23.53,1,1622,1695,CENTER
1189311.386,TO_CENTER,2.98,30.59,23.53,1,1622,1695,CENTER
1189311.407,TO_CENTER,2.98,30.59,23.53,1,1622,1695,CENTER
1189311.427,TO_CENTER,2.98,30.59,23.53,1,1622,1695,CENTER
1189311.447,TO_CENTER,2.98,30.59,23.53,1,1622,1695,CENTER
1189311.468,TO_CENTER,2.98,30.59,23.53,1,1622,1695,CENTER
1189311.488,TO_CENTER,2.98,30.59,23.53,1,1622,1695,CENTER
1189311.509,TO_CENTER,2.98,30.59,23.53,1,1622,1695,CENTER
1189311.530,TO_CENTER,2.98,30.59,23.53,1,1622,1695,CENTER
1189311.550,TO_CENTER,2.98,30.59,23.53,1,1622,1695,CENTER
1189311.571,TO_CENTER,2.83,30.63,9.52,1,1623,1695,CENTER
1189311.593,TO_CENTER,2.83,30.63,9.52,1,1623,1695,CENTER
1189311.613,TO_CENTER,2.83,30.63,9.52,1,1623,1695,CENTER
1189311.634,TO_CENTER,2.83,30.63,9.52,1,1623,1695,CENTER
1189311.654,TO_CENTER,2.83,30.63,9.52,1,1623,1695,CENTER
1189311.675,TO_CENTER,2.69,30.66,9.52,1,1623,1695,CENTER
1189311.695,TO_CENTER,2.69,30.66,9.52,1,1623,1695,CENTER
1189311.716,TO_CENTER,2.69,30.66,9.52,1,1623,1695,CENTER
1189311.737,TO_CENTER,2.69,30.66,9.52,1,1623,1695,CENTER
1189311.757,TO_CENTER,2.69,30.66,9.52,1,1623,1695,CENTER
1189311.778,TO_CENTER,2.55,30.70,9.51,1,1623,1696,CENTER
1189311.799,TO_CENTER,2.55,30.70,9.51,1,1623,1696,CENTER
1189311.819,TO_CENTER,2.55,30.70,9.51,1,1623,1696,CENTER
1189311.840,TO_CENTER,2.55,30.70,9.51,1,1623,1696,CENTER
1189311.861,TO_CENTER,2.55,30.70,9.51,1,1623,1696,CENTER
1189311.881,TO_CENTER,2.55,30.70,9.51,1,1623,1696,CENTER
1189311.902,TO_CENTER,2.55,30.70,9.51,1,1623,1696,CENTER
1189311.922,TO_CENTER,2.55,30.70,9.51,1,1623,1696,CENTER
1189311.942,TO_CENTER,2.55,30.70,9.51,1,1623,1696,CENTER
1189311.964,TO_CENTER,2.55,30.70,9.51,1,1623,1696,CENTER
1189311.984,TO_CENTER,2.35,30.76,9.51,1,1623,1696,CENTER
1189312.004,TO_CENTER,2.35,30.76,9.51,1,1623,1696,CENTER
1189312.026,TO_CENTER,2.35,30.76,9.51,1,1623,1696,CENTER
1189312.046,TO_CENTER,2.35,30.76,9.51,1,1623,1696,CENTER
1189312.067,TO_CENTER,2.35,30.76,9.51,1,1623,1696,CENTER
1189312.087,TO_CENTER,2.14,30.81,9.50,1,1623,1697,CENTER
1189312.108,TO_CENTER,2.14,30.81,9.50,1,1623,1697,CENTER
1189312.128,TO_CENTER,2.14,30.81,9.50,1,1623,1697,CENTER
1189312.149,TO_CENTER,2.14,30.81,9.50,1,1623,1697,CENTER
1189312.169,TO_CENTER,2.14,30.81,9.50,1,1623,1697,CENTER
1189312.190,TO_CENTER,1.94,30.86,12.51,1,1623,1698,CENTER
1189312.210,TO_CENTER,1.94,30.86,12.51,1,1623,1698,CENTER
1189312.231,TO_CENTER,1.94,30.86,12.51,1,1623,1698,CENTER
1189312.252,TO_CENTER,1.94,30.86,12.51,1,1623,1698,CENTER
1189312.273,TO_CENTER,1.94,30.86,12.51,1,1623,1698,CENTER
1189312.293,TO_CENTER,1.94,30.86,12.51,1,1623,1698,CENTER
1189312.314,TO_CENTER,1.94,30.86,12.51,1,1623,1698,CENTER
1189312.334,TO_CENTER,1.94,30.86,12.51,1,1623,1698,CENTER
1189312.354,TO_CENTER,1.94,30.86,12.51,1,1623,1698,CENTER
1189312.375,TO_CENTER,1.94,30.86,12.51,1,1623,1698,CENTER
1189312.395,TO_CENTER,1.74,30.90,12.49,1,1624,1698,CENTER
1189312.416,TO_CENTER,1.74,30.90,12.49,1,1624,1698,CENTER
1189312.436,TO_CENTER,1.74,30.90,12.49,1,1624,1698,CENTER
1189312.456,TO_CENTER,1.74,30.90,12.49,1,1624,1698,CENTER
1189312.478,TO_CENTER,1.74,30.90,12.49,1,1624,1698,CENTER
1189312.497,TO_CENTER,1.54,30.95,12.49,1,1624,1699,CENTER
1189312.518,TO_CENTER,1.54,30.95,12.49,1,1624,1699,CENTER
1189312.540,TO_CENTER,1.54,30.95,12.49,1,1624,1699,CENTER
1189312.560,TO_CENTER,1.54,30.95,12.49,1,1624,1699,CENTER
1189312.580,TO_CENTER,1.54,30.95,12.49,1,1624,1699,CENTER
1189312.602,TO_CENTER,1.35,30.99,12.48,1,1624,1699,CENTER
1189312.623,TO_CENTER,1.35,30.99,12.48,1,1624,1699,CENTER
1189312.644,TO_CENTER,1.35,30.99,12.48,1,1624,1699,CENTER
1189312.664,TO_CENTER,1.35,30.99,12.48,1,1624,1699,CENTER
1189312.685,TO_CENTER,1.35,30.99,12.48,1,1624,1699,CENTER
1189312.707,TO_CENTER,1.35,30.99,12.48,1,1624,1699,CENTER
1189312.727,TO_CENTER,1.35,30.99,12.48,1,1624,1699,CENTER
1189312.748,TO_CENTER,1.35,30.99,12.48,1,1624,1699,CENTER
1189312.768,TO_CENTER,1.35,30.99,12.48,1,1624,1699,CENTER
1189312.788,TO_CENTER,1.35,30.99,12.48,1,1624,1699,CENTER
1189312.809,TO_CENTER,1.15,31.03,6.50,1,1624,1700,CENTER
1189312.830,TO_CENTER,1.15,31.03,6.50,1,1624,1700,CENTER
1189312.854,TO_CENTER,1.15,31.03,6.50,1,1624,1700,CENTER
1189312.874,TO_CENTER,1.15,31.03,6.50,1,1624,1700,CENTER
1189312.895,TO_CENTER,1.15,31.03,6.50,1,1624,1700,CENTER
1189312.916,TO_CENTER,0.96,31.07,6.49,1,1624,1701,CENTER
1189312.936,TO_CENTER,0.96,31.07,6.49,1,1624,1701,CENTER
1189312.957,TO_CENTER,0.96,31.07,6.49,1,1624,1701,CENTER
1189312.977,TO_CENTER,0.96,31.07,6.49,1,1624,1701,CENTER
1189312.998,TO_CENTER,0.96,31.07,6.49,1,1624,1701,CENTER
1189313.019,TO_CENTER,0.84,31.09,6.48,1,1624,1701,CENTER
1189313.039,TO_CENTER,0.84,31.09,6.48,1,1624,1701,CENTER
1189313.060,TO_CENTER,0.84,31.09,6.48,1,1624,1701,CENTER
1189313.080,TO_CENTER,0.84,31.09,6.48,1,1624,1701,CENTER
1189313.100,TO_CENTER,0.84,31.09,6.48,1,1624,1701,CENTER
1189313.122,TO_CENTER,0.71,31.11,6.48,1,1624,1701,CENTER
1189313.142,TO_CENTER,0.71,31.11,6.48,1,1624,1701,CENTER
1189313.163,TO_CENTER,0.71,31.11,6.48,1,1624,1701,CENTER
1189313.183,TO_CENTER,0.71,31.11,6.48,1,1624,1701,CENTER
1189313.204,TO_CENTER,0.71,31.11,6.48,1,1624,1701,CENTER
1189313.226,TO_CENTER,0.71,31.11,6.48,1,1624,1701,CENTER
1189313.247,TO_CENTER,0.71,31.11,6.48,1,1624,1701,CENTER
1189313.267,TO_CENTER,0.71,31.11,6.48,1,1624,1701,CENTER
1189313.287,TO_CENTER,0.71,31.11,6.48,1,1624,1701,CENTER
1189313.309,TO_CENTER,0.71,31.11,6.48,1,1624,1701,CENTER
1189313.330,TO_CENTER,0.53,31.14,6.48,1,1625,1702,CENTER
1189313.350,TO_CENTER,0.53,31.14,6.48,1,1625,1702,CENTER
1189313.370,TO_CENTER,0.53,31.14,6.48,1,1625,1702,CENTER
1189313.393,TO_CENTER,0.53,31.14,6.48,1,1625,1702,CENTER
1189313.414,TO_CENTER,0.53,31.14,6.48,1,1625,1702,CENTER
1189313.434,TO_CENTER,0.41,31.16,6.47,1,1625,1702,CENTER
1189313.455,TO_CENTER,0.41,31.16,6.47,1,1625,1702,CENTER
1189313.475,TO_CENTER,0.41,31.16,6.47,1,1625,1702,CENTER
1189313.495,TO_CENTER,0.41,31.16,6.47,1,1625,1702,CENTER
1189313.516,TO_CENTER,0.41,31.16,6.47,1,1625,1702,CENTER
1189313.537,TO_CENTER,0.41,31.16,6.47,1,1625,1702,CENTER
1189313.557,TO_CENTER,0.41,31.16,6.47,1,1625,1702,CENTER
1189313.578,TO_CENTER,0.41,31.16,6.47,1,1625,1702,CENTER
1189313.599,TO_CENTER,0.41,31.16,6.47,1,1625,1702,CENTER
1189313.620,TO_CENTER,0.41,31.16,6.47,1,1625,1702,CENTER
1189313.645,TO_CENTER,0.29,31.18,6.47,1,1625,1703,CENTER
1189313.665,TO_CENTER,0.29,31.18,6.47,1,1625,1703,CENTER
1189313.685,TO_CENTER,0.29,31.18,6.47,1,1625,1703,CENTER
1189313.708,TO_CENTER,0.29,31.18,6.47,1,1625,1703,CENTER
1189313.729,TO_CENTER,0.29,31.18,6.47,1,1625,1703,CENTER
1189313.749,TO_CENTER,0.17,31.20,6.47,1,1625,1703,CENTER
1189313.770,TO_CENTER,0.17,31.20,6.47,1,1625,1703,CENTER
1189313.791,TO_CENTER,0.17,31.20,6.47,1,1625,1703,CENTER
1189313.812,TO_CENTER,0.17,31.20,6.47,1,1625,1703,CENTER
1189313.832,TO_CENTER,0.17,31.20,6.47,1,1625,1703,CENTER
1189313.853,TO_CENTER,0.06,31.22,6.47,1,1625,1703,CENTER
1189313.873,TO_CENTER,0.06,31.22,6.47,1,1625,1703,CENTER
1189313.894,TO_CENTER,0.06,31.22,6.47,1,1625,1703,CENTER
1189313.914,TO_CENTER,0.06,31.22,6.47,1,1625,1703,CENTER
1189313.935,TO_CENTER,0.06,31.22,6.47,1,1625,1703,CENTER
1189313.956,TO_CENTER,0.06,31.24,6.46,1,1625,1703,CENTER
1189313.976,TO_CENTER,-0.01,31.24,6.46,1,1625,1704,CENTER
1189313.997,TO_CENTER,-0.01,31.24,6.46,1,1625,1704,CENTER
1189314.017,TO_CENTER,-0.01,31.24,6.46,1,1625,1704,CENTER
1189314.038,TO_CENTER,-0.01,31.24,6.46,1,1625,1704,CENTER
1189314.058,TO_CENTER,0.01,31.25,6.47,1,1625,1703,CENTER
1189314.080,TO_CENTER,0.01,31.25,6.47,1,1625,1703,CENTER
1189314.101,TO_CENTER,0.01,31.25,6.47,1,1625,1703,CENTER
1189314.125,TO_CENTER,0.01,31.25,6.47,1,1625,1703,CENTER
1189314.148,TO_CENTER,0.01,31.25,6.47,1,1625,1703,CENTER
1189314.168,TO_CENTER,0.02,31.26,6.46,1,1625,1703,CENTER
1189314.189,TO_CENTER,0.02,31.26,6.46,1,1625,1703,CENTER
1189314.210,TO_CENTER,0.02,31.26,6.46,1,1625,1703,CENTER
1189314.230,TO_CENTER,0.02,31.26,6.46,1,1625,1703,CENTER
1189314.251,TO_CENTER,0.02,31.26,6.46,1,1625,1703,CENTER
1189314.271,TO_CENTER,0.04,31.28,6.45,1,1625,1703,CENTER
1189314.292,TO_CENTER,0.04,31.28,6.45,1,1625,1703,CENTER
1189314.315,TO_CENTER,0.04,31.28,6.45,1,1625,1703,CENTER
1189314.335,TO_CENTER,0.04,31.28,6.45,1,1625,1703,CENTER
1189314.356,TO_CENTER,0.04,31.28,6.45,1,1625,1703,CENTER
1189314.376,TO_CENTER,0.06,31.30,4.45,1,1625,1703,CENTER
1189314.396,TO_CENTER,0.06,31.30,4.45,1,1625,1703,CENTER
1189314.419,TO_CENTER,0.06,31.30,4.45,1,1625,1703,CENTER
1189314.440,TO_CENTER,0.06,31.30,4.45,1,1625,1703,CENTER
1189314.463,TO_CENTER,0.06,31.30,4.45,1,1625,1703,CENTER
1189314.485,TO_CENTER,0.06,31.30,4.45,1,1625,1703,CENTER
1189314.512,TO_CENTER,0.06,31.30,4.45,1,1625,1703,CENTER
1189314.532,TO_CENTER,0.06,31.30,4.45,1,1625,1703,CENTER
1189314.556,TO_CENTER,0.06,31.30,4.45,1,1625,1703,CENTER
1189314.591,TO_CENTER,0.06,31.30,4.45,1,1625,1703,CENTER
1189314.614,TO_CENTER,0.08,31.32,4.44,1,1625,1703,CENTER
1189314.635,TO_CENTER,0.08,31.32,4.44,1,1625,1703,CENTER
1189314.670,TO_CENTER,0.08,31.32,4.44,1,1625,1703,CENTER
1189314.692,TO_CENTER,0.08,31.32,4.44,1,1625,1703,CENTER
1189314.712,TO_CENTER,0.10,31.33,4.42,1,1625,1703,CENTER
1189314.737,TO_CENTER,0.10,31.33,4.42,1,1625,1703,CENTER
1189314.761,TO_CENTER,0.10,31.33,4.42,1,1625,1703,CENTER
1189314.784,TO_CENTER,0.10,31.33,4.42,1,1625,1703,CENTER
1189314.804,TO_CENTER,0.10,31.33,4.42,1,1625,1703,CENTER
1189314.827,TO_CENTER,0.13,31.35,4.42,1,1625,1703,CENTER
1189314.847,TO_CENTER,0.13,31.35,4.42,1,1625,1703,CENTER
1189314.868,TO_CENTER,0.13,31.35,4.42,1,1625,1703,CENTER
1189314.896,TO_CENTER,0.13,31.35,4.42,1,1625,1703,CENTER
1189314.919,TO_CENTER,0.13,31.35,4.42,1,1625,1703,CENTER
1189314.940,TO_CENTER,0.15,31.37,4.41,1,1625,1703,CENTER
1189314.960,TO_CENTER,0.15,31.37,4.41,1,1625,1703,CENTER
1189314.981,TO_CENTER,0.15,31.37,4.41,1,1625,1703,CENTER
1189315.002,TO_CENTER,0.15,31.37,4.41,1,1625,1703,CENTER
1189315.024,TO_CENTER,0.15,31.37,4.41,1,1625,1703,CENTER
1189315.043,TO_CENTER,0.15,31.37,4.41,1,1625,1703,CENTER
1189315.063,TO_CENTER,0.15,31.37,4.41,1,1625,1703,CENTER
1189315.084,TO_CENTER,0.15,31.37,4.41,1,1625,1703,CENTER
1189315.104,TO_CENTER,0.15,31.37,4.41,1,1625,1703,CENTER
1189315.125,TO_CENTER,0.15,31.37,4.41,1,1625,1703,CENTER
1189315.146,TO_CENTER,0.18,31.39,4.41,1,1626,1703,CENTER
1189315.168,TO_CENTER,0.18,31.39,4.41,1,1626,1703,CENTER
1189315.191,TO_CENTER,0.18,31.39,4.41,1,1626,1703,CENTER
1189315.209,TO_CENTER,0.18,31.39,4.41,1,1626,1703,CENTER
1189315.230,TO_CENTER,0.18,31.39,4.41,1,1626,1703,CENTER
1189315.250,TO_CENTER,0.21,31.41,4.40,1,1626,1703,CENTER
1189315.273,TO_CENTER,0.21,31.41,4.40,1,1626,1703,CENTER
1189315.295,TO_CENTER,0.21,31.41,4.40,1,1626,1703,CENTER
1189315.315,TO_CENTER,0.21,31.41,4.40,1,1626,1703,CENTER
1189315.336,TO_CENTER,0.21,31.41,4.40,1,1626,1703,CENTER
1189315.359,TO_CENTER,0.24,31.43,4.40,1,1626,1703,CENTER
1189315.379,TO_CENTER,0.24,31.43,4.40,1,1626,1703,CENTER
1189315.399,TO_CENTER,0.24,31.43,4.40,1,1626,1703,CENTER
1189315.421,TO_CENTER,0.24,31.43,4.40,1,1626,1703,CENTER
1189315.442,TO_CENTER,0.24,31.43,4.40,1,1626,1703,CENTER
1189315.463,TO_CENTER,0.27,31.43,4.39,1,1626,1703,CENTER
1189315.484,TO_CENTER,0.27,31.43,4.39,1,1626,1703,CENTER
1189315.504,TO_CENTER,0.27,31.43,4.39,1,1626,1703,CENTER
1189315.526,TO_CENTER,0.27,31.43,4.39,1,1626,1703,CENTER
1189315.547,TO_CENTER,0.27,31.43,4.39,1,1626,1703,CENTER
1189315.567,TO_CENTER,0.30,31.45,4.38,1,1626,1703,CENTER
1189315.588,TO_CENTER,0.30,31.45,4.38,1,1626,1703,CENTER
1189315.608,TO_CENTER,0.30,31.45,4.38,1,1626,1703,CENTER
1189315.628,TO_CENTER,0.30,31.45,4.38,1,1626,1703,CENTER
1189315.652,TO_CENTER,0.30,31.45,4.38,1,1626,1703,CENTER
1189315.674,TO_CENTER,0.30,31.45,4.38,1,1626,1703,CENTER
1189315.694,TO_CENTER,0.30,31.45,4.38,1,1626,1703,CENTER
1189315.715,TO_CENTER,0.30,31.45,4.38,1,1626,1703,CENTER
1189315.735,TO_CENTER,0.30,31.45,4.38,1,1626,1703,CENTER
1189315.755,TO_CENTER,0.30,31.45,4.38,1,1626,1703,CENTER
1189315.775,TO_CENTER,0.33,31.46,4.37,1,1626,1703,CENTER
1189315.796,TO_CENTER,0.33,31.46,4.37,1,1626,1703,CENTER
1189315.817,TO_CENTER,0.33,31.46,4.37,1,1626,1703,CENTER
1189315.837,TO_CENTER,0.33,31.46,4.37,1,1626,1703,CENTER
1189315.858,TO_CENTER,0.33,31.46,4.37,1,1626,1703,CENTER
1189315.879,TO_CENTER,0.37,31.48,4.37,1,1626,1702,CENTER
1189315.899,TO_CENTER,0.37,31.48,4.37,1,1626,1702,CENTER
1189315.919,TO_CENTER,0.37,31.48,4.37,1,1626,1702,CENTER
1189315.940,TO_CENTER,0.37,31.48,4.37,1,1626,1702,CENTER
1189315.960,TO_CENTER,0.37,31.48,4.37,1,1626,1702,CENTER
1189315.982,TO_CENTER,0.41,31.49,3.37,1,1626,1702,CENTER
1189316.003,TO_CENTER,0.41,31.49,3.37,1,1626,1702,CENTER
1189316.024,TO_CENTER,0.41,31.49,3.37,1,1626,1702,CENTER
1189316.045,TO_CENTER,0.41,31.49,3.37,1,1626,1702,CENTER
1189316.066,TO_CENTER,0.41,31.49,3.37,1,1626,1702,CENTER
1189316.086,TO_CENTER,0.44,31.50,3.36,1,1626,1702,CENTER
1189316.106,TO_CENTER,0.44,31.50,3.36,1,1626,1702,CENTER
1189316.127,TO_CENTER,0.44,31.50,3.36,1,1626,1702,CENTER
1189316.149,TO_CENTER,0.44,31.50,3.36,1,1626,1702,CENTER
1189316.170,TO_CENTER,0.44,31.50,3.36,1,1626,1702,CENTER
1189316.190,TO_CENTER,0.48,31.51,3.34,1,1626,1702,CENTER
1189316.212,TO_CENTER,0.48,31.51,3.34,1,1626,1702,CENTER
1189316.233,TO_CENTER,0.48,31.51,3.34,1,1626,1702,CENTER
1189316.254,TO_CENTER,0.48,31.51,3.34,1,1626,1702,CENTER
1189316.277,TO_CENTER,0.48,31.51,3.34,1,1626,1702,CENTER
1189316.298,TO_CENTER,0.52,31.53,3.35,1,1626,1702,CENTER
1189316.318,TO_CENTER,0.52,31.53,3.35,1,1626,1702,CENTER
1189316.342,TO_CENTER,0.52,31.53,3.35,1,1626,1702,CENTER
1189316.364,TO_CENTER,0.52,31.53,3.35,1,1626,1702,CENTER
1189316.384,TO_CENTER,0.52,31.53,3.35,1,1626,1702,CENTER
1189316.405,TO_CENTER,0.56,31.53,3.34,1,1626,1702,CENTER
1189316.425,TO_CENTER,0.56,31.53,3.34,1,1626,1702,CENTER
1189316.447,TO_CENTER,0.56,31.53,3.34,1,1626,1702,CENTER
1189316.468,TO_CENTER,0.56,31.53,3.34,1,1626,1702,CENTER
1189316.489,TO_CENTER,0.56,31.53,3.34,1,1626,1702,CENTER
1189316.509,TO_CENTER,0.61,31.54,3.33,1,1626,1702,CENTER
1189316.532,TO_CENTER,0.61,31.54,3.33,1,1626,1702,CENTER
1189316.554,TO_CENTER,0.61,31.54,3.33,1,1626,1702,CENTER
1189316.574,TO_CENTER,0.61,31.54,3.33,1,1626,1702,CENTER
1189316.595,TO_CENTER,0.61,31.54,3.33,1,1626,1702,CENTER
1189316.618,TO_CENTER,0.65,31.55,3.33,1,1626,1702,CENTER
1189316.638,TO_CENTER,0.65,31.55,3.33,1,1626,1702,CENTER
1189316.659,TO_CENTER,0.65,31.55,3.33,1,1626,1702,CENTER
1189316.679,TO_CENTER,0.65,31.55,3.33,1,1626,1702,CENTER
1189316.699,TO_CENTER,0.65,31.55,3.33,1,1626,1702,CENTER
1189316.720,TO_CENTER,0.65,31.55,3.33,1,1626,1702,CENTER
1189316.741,TO_CENTER,0.65,31.55,3.33,1,1626,1702,CENTER
1189316.761,TO_CENTER,0.65,31.55,3.33,1,1626,1702,CENTER
1189316.781,TO_CENTER,0.65,31.55,3.33,1,1626,1702,CENTER
1189316.803,TO_CENTER,0.65,31.55,3.33,1,1626,1702,CENTER
1189316.823,TO_CENTER,0.72,31.56,3.32,1,1626,1701,CENTER
1189316.844,TO_CENTER,0.72,31.56,3.32,1,1626,1701,CENTER
1189316.867,TO_CENTER,0.72,31.56,3.32,1,1626,1701,CENTER
1189316.887,TO_CENTER,0.72,31.56,3.32,1,1626,1701,CENTER
1189316.908,TO_CENTER,0.72,31.56,3.32,1,1626,1701,CENTER
1189316.928,TO_CENTER,0.76,31.56,3.32,1,1626,1701,CENTER
1189316.949,TO_CENTER,0.76,31.56,3.32,1,1626,1701,CENTER
1189316.969,TO_CENTER,0.76,31.56,3.32,1,1626,1701,CENTER
1189316.989,TO_CENTER,0.76,31.56,3.32,1,1626,1701,CENTER
1189317.010,TO_CENTER,0.76,31.56,3.32,1,1626,1701,CENTER
1189317.032,TO_CENTER,0.81,31.56,3.31,1,1626,1701,CENTER
1189317.054,TO_CENTER,0.81,31.56,3.31,1,1626,1701,CENTER
1189317.075,TO_CENTER,0.81,31.56,3.31,1,1626,1701,CENTER
1189317.095,TO_CENTER,0.81,31.56,3.31,1,1626,1701,CENTER
1189317.117,TO_CENTER,0.81,31.56,3.31,1,1626,1701,CENTER
1189317.137,TO_CENTER,0.86,31.56,3.30,1,1626,1701,CENTER
1189317.158,TO_CENTER,0.86,31.56,3.30,1,1626,1701,CENTER
1189317.181,TO_CENTER,0.86,31.56,3.30,1,1626,1701,CENTER
1189317.201,TO_CENTER,0.86,31.56,3.30,1,1626,1701,CENTER
1189317.221,TO_CENTER,0.86,31.56,3.30,1,1626,1701,CENTER
1189317.242,TO_CENTER,0.94,31.56,2.30,1,1626,1701,CENTER
1189317.263,TO_CENTER,0.94,31.56,2.30,1,1626,1701,CENTER
1189317.283,TO_CENTER,0.94,31.56,2.30,1,1626,1701,CENTER
1189317.303,TO_CENTER,0.94,31.56,2.30,1,1626,1701,CENTER
1189317.324,TO_CENTER,0.94,31.56,2.30,1,1626,1701,CENTER
1189317.344,TO_CENTER,0.99,31.56,2.30,1,1626,1701,CENTER
1189317.365,TO_CENTER,0.99,31.56,2.30,1,1626,1701,CENTER
1189317.386,TO_CENTER,0.99,31.56,2.30,1,1626,1701,CENTER
1189317.407,TO_CENTER,0.99,31.56,2.30,1,1626,1701,CENTER
1189317.427,TO_CENTER,0.99,31.56,2.30,1,1626,1701,CENTER
1189317.448,TO_CENTER,1.07,31.55,2.28,1,1626,1700,CENTER
1189317.469,TO_CENTER,1.07,31.55,2.28,1,1626,1700,CENTER
1189317.492,TO_CENTER,1.07,31.55,2.28,1,1626,1700,CENTER
1189317.512,TO_CENTER,1.07,31.55,2.28,1,1626,1700,CENTER
1189317.533,TO_CENTER,1.07,31.55,2.28,1,1626,1700,CENTER
1189317.553,TO_CENTER,1.07,31.55,2.28,1,1626,1700,CENTER
1189317.574,TO_CENTER,1.07,31.55,2.28,1,1626,1700,CENTER
1189317.596,TO_CENTER,1.07,31.55,2.28,1,1626,1700,CENTER
1189317.616,TO_CENTER,1.07,31.55,2.28,1,1626,1700,CENTER
1189317.636,TO_CENTER,1.07,31.55,2.28,1,1626,1700,CENTER
1189317.657,TO_CENTER,1.15,31.55,2.28,1,1626,1700,CENTER
1189317.677,TO_CENTER,1.15,31.55,2.28,1,1626,1700,CENTER
1189317.698,TO_CENTER,1.15,31.55,2.28,1,1626,1700,CENTER
1189317.718,TO_CENTER,1.15,31.55,2.28,1,1626,1700,CENTER
1189317.739,TO_CENTER,1.15,31.55,2.28,1,1626,1700,CENTER
1189317.760,TO_CENTER,1.21,31.54,2.27,1,1626,1700,CENTER
1189317.780,TO_CENTER,1.21,31.54,2.27,1,1626,1700,CENTER
1189317.801,TO_CENTER,1.21,31.54,2.27,1,1626,1700,CENTER
1189317.821,TO_CENTER,1.21,31.54,2.27,1,1626,1700,CENTER
1189317.842,TO_CENTER,1.21,31.54,2.27,1,1626,1700,CENTER
1189317.862,TO_CENTER,1.30,31.54,2.28,1,1626,1700,CENTER
1189317.883,TO_CENTER,1.30,31.54,2.28,1,1626,1700,CENTER
1189317.903,TO_CENTER,1.30,31.54,2.28,1,1626,1700,CENTER
1189317.924,TO_CENTER,1.30,31.54,2.28,1,1626,1700,CENTER
1189317.944,TO_CENTER,1.30,31.54,2.28,1,1626,1700,CENTER
1189317.965,TO_CENTER,1.39,31.52,2.27,1,1626,1699,CENTER
1189317.985,TO_CENTER,1.39,31.52,2.27,1,1626,1699,CENTER
1189318.006,TO_CENTER,1.39,31.52,2.27,1,1626,1699,CENTER
1189318.026,TO_CENTER,1.39,31.52,2.27,1,1626,1699,CENTER
1189318.047,TO_CENTER,1.39,31.52,2.27,1,1626,1699,CENTER
1189318.067,TO_CENTER,1.45,31.51,2.26,1,1626,1699,CENTER
1189318.087,TO_CENTER,1.45,31.51,2.26,1,1626,1699,CENTER
1189318.109,TO_CENTER,1.45,31.51,2.26,1,1626,1699,CENTER
1189318.129,TO_CENTER,1.45,31.51,2.26,1,1626,1699,CENTER
1189318.150,TO_CENTER,1.45,31.51,2.26,1,1626,1699,CENTER
1189318.172,TO_CENTER,1.45,31.51,2.26,1,1626,1699,CENTER
1189318.194,TO_CENTER,1.45,31.51,2.26,1,1626,1699,CENTER
1189318.214,TO_CENTER,1.45,31.51,2.26,1,1626,1699,CENTER
1189318.234,TO_CENTER,1.45,31.51,2.26,1,1626,1699,CENTER
1189318.255,TO_CENTER,1.45,31.51,2.26,1,1626,1699,CENTER
1189318.275,TO_CENTER,1.51,31.50,2.25,1,1626,1699,CENTER
1189318.296,TO_CENTER,1.51,31.50,2.25,1,1626,1699,CENTER
1189318.318,TO_CENTER,1.51,31.50,2.25,1,1626,1699,CENTER
1189318.337,TO_CENTER,1.51,31.50,2.25,1,1626,1699,CENTER
1189318.358,TO_CENTER,1.51,31.50,2.25,1,1626,1699,CENTER
1189318.378,TO_CENTER,1.58,31.49,2.25,1,1626,1699,CENTER
1189318.399,TO_CENTER,1.58,31.49,2.25,1,1626,1699,CENTER
1189318.419,TO_CENTER,1.58,31.49,2.25,1,1626,1699,CENTER
1189318.440,TO_CENTER,1.58,31.49,2.25,1,1626,1699,CENTER
1189318.461,TO_CENTER,1.58,31.49,2.25,1,1626,1699,CENTER
1189318.481,TO_CENTER,1.58,31.49,2.25,1,1626,1699,CENTER
1189318.502,TO_CENTER,1.58,31.49,2.25,1,1626,1699,CENTER
1189318.522,TO_CENTER,1.58,31.49,2.25,1,1626,1699,CENTER
1189318.543,TO_CENTER,1.58,31.49,2.25,1,1626,1699,CENTER
1189318.563,TO_CENTER,1.58,31.49,2.25,1,1626,1699,CENTER
1189318.583,TO_CENTER,1.75,31.46,2.24,1,1626,1698,CENTER
1189318.604,TO_CENTER,1.75,31.46,2.24,1,1626,1698,CENTER
1189318.627,TO_CENTER,1.75,31.46,2.24,1,1626,1698,CENTER
1189318.648,TO_CENTER,1.75,31.46,2.24,1,1626,1698,CENTER
1189318.669,TO_CENTER,1.75,31.46,2.24,1,1626,1698,CENTER
1189318.689,TO_CENTER,1.75,31.46,2.24,1,1626,1698,CENTER
1189318.709,TO_CENTER,1.75,31.46,2.24,1,1626,1698,CENTER
1189318.730,TO_CENTER,1.75,31.46,2.24,1,1626,1698,CENTER
1189318.755,TO_CENTER,1.75,31.46,2.24,1,1626,1698,CENTER
1189318.775,TO_CENTER,1.75,31.46,2.24,1,1626,1698,CENTER
1189318.797,TO_CENTER,1.85,31.44,2.24,1,1626,1698,CENTER
1189318.818,TO_CENTER,1.85,31.44,2.24,1,1626,1698,CENTER
1189318.838,TO_CENTER,1.85,31.44,2.24,1,1626,1698,CENTER
1189318.859,TO_CENTER,1.85,31.44,2.24,1,1626,1698,CENTER
1189318.879,TO_CENTER,1.85,31.44,2.24,1,1626,1698,CENTER
1189318.899,TO_CENTER,1.95,31.41,2.23,1,1626,1698,CENTER
1189318.921,TO_CENTER,1.95,31.41,2.23,1,1626,1698,CENTER
1189318.941,TO_CENTER,1.95,31.41,2.23,1,1626,1698,CENTER
1189318.962,TO_CENTER,1.95,31.41,2.23,1,1626,1698,CENTER
1189318.983,TO_CENTER,1.95,31.41,2.23,1,1626,1698,CENTER
1189319.003,TO_CENTER,1.95,31.41,2.23,1,1626,1698,CENTER
1189319.024,TO_CENTER,1.95,31.41,2.23,1,1626,1698,CENTER
1189319.046,TO_CENTER,1.95,31.41,2.23,1,1626,1698,CENTER
1189319.066,TO_CENTER,1.95,31.41,2.23,1,1626,1698,CENTER
1189319.089,TO_CENTER,1.95,31.41,2.23,1,1626,1698,CENTER
1189319.110,TO_CENTER,1.95,31.41,2.23,1,1626,1698,CENTER
1189319.131,TO_CENTER,1.95,31.41,2.23,1,1626,1698,CENTER
1189319.151,TO_CENTER,1.95,31.41,2.23,1,1626,1698,CENTER
1189319.171,TO_CENTER,1.95,31.41,2.23,1,1626,1698,CENTER
1189319.192,TO_CENTER,1.95,31.41,2.23,1,1626,1698,CENTER
1189319.218,TO_CENTER,2.21,31.35,2.22,1,1625,1697,CENTER
1189319.239,TO_CENTER,2.21,31.35,2.22,1,1625,1697,CENTER
1189319.259,TO_CENTER,2.21,31.35,2.22,1,1625,1697,CENTER
1189319.280,TO_CENTER,2.21,31.35,2.22,1,1625,1697,CENTER
1189319.301,TO_CENTER,2.21,31.35,2.22,1,1625,1697,CENTER
1189319.321,TO_CENTER,2.21,31.35,2.22,1,1625,1697,CENTER
1189319.342,TO_CENTER,2.21,31.35,2.22,1,1625,1697,CENTER
1189319.362,TO_CENTER,2.21,31.35,2.22,1,1625,1697,CENTER
1189319.383,TO_CENTER,2.21,31.35,2.22,1,1625,1697,CENTER
1189319.405,TO_CENTER,2.21,31.35,2.22,1,1625,1697,CENTER
1189319.425,TO_CENTER,2.36,31.31,2.20,1,1625,1696,CENTER
1189319.445,TO_CENTER,2.36,31.31,2.20,1,1625,1696,CENTER
1189319.467,TO_CENTER,2.36,31.31,2.20,1,1625,1696,CENTER
1189319.489,TO_CENTER,2.36,31.31,2.20,1,1625,1696,CENTER
1189319.511,TO_CENTER,2.36,31.31,2.20,1,1625,1696,CENTER
1189319.531,TO_CENTER,2.36,31.31,1.20,1,1625,1696,CENTER
1189319.552,TO_CENTER,2.36,31.31,1.20,1,1625,1696,CENTER
1189319.574,TO_CENTER,2.36,31.31,1.20,1,1625,1696,CENTER
1189319.594,TO_CENTER,2.36,31.31,1.20,1,1625,1696,CENTER
1189319.615,TO_CENTER,2.36,31.31,1.20,1,1625,1696,CENTER
1189319.636,TO_CENTER,2.48,31.28,1.20,1,1625,1696,CENTER
1189319.656,TO_CENTER,2.48,31.28,1.20,1,1625,1696,CENTER
1189319.676,TO_CENTER,2.48,31.28,1.20,1,1625,1696,CENTER
1189319.698,TO_CENTER,2.48,31.28,1.20,1,1625,1696,CENTER
1189319.718,TO_CENTER,2.48,31.28,1.20,1,1625,1696,CENTER
1189319.739,TO_CENTER,2.60,31.24,1.20,1,1625,1696,CENTER
1189319.759,TO_CENTER,2.60,31.24,1.20,1,1625,1696,CENTER
1189319.781,TO_CENTER,2.60,31.24,1.20,1,1625,1696,CENTER
1189319.802,TO_CENTER,2.60,31.24,1.20,1,1625,1696,CENTER
1189319.822,TO_CENTER,2.60,31.24,1.20,1,1625,1696,CENTER
1189319.843,TO_CENTER,2.60,31.24,1.20,1,1625,1696,CENTER
1189319.863,TO_CENTER,2.60,31.24,1.20,1,1625,1696,CENTER
1189319.884,TO_CENTER,2.60,31.24,1.20,1,1625,1696,CENTER
1189319.904,TO_CENTER,2.60,31.24,1.20,1,1625,1696,CENTER
1189319.925,TO_CENTER,2.60,31.24,1.20,1,1625,1696,CENTER
1189319.945,TO_CENTER,2.72,31.20,1.19,1,1625,1695,CENTER
1189319.966,TO_CENTER,2.72,31.20,1.19,1,1625,1695,CENTER
1189319.987,TO_CENTER,2.72,31.20,1.19,1,1625,1695,CENTER
1189320.007,TO_CENTER,2.72,31.20,1.19,1,1625,1695,CENTER
1189320.027,TO_CENTER,2.72,31.20,1.19,1,1625,1695,CENTER
1189320.047,TO_CENTER,2.85,31.17,1.19,1,1625,1695,CENTER
1189320.069,TO_CENTER,2.85,31.17,1.19,1,1625,1695,CENTER
1189320.089,TO_CENTER,2.85,31.17,1.19,1,1625,1695,CENTER
1189320.109,TO_CENTER,2.85,31.17,1.19,1,1625,1695,CENTER
1189320.129,TO_CENTER,2.85,31.17,1.19,1,1625,1695,CENTER
1189320.150,TO_CENTER,2.93,31.14,1.19,1,1625,1695,CENTER
1189320.170,TO_CENTER,2.93,31.14,1.19,1,1625,1695,CENTER
1189320.190,TO_CENTER,2.93,31.14,1.19,1,1625,1695,CENTER
1189320.211,TO_CENTER,2.93,31.14,1.19,1,1625,1695,CENTER
1189320.233,TO_CENTER,2.93,31.14,1.19,1,1625,1695,CENTER
1189320.253,TO_CENTER,2.93,31.14,1.19,1,1625,1695,CENTER
1189320.274,TO_CENTER,2.93,31.14,1.19,1,1625,1695,CENTER
1189320.297,TO_CENTER,2.93,31.14,1.19,1,1625,1695,CENTER
1189320.315,TO_CENTER,2.93,31.14,1.19,1,1625,1695,CENTER
1189320.337,TO_CENTER,2.93,31.14,1.19,1,1625,1695,CENTER
1189320.357,TO_CENTER,2.93,31.14,1.19,1,1625,1695,CENTER
1189320.377,TO_CENTER,2.93,31.14,1.19,1,1625,1695,CENTER
1189320.398,TO_CENTER,2.93,31.14,1.19,1,1625,1695,CENTER
1189320.419,TO_CENTER,2.93,31.14,1.19,1,1625,1695,CENTER
