mono_t,phase,rel_alt_m,distance_m,h_err_deg,yaw_aligned,pitch_us,throttle_us,target
1173166.296,X_LEG_1,14.32,42.36,-99.84,0,1500,1643,NE
1173166.316,X_LEG_1,14.32,42.36,-99.84,0,1500,1643,NE
1173166.336,X_LEG_1,14.32,42.36,-99.84,0,1500,1643,NE
1173166.357,X_LEG_1,14.32,42.36,-99.84,0,1500,1643,NE
1173166.377,X_LEG_1,14.32,42.36,-99.84,0,1500,1643,NE
1173166.398,X_LEG_1,14.46,42.36,-99.84,0,1500,1642,NE
1173166.418,X_LEG_1,14.46,42.36,-99.84,0,1500,1642,NE
1173166.439,X_LEG_1,14.46,42.36,-99.84,0,1500,1642,NE
1173166.459,X_LEG_1,14.46,42.36,-99.84,0,1500,1642,NE
1173166.480,X_LEG_1,14.46,42.36,-99.84,0,1500,1642,NE
1173166.500,X_LEG_1,14.59,42.36,-99.84,0,1500,1642,NE
1173166.520,X_LEG_1,14.59,42.36,-99.84,0,1500,1642,NE
1173166.541,X_LEG_1,14.59,42.36,-99.84,0,1500,1642,NE
1173166.563,X_LEG_1,14.59,42.36,-99.84,0,1500,1642,NE
1173166.582,X_LEG_1,14.59,42.36,-99.84,0,1500,1642,NE
1173166.603,X_LEG_1,14.59,42.36,-99.84,0,1500,1642,NE
1173166.623,X_LEG_1,14.59,42.36,-99.84,0,1500,1642,NE
1173166.644,X_LEG_1,14.59,42.36,-99.84,0,1500,1642,NE
1173166.664,X_LEG_1,14.59,42.36,-99.84,0,1500,1642,NE
1173166.685,X_LEG_1,14.59,42.36,-99.84,0,1500,1642,NE
1173166.705,X_LEG_1,14.73,42.36,-97.84,0,1500,1641,NE
1173166.726,X_LEG_1,14.73,42.36,-97.84,0,1500,1641,NE
1173166.746,X_LEG_1,14.73,42.36,-97.84,0,1500,1641,NE
1173166.766,X_LEG_1,14.73,42.36,-97.84,0,1500,1641,NE
1173166.787,X_LEG_1,14.73,42.36,-97.84,0,1500,1641,NE
1173166.808,X_LEG_1,14.95,42.35,-97.83,0,1500,1641,NE
1173166.828,X_LEG_1,14.95,42.35,-97.83,0,1500,1641,NE
1173166.849,X_LEG_1,14.95,42.35,-97.83,0,1500,1641,NE
1173166.869,X_LEG_1,14.95,42.35,-97.83,0,1500,1641,NE
1173166.890,X_LEG_1,14.95,42.35,-97.83,0,1500,1641,NE
1173166.910,X_LEG_1,15.09,42.35,-97.83,0,1500,1641,NE
1173166.931,X_LEG_1,15.09,42.35,-97.83,0,1500,1641,NE
1173166.952,X_LEG_1,15.09,42.35,-97.83,0,1500,1641,NE
1173166.973,X_LEG_1,15.09,42.35,-97.83,0,1500,1641,NE
1173166.993,X_LEG_1,15.09,42.35,-97.83,0,1500,1641,NE
1173167.015,X_LEG_1,15.31,42.35,-97.83,0,1500,1641,NE
1173167.035,X_LEG_1,15.31,42.35,-97.83,0,1500,1641,NE
1173167.056,X_LEG_1,15.31,42.35,-97.83,0,1500,1641,NE
1173167.077,X_LEG_1,15.31,42.35,-97.83,0,1500,1641,NE
1173167.098,X_LEG_1,15.31,42.35,-97.83,0,1500,1641,NE
1173167.118,X_LEG_1,15.45,42.35,-97.83,0,1500,1640,NE
1173167.139,X_LEG_1,15.45,42.35,-97.83,0,1500,1640,NE
1173167.159,X_LEG_1,15.45,42.35,-97.83,0,1500,1640,NE
1173167.180,X_LEG_1,15.45,42.35,-97.83,0,1500,1640,NE
1173167.200,X_LEG_1,15.45,42.35,-97.83,0,1500,1640,NE
1173167.221,X_LEG_1,15.45,42.35,-97.83,0,1500,1640,NE
1173167.241,X_LEG_1,15.45,42.35,-97.83,0,1500,1640,NE
1173167.262,X_LEG_1,15.45,42.35,-97.83,0,1500,1640,NE
1173167.282,X_LEG_1,15.45,42.35,-97.83,0,1500,1640,NE
1173167.303,X_LEG_1,15.45,42.35,-97.83,0,1500,1640,NE
1173167.323,X_LEG_1,15.59,42.35,-63.83,0,1500,1640,NE
1173167.344,X_LEG_1,15.59,42.35,-63.83,0,1500,1640,NE
1173167.365,X_LEG_1,15.59,42.35,-63.83,0,1500,1640,NE
1173167.385,X_LEG_1,15.59,42.35,-63.83,0,1500,1640,NE
1173167.405,X_LEG_1,15.59,42.35,-63.83,0,1500,1640,NE
1173167.426,X_LEG_1,15.74,42.34,-63.82,0,1500,1639,NE
1173167.447,X_LEG_1,15.74,42.34,-63.82,0,1500,1639,NE
1173167.467,X_LEG_1,15.74,42.34,-63.82,0,1500,1639,NE
1173167.488,X_LEG_1,15.74,42.34,-63.82,0,1500,1639,NE
1173167.508,X_LEG_1,15.74,42.34,-63.82,0,1500,1639,NE
1173167.528,X_LEG_1,15.88,42.34,-63.82,0,1500,1639,NE
1173167.549,X_LEG_1,15.88,42.34,-63.82,0,1500,1639,NE
1173167.569,X_LEG_1,15.88,42.34,-63.82,0,1500,1639,NE
1173167.590,X_LEG_1,15.88,42.34,-63.82,0,1500,1639,NE
1173167.610,X_LEG_1,15.88,42.34,-63.82,0,1500,1639,NE
1173167.631,X_LEG_1,15.88,42.34,-63.82,0,1500,1639,NE
1173167.652,X_LEG_1,15.88,42.34,-63.82,0,1500,1639,NE
1173167.672,X_LEG_1,15.88,42.34,-63.82,0,1500,1639,NE
1173167.693,X_LEG_1,15.88,42.34,-63.82,0,1500,1639,NE
1173167.713,X_LEG_1,15.88,42.34,-63.82,0,1500,1639,NE
1173167.733,X_LEG_1,16.03,42.34,-63.82,0,1500,1638,NE
1173167.754,X_LEG_1,16.03,42.34,-63.82,0,1500,1638,NE
1173167.776,X_LEG_1,16.03,42.34,-63.82,0,1500,1638,NE
1173167.796,X_LEG_1,16.03,42.34,-63.82,0,1500,1638,NE
1173167.816,X_LEG_1,16.03,42.34,-63.82,0,1500,1638,NE
1173167.837,X_LEG_1,16.17,42.33,-63.83,0,1500,1638,NE
1173167.857,X_LEG_1,16.17,42.33,-63.83,0,1500,1638,NE
1173167.877,X_LEG_1,16.17,42.33,-63.83,0,1500,1638,NE
1173167.901,X_LEG_1,16.17,42.33,-63.83,0,1500,1638,NE
1173167.921,X_LEG_1,16.17,42.33,-63.83,0,1500,1638,NE
1173167.942,X_LEG_1,16.39,42.33,-63.83,0,1500,1637,NE
1173167.963,X_LEG_1,16.39,42.33,-63.83,0,1500,1637,NE
1173167.983,X_LEG_1,16.39,42.33,-63.83,0,1500,1637,NE
1173168.004,X_LEG_1,16.39,42.33,-63.83,0,1500,1637,NE
1173168.025,X_LEG_1,16.39,42.33,-63.83,0,1500,1637,NE
1173168.045,X_LEG_1,16.39,42.33,-63.83,0,1500,1637,NE
1173168.066,X_LEG_1,16.39,42.33,-63.83,0,1500,1637,NE
1173168.087,X_LEG_1,16.39,42.33,-63.83,0,1500,1637,NE
1173168.108,X_LEG_1,16.39,42.33,-63.83,0,1500,1637,NE
1173168.128,X_LEG_1,16.39,42.33,-63.83,0,1500,1637,NE
1173168.149,X_LEG_1,16.54,42.33,-42.83,0,1500,1637,NE
1173168.169,X_LEG_1,16.54,42.33,-42.83,0,1500,1637,NE
1173168.189,X_LEG_1,16.54,42.33,-42.83,0,1500,1637,NE
1173168.210,X_LEG_1,16.54,42.33,-42.83,0,1500,1637,NE
1173168.231,X_LEG_1,16.54,42.33,-42.83,0,1500,1637,NE
1173168.252,X_LEG_1,16.75,42.33,-42.83,0,1500,1636,NE
1173168.272,X_LEG_1,16.75,42.33,-42.83,0,1500,1636,NE
1173168.292,X_LEG_1,16.75,42.33,-42.83,0,1500,1636,NE
1173168.312,X_LEG_1,16.75,42.33,-42.83,0,1500,1636,NE
1173168.333,X_LEG_1,16.75,42.33,-42.83,0,1500,1636,NE
1173168.353,X_LEG_1,16.90,42.33,-42.83,0,1500,1636,NE
1173168.374,X_LEG_1,16.90,42.33,-42.83,0,1500,1636,NE
1173168.394,X_LEG_1,16.90,42.33,-42.83,0,1500,1636,NE
1173168.414,X_LEG_1,16.90,42.33,-42.83,0,1500,1636,NE
1173168.434,X_LEG_1,16.90,42.33,-42.83,0,1500,1636,NE
1173168.455,X_LEG_1,17.04,42.33,-42.82,0,1500,1635,NE
1173168.476,X_LEG_1,17.04,42.33,-42.82,0,1500,1635,NE
1173168.496,X_LEG_1,17.04,42.33,-42.82,0,1500,1635,NE
1173168.517,X_LEG_1,17.04,42.33,-42.82,0,1500,1635,NE
1173168.537,X_LEG_1,17.04,42.33,-42.82,0,1500,1635,NE
1173168.558,X_LEG_1,17.04,42.33,-42.82,0,1500,1635,NE
1173168.578,X_LEG_1,17.04,42.33,-42.82,0,1500,1635,NE
1173168.600,X_LEG_1,17.04,42.33,-42.82,0,1500,1635,NE
1173168.621,X_LEG_1,17.04,42.33,-42.82,0,1500,1635,NE
1173168.641,X_LEG_1,17.04,42.33,-42.82,0,1500,1635,NE
1173168.662,X_LEG_1,17.19,42.33,-42.82,0,1500,1635,NE
1173168.683,X_LEG_1,17.19,42.33,-42.82,0,1500,1635,NE
1173168.703,X_LEG_1,17.19,42.33,-42.82,0,1500,1635,NE
1173168.725,X_LEG_1,17.19,42.33,-42.82,0,1500,1635,NE
1173168.745,X_LEG_1,17.19,42.33,-42.82,0,1500,1635,NE
1173168.766,X_LEG_1,17.19,42.33,-42.82,0,1500,1635,NE
1173168.788,X_LEG_1,17.19,42.33,-42.82,0,1500,1635,NE
1173168.809,X_LEG_1,17.19,42.33,-42.82,0,1500,1635,NE
1173168.829,X_LEG_1,17.19,42.33,-42.82,0,1500,1635,NE
1173168.849,X_LEG_1,17.19,42.33,-42.82,0,1500,1635,NE
1173168.870,X_LEG_1,17.40,42.33,-16.82,1,1669,1634,NE
1173168.890,X_LEG_1,17.40,42.33,-16.82,1,1669,1634,NE
1173168.912,X_LEG_1,17.40,42.33,-16.82,1,1669,1634,NE
1173168.932,X_LEG_1,17.40,42.33,-16.82,1,1669,1634,NE
1173168.952,X_LEG_1,17.40,42.33,-16.82,1,1669,1634,NE
1173168.973,X_LEG_1,17.62,42.33,-16.82,1,1669,1634,NE
1173168.993,X_LEG_1,17.62,42.33,-16.82,1,1669,1634,NE
1173169.013,X_LEG_1,17.62,42.33,-16.82,1,1669,1634,NE
1173169.034,X_LEG_1,17.62,42.33,-16.82,1,1669,1634,NE
1173169.054,X_LEG_1,17.62,42.33,-16.82,1,1669,1634,NE
1173169.075,X_LEG_1,17.76,42.33,-16.82,1,1669,1633,NE
1173169.096,X_LEG_1,17.76,42.33,-16.82,1,1669,1633,NE
1173169.118,X_LEG_1,17.76,42.33,-16.82,1,1669,1633,NE
1173169.138,X_LEG_1,17.76,42.33,-16.82,1,1669,1633,NE
1173169.159,X_LEG_1,17.76,42.33,-16.82,1,1669,1633,NE
1173169.179,X_LEG_1,17.97,42.32,-16.82,1,1669,1633,NE
1173169.200,X_LEG_1,17.97,42.32,-16.82,1,1669,1633,NE
1173169.220,X_LEG_1,17.97,42.32,-16.82,1,1669,1633,NE
1173169.241,X_LEG_1,17.97,42.32,-16.82,1,1669,1633,NE
1173169.262,X_LEG_1,17.97,42.32,-16.82,1,1669,1633,NE
1173169.282,X_LEG_1,17.97,42.32,-16.82,1,1669,1633,NE
1173169.303,X_LEG_1,17.97,42.32,-16.82,1,1669,1633,NE
1173169.325,X_LEG_1,17.97,42.32,-16.82,1,1669,1633,NE
1173169.345,X_LEG_1,17.97,42.32,-16.82,1,1669,1633,NE
1173169.365,X_LEG_1,17.97,42.32,-16.82,1,1669,1633,NE
1173169.386,X_LEG_1,18.19,42.31,-16.81,1,1669,1632,NE
1173169.406,X_LEG_1,18.19,42.31,-16.81,1,1669,1632,NE
1173169.426,X_LEG_1,18.19,42.31,-16.81,1,1669,1632,NE
1173169.447,X_LEG_1,18.19,42.31,-16.81,1,1669,1632,NE
1173169.467,X_LEG_1,18.19,42.31,-16.81,1,1669,1632,NE
1173169.488,X_LEG_1,18.40,42.31,-11.81,1,1669,1631,NE
1173169.509,X_LEG_1,18.40,42.31,-11.81,1,1669,1631,NE
1173169.529,X_LEG_1,18.40,42.31,-11.81,1,1669,1631,NE
1173169.549,X_LEG_1,18.40,42.31,-11.81,1,1669,1631,NE
1173169.571,X_LEG_1,18.40,42.31,-11.81,1,1669,1631,NE
1173169.592,X_LEG_1,18.61,42.31,-11.81,1,1669,1631,NE
1173169.612,X_LEG_1,18.61,42.31,-11.81,1,1669,1631,NE
1173169.633,X_LEG_1,18.61,42.31,-11.81,1,1669,1631,NE
1173169.653,X_LEG_1,18.61,42.31,-11.81,1,1669,1631,NE
1173169.674,X_LEG_1,18.61,42.31,-11.81,1,1669,1631,NE
1173169.695,X_LEG_1,18.61,42.31,-11.81,1,1669,1631,NE
1173169.715,X_LEG_1,18.61,42.31,-11.81,1,1669,1631,NE
1173169.736,X_LEG_1,18.61,42.31,-11.81,1,1669,1631,NE
1173169.757,X_LEG_1,18.61,42.31,-11.81,1,1669,1631,NE
1173169.777,X_LEG_1,18.61,42.31,-11.81,1,1669,1631,NE
1173169.798,X_LEG_1,18.81,42.31,-11.82,1,1669,1630,NE
1173169.818,X_LEG_1,18.81,42.31,-11.82,1,1669,1630,NE
1173169.839,X_LEG_1,18.81,42.31,-11.82,1,1669,1630,NE
1173169.859,X_LEG_1,18.81,42.31,-11.82,1,1669,1630,NE
1173169.880,X_LEG_1,18.81,42.31,-11.82,1,1669,1630,NE
1173169.900,X_LEG_1,19.02,42.29,-11.82,1,1669,1629,NE
1173169.920,X_LEG_1,19.02,42.29,-11.82,1,1669,1629,NE
1173169.940,X_LEG_1,19.02,42.29,-11.82,1,1669,1629,NE
1173169.961,X_LEG_1,19.02,42.29,-11.82,1,1669,1629,NE
1173169.981,X_LEG_1,19.02,42.29,-11.82,1,1669,1629,NE
1173170.001,X_LEG_1,19.15,42.29,-9.82,1,1669,1629,NE
1173170.022,X_LEG_1,19.15,42.29,-9.82,1,1669,1629,NE
1173170.042,X_LEG_1,19.15,42.29,-9.82,1,1669,1629,NE
1173170.063,X_LEG_1,19.15,42.29,-9.82,1,1669,1629,NE
1173170.083,X_LEG_1,19.15,42.29,-9.82,1,1669,1629,NE
1173170.103,X_LEG_1,19.29,42.28,-9.82,1,1669,1629,NE
1173170.124,X_LEG_1,19.29,42.28,-9.82,1,1669,1629,NE
1173170.144,X_LEG_1,19.29,42.28,-9.82,1,1669,1629,NE
1173170.165,X_LEG_1,19.29,42.28,-9.82,1,1669,1629,NE
1173170.185,X_LEG_1,19.29,42.28,-9.82,1,1669,1629,NE
1173170.205,X_LEG_1,19.29,42.28,-9.82,1,1669,1629,NE
1173170.226,X_LEG_1,19.29,42.28,-9.82,1,1669,1629,NE
1173170.246,X_LEG_1,19.29,42.28,-9.82,1,1669,1629,NE
1173170.267,X_LEG_1,19.29,42.28,-9.82,1,1669,1629,NE
1173170.288,X_LEG_1,19.29,42.28,-9.82,1,1669,1629,NE
1173170.308,X_LEG_1,19.42,42.27,-9.81,1,1669,1628,NE
1173170.329,X_LEG_1,19.42,42.27,-9.81,1,1669,1628,NE
1173170.350,X_LEG_1,19.42,42.27,-9.81,1,1669,1628,NE
1173170.371,X_LEG_1,19.42,42.27,-9.81,1,1669,1628,NE
1173170.391,X_LEG_1,19.42,42.27,-9.81,1,1669,1628,NE
1173170.412,X_LEG_1,19.62,42.25,-9.83,1,1669,1628,NE
1173170.432,X_LEG_1,19.62,42.25,-9.83,1,1669,1628,NE
1173170.453,X_LEG_1,19.62,42.25,-9.83,1,1669,1628,NE
1173170.473,X_LEG_1,19.62,42.25,-9.83,1,1669,1628,NE
1173170.493,X_LEG_1,19.62,42.25,-9.83,1,1669,1628,NE
1173170.513,X_LEG_1,19.81,42.23,-7.82,1,1669,1627,NE
1173170.534,X_LEG_1,19.81,42.23,-7.82,1,1669,1627,NE
1173170.554,X_LEG_1,19.81,42.23,-7.82,1,1669,1627,NE
1173170.575,X_LEG_1,19.81,42.23,-7.82,1,1669,1627,NE
1173170.595,X_LEG_1,19.81,42.23,-7.82,1,1669,1627,NE
1173170.617,X_LEG_1,19.94,42.21,-7.82,1,1669,1627,NE
1173170.637,X_LEG_1,19.94,42.21,-7.82,1,1669,1627,NE
1173170.657,X_LEG_1,19.94,42.21,-7.82,1,1669,1627,NE
1173170.678,X_LEG_1,19.94,42.21,-7.82,1,1669,1627,NE
1173170.698,X_LEG_1,19.94,42.21,-7.82,1,1669,1627,NE
1173170.719,X_LEG_1,19.94,42.21,-7.82,1,1669,1627,NE
1173170.740,X_LEG_1,19.94,42.21,-7.82,1,1669,1627,NE
1173170.760,X_LEG_1,19.94,42.21,-7.82,1,1669,1627,NE
1173170.781,X_LEG_1,19.94,42.21,-7.82,1,1669,1627,NE
1173170.801,X_LEG_1,19.94,42.21,-7.82,1,1669,1627,NE
1173170.821,X_LEG_1,20.13,42.19,-7.83,1,1669,1626,NE
1173170.841,X_LEG_1,20.13,42.19,-7.83,1,1669,1626,NE
1173170.862,X_LEG_1,20.13,42.19,-7.83,1,1669,1626,NE
1173170.883,X_LEG_1,20.13,42.19,-7.83,1,1669,1626,NE
1173170.903,X_LEG_1,20.13,42.19,-7.83,1,1669,1626,NE
1173170.923,X_LEG_1,20.33,42.16,-7.83,1,1669,1626,NE
1173170.944,X_LEG_1,20.33,42.16,-7.83,1,1669,1626,NE
1173170.964,X_LEG_1,20.33,42.16,-7.83,1,1669,1626,NE
1173170.985,X_LEG_1,20.33,42.16,-7.83,1,1669,1626,NE
1173171.005,X_LEG_1,20.33,42.16,-7.83,1,1669,1626,NE
1173171.026,X_LEG_1,20.45,42.14,-7.83,1,1669,1625,NE
1173171.046,X_LEG_1,20.45,42.14,-7.83,1,1669,1625,NE
1173171.067,X_LEG_1,20.45,42.14,-7.83,1,1669,1625,NE
1173171.087,X_LEG_1,20.45,42.14,-7.83,1,1669,1625,NE
1173171.108,X_LEG_1,20.45,42.14,-7.83,1,1669,1625,NE
1173171.128,X_LEG_1,20.45,42.14,-7.83,1,1669,1625,NE
1173171.149,X_LEG_1,20.45,42.14,-7.83,1,1669,1625,NE
1173171.169,X_LEG_1,20.45,42.14,-7.83,1,1669,1625,NE
1173171.190,X_LEG_1,20.45,42.14,-7.83,1,1669,1625,NE
1173171.211,X_LEG_1,20.45,42.14,-7.83,1,1669,1625,NE
1173171.231,X_LEG_1,20.57,42.12,-6.84,1,1668,1625,NE
1173171.252,X_LEG_1,20.57,42.12,-6.84,1,1668,1625,NE
1173171.273,X_LEG_1,20.57,42.12,-6.84,1,1668,1625,NE
1173171.293,X_LEG_1,20.57,42.12,-6.84,1,1668,1625,NE
1173171.314,X_LEG_1,20.57,42.12,-6.84,1,1668,1625,NE
1173171.334,X_LEG_1,20.76,42.09,-6.84,1,1668,1624,NE
1173171.355,X_LEG_1,20.76,42.09,-6.84,1,1668,1624,NE
1173171.375,X_LEG_1,20.76,42.09,-6.84,1,1668,1624,NE
1173171.396,X_LEG_1,20.76,42.09,-6.84,1,1668,1624,NE
1173171.416,X_LEG_1,20.76,42.09,-6.84,1,1668,1624,NE
1173171.437,X_LEG_1,20.88,42.07,-6.85,1,1668,1624,NE
1173171.457,X_LEG_1,20.88,42.07,-6.85,1,1668,1624,NE
1173171.478,X_LEG_1,20.88,42.07,-6.85,1,1668,1624,NE
1173171.498,X_LEG_1,20.88,42.07,-6.85,1,1668,1624,NE
1173171.519,X_LEG_1,20.88,42.07,-6.85,1,1668,1624,NE
1173171.539,X_LEG_1,21.00,42.03,-6.85,1,1668,1623,NE
1173171.560,X_LEG_1,21.00,42.03,-6.85,1,1668,1623,NE
1173171.580,X_LEG_1,21.00,42.03,-6.85,1,1668,1623,NE
1173171.601,X_LEG_1,21.00,42.03,-6.85,1,1668,1623,NE
1173171.622,X_LEG_1,21.00,42.03,-6.85,1,1668,1623,NE
1173171.642,X_LEG_1,21.00,42.03,-6.85,1,1668,1623,NE
1173171.664,X_LEG_1,21.00,42.03,-6.85,1,1668,1623,NE
1173171.684,X_LEG_1,21.00,42.03,-6.85,1,1668,1623,NE
1173171.705,X_LEG_1,21.00,42.03,-6.85,1,1668,1623,NE
1173171.725,X_LEG_1,21.00,42.03,-6.85,1,1668,1623,NE
1173171.745,X_LEG_1,21.12,42.01,-6.86,1,1668,1623,NE
1173171.766,X_LEG_1,21.12,42.01,-6.86,1,1668,1623,NE
1173171.786,X_LEG_1,21.12,42.01,-6.86,1,1668,1623,NE
1173171.806,X_LEG_1,21.12,42.01,-6.86,1,1668,1623,NE
1173171.827,X_LEG_1,21.12,42.01,-6.86,1,1668,1623,NE
1173171.847,X_LEG_1,21.24,41.98,-6.86,1,1668,1623,NE
1173171.868,X_LEG_1,21.24,41.98,-6.86,1,1668,1623,NE
1173171.888,X_LEG_1,21.24,41.98,-6.86,1,1668,1623,NE
1173171.909,X_LEG_1,21.24,41.98,-6.86,1,1668,1623,NE
1173171.929,X_LEG_1,21.24,41.98,-6.86,1,1668,1623,NE
1173171.950,X_LEG_1,21.36,41.95,-5.85,1,1668,1622,NE
1173171.970,X_LEG_1,21.36,41.95,-5.85,1,1668,1622,NE
1173171.992,X_LEG_1,21.36,41.95,-5.85,1,1668,1622,NE
1173172.012,X_LEG_1,21.36,41.95,-5.85,1,1668,1622,NE
1173172.033,X_LEG_1,21.36,41.95,-5.85,1,1668,1622,NE
1173172.054,X_LEG_1,21.47,41.93,-5.87,1,1668,1622,NE
1173172.075,X_LEG_1,21.47,41.93,-5.87,1,1668,1622,NE
1173172.095,X_LEG_1,21.47,41.93,-5.87,1,1668,1622,NE
1173172.116,X_LEG_1,21.47,41.93,-5.87,1,1668,1622,NE
1173172.136,X_LEG_1,21.47,41.93,-5.87,1,1668,1622,NE
1173172.156,X_LEG_1,21.59,41.89,-5.87,1,1668,1622,NE
1173172.177,X_LEG_1,21.59,41.89,-5.87,1,1668,1622,NE
1173172.197,X_LEG_1,21.59,41.89,-5.87,1,1668,1622,NE
1173172.218,X_LEG_1,21.59,41.89,-5.87,1,1668,1622,NE
1173172.238,X_LEG_1,21.59,41.89,-5.87,1,1668,1622,NE
1173172.259,X_LEG_1,21.76,41.84,-5.88,1,1667,1621,NE
1173172.279,X_LEG_1,21.76,41.84,-5.88,1,1667,1621,NE
1173172.299,X_LEG_1,21.76,41.84,-5.88,1,1667,1621,NE
1173172.321,X_LEG_1,21.76,41.84,-5.88,1,1667,1621,NE
1173172.341,X_LEG_1,21.76,41.84,-5.88,1,1667,1621,NE
1173172.362,X_LEG_1,21.87,41.81,-5.88,1,1667,1621,NE
1173172.383,X_LEG_1,21.87,41.81,-5.88,1,1667,1621,NE
1173172.403,X_LEG_1,21.87,41.81,-5.88,1,1667,1621,NE
1173172.423,X_LEG_1,21.87,41.81,-5.88,1,1667,1621,NE
1173172.444,X_LEG_1,21.87,41.81,-5.88,1,1667,1621,NE
1173172.465,X_LEG_1,21.98,41.77,-5.88,1,1667,1621,NE
1173172.485,X_LEG_1,21.98,41.77,-5.88,1,1667,1621,NE
1173172.505,X_LEG_1,21.98,41.77,-5.88,1,1667,1621,NE
1173172.525,X_LEG_1,21.98,41.77,-5.88,1,1667,1621,NE
1173172.546,X_LEG_1,21.98,41.77,-5.88,1,1667,1621,NE
1173172.566,X_LEG_1,22.09,41.77,-4.88,1,1667,1620,NE
1173172.587,X_LEG_1,22.09,41.77,-4.88,1,1667,1620,NE
1173172.607,X_LEG_1,22.09,41.77,-4.88,1,1667,1620,NE
1173172.628,X_LEG_1,22.09,41.77,-4.88,1,1667,1620,NE
1173172.648,X_LEG_1,22.09,41.77,-4.88,1,1667,1620,NE
1173172.669,X_LEG_1,22.20,41.70,-4.90,1,1667,1620,NE
1173172.690,X_LEG_1,22.20,41.70,-4.90,1,1667,1620,NE
1173172.710,X_LEG_1,22.20,41.70,-4.90,1,1667,1620,NE
1173172.731,X_LEG_1,22.20,41.70,-4.90,1,1667,1620,NE
1173172.751,X_LEG_1,22.20,41.70,-4.90,1,1667,1620,NE
1173172.772,X_LEG_1,22.31,41.66,-4.91,1,1667,1620,NE
1173172.792,X_LEG_1,22.31,41.66,-4.91,1,1667,1620,NE
1173172.813,X_LEG_1,22.31,41.66,-4.91,1,1667,1620,NE
1173172.833,X_LEG_1,22.31,41.66,-4.91,1,1667,1620,NE
1173172.854,X_LEG_1,22.31,41.66,-4.91,1,1667,1620,NE
1173172.874,X_LEG_1,22.47,41.61,-4.91,1,1666,1619,NE
1173172.895,X_LEG_1,22.47,41.61,-4.91,1,1666,1619,NE
1173172.918,X_LEG_1,22.47,41.61,-4.91,1,1666,1619,NE
1173172.938,X_LEG_1,22.47,41.61,-4.91,1,1666,1619,NE
1173172.959,X_LEG_1,22.47,41.61,-4.91,1,1666,1619,NE
1173172.980,X_LEG_1,22.47,41.61,-4.91,1,1666,1619,NE
1173173.000,X_LEG_1,22.47,41.61,-4.91,1,1666,1619,NE
1173173.020,X_LEG_1,22.47,41.61,-4.91,1,1666,1619,NE
1173173.041,X_LEG_1,22.47,41.61,-4.91,1,1666,1619,NE
1173173.062,X_LEG_1,22.47,41.61,-4.91,1,1666,1619,NE
1173173.082,X_LEG_1,22.57,41.56,-4.91,1,1666,1619,NE
1173173.102,X_LEG_1,22.57,41.56,-4.91,1,1666,1619,NE
1173173.123,X_LEG_1,22.57,41.56,-4.91,1,1666,1619,NE
1173173.144,X_LEG_1,22.57,41.56,-4.91,1,1666,1619,NE
1173173.165,X_LEG_1,22.57,41.56,-4.91,1,1666,1619,NE
1173173.185,X_LEG_1,22.57,41.56,-3.91,1,1666,1619,NE
1173173.206,X_LEG_1,22.57,41.56,-3.91,1,1666,1619,NE
1173173.226,X_LEG_1,22.57,41.56,-3.91,1,1666,1619,NE
1173173.247,X_LEG_1,22.57,41.56,-3.91,1,1666,1619,NE
1173173.267,X_LEG_1,22.57,41.56,-3.91,1,1666,1619,NE
1173173.287,X_LEG_1,22.73,41.50,-3.93,1,1666,1618,NE
1173173.308,X_LEG_1,22.73,41.50,-3.93,1,1666,1618,NE
1173173.328,X_LEG_1,22.73,41.50,-3.93,1,1666,1618,NE
1173173.349,X_LEG_1,22.73,41.50,-3.93,1,1666,1618,NE
1173173.369,X_LEG_1,22.73,41.50,-3.93,1,1666,1618,NE
1173173.390,X_LEG_1,22.83,41.45,-3.93,1,1666,1618,NE
1173173.411,X_LEG_1,22.83,41.45,-3.93,1,1666,1618,NE
1173173.432,X_LEG_1,22.83,41.45,-3.93,1,1666,1618,NE
1173173.452,X_LEG_1,22.83,41.45,-3.93,1,1666,1618,NE
1173173.473,X_LEG_1,22.83,41.45,-3.93,1,1666,1618,NE
1173173.496,X_LEG_1,22.93,41.41,-3.93,1,1666,1618,NE
1173173.517,X_LEG_1,22.93,41.41,-3.93,1,1666,1618,NE
1173173.537,X_LEG_1,22.93,41.41,-3.93,1,1666,1618,NE
1173173.557,X_LEG_1,22.93,41.41,-3.93,1,1666,1618,NE
1173173.578,X_LEG_1,22.93,41.41,-3.93,1,1666,1618,NE
1173173.598,X_LEG_1,23.03,41.36,-3.95,1,1665,1617,NE
1173173.619,X_LEG_1,23.03,41.36,-3.95,1,1665,1617,NE
1173173.639,X_LEG_1,23.03,41.36,-3.95,1,1665,1617,NE
1173173.659,X_LEG_1,23.03,41.36,-3.95,1,1665,1617,NE
1173173.680,X_LEG_1,23.03,41.36,-3.95,1,1665,1617,NE
1173173.701,X_LEG_1,23.13,41.32,-3.95,1,1665,1617,NE
1173173.721,X_LEG_1,23.13,41.32,-3.95,1,1665,1617,NE
1173173.742,X_LEG_1,23.13,41.32,-3.95,1,1665,1617,NE
1173173.762,X_LEG_1,23.13,41.32,-3.95,1,1665,1617,NE
1173173.782,X_LEG_1,23.13,41.32,-3.95,1,1665,1617,NE
1173173.803,X_LEG_1,23.27,41.24,-3.96,1,1665,1617,NE
1173173.823,X_LEG_1,23.27,41.24,-3.96,1,1665,1617,NE
1173173.844,X_LEG_1,23.27,41.24,-3.96,1,1665,1617,NE
1173173.864,X_LEG_1,23.27,41.24,-3.96,1,1665,1617,NE
1173173.886,X_LEG_1,23.27,41.24,-3.96,1,1665,1617,NE
1173173.906,X_LEG_1,23.37,41.20,-3.96,1,1665,1616,NE
1173173.927,X_LEG_1,23.37,41.20,-3.96,1,1665,1616,NE
1173173.947,X_LEG_1,23.37,41.20,-3.96,1,1665,1616,NE
1173173.968,X_LEG_1,23.37,41.20,-3.96,1,1665,1616,NE
1173173.988,X_LEG_1,23.37,41.20,-3.96,1,1665,1616,NE
1173174.009,X_LEG_1,23.37,41.20,-3.96,1,1665,1616,NE
1173174.029,X_LEG_1,23.37,41.20,-3.96,1,1665,1616,NE
1173174.049,X_LEG_1,23.37,41.20,-3.96,1,1665,1616,NE
1173174.070,X_LEG_1,23.37,41.20,-3.96,1,1665,1616,NE
1173174.090,X_LEG_1,23.37,41.20,-3.96,1,1665,1616,NE
1173174.111,X_LEG_1,23.51,41.12,-3.98,1,1664,1616,NE
1173174.131,X_LEG_1,23.51,41.12,-3.98,1,1664,1616,NE
1173174.152,X_LEG_1,23.51,41.12,-3.98,1,1664,1616,NE
1173174.172,X_LEG_1,23.51,41.12,-3.98,1,1664,1616,NE
1173174.193,X_LEG_1,23.51,41.12,-3.98,1,1664,1616,NE
1173174.214,X_LEG_1,23.60,41.07,-3.98,1,1664,1616,NE
1173174.234,X_LEG_1,23.60,41.07,-3.98,1,1664,1616,NE
1173174.255,X_LEG_1,23.60,41.07,-3.98,1,1664,1616,NE
1173174.275,X_LEG_1,23.60,41.07,-3.98,1,1664,1616,NE
1173174.295,X_LEG_1,23.60,41.07,-3.98,1,1664,1616,NE
1173174.315,X_LEG_1,23.69,41.02,-3.98,1,1664,1615,NE
1173174.336,X_LEG_1,23.69,41.02,-3.98,1,1664,1615,NE
1173174.356,X_LEG_1,23.69,41.02,-3.98,1,1664,1615,NE
1173174.377,X_LEG_1,23.69,41.02,-3.98,1,1664,1615,NE
1173174.397,X_LEG_1,23.69,41.02,-3.98,1,1664,1615,NE
1173174.418,X_LEG_1,23.78,40.97,-3.99,1,1664,1615,NE
1173174.438,X_LEG_1,23.78,40.97,-3.99,1,1664,1615,NE
1173174.459,X_LEG_1,23.78,40.97,-3.99,1,1664,1615,NE
1173174.479,X_LEG_1,23.78,40.97,-3.99,1,1664,1615,NE
1173174.500,X_LEG_1,23.78,40.97,-3.99,1,1664,1615,NE
1173174.520,X_LEG_1,23.86,40.92,-3.00,1,1664,1615,NE
1173174.541,X_LEG_1,23.86,40.92,-3.00,1,1664,1615,NE
1173174.561,X_LEG_1,23.86,40.92,-3.00,1,1664,1615,NE
1173174.582,X_LEG_1,23.86,40.92,-3.00,1,1664,1615,NE
1173174.602,X_LEG_1,23.86,40.92,-3.00,1,1664,1615,NE
1173174.622,X_LEG_1,23.95,40.86,-3.01,1,1663,1615,NE
1173174.643,X_LEG_1,23.95,40.86,-3.01,1,1663,1615,NE
1173174.663,X_LEG_1,23.95,40.86,-3.01,1,1663,1615,NE
1173174.684,X_LEG_1,23.95,40.86,-3.01,1,1663,1615,NE
1173174.704,X_LEG_1,23.95,40.86,-3.01,1,1663,1615,NE
1173174.725,X_LEG_1,23.95,40.86,-3.01,1,1663,1615,NE
1173174.745,X_LEG_1,23.95,40.86,-3.01,1,1663,1615,NE
1173174.765,X_LEG_1,23.95,40.86,-3.01,1,1663,1615,NE
1173174.786,X_LEG_1,23.95,40.86,-3.01,1,1663,1615,NE
1173174.806,X_LEG_1,23.95,40.86,-3.01,1,1663,1615,NE
1173174.827,X_LEG_1,24.08,40.78,-3.02,1,1663,1614,NE
1173174.847,X_LEG_1,24.08,40.78,-3.02,1,1663,1614,NE
1173174.868,X_LEG_1,24.08,40.78,-3.02,1,1663,1614,NE
1173174.888,X_LEG_1,24.08,40.78,-3.02,1,1663,1614,NE
1173174.909,X_LEG_1,24.08,40.78,-3.02,1,1663,1614,NE
1173174.929,X_LEG_1,24.16,40.72,-3.03,1,1663,1614,NE
1173174.950,X_LEG_1,24.16,40.72,-3.03,1,1663,1614,NE
1173174.970,X_LEG_1,24.16,40.72,-3.03,1,1663,1614,NE
1173174.990,X_LEG_1,24.16,40.72,-3.03,1,1663,1614,NE
1173175.011,X_LEG_1,24.16,40.72,-3.03,1,1663,1614,NE
1173175.032,X_LEG_1,24.24,40.67,-3.04,1,1663,1614,NE
1173175.052,X_LEG_1,24.24,40.67,-3.04,1,1663,1614,NE
1173175.073,X_LEG_1,24.24,40.67,-3.04,1,1663,1614,NE
1173175.093,X_LEG_1,24.24,40.67,-3.04,1,1663,1614,NE
1173175.113,X_LEG_1,24.24,40.67,-3.04,1,1663,1614,NE
1173175.134,X_LEG_1,24.36,40.58,-3.05,1,1662,1613,NE
1173175.154,X_LEG_1,24.36,40.58,-3.05,1,1662,1613,NE
1173175.175,X_LEG_1,24.36,40.58,-3.05,1,1662,1613,NE
1173175.195,X_LEG_1,24.36,40.58,-3.05,1,1662,1613,NE
1173175.216,X_LEG_1,24.36,40.58,-3.05,1,1662,1613,NE
1173175.236,X_LEG_1,24.44,40.52,-3.05,1,1662,1613,NE
1173175.257,X_LEG_1,24.44,40.52,-3.05,1,1662,1613,NE
1173175.277,X_LEG_1,24.44,40.52,-3.05,1,1662,1613,NE
1173175.298,X_LEG_1,24.44,40.52,-3.05,1,1662,1613,NE
1173175.318,X_LEG_1,24.44,40.52,-3.05,1,1662,1613,NE
1173175.339,X_LEG_1,24.44,40.52,-3.05,1,1662,1613,NE
1173175.359,X_LEG_1,24.44,40.52,-3.05,1,1662,1613,NE
1173175.380,X_LEG_1,24.44,40.52,-3.05,1,1662,1613,NE
1173175.400,X_LEG_1,24.44,40.52,-3.05,1,1662,1613,NE
1173175.420,X_LEG_1,24.44,40.52,-3.05,1,1662,1613,NE
1173175.441,X_LEG_1,24.56,40.43,-3.06,1,1662,1613,NE
1173175.461,X_LEG_1,24.56,40.43,-3.06,1,1662,1613,NE
1173175.482,X_LEG_1,24.56,40.43,-3.06,1,1662,1613,NE
1173175.502,X_LEG_1,24.56,40.43,-3.06,1,1662,1613,NE
1173175.523,X_LEG_1,24.56,40.43,-3.06,1,1662,1613,NE
1173175.543,X_LEG_1,24.63,40.38,-3.07,1,1662,1613,NE
1173175.563,X_LEG_1,24.63,40.38,-3.07,1,1662,1613,NE
1173175.584,X_LEG_1,24.63,40.38,-3.07,1,1662,1613,NE
1173175.605,X_LEG_1,24.63,40.38,-3.07,1,1662,1613,NE
1173175.625,X_LEG_1,24.63,40.38,-3.07,1,1662,1613,NE
1173175.645,X_LEG_1,24.71,40.31,-3.08,1,1661,1612,NE
1173175.666,X_LEG_1,24.71,40.31,-3.08,1,1661,1612,NE
1173175.686,X_LEG_1,24.71,40.31,-3.08,1,1661,1612,NE
1173175.707,X_LEG_1,24.71,40.31,-3.08,1,1661,1612,NE
1173175.727,X_LEG_1,24.71,40.31,-3.08,1,1661,1612,NE
1173175.748,X_LEG_1,24.71,40.31,-3.08,1,1661,1612,NE
1173175.769,X_LEG_1,24.71,40.31,-3.08,1,1661,1612,NE
1173175.790,X_LEG_1,24.71,40.31,-3.08,1,1661,1612,NE
1173175.810,X_LEG_1,24.71,40.31,-3.08,1,1661,1612,NE
1173175.831,X_LEG_1,24.71,40.31,-3.08,1,1661,1612,NE
1173175.852,X_LEG_1,24.81,40.22,-2.10,1,1661,1612,NE
1173175.873,X_LEG_1,24.81,40.22,-2.10,1,1661,1612,NE
1173175.893,X_LEG_1,24.81,40.22,-2.10,1,1661,1612,NE
1173175.914,X_LEG_1,24.81,40.22,-2.10,1,1661,1612,NE
1173175.934,X_LEG_1,24.81,40.22,-2.10,1,1661,1612,NE
1173175.955,X_LEG_1,24.88,40.16,-2.10,1,1661,1612,NE
1173175.975,X_LEG_1,24.88,40.16,-2.10,1,1661,1612,NE
1173175.996,X_LEG_1,24.88,40.16,-2.10,1,1661,1612,NE
1173176.016,X_LEG_1,24.88,40.16,-2.10,1,1661,1612,NE
1173176.036,X_LEG_1,24.88,40.16,-2.10,1,1661,1612,NE
1173176.057,X_LEG_1,24.95,40.09,-2.10,1,1660,1612,NE
1173176.077,X_LEG_1,24.95,40.09,-2.10,1,1660,1612,NE
1173176.098,X_LEG_1,24.95,40.09,-2.10,1,1660,1612,NE
1173176.119,X_LEG_1,24.95,40.09,-2.10,1,1660,1612,NE
1173176.139,X_LEG_1,24.95,40.09,-2.10,1,1660,1612,NE
1173176.160,X_LEG_1,25.05,40.00,-2.12,1,1660,1611,NE
1173176.180,X_LEG_1,25.05,40.00,-2.12,1,1660,1611,NE
1173176.200,X_LEG_1,25.05,40.00,-2.12,1,1660,1611,NE
1173176.221,X_LEG_1,25.05,40.00,-2.12,1,1660,1611,NE
1173176.241,X_LEG_1,25.05,40.00,-2.12,1,1660,1611,NE
1173176.262,X_LEG_1,25.12,39.93,-2.13,1,1660,1611,NE
1173176.282,X_LEG_1,25.12,39.93,-2.13,1,1660,1611,NE
1173176.303,X_LEG_1,25.12,39.93,-2.13,1,1660,1611,NE
1173176.323,X_LEG_1,25.12,39.93,-2.13,1,1660,1611,NE
1173176.343,X_LEG_1,25.12,39.93,-2.13,1,1660,1611,NE
1173176.364,X_LEG_1,25.12,39.93,-2.13,1,1660,1611,NE
1173176.385,X_LEG_1,25.12,39.93,-2.13,1,1660,1611,NE
1173176.405,X_LEG_1,25.12,39.93,-2.13,1,1660,1611,NE
1173176.425,X_LEG_1,25.12,39.93,-2.13,1,1660,1611,NE
1173176.447,X_LEG_1,25.12,39.93,-2.13,1,1660,1611,NE
1173176.467,X_LEG_1,25.22,39.83,-2.14,1,1659,1611,NE
1173176.487,X_LEG_1,25.22,39.83,-2.14,1,1659,1611,NE
1173176.508,X_LEG_1,25.22,39.83,-2.14,1,1659,1611,NE
1173176.528,X_LEG_1,25.22,39.83,-2.14,1,1659,1611,NE
1173176.549,X_LEG_1,25.22,39.83,-2.14,1,1659,1611,NE
1173176.570,X_LEG_1,25.28,39.76,-2.14,1,1659,1611,NE
1173176.590,X_LEG_1,25.28,39.76,-2.14,1,1659,1611,NE
1173176.611,X_LEG_1,25.28,39.76,-2.14,1,1659,1611,NE
1173176.631,X_LEG_1,25.28,39.76,-2.14,1,1659,1611,NE
1173176.652,X_LEG_1,25.28,39.76,-2.14,1,1659,1611,NE
1173176.672,X_LEG_1,25.28,39.76,-2.14,1,1659,1611,NE
1173176.693,X_LEG_1,25.28,39.76,-2.14,1,1659,1611,NE
1173176.713,X_LEG_1,25.28,39.76,-2.14,1,1659,1611,NE
1173176.734,X_LEG_1,25.28,39.76,-2.14,1,1659,1611,NE
1173176.754,X_LEG_1,25.28,39.76,-2.14,1,1659,1611,NE
1173176.775,X_LEG_1,25.28,39.76,-2.14,1,1659,1611,NE
1173176.795,X_LEG_1,25.28,39.76,-2.14,1,1659,1611,NE
1173176.815,X_LEG_1,25.28,39.76,-2.14,1,1659,1611,NE
1173176.837,X_LEG_1,25.28,39.76,-2.14,1,1659,1611,NE
1173176.857,X_LEG_1,25.28,39.76,-2.14,1,1659,1611,NE
1173176.877,X_LEG_1,25.43,39.60,-2.16,1,1658,1610,NE
1173176.898,X_LEG_1,25.43,39.60,-2.16,1,1658,1610,NE
1173176.918,X_LEG_1,25.43,39.60,-2.16,1,1658,1610,NE
1173176.939,X_LEG_1,25.43,39.60,-2.16,1,1658,1610,NE
1173176.959,X_LEG_1,25.43,39.60,-2.16,1,1658,1610,NE
1173176.980,X_LEG_1,25.51,39.49,-2.17,1,1658,1610,NE
1173177.000,X_LEG_1,25.51,39.49,-2.17,1,1658,1610,NE
1173177.021,X_LEG_1,25.51,39.49,-2.17,1,1658,1610,NE
1173177.041,X_LEG_1,25.51,39.49,-2.17,1,1658,1610,NE
1173177.062,X_LEG_1,25.51,39.49,-2.17,1,1658,1610,NE
1173177.082,X_LEG_1,25.57,39.42,-2.18,1,1658,1610,NE
1173177.103,X_LEG_1,25.57,39.42,-2.18,1,1658,1610,NE
1173177.123,X_LEG_1,25.57,39.42,-2.18,1,1658,1610,NE
1173177.144,X_LEG_1,25.57,39.42,-2.18,1,1658,1610,NE
1173177.164,X_LEG_1,25.57,39.42,-2.18,1,1658,1610,NE
1173177.186,X_LEG_1,25.62,39.36,-2.19,1,1657,1610,NE
1173177.206,X_LEG_1,25.62,39.36,-2.19,1,1657,1610,NE
1173177.226,X_LEG_1,25.62,39.36,-2.19,1,1657,1610,NE
1173177.246,X_LEG_1,25.62,39.36,-2.19,1,1657,1610,NE
1173177.267,X_LEG_1,25.62,39.36,-2.19,1,1657,1610,NE
1173177.287,X_LEG_1,25.62,39.36,-2.19,1,1657,1610,NE
1173177.308,X_LEG_1,25.62,39.36,-2.19,1,1657,1610,NE
1173177.330,X_LEG_1,25.62,39.36,-2.19,1,1657,1610,NE
1173177.352,X_LEG_1,25.62,39.36,-2.19,1,1657,1610,NE
1173177.373,X_LEG_1,25.62,39.36,-2.19,1,1657,1610,NE
1173177.393,X_LEG_1,25.70,39.25,-2.20,1,1657,1609,NE
1173177.414,X_LEG_1,25.70,39.25,-2.20,1,1657,1609,NE
1173177.434,X_LEG_1,25.70,39.25,-2.20,1,1657,1609,NE
1173177.455,X_LEG_1,25.70,39.25,-2.20,1,1657,1609,NE
1173177.475,X_LEG_1,25.70,39.25,-2.20,1,1657,1609,NE
1173177.495,X_LEG_1,25.75,39.18,-2.22,1,1657,1609,NE
1173177.516,X_LEG_1,25.75,39.18,-2.22,1,1657,1609,NE
1173177.537,X_LEG_1,25.75,39.18,-2.22,1,1657,1609,NE
1173177.557,X_LEG_1,25.75,39.18,-2.22,1,1657,1609,NE
1173177.578,X_LEG_1,25.75,39.18,-2.22,1,1657,1609,NE
1173177.598,X_LEG_1,25.80,39.10,-1.21,1,1656,1609,NE
1173177.619,X_LEG_1,25.80,39.10,-1.21,1,1656,1609,NE
1173177.639,X_LEG_1,25.80,39.10,-1.21,1,1656,1609,NE
1173177.660,X_LEG_1,25.80,39.10,-1.21,1,1656,1609,NE
1173177.680,X_LEG_1,25.80,39.10,-1.21,1,1656,1609,NE
1173177.701,X_LEG_1,25.80,39.10,-1.21,1,1656,1609,NE
1173177.721,X_LEG_1,25.80,39.10,-1.21,1,1656,1609,NE
1173177.742,X_LEG_1,25.80,39.10,-1.21,1,1656,1609,NE
1173177.763,X_LEG_1,25.80,39.10,-1.21,1,1656,1609,NE
1173177.783,X_LEG_1,25.80,39.10,-1.21,1,1656,1609,NE
1173177.804,X_LEG_1,25.85,39.03,-1.23,1,1656,1609,NE
1173177.824,X_LEG_1,25.85,39.03,-1.23,1,1656,1609,NE
1173177.845,X_LEG_1,25.85,39.03,-1.23,1,1656,1609,NE
1173177.865,X_LEG_1,25.85,39.03,-1.23,1,1656,1609,NE
1173177.885,X_LEG_1,25.85,39.03,-1.23,1,1656,1609,NE
1173177.906,X_LEG_1,25.92,38.93,-1.24,1,1656,1609,NE
1173177.926,X_LEG_1,25.92,38.93,-1.24,1,1656,1609,NE
1173177.947,X_LEG_1,25.92,38.93,-1.24,1,1656,1609,NE
1173177.967,X_LEG_1,25.92,38.93,-1.24,1,1656,1609,NE
1173177.988,X_LEG_1,25.92,38.93,-1.24,1,1656,1609,NE
1173178.008,X_LEG_1,25.96,38.85,-1.24,1,1655,1609,NE
1173178.028,X_LEG_1,25.96,38.85,-1.24,1,1655,1609,NE
1173178.049,X_LEG_1,25.96,38.85,-1.24,1,1655,1609,NE
1173178.070,X_LEG_1,25.96,38.85,-1.24,1,1655,1609,NE
1173178.090,X_LEG_1,25.96,38.85,-1.24,1,1655,1609,NE
1173178.110,X_LEG_1,26.00,38.78,-1.26,1,1655,1608,NE
1173178.132,X_LEG_1,26.00,38.78,-1.26,1,1655,1608,NE
1173178.152,X_LEG_1,26.00,38.78,-1.26,1,1655,1608,NE
1173178.173,X_LEG_1,26.00,38.78,-1.26,1,1655,1608,NE
1173178.194,X_LEG_1,26.00,38.78,-1.26,1,1655,1608,NE
1173178.215,X_LEG_1,26.04,38.71,-1.26,1,1655,1608,NE
1173178.235,X_LEG_1,26.04,38.71,-1.26,1,1655,1608,NE
1173178.256,X_LEG_1,26.04,38.71,-1.26,1,1655,1608,NE
1173178.276,X_LEG_1,26.04,38.71,-1.26,1,1655,1608,NE
1173178.297,X_LEG_1,26.04,38.71,-1.26,1,1655,1608,NE
1173178.317,X_LEG_1,26.08,38.63,-1.27,1,1655,1608,NE
1173178.338,X_LEG_1,26.08,38.63,-1.27,1,1655,1608,NE
1173178.359,X_LEG_1,26.08,38.63,-1.27,1,1655,1608,NE
1173178.379,X_LEG_1,26.08,38.63,-1.27,1,1655,1608,NE
1173178.399,X_LEG_1,26.08,38.63,-1.27,1,1655,1608,NE
1173178.420,X_LEG_1,26.12,38.56,-1.28,1,1654,1608,NE
1173178.442,X_LEG_1,26.12,38.56,-1.28,1,1654,1608,NE
1173178.461,X_LEG_1,26.12,38.56,-1.28,1,1654,1608,NE
1173178.481,X_LEG_1,26.12,38.56,-1.28,1,1654,1608,NE
1173178.502,X_LEG_1,26.12,38.56,-1.28,1,1654,1608,NE
1173178.523,X_LEG_1,26.16,38.48,-1.29,1,1654,1608,NE
1173178.543,X_LEG_1,26.16,38.48,-1.29,1,1654,1608,NE
1173178.564,X_LEG_1,26.16,38.48,-1.29,1,1654,1608,NE
1173178.586,X_LEG_1,26.16,38.48,-1.29,1,1654,1608,NE
1173178.605,X_LEG_1,26.16,38.48,-1.29,1,1654,1608,NE
1173178.625,X_LEG_1,26.19,38.40,-1.30,1,1654,1608,NE
1173178.646,X_LEG_1,26.19,38.40,-1.30,1,1654,1608,NE
1173178.666,X_LEG_1,26.19,38.40,-1.30,1,1654,1608,NE
1173178.686,X_LEG_1,26.19,38.40,-1.30,1,1654,1608,NE
1173178.707,X_LEG_1,26.19,38.40,-1.30,1,1654,1608,NE
1173178.727,X_LEG_1,26.23,38.33,-1.30,1,1653,1608,NE
1173178.748,X_LEG_1,26.23,38.33,-1.30,1,1653,1608,NE
1173178.769,X_LEG_1,26.23,38.33,-1.30,1,1653,1608,NE
1173178.789,X_LEG_1,26.23,38.33,-1.30,1,1653,1608,NE
1173178.810,X_LEG_1,26.23,38.33,-1.30,1,1653,1608,NE
1173178.830,X_LEG_1,26.23,38.33,-1.30,1,1653,1608,NE
1173178.851,X_LEG_1,26.23,38.33,-1.30,1,1653,1608,NE
1173178.871,X_LEG_1,26.23,38.33,-1.30,1,1653,1608,NE
1173178.891,X_LEG_1,26.23,38.33,-1.30,1,1653,1608,NE
1173178.911,X_LEG_1,26.23,38.33,-1.30,1,1653,1608,NE
1173178.932,X_LEG_1,26.26,38.26,-1.31,1,1653,1608,NE
1173178.953,X_LEG_1,26.26,38.26,-1.31,1,1653,1608,NE
1173178.973,X_LEG_1,26.26,38.26,-1.31,1,1653,1608,NE
1173178.994,X_LEG_1,26.26,38.26,-1.31,1,1653,1608,NE
1173179.015,X_LEG_1,26.26,38.26,-1.31,1,1653,1608,NE
1173179.035,X_LEG_1,26.29,38.18,-1.31,1,1653,1608,NE
1173179.056,X_LEG_1,26.29,38.18,-1.31,1,1653,1608,NE
1173179.076,X_LEG_1,26.29,38.18,-1.31,1,1653,1608,NE
1173179.097,X_LEG_1,26.29,38.18,-1.31,1,1653,1608,NE
1173179.117,X_LEG_1,26.29,38.18,-1.31,1,1653,1608,NE
1173179.138,X_LEG_1,26.29,38.18,-1.31,1,1653,1608,NE
1173179.159,X_LEG_1,26.29,38.18,-1.31,1,1653,1608,NE
1173179.179,X_LEG_1,26.29,38.18,-1.31,1,1653,1608,NE
1173179.200,X_LEG_1,26.29,38.18,-1.31,1,1653,1608,NE
1173179.220,X_LEG_1,26.29,38.18,-1.31,1,1653,1608,NE
1173179.241,X_LEG_1,26.33,38.06,-1.33,1,1652,1608,NE
1173179.261,X_LEG_1,26.33,38.06,-1.33,1,1652,1608,NE
1173179.282,X_LEG_1,26.33,38.06,-1.33,1,1652,1608,NE
1173179.305,X_LEG_1,26.33,38.06,-1.33,1,1652,1608,NE
1173179.325,X_LEG_1,26.33,38.06,-1.33,1,1652,1608,NE
1173179.346,X_LEG_1,26.39,37.90,-1.35,1,1652,1607,NE
1173179.367,X_LEG_1,26.39,37.90,-1.35,1,1652,1607,NE
1173179.388,X_LEG_1,26.39,37.90,-1.35,1,1652,1607,NE
1173179.408,X_LEG_1,26.39,37.90,-1.35,1,1652,1607,NE
1173179.429,X_LEG_1,26.39,37.90,-1.35,1,1652,1607,NE
1173179.449,X_LEG_1,26.39,37.90,-1.35,1,1652,1607,NE
1173179.470,X_LEG_1,26.39,37.90,-1.35,1,1652,1607,NE
1173179.490,X_LEG_1,26.39,37.90,-1.35,1,1652,1607,NE
1173179.511,X_LEG_1,26.39,37.90,-1.35,1,1652,1607,NE
1173179.531,X_LEG_1,26.39,37.90,-1.35,1,1652,1607,NE
1173179.552,X_LEG_1,26.41,37.82,-1.35,1,1651,1607,NE
1173179.572,X_LEG_1,26.41,37.82,-1.35,1,1651,1607,NE
1173179.592,X_LEG_1,26.41,37.82,-1.35,1,1651,1607,NE
1173179.613,X_LEG_1,26.41,37.82,-1.35,1,1651,1607,NE
1173179.633,X_LEG_1,26.41,37.82,-1.35,1,1651,1607,NE
1173179.654,X_LEG_1,26.43,37.75,-1.37,1,1651,1607,NE
1173179.674,X_LEG_1,26.43,37.75,-1.37,1,1651,1607,NE
1173179.695,X_LEG_1,26.43,37.75,-1.37,1,1651,1607,NE
1173179.715,X_LEG_1,26.43,37.75,-1.37,1,1651,1607,NE
1173179.736,X_LEG_1,26.43,37.75,-1.37,1,1651,1607,NE
1173179.756,X_LEG_1,26.47,37.63,-1.38,1,1651,1607,NE
1173179.776,X_LEG_1,26.47,37.63,-1.38,1,1651,1607,NE
1173179.797,X_LEG_1,26.47,37.63,-1.38,1,1651,1607,NE
1173179.817,X_LEG_1,26.47,37.63,-1.38,1,1651,1607,NE
1173179.837,X_LEG_1,26.47,37.63,-1.38,1,1651,1607,NE
1173179.858,X_LEG_1,26.50,37.52,-1.39,1,1650,1607,NE
1173179.878,X_LEG_1,26.50,37.52,-1.39,1,1650,1607,NE
1173179.900,X_LEG_1,26.50,37.52,-1.39,1,1650,1607,NE
1173179.920,X_LEG_1,26.50,37.52,-1.39,1,1650,1607,NE
1173179.941,X_LEG_1,26.50,37.52,-1.39,1,1650,1607,NE
1173179.961,X_LEG_1,26.50,37.52,-1.39,1,1650,1607,NE
1173179.982,X_LEG_1,26.50,37.52,-1.39,1,1650,1607,NE
1173180.002,X_LEG_1,26.50,37.52,-1.39,1,1650,1607,NE
1173180.023,X_LEG_1,26.50,37.52,-1.39,1,1650,1607,NE
1173180.043,X_LEG_1,26.50,37.52,-1.39,1,1650,1607,NE
1173180.063,X_LEG_1,26.52,37.39,-1.40,1,1650,1607,NE
1173180.084,X_LEG_1,26.52,37.39,-1.40,1,1650,1607,NE
1173180.104,X_LEG_1,26.52,37.39,-1.40,1,1650,1607,NE
1173180.125,X_LEG_1,26.52,37.39,-1.40,1,1650,1607,NE
1173180.145,X_LEG_1,26.52,37.39,-1.40,1,1650,1607,NE
1173180.166,X_LEG_1,26.54,37.32,-1.41,1,1649,1607,NE
1173180.187,X_LEG_1,26.54,37.32,-1.41,1,1649,1607,NE
1173180.207,X_LEG_1,26.54,37.32,-1.41,1,1649,1607,NE
1173180.228,X_LEG_1,26.54,37.32,-1.41,1,1649,1607,NE
1173180.248,X_LEG_1,26.54,37.32,-1.41,1,1649,1607,NE
1173180.268,X_LEG_1,26.55,37.23,-1.43,1,1649,1607,NE
1173180.290,X_LEG_1,26.55,37.23,-1.43,1,1649,1607,NE
1173180.310,X_LEG_1,26.55,37.23,-1.43,1,1649,1607,NE
1173180.331,X_LEG_1,26.55,37.23,-1.43,1,1649,1607,NE
1173180.351,X_LEG_1,26.55,37.23,-1.43,1,1649,1607,NE
1173180.372,X_LEG_1,26.56,37.15,-1.43,1,1649,1607,NE
1173180.392,X_LEG_1,26.56,37.15,-1.43,1,1649,1607,NE
1173180.413,X_LEG_1,26.56,37.15,-1.43,1,1649,1607,NE
1173180.433,X_LEG_1,26.56,37.15,-1.43,1,1649,1607,NE
1173180.454,X_LEG_1,26.56,37.15,-1.43,1,1649,1607,NE
1173180.474,X_LEG_1,26.57,37.07,-1.43,1,1648,1607,NE
1173180.494,X_LEG_1,26.57,37.07,-1.43,1,1648,1607,NE
1173180.514,X_LEG_1,26.57,37.07,-1.43,1,1648,1607,NE
1173180.535,X_LEG_1,26.57,37.07,-1.43,1,1648,1607,NE
1173180.556,X_LEG_1,26.57,37.07,-1.43,1,1648,1607,NE
1173180.576,X_LEG_1,26.59,36.95,-1.45,1,1648,1607,NE
1173180.596,X_LEG_1,26.59,36.95,-1.45,1,1648,1607,NE
1173180.617,X_LEG_1,26.59,36.95,-1.45,1,1648,1607,NE
1173180.638,X_LEG_1,26.59,36.95,-1.45,1,1648,1607,NE
1173180.658,X_LEG_1,26.59,36.95,-1.45,1,1648,1607,NE
1173180.679,X_LEG_1,26.59,36.87,-1.45,1,1647,1607,NE
1173180.699,X_LEG_1,26.59,36.87,-1.45,1,1647,1607,NE
1173180.719,X_LEG_1,26.59,36.87,-1.45,1,1647,1607,NE
1173180.740,X_LEG_1,26.59,36.87,-1.45,1,1647,1607,NE
1173180.762,X_LEG_1,26.59,36.87,-1.45,1,1647,1607,NE
1173180.783,X_LEG_1,26.60,36.78,-1.47,1,1647,1607,NE
1173180.805,X_LEG_1,26.60,36.78,-1.47,1,1647,1607,NE
1173180.825,X_LEG_1,26.60,36.78,-1.47,1,1647,1607,NE
1173180.845,X_LEG_1,26.60,36.78,-1.47,1,1647,1607,NE
1173180.866,X_LEG_1,26.60,36.78,-1.47,1,1647,1607,NE
1173180.886,X_LEG_1,26.60,36.70,-1.47,1,1647,1607,NE
1173180.907,X_LEG_1,26.60,36.70,-1.47,1,1647,1607,NE
1173180.929,X_LEG_1,26.60,36.70,-1.47,1,1647,1607,NE
1173180.949,X_LEG_1,26.60,36.70,-1.47,1,1647,1607,NE
1173180.970,X_LEG_1,26.60,36.70,-1.47,1,1647,1607,NE
1173180.990,X_LEG_1,26.61,36.62,-1.48,1,1646,1607,NE
1173181.011,X_LEG_1,26.61,36.62,-1.48,1,1646,1607,NE
1173181.032,X_LEG_1,26.61,36.62,-1.48,1,1646,1607,NE
1173181.052,X_LEG_1,26.61,36.62,-1.48,1,1646,1607,NE
1173181.073,X_LEG_1,26.61,36.62,-1.48,1,1646,1607,NE
1173181.093,X_LEG_1,26.61,36.62,-0.48,1,1646,1607,NE
1173181.114,X_LEG_1,26.61,36.62,-0.48,1,1646,1607,NE
1173181.135,X_LEG_1,26.61,36.62,-0.48,1,1646,1607,NE
1173181.155,X_LEG_1,26.61,36.62,-0.48,1,1646,1607,NE
1173181.176,X_LEG_1,26.61,36.62,-0.48,1,1646,1607,NE
1173181.197,X_LEG_1,26.61,36.53,-0.49,1,1646,1607,NE
1173181.218,X_LEG_1,26.61,36.53,-0.49,1,1646,1607,NE
1173181.238,X_LEG_1,26.61,36.53,-0.49,1,1646,1607,NE
1173181.258,X_LEG_1,26.61,36.53,-0.49,1,1646,1607,NE
1173181.279,X_LEG_1,26.61,36.53,-0.49,1,1646,1607,NE
1173181.300,X_LEG_1,26.61,36.45,-0.49,1,1646,1607,NE
1173181.320,X_LEG_1,26.61,36.45,-0.49,1,1646,1607,NE
1173181.340,X_LEG_1,26.61,36.45,-0.49,1,1646,1607,NE
1173181.360,X_LEG_1,26.61,36.45,-0.49,1,1646,1607,NE
1173181.381,X_LEG_1,26.61,36.45,-0.49,1,1646,1607,NE
1173181.401,X_LEG_1,26.60,36.37,-0.50,1,1645,1607,NE
1173181.422,X_LEG_1,26.60,36.37,-0.50,1,1645,1607,NE
1173181.442,X_LEG_1,26.60,36.37,-0.50,1,1645,1607,NE
1173181.463,X_LEG_1,26.60,36.37,-0.50,1,1645,1607,NE
1173181.483,X_LEG_1,26.60,36.37,-0.50,1,1645,1607,NE
1173181.504,X_LEG_1,26.60,36.37,-0.50,1,1645,1607,NE
1173181.524,X_LEG_1,26.60,36.37,-0.50,1,1645,1607,NE
1173181.544,X_LEG_1,26.60,36.37,-0.50,1,1645,1607,NE
1173181.565,X_LEG_1,26.60,36.37,-0.50,1,1645,1607,NE
1173181.586,X_LEG_1,26.60,36.37,-0.50,1,1645,1607,NE
1173181.606,X_LEG_1,26.60,36.25,-0.51,1,1645,1607,NE
1173181.627,X_LEG_1,26.60,36.25,-0.51,1,1645,1607,NE
1173181.647,X_LEG_1,26.60,36.25,-0.51,1,1645,1607,NE
1173181.667,X_LEG_1,26.60,36.25,-0.51,1,1645,1607,NE
1173181.688,X_LEG_1,26.60,36.25,-0.51,1,1645,1607,NE
1173181.708,X_LEG_1,26.59,36.17,-0.53,1,1645,1607,NE
1173181.729,X_LEG_1,26.59,36.17,-0.53,1,1645,1607,NE
1173181.749,X_LEG_1,26.59,36.17,-0.53,1,1645,1607,NE
1173181.770,X_LEG_1,26.59,36.17,-0.53,1,1645,1607,NE
1173181.790,X_LEG_1,26.59,36.17,-0.53,1,1645,1607,NE
1173181.811,X_LEG_1,26.58,36.04,-0.53,1,1644,1607,NE
1173181.831,X_LEG_1,26.58,36.04,-0.53,1,1644,1607,NE
1173181.852,X_LEG_1,26.58,36.04,-0.53,1,1644,1607,NE
1173181.872,X_LEG_1,26.58,36.04,-0.53,1,1644,1607,NE
1173181.892,X_LEG_1,26.58,36.04,-0.53,1,1644,1607,NE
1173181.913,X_LEG_1,26.57,35.96,-0.56,1,1644,1607,NE
1173181.934,X_LEG_1,26.57,35.96,-0.56,1,1644,1607,NE
1173181.954,X_LEG_1,26.57,35.96,-0.56,1,1644,1607,NE
1173181.975,X_LEG_1,26.57,35.96,-0.56,1,1644,1607,NE
1173181.996,X_LEG_1,26.57,35.96,-0.56,1,1644,1607,NE
1173182.016,X_LEG_1,26.56,35.87,-0.55,1,1643,1607,NE
1173182.037,X_LEG_1,26.56,35.87,-0.55,1,1643,1607,NE
1173182.057,X_LEG_1,26.56,35.87,-0.55,1,1643,1607,NE
1173182.077,X_LEG_1,26.56,35.87,-0.55,1,1643,1607,NE
1173182.098,X_LEG_1,26.56,35.87,-0.55,1,1643,1607,NE
1173182.118,X_LEG_1,26.55,35.79,-0.56,1,1643,1607,NE
1173182.139,X_LEG_1,26.55,35.79,-0.56,1,1643,1607,NE
1173182.159,X_LEG_1,26.55,35.79,-0.56,1,1643,1607,NE
1173182.179,X_LEG_1,26.55,35.79,-0.56,1,1643,1607,NE
1173182.200,X_LEG_1,26.55,35.79,-0.56,1,1643,1607,NE
1173182.220,X_LEG_1,26.54,35.70,-0.57,1,1643,1607,NE
1173182.241,X_LEG_1,26.54,35.70,-0.57,1,1643,1607,NE
1173182.261,X_LEG_1,26.54,35.70,-0.57,1,1643,1607,NE
1173182.282,X_LEG_1,26.54,35.70,-0.57,1,1643,1607,NE
1173182.302,X_LEG_1,26.54,35.70,-0.57,1,1643,1607,NE
1173182.322,X_LEG_1,26.54,35.70,-0.57,1,1643,1607,NE
1173182.342,X_LEG_1,26.54,35.70,-0.57,1,1643,1607,NE
1173182.363,X_LEG_1,26.54,35.70,-0.57,1,1643,1607,NE
1173182.383,X_LEG_1,26.54,35.70,-0.57,1,1643,1607,NE
1173182.404,X_LEG_1,26.54,35.70,-0.57,1,1643,1607,NE
1173182.424,X_LEG_1,26.51,35.58,-0.59,1,1642,1607,NE
1173182.445,X_LEG_1,26.51,35.58,-0.59,1,1642,1607,NE
1173182.465,X_LEG_1,26.51,35.58,-0.59,1,1642,1607,NE
1173182.485,X_LEG_1,26.51,35.58,-0.59,1,1642,1607,NE
1173182.506,X_LEG_1,26.51,35.58,-0.59,1,1642,1607,NE
1173182.527,X_LEG_1,26.50,35.50,-0.60,1,1642,1607,NE
1173182.547,X_LEG_1,26.50,35.50,-0.60,1,1642,1607,NE
1173182.567,X_LEG_1,26.50,35.50,-0.60,1,1642,1607,NE
1173182.588,X_LEG_1,26.50,35.50,-0.60,1,1642,1607,NE
1173182.608,X_LEG_1,26.50,35.50,-0.60,1,1642,1607,NE
1173182.628,X_LEG_1,26.48,35.42,-0.61,1,1642,1607,NE
1173182.649,X_LEG_1,26.48,35.42,-0.61,1,1642,1607,NE
1173182.669,X_LEG_1,26.48,35.42,-0.61,1,1642,1607,NE
1173182.690,X_LEG_1,26.48,35.42,-0.61,1,1642,1607,NE
1173182.710,X_LEG_1,26.48,35.42,-0.61,1,1642,1607,NE
1173182.732,X_LEG_1,26.46,35.33,-0.62,1,1641,1607,NE
1173182.752,X_LEG_1,26.46,35.33,-0.62,1,1641,1607,NE
1173182.773,X_LEG_1,26.46,35.33,-0.62,1,1641,1607,NE
1173182.794,X_LEG_1,26.46,35.33,-0.62,1,1641,1607,NE
1173182.814,X_LEG_1,26.46,35.33,-0.62,1,1641,1607,NE
1173182.835,X_LEG_1,26.43,35.20,-0.63,1,1641,1607,NE
1173182.856,X_LEG_1,26.43,35.20,-0.63,1,1641,1607,NE
1173182.876,X_LEG_1,26.43,35.20,-0.63,1,1641,1607,NE
1173182.897,X_LEG_1,26.43,35.20,-0.63,1,1641,1607,NE
1173182.917,X_LEG_1,26.43,35.20,-0.63,1,1641,1607,NE
1173182.937,X_LEG_1,26.43,35.20,-0.63,1,1641,1607,NE
1173182.958,X_LEG_1,26.43,35.20,-0.63,1,1641,1607,NE
1173182.978,X_LEG_1,26.43,35.20,-0.63,1,1641,1607,NE
1173182.999,X_LEG_1,26.43,35.20,-0.63,1,1641,1607,NE
1173183.019,X_LEG_1,26.43,35.20,-0.63,1,1641,1607,NE
1173183.040,X_LEG_1,26.39,35.08,-0.63,1,1640,1607,NE
1173183.061,X_LEG_1,26.39,35.08,-0.63,1,1640,1607,NE
1173183.081,X_LEG_1,26.39,35.08,-0.63,1,1640,1607,NE
1173183.101,X_LEG_1,26.39,35.08,-0.63,1,1640,1607,NE
1173183.122,X_LEG_1,26.39,35.08,-0.63,1,1640,1607,NE
1173183.142,X_LEG_1,26.37,34.99,-0.65,1,1640,1607,NE
1173183.163,X_LEG_1,26.37,34.99,-0.65,1,1640,1607,NE
1173183.183,X_LEG_1,26.37,34.99,-0.65,1,1640,1607,NE
1173183.204,X_LEG_1,26.37,34.99,-0.65,1,1640,1607,NE
1173183.224,X_LEG_1,26.37,34.99,-0.65,1,1640,1607,NE
1173183.244,X_LEG_1,26.34,34.91,-0.65,1,1640,1607,NE
1173183.265,X_LEG_1,26.34,34.91,-0.65,1,1640,1607,NE
1173183.285,X_LEG_1,26.34,34.91,-0.65,1,1640,1607,NE
1173183.306,X_LEG_1,26.34,34.91,-0.65,1,1640,1607,NE
1173183.326,X_LEG_1,26.34,34.91,-0.65,1,1640,1607,NE
1173183.347,X_LEG_1,26.31,34.82,-0.67,1,1639,1608,NE
1173183.367,X_LEG_1,26.31,34.82,-0.67,1,1639,1608,NE
1173183.387,X_LEG_1,26.31,34.82,-0.67,1,1639,1608,NE
1173183.408,X_LEG_1,26.31,34.82,-0.67,1,1639,1608,NE
1173183.428,X_LEG_1,26.31,34.82,-0.67,1,1639,1608,NE
1173183.448,X_LEG_1,26.31,34.82,-0.67,1,1639,1608,NE
1173183.469,X_LEG_1,26.31,34.82,-0.67,1,1639,1608,NE
1173183.489,X_LEG_1,26.31,34.82,-0.67,1,1639,1608,NE
1173183.511,X_LEG_1,26.31,34.82,-0.67,1,1639,1608,NE
1173183.531,X_LEG_1,26.31,34.82,-0.67,1,1639,1608,NE
1173183.552,X_LEG_1,26.26,34.69,-0.67,1,1639,1608,NE
1173183.573,X_LEG_1,26.26,34.69,-0.67,1,1639,1608,NE
1173183.593,X_LEG_1,26.26,34.69,-0.67,1,1639,1608,NE
1173183.614,X_LEG_1,26.26,34.69,-0.67,1,1639,1608,NE
1173183.634,X_LEG_1,26.26,34.69,-0.67,1,1639,1608,NE
1173183.654,X_LEG_1,26.23,34.61,-0.68,1,1638,1608,NE
1173183.675,X_LEG_1,26.23,34.61,-0.68,1,1638,1608,NE
1173183.695,X_LEG_1,26.23,34.61,-0.68,1,1638,1608,NE
1173183.716,X_LEG_1,26.23,34.61,-0.68,1,1638,1608,NE
1173183.737,X_LEG_1,26.23,34.61,-0.68,1,1638,1608,NE
1173183.757,X_LEG_1,26.18,34.48,-0.69,1,1638,1608,NE
1173183.777,X_LEG_1,26.18,34.48,-0.69,1,1638,1608,NE
1173183.798,X_LEG_1,26.18,34.48,-0.69,1,1638,1608,NE
1173183.818,X_LEG_1,26.18,34.48,-0.69,1,1638,1608,NE
1173183.839,X_LEG_1,26.18,34.48,-0.69,1,1638,1608,NE
1173183.859,X_LEG_1,26.15,34.40,-0.70,1,1638,1608,NE
1173183.879,X_LEG_1,26.15,34.40,-0.70,1,1638,1608,NE
1173183.900,X_LEG_1,26.15,34.40,-0.70,1,1638,1608,NE
1173183.921,X_LEG_1,26.15,34.40,-0.70,1,1638,1608,NE
1173183.942,X_LEG_1,26.15,34.40,-0.70,1,1638,1608,NE
1173183.963,X_LEG_1,26.11,34.31,-0.71,1,1637,1608,NE
1173183.983,X_LEG_1,26.11,34.31,-0.71,1,1637,1608,NE
1173184.004,X_LEG_1,26.11,34.31,-0.71,1,1637,1608,NE
1173184.025,X_LEG_1,26.11,34.31,-0.71,1,1637,1608,NE
1173184.046,X_LEG_1,26.11,34.31,-0.71,1,1637,1608,NE
1173184.066,X_LEG_1,26.07,34.23,-0.72,1,1637,1608,NE
1173184.087,X_LEG_1,26.07,34.23,-0.72,1,1637,1608,NE
1173184.107,X_LEG_1,26.07,34.23,-0.72,1,1637,1608,NE
1173184.127,X_LEG_1,26.07,34.23,-0.72,1,1637,1608,NE
1173184.148,X_LEG_1,26.07,34.23,-0.72,1,1637,1608,NE
1173184.168,X_LEG_1,26.03,34.15,-0.73,1,1637,1608,NE
1173184.189,X_LEG_1,26.03,34.15,-0.73,1,1637,1608,NE
1173184.209,X_LEG_1,26.03,34.15,-0.73,1,1637,1608,NE
1173184.229,X_LEG_1,26.03,34.15,-0.73,1,1637,1608,NE
1173184.250,X_LEG_1,26.03,34.15,-0.73,1,1637,1608,NE
1173184.270,X_LEG_1,25.99,34.07,-0.74,1,1636,1609,NE
1173184.291,X_LEG_1,25.99,34.07,-0.74,1,1636,1609,NE
1173184.312,X_LEG_1,25.99,34.07,-0.74,1,1636,1609,NE
1173184.332,X_LEG_1,25.99,34.07,-0.74,1,1636,1609,NE
1173184.353,X_LEG_1,25.99,34.07,-0.74,1,1636,1609,NE
1173184.373,X_LEG_1,25.99,34.07,-0.74,1,1636,1609,NE
1173184.393,X_LEG_1,25.99,34.07,-0.74,1,1636,1609,NE
1173184.414,X_LEG_1,25.99,34.07,-0.74,1,1636,1609,NE
1173184.435,X_LEG_1,25.99,34.07,-0.74,1,1636,1609,NE
1173184.455,X_LEG_1,25.99,34.07,-0.74,1,1636,1609,NE
1173184.475,X_LEG_1,25.92,33.93,-0.75,1,1636,1609,NE
1173184.496,X_LEG_1,25.92,33.93,-0.75,1,1636,1609,NE
1173184.516,X_LEG_1,25.92,33.93,-0.75,1,1636,1609,NE
1173184.537,X_LEG_1,25.92,33.93,-0.75,1,1636,1609,NE
1173184.557,X_LEG_1,25.92,33.93,-0.75,1,1636,1609,NE
1173184.578,X_LEG_1,25.88,33.85,-0.76,1,1635,1609,NE
1173184.598,X_LEG_1,25.88,33.85,-0.76,1,1635,1609,NE
1173184.619,X_LEG_1,25.88,33.85,-0.76,1,1635,1609,NE
1173184.639,X_LEG_1,25.88,33.85,-0.76,1,1635,1609,NE
1173184.659,X_LEG_1,25.88,33.85,-0.76,1,1635,1609,NE
1173184.680,X_LEG_1,25.83,33.76,-0.76,1,1635,1609,NE
1173184.700,X_LEG_1,25.83,33.76,-0.76,1,1635,1609,NE
1173184.721,X_LEG_1,25.83,33.76,-0.76,1,1635,1609,NE
1173184.741,X_LEG_1,25.83,33.76,-0.76,1,1635,1609,NE
1173184.762,X_LEG_1,25.83,33.76,-0.76,1,1635,1609,NE
1173184.782,X_LEG_1,25.78,33.68,-0.77,1,1635,1609,NE
1173184.802,X_LEG_1,25.78,33.68,-0.77,1,1635,1609,NE
1173184.823,X_LEG_1,25.78,33.68,-0.77,1,1635,1609,NE
1173184.843,X_LEG_1,25.78,33.68,-0.77,1,1635,1609,NE
1173184.864,X_LEG_1,25.78,33.68,-0.77,1,1635,1609,NE
1173184.885,X_LEG_1,25.73,33.59,-0.78,1,1634,1609,NE
1173184.905,X_LEG_1,25.73,33.59,-0.78,1,1634,1609,NE
1173184.926,X_LEG_1,25.73,33.59,-0.78,1,1634,1609,NE
1173184.947,X_LEG_1,25.73,33.59,-0.78,1,1634,1609,NE
1173184.968,X_LEG_1,25.73,33.59,-0.78,1,1634,1609,NE
1173184.988,X_LEG_1,25.68,33.51,-0.79,1,1634,1609,NE
1173185.010,X_LEG_1,25.68,33.51,-0.79,1,1634,1609,NE
1173185.030,X_LEG_1,25.68,33.51,-0.79,1,1634,1609,NE
1173185.050,X_LEG_1,25.68,33.51,-0.79,1,1634,1609,NE
1173185.070,X_LEG_1,25.68,33.51,-0.79,1,1634,1609,NE
1173185.091,X_LEG_1,25.63,33.42,-0.80,1,1634,1610,NE
1173185.111,X_LEG_1,25.63,33.42,-0.80,1,1634,1610,NE
1173185.132,X_LEG_1,25.63,33.42,-0.80,1,1634,1610,NE
1173185.152,X_LEG_1,25.63,33.42,-0.80,1,1634,1610,NE
1173185.172,X_LEG_1,25.63,33.42,-0.80,1,1634,1610,NE
1173185.193,X_LEG_1,25.63,33.42,-0.80,1,1634,1610,NE
1173185.214,X_LEG_1,25.63,33.42,-0.80,1,1634,1610,NE
1173185.234,X_LEG_1,25.63,33.42,-0.80,1,1634,1610,NE
1173185.254,X_LEG_1,25.63,33.42,-0.80,1,1634,1610,NE
1173185.276,X_LEG_1,25.63,33.42,-0.80,1,1634,1610,NE
1173185.296,X_LEG_1,25.55,33.30,-0.81,1,1633,1610,NE
1173185.316,X_LEG_1,25.55,33.30,-0.81,1,1633,1610,NE
1173185.337,X_LEG_1,25.55,33.30,-0.81,1,1633,1610,NE
1173185.357,X_LEG_1,25.55,33.30,-0.81,1,1633,1610,NE
1173185.378,X_LEG_1,25.55,33.30,-0.81,1,1633,1610,NE
1173185.399,X_LEG_1,25.49,33.21,-0.82,1,1633,1610,NE
1173185.419,X_LEG_1,25.49,33.21,-0.82,1,1633,1610,NE
1173185.439,X_LEG_1,25.49,33.21,-0.82,1,1633,1610,NE
1173185.460,X_LEG_1,25.49,33.21,-0.82,1,1633,1610,NE
1173185.480,X_LEG_1,25.49,33.21,-0.82,1,1633,1610,NE
1173185.501,X_LEG_1,25.44,33.13,-0.83,1,1633,1610,NE
1173185.522,X_LEG_1,25.44,33.13,-0.83,1,1633,1610,NE
1173185.543,X_LEG_1,25.44,33.13,-0.83,1,1633,1610,NE
1173185.563,X_LEG_1,25.44,33.13,-0.83,1,1633,1610,NE
1173185.584,X_LEG_1,25.44,33.13,-0.83,1,1633,1610,NE
1173185.604,X_LEG_1,25.35,33.00,-0.84,1,1632,1610,NE
1173185.624,X_LEG_1,25.35,33.00,-0.84,1,1632,1610,NE
1173185.645,X_LEG_1,25.35,33.00,-0.84,1,1632,1610,NE
1173185.666,X_LEG_1,25.35,33.00,-0.84,1,1632,1610,NE
1173185.686,X_LEG_1,25.35,33.00,-0.84,1,1632,1610,NE
1173185.707,X_LEG_1,25.35,33.00,-0.84,1,1632,1610,NE
1173185.727,X_LEG_1,25.35,33.00,-0.84,1,1632,1610,NE
1173185.748,X_LEG_1,25.35,33.00,-0.84,1,1632,1610,NE
1173185.768,X_LEG_1,25.35,33.00,-0.84,1,1632,1610,NE
1173185.789,X_LEG_1,25.35,33.00,-0.84,1,1632,1610,NE
1173185.809,X_LEG_1,25.29,32.91,-0.85,1,1632,1611,NE
1173185.829,X_LEG_1,25.29,32.91,-0.85,1,1632,1611,NE
1173185.849,X_LEG_1,25.29,32.91,-0.85,1,1632,1611,NE
1173185.870,X_LEG_1,25.29,32.91,-0.85,1,1632,1611,NE
1173185.890,X_LEG_1,25.29,32.91,-0.85,1,1632,1611,NE
1173185.911,X_LEG_1,25.20,32.79,-0.86,1,1631,1611,NE
1173185.932,X_LEG_1,25.20,32.79,-0.86,1,1631,1611,NE
1173185.952,X_LEG_1,25.20,32.79,-0.86,1,1631,1611,NE
1173185.973,X_LEG_1,25.20,32.79,-0.86,1,1631,1611,NE
1173185.993,X_LEG_1,25.20,32.79,-0.86,1,1631,1611,NE
1173186.014,X_LEG_1,25.13,32.70,-0.87,1,1631,1611,NE
1173186.034,X_LEG_1,25.13,32.70,-0.87,1,1631,1611,NE
1173186.055,X_LEG_1,25.13,32.70,-0.87,1,1631,1611,NE
1173186.075,X_LEG_1,25.13,32.70,-0.87,1,1631,1611,NE
1173186.096,X_LEG_1,25.13,32.70,-0.87,1,1631,1611,NE
1173186.116,X_LEG_1,25.13,32.70,-0.87,1,1631,1611,NE
1173186.136,X_LEG_1,25.13,32.70,-0.87,1,1631,1611,NE
1173186.157,X_LEG_1,25.13,32.70,-0.87,1,1631,1611,NE
1173186.177,X_LEG_1,25.13,32.70,-0.87,1,1631,1611,NE
1173186.198,X_LEG_1,25.13,32.70,-0.87,1,1631,1611,NE
1173186.218,X_LEG_1,25.03,32.57,-0.88,1,1630,1611,NE
1173186.239,X_LEG_1,25.03,32.57,-0.88,1,1630,1611,NE
1173186.261,X_LEG_1,25.03,32.57,-0.88,1,1630,1611,NE
1173186.282,X_LEG_1,25.03,32.57,-0.88,1,1630,1611,NE
1173186.302,X_LEG_1,25.03,32.57,-0.88,1,1630,1611,NE
1173186.323,X_LEG_1,24.97,32.49,-0.89,1,1630,1612,NE
1173186.343,X_LEG_1,24.97,32.49,-0.89,1,1630,1612,NE
1173186.363,X_LEG_1,24.97,32.49,-0.89,1,1630,1612,NE
1173186.384,X_LEG_1,24.97,32.49,-0.89,1,1630,1612,NE
1173186.404,X_LEG_1,24.97,32.49,-0.89,1,1630,1612,NE
1173186.425,X_LEG_1,24.90,32.41,-0.90,1,1630,1612,NE
1173186.445,X_LEG_1,24.90,32.41,-0.90,1,1630,1612,NE
1173186.466,X_LEG_1,24.90,32.41,-0.90,1,1630,1612,NE
1173186.486,X_LEG_1,24.90,32.41,-0.90,1,1630,1612,NE
1173186.506,X_LEG_1,24.90,32.41,-0.90,1,1630,1612,NE
1173186.526,X_LEG_1,24.83,32.33,-0.91,1,1629,1612,NE
1173186.546,X_LEG_1,24.83,32.33,-0.91,1,1629,1612,NE
1173186.567,X_LEG_1,24.83,32.33,-0.91,1,1629,1612,NE
1173186.587,X_LEG_1,24.83,32.33,-0.91,1,1629,1612,NE
1173186.608,X_LEG_1,24.83,32.33,-0.91,1,1629,1612,NE
1173186.628,X_LEG_1,24.76,32.24,-0.93,1,1629,1612,NE
1173186.649,X_LEG_1,24.76,32.24,-0.93,1,1629,1612,NE
1173186.669,X_LEG_1,24.76,32.24,-0.93,1,1629,1612,NE
1173186.690,X_LEG_1,24.76,32.24,-0.93,1,1629,1612,NE
1173186.710,X_LEG_1,24.76,32.24,-0.93,1,1629,1612,NE
1173186.731,X_LEG_1,24.69,32.15,-0.92,1,1629,1612,NE
1173186.751,X_LEG_1,24.69,32.15,-0.92,1,1629,1612,NE
1173186.772,X_LEG_1,24.69,32.15,-0.92,1,1629,1612,NE
1173186.792,X_LEG_1,24.69,32.15,-0.92,1,1629,1612,NE
1173186.813,X_LEG_1,24.69,32.15,-0.92,1,1629,1612,NE
1173186.833,X_LEG_1,24.58,32.03,-0.94,1,1628,1613,NE
1173186.854,X_LEG_1,24.58,32.03,-0.94,1,1628,1613,NE
1173186.874,X_LEG_1,24.58,32.03,-0.94,1,1628,1613,NE
1173186.894,X_LEG_1,24.58,32.03,-0.94,1,1628,1613,NE
1173186.914,X_LEG_1,24.58,32.03,-0.94,1,1628,1613,NE
1173186.935,X_LEG_1,24.58,32.03,-0.94,1,1628,1613,NE
1173186.955,X_LEG_1,24.58,32.03,-0.94,1,1628,1613,NE
1173186.976,X_LEG_1,24.58,32.03,-0.94,1,1628,1613,NE
1173186.996,X_LEG_1,24.58,32.03,-0.94,1,1628,1613,NE
1173187.017,X_LEG_1,24.58,32.03,-0.94,1,1628,1613,NE
1173187.037,X_LEG_1,24.50,31.94,-0.96,1,1628,1613,NE
1173187.059,X_LEG_1,24.50,31.94,-0.96,1,1628,1613,NE
1173187.080,X_LEG_1,24.50,31.94,-0.96,1,1628,1613,NE
1173187.100,X_LEG_1,24.50,31.94,-0.96,1,1628,1613,NE
1173187.121,X_LEG_1,24.50,31.94,-0.96,1,1628,1613,NE
1173187.141,X_LEG_1,24.38,31.82,-0.96,1,1627,1613,NE
1173187.161,X_LEG_1,24.38,31.82,-0.96,1,1627,1613,NE
1173187.182,X_LEG_1,24.38,31.82,-0.96,1,1627,1613,NE
1173187.202,X_LEG_1,24.38,31.82,-0.96,1,1627,1613,NE
1173187.224,X_LEG_1,24.38,31.82,-0.96,1,1627,1613,NE
1173187.243,X_LEG_1,24.31,31.74,-0.97,1,1627,1614,NE
1173187.265,X_LEG_1,24.31,31.74,-0.97,1,1627,1614,NE
1173187.285,X_LEG_1,24.31,31.74,-0.97,1,1627,1614,NE
1173187.305,X_LEG_1,24.31,31.74,-0.97,1,1627,1614,NE
1173187.326,X_LEG_1,24.31,31.74,-0.97,1,1627,1614,NE
1173187.347,X_LEG_1,24.23,31.66,-0.97,1,1627,1614,NE
1173187.368,X_LEG_1,24.23,31.66,-0.97,1,1627,1614,NE
1173187.389,X_LEG_1,24.23,31.66,-0.97,1,1627,1614,NE
1173187.409,X_LEG_1,24.23,31.66,-0.97,1,1627,1614,NE
1173187.430,X_LEG_1,24.23,31.66,-0.97,1,1627,1614,NE
1173187.451,X_LEG_1,24.23,31.56,-0.98,1,1626,1614,NE
1173187.473,X_LEG_1,24.14,31.56,-0.98,1,1626,1614,NE
1173187.493,X_LEG_1,24.14,31.56,-0.98,1,1626,1614,NE
1173187.514,X_LEG_1,24.14,31.56,-0.98,1,1626,1614,NE
1173187.535,X_LEG_1,24.14,31.56,-0.98,1,1626,1614,NE
1173187.558,X_LEG_1,24.14,31.56,-0.98,1,1626,1614,NE
1173187.577,X_LEG_1,24.14,31.56,-0.98,1,1626,1614,NE
1173187.598,X_LEG_1,24.14,31.56,-0.98,1,1626,1614,NE
1173187.619,X_LEG_1,24.14,31.56,-0.98,1,1626,1614,NE
1173187.639,X_LEG_1,24.14,31.56,-0.98,1,1626,1614,NE
1173187.662,X_LEG_1,24.14,31.56,-0.98,1,1626,1614,NE
1173187.681,X_LEG_1,24.14,31.56,-0.98,1,1626,1614,NE
1173187.703,X_LEG_1,24.14,31.56,-0.98,1,1626,1614,NE
1173187.723,X_LEG_1,24.14,31.56,-0.98,1,1626,1614,NE
1173187.744,X_LEG_1,24.14,31.56,-0.98,1,1626,1614,NE
1173187.764,X_LEG_1,23.98,31.40,-0.99,1,1626,1615,NE
1173187.785,X_LEG_1,23.98,31.40,-0.99,1,1626,1615,NE
1173187.805,X_LEG_1,23.98,31.40,-0.99,1,1626,1615,NE
1173187.827,X_LEG_1,23.98,31.40,-0.99,1,1626,1615,NE
1173187.848,X_LEG_1,23.98,31.40,-0.99,1,1626,1615,NE
1173187.868,X_LEG_1,23.89,31.31,-1.01,1,1625,1615,NE
1173187.890,X_LEG_1,23.89,31.31,-1.01,1,1625,1615,NE
1173187.909,X_LEG_1,23.89,31.31,-1.01,1,1625,1615,NE
1173187.930,X_LEG_1,23.89,31.31,-1.01,1,1625,1615,NE
1173187.950,X_LEG_1,23.89,31.31,-1.01,1,1625,1615,NE
1173187.971,X_LEG_1,23.80,31.23,-1.01,1,1625,1615,NE
1173187.991,X_LEG_1,23.80,31.23,-1.01,1,1625,1615,NE
1173188.012,X_LEG_1,23.80,31.23,-1.01,1,1625,1615,NE
1173188.033,X_LEG_1,23.80,31.23,-1.01,1,1625,1615,NE
1173188.053,X_LEG_1,23.80,31.23,-1.01,1,1625,1615,NE
1173188.073,X_LEG_1,23.80,31.23,-1.01,1,1625,1615,NE
1173188.094,X_LEG_1,23.80,31.23,-1.01,1,1625,1615,NE
1173188.114,X_LEG_1,23.80,31.23,-1.01,1,1625,1615,NE
1173188.135,X_LEG_1,23.80,31.23,-1.01,1,1625,1615,NE
1173188.155,X_LEG_1,23.80,31.23,-1.01,1,1625,1615,NE
1173188.175,X_LEG_1,23.72,31.15,-1.02,1,1625,1615,NE
1173188.195,X_LEG_1,23.72,31.15,-1.02,1,1625,1615,NE
1173188.216,X_LEG_1,23.72,31.15,-1.02,1,1625,1615,NE
1173188.236,X_LEG_1,23.72,31.15,-1.02,1,1625,1615,NE
1173188.257,X_LEG_1,23.72,31.15,-1.02,1,1625,1615,NE
1173188.277,X_LEG_1,23.63,31.07,-1.04,1,1624,1616,NE
1173188.297,X_LEG_1,23.63,31.07,-1.04,1,1624,1616,NE
1173188.318,X_LEG_1,23.63,31.07,-1.04,1,1624,1616,NE
1173188.338,X_LEG_1,23.63,31.07,-1.04,1,1624,1616,NE
1173188.359,X_LEG_1,23.63,31.07,-1.04,1,1624,1616,NE
1173188.379,X_LEG_1,23.54,30.99,-1.04,1,1624,1616,NE
1173188.400,X_LEG_1,23.54,30.99,-1.04,1,1624,1616,NE
1173188.420,X_LEG_1,23.54,30.99,-1.04,1,1624,1616,NE
1173188.441,X_LEG_1,23.54,30.99,-1.04,1,1624,1616,NE
1173188.462,X_LEG_1,23.54,30.99,-1.04,1,1624,1616,NE
1173188.483,X_LEG_1,23.45,30.90,-1.05,1,1624,1616,NE
1173188.503,X_LEG_1,23.45,30.90,-1.05,1,1624,1616,NE
1173188.524,X_LEG_1,23.45,30.90,-1.05,1,1624,1616,NE
1173188.544,X_LEG_1,23.45,30.90,-1.05,1,1624,1616,NE
1173188.565,X_LEG_1,23.45,30.90,-1.05,1,1624,1616,NE
1173188.585,X_LEG_1,23.45,30.90,-1.05,1,1624,1616,NE
1173188.606,X_LEG_1,23.45,30.90,-1.05,1,1624,1616,NE
1173188.626,X_LEG_1,23.45,30.90,-1.05,1,1624,1616,NE
1173188.647,X_LEG_1,23.45,30.90,-1.05,1,1624,1616,NE
1173188.667,X_LEG_1,23.45,30.90,-1.05,1,1624,1616,NE
1173188.688,X_LEG_1,23.35,30.82,-0.06,1,1623,1616,NE
1173188.708,X_LEG_1,23.35,30.82,-0.06,1,1623,1616,NE
1173188.729,X_LEG_1,23.35,30.82,-0.06,1,1623,1616,NE
1173188.749,X_LEG_1,23.35,30.82,-0.06,1,1623,1616,NE
1173188.770,X_LEG_1,23.35,30.82,-0.06,1,1623,1616,NE
1173188.790,X_LEG_1,23.21,30.70,-0.06,1,1623,1617,NE
1173188.810,X_LEG_1,23.21,30.70,-0.06,1,1623,1617,NE
1173188.831,X_LEG_1,23.21,30.70,-0.06,1,1623,1617,NE
1173188.852,X_LEG_1,23.21,30.70,-0.06,1,1623,1617,NE
1173188.873,X_LEG_1,23.21,30.70,-0.06,1,1623,1617,NE
1173188.894,X_LEG_1,23.12,30.62,-0.07,1,1622,1617,NE
1173188.915,X_LEG_1,23.12,30.62,-0.07,1,1622,1617,NE
1173188.935,X_LEG_1,23.12,30.62,-0.07,1,1622,1617,NE
1173188.956,X_LEG_1,23.12,30.62,-0.07,1,1622,1617,NE
1173188.976,X_LEG_1,23.12,30.62,-0.07,1,1622,1617,NE
1173188.997,X_LEG_1,23.12,30.62,-0.07,1,1622,1617,NE
1173189.017,X_LEG_1,23.12,30.62,-0.07,1,1622,1617,NE
1173189.038,X_LEG_1,23.12,30.62,-0.07,1,1622,1617,NE
1173189.058,X_LEG_1,23.12,30.62,-0.07,1,1622,1617,NE
1173189.079,X_LEG_1,23.12,30.62,-0.07,1,1622,1617,NE
1173189.099,X_LEG_1,22.97,30.49,-0.08,1,1622,1618,NE
1173189.119,X_LEG_1,22.97,30.49,-0.08,1,1622,1618,NE
1173189.140,X_LEG_1,22.97,30.49,-0.08,1,1622,1618,NE
1173189.160,X_LEG_1,22.97,30.49,-0.08,1,1622,1618,NE
1173189.182,X_LEG_1,22.97,30.49,-0.08,1,1622,1618,NE
1173189.202,X_LEG_1,22.82,30.37,-0.10,1,1621,1618,NE
1173189.222,X_LEG_1,22.82,30.37,-0.10,1,1621,1618,NE
1173189.243,X_LEG_1,22.82,30.37,-0.10,1,1621,1618,NE
1173189.264,X_LEG_1,22.82,30.37,-0.10,1,1621,1618,NE
1173189.284,X_LEG_1,22.82,30.37,-0.10,1,1621,1618,NE
1173189.305,X_LEG_1,22.67,30.24,-0.11,1,1621,1618,NE
1173189.325,X_LEG_1,22.67,30.24,-0.11,1,1621,1618,NE
1173189.346,X_LEG_1,22.67,30.24,-0.11,1,1621,1618,NE
1173189.366,X_LEG_1,22.67,30.24,-0.11,1,1621,1618,NE
1173189.387,X_LEG_1,22.67,30.24,-0.11,1,1621,1618,NE
1173189.407,X_LEG_1,22.67,30.24,-0.11,1,1621,1618,NE
1173189.428,X_LEG_1,22.67,30.24,-0.11,1,1621,1618,NE
1173189.448,X_LEG_1,22.67,30.24,-0.11,1,1621,1618,NE
1173189.469,X_LEG_1,22.67,30.24,-0.11,1,1621,1618,NE
1173189.489,X_LEG_1,22.67,30.24,-0.11,1,1621,1618,NE
1173189.510,X_LEG_1,22.41,30.04,-0.14,1,1620,1619,NE
1173189.530,X_LEG_1,22.41,30.04,-0.14,1,1620,1619,NE
1173189.551,X_LEG_1,22.41,30.04,-0.14,1,1620,1619,NE
1173189.572,X_LEG_1,22.41,30.04,-0.14,1,1620,1619,NE
1173189.592,X_LEG_1,22.41,30.04,-0.14,1,1620,1619,NE
1173189.612,X_LEG_1,22.41,30.04,-0.14,1,1620,1619,NE
1173189.633,X_LEG_1,22.41,30.04,-0.14,1,1620,1619,NE
1173189.653,X_LEG_1,22.41,30.04,-0.14,1,1620,1619,NE
1173189.674,X_LEG_1,22.41,30.04,-0.14,1,1620,1619,NE
1173189.694,X_LEG_1,22.41,30.04,-0.14,1,1620,1619,NE
1173189.715,X_LEG_1,22.25,29.92,-0.14,1,1620,1620,NE
1173189.735,X_LEG_1,22.25,29.92,-0.14,1,1620,1620,NE
1173189.756,X_LEG_1,22.25,29.92,-0.14,1,1620,1620,NE
1173189.776,X_LEG_1,22.25,29.92,-0.14,1,1620,1620,NE
1173189.797,X_LEG_1,22.25,29.92,-0.14,1,1620,1620,NE
1173189.817,X_LEG_1,22.15,29.84,-0.14,1,1619,1620,NE
1173189.838,X_LEG_1,22.15,29.84,-0.14,1,1619,1620,NE
1173189.858,X_LEG_1,22.15,29.84,-0.14,1,1619,1620,NE
1173189.878,X_LEG_1,22.15,29.84,-0.14,1,1619,1620,NE
1173189.899,X_LEG_1,22.15,29.84,-0.14,1,1619,1620,NE
1173189.919,X_LEG_1,22.15,29.84,-0.14,1,1619,1620,NE
1173189.940,X_LEG_1,22.15,29.84,-0.14,1,1619,1620,NE
1173189.961,X_LEG_1,22.15,29.84,-0.14,1,1619,1620,NE
1173189.981,X_LEG_1,22.15,29.84,-0.14,1,1619,1620,NE
1173190.002,X_LEG_1,22.15,29.84,-0.14,1,1619,1620,NE
1173190.023,X_LEG_1,21.98,29.72,-0.17,1,1619,1621,NE
1173190.043,X_LEG_1,21.98,29.72,-0.17,1,1619,1621,NE
1173190.063,X_LEG_1,21.98,29.72,-0.17,1,1619,1621,NE
1173190.084,X_LEG_1,21.98,29.72,-0.17,1,1619,1621,NE
1173190.104,X_LEG_1,21.98,29.72,-0.17,1,1619,1621,NE
1173190.124,X_LEG_1,21.82,29.60,-0.16,1,1618,1621,NE
1173190.145,X_LEG_1,21.82,29.60,-0.16,1,1618,1621,NE
1173190.165,X_LEG_1,21.82,29.60,-0.16,1,1618,1621,NE
1173190.186,X_LEG_1,21.82,29.60,-0.16,1,1618,1621,NE
1173190.206,X_LEG_1,21.82,29.60,-0.16,1,1618,1621,NE
1173190.226,X_LEG_1,21.82,29.60,-0.16,1,1618,1621,NE
1173190.247,X_LEG_1,21.82,29.60,-0.16,1,1618,1621,NE
1173190.268,X_LEG_1,21.82,29.60,-0.16,1,1618,1621,NE
1173190.288,X_LEG_1,21.82,29.60,-0.16,1,1618,1621,NE
1173190.308,X_LEG_1,21.82,29.60,-0.16,1,1618,1621,NE
1173190.329,X_LEG_1,21.65,29.48,-0.19,1,1618,1622,NE
1173190.349,X_LEG_1,21.65,29.48,-0.19,1,1618,1622,NE
1173190.369,X_LEG_1,21.65,29.48,-0.19,1,1618,1622,NE
1173190.389,X_LEG_1,21.65,29.48,-0.19,1,1618,1622,NE
1173190.410,X_LEG_1,21.65,29.48,-0.19,1,1618,1622,NE
1173190.430,X_LEG_1,21.54,29.40,-0.20,1,1618,1622,NE
1173190.451,X_LEG_1,21.54,29.40,-0.20,1,1618,1622,NE
1173190.471,X_LEG_1,21.54,29.40,-0.20,1,1618,1622,NE
1173190.492,X_LEG_1,21.54,29.40,-0.20,1,1618,1622,NE
1173190.513,X_LEG_1,21.54,29.40,-0.20,1,1618,1622,NE
1173190.533,X_LEG_1,21.37,29.28,-0.21,1,1617,1622,NE
1173190.554,X_LEG_1,21.37,29.28,-0.21,1,1617,1622,NE
1173190.574,X_LEG_1,21.37,29.28,-0.21,1,1617,1622,NE
1173190.594,X_LEG_1,21.37,29.28,-0.21,1,1617,1622,NE
1173190.614,X_LEG_1,21.37,29.28,-0.21,1,1617,1622,NE
1173190.635,X_LEG_1,21.37,29.28,-0.21,1,1617,1622,NE
1173190.655,X_LEG_1,21.37,29.28,-0.21,1,1617,1622,NE
1173190.676,X_LEG_1,21.37,29.28,-0.21,1,1617,1622,NE
1173190.696,X_LEG_1,21.37,29.28,-0.21,1,1617,1622,NE
1173190.717,X_LEG_1,21.37,29.28,-0.21,1,1617,1622,NE
1173190.738,X_LEG_1,21.19,29.15,-0.22,1,1617,1623,NE
1173190.759,X_LEG_1,21.19,29.15,-0.22,1,1617,1623,NE
1173190.779,X_LEG_1,21.19,29.15,-0.22,1,1617,1623,NE
1173190.800,X_LEG_1,21.19,29.15,-0.22,1,1617,1623,NE
1173190.821,X_LEG_1,21.19,29.15,-0.22,1,1617,1623,NE
1173190.841,X_LEG_1,21.08,29.07,-0.22,1,1616,1623,NE
1173190.862,X_LEG_1,21.08,29.07,-0.22,1,1616,1623,NE
1173190.883,X_LEG_1,21.08,29.07,-0.22,1,1616,1623,NE
1173190.903,X_LEG_1,21.08,29.07,-0.22,1,1616,1623,NE
1173190.923,X_LEG_1,21.08,29.07,-0.22,1,1616,1623,NE
1173190.945,X_LEG_1,21.08,29.07,-0.22,1,1616,1623,NE
1173190.965,X_LEG_1,21.08,29.07,-0.22,1,1616,1623,NE
1173190.986,X_LEG_1,21.08,29.07,-0.22,1,1616,1623,NE
1173191.006,X_LEG_1,21.08,29.07,-0.22,1,1616,1623,NE
1173191.026,X_LEG_1,21.08,29.07,-0.22,1,1616,1623,NE
1173191.047,X_LEG_1,20.90,28.96,-0.24,1,1616,1624,NE
1173191.067,X_LEG_1,20.90,28.96,-0.24,1,1616,1624,NE
1173191.087,X_LEG_1,20.90,28.96,-0.24,1,1616,1624,NE
1173191.108,X_LEG_1,20.90,28.96,-0.24,1,1616,1624,NE
1173191.128,X_LEG_1,20.90,28.96,-0.24,1,1616,1624,NE
1173191.149,X_LEG_1,20.78,28.88,-0.24,1,1616,1624,NE
1173191.170,X_LEG_1,20.78,28.88,-0.24,1,1616,1624,NE
1173191.190,X_LEG_1,20.78,28.88,-0.24,1,1616,1624,NE
1173191.211,X_LEG_1,20.78,28.88,-0.24,1,1616,1624,NE
1173191.231,X_LEG_1,20.78,28.88,-0.24,1,1616,1624,NE
1173191.251,X_LEG_1,20.60,28.76,-0.27,1,1615,1625,NE
1173191.272,X_LEG_1,20.60,28.76,-0.27,1,1615,1625,NE
1173191.292,X_LEG_1,20.60,28.76,-0.27,1,1615,1625,NE
1173191.313,X_LEG_1,20.60,28.76,-0.27,1,1615,1625,NE
1173191.333,X_LEG_1,20.60,28.76,-0.27,1,1615,1625,NE
1173191.354,X_LEG_1,20.60,28.76,-0.27,1,1615,1625,NE
1173191.375,X_LEG_1,20.60,28.76,-0.27,1,1615,1625,NE
1173191.395,X_LEG_1,20.60,28.76,-0.27,1,1615,1625,NE
1173191.416,X_LEG_1,20.60,28.76,-0.27,1,1615,1625,NE
1173191.436,X_LEG_1,20.60,28.76,-0.27,1,1615,1625,NE
1173191.457,X_LEG_1,20.41,28.65,-0.28,1,1615,1625,NE
1173191.477,X_LEG_1,20.41,28.65,-0.28,1,1615,1625,NE
1173191.498,X_LEG_1,20.41,28.65,-0.28,1,1615,1625,NE
1173191.518,X_LEG_1,20.41,28.65,-0.28,1,1615,1625,NE
1173191.539,X_LEG_1,20.41,28.65,-0.28,1,1615,1625,NE
1173191.559,X_LEG_1,20.29,28.57,-0.29,1,1614,1626,NE
1173191.580,X_LEG_1,20.29,28.57,-0.29,1,1614,1626,NE
1173191.601,X_LEG_1,20.29,28.57,-0.29,1,1614,1626,NE
1173191.621,X_LEG_1,20.29,28.57,-0.29,1,1614,1626,NE
1173191.642,X_LEG_1,20.29,28.57,-0.29,1,1614,1626,NE
1173191.662,X_LEG_1,20.10,28.45,-0.30,1,1614,1626,NE
1173191.682,X_LEG_1,20.10,28.45,-0.30,1,1614,1626,NE
1173191.703,X_LEG_1,20.10,28.45,-0.30,1,1614,1626,NE
1173191.723,X_LEG_1,20.10,28.45,-0.30,1,1614,1626,NE
1173191.744,X_LEG_1,20.10,28.45,-0.30,1,1614,1626,NE
1173191.764,X_LEG_1,19.98,28.37,-0.31,1,1613,1627,NE
1173191.784,X_LEG_1,19.98,28.37,-0.31,1,1613,1627,NE
1173191.805,X_LEG_1,19.98,28.37,-0.31,1,1613,1627,NE
1173191.826,X_LEG_1,19.98,28.37,-0.31,1,1613,1627,NE
1173191.846,X_LEG_1,19.98,28.37,-0.31,1,1613,1627,NE
1173191.866,X_LEG_1,19.85,28.30,-0.31,1,1613,1627,NE
1173191.887,X_LEG_1,19.85,28.30,-0.31,1,1613,1627,NE
1173191.907,X_LEG_1,19.85,28.30,-0.31,1,1613,1627,NE
1173191.929,X_LEG_1,19.85,28.30,-0.31,1,1613,1627,NE
1173191.949,X_LEG_1,19.85,28.30,-0.31,1,1613,1627,NE
1173191.969,X_LEG_1,19.72,28.22,-0.31,1,1613,1627,NE
1173191.990,X_LEG_1,19.72,28.22,-0.31,1,1613,1627,NE
1173192.010,X_LEG_1,19.72,28.22,-0.31,1,1613,1627,NE
1173192.031,X_LEG_1,19.72,28.22,-0.31,1,1613,1627,NE
1173192.052,X_LEG_1,19.72,28.22,-0.31,1,1613,1627,NE
1173192.073,X_LEG_1,19.72,28.22,-0.31,1,1613,1627,NE
1173192.093,X_LEG_1,19.72,28.22,-0.31,1,1613,1627,NE
1173192.115,X_LEG_1,19.72,28.22,-0.31,1,1613,1627,NE
1173192.135,X_LEG_1,19.72,28.22,-0.31,1,1613,1627,NE
1173192.156,X_LEG_1,19.72,28.22,-0.31,1,1613,1627,NE
1173192.177,X_LEG_1,19.53,28.10,-0.33,1,1612,1628,NE
1173192.197,X_LEG_1,19.53,28.10,-0.33,1,1612,1628,NE
1173192.218,X_LEG_1,19.53,28.10,-0.33,1,1612,1628,NE
1173192.240,X_LEG_1,19.53,28.10,-0.33,1,1612,1628,NE
1173192.260,X_LEG_1,19.53,28.10,-0.33,1,1612,1628,NE
1173192.281,X_LEG_1,19.40,28.02,-0.34,1,1612,1628,NE
1173192.302,X_LEG_1,19.40,28.02,-0.34,1,1612,1628,NE
1173192.322,X_LEG_1,19.40,28.02,-0.34,1,1612,1628,NE
1173192.343,X_LEG_1,19.40,28.02,-0.34,1,1612,1628,NE
1173192.363,X_LEG_1,19.40,28.02,-0.34,1,1612,1628,NE
1173192.384,X_LEG_1,19.27,27.94,-0.34,1,1612,1629,NE
1173192.404,X_LEG_1,19.27,27.94,-0.34,1,1612,1629,NE
1173192.425,X_LEG_1,19.27,27.94,-0.34,1,1612,1629,NE
1173192.445,X_LEG_1,19.27,27.94,-0.34,1,1612,1629,NE
1173192.465,X_LEG_1,19.27,27.94,-0.34,1,1612,1629,NE
1173192.486,X_LEG_1,19.27,27.94,-0.34,1,1612,1629,NE
1173192.506,X_LEG_1,19.27,27.94,-0.34,1,1612,1629,NE
1173192.527,X_LEG_1,19.27,27.94,-0.34,1,1612,1629,NE
1173192.547,X_LEG_1,19.27,27.94,-0.34,1,1612,1629,NE
1173192.567,X_LEG_1,19.27,27.94,-0.34,1,1612,1629,NE
1173192.588,X_LEG_1,19.07,27.83,-0.36,1,1611,1629,NE
1173192.609,X_LEG_1,19.07,27.83,-0.36,1,1611,1629,NE
1173192.629,X_LEG_1,19.07,27.83,-0.36,1,1611,1629,NE
1173192.649,X_LEG_1,19.07,27.83,-0.36,1,1611,1629,NE
1173192.670,X_LEG_1,19.07,27.83,-0.36,1,1611,1629,NE
1173192.690,X_LEG_1,18.94,27.76,-0.37,1,1611,1630,NE
1173192.711,X_LEG_1,18.94,27.76,-0.37,1,1611,1630,NE
1173192.731,X_LEG_1,18.94,27.76,-0.37,1,1611,1630,NE
1173192.751,X_LEG_1,18.94,27.76,-0.37,1,1611,1630,NE
1173192.773,X_LEG_1,18.94,27.76,-0.37,1,1611,1630,NE
1173192.793,X_LEG_1,18.80,27.68,-0.38,1,1611,1630,NE
1173192.813,X_LEG_1,18.80,27.68,-0.38,1,1611,1630,NE
1173192.835,X_LEG_1,18.80,27.68,-0.38,1,1611,1630,NE
1173192.855,X_LEG_1,18.80,27.68,-0.38,1,1611,1630,NE
1173192.875,X_LEG_1,18.80,27.68,-0.38,1,1611,1630,NE
1173192.896,X_LEG_1,18.60,27.57,-0.39,1,1610,1631,NE
1173192.917,X_LEG_1,18.60,27.57,-0.39,1,1610,1631,NE
1173192.937,X_LEG_1,18.60,27.57,-0.39,1,1610,1631,NE
1173192.957,X_LEG_1,18.60,27.57,-0.39,1,1610,1631,NE
1173192.978,X_LEG_1,18.60,27.57,-0.39,1,1610,1631,NE
1173192.998,X_LEG_1,18.60,27.57,-0.39,1,1610,1631,NE
1173193.019,X_LEG_1,18.60,27.57,-0.39,1,1610,1631,NE
1173193.039,X_LEG_1,18.60,27.57,-0.39,1,1610,1631,NE
1173193.060,X_LEG_1,18.60,27.57,-0.39,1,1610,1631,NE
1173193.080,X_LEG_1,18.60,27.57,-0.39,1,1610,1631,NE
1173193.101,X_LEG_1,18.39,27.45,-0.40,1,1610,1631,NE
1173193.122,X_LEG_1,18.39,27.45,-0.40,1,1610,1631,NE
1173193.142,X_LEG_1,18.39,27.45,-0.40,1,1610,1631,NE
1173193.163,X_LEG_1,18.39,27.45,-0.40,1,1610,1631,NE
1173193.183,X_LEG_1,18.39,27.45,-0.40,1,1610,1631,NE
1173193.204,X_LEG_1,18.26,27.37,-0.41,1,1609,1632,NE
1173193.224,X_LEG_1,18.26,27.37,-0.41,1,1609,1632,NE
1173193.245,X_LEG_1,18.26,27.37,-0.41,1,1609,1632,NE
1173193.265,X_LEG_1,18.26,27.37,-0.41,1,1609,1632,NE
1173193.286,X_LEG_1,18.26,27.37,-0.41,1,1609,1632,NE
1173193.306,X_LEG_1,18.12,27.30,-0.41,1,1609,1632,NE
1173193.326,X_LEG_1,18.12,27.30,-0.41,1,1609,1632,NE
1173193.347,X_LEG_1,18.12,27.30,-0.41,1,1609,1632,NE
1173193.367,X_LEG_1,18.12,27.30,-0.41,1,1609,1632,NE
1173193.388,X_LEG_1,18.12,27.30,-0.41,1,1609,1632,NE
1173193.409,X_LEG_1,17.91,27.18,-0.42,1,1609,1633,NE
1173193.429,X_LEG_1,17.91,27.18,-0.42,1,1609,1633,NE
1173193.449,X_LEG_1,17.91,27.18,-0.42,1,1609,1633,NE
1173193.470,X_LEG_1,17.91,27.18,-0.42,1,1609,1633,NE
1173193.491,X_LEG_1,17.91,27.18,-0.42,1,1609,1633,NE
1173193.511,X_LEG_1,17.91,27.18,-0.42,1,1609,1633,NE
1173193.532,X_LEG_1,17.91,27.18,-0.42,1,1609,1633,NE
1173193.552,X_LEG_1,17.91,27.18,-0.42,1,1609,1633,NE
1173193.572,X_LEG_1,17.91,27.18,-0.42,1,1609,1633,NE
1173193.592,X_LEG_1,17.91,27.18,-0.42,1,1609,1633,NE
1173193.613,X_LEG_1,17.77,27.12,-0.43,1,1608,1633,NE
1173193.634,X_LEG_1,17.77,27.12,-0.43,1,1608,1633,NE
1173193.654,X_LEG_1,17.77,27.12,-0.43,1,1608,1633,NE
1173193.675,X_LEG_1,17.77,27.12,-0.43,1,1608,1633,NE
1173193.696,X_LEG_1,17.77,27.12,-0.43,1,1608,1633,NE
1173193.716,X_LEG_1,17.56,27.00,-0.45,1,1608,1634,NE
1173193.738,X_LEG_1,17.56,27.00,-0.45,1,1608,1634,NE
1173193.758,X_LEG_1,17.56,27.00,-0.45,1,1608,1634,NE
1173193.778,X_LEG_1,17.56,27.00,-0.45,1,1608,1634,NE
1173193.799,X_LEG_1,17.56,27.00,-0.45,1,1608,1634,NE
1173193.819,X_LEG_1,17.41,26.92,-0.46,1,1608,1634,NE
1173193.840,X_LEG_1,17.41,26.92,-0.46,1,1608,1634,NE
1173193.860,X_LEG_1,17.41,26.92,-0.46,1,1608,1634,NE
1173193.881,X_LEG_1,17.41,26.92,-0.46,1,1608,1634,NE
1173193.901,X_LEG_1,17.41,26.92,-0.46,1,1608,1634,NE
1173193.921,X_LEG_1,17.27,26.85,-0.47,1,1607,1635,NE
1173193.942,X_LEG_1,17.27,26.85,-0.47,1,1607,1635,NE
1173193.962,X_LEG_1,17.27,26.85,-0.47,1,1607,1635,NE
1173193.983,X_LEG_1,17.27,26.85,-0.47,1,1607,1635,NE
1173194.003,X_LEG_1,17.27,26.85,-0.47,1,1607,1635,NE
1173194.023,X_LEG_1,17.27,26.85,-0.47,1,1607,1635,NE
1173194.043,X_LEG_1,17.27,26.85,-0.47,1,1607,1635,NE
1173194.065,X_LEG_1,17.27,26.85,-0.47,1,1607,1635,NE
1173194.085,X_LEG_1,17.27,26.85,-0.47,1,1607,1635,NE
1173194.105,X_LEG_1,17.27,26.85,-0.47,1,1607,1635,NE
1173194.126,X_LEG_1,17.06,26.74,-0.48,1,1607,1635,NE
1173194.147,X_LEG_1,17.06,26.74,-0.48,1,1607,1635,NE
1173194.167,X_LEG_1,17.06,26.74,-0.48,1,1607,1635,NE
1173194.188,X_LEG_1,17.06,26.74,-0.48,1,1607,1635,NE
1173194.208,X_LEG_1,17.06,26.74,-0.48,1,1607,1635,NE
1173194.228,X_LEG_1,16.91,26.67,-0.48,1,1607,1636,NE
1173194.248,X_LEG_1,16.91,26.67,-0.48,1,1607,1636,NE
1173194.270,X_LEG_1,16.91,26.67,-0.48,1,1607,1636,NE
1173194.290,X_LEG_1,16.91,26.67,-0.48,1,1607,1636,NE
1173194.310,X_LEG_1,16.91,26.67,-0.48,1,1607,1636,NE
1173194.331,X_LEG_1,16.77,26.59,-0.50,1,1606,1636,NE
1173194.351,X_LEG_1,16.77,26.59,-0.50,1,1606,1636,NE
1173194.372,X_LEG_1,16.77,26.59,-0.50,1,1606,1636,NE
1173194.393,X_LEG_1,16.77,26.59,-0.50,1,1606,1636,NE
1173194.413,X_LEG_1,16.77,26.59,-0.50,1,1606,1636,NE
1173194.433,X_LEG_1,16.55,26.49,-0.51,1,1606,1637,NE
1173194.454,X_LEG_1,16.55,26.49,-0.51,1,1606,1637,NE
1173194.474,X_LEG_1,16.55,26.49,-0.51,1,1606,1637,NE
1173194.494,X_LEG_1,16.55,26.49,-0.51,1,1606,1637,NE
1173194.515,X_LEG_1,16.55,26.49,-0.51,1,1606,1637,NE
1173194.536,X_LEG_1,16.55,26.49,-0.51,1,1606,1637,NE
1173194.556,X_LEG_1,16.55,26.49,-0.51,1,1606,1637,NE
1173194.577,X_LEG_1,16.55,26.49,-0.51,1,1606,1637,NE
1173194.597,X_LEG_1,16.55,26.49,-0.51,1,1606,1637,NE
1173194.618,X_LEG_1,16.55,26.49,-0.51,1,1606,1637,NE
1173194.638,X_LEG_1,16.33,26.37,-0.52,1,1605,1638,NE
1173194.659,X_LEG_1,16.33,26.37,-0.52,1,1605,1638,NE
1173194.679,X_LEG_1,16.33,26.37,-0.52,1,1605,1638,NE
1173194.700,X_LEG_1,16.33,26.37,-0.52,1,1605,1638,NE
1173194.720,X_LEG_1,16.33,26.37,-0.52,1,1605,1638,NE
1173194.741,X_LEG_1,16.18,26.30,-0.52,1,1605,1638,NE
1173194.761,X_LEG_1,16.18,26.30,-0.52,1,1605,1638,NE
1173194.782,X_LEG_1,16.18,26.30,-0.52,1,1605,1638,NE
1173194.802,X_LEG_1,16.18,26.30,-0.52,1,1605,1638,NE
1173194.823,X_LEG_1,16.18,26.30,-0.52,1,1605,1638,NE
1173194.843,X_LEG_1,16.18,26.30,-0.52,1,1605,1638,NE
1173194.863,X_LEG_1,16.18,26.30,-0.52,1,1605,1638,NE
1173194.884,X_LEG_1,16.18,26.30,-0.52,1,1605,1638,NE
1173194.904,X_LEG_1,16.18,26.30,-0.52,1,1605,1638,NE
1173194.924,X_LEG_1,16.18,26.30,-0.52,1,1605,1638,NE
1173194.945,X_LEG_1,15.95,26.19,-0.55,1,1605,1639,NE
1173194.965,X_LEG_1,15.95,26.19,-0.55,1,1605,1639,NE
1173194.986,X_LEG_1,15.95,26.19,-0.55,1,1605,1639,NE
1173195.006,X_LEG_1,15.95,26.19,-0.55,1,1605,1639,NE
1173195.027,X_LEG_1,15.95,26.19,-0.55,1,1605,1639,NE
1173195.047,X_LEG_1,15.81,26.12,-0.55,1,1604,1639,NE
1173195.067,X_LEG_1,15.81,26.12,-0.55,1,1604,1639,NE
1173195.088,X_LEG_1,15.81,26.12,-0.55,1,1604,1639,NE
1173195.108,X_LEG_1,15.81,26.12,-0.55,1,1604,1639,NE
1173195.129,X_LEG_1,15.81,26.12,-0.55,1,1604,1639,NE
1173195.149,X_LEG_1,15.65,26.04,-0.54,1,1604,1640,NE
1173195.169,X_LEG_1,15.65,26.04,-0.54,1,1604,1640,NE
1173195.190,X_LEG_1,15.65,26.04,-0.54,1,1604,1640,NE
1173195.210,X_LEG_1,15.65,26.04,-0.54,1,1604,1640,NE
1173195.230,X_LEG_1,15.65,26.04,-0.54,1,1604,1640,NE
1173195.251,X_LEG_1,15.43,25.94,-0.56,1,1604,1640,NE
1173195.271,X_LEG_1,15.43,25.94,-0.56,1,1604,1640,NE
1173195.291,X_LEG_1,15.43,25.94,-0.56,1,1604,1640,NE
1173195.312,X_LEG_1,15.43,25.94,-0.56,1,1604,1640,NE
1173195.332,X_LEG_1,15.43,25.94,-0.56,1,1604,1640,NE
1173195.353,X_LEG_1,15.28,25.86,-0.57,1,1603,1641,NE
1173195.373,X_LEG_1,15.28,25.86,-0.57,1,1603,1641,NE
1173195.394,X_LEG_1,15.28,25.86,-0.57,1,1603,1641,NE
1173195.414,X_LEG_1,15.28,25.86,-0.57,1,1603,1641,NE
1173195.434,X_LEG_1,15.28,25.86,-0.57,1,1603,1641,NE
1173195.456,X_LEG_1,15.28,25.86,-0.57,1,1603,1641,NE
1173195.476,X_LEG_1,15.28,25.86,-0.57,1,1603,1641,NE
1173195.497,X_LEG_1,15.28,25.86,-0.57,1,1603,1641,NE
1173195.518,X_LEG_1,15.28,25.86,-0.57,1,1603,1641,NE
1173195.539,X_LEG_1,15.28,25.86,-0.57,1,1603,1641,NE
1173195.559,X_LEG_1,15.05,25.76,-0.59,1,1603,1641,NE
1173195.581,X_LEG_1,15.05,25.76,-0.59,1,1603,1641,NE
1173195.601,X_LEG_1,15.05,25.76,-0.59,1,1603,1641,NE
1173195.622,X_LEG_1,15.05,25.76,-0.59,1,1603,1641,NE
1173195.642,X_LEG_1,15.05,25.76,-0.59,1,1603,1641,NE
1173195.663,X_LEG_1,14.90,25.69,-0.58,1,1603,1641,NE
1173195.684,X_LEG_1,14.90,25.69,-0.58,1,1603,1641,NE
1173195.705,X_LEG_1,14.90,25.69,-0.58,1,1603,1641,NE
1173195.725,X_LEG_1,14.90,25.69,-0.58,1,1603,1641,NE
1173195.746,X_LEG_1,14.90,25.69,-0.58,1,1603,1641,NE
1173195.766,X_LEG_1,14.74,25.62,-0.60,1,1602,1641,NE
1173195.786,X_LEG_1,14.74,25.62,-0.60,1,1602,1641,NE
1173195.807,X_LEG_1,14.74,25.62,-0.60,1,1602,1641,NE
1173195.827,X_LEG_1,14.74,25.62,-0.60,1,1602,1641,NE
1173195.847,X_LEG_1,14.74,25.62,-0.60,1,1602,1641,NE
1173195.868,X_LEG_1,14.59,25.54,-0.59,1,1602,1642,NE
1173195.888,X_LEG_1,14.59,25.54,-0.59,1,1602,1642,NE
1173195.909,X_LEG_1,14.59,25.54,-0.59,1,1602,1642,NE
1173195.929,X_LEG_1,14.59,25.54,-0.59,1,1602,1642,NE
1173195.949,X_LEG_1,14.59,25.54,-0.59,1,1602,1642,NE
1173195.970,X_LEG_1,14.36,25.44,-0.63,1,1602,1642,NE
1173195.991,X_LEG_1,14.36,25.44,-0.63,1,1602,1642,NE
1173196.012,X_LEG_1,14.36,25.44,-0.63,1,1602,1642,NE
1173196.033,X_LEG_1,14.36,25.44,-0.63,1,1602,1642,NE
1173196.054,X_LEG_1,14.36,25.44,-0.63,1,1602,1642,NE
1173196.074,X_LEG_1,14.36,25.44,-0.63,1,1602,1642,NE
1173196.094,X_LEG_1,14.36,25.44,-0.63,1,1602,1642,NE
1173196.114,X_LEG_1,14.36,25.44,-0.63,1,1602,1642,NE
1173196.134,X_LEG_1,14.36,25.44,-0.63,1,1602,1642,NE
1173196.155,X_LEG_1,14.36,25.44,-0.63,1,1602,1642,NE
1173196.175,X_LEG_1,14.20,25.36,-0.62,1,1601,1643,NE
1173196.196,X_LEG_1,14.20,25.36,-0.62,1,1601,1643,NE
1173196.216,X_LEG_1,14.20,25.36,-0.62,1,1601,1643,NE
1173196.237,X_LEG_1,14.20,25.36,-0.62,1,1601,1643,NE
1173196.257,X_LEG_1,14.20,25.36,-0.62,1,1601,1643,NE
1173196.277,X_LEG_1,14.05,25.30,-0.64,1,1601,1643,NE
1173196.298,X_LEG_1,14.05,25.30,-0.64,1,1601,1643,NE
1173196.318,X_LEG_1,14.05,25.30,-0.64,1,1601,1643,NE
1173196.338,X_LEG_1,14.05,25.30,-0.64,1,1601,1643,NE
1173196.359,X_LEG_1,14.05,25.30,-0.64,1,1601,1643,NE
1173196.380,X_LEG_1,13.89,25.23,-0.65,1,1601,1644,NE
1173196.400,X_LEG_1,13.89,25.23,-0.65,1,1601,1644,NE
1173196.420,X_LEG_1,13.89,25.23,-0.65,1,1601,1644,NE
1173196.440,X_LEG_1,13.89,25.23,-0.65,1,1601,1644,NE
1173196.461,X_LEG_1,13.89,25.23,-0.65,1,1601,1644,NE
1173196.481,X_LEG_1,13.73,25.16,-0.64,1,1601,1644,NE
1173196.502,X_LEG_1,13.73,25.16,-0.64,1,1601,1644,NE
1173196.522,X_LEG_1,13.73,25.16,-0.64,1,1601,1644,NE
1173196.543,X_LEG_1,13.73,25.16,-0.64,1,1601,1644,NE
1173196.563,X_LEG_1,13.73,25.16,-0.64,1,1601,1644,NE
1173196.584,X_LEG_1,13.57,25.09,-0.66,1,1600,1645,NE
1173196.604,X_LEG_1,13.57,25.09,-0.66,1,1600,1645,NE
1173196.624,X_LEG_1,13.57,25.09,-0.66,1,1600,1645,NE
1173196.645,X_LEG_1,13.57,25.09,-0.66,1,1600,1645,NE
1173196.665,X_LEG_1,13.57,25.09,-0.66,1,1600,1645,NE
1173196.686,X_LEG_1,13.34,24.98,-0.66,1,1600,1645,NE
1173196.706,X_LEG_1,13.34,24.98,-0.66,1,1600,1645,NE
1173196.726,X_LEG_1,13.34,24.98,-0.66,1,1600,1645,NE
1173196.747,X_LEG_1,13.34,24.98,-0.66,1,1600,1645,NE
1173196.767,X_LEG_1,13.34,24.98,-0.66,1,1600,1645,NE
1173196.788,X_LEG_1,13.18,24.91,-0.67,1,1600,1646,NE
1173196.808,X_LEG_1,13.18,24.91,-0.67,1,1600,1646,NE
1173196.829,X_LEG_1,13.18,24.91,-0.67,1,1600,1646,NE
1173196.849,X_LEG_1,13.18,24.91,-0.67,1,1600,1646,NE
1173196.870,X_LEG_1,13.18,24.91,-0.67,1,1600,1646,NE
1173196.890,X_LEG_1,13.02,24.85,-0.69,1,1599,1646,NE
1173196.911,X_LEG_1,13.02,24.85,-0.69,1,1599,1646,NE
1173196.932,X_LEG_1,13.02,24.85,-0.69,1,1599,1646,NE
1173196.952,X_LEG_1,13.02,24.85,-0.69,1,1599,1646,NE
1173196.972,X_LEG_1,13.02,24.85,-0.69,1,1599,1646,NE
1173196.993,X_LEG_1,13.02,24.85,-0.69,1,1599,1646,NE
1173197.013,X_LEG_1,13.02,24.85,-0.69,1,1599,1646,NE
1173197.034,X_LEG_1,13.02,24.85,-0.69,1,1599,1646,NE
1173197.054,X_LEG_1,13.02,24.85,-0.69,1,1599,1646,NE
1173197.075,X_LEG_1,13.02,24.85,-0.69,1,1599,1646,NE
1173197.095,X_LEG_1,12.78,24.74,-0.69,1,1599,1647,NE
1173197.116,X_LEG_1,12.78,24.74,-0.69,1,1599,1647,NE
1173197.136,X_LEG_1,12.78,24.74,-0.69,1,1599,1647,NE
1173197.157,X_LEG_1,12.78,24.74,-0.69,1,1599,1647,NE
1173197.177,X_LEG_1,12.78,24.74,-0.69,1,1599,1647,NE
1173197.198,X_LEG_1,12.62,24.67,-0.70,1,1599,1648,NE
1173197.219,X_LEG_1,12.62,24.67,-0.70,1,1599,1648,NE
1173197.239,X_LEG_1,12.62,24.67,-0.70,1,1599,1648,NE
1173197.259,X_LEG_1,12.62,24.67,-0.70,1,1599,1648,NE
1173197.280,X_LEG_1,12.62,24.67,-0.70,1,1599,1648,NE
1173197.300,X_LEG_1,12.62,24.67,-0.70,1,1599,1648,NE
1173197.321,X_LEG_1,12.62,24.67,-0.70,1,1599,1648,NE
1173197.341,X_LEG_1,12.62,24.67,-0.70,1,1599,1648,NE
1173197.363,X_LEG_1,12.62,24.67,-0.70,1,1599,1648,NE
1173197.383,X_LEG_1,12.62,24.67,-0.70,1,1599,1648,NE
1173197.404,X_LEG_1,12.38,24.57,-0.73,1,1598,1648,NE
1173197.425,X_LEG_1,12.38,24.57,-0.73,1,1598,1648,NE
1173197.445,X_LEG_1,12.38,24.57,-0.73,1,1598,1648,NE
1173197.466,X_LEG_1,12.38,24.57,-0.73,1,1598,1648,NE
1173197.486,X_LEG_1,12.38,24.57,-0.73,1,1598,1648,NE
1173197.506,X_LEG_1,12.22,24.50,-0.72,1,1598,1649,NE
1173197.527,X_LEG_1,12.22,24.50,-0.72,1,1598,1649,NE
1173197.547,X_LEG_1,12.22,24.50,-0.72,1,1598,1649,NE
1173197.568,X_LEG_1,12.22,24.50,-0.72,1,1598,1649,NE
1173197.589,X_LEG_1,12.22,24.50,-0.72,1,1598,1649,NE
1173197.610,X_LEG_1,12.06,24.44,-0.72,1,1598,1649,NE
1173197.631,X_LEG_1,12.06,24.44,-0.72,1,1598,1649,NE
1173197.651,X_LEG_1,12.06,24.44,-0.72,1,1598,1649,NE
1173197.672,X_LEG_1,12.06,24.44,-0.72,1,1598,1649,NE
1173197.692,X_LEG_1,12.06,24.44,-0.72,1,1598,1649,NE
1173197.712,X_LEG_1,11.90,24.37,-0.74,1,1597,1650,NE
1173197.733,X_LEG_1,11.90,24.37,-0.74,1,1597,1650,NE
1173197.753,X_LEG_1,11.90,24.37,-0.74,1,1597,1650,NE
1173197.774,X_LEG_1,11.90,24.37,-0.74,1,1597,1650,NE
1173197.794,X_LEG_1,11.90,24.37,-0.74,1,1597,1650,NE
1173197.814,X_LEG_1,11.74,24.30,-0.75,1,1597,1650,NE
1173197.835,X_LEG_1,11.74,24.30,-0.75,1,1597,1650,NE
1173197.855,X_LEG_1,11.74,24.30,-0.75,1,1597,1650,NE
1173197.875,X_LEG_1,11.74,24.30,-0.75,1,1597,1650,NE
1173197.896,X_LEG_1,11.74,24.30,-0.75,1,1597,1650,NE
1173197.916,X_LEG_1,11.58,24.23,-0.75,1,1597,1651,NE
1173197.938,X_LEG_1,11.58,24.23,-0.75,1,1597,1651,NE
1173197.958,X_LEG_1,11.58,24.23,-0.75,1,1597,1651,NE
1173197.978,X_LEG_1,11.58,24.23,-0.75,1,1597,1651,NE
1173197.999,X_LEG_1,11.58,24.23,-0.75,1,1597,1651,NE
1173198.019,X_LEG_1,11.42,24.16,-0.76,1,1597,1651,NE
1173198.040,X_LEG_1,11.42,24.16,-0.76,1,1597,1651,NE
1173198.061,X_LEG_1,11.42,24.16,-0.76,1,1597,1651,NE
1173198.081,X_LEG_1,11.42,24.16,-0.76,1,1597,1651,NE
1173198.101,X_LEG_1,11.42,24.16,-0.76,1,1597,1651,NE
1173198.121,X_LEG_1,11.42,24.16,-0.76,1,1597,1651,NE
1173198.142,X_LEG_1,11.42,24.16,-0.76,1,1597,1651,NE
1173198.163,X_LEG_1,11.42,24.16,-0.76,1,1597,1651,NE
1173198.183,X_LEG_1,11.42,24.16,-0.76,1,1597,1651,NE
1173198.203,X_LEG_1,11.42,24.16,-0.76,1,1597,1651,NE
1173198.224,X_LEG_1,11.25,24.10,-0.77,1,1596,1652,NE
1173198.244,X_LEG_1,11.25,24.10,-0.77,1,1596,1652,NE
1173198.265,X_LEG_1,11.25,24.10,-0.77,1,1596,1652,NE
1173198.285,X_LEG_1,11.25,24.10,-0.77,1,1596,1652,NE
1173198.306,X_LEG_1,11.25,24.10,-0.77,1,1596,1652,NE
1173198.326,X_LEG_1,11.09,24.03,-0.77,1,1596,1652,NE
1173198.346,X_LEG_1,11.09,24.03,-0.77,1,1596,1652,NE
1173198.367,X_LEG_1,11.09,24.03,-0.77,1,1596,1652,NE
1173198.387,X_LEG_1,11.09,24.03,-0.77,1,1596,1652,NE
1173198.408,X_LEG_1,11.09,24.03,-0.77,1,1596,1652,NE
1173198.428,X_LEG_1,10.93,23.97,-0.79,1,1596,1653,NE
1173198.449,X_LEG_1,10.93,23.97,-0.79,1,1596,1653,NE
1173198.469,X_LEG_1,10.93,23.97,-0.79,1,1596,1653,NE
1173198.490,X_LEG_1,10.93,23.97,-0.79,1,1596,1653,NE
1173198.510,X_LEG_1,10.93,23.97,-0.79,1,1596,1653,NE
1173198.531,X_LEG_1,10.68,23.86,-0.79,1,1595,1653,NE
1173198.551,X_LEG_1,10.68,23.86,-0.79,1,1595,1653,NE
1173198.572,X_LEG_1,10.68,23.86,-0.79,1,1595,1653,NE
1173198.592,X_LEG_1,10.68,23.86,-0.79,1,1595,1653,NE
1173198.613,X_LEG_1,10.68,23.86,-0.79,1,1595,1653,NE
1173198.633,X_LEG_1,10.68,23.86,-0.79,1,1595,1653,NE
1173198.654,X_LEG_1,10.68,23.86,-0.79,1,1595,1653,NE
1173198.674,X_LEG_1,10.68,23.86,-0.79,1,1595,1653,NE
1173198.695,X_LEG_1,10.68,23.86,-0.79,1,1595,1653,NE
1173198.715,X_LEG_1,10.68,23.86,-0.79,1,1595,1653,NE
1173198.735,X_LEG_1,10.44,23.77,-0.80,1,1595,1654,NE
1173198.756,X_LEG_1,10.44,23.77,-0.80,1,1595,1654,NE
1173198.776,X_LEG_1,10.44,23.77,-0.80,1,1595,1654,NE
1173198.797,X_LEG_1,10.44,23.77,-0.80,1,1595,1654,NE
1173198.817,X_LEG_1,10.44,23.77,-0.80,1,1595,1654,NE
1173198.838,X_LEG_1,10.19,23.67,-0.82,1,1595,1655,NE
1173198.859,X_LEG_1,10.19,23.67,-0.82,1,1595,1655,NE
1173198.879,X_LEG_1,10.19,23.67,-0.82,1,1595,1655,NE
1173198.899,X_LEG_1,10.19,23.67,-0.82,1,1595,1655,NE
1173198.920,X_LEG_1,10.19,23.67,-0.82,1,1595,1655,NE
1173198.940,X_LEG_1,10.19,23.67,-0.82,1,1595,1655,NE
1173198.961,X_LEG_1,10.19,23.67,-0.82,1,1595,1655,NE
1173198.981,X_LEG_1,10.19,23.67,-0.82,1,1595,1655,NE
1173199.002,X_LEG_1,10.19,23.67,-0.82,1,1595,1655,NE
1173199.023,X_LEG_1,10.19,23.67,-0.82,1,1595,1655,NE
1173199.043,X_LEG_1,9.95,23.57,-0.83,1,1594,1656,NE
1173199.064,X_LEG_1,9.95,23.57,-0.83,1,1594,1656,NE
1173199.084,X_LEG_1,9.95,23.57,-0.83,1,1594,1656,NE
1173199.105,X_LEG_1,9.95,23.57,-0.83,1,1594,1656,NE
1173199.125,X_LEG_1,9.95,23.57,-0.83,1,1594,1656,NE
1173199.146,X_LEG_1,9.79,23.50,-0.84,1,1594,1656,NE
1173199.166,X_LEG_1,9.79,23.50,-0.84,1,1594,1656,NE
1173199.187,X_LEG_1,9.79,23.50,-0.84,1,1594,1656,NE
1173199.207,X_LEG_1,9.79,23.50,-0.84,1,1594,1656,NE
1173199.228,X_LEG_1,9.79,23.50,-0.84,1,1594,1656,NE
1173199.248,X_LEG_1,9.62,23.44,-0.84,1,1594,1657,NE
1173199.269,X_LEG_1,9.62,23.44,-0.84,1,1594,1657,NE
1173199.289,X_LEG_1,9.62,23.44,-0.84,1,1594,1657,NE
1173199.310,X_LEG_1,9.62,23.44,-0.84,1,1594,1657,NE
1173199.330,X_LEG_1,9.62,23.44,-0.84,1,1594,1657,NE
1173199.351,X_LEG_1,9.46,23.38,-0.86,1,1594,1657,NE
1173199.371,X_LEG_1,9.46,23.38,-0.86,1,1594,1657,NE
1173199.392,X_LEG_1,9.46,23.38,-0.86,1,1594,1657,NE
1173199.412,X_LEG_1,9.46,23.38,-0.86,1,1594,1657,NE
1173199.433,X_LEG_1,9.46,23.38,-0.86,1,1594,1657,NE
1173199.453,X_LEG_1,9.21,23.28,-0.87,1,1593,1658,NE
1173199.474,X_LEG_1,9.21,23.28,-0.87,1,1593,1658,NE
1173199.494,X_LEG_1,9.21,23.28,-0.87,1,1593,1658,NE
1173199.515,X_LEG_1,9.21,23.28,-0.87,1,1593,1658,NE
1173199.535,X_LEG_1,9.21,23.28,-0.87,1,1593,1658,NE
1173199.556,X_LEG_1,9.05,23.21,-0.86,1,1593,1658,NE
1173199.576,X_LEG_1,9.05,23.21,-0.86,1,1593,1658,NE
1173199.597,X_LEG_1,9.05,23.21,-0.86,1,1593,1658,NE
1173199.618,X_LEG_1,9.05,23.21,-0.86,1,1593,1658,NE
1173199.638,X_LEG_1,9.05,23.21,-0.86,1,1593,1658,NE
1173199.659,X_LEG_1,9.05,23.21,-0.86,1,1593,1658,NE
1173199.679,X_LEG_1,9.05,23.21,-0.86,1,1593,1658,NE
1173199.700,X_LEG_1,9.05,23.21,-0.86,1,1593,1658,NE
1173199.720,X_LEG_1,9.05,23.21,-0.86,1,1593,1658,NE
1173199.741,X_LEG_1,9.05,23.21,-0.86,1,1593,1658,NE
1173199.761,X_LEG_1,8.80,23.11,-0.87,1,1592,1659,NE
1173199.782,X_LEG_1,8.80,23.11,-0.87,1,1592,1659,NE
1173199.802,X_LEG_1,8.80,23.11,-0.87,1,1592,1659,NE
1173199.823,X_LEG_1,8.80,23.11,-0.87,1,1592,1659,NE
1173199.843,X_LEG_1,8.80,23.11,-0.87,1,1592,1659,NE
1173199.864,X_LEG_1,8.63,23.05,-0.88,1,1592,1660,NE
1173199.884,X_LEG_1,8.63,23.05,-0.88,1,1592,1660,NE
1173199.905,X_LEG_1,8.63,23.05,-0.88,1,1592,1660,NE
1173199.926,X_LEG_1,8.63,23.05,-0.88,1,1592,1660,NE
1173199.946,X_LEG_1,8.63,23.05,-0.88,1,1592,1660,NE
1173199.967,X_LEG_1,8.39,22.95,-0.89,1,1592,1660,NE
1173199.987,X_LEG_1,8.39,22.95,-0.89,1,1592,1660,NE
1173200.008,X_LEG_1,8.39,22.95,-0.89,1,1592,1660,NE
1173200.028,X_LEG_1,8.39,22.95,-0.89,1,1592,1660,NE
1173200.048,X_LEG_1,8.39,22.95,-0.89,1,1592,1660,NE
1173200.069,X_LEG_1,8.23,22.89,-0.93,1,1592,1661,NE
1173200.090,X_LEG_1,8.23,22.89,-0.93,1,1592,1661,NE
1173200.110,X_LEG_1,8.23,22.89,-0.93,1,1592,1661,NE
1173200.130,X_LEG_1,8.23,22.89,-0.93,1,1592,1661,NE
1173200.151,X_LEG_1,8.23,22.89,-0.93,1,1592,1661,NE
1173200.171,X_LEG_1,8.23,22.89,-0.93,1,1592,1661,NE
1173200.192,X_LEG_1,8.23,22.89,-0.93,1,1592,1661,NE
1173200.212,X_LEG_1,8.23,22.89,-0.93,1,1592,1661,NE
1173200.232,X_LEG_1,8.23,22.89,-0.93,1,1592,1661,NE
1173200.253,X_LEG_1,8.23,22.89,-0.93,1,1592,1661,NE
1173200.274,X_LEG_1,8.19,22.90,-0.96,1,1592,1661,NE
1173200.294,X_LEG_1,8.19,22.90,-0.96,1,1592,1661,NE
1173200.314,X_LEG_1,8.19,22.90,-0.96,1,1592,1661,NE
1173200.335,X_LEG_1,8.19,22.90,-0.96,1,1592,1661,NE
1173200.356,X_LEG_1,8.19,22.90,-0.96,1,1592,1661,NE
1173200.376,X_LEG_1,8.20,22.92,-11.98,1,1592,1661,NE
1173200.396,X_LEG_1,8.20,22.92,-11.98,1,1592,1661,NE
1173200.417,X_LEG_1,8.20,22.92,-11.98,1,1592,1661,NE
1173200.437,X_LEG_1,8.20,22.92,-11.98,1,1592,1661,NE
1173200.458,X_LEG_1,8.20,22.92,-11.98,1,1592,1661,NE
1173200.478,X_LEG_1,8.20,22.95,-12.03,1,1592,1661,NE
1173200.498,X_LEG_1,8.20,22.95,-12.03,1,1592,1661,NE
1173200.519,X_LEG_1,8.20,22.95,-12.03,1,1592,1661,NE
1173200.540,X_LEG_1,8.20,22.95,-12.03,1,1592,1661,NE
1173200.560,X_LEG_1,8.20,22.95,-12.03,1,1592,1661,NE
1173200.581,X_LEG_1,8.20,22.95,-12.03,1,1592,1661,NE
1173200.601,X_LEG_1,8.20,22.95,-12.03,1,1592,1661,NE
1173200.622,X_LEG_1,8.20,22.95,-12.03,1,1592,1661,NE
1173200.642,X_LEG_1,8.20,22.95,-12.03,1,1592,1661,NE
1173200.664,X_LEG_1,8.20,22.95,-12.03,1,1592,1661,NE
1173200.684,X_LEG_1,8.21,22.99,-12.07,1,1592,1661,NE
1173200.704,X_LEG_1,8.21,22.99,-12.07,1,1592,1661,NE
1173200.725,X_LEG_1,8.21,22.99,-12.07,1,1592,1661,NE
1173200.746,X_LEG_1,8.21,22.99,-12.07,1,1592,1661,NE
1173200.766,X_LEG_1,8.21,22.99,-12.07,1,1592,1661,NE
1173200.788,X_LEG_1,8.22,23.02,-12.11,1,1592,1661,NE
1173200.808,X_LEG_1,8.22,23.02,-12.11,1,1592,1661,NE
1173200.829,X_LEG_1,8.22,23.02,-12.11,1,1592,1661,NE
1173200.849,X_LEG_1,8.22,23.02,-12.11,1,1592,1661,NE
1173200.869,X_LEG_1,8.22,23.02,-12.11,1,1592,1661,NE
1173200.890,X_LEG_1,8.23,23.08,-12.16,1,1592,1661,NE
1173200.910,X_LEG_1,8.23,23.08,-12.16,1,1592,1661,NE
1173200.930,X_LEG_1,8.23,23.08,-12.16,1,1592,1661,NE
1173200.951,X_LEG_1,8.23,23.08,-12.16,1,1592,1661,NE
1173200.972,X_LEG_1,8.23,23.08,-12.16,1,1592,1661,NE
1173200.992,X_LEG_1,8.24,23.12,-12.17,1,1592,1661,NE
1173201.013,X_LEG_1,8.24,23.12,-12.17,1,1592,1661,NE
1173201.033,X_LEG_1,8.24,23.12,-12.17,1,1592,1661,NE
1173201.053,X_LEG_1,8.24,23.12,-12.17,1,1592,1661,NE
1173201.074,X_LEG_1,8.24,23.12,-12.17,1,1592,1661,NE
1173201.094,X_LEG_1,8.25,23.17,-6.22,1,1593,1661,NE
1173201.115,X_LEG_1,8.25,23.17,-6.22,1,1593,1661,NE
1173201.135,X_LEG_1,8.25,23.17,-6.22,1,1593,1661,NE
1173201.156,X_LEG_1,8.25,23.17,-6.22,1,1593,1661,NE
1173201.177,X_LEG_1,8.25,23.17,-6.22,1,1593,1661,NE
1173201.198,X_LEG_1,8.25,23.20,-6.24,1,1593,1661,NE
1173201.218,X_LEG_1,8.25,23.20,-6.24,1,1593,1661,NE
1173201.239,X_LEG_1,8.25,23.20,-6.24,1,1593,1661,NE
1173201.259,X_LEG_1,8.25,23.20,-6.24,1,1593,1661,NE
1173201.280,X_LEG_1,8.25,23.20,-6.24,1,1593,1661,NE
1173201.301,X_LEG_1,8.26,23.24,-6.27,1,1593,1661,NE
1173201.321,X_LEG_1,8.26,23.24,-6.27,1,1593,1661,NE
1173201.342,X_LEG_1,8.26,23.24,-6.27,1,1593,1661,NE
1173201.362,X_LEG_1,8.26,23.24,-6.27,1,1593,1661,NE
1173201.382,X_LEG_1,8.26,23.24,-6.27,1,1593,1661,NE
1173201.402,X_LEG_1,8.26,23.24,-6.27,1,1593,1661,NE
1173201.423,X_LEG_1,8.26,23.24,-6.27,1,1593,1661,NE
1173201.444,X_LEG_1,8.26,23.24,-6.27,1,1593,1661,NE
1173201.465,X_LEG_1,8.26,23.24,-6.27,1,1593,1661,NE
1173201.486,X_LEG_1,8.26,23.24,-6.27,1,1593,1661,NE
1173201.507,X_LEG_1,8.28,23.29,-6.31,1,1593,1661,NE
1173201.527,X_LEG_1,8.28,23.29,-6.31,1,1593,1661,NE
1173201.548,X_LEG_1,8.28,23.29,-6.31,1,1593,1661,NE
1173201.568,X_LEG_1,8.28,23.29,-6.31,1,1593,1661,NE
1173201.589,X_LEG_1,8.28,23.29,-6.31,1,1593,1661,NE
1173201.610,X_LEG_1,8.29,23.34,-6.36,1,1593,1661,NE
1173201.630,X_LEG_1,8.29,23.34,-6.36,1,1593,1661,NE
1173201.651,X_LEG_1,8.29,23.34,-6.36,1,1593,1661,NE
1173201.671,X_LEG_1,8.29,23.34,-6.36,1,1593,1661,NE
1173201.692,X_LEG_1,8.29,23.34,-6.36,1,1593,1661,NE
1173201.712,X_LEG_1,8.30,23.37,-6.40,1,1593,1661,NE
1173201.732,X_LEG_1,8.30,23.37,-6.40,1,1593,1661,NE
1173201.753,X_LEG_1,8.30,23.37,-6.40,1,1593,1661,NE
1173201.774,X_LEG_1,8.30,23.37,-6.40,1,1593,1661,NE
1173201.794,X_LEG_1,8.30,23.37,-6.40,1,1593,1661,NE
1173201.814,X_LEG_1,8.31,23.40,-7.44,1,1594,1661,NE
1173201.834,X_LEG_1,8.31,23.40,-7.44,1,1594,1661,NE
1173201.855,X_LEG_1,8.31,23.40,-7.44,1,1594,1661,NE
1173201.876,X_LEG_1,8.31,23.40,-7.44,1,1594,1661,NE
1173201.896,X_LEG_1,8.31,23.40,-7.44,1,1594,1661,NE
1173201.916,X_LEG_1,8.32,23.43,-7.48,1,1594,1661,NE
1173201.937,X_LEG_1,8.32,23.43,-7.48,1,1594,1661,NE
1173201.957,X_LEG_1,8.32,23.43,-7.48,1,1594,1661,NE
1173201.978,X_LEG_1,8.32,23.43,-7.48,1,1594,1661,NE
1173201.999,X_LEG_1,8.32,23.43,-7.48,1,1594,1661,NE
1173202.019,X_LEG_1,8.33,23.45,-7.50,1,1594,1661,NE
1173202.039,X_LEG_1,8.33,23.45,-7.50,1,1594,1661,NE
1173202.060,X_LEG_1,8.33,23.45,-7.50,1,1594,1661,NE
1173202.080,X_LEG_1,8.33,23.45,-7.50,1,1594,1661,NE
1173202.100,X_LEG_1,8.33,23.45,-7.50,1,1594,1661,NE
1173202.121,X_LEG_1,8.34,23.48,-7.54,1,1594,1660,NE
1173202.141,X_LEG_1,8.34,23.48,-7.54,1,1594,1660,NE
1173202.161,X_LEG_1,8.34,23.48,-7.54,1,1594,1660,NE
1173202.181,X_LEG_1,8.34,23.48,-7.54,1,1594,1660,NE
1173202.202,X_LEG_1,8.34,23.48,-7.54,1,1594,1660,NE
1173202.222,X_LEG_1,8.34,23.48,-5.54,1,1594,1660,NE
1173202.243,X_LEG_1,8.34,23.48,-5.54,1,1594,1660,NE
1173202.263,X_LEG_1,8.34,23.48,-5.54,1,1594,1660,NE
1173202.283,X_LEG_1,8.34,23.48,-5.54,1,1594,1660,NE
1173202.304,X_LEG_1,8.34,23.48,-5.54,1,1594,1660,NE
1173202.325,X_LEG_1,8.36,23.52,-5.60,1,1594,1660,NE
1173202.345,X_LEG_1,8.36,23.52,-5.60,1,1594,1660,NE
1173202.368,X_LEG_1,8.36,23.52,-5.60,1,1594,1660,NE
1173202.387,X_LEG_1,8.36,23.52,-5.60,1,1594,1660,NE
1173202.407,X_LEG_1,8.36,23.52,-5.60,1,1594,1660,NE
1173202.428,X_LEG_1,8.37,23.54,-5.65,1,1594,1660,NE
1173202.448,X_LEG_1,8.37,23.54,-5.65,1,1594,1660,NE
1173202.468,X_LEG_1,8.37,23.54,-5.65,1,1594,1660,NE
1173202.489,X_LEG_1,8.37,23.54,-5.65,1,1594,1660,NE
1173202.509,X_LEG_1,8.37,23.54,-5.65,1,1594,1660,NE
1173202.529,X_LEG_1,8.38,23.57,-5.67,1,1594,1660,NE
1173202.550,X_LEG_1,8.38,23.57,-5.67,1,1594,1660,NE
1173202.570,X_LEG_1,8.38,23.57,-5.67,1,1594,1660,NE
1173202.591,X_LEG_1,8.38,23.57,-5.67,1,1594,1660,NE
1173202.611,X_LEG_1,8.38,23.57,-5.67,1,1594,1660,NE
1173202.632,X_LEG_1,8.40,23.60,-5.75,1,1594,1660,NE
1173202.652,X_LEG_1,8.40,23.60,-5.75,1,1594,1660,NE
1173202.672,X_LEG_1,8.40,23.60,-5.75,1,1594,1660,NE
1173202.693,X_LEG_1,8.40,23.60,-5.75,1,1594,1660,NE
1173202.714,X_LEG_1,8.40,23.60,-5.75,1,1594,1660,NE
1173202.734,X_LEG_1,8.40,23.60,-5.75,1,1594,1660,NE
1173202.754,X_LEG_1,8.40,23.60,-5.75,1,1594,1660,NE
1173202.775,X_LEG_1,8.40,23.60,-5.75,1,1594,1660,NE
1173202.795,X_LEG_1,8.40,23.60,-5.75,1,1594,1660,NE
1173202.816,X_LEG_1,8.40,23.60,-5.75,1,1594,1660,NE
1173202.837,X_LEG_1,8.42,23.64,-3.81,1,1595,1660,NE
1173202.857,X_LEG_1,8.42,23.64,-3.81,1,1595,1660,NE
1173202.877,X_LEG_1,8.42,23.64,-3.81,1,1595,1660,NE
1173202.898,X_LEG_1,8.42,23.64,-3.81,1,1595,1660,NE
1173202.918,X_LEG_1,8.42,23.64,-3.81,1,1595,1660,NE
1173202.939,X_LEG_1,8.43,23.65,-3.84,1,1595,1660,NE
1173202.959,X_LEG_1,8.43,23.65,-3.84,1,1595,1660,NE
1173202.979,X_LEG_1,8.43,23.65,-3.84,1,1595,1660,NE
1173202.999,X_LEG_1,8.43,23.65,-3.84,1,1595,1660,NE
1173203.020,X_LEG_1,8.43,23.65,-3.84,1,1595,1660,NE
1173203.040,X_LEG_1,8.43,23.65,-3.84,1,1595,1660,NE
1173203.060,X_LEG_1,8.43,23.65,-3.84,1,1595,1660,NE
1173203.081,X_LEG_1,8.43,23.65,-3.84,1,1595,1660,NE
1173203.101,X_LEG_1,8.43,23.65,-3.84,1,1595,1660,NE
1173203.122,X_LEG_1,8.43,23.65,-3.84,1,1595,1660,NE
1173203.142,X_LEG_1,8.45,23.69,-3.91,1,1595,1660,NE
1173203.162,X_LEG_1,8.45,23.69,-3.91,1,1595,1660,NE
1173203.183,X_LEG_1,8.45,23.69,-3.91,1,1595,1660,NE
1173203.203,X_LEG_1,8.45,23.69,-3.91,1,1595,1660,NE
1173203.223,X_LEG_1,8.45,23.69,-3.91,1,1595,1660,NE
1173203.244,X_LEG_1,8.47,23.72,-3.95,1,1595,1660,NE
1173203.264,X_LEG_1,8.47,23.72,-3.95,1,1595,1660,NE
1173203.285,X_LEG_1,8.47,23.72,-3.95,1,1595,1660,NE
1173203.306,X_LEG_1,8.47,23.72,-3.95,1,1595,1660,NE
1173203.326,X_LEG_1,8.47,23.72,-3.95,1,1595,1660,NE
1173203.346,X_LEG_1,8.48,23.73,-3.99,1,1595,1660,NE
1173203.367,X_LEG_1,8.48,23.73,-3.99,1,1595,1660,NE
1173203.387,X_LEG_1,8.48,23.73,-3.99,1,1595,1660,NE
1173203.408,X_LEG_1,8.48,23.73,-3.99,1,1595,1660,NE
1173203.428,X_LEG_1,8.48,23.73,-3.99,1,1595,1660,NE
1173203.448,X_LEG_1,8.48,23.73,-3.99,1,1595,1660,NE
1173203.469,X_LEG_1,8.48,23.73,-3.99,1,1595,1660,NE
1173203.489,X_LEG_1,8.48,23.73,-3.99,1,1595,1660,NE
1173203.510,X_LEG_1,8.48,23.73,-3.99,1,1595,1660,NE
1173203.531,X_LEG_1,8.48,23.73,-3.99,1,1595,1660,NE
1173203.551,X_LEG_1,8.49,23.75,-4.06,1,1595,1660,NE
1173203.573,X_LEG_1,8.49,23.75,-4.06,1,1595,1660,NE
1173203.593,X_LEG_1,8.49,23.75,-4.06,1,1595,1660,NE
1173203.613,X_LEG_1,8.49,23.75,-4.06,1,1595,1660,NE
1173203.634,X_LEG_1,8.49,23.75,-4.06,1,1595,1660,NE
1173203.655,X_LEG_1,8.51,23.77,-4.09,1,1595,1660,NE
1173203.675,X_LEG_1,8.51,23.77,-4.09,1,1595,1660,NE
1173203.695,X_LEG_1,8.51,23.77,-4.09,1,1595,1660,NE
1173203.715,X_LEG_1,8.51,23.77,-4.09,1,1595,1660,NE
1173203.736,X_LEG_1,8.51,23.77,-4.09,1,1595,1660,NE
1173203.757,X_LEG_1,8.52,23.79,-4.13,1,1595,1660,NE
1173203.777,X_LEG_1,8.52,23.79,-4.13,1,1595,1660,NE
1173203.798,X_LEG_1,8.52,23.79,-4.13,1,1595,1660,NE
1173203.818,X_LEG_1,8.52,23.79,-4.13,1,1595,1660,NE
1173203.839,X_LEG_1,8.52,23.79,-4.13,1,1595,1660,NE
1173203.859,X_LEG_1,8.53,23.80,-4.16,1,1595,1660,NE
1173203.880,X_LEG_1,8.53,23.80,-4.16,1,1595,1660,NE
1173203.901,X_LEG_1,8.53,23.80,-4.16,1,1595,1660,NE
1173203.921,X_LEG_1,8.53,23.80,-4.16,1,1595,1660,NE
1173203.941,X_LEG_1,8.53,23.80,-4.16,1,1595,1660,NE
1173203.963,X_LEG_1,8.55,23.82,-4.23,1,1595,1660,NE
1173203.983,X_LEG_1,8.55,23.82,-4.23,1,1595,1660,NE
1173204.004,X_LEG_1,8.55,23.82,-4.23,1,1595,1660,NE
1173204.024,X_LEG_1,8.55,23.82,-4.23,1,1595,1660,NE
1173204.045,X_LEG_1,8.55,23.82,-4.23,1,1595,1660,NE
1173204.065,X_LEG_1,8.56,23.84,-3.27,1,1595,1660,NE
1173204.085,X_LEG_1,8.56,23.84,-3.27,1,1595,1660,NE
1173204.106,X_LEG_1,8.56,23.84,-3.27,1,1595,1660,NE
1173204.126,X_LEG_1,8.56,23.84,-3.27,1,1595,1660,NE
1173204.147,X_LEG_1,8.56,23.84,-3.27,1,1595,1660,NE
1173204.167,X_LEG_1,8.56,23.84,-3.27,1,1595,1660,NE
1173204.188,X_LEG_1,8.56,23.84,-3.27,1,1595,1660,NE
1173204.208,X_LEG_1,8.56,23.84,-3.27,1,1595,1660,NE
1173204.229,X_LEG_1,8.56,23.84,-3.27,1,1595,1660,NE
1173204.250,X_LEG_1,8.56,23.84,-3.27,1,1595,1660,NE
1173204.270,X_LEG_1,8.58,23.86,-3.34,1,1595,1660,NE
1173204.290,X_LEG_1,8.58,23.86,-3.34,1,1595,1660,NE
1173204.311,X_LEG_1,8.58,23.86,-3.34,1,1595,1660,NE
1173204.331,X_LEG_1,8.58,23.86,-3.34,1,1595,1660,NE
1173204.352,X_LEG_1,8.58,23.86,-3.34,1,1595,1660,NE
1173204.373,X_LEG_1,8.59,23.87,-3.35,1,1595,1660,NE
1173204.393,X_LEG_1,8.59,23.87,-3.35,1,1595,1660,NE
1173204.414,X_LEG_1,8.59,23.87,-3.35,1,1595,1660,NE
1173204.434,X_LEG_1,8.59,23.87,-3.35,1,1595,1660,NE
1173204.454,X_LEG_1,8.59,23.87,-3.35,1,1595,1660,NE
1173204.475,X_LEG_1,8.60,23.88,-3.41,1,1596,1660,NE
1173204.496,X_LEG_1,8.60,23.88,-3.41,1,1596,1660,NE
1173204.516,X_LEG_1,8.60,23.88,-3.41,1,1596,1660,NE
1173204.537,X_LEG_1,8.60,23.88,-3.41,1,1596,1660,NE
1173204.558,X_LEG_1,8.60,23.88,-3.41,1,1596,1660,NE
1173204.578,X_LEG_1,8.61,23.89,-3.46,1,1596,1660,NE
1173204.599,X_LEG_1,8.61,23.89,-3.46,1,1596,1660,NE
1173204.619,X_LEG_1,8.61,23.89,-3.46,1,1596,1660,NE
1173204.640,X_LEG_1,8.61,23.89,-3.46,1,1596,1660,NE
1173204.660,X_LEG_1,8.61,23.89,-3.46,1,1596,1660,NE
1173204.681,X_LEG_1,8.63,23.90,-3.47,1,1596,1660,NE
1173204.701,X_LEG_1,8.63,23.90,-3.47,1,1596,1660,NE
1173204.722,X_LEG_1,8.63,23.90,-3.47,1,1596,1660,NE
1173204.742,X_LEG_1,8.63,23.90,-3.47,1,1596,1660,NE
1173204.763,X_LEG_1,8.63,23.90,-3.47,1,1596,1660,NE
1173204.783,X_LEG_1,8.63,23.90,-3.47,1,1596,1660,NE
1173204.803,X_LEG_1,8.63,23.90,-3.47,1,1596,1660,NE
1173204.824,X_LEG_1,8.63,23.90,-3.47,1,1596,1660,NE
1173204.844,X_LEG_1,8.63,23.90,-3.47,1,1596,1660,NE
1173204.865,X_LEG_1,8.63,23.90,-3.47,1,1596,1660,NE
1173204.885,X_LEG_1,8.64,23.91,-3.52,1,1596,1660,NE
1173204.905,X_LEG_1,8.64,23.91,-3.52,1,1596,1660,NE
1173204.926,X_LEG_1,8.64,23.91,-3.52,1,1596,1660,NE
1173204.947,X_LEG_1,8.64,23.91,-3.52,1,1596,1660,NE
1173204.968,X_LEG_1,8.64,23.91,-3.52,1,1596,1660,NE
1173204.988,X_LEG_1,8.65,23.92,-3.57,1,1596,1660,NE
1173205.009,X_LEG_1,8.65,23.92,-3.57,1,1596,1660,NE
1173205.030,X_LEG_1,8.65,23.92,-3.57,1,1596,1660,NE
1173205.050,X_LEG_1,8.65,23.92,-3.57,1,1596,1660,NE
1173205.071,X_LEG_1,8.65,23.92,-3.57,1,1596,1660,NE
1173205.091,X_LEG_1,8.67,23.92,-3.61,1,1596,1659,NE
1173205.112,X_LEG_1,8.67,23.92,-3.61,1,1596,1659,NE
1173205.132,X_LEG_1,8.67,23.92,-3.61,1,1596,1659,NE
1173205.153,X_LEG_1,8.67,23.92,-3.61,1,1596,1659,NE
1173205.173,X_LEG_1,8.67,23.92,-3.61,1,1596,1659,NE
1173205.193,X_LEG_1,8.68,23.93,-3.66,1,1596,1659,NE
1173205.214,X_LEG_1,8.68,23.93,-3.66,1,1596,1659,NE
1173205.234,X_LEG_1,8.68,23.93,-3.66,1,1596,1659,NE
1173205.254,X_LEG_1,8.68,23.93,-3.66,1,1596,1659,NE
1173205.275,X_LEG_1,8.68,23.93,-3.66,1,1596,1659,NE
1173205.295,X_LEG_1,8.68,23.93,-3.66,1,1596,1659,NE
1173205.316,X_LEG_1,8.68,23.93,-3.66,1,1596,1659,NE
1173205.336,X_LEG_1,8.68,23.93,-3.66,1,1596,1659,NE
1173205.357,X_LEG_1,8.68,23.93,-3.66,1,1596,1659,NE
1173205.378,X_LEG_1,8.68,23.93,-3.66,1,1596,1659,NE
1173205.398,X_LEG_1,8.70,23.94,-3.69,1,1596,1659,NE
1173205.418,X_LEG_1,8.70,23.94,-3.69,1,1596,1659,NE
1173205.438,X_LEG_1,8.70,23.94,-3.69,1,1596,1659,NE
1173205.459,X_LEG_1,8.70,23.94,-3.69,1,1596,1659,NE
1173205.479,X_LEG_1,8.70,23.94,-3.69,1,1596,1659,NE
1173205.500,X_LEG_1,8.71,23.94,-3.75,1,1596,1659,NE
1173205.520,X_LEG_1,8.71,23.94,-3.75,1,1596,1659,NE
1173205.540,X_LEG_1,8.71,23.94,-3.75,1,1596,1659,NE
1173205.561,X_LEG_1,8.71,23.94,-3.75,1,1596,1659,NE
1173205.581,X_LEG_1,8.71,23.94,-3.75,1,1596,1659,NE
1173205.601,X_LEG_1,8.73,23.95,-2.79,1,1596,1659,NE
1173205.622,X_LEG_1,8.73,23.95,-2.79,1,1596,1659,NE
1173205.642,X_LEG_1,8.73,23.95,-2.79,1,1596,1659,NE
1173205.663,X_LEG_1,8.73,23.95,-2.79,1,1596,1659,NE
1173205.683,X_LEG_1,8.73,23.95,-2.79,1,1596,1659,NE
1173205.703,X_LEG_1,8.73,23.95,-2.79,1,1596,1659,NE
1173205.724,X_LEG_1,8.73,23.95,-2.79,1,1596,1659,NE
1173205.744,X_LEG_1,8.73,23.95,-2.79,1,1596,1659,NE
1173205.764,X_LEG_1,8.73,23.95,-2.79,1,1596,1659,NE
1173205.785,X_LEG_1,8.73,23.95,-2.79,1,1596,1659,NE
1173205.805,X_LEG_1,8.74,23.95,-2.85,1,1596,1659,NE
1173205.825,X_LEG_1,8.74,23.95,-2.85,1,1596,1659,NE
1173205.846,X_LEG_1,8.74,23.95,-2.85,1,1596,1659,NE
1173205.866,X_LEG_1,8.74,23.95,-2.85,1,1596,1659,NE
1173205.887,X_LEG_1,8.74,23.95,-2.85,1,1596,1659,NE
1173205.907,X_LEG_1,8.75,23.95,-2.88,1,1596,1659,NE
1173205.927,X_LEG_1,8.75,23.95,-2.88,1,1596,1659,NE
1173205.948,X_LEG_1,8.75,23.95,-2.88,1,1596,1659,NE
1173205.970,X_LEG_1,8.75,23.95,-2.88,1,1596,1659,NE
1173205.990,X_LEG_1,8.75,23.95,-2.88,1,1596,1659,NE
1173206.010,X_LEG_1,8.77,23.96,-2.92,1,1596,1659,NE
1173206.031,X_LEG_1,8.77,23.96,-2.92,1,1596,1659,NE
1173206.052,X_LEG_1,8.77,23.96,-2.92,1,1596,1659,NE
1173206.073,X_LEG_1,8.77,23.96,-2.92,1,1596,1659,NE
1173206.093,X_LEG_1,8.77,23.96,-2.92,1,1596,1659,NE
1173206.113,X_LEG_1,8.78,23.96,-2.98,1,1596,1659,NE
1173206.134,X_LEG_1,8.78,23.96,-2.98,1,1596,1659,NE
1173206.154,X_LEG_1,8.78,23.96,-2.98,1,1596,1659,NE
1173206.175,X_LEG_1,8.78,23.96,-2.98,1,1596,1659,NE
1173206.195,X_LEG_1,8.78,23.96,-2.98,1,1596,1659,NE
1173206.215,X_LEG_1,8.78,23.96,-2.98,1,1596,1659,NE
1173206.236,X_LEG_1,8.78,23.96,-2.98,1,1596,1659,NE
1173206.256,X_LEG_1,8.78,23.96,-2.98,1,1596,1659,NE
1173206.277,X_LEG_1,8.78,23.96,-2.98,1,1596,1659,NE
1173206.298,X_LEG_1,8.78,23.96,-2.98,1,1596,1659,NE
1173206.318,X_LEG_1,8.80,23.96,-3.03,1,1596,1659,NE
1173206.339,X_LEG_1,8.80,23.96,-3.03,1,1596,1659,NE
1173206.359,X_LEG_1,8.80,23.96,-3.03,1,1596,1659,NE
1173206.380,X_LEG_1,8.80,23.96,-3.03,1,1596,1659,NE
1173206.400,X_LEG_1,8.80,23.96,-3.03,1,1596,1659,NE
1173206.421,X_LEG_1,8.82,23.96,-3.08,1,1596,1659,NE
1173206.441,X_LEG_1,8.82,23.96,-3.08,1,1596,1659,NE
1173206.461,X_LEG_1,8.82,23.96,-3.08,1,1596,1659,NE
1173206.482,X_LEG_1,8.82,23.96,-3.08,1,1596,1659,NE
1173206.502,X_LEG_1,8.82,23.96,-3.08,1,1596,1659,NE
1173206.523,X_LEG_1,8.83,23.96,-3.11,1,1596,1659,NE
1173206.543,X_LEG_1,8.83,23.96,-3.11,1,1596,1659,NE
1173206.564,X_LEG_1,8.83,23.96,-3.11,1,1596,1659,NE
1173206.585,X_LEG_1,8.83,23.96,-3.11,1,1596,1659,NE
1173206.605,X_LEG_1,8.83,23.96,-3.11,1,1596,1659,NE
1173206.626,X_LEG_1,8.83,23.96,-3.11,1,1596,1659,NE
1173206.646,X_LEG_1,8.83,23.96,-3.11,1,1596,1659,NE
1173206.666,X_LEG_1,8.83,23.96,-3.11,1,1596,1659,NE
1173206.686,X_LEG_1,8.83,23.96,-3.11,1,1596,1659,NE
1173206.707,X_LEG_1,8.83,23.96,-3.11,1,1596,1659,NE
1173206.728,X_LEG_1,8.85,23.96,-3.16,1,1596,1659,NE
1173206.748,X_LEG_1,8.85,23.96,-3.16,1,1596,1659,NE
1173206.769,X_LEG_1,8.85,23.96,-3.16,1,1596,1659,NE
1173206.789,X_LEG_1,8.85,23.96,-3.16,1,1596,1659,NE
1173206.809,X_LEG_1,8.85,23.96,-3.16,1,1596,1659,NE
1173206.830,X_LEG_1,8.86,23.96,-3.20,1,1596,1659,NE
1173206.850,X_LEG_1,8.86,23.96,-3.20,1,1596,1659,NE
1173206.870,X_LEG_1,8.86,23.96,-3.20,1,1596,1659,NE
1173206.890,X_LEG_1,8.86,23.96,-3.20,1,1596,1659,NE
1173206.911,X_LEG_1,8.86,23.96,-3.20,1,1596,1659,NE
1173206.932,X_LEG_1,8.86,23.96,-3.20,1,1596,1659,NE
1173206.952,X_LEG_1,8.86,23.96,-3.20,1,1596,1659,NE
1173206.973,X_LEG_1,8.86,23.96,-3.20,1,1596,1659,NE
1173206.993,X_LEG_1,8.86,23.96,-3.20,1,1596,1659,NE
1173207.013,X_LEG_1,8.86,23.96,-3.20,1,1596,1659,NE
1173207.034,X_LEG_1,8.88,23.95,-3.25,1,1596,1659,NE
1173207.055,X_LEG_1,8.88,23.95,-3.25,1,1596,1659,NE
1173207.075,X_LEG_1,8.88,23.95,-3.25,1,1596,1659,NE
1173207.096,X_LEG_1,8.88,23.95,-3.25,1,1596,1659,NE
1173207.117,X_LEG_1,8.88,23.95,-3.25,1,1596,1659,NE
1173207.137,X_LEG_1,8.89,23.94,-2.28,1,1596,1659,NE
1173207.157,X_LEG_1,8.89,23.94,-2.28,1,1596,1659,NE
1173207.178,X_LEG_1,8.89,23.94,-2.28,1,1596,1659,NE
1173207.198,X_LEG_1,8.89,23.94,-2.28,1,1596,1659,NE
1173207.219,X_LEG_1,8.89,23.94,-2.28,1,1596,1659,NE
1173207.239,X_LEG_1,8.90,23.94,-2.31,1,1596,1659,NE
1173207.259,X_LEG_1,8.90,23.94,-2.31,1,1596,1659,NE
1173207.280,X_LEG_1,8.90,23.94,-2.31,1,1596,1659,NE
1173207.303,X_LEG_1,8.90,23.94,-2.31,1,1596,1659,NE
1173207.323,X_LEG_1,8.90,23.94,-2.31,1,1596,1659,NE
1173207.344,X_LEG_1,8.91,23.93,-2.35,1,1596,1659,NE
1173207.364,X_LEG_1,8.91,23.93,-2.35,1,1596,1659,NE
1173207.384,X_LEG_1,8.91,23.93,-2.35,1,1596,1659,NE
1173207.405,X_LEG_1,8.91,23.93,-2.35,1,1596,1659,NE
1173207.426,X_LEG_1,8.91,23.93,-2.35,1,1596,1659,NE
1173207.450,X_LEG_1,8.92,23.93,-2.39,1,1596,1659,NE
1173207.470,X_LEG_1,8.92,23.93,-2.39,1,1596,1659,NE
1173207.491,X_LEG_1,8.92,23.93,-2.39,1,1596,1659,NE
1173207.512,X_LEG_1,8.92,23.93,-2.39,1,1596,1659,NE
1173207.532,X_LEG_1,8.92,23.93,-2.39,1,1596,1659,NE
1173207.553,X_LEG_1,8.93,23.92,-2.42,1,1596,1659,NE
1173207.573,X_LEG_1,8.93,23.92,-2.42,1,1596,1659,NE
1173207.594,X_LEG_1,8.93,23.92,-2.42,1,1596,1659,NE
1173207.614,X_LEG_1,8.93,23.92,-2.42,1,1596,1659,NE
1173207.635,X_LEG_1,8.93,23.92,-2.42,1,1596,1659,NE
1173207.655,X_LEG_1,8.94,23.92,-2.46,1,1596,1659,NE
1173207.677,X_LEG_1,8.94,23.92,-2.46,1,1596,1659,NE
1173207.697,X_LEG_1,8.94,23.92,-2.46,1,1596,1659,NE
1173207.717,X_LEG_1,8.94,23.92,-2.46,1,1596,1659,NE
1173207.737,X_LEG_1,8.94,23.92,-2.46,1,1596,1659,NE
1173207.758,X_LEG_1,8.95,23.91,-2.49,1,1596,1659,NE
1173207.778,X_LEG_1,8.95,23.91,-2.49,1,1596,1659,NE
1173207.799,X_LEG_1,8.95,23.91,-2.49,1,1596,1659,NE
1173207.819,X_LEG_1,8.95,23.91,-2.49,1,1596,1659,NE
1173207.839,X_LEG_1,8.95,23.91,-2.49,1,1596,1659,NE
1173207.860,X_LEG_1,8.95,23.91,-2.49,1,1596,1659,NE
1173207.881,X_LEG_1,8.95,23.91,-2.49,1,1596,1659,NE
1173207.901,X_LEG_1,8.95,23.91,-2.49,1,1596,1659,NE
1173207.922,X_LEG_1,8.95,23.91,-2.49,1,1596,1659,NE
1173207.942,X_LEG_1,8.95,23.91,-2.49,1,1596,1659,NE
1173207.962,X_LEG_1,8.97,23.91,-2.55,1,1596,1659,NE
1173207.982,X_LEG_1,8.97,23.91,-2.55,1,1596,1659,NE
1173208.003,X_LEG_1,8.97,23.91,-2.55,1,1596,1659,NE
1173208.023,X_LEG_1,8.97,23.91,-2.55,1,1596,1659,NE
1173208.044,X_LEG_1,8.97,23.91,-2.55,1,1596,1659,NE
1173208.064,X_LEG_1,8.98,23.89,-2.58,1,1596,1659,NE
1173208.085,X_LEG_1,8.98,23.89,-2.58,1,1596,1659,NE
1173208.105,X_LEG_1,8.98,23.89,-2.58,1,1596,1659,NE
1173208.126,X_LEG_1,8.98,23.89,-2.58,1,1596,1659,NE
1173208.147,X_LEG_1,8.98,23.89,-2.58,1,1596,1659,NE
1173208.167,X_LEG_1,9.00,23.88,-2.63,1,1596,1659,NE
1173208.187,X_LEG_1,9.00,23.88,-2.63,1,1596,1659,NE
1173208.208,X_LEG_1,9.00,23.88,-2.63,1,1596,1659,NE
1173208.228,X_LEG_1,9.00,23.88,-2.63,1,1596,1659,NE
1173208.249,X_LEG_1,9.00,23.88,-2.63,1,1596,1659,NE
1173208.269,X_LEG_1,9.00,23.88,-2.63,1,1596,1659,NE
1173208.290,X_LEG_1,9.00,23.88,-2.63,1,1596,1659,NE
1173208.310,X_LEG_1,9.00,23.88,-2.63,1,1596,1659,NE
1173208.331,X_LEG_1,9.00,23.88,-2.63,1,1596,1659,NE
1173208.351,X_LEG_1,9.00,23.88,-2.63,1,1596,1659,NE
1173208.371,X_LEG_1,9.02,23.86,-2.67,1,1595,1658,NE
1173208.392,X_LEG_1,9.02,23.86,-2.67,1,1595,1658,NE
1173208.413,X_LEG_1,9.02,23.86,-2.67,1,1595,1658,NE
1173208.433,X_LEG_1,9.02,23.86,-2.67,1,1595,1658,NE
1173208.453,X_LEG_1,9.02,23.86,-2.67,1,1595,1658,NE
1173208.474,X_LEG_1,9.03,23.85,-2.73,1,1595,1658,NE
1173208.494,X_LEG_1,9.03,23.85,-2.73,1,1595,1658,NE
1173208.515,X_LEG_1,9.03,23.85,-2.73,1,1595,1658,NE
1173208.536,X_LEG_1,9.03,23.85,-2.73,1,1595,1658,NE
1173208.556,X_LEG_1,9.03,23.85,-2.73,1,1595,1658,NE
1173208.577,X_LEG_1,9.05,23.84,-2.76,1,1595,1658,NE
1173208.597,X_LEG_1,9.05,23.84,-2.76,1,1595,1658,NE
1173208.618,X_LEG_1,9.05,23.84,-2.76,1,1595,1658,NE
1173208.639,X_LEG_1,9.05,23.84,-2.76,1,1595,1658,NE
1173208.660,X_LEG_1,9.05,23.84,-2.76,1,1595,1658,NE
1173208.681,X_LEG_1,9.06,23.83,-2.80,1,1595,1658,NE
1173208.701,X_LEG_1,9.06,23.83,-2.80,1,1595,1658,NE
1173208.721,X_LEG_1,9.06,23.83,-2.80,1,1595,1658,NE
1173208.742,X_LEG_1,9.06,23.83,-2.80,1,1595,1658,NE
1173208.763,X_LEG_1,9.06,23.83,-2.80,1,1595,1658,NE
1173208.783,X_LEG_1,9.07,23.82,-2.83,1,1595,1658,NE
1173208.804,X_LEG_1,9.07,23.82,-2.83,1,1595,1658,NE
1173208.824,X_LEG_1,9.07,23.82,-2.83,1,1595,1658,NE
1173208.845,X_LEG_1,9.07,23.82,-2.83,1,1595,1658,NE
1173208.865,X_LEG_1,9.07,23.82,-2.83,1,1595,1658,NE
1173208.886,X_LEG_1,9.08,23.81,-2.86,1,1595,1658,NE
1173208.906,X_LEG_1,9.08,23.81,-2.86,1,1595,1658,NE
1173208.926,X_LEG_1,9.08,23.81,-2.86,1,1595,1658,NE
1173208.947,X_LEG_1,9.08,23.81,-2.86,1,1595,1658,NE
1173208.967,X_LEG_1,9.08,23.81,-2.86,1,1595,1658,NE
1173208.988,X_LEG_1,9.08,23.81,-1.86,1,1595,1658,NE
1173209.008,X_LEG_1,9.08,23.81,-1.86,1,1595,1658,NE
1173209.029,X_LEG_1,9.08,23.81,-1.86,1,1595,1658,NE
1173209.049,X_LEG_1,9.08,23.81,-1.86,1,1595,1658,NE
1173209.070,X_LEG_1,9.08,23.81,-1.86,1,1595,1658,NE
1173209.091,X_LEG_1,9.09,23.80,-1.89,1,1595,1658,NE
1173209.111,X_LEG_1,9.09,23.80,-1.89,1,1595,1658,NE
1173209.132,X_LEG_1,9.09,23.80,-1.89,1,1595,1658,NE
1173209.152,X_LEG_1,9.09,23.80,-1.89,1,1595,1658,NE
1173209.173,X_LEG_1,9.09,23.80,-1.89,1,1595,1658,NE
1173209.193,X_LEG_1,9.11,23.77,-1.93,1,1595,1658,NE
1173209.214,X_LEG_1,9.11,23.77,-1.93,1,1595,1658,NE
1173209.234,X_LEG_1,9.11,23.77,-1.93,1,1595,1658,NE
1173209.255,X_LEG_1,9.11,23.77,-1.93,1,1595,1658,NE
1173209.275,X_LEG_1,9.11,23.77,-1.93,1,1595,1658,NE
1173209.296,X_LEG_1,9.12,23.76,-1.96,1,1595,1658,NE
1173209.316,X_LEG_1,9.12,23.76,-1.96,1,1595,1658,NE
1173209.336,X_LEG_1,9.12,23.76,-1.96,1,1595,1658,NE
1173209.357,X_LEG_1,9.12,23.76,-1.96,1,1595,1658,NE
1173209.377,X_LEG_1,9.12,23.76,-1.96,1,1595,1658,NE
1173209.398,X_LEG_1,9.13,23.75,-1.99,1,1595,1658,NE
1173209.419,X_LEG_1,9.13,23.75,-1.99,1,1595,1658,NE
1173209.439,X_LEG_1,9.13,23.75,-1.99,1,1595,1658,NE
1173209.460,X_LEG_1,9.13,23.75,-1.99,1,1595,1658,NE
1173209.480,X_LEG_1,9.13,23.75,-1.99,1,1595,1658,NE
1173209.500,X_LEG_1,9.14,23.73,-2.04,1,1595,1658,NE
1173209.521,X_LEG_1,9.14,23.73,-2.04,1,1595,1658,NE
1173209.541,X_LEG_1,9.14,23.73,-2.04,1,1595,1658,NE
1173209.562,X_LEG_1,9.14,23.73,-2.04,1,1595,1658,NE
1173209.582,X_LEG_1,9.14,23.73,-2.04,1,1595,1658,NE
1173209.603,X_LEG_1,9.14,23.73,-2.04,1,1595,1658,NE
1173209.624,X_LEG_1,9.14,23.73,-2.04,1,1595,1658,NE
1173209.644,X_LEG_1,9.14,23.73,-2.04,1,1595,1658,NE
1173209.665,X_LEG_1,9.14,23.73,-2.04,1,1595,1658,NE
1173209.685,X_LEG_1,9.14,23.73,-2.04,1,1595,1658,NE
1173209.705,X_LEG_1,9.15,23.72,-2.09,1,1595,1658,NE
1173209.726,X_LEG_1,9.15,23.72,-2.09,1,1595,1658,NE
1173209.746,X_LEG_1,9.15,23.72,-2.09,1,1595,1658,NE
1173209.767,X_LEG_1,9.15,23.72,-2.09,1,1595,1658,NE
1173209.787,X_LEG_1,9.15,23.72,-2.09,1,1595,1658,NE
1173209.807,X_LEG_1,9.17,23.69,-2.13,1,1595,1658,NE
1173209.828,X_LEG_1,9.17,23.69,-2.13,1,1595,1658,NE
1173209.849,X_LEG_1,9.17,23.69,-2.13,1,1595,1658,NE
1173209.869,X_LEG_1,9.17,23.69,-2.13,1,1595,1658,NE
1173209.890,X_LEG_1,9.17,23.69,-2.13,1,1595,1658,NE
1173209.910,X_LEG_1,9.18,23.68,-2.16,1,1595,1658,NE
1173209.931,X_LEG_1,9.18,23.68,-2.16,1,1595,1658,NE
1173209.951,X_LEG_1,9.18,23.68,-2.16,1,1595,1658,NE
1173209.972,X_LEG_1,9.18,23.68,-2.16,1,1595,1658,NE
1173209.992,X_LEG_1,9.18,23.68,-2.16,1,1595,1658,NE
1173210.013,X_LEG_1,9.18,23.68,-2.16,1,1595,1658,NE
1173210.033,X_LEG_1,9.18,23.68,-2.16,1,1595,1658,NE
1173210.054,X_LEG_1,9.18,23.68,-2.16,1,1595,1658,NE
1173210.074,X_LEG_1,9.18,23.68,-2.16,1,1595,1658,NE
1173210.094,X_LEG_1,9.18,23.68,-2.16,1,1595,1658,NE
1173210.115,X_LEG_1,9.20,23.65,-2.21,1,1595,1658,NE
1173210.135,X_LEG_1,9.20,23.65,-2.21,1,1595,1658,NE
1173210.156,X_LEG_1,9.20,23.65,-2.21,1,1595,1658,NE
1173210.177,X_LEG_1,9.20,23.65,-2.21,1,1595,1658,NE
1173210.197,X_LEG_1,9.20,23.65,-2.21,1,1595,1658,NE
1173210.218,X_LEG_1,9.21,23.64,-2.24,1,1595,1658,NE
1173210.238,X_LEG_1,9.21,23.64,-2.24,1,1595,1658,NE
1173210.258,X_LEG_1,9.21,23.64,-2.24,1,1595,1658,NE
1173210.279,X_LEG_1,9.21,23.64,-2.24,1,1595,1658,NE
1173210.300,X_LEG_1,9.21,23.64,-2.24,1,1595,1658,NE
1173210.320,X_LEG_1,9.22,23.61,-2.27,1,1594,1658,NE
1173210.341,X_LEG_1,9.22,23.61,-2.27,1,1594,1658,NE
1173210.361,X_LEG_1,9.22,23.61,-2.27,1,1594,1658,NE
1173210.382,X_LEG_1,9.22,23.61,-2.27,1,1594,1658,NE
1173210.402,X_LEG_1,9.22,23.61,-2.27,1,1594,1658,NE
1173210.423,X_LEG_1,9.22,23.61,-2.27,1,1594,1658,NE
1173210.443,X_LEG_1,9.22,23.61,-2.27,1,1594,1658,NE
1173210.463,X_LEG_1,9.22,23.61,-2.27,1,1594,1658,NE
1173210.484,X_LEG_1,9.22,23.61,-2.27,1,1594,1658,NE
1173210.504,X_LEG_1,9.22,23.61,-2.27,1,1594,1658,NE
1173210.525,X_LEG_1,9.23,23.60,-2.31,1,1594,1658,NE
1173210.545,X_LEG_1,9.23,23.60,-2.31,1,1594,1658,NE
1173210.565,X_LEG_1,9.23,23.60,-2.31,1,1594,1658,NE
1173210.586,X_LEG_1,9.23,23.60,-2.31,1,1594,1658,NE
1173210.606,X_LEG_1,9.23,23.60,-2.31,1,1594,1658,NE
1173210.627,X_LEG_1,9.25,23.57,-2.36,1,1594,1658,NE
1173210.647,X_LEG_1,9.25,23.57,-2.36,1,1594,1658,NE
1173210.668,X_LEG_1,9.25,23.57,-2.36,1,1594,1658,NE
1173210.688,X_LEG_1,9.25,23.57,-2.36,1,1594,1658,NE
1173210.709,X_LEG_1,9.25,23.57,-2.36,1,1594,1658,NE
1173210.729,X_LEG_1,9.26,23.54,-2.39,1,1594,1658,NE
1173210.750,X_LEG_1,9.26,23.54,-2.39,1,1594,1658,NE
1173210.770,X_LEG_1,9.26,23.54,-2.39,1,1594,1658,NE
1173210.791,X_LEG_1,9.26,23.54,-2.39,1,1594,1658,NE
1173210.811,X_LEG_1,9.26,23.54,-2.39,1,1594,1658,NE
1173210.832,X_LEG_1,9.26,23.54,-2.39,1,1594,1658,NE
1173210.852,X_LEG_1,9.26,23.54,-2.39,1,1594,1658,NE
1173210.873,X_LEG_1,9.26,23.54,-2.39,1,1594,1658,NE
1173210.893,X_LEG_1,9.26,23.54,-2.39,1,1594,1658,NE
1173210.914,X_LEG_1,9.26,23.54,-2.39,1,1594,1658,NE
1173210.934,X_LEG_1,9.27,23.51,-2.43,1,1594,1658,NE
1173210.955,X_LEG_1,9.27,23.51,-2.43,1,1594,1658,NE
1173210.976,X_LEG_1,9.27,23.51,-2.43,1,1594,1658,NE
1173210.996,X_LEG_1,9.27,23.51,-2.43,1,1594,1658,NE
1173211.017,X_LEG_1,9.27,23.51,-2.43,1,1594,1658,NE
1173211.037,X_LEG_1,9.28,23.49,-2.48,1,1594,1658,NE
1173211.058,X_LEG_1,9.28,23.49,-2.48,1,1594,1658,NE
1173211.078,X_LEG_1,9.28,23.49,-2.48,1,1594,1658,NE
1173211.099,X_LEG_1,9.28,23.49,-2.48,1,1594,1658,NE
1173211.119,X_LEG_1,9.28,23.49,-2.48,1,1594,1658,NE
1173211.140,X_LEG_1,9.30,23.47,-2.53,1,1594,1658,NE
1173211.160,X_LEG_1,9.30,23.47,-2.53,1,1594,1658,NE
1173211.181,X_LEG_1,9.30,23.47,-2.53,1,1594,1658,NE
1173211.202,X_LEG_1,9.30,23.47,-2.53,1,1594,1658,NE
1173211.223,X_LEG_1,9.30,23.47,-2.53,1,1594,1658,NE
1173211.243,X_LEG_1,9.31,23.45,-1.54,1,1594,1658,NE
1173211.263,X_LEG_1,9.31,23.45,-1.54,1,1594,1658,NE
1173211.284,X_LEG_1,9.31,23.45,-1.54,1,1594,1658,NE
1173211.305,X_LEG_1,9.31,23.45,-1.54,1,1594,1658,NE
1173211.325,X_LEG_1,9.31,23.45,-1.54,1,1594,1658,NE
1173211.346,X_LEG_1,9.32,23.42,-1.57,1,1594,1658,NE
1173211.366,X_LEG_1,9.32,23.42,-1.57,1,1594,1658,NE
1173211.387,X_LEG_1,9.32,23.42,-1.57,1,1594,1658,NE
1173211.408,X_LEG_1,9.32,23.42,-1.57,1,1594,1658,NE
1173211.428,X_LEG_1,9.32,23.42,-1.57,1,1594,1658,NE
1173211.448,X_LEG_1,9.32,23.42,-1.57,1,1594,1658,NE
1173211.469,X_LEG_1,9.32,23.42,-1.57,1,1594,1658,NE
1173211.490,X_LEG_1,9.32,23.42,-1.57,1,1594,1658,NE
1173211.510,X_LEG_1,9.32,23.42,-1.57,1,1594,1658,NE
1173211.530,X_LEG_1,9.32,23.42,-1.57,1,1594,1658,NE
1173211.552,X_LEG_1,9.33,23.39,-1.62,1,1594,1658,NE
1173211.573,X_LEG_1,9.33,23.39,-1.62,1,1594,1658,NE
1173211.593,X_LEG_1,9.33,23.39,-1.62,1,1594,1658,NE
1173211.614,X_LEG_1,9.33,23.39,-1.62,1,1594,1658,NE
1173211.634,X_LEG_1,9.33,23.39,-1.62,1,1594,1658,NE
1173211.655,X_LEG_1,9.34,23.37,-1.65,1,1593,1657,NE
1173211.675,X_LEG_1,9.34,23.37,-1.65,1,1593,1657,NE
1173211.695,X_LEG_1,9.34,23.37,-1.65,1,1593,1657,NE
1173211.716,X_LEG_1,9.34,23.37,-1.65,1,1593,1657,NE
1173211.736,X_LEG_1,9.34,23.37,-1.65,1,1593,1657,NE
1173211.757,X_LEG_1,9.36,23.34,-1.69,1,1593,1657,NE
1173211.777,X_LEG_1,9.36,23.34,-1.69,1,1593,1657,NE
1173211.797,X_LEG_1,9.36,23.34,-1.69,1,1593,1657,NE
1173211.818,X_LEG_1,9.36,23.34,-1.69,1,1593,1657,NE
1173211.839,X_LEG_1,9.36,23.34,-1.69,1,1593,1657,NE
1173211.859,X_LEG_1,9.36,23.34,-1.69,1,1593,1657,NE
1173211.880,X_LEG_1,9.36,23.34,-1.69,1,1593,1657,NE
1173211.900,X_LEG_1,9.36,23.34,-1.69,1,1593,1657,NE
1173211.921,X_LEG_1,9.36,23.34,-1.69,1,1593,1657,NE
1173211.941,X_LEG_1,9.36,23.34,-1.69,1,1593,1657,NE
1173211.961,X_LEG_1,9.37,23.31,-1.72,1,1593,1657,NE
1173211.982,X_LEG_1,9.37,23.31,-1.72,1,1593,1657,NE
1173212.002,X_LEG_1,9.37,23.31,-1.72,1,1593,1657,NE
1173212.023,X_LEG_1,9.37,23.31,-1.72,1,1593,1657,NE
1173212.043,X_LEG_1,9.37,23.31,-1.72,1,1593,1657,NE
1173212.064,X_LEG_1,9.38,23.30,-1.77,1,1593,1657,NE
1173212.084,X_LEG_1,9.38,23.30,-1.77,1,1593,1657,NE
1173212.104,X_LEG_1,9.38,23.30,-1.77,1,1593,1657,NE
1173212.125,X_LEG_1,9.38,23.30,-1.77,1,1593,1657,NE
1173212.146,X_LEG_1,9.38,23.30,-1.77,1,1593,1657,NE
1173212.167,X_LEG_1,9.39,23.27,-1.80,1,1593,1657,NE
1173212.187,X_LEG_1,9.39,23.27,-1.80,1,1593,1657,NE
1173212.207,X_LEG_1,9.39,23.27,-1.80,1,1593,1657,NE
1173212.227,X_LEG_1,9.39,23.27,-1.80,1,1593,1657,NE
1173212.247,X_LEG_1,9.39,23.27,-1.80,1,1593,1657,NE
1173212.268,X_LEG_1,9.40,23.23,-1.83,1,1593,1657,NE
1173212.288,X_LEG_1,9.40,23.23,-1.83,1,1593,1657,NE
1173212.309,X_LEG_1,9.40,23.23,-1.83,1,1593,1657,NE
1173212.329,X_LEG_1,9.40,23.23,-1.83,1,1593,1657,NE
1173212.350,X_LEG_1,9.40,23.23,-1.83,1,1593,1657,NE
1173212.370,X_LEG_1,9.41,23.21,-1.86,1,1593,1657,NE
1173212.391,X_LEG_1,9.41,23.21,-1.86,1,1593,1657,NE
1173212.411,X_LEG_1,9.41,23.21,-1.86,1,1593,1657,NE
1173212.431,X_LEG_1,9.41,23.21,-1.86,1,1593,1657,NE
1173212.452,X_LEG_1,9.41,23.21,-1.86,1,1593,1657,NE
1173212.472,X_LEG_1,9.42,23.19,-1.89,1,1593,1657,NE
1173212.493,X_LEG_1,9.42,23.19,-1.89,1,1593,1657,NE
1173212.513,X_LEG_1,9.42,23.19,-1.89,1,1593,1657,NE
1173212.533,X_LEG_1,9.42,23.19,-1.89,1,1593,1657,NE
1173212.555,X_LEG_1,9.42,23.19,-1.89,1,1593,1657,NE
1173212.575,X_LEG_1,9.42,23.19,-1.89,1,1593,1657,NE
1173212.595,X_LEG_1,9.42,23.19,-1.89,1,1593,1657,NE
1173212.616,X_LEG_1,9.42,23.19,-1.89,1,1593,1657,NE
1173212.637,X_LEG_1,9.42,23.19,-1.89,1,1593,1657,NE
1173212.657,X_LEG_1,9.42,23.19,-1.89,1,1593,1657,NE
1173212.678,X_LEG_1,9.43,23.16,-1.94,1,1593,1657,NE
1173212.698,X_LEG_1,9.43,23.16,-1.94,1,1593,1657,NE
1173212.719,X_LEG_1,9.43,23.16,-1.94,1,1593,1657,NE
1173212.739,X_LEG_1,9.43,23.16,-1.94,1,1593,1657,NE
1173212.760,X_LEG_1,9.43,23.16,-1.94,1,1593,1657,NE
1173212.780,X_LEG_1,9.44,23.13,-1.97,1,1593,1657,NE
1173212.801,X_LEG_1,9.44,23.13,-1.97,1,1593,1657,NE
1173212.821,X_LEG_1,9.44,23.13,-1.97,1,1593,1657,NE
1173212.842,X_LEG_1,9.44,23.13,-1.97,1,1593,1657,NE
1173212.862,X_LEG_1,9.44,23.13,-1.97,1,1593,1657,NE
1173212.883,X_LEG_1,9.44,23.13,-1.97,1,1593,1657,NE
1173212.903,X_LEG_1,9.44,23.13,-1.97,1,1593,1657,NE
1173212.924,X_LEG_1,9.44,23.13,-1.97,1,1593,1657,NE
1173212.944,X_LEG_1,9.44,23.13,-1.97,1,1593,1657,NE
1173212.965,X_LEG_1,9.44,23.13,-1.97,1,1593,1657,NE
1173212.985,X_LEG_1,9.47,23.06,-2.05,1,1592,1657,NE
1173213.006,X_LEG_1,9.47,23.06,-2.05,1,1592,1657,NE
1173213.026,X_LEG_1,9.47,23.06,-2.05,1,1592,1657,NE
1173213.046,X_LEG_1,9.47,23.06,-2.05,1,1592,1657,NE
1173213.067,X_LEG_1,9.47,23.06,-2.05,1,1592,1657,NE
1173213.088,X_LEG_1,9.47,23.06,-2.05,1,1592,1657,NE
1173213.108,X_LEG_1,9.47,23.06,-2.05,1,1592,1657,NE
1173213.129,X_LEG_1,9.47,23.06,-2.05,1,1592,1657,NE
1173213.151,X_LEG_1,9.47,23.06,-2.05,1,1592,1657,NE
1173213.171,X_LEG_1,9.47,23.06,-2.05,1,1592,1657,NE
1173213.191,X_LEG_1,9.48,23.03,-2.07,1,1592,1657,NE
1173213.213,X_LEG_1,9.48,23.03,-2.07,1,1592,1657,NE
1173213.233,X_LEG_1,9.48,23.03,-2.07,1,1592,1657,NE
1173213.253,X_LEG_1,9.48,23.03,-2.07,1,1592,1657,NE
1173213.274,X_LEG_1,9.48,23.03,-2.07,1,1592,1657,NE
1173213.294,X_LEG_1,9.49,23.00,-2.11,1,1592,1657,NE
1173213.314,X_LEG_1,9.49,23.00,-2.11,1,1592,1657,NE
1173213.335,X_LEG_1,9.49,23.00,-2.11,1,1592,1657,NE
1173213.355,X_LEG_1,9.49,23.00,-2.11,1,1592,1657,NE
1173213.376,X_LEG_1,9.49,23.00,-2.11,1,1592,1657,NE
1173213.396,X_LEG_1,9.49,22.98,-2.14,1,1592,1657,NE
1173213.416,X_LEG_1,9.49,22.98,-2.14,1,1592,1657,NE
1173213.437,X_LEG_1,9.49,22.98,-2.14,1,1592,1657,NE
1173213.458,X_LEG_1,9.49,22.98,-2.14,1,1592,1657,NE
1173213.478,X_LEG_1,9.49,22.98,-2.14,1,1592,1657,NE
1173213.499,X_LEG_1,9.49,22.98,-2.14,1,1592,1657,NE
1173213.519,X_LEG_1,9.49,22.98,-2.14,1,1592,1657,NE
1173213.541,X_LEG_1,9.49,22.98,-2.14,1,1592,1657,NE
1173213.561,X_LEG_1,9.49,22.98,-2.14,1,1592,1657,NE
1173213.582,X_LEG_1,9.49,22.98,-2.14,1,1592,1657,NE
1173213.602,X_LEG_1,9.51,22.93,-2.18,1,1592,1657,NE
1173213.623,X_LEG_1,9.51,22.93,-2.18,1,1592,1657,NE
1173213.643,X_LEG_1,9.51,22.93,-2.18,1,1592,1657,NE
1173213.664,X_LEG_1,9.51,22.93,-2.18,1,1592,1657,NE
1173213.684,X_LEG_1,9.51,22.93,-2.18,1,1592,1657,NE
1173213.704,X_LEG_1,9.51,22.91,-2.21,1,1592,1657,NE
1173213.725,X_LEG_1,9.51,22.91,-2.21,1,1592,1657,NE
1173213.745,X_LEG_1,9.51,22.91,-2.21,1,1592,1657,NE
1173213.766,X_LEG_1,9.51,22.91,-2.21,1,1592,1657,NE
1173213.786,X_LEG_1,9.51,22.91,-2.21,1,1592,1657,NE
1173213.806,X_LEG_1,9.53,22.87,-2.26,1,1591,1657,NE
1173213.827,X_LEG_1,9.53,22.87,-2.26,1,1591,1657,NE
1173213.848,X_LEG_1,9.53,22.87,-2.26,1,1591,1657,NE
1173213.868,X_LEG_1,9.53,22.87,-2.26,1,1591,1657,NE
1173213.889,X_LEG_1,9.53,22.87,-2.26,1,1591,1657,NE
1173213.909,X_LEG_1,9.53,22.84,-2.29,1,1591,1657,NE
1173213.929,X_LEG_1,9.53,22.84,-2.29,1,1591,1657,NE
1173213.950,X_LEG_1,9.53,22.84,-2.29,1,1591,1657,NE
1173213.970,X_LEG_1,9.53,22.84,-2.29,1,1591,1657,NE
1173213.991,X_LEG_1,9.53,22.84,-2.29,1,1591,1657,NE
1173214.011,X_LEG_1,9.54,22.81,-2.31,1,1591,1657,NE
1173214.032,X_LEG_1,9.54,22.81,-2.31,1,1591,1657,NE
1173214.053,X_LEG_1,9.54,22.81,-2.31,1,1591,1657,NE
1173214.074,X_LEG_1,9.54,22.81,-2.31,1,1591,1657,NE
1173214.094,X_LEG_1,9.54,22.81,-2.31,1,1591,1657,NE
1173214.114,X_LEG_1,9.54,22.81,-1.31,1,1591,1657,NE
1173214.135,X_LEG_1,9.54,22.81,-1.31,1,1591,1657,NE
1173214.155,X_LEG_1,9.54,22.81,-1.31,1,1591,1657,NE
1173214.176,X_LEG_1,9.54,22.81,-1.31,1,1591,1657,NE
1173214.196,X_LEG_1,9.54,22.81,-1.31,1,1591,1657,NE
1173214.216,X_LEG_1,9.55,22.76,-1.35,1,1591,1657,NE
1173214.236,X_LEG_1,9.55,22.76,-1.35,1,1591,1657,NE
1173214.257,X_LEG_1,9.55,22.76,-1.35,1,1591,1657,NE
1173214.278,X_LEG_1,9.55,22.76,-1.35,1,1591,1657,NE
1173214.298,X_LEG_1,9.55,22.76,-1.35,1,1591,1657,NE
1173214.319,X_LEG_1,9.56,22.74,-1.39,1,1591,1657,NE
1173214.340,X_LEG_1,9.56,22.74,-1.39,1,1591,1657,NE
1173214.360,X_LEG_1,9.56,22.74,-1.39,1,1591,1657,NE
1173214.380,X_LEG_1,9.56,22.74,-1.39,1,1591,1657,NE
1173214.401,X_LEG_1,9.56,22.74,-1.39,1,1591,1657,NE
1173214.422,X_LEG_1,9.57,22.72,-1.42,1,1591,1657,NE
1173214.442,X_LEG_1,9.57,22.72,-1.42,1,1591,1657,NE
1173214.463,X_LEG_1,9.57,22.72,-1.42,1,1591,1657,NE
1173214.483,X_LEG_1,9.57,22.72,-1.42,1,1591,1657,NE
1173214.504,X_LEG_1,9.57,22.72,-1.42,1,1591,1657,NE
1173214.524,X_LEG_1,9.58,22.68,-1.43,1,1591,1657,NE
1173214.544,X_LEG_1,9.58,22.68,-1.43,1,1591,1657,NE
1173214.565,X_LEG_1,9.58,22.68,-1.43,1,1591,1657,NE
1173214.586,X_LEG_1,9.58,22.68,-1.43,1,1591,1657,NE
1173214.606,X_LEG_1,9.58,22.68,-1.43,1,1591,1657,NE
1173214.626,X_LEG_1,9.58,22.68,-1.43,1,1591,1657,NE
1173214.647,X_LEG_1,9.58,22.68,-1.43,1,1591,1657,NE
1173214.668,X_LEG_1,9.58,22.68,-1.43,1,1591,1657,NE
1173214.688,X_LEG_1,9.58,22.68,-1.43,1,1591,1657,NE
1173214.709,X_LEG_1,9.58,22.68,-1.43,1,1591,1657,NE
1173214.729,X_LEG_1,9.59,22.64,-1.48,1,1591,1657,NE
1173214.749,X_LEG_1,9.59,22.64,-1.48,1,1591,1657,NE
1173214.770,X_LEG_1,9.59,22.64,-1.48,1,1591,1657,NE
1173214.790,X_LEG_1,9.59,22.64,-1.48,1,1591,1657,NE
1173214.811,X_LEG_1,9.59,22.64,-1.48,1,1591,1657,NE
1173214.831,X_LEG_1,9.60,22.62,-1.51,1,1590,1657,NE
1173214.852,X_LEG_1,9.60,22.62,-1.51,1,1590,1657,NE
1173214.872,X_LEG_1,9.60,22.62,-1.51,1,1590,1657,NE
1173214.893,X_LEG_1,9.60,22.62,-1.51,1,1590,1657,NE
1173214.914,X_LEG_1,9.60,22.62,-1.51,1,1590,1657,NE
1173214.934,X_LEG_1,9.61,22.56,-1.54,1,1590,1657,NE
1173214.955,X_LEG_1,9.61,22.56,-1.54,1,1590,1657,NE
1173214.975,X_LEG_1,9.61,22.56,-1.54,1,1590,1657,NE
1173214.996,X_LEG_1,9.61,22.56,-1.54,1,1590,1657,NE
1173215.016,X_LEG_1,9.61,22.56,-1.54,1,1590,1657,NE
1173215.036,X_LEG_1,9.61,22.56,-1.54,1,1590,1657,NE
1173215.057,X_LEG_1,9.61,22.56,-1.54,1,1590,1657,NE
1173215.077,X_LEG_1,9.61,22.56,-1.54,1,1590,1657,NE
1173215.098,X_LEG_1,9.61,22.56,-1.54,1,1590,1657,NE
1173215.118,X_LEG_1,9.61,22.56,-1.54,1,1590,1657,NE
1173215.139,X_LEG_1,9.62,22.52,-1.59,1,1590,1657,NE
1173215.159,X_LEG_1,9.62,22.52,-1.59,1,1590,1657,NE
1173215.180,X_LEG_1,9.62,22.52,-1.59,1,1590,1657,NE
1173215.200,X_LEG_1,9.62,22.52,-1.59,1,1590,1657,NE
1173215.220,X_LEG_1,9.62,22.52,-1.59,1,1590,1657,NE
1173215.241,X_LEG_1,9.62,22.50,-1.62,1,1590,1657,NE
1173215.261,X_LEG_1,9.62,22.50,-1.62,1,1590,1657,NE
1173215.281,X_LEG_1,9.62,22.50,-1.62,1,1590,1657,NE
1173215.302,X_LEG_1,9.62,22.50,-1.62,1,1590,1657,NE
1173215.322,X_LEG_1,9.62,22.50,-1.62,1,1590,1657,NE
1173215.343,X_LEG_1,9.63,22.46,-1.65,1,1590,1657,NE
1173215.363,X_LEG_1,9.63,22.46,-1.65,1,1590,1657,NE
1173215.385,X_LEG_1,9.63,22.46,-1.65,1,1590,1657,NE
1173215.405,X_LEG_1,9.63,22.46,-1.65,1,1590,1657,NE
1173215.426,X_LEG_1,9.63,22.46,-1.65,1,1590,1657,NE
1173215.446,X_LEG_1,9.63,22.46,-1.65,1,1590,1657,NE
1173215.467,X_LEG_1,9.63,22.46,-1.65,1,1590,1657,NE
1173215.487,X_LEG_1,9.63,22.46,-1.65,1,1590,1657,NE
1173215.508,X_LEG_1,9.63,22.46,-1.65,1,1590,1657,NE
1173215.528,X_LEG_1,9.63,22.46,-1.65,1,1590,1657,NE
1173215.549,X_LEG_1,9.64,22.41,-1.70,1,1590,1657,NE
1173215.570,X_LEG_1,9.64,22.41,-1.70,1,1590,1657,NE
1173215.590,X_LEG_1,9.64,22.41,-1.70,1,1590,1657,NE
1173215.611,X_LEG_1,9.64,22.41,-1.70,1,1590,1657,NE
1173215.631,X_LEG_1,9.64,22.41,-1.70,1,1590,1657,NE
1173215.652,X_LEG_1,9.65,22.38,-1.72,1,1590,1657,NE
1173215.672,X_LEG_1,9.65,22.38,-1.72,1,1590,1657,NE
1173215.693,X_LEG_1,9.65,22.38,-1.72,1,1590,1657,NE
1173215.713,X_LEG_1,9.65,22.38,-1.72,1,1590,1657,NE
1173215.733,X_LEG_1,9.65,22.38,-1.72,1,1590,1657,NE
1173215.754,X_LEG_1,9.65,22.36,-1.75,1,1589,1657,NE
1173215.774,X_LEG_1,9.65,22.36,-1.75,1,1589,1657,NE
1173215.795,X_LEG_1,9.65,22.36,-1.75,1,1589,1657,NE
1173215.815,X_LEG_1,9.65,22.36,-1.75,1,1589,1657,NE
1173215.836,X_LEG_1,9.65,22.36,-1.75,1,1589,1657,NE
1173215.856,X_LEG_1,9.66,22.30,-1.78,1,1589,1657,NE
1173215.876,X_LEG_1,9.66,22.30,-1.78,1,1589,1657,NE
1173215.896,X_LEG_1,9.66,22.30,-1.78,1,1589,1657,NE
1173215.917,X_LEG_1,9.66,22.30,-1.78,1,1589,1657,NE
1173215.937,X_LEG_1,9.66,22.30,-1.78,1,1589,1657,NE
1173215.958,X_LEG_1,9.66,22.30,-1.78,1,1589,1657,NE
1173215.979,X_LEG_1,9.66,22.30,-1.78,1,1589,1657,NE
1173215.999,X_LEG_1,9.66,22.30,-1.78,1,1589,1657,NE
1173216.020,X_LEG_1,9.66,22.30,-1.78,1,1589,1657,NE
1173216.042,X_LEG_1,9.66,22.30,-1.78,1,1589,1657,NE
1173216.062,X_LEG_1,9.67,22.26,-1.83,1,1589,1656,NE
1173216.083,X_LEG_1,9.67,22.26,-1.83,1,1589,1656,NE
1173216.103,X_LEG_1,9.67,22.26,-1.83,1,1589,1656,NE
1173216.124,X_LEG_1,9.67,22.26,-1.83,1,1589,1656,NE
1173216.144,X_LEG_1,9.67,22.26,-1.83,1,1589,1656,NE
1173216.165,X_LEG_1,9.68,22.22,-1.86,1,1589,1656,NE
1173216.185,X_LEG_1,9.68,22.22,-1.86,1,1589,1656,NE
1173216.205,X_LEG_1,9.68,22.22,-1.86,1,1589,1656,NE
1173216.225,X_LEG_1,9.68,22.22,-1.86,1,1589,1656,NE
1173216.246,X_LEG_1,9.68,22.22,-1.86,1,1589,1656,NE
1173216.266,X_LEG_1,9.68,22.19,-1.88,1,1589,1656,NE
1173216.287,X_LEG_1,9.68,22.19,-1.88,1,1589,1656,NE
1173216.307,X_LEG_1,9.68,22.19,-1.88,1,1589,1656,NE
1173216.328,X_LEG_1,9.68,22.19,-1.88,1,1589,1656,NE
1173216.348,X_LEG_1,9.68,22.19,-1.88,1,1589,1656,NE
1173216.370,X_LEG_1,9.69,22.15,-1.93,1,1589,1656,NE
1173216.390,X_LEG_1,9.69,22.15,-1.93,1,1589,1656,NE
1173216.410,X_LEG_1,9.69,22.15,-1.93,1,1589,1656,NE
1173216.432,X_LEG_1,9.69,22.15,-1.93,1,1589,1656,NE
1173216.452,X_LEG_1,9.69,22.15,-1.93,1,1589,1656,NE
1173216.473,X_LEG_1,9.70,22.11,-1.96,1,1588,1656,NE
1173216.493,X_LEG_1,9.70,22.11,-1.96,1,1588,1656,NE
1173216.513,X_LEG_1,9.70,22.11,-1.96,1,1588,1656,NE
1173216.534,X_LEG_1,9.70,22.11,-1.96,1,1588,1656,NE
1173216.554,X_LEG_1,9.70,22.11,-1.96,1,1588,1656,NE
1173216.574,X_LEG_1,9.70,22.11,-1.96,1,1588,1656,NE
1173216.595,X_LEG_1,9.70,22.11,-1.96,1,1588,1656,NE
1173216.615,X_LEG_1,9.70,22.11,-1.96,1,1588,1656,NE
1173216.636,X_LEG_1,9.70,22.11,-1.96,1,1588,1656,NE
1173216.656,X_LEG_1,9.70,22.11,-1.96,1,1588,1656,NE
1173216.677,X_LEG_1,9.71,22.07,-2.01,1,1588,1656,NE
1173216.697,X_LEG_1,9.71,22.07,-2.01,1,1588,1656,NE
1173216.718,X_LEG_1,9.71,22.07,-2.01,1,1588,1656,NE
1173216.738,X_LEG_1,9.71,22.07,-2.01,1,1588,1656,NE
1173216.759,X_LEG_1,9.71,22.07,-2.01,1,1588,1656,NE
1173216.779,X_LEG_1,9.71,22.07,-1.01,1,1588,1656,NE
1173216.800,X_LEG_1,9.71,22.07,-1.01,1,1588,1656,NE
1173216.820,X_LEG_1,9.71,22.07,-1.01,1,1588,1656,NE
1173216.841,X_LEG_1,9.71,22.07,-1.01,1,1588,1656,NE
1173216.862,X_LEG_1,9.71,22.07,-1.01,1,1588,1656,NE
1173216.882,X_LEG_1,9.72,22.01,-1.04,1,1588,1656,NE
1173216.902,X_LEG_1,9.72,22.01,-1.04,1,1588,1656,NE
1173216.923,X_LEG_1,9.72,22.01,-1.04,1,1588,1656,NE
1173216.943,X_LEG_1,9.72,22.01,-1.04,1,1588,1656,NE
1173216.964,X_LEG_1,9.72,22.01,-1.04,1,1588,1656,NE
1173216.984,X_LEG_1,9.72,21.98,-1.06,1,1588,1656,NE
1173217.004,X_LEG_1,9.72,21.98,-1.06,1,1588,1656,NE
1173217.025,X_LEG_1,9.72,21.98,-1.06,1,1588,1656,NE
1173217.045,X_LEG_1,9.72,21.98,-1.06,1,1588,1656,NE
1173217.066,X_LEG_1,9.72,21.98,-1.06,1,1588,1656,NE
1173217.086,X_LEG_1,9.73,21.94,-1.09,1,1588,1656,NE
1173217.107,X_LEG_1,9.73,21.94,-1.09,1,1588,1656,NE
1173217.127,X_LEG_1,9.73,21.94,-1.09,1,1588,1656,NE
1173217.148,X_LEG_1,9.73,21.94,-1.09,1,1588,1656,NE
1173217.169,X_LEG_1,9.73,21.94,-1.09,1,1588,1656,NE
1173217.189,X_LEG_1,9.73,21.90,-1.14,1,1588,1656,NE
1173217.210,X_LEG_1,9.73,21.90,-1.14,1,1588,1656,NE
1173217.231,X_LEG_1,9.73,21.90,-1.14,1,1588,1656,NE
1173217.251,X_LEG_1,9.73,21.90,-1.14,1,1588,1656,NE
1173217.272,X_LEG_1,9.73,21.90,-1.14,1,1588,1656,NE
1173217.292,X_LEG_1,9.74,21.87,-1.16,1,1587,1656,NE
1173217.313,X_LEG_1,9.74,21.87,-1.16,1,1587,1656,NE
1173217.334,X_LEG_1,9.74,21.87,-1.16,1,1587,1656,NE
1173217.355,X_LEG_1,9.74,21.87,-1.16,1,1587,1656,NE
1173217.375,X_LEG_1,9.74,21.87,-1.16,1,1587,1656,NE
1173217.395,X_LEG_1,9.74,21.83,-1.19,1,1587,1656,NE
1173217.415,X_LEG_1,9.74,21.83,-1.19,1,1587,1656,NE
1173217.436,X_LEG_1,9.74,21.83,-1.19,1,1587,1656,NE
1173217.456,X_LEG_1,9.74,21.83,-1.19,1,1587,1656,NE
1173217.477,X_LEG_1,9.74,21.83,-1.19,1,1587,1656,NE
1173217.498,X_LEG_1,9.74,21.83,-1.19,1,1587,1656,NE
1173217.518,X_LEG_1,9.74,21.83,-1.19,1,1587,1656,NE
1173217.538,X_LEG_1,9.74,21.83,-1.19,1,1587,1656,NE
1173217.558,X_LEG_1,9.74,21.83,-1.19,1,1587,1656,NE
1173217.579,X_LEG_1,9.74,21.83,-1.19,1,1587,1656,NE
1173217.600,X_LEG_1,9.75,21.80,-1.21,1,1587,1656,NE
1173217.620,X_LEG_1,9.75,21.80,-1.21,1,1587,1656,NE
1173217.641,X_LEG_1,9.75,21.80,-1.21,1,1587,1656,NE
1173217.663,X_LEG_1,9.75,21.80,-1.21,1,1587,1656,NE
1173217.682,X_LEG_1,9.75,21.80,-1.21,1,1587,1656,NE
1173217.702,X_LEG_1,9.75,21.76,-1.24,1,1587,1656,NE
1173217.723,X_LEG_1,9.75,21.76,-1.24,1,1587,1656,NE
1173217.744,X_LEG_1,9.75,21.76,-1.24,1,1587,1656,NE
1173217.764,X_LEG_1,9.75,21.76,-1.24,1,1587,1656,NE
1173217.785,X_LEG_1,9.75,21.76,-1.24,1,1587,1656,NE
1173217.805,X_LEG_1,9.76,21.71,-1.27,1,1587,1656,NE
1173217.826,X_LEG_1,9.76,21.71,-1.27,1,1587,1656,NE
1173217.848,X_LEG_1,9.76,21.71,-1.27,1,1587,1656,NE
1173217.868,X_LEG_1,9.76,21.71,-1.27,1,1587,1656,NE
1173217.889,X_LEG_1,9.76,21.71,-1.27,1,1587,1656,NE
1173217.909,X_LEG_1,9.76,21.67,-1.29,1,1587,1656,NE
1173217.930,X_LEG_1,9.76,21.67,-1.29,1,1587,1656,NE
1173217.950,X_LEG_1,9.76,21.67,-1.29,1,1587,1656,NE
1173217.971,X_LEG_1,9.76,21.67,-1.29,1,1587,1656,NE
1173217.991,X_LEG_1,9.76,21.67,-1.29,1,1587,1656,NE
1173218.012,X_LEG_1,9.76,21.67,-1.29,1,1587,1656,NE
1173218.034,X_LEG_1,9.76,21.67,-1.29,1,1587,1656,NE
1173218.054,X_LEG_1,9.76,21.67,-1.29,1,1587,1656,NE
1173218.075,X_LEG_1,9.76,21.67,-1.29,1,1587,1656,NE
1173218.096,X_LEG_1,9.76,21.67,-1.29,1,1587,1656,NE
1173218.117,X_LEG_1,9.77,21.63,-1.36,1,1587,1656,NE
1173218.137,X_LEG_1,9.77,21.63,-1.36,1,1587,1656,NE
1173218.158,X_LEG_1,9.77,21.63,-1.36,1,1587,1656,NE
1173218.179,X_LEG_1,9.77,21.63,-1.36,1,1587,1656,NE
1173218.199,X_LEG_1,9.77,21.63,-1.36,1,1587,1656,NE
1173218.220,X_LEG_1,9.77,21.57,-1.39,1,1586,1656,NE
1173218.241,X_LEG_1,9.77,21.57,-1.39,1,1586,1656,NE
1173218.262,X_LEG_1,9.77,21.57,-1.39,1,1586,1656,NE
1173218.282,X_LEG_1,9.77,21.57,-1.39,1,1586,1656,NE
1173218.303,X_LEG_1,9.77,21.57,-1.39,1,1586,1656,NE
1173218.323,X_LEG_1,9.78,21.54,-1.41,1,1586,1656,NE
1173218.344,X_LEG_1,9.78,21.54,-1.41,1,1586,1656,NE
1173218.364,X_LEG_1,9.78,21.54,-1.41,1,1586,1656,NE
1173218.384,X_LEG_1,9.78,21.54,-1.41,1,1586,1656,NE
1173218.405,X_LEG_1,9.78,21.54,-1.41,1,1586,1656,NE
1173218.426,X_LEG_1,9.78,21.50,-1.44,1,1586,1656,NE
1173218.446,X_LEG_1,9.78,21.50,-1.44,1,1586,1656,NE
1173218.467,X_LEG_1,9.78,21.50,-1.44,1,1586,1656,NE
1173218.487,X_LEG_1,9.78,21.50,-1.44,1,1586,1656,NE
1173218.508,X_LEG_1,9.78,21.50,-1.44,1,1586,1656,NE
1173218.528,X_LEG_1,9.79,21.47,-1.46,1,1586,1656,NE
1173218.549,X_LEG_1,9.79,21.47,-1.46,1,1586,1656,NE
1173218.569,X_LEG_1,9.79,21.47,-1.46,1,1586,1656,NE
1173218.589,X_LEG_1,9.79,21.47,-1.46,1,1586,1656,NE
1173218.610,X_LEG_1,9.79,21.47,-1.46,1,1586,1656,NE
1173218.631,X_LEG_1,9.79,21.43,-1.49,1,1586,1656,NE
1173218.651,X_LEG_1,9.79,21.43,-1.49,1,1586,1656,NE
1173218.672,X_LEG_1,9.79,21.43,-1.49,1,1586,1656,NE
1173218.692,X_LEG_1,9.79,21.43,-1.49,1,1586,1656,NE
1173218.713,X_LEG_1,9.79,21.43,-1.49,1,1586,1656,NE
1173218.733,X_LEG_1,9.79,21.40,-1.51,1,1586,1656,NE
1173218.753,X_LEG_1,9.79,21.40,-1.51,1,1586,1656,NE
1173218.774,X_LEG_1,9.79,21.40,-1.51,1,1586,1656,NE
1173218.795,X_LEG_1,9.79,21.40,-1.51,1,1586,1656,NE
1173218.815,X_LEG_1,9.79,21.40,-1.51,1,1586,1656,NE
1173218.835,X_LEG_1,9.79,21.40,-1.51,1,1586,1656,NE
1173218.856,X_LEG_1,9.79,21.40,-1.51,1,1586,1656,NE
1173218.876,X_LEG_1,9.79,21.40,-1.51,1,1586,1656,NE
1173218.897,X_LEG_1,9.79,21.40,-1.51,1,1586,1656,NE
1173218.917,X_LEG_1,9.79,21.40,-1.51,1,1586,1656,NE
1173218.938,X_LEG_1,9.80,21.36,-1.54,1,1585,1656,NE
1173218.958,X_LEG_1,9.80,21.36,-1.54,1,1585,1656,NE
1173218.979,X_LEG_1,9.80,21.36,-1.54,1,1585,1656,NE
1173218.999,X_LEG_1,9.80,21.36,-1.54,1,1585,1656,NE
1173219.021,X_LEG_1,9.80,21.36,-1.54,1,1585,1656,NE
1173219.041,X_LEG_1,9.80,21.33,-1.56,1,1585,1656,NE
1173219.062,X_LEG_1,9.80,21.33,-1.56,1,1585,1656,NE
1173219.083,X_LEG_1,9.80,21.33,-1.56,1,1585,1656,NE
1173219.103,X_LEG_1,9.80,21.33,-1.56,1,1585,1656,NE
1173219.123,X_LEG_1,9.80,21.33,-1.56,1,1585,1656,NE
1173219.144,X_LEG_1,9.80,21.29,-1.60,1,1585,1656,NE
1173219.164,X_LEG_1,9.80,21.29,-1.60,1,1585,1656,NE
1173219.184,X_LEG_1,9.80,21.29,-1.60,1,1585,1656,NE
1173219.205,X_LEG_1,9.80,21.29,-1.60,1,1585,1656,NE
1173219.226,X_LEG_1,9.80,21.29,-1.60,1,1585,1656,NE
1173219.246,X_LEG_1,9.81,21.24,-1.63,1,1585,1656,NE
1173219.266,X_LEG_1,9.81,21.24,-1.63,1,1585,1656,NE
1173219.287,X_LEG_1,9.81,21.24,-1.63,1,1585,1656,NE
1173219.307,X_LEG_1,9.81,21.24,-1.63,1,1585,1656,NE
1173219.328,X_LEG_1,9.81,21.24,-1.63,1,1585,1656,NE
1173219.348,X_LEG_1,9.81,21.20,-1.67,1,1585,1656,NE
1173219.369,X_LEG_1,9.81,21.20,-1.67,1,1585,1656,NE
1173219.389,X_LEG_1,9.81,21.20,-1.67,1,1585,1656,NE
1173219.410,X_LEG_1,9.81,21.20,-1.67,1,1585,1656,NE
1173219.430,X_LEG_1,9.81,21.20,-1.67,1,1585,1656,NE
1173219.451,X_LEG_1,9.81,21.17,-1.68,1,1585,1656,NE
1173219.472,X_LEG_1,9.81,21.17,-1.68,1,1585,1656,NE
1173219.492,X_LEG_1,9.81,21.17,-1.68,1,1585,1656,NE
1173219.513,X_LEG_1,9.81,21.17,-1.68,1,1585,1656,NE
1173219.533,X_LEG_1,9.81,21.17,-1.68,1,1585,1656,NE
1173219.554,X_LEG_1,9.81,21.17,-1.68,1,1585,1656,NE
1173219.574,X_LEG_1,9.81,21.17,-1.68,1,1585,1656,NE
1173219.595,X_LEG_1,9.81,21.17,-1.68,1,1585,1656,NE
1173219.615,X_LEG_1,9.81,21.17,-1.68,1,1585,1656,NE
1173219.635,X_LEG_1,9.81,21.17,-1.68,1,1585,1656,NE
1173219.656,X_LEG_1,9.81,21.10,-1.72,1,1584,1656,NE
1173219.677,X_LEG_1,9.81,21.10,-1.72,1,1584,1656,NE
1173219.697,X_LEG_1,9.81,21.10,-1.72,1,1584,1656,NE
1173219.717,X_LEG_1,9.81,21.10,-1.72,1,1584,1656,NE
1173219.739,X_LEG_1,9.81,21.10,-1.72,1,1584,1656,NE
1173219.759,X_LEG_1,9.82,21.07,-1.74,1,1584,1656,NE
1173219.780,X_LEG_1,9.82,21.07,-1.74,1,1584,1656,NE
1173219.800,X_LEG_1,9.82,21.07,-1.74,1,1584,1656,NE
1173219.821,X_LEG_1,9.82,21.07,-1.74,1,1584,1656,NE
1173219.841,X_LEG_1,9.82,21.07,-1.74,1,1584,1656,NE
1173219.862,X_LEG_1,9.82,21.01,-1.79,1,1584,1656,NE
1173219.882,X_LEG_1,9.82,21.01,-1.79,1,1584,1656,NE
1173219.903,X_LEG_1,9.82,21.01,-1.79,1,1584,1656,NE
1173219.924,X_LEG_1,9.82,21.01,-1.79,1,1584,1656,NE
1173219.944,X_LEG_1,9.82,21.01,-1.79,1,1584,1656,NE
1173219.965,X_LEG_1,9.82,20.98,-1.81,1,1584,1656,NE
1173219.985,X_LEG_1,9.82,20.98,-1.81,1,1584,1656,NE
1173220.007,X_LEG_1,9.82,20.98,-1.81,1,1584,1656,NE
1173220.027,X_LEG_1,9.82,20.98,-1.81,1,1584,1656,NE
1173220.047,X_LEG_1,9.82,20.98,-1.81,1,1584,1656,NE
1173220.068,X_LEG_1,9.82,20.98,-1.81,1,1584,1656,NE
1173220.088,X_LEG_1,9.82,20.98,-1.81,1,1584,1656,NE
1173220.109,X_LEG_1,9.82,20.98,-1.81,1,1584,1656,NE
1173220.129,X_LEG_1,9.82,20.98,-1.81,1,1584,1656,NE
1173220.150,X_LEG_1,9.82,20.98,-1.81,1,1584,1656,NE
1173220.170,X_LEG_1,9.83,20.93,-1.84,1,1584,1656,NE
1173220.191,X_LEG_1,9.83,20.93,-1.84,1,1584,1656,NE
1173220.211,X_LEG_1,9.83,20.93,-1.84,1,1584,1656,NE
1173220.232,X_LEG_1,9.83,20.93,-1.84,1,1584,1656,NE
1173220.253,X_LEG_1,9.83,20.93,-1.84,1,1584,1656,NE
1173220.273,X_LEG_1,9.83,20.89,-1.88,1,1584,1656,NE
1173220.294,X_LEG_1,9.83,20.89,-1.88,1,1584,1656,NE
1173220.314,X_LEG_1,9.83,20.89,-1.88,1,1584,1656,NE
1173220.334,X_LEG_1,9.83,20.89,-1.88,1,1584,1656,NE
1173220.355,X_LEG_1,9.83,20.89,-1.88,1,1584,1656,NE
1173220.375,X_LEG_1,9.83,20.85,-1.92,1,1583,1656,NE
1173220.395,X_LEG_1,9.83,20.85,-1.92,1,1583,1656,NE
1173220.416,X_LEG_1,9.83,20.85,-1.92,1,1583,1656,NE
1173220.436,X_LEG_1,9.83,20.85,-1.92,1,1583,1656,NE
1173220.456,X_LEG_1,9.83,20.85,-1.92,1,1583,1656,NE
1173220.477,X_LEG_1,9.83,20.85,-1.92,1,1583,1656,NE
1173220.497,X_LEG_1,9.83,20.85,-1.92,1,1583,1656,NE
1173220.517,X_LEG_1,9.83,20.85,-1.92,1,1583,1656,NE
1173220.539,X_LEG_1,9.83,20.85,-1.92,1,1583,1656,NE
1173220.559,X_LEG_1,9.83,20.85,-1.92,1,1583,1656,NE
1173220.579,X_LEG_1,9.83,20.79,-1.93,1,1583,1656,NE
1173220.601,X_LEG_1,9.83,20.79,-1.93,1,1583,1656,NE
1173220.622,X_LEG_1,9.83,20.79,-1.93,1,1583,1656,NE
1173220.642,X_LEG_1,9.83,20.79,-1.93,1,1583,1656,NE
1173220.662,X_LEG_1,9.83,20.79,-1.93,1,1583,1656,NE
1173220.683,X_LEG_1,9.83,20.75,-0.97,1,1583,1656,NE
1173220.703,X_LEG_1,9.83,20.75,-0.97,1,1583,1656,NE
1173220.724,X_LEG_1,9.83,20.75,-0.97,1,1583,1656,NE
1173220.745,X_LEG_1,9.83,20.75,-0.97,1,1583,1656,NE
1173220.765,X_LEG_1,9.83,20.75,-0.97,1,1583,1656,NE
1173220.788,X_LEG_1,9.83,20.72,-0.99,1,1583,1656,NE
1173220.808,X_LEG_1,9.83,20.72,-0.99,1,1583,1656,NE
1173220.828,X_LEG_1,9.83,20.72,-0.99,1,1583,1656,NE
1173220.850,X_LEG_1,9.83,20.72,-0.99,1,1583,1656,NE
1173220.870,X_LEG_1,9.83,20.72,-0.99,1,1583,1656,NE
1173220.891,X_LEG_1,9.83,20.67,-1.02,1,1583,1656,NE
1173220.913,X_LEG_1,9.83,20.67,-1.02,1,1583,1656,NE
1173220.933,X_LEG_1,9.83,20.67,-1.02,1,1583,1656,NE
1173220.954,X_LEG_1,9.83,20.67,-1.02,1,1583,1656,NE
1173220.974,X_LEG_1,9.83,20.67,-1.02,1,1583,1656,NE
1173220.995,X_LEG_1,9.83,20.63,-1.06,1,1583,1656,NE
1173221.015,X_LEG_1,9.83,20.63,-1.06,1,1583,1656,NE
1173221.035,X_LEG_1,9.83,20.63,-1.06,1,1583,1656,NE
1173221.056,X_LEG_1,9.83,20.63,-1.06,1,1583,1656,NE
1173221.076,X_LEG_1,9.83,20.63,-1.06,1,1583,1656,NE
1173221.097,X_LEG_1,9.84,20.58,-1.08,1,1582,1656,NE
1173221.117,X_LEG_1,9.84,20.58,-1.08,1,1582,1656,NE
1173221.138,X_LEG_1,9.84,20.58,-1.08,1,1582,1656,NE
1173221.158,X_LEG_1,9.84,20.58,-1.08,1,1582,1656,NE
1173221.179,X_LEG_1,9.84,20.58,-1.08,1,1582,1656,NE
1173221.199,X_LEG_1,9.84,20.58,-1.08,1,1582,1656,NE
1173221.220,X_LEG_1,9.84,20.58,-1.08,1,1582,1656,NE
1173221.240,X_LEG_1,9.84,20.58,-1.08,1,1582,1656,NE
1173221.261,X_LEG_1,9.84,20.58,-1.08,1,1582,1656,NE
1173221.282,X_LEG_1,9.84,20.58,-1.08,1,1582,1656,NE
1173221.302,X_LEG_1,9.84,20.53,-1.12,1,1582,1656,NE
1173221.322,X_LEG_1,9.84,20.53,-1.12,1,1582,1656,NE
1173221.343,X_LEG_1,9.84,20.53,-1.12,1,1582,1656,NE
1173221.365,X_LEG_1,9.84,20.53,-1.12,1,1582,1656,NE
1173221.385,X_LEG_1,9.84,20.53,-1.12,1,1582,1656,NE
1173221.406,X_LEG_1,9.84,20.48,-1.15,1,1582,1656,NE
1173221.427,X_LEG_1,9.84,20.48,-1.15,1,1582,1656,NE
1173221.448,X_LEG_1,9.84,20.48,-1.15,1,1582,1656,NE
1173221.468,X_LEG_1,9.84,20.48,-1.15,1,1582,1656,NE
1173221.490,X_LEG_1,9.84,20.48,-1.15,1,1582,1656,NE
1173221.510,X_LEG_1,9.84,20.43,-1.17,1,1582,1656,NE
1173221.531,X_LEG_1,9.84,20.43,-1.17,1,1582,1656,NE
1173221.552,X_LEG_1,9.84,20.43,-1.17,1,1582,1656,NE
1173221.572,X_LEG_1,9.84,20.43,-1.17,1,1582,1656,NE
1173221.592,X_LEG_1,9.84,20.43,-1.17,1,1582,1656,NE
1173221.613,X_LEG_1,9.84,20.43,-1.17,1,1582,1656,NE
1173221.633,X_LEG_1,9.84,20.43,-1.17,1,1582,1656,NE
1173221.653,X_LEG_1,9.84,20.43,-1.17,1,1582,1656,NE
1173221.673,X_LEG_1,9.84,20.43,-1.17,1,1582,1656,NE
1173221.694,X_LEG_1,9.84,20.43,-1.17,1,1582,1656,NE
1173221.714,X_LEG_1,9.84,20.40,-1.19,1,1582,1656,NE
1173221.735,X_LEG_1,9.84,20.40,-1.19,1,1582,1656,NE
1173221.755,X_LEG_1,9.84,20.40,-1.19,1,1582,1656,NE
1173221.776,X_LEG_1,9.84,20.40,-1.19,1,1582,1656,NE
1173221.796,X_LEG_1,9.84,20.40,-1.19,1,1582,1656,NE
1173221.816,X_LEG_1,9.84,20.36,-1.23,1,1581,1656,NE
1173221.837,X_LEG_1,9.84,20.36,-1.23,1,1581,1656,NE
1173221.857,X_LEG_1,9.84,20.36,-1.23,1,1581,1656,NE
1173221.877,X_LEG_1,9.84,20.36,-1.23,1,1581,1656,NE
1173221.898,X_LEG_1,9.84,20.36,-1.23,1,1581,1656,NE
1173221.918,X_LEG_1,9.84,20.33,-1.27,1,1581,1656,NE
1173221.939,X_LEG_1,9.84,20.33,-1.27,1,1581,1656,NE
1173221.959,X_LEG_1,9.84,20.33,-1.27,1,1581,1656,NE
1173221.980,X_LEG_1,9.84,20.33,-1.27,1,1581,1656,NE
1173222.000,X_LEG_1,9.84,20.33,-1.27,1,1581,1656,NE
1173222.021,X_LEG_1,9.84,20.26,-1.29,1,1581,1656,NE
1173222.041,X_LEG_1,9.84,20.26,-1.29,1,1581,1656,NE
1173222.062,X_LEG_1,9.84,20.26,-1.29,1,1581,1656,NE
1173222.082,X_LEG_1,9.84,20.26,-1.29,1,1581,1656,NE
1173222.102,X_LEG_1,9.84,20.26,-1.29,1,1581,1656,NE
1173222.123,X_LEG_1,9.84,20.23,-1.31,1,1581,1656,NE
1173222.143,X_LEG_1,9.84,20.23,-1.31,1,1581,1656,NE
1173222.163,X_LEG_1,9.84,20.23,-1.31,1,1581,1656,NE
1173222.183,X_LEG_1,9.84,20.23,-1.31,1,1581,1656,NE
1173222.204,X_LEG_1,9.84,20.23,-1.31,1,1581,1656,NE
1173222.225,X_LEG_1,9.84,20.19,-1.34,1,1581,1656,NE
1173222.245,X_LEG_1,9.84,20.19,-1.34,1,1581,1656,NE
1173222.266,X_LEG_1,9.84,20.19,-1.34,1,1581,1656,NE
1173222.287,X_LEG_1,9.84,20.19,-1.34,1,1581,1656,NE
1173222.306,X_LEG_1,9.84,20.19,-1.34,1,1581,1656,NE
1173222.327,X_LEG_1,9.84,20.19,-1.34,1,1581,1656,NE
1173222.347,X_LEG_1,9.84,20.19,-1.34,1,1581,1656,NE
1173222.367,X_LEG_1,9.84,20.19,-1.34,1,1581,1656,NE
1173222.388,X_LEG_1,9.84,20.19,-1.34,1,1581,1656,NE
1173222.408,X_LEG_1,9.84,20.19,-1.34,1,1581,1656,NE
1173222.429,X_LEG_1,9.84,20.13,-1.36,1,1581,1656,NE
1173222.449,X_LEG_1,9.84,20.13,-1.36,1,1581,1656,NE
1173222.470,X_LEG_1,9.84,20.13,-1.36,1,1581,1656,NE
1173222.491,X_LEG_1,9.84,20.13,-1.36,1,1581,1656,NE
1173222.511,X_LEG_1,9.84,20.13,-1.36,1,1581,1656,NE
1173222.531,X_LEG_1,9.84,20.10,-1.40,1,1580,1656,NE
1173222.554,X_LEG_1,9.84,20.10,-1.40,1,1580,1656,NE
1173222.574,X_LEG_1,9.84,20.10,-1.40,1,1580,1656,NE
1173222.594,X_LEG_1,9.84,20.10,-1.40,1,1580,1656,NE
1173222.615,X_LEG_1,9.84,20.10,-1.40,1,1580,1656,NE
1173222.635,X_LEG_1,9.83,20.06,-1.42,1,1580,1656,NE
1173222.655,X_LEG_1,9.83,20.06,-1.42,1,1580,1656,NE
1173222.676,X_LEG_1,9.83,20.06,-1.42,1,1580,1656,NE
1173222.697,X_LEG_1,9.83,20.06,-1.42,1,1580,1656,NE
1173222.717,X_LEG_1,9.83,20.06,-1.42,1,1580,1656,NE
1173222.737,X_LEG_1,9.83,20.00,-1.46,1,1580,1656,NE
1173222.758,X_LEG_1,9.83,20.00,-1.46,1,1580,1656,NE
1173222.778,X_LEG_1,9.83,20.00,-1.46,1,1580,1656,NE
1173222.799,X_LEG_1,9.83,20.00,-1.46,1,1580,1656,NE
1173222.819,X_LEG_1,9.83,20.00,-1.46,1,1580,1656,NE
1173222.839,X_LEG_1,9.83,20.00,-1.46,1,1580,1656,NE
1173222.860,X_LEG_1,9.83,20.00,-1.46,1,1580,1656,NE
1173222.880,X_LEG_1,9.83,20.00,-1.46,1,1580,1656,NE
1173222.900,X_LEG_1,9.83,20.00,-1.46,1,1580,1656,NE
1173222.921,X_LEG_1,9.83,20.00,-1.46,1,1580,1656,NE
1173222.942,X_LEG_1,9.83,19.95,-1.50,1,1580,1656,NE
1173222.962,X_LEG_1,9.83,19.95,-1.50,1,1580,1656,NE
1173222.982,X_LEG_1,9.83,19.95,-1.50,1,1580,1656,NE
1173223.003,X_LEG_1,9.83,19.95,-1.50,1,1580,1656,NE
1173223.023,X_LEG_1,9.83,19.95,-1.50,1,1580,1656,NE
1173223.044,X_LEG_1,9.83,19.90,-1.52,1,1580,1656,NE
1173223.064,X_LEG_1,9.83,19.90,-1.52,1,1580,1656,NE
1173223.084,X_LEG_1,9.83,19.90,-1.52,1,1580,1656,NE
1173223.105,X_LEG_1,9.83,19.90,-1.52,1,1580,1656,NE
1173223.125,X_LEG_1,9.83,19.90,-1.52,1,1580,1656,NE
1173223.146,X_LEG_1,9.83,19.90,-1.52,1,1580,1656,NE
1173223.167,X_LEG_1,9.83,19.90,-1.52,1,1580,1656,NE
1173223.187,X_LEG_1,9.83,19.90,-1.52,1,1580,1656,NE
1173223.207,X_LEG_1,9.83,19.90,-1.52,1,1580,1656,NE
1173223.228,X_LEG_1,9.83,19.90,-1.52,1,1580,1656,NE
1173223.248,X_LEG_1,9.83,19.85,-1.56,1,1579,1656,NE
1173223.269,X_LEG_1,9.83,19.85,-1.56,1,1579,1656,NE
1173223.290,X_LEG_1,9.83,19.85,-1.56,1,1579,1656,NE
1173223.310,X_LEG_1,9.83,19.85,-1.56,1,1579,1656,NE
1173223.331,X_LEG_1,9.83,19.85,-1.56,1,1579,1656,NE
1173223.352,X_LEG_1,9.83,19.78,-1.60,1,1579,1656,NE
1173223.372,X_LEG_1,9.83,19.78,-1.60,1,1579,1656,NE
1173223.392,X_LEG_1,9.83,19.78,-1.60,1,1579,1656,NE
1173223.413,X_LEG_1,9.83,19.78,-1.60,1,1579,1656,NE
1173223.433,X_LEG_1,9.83,19.78,-1.60,1,1579,1656,NE
1173223.454,X_LEG_1,9.83,19.78,-1.60,1,1579,1656,NE
1173223.474,X_LEG_1,9.83,19.78,-1.60,1,1579,1656,NE
1173223.495,X_LEG_1,9.83,19.78,-1.60,1,1579,1656,NE
1173223.515,X_LEG_1,9.83,19.78,-1.60,1,1579,1656,NE
1173223.536,X_LEG_1,9.83,19.78,-1.60,1,1579,1656,NE
1173223.556,X_LEG_1,9.82,19.73,-1.64,1,1579,1656,NE
1173223.576,X_LEG_1,9.82,19.73,-1.64,1,1579,1656,NE
1173223.597,X_LEG_1,9.82,19.73,-1.64,1,1579,1656,NE
1173223.617,X_LEG_1,9.82,19.73,-1.64,1,1579,1656,NE
1173223.638,X_LEG_1,9.82,19.73,-1.64,1,1579,1656,NE
1173223.659,X_LEG_1,9.82,19.69,-1.64,1,1579,1656,NE
1173223.679,X_LEG_1,9.82,19.69,-1.64,1,1579,1656,NE
1173223.699,X_LEG_1,9.82,19.69,-1.64,1,1579,1656,NE
1173223.720,X_LEG_1,9.82,19.69,-1.64,1,1579,1656,NE
1173223.740,X_LEG_1,9.82,19.69,-1.64,1,1579,1656,NE
1173223.761,X_LEG_1,9.82,19.65,-1.68,1,1579,1656,NE
1173223.782,X_LEG_1,9.82,19.65,-1.68,1,1579,1656,NE
1173223.802,X_LEG_1,9.82,19.65,-1.68,1,1579,1656,NE
1173223.823,X_LEG_1,9.82,19.65,-1.68,1,1579,1656,NE
1173223.843,X_LEG_1,9.82,19.65,-1.68,1,1579,1656,NE
1173223.863,X_LEG_1,9.82,19.62,-1.70,1,1578,1656,NE
1173223.883,X_LEG_1,9.82,19.62,-1.70,1,1578,1656,NE
1173223.904,X_LEG_1,9.82,19.62,-1.70,1,1578,1656,NE
1173223.926,X_LEG_1,9.82,19.62,-1.70,1,1578,1656,NE
1173223.946,X_LEG_1,9.82,19.62,-1.70,1,1578,1656,NE
1173223.966,X_LEG_1,9.81,19.55,-0.74,1,1578,1656,NE
1173223.987,X_LEG_1,9.81,19.55,-0.74,1,1578,1656,NE
1173224.007,X_LEG_1,9.81,19.55,-0.74,1,1578,1656,NE
1173224.028,X_LEG_1,9.81,19.55,-0.74,1,1578,1656,NE
1173224.048,X_LEG_1,9.81,19.55,-0.74,1,1578,1656,NE
1173224.068,X_LEG_1,9.81,19.55,-0.74,1,1578,1656,NE
1173224.089,X_LEG_1,9.81,19.55,-0.74,1,1578,1656,NE
1173224.109,X_LEG_1,9.81,19.55,-0.74,1,1578,1656,NE
1173224.130,X_LEG_1,9.81,19.55,-0.74,1,1578,1656,NE
1173224.151,X_LEG_1,9.81,19.55,-0.74,1,1578,1656,NE
1173224.171,X_LEG_1,9.81,19.50,-0.78,1,1578,1656,NE
1173224.191,X_LEG_1,9.81,19.50,-0.78,1,1578,1656,NE
1173224.211,X_LEG_1,9.81,19.50,-0.78,1,1578,1656,NE
1173224.231,X_LEG_1,9.81,19.50,-0.78,1,1578,1656,NE
1173224.253,X_LEG_1,9.81,19.50,-0.78,1,1578,1656,NE
1173224.273,X_LEG_1,9.81,19.45,-0.80,1,1578,1656,NE
1173224.293,X_LEG_1,9.81,19.45,-0.80,1,1578,1656,NE
1173224.314,X_LEG_1,9.81,19.45,-0.80,1,1578,1656,NE
1173224.334,X_LEG_1,9.81,19.45,-0.80,1,1578,1656,NE
1173224.354,X_LEG_1,9.81,19.45,-0.80,1,1578,1656,NE
1173224.375,X_LEG_1,9.80,19.40,-0.85,1,1578,1656,NE
1173224.395,X_LEG_1,9.80,19.40,-0.85,1,1578,1656,NE
1173224.416,X_LEG_1,9.80,19.40,-0.85,1,1578,1656,NE
1173224.436,X_LEG_1,9.80,19.40,-0.85,1,1578,1656,NE
1173224.456,X_LEG_1,9.80,19.40,-0.85,1,1578,1656,NE
1173224.476,X_LEG_1,9.80,19.40,-0.85,1,1578,1656,NE
1173224.497,X_LEG_1,9.80,19.40,-0.85,1,1578,1656,NE
1173224.518,X_LEG_1,9.80,19.40,-0.85,1,1578,1656,NE
1173224.538,X_LEG_1,9.80,19.40,-0.85,1,1578,1656,NE
1173224.559,X_LEG_1,9.80,19.40,-0.85,1,1578,1656,NE
1173224.579,X_LEG_1,9.80,19.34,-0.87,1,1577,1656,NE
1173224.600,X_LEG_1,9.80,19.34,-0.87,1,1577,1656,NE
1173224.620,X_LEG_1,9.80,19.34,-0.87,1,1577,1656,NE
1173224.641,X_LEG_1,9.80,19.34,-0.87,1,1577,1656,NE
1173224.661,X_LEG_1,9.80,19.34,-0.87,1,1577,1656,NE
1173224.681,X_LEG_1,9.80,19.31,-0.91,1,1577,1656,NE
1173224.702,X_LEG_1,9.80,19.31,-0.91,1,1577,1656,NE
1173224.723,X_LEG_1,9.80,19.31,-0.91,1,1577,1656,NE
1173224.743,X_LEG_1,9.80,19.31,-0.91,1,1577,1656,NE
1173224.764,X_LEG_1,9.80,19.31,-0.91,1,1577,1656,NE
1173224.784,X_LEG_1,9.79,19.26,-0.91,1,1577,1656,NE
1173224.805,X_LEG_1,9.79,19.26,-0.91,1,1577,1656,NE
1173224.825,X_LEG_1,9.79,19.26,-0.91,1,1577,1656,NE
1173224.845,X_LEG_1,9.79,19.26,-0.91,1,1577,1656,NE
1173224.866,X_LEG_1,9.79,19.26,-0.91,1,1577,1656,NE
1173224.886,X_LEG_1,9.79,19.26,-0.91,1,1577,1656,NE
1173224.907,X_LEG_1,9.79,19.26,-0.91,1,1577,1656,NE
1173224.927,X_LEG_1,9.79,19.26,-0.91,1,1577,1656,NE
1173224.947,X_LEG_1,9.79,19.26,-0.91,1,1577,1656,NE
1173224.968,X_LEG_1,9.79,19.26,-0.91,1,1577,1656,NE
1173224.989,X_LEG_1,9.79,19.21,-0.97,1,1577,1656,NE
1173225.009,X_LEG_1,9.79,19.21,-0.97,1,1577,1656,NE
1173225.029,X_LEG_1,9.79,19.21,-0.97,1,1577,1656,NE
1173225.050,X_LEG_1,9.79,19.21,-0.97,1,1577,1656,NE
1173225.071,X_LEG_1,9.79,19.21,-0.97,1,1577,1656,NE
1173225.091,X_LEG_1,9.78,19.17,-0.97,1,1577,1656,NE
1173225.112,X_LEG_1,9.78,19.17,-0.97,1,1577,1656,NE
1173225.132,X_LEG_1,9.78,19.17,-0.97,1,1577,1656,NE
1173225.153,X_LEG_1,9.78,19.17,-0.97,1,1577,1656,NE
1173225.173,X_LEG_1,9.78,19.17,-0.97,1,1577,1656,NE
1173225.194,X_LEG_1,9.78,19.11,-1.02,1,1576,1656,NE
1173225.214,X_LEG_1,9.78,19.11,-1.02,1,1576,1656,NE
1173225.234,X_LEG_1,9.78,19.11,-1.02,1,1576,1656,NE
1173225.255,X_LEG_1,9.78,19.11,-1.02,1,1576,1656,NE
1173225.275,X_LEG_1,9.78,19.11,-1.02,1,1576,1656,NE
1173225.296,X_LEG_1,9.77,19.07,-1.04,1,1576,1656,NE
1173225.317,X_LEG_1,9.77,19.07,-1.04,1,1576,1656,NE
1173225.337,X_LEG_1,9.77,19.07,-1.04,1,1576,1656,NE
1173225.358,X_LEG_1,9.77,19.07,-1.04,1,1576,1656,NE
1173225.378,X_LEG_1,9.77,19.07,-1.04,1,1576,1656,NE
1173225.399,X_LEG_1,9.77,19.07,-1.04,1,1576,1656,NE
1173225.419,X_LEG_1,9.77,19.07,-1.04,1,1576,1656,NE
1173225.440,X_LEG_1,9.77,19.07,-1.04,1,1576,1656,NE
1173225.460,X_LEG_1,9.77,19.07,-1.04,1,1576,1656,NE
1173225.481,X_LEG_1,9.77,19.07,-1.04,1,1576,1656,NE
1173225.501,X_LEG_1,9.77,19.01,-1.06,1,1576,1656,NE
1173225.522,X_LEG_1,9.77,19.01,-1.06,1,1576,1656,NE
1173225.542,X_LEG_1,9.77,19.01,-1.06,1,1576,1656,NE
1173225.563,X_LEG_1,9.77,19.01,-1.06,1,1576,1656,NE
1173225.583,X_LEG_1,9.77,19.01,-1.06,1,1576,1656,NE
1173225.604,X_LEG_1,9.76,18.96,-1.10,1,1576,1656,NE
1173225.624,X_LEG_1,9.76,18.96,-1.10,1,1576,1656,NE
1173225.644,X_LEG_1,9.76,18.96,-1.10,1,1576,1656,NE
1173225.665,X_LEG_1,9.76,18.96,-1.10,1,1576,1656,NE
1173225.685,X_LEG_1,9.76,18.96,-1.10,1,1576,1656,NE
1173225.706,X_LEG_1,9.76,18.91,-1.13,1,1576,1656,NE
1173225.727,X_LEG_1,9.76,18.91,-1.13,1,1576,1656,NE
1173225.747,X_LEG_1,9.76,18.91,-1.13,1,1576,1656,NE
1173225.767,X_LEG_1,9.76,18.91,-1.13,1,1576,1656,NE
1173225.788,X_LEG_1,9.76,18.91,-1.13,1,1576,1656,NE
1173225.808,X_LEG_1,9.76,18.91,-1.13,1,1576,1656,NE
1173225.829,X_LEG_1,9.76,18.91,-1.13,1,1576,1656,NE
1173225.850,X_LEG_1,9.76,18.91,-1.13,1,1576,1656,NE
1173225.870,X_LEG_1,9.76,18.91,-1.13,1,1576,1656,NE
1173225.890,X_LEG_1,9.76,18.91,-1.13,1,1576,1656,NE
1173225.912,X_LEG_1,9.75,18.88,-1.15,1,1576,1656,NE
1173225.932,X_LEG_1,9.75,18.88,-1.15,1,1576,1656,NE
1173225.953,X_LEG_1,9.75,18.88,-1.15,1,1576,1656,NE
1173225.973,X_LEG_1,9.75,18.88,-1.15,1,1576,1656,NE
1173225.993,X_LEG_1,9.75,18.88,-1.15,1,1576,1656,NE
1173226.014,X_LEG_1,9.75,18.82,-1.17,1,1575,1656,NE
1173226.034,X_LEG_1,9.75,18.82,-1.17,1,1575,1656,NE
1173226.054,X_LEG_1,9.75,18.82,-1.17,1,1575,1656,NE
1173226.075,X_LEG_1,9.75,18.82,-1.17,1,1575,1656,NE
1173226.095,X_LEG_1,9.75,18.82,-1.17,1,1575,1656,NE
1173226.115,X_LEG_1,9.74,18.78,-1.22,1,1575,1656,NE
1173226.136,X_LEG_1,9.74,18.78,-1.22,1,1575,1656,NE
1173226.157,X_LEG_1,9.74,18.78,-1.22,1,1575,1656,NE
1173226.178,X_LEG_1,9.74,18.78,-1.22,1,1575,1656,NE
1173226.198,X_LEG_1,9.74,18.78,-1.22,1,1575,1656,NE
1173226.219,X_LEG_1,9.74,18.78,-1.22,1,1575,1656,NE
1173226.239,X_LEG_1,9.74,18.78,-1.22,1,1575,1656,NE
1173226.260,X_LEG_1,9.74,18.78,-1.22,1,1575,1656,NE
1173226.280,X_LEG_1,9.74,18.78,-1.22,1,1575,1656,NE
1173226.301,X_LEG_2,9.74,46.44,129.32,0,1500,1656,SE
1173226.321,X_LEG_2,9.74,46.47,129.39,0,1500,1656,SE
1173226.341,X_LEG_2,9.74,46.47,129.39,0,1500,1656,SE
1173226.361,X_LEG_2,9.74,46.47,129.39,0,1500,1656,SE
1173226.382,X_LEG_2,9.74,46.47,129.39,0,1500,1656,SE
1173226.403,X_LEG_2,9.74,46.47,129.39,0,1500,1656,SE
1173226.423,X_LEG_2,9.73,46.50,129.45,0,1500,1656,SE
1173226.444,X_LEG_2,9.73,46.50,129.45,0,1500,1656,SE
1173226.464,X_LEG_2,9.73,46.50,129.45,0,1500,1656,SE
1173226.484,X_LEG_2,9.73,46.50,129.45,0,1500,1656,SE
1173226.505,X_LEG_2,9.73,46.50,129.45,0,1500,1656,SE
1173226.525,X_LEG_2,9.73,46.52,129.50,0,1500,1656,SE
1173226.546,X_LEG_2,9.73,46.52,129.50,0,1500,1656,SE
1173226.566,X_LEG_2,9.73,46.52,129.50,0,1500,1656,SE
1173226.587,X_LEG_2,9.73,46.52,129.50,0,1500,1656,SE
1173226.607,X_LEG_2,9.73,46.52,129.50,0,1500,1656,SE
1173226.628,X_LEG_2,9.72,46.54,129.53,0,1500,1656,SE
1173226.648,X_LEG_2,9.72,46.54,129.53,0,1500,1656,SE
1173226.668,X_LEG_2,9.72,46.54,129.53,0,1500,1656,SE
1173226.689,X_LEG_2,9.72,46.54,129.53,0,1500,1656,SE
1173226.710,X_LEG_2,9.72,46.54,129.53,0,1500,1656,SE
1173226.730,X_LEG_2,9.72,46.56,129.58,0,1500,1656,SE
1173226.751,X_LEG_2,9.72,46.56,129.58,0,1500,1656,SE
1173226.771,X_LEG_2,9.72,46.56,129.58,0,1500,1656,SE
1173226.792,X_LEG_2,9.72,46.56,129.58,0,1500,1656,SE
1173226.812,X_LEG_2,9.72,46.56,129.58,0,1500,1656,SE
1173226.832,X_LEG_2,9.72,46.58,122.62,0,1500,1656,SE
1173226.853,X_LEG_2,9.72,46.58,122.62,0,1500,1656,SE
1173226.873,X_LEG_2,9.72,46.58,122.62,0,1500,1656,SE
1173226.894,X_LEG_2,9.72,46.58,122.62,0,1500,1656,SE
1173226.914,X_LEG_2,9.72,46.58,122.62,0,1500,1656,SE
1173226.935,X_LEG_2,9.72,46.58,122.62,0,1500,1656,SE
1173226.955,X_LEG_2,9.72,46.58,122.62,0,1500,1656,SE
1173226.976,X_LEG_2,9.72,46.58,122.62,0,1500,1656,SE
1173226.996,X_LEG_2,9.72,46.58,122.62,0,1500,1656,SE
1173227.017,X_LEG_2,9.72,46.58,122.62,0,1500,1656,SE
1173227.037,X_LEG_2,9.72,46.61,122.68,0,1500,1656,SE
1173227.058,X_LEG_2,9.72,46.61,122.68,0,1500,1656,SE
1173227.078,X_LEG_2,9.72,46.61,122.68,0,1500,1656,SE
1173227.098,X_LEG_2,9.72,46.61,122.68,0,1500,1656,SE
1173227.119,X_LEG_2,9.72,46.61,122.68,0,1500,1656,SE
1173227.140,X_LEG_2,9.72,46.62,122.73,0,1500,1656,SE
1173227.160,X_LEG_2,9.72,46.62,122.73,0,1500,1656,SE
1173227.181,X_LEG_2,9.72,46.62,122.73,0,1500,1656,SE
1173227.201,X_LEG_2,9.72,46.62,122.73,0,1500,1656,SE
1173227.222,X_LEG_2,9.72,46.62,122.73,0,1500,1656,SE
1173227.242,X_LEG_2,9.73,46.65,122.77,0,1500,1656,SE
1173227.262,X_LEG_2,9.73,46.65,122.77,0,1500,1656,SE
1173227.283,X_LEG_2,9.73,46.65,122.77,0,1500,1656,SE
1173227.305,X_LEG_2,9.73,46.65,122.77,0,1500,1656,SE
1173227.326,X_LEG_2,9.73,46.65,122.77,0,1500,1656,SE
1173227.347,X_LEG_2,9.73,46.65,92.77,0,1500,1656,SE
1173227.367,X_LEG_2,9.73,46.65,92.77,0,1500,1656,SE
1173227.388,X_LEG_2,9.73,46.65,92.77,0,1500,1656,SE
1173227.408,X_LEG_2,9.73,46.65,92.77,0,1500,1656,SE
1173227.429,X_LEG_2,9.73,46.65,92.77,0,1500,1656,SE
1173227.450,X_LEG_2,9.73,46.67,92.82,0,1500,1656,SE
1173227.470,X_LEG_2,9.73,46.67,92.82,0,1500,1656,SE
1173227.491,X_LEG_2,9.73,46.67,92.82,0,1500,1656,SE
1173227.512,X_LEG_2,9.73,46.67,92.82,0,1500,1656,SE
1173227.532,X_LEG_2,9.73,46.67,92.82,0,1500,1656,SE
1173227.553,X_LEG_2,9.73,46.70,92.86,0,1500,1656,SE
1173227.574,X_LEG_2,9.73,46.70,92.86,0,1500,1656,SE
1173227.594,X_LEG_2,9.73,46.70,92.86,0,1500,1656,SE
1173227.614,X_LEG_2,9.73,46.70,92.86,0,1500,1656,SE
1173227.635,X_LEG_2,9.73,46.70,92.86,0,1500,1656,SE
1173227.655,X_LEG_2,9.74,46.71,92.91,0,1500,1656,SE
1173227.676,X_LEG_2,9.74,46.71,92.91,0,1500,1656,SE
1173227.697,X_LEG_2,9.74,46.71,92.91,0,1500,1656,SE
1173227.717,X_LEG_2,9.74,46.71,92.91,0,1500,1656,SE
1173227.738,X_LEG_2,9.74,46.71,92.91,0,1500,1656,SE
1173227.758,X_LEG_2,9.74,46.74,92.95,0,1500,1656,SE
1173227.779,X_LEG_2,9.74,46.74,92.95,0,1500,1656,SE
1173227.799,X_LEG_2,9.74,46.74,92.95,0,1500,1656,SE
1173227.820,X_LEG_2,9.74,46.74,92.95,0,1500,1656,SE
1173227.840,X_LEG_2,9.74,46.74,92.95,0,1500,1656,SE
1173227.861,X_LEG_2,9.75,46.76,92.99,0,1500,1656,SE
1173227.881,X_LEG_2,9.75,46.76,92.99,0,1500,1656,SE
1173227.902,X_LEG_2,9.75,46.76,92.99,0,1500,1656,SE
1173227.922,X_LEG_2,9.75,46.76,92.99,0,1500,1656,SE
1173227.944,X_LEG_2,9.75,46.76,92.99,0,1500,1656,SE
1173227.964,X_LEG_2,9.75,46.77,93.02,0,1500,1656,SE
1173227.985,X_LEG_2,9.75,46.77,93.02,0,1500,1656,SE
1173228.006,X_LEG_2,9.75,46.77,93.02,0,1500,1656,SE
1173228.026,X_LEG_2,9.75,46.77,93.02,0,1500,1656,SE
1173228.046,X_LEG_2,9.75,46.77,93.02,0,1500,1656,SE
1173228.067,X_LEG_2,9.75,46.80,93.06,0,1500,1656,SE
1173228.087,X_LEG_2,9.75,46.80,93.06,0,1500,1656,SE
1173228.108,X_LEG_2,9.75,46.80,93.06,0,1500,1656,SE
1173228.128,X_LEG_2,9.75,46.80,93.06,0,1500,1656,SE
1173228.149,X_LEG_2,9.75,46.80,93.06,0,1500,1656,SE
1173228.169,X_LEG_2,9.75,46.80,93.06,0,1500,1656,SE
1173228.190,X_LEG_2,9.75,46.80,93.06,0,1500,1656,SE
1173228.210,X_LEG_2,9.75,46.80,93.06,0,1500,1656,SE
1173228.231,X_LEG_2,9.75,46.80,93.06,0,1500,1656,SE
1173228.251,X_LEG_2,9.75,46.80,93.06,0,1500,1656,SE
1173228.272,X_LEG_2,9.75,46.80,63.06,0,1500,1656,SE
1173228.292,X_LEG_2,9.75,46.80,63.06,0,1500,1656,SE
1173228.312,X_LEG_2,9.75,46.80,63.06,0,1500,1656,SE
1173228.333,X_LEG_2,9.75,46.80,63.06,0,1500,1656,SE
1173228.353,X_LEG_2,9.75,46.80,63.06,0,1500,1656,SE
1173228.374,X_LEG_2,9.77,46.84,63.16,0,1500,1656,SE
1173228.395,X_LEG_2,9.77,46.84,63.16,0,1500,1656,SE
1173228.415,X_LEG_2,9.77,46.84,63.16,0,1500,1656,SE
1173228.436,X_LEG_2,9.77,46.84,63.16,0,1500,1656,SE
1173228.456,X_LEG_2,9.77,46.84,63.16,0,1500,1656,SE
1173228.477,X_LEG_2,9.77,46.87,63.19,0,1500,1656,SE
1173228.497,X_LEG_2,9.77,46.87,63.19,0,1500,1656,SE
1173228.518,X_LEG_2,9.77,46.87,63.19,0,1500,1656,SE
1173228.539,X_LEG_2,9.77,46.87,63.19,0,1500,1656,SE
1173228.559,X_LEG_2,9.77,46.87,63.19,0,1500,1656,SE
1173228.580,X_LEG_2,9.77,46.88,63.23,0,1500,1656,SE
1173228.600,X_LEG_2,9.77,46.88,63.23,0,1500,1656,SE
1173228.621,X_LEG_2,9.77,46.88,63.23,0,1500,1656,SE
1173228.641,X_LEG_2,9.77,46.88,63.23,0,1500,1656,SE
1173228.663,X_LEG_2,9.77,46.88,63.23,0,1500,1656,SE
1173228.683,X_LEG_2,9.78,46.90,63.27,0,1500,1656,SE
1173228.704,X_LEG_2,9.78,46.90,63.27,0,1500,1656,SE
1173228.724,X_LEG_2,9.78,46.90,63.27,0,1500,1656,SE
1173228.745,X_LEG_2,9.78,46.90,63.27,0,1500,1656,SE
1173228.765,X_LEG_2,9.78,46.90,63.27,0,1500,1656,SE
1173228.786,X_LEG_2,9.78,46.93,63.30,0,1500,1656,SE
1173228.807,X_LEG_2,9.78,46.93,63.30,0,1500,1656,SE
1173228.827,X_LEG_2,9.78,46.93,63.30,0,1500,1656,SE
1173228.847,X_LEG_2,9.78,46.93,63.30,0,1500,1656,SE
1173228.868,X_LEG_2,9.78,46.93,63.30,0,1500,1656,SE
1173228.888,X_LEG_2,9.79,46.94,63.34,0,1500,1656,SE
1173228.908,X_LEG_2,9.79,46.94,63.34,0,1500,1656,SE
1173228.930,X_LEG_2,9.79,46.94,63.34,0,1500,1656,SE
1173228.950,X_LEG_2,9.79,46.94,63.34,0,1500,1656,SE
1173228.971,X_LEG_2,9.79,46.94,63.34,0,1500,1656,SE
1173228.991,X_LEG_2,9.79,46.96,38.38,0,1500,1656,SE
1173229.012,X_LEG_2,9.79,46.96,38.38,0,1500,1656,SE
1173229.032,X_LEG_2,9.79,46.96,38.38,0,1500,1656,SE
1173229.053,X_LEG_2,9.79,46.96,38.38,0,1500,1656,SE
1173229.073,X_LEG_2,9.79,46.96,38.38,0,1500,1656,SE
1173229.094,X_LEG_2,9.80,46.97,38.41,0,1500,1656,SE
1173229.114,X_LEG_2,9.80,46.97,38.41,0,1500,1656,SE
1173229.134,X_LEG_2,9.80,46.97,38.41,0,1500,1656,SE
1173229.155,X_LEG_2,9.80,46.97,38.41,0,1500,1656,SE
1173229.175,X_LEG_2,9.80,46.97,38.41,0,1500,1656,SE
1173229.195,X_LEG_2,9.80,47.00,38.45,0,1500,1656,SE
1173229.216,X_LEG_2,9.80,47.00,38.45,0,1500,1656,SE
1173229.236,X_LEG_2,9.80,47.00,38.45,0,1500,1656,SE
1173229.256,X_LEG_2,9.80,47.00,38.45,0,1500,1656,SE
1173229.277,X_LEG_2,9.80,47.00,38.45,0,1500,1656,SE
1173229.297,X_LEG_2,9.80,47.02,38.49,0,1500,1656,SE
1173229.318,X_LEG_2,9.80,47.02,38.49,0,1500,1656,SE
1173229.338,X_LEG_2,9.80,47.02,38.49,0,1500,1656,SE
1173229.359,X_LEG_2,9.80,47.02,38.49,0,1500,1656,SE
1173229.379,X_LEG_2,9.80,47.02,38.49,0,1500,1656,SE
1173229.400,X_LEG_2,9.81,47.04,38.51,0,1500,1656,SE
1173229.420,X_LEG_2,9.81,47.04,38.51,0,1500,1656,SE
1173229.440,X_LEG_2,9.81,47.04,38.51,0,1500,1656,SE
1173229.461,X_LEG_2,9.81,47.04,38.51,0,1500,1656,SE
1173229.481,X_LEG_2,9.81,47.04,38.51,0,1500,1656,SE
1173229.502,X_LEG_2,9.81,47.05,38.55,0,1500,1656,SE
1173229.522,X_LEG_2,9.81,47.05,38.55,0,1500,1656,SE
1173229.543,X_LEG_2,9.81,47.05,38.55,0,1500,1656,SE
1173229.564,X_LEG_2,9.81,47.05,38.55,0,1500,1656,SE
1173229.584,X_LEG_2,9.81,47.05,38.55,0,1500,1656,SE
1173229.604,X_LEG_2,9.81,47.05,20.55,1,1688,1656,SE
1173229.625,X_LEG_2,9.81,47.05,20.55,1,1688,1656,SE
1173229.645,X_LEG_2,9.81,47.05,20.55,1,1688,1656,SE
1173229.665,X_LEG_2,9.81,47.05,20.55,1,1688,1656,SE
1173229.686,X_LEG_2,9.81,47.05,20.55,1,1688,1656,SE
1173229.707,X_LEG_2,9.82,47.09,20.61,1,1688,1656,SE
1173229.727,X_LEG_2,9.82,47.09,20.61,1,1688,1656,SE
1173229.748,X_LEG_2,9.82,47.09,20.61,1,1688,1656,SE
1173229.768,X_LEG_2,9.82,47.09,20.61,1,1688,1656,SE
1173229.789,X_LEG_2,9.82,47.09,20.61,1,1688,1656,SE
1173229.809,X_LEG_2,9.82,47.10,20.63,1,1688,1656,SE
1173229.830,X_LEG_2,9.82,47.10,20.63,1,1688,1656,SE
1173229.850,X_LEG_2,9.82,47.10,20.63,1,1688,1656,SE
1173229.871,X_LEG_2,9.82,47.10,20.63,1,1688,1656,SE
1173229.891,X_LEG_2,9.82,47.10,20.63,1,1688,1656,SE
1173229.911,X_LEG_2,9.83,47.12,20.67,1,1688,1656,SE
1173229.932,X_LEG_2,9.83,47.12,20.67,1,1688,1656,SE
1173229.952,X_LEG_2,9.83,47.12,20.67,1,1688,1656,SE
1173229.973,X_LEG_2,9.83,47.12,20.67,1,1688,1656,SE
1173229.993,X_LEG_2,9.83,47.12,20.67,1,1688,1656,SE
1173230.014,X_LEG_2,9.83,47.12,20.67,1,1688,1656,SE
1173230.034,X_LEG_2,9.83,47.12,20.67,1,1688,1656,SE
1173230.054,X_LEG_2,9.83,47.12,20.67,1,1688,1656,SE
1173230.075,X_LEG_2,9.83,47.12,20.67,1,1688,1656,SE
1173230.095,X_LEG_2,9.83,47.12,20.67,1,1688,1656,SE
1173230.115,X_LEG_2,9.83,47.15,20.72,1,1689,1656,SE
1173230.136,X_LEG_2,9.83,47.15,20.72,1,1689,1656,SE
1173230.156,X_LEG_2,9.83,47.15,20.72,1,1689,1656,SE
1173230.176,X_LEG_2,9.83,47.15,20.72,1,1689,1656,SE
1173230.197,X_LEG_2,9.83,47.15,20.72,1,1689,1656,SE
1173230.217,X_LEG_2,9.83,47.16,13.75,1,1689,1656,SE
1173230.237,X_LEG_2,9.83,47.16,13.75,1,1689,1656,SE
1173230.258,X_LEG_2,9.83,47.16,13.75,1,1689,1656,SE
1173230.278,X_LEG_2,9.83,47.16,13.75,1,1689,1656,SE
1173230.299,X_LEG_2,9.83,47.16,13.75,1,1689,1656,SE
1173230.320,X_LEG_2,9.84,47.18,13.79,1,1689,1656,SE
1173230.341,X_LEG_2,9.84,47.18,13.79,1,1689,1656,SE
1173230.361,X_LEG_2,9.84,47.18,13.79,1,1689,1656,SE
1173230.383,X_LEG_2,9.84,47.18,13.79,1,1689,1656,SE
1173230.404,X_LEG_2,9.84,47.18,13.79,1,1689,1656,SE
1173230.424,X_LEG_2,9.85,47.20,13.84,1,1689,1656,SE
1173230.445,X_LEG_2,9.85,47.20,13.84,1,1689,1656,SE
1173230.465,X_LEG_2,9.85,47.20,13.84,1,1689,1656,SE
1173230.486,X_LEG_2,9.85,47.20,13.84,1,1689,1656,SE
1173230.506,X_LEG_2,9.85,47.20,13.84,1,1689,1656,SE
1173230.526,X_LEG_2,9.85,47.22,13.87,1,1689,1656,SE
1173230.547,X_LEG_2,9.85,47.22,13.87,1,1689,1656,SE
1173230.567,X_LEG_2,9.85,47.22,13.87,1,1689,1656,SE
1173230.587,X_LEG_2,9.85,47.22,13.87,1,1689,1656,SE
1173230.608,X_LEG_2,9.85,47.22,13.87,1,1689,1656,SE
1173230.628,X_LEG_2,9.85,47.22,13.87,1,1689,1656,SE
1173230.648,X_LEG_2,9.85,47.22,13.87,1,1689,1656,SE
1173230.669,X_LEG_2,9.85,47.22,13.87,1,1689,1656,SE
1173230.689,X_LEG_2,9.85,47.22,13.87,1,1689,1656,SE
1173230.711,X_LEG_2,9.85,47.22,13.87,1,1689,1656,SE
1173230.731,X_LEG_2,9.85,47.23,11.93,1,1689,1656,SE
1173230.751,X_LEG_2,9.85,47.23,11.93,1,1689,1656,SE
1173230.772,X_LEG_2,9.85,47.23,11.93,1,1689,1656,SE
1173230.792,X_LEG_2,9.85,47.23,11.93,1,1689,1656,SE
1173230.813,X_LEG_2,9.85,47.23,11.93,1,1689,1656,SE
1173230.833,X_LEG_2,9.86,47.24,11.96,1,1689,1656,SE
1173230.853,X_LEG_2,9.86,47.24,11.96,1,1689,1656,SE
1173230.874,X_LEG_2,9.86,47.24,11.96,1,1689,1656,SE
1173230.894,X_LEG_2,9.86,47.24,11.96,1,1689,1656,SE
1173230.915,X_LEG_2,9.86,47.24,11.96,1,1689,1656,SE
1173230.935,X_LEG_2,9.86,47.25,11.99,1,1689,1656,SE
1173230.956,X_LEG_2,9.86,47.25,11.99,1,1689,1656,SE
1173230.977,X_LEG_2,9.86,47.25,11.99,1,1689,1656,SE
1173230.997,X_LEG_2,9.86,47.25,11.99,1,1689,1656,SE
1173231.018,X_LEG_2,9.86,47.25,11.99,1,1689,1656,SE
1173231.039,X_LEG_2,9.86,47.26,12.04,1,1689,1656,SE
1173231.059,X_LEG_2,9.86,47.26,12.04,1,1689,1656,SE
1173231.079,X_LEG_2,9.86,47.26,12.04,1,1689,1656,SE
1173231.100,X_LEG_2,9.86,47.26,12.04,1,1689,1656,SE
1173231.120,X_LEG_2,9.86,47.26,12.04,1,1689,1656,SE
1173231.140,X_LEG_2,9.87,47.26,12.08,1,1689,1656,SE
1173231.161,X_LEG_2,9.87,47.26,12.08,1,1689,1656,SE
1173231.182,X_LEG_2,9.87,47.26,12.08,1,1689,1656,SE
1173231.202,X_LEG_2,9.87,47.26,12.08,1,1689,1656,SE
1173231.222,X_LEG_2,9.87,47.26,12.08,1,1689,1656,SE
1173231.243,X_LEG_2,9.87,47.26,12.08,1,1689,1656,SE
1173231.263,X_LEG_2,9.87,47.26,12.08,1,1689,1656,SE
1173231.284,X_LEG_2,9.87,47.26,12.08,1,1689,1656,SE
1173231.304,X_LEG_2,9.87,47.26,12.08,1,1689,1656,SE
1173231.325,X_LEG_2,9.87,47.26,12.08,1,1689,1656,SE
1173231.345,X_LEG_2,9.87,47.27,12.13,1,1689,1656,SE
1173231.366,X_LEG_2,9.87,47.27,12.13,1,1689,1656,SE
1173231.386,X_LEG_2,9.87,47.27,12.13,1,1689,1656,SE
1173231.407,X_LEG_2,9.87,47.27,12.13,1,1689,1656,SE
1173231.428,X_LEG_2,9.87,47.27,12.13,1,1689,1656,SE
1173231.448,X_LEG_2,9.87,47.26,12.16,1,1689,1656,SE
1173231.469,X_LEG_2,9.87,47.26,12.16,1,1689,1656,SE
1173231.489,X_LEG_2,9.87,47.26,12.16,1,1689,1656,SE
1173231.510,X_LEG_2,9.87,47.26,12.16,1,1689,1656,SE
1173231.530,X_LEG_2,9.87,47.26,12.16,1,1689,1656,SE
1173231.551,X_LEG_2,9.87,47.27,12.19,1,1689,1656,SE
1173231.571,X_LEG_2,9.87,47.27,12.19,1,1689,1656,SE
1173231.591,X_LEG_2,9.87,47.27,12.19,1,1689,1656,SE
1173231.612,X_LEG_2,9.87,47.27,12.19,1,1689,1656,SE
1173231.632,X_LEG_2,9.87,47.27,12.19,1,1689,1656,SE
1173231.652,X_LEG_2,9.87,47.27,12.19,1,1689,1656,SE
1173231.673,X_LEG_2,9.87,47.27,12.19,1,1689,1656,SE
1173231.694,X_LEG_2,9.87,47.27,12.19,1,1689,1656,SE
1173231.714,X_LEG_2,9.87,47.27,12.19,1,1689,1656,SE
1173231.734,X_LEG_2,9.87,47.27,12.19,1,1689,1656,SE
1173231.755,X_LEG_2,9.87,47.26,12.24,1,1689,1656,SE
1173231.775,X_LEG_2,9.87,47.26,12.24,1,1689,1656,SE
1173231.796,X_LEG_2,9.87,47.26,12.24,1,1689,1656,SE
1173231.816,X_LEG_2,9.87,47.26,12.24,1,1689,1656,SE
1173231.837,X_LEG_2,9.87,47.26,12.24,1,1689,1656,SE
1173231.857,X_LEG_2,9.87,47.25,8.28,1,1689,1656,SE
1173231.878,X_LEG_2,9.87,47.25,8.28,1,1689,1656,SE
1173231.898,X_LEG_2,9.87,47.25,8.28,1,1689,1656,SE
1173231.918,X_LEG_2,9.87,47.25,8.28,1,1689,1656,SE
1173231.939,X_LEG_2,9.87,47.25,8.28,1,1689,1656,SE
1173231.959,X_LEG_2,9.87,47.25,8.31,1,1689,1656,SE
1173231.980,X_LEG_2,9.87,47.25,8.31,1,1689,1656,SE
1173232.000,X_LEG_2,9.87,47.25,8.31,1,1689,1656,SE
1173232.020,X_LEG_2,9.87,47.25,8.31,1,1689,1656,SE
1173232.040,X_LEG_2,9.87,47.25,8.31,1,1689,1656,SE
1173232.061,X_LEG_2,9.87,47.24,8.35,1,1689,1656,SE
1173232.081,X_LEG_2,9.87,47.24,8.35,1,1689,1656,SE
1173232.102,X_LEG_2,9.87,47.24,8.35,1,1689,1656,SE
1173232.122,X_LEG_2,9.87,47.24,8.35,1,1689,1656,SE
1173232.143,X_LEG_2,9.87,47.24,8.35,1,1689,1656,SE
1173232.163,X_LEG_2,9.87,47.22,8.40,1,1689,1656,SE
1173232.184,X_LEG_2,9.87,47.22,8.40,1,1689,1656,SE
1173232.204,X_LEG_2,9.87,47.22,8.40,1,1689,1656,SE
1173232.225,X_LEG_2,9.87,47.22,8.40,1,1689,1656,SE
1173232.245,X_LEG_2,9.87,47.22,8.40,1,1689,1656,SE
1173232.265,X_LEG_2,9.87,47.20,8.44,1,1689,1656,SE
1173232.286,X_LEG_2,9.87,47.20,8.44,1,1689,1656,SE
1173232.306,X_LEG_2,9.87,47.20,8.44,1,1689,1656,SE
1173232.327,X_LEG_2,9.87,47.20,8.44,1,1689,1656,SE
1173232.347,X_LEG_2,9.87,47.20,8.44,1,1689,1656,SE
1173232.368,X_LEG_2,9.87,47.20,6.44,1,1689,1656,SE
1173232.388,X_LEG_2,9.87,47.20,6.44,1,1689,1656,SE
1173232.409,X_LEG_2,9.87,47.20,6.44,1,1689,1656,SE
1173232.429,X_LEG_2,9.87,47.20,6.44,1,1689,1656,SE
1173232.450,X_LEG_2,9.87,47.20,6.44,1,1689,1656,SE
1173232.470,X_LEG_2,9.87,47.18,6.48,1,1689,1656,SE
1173232.491,X_LEG_2,9.87,47.18,6.48,1,1689,1656,SE
1173232.512,X_LEG_2,9.87,47.18,6.48,1,1689,1656,SE
1173232.532,X_LEG_2,9.87,47.18,6.48,1,1689,1656,SE
1173232.552,X_LEG_2,9.87,47.18,6.48,1,1689,1656,SE
1173232.572,X_LEG_2,9.87,47.17,6.52,1,1689,1656,SE
1173232.593,X_LEG_2,9.87,47.17,6.52,1,1689,1656,SE
1173232.613,X_LEG_2,9.87,47.17,6.52,1,1689,1656,SE
1173232.634,X_LEG_2,9.87,47.17,6.52,1,1689,1656,SE
1173232.654,X_LEG_2,9.87,47.17,6.52,1,1689,1656,SE
1173232.675,X_LEG_2,9.87,47.17,6.52,1,1689,1656,SE
1173232.696,X_LEG_2,9.87,47.17,6.52,1,1689,1656,SE
1173232.716,X_LEG_2,9.87,47.17,6.52,1,1689,1656,SE
1173232.737,X_LEG_2,9.87,47.17,6.52,1,1689,1656,SE
1173232.757,X_LEG_2,9.87,47.17,6.52,1,1689,1656,SE
1173232.777,X_LEG_2,9.87,47.14,6.57,1,1689,1656,SE
1173232.798,X_LEG_2,9.87,47.14,6.57,1,1689,1656,SE
1173232.819,X_LEG_2,9.87,47.14,6.57,1,1689,1656,SE
1173232.839,X_LEG_2,9.87,47.14,6.57,1,1689,1656,SE
1173232.860,X_LEG_2,9.87,47.14,6.57,1,1689,1656,SE
1173232.880,X_LEG_2,9.87,47.10,5.62,1,1688,1656,SE
1173232.901,X_LEG_2,9.87,47.10,5.62,1,1688,1656,SE
1173232.921,X_LEG_2,9.87,47.10,5.62,1,1688,1656,SE
1173232.942,X_LEG_2,9.87,47.10,5.62,1,1688,1656,SE
1173232.962,X_LEG_2,9.87,47.10,5.62,1,1688,1656,SE
1173232.982,X_LEG_2,9.86,47.09,5.66,1,1688,1656,SE
1173233.003,X_LEG_2,9.86,47.09,5.66,1,1688,1656,SE
1173233.024,X_LEG_2,9.86,47.09,5.66,1,1688,1656,SE
1173233.044,X_LEG_2,9.86,47.09,5.66,1,1688,1656,SE
1173233.065,X_LEG_2,9.86,47.09,5.66,1,1688,1656,SE
1173233.086,X_LEG_2,9.86,47.06,5.69,1,1688,1656,SE
1173233.106,X_LEG_2,9.86,47.06,5.69,1,1688,1656,SE
1173233.126,X_LEG_2,9.86,47.06,5.69,1,1688,1656,SE
1173233.146,X_LEG_2,9.86,47.06,5.69,1,1688,1656,SE
1173233.167,X_LEG_2,9.86,47.06,5.69,1,1688,1656,SE
1173233.188,X_LEG_2,9.86,47.06,5.69,1,1688,1656,SE
1173233.208,X_LEG_2,9.86,47.06,5.69,1,1688,1656,SE
1173233.229,X_LEG_2,9.86,47.06,5.69,1,1688,1656,SE
1173233.249,X_LEG_2,9.86,47.06,5.69,1,1688,1656,SE
1173233.270,X_LEG_2,9.86,47.06,5.69,1,1688,1656,SE
1173233.290,X_LEG_2,9.86,47.03,5.75,1,1688,1656,SE
1173233.310,X_LEG_2,9.86,47.03,5.75,1,1688,1656,SE
1173233.331,X_LEG_2,9.86,47.03,5.75,1,1688,1656,SE
1173233.351,X_LEG_2,9.86,47.03,5.75,1,1688,1656,SE
1173233.372,X_LEG_2,9.86,47.03,5.75,1,1688,1656,SE
1173233.392,X_LEG_2,9.85,47.00,5.78,1,1688,1656,SE
1173233.413,X_LEG_2,9.85,47.00,5.78,1,1688,1656,SE
1173233.433,X_LEG_2,9.85,47.00,5.78,1,1688,1656,SE
1173233.454,X_LEG_2,9.85,47.00,5.78,1,1688,1656,SE
1173233.474,X_LEG_2,9.85,47.00,5.78,1,1688,1656,SE
1173233.495,X_LEG_2,9.85,46.95,4.83,1,1688,1656,SE
1173233.515,X_LEG_2,9.85,46.95,4.83,1,1688,1656,SE
1173233.535,X_LEG_2,9.85,46.95,4.83,1,1688,1656,SE
1173233.555,X_LEG_2,9.85,46.95,4.83,1,1688,1656,SE
1173233.575,X_LEG_2,9.85,46.95,4.83,1,1688,1656,SE
1173233.596,X_LEG_2,9.85,46.92,4.86,1,1688,1656,SE
1173233.616,X_LEG_2,9.85,46.92,4.86,1,1688,1656,SE
1173233.637,X_LEG_2,9.85,46.92,4.86,1,1688,1656,SE
1173233.657,X_LEG_2,9.85,46.92,4.86,1,1688,1656,SE
1173233.678,X_LEG_2,9.85,46.92,4.86,1,1688,1656,SE
1173233.698,X_LEG_2,9.85,46.92,4.86,1,1688,1656,SE
1173233.719,X_LEG_2,9.85,46.92,4.86,1,1688,1656,SE
1173233.739,X_LEG_2,9.85,46.92,4.86,1,1688,1656,SE
1173233.760,X_LEG_2,9.85,46.92,4.86,1,1688,1656,SE
1173233.780,X_LEG_2,9.85,46.92,4.86,1,1688,1656,SE
1173233.801,X_LEG_2,9.84,46.88,4.92,1,1688,1656,SE
1173233.821,X_LEG_2,9.84,46.88,4.92,1,1688,1656,SE
1173233.841,X_LEG_2,9.84,46.88,4.92,1,1688,1656,SE
1173233.862,X_LEG_2,9.84,46.88,4.92,1,1688,1656,SE
1173233.882,X_LEG_2,9.84,46.88,4.92,1,1688,1656,SE
1173233.902,X_LEG_2,9.84,46.84,4.95,1,1687,1656,SE
1173233.922,X_LEG_2,9.84,46.84,4.95,1,1687,1656,SE
1173233.943,X_LEG_2,9.84,46.84,4.95,1,1687,1656,SE
1173233.963,X_LEG_2,9.84,46.84,4.95,1,1687,1656,SE
1173233.984,X_LEG_2,9.84,46.84,4.95,1,1687,1656,SE
1173234.004,X_LEG_2,9.84,46.84,4.95,1,1687,1656,SE
1173234.024,X_LEG_2,9.84,46.84,4.95,1,1687,1656,SE
1173234.045,X_LEG_2,9.84,46.84,4.95,1,1687,1656,SE
1173234.065,X_LEG_2,9.84,46.84,4.95,1,1687,1656,SE
1173234.086,X_LEG_2,9.84,46.84,4.95,1,1687,1656,SE
1173234.108,X_LEG_2,9.83,46.78,5.00,1,1687,1656,SE
1173234.128,X_LEG_2,9.83,46.78,5.00,1,1687,1656,SE
1173234.148,X_LEG_2,9.83,46.78,5.00,1,1687,1656,SE
1173234.169,X_LEG_2,9.83,46.78,5.00,1,1687,1656,SE
1173234.189,X_LEG_2,9.83,46.78,5.00,1,1687,1656,SE
1173234.210,X_LEG_2,9.83,46.74,5.03,1,1687,1656,SE
1173234.230,X_LEG_2,9.83,46.74,5.03,1,1687,1656,SE
1173234.250,X_LEG_2,9.83,46.74,5.03,1,1687,1656,SE
1173234.270,X_LEG_2,9.83,46.74,5.03,1,1687,1656,SE
1173234.291,X_LEG_2,9.83,46.74,5.03,1,1687,1656,SE
1173234.312,X_LEG_2,9.82,46.70,5.07,1,1687,1656,SE
1173234.332,X_LEG_2,9.82,46.70,5.07,1,1687,1656,SE
1173234.352,X_LEG_2,9.82,46.70,5.07,1,1687,1656,SE
1173234.373,X_LEG_2,9.82,46.70,5.07,1,1687,1656,SE
1173234.393,X_LEG_2,9.82,46.70,5.07,1,1687,1656,SE
1173234.414,X_LEG_2,9.82,46.64,5.12,1,1687,1656,SE
1173234.434,X_LEG_2,9.82,46.64,5.12,1,1687,1656,SE
1173234.455,X_LEG_2,9.82,46.64,5.12,1,1687,1656,SE
1173234.475,X_LEG_2,9.82,46.64,5.12,1,1687,1656,SE
1173234.496,X_LEG_2,9.82,46.64,5.12,1,1687,1656,SE
1173234.516,X_LEG_2,9.81,46.60,5.15,1,1686,1656,SE
1173234.536,X_LEG_2,9.81,46.60,5.15,1,1686,1656,SE
1173234.556,X_LEG_2,9.81,46.60,5.15,1,1686,1656,SE
1173234.577,X_LEG_2,9.81,46.60,5.15,1,1686,1656,SE
1173234.597,X_LEG_2,9.81,46.60,5.15,1,1686,1656,SE
1173234.617,X_LEG_2,9.81,46.60,4.15,1,1686,1656,SE
1173234.638,X_LEG_2,9.81,46.60,4.15,1,1686,1656,SE
1173234.658,X_LEG_2,9.81,46.60,4.15,1,1686,1656,SE
1173234.678,X_LEG_2,9.81,46.60,4.15,1,1686,1656,SE
1173234.699,X_LEG_2,9.81,46.60,4.15,1,1686,1656,SE
1173234.719,X_LEG_2,9.80,46.53,4.21,1,1686,1656,SE
1173234.739,X_LEG_2,9.80,46.53,4.21,1,1686,1656,SE
1173234.760,X_LEG_2,9.80,46.53,4.21,1,1686,1656,SE
1173234.780,X_LEG_2,9.80,46.53,4.21,1,1686,1656,SE
1173234.801,X_LEG_2,9.80,46.53,4.21,1,1686,1656,SE
1173234.821,X_LEG_2,9.80,46.48,4.24,1,1686,1656,SE
1173234.842,X_LEG_2,9.80,46.48,4.24,1,1686,1656,SE
1173234.862,X_LEG_2,9.80,46.48,4.24,1,1686,1656,SE
1173234.882,X_LEG_2,9.80,46.48,4.24,1,1686,1656,SE
1173234.903,X_LEG_2,9.80,46.48,4.24,1,1686,1656,SE
1173234.923,X_LEG_2,9.79,46.42,4.29,1,1686,1656,SE
1173234.944,X_LEG_2,9.79,46.42,4.29,1,1686,1656,SE
1173234.964,X_LEG_2,9.79,46.42,4.29,1,1686,1656,SE
1173234.985,X_LEG_2,9.79,46.42,4.29,1,1686,1656,SE
1173235.005,X_LEG_2,9.79,46.42,4.29,1,1686,1656,SE
1173235.026,X_LEG_2,9.79,46.42,4.29,1,1686,1656,SE
1173235.046,X_LEG_2,9.79,46.42,4.29,1,1686,1656,SE
1173235.067,X_LEG_2,9.79,46.42,4.29,1,1686,1656,SE
1173235.088,X_LEG_2,9.79,46.42,4.29,1,1686,1656,SE
1173235.108,X_LEG_2,9.79,46.42,4.29,1,1686,1656,SE
1173235.128,X_LEG_2,9.78,46.34,4.34,1,1685,1656,SE
1173235.149,X_LEG_2,9.78,46.34,4.34,1,1685,1656,SE
1173235.169,X_LEG_2,9.78,46.34,4.34,1,1685,1656,SE
1173235.189,X_LEG_2,9.78,46.34,4.34,1,1685,1656,SE
1173235.210,X_LEG_2,9.78,46.34,4.34,1,1685,1656,SE
1173235.230,X_LEG_2,9.77,46.29,4.37,1,1685,1656,SE
1173235.251,X_LEG_2,9.77,46.29,4.37,1,1685,1656,SE
1173235.271,X_LEG_2,9.77,46.29,4.37,1,1685,1656,SE
1173235.291,X_LEG_2,9.77,46.29,4.37,1,1685,1656,SE
1173235.312,X_LEG_2,9.77,46.29,4.37,1,1685,1656,SE
1173235.332,X_LEG_2,9.77,46.24,4.42,1,1685,1656,SE
1173235.353,X_LEG_2,9.77,46.24,4.42,1,1685,1656,SE
1173235.373,X_LEG_2,9.77,46.24,4.42,1,1685,1656,SE
1173235.394,X_LEG_2,9.77,46.24,4.42,1,1685,1656,SE
1173235.414,X_LEG_2,9.77,46.24,4.42,1,1685,1656,SE
1173235.435,X_LEG_2,9.77,46.24,4.42,1,1685,1656,SE
1173235.455,X_LEG_2,9.77,46.24,4.42,1,1685,1656,SE
1173235.476,X_LEG_2,9.77,46.24,4.42,1,1685,1656,SE
1173235.496,X_LEG_2,9.77,46.24,4.42,1,1685,1656,SE
1173235.517,X_LEG_2,9.77,46.24,4.42,1,1685,1656,SE
1173235.537,X_LEG_2,9.76,46.16,3.46,1,1685,1656,SE
1173235.557,X_LEG_2,9.76,46.16,3.46,1,1685,1656,SE
1173235.578,X_LEG_2,9.76,46.16,3.46,1,1685,1656,SE
1173235.598,X_LEG_2,9.76,46.16,3.46,1,1685,1656,SE
1173235.618,X_LEG_2,9.76,46.16,3.46,1,1685,1656,SE
1173235.639,X_LEG_2,9.75,46.08,3.51,1,1684,1656,SE
1173235.659,X_LEG_2,9.75,46.08,3.51,1,1684,1656,SE
1173235.680,X_LEG_2,9.75,46.08,3.51,1,1684,1656,SE
1173235.700,X_LEG_2,9.75,46.08,3.51,1,1684,1656,SE
1173235.720,X_LEG_2,9.75,46.08,3.51,1,1684,1656,SE
1173235.741,X_LEG_2,9.74,46.02,3.54,1,1684,1656,SE
1173235.761,X_LEG_2,9.74,46.02,3.54,1,1684,1656,SE
1173235.782,X_LEG_2,9.74,46.02,3.54,1,1684,1656,SE
1173235.802,X_LEG_2,9.74,46.02,3.54,1,1684,1656,SE
1173235.823,X_LEG_2,9.74,46.02,3.54,1,1684,1656,SE
1173235.844,X_LEG_2,9.74,46.02,3.54,1,1684,1656,SE
1173235.864,X_LEG_2,9.74,46.02,3.54,1,1684,1656,SE
1173235.885,X_LEG_2,9.74,46.02,3.54,1,1684,1656,SE
1173235.905,X_LEG_2,9.74,46.02,3.54,1,1684,1656,SE
1173235.926,X_LEG_2,9.74,46.02,3.54,1,1684,1656,SE
1173235.947,X_LEG_2,9.73,45.93,3.60,1,1684,1656,SE
1173235.967,X_LEG_2,9.73,45.93,3.60,1,1684,1656,SE
1173235.987,X_LEG_2,9.73,45.93,3.60,1,1684,1656,SE
1173236.008,X_LEG_2,9.73,45.93,3.60,1,1684,1656,SE
1173236.028,X_LEG_2,9.73,45.93,3.60,1,1684,1656,SE
1173236.048,X_LEG_2,9.72,45.85,3.65,1,1683,1656,SE
1173236.069,X_LEG_2,9.72,45.85,3.65,1,1683,1656,SE
1173236.089,X_LEG_2,9.72,45.85,3.65,1,1683,1656,SE
1173236.110,X_LEG_2,9.72,45.85,3.65,1,1683,1656,SE
1173236.131,X_LEG_2,9.72,45.85,3.65,1,1683,1656,SE
1173236.151,X_LEG_2,9.71,45.79,3.68,1,1683,1656,SE
1173236.172,X_LEG_2,9.71,45.79,3.68,1,1683,1656,SE
1173236.192,X_LEG_2,9.71,45.79,3.68,1,1683,1656,SE
1173236.212,X_LEG_2,9.71,45.79,3.68,1,1683,1656,SE
1173236.233,X_LEG_2,9.71,45.79,3.68,1,1683,1656,SE
1173236.253,X_LEG_2,9.70,45.72,3.72,1,1683,1656,SE
1173236.273,X_LEG_2,9.70,45.72,3.72,1,1683,1656,SE
1173236.294,X_LEG_2,9.70,45.72,3.72,1,1683,1656,SE
1173236.315,X_LEG_2,9.70,45.72,3.72,1,1683,1656,SE
1173236.335,X_LEG_2,9.70,45.72,3.72,1,1683,1656,SE
1173236.356,X_LEG_2,9.70,45.72,3.72,1,1683,1656,SE
1173236.376,X_LEG_2,9.70,45.72,3.72,1,1683,1656,SE
1173236.396,X_LEG_2,9.70,45.72,3.72,1,1683,1656,SE
1173236.417,X_LEG_2,9.70,45.72,3.72,1,1683,1656,SE
1173236.438,X_LEG_2,9.70,45.72,3.72,1,1683,1656,SE
1173236.458,X_LEG_2,9.69,45.63,3.77,1,1683,1656,SE
1173236.479,X_LEG_2,9.69,45.63,3.77,1,1683,1656,SE
1173236.499,X_LEG_2,9.69,45.63,3.77,1,1683,1656,SE
1173236.519,X_LEG_2,9.69,45.63,3.77,1,1683,1656,SE
1173236.540,X_LEG_2,9.69,45.63,3.77,1,1683,1656,SE
1173236.560,X_LEG_2,9.68,45.56,3.80,1,1682,1656,SE
1173236.581,X_LEG_2,9.68,45.56,3.80,1,1682,1656,SE
1173236.601,X_LEG_2,9.68,45.56,3.80,1,1682,1656,SE
1173236.622,X_LEG_2,9.68,45.56,3.80,1,1682,1656,SE
1173236.643,X_LEG_2,9.68,45.56,3.80,1,1682,1656,SE
1173236.663,X_LEG_2,9.68,45.56,3.80,1,1682,1656,SE
1173236.683,X_LEG_2,9.68,45.56,3.80,1,1682,1656,SE
1173236.704,X_LEG_2,9.68,45.56,3.80,1,1682,1656,SE
1173236.725,X_LEG_2,9.68,45.56,3.80,1,1682,1656,SE
1173236.745,X_LEG_2,9.68,45.56,3.80,1,1682,1656,SE
1173236.767,X_LEG_2,9.67,45.47,3.85,1,1682,1656,SE
1173236.787,X_LEG_2,9.67,45.47,3.85,1,1682,1656,SE
1173236.807,X_LEG_2,9.67,45.47,3.85,1,1682,1656,SE
1173236.829,X_LEG_2,9.67,45.47,3.85,1,1682,1656,SE
1173236.849,X_LEG_2,9.67,45.47,3.85,1,1682,1656,SE
1173236.870,X_LEG_2,9.65,45.37,3.91,1,1681,1657,SE
1173236.891,X_LEG_2,9.65,45.37,3.91,1,1681,1657,SE
1173236.911,X_LEG_2,9.65,45.37,3.91,1,1681,1657,SE
1173236.931,X_LEG_2,9.65,45.37,3.91,1,1681,1657,SE
1173236.952,X_LEG_2,9.65,45.37,3.91,1,1681,1657,SE
1173236.972,X_LEG_2,9.65,45.30,3.93,1,1681,1657,SE
1173236.993,X_LEG_2,9.65,45.30,3.93,1,1681,1657,SE
1173237.013,X_LEG_2,9.65,45.30,3.93,1,1681,1657,SE
1173237.034,X_LEG_2,9.65,45.30,3.93,1,1681,1657,SE
1173237.054,X_LEG_2,9.65,45.30,3.93,1,1681,1657,SE
1173237.074,X_LEG_2,9.64,45.22,3.97,1,1681,1657,SE
1173237.095,X_LEG_2,9.64,45.22,3.97,1,1681,1657,SE
1173237.115,X_LEG_2,9.64,45.22,3.97,1,1681,1657,SE
1173237.135,X_LEG_2,9.64,45.22,3.97,1,1681,1657,SE
1173237.156,X_LEG_2,9.64,45.22,3.97,1,1681,1657,SE
1173237.176,X_LEG_2,9.64,45.22,2.97,1,1681,1657,SE
1173237.197,X_LEG_2,9.64,45.22,2.97,1,1681,1657,SE
1173237.219,X_LEG_2,9.64,45.22,2.97,1,1681,1657,SE
1173237.239,X_LEG_2,9.64,45.22,2.97,1,1681,1657,SE
1173237.260,X_LEG_2,9.64,45.22,2.97,1,1681,1657,SE
1173237.281,X_LEG_2,9.62,45.12,3.02,1,1680,1657,SE
1173237.301,X_LEG_2,9.62,45.12,3.02,1,1680,1657,SE
1173237.321,X_LEG_2,9.62,45.12,3.02,1,1680,1657,SE
1173237.342,X_LEG_2,9.62,45.12,3.02,1,1680,1657,SE
1173237.362,X_LEG_2,9.62,45.12,3.02,1,1680,1657,SE
1173237.383,X_LEG_2,9.61,45.05,3.06,1,1680,1657,SE
1173237.404,X_LEG_2,9.61,45.05,3.06,1,1680,1657,SE
1173237.424,X_LEG_2,9.61,45.05,3.06,1,1680,1657,SE
1173237.444,X_LEG_2,9.61,45.05,3.06,1,1680,1657,SE
1173237.465,X_LEG_2,9.61,45.05,3.06,1,1680,1657,SE
1173237.486,X_LEG_2,9.61,44.98,3.09,1,1680,1657,SE
1173237.506,X_LEG_2,9.61,44.98,3.09,1,1680,1657,SE
1173237.528,X_LEG_2,9.61,44.98,3.09,1,1680,1657,SE
1173237.548,X_LEG_2,9.61,44.98,3.09,1,1680,1657,SE
1173237.568,X_LEG_2,9.61,44.98,3.09,1,1680,1657,SE
1173237.589,X_LEG_2,9.59,44.90,3.12,1,1680,1657,SE
1173237.610,X_LEG_2,9.59,44.90,3.12,1,1680,1657,SE
1173237.630,X_LEG_2,9.59,44.90,3.12,1,1680,1657,SE
1173237.650,X_LEG_2,9.59,44.90,3.12,1,1680,1657,SE
1173237.671,X_LEG_2,9.59,44.90,3.12,1,1680,1657,SE
1173237.692,X_LEG_2,9.59,44.83,3.16,1,1679,1657,SE
1173237.712,X_LEG_2,9.59,44.83,3.16,1,1679,1657,SE
1173237.733,X_LEG_2,9.59,44.83,3.16,1,1679,1657,SE
1173237.754,X_LEG_2,9.59,44.83,3.16,1,1679,1657,SE
1173237.774,X_LEG_2,9.59,44.83,3.16,1,1679,1657,SE
1173237.796,X_LEG_2,9.59,44.83,3.16,1,1679,1657,SE
1173237.816,X_LEG_2,9.59,44.83,3.16,1,1679,1657,SE
1173237.837,X_LEG_2,9.59,44.83,3.16,1,1679,1657,SE
1173237.858,X_LEG_2,9.59,44.83,3.16,1,1679,1657,SE
1173237.878,X_LEG_2,9.59,44.83,3.16,1,1679,1657,SE
1173237.899,X_LEG_2,9.57,44.72,3.20,1,1679,1657,SE
1173237.920,X_LEG_2,9.57,44.72,3.20,1,1679,1657,SE
1173237.940,X_LEG_2,9.57,44.72,3.20,1,1679,1657,SE
1173237.961,X_LEG_2,9.57,44.72,3.20,1,1679,1657,SE
1173237.982,X_LEG_2,9.57,44.72,3.20,1,1679,1657,SE
1173238.003,X_LEG_2,9.56,44.63,3.24,1,1679,1657,SE
1173238.023,X_LEG_2,9.56,44.63,3.24,1,1679,1657,SE
1173238.044,X_LEG_2,9.56,44.63,3.24,1,1679,1657,SE
1173238.064,X_LEG_2,9.56,44.63,3.24,1,1679,1657,SE
1173238.085,X_LEG_2,9.56,44.63,3.24,1,1679,1657,SE
1173238.105,X_LEG_2,9.55,44.56,3.28,1,1678,1657,SE
1173238.126,X_LEG_2,9.55,44.56,3.28,1,1678,1657,SE
1173238.146,X_LEG_2,9.55,44.56,3.28,1,1678,1657,SE
1173238.166,X_LEG_2,9.55,44.56,3.28,1,1678,1657,SE
1173238.187,X_LEG_2,9.55,44.56,3.28,1,1678,1657,SE
1173238.207,X_LEG_2,9.54,44.49,3.30,1,1678,1657,SE
1173238.228,X_LEG_2,9.54,44.49,3.30,1,1678,1657,SE
1173238.248,X_LEG_2,9.54,44.49,3.30,1,1678,1657,SE
1173238.268,X_LEG_2,9.54,44.49,3.30,1,1678,1657,SE
1173238.289,X_LEG_2,9.54,44.49,3.30,1,1678,1657,SE
1173238.309,X_LEG_2,9.53,44.41,3.34,1,1678,1657,SE
1173238.329,X_LEG_2,9.53,44.41,3.34,1,1678,1657,SE
1173238.349,X_LEG_2,9.53,44.41,3.34,1,1678,1657,SE
1173238.370,X_LEG_2,9.53,44.41,3.34,1,1678,1657,SE
1173238.391,X_LEG_2,9.53,44.41,3.34,1,1678,1657,SE
1173238.411,X_LEG_2,9.52,44.32,2.38,1,1677,1657,SE
1173238.432,X_LEG_2,9.52,44.32,2.38,1,1677,1657,SE
1173238.452,X_LEG_2,9.52,44.32,2.38,1,1677,1657,SE
1173238.472,X_LEG_2,9.52,44.32,2.38,1,1677,1657,SE
1173238.493,X_LEG_2,9.52,44.32,2.38,1,1677,1657,SE
1173238.513,X_LEG_2,9.51,44.24,2.41,1,1677,1657,SE
1173238.534,X_LEG_2,9.51,44.24,2.41,1,1677,1657,SE
1173238.554,X_LEG_2,9.51,44.24,2.41,1,1677,1657,SE
1173238.575,X_LEG_2,9.51,44.24,2.41,1,1677,1657,SE
1173238.595,X_LEG_2,9.51,44.24,2.41,1,1677,1657,SE
1173238.616,X_LEG_2,9.50,44.17,2.44,1,1677,1657,SE
1173238.636,X_LEG_2,9.50,44.17,2.44,1,1677,1657,SE
1173238.656,X_LEG_2,9.50,44.17,2.44,1,1677,1657,SE
1173238.677,X_LEG_2,9.50,44.17,2.44,1,1677,1657,SE
1173238.697,X_LEG_2,9.50,44.17,2.44,1,1677,1657,SE
1173238.718,X_LEG_2,9.49,44.08,2.48,1,1676,1657,SE
1173238.739,X_LEG_2,9.49,44.08,2.48,1,1676,1657,SE
1173238.759,X_LEG_2,9.49,44.08,2.48,1,1676,1657,SE
1173238.780,X_LEG_2,9.49,44.08,2.48,1,1676,1657,SE
1173238.800,X_LEG_2,9.49,44.08,2.48,1,1676,1657,SE
1173238.821,X_LEG_2,9.48,44.00,2.51,1,1676,1657,SE
1173238.842,X_LEG_2,9.48,44.00,2.51,1,1676,1657,SE
1173238.862,X_LEG_2,9.48,44.00,2.51,1,1676,1657,SE
1173238.883,X_LEG_2,9.48,44.00,2.51,1,1676,1657,SE
1173238.903,X_LEG_2,9.48,44.00,2.51,1,1676,1657,SE
1173238.924,X_LEG_2,9.47,43.92,2.54,1,1676,1657,SE
1173238.944,X_LEG_2,9.47,43.92,2.54,1,1676,1657,SE
1173238.965,X_LEG_2,9.47,43.92,2.54,1,1676,1657,SE
1173238.985,X_LEG_2,9.47,43.92,2.54,1,1676,1657,SE
1173239.006,X_LEG_2,9.47,43.92,2.54,1,1676,1657,SE
1173239.026,X_LEG_2,9.46,43.83,2.58,1,1675,1657,SE
1173239.047,X_LEG_2,9.46,43.83,2.58,1,1675,1657,SE
1173239.068,X_LEG_2,9.46,43.83,2.58,1,1675,1657,SE
1173239.088,X_LEG_2,9.46,43.83,2.58,1,1675,1657,SE
1173239.109,X_LEG_2,9.46,43.83,2.58,1,1675,1657,SE
1173239.129,X_LEG_2,9.45,43.74,2.61,1,1675,1657,SE
1173239.150,X_LEG_2,9.45,43.74,2.61,1,1675,1657,SE
1173239.170,X_LEG_2,9.45,43.74,2.61,1,1675,1657,SE
1173239.191,X_LEG_2,9.45,43.74,2.61,1,1675,1657,SE
1173239.211,X_LEG_2,9.45,43.74,2.61,1,1675,1657,SE
1173239.232,X_LEG_2,9.43,43.66,2.64,1,1675,1657,SE
1173239.252,X_LEG_2,9.43,43.66,2.64,1,1675,1657,SE
1173239.273,X_LEG_2,9.43,43.66,2.64,1,1675,1657,SE
1173239.293,X_LEG_2,9.43,43.66,2.64,1,1675,1657,SE
1173239.313,X_LEG_2,9.43,43.66,2.64,1,1675,1657,SE
1173239.334,X_LEG_2,9.42,43.57,2.68,1,1674,1657,SE
1173239.354,X_LEG_2,9.42,43.57,2.68,1,1674,1657,SE
1173239.375,X_LEG_2,9.42,43.57,2.68,1,1674,1657,SE
1173239.395,X_LEG_2,9.42,43.57,2.68,1,1674,1657,SE
1173239.416,X_LEG_2,9.42,43.57,2.68,1,1674,1657,SE
1173239.436,X_LEG_2,9.41,43.49,2.71,1,1674,1657,SE
1173239.456,X_LEG_2,9.41,43.49,2.71,1,1674,1657,SE
1173239.476,X_LEG_2,9.41,43.49,2.71,1,1674,1657,SE
1173239.497,X_LEG_2,9.41,43.49,2.71,1,1674,1657,SE
1173239.518,X_LEG_2,9.41,43.49,2.71,1,1674,1657,SE
1173239.539,X_LEG_2,9.41,43.49,2.71,1,1674,1657,SE
1173239.559,X_LEG_2,9.41,43.49,2.71,1,1674,1657,SE
1173239.580,X_LEG_2,9.41,43.49,2.71,1,1674,1657,SE
1173239.600,X_LEG_2,9.41,43.49,2.71,1,1674,1657,SE
1173239.621,X_LEG_2,9.41,43.49,2.71,1,1674,1657,SE
1173239.641,X_LEG_2,9.40,43.35,2.76,1,1673,1657,SE
1173239.661,X_LEG_2,9.40,43.35,2.76,1,1673,1657,SE
1173239.682,X_LEG_2,9.40,43.35,2.76,1,1673,1657,SE
1173239.702,X_LEG_2,9.40,43.35,2.76,1,1673,1657,SE
1173239.723,X_LEG_2,9.40,43.35,2.76,1,1673,1657,SE
1173239.743,X_LEG_2,9.39,43.27,2.80,1,1673,1657,SE
1173239.763,X_LEG_2,9.39,43.27,2.80,1,1673,1657,SE
1173239.784,X_LEG_2,9.39,43.27,2.80,1,1673,1657,SE
1173239.804,X_LEG_2,9.39,43.27,2.80,1,1673,1657,SE
1173239.824,X_LEG_2,9.39,43.27,2.80,1,1673,1657,SE
1173239.844,X_LEG_2,9.39,43.27,2.80,1,1673,1657,SE
1173239.865,X_LEG_2,9.39,43.27,2.80,1,1673,1657,SE
1173239.886,X_LEG_2,9.39,43.27,2.80,1,1673,1657,SE
1173239.906,X_LEG_2,9.39,43.27,2.80,1,1673,1657,SE
1173239.926,X_LEG_2,9.39,43.27,2.80,1,1673,1657,SE
1173239.947,X_LEG_2,9.37,43.14,2.85,1,1673,1657,SE
1173239.967,X_LEG_2,9.37,43.14,2.85,1,1673,1657,SE
1173239.987,X_LEG_2,9.37,43.14,2.85,1,1673,1657,SE
1173240.008,X_LEG_2,9.37,43.14,2.85,1,1673,1657,SE
1173240.028,X_LEG_2,9.37,43.14,2.85,1,1673,1657,SE
1173240.050,X_LEG_2,9.36,43.04,2.88,1,1672,1657,SE
1173240.070,X_LEG_2,9.36,43.04,2.88,1,1672,1657,SE
1173240.091,X_LEG_2,9.36,43.04,2.88,1,1672,1657,SE
1173240.112,X_LEG_2,9.36,43.04,2.88,1,1672,1657,SE
1173240.132,X_LEG_2,9.36,43.04,2.88,1,1672,1657,SE
1173240.153,X_LEG_2,9.34,42.90,2.92,1,1672,1657,SE
1173240.174,X_LEG_2,9.34,42.90,2.92,1,1672,1657,SE
1173240.194,X_LEG_2,9.34,42.90,2.92,1,1672,1657,SE
1173240.215,X_LEG_2,9.34,42.90,2.92,1,1672,1657,SE
1173240.237,X_LEG_2,9.34,42.90,2.92,1,1672,1657,SE
1173240.257,X_LEG_2,9.33,42.82,2.96,1,1671,1658,SE
1173240.278,X_LEG_2,9.33,42.82,2.96,1,1671,1658,SE
1173240.298,X_LEG_2,9.33,42.82,2.96,1,1671,1658,SE
1173240.319,X_LEG_2,9.33,42.82,2.96,1,1671,1658,SE
1173240.339,X_LEG_2,9.33,42.82,2.96,1,1671,1658,SE
1173240.360,X_LEG_2,9.31,42.72,3.00,1,1671,1658,SE
1173240.380,X_LEG_2,9.31,42.72,3.00,1,1671,1658,SE
1173240.401,X_LEG_2,9.31,42.72,3.00,1,1671,1658,SE
1173240.422,X_LEG_2,9.31,42.72,3.00,1,1671,1658,SE
1173240.442,X_LEG_2,9.31,42.72,3.00,1,1671,1658,SE
1173240.463,X_LEG_2,9.31,42.72,3.00,1,1671,1658,SE
1173240.483,X_LEG_2,9.31,42.72,3.00,1,1671,1658,SE
1173240.504,X_LEG_2,9.31,42.72,3.00,1,1671,1658,SE
1173240.524,X_LEG_2,9.31,42.72,3.00,1,1671,1658,SE
1173240.545,X_LEG_2,9.31,42.72,3.00,1,1671,1658,SE
1173240.565,X_LEG_2,9.30,42.58,2.05,1,1670,1658,SE
1173240.586,X_LEG_2,9.30,42.58,2.05,1,1670,1658,SE
1173240.606,X_LEG_2,9.30,42.58,2.05,1,1670,1658,SE
1173240.626,X_LEG_2,9.30,42.58,2.05,1,1670,1658,SE
1173240.647,X_LEG_2,9.30,42.58,2.05,1,1670,1658,SE
1173240.667,X_LEG_2,9.29,42.49,2.07,1,1670,1658,SE
1173240.688,X_LEG_2,9.29,42.49,2.07,1,1670,1658,SE
1173240.708,X_LEG_2,9.29,42.49,2.07,1,1670,1658,SE
1173240.729,X_LEG_2,9.29,42.49,2.07,1,1670,1658,SE
1173240.749,X_LEG_2,9.29,42.49,2.07,1,1670,1658,SE
1173240.770,X_LEG_2,9.27,42.40,2.11,1,1670,1658,SE
1173240.790,X_LEG_2,9.27,42.40,2.11,1,1670,1658,SE
1173240.811,X_LEG_2,9.27,42.40,2.11,1,1670,1658,SE
1173240.832,X_LEG_2,9.27,42.40,2.11,1,1670,1658,SE
1173240.852,X_LEG_2,9.27,42.40,2.11,1,1670,1658,SE
1173240.873,X_LEG_2,9.26,42.30,2.15,1,1669,1658,SE
1173240.894,X_LEG_2,9.26,42.30,2.15,1,1669,1658,SE
1173240.914,X_LEG_2,9.26,42.30,2.15,1,1669,1658,SE
1173240.934,X_LEG_2,9.26,42.30,2.15,1,1669,1658,SE
1173240.955,X_LEG_2,9.26,42.30,2.15,1,1669,1658,SE
1173240.975,X_LEG_2,9.25,42.20,2.17,1,1669,1658,SE
1173240.995,X_LEG_2,9.25,42.20,2.17,1,1669,1658,SE
1173241.016,X_LEG_2,9.25,42.20,2.17,1,1669,1658,SE
1173241.036,X_LEG_2,9.25,42.20,2.17,1,1669,1658,SE
1173241.057,X_LEG_2,9.25,42.20,2.17,1,1669,1658,SE
1173241.077,X_LEG_2,9.25,42.20,2.17,1,1669,1658,SE
1173241.098,X_LEG_2,9.25,42.20,2.17,1,1669,1658,SE
1173241.118,X_LEG_2,9.25,42.20,2.17,1,1669,1658,SE
1173241.138,X_LEG_2,9.25,42.20,2.17,1,1669,1658,SE
1173241.159,X_LEG_2,9.25,42.20,2.17,1,1669,1658,SE
1173241.179,X_LEG_2,9.24,42.10,2.21,1,1668,1658,SE
1173241.200,X_LEG_2,9.24,42.10,2.21,1,1668,1658,SE
1173241.220,X_LEG_2,9.24,42.10,2.21,1,1668,1658,SE
1173241.241,X_LEG_2,9.24,42.10,2.21,1,1668,1658,SE
1173241.262,X_LEG_2,9.24,42.10,2.21,1,1668,1658,SE
1173241.282,X_LEG_2,9.23,42.01,2.25,1,1668,1658,SE
1173241.303,X_LEG_2,9.23,42.01,2.25,1,1668,1658,SE
1173241.323,X_LEG_2,9.23,42.01,2.25,1,1668,1658,SE
1173241.344,X_LEG_2,9.23,42.01,2.25,1,1668,1658,SE
1173241.364,X_LEG_2,9.23,42.01,2.25,1,1668,1658,SE
1173241.385,X_LEG_2,9.21,41.87,2.30,1,1667,1658,SE
1173241.405,X_LEG_2,9.21,41.87,2.30,1,1667,1658,SE
1173241.426,X_LEG_2,9.21,41.87,2.30,1,1667,1658,SE
1173241.447,X_LEG_2,9.21,41.87,2.30,1,1667,1658,SE
1173241.467,X_LEG_2,9.21,41.87,2.30,1,1667,1658,SE
1173241.488,X_LEG_2,9.20,41.76,2.32,1,1667,1658,SE
1173241.509,X_LEG_2,9.20,41.76,2.32,1,1667,1658,SE
1173241.529,X_LEG_2,9.20,41.76,2.32,1,1667,1658,SE
1173241.550,X_LEG_2,9.20,41.76,2.32,1,1667,1658,SE
1173241.571,X_LEG_2,9.20,41.76,2.32,1,1667,1658,SE
1173241.591,X_LEG_2,9.19,41.67,2.36,1,1667,1658,SE
1173241.612,X_LEG_2,9.19,41.67,2.36,1,1667,1658,SE
1173241.632,X_LEG_2,9.19,41.67,2.36,1,1667,1658,SE
1173241.653,X_LEG_2,9.19,41.67,2.36,1,1667,1658,SE
1173241.673,X_LEG_2,9.19,41.67,2.36,1,1667,1658,SE
1173241.694,X_LEG_2,9.17,41.56,2.40,1,1666,1658,SE
1173241.714,X_LEG_2,9.17,41.56,2.40,1,1666,1658,SE
1173241.734,X_LEG_2,9.17,41.56,2.40,1,1666,1658,SE
1173241.754,X_LEG_2,9.17,41.56,2.40,1,1666,1658,SE
1173241.775,X_LEG_2,9.17,41.56,2.40,1,1666,1658,SE
1173241.796,X_LEG_2,9.17,41.56,2.40,1,1666,1658,SE
1173241.816,X_LEG_2,9.17,41.56,2.40,1,1666,1658,SE
1173241.837,X_LEG_2,9.17,41.56,2.40,1,1666,1658,SE
1173241.857,X_LEG_2,9.17,41.56,2.40,1,1666,1658,SE
1173241.878,X_LEG_2,9.17,41.56,2.40,1,1666,1658,SE
1173241.899,X_LEG_2,9.16,41.47,2.43,1,1666,1658,SE
1173241.919,X_LEG_2,9.16,41.47,2.43,1,1666,1658,SE
1173241.941,X_LEG_2,9.16,41.47,2.43,1,1666,1658,SE
1173241.961,X_LEG_2,9.16,41.47,2.43,1,1666,1658,SE
1173241.982,X_LEG_2,9.16,41.47,2.43,1,1666,1658,SE
1173242.003,X_LEG_2,9.15,41.37,2.46,1,1665,1658,SE
1173242.023,X_LEG_2,9.15,41.37,2.46,1,1665,1658,SE
1173242.044,X_LEG_2,9.15,41.37,2.46,1,1665,1658,SE
1173242.064,X_LEG_2,9.15,41.37,2.46,1,1665,1658,SE
1173242.084,X_LEG_2,9.15,41.37,2.46,1,1665,1658,SE
1173242.105,X_LEG_2,9.14,41.27,2.49,1,1665,1658,SE
1173242.125,X_LEG_2,9.14,41.27,2.49,1,1665,1658,SE
1173242.146,X_LEG_2,9.14,41.27,2.49,1,1665,1658,SE
1173242.166,X_LEG_2,9.14,41.27,2.49,1,1665,1658,SE
1173242.187,X_LEG_2,9.14,41.27,2.49,1,1665,1658,SE
1173242.208,X_LEG_2,9.13,41.17,2.53,1,1665,1658,SE
1173242.228,X_LEG_2,9.13,41.17,2.53,1,1665,1658,SE
1173242.249,X_LEG_2,9.13,41.17,2.53,1,1665,1658,SE
1173242.269,X_LEG_2,9.13,41.17,2.53,1,1665,1658,SE
1173242.290,X_LEG_2,9.13,41.17,2.53,1,1665,1658,SE
1173242.310,X_LEG_2,9.11,41.07,2.57,1,1664,1658,SE
1173242.331,X_LEG_2,9.11,41.07,2.57,1,1664,1658,SE
1173242.352,X_LEG_2,9.11,41.07,2.57,1,1664,1658,SE
1173242.372,X_LEG_2,9.11,41.07,2.57,1,1664,1658,SE
1173242.393,X_LEG_2,9.11,41.07,2.57,1,1664,1658,SE
1173242.413,X_LEG_2,9.10,40.91,1.61,1,1664,1658,SE
1173242.434,X_LEG_2,9.10,40.91,1.61,1,1664,1658,SE
1173242.454,X_LEG_2,9.10,40.91,1.61,1,1664,1658,SE
1173242.475,X_LEG_2,9.10,40.91,1.61,1,1664,1658,SE
1173242.495,X_LEG_2,9.10,40.91,1.61,1,1664,1658,SE
1173242.515,X_LEG_2,9.09,40.82,1.64,1,1663,1658,SE
1173242.536,X_LEG_2,9.09,40.82,1.64,1,1663,1658,SE
1173242.556,X_LEG_2,9.09,40.82,1.64,1,1663,1658,SE
1173242.577,X_LEG_2,9.09,40.82,1.64,1,1663,1658,SE
1173242.597,X_LEG_2,9.09,40.82,1.64,1,1663,1658,SE
1173242.617,X_LEG_2,9.07,40.71,1.68,1,1663,1658,SE
1173242.638,X_LEG_2,9.07,40.71,1.68,1,1663,1658,SE
1173242.659,X_LEG_2,9.07,40.71,1.68,1,1663,1658,SE
1173242.679,X_LEG_2,9.07,40.71,1.68,1,1663,1658,SE
1173242.699,X_LEG_2,9.07,40.71,1.68,1,1663,1658,SE
1173242.720,X_LEG_2,9.07,40.71,1.68,1,1663,1658,SE
1173242.740,X_LEG_2,9.07,40.71,1.68,1,1663,1658,SE
1173242.761,X_LEG_2,9.07,40.71,1.68,1,1663,1658,SE
1173242.781,X_LEG_2,9.07,40.71,1.68,1,1663,1658,SE
1173242.802,X_LEG_2,9.07,40.71,1.68,1,1663,1658,SE
1173242.822,X_LEG_2,9.05,40.56,1.73,1,1662,1658,SE
1173242.843,X_LEG_2,9.05,40.56,1.73,1,1662,1658,SE
1173242.863,X_LEG_2,9.05,40.56,1.73,1,1662,1658,SE
1173242.884,X_LEG_2,9.05,40.56,1.73,1,1662,1658,SE
1173242.904,X_LEG_2,9.05,40.56,1.73,1,1662,1658,SE
1173242.925,X_LEG_2,9.04,40.40,1.77,1,1662,1658,SE
1173242.945,X_LEG_2,9.04,40.40,1.77,1,1662,1658,SE
1173242.966,X_LEG_2,9.04,40.40,1.77,1,1662,1658,SE
1173242.987,X_LEG_2,9.04,40.40,1.77,1,1662,1658,SE
1173243.007,X_LEG_2,9.04,40.40,1.77,1,1662,1658,SE
1173243.027,X_LEG_2,9.03,40.30,1.81,1,1661,1658,SE
1173243.048,X_LEG_2,9.03,40.30,1.81,1,1661,1658,SE
1173243.069,X_LEG_2,9.03,40.30,1.81,1,1661,1658,SE
1173243.089,X_LEG_2,9.03,40.30,1.81,1,1661,1658,SE
1173243.110,X_LEG_2,9.03,40.30,1.81,1,1661,1658,SE
1173243.130,X_LEG_2,9.03,40.30,1.81,1,1661,1658,SE
1173243.151,X_LEG_2,9.03,40.30,1.81,1,1661,1658,SE
1173243.171,X_LEG_2,9.03,40.30,1.81,1,1661,1658,SE
1173243.191,X_LEG_2,9.03,40.30,1.81,1,1661,1658,SE
1173243.212,X_LEG_2,9.03,40.30,1.81,1,1661,1658,SE
1173243.232,X_LEG_2,9.01,40.14,1.86,1,1661,1658,SE
1173243.253,X_LEG_2,9.01,40.14,1.86,1,1661,1658,SE
1173243.274,X_LEG_2,9.01,40.14,1.86,1,1661,1658,SE
1173243.294,X_LEG_2,9.01,40.14,1.86,1,1661,1658,SE
1173243.315,X_LEG_2,9.01,40.14,1.86,1,1661,1658,SE
1173243.335,X_LEG_2,9.00,40.04,1.89,1,1660,1659,SE
1173243.356,X_LEG_2,9.00,40.04,1.89,1,1660,1659,SE
1173243.376,X_LEG_2,9.00,40.04,1.89,1,1660,1659,SE
1173243.397,X_LEG_2,9.00,40.04,1.89,1,1660,1659,SE
1173243.417,X_LEG_2,9.00,40.04,1.89,1,1660,1659,SE
1173243.438,X_LEG_2,8.98,39.88,1.94,1,1660,1659,SE
1173243.458,X_LEG_2,8.98,39.88,1.94,1,1660,1659,SE
1173243.479,X_LEG_2,8.98,39.88,1.94,1,1660,1659,SE
1173243.499,X_LEG_2,8.98,39.88,1.94,1,1660,1659,SE
1173243.519,X_LEG_2,8.98,39.88,1.94,1,1660,1659,SE
1173243.540,X_LEG_2,8.97,39.77,1.98,1,1659,1659,SE
1173243.561,X_LEG_2,8.97,39.77,1.98,1,1659,1659,SE
1173243.581,X_LEG_2,8.97,39.77,1.98,1,1659,1659,SE
1173243.601,X_LEG_2,8.97,39.77,1.98,1,1659,1659,SE
1173243.622,X_LEG_2,8.97,39.77,1.98,1,1659,1659,SE
1173243.642,X_LEG_2,8.97,39.77,1.98,1,1659,1659,SE
1173243.663,X_LEG_2,8.97,39.77,1.98,1,1659,1659,SE
1173243.683,X_LEG_2,8.97,39.77,1.98,1,1659,1659,SE
1173243.704,X_LEG_2,8.97,39.77,1.98,1,1659,1659,SE
1173243.725,X_LEG_2,8.97,39.77,1.98,1,1659,1659,SE
1173243.745,X_LEG_2,8.95,39.67,2.01,1,1659,1659,SE
1173243.766,X_LEG_2,8.95,39.67,2.01,1,1659,1659,SE
1173243.787,X_LEG_2,8.95,39.67,2.01,1,1659,1659,SE
1173243.807,X_LEG_2,8.95,39.67,2.01,1,1659,1659,SE
1173243.827,X_LEG_2,8.95,39.67,2.01,1,1659,1659,SE
1173243.848,X_LEG_2,8.94,39.51,2.06,1,1658,1659,SE
1173243.868,X_LEG_2,8.94,39.51,2.06,1,1658,1659,SE
1173243.889,X_LEG_2,8.94,39.51,2.06,1,1658,1659,SE
1173243.909,X_LEG_2,8.94,39.51,2.06,1,1658,1659,SE
1173243.930,X_LEG_2,8.94,39.51,2.06,1,1658,1659,SE
1173243.950,X_LEG_2,8.93,39.40,2.09,1,1658,1659,SE
1173243.971,X_LEG_2,8.93,39.40,2.09,1,1658,1659,SE
1173243.992,X_LEG_2,8.93,39.40,2.09,1,1658,1659,SE
1173244.012,X_LEG_2,8.93,39.40,2.09,1,1658,1659,SE
1173244.033,X_LEG_2,8.93,39.40,2.09,1,1658,1659,SE
1173244.054,X_LEG_2,8.91,39.30,2.13,1,1657,1659,SE
1173244.074,X_LEG_2,8.91,39.30,2.13,1,1657,1659,SE
1173244.094,X_LEG_2,8.91,39.30,2.13,1,1657,1659,SE
1173244.115,X_LEG_2,8.91,39.30,2.13,1,1657,1659,SE
1173244.135,X_LEG_2,8.91,39.30,2.13,1,1657,1659,SE
1173244.156,X_LEG_2,8.91,39.30,2.13,1,1657,1659,SE
1173244.176,X_LEG_2,8.91,39.30,2.13,1,1657,1659,SE
1173244.197,X_LEG_2,8.91,39.30,2.13,1,1657,1659,SE
1173244.217,X_LEG_2,8.91,39.30,2.13,1,1657,1659,SE
1173244.237,X_LEG_2,8.91,39.30,2.13,1,1657,1659,SE
1173244.258,X_LEG_2,8.89,39.03,2.21,1,1656,1659,SE
1173244.278,X_LEG_2,8.89,39.03,2.21,1,1656,1659,SE
1173244.298,X_LEG_2,8.89,39.03,2.21,1,1656,1659,SE
1173244.319,X_LEG_2,8.89,39.03,2.21,1,1656,1659,SE
1173244.340,X_LEG_2,8.89,39.03,2.21,1,1656,1659,SE
1173244.360,X_LEG_2,8.87,38.93,2.24,1,1656,1659,SE
1173244.380,X_LEG_2,8.87,38.93,2.24,1,1656,1659,SE
1173244.401,X_LEG_2,8.87,38.93,2.24,1,1656,1659,SE
1173244.421,X_LEG_2,8.87,38.93,2.24,1,1656,1659,SE
1173244.441,X_LEG_2,8.87,38.93,2.24,1,1656,1659,SE
1173244.462,X_LEG_2,8.87,38.93,2.24,1,1656,1659,SE
1173244.483,X_LEG_2,8.87,38.93,2.24,1,1656,1659,SE
1173244.503,X_LEG_2,8.87,38.93,2.24,1,1656,1659,SE
1173244.524,X_LEG_2,8.87,38.93,2.24,1,1656,1659,SE
1173244.544,X_LEG_2,8.87,38.93,2.24,1,1656,1659,SE
1173244.564,X_LEG_2,8.85,38.71,2.31,1,1655,1659,SE
1173244.584,X_LEG_2,8.85,38.71,2.31,1,1655,1659,SE
1173244.605,X_LEG_2,8.85,38.71,2.31,1,1655,1659,SE
1173244.626,X_LEG_2,8.85,38.71,2.31,1,1655,1659,SE
1173244.646,X_LEG_2,8.85,38.71,2.31,1,1655,1659,SE
1173244.666,X_LEG_2,8.85,38.71,2.31,1,1655,1659,SE
1173244.686,X_LEG_2,8.85,38.71,2.31,1,1655,1659,SE
1173244.707,X_LEG_2,8.85,38.71,2.31,1,1655,1659,SE
1173244.728,X_LEG_2,8.85,38.71,2.31,1,1655,1659,SE
1173244.748,X_LEG_2,8.85,38.71,2.31,1,1655,1659,SE
1173244.769,X_LEG_2,8.85,38.71,2.31,1,1655,1659,SE
1173244.789,X_LEG_2,8.85,38.71,2.31,1,1655,1659,SE
1173244.809,X_LEG_2,8.85,38.71,2.31,1,1655,1659,SE
1173244.830,X_LEG_2,8.85,38.71,2.31,1,1655,1659,SE
1173244.850,X_LEG_2,8.85,38.71,2.31,1,1655,1659,SE
1173244.871,X_LEG_2,8.83,38.55,2.36,1,1654,1659,SE
1173244.892,X_LEG_2,8.83,38.55,2.36,1,1654,1659,SE
1173244.912,X_LEG_2,8.83,38.55,2.36,1,1654,1659,SE
1173244.933,X_LEG_2,8.83,38.55,2.36,1,1654,1659,SE
1173244.953,X_LEG_2,8.83,38.55,2.36,1,1654,1659,SE
1173244.974,X_LEG_2,8.82,38.39,1.40,1,1654,1659,SE
1173244.994,X_LEG_2,8.82,38.39,1.40,1,1654,1659,SE
1173245.015,X_LEG_2,8.82,38.39,1.40,1,1654,1659,SE
1173245.035,X_LEG_2,8.82,38.39,1.40,1,1654,1659,SE
1173245.056,X_LEG_2,8.82,38.39,1.40,1,1654,1659,SE
1173245.076,X_LEG_2,8.82,38.39,1.40,1,1654,1659,SE
1173245.097,X_LEG_2,8.82,38.39,1.40,1,1654,1659,SE
1173245.118,X_LEG_2,8.82,38.39,1.40,1,1654,1659,SE
1173245.138,X_LEG_2,8.82,38.39,1.40,1,1654,1659,SE
1173245.159,X_LEG_2,8.82,38.39,1.40,1,1654,1659,SE
1173245.179,X_LEG_2,8.80,38.23,1.46,1,1653,1659,SE
1173245.199,X_LEG_2,8.80,38.23,1.46,1,1653,1659,SE
1173245.220,X_LEG_2,8.80,38.23,1.46,1,1653,1659,SE
1173245.240,X_LEG_2,8.80,38.23,1.46,1,1653,1659,SE
1173245.261,X_LEG_2,8.80,38.23,1.46,1,1653,1659,SE
1173245.281,X_LEG_2,8.79,38.11,1.49,1,1652,1659,SE
1173245.301,X_LEG_2,8.79,38.11,1.49,1,1652,1659,SE
1173245.322,X_LEG_2,8.79,38.11,1.49,1,1652,1659,SE
1173245.342,X_LEG_2,8.79,38.11,1.49,1,1652,1659,SE
1173245.362,X_LEG_2,8.79,38.11,1.49,1,1652,1659,SE
1173245.382,X_LEG_2,8.77,37.95,1.54,1,1652,1659,SE
1173245.403,X_LEG_2,8.77,37.95,1.54,1,1652,1659,SE
1173245.423,X_LEG_2,8.77,37.95,1.54,1,1652,1659,SE
1173245.443,X_LEG_2,8.77,37.95,1.54,1,1652,1659,SE
1173245.464,X_LEG_2,8.77,37.95,1.54,1,1652,1659,SE
1173245.484,X_LEG_2,8.76,37.85,1.58,1,1651,1659,SE
1173245.504,X_LEG_2,8.76,37.85,1.58,1,1651,1659,SE
1173245.525,X_LEG_2,8.76,37.85,1.58,1,1651,1659,SE
1173245.545,X_LEG_2,8.76,37.85,1.58,1,1651,1659,SE
1173245.566,X_LEG_2,8.76,37.85,1.58,1,1651,1659,SE
1173245.586,X_LEG_2,8.75,37.85,1.58,1,1651,1659,SE
1173245.607,X_LEG_2,8.75,37.85,1.58,1,1651,1659,SE
1173245.627,X_LEG_2,8.75,37.85,1.58,1,1651,1659,SE
1173245.648,X_LEG_2,8.75,37.85,1.58,1,1651,1659,SE
1173245.668,X_LEG_2,8.75,37.85,1.58,1,1651,1659,SE
1173245.688,X_LEG_2,8.74,37.57,1.66,1,1650,1659,SE
1173245.709,X_LEG_2,8.74,37.57,1.66,1,1650,1659,SE
1173245.729,X_LEG_2,8.74,37.57,1.66,1,1650,1659,SE
1173245.749,X_LEG_2,8.74,37.57,1.66,1,1650,1659,SE
1173245.771,X_LEG_2,8.74,37.57,1.66,1,1650,1659,SE
1173245.791,X_LEG_2,8.74,37.57,1.66,1,1650,1659,SE
1173245.811,X_LEG_2,8.74,37.57,1.66,1,1650,1659,SE
1173245.832,X_LEG_2,8.74,37.57,1.66,1,1650,1659,SE
1173245.853,X_LEG_2,8.74,37.57,1.66,1,1650,1659,SE
1173245.873,X_LEG_2,8.74,37.57,1.66,1,1650,1659,SE
1173245.894,X_LEG_2,8.72,37.40,1.70,1,1650,1659,SE
1173245.914,X_LEG_2,8.72,37.40,1.70,1,1650,1659,SE
1173245.934,X_LEG_2,8.72,37.40,1.70,1,1650,1659,SE
1173245.955,X_LEG_2,8.72,37.40,1.70,1,1650,1659,SE
1173245.975,X_LEG_2,8.72,37.40,1.70,1,1650,1659,SE
1173245.996,X_LEG_2,8.71,37.29,1.75,1,1649,1659,SE
1173246.016,X_LEG_2,8.71,37.29,1.75,1,1649,1659,SE
1173246.038,X_LEG_2,8.71,37.29,1.75,1,1649,1659,SE
1173246.058,X_LEG_2,8.71,37.29,1.75,1,1649,1659,SE
1173246.078,X_LEG_2,8.71,37.29,1.75,1,1649,1659,SE
1173246.099,X_LEG_2,8.70,37.18,1.78,1,1649,1659,SE
1173246.119,X_LEG_2,8.70,37.18,1.78,1,1649,1659,SE
1173246.139,X_LEG_2,8.70,37.18,1.78,1,1649,1659,SE
1173246.160,X_LEG_2,8.70,37.18,1.78,1,1649,1659,SE
1173246.180,X_LEG_2,8.70,37.18,1.78,1,1649,1659,SE
1173246.200,X_LEG_2,8.70,37.18,1.78,1,1649,1659,SE
1173246.221,X_LEG_2,8.70,37.18,1.78,1,1649,1659,SE
1173246.241,X_LEG_2,8.70,37.18,1.78,1,1649,1659,SE
1173246.261,X_LEG_2,8.70,37.18,1.78,1,1649,1659,SE
1173246.282,X_LEG_2,8.70,37.18,1.78,1,1649,1659,SE
1173246.302,X_LEG_2,8.68,37.02,1.82,1,1648,1659,SE
1173246.323,X_LEG_2,8.68,37.02,1.82,1,1648,1659,SE
1173246.343,X_LEG_2,8.68,37.02,1.82,1,1648,1659,SE
1173246.363,X_LEG_2,8.68,37.02,1.82,1,1648,1659,SE
1173246.384,X_LEG_2,8.68,37.02,1.82,1,1648,1659,SE
1173246.404,X_LEG_2,8.67,36.90,1.87,1,1648,1659,SE
1173246.426,X_LEG_2,8.67,36.90,1.87,1,1648,1659,SE
1173246.445,X_LEG_2,8.67,36.90,1.87,1,1648,1659,SE
1173246.466,X_LEG_2,8.67,36.90,1.87,1,1648,1659,SE
1173246.487,X_LEG_2,8.67,36.90,1.87,1,1648,1659,SE
1173246.508,X_LEG_2,8.66,36.80,1.90,1,1647,1660,SE
1173246.528,X_LEG_2,8.66,36.80,1.90,1,1647,1660,SE
1173246.549,X_LEG_2,8.66,36.80,1.90,1,1647,1660,SE
1173246.569,X_LEG_2,8.66,36.80,1.90,1,1647,1660,SE
1173246.589,X_LEG_2,8.66,36.80,1.90,1,1647,1660,SE
1173246.609,X_LEG_2,8.65,36.63,1.95,1,1647,1660,SE
1173246.630,X_LEG_2,8.65,36.63,1.95,1,1647,1660,SE
1173246.651,X_LEG_2,8.65,36.63,1.95,1,1647,1660,SE
1173246.671,X_LEG_2,8.65,36.63,1.95,1,1647,1660,SE
1173246.691,X_LEG_2,8.65,36.63,1.95,1,1647,1660,SE
1173246.712,X_LEG_2,8.64,36.51,1.98,1,1646,1660,SE
1173246.732,X_LEG_2,8.64,36.51,1.98,1,1646,1660,SE
1173246.752,X_LEG_2,8.64,36.51,1.98,1,1646,1660,SE
1173246.773,X_LEG_2,8.64,36.51,1.98,1,1646,1660,SE
1173246.793,X_LEG_2,8.64,36.51,1.98,1,1646,1660,SE
1173246.814,X_LEG_2,8.64,36.51,1.98,1,1646,1660,SE
1173246.834,X_LEG_2,8.64,36.51,1.98,1,1646,1660,SE
1173246.855,X_LEG_2,8.64,36.51,1.98,1,1646,1660,SE
1173246.875,X_LEG_2,8.64,36.51,1.98,1,1646,1660,SE
1173246.895,X_LEG_2,8.64,36.51,1.98,1,1646,1660,SE
1173246.916,X_LEG_2,8.62,36.35,2.04,1,1645,1660,SE
1173246.936,X_LEG_2,8.62,36.35,2.04,1,1645,1660,SE
1173246.956,X_LEG_2,8.62,36.35,2.04,1,1645,1660,SE
1173246.977,X_LEG_2,8.62,36.35,2.04,1,1645,1660,SE
1173246.998,X_LEG_2,8.62,36.35,2.04,1,1645,1660,SE
1173247.018,X_LEG_2,8.61,36.24,2.07,1,1645,1660,SE
1173247.039,X_LEG_2,8.61,36.24,2.07,1,1645,1660,SE
1173247.059,X_LEG_2,8.61,36.24,2.07,1,1645,1660,SE
1173247.080,X_LEG_2,8.61,36.24,2.07,1,1645,1660,SE
1173247.100,X_LEG_2,8.61,36.24,2.07,1,1645,1660,SE
1173247.121,X_LEG_2,8.61,36.24,2.07,1,1645,1660,SE
1173247.141,X_LEG_2,8.61,36.24,2.07,1,1645,1660,SE
1173247.162,X_LEG_2,8.61,36.24,2.07,1,1645,1660,SE
1173247.182,X_LEG_2,8.61,36.24,2.07,1,1645,1660,SE
1173247.203,X_LEG_2,8.61,36.24,2.07,1,1645,1660,SE
1173247.224,X_LEG_2,8.59,35.96,2.15,1,1644,1660,SE
1173247.244,X_LEG_2,8.59,35.96,2.15,1,1644,1660,SE
1173247.268,X_LEG_2,8.59,35.96,2.15,1,1644,1660,SE
1173247.288,X_LEG_2,8.59,35.96,2.15,1,1644,1660,SE
1173247.309,X_LEG_2,8.59,35.96,2.15,1,1644,1660,SE
1173247.331,X_LEG_2,8.59,35.96,2.15,1,1644,1660,SE
1173247.351,X_LEG_2,8.59,35.96,2.15,1,1644,1660,SE
1173247.371,X_LEG_2,8.59,35.96,2.15,1,1644,1660,SE
1173247.392,X_LEG_2,8.59,35.96,2.15,1,1644,1660,SE
1173247.413,X_LEG_2,8.59,35.96,2.15,1,1644,1660,SE
1173247.433,X_LEG_2,8.58,35.85,2.18,1,1643,1660,SE
1173247.453,X_LEG_2,8.58,35.85,2.18,1,1643,1660,SE
1173247.474,X_LEG_2,8.58,35.85,2.18,1,1643,1660,SE
1173247.495,X_LEG_2,8.58,35.85,2.18,1,1643,1660,SE
1173247.516,X_LEG_2,8.58,35.85,2.18,1,1643,1660,SE
1173247.536,X_LEG_2,8.57,35.74,2.21,1,1643,1660,SE
1173247.556,X_LEG_2,8.57,35.74,2.21,1,1643,1660,SE
1173247.577,X_LEG_2,8.57,35.74,2.21,1,1643,1660,SE
1173247.597,X_LEG_2,8.57,35.74,2.21,1,1643,1660,SE
1173247.618,X_LEG_2,8.57,35.74,2.21,1,1643,1660,SE
1173247.640,X_LEG_2,8.57,35.74,2.21,1,1643,1660,SE
1173247.660,X_LEG_2,8.57,35.74,2.21,1,1643,1660,SE
1173247.680,X_LEG_2,8.57,35.74,2.21,1,1643,1660,SE
1173247.701,X_LEG_2,8.57,35.74,2.21,1,1643,1660,SE
1173247.721,X_LEG_2,8.57,35.74,2.21,1,1643,1660,SE
1173247.741,X_LEG_2,8.56,35.63,2.25,1,1643,1660,SE
1173247.762,X_LEG_2,8.56,35.63,2.25,1,1643,1660,SE
1173247.782,X_LEG_2,8.56,35.63,2.25,1,1643,1660,SE
1173247.803,X_LEG_2,8.56,35.63,2.25,1,1643,1660,SE
1173247.823,X_LEG_2,8.56,35.63,2.25,1,1643,1660,SE
1173247.844,X_LEG_2,8.55,35.51,2.29,1,1642,1660,SE
1173247.864,X_LEG_2,8.55,35.51,2.29,1,1642,1660,SE
1173247.884,X_LEG_2,8.55,35.51,2.29,1,1642,1660,SE
1173247.904,X_LEG_2,8.55,35.51,2.29,1,1642,1660,SE
1173247.925,X_LEG_2,8.55,35.51,2.29,1,1642,1660,SE
1173247.946,X_LEG_2,8.55,35.51,2.29,1,1642,1660,SE
1173247.967,X_LEG_2,8.55,35.51,2.29,1,1642,1660,SE
1173247.987,X_LEG_2,8.55,35.51,2.29,1,1642,1660,SE
1173248.007,X_LEG_2,8.55,35.51,2.29,1,1642,1660,SE
1173248.029,X_LEG_2,8.55,35.51,2.29,1,1642,1660,SE
1173248.049,X_LEG_2,8.53,35.35,2.34,1,1641,1660,SE
1173248.070,X_LEG_2,8.53,35.35,2.34,1,1641,1660,SE
1173248.091,X_LEG_2,8.53,35.35,2.34,1,1641,1660,SE
1173248.111,X_LEG_2,8.53,35.35,2.34,1,1641,1660,SE
1173248.132,X_LEG_2,8.53,35.35,2.34,1,1641,1660,SE
1173248.153,X_LEG_2,8.52,35.24,1.38,1,1641,1660,SE
1173248.174,X_LEG_2,8.52,35.24,1.38,1,1641,1660,SE
1173248.194,X_LEG_2,8.52,35.24,1.38,1,1641,1660,SE
1173248.215,X_LEG_2,8.52,35.24,1.38,1,1641,1660,SE
1173248.235,X_LEG_2,8.52,35.24,1.38,1,1641,1660,SE
1173248.256,X_LEG_2,8.51,35.07,1.43,1,1640,1660,SE
1173248.277,X_LEG_2,8.51,35.07,1.43,1,1640,1660,SE
1173248.297,X_LEG_2,8.51,35.07,1.43,1,1640,1660,SE
1173248.318,X_LEG_2,8.51,35.07,1.43,1,1640,1660,SE
1173248.339,X_LEG_2,8.51,35.07,1.43,1,1640,1660,SE
1173248.359,X_LEG_2,8.51,35.07,1.43,1,1640,1660,SE
1173248.380,X_LEG_2,8.51,35.07,1.43,1,1640,1660,SE
1173248.400,X_LEG_2,8.51,35.07,1.43,1,1640,1660,SE
1173248.421,X_LEG_2,8.51,35.07,1.43,1,1640,1660,SE
1173248.441,X_LEG_2,8.51,35.07,1.43,1,1640,1660,SE
1173248.462,X_LEG_2,8.50,34.91,1.48,1,1640,1660,SE
1173248.482,X_LEG_2,8.50,34.91,1.48,1,1640,1660,SE
1173248.503,X_LEG_2,8.50,34.91,1.48,1,1640,1660,SE
1173248.523,X_LEG_2,8.50,34.91,1.48,1,1640,1660,SE
1173248.543,X_LEG_2,8.50,34.91,1.48,1,1640,1660,SE
1173248.564,X_LEG_2,8.48,34.74,1.53,1,1639,1660,SE
1173248.585,X_LEG_2,8.48,34.74,1.53,1,1639,1660,SE
1173248.605,X_LEG_2,8.48,34.74,1.53,1,1639,1660,SE
1173248.625,X_LEG_2,8.48,34.74,1.53,1,1639,1660,SE
1173248.646,X_LEG_2,8.48,34.74,1.53,1,1639,1660,SE
1173248.667,X_LEG_2,8.47,34.63,1.57,1,1639,1660,SE
1173248.687,X_LEG_2,8.47,34.63,1.57,1,1639,1660,SE
1173248.707,X_LEG_2,8.47,34.63,1.57,1,1639,1660,SE
1173248.727,X_LEG_2,8.47,34.63,1.57,1,1639,1660,SE
1173248.748,X_LEG_2,8.47,34.63,1.57,1,1639,1660,SE
1173248.768,X_LEG_2,8.46,34.52,1.60,1,1638,1660,SE
1173248.789,X_LEG_2,8.46,34.52,1.60,1,1638,1660,SE
1173248.809,X_LEG_2,8.46,34.52,1.60,1,1638,1660,SE
1173248.829,X_LEG_2,8.46,34.52,1.60,1,1638,1660,SE
1173248.850,X_LEG_2,8.46,34.52,1.60,1,1638,1660,SE
1173248.871,X_LEG_2,8.45,34.40,1.63,1,1638,1660,SE
1173248.891,X_LEG_2,8.45,34.40,1.63,1,1638,1660,SE
1173248.911,X_LEG_2,8.45,34.40,1.63,1,1638,1660,SE
1173248.934,X_LEG_2,8.45,34.40,1.63,1,1638,1660,SE
1173248.954,X_LEG_2,8.45,34.40,1.63,1,1638,1660,SE
1173248.974,X_LEG_2,8.45,34.29,1.67,1,1637,1660,SE
1173248.995,X_LEG_2,8.45,34.29,1.67,1,1637,1660,SE
1173249.016,X_LEG_2,8.45,34.29,1.67,1,1637,1660,SE
1173249.036,X_LEG_2,8.45,34.29,1.67,1,1637,1660,SE
1173249.057,X_LEG_2,8.45,34.29,1.67,1,1637,1660,SE
1173249.077,X_LEG_2,8.45,34.29,1.67,1,1637,1660,SE
1173249.098,X_LEG_2,8.45,34.29,1.67,1,1637,1660,SE
1173249.118,X_LEG_2,8.45,34.29,1.67,1,1637,1660,SE
1173249.139,X_LEG_2,8.45,34.29,1.67,1,1637,1660,SE
1173249.159,X_LEG_2,8.45,34.29,1.67,1,1637,1660,SE
1173249.180,X_LEG_2,8.43,34.13,1.71,1,1637,1660,SE
1173249.200,X_LEG_2,8.43,34.13,1.71,1,1637,1660,SE
1173249.221,X_LEG_2,8.43,34.13,1.71,1,1637,1660,SE
1173249.241,X_LEG_2,8.43,34.13,1.71,1,1637,1660,SE
1173249.261,X_LEG_2,8.43,34.13,1.71,1,1637,1660,SE
1173249.282,X_LEG_2,8.43,34.02,1.75,1,1636,1660,SE
1173249.302,X_LEG_2,8.43,34.02,1.75,1,1636,1660,SE
1173249.323,X_LEG_2,8.43,34.02,1.75,1,1636,1660,SE
1173249.343,X_LEG_2,8.43,34.02,1.75,1,1636,1660,SE
1173249.364,X_LEG_2,8.43,34.02,1.75,1,1636,1660,SE
1173249.384,X_LEG_2,8.42,33.90,1.78,1,1636,1660,SE
1173249.405,X_LEG_2,8.42,33.90,1.78,1,1636,1660,SE
1173249.425,X_LEG_2,8.42,33.90,1.78,1,1636,1660,SE
1173249.445,X_LEG_2,8.42,33.90,1.78,1,1636,1660,SE
1173249.466,X_LEG_2,8.42,33.90,1.78,1,1636,1660,SE
1173249.486,X_LEG_2,8.42,33.90,1.78,1,1636,1660,SE
1173249.507,X_LEG_2,8.42,33.90,1.78,1,1636,1660,SE
1173249.527,X_LEG_2,8.42,33.90,1.78,1,1636,1660,SE
1173249.548,X_LEG_2,8.42,33.90,1.78,1,1636,1660,SE
1173249.568,X_LEG_2,8.42,33.90,1.78,1,1636,1660,SE
1173249.589,X_LEG_2,8.40,33.74,1.84,1,1635,1660,SE
1173249.610,X_LEG_2,8.40,33.74,1.84,1,1635,1660,SE
1173249.630,X_LEG_2,8.40,33.74,1.84,1,1635,1660,SE
1173249.651,X_LEG_2,8.40,33.74,1.84,1,1635,1660,SE
1173249.672,X_LEG_2,8.40,33.74,1.84,1,1635,1660,SE
1173249.692,X_LEG_2,8.40,33.63,1.87,1,1635,1660,SE
1173249.713,X_LEG_2,8.40,33.63,1.87,1,1635,1660,SE
1173249.734,X_LEG_2,8.40,33.63,1.87,1,1635,1660,SE
1173249.754,X_LEG_2,8.40,33.63,1.87,1,1635,1660,SE
1173249.775,X_LEG_2,8.40,33.63,1.87,1,1635,1660,SE
1173249.795,X_LEG_2,8.38,33.35,1.97,1,1633,1660,SE
1173249.816,X_LEG_2,8.38,33.35,1.97,1,1633,1660,SE
1173249.836,X_LEG_2,8.38,33.35,1.97,1,1633,1660,SE
1173249.856,X_LEG_2,8.38,33.35,1.97,1,1633,1660,SE
1173249.877,X_LEG_2,8.38,33.35,1.97,1,1633,1660,SE
1173249.897,X_LEG_2,8.38,33.35,1.97,1,1633,1660,SE
1173249.917,X_LEG_2,8.38,33.35,1.97,1,1633,1660,SE
1173249.937,X_LEG_2,8.38,33.35,1.97,1,1633,1660,SE
1173249.958,X_LEG_2,8.38,33.35,1.97,1,1633,1660,SE
1173249.979,X_LEG_2,8.38,33.35,1.97,1,1633,1660,SE
1173249.999,X_LEG_2,8.37,33.24,1.99,1,1633,1660,SE
1173250.019,X_LEG_2,8.37,33.24,1.99,1,1633,1660,SE
1173250.040,X_LEG_2,8.37,33.24,1.99,1,1633,1660,SE
1173250.060,X_LEG_2,8.37,33.24,1.99,1,1633,1660,SE
1173250.081,X_LEG_2,8.37,33.24,1.99,1,1633,1660,SE
1173250.101,X_LEG_2,8.36,33.14,2.03,1,1633,1660,SE
1173250.121,X_LEG_2,8.36,33.14,2.03,1,1633,1660,SE
1173250.142,X_LEG_2,8.36,33.14,2.03,1,1633,1660,SE
1173250.162,X_LEG_2,8.36,33.14,2.03,1,1633,1660,SE
1173250.182,X_LEG_2,8.36,33.14,2.03,1,1633,1660,SE
1173250.203,X_LEG_2,8.36,33.14,2.03,1,1633,1660,SE
1173250.223,X_LEG_2,8.36,33.14,2.03,1,1633,1660,SE
1173250.243,X_LEG_2,8.36,33.14,2.03,1,1633,1660,SE
1173250.264,X_LEG_2,8.36,33.14,2.03,1,1633,1660,SE
1173250.284,X_LEG_2,8.36,33.14,2.03,1,1633,1660,SE
1173250.305,X_LEG_2,8.35,32.97,2.09,1,1632,1660,SE
1173250.325,X_LEG_2,8.35,32.97,2.09,1,1632,1660,SE
1173250.345,X_LEG_2,8.35,32.97,2.09,1,1632,1660,SE
1173250.366,X_LEG_2,8.35,32.97,2.09,1,1632,1660,SE
1173250.387,X_LEG_2,8.35,32.97,2.09,1,1632,1660,SE
1173250.407,X_LEG_2,8.34,32.85,2.12,1,1631,1660,SE
1173250.428,X_LEG_2,8.34,32.85,2.12,1,1631,1660,SE
1173250.448,X_LEG_2,8.34,32.85,2.12,1,1631,1660,SE
1173250.469,X_LEG_2,8.34,32.85,2.12,1,1631,1660,SE
1173250.489,X_LEG_2,8.34,32.85,2.12,1,1631,1660,SE
1173250.510,X_LEG_2,8.33,32.69,2.17,1,1631,1661,SE
1173250.530,X_LEG_2,8.33,32.69,2.17,1,1631,1661,SE
1173250.550,X_LEG_2,8.33,32.69,2.17,1,1631,1661,SE
1173250.571,X_LEG_2,8.33,32.69,2.17,1,1631,1661,SE
1173250.591,X_LEG_2,8.33,32.69,2.17,1,1631,1661,SE
1173250.612,X_LEG_2,8.32,32.58,2.21,1,1630,1661,SE
1173250.632,X_LEG_2,8.32,32.58,2.21,1,1630,1661,SE
1173250.653,X_LEG_2,8.32,32.58,2.21,1,1630,1661,SE
1173250.673,X_LEG_2,8.32,32.58,2.21,1,1630,1661,SE
1173250.693,X_LEG_2,8.32,32.58,2.21,1,1630,1661,SE
1173250.714,X_LEG_2,8.32,32.58,2.21,1,1630,1661,SE
1173250.734,X_LEG_2,8.32,32.58,2.21,1,1630,1661,SE
1173250.755,X_LEG_2,8.32,32.58,2.21,1,1630,1661,SE
1173250.775,X_LEG_2,8.32,32.58,2.21,1,1630,1661,SE
1173250.796,X_LEG_2,8.32,32.58,2.21,1,1630,1661,SE
1173250.817,X_LEG_2,8.31,32.42,2.27,1,1630,1661,SE
1173250.838,X_LEG_2,8.31,32.42,2.27,1,1630,1661,SE
1173250.858,X_LEG_2,8.31,32.42,2.27,1,1630,1661,SE
1173250.878,X_LEG_2,8.31,32.42,2.27,1,1630,1661,SE
1173250.899,X_LEG_2,8.31,32.42,2.27,1,1630,1661,SE
1173250.919,X_LEG_2,8.30,32.31,2.29,1,1629,1661,SE
1173250.940,X_LEG_2,8.30,32.31,2.29,1,1629,1661,SE
1173250.965,X_LEG_2,8.30,32.31,2.29,1,1629,1661,SE
1173250.985,X_LEG_2,8.30,32.31,2.29,1,1629,1661,SE
1173251.005,X_LEG_2,8.30,32.31,2.29,1,1629,1661,SE
1173251.026,X_LEG_2,8.30,32.19,2.33,1,1629,1661,SE
1173251.047,X_LEG_2,8.30,32.19,2.33,1,1629,1661,SE
1173251.067,X_LEG_2,8.30,32.19,2.33,1,1629,1661,SE
1173251.087,X_LEG_2,8.30,32.19,2.33,1,1629,1661,SE
1173251.107,X_LEG_2,8.30,32.19,2.33,1,1629,1661,SE
1173251.128,X_LEG_2,8.29,32.09,2.36,1,1628,1661,SE
1173251.148,X_LEG_2,8.29,32.09,2.36,1,1628,1661,SE
1173251.169,X_LEG_2,8.29,32.09,2.36,1,1628,1661,SE
1173251.189,X_LEG_2,8.29,32.09,2.36,1,1628,1661,SE
1173251.210,X_LEG_2,8.29,32.09,2.36,1,1628,1661,SE
1173251.231,X_LEG_2,8.28,31.98,2.40,1,1628,1661,SE
1173251.251,X_LEG_2,8.28,31.98,2.40,1,1628,1661,SE
1173251.272,X_LEG_2,8.28,31.98,2.40,1,1628,1661,SE
1173251.292,X_LEG_2,8.28,31.98,2.40,1,1628,1661,SE
1173251.313,X_LEG_2,8.28,31.98,2.40,1,1628,1661,SE
1173251.333,X_LEG_2,8.28,31.98,1.40,1,1628,1661,SE
1173251.354,X_LEG_2,8.28,31.98,1.40,1,1628,1661,SE
1173251.374,X_LEG_2,8.28,31.98,1.40,1,1628,1661,SE
1173251.394,X_LEG_2,8.28,31.98,1.40,1,1628,1661,SE
1173251.415,X_LEG_2,8.28,31.98,1.40,1,1628,1661,SE
1173251.436,X_LEG_2,8.27,31.87,1.44,1,1627,1661,SE
1173251.456,X_LEG_2,8.27,31.87,1.44,1,1627,1661,SE
1173251.477,X_LEG_2,8.27,31.87,1.44,1,1627,1661,SE
1173251.497,X_LEG_2,8.27,31.87,1.44,1,1627,1661,SE
1173251.518,X_LEG_2,8.27,31.87,1.44,1,1627,1661,SE
1173251.539,X_LEG_2,8.27,31.76,1.46,1,1627,1661,SE
1173251.559,X_LEG_2,8.27,31.76,1.46,1,1627,1661,SE
1173251.579,X_LEG_2,8.27,31.76,1.46,1,1627,1661,SE
1173251.601,X_LEG_2,8.27,31.76,1.46,1,1627,1661,SE
1173251.621,X_LEG_2,8.27,31.76,1.46,1,1627,1661,SE
1173251.642,X_LEG_2,8.26,31.60,1.53,1,1626,1661,SE
1173251.662,X_LEG_2,8.26,31.60,1.53,1,1626,1661,SE
1173251.682,X_LEG_2,8.26,31.60,1.53,1,1626,1661,SE
1173251.703,X_LEG_2,8.26,31.60,1.53,1,1626,1661,SE
1173251.723,X_LEG_2,8.26,31.60,1.53,1,1626,1661,SE
1173251.744,X_LEG_2,8.25,31.44,1.58,1,1626,1661,SE
1173251.764,X_LEG_2,8.25,31.44,1.58,1,1626,1661,SE
1173251.784,X_LEG_2,8.25,31.44,1.58,1,1626,1661,SE
1173251.805,X_LEG_2,8.25,31.44,1.58,1,1626,1661,SE
1173251.825,X_LEG_2,8.25,31.44,1.58,1,1626,1661,SE
1173251.846,X_LEG_2,8.24,31.33,1.62,1,1625,1661,SE
1173251.866,X_LEG_2,8.24,31.33,1.62,1,1625,1661,SE
1173251.887,X_LEG_2,8.24,31.33,1.62,1,1625,1661,SE
1173251.907,X_LEG_2,8.24,31.33,1.62,1,1625,1661,SE
1173251.928,X_LEG_2,8.24,31.33,1.62,1,1625,1661,SE
1173251.949,X_LEG_2,8.23,31.23,1.65,1,1625,1661,SE
1173251.969,X_LEG_2,8.23,31.23,1.65,1,1625,1661,SE
1173251.989,X_LEG_2,8.23,31.23,1.65,1,1625,1661,SE
1173252.010,X_LEG_2,8.23,31.23,1.65,1,1625,1661,SE
1173252.030,X_LEG_2,8.23,31.23,1.65,1,1625,1661,SE
1173252.051,X_LEG_2,8.23,31.23,1.65,1,1625,1661,SE
1173252.072,X_LEG_2,8.23,31.23,1.65,1,1625,1661,SE
1173252.092,X_LEG_2,8.23,31.23,1.65,1,1625,1661,SE
1173252.112,X_LEG_2,8.23,31.23,1.65,1,1625,1661,SE
1173252.133,X_LEG_2,8.23,31.23,1.65,1,1625,1661,SE
1173252.153,X_LEG_2,8.23,31.06,1.69,1,1624,1661,SE
1173252.173,X_LEG_2,8.23,31.06,1.69,1,1624,1661,SE
1173252.194,X_LEG_2,8.23,31.06,1.69,1,1624,1661,SE
1173252.215,X_LEG_2,8.23,31.06,1.69,1,1624,1661,SE
1173252.235,X_LEG_2,8.23,31.06,1.69,1,1624,1661,SE
1173252.256,X_LEG_2,8.22,30.95,1.74,1,1624,1661,SE
1173252.276,X_LEG_2,8.22,30.95,1.74,1,1624,1661,SE
1173252.297,X_LEG_2,8.22,30.95,1.74,1,1624,1661,SE
1173252.317,X_LEG_2,8.22,30.95,1.74,1,1624,1661,SE
1173252.338,X_LEG_2,8.22,30.95,1.74,1,1624,1661,SE
1173252.358,X_LEG_2,8.21,30.84,1.77,1,1623,1661,SE
1173252.379,X_LEG_2,8.21,30.84,1.77,1,1623,1661,SE
1173252.399,X_LEG_2,8.21,30.84,1.77,1,1623,1661,SE
1173252.419,X_LEG_2,8.21,30.84,1.77,1,1623,1661,SE
1173252.440,X_LEG_2,8.21,30.84,1.77,1,1623,1661,SE
1173252.460,X_LEG_2,8.21,30.84,1.77,1,1623,1661,SE
1173252.481,X_LEG_2,8.21,30.84,1.77,1,1623,1661,SE
1173252.502,X_LEG_2,8.21,30.84,1.77,1,1623,1661,SE
1173252.522,X_LEG_2,8.21,30.84,1.77,1,1623,1661,SE
1173252.542,X_LEG_2,8.21,30.84,1.77,1,1623,1661,SE
1173252.563,X_LEG_2,8.21,30.68,1.83,1,1623,1661,SE
1173252.584,X_LEG_2,8.21,30.68,1.83,1,1623,1661,SE
1173252.604,X_LEG_2,8.21,30.68,1.83,1,1623,1661,SE
1173252.624,X_LEG_2,8.21,30.68,1.83,1,1623,1661,SE
1173252.645,X_LEG_2,8.21,30.68,1.83,1,1623,1661,SE
1173252.665,X_LEG_2,8.20,30.58,1.86,1,1622,1661,SE
1173252.686,X_LEG_2,8.20,30.58,1.86,1,1622,1661,SE
1173252.706,X_LEG_2,8.20,30.58,1.86,1,1622,1661,SE
1173252.727,X_LEG_2,8.20,30.58,1.86,1,1622,1661,SE
1173252.748,X_LEG_2,8.20,30.58,1.86,1,1622,1661,SE
1173252.768,X_LEG_2,8.19,30.42,1.91,1,1622,1661,SE
1173252.788,X_LEG_2,8.19,30.42,1.91,1,1622,1661,SE
1173252.809,X_LEG_2,8.19,30.42,1.91,1,1622,1661,SE
1173252.829,X_LEG_2,8.19,30.42,1.91,1,1622,1661,SE
1173252.850,X_LEG_2,8.19,30.42,1.91,1,1622,1661,SE
1173252.870,X_LEG_2,8.19,30.31,1.96,1,1621,1661,SE
1173252.891,X_LEG_2,8.19,30.31,1.96,1,1621,1661,SE
1173252.911,X_LEG_2,8.19,30.31,1.96,1,1621,1661,SE
1173252.931,X_LEG_2,8.19,30.31,1.96,1,1621,1661,SE
1173252.952,X_LEG_2,8.19,30.31,1.96,1,1621,1661,SE
1173252.973,X_LEG_2,8.18,30.20,1.99,1,1621,1661,SE
1173252.993,X_LEG_2,8.18,30.20,1.99,1,1621,1661,SE
1173253.013,X_LEG_2,8.18,30.20,1.99,1,1621,1661,SE
1173253.034,X_LEG_2,8.18,30.20,1.99,1,1621,1661,SE
1173253.055,X_LEG_2,8.18,30.20,1.99,1,1621,1661,SE
1173253.075,X_LEG_2,8.18,30.20,1.99,1,1621,1661,SE
1173253.095,X_LEG_2,8.18,30.20,1.99,1,1621,1661,SE
1173253.115,X_LEG_2,8.18,30.20,1.99,1,1621,1661,SE
1173253.136,X_LEG_2,8.18,30.20,1.99,1,1621,1661,SE
1173253.157,X_LEG_2,8.18,30.20,1.99,1,1621,1661,SE
1173253.177,X_LEG_2,8.17,30.05,2.04,1,1620,1661,SE
1173253.197,X_LEG_2,8.17,30.05,2.04,1,1620,1661,SE
1173253.218,X_LEG_2,8.17,30.05,2.04,1,1620,1661,SE
1173253.239,X_LEG_2,8.17,30.05,2.04,1,1620,1661,SE
1173253.259,X_LEG_2,8.17,30.05,2.04,1,1620,1661,SE
1173253.280,X_LEG_2,8.17,30.05,2.04,1,1620,1661,SE
1173253.300,X_LEG_2,8.17,30.05,2.04,1,1620,1661,SE
1173253.320,X_LEG_2,8.17,30.05,2.04,1,1620,1661,SE
1173253.341,X_LEG_2,8.17,30.05,2.04,1,1620,1661,SE
1173253.363,X_LEG_2,8.17,30.05,2.04,1,1620,1661,SE
1173253.383,X_LEG_2,8.17,29.89,2.10,1,1620,1661,SE
1173253.403,X_LEG_2,8.17,29.89,2.10,1,1620,1661,SE
1173253.424,X_LEG_2,8.17,29.89,2.10,1,1620,1661,SE
1173253.445,X_LEG_2,8.17,29.89,2.10,1,1620,1661,SE
1173253.465,X_LEG_2,8.17,29.89,2.10,1,1620,1661,SE
1173253.485,X_LEG_2,8.16,29.78,2.13,1,1619,1661,SE
1173253.506,X_LEG_2,8.16,29.78,2.13,1,1619,1661,SE
1173253.526,X_LEG_2,8.16,29.78,2.13,1,1619,1661,SE
1173253.546,X_LEG_2,8.16,29.78,2.13,1,1619,1661,SE
1173253.567,X_LEG_2,8.16,29.78,2.13,1,1619,1661,SE
1173253.587,X_LEG_2,8.16,29.67,2.17,1,1619,1661,SE
1173253.608,X_LEG_2,8.16,29.67,2.17,1,1619,1661,SE
1173253.628,X_LEG_2,8.16,29.67,2.17,1,1619,1661,SE
1173253.649,X_LEG_2,8.16,29.67,2.17,1,1619,1661,SE
1173253.668,X_LEG_2,8.16,29.67,2.17,1,1619,1661,SE
1173253.689,X_LEG_2,8.15,29.51,2.23,1,1618,1661,SE
1173253.709,X_LEG_2,8.15,29.51,2.23,1,1618,1661,SE
1173253.729,X_LEG_2,8.15,29.51,2.23,1,1618,1661,SE
1173253.750,X_LEG_2,8.15,29.51,2.23,1,1618,1661,SE
1173253.771,X_LEG_2,8.15,29.51,2.23,1,1618,1661,SE
1173253.791,X_LEG_2,8.15,29.51,1.23,1,1618,1661,SE
1173253.812,X_LEG_2,8.15,29.51,1.23,1,1618,1661,SE
1173253.832,X_LEG_2,8.15,29.51,1.23,1,1618,1661,SE
1173253.853,X_LEG_2,8.15,29.51,1.23,1,1618,1661,SE
1173253.873,X_LEG_2,8.15,29.51,1.23,1,1618,1661,SE
1173253.894,X_LEG_2,8.14,29.35,1.28,1,1617,1661,SE
1173253.914,X_LEG_2,8.14,29.35,1.28,1,1617,1661,SE
1173253.935,X_LEG_2,8.14,29.35,1.28,1,1617,1661,SE
1173253.956,X_LEG_2,8.14,29.35,1.28,1,1617,1661,SE
1173253.976,X_LEG_2,8.14,29.35,1.28,1,1617,1661,SE
1173253.997,X_LEG_2,8.14,29.25,1.32,1,1617,1661,SE
1173254.017,X_LEG_2,8.14,29.25,1.32,1,1617,1661,SE
1173254.037,X_LEG_2,8.14,29.25,1.32,1,1617,1661,SE
1173254.057,X_LEG_2,8.14,29.25,1.32,1,1617,1661,SE
1173254.078,X_LEG_2,8.14,29.25,1.32,1,1617,1661,SE
1173254.099,X_LEG_2,8.13,29.15,1.35,1,1617,1661,SE
1173254.119,X_LEG_2,8.13,29.15,1.35,1,1617,1661,SE
1173254.140,X_LEG_2,8.13,29.15,1.35,1,1617,1661,SE
1173254.160,X_LEG_2,8.13,29.15,1.35,1,1617,1661,SE
1173254.181,X_LEG_2,8.13,29.15,1.35,1,1617,1661,SE
1173254.201,X_LEG_2,8.13,29.05,1.38,1,1616,1661,SE
1173254.222,X_LEG_2,8.13,29.05,1.38,1,1616,1661,SE
1173254.242,X_LEG_2,8.13,29.05,1.38,1,1616,1661,SE
1173254.263,X_LEG_2,8.13,29.05,1.38,1,1616,1661,SE
1173254.283,X_LEG_2,8.13,29.05,1.38,1,1616,1661,SE
1173254.304,X_LEG_2,8.12,28.89,1.44,1,1616,1661,SE
1173254.324,X_LEG_2,8.12,28.89,1.44,1,1616,1661,SE
1173254.345,X_LEG_2,8.12,28.89,1.44,1,1616,1661,SE
1173254.365,X_LEG_2,8.12,28.89,1.44,1,1616,1661,SE
1173254.386,X_LEG_2,8.12,28.89,1.44,1,1616,1661,SE
1173254.406,X_LEG_2,8.12,28.79,1.48,1,1615,1661,SE
1173254.427,X_LEG_2,8.12,28.79,1.48,1,1615,1661,SE
1173254.447,X_LEG_2,8.12,28.79,1.48,1,1615,1661,SE
1173254.468,X_LEG_2,8.12,28.79,1.48,1,1615,1661,SE
1173254.488,X_LEG_2,8.12,28.79,1.48,1,1615,1661,SE
1173254.509,X_LEG_2,8.12,28.79,1.48,1,1615,1661,SE
1173254.529,X_LEG_2,8.12,28.79,1.48,1,1615,1661,SE
1173254.550,X_LEG_2,8.12,28.79,1.48,1,1615,1661,SE
1173254.571,X_LEG_2,8.12,28.79,1.48,1,1615,1661,SE
1173254.591,X_LEG_2,8.12,28.79,1.48,1,1615,1661,SE
1173254.611,X_LEG_2,8.11,28.63,1.53,1,1615,1661,SE
1173254.632,X_LEG_2,8.11,28.63,1.53,1,1615,1661,SE
1173254.652,X_LEG_2,8.11,28.63,1.53,1,1615,1661,SE
1173254.672,X_LEG_2,8.11,28.63,1.53,1,1615,1661,SE
1173254.693,X_LEG_2,8.11,28.63,1.53,1,1615,1661,SE
1173254.713,X_LEG_2,8.11,28.53,1.57,1,1614,1661,SE
1173254.734,X_LEG_2,8.11,28.53,1.57,1,1614,1661,SE
1173254.754,X_LEG_2,8.11,28.53,1.57,1,1614,1661,SE
1173254.774,X_LEG_2,8.11,28.53,1.57,1,1614,1661,SE
1173254.795,X_LEG_2,8.11,28.53,1.57,1,1614,1661,SE
1173254.815,X_LEG_2,8.10,28.38,1.63,1,1614,1661,SE
1173254.836,X_LEG_2,8.10,28.38,1.63,1,1614,1661,SE
1173254.856,X_LEG_2,8.10,28.38,1.63,1,1614,1661,SE
1173254.877,X_LEG_2,8.10,28.38,1.63,1,1614,1661,SE
1173254.897,X_LEG_2,8.10,28.38,1.63,1,1614,1661,SE
1173254.918,X_LEG_2,8.10,28.38,1.63,1,1614,1661,SE
1173254.938,X_LEG_2,8.10,28.38,1.63,1,1614,1661,SE
1173254.959,X_LEG_2,8.10,28.38,1.63,1,1614,1661,SE
1173254.979,X_LEG_2,8.10,28.38,1.63,1,1614,1661,SE
1173255.000,X_LEG_2,8.10,28.38,1.63,1,1614,1661,SE
1173255.020,X_LEG_2,8.10,28.28,1.66,1,1613,1661,SE
1173255.041,X_LEG_2,8.10,28.28,1.66,1,1613,1661,SE
1173255.061,X_LEG_2,8.10,28.28,1.66,1,1613,1661,SE
1173255.082,X_LEG_2,8.10,28.28,1.66,1,1613,1661,SE
1173255.102,X_LEG_2,8.10,28.28,1.66,1,1613,1661,SE
1173255.123,X_LEG_2,8.09,28.12,1.73,1,1612,1661,SE
1173255.144,X_LEG_2,8.09,28.12,1.73,1,1612,1661,SE
1173255.164,X_LEG_2,8.09,28.12,1.73,1,1612,1661,SE
1173255.184,X_LEG_2,8.09,28.12,1.73,1,1612,1661,SE
1173255.205,X_LEG_2,8.09,28.12,1.73,1,1612,1661,SE
1173255.225,X_LEG_2,8.09,28.02,1.76,1,1612,1661,SE
1173255.246,X_LEG_2,8.09,28.02,1.76,1,1612,1661,SE
1173255.266,X_LEG_2,8.09,28.02,1.76,1,1612,1661,SE
1173255.287,X_LEG_2,8.09,28.02,1.76,1,1612,1661,SE
1173255.307,X_LEG_2,8.09,28.02,1.76,1,1612,1661,SE
1173255.328,X_LEG_2,8.09,27.92,1.80,1,1612,1661,SE
1173255.349,X_LEG_2,8.09,27.92,1.80,1,1612,1661,SE
1173255.369,X_LEG_2,8.09,27.92,1.80,1,1612,1661,SE
1173255.390,X_LEG_2,8.09,27.92,1.80,1,1612,1661,SE
1173255.410,X_LEG_2,8.09,27.92,1.80,1,1612,1661,SE
1173255.430,X_LEG_2,8.09,27.92,1.80,1,1612,1661,SE
1173255.451,X_LEG_2,8.09,27.92,1.80,1,1612,1661,SE
1173255.472,X_LEG_2,8.09,27.92,1.80,1,1612,1661,SE
1173255.492,X_LEG_2,8.09,27.92,1.80,1,1612,1661,SE
1173255.513,X_LEG_2,8.09,27.92,1.80,1,1612,1661,SE
1173255.536,X_LEG_2,8.08,27.77,1.84,1,1611,1661,SE
1173255.554,X_LEG_2,8.08,27.77,1.84,1,1611,1661,SE
1173255.574,X_LEG_2,8.08,27.77,1.84,1,1611,1661,SE
1173255.595,X_LEG_2,8.08,27.77,1.84,1,1611,1661,SE
1173255.615,X_LEG_2,8.08,27.77,1.84,1,1611,1661,SE
1173255.637,X_LEG_2,8.08,27.61,1.91,1,1610,1661,SE
1173255.656,X_LEG_2,8.08,27.61,1.91,1,1610,1661,SE
1173255.677,X_LEG_2,8.08,27.61,1.91,1,1610,1661,SE
1173255.698,X_LEG_2,8.08,27.61,1.91,1,1610,1661,SE
1173255.718,X_LEG_2,8.08,27.61,1.91,1,1610,1661,SE
1173255.740,X_LEG_2,8.08,27.51,1.94,1,1610,1661,SE
1173255.760,X_LEG_2,8.08,27.51,1.94,1,1610,1661,SE
1173255.781,X_LEG_2,8.08,27.51,1.94,1,1610,1661,SE
1173255.802,X_LEG_2,8.08,27.51,1.94,1,1610,1661,SE
1173255.822,X_LEG_2,8.08,27.51,1.94,1,1610,1661,SE
1173255.843,X_LEG_2,8.08,27.51,1.94,1,1610,1661,SE
1173255.863,X_LEG_2,8.08,27.51,1.94,1,1610,1661,SE
1173255.884,X_LEG_2,8.08,27.51,1.94,1,1610,1661,SE
1173255.904,X_LEG_2,8.08,27.51,1.94,1,1610,1661,SE
1173255.925,X_LEG_2,8.08,27.51,1.94,1,1610,1661,SE
1173255.945,X_LEG_2,8.07,27.41,1.98,1,1610,1661,SE
1173255.966,X_LEG_2,8.07,27.41,1.98,1,1610,1661,SE
1173255.986,X_LEG_2,8.07,27.41,1.98,1,1610,1661,SE
1173256.007,X_LEG_2,8.07,27.41,1.98,1,1610,1661,SE
1173256.028,X_LEG_2,8.07,27.41,1.98,1,1610,1661,SE
1173256.048,X_LEG_2,8.07,27.32,2.02,1,1609,1661,SE
1173256.069,X_LEG_2,8.07,27.32,2.02,1,1609,1661,SE
1173256.089,X_LEG_2,8.07,27.32,2.02,1,1609,1661,SE
1173256.110,X_LEG_2,8.07,27.32,2.02,1,1609,1661,SE
1173256.130,X_LEG_2,8.07,27.32,2.02,1,1609,1661,SE
1173256.150,X_LEG_2,8.07,27.16,2.07,1,1609,1661,SE
1173256.171,X_LEG_2,8.07,27.16,2.07,1,1609,1661,SE
1173256.192,X_LEG_2,8.07,27.16,2.07,1,1609,1661,SE
1173256.213,X_LEG_2,8.07,27.16,2.07,1,1609,1661,SE
1173256.233,X_LEG_2,8.07,27.16,2.07,1,1609,1661,SE
1173256.255,X_LEG_2,8.06,27.01,2.14,1,1608,1661,SE
1173256.275,X_LEG_2,8.06,27.01,2.14,1,1608,1661,SE
1173256.296,X_LEG_2,8.06,27.01,2.14,1,1608,1661,SE
1173256.318,X_LEG_2,8.06,27.01,2.14,1,1608,1661,SE
1173256.338,X_LEG_2,8.06,27.01,2.14,1,1608,1661,SE
1173256.359,X_LEG_2,8.06,26.91,2.17,1,1608,1661,SE
1173256.380,X_LEG_2,8.06,26.91,2.17,1,1608,1661,SE
1173256.400,X_LEG_2,8.06,26.91,2.17,1,1608,1661,SE
1173256.421,X_LEG_2,8.06,26.91,2.17,1,1608,1661,SE
1173256.441,X_LEG_2,8.06,26.91,2.17,1,1608,1661,SE
1173256.462,X_LEG_2,8.06,26.82,2.22,1,1607,1661,SE
1173256.482,X_LEG_2,8.06,26.82,2.22,1,1607,1661,SE
1173256.502,X_LEG_2,8.06,26.82,2.22,1,1607,1661,SE
1173256.523,X_LEG_2,8.06,26.82,2.22,1,1607,1661,SE
1173256.543,X_LEG_2,8.06,26.82,2.22,1,1607,1661,SE
1173256.563,X_LEG_2,8.06,26.82,2.22,1,1607,1661,SE
1173256.584,X_LEG_2,8.06,26.82,2.22,1,1607,1661,SE
1173256.604,X_LEG_2,8.06,26.82,2.22,1,1607,1661,SE
1173256.624,X_LEG_2,8.06,26.82,2.22,1,1607,1661,SE
1173256.645,X_LEG_2,8.06,26.82,2.22,1,1607,1661,SE
1173256.665,X_LEG_2,8.06,26.68,2.27,1,1607,1661,SE
1173256.685,X_LEG_2,8.06,26.68,2.27,1,1607,1661,SE
1173256.705,X_LEG_2,8.06,26.68,2.27,1,1607,1661,SE
1173256.726,X_LEG_2,8.06,26.68,2.27,1,1607,1661,SE
1173256.747,X_LEG_2,8.06,26.68,2.27,1,1607,1661,SE
1173256.767,X_LEG_2,8.05,26.57,2.31,1,1606,1661,SE
1173256.787,X_LEG_2,8.05,26.57,2.31,1,1606,1661,SE
1173256.808,X_LEG_2,8.05,26.57,2.31,1,1606,1661,SE
1173256.828,X_LEG_2,8.05,26.57,2.31,1,1606,1661,SE
1173256.850,X_LEG_2,8.05,26.57,2.31,1,1606,1661,SE
1173256.870,X_LEG_2,8.05,26.47,2.35,1,1606,1661,SE
1173256.891,X_LEG_2,8.05,26.47,2.35,1,1606,1661,SE
1173256.911,X_LEG_2,8.05,26.47,2.35,1,1606,1661,SE
1173256.932,X_LEG_2,8.05,26.47,2.35,1,1606,1661,SE
1173256.952,X_LEG_2,8.05,26.47,2.35,1,1606,1661,SE
1173256.973,X_LEG_2,8.05,26.38,2.39,1,1606,1661,SE
1173256.993,X_LEG_2,8.05,26.38,2.39,1,1606,1661,SE
1173257.014,X_LEG_2,8.05,26.38,2.39,1,1606,1661,SE
1173257.035,X_LEG_2,8.05,26.38,2.39,1,1606,1661,SE
1173257.055,X_LEG_2,8.05,26.38,2.39,1,1606,1661,SE
1173257.075,X_LEG_2,8.05,26.38,2.39,1,1606,1661,SE
1173257.096,X_LEG_2,8.05,26.38,2.39,1,1606,1661,SE
1173257.117,X_LEG_2,8.05,26.38,2.39,1,1606,1661,SE
1173257.137,X_LEG_2,8.05,26.38,2.39,1,1606,1661,SE
1173257.157,X_LEG_2,8.05,26.38,2.39,1,1606,1661,SE
1173257.177,X_LEG_2,8.05,26.24,1.44,1,1605,1661,SE
1173257.198,X_LEG_2,8.05,26.24,1.44,1,1605,1661,SE
1173257.219,X_LEG_2,8.05,26.24,1.44,1,1605,1661,SE
1173257.239,X_LEG_2,8.05,26.24,1.44,1,1605,1661,SE
1173257.260,X_LEG_2,8.05,26.24,1.44,1,1605,1661,SE
1173257.280,X_LEG_2,8.05,26.09,1.49,1,1604,1661,SE
1173257.304,X_LEG_2,8.05,26.09,1.49,1,1604,1661,SE
1173257.324,X_LEG_2,8.05,26.09,1.49,1,1604,1661,SE
1173257.345,X_LEG_2,8.05,26.09,1.49,1,1604,1661,SE
1173257.365,X_LEG_2,8.05,26.09,1.49,1,1604,1661,SE
1173257.386,X_LEG_2,8.05,25.99,1.54,1,1604,1661,SE
1173257.408,X_LEG_2,8.05,25.99,1.54,1,1604,1661,SE
1173257.428,X_LEG_2,8.05,25.99,1.54,1,1604,1661,SE
1173257.449,X_LEG_2,8.05,25.99,1.54,1,1604,1661,SE
1173257.470,X_LEG_2,8.05,25.99,1.54,1,1604,1661,SE
1173257.492,X_LEG_2,8.05,25.99,1.54,1,1604,1661,SE
1173257.513,X_LEG_2,8.05,25.99,1.54,1,1604,1661,SE
1173257.533,X_LEG_2,8.05,25.99,1.54,1,1604,1661,SE
1173257.554,X_LEG_2,8.05,25.99,1.54,1,1604,1661,SE
1173257.574,X_LEG_2,8.05,25.99,1.54,1,1604,1661,SE
1173257.595,X_LEG_2,8.04,25.90,1.56,1,1604,1661,SE
1173257.617,X_LEG_2,8.04,25.90,1.56,1,1604,1661,SE
1173257.638,X_LEG_2,8.04,25.90,1.56,1,1604,1661,SE
1173257.658,X_LEG_2,8.04,25.90,1.56,1,1604,1661,SE
1173257.679,X_LEG_2,8.04,25.90,1.56,1,1604,1661,SE
1173257.699,X_LEG_2,8.04,25.80,1.60,1,1603,1661,SE
1173257.720,X_LEG_2,8.04,25.80,1.60,1,1603,1661,SE
1173257.740,X_LEG_2,8.04,25.80,1.60,1,1603,1661,SE
1173257.761,X_LEG_2,8.04,25.80,1.60,1,1603,1661,SE
1173257.781,X_LEG_2,8.04,25.80,1.60,1,1603,1661,SE
1173257.802,X_LEG_2,8.04,25.71,1.65,1,1603,1661,SE
1173257.823,X_LEG_2,8.04,25.71,1.65,1,1603,1661,SE
1173257.843,X_LEG_2,8.04,25.71,1.65,1,1603,1661,SE
1173257.863,X_LEG_2,8.04,25.71,1.65,1,1603,1661,SE
1173257.884,X_LEG_2,8.04,25.71,1.65,1,1603,1661,SE
1173257.904,X_LEG_2,8.04,25.62,1.69,1,1602,1661,SE
1173257.925,X_LEG_2,8.04,25.62,1.69,1,1602,1661,SE
1173257.946,X_LEG_2,8.04,25.62,1.69,1,1602,1661,SE
1173257.966,X_LEG_2,8.04,25.62,1.69,1,1602,1661,SE
1173257.987,X_LEG_2,8.04,25.62,1.69,1,1602,1661,SE
1173258.007,X_LEG_2,8.04,25.52,1.72,1,1602,1661,SE
1173258.028,X_LEG_2,8.04,25.52,1.72,1,1602,1661,SE
1173258.048,X_LEG_2,8.04,25.52,1.72,1,1602,1661,SE
1173258.068,X_LEG_2,8.04,25.52,1.72,1,1602,1661,SE
1173258.089,X_LEG_2,8.04,25.52,1.72,1,1602,1661,SE
1173258.109,X_LEG_2,8.04,25.43,1.76,1,1602,1661,SE
1173258.131,X_LEG_2,8.04,25.43,1.76,1,1602,1661,SE
1173258.151,X_LEG_2,8.04,25.43,1.76,1,1602,1661,SE
1173258.171,X_LEG_2,8.04,25.43,1.76,1,1602,1661,SE
1173258.192,X_LEG_2,8.04,25.43,1.76,1,1602,1661,SE
1173258.213,X_LEG_2,8.04,25.32,1.80,1,1601,1661,SE
1173258.233,X_LEG_2,8.04,25.32,1.80,1,1601,1661,SE
1173258.254,X_LEG_2,8.04,25.32,1.80,1,1601,1661,SE
1173258.274,X_LEG_2,8.04,25.32,1.80,1,1601,1661,SE
1173258.295,X_LEG_2,8.04,25.32,1.80,1,1601,1661,SE
1173258.315,X_LEG_2,8.04,25.32,1.80,1,1601,1661,SE
1173258.335,X_LEG_2,8.04,25.32,1.80,1,1601,1661,SE
1173258.356,X_LEG_2,8.04,25.32,1.80,1,1601,1661,SE
1173258.376,X_LEG_2,8.04,25.32,1.80,1,1601,1661,SE
1173258.397,X_LEG_2,8.04,25.32,1.80,1,1601,1661,SE
1173258.417,X_LEG_2,8.04,25.23,1.85,1,1601,1661,SE
1173258.438,X_LEG_2,8.04,25.23,1.85,1,1601,1661,SE
1173258.459,X_LEG_2,8.04,25.23,1.85,1,1601,1661,SE
1173258.479,X_LEG_2,8.04,25.23,1.85,1,1601,1661,SE
1173258.499,X_LEG_2,8.04,25.23,1.85,1,1601,1661,SE
1173258.520,X_LEG_2,8.04,25.14,1.88,1,1601,1661,SE
1173258.541,X_LEG_2,8.04,25.14,1.88,1,1601,1661,SE
1173258.561,X_LEG_2,8.04,25.14,1.88,1,1601,1661,SE
1173258.582,X_LEG_2,8.04,25.14,1.88,1,1601,1661,SE
1173258.603,X_LEG_2,8.04,25.14,1.88,1,1601,1661,SE
1173258.623,X_LEG_2,8.03,25.04,1.92,1,1600,1661,SE
1173258.645,X_LEG_2,8.03,25.04,1.92,1,1600,1661,SE
1173258.666,X_LEG_2,8.03,25.04,1.92,1,1600,1661,SE
1173258.687,X_LEG_2,8.03,25.04,1.92,1,1600,1661,SE
1173258.707,X_LEG_2,8.03,25.04,1.92,1,1600,1661,SE
1173258.727,X_LEG_2,8.03,24.95,1.95,1,1600,1661,SE
1173258.748,X_LEG_2,8.03,24.95,1.95,1,1600,1661,SE
1173258.768,X_LEG_2,8.03,24.95,1.95,1,1600,1661,SE
1173258.789,X_LEG_2,8.03,24.95,1.95,1,1600,1661,SE
1173258.809,X_LEG_2,8.03,24.95,1.95,1,1600,1661,SE
1173258.830,X_LEG_2,8.03,24.82,2.01,1,1599,1661,SE
1173258.850,X_LEG_2,8.03,24.82,2.01,1,1599,1661,SE
1173258.871,X_LEG_2,8.03,24.82,2.01,1,1599,1661,SE
1173258.891,X_LEG_2,8.03,24.82,2.01,1,1599,1661,SE
1173258.912,X_LEG_2,8.03,24.82,2.01,1,1599,1661,SE
1173258.932,X_LEG_2,8.03,24.82,2.01,1,1599,1661,SE
1173258.953,X_LEG_2,8.03,24.82,2.01,1,1599,1661,SE
1173258.973,X_LEG_2,8.03,24.82,2.01,1,1599,1661,SE
1173258.994,X_LEG_2,8.03,24.82,2.01,1,1599,1661,SE
1173259.014,X_LEG_2,8.03,24.82,2.01,1,1599,1661,SE
1173259.035,X_LEG_2,8.03,24.68,2.07,1,1599,1661,SE
1173259.055,X_LEG_2,8.03,24.68,2.07,1,1599,1661,SE
1173259.076,X_LEG_2,8.03,24.68,2.07,1,1599,1661,SE
1173259.097,X_LEG_2,8.03,24.68,2.07,1,1599,1661,SE
1173259.118,X_LEG_2,8.03,24.68,2.07,1,1599,1661,SE
1173259.138,X_LEG_2,8.03,24.54,1.13,1,1598,1661,SE
1173259.159,X_LEG_2,8.03,24.54,1.13,1,1598,1661,SE
1173259.179,X_LEG_2,8.03,24.54,1.13,1,1598,1661,SE
1173259.200,X_LEG_2,8.03,24.54,1.13,1,1598,1661,SE
1173259.220,X_LEG_2,8.03,24.54,1.13,1,1598,1661,SE
1173259.240,X_LEG_2,8.03,24.40,1.19,1,1598,1661,SE
1173259.261,X_LEG_2,8.03,24.40,1.19,1,1598,1661,SE
1173259.281,X_LEG_2,8.03,24.40,1.19,1,1598,1661,SE
1173259.301,X_LEG_2,8.03,24.40,1.19,1,1598,1661,SE
1173259.322,X_LEG_2,8.03,24.40,1.19,1,1598,1661,SE
1173259.342,X_LEG_2,8.03,24.40,1.19,1,1598,1661,SE
1173259.362,X_LEG_2,8.03,24.40,1.19,1,1598,1661,SE
1173259.383,X_LEG_2,8.03,24.40,1.19,1,1598,1661,SE
1173259.403,X_LEG_2,8.03,24.40,1.19,1,1598,1661,SE
1173259.424,X_LEG_2,8.03,24.40,1.19,1,1598,1661,SE
1173259.444,X_LEG_2,8.03,24.27,1.26,1,1597,1661,SE
1173259.465,X_LEG_2,8.03,24.27,1.26,1,1597,1661,SE
1173259.487,X_LEG_2,8.03,24.27,1.26,1,1597,1661,SE
1173259.508,X_LEG_2,8.03,24.27,1.26,1,1597,1661,SE
1173259.528,X_LEG_2,8.03,24.27,1.26,1,1597,1661,SE
1173259.549,X_LEG_2,8.03,24.13,1.32,1,1597,1661,SE
1173259.569,X_LEG_2,8.03,24.13,1.32,1,1597,1661,SE
1173259.589,X_LEG_2,8.03,24.13,1.32,1,1597,1661,SE
1173259.610,X_LEG_2,8.03,24.13,1.32,1,1597,1661,SE
1173259.631,X_LEG_2,8.03,24.13,1.32,1,1597,1661,SE
1173259.651,X_LEG_2,8.03,24.04,1.35,1,1596,1661,SE
1173259.672,X_LEG_2,8.03,24.04,1.35,1,1596,1661,SE
1173259.693,X_LEG_2,8.03,24.04,1.35,1,1596,1661,SE
1173259.713,X_LEG_2,8.03,24.04,1.35,1,1596,1661,SE
1173259.733,X_LEG_2,8.03,24.04,1.35,1,1596,1661,SE
1173259.754,X_LEG_2,8.03,24.04,1.35,1,1596,1661,SE
1173259.774,X_LEG_2,8.03,24.04,1.35,1,1596,1661,SE
1173259.795,X_LEG_2,8.03,24.04,1.35,1,1596,1661,SE
1173259.815,X_LEG_2,8.03,24.04,1.35,1,1596,1661,SE
1173259.835,X_LEG_2,8.03,24.04,1.35,1,1596,1661,SE
1173259.856,X_LEG_2,8.03,23.91,1.42,1,1596,1661,SE
1173259.876,X_LEG_2,8.03,23.91,1.42,1,1596,1661,SE
1173259.896,X_LEG_2,8.03,23.91,1.42,1,1596,1661,SE
1173259.917,X_LEG_2,8.03,23.91,1.42,1,1596,1661,SE
1173259.937,X_LEG_2,8.03,23.91,1.42,1,1596,1661,SE
1173259.958,X_LEG_2,8.04,23.82,1.45,1,1595,1661,SE
1173259.978,X_LEG_2,8.04,23.82,1.45,1,1595,1661,SE
1173259.999,X_LEG_2,8.04,23.82,1.45,1,1595,1661,SE
1173260.019,X_LEG_2,8.04,23.82,1.45,1,1595,1661,SE
1173260.039,X_LEG_2,8.04,23.82,1.45,1,1595,1661,SE
1173260.061,X_LEG_2,8.04,23.73,1.50,1,1595,1661,SE
1173260.081,X_LEG_2,8.04,23.73,1.50,1,1595,1661,SE
1173260.101,X_LEG_2,8.04,23.73,1.50,1,1595,1661,SE
1173260.122,X_LEG_2,8.04,23.73,1.50,1,1595,1661,SE
1173260.143,X_LEG_2,8.04,23.73,1.50,1,1595,1661,SE
1173260.163,X_LEG_2,8.04,23.64,1.53,1,1595,1661,SE
1173260.183,X_LEG_2,8.04,23.64,1.53,1,1595,1661,SE
1173260.203,X_LEG_2,8.04,23.64,1.53,1,1595,1661,SE
1173260.224,X_LEG_2,8.04,23.64,1.53,1,1595,1661,SE
1173260.244,X_LEG_2,8.04,23.64,1.53,1,1595,1661,SE
1173260.265,X_LEG_2,8.04,23.52,1.60,1,1594,1661,SE
1173260.285,X_LEG_2,8.04,23.52,1.60,1,1594,1661,SE
1173260.305,X_LEG_2,8.04,23.52,1.60,1,1594,1661,SE
1173260.328,X_LEG_2,8.04,23.52,1.60,1,1594,1661,SE
1173260.349,X_LEG_2,8.04,23.52,1.60,1,1594,1661,SE
1173260.369,X_LEG_2,8.04,23.43,1.63,1,1594,1661,SE
1173260.390,X_LEG_2,8.04,23.43,1.63,1,1594,1661,SE
1173260.410,X_LEG_2,8.04,23.43,1.63,1,1594,1661,SE
1173260.431,X_LEG_2,8.04,23.43,1.63,1,1594,1661,SE
1173260.452,X_LEG_2,8.04,23.43,1.63,1,1594,1661,SE
1173260.472,X_LEG_2,8.04,23.34,1.68,1,1593,1661,SE
1173260.493,X_LEG_2,8.04,23.34,1.68,1,1593,1661,SE
1173260.513,X_LEG_2,8.04,23.34,1.68,1,1593,1661,SE
1173260.534,X_LEG_2,8.04,23.34,1.68,1,1593,1661,SE
1173260.554,X_LEG_2,8.04,23.34,1.68,1,1593,1661,SE
1173260.574,X_LEG_2,8.04,23.34,1.68,1,1593,1661,SE
1173260.595,X_LEG_2,8.04,23.34,1.68,1,1593,1661,SE
1173260.615,X_LEG_2,8.04,23.34,1.68,1,1593,1661,SE
1173260.636,X_LEG_2,8.04,23.34,1.68,1,1593,1661,SE
1173260.657,X_LEG_2,8.04,23.34,1.68,1,1593,1661,SE
1173260.678,X_LEG_2,8.04,23.20,1.73,1,1593,1661,SE
1173260.698,X_LEG_2,8.04,23.20,1.73,1,1593,1661,SE
1173260.720,X_LEG_2,8.04,23.20,1.73,1,1593,1661,SE
1173260.740,X_LEG_2,8.04,23.20,1.73,1,1593,1661,SE
1173260.761,X_LEG_2,8.04,23.20,1.73,1,1593,1661,SE
1173260.781,X_LEG_2,8.04,23.08,1.80,1,1592,1661,SE
1173260.802,X_LEG_2,8.04,23.08,1.80,1,1592,1661,SE
1173260.822,X_LEG_2,8.04,23.08,1.80,1,1592,1661,SE
1173260.843,X_LEG_2,8.04,23.08,1.80,1,1592,1661,SE
1173260.863,X_LEG_2,8.04,23.08,1.80,1,1592,1661,SE
1173260.884,X_LEG_2,8.04,23.08,1.80,1,1592,1661,SE
1173260.905,X_LEG_2,8.04,23.08,1.80,1,1592,1661,SE
1173260.925,X_LEG_2,8.04,23.08,1.80,1,1592,1661,SE
1173260.945,X_LEG_2,8.04,23.08,1.80,1,1592,1661,SE
1173260.966,X_LEG_2,8.04,23.08,1.80,1,1592,1661,SE
1173260.990,X_LEG_2,8.05,22.99,1.83,1,1592,1661,SE
1173261.010,X_LEG_2,8.05,22.99,1.83,1,1592,1661,SE
1173261.031,X_LEG_2,8.05,22.99,1.83,1,1592,1661,SE
1173261.051,X_LEG_2,8.05,22.99,1.83,1,1592,1661,SE
1173261.072,X_LEG_2,8.05,22.99,1.83,1,1592,1661,SE
1173261.092,X_LEG_2,8.05,22.90,1.87,1,1592,1661,SE
1173261.113,X_LEG_2,8.05,22.90,1.87,1,1592,1661,SE
1173261.133,X_LEG_2,8.05,22.90,1.87,1,1592,1661,SE
1173261.154,X_LEG_2,8.05,22.90,1.87,1,1592,1661,SE
1173261.174,X_LEG_2,8.05,22.90,1.87,1,1592,1661,SE
1173261.194,X_LEG_2,8.05,22.82,1.92,1,1591,1661,SE
1173261.215,X_LEG_2,8.05,22.82,1.92,1,1591,1661,SE
1173261.236,X_LEG_2,8.05,22.82,1.92,1,1591,1661,SE
1173261.257,X_LEG_2,8.05,22.82,1.92,1,1591,1661,SE
1173261.277,X_LEG_2,8.05,22.82,1.92,1,1591,1661,SE
1173261.298,X_LEG_2,8.05,22.73,1.95,1,1591,1661,SE
1173261.318,X_LEG_2,8.05,22.73,1.95,1,1591,1661,SE
1173261.338,X_LEG_2,8.05,22.73,1.95,1,1591,1661,SE
1173261.359,X_LEG_2,8.05,22.73,1.95,1,1591,1661,SE
1173261.379,X_LEG_2,8.05,22.73,1.95,1,1591,1661,SE
1173261.400,X_LEG_2,8.05,22.65,1.99,1,1591,1661,SE
1173261.420,X_LEG_2,8.05,22.65,1.99,1,1591,1661,SE
1173261.441,X_LEG_2,8.05,22.65,1.99,1,1591,1661,SE
1173261.461,X_LEG_2,8.05,22.65,1.99,1,1591,1661,SE
1173261.481,X_LEG_2,8.05,22.65,1.99,1,1591,1661,SE
1173261.502,X_LEG_2,8.05,22.65,1.99,1,1591,1661,SE
1173261.522,X_LEG_2,8.05,22.65,1.99,1,1591,1661,SE
1173261.542,X_LEG_2,8.05,22.65,1.99,1,1591,1661,SE
1173261.563,X_LEG_2,8.05,22.65,1.99,1,1591,1661,SE
1173261.584,X_LEG_2,8.05,22.65,1.99,1,1591,1661,SE
1173261.604,X_LEG_2,8.05,22.56,2.05,1,1590,1661,SE
1173261.625,X_LEG_2,8.05,22.56,2.05,1,1590,1661,SE
1173261.645,X_LEG_2,8.05,22.56,2.05,1,1590,1661,SE
1173261.666,X_LEG_2,8.05,22.56,2.05,1,1590,1661,SE
1173261.686,X_LEG_2,8.05,22.56,2.05,1,1590,1661,SE
1173261.706,X_LEG_2,8.05,22.47,2.08,1,1590,1661,SE
1173261.727,X_LEG_2,8.05,22.47,2.08,1,1590,1661,SE
1173261.747,X_LEG_2,8.05,22.47,2.08,1,1590,1661,SE
1173261.769,X_LEG_2,8.05,22.47,2.08,1,1590,1661,SE
1173261.789,X_LEG_2,8.05,22.47,2.08,1,1590,1661,SE
1173261.810,X_LEG_2,8.06,22.35,2.13,1,1589,1661,SE
1173261.830,X_LEG_2,8.06,22.35,2.13,1,1589,1661,SE
1173261.851,X_LEG_2,8.06,22.35,2.13,1,1589,1661,SE
1173261.871,X_LEG_2,8.06,22.35,2.13,1,1589,1661,SE
1173261.892,X_LEG_2,8.06,22.35,2.13,1,1589,1661,SE
1173261.913,X_LEG_2,8.06,22.35,2.13,1,1589,1661,SE
1173261.933,X_LEG_2,8.06,22.35,2.13,1,1589,1661,SE
1173261.953,X_LEG_2,8.06,22.35,2.13,1,1589,1661,SE
1173261.974,X_LEG_2,8.06,22.35,2.13,1,1589,1661,SE
1173261.994,X_LEG_2,8.06,22.35,2.13,1,1589,1661,SE
1173262.015,X_LEG_2,8.06,22.23,2.21,1,1589,1661,SE
1173262.035,X_LEG_2,8.06,22.23,2.21,1,1589,1661,SE
1173262.055,X_LEG_2,8.06,22.23,2.21,1,1589,1661,SE
1173262.076,X_LEG_2,8.06,22.23,2.21,1,1589,1661,SE
1173262.096,X_LEG_2,8.06,22.23,2.21,1,1589,1661,SE
1173262.116,X_LEG_2,8.06,22.15,2.25,1,1589,1661,SE
1173262.137,X_LEG_2,8.06,22.15,2.25,1,1589,1661,SE
1173262.157,X_LEG_2,8.06,22.15,2.25,1,1589,1661,SE
1173262.178,X_LEG_2,8.06,22.15,2.25,1,1589,1661,SE
1173262.198,X_LEG_2,8.06,22.15,2.25,1,1589,1661,SE
1173262.218,X_LEG_2,8.07,22.03,2.30,1,1588,1661,SE
1173262.239,X_LEG_2,8.07,22.03,2.30,1,1588,1661,SE
1173262.259,X_LEG_2,8.07,22.03,2.30,1,1588,1661,SE
1173262.279,X_LEG_2,8.07,22.03,2.30,1,1588,1661,SE
1173262.300,X_LEG_2,8.07,22.03,2.30,1,1588,1661,SE
1173262.320,X_LEG_2,8.07,22.03,2.30,1,1588,1661,SE
1173262.341,X_LEG_2,8.07,22.03,2.30,1,1588,1661,SE
1173262.361,X_LEG_2,8.07,22.03,2.30,1,1588,1661,SE
1173262.382,X_LEG_2,8.07,22.03,2.30,1,1588,1661,SE
1173262.402,X_LEG_2,8.07,22.03,2.30,1,1588,1661,SE
1173262.423,X_LEG_2,8.07,21.90,2.38,1,1588,1661,SE
1173262.443,X_LEG_2,8.07,21.90,2.38,1,1588,1661,SE
1173262.464,X_LEG_2,8.07,21.90,2.38,1,1588,1661,SE
1173262.485,X_LEG_2,8.07,21.90,2.38,1,1588,1661,SE
1173262.506,X_LEG_2,8.07,21.90,2.38,1,1588,1661,SE
1173262.526,X_LEG_2,8.07,21.81,1.42,1,1587,1661,SE
1173262.547,X_LEG_2,8.07,21.81,1.42,1,1587,1661,SE
1173262.568,X_LEG_2,8.07,21.81,1.42,1,1587,1661,SE
1173262.588,X_LEG_2,8.07,21.81,1.42,1,1587,1661,SE
1173262.610,X_LEG_2,8.07,21.81,1.42,1,1587,1661,SE
1173262.630,X_LEG_2,8.07,21.73,1.46,1,1587,1661,SE
1173262.650,X_LEG_2,8.07,21.73,1.46,1,1587,1661,SE
1173262.671,X_LEG_2,8.07,21.73,1.46,1,1587,1661,SE
1173262.692,X_LEG_2,8.07,21.73,1.46,1,1587,1661,SE
1173262.712,X_LEG_2,8.07,21.73,1.46,1,1587,1661,SE
1173262.733,X_LEG_2,8.08,21.66,1.49,1,1587,1661,SE
1173262.754,X_LEG_2,8.08,21.66,1.49,1,1587,1661,SE
1173262.774,X_LEG_2,8.08,21.66,1.49,1,1587,1661,SE
1173262.796,X_LEG_2,8.08,21.66,1.49,1,1587,1661,SE
1173262.816,X_LEG_2,8.08,21.66,1.49,1,1587,1661,SE
1173262.837,X_LEG_2,8.08,21.53,1.55,1,1586,1661,SE
1173262.857,X_LEG_2,8.08,21.53,1.55,1,1586,1661,SE
1173262.878,X_LEG_2,8.08,21.53,1.55,1,1586,1661,SE
1173262.898,X_LEG_2,8.08,21.53,1.55,1,1586,1661,SE
1173262.919,X_LEG_2,8.08,21.53,1.55,1,1586,1661,SE
1173262.939,X_LEG_2,8.08,21.53,1.55,1,1586,1661,SE
1173262.959,X_LEG_2,8.08,21.53,1.55,1,1586,1661,SE
1173262.980,X_LEG_2,8.08,21.53,1.55,1,1586,1661,SE
1173263.000,X_LEG_2,8.08,21.53,1.55,1,1586,1661,SE
1173263.021,X_LEG_2,8.08,21.53,1.55,1,1586,1661,SE
1173263.041,X_LEG_2,8.08,21.41,1.63,1,1586,1661,SE
1173263.062,X_LEG_2,8.08,21.41,1.63,1,1586,1661,SE
1173263.083,X_LEG_2,8.08,21.41,1.63,1,1586,1661,SE
1173263.104,X_LEG_2,8.08,21.41,1.63,1,1586,1661,SE
1173263.124,X_LEG_2,8.08,21.41,1.63,1,1586,1661,SE
1173263.145,X_LEG_2,8.09,21.33,1.67,1,1585,1661,SE
1173263.165,X_LEG_2,8.09,21.33,1.67,1,1585,1661,SE
1173263.187,X_LEG_2,8.09,21.33,1.67,1,1585,1661,SE
1173263.208,X_LEG_2,8.09,21.33,1.67,1,1585,1661,SE
1173263.228,X_LEG_2,8.09,21.33,1.67,1,1585,1661,SE
1173263.249,X_LEG_2,8.09,21.25,1.71,1,1585,1661,SE
1173263.269,X_LEG_2,8.09,21.25,1.71,1,1585,1661,SE
1173263.290,X_LEG_2,8.09,21.25,1.71,1,1585,1661,SE
1173263.311,X_LEG_2,8.09,21.25,1.71,1,1585,1661,SE
1173263.332,X_LEG_2,8.09,21.25,1.71,1,1585,1661,SE
1173263.352,X_LEG_2,8.09,21.25,1.71,1,1585,1661,SE
1173263.374,X_LEG_2,8.09,21.25,1.71,1,1585,1661,SE
1173263.394,X_LEG_2,8.09,21.25,1.71,1,1585,1661,SE
1173263.415,X_LEG_2,8.09,21.25,1.71,1,1585,1661,SE
1173263.436,X_LEG_2,8.09,21.25,1.71,1,1585,1661,SE
1173263.456,X_LEG_2,8.09,21.13,1.77,1,1585,1661,SE
1173263.476,X_LEG_2,8.09,21.13,1.77,1,1585,1661,SE
1173263.497,X_LEG_2,8.09,21.13,1.77,1,1585,1661,SE
1173263.517,X_LEG_2,8.09,21.13,1.77,1,1585,1661,SE
1173263.538,X_LEG_2,8.09,21.13,1.77,1,1585,1661,SE
1173263.558,X_LEG_2,8.10,21.02,1.83,1,1584,1661,SE
1173263.579,X_LEG_2,8.10,21.02,1.83,1,1584,1661,SE
1173263.599,X_LEG_2,8.10,21.02,1.83,1,1584,1661,SE
1173263.619,X_LEG_2,8.10,21.02,1.83,1,1584,1661,SE
1173263.641,X_LEG_2,8.10,21.02,1.83,1,1584,1661,SE
1173263.661,X_LEG_2,8.10,20.93,1.88,1,1584,1661,SE
1173263.681,X_LEG_2,8.10,20.93,1.88,1,1584,1661,SE
1173263.701,X_LEG_2,8.10,20.93,1.88,1,1584,1661,SE
1173263.722,X_LEG_2,8.10,20.93,1.88,1,1584,1661,SE
1173263.742,X_LEG_2,8.10,20.93,1.88,1,1584,1661,SE
1173263.763,X_LEG_2,8.10,20.93,1.88,1,1584,1661,SE
1173263.783,X_LEG_2,8.10,20.93,1.88,1,1584,1661,SE
1173263.804,X_LEG_2,8.10,20.93,1.88,1,1584,1661,SE
1173263.824,X_LEG_2,8.10,20.93,1.88,1,1584,1661,SE
1173263.845,X_LEG_2,8.10,20.93,1.88,1,1584,1661,SE
1173263.865,X_LEG_2,8.11,20.82,1.94,1,1583,1661,SE
1173263.886,X_LEG_2,8.11,20.82,1.94,1,1583,1661,SE
1173263.906,X_LEG_2,8.11,20.82,1.94,1,1583,1661,SE
1173263.927,X_LEG_2,8.11,20.82,1.94,1,1583,1661,SE
1173263.947,X_LEG_2,8.11,20.82,1.94,1,1583,1661,SE
1173263.968,X_LEG_2,8.11,20.71,2.00,1,1583,1661,SE
1173263.988,X_LEG_2,8.11,20.71,2.00,1,1583,1661,SE
1173264.009,X_LEG_2,8.11,20.71,2.00,1,1583,1661,SE
1173264.029,X_LEG_2,8.11,20.71,2.00,1,1583,1661,SE
1173264.050,X_LEG_2,8.11,20.71,2.00,1,1583,1661,SE
1173264.070,X_LEG_2,8.12,20.63,2.04,1,1583,1661,SE
1173264.091,X_LEG_2,8.12,20.63,2.04,1,1583,1661,SE
1173264.112,X_LEG_2,8.12,20.63,2.04,1,1583,1661,SE
1173264.132,X_LEG_2,8.12,20.63,2.04,1,1583,1661,SE
1173264.152,X_LEG_2,8.12,20.63,2.04,1,1583,1661,SE
1173264.173,X_LEG_2,8.12,20.55,2.09,1,1582,1661,SE
1173264.194,X_LEG_2,8.12,20.55,2.09,1,1582,1661,SE
1173264.214,X_LEG_2,8.12,20.55,2.09,1,1582,1661,SE
1173264.235,X_LEG_2,8.12,20.55,2.09,1,1582,1661,SE
1173264.255,X_LEG_2,8.12,20.55,2.09,1,1582,1661,SE
1173264.276,X_LEG_2,8.12,20.55,2.09,1,1582,1661,SE
1173264.297,X_LEG_2,8.12,20.55,2.09,1,1582,1661,SE
1173264.317,X_LEG_2,8.12,20.55,2.09,1,1582,1661,SE
1173264.338,X_LEG_2,8.12,20.55,2.09,1,1582,1661,SE
1173264.358,X_LEG_2,8.12,20.55,2.09,1,1582,1661,SE
1173264.379,X_LEG_2,8.13,20.43,2.15,1,1582,1661,SE
1173264.400,X_LEG_2,8.13,20.43,2.15,1,1582,1661,SE
1173264.420,X_LEG_2,8.13,20.43,2.15,1,1582,1661,SE
1173264.441,X_LEG_2,8.13,20.43,2.15,1,1582,1661,SE
1173264.461,X_LEG_2,8.13,20.43,2.15,1,1582,1661,SE
1173264.482,X_LEG_2,8.13,20.32,2.22,1,1581,1661,SE
1173264.502,X_LEG_2,8.13,20.32,2.22,1,1581,1661,SE
1173264.523,X_LEG_2,8.13,20.32,2.22,1,1581,1661,SE
1173264.543,X_LEG_2,8.13,20.32,2.22,1,1581,1661,SE
1173264.563,X_LEG_2,8.13,20.32,2.22,1,1581,1661,SE
1173264.584,X_LEG_2,8.13,20.24,2.26,1,1581,1661,SE
1173264.604,X_LEG_2,8.13,20.24,2.26,1,1581,1661,SE
1173264.624,X_LEG_2,8.13,20.24,2.26,1,1581,1661,SE
1173264.645,X_LEG_2,8.13,20.24,2.26,1,1581,1661,SE
1173264.666,X_LEG_2,8.13,20.24,2.26,1,1581,1661,SE
1173264.686,X_LEG_2,8.13,20.24,2.26,1,1581,1661,SE
1173264.707,X_LEG_2,8.13,20.24,2.26,1,1581,1661,SE
1173264.727,X_LEG_2,8.13,20.24,2.26,1,1581,1661,SE
1173264.748,X_LEG_2,8.13,20.24,2.26,1,1581,1661,SE
1173264.769,X_LEG_2,8.13,20.24,2.26,1,1581,1661,SE
1173264.790,X_LEG_2,8.14,20.13,2.33,1,1581,1661,SE
1173264.811,X_LEG_2,8.14,20.13,2.33,1,1581,1661,SE
1173264.832,X_LEG_2,8.14,20.13,2.33,1,1581,1661,SE
1173264.852,X_LEG_2,8.14,20.13,2.33,1,1581,1661,SE
1173264.872,X_LEG_2,8.14,20.13,2.33,1,1581,1661,SE
1173264.893,X_LEG_2,8.14,20.06,2.37,1,1580,1661,SE
1173264.913,X_LEG_2,8.14,20.06,2.37,1,1580,1661,SE
1173264.934,X_LEG_2,8.14,20.06,2.37,1,1580,1661,SE
1173264.954,X_LEG_2,8.14,20.06,2.37,1,1580,1661,SE
1173264.975,X_LEG_2,8.14,20.06,2.37,1,1580,1661,SE
1173264.995,X_LEG_2,8.14,20.06,2.37,1,1580,1661,SE
1173265.015,X_LEG_2,8.14,20.06,2.37,1,1580,1661,SE
1173265.036,X_LEG_2,8.14,20.06,2.37,1,1580,1661,SE
1173265.057,X_LEG_2,8.14,20.06,2.37,1,1580,1661,SE
1173265.077,X_LEG_2,8.14,20.06,2.37,1,1580,1661,SE
1173265.098,X_LEG_2,8.15,19.95,2.44,1,1580,1661,SE
1173265.118,X_LEG_2,8.15,19.95,2.44,1,1580,1661,SE
1173265.139,X_LEG_2,8.15,19.95,2.44,1,1580,1661,SE
1173265.159,X_LEG_2,8.15,19.95,2.44,1,1580,1661,SE
1173265.180,X_LEG_2,8.15,19.95,2.44,1,1580,1661,SE
1173265.200,X_LEG_2,8.16,19.84,2.51,1,1579,1661,SE
1173265.220,X_LEG_2,8.16,19.84,2.51,1,1579,1661,SE
1173265.241,X_LEG_2,8.16,19.84,2.51,1,1579,1661,SE
1173265.261,X_LEG_2,8.16,19.84,2.51,1,1579,1661,SE
1173265.281,X_LEG_2,8.16,19.84,2.51,1,1579,1661,SE
1173265.303,X_LEG_2,8.16,19.76,2.56,1,1579,1661,SE
1173265.323,X_LEG_2,8.16,19.76,2.56,1,1579,1661,SE
1173265.343,X_LEG_2,8.16,19.76,2.56,1,1579,1661,SE
1173265.364,X_LEG_2,8.16,19.76,2.56,1,1579,1661,SE
1173265.384,X_LEG_2,8.16,19.76,2.56,1,1579,1661,SE
1173265.405,X_LEG_2,8.16,19.76,1.56,1,1579,1661,SE
1173265.425,X_LEG_2,8.16,19.76,1.56,1,1579,1661,SE
1173265.446,X_LEG_2,8.16,19.76,1.56,1,1579,1661,SE
1173265.466,X_LEG_2,8.16,19.76,1.56,1,1579,1661,SE
1173265.487,X_LEG_2,8.16,19.76,1.56,1,1579,1661,SE
1173265.508,X_LEG_2,8.17,19.65,1.63,1,1579,1661,SE
1173265.528,X_LEG_2,8.17,19.65,1.63,1,1579,1661,SE
1173265.549,X_LEG_2,8.17,19.65,1.63,1,1579,1661,SE
1173265.570,X_LEG_2,8.17,19.65,1.63,1,1579,1661,SE
1173265.591,X_LEG_2,8.17,19.65,1.63,1,1579,1661,SE
1173265.611,X_LEG_2,8.17,19.58,1.65,1,1578,1661,SE
1173265.632,X_LEG_2,8.17,19.58,1.65,1,1578,1661,SE
1173265.652,X_LEG_2,8.17,19.58,1.65,1,1578,1661,SE
1173265.672,X_LEG_2,8.17,19.58,1.65,1,1578,1661,SE
1173265.692,X_LEG_2,8.17,19.58,1.65,1,1578,1661,SE
1173265.713,X_LEG_2,8.18,19.50,1.70,1,1578,1661,SE
1173265.734,X_LEG_2,8.18,19.50,1.70,1,1578,1661,SE
1173265.754,X_LEG_2,8.18,19.50,1.70,1,1578,1661,SE
1173265.774,X_LEG_2,8.18,19.50,1.70,1,1578,1661,SE
1173265.795,X_LEG_2,8.18,19.50,1.70,1,1578,1661,SE
1173265.816,X_LEG_2,8.18,19.39,1.77,1,1578,1661,SE
1173265.836,X_LEG_2,8.18,19.39,1.77,1,1578,1661,SE
1173265.857,X_LEG_2,8.18,19.39,1.77,1,1578,1661,SE
1173265.877,X_LEG_2,8.18,19.39,1.77,1,1578,1661,SE
1173265.897,X_LEG_2,8.18,19.39,1.77,1,1578,1661,SE
1173265.918,X_LEG_2,8.19,19.33,1.82,1,1577,1661,SE
1173265.938,X_LEG_2,8.19,19.33,1.82,1,1577,1661,SE
1173265.959,X_LEG_2,8.19,19.33,1.82,1,1577,1661,SE
1173265.980,X_LEG_2,8.19,19.33,1.82,1,1577,1661,SE
1173266.000,X_LEG_2,8.19,19.33,1.82,1,1577,1661,SE
1173266.020,X_LEG_2,8.19,19.33,1.82,1,1577,1661,SE
1173266.040,X_LEG_2,8.19,19.33,1.82,1,1577,1661,SE
1173266.061,X_LEG_2,8.19,19.33,1.82,1,1577,1661,SE
1173266.081,X_LEG_2,8.19,19.33,1.82,1,1577,1661,SE
1173266.101,X_LEG_2,8.19,19.33,1.82,1,1577,1661,SE
1173266.122,X_LEG_2,8.19,19.21,1.89,1,1577,1661,SE
1173266.143,X_LEG_2,8.19,19.21,1.89,1,1577,1661,SE
1173266.163,X_LEG_2,8.19,19.21,1.89,1,1577,1661,SE
1173266.183,X_LEG_2,8.19,19.21,1.89,1,1577,1661,SE
1173266.204,X_LEG_2,8.19,19.21,1.89,1,1577,1661,SE
1173266.224,X_LEG_2,8.19,19.21,1.89,1,1577,1661,SE
1173266.245,X_LEG_2,8.19,19.21,1.89,1,1577,1661,SE
1173266.265,X_LEG_2,8.19,19.21,1.89,1,1577,1661,SE
1173266.286,X_LEG_2,8.19,19.21,1.89,1,1577,1661,SE
1173266.307,X_LEG_2,8.19,19.21,1.89,1,1577,1661,SE
1173266.327,X_LEG_2,8.20,19.11,1.94,1,1576,1661,SE
1173266.348,X_LEG_2,8.20,19.11,1.94,1,1576,1661,SE
1173266.369,X_LEG_2,8.20,19.11,1.94,1,1576,1661,SE
1173266.389,X_LEG_2,8.20,19.11,1.94,1,1576,1661,SE
1173266.410,X_LEG_2,8.20,19.11,1.94,1,1576,1661,SE
1173266.431,X_LEG_2,8.21,19.04,1.99,1,1576,1661,SE
1173266.451,X_LEG_2,8.21,19.04,1.99,1,1576,1661,SE
1173266.474,X_LEG_2,8.21,19.04,1.99,1,1576,1661,SE
1173266.494,X_LEG_2,8.21,19.04,1.99,1,1576,1661,SE
1173266.515,X_LEG_2,8.21,19.04,1.99,1,1576,1661,SE
1173266.535,X_LEG_2,8.21,18.97,2.04,1,1576,1661,SE
1173266.555,X_LEG_2,8.21,18.97,2.04,1,1576,1661,SE
1173266.576,X_LEG_2,8.21,18.97,2.04,1,1576,1661,SE
1173266.597,X_LEG_2,8.21,18.97,2.04,1,1576,1661,SE
1173266.617,X_LEG_2,8.21,18.97,2.04,1,1576,1661,SE
1173266.638,X_LEG_2,8.22,18.90,2.09,1,1576,1661,SE
1173266.658,X_LEG_2,8.22,18.90,2.09,1,1576,1661,SE
1173266.678,X_LEG_2,8.22,18.90,2.09,1,1576,1661,SE
1173266.699,X_LEG_2,8.22,18.90,2.09,1,1576,1661,SE
1173266.719,X_LEG_2,8.22,18.90,2.09,1,1576,1661,SE
1173266.740,X_LEG_2,8.23,18.79,2.15,1,1575,1661,SE
1173266.760,X_LEG_2,8.23,18.79,2.15,1,1575,1661,SE
1173266.780,X_LEG_2,8.23,18.79,2.15,1,1575,1661,SE
1173266.801,X_LEG_2,8.23,18.79,2.15,1,1575,1661,SE
1173266.821,X_LEG_2,8.23,18.79,2.15,1,1575,1661,SE
1173266.841,X_LEG_2,8.23,18.72,2.20,1,1575,1661,SE
1173266.863,X_LEG_2,8.23,18.72,2.20,1,1575,1661,SE
1173266.883,X_LEG_2,8.23,18.72,2.20,1,1575,1661,SE
1173266.904,X_LEG_2,8.23,18.72,2.20,1,1575,1661,SE
1173266.925,X_LEG_2,8.23,18.72,2.20,1,1575,1661,SE
1173266.945,X_LEG_2,8.24,18.66,2.25,1,1575,1661,SE
1173266.966,X_LEG_2,8.24,18.66,2.25,1,1575,1661,SE
1173266.986,X_LEG_2,8.24,18.66,2.25,1,1575,1661,SE
1173267.007,X_LEG_2,8.24,18.66,2.25,1,1575,1661,SE
1173267.027,X_LEG_2,8.24,18.66,2.25,1,1575,1661,SE
1173267.047,X_LEG_2,8.24,18.59,2.28,1,1574,1661,SE
1173267.067,X_LEG_2,8.24,18.59,2.28,1,1574,1661,SE
1173267.087,X_LEG_2,8.24,18.59,2.28,1,1574,1661,SE
1173267.108,X_LEG_2,8.24,18.59,2.28,1,1574,1661,SE
1173267.128,X_LEG_2,8.24,18.59,2.28,1,1574,1661,SE
1173267.149,X_LEG_2,8.24,18.59,2.28,1,1574,1661,SE
1173267.169,X_LEG_2,8.24,18.59,2.28,1,1574,1661,SE
1173267.191,X_LEG_2,8.24,18.59,2.28,1,1574,1661,SE
1173267.211,X_LEG_2,8.24,18.59,2.28,1,1574,1661,SE
1173267.232,X_LEG_2,8.24,18.59,2.28,1,1574,1661,SE
1173267.253,X_LEG_2,8.25,18.48,2.36,1,1574,1661,SE
1173267.273,X_LEG_2,8.25,18.48,2.36,1,1574,1661,SE
1173267.294,X_LEG_2,8.25,18.48,2.36,1,1574,1661,SE
1173267.314,X_LEG_2,8.25,18.48,2.36,1,1574,1661,SE
1173267.334,X_LEG_2,8.25,18.48,2.36,1,1574,1661,SE
1173267.355,X_LEG_2,8.25,18.41,2.41,1,1574,1661,SE
1173267.376,X_LEG_2,8.25,18.41,2.41,1,1574,1661,SE
1173267.397,X_LEG_2,8.25,18.41,2.41,1,1574,1661,SE
1173267.417,X_LEG_2,8.25,18.41,2.41,1,1574,1661,SE
1173267.439,X_LEG_2,8.25,18.41,2.41,1,1574,1661,SE
1173267.463,X_LEG_2,8.26,18.35,2.44,1,1573,1661,SE
1173267.483,X_LEG_2,8.26,18.35,2.44,1,1573,1661,SE
1173267.504,X_LEG_2,8.26,18.35,2.44,1,1573,1661,SE
1173267.524,X_LEG_2,8.26,18.35,2.44,1,1573,1661,SE
1173267.544,X_LEG_2,8.26,18.35,2.44,1,1573,1661,SE
1173267.565,X_LEG_2,8.27,18.28,2.49,1,1573,1661,SE
1173267.585,X_LEG_2,8.27,18.28,2.49,1,1573,1661,SE
1173267.606,X_LEG_2,8.27,18.28,2.49,1,1573,1661,SE
1173267.628,X_LEG_2,8.27,18.28,2.49,1,1573,1661,SE
1173267.648,X_LEG_2,8.27,18.28,2.49,1,1573,1661,SE
1173267.668,X_LEG_2,8.27,18.28,1.49,1,1573,1661,SE
1173267.690,X_LEG_2,8.27,18.28,1.49,1,1573,1661,SE
1173267.710,X_LEG_2,8.27,18.28,1.49,1,1573,1661,SE
1173267.730,X_LEG_2,8.27,18.28,1.49,1,1573,1661,SE
1173267.751,X_LEG_2,8.27,18.28,1.49,1,1573,1661,SE
1173267.771,X_LEG_2,8.27,18.21,1.54,1,1573,1661,SE
1173267.792,X_LEG_2,8.27,18.21,1.54,1,1573,1661,SE
1173267.812,X_LEG_2,8.27,18.21,1.54,1,1573,1661,SE
1173267.832,X_LEG_2,8.27,18.21,1.54,1,1573,1661,SE
1173267.853,X_LEG_2,8.27,18.21,1.54,1,1573,1661,SE
1173267.873,X_LEG_2,8.28,18.15,1.57,1,1573,1661,SE
1173267.893,X_LEG_2,8.28,18.15,1.57,1,1573,1661,SE
1173267.914,X_LEG_2,8.28,18.15,1.57,1,1573,1661,SE
1173267.934,X_LEG_2,8.28,18.15,1.57,1,1573,1661,SE
1173267.955,X_LEG_2,8.28,18.15,1.57,1,1573,1661,SE
1173267.975,X_LEG_2,8.29,18.05,1.66,1,1572,1661,SE
1173267.995,X_LEG_2,8.29,18.05,1.66,1,1572,1661,SE
1173268.016,X_LEG_2,8.29,18.05,1.66,1,1572,1661,SE
1173268.036,X_LEG_2,8.29,18.05,1.66,1,1572,1661,SE
1173268.057,X_LEG_2,8.29,18.05,1.66,1,1572,1661,SE
1173268.077,X_LEG_2,8.29,17.98,1.68,1,1572,1661,SE
1173268.098,X_LEG_2,8.29,17.98,1.68,1,1572,1661,SE
1173268.118,X_LEG_2,8.29,17.98,1.68,1,1572,1661,SE
1173268.139,X_LEG_2,8.29,17.98,1.68,1,1572,1661,SE
1173268.160,X_LEG_2,8.29,17.98,1.68,1,1572,1661,SE
1173268.180,X_LEG_2,8.30,17.91,1.74,1,1572,1661,SE
1173268.200,X_LEG_2,8.30,17.91,1.74,1,1572,1661,SE
1173268.221,X_LEG_2,8.30,17.91,1.74,1,1572,1661,SE
1173268.241,X_LEG_2,8.30,17.91,1.74,1,1572,1661,SE
1173268.262,X_LEG_2,8.30,17.91,1.74,1,1572,1661,SE
1173268.285,X_LEG_2,8.30,17.91,1.74,1,1572,1661,SE
1173268.306,X_LEG_2,8.30,17.91,1.74,1,1572,1661,SE
1173268.326,X_LEG_2,8.30,17.91,1.74,1,1572,1661,SE
1173268.347,X_LEG_2,8.30,17.91,1.74,1,1572,1661,SE
1173268.368,X_LEG_2,8.30,17.91,1.74,1,1572,1661,SE
1173268.388,X_LEG_2,8.31,17.81,1.80,1,1571,1661,SE
1173268.409,X_LEG_2,8.31,17.81,1.80,1,1571,1661,SE
1173268.429,X_LEG_2,8.31,17.81,1.80,1,1571,1661,SE
1173268.450,X_LEG_2,8.31,17.81,1.80,1,1571,1661,SE
1173268.470,X_LEG_2,8.31,17.81,1.80,1,1571,1661,SE
1173268.491,X_LEG_2,8.31,17.75,1.86,1,1571,1661,SE
1173268.512,X_LEG_2,8.31,17.75,1.86,1,1571,1661,SE
1173268.533,X_LEG_2,8.31,17.75,1.86,1,1571,1661,SE
1173268.554,X_LEG_2,8.31,17.75,1.86,1,1571,1661,SE
1173268.574,X_LEG_2,8.31,17.75,1.86,1,1571,1661,SE
1173268.595,X_LEG_2,8.32,17.65,1.91,1,1571,1661,SE
1173268.616,X_LEG_2,8.32,17.65,1.91,1,1571,1661,SE
1173268.636,X_LEG_2,8.32,17.65,1.91,1,1571,1661,SE
1173268.658,X_LEG_2,8.32,17.65,1.91,1,1571,1661,SE
1173268.678,X_LEG_2,8.32,17.65,1.91,1,1571,1661,SE
1173268.698,X_LEG_2,8.32,17.65,1.91,1,1571,1661,SE
1173268.719,X_LEG_2,8.32,17.65,1.91,1,1571,1661,SE
1173268.739,X_LEG_2,8.32,17.65,1.91,1,1571,1661,SE
1173268.760,X_LEG_2,8.32,17.65,1.91,1,1571,1661,SE
1173268.781,X_LEG_2,8.32,17.65,1.91,1,1571,1661,SE
1173268.801,X_LEG_2,8.34,17.49,2.03,1,1570,1660,SE
1173268.821,X_LEG_2,8.34,17.49,2.03,1,1570,1660,SE
1173268.842,X_LEG_2,8.34,17.49,2.03,1,1570,1660,SE
1173268.862,X_LEG_2,8.34,17.49,2.03,1,1570,1660,SE
1173268.883,X_LEG_2,8.34,17.49,2.03,1,1570,1660,SE
1173268.903,X_LEG_2,8.34,17.49,2.03,1,1570,1660,SE
1173268.923,X_LEG_2,8.34,17.49,2.03,1,1570,1660,SE
1173268.943,X_LEG_2,8.34,17.49,2.03,1,1570,1660,SE
1173268.964,X_LEG_2,8.34,17.49,2.03,1,1570,1660,SE
1173268.984,X_LEG_2,8.34,17.49,2.03,1,1570,1660,SE
1173269.005,X_LEG_2,8.35,17.39,2.12,1,1570,1660,SE
1173269.025,X_LEG_2,8.35,17.39,2.12,1,1570,1660,SE
1173269.045,X_LEG_2,8.35,17.39,2.12,1,1570,1660,SE
1173269.066,X_LEG_2,8.35,17.39,2.12,1,1570,1660,SE
1173269.087,X_LEG_2,8.35,17.39,2.12,1,1570,1660,SE
1173269.107,X_LEG_2,8.36,17.31,2.18,1,1569,1660,SE
1173269.128,X_LEG_2,8.36,17.31,2.18,1,1569,1660,SE
1173269.148,X_LEG_2,8.36,17.31,2.18,1,1569,1660,SE
1173269.169,X_LEG_2,8.36,17.31,2.18,1,1569,1660,SE
1173269.190,X_LEG_2,8.36,17.31,2.18,1,1569,1660,SE
1173269.211,X_LEG_2,8.37,17.24,2.24,1,1569,1660,SE
1173269.231,X_LEG_2,8.37,17.24,2.24,1,1569,1660,SE
1173269.251,X_LEG_2,8.37,17.24,2.24,1,1569,1660,SE
1173269.272,X_LEG_2,8.37,17.24,2.24,1,1569,1660,SE
1173269.293,X_LEG_2,8.37,17.24,2.24,1,1569,1660,SE
1173269.313,X_LEG_2,8.37,17.24,2.24,1,1569,1660,SE
1173269.334,X_LEG_2,8.37,17.24,2.24,1,1569,1660,SE
1173269.354,X_LEG_2,8.37,17.24,2.24,1,1569,1660,SE
1173269.374,X_LEG_2,8.37,17.24,2.24,1,1569,1660,SE
1173269.394,X_LEG_2,8.37,17.24,2.24,1,1569,1660,SE
1173269.415,X_LEG_2,8.37,17.15,2.30,1,1569,1660,SE
1173269.435,X_LEG_2,8.37,17.15,2.30,1,1569,1660,SE
1173269.456,X_LEG_2,8.37,17.15,2.30,1,1569,1660,SE
1173269.477,X_LEG_2,8.37,17.15,2.30,1,1569,1660,SE
1173269.497,X_LEG_2,8.37,17.15,2.30,1,1569,1660,SE
1173269.518,X_LEG_2,8.38,17.08,2.34,1,1568,1660,SE
1173269.538,X_LEG_2,8.38,17.08,2.34,1,1568,1660,SE
1173269.559,X_LEG_2,8.38,17.08,2.34,1,1568,1660,SE
1173269.579,X_LEG_2,8.38,17.08,2.34,1,1568,1660,SE
1173269.600,X_LEG_2,8.38,17.08,2.34,1,1568,1660,SE
1173269.620,X_LEG_2,8.39,17.02,2.40,1,1568,1660,SE
1173269.641,X_LEG_2,8.39,17.02,2.40,1,1568,1660,SE
1173269.661,X_LEG_2,8.39,17.02,2.40,1,1568,1660,SE
1173269.682,X_LEG_2,8.39,17.02,2.40,1,1568,1660,SE
1173269.702,X_LEG_2,8.39,17.02,2.40,1,1568,1660,SE
1173269.723,X_LEG_2,8.39,17.02,2.40,1,1568,1660,SE
1173269.743,X_LEG_2,8.39,17.02,2.40,1,1568,1660,SE
1173269.763,X_LEG_2,8.39,17.02,2.40,1,1568,1660,SE
1173269.784,X_LEG_2,8.39,17.02,2.40,1,1568,1660,SE
1173269.804,X_LEG_2,8.39,17.02,2.40,1,1568,1660,SE
1173269.825,X_LEG_2,8.40,16.93,2.46,1,1568,1660,SE
1173269.845,X_LEG_2,8.40,16.93,2.46,1,1568,1660,SE
1173269.865,X_LEG_2,8.40,16.93,2.46,1,1568,1660,SE
1173269.886,X_LEG_2,8.40,16.93,2.46,1,1568,1660,SE
1173269.906,X_LEG_2,8.40,16.93,2.46,1,1568,1660,SE
1173269.927,X_LEG_2,8.41,16.87,2.49,1,1567,1660,SE
1173269.947,X_LEG_2,8.41,16.87,2.49,1,1567,1660,SE
1173269.967,X_LEG_2,8.41,16.87,2.49,1,1567,1660,SE
1173269.988,X_LEG_2,8.41,16.87,2.49,1,1567,1660,SE
1173270.008,X_LEG_2,8.41,16.87,2.49,1,1567,1660,SE
1173270.028,X_LEG_2,8.41,16.81,2.56,1,1567,1660,SE
1173270.048,X_LEG_2,8.41,16.81,2.56,1,1567,1660,SE
1173270.069,X_LEG_2,8.41,16.81,2.56,1,1567,1660,SE
1173270.090,X_LEG_2,8.41,16.81,2.56,1,1567,1660,SE
1173270.110,X_LEG_2,8.41,16.81,2.56,1,1567,1660,SE
1173270.131,X_LEG_2,8.42,16.72,2.62,1,1567,1660,SE
1173270.151,X_LEG_2,8.42,16.72,2.62,1,1567,1660,SE
1173270.171,X_LEG_2,8.42,16.72,2.62,1,1567,1660,SE
1173270.193,X_LEG_2,8.42,16.72,2.62,1,1567,1660,SE
1173270.213,X_LEG_2,8.42,16.72,2.62,1,1567,1660,SE
1173270.234,X_LEG_2,8.42,16.72,2.62,1,1567,1660,SE
1173270.255,X_LEG_2,8.42,16.72,2.62,1,1567,1660,SE
1173270.275,X_LEG_2,8.42,16.72,2.62,1,1567,1660,SE
1173270.295,X_LEG_2,8.42,16.72,2.62,1,1567,1660,SE
1173270.316,X_LEG_2,8.42,16.72,2.62,1,1567,1660,SE
1173270.336,X_LEG_2,8.43,16.63,1.69,1,1567,1660,SE
1173270.356,X_LEG_2,8.43,16.63,1.69,1,1567,1660,SE
1173270.377,X_LEG_2,8.43,16.63,1.69,1,1567,1660,SE
1173270.397,X_LEG_2,8.43,16.63,1.69,1,1567,1660,SE
1173270.418,X_LEG_2,8.43,16.63,1.69,1,1567,1660,SE
1173270.438,X_LEG_2,8.44,16.56,1.75,1,1566,1660,SE
1173270.459,X_LEG_2,8.44,16.56,1.75,1,1566,1660,SE
1173270.479,X_LEG_2,8.44,16.56,1.75,1,1566,1660,SE
1173270.500,X_LEG_2,8.44,16.56,1.75,1,1566,1660,SE
1173270.521,X_LEG_2,8.44,16.56,1.75,1,1566,1660,SE
1173270.541,X_LEG_2,8.45,16.51,1.79,1,1566,1660,SE
1173270.562,X_LEG_2,8.45,16.51,1.79,1,1566,1660,SE
1173270.583,X_LEG_2,8.45,16.51,1.79,1,1566,1660,SE
1173270.604,X_LEG_2,8.45,16.51,1.79,1,1566,1660,SE
1173270.624,X_LEG_2,8.45,16.51,1.79,1,1566,1660,SE
1173270.645,X_LEG_2,8.46,16.42,1.86,1,1566,1660,SE
1173270.665,X_LEG_2,8.46,16.42,1.86,1,1566,1660,SE
1173270.686,X_LEG_2,8.46,16.42,1.86,1,1566,1660,SE
1173270.706,X_LEG_2,8.46,16.42,1.86,1,1566,1660,SE
1173270.726,X_LEG_2,8.46,16.42,1.86,1,1566,1660,SE
1173270.747,X_LEG_2,8.47,16.37,1.92,1,1565,1660,SE
1173270.767,X_LEG_2,8.47,16.37,1.92,1,1565,1660,SE
1173270.788,X_LEG_2,8.47,16.37,1.92,1,1565,1660,SE
1173270.809,X_LEG_2,8.47,16.37,1.92,1,1565,1660,SE
1173270.829,X_LEG_2,8.47,16.37,1.92,1,1565,1660,SE
1173270.851,X_LEG_2,8.47,16.37,1.92,1,1565,1660,SE
1173270.872,X_LEG_2,8.47,16.37,1.92,1,1565,1660,SE
1173270.892,X_LEG_2,8.47,16.37,1.92,1,1565,1660,SE
1173270.912,X_LEG_2,8.47,16.37,1.92,1,1565,1660,SE
1173270.933,X_LEG_2,8.47,16.37,1.92,1,1565,1660,SE
1173270.953,X_LEG_2,8.48,16.28,1.99,1,1565,1660,SE
1173270.973,X_LEG_2,8.48,16.28,1.99,1,1565,1660,SE
1173270.995,X_LEG_2,8.48,16.28,1.99,1,1565,1660,SE
1173271.015,X_LEG_2,8.48,16.28,1.99,1,1565,1660,SE
1173271.035,X_LEG_2,8.48,16.28,1.99,1,1565,1660,SE
1173271.056,X_LEG_2,8.48,16.21,2.03,1,1565,1660,SE
1173271.076,X_LEG_2,8.48,16.21,2.03,1,1565,1660,SE
1173271.097,X_LEG_2,8.48,16.21,2.03,1,1565,1660,SE
1173271.117,X_LEG_2,8.48,16.21,2.03,1,1565,1660,SE
1173271.138,X_LEG_2,8.48,16.21,2.03,1,1565,1660,SE
1173271.158,X_LEG_2,8.49,16.16,2.06,1,1565,1660,SE
1173271.178,X_LEG_2,8.49,16.16,2.06,1,1565,1660,SE
1173271.199,X_LEG_2,8.49,16.16,2.06,1,1565,1660,SE
1173271.219,X_LEG_2,8.49,16.16,2.06,1,1565,1660,SE
1173271.241,X_LEG_2,8.49,16.16,2.06,1,1565,1660,SE
1173271.261,X_LEG_2,8.50,16.10,2.13,1,1564,1660,SE
1173271.282,X_LEG_2,8.50,16.10,2.13,1,1564,1660,SE
1173271.303,X_LEG_2,8.50,16.10,2.13,1,1564,1660,SE
1173271.323,X_LEG_2,8.50,16.10,2.13,1,1564,1660,SE
1173271.344,X_LEG_2,8.50,16.10,2.13,1,1564,1660,SE
1173271.365,X_LEG_2,8.51,16.05,2.17,1,1564,1660,SE
1173271.385,X_LEG_2,8.51,16.05,2.17,1,1564,1660,SE
1173271.405,X_LEG_2,8.51,16.05,2.17,1,1564,1660,SE
1173271.426,X_LEG_2,8.51,16.05,2.17,1,1564,1660,SE
1173271.446,X_LEG_2,8.51,16.05,2.17,1,1564,1660,SE
1173271.467,X_LEG_2,8.51,15.98,2.21,1,1564,1660,SE
1173271.487,X_LEG_2,8.51,15.98,2.21,1,1564,1660,SE
1173271.508,X_LEG_2,8.51,15.98,2.21,1,1564,1660,SE
1173271.528,X_LEG_2,8.51,15.98,2.21,1,1564,1660,SE
1173271.549,X_LEG_2,8.51,15.98,2.21,1,1564,1660,SE
1173271.569,X_LEG_2,8.51,15.98,2.21,1,1564,1660,SE
1173271.590,X_LEG_2,8.51,15.98,2.21,1,1564,1660,SE
1173271.610,X_LEG_2,8.51,15.98,2.21,1,1564,1660,SE
1173271.630,X_LEG_2,8.51,15.98,2.21,1,1564,1660,SE
1173271.651,X_LEG_2,8.51,15.98,2.21,1,1564,1660,SE
1173271.671,X_LEG_2,8.52,15.90,2.28,1,1564,1660,SE
1173271.693,X_LEG_2,8.52,15.90,2.28,1,1564,1660,SE
1173271.713,X_LEG_2,8.52,15.90,2.28,1,1564,1660,SE
1173271.734,X_LEG_2,8.52,15.90,2.28,1,1564,1660,SE
1173271.755,X_LEG_2,8.52,15.90,2.28,1,1564,1660,SE
1173271.776,X_LEG_2,8.53,15.85,2.35,1,1563,1660,SE
1173271.796,X_LEG_2,8.53,15.85,2.35,1,1563,1660,SE
1173271.816,X_LEG_2,8.53,15.85,2.35,1,1563,1660,SE
1173271.837,X_LEG_2,8.53,15.85,2.35,1,1563,1660,SE
1173271.857,X_LEG_2,8.53,15.85,2.35,1,1563,1660,SE
1173271.878,X_LEG_2,8.53,15.85,2.35,1,1563,1660,SE
1173271.898,X_LEG_2,8.53,15.85,2.35,1,1563,1660,SE
1173271.919,X_LEG_2,8.53,15.85,2.35,1,1563,1660,SE
1173271.939,X_LEG_2,8.53,15.85,2.35,1,1563,1660,SE
1173271.960,X_LEG_2,8.53,15.85,2.35,1,1563,1660,SE
1173271.980,X_LEG_2,8.54,15.78,2.39,1,1563,1660,SE
1173272.001,X_LEG_2,8.54,15.78,2.39,1,1563,1660,SE
1173272.022,X_LEG_2,8.54,15.78,2.39,1,1563,1660,SE
1173272.042,X_LEG_2,8.54,15.78,2.39,1,1563,1660,SE
1173272.063,X_LEG_2,8.54,15.78,2.39,1,1563,1660,SE
1173272.084,X_LEG_2,8.55,15.70,2.46,1,1563,1660,SE
1173272.104,X_LEG_2,8.55,15.70,2.46,1,1563,1660,SE
1173272.124,X_LEG_2,8.55,15.70,2.46,1,1563,1660,SE
1173272.145,X_LEG_2,8.55,15.70,2.46,1,1563,1660,SE
1173272.165,X_LEG_2,8.55,15.70,2.46,1,1563,1660,SE
1173272.186,X_LEG_2,8.56,15.65,2.50,1,1563,1660,SE
1173272.207,X_LEG_2,8.56,15.65,2.50,1,1563,1660,SE
1173272.227,X_LEG_2,8.56,15.65,2.50,1,1563,1660,SE
1173272.247,X_LEG_2,8.56,15.65,2.50,1,1563,1660,SE
1173272.268,X_LEG_2,8.56,15.65,2.50,1,1563,1660,SE
1173272.288,X_LEG_2,8.56,15.59,2.57,1,1562,1660,SE
1173272.308,X_LEG_2,8.56,15.59,2.57,1,1562,1660,SE
1173272.328,X_LEG_2,8.56,15.59,2.57,1,1562,1660,SE
1173272.349,X_LEG_2,8.56,15.59,2.57,1,1562,1660,SE
1173272.369,X_LEG_2,8.56,15.59,2.57,1,1562,1660,SE
1173272.390,X_LEG_2,8.56,15.59,2.57,1,1562,1660,SE
1173272.410,X_LEG_2,8.56,15.59,2.57,1,1562,1660,SE
1173272.431,X_LEG_2,8.56,15.59,2.57,1,1562,1660,SE
1173272.451,X_LEG_2,8.56,15.59,2.57,1,1562,1660,SE
1173272.472,X_LEG_2,8.56,15.59,2.57,1,1562,1660,SE
1173272.492,X_LEG_2,8.57,15.51,2.64,1,1562,1660,SE
1173272.513,X_LEG_2,8.57,15.51,2.64,1,1562,1660,SE
1173272.533,X_LEG_2,8.57,15.51,2.64,1,1562,1660,SE
1173272.554,X_LEG_2,8.57,15.51,2.64,1,1562,1660,SE
1173272.574,X_LEG_2,8.57,15.51,2.64,1,1562,1660,SE
1173272.595,X_LEG_2,8.58,15.45,2.68,1,1562,1660,SE
1173272.616,X_LEG_2,8.58,15.45,2.68,1,1562,1660,SE
1173272.636,X_LEG_2,8.58,15.45,2.68,1,1562,1660,SE
1173272.657,X_LEG_2,8.58,15.45,2.68,1,1562,1660,SE
1173272.678,X_LEG_2,8.58,15.45,2.68,1,1562,1660,SE
1173272.698,X_LEG_2,8.59,15.40,2.73,1,1562,1660,SE
1173272.719,X_LEG_2,8.59,15.40,2.73,1,1562,1660,SE
1173272.739,X_LEG_2,8.59,15.40,2.73,1,1562,1660,SE
1173272.760,X_LEG_2,8.59,15.40,2.73,1,1562,1660,SE
1173272.779,X_LEG_2,8.59,15.40,2.73,1,1562,1660,SE
1173272.802,X_LEG_2,8.60,15.32,2.80,1,1561,1660,SE
1173272.822,X_LEG_2,8.60,15.32,2.80,1,1561,1660,SE
1173272.843,X_LEG_2,8.60,15.32,2.80,1,1561,1660,SE
1173272.863,X_LEG_2,8.60,15.32,2.80,1,1561,1660,SE
1173272.884,X_LEG_2,8.60,15.32,2.80,1,1561,1660,SE
1173272.904,X_LEG_2,8.61,15.26,1.84,1,1561,1660,SE
1173272.925,X_LEG_2,8.61,15.26,1.84,1,1561,1660,SE
1173272.945,X_LEG_2,8.61,15.26,1.84,1,1561,1660,SE
1173272.965,X_LEG_2,8.61,15.26,1.84,1,1561,1660,SE
1173272.986,X_LEG_2,8.61,15.26,1.84,1,1561,1660,SE
1173273.006,X_LEG_2,8.61,15.26,1.84,1,1561,1660,SE
1173273.027,X_LEG_2,8.61,15.26,1.84,1,1561,1660,SE
1173273.048,X_LEG_2,8.61,15.26,1.84,1,1561,1660,SE
1173273.069,X_LEG_2,8.61,15.26,1.84,1,1561,1660,SE
1173273.090,X_LEG_2,8.61,15.26,1.84,1,1561,1660,SE
1173273.111,X_LEG_2,8.62,15.19,1.92,1,1561,1660,SE
1173273.131,X_LEG_2,8.62,15.19,1.92,1,1561,1660,SE
1173273.151,X_LEG_2,8.62,15.19,1.92,1,1561,1660,SE
1173273.172,X_LEG_2,8.62,15.19,1.92,1,1561,1660,SE
1173273.194,X_LEG_2,8.62,15.19,1.92,1,1561,1660,SE
1173273.214,X_LEG_2,8.63,15.13,1.96,1,1561,1660,SE
1173273.236,X_LEG_2,8.63,15.13,1.96,1,1561,1660,SE
1173273.256,X_LEG_2,8.63,15.13,1.96,1,1561,1660,SE
1173273.275,X_LEG_2,8.63,15.13,1.96,1,1561,1660,SE
1173273.297,X_LEG_2,8.63,15.13,1.96,1,1561,1660,SE
1173273.317,X_LEG_2,8.64,15.08,2.04,1,1560,1660,SE
1173273.337,X_LEG_2,8.64,15.08,2.04,1,1560,1660,SE
1173273.358,X_LEG_2,8.64,15.08,2.04,1,1560,1660,SE
1173273.378,X_LEG_2,8.64,15.08,2.04,1,1560,1660,SE
1173273.399,X_LEG_2,8.64,15.08,2.04,1,1560,1660,SE
1173273.419,X_LEG_2,8.64,15.08,2.04,1,1560,1660,SE
1173273.440,X_LEG_2,8.64,15.08,2.04,1,1560,1660,SE
1173273.460,X_LEG_2,8.64,15.08,2.04,1,1560,1660,SE
1173273.481,X_LEG_2,8.64,15.08,2.04,1,1560,1660,SE
1173273.501,X_LEG_2,8.64,15.08,2.04,1,1560,1660,SE
1173273.522,X_LEG_2,8.65,15.02,2.08,1,1560,1660,SE
1173273.542,X_LEG_2,8.65,15.02,2.08,1,1560,1660,SE
1173273.563,X_LEG_2,8.65,15.02,2.08,1,1560,1660,SE
1173273.583,X_LEG_2,8.65,15.02,2.08,1,1560,1660,SE
1173273.604,X_LEG_2,8.65,15.02,2.08,1,1560,1660,SE
1173273.624,X_LEG_2,8.65,14.98,2.12,1,1560,1660,SE
1173273.644,X_LEG_2,8.65,14.98,2.12,1,1560,1660,SE
1173273.665,X_LEG_2,8.65,14.98,2.12,1,1560,1660,SE
1173273.686,X_LEG_2,8.65,14.98,2.12,1,1560,1660,SE
1173273.706,X_LEG_2,8.65,14.98,2.12,1,1560,1660,SE
1173273.726,X_LEG_2,8.66,14.92,2.16,1,1560,1660,SE
1173273.748,X_LEG_2,8.66,14.92,2.16,1,1560,1660,SE
1173273.767,X_LEG_2,8.66,14.92,2.16,1,1560,1660,SE
1173273.788,X_LEG_2,8.66,14.92,2.16,1,1560,1660,SE
1173273.809,X_LEG_2,8.66,14.92,2.16,1,1560,1660,SE
1173273.829,X_LEG_2,8.67,14.87,2.21,1,1559,1659,SE
1173273.850,X_LEG_2,8.67,14.87,2.21,1,1559,1659,SE
1173273.870,X_LEG_2,8.67,14.87,2.21,1,1559,1659,SE
1173273.891,X_LEG_2,8.67,14.87,2.21,1,1559,1659,SE
1173273.912,X_LEG_2,8.67,14.87,2.21,1,1559,1659,SE
1173273.932,X_LEG_2,8.68,14.81,2.25,1,1559,1659,SE
1173273.952,X_LEG_2,8.68,14.81,2.25,1,1559,1659,SE
1173273.975,X_LEG_2,8.68,14.81,2.25,1,1559,1659,SE
1173273.995,X_LEG_2,8.68,14.81,2.25,1,1559,1659,SE
1173274.016,X_LEG_2,8.68,14.81,2.25,1,1559,1659,SE
1173274.036,X_LEG_2,8.69,14.77,2.33,1,1559,1659,SE
1173274.056,X_LEG_2,8.69,14.77,2.33,1,1559,1659,SE
1173274.077,X_LEG_2,8.69,14.77,2.33,1,1559,1659,SE
1173274.098,X_LEG_2,8.69,14.77,2.33,1,1559,1659,SE
1173274.118,X_LEG_2,8.69,14.77,2.33,1,1559,1659,SE
1173274.139,X_LEG_2,8.69,14.71,2.37,1,1559,1659,SE
1173274.159,X_LEG_2,8.69,14.71,2.37,1,1559,1659,SE
1173274.179,X_LEG_2,8.69,14.71,2.37,1,1559,1659,SE
1173274.200,X_LEG_2,8.69,14.71,2.37,1,1559,1659,SE
1173274.221,X_LEG_2,8.69,14.71,2.37,1,1559,1659,SE
1173274.241,X_LEG_2,8.70,14.67,2.41,1,1559,1659,SE
1173274.262,X_LEG_2,8.70,14.67,2.41,1,1559,1659,SE
1173274.282,X_LEG_2,8.70,14.67,2.41,1,1559,1659,SE
1173274.303,X_LEG_2,8.70,14.67,2.41,1,1559,1659,SE
1173274.323,X_LEG_2,8.70,14.67,2.41,1,1559,1659,SE
1173274.344,X_LEG_2,8.71,14.61,2.46,1,1558,1659,SE
1173274.365,X_LEG_2,8.71,14.61,2.46,1,1558,1659,SE
1173274.385,X_LEG_2,8.71,14.61,2.46,1,1558,1659,SE
1173274.405,X_LEG_2,8.71,14.61,2.46,1,1558,1659,SE
1173274.426,X_LEG_2,8.71,14.61,2.46,1,1558,1659,SE
1173274.446,X_LEG_2,8.72,14.56,2.51,1,1558,1659,SE
1173274.467,X_LEG_2,8.72,14.56,2.51,1,1558,1659,SE
1173274.489,X_LEG_2,8.72,14.56,2.51,1,1558,1659,SE
1173274.509,X_LEG_2,8.72,14.56,2.51,1,1558,1659,SE
1173274.530,X_LEG_2,8.72,14.56,2.51,1,1558,1659,SE
1173274.551,X_LEG_2,8.73,14.52,2.55,1,1558,1659,SE
1173274.571,X_LEG_2,8.73,14.52,2.55,1,1558,1659,SE
1173274.591,X_LEG_2,8.73,14.52,2.55,1,1558,1659,SE
1173274.613,X_LEG_2,8.73,14.52,2.55,1,1558,1659,SE
1173274.634,X_LEG_2,8.73,14.52,2.55,1,1558,1659,SE
1173274.654,X_LEG_2,8.73,14.52,2.55,1,1558,1659,SE
1173274.676,X_LEG_2,8.73,14.52,2.55,1,1558,1659,SE
1173274.696,X_LEG_2,8.73,14.52,2.55,1,1558,1659,SE
1173274.717,X_LEG_2,8.73,14.52,2.55,1,1558,1659,SE
1173274.737,X_LEG_2,8.73,14.52,2.55,1,1558,1659,SE
1173274.758,X_LEG_2,8.74,14.44,2.64,1,1558,1659,SE
1173274.779,X_LEG_2,8.74,14.44,2.64,1,1558,1659,SE
1173274.800,X_LEG_2,8.74,14.44,2.64,1,1558,1659,SE
1173274.820,X_LEG_2,8.74,14.44,2.64,1,1558,1659,SE
1173274.841,X_LEG_2,8.74,14.44,2.64,1,1558,1659,SE
1173274.862,X_LEG_2,8.75,14.38,2.68,1,1558,1659,SE
1173274.883,X_LEG_2,8.75,14.38,2.68,1,1558,1659,SE
1173274.903,X_LEG_2,8.75,14.38,2.68,1,1558,1659,SE
1173274.923,X_LEG_2,8.75,14.38,2.68,1,1558,1659,SE
1173274.944,X_LEG_2,8.75,14.38,2.68,1,1558,1659,SE
1173274.964,X_LEG_2,8.75,14.34,2.73,1,1557,1659,SE
1173274.985,X_LEG_2,8.75,14.34,2.73,1,1557,1659,SE
1173275.006,X_LEG_2,8.75,14.34,2.73,1,1557,1659,SE
1173275.026,X_LEG_2,8.75,14.34,2.73,1,1557,1659,SE
1173275.048,X_LEG_2,8.75,14.34,2.73,1,1557,1659,SE
1173275.068,X_LEG_2,8.76,14.29,2.78,1,1557,1659,SE
1173275.088,X_LEG_2,8.76,14.29,2.78,1,1557,1659,SE
1173275.109,X_LEG_2,8.76,14.29,2.78,1,1557,1659,SE
1173275.130,X_LEG_2,8.76,14.29,2.78,1,1557,1659,SE
1173275.150,X_LEG_2,8.76,14.29,2.78,1,1557,1659,SE
1173275.172,X_LEG_2,8.77,14.22,1.86,1,1557,1659,SE
1173275.192,X_LEG_2,8.77,14.22,1.86,1,1557,1659,SE
1173275.213,X_LEG_2,8.77,14.22,1.86,1,1557,1659,SE
1173275.233,X_LEG_2,8.77,14.22,1.86,1,1557,1659,SE
1173275.254,X_LEG_2,8.77,14.22,1.86,1,1557,1659,SE
1173275.274,X_LEG_2,8.77,14.22,1.86,1,1557,1659,SE
1173275.295,X_LEG_2,8.77,14.22,1.86,1,1557,1659,SE
1173275.315,X_LEG_2,8.77,14.22,1.86,1,1557,1659,SE
1173275.336,X_LEG_2,8.77,14.22,1.86,1,1557,1659,SE
1173275.358,X_LEG_2,8.77,14.22,1.86,1,1557,1659,SE
1173275.378,X_LEG_2,8.79,14.14,1.95,1,1557,1659,SE
1173275.398,X_LEG_2,8.79,14.14,1.95,1,1557,1659,SE
1173275.418,X_LEG_2,8.79,14.14,1.95,1,1557,1659,SE
1173275.439,X_LEG_2,8.79,14.14,1.95,1,1557,1659,SE
1173275.459,X_LEG_2,8.79,14.14,1.95,1,1557,1659,SE
1173275.480,X_LEG_2,8.80,14.07,2.00,1,1556,1659,SE
1173275.500,X_LEG_2,8.80,14.07,2.00,1,1556,1659,SE
1173275.521,X_LEG_2,8.80,14.07,2.00,1,1556,1659,SE
1173275.541,X_LEG_2,8.80,14.07,2.00,1,1556,1659,SE
1173275.562,X_LEG_2,8.80,14.07,2.00,1,1556,1659,SE
1173275.582,X_LEG_2,8.80,14.07,2.00,1,1556,1659,SE
1173275.602,X_LEG_2,8.80,14.07,2.00,1,1556,1659,SE
1173275.623,X_LEG_2,8.80,14.07,2.00,1,1556,1659,SE
1173275.643,X_LEG_2,8.80,14.07,2.00,1,1556,1659,SE
1173275.664,X_LEG_2,8.80,14.07,2.00,1,1556,1659,SE
1173275.684,X_LEG_2,8.81,14.00,2.09,1,1556,1659,SE
1173275.705,X_LEG_2,8.81,14.00,2.09,1,1556,1659,SE
1173275.725,X_LEG_2,8.81,14.00,2.09,1,1556,1659,SE
1173275.745,X_LEG_2,8.81,14.00,2.09,1,1556,1659,SE
1173275.766,X_LEG_2,8.81,14.00,2.09,1,1556,1659,SE
1173275.786,X_LEG_2,8.82,13.92,2.15,1,1556,1659,SE
1173275.808,X_LEG_2,8.82,13.92,2.15,1,1556,1659,SE
1173275.828,X_LEG_2,8.82,13.92,2.15,1,1556,1659,SE
1173275.849,X_LEG_2,8.82,13.92,2.15,1,1556,1659,SE
1173275.872,X_LEG_2,8.82,13.92,2.15,1,1556,1659,SE
1173275.893,X_LEG_2,8.83,13.88,2.20,1,1556,1659,SE
1173275.913,X_LEG_2,8.83,13.88,2.20,1,1556,1659,SE
1173275.933,X_LEG_2,8.83,13.88,2.20,1,1556,1659,SE
1173275.954,X_LEG_2,8.83,13.88,2.20,1,1556,1659,SE
1173275.974,X_LEG_2,8.83,13.88,2.20,1,1556,1659,SE
1173275.997,X_LEG_2,8.84,13.84,2.24,1,1555,1659,SE
1173276.017,X_LEG_2,8.84,13.84,2.24,1,1555,1659,SE
1173276.038,X_LEG_2,8.84,13.84,2.24,1,1555,1659,SE
1173276.058,X_LEG_2,8.84,13.84,2.24,1,1555,1659,SE
1173276.078,X_LEG_2,8.84,13.84,2.24,1,1555,1659,SE
1173276.099,X_LEG_2,8.85,13.79,2.29,1,1555,1659,SE
1173276.119,X_LEG_2,8.85,13.79,2.29,1,1555,1659,SE
1173276.140,X_LEG_2,8.85,13.79,2.29,1,1555,1659,SE
1173276.160,X_LEG_2,8.85,13.79,2.29,1,1555,1659,SE
1173276.180,X_LEG_2,8.85,13.79,2.29,1,1555,1659,SE
1173276.200,X_LEG_2,8.85,13.79,2.29,1,1555,1659,SE
1173276.221,X_LEG_2,8.85,13.79,2.29,1,1555,1659,SE
1173276.241,X_LEG_2,8.85,13.79,2.29,1,1555,1659,SE
1173276.261,X_LEG_2,8.85,13.79,2.29,1,1555,1659,SE
1173276.282,X_LEG_2,8.85,13.79,2.29,1,1555,1659,SE
1173276.303,X_LEG_2,8.86,13.72,2.39,1,1555,1659,SE
1173276.323,X_LEG_2,8.86,13.72,2.39,1,1555,1659,SE
1173276.344,X_LEG_2,8.86,13.72,2.39,1,1555,1659,SE
1173276.364,X_LEG_2,8.86,13.72,2.39,1,1555,1659,SE
1173276.384,X_LEG_2,8.86,13.72,2.39,1,1555,1659,SE
1173276.405,X_LEG_2,8.87,13.65,2.48,1,1555,1659,SE
1173276.425,X_LEG_2,8.87,13.65,2.48,1,1555,1659,SE
1173276.446,X_LEG_2,8.87,13.65,2.48,1,1555,1659,SE
1173276.466,X_LEG_2,8.87,13.65,2.48,1,1555,1659,SE
1173276.487,X_LEG_2,8.87,13.65,2.48,1,1555,1659,SE
1173276.507,X_LEG_2,8.88,13.61,2.53,1,1554,1659,SE
1173276.528,X_LEG_2,8.88,13.61,2.53,1,1554,1659,SE
1173276.548,X_LEG_2,8.88,13.61,2.53,1,1554,1659,SE
1173276.569,X_LEG_2,8.88,13.61,2.53,1,1554,1659,SE
1173276.589,X_LEG_2,8.88,13.61,2.53,1,1554,1659,SE
1173276.610,X_LEG_2,8.88,13.61,2.53,1,1554,1659,SE
1173276.630,X_LEG_2,8.88,13.61,2.53,1,1554,1659,SE
1173276.652,X_LEG_2,8.88,13.61,2.53,1,1554,1659,SE
1173276.672,X_LEG_2,8.88,13.61,2.53,1,1554,1659,SE
1173276.693,X_LEG_2,8.88,13.61,2.53,1,1554,1659,SE
1173276.714,X_LEG_2,8.89,13.53,2.59,1,1554,1659,SE
1173276.735,X_LEG_2,8.89,13.53,2.59,1,1554,1659,SE
1173276.755,X_LEG_2,8.89,13.53,2.59,1,1554,1659,SE
1173276.775,X_LEG_2,8.89,13.53,2.59,1,1554,1659,SE
1173276.796,X_LEG_2,8.89,13.53,2.59,1,1554,1659,SE
1173276.816,X_LEG_2,8.90,13.49,2.64,1,1554,1659,SE
1173276.836,X_LEG_2,8.90,13.49,2.64,1,1554,1659,SE
1173276.857,X_LEG_2,8.90,13.49,2.64,1,1554,1659,SE
1173276.877,X_LEG_2,8.90,13.49,2.64,1,1554,1659,SE
1173276.898,X_LEG_2,8.90,13.49,2.64,1,1554,1659,SE
1173276.919,X_LEG_2,8.91,13.42,2.73,1,1554,1659,SE
1173276.940,X_LEG_2,8.91,13.42,2.73,1,1554,1659,SE
1173276.960,X_LEG_2,8.91,13.42,2.73,1,1554,1659,SE
1173276.982,X_LEG_2,8.91,13.42,2.73,1,1554,1659,SE
1173277.002,X_LEG_2,8.91,13.42,2.73,1,1554,1659,SE
1173277.022,X_LEG_2,8.92,13.38,2.75,1,1554,1659,SE
1173277.043,X_LEG_2,8.92,13.38,2.75,1,1554,1659,SE
1173277.063,X_LEG_2,8.92,13.38,2.75,1,1554,1659,SE
1173277.083,X_LEG_2,8.92,13.38,2.75,1,1554,1659,SE
1173277.103,X_LEG_2,8.92,13.38,2.75,1,1554,1659,SE
1173277.124,X_LEG_2,8.93,13.33,2.80,1,1553,1659,SE
1173277.145,X_LEG_2,8.93,13.33,2.80,1,1553,1659,SE
1173277.166,X_LEG_2,8.93,13.33,2.80,1,1553,1659,SE
1173277.186,X_LEG_2,8.93,13.33,2.80,1,1553,1659,SE
1173277.206,X_LEG_2,8.93,13.33,2.80,1,1553,1659,SE
1173277.227,X_LEG_2,8.93,13.33,1.80,1,1553,1659,SE
1173277.248,X_LEG_2,8.93,13.33,1.80,1,1553,1659,SE
1173277.268,X_LEG_2,8.93,13.33,1.80,1,1553,1659,SE
1173277.288,X_LEG_2,8.93,13.33,1.80,1,1553,1659,SE
1173277.309,X_LEG_2,8.93,13.33,1.80,1,1553,1659,SE
1173277.329,X_LEG_2,8.93,13.29,1.85,1,1553,1659,SE
1173277.350,X_LEG_2,8.93,13.29,1.85,1,1553,1659,SE
1173277.370,X_LEG_2,8.93,13.29,1.85,1,1553,1659,SE
1173277.391,X_LEG_2,8.93,13.29,1.85,1,1553,1659,SE
1173277.411,X_LEG_2,8.93,13.29,1.85,1,1553,1659,SE
1173277.432,X_LEG_2,8.94,13.25,1.90,1,1553,1659,SE
1173277.452,X_LEG_2,8.94,13.25,1.90,1,1553,1659,SE
1173277.473,X_LEG_2,8.94,13.25,1.90,1,1553,1659,SE
1173277.494,X_LEG_2,8.94,13.25,1.90,1,1553,1659,SE
1173277.515,X_LEG_2,8.94,13.25,1.90,1,1553,1659,SE
1173277.536,X_LEG_2,8.95,13.20,1.96,1,1553,1659,SE
1173277.557,X_LEG_2,8.95,13.20,1.96,1,1553,1659,SE
1173277.578,X_LEG_2,8.95,13.20,1.96,1,1553,1659,SE
1173277.601,X_LEG_2,8.95,13.20,1.96,1,1553,1659,SE
1173277.622,X_LEG_2,8.95,13.20,1.96,1,1553,1659,SE
1173277.642,X_LEG_2,8.95,13.20,1.96,1,1553,1659,SE
1173277.663,X_LEG_2,8.95,13.20,1.96,1,1553,1659,SE
1173277.684,X_LEG_2,8.95,13.20,1.96,1,1553,1659,SE
1173277.704,X_LEG_2,8.95,13.20,1.96,1,1553,1659,SE
1173277.725,X_LEG_2,8.95,13.20,1.96,1,1553,1659,SE
1173277.746,X_LEG_2,8.96,13.16,2.01,1,1553,1659,SE
1173277.766,X_LEG_2,8.96,13.16,2.01,1,1553,1659,SE
1173277.786,X_LEG_2,8.96,13.16,2.01,1,1553,1659,SE
1173277.806,X_LEG_2,8.96,13.16,2.01,1,1553,1659,SE
1173277.827,X_LEG_2,8.96,13.16,2.01,1,1553,1659,SE
1173277.847,X_LEG_2,8.97,13.12,2.06,1,1552,1659,SE
1173277.868,X_LEG_2,8.97,13.12,2.06,1,1552,1659,SE
1173277.889,X_LEG_2,8.97,13.12,2.06,1,1552,1659,SE
1173277.910,X_LEG_2,8.97,13.12,2.06,1,1552,1659,SE
1173277.930,X_LEG_2,8.97,13.12,2.06,1,1552,1659,SE
1173277.951,X_LEG_2,8.97,13.07,2.12,1,1552,1659,SE
1173277.972,X_LEG_2,8.97,13.07,2.12,1,1552,1659,SE
1173277.993,X_LEG_2,8.97,13.07,2.12,1,1552,1659,SE
1173278.013,X_LEG_2,8.97,13.07,2.12,1,1552,1659,SE
1173278.035,X_LEG_2,8.97,13.07,2.12,1,1552,1659,SE
1173278.056,X_LEG_2,8.97,13.07,2.12,1,1552,1659,SE
1173278.076,X_LEG_2,8.97,13.07,2.12,1,1552,1659,SE
1173278.098,X_LEG_2,8.97,13.07,2.12,1,1552,1659,SE
1173278.119,X_LEG_2,8.97,13.07,2.12,1,1552,1659,SE
1173278.139,X_LEG_2,8.97,13.07,2.12,1,1552,1659,SE
1173278.159,X_LEG_2,8.98,13.03,2.17,1,1552,1659,SE
1173278.180,X_LEG_2,8.98,13.03,2.17,1,1552,1659,SE
1173278.200,X_LEG_2,8.98,13.03,2.17,1,1552,1659,SE
1173278.221,X_LEG_2,8.98,13.03,2.17,1,1552,1659,SE
1173278.242,X_LEG_2,8.98,13.03,2.17,1,1552,1659,SE
1173278.262,X_LEG_2,8.99,12.99,2.22,1,1552,1659,SE
1173278.284,X_LEG_2,8.99,12.99,2.22,1,1552,1659,SE
1173278.304,X_LEG_2,8.99,12.99,2.22,1,1552,1659,SE
1173278.325,X_LEG_2,8.99,12.99,2.22,1,1552,1659,SE
1173278.345,X_LEG_2,8.99,12.99,2.22,1,1552,1659,SE
1173278.366,X_LEG_2,9.00,12.94,2.28,1,1552,1659,SE
1173278.386,X_LEG_2,9.00,12.94,2.28,1,1552,1659,SE
1173278.407,X_LEG_2,9.00,12.94,2.28,1,1552,1659,SE
1173278.427,X_LEG_2,9.00,12.94,2.28,1,1552,1659,SE
1173278.447,X_LEG_2,9.00,12.94,2.28,1,1552,1659,SE
1173278.468,X_LEG_2,9.01,12.90,2.33,1,1552,1658,SE
1173278.488,X_LEG_2,9.01,12.90,2.33,1,1552,1658,SE
1173278.509,X_LEG_2,9.01,12.90,2.33,1,1552,1658,SE
1173278.529,X_LEG_2,9.01,12.90,2.33,1,1552,1658,SE
1173278.551,X_LEG_2,9.01,12.90,2.33,1,1552,1658,SE
1173278.572,X_LEG_2,9.01,12.85,2.39,1,1551,1658,SE
1173278.592,X_LEG_2,9.01,12.85,2.39,1,1551,1658,SE
1173278.613,X_LEG_2,9.01,12.85,2.39,1,1551,1658,SE
1173278.633,X_LEG_2,9.01,12.85,2.39,1,1551,1658,SE
1173278.653,X_LEG_2,9.01,12.85,2.39,1,1551,1658,SE
1173278.674,X_LEG_2,9.02,12.81,2.45,1,1551,1658,SE
1173278.694,X_LEG_2,9.02,12.81,2.45,1,1551,1658,SE
1173278.715,X_LEG_2,9.02,12.81,2.45,1,1551,1658,SE
1173278.735,X_LEG_2,9.02,12.81,2.45,1,1551,1658,SE
1173278.756,X_LEG_2,9.02,12.81,2.45,1,1551,1658,SE
1173278.776,X_LEG_2,9.03,12.78,2.50,1,1551,1658,SE
1173278.797,X_LEG_2,9.03,12.78,2.50,1,1551,1658,SE
1173278.817,X_LEG_2,9.03,12.78,2.50,1,1551,1658,SE
1173278.838,X_LEG_2,9.03,12.78,2.50,1,1551,1658,SE
1173278.858,X_LEG_2,9.03,12.78,2.50,1,1551,1658,SE
1173278.879,X_LEG_2,9.04,12.73,2.52,1,1551,1658,SE
1173278.899,X_LEG_2,9.04,12.73,2.52,1,1551,1658,SE
1173278.920,X_LEG_2,9.04,12.73,2.52,1,1551,1658,SE
1173278.940,X_LEG_2,9.04,12.73,2.52,1,1551,1658,SE
1173278.961,X_LEG_2,9.04,12.73,2.52,1,1551,1658,SE
1173278.981,X_LEG_2,9.04,12.73,2.52,1,1551,1658,SE
1173279.002,X_LEG_2,9.04,12.73,2.52,1,1551,1658,SE
1173279.022,X_LEG_2,9.04,12.73,2.52,1,1551,1658,SE
1173279.043,X_LEG_2,9.04,12.73,2.52,1,1551,1658,SE
1173279.064,X_LEG_2,9.04,12.73,2.52,1,1551,1658,SE
1173279.084,X_LEG_2,9.05,12.67,2.62,1,1551,1658,SE
1173279.105,X_LEG_2,9.05,12.67,2.62,1,1551,1658,SE
1173279.127,X_LEG_2,9.05,12.67,2.62,1,1551,1658,SE
1173279.147,X_LEG_2,9.05,12.67,2.62,1,1551,1658,SE
1173279.168,X_LEG_2,9.05,12.67,2.62,1,1551,1658,SE
1173279.191,X_LEG_2,9.05,12.63,2.68,1,1551,1658,SE
1173279.211,X_LEG_2,9.06,12.63,2.68,1,1551,1658,SE
1173279.232,X_LEG_2,9.06,12.63,2.68,1,1551,1658,SE
1173279.253,X_LEG_2,9.06,12.63,2.68,1,1551,1658,SE
1173279.273,X_LEG_2,9.06,12.63,2.68,1,1551,1658,SE
1173279.293,X_LEG_2,9.07,12.57,1.74,1,1550,1658,SE
1173279.315,X_LEG_2,9.07,12.57,1.74,1,1550,1658,SE
1173279.335,X_LEG_2,9.07,12.57,1.74,1,1550,1658,SE
1173279.356,X_LEG_2,9.07,12.57,1.74,1,1550,1658,SE
1173279.377,X_LEG_2,9.07,12.57,1.74,1,1550,1658,SE
1173279.398,X_LEG_2,9.08,12.51,1.81,1,1550,1658,SE
1173279.418,X_LEG_2,9.08,12.51,1.81,1,1550,1658,SE
1173279.439,X_LEG_2,9.08,12.51,1.81,1,1550,1658,SE
1173279.459,X_LEG_2,9.08,12.51,1.81,1,1550,1658,SE
1173279.480,X_LEG_2,9.08,12.51,1.81,1,1550,1658,SE
1173279.500,X_LEG_2,9.08,12.51,1.81,1,1550,1658,SE
1173279.520,X_LEG_2,9.08,12.51,1.81,1,1550,1658,SE
1173279.541,X_LEG_2,9.08,12.51,1.81,1,1550,1658,SE
1173279.561,X_LEG_2,9.08,12.51,1.81,1,1550,1658,SE
1173279.582,X_LEG_2,9.08,12.51,1.81,1,1550,1658,SE
1173279.602,X_LEG_2,9.09,12.44,1.88,1,1550,1658,SE
1173279.623,X_LEG_2,9.09,12.44,1.88,1,1550,1658,SE
1173279.643,X_LEG_2,9.09,12.44,1.88,1,1550,1658,SE
1173279.664,X_LEG_2,9.09,12.44,1.88,1,1550,1658,SE
1173279.685,X_LEG_2,9.09,12.44,1.88,1,1550,1658,SE
1173279.706,X_LEG_2,9.10,12.39,1.98,1,1550,1658,SE
1173279.726,X_LEG_2,9.10,12.39,1.98,1,1550,1658,SE
1173279.746,X_LEG_2,9.10,12.39,1.98,1,1550,1658,SE
1173279.767,X_LEG_2,9.10,12.39,1.98,1,1550,1658,SE
1173279.787,X_LEG_2,9.10,12.39,1.98,1,1550,1658,SE
1173279.808,X_LEG_2,9.11,12.34,2.04,1,1549,1658,SE
1173279.829,X_LEG_2,9.11,12.34,2.04,1,1549,1658,SE
1173279.849,X_LEG_2,9.11,12.34,2.04,1,1549,1658,SE
1173279.870,X_LEG_2,9.11,12.34,2.04,1,1549,1658,SE
1173279.890,X_LEG_2,9.11,12.34,2.04,1,1549,1658,SE
1173279.911,X_LEG_2,9.12,12.31,2.06,1,1549,1658,SE
1173279.931,X_LEG_2,9.12,12.31,2.06,1,1549,1658,SE
1173279.951,X_LEG_2,9.12,12.31,2.06,1,1549,1658,SE
1173279.972,X_LEG_2,9.12,12.31,2.06,1,1549,1658,SE
1173279.992,X_LEG_2,9.12,12.31,2.06,1,1549,1658,SE
1173280.012,X_LEG_2,9.12,12.31,2.06,1,1549,1658,SE
1173280.033,X_LEG_2,9.12,12.31,2.06,1,1549,1658,SE
1173280.053,X_LEG_2,9.12,12.31,2.06,1,1549,1658,SE
1173280.074,X_LEG_2,9.12,12.31,2.06,1,1549,1658,SE
1173280.094,X_LEG_2,9.12,12.31,2.06,1,1549,1658,SE
1173280.115,X_LEG_2,9.13,12.25,2.17,1,1549,1658,SE
1173280.135,X_LEG_2,9.13,12.25,2.17,1,1549,1658,SE
1173280.156,X_LEG_2,9.13,12.25,2.17,1,1549,1658,SE
1173280.176,X_LEG_2,9.13,12.25,2.17,1,1549,1658,SE
1173280.196,X_LEG_2,9.13,12.25,2.17,1,1549,1658,SE
1173280.216,X_LEG_2,9.14,12.21,2.19,1,1549,1658,SE
1173280.237,X_LEG_2,9.14,12.21,2.19,1,1549,1658,SE
1173280.257,X_LEG_2,9.14,12.21,2.19,1,1549,1658,SE
1173280.278,X_LEG_2,9.14,12.21,2.19,1,1549,1658,SE
1173280.298,X_LEG_2,9.14,12.21,2.19,1,1549,1658,SE
1173280.318,X_LEG_2,9.15,12.17,2.25,1,1549,1658,SE
1173280.339,X_LEG_2,9.15,12.17,2.25,1,1549,1658,SE
1173280.359,X_LEG_2,9.15,12.17,2.25,1,1549,1658,SE
1173280.379,X_LEG_2,9.15,12.17,2.25,1,1549,1658,SE
1173280.400,X_LEG_2,9.15,12.17,2.25,1,1549,1658,SE
1173280.420,X_LEG_2,9.15,12.13,2.31,1,1549,1658,SE
1173280.441,X_LEG_2,9.15,12.13,2.31,1,1549,1658,SE
1173280.461,X_LEG_2,9.15,12.13,2.31,1,1549,1658,SE
1173280.481,X_LEG_2,9.15,12.13,2.31,1,1549,1658,SE
1173280.502,X_LEG_2,9.15,12.13,2.31,1,1549,1658,SE
1173280.522,X_LEG_2,9.16,12.09,2.37,1,1548,1658,SE
1173280.543,X_LEG_2,9.16,12.09,2.37,1,1548,1658,SE
1173280.563,X_LEG_2,9.16,12.09,2.37,1,1548,1658,SE
1173280.584,X_LEG_2,9.16,12.09,2.37,1,1548,1658,SE
1173280.604,X_LEG_2,9.16,12.09,2.37,1,1548,1658,SE
1173280.625,X_LEG_2,9.17,12.04,2.43,1,1548,1658,SE
1173280.645,X_LEG_2,9.17,12.04,2.43,1,1548,1658,SE
1173280.666,X_LEG_2,9.17,12.04,2.43,1,1548,1658,SE
1173280.686,X_LEG_2,9.17,12.04,2.43,1,1548,1658,SE
1173280.706,X_LEG_2,9.17,12.04,2.43,1,1548,1658,SE
1173280.727,X_LEG_2,9.18,12.00,2.50,1,1548,1658,SE
1173280.748,X_LEG_2,9.18,12.00,2.50,1,1548,1658,SE
1173280.768,X_LEG_2,9.18,12.00,2.50,1,1548,1658,SE
1173280.789,X_LEG_2,9.18,12.00,2.50,1,1548,1658,SE
1173280.809,X_LEG_2,9.18,12.00,2.50,1,1548,1658,SE
1173280.830,X_LEG_2,9.18,12.00,2.50,1,1548,1658,SE
1173280.850,X_LEG_2,9.18,12.00,2.50,1,1548,1658,SE
1173280.871,X_LEG_2,9.18,12.00,2.50,1,1548,1658,SE
1173280.892,X_LEG_2,9.18,12.00,2.50,1,1548,1658,SE
1173280.913,X_LEG_2,9.18,12.00,2.50,1,1548,1658,SE
1173280.933,X_LEG_2,9.19,11.94,2.57,1,1548,1658,SE
1173280.954,X_LEG_2,9.19,11.94,2.57,1,1548,1658,SE
1173280.974,X_LEG_2,9.19,11.94,2.57,1,1548,1658,SE
1173280.995,X_LEG_2,9.19,11.94,2.57,1,1548,1658,SE
1173281.017,X_LEG_2,9.19,11.94,2.57,1,1548,1658,SE
1173281.039,X_LEG_2,9.20,11.90,2.63,1,1548,1658,SE
1173281.060,X_LEG_2,9.20,11.90,2.63,1,1548,1658,SE
1173281.080,X_LEG_2,9.20,11.90,2.63,1,1548,1658,SE
1173281.100,X_LEG_2,9.20,11.90,2.63,1,1548,1658,SE
1173281.121,X_LEG_2,9.20,11.90,2.63,1,1548,1658,SE
1173281.142,X_LEG_2,9.20,11.87,2.69,1,1547,1658,SE
1173281.162,X_LEG_2,9.20,11.87,2.69,1,1547,1658,SE
1173281.183,X_LEG_2,9.20,11.87,2.69,1,1547,1658,SE
1173281.203,X_LEG_2,9.20,11.87,2.69,1,1547,1658,SE
1173281.223,X_LEG_2,9.20,11.87,2.69,1,1547,1658,SE
1173281.244,X_LEG_2,9.21,11.83,2.71,1,1547,1658,SE
1173281.264,X_LEG_2,9.21,11.83,2.71,1,1547,1658,SE
1173281.285,X_LEG_2,9.21,11.83,2.71,1,1547,1658,SE
1173281.305,X_LEG_2,9.21,11.83,2.71,1,1547,1658,SE
1173281.325,X_LEG_2,9.21,11.83,2.71,1,1547,1658,SE
1173281.346,X_LEG_2,9.22,11.79,2.78,1,1547,1658,SE
1173281.367,X_LEG_2,9.22,11.79,2.78,1,1547,1658,SE
1173281.387,X_LEG_2,9.22,11.79,2.78,1,1547,1658,SE
1173281.408,X_LEG_2,9.22,11.79,2.78,1,1547,1658,SE
1173281.429,X_LEG_2,9.22,11.79,2.78,1,1547,1658,SE
1173281.449,X_LEG_2,9.22,11.79,2.78,1,1547,1658,SE
1173281.470,X_LEG_2,9.22,11.79,2.78,1,1547,1658,SE
1173281.490,X_LEG_2,9.22,11.79,2.78,1,1547,1658,SE
1173281.510,X_LEG_2,9.22,11.79,2.78,1,1547,1658,SE
1173281.531,X_LEG_2,9.22,11.79,2.78,1,1547,1658,SE
1173281.551,X_LEG_2,9.24,11.70,2.91,1,1547,1658,SE
1173281.571,X_LEG_2,9.24,11.70,2.91,1,1547,1658,SE
1173281.592,X_LEG_2,9.24,11.70,2.91,1,1547,1658,SE
1173281.612,X_LEG_2,9.24,11.70,2.91,1,1547,1658,SE
1173281.633,X_LEG_2,9.24,11.70,2.91,1,1547,1658,SE
1173281.653,X_LEG_2,9.24,11.66,2.97,1,1547,1658,SE
1173281.674,X_LEG_2,9.24,11.66,2.97,1,1547,1658,SE
1173281.694,X_LEG_2,9.24,11.66,2.97,1,1547,1658,SE
1173281.714,X_LEG_2,9.24,11.66,2.97,1,1547,1658,SE
1173281.735,X_LEG_2,9.24,11.66,2.97,1,1547,1658,SE
1173281.755,X_LEG_2,9.24,11.66,1.97,1,1547,1658,SE
1173281.776,X_LEG_2,9.24,11.66,1.97,1,1547,1658,SE
1173281.797,X_LEG_2,9.24,11.66,1.97,1,1547,1658,SE
1173281.818,X_LEG_2,9.24,11.66,1.97,1,1547,1658,SE
1173281.838,X_LEG_2,9.24,11.66,1.97,1,1547,1658,SE
1173281.860,X_LEG_2,9.25,11.61,2.05,1,1546,1658,SE
1173281.880,X_LEG_2,9.25,11.61,2.05,1,1546,1658,SE
1173281.901,X_LEG_2,9.25,11.61,2.05,1,1546,1658,SE
1173281.922,X_LEG_2,9.25,11.61,2.05,1,1546,1658,SE
1173281.942,X_LEG_2,9.25,11.61,2.05,1,1546,1658,SE
1173281.962,X_LEG_2,9.26,11.57,2.11,1,1546,1658,SE
1173281.983,X_LEG_2,9.26,11.57,2.11,1,1546,1658,SE
1173282.004,X_LEG_2,9.26,11.57,2.11,1,1546,1658,SE
1173282.024,X_LEG_2,9.26,11.57,2.11,1,1546,1658,SE
1173282.045,X_LEG_2,9.26,11.57,2.11,1,1546,1658,SE
1173282.065,X_LEG_2,9.27,11.54,2.13,1,1546,1658,SE
1173282.086,X_LEG_2,9.27,11.54,2.13,1,1546,1658,SE
1173282.107,X_LEG_2,9.27,11.54,2.13,1,1546,1658,SE
1173282.127,X_LEG_2,9.27,11.54,2.13,1,1546,1658,SE
1173282.147,X_LEG_2,9.27,11.54,2.13,1,1546,1658,SE
1173282.168,X_LEG_2,9.27,11.50,2.20,1,1546,1658,SE
1173282.188,X_LEG_2,9.27,11.50,2.20,1,1546,1658,SE
1173282.209,X_LEG_2,9.27,11.50,2.20,1,1546,1658,SE
1173282.229,X_LEG_2,9.27,11.50,2.20,1,1546,1658,SE
1173282.250,X_LEG_2,9.27,11.50,2.20,1,1546,1658,SE
1173282.270,X_LEG_2,9.28,11.47,2.26,1,1546,1658,SE
1173282.290,X_LEG_2,9.28,11.47,2.26,1,1546,1658,SE
1173282.312,X_LEG_2,9.28,11.47,2.26,1,1546,1658,SE
1173282.333,X_LEG_2,9.28,11.47,2.26,1,1546,1658,SE
1173282.353,X_LEG_2,9.28,11.47,2.26,1,1546,1658,SE
1173282.374,X_LEG_2,9.28,11.47,2.26,1,1546,1658,SE
1173282.395,X_LEG_2,9.28,11.47,2.26,1,1546,1658,SE
1173282.415,X_LEG_2,9.28,11.47,2.26,1,1546,1658,SE
1173282.436,X_LEG_2,9.28,11.47,2.26,1,1546,1658,SE
1173282.456,X_LEG_2,9.28,11.47,2.26,1,1546,1658,SE
1173282.477,X_LEG_2,9.29,11.41,2.34,1,1546,1658,SE
1173282.497,X_LEG_2,9.29,11.41,2.34,1,1546,1658,SE
1173282.518,X_LEG_2,9.29,11.41,2.34,1,1546,1658,SE
1173282.538,X_LEG_2,9.29,11.41,2.34,1,1546,1658,SE
1173282.558,X_LEG_2,9.29,11.41,2.34,1,1546,1658,SE
1173282.580,X_LEG_2,9.30,11.38,2.36,1,1546,1658,SE
1173282.600,X_LEG_2,9.30,11.38,2.36,1,1546,1658,SE
1173282.621,X_LEG_2,9.30,11.38,2.36,1,1546,1658,SE
1173282.642,X_LEG_2,9.30,11.38,2.36,1,1546,1658,SE
1173282.662,X_LEG_2,9.30,11.38,2.36,1,1546,1658,SE
1173282.683,X_LEG_2,9.31,11.35,2.42,1,1545,1658,SE
1173282.704,X_LEG_2,9.31,11.35,2.42,1,1545,1658,SE
1173282.724,X_LEG_2,9.31,11.35,2.42,1,1545,1658,SE
1173282.744,X_LEG_2,9.31,11.35,2.42,1,1545,1658,SE
1173282.765,X_LEG_2,9.31,11.35,2.42,1,1545,1658,SE
1173282.785,X_LEG_2,9.32,11.29,2.50,1,1545,1658,SE
1173282.806,X_LEG_2,9.32,11.29,2.50,1,1545,1658,SE
1173282.826,X_LEG_2,9.32,11.29,2.50,1,1545,1658,SE
1173282.847,X_LEG_2,9.32,11.29,2.50,1,1545,1658,SE
1173282.867,X_LEG_2,9.32,11.29,2.50,1,1545,1658,SE
1173282.888,X_LEG_2,9.32,11.26,2.57,1,1545,1658,SE
1173282.909,X_LEG_2,9.32,11.26,2.57,1,1545,1658,SE
1173282.929,X_LEG_2,9.32,11.26,2.57,1,1545,1658,SE
1173282.950,X_LEG_2,9.32,11.26,2.57,1,1545,1658,SE
1173282.970,X_LEG_2,9.32,11.26,2.57,1,1545,1658,SE
1173282.991,X_LEG_2,9.33,11.22,2.60,1,1545,1658,SE
1173283.011,X_LEG_2,9.33,11.22,2.60,1,1545,1658,SE
1173283.031,X_LEG_2,9.33,11.22,2.60,1,1545,1658,SE
1173283.052,X_LEG_2,9.33,11.22,2.60,1,1545,1658,SE
1173283.072,X_LEG_2,9.33,11.22,2.60,1,1545,1658,SE
1173283.092,X_LEG_2,9.33,11.22,2.60,1,1545,1658,SE
1173283.113,X_LEG_2,9.33,11.22,2.60,1,1545,1658,SE
1173283.133,X_LEG_2,9.33,11.22,2.60,1,1545,1658,SE
1173283.154,X_LEG_2,9.33,11.22,2.60,1,1545,1658,SE
1173283.174,X_LEG_2,9.33,11.22,2.60,1,1545,1658,SE
1173283.194,X_LEG_2,9.34,11.18,2.71,1,1545,1657,SE
1173283.215,X_LEG_2,9.34,11.18,2.71,1,1545,1657,SE
1173283.235,X_LEG_2,9.34,11.18,2.71,1,1545,1657,SE
1173283.256,X_LEG_2,9.34,11.18,2.71,1,1545,1657,SE
1173283.276,X_LEG_2,9.34,11.18,2.71,1,1545,1657,SE
1173283.297,X_LEG_2,9.35,11.14,2.73,1,1545,1657,SE
1173283.317,X_LEG_2,9.35,11.14,2.73,1,1545,1657,SE
1173283.337,X_LEG_2,9.35,11.14,2.73,1,1545,1657,SE
1173283.358,X_LEG_2,9.35,11.14,2.73,1,1545,1657,SE
1173283.379,X_LEG_2,9.35,11.14,2.73,1,1545,1657,SE
1173283.399,X_LEG_2,9.35,11.10,2.81,1,1544,1657,SE
1173283.420,X_LEG_2,9.35,11.10,2.81,1,1544,1657,SE
1173283.441,X_LEG_2,9.35,11.10,2.81,1,1544,1657,SE
1173283.461,X_LEG_2,9.35,11.10,2.81,1,1544,1657,SE
1173283.481,X_LEG_2,9.35,11.10,2.81,1,1544,1657,SE
1173283.502,X_LEG_2,9.35,11.10,2.81,1,1544,1657,SE
1173283.522,X_LEG_2,9.35,11.10,2.81,1,1544,1657,SE
1173283.543,X_LEG_2,9.35,11.10,2.81,1,1544,1657,SE
1173283.563,X_LEG_2,9.35,11.10,2.81,1,1544,1657,SE
1173283.584,X_LEG_2,9.35,11.10,2.81,1,1544,1657,SE
1173283.604,X_LEG_2,9.36,11.06,1.88,1,1544,1657,SE
1173283.624,X_LEG_2,9.36,11.06,1.88,1,1544,1657,SE
1173283.645,X_LEG_2,9.36,11.06,1.88,1,1544,1657,SE
1173283.666,X_LEG_2,9.36,11.06,1.88,1,1544,1657,SE
1173283.686,X_LEG_2,9.36,11.06,1.88,1,1544,1657,SE
1173283.707,X_LEG_2,9.37,11.02,1.95,1,1544,1657,SE
1173283.727,X_LEG_2,9.37,11.02,1.95,1,1544,1657,SE
1173283.747,X_LEG_2,9.37,11.02,1.95,1,1544,1657,SE
1173283.768,X_LEG_2,9.37,11.02,1.95,1,1544,1657,SE
1173283.789,X_LEG_2,9.37,11.02,1.95,1,1544,1657,SE
1173283.809,X_LEG_2,9.38,10.97,2.03,1,1544,1657,SE
1173283.831,X_LEG_2,9.38,10.97,2.03,1,1544,1657,SE
1173283.851,X_LEG_2,9.38,10.97,2.03,1,1544,1657,SE
1173283.872,X_LEG_2,9.38,10.97,2.03,1,1544,1657,SE
1173283.893,X_LEG_2,9.38,10.97,2.03,1,1544,1657,SE
1173283.913,X_LEG_2,9.38,10.97,2.03,1,1544,1657,SE
1173283.934,X_LEG_2,9.38,10.97,2.03,1,1544,1657,SE
1173283.954,X_LEG_2,9.38,10.97,2.03,1,1544,1657,SE
1173283.975,X_LEG_2,9.38,10.97,2.03,1,1544,1657,SE
1173283.995,X_LEG_2,9.38,10.97,2.03,1,1544,1657,SE
1173284.015,X_LEG_2,9.39,10.92,2.07,1,1544,1657,SE
1173284.036,X_LEG_2,9.39,10.92,2.07,1,1544,1657,SE
1173284.056,X_LEG_2,9.39,10.92,2.07,1,1544,1657,SE
1173284.076,X_LEG_2,9.39,10.92,2.07,1,1544,1657,SE
1173284.097,X_LEG_2,9.39,10.92,2.07,1,1544,1657,SE
1173284.117,X_LEG_2,9.39,10.88,2.14,1,1544,1657,SE
1173284.138,X_LEG_2,9.39,10.88,2.14,1,1544,1657,SE
1173284.158,X_LEG_2,9.39,10.88,2.14,1,1544,1657,SE
1173284.179,X_LEG_2,9.39,10.88,2.14,1,1544,1657,SE
1173284.199,X_LEG_2,9.39,10.88,2.14,1,1544,1657,SE
1173284.220,X_LEG_2,9.40,10.84,2.22,1,1543,1657,SE
1173284.240,X_LEG_2,9.40,10.84,2.22,1,1543,1657,SE
1173284.261,X_LEG_2,9.40,10.84,2.22,1,1543,1657,SE
1173284.283,X_LEG_2,9.40,10.84,2.22,1,1543,1657,SE
1173284.303,X_LEG_2,9.40,10.84,2.22,1,1543,1657,SE
1173284.323,X_LEG_2,9.41,10.81,2.29,1,1543,1657,SE
1173284.344,X_LEG_2,9.41,10.81,2.29,1,1543,1657,SE
1173284.364,X_LEG_2,9.41,10.81,2.29,1,1543,1657,SE
1173284.385,X_LEG_2,9.41,10.81,2.29,1,1543,1657,SE
1173284.405,X_LEG_2,9.41,10.81,2.29,1,1543,1657,SE
1173284.426,X_LEG_2,9.41,10.81,2.29,1,1543,1657,SE
1173284.446,X_LEG_2,9.41,10.81,2.29,1,1543,1657,SE
1173284.467,X_LEG_2,9.41,10.81,2.29,1,1543,1657,SE
1173284.487,X_LEG_2,9.41,10.81,2.29,1,1543,1657,SE
1173284.507,X_LEG_2,9.41,10.81,2.29,1,1543,1657,SE
1173284.528,X_LEG_2,9.42,10.76,2.37,1,1543,1657,SE
1173284.549,X_LEG_2,9.42,10.76,2.37,1,1543,1657,SE
1173284.569,X_LEG_2,9.42,10.76,2.37,1,1543,1657,SE
1173284.590,X_LEG_2,9.42,10.76,2.37,1,1543,1657,SE
1173284.610,X_LEG_2,9.42,10.76,2.37,1,1543,1657,SE
1173284.631,X_LEG_2,9.42,10.72,2.40,1,1543,1657,SE
1173284.651,X_LEG_2,9.42,10.72,2.40,1,1543,1657,SE
1173284.671,X_LEG_2,9.42,10.72,2.40,1,1543,1657,SE
1173284.692,X_LEG_2,9.42,10.72,2.40,1,1543,1657,SE
1173284.712,X_LEG_2,9.42,10.72,2.40,1,1543,1657,SE
1173284.733,X_LEG_2,9.42,10.72,2.40,1,1543,1657,SE
1173284.753,X_LEG_2,9.42,10.72,2.40,1,1543,1657,SE
1173284.774,X_LEG_2,9.42,10.72,2.40,1,1543,1657,SE
1173284.795,X_LEG_2,9.42,10.72,2.40,1,1543,1657,SE
1173284.815,X_LEG_2,9.42,10.72,2.40,1,1543,1657,SE
1173284.836,X_LEG_2,9.42,10.72,2.40,1,1543,1657,SE
1173284.856,X_LEG_2,9.42,10.72,2.40,1,1543,1657,SE
1173284.877,X_LEG_2,9.42,10.72,2.40,1,1543,1657,SE
1173284.897,X_LEG_2,9.42,10.72,2.40,1,1543,1657,SE
1173284.917,X_LEG_2,9.42,10.72,2.40,1,1543,1657,SE
1173284.937,X_LEG_2,9.43,10.65,2.55,1,1543,1657,SE
1173284.958,X_LEG_2,9.43,10.65,2.55,1,1543,1657,SE
1173284.978,X_LEG_2,9.43,10.65,2.55,1,1543,1657,SE
1173284.999,X_LEG_2,9.43,10.65,2.55,1,1543,1657,SE
1173285.019,X_LEG_2,9.43,10.65,2.55,1,1543,1657,SE
1173285.040,X_LEG_2,9.44,10.61,2.63,1,1542,1657,SE
1173285.060,X_LEG_2,9.44,10.61,2.63,1,1542,1657,SE
1173285.081,X_LEG_2,9.44,10.61,2.63,1,1542,1657,SE
1173285.101,X_LEG_2,9.44,10.61,2.63,1,1542,1657,SE
1173285.122,X_LEG_2,9.44,10.61,2.63,1,1542,1657,SE
1173285.142,X_LEG_2,9.45,10.57,2.66,1,1542,1657,SE
1173285.163,X_LEG_2,9.45,10.57,2.66,1,1542,1657,SE
1173285.183,X_LEG_2,9.45,10.57,2.66,1,1542,1657,SE
1173285.203,X_LEG_2,9.45,10.57,2.66,1,1542,1657,SE
1173285.224,X_LEG_2,9.45,10.57,2.66,1,1542,1657,SE
1173285.244,X_LEG_2,9.45,10.54,2.73,1,1542,1657,SE
1173285.265,X_LEG_2,9.45,10.54,2.73,1,1542,1657,SE
1173285.285,X_LEG_2,9.45,10.54,2.73,1,1542,1657,SE
1173285.306,X_LEG_2,9.45,10.54,2.73,1,1542,1657,SE
1173285.326,X_LEG_2,9.45,10.54,2.73,1,1542,1657,SE
1173285.347,X_LEG_2,9.45,10.54,2.73,1,1542,1657,SE
1173285.367,X_LEG_2,9.45,10.54,2.73,1,1542,1657,SE
1173285.387,X_LEG_2,9.45,10.54,2.73,1,1542,1657,SE
1173285.408,X_LEG_2,9.45,10.54,2.73,1,1542,1657,SE
1173285.429,X_LEG_2,9.45,10.54,2.73,1,1542,1657,SE
1173285.449,X_LEG_2,9.46,10.50,2.81,1,1542,1657,SE
1173285.470,X_LEG_2,9.46,10.50,2.81,1,1542,1657,SE
1173285.490,X_LEG_2,9.46,10.50,2.81,1,1542,1657,SE
1173285.511,X_LEG_2,9.46,10.50,2.81,1,1542,1657,SE
1173285.531,X_LEG_2,9.46,10.50,2.81,1,1542,1657,SE
1173285.552,X_LEG_2,9.47,10.46,2.84,1,1542,1657,SE
1173285.572,X_LEG_2,9.47,10.46,2.84,1,1542,1657,SE
1173285.593,X_LEG_2,9.47,10.46,2.84,1,1542,1657,SE
1173285.613,X_LEG_2,9.47,10.46,2.84,1,1542,1657,SE
1173285.633,X_LEG_2,9.47,10.46,2.84,1,1542,1657,SE
1173285.654,X_LEG_2,9.47,10.42,2.92,1,1542,1657,SE
1173285.675,X_LEG_2,9.47,10.42,2.92,1,1542,1657,SE
1173285.695,X_LEG_2,9.47,10.42,2.92,1,1542,1657,SE
1173285.715,X_LEG_2,9.47,10.42,2.92,1,1542,1657,SE
1173285.735,X_LEG_2,9.47,10.42,2.92,1,1542,1657,SE
1173285.756,X_LEG_2,9.48,10.39,3.00,1,1542,1657,SE
1173285.777,X_LEG_2,9.48,10.39,3.00,1,1542,1657,SE
1173285.797,X_LEG_2,9.48,10.39,3.00,1,1542,1657,SE
1173285.818,X_LEG_2,9.48,10.39,3.00,1,1542,1657,SE
1173285.838,X_LEG_2,9.48,10.39,3.00,1,1542,1657,SE
1173285.858,X_LEG_2,9.48,10.39,3.00,1,1542,1657,SE
1173285.879,X_LEG_2,9.48,10.39,3.00,1,1542,1657,SE
1173285.899,X_LEG_2,9.48,10.39,3.00,1,1542,1657,SE
1173285.920,X_LEG_2,9.48,10.39,3.00,1,1542,1657,SE
1173285.941,X_LEG_2,9.48,10.39,3.00,1,1542,1657,SE
1173285.961,X_LEG_2,9.48,10.35,3.08,1,1541,1657,SE
1173285.982,X_LEG_2,9.48,10.35,3.08,1,1541,1657,SE
1173286.002,X_LEG_2,9.48,10.35,3.08,1,1541,1657,SE
1173286.023,X_LEG_2,9.48,10.35,3.08,1,1541,1657,SE
1173286.043,X_LEG_2,9.48,10.35,3.08,1,1541,1657,SE
1173286.064,X_LEG_2,9.49,10.31,3.11,1,1541,1657,SE
1173286.084,X_LEG_2,9.49,10.31,3.11,1,1541,1657,SE
1173286.105,X_LEG_2,9.49,10.31,3.11,1,1541,1657,SE
1173286.125,X_LEG_2,9.49,10.31,3.11,1,1541,1657,SE
1173286.146,X_LEG_2,9.49,10.31,3.11,1,1541,1657,SE
1173286.167,X_LEG_2,9.49,10.31,3.11,1,1541,1657,SE
1173286.187,X_LEG_2,9.49,10.31,3.11,1,1541,1657,SE
1173286.208,X_LEG_2,9.49,10.31,3.11,1,1541,1657,SE
1173286.228,X_LEG_2,9.49,10.31,3.11,1,1541,1657,SE
1173286.248,X_LEG_2,9.49,10.31,3.11,1,1541,1657,SE
1173286.270,X_LEG_2,9.49,10.27,3.19,1,1541,1657,SE
1173286.291,X_LEG_2,9.49,10.27,3.19,1,1541,1657,SE
1173286.311,X_LEG_3,9.49,79.45,123.20,0,1500,1657,NW
1173286.333,X_LEG_3,9.49,79.45,123.20,0,1500,1657,NW
1173286.353,X_LEG_3,9.49,79.45,123.20,0,1500,1657,NW
1173286.373,X_LEG_3,9.50,79.48,122.21,0,1500,1657,NW
1173286.395,X_LEG_3,9.50,79.48,122.21,0,1500,1657,NW
1173286.415,X_LEG_3,9.50,79.48,122.21,0,1500,1657,NW
1173286.436,X_LEG_3,9.50,79.48,122.21,0,1500,1657,NW
1173286.456,X_LEG_3,9.50,79.48,122.21,0,1500,1657,NW
1173286.477,X_LEG_3,9.50,79.50,122.23,0,1500,1657,NW
1173286.497,X_LEG_3,9.50,79.50,122.23,0,1500,1657,NW
1173286.518,X_LEG_3,9.50,79.50,122.23,0,1500,1657,NW
1173286.538,X_LEG_3,9.50,79.50,122.23,0,1500,1657,NW
1173286.558,X_LEG_3,9.50,79.50,122.23,0,1500,1657,NW
1173286.579,X_LEG_3,9.51,79.54,122.25,0,1500,1657,NW
1173286.599,X_LEG_3,9.51,79.54,122.25,0,1500,1657,NW
1173286.620,X_LEG_3,9.51,79.54,122.25,0,1500,1657,NW
1173286.640,X_LEG_3,9.51,79.54,122.25,0,1500,1657,NW
1173286.662,X_LEG_3,9.51,79.54,122.25,0,1500,1657,NW
1173286.682,X_LEG_3,9.51,79.56,122.27,0,1500,1657,NW
1173286.703,X_LEG_3,9.51,79.56,122.27,0,1500,1657,NW
1173286.723,X_LEG_3,9.51,79.56,122.27,0,1500,1657,NW
1173286.743,X_LEG_3,9.51,79.56,122.27,0,1500,1657,NW
1173286.764,X_LEG_3,9.51,79.56,122.27,0,1500,1657,NW
1173286.784,X_LEG_3,9.52,79.58,122.28,0,1500,1657,NW
1173286.805,X_LEG_3,9.52,79.58,122.28,0,1500,1657,NW
1173286.825,X_LEG_3,9.52,79.58,122.28,0,1500,1657,NW
1173286.846,X_LEG_3,9.52,79.58,122.28,0,1500,1657,NW
1173286.866,X_LEG_3,9.52,79.58,122.28,0,1500,1657,NW
1173286.887,X_LEG_3,9.52,79.58,122.28,0,1500,1657,NW
1173286.907,X_LEG_3,9.52,79.58,122.28,0,1500,1657,NW
1173286.928,X_LEG_3,9.52,79.58,122.28,0,1500,1657,NW
1173286.948,X_LEG_3,9.52,79.58,122.28,0,1500,1657,NW
1173286.969,X_LEG_3,9.52,79.58,122.28,0,1500,1657,NW
1173286.990,X_LEG_3,9.54,79.61,103.30,0,1500,1657,NW
1173287.010,X_LEG_3,9.54,79.61,103.30,0,1500,1657,NW
1173287.030,X_LEG_3,9.54,79.61,103.30,0,1500,1657,NW
1173287.051,X_LEG_3,9.54,79.61,103.30,0,1500,1657,NW
1173287.071,X_LEG_3,9.54,79.61,103.30,0,1500,1657,NW
1173287.091,X_LEG_3,9.55,79.63,103.32,0,1500,1657,NW
1173287.112,X_LEG_3,9.55,79.63,103.32,0,1500,1657,NW
1173287.133,X_LEG_3,9.55,79.63,103.32,0,1500,1657,NW
1173287.153,X_LEG_3,9.55,79.63,103.32,0,1500,1657,NW
1173287.174,X_LEG_3,9.55,79.63,103.32,0,1500,1657,NW
1173287.194,X_LEG_3,9.56,79.66,103.33,0,1500,1657,NW
1173287.215,X_LEG_3,9.56,79.66,103.33,0,1500,1657,NW
1173287.235,X_LEG_3,9.56,79.66,103.33,0,1500,1657,NW
1173287.256,X_LEG_3,9.56,79.66,103.33,0,1500,1657,NW
1173287.276,X_LEG_3,9.56,79.66,103.33,0,1500,1657,NW
1173287.296,X_LEG_3,9.56,79.66,103.33,0,1500,1657,NW
1173287.317,X_LEG_3,9.56,79.66,103.33,0,1500,1657,NW
1173287.338,X_LEG_3,9.56,79.66,103.33,0,1500,1657,NW
1173287.359,X_LEG_3,9.56,79.66,103.33,0,1500,1657,NW
1173287.380,X_LEG_3,9.56,79.66,103.33,0,1500,1657,NW
1173287.400,X_LEG_3,9.58,79.68,103.35,0,1500,1657,NW
1173287.420,X_LEG_3,9.58,79.68,103.35,0,1500,1657,NW
1173287.441,X_LEG_3,9.58,79.68,103.35,0,1500,1657,NW
1173287.466,X_LEG_3,9.58,79.68,103.35,0,1500,1657,NW
1173287.485,X_LEG_3,9.58,79.68,103.35,0,1500,1657,NW
1173287.508,X_LEG_3,9.59,79.71,103.37,0,1500,1657,NW
1173287.528,X_LEG_3,9.59,79.71,103.37,0,1500,1657,NW
1173287.549,X_LEG_3,9.59,79.71,103.37,0,1500,1657,NW
1173287.570,X_LEG_3,9.59,79.71,103.37,0,1500,1657,NW
1173287.590,X_LEG_3,9.59,79.71,103.37,0,1500,1657,NW
1173287.611,X_LEG_3,9.61,79.73,103.39,0,1500,1657,NW
1173287.632,X_LEG_3,9.61,79.73,103.39,0,1500,1657,NW
1173287.652,X_LEG_3,9.61,79.73,103.39,0,1500,1657,NW
1173287.673,X_LEG_3,9.61,79.73,103.39,0,1500,1657,NW
1173287.694,X_LEG_3,9.61,79.73,103.39,0,1500,1657,NW
1173287.714,X_LEG_3,9.63,79.75,103.39,0,1500,1657,NW
1173287.734,X_LEG_3,9.63,79.75,103.39,0,1500,1657,NW
1173287.755,X_LEG_3,9.63,79.75,103.39,0,1500,1657,NW
1173287.776,X_LEG_3,9.63,79.75,103.39,0,1500,1657,NW
1173287.796,X_LEG_3,9.63,79.75,103.39,0,1500,1657,NW
1173287.817,X_LEG_3,9.64,79.78,76.41,0,1500,1657,NW
1173287.838,X_LEG_3,9.64,79.78,76.41,0,1500,1657,NW
1173287.858,X_LEG_3,9.64,79.78,76.41,0,1500,1657,NW
1173287.880,X_LEG_3,9.64,79.78,76.41,0,1500,1657,NW
1173287.902,X_LEG_3,9.64,79.78,76.41,0,1500,1657,NW
1173287.921,X_LEG_3,9.66,79.79,76.42,0,1500,1657,NW
1173287.941,X_LEG_3,9.66,79.79,76.42,0,1500,1657,NW
1173287.962,X_LEG_3,9.66,79.79,76.42,0,1500,1657,NW
1173287.982,X_LEG_3,9.66,79.79,76.42,0,1500,1657,NW
1173288.002,X_LEG_3,9.66,79.79,76.42,0,1500,1657,NW
1173288.023,X_LEG_3,9.66,79.79,76.42,0,1500,1657,NW
1173288.043,X_LEG_3,9.66,79.79,76.42,0,1500,1657,NW
1173288.064,X_LEG_3,9.66,79.79,76.42,0,1500,1657,NW
1173288.084,X_LEG_3,9.66,79.79,76.42,0,1500,1657,NW
1173288.105,X_LEG_3,9.66,79.79,76.42,0,1500,1657,NW
1173288.125,X_LEG_3,9.67,79.82,76.44,0,1500,1656,NW
1173288.146,X_LEG_3,9.67,79.82,76.44,0,1500,1656,NW
1173288.166,X_LEG_3,9.67,79.82,76.44,0,1500,1656,NW
1173288.187,X_LEG_3,9.67,79.82,76.44,0,1500,1656,NW
1173288.208,X_LEG_3,9.67,79.82,76.44,0,1500,1656,NW
1173288.229,X_LEG_3,9.69,79.84,76.45,0,1500,1656,NW
1173288.249,X_LEG_3,9.69,79.84,76.45,0,1500,1656,NW
1173288.270,X_LEG_3,9.69,79.84,76.45,0,1500,1656,NW
1173288.290,X_LEG_3,9.69,79.84,76.45,0,1500,1656,NW
1173288.310,X_LEG_3,9.69,79.84,76.45,0,1500,1656,NW
1173288.332,X_LEG_3,9.69,79.84,76.45,0,1500,1656,NW
1173288.352,X_LEG_3,9.69,79.84,76.45,0,1500,1656,NW
1173288.373,X_LEG_3,9.69,79.84,76.45,0,1500,1656,NW
1173288.394,X_LEG_3,9.69,79.84,76.45,0,1500,1656,NW
1173288.415,X_LEG_3,9.69,79.84,76.45,0,1500,1656,NW
1173288.435,X_LEG_3,9.71,79.86,76.46,0,1500,1656,NW
1173288.456,X_LEG_3,9.71,79.86,76.46,0,1500,1656,NW
1173288.477,X_LEG_3,9.71,79.86,76.46,0,1500,1656,NW
1173288.497,X_LEG_3,9.71,79.86,76.46,0,1500,1656,NW
1173288.518,X_LEG_3,9.71,79.86,76.46,0,1500,1656,NW
1173288.539,X_LEG_3,9.72,79.88,51.48,0,1500,1656,NW
1173288.559,X_LEG_3,9.72,79.88,51.48,0,1500,1656,NW
1173288.579,X_LEG_3,9.72,79.88,51.48,0,1500,1656,NW
1173288.600,X_LEG_3,9.72,79.88,51.48,0,1500,1656,NW
1173288.620,X_LEG_3,9.72,79.88,51.48,0,1500,1656,NW
1173288.640,X_LEG_3,9.74,79.91,51.49,0,1500,1656,NW
1173288.661,X_LEG_3,9.74,79.91,51.49,0,1500,1656,NW
1173288.681,X_LEG_3,9.74,79.91,51.49,0,1500,1656,NW
1173288.702,X_LEG_3,9.74,79.91,51.49,0,1500,1656,NW
1173288.723,X_LEG_3,9.74,79.91,51.49,0,1500,1656,NW
1173288.743,X_LEG_3,9.77,79.93,51.51,0,1500,1656,NW
1173288.763,X_LEG_3,9.77,79.93,51.51,0,1500,1656,NW
1173288.784,X_LEG_3,9.77,79.93,51.51,0,1500,1656,NW
1173288.804,X_LEG_3,9.77,79.93,51.51,0,1500,1656,NW
1173288.825,X_LEG_3,9.77,79.93,51.51,0,1500,1656,NW
1173288.845,X_LEG_3,9.78,79.95,51.52,0,1500,1656,NW
1173288.866,X_LEG_3,9.78,79.95,51.52,0,1500,1656,NW
1173288.886,X_LEG_3,9.78,79.95,51.52,0,1500,1656,NW
1173288.907,X_LEG_3,9.78,79.95,51.52,0,1500,1656,NW
1173288.928,X_LEG_3,9.78,79.95,51.52,0,1500,1656,NW
1173288.949,X_LEG_3,9.80,79.97,51.53,0,1500,1656,NW
1173288.969,X_LEG_3,9.80,79.97,51.53,0,1500,1656,NW
1173288.990,X_LEG_3,9.80,79.97,51.53,0,1500,1656,NW
1173289.010,X_LEG_3,9.80,79.97,51.53,0,1500,1656,NW
1173289.031,X_LEG_3,9.80,79.97,51.53,0,1500,1656,NW
1173289.051,X_LEG_3,9.80,79.97,51.53,0,1500,1656,NW
1173289.072,X_LEG_3,9.80,79.97,51.53,0,1500,1656,NW
1173289.092,X_LEG_3,9.80,79.97,51.53,0,1500,1656,NW
1173289.113,X_LEG_3,9.80,79.97,51.53,0,1500,1656,NW
1173289.133,X_LEG_3,9.80,79.97,51.53,0,1500,1656,NW
1173289.154,X_LEG_3,9.84,80.02,26.57,0,1500,1656,NW
1173289.174,X_LEG_3,9.84,80.02,26.57,0,1500,1656,NW
1173289.195,X_LEG_3,9.84,80.02,26.57,0,1500,1656,NW
1173289.215,X_LEG_3,9.84,80.02,26.57,0,1500,1656,NW
1173289.236,X_LEG_3,9.84,80.02,26.57,0,1500,1656,NW
1173289.256,X_LEG_3,9.84,80.02,26.57,0,1500,1656,NW
1173289.277,X_LEG_3,9.84,80.02,26.57,0,1500,1656,NW
1173289.297,X_LEG_3,9.84,80.02,26.57,0,1500,1656,NW
1173289.318,X_LEG_3,9.84,80.02,26.57,0,1500,1656,NW
1173289.338,X_LEG_3,9.84,80.02,26.57,0,1500,1656,NW
1173289.358,X_LEG_3,9.87,80.04,26.58,0,1500,1656,NW
1173289.379,X_LEG_3,9.87,80.04,26.58,0,1500,1656,NW
1173289.399,X_LEG_3,9.87,80.04,26.58,0,1500,1656,NW
1173289.420,X_LEG_3,9.87,80.04,26.58,0,1500,1656,NW
1173289.440,X_LEG_3,9.87,80.04,26.58,0,1500,1656,NW
1173289.461,X_LEG_3,9.89,80.08,26.60,0,1500,1656,NW
1173289.481,X_LEG_3,9.89,80.08,26.60,0,1500,1656,NW
1173289.502,X_LEG_3,9.89,80.08,26.60,0,1500,1656,NW
1173289.522,X_LEG_3,9.89,80.08,26.60,0,1500,1656,NW
1173289.543,X_LEG_3,9.89,80.08,26.60,0,1500,1656,NW
1173289.563,X_LEG_3,9.89,80.08,26.60,0,1500,1656,NW
1173289.584,X_LEG_3,9.89,80.08,26.60,0,1500,1656,NW
1173289.604,X_LEG_3,9.89,80.08,26.60,0,1500,1656,NW
1173289.624,X_LEG_3,9.89,80.08,26.60,0,1500,1656,NW
1173289.645,X_LEG_3,9.89,80.08,26.60,0,1500,1656,NW
1173289.666,X_LEG_3,9.92,80.11,26.62,0,1500,1656,NW
1173289.686,X_LEG_3,9.92,80.11,26.62,0,1500,1656,NW
1173289.706,X_LEG_3,9.92,80.11,26.62,0,1500,1656,NW
1173289.726,X_LEG_3,9.92,80.11,26.62,0,1500,1656,NW
1173289.747,X_LEG_3,9.92,80.11,26.62,0,1500,1656,NW
1173289.768,X_LEG_3,9.94,80.13,12.64,1,1700,1656,NW
1173289.789,X_LEG_3,9.94,80.13,12.64,1,1700,1656,NW
1173289.809,X_LEG_3,9.94,80.13,12.64,1,1700,1656,NW
1173289.831,X_LEG_3,9.94,80.13,12.64,1,1700,1656,NW
1173289.851,X_LEG_3,9.94,80.13,12.64,1,1700,1656,NW
1173289.871,X_LEG_3,9.96,80.14,12.65,1,1700,1656,NW
1173289.892,X_LEG_3,9.96,80.14,12.65,1,1700,1656,NW
1173289.912,X_LEG_3,9.96,80.14,12.65,1,1700,1656,NW
1173289.933,X_LEG_3,9.96,80.14,12.65,1,1700,1656,NW
1173289.953,X_LEG_3,9.96,80.14,12.65,1,1700,1656,NW
1173289.973,X_LEG_3,9.99,80.17,12.66,1,1700,1656,NW
1173289.994,X_LEG_3,9.99,80.17,12.66,1,1700,1656,NW
1173290.014,X_LEG_3,9.99,80.17,12.66,1,1700,1656,NW
1173290.035,X_LEG_3,9.99,80.17,12.66,1,1700,1656,NW
1173290.055,X_LEG_3,9.99,80.17,12.66,1,1700,1656,NW
1173290.075,X_LEG_3,10.01,80.19,12.68,1,1700,1655,NW
1173290.097,X_LEG_3,10.01,80.19,12.68,1,1700,1655,NW
1173290.117,X_LEG_3,10.01,80.19,12.68,1,1700,1655,NW
1173290.138,X_LEG_3,10.01,80.19,12.68,1,1700,1655,NW
1173290.158,X_LEG_3,10.01,80.19,12.68,1,1700,1655,NW
1173290.178,X_LEG_3,10.01,80.19,12.68,1,1700,1655,NW
1173290.199,X_LEG_3,10.01,80.19,12.68,1,1700,1655,NW
1173290.220,X_LEG_3,10.01,80.19,12.68,1,1700,1655,NW
1173290.240,X_LEG_3,10.01,80.19,12.68,1,1700,1655,NW
1173290.260,X_LEG_3,10.01,80.19,12.68,1,1700,1655,NW
1173290.281,X_LEG_3,10.03,80.22,13.70,1,1700,1655,NW
1173290.302,X_LEG_3,10.03,80.22,13.70,1,1700,1655,NW
1173290.322,X_LEG_3,10.03,80.22,13.70,1,1700,1655,NW
1173290.343,X_LEG_3,10.03,80.22,13.70,1,1700,1655,NW
1173290.364,X_LEG_3,10.03,80.22,13.70,1,1700,1655,NW
1173290.385,X_LEG_3,10.05,80.23,13.71,1,1700,1655,NW
1173290.405,X_LEG_3,10.05,80.23,13.71,1,1700,1655,NW
1173290.426,X_LEG_3,10.05,80.23,13.71,1,1700,1655,NW
1173290.446,X_LEG_3,10.05,80.23,13.71,1,1700,1655,NW
1173290.466,X_LEG_3,10.05,80.23,13.71,1,1700,1655,NW
1173290.487,X_LEG_3,10.05,80.23,13.71,1,1700,1655,NW
1173290.507,X_LEG_3,10.05,80.23,13.71,1,1700,1655,NW
1173290.527,X_LEG_3,10.05,80.23,13.71,1,1700,1655,NW
1173290.548,X_LEG_3,10.05,80.23,13.71,1,1700,1655,NW
1173290.569,X_LEG_3,10.05,80.23,13.71,1,1700,1655,NW
1173290.589,X_LEG_3,10.08,80.26,13.73,1,1700,1655,NW
1173290.610,X_LEG_3,10.08,80.26,13.73,1,1700,1655,NW
1173290.630,X_LEG_3,10.08,80.26,13.73,1,1700,1655,NW
1173290.650,X_LEG_3,10.08,80.26,13.73,1,1700,1655,NW
1173290.670,X_LEG_3,10.08,80.26,13.73,1,1700,1655,NW
1173290.691,X_LEG_3,10.11,80.28,13.75,1,1700,1655,NW
1173290.712,X_LEG_3,10.11,80.28,13.75,1,1700,1655,NW
1173290.733,X_LEG_3,10.11,80.28,13.75,1,1700,1655,NW
1173290.753,X_LEG_3,10.11,80.28,13.75,1,1700,1655,NW
1173290.774,X_LEG_3,10.11,80.28,13.75,1,1700,1655,NW
1173290.794,X_LEG_3,10.13,80.29,13.76,1,1700,1655,NW
1173290.815,X_LEG_3,10.13,80.29,13.76,1,1700,1655,NW
1173290.835,X_LEG_3,10.13,80.29,13.76,1,1700,1655,NW
1173290.856,X_LEG_3,10.13,80.29,13.76,1,1700,1655,NW
1173290.876,X_LEG_3,10.13,80.29,13.76,1,1700,1655,NW
1173290.897,X_LEG_3,10.13,80.29,9.76,1,1700,1655,NW
1173290.917,X_LEG_3,10.13,80.29,9.76,1,1700,1655,NW
1173290.938,X_LEG_3,10.13,80.29,9.76,1,1700,1655,NW
1173290.958,X_LEG_3,10.13,80.29,9.76,1,1700,1655,NW
1173290.979,X_LEG_3,10.13,80.29,9.76,1,1700,1655,NW
1173290.999,X_LEG_3,10.16,80.31,9.78,1,1700,1655,NW
1173291.019,X_LEG_3,10.16,80.31,9.78,1,1700,1655,NW
1173291.039,X_LEG_3,10.16,80.31,9.78,1,1700,1655,NW
1173291.060,X_LEG_3,10.16,80.31,9.78,1,1700,1655,NW
1173291.080,X_LEG_3,10.16,80.31,9.78,1,1700,1655,NW
1173291.101,X_LEG_3,10.18,80.32,9.79,1,1700,1655,NW
1173291.121,X_LEG_3,10.18,80.32,9.79,1,1700,1655,NW
1173291.142,X_LEG_3,10.18,80.32,9.79,1,1700,1655,NW
1173291.163,X_LEG_3,10.18,80.32,9.79,1,1700,1655,NW
1173291.184,X_LEG_3,10.18,80.32,9.79,1,1700,1655,NW
1173291.204,X_LEG_3,10.19,80.32,9.80,1,1700,1655,NW
1173291.224,X_LEG_3,10.19,80.32,9.80,1,1700,1655,NW
1173291.245,X_LEG_3,10.19,80.32,9.80,1,1700,1655,NW
1173291.265,X_LEG_3,10.19,80.32,9.80,1,1700,1655,NW
1173291.286,X_LEG_3,10.19,80.32,9.80,1,1700,1655,NW
1173291.306,X_LEG_3,10.21,80.33,9.82,1,1700,1655,NW
1173291.327,X_LEG_3,10.21,80.33,9.82,1,1700,1655,NW
1173291.347,X_LEG_3,10.21,80.33,9.82,1,1700,1655,NW
1173291.368,X_LEG_3,10.21,80.33,9.82,1,1700,1655,NW
1173291.389,X_LEG_3,10.21,80.33,9.82,1,1700,1655,NW
1173291.409,X_LEG_3,10.23,80.32,9.83,1,1700,1655,NW
1173291.429,X_LEG_3,10.23,80.32,9.83,1,1700,1655,NW
1173291.450,X_LEG_3,10.23,80.32,9.83,1,1700,1655,NW
1173291.470,X_LEG_3,10.23,80.32,9.83,1,1700,1655,NW
1173291.491,X_LEG_3,10.23,80.32,9.83,1,1700,1655,NW
1173291.511,X_LEG_3,10.25,80.32,9.85,1,1700,1655,NW
1173291.532,X_LEG_3,10.25,80.32,9.85,1,1700,1655,NW
1173291.554,X_LEG_3,10.25,80.32,9.85,1,1700,1655,NW
1173291.574,X_LEG_3,10.25,80.32,9.85,1,1700,1655,NW
1173291.595,X_LEG_3,10.25,80.32,9.85,1,1700,1655,NW
1173291.616,X_LEG_3,10.27,80.32,8.87,1,1700,1655,NW
1173291.636,X_LEG_3,10.27,80.32,8.87,1,1700,1655,NW
1173291.657,X_LEG_3,10.27,80.32,8.87,1,1700,1655,NW
1173291.677,X_LEG_3,10.27,80.32,8.87,1,1700,1655,NW
1173291.698,X_LEG_3,10.27,80.32,8.87,1,1700,1655,NW
1173291.718,X_LEG_3,10.29,80.31,8.88,1,1700,1655,NW
1173291.739,X_LEG_3,10.29,80.31,8.88,1,1700,1655,NW
1173291.759,X_LEG_3,10.29,80.31,8.88,1,1700,1655,NW
1173291.779,X_LEG_3,10.29,80.31,8.88,1,1700,1655,NW
1173291.800,X_LEG_3,10.29,80.31,8.88,1,1700,1655,NW
1173291.820,X_LEG_3,10.29,80.31,8.88,1,1700,1655,NW
1173291.841,X_LEG_3,10.29,80.31,8.88,1,1700,1655,NW
1173291.861,X_LEG_3,10.29,80.31,8.88,1,1700,1655,NW
1173291.882,X_LEG_3,10.29,80.31,8.88,1,1700,1655,NW
1173291.903,X_LEG_3,10.29,80.31,8.88,1,1700,1655,NW
1173291.923,X_LEG_3,10.30,80.31,8.89,1,1700,1655,NW
1173291.943,X_LEG_3,10.30,80.31,8.89,1,1700,1655,NW
1173291.964,X_LEG_3,10.30,80.31,8.89,1,1700,1655,NW
1173291.985,X_LEG_3,10.30,80.31,8.89,1,1700,1655,NW
1173292.005,X_LEG_3,10.30,80.31,8.89,1,1700,1655,NW
1173292.026,X_LEG_3,10.32,80.30,8.91,1,1700,1655,NW
1173292.046,X_LEG_3,10.32,80.30,8.91,1,1700,1655,NW
1173292.067,X_LEG_3,10.32,80.30,8.91,1,1700,1655,NW
1173292.087,X_LEG_3,10.32,80.30,8.91,1,1700,1655,NW
1173292.108,X_LEG_3,10.32,80.30,8.91,1,1700,1655,NW
1173292.129,X_LEG_3,10.33,80.30,8.92,1,1700,1655,NW
1173292.149,X_LEG_3,10.33,80.30,8.92,1,1700,1655,NW
1173292.170,X_LEG_3,10.33,80.30,8.92,1,1700,1655,NW
1173292.190,X_LEG_3,10.33,80.30,8.92,1,1700,1655,NW
1173292.211,X_LEG_3,10.33,80.30,8.92,1,1700,1655,NW
1173292.231,X_LEG_3,10.35,80.28,6.93,1,1700,1654,NW
1173292.251,X_LEG_3,10.35,80.28,6.93,1,1700,1654,NW
1173292.272,X_LEG_3,10.35,80.28,6.93,1,1700,1654,NW
1173292.292,X_LEG_3,10.35,80.28,6.93,1,1700,1654,NW
1173292.313,X_LEG_3,10.35,80.28,6.93,1,1700,1654,NW
1173292.333,X_LEG_3,10.36,80.27,6.95,1,1700,1654,NW
1173292.353,X_LEG_3,10.36,80.27,6.95,1,1700,1654,NW
1173292.373,X_LEG_3,10.36,80.27,6.95,1,1700,1654,NW
1173292.394,X_LEG_3,10.36,80.27,6.95,1,1700,1654,NW
1173292.414,X_LEG_3,10.36,80.27,6.95,1,1700,1654,NW
1173292.435,X_LEG_3,10.39,80.24,6.96,1,1700,1654,NW
1173292.455,X_LEG_3,10.39,80.24,6.96,1,1700,1654,NW
1173292.475,X_LEG_3,10.39,80.24,6.96,1,1700,1654,NW
1173292.496,X_LEG_3,10.39,80.24,6.96,1,1700,1654,NW
1173292.516,X_LEG_3,10.39,80.24,6.96,1,1700,1654,NW
1173292.537,X_LEG_3,10.40,80.23,6.98,1,1700,1654,NW
1173292.557,X_LEG_3,10.40,80.23,6.98,1,1700,1654,NW
1173292.577,X_LEG_3,10.40,80.23,6.98,1,1700,1654,NW
1173292.598,X_LEG_3,10.40,80.23,6.98,1,1700,1654,NW
1173292.618,X_LEG_3,10.40,80.23,6.98,1,1700,1654,NW
1173292.639,X_LEG_3,10.41,80.21,5.99,1,1700,1654,NW
1173292.659,X_LEG_3,10.41,80.21,5.99,1,1700,1654,NW
1173292.680,X_LEG_3,10.41,80.21,5.99,1,1700,1654,NW
1173292.700,X_LEG_3,10.41,80.21,5.99,1,1700,1654,NW
1173292.721,X_LEG_3,10.41,80.21,5.99,1,1700,1654,NW
1173292.741,X_LEG_3,10.41,80.21,5.99,1,1700,1654,NW
1173292.762,X_LEG_3,10.41,80.21,5.99,1,1700,1654,NW
1173292.782,X_LEG_3,10.41,80.21,5.99,1,1700,1654,NW
1173292.802,X_LEG_3,10.41,80.21,5.99,1,1700,1654,NW
1173292.822,X_LEG_3,10.41,80.21,5.99,1,1700,1654,NW
1173292.843,X_LEG_3,10.43,80.17,6.02,1,1700,1654,NW
1173292.863,X_LEG_3,10.43,80.17,6.02,1,1700,1654,NW
1173292.884,X_LEG_3,10.43,80.17,6.02,1,1700,1654,NW
1173292.904,X_LEG_3,10.43,80.17,6.02,1,1700,1654,NW
1173292.924,X_LEG_3,10.43,80.17,6.02,1,1700,1654,NW
1173292.945,X_LEG_3,10.45,80.14,6.04,1,1700,1654,NW
1173292.965,X_LEG_3,10.45,80.14,6.04,1,1700,1654,NW
1173292.986,X_LEG_3,10.45,80.14,6.04,1,1700,1654,NW
1173293.006,X_LEG_3,10.45,80.14,6.04,1,1700,1654,NW
1173293.027,X_LEG_3,10.45,80.14,6.04,1,1700,1654,NW
1173293.047,X_LEG_3,10.45,80.14,6.04,1,1700,1654,NW
1173293.068,X_LEG_3,10.45,80.14,6.04,1,1700,1654,NW
1173293.088,X_LEG_3,10.45,80.14,6.04,1,1700,1654,NW
1173293.109,X_LEG_3,10.45,80.14,6.04,1,1700,1654,NW
1173293.129,X_LEG_3,10.45,80.14,6.04,1,1700,1654,NW
1173293.150,X_LEG_3,10.46,80.11,6.05,1,1700,1654,NW
1173293.170,X_LEG_3,10.46,80.11,6.05,1,1700,1654,NW
1173293.190,X_LEG_3,10.46,80.11,6.05,1,1700,1654,NW
1173293.212,X_LEG_3,10.46,80.11,6.05,1,1700,1654,NW
1173293.232,X_LEG_3,10.46,80.11,6.05,1,1700,1654,NW
1173293.253,X_LEG_3,10.47,80.09,5.07,1,1700,1654,NW
1173293.274,X_LEG_3,10.47,80.09,5.07,1,1700,1654,NW
1173293.294,X_LEG_3,10.47,80.09,5.07,1,1700,1654,NW
1173293.314,X_LEG_3,10.47,80.09,5.07,1,1700,1654,NW
1173293.335,X_LEG_3,10.47,80.09,5.07,1,1700,1654,NW
1173293.356,X_LEG_3,10.49,80.03,5.09,1,1700,1654,NW
1173293.376,X_LEG_3,10.49,80.03,5.09,1,1700,1654,NW
1173293.396,X_LEG_3,10.49,80.03,5.09,1,1700,1654,NW
1173293.417,X_LEG_3,10.49,80.03,5.09,1,1700,1654,NW
1173293.437,X_LEG_3,10.49,80.03,5.09,1,1700,1654,NW
1173293.458,X_LEG_3,10.50,80.01,5.10,1,1700,1654,NW
1173293.478,X_LEG_3,10.50,80.01,5.10,1,1700,1654,NW
1173293.498,X_LEG_3,10.50,80.01,5.10,1,1700,1654,NW
1173293.519,X_LEG_3,10.50,80.01,5.10,1,1700,1654,NW
1173293.540,X_LEG_3,10.50,80.01,5.10,1,1700,1654,NW
1173293.560,X_LEG_3,10.51,79.97,5.12,1,1700,1654,NW
1173293.581,X_LEG_3,10.51,79.97,5.12,1,1700,1654,NW
1173293.602,X_LEG_3,10.51,79.97,5.12,1,1700,1654,NW
1173293.622,X_LEG_3,10.51,79.97,5.12,1,1700,1654,NW
1173293.643,X_LEG_3,10.51,79.97,5.12,1,1700,1654,NW
1173293.664,X_LEG_3,10.53,79.94,5.13,1,1700,1654,NW
1173293.685,X_LEG_3,10.53,79.94,5.13,1,1700,1654,NW
1173293.705,X_LEG_3,10.53,79.94,5.13,1,1700,1654,NW
1173293.726,X_LEG_3,10.53,79.94,5.13,1,1700,1654,NW
1173293.746,X_LEG_3,10.53,79.94,5.13,1,1700,1654,NW
1173293.766,X_LEG_3,10.54,79.91,5.14,1,1700,1654,NW
1173293.787,X_LEG_3,10.54,79.91,5.14,1,1700,1654,NW
1173293.807,X_LEG_3,10.54,79.91,5.14,1,1700,1654,NW
1173293.827,X_LEG_3,10.54,79.91,5.14,1,1700,1654,NW
1173293.848,X_LEG_3,10.54,79.91,5.14,1,1700,1654,NW
1173293.868,X_LEG_3,10.55,79.87,5.16,1,1700,1654,NW
1173293.889,X_LEG_3,10.55,79.87,5.16,1,1700,1654,NW
1173293.909,X_LEG_3,10.55,79.87,5.16,1,1700,1654,NW
1173293.930,X_LEG_3,10.55,79.87,5.16,1,1700,1654,NW
1173293.950,X_LEG_3,10.55,79.87,5.16,1,1700,1654,NW
1173293.970,X_LEG_3,10.55,79.87,5.16,1,1700,1654,NW
1173293.991,X_LEG_3,10.55,79.87,5.16,1,1700,1654,NW
1173294.011,X_LEG_3,10.55,79.87,5.16,1,1700,1654,NW
1173294.032,X_LEG_3,10.55,79.87,5.16,1,1700,1654,NW
1173294.053,X_LEG_3,10.55,79.87,5.16,1,1700,1654,NW
1173294.073,X_LEG_3,10.56,79.81,5.18,1,1700,1654,NW
1173294.093,X_LEG_3,10.56,79.81,5.18,1,1700,1654,NW
1173294.114,X_LEG_3,10.56,79.81,5.18,1,1700,1654,NW
1173294.134,X_LEG_3,10.56,79.81,5.18,1,1700,1654,NW
1173294.154,X_LEG_3,10.56,79.81,5.18,1,1700,1654,NW
1173294.175,X_LEG_3,10.57,79.74,5.20,1,1700,1654,NW
1173294.195,X_LEG_3,10.57,79.74,5.20,1,1700,1654,NW
1173294.216,X_LEG_3,10.57,79.74,5.20,1,1700,1654,NW
1173294.236,X_LEG_3,10.57,79.74,5.20,1,1700,1654,NW
1173294.256,X_LEG_3,10.57,79.74,5.20,1,1700,1654,NW
1173294.276,X_LEG_3,10.58,79.70,5.22,1,1700,1654,NW
1173294.298,X_LEG_3,10.58,79.70,5.22,1,1700,1654,NW
1173294.317,X_LEG_3,10.58,79.70,5.22,1,1700,1654,NW
1173294.337,X_LEG_3,10.58,79.70,5.22,1,1700,1654,NW
1173294.358,X_LEG_3,10.58,79.70,5.22,1,1700,1654,NW
1173294.379,X_LEG_3,10.59,79.65,4.24,1,1700,1654,NW
1173294.399,X_LEG_3,10.59,79.65,4.24,1,1700,1654,NW
1173294.419,X_LEG_3,10.59,79.65,4.24,1,1700,1654,NW
1173294.439,X_LEG_3,10.59,79.65,4.24,1,1700,1654,NW
1173294.460,X_LEG_3,10.59,79.65,4.24,1,1700,1654,NW
1173294.481,X_LEG_3,10.59,79.65,4.24,1,1700,1654,NW
1173294.501,X_LEG_3,10.59,79.65,4.24,1,1700,1654,NW
1173294.522,X_LEG_3,10.59,79.65,4.24,1,1700,1654,NW
1173294.542,X_LEG_3,10.59,79.65,4.24,1,1700,1654,NW
1173294.563,X_LEG_3,10.59,79.65,4.24,1,1700,1654,NW
1173294.583,X_LEG_3,10.60,79.58,4.26,1,1700,1654,NW
1173294.604,X_LEG_3,10.60,79.58,4.26,1,1700,1654,NW
1173294.624,X_LEG_3,10.60,79.58,4.26,1,1700,1654,NW
1173294.644,X_LEG_3,10.60,79.58,4.26,1,1700,1654,NW
1173294.665,X_LEG_3,10.60,79.58,4.26,1,1700,1654,NW
1173294.685,X_LEG_3,10.61,79.53,4.27,1,1700,1654,NW
1173294.706,X_LEG_3,10.61,79.53,4.27,1,1700,1654,NW
1173294.727,X_LEG_3,10.61,79.53,4.27,1,1700,1654,NW
1173294.748,X_LEG_3,10.61,79.53,4.27,1,1700,1654,NW
1173294.768,X_LEG_3,10.61,79.53,4.27,1,1700,1654,NW
1173294.790,X_LEG_3,10.61,79.53,4.27,1,1700,1654,NW
1173294.810,X_LEG_3,10.61,79.53,4.27,1,1700,1654,NW
1173294.830,X_LEG_3,10.61,79.53,4.27,1,1700,1654,NW
1173294.851,X_LEG_3,10.61,79.53,4.27,1,1700,1654,NW
1173294.871,X_LEG_3,10.61,79.53,4.27,1,1700,1654,NW
1173294.891,X_LEG_3,10.62,79.46,3.29,1,1700,1654,NW
1173294.912,X_LEG_3,10.62,79.46,3.29,1,1700,1654,NW
1173294.933,X_LEG_3,10.62,79.46,3.29,1,1700,1654,NW
1173294.953,X_LEG_3,10.62,79.46,3.29,1,1700,1654,NW
1173294.974,X_LEG_3,10.62,79.46,3.29,1,1700,1654,NW
1173294.994,X_LEG_3,10.63,79.40,3.30,1,1700,1654,NW
1173295.015,X_LEG_3,10.63,79.40,3.30,1,1700,1654,NW
1173295.035,X_LEG_3,10.63,79.40,3.30,1,1700,1654,NW
1173295.056,X_LEG_3,10.63,79.40,3.30,1,1700,1654,NW
1173295.076,X_LEG_3,10.63,79.40,3.30,1,1700,1654,NW
1173295.097,X_LEG_3,10.64,79.32,3.32,1,1700,1654,NW
1173295.117,X_LEG_3,10.64,79.32,3.32,1,1700,1654,NW
1173295.137,X_LEG_3,10.64,79.32,3.32,1,1700,1654,NW
1173295.158,X_LEG_3,10.64,79.32,3.32,1,1700,1654,NW
1173295.178,X_LEG_3,10.64,79.32,3.32,1,1700,1654,NW
1173295.198,X_LEG_3,10.64,79.32,3.32,1,1700,1654,NW
1173295.219,X_LEG_3,10.64,79.32,3.32,1,1700,1654,NW
1173295.239,X_LEG_3,10.64,79.32,3.32,1,1700,1654,NW
1173295.260,X_LEG_3,10.64,79.32,3.32,1,1700,1654,NW
1173295.280,X_LEG_3,10.64,79.32,3.32,1,1700,1654,NW
1173295.300,X_LEG_3,10.65,79.24,3.35,1,1700,1654,NW
1173295.321,X_LEG_3,10.65,79.24,3.35,1,1700,1654,NW
1173295.341,X_LEG_3,10.65,79.24,3.35,1,1700,1654,NW
1173295.362,X_LEG_3,10.65,79.24,3.35,1,1700,1654,NW
1173295.382,X_LEG_3,10.65,79.24,3.35,1,1700,1654,NW
1173295.403,X_LEG_3,10.66,79.17,3.36,1,1700,1654,NW
1173295.423,X_LEG_3,10.66,79.17,3.36,1,1700,1654,NW
1173295.443,X_LEG_3,10.66,79.17,3.36,1,1700,1654,NW
1173295.464,X_LEG_3,10.66,79.17,3.36,1,1700,1654,NW
1173295.485,X_LEG_3,10.66,79.17,3.36,1,1700,1654,NW
1173295.505,X_LEG_3,10.66,79.12,3.37,1,1700,1654,NW
1173295.526,X_LEG_3,10.66,79.12,3.37,1,1700,1654,NW
1173295.547,X_LEG_3,10.66,79.12,3.37,1,1700,1654,NW
1173295.567,X_LEG_3,10.66,79.12,3.37,1,1700,1654,NW
1173295.588,X_LEG_3,10.66,79.12,3.37,1,1700,1654,NW
1173295.609,X_LEG_3,10.67,79.02,3.40,1,1700,1653,NW
1173295.629,X_LEG_3,10.67,79.02,3.40,1,1700,1653,NW
1173295.649,X_LEG_3,10.67,79.02,3.40,1,1700,1653,NW
1173295.669,X_LEG_3,10.67,79.02,3.40,1,1700,1653,NW
1173295.690,X_LEG_3,10.67,79.02,3.40,1,1700,1653,NW
1173295.710,X_LEG_3,10.68,78.97,3.41,1,1700,1653,NW
1173295.731,X_LEG_3,10.68,78.97,3.41,1,1700,1653,NW
1173295.752,X_LEG_3,10.68,78.97,3.41,1,1700,1653,NW
1173295.772,X_LEG_3,10.68,78.97,3.41,1,1700,1653,NW
1173295.793,X_LEG_3,10.68,78.97,3.41,1,1700,1653,NW
1173295.814,X_LEG_3,10.68,78.97,3.41,1,1700,1653,NW
1173295.834,X_LEG_3,10.68,78.97,3.41,1,1700,1653,NW
1173295.855,X_LEG_3,10.68,78.97,3.41,1,1700,1653,NW
1173295.875,X_LEG_3,10.68,78.97,3.41,1,1700,1653,NW
1173295.896,X_LEG_3,10.68,78.97,3.41,1,1700,1653,NW
1173295.917,X_LEG_3,10.69,78.87,3.43,1,1700,1653,NW
1173295.937,X_LEG_3,10.69,78.87,3.43,1,1700,1653,NW
1173295.957,X_LEG_3,10.69,78.87,3.43,1,1700,1653,NW
1173295.977,X_LEG_3,10.69,78.87,3.43,1,1700,1653,NW
1173295.998,X_LEG_3,10.69,78.87,3.43,1,1700,1653,NW
1173296.019,X_LEG_3,10.69,78.80,3.45,1,1700,1653,NW
1173296.039,X_LEG_3,10.69,78.80,3.45,1,1700,1653,NW
1173296.059,X_LEG_3,10.69,78.80,3.45,1,1700,1653,NW
1173296.080,X_LEG_3,10.69,78.80,3.45,1,1700,1653,NW
1173296.100,X_LEG_3,10.69,78.80,3.45,1,1700,1653,NW
1173296.121,X_LEG_3,10.69,78.80,3.45,1,1700,1653,NW
1173296.141,X_LEG_3,10.69,78.80,3.45,1,1700,1653,NW
1173296.162,X_LEG_3,10.69,78.80,3.45,1,1700,1653,NW
1173296.183,X_LEG_3,10.69,78.80,3.45,1,1700,1653,NW
1173296.203,X_LEG_3,10.69,78.80,3.45,1,1700,1653,NW
1173296.224,X_LEG_3,10.70,78.70,3.47,1,1700,1653,NW
1173296.244,X_LEG_3,10.70,78.70,3.47,1,1700,1653,NW
1173296.264,X_LEG_3,10.70,78.70,3.47,1,1700,1653,NW
1173296.285,X_LEG_3,10.70,78.70,3.47,1,1700,1653,NW
1173296.305,X_LEG_3,10.70,78.70,3.47,1,1700,1653,NW
1173296.326,X_LEG_3,10.70,78.60,3.49,1,1700,1653,NW
1173296.346,X_LEG_3,10.70,78.60,3.49,1,1700,1653,NW
1173296.367,X_LEG_3,10.70,78.60,3.49,1,1700,1653,NW
1173296.388,X_LEG_3,10.70,78.60,3.49,1,1700,1653,NW
1173296.408,X_LEG_3,10.70,78.60,3.49,1,1700,1653,NW
1173296.428,X_LEG_3,10.71,78.53,3.51,1,1700,1653,NW
1173296.449,X_LEG_3,10.71,78.53,3.51,1,1700,1653,NW
1173296.469,X_LEG_3,10.71,78.53,3.51,1,1700,1653,NW
1173296.490,X_LEG_3,10.71,78.53,3.51,1,1700,1653,NW
1173296.510,X_LEG_3,10.71,78.53,3.51,1,1700,1653,NW
1173296.530,X_LEG_3,10.71,78.45,2.52,1,1700,1653,NW
1173296.551,X_LEG_3,10.71,78.45,2.52,1,1700,1653,NW
1173296.572,X_LEG_3,10.71,78.45,2.52,1,1700,1653,NW
1173296.593,X_LEG_3,10.71,78.45,2.52,1,1700,1653,NW
1173296.613,X_LEG_3,10.71,78.45,2.52,1,1700,1653,NW
1173296.633,X_LEG_3,10.71,78.45,2.52,1,1700,1653,NW
1173296.654,X_LEG_3,10.71,78.45,2.52,1,1700,1653,NW
1173296.674,X_LEG_3,10.71,78.45,2.52,1,1700,1653,NW
1173296.694,X_LEG_3,10.71,78.45,2.52,1,1700,1653,NW
1173296.715,X_LEG_3,10.71,78.45,2.52,1,1700,1653,NW
1173296.735,X_LEG_3,10.71,78.34,2.55,1,1700,1653,NW
1173296.756,X_LEG_3,10.71,78.34,2.55,1,1700,1653,NW
1173296.777,X_LEG_3,10.71,78.34,2.55,1,1700,1653,NW
1173296.797,X_LEG_3,10.71,78.34,2.55,1,1700,1653,NW
1173296.817,X_LEG_3,10.71,78.34,2.55,1,1700,1653,NW
1173296.838,X_LEG_3,10.72,78.27,2.56,1,1700,1653,NW
1173296.858,X_LEG_3,10.72,78.27,2.56,1,1700,1653,NW
1173296.878,X_LEG_3,10.72,78.27,2.56,1,1700,1653,NW
1173296.898,X_LEG_3,10.72,78.27,2.56,1,1700,1653,NW
1173296.919,X_LEG_3,10.72,78.27,2.56,1,1700,1653,NW
1173296.939,X_LEG_3,10.72,78.15,2.58,1,1700,1653,NW
1173296.960,X_LEG_3,10.72,78.15,2.58,1,1700,1653,NW
1173296.980,X_LEG_3,10.72,78.15,2.58,1,1700,1653,NW
1173297.001,X_LEG_3,10.72,78.15,2.58,1,1700,1653,NW
1173297.021,X_LEG_3,10.72,78.15,2.58,1,1700,1653,NW
1173297.041,X_LEG_3,10.72,78.07,2.60,1,1700,1653,NW
1173297.062,X_LEG_3,10.72,78.07,2.60,1,1700,1653,NW
1173297.082,X_LEG_3,10.72,78.07,2.60,1,1700,1653,NW
1173297.103,X_LEG_3,10.72,78.07,2.60,1,1700,1653,NW
1173297.123,X_LEG_3,10.72,78.07,2.60,1,1700,1653,NW
1173297.144,X_LEG_3,10.72,78.07,2.60,1,1700,1653,NW
1173297.164,X_LEG_3,10.72,78.07,2.60,1,1700,1653,NW
1173297.184,X_LEG_3,10.72,78.07,2.60,1,1700,1653,NW
1173297.205,X_LEG_3,10.72,78.07,2.60,1,1700,1653,NW
1173297.225,X_LEG_3,10.72,78.07,2.60,1,1700,1653,NW
1173297.246,X_LEG_3,10.73,77.95,2.62,1,1700,1653,NW
1173297.266,X_LEG_3,10.73,77.95,2.62,1,1700,1653,NW
1173297.286,X_LEG_3,10.73,77.95,2.62,1,1700,1653,NW
1173297.307,X_LEG_3,10.73,77.95,2.62,1,1700,1653,NW
1173297.328,X_LEG_3,10.73,77.95,2.62,1,1700,1653,NW
1173297.348,X_LEG_3,10.73,77.87,2.63,1,1700,1653,NW
1173297.368,X_LEG_3,10.73,77.87,2.63,1,1700,1653,NW
1173297.390,X_LEG_3,10.73,77.87,2.63,1,1700,1653,NW
1173297.410,X_LEG_3,10.73,77.87,2.63,1,1700,1653,NW
1173297.432,X_LEG_3,10.73,77.87,2.63,1,1700,1653,NW
1173297.453,X_LEG_3,10.73,77.79,2.65,1,1700,1653,NW
1173297.474,X_LEG_3,10.73,77.79,2.65,1,1700,1653,NW
1173297.495,X_LEG_3,10.73,77.79,2.65,1,1700,1653,NW
1173297.516,X_LEG_3,10.73,77.79,2.65,1,1700,1653,NW
1173297.537,X_LEG_3,10.73,77.79,2.65,1,1700,1653,NW
1173297.557,X_LEG_3,10.73,77.70,2.66,1,1700,1653,NW
1173297.578,X_LEG_3,10.73,77.70,2.66,1,1700,1653,NW
1173297.599,X_LEG_3,10.73,77.70,2.66,1,1700,1653,NW
1173297.619,X_LEG_3,10.73,77.70,2.66,1,1700,1653,NW
1173297.639,X_LEG_3,10.73,77.70,2.66,1,1700,1653,NW
1173297.660,X_LEG_3,10.73,77.62,2.68,1,1700,1653,NW
1173297.680,X_LEG_3,10.73,77.62,2.68,1,1700,1653,NW
1173297.701,X_LEG_3,10.73,77.62,2.68,1,1700,1653,NW
1173297.721,X_LEG_3,10.73,77.62,2.68,1,1700,1653,NW
1173297.742,X_LEG_3,10.73,77.62,2.68,1,1700,1653,NW
1173297.762,X_LEG_3,10.73,77.62,2.68,1,1700,1653,NW
1173297.783,X_LEG_3,10.73,77.62,2.68,1,1700,1653,NW
1173297.804,X_LEG_3,10.73,77.62,2.68,1,1700,1653,NW
1173297.824,X_LEG_3,10.73,77.62,2.68,1,1700,1653,NW
1173297.845,X_LEG_3,10.73,77.62,2.68,1,1700,1653,NW
1173297.865,X_LEG_3,10.73,77.54,2.69,1,1700,1653,NW
1173297.885,X_LEG_3,10.73,77.54,2.69,1,1700,1653,NW
1173297.907,X_LEG_3,10.73,77.54,2.69,1,1700,1653,NW
1173297.927,X_LEG_3,10.73,77.54,2.69,1,1700,1653,NW
1173297.947,X_LEG_3,10.73,77.54,2.69,1,1700,1653,NW
1173297.968,X_LEG_3,10.73,77.41,2.71,1,1700,1653,NW
1173297.988,X_LEG_3,10.73,77.41,2.71,1,1700,1653,NW
1173298.009,X_LEG_3,10.73,77.41,2.71,1,1700,1653,NW
1173298.029,X_LEG_3,10.73,77.41,2.71,1,1700,1653,NW
1173298.049,X_LEG_3,10.73,77.41,2.71,1,1700,1653,NW
1173298.070,X_LEG_3,10.73,77.31,2.72,1,1700,1653,NW
1173298.090,X_LEG_3,10.73,77.31,2.72,1,1700,1653,NW
1173298.111,X_LEG_3,10.73,77.31,2.72,1,1700,1653,NW
1173298.131,X_LEG_3,10.73,77.31,2.72,1,1700,1653,NW
1173298.151,X_LEG_3,10.73,77.31,2.72,1,1700,1653,NW
1173298.172,X_LEG_3,10.73,77.23,2.73,1,1700,1653,NW
1173298.192,X_LEG_3,10.73,77.23,2.73,1,1700,1653,NW
1173298.213,X_LEG_3,10.73,77.23,2.73,1,1700,1653,NW
1173298.234,X_LEG_3,10.73,77.23,2.73,1,1700,1653,NW
1173298.254,X_LEG_3,10.73,77.23,2.73,1,1700,1653,NW
1173298.275,X_LEG_3,10.73,77.14,2.75,1,1700,1653,NW
1173298.296,X_LEG_3,10.73,77.14,2.75,1,1700,1653,NW
1173298.316,X_LEG_3,10.73,77.14,2.75,1,1700,1653,NW
1173298.337,X_LEG_3,10.73,77.14,2.75,1,1700,1653,NW
1173298.357,X_LEG_3,10.73,77.14,2.75,1,1700,1653,NW
1173298.378,X_LEG_3,10.73,77.14,2.75,1,1700,1653,NW
1173298.399,X_LEG_3,10.73,77.14,2.75,1,1700,1653,NW
1173298.419,X_LEG_3,10.73,77.14,2.75,1,1700,1653,NW
1173298.439,X_LEG_3,10.73,77.14,2.75,1,1700,1653,NW
1173298.459,X_LEG_3,10.73,77.14,2.75,1,1700,1653,NW
1173298.479,X_LEG_3,10.73,77.00,1.77,1,1700,1653,NW
1173298.499,X_LEG_3,10.73,77.00,1.77,1,1700,1653,NW
1173298.520,X_LEG_3,10.73,77.00,1.77,1,1700,1653,NW
1173298.541,X_LEG_3,10.73,77.00,1.77,1,1700,1653,NW
1173298.562,X_LEG_3,10.73,77.00,1.77,1,1700,1653,NW
1173298.582,X_LEG_3,10.73,76.90,1.79,1,1700,1653,NW
1173298.602,X_LEG_3,10.73,76.90,1.79,1,1700,1653,NW
1173298.623,X_LEG_3,10.73,76.90,1.79,1,1700,1653,NW
1173298.643,X_LEG_3,10.73,76.90,1.79,1,1700,1653,NW
1173298.664,X_LEG_3,10.73,76.90,1.79,1,1700,1653,NW
1173298.684,X_LEG_3,10.73,76.81,1.80,1,1700,1653,NW
1173298.705,X_LEG_3,10.73,76.81,1.80,1,1700,1653,NW
1173298.726,X_LEG_3,10.73,76.81,1.80,1,1700,1653,NW
1173298.746,X_LEG_3,10.73,76.81,1.80,1,1700,1653,NW
1173298.767,X_LEG_3,10.73,76.81,1.80,1,1700,1653,NW
1173298.787,X_LEG_3,10.73,76.72,1.82,1,1700,1653,NW
1173298.808,X_LEG_3,10.73,76.72,1.82,1,1700,1653,NW
1173298.828,X_LEG_3,10.73,76.72,1.82,1,1700,1653,NW
1173298.849,X_LEG_3,10.73,76.72,1.82,1,1700,1653,NW
1173298.869,X_LEG_3,10.73,76.72,1.82,1,1700,1653,NW
1173298.891,X_LEG_3,10.73,76.62,1.83,1,1700,1653,NW
1173298.911,X_LEG_3,10.73,76.62,1.83,1,1700,1653,NW
1173298.932,X_LEG_3,10.73,76.62,1.83,1,1700,1653,NW
1173298.952,X_LEG_3,10.73,76.62,1.83,1,1700,1653,NW
1173298.972,X_LEG_3,10.73,76.62,1.83,1,1700,1653,NW
1173298.993,X_LEG_3,10.72,76.53,1.84,1,1700,1653,NW
1173299.013,X_LEG_3,10.72,76.53,1.84,1,1700,1653,NW
1173299.033,X_LEG_3,10.72,76.53,1.84,1,1700,1653,NW
1173299.054,X_LEG_3,10.72,76.53,1.84,1,1700,1653,NW
1173299.074,X_LEG_3,10.72,76.53,1.84,1,1700,1653,NW
1173299.095,X_LEG_3,10.72,76.43,1.85,1,1700,1653,NW
1173299.116,X_LEG_3,10.72,76.43,1.85,1,1700,1653,NW
1173299.136,X_LEG_3,10.72,76.43,1.85,1,1700,1653,NW
1173299.157,X_LEG_3,10.72,76.43,1.85,1,1700,1653,NW
1173299.178,X_LEG_3,10.72,76.43,1.85,1,1700,1653,NW
1173299.198,X_LEG_3,10.72,76.33,1.87,1,1700,1653,NW
1173299.219,X_LEG_3,10.72,76.33,1.87,1,1700,1653,NW
1173299.239,X_LEG_3,10.72,76.33,1.87,1,1700,1653,NW
1173299.260,X_LEG_3,10.72,76.33,1.87,1,1700,1653,NW
1173299.280,X_LEG_3,10.72,76.33,1.87,1,1700,1653,NW
1173299.300,X_LEG_3,10.72,76.23,1.88,1,1700,1653,NW
1173299.320,X_LEG_3,10.72,76.23,1.88,1,1700,1653,NW
1173299.341,X_LEG_3,10.72,76.23,1.88,1,1700,1653,NW
1173299.362,X_LEG_3,10.72,76.23,1.88,1,1700,1653,NW
1173299.382,X_LEG_3,10.72,76.23,1.88,1,1700,1653,NW
1173299.402,X_LEG_3,10.71,76.13,1.90,1,1700,1653,NW
1173299.424,X_LEG_3,10.71,76.13,1.90,1,1700,1653,NW
1173299.444,X_LEG_3,10.71,76.13,1.90,1,1700,1653,NW
1173299.464,X_LEG_3,10.71,76.13,1.90,1,1700,1653,NW
1173299.485,X_LEG_3,10.71,76.13,1.90,1,1700,1653,NW
1173299.505,X_LEG_3,10.71,76.13,1.90,1,1700,1653,NW
1173299.526,X_LEG_3,10.71,76.13,1.90,1,1700,1653,NW
1173299.547,X_LEG_3,10.71,76.13,1.90,1,1700,1653,NW
1173299.567,X_LEG_3,10.71,76.13,1.90,1,1700,1653,NW
1173299.588,X_LEG_3,10.71,76.13,1.90,1,1700,1653,NW
1173299.608,X_LEG_3,10.71,75.98,1.92,1,1700,1653,NW
1173299.629,X_LEG_3,10.71,75.98,1.92,1,1700,1653,NW
1173299.649,X_LEG_3,10.71,75.98,1.92,1,1700,1653,NW
1173299.669,X_LEG_3,10.71,75.98,1.92,1,1700,1653,NW
1173299.690,X_LEG_3,10.71,75.98,1.92,1,1700,1653,NW
1173299.711,X_LEG_3,10.71,75.88,1.94,1,1700,1653,NW
1173299.731,X_LEG_3,10.71,75.88,1.94,1,1700,1653,NW
1173299.752,X_LEG_3,10.71,75.88,1.94,1,1700,1653,NW
1173299.772,X_LEG_3,10.71,75.88,1.94,1,1700,1653,NW
1173299.793,X_LEG_3,10.71,75.88,1.94,1,1700,1653,NW
1173299.813,X_LEG_3,10.70,75.78,1.95,1,1700,1653,NW
1173299.834,X_LEG_3,10.70,75.78,1.95,1,1700,1653,NW
1173299.854,X_LEG_3,10.70,75.78,1.95,1,1700,1653,NW
1173299.875,X_LEG_3,10.70,75.78,1.95,1,1700,1653,NW
1173299.895,X_LEG_3,10.70,75.78,1.95,1,1700,1653,NW
1173299.916,X_LEG_3,10.70,75.61,1.97,1,1700,1653,NW
1173299.937,X_LEG_3,10.70,75.61,1.97,1,1700,1653,NW
1173299.957,X_LEG_3,10.70,75.61,1.97,1,1700,1653,NW
1173299.977,X_LEG_3,10.70,75.61,1.97,1,1700,1653,NW
1173299.998,X_LEG_3,10.70,75.61,1.97,1,1700,1653,NW
1173300.019,X_LEG_3,10.70,75.61,1.97,1,1700,1653,NW
1173300.039,X_LEG_3,10.70,75.61,1.97,1,1700,1653,NW
1173300.059,X_LEG_3,10.70,75.61,1.97,1,1700,1653,NW
1173300.080,X_LEG_3,10.70,75.61,1.97,1,1700,1653,NW
1173300.101,X_LEG_3,10.70,75.61,1.97,1,1700,1653,NW
1173300.121,X_LEG_3,10.69,75.46,1.99,1,1700,1653,NW
1173300.142,X_LEG_3,10.69,75.46,1.99,1,1700,1653,NW
1173300.162,X_LEG_3,10.69,75.46,1.99,1,1700,1653,NW
1173300.183,X_LEG_3,10.69,75.46,1.99,1,1700,1653,NW
1173300.203,X_LEG_3,10.69,75.46,1.99,1,1700,1653,NW
1173300.223,X_LEG_3,10.69,75.35,1.00,1,1700,1653,NW
1173300.243,X_LEG_3,10.69,75.35,1.00,1,1700,1653,NW
1173300.263,X_LEG_3,10.69,75.35,1.00,1,1700,1653,NW
1173300.284,X_LEG_3,10.69,75.35,1.00,1,1700,1653,NW
1173300.304,X_LEG_3,10.69,75.35,1.00,1,1700,1653,NW
1173300.325,X_LEG_3,10.69,75.35,1.00,1,1700,1653,NW
1173300.346,X_LEG_3,10.69,75.35,1.00,1,1700,1653,NW
1173300.366,X_LEG_3,10.69,75.35,1.00,1,1700,1653,NW
1173300.387,X_LEG_3,10.69,75.35,1.00,1,1700,1653,NW
1173300.407,X_LEG_3,10.69,75.35,1.00,1,1700,1653,NW
1173300.428,X_LEG_3,10.68,75.19,1.02,1,1700,1653,NW
1173300.448,X_LEG_3,10.68,75.19,1.02,1,1700,1653,NW
1173300.469,X_LEG_3,10.68,75.19,1.02,1,1700,1653,NW
1173300.489,X_LEG_3,10.68,75.19,1.02,1,1700,1653,NW
1173300.509,X_LEG_3,10.68,75.19,1.02,1,1700,1653,NW
1173300.530,X_LEG_3,10.68,75.08,1.04,1,1700,1653,NW
1173300.550,X_LEG_3,10.68,75.08,1.04,1,1700,1653,NW
1173300.571,X_LEG_3,10.68,75.08,1.04,1,1700,1653,NW
1173300.591,X_LEG_3,10.68,75.08,1.04,1,1700,1653,NW
1173300.611,X_LEG_3,10.68,75.08,1.04,1,1700,1653,NW
1173300.632,X_LEG_3,10.67,74.91,1.06,1,1700,1653,NW
1173300.652,X_LEG_3,10.67,74.91,1.06,1,1700,1653,NW
1173300.672,X_LEG_3,10.67,74.91,1.06,1,1700,1653,NW
1173300.693,X_LEG_3,10.67,74.91,1.06,1,1700,1653,NW
1173300.713,X_LEG_3,10.67,74.91,1.06,1,1700,1653,NW
1173300.733,X_LEG_3,10.67,74.80,1.07,1,1700,1653,NW
1173300.754,X_LEG_3,10.67,74.80,1.07,1,1700,1653,NW
1173300.774,X_LEG_3,10.67,74.80,1.07,1,1700,1653,NW
1173300.795,X_LEG_3,10.67,74.80,1.07,1,1700,1653,NW
1173300.815,X_LEG_3,10.67,74.80,1.07,1,1700,1653,NW
1173300.835,X_LEG_3,10.66,74.69,1.08,1,1700,1654,NW
1173300.856,X_LEG_3,10.66,74.69,1.08,1,1700,1654,NW
1173300.877,X_LEG_3,10.66,74.69,1.08,1,1700,1654,NW
1173300.898,X_LEG_3,10.66,74.69,1.08,1,1700,1654,NW
1173300.918,X_LEG_3,10.66,74.69,1.08,1,1700,1654,NW
1173300.938,X_LEG_3,10.66,74.69,1.08,1,1700,1654,NW
1173300.959,X_LEG_3,10.66,74.69,1.08,1,1700,1654,NW
1173300.979,X_LEG_3,10.66,74.69,1.08,1,1700,1654,NW
1173300.999,X_LEG_3,10.66,74.69,1.08,1,1700,1654,NW
1173301.021,X_LEG_3,10.66,74.69,1.08,1,1700,1654,NW
1173301.041,X_LEG_3,10.65,74.52,1.10,1,1700,1654,NW
1173301.062,X_LEG_3,10.65,74.52,1.10,1,1700,1654,NW
1173301.084,X_LEG_3,10.65,74.52,1.10,1,1700,1654,NW
1173301.104,X_LEG_3,10.65,74.52,1.10,1,1700,1654,NW
1173301.125,X_LEG_3,10.65,74.52,1.10,1,1700,1654,NW
1173301.145,X_LEG_3,10.65,74.40,1.12,1,1700,1654,NW
1173301.165,X_LEG_3,10.65,74.40,1.12,1,1700,1654,NW
1173301.187,X_LEG_3,10.65,74.40,1.12,1,1700,1654,NW
1173301.209,X_LEG_3,10.65,74.40,1.12,1,1700,1654,NW
1173301.229,X_LEG_3,10.65,74.40,1.12,1,1700,1654,NW
1173301.250,X_LEG_3,10.64,74.29,1.12,1,1700,1654,NW
1173301.270,X_LEG_3,10.64,74.29,1.12,1,1700,1654,NW
1173301.290,X_LEG_3,10.64,74.29,1.12,1,1700,1654,NW
1173301.311,X_LEG_3,10.64,74.29,1.12,1,1700,1654,NW
1173301.332,X_LEG_3,10.64,74.29,1.12,1,1700,1654,NW
1173301.352,X_LEG_3,10.64,74.18,1.14,1,1700,1654,NW
1173301.372,X_LEG_3,10.64,74.18,1.14,1,1700,1654,NW
1173301.393,X_LEG_3,10.64,74.18,1.14,1,1700,1654,NW
1173301.413,X_LEG_3,10.64,74.18,1.14,1,1700,1654,NW
1173301.434,X_LEG_3,10.64,74.18,1.14,1,1700,1654,NW
1173301.454,X_LEG_3,10.63,74.06,1.16,1,1700,1654,NW
1173301.474,X_LEG_3,10.63,74.06,1.16,1,1700,1654,NW
1173301.495,X_LEG_3,10.63,74.06,1.16,1,1700,1654,NW
1173301.515,X_LEG_3,10.63,74.06,1.16,1,1700,1654,NW
1173301.535,X_LEG_3,10.63,74.06,1.16,1,1700,1654,NW
1173301.556,X_LEG_3,10.63,74.06,1.16,1,1700,1654,NW
1173301.576,X_LEG_3,10.63,74.06,1.16,1,1700,1654,NW
1173301.597,X_LEG_3,10.63,74.06,1.16,1,1700,1654,NW
1173301.617,X_LEG_3,10.63,74.06,1.16,1,1700,1654,NW
1173301.638,X_LEG_3,10.63,74.06,1.16,1,1700,1654,NW
1173301.658,X_LEG_3,10.63,73.88,1.17,1,1700,1654,NW
1173301.679,X_LEG_3,10.62,73.88,1.17,1,1700,1654,NW
1173301.699,X_LEG_3,10.62,73.88,1.17,1,1700,1654,NW
1173301.720,X_LEG_3,10.62,73.88,1.17,1,1700,1654,NW
1173301.741,X_LEG_3,10.62,73.88,1.17,1,1700,1654,NW
1173301.761,X_LEG_3,10.61,73.76,1.19,1,1700,1654,NW
1173301.782,X_LEG_3,10.61,73.76,1.19,1,1700,1654,NW
1173301.803,X_LEG_3,10.61,73.76,1.19,1,1700,1654,NW
1173301.823,X_LEG_3,10.61,73.76,1.19,1,1700,1654,NW
1173301.844,X_LEG_3,10.61,73.76,1.19,1,1700,1654,NW
1173301.864,X_LEG_3,10.61,73.65,1.20,1,1700,1654,NW
1173301.884,X_LEG_3,10.61,73.65,1.20,1,1700,1654,NW
1173301.905,X_LEG_3,10.61,73.65,1.20,1,1700,1654,NW
1173301.925,X_LEG_3,10.61,73.65,1.20,1,1700,1654,NW
1173301.946,X_LEG_3,10.61,73.65,1.20,1,1700,1654,NW
1173301.966,X_LEG_3,10.60,73.52,1.22,1,1700,1654,NW
1173301.987,X_LEG_3,10.60,73.52,1.22,1,1700,1654,NW
1173302.007,X_LEG_3,10.60,73.52,1.22,1,1700,1654,NW
1173302.028,X_LEG_3,10.60,73.52,1.22,1,1700,1654,NW
1173302.048,X_LEG_3,10.60,73.52,1.22,1,1700,1654,NW
1173302.069,X_LEG_3,10.59,73.39,1.23,1,1700,1654,NW
1173302.089,X_LEG_3,10.59,73.39,1.23,1,1700,1654,NW
1173302.110,X_LEG_3,10.59,73.39,1.23,1,1700,1654,NW
1173302.130,X_LEG_3,10.59,73.39,1.23,1,1700,1654,NW
1173302.151,X_LEG_3,10.59,73.39,1.23,1,1700,1654,NW
1173302.172,X_LEG_3,10.58,73.22,1.25,1,1700,1654,NW
1173302.192,X_LEG_3,10.58,73.22,1.25,1,1700,1654,NW
1173302.213,X_LEG_3,10.58,73.22,1.25,1,1700,1654,NW
1173302.234,X_LEG_3,10.58,73.22,1.25,1,1700,1654,NW
1173302.255,X_LEG_3,10.58,73.22,1.25,1,1700,1654,NW
1173302.275,X_LEG_3,10.58,73.09,1.26,1,1700,1654,NW
1173302.295,X_LEG_3,10.58,73.09,1.26,1,1700,1654,NW
1173302.316,X_LEG_3,10.58,73.09,1.26,1,1700,1654,NW
1173302.336,X_LEG_3,10.58,73.09,1.26,1,1700,1654,NW
1173302.356,X_LEG_3,10.58,73.09,1.26,1,1700,1654,NW
1173302.376,X_LEG_3,10.58,73.09,1.26,1,1700,1654,NW
1173302.397,X_LEG_3,10.58,73.09,1.26,1,1700,1654,NW
1173302.417,X_LEG_3,10.58,73.09,1.26,1,1700,1654,NW
1173302.438,X_LEG_3,10.58,73.09,1.26,1,1700,1654,NW
1173302.458,X_LEG_3,10.58,73.09,1.26,1,1700,1654,NW
1173302.478,X_LEG_3,10.57,72.91,1.28,1,1700,1654,NW
1173302.499,X_LEG_3,10.57,72.91,1.28,1,1700,1654,NW
1173302.520,X_LEG_3,10.57,72.91,1.28,1,1700,1654,NW
1173302.540,X_LEG_3,10.57,72.91,1.28,1,1700,1654,NW
1173302.561,X_LEG_3,10.57,72.91,1.28,1,1700,1654,NW
1173302.581,X_LEG_3,10.56,72.79,1.30,1,1700,1654,NW
1173302.602,X_LEG_3,10.56,72.79,1.30,1,1700,1654,NW
1173302.624,X_LEG_3,10.56,72.79,1.30,1,1700,1654,NW
1173302.644,X_LEG_3,10.56,72.79,1.30,1,1700,1654,NW
1173302.665,X_LEG_3,10.56,72.79,1.30,1,1700,1654,NW
1173302.686,X_LEG_3,10.55,72.66,1.30,1,1700,1654,NW
1173302.706,X_LEG_3,10.55,72.66,1.30,1,1700,1654,NW
1173302.727,X_LEG_3,10.55,72.66,1.30,1,1700,1654,NW
1173302.749,X_LEG_3,10.55,72.66,1.30,1,1700,1654,NW
1173302.769,X_LEG_3,10.55,72.66,1.30,1,1700,1654,NW
1173302.789,X_LEG_3,10.55,72.66,1.30,1,1700,1654,NW
1173302.809,X_LEG_3,10.55,72.66,1.30,1,1700,1654,NW
1173302.829,X_LEG_3,10.55,72.66,1.30,1,1700,1654,NW
1173302.850,X_LEG_3,10.55,72.66,1.30,1,1700,1654,NW
1173302.870,X_LEG_3,10.55,72.66,1.30,1,1700,1654,NW
1173302.890,X_LEG_3,10.54,72.47,1.33,1,1700,1654,NW
1173302.910,X_LEG_3,10.54,72.47,1.33,1,1700,1654,NW
1173302.931,X_LEG_3,10.54,72.47,1.33,1,1700,1654,NW
1173302.952,X_LEG_3,10.54,72.47,1.33,1,1700,1654,NW
1173302.972,X_LEG_3,10.54,72.47,1.33,1,1700,1654,NW
1173302.992,X_LEG_3,10.53,72.34,1.34,1,1700,1654,NW
1173303.012,X_LEG_3,10.53,72.34,1.34,1,1700,1654,NW
1173303.033,X_LEG_3,10.53,72.34,1.34,1,1700,1654,NW
1173303.053,X_LEG_3,10.53,72.34,1.34,1,1700,1654,NW
1173303.074,X_LEG_3,10.53,72.34,1.34,1,1700,1654,NW
1173303.094,X_LEG_3,10.52,72.16,1.36,1,1700,1654,NW
1173303.115,X_LEG_3,10.52,72.16,1.36,1,1700,1654,NW
1173303.135,X_LEG_3,10.52,72.16,1.36,1,1700,1654,NW
1173303.155,X_LEG_3,10.52,72.16,1.36,1,1700,1654,NW
1173303.176,X_LEG_3,10.52,72.16,1.36,1,1700,1654,NW
1173303.196,X_LEG_3,10.51,72.02,1.37,1,1700,1654,NW
1173303.218,X_LEG_3,10.51,72.02,1.37,1,1700,1654,NW
1173303.238,X_LEG_3,10.51,72.02,1.37,1,1700,1654,NW
1173303.259,X_LEG_3,10.51,72.02,1.37,1,1700,1654,NW
1173303.281,X_LEG_3,10.51,72.02,1.37,1,1700,1654,NW
1173303.301,X_LEG_3,10.51,72.02,1.37,1,1700,1654,NW
1173303.322,X_LEG_3,10.51,72.02,1.37,1,1700,1654,NW
1173303.343,X_LEG_3,10.51,72.02,1.37,1,1700,1654,NW
1173303.363,X_LEG_3,10.51,72.02,1.37,1,1700,1654,NW
1173303.384,X_LEG_3,10.51,72.02,1.37,1,1700,1654,NW
1173303.404,X_LEG_3,10.50,71.82,1.39,1,1700,1654,NW
1173303.425,X_LEG_3,10.50,71.82,1.39,1,1700,1654,NW
1173303.445,X_LEG_3,10.50,71.82,1.39,1,1700,1654,NW
1173303.466,X_LEG_3,10.50,71.82,1.39,1,1700,1654,NW
1173303.487,X_LEG_3,10.50,71.82,1.39,1,1700,1654,NW
1173303.507,X_LEG_3,10.49,71.70,1.41,1,1700,1654,NW
1173303.528,X_LEG_3,10.49,71.70,1.41,1,1700,1654,NW
1173303.548,X_LEG_3,10.49,71.70,1.41,1,1700,1654,NW
1173303.569,X_LEG_3,10.49,71.70,1.41,1,1700,1654,NW
1173303.589,X_LEG_3,10.49,71.70,1.41,1,1700,1654,NW
1173303.610,X_LEG_3,10.48,71.50,1.42,1,1700,1654,NW
1173303.630,X_LEG_3,10.48,71.50,1.42,1,1700,1654,NW
1173303.650,X_LEG_3,10.48,71.50,1.42,1,1700,1654,NW
1173303.671,X_LEG_3,10.48,71.50,1.42,1,1700,1654,NW
1173303.692,X_LEG_3,10.48,71.50,1.42,1,1700,1654,NW
1173303.712,X_LEG_3,10.47,71.37,1.44,1,1700,1654,NW
1173303.733,X_LEG_3,10.47,71.37,1.44,1,1700,1654,NW
1173303.753,X_LEG_3,10.47,71.37,1.44,1,1700,1654,NW
1173303.773,X_LEG_3,10.47,71.37,1.44,1,1700,1654,NW
1173303.793,X_LEG_3,10.47,71.37,1.44,1,1700,1654,NW
1173303.814,X_LEG_3,10.47,71.37,1.44,1,1700,1654,NW
1173303.834,X_LEG_3,10.47,71.37,1.44,1,1700,1654,NW
1173303.855,X_LEG_3,10.47,71.37,1.44,1,1700,1654,NW
1173303.875,X_LEG_3,10.47,71.37,1.44,1,1700,1654,NW
1173303.895,X_LEG_3,10.47,71.37,1.44,1,1700,1654,NW
1173303.916,X_LEG_3,10.46,71.17,1.45,1,1700,1654,NW
1173303.937,X_LEG_3,10.46,71.17,1.45,1,1700,1654,NW
1173303.958,X_LEG_3,10.46,71.17,1.45,1,1700,1654,NW
1173303.978,X_LEG_3,10.46,71.17,1.45,1,1700,1654,NW
1173303.998,X_LEG_3,10.46,71.17,1.45,1,1700,1654,NW
1173304.019,X_LEG_3,10.45,71.04,1.47,1,1700,1654,NW
1173304.040,X_LEG_3,10.45,71.04,1.47,1,1700,1654,NW
1173304.060,X_LEG_3,10.45,71.04,1.47,1,1700,1654,NW
1173304.080,X_LEG_3,10.45,71.04,1.47,1,1700,1654,NW
1173304.100,X_LEG_3,10.45,71.04,1.47,1,1700,1654,NW
1173304.120,X_LEG_3,10.45,71.04,1.47,1,1700,1654,NW
1173304.142,X_LEG_3,10.45,71.04,1.47,1,1700,1654,NW
1173304.162,X_LEG_3,10.45,71.04,1.47,1,1700,1654,NW
1173304.182,X_LEG_3,10.45,71.04,1.47,1,1700,1654,NW
1173304.203,X_LEG_3,10.45,71.04,1.47,1,1700,1654,NW
1173304.224,X_LEG_3,10.43,70.84,1.49,1,1700,1654,NW
1173304.244,X_LEG_3,10.43,70.84,1.49,1,1700,1654,NW
1173304.265,X_LEG_3,10.43,70.84,1.49,1,1700,1654,NW
1173304.285,X_LEG_3,10.43,70.84,1.49,1,1700,1654,NW
1173304.306,X_LEG_3,10.43,70.84,1.49,1,1700,1654,NW
1173304.326,X_LEG_3,10.42,70.64,1.51,1,1700,1654,NW
1173304.346,X_LEG_3,10.42,70.64,1.51,1,1700,1654,NW
1173304.367,X_LEG_3,10.42,70.64,1.51,1,1700,1654,NW
1173304.387,X_LEG_3,10.42,70.64,1.51,1,1700,1654,NW
1173304.407,X_LEG_3,10.42,70.64,1.51,1,1700,1654,NW
1173304.427,X_LEG_3,10.41,70.50,1.52,1,1700,1654,NW
1173304.448,X_LEG_3,10.41,70.50,1.52,1,1700,1654,NW
1173304.468,X_LEG_3,10.41,70.50,1.52,1,1700,1654,NW
1173304.489,X_LEG_3,10.41,70.50,1.52,1,1700,1654,NW
1173304.509,X_LEG_3,10.41,70.50,1.52,1,1700,1654,NW
1173304.530,X_LEG_3,10.41,70.50,0.52,1,1700,1654,NW
1173304.550,X_LEG_3,10.41,70.50,0.52,1,1700,1654,NW
1173304.571,X_LEG_3,10.41,70.50,0.52,1,1700,1654,NW
1173304.591,X_LEG_3,10.41,70.50,0.52,1,1700,1654,NW
1173304.611,X_LEG_3,10.41,70.50,0.52,1,1700,1654,NW
1173304.632,X_LEG_3,10.40,70.29,0.54,1,1700,1654,NW
1173304.652,X_LEG_3,10.40,70.29,0.54,1,1700,1654,NW
1173304.673,X_LEG_3,10.40,70.29,0.54,1,1700,1654,NW
1173304.694,X_LEG_3,10.40,70.29,0.54,1,1700,1654,NW
1173304.714,X_LEG_3,10.40,70.29,0.54,1,1700,1654,NW
1173304.734,X_LEG_3,10.39,70.15,0.55,1,1700,1654,NW
1173304.754,X_LEG_3,10.39,70.15,0.55,1,1700,1654,NW
1173304.775,X_LEG_3,10.39,70.15,0.55,1,1700,1654,NW
1173304.795,X_LEG_3,10.39,70.15,0.55,1,1700,1654,NW
1173304.815,X_LEG_3,10.39,70.15,0.55,1,1700,1654,NW
1173304.836,X_LEG_3,10.37,69.95,0.57,1,1700,1654,NW
1173304.856,X_LEG_3,10.37,69.95,0.57,1,1700,1654,NW
1173304.877,X_LEG_3,10.37,69.95,0.57,1,1700,1654,NW
1173304.897,X_LEG_3,10.37,69.95,0.57,1,1700,1654,NW
1173304.918,X_LEG_3,10.37,69.95,0.57,1,1700,1654,NW
1173304.939,X_LEG_3,10.36,69.81,0.59,1,1700,1654,NW
1173304.960,X_LEG_3,10.36,69.81,0.59,1,1700,1654,NW
1173304.980,X_LEG_3,10.36,69.81,0.59,1,1700,1654,NW
1173305.001,X_LEG_3,10.36,69.81,0.59,1,1700,1654,NW
1173305.022,X_LEG_3,10.36,69.81,0.59,1,1700,1654,NW
1173305.042,X_LEG_3,10.36,69.81,0.59,1,1700,1654,NW
1173305.063,X_LEG_3,10.36,69.81,0.59,1,1700,1654,NW
1173305.083,X_LEG_3,10.36,69.81,0.59,1,1700,1654,NW
1173305.103,X_LEG_3,10.36,69.81,0.59,1,1700,1654,NW
1173305.124,X_LEG_3,10.36,69.81,0.59,1,1700,1654,NW
1173305.144,X_LEG_3,10.35,69.60,0.60,1,1700,1654,NW
1173305.164,X_LEG_3,10.35,69.60,0.60,1,1700,1654,NW
1173305.184,X_LEG_3,10.35,69.60,0.60,1,1700,1654,NW
1173305.205,X_LEG_3,10.35,69.60,0.60,1,1700,1654,NW
1173305.225,X_LEG_3,10.35,69.60,0.60,1,1700,1654,NW
1173305.246,X_LEG_3,10.33,69.39,0.62,1,1700,1655,NW
1173305.268,X_LEG_3,10.33,69.39,0.62,1,1700,1655,NW
1173305.288,X_LEG_3,10.33,69.39,0.62,1,1700,1655,NW
1173305.308,X_LEG_3,10.33,69.39,0.62,1,1700,1655,NW
1173305.329,X_LEG_3,10.33,69.39,0.62,1,1700,1655,NW
1173305.350,X_LEG_3,10.32,69.25,0.64,1,1700,1655,NW
1173305.370,X_LEG_3,10.32,69.25,0.64,1,1700,1655,NW
1173305.390,X_LEG_3,10.32,69.25,0.64,1,1700,1655,NW
1173305.411,X_LEG_3,10.32,69.25,0.64,1,1700,1655,NW
1173305.432,X_LEG_3,10.32,69.25,0.64,1,1700,1655,NW
1173305.452,X_LEG_3,10.31,69.10,0.65,1,1700,1655,NW
1173305.473,X_LEG_3,10.31,69.10,0.65,1,1700,1655,NW
1173305.493,X_LEG_3,10.31,69.10,0.65,1,1700,1655,NW
1173305.513,X_LEG_3,10.31,69.10,0.65,1,1700,1655,NW
1173305.534,X_LEG_3,10.31,69.10,0.65,1,1700,1655,NW
1173305.554,X_LEG_3,10.31,69.10,0.65,1,1700,1655,NW
1173305.575,X_LEG_3,10.31,69.10,0.65,1,1700,1655,NW
1173305.596,X_LEG_3,10.31,69.10,0.65,1,1700,1655,NW
1173305.616,X_LEG_3,10.31,69.10,0.65,1,1700,1655,NW
1173305.637,X_LEG_3,10.31,69.10,0.65,1,1700,1655,NW
1173305.657,X_LEG_3,10.29,68.89,0.67,1,1700,1655,NW
1173305.678,X_LEG_3,10.29,68.89,0.67,1,1700,1655,NW
1173305.698,X_LEG_3,10.29,68.89,0.67,1,1700,1655,NW
1173305.718,X_LEG_3,10.29,68.89,0.67,1,1700,1655,NW
1173305.739,X_LEG_3,10.29,68.89,0.67,1,1700,1655,NW
1173305.759,X_LEG_3,10.29,68.75,0.68,1,1700,1655,NW
1173305.780,X_LEG_3,10.29,68.75,0.68,1,1700,1655,NW
1173305.800,X_LEG_3,10.29,68.75,0.68,1,1700,1655,NW
1173305.820,X_LEG_3,10.29,68.75,0.68,1,1700,1655,NW
1173305.841,X_LEG_3,10.29,68.75,0.68,1,1700,1655,NW
1173305.862,X_LEG_3,10.29,68.75,0.68,1,1700,1655,NW
1173305.883,X_LEG_3,10.29,68.75,0.68,1,1700,1655,NW
1173305.903,X_LEG_3,10.29,68.75,0.68,1,1700,1655,NW
1173305.924,X_LEG_3,10.29,68.75,0.68,1,1700,1655,NW
1173305.945,X_LEG_3,10.29,68.75,0.68,1,1700,1655,NW
1173305.965,X_LEG_3,10.27,68.53,0.70,1,1700,1655,NW
1173305.985,X_LEG_3,10.27,68.53,0.70,1,1700,1655,NW
1173306.006,X_LEG_3,10.27,68.53,0.70,1,1700,1655,NW
1173306.026,X_LEG_3,10.27,68.53,0.70,1,1700,1655,NW
1173306.047,X_LEG_3,10.27,68.53,0.70,1,1700,1655,NW
1173306.067,X_LEG_3,10.26,68.39,0.71,1,1700,1655,NW
1173306.088,X_LEG_3,10.26,68.39,0.71,1,1700,1655,NW
1173306.109,X_LEG_3,10.26,68.39,0.71,1,1700,1655,NW
1173306.129,X_LEG_3,10.26,68.39,0.71,1,1700,1655,NW
1173306.149,X_LEG_3,10.26,68.39,0.71,1,1700,1655,NW
1173306.170,X_LEG_3,10.25,68.25,0.72,1,1700,1655,NW
1173306.190,X_LEG_3,10.25,68.25,0.72,1,1700,1655,NW
1173306.210,X_LEG_3,10.25,68.25,0.72,1,1700,1655,NW
1173306.231,X_LEG_3,10.25,68.25,0.72,1,1700,1655,NW
1173306.251,X_LEG_3,10.25,68.25,0.72,1,1700,1655,NW
1173306.271,X_LEG_3,10.23,68.03,0.74,1,1700,1655,NW
1173306.291,X_LEG_3,10.23,68.03,0.74,1,1700,1655,NW
1173306.312,X_LEG_3,10.23,68.03,0.74,1,1700,1655,NW
1173306.332,X_LEG_3,10.23,68.03,0.74,1,1700,1655,NW
1173306.353,X_LEG_3,10.23,68.03,0.74,1,1700,1655,NW
1173306.373,X_LEG_3,10.22,67.88,0.75,1,1700,1655,NW
1173306.395,X_LEG_3,10.22,67.88,0.75,1,1700,1655,NW
1173306.416,X_LEG_3,10.22,67.88,0.75,1,1700,1655,NW
1173306.436,X_LEG_3,10.22,67.88,0.75,1,1700,1655,NW
1173306.457,X_LEG_3,10.22,67.88,0.75,1,1700,1655,NW
1173306.477,X_LEG_3,10.21,67.74,0.77,1,1700,1655,NW
1173306.498,X_LEG_3,10.21,67.74,0.77,1,1700,1655,NW
1173306.518,X_LEG_3,10.21,67.74,0.77,1,1700,1655,NW
1173306.538,X_LEG_3,10.21,67.74,0.77,1,1700,1655,NW
1173306.559,X_LEG_3,10.21,67.74,0.77,1,1700,1655,NW
1173306.580,X_LEG_3,10.20,67.59,0.78,1,1700,1655,NW
1173306.600,X_LEG_3,10.20,67.59,0.78,1,1700,1655,NW
1173306.620,X_LEG_3,10.20,67.59,0.78,1,1700,1655,NW
1173306.641,X_LEG_3,10.20,67.59,0.78,1,1700,1655,NW
1173306.661,X_LEG_3,10.20,67.59,0.78,1,1700,1655,NW
1173306.682,X_LEG_3,10.20,67.59,0.78,1,1700,1655,NW
1173306.703,X_LEG_3,10.20,67.59,0.78,1,1700,1655,NW
1173306.723,X_LEG_3,10.20,67.59,0.78,1,1700,1655,NW
1173306.744,X_LEG_3,10.20,67.59,0.78,1,1700,1655,NW
1173306.765,X_LEG_3,10.20,67.59,0.78,1,1700,1655,NW
1173306.785,X_LEG_3,10.19,67.44,0.79,1,1700,1655,NW
1173306.805,X_LEG_3,10.19,67.44,0.79,1,1700,1655,NW
1173306.826,X_LEG_3,10.19,67.44,0.79,1,1700,1655,NW
1173306.847,X_LEG_3,10.19,67.44,0.79,1,1700,1655,NW
1173306.867,X_LEG_3,10.19,67.44,0.79,1,1700,1655,NW
1173306.887,X_LEG_3,10.18,67.29,0.80,1,1700,1655,NW
1173306.908,X_LEG_3,10.18,67.29,0.80,1,1700,1655,NW
1173306.928,X_LEG_3,10.18,67.29,0.80,1,1700,1655,NW
1173306.948,X_LEG_3,10.18,67.29,0.80,1,1700,1655,NW
1173306.969,X_LEG_3,10.18,67.29,0.80,1,1700,1655,NW
1173306.989,X_LEG_3,10.16,67.07,0.82,1,1700,1655,NW
1173307.009,X_LEG_3,10.16,67.07,0.82,1,1700,1655,NW
1173307.030,X_LEG_3,10.16,67.07,0.82,1,1700,1655,NW
1173307.050,X_LEG_3,10.16,67.07,0.82,1,1700,1655,NW
1173307.070,X_LEG_3,10.16,67.07,0.82,1,1700,1655,NW
1173307.091,X_LEG_3,10.15,66.92,0.83,1,1700,1655,NW
1173307.112,X_LEG_3,10.15,66.92,0.83,1,1700,1655,NW
1173307.132,X_LEG_3,10.15,66.92,0.83,1,1700,1655,NW
1173307.152,X_LEG_3,10.15,66.92,0.83,1,1700,1655,NW
1173307.173,X_LEG_3,10.15,66.92,0.83,1,1700,1655,NW
1173307.194,X_LEG_3,10.14,66.77,0.84,1,1700,1655,NW
1173307.214,X_LEG_3,10.14,66.77,0.84,1,1700,1655,NW
1173307.234,X_LEG_3,10.14,66.77,0.84,1,1700,1655,NW
1173307.255,X_LEG_3,10.14,66.77,0.84,1,1700,1655,NW
1173307.275,X_LEG_3,10.14,66.77,0.84,1,1700,1655,NW
1173307.296,X_LEG_3,10.13,66.62,0.86,1,1700,1655,NW
1173307.316,X_LEG_3,10.13,66.62,0.86,1,1700,1655,NW
1173307.337,X_LEG_3,10.13,66.62,0.86,1,1700,1655,NW
1173307.358,X_LEG_3,10.13,66.62,0.86,1,1700,1655,NW
1173307.378,X_LEG_3,10.13,66.62,0.86,1,1700,1655,NW
1173307.398,X_LEG_3,10.11,66.47,0.87,1,1700,1655,NW
1173307.419,X_LEG_3,10.11,66.47,0.87,1,1700,1655,NW
1173307.440,X_LEG_3,10.11,66.47,0.87,1,1700,1655,NW
1173307.461,X_LEG_3,10.11,66.47,0.87,1,1700,1655,NW
1173307.481,X_LEG_3,10.11,66.47,0.87,1,1700,1655,NW
1173307.505,X_LEG_3,10.11,66.47,0.87,1,1700,1655,NW
1173307.527,X_LEG_3,10.11,66.47,0.87,1,1700,1655,NW
1173307.549,X_LEG_3,10.11,66.47,0.87,1,1700,1655,NW
1173307.570,X_LEG_3,10.11,66.47,0.87,1,1700,1655,NW
1173307.591,X_LEG_3,10.11,66.47,0.87,1,1700,1655,NW
1173307.613,X_LEG_3,10.10,66.32,0.88,1,1700,1655,NW
1173307.633,X_LEG_3,10.10,66.32,0.88,1,1700,1655,NW
1173307.654,X_LEG_3,10.10,66.32,0.88,1,1700,1655,NW
1173307.674,X_LEG_3,10.10,66.32,0.88,1,1700,1655,NW
1173307.695,X_LEG_3,10.10,66.32,0.88,1,1700,1655,NW
1173307.716,X_LEG_3,10.09,66.18,0.89,1,1700,1655,NW
1173307.736,X_LEG_3,10.09,66.18,0.89,1,1700,1655,NW
1173307.757,X_LEG_3,10.09,66.18,0.89,1,1700,1655,NW
1173307.777,X_LEG_3,10.09,66.18,0.89,1,1700,1655,NW
1173307.798,X_LEG_3,10.09,66.18,0.89,1,1700,1655,NW
1173307.819,X_LEG_3,10.08,66.02,0.91,1,1700,1655,NW
1173307.839,X_LEG_3,10.08,66.02,0.91,1,1700,1655,NW
1173307.859,X_LEG_3,10.08,66.02,0.91,1,1700,1655,NW
1173307.880,X_LEG_3,10.08,66.02,0.91,1,1700,1655,NW
1173307.900,X_LEG_3,10.08,66.02,0.91,1,1700,1655,NW
1173307.921,X_LEG_3,10.08,66.02,0.91,1,1700,1655,NW
1173307.941,X_LEG_3,10.08,66.02,0.91,1,1700,1655,NW
1173307.962,X_LEG_3,10.08,66.02,0.91,1,1700,1655,NW
1173307.982,X_LEG_3,10.08,66.02,0.91,1,1700,1655,NW
1173308.003,X_LEG_3,10.08,66.02,0.91,1,1700,1655,NW
1173308.024,X_LEG_3,10.06,65.79,0.92,1,1700,1655,NW
1173308.044,X_LEG_3,10.06,65.79,0.92,1,1700,1655,NW
1173308.065,X_LEG_3,10.06,65.79,0.92,1,1700,1655,NW
1173308.085,X_LEG_3,10.06,65.79,0.92,1,1700,1655,NW
1173308.106,X_LEG_3,10.06,65.79,0.92,1,1700,1655,NW
1173308.126,X_LEG_3,10.05,65.64,0.94,1,1700,1655,NW
1173308.147,X_LEG_3,10.05,65.64,0.94,1,1700,1655,NW
1173308.167,X_LEG_3,10.05,65.64,0.94,1,1700,1655,NW
1173308.188,X_LEG_3,10.05,65.64,0.94,1,1700,1655,NW
1173308.208,X_LEG_3,10.05,65.64,0.94,1,1700,1655,NW
1173308.229,X_LEG_3,10.04,65.49,0.95,1,1700,1655,NW
1173308.251,X_LEG_3,10.04,65.49,0.95,1,1700,1655,NW
1173308.272,X_LEG_3,10.04,65.49,0.95,1,1700,1655,NW
1173308.292,X_LEG_3,10.04,65.49,0.95,1,1700,1655,NW
1173308.313,X_LEG_3,10.04,65.49,0.95,1,1700,1655,NW
1173308.334,X_LEG_3,10.02,65.25,0.96,1,1700,1655,NW
1173308.355,X_LEG_3,10.02,65.25,0.96,1,1700,1655,NW
1173308.376,X_LEG_3,10.02,65.25,0.96,1,1700,1655,NW
1173308.396,X_LEG_3,10.02,65.25,0.96,1,1700,1655,NW
1173308.417,X_LEG_3,10.02,65.25,0.96,1,1700,1655,NW
1173308.438,X_LEG_3,10.02,65.25,0.96,1,1700,1655,NW
1173308.459,X_LEG_3,10.02,65.25,0.96,1,1700,1655,NW
1173308.479,X_LEG_3,10.02,65.25,0.96,1,1700,1655,NW
1173308.501,X_LEG_3,10.02,65.25,0.96,1,1700,1655,NW
1173308.521,X_LEG_3,10.02,65.25,0.96,1,1700,1655,NW
1173308.542,X_LEG_3,10.00,65.03,0.99,1,1700,1656,NW
1173308.563,X_LEG_3,10.00,65.03,0.99,1,1700,1656,NW
1173308.583,X_LEG_3,10.00,65.03,0.99,1,1700,1656,NW
1173308.604,X_LEG_3,10.00,65.03,0.99,1,1700,1656,NW
1173308.624,X_LEG_3,10.00,65.03,0.99,1,1700,1656,NW
1173308.645,X_LEG_3,9.99,64.79,1.00,1,1700,1656,NW
1173308.665,X_LEG_3,9.99,64.79,1.00,1,1700,1656,NW
1173308.686,X_LEG_3,9.99,64.79,1.00,1,1700,1656,NW
1173308.706,X_LEG_3,9.99,64.79,1.00,1,1700,1656,NW
1173308.726,X_LEG_3,9.99,64.79,1.00,1,1700,1656,NW
1173308.747,X_LEG_3,9.97,64.63,1.02,1,1700,1656,NW
1173308.769,X_LEG_3,9.97,64.63,1.02,1,1700,1656,NW
1173308.790,X_LEG_3,9.97,64.63,1.02,1,1700,1656,NW
1173308.811,X_LEG_3,9.97,64.63,1.02,1,1700,1656,NW
1173308.832,X_LEG_3,9.97,64.63,1.02,1,1700,1656,NW
1173308.852,X_LEG_3,9.96,64.47,1.03,1,1700,1656,NW
1173308.872,X_LEG_3,9.96,64.47,1.03,1,1700,1656,NW
1173308.895,X_LEG_3,9.96,64.47,1.03,1,1700,1656,NW
1173308.914,X_LEG_3,9.96,64.47,1.03,1,1700,1656,NW
1173308.935,X_LEG_3,9.96,64.47,1.03,1,1700,1656,NW
1173308.956,X_LEG_3,9.95,64.32,1.04,1,1700,1656,NW
1173308.977,X_LEG_3,9.95,64.32,1.04,1,1700,1656,NW
1173308.997,X_LEG_3,9.95,64.32,1.04,1,1700,1656,NW
1173309.018,X_LEG_3,9.95,64.32,1.04,1,1700,1656,NW
1173309.038,X_LEG_3,9.95,64.32,1.04,1,1700,1656,NW
1173309.059,X_LEG_3,9.94,64.16,1.05,1,1700,1656,NW
1173309.079,X_LEG_3,9.94,64.16,1.05,1,1700,1656,NW
1173309.099,X_LEG_3,9.94,64.16,1.05,1,1700,1656,NW
1173309.119,X_LEG_3,9.94,64.16,1.05,1,1700,1656,NW
1173309.140,X_LEG_3,9.94,64.16,1.05,1,1700,1656,NW
1173309.160,X_LEG_3,9.93,64.01,1.07,1,1700,1656,NW
1173309.180,X_LEG_3,9.93,64.01,1.07,1,1700,1656,NW
1173309.201,X_LEG_3,9.93,64.01,1.07,1,1700,1656,NW
1173309.222,X_LEG_3,9.93,64.01,1.07,1,1700,1656,NW
1173309.242,X_LEG_3,9.93,64.01,1.07,1,1700,1656,NW
1173309.262,X_LEG_3,9.93,64.01,1.07,1,1700,1656,NW
1173309.283,X_LEG_3,9.93,64.01,1.07,1,1700,1656,NW
1173309.303,X_LEG_3,9.93,64.01,1.07,1,1700,1656,NW
1173309.324,X_LEG_3,9.93,64.01,1.07,1,1700,1656,NW
1173309.344,X_LEG_3,9.93,64.01,1.07,1,1700,1656,NW
1173309.364,X_LEG_3,9.91,63.85,1.08,1,1700,1656,NW
1173309.385,X_LEG_3,9.91,63.85,1.08,1,1700,1656,NW
1173309.405,X_LEG_3,9.91,63.85,1.08,1,1700,1656,NW
1173309.426,X_LEG_3,9.91,63.85,1.08,1,1700,1656,NW
1173309.447,X_LEG_3,9.91,63.85,1.08,1,1700,1656,NW
1173309.467,X_LEG_3,9.90,63.69,1.09,1,1700,1656,NW
1173309.489,X_LEG_3,9.90,63.69,1.09,1,1700,1656,NW
1173309.509,X_LEG_3,9.90,63.69,1.09,1,1700,1656,NW
1173309.529,X_LEG_3,9.90,63.69,1.09,1,1700,1656,NW
1173309.550,X_LEG_3,9.90,63.69,1.09,1,1700,1656,NW
1173309.571,X_LEG_3,9.89,63.54,1.10,1,1700,1656,NW
1173309.591,X_LEG_3,9.89,63.54,1.10,1,1700,1656,NW
1173309.611,X_LEG_3,9.89,63.54,1.10,1,1700,1656,NW
1173309.632,X_LEG_3,9.89,63.54,1.10,1,1700,1656,NW
1173309.652,X_LEG_3,9.89,63.54,1.10,1,1700,1656,NW
1173309.673,X_LEG_3,9.88,63.38,1.11,1,1700,1656,NW
1173309.693,X_LEG_3,9.88,63.38,1.11,1,1700,1656,NW
1173309.714,X_LEG_3,9.88,63.38,1.11,1,1700,1656,NW
1173309.734,X_LEG_3,9.88,63.38,1.11,1,1700,1656,NW
1173309.755,X_LEG_3,9.88,63.38,1.11,1,1700,1656,NW
1173309.775,X_LEG_3,9.86,63.14,1.13,1,1700,1656,NW
1173309.796,X_LEG_3,9.86,63.14,1.13,1,1700,1656,NW
1173309.816,X_LEG_3,9.86,63.14,1.13,1,1700,1656,NW
1173309.837,X_LEG_3,9.86,63.14,1.13,1,1700,1656,NW
1173309.857,X_LEG_3,9.86,63.14,1.13,1,1700,1656,NW
1173309.877,X_LEG_3,9.85,62.98,1.14,1,1700,1656,NW
1173309.898,X_LEG_3,9.85,62.98,1.14,1,1700,1656,NW
1173309.918,X_LEG_3,9.85,62.98,1.14,1,1700,1656,NW
1173309.939,X_LEG_3,9.85,62.98,1.14,1,1700,1656,NW
1173309.959,X_LEG_3,9.85,62.98,1.14,1,1700,1656,NW
1173309.980,X_LEG_3,9.83,62.81,1.15,1,1700,1656,NW
1173310.000,X_LEG_3,9.83,62.81,1.15,1,1700,1656,NW
1173310.020,X_LEG_3,9.83,62.81,1.15,1,1700,1656,NW
1173310.041,X_LEG_3,9.83,62.81,1.15,1,1700,1656,NW
1173310.061,X_LEG_3,9.83,62.81,1.15,1,1700,1656,NW
1173310.082,X_LEG_3,9.82,62.65,1.16,1,1700,1656,NW
1173310.102,X_LEG_3,9.82,62.65,1.16,1,1700,1656,NW
1173310.123,X_LEG_3,9.82,62.65,1.16,1,1700,1656,NW
1173310.144,X_LEG_3,9.82,62.65,1.16,1,1700,1656,NW
1173310.165,X_LEG_3,9.82,62.65,1.16,1,1700,1656,NW
1173310.185,X_LEG_3,9.82,62.65,1.16,1,1700,1656,NW
1173310.206,X_LEG_3,9.82,62.65,1.16,1,1700,1656,NW
1173310.226,X_LEG_3,9.82,62.65,1.16,1,1700,1656,NW
1173310.246,X_LEG_3,9.82,62.65,1.16,1,1700,1656,NW
1173310.267,X_LEG_3,9.82,62.65,1.16,1,1700,1656,NW
1173310.288,X_LEG_3,9.81,62.41,1.18,1,1700,1656,NW
1173310.308,X_LEG_3,9.81,62.41,1.18,1,1700,1656,NW
1173310.329,X_LEG_3,9.81,62.41,1.18,1,1700,1656,NW
1173310.349,X_LEG_3,9.81,62.41,1.18,1,1700,1656,NW
1173310.369,X_LEG_3,9.81,62.41,1.18,1,1700,1656,NW
1173310.390,X_LEG_3,9.79,62.25,1.20,1,1700,1656,NW
1173310.410,X_LEG_3,9.79,62.25,1.20,1,1700,1656,NW
1173310.430,X_LEG_3,9.79,62.25,1.20,1,1700,1656,NW
1173310.451,X_LEG_3,9.79,62.25,1.20,1,1700,1656,NW
1173310.471,X_LEG_3,9.79,62.25,1.20,1,1700,1656,NW
1173310.492,X_LEG_3,9.78,62.09,1.20,1,1700,1656,NW
1173310.512,X_LEG_3,9.78,62.09,1.20,1,1700,1656,NW
1173310.532,X_LEG_3,9.78,62.09,1.20,1,1700,1656,NW
1173310.553,X_LEG_3,9.78,62.09,1.20,1,1700,1656,NW
1173310.574,X_LEG_3,9.78,62.09,1.20,1,1700,1656,NW
1173310.594,X_LEG_3,9.77,61.93,1.21,1,1700,1656,NW
1173310.614,X_LEG_3,9.77,61.93,1.21,1,1700,1656,NW
1173310.635,X_LEG_3,9.77,61.93,1.21,1,1700,1656,NW
1173310.655,X_LEG_3,9.77,61.93,1.21,1,1700,1656,NW
1173310.676,X_LEG_3,9.77,61.93,1.21,1,1700,1656,NW
1173310.696,X_LEG_3,9.77,61.93,1.21,1,1700,1656,NW
1173310.717,X_LEG_3,9.77,61.93,1.21,1,1700,1656,NW
1173310.737,X_LEG_3,9.77,61.93,1.21,1,1700,1656,NW
1173310.757,X_LEG_3,9.77,61.93,1.21,1,1700,1656,NW
1173310.777,X_LEG_3,9.77,61.93,1.21,1,1700,1656,NW
1173310.798,X_LEG_3,9.75,61.68,1.24,1,1700,1656,NW
1173310.818,X_LEG_3,9.75,61.68,1.24,1,1700,1656,NW
1173310.839,X_LEG_3,9.75,61.68,1.24,1,1700,1656,NW
1173310.859,X_LEG_3,9.75,61.68,1.24,1,1700,1656,NW
1173310.881,X_LEG_3,9.75,61.68,1.24,1,1700,1656,NW
1173310.902,X_LEG_3,9.74,61.52,1.25,1,1700,1656,NW
1173310.922,X_LEG_3,9.74,61.52,1.25,1,1700,1656,NW
1173310.943,X_LEG_3,9.74,61.52,1.25,1,1700,1656,NW
1173310.963,X_LEG_3,9.74,61.52,1.25,1,1700,1656,NW
1173310.984,X_LEG_3,9.74,61.52,1.25,1,1700,1656,NW
1173311.004,X_LEG_3,9.73,61.36,1.26,1,1700,1656,NW
1173311.025,X_LEG_3,9.73,61.36,1.26,1,1700,1656,NW
1173311.045,X_LEG_3,9.73,61.36,1.26,1,1700,1656,NW
1173311.066,X_LEG_3,9.73,61.36,1.26,1,1700,1656,NW
1173311.086,X_LEG_3,9.73,61.36,1.26,1,1700,1656,NW
1173311.106,X_LEG_3,9.71,61.20,1.27,1,1700,1656,NW
1173311.126,X_LEG_3,9.71,61.20,1.27,1,1700,1656,NW
1173311.147,X_LEG_3,9.71,61.20,1.27,1,1700,1656,NW
1173311.168,X_LEG_3,9.71,61.20,1.27,1,1700,1656,NW
1173311.188,X_LEG_3,9.71,61.20,1.27,1,1700,1656,NW
1173311.209,X_LEG_3,9.70,61.03,1.29,1,1700,1656,NW
1173311.229,X_LEG_3,9.70,61.03,1.29,1,1700,1656,NW
1173311.249,X_LEG_3,9.70,61.03,1.29,1,1700,1656,NW
1173311.269,X_LEG_3,9.70,61.03,1.29,1,1700,1656,NW
1173311.290,X_LEG_3,9.70,61.03,1.29,1,1700,1656,NW
1173311.310,X_LEG_3,9.69,60.87,0.30,1,1700,1656,NW
1173311.330,X_LEG_3,9.69,60.87,0.30,1,1700,1656,NW
1173311.351,X_LEG_3,9.69,60.87,0.30,1,1700,1656,NW
1173311.372,X_LEG_3,9.69,60.87,0.30,1,1700,1656,NW
1173311.392,X_LEG_3,9.69,60.87,0.30,1,1700,1656,NW
1173311.414,X_LEG_3,9.68,60.70,0.31,1,1700,1656,NW
1173311.434,X_LEG_3,9.68,60.70,0.31,1,1700,1656,NW
1173311.455,X_LEG_3,9.68,60.70,0.31,1,1700,1656,NW
1173311.476,X_LEG_3,9.68,60.70,0.31,1,1700,1656,NW
1173311.496,X_LEG_3,9.68,60.70,0.31,1,1700,1656,NW
1173311.517,X_LEG_3,9.67,60.54,0.33,1,1700,1656,NW
1173311.538,X_LEG_3,9.67,60.54,0.33,1,1700,1656,NW
1173311.558,X_LEG_3,9.67,60.54,0.33,1,1700,1656,NW
1173311.579,X_LEG_3,9.67,60.54,0.33,1,1700,1656,NW
1173311.599,X_LEG_3,9.67,60.54,0.33,1,1700,1656,NW
1173311.620,X_LEG_3,9.65,60.37,0.33,1,1700,1657,NW
1173311.640,X_LEG_3,9.65,60.37,0.33,1,1700,1657,NW
1173311.661,X_LEG_3,9.65,60.37,0.33,1,1700,1657,NW
1173311.681,X_LEG_3,9.65,60.37,0.33,1,1700,1657,NW
1173311.701,X_LEG_3,9.65,60.37,0.33,1,1700,1657,NW
1173311.722,X_LEG_3,9.64,60.20,0.34,1,1700,1657,NW
1173311.742,X_LEG_3,9.64,60.20,0.34,1,1700,1657,NW
1173311.763,X_LEG_3,9.64,60.20,0.34,1,1700,1657,NW
1173311.783,X_LEG_3,9.64,60.20,0.34,1,1700,1657,NW
1173311.804,X_LEG_3,9.64,60.20,0.34,1,1700,1657,NW
1173311.824,X_LEG_3,9.63,60.04,0.36,1,1700,1657,NW
1173311.844,X_LEG_3,9.63,60.04,0.36,1,1700,1657,NW
1173311.865,X_LEG_3,9.63,60.04,0.36,1,1700,1657,NW
1173311.885,X_LEG_3,9.63,60.04,0.36,1,1700,1657,NW
1173311.905,X_LEG_3,9.63,60.04,0.36,1,1700,1657,NW
1173311.926,X_LEG_3,9.63,60.04,0.36,1,1700,1657,NW
1173311.946,X_LEG_3,9.63,60.04,0.36,1,1700,1657,NW
1173311.967,X_LEG_3,9.63,60.04,0.36,1,1700,1657,NW
1173311.987,X_LEG_3,9.63,60.04,0.36,1,1700,1657,NW
1173312.007,X_LEG_3,9.63,60.04,0.36,1,1700,1657,NW
1173312.028,X_LEG_3,9.62,59.88,0.37,1,1700,1657,NW
1173312.048,X_LEG_3,9.62,59.88,0.37,1,1700,1657,NW
1173312.068,X_LEG_3,9.62,59.88,0.37,1,1700,1657,NW
1173312.089,X_LEG_3,9.62,59.88,0.37,1,1700,1657,NW
1173312.109,X_LEG_3,9.62,59.88,0.37,1,1700,1657,NW
1173312.131,X_LEG_3,9.61,59.70,0.38,1,1700,1657,NW
1173312.151,X_LEG_3,9.61,59.70,0.38,1,1700,1657,NW
1173312.171,X_LEG_3,9.61,59.70,0.38,1,1700,1657,NW
1173312.193,X_LEG_3,9.61,59.70,0.38,1,1700,1657,NW
1173312.213,X_LEG_3,9.61,59.70,0.38,1,1700,1657,NW
1173312.233,X_LEG_3,9.59,59.54,0.39,1,1700,1657,NW
1173312.254,X_LEG_3,9.59,59.54,0.39,1,1700,1657,NW
1173312.274,X_LEG_3,9.59,59.54,0.39,1,1700,1657,NW
1173312.294,X_LEG_3,9.59,59.54,0.39,1,1700,1657,NW
1173312.315,X_LEG_3,9.59,59.54,0.39,1,1700,1657,NW
1173312.335,X_LEG_3,9.58,59.37,0.41,1,1700,1657,NW
1173312.356,X_LEG_3,9.58,59.37,0.41,1,1700,1657,NW
1173312.376,X_LEG_3,9.58,59.37,0.41,1,1700,1657,NW
1173312.397,X_LEG_3,9.58,59.37,0.41,1,1700,1657,NW
1173312.417,X_LEG_3,9.58,59.37,0.41,1,1700,1657,NW
1173312.438,X_LEG_3,9.57,59.20,0.42,1,1700,1657,NW
1173312.458,X_LEG_3,9.57,59.20,0.42,1,1700,1657,NW
1173312.478,X_LEG_3,9.57,59.20,0.42,1,1700,1657,NW
1173312.499,X_LEG_3,9.57,59.20,0.42,1,1700,1657,NW
1173312.519,X_LEG_3,9.57,59.20,0.42,1,1700,1657,NW
1173312.540,X_LEG_3,9.56,59.04,0.43,1,1700,1657,NW
1173312.560,X_LEG_3,9.56,59.04,0.43,1,1700,1657,NW
1173312.580,X_LEG_3,9.56,59.04,0.43,1,1700,1657,NW
1173312.601,X_LEG_3,9.56,59.04,0.43,1,1700,1657,NW
1173312.621,X_LEG_3,9.56,59.04,0.43,1,1700,1657,NW
1173312.642,X_LEG_3,9.55,58.87,0.44,1,1700,1657,NW
1173312.662,X_LEG_3,9.55,58.87,0.44,1,1700,1657,NW
1173312.683,X_LEG_3,9.55,58.87,0.44,1,1700,1657,NW
1173312.703,X_LEG_3,9.55,58.87,0.44,1,1700,1657,NW
1173312.723,X_LEG_3,9.55,58.87,0.44,1,1700,1657,NW
1173312.743,X_LEG_3,9.53,58.70,0.45,1,1700,1657,NW
1173312.764,X_LEG_3,9.53,58.70,0.45,1,1700,1657,NW
1173312.785,X_LEG_3,9.53,58.70,0.45,1,1700,1657,NW
1173312.805,X_LEG_3,9.53,58.70,0.45,1,1700,1657,NW
1173312.826,X_LEG_3,9.53,58.70,0.45,1,1700,1657,NW
1173312.846,X_LEG_3,9.52,58.53,0.46,1,1700,1657,NW
1173312.867,X_LEG_3,9.52,58.53,0.46,1,1700,1657,NW
1173312.887,X_LEG_3,9.52,58.53,0.46,1,1700,1657,NW
1173312.908,X_LEG_3,9.52,58.53,0.46,1,1700,1657,NW
1173312.928,X_LEG_3,9.52,58.53,0.46,1,1700,1657,NW
1173312.949,X_LEG_3,9.51,58.36,0.47,1,1700,1657,NW
1173312.970,X_LEG_3,9.51,58.36,0.47,1,1700,1657,NW
1173312.990,X_LEG_3,9.51,58.36,0.47,1,1700,1657,NW
1173313.011,X_LEG_3,9.51,58.36,0.47,1,1700,1657,NW
1173313.031,X_LEG_3,9.51,58.36,0.47,1,1700,1657,NW
1173313.051,X_LEG_3,9.51,58.19,0.49,1,1700,1657,NW
1173313.072,X_LEG_3,9.50,58.19,0.49,1,1700,1657,NW
1173313.092,X_LEG_3,9.50,58.19,0.49,1,1700,1657,NW
1173313.114,X_LEG_3,9.50,58.19,0.49,1,1700,1657,NW
1173313.134,X_LEG_3,9.50,58.19,0.49,1,1700,1657,NW
1173313.154,X_LEG_3,9.49,58.02,0.50,1,1700,1657,NW
1173313.175,X_LEG_3,9.49,58.02,0.50,1,1700,1657,NW
1173313.195,X_LEG_3,9.49,58.02,0.50,1,1700,1657,NW
1173313.215,X_LEG_3,9.49,58.02,0.50,1,1700,1657,NW
1173313.236,X_LEG_3,9.49,58.02,0.50,1,1700,1657,NW
1173313.256,X_LEG_3,9.49,58.02,0.50,1,1700,1657,NW
1173313.276,X_LEG_3,9.49,58.02,0.50,1,1700,1657,NW
1173313.297,X_LEG_3,9.49,58.02,0.50,1,1700,1657,NW
1173313.318,X_LEG_3,9.49,58.02,0.50,1,1700,1657,NW
1173313.338,X_LEG_3,9.49,58.02,0.50,1,1700,1657,NW
1173313.358,X_LEG_3,9.47,57.77,0.52,1,1700,1657,NW
1173313.379,X_LEG_3,9.47,57.77,0.52,1,1700,1657,NW
1173313.399,X_LEG_3,9.47,57.77,0.52,1,1700,1657,NW
1173313.420,X_LEG_3,9.47,57.77,0.52,1,1700,1657,NW
1173313.441,X_LEG_3,9.47,57.77,0.52,1,1700,1657,NW
1173313.462,X_LEG_3,9.46,57.59,0.53,1,1700,1657,NW
1173313.482,X_LEG_3,9.46,57.59,0.53,1,1700,1657,NW
1173313.503,X_LEG_3,9.46,57.59,0.53,1,1700,1657,NW
1173313.523,X_LEG_3,9.46,57.59,0.53,1,1700,1657,NW
1173313.544,X_LEG_3,9.46,57.59,0.53,1,1700,1657,NW
1173313.564,X_LEG_3,9.45,57.43,0.54,1,1700,1657,NW
1173313.585,X_LEG_3,9.45,57.43,0.54,1,1700,1657,NW
1173313.605,X_LEG_3,9.45,57.43,0.54,1,1700,1657,NW
1173313.626,X_LEG_3,9.45,57.43,0.54,1,1700,1657,NW
1173313.646,X_LEG_3,9.45,57.43,0.54,1,1700,1657,NW
1173313.667,X_LEG_3,9.43,57.17,0.55,1,1700,1657,NW
1173313.687,X_LEG_3,9.43,57.17,0.55,1,1700,1657,NW
1173313.708,X_LEG_3,9.43,57.17,0.55,1,1700,1657,NW
1173313.728,X_LEG_3,9.43,57.17,0.55,1,1700,1657,NW
1173313.749,X_LEG_3,9.43,57.17,0.55,1,1700,1657,NW
1173313.769,X_LEG_3,9.43,57.17,0.55,1,1700,1657,NW
1173313.789,X_LEG_3,9.43,57.17,0.55,1,1700,1657,NW
1173313.810,X_LEG_3,9.43,57.17,0.55,1,1700,1657,NW
1173313.831,X_LEG_3,9.43,57.17,0.55,1,1700,1657,NW
1173313.851,X_LEG_3,9.43,57.17,0.55,1,1700,1657,NW
1173313.872,X_LEG_3,9.42,57.00,0.57,1,1700,1657,NW
1173313.892,X_LEG_3,9.42,57.00,0.57,1,1700,1657,NW
1173313.913,X_LEG_3,9.42,57.00,0.57,1,1700,1657,NW
1173313.933,X_LEG_3,9.42,57.00,0.57,1,1700,1657,NW
1173313.953,X_LEG_3,9.42,57.00,0.57,1,1700,1657,NW
1173313.974,X_LEG_3,9.41,56.83,0.58,1,1700,1657,NW
1173313.994,X_LEG_3,9.41,56.83,0.58,1,1700,1657,NW
1173314.015,X_LEG_3,9.41,56.83,0.58,1,1700,1657,NW
1173314.035,X_LEG_3,9.41,56.83,0.58,1,1700,1657,NW
1173314.056,X_LEG_3,9.41,56.83,0.58,1,1700,1657,NW
1173314.076,X_LEG_3,9.40,56.66,0.60,1,1700,1657,NW
1173314.097,X_LEG_3,9.40,56.66,0.60,1,1700,1657,NW
1173314.117,X_LEG_3,9.40,56.66,0.60,1,1700,1657,NW
1173314.137,X_LEG_3,9.40,56.66,0.60,1,1700,1657,NW
1173314.158,X_LEG_3,9.40,56.66,0.60,1,1700,1657,NW
1173314.178,X_LEG_3,9.39,56.49,0.60,1,1700,1657,NW
1173314.199,X_LEG_3,9.39,56.49,0.60,1,1700,1657,NW
1173314.220,X_LEG_3,9.39,56.49,0.60,1,1700,1657,NW
1173314.240,X_LEG_3,9.39,56.49,0.60,1,1700,1657,NW
1173314.261,X_LEG_3,9.39,56.49,0.60,1,1700,1657,NW
1173314.281,X_LEG_3,9.37,56.31,0.62,1,1700,1657,NW
1173314.301,X_LEG_3,9.37,56.31,0.62,1,1700,1657,NW
1173314.322,X_LEG_3,9.37,56.31,0.62,1,1700,1657,NW
1173314.342,X_LEG_3,9.37,56.31,0.62,1,1700,1657,NW
1173314.363,X_LEG_3,9.37,56.31,0.62,1,1700,1657,NW
1173314.383,X_LEG_3,9.36,56.14,0.63,1,1700,1657,NW
1173314.404,X_LEG_3,9.36,56.14,0.63,1,1700,1657,NW
1173314.424,X_LEG_3,9.36,56.14,0.63,1,1700,1657,NW
1173314.445,X_LEG_3,9.36,56.14,0.63,1,1700,1657,NW
1173314.465,X_LEG_3,9.36,56.14,0.63,1,1700,1657,NW
1173314.486,X_LEG_3,9.35,55.97,0.65,1,1700,1657,NW
1173314.506,X_LEG_3,9.35,55.97,0.65,1,1700,1657,NW
1173314.526,X_LEG_3,9.35,55.97,0.65,1,1700,1657,NW
1173314.547,X_LEG_3,9.35,55.97,0.65,1,1700,1657,NW
1173314.567,X_LEG_3,9.35,55.97,0.65,1,1700,1657,NW
1173314.588,X_LEG_3,9.34,55.80,0.65,1,1700,1657,NW
1173314.609,X_LEG_3,9.34,55.80,0.65,1,1700,1657,NW
1173314.629,X_LEG_3,9.34,55.80,0.65,1,1700,1657,NW
1173314.650,X_LEG_3,9.34,55.80,0.65,1,1700,1657,NW
1173314.671,X_LEG_3,9.34,55.80,0.65,1,1700,1657,NW
1173314.691,X_LEG_3,9.33,55.62,0.66,1,1700,1658,NW
1173314.712,X_LEG_3,9.33,55.62,0.66,1,1700,1658,NW
1173314.732,X_LEG_3,9.33,55.62,0.66,1,1700,1658,NW
1173314.753,X_LEG_3,9.33,55.62,0.66,1,1700,1658,NW
1173314.773,X_LEG_3,9.33,55.62,0.66,1,1700,1658,NW
1173314.794,X_LEG_3,9.33,55.62,0.66,1,1700,1658,NW
1173314.815,X_LEG_3,9.33,55.62,0.66,1,1700,1658,NW
1173314.835,X_LEG_3,9.33,55.62,0.66,1,1700,1658,NW
1173314.855,X_LEG_3,9.33,55.62,0.66,1,1700,1658,NW
1173314.876,X_LEG_3,9.33,55.62,0.66,1,1700,1658,NW
1173314.896,X_LEG_3,9.31,55.36,0.68,1,1700,1658,NW
1173314.917,X_LEG_3,9.31,55.36,0.68,1,1700,1658,NW
1173314.938,X_LEG_3,9.31,55.36,0.68,1,1700,1658,NW
1173314.959,X_LEG_3,9.31,55.36,0.68,1,1700,1658,NW
1173314.979,X_LEG_3,9.31,55.36,0.68,1,1700,1658,NW
1173315.000,X_LEG_3,9.30,55.18,0.69,1,1700,1658,NW
1173315.020,X_LEG_3,9.30,55.18,0.69,1,1700,1658,NW
1173315.040,X_LEG_3,9.30,55.18,0.69,1,1700,1658,NW
1173315.061,X_LEG_3,9.30,55.18,0.69,1,1700,1658,NW
1173315.081,X_LEG_3,9.30,55.18,0.69,1,1700,1658,NW
1173315.101,X_LEG_3,9.29,55.02,0.71,1,1700,1658,NW
1173315.121,X_LEG_3,9.29,55.02,0.71,1,1700,1658,NW
1173315.142,X_LEG_3,9.29,55.02,0.71,1,1700,1658,NW
1173315.162,X_LEG_3,9.29,55.02,0.71,1,1700,1658,NW
1173315.183,X_LEG_3,9.29,55.02,0.71,1,1700,1658,NW
1173315.204,X_LEG_3,9.28,54.75,0.73,1,1700,1658,NW
1173315.225,X_LEG_3,9.28,54.75,0.73,1,1700,1658,NW
1173315.245,X_LEG_3,9.28,54.75,0.73,1,1700,1658,NW
1173315.265,X_LEG_3,9.28,54.75,0.73,1,1700,1658,NW
1173315.285,X_LEG_3,9.28,54.75,0.73,1,1700,1658,NW
1173315.306,X_LEG_3,9.27,54.58,0.74,1,1700,1658,NW
1173315.326,X_LEG_3,9.27,54.58,0.74,1,1700,1658,NW
1173315.346,X_LEG_3,9.27,54.58,0.74,1,1700,1658,NW
1173315.367,X_LEG_3,9.27,54.58,0.74,1,1700,1658,NW
1173315.387,X_LEG_3,9.27,54.58,0.74,1,1700,1658,NW
1173315.408,X_LEG_3,9.27,54.58,0.74,1,1700,1658,NW
1173315.428,X_LEG_3,9.27,54.58,0.74,1,1700,1658,NW
1173315.449,X_LEG_3,9.27,54.58,0.74,1,1700,1658,NW
1173315.469,X_LEG_3,9.27,54.58,0.74,1,1700,1658,NW
1173315.490,X_LEG_3,9.27,54.58,0.74,1,1700,1658,NW
1173315.510,X_LEG_3,9.25,54.31,0.76,1,1700,1658,NW
1173315.531,X_LEG_3,9.25,54.31,0.76,1,1700,1658,NW
1173315.551,X_LEG_3,9.25,54.31,0.76,1,1700,1658,NW
1173315.572,X_LEG_3,9.25,54.31,0.76,1,1700,1658,NW
1173315.594,X_LEG_3,9.25,54.31,0.76,1,1700,1658,NW
1173315.615,X_LEG_3,9.24,54.14,0.77,1,1700,1658,NW
1173315.636,X_LEG_3,9.24,54.14,0.77,1,1700,1658,NW
1173315.656,X_LEG_3,9.24,54.14,0.77,1,1700,1658,NW
1173315.677,X_LEG_3,9.24,54.14,0.77,1,1700,1658,NW
1173315.697,X_LEG_3,9.24,54.14,0.77,1,1700,1658,NW
1173315.718,X_LEG_3,9.23,53.96,0.78,1,1700,1658,NW
1173315.738,X_LEG_3,9.23,53.96,0.78,1,1700,1658,NW
1173315.759,X_LEG_3,9.23,53.96,0.78,1,1700,1658,NW
1173315.780,X_LEG_3,9.23,53.96,0.78,1,1700,1658,NW
1173315.800,X_LEG_3,9.23,53.96,0.78,1,1700,1658,NW
1173315.821,X_LEG_3,9.22,53.78,0.79,1,1700,1658,NW
1173315.841,X_LEG_3,9.22,53.78,0.79,1,1700,1658,NW
1173315.862,X_LEG_3,9.22,53.78,0.79,1,1700,1658,NW
1173315.882,X_LEG_3,9.22,53.78,0.79,1,1700,1658,NW
1173315.902,X_LEG_3,9.22,53.78,0.79,1,1700,1658,NW
1173315.924,X_LEG_3,9.21,53.61,0.80,1,1700,1658,NW
1173315.944,X_LEG_3,9.21,53.61,0.80,1,1700,1658,NW
1173315.964,X_LEG_3,9.21,53.61,0.80,1,1700,1658,NW
1173315.985,X_LEG_3,9.21,53.61,0.80,1,1700,1658,NW
1173316.005,X_LEG_3,9.21,53.61,0.80,1,1700,1658,NW
1173316.025,X_LEG_3,9.21,53.61,0.80,1,1700,1658,NW
1173316.046,X_LEG_3,9.21,53.61,0.80,1,1700,1658,NW
1173316.066,X_LEG_3,9.21,53.61,0.80,1,1700,1658,NW
1173316.087,X_LEG_3,9.21,53.61,0.80,1,1700,1658,NW
1173316.108,X_LEG_3,9.21,53.61,0.80,1,1700,1658,NW
1173316.128,X_LEG_3,9.19,53.34,0.82,1,1700,1658,NW
1173316.148,X_LEG_3,9.19,53.34,0.82,1,1700,1658,NW
1173316.168,X_LEG_3,9.19,53.34,0.82,1,1700,1658,NW
1173316.189,X_LEG_3,9.19,53.34,0.82,1,1700,1658,NW
1173316.209,X_LEG_3,9.19,53.34,0.82,1,1700,1658,NW
1173316.229,X_LEG_3,9.19,53.17,0.83,1,1700,1658,NW
1173316.250,X_LEG_3,9.19,53.17,0.83,1,1700,1658,NW
1173316.270,X_LEG_3,9.19,53.17,0.83,1,1700,1658,NW
1173316.291,X_LEG_3,9.19,53.17,0.83,1,1700,1658,NW
1173316.311,X_LEG_3,9.19,53.17,0.83,1,1700,1658,NW
1173316.332,X_LEG_3,9.18,52.98,0.84,1,1700,1658,NW
1173316.352,X_LEG_3,9.18,52.98,0.84,1,1700,1658,NW
1173316.372,X_LEG_3,9.18,52.98,0.84,1,1700,1658,NW
1173316.392,X_LEG_3,9.18,52.98,0.84,1,1700,1658,NW
1173316.413,X_LEG_3,9.18,52.98,0.84,1,1700,1658,NW
1173316.433,X_LEG_3,9.16,52.72,0.86,1,1700,1658,NW
1173316.454,X_LEG_3,9.16,52.72,0.86,1,1700,1658,NW
1173316.474,X_LEG_3,9.16,52.72,0.86,1,1700,1658,NW
1173316.495,X_LEG_3,9.16,52.72,0.86,1,1700,1658,NW
1173316.515,X_LEG_3,9.16,52.72,0.86,1,1700,1658,NW
1173316.536,X_LEG_3,9.15,52.54,0.87,1,1700,1658,NW
1173316.556,X_LEG_3,9.15,52.54,0.87,1,1700,1658,NW
1173316.577,X_LEG_3,9.15,52.54,0.87,1,1700,1658,NW
1173316.597,X_LEG_3,9.15,52.54,0.87,1,1700,1658,NW
1173316.618,X_LEG_3,9.15,52.54,0.87,1,1700,1658,NW
1173316.639,X_LEG_3,9.14,52.37,0.88,1,1700,1658,NW
1173316.659,X_LEG_3,9.14,52.37,0.88,1,1700,1658,NW
1173316.679,X_LEG_3,9.14,52.37,0.88,1,1700,1658,NW
1173316.700,X_LEG_3,9.14,52.37,0.88,1,1700,1658,NW
1173316.720,X_LEG_3,9.14,52.37,0.88,1,1700,1658,NW
1173316.740,X_LEG_3,9.13,52.19,0.90,1,1700,1658,NW
1173316.761,X_LEG_3,9.13,52.19,0.90,1,1700,1658,NW
1173316.781,X_LEG_3,9.13,52.19,0.90,1,1700,1658,NW
1173316.801,X_LEG_3,9.13,52.19,0.90,1,1700,1658,NW
1173316.822,X_LEG_3,9.13,52.19,0.90,1,1700,1658,NW
1173316.842,X_LEG_3,9.13,52.02,0.91,1,1700,1658,NW
1173316.863,X_LEG_3,9.13,52.02,0.91,1,1700,1658,NW
1173316.883,X_LEG_3,9.13,52.02,0.91,1,1700,1658,NW
1173316.904,X_LEG_3,9.13,52.02,0.91,1,1700,1658,NW
1173316.924,X_LEG_3,9.13,52.02,0.91,1,1700,1658,NW
1173316.945,X_LEG_3,9.13,52.02,0.91,1,1700,1658,NW
1173316.965,X_LEG_3,9.13,52.02,0.91,1,1700,1658,NW
1173316.986,X_LEG_3,9.13,52.02,0.91,1,1700,1658,NW
1173317.006,X_LEG_3,9.13,52.02,0.91,1,1700,1658,NW
1173317.026,X_LEG_3,9.13,52.02,0.91,1,1700,1658,NW
1173317.047,X_LEG_3,9.13,51.83,0.92,1,1700,1658,NW
1173317.067,X_LEG_3,9.12,51.83,0.92,1,1700,1658,NW
1173317.088,X_LEG_3,9.12,51.83,0.92,1,1700,1658,NW
1173317.108,X_LEG_3,9.12,51.83,0.92,1,1700,1658,NW
1173317.129,X_LEG_3,9.12,51.83,0.92,1,1700,1658,NW
1173317.149,X_LEG_3,9.11,51.65,0.93,1,1700,1658,NW
1173317.170,X_LEG_3,9.11,51.65,0.93,1,1700,1658,NW
1173317.190,X_LEG_3,9.11,51.65,0.93,1,1700,1658,NW
1173317.211,X_LEG_3,9.11,51.65,0.93,1,1700,1658,NW
1173317.231,X_LEG_3,9.11,51.65,0.93,1,1700,1658,NW
1173317.252,X_LEG_3,9.09,51.38,0.96,1,1700,1658,NW
1173317.272,X_LEG_3,9.09,51.38,0.96,1,1700,1658,NW
1173317.293,X_LEG_3,9.09,51.38,0.96,1,1700,1658,NW
1173317.313,X_LEG_3,9.09,51.38,0.96,1,1700,1658,NW
1173317.334,X_LEG_3,9.09,51.38,0.96,1,1700,1658,NW
1173317.354,X_LEG_3,9.09,51.20,0.96,1,1700,1658,NW
1173317.375,X_LEG_3,9.09,51.20,0.96,1,1700,1658,NW
1173317.396,X_LEG_3,9.09,51.20,0.96,1,1700,1658,NW
1173317.416,X_LEG_3,9.09,51.20,0.96,1,1700,1658,NW
1173317.438,X_LEG_3,9.09,51.20,0.96,1,1700,1658,NW
1173317.458,X_LEG_3,9.08,51.02,0.97,1,1700,1658,NW
1173317.479,X_LEG_3,9.08,51.02,0.97,1,1700,1658,NW
1173317.500,X_LEG_3,9.08,51.02,0.97,1,1700,1658,NW
1173317.520,X_LEG_3,9.08,51.02,0.97,1,1700,1658,NW
1173317.541,X_LEG_3,9.08,51.02,0.97,1,1700,1658,NW
1173317.562,X_LEG_3,9.07,50.85,0.99,1,1700,1658,NW
1173317.582,X_LEG_3,9.07,50.85,0.99,1,1700,1658,NW
1173317.603,X_LEG_3,9.07,50.85,0.99,1,1700,1658,NW
1173317.624,X_LEG_3,9.07,50.85,0.99,1,1700,1658,NW
1173317.645,X_LEG_3,9.07,50.85,0.99,1,1700,1658,NW
1173317.665,X_LEG_3,9.07,50.85,0.99,1,1700,1658,NW
1173317.686,X_LEG_3,9.07,50.85,0.99,1,1700,1658,NW
1173317.706,X_LEG_3,9.07,50.85,0.99,1,1700,1658,NW
1173317.727,X_LEG_3,9.07,50.85,0.99,1,1700,1658,NW
1173317.748,X_LEG_3,9.07,50.85,0.99,1,1700,1658,NW
1173317.769,X_LEG_3,9.06,50.67,1.00,1,1700,1658,NW
1173317.789,X_LEG_3,9.06,50.67,1.00,1,1700,1658,NW
1173317.810,X_LEG_3,9.06,50.67,1.00,1,1700,1658,NW
1173317.831,X_LEG_3,9.06,50.67,1.00,1,1700,1658,NW
1173317.851,X_LEG_3,9.06,50.67,1.00,1,1700,1658,NW
1173317.872,X_LEG_3,9.06,50.57,-38.94,0,1500,1658,NW
1173317.894,X_LEG_3,9.06,50.57,-38.94,0,1500,1658,NW
1173317.914,X_LEG_3,9.06,50.57,-38.94,0,1500,1658,NW
1173317.934,X_LEG_3,9.06,50.57,-38.94,0,1500,1658,NW
1173317.955,X_LEG_3,9.06,50.57,-38.94,0,1500,1658,NW
1173317.975,X_LEG_3,9.07,50.45,-38.83,0,1500,1658,NW
1173317.996,X_LEG_3,9.07,50.45,-38.83,0,1500,1658,NW
1173318.016,X_LEG_3,9.07,50.45,-38.83,0,1500,1658,NW
1173318.037,X_LEG_3,9.07,50.45,-38.83,0,1500,1658,NW
1173318.058,X_LEG_3,9.07,50.45,-38.83,0,1500,1658,NW
1173318.078,X_LEG_3,9.07,50.45,-38.83,0,1500,1658,NW
1173318.099,X_LEG_3,9.07,50.45,-38.83,0,1500,1658,NW
1173318.119,X_LEG_3,9.07,50.45,-38.83,0,1500,1658,NW
1173318.140,X_LEG_3,9.07,50.45,-38.83,0,1500,1658,NW
1173318.161,X_LEG_3,9.07,50.45,-38.83,0,1500,1658,NW
1173318.181,X_LEG_3,9.07,50.35,-38.71,0,1500,1658,NW
1173318.201,X_LEG_3,9.07,50.35,-38.71,0,1500,1658,NW
1173318.222,X_LEG_3,9.07,50.35,-38.71,0,1500,1658,NW
1173318.242,X_LEG_3,9.07,50.35,-38.71,0,1500,1658,NW
1173318.263,X_LEG_3,9.07,50.35,-38.71,0,1500,1658,NW
1173318.283,X_LEG_3,9.08,50.26,-38.59,0,1500,1658,NW
1173318.304,X_LEG_3,9.08,50.26,-38.59,0,1500,1658,NW
1173318.325,X_LEG_3,9.08,50.26,-38.59,0,1500,1658,NW
1173318.345,X_LEG_3,9.08,50.26,-38.59,0,1500,1658,NW
1173318.365,X_LEG_3,9.08,50.26,-38.59,0,1500,1658,NW
1173318.386,X_LEG_3,9.08,50.21,-38.50,0,1500,1658,NW
1173318.407,X_LEG_3,9.08,50.21,-38.50,0,1500,1658,NW
1173318.429,X_LEG_3,9.08,50.21,-38.50,0,1500,1658,NW
1173318.450,X_LEG_3,9.08,50.21,-38.50,0,1500,1658,NW
1173318.470,X_LEG_3,9.08,50.21,-38.50,0,1500,1658,NW
1173318.491,X_LEG_3,9.08,50.18,-142.42,0,1500,1658,NW
1173318.512,X_LEG_3,9.08,50.18,-142.42,0,1500,1658,NW
1173318.533,X_LEG_3,9.08,50.18,-142.42,0,1500,1658,NW
1173318.553,X_LEG_3,9.08,50.18,-142.42,0,1500,1658,NW
1173318.574,X_LEG_3,9.08,50.18,-142.42,0,1500,1658,NW
1173318.595,X_LEG_3,9.09,50.15,-142.33,0,1500,1658,NW
1173318.616,X_LEG_3,9.09,50.15,-142.33,0,1500,1658,NW
1173318.637,X_LEG_3,9.09,50.15,-142.33,0,1500,1658,NW
1173318.656,X_LEG_3,9.09,50.15,-142.33,0,1500,1658,NW
1173318.677,X_LEG_3,9.09,50.15,-142.33,0,1500,1658,NW
1173318.698,X_LEG_3,9.09,50.14,-142.24,0,1500,1658,NW
1173318.718,X_LEG_3,9.09,50.14,-142.24,0,1500,1658,NW
1173318.738,X_LEG_3,9.09,50.14,-142.24,0,1500,1658,NW
1173318.759,X_LEG_3,9.09,50.14,-142.24,0,1500,1658,NW
1173318.779,X_LEG_3,9.09,50.14,-142.24,0,1500,1658,NW
1173318.800,X_LEG_3,9.10,50.14,-142.15,0,1500,1658,NW
1173318.820,X_LEG_3,9.10,50.14,-142.15,0,1500,1658,NW
1173318.841,X_LEG_3,9.10,50.14,-142.15,0,1500,1658,NW
1173318.861,X_LEG_3,9.10,50.14,-142.15,0,1500,1658,NW
1173318.882,X_LEG_3,9.10,50.14,-142.15,0,1500,1658,NW
1173318.902,X_LEG_3,9.11,50.14,-142.05,0,1500,1658,NW
1173318.922,X_LEG_3,9.11,50.14,-142.05,0,1500,1658,NW
1173318.943,X_LEG_3,9.11,50.14,-142.05,0,1500,1658,NW
1173318.963,X_LEG_3,9.11,50.14,-142.05,0,1500,1658,NW
1173318.983,X_LEG_3,9.11,50.14,-142.05,0,1500,1658,NW
1173319.004,X_LEG_3,9.11,50.14,-142.05,0,1500,1658,NW
1173319.025,X_LEG_3,9.11,50.14,-142.05,0,1500,1658,NW
1173319.046,X_LEG_3,9.11,50.14,-142.05,0,1500,1658,NW
1173319.066,X_LEG_3,9.11,50.14,-142.05,0,1500,1658,NW
1173319.087,X_LEG_3,9.11,50.14,-142.05,0,1500,1658,NW
1173319.107,X_LEG_3,9.12,50.12,140.03,0,1500,1658,NW
1173319.128,X_LEG_3,9.12,50.12,140.03,0,1500,1658,NW
1173319.148,X_LEG_3,9.12,50.12,140.03,0,1500,1658,NW
1173319.168,X_LEG_3,9.12,50.12,140.03,0,1500,1658,NW
1173319.189,X_LEG_3,9.12,50.12,140.03,0,1500,1658,NW
1173319.209,X_LEG_3,9.14,50.12,140.10,0,1500,1658,NW
1173319.230,X_LEG_3,9.14,50.12,140.10,0,1500,1658,NW
1173319.250,X_LEG_3,9.14,50.12,140.10,0,1500,1658,NW
1173319.271,X_LEG_3,9.14,50.12,140.10,0,1500,1658,NW
1173319.291,X_LEG_3,9.14,50.12,140.10,0,1500,1658,NW
1173319.312,X_LEG_3,9.15,50.13,140.17,0,1500,1658,NW
1173319.333,X_LEG_3,9.15,50.13,140.17,0,1500,1658,NW
1173319.353,X_LEG_3,9.15,50.13,140.17,0,1500,1658,NW
1173319.374,X_LEG_3,9.15,50.13,140.17,0,1500,1658,NW
1173319.394,X_LEG_3,9.15,50.13,140.17,0,1500,1658,NW
1173319.414,X_LEG_3,9.16,50.13,140.22,0,1500,1658,NW
1173319.435,X_LEG_3,9.16,50.13,140.22,0,1500,1658,NW
1173319.456,X_LEG_3,9.16,50.13,140.22,0,1500,1658,NW
1173319.476,X_LEG_3,9.16,50.13,140.22,0,1500,1658,NW
1173319.497,X_LEG_3,9.16,50.13,140.22,0,1500,1658,NW
1173319.517,X_LEG_3,9.17,50.13,140.31,0,1500,1658,NW
1173319.538,X_LEG_3,9.17,50.13,140.31,0,1500,1658,NW
1173319.558,X_LEG_3,9.17,50.13,140.31,0,1500,1658,NW
1173319.579,X_LEG_3,9.17,50.13,140.31,0,1500,1658,NW
1173319.599,X_LEG_3,9.17,50.13,140.31,0,1500,1658,NW
1173319.619,X_LEG_3,9.17,50.11,140.36,0,1500,1658,NW
1173319.640,X_LEG_3,9.17,50.11,140.36,0,1500,1658,NW
1173319.661,X_LEG_3,9.17,50.11,140.36,0,1500,1658,NW
1173319.681,X_LEG_3,9.17,50.11,140.36,0,1500,1658,NW
1173319.702,X_LEG_3,9.17,50.11,140.36,0,1500,1658,NW
1173319.723,X_LEG_3,9.17,50.11,87.40,0,1500,1658,NW
1173319.743,X_LEG_3,9.17,50.11,87.40,0,1500,1658,NW
1173319.764,X_LEG_3,9.17,50.11,87.40,0,1500,1658,NW
1173319.784,X_LEG_3,9.17,50.11,87.40,0,1500,1658,NW
1173319.805,X_LEG_3,9.17,50.11,87.40,0,1500,1658,NW
1173319.825,X_LEG_3,9.17,50.10,87.45,0,1500,1658,NW
1173319.845,X_LEG_3,9.17,50.10,87.45,0,1500,1658,NW
1173319.866,X_LEG_3,9.17,50.10,87.45,0,1500,1658,NW
1173319.886,X_LEG_3,9.17,50.10,87.45,0,1500,1658,NW
1173319.907,X_LEG_3,9.17,50.10,87.45,0,1500,1658,NW
1173319.927,X_LEG_3,9.17,50.10,87.45,0,1500,1658,NW
1173319.947,X_LEG_3,9.17,50.10,87.45,0,1500,1658,NW
1173319.967,X_LEG_3,9.17,50.10,87.45,0,1500,1658,NW
1173319.988,X_LEG_3,9.17,50.10,87.45,0,1500,1658,NW
1173320.008,X_LEG_3,9.17,50.10,87.45,0,1500,1658,NW
1173320.030,X_LEG_3,9.16,50.07,87.51,0,1500,1658,NW
1173320.051,X_LEG_3,9.16,50.07,87.51,0,1500,1658,NW
1173320.071,X_LEG_3,9.16,50.07,87.51,0,1500,1658,NW
1173320.092,X_LEG_3,9.16,50.07,87.51,0,1500,1658,NW
1173320.113,X_LEG_3,9.16,50.07,87.51,0,1500,1658,NW
1173320.133,X_LEG_3,9.16,50.06,87.55,0,1500,1658,NW
1173320.155,X_LEG_3,9.16,50.06,87.55,0,1500,1658,NW
1173320.175,X_LEG_3,9.16,50.06,87.55,0,1500,1658,NW
1173320.196,X_LEG_3,9.16,50.06,87.55,0,1500,1658,NW
1173320.216,X_LEG_3,9.16,50.06,87.55,0,1500,1658,NW
1173320.236,X_LEG_3,9.16,50.06,87.55,0,1500,1658,NW
1173320.257,X_LEG_3,9.16,50.06,87.55,0,1500,1658,NW
1173320.278,X_LEG_3,9.16,50.06,87.55,0,1500,1658,NW
1173320.298,X_LEG_3,9.16,50.06,87.55,0,1500,1658,NW
1173320.319,X_LEG_3,9.16,50.06,87.55,0,1500,1658,NW
1173320.340,X_LEG_3,9.17,50.02,72.62,0,1500,1658,NW
1173320.361,X_LEG_3,9.17,50.02,72.62,0,1500,1658,NW
1173320.381,X_LEG_3,9.17,50.02,72.62,0,1500,1658,NW
1173320.402,X_LEG_3,9.17,50.02,72.62,0,1500,1658,NW
1173320.422,X_LEG_3,9.17,50.02,72.62,0,1500,1658,NW
1173320.442,X_LEG_3,9.17,50.00,72.65,0,1500,1658,NW
1173320.463,X_LEG_3,9.17,50.00,72.65,0,1500,1658,NW
1173320.483,X_LEG_3,9.17,50.00,72.65,0,1500,1658,NW
1173320.504,X_LEG_3,9.17,50.00,72.65,0,1500,1658,NW
1173320.524,X_LEG_3,9.17,50.00,72.65,0,1500,1658,NW
1173320.545,X_LEG_3,9.17,49.97,72.70,0,1500,1658,NW
1173320.565,X_LEG_3,9.17,49.97,72.70,0,1500,1658,NW
1173320.586,X_LEG_3,9.17,49.97,72.70,0,1500,1658,NW
1173320.607,X_LEG_3,9.17,49.97,72.70,0,1500,1658,NW
1173320.628,X_LEG_3,9.17,49.97,72.70,0,1500,1658,NW
1173320.648,X_LEG_3,9.17,49.94,72.74,0,1500,1658,NW
1173320.668,X_LEG_3,9.17,49.94,72.74,0,1500,1658,NW
1173320.689,X_LEG_3,9.17,49.94,72.74,0,1500,1658,NW
1173320.710,X_LEG_3,9.17,49.94,72.74,0,1500,1658,NW
1173320.730,X_LEG_3,9.17,49.94,72.74,0,1500,1658,NW
1173320.751,X_LEG_3,9.17,49.94,72.74,0,1500,1658,NW
1173320.771,X_LEG_3,9.17,49.94,72.74,0,1500,1658,NW
1173320.792,X_LEG_3,9.17,49.94,72.74,0,1500,1658,NW
1173320.812,X_LEG_3,9.17,49.94,72.74,0,1500,1658,NW
1173320.833,X_LEG_3,9.17,49.94,72.74,0,1500,1658,NW
1173320.854,X_LEG_3,9.18,49.90,51.79,0,1500,1658,NW
1173320.874,X_LEG_3,9.18,49.90,51.79,0,1500,1658,NW
1173320.894,X_LEG_3,9.18,49.90,51.79,0,1500,1658,NW
1173320.914,X_LEG_3,9.18,49.90,51.79,0,1500,1658,NW
1173320.935,X_LEG_3,9.18,49.90,51.79,0,1500,1658,NW
1173320.955,X_LEG_3,9.19,49.87,51.83,0,1500,1658,NW
1173320.976,X_LEG_3,9.19,49.87,51.83,0,1500,1658,NW
1173320.996,X_LEG_3,9.19,49.87,51.83,0,1500,1658,NW
1173321.016,X_LEG_3,9.19,49.87,51.83,0,1500,1658,NW
1173321.037,X_LEG_3,9.19,49.87,51.83,0,1500,1658,NW
1173321.058,X_LEG_3,9.19,49.85,51.87,0,1500,1658,NW
1173321.078,X_LEG_3,9.19,49.85,51.87,0,1500,1658,NW
1173321.099,X_LEG_3,9.19,49.85,51.87,0,1500,1658,NW
1173321.119,X_LEG_3,9.19,49.85,51.87,0,1500,1658,NW
1173321.140,X_LEG_3,9.19,49.85,51.87,0,1500,1658,NW
1173321.161,X_LEG_3,9.19,49.83,51.90,0,1500,1658,NW
1173321.182,X_LEG_3,9.19,49.83,51.90,0,1500,1658,NW
1173321.202,X_LEG_3,9.19,49.83,51.90,0,1500,1658,NW
1173321.223,X_LEG_3,9.19,49.83,51.90,0,1500,1658,NW
1173321.243,X_LEG_3,9.19,49.83,51.90,0,1500,1658,NW
1173321.263,X_LEG_3,9.21,49.79,51.94,0,1500,1658,NW
1173321.284,X_LEG_3,9.21,49.79,51.94,0,1500,1658,NW
1173321.304,X_LEG_3,9.21,49.79,51.94,0,1500,1658,NW
1173321.325,X_LEG_3,9.21,49.79,51.94,0,1500,1658,NW
1173321.345,X_LEG_3,9.21,49.79,51.94,0,1500,1658,NW
1173321.366,X_LEG_3,9.21,49.76,51.97,0,1500,1658,NW
1173321.386,X_LEG_3,9.21,49.76,51.97,0,1500,1658,NW
1173321.407,X_LEG_3,9.21,49.76,51.97,0,1500,1658,NW
1173321.427,X_LEG_3,9.21,49.76,51.97,0,1500,1658,NW
1173321.448,X_LEG_3,9.21,49.76,51.97,0,1500,1658,NW
1173321.468,X_LEG_3,9.21,49.76,26.97,0,1500,1658,NW
1173321.488,X_LEG_3,9.21,49.76,26.97,0,1500,1658,NW
1173321.509,X_LEG_3,9.21,49.76,26.97,0,1500,1658,NW
1173321.530,X_LEG_3,9.21,49.76,26.97,0,1500,1658,NW
1173321.550,X_LEG_3,9.21,49.76,26.97,0,1500,1658,NW
1173321.571,X_LEG_3,9.22,49.73,27.03,0,1500,1658,NW
1173321.591,X_LEG_3,9.22,49.73,27.03,0,1500,1658,NW
1173321.612,X_LEG_3,9.22,49.73,27.03,0,1500,1658,NW
1173321.633,X_LEG_3,9.22,49.73,27.03,0,1500,1658,NW
1173321.653,X_LEG_3,9.22,49.73,27.03,0,1500,1658,NW
1173321.673,X_LEG_3,9.23,49.71,27.06,0,1500,1658,NW
1173321.694,X_LEG_3,9.23,49.71,27.06,0,1500,1658,NW
1173321.714,X_LEG_3,9.23,49.71,27.06,0,1500,1658,NW
1173321.734,X_LEG_3,9.23,49.71,27.06,0,1500,1658,NW
1173321.755,X_LEG_3,9.23,49.71,27.06,0,1500,1658,NW
1173321.775,X_LEG_3,9.23,49.71,27.06,0,1500,1658,NW
1173321.795,X_LEG_3,9.23,49.71,27.06,0,1500,1658,NW
1173321.815,X_LEG_3,9.23,49.71,27.06,0,1500,1658,NW
1173321.836,X_LEG_3,9.23,49.71,27.06,0,1500,1658,NW
1173321.857,X_LEG_3,9.23,49.71,27.06,0,1500,1658,NW
1173321.877,X_LEG_3,9.24,49.66,27.10,0,1500,1658,NW
1173321.898,X_LEG_3,9.24,49.66,27.10,0,1500,1658,NW
1173321.918,X_LEG_3,9.24,49.66,27.10,0,1500,1658,NW
1173321.939,X_LEG_3,9.24,49.66,27.10,0,1500,1658,NW
1173321.960,X_LEG_3,9.24,49.66,27.10,0,1500,1658,NW
1173321.980,X_LEG_3,9.25,49.64,27.13,0,1500,1658,NW
1173322.000,X_LEG_3,9.25,49.64,27.13,0,1500,1658,NW
1173322.021,X_LEG_3,9.25,49.64,27.13,0,1500,1658,NW
1173322.042,X_LEG_3,9.25,49.64,27.13,0,1500,1658,NW
1173322.062,X_LEG_3,9.25,49.64,27.13,0,1500,1658,NW
1173322.083,X_LEG_3,9.26,49.63,15.17,1,1699,1658,NW
1173322.104,X_LEG_3,9.26,49.63,15.17,1,1699,1658,NW
1173322.124,X_LEG_3,9.26,49.63,15.17,1,1699,1658,NW
1173322.145,X_LEG_3,9.26,49.63,15.17,1,1699,1658,NW
1173322.165,X_LEG_3,9.26,49.63,15.17,1,1699,1658,NW
1173322.186,X_LEG_3,9.27,49.60,15.19,1,1698,1658,NW
1173322.206,X_LEG_3,9.27,49.60,15.19,1,1698,1658,NW
1173322.227,X_LEG_3,9.27,49.60,15.19,1,1698,1658,NW
1173322.247,X_LEG_3,9.27,49.60,15.19,1,1698,1658,NW
1173322.268,X_LEG_3,9.27,49.60,15.19,1,1698,1658,NW
1173322.288,X_LEG_3,9.28,49.56,15.24,1,1698,1658,NW
1173322.309,X_LEG_3,9.28,49.56,15.24,1,1698,1658,NW
1173322.329,X_LEG_3,9.28,49.56,15.24,1,1698,1658,NW
1173322.350,X_LEG_3,9.28,49.56,15.24,1,1698,1658,NW
1173322.370,X_LEG_3,9.28,49.56,15.24,1,1698,1658,NW
1173322.391,X_LEG_3,9.29,49.54,15.27,1,1698,1658,NW
1173322.411,X_LEG_3,9.29,49.54,15.27,1,1698,1658,NW
1173322.431,X_LEG_3,9.29,49.54,15.27,1,1698,1658,NW
1173322.452,X_LEG_3,9.29,49.54,15.27,1,1698,1658,NW
1173322.472,X_LEG_3,9.29,49.54,15.27,1,1698,1658,NW
1173322.493,X_LEG_3,9.29,49.51,15.30,1,1698,1658,NW
1173322.513,X_LEG_3,9.29,49.51,15.30,1,1698,1658,NW
1173322.534,X_LEG_3,9.29,49.51,15.30,1,1698,1658,NW
1173322.554,X_LEG_3,9.29,49.51,15.30,1,1698,1658,NW
1173322.575,X_LEG_3,9.29,49.51,15.30,1,1698,1658,NW
1173322.595,X_LEG_3,9.30,49.50,12.33,1,1698,1658,NW
1173322.615,X_LEG_3,9.30,49.50,12.33,1,1698,1658,NW
1173322.636,X_LEG_3,9.30,49.50,12.33,1,1698,1658,NW
1173322.656,X_LEG_3,9.30,49.50,12.33,1,1698,1658,NW
1173322.677,X_LEG_3,9.30,49.50,12.33,1,1698,1658,NW
1173322.697,X_LEG_3,9.30,49.50,12.33,1,1698,1658,NW
1173322.718,X_LEG_3,9.30,49.50,12.33,1,1698,1658,NW
1173322.738,X_LEG_3,9.30,49.50,12.33,1,1698,1658,NW
1173322.759,X_LEG_3,9.30,49.50,12.33,1,1698,1658,NW
1173322.779,X_LEG_3,9.30,49.50,12.33,1,1698,1658,NW
1173322.799,X_LEG_3,9.31,49.46,12.37,1,1698,1658,NW
1173322.820,X_LEG_3,9.31,49.46,12.37,1,1698,1658,NW
1173322.840,X_LEG_3,9.31,49.46,12.37,1,1698,1658,NW
1173322.861,X_LEG_3,9.31,49.46,12.37,1,1698,1658,NW
1173322.881,X_LEG_3,9.31,49.46,12.37,1,1698,1658,NW
1173322.902,X_LEG_3,9.32,49.44,12.40,1,1698,1658,NW
1173322.922,X_LEG_3,9.32,49.44,12.40,1,1698,1658,NW
1173322.943,X_LEG_3,9.32,49.44,12.40,1,1698,1658,NW
1173322.963,X_LEG_3,9.32,49.44,12.40,1,1698,1658,NW
1173322.983,X_LEG_3,9.32,49.44,12.40,1,1698,1658,NW
1173323.003,X_LEG_3,9.32,49.44,12.40,1,1698,1658,NW
1173323.024,X_LEG_3,9.32,49.44,12.40,1,1698,1658,NW
1173323.044,X_LEG_3,9.32,49.44,12.40,1,1698,1658,NW
1173323.064,X_LEG_3,9.32,49.44,12.40,1,1698,1658,NW
1173323.085,X_LEG_3,9.32,49.44,12.40,1,1698,1658,NW
1173323.106,X_LEG_3,9.33,49.40,12.44,1,1698,1658,NW
1173323.127,X_LEG_3,9.33,49.40,12.44,1,1698,1658,NW
1173323.147,X_LEG_3,9.33,49.40,12.44,1,1698,1658,NW
1173323.167,X_LEG_3,9.33,49.40,12.44,1,1698,1658,NW
1173323.188,X_LEG_3,9.33,49.40,12.44,1,1698,1658,NW
1173323.208,X_LEG_3,9.34,49.37,10.47,1,1697,1657,NW
1173323.229,X_LEG_3,9.34,49.37,10.47,1,1697,1657,NW
1173323.249,X_LEG_3,9.34,49.37,10.47,1,1697,1657,NW
1173323.270,X_LEG_3,9.34,49.37,10.47,1,1697,1657,NW
1173323.291,X_LEG_3,9.34,49.37,10.47,1,1697,1657,NW
1173323.311,X_LEG_3,9.35,49.33,10.52,1,1697,1657,NW
1173323.332,X_LEG_3,9.35,49.33,10.52,1,1697,1657,NW
1173323.352,X_LEG_3,9.35,49.33,10.52,1,1697,1657,NW
1173323.373,X_LEG_3,9.35,49.33,10.52,1,1697,1657,NW
1173323.393,X_LEG_3,9.35,49.33,10.52,1,1697,1657,NW
1173323.414,X_LEG_3,9.36,49.30,10.54,1,1697,1657,NW
1173323.434,X_LEG_3,9.36,49.30,10.54,1,1697,1657,NW
1173323.455,X_LEG_3,9.36,49.30,10.54,1,1697,1657,NW
1173323.475,X_LEG_3,9.36,49.30,10.54,1,1697,1657,NW
1173323.495,X_LEG_3,9.36,49.30,10.54,1,1697,1657,NW
1173323.516,X_LEG_3,9.37,49.27,10.57,1,1697,1657,NW
1173323.536,X_LEG_3,9.37,49.27,10.57,1,1697,1657,NW
1173323.557,X_LEG_3,9.37,49.27,10.57,1,1697,1657,NW
1173323.577,X_LEG_3,9.37,49.27,10.57,1,1697,1657,NW
1173323.597,X_LEG_3,9.37,49.27,10.57,1,1697,1657,NW
1173323.618,X_LEG_3,9.37,49.27,10.57,1,1697,1657,NW
1173323.638,X_LEG_3,9.37,49.27,10.57,1,1697,1657,NW
1173323.658,X_LEG_3,9.37,49.27,10.57,1,1697,1657,NW
1173323.679,X_LEG_3,9.37,49.27,10.57,1,1697,1657,NW
1173323.699,X_LEG_3,9.37,49.27,10.57,1,1697,1657,NW
1173323.720,X_LEG_3,9.38,49.21,8.62,1,1697,1657,NW
1173323.740,X_LEG_3,9.38,49.21,8.62,1,1697,1657,NW
1173323.761,X_LEG_3,9.38,49.21,8.62,1,1697,1657,NW
1173323.781,X_LEG_3,9.38,49.21,8.62,1,1697,1657,NW
1173323.801,X_LEG_3,9.38,49.21,8.62,1,1697,1657,NW
1173323.822,X_LEG_3,9.39,49.17,8.64,1,1697,1657,NW
1173323.842,X_LEG_3,9.39,49.17,8.64,1,1697,1657,NW
1173323.863,X_LEG_3,9.39,49.17,8.64,1,1697,1657,NW
1173323.883,X_LEG_3,9.39,49.17,8.64,1,1697,1657,NW
1173323.904,X_LEG_3,9.39,49.17,8.64,1,1697,1657,NW
1173323.925,X_LEG_3,9.40,49.12,8.69,1,1696,1657,NW
1173323.945,X_LEG_3,9.40,49.12,8.69,1,1696,1657,NW
1173323.966,X_LEG_3,9.40,49.12,8.69,1,1696,1657,NW
1173323.986,X_LEG_3,9.40,49.12,8.69,1,1696,1657,NW
1173324.007,X_LEG_3,9.40,49.12,8.69,1,1696,1657,NW
1173324.028,X_LEG_3,9.40,49.12,8.69,1,1696,1657,NW
1173324.049,X_LEG_3,9.40,49.12,8.69,1,1696,1657,NW
1173324.069,X_LEG_3,9.40,49.12,8.69,1,1696,1657,NW
1173324.089,X_LEG_3,9.40,49.12,8.69,1,1696,1657,NW
1173324.110,X_LEG_3,9.40,49.12,8.69,1,1696,1657,NW
1173324.130,X_LEG_3,9.40,49.08,8.72,1,1696,1657,NW
1173324.151,X_LEG_3,9.40,49.08,8.72,1,1696,1657,NW
1173324.171,X_LEG_3,9.40,49.08,8.72,1,1696,1657,NW
1173324.191,X_LEG_3,9.40,49.08,8.72,1,1696,1657,NW
1173324.211,X_LEG_3,9.40,49.08,8.72,1,1696,1657,NW
1173324.232,X_LEG_3,9.41,49.03,8.76,1,1696,1657,NW
1173324.253,X_LEG_3,9.41,49.03,8.76,1,1696,1657,NW
1173324.274,X_LEG_3,9.41,49.03,8.76,1,1696,1657,NW
1173324.294,X_LEG_3,9.41,49.03,8.76,1,1696,1657,NW
1173324.314,X_LEG_3,9.41,49.03,8.76,1,1696,1657,NW
1173324.335,X_LEG_3,9.41,49.00,7.78,1,1696,1657,NW
1173324.355,X_LEG_3,9.41,49.00,7.78,1,1696,1657,NW
1173324.376,X_LEG_3,9.41,49.00,7.78,1,1696,1657,NW
1173324.396,X_LEG_3,9.41,49.00,7.78,1,1696,1657,NW
1173324.416,X_LEG_3,9.41,49.00,7.78,1,1696,1657,NW
1173324.437,X_LEG_3,9.42,48.95,7.81,1,1696,1657,NW
1173324.457,X_LEG_3,9.42,48.95,7.81,1,1696,1657,NW
1173324.477,X_LEG_3,9.42,48.95,7.81,1,1696,1657,NW
1173324.498,X_LEG_3,9.42,48.95,7.81,1,1696,1657,NW
1173324.518,X_LEG_3,9.42,48.95,7.81,1,1696,1657,NW
1173324.539,X_LEG_3,9.43,48.90,7.84,1,1696,1657,NW
1173324.560,X_LEG_3,9.43,48.90,7.84,1,1696,1657,NW
1173324.580,X_LEG_3,9.43,48.90,7.84,1,1696,1657,NW
1173324.600,X_LEG_3,9.43,48.90,7.84,1,1696,1657,NW
1173324.621,X_LEG_3,9.43,48.90,7.84,1,1696,1657,NW
1173324.642,X_LEG_3,9.43,48.86,7.87,1,1695,1657,NW
1173324.662,X_LEG_3,9.43,48.86,7.87,1,1695,1657,NW
1173324.682,X_LEG_3,9.43,48.86,7.87,1,1695,1657,NW
1173324.703,X_LEG_3,9.43,48.86,7.87,1,1695,1657,NW
1173324.723,X_LEG_3,9.43,48.86,7.87,1,1695,1657,NW
1173324.744,X_LEG_3,9.44,48.81,7.91,1,1695,1657,NW
1173324.765,X_LEG_3,9.44,48.81,7.91,1,1695,1657,NW
1173324.785,X_LEG_3,9.44,48.81,7.91,1,1695,1657,NW
1173324.806,X_LEG_3,9.44,48.81,7.91,1,1695,1657,NW
1173324.826,X_LEG_3,9.44,48.81,7.91,1,1695,1657,NW
1173324.846,X_LEG_3,9.45,48.74,5.95,1,1695,1657,NW
1173324.866,X_LEG_3,9.45,48.74,5.95,1,1695,1657,NW
1173324.888,X_LEG_3,9.45,48.74,5.95,1,1695,1657,NW
1173324.908,X_LEG_3,9.45,48.74,5.95,1,1695,1657,NW
1173324.929,X_LEG_3,9.45,48.74,5.95,1,1695,1657,NW
1173324.949,X_LEG_3,9.45,48.74,5.95,1,1695,1657,NW
1173324.969,X_LEG_3,9.45,48.74,5.95,1,1695,1657,NW
1173324.989,X_LEG_3,9.45,48.74,5.95,1,1695,1657,NW
1173325.010,X_LEG_3,9.45,48.74,5.95,1,1695,1657,NW
1173325.030,X_LEG_3,9.45,48.74,5.95,1,1695,1657,NW
1173325.051,X_LEG_3,9.45,48.66,6.00,1,1695,1657,NW
1173325.071,X_LEG_3,9.45,48.66,6.00,1,1695,1657,NW
1173325.091,X_LEG_3,9.45,48.66,6.00,1,1695,1657,NW
1173325.112,X_LEG_3,9.45,48.66,6.00,1,1695,1657,NW
1173325.133,X_LEG_3,9.45,48.66,6.00,1,1695,1657,NW
1173325.153,X_LEG_3,9.46,48.60,6.03,1,1694,1657,NW
1173325.174,X_LEG_3,9.46,48.60,6.03,1,1694,1657,NW
1173325.194,X_LEG_3,9.46,48.60,6.03,1,1694,1657,NW
1173325.215,X_LEG_3,9.46,48.60,6.03,1,1694,1657,NW
1173325.236,X_LEG_3,9.46,48.60,6.03,1,1694,1657,NW
1173325.256,X_LEG_3,9.46,48.60,6.03,1,1694,1657,NW
1173325.277,X_LEG_3,9.46,48.60,6.03,1,1694,1657,NW
1173325.297,X_LEG_3,9.46,48.60,6.03,1,1694,1657,NW
1173325.318,X_LEG_3,9.46,48.60,6.03,1,1694,1657,NW
1173325.339,X_LEG_3,9.46,48.60,6.03,1,1694,1657,NW
1173325.359,X_LEG_3,9.46,48.52,6.07,1,1694,1657,NW
1173325.380,X_LEG_3,9.46,48.52,6.07,1,1694,1657,NW
1173325.400,X_LEG_3,9.46,48.52,6.07,1,1694,1657,NW
1173325.420,X_LEG_3,9.46,48.52,6.07,1,1694,1657,NW
1173325.441,X_LEG_3,9.46,48.52,6.07,1,1694,1657,NW
1173325.461,X_LEG_3,9.47,48.44,6.12,1,1694,1657,NW
1173325.481,X_LEG_3,9.47,48.44,6.12,1,1694,1657,NW
1173325.502,X_LEG_3,9.47,48.44,6.12,1,1694,1657,NW
1173325.522,X_LEG_3,9.47,48.44,6.12,1,1694,1657,NW
1173325.542,X_LEG_3,9.47,48.44,6.12,1,1694,1657,NW
1173325.563,X_LEG_3,9.47,48.38,6.16,1,1694,1657,NW
1173325.583,X_LEG_3,9.47,48.38,6.16,1,1694,1657,NW
1173325.603,X_LEG_3,9.47,48.38,6.16,1,1694,1657,NW
1173325.624,X_LEG_3,9.47,48.38,6.16,1,1694,1657,NW
1173325.644,X_LEG_3,9.47,48.38,6.16,1,1694,1657,NW
1173325.664,X_LEG_3,9.48,48.32,6.19,1,1693,1657,NW
1173325.685,X_LEG_3,9.48,48.32,6.19,1,1693,1657,NW
1173325.705,X_LEG_3,9.48,48.32,6.19,1,1693,1657,NW
1173325.726,X_LEG_3,9.48,48.32,6.19,1,1693,1657,NW
1173325.746,X_LEG_3,9.48,48.32,6.19,1,1693,1657,NW
1173325.766,X_LEG_3,9.48,48.32,6.19,1,1693,1657,NW
1173325.787,X_LEG_3,9.48,48.32,6.19,1,1693,1657,NW
1173325.807,X_LEG_3,9.48,48.32,6.19,1,1693,1657,NW
1173325.828,X_LEG_3,9.48,48.32,6.19,1,1693,1657,NW
1173325.848,X_LEG_3,9.48,48.32,6.19,1,1693,1657,NW
1173325.869,X_LEG_3,9.48,48.23,5.23,1,1693,1657,NW
1173325.890,X_LEG_3,9.48,48.23,5.23,1,1693,1657,NW
1173325.910,X_LEG_3,9.48,48.23,5.23,1,1693,1657,NW
1173325.931,X_LEG_3,9.48,48.23,5.23,1,1693,1657,NW
1173325.951,X_LEG_3,9.48,48.23,5.23,1,1693,1657,NW
1173325.971,X_LEG_3,9.49,48.13,5.27,1,1693,1657,NW
1173325.992,X_LEG_3,9.49,48.13,5.27,1,1693,1657,NW
1173326.013,X_LEG_3,9.49,48.13,5.27,1,1693,1657,NW
1173326.033,X_LEG_3,9.49,48.13,5.27,1,1693,1657,NW
1173326.053,X_LEG_3,9.49,48.13,5.27,1,1693,1657,NW
1173326.074,X_LEG_3,9.49,48.13,5.27,1,1693,1657,NW
1173326.094,X_LEG_3,9.49,48.13,5.27,1,1693,1657,NW
1173326.115,X_LEG_3,9.49,48.13,5.27,1,1693,1657,NW
1173326.135,X_LEG_3,9.49,48.13,5.27,1,1693,1657,NW
1173326.155,X_LEG_3,9.49,48.13,5.27,1,1693,1657,NW
1173326.176,X_LEG_3,9.49,48.03,5.32,1,1692,1657,NW
1173326.196,X_LEG_3,9.49,48.03,5.32,1,1692,1657,NW
1173326.217,X_LEG_3,9.49,48.03,5.32,1,1692,1657,NW
1173326.238,X_LEG_3,9.49,48.03,5.32,1,1692,1657,NW
1173326.259,X_LEG_3,9.49,48.03,5.32,1,1692,1657,NW
1173326.279,X_LEG_3,9.50,47.97,5.35,1,1692,1657,NW
1173326.300,X_LEG_3,9.50,47.97,5.35,1,1692,1657,NW
1173326.320,X_LEG_3,9.50,47.97,5.35,1,1692,1657,NW
1173326.341,X_LEG_3,9.50,47.97,5.35,1,1692,1657,NW
1173326.361,X_LEG_3,9.50,47.97,5.35,1,1692,1657,NW
1173326.381,X_LEG_3,9.50,47.90,4.38,1,1692,1657,NW
1173326.402,X_LEG_3,9.50,47.90,4.38,1,1692,1657,NW
1173326.422,X_LEG_3,9.50,47.90,4.38,1,1692,1657,NW
1173326.443,X_LEG_3,9.50,47.90,4.38,1,1692,1657,NW
1173326.463,X_LEG_3,9.50,47.90,4.38,1,1692,1657,NW
1173326.483,X_LEG_3,9.50,47.90,4.38,1,1692,1657,NW
1173326.504,X_LEG_3,9.50,47.90,4.38,1,1692,1657,NW
1173326.524,X_LEG_3,9.50,47.90,4.38,1,1692,1657,NW
1173326.545,X_LEG_3,9.50,47.90,4.38,1,1692,1657,NW
1173326.565,X_LEG_3,9.50,47.90,4.38,1,1692,1657,NW
1173326.586,X_LEG_3,9.50,47.80,4.43,1,1691,1657,NW
1173326.607,X_LEG_3,9.50,47.80,4.43,1,1691,1657,NW
1173326.627,X_LEG_3,9.50,47.80,4.43,1,1691,1657,NW
1173326.647,X_LEG_3,9.50,47.80,4.43,1,1691,1657,NW
1173326.668,X_LEG_3,9.50,47.80,4.43,1,1691,1657,NW
1173326.688,X_LEG_3,9.51,47.78,4.56,1,1691,1657,NW
1173326.709,X_LEG_3,9.51,47.78,4.56,1,1691,1657,NW
1173326.729,X_LEG_3,9.51,47.78,4.56,1,1691,1657,NW
1173326.749,X_LEG_3,9.51,47.78,4.56,1,1691,1657,NW
1173326.770,X_LEG_3,9.51,47.78,4.56,1,1691,1657,NW
1173326.790,X_LEG_3,9.52,47.79,4.66,1,1691,1657,NW
1173326.811,X_LEG_3,9.52,47.79,4.66,1,1691,1657,NW
1173326.831,X_LEG_3,9.52,47.79,4.66,1,1691,1657,NW
1173326.851,X_LEG_3,9.52,47.79,4.66,1,1691,1657,NW
1173326.872,X_LEG_3,9.52,47.79,4.66,1,1691,1657,NW
1173326.892,X_LEG_3,9.53,47.79,4.76,1,1691,1657,NW
1173326.912,X_LEG_3,9.53,47.79,4.76,1,1691,1657,NW
1173326.933,X_LEG_3,9.53,47.79,4.76,1,1691,1657,NW
1173326.953,X_LEG_3,9.53,47.79,4.76,1,1691,1657,NW
1173326.974,X_LEG_3,9.53,47.79,4.76,1,1691,1657,NW
1173326.994,X_LEG_3,9.53,47.79,-23.24,1,1691,1657,NW
1173327.015,X_LEG_3,9.53,47.79,-23.24,1,1691,1657,NW
1173327.035,X_LEG_3,9.53,47.79,-23.24,1,1691,1657,NW
1173327.056,X_LEG_3,9.53,47.79,-23.24,1,1691,1657,NW
1173327.076,X_LEG_3,9.53,47.79,-23.24,1,1691,1657,NW
1173327.097,X_LEG_3,9.54,47.80,-23.10,1,1691,1657,NW
1173327.119,X_LEG_3,9.54,47.80,-23.10,1,1691,1657,NW
1173327.139,X_LEG_3,9.54,47.80,-23.10,1,1691,1657,NW
1173327.159,X_LEG_3,9.54,47.80,-23.10,1,1691,1657,NW
1173327.180,X_LEG_3,9.54,47.80,-23.10,1,1691,1657,NW
1173327.200,X_LEG_3,9.56,47.79,-22.96,1,1691,1657,NW
1173327.221,X_LEG_3,9.56,47.79,-22.96,1,1691,1657,NW
1173327.241,X_LEG_3,9.56,47.79,-22.96,1,1691,1657,NW
1173327.262,X_LEG_3,9.56,47.79,-22.96,1,1691,1657,NW
1173327.282,X_LEG_3,9.56,47.79,-22.96,1,1691,1657,NW
1173327.303,X_LEG_3,9.57,47.78,-22.88,1,1691,1657,NW
1173327.323,X_LEG_3,9.57,47.78,-22.88,1,1691,1657,NW
1173327.344,X_LEG_3,9.57,47.78,-22.88,1,1691,1657,NW
1173327.365,X_LEG_3,9.57,47.78,-22.88,1,1691,1657,NW
1173327.385,X_LEG_3,9.57,47.78,-22.88,1,1691,1657,NW
1173327.405,X_LEG_3,9.59,47.77,-22.79,1,1691,1657,NW
1173327.426,X_LEG_3,9.59,47.77,-22.79,1,1691,1657,NW
1173327.447,X_LEG_3,9.59,47.77,-22.79,1,1691,1657,NW
1173327.468,X_LEG_3,9.59,47.77,-22.79,1,1691,1657,NW
1173327.488,X_LEG_3,9.59,47.77,-22.79,1,1691,1657,NW
1173327.509,X_LEG_3,9.59,47.77,-20.79,1,1691,1657,NW
1173327.529,X_LEG_3,9.59,47.77,-20.79,1,1691,1657,NW
1173327.550,X_LEG_3,9.59,47.77,-20.79,1,1691,1657,NW
1173327.572,X_LEG_3,9.59,47.77,-20.79,1,1691,1657,NW
1173327.592,X_LEG_3,9.59,47.77,-20.79,1,1691,1657,NW
1173327.613,X_LEG_3,9.61,47.76,-20.71,1,1691,1657,NW
1173327.633,X_LEG_3,9.61,47.76,-20.71,1,1691,1657,NW
1173327.654,X_LEG_3,9.61,47.76,-20.71,1,1691,1657,NW
1173327.674,X_LEG_3,9.61,47.76,-20.71,1,1691,1657,NW
1173327.695,X_LEG_3,9.61,47.76,-20.71,1,1691,1657,NW
1173327.715,X_LEG_3,9.62,47.74,-20.63,1,1691,1657,NW
1173327.736,X_LEG_3,9.62,47.74,-20.63,1,1691,1657,NW
1173327.756,X_LEG_3,9.62,47.74,-20.63,1,1691,1657,NW
1173327.777,X_LEG_3,9.62,47.74,-20.63,1,1691,1657,NW
1173327.797,X_LEG_3,9.62,47.74,-20.63,1,1691,1657,NW
1173327.818,X_LEG_3,9.64,47.73,-20.55,1,1691,1657,NW
1173327.838,X_LEG_3,9.64,47.73,-20.55,1,1691,1657,NW
1173327.858,X_LEG_3,9.64,47.73,-20.55,1,1691,1657,NW
1173327.879,X_LEG_3,9.64,47.73,-20.55,1,1691,1657,NW
1173327.900,X_LEG_3,9.64,47.73,-20.55,1,1691,1657,NW
1173327.920,X_LEG_3,9.65,47.71,-20.47,1,1691,1657,NW
1173327.940,X_LEG_3,9.65,47.71,-20.47,1,1691,1657,NW
1173327.961,X_LEG_3,9.65,47.71,-20.47,1,1691,1657,NW
1173327.981,X_LEG_3,9.65,47.71,-20.47,1,1691,1657,NW
1173328.001,X_LEG_3,9.65,47.71,-20.47,1,1691,1657,NW
1173328.022,X_LEG_3,9.68,47.68,-20.35,1,1691,1656,NW
1173328.042,X_LEG_3,9.68,47.68,-20.35,1,1691,1656,NW
1173328.063,X_LEG_3,9.68,47.68,-20.35,1,1691,1656,NW
1173328.083,X_LEG_3,9.68,47.68,-20.35,1,1691,1656,NW
1173328.104,X_LEG_3,9.68,47.68,-20.35,1,1691,1656,NW
1173328.124,X_LEG_3,9.71,47.66,-20.28,1,1691,1656,NW
1173328.145,X_LEG_3,9.71,47.66,-20.28,1,1691,1656,NW
1173328.165,X_LEG_3,9.71,47.66,-20.28,1,1691,1656,NW
1173328.186,X_LEG_3,9.71,47.66,-20.28,1,1691,1656,NW
1173328.206,X_LEG_3,9.71,47.66,-20.28,1,1691,1656,NW
1173328.226,X_LEG_3,9.71,47.66,-14.28,1,1691,1656,NW
1173328.247,X_LEG_3,9.71,47.66,-14.28,1,1691,1656,NW
1173328.267,X_LEG_3,9.71,47.66,-14.28,1,1691,1656,NW
1173328.288,X_LEG_3,9.71,47.66,-14.28,1,1691,1656,NW
1173328.308,X_LEG_3,9.71,47.66,-14.28,1,1691,1656,NW
1173328.329,X_LEG_3,9.74,47.62,-14.17,1,1690,1656,NW
1173328.349,X_LEG_3,9.74,47.62,-14.17,1,1690,1656,NW
1173328.370,X_LEG_3,9.74,47.62,-14.17,1,1690,1656,NW
1173328.390,X_LEG_3,9.74,47.62,-14.17,1,1690,1656,NW
1173328.410,X_LEG_3,9.74,47.62,-14.17,1,1690,1656,NW
1173328.431,X_LEG_3,9.76,47.59,-14.09,1,1690,1656,NW
1173328.451,X_LEG_3,9.76,47.59,-14.09,1,1690,1656,NW
1173328.471,X_LEG_3,9.76,47.59,-14.09,1,1690,1656,NW
1173328.492,X_LEG_3,9.76,47.59,-14.09,1,1690,1656,NW
1173328.512,X_LEG_3,9.76,47.59,-14.09,1,1690,1656,NW
1173328.533,X_LEG_3,9.78,47.57,-14.02,1,1690,1656,NW
1173328.553,X_LEG_3,9.78,47.57,-14.02,1,1690,1656,NW
1173328.574,X_LEG_3,9.78,47.57,-14.02,1,1690,1656,NW
1173328.595,X_LEG_3,9.78,47.57,-14.02,1,1690,1656,NW
1173328.615,X_LEG_3,9.78,47.57,-14.02,1,1690,1656,NW
1173328.635,X_LEG_3,9.80,47.53,-13.95,1,1690,1656,NW
1173328.656,X_LEG_3,9.80,47.53,-13.95,1,1690,1656,NW
1173328.678,X_LEG_3,9.80,47.53,-13.95,1,1690,1656,NW
1173328.698,X_LEG_3,9.80,47.53,-13.95,1,1690,1656,NW
1173328.718,X_LEG_3,9.80,47.53,-13.95,1,1690,1656,NW
1173328.739,X_LEG_3,9.82,47.50,-13.89,1,1690,1656,NW
1173328.760,X_LEG_3,9.82,47.50,-13.89,1,1690,1656,NW
1173328.780,X_LEG_3,9.82,47.50,-13.89,1,1690,1656,NW
1173328.800,X_LEG_3,9.82,47.50,-13.89,1,1690,1656,NW
1173328.821,X_LEG_3,9.82,47.50,-13.89,1,1690,1656,NW
1173328.841,X_LEG_3,9.84,47.47,-9.81,1,1690,1656,NW
1173328.861,X_LEG_3,9.84,47.47,-9.81,1,1690,1656,NW
1173328.881,X_LEG_3,9.84,47.47,-9.81,1,1690,1656,NW
1173328.902,X_LEG_3,9.84,47.47,-9.81,1,1690,1656,NW
1173328.923,X_LEG_3,9.84,47.47,-9.81,1,1690,1656,NW
1173328.943,X_LEG_3,9.87,47.44,-9.75,1,1690,1656,NW
1173328.964,X_LEG_3,9.87,47.44,-9.75,1,1690,1656,NW
1173328.984,X_LEG_3,9.87,47.44,-9.75,1,1690,1656,NW
1173329.004,X_LEG_3,9.87,47.44,-9.75,1,1690,1656,NW
1173329.025,X_LEG_3,9.87,47.44,-9.75,1,1690,1656,NW
1173329.045,X_LEG_3,9.89,47.40,-9.68,1,1690,1656,NW
1173329.066,X_LEG_3,9.89,47.40,-9.68,1,1690,1656,NW
1173329.086,X_LEG_3,9.89,47.40,-9.68,1,1690,1656,NW
1173329.107,X_LEG_3,9.89,47.40,-9.68,1,1690,1656,NW
1173329.127,X_LEG_3,9.89,47.40,-9.68,1,1690,1656,NW
1173329.148,X_LEG_3,9.91,47.36,-9.62,1,1689,1656,NW
1173329.168,X_LEG_3,9.91,47.36,-9.62,1,1689,1656,NW
1173329.189,X_LEG_3,9.91,47.36,-9.62,1,1689,1656,NW
1173329.210,X_LEG_3,9.91,47.36,-9.62,1,1689,1656,NW
1173329.231,X_LEG_3,9.91,47.36,-9.62,1,1689,1656,NW
1173329.251,X_LEG_3,9.93,47.32,-9.55,1,1689,1656,NW
1173329.271,X_LEG_3,9.93,47.32,-9.55,1,1689,1656,NW
1173329.291,X_LEG_3,9.93,47.32,-9.55,1,1689,1656,NW
1173329.312,X_LEG_3,9.93,47.32,-9.55,1,1689,1656,NW
1173329.332,X_LEG_3,9.93,47.32,-9.55,1,1689,1656,NW
1173329.353,X_LEG_3,9.95,47.28,-9.48,1,1689,1656,NW
1173329.373,X_LEG_3,9.95,47.28,-9.48,1,1689,1656,NW
1173329.394,X_LEG_3,9.95,47.28,-9.48,1,1689,1656,NW
1173329.414,X_LEG_3,9.95,47.28,-9.48,1,1689,1656,NW
1173329.435,X_LEG_3,9.95,47.28,-9.48,1,1689,1656,NW
1173329.455,X_LEG_3,9.97,47.24,-7.42,1,1689,1656,NW
1173329.476,X_LEG_3,9.97,47.24,-7.42,1,1689,1656,NW
1173329.496,X_LEG_3,9.97,47.24,-7.42,1,1689,1656,NW
1173329.517,X_LEG_3,9.97,47.24,-7.42,1,1689,1656,NW
1173329.537,X_LEG_3,9.97,47.24,-7.42,1,1689,1656,NW
1173329.557,X_LEG_3,9.97,47.24,-7.42,1,1689,1656,NW
1173329.577,X_LEG_3,9.97,47.24,-7.42,1,1689,1656,NW
1173329.598,X_LEG_3,9.97,47.24,-7.42,1,1689,1656,NW
1173329.618,X_LEG_3,9.97,47.24,-7.42,1,1689,1656,NW
1173329.639,X_LEG_3,9.97,47.24,-7.42,1,1689,1656,NW
1173329.659,X_LEG_3,9.99,47.19,-7.35,1,1689,1656,NW
1173329.680,X_LEG_3,9.99,47.19,-7.35,1,1689,1656,NW
1173329.700,X_LEG_3,9.99,47.19,-7.35,1,1689,1656,NW
1173329.721,X_LEG_3,9.99,47.19,-7.35,1,1689,1656,NW
1173329.742,X_LEG_3,9.99,47.19,-7.35,1,1689,1656,NW
1173329.762,X_LEG_3,10.03,47.12,-7.26,1,1688,1655,NW
1173329.783,X_LEG_3,10.03,47.12,-7.26,1,1688,1655,NW
1173329.803,X_LEG_3,10.03,47.12,-7.26,1,1688,1655,NW
1173329.823,X_LEG_3,10.03,47.12,-7.26,1,1688,1655,NW
1173329.843,X_LEG_3,10.03,47.12,-7.26,1,1688,1655,NW
1173329.864,X_LEG_3,10.03,47.12,-7.26,1,1688,1655,NW
1173329.884,X_LEG_3,10.03,47.12,-7.26,1,1688,1655,NW
1173329.905,X_LEG_3,10.03,47.12,-7.26,1,1688,1655,NW
1173329.925,X_LEG_3,10.03,47.12,-7.26,1,1688,1655,NW
1173329.945,X_LEG_3,10.03,47.12,-7.26,1,1688,1655,NW
1173329.965,X_LEG_3,10.06,47.05,-7.16,1,1688,1655,NW
1173329.986,X_LEG_3,10.06,47.05,-7.16,1,1688,1655,NW
1173330.006,X_LEG_3,10.06,47.05,-7.16,1,1688,1655,NW
1173330.026,X_LEG_3,10.06,47.05,-7.16,1,1688,1655,NW
1173330.047,X_LEG_3,10.06,47.05,-7.16,1,1688,1655,NW
1173330.067,X_LEG_3,10.09,46.99,-7.07,1,1688,1655,NW
1173330.087,X_LEG_3,10.09,46.99,-7.07,1,1688,1655,NW
1173330.108,X_LEG_3,10.09,46.99,-7.07,1,1688,1655,NW
1173330.129,X_LEG_3,10.09,46.99,-7.07,1,1688,1655,NW
1173330.149,X_LEG_3,10.09,46.99,-7.07,1,1688,1655,NW
1173330.170,X_LEG_3,10.11,46.93,-7.01,1,1688,1655,NW
1173330.190,X_LEG_3,10.11,46.93,-7.01,1,1688,1655,NW
1173330.211,X_LEG_3,10.11,46.93,-7.01,1,1688,1655,NW
1173330.231,X_LEG_3,10.11,46.93,-7.01,1,1688,1655,NW
1173330.251,X_LEG_3,10.11,46.93,-7.01,1,1688,1655,NW
1173330.272,X_LEG_3,10.13,46.88,-6.94,1,1688,1655,NW
1173330.292,X_LEG_3,10.13,46.88,-6.94,1,1688,1655,NW
1173330.312,X_LEG_3,10.13,46.88,-6.94,1,1688,1655,NW
1173330.332,X_LEG_3,10.13,46.88,-6.94,1,1688,1655,NW
1173330.353,X_LEG_3,10.13,46.88,-6.94,1,1688,1655,NW
1173330.374,X_LEG_3,10.13,46.88,-6.94,1,1688,1655,NW
1173330.394,X_LEG_3,10.13,46.88,-6.94,1,1688,1655,NW
1173330.415,X_LEG_3,10.13,46.88,-6.94,1,1688,1655,NW
1173330.435,X_LEG_3,10.13,46.88,-6.94,1,1688,1655,NW
1173330.455,X_LEG_3,10.13,46.88,-6.94,1,1688,1655,NW
1173330.476,X_LEG_3,10.16,46.80,-4.85,1,1687,1655,NW
1173330.496,X_LEG_3,10.16,46.80,-4.85,1,1687,1655,NW
1173330.516,X_LEG_3,10.16,46.80,-4.85,1,1687,1655,NW
1173330.537,X_LEG_3,10.16,46.80,-4.85,1,1687,1655,NW
1173330.557,X_LEG_3,10.16,46.80,-4.85,1,1687,1655,NW
1173330.577,X_LEG_3,10.18,46.74,-4.78,1,1687,1655,NW
1173330.598,X_LEG_3,10.18,46.74,-4.78,1,1687,1655,NW
1173330.618,X_LEG_3,10.18,46.74,-4.78,1,1687,1655,NW
1173330.638,X_LEG_3,10.18,46.74,-4.78,1,1687,1655,NW
1173330.659,X_LEG_3,10.18,46.74,-4.78,1,1687,1655,NW
1173330.679,X_LEG_3,10.21,46.66,-4.70,1,1687,1655,NW
1173330.700,X_LEG_3,10.21,46.66,-4.70,1,1687,1655,NW
1173330.720,X_LEG_3,10.21,46.66,-4.70,1,1687,1655,NW
1173330.742,X_LEG_3,10.21,46.66,-4.70,1,1687,1655,NW
1173330.762,X_LEG_3,10.21,46.66,-4.70,1,1687,1655,NW
1173330.782,X_LEG_3,10.23,46.60,-4.64,1,1686,1655,NW
1173330.803,X_LEG_3,10.23,46.60,-4.64,1,1686,1655,NW
1173330.823,X_LEG_3,10.23,46.60,-4.64,1,1686,1655,NW
1173330.844,X_LEG_3,10.23,46.60,-4.64,1,1686,1655,NW
1173330.864,X_LEG_3,10.23,46.60,-4.64,1,1686,1655,NW
1173330.885,X_LEG_3,10.23,46.60,-4.64,1,1686,1655,NW
1173330.906,X_LEG_3,10.23,46.60,-4.64,1,1686,1655,NW
1173330.926,X_LEG_3,10.23,46.60,-4.64,1,1686,1655,NW
1173330.946,X_LEG_3,10.23,46.60,-4.64,1,1686,1655,NW
1173330.967,X_LEG_3,10.23,46.60,-4.64,1,1686,1655,NW
1173330.988,X_LEG_3,10.26,46.51,-5.56,1,1686,1655,NW
1173331.008,X_LEG_3,10.26,46.51,-5.56,1,1686,1655,NW
1173331.029,X_LEG_3,10.26,46.51,-5.56,1,1686,1655,NW
1173331.049,X_LEG_3,10.26,46.51,-5.56,1,1686,1655,NW
1173331.070,X_LEG_3,10.26,46.51,-5.56,1,1686,1655,NW
1173331.090,X_LEG_3,10.28,46.45,-5.50,1,1686,1655,NW
1173331.110,X_LEG_3,10.28,46.45,-5.50,1,1686,1655,NW
1173331.132,X_LEG_3,10.28,46.45,-5.50,1,1686,1655,NW
1173331.152,X_LEG_3,10.28,46.45,-5.50,1,1686,1655,NW
1173331.173,X_LEG_3,10.28,46.45,-5.50,1,1686,1655,NW
1173331.193,X_LEG_3,10.30,46.38,-5.43,1,1686,1655,NW
1173331.214,X_LEG_3,10.30,46.38,-5.43,1,1686,1655,NW
1173331.235,X_LEG_3,10.30,46.38,-5.43,1,1686,1655,NW
1173331.255,X_LEG_3,10.30,46.38,-5.43,1,1686,1655,NW
1173331.275,X_LEG_3,10.30,46.38,-5.43,1,1686,1655,NW
1173331.295,X_LEG_3,10.30,46.38,-5.43,1,1686,1655,NW
1173331.316,X_LEG_3,10.30,46.38,-5.43,1,1686,1655,NW
1173331.337,X_LEG_3,10.30,46.38,-5.43,1,1686,1655,NW
1173331.357,X_LEG_3,10.30,46.38,-5.43,1,1686,1655,NW
1173331.378,X_LEG_3,10.30,46.38,-5.43,1,1686,1655,NW
1173331.399,X_LEG_3,10.33,46.30,-5.35,1,1685,1655,NW
1173331.419,X_LEG_3,10.33,46.30,-5.35,1,1685,1655,NW
1173331.439,X_LEG_3,10.33,46.30,-5.35,1,1685,1655,NW
1173331.459,X_LEG_3,10.33,46.30,-5.35,1,1685,1655,NW
1173331.480,X_LEG_3,10.33,46.30,-5.35,1,1685,1655,NW
1173331.501,X_LEG_3,10.35,46.19,-5.27,1,1685,1654,NW
1173331.521,X_LEG_3,10.35,46.19,-5.27,1,1685,1654,NW
1173331.542,X_LEG_3,10.35,46.19,-5.27,1,1685,1654,NW
1173331.562,X_LEG_3,10.35,46.19,-5.27,1,1685,1654,NW
1173331.582,X_LEG_3,10.35,46.19,-5.27,1,1685,1654,NW
1173331.602,X_LEG_3,10.37,46.12,-3.21,1,1684,1654,NW
1173331.623,X_LEG_3,10.37,46.12,-3.21,1,1684,1654,NW
1173331.643,X_LEG_3,10.37,46.12,-3.21,1,1684,1654,NW
1173331.664,X_LEG_3,10.37,46.12,-3.21,1,1684,1654,NW
1173331.685,X_LEG_3,10.37,46.12,-3.21,1,1684,1654,NW
1173331.705,X_LEG_3,10.39,46.06,-3.15,1,1684,1654,NW
1173331.726,X_LEG_3,10.39,46.06,-3.15,1,1684,1654,NW
1173331.746,X_LEG_3,10.39,46.06,-3.15,1,1684,1654,NW
1173331.767,X_LEG_3,10.39,46.06,-3.15,1,1684,1654,NW
1173331.787,X_LEG_3,10.39,46.06,-3.15,1,1684,1654,NW
1173331.808,X_LEG_3,10.41,45.99,-3.10,1,1684,1654,NW
1173331.828,X_LEG_3,10.41,45.99,-3.10,1,1684,1654,NW
1173331.849,X_LEG_3,10.41,45.99,-3.10,1,1684,1654,NW
1173331.869,X_LEG_3,10.41,45.99,-3.10,1,1684,1654,NW
1173331.889,X_LEG_3,10.41,45.99,-3.10,1,1684,1654,NW
1173331.910,X_LEG_3,10.43,45.92,-3.04,1,1684,1654,NW
1173331.930,X_LEG_3,10.43,45.92,-3.04,1,1684,1654,NW
1173331.951,X_LEG_3,10.43,45.92,-3.04,1,1684,1654,NW
1173331.971,X_LEG_3,10.43,45.92,-3.04,1,1684,1654,NW
1173331.992,X_LEG_3,10.43,45.92,-3.04,1,1684,1654,NW
1173332.012,X_LEG_3,10.43,45.92,-3.04,1,1684,1654,NW
1173332.032,X_LEG_3,10.43,45.92,-3.04,1,1684,1654,NW
1173332.054,X_LEG_3,10.43,45.92,-3.04,1,1684,1654,NW
1173332.074,X_LEG_3,10.43,45.92,-3.04,1,1684,1654,NW
1173332.094,X_LEG_3,10.43,45.92,-3.04,1,1684,1654,NW
1173332.115,X_LEG_3,10.45,45.82,-2.95,1,1683,1654,NW
1173332.136,X_LEG_3,10.45,45.82,-2.95,1,1683,1654,NW
1173332.156,X_LEG_3,10.45,45.82,-2.95,1,1683,1654,NW
1173332.177,X_LEG_3,10.45,45.82,-2.95,1,1683,1654,NW
1173332.198,X_LEG_3,10.45,45.82,-2.95,1,1683,1654,NW
1173332.218,X_LEG_3,10.47,45.74,-2.90,1,1683,1654,NW
1173332.239,X_LEG_3,10.47,45.74,-2.90,1,1683,1654,NW
1173332.259,X_LEG_3,10.47,45.74,-2.90,1,1683,1654,NW
1173332.280,X_LEG_3,10.47,45.74,-2.90,1,1683,1654,NW
1173332.300,X_LEG_3,10.47,45.74,-2.90,1,1683,1654,NW
1173332.321,X_LEG_3,10.49,45.68,-2.84,1,1683,1654,NW
1173332.341,X_LEG_3,10.49,45.68,-2.84,1,1683,1654,NW
1173332.362,X_LEG_3,10.49,45.68,-2.84,1,1683,1654,NW
1173332.382,X_LEG_3,10.49,45.68,-2.84,1,1683,1654,NW
1173332.403,X_LEG_3,10.49,45.68,-2.84,1,1683,1654,NW
1173332.423,X_LEG_3,10.50,45.60,-2.79,1,1682,1654,NW
1173332.444,X_LEG_3,10.50,45.60,-2.79,1,1682,1654,NW
1173332.465,X_LEG_3,10.50,45.60,-2.79,1,1682,1654,NW
1173332.485,X_LEG_3,10.50,45.60,-2.79,1,1682,1654,NW
1173332.507,X_LEG_3,10.50,45.60,-2.79,1,1682,1654,NW
1173332.527,X_LEG_3,10.52,45.52,-2.74,1,1682,1654,NW
1173332.547,X_LEG_3,10.52,45.52,-2.74,1,1682,1654,NW
1173332.568,X_LEG_3,10.52,45.52,-2.74,1,1682,1654,NW
1173332.588,X_LEG_3,10.52,45.52,-2.74,1,1682,1654,NW
1173332.609,X_LEG_3,10.52,45.52,-2.74,1,1682,1654,NW
1173332.631,X_LEG_3,10.52,45.52,-2.74,1,1682,1654,NW
1173332.651,X_LEG_3,10.52,45.52,-2.74,1,1682,1654,NW
1173332.672,X_LEG_3,10.52,45.52,-2.74,1,1682,1654,NW
1173332.692,X_LEG_3,10.52,45.52,-2.74,1,1682,1654,NW
1173332.713,X_LEG_3,10.52,45.52,-2.74,1,1682,1654,NW
1173332.734,X_LEG_3,10.54,45.40,-2.65,1,1682,1654,NW
1173332.755,X_LEG_3,10.54,45.40,-2.65,1,1682,1654,NW
1173332.775,X_LEG_3,10.54,45.40,-2.65,1,1682,1654,NW
1173332.795,X_LEG_3,10.54,45.40,-2.65,1,1682,1654,NW
1173332.816,X_LEG_3,10.54,45.40,-2.65,1,1682,1654,NW
1173332.837,X_LEG_3,10.55,45.33,-2.60,1,1681,1654,NW
1173332.857,X_LEG_3,10.55,45.33,-2.60,1,1681,1654,NW
1173332.879,X_LEG_3,10.55,45.33,-2.60,1,1681,1654,NW
1173332.899,X_LEG_3,10.55,45.33,-2.60,1,1681,1654,NW
1173332.920,X_LEG_3,10.55,45.33,-2.60,1,1681,1654,NW
1173332.940,X_LEG_3,10.57,45.22,-2.52,1,1681,1654,NW
1173332.961,X_LEG_3,10.57,45.22,-2.52,1,1681,1654,NW
1173332.981,X_LEG_3,10.57,45.22,-2.52,1,1681,1654,NW
1173333.002,X_LEG_3,10.57,45.22,-2.52,1,1681,1654,NW
1173333.022,X_LEG_3,10.57,45.22,-2.52,1,1681,1654,NW
1173333.043,X_LEG_3,10.57,45.14,-2.46,1,1681,1654,NW
1173333.063,X_LEG_3,10.57,45.14,-2.46,1,1681,1654,NW
1173333.084,X_LEG_3,10.57,45.14,-2.46,1,1681,1654,NW
1173333.104,X_LEG_3,10.57,45.14,-2.46,1,1681,1654,NW
1173333.124,X_LEG_3,10.57,45.14,-2.46,1,1681,1654,NW
1173333.145,X_LEG_3,10.58,45.08,-2.43,1,1680,1654,NW
1173333.165,X_LEG_3,10.58,45.08,-2.43,1,1680,1654,NW
1173333.185,X_LEG_3,10.58,45.08,-2.43,1,1680,1654,NW
1173333.206,X_LEG_3,10.58,45.08,-2.43,1,1680,1654,NW
1173333.226,X_LEG_3,10.58,45.08,-2.43,1,1680,1654,NW
1173333.247,X_LEG_3,10.58,45.08,-2.43,1,1680,1654,NW
1173333.267,X_LEG_3,10.58,45.08,-2.43,1,1680,1654,NW
1173333.288,X_LEG_3,10.58,45.08,-2.43,1,1680,1654,NW
1173333.309,X_LEG_3,10.58,45.08,-2.43,1,1680,1654,NW
1173333.330,X_LEG_3,10.58,45.08,-2.43,1,1680,1654,NW
1173333.350,X_LEG_3,10.58,44.98,-24.38,1,1680,1654,NW
1173333.371,X_LEG_3,10.58,44.98,-24.38,1,1680,1654,NW
1173333.391,X_LEG_3,10.58,44.98,-24.38,1,1680,1654,NW
1173333.412,X_LEG_3,10.58,44.98,-24.38,1,1680,1654,NW
1173333.433,X_LEG_3,10.58,44.98,-24.38,1,1680,1654,NW
1173333.454,X_LEG_3,10.58,44.92,-24.35,1,1680,1654,NW
1173333.475,X_LEG_3,10.58,44.92,-24.35,1,1680,1654,NW
1173333.495,X_LEG_3,10.58,44.92,-24.35,1,1680,1654,NW
1173333.515,X_LEG_3,10.58,44.92,-24.35,1,1680,1654,NW
1173333.536,X_LEG_3,10.58,44.92,-24.35,1,1680,1654,NW
1173333.556,X_LEG_3,10.58,44.92,-24.35,1,1680,1654,NW
1173333.577,X_LEG_3,10.58,44.92,-24.35,1,1680,1654,NW
1173333.597,X_LEG_3,10.58,44.92,-24.35,1,1680,1654,NW
1173333.618,X_LEG_3,10.58,44.92,-24.35,1,1680,1654,NW
1173333.638,X_LEG_3,10.58,44.92,-24.35,1,1680,1654,NW
1173333.659,X_LEG_3,10.58,44.87,-24.32,1,1679,1654,NW
1173333.679,X_LEG_3,10.58,44.87,-24.32,1,1679,1654,NW
1173333.700,X_LEG_3,10.58,44.87,-24.32,1,1679,1654,NW
1173333.720,X_LEG_3,10.58,44.87,-24.32,1,1679,1654,NW
1173333.741,X_LEG_3,10.58,44.87,-24.32,1,1679,1654,NW
1173333.762,X_LEG_3,10.59,44.86,-24.28,1,1679,1654,NW
1173333.782,X_LEG_3,10.59,44.86,-24.28,1,1679,1654,NW
1173333.803,X_LEG_3,10.59,44.86,-24.28,1,1679,1654,NW
1173333.823,X_LEG_3,10.59,44.86,-24.28,1,1679,1654,NW
1173333.843,X_LEG_3,10.59,44.86,-24.28,1,1679,1654,NW
1173333.863,X_LEG_3,10.61,44.85,-24.22,1,1679,1654,NW
1173333.884,X_LEG_3,10.61,44.85,-24.22,1,1679,1654,NW
1173333.904,X_LEG_3,10.61,44.85,-24.22,1,1679,1654,NW
1173333.925,X_LEG_3,10.61,44.85,-24.22,1,1679,1654,NW
1173333.945,X_LEG_3,10.61,44.85,-24.22,1,1679,1654,NW
1173333.966,X_LEG_3,10.62,44.85,-53.20,0,1500,1654,NW
1173333.987,X_LEG_3,10.62,44.85,-53.20,0,1500,1654,NW
1173334.007,X_LEG_3,10.62,44.85,-53.20,0,1500,1654,NW
1173334.028,X_LEG_3,10.62,44.85,-53.20,0,1500,1654,NW
1173334.048,X_LEG_3,10.62,44.85,-53.20,0,1500,1654,NW
1173334.069,X_LEG_3,10.62,44.85,-53.20,0,1500,1654,NW
1173334.089,X_LEG_3,10.62,44.85,-53.20,0,1500,1654,NW
1173334.109,X_LEG_3,10.62,44.85,-53.20,0,1500,1654,NW
1173334.130,X_LEG_3,10.62,44.85,-53.20,0,1500,1654,NW
1173334.151,X_LEG_3,10.62,44.85,-53.20,0,1500,1654,NW
1173334.171,X_LEG_3,10.63,44.85,-53.17,0,1500,1654,NW
1173334.192,X_LEG_3,10.63,44.85,-53.17,0,1500,1654,NW
1173334.212,X_LEG_3,10.63,44.85,-53.17,0,1500,1654,NW
1173334.233,X_LEG_3,10.63,44.85,-53.17,0,1500,1654,NW
1173334.253,X_LEG_3,10.63,44.85,-53.17,0,1500,1654,NW
1173334.274,X_LEG_3,10.64,44.86,-53.18,0,1500,1654,NW
1173334.294,X_LEG_3,10.64,44.86,-53.18,0,1500,1654,NW
1173334.315,X_LEG_3,10.64,44.86,-53.18,0,1500,1654,NW
1173334.336,X_LEG_3,10.64,44.86,-53.18,0,1500,1654,NW
1173334.356,X_LEG_3,10.64,44.86,-53.18,0,1500,1654,NW
1173334.377,X_LEG_3,10.65,44.86,-53.18,0,1500,1654,NW
1173334.397,X_LEG_3,10.65,44.86,-53.18,0,1500,1654,NW
1173334.417,X_LEG_3,10.65,44.86,-53.18,0,1500,1654,NW
1173334.437,X_LEG_3,10.65,44.86,-53.18,0,1500,1654,NW
1173334.458,X_LEG_3,10.65,44.86,-53.18,0,1500,1654,NW
1173334.478,X_LEG_3,10.67,44.87,-66.20,0,1500,1653,NW
1173334.499,X_LEG_3,10.67,44.87,-66.20,0,1500,1653,NW
1173334.519,X_LEG_3,10.67,44.87,-66.20,0,1500,1653,NW
1173334.540,X_LEG_3,10.67,44.87,-66.20,0,1500,1653,NW
1173334.560,X_LEG_3,10.67,44.87,-66.20,0,1500,1653,NW
1173334.581,X_LEG_3,10.67,44.88,-66.21,0,1500,1653,NW
1173334.601,X_LEG_3,10.67,44.88,-66.21,0,1500,1653,NW
1173334.622,X_LEG_3,10.67,44.88,-66.21,0,1500,1653,NW
1173334.642,X_LEG_3,10.67,44.88,-66.21,0,1500,1653,NW
1173334.662,X_LEG_3,10.67,44.88,-66.21,0,1500,1653,NW
1173334.683,X_LEG_3,10.67,44.89,-66.23,0,1500,1653,NW
1173334.703,X_LEG_3,10.67,44.89,-66.23,0,1500,1653,NW
1173334.723,X_LEG_3,10.67,44.89,-66.23,0,1500,1653,NW
1173334.744,X_LEG_3,10.67,44.89,-66.23,0,1500,1653,NW
1173334.764,X_LEG_3,10.67,44.89,-66.23,0,1500,1653,NW
1173334.785,X_LEG_3,10.67,44.89,-66.23,0,1500,1653,NW
1173334.805,X_LEG_3,10.67,44.89,-66.23,0,1500,1653,NW
1173334.825,X_LEG_3,10.67,44.89,-66.23,0,1500,1653,NW
1173334.845,X_LEG_3,10.67,44.89,-66.23,0,1500,1653,NW
1173334.865,X_LEG_3,10.67,44.89,-66.23,0,1500,1653,NW
1173334.886,X_LEG_3,10.68,44.90,-66.26,0,1500,1653,NW
1173334.906,X_LEG_3,10.68,44.90,-66.26,0,1500,1653,NW
1173334.927,X_LEG_3,10.68,44.90,-66.26,0,1500,1653,NW
1173334.948,X_LEG_3,10.68,44.90,-66.26,0,1500,1653,NW
1173334.968,X_LEG_3,10.68,44.90,-66.26,0,1500,1653,NW
1173334.988,X_LEG_3,10.69,44.91,-66.28,0,1500,1653,NW
1173335.009,X_LEG_3,10.69,44.91,-66.28,0,1500,1653,NW
1173335.029,X_LEG_3,10.69,44.91,-66.28,0,1500,1653,NW
1173335.050,X_LEG_3,10.69,44.91,-66.28,0,1500,1653,NW
1173335.070,X_LEG_3,10.69,44.91,-66.28,0,1500,1653,NW
1173335.090,X_LEG_3,10.69,44.91,-47.28,0,1500,1653,NW
1173335.111,X_LEG_3,10.69,44.91,-47.28,0,1500,1653,NW
1173335.132,X_LEG_3,10.69,44.91,-47.28,0,1500,1653,NW
1173335.152,X_LEG_3,10.69,44.91,-47.28,0,1500,1653,NW
1173335.172,X_LEG_3,10.69,44.91,-47.28,0,1500,1653,NW
1173335.193,X_LEG_3,10.70,44.92,-47.30,0,1500,1653,NW
1173335.213,X_LEG_3,10.70,44.92,-47.30,0,1500,1653,NW
1173335.233,X_LEG_3,10.70,44.92,-47.30,0,1500,1653,NW
1173335.254,X_LEG_3,10.70,44.92,-47.30,0,1500,1653,NW
1173335.274,X_LEG_3,10.70,44.92,-47.30,0,1500,1653,NW
1173335.295,X_LEG_3,10.71,44.92,-47.32,0,1500,1653,NW
1173335.316,X_LEG_3,10.71,44.92,-47.32,0,1500,1653,NW
1173335.336,X_LEG_3,10.71,44.92,-47.32,0,1500,1653,NW
1173335.356,X_LEG_3,10.71,44.92,-47.32,0,1500,1653,NW
1173335.377,X_LEG_3,10.71,44.92,-47.32,0,1500,1653,NW
1173335.397,X_LEG_3,10.73,44.93,-47.34,0,1500,1653,NW
1173335.417,X_LEG_3,10.73,44.93,-47.34,0,1500,1653,NW
1173335.438,X_LEG_3,10.73,44.93,-47.34,0,1500,1653,NW
1173335.459,X_LEG_3,10.73,44.93,-47.34,0,1500,1653,NW
1173335.479,X_LEG_3,10.73,44.93,-47.34,0,1500,1653,NW
1173335.500,X_LEG_3,10.74,44.93,-47.35,0,1500,1653,NW
1173335.520,X_LEG_3,10.74,44.93,-47.35,0,1500,1653,NW
1173335.540,X_LEG_3,10.74,44.93,-47.35,0,1500,1653,NW
1173335.561,X_LEG_3,10.74,44.93,-47.35,0,1500,1653,NW
1173335.582,X_LEG_3,10.74,44.93,-47.35,0,1500,1653,NW
1173335.602,X_LEG_3,10.74,44.93,-47.35,0,1500,1653,NW
1173335.622,X_LEG_3,10.74,44.93,-47.35,0,1500,1653,NW
1173335.643,X_LEG_3,10.74,44.93,-47.35,0,1500,1653,NW
1173335.663,X_LEG_3,10.74,44.93,-47.35,0,1500,1653,NW
1173335.684,X_LEG_3,10.74,44.93,-47.35,0,1500,1653,NW
1173335.704,X_LEG_3,10.76,44.96,-21.34,1,1680,1653,NW
1173335.726,X_LEG_3,10.76,44.96,-21.34,1,1680,1653,NW
1173335.746,X_LEG_3,10.76,44.96,-21.34,1,1680,1653,NW
1173335.767,X_LEG_3,10.76,44.96,-21.34,1,1680,1653,NW
1173335.787,X_LEG_3,10.76,44.96,-21.34,1,1680,1653,NW
1173335.808,X_LEG_3,10.77,44.97,-21.34,1,1680,1653,NW
1173335.828,X_LEG_3,10.77,44.97,-21.34,1,1680,1653,NW
1173335.850,X_LEG_3,10.77,44.97,-21.34,1,1680,1653,NW
1173335.870,X_LEG_3,10.77,44.97,-21.34,1,1680,1653,NW
1173335.891,X_LEG_3,10.77,44.97,-21.34,1,1680,1653,NW
1173335.912,X_LEG_3,10.79,45.01,-21.33,1,1680,1653,NW
1173335.932,X_LEG_3,10.79,45.01,-21.33,1,1680,1653,NW
1173335.953,X_LEG_3,10.79,45.01,-21.33,1,1680,1653,NW
1173335.973,X_LEG_3,10.79,45.01,-21.33,1,1680,1653,NW
1173335.994,X_LEG_3,10.79,45.01,-21.33,1,1680,1653,NW
1173336.014,X_LEG_3,10.79,45.01,-21.33,1,1680,1653,NW
1173336.035,X_LEG_3,10.79,45.01,-21.33,1,1680,1653,NW
1173336.055,X_LEG_3,10.79,45.01,-21.33,1,1680,1653,NW
1173336.076,X_LEG_3,10.79,45.01,-21.33,1,1680,1653,NW
1173336.096,X_LEG_3,10.79,45.01,-21.33,1,1680,1653,NW
1173336.117,X_LEG_3,10.81,45.03,-21.32,1,1680,1653,NW
1173336.137,X_LEG_3,10.81,45.03,-21.32,1,1680,1653,NW
1173336.158,X_LEG_3,10.81,45.03,-21.32,1,1680,1653,NW
1173336.178,X_LEG_3,10.81,45.03,-21.32,1,1680,1653,NW
1173336.199,X_LEG_3,10.81,45.03,-21.32,1,1680,1653,NW
1173336.219,X_LEG_3,10.83,45.04,-11.32,1,1680,1653,NW
1173336.239,X_LEG_3,10.83,45.04,-11.32,1,1680,1653,NW
1173336.260,X_LEG_3,10.83,45.04,-11.32,1,1680,1653,NW
1173336.281,X_LEG_3,10.83,45.04,-11.32,1,1680,1653,NW
1173336.302,X_LEG_3,10.83,45.04,-11.32,1,1680,1653,NW
1173336.322,X_LEG_3,10.83,45.04,-11.32,1,1680,1653,NW
1173336.343,X_LEG_3,10.83,45.04,-11.32,1,1680,1653,NW
1173336.365,X_LEG_3,10.83,45.04,-11.32,1,1680,1653,NW
1173336.385,X_LEG_3,10.83,45.04,-11.32,1,1680,1653,NW
1173336.406,X_LEG_3,10.83,45.04,-11.32,1,1680,1653,NW
1173336.426,X_LEG_3,10.85,45.07,-11.31,1,1680,1653,NW
1173336.446,X_LEG_3,10.85,45.07,-11.31,1,1680,1653,NW
1173336.467,X_LEG_3,10.85,45.07,-11.31,1,1680,1653,NW
1173336.488,X_LEG_3,10.85,45.07,-11.31,1,1680,1653,NW
1173336.508,X_LEG_3,10.85,45.07,-11.31,1,1680,1653,NW
1173336.529,X_LEG_3,10.86,45.08,-11.29,1,1680,1653,NW
1173336.550,X_LEG_3,10.86,45.08,-11.29,1,1680,1653,NW
1173336.570,X_LEG_3,10.86,45.08,-11.29,1,1680,1653,NW
1173336.591,X_LEG_3,10.86,45.08,-11.29,1,1680,1653,NW
1173336.611,X_LEG_3,10.86,45.08,-11.29,1,1680,1653,NW
1173336.631,X_LEG_3,10.87,45.09,-11.28,1,1680,1653,NW
1173336.652,X_LEG_3,10.87,45.09,-11.28,1,1680,1653,NW
1173336.672,X_LEG_3,10.87,45.09,-11.28,1,1680,1653,NW
1173336.693,X_LEG_3,10.87,45.09,-11.28,1,1680,1653,NW
1173336.713,X_LEG_3,10.87,45.09,-11.28,1,1680,1653,NW
1173336.734,X_LEG_3,10.89,45.10,-10.27,1,1680,1653,NW
1173336.754,X_LEG_3,10.89,45.10,-10.27,1,1680,1653,NW
1173336.775,X_LEG_3,10.89,45.10,-10.27,1,1680,1653,NW
1173336.795,X_LEG_3,10.89,45.10,-10.27,1,1680,1653,NW
1173336.816,X_LEG_3,10.89,45.10,-10.27,1,1680,1653,NW
1173336.837,X_LEG_3,10.89,45.10,-10.27,1,1680,1653,NW
1173336.857,X_LEG_3,10.89,45.10,-10.27,1,1680,1653,NW
1173336.878,X_LEG_3,10.89,45.10,-10.27,1,1680,1653,NW
1173336.899,X_LEG_3,10.89,45.10,-10.27,1,1680,1653,NW
1173336.919,X_LEG_3,10.89,45.10,-10.27,1,1680,1653,NW
1173336.939,X_LEG_3,10.91,45.11,-10.26,1,1680,1653,NW
1173336.960,X_LEG_3,10.91,45.11,-10.26,1,1680,1653,NW
1173336.980,X_LEG_3,10.91,45.11,-10.26,1,1680,1653,NW
1173337.001,X_LEG_3,10.91,45.11,-10.26,1,1680,1653,NW
1173337.021,X_LEG_3,10.91,45.11,-10.26,1,1680,1653,NW
1173337.041,X_LEG_3,10.93,45.11,-10.26,1,1680,1653,NW
1173337.062,X_LEG_3,10.93,45.11,-10.26,1,1680,1653,NW
1173337.083,X_LEG_3,10.93,45.11,-10.26,1,1680,1653,NW
1173337.104,X_LEG_3,10.93,45.11,-10.26,1,1680,1653,NW
1173337.124,X_LEG_3,10.93,45.11,-10.26,1,1680,1653,NW
1173337.145,X_LEG_3,10.94,45.10,-10.25,1,1680,1653,NW
1173337.165,X_LEG_3,10.94,45.10,-10.25,1,1680,1653,NW
1173337.185,X_LEG_3,10.94,45.10,-10.25,1,1680,1653,NW
1173337.205,X_LEG_3,10.94,45.10,-10.25,1,1680,1653,NW
1173337.226,X_LEG_3,10.94,45.10,-10.25,1,1680,1653,NW
1173337.246,X_LEG_3,10.95,45.10,-10.25,1,1680,1653,NW
1173337.267,X_LEG_3,10.95,45.10,-10.25,1,1680,1653,NW
1173337.288,X_LEG_3,10.95,45.10,-10.25,1,1680,1653,NW
1173337.308,X_LEG_3,10.95,45.10,-10.25,1,1680,1653,NW
1173337.328,X_LEG_3,10.95,45.10,-10.25,1,1680,1653,NW
1173337.349,X_LEG_3,10.95,45.10,-10.25,1,1680,1653,NW
1173337.369,X_LEG_3,10.95,45.10,-10.25,1,1680,1653,NW
1173337.389,X_LEG_3,10.95,45.10,-10.25,1,1680,1653,NW
1173337.411,X_LEG_3,10.95,45.10,-10.25,1,1680,1653,NW
1173337.431,X_LEG_3,10.95,45.10,-10.25,1,1680,1653,NW
1173337.452,X_LEG_3,10.97,45.08,-10.25,1,1680,1653,NW
1173337.473,X_LEG_3,10.97,45.08,-10.25,1,1680,1653,NW
1173337.494,X_LEG_3,10.97,45.08,-10.25,1,1680,1653,NW
1173337.514,X_LEG_3,10.97,45.08,-10.25,1,1680,1653,NW
1173337.534,X_LEG_3,10.97,45.08,-10.25,1,1680,1653,NW
1173337.555,X_LEG_3,10.97,45.08,-10.24,1,1680,1653,NW
1173337.575,X_LEG_3,10.97,45.08,-10.24,1,1680,1653,NW
1173337.596,X_LEG_3,10.97,45.08,-10.24,1,1680,1653,NW
1173337.617,X_LEG_3,10.97,45.08,-10.24,1,1680,1653,NW
1173337.637,X_LEG_3,10.97,45.08,-10.24,1,1680,1653,NW
1173337.657,X_LEG_3,10.98,45.07,-10.23,1,1680,1653,NW
1173337.679,X_LEG_3,10.98,45.07,-10.23,1,1680,1653,NW
1173337.699,X_LEG_3,10.98,45.07,-10.23,1,1680,1653,NW
1173337.720,X_LEG_3,10.98,45.07,-10.23,1,1680,1653,NW
1173337.740,X_LEG_3,10.98,45.07,-10.23,1,1680,1653,NW
1173337.761,X_LEG_3,10.98,45.07,-10.22,1,1680,1653,NW
1173337.781,X_LEG_3,10.98,45.07,-10.22,1,1680,1653,NW
1173337.802,X_LEG_3,10.98,45.07,-10.22,1,1680,1653,NW
1173337.822,X_LEG_3,10.98,45.07,-10.22,1,1680,1653,NW
1173337.843,X_LEG_3,10.98,45.07,-10.22,1,1680,1653,NW
1173337.863,X_LEG_3,10.98,45.07,-10.22,1,1680,1653,NW
1173337.883,X_LEG_3,10.98,45.07,-10.22,1,1680,1653,NW
1173337.904,X_LEG_3,10.98,45.07,-10.22,1,1680,1653,NW
1173337.924,X_LEG_3,10.98,45.07,-10.22,1,1680,1653,NW
1173337.945,X_LEG_3,10.98,45.07,-10.22,1,1680,1653,NW
1173337.966,X_LEG_3,10.97,45.06,-11.21,1,1680,1653,NW
1173337.986,X_LEG_3,10.97,45.06,-11.21,1,1680,1653,NW
1173338.006,X_LEG_3,10.97,45.06,-11.21,1,1680,1653,NW
1173338.027,X_LEG_3,10.97,45.06,-11.21,1,1680,1653,NW
1173338.047,X_LEG_3,10.97,45.06,-11.21,1,1680,1653,NW
1173338.069,X_LEG_3,10.97,45.05,-11.19,1,1680,1653,NW
1173338.089,X_LEG_3,10.97,45.05,-11.19,1,1680,1653,NW
1173338.110,X_LEG_3,10.97,45.05,-11.19,1,1680,1653,NW
1173338.130,X_LEG_3,10.97,45.05,-11.19,1,1680,1653,NW
1173338.151,X_LEG_3,10.97,45.05,-11.19,1,1680,1653,NW
1173338.171,X_LEG_3,10.96,45.03,-11.19,1,1680,1653,NW
1173338.193,X_LEG_3,10.96,45.03,-11.19,1,1680,1653,NW
1173338.213,X_LEG_3,10.96,45.03,-11.19,1,1680,1653,NW
1173338.233,X_LEG_3,10.96,45.03,-11.19,1,1680,1653,NW
1173338.254,X_LEG_3,10.96,45.03,-11.19,1,1680,1653,NW
1173338.274,X_LEG_3,10.96,45.01,-11.19,1,1680,1653,NW
1173338.294,X_LEG_3,10.96,45.01,-11.19,1,1680,1653,NW
1173338.315,X_LEG_3,10.96,45.01,-11.19,1,1680,1653,NW
1173338.335,X_LEG_3,10.96,45.01,-11.19,1,1680,1653,NW
1173338.355,X_LEG_3,10.96,45.01,-11.19,1,1680,1653,NW
1173338.376,X_LEG_3,10.95,45.00,-11.18,1,1680,1653,NW
1173338.396,X_LEG_3,10.95,45.00,-11.18,1,1680,1653,NW
1173338.417,X_LEG_3,10.95,45.00,-11.18,1,1680,1653,NW
1173338.438,X_LEG_3,10.95,45.00,-11.18,1,1680,1653,NW
1173338.458,X_LEG_3,10.95,45.00,-11.18,1,1680,1653,NW
1173338.478,X_LEG_3,10.94,44.99,-11.17,1,1680,1653,NW
1173338.499,X_LEG_3,10.94,44.99,-11.17,1,1680,1653,NW
1173338.519,X_LEG_3,10.94,44.99,-11.17,1,1680,1653,NW
1173338.540,X_LEG_3,10.94,44.99,-11.17,1,1680,1653,NW
1173338.560,X_LEG_3,10.94,44.99,-11.17,1,1680,1653,NW
1173338.581,X_LEG_3,10.94,44.99,-17.14,1,1680,1653,NW
1173338.602,X_LEG_3,10.94,44.99,-17.14,1,1680,1653,NW
1173338.622,X_LEG_3,10.94,44.99,-17.14,1,1680,1653,NW
1173338.642,X_LEG_3,10.94,44.99,-17.14,1,1680,1653,NW
1173338.663,X_LEG_3,10.94,44.99,-17.14,1,1680,1653,NW
1173338.683,X_LEG_3,10.94,44.98,-17.11,1,1680,1653,NW
1173338.704,X_LEG_3,10.94,44.98,-17.11,1,1680,1653,NW
1173338.724,X_LEG_3,10.94,44.98,-17.11,1,1680,1653,NW
1173338.745,X_LEG_3,10.94,44.98,-17.11,1,1680,1653,NW
1173338.765,X_LEG_3,10.94,44.98,-17.11,1,1680,1653,NW
1173338.786,X_LEG_3,10.94,44.98,-17.06,1,1680,1653,NW
1173338.806,X_LEG_3,10.94,44.98,-17.06,1,1680,1653,NW
1173338.827,X_LEG_3,10.94,44.98,-17.06,1,1680,1653,NW
1173338.848,X_LEG_3,10.94,44.98,-17.06,1,1680,1653,NW
1173338.869,X_LEG_3,10.94,44.98,-17.06,1,1680,1653,NW
1173338.889,X_LEG_3,10.94,44.97,-17.02,1,1680,1653,NW
1173338.911,X_LEG_3,10.94,44.97,-17.02,1,1680,1653,NW
1173338.931,X_LEG_3,10.94,44.97,-17.02,1,1680,1653,NW
1173338.952,X_LEG_3,10.94,44.97,-17.02,1,1680,1653,NW
1173338.972,X_LEG_3,10.94,44.97,-17.02,1,1680,1653,NW
1173338.993,X_LEG_3,10.94,44.97,-17.02,1,1680,1653,NW
1173339.013,X_LEG_3,10.94,44.97,-17.02,1,1680,1653,NW
1173339.033,X_LEG_3,10.94,44.97,-17.02,1,1680,1653,NW
1173339.054,X_LEG_3,10.94,44.97,-17.02,1,1680,1653,NW
1173339.074,X_LEG_3,10.94,44.97,-17.02,1,1680,1653,NW
1173339.094,X_LEG_3,10.94,44.97,-16.97,1,1680,1653,NW
1173339.115,X_LEG_3,10.94,44.97,-16.97,1,1680,1653,NW
1173339.135,X_LEG_3,10.94,44.97,-16.97,1,1680,1653,NW
1173339.156,X_LEG_3,10.94,44.97,-16.97,1,1680,1653,NW
1173339.178,X_LEG_3,10.94,44.97,-16.97,1,1680,1653,NW
1173339.198,X_LEG_3,10.95,44.95,-16.95,1,1680,1653,NW
1173339.219,X_LEG_3,10.95,44.95,-16.95,1,1680,1653,NW
1173339.240,X_LEG_3,10.95,44.95,-16.95,1,1680,1653,NW
1173339.261,X_LEG_3,10.95,44.95,-16.95,1,1680,1653,NW
1173339.281,X_LEG_3,10.95,44.95,-16.95,1,1680,1653,NW
1173339.302,X_LEG_3,10.95,44.94,-12.91,1,1680,1653,NW
1173339.323,X_LEG_3,10.95,44.94,-12.91,1,1680,1653,NW
1173339.343,X_LEG_3,10.95,44.94,-12.91,1,1680,1653,NW
1173339.364,X_LEG_3,10.95,44.94,-12.91,1,1680,1653,NW
1173339.385,X_LEG_3,10.95,44.94,-12.91,1,1680,1653,NW
1173339.405,X_LEG_3,10.95,44.91,-12.86,1,1680,1653,NW
1173339.426,X_LEG_3,10.95,44.91,-12.86,1,1680,1653,NW
1173339.446,X_LEG_3,10.95,44.91,-12.86,1,1680,1653,NW
1173339.466,X_LEG_3,10.95,44.91,-12.86,1,1680,1653,NW
1173339.487,X_LEG_3,10.95,44.91,-12.86,1,1680,1653,NW
1173339.507,X_LEG_3,10.95,44.89,-12.83,1,1680,1653,NW
1173339.528,X_LEG_3,10.95,44.89,-12.83,1,1680,1653,NW
1173339.548,X_LEG_3,10.95,44.89,-12.83,1,1680,1653,NW
1173339.569,X_LEG_3,10.95,44.89,-12.83,1,1680,1653,NW
1173339.590,X_LEG_3,10.95,44.89,-12.83,1,1680,1653,NW
1173339.610,X_LEG_3,10.95,44.87,-12.80,1,1679,1653,NW
1173339.631,X_LEG_3,10.95,44.87,-12.80,1,1679,1653,NW
1173339.651,X_LEG_3,10.95,44.87,-12.80,1,1679,1653,NW
1173339.672,X_LEG_3,10.95,44.87,-12.80,1,1679,1653,NW
1173339.692,X_LEG_3,10.95,44.87,-12.80,1,1679,1653,NW
1173339.712,X_LEG_3,10.95,44.87,-12.80,1,1679,1653,NW
1173339.733,X_LEG_3,10.95,44.87,-12.80,1,1679,1653,NW
1173339.754,X_LEG_3,10.95,44.87,-12.80,1,1679,1653,NW
1173339.774,X_LEG_3,10.95,44.87,-12.80,1,1679,1653,NW
1173339.794,X_LEG_3,10.95,44.87,-12.80,1,1679,1653,NW
1173339.815,X_LEG_3,10.96,44.84,-9.76,1,1679,1653,NW
1173339.836,X_LEG_3,10.96,44.84,-9.76,1,1679,1653,NW
1173339.856,X_LEG_3,10.96,44.84,-9.76,1,1679,1653,NW
1173339.877,X_LEG_3,10.96,44.84,-9.76,1,1679,1653,NW
1173339.897,X_LEG_3,10.96,44.84,-9.76,1,1679,1653,NW
1173339.918,X_LEG_3,10.96,44.82,-9.72,1,1679,1653,NW
1173339.938,X_LEG_3,10.96,44.82,-9.72,1,1679,1653,NW
1173339.959,X_LEG_3,10.96,44.82,-9.72,1,1679,1653,NW
1173339.979,X_LEG_3,10.96,44.82,-9.72,1,1679,1653,NW
1173339.999,X_LEG_3,10.96,44.82,-9.72,1,1679,1653,NW
1173340.020,X_LEG_3,10.97,44.79,-9.67,1,1679,1653,NW
1173340.041,X_LEG_3,10.97,44.79,-9.67,1,1679,1653,NW
1173340.061,X_LEG_3,10.97,44.79,-9.67,1,1679,1653,NW
1173340.083,X_LEG_3,10.97,44.79,-9.67,1,1679,1653,NW
1173340.104,X_LEG_3,10.97,44.79,-9.67,1,1679,1653,NW
1173340.124,X_LEG_3,10.97,44.79,-9.67,1,1679,1653,NW
1173340.145,X_LEG_3,10.97,44.79,-9.67,1,1679,1653,NW
1173340.165,X_LEG_3,10.97,44.79,-9.67,1,1679,1653,NW
1173340.186,X_LEG_3,10.97,44.79,-9.67,1,1679,1653,NW
1173340.207,X_LEG_3,10.97,44.79,-9.67,1,1679,1653,NW
1173340.227,X_LEG_3,10.97,44.78,-9.65,1,1679,1653,NW
1173340.248,X_LEG_3,10.97,44.78,-9.65,1,1679,1653,NW
1173340.268,X_LEG_3,10.97,44.78,-9.65,1,1679,1653,NW
1173340.289,X_LEG_3,10.97,44.78,-9.65,1,1679,1653,NW
1173340.309,X_LEG_3,10.97,44.78,-9.65,1,1679,1653,NW
1173340.330,X_LEG_3,10.97,44.74,-9.61,1,1679,1653,NW
1173340.350,X_LEG_3,10.97,44.74,-9.61,1,1679,1653,NW
1173340.370,X_LEG_3,10.97,44.74,-9.61,1,1679,1653,NW
1173340.391,X_LEG_3,10.97,44.74,-9.61,1,1679,1653,NW
1173340.411,X_LEG_3,10.97,44.74,-9.61,1,1679,1653,NW
1173340.432,X_LEG_3,10.97,44.72,-10.57,1,1679,1653,NW
1173340.452,X_LEG_3,10.97,44.72,-10.57,1,1679,1653,NW
1173340.472,X_LEG_3,10.97,44.72,-10.57,1,1679,1653,NW
1173340.493,X_LEG_3,10.97,44.72,-10.57,1,1679,1653,NW
1173340.514,X_LEG_3,10.97,44.72,-10.57,1,1679,1653,NW
1173340.534,X_LEG_3,10.97,44.72,-10.57,1,1679,1653,NW
1173340.554,X_LEG_3,10.97,44.72,-10.57,1,1679,1653,NW
1173340.575,X_LEG_3,10.97,44.72,-10.57,1,1679,1653,NW
1173340.596,X_LEG_3,10.97,44.72,-10.57,1,1679,1653,NW
1173340.617,X_LEG_3,10.97,44.72,-10.57,1,1679,1653,NW
1173340.636,X_LEG_3,10.98,44.68,-10.52,1,1679,1653,NW
1173340.657,X_LEG_3,10.98,44.68,-10.52,1,1679,1653,NW
1173340.677,X_LEG_3,10.98,44.68,-10.52,1,1679,1653,NW
1173340.698,X_LEG_3,10.98,44.68,-10.52,1,1679,1653,NW
1173340.718,X_LEG_3,10.98,44.68,-10.52,1,1679,1653,NW
1173340.738,X_LEG_3,10.98,44.65,-10.50,1,1679,1653,NW
1173340.759,X_LEG_3,10.98,44.65,-10.50,1,1679,1653,NW
1173340.779,X_LEG_3,10.98,44.65,-10.50,1,1679,1653,NW
1173340.800,X_LEG_3,10.98,44.65,-10.50,1,1679,1653,NW
1173340.820,X_LEG_3,10.98,44.65,-10.50,1,1679,1653,NW
1173340.841,X_LEG_3,10.98,44.61,-10.46,1,1678,1653,NW
1173340.861,X_LEG_3,10.98,44.61,-10.46,1,1678,1653,NW
1173340.881,X_LEG_3,10.98,44.61,-10.46,1,1678,1653,NW
1173340.902,X_LEG_3,10.98,44.61,-10.46,1,1678,1653,NW
1173340.922,X_LEG_3,10.98,44.61,-10.46,1,1678,1653,NW
1173340.943,X_LEG_3,10.98,44.59,-7.42,1,1678,1653,NW
1173340.964,X_LEG_3,10.98,44.59,-7.42,1,1678,1653,NW
1173340.984,X_LEG_3,10.98,44.59,-7.42,1,1678,1653,NW
1173341.005,X_LEG_3,10.98,44.59,-7.42,1,1678,1653,NW
1173341.025,X_LEG_3,10.98,44.59,-7.42,1,1678,1653,NW
1173341.046,X_LEG_3,10.98,44.56,-7.39,1,1678,1653,NW
1173341.066,X_LEG_3,10.98,44.56,-7.39,1,1678,1653,NW
1173341.086,X_LEG_3,10.98,44.56,-7.39,1,1678,1653,NW
1173341.107,X_LEG_3,10.98,44.56,-7.39,1,1678,1653,NW
1173341.127,X_LEG_3,10.98,44.56,-7.39,1,1678,1653,NW
1173341.148,X_LEG_3,10.98,44.53,-7.37,1,1678,1653,NW
1173341.168,X_LEG_3,10.98,44.53,-7.37,1,1678,1653,NW
1173341.189,X_LEG_3,10.98,44.53,-7.37,1,1678,1653,NW
1173341.209,X_LEG_3,10.98,44.53,-7.37,1,1678,1653,NW
1173341.230,X_LEG_3,10.98,44.53,-7.37,1,1678,1653,NW
1173341.250,X_LEG_3,10.98,44.53,-7.37,1,1678,1653,NW
1173341.271,X_LEG_3,10.98,44.53,-7.37,1,1678,1653,NW
1173341.291,X_LEG_3,10.98,44.53,-7.37,1,1678,1653,NW
1173341.312,X_LEG_3,10.98,44.53,-7.37,1,1678,1653,NW
1173341.332,X_LEG_3,10.98,44.53,-7.37,1,1678,1653,NW
1173341.352,X_LEG_3,10.98,44.50,-7.34,1,1678,1653,NW
1173341.373,X_LEG_3,10.98,44.50,-7.34,1,1678,1653,NW
1173341.393,X_LEG_3,10.98,44.50,-7.34,1,1678,1653,NW
1173341.413,X_LEG_3,10.98,44.50,-7.34,1,1678,1653,NW
1173341.434,X_LEG_3,10.98,44.50,-7.34,1,1678,1653,NW
1173341.454,X_LEG_3,10.98,44.50,-7.34,1,1678,1653,NW
1173341.475,X_LEG_3,10.98,44.50,-7.34,1,1678,1653,NW
1173341.495,X_LEG_3,10.98,44.50,-7.34,1,1678,1653,NW
1173341.515,X_LEG_3,10.98,44.50,-7.34,1,1678,1653,NW
1173341.536,X_LEG_3,10.98,44.50,-7.34,1,1678,1653,NW
1173341.557,X_LEG_3,10.98,44.45,-7.30,1,1678,1653,NW
1173341.578,X_LEG_3,10.98,44.45,-7.30,1,1678,1653,NW
1173341.598,X_LEG_3,10.98,44.45,-7.30,1,1678,1653,NW
1173341.619,X_LEG_3,10.98,44.45,-7.30,1,1678,1653,NW
1173341.640,X_LEG_3,10.98,44.45,-7.30,1,1678,1653,NW
1173341.660,X_LEG_3,10.98,44.41,-6.28,1,1678,1653,NW
1173341.680,X_LEG_3,10.98,44.41,-6.28,1,1678,1653,NW
1173341.702,X_LEG_3,10.98,44.41,-6.28,1,1678,1653,NW
1173341.722,X_LEG_3,10.98,44.41,-6.28,1,1678,1653,NW
1173341.743,X_LEG_3,10.98,44.41,-6.28,1,1678,1653,NW
1173341.763,X_LEG_3,10.98,44.37,-6.25,1,1677,1653,NW
1173341.784,X_LEG_3,10.98,44.37,-6.25,1,1677,1653,NW
1173341.804,X_LEG_3,10.98,44.37,-6.25,1,1677,1653,NW
1173341.824,X_LEG_3,10.98,44.37,-6.25,1,1677,1653,NW
1173341.845,X_LEG_3,10.98,44.37,-6.25,1,1677,1653,NW
1173341.865,X_LEG_3,10.98,44.32,-6.21,1,1677,1653,NW
1173341.885,X_LEG_3,10.98,44.32,-6.21,1,1677,1653,NW
1173341.907,X_LEG_3,10.98,44.32,-6.21,1,1677,1653,NW
1173341.927,X_LEG_3,10.98,44.32,-6.21,1,1677,1653,NW
1173341.947,X_LEG_3,10.98,44.32,-6.21,1,1677,1653,NW
1173341.968,X_LEG_3,10.98,44.28,-6.18,1,1677,1653,NW
1173341.988,X_LEG_3,10.98,44.28,-6.18,1,1677,1653,NW
1173342.009,X_LEG_3,10.98,44.28,-6.18,1,1677,1653,NW
1173342.030,X_LEG_3,10.98,44.28,-6.18,1,1677,1653,NW
1173342.050,X_LEG_3,10.98,44.28,-6.18,1,1677,1653,NW
1173342.071,X_LEG_3,10.98,44.23,-6.16,1,1677,1653,NW
1173342.091,X_LEG_3,10.98,44.23,-6.16,1,1677,1653,NW
1173342.111,X_LEG_3,10.98,44.23,-6.16,1,1677,1653,NW
1173342.132,X_LEG_3,10.98,44.23,-6.16,1,1677,1653,NW
1173342.152,X_LEG_3,10.98,44.23,-6.16,1,1677,1653,NW
1173342.173,X_LEG_3,10.98,44.20,-6.13,1,1677,1653,NW
1173342.193,X_LEG_3,10.98,44.20,-6.13,1,1677,1653,NW
1173342.214,X_LEG_3,10.98,44.20,-6.13,1,1677,1653,NW
1173342.234,X_LEG_3,10.98,44.20,-6.13,1,1677,1653,NW
1173342.255,X_LEG_3,10.98,44.20,-6.13,1,1677,1653,NW
1173342.275,X_LEG_3,10.97,44.16,-5.11,1,1677,1653,NW
1173342.296,X_LEG_3,10.97,44.16,-5.11,1,1677,1653,NW
1173342.316,X_LEG_3,10.97,44.16,-5.11,1,1677,1653,NW
1173342.337,X_LEG_3,10.97,44.16,-5.11,1,1677,1653,NW
1173342.357,X_LEG_3,10.97,44.16,-5.11,1,1677,1653,NW
1173342.377,X_LEG_3,10.97,44.09,-5.07,1,1676,1653,NW
1173342.398,X_LEG_3,10.97,44.09,-5.07,1,1676,1653,NW
1173342.418,X_LEG_3,10.97,44.09,-5.07,1,1676,1653,NW
1173342.438,X_LEG_3,10.97,44.09,-5.07,1,1676,1653,NW
1173342.459,X_LEG_3,10.97,44.09,-5.07,1,1676,1653,NW
1173342.479,X_LEG_3,10.97,44.04,-5.05,1,1676,1653,NW
1173342.500,X_LEG_3,10.97,44.04,-5.05,1,1676,1653,NW
1173342.521,X_LEG_3,10.97,44.04,-5.05,1,1676,1653,NW
1173342.541,X_LEG_3,10.97,44.04,-5.05,1,1676,1653,NW
1173342.563,X_LEG_3,10.97,44.04,-5.05,1,1676,1653,NW
1173342.584,X_LEG_3,10.97,44.04,-5.05,1,1676,1653,NW
1173342.604,X_LEG_3,10.97,44.04,-5.05,1,1676,1653,NW
1173342.624,X_LEG_3,10.97,44.04,-5.05,1,1676,1653,NW
1173342.645,X_LEG_3,10.97,44.04,-5.05,1,1676,1653,NW
1173342.665,X_LEG_3,10.97,44.04,-5.05,1,1676,1653,NW
1173342.686,X_LEG_3,10.96,44.04,-5.05,1,1676,1653,NW
1173342.706,X_LEG_3,10.96,44.04,-5.05,1,1676,1653,NW
1173342.726,X_LEG_3,10.96,44.04,-5.05,1,1676,1653,NW
1173342.747,X_LEG_3,10.96,44.04,-5.05,1,1676,1653,NW
1173342.767,X_LEG_3,10.96,44.04,-5.05,1,1676,1653,NW
1173342.788,X_LEG_3,10.96,43.93,-4.99,1,1676,1653,NW
1173342.808,X_LEG_3,10.96,43.93,-4.99,1,1676,1653,NW
1173342.830,X_LEG_3,10.96,43.93,-4.99,1,1676,1653,NW
1173342.850,X_LEG_3,10.96,43.93,-4.99,1,1676,1653,NW
1173342.870,X_LEG_3,10.96,43.93,-4.99,1,1676,1653,NW
1173342.891,X_LEG_3,10.95,43.86,-4.95,1,1675,1653,NW
1173342.911,X_LEG_3,10.95,43.86,-4.95,1,1675,1653,NW
1173342.931,X_LEG_3,10.95,43.86,-4.95,1,1675,1653,NW
1173342.952,X_LEG_3,10.95,43.86,-4.95,1,1675,1653,NW
1173342.972,X_LEG_3,10.95,43.86,-4.95,1,1675,1653,NW
1173342.992,X_LEG_3,10.95,43.80,-4.94,1,1675,1653,NW
1173343.013,X_LEG_3,10.95,43.80,-4.94,1,1675,1653,NW
1173343.033,X_LEG_3,10.95,43.80,-4.94,1,1675,1653,NW
1173343.054,X_LEG_3,10.95,43.80,-4.94,1,1675,1653,NW
1173343.074,X_LEG_3,10.95,43.80,-4.94,1,1675,1653,NW
1173343.095,X_LEG_3,10.95,43.80,-4.94,1,1675,1653,NW
1173343.116,X_LEG_3,10.95,43.80,-4.94,1,1675,1653,NW
1173343.136,X_LEG_3,10.95,43.80,-4.94,1,1675,1653,NW
1173343.156,X_LEG_3,10.95,43.80,-4.94,1,1675,1653,NW
1173343.177,X_LEG_3,10.95,43.80,-4.94,1,1675,1653,NW
1173343.197,X_LEG_3,10.95,43.73,-4.90,1,1675,1653,NW
1173343.218,X_LEG_3,10.95,43.73,-4.90,1,1675,1653,NW
1173343.238,X_LEG_3,10.95,43.73,-4.90,1,1675,1653,NW
1173343.260,X_LEG_3,10.95,43.73,-4.90,1,1675,1653,NW
1173343.280,X_LEG_3,10.95,43.73,-4.90,1,1675,1653,NW
1173343.301,X_LEG_3,10.94,43.68,-3.89,1,1675,1653,NW
1173343.321,X_LEG_3,10.94,43.68,-3.89,1,1675,1653,NW
1173343.341,X_LEG_3,10.94,43.68,-3.89,1,1675,1653,NW
1173343.362,X_LEG_3,10.94,43.68,-3.89,1,1675,1653,NW
1173343.382,X_LEG_3,10.94,43.68,-3.89,1,1675,1653,NW
1173343.403,X_LEG_3,10.94,43.68,-3.89,1,1675,1653,NW
1173343.423,X_LEG_3,10.94,43.68,-3.89,1,1675,1653,NW
1173343.444,X_LEG_3,10.94,43.68,-3.89,1,1675,1653,NW
1173343.464,X_LEG_3,10.94,43.68,-3.89,1,1675,1653,NW
1173343.485,X_LEG_3,10.94,43.68,-3.89,1,1675,1653,NW
1173343.505,X_LEG_3,10.93,43.59,-3.84,1,1674,1653,NW
1173343.525,X_LEG_3,10.93,43.59,-3.84,1,1674,1653,NW
1173343.546,X_LEG_3,10.93,43.59,-3.84,1,1674,1653,NW
1173343.567,X_LEG_3,10.93,43.59,-3.84,1,1674,1653,NW
1173343.587,X_LEG_3,10.93,43.59,-3.84,1,1674,1653,NW
1173343.608,X_LEG_3,10.93,43.51,-3.82,1,1674,1653,NW
1173343.629,X_LEG_3,10.93,43.51,-3.82,1,1674,1653,NW
1173343.649,X_LEG_3,10.93,43.51,-3.82,1,1674,1653,NW
1173343.670,X_LEG_3,10.93,43.51,-3.82,1,1674,1653,NW
1173343.690,X_LEG_3,10.93,43.51,-3.82,1,1674,1653,NW
1173343.711,X_LEG_3,10.92,43.45,-3.80,1,1674,1653,NW
1173343.732,X_LEG_3,10.92,43.45,-3.80,1,1674,1653,NW
1173343.752,X_LEG_3,10.92,43.45,-3.80,1,1674,1653,NW
1173343.773,X_LEG_3,10.92,43.45,-3.80,1,1674,1653,NW
1173343.793,X_LEG_3,10.92,43.45,-3.80,1,1674,1653,NW
1173343.814,X_LEG_3,10.92,43.45,-3.80,1,1674,1653,NW
1173343.834,X_LEG_3,10.92,43.45,-3.80,1,1674,1653,NW
1173343.854,X_LEG_3,10.92,43.45,-3.80,1,1674,1653,NW
1173343.874,X_LEG_3,10.92,43.45,-3.80,1,1674,1653,NW
1173343.895,X_LEG_3,10.92,43.45,-3.80,1,1674,1653,NW
1173343.915,X_LEG_3,10.91,43.38,-3.76,1,1674,1653,NW
1173343.936,X_LEG_3,10.91,43.38,-3.76,1,1674,1653,NW
1173343.957,X_LEG_3,10.91,43.38,-3.76,1,1674,1653,NW
1173343.977,X_LEG_3,10.91,43.38,-3.76,1,1674,1653,NW
1173343.999,X_LEG_3,10.91,43.38,-3.76,1,1674,1653,NW
1173344.019,X_LEG_3,10.90,43.29,-3.73,1,1673,1653,NW
1173344.039,X_LEG_3,10.90,43.29,-3.73,1,1673,1653,NW
1173344.060,X_LEG_3,10.90,43.29,-3.73,1,1673,1653,NW
1173344.081,X_LEG_3,10.90,43.29,-3.73,1,1673,1653,NW
1173344.101,X_LEG_3,10.90,43.29,-3.73,1,1673,1653,NW
1173344.122,X_LEG_3,10.89,43.22,-3.71,1,1673,1653,NW
1173344.142,X_LEG_3,10.89,43.22,-3.71,1,1673,1653,NW
1173344.162,X_LEG_3,10.89,43.22,-3.71,1,1673,1653,NW
1173344.183,X_LEG_3,10.89,43.22,-3.71,1,1673,1653,NW
1173344.203,X_LEG_3,10.89,43.22,-3.71,1,1673,1653,NW
1173344.224,X_LEG_3,10.89,43.16,-3.69,1,1673,1653,NW
1173344.244,X_LEG_3,10.89,43.16,-3.69,1,1673,1653,NW
1173344.265,X_LEG_3,10.89,43.16,-3.69,1,1673,1653,NW
1173344.285,X_LEG_3,10.89,43.16,-3.69,1,1673,1653,NW
1173344.305,X_LEG_3,10.89,43.16,-3.69,1,1673,1653,NW
1173344.327,X_LEG_3,10.89,43.16,-2.69,1,1673,1653,NW
1173344.347,X_LEG_3,10.89,43.16,-2.69,1,1673,1653,NW
1173344.367,X_LEG_3,10.89,43.16,-2.69,1,1673,1653,NW
1173344.389,X_LEG_3,10.89,43.16,-2.69,1,1673,1653,NW
1173344.410,X_LEG_3,10.89,43.16,-2.69,1,1673,1653,NW
1173344.430,X_LEG_3,10.88,43.07,-2.66,1,1672,1653,NW
1173344.450,X_LEG_3,10.88,43.07,-2.66,1,1672,1653,NW
1173344.471,X_LEG_3,10.88,43.07,-2.66,1,1672,1653,NW
1173344.491,X_LEG_3,10.88,43.07,-2.66,1,1672,1653,NW
1173344.512,X_LEG_3,10.88,43.07,-2.66,1,1672,1653,NW
1173344.532,X_LEG_3,10.87,42.98,-2.63,1,1672,1653,NW
1173344.552,X_LEG_3,10.87,42.98,-2.63,1,1672,1653,NW
1173344.573,X_LEG_3,10.87,42.98,-2.63,1,1672,1653,NW
1173344.593,X_LEG_3,10.87,42.98,-2.63,1,1672,1653,NW
1173344.614,X_LEG_3,10.87,42.98,-2.63,1,1672,1653,NW
1173344.635,X_LEG_3,10.86,42.91,-2.61,1,1672,1653,NW
1173344.655,X_LEG_3,10.86,42.91,-2.61,1,1672,1653,NW
1173344.676,X_LEG_3,10.86,42.91,-2.61,1,1672,1653,NW
1173344.696,X_LEG_3,10.86,42.91,-2.61,1,1672,1653,NW
1173344.716,X_LEG_3,10.86,42.91,-2.61,1,1672,1653,NW
1173344.736,X_LEG_3,10.86,42.91,-2.61,1,1672,1653,NW
1173344.757,X_LEG_3,10.86,42.91,-2.61,1,1672,1653,NW
1173344.777,X_LEG_3,10.86,42.91,-2.61,1,1672,1653,NW
1173344.798,X_LEG_3,10.86,42.91,-2.61,1,1672,1653,NW
1173344.819,X_LEG_3,10.86,42.91,-2.61,1,1672,1653,NW
1173344.839,X_LEG_3,10.85,42.81,-2.59,1,1671,1653,NW
1173344.859,X_LEG_3,10.85,42.81,-2.59,1,1671,1653,NW
1173344.880,X_LEG_3,10.85,42.81,-2.59,1,1671,1653,NW
1173344.900,X_LEG_3,10.85,42.81,-2.59,1,1671,1653,NW
1173344.921,X_LEG_3,10.85,42.81,-2.59,1,1671,1653,NW
1173344.941,X_LEG_3,10.84,42.74,-2.56,1,1671,1653,NW
1173344.961,X_LEG_3,10.84,42.74,-2.56,1,1671,1653,NW
1173344.982,X_LEG_3,10.84,42.74,-2.56,1,1671,1653,NW
1173345.002,X_LEG_3,10.84,42.74,-2.56,1,1671,1653,NW
1173345.023,X_LEG_3,10.84,42.74,-2.56,1,1671,1653,NW
1173345.043,X_LEG_3,10.84,42.74,-2.56,1,1671,1653,NW
1173345.064,X_LEG_3,10.84,42.74,-2.56,1,1671,1653,NW
1173345.085,X_LEG_3,10.84,42.74,-2.56,1,1671,1653,NW
1173345.105,X_LEG_3,10.84,42.74,-2.56,1,1671,1653,NW
1173345.125,X_LEG_3,10.84,42.74,-2.56,1,1671,1653,NW
1173345.146,X_LEG_3,10.83,42.64,-2.53,1,1671,1653,NW
1173345.166,X_LEG_3,10.83,42.64,-2.53,1,1671,1653,NW
1173345.186,X_LEG_3,10.83,42.64,-2.53,1,1671,1653,NW
1173345.207,X_LEG_3,10.83,42.64,-2.53,1,1671,1653,NW
1173345.227,X_LEG_3,10.83,42.64,-2.53,1,1671,1653,NW
1173345.248,X_LEG_3,10.81,42.54,-2.50,1,1670,1653,NW
1173345.268,X_LEG_3,10.81,42.54,-2.50,1,1670,1653,NW
1173345.289,X_LEG_3,10.81,42.54,-2.50,1,1670,1653,NW
1173345.309,X_LEG_3,10.81,42.54,-2.50,1,1670,1653,NW
1173345.330,X_LEG_3,10.81,42.54,-2.50,1,1670,1653,NW
1173345.350,X_LEG_3,10.81,42.47,-2.48,1,1670,1653,NW
1173345.370,X_LEG_3,10.81,42.47,-2.48,1,1670,1653,NW
1173345.391,X_LEG_3,10.81,42.47,-2.48,1,1670,1653,NW
1173345.411,X_LEG_3,10.81,42.47,-2.48,1,1670,1653,NW
1173345.432,X_LEG_3,10.81,42.47,-2.48,1,1670,1653,NW
1173345.452,X_LEG_3,10.81,42.47,-2.48,1,1670,1653,NW
1173345.473,X_LEG_3,10.81,42.47,-2.48,1,1670,1653,NW
1173345.493,X_LEG_3,10.81,42.47,-2.48,1,1670,1653,NW
1173345.513,X_LEG_3,10.81,42.47,-2.48,1,1670,1653,NW
1173345.533,X_LEG_3,10.81,42.47,-2.48,1,1670,1653,NW
1173345.554,X_LEG_3,10.79,42.36,-2.46,1,1669,1653,NW
1173345.575,X_LEG_3,10.79,42.36,-2.46,1,1669,1653,NW
1173345.595,X_LEG_3,10.79,42.36,-2.46,1,1669,1653,NW
1173345.615,X_LEG_3,10.79,42.36,-2.46,1,1669,1653,NW
1173345.636,X_LEG_3,10.79,42.36,-2.46,1,1669,1653,NW
1173345.657,X_LEG_3,10.78,42.29,-2.44,1,1669,1653,NW
1173345.677,X_LEG_3,10.78,42.29,-2.44,1,1669,1653,NW
1173345.697,X_LEG_3,10.78,42.29,-2.44,1,1669,1653,NW
1173345.719,X_LEG_3,10.78,42.29,-2.44,1,1669,1653,NW
1173345.739,X_LEG_3,10.78,42.29,-2.44,1,1669,1653,NW
1173345.760,X_LEG_3,10.77,42.18,-2.41,1,1669,1653,NW
1173345.780,X_LEG_3,10.77,42.18,-2.41,1,1669,1653,NW
1173345.800,X_LEG_3,10.77,42.18,-2.41,1,1669,1653,NW
1173345.821,X_LEG_3,10.77,42.18,-2.41,1,1669,1653,NW
1173345.841,X_LEG_3,10.77,42.18,-2.41,1,1669,1653,NW
1173345.862,X_LEG_3,10.77,42.18,-2.41,1,1669,1653,NW
1173345.882,X_LEG_3,10.77,42.18,-2.41,1,1669,1653,NW
1173345.903,X_LEG_3,10.77,42.18,-2.41,1,1669,1653,NW
1173345.923,X_LEG_3,10.77,42.18,-2.41,1,1669,1653,NW
1173345.944,X_LEG_3,10.77,42.18,-2.41,1,1669,1653,NW
1173345.964,X_LEG_3,10.75,42.07,-1.39,1,1668,1653,NW
1173345.985,X_LEG_3,10.75,42.07,-1.39,1,1668,1653,NW
1173346.006,X_LEG_3,10.75,42.07,-1.39,1,1668,1653,NW
1173346.026,X_LEG_3,10.75,42.07,-1.39,1,1668,1653,NW
1173346.047,X_LEG_3,10.75,42.07,-1.39,1,1668,1653,NW
1173346.067,X_LEG_3,10.74,42.00,-1.36,1,1668,1653,NW
1173346.088,X_LEG_3,10.74,42.00,-1.36,1,1668,1653,NW
1173346.108,X_LEG_3,10.74,42.00,-1.36,1,1668,1653,NW
1173346.129,X_LEG_3,10.74,42.00,-1.36,1,1668,1653,NW
1173346.149,X_LEG_3,10.74,42.00,-1.36,1,1668,1653,NW
1173346.170,X_LEG_3,10.73,41.89,-1.34,1,1668,1653,NW
1173346.190,X_LEG_3,10.73,41.89,-1.34,1,1668,1653,NW
1173346.211,X_LEG_3,10.73,41.89,-1.34,1,1668,1653,NW
1173346.231,X_LEG_3,10.73,41.89,-1.34,1,1668,1653,NW
1173346.251,X_LEG_3,10.73,41.89,-1.34,1,1668,1653,NW
1173346.272,X_LEG_3,10.72,41.81,-1.32,1,1667,1653,NW
1173346.292,X_LEG_3,10.72,41.81,-1.32,1,1667,1653,NW
1173346.312,TO_CENTER,10.72,5.55,92.41,0,1500,1653,CENTER
1173346.333,TO_CENTER,10.72,5.55,92.41,0,1500,1653,CENTER
1173346.353,TO_CENTER,10.72,5.55,92.41,0,1500,1653,CENTER
1173346.374,TO_CENTER,10.72,5.55,92.41,0,1500,1653,CENTER
1173346.394,TO_CENTER,10.72,5.55,92.41,0,1500,1653,CENTER
1173346.415,TO_CENTER,10.72,5.55,92.41,0,1500,1653,CENTER
1173346.435,TO_CENTER,10.72,5.55,92.41,0,1500,1653,CENTER
1173346.456,TO_CENTER,10.72,5.55,92.41,0,1500,1653,CENTER
1173346.476,TO_CENTER,10.70,5.58,93.55,0,1500,1653,CENTER
1173346.497,TO_CENTER,10.70,5.58,93.55,0,1500,1653,CENTER
1173346.517,TO_CENTER,10.70,5.58,93.55,0,1500,1653,CENTER
1173346.538,TO_CENTER,10.70,5.58,93.55,0,1500,1653,CENTER
1173346.558,TO_CENTER,10.70,5.58,93.55,0,1500,1653,CENTER
1173346.579,TO_CENTER,10.69,5.60,94.35,0,1500,1653,CENTER
1173346.599,TO_CENTER,10.69,5.60,94.35,0,1500,1653,CENTER
1173346.620,TO_CENTER,10.69,5.60,94.35,0,1500,1653,CENTER
1173346.640,TO_CENTER,10.69,5.60,94.35,0,1500,1653,CENTER
1173346.661,TO_CENTER,10.69,5.60,94.35,0,1500,1653,CENTER
1173346.681,TO_CENTER,10.69,5.60,94.35,0,1500,1653,CENTER
1173346.702,TO_CENTER,10.69,5.60,94.35,0,1500,1653,CENTER
1173346.722,TO_CENTER,10.69,5.60,94.35,0,1500,1653,CENTER
1173346.743,TO_CENTER,10.69,5.60,94.35,0,1500,1653,CENTER
1173346.763,TO_CENTER,10.69,5.60,94.35,0,1500,1653,CENTER
1173346.784,TO_CENTER,10.67,5.62,95.57,0,1500,1653,CENTER
1173346.805,TO_CENTER,10.67,5.62,95.57,0,1500,1653,CENTER
1173346.825,TO_CENTER,10.67,5.62,95.57,0,1500,1653,CENTER
1173346.846,TO_CENTER,10.67,5.62,95.57,0,1500,1653,CENTER
1173346.866,TO_CENTER,10.67,5.62,95.57,0,1500,1653,CENTER
1173346.887,TO_CENTER,10.67,5.64,96.36,0,1500,1653,CENTER
1173346.907,TO_CENTER,10.67,5.64,96.36,0,1500,1653,CENTER
1173346.928,TO_CENTER,10.67,5.64,96.36,0,1500,1653,CENTER
1173346.948,TO_CENTER,10.67,5.64,96.36,0,1500,1653,CENTER
1173346.969,TO_CENTER,10.67,5.64,96.36,0,1500,1653,CENTER
1173346.990,TO_CENTER,10.66,5.67,82.18,0,1500,1654,CENTER
1173347.010,TO_CENTER,10.66,5.67,82.18,0,1500,1654,CENTER
1173347.030,TO_CENTER,10.66,5.67,82.18,0,1500,1654,CENTER
1173347.051,TO_CENTER,10.66,5.67,82.18,0,1500,1654,CENTER
1173347.072,TO_CENTER,10.66,5.67,82.18,0,1500,1654,CENTER
1173347.092,TO_CENTER,10.66,5.71,83.27,0,1500,1654,CENTER
1173347.114,TO_CENTER,10.66,5.71,83.27,0,1500,1654,CENTER
1173347.134,TO_CENTER,10.66,5.71,83.27,0,1500,1654,CENTER
1173347.155,TO_CENTER,10.66,5.71,83.27,0,1500,1654,CENTER
1173347.176,TO_CENTER,10.66,5.71,83.27,0,1500,1654,CENTER
1173347.196,TO_CENTER,10.66,5.71,83.27,0,1500,1654,CENTER
1173347.217,TO_CENTER,10.66,5.71,83.27,0,1500,1654,CENTER
1173347.237,TO_CENTER,10.66,5.71,83.27,0,1500,1654,CENTER
1173347.258,TO_CENTER,10.66,5.71,83.27,0,1500,1654,CENTER
1173347.278,TO_CENTER,10.66,5.71,83.27,0,1500,1654,CENTER
1173347.299,TO_CENTER,10.65,5.75,84.48,0,1500,1654,CENTER
1173347.319,TO_CENTER,10.65,5.75,84.48,0,1500,1654,CENTER
1173347.340,TO_CENTER,10.65,5.75,84.48,0,1500,1654,CENTER
1173347.360,TO_CENTER,10.65,5.75,84.48,0,1500,1654,CENTER
1173347.381,TO_CENTER,10.65,5.75,84.48,0,1500,1654,CENTER
1173347.401,TO_CENTER,10.65,5.78,85.23,0,1500,1654,CENTER
1173347.422,TO_CENTER,10.65,5.78,85.23,0,1500,1654,CENTER
1173347.442,TO_CENTER,10.65,5.78,85.23,0,1500,1654,CENTER
1173347.465,TO_CENTER,10.65,5.78,85.23,0,1500,1654,CENTER
1173347.485,TO_CENTER,10.65,5.78,85.23,0,1500,1654,CENTER
1173347.506,TO_CENTER,10.64,5.81,85.97,0,1500,1654,CENTER
1173347.526,TO_CENTER,10.64,5.81,85.97,0,1500,1654,CENTER
1173347.546,TO_CENTER,10.64,5.81,85.97,0,1500,1654,CENTER
1173347.568,TO_CENTER,10.64,5.81,85.97,0,1500,1654,CENTER
1173347.589,TO_CENTER,10.64,5.81,85.97,0,1500,1654,CENTER
1173347.609,TO_CENTER,10.64,5.84,56.71,0,1500,1654,CENTER
1173347.633,TO_CENTER,10.64,5.84,56.71,0,1500,1654,CENTER
1173347.653,TO_CENTER,10.64,5.84,56.71,0,1500,1654,CENTER
1173347.673,TO_CENTER,10.64,5.84,56.71,0,1500,1654,CENTER
1173347.694,TO_CENTER,10.64,5.84,56.71,0,1500,1654,CENTER
1173347.715,TO_CENTER,10.64,5.84,56.71,0,1500,1654,CENTER
1173347.735,TO_CENTER,10.64,5.84,56.71,0,1500,1654,CENTER
1173347.756,TO_CENTER,10.64,5.84,56.71,0,1500,1654,CENTER
1173347.776,TO_CENTER,10.64,5.84,56.71,0,1500,1654,CENTER
1173347.797,TO_CENTER,10.64,5.84,56.71,0,1500,1654,CENTER
1173347.817,TO_CENTER,10.64,5.87,57.34,0,1500,1654,CENTER
1173347.837,TO_CENTER,10.63,5.87,57.34,0,1500,1654,CENTER
1173347.858,TO_CENTER,10.63,5.87,57.34,0,1500,1654,CENTER
1173347.879,TO_CENTER,10.63,5.87,57.34,0,1500,1654,CENTER
1173347.900,TO_CENTER,10.63,5.87,57.34,0,1500,1654,CENTER
1173347.921,TO_CENTER,10.63,5.91,58.06,0,1500,1654,CENTER
1173347.941,TO_CENTER,10.63,5.91,58.06,0,1500,1654,CENTER
1173347.961,TO_CENTER,10.63,5.91,58.06,0,1500,1654,CENTER
1173347.982,TO_CENTER,10.63,5.91,58.06,0,1500,1654,CENTER
1173348.002,TO_CENTER,10.63,5.91,58.06,0,1500,1654,CENTER
1173348.022,TO_CENTER,10.63,5.95,59.06,0,1500,1654,CENTER
1173348.044,TO_CENTER,10.63,5.95,59.06,0,1500,1654,CENTER
1173348.066,TO_CENTER,10.63,5.95,59.06,0,1500,1654,CENTER
1173348.086,TO_CENTER,10.63,5.95,59.06,0,1500,1654,CENTER
1173348.107,TO_CENTER,10.63,5.95,59.06,0,1500,1654,CENTER
1173348.128,TO_CENTER,10.63,5.99,59.77,0,1500,1654,CENTER
1173348.148,TO_CENTER,10.63,5.99,59.77,0,1500,1654,CENTER
1173348.169,TO_CENTER,10.63,5.99,59.77,0,1500,1654,CENTER
1173348.190,TO_CENTER,10.63,5.99,59.77,0,1500,1654,CENTER
1173348.210,TO_CENTER,10.63,5.99,59.77,0,1500,1654,CENTER
1173348.231,TO_CENTER,10.62,6.03,60.36,0,1500,1654,CENTER
1173348.251,TO_CENTER,10.62,6.03,60.36,0,1500,1654,CENTER
1173348.272,TO_CENTER,10.62,6.03,60.36,0,1500,1654,CENTER
1173348.292,TO_CENTER,10.62,6.03,60.36,0,1500,1654,CENTER
1173348.313,TO_CENTER,10.62,6.03,60.36,0,1500,1654,CENTER
1173348.333,TO_CENTER,10.62,6.03,38.36,0,1500,1654,CENTER
1173348.354,TO_CENTER,10.62,6.03,38.36,0,1500,1654,CENTER
1173348.374,TO_CENTER,10.62,6.03,38.36,0,1500,1654,CENTER
1173348.395,TO_CENTER,10.62,6.03,38.36,0,1500,1654,CENTER
1173348.415,TO_CENTER,10.62,6.03,38.36,0,1500,1654,CENTER
1173348.435,TO_CENTER,10.62,6.06,39.05,0,1500,1654,CENTER
1173348.456,TO_CENTER,10.62,6.06,39.05,0,1500,1654,CENTER
1173348.476,TO_CENTER,10.62,6.06,39.05,0,1500,1654,CENTER
1173348.497,TO_CENTER,10.62,6.06,39.05,0,1500,1654,CENTER
1173348.517,TO_CENTER,10.62,6.06,39.05,0,1500,1654,CENTER
1173348.538,TO_CENTER,10.61,6.11,40.00,0,1500,1654,CENTER
1173348.558,TO_CENTER,10.61,6.11,40.00,0,1500,1654,CENTER
1173348.579,TO_CENTER,10.61,6.11,40.00,0,1500,1654,CENTER
1173348.599,TO_CENTER,10.61,6.11,40.00,0,1500,1654,CENTER
1173348.620,TO_CENTER,10.61,6.11,40.00,0,1500,1654,CENTER
1173348.640,TO_CENTER,10.61,6.11,40.00,0,1500,1654,CENTER
1173348.660,TO_CENTER,10.61,6.11,40.00,0,1500,1654,CENTER
1173348.680,TO_CENTER,10.61,6.11,40.00,0,1500,1654,CENTER
1173348.700,TO_CENTER,10.61,6.11,40.00,0,1500,1654,CENTER
1173348.721,TO_CENTER,10.61,6.11,40.00,0,1500,1654,CENTER
1173348.741,TO_CENTER,10.61,6.17,40.84,0,1500,1654,CENTER
1173348.762,TO_CENTER,10.61,6.17,40.84,0,1500,1654,CENTER
1173348.782,TO_CENTER,10.61,6.17,40.84,0,1500,1654,CENTER
1173348.803,TO_CENTER,10.61,6.17,40.84,0,1500,1654,CENTER
1173348.824,TO_CENTER,10.61,6.17,40.84,0,1500,1654,CENTER
1173348.844,TO_CENTER,10.61,6.20,20.47,1,1525,1654,CENTER
1173348.866,TO_CENTER,10.61,6.20,20.47,1,1525,1654,CENTER
1173348.886,TO_CENTER,10.61,6.20,20.47,1,1525,1654,CENTER
1173348.906,TO_CENTER,10.61,6.20,20.47,1,1525,1654,CENTER
1173348.927,TO_CENTER,10.61,6.20,20.47,1,1525,1654,CENTER
1173348.947,TO_CENTER,10.61,6.25,21.02,1,1525,1654,CENTER
1173348.967,TO_CENTER,10.61,6.25,21.02,1,1525,1654,CENTER
1173348.989,TO_CENTER,10.61,6.25,21.02,1,1525,1654,CENTER
1173349.009,TO_CENTER,10.61,6.25,21.02,1,1525,1654,CENTER
1173349.029,TO_CENTER,10.61,6.25,21.02,1,1525,1654,CENTER
1173349.050,TO_CENTER,10.60,6.28,21.64,1,1525,1654,CENTER
1173349.071,TO_CENTER,10.60,6.28,21.64,1,1525,1654,CENTER
1173349.091,TO_CENTER,10.60,6.28,21.64,1,1525,1654,CENTER
1173349.112,TO_CENTER,10.60,6.28,21.64,1,1525,1654,CENTER
1173349.133,TO_CENTER,10.60,6.28,21.64,1,1525,1654,CENTER
1173349.153,TO_CENTER,10.60,6.32,22.18,1,1525,1654,CENTER
1173349.174,TO_CENTER,10.60,6.32,22.18,1,1525,1654,CENTER
1173349.194,TO_CENTER,10.60,6.32,22.18,1,1525,1654,CENTER
1173349.215,TO_CENTER,10.60,6.32,22.18,1,1525,1654,CENTER
1173349.235,TO_CENTER,10.60,6.32,22.18,1,1525,1654,CENTER
1173349.256,TO_CENTER,10.60,6.35,22.78,1,1525,1654,CENTER
1173349.276,TO_CENTER,10.60,6.35,22.78,1,1525,1654,CENTER
1173349.297,TO_CENTER,10.60,6.35,22.78,1,1525,1654,CENTER
1173349.317,TO_CENTER,10.60,6.35,22.78,1,1525,1654,CENTER
1173349.338,TO_CENTER,10.60,6.35,22.78,1,1525,1654,CENTER
1173349.358,TO_CENTER,10.60,6.40,23.30,1,1526,1654,CENTER
1173349.379,TO_CENTER,10.60,6.40,23.30,1,1526,1654,CENTER
1173349.399,TO_CENTER,10.60,6.40,23.30,1,1526,1654,CENTER
1173349.420,TO_CENTER,10.60,6.40,23.30,1,1526,1654,CENTER
1173349.440,TO_CENTER,10.60,6.40,23.30,1,1526,1654,CENTER
1173349.461,TO_CENTER,10.60,6.43,18.90,1,1526,1654,CENTER
1173349.481,TO_CENTER,10.60,6.43,18.90,1,1526,1654,CENTER
1173349.502,TO_CENTER,10.60,6.43,18.90,1,1526,1654,CENTER
1173349.523,TO_CENTER,10.60,6.43,18.90,1,1526,1654,CENTER
1173349.543,TO_CENTER,10.60,6.43,18.90,1,1526,1654,CENTER
1173349.563,TO_CENTER,10.60,6.43,18.90,1,1526,1654,CENTER
1173349.584,TO_CENTER,10.60,6.43,18.90,1,1526,1654,CENTER
1173349.605,TO_CENTER,10.60,6.43,18.90,1,1526,1654,CENTER
1173349.625,TO_CENTER,10.60,6.43,18.90,1,1526,1654,CENTER
1173349.646,TO_CENTER,10.60,6.43,18.90,1,1526,1654,CENTER
1173349.667,TO_CENTER,10.60,6.50,19.65,1,1526,1654,CENTER
1173349.687,TO_CENTER,10.60,6.50,19.65,1,1526,1654,CENTER
1173349.708,TO_CENTER,10.60,6.50,19.65,1,1526,1654,CENTER
1173349.728,TO_CENTER,10.60,6.50,19.65,1,1526,1654,CENTER
1173349.749,TO_CENTER,10.60,6.50,19.65,1,1526,1654,CENTER
1173349.769,TO_CENTER,10.59,6.54,20.13,1,1526,1654,CENTER
1173349.789,TO_CENTER,10.59,6.54,20.13,1,1526,1654,CENTER
1173349.810,TO_CENTER,10.59,6.54,20.13,1,1526,1654,CENTER
1173349.831,TO_CENTER,10.59,6.54,20.13,1,1526,1654,CENTER
1173349.851,TO_CENTER,10.59,6.54,20.13,1,1526,1654,CENTER
1173349.872,TO_CENTER,10.59,6.57,20.70,1,1526,1654,CENTER
1173349.892,TO_CENTER,10.59,6.57,20.70,1,1526,1654,CENTER
1173349.913,TO_CENTER,10.59,6.57,20.70,1,1526,1654,CENTER
1173349.933,TO_CENTER,10.59,6.57,20.70,1,1526,1654,CENTER
1173349.954,TO_CENTER,10.59,6.57,20.70,1,1526,1654,CENTER
1173349.975,TO_CENTER,10.59,6.64,18.41,1,1527,1654,CENTER
1173349.995,TO_CENTER,10.59,6.64,18.41,1,1527,1654,CENTER
1173350.016,TO_CENTER,10.59,6.64,18.41,1,1527,1654,CENTER
1173350.037,TO_CENTER,10.59,6.64,18.41,1,1527,1654,CENTER
1173350.058,TO_CENTER,10.59,6.64,18.41,1,1527,1654,CENTER
1173350.078,TO_CENTER,10.59,6.68,18.96,1,1527,1654,CENTER
1173350.099,TO_CENTER,10.59,6.68,18.96,1,1527,1654,CENTER
1173350.119,TO_CENTER,10.59,6.68,18.96,1,1527,1654,CENTER
1173350.140,TO_CENTER,10.59,6.68,18.96,1,1527,1654,CENTER
1173350.160,TO_CENTER,10.59,6.68,18.96,1,1527,1654,CENTER
1173350.180,TO_CENTER,10.59,6.68,18.96,1,1527,1654,CENTER
1173350.201,TO_CENTER,10.59,6.68,18.96,1,1527,1654,CENTER
1173350.222,TO_CENTER,10.59,6.68,18.96,1,1527,1654,CENTER
1173350.242,TO_CENTER,10.59,6.68,18.96,1,1527,1654,CENTER
1173350.263,TO_CENTER,10.59,6.68,18.96,1,1527,1654,CENTER
1173350.283,TO_CENTER,10.59,6.74,19.64,1,1527,1654,CENTER
1173350.304,TO_CENTER,10.59,6.74,19.64,1,1527,1654,CENTER
1173350.324,TO_CENTER,10.59,6.74,19.64,1,1527,1654,CENTER
1173350.345,TO_CENTER,10.59,6.74,19.64,1,1527,1654,CENTER
1173350.366,TO_CENTER,10.59,6.74,19.64,1,1527,1654,CENTER
1173350.387,TO_CENTER,10.58,6.77,20.08,1,1527,1654,CENTER
1173350.407,TO_CENTER,10.58,6.77,20.08,1,1527,1654,CENTER
1173350.427,TO_CENTER,10.58,6.77,20.08,1,1527,1654,CENTER
1173350.448,TO_CENTER,10.58,6.77,20.08,1,1527,1654,CENTER
1173350.469,TO_CENTER,10.58,6.77,20.08,1,1527,1654,CENTER
1173350.489,TO_CENTER,10.58,6.84,14.74,1,1527,1654,CENTER
1173350.510,TO_CENTER,10.58,6.84,14.74,1,1527,1654,CENTER
1173350.530,TO_CENTER,10.58,6.84,14.74,1,1527,1654,CENTER
1173350.550,TO_CENTER,10.58,6.84,14.74,1,1527,1654,CENTER
1173350.571,TO_CENTER,10.58,6.84,14.74,1,1527,1654,CENTER
1173350.591,TO_CENTER,10.58,6.84,14.74,1,1527,1654,CENTER
1173350.612,TO_CENTER,10.58,6.84,14.74,1,1527,1654,CENTER
1173350.632,TO_CENTER,10.58,6.84,14.74,1,1527,1654,CENTER
1173350.652,TO_CENTER,10.58,6.84,14.74,1,1527,1654,CENTER
1173350.673,TO_CENTER,10.58,6.84,14.74,1,1527,1654,CENTER
1173350.693,TO_CENTER,10.58,6.90,15.47,1,1528,1654,CENTER
1173350.714,TO_CENTER,10.58,6.90,15.47,1,1528,1654,CENTER
1173350.735,TO_CENTER,10.58,6.90,15.47,1,1528,1654,CENTER
1173350.756,TO_CENTER,10.58,6.90,15.47,1,1528,1654,CENTER
1173350.776,TO_CENTER,10.58,6.90,15.47,1,1528,1654,CENTER
1173350.797,TO_CENTER,10.57,6.94,15.90,1,1528,1654,CENTER
1173350.817,TO_CENTER,10.57,6.94,15.90,1,1528,1654,CENTER
1173350.837,TO_CENTER,10.57,6.94,15.90,1,1528,1654,CENTER
1173350.858,TO_CENTER,10.57,6.94,15.90,1,1528,1654,CENTER
1173350.879,TO_CENTER,10.57,6.94,15.90,1,1528,1654,CENTER
1173350.899,TO_CENTER,10.57,6.98,16.31,1,1528,1654,CENTER
1173350.920,TO_CENTER,10.57,6.98,16.31,1,1528,1654,CENTER
1173350.940,TO_CENTER,10.57,6.98,16.31,1,1528,1654,CENTER
1173350.960,TO_CENTER,10.57,6.98,16.31,1,1528,1654,CENTER
1173350.981,TO_CENTER,10.57,6.98,16.31,1,1528,1654,CENTER
1173351.002,TO_CENTER,10.57,7.04,14.93,1,1528,1654,CENTER
1173351.024,TO_CENTER,10.57,7.04,14.93,1,1528,1654,CENTER
1173351.044,TO_CENTER,10.57,7.04,14.93,1,1528,1654,CENTER
1173351.065,TO_CENTER,10.57,7.04,14.93,1,1528,1654,CENTER
1173351.086,TO_CENTER,10.57,7.04,14.93,1,1528,1654,CENTER
1173351.107,TO_CENTER,10.56,7.08,15.33,1,1528,1654,CENTER
1173351.127,TO_CENTER,10.56,7.08,15.33,1,1528,1654,CENTER
1173351.149,TO_CENTER,10.56,7.08,15.33,1,1528,1654,CENTER
1173351.169,TO_CENTER,10.56,7.08,15.33,1,1528,1654,CENTER
1173351.190,TO_CENTER,10.56,7.08,15.33,1,1528,1654,CENTER
1173351.211,TO_CENTER,10.56,7.08,15.33,1,1528,1654,CENTER
1173351.231,TO_CENTER,10.56,7.08,15.33,1,1528,1654,CENTER
1173351.252,TO_CENTER,10.56,7.08,15.33,1,1528,1654,CENTER
1173351.272,TO_CENTER,10.56,7.08,15.33,1,1528,1654,CENTER
1173351.292,TO_CENTER,10.56,7.08,15.33,1,1528,1654,CENTER
1173351.313,TO_CENTER,10.56,7.12,15.73,1,1528,1654,CENTER
1173351.333,TO_CENTER,10.56,7.12,15.73,1,1528,1654,CENTER
1173351.353,TO_CENTER,10.56,7.12,15.73,1,1528,1654,CENTER
1173351.374,TO_CENTER,10.56,7.12,15.73,1,1528,1654,CENTER
1173351.394,TO_CENTER,10.56,7.12,15.73,1,1528,1654,CENTER
1173351.414,TO_CENTER,10.56,7.16,16.12,1,1529,1654,CENTER
1173351.435,TO_CENTER,10.56,7.16,16.12,1,1529,1654,CENTER
1173351.455,TO_CENTER,10.56,7.16,16.12,1,1529,1654,CENTER
1173351.477,TO_CENTER,10.56,7.16,16.12,1,1529,1654,CENTER
1173351.497,TO_CENTER,10.56,7.16,16.12,1,1529,1654,CENTER
1173351.518,TO_CENTER,10.55,7.20,16.50,1,1529,1654,CENTER
1173351.539,TO_CENTER,10.55,7.20,16.50,1,1529,1654,CENTER
1173351.560,TO_CENTER,10.55,7.20,16.50,1,1529,1654,CENTER
1173351.580,TO_CENTER,10.55,7.20,16.50,1,1529,1654,CENTER
1173351.600,TO_CENTER,10.55,7.20,16.50,1,1529,1654,CENTER
1173351.621,TO_CENTER,10.55,7.20,16.50,1,1529,1654,CENTER
1173351.641,TO_CENTER,10.55,7.20,16.50,1,1529,1654,CENTER
1173351.662,TO_CENTER,10.55,7.20,16.50,1,1529,1654,CENTER
1173351.682,TO_CENTER,10.55,7.20,16.50,1,1529,1654,CENTER
1173351.703,TO_CENTER,10.55,7.20,16.50,1,1529,1654,CENTER
1173351.723,TO_CENTER,10.55,7.26,12.08,1,1529,1654,CENTER
1173351.744,TO_CENTER,10.55,7.26,12.08,1,1529,1654,CENTER
1173351.764,TO_CENTER,10.55,7.26,12.08,1,1529,1654,CENTER
1173351.785,TO_CENTER,10.55,7.26,12.08,1,1529,1654,CENTER
1173351.805,TO_CENTER,10.55,7.26,12.08,1,1529,1654,CENTER
1173351.826,TO_CENTER,10.54,7.30,12.46,1,1529,1654,CENTER
1173351.846,TO_CENTER,10.54,7.30,12.46,1,1529,1654,CENTER
1173351.867,TO_CENTER,10.54,7.30,12.46,1,1529,1654,CENTER
1173351.888,TO_CENTER,10.54,7.30,12.46,1,1529,1654,CENTER
1173351.908,TO_CENTER,10.54,7.30,12.46,1,1529,1654,CENTER
1173351.928,TO_CENTER,10.54,7.34,12.83,1,1529,1654,CENTER
1173351.949,TO_CENTER,10.54,7.34,12.83,1,1529,1654,CENTER
1173351.969,TO_CENTER,10.54,7.34,12.83,1,1529,1654,CENTER
1173351.990,TO_CENTER,10.54,7.34,12.83,1,1529,1654,CENTER
1173352.010,TO_CENTER,10.54,7.34,12.83,1,1529,1654,CENTER
1173352.031,TO_CENTER,10.53,7.38,13.20,1,1530,1654,CENTER
1173352.051,TO_CENTER,10.53,7.38,13.20,1,1530,1654,CENTER
1173352.072,TO_CENTER,10.53,7.38,13.20,1,1530,1654,CENTER
1173352.092,TO_CENTER,10.53,7.38,13.20,1,1530,1654,CENTER
1173352.113,TO_CENTER,10.53,7.38,13.20,1,1530,1654,CENTER
1173352.134,TO_CENTER,10.53,7.44,13.74,1,1530,1654,CENTER
1173352.154,TO_CENTER,10.53,7.44,13.74,1,1530,1654,CENTER
1173352.175,TO_CENTER,10.53,7.44,13.74,1,1530,1654,CENTER
1173352.195,TO_CENTER,10.53,7.44,13.74,1,1530,1654,CENTER
1173352.216,TO_CENTER,10.53,7.44,13.74,1,1530,1654,CENTER
1173352.236,TO_CENTER,10.52,7.48,14.10,1,1530,1654,CENTER
1173352.257,TO_CENTER,10.52,7.48,14.10,1,1530,1654,CENTER
1173352.278,TO_CENTER,10.52,7.48,14.10,1,1530,1654,CENTER
1173352.298,TO_CENTER,10.52,7.48,14.10,1,1530,1654,CENTER
1173352.318,TO_CENTER,10.52,7.48,14.10,1,1530,1654,CENTER
1173352.339,TO_CENTER,10.52,7.52,12.46,1,1530,1654,CENTER
1173352.360,TO_CENTER,10.52,7.52,12.46,1,1530,1654,CENTER
1173352.380,TO_CENTER,10.52,7.52,12.46,1,1530,1654,CENTER
1173352.403,TO_CENTER,10.52,7.52,12.46,1,1530,1654,CENTER
1173352.423,TO_CENTER,10.52,7.52,12.46,1,1530,1654,CENTER
1173352.444,TO_CENTER,10.51,7.55,12.81,1,1530,1654,CENTER
1173352.464,TO_CENTER,10.51,7.55,12.81,1,1530,1654,CENTER
1173352.485,TO_CENTER,10.51,7.55,12.81,1,1530,1654,CENTER
1173352.505,TO_CENTER,10.51,7.55,12.81,1,1530,1654,CENTER
1173352.527,TO_CENTER,10.51,7.55,12.81,1,1530,1654,CENTER
1173352.547,TO_CENTER,10.51,7.55,12.81,1,1530,1654,CENTER
1173352.568,TO_CENTER,10.51,7.55,12.81,1,1530,1654,CENTER
1173352.590,TO_CENTER,10.51,7.55,12.81,1,1530,1654,CENTER
1173352.610,TO_CENTER,10.51,7.55,12.81,1,1530,1654,CENTER
1173352.631,TO_CENTER,10.51,7.55,12.81,1,1530,1654,CENTER
1173352.651,TO_CENTER,10.51,7.60,13.15,1,1530,1654,CENTER
1173352.672,TO_CENTER,10.51,7.60,13.15,1,1530,1654,CENTER
1173352.692,TO_CENTER,10.51,7.60,13.15,1,1530,1654,CENTER
1173352.713,TO_CENTER,10.51,7.60,13.15,1,1530,1654,CENTER
1173352.734,TO_CENTER,10.51,7.60,13.15,1,1530,1654,CENTER
1173352.754,TO_CENTER,10.50,7.65,13.58,1,1531,1654,CENTER
1173352.776,TO_CENTER,10.50,7.65,13.58,1,1531,1654,CENTER
1173352.796,TO_CENTER,10.50,7.65,13.58,1,1531,1654,CENTER
1173352.817,TO_CENTER,10.50,7.65,13.58,1,1531,1654,CENTER
1173352.837,TO_CENTER,10.50,7.65,13.58,1,1531,1654,CENTER
1173352.858,TO_CENTER,10.50,7.69,13.92,1,1531,1654,CENTER
1173352.878,TO_CENTER,10.49,7.69,13.92,1,1531,1654,CENTER
1173352.899,TO_CENTER,10.49,7.69,13.92,1,1531,1654,CENTER
1173352.919,TO_CENTER,10.49,7.69,13.92,1,1531,1654,CENTER
1173352.940,TO_CENTER,10.49,7.69,13.92,1,1531,1654,CENTER
1173352.960,TO_CENTER,10.49,7.73,12.26,1,1531,1654,CENTER
1173352.981,TO_CENTER,10.49,7.73,12.26,1,1531,1654,CENTER
1173353.001,TO_CENTER,10.49,7.73,12.26,1,1531,1654,CENTER
1173353.022,TO_CENTER,10.49,7.73,12.26,1,1531,1654,CENTER
1173353.042,TO_CENTER,10.49,7.73,12.26,1,1531,1654,CENTER
1173353.063,TO_CENTER,10.48,7.77,12.59,1,1531,1654,CENTER
1173353.085,TO_CENTER,10.48,7.77,12.59,1,1531,1654,CENTER
1173353.106,TO_CENTER,10.48,7.77,12.59,1,1531,1654,CENTER
1173353.127,TO_CENTER,10.48,7.77,12.59,1,1531,1654,CENTER
1173353.147,TO_CENTER,10.48,7.77,12.59,1,1531,1654,CENTER
1173353.168,TO_CENTER,10.48,7.77,12.59,1,1531,1654,CENTER
1173353.188,TO_CENTER,10.48,7.77,12.59,1,1531,1654,CENTER
1173353.209,TO_CENTER,10.48,7.77,12.59,1,1531,1654,CENTER
1173353.229,TO_CENTER,10.48,7.77,12.59,1,1531,1654,CENTER
1173353.249,TO_CENTER,10.48,7.77,12.59,1,1531,1654,CENTER
1173353.270,TO_CENTER,10.47,7.82,13.00,1,1531,1654,CENTER
1173353.291,TO_CENTER,10.47,7.82,13.00,1,1531,1654,CENTER
1173353.311,TO_CENTER,10.47,7.82,13.00,1,1531,1654,CENTER
1173353.332,TO_CENTER,10.47,7.82,13.00,1,1531,1654,CENTER
1173353.352,TO_CENTER,10.47,7.82,13.00,1,1531,1654,CENTER
1173353.372,TO_CENTER,10.46,7.86,13.32,1,1531,1654,CENTER
1173353.393,TO_CENTER,10.46,7.86,13.32,1,1531,1654,CENTER
1173353.413,TO_CENTER,10.46,7.86,13.32,1,1531,1654,CENTER
1173353.434,TO_CENTER,10.46,7.86,13.32,1,1531,1654,CENTER
1173353.455,TO_CENTER,10.46,7.86,13.32,1,1531,1654,CENTER
1173353.475,TO_CENTER,10.45,7.90,13.65,1,1532,1654,CENTER
1173353.495,TO_CENTER,10.45,7.90,13.65,1,1532,1654,CENTER
1173353.516,TO_CENTER,10.45,7.90,13.65,1,1532,1654,CENTER
1173353.536,TO_CENTER,10.45,7.90,13.65,1,1532,1654,CENTER
1173353.557,TO_CENTER,10.45,7.90,13.65,1,1532,1654,CENTER
1173353.577,TO_CENTER,10.44,7.95,11.04,1,1532,1654,CENTER
1173353.597,TO_CENTER,10.44,7.95,11.04,1,1532,1654,CENTER
1173353.619,TO_CENTER,10.44,7.95,11.04,1,1532,1654,CENTER
1173353.639,TO_CENTER,10.44,7.95,11.04,1,1532,1654,CENTER
1173353.659,TO_CENTER,10.44,7.95,11.04,1,1532,1654,CENTER
1173353.680,TO_CENTER,10.44,7.99,11.36,1,1532,1654,CENTER
1173353.701,TO_CENTER,10.44,7.99,11.36,1,1532,1654,CENTER
1173353.721,TO_CENTER,10.44,7.99,11.36,1,1532,1654,CENTER
1173353.742,TO_CENTER,10.44,7.99,11.36,1,1532,1654,CENTER
1173353.763,TO_CENTER,10.44,7.99,11.36,1,1532,1654,CENTER
1173353.784,TO_CENTER,10.44,7.99,11.36,1,1532,1654,CENTER
1173353.804,TO_CENTER,10.44,7.99,11.36,1,1532,1654,CENTER
1173353.824,TO_CENTER,10.44,7.99,11.36,1,1532,1654,CENTER
1173353.845,TO_CENTER,10.44,7.99,11.36,1,1532,1654,CENTER
1173353.865,TO_CENTER,10.44,7.99,11.36,1,1532,1654,CENTER
1173353.886,TO_CENTER,10.43,8.05,11.82,1,1532,1654,CENTER
1173353.906,TO_CENTER,10.43,8.05,11.82,1,1532,1654,CENTER
1173353.927,TO_CENTER,10.43,8.05,11.82,1,1532,1654,CENTER
1173353.947,TO_CENTER,10.43,8.05,11.82,1,1532,1654,CENTER
1173353.968,TO_CENTER,10.43,8.05,11.82,1,1532,1654,CENTER
1173353.988,TO_CENTER,10.42,8.08,12.05,1,1532,1654,CENTER
1173354.009,TO_CENTER,10.42,8.08,12.05,1,1532,1654,CENTER
1173354.029,TO_CENTER,10.42,8.08,12.05,1,1532,1654,CENTER
1173354.050,TO_CENTER,10.42,8.08,12.05,1,1532,1654,CENTER
1173354.070,TO_CENTER,10.42,8.08,12.05,1,1532,1654,CENTER
1173354.091,TO_CENTER,10.41,8.12,12.36,1,1532,1654,CENTER
1173354.111,TO_CENTER,10.41,8.12,12.36,1,1532,1654,CENTER
1173354.131,TO_CENTER,10.41,8.12,12.36,1,1532,1654,CENTER
1173354.151,TO_CENTER,10.41,8.12,12.36,1,1532,1654,CENTER
1173354.172,TO_CENTER,10.41,8.12,12.36,1,1532,1654,CENTER
1173354.193,TO_CENTER,10.40,8.17,10.73,1,1533,1654,CENTER
1173354.213,TO_CENTER,10.40,8.17,10.73,1,1533,1654,CENTER
1173354.234,TO_CENTER,10.40,8.17,10.73,1,1533,1654,CENTER
1173354.254,TO_CENTER,10.40,8.17,10.73,1,1533,1654,CENTER
1173354.276,TO_CENTER,10.40,8.17,10.73,1,1533,1654,CENTER
1173354.297,TO_CENTER,10.39,8.20,11.03,1,1533,1654,CENTER
1173354.317,TO_CENTER,10.39,8.20,11.03,1,1533,1654,CENTER
1173354.338,TO_CENTER,10.39,8.20,11.03,1,1533,1654,CENTER
1173354.358,TO_CENTER,10.39,8.20,11.03,1,1533,1654,CENTER
1173354.379,TO_CENTER,10.39,8.20,11.03,1,1533,1654,CENTER
1173354.400,TO_CENTER,10.38,8.24,11.25,1,1533,1654,CENTER
1173354.420,TO_CENTER,10.38,8.24,11.25,1,1533,1654,CENTER
1173354.441,TO_CENTER,10.38,8.24,11.25,1,1533,1654,CENTER
1173354.461,TO_CENTER,10.38,8.24,11.25,1,1533,1654,CENTER
1173354.482,TO_CENTER,10.38,8.24,11.25,1,1533,1654,CENTER
1173354.502,TO_CENTER,10.38,8.24,11.25,1,1533,1654,CENTER
1173354.522,TO_CENTER,10.38,8.24,11.25,1,1533,1654,CENTER
1173354.543,TO_CENTER,10.38,8.24,11.25,1,1533,1654,CENTER
1173354.563,TO_CENTER,10.38,8.24,11.25,1,1533,1654,CENTER
1173354.583,TO_CENTER,10.38,8.24,11.25,1,1533,1654,CENTER
1173354.605,TO_CENTER,10.37,8.29,11.61,1,1533,1654,CENTER
1173354.625,TO_CENTER,10.37,8.29,11.61,1,1533,1654,CENTER
1173354.645,TO_CENTER,10.37,8.29,11.61,1,1533,1654,CENTER
1173354.666,TO_CENTER,10.37,8.29,11.61,1,1533,1654,CENTER
1173354.687,TO_CENTER,10.37,8.29,11.61,1,1533,1654,CENTER
1173354.707,TO_CENTER,10.37,8.29,11.61,1,1533,1654,CENTER
1173354.727,TO_CENTER,10.37,8.29,11.61,1,1533,1654,CENTER
1173354.747,TO_CENTER,10.37,8.29,11.61,1,1533,1654,CENTER
1173354.768,TO_CENTER,10.37,8.29,11.61,1,1533,1654,CENTER
1173354.789,TO_CENTER,10.37,8.29,11.61,1,1533,1654,CENTER
1173354.809,TO_CENTER,10.35,8.34,10.05,1,1533,1654,CENTER
1173354.830,TO_CENTER,10.35,8.34,10.05,1,1533,1654,CENTER
1173354.850,TO_CENTER,10.35,8.34,10.05,1,1533,1654,CENTER
1173354.871,TO_CENTER,10.35,8.34,10.05,1,1533,1654,CENTER
1173354.891,TO_CENTER,10.35,8.34,10.05,1,1533,1654,CENTER
1173354.912,TO_CENTER,10.34,8.37,10.26,1,1533,1654,CENTER
1173354.932,TO_CENTER,10.34,8.37,10.26,1,1533,1654,CENTER
1173354.953,TO_CENTER,10.34,8.37,10.26,1,1533,1654,CENTER
1173354.973,TO_CENTER,10.34,8.37,10.26,1,1533,1654,CENTER
1173354.994,TO_CENTER,10.34,8.37,10.26,1,1533,1654,CENTER
1173355.014,TO_CENTER,10.33,8.41,10.55,1,1534,1655,CENTER
1173355.035,TO_CENTER,10.33,8.41,10.55,1,1534,1655,CENTER
1173355.055,TO_CENTER,10.33,8.41,10.55,1,1534,1655,CENTER
1173355.075,TO_CENTER,10.33,8.41,10.55,1,1534,1655,CENTER
1173355.096,TO_CENTER,10.33,8.41,10.55,1,1534,1655,CENTER
1173355.116,TO_CENTER,10.32,8.46,10.90,1,1534,1655,CENTER
1173355.137,TO_CENTER,10.32,8.46,10.90,1,1534,1655,CENTER
1173355.157,TO_CENTER,10.32,8.46,10.90,1,1534,1655,CENTER
1173355.178,TO_CENTER,10.32,8.46,10.90,1,1534,1655,CENTER
1173355.200,TO_CENTER,10.32,8.46,10.90,1,1534,1655,CENTER
1173355.220,TO_CENTER,10.31,8.49,11.11,1,1534,1655,CENTER
1173355.241,TO_CENTER,10.31,8.49,11.11,1,1534,1655,CENTER
1173355.262,TO_CENTER,10.31,8.49,11.11,1,1534,1655,CENTER
1173355.282,TO_CENTER,10.31,8.49,11.11,1,1534,1655,CENTER
1173355.302,TO_CENTER,10.31,8.49,11.11,1,1534,1655,CENTER
1173355.323,TO_CENTER,10.31,8.49,9.11,1,1534,1655,CENTER
1173355.343,TO_CENTER,10.31,8.49,9.11,1,1534,1655,CENTER
1173355.363,TO_CENTER,10.31,8.49,9.11,1,1534,1655,CENTER
1173355.384,TO_CENTER,10.31,8.49,9.11,1,1534,1655,CENTER
1173355.405,TO_CENTER,10.31,8.49,9.11,1,1534,1655,CENTER
1173355.425,TO_CENTER,10.29,8.54,9.45,1,1534,1655,CENTER
1173355.445,TO_CENTER,10.29,8.54,9.45,1,1534,1655,CENTER
1173355.466,TO_CENTER,10.29,8.54,9.45,1,1534,1655,CENTER
1173355.487,TO_CENTER,10.29,8.54,9.45,1,1534,1655,CENTER
1173355.507,TO_CENTER,10.29,8.54,9.45,1,1534,1655,CENTER
1173355.528,TO_CENTER,10.28,8.58,9.66,1,1534,1655,CENTER
1173355.548,TO_CENTER,10.28,8.58,9.66,1,1534,1655,CENTER
1173355.568,TO_CENTER,10.28,8.58,9.66,1,1534,1655,CENTER
1173355.589,TO_CENTER,10.28,8.58,9.66,1,1534,1655,CENTER
1173355.609,TO_CENTER,10.28,8.58,9.66,1,1534,1655,CENTER
1173355.629,TO_CENTER,10.27,8.62,10.00,1,1534,1655,CENTER
1173355.650,TO_CENTER,10.27,8.62,10.00,1,1534,1655,CENTER
1173355.671,TO_CENTER,10.27,8.62,10.00,1,1534,1655,CENTER
1173355.691,TO_CENTER,10.27,8.62,10.00,1,1534,1655,CENTER
1173355.711,TO_CENTER,10.27,8.62,10.00,1,1534,1655,CENTER
1173355.732,TO_CENTER,10.26,8.65,10.27,1,1535,1655,CENTER
1173355.752,TO_CENTER,10.26,8.65,10.27,1,1535,1655,CENTER
1173355.773,TO_CENTER,10.26,8.65,10.27,1,1535,1655,CENTER
1173355.793,TO_CENTER,10.26,8.65,10.27,1,1535,1655,CENTER
1173355.813,TO_CENTER,10.26,8.65,10.27,1,1535,1655,CENTER
1173355.834,TO_CENTER,10.26,8.65,10.27,1,1535,1655,CENTER
1173355.854,TO_CENTER,10.26,8.65,10.27,1,1535,1655,CENTER
1173355.874,TO_CENTER,10.26,8.65,10.27,1,1535,1655,CENTER
1173355.894,TO_CENTER,10.26,8.65,10.27,1,1535,1655,CENTER
1173355.915,TO_CENTER,10.26,8.65,10.27,1,1535,1655,CENTER
1173355.935,TO_CENTER,10.24,8.70,8.61,1,1535,1655,CENTER
1173355.956,TO_CENTER,10.24,8.70,8.61,1,1535,1655,CENTER
1173355.976,TO_CENTER,10.24,8.70,8.61,1,1535,1655,CENTER
1173355.997,TO_CENTER,10.24,8.70,8.61,1,1535,1655,CENTER
1173356.017,TO_CENTER,10.24,8.70,8.61,1,1535,1655,CENTER
1173356.038,TO_CENTER,10.23,8.73,8.80,1,1535,1655,CENTER
1173356.058,TO_CENTER,10.23,8.73,8.80,1,1535,1655,CENTER
1173356.078,TO_CENTER,10.23,8.73,8.80,1,1535,1655,CENTER
1173356.099,TO_CENTER,10.23,8.73,8.80,1,1535,1655,CENTER
1173356.119,TO_CENTER,10.23,8.73,8.80,1,1535,1655,CENTER
1173356.139,TO_CENTER,10.22,8.77,8.99,1,1535,1655,CENTER
1173356.160,TO_CENTER,10.22,8.77,8.99,1,1535,1655,CENTER
1173356.180,TO_CENTER,10.22,8.77,8.99,1,1535,1655,CENTER
1173356.202,TO_CENTER,10.22,8.77,8.99,1,1535,1655,CENTER
1173356.223,TO_CENTER,10.22,8.77,8.99,1,1535,1655,CENTER
1173356.243,TO_CENTER,10.20,8.81,9.33,1,1535,1655,CENTER
1173356.264,TO_CENTER,10.20,8.81,9.33,1,1535,1655,CENTER
1173356.284,TO_CENTER,10.20,8.81,9.33,1,1535,1655,CENTER
1173356.304,TO_CENTER,10.20,8.81,9.33,1,1535,1655,CENTER
1173356.326,TO_CENTER,10.20,8.81,9.33,1,1535,1655,CENTER
1173356.347,TO_CENTER,10.20,8.81,9.33,1,1535,1655,CENTER
1173356.367,TO_CENTER,10.20,8.81,9.33,1,1535,1655,CENTER
1173356.388,TO_CENTER,10.20,8.81,9.33,1,1535,1655,CENTER
1173356.408,TO_CENTER,10.20,8.81,9.33,1,1535,1655,CENTER
1173356.429,TO_CENTER,10.20,8.81,9.33,1,1535,1655,CENTER
1173356.449,TO_CENTER,10.20,8.81,8.33,1,1535,1655,CENTER
1173356.469,TO_CENTER,10.20,8.81,8.33,1,1535,1655,CENTER
1173356.489,TO_CENTER,10.20,8.81,8.33,1,1535,1655,CENTER
1173356.510,TO_CENTER,10.20,8.81,8.33,1,1535,1655,CENTER
1173356.530,TO_CENTER,10.20,8.81,8.33,1,1535,1655,CENTER
1173356.550,TO_CENTER,10.17,8.88,8.84,1,1536,1655,CENTER
1173356.571,TO_CENTER,10.17,8.88,8.84,1,1536,1655,CENTER
1173356.592,TO_CENTER,10.17,8.88,8.84,1,1536,1655,CENTER
1173356.612,TO_CENTER,10.17,8.88,8.84,1,1536,1655,CENTER
1173356.632,TO_CENTER,10.17,8.88,8.84,1,1536,1655,CENTER
1173356.653,TO_CENTER,10.17,8.88,8.84,1,1536,1655,CENTER
1173356.673,TO_CENTER,10.17,8.88,8.84,1,1536,1655,CENTER
1173356.694,TO_CENTER,10.17,8.88,8.84,1,1536,1655,CENTER
1173356.714,TO_CENTER,10.17,8.88,8.84,1,1536,1655,CENTER
1173356.735,TO_CENTER,10.17,8.88,8.84,1,1536,1655,CENTER
1173356.755,TO_CENTER,10.15,8.92,9.17,1,1536,1655,CENTER
1173356.776,TO_CENTER,10.15,8.92,9.17,1,1536,1655,CENTER
1173356.796,TO_CENTER,10.15,8.92,9.17,1,1536,1655,CENTER
1173356.817,TO_CENTER,10.15,8.92,9.17,1,1536,1655,CENTER
1173356.837,TO_CENTER,10.15,8.92,9.17,1,1536,1655,CENTER
1173356.857,TO_CENTER,10.15,8.92,9.17,1,1536,1655,CENTER
1173356.878,TO_CENTER,10.15,8.92,9.17,1,1536,1655,CENTER
1173356.898,TO_CENTER,10.15,8.92,9.17,1,1536,1655,CENTER
1173356.918,TO_CENTER,10.15,8.92,9.17,1,1536,1655,CENTER
1173356.939,TO_CENTER,10.15,8.92,9.17,1,1536,1655,CENTER
1173356.959,TO_CENTER,10.13,8.97,9.41,1,1536,1655,CENTER
1173356.980,TO_CENTER,10.13,8.97,9.41,1,1536,1655,CENTER
1173357.001,TO_CENTER,10.13,8.97,9.41,1,1536,1655,CENTER
1173357.022,TO_CENTER,10.13,8.97,9.41,1,1536,1655,CENTER
1173357.042,TO_CENTER,10.13,8.97,9.41,1,1536,1655,CENTER
1173357.062,TO_CENTER,10.12,8.99,7.60,1,1536,1655,CENTER
1173357.083,TO_CENTER,10.12,8.99,7.60,1,1536,1655,CENTER
1173357.103,TO_CENTER,10.12,8.99,7.60,1,1536,1655,CENTER
1173357.124,TO_CENTER,10.12,8.99,7.60,1,1536,1655,CENTER
1173357.144,TO_CENTER,10.12,8.99,7.60,1,1536,1655,CENTER
1173357.165,TO_CENTER,10.11,9.02,7.79,1,1536,1655,CENTER
1173357.185,TO_CENTER,10.11,9.02,7.79,1,1536,1655,CENTER
1173357.206,TO_CENTER,10.11,9.02,7.79,1,1536,1655,CENTER
1173357.226,TO_CENTER,10.11,9.02,7.79,1,1536,1655,CENTER
1173357.247,TO_CENTER,10.11,9.02,7.79,1,1536,1655,CENTER
1173357.268,TO_CENTER,10.10,9.05,7.97,1,1536,1655,CENTER
1173357.288,TO_CENTER,10.10,9.05,7.97,1,1536,1655,CENTER
1173357.308,TO_CENTER,10.10,9.05,7.97,1,1536,1655,CENTER
1173357.330,TO_CENTER,10.10,9.05,7.97,1,1536,1655,CENTER
1173357.350,TO_CENTER,10.10,9.05,7.97,1,1536,1655,CENTER
1173357.371,TO_CENTER,10.08,9.08,8.16,1,1536,1655,CENTER
1173357.391,TO_CENTER,10.08,9.08,8.16,1,1536,1655,CENTER
1173357.411,TO_CENTER,10.08,9.08,8.16,1,1536,1655,CENTER
1173357.432,TO_CENTER,10.08,9.08,8.16,1,1536,1655,CENTER
1173357.454,TO_CENTER,10.08,9.08,8.16,1,1536,1655,CENTER
1173357.475,TO_CENTER,10.07,9.11,8.35,1,1536,1655,CENTER
1173357.495,TO_CENTER,10.07,9.11,8.35,1,1536,1655,CENTER
1173357.516,TO_CENTER,10.07,9.11,8.35,1,1536,1655,CENTER
1173357.536,TO_CENTER,10.07,9.11,8.35,1,1536,1655,CENTER
1173357.557,TO_CENTER,10.07,9.11,8.35,1,1536,1655,CENTER
1173357.586,TO_CENTER,10.06,9.14,8.53,1,1537,1655,CENTER
1173357.606,TO_CENTER,10.06,9.14,8.53,1,1537,1655,CENTER
1173357.628,TO_CENTER,10.06,9.14,8.53,1,1537,1655,CENTER
1173357.649,TO_CENTER,10.06,9.14,8.53,1,1537,1655,CENTER
1173357.669,TO_CENTER,10.06,9.14,8.53,1,1537,1655,CENTER
1173357.689,TO_CENTER,10.05,9.17,8.71,1,1537,1655,CENTER
1173357.710,TO_CENTER,10.05,9.17,8.71,1,1537,1655,CENTER
1173357.730,TO_CENTER,10.05,9.17,8.71,1,1537,1655,CENTER
1173357.751,TO_CENTER,10.05,9.17,8.71,1,1537,1655,CENTER
1173357.771,TO_CENTER,10.05,9.17,8.71,1,1537,1655,CENTER
1173357.792,TO_CENTER,10.05,9.17,8.71,1,1537,1655,CENTER
1173357.812,TO_CENTER,10.05,9.17,8.71,1,1537,1655,CENTER
1173357.833,TO_CENTER,10.05,9.17,8.71,1,1537,1655,CENTER
1173357.853,TO_CENTER,10.05,9.17,8.71,1,1537,1655,CENTER
1173357.874,TO_CENTER,10.05,9.17,8.71,1,1537,1655,CENTER
1173357.894,TO_CENTER,10.03,9.19,8.90,1,1537,1655,CENTER
1173357.915,TO_CENTER,10.03,9.19,8.90,1,1537,1655,CENTER
1173357.936,TO_CENTER,10.03,9.19,8.90,1,1537,1655,CENTER
1173357.956,TO_CENTER,10.03,9.19,8.90,1,1537,1655,CENTER
1173357.977,TO_CENTER,10.03,9.19,8.90,1,1537,1655,CENTER
1173357.997,TO_CENTER,10.02,9.22,9.07,1,1537,1655,CENTER
1173358.018,TO_CENTER,10.02,9.22,9.07,1,1537,1655,CENTER
1173358.038,TO_CENTER,10.02,9.22,9.07,1,1537,1655,CENTER
1173358.058,TO_CENTER,10.02,9.22,9.07,1,1537,1655,CENTER
1173358.078,TO_CENTER,10.02,9.22,9.07,1,1537,1655,CENTER
1173358.099,TO_CENTER,10.00,9.24,9.26,1,1537,1656,CENTER
1173358.119,TO_CENTER,10.00,9.24,9.26,1,1537,1656,CENTER
1173358.140,TO_CENTER,10.00,9.24,9.26,1,1537,1656,CENTER
1173358.161,TO_CENTER,10.00,9.24,9.26,1,1537,1656,CENTER
1173358.181,TO_CENTER,10.00,9.24,9.26,1,1537,1656,CENTER
1173358.202,TO_CENTER,9.99,9.26,9.44,1,1537,1656,CENTER
1173358.222,TO_CENTER,9.99,9.26,9.44,1,1537,1656,CENTER
1173358.242,TO_CENTER,9.99,9.26,9.44,1,1537,1656,CENTER
1173358.263,TO_CENTER,9.99,9.26,9.44,1,1537,1656,CENTER
1173358.283,TO_CENTER,9.99,9.26,9.44,1,1537,1656,CENTER
1173358.304,TO_CENTER,9.97,9.29,7.62,1,1537,1656,CENTER
1173358.326,TO_CENTER,9.97,9.29,7.62,1,1537,1656,CENTER
1173358.346,TO_CENTER,9.97,9.29,7.62,1,1537,1656,CENTER
1173358.366,TO_CENTER,9.97,9.29,7.62,1,1537,1656,CENTER
1173358.387,TO_CENTER,9.97,9.29,7.62,1,1537,1656,CENTER
1173358.407,TO_CENTER,9.96,9.32,7.80,1,1537,1656,CENTER
1173358.428,TO_CENTER,9.96,9.32,7.80,1,1537,1656,CENTER
1173358.448,TO_CENTER,9.96,9.32,7.80,1,1537,1656,CENTER
1173358.469,TO_CENTER,9.96,9.32,7.80,1,1537,1656,CENTER
1173358.489,TO_CENTER,9.96,9.32,7.80,1,1537,1656,CENTER
1173358.509,TO_CENTER,9.95,9.35,7.97,1,1537,1656,CENTER
1173358.530,TO_CENTER,9.95,9.35,7.97,1,1537,1656,CENTER
1173358.551,TO_CENTER,9.95,9.35,7.97,1,1537,1656,CENTER
1173358.571,TO_CENTER,9.95,9.35,7.97,1,1537,1656,CENTER
1173358.591,TO_CENTER,9.95,9.35,7.97,1,1537,1656,CENTER
1173358.612,TO_CENTER,9.95,9.35,7.97,1,1537,1656,CENTER
1173358.632,TO_CENTER,9.95,9.35,7.97,1,1537,1656,CENTER
1173358.653,TO_CENTER,9.95,9.35,7.97,1,1537,1656,CENTER
1173358.673,TO_CENTER,9.95,9.35,7.97,1,1537,1656,CENTER
1173358.694,TO_CENTER,9.95,9.35,7.97,1,1537,1656,CENTER
1173358.715,TO_CENTER,9.93,9.38,8.21,1,1538,1656,CENTER
1173358.736,TO_CENTER,9.93,9.38,8.21,1,1538,1656,CENTER
1173358.756,TO_CENTER,9.93,9.38,8.21,1,1538,1656,CENTER
1173358.777,TO_CENTER,9.93,9.38,8.21,1,1538,1656,CENTER
1173358.797,TO_CENTER,9.93,9.38,8.21,1,1538,1656,CENTER
1173358.818,TO_CENTER,9.91,9.40,8.39,1,1538,1656,CENTER
1173358.840,TO_CENTER,9.91,9.40,8.39,1,1538,1656,CENTER
1173358.860,TO_CENTER,9.91,9.40,8.39,1,1538,1656,CENTER
1173358.880,TO_CENTER,9.91,9.40,8.39,1,1538,1656,CENTER
1173358.902,TO_CENTER,9.91,9.40,8.39,1,1538,1656,CENTER
1173358.923,TO_CENTER,9.89,9.42,6.50,1,1538,1656,CENTER
1173358.944,TO_CENTER,9.89,9.42,6.50,1,1538,1656,CENTER
1173358.964,TO_CENTER,9.89,9.42,6.50,1,1538,1656,CENTER
1173358.985,TO_CENTER,9.89,9.42,6.50,1,1538,1656,CENTER
1173359.005,TO_CENTER,9.89,9.42,6.50,1,1538,1656,CENTER
1173359.026,TO_CENTER,9.87,9.47,6.79,1,1538,1656,CENTER
1173359.046,TO_CENTER,9.87,9.47,6.79,1,1538,1656,CENTER
1173359.067,TO_CENTER,9.87,9.47,6.79,1,1538,1656,CENTER
1173359.087,TO_CENTER,9.87,9.47,6.79,1,1538,1656,CENTER
1173359.108,TO_CENTER,9.87,9.47,6.79,1,1538,1656,CENTER
1173359.128,TO_CENTER,9.86,9.49,6.90,1,1538,1656,CENTER
1173359.149,TO_CENTER,9.86,9.49,6.90,1,1538,1656,CENTER
1173359.169,TO_CENTER,9.86,9.49,6.90,1,1538,1656,CENTER
1173359.190,TO_CENTER,9.86,9.49,6.90,1,1538,1656,CENTER
1173359.210,TO_CENTER,9.86,9.49,6.90,1,1538,1656,CENTER
1173359.231,TO_CENTER,9.83,9.52,7.13,1,1538,1656,CENTER
1173359.251,TO_CENTER,9.83,9.52,7.13,1,1538,1656,CENTER
1173359.272,TO_CENTER,9.83,9.52,7.13,1,1538,1656,CENTER
1173359.292,TO_CENTER,9.83,9.52,7.13,1,1538,1656,CENTER
1173359.313,TO_CENTER,9.83,9.52,7.13,1,1538,1656,CENTER
1173359.333,TO_CENTER,9.82,9.55,7.31,1,1538,1656,CENTER
1173359.354,TO_CENTER,9.82,9.55,7.31,1,1538,1656,CENTER
1173359.374,TO_CENTER,9.82,9.55,7.31,1,1538,1656,CENTER
1173359.395,TO_CENTER,9.82,9.55,7.31,1,1538,1656,CENTER
1173359.415,TO_CENTER,9.82,9.55,7.31,1,1538,1656,CENTER
1173359.435,TO_CENTER,9.82,9.55,7.31,1,1538,1656,CENTER
1173359.456,TO_CENTER,9.82,9.55,7.31,1,1538,1656,CENTER
1173359.476,TO_CENTER,9.82,9.55,7.31,1,1538,1656,CENTER
1173359.497,TO_CENTER,9.82,9.55,7.31,1,1538,1656,CENTER
1173359.518,TO_CENTER,9.82,9.55,7.31,1,1538,1656,CENTER
1173359.538,TO_CENTER,9.80,9.58,6.54,1,1538,1656,CENTER
1173359.558,TO_CENTER,9.80,9.58,6.54,1,1538,1656,CENTER
1173359.579,TO_CENTER,9.80,9.58,6.54,1,1538,1656,CENTER
1173359.601,TO_CENTER,9.80,9.58,6.54,1,1538,1656,CENTER
1173359.622,TO_CENTER,9.80,9.58,6.54,1,1538,1656,CENTER
1173359.642,TO_CENTER,9.78,9.60,6.71,1,1538,1656,CENTER
1173359.663,TO_CENTER,9.78,9.60,6.71,1,1538,1656,CENTER
1173359.683,TO_CENTER,9.78,9.60,6.71,1,1538,1656,CENTER
1173359.704,TO_CENTER,9.78,9.60,6.71,1,1538,1656,CENTER
1173359.724,TO_CENTER,9.78,9.60,6.71,1,1538,1656,CENTER
1173359.745,TO_CENTER,9.76,9.63,6.95,1,1539,1656,CENTER
1173359.765,TO_CENTER,9.76,9.63,6.95,1,1539,1656,CENTER
1173359.787,TO_CENTER,9.76,9.63,6.95,1,1539,1656,CENTER
1173359.808,TO_CENTER,9.76,9.63,6.95,1,1539,1656,CENTER
1173359.829,TO_CENTER,9.76,9.63,6.95,1,1539,1656,CENTER
1173359.849,TO_CENTER,9.74,9.65,7.05,1,1539,1656,CENTER
1173359.869,TO_CENTER,9.74,9.65,7.05,1,1539,1656,CENTER
1173359.890,TO_CENTER,9.74,9.65,7.05,1,1539,1656,CENTER
1173359.912,TO_CENTER,9.74,9.65,7.05,1,1539,1656,CENTER
1173359.933,TO_CENTER,9.74,9.65,7.05,1,1539,1656,CENTER
1173359.953,TO_CENTER,9.74,9.65,7.05,1,1539,1656,CENTER
1173359.974,TO_CENTER,9.74,9.65,7.05,1,1539,1656,CENTER
1173359.994,TO_CENTER,9.74,9.65,7.05,1,1539,1656,CENTER
1173360.016,TO_CENTER,9.74,9.65,7.05,1,1539,1656,CENTER
1173360.036,TO_CENTER,9.74,9.65,7.05,1,1539,1656,CENTER
1173360.057,TO_CENTER,9.71,9.69,7.27,1,1539,1656,CENTER
1173360.077,TO_CENTER,9.71,9.69,7.27,1,1539,1656,CENTER
1173360.098,TO_CENTER,9.71,9.69,7.27,1,1539,1656,CENTER
1173360.119,TO_CENTER,9.71,9.69,7.27,1,1539,1656,CENTER
1173360.140,TO_CENTER,9.71,9.69,7.27,1,1539,1656,CENTER
1173360.160,TO_CENTER,9.70,9.70,7.39,1,1539,1656,CENTER
1173360.180,TO_CENTER,9.70,9.70,7.39,1,1539,1656,CENTER
1173360.201,TO_CENTER,9.70,9.70,7.39,1,1539,1656,CENTER
1173360.222,TO_CENTER,9.70,9.70,7.39,1,1539,1656,CENTER
1173360.242,TO_CENTER,9.70,9.70,7.39,1,1539,1656,CENTER
1173360.262,TO_CENTER,9.68,9.72,7.56,1,1539,1656,CENTER
1173360.283,TO_CENTER,9.68,9.72,7.56,1,1539,1656,CENTER
1173360.303,TO_CENTER,9.68,9.72,7.56,1,1539,1656,CENTER
1173360.324,TO_CENTER,9.68,9.72,7.56,1,1539,1656,CENTER
1173360.344,TO_CENTER,9.68,9.72,7.56,1,1539,1656,CENTER
1173360.365,TO_CENTER,9.67,9.75,6.73,1,1539,1656,CENTER
1173360.385,TO_CENTER,9.67,9.75,6.73,1,1539,1656,CENTER
1173360.406,TO_CENTER,9.67,9.75,6.73,1,1539,1656,CENTER
1173360.426,TO_CENTER,9.67,9.75,6.73,1,1539,1656,CENTER
1173360.446,TO_CENTER,9.67,9.75,6.73,1,1539,1656,CENTER
1173360.467,TO_CENTER,9.64,9.77,6.89,1,1539,1657,CENTER
1173360.490,TO_CENTER,9.64,9.77,6.89,1,1539,1657,CENTER
1173360.511,TO_CENTER,9.64,9.77,6.89,1,1539,1657,CENTER
1173360.531,TO_CENTER,9.64,9.77,6.89,1,1539,1657,CENTER
1173360.552,TO_CENTER,9.64,9.77,6.89,1,1539,1657,CENTER
1173360.573,TO_CENTER,9.62,9.79,7.06,1,1539,1657,CENTER
1173360.594,TO_CENTER,9.62,9.79,7.06,1,1539,1657,CENTER
1173360.614,TO_CENTER,9.62,9.79,7.06,1,1539,1657,CENTER
1173360.635,TO_CENTER,9.62,9.79,7.06,1,1539,1657,CENTER
1173360.655,TO_CENTER,9.62,9.79,7.06,1,1539,1657,CENTER
1173360.676,TO_CENTER,9.62,9.79,7.06,1,1539,1657,CENTER
1173360.696,TO_CENTER,9.62,9.79,7.06,1,1539,1657,CENTER
1173360.717,TO_CENTER,9.62,9.79,7.06,1,1539,1657,CENTER
1173360.737,TO_CENTER,9.62,9.79,7.06,1,1539,1657,CENTER
1173360.758,TO_CENTER,9.62,9.79,7.06,1,1539,1657,CENTER
1173360.779,TO_CENTER,9.61,9.81,7.17,1,1539,1657,CENTER
1173360.802,TO_CENTER,9.61,9.81,7.17,1,1539,1657,CENTER
1173360.823,TO_CENTER,9.61,9.81,7.17,1,1539,1657,CENTER
1173360.843,TO_CENTER,9.61,9.81,7.17,1,1539,1657,CENTER
1173360.864,TO_CENTER,9.61,9.81,7.17,1,1539,1657,CENTER
1173360.884,TO_CENTER,9.58,9.84,7.39,1,1539,1657,CENTER
1173360.904,TO_CENTER,9.58,9.84,7.39,1,1539,1657,CENTER
1173360.925,TO_CENTER,9.58,9.84,7.39,1,1539,1657,CENTER
1173360.945,TO_CENTER,9.58,9.84,7.39,1,1539,1657,CENTER
1173360.965,TO_CENTER,9.58,9.84,7.39,1,1539,1657,CENTER
1173360.987,TO_CENTER,9.56,9.86,6.50,1,1539,1657,CENTER
1173361.008,TO_CENTER,9.56,9.86,6.50,1,1539,1657,CENTER
1173361.028,TO_CENTER,9.56,9.86,6.50,1,1539,1657,CENTER
1173361.049,TO_CENTER,9.56,9.86,6.50,1,1539,1657,CENTER
1173361.069,TO_CENTER,9.56,9.86,6.50,1,1539,1657,CENTER
1173361.090,TO_CENTER,9.55,9.87,6.68,1,1539,1657,CENTER
1173361.116,TO_CENTER,9.55,9.87,6.68,1,1539,1657,CENTER
1173361.137,TO_CENTER,9.55,9.87,6.68,1,1539,1657,CENTER
1173361.159,TO_CENTER,9.55,9.87,6.68,1,1539,1657,CENTER
1173361.179,TO_CENTER,9.55,9.87,6.68,1,1539,1657,CENTER
1173361.199,TO_CENTER,9.53,9.90,6.78,1,1540,1657,CENTER
1173361.220,TO_CENTER,9.53,9.90,6.78,1,1540,1657,CENTER
1173361.241,TO_CENTER,9.53,9.90,6.78,1,1540,1657,CENTER
1173361.261,TO_CENTER,9.53,9.90,6.78,1,1540,1657,CENTER
1173361.282,TO_CENTER,9.53,9.90,6.78,1,1540,1657,CENTER
1173361.303,TO_CENTER,9.53,9.90,6.78,1,1540,1657,CENTER
1173361.323,TO_CENTER,9.53,9.90,6.78,1,1540,1657,CENTER
1173361.343,TO_CENTER,9.53,9.90,6.78,1,1540,1657,CENTER
1173361.364,TO_CENTER,9.53,9.90,6.78,1,1540,1657,CENTER
1173361.384,TO_CENTER,9.53,9.90,6.78,1,1540,1657,CENTER
1173361.405,TO_CENTER,9.51,9.91,6.89,1,1540,1657,CENTER
1173361.425,TO_CENTER,9.51,9.91,6.89,1,1540,1657,CENTER
1173361.446,TO_CENTER,9.51,9.91,6.89,1,1540,1657,CENTER
1173361.466,TO_CENTER,9.51,9.91,6.89,1,1540,1657,CENTER
1173361.487,TO_CENTER,9.51,9.91,6.89,1,1540,1657,CENTER
1173361.507,TO_CENTER,9.49,9.93,7.05,1,1540,1657,CENTER
1173361.528,TO_CENTER,9.49,9.93,7.05,1,1540,1657,CENTER
1173361.548,TO_CENTER,9.49,9.93,7.05,1,1540,1657,CENTER
1173361.569,TO_CENTER,9.49,9.93,7.05,1,1540,1657,CENTER
1173361.589,TO_CENTER,9.49,9.93,7.05,1,1540,1657,CENTER
1173361.610,TO_CENTER,9.47,9.95,7.16,1,1540,1657,CENTER
1173361.630,TO_CENTER,9.47,9.95,7.16,1,1540,1657,CENTER
1173361.651,TO_CENTER,9.47,9.95,7.16,1,1540,1657,CENTER
1173361.672,TO_CENTER,9.47,9.95,7.16,1,1540,1657,CENTER
1173361.692,TO_CENTER,9.47,9.95,7.16,1,1540,1657,CENTER
1173361.713,TO_CENTER,9.46,9.96,7.27,1,1540,1657,CENTER
1173361.734,TO_CENTER,9.46,9.96,7.27,1,1540,1657,CENTER
1173361.754,TO_CENTER,9.46,9.96,7.27,1,1540,1657,CENTER
1173361.775,TO_CENTER,9.46,9.96,7.27,1,1540,1657,CENTER
1173361.796,TO_CENTER,9.46,9.96,7.27,1,1540,1657,CENTER
1173361.816,TO_CENTER,9.44,9.98,5.38,1,1540,1657,CENTER
1173361.837,TO_CENTER,9.44,9.98,5.38,1,1540,1657,CENTER
1173361.858,TO_CENTER,9.44,9.98,5.38,1,1540,1657,CENTER
1173361.878,TO_CENTER,9.44,9.98,5.38,1,1540,1657,CENTER
1173361.899,TO_CENTER,9.44,9.98,5.38,1,1540,1657,CENTER
1173361.919,TO_CENTER,9.42,10.00,5.54,1,1540,1657,CENTER
1173361.940,TO_CENTER,9.42,10.00,5.54,1,1540,1657,CENTER
1173361.960,TO_CENTER,9.42,10.00,5.54,1,1540,1657,CENTER
1173361.981,TO_CENTER,9.42,10.00,5.54,1,1540,1657,CENTER
1173362.002,TO_CENTER,9.42,10.00,5.54,1,1540,1657,CENTER
1173362.022,TO_CENTER,9.40,10.01,5.65,1,1540,1657,CENTER
1173362.043,TO_CENTER,9.40,10.01,5.65,1,1540,1657,CENTER
1173362.063,TO_CENTER,9.40,10.01,5.65,1,1540,1657,CENTER
1173362.084,TO_CENTER,9.40,10.01,5.65,1,1540,1657,CENTER
1173362.104,TO_CENTER,9.40,10.01,5.65,1,1540,1657,CENTER
1173362.124,TO_CENTER,9.40,10.01,5.65,1,1540,1657,CENTER
1173362.145,TO_CENTER,9.40,10.01,5.65,1,1540,1657,CENTER
1173362.165,TO_CENTER,9.40,10.01,5.65,1,1540,1657,CENTER
1173362.186,TO_CENTER,9.40,10.01,5.65,1,1540,1657,CENTER
1173362.206,TO_CENTER,9.40,10.01,5.65,1,1540,1657,CENTER
1173362.227,TO_CENTER,9.38,10.03,5.82,1,1540,1657,CENTER
1173362.248,TO_CENTER,9.38,10.03,5.82,1,1540,1657,CENTER
1173362.268,TO_CENTER,9.38,10.03,5.82,1,1540,1657,CENTER
1173362.288,TO_CENTER,9.38,10.03,5.82,1,1540,1657,CENTER
1173362.311,TO_CENTER,9.38,10.03,5.82,1,1540,1657,CENTER
1173362.332,TO_CENTER,9.35,10.06,6.04,1,1540,1657,CENTER
1173362.352,TO_CENTER,9.35,10.06,6.04,1,1540,1657,CENTER
1173362.373,TO_CENTER,9.35,10.06,6.04,1,1540,1657,CENTER
1173362.393,TO_CENTER,9.35,10.06,6.04,1,1540,1657,CENTER
1173362.414,TO_CENTER,9.35,10.06,6.04,1,1540,1657,CENTER
1173362.437,TO_CENTER,9.35,10.06,6.04,1,1540,1657,CENTER
1173362.457,TO_CENTER,9.35,10.06,6.04,1,1540,1657,CENTER
1173362.477,TO_CENTER,9.35,10.06,6.04,1,1540,1657,CENTER
1173362.499,TO_CENTER,9.35,10.06,6.04,1,1540,1657,CENTER
1173362.519,TO_CENTER,9.35,10.06,6.04,1,1540,1657,CENTER
1173362.540,TO_CENTER,9.32,10.09,5.20,1,1540,1658,CENTER
1173362.560,TO_CENTER,9.32,10.09,5.20,1,1540,1658,CENTER
1173362.581,TO_CENTER,9.32,10.09,5.20,1,1540,1658,CENTER
1173362.601,TO_CENTER,9.32,10.09,5.20,1,1540,1658,CENTER
1173362.622,TO_CENTER,9.32,10.09,5.20,1,1540,1658,CENTER
1173362.642,TO_CENTER,9.30,10.10,5.31,1,1540,1658,CENTER
1173362.663,TO_CENTER,9.30,10.10,5.31,1,1540,1658,CENTER
1173362.684,TO_CENTER,9.30,10.10,5.31,1,1540,1658,CENTER
1173362.705,TO_CENTER,9.30,10.10,5.31,1,1540,1658,CENTER
1173362.725,TO_CENTER,9.30,10.10,5.31,1,1540,1658,CENTER
1173362.746,TO_CENTER,9.28,10.11,5.41,1,1540,1658,CENTER
1173362.766,TO_CENTER,9.28,10.11,5.41,1,1540,1658,CENTER
1173362.787,TO_CENTER,9.28,10.11,5.41,1,1540,1658,CENTER
1173362.808,TO_CENTER,9.28,10.11,5.41,1,1540,1658,CENTER
1173362.828,TO_CENTER,9.28,10.11,5.41,1,1540,1658,CENTER
1173362.848,TO_CENTER,9.26,10.13,5.52,1,1541,1658,CENTER
1173362.869,TO_CENTER,9.26,10.13,5.52,1,1541,1658,CENTER
1173362.889,TO_CENTER,9.26,10.13,5.52,1,1541,1658,CENTER
1173362.910,TO_CENTER,9.26,10.13,5.52,1,1541,1658,CENTER
1173362.931,TO_CENTER,9.26,10.13,5.52,1,1541,1658,CENTER
1173362.951,TO_CENTER,9.23,10.15,5.69,1,1541,1658,CENTER
1173362.972,TO_CENTER,9.23,10.15,5.69,1,1541,1658,CENTER
1173362.993,TO_CENTER,9.23,10.15,5.69,1,1541,1658,CENTER
1173363.013,TO_CENTER,9.23,10.15,5.69,1,1541,1658,CENTER
1173363.034,TO_CENTER,9.23,10.15,5.69,1,1541,1658,CENTER
1173363.054,TO_CENTER,9.22,10.16,5.85,1,1541,1658,CENTER
1173363.075,TO_CENTER,9.22,10.16,5.85,1,1541,1658,CENTER
1173363.095,TO_CENTER,9.22,10.16,5.85,1,1541,1658,CENTER
1173363.116,TO_CENTER,9.22,10.16,5.85,1,1541,1658,CENTER
1173363.137,TO_CENTER,9.22,10.16,5.85,1,1541,1658,CENTER
1173363.158,TO_CENTER,9.19,10.18,6.02,1,1541,1658,CENTER
1173363.178,TO_CENTER,9.19,10.18,6.02,1,1541,1658,CENTER
1173363.199,TO_CENTER,9.19,10.18,6.02,1,1541,1658,CENTER
1173363.219,TO_CENTER,9.19,10.18,6.02,1,1541,1658,CENTER
1173363.241,TO_CENTER,9.19,10.18,6.02,1,1541,1658,CENTER
1173363.262,TO_CENTER,9.19,10.18,6.02,1,1541,1658,CENTER
1173363.282,TO_CENTER,9.19,10.18,6.02,1,1541,1658,CENTER
1173363.302,TO_CENTER,9.19,10.18,6.02,1,1541,1658,CENTER
1173363.323,TO_CENTER,9.19,10.18,6.02,1,1541,1658,CENTER
1173363.344,TO_CENTER,9.19,10.18,6.02,1,1541,1658,CENTER
1173363.365,TO_CENTER,9.16,10.20,6.19,1,1541,1658,CENTER
1173363.385,TO_CENTER,9.16,10.20,6.19,1,1541,1658,CENTER
1173363.405,TO_CENTER,9.16,10.20,6.19,1,1541,1658,CENTER
1173363.427,TO_CENTER,9.16,10.20,6.19,1,1541,1658,CENTER
1173363.447,TO_CENTER,9.16,10.20,6.19,1,1541,1658,CENTER
1173363.468,TO_CENTER,9.13,10.22,6.35,1,1541,1658,CENTER
1173363.490,TO_CENTER,9.13,10.22,6.35,1,1541,1658,CENTER
1173363.510,TO_CENTER,9.13,10.22,6.35,1,1541,1658,CENTER
1173363.531,TO_CENTER,9.13,10.22,6.35,1,1541,1658,CENTER
1173363.552,TO_CENTER,9.13,10.22,6.35,1,1541,1658,CENTER
1173363.573,TO_CENTER,9.13,10.22,5.35,1,1541,1658,CENTER
1173363.593,TO_CENTER,9.13,10.22,5.35,1,1541,1658,CENTER
1173363.614,TO_CENTER,9.13,10.22,5.35,1,1541,1658,CENTER
1173363.634,TO_CENTER,9.13,10.22,5.35,1,1541,1658,CENTER
1173363.655,TO_CENTER,9.13,10.22,5.35,1,1541,1658,CENTER
1173363.676,TO_CENTER,9.10,10.24,5.50,1,1541,1658,CENTER
1173363.697,TO_CENTER,9.10,10.24,5.50,1,1541,1658,CENTER
1173363.717,TO_CENTER,9.10,10.24,5.50,1,1541,1658,CENTER
1173363.737,TO_CENTER,9.10,10.24,5.50,1,1541,1658,CENTER
1173363.758,TO_CENTER,9.10,10.24,5.50,1,1541,1658,CENTER
1173363.778,TO_CENTER,9.08,10.25,5.62,1,1541,1658,CENTER
1173363.799,TO_CENTER,9.08,10.25,5.62,1,1541,1658,CENTER
1173363.819,TO_CENTER,9.08,10.25,5.62,1,1541,1658,CENTER
1173363.840,TO_CENTER,9.08,10.25,5.62,1,1541,1658,CENTER
1173363.860,TO_CENTER,9.08,10.25,5.62,1,1541,1658,CENTER
1173363.881,TO_CENTER,9.06,10.26,5.72,1,1541,1658,CENTER
1173363.901,TO_CENTER,9.06,10.26,5.72,1,1541,1658,CENTER
1173363.921,TO_CENTER,9.06,10.26,5.72,1,1541,1658,CENTER
1173363.944,TO_CENTER,9.06,10.26,5.72,1,1541,1658,CENTER
1173363.964,TO_CENTER,9.06,10.26,5.72,1,1541,1658,CENTER
1173363.985,TO_CENTER,9.04,10.28,5.77,1,1541,1658,CENTER
1173364.006,TO_CENTER,9.04,10.28,5.77,1,1541,1658,CENTER
1173364.026,TO_CENTER,9.04,10.28,5.77,1,1541,1658,CENTER
1173364.047,TO_CENTER,9.04,10.28,5.77,1,1541,1658,CENTER
1173364.068,TO_CENTER,9.04,10.28,5.77,1,1541,1658,CENTER
1173364.088,TO_CENTER,9.01,10.29,5.93,1,1541,1658,CENTER
1173364.109,TO_CENTER,9.01,10.29,5.93,1,1541,1658,CENTER
1173364.129,TO_CENTER,9.01,10.29,5.93,1,1541,1658,CENTER
1173364.150,TO_CENTER,9.01,10.29,5.93,1,1541,1658,CENTER
1173364.171,TO_CENTER,9.01,10.29,5.93,1,1541,1658,CENTER
1173364.191,TO_CENTER,8.99,10.30,5.05,1,1541,1659,CENTER
1173364.211,TO_CENTER,8.99,10.30,5.05,1,1541,1659,CENTER
1173364.232,TO_CENTER,8.99,10.30,5.05,1,1541,1659,CENTER
1173364.252,TO_CENTER,8.99,10.30,5.05,1,1541,1659,CENTER
1173364.273,TO_CENTER,8.99,10.30,5.05,1,1541,1659,CENTER
1173364.293,TO_CENTER,8.99,10.30,5.05,1,1541,1659,CENTER
1173364.314,TO_CENTER,8.99,10.30,5.05,1,1541,1659,CENTER
1173364.334,TO_CENTER,8.99,10.30,5.05,1,1541,1659,CENTER
1173364.355,TO_CENTER,8.99,10.30,5.05,1,1541,1659,CENTER
1173364.376,TO_CENTER,8.99,10.30,5.05,1,1541,1659,CENTER
1173364.396,TO_CENTER,8.97,10.32,5.21,1,1541,1659,CENTER
1173364.416,TO_CENTER,8.97,10.32,5.21,1,1541,1659,CENTER
1173364.436,TO_CENTER,8.97,10.32,5.21,1,1541,1659,CENTER
1173364.457,TO_CENTER,8.97,10.32,5.21,1,1541,1659,CENTER
1173364.477,TO_CENTER,8.97,10.32,5.21,1,1541,1659,CENTER
1173364.498,TO_CENTER,8.95,10.33,5.33,1,1541,1659,CENTER
1173364.520,TO_CENTER,8.95,10.33,5.33,1,1541,1659,CENTER
1173364.541,TO_CENTER,8.95,10.33,5.33,1,1541,1659,CENTER
1173364.561,TO_CENTER,8.95,10.33,5.33,1,1541,1659,CENTER
1173364.582,TO_CENTER,8.95,10.33,5.33,1,1541,1659,CENTER
1173364.602,TO_CENTER,8.93,10.34,5.43,1,1541,1659,CENTER
1173364.623,TO_CENTER,8.93,10.34,5.43,1,1541,1659,CENTER
1173364.643,TO_CENTER,8.93,10.34,5.43,1,1541,1659,CENTER
1173364.664,TO_CENTER,8.93,10.34,5.43,1,1541,1659,CENTER
1173364.684,TO_CENTER,8.93,10.34,5.43,1,1541,1659,CENTER
1173364.705,TO_CENTER,8.91,10.35,5.55,1,1541,1659,CENTER
1173364.725,TO_CENTER,8.91,10.35,5.55,1,1541,1659,CENTER
1173364.746,TO_CENTER,8.91,10.35,5.55,1,1541,1659,CENTER
1173364.767,TO_CENTER,8.91,10.35,5.55,1,1541,1659,CENTER
1173364.787,TO_CENTER,8.91,10.35,5.55,1,1541,1659,CENTER
1173364.807,TO_CENTER,8.91,10.35,4.55,1,1541,1659,CENTER
1173364.828,TO_CENTER,8.91,10.35,4.55,1,1541,1659,CENTER
1173364.848,TO_CENTER,8.91,10.35,4.55,1,1541,1659,CENTER
1173364.868,TO_CENTER,8.91,10.35,4.55,1,1541,1659,CENTER
1173364.889,TO_CENTER,8.91,10.35,4.55,1,1541,1659,CENTER
1173364.910,TO_CENTER,8.88,10.36,4.65,1,1541,1659,CENTER
1173364.930,TO_CENTER,8.88,10.36,4.65,1,1541,1659,CENTER
1173364.951,TO_CENTER,8.88,10.36,4.65,1,1541,1659,CENTER
1173364.971,TO_CENTER,8.88,10.36,4.65,1,1541,1659,CENTER
1173364.991,TO_CENTER,8.88,10.36,4.65,1,1541,1659,CENTER
1173365.012,TO_CENTER,8.86,10.37,4.77,1,1541,1659,CENTER
1173365.032,TO_CENTER,8.86,10.37,4.77,1,1541,1659,CENTER
1173365.053,TO_CENTER,8.86,10.37,4.77,1,1541,1659,CENTER
1173365.073,TO_CENTER,8.86,10.37,4.77,1,1541,1659,CENTER
1173365.094,TO_CENTER,8.86,10.37,4.77,1,1541,1659,CENTER
1173365.114,TO_CENTER,8.84,10.38,4.87,1,1542,1659,CENTER
1173365.134,TO_CENTER,8.84,10.38,4.87,1,1542,1659,CENTER
1173365.155,TO_CENTER,8.84,10.38,4.87,1,1542,1659,CENTER
1173365.176,TO_CENTER,8.84,10.38,4.87,1,1542,1659,CENTER
1173365.197,TO_CENTER,8.84,10.38,4.87,1,1542,1659,CENTER
1173365.217,TO_CENTER,8.81,10.39,4.98,1,1542,1659,CENTER
1173365.237,TO_CENTER,8.81,10.39,4.98,1,1542,1659,CENTER
1173365.258,TO_CENTER,8.81,10.39,4.98,1,1542,1659,CENTER
1173365.278,TO_CENTER,8.81,10.39,4.98,1,1542,1659,CENTER
1173365.299,TO_CENTER,8.81,10.39,4.98,1,1542,1659,CENTER
1173365.319,TO_CENTER,8.81,10.39,4.98,1,1542,1659,CENTER
1173365.340,TO_CENTER,8.81,10.39,4.98,1,1542,1659,CENTER
1173365.360,TO_CENTER,8.81,10.39,4.98,1,1542,1659,CENTER
1173365.381,TO_CENTER,8.81,10.39,4.98,1,1542,1659,CENTER
1173365.402,TO_CENTER,8.81,10.39,4.98,1,1542,1659,CENTER
1173365.422,TO_CENTER,8.78,10.41,5.14,1,1542,1659,CENTER
1173365.443,TO_CENTER,8.78,10.41,5.14,1,1542,1659,CENTER
1173365.463,TO_CENTER,8.78,10.41,5.14,1,1542,1659,CENTER
1173365.484,TO_CENTER,8.78,10.41,5.14,1,1542,1659,CENTER
1173365.506,TO_CENTER,8.78,10.41,5.14,1,1542,1659,CENTER
1173365.526,TO_CENTER,8.76,10.42,5.26,1,1542,1659,CENTER
1173365.547,TO_CENTER,8.76,10.42,5.26,1,1542,1659,CENTER
1173365.567,TO_CENTER,8.76,10.42,5.26,1,1542,1659,CENTER
1173365.588,TO_CENTER,8.76,10.42,5.26,1,1542,1659,CENTER
1173365.608,TO_CENTER,8.76,10.42,5.26,1,1542,1659,CENTER
1173365.629,TO_CENTER,8.74,10.42,5.31,1,1542,1659,CENTER
1173365.650,TO_CENTER,8.74,10.42,5.31,1,1542,1659,CENTER
1173365.670,TO_CENTER,8.74,10.42,5.31,1,1542,1659,CENTER
1173365.691,TO_CENTER,8.74,10.42,5.31,1,1542,1659,CENTER
1173365.711,TO_CENTER,8.74,10.42,5.31,1,1542,1659,CENTER
1173365.731,TO_CENTER,8.71,10.44,5.47,1,1542,1659,CENTER
1173365.752,TO_CENTER,8.71,10.44,5.47,1,1542,1659,CENTER
1173365.772,TO_CENTER,8.71,10.44,5.47,1,1542,1659,CENTER
1173365.793,TO_CENTER,8.71,10.44,5.47,1,1542,1659,CENTER
1173365.813,TO_CENTER,8.71,10.44,5.47,1,1542,1659,CENTER
1173365.834,TO_CENTER,8.69,10.45,5.59,1,1542,1659,CENTER
1173365.854,TO_CENTER,8.69,10.45,5.59,1,1542,1659,CENTER
1173365.875,TO_CENTER,8.69,10.45,5.59,1,1542,1659,CENTER
1173365.896,TO_CENTER,8.69,10.45,5.59,1,1542,1659,CENTER
1173365.916,TO_CENTER,8.69,10.45,5.59,1,1542,1659,CENTER
1173365.936,TO_CENTER,8.69,10.45,5.59,1,1542,1659,CENTER
1173365.957,TO_CENTER,8.69,10.45,5.59,1,1542,1659,CENTER
1173365.977,TO_CENTER,8.69,10.45,5.59,1,1542,1659,CENTER
1173365.998,TO_CENTER,8.69,10.45,5.59,1,1542,1659,CENTER
1173366.018,TO_CENTER,8.69,10.45,5.59,1,1542,1659,CENTER
1173366.039,TO_CENTER,8.66,10.46,5.70,1,1542,1660,CENTER
1173366.060,TO_CENTER,8.66,10.46,5.70,1,1542,1660,CENTER
1173366.080,TO_CENTER,8.66,10.46,5.70,1,1542,1660,CENTER
1173366.100,TO_CENTER,8.66,10.46,5.70,1,1542,1660,CENTER
1173366.121,TO_CENTER,8.66,10.46,5.70,1,1542,1660,CENTER
1173366.141,TO_CENTER,8.64,10.47,4.80,1,1542,1660,CENTER
1173366.162,TO_CENTER,8.64,10.47,4.80,1,1542,1660,CENTER
1173366.183,TO_CENTER,8.64,10.47,4.80,1,1542,1660,CENTER
1173366.203,TO_CENTER,8.64,10.47,4.80,1,1542,1660,CENTER
1173366.225,TO_CENTER,8.64,10.47,4.80,1,1542,1660,CENTER
1173366.245,TO_CENTER,8.64,10.47,4.80,1,1542,1660,CENTER
1173366.266,TO_CENTER,8.64,10.47,4.80,1,1542,1660,CENTER
1173366.286,TO_CENTER,8.64,10.47,4.80,1,1542,1660,CENTER
1173366.307,TO_CENTER,8.64,10.47,4.80,1,1542,1660,CENTER
1173366.327,TO_CENTER,8.64,10.47,4.80,1,1542,1660,CENTER
1173366.348,TO_CENTER,8.61,10.48,4.92,1,1542,1660,CENTER
1173366.368,TO_CENTER,8.61,10.48,4.92,1,1542,1660,CENTER
1173366.389,TO_CENTER,8.61,10.48,4.92,1,1542,1660,CENTER
1173366.409,TO_CENTER,8.61,10.48,4.92,1,1542,1660,CENTER
1173366.430,TO_CENTER,8.61,10.48,4.92,1,1542,1660,CENTER
1173366.450,TO_CENTER,8.59,10.49,5.03,1,1542,1660,CENTER
1173366.471,TO_CENTER,8.59,10.49,5.03,1,1542,1660,CENTER
1173366.492,TO_CENTER,8.59,10.49,5.03,1,1542,1660,CENTER
1173366.512,TO_CENTER,8.59,10.49,5.03,1,1542,1660,CENTER
1173366.533,TO_CENTER,8.59,10.49,5.03,1,1542,1660,CENTER
1173366.554,TO_CENTER,8.57,10.49,5.09,1,1542,1660,CENTER
1173366.574,TO_CENTER,8.57,10.49,5.09,1,1542,1660,CENTER
1173366.594,TO_CENTER,8.57,10.49,5.09,1,1542,1660,CENTER
1173366.615,TO_CENTER,8.57,10.49,5.09,1,1542,1660,CENTER
1173366.635,TO_CENTER,8.57,10.49,5.09,1,1542,1660,CENTER
1173366.656,TO_CENTER,8.54,10.50,4.26,1,1542,1660,CENTER
1173366.676,TO_CENTER,8.54,10.50,4.26,1,1542,1660,CENTER
1173366.696,TO_CENTER,8.54,10.50,4.26,1,1542,1660,CENTER
1173366.717,TO_CENTER,8.54,10.50,4.26,1,1542,1660,CENTER
1173366.737,TO_CENTER,8.54,10.50,4.26,1,1542,1660,CENTER
1173366.759,TO_CENTER,8.54,10.50,4.26,1,1542,1660,CENTER
1173366.779,TO_CENTER,8.54,10.50,4.26,1,1542,1660,CENTER
1173366.799,TO_CENTER,8.54,10.50,4.26,1,1542,1660,CENTER
1173366.820,TO_CENTER,8.54,10.50,4.26,1,1542,1660,CENTER
1173366.841,TO_CENTER,8.54,10.50,4.26,1,1542,1660,CENTER
1173366.861,TO_CENTER,8.51,10.51,4.37,1,1542,1660,CENTER
1173366.882,TO_CENTER,8.51,10.51,4.37,1,1542,1660,CENTER
1173366.902,TO_CENTER,8.51,10.51,4.37,1,1542,1660,CENTER
1173366.923,TO_CENTER,8.51,10.51,4.37,1,1542,1660,CENTER
1173366.943,TO_CENTER,8.51,10.51,4.37,1,1542,1660,CENTER
1173366.964,TO_CENTER,8.49,10.51,4.43,1,1542,1660,CENTER
1173366.984,TO_CENTER,8.49,10.51,4.43,1,1542,1660,CENTER
1173367.004,TO_CENTER,8.49,10.51,4.43,1,1542,1660,CENTER
1173367.025,TO_CENTER,8.49,10.51,4.43,1,1542,1660,CENTER
1173367.045,TO_CENTER,8.49,10.51,4.43,1,1542,1660,CENTER
1173367.066,TO_CENTER,8.47,10.52,4.60,1,1542,1660,CENTER
1173367.087,TO_CENTER,8.47,10.52,4.60,1,1542,1660,CENTER
1173367.107,TO_CENTER,8.47,10.52,4.60,1,1542,1660,CENTER
1173367.128,TO_CENTER,8.47,10.52,4.60,1,1542,1660,CENTER
1173367.149,TO_CENTER,8.47,10.52,4.60,1,1542,1660,CENTER
1173367.169,TO_CENTER,8.45,10.53,4.66,1,1542,1660,CENTER
1173367.189,TO_CENTER,8.45,10.53,4.66,1,1542,1660,CENTER
1173367.210,TO_CENTER,8.45,10.53,4.66,1,1542,1660,CENTER
1173367.231,TO_CENTER,8.45,10.53,4.66,1,1542,1660,CENTER
1173367.251,TO_CENTER,8.45,10.53,4.66,1,1542,1660,CENTER
1173367.272,TO_CENTER,8.45,10.53,4.66,1,1542,1660,CENTER
1173367.292,TO_CENTER,8.45,10.53,4.66,1,1542,1660,CENTER
1173367.313,TO_CENTER,8.45,10.53,4.66,1,1542,1660,CENTER
1173367.333,TO_CENTER,8.45,10.53,4.66,1,1542,1660,CENTER
1173367.354,TO_CENTER,8.45,10.53,4.66,1,1542,1660,CENTER
1173367.374,TO_CENTER,8.42,10.54,4.77,1,1542,1660,CENTER
1173367.395,TO_CENTER,8.42,10.54,4.77,1,1542,1660,CENTER
1173367.417,TO_CENTER,8.42,10.54,4.77,1,1542,1660,CENTER
1173367.437,TO_CENTER,8.42,10.54,4.77,1,1542,1660,CENTER
1173367.458,TO_CENTER,8.42,10.54,4.77,1,1542,1660,CENTER
1173367.478,TO_CENTER,8.40,10.54,4.88,1,1542,1660,CENTER
1173367.501,TO_CENTER,8.40,10.54,4.88,1,1542,1660,CENTER
1173367.521,TO_CENTER,8.40,10.54,4.88,1,1542,1660,CENTER
1173367.542,TO_CENTER,8.40,10.54,4.88,1,1542,1660,CENTER
1173367.563,TO_CENTER,8.40,10.54,4.88,1,1542,1660,CENTER
1173367.584,TO_CENTER,8.40,10.54,4.88,1,1542,1660,CENTER
1173367.605,TO_CENTER,8.40,10.54,4.88,1,1542,1660,CENTER
1173367.625,TO_CENTER,8.40,10.54,4.88,1,1542,1660,CENTER
1173367.646,TO_CENTER,8.40,10.54,4.88,1,1542,1660,CENTER
1173367.666,TO_CENTER,8.40,10.54,4.88,1,1542,1660,CENTER
1173367.687,TO_CENTER,8.38,10.55,4.94,1,1542,1660,CENTER
1173367.707,TO_CENTER,8.38,10.55,4.94,1,1542,1660,CENTER
1173367.732,TO_CENTER,8.38,10.55,4.94,1,1542,1660,CENTER
1173367.752,TO_CENTER,8.38,10.55,4.94,1,1542,1660,CENTER
1173367.775,TO_CENTER,8.38,10.55,4.94,1,1542,1660,CENTER
1173367.796,TO_CENTER,8.36,10.56,5.05,1,1542,1660,CENTER
1173367.816,TO_CENTER,8.36,10.56,5.05,1,1542,1660,CENTER
1173367.838,TO_CENTER,8.36,10.56,5.05,1,1542,1660,CENTER
1173367.858,TO_CENTER,8.36,10.56,5.05,1,1542,1660,CENTER
1173367.879,TO_CENTER,8.36,10.56,5.05,1,1542,1660,CENTER
1173367.899,TO_CENTER,8.34,10.56,5.11,1,1542,1660,CENTER
1173367.920,TO_CENTER,8.34,10.56,5.11,1,1542,1660,CENTER
1173367.940,TO_CENTER,8.34,10.56,5.11,1,1542,1660,CENTER
1173367.960,TO_CENTER,8.34,10.56,5.11,1,1542,1660,CENTER
1173367.981,TO_CENTER,8.34,10.56,5.11,1,1542,1660,CENTER
1173368.001,TO_CENTER,8.34,10.56,5.11,1,1542,1660,CENTER
1173368.022,TO_CENTER,8.34,10.56,5.11,1,1542,1660,CENTER
1173368.042,TO_CENTER,8.34,10.56,5.11,1,1542,1660,CENTER
1173368.062,TO_CENTER,8.34,10.56,5.11,1,1542,1660,CENTER
1173368.083,TO_CENTER,8.34,10.56,5.11,1,1542,1660,CENTER
1173368.104,TO_CENTER,8.32,10.56,5.18,1,1542,1661,CENTER
1173368.124,TO_CENTER,8.32,10.56,5.18,1,1542,1661,CENTER
1173368.146,TO_CENTER,8.32,10.56,5.18,1,1542,1661,CENTER
1173368.166,TO_CENTER,8.32,10.56,5.18,1,1542,1661,CENTER
1173368.187,TO_CENTER,8.32,10.56,5.18,1,1542,1661,CENTER
1173368.208,TO_CENTER,8.30,10.56,5.29,1,1542,1661,CENTER
1173368.230,TO_CENTER,8.30,10.56,5.29,1,1542,1661,CENTER
1173368.250,TO_CENTER,8.30,10.56,5.29,1,1542,1661,CENTER
1173368.271,TO_CENTER,8.30,10.56,5.29,1,1542,1661,CENTER
1173368.291,TO_CENTER,8.30,10.56,5.29,1,1542,1661,CENTER
1173368.312,TO_CENTER,8.28,10.57,4.35,1,1542,1661,CENTER
1173368.332,TO_CENTER,8.28,10.57,4.35,1,1542,1661,CENTER
1173368.353,TO_CENTER,8.28,10.57,4.35,1,1542,1661,CENTER
1173368.373,TO_CENTER,8.28,10.57,4.35,1,1542,1661,CENTER
1173368.394,TO_CENTER,8.28,10.57,4.35,1,1542,1661,CENTER
1173368.414,TO_CENTER,8.26,10.58,4.46,1,1542,1661,CENTER
1173368.434,TO_CENTER,8.26,10.58,4.46,1,1542,1661,CENTER
1173368.456,TO_CENTER,8.26,10.58,4.46,1,1542,1661,CENTER
1173368.477,TO_CENTER,8.26,10.58,4.46,1,1542,1661,CENTER
1173368.497,TO_CENTER,8.26,10.58,4.46,1,1542,1661,CENTER
1173368.517,TO_CENTER,8.24,10.58,4.52,1,1542,1661,CENTER
1173368.538,TO_CENTER,8.24,10.58,4.52,1,1542,1661,CENTER
1173368.559,TO_CENTER,8.24,10.58,4.52,1,1542,1661,CENTER
1173368.579,TO_CENTER,8.24,10.58,4.52,1,1542,1661,CENTER
1173368.600,TO_CENTER,8.24,10.58,4.52,1,1542,1661,CENTER
1173368.620,TO_CENTER,8.22,10.58,4.59,1,1542,1661,CENTER
1173368.641,TO_CENTER,8.22,10.58,4.59,1,1542,1661,CENTER
1173368.661,TO_CENTER,8.22,10.58,4.59,1,1542,1661,CENTER
1173368.682,TO_CENTER,8.22,10.58,4.59,1,1542,1661,CENTER
1173368.703,TO_CENTER,8.22,10.58,4.59,1,1542,1661,CENTER
1173368.724,TO_CENTER,8.22,10.58,4.59,1,1542,1661,CENTER
1173368.744,TO_CENTER,8.22,10.58,4.59,1,1542,1661,CENTER
1173368.765,TO_CENTER,8.22,10.58,4.59,1,1542,1661,CENTER
1173368.786,TO_CENTER,8.22,10.58,4.59,1,1542,1661,CENTER
1173368.807,TO_CENTER,8.22,10.58,4.59,1,1542,1661,CENTER
1173368.828,TO_CENTER,8.20,10.59,4.70,1,1542,1661,CENTER
1173368.848,TO_CENTER,8.20,10.59,4.70,1,1542,1661,CENTER
1173368.869,TO_CENTER,8.20,10.59,4.70,1,1542,1661,CENTER
1173368.889,TO_CENTER,8.20,10.59,4.70,1,1542,1661,CENTER
1173368.910,TO_CENTER,8.20,10.59,4.70,1,1542,1661,CENTER
1173368.930,TO_CENTER,8.18,10.59,4.76,1,1542,1661,CENTER
1173368.952,TO_CENTER,8.18,10.59,4.76,1,1542,1661,CENTER
1173368.972,TO_CENTER,8.18,10.59,4.76,1,1542,1661,CENTER
1173368.993,TO_CENTER,8.18,10.59,4.76,1,1542,1661,CENTER
1173369.013,TO_CENTER,8.18,10.59,4.76,1,1542,1661,CENTER
1173369.034,TO_CENTER,8.17,10.59,4.81,1,1542,1661,CENTER
1173369.054,TO_CENTER,8.17,10.59,4.81,1,1542,1661,CENTER
1173369.076,TO_CENTER,8.17,10.59,4.81,1,1542,1661,CENTER
1173369.097,TO_CENTER,8.17,10.59,4.81,1,1542,1661,CENTER
1173369.117,TO_CENTER,8.17,10.59,4.81,1,1542,1661,CENTER
1173369.139,TO_CENTER,8.15,10.59,4.89,1,1542,1661,CENTER
1173369.160,TO_CENTER,8.15,10.59,4.89,1,1542,1661,CENTER
1173369.180,TO_CENTER,8.15,10.59,4.89,1,1542,1661,CENTER
1173369.201,TO_CENTER,8.15,10.59,4.89,1,1542,1661,CENTER
1173369.222,TO_CENTER,8.15,10.59,4.89,1,1542,1661,CENTER
1173369.243,TO_CENTER,8.13,10.60,5.00,1,1542,1661,CENTER
1173369.264,TO_CENTER,8.13,10.60,5.00,1,1542,1661,CENTER
1173369.284,TO_CENTER,8.13,10.60,5.00,1,1542,1661,CENTER
1173369.304,TO_CENTER,8.13,10.60,5.00,1,1542,1661,CENTER
1173369.325,TO_CENTER,8.13,10.60,5.00,1,1542,1661,CENTER
1173369.346,TO_CENTER,8.11,10.60,5.05,1,1542,1661,CENTER
1173369.366,TO_CENTER,8.11,10.60,5.05,1,1542,1661,CENTER
1173369.387,TO_CENTER,8.11,10.60,5.05,1,1542,1661,CENTER
1173369.408,TO_CENTER,8.11,10.60,5.05,1,1542,1661,CENTER
1173369.428,TO_CENTER,8.11,10.60,5.05,1,1542,1661,CENTER
1173369.449,TO_CENTER,8.11,10.60,4.05,1,1542,1661,CENTER
1173369.470,TO_CENTER,8.11,10.60,4.05,1,1542,1661,CENTER
1173369.491,TO_CENTER,8.11,10.60,4.05,1,1542,1661,CENTER
1173369.511,TO_CENTER,8.11,10.60,4.05,1,1542,1661,CENTER
1173369.533,TO_CENTER,8.11,10.60,4.05,1,1542,1661,CENTER
1173369.553,TO_CENTER,8.08,10.60,4.18,1,1542,1661,CENTER
1173369.574,TO_CENTER,8.08,10.60,4.18,1,1542,1661,CENTER
1173369.594,TO_CENTER,8.08,10.60,4.18,1,1542,1661,CENTER
1173369.614,TO_CENTER,8.08,10.60,4.18,1,1542,1661,CENTER
1173369.635,TO_CENTER,8.08,10.60,4.18,1,1542,1661,CENTER
1173369.655,TO_CENTER,8.05,10.60,4.31,1,1542,1661,CENTER
1173369.676,TO_CENTER,8.05,10.60,4.31,1,1542,1661,CENTER
1173369.697,TO_CENTER,8.05,10.60,4.31,1,1542,1661,CENTER
1173369.717,TO_CENTER,8.05,10.60,4.31,1,1542,1661,CENTER
1173369.737,TO_CENTER,8.05,10.60,4.31,1,1542,1661,CENTER
1173369.760,TO_CENTER,8.03,10.61,4.36,1,1542,1661,CENTER
1173369.780,TO_CENTER,8.03,10.61,4.36,1,1542,1661,CENTER
1173369.801,TO_CENTER,8.03,10.61,4.36,1,1542,1661,CENTER
1173369.821,TO_CENTER,8.03,10.61,4.36,1,1542,1661,CENTER
1173369.842,TO_CENTER,8.03,10.61,4.36,1,1542,1661,CENTER
1173369.862,TO_CENTER,8.01,10.61,4.42,1,1542,1661,CENTER
1173369.883,TO_CENTER,8.01,10.61,4.42,1,1542,1661,CENTER
1173369.903,TO_CENTER,8.01,10.61,4.42,1,1542,1661,CENTER
1173369.924,TO_CENTER,8.01,10.61,4.42,1,1542,1661,CENTER
1173369.945,TO_CENTER,8.01,10.61,4.42,1,1542,1661,CENTER
1173369.965,TO_CENTER,8.01,10.61,4.42,1,1542,1661,CENTER
1173369.985,TO_CENTER,8.01,10.61,4.42,1,1542,1661,CENTER
1173370.006,TO_CENTER,8.01,10.61,4.42,1,1542,1661,CENTER
1173370.026,TO_CENTER,8.01,10.61,4.42,1,1542,1661,CENTER
1173370.047,TO_CENTER,8.01,10.61,4.42,1,1542,1661,CENTER
1173370.067,TO_CENTER,7.99,10.61,3.55,1,1542,1662,CENTER
1173370.088,TO_CENTER,7.99,10.61,3.55,1,1542,1662,CENTER
1173370.108,TO_CENTER,7.99,10.61,3.55,1,1542,1662,CENTER
1173370.129,TO_CENTER,7.99,10.61,3.55,1,1542,1662,CENTER
1173370.149,TO_CENTER,7.99,10.61,3.55,1,1542,1662,CENTER
1173370.170,TO_CENTER,7.96,10.61,3.68,1,1542,1662,CENTER
1173370.190,TO_CENTER,7.96,10.61,3.68,1,1542,1662,CENTER
1173370.212,TO_CENTER,7.96,10.61,3.68,1,1542,1662,CENTER
1173370.232,TO_CENTER,7.96,10.61,3.68,1,1542,1662,CENTER
1173370.252,TO_CENTER,7.96,10.61,3.68,1,1542,1662,CENTER
1173370.273,TO_CENTER,7.93,10.61,3.75,1,1542,1662,CENTER
1173370.294,TO_CENTER,7.93,10.61,3.75,1,1542,1662,CENTER
1173370.314,TO_CENTER,7.93,10.61,3.75,1,1542,1662,CENTER
1173370.334,TO_CENTER,7.93,10.61,3.75,1,1542,1662,CENTER
1173370.355,TO_CENTER,7.93,10.61,3.75,1,1542,1662,CENTER
1173370.376,TO_CENTER,7.91,10.61,3.80,1,1542,1662,CENTER
1173370.396,TO_CENTER,7.91,10.61,3.80,1,1542,1662,CENTER
1173370.416,TO_CENTER,7.91,10.61,3.80,1,1542,1662,CENTER
1173370.437,TO_CENTER,7.91,10.61,3.80,1,1542,1662,CENTER
1173370.457,TO_CENTER,7.91,10.61,3.80,1,1542,1662,CENTER
1173370.478,TO_CENTER,7.88,10.62,3.93,1,1542,1662,CENTER
1173370.499,TO_CENTER,7.88,10.62,3.93,1,1542,1662,CENTER
1173370.519,TO_CENTER,7.88,10.62,3.93,1,1542,1662,CENTER
1173370.539,TO_CENTER,7.88,10.62,3.93,1,1542,1662,CENTER
1173370.560,TO_CENTER,7.88,10.62,3.93,1,1542,1662,CENTER
1173370.580,TO_CENTER,7.88,10.62,3.93,1,1542,1662,CENTER
1173370.601,TO_CENTER,7.88,10.62,3.93,1,1542,1662,CENTER
1173370.622,TO_CENTER,7.88,10.62,3.93,1,1542,1662,CENTER
1173370.642,TO_CENTER,7.88,10.62,3.93,1,1542,1662,CENTER
1173370.663,TO_CENTER,7.88,10.62,3.93,1,1542,1662,CENTER
1173370.683,TO_CENTER,7.85,10.62,3.06,1,1542,1662,CENTER
1173370.704,TO_CENTER,7.85,10.62,3.06,1,1542,1662,CENTER
1173370.724,TO_CENTER,7.85,10.62,3.06,1,1542,1662,CENTER
1173370.744,TO_CENTER,7.85,10.62,3.06,1,1542,1662,CENTER
1173370.765,TO_CENTER,7.85,10.62,3.06,1,1542,1662,CENTER
1173370.786,TO_CENTER,7.85,10.62,3.06,1,1542,1662,CENTER
1173370.806,TO_CENTER,7.85,10.62,3.06,1,1542,1662,CENTER
1173370.826,TO_CENTER,7.85,10.62,3.06,1,1542,1662,CENTER
1173370.848,TO_CENTER,7.85,10.62,3.06,1,1542,1662,CENTER
1173370.868,TO_CENTER,7.85,10.62,3.06,1,1542,1662,CENTER
1173370.889,TO_CENTER,7.82,10.62,3.19,1,1542,1662,CENTER
1173370.909,TO_CENTER,7.82,10.62,3.19,1,1542,1662,CENTER
1173370.929,TO_CENTER,7.82,10.62,3.19,1,1542,1662,CENTER
1173370.950,TO_CENTER,7.82,10.62,3.19,1,1542,1662,CENTER
1173370.970,TO_CENTER,7.82,10.62,3.19,1,1542,1662,CENTER
1173370.991,TO_CENTER,7.80,10.61,3.26,1,1542,1662,CENTER
1173371.011,TO_CENTER,7.80,10.61,3.26,1,1542,1662,CENTER
1173371.032,TO_CENTER,7.80,10.61,3.26,1,1542,1662,CENTER
1173371.052,TO_CENTER,7.80,10.61,3.26,1,1542,1662,CENTER
1173371.073,TO_CENTER,7.80,10.61,3.26,1,1542,1662,CENTER
1173371.093,TO_CENTER,7.78,10.62,3.32,1,1542,1662,CENTER
1173371.114,TO_CENTER,7.78,10.62,3.32,1,1542,1662,CENTER
1173371.134,TO_CENTER,7.78,10.62,3.32,1,1542,1662,CENTER
1173371.154,TO_CENTER,7.78,10.62,3.32,1,1542,1662,CENTER
1173371.175,TO_CENTER,7.78,10.62,3.32,1,1542,1662,CENTER
1173371.196,TO_CENTER,7.77,10.62,3.39,1,1542,1662,CENTER
1173371.216,TO_CENTER,7.77,10.62,3.39,1,1542,1662,CENTER
1173371.236,TO_CENTER,7.77,10.62,3.39,1,1542,1662,CENTER
1173371.256,TO_CENTER,7.77,10.62,3.39,1,1542,1662,CENTER
1173371.277,TO_CENTER,7.77,10.62,3.39,1,1542,1662,CENTER
1173371.298,TO_CENTER,7.77,10.62,3.39,1,1542,1662,CENTER
1173371.318,TO_CENTER,7.77,10.62,3.39,1,1542,1662,CENTER
1173371.339,TO_CENTER,7.77,10.62,3.39,1,1542,1662,CENTER
1173371.361,TO_CENTER,7.77,10.62,3.39,1,1542,1662,CENTER
1173371.381,TO_CENTER,7.77,10.62,3.39,1,1542,1662,CENTER
1173371.402,TO_CENTER,7.77,10.62,3.39,1,1542,1662,CENTER
1173371.422,TO_CENTER,7.77,10.62,3.39,1,1542,1662,CENTER
1173371.442,TO_CENTER,7.77,10.62,3.39,1,1542,1662,CENTER
1173371.462,TO_CENTER,7.77,10.62,3.39,1,1542,1662,CENTER
1173371.484,TO_CENTER,7.77,10.62,3.39,1,1542,1662,CENTER
1173371.504,TO_CENTER,7.72,10.62,3.52,1,1542,1662,CENTER
1173371.525,TO_CENTER,7.72,10.62,3.52,1,1542,1662,CENTER
1173371.546,TO_CENTER,7.72,10.62,3.52,1,1542,1662,CENTER
1173371.566,TO_CENTER,7.72,10.62,3.52,1,1542,1662,CENTER
1173371.587,TO_CENTER,7.72,10.62,3.52,1,1542,1662,CENTER
1173371.607,TO_CENTER,7.69,10.62,3.65,1,1542,1662,CENTER
1173371.627,TO_CENTER,7.69,10.62,3.65,1,1542,1662,CENTER
1173371.648,TO_CENTER,7.69,10.62,3.65,1,1542,1662,CENTER
1173371.668,TO_CENTER,7.69,10.62,3.65,1,1542,1662,CENTER
1173371.689,TO_CENTER,7.69,10.62,3.65,1,1542,1662,CENTER
1173371.709,TO_CENTER,7.68,10.62,3.72,1,1542,1662,CENTER
1173371.730,TO_CENTER,7.68,10.62,3.72,1,1542,1662,CENTER
1173371.750,TO_CENTER,7.68,10.62,3.72,1,1542,1662,CENTER
1173371.771,TO_CENTER,7.68,10.62,3.72,1,1542,1662,CENTER
1173371.791,TO_CENTER,7.68,10.62,3.72,1,1542,1662,CENTER
1173371.812,TO_CENTER,7.68,10.62,3.72,1,1542,1662,CENTER
1173371.833,TO_CENTER,7.68,10.62,3.72,1,1542,1662,CENTER
1173371.853,TO_CENTER,7.68,10.62,3.72,1,1542,1662,CENTER
1173371.874,TO_CENTER,7.68,10.62,3.72,1,1542,1662,CENTER
1173371.894,TO_CENTER,7.68,10.62,3.72,1,1542,1662,CENTER
1173371.914,TO_CENTER,7.65,10.61,3.79,1,1542,1663,CENTER
1173371.935,TO_CENTER,7.65,10.61,3.79,1,1542,1663,CENTER
1173371.955,TO_CENTER,7.65,10.61,3.79,1,1542,1663,CENTER
1173371.976,TO_CENTER,7.65,10.61,3.79,1,1542,1663,CENTER
1173371.996,TO_CENTER,7.65,10.61,3.79,1,1542,1663,CENTER
1173372.017,TO_CENTER,7.63,10.61,3.87,1,1542,1663,CENTER
1173372.038,TO_CENTER,7.63,10.61,3.87,1,1542,1663,CENTER
1173372.058,TO_CENTER,7.63,10.61,3.87,1,1542,1663,CENTER
1173372.079,TO_CENTER,7.63,10.61,3.87,1,1542,1663,CENTER
1173372.099,TO_CENTER,7.63,10.61,3.87,1,1542,1663,CENTER
1173372.120,TO_CENTER,7.62,10.61,2.94,1,1542,1663,CENTER
1173372.141,TO_CENTER,7.62,10.61,2.94,1,1542,1663,CENTER
1173372.162,TO_CENTER,7.62,10.61,2.94,1,1542,1663,CENTER
1173372.182,TO_CENTER,7.62,10.61,2.94,1,1542,1663,CENTER
1173372.202,TO_CENTER,7.62,10.61,2.94,1,1542,1663,CENTER
1173372.223,TO_CENTER,7.60,10.61,2.99,1,1542,1663,CENTER
1173372.243,TO_CENTER,7.60,10.61,2.99,1,1542,1663,CENTER
1173372.265,TO_CENTER,7.60,10.61,2.99,1,1542,1663,CENTER
1173372.285,TO_CENTER,7.60,10.61,2.99,1,1542,1663,CENTER
1173372.305,TO_CENTER,7.60,10.61,2.99,1,1542,1663,CENTER
1173372.325,TO_CENTER,7.58,10.61,3.07,1,1542,1663,CENTER
1173372.346,TO_CENTER,7.58,10.61,3.07,1,1542,1663,CENTER
1173372.367,TO_CENTER,7.58,10.61,3.07,1,1542,1663,CENTER
1173372.387,TO_CENTER,7.58,10.61,3.07,1,1542,1663,CENTER
1173372.407,TO_CENTER,7.58,10.61,3.07,1,1542,1663,CENTER
1173372.428,TO_CENTER,7.57,10.60,3.14,1,1542,1663,CENTER
1173372.448,TO_CENTER,7.57,10.60,3.14,1,1542,1663,CENTER
1173372.469,TO_CENTER,7.57,10.60,3.14,1,1542,1663,CENTER
1173372.489,TO_CENTER,7.57,10.60,3.14,1,1542,1663,CENTER
1173372.510,TO_CENTER,7.57,10.60,3.14,1,1542,1663,CENTER
1173372.530,TO_CENTER,7.57,10.60,3.14,1,1542,1663,CENTER
1173372.551,TO_CENTER,7.57,10.60,3.14,1,1542,1663,CENTER
1173372.571,TO_CENTER,7.57,10.60,3.14,1,1542,1663,CENTER
1173372.592,TO_CENTER,7.57,10.60,3.14,1,1542,1663,CENTER
1173372.612,TO_CENTER,7.57,10.60,3.14,1,1542,1663,CENTER
1173372.632,TO_CENTER,7.54,10.60,3.21,1,1542,1663,CENTER
1173372.652,TO_CENTER,7.54,10.60,3.21,1,1542,1663,CENTER
1173372.673,TO_CENTER,7.54,10.60,3.21,1,1542,1663,CENTER
1173372.693,TO_CENTER,7.54,10.60,3.21,1,1542,1663,CENTER
1173372.714,TO_CENTER,7.54,10.60,3.21,1,1542,1663,CENTER
1173372.735,TO_CENTER,7.52,10.60,3.29,1,1542,1663,CENTER
1173372.756,TO_CENTER,7.52,10.60,3.29,1,1542,1663,CENTER
1173372.776,TO_CENTER,7.52,10.60,3.29,1,1542,1663,CENTER
1173372.797,TO_CENTER,7.52,10.60,3.29,1,1542,1663,CENTER
1173372.817,TO_CENTER,7.52,10.60,3.29,1,1542,1663,CENTER
1173372.837,TO_CENTER,7.50,10.59,3.36,1,1542,1663,CENTER
1173372.858,TO_CENTER,7.50,10.59,3.36,1,1542,1663,CENTER
1173372.878,TO_CENTER,7.50,10.59,3.36,1,1542,1663,CENTER
1173372.899,TO_CENTER,7.50,10.59,3.36,1,1542,1663,CENTER
1173372.919,TO_CENTER,7.50,10.59,3.36,1,1542,1663,CENTER
1173372.940,TO_CENTER,7.48,10.59,3.43,1,1542,1663,CENTER
1173372.960,TO_CENTER,7.48,10.59,3.43,1,1542,1663,CENTER
1173372.980,TO_CENTER,7.48,10.59,3.43,1,1542,1663,CENTER
1173373.002,TO_CENTER,7.48,10.59,3.43,1,1542,1663,CENTER
1173373.022,TO_CENTER,7.48,10.59,3.43,1,1542,1663,CENTER
1173373.042,TO_CENTER,7.47,10.59,3.51,1,1542,1663,CENTER
1173373.063,TO_CENTER,7.47,10.59,3.51,1,1542,1663,CENTER
1173373.084,TO_CENTER,7.47,10.59,3.51,1,1542,1663,CENTER
1173373.104,TO_CENTER,7.47,10.59,3.51,1,1542,1663,CENTER
1173373.124,TO_CENTER,7.47,10.59,3.51,1,1542,1663,CENTER
1173373.145,TO_CENTER,7.47,10.59,3.51,1,1542,1663,CENTER
1173373.165,TO_CENTER,7.47,10.59,3.51,1,1542,1663,CENTER
1173373.185,TO_CENTER,7.47,10.59,3.51,1,1542,1663,CENTER
1173373.206,TO_CENTER,7.47,10.59,3.51,1,1542,1663,CENTER
1173373.226,TO_CENTER,7.47,10.59,3.51,1,1542,1663,CENTER
1173373.247,TO_CENTER,7.44,10.59,3.58,1,1542,1663,CENTER
1173373.267,TO_CENTER,7.44,10.59,3.58,1,1542,1663,CENTER
1173373.288,TO_CENTER,7.44,10.59,3.58,1,1542,1663,CENTER
1173373.308,TO_CENTER,7.44,10.59,3.58,1,1542,1663,CENTER
1173373.329,TO_CENTER,7.44,10.59,3.58,1,1542,1663,CENTER
1173373.349,TO_CENTER,7.43,10.58,3.65,1,1542,1663,CENTER
1173373.370,TO_CENTER,7.43,10.58,3.65,1,1542,1663,CENTER
1173373.391,TO_CENTER,7.43,10.58,3.65,1,1542,1663,CENTER
1173373.411,TO_CENTER,7.43,10.58,3.65,1,1542,1663,CENTER
1173373.432,TO_CENTER,7.43,10.58,3.65,1,1542,1663,CENTER
1173373.452,TO_CENTER,7.40,10.57,2.75,1,1542,1663,CENTER
1173373.473,TO_CENTER,7.40,10.57,2.75,1,1542,1663,CENTER
1173373.493,TO_CENTER,7.40,10.57,2.75,1,1542,1663,CENTER
1173373.515,TO_CENTER,7.40,10.57,2.75,1,1542,1663,CENTER
1173373.535,TO_CENTER,7.40,10.57,2.75,1,1542,1663,CENTER
1173373.556,TO_CENTER,7.39,10.58,2.80,1,1542,1663,CENTER
1173373.576,TO_CENTER,7.39,10.58,2.80,1,1542,1663,CENTER
1173373.596,TO_CENTER,7.39,10.58,2.80,1,1542,1663,CENTER
1173373.617,TO_CENTER,7.39,10.58,2.80,1,1542,1663,CENTER
1173373.638,TO_CENTER,7.39,10.58,2.80,1,1542,1663,CENTER
1173373.658,TO_CENTER,7.37,10.57,2.87,1,1542,1663,CENTER
1173373.678,TO_CENTER,7.37,10.57,2.87,1,1542,1663,CENTER
1173373.699,TO_CENTER,7.37,10.57,2.87,1,1542,1663,CENTER
1173373.720,TO_CENTER,7.37,10.57,2.87,1,1542,1663,CENTER
1173373.741,TO_CENTER,7.37,10.57,2.87,1,1542,1663,CENTER
1173373.761,TO_CENTER,7.37,10.57,2.87,1,1542,1663,CENTER
1173373.781,TO_CENTER,7.37,10.57,2.87,1,1542,1663,CENTER
1173373.802,TO_CENTER,7.37,10.57,2.87,1,1542,1663,CENTER
1173373.823,TO_CENTER,7.37,10.57,2.87,1,1542,1663,CENTER
1173373.843,TO_CENTER,7.37,10.57,2.87,1,1542,1663,CENTER
1173373.864,TO_CENTER,7.35,10.56,2.97,1,1542,1663,CENTER
1173373.885,TO_CENTER,7.35,10.56,2.97,1,1542,1663,CENTER
1173373.905,TO_CENTER,7.35,10.56,2.97,1,1542,1663,CENTER
1173373.926,TO_CENTER,7.35,10.56,2.97,1,1542,1663,CENTER
1173373.946,TO_CENTER,7.35,10.56,2.97,1,1542,1663,CENTER
1173373.967,TO_CENTER,7.33,10.56,3.04,1,1542,1664,CENTER
1173373.988,TO_CENTER,7.33,10.56,3.04,1,1542,1664,CENTER
1173374.008,TO_CENTER,7.33,10.56,3.04,1,1542,1664,CENTER
1173374.028,TO_CENTER,7.33,10.56,3.04,1,1542,1664,CENTER
1173374.049,TO_CENTER,7.33,10.56,3.04,1,1542,1664,CENTER
1173374.069,TO_CENTER,7.32,10.56,3.11,1,1542,1664,CENTER
1173374.090,TO_CENTER,7.32,10.56,3.11,1,1542,1664,CENTER
1173374.110,TO_CENTER,7.32,10.56,3.11,1,1542,1664,CENTER
1173374.131,TO_CENTER,7.32,10.56,3.11,1,1542,1664,CENTER
1173374.151,TO_CENTER,7.32,10.56,3.11,1,1542,1664,CENTER
1173374.172,TO_CENTER,7.32,10.56,3.11,1,1542,1664,CENTER
1173374.193,TO_CENTER,7.32,10.56,3.11,1,1542,1664,CENTER
1173374.213,TO_CENTER,7.32,10.56,3.11,1,1542,1664,CENTER
1173374.234,TO_CENTER,7.32,10.56,3.11,1,1542,1664,CENTER
1173374.254,TO_CENTER,7.32,10.56,3.11,1,1542,1664,CENTER
1173374.275,TO_CENTER,7.29,10.56,3.19,1,1542,1664,CENTER
1173374.295,TO_CENTER,7.29,10.56,3.19,1,1542,1664,CENTER
1173374.316,TO_CENTER,7.29,10.56,3.19,1,1542,1664,CENTER
1173374.336,TO_CENTER,7.29,10.56,3.19,1,1542,1664,CENTER
1173374.356,TO_CENTER,7.29,10.56,3.19,1,1542,1664,CENTER
1173374.376,TO_CENTER,7.28,10.55,3.26,1,1542,1664,CENTER
1173374.397,TO_CENTER,7.28,10.55,3.26,1,1542,1664,CENTER
1173374.417,TO_CENTER,7.28,10.55,3.26,1,1542,1664,CENTER
1173374.438,TO_CENTER,7.28,10.55,3.26,1,1542,1664,CENTER
1173374.458,TO_CENTER,7.28,10.55,3.26,1,1542,1664,CENTER
1173374.478,TO_CENTER,7.26,10.54,3.28,1,1542,1664,CENTER
1173374.499,TO_CENTER,7.26,10.54,3.28,1,1542,1664,CENTER
1173374.519,TO_CENTER,7.26,10.54,3.28,1,1542,1664,CENTER
1173374.540,TO_CENTER,7.26,10.54,3.28,1,1542,1664,CENTER
1173374.560,TO_CENTER,7.26,10.54,3.28,1,1542,1664,CENTER
1173374.581,TO_CENTER,7.25,10.54,3.36,1,1542,1664,CENTER
1173374.601,TO_CENTER,7.25,10.54,3.36,1,1542,1664,CENTER
1173374.622,TO_CENTER,7.25,10.54,3.36,1,1542,1664,CENTER
1173374.643,TO_CENTER,7.25,10.54,3.36,1,1542,1664,CENTER
1173374.663,TO_CENTER,7.25,10.54,3.36,1,1542,1664,CENTER
1173374.684,TO_CENTER,7.23,10.54,3.43,1,1542,1664,CENTER
1173374.704,TO_CENTER,7.23,10.54,3.43,1,1542,1664,CENTER
1173374.725,TO_CENTER,7.23,10.54,3.43,1,1542,1664,CENTER
1173374.745,TO_CENTER,7.23,10.54,3.43,1,1542,1664,CENTER
1173374.766,TO_CENTER,7.23,10.54,3.43,1,1542,1664,CENTER
1173374.786,TO_CENTER,7.21,10.53,2.52,1,1542,1664,CENTER
1173374.806,TO_CENTER,7.21,10.53,2.52,1,1542,1664,CENTER
1173374.826,TO_CENTER,7.21,10.53,2.52,1,1542,1664,CENTER
1173374.848,TO_CENTER,7.21,10.53,2.52,1,1542,1664,CENTER
1173374.868,TO_CENTER,7.21,10.53,2.52,1,1542,1664,CENTER
1173374.888,TO_CENTER,7.20,10.52,2.54,1,1542,1664,CENTER
1173374.910,TO_CENTER,7.20,10.52,2.54,1,1542,1664,CENTER
1173374.930,TO_CENTER,7.20,10.52,2.54,1,1542,1664,CENTER
1173374.950,TO_CENTER,7.20,10.52,2.54,1,1542,1664,CENTER
1173374.971,TO_CENTER,7.20,10.52,2.54,1,1542,1664,CENTER
1173374.992,TO_CENTER,7.18,10.52,2.62,1,1542,1664,CENTER
1173375.012,TO_CENTER,7.18,10.52,2.62,1,1542,1664,CENTER
1173375.032,TO_CENTER,7.18,10.52,2.62,1,1542,1664,CENTER
1173375.053,TO_CENTER,7.18,10.52,2.62,1,1542,1664,CENTER
1173375.073,TO_CENTER,7.18,10.52,2.62,1,1542,1664,CENTER
1173375.093,TO_CENTER,7.18,10.52,2.62,1,1542,1664,CENTER
1173375.114,TO_CENTER,7.18,10.52,2.62,1,1542,1664,CENTER
1173375.134,TO_CENTER,7.18,10.52,2.62,1,1542,1664,CENTER
1173375.155,TO_CENTER,7.18,10.52,2.62,1,1542,1664,CENTER
1173375.175,TO_CENTER,7.18,10.52,2.62,1,1542,1664,CENTER
1173375.196,TO_CENTER,7.16,10.52,2.69,1,1542,1664,CENTER
1173375.216,TO_CENTER,7.16,10.52,2.69,1,1542,1664,CENTER
1173375.237,TO_CENTER,7.16,10.52,2.69,1,1542,1664,CENTER
1173375.257,TO_CENTER,7.16,10.52,2.69,1,1542,1664,CENTER
1173375.278,TO_CENTER,7.16,10.52,2.69,1,1542,1664,CENTER
1173375.298,TO_CENTER,7.15,10.51,2.77,1,1542,1664,CENTER
1173375.319,TO_CENTER,7.15,10.51,2.77,1,1542,1664,CENTER
1173375.340,TO_CENTER,7.15,10.51,2.77,1,1542,1664,CENTER
1173375.360,TO_CENTER,7.15,10.51,2.77,1,1542,1664,CENTER
1173375.380,TO_CENTER,7.15,10.51,2.77,1,1542,1664,CENTER
1173375.401,TO_CENTER,7.15,10.51,2.77,1,1542,1664,CENTER
1173375.421,TO_CENTER,7.15,10.51,2.77,1,1542,1664,CENTER
1173375.442,TO_CENTER,7.15,10.51,2.77,1,1542,1664,CENTER
1173375.462,TO_CENTER,7.15,10.51,2.77,1,1542,1664,CENTER
1173375.482,TO_CENTER,7.15,10.51,2.77,1,1542,1664,CENTER
1173375.503,TO_CENTER,7.13,10.50,2.81,1,1542,1664,CENTER
1173375.524,TO_CENTER,7.13,10.50,2.81,1,1542,1664,CENTER
1173375.544,TO_CENTER,7.13,10.50,2.81,1,1542,1664,CENTER
1173375.564,TO_CENTER,7.13,10.50,2.81,1,1542,1664,CENTER
1173375.585,TO_CENTER,7.13,10.50,2.81,1,1542,1664,CENTER
1173375.606,TO_CENTER,7.11,10.50,2.88,1,1542,1664,CENTER
1173375.626,TO_CENTER,7.11,10.50,2.88,1,1542,1664,CENTER
1173375.647,TO_CENTER,7.11,10.50,2.88,1,1542,1664,CENTER
1173375.668,TO_CENTER,7.11,10.50,2.88,1,1542,1664,CENTER
1173375.688,TO_CENTER,7.11,10.50,2.88,1,1542,1664,CENTER
1173375.709,TO_CENTER,7.10,10.49,2.95,1,1542,1664,CENTER
1173375.729,TO_CENTER,7.10,10.49,2.95,1,1542,1664,CENTER
1173375.749,TO_CENTER,7.10,10.49,2.95,1,1542,1664,CENTER
1173375.769,TO_CENTER,7.10,10.49,2.95,1,1542,1664,CENTER
1173375.790,TO_CENTER,7.10,10.49,2.95,1,1542,1664,CENTER
1173375.811,TO_CENTER,7.09,10.49,2.97,1,1542,1664,CENTER
1173375.831,TO_CENTER,7.09,10.49,2.97,1,1542,1664,CENTER
1173375.851,TO_CENTER,7.09,10.49,2.97,1,1542,1664,CENTER
1173375.872,TO_CENTER,7.09,10.49,2.97,1,1542,1664,CENTER
1173375.892,TO_CENTER,7.09,10.49,2.97,1,1542,1664,CENTER
1173375.913,TO_CENTER,7.07,10.48,3.05,1,1542,1664,CENTER
1173375.933,TO_CENTER,7.07,10.48,3.05,1,1542,1664,CENTER
1173375.953,TO_CENTER,7.07,10.48,3.05,1,1542,1664,CENTER
1173375.974,TO_CENTER,7.07,10.48,3.05,1,1542,1664,CENTER
1173375.995,TO_CENTER,7.07,10.48,3.05,1,1542,1664,CENTER
1173376.015,TO_CENTER,7.07,10.48,3.05,1,1542,1664,CENTER
1173376.035,TO_CENTER,7.07,10.48,3.05,1,1542,1664,CENTER
1173376.056,TO_CENTER,7.07,10.48,3.05,1,1542,1664,CENTER
1173376.076,TO_CENTER,7.07,10.48,3.05,1,1542,1664,CENTER
1173376.097,TO_CENTER,7.07,10.48,3.05,1,1542,1664,CENTER
1173376.117,TO_CENTER,7.05,10.47,3.14,1,1542,1664,CENTER
1173376.138,TO_CENTER,7.05,10.47,3.14,1,1542,1664,CENTER
1173376.159,TO_CENTER,7.05,10.47,3.14,1,1542,1664,CENTER
1173376.179,TO_CENTER,7.05,10.47,3.14,1,1542,1664,CENTER
1173376.199,TO_CENTER,7.05,10.47,3.14,1,1542,1664,CENTER
1173376.220,TO_CENTER,7.03,10.46,3.24,1,1542,1664,CENTER
1173376.240,TO_CENTER,7.03,10.46,3.24,1,1542,1664,CENTER
1173376.260,TO_CENTER,7.03,10.46,3.24,1,1542,1664,CENTER
1173376.281,TO_CENTER,7.03,10.46,3.24,1,1542,1664,CENTER
1173376.301,TO_CENTER,7.03,10.46,3.24,1,1542,1664,CENTER
1173376.322,TO_CENTER,7.02,10.46,3.26,1,1542,1664,CENTER
1173376.343,TO_CENTER,7.02,10.46,3.26,1,1542,1664,CENTER
1173376.363,TO_CENTER,7.02,10.46,3.26,1,1542,1664,CENTER
1173376.384,TO_CENTER,7.02,10.46,3.26,1,1542,1664,CENTER
1173376.404,TO_CENTER,7.02,10.46,3.26,1,1542,1664,CENTER
1173376.425,TO_CENTER,7.01,10.45,3.33,1,1542,1664,CENTER
1173376.445,TO_CENTER,7.01,10.45,3.33,1,1542,1664,CENTER
1173376.466,TO_CENTER,7.01,10.45,3.33,1,1542,1664,CENTER
1173376.487,TO_CENTER,7.01,10.45,3.33,1,1542,1664,CENTER
1173376.507,TO_CENTER,7.01,10.45,3.33,1,1542,1664,CENTER
1173376.527,TO_CENTER,7.00,10.45,3.35,1,1542,1665,CENTER
1173376.548,TO_CENTER,7.00,10.45,3.35,1,1542,1665,CENTER
1173376.568,TO_CENTER,7.00,10.45,3.35,1,1542,1665,CENTER
1173376.589,TO_CENTER,7.00,10.45,3.35,1,1542,1665,CENTER
1173376.610,TO_CENTER,7.00,10.45,3.35,1,1542,1665,CENTER
1173376.630,TO_CENTER,7.00,10.45,2.35,1,1542,1665,CENTER
1173376.650,TO_CENTER,7.00,10.45,2.35,1,1542,1665,CENTER
1173376.671,TO_CENTER,7.00,10.45,2.35,1,1542,1665,CENTER
1173376.691,TO_CENTER,7.00,10.45,2.35,1,1542,1665,CENTER
1173376.712,TO_CENTER,7.00,10.45,2.35,1,1542,1665,CENTER
1173376.732,TO_CENTER,6.98,10.44,2.45,1,1542,1665,CENTER
1173376.753,TO_CENTER,6.98,10.44,2.45,1,1542,1665,CENTER
1173376.773,TO_CENTER,6.98,10.44,2.45,1,1542,1665,CENTER
1173376.794,TO_CENTER,6.98,10.44,2.45,1,1542,1665,CENTER
1173376.815,TO_CENTER,6.98,10.44,2.45,1,1542,1665,CENTER
1173376.835,TO_CENTER,6.97,10.43,2.52,1,1542,1665,CENTER
1173376.855,TO_CENTER,6.97,10.43,2.52,1,1542,1665,CENTER
1173376.876,TO_CENTER,6.97,10.43,2.52,1,1542,1665,CENTER
1173376.896,TO_CENTER,6.97,10.43,2.52,1,1542,1665,CENTER
1173376.917,TO_CENTER,6.97,10.43,2.52,1,1542,1665,CENTER
1173376.937,TO_CENTER,6.96,10.43,2.54,1,1542,1665,CENTER
1173376.958,TO_CENTER,6.96,10.43,2.54,1,1542,1665,CENTER
1173376.978,TO_CENTER,6.96,10.43,2.54,1,1542,1665,CENTER
1173376.999,TO_CENTER,6.96,10.43,2.54,1,1542,1665,CENTER
1173377.019,TO_CENTER,6.96,10.43,2.54,1,1542,1665,CENTER
1173377.040,TO_CENTER,6.94,10.42,2.64,1,1542,1665,CENTER
1173377.060,TO_CENTER,6.94,10.42,2.64,1,1542,1665,CENTER
1173377.081,TO_CENTER,6.94,10.42,2.64,1,1542,1665,CENTER
1173377.101,TO_CENTER,6.94,10.42,2.64,1,1542,1665,CENTER
1173377.122,TO_CENTER,6.94,10.42,2.64,1,1542,1665,CENTER
1173377.142,TO_CENTER,6.93,10.41,2.66,1,1542,1665,CENTER
1173377.162,TO_CENTER,6.93,10.41,2.66,1,1542,1665,CENTER
1173377.183,TO_CENTER,6.93,10.41,2.66,1,1542,1665,CENTER
1173377.204,TO_CENTER,6.93,10.41,2.66,1,1542,1665,CENTER
1173377.224,TO_CENTER,6.93,10.41,2.66,1,1542,1665,CENTER
1173377.245,TO_CENTER,6.92,10.41,2.74,1,1542,1665,CENTER
1173377.265,TO_CENTER,6.92,10.41,2.74,1,1542,1665,CENTER
1173377.286,TO_CENTER,6.92,10.41,2.74,1,1542,1665,CENTER
1173377.306,TO_CENTER,6.92,10.41,2.74,1,1542,1665,CENTER
1173377.327,TO_CENTER,6.92,10.41,2.74,1,1542,1665,CENTER
1173377.347,TO_CENTER,6.90,10.39,2.78,1,1542,1665,CENTER
1173377.368,TO_CENTER,6.90,10.39,2.78,1,1542,1665,CENTER
1173377.388,TO_CENTER,6.90,10.39,2.78,1,1542,1665,CENTER
1173377.409,TO_CENTER,6.90,10.39,2.78,1,1542,1665,CENTER
1173377.429,TO_CENTER,6.90,10.39,2.78,1,1542,1665,CENTER
1173377.449,TO_CENTER,6.90,10.39,2.78,1,1542,1665,CENTER
1173377.471,TO_CENTER,6.90,10.39,2.78,1,1542,1665,CENTER
1173377.491,TO_CENTER,6.90,10.39,2.78,1,1542,1665,CENTER
1173377.512,TO_CENTER,6.90,10.39,2.78,1,1542,1665,CENTER
1173377.532,TO_CENTER,6.90,10.39,2.78,1,1542,1665,CENTER
1173377.553,TO_CENTER,6.89,10.39,2.85,1,1542,1665,CENTER
1173377.573,TO_CENTER,6.89,10.39,2.85,1,1542,1665,CENTER
1173377.597,TO_CENTER,6.89,10.39,2.85,1,1542,1665,CENTER
1173377.618,TO_CENTER,6.89,10.39,2.85,1,1542,1665,CENTER
1173377.638,TO_CENTER,6.89,10.39,2.85,1,1542,1665,CENTER
1173377.659,TO_CENTER,6.88,10.38,2.87,1,1542,1665,CENTER
1173377.680,TO_CENTER,6.88,10.38,2.87,1,1542,1665,CENTER
1173377.701,TO_CENTER,6.88,10.38,2.87,1,1542,1665,CENTER
1173377.722,TO_CENTER,6.88,10.38,2.87,1,1542,1665,CENTER
1173377.743,TO_CENTER,6.88,10.38,2.87,1,1542,1665,CENTER
1173377.763,TO_CENTER,6.88,10.38,2.87,1,1542,1665,CENTER
1173377.783,TO_CENTER,6.88,10.38,2.87,1,1542,1665,CENTER
1173377.804,TO_CENTER,6.88,10.38,2.87,1,1542,1665,CENTER
1173377.824,TO_CENTER,6.88,10.38,2.87,1,1542,1665,CENTER
1173377.846,TO_CENTER,6.88,10.38,2.87,1,1542,1665,CENTER
1173377.866,TO_CENTER,6.87,10.37,2.97,1,1541,1665,CENTER
1173377.886,TO_CENTER,6.87,10.37,2.97,1,1541,1665,CENTER
1173377.906,TO_CENTER,6.87,10.37,2.97,1,1541,1665,CENTER
1173377.927,TO_CENTER,6.87,10.37,2.97,1,1541,1665,CENTER
1173377.947,TO_CENTER,6.87,10.37,2.97,1,1541,1665,CENTER
1173377.968,TO_CENTER,6.86,10.36,2.99,1,1541,1665,CENTER
1173377.988,TO_CENTER,6.86,10.36,2.99,1,1541,1665,CENTER
1173378.009,TO_CENTER,6.86,10.36,2.99,1,1541,1665,CENTER
1173378.030,TO_CENTER,6.86,10.36,2.99,1,1541,1665,CENTER
1173378.050,TO_CENTER,6.86,10.36,2.99,1,1541,1665,CENTER
1173378.072,TO_CENTER,6.85,10.36,3.07,1,1541,1665,CENTER
1173378.093,TO_CENTER,6.85,10.36,3.07,1,1541,1665,CENTER
1173378.113,TO_CENTER,6.85,10.36,3.07,1,1541,1665,CENTER
1173378.133,TO_CENTER,6.85,10.36,3.07,1,1541,1665,CENTER
1173378.154,TO_CENTER,6.85,10.36,3.07,1,1541,1665,CENTER
1173378.175,TO_CENTER,6.84,10.35,3.09,1,1541,1665,CENTER
1173378.195,TO_CENTER,6.84,10.35,3.09,1,1541,1665,CENTER
1173378.216,TO_CENTER,6.84,10.35,3.09,1,1541,1665,CENTER
1173378.236,TO_CENTER,6.84,10.35,3.09,1,1541,1665,CENTER
1173378.257,TO_CENTER,6.84,10.35,3.09,1,1541,1665,CENTER
1173378.278,TO_CENTER,6.84,10.35,3.09,1,1541,1665,CENTER
1173378.298,TO_CENTER,6.84,10.35,3.09,1,1541,1665,CENTER
1173378.319,TO_CENTER,6.84,10.35,3.09,1,1541,1665,CENTER
1173378.339,TO_CENTER,6.84,10.35,3.09,1,1541,1665,CENTER
1173378.360,TO_CENTER,6.84,10.35,3.09,1,1541,1665,CENTER
1173378.380,TO_CENTER,6.83,10.34,3.13,1,1541,1665,CENTER
1173378.401,TO_CENTER,6.83,10.34,3.13,1,1541,1665,CENTER
1173378.421,TO_CENTER,6.83,10.34,3.13,1,1541,1665,CENTER
1173378.442,TO_CENTER,6.83,10.34,3.13,1,1541,1665,CENTER
1173378.462,TO_CENTER,6.83,10.34,3.13,1,1541,1665,CENTER
1173378.483,TO_CENTER,6.82,10.34,3.21,1,1541,1665,CENTER
1173378.503,TO_CENTER,6.82,10.34,3.21,1,1541,1665,CENTER
1173378.524,TO_CENTER,6.82,10.34,3.21,1,1541,1665,CENTER
1173378.545,TO_CENTER,6.82,10.34,3.21,1,1541,1665,CENTER
1173378.565,TO_CENTER,6.82,10.34,3.21,1,1541,1665,CENTER
1173378.585,TO_CENTER,6.81,10.33,3.23,1,1541,1665,CENTER
1173378.606,TO_CENTER,6.81,10.33,3.23,1,1541,1665,CENTER
1173378.626,TO_CENTER,6.81,10.33,3.23,1,1541,1665,CENTER
1173378.647,TO_CENTER,6.81,10.33,3.23,1,1541,1665,CENTER
1173378.667,TO_CENTER,6.81,10.33,3.23,1,1541,1665,CENTER
1173378.688,TO_CENTER,6.80,10.32,3.32,1,1541,1665,CENTER
1173378.708,TO_CENTER,6.80,10.32,3.32,1,1541,1665,CENTER
1173378.729,TO_CENTER,6.80,10.32,3.32,1,1541,1665,CENTER
1173378.750,TO_CENTER,6.80,10.32,3.32,1,1541,1665,CENTER
1173378.770,TO_CENTER,6.80,10.32,3.32,1,1541,1665,CENTER
1173378.791,TO_CENTER,6.79,10.31,3.35,1,1541,1665,CENTER
1173378.812,TO_CENTER,6.79,10.31,3.35,1,1541,1665,CENTER
1173378.832,TO_CENTER,6.79,10.31,3.35,1,1541,1665,CENTER
1173378.853,TO_CENTER,6.79,10.31,3.35,1,1541,1665,CENTER
1173378.874,TO_CENTER,6.79,10.31,3.35,1,1541,1665,CENTER
1173378.894,TO_CENTER,6.78,10.30,2.37,1,1541,1665,CENTER
1173378.914,TO_CENTER,6.78,10.30,2.37,1,1541,1665,CENTER
1173378.936,TO_CENTER,6.78,10.30,2.37,1,1541,1665,CENTER
1173378.956,TO_CENTER,6.78,10.30,2.37,1,1541,1665,CENTER
1173378.977,TO_CENTER,6.78,10.30,2.37,1,1541,1665,CENTER
1173378.998,TO_CENTER,6.77,10.29,2.47,1,1541,1665,CENTER
1173379.018,TO_CENTER,6.77,10.29,2.47,1,1541,1665,CENTER
1173379.039,TO_CENTER,6.77,10.29,2.47,1,1541,1665,CENTER
1173379.060,TO_CENTER,6.77,10.29,2.47,1,1541,1665,CENTER
1173379.081,TO_CENTER,6.77,10.29,2.47,1,1541,1665,CENTER
1173379.101,TO_CENTER,6.77,10.29,2.47,1,1541,1665,CENTER
1173379.122,TO_CENTER,6.77,10.29,2.47,1,1541,1665,CENTER
1173379.142,TO_CENTER,6.77,10.29,2.47,1,1541,1665,CENTER
1173379.162,TO_CENTER,6.77,10.29,2.47,1,1541,1665,CENTER
1173379.183,TO_CENTER,6.77,10.29,2.47,1,1541,1665,CENTER
1173379.204,TO_CENTER,6.76,10.28,2.51,1,1541,1665,CENTER
1173379.224,TO_CENTER,6.76,10.28,2.51,1,1541,1665,CENTER
1173379.245,TO_CENTER,6.76,10.28,2.51,1,1541,1665,CENTER
1173379.266,TO_CENTER,6.76,10.28,2.51,1,1541,1665,CENTER
1173379.286,TO_CENTER,6.76,10.28,2.51,1,1541,1665,CENTER
1173379.307,TO_CENTER,6.75,10.27,2.61,1,1541,1665,CENTER
1173379.327,TO_CENTER,6.75,10.27,2.61,1,1541,1665,CENTER
1173379.348,TO_CENTER,6.75,10.27,2.61,1,1541,1665,CENTER
1173379.368,TO_CENTER,6.75,10.27,2.61,1,1541,1665,CENTER
1173379.389,TO_CENTER,6.75,10.27,2.61,1,1541,1665,CENTER
1173379.409,TO_CENTER,6.74,10.26,2.63,1,1541,1665,CENTER
1173379.430,TO_CENTER,6.74,10.26,2.63,1,1541,1665,CENTER
1173379.451,TO_CENTER,6.74,10.26,2.63,1,1541,1665,CENTER
1173379.471,TO_CENTER,6.74,10.26,2.63,1,1541,1665,CENTER
1173379.492,TO_CENTER,6.74,10.26,2.63,1,1541,1665,CENTER
1173379.513,TO_CENTER,6.73,10.25,2.73,1,1541,1665,CENTER
1173379.533,TO_CENTER,6.73,10.25,2.73,1,1541,1665,CENTER
1173379.553,TO_CENTER,6.73,10.25,2.73,1,1541,1665,CENTER
1173379.574,TO_CENTER,6.73,10.25,2.73,1,1541,1665,CENTER
1173379.596,TO_CENTER,6.73,10.25,2.73,1,1541,1665,CENTER
1173379.616,TO_CENTER,6.73,10.25,2.73,1,1541,1665,CENTER
1173379.637,TO_CENTER,6.73,10.25,2.73,1,1541,1665,CENTER
1173379.657,TO_CENTER,6.73,10.25,2.73,1,1541,1665,CENTER
1173379.679,TO_CENTER,6.73,10.25,2.73,1,1541,1665,CENTER
1173379.699,TO_CENTER,6.73,10.25,2.73,1,1541,1665,CENTER
1173379.719,TO_CENTER,6.71,10.24,2.77,1,1541,1665,CENTER
1173379.740,TO_CENTER,6.71,10.24,2.77,1,1541,1665,CENTER
1173379.760,TO_CENTER,6.71,10.24,2.77,1,1541,1665,CENTER
1173379.781,TO_CENTER,6.71,10.24,2.77,1,1541,1665,CENTER
1173379.801,TO_CENTER,6.71,10.24,2.77,1,1541,1665,CENTER
1173379.821,TO_CENTER,6.71,10.23,2.79,1,1541,1665,CENTER
1173379.842,TO_CENTER,6.71,10.23,2.79,1,1541,1665,CENTER
1173379.863,TO_CENTER,6.71,10.23,2.79,1,1541,1665,CENTER
1173379.883,TO_CENTER,6.71,10.23,2.79,1,1541,1665,CENTER
1173379.904,TO_CENTER,6.71,10.23,2.79,1,1541,1665,CENTER
1173379.924,TO_CENTER,6.69,10.22,2.89,1,1541,1665,CENTER
1173379.945,TO_CENTER,6.69,10.22,2.89,1,1541,1665,CENTER
1173379.966,TO_CENTER,6.69,10.22,2.89,1,1541,1665,CENTER
1173379.986,TO_CENTER,6.69,10.22,2.89,1,1541,1665,CENTER
1173380.007,TO_CENTER,6.69,10.22,2.89,1,1541,1665,CENTER
1173380.027,TO_CENTER,6.68,10.21,2.93,1,1541,1665,CENTER
1173380.048,TO_CENTER,6.68,10.21,2.93,1,1541,1665,CENTER
1173380.068,TO_CENTER,6.68,10.21,2.93,1,1541,1665,CENTER
1173380.089,TO_CENTER,6.68,10.21,2.93,1,1541,1665,CENTER
1173380.109,TO_CENTER,6.68,10.21,2.93,1,1541,1665,CENTER
1173380.130,TO_CENTER,6.68,10.21,2.93,1,1541,1665,CENTER
1173380.150,TO_CENTER,6.68,10.21,2.93,1,1541,1665,CENTER
1173380.171,TO_CENTER,6.68,10.21,2.93,1,1541,1665,CENTER
1173380.191,TO_CENTER,6.68,10.21,2.93,1,1541,1665,CENTER
1173380.212,TO_CENTER,6.68,10.21,2.93,1,1541,1665,CENTER
1173380.234,TO_CENTER,6.67,10.20,3.03,1,1541,1665,CENTER
1173380.254,TO_CENTER,6.67,10.20,3.03,1,1541,1665,CENTER
1173380.274,TO_CENTER,6.67,10.20,3.03,1,1541,1665,CENTER
1173380.295,TO_CENTER,6.67,10.20,3.03,1,1541,1665,CENTER
1173380.316,TO_CENTER,6.67,10.20,3.03,1,1541,1665,CENTER
1173380.341,TO_CENTER,6.67,10.18,3.08,1,1541,1665,CENTER
1173380.361,TO_CENTER,6.67,10.18,3.08,1,1541,1665,CENTER
1173380.382,TO_CENTER,6.67,10.18,3.08,1,1541,1665,CENTER
1173380.403,TO_CENTER,6.67,10.18,3.08,1,1541,1665,CENTER
1173380.423,TO_CENTER,6.67,10.18,3.08,1,1541,1665,CENTER
1173380.445,TO_CENTER,6.66,10.18,3.10,1,1541,1666,CENTER
1173380.466,TO_CENTER,6.66,10.18,3.10,1,1541,1666,CENTER
1173380.486,TO_CENTER,6.66,10.18,3.10,1,1541,1666,CENTER
1173380.507,TO_CENTER,6.66,10.18,3.10,1,1541,1666,CENTER
1173380.527,TO_CENTER,6.66,10.18,3.10,1,1541,1666,CENTER
1173380.548,TO_CENTER,6.65,10.17,3.20,1,1541,1666,CENTER
1173380.570,TO_CENTER,6.65,10.17,3.20,1,1541,1666,CENTER
1173380.590,TO_CENTER,6.65,10.17,3.20,1,1541,1666,CENTER
1173380.610,TO_CENTER,6.65,10.17,3.20,1,1541,1666,CENTER
1173380.633,TO_CENTER,6.65,10.17,3.20,1,1541,1666,CENTER
1173380.653,TO_CENTER,6.65,10.16,2.22,1,1541,1666,CENTER
1173380.673,TO_CENTER,6.65,10.16,2.22,1,1541,1666,CENTER
1173380.694,TO_CENTER,6.65,10.16,2.22,1,1541,1666,CENTER
1173380.714,TO_CENTER,6.65,10.16,2.22,1,1541,1666,CENTER
1173380.735,TO_CENTER,6.65,10.16,2.22,1,1541,1666,CENTER
1173380.756,TO_CENTER,6.64,10.14,2.27,1,1541,1666,CENTER
1173380.776,TO_CENTER,6.64,10.14,2.27,1,1541,1666,CENTER
1173380.796,TO_CENTER,6.64,10.14,2.27,1,1541,1666,CENTER
1173380.817,TO_CENTER,6.64,10.14,2.27,1,1541,1666,CENTER
1173380.838,TO_CENTER,6.64,10.14,2.27,1,1541,1666,CENTER
1173380.858,TO_CENTER,6.64,10.14,2.27,1,1541,1666,CENTER
1173380.882,TO_CENTER,6.64,10.14,2.27,1,1541,1666,CENTER
1173380.902,TO_CENTER,6.64,10.14,2.27,1,1541,1666,CENTER
1173380.922,TO_CENTER,6.64,10.14,2.27,1,1541,1666,CENTER
1173380.943,TO_CENTER,6.64,10.14,2.27,1,1541,1666,CENTER
1173380.963,TO_CENTER,6.63,10.13,2.37,1,1541,1666,CENTER
1173380.983,TO_CENTER,6.63,10.13,2.37,1,1541,1666,CENTER
1173381.004,TO_CENTER,6.63,10.13,2.37,1,1541,1666,CENTER
1173381.025,TO_CENTER,6.63,10.13,2.37,1,1541,1666,CENTER
1173381.045,TO_CENTER,6.63,10.13,2.37,1,1541,1666,CENTER
1173381.068,TO_CENTER,6.62,10.13,2.39,1,1541,1666,CENTER
1173381.088,TO_CENTER,6.62,10.13,2.39,1,1541,1666,CENTER
1173381.109,TO_CENTER,6.62,10.13,2.39,1,1541,1666,CENTER
1173381.130,TO_CENTER,6.62,10.13,2.39,1,1541,1666,CENTER
1173381.150,TO_CENTER,6.62,10.13,2.39,1,1541,1666,CENTER
1173381.171,TO_CENTER,6.62,10.11,2.43,1,1540,1666,CENTER
1173381.191,TO_CENTER,6.62,10.11,2.43,1,1540,1666,CENTER
1173381.212,TO_CENTER,6.62,10.11,2.43,1,1540,1666,CENTER
1173381.232,TO_CENTER,6.62,10.11,2.43,1,1540,1666,CENTER
1173381.254,TO_CENTER,6.62,10.11,2.43,1,1540,1666,CENTER
1173381.274,TO_CENTER,6.61,10.10,2.46,1,1540,1666,CENTER
1173381.295,TO_CENTER,6.61,10.10,2.46,1,1540,1666,CENTER
1173381.315,TO_CENTER,6.61,10.10,2.46,1,1540,1666,CENTER
1173381.336,TO_CENTER,6.61,10.10,2.46,1,1540,1666,CENTER
1173381.357,TO_CENTER,6.61,10.10,2.46,1,1540,1666,CENTER
1173381.377,TO_CENTER,6.61,10.09,2.50,1,1540,1666,CENTER
1173381.397,TO_CENTER,6.61,10.09,2.50,1,1540,1666,CENTER
1173381.418,TO_CENTER,6.61,10.09,2.50,1,1540,1666,CENTER
1173381.438,TO_CENTER,6.61,10.09,2.50,1,1540,1666,CENTER
1173381.459,TO_CENTER,6.61,10.09,2.50,1,1540,1666,CENTER
1173381.479,TO_CENTER,6.60,10.09,2.58,1,1540,1666,CENTER
1173381.500,TO_CENTER,6.60,10.09,2.58,1,1540,1666,CENTER
1173381.521,TO_CENTER,6.60,10.09,2.58,1,1540,1666,CENTER
1173381.541,TO_CENTER,6.60,10.09,2.58,1,1540,1666,CENTER
1173381.562,TO_CENTER,6.60,10.09,2.58,1,1540,1666,CENTER
1173381.582,TO_CENTER,6.60,10.07,2.62,1,1540,1666,CENTER
1173381.602,TO_CENTER,6.60,10.07,2.62,1,1540,1666,CENTER
1173381.623,TO_CENTER,6.60,10.07,2.62,1,1540,1666,CENTER
1173381.643,TO_CENTER,6.60,10.07,2.62,1,1540,1666,CENTER
1173381.663,TO_CENTER,6.60,10.07,2.62,1,1540,1666,CENTER
1173381.684,TO_CENTER,6.59,10.07,2.65,1,1540,1666,CENTER
1173381.705,TO_CENTER,6.59,10.07,2.65,1,1540,1666,CENTER
1173381.725,TO_CENTER,6.59,10.07,2.65,1,1540,1666,CENTER
1173381.746,TO_CENTER,6.59,10.07,2.65,1,1540,1666,CENTER
1173381.767,TO_CENTER,6.59,10.07,2.65,1,1540,1666,CENTER
1173381.787,TO_CENTER,6.59,10.05,2.69,1,1540,1666,CENTER
1173381.808,TO_CENTER,6.59,10.05,2.69,1,1540,1666,CENTER
1173381.828,TO_CENTER,6.59,10.05,2.69,1,1540,1666,CENTER
1173381.849,TO_CENTER,6.59,10.05,2.69,1,1540,1666,CENTER
1173381.869,TO_CENTER,6.59,10.05,2.69,1,1540,1666,CENTER
1173381.891,TO_CENTER,6.58,10.04,2.72,1,1540,1666,CENTER
1173381.911,TO_CENTER,6.58,10.04,2.72,1,1540,1666,CENTER
1173381.931,TO_CENTER,6.58,10.04,2.72,1,1540,1666,CENTER
1173381.952,TO_CENTER,6.58,10.04,2.72,1,1540,1666,CENTER
1173381.972,TO_CENTER,6.58,10.04,2.72,1,1540,1666,CENTER
1173381.993,TO_CENTER,6.58,10.04,1.72,1,1540,1666,CENTER
1173382.014,TO_CENTER,6.58,10.04,1.72,1,1540,1666,CENTER
1173382.034,TO_CENTER,6.58,10.04,1.72,1,1540,1666,CENTER
1173382.054,TO_CENTER,6.58,10.04,1.72,1,1540,1666,CENTER
1173382.075,TO_CENTER,6.58,10.04,1.72,1,1540,1666,CENTER
1173382.095,TO_CENTER,6.58,10.04,1.72,1,1540,1666,CENTER
1173382.116,TO_CENTER,6.58,10.04,1.72,1,1540,1666,CENTER
1173382.136,TO_CENTER,6.58,10.04,1.72,1,1540,1666,CENTER
1173382.157,TO_CENTER,6.58,10.04,1.72,1,1540,1666,CENTER
1173382.177,TO_CENTER,6.58,10.04,1.72,1,1540,1666,CENTER
1173382.197,TO_CENTER,6.58,10.04,1.82,1,1540,1666,CENTER
1173382.218,TO_CENTER,6.58,10.04,1.82,1,1540,1666,CENTER
1173382.239,TO_CENTER,6.58,10.04,1.82,1,1540,1666,CENTER
1173382.259,TO_CENTER,6.58,10.04,1.82,1,1540,1666,CENTER
1173382.280,TO_CENTER,6.58,10.04,1.82,1,1540,1666,CENTER
1173382.300,TO_CENTER,6.57,10.02,1.86,1,1540,1666,CENTER
1173382.321,TO_CENTER,6.57,10.02,1.86,1,1540,1666,CENTER
1173382.341,TO_CENTER,6.57,10.02,1.86,1,1540,1666,CENTER
1173382.362,TO_CENTER,6.57,10.02,1.86,1,1540,1666,CENTER
1173382.382,TO_CENTER,6.57,10.02,1.86,1,1540,1666,CENTER
1173382.403,TO_CENTER,6.57,10.01,1.89,1,1540,1666,CENTER
1173382.423,TO_CENTER,6.57,10.01,1.89,1,1540,1666,CENTER
1173382.444,TO_CENTER,6.57,10.01,1.89,1,1540,1666,CENTER
1173382.465,TO_CENTER,6.57,10.01,1.89,1,1540,1666,CENTER
1173382.485,TO_CENTER,6.57,10.01,1.89,1,1540,1666,CENTER
1173382.506,TO_CENTER,6.57,10.01,1.91,1,1540,1666,CENTER
1173382.527,TO_CENTER,6.57,10.01,1.91,1,1540,1666,CENTER
1173382.548,TO_CENTER,6.57,10.01,1.91,1,1540,1666,CENTER
1173382.568,TO_CENTER,6.57,10.01,1.91,1,1540,1666,CENTER
1173382.589,TO_CENTER,6.57,10.01,1.91,1,1540,1666,CENTER
1173382.610,TO_CENTER,6.56,9.98,1.98,1,1540,1666,CENTER
1173382.630,TO_CENTER,6.56,9.98,1.98,1,1540,1666,CENTER
1173382.651,TO_CENTER,6.56,9.98,1.98,1,1540,1666,CENTER
1173382.671,TO_CENTER,6.56,9.98,1.98,1,1540,1666,CENTER
1173382.692,TO_CENTER,6.56,9.98,1.98,1,1540,1666,CENTER
1173382.712,TO_CENTER,6.56,9.98,1.98,1,1540,1666,CENTER
1173382.733,TO_CENTER,6.56,9.98,1.98,1,1540,1666,CENTER
1173382.753,TO_CENTER,6.56,9.98,1.98,1,1540,1666,CENTER
1173382.774,TO_CENTER,6.56,9.98,1.98,1,1540,1666,CENTER
1173382.794,TO_CENTER,6.56,9.98,1.98,1,1540,1666,CENTER
1173382.815,TO_CENTER,6.56,9.98,2.06,1,1540,1666,CENTER
1173382.835,TO_CENTER,6.56,9.98,2.06,1,1540,1666,CENTER
1173382.856,TO_CENTER,6.56,9.98,2.06,1,1540,1666,CENTER
1173382.876,TO_CENTER,6.56,9.98,2.06,1,1540,1666,CENTER
1173382.897,TO_CENTER,6.56,9.98,2.06,1,1540,1666,CENTER
1173382.917,TO_CENTER,6.56,9.97,2.10,1,1540,1666,CENTER
1173382.938,TO_CENTER,6.56,9.97,2.10,1,1540,1666,CENTER
1173382.958,TO_CENTER,6.56,9.97,2.10,1,1540,1666,CENTER
1173382.979,TO_CENTER,6.56,9.97,2.10,1,1540,1666,CENTER
1173382.999,TO_CENTER,6.56,9.97,2.10,1,1540,1666,CENTER
1173383.019,TO_CENTER,6.55,9.96,2.13,1,1540,1666,CENTER
1173383.039,TO_CENTER,6.55,9.96,2.13,1,1540,1666,CENTER
1173383.060,TO_CENTER,6.55,9.96,2.13,1,1540,1666,CENTER
1173383.080,TO_CENTER,6.55,9.96,2.13,1,1540,1666,CENTER
1173383.101,TO_CENTER,6.55,9.96,2.13,1,1540,1666,CENTER
1173383.122,TO_CENTER,6.55,9.95,2.15,1,1540,1666,CENTER
1173383.142,TO_CENTER,6.55,9.95,2.15,1,1540,1666,CENTER
1173383.163,TO_CENTER,6.55,9.95,2.15,1,1540,1666,CENTER
1173383.183,TO_CENTER,6.55,9.95,2.15,1,1540,1666,CENTER
1173383.204,TO_CENTER,6.55,9.95,2.15,1,1540,1666,CENTER
1173383.225,TO_CENTER,6.55,9.93,2.22,1,1540,1666,CENTER
1173383.246,TO_CENTER,6.55,9.93,2.22,1,1540,1666,CENTER
1173383.266,TO_CENTER,6.55,9.93,2.22,1,1540,1666,CENTER
1173383.287,TO_CENTER,6.55,9.93,2.22,1,1540,1666,CENTER
1173383.307,TO_CENTER,6.55,9.93,2.22,1,1540,1666,CENTER
1173383.328,TO_CENTER,6.55,9.92,2.24,1,1540,1666,CENTER
1173383.348,TO_CENTER,6.55,9.92,2.24,1,1540,1666,CENTER
1173383.368,TO_CENTER,6.55,9.92,2.24,1,1540,1666,CENTER
1173383.389,TO_CENTER,6.55,9.92,2.24,1,1540,1666,CENTER
1173383.409,TO_CENTER,6.55,9.92,2.24,1,1540,1666,CENTER
1173383.430,TO_CENTER,6.55,9.91,2.29,1,1540,1666,CENTER
1173383.450,TO_CENTER,6.55,9.91,2.29,1,1540,1666,CENTER
1173383.471,TO_CENTER,6.55,9.91,2.29,1,1540,1666,CENTER
1173383.491,TO_CENTER,6.55,9.91,2.29,1,1540,1666,CENTER
1173383.512,TO_CENTER,6.55,9.91,2.29,1,1540,1666,CENTER
1173383.532,TO_CENTER,6.54,9.90,2.32,1,1540,1666,CENTER
1173383.553,TO_CENTER,6.54,9.90,2.32,1,1540,1666,CENTER
1173383.573,TO_CENTER,6.54,9.90,2.32,1,1540,1666,CENTER
1173383.594,TO_CENTER,6.54,9.90,2.32,1,1540,1666,CENTER
1173383.615,TO_CENTER,6.54,9.90,2.32,1,1540,1666,CENTER
1173383.636,TO_CENTER,6.54,9.90,2.32,1,1540,1666,CENTER
1173383.656,TO_CENTER,6.54,9.90,2.32,1,1540,1666,CENTER
1173383.677,TO_CENTER,6.54,9.90,2.32,1,1540,1666,CENTER
1173383.697,TO_CENTER,6.54,9.90,2.32,1,1540,1666,CENTER
1173383.717,TO_CENTER,6.54,9.90,2.32,1,1540,1666,CENTER
1173383.741,TO_CENTER,6.54,9.89,2.42,1,1540,1666,CENTER
1173383.761,TO_CENTER,6.54,9.89,2.42,1,1540,1666,CENTER
1173383.782,TO_CENTER,6.54,9.89,2.42,1,1540,1666,CENTER
1173383.802,TO_CENTER,6.54,9.89,2.42,1,1540,1666,CENTER
1173383.823,TO_CENTER,6.54,9.89,2.42,1,1540,1666,CENTER
1173383.843,TO_CENTER,6.54,9.88,2.47,1,1540,1666,CENTER
1173383.864,TO_CENTER,6.54,9.88,2.47,1,1540,1666,CENTER
1173383.884,TO_CENTER,6.54,9.88,2.47,1,1540,1666,CENTER
1173383.905,TO_CENTER,6.54,9.88,2.47,1,1540,1666,CENTER
1173383.928,TO_CENTER,6.54,9.88,2.47,1,1540,1666,CENTER
1173383.948,TO_CENTER,6.54,9.86,2.51,1,1539,1666,CENTER
1173383.969,TO_CENTER,6.54,9.86,2.51,1,1539,1666,CENTER
1173383.989,TO_CENTER,6.54,9.86,2.51,1,1539,1666,CENTER
1173384.009,TO_CENTER,6.54,9.86,2.51,1,1539,1666,CENTER
1173384.030,TO_CENTER,6.54,9.86,2.51,1,1539,1666,CENTER
1173384.051,TO_CENTER,6.54,9.85,2.56,1,1539,1666,CENTER
1173384.071,TO_CENTER,6.54,9.85,2.56,1,1539,1666,CENTER
1173384.091,TO_CENTER,6.54,9.85,2.56,1,1539,1666,CENTER
1173384.112,TO_CENTER,6.54,9.85,2.56,1,1539,1666,CENTER
1173384.132,TO_CENTER,6.54,9.85,2.56,1,1539,1666,CENTER
1173384.153,TO_CENTER,6.54,9.85,2.56,1,1539,1666,CENTER
1173384.173,TO_CENTER,6.54,9.85,2.56,1,1539,1666,CENTER
1173384.194,TO_CENTER,6.54,9.85,2.56,1,1539,1666,CENTER
1173384.214,TO_CENTER,6.54,9.85,2.56,1,1539,1666,CENTER
1173384.234,TO_CENTER,6.54,9.85,2.56,1,1539,1666,CENTER
1173384.255,TO_CENTER,6.54,9.83,2.61,1,1539,1666,CENTER
1173384.276,TO_CENTER,6.54,9.83,2.61,1,1539,1666,CENTER
1173384.296,TO_CENTER,6.54,9.83,2.61,1,1539,1666,CENTER
1173384.317,TO_CENTER,6.54,9.83,2.61,1,1539,1666,CENTER
1173384.337,TO_CENTER,6.54,9.83,2.61,1,1539,1666,CENTER
1173384.358,TO_CENTER,6.54,9.83,2.63,1,1539,1666,CENTER
1173384.379,TO_CENTER,6.54,9.83,2.63,1,1539,1666,CENTER
1173384.399,TO_CENTER,6.54,9.83,2.63,1,1539,1666,CENTER
1173384.420,TO_CENTER,6.54,9.83,2.63,1,1539,1666,CENTER
1173384.440,TO_CENTER,6.54,9.83,2.63,1,1539,1666,CENTER
1173384.461,TO_CENTER,6.54,9.81,2.71,1,1539,1666,CENTER
1173384.481,TO_CENTER,6.54,9.81,2.71,1,1539,1666,CENTER
1173384.502,TO_CENTER,6.54,9.81,2.71,1,1539,1666,CENTER
1173384.522,TO_CENTER,6.54,9.81,2.71,1,1539,1666,CENTER
1173384.543,TO_CENTER,6.54,9.81,2.71,1,1539,1666,CENTER
1173384.563,TO_CENTER,6.54,9.80,2.73,1,1539,1666,CENTER
1173384.584,TO_CENTER,6.54,9.80,2.73,1,1539,1666,CENTER
1173384.604,TO_CENTER,6.54,9.80,2.73,1,1539,1666,CENTER
1173384.625,TO_CENTER,6.54,9.80,2.73,1,1539,1666,CENTER
1173384.645,TO_CENTER,6.54,9.80,2.73,1,1539,1666,CENTER
1173384.666,TO_CENTER,6.54,9.78,2.78,1,1539,1666,CENTER
1173384.686,TO_CENTER,6.54,9.78,2.78,1,1539,1666,CENTER
1173384.707,TO_CENTER,6.54,9.78,2.78,1,1539,1666,CENTER
1173384.727,TO_CENTER,6.54,9.78,2.78,1,1539,1666,CENTER
1173384.748,TO_CENTER,6.54,9.78,2.78,1,1539,1666,CENTER
1173384.768,TO_CENTER,6.54,9.78,2.80,1,1539,1666,CENTER
1173384.789,TO_CENTER,6.54,9.78,2.80,1,1539,1666,CENTER
1173384.809,TO_CENTER,6.54,9.78,2.80,1,1539,1666,CENTER
1173384.830,TO_CENTER,6.54,9.78,2.80,1,1539,1666,CENTER
1173384.850,TO_CENTER,6.54,9.78,2.80,1,1539,1666,CENTER
1173384.870,TO_CENTER,6.54,9.76,1.85,1,1539,1666,CENTER
1173384.891,TO_CENTER,6.54,9.76,1.85,1,1539,1666,CENTER
1173384.912,TO_CENTER,6.54,9.76,1.85,1,1539,1666,CENTER
1173384.932,TO_CENTER,6.54,9.76,1.85,1,1539,1666,CENTER
1173384.952,TO_CENTER,6.54,9.76,1.85,1,1539,1666,CENTER
1173384.973,TO_CENTER,6.54,9.76,1.88,1,1539,1666,CENTER
1173384.993,TO_CENTER,6.54,9.76,1.88,1,1539,1666,CENTER
1173385.014,TO_CENTER,6.54,9.76,1.88,1,1539,1666,CENTER
1173385.035,TO_CENTER,6.54,9.76,1.88,1,1539,1666,CENTER
1173385.055,TO_CENTER,6.54,9.76,1.88,1,1539,1666,CENTER
1173385.076,TO_CENTER,6.54,9.76,1.88,1,1539,1666,CENTER
1173385.096,TO_CENTER,6.54,9.76,1.88,1,1539,1666,CENTER
1173385.117,TO_CENTER,6.54,9.76,1.88,1,1539,1666,CENTER
1173385.137,TO_CENTER,6.54,9.76,1.88,1,1539,1666,CENTER
1173385.158,TO_CENTER,6.54,9.76,1.88,1,1539,1666,CENTER
1173385.178,TO_CENTER,6.54,9.76,1.88,1,1539,1666,CENTER
1173385.199,TO_CENTER,6.54,9.76,1.88,1,1539,1666,CENTER
1173385.219,TO_CENTER,6.54,9.76,1.88,1,1539,1666,CENTER
1173385.240,TO_CENTER,6.54,9.76,1.88,1,1539,1666,CENTER
1173385.260,TO_CENTER,6.54,9.76,1.88,1,1539,1666,CENTER
1173385.281,TO_CENTER,6.55,9.73,1.95,1,1539,1666,CENTER
1173385.301,TO_CENTER,6.55,9.73,1.95,1,1539,1666,CENTER
1173385.322,TO_CENTER,6.55,9.73,1.95,1,1539,1666,CENTER
