mono_t,phase,rel_alt_m,distance_m,h_err_deg,yaw_aligned,pitch_us,throttle_us,target
1172799.913,X_LEG_1,14.29,42.74,-43.98,0,1500,1643,NE
1172799.934,X_LEG_1,14.29,42.74,-43.98,0,1500,1643,NE
1172799.955,X_LEG_1,14.29,42.74,-43.98,0,1500,1643,NE
1172799.975,X_LEG_1,14.29,42.74,-43.98,0,1500,1643,NE
1172799.996,X_LEG_1,14.29,42.74,-43.98,0,1500,1643,NE
1172800.017,X_LEG_1,14.42,42.74,-43.98,0,1500,1642,NE
1172800.037,X_LEG_1,14.42,42.74,-43.98,0,1500,1642,NE
1172800.057,X_LEG_1,14.42,42.74,-43.98,0,1500,1642,NE
1172800.078,X_LEG_1,14.42,42.74,-43.98,0,1500,1642,NE
1172800.098,X_LEG_1,14.42,42.74,-43.98,0,1500,1642,NE
1172800.119,X_LEG_1,14.56,42.75,-43.99,0,1500,1642,NE
1172800.139,X_LEG_1,14.56,42.75,-43.99,0,1500,1642,NE
1172800.160,X_LEG_1,14.56,42.75,-43.99,0,1500,1642,NE
1172800.180,X_LEG_1,14.56,42.75,-43.99,0,1500,1642,NE
1172800.200,X_LEG_1,14.56,42.75,-43.99,0,1500,1642,NE
1172800.221,X_LEG_1,14.70,42.75,-43.99,0,1500,1641,NE
1172800.241,X_LEG_1,14.70,42.75,-43.99,0,1500,1641,NE
1172800.261,X_LEG_1,14.70,42.75,-43.99,0,1500,1641,NE
1172800.282,X_LEG_1,14.70,42.75,-43.99,0,1500,1641,NE
1172800.302,X_LEG_1,14.70,42.75,-43.99,0,1500,1641,NE
1172800.322,X_LEG_1,14.70,42.75,-43.99,0,1500,1641,NE
1172800.343,X_LEG_1,14.70,42.75,-43.99,0,1500,1641,NE
1172800.363,X_LEG_1,14.70,42.75,-43.99,0,1500,1641,NE
1172800.384,X_LEG_1,14.70,42.75,-43.99,0,1500,1641,NE
1172800.404,X_LEG_1,14.70,42.75,-43.99,0,1500,1641,NE
1172800.425,X_LEG_1,14.84,42.75,-43.99,0,1500,1641,NE
1172800.445,X_LEG_1,14.84,42.75,-43.99,0,1500,1641,NE
1172800.466,X_LEG_1,14.84,42.75,-43.99,0,1500,1641,NE
1172800.487,X_LEG_1,14.84,42.75,-43.99,0,1500,1641,NE
1172800.507,X_LEG_1,14.84,42.75,-43.99,0,1500,1641,NE
1172800.528,X_LEG_1,14.97,42.75,-43.99,0,1500,1641,NE
1172800.548,X_LEG_1,14.97,42.75,-43.99,0,1500,1641,NE
1172800.569,X_LEG_1,14.97,42.75,-43.99,0,1500,1641,NE
1172800.590,X_LEG_1,14.97,42.75,-43.99,0,1500,1641,NE
1172800.611,X_LEG_1,14.97,42.75,-43.99,0,1500,1641,NE
1172800.631,X_LEG_1,15.11,42.75,-32.99,0,1500,1641,NE
1172800.652,X_LEG_1,15.11,42.75,-32.99,0,1500,1641,NE
1172800.672,X_LEG_1,15.11,42.75,-32.99,0,1500,1641,NE
1172800.693,X_LEG_1,15.11,42.75,-32.99,0,1500,1641,NE
1172800.713,X_LEG_1,15.11,42.75,-32.99,0,1500,1641,NE
1172800.734,X_LEG_1,15.25,42.75,-32.99,0,1500,1641,NE
1172800.754,X_LEG_1,15.25,42.75,-32.99,0,1500,1641,NE
1172800.775,X_LEG_1,15.25,42.75,-32.99,0,1500,1641,NE
1172800.795,X_LEG_1,15.25,42.75,-32.99,0,1500,1641,NE
1172800.816,X_LEG_1,15.25,42.75,-32.99,0,1500,1641,NE
1172800.836,X_LEG_1,15.39,42.75,-32.99,0,1500,1640,NE
1172800.856,X_LEG_1,15.39,42.75,-32.99,0,1500,1640,NE
1172800.876,X_LEG_1,15.39,42.75,-32.99,0,1500,1640,NE
1172800.897,X_LEG_1,15.39,42.75,-32.99,0,1500,1640,NE
1172800.917,X_LEG_1,15.39,42.75,-32.99,0,1500,1640,NE
1172800.937,X_LEG_1,15.53,42.75,-32.99,0,1500,1640,NE
1172800.958,X_LEG_1,15.53,42.75,-32.99,0,1500,1640,NE
1172800.979,X_LEG_1,15.53,42.75,-32.99,0,1500,1640,NE
1172801.000,X_LEG_1,15.53,42.75,-32.99,0,1500,1640,NE
1172801.020,X_LEG_1,15.53,42.75,-32.99,0,1500,1640,NE
1172801.041,X_LEG_1,15.67,42.75,-32.99,0,1500,1639,NE
1172801.061,X_LEG_1,15.67,42.75,-32.99,0,1500,1639,NE
1172801.082,X_LEG_1,15.67,42.75,-32.99,0,1500,1639,NE
1172801.102,X_LEG_1,15.67,42.75,-32.99,0,1500,1639,NE
1172801.122,X_LEG_1,15.67,42.75,-32.99,0,1500,1639,NE
1172801.143,X_LEG_1,15.81,42.75,-14.99,1,1585,1639,NE
1172801.163,X_LEG_1,15.81,42.75,-14.99,1,1585,1639,NE
1172801.183,X_LEG_1,15.81,42.75,-14.99,1,1585,1639,NE
1172801.203,X_LEG_1,15.81,42.75,-14.99,1,1585,1639,NE
1172801.224,X_LEG_1,15.81,42.75,-14.99,1,1585,1639,NE
1172801.244,X_LEG_1,15.94,42.75,-14.99,1,1585,1639,NE
1172801.264,X_LEG_1,15.94,42.75,-14.99,1,1585,1639,NE
1172801.285,X_LEG_1,15.94,42.75,-14.99,1,1585,1639,NE
1172801.305,X_LEG_1,15.94,42.75,-14.99,1,1585,1639,NE
1172801.326,X_LEG_1,15.94,42.75,-14.99,1,1585,1639,NE
1172801.346,X_LEG_1,16.08,42.75,-14.99,1,1585,1638,NE
1172801.367,X_LEG_1,16.08,42.75,-14.99,1,1585,1638,NE
1172801.388,X_LEG_1,16.08,42.75,-14.99,1,1585,1638,NE
1172801.408,X_LEG_1,16.08,42.75,-14.99,1,1585,1638,NE
1172801.428,X_LEG_1,16.08,42.75,-14.99,1,1585,1638,NE
1172801.449,X_LEG_1,16.22,42.75,-14.99,1,1585,1638,NE
1172801.469,X_LEG_1,16.22,42.75,-14.99,1,1585,1638,NE
1172801.490,X_LEG_1,16.22,42.75,-14.99,1,1585,1638,NE
1172801.510,X_LEG_1,16.22,42.75,-14.99,1,1585,1638,NE
1172801.531,X_LEG_1,16.22,42.75,-14.99,1,1585,1638,NE
1172801.551,X_LEG_1,16.36,42.75,-14.99,1,1585,1637,NE
1172801.571,X_LEG_1,16.36,42.75,-14.99,1,1585,1637,NE
1172801.592,X_LEG_1,16.36,42.75,-14.99,1,1585,1637,NE
1172801.612,X_LEG_1,16.36,42.75,-14.99,1,1585,1637,NE
1172801.632,X_LEG_1,16.36,42.75,-14.99,1,1585,1637,NE
1172801.653,X_LEG_1,16.49,42.75,-12.99,1,1585,1637,NE
1172801.673,X_LEG_1,16.49,42.75,-12.99,1,1585,1637,NE
1172801.694,X_LEG_1,16.49,42.75,-12.99,1,1585,1637,NE
1172801.714,X_LEG_1,16.49,42.75,-12.99,1,1585,1637,NE
1172801.735,X_LEG_1,16.49,42.75,-12.99,1,1585,1637,NE
1172801.755,X_LEG_1,16.63,42.75,-12.99,1,1585,1637,NE
1172801.776,X_LEG_1,16.63,42.75,-12.99,1,1585,1637,NE
1172801.796,X_LEG_1,16.63,42.75,-12.99,1,1585,1637,NE
1172801.817,X_LEG_1,16.63,42.75,-12.99,1,1585,1637,NE
1172801.837,X_LEG_1,16.63,42.75,-12.99,1,1585,1637,NE
1172801.858,X_LEG_1,16.77,42.75,-12.99,1,1585,1636,NE
1172801.878,X_LEG_1,16.77,42.75,-12.99,1,1585,1636,NE
1172801.898,X_LEG_1,16.77,42.75,-12.99,1,1585,1636,NE
1172801.919,X_LEG_1,16.77,42.75,-12.99,1,1585,1636,NE
1172801.939,X_LEG_1,16.77,42.75,-12.99,1,1585,1636,NE
1172801.960,X_LEG_1,16.77,42.75,-12.99,1,1585,1636,NE
1172801.981,X_LEG_1,16.77,42.75,-12.99,1,1585,1636,NE
1172802.001,X_LEG_1,16.77,42.75,-12.99,1,1585,1636,NE
1172802.021,X_LEG_1,16.77,42.75,-12.99,1,1585,1636,NE
1172802.041,X_LEG_1,16.77,42.75,-12.99,1,1585,1636,NE
1172802.061,X_LEG_1,16.90,42.74,-13.00,1,1585,1636,NE
1172802.082,X_LEG_1,16.90,42.74,-13.00,1,1585,1636,NE
1172802.102,X_LEG_1,16.90,42.74,-13.00,1,1585,1636,NE
1172802.123,X_LEG_1,16.90,42.74,-13.00,1,1585,1636,NE
1172802.143,X_LEG_1,16.90,42.74,-13.00,1,1585,1636,NE
1172802.164,X_LEG_1,17.04,42.74,-15.00,1,1585,1635,NE
1172802.184,X_LEG_1,17.04,42.74,-15.00,1,1585,1635,NE
1172802.204,X_LEG_1,17.04,42.74,-15.00,1,1585,1635,NE
1172802.224,X_LEG_1,17.04,42.74,-15.00,1,1585,1635,NE
1172802.245,X_LEG_1,17.04,42.74,-15.00,1,1585,1635,NE
1172802.266,X_LEG_1,17.17,42.74,-15.00,1,1585,1635,NE
1172802.286,X_LEG_1,17.17,42.74,-15.00,1,1585,1635,NE
1172802.307,X_LEG_1,17.17,42.74,-15.00,1,1585,1635,NE
1172802.328,X_LEG_1,17.17,42.74,-15.00,1,1585,1635,NE
1172802.348,X_LEG_1,17.17,42.74,-15.00,1,1585,1635,NE
1172802.369,X_LEG_1,17.31,42.74,-15.00,1,1585,1635,NE
1172802.389,X_LEG_1,17.31,42.74,-15.00,1,1585,1635,NE
1172802.409,X_LEG_1,17.31,42.74,-15.00,1,1585,1635,NE
1172802.430,X_LEG_1,17.31,42.74,-15.00,1,1585,1635,NE
1172802.450,X_LEG_1,17.31,42.74,-15.00,1,1585,1635,NE
1172802.471,X_LEG_1,17.44,42.74,-15.01,1,1585,1634,NE
1172802.491,X_LEG_1,17.44,42.74,-15.01,1,1585,1634,NE
1172802.512,X_LEG_1,17.44,42.74,-15.01,1,1585,1634,NE
1172802.532,X_LEG_1,17.44,42.74,-15.01,1,1585,1634,NE
1172802.553,X_LEG_1,17.44,42.74,-15.01,1,1585,1634,NE
1172802.573,X_LEG_1,17.64,42.74,-15.01,1,1585,1634,NE
1172802.594,X_LEG_1,17.64,42.74,-15.01,1,1585,1634,NE
1172802.614,X_LEG_1,17.64,42.74,-15.01,1,1585,1634,NE
1172802.634,X_LEG_1,17.64,42.74,-15.01,1,1585,1634,NE
1172802.655,X_LEG_1,17.64,42.74,-15.01,1,1585,1634,NE
1172802.675,X_LEG_1,17.77,42.73,-11.01,1,1585,1633,NE
1172802.695,X_LEG_1,17.77,42.73,-11.01,1,1585,1633,NE
1172802.716,X_LEG_1,17.77,42.73,-11.01,1,1585,1633,NE
1172802.736,X_LEG_1,17.77,42.73,-11.01,1,1585,1633,NE
1172802.757,X_LEG_1,17.77,42.73,-11.01,1,1585,1633,NE
1172802.778,X_LEG_1,17.90,42.73,-11.01,1,1585,1633,NE
1172802.798,X_LEG_1,17.90,42.73,-11.01,1,1585,1633,NE
1172802.819,X_LEG_1,17.90,42.73,-11.01,1,1585,1633,NE
1172802.839,X_LEG_1,17.90,42.73,-11.01,1,1585,1633,NE
1172802.860,X_LEG_1,17.90,42.73,-11.01,1,1585,1633,NE
1172802.880,X_LEG_1,17.90,42.73,-11.01,1,1585,1633,NE
1172802.901,X_LEG_1,17.90,42.73,-11.01,1,1585,1633,NE
1172802.922,X_LEG_1,17.90,42.73,-11.01,1,1585,1633,NE
1172802.942,X_LEG_1,17.90,42.73,-11.01,1,1585,1633,NE
1172802.963,X_LEG_1,17.90,42.73,-11.01,1,1585,1633,NE
1172802.983,X_LEG_1,18.03,42.72,-11.02,1,1585,1632,NE
1172803.003,X_LEG_1,18.03,42.72,-11.02,1,1585,1632,NE
1172803.024,X_LEG_1,18.03,42.72,-11.02,1,1585,1632,NE
1172803.044,X_LEG_1,18.03,42.72,-11.02,1,1585,1632,NE
1172803.064,X_LEG_1,18.03,42.72,-11.02,1,1585,1632,NE
1172803.085,X_LEG_1,18.16,42.72,-11.02,1,1585,1632,NE
1172803.105,X_LEG_1,18.16,42.72,-11.02,1,1585,1632,NE
1172803.126,X_LEG_1,18.16,42.72,-11.02,1,1585,1632,NE
1172803.146,X_LEG_1,18.16,42.72,-11.02,1,1585,1632,NE
1172803.166,X_LEG_1,18.16,42.72,-11.02,1,1585,1632,NE
1172803.187,X_LEG_1,18.29,42.71,-11.02,1,1585,1632,NE
1172803.207,X_LEG_1,18.29,42.71,-11.02,1,1585,1632,NE
1172803.228,X_LEG_1,18.29,42.71,-11.02,1,1585,1632,NE
1172803.248,X_LEG_1,18.29,42.71,-11.02,1,1585,1632,NE
1172803.269,X_LEG_1,18.29,42.71,-11.02,1,1585,1632,NE
1172803.289,X_LEG_1,18.42,42.71,-8.02,1,1585,1631,NE
1172803.311,X_LEG_1,18.42,42.71,-8.02,1,1585,1631,NE
1172803.331,X_LEG_1,18.42,42.71,-8.02,1,1585,1631,NE
1172803.352,X_LEG_1,18.42,42.71,-8.02,1,1585,1631,NE
1172803.373,X_LEG_1,18.42,42.71,-8.02,1,1585,1631,NE
1172803.393,X_LEG_1,18.54,42.71,-8.03,1,1585,1631,NE
1172803.413,X_LEG_1,18.54,42.71,-8.03,1,1585,1631,NE
1172803.433,X_LEG_1,18.54,42.71,-8.03,1,1585,1631,NE
1172803.454,X_LEG_1,18.54,42.71,-8.03,1,1585,1631,NE
1172803.474,X_LEG_1,18.54,42.71,-8.03,1,1585,1631,NE
1172803.494,X_LEG_1,18.73,42.69,-8.02,1,1585,1630,NE
1172803.515,X_LEG_1,18.73,42.69,-8.02,1,1585,1630,NE
1172803.535,X_LEG_1,18.73,42.69,-8.02,1,1585,1630,NE
1172803.556,X_LEG_1,18.73,42.69,-8.02,1,1585,1630,NE
1172803.576,X_LEG_1,18.73,42.69,-8.02,1,1585,1630,NE
1172803.597,X_LEG_1,18.86,42.69,-8.03,1,1585,1630,NE
1172803.618,X_LEG_1,18.86,42.69,-8.03,1,1585,1630,NE
1172803.638,X_LEG_1,18.86,42.69,-8.03,1,1585,1630,NE
1172803.658,X_LEG_1,18.86,42.69,-8.03,1,1585,1630,NE
1172803.678,X_LEG_1,18.86,42.69,-8.03,1,1585,1630,NE
1172803.698,X_LEG_1,18.86,42.69,-8.03,1,1585,1630,NE
1172803.719,X_LEG_1,18.86,42.69,-8.03,1,1585,1630,NE
1172803.739,X_LEG_1,18.86,42.69,-8.03,1,1585,1630,NE
1172803.760,X_LEG_1,18.86,42.69,-8.03,1,1585,1630,NE
1172803.780,X_LEG_1,18.86,42.69,-8.03,1,1585,1630,NE
1172803.801,X_LEG_1,18.98,42.68,-8.04,1,1585,1630,NE
1172803.821,X_LEG_1,18.98,42.68,-8.04,1,1585,1630,NE
1172803.842,X_LEG_1,18.98,42.68,-8.04,1,1585,1630,NE
1172803.862,X_LEG_1,18.98,42.68,-8.04,1,1585,1630,NE
1172803.882,X_LEG_1,18.98,42.68,-8.04,1,1585,1630,NE
1172803.903,X_LEG_1,19.10,42.67,-8.03,1,1585,1629,NE
1172803.924,X_LEG_1,19.10,42.67,-8.03,1,1585,1629,NE
1172803.944,X_LEG_1,19.10,42.67,-8.03,1,1585,1629,NE
1172803.964,X_LEG_1,19.10,42.67,-8.03,1,1585,1629,NE
1172803.985,X_LEG_1,19.10,42.67,-8.03,1,1585,1629,NE
1172804.005,X_LEG_1,19.23,42.67,-8.04,1,1585,1629,NE
1172804.025,X_LEG_1,19.23,42.67,-8.04,1,1585,1629,NE
1172804.046,X_LEG_1,19.23,42.67,-8.04,1,1585,1629,NE
1172804.066,X_LEG_1,19.23,42.67,-8.04,1,1585,1629,NE
1172804.086,X_LEG_1,19.23,42.67,-8.04,1,1585,1629,NE
1172804.107,X_LEG_1,19.35,42.66,-8.05,1,1585,1628,NE
1172804.127,X_LEG_1,19.35,42.66,-8.05,1,1585,1628,NE
1172804.148,X_LEG_1,19.35,42.66,-8.05,1,1585,1628,NE
1172804.168,X_LEG_1,19.35,42.66,-8.05,1,1585,1628,NE
1172804.188,X_LEG_1,19.35,42.66,-8.05,1,1585,1628,NE
1172804.209,X_LEG_1,19.47,42.65,-8.04,1,1585,1628,NE
1172804.229,X_LEG_1,19.47,42.65,-8.04,1,1585,1628,NE
1172804.249,X_LEG_1,19.47,42.65,-8.04,1,1585,1628,NE
1172804.270,X_LEG_1,19.47,42.65,-8.04,1,1585,1628,NE
1172804.290,X_LEG_1,19.47,42.65,-8.04,1,1585,1628,NE
1172804.310,X_LEG_1,19.59,42.64,-6.05,1,1585,1628,NE
1172804.331,X_LEG_1,19.59,42.64,-6.05,1,1585,1628,NE
1172804.351,X_LEG_1,19.59,42.64,-6.05,1,1585,1628,NE
1172804.372,X_LEG_1,19.59,42.64,-6.05,1,1585,1628,NE
1172804.392,X_LEG_1,19.59,42.64,-6.05,1,1585,1628,NE
1172804.412,X_LEG_1,19.77,42.62,-6.06,1,1585,1627,NE
1172804.433,X_LEG_1,19.77,42.62,-6.06,1,1585,1627,NE
1172804.453,X_LEG_1,19.77,42.62,-6.06,1,1585,1627,NE
1172804.474,X_LEG_1,19.77,42.62,-6.06,1,1585,1627,NE
1172804.494,X_LEG_1,19.77,42.62,-6.06,1,1585,1627,NE
1172804.514,X_LEG_1,19.88,42.61,-6.05,1,1585,1627,NE
1172804.535,X_LEG_1,19.88,42.61,-6.05,1,1585,1627,NE
1172804.555,X_LEG_1,19.88,42.61,-6.05,1,1585,1627,NE
1172804.576,X_LEG_1,19.88,42.61,-6.05,1,1585,1627,NE
1172804.596,X_LEG_1,19.88,42.61,-6.05,1,1585,1627,NE
1172804.617,X_LEG_1,19.88,42.61,-6.05,1,1585,1627,NE
1172804.637,X_LEG_1,19.88,42.61,-6.05,1,1585,1627,NE
1172804.658,X_LEG_1,19.88,42.61,-6.05,1,1585,1627,NE
1172804.679,X_LEG_1,19.88,42.61,-6.05,1,1585,1627,NE
1172804.699,X_LEG_1,19.88,42.61,-6.05,1,1585,1627,NE
1172804.720,X_LEG_1,20.00,42.60,-6.06,1,1585,1626,NE
1172804.740,X_LEG_1,20.00,42.60,-6.06,1,1585,1626,NE
1172804.760,X_LEG_1,20.00,42.60,-6.06,1,1585,1626,NE
1172804.781,X_LEG_1,20.00,42.60,-6.06,1,1585,1626,NE
1172804.802,X_LEG_1,20.00,42.60,-6.06,1,1585,1626,NE
1172804.822,X_LEG_1,20.12,42.59,-6.06,1,1585,1626,NE
1172804.842,X_LEG_1,20.12,42.59,-6.06,1,1585,1626,NE
1172804.863,X_LEG_1,20.12,42.59,-6.06,1,1585,1626,NE
1172804.883,X_LEG_1,20.12,42.59,-6.06,1,1585,1626,NE
1172804.903,X_LEG_1,20.12,42.59,-6.06,1,1585,1626,NE
1172804.924,X_LEG_1,20.29,42.57,-6.06,1,1585,1626,NE
1172804.944,X_LEG_1,20.29,42.57,-6.06,1,1585,1626,NE
1172804.965,X_LEG_1,20.29,42.57,-6.06,1,1585,1626,NE
1172804.985,X_LEG_1,20.29,42.57,-6.06,1,1585,1626,NE
1172805.006,X_LEG_1,20.29,42.57,-6.06,1,1585,1626,NE
1172805.026,X_LEG_1,20.40,42.56,-6.07,1,1585,1625,NE
1172805.047,X_LEG_1,20.40,42.56,-6.07,1,1585,1625,NE
1172805.067,X_LEG_1,20.40,42.56,-6.07,1,1585,1625,NE
1172805.088,X_LEG_1,20.40,42.56,-6.07,1,1585,1625,NE
1172805.108,X_LEG_1,20.40,42.56,-6.07,1,1585,1625,NE
1172805.129,X_LEG_1,20.51,42.55,-6.07,1,1585,1625,NE
1172805.150,X_LEG_1,20.51,42.55,-6.07,1,1585,1625,NE
1172805.170,X_LEG_1,20.51,42.55,-6.07,1,1585,1625,NE
1172805.190,X_LEG_1,20.51,42.55,-6.07,1,1585,1625,NE
1172805.211,X_LEG_1,20.51,42.55,-6.07,1,1585,1625,NE
1172805.232,X_LEG_1,20.62,42.53,-6.07,1,1585,1625,NE
1172805.252,X_LEG_1,20.62,42.53,-6.07,1,1585,1625,NE
1172805.273,X_LEG_1,20.62,42.53,-6.07,1,1585,1625,NE
1172805.293,X_LEG_1,20.62,42.53,-6.07,1,1585,1625,NE
1172805.313,X_LEG_1,20.62,42.53,-6.07,1,1585,1625,NE
1172805.333,X_LEG_1,20.73,42.52,-6.08,1,1585,1624,NE
1172805.354,X_LEG_1,20.73,42.52,-6.08,1,1585,1624,NE
1172805.374,X_LEG_1,20.73,42.52,-6.08,1,1585,1624,NE
1172805.395,X_LEG_1,20.73,42.52,-6.08,1,1585,1624,NE
1172805.416,X_LEG_1,20.73,42.52,-6.08,1,1585,1624,NE
1172805.436,X_LEG_1,20.73,42.52,-5.08,1,1585,1624,NE
1172805.457,X_LEG_1,20.73,42.52,-5.08,1,1585,1624,NE
1172805.477,X_LEG_1,20.73,42.52,-5.08,1,1585,1624,NE
1172805.497,X_LEG_1,20.73,42.52,-5.08,1,1585,1624,NE
1172805.517,X_LEG_1,20.73,42.52,-5.08,1,1585,1624,NE
1172805.538,X_LEG_1,20.84,42.51,-5.08,1,1585,1624,NE
1172805.558,X_LEG_1,20.84,42.51,-5.08,1,1585,1624,NE
1172805.579,X_LEG_1,20.84,42.51,-5.08,1,1585,1624,NE
1172805.600,X_LEG_1,20.84,42.51,-5.08,1,1585,1624,NE
1172805.620,X_LEG_1,20.84,42.51,-5.08,1,1585,1624,NE
1172805.641,X_LEG_1,20.95,42.49,-5.09,1,1585,1624,NE
1172805.662,X_LEG_1,20.95,42.49,-5.09,1,1585,1624,NE
1172805.682,X_LEG_1,20.95,42.49,-5.09,1,1585,1624,NE
1172805.702,X_LEG_1,20.95,42.49,-5.09,1,1585,1624,NE
1172805.723,X_LEG_1,20.95,42.49,-5.09,1,1585,1624,NE
1172805.743,X_LEG_1,21.06,42.48,-5.09,1,1585,1623,NE
1172805.764,X_LEG_1,21.06,42.48,-5.09,1,1585,1623,NE
1172805.784,X_LEG_1,21.06,42.48,-5.09,1,1585,1623,NE
1172805.804,X_LEG_1,21.06,42.48,-5.09,1,1585,1623,NE
1172805.825,X_LEG_1,21.06,42.48,-5.09,1,1585,1623,NE
1172805.845,X_LEG_1,21.17,42.46,-5.10,1,1585,1623,NE
1172805.866,X_LEG_1,21.17,42.46,-5.10,1,1585,1623,NE
1172805.886,X_LEG_1,21.17,42.46,-5.10,1,1585,1623,NE
1172805.906,X_LEG_1,21.17,42.46,-5.10,1,1585,1623,NE
1172805.926,X_LEG_1,21.17,42.46,-5.10,1,1585,1623,NE
1172805.947,X_LEG_1,21.17,42.45,-5.10,1,1585,1623,NE
1172805.967,X_LEG_1,21.27,42.45,-4.10,1,1585,1623,NE
1172805.988,X_LEG_1,21.27,42.45,-4.10,1,1585,1623,NE
1172806.008,X_LEG_1,21.27,42.45,-4.10,1,1585,1623,NE
1172806.028,X_LEG_1,21.27,42.45,-4.10,1,1585,1623,NE
1172806.049,X_LEG_1,21.37,42.44,-4.09,1,1585,1622,NE
1172806.069,X_LEG_1,21.37,42.44,-4.09,1,1585,1622,NE
1172806.090,X_LEG_1,21.37,42.44,-4.09,1,1585,1622,NE
1172806.110,X_LEG_1,21.37,42.44,-4.09,1,1585,1622,NE
1172806.131,X_LEG_1,21.37,42.44,-4.09,1,1585,1622,NE
1172806.151,X_LEG_1,21.48,42.42,-4.11,1,1585,1622,NE
1172806.172,X_LEG_1,21.48,42.42,-4.11,1,1585,1622,NE
1172806.192,X_LEG_1,21.48,42.42,-4.11,1,1585,1622,NE
1172806.212,X_LEG_1,21.48,42.42,-4.11,1,1585,1622,NE
1172806.233,X_LEG_1,21.48,42.42,-4.11,1,1585,1622,NE
1172806.253,X_LEG_1,21.63,42.40,-4.10,1,1585,1622,NE
1172806.273,X_LEG_1,21.63,42.40,-4.10,1,1585,1622,NE
1172806.293,X_LEG_1,21.63,42.40,-4.10,1,1585,1622,NE
1172806.314,X_LEG_1,21.63,42.40,-4.10,1,1585,1622,NE
1172806.334,X_LEG_1,21.63,42.40,-4.10,1,1585,1622,NE
1172806.355,X_LEG_1,21.63,42.40,-4.10,1,1585,1622,NE
1172806.376,X_LEG_1,21.63,42.40,-4.10,1,1585,1622,NE
1172806.396,X_LEG_1,21.63,42.40,-4.10,1,1585,1622,NE
1172806.416,X_LEG_1,21.63,42.40,-4.10,1,1585,1622,NE
1172806.437,X_LEG_1,21.63,42.40,-4.10,1,1585,1622,NE
1172806.457,X_LEG_1,21.73,42.38,-4.11,1,1585,1621,NE
1172806.478,X_LEG_1,21.73,42.38,-4.11,1,1585,1621,NE
1172806.498,X_LEG_1,21.73,42.38,-4.11,1,1585,1621,NE
1172806.519,X_LEG_1,21.73,42.38,-4.11,1,1585,1621,NE
1172806.539,X_LEG_1,21.73,42.38,-4.11,1,1585,1621,NE
1172806.560,X_LEG_1,21.83,42.37,-4.13,1,1585,1621,NE
1172806.580,X_LEG_1,21.83,42.37,-4.13,1,1585,1621,NE
1172806.601,X_LEG_1,21.83,42.37,-4.13,1,1585,1621,NE
1172806.621,X_LEG_1,21.83,42.37,-4.13,1,1585,1621,NE
1172806.642,X_LEG_1,21.83,42.37,-4.13,1,1585,1621,NE
1172806.662,X_LEG_1,21.93,42.35,-4.12,1,1585,1621,NE
1172806.682,X_LEG_1,21.93,42.35,-4.12,1,1585,1621,NE
1172806.703,X_LEG_1,21.93,42.35,-4.12,1,1585,1621,NE
1172806.724,X_LEG_1,21.93,42.35,-4.12,1,1585,1621,NE
1172806.744,X_LEG_1,21.93,42.35,-4.12,1,1585,1621,NE
1172806.764,X_LEG_1,22.03,42.33,-4.13,1,1585,1620,NE
1172806.785,X_LEG_1,22.03,42.33,-4.13,1,1585,1620,NE
1172806.805,X_LEG_1,22.03,42.33,-4.13,1,1585,1620,NE
1172806.826,X_LEG_1,22.03,42.33,-4.13,1,1585,1620,NE
1172806.846,X_LEG_1,22.03,42.33,-4.13,1,1585,1620,NE
1172806.868,X_LEG_1,22.12,42.31,-4.13,1,1585,1620,NE
1172806.888,X_LEG_1,22.12,42.31,-4.13,1,1585,1620,NE
1172806.909,X_LEG_1,22.12,42.31,-4.13,1,1585,1620,NE
1172806.930,X_LEG_1,22.12,42.31,-4.13,1,1585,1620,NE
1172806.951,X_LEG_1,22.12,42.31,-4.13,1,1585,1620,NE
1172806.971,X_LEG_1,22.22,42.30,-4.13,1,1585,1620,NE
1172806.992,X_LEG_1,22.22,42.30,-4.13,1,1585,1620,NE
1172807.013,X_LEG_1,22.22,42.30,-4.13,1,1585,1620,NE
1172807.033,X_LEG_1,22.22,42.30,-4.13,1,1585,1620,NE
1172807.054,X_LEG_1,22.22,42.30,-4.13,1,1585,1620,NE
1172807.074,X_LEG_1,22.31,42.28,-3.14,1,1585,1620,NE
1172807.094,X_LEG_1,22.31,42.28,-3.14,1,1585,1620,NE
1172807.115,X_LEG_1,22.31,42.28,-3.14,1,1585,1620,NE
1172807.137,X_LEG_1,22.31,42.28,-3.14,1,1585,1620,NE
1172807.158,X_LEG_1,22.31,42.28,-3.14,1,1585,1620,NE
1172807.180,X_LEG_1,22.40,42.26,-3.14,1,1585,1619,NE
1172807.200,X_LEG_1,22.40,42.26,-3.14,1,1585,1619,NE
1172807.221,X_LEG_1,22.40,42.26,-3.14,1,1585,1619,NE
1172807.241,X_LEG_1,22.40,42.26,-3.14,1,1585,1619,NE
1172807.262,X_LEG_1,22.40,42.26,-3.14,1,1585,1619,NE
1172807.282,X_LEG_1,22.40,42.26,-3.14,1,1585,1619,NE
1172807.303,X_LEG_1,22.40,42.26,-3.14,1,1585,1619,NE
1172807.323,X_LEG_1,22.40,42.26,-3.14,1,1585,1619,NE
1172807.344,X_LEG_1,22.40,42.26,-3.14,1,1585,1619,NE
1172807.364,X_LEG_1,22.40,42.26,-3.14,1,1585,1619,NE
1172807.385,X_LEG_1,22.50,42.25,-3.14,1,1584,1619,NE
1172807.405,X_LEG_1,22.50,42.25,-3.14,1,1584,1619,NE
1172807.426,X_LEG_1,22.50,42.25,-3.14,1,1584,1619,NE
1172807.448,X_LEG_1,22.50,42.25,-3.14,1,1584,1619,NE
1172807.468,X_LEG_1,22.50,42.25,-3.14,1,1584,1619,NE
1172807.489,X_LEG_1,22.59,42.23,-3.14,1,1584,1619,NE
1172807.511,X_LEG_1,22.59,42.23,-3.14,1,1584,1619,NE
1172807.531,X_LEG_1,22.59,42.23,-3.14,1,1584,1619,NE
1172807.552,X_LEG_1,22.59,42.23,-3.14,1,1584,1619,NE
1172807.573,X_LEG_1,22.59,42.23,-3.14,1,1584,1619,NE
1172807.593,X_LEG_1,22.67,42.21,-3.15,1,1584,1618,NE
1172807.613,X_LEG_1,22.67,42.21,-3.15,1,1584,1618,NE
1172807.635,X_LEG_1,22.67,42.21,-3.15,1,1584,1618,NE
1172807.656,X_LEG_1,22.67,42.21,-3.15,1,1584,1618,NE
1172807.676,X_LEG_1,22.67,42.21,-3.15,1,1584,1618,NE
1172807.697,X_LEG_1,22.76,42.19,-3.16,1,1584,1618,NE
1172807.718,X_LEG_1,22.76,42.19,-3.16,1,1584,1618,NE
1172807.738,X_LEG_1,22.76,42.19,-3.16,1,1584,1618,NE
1172807.760,X_LEG_1,22.76,42.19,-3.16,1,1584,1618,NE
1172807.780,X_LEG_1,22.76,42.19,-3.16,1,1584,1618,NE
1172807.800,X_LEG_1,22.85,42.17,-3.16,1,1584,1618,NE
1172807.821,X_LEG_1,22.85,42.17,-3.16,1,1584,1618,NE
1172807.841,X_LEG_1,22.85,42.17,-3.16,1,1584,1618,NE
1172807.862,X_LEG_1,22.85,42.17,-3.16,1,1584,1618,NE
1172807.882,X_LEG_1,22.85,42.17,-3.16,1,1584,1618,NE
1172807.903,X_LEG_1,22.94,42.15,-3.17,1,1584,1618,NE
1172807.923,X_LEG_1,22.94,42.15,-3.17,1,1584,1618,NE
1172807.944,X_LEG_1,22.94,42.15,-3.17,1,1584,1618,NE
1172807.964,X_LEG_1,22.94,42.15,-3.17,1,1584,1618,NE
1172807.985,X_LEG_1,22.94,42.15,-3.17,1,1584,1618,NE
1172808.005,X_LEG_1,22.94,42.15,-3.17,1,1584,1618,NE
1172808.026,X_LEG_1,22.94,42.15,-3.17,1,1584,1618,NE
1172808.047,X_LEG_1,22.94,42.15,-3.17,1,1584,1618,NE
1172808.067,X_LEG_1,22.94,42.15,-3.17,1,1584,1618,NE
1172808.088,X_LEG_1,22.94,42.15,-3.17,1,1584,1618,NE
1172808.108,X_LEG_1,23.02,42.13,-2.17,1,1584,1617,NE
1172808.129,X_LEG_1,23.02,42.13,-2.17,1,1584,1617,NE
1172808.150,X_LEG_1,23.02,42.13,-2.17,1,1584,1617,NE
1172808.170,X_LEG_1,23.02,42.13,-2.17,1,1584,1617,NE
1172808.190,X_LEG_1,23.02,42.13,-2.17,1,1584,1617,NE
1172808.211,X_LEG_1,23.10,42.11,-2.18,1,1584,1617,NE
1172808.231,X_LEG_1,23.10,42.11,-2.18,1,1584,1617,NE
1172808.252,X_LEG_1,23.10,42.11,-2.18,1,1584,1617,NE
1172808.272,X_LEG_1,23.10,42.11,-2.18,1,1584,1617,NE
1172808.292,X_LEG_1,23.10,42.11,-2.18,1,1584,1617,NE
1172808.313,X_LEG_1,23.19,42.08,-2.17,1,1584,1617,NE
1172808.333,X_LEG_1,23.19,42.08,-2.17,1,1584,1617,NE
1172808.355,X_LEG_1,23.19,42.08,-2.17,1,1584,1617,NE
1172808.375,X_LEG_1,23.19,42.08,-2.17,1,1584,1617,NE
1172808.396,X_LEG_1,23.19,42.08,-2.17,1,1584,1617,NE
1172808.417,X_LEG_1,23.27,42.07,-2.17,1,1584,1617,NE
1172808.437,X_LEG_1,23.27,42.07,-2.17,1,1584,1617,NE
1172808.458,X_LEG_1,23.27,42.07,-2.17,1,1584,1617,NE
1172808.479,X_LEG_1,23.27,42.07,-2.17,1,1584,1617,NE
1172808.500,X_LEG_1,23.27,42.07,-2.17,1,1584,1617,NE
1172808.520,X_LEG_1,23.35,42.04,-2.18,1,1584,1616,NE
1172808.540,X_LEG_1,23.35,42.04,-2.18,1,1584,1616,NE
1172808.561,X_LEG_1,23.35,42.04,-2.18,1,1584,1616,NE
1172808.581,X_LEG_1,23.35,42.04,-2.18,1,1584,1616,NE
1172808.601,X_LEG_1,23.35,42.04,-2.18,1,1584,1616,NE
1172808.622,X_LEG_1,23.35,42.04,-2.18,1,1584,1616,NE
1172808.642,X_LEG_1,23.35,42.04,-2.18,1,1584,1616,NE
1172808.663,X_LEG_1,23.35,42.04,-2.18,1,1584,1616,NE
1172808.684,X_LEG_1,23.35,42.04,-2.18,1,1584,1616,NE
1172808.705,X_LEG_1,23.35,42.04,-2.18,1,1584,1616,NE
1172808.725,X_LEG_1,23.46,42.01,-2.19,1,1584,1616,NE
1172808.745,X_LEG_1,23.46,42.01,-2.19,1,1584,1616,NE
1172808.766,X_LEG_1,23.46,42.01,-2.19,1,1584,1616,NE
1172808.787,X_LEG_1,23.46,42.01,-2.19,1,1584,1616,NE
1172808.807,X_LEG_1,23.46,42.01,-2.19,1,1584,1616,NE
1172808.827,X_LEG_1,23.54,41.99,-2.19,1,1584,1616,NE
1172808.848,X_LEG_1,23.54,41.99,-2.19,1,1584,1616,NE
1172808.868,X_LEG_1,23.54,41.99,-2.19,1,1584,1616,NE
1172808.889,X_LEG_1,23.54,41.99,-2.19,1,1584,1616,NE
1172808.910,X_LEG_1,23.54,41.99,-2.19,1,1584,1616,NE
1172808.930,X_LEG_1,23.62,41.97,-2.20,1,1584,1616,NE
1172808.950,X_LEG_1,23.62,41.97,-2.20,1,1584,1616,NE
1172808.971,X_LEG_1,23.62,41.97,-2.20,1,1584,1616,NE
1172808.991,X_LEG_1,23.62,41.97,-2.20,1,1584,1616,NE
1172809.013,X_LEG_1,23.62,41.97,-2.20,1,1584,1616,NE
1172809.034,X_LEG_1,23.69,41.95,-2.20,1,1584,1615,NE
1172809.054,X_LEG_1,23.69,41.95,-2.20,1,1584,1615,NE
1172809.076,X_LEG_1,23.69,41.95,-2.20,1,1584,1615,NE
1172809.096,X_LEG_1,23.69,41.95,-2.20,1,1584,1615,NE
1172809.117,X_LEG_1,23.69,41.95,-2.20,1,1584,1615,NE
1172809.138,X_LEG_1,23.76,41.92,-2.20,1,1584,1615,NE
1172809.158,X_LEG_1,23.76,41.92,-2.20,1,1584,1615,NE
1172809.178,X_LEG_1,23.76,41.92,-2.20,1,1584,1615,NE
1172809.198,X_LEG_1,23.76,41.92,-2.20,1,1584,1615,NE
1172809.219,X_LEG_1,23.76,41.92,-2.20,1,1584,1615,NE
1172809.239,X_LEG_1,23.83,41.90,-2.20,1,1584,1615,NE
1172809.260,X_LEG_1,23.83,41.90,-2.20,1,1584,1615,NE
1172809.280,X_LEG_1,23.83,41.90,-2.20,1,1584,1615,NE
1172809.301,X_LEG_1,23.83,41.90,-2.20,1,1584,1615,NE
1172809.321,X_LEG_1,23.83,41.90,-2.20,1,1584,1615,NE
1172809.342,X_LEG_1,23.83,41.90,-2.20,1,1584,1615,NE
1172809.363,X_LEG_1,23.83,41.90,-2.20,1,1584,1615,NE
1172809.383,X_LEG_1,23.83,41.90,-2.20,1,1584,1615,NE
1172809.405,X_LEG_1,23.83,41.90,-2.20,1,1584,1615,NE
1172809.425,X_LEG_1,23.83,41.90,-2.20,1,1584,1615,NE
1172809.445,X_LEG_1,23.94,41.87,-2.20,1,1584,1615,NE
1172809.467,X_LEG_1,23.94,41.87,-2.20,1,1584,1615,NE
1172809.488,X_LEG_1,23.94,41.87,-2.20,1,1584,1615,NE
1172809.508,X_LEG_1,23.94,41.87,-2.20,1,1584,1615,NE
1172809.528,X_LEG_1,23.94,41.87,-2.20,1,1584,1615,NE
1172809.549,X_LEG_1,24.04,41.83,-2.21,1,1584,1614,NE
1172809.569,X_LEG_1,24.04,41.83,-2.21,1,1584,1614,NE
1172809.590,X_LEG_1,24.04,41.83,-2.21,1,1584,1614,NE
1172809.610,X_LEG_1,24.04,41.83,-2.21,1,1584,1614,NE
1172809.631,X_LEG_1,24.04,41.83,-2.21,1,1584,1614,NE
1172809.651,X_LEG_1,24.14,41.80,-2.22,1,1584,1614,NE
1172809.671,X_LEG_1,24.14,41.80,-2.22,1,1584,1614,NE
1172809.692,X_LEG_1,24.14,41.80,-2.22,1,1584,1614,NE
1172809.712,X_LEG_1,24.14,41.80,-2.22,1,1584,1614,NE
1172809.736,X_LEG_1,24.14,41.80,-2.22,1,1584,1614,NE
1172809.757,X_LEG_1,24.14,41.80,-2.22,1,1584,1614,NE
1172809.777,X_LEG_1,24.14,41.80,-2.22,1,1584,1614,NE
1172809.799,X_LEG_1,24.14,41.80,-2.22,1,1584,1614,NE
1172809.819,X_LEG_1,24.14,41.80,-2.22,1,1584,1614,NE
1172809.840,X_LEG_1,24.14,41.80,-2.22,1,1584,1614,NE
1172809.860,X_LEG_1,24.24,41.76,-2.22,1,1584,1614,NE
1172809.880,X_LEG_1,24.24,41.76,-2.22,1,1584,1614,NE
1172809.901,X_LEG_1,24.24,41.76,-2.22,1,1584,1614,NE
1172809.922,X_LEG_1,24.24,41.76,-2.22,1,1584,1614,NE
1172809.943,X_LEG_1,24.24,41.76,-2.22,1,1584,1614,NE
1172809.963,X_LEG_1,24.33,41.73,-2.22,1,1583,1614,NE
1172809.985,X_LEG_1,24.33,41.73,-2.22,1,1583,1614,NE
1172810.006,X_LEG_1,24.33,41.73,-2.22,1,1583,1614,NE
1172810.026,X_LEG_1,24.33,41.73,-2.22,1,1583,1614,NE
1172810.047,X_LEG_1,24.33,41.73,-2.22,1,1583,1614,NE
1172810.068,X_LEG_1,24.39,41.71,-2.23,1,1583,1613,NE
1172810.088,X_LEG_1,24.39,41.71,-2.23,1,1583,1613,NE
1172810.110,X_LEG_1,24.39,41.71,-2.23,1,1583,1613,NE
1172810.130,X_LEG_1,24.39,41.71,-2.23,1,1583,1613,NE
1172810.150,X_LEG_1,24.39,41.71,-2.23,1,1583,1613,NE
1172810.172,X_LEG_1,24.48,41.67,-1.24,1,1583,1613,NE
1172810.192,X_LEG_1,24.48,41.67,-1.24,1,1583,1613,NE
1172810.213,X_LEG_1,24.48,41.67,-1.24,1,1583,1613,NE
1172810.234,X_LEG_1,24.48,41.67,-1.24,1,1583,1613,NE
1172810.254,X_LEG_1,24.48,41.67,-1.24,1,1583,1613,NE
1172810.275,X_LEG_1,24.54,41.65,-1.25,1,1583,1613,NE
1172810.296,X_LEG_1,24.54,41.65,-1.25,1,1583,1613,NE
1172810.317,X_LEG_1,24.54,41.65,-1.25,1,1583,1613,NE
1172810.337,X_LEG_1,24.54,41.65,-1.25,1,1583,1613,NE
1172810.359,X_LEG_1,24.54,41.65,-1.25,1,1583,1613,NE
1172810.379,X_LEG_1,24.59,41.62,-1.25,1,1583,1613,NE
1172810.400,X_LEG_1,24.59,41.62,-1.25,1,1583,1613,NE
1172810.421,X_LEG_1,24.59,41.62,-1.25,1,1583,1613,NE
1172810.442,X_LEG_1,24.59,41.62,-1.25,1,1583,1613,NE
1172810.462,X_LEG_1,24.59,41.62,-1.25,1,1583,1613,NE
1172810.484,X_LEG_1,24.59,41.62,-1.25,1,1583,1613,NE
1172810.505,X_LEG_1,24.59,41.62,-1.25,1,1583,1613,NE
1172810.526,X_LEG_1,24.59,41.62,-1.25,1,1583,1613,NE
1172810.547,X_LEG_1,24.59,41.62,-1.25,1,1583,1613,NE
1172810.567,X_LEG_1,24.59,41.62,-1.25,1,1583,1613,NE
1172810.588,X_LEG_1,24.67,41.58,-1.25,1,1583,1612,NE
1172810.614,X_LEG_1,24.67,41.58,-1.25,1,1583,1612,NE
1172810.636,X_LEG_1,24.67,41.58,-1.25,1,1583,1612,NE
1172810.656,X_LEG_1,24.67,41.58,-1.25,1,1583,1612,NE
1172810.677,X_LEG_1,24.67,41.58,-1.25,1,1583,1612,NE
1172810.698,X_LEG_1,24.67,41.58,-1.25,1,1583,1612,NE
1172810.720,X_LEG_1,24.67,41.58,-1.25,1,1583,1612,NE
1172810.740,X_LEG_1,24.67,41.58,-1.25,1,1583,1612,NE
1172810.760,X_LEG_1,24.67,41.58,-1.25,1,1583,1612,NE
1172810.783,X_LEG_1,24.67,41.58,-1.25,1,1583,1612,NE
1172810.803,X_LEG_1,24.73,41.56,-1.26,1,1583,1612,NE
1172810.824,X_LEG_1,24.73,41.56,-1.26,1,1583,1612,NE
1172810.844,X_LEG_1,24.73,41.56,-1.26,1,1583,1612,NE
1172810.865,X_LEG_1,24.73,41.56,-1.26,1,1583,1612,NE
1172810.885,X_LEG_1,24.73,41.56,-1.26,1,1583,1612,NE
1172810.906,X_LEG_1,24.78,41.53,-1.26,1,1583,1612,NE
1172810.927,X_LEG_1,24.78,41.53,-1.26,1,1583,1612,NE
1172810.947,X_LEG_1,24.78,41.53,-1.26,1,1583,1612,NE
1172810.969,X_LEG_1,24.78,41.53,-1.26,1,1583,1612,NE
1172810.989,X_LEG_1,24.78,41.53,-1.26,1,1583,1612,NE
1172811.010,X_LEG_1,24.83,41.51,-1.27,1,1583,1612,NE
1172811.032,X_LEG_1,24.83,41.51,-1.27,1,1583,1612,NE
1172811.052,X_LEG_1,24.83,41.51,-1.27,1,1583,1612,NE
1172811.073,X_LEG_1,24.83,41.51,-1.27,1,1583,1612,NE
1172811.096,X_LEG_1,24.83,41.51,-1.27,1,1583,1612,NE
1172811.116,X_LEG_1,24.87,41.48,-1.26,1,1583,1612,NE
1172811.137,X_LEG_1,24.87,41.48,-1.26,1,1583,1612,NE
1172811.158,X_LEG_1,24.87,41.48,-1.26,1,1583,1612,NE
1172811.179,X_LEG_1,24.87,41.48,-1.26,1,1583,1612,NE
1172811.200,X_LEG_1,24.87,41.48,-1.26,1,1583,1612,NE
1172811.220,X_LEG_1,24.92,41.46,-1.27,1,1583,1612,NE
1172811.240,X_LEG_1,24.92,41.46,-1.27,1,1583,1612,NE
1172811.261,X_LEG_1,24.92,41.46,-1.27,1,1583,1612,NE
1172811.282,X_LEG_1,24.92,41.46,-1.27,1,1583,1612,NE
1172811.302,X_LEG_1,24.92,41.46,-1.27,1,1583,1612,NE
1172811.323,X_LEG_1,24.97,41.43,-1.27,1,1583,1612,NE
1172811.343,X_LEG_1,24.97,41.43,-1.27,1,1583,1612,NE
1172811.363,X_LEG_1,24.97,41.43,-1.27,1,1583,1612,NE
1172811.384,X_LEG_1,24.97,41.43,-1.27,1,1583,1612,NE
1172811.405,X_LEG_1,24.97,41.43,-1.27,1,1583,1612,NE
1172811.426,X_LEG_1,24.97,41.43,-1.27,1,1583,1612,NE
1172811.446,X_LEG_1,24.97,41.43,-1.27,1,1583,1612,NE
1172811.466,X_LEG_1,24.97,41.43,-1.27,1,1583,1612,NE
1172811.486,X_LEG_1,24.97,41.43,-1.27,1,1583,1612,NE
1172811.507,X_LEG_1,24.97,41.43,-1.27,1,1583,1612,NE
1172811.529,X_LEG_1,24.97,41.43,-1.27,1,1583,1612,NE
1172811.551,X_LEG_1,24.97,41.43,-1.27,1,1583,1612,NE
1172811.572,X_LEG_1,24.97,41.43,-1.27,1,1583,1612,NE
1172811.592,X_LEG_1,24.97,41.43,-1.27,1,1583,1612,NE
1172811.614,X_LEG_1,24.97,41.43,-1.27,1,1583,1612,NE
1172811.633,X_LEG_1,25.03,41.39,-1.28,1,1583,1611,NE
1172811.656,X_LEG_1,25.03,41.39,-1.28,1,1583,1611,NE
1172811.677,X_LEG_1,25.03,41.39,-1.28,1,1583,1611,NE
1172811.698,X_LEG_1,25.03,41.39,-1.28,1,1583,1611,NE
1172811.718,X_LEG_1,25.03,41.39,-1.28,1,1583,1611,NE
1172811.740,X_LEG_1,25.08,41.37,-1.29,1,1583,1611,NE
1172811.764,X_LEG_1,25.08,41.37,-1.29,1,1583,1611,NE
1172811.785,X_LEG_1,25.08,41.37,-1.29,1,1583,1611,NE
1172811.806,X_LEG_1,25.08,41.37,-1.29,1,1583,1611,NE
1172811.826,X_LEG_1,25.08,41.37,-1.29,1,1583,1611,NE
1172811.847,X_LEG_1,25.12,41.34,-1.29,1,1583,1611,NE
1172811.869,X_LEG_1,25.12,41.34,-1.29,1,1583,1611,NE
1172811.889,X_LEG_1,25.12,41.34,-1.29,1,1583,1611,NE
1172811.910,X_LEG_1,25.12,41.34,-1.29,1,1583,1611,NE
1172811.930,X_LEG_1,25.12,41.34,-1.29,1,1583,1611,NE
1172811.952,X_LEG_1,25.16,41.32,-1.29,1,1583,1611,NE
1172811.972,X_LEG_1,25.16,41.32,-1.29,1,1583,1611,NE
1172811.996,X_LEG_1,25.16,41.32,-1.29,1,1583,1611,NE
1172812.016,X_LEG_1,25.16,41.32,-1.29,1,1583,1611,NE
1172812.037,X_LEG_1,25.16,41.32,-1.29,1,1583,1611,NE
1172812.057,X_LEG_1,25.20,41.28,-1.30,1,1583,1611,NE
1172812.078,X_LEG_1,25.20,41.28,-1.30,1,1583,1611,NE
1172812.098,X_LEG_1,25.20,41.28,-1.30,1,1583,1611,NE
1172812.119,X_LEG_1,25.20,41.28,-1.30,1,1583,1611,NE
1172812.139,X_LEG_1,25.20,41.28,-1.30,1,1583,1611,NE
1172812.159,X_LEG_1,25.23,41.26,-1.30,1,1583,1611,NE
1172812.189,X_LEG_1,25.23,41.26,-1.30,1,1583,1611,NE
1172812.217,X_LEG_1,25.23,41.26,-1.30,1,1583,1611,NE
1172812.237,X_LEG_1,25.23,41.26,-1.30,1,1583,1611,NE
1172812.262,X_LEG_1,25.23,41.26,-1.30,1,1583,1611,NE
1172812.282,X_LEG_1,25.23,41.26,-1.30,1,1583,1611,NE
1172812.308,X_LEG_1,25.23,41.26,-1.30,1,1583,1611,NE
1172812.329,X_LEG_1,25.23,41.26,-1.30,1,1583,1611,NE
1172812.351,X_LEG_1,25.23,41.26,-1.30,1,1583,1611,NE
1172812.371,X_LEG_1,25.23,41.26,-1.30,1,1583,1611,NE
1172812.392,X_LEG_1,25.27,41.23,-1.31,1,1582,1611,NE
1172812.414,X_LEG_1,25.27,41.23,-1.31,1,1582,1611,NE
1172812.434,X_LEG_1,25.27,41.23,-1.31,1,1582,1611,NE
1172812.454,X_LEG_1,25.27,41.23,-1.31,1,1582,1611,NE
1172812.476,X_LEG_1,25.27,41.23,-1.31,1,1582,1611,NE
1172812.498,X_LEG_1,25.30,41.21,-1.31,1,1582,1611,NE
1172812.518,X_LEG_1,25.30,41.21,-1.31,1,1582,1611,NE
1172812.540,X_LEG_1,25.30,41.21,-1.31,1,1582,1611,NE
1172812.561,X_LEG_1,25.30,41.21,-1.31,1,1582,1611,NE
1172812.581,X_LEG_1,25.30,41.21,-1.31,1,1582,1611,NE
1172812.602,X_LEG_1,25.33,41.18,-1.31,1,1582,1611,NE
1172812.622,X_LEG_1,25.33,41.18,-1.31,1,1582,1611,NE
1172812.643,X_LEG_1,25.33,41.18,-1.31,1,1582,1611,NE
1172812.667,X_LEG_1,25.33,41.18,-1.31,1,1582,1611,NE
1172812.692,X_LEG_1,25.33,41.18,-1.31,1,1582,1611,NE
1172812.714,X_LEG_1,25.33,41.18,-1.31,1,1582,1611,NE
1172812.745,X_LEG_1,25.33,41.18,-1.31,1,1582,1611,NE
1172812.768,X_LEG_1,25.33,41.18,-1.31,1,1582,1611,NE
1172812.802,X_LEG_1,25.33,41.18,-1.31,1,1582,1611,NE
1172812.823,X_LEG_1,25.33,41.18,-1.31,1,1582,1611,NE
1172812.844,X_LEG_1,25.33,41.18,-1.31,1,1582,1611,NE
1172812.869,X_LEG_1,25.33,41.18,-1.31,1,1582,1611,NE
1172812.896,X_LEG_1,25.33,41.18,-1.31,1,1582,1611,NE
1172812.922,X_LEG_1,25.33,41.18,-1.31,1,1582,1611,NE
1172812.945,X_LEG_1,25.33,41.18,-1.31,1,1582,1611,NE
1172812.968,X_LEG_1,25.38,41.14,-1.32,1,1582,1610,NE
1172812.991,X_LEG_1,25.38,41.14,-1.32,1,1582,1610,NE
1172813.012,X_LEG_1,25.38,41.14,-1.32,1,1582,1610,NE
1172813.034,X_LEG_1,25.38,41.14,-1.32,1,1582,1610,NE
1172813.054,X_LEG_1,25.38,41.14,-1.32,1,1582,1610,NE
1172813.075,X_LEG_1,25.41,41.11,-1.32,1,1582,1610,NE
1172813.096,X_LEG_1,25.41,41.11,-1.32,1,1582,1610,NE
1172813.121,X_LEG_1,25.41,41.11,-1.32,1,1582,1610,NE
1172813.141,X_LEG_1,25.41,41.11,-1.32,1,1582,1610,NE
1172813.166,X_LEG_1,25.41,41.11,-1.32,1,1582,1610,NE
1172813.188,X_LEG_1,25.41,41.11,-1.32,1,1582,1610,NE
1172813.211,X_LEG_1,25.41,41.11,-1.32,1,1582,1610,NE
1172813.232,X_LEG_1,25.41,41.11,-1.32,1,1582,1610,NE
1172813.256,X_LEG_1,25.41,41.11,-1.32,1,1582,1610,NE
1172813.276,X_LEG_1,25.41,41.11,-1.32,1,1582,1610,NE
1172813.296,X_LEG_1,25.44,41.08,-1.32,1,1582,1610,NE
1172813.325,X_LEG_1,25.44,41.08,-1.32,1,1582,1610,NE
1172813.345,X_LEG_1,25.44,41.08,-1.32,1,1582,1610,NE
1172813.366,X_LEG_1,25.44,41.08,-1.32,1,1582,1610,NE
1172813.387,X_LEG_1,25.44,41.08,-1.32,1,1582,1610,NE
1172813.407,X_LEG_1,25.47,41.06,-1.33,1,1582,1610,NE
1172813.429,X_LEG_1,25.47,41.06,-1.33,1,1582,1610,NE
1172813.449,X_LEG_1,25.47,41.06,-1.33,1,1582,1610,NE
1172813.470,X_LEG_1,25.47,41.06,-1.33,1,1582,1610,NE
1172813.491,X_LEG_1,25.47,41.06,-1.33,1,1582,1610,NE
1172813.511,X_LEG_1,25.47,41.06,-1.33,1,1582,1610,NE
1172813.531,X_LEG_1,25.47,41.06,-1.33,1,1582,1610,NE
1172813.553,X_LEG_1,25.47,41.06,-1.33,1,1582,1610,NE
1172813.573,X_LEG_1,25.47,41.06,-1.33,1,1582,1610,NE
1172813.597,X_LEG_1,25.47,41.06,-1.33,1,1582,1610,NE
1172813.615,X_LEG_1,25.49,41.03,-1.32,1,1582,1610,NE
1172813.637,X_LEG_1,25.49,41.03,-1.32,1,1582,1610,NE
1172813.659,X_LEG_1,25.49,41.03,-1.32,1,1582,1610,NE
1172813.681,X_LEG_1,25.49,41.03,-1.32,1,1582,1610,NE
1172813.701,X_LEG_1,25.49,41.03,-1.32,1,1582,1610,NE
1172813.723,X_LEG_1,25.51,41.01,-1.34,1,1582,1610,NE
1172813.743,X_LEG_1,25.51,41.01,-1.34,1,1582,1610,NE
1172813.770,X_LEG_1,25.51,41.01,-1.34,1,1582,1610,NE
1172813.791,X_LEG_1,25.51,41.01,-1.34,1,1582,1610,NE
1172813.812,X_LEG_1,25.51,41.01,-1.34,1,1582,1610,NE
1172813.835,X_LEG_1,25.51,41.01,-1.34,1,1582,1610,NE
1172813.856,X_LEG_1,25.51,41.01,-1.34,1,1582,1610,NE
1172813.880,X_LEG_1,25.51,41.01,-1.34,1,1582,1610,NE
1172813.900,X_LEG_1,25.51,41.01,-1.34,1,1582,1610,NE
1172813.927,X_LEG_1,25.51,41.01,-1.34,1,1582,1610,NE
1172813.947,X_LEG_1,25.54,40.98,-1.33,1,1582,1610,NE
1172813.978,X_LEG_1,25.54,40.98,-1.33,1,1582,1610,NE
1172814.003,X_LEG_1,25.54,40.98,-1.33,1,1582,1610,NE
1172814.025,X_LEG_1,25.54,40.98,-1.33,1,1582,1610,NE
1172814.046,X_LEG_1,25.56,40.94,-1.34,1,1582,1610,NE
1172814.068,X_LEG_1,25.56,40.94,-1.34,1,1582,1610,NE
1172814.088,X_LEG_1,25.56,40.94,-1.34,1,1582,1610,NE
1172814.111,X_LEG_1,25.56,40.94,-1.34,1,1582,1610,NE
1172814.131,X_LEG_1,25.56,40.94,-1.34,1,1582,1610,NE
1172814.154,X_LEG_1,25.56,40.94,-1.34,1,1582,1610,NE
1172814.181,X_LEG_1,25.56,40.94,-1.34,1,1582,1610,NE
1172814.203,X_LEG_1,25.56,40.94,-1.34,1,1582,1610,NE
1172814.225,X_LEG_1,25.56,40.94,-1.34,1,1582,1610,NE
1172814.253,X_LEG_1,25.56,40.94,-1.34,1,1582,1610,NE
1172814.273,X_LEG_1,25.56,40.94,-1.34,1,1582,1610,NE
1172814.298,X_LEG_1,25.56,40.94,-1.34,1,1582,1610,NE
1172814.319,X_LEG_1,25.56,40.94,-1.34,1,1582,1610,NE
1172814.340,X_LEG_1,25.56,40.94,-1.34,1,1582,1610,NE
1172814.365,X_LEG_1,25.56,40.94,-1.34,1,1582,1610,NE
1172814.386,X_LEG_1,25.59,40.91,-1.35,1,1582,1610,NE
1172814.407,X_LEG_1,25.59,40.91,-1.35,1,1582,1610,NE
1172814.427,X_LEG_1,25.59,40.91,-1.35,1,1582,1610,NE
1172814.450,X_LEG_1,25.59,40.91,-1.35,1,1582,1610,NE
1172814.475,X_LEG_1,25.59,40.91,-1.35,1,1582,1610,NE
1172814.496,X_LEG_1,25.59,40.91,-1.35,1,1582,1610,NE
1172814.517,X_LEG_1,25.59,40.91,-1.35,1,1582,1610,NE
1172814.538,X_LEG_1,25.59,40.91,-1.35,1,1582,1610,NE
1172814.569,X_LEG_1,25.59,40.91,-1.35,1,1582,1610,NE
1172814.590,X_LEG_1,25.59,40.91,-1.35,1,1582,1610,NE
1172814.614,X_LEG_1,25.60,40.87,-1.35,1,1582,1610,NE
1172814.636,X_LEG_1,25.60,40.87,-1.35,1,1582,1610,NE
1172814.669,X_LEG_1,25.60,40.87,-1.35,1,1582,1610,NE
1172814.708,X_LEG_1,25.60,40.87,-1.35,1,1582,1610,NE
1172814.767,X_LEG_1,25.61,40.84,-1.35,1,1582,1610,NE
1172814.815,X_LEG_1,25.61,40.84,-1.35,1,1582,1610,NE
1172814.837,X_LEG_1,25.61,40.84,-1.35,1,1582,1610,NE
1172814.876,X_LEG_1,25.61,40.84,-1.35,1,1582,1610,NE
1172814.897,X_LEG_1,25.61,40.84,-1.35,1,1582,1610,NE
1172814.932,X_LEG_1,25.61,40.84,-1.35,1,1582,1610,NE
1172814.956,X_LEG_1,25.61,40.84,-1.35,1,1582,1610,NE
1172814.981,X_LEG_1,25.61,40.82,-1.36,1,1582,1610,NE
1172815.003,X_LEG_1,25.61,40.82,-1.36,1,1582,1610,NE
1172815.023,X_LEG_1,25.61,40.82,-1.36,1,1582,1610,NE
1172815.052,X_LEG_1,25.61,40.82,-1.36,1,1582,1610,NE
1172815.086,X_LEG_1,25.61,40.82,-1.36,1,1582,1610,NE
1172817.389,X_LEG_1,24.41,40.41,-0.41,1,1581,1613,NE
1172817.416,X_LEG_1,24.41,40.41,-0.41,1,1581,1613,NE
1172817.455,X_LEG_1,24.30,40.39,-0.42,1,1581,1614,NE
1172817.494,X_LEG_1,24.30,40.39,-0.42,1,1581,1614,NE
1172817.521,X_LEG_1,24.30,40.39,-0.42,1,1581,1614,NE
1172817.547,X_LEG_1,24.30,40.39,-0.42,1,1581,1614,NE
1172817.577,X_LEG_1,24.30,40.39,-0.42,1,1581,1614,NE
1172817.621,X_LEG_1,24.30,40.39,-0.42,1,1581,1614,NE
1172817.643,X_LEG_1,24.30,40.39,-0.42,1,1581,1614,NE
1172817.670,X_LEG_1,24.08,40.34,-0.42,1,1581,1614,NE
1172817.690,X_LEG_1,24.08,40.34,-0.42,1,1581,1614,NE
1172817.716,X_LEG_1,24.08,40.34,-0.42,1,1581,1614,NE
1172817.736,X_LEG_1,24.08,40.34,-0.42,1,1581,1614,NE
1172817.761,X_LEG_1,24.08,40.34,-0.42,1,1581,1614,NE
1172817.782,X_LEG_1,24.03,40.33,-0.42,1,1581,1614,NE
1172817.810,X_LEG_1,24.03,40.33,-0.42,1,1581,1614,NE
1172817.831,X_LEG_1,24.03,40.33,-0.42,1,1581,1614,NE
1172817.854,X_LEG_1,24.03,40.33,-0.42,1,1581,1614,NE
1172817.875,X_LEG_1,24.03,40.33,-0.42,1,1581,1614,NE
1172817.903,X_LEG_1,24.03,40.33,-0.42,1,1581,1614,NE
1172817.924,X_LEG_1,24.03,40.33,-0.42,1,1581,1614,NE
1172817.944,X_LEG_1,24.03,40.33,-0.42,1,1581,1614,NE
1172817.965,X_LEG_1,24.03,40.33,-0.42,1,1581,1614,NE
1172817.985,X_LEG_1,24.03,40.33,-0.42,1,1581,1614,NE
1172818.006,X_LEG_1,23.91,40.30,-0.43,1,1581,1615,NE
1172818.027,X_LEG_1,23.91,40.30,-0.43,1,1581,1615,NE
1172818.047,X_LEG_1,23.91,40.30,-0.43,1,1581,1615,NE
1172818.068,X_LEG_1,23.91,40.30,-0.43,1,1581,1615,NE
1172818.089,X_LEG_1,23.91,40.30,-0.43,1,1581,1615,NE
1172818.109,X_LEG_1,23.77,40.27,-0.43,1,1581,1615,NE
1172818.130,X_LEG_1,23.77,40.27,-0.43,1,1581,1615,NE
1172818.150,X_LEG_1,23.77,40.27,-0.43,1,1581,1615,NE
1172818.170,X_LEG_1,23.77,40.27,-0.43,1,1581,1615,NE
1172818.191,X_LEG_1,23.77,40.27,-0.43,1,1581,1615,NE
1172818.211,X_LEG_1,23.77,40.27,-0.43,1,1581,1615,NE
1172818.232,X_LEG_1,23.77,40.27,-0.43,1,1581,1615,NE
1172818.256,X_LEG_1,23.77,40.27,-0.43,1,1581,1615,NE
1172818.276,X_LEG_1,23.77,40.27,-0.43,1,1581,1615,NE
1172818.297,X_LEG_1,23.77,40.27,-0.43,1,1581,1615,NE
1172818.317,X_LEG_1,23.63,40.25,-0.43,1,1581,1616,NE
1172818.340,X_LEG_1,23.63,40.25,-0.43,1,1581,1616,NE
1172818.359,X_LEG_1,23.63,40.25,-0.43,1,1581,1616,NE
1172818.380,X_LEG_1,23.63,40.25,-0.43,1,1581,1616,NE
1172818.401,X_LEG_1,23.63,40.25,-0.43,1,1581,1616,NE
1172818.421,X_LEG_1,23.48,40.23,-0.44,1,1580,1616,NE
1172818.443,X_LEG_1,23.48,40.23,-0.44,1,1580,1616,NE
1172818.464,X_LEG_1,23.48,40.23,-0.44,1,1580,1616,NE
1172818.484,X_LEG_1,23.48,40.23,-0.44,1,1580,1616,NE
1172818.505,X_LEG_1,23.48,40.23,-0.44,1,1580,1616,NE
1172818.525,X_LEG_1,23.48,40.23,-0.44,1,1580,1616,NE
1172818.545,X_LEG_1,23.48,40.23,-0.44,1,1580,1616,NE
1172818.565,X_LEG_1,23.48,40.23,-0.44,1,1580,1616,NE
1172818.586,X_LEG_1,23.48,40.23,-0.44,1,1580,1616,NE
1172818.607,X_LEG_1,23.48,40.23,-0.44,1,1580,1616,NE
1172818.627,X_LEG_1,23.32,40.21,-0.43,1,1580,1617,NE
1172818.648,X_LEG_1,23.32,40.21,-0.43,1,1580,1617,NE
1172818.668,X_LEG_1,23.32,40.21,-0.43,1,1580,1617,NE
1172818.688,X_LEG_1,23.32,40.21,-0.43,1,1580,1617,NE
1172818.709,X_LEG_1,23.32,40.21,-0.43,1,1580,1617,NE
1172821.166,X_LEG_1,17.73,39.79,-1.50,1,1580,1633,NE
1172821.187,X_LEG_1,17.73,39.79,-1.50,1,1580,1633,NE
1172821.207,X_LEG_1,17.73,39.79,-1.50,1,1580,1633,NE
1172821.227,X_LEG_1,17.73,39.79,-1.50,1,1580,1633,NE
1172821.248,X_LEG_1,17.42,39.77,-1.50,1,1580,1634,NE
1172821.269,X_LEG_1,17.42,39.77,-1.50,1,1580,1634,NE
1172821.289,X_LEG_1,17.42,39.77,-1.50,1,1580,1634,NE
1172821.310,X_LEG_1,17.42,39.77,-1.50,1,1580,1634,NE
1172821.331,X_LEG_1,17.42,39.77,-1.50,1,1580,1634,NE
1172821.356,X_LEG_1,17.11,39.75,-1.50,1,1580,1635,NE
1172821.377,X_LEG_1,17.11,39.75,-1.50,1,1580,1635,NE
1172821.397,X_LEG_1,17.11,39.75,-1.50,1,1580,1635,NE
1172821.417,X_LEG_1,17.11,39.75,-1.50,1,1580,1635,NE
1172821.438,X_LEG_1,17.11,39.75,-1.50,1,1580,1635,NE
1172821.460,X_LEG_1,16.80,39.73,-1.51,1,1579,1636,NE
1172821.479,X_LEG_1,16.80,39.73,-1.51,1,1579,1636,NE
1172821.499,X_LEG_1,16.80,39.73,-1.51,1,1579,1636,NE
1172821.520,X_LEG_1,16.80,39.73,-1.51,1,1579,1636,NE
1172821.540,X_LEG_1,16.80,39.73,-1.51,1,1579,1636,NE
1172821.561,X_LEG_1,16.49,39.71,-1.51,1,1579,1637,NE
1172821.582,X_LEG_1,16.49,39.71,-1.51,1,1579,1637,NE
1172821.603,X_LEG_1,16.49,39.71,-1.51,1,1579,1637,NE
1172821.623,X_LEG_1,16.49,39.71,-1.51,1,1579,1637,NE
1172821.644,X_LEG_1,16.49,39.71,-1.51,1,1579,1637,NE
1172821.664,X_LEG_1,16.18,39.70,-1.51,1,1579,1638,NE
1172821.685,X_LEG_1,16.18,39.70,-1.51,1,1579,1638,NE
1172821.705,X_LEG_1,16.18,39.70,-1.51,1,1579,1638,NE
1172821.729,X_LEG_1,16.18,39.70,-1.51,1,1579,1638,NE
1172821.749,X_LEG_1,16.18,39.70,-1.51,1,1579,1638,NE
1172821.769,X_LEG_1,16.18,39.70,-1.51,1,1579,1638,NE
1172821.792,X_LEG_1,16.18,39.70,-1.51,1,1579,1638,NE
1172821.813,X_LEG_1,16.18,39.70,-1.51,1,1579,1638,NE
1172821.839,X_LEG_1,16.18,39.70,-1.51,1,1579,1638,NE
1172821.862,X_LEG_1,16.18,39.70,-1.51,1,1579,1638,NE
1172821.882,X_LEG_1,15.87,39.68,-1.51,1,1579,1639,NE
1172821.903,X_LEG_1,15.87,39.68,-1.51,1,1579,1639,NE
1172821.923,X_LEG_1,15.87,39.68,-1.51,1,1579,1639,NE
1172821.946,X_LEG_1,15.87,39.68,-1.51,1,1579,1639,NE
1172821.966,X_LEG_1,15.87,39.68,-1.51,1,1579,1639,NE
1172821.987,X_LEG_1,15.56,39.67,-1.51,1,1579,1640,NE
1172822.008,X_LEG_1,15.56,39.67,-1.51,1,1579,1640,NE
1172822.029,X_LEG_1,15.56,39.67,-1.51,1,1579,1640,NE
1172822.052,X_LEG_1,15.56,39.67,-1.51,1,1579,1640,NE
1172822.073,X_LEG_1,15.56,39.67,-1.51,1,1579,1640,NE
1172822.093,X_LEG_1,15.25,39.65,-0.52,1,1579,1641,NE
1172822.114,X_LEG_1,15.25,39.65,-0.52,1,1579,1641,NE
1172822.134,X_LEG_1,15.25,39.65,-0.52,1,1579,1641,NE
1172822.155,X_LEG_1,15.25,39.65,-0.52,1,1579,1641,NE
1172822.176,X_LEG_1,15.25,39.65,-0.52,1,1579,1641,NE
1172822.196,X_LEG_1,14.93,39.63,-0.52,1,1579,1641,NE
1172822.216,X_LEG_1,14.93,39.63,-0.52,1,1579,1641,NE
1172822.241,X_LEG_1,14.93,39.63,-0.52,1,1579,1641,NE
1172822.262,X_LEG_1,14.93,39.63,-0.52,1,1579,1641,NE
1172822.283,X_LEG_1,14.93,39.63,-0.52,1,1579,1641,NE
1172822.305,X_LEG_1,14.93,39.63,-0.52,1,1579,1641,NE
1172822.327,X_LEG_1,14.93,39.63,-0.52,1,1579,1641,NE
1172822.351,X_LEG_1,14.93,39.63,-0.52,1,1579,1641,NE
1172822.372,X_LEG_1,14.93,39.63,-0.52,1,1579,1641,NE
1172822.392,X_LEG_1,14.93,39.63,-0.52,1,1579,1641,NE
1172822.412,X_LEG_1,14.62,39.61,-0.52,1,1579,1642,NE
1172822.433,X_LEG_1,14.62,39.61,-0.52,1,1579,1642,NE
1172822.453,X_LEG_1,14.62,39.61,-0.52,1,1579,1642,NE
1172822.476,X_LEG_1,14.62,39.61,-0.52,1,1579,1642,NE
1172822.497,X_LEG_1,14.62,39.61,-0.52,1,1579,1642,NE
1172822.517,X_LEG_1,14.31,39.59,-0.53,1,1579,1643,NE
1172822.539,X_LEG_1,14.31,39.59,-0.53,1,1579,1643,NE
1172822.560,X_LEG_1,14.31,39.59,-0.53,1,1579,1643,NE
1172822.580,X_LEG_1,14.31,39.59,-0.53,1,1579,1643,NE
1172822.601,X_LEG_1,14.31,39.59,-0.53,1,1579,1643,NE
1172822.624,X_LEG_1,13.99,39.58,-0.53,1,1579,1644,NE
1172822.645,X_LEG_1,13.99,39.58,-0.53,1,1579,1644,NE
1172822.665,X_LEG_1,13.99,39.58,-0.53,1,1579,1644,NE
1172822.691,X_LEG_1,13.99,39.58,-0.53,1,1579,1644,NE
1172822.712,X_LEG_1,13.99,39.58,-0.53,1,1579,1644,NE
1172822.734,X_LEG_1,13.68,39.56,-0.53,1,1579,1644,NE
1172822.755,X_LEG_1,13.68,39.56,-0.53,1,1579,1644,NE
1172822.777,X_LEG_1,13.68,39.56,-0.53,1,1579,1644,NE
1172822.800,X_LEG_1,13.68,39.56,-0.53,1,1579,1644,NE
1172822.821,X_LEG_1,13.68,39.56,-0.53,1,1579,1644,NE
1172822.841,X_LEG_1,13.36,39.54,-0.54,1,1579,1645,NE
1172822.864,X_LEG_1,13.36,39.54,-0.54,1,1579,1645,NE
1172822.884,X_LEG_1,13.36,39.54,-0.54,1,1579,1645,NE
1172822.905,X_LEG_1,13.36,39.54,-0.54,1,1579,1645,NE
1172822.926,X_LEG_1,13.36,39.54,-0.54,1,1579,1645,NE
1172822.946,X_LEG_1,13.04,39.52,-0.54,1,1579,1646,NE
1172822.967,X_LEG_1,13.04,39.52,-0.54,1,1579,1646,NE
1172822.990,X_LEG_1,13.04,39.52,-0.54,1,1579,1646,NE
1172823.011,X_LEG_1,13.04,39.52,-0.54,1,1579,1646,NE
1172823.031,X_LEG_1,13.04,39.52,-0.54,1,1579,1646,NE
1172823.054,X_LEG_1,12.73,39.51,-0.54,1,1579,1647,NE
1172823.074,X_LEG_1,12.73,39.51,-0.54,1,1579,1647,NE
1172823.094,X_LEG_1,12.73,39.51,-0.54,1,1579,1647,NE
1172823.114,X_LEG_1,12.73,39.51,-0.54,1,1579,1647,NE
1172823.136,X_LEG_1,12.73,39.51,-0.54,1,1579,1647,NE
1172823.160,X_LEG_1,12.41,39.49,-0.55,1,1579,1648,NE
1172823.179,X_LEG_1,12.41,39.49,-0.55,1,1579,1648,NE
1172823.200,X_LEG_1,12.41,39.49,-0.55,1,1579,1648,NE
1172823.226,X_LEG_1,12.41,39.49,-0.55,1,1579,1648,NE
1172823.246,X_LEG_1,12.41,39.49,-0.55,1,1579,1648,NE
1172823.267,X_LEG_1,12.09,39.46,-0.54,1,1579,1649,NE
1172823.288,X_LEG_1,12.09,39.46,-0.54,1,1579,1649,NE
1172823.308,X_LEG_1,12.09,39.46,-0.54,1,1579,1649,NE
1172823.328,X_LEG_1,12.09,39.46,-0.54,1,1579,1649,NE
1172823.349,X_LEG_1,12.09,39.46,-0.54,1,1579,1649,NE
1172823.370,X_LEG_1,11.77,39.45,-0.54,1,1579,1650,NE
1172823.390,X_LEG_1,11.77,39.45,-0.54,1,1579,1650,NE
1172823.411,X_LEG_1,11.77,39.45,-0.54,1,1579,1650,NE
1172823.431,X_LEG_1,11.77,39.45,-0.54,1,1579,1650,NE
1172823.451,X_LEG_1,11.77,39.45,-0.54,1,1579,1650,NE
1172823.472,X_LEG_1,11.46,39.43,-0.54,1,1579,1651,NE
1172823.492,X_LEG_1,11.46,39.43,-0.54,1,1579,1651,NE
1172823.513,X_LEG_1,11.46,39.43,-0.54,1,1579,1651,NE
1172823.534,X_LEG_1,11.46,39.43,-0.54,1,1579,1651,NE
1172823.554,X_LEG_1,11.46,39.43,-0.54,1,1579,1651,NE
1172823.576,X_LEG_1,11.46,39.43,-0.54,1,1579,1651,NE
1172823.596,X_LEG_1,11.46,39.43,-0.54,1,1579,1651,NE
1172823.617,X_LEG_1,11.46,39.43,-0.54,1,1579,1651,NE
1172823.637,X_LEG_1,11.46,39.43,-0.54,1,1579,1651,NE
1172823.658,X_LEG_1,11.46,39.43,-0.54,1,1579,1651,NE
1172823.679,X_LEG_1,11.46,39.43,-0.54,1,1579,1651,NE
1172823.700,X_LEG_1,11.46,39.43,-0.54,1,1579,1651,NE
1172823.720,X_LEG_1,11.46,39.43,-0.54,1,1579,1651,NE
1172823.740,X_LEG_1,11.46,39.43,-0.54,1,1579,1651,NE
1172823.761,X_LEG_1,11.46,39.43,-0.54,1,1579,1651,NE
1172823.781,X_LEG_1,11.46,39.43,-0.54,1,1579,1651,NE
1172823.802,X_LEG_1,11.46,39.43,-0.54,1,1579,1651,NE
1172823.822,X_LEG_1,11.46,39.43,-0.54,1,1579,1651,NE
1172823.843,X_LEG_1,11.46,39.43,-0.54,1,1579,1651,NE
1172823.864,X_LEG_1,11.46,39.43,-0.54,1,1579,1651,NE
1172823.884,X_LEG_1,10.34,39.36,-0.55,1,1579,1654,NE
1172823.905,X_LEG_1,10.34,39.36,-0.55,1,1579,1654,NE
1172823.926,X_LEG_1,10.34,39.36,-0.55,1,1579,1654,NE
1172823.946,X_LEG_1,10.34,39.36,-0.55,1,1579,1654,NE
1172823.967,X_LEG_1,10.34,39.36,-0.55,1,1579,1654,NE
1172823.992,X_LEG_1,10.02,39.34,-0.56,1,1579,1655,NE
1172824.012,X_LEG_1,10.02,39.34,-0.56,1,1579,1655,NE
1172824.033,X_LEG_1,10.02,39.34,-0.56,1,1579,1655,NE
1172824.053,X_LEG_1,10.02,39.34,-0.56,1,1579,1655,NE
1172824.073,X_LEG_1,10.02,39.34,-0.56,1,1579,1655,NE
1172824.094,X_LEG_1,10.02,39.34,-0.56,1,1579,1655,NE
1172824.114,X_LEG_1,10.02,39.34,-0.56,1,1579,1655,NE
1172824.136,X_LEG_1,10.02,39.34,-0.56,1,1579,1655,NE
1172824.156,X_LEG_1,10.02,39.34,-0.56,1,1579,1655,NE
1172824.177,X_LEG_1,10.02,39.34,-0.56,1,1579,1655,NE
1172824.200,X_LEG_1,9.70,39.33,-0.55,1,1579,1656,NE
1172824.220,X_LEG_1,9.70,39.33,-0.55,1,1579,1656,NE
1172824.240,X_LEG_1,9.70,39.33,-0.55,1,1579,1656,NE
1172824.260,X_LEG_1,9.70,39.33,-0.55,1,1579,1656,NE
1172824.281,X_LEG_1,9.70,39.33,-0.55,1,1579,1656,NE
1172824.302,X_LEG_1,9.70,39.31,-0.56,1,1579,1656,NE
1172824.322,X_LEG_1,9.38,39.31,-0.56,1,1579,1657,NE
1172824.345,X_LEG_1,9.38,39.31,-0.56,1,1579,1657,NE
1172824.364,X_LEG_1,9.38,39.31,-0.56,1,1579,1657,NE
1172824.385,X_LEG_1,9.38,39.31,-0.56,1,1579,1657,NE
1172824.406,X_LEG_1,9.06,39.29,-0.57,1,1579,1658,NE
1172824.426,X_LEG_1,9.06,39.29,-0.57,1,1579,1658,NE
1172824.448,X_LEG_1,9.06,39.29,-0.57,1,1579,1658,NE
1172824.468,X_LEG_1,9.06,39.29,-0.57,1,1579,1658,NE
1172824.488,X_LEG_1,9.06,39.29,-0.57,1,1579,1658,NE
1172824.509,X_LEG_1,8.74,39.27,-0.57,1,1579,1659,NE
1172824.530,X_LEG_1,8.74,39.27,-0.57,1,1579,1659,NE
1172824.552,X_LEG_1,8.74,39.27,-0.57,1,1579,1659,NE
1172824.572,X_LEG_1,8.74,39.27,-0.57,1,1579,1659,NE
1172824.593,X_LEG_1,8.74,39.27,-0.57,1,1579,1659,NE
1172824.614,X_LEG_1,8.42,39.25,-0.57,1,1579,1660,NE
1172824.634,X_LEG_1,8.42,39.25,-0.57,1,1579,1660,NE
1172824.655,X_LEG_1,8.42,39.25,-0.57,1,1579,1660,NE
1172824.675,X_LEG_1,8.42,39.25,-0.57,1,1579,1660,NE
1172824.696,X_LEG_1,8.42,39.25,-0.57,1,1579,1660,NE
1172824.716,X_LEG_1,8.10,39.24,-0.58,1,1578,1661,NE
1172824.736,X_LEG_1,8.10,39.24,-0.58,1,1578,1661,NE
1172824.757,X_LEG_1,8.10,39.24,-0.58,1,1578,1661,NE
1172824.777,X_LEG_1,8.10,39.24,-0.58,1,1578,1661,NE
1172824.798,X_LEG_1,8.10,39.24,-0.58,1,1578,1661,NE
1172824.819,X_LEG_1,7.62,39.20,-0.58,1,1578,1663,NE
1172824.839,X_LEG_1,7.62,39.20,-0.58,1,1578,1663,NE
1172824.859,X_LEG_1,7.62,39.20,-0.58,1,1578,1663,NE
1172824.880,X_LEG_1,7.62,39.20,-0.58,1,1578,1663,NE
1172824.900,X_LEG_1,7.62,39.20,-0.58,1,1578,1663,NE
1172824.923,X_LEG_1,7.62,39.20,-0.58,1,1578,1663,NE
1172824.944,X_LEG_1,7.62,39.20,-0.58,1,1578,1663,NE
1172824.964,X_LEG_1,7.62,39.20,-0.58,1,1578,1663,NE
1172824.985,X_LEG_1,7.62,39.20,-0.58,1,1578,1663,NE
1172825.005,X_LEG_1,7.62,39.20,-0.58,1,1578,1663,NE
1172825.025,X_LEG_1,7.14,39.17,-0.57,1,1578,1664,NE
1172825.046,X_LEG_1,7.14,39.17,-0.57,1,1578,1664,NE
1172825.067,X_LEG_1,7.14,39.17,-0.57,1,1578,1664,NE
1172825.087,X_LEG_1,7.14,39.17,-0.57,1,1578,1664,NE
1172825.108,X_LEG_1,7.14,39.17,-0.57,1,1578,1664,NE
1172825.128,X_LEG_1,6.82,39.15,-0.58,1,1578,1665,NE
1172825.148,X_LEG_1,6.82,39.15,-0.58,1,1578,1665,NE
1172825.169,X_LEG_1,6.82,39.15,-0.58,1,1578,1665,NE
1172825.190,X_LEG_1,6.82,39.15,-0.58,1,1578,1665,NE
1172825.210,X_LEG_1,6.82,39.15,-0.58,1,1578,1665,NE
1172825.231,X_LEG_1,6.34,39.12,-0.58,1,1578,1666,NE
1172825.252,X_LEG_1,6.34,39.12,-0.58,1,1578,1666,NE
1172825.272,X_LEG_1,6.34,39.12,-0.58,1,1578,1666,NE
1172825.293,X_LEG_1,6.34,39.12,-0.58,1,1578,1666,NE
1172825.313,X_LEG_1,6.34,39.12,-0.58,1,1578,1666,NE
1172825.335,X_LEG_1,5.86,39.09,-0.59,1,1578,1668,NE
1172825.355,X_LEG_1,5.86,39.09,-0.59,1,1578,1668,NE
1172825.376,X_LEG_1,5.86,39.09,-0.59,1,1578,1668,NE
1172825.396,X_LEG_1,5.86,39.09,-0.59,1,1578,1668,NE
1172825.416,X_LEG_1,5.86,39.09,-0.59,1,1578,1668,NE
1172825.437,X_LEG_1,5.86,39.09,-0.59,1,1578,1668,NE
1172825.457,X_LEG_1,5.86,39.09,-0.59,1,1578,1668,NE
1172825.478,X_LEG_1,5.86,39.09,-0.59,1,1578,1668,NE
1172825.500,X_LEG_1,5.86,39.09,-0.59,1,1578,1668,NE
1172825.520,X_LEG_1,5.86,39.09,-0.59,1,1578,1668,NE
1172825.541,X_LEG_1,5.38,39.06,-0.58,1,1578,1669,NE
1172825.561,X_LEG_1,5.38,39.06,-0.58,1,1578,1669,NE
1172825.581,X_LEG_1,5.38,39.06,-0.58,1,1578,1669,NE
1172825.602,X_LEG_1,5.38,39.06,-0.58,1,1578,1669,NE
1172825.623,X_LEG_1,5.38,39.06,-0.58,1,1578,1669,NE
1172825.644,X_LEG_1,5.06,39.04,-0.59,1,1578,1670,NE
1172825.664,X_LEG_1,5.06,39.04,-0.59,1,1578,1670,NE
1172825.686,X_LEG_1,5.06,39.04,-0.59,1,1578,1670,NE
1172825.707,X_LEG_1,5.06,39.04,-0.59,1,1578,1670,NE
1172825.727,X_LEG_1,5.06,39.04,-0.59,1,1578,1670,NE
1172825.748,X_LEG_1,4.75,39.02,-0.59,1,1578,1671,NE
1172825.769,X_LEG_1,4.75,39.02,-0.59,1,1578,1671,NE
1172825.789,X_LEG_1,4.75,39.02,-0.59,1,1578,1671,NE
1172825.810,X_LEG_1,4.75,39.02,-0.59,1,1578,1671,NE
1172825.830,X_LEG_1,4.75,39.02,-0.59,1,1578,1671,NE
1172825.851,X_LEG_1,4.43,39.00,-0.60,1,1578,1672,NE
1172825.871,X_LEG_1,4.43,39.00,-0.60,1,1578,1672,NE
1172825.892,X_LEG_1,4.43,39.00,-0.60,1,1578,1672,NE
1172825.912,X_LEG_1,4.43,39.00,-0.60,1,1578,1672,NE
1172825.932,X_LEG_1,4.43,39.00,-0.60,1,1578,1672,NE
1172825.953,X_LEG_1,4.43,39.00,-0.60,1,1578,1672,NE
1172825.973,X_LEG_1,4.43,39.00,-0.60,1,1578,1672,NE
1172825.994,X_LEG_1,4.43,39.00,-0.60,1,1578,1672,NE
1172826.015,X_LEG_1,4.43,39.00,-0.60,1,1578,1672,NE
1172826.036,X_LEG_1,4.43,39.00,-0.60,1,1578,1672,NE
1172826.056,X_LEG_1,3.95,38.97,-0.60,1,1578,1674,NE
1172826.077,X_LEG_1,3.95,38.97,-0.60,1,1578,1674,NE
1172826.097,X_LEG_1,3.95,38.97,-0.60,1,1578,1674,NE
1172826.118,X_LEG_1,3.95,38.97,-0.60,1,1578,1674,NE
1172826.138,X_LEG_1,3.95,38.97,-0.60,1,1578,1674,NE
1172826.159,X_LEG_1,3.63,38.95,-0.60,1,1578,1675,NE
1172826.180,X_LEG_1,3.63,38.95,-0.60,1,1578,1675,NE
1172826.200,X_LEG_1,3.63,38.95,-0.60,1,1578,1675,NE
1172826.220,X_LEG_1,3.63,38.95,-0.60,1,1578,1675,NE
1172826.241,X_LEG_1,3.63,38.95,-0.60,1,1578,1675,NE
1172826.261,X_LEG_1,3.31,38.93,-0.59,1,1578,1676,NE
1172826.281,X_LEG_1,3.31,38.93,-0.59,1,1578,1676,NE
1172826.302,X_LEG_1,3.31,38.93,-0.59,1,1578,1676,NE
1172826.322,X_LEG_1,3.31,38.93,-0.59,1,1578,1676,NE
1172826.342,X_LEG_1,3.31,38.93,-0.59,1,1578,1676,NE
1172826.363,X_LEG_1,3.00,38.91,-0.60,1,1578,1677,NE
1172826.383,X_LEG_1,3.00,38.91,-0.60,1,1578,1677,NE
1172826.403,X_LEG_1,3.00,38.91,-0.60,1,1578,1677,NE
1172826.423,X_LEG_1,3.00,38.91,-0.60,1,1578,1677,NE
1172826.444,X_LEG_1,3.00,38.91,-0.60,1,1578,1677,NE
1172826.464,X_LEG_1,2.68,38.89,-0.61,1,1578,1677,NE
1172826.485,X_LEG_1,2.68,38.89,-0.61,1,1578,1677,NE
1172826.505,X_LEG_1,2.68,38.89,-0.61,1,1578,1677,NE
1172826.525,X_LEG_1,2.68,38.89,-0.61,1,1578,1677,NE
1172826.547,X_LEG_1,2.68,38.89,-0.61,1,1578,1677,NE
1172826.567,X_LEG_1,2.36,38.87,-0.61,1,1578,1678,NE
1172826.588,X_LEG_1,2.36,38.87,-0.61,1,1578,1678,NE
1172826.609,X_LEG_1,2.36,38.87,-0.61,1,1578,1678,NE
1172826.629,X_LEG_1,2.36,38.87,-0.61,1,1578,1678,NE
1172826.650,X_LEG_1,2.36,38.87,-0.61,1,1578,1678,NE
1172826.672,X_LEG_1,2.05,38.85,-0.62,1,1578,1679,NE
1172826.692,X_LEG_1,2.05,38.85,-0.62,1,1578,1679,NE
1172826.712,X_LEG_1,2.05,38.85,-0.62,1,1578,1679,NE
1172826.734,X_LEG_1,2.05,38.85,-0.62,1,1578,1679,NE
1172826.754,X_LEG_1,2.05,38.85,-0.62,1,1578,1679,NE
1172826.775,X_LEG_1,1.73,38.82,-0.61,1,1578,1680,NE
1172826.796,X_LEG_1,1.73,38.82,-0.61,1,1578,1680,NE
1172826.817,X_LEG_1,1.73,38.82,-0.61,1,1578,1680,NE
1172826.837,X_LEG_1,1.73,38.82,-0.61,1,1578,1680,NE
1172826.858,X_LEG_1,1.73,38.82,-0.61,1,1578,1680,NE
1172826.878,X_LEG_1,1.42,38.80,-0.62,1,1578,1681,NE
1172826.899,X_LEG_1,1.42,38.80,-0.62,1,1578,1681,NE
1172826.919,X_LEG_1,1.42,38.80,-0.62,1,1578,1681,NE
1172826.939,X_LEG_1,1.42,38.80,-0.62,1,1578,1681,NE
1172826.960,X_LEG_1,1.42,38.80,-0.62,1,1578,1681,NE
1172826.980,X_LEG_1,1.10,38.78,-0.63,1,1578,1682,NE
1172827.001,X_LEG_1,1.10,38.78,-0.63,1,1578,1682,NE
1172827.022,X_LEG_1,1.10,38.78,-0.63,1,1578,1682,NE
1172827.042,X_LEG_1,1.10,38.78,-0.63,1,1578,1682,NE
1172827.063,X_LEG_1,1.10,38.78,-0.63,1,1578,1682,NE
1172827.083,X_LEG_1,1.10,38.78,-0.63,1,1578,1682,NE
1172827.104,X_LEG_1,1.10,38.78,-0.63,1,1578,1682,NE
1172827.131,X_LEG_1,1.10,38.78,-0.63,1,1578,1682,NE
1172827.151,X_LEG_1,1.10,38.78,-0.63,1,1578,1682,NE
1172827.171,X_LEG_1,1.10,38.78,-0.63,1,1578,1682,NE
1172827.192,X_LEG_1,0.79,38.76,-0.61,1,1578,1683,NE
1172827.212,X_LEG_1,0.79,38.76,-0.61,1,1578,1683,NE
1172827.233,X_LEG_1,0.79,38.76,-0.61,1,1578,1683,NE
1172827.254,X_LEG_1,0.79,38.76,-0.61,1,1578,1683,NE
1172827.275,X_LEG_1,0.79,38.76,-0.61,1,1578,1683,NE
1172827.299,X_LEG_1,0.79,38.76,-0.61,1,1578,1683,NE
1172827.319,X_LEG_1,0.79,38.76,-0.61,1,1578,1683,NE
1172827.341,X_LEG_1,0.79,38.76,-0.61,1,1578,1683,NE
1172827.360,X_LEG_1,0.79,38.76,-0.61,1,1578,1683,NE
1172827.381,X_LEG_1,0.79,38.76,-0.61,1,1578,1683,NE
1172827.401,X_LEG_1,0.48,38.74,-0.62,1,1577,1684,NE
1172827.423,X_LEG_1,0.48,38.74,-0.62,1,1577,1684,NE
1172827.444,X_LEG_1,0.48,38.74,-0.62,1,1577,1684,NE
1172827.464,X_LEG_1,0.48,38.74,-0.62,1,1577,1684,NE
1172827.485,X_LEG_1,0.48,38.74,-0.62,1,1577,1684,NE
1172827.505,X_LEG_1,0.17,38.72,-0.62,1,1577,1685,NE
1172827.526,X_LEG_1,0.17,38.72,-0.62,1,1577,1685,NE
1172827.546,X_LEG_1,0.17,38.72,-0.62,1,1577,1685,NE
1172827.566,X_LEG_1,0.17,38.72,-0.62,1,1577,1685,NE
1172827.587,X_LEG_1,0.17,38.72,-0.62,1,1577,1685,NE
1172827.608,X_LEG_1,0.01,38.71,-0.61,1,1577,1685,NE
1172827.628,X_LEG_1,0.01,38.71,-0.61,1,1577,1685,NE
1172827.649,X_LEG_1,0.01,38.71,-0.61,1,1577,1685,NE
1172827.670,X_LEG_1,0.01,38.71,-0.61,1,1577,1685,NE
1172827.691,X_LEG_1,0.01,38.71,-0.61,1,1577,1685,NE
1172827.712,X_LEG_1,0.03,38.73,-0.61,1,1577,1685,NE
1172827.733,X_LEG_1,0.03,38.73,-0.61,1,1577,1685,NE
1172827.753,X_LEG_1,0.03,38.73,-0.61,1,1577,1685,NE
1172827.783,X_LEG_1,0.03,38.73,-0.61,1,1577,1685,NE
1172827.804,X_LEG_1,0.03,38.73,-0.61,1,1577,1685,NE
1172827.825,X_LEG_1,0.04,38.73,-0.61,1,1577,1685,NE
1172827.847,X_LEG_1,0.04,38.73,-0.61,1,1577,1685,NE
1172827.866,X_LEG_1,0.04,38.73,-0.61,1,1577,1685,NE
1172827.887,X_LEG_1,0.04,38.73,-0.61,1,1577,1685,NE
1172827.908,X_LEG_1,0.04,38.73,-0.61,1,1577,1685,NE
1172827.928,X_LEG_1,0.06,38.75,-0.60,1,1578,1685,NE
1172827.948,X_LEG_1,0.06,38.75,-0.60,1,1578,1685,NE
1172827.968,X_LEG_1,0.06,38.75,-0.60,1,1578,1685,NE
1172827.989,X_LEG_1,0.06,38.75,-0.60,1,1578,1685,NE
1172828.009,X_LEG_1,0.06,38.75,-0.60,1,1578,1685,NE
1172828.030,X_LEG_1,0.06,38.75,-0.60,1,1578,1685,NE
1172828.051,X_LEG_1,0.06,38.75,-0.60,1,1578,1685,NE
1172828.071,X_LEG_1,0.06,38.75,-0.60,1,1578,1685,NE
1172828.092,X_LEG_1,0.06,38.75,-0.60,1,1578,1685,NE
1172828.113,X_LEG_1,0.06,38.75,-0.60,1,1578,1685,NE
1172828.133,X_LEG_1,0.08,38.76,-0.58,1,1578,1685,NE
1172828.153,X_LEG_1,0.08,38.76,-0.58,1,1578,1685,NE
1172828.174,X_LEG_1,0.08,38.76,-0.58,1,1578,1685,NE
1172828.194,X_LEG_1,0.08,38.76,-0.58,1,1578,1685,NE
1172828.215,X_LEG_1,0.08,38.76,-0.58,1,1578,1685,NE
1172828.236,X_LEG_1,0.10,38.78,-0.58,1,1578,1685,NE
1172828.256,X_LEG_1,0.10,38.78,-0.58,1,1578,1685,NE
1172828.277,X_LEG_1,0.10,38.78,-0.58,1,1578,1685,NE
1172828.298,X_LEG_1,0.10,38.78,-0.58,1,1578,1685,NE
1172828.318,X_LEG_1,0.10,38.78,-0.58,1,1578,1685,NE
1172828.339,X_LEG_1,0.12,38.80,-0.57,1,1578,1685,NE
1172828.360,X_LEG_1,0.12,38.80,-0.57,1,1578,1685,NE
1172828.380,X_LEG_1,0.12,38.80,-0.57,1,1578,1685,NE
1172828.401,X_LEG_1,0.12,38.80,-0.57,1,1578,1685,NE
1172828.422,X_LEG_1,0.12,38.80,-0.57,1,1578,1685,NE
1172828.442,X_LEG_1,0.15,38.83,-0.56,1,1578,1685,NE
1172828.464,X_LEG_1,0.15,38.83,-0.56,1,1578,1685,NE
1172828.485,X_LEG_1,0.15,38.83,-0.56,1,1578,1685,NE
1172828.505,X_LEG_1,0.15,38.83,-0.56,1,1578,1685,NE
1172828.526,X_LEG_1,0.15,38.83,-0.56,1,1578,1685,NE
1172828.546,X_LEG_1,0.15,38.83,-0.56,1,1578,1685,NE
1172828.567,X_LEG_1,0.15,38.83,-0.56,1,1578,1685,NE
1172828.589,X_LEG_1,0.15,38.83,-0.56,1,1578,1685,NE
1172828.610,X_LEG_1,0.15,38.83,-0.56,1,1578,1685,NE
1172828.630,X_LEG_1,0.15,38.83,-0.56,1,1578,1685,NE
1172828.650,X_LEG_1,0.18,38.85,-0.54,1,1578,1685,NE
1172828.671,X_LEG_1,0.18,38.85,-0.54,1,1578,1685,NE
1172828.691,X_LEG_1,0.18,38.85,-0.54,1,1578,1685,NE
1172828.713,X_LEG_1,0.18,38.85,-0.54,1,1578,1685,NE
1172828.734,X_LEG_1,0.18,38.85,-0.54,1,1578,1685,NE
1172828.754,X_LEG_1,0.22,38.87,-0.53,1,1578,1685,NE
1172828.775,X_LEG_1,0.22,38.87,-0.53,1,1578,1685,NE
1172828.795,X_LEG_1,0.22,38.87,-0.53,1,1578,1685,NE
1172828.816,X_LEG_1,0.22,38.87,-0.53,1,1578,1685,NE
1172828.839,X_LEG_1,0.22,38.87,-0.53,1,1578,1685,NE
1172828.860,X_LEG_1,0.24,38.89,-0.53,1,1578,1685,NE
1172828.880,X_LEG_1,0.24,38.89,-0.53,1,1578,1685,NE
1172828.901,X_LEG_1,0.24,38.89,-0.53,1,1578,1685,NE
1172828.922,X_LEG_1,0.24,38.89,-0.53,1,1578,1685,NE
1172828.942,X_LEG_1,0.24,38.89,-0.53,1,1578,1685,NE
1172828.963,X_LEG_1,0.27,38.90,-0.51,1,1578,1685,NE
1172828.983,X_LEG_1,0.27,38.90,-0.51,1,1578,1685,NE
1172829.004,X_LEG_1,0.27,38.90,-0.51,1,1578,1685,NE
1172829.025,X_LEG_1,0.27,38.90,-0.51,1,1578,1685,NE
1172829.046,X_LEG_1,0.27,38.90,-0.51,1,1578,1685,NE
1172829.066,X_LEG_1,0.27,38.90,-0.51,1,1578,1685,NE
1172829.087,X_LEG_1,0.27,38.90,-0.51,1,1578,1685,NE
1172829.108,X_LEG_1,0.27,38.90,-0.51,1,1578,1685,NE
1172829.129,X_LEG_1,0.27,38.90,-0.51,1,1578,1685,NE
1172829.150,X_LEG_1,0.27,38.90,-0.51,1,1578,1685,NE
1172829.170,X_LEG_1,0.30,38.92,-0.49,1,1578,1685,NE
1172829.191,X_LEG_1,0.30,38.92,-0.49,1,1578,1685,NE
1172829.213,X_LEG_1,0.30,38.92,-0.49,1,1578,1685,NE
1172829.234,X_LEG_1,0.30,38.92,-0.49,1,1578,1685,NE
1172829.258,X_LEG_1,0.30,38.92,-0.49,1,1578,1685,NE
1172829.279,X_LEG_1,0.33,38.92,-0.48,1,1578,1685,NE
1172829.299,X_LEG_1,0.33,38.92,-0.48,1,1578,1685,NE
1172829.322,X_LEG_1,0.33,38.92,-0.48,1,1578,1685,NE
1172829.346,X_LEG_1,0.33,38.92,-0.48,1,1578,1685,NE
1172829.371,X_LEG_1,0.33,38.92,-0.48,1,1578,1685,NE
1172829.393,X_LEG_1,0.36,38.94,-0.49,1,1578,1684,NE
1172829.413,X_LEG_1,0.36,38.94,-0.49,1,1578,1684,NE
1172829.433,X_LEG_1,0.36,38.94,-0.49,1,1578,1684,NE
1172829.454,X_LEG_1,0.36,38.94,-0.49,1,1578,1684,NE
1172829.476,X_LEG_1,0.36,38.94,-0.49,1,1578,1684,NE
1172829.497,X_LEG_1,0.39,38.94,-0.48,1,1578,1684,NE
1172829.518,X_LEG_1,0.39,38.94,-0.48,1,1578,1684,NE
1172829.538,X_LEG_1,0.39,38.94,-0.48,1,1578,1684,NE
1172829.558,X_LEG_1,0.39,38.94,-0.48,1,1578,1684,NE
1172829.579,X_LEG_1,0.39,38.94,-0.48,1,1578,1684,NE
1172829.600,X_LEG_1,0.41,38.95,-0.47,1,1578,1684,NE
1172829.620,X_LEG_1,0.41,38.95,-0.47,1,1578,1684,NE
1172829.641,X_LEG_1,0.41,38.95,-0.47,1,1578,1684,NE
1172829.662,X_LEG_1,0.41,38.95,-0.47,1,1578,1684,NE
1172829.683,X_LEG_1,0.41,38.95,-0.47,1,1578,1684,NE
1172829.704,X_LEG_1,0.41,38.95,-0.47,1,1578,1684,NE
1172829.724,X_LEG_1,0.41,38.95,-0.47,1,1578,1684,NE
1172829.744,X_LEG_1,0.41,38.95,-0.47,1,1578,1684,NE
1172829.765,X_LEG_1,0.41,38.95,-0.47,1,1578,1684,NE
1172829.785,X_LEG_1,0.41,38.95,-0.47,1,1578,1684,NE
1172829.805,X_LEG_1,0.44,38.95,-0.45,1,1578,1684,NE
1172829.826,X_LEG_1,0.44,38.95,-0.45,1,1578,1684,NE
1172829.848,X_LEG_1,0.44,38.95,-0.45,1,1578,1684,NE
1172829.869,X_LEG_1,0.44,38.95,-0.45,1,1578,1684,NE
1172829.891,X_LEG_1,0.44,38.95,-0.45,1,1578,1684,NE
1172829.911,X_LEG_1,0.47,38.95,-0.44,1,1578,1684,NE
1172829.931,X_LEG_1,0.47,38.95,-0.44,1,1578,1684,NE
1172829.952,X_LEG_1,0.47,38.95,-0.44,1,1578,1684,NE
1172829.973,X_LEG_1,0.47,38.95,-0.44,1,1578,1684,NE
1172829.994,X_LEG_1,0.47,38.95,-0.44,1,1578,1684,NE
1172830.014,X_LEG_1,0.50,38.96,-0.43,1,1578,1684,NE
1172830.034,X_LEG_1,0.50,38.96,-0.43,1,1578,1684,NE
1172830.055,X_LEG_1,0.50,38.96,-0.43,1,1578,1684,NE
1172830.076,X_LEG_1,0.50,38.96,-0.43,1,1578,1684,NE
1172830.096,X_LEG_1,0.50,38.96,-0.43,1,1578,1684,NE
1172830.117,X_LEG_1,0.54,38.96,-0.42,1,1578,1684,NE
1172830.137,X_LEG_1,0.54,38.96,-0.42,1,1578,1684,NE
1172830.158,X_LEG_1,0.54,38.96,-0.42,1,1578,1684,NE
1172830.178,X_LEG_1,0.54,38.96,-0.42,1,1578,1684,NE
1172830.199,X_LEG_1,0.54,38.96,-0.42,1,1578,1684,NE
1172830.220,X_LEG_1,0.54,38.96,-0.42,1,1578,1684,NE
1172830.241,X_LEG_1,0.54,38.96,-0.42,1,1578,1684,NE
1172830.263,X_LEG_1,0.54,38.96,-0.42,1,1578,1684,NE
1172830.285,X_LEG_1,0.54,38.96,-0.42,1,1578,1684,NE
1172830.305,X_LEG_1,0.54,38.96,-0.42,1,1578,1684,NE
1172830.326,X_LEG_1,0.57,38.96,-0.42,1,1578,1684,NE
1172830.348,X_LEG_1,0.57,38.96,-0.42,1,1578,1684,NE
1172830.369,X_LEG_1,0.57,38.96,-0.42,1,1578,1684,NE
1172830.391,X_LEG_1,0.57,38.96,-0.42,1,1578,1684,NE
1172830.413,X_LEG_1,0.57,38.96,-0.42,1,1578,1684,NE
1172830.433,X_LEG_1,0.60,38.97,-0.41,1,1578,1684,NE
1172830.454,X_LEG_1,0.60,38.97,-0.41,1,1578,1684,NE
1172830.476,X_LEG_1,0.60,38.97,-0.41,1,1578,1684,NE
1172830.497,X_LEG_1,0.60,38.97,-0.41,1,1578,1684,NE
1172830.521,X_LEG_1,0.60,38.97,-0.41,1,1578,1684,NE
1172830.543,X_LEG_1,0.63,38.97,-0.39,1,1578,1684,NE
1172830.569,X_LEG_1,0.63,38.97,-0.39,1,1578,1684,NE
1172830.590,X_LEG_1,0.63,38.97,-0.39,1,1578,1684,NE
1172830.612,X_LEG_1,0.63,38.97,-0.39,1,1578,1684,NE
1172830.635,X_LEG_1,0.63,38.97,-0.39,1,1578,1684,NE
1172830.657,X_LEG_1,0.67,38.97,-0.39,1,1578,1683,NE
1172830.677,X_LEG_1,0.67,38.97,-0.39,1,1578,1683,NE
1172830.701,X_LEG_1,0.67,38.97,-0.39,1,1578,1683,NE
1172830.722,X_LEG_1,0.67,38.97,-0.39,1,1578,1683,NE
1172830.743,X_LEG_1,0.67,38.97,-0.39,1,1578,1683,NE
1172830.768,X_LEG_1,0.67,38.97,-0.39,1,1578,1683,NE
1172830.790,X_LEG_1,0.67,38.97,-0.39,1,1578,1683,NE
1172830.811,X_LEG_1,0.67,38.97,-0.39,1,1578,1683,NE
1172830.831,X_LEG_1,0.67,38.97,-0.39,1,1578,1683,NE
1172830.853,X_LEG_1,0.67,38.97,-0.39,1,1578,1683,NE
1172830.873,X_LEG_1,0.71,38.97,-0.39,1,1578,1683,NE
1172830.894,X_LEG_1,0.71,38.97,-0.39,1,1578,1683,NE
1172830.915,X_LEG_1,0.71,38.97,-0.39,1,1578,1683,NE
1172830.937,X_LEG_1,0.71,38.97,-0.39,1,1578,1683,NE
1172830.963,X_LEG_1,0.71,38.97,-0.39,1,1578,1683,NE
1172830.987,X_LEG_1,0.71,38.97,-0.39,1,1578,1683,NE
1172831.009,X_LEG_1,0.71,38.97,-0.39,1,1578,1683,NE
1172831.038,X_LEG_1,0.71,38.97,-0.39,1,1578,1683,NE
1172831.065,X_LEG_1,0.71,38.97,-0.39,1,1578,1683,NE
1172831.086,X_LEG_1,0.74,38.96,-0.37,1,1578,1683,NE
1172831.109,X_LEG_1,0.74,38.96,-0.37,1,1578,1683,NE
1172831.129,X_LEG_1,0.74,38.96,-0.37,1,1578,1683,NE
1172831.149,X_LEG_1,0.74,38.96,-0.37,1,1578,1683,NE
1172831.170,X_LEG_1,0.74,38.96,-0.37,1,1578,1683,NE
1172831.192,X_LEG_1,0.78,38.97,-0.37,1,1578,1683,NE
1172831.213,X_LEG_1,0.78,38.97,-0.37,1,1578,1683,NE
1172831.234,X_LEG_1,0.78,38.97,-0.37,1,1578,1683,NE
1172831.254,X_LEG_1,0.78,38.97,-0.37,1,1578,1683,NE
1172831.276,X_LEG_1,0.78,38.97,-0.37,1,1578,1683,NE
1172831.297,X_LEG_1,0.81,38.96,-0.35,1,1578,1683,NE
1172831.317,X_LEG_1,0.81,38.96,-0.35,1,1578,1683,NE
1172831.338,X_LEG_1,0.81,38.96,-0.35,1,1578,1683,NE
1172831.358,X_LEG_1,0.81,38.96,-0.35,1,1578,1683,NE
1172831.381,X_LEG_1,0.81,38.96,-0.35,1,1578,1683,NE
1172831.403,X_LEG_1,0.85,38.96,-0.35,1,1578,1683,NE
1172831.423,X_LEG_1,0.85,38.96,-0.35,1,1578,1683,NE
1172831.444,X_LEG_1,0.85,38.96,-0.35,1,1578,1683,NE
1172831.464,X_LEG_1,0.85,38.96,-0.35,1,1578,1683,NE
1172831.485,X_LEG_1,0.85,38.96,-0.35,1,1578,1683,NE
1172831.505,X_LEG_1,0.89,38.95,-0.34,1,1578,1683,NE
1172831.525,X_LEG_1,0.89,38.95,-0.34,1,1578,1683,NE
1172831.546,X_LEG_1,0.89,38.95,-0.34,1,1578,1683,NE
1172831.567,X_LEG_1,0.89,38.95,-0.34,1,1578,1683,NE
1172831.588,X_LEG_1,0.89,38.95,-0.34,1,1578,1683,NE
1172831.610,X_LEG_1,0.93,38.96,-0.33,1,1578,1683,NE
1172831.631,X_LEG_1,0.93,38.96,-0.33,1,1578,1683,NE
1172831.651,X_LEG_1,0.93,38.96,-0.33,1,1578,1683,NE
1172831.671,X_LEG_1,0.93,38.96,-0.33,1,1578,1683,NE
1172831.692,X_LEG_1,0.93,38.96,-0.33,1,1578,1683,NE
1172831.713,X_LEG_1,0.93,38.96,-0.33,1,1578,1683,NE
1172831.734,X_LEG_1,0.93,38.96,-0.33,1,1578,1683,NE
1172831.755,X_LEG_1,0.93,38.96,-0.33,1,1578,1683,NE
1172831.775,X_LEG_1,0.93,38.96,-0.33,1,1578,1683,NE
1172831.796,X_LEG_1,0.93,38.96,-0.33,1,1578,1683,NE
1172831.816,X_LEG_1,0.97,38.95,-0.32,1,1578,1683,NE
1172831.840,X_LEG_1,0.97,38.95,-0.32,1,1578,1683,NE
1172831.860,X_LEG_1,0.97,38.95,-0.32,1,1578,1683,NE
1172831.880,X_LEG_1,0.97,38.95,-0.32,1,1578,1683,NE
1172831.901,X_LEG_1,0.97,38.95,-0.32,1,1578,1683,NE
1172831.922,X_LEG_1,1.01,38.94,-0.31,1,1578,1682,NE
1172831.942,X_LEG_1,1.01,38.94,-0.31,1,1578,1682,NE
1172831.962,X_LEG_1,1.01,38.94,-0.31,1,1578,1682,NE
1172831.982,X_LEG_1,1.01,38.94,-0.31,1,1578,1682,NE
1172832.003,X_LEG_1,1.01,38.94,-0.31,1,1578,1682,NE
1172832.023,X_LEG_1,1.05,38.94,-0.31,1,1578,1682,NE
1172832.044,X_LEG_1,1.05,38.94,-0.31,1,1578,1682,NE
1172832.064,X_LEG_1,1.05,38.94,-0.31,1,1578,1682,NE
1172832.088,X_LEG_1,1.05,38.94,-0.31,1,1578,1682,NE
1172832.108,X_LEG_1,1.05,38.94,-0.31,1,1578,1682,NE
1172832.128,X_LEG_1,1.05,38.94,-0.31,1,1578,1682,NE
1172832.148,X_LEG_1,1.05,38.94,-0.31,1,1578,1682,NE
1172832.169,X_LEG_1,1.05,38.94,-0.31,1,1578,1682,NE
1172832.190,X_LEG_1,1.05,38.94,-0.31,1,1578,1682,NE
1172832.213,X_LEG_1,1.05,38.94,-0.31,1,1578,1682,NE
1172832.234,X_LEG_1,1.09,38.94,-0.30,1,1578,1682,NE
1172832.259,X_LEG_1,1.09,38.94,-0.30,1,1578,1682,NE
1172832.280,X_LEG_1,1.09,38.94,-0.30,1,1578,1682,NE
1172832.302,X_LEG_1,1.09,38.94,-0.30,1,1578,1682,NE
1172832.323,X_LEG_1,1.09,38.94,-0.30,1,1578,1682,NE
1172832.343,X_LEG_1,1.14,38.93,-0.29,1,1578,1682,NE
1172832.365,X_LEG_1,1.14,38.93,-0.29,1,1578,1682,NE
1172832.386,X_LEG_1,1.14,38.93,-0.29,1,1578,1682,NE
1172832.407,X_LEG_1,1.14,38.93,-0.29,1,1578,1682,NE
1172832.429,X_LEG_1,1.14,38.93,-0.29,1,1578,1682,NE
1172832.449,X_LEG_1,1.18,38.93,-0.29,1,1578,1682,NE
1172832.470,X_LEG_1,1.18,38.93,-0.29,1,1578,1682,NE
1172832.492,X_LEG_1,1.18,38.93,-0.29,1,1578,1682,NE
1172832.512,X_LEG_1,1.18,38.93,-0.29,1,1578,1682,NE
1172832.533,X_LEG_1,1.18,38.93,-0.29,1,1578,1682,NE
1172832.554,X_LEG_1,1.23,38.92,-0.28,1,1578,1682,NE
1172832.575,X_LEG_1,1.23,38.92,-0.28,1,1578,1682,NE
1172832.595,X_LEG_1,1.23,38.92,-0.28,1,1578,1682,NE
1172832.615,X_LEG_1,1.23,38.92,-0.28,1,1578,1682,NE
1172832.636,X_LEG_1,1.23,38.92,-0.28,1,1578,1682,NE
1172832.656,X_LEG_1,1.27,38.91,-0.26,1,1578,1682,NE
1172832.677,X_LEG_1,1.27,38.91,-0.26,1,1578,1682,NE
1172832.697,X_LEG_1,1.27,38.91,-0.26,1,1578,1682,NE
1172832.718,X_LEG_1,1.27,38.91,-0.26,1,1578,1682,NE
1172832.740,X_LEG_1,1.27,38.91,-0.26,1,1578,1682,NE
1172832.760,X_LEG_1,1.27,38.91,-0.26,1,1578,1682,NE
1172832.781,X_LEG_1,1.27,38.91,-0.26,1,1578,1682,NE
1172832.804,X_LEG_1,1.27,38.91,-0.26,1,1578,1682,NE
1172832.822,X_LEG_1,1.27,38.91,-0.26,1,1578,1682,NE
1172832.844,X_LEG_1,1.27,38.91,-0.26,1,1578,1682,NE
1172832.866,X_LEG_1,1.32,38.91,-0.25,1,1578,1682,NE
1172832.885,X_LEG_1,1.32,38.91,-0.25,1,1578,1682,NE
1172832.908,X_LEG_1,1.32,38.91,-0.25,1,1578,1682,NE
1172832.929,X_LEG_1,1.32,38.91,-0.25,1,1578,1682,NE
1172832.951,X_LEG_1,1.32,38.91,-0.25,1,1578,1682,NE
1172832.973,X_LEG_1,1.36,38.91,-0.25,1,1578,1681,NE
1172832.991,X_LEG_1,1.36,38.91,-0.25,1,1578,1681,NE
1172833.014,X_LEG_1,1.36,38.91,-0.25,1,1578,1681,NE
1172833.035,X_LEG_1,1.36,38.91,-0.25,1,1578,1681,NE
1172833.056,X_LEG_1,1.36,38.91,-0.25,1,1578,1681,NE
1172833.077,X_LEG_1,1.41,38.90,-0.24,1,1578,1681,NE
1172833.101,X_LEG_1,1.41,38.90,-0.24,1,1578,1681,NE
1172833.122,X_LEG_1,1.41,38.90,-0.24,1,1578,1681,NE
1172833.143,X_LEG_1,1.41,38.90,-0.24,1,1578,1681,NE
1172833.164,X_LEG_1,1.41,38.90,-0.24,1,1578,1681,NE
1172833.184,X_LEG_1,1.46,38.89,-0.23,1,1578,1681,NE
1172833.207,X_LEG_1,1.46,38.89,-0.23,1,1578,1681,NE
1172833.228,X_LEG_1,1.46,38.89,-0.23,1,1578,1681,NE
1172833.249,X_LEG_1,1.46,38.89,-0.23,1,1578,1681,NE
1172833.273,X_LEG_1,1.46,38.89,-0.23,1,1578,1681,NE
1172833.291,X_LEG_1,1.50,38.88,-0.23,1,1578,1681,NE
1172833.311,X_LEG_1,1.50,38.88,-0.23,1,1578,1681,NE
1172833.334,X_LEG_1,1.50,38.88,-0.23,1,1578,1681,NE
1172833.355,X_LEG_1,1.50,38.88,-0.23,1,1578,1681,NE
1172833.375,X_LEG_1,1.50,38.88,-0.23,1,1578,1681,NE
1172833.396,X_LEG_1,1.55,38.87,-0.22,1,1578,1681,NE
1172833.417,X_LEG_1,1.55,38.87,-0.22,1,1578,1681,NE
1172833.437,X_LEG_1,1.55,38.87,-0.22,1,1578,1681,NE
1172833.457,X_LEG_1,1.55,38.87,-0.22,1,1578,1681,NE
1172833.478,X_LEG_1,1.55,38.87,-0.22,1,1578,1681,NE
1172833.498,X_LEG_1,1.60,38.86,-0.20,1,1578,1681,NE
1172833.518,X_LEG_1,1.60,38.86,-0.20,1,1578,1681,NE
1172833.539,X_LEG_1,1.60,38.86,-0.20,1,1578,1681,NE
1172833.559,X_LEG_1,1.60,38.86,-0.20,1,1578,1681,NE
1172833.580,X_LEG_1,1.60,38.86,-0.20,1,1578,1681,NE
1172833.600,X_LEG_1,1.65,38.85,0.81,1,1578,1681,NE
1172833.620,X_LEG_1,1.65,38.85,0.81,1,1578,1681,NE
1172833.640,X_LEG_1,1.65,38.85,0.81,1,1578,1681,NE
1172833.661,X_LEG_1,1.65,38.85,0.81,1,1578,1681,NE
1172833.681,X_LEG_1,1.65,38.85,0.81,1,1578,1681,NE
1172833.704,X_LEG_1,1.70,38.84,0.81,1,1578,1680,NE
1172833.723,X_LEG_1,1.70,38.84,0.81,1,1578,1680,NE
1172833.744,X_LEG_1,1.70,38.84,0.81,1,1578,1680,NE
1172833.764,X_LEG_1,1.70,38.84,0.81,1,1578,1680,NE
1172833.786,X_LEG_1,1.70,38.84,0.81,1,1578,1680,NE
1172833.806,X_LEG_1,1.75,38.83,0.82,1,1578,1680,NE
1172833.828,X_LEG_1,1.75,38.83,0.82,1,1578,1680,NE
1172833.848,X_LEG_1,1.75,38.83,0.82,1,1578,1680,NE
1172833.869,X_LEG_1,1.75,38.83,0.82,1,1578,1680,NE
1172833.889,X_LEG_1,1.75,38.83,0.82,1,1578,1680,NE
1172833.909,X_LEG_1,1.81,38.82,0.82,1,1578,1680,NE
1172833.930,X_LEG_1,1.81,38.82,0.82,1,1578,1680,NE
1172833.951,X_LEG_1,1.81,38.82,0.82,1,1578,1680,NE
1172833.971,X_LEG_1,1.81,38.82,0.82,1,1578,1680,NE
1172833.992,X_LEG_1,1.81,38.82,0.82,1,1578,1680,NE
1172834.012,X_LEG_1,1.86,38.81,0.84,1,1578,1680,NE
1172834.033,X_LEG_1,1.86,38.81,0.84,1,1578,1680,NE
1172834.053,X_LEG_1,1.86,38.81,0.84,1,1578,1680,NE
1172834.076,X_LEG_1,1.86,38.81,0.84,1,1578,1680,NE
1172834.097,X_LEG_1,1.86,38.81,0.84,1,1578,1680,NE
1172834.118,X_LEG_1,1.86,38.81,0.84,1,1578,1680,NE
1172834.138,X_LEG_1,1.86,38.81,0.84,1,1578,1680,NE
1172834.158,X_LEG_1,1.86,38.81,0.84,1,1578,1680,NE
1172834.178,X_LEG_1,1.86,38.81,0.84,1,1578,1680,NE
1172834.200,X_LEG_1,1.86,38.81,0.84,1,1578,1680,NE
1172834.220,X_LEG_1,1.94,38.80,0.84,1,1578,1680,NE
1172834.242,X_LEG_1,1.94,38.80,0.84,1,1578,1680,NE
1172834.264,X_LEG_1,1.94,38.80,0.84,1,1578,1680,NE
1172834.285,X_LEG_1,1.94,38.80,0.84,1,1578,1680,NE
1172834.305,X_LEG_1,1.94,38.80,0.84,1,1578,1680,NE
1172834.328,X_LEG_1,1.99,38.79,0.85,1,1578,1680,NE
1172834.350,X_LEG_1,1.99,38.79,0.85,1,1578,1680,NE
1172834.370,X_LEG_1,1.99,38.79,0.85,1,1578,1680,NE
1172834.391,X_LEG_1,1.99,38.79,0.85,1,1578,1680,NE
1172834.411,X_LEG_1,1.99,38.79,0.85,1,1578,1680,NE
1172834.431,X_LEG_1,2.05,38.77,-0.15,1,1578,1679,NE
1172834.453,X_LEG_1,2.05,38.77,-0.15,1,1578,1679,NE
1172834.473,X_LEG_1,2.05,38.77,-0.15,1,1578,1679,NE
1172834.494,X_LEG_1,2.05,38.77,-0.15,1,1578,1679,NE
1172834.517,X_LEG_1,2.05,38.77,-0.15,1,1578,1679,NE
1172834.537,X_LEG_1,2.10,38.75,-0.13,1,1578,1679,NE
1172834.558,X_LEG_1,2.10,38.75,-0.13,1,1578,1679,NE
1172834.579,X_LEG_1,2.10,38.75,-0.13,1,1578,1679,NE
1172834.599,X_LEG_1,2.10,38.75,-0.13,1,1578,1679,NE
1172834.620,X_LEG_1,2.10,38.75,-0.13,1,1578,1679,NE
1172834.640,X_LEG_1,2.16,38.74,-0.12,1,1577,1679,NE
1172834.663,X_LEG_1,2.16,38.74,-0.12,1,1577,1679,NE
1172834.683,X_LEG_1,2.16,38.74,-0.12,1,1577,1679,NE
1172834.704,X_LEG_1,2.16,38.74,-0.12,1,1577,1679,NE
1172834.724,X_LEG_1,2.16,38.74,-0.12,1,1577,1679,NE
1172834.745,X_LEG_1,2.25,38.73,-0.12,1,1577,1679,NE
1172834.765,X_LEG_1,2.25,38.73,-0.12,1,1577,1679,NE
1172834.786,X_LEG_1,2.25,38.73,-0.12,1,1577,1679,NE
1172834.808,X_LEG_1,2.25,38.73,-0.12,1,1577,1679,NE
1172834.828,X_LEG_1,2.25,38.73,-0.12,1,1577,1679,NE
1172834.849,X_LEG_1,2.30,38.71,-0.10,1,1577,1679,NE
1172834.869,X_LEG_1,2.30,38.71,-0.10,1,1577,1679,NE
1172834.891,X_LEG_1,2.30,38.71,-0.10,1,1577,1679,NE
1172834.911,X_LEG_1,2.30,38.71,-0.10,1,1577,1679,NE
1172834.932,X_LEG_1,2.30,38.71,-0.10,1,1577,1679,NE
1172834.952,X_LEG_1,2.36,38.69,-0.10,1,1577,1678,NE
1172834.973,X_LEG_1,2.36,38.69,-0.10,1,1577,1678,NE
1172834.993,X_LEG_1,2.36,38.69,-0.10,1,1577,1678,NE
1172835.015,X_LEG_1,2.36,38.69,-0.10,1,1577,1678,NE
1172835.035,X_LEG_1,2.36,38.69,-0.10,1,1577,1678,NE
1172835.056,X_LEG_1,2.36,38.69,-0.10,1,1577,1678,NE
1172835.078,X_LEG_1,2.36,38.69,-0.10,1,1577,1678,NE
1172835.099,X_LEG_1,2.36,38.69,-0.10,1,1577,1678,NE
1172835.119,X_LEG_1,2.36,38.69,-0.10,1,1577,1678,NE
1172835.143,X_LEG_1,2.36,38.69,-0.10,1,1577,1678,NE
1172835.164,X_LEG_1,2.45,38.67,-0.09,1,1577,1678,NE
1172835.184,X_LEG_1,2.45,38.67,-0.09,1,1577,1678,NE
1172835.205,X_LEG_1,2.45,38.67,-0.09,1,1577,1678,NE
1172835.225,X_LEG_1,2.45,38.67,-0.09,1,1577,1678,NE
1172835.245,X_LEG_1,2.45,38.67,-0.09,1,1577,1678,NE
1172835.266,X_LEG_1,2.54,38.65,-0.07,1,1577,1678,NE
1172835.286,X_LEG_1,2.54,38.65,-0.07,1,1577,1678,NE
1172835.307,X_LEG_1,2.54,38.65,-0.07,1,1577,1678,NE
1172835.328,X_LEG_1,2.54,38.65,-0.07,1,1577,1678,NE
1172835.349,X_LEG_1,2.54,38.65,-0.07,1,1577,1678,NE
1172835.369,X_LEG_1,2.54,38.65,-0.07,1,1577,1678,NE
1172835.390,X_LEG_1,2.54,38.65,-0.07,1,1577,1678,NE
1172835.410,X_LEG_1,2.54,38.65,-0.07,1,1577,1678,NE
1172835.431,X_LEG_1,2.54,38.65,-0.07,1,1577,1678,NE
1172835.451,X_LEG_1,2.54,38.65,-0.07,1,1577,1678,NE
1172835.475,X_LEG_1,2.63,38.64,-0.07,1,1577,1678,NE
1172835.496,X_LEG_1,2.63,38.64,-0.07,1,1577,1678,NE
1172835.516,X_LEG_1,2.63,38.64,-0.07,1,1577,1678,NE
1172835.537,X_LEG_1,2.63,38.64,-0.07,1,1577,1678,NE
1172835.557,X_LEG_1,2.63,38.64,-0.07,1,1577,1678,NE
1172835.580,X_LEG_1,2.69,38.62,-0.05,1,1577,1677,NE
1172835.601,X_LEG_1,2.69,38.62,-0.05,1,1577,1677,NE
1172835.622,X_LEG_1,2.69,38.62,-0.05,1,1577,1677,NE
1172835.642,X_LEG_1,2.69,38.62,-0.05,1,1577,1677,NE
1172835.662,X_LEG_1,2.69,38.62,-0.05,1,1577,1677,NE
1172835.682,X_LEG_1,2.75,38.60,-0.05,1,1577,1677,NE
1172835.704,X_LEG_1,2.75,38.60,-0.05,1,1577,1677,NE
1172835.724,X_LEG_1,2.75,38.60,-0.05,1,1577,1677,NE
1172835.745,X_LEG_1,2.75,38.60,-0.05,1,1577,1677,NE
1172835.766,X_LEG_1,2.75,38.60,-0.05,1,1577,1677,NE
1172835.787,X_LEG_1,2.81,38.59,-0.05,1,1577,1677,NE
1172835.807,X_LEG_1,2.81,38.59,-0.05,1,1577,1677,NE
1172835.829,X_LEG_1,2.81,38.59,-0.05,1,1577,1677,NE
1172835.850,X_LEG_1,2.81,38.59,-0.05,1,1577,1677,NE
1172835.870,X_LEG_1,2.81,38.59,-0.05,1,1577,1677,NE
1172835.893,X_LEG_1,2.81,38.59,-0.05,1,1577,1677,NE
1172835.913,X_LEG_1,2.81,38.59,-0.05,1,1577,1677,NE
1172835.934,X_LEG_1,2.81,38.59,-0.05,1,1577,1677,NE
1172835.955,X_LEG_1,2.81,38.59,-0.05,1,1577,1677,NE
1172835.976,X_LEG_1,2.81,38.59,-0.05,1,1577,1677,NE
1172835.997,X_LEG_1,2.88,38.57,-0.03,1,1577,1677,NE
1172836.018,X_LEG_1,2.88,38.57,-0.03,1,1577,1677,NE
1172836.038,X_LEG_1,2.88,38.57,-0.03,1,1577,1677,NE
1172836.059,X_LEG_1,2.88,38.57,-0.03,1,1577,1677,NE
1172836.082,X_LEG_1,2.88,38.57,-0.03,1,1577,1677,NE
1172836.103,X_LEG_1,2.88,38.57,-0.03,1,1577,1677,NE
1172836.123,X_LEG_1,2.88,38.57,-0.03,1,1577,1677,NE
1172836.145,X_LEG_1,2.88,38.57,-0.03,1,1577,1677,NE
1172836.166,X_LEG_1,2.88,38.57,-0.03,1,1577,1677,NE
1172836.187,X_LEG_1,2.88,38.57,-0.03,1,1577,1677,NE
1172836.207,X_LEG_1,2.97,38.54,-0.03,1,1577,1677,NE
1172836.228,X_LEG_1,2.97,38.54,-0.03,1,1577,1677,NE
1172836.248,X_LEG_1,2.97,38.54,-0.03,1,1577,1677,NE
1172836.269,X_LEG_1,2.97,38.54,-0.03,1,1577,1677,NE
1172836.289,X_LEG_1,2.97,38.54,-0.03,1,1577,1677,NE
1172836.310,X_LEG_1,3.04,38.53,-0.02,1,1577,1676,NE
1172836.330,X_LEG_1,3.04,38.53,-0.02,1,1577,1676,NE
1172836.350,X_LEG_1,3.04,38.53,-0.02,1,1577,1676,NE
1172836.371,X_LEG_1,3.04,38.53,-0.02,1,1577,1676,NE
1172836.394,X_LEG_1,3.04,38.53,-0.02,1,1577,1676,NE
1172836.414,X_LEG_1,3.10,38.50,-0.01,1,1577,1676,NE
1172836.435,X_LEG_1,3.10,38.50,-0.01,1,1577,1676,NE
1172836.458,X_LEG_1,3.10,38.50,-0.01,1,1577,1676,NE
1172836.479,X_LEG_1,3.10,38.50,-0.01,1,1577,1676,NE
1172836.499,X_LEG_1,3.10,38.50,-0.01,1,1577,1676,NE
1172836.520,X_LEG_1,3.20,38.48,0.00,1,1577,1676,NE
1172836.541,X_LEG_1,3.20,38.48,0.00,1,1577,1676,NE
1172836.561,X_LEG_1,3.20,38.48,0.00,1,1577,1676,NE
1172836.585,X_LEG_1,3.20,38.48,0.00,1,1577,1676,NE
1172836.606,X_LEG_1,3.20,38.48,0.00,1,1577,1676,NE
1172836.626,X_LEG_1,3.26,38.47,0.01,1,1577,1676,NE
1172836.647,X_LEG_1,3.26,38.47,0.01,1,1577,1676,NE
1172836.667,X_LEG_1,3.26,38.47,0.01,1,1577,1676,NE
1172836.688,X_LEG_1,3.26,38.47,0.01,1,1577,1676,NE
1172836.708,X_LEG_1,3.26,38.47,0.01,1,1577,1676,NE
1172836.728,X_LEG_1,3.33,38.44,0.01,1,1577,1676,NE
1172836.749,X_LEG_1,3.33,38.44,0.01,1,1577,1676,NE
1172836.770,X_LEG_1,3.33,38.44,0.01,1,1577,1676,NE
1172836.790,X_LEG_1,3.33,38.44,0.01,1,1577,1676,NE
1172836.811,X_LEG_1,3.33,38.44,0.01,1,1577,1676,NE
1172836.834,X_LEG_1,3.40,38.43,0.02,1,1577,1675,NE
1172836.855,X_LEG_1,3.40,38.43,0.02,1,1577,1675,NE
1172836.875,X_LEG_1,3.40,38.43,0.02,1,1577,1675,NE
1172836.897,X_LEG_1,3.40,38.43,0.02,1,1577,1675,NE
1172836.917,X_LEG_1,3.40,38.43,0.02,1,1577,1675,NE
1172836.938,X_LEG_1,3.47,38.41,0.03,1,1577,1675,NE
1172836.959,X_LEG_1,3.47,38.41,0.03,1,1577,1675,NE
1172836.979,X_LEG_1,3.47,38.41,0.03,1,1577,1675,NE
1172837.000,X_LEG_1,3.47,38.41,0.03,1,1577,1675,NE
1172837.028,X_LEG_1,3.47,38.41,0.03,1,1577,1675,NE
1172837.048,X_LEG_1,3.53,38.39,0.03,1,1577,1675,NE
1172837.079,X_LEG_1,3.53,38.39,0.03,1,1577,1675,NE
1172837.104,X_LEG_1,3.53,38.39,0.03,1,1577,1675,NE
1172837.124,X_LEG_1,3.53,38.39,0.03,1,1577,1675,NE
1172837.145,X_LEG_1,3.60,38.37,0.05,1,1577,1675,NE
1172837.166,X_LEG_1,3.60,38.37,0.05,1,1577,1675,NE
1172837.185,X_LEG_1,3.60,38.37,0.05,1,1577,1675,NE
1172837.214,X_LEG_1,3.60,38.37,0.05,1,1577,1675,NE
1172837.238,X_LEG_1,3.60,38.37,0.05,1,1577,1675,NE
1172837.267,X_LEG_1,3.60,38.37,0.05,1,1577,1675,NE
1172837.304,X_LEG_1,3.60,38.37,0.05,1,1577,1675,NE
1172837.327,X_LEG_1,3.60,38.37,0.05,1,1577,1675,NE
1172837.348,X_LEG_1,3.60,38.37,0.05,1,1577,1675,NE
1172837.369,X_LEG_1,3.67,38.35,0.04,1,1577,1674,NE
1172837.390,X_LEG_1,3.67,38.35,0.04,1,1577,1674,NE
1172837.414,X_LEG_1,3.67,38.35,0.04,1,1577,1674,NE
1172837.435,X_LEG_1,3.67,38.35,0.04,1,1577,1674,NE
1172837.469,X_LEG_1,3.67,38.35,0.04,1,1577,1674,NE
1172837.490,X_LEG_1,3.70,38.34,0.05,1,1577,1674,NE
1172837.512,X_LEG_1,3.70,38.34,0.05,1,1577,1674,NE
1172837.539,X_LEG_1,3.70,38.34,0.05,1,1577,1674,NE
1172837.560,X_LEG_1,3.70,38.34,0.05,1,1577,1674,NE
1172837.582,X_LEG_1,3.70,38.34,0.05,1,1577,1674,NE
1172837.602,X_LEG_1,3.70,38.34,0.05,1,1577,1674,NE
1172837.623,X_LEG_1,3.70,38.34,0.05,1,1577,1674,NE
1172837.643,X_LEG_1,3.70,38.34,0.05,1,1577,1674,NE
1172837.664,X_LEG_1,3.70,38.34,0.05,1,1577,1674,NE
1172837.684,X_LEG_1,3.81,38.32,0.06,1,1577,1674,NE
1172837.714,X_LEG_1,3.81,38.32,0.06,1,1577,1674,NE
1172837.736,X_LEG_1,3.81,38.32,0.06,1,1577,1674,NE
1172837.757,X_LEG_1,3.81,38.32,0.06,1,1577,1674,NE
1172837.779,X_LEG_1,3.81,38.32,0.06,1,1577,1674,NE
1172837.799,X_LEG_1,3.81,38.32,0.06,1,1577,1674,NE
1172837.820,X_LEG_1,3.81,38.32,0.06,1,1577,1674,NE
1172837.841,X_LEG_1,3.81,38.32,0.06,1,1577,1674,NE
1172837.864,X_LEG_1,3.81,38.32,0.06,1,1577,1674,NE
1172837.887,X_LEG_1,3.81,38.32,0.06,1,1577,1674,NE
1172837.907,X_LEG_1,3.88,38.29,0.08,1,1577,1674,NE
1172837.929,X_LEG_1,3.88,38.29,0.08,1,1577,1674,NE
1172837.953,X_LEG_1,3.88,38.29,0.08,1,1577,1674,NE
1172837.973,X_LEG_1,3.88,38.29,0.08,1,1577,1674,NE
1172837.995,X_LEG_1,3.88,38.29,0.08,1,1577,1674,NE
1172838.017,X_LEG_1,3.95,38.27,0.07,1,1577,1674,NE
1172838.038,X_LEG_1,3.95,38.27,0.07,1,1577,1674,NE
1172838.059,X_LEG_1,3.95,38.27,0.07,1,1577,1674,NE
1172838.079,X_LEG_1,3.95,38.27,0.07,1,1577,1674,NE
1172838.100,X_LEG_1,3.95,38.27,0.07,1,1577,1674,NE
1172838.120,X_LEG_1,4.02,38.25,0.08,1,1577,1673,NE
1172838.144,X_LEG_1,4.02,38.25,0.08,1,1577,1673,NE
1172838.166,X_LEG_1,4.02,38.25,0.08,1,1577,1673,NE
1172838.186,X_LEG_1,4.02,38.25,0.08,1,1577,1673,NE
1172838.206,X_LEG_1,4.02,38.25,0.08,1,1577,1673,NE
1172838.227,X_LEG_1,4.02,38.25,0.08,1,1577,1673,NE
1172838.249,X_LEG_1,4.02,38.25,0.08,1,1577,1673,NE
1172838.271,X_LEG_1,4.02,38.25,0.08,1,1577,1673,NE
1172838.291,X_LEG_1,4.02,38.25,0.08,1,1577,1673,NE
1172838.312,X_LEG_1,4.02,38.25,0.08,1,1577,1673,NE
1172838.332,X_LEG_1,4.09,38.22,0.09,1,1576,1673,NE
1172838.352,X_LEG_1,4.09,38.22,0.09,1,1576,1673,NE
1172838.374,X_LEG_1,4.09,38.22,0.09,1,1576,1673,NE
1172838.395,X_LEG_1,4.09,38.22,0.09,1,1576,1673,NE
1172838.415,X_LEG_1,4.09,38.22,0.09,1,1576,1673,NE
1172838.439,X_LEG_1,4.16,38.21,0.09,1,1576,1673,NE
1172838.459,X_LEG_1,4.16,38.21,0.09,1,1576,1673,NE
1172838.480,X_LEG_1,4.16,38.21,0.09,1,1576,1673,NE
1172838.502,X_LEG_1,4.16,38.21,0.09,1,1576,1673,NE
1172838.522,X_LEG_1,4.16,38.21,0.09,1,1576,1673,NE
1172838.544,X_LEG_1,4.23,38.19,0.11,1,1576,1673,NE
1172838.564,X_LEG_1,4.23,38.19,0.11,1,1576,1673,NE
1172838.585,X_LEG_1,4.23,38.19,0.11,1,1576,1673,NE
1172838.607,X_LEG_1,4.23,38.19,0.11,1,1576,1673,NE
1172838.628,X_LEG_1,4.23,38.19,0.11,1,1576,1673,NE
1172838.648,X_LEG_1,4.31,38.16,0.11,1,1576,1673,NE
1172838.669,X_LEG_1,4.31,38.16,0.11,1,1576,1673,NE
1172838.689,X_LEG_1,4.31,38.16,0.11,1,1576,1673,NE
1172838.710,X_LEG_1,4.31,38.16,0.11,1,1576,1673,NE
1172838.732,X_LEG_1,4.31,38.16,0.11,1,1576,1673,NE
1172838.753,X_LEG_1,4.31,38.16,0.11,1,1576,1673,NE
1172838.777,X_LEG_1,4.31,38.16,0.11,1,1576,1673,NE
1172838.798,X_LEG_1,4.31,38.16,0.11,1,1576,1673,NE
1172838.818,X_LEG_1,4.31,38.16,0.11,1,1576,1673,NE
1172838.838,X_LEG_1,4.31,38.16,0.11,1,1576,1673,NE
1172838.859,X_LEG_1,4.38,38.15,0.12,1,1576,1672,NE
1172838.881,X_LEG_1,4.38,38.15,0.12,1,1576,1672,NE
1172838.901,X_LEG_1,4.38,38.15,0.12,1,1576,1672,NE
1172838.922,X_LEG_1,4.38,38.15,0.12,1,1576,1672,NE
1172838.943,X_LEG_1,4.38,38.15,0.12,1,1576,1672,NE
1172838.964,X_LEG_1,4.45,38.12,0.12,1,1576,1672,NE
1172838.984,X_LEG_1,4.45,38.12,0.12,1,1576,1672,NE
1172839.005,X_LEG_1,4.45,38.12,0.12,1,1576,1672,NE
1172839.025,X_LEG_1,4.45,38.12,0.12,1,1576,1672,NE
1172839.045,X_LEG_1,4.45,38.12,0.12,1,1576,1672,NE
1172839.067,X_LEG_1,4.53,38.10,0.14,1,1576,1672,NE
1172839.090,X_LEG_1,4.53,38.10,0.14,1,1576,1672,NE
1172839.113,X_LEG_1,4.53,38.10,0.14,1,1576,1672,NE
1172839.139,X_LEG_1,4.53,38.10,0.14,1,1576,1672,NE
1172839.160,X_LEG_1,4.53,38.10,0.14,1,1576,1672,NE
1172839.180,X_LEG_1,4.53,38.10,0.14,1,1576,1672,NE
1172839.203,X_LEG_1,4.53,38.10,0.14,1,1576,1672,NE
1172839.223,X_LEG_1,4.53,38.10,0.14,1,1576,1672,NE
1172839.244,X_LEG_1,4.53,38.10,0.14,1,1576,1672,NE
1172839.264,X_LEG_1,4.53,38.10,0.14,1,1576,1672,NE
1172839.285,X_LEG_1,4.60,38.08,0.13,1,1576,1672,NE
1172839.305,X_LEG_1,4.60,38.08,0.13,1,1576,1672,NE
1172839.326,X_LEG_1,4.60,38.08,0.13,1,1576,1672,NE
1172839.346,X_LEG_1,4.60,38.08,0.13,1,1576,1672,NE
1172839.369,X_LEG_1,4.60,38.08,0.13,1,1576,1672,NE
1172839.387,X_LEG_1,4.67,38.06,0.15,1,1576,1671,NE
1172839.408,X_LEG_1,4.67,38.06,0.15,1,1576,1671,NE
1172839.433,X_LEG_1,4.67,38.06,0.15,1,1576,1671,NE
1172839.453,X_LEG_1,4.67,38.06,0.15,1,1576,1671,NE
1172839.475,X_LEG_1,4.67,38.06,0.15,1,1576,1671,NE
1172839.495,X_LEG_1,4.75,38.03,0.15,1,1576,1671,NE
1172839.516,X_LEG_1,4.75,38.03,0.15,1,1576,1671,NE
1172839.537,X_LEG_1,4.75,38.03,0.15,1,1576,1671,NE
1172839.557,X_LEG_1,4.75,38.03,0.15,1,1576,1671,NE
1172839.578,X_LEG_1,4.75,38.03,0.15,1,1576,1671,NE
1172839.598,X_LEG_1,4.75,38.03,0.15,1,1576,1671,NE
1172839.618,X_LEG_1,4.75,38.03,0.15,1,1576,1671,NE
1172839.639,X_LEG_1,4.75,38.03,0.15,1,1576,1671,NE
1172839.661,X_LEG_1,4.75,38.03,0.15,1,1576,1671,NE
1172839.681,X_LEG_1,4.75,38.03,0.15,1,1576,1671,NE
1172839.702,X_LEG_1,4.82,38.01,0.17,1,1576,1671,NE
1172839.722,X_LEG_1,4.82,38.01,0.17,1,1576,1671,NE
1172839.742,X_LEG_1,4.82,38.01,0.17,1,1576,1671,NE
1172839.763,X_LEG_1,4.82,38.01,0.17,1,1576,1671,NE
1172839.784,X_LEG_1,4.82,38.01,0.17,1,1576,1671,NE
1172839.804,X_LEG_1,4.90,37.99,0.16,1,1576,1671,NE
1172839.825,X_LEG_1,4.90,37.99,0.16,1,1576,1671,NE
1172839.845,X_LEG_1,4.90,37.99,0.16,1,1576,1671,NE
1172839.866,X_LEG_1,4.90,37.99,0.16,1,1576,1671,NE
1172839.886,X_LEG_1,4.90,37.99,0.16,1,1576,1671,NE
1172839.910,X_LEG_1,4.97,37.96,0.17,1,1576,1671,NE
1172839.930,X_LEG_1,4.97,37.96,0.17,1,1576,1671,NE
1172839.951,X_LEG_1,4.97,37.96,0.17,1,1576,1671,NE
1172839.973,X_LEG_1,4.97,37.96,0.17,1,1576,1671,NE
1172839.995,X_LEG_1,4.97,37.96,0.17,1,1576,1671,NE
1172840.015,X_LEG_1,5.05,37.94,0.18,1,1576,1670,NE
1172840.037,X_LEG_1,5.05,37.94,0.18,1,1576,1670,NE
1172840.058,X_LEG_1,5.05,37.94,0.18,1,1576,1670,NE
1172840.083,X_LEG_1,5.05,37.94,0.18,1,1576,1670,NE
1172840.106,X_LEG_1,5.05,37.94,0.18,1,1576,1670,NE
1172840.126,X_LEG_1,5.05,37.94,0.18,1,1576,1670,NE
1172840.147,X_LEG_1,5.05,37.94,0.18,1,1576,1670,NE
1172840.169,X_LEG_1,5.05,37.94,0.18,1,1576,1670,NE
1172840.190,X_LEG_1,5.05,37.94,0.18,1,1576,1670,NE
1172840.210,X_LEG_1,5.05,37.94,0.18,1,1576,1670,NE
1172840.231,X_LEG_1,5.13,37.91,0.19,1,1576,1670,NE
1172840.251,X_LEG_1,5.13,37.91,0.19,1,1576,1670,NE
1172840.272,X_LEG_1,5.13,37.91,0.19,1,1576,1670,NE
1172840.292,X_LEG_1,5.13,37.91,0.19,1,1576,1670,NE
1172840.313,X_LEG_1,5.13,37.91,0.19,1,1576,1670,NE
1172840.333,X_LEG_1,5.20,37.89,0.18,1,1576,1670,NE
1172840.354,X_LEG_1,5.20,37.89,0.18,1,1576,1670,NE
1172840.376,X_LEG_1,5.20,37.89,0.18,1,1576,1670,NE
1172840.397,X_LEG_1,5.20,37.89,0.18,1,1576,1670,NE
1172840.418,X_LEG_1,5.20,37.89,0.18,1,1576,1670,NE
1172840.439,X_LEG_1,5.28,37.87,0.20,1,1576,1670,NE
1172840.459,X_LEG_1,5.28,37.87,0.20,1,1576,1670,NE
1172840.479,X_LEG_1,5.28,37.87,0.20,1,1576,1670,NE
1172840.501,X_LEG_1,5.28,37.87,0.20,1,1576,1670,NE
1172840.522,X_LEG_1,5.28,37.87,0.20,1,1576,1670,NE
1172840.542,X_LEG_1,5.36,37.84,0.20,1,1576,1669,NE
1172840.568,X_LEG_1,5.36,37.84,0.20,1,1576,1669,NE
1172840.588,X_LEG_1,5.36,37.84,0.20,1,1576,1669,NE
1172840.613,X_LEG_1,5.36,37.84,0.20,1,1576,1669,NE
1172840.633,X_LEG_1,5.36,37.84,0.20,1,1576,1669,NE
1172840.656,X_LEG_1,5.44,37.82,0.21,1,1576,1669,NE
1172840.677,X_LEG_1,5.44,37.82,0.21,1,1576,1669,NE
1172840.698,X_LEG_1,5.44,37.82,0.21,1,1576,1669,NE
1172840.718,X_LEG_1,5.44,37.82,0.21,1,1576,1669,NE
1172840.740,X_LEG_1,5.44,37.82,0.21,1,1576,1669,NE
1172840.761,X_LEG_1,5.44,37.82,0.21,1,1576,1669,NE
1172840.789,X_LEG_1,5.44,37.82,0.21,1,1576,1669,NE
1172840.812,X_LEG_1,5.44,37.82,0.21,1,1576,1669,NE
1172840.833,X_LEG_1,5.44,37.82,0.21,1,1576,1669,NE
1172840.853,X_LEG_1,5.44,37.82,0.21,1,1576,1669,NE
1172840.873,X_LEG_1,5.51,37.79,0.22,1,1576,1669,NE
1172840.895,X_LEG_1,5.51,37.79,0.22,1,1576,1669,NE
1172840.917,X_LEG_1,5.51,37.79,0.22,1,1576,1669,NE
1172840.937,X_LEG_1,5.51,37.79,0.22,1,1576,1669,NE
1172840.960,X_LEG_1,5.51,37.79,0.22,1,1576,1669,NE
1172840.989,X_LEG_1,5.59,37.77,0.23,1,1576,1669,NE
1172841.007,X_LEG_1,5.59,37.77,0.23,1,1576,1669,NE
1172841.034,X_LEG_1,5.59,37.77,0.23,1,1576,1669,NE
1172841.054,X_LEG_1,5.59,37.77,0.23,1,1576,1669,NE
1172841.076,X_LEG_1,5.59,37.77,0.23,1,1576,1669,NE
1172841.097,X_LEG_1,5.67,37.74,0.24,1,1575,1668,NE
1172841.117,X_LEG_1,5.67,37.74,0.24,1,1575,1668,NE
1172841.139,X_LEG_1,5.67,37.74,0.24,1,1575,1668,NE
1172841.160,X_LEG_1,5.67,37.74,0.24,1,1575,1668,NE
1172841.180,X_LEG_1,5.67,37.74,0.24,1,1575,1668,NE
1172841.200,X_LEG_1,5.67,37.74,0.24,1,1575,1668,NE
1172841.221,X_LEG_1,5.67,37.74,0.24,1,1575,1668,NE
1172841.241,X_LEG_1,5.67,37.74,0.24,1,1575,1668,NE
1172841.261,X_LEG_1,5.67,37.74,0.24,1,1575,1668,NE
1172841.281,X_LEG_1,5.67,37.74,0.24,1,1575,1668,NE
1172841.302,X_LEG_1,5.75,37.72,0.23,1,1575,1668,NE
1172841.326,X_LEG_1,5.75,37.72,0.23,1,1575,1668,NE
1172841.346,X_LEG_1,5.75,37.72,0.23,1,1575,1668,NE
1172841.368,X_LEG_1,5.75,37.72,0.23,1,1575,1668,NE
1172841.388,X_LEG_1,5.75,37.72,0.23,1,1575,1668,NE
1172841.408,X_LEG_1,5.83,37.69,0.24,1,1575,1668,NE
1172841.429,X_LEG_1,5.83,37.69,0.24,1,1575,1668,NE
1172841.450,X_LEG_1,5.83,37.69,0.24,1,1575,1668,NE
1172841.470,X_LEG_1,5.83,37.69,0.24,1,1575,1668,NE
1172841.491,X_LEG_1,5.83,37.69,0.24,1,1575,1668,NE
1172841.511,X_LEG_1,5.91,37.66,0.24,1,1575,1668,NE
1172841.531,X_LEG_1,5.91,37.66,0.24,1,1575,1668,NE
1172841.552,X_LEG_1,5.91,37.66,0.24,1,1575,1668,NE
1172841.574,X_LEG_1,5.91,37.66,0.24,1,1575,1668,NE
1172841.595,X_LEG_1,5.91,37.66,0.24,1,1575,1668,NE
1172841.615,X_LEG_1,5.99,37.64,0.26,1,1575,1668,NE
1172841.636,X_LEG_1,5.99,37.64,0.26,1,1575,1668,NE
1172841.657,X_LEG_1,5.99,37.64,0.26,1,1575,1668,NE
1172841.680,X_LEG_1,5.99,37.64,0.26,1,1575,1668,NE
1172841.699,X_LEG_1,5.99,37.64,0.26,1,1575,1668,NE
1172841.719,X_LEG_1,6.11,37.60,0.27,1,1575,1667,NE
1172841.739,X_LEG_1,6.11,37.60,0.27,1,1575,1667,NE
1172841.760,X_LEG_1,6.11,37.60,0.27,1,1575,1667,NE
1172841.781,X_LEG_1,6.11,37.60,0.27,1,1575,1667,NE
1172841.801,X_LEG_1,6.11,37.60,0.27,1,1575,1667,NE
1172841.822,X_LEG_1,6.19,37.57,0.27,1,1575,1667,NE
1172841.843,X_LEG_1,6.19,37.57,0.27,1,1575,1667,NE
1172841.869,X_LEG_1,6.19,37.57,0.27,1,1575,1667,NE
1172841.889,X_LEG_1,6.19,37.57,0.27,1,1575,1667,NE
1172841.909,X_LEG_1,6.19,37.57,0.27,1,1575,1667,NE
1172841.930,X_LEG_1,6.27,37.55,0.28,1,1575,1667,NE
1172841.953,X_LEG_1,6.27,37.55,0.28,1,1575,1667,NE
1172841.973,X_LEG_1,6.27,37.55,0.28,1,1575,1667,NE
1172841.993,X_LEG_1,6.27,37.55,0.28,1,1575,1667,NE
1172842.014,X_LEG_1,6.27,37.55,0.28,1,1575,1667,NE
1172842.034,X_LEG_1,6.35,37.52,0.29,1,1575,1666,NE
1172842.054,X_LEG_1,6.35,37.52,0.29,1,1575,1666,NE
1172842.076,X_LEG_1,6.35,37.52,0.29,1,1575,1666,NE
1172842.097,X_LEG_1,6.35,37.52,0.29,1,1575,1666,NE
1172842.117,X_LEG_1,6.35,37.52,0.29,1,1575,1666,NE
1172842.138,X_LEG_1,6.35,37.52,0.29,1,1575,1666,NE
1172842.162,X_LEG_1,6.35,37.52,0.29,1,1575,1666,NE
1172842.183,X_LEG_1,6.35,37.52,0.29,1,1575,1666,NE
1172842.204,X_LEG_1,6.35,37.52,0.29,1,1575,1666,NE
1172842.224,X_LEG_1,6.35,37.52,0.29,1,1575,1666,NE
1172842.245,X_LEG_1,6.47,37.48,0.30,1,1575,1666,NE
1172842.265,X_LEG_1,6.47,37.48,0.30,1,1575,1666,NE
1172842.287,X_LEG_1,6.47,37.48,0.30,1,1575,1666,NE
1172842.307,X_LEG_1,6.47,37.48,0.30,1,1575,1666,NE
1172842.328,X_LEG_1,6.47,37.48,0.30,1,1575,1666,NE
1172842.348,X_LEG_1,6.55,37.45,0.30,1,1575,1666,NE
1172842.368,X_LEG_1,6.55,37.45,0.30,1,1575,1666,NE
1172842.389,X_LEG_1,6.55,37.45,0.30,1,1575,1666,NE
1172842.409,X_LEG_1,6.55,37.45,0.30,1,1575,1666,NE
1172842.433,X_LEG_1,6.55,37.45,0.30,1,1575,1666,NE
1172842.455,X_LEG_1,6.67,37.41,0.31,1,1575,1665,NE
1172842.475,X_LEG_1,6.67,37.41,0.31,1,1575,1665,NE
1172842.495,X_LEG_1,6.67,37.41,0.31,1,1575,1665,NE
1172842.515,X_LEG_1,6.67,37.41,0.31,1,1575,1665,NE
1172842.536,X_LEG_1,6.67,37.41,0.31,1,1575,1665,NE
1172842.556,X_LEG_1,6.67,37.38,0.32,1,1575,1665,NE
1172842.577,X_LEG_1,6.75,37.38,0.32,1,1575,1665,NE
1172842.597,X_LEG_1,6.75,37.38,0.32,1,1575,1665,NE
1172842.618,X_LEG_1,6.75,37.38,0.32,1,1575,1665,NE
1172842.639,X_LEG_1,6.75,37.38,0.32,1,1575,1665,NE
1172842.659,X_LEG_1,6.83,37.35,0.32,1,1575,1665,NE
1172842.683,X_LEG_1,6.83,37.35,0.32,1,1575,1665,NE
1172842.703,X_LEG_1,6.83,37.35,0.32,1,1575,1665,NE
1172842.723,X_LEG_1,6.83,37.35,0.32,1,1575,1665,NE
1172842.744,X_LEG_1,6.83,37.35,0.32,1,1575,1665,NE
1172842.765,X_LEG_1,6.92,37.33,0.33,1,1575,1665,NE
1172842.785,X_LEG_1,6.92,37.33,0.33,1,1575,1665,NE
1172842.808,X_LEG_1,6.92,37.33,0.33,1,1575,1665,NE
1172842.831,X_LEG_1,6.92,37.33,0.33,1,1575,1665,NE
1172842.849,X_LEG_1,6.92,37.33,0.33,1,1575,1665,NE
1172842.869,X_LEG_1,7.00,37.30,0.34,1,1575,1665,NE
1172842.890,X_LEG_1,7.00,37.30,0.34,1,1575,1665,NE
1172842.910,X_LEG_1,7.00,37.30,0.34,1,1575,1665,NE
1172842.931,X_LEG_1,7.00,37.30,0.34,1,1575,1665,NE
1172842.951,X_LEG_1,7.00,37.30,0.34,1,1575,1665,NE
1172842.972,X_LEG_1,7.08,37.27,0.34,1,1575,1664,NE
1172842.992,X_LEG_1,7.08,37.27,0.34,1,1575,1664,NE
1172843.012,X_LEG_1,7.08,37.27,0.34,1,1575,1664,NE
1172843.033,X_LEG_1,7.08,37.27,0.34,1,1575,1664,NE
1172843.054,X_LEG_1,7.08,37.27,0.34,1,1575,1664,NE
1172843.075,X_LEG_1,7.08,37.27,0.34,1,1575,1664,NE
1172843.096,X_LEG_1,7.08,37.27,0.34,1,1575,1664,NE
1172843.116,X_LEG_1,7.08,37.27,0.34,1,1575,1664,NE
1172843.136,X_LEG_1,7.08,37.27,0.34,1,1575,1664,NE
1172843.159,X_LEG_1,7.08,37.27,0.34,1,1575,1664,NE
1172843.180,X_LEG_1,7.21,37.23,0.35,1,1574,1664,NE
1172843.200,X_LEG_1,7.21,37.23,0.35,1,1574,1664,NE
1172843.220,X_LEG_1,7.21,37.23,0.35,1,1574,1664,NE
1172843.243,X_LEG_1,7.21,37.23,0.35,1,1574,1664,NE
1172843.264,X_LEG_1,7.21,37.23,0.35,1,1574,1664,NE
1172843.284,X_LEG_1,7.21,37.23,0.35,1,1574,1664,NE
1172843.305,X_LEG_1,7.21,37.23,0.35,1,1574,1664,NE
1172843.325,X_LEG_1,7.21,37.23,0.35,1,1574,1664,NE
1172843.346,X_LEG_1,7.21,37.23,0.35,1,1574,1664,NE
1172843.366,X_LEG_1,7.21,37.23,0.35,1,1574,1664,NE
1172843.387,X_LEG_1,7.33,37.19,0.36,1,1574,1664,NE
1172843.408,X_LEG_1,7.33,37.19,0.36,1,1574,1664,NE
1172843.428,X_LEG_1,7.33,37.19,0.36,1,1574,1664,NE
1172843.448,X_LEG_1,7.33,37.19,0.36,1,1574,1664,NE
1172843.469,X_LEG_1,7.33,37.19,0.36,1,1574,1664,NE
1172843.491,X_LEG_1,7.41,37.16,0.36,1,1574,1663,NE
1172843.512,X_LEG_1,7.41,37.16,0.36,1,1574,1663,NE
1172843.532,X_LEG_1,7.41,37.16,0.36,1,1574,1663,NE
1172843.554,X_LEG_1,7.41,37.16,0.36,1,1574,1663,NE
1172843.574,X_LEG_1,7.41,37.16,0.36,1,1574,1663,NE
1172843.595,X_LEG_1,7.49,37.13,0.37,1,1574,1663,NE
1172843.615,X_LEG_1,7.49,37.13,0.37,1,1574,1663,NE
1172843.636,X_LEG_1,7.49,37.13,0.37,1,1574,1663,NE
1172843.656,X_LEG_1,7.49,37.13,0.37,1,1574,1663,NE
1172843.678,X_LEG_1,7.49,37.13,0.37,1,1574,1663,NE
1172843.698,X_LEG_1,7.58,37.10,0.37,1,1574,1663,NE
1172843.719,X_LEG_1,7.58,37.10,0.37,1,1574,1663,NE
1172843.740,X_LEG_1,7.58,37.10,0.37,1,1574,1663,NE
1172843.760,X_LEG_1,7.58,37.10,0.37,1,1574,1663,NE
1172843.781,X_LEG_1,7.58,37.10,0.37,1,1574,1663,NE
1172843.802,X_LEG_1,7.66,37.07,0.38,1,1574,1663,NE
1172843.823,X_LEG_1,7.66,37.07,0.38,1,1574,1663,NE
1172843.843,X_LEG_1,7.66,37.07,0.38,1,1574,1663,NE
1172843.864,X_LEG_1,7.66,37.07,0.38,1,1574,1663,NE
1172843.884,X_LEG_1,7.66,37.07,0.38,1,1574,1663,NE
1172843.905,X_LEG_1,7.66,37.07,0.38,1,1574,1663,NE
1172843.925,X_LEG_1,7.66,37.07,0.38,1,1574,1663,NE
1172843.946,X_LEG_1,7.66,37.07,0.38,1,1574,1663,NE
1172843.966,X_LEG_1,7.66,37.07,0.38,1,1574,1663,NE
1172843.986,X_LEG_1,7.66,37.07,0.38,1,1574,1663,NE
1172844.007,X_LEG_1,7.79,37.03,0.39,1,1574,1662,NE
1172844.028,X_LEG_1,7.79,37.03,0.39,1,1574,1662,NE
1172844.048,X_LEG_1,7.79,37.03,0.39,1,1574,1662,NE
1172844.068,X_LEG_1,7.79,37.03,0.39,1,1574,1662,NE
1172844.089,X_LEG_1,7.79,37.03,0.39,1,1574,1662,NE
1172844.109,X_LEG_1,7.87,37.00,0.39,1,1574,1662,NE
1172844.130,X_LEG_1,7.87,37.00,0.39,1,1574,1662,NE
1172844.151,X_LEG_1,7.87,37.00,0.39,1,1574,1662,NE
1172844.171,X_LEG_1,7.87,37.00,0.39,1,1574,1662,NE
1172844.193,X_LEG_1,7.87,37.00,0.39,1,1574,1662,NE
1172844.213,X_LEG_1,7.99,36.96,0.39,1,1574,1662,NE
1172844.234,X_LEG_1,7.99,36.96,0.39,1,1574,1662,NE
1172844.254,X_LEG_1,7.99,36.96,0.39,1,1574,1662,NE
1172844.275,X_LEG_1,7.99,36.96,0.39,1,1574,1662,NE
1172844.295,X_LEG_1,7.99,36.96,0.39,1,1574,1662,NE
1172844.315,X_LEG_1,8.08,36.93,0.40,1,1574,1661,NE
1172844.337,X_LEG_1,8.08,36.93,0.40,1,1574,1661,NE
1172844.357,X_LEG_1,8.08,36.93,0.40,1,1574,1661,NE
1172844.377,X_LEG_1,8.08,36.93,0.40,1,1574,1661,NE
1172844.398,X_LEG_1,8.08,36.93,0.40,1,1574,1661,NE
1172844.420,X_LEG_1,8.16,36.89,0.42,1,1574,1661,NE
1172844.441,X_LEG_1,8.16,36.89,0.42,1,1574,1661,NE
1172844.462,X_LEG_1,8.16,36.89,0.42,1,1574,1661,NE
1172844.482,X_LEG_1,8.16,36.89,0.42,1,1574,1661,NE
1172844.503,X_LEG_1,8.16,36.89,0.42,1,1574,1661,NE
1172844.523,X_LEG_1,8.25,36.87,0.43,1,1574,1661,NE
1172844.544,X_LEG_1,8.25,36.87,0.43,1,1574,1661,NE
1172844.564,X_LEG_1,8.25,36.87,0.43,1,1574,1661,NE
1172844.585,X_LEG_1,8.25,36.87,0.43,1,1574,1661,NE
1172844.605,X_LEG_1,8.25,36.87,0.43,1,1574,1661,NE
1172844.626,X_LEG_1,8.33,36.83,0.42,1,1574,1661,NE
1172844.646,X_LEG_1,8.33,36.83,0.42,1,1574,1661,NE
1172844.667,X_LEG_1,8.33,36.83,0.42,1,1574,1661,NE
1172844.687,X_LEG_1,8.33,36.83,0.42,1,1574,1661,NE
1172844.708,X_LEG_1,8.33,36.83,0.42,1,1574,1661,NE
1172844.728,X_LEG_1,8.46,36.79,0.43,1,1574,1660,NE
1172844.748,X_LEG_1,8.46,36.79,0.43,1,1574,1660,NE
1172844.769,X_LEG_1,8.46,36.79,0.43,1,1574,1660,NE
1172844.789,X_LEG_1,8.46,36.79,0.43,1,1574,1660,NE
1172844.810,X_LEG_1,8.46,36.79,0.43,1,1574,1660,NE
1172844.832,X_LEG_1,8.54,36.77,0.44,1,1574,1660,NE
1172844.852,X_LEG_1,8.54,36.77,0.44,1,1574,1660,NE
1172844.873,X_LEG_1,8.54,36.77,0.44,1,1574,1660,NE
1172844.894,X_LEG_1,8.54,36.77,0.44,1,1574,1660,NE
1172844.914,X_LEG_1,8.54,36.77,0.44,1,1574,1660,NE
1172844.935,X_LEG_1,8.54,36.77,0.44,1,1574,1660,NE
1172844.959,X_LEG_1,8.54,36.77,0.44,1,1574,1660,NE
1172844.978,X_LEG_1,8.54,36.77,0.44,1,1574,1660,NE
1172844.998,X_LEG_1,8.54,36.77,0.44,1,1574,1660,NE
1172845.019,X_LEG_1,8.54,36.77,0.44,1,1574,1660,NE
1172845.039,X_LEG_1,8.67,36.72,0.44,1,1573,1659,NE
1172845.059,X_LEG_1,8.67,36.72,0.44,1,1573,1659,NE
1172845.086,X_LEG_1,8.67,36.72,0.44,1,1573,1659,NE
1172845.107,X_LEG_1,8.67,36.72,0.44,1,1573,1659,NE
1172845.128,X_LEG_1,8.67,36.72,0.44,1,1573,1659,NE
1172845.148,X_LEG_1,8.75,36.68,0.46,1,1573,1659,NE
1172845.170,X_LEG_1,8.75,36.68,0.46,1,1573,1659,NE
1172845.190,X_LEG_1,8.75,36.68,0.46,1,1573,1659,NE
1172845.210,X_LEG_1,8.75,36.68,0.46,1,1573,1659,NE
1172845.231,X_LEG_1,8.75,36.68,0.46,1,1573,1659,NE
1172845.252,X_LEG_1,8.83,36.66,0.47,1,1573,1659,NE
1172845.272,X_LEG_1,8.83,36.66,0.47,1,1573,1659,NE
1172845.293,X_LEG_1,8.83,36.66,0.47,1,1573,1659,NE
1172845.316,X_LEG_1,8.83,36.66,0.47,1,1573,1659,NE
1172845.337,X_LEG_1,8.83,36.66,0.47,1,1573,1659,NE
1172845.357,X_LEG_1,8.92,36.62,0.46,1,1573,1659,NE
1172845.378,X_LEG_1,8.92,36.62,0.46,1,1573,1659,NE
1172845.398,X_LEG_1,8.92,36.62,0.46,1,1573,1659,NE
1172845.419,X_LEG_1,8.92,36.62,0.46,1,1573,1659,NE
1172845.440,X_LEG_1,8.92,36.62,0.46,1,1573,1659,NE
1172845.461,X_LEG_1,8.92,36.62,0.46,1,1573,1659,NE
1172845.481,X_LEG_1,8.92,36.62,0.46,1,1573,1659,NE
1172845.503,X_LEG_1,8.92,36.62,0.46,1,1573,1659,NE
1172845.523,X_LEG_1,8.92,36.62,0.46,1,1573,1659,NE
1172845.544,X_LEG_1,8.92,36.62,0.46,1,1573,1659,NE
1172845.565,X_LEG_1,9.00,36.59,0.47,1,1573,1659,NE
1172845.585,X_LEG_1,9.00,36.59,0.47,1,1573,1659,NE
1172845.606,X_LEG_1,9.00,36.59,0.47,1,1573,1659,NE
1172845.626,X_LEG_1,9.00,36.59,0.47,1,1573,1659,NE
1172845.647,X_LEG_1,9.00,36.59,0.47,1,1573,1659,NE
1172845.667,X_LEG_1,9.09,36.57,0.48,1,1573,1658,NE
1172845.689,X_LEG_1,9.09,36.57,0.48,1,1573,1658,NE
1172845.709,X_LEG_1,9.09,36.57,0.48,1,1573,1658,NE
1172845.730,X_LEG_1,9.09,36.57,0.48,1,1573,1658,NE
1172845.750,X_LEG_1,9.09,36.57,0.48,1,1573,1658,NE
1172845.771,X_LEG_1,9.21,36.52,0.48,1,1573,1658,NE
1172845.791,X_LEG_1,9.21,36.52,0.48,1,1573,1658,NE
1172845.811,X_LEG_1,9.21,36.52,0.48,1,1573,1658,NE
1172845.832,X_LEG_1,9.21,36.52,0.48,1,1573,1658,NE
1172845.852,X_LEG_1,9.21,36.52,0.48,1,1573,1658,NE
1172845.873,X_LEG_1,9.21,36.52,0.48,1,1573,1658,NE
1172845.893,X_LEG_1,9.21,36.52,0.48,1,1573,1658,NE
1172845.914,X_LEG_1,9.21,36.52,0.48,1,1573,1658,NE
1172845.934,X_LEG_1,9.21,36.52,0.48,1,1573,1658,NE
1172845.955,X_LEG_1,9.21,36.52,0.48,1,1573,1658,NE
1172845.976,X_LEG_1,9.42,36.44,0.50,1,1573,1657,NE
1172845.996,X_LEG_1,9.42,36.44,0.50,1,1573,1657,NE
1172846.018,X_LEG_1,9.42,36.44,0.50,1,1573,1657,NE
1172846.038,X_LEG_1,9.42,36.44,0.50,1,1573,1657,NE
1172846.059,X_LEG_1,9.42,36.44,0.50,1,1573,1657,NE
1172846.082,X_LEG_1,9.42,36.44,0.50,1,1573,1657,NE
1172846.103,X_LEG_1,9.42,36.44,0.50,1,1573,1657,NE
1172846.123,X_LEG_1,9.42,36.44,0.50,1,1573,1657,NE
1172846.144,X_LEG_1,9.42,36.44,0.50,1,1573,1657,NE
1172846.164,X_LEG_1,9.42,36.44,0.50,1,1573,1657,NE
1172846.185,X_LEG_1,9.55,36.40,0.51,1,1573,1657,NE
1172846.206,X_LEG_1,9.55,36.40,0.51,1,1573,1657,NE
1172846.226,X_LEG_1,9.55,36.40,0.51,1,1573,1657,NE
1172846.247,X_LEG_1,9.55,36.40,0.51,1,1573,1657,NE
1172846.269,X_LEG_1,9.55,36.40,0.51,1,1573,1657,NE
1172846.289,X_LEG_1,9.63,36.36,0.50,1,1573,1657,NE
1172846.309,X_LEG_1,9.63,36.36,0.50,1,1573,1657,NE
1172846.330,X_LEG_1,9.63,36.36,0.50,1,1573,1657,NE
1172846.351,X_LEG_1,9.63,36.36,0.50,1,1573,1657,NE
1172846.371,X_LEG_1,9.63,36.36,0.50,1,1573,1657,NE
1172846.392,X_LEG_1,9.72,36.33,0.52,1,1573,1656,NE
1172846.412,X_LEG_1,9.72,36.33,0.52,1,1573,1656,NE
1172846.432,X_LEG_1,9.72,36.33,0.52,1,1573,1656,NE
1172846.453,X_LEG_1,9.72,36.33,0.52,1,1573,1656,NE
1172846.474,X_LEG_1,9.72,36.33,0.52,1,1573,1656,NE
1172846.494,X_LEG_1,9.80,36.29,0.52,1,1573,1656,NE
1172846.515,X_LEG_1,9.80,36.29,0.52,1,1573,1656,NE
1172846.537,X_LEG_1,9.80,36.29,0.52,1,1573,1656,NE
1172846.557,X_LEG_1,9.80,36.29,0.52,1,1573,1656,NE
1172846.578,X_LEG_1,9.80,36.29,0.52,1,1573,1656,NE
1172846.599,X_LEG_1,9.88,36.27,0.53,1,1573,1656,NE
1172846.619,X_LEG_1,9.88,36.27,0.53,1,1573,1656,NE
1172846.639,X_LEG_1,9.88,36.27,0.53,1,1573,1656,NE
1172846.660,X_LEG_1,9.88,36.27,0.53,1,1573,1656,NE
1172846.681,X_LEG_1,9.88,36.27,0.53,1,1573,1656,NE
1172846.701,X_LEG_1,9.97,36.24,0.53,1,1572,1656,NE
1172846.721,X_LEG_1,9.97,36.24,0.53,1,1572,1656,NE
1172846.742,X_LEG_1,9.97,36.24,0.53,1,1572,1656,NE
1172846.762,X_LEG_1,9.97,36.24,0.53,1,1572,1656,NE
1172846.782,X_LEG_1,9.97,36.24,0.53,1,1572,1656,NE
1172846.803,X_LEG_1,10.05,36.20,0.54,1,1572,1655,NE
1172846.823,X_LEG_1,10.05,36.20,0.54,1,1572,1655,NE
1172846.844,X_LEG_1,10.05,36.20,0.54,1,1572,1655,NE
1172846.864,X_LEG_1,10.05,36.20,0.54,1,1572,1655,NE
1172846.885,X_LEG_1,10.05,36.20,0.54,1,1572,1655,NE
1172846.905,X_LEG_1,10.13,36.17,0.55,1,1572,1655,NE
1172846.926,X_LEG_1,10.13,36.17,0.55,1,1572,1655,NE
1172846.946,X_LEG_1,10.13,36.17,0.55,1,1572,1655,NE
1172846.967,X_LEG_1,10.13,36.17,0.55,1,1572,1655,NE
1172846.989,X_LEG_1,10.13,36.17,0.55,1,1572,1655,NE
1172847.010,X_LEG_1,10.22,36.14,0.55,1,1572,1655,NE
1172847.030,X_LEG_1,10.22,36.14,0.55,1,1572,1655,NE
1172847.052,X_LEG_1,10.22,36.14,0.55,1,1572,1655,NE
1172847.075,X_LEG_1,10.22,36.14,0.55,1,1572,1655,NE
1172847.094,X_LEG_1,10.22,36.14,0.55,1,1572,1655,NE
1172847.115,X_LEG_1,10.30,36.11,0.55,1,1572,1655,NE
1172847.135,X_LEG_1,10.30,36.11,0.55,1,1572,1655,NE
1172847.157,X_LEG_1,10.30,36.11,0.55,1,1572,1655,NE
1172847.182,X_LEG_1,10.30,36.11,0.55,1,1572,1655,NE
1172847.203,X_LEG_1,10.30,36.11,0.55,1,1572,1655,NE
1172847.225,X_LEG_1,10.30,36.11,0.55,1,1572,1655,NE
1172847.245,X_LEG_1,10.30,36.11,0.55,1,1572,1655,NE
1172847.265,X_LEG_1,10.30,36.11,0.55,1,1572,1655,NE
1172847.287,X_LEG_1,10.30,36.11,0.55,1,1572,1655,NE
1172847.307,X_LEG_1,10.30,36.11,0.55,1,1572,1655,NE
1172847.336,X_LEG_1,10.38,36.08,0.55,1,1572,1654,NE
1172847.357,X_LEG_1,10.38,36.08,0.55,1,1572,1654,NE
1172847.377,X_LEG_1,10.38,36.08,0.55,1,1572,1654,NE
1172847.398,X_LEG_1,10.38,36.08,0.55,1,1572,1654,NE
1172847.418,X_LEG_1,10.38,36.08,0.55,1,1572,1654,NE
1172847.438,X_LEG_1,10.47,36.04,0.57,1,1572,1654,NE
1172847.459,X_LEG_1,10.47,36.04,0.57,1,1572,1654,NE
1172847.480,X_LEG_1,10.47,36.04,0.57,1,1572,1654,NE
1172847.501,X_LEG_1,10.47,36.04,0.57,1,1572,1654,NE
1172847.523,X_LEG_1,10.47,36.04,0.57,1,1572,1654,NE
1172847.543,X_LEG_1,10.47,36.04,0.57,1,1572,1654,NE
1172847.563,X_LEG_1,10.47,36.04,0.57,1,1572,1654,NE
1172847.585,X_LEG_1,10.47,36.04,0.57,1,1572,1654,NE
1172847.606,X_LEG_1,10.47,36.04,0.57,1,1572,1654,NE
1172847.626,X_LEG_1,10.47,36.04,0.57,1,1572,1654,NE
1172847.649,X_LEG_1,10.55,36.01,0.57,1,1572,1654,NE
1172847.669,X_LEG_1,10.55,36.01,0.57,1,1572,1654,NE
1172847.690,X_LEG_1,10.55,36.01,0.57,1,1572,1654,NE
1172847.710,X_LEG_1,10.55,36.01,0.57,1,1572,1654,NE
1172847.731,X_LEG_1,10.55,36.01,0.57,1,1572,1654,NE
1172847.751,X_LEG_1,10.63,35.98,0.57,1,1572,1654,NE
1172847.772,X_LEG_1,10.63,35.98,0.57,1,1572,1654,NE
1172847.793,X_LEG_1,10.63,35.98,0.57,1,1572,1654,NE
1172847.813,X_LEG_1,10.63,35.98,0.57,1,1572,1654,NE
1172847.835,X_LEG_1,10.63,35.98,0.57,1,1572,1654,NE
1172847.855,X_LEG_1,10.71,35.95,0.57,1,1572,1653,NE
1172847.876,X_LEG_1,10.71,35.95,0.57,1,1572,1653,NE
1172847.897,X_LEG_1,10.71,35.95,0.57,1,1572,1653,NE
1172847.917,X_LEG_1,10.71,35.95,0.57,1,1572,1653,NE
1172847.938,X_LEG_1,10.71,35.95,0.57,1,1572,1653,NE
1172847.960,X_LEG_1,10.80,35.91,0.59,1,1572,1653,NE
1172847.981,X_LEG_1,10.80,35.91,0.59,1,1572,1653,NE
1172848.002,X_LEG_1,10.80,35.91,0.59,1,1572,1653,NE
1172848.022,X_LEG_1,10.80,35.91,0.59,1,1572,1653,NE
1172848.043,X_LEG_1,10.80,35.91,0.59,1,1572,1653,NE
1172848.064,X_LEG_1,10.88,35.88,0.59,1,1572,1653,NE
1172848.085,X_LEG_1,10.88,35.88,0.59,1,1572,1653,NE
1172848.105,X_LEG_1,10.88,35.88,0.59,1,1572,1653,NE
1172848.126,X_LEG_1,10.88,35.88,0.59,1,1572,1653,NE
1172848.146,X_LEG_1,10.88,35.88,0.59,1,1572,1653,NE
1172848.168,X_LEG_1,10.96,35.85,0.60,1,1572,1653,NE
1172848.189,X_LEG_1,10.96,35.85,0.60,1,1572,1653,NE
1172848.209,X_LEG_1,10.96,35.85,0.60,1,1572,1653,NE
1172848.229,X_LEG_1,10.96,35.85,0.60,1,1572,1653,NE
1172848.250,X_LEG_1,10.96,35.85,0.60,1,1572,1653,NE
1172848.270,X_LEG_1,11.04,35.82,0.59,1,1572,1652,NE
1172848.290,X_LEG_1,11.04,35.82,0.59,1,1572,1652,NE
1172848.311,X_LEG_1,11.04,35.82,0.59,1,1572,1652,NE
1172848.331,X_LEG_1,11.04,35.82,0.59,1,1572,1652,NE
1172848.352,X_LEG_1,11.04,35.82,0.59,1,1572,1652,NE
1172848.372,X_LEG_1,11.12,35.78,0.61,1,1572,1652,NE
1172848.393,X_LEG_1,11.12,35.78,0.61,1,1572,1652,NE
1172848.415,X_LEG_1,11.12,35.78,0.61,1,1572,1652,NE
1172848.435,X_LEG_1,11.12,35.78,0.61,1,1572,1652,NE
1172848.456,X_LEG_1,11.12,35.78,0.61,1,1572,1652,NE
1172848.476,X_LEG_1,11.20,35.75,0.61,1,1571,1652,NE
1172848.497,X_LEG_1,11.20,35.75,0.61,1,1571,1652,NE
1172848.517,X_LEG_1,11.20,35.75,0.61,1,1571,1652,NE
1172848.538,X_LEG_1,11.20,35.75,0.61,1,1571,1652,NE
1172848.558,X_LEG_1,11.20,35.75,0.61,1,1571,1652,NE
1172848.579,X_LEG_1,11.29,35.72,0.62,1,1571,1652,NE
1172848.601,X_LEG_1,11.29,35.72,0.62,1,1571,1652,NE
1172848.622,X_LEG_1,11.29,35.72,0.62,1,1571,1652,NE
1172848.642,X_LEG_1,11.29,35.72,0.62,1,1571,1652,NE
1172848.666,X_LEG_1,11.29,35.72,0.62,1,1571,1652,NE
1172848.687,X_LEG_1,11.37,35.68,0.63,1,1571,1651,NE
1172848.708,X_LEG_1,11.37,35.68,0.63,1,1571,1651,NE
1172848.728,X_LEG_1,11.37,35.68,0.63,1,1571,1651,NE
1172848.749,X_LEG_1,11.37,35.68,0.63,1,1571,1651,NE
1172848.769,X_LEG_1,11.37,35.68,0.63,1,1571,1651,NE
1172848.791,X_LEG_1,11.49,35.63,0.63,1,1571,1651,NE
1172848.811,X_LEG_1,11.49,35.63,0.63,1,1571,1651,NE
1172848.831,X_LEG_1,11.49,35.63,0.63,1,1571,1651,NE
1172848.852,X_LEG_1,11.49,35.63,0.63,1,1571,1651,NE
1172848.872,X_LEG_1,11.49,35.63,0.63,1,1571,1651,NE
1172848.894,X_LEG_1,11.57,35.60,0.63,1,1571,1651,NE
1172848.914,X_LEG_1,11.57,35.60,0.63,1,1571,1651,NE
1172848.934,X_LEG_1,11.57,35.60,0.63,1,1571,1651,NE
1172848.955,X_LEG_1,11.57,35.60,0.63,1,1571,1651,NE
1172848.977,X_LEG_1,11.57,35.60,0.63,1,1571,1651,NE
1172848.997,X_LEG_1,11.57,35.60,0.63,1,1571,1651,NE
1172849.018,X_LEG_1,11.57,35.60,0.63,1,1571,1651,NE
1172849.038,X_LEG_1,11.57,35.60,0.63,1,1571,1651,NE
1172849.059,X_LEG_1,11.57,35.60,0.63,1,1571,1651,NE
1172849.080,X_LEG_1,11.57,35.60,0.63,1,1571,1651,NE
1172849.102,X_LEG_1,11.69,35.55,0.65,1,1571,1650,NE
1172849.122,X_LEG_1,11.69,35.55,0.65,1,1571,1650,NE
1172849.143,X_LEG_1,11.69,35.55,0.65,1,1571,1650,NE
1172849.167,X_LEG_1,11.69,35.55,0.65,1,1571,1650,NE
1172849.188,X_LEG_1,11.69,35.55,0.65,1,1571,1650,NE
1172849.208,X_LEG_1,11.81,35.50,0.65,1,1571,1650,NE
1172849.228,X_LEG_1,11.81,35.50,0.65,1,1571,1650,NE
1172849.249,X_LEG_1,11.81,35.50,0.65,1,1571,1650,NE
1172849.269,X_LEG_1,11.81,35.50,0.65,1,1571,1650,NE
1172849.290,X_LEG_1,11.81,35.50,0.65,1,1571,1650,NE
1172849.311,X_LEG_1,11.81,35.50,0.65,1,1571,1650,NE
1172849.331,X_LEG_1,11.81,35.50,0.65,1,1571,1650,NE
1172849.353,X_LEG_1,11.81,35.50,0.65,1,1571,1650,NE
1172849.374,X_LEG_1,11.81,35.50,0.65,1,1571,1650,NE
1172849.394,X_LEG_1,11.81,35.50,0.65,1,1571,1650,NE
1172849.415,X_LEG_1,11.89,35.47,0.65,1,1571,1650,NE
1172849.435,X_LEG_1,11.89,35.47,0.65,1,1571,1650,NE
1172849.456,X_LEG_1,11.89,35.47,0.65,1,1571,1650,NE
1172849.478,X_LEG_1,11.89,35.47,0.65,1,1571,1650,NE
1172849.499,X_LEG_1,11.89,35.47,0.65,1,1571,1650,NE
1172849.519,X_LEG_1,11.96,35.43,0.67,1,1571,1650,NE
1172849.539,X_LEG_1,11.96,35.43,0.67,1,1571,1650,NE
1172849.560,X_LEG_1,11.96,35.43,0.67,1,1571,1650,NE
1172849.580,X_LEG_1,11.96,35.43,0.67,1,1571,1650,NE
1172849.602,X_LEG_1,11.96,35.43,0.67,1,1571,1650,NE
1172849.623,X_LEG_1,11.96,35.43,0.67,1,1571,1650,NE
1172849.643,X_LEG_1,11.96,35.43,0.67,1,1571,1650,NE
1172849.664,X_LEG_1,11.96,35.43,0.67,1,1571,1650,NE
1172849.684,X_LEG_1,11.96,35.43,0.67,1,1571,1650,NE
1172849.705,X_LEG_1,11.96,35.43,0.67,1,1571,1650,NE
1172849.726,X_LEG_1,12.08,35.39,0.67,1,1571,1649,NE
1172849.746,X_LEG_1,12.08,35.39,0.67,1,1571,1649,NE
1172849.766,X_LEG_1,12.08,35.39,0.67,1,1571,1649,NE
1172849.788,X_LEG_1,12.08,35.39,0.67,1,1571,1649,NE
1172849.808,X_LEG_1,12.08,35.39,0.67,1,1571,1649,NE
1172849.829,X_LEG_1,12.20,35.34,0.67,1,1571,1649,NE
1172849.851,X_LEG_1,12.20,35.34,0.67,1,1571,1649,NE
1172849.872,X_LEG_1,12.20,35.34,0.67,1,1571,1649,NE
1172849.892,X_LEG_1,12.20,35.34,0.67,1,1571,1649,NE
1172849.913,X_LEG_1,12.20,35.34,0.67,1,1571,1649,NE
1172849.937,X_LEG_1,12.28,35.30,0.68,1,1571,1649,NE
1172849.958,X_LEG_1,12.28,35.30,0.68,1,1571,1649,NE
1172849.978,X_LEG_1,12.28,35.30,0.68,1,1571,1649,NE
1172849.999,X_LEG_1,12.28,35.30,0.68,1,1571,1649,NE
1172850.019,X_LEG_1,12.28,35.30,0.68,1,1571,1649,NE
1172850.040,X_LEG_1,12.35,35.27,0.68,1,1571,1648,NE
1172850.061,X_LEG_1,12.35,35.27,0.68,1,1571,1648,NE
1172850.087,X_LEG_1,12.35,35.27,0.68,1,1571,1648,NE
1172850.107,X_LEG_1,12.35,35.27,0.68,1,1571,1648,NE
1172850.128,X_LEG_1,12.35,35.27,0.68,1,1571,1648,NE
1172850.148,X_LEG_1,12.43,35.24,0.68,1,1570,1648,NE
1172850.168,X_LEG_1,12.43,35.24,0.68,1,1570,1648,NE
1172850.189,X_LEG_1,12.43,35.24,0.68,1,1570,1648,NE
1172850.209,X_LEG_1,12.43,35.24,0.68,1,1570,1648,NE
1172850.231,X_LEG_1,12.43,35.24,0.68,1,1570,1648,NE
1172850.255,X_LEG_1,12.43,35.24,0.68,1,1570,1648,NE
1172850.275,X_LEG_1,12.43,35.24,0.68,1,1570,1648,NE
1172850.296,X_LEG_1,12.43,35.24,0.68,1,1570,1648,NE
1172850.316,X_LEG_1,12.43,35.24,0.68,1,1570,1648,NE
1172850.337,X_LEG_1,12.43,35.24,0.68,1,1570,1648,NE
1172850.358,X_LEG_1,12.51,35.20,0.70,1,1570,1648,NE
1172850.378,X_LEG_1,12.51,35.20,0.70,1,1570,1648,NE
1172850.398,X_LEG_1,12.51,35.20,0.70,1,1570,1648,NE
1172850.419,X_LEG_1,12.51,35.20,0.70,1,1570,1648,NE
1172850.441,X_LEG_1,12.51,35.20,0.70,1,1570,1648,NE
1172850.461,X_LEG_1,12.58,35.17,0.70,1,1570,1648,NE
1172850.482,X_LEG_1,12.58,35.17,0.70,1,1570,1648,NE
1172850.503,X_LEG_1,12.58,35.17,0.70,1,1570,1648,NE
1172850.525,X_LEG_1,12.58,35.17,0.70,1,1570,1648,NE
1172850.545,X_LEG_1,12.58,35.17,0.70,1,1570,1648,NE
1172850.569,X_LEG_1,12.66,35.14,0.70,1,1570,1648,NE
1172850.589,X_LEG_1,12.66,35.14,0.70,1,1570,1648,NE
1172850.612,X_LEG_1,12.66,35.14,0.70,1,1570,1648,NE
1172850.633,X_LEG_1,12.66,35.14,0.70,1,1570,1648,NE
1172850.654,X_LEG_1,12.66,35.14,0.70,1,1570,1648,NE
1172850.676,X_LEG_1,12.74,35.11,0.70,1,1570,1647,NE
1172850.697,X_LEG_1,12.74,35.11,0.70,1,1570,1647,NE
1172850.719,X_LEG_1,12.74,35.11,0.70,1,1570,1647,NE
1172850.740,X_LEG_1,12.74,35.11,0.70,1,1570,1647,NE
1172850.761,X_LEG_1,12.74,35.11,0.70,1,1570,1647,NE
1172850.792,X_LEG_1,12.74,35.11,0.70,1,1570,1647,NE
1172850.819,X_LEG_1,12.74,35.11,0.70,1,1570,1647,NE
1172850.842,X_LEG_1,12.74,35.11,0.70,1,1570,1647,NE
1172850.863,X_LEG_1,12.74,35.11,0.70,1,1570,1647,NE
1172850.885,X_LEG_1,12.74,35.11,0.70,1,1570,1647,NE
1172850.909,X_LEG_1,12.74,35.11,0.70,1,1570,1647,NE
1172850.930,X_LEG_1,12.74,35.11,0.70,1,1570,1647,NE
1172850.953,X_LEG_1,12.74,35.11,0.70,1,1570,1647,NE
1172850.974,X_LEG_1,12.74,35.11,0.70,1,1570,1647,NE
1172850.999,X_LEG_1,12.85,35.05,0.72,1,1570,1647,NE
1172851.019,X_LEG_1,12.85,35.05,0.72,1,1570,1647,NE
1172851.042,X_LEG_1,12.85,35.05,0.72,1,1570,1647,NE
1172851.065,X_LEG_1,12.85,35.05,0.72,1,1570,1647,NE
1172851.085,X_LEG_1,12.85,35.05,0.72,1,1570,1647,NE
1172851.105,X_LEG_1,12.85,35.05,0.72,1,1570,1647,NE
1172851.126,X_LEG_1,12.85,35.05,0.72,1,1570,1647,NE
1172851.146,X_LEG_1,12.85,35.05,0.72,1,1570,1647,NE
1172851.167,X_LEG_1,12.85,35.05,0.72,1,1570,1647,NE
1172851.188,X_LEG_1,12.85,35.05,0.72,1,1570,1647,NE
1172851.208,X_LEG_1,12.92,35.02,0.72,1,1570,1647,NE
1172851.229,X_LEG_1,12.92,35.02,0.72,1,1570,1647,NE
1172851.250,X_LEG_1,12.92,35.02,0.72,1,1570,1647,NE
1172851.270,X_LEG_1,12.92,35.02,0.72,1,1570,1647,NE
1172851.291,X_LEG_1,12.92,35.02,0.72,1,1570,1647,NE
1172851.312,X_LEG_1,13.00,34.99,0.72,1,1570,1647,NE
1172851.333,X_LEG_1,13.00,34.99,0.72,1,1570,1647,NE
1172851.353,X_LEG_1,13.00,34.99,0.72,1,1570,1647,NE
1172851.374,X_LEG_1,13.00,34.99,0.72,1,1570,1647,NE
1172851.394,X_LEG_1,13.00,34.99,0.72,1,1570,1647,NE
1172851.415,X_LEG_1,13.07,34.95,0.73,1,1570,1646,NE
1172851.435,X_LEG_1,13.07,34.95,0.73,1,1570,1646,NE
1172851.456,X_LEG_1,13.07,34.95,0.73,1,1570,1646,NE
1172851.476,X_LEG_1,13.07,34.95,0.73,1,1570,1646,NE
1172851.496,X_LEG_1,13.07,34.95,0.73,1,1570,1646,NE
1172851.516,X_LEG_1,13.15,34.92,0.73,1,1570,1646,NE
1172851.537,X_LEG_1,13.15,34.92,0.73,1,1570,1646,NE
1172851.558,X_LEG_1,13.15,34.92,0.73,1,1570,1646,NE
1172851.578,X_LEG_1,13.15,34.92,0.73,1,1570,1646,NE
1172851.598,X_LEG_1,13.15,34.92,0.73,1,1570,1646,NE
1172851.619,X_LEG_1,13.22,34.89,0.74,1,1570,1646,NE
1172851.639,X_LEG_1,13.22,34.89,0.74,1,1570,1646,NE
1172851.660,X_LEG_1,13.22,34.89,0.74,1,1570,1646,NE
1172851.681,X_LEG_1,13.22,34.89,0.74,1,1570,1646,NE
1172851.701,X_LEG_1,13.22,34.89,0.74,1,1570,1646,NE
1172851.722,X_LEG_1,13.29,34.85,-0.25,1,1570,1646,NE
1172851.742,X_LEG_1,13.29,34.85,-0.25,1,1570,1646,NE
1172851.764,X_LEG_1,13.29,34.85,-0.25,1,1570,1646,NE
1172851.784,X_LEG_1,13.29,34.85,-0.25,1,1570,1646,NE
1172851.804,X_LEG_1,13.29,34.85,-0.25,1,1570,1646,NE
1172851.824,X_LEG_1,13.37,34.81,-0.25,1,1570,1645,NE
1172851.845,X_LEG_1,13.37,34.81,-0.25,1,1570,1645,NE
1172851.865,X_LEG_1,13.37,34.81,-0.25,1,1570,1645,NE
1172851.886,X_LEG_1,13.37,34.81,-0.25,1,1570,1645,NE
1172851.906,X_LEG_1,13.37,34.81,-0.25,1,1570,1645,NE
1172851.927,X_LEG_1,13.44,34.81,-0.25,1,1570,1645,NE
1172851.947,X_LEG_1,13.44,34.81,-0.25,1,1570,1645,NE
1172851.968,X_LEG_1,13.44,34.81,-0.25,1,1570,1645,NE
1172851.988,X_LEG_1,13.44,34.81,-0.25,1,1570,1645,NE
1172852.008,X_LEG_1,13.44,34.81,-0.25,1,1570,1645,NE
1172852.030,X_LEG_1,13.44,34.79,-0.25,1,1570,1645,NE
1172852.051,X_LEG_1,13.44,34.79,-0.25,1,1570,1645,NE
1172852.072,X_LEG_1,13.44,34.79,-0.25,1,1570,1645,NE
1172852.092,X_LEG_1,13.44,34.79,-0.25,1,1570,1645,NE
1172852.112,X_LEG_1,13.44,34.79,-0.25,1,1570,1645,NE
1172852.133,X_LEG_1,13.55,34.73,-0.23,1,1569,1645,NE
1172852.157,X_LEG_1,13.55,34.73,-0.23,1,1569,1645,NE
1172852.177,X_LEG_1,13.55,34.73,-0.23,1,1569,1645,NE
1172852.198,X_LEG_1,13.55,34.73,-0.23,1,1569,1645,NE
1172852.219,X_LEG_1,13.55,34.73,-0.23,1,1569,1645,NE
1172852.240,X_LEG_1,13.62,34.70,-0.24,1,1569,1645,NE
1172852.262,X_LEG_1,13.62,34.70,-0.24,1,1569,1645,NE
1172852.282,X_LEG_1,13.62,34.70,-0.24,1,1569,1645,NE
1172852.305,X_LEG_1,13.62,34.70,-0.24,1,1569,1645,NE
1172852.323,X_LEG_1,13.62,34.70,-0.24,1,1569,1645,NE
1172852.344,X_LEG_1,13.69,34.67,-0.24,1,1569,1644,NE
1172852.364,X_LEG_1,13.69,34.67,-0.24,1,1569,1644,NE
1172852.386,X_LEG_1,13.69,34.67,-0.24,1,1569,1644,NE
1172852.406,X_LEG_1,13.69,34.67,-0.24,1,1569,1644,NE
1172852.427,X_LEG_1,13.69,34.67,-0.24,1,1569,1644,NE
1172852.448,X_LEG_1,13.76,34.64,-0.23,1,1569,1644,NE
1172852.468,X_LEG_1,13.76,34.64,-0.23,1,1569,1644,NE
1172852.489,X_LEG_1,13.76,34.64,-0.23,1,1569,1644,NE
1172852.512,X_LEG_1,13.76,34.64,-0.23,1,1569,1644,NE
1172852.533,X_LEG_1,13.76,34.64,-0.23,1,1569,1644,NE
1172852.553,X_LEG_1,13.83,34.60,-0.22,1,1569,1644,NE
1172852.573,X_LEG_1,13.83,34.60,-0.22,1,1569,1644,NE
1172852.594,X_LEG_1,13.83,34.60,-0.22,1,1569,1644,NE
1172852.615,X_LEG_1,13.83,34.60,-0.22,1,1569,1644,NE
1172852.636,X_LEG_1,13.83,34.60,-0.22,1,1569,1644,NE
1172852.657,X_LEG_1,13.83,34.60,-0.22,1,1569,1644,NE
1172852.677,X_LEG_1,13.83,34.60,-0.22,1,1569,1644,NE
1172852.697,X_LEG_1,13.83,34.60,-0.22,1,1569,1644,NE
1172852.718,X_LEG_1,13.83,34.60,-0.22,1,1569,1644,NE
1172852.739,X_LEG_1,13.83,34.60,-0.22,1,1569,1644,NE
1172852.759,X_LEG_1,13.93,34.55,-0.22,1,1569,1644,NE
1172852.779,X_LEG_1,13.93,34.55,-0.22,1,1569,1644,NE
1172852.802,X_LEG_1,13.93,34.55,-0.22,1,1569,1644,NE
1172852.823,X_LEG_1,13.93,34.55,-0.22,1,1569,1644,NE
1172852.844,X_LEG_1,13.93,34.55,-0.22,1,1569,1644,NE
1172852.865,X_LEG_1,14.00,34.52,-0.22,1,1569,1644,NE
1172852.885,X_LEG_1,14.00,34.52,-0.22,1,1569,1644,NE
1172852.905,X_LEG_1,14.00,34.52,-0.22,1,1569,1644,NE
1172852.925,X_LEG_1,14.00,34.52,-0.22,1,1569,1644,NE
1172852.947,X_LEG_1,14.00,34.52,-0.22,1,1569,1644,NE
1172852.967,X_LEG_1,14.07,34.48,-0.20,1,1569,1643,NE
1172852.988,X_LEG_1,14.07,34.48,-0.20,1,1569,1643,NE
1172853.009,X_LEG_1,14.07,34.48,-0.20,1,1569,1643,NE
1172853.031,X_LEG_1,14.07,34.48,-0.20,1,1569,1643,NE
1172853.051,X_LEG_1,14.07,34.48,-0.20,1,1569,1643,NE
1172853.074,X_LEG_1,14.14,34.45,-0.20,1,1569,1643,NE
1172853.094,X_LEG_1,14.14,34.45,-0.20,1,1569,1643,NE
1172853.115,X_LEG_1,14.14,34.45,-0.20,1,1569,1643,NE
1172853.137,X_LEG_1,14.14,34.45,-0.20,1,1569,1643,NE
1172853.157,X_LEG_1,14.14,34.45,-0.20,1,1569,1643,NE
1172853.177,X_LEG_1,14.20,34.41,-0.21,1,1569,1643,NE
1172853.197,X_LEG_1,14.20,34.41,-0.21,1,1569,1643,NE
1172853.218,X_LEG_1,14.20,34.41,-0.21,1,1569,1643,NE
1172853.239,X_LEG_1,14.20,34.41,-0.21,1,1569,1643,NE
1172853.260,X_LEG_1,14.20,34.41,-0.21,1,1569,1643,NE
1172853.281,X_LEG_1,14.27,34.38,-0.19,1,1569,1643,NE
1172853.303,X_LEG_1,14.27,34.38,-0.19,1,1569,1643,NE
1172853.322,X_LEG_1,14.27,34.38,-0.19,1,1569,1643,NE
1172853.343,X_LEG_1,14.27,34.38,-0.19,1,1569,1643,NE
1172853.363,X_LEG_1,14.27,34.38,-0.19,1,1569,1643,NE
1172853.383,X_LEG_1,14.34,34.35,-0.19,1,1569,1642,NE
1172853.404,X_LEG_1,14.34,34.35,-0.19,1,1569,1642,NE
1172853.425,X_LEG_1,14.34,34.35,-0.19,1,1569,1642,NE
1172853.446,X_LEG_1,14.34,34.35,-0.19,1,1569,1642,NE
1172853.467,X_LEG_1,14.34,34.35,-0.19,1,1569,1642,NE
1172853.488,X_LEG_1,14.40,34.31,-0.19,1,1569,1642,NE
1172853.508,X_LEG_1,14.40,34.31,-0.19,1,1569,1642,NE
1172853.529,X_LEG_1,14.40,34.31,-0.19,1,1569,1642,NE
1172853.549,X_LEG_1,14.40,34.31,-0.19,1,1569,1642,NE
1172853.570,X_LEG_1,14.40,34.31,-0.19,1,1569,1642,NE
1172853.590,X_LEG_1,14.50,34.26,-0.18,1,1569,1642,NE
1172853.611,X_LEG_1,14.50,34.26,-0.18,1,1569,1642,NE
1172853.632,X_LEG_1,14.50,34.26,-0.18,1,1569,1642,NE
1172853.652,X_LEG_1,14.50,34.26,-0.18,1,1569,1642,NE
1172853.674,X_LEG_1,14.50,34.26,-0.18,1,1569,1642,NE
1172853.696,X_LEG_1,14.50,34.26,-0.18,1,1569,1642,NE
1172853.716,X_LEG_1,14.50,34.26,-0.18,1,1569,1642,NE
1172853.737,X_LEG_1,14.50,34.26,-0.18,1,1569,1642,NE
1172853.757,X_LEG_1,14.50,34.26,-0.18,1,1569,1642,NE
1172853.778,X_LEG_1,14.50,34.26,-0.18,1,1569,1642,NE
1172853.798,X_LEG_1,14.57,34.23,-0.17,1,1568,1642,NE
1172853.819,X_LEG_1,14.57,34.23,-0.17,1,1568,1642,NE
1172853.839,X_LEG_1,14.57,34.23,-0.17,1,1568,1642,NE
1172853.860,X_LEG_1,14.57,34.23,-0.17,1,1568,1642,NE
1172853.880,X_LEG_1,14.57,34.23,-0.17,1,1568,1642,NE
1172853.901,X_LEG_1,14.63,34.20,-0.17,1,1568,1642,NE
1172853.921,X_LEG_1,14.63,34.20,-0.17,1,1568,1642,NE
1172853.943,X_LEG_1,14.63,34.20,-0.17,1,1568,1642,NE
1172853.964,X_LEG_1,14.63,34.20,-0.17,1,1568,1642,NE
1172853.984,X_LEG_1,14.63,34.20,-0.17,1,1568,1642,NE
1172854.005,X_LEG_1,14.69,34.16,-0.17,1,1568,1641,NE
1172854.025,X_LEG_1,14.69,34.16,-0.17,1,1568,1641,NE
1172854.046,X_LEG_1,14.69,34.16,-0.17,1,1568,1641,NE
1172854.067,X_LEG_1,14.69,34.16,-0.17,1,1568,1641,NE
1172854.088,X_LEG_1,14.69,34.16,-0.17,1,1568,1641,NE
1172854.109,X_LEG_1,14.79,34.11,-0.16,1,1568,1641,NE
1172854.130,X_LEG_1,14.79,34.11,-0.16,1,1568,1641,NE
1172854.151,X_LEG_1,14.79,34.11,-0.16,1,1568,1641,NE
1172854.171,X_LEG_1,14.79,34.11,-0.16,1,1568,1641,NE
1172854.191,X_LEG_1,14.79,34.11,-0.16,1,1568,1641,NE
1172854.212,X_LEG_1,14.79,34.11,-0.16,1,1568,1641,NE
1172854.232,X_LEG_1,14.79,34.11,-0.16,1,1568,1641,NE
1172854.253,X_LEG_1,14.79,34.11,-0.16,1,1568,1641,NE
1172854.273,X_LEG_1,14.79,34.11,-0.16,1,1568,1641,NE
1172854.295,X_LEG_1,14.79,34.11,-0.16,1,1568,1641,NE
1172854.315,X_LEG_1,14.88,34.06,-0.16,1,1568,1641,NE
1172854.336,X_LEG_1,14.88,34.06,-0.16,1,1568,1641,NE
1172854.356,X_LEG_1,14.88,34.06,-0.16,1,1568,1641,NE
1172854.377,X_LEG_1,14.88,34.06,-0.16,1,1568,1641,NE
1172854.397,X_LEG_1,14.88,34.06,-0.16,1,1568,1641,NE
1172854.418,X_LEG_1,14.98,34.01,-0.14,1,1568,1641,NE
1172854.438,X_LEG_1,14.98,34.01,-0.14,1,1568,1641,NE
1172854.460,X_LEG_1,14.98,34.01,-0.14,1,1568,1641,NE
1172854.481,X_LEG_1,14.98,34.01,-0.14,1,1568,1641,NE
1172854.501,X_LEG_1,14.98,34.01,-0.14,1,1568,1641,NE
1172854.523,X_LEG_1,14.98,34.01,-0.14,1,1568,1641,NE
1172854.543,X_LEG_1,14.98,34.01,-0.14,1,1568,1641,NE
1172854.564,X_LEG_1,14.98,34.01,-0.14,1,1568,1641,NE
1172854.584,X_LEG_1,14.98,34.01,-0.14,1,1568,1641,NE
1172854.604,X_LEG_1,14.98,34.01,-0.14,1,1568,1641,NE
1172854.625,X_LEG_1,15.07,33.96,-0.14,1,1568,1641,NE
1172854.645,X_LEG_1,15.07,33.96,-0.14,1,1568,1641,NE
1172854.666,X_LEG_1,15.07,33.96,-0.14,1,1568,1641,NE
1172854.686,X_LEG_1,15.07,33.96,-0.14,1,1568,1641,NE
1172854.707,X_LEG_1,15.07,33.96,-0.14,1,1568,1641,NE
1172854.727,X_LEG_1,15.07,33.93,-0.15,1,1568,1641,NE
1172854.748,X_LEG_1,15.13,33.93,-0.15,1,1568,1641,NE
1172854.768,X_LEG_1,15.13,33.93,-0.15,1,1568,1641,NE
1172854.789,X_LEG_1,15.13,33.93,-0.15,1,1568,1641,NE
1172854.810,X_LEG_1,15.13,33.93,-0.15,1,1568,1641,NE
1172854.830,X_LEG_1,15.19,33.89,-0.12,1,1568,1641,NE
1172854.851,X_LEG_1,15.19,33.89,-0.12,1,1568,1641,NE
1172854.871,X_LEG_1,15.19,33.89,-0.12,1,1568,1641,NE
1172854.892,X_LEG_1,15.19,33.89,-0.12,1,1568,1641,NE
1172854.914,X_LEG_1,15.19,33.89,-0.12,1,1568,1641,NE
1172854.934,X_LEG_1,15.27,33.84,-0.12,1,1568,1641,NE
1172854.955,X_LEG_1,15.27,33.84,-0.12,1,1568,1641,NE
1172854.975,X_LEG_1,15.27,33.84,-0.12,1,1568,1641,NE
1172854.996,X_LEG_1,15.27,33.84,-0.12,1,1568,1641,NE
1172855.016,X_LEG_1,15.27,33.84,-0.12,1,1568,1641,NE
1172855.036,X_LEG_1,15.27,33.84,-0.12,1,1568,1641,NE
1172855.057,X_LEG_1,15.27,33.84,-0.12,1,1568,1641,NE
1172855.078,X_LEG_1,15.27,33.84,-0.12,1,1568,1641,NE
1172855.098,X_LEG_1,15.27,33.84,-0.12,1,1568,1641,NE
1172855.121,X_LEG_1,15.27,33.84,-0.12,1,1568,1641,NE
1172855.142,X_LEG_1,15.27,33.84,-0.12,1,1568,1641,NE
1172855.162,X_LEG_1,15.27,33.84,-0.12,1,1568,1641,NE
1172855.182,X_LEG_1,15.27,33.84,-0.12,1,1568,1641,NE
1172855.203,X_LEG_1,15.27,33.84,-0.12,1,1568,1641,NE
1172855.223,X_LEG_1,15.27,33.84,-0.12,1,1568,1641,NE
1172855.244,X_LEG_1,15.42,33.75,0.89,1,1568,1640,NE
1172855.265,X_LEG_1,15.42,33.75,0.89,1,1568,1640,NE
1172855.285,X_LEG_1,15.42,33.75,0.89,1,1568,1640,NE
1172855.308,X_LEG_1,15.42,33.75,0.89,1,1568,1640,NE
1172855.328,X_LEG_1,15.42,33.75,0.89,1,1568,1640,NE
1172855.348,X_LEG_1,15.42,33.75,0.89,1,1568,1640,NE
1172855.370,X_LEG_1,15.42,33.75,0.89,1,1568,1640,NE
1172855.390,X_LEG_1,15.42,33.75,0.89,1,1568,1640,NE
1172855.411,X_LEG_1,15.42,33.75,0.89,1,1568,1640,NE
1172855.432,X_LEG_1,15.42,33.75,0.89,1,1568,1640,NE
1172855.452,X_LEG_1,15.48,33.72,0.89,1,1567,1640,NE
1172855.473,X_LEG_1,15.48,33.72,0.89,1,1567,1640,NE
1172855.496,X_LEG_1,15.48,33.72,0.89,1,1567,1640,NE
1172855.516,X_LEG_1,15.48,33.72,0.89,1,1567,1640,NE
1172855.536,X_LEG_1,15.48,33.72,0.89,1,1567,1640,NE
1172855.558,X_LEG_1,15.53,33.69,0.88,1,1567,1640,NE
1172855.579,X_LEG_1,15.53,33.69,0.88,1,1567,1640,NE
1172855.600,X_LEG_1,15.53,33.69,0.88,1,1567,1640,NE
1172855.620,X_LEG_1,15.53,33.69,0.88,1,1567,1640,NE
1172855.640,X_LEG_1,15.53,33.69,0.88,1,1567,1640,NE
1172855.660,X_LEG_1,15.59,33.65,0.90,1,1567,1640,NE
1172855.682,X_LEG_1,15.59,33.65,0.90,1,1567,1640,NE
1172855.702,X_LEG_1,15.59,33.65,0.90,1,1567,1640,NE
1172855.723,X_LEG_1,15.59,33.65,0.90,1,1567,1640,NE
1172855.744,X_LEG_1,15.59,33.65,0.90,1,1567,1640,NE
1172855.765,X_LEG_1,15.65,33.62,0.90,1,1567,1640,NE
1172855.785,X_LEG_1,15.65,33.62,0.90,1,1567,1640,NE
1172855.806,X_LEG_1,15.65,33.62,0.90,1,1567,1640,NE
1172855.826,X_LEG_1,15.65,33.62,0.90,1,1567,1640,NE
1172855.846,X_LEG_1,15.65,33.62,0.90,1,1567,1640,NE
1172855.867,X_LEG_1,15.73,33.57,0.90,1,1567,1639,NE
1172855.887,X_LEG_1,15.73,33.57,0.90,1,1567,1639,NE
1172855.908,X_LEG_1,15.73,33.57,0.90,1,1567,1639,NE
1172855.929,X_LEG_1,15.73,33.57,0.90,1,1567,1639,NE
1172855.950,X_LEG_1,15.73,33.57,0.90,1,1567,1639,NE
1172855.970,X_LEG_1,15.73,33.57,0.90,1,1567,1639,NE
1172855.991,X_LEG_1,15.73,33.57,0.90,1,1567,1639,NE
1172856.012,X_LEG_1,15.73,33.57,0.90,1,1567,1639,NE
1172856.033,X_LEG_1,15.73,33.57,0.90,1,1567,1639,NE
1172856.054,X_LEG_1,15.73,33.57,0.90,1,1567,1639,NE
1172856.075,X_LEG_1,15.81,33.52,-0.08,1,1567,1639,NE
1172856.096,X_LEG_1,15.81,33.52,-0.08,1,1567,1639,NE
1172856.117,X_LEG_1,15.81,33.52,-0.08,1,1567,1639,NE
1172856.138,X_LEG_1,15.81,33.52,-0.08,1,1567,1639,NE
1172856.158,X_LEG_1,15.81,33.52,-0.08,1,1567,1639,NE
1172856.179,X_LEG_1,15.89,33.47,-0.08,1,1567,1639,NE
1172856.199,X_LEG_1,15.89,33.47,-0.08,1,1567,1639,NE
1172856.219,X_LEG_1,15.89,33.47,-0.08,1,1567,1639,NE
1172856.240,X_LEG_1,15.89,33.47,-0.08,1,1567,1639,NE
1172856.261,X_LEG_1,15.89,33.47,-0.08,1,1567,1639,NE
1172856.281,X_LEG_1,15.89,33.47,-0.08,1,1567,1639,NE
1172856.302,X_LEG_1,15.89,33.47,-0.08,1,1567,1639,NE
1172856.322,X_LEG_1,15.89,33.47,-0.08,1,1567,1639,NE
1172856.344,X_LEG_1,15.89,33.47,-0.08,1,1567,1639,NE
1172856.364,X_LEG_1,15.89,33.47,-0.08,1,1567,1639,NE
1172856.385,X_LEG_1,15.97,33.42,-0.08,1,1567,1639,NE
1172856.405,X_LEG_1,15.97,33.42,-0.08,1,1567,1639,NE
1172856.426,X_LEG_1,15.97,33.42,-0.08,1,1567,1639,NE
1172856.446,X_LEG_1,15.97,33.42,-0.08,1,1567,1639,NE
1172856.470,X_LEG_1,15.97,33.42,-0.08,1,1567,1639,NE
1172856.490,X_LEG_1,16.04,33.37,-0.06,1,1567,1638,NE
1172856.511,X_LEG_1,16.04,33.37,-0.06,1,1567,1638,NE
1172856.531,X_LEG_1,16.04,33.37,-0.06,1,1567,1638,NE
1172856.551,X_LEG_1,16.04,33.37,-0.06,1,1567,1638,NE
1172856.572,X_LEG_1,16.04,33.37,-0.06,1,1567,1638,NE
1172856.593,X_LEG_1,16.09,33.33,-0.07,1,1567,1638,NE
1172856.613,X_LEG_1,16.09,33.33,-0.07,1,1567,1638,NE
1172856.634,X_LEG_1,16.09,33.33,-0.07,1,1567,1638,NE
1172856.657,X_LEG_1,16.09,33.33,-0.07,1,1567,1638,NE
1172856.677,X_LEG_1,16.09,33.33,-0.07,1,1567,1638,NE
1172856.698,X_LEG_1,16.09,33.33,-0.07,1,1567,1638,NE
1172856.718,X_LEG_1,16.09,33.33,-0.07,1,1567,1638,NE
1172856.739,X_LEG_1,16.09,33.33,-0.07,1,1567,1638,NE
1172856.759,X_LEG_1,16.09,33.33,-0.07,1,1567,1638,NE
1172856.780,X_LEG_1,16.09,33.33,-0.07,1,1567,1638,NE
1172856.800,X_LEG_1,16.17,33.29,-0.07,1,1567,1638,NE
1172856.821,X_LEG_1,16.17,33.29,-0.07,1,1567,1638,NE
1172856.843,X_LEG_1,16.17,33.29,-0.07,1,1567,1638,NE
1172856.862,X_LEG_1,16.17,33.29,-0.07,1,1567,1638,NE
1172856.883,X_LEG_1,16.17,33.29,-0.07,1,1567,1638,NE
1172856.905,X_LEG_1,16.24,33.23,-0.05,1,1566,1638,NE
1172856.925,X_LEG_1,16.24,33.23,-0.05,1,1566,1638,NE
1172856.946,X_LEG_1,16.24,33.23,-0.05,1,1566,1638,NE
1172856.966,X_LEG_1,16.24,33.23,-0.05,1,1566,1638,NE
1172856.987,X_LEG_1,16.24,33.23,-0.05,1,1566,1638,NE
1172857.007,X_LEG_1,16.29,33.20,-0.05,1,1566,1638,NE
1172857.028,X_LEG_1,16.29,33.20,-0.05,1,1566,1638,NE
1172857.050,X_LEG_1,16.29,33.20,-0.05,1,1566,1638,NE
1172857.071,X_LEG_1,16.29,33.20,-0.05,1,1566,1638,NE
1172857.092,X_LEG_1,16.29,33.20,-0.05,1,1566,1638,NE
1172857.112,X_LEG_1,16.34,33.17,-0.05,1,1566,1637,NE
1172857.133,X_LEG_1,16.34,33.17,-0.05,1,1566,1637,NE
1172857.156,X_LEG_1,16.34,33.17,-0.05,1,1566,1637,NE
1172857.175,X_LEG_1,16.34,33.17,-0.05,1,1566,1637,NE
1172857.195,X_LEG_1,16.34,33.17,-0.05,1,1566,1637,NE
1172857.220,X_LEG_1,16.38,33.13,-0.03,1,1566,1637,NE
1172857.241,X_LEG_1,16.38,33.13,-0.03,1,1566,1637,NE
1172857.263,X_LEG_1,16.38,33.13,-0.03,1,1566,1637,NE
1172857.285,X_LEG_1,16.38,33.13,-0.03,1,1566,1637,NE
1172857.305,X_LEG_1,16.38,33.13,-0.03,1,1566,1637,NE
1172857.349,X_LEG_1,16.38,33.13,-0.03,1,1566,1637,NE
1172857.371,X_LEG_1,16.38,33.13,-0.03,1,1566,1637,NE
1172857.396,X_LEG_1,16.38,33.13,-0.03,1,1566,1637,NE
1172857.429,X_LEG_1,16.38,33.13,-0.03,1,1566,1637,NE
1172857.451,X_LEG_1,16.43,33.10,-0.04,1,1566,1637,NE
1172857.476,X_LEG_1,16.43,33.10,-0.04,1,1566,1637,NE
1172857.498,X_LEG_1,16.43,33.10,-0.04,1,1566,1637,NE
1172857.519,X_LEG_1,16.43,33.10,-0.04,1,1566,1637,NE
1172857.540,X_LEG_1,16.43,33.10,-0.04,1,1566,1637,NE
1172857.563,X_LEG_1,16.43,33.10,-0.04,1,1566,1637,NE
1172857.583,X_LEG_1,16.43,33.10,-0.04,1,1566,1637,NE
1172857.605,X_LEG_1,16.43,33.10,-0.04,1,1566,1637,NE
1172857.625,X_LEG_1,16.43,33.10,-0.04,1,1566,1637,NE
1172857.646,X_LEG_1,16.47,33.06,-0.04,1,1566,1637,NE
1172857.668,X_LEG_1,16.47,33.06,-0.04,1,1566,1637,NE
1172857.689,X_LEG_1,16.47,33.06,-0.04,1,1566,1637,NE
1172857.709,X_LEG_1,16.47,33.06,-0.04,1,1566,1637,NE
1172857.735,X_LEG_1,16.47,33.06,-0.04,1,1566,1637,NE
1172857.755,X_LEG_1,16.52,33.04,-0.03,1,1566,1637,NE
1172857.775,X_LEG_1,16.52,33.04,-0.03,1,1566,1637,NE
1172857.799,X_LEG_1,16.52,33.04,-0.03,1,1566,1637,NE
1172857.820,X_LEG_1,16.52,33.04,-0.03,1,1566,1637,NE
1172857.842,X_LEG_1,16.52,33.04,-0.03,1,1566,1637,NE
1172857.862,X_LEG_1,16.56,33.00,-0.03,1,1566,1637,NE
1172857.883,X_LEG_1,16.56,33.00,-0.03,1,1566,1637,NE
1172857.906,X_LEG_1,16.56,33.00,-0.03,1,1566,1637,NE
1172857.926,X_LEG_1,16.56,33.00,-0.03,1,1566,1637,NE
1172857.950,X_LEG_1,16.56,33.00,-0.03,1,1566,1637,NE
1172857.970,X_LEG_1,16.61,32.96,-0.02,1,1566,1637,NE
1172857.991,X_LEG_1,16.61,32.96,-0.02,1,1566,1637,NE
1172858.016,X_LEG_1,16.61,32.96,-0.02,1,1566,1637,NE
1172858.037,X_LEG_1,16.61,32.96,-0.02,1,1566,1637,NE
1172858.058,X_LEG_1,16.61,32.96,-0.02,1,1566,1637,NE
1172858.078,X_LEG_1,16.61,32.96,-0.02,1,1566,1637,NE
1172858.099,X_LEG_1,16.61,32.96,-0.02,1,1566,1637,NE
1172858.121,X_LEG_1,16.61,32.96,-0.02,1,1566,1637,NE
1172858.141,X_LEG_1,16.61,32.96,-0.02,1,1566,1637,NE
1172858.161,X_LEG_1,16.61,32.96,-0.02,1,1566,1637,NE
1172858.182,X_LEG_1,16.65,32.93,-0.02,1,1566,1637,NE
1172858.202,X_LEG_1,16.65,32.93,-0.02,1,1566,1637,NE
1172858.222,X_LEG_1,16.65,32.93,-0.02,1,1566,1637,NE
1172858.244,X_LEG_1,16.65,32.93,-0.02,1,1566,1637,NE
1172858.265,X_LEG_1,16.65,32.93,-0.02,1,1566,1637,NE
1172858.286,X_LEG_1,16.65,32.93,-0.02,1,1566,1637,NE
1172858.306,X_LEG_1,16.65,32.93,-0.02,1,1566,1637,NE
1172858.327,X_LEG_1,16.65,32.93,-0.02,1,1566,1637,NE
1172858.347,X_LEG_1,16.65,32.93,-0.02,1,1566,1637,NE
1172858.368,X_LEG_1,16.65,32.93,-0.02,1,1566,1637,NE
1172858.388,X_LEG_1,16.69,32.90,-0.02,1,1566,1636,NE
1172858.409,X_LEG_1,16.69,32.90,-0.02,1,1566,1636,NE
1172858.429,X_LEG_1,16.69,32.90,-0.02,1,1566,1636,NE
1172858.451,X_LEG_1,16.69,32.90,-0.02,1,1566,1636,NE
1172858.472,X_LEG_1,16.69,32.90,-0.02,1,1566,1636,NE
1172858.492,X_LEG_1,16.73,32.87,-0.02,1,1566,1636,NE
1172858.513,X_LEG_1,16.73,32.87,-0.02,1,1566,1636,NE
1172858.533,X_LEG_1,16.73,32.87,-0.02,1,1566,1636,NE
1172858.554,X_LEG_1,16.73,32.87,-0.02,1,1566,1636,NE
1172858.575,X_LEG_1,16.73,32.87,-0.02,1,1566,1636,NE
1172858.596,X_LEG_1,16.77,32.83,-0.01,1,1566,1636,NE
1172858.618,X_LEG_1,16.77,32.83,-0.01,1,1566,1636,NE
1172858.639,X_LEG_1,16.77,32.83,-0.01,1,1566,1636,NE
1172858.661,X_LEG_1,16.77,32.83,-0.01,1,1566,1636,NE
1172858.683,X_LEG_1,16.77,32.83,-0.01,1,1566,1636,NE
1172858.703,X_LEG_1,16.85,32.76,-0.00,1,1566,1636,NE
1172858.724,X_LEG_1,16.85,32.76,-0.00,1,1566,1636,NE
1172858.746,X_LEG_1,16.85,32.76,-0.00,1,1566,1636,NE
1172858.765,X_LEG_1,16.85,32.76,-0.00,1,1566,1636,NE
1172858.785,X_LEG_1,16.85,32.76,-0.00,1,1566,1636,NE
1172858.810,X_LEG_1,16.85,32.76,-0.00,1,1566,1636,NE
1172858.832,X_LEG_1,16.85,32.76,-0.00,1,1566,1636,NE
1172858.855,X_LEG_1,16.85,32.76,-0.00,1,1566,1636,NE
1172858.876,X_LEG_1,16.85,32.76,-0.00,1,1566,1636,NE
1172858.896,X_LEG_1,16.85,32.76,-0.00,1,1566,1636,NE
1172858.919,X_LEG_1,16.89,32.73,-0.00,1,1565,1636,NE
1172858.940,X_LEG_1,16.89,32.73,-0.00,1,1565,1636,NE
1172858.960,X_LEG_1,16.89,32.73,-0.00,1,1565,1636,NE
1172858.981,X_LEG_1,16.89,32.73,-0.00,1,1565,1636,NE
1172859.001,X_LEG_1,16.89,32.73,-0.00,1,1565,1636,NE
1172859.022,X_LEG_1,16.97,32.66,0.01,1,1565,1636,NE
1172859.043,X_LEG_1,16.97,32.66,0.01,1,1565,1636,NE
1172859.063,X_LEG_1,16.97,32.66,0.01,1,1565,1636,NE
1172859.084,X_LEG_1,16.97,32.66,0.01,1,1565,1636,NE
1172859.105,X_LEG_1,16.97,32.66,0.01,1,1565,1636,NE
1172859.126,X_LEG_1,16.97,32.66,0.01,1,1565,1636,NE
1172859.146,X_LEG_1,16.97,32.66,0.01,1,1565,1636,NE
1172859.169,X_LEG_1,16.97,32.66,0.01,1,1565,1636,NE
1172859.191,X_LEG_1,16.97,32.66,0.01,1,1565,1636,NE
1172859.211,X_LEG_1,16.97,32.66,0.01,1,1565,1636,NE
1172859.233,X_LEG_1,16.97,32.66,0.01,1,1565,1636,NE
1172859.255,X_LEG_1,16.97,32.66,0.01,1,1565,1636,NE
1172859.278,X_LEG_1,16.97,32.66,0.01,1,1565,1636,NE
1172859.298,X_LEG_1,16.97,32.66,0.01,1,1565,1636,NE
1172859.319,X_LEG_1,16.97,32.66,0.01,1,1565,1636,NE
1172859.342,X_LEG_1,17.00,32.63,0.01,1,1565,1635,NE
1172859.362,X_LEG_1,17.00,32.63,0.01,1,1565,1635,NE
1172859.383,X_LEG_1,17.00,32.63,0.01,1,1565,1635,NE
1172859.406,X_LEG_1,17.00,32.63,0.01,1,1565,1635,NE
1172859.428,X_LEG_1,17.00,32.63,0.01,1,1565,1635,NE
1172859.453,X_LEG_1,17.04,32.60,0.02,1,1565,1635,NE
1172859.475,X_LEG_1,17.04,32.60,0.02,1,1565,1635,NE
1172859.498,X_LEG_1,17.04,32.60,0.02,1,1565,1635,NE
1172859.519,X_LEG_1,17.04,32.60,0.02,1,1565,1635,NE
1172859.539,X_LEG_1,17.04,32.60,0.02,1,1565,1635,NE
1172859.561,X_LEG_1,17.04,32.57,0.02,1,1565,1635,NE
1172859.582,X_LEG_1,17.07,32.57,0.02,1,1565,1635,NE
1172859.605,X_LEG_1,17.07,32.57,0.02,1,1565,1635,NE
1172859.625,X_LEG_1,17.07,32.57,0.02,1,1565,1635,NE
1172859.646,X_LEG_1,17.07,32.57,0.02,1,1565,1635,NE
1172859.666,X_LEG_1,17.11,32.53,0.02,1,1565,1635,NE
1172859.687,X_LEG_1,17.11,32.53,0.02,1,1565,1635,NE
1172859.707,X_LEG_1,17.11,32.53,0.02,1,1565,1635,NE
1172859.727,X_LEG_1,17.11,32.53,0.02,1,1565,1635,NE
1172859.753,X_LEG_1,17.11,32.53,0.02,1,1565,1635,NE
1172859.774,X_LEG_1,17.11,32.53,0.02,1,1565,1635,NE
1172859.794,X_LEG_1,17.11,32.53,0.02,1,1565,1635,NE
1172859.815,X_LEG_1,17.11,32.53,0.02,1,1565,1635,NE
1172859.838,X_LEG_1,17.11,32.53,0.02,1,1565,1635,NE
1172859.860,X_LEG_1,17.11,32.53,0.02,1,1565,1635,NE
1172859.880,X_LEG_1,17.14,32.50,0.04,1,1565,1635,NE
1172859.902,X_LEG_1,17.14,32.50,0.04,1,1565,1635,NE
1172859.922,X_LEG_2,17.14,44.45,102.24,0,1500,1635,SE
1172859.943,X_LEG_2,17.14,44.45,102.24,0,1500,1635,SE
1172859.964,X_LEG_2,17.14,44.45,102.24,0,1500,1635,SE
1172859.985,X_LEG_2,17.18,44.45,102.29,0,1500,1635,SE
1172860.006,X_LEG_2,17.18,44.45,102.29,0,1500,1635,SE
1172860.028,X_LEG_2,17.18,44.45,102.29,0,1500,1635,SE
1172860.048,X_LEG_2,17.18,44.45,102.29,0,1500,1635,SE
1172860.070,X_LEG_2,17.18,44.45,102.29,0,1500,1635,SE
1172860.090,X_LEG_2,17.21,44.46,102.33,0,1500,1635,SE
1172860.111,X_LEG_2,17.21,44.46,102.33,0,1500,1635,SE
1172860.131,X_LEG_2,17.21,44.46,102.33,0,1500,1635,SE
1172860.154,X_LEG_2,17.21,44.46,102.33,0,1500,1635,SE
1172860.176,X_LEG_2,17.21,44.46,102.33,0,1500,1635,SE
1172860.196,X_LEG_2,17.24,44.47,102.37,0,1500,1635,SE
1172860.218,X_LEG_2,17.24,44.47,102.37,0,1500,1635,SE
1172860.238,X_LEG_2,17.24,44.47,102.37,0,1500,1635,SE
1172860.258,X_LEG_2,17.24,44.47,102.37,0,1500,1635,SE
1172860.279,X_LEG_2,17.24,44.47,102.37,0,1500,1635,SE
1172860.300,X_LEG_2,17.27,44.48,101.41,0,1500,1635,SE
1172860.321,X_LEG_2,17.27,44.48,101.41,0,1500,1635,SE
1172860.342,X_LEG_2,17.27,44.48,101.41,0,1500,1635,SE
1172860.362,X_LEG_2,17.27,44.48,101.41,0,1500,1635,SE
1172860.384,X_LEG_2,17.27,44.48,101.41,0,1500,1635,SE
1172860.405,X_LEG_2,17.31,44.48,101.45,0,1500,1635,SE
1172860.425,X_LEG_2,17.31,44.48,101.45,0,1500,1635,SE
1172860.446,X_LEG_2,17.31,44.48,101.45,0,1500,1635,SE
1172860.466,X_LEG_2,17.31,44.48,101.45,0,1500,1635,SE
1172860.487,X_LEG_2,17.31,44.48,101.45,0,1500,1635,SE
1172860.507,X_LEG_2,17.34,44.50,101.50,0,1500,1634,SE
1172860.530,X_LEG_2,17.34,44.50,101.50,0,1500,1634,SE
1172860.550,X_LEG_2,17.34,44.50,101.50,0,1500,1634,SE
1172860.572,X_LEG_2,17.34,44.50,101.50,0,1500,1634,SE
1172860.593,X_LEG_2,17.34,44.50,101.50,0,1500,1634,SE
1172860.613,X_LEG_2,17.38,44.51,101.53,0,1500,1634,SE
1172860.637,X_LEG_2,17.38,44.51,101.53,0,1500,1634,SE
1172860.658,X_LEG_2,17.38,44.51,101.53,0,1500,1634,SE
1172860.683,X_LEG_2,17.38,44.51,101.53,0,1500,1634,SE
1172860.703,X_LEG_2,17.38,44.51,101.53,0,1500,1634,SE
1172860.724,X_LEG_2,17.38,44.51,101.53,0,1500,1634,SE
1172860.746,X_LEG_2,17.38,44.51,101.53,0,1500,1634,SE
1172860.767,X_LEG_2,17.38,44.51,101.53,0,1500,1634,SE
1172860.802,X_LEG_2,17.38,44.51,101.53,0,1500,1634,SE
1172860.827,X_LEG_2,17.38,44.51,101.53,0,1500,1634,SE
1172860.850,X_LEG_2,17.42,44.51,101.57,0,1500,1634,SE
1172860.872,X_LEG_2,17.42,44.51,101.57,0,1500,1634,SE
1172860.896,X_LEG_2,17.42,44.51,101.57,0,1500,1634,SE
1172860.916,X_LEG_2,17.42,44.51,101.57,0,1500,1634,SE
1172860.938,X_LEG_2,17.42,44.51,101.57,0,1500,1634,SE
1172860.959,X_LEG_2,17.46,44.52,101.62,0,1500,1634,SE
1172860.980,X_LEG_2,17.46,44.52,101.62,0,1500,1634,SE
1172861.001,X_LEG_2,17.46,44.52,101.62,0,1500,1634,SE
1172861.022,X_LEG_2,17.46,44.52,101.62,0,1500,1634,SE
1172861.043,X_LEG_2,17.46,44.52,101.62,0,1500,1634,SE
1172861.067,X_LEG_2,17.49,44.53,72.65,0,1500,1634,SE
1172861.088,X_LEG_2,17.49,44.53,72.65,0,1500,1634,SE
1172861.109,X_LEG_2,17.49,44.53,72.65,0,1500,1634,SE
1172861.129,X_LEG_2,17.49,44.53,72.65,0,1500,1634,SE
1172861.150,X_LEG_2,17.49,44.53,72.65,0,1500,1634,SE
1172861.170,X_LEG_2,17.53,44.54,72.69,0,1500,1634,SE
1172861.192,X_LEG_2,17.53,44.54,72.69,0,1500,1634,SE
1172861.212,X_LEG_2,17.53,44.54,72.69,0,1500,1634,SE
1172861.234,X_LEG_2,17.53,44.54,72.69,0,1500,1634,SE
1172861.253,X_LEG_2,17.53,44.54,72.69,0,1500,1634,SE
1172861.273,X_LEG_2,17.57,44.56,72.73,0,1500,1634,SE
1172861.293,X_LEG_2,17.57,44.56,72.73,0,1500,1634,SE
1172861.314,X_LEG_2,17.57,44.56,72.73,0,1500,1634,SE
1172861.335,X_LEG_2,17.57,44.56,72.73,0,1500,1634,SE
1172861.356,X_LEG_2,17.57,44.56,72.73,0,1500,1634,SE
1172861.376,X_LEG_2,17.61,44.56,72.77,0,1500,1634,SE
1172861.396,X_LEG_2,17.61,44.56,72.77,0,1500,1634,SE
1172861.416,X_LEG_2,17.61,44.56,72.77,0,1500,1634,SE
1172861.437,X_LEG_2,17.61,44.56,72.77,0,1500,1634,SE
1172861.457,X_LEG_2,17.61,44.56,72.77,0,1500,1634,SE
1172861.478,X_LEG_2,17.61,44.56,72.77,0,1500,1634,SE
1172861.498,X_LEG_2,17.61,44.56,72.77,0,1500,1634,SE
1172861.519,X_LEG_2,17.61,44.56,72.77,0,1500,1634,SE
1172861.539,X_LEG_2,17.61,44.56,72.77,0,1500,1634,SE
1172861.560,X_LEG_2,17.61,44.56,72.77,0,1500,1634,SE
1172861.582,X_LEG_2,17.67,44.58,72.82,0,1500,1633,SE
1172861.602,X_LEG_2,17.67,44.58,72.82,0,1500,1633,SE
1172861.623,X_LEG_2,17.67,44.58,72.82,0,1500,1633,SE
1172861.646,X_LEG_2,17.67,44.58,72.82,0,1500,1633,SE
1172861.667,X_LEG_2,17.67,44.58,72.82,0,1500,1633,SE
1172861.687,X_LEG_2,17.71,44.58,56.87,0,1500,1633,SE
1172861.708,X_LEG_2,17.71,44.58,56.87,0,1500,1633,SE
1172861.729,X_LEG_2,17.71,44.58,56.87,0,1500,1633,SE
1172861.749,X_LEG_2,17.71,44.58,56.87,0,1500,1633,SE
1172861.770,X_LEG_2,17.71,44.58,56.87,0,1500,1633,SE
1172861.790,X_LEG_2,17.77,44.59,56.93,0,1500,1633,SE
1172861.811,X_LEG_2,17.77,44.59,56.93,0,1500,1633,SE
1172861.833,X_LEG_2,17.77,44.59,56.93,0,1500,1633,SE
1172861.853,X_LEG_2,17.77,44.59,56.93,0,1500,1633,SE
1172861.874,X_LEG_2,17.77,44.59,56.93,0,1500,1633,SE
1172861.894,X_LEG_2,17.81,44.60,56.96,0,1500,1633,SE
1172861.915,X_LEG_2,17.81,44.60,56.96,0,1500,1633,SE
1172861.935,X_LEG_2,17.81,44.60,56.96,0,1500,1633,SE
1172861.957,X_LEG_2,17.81,44.60,56.96,0,1500,1633,SE
1172861.977,X_LEG_2,17.81,44.60,56.96,0,1500,1633,SE
1172861.998,X_LEG_2,17.85,44.62,56.99,0,1500,1633,SE
1172862.021,X_LEG_2,17.85,44.62,56.99,0,1500,1633,SE
1172862.040,X_LEG_2,17.85,44.62,56.99,0,1500,1633,SE
1172862.061,X_LEG_2,17.85,44.62,56.99,0,1500,1633,SE
1172862.081,X_LEG_2,17.85,44.62,56.99,0,1500,1633,SE
1172862.102,X_LEG_2,17.85,44.62,56.99,0,1500,1633,SE
1172862.122,X_LEG_2,17.85,44.62,56.99,0,1500,1633,SE
1172862.142,X_LEG_2,17.85,44.62,56.99,0,1500,1633,SE
1172862.163,X_LEG_2,17.85,44.62,56.99,0,1500,1633,SE
1172862.183,X_LEG_2,17.85,44.62,56.99,0,1500,1633,SE
1172862.204,X_LEG_2,17.91,44.63,57.05,0,1500,1633,SE
1172862.224,X_LEG_2,17.91,44.63,57.05,0,1500,1633,SE
1172862.245,X_LEG_2,17.91,44.63,57.05,0,1500,1633,SE
1172862.265,X_LEG_2,17.91,44.63,57.05,0,1500,1633,SE
1172862.286,X_LEG_2,17.91,44.63,57.05,0,1500,1633,SE
1172862.306,X_LEG_2,17.95,44.64,57.08,0,1500,1633,SE
1172862.326,X_LEG_2,17.95,44.64,57.08,0,1500,1633,SE
1172862.348,X_LEG_2,17.95,44.64,57.08,0,1500,1633,SE
1172862.368,X_LEG_2,17.95,44.64,57.08,0,1500,1633,SE
1172862.390,X_LEG_2,17.95,44.64,57.08,0,1500,1633,SE
1172862.410,X_LEG_2,18.00,44.65,23.14,1,1589,1632,SE
1172862.431,X_LEG_2,18.00,44.65,23.14,1,1589,1632,SE
1172862.451,X_LEG_2,18.00,44.65,23.14,1,1589,1632,SE
1172862.472,X_LEG_2,18.00,44.65,23.14,1,1589,1632,SE
1172862.493,X_LEG_2,18.00,44.65,23.14,1,1589,1632,SE
1172862.513,X_LEG_2,18.06,44.66,23.19,1,1589,1632,SE
1172862.534,X_LEG_2,18.06,44.66,23.19,1,1589,1632,SE
1172862.555,X_LEG_2,18.06,44.66,23.19,1,1589,1632,SE
1172862.575,X_LEG_2,18.06,44.66,23.19,1,1589,1632,SE
1172862.596,X_LEG_2,18.06,44.66,23.19,1,1589,1632,SE
1172862.616,X_LEG_2,18.06,44.66,23.19,1,1589,1632,SE
1172862.637,X_LEG_2,18.06,44.66,23.19,1,1589,1632,SE
1172862.658,X_LEG_2,18.06,44.66,23.19,1,1589,1632,SE
1172862.678,X_LEG_2,18.06,44.66,23.19,1,1589,1632,SE
1172862.699,X_LEG_2,18.06,44.66,23.19,1,1589,1632,SE
1172862.721,X_LEG_2,18.06,44.66,23.19,1,1589,1632,SE
1172862.742,X_LEG_2,18.06,44.66,23.19,1,1589,1632,SE
1172862.762,X_LEG_2,18.06,44.66,23.19,1,1589,1632,SE
1172862.784,X_LEG_2,18.06,44.66,23.19,1,1589,1632,SE
1172862.804,X_LEG_2,18.06,44.66,23.19,1,1589,1632,SE
1172862.825,X_LEG_2,18.15,44.69,23.28,1,1589,1632,SE
1172862.845,X_LEG_2,18.15,44.69,23.28,1,1589,1632,SE
1172862.866,X_LEG_2,18.15,44.69,23.28,1,1589,1632,SE
1172862.886,X_LEG_2,18.15,44.69,23.28,1,1589,1632,SE
1172862.907,X_LEG_2,18.15,44.69,23.28,1,1589,1632,SE
1172862.927,X_LEG_2,18.15,44.70,23.34,1,1589,1632,SE
1172862.948,X_LEG_2,18.20,44.70,23.34,1,1589,1632,SE
1172862.969,X_LEG_2,18.20,44.70,23.34,1,1589,1632,SE
1172862.989,X_LEG_2,18.20,44.70,23.34,1,1589,1632,SE
1172863.009,X_LEG_2,18.20,44.70,23.34,1,1589,1632,SE
1172863.030,X_LEG_2,18.23,44.71,13.37,1,1589,1632,SE
1172863.052,X_LEG_2,18.23,44.71,13.37,1,1589,1632,SE
1172863.073,X_LEG_2,18.23,44.71,13.37,1,1589,1632,SE
1172863.093,X_LEG_2,18.23,44.71,13.37,1,1589,1632,SE
1172863.114,X_LEG_2,18.23,44.71,13.37,1,1589,1632,SE
1172863.134,X_LEG_2,18.27,44.71,13.41,1,1589,1632,SE
1172863.155,X_LEG_2,18.27,44.71,13.41,1,1589,1632,SE
1172863.176,X_LEG_2,18.27,44.71,13.41,1,1589,1632,SE
1172863.196,X_LEG_2,18.27,44.71,13.41,1,1589,1632,SE
1172863.217,X_LEG_2,18.27,44.71,13.41,1,1589,1632,SE
1172863.237,X_LEG_2,18.30,44.72,13.44,1,1589,1632,SE
1172863.258,X_LEG_2,18.30,44.72,13.44,1,1589,1632,SE
1172863.278,X_LEG_2,18.30,44.72,13.44,1,1589,1632,SE
1172863.299,X_LEG_2,18.30,44.72,13.44,1,1589,1632,SE
1172863.319,X_LEG_2,18.30,44.72,13.44,1,1589,1632,SE
1172863.340,X_LEG_2,18.33,44.73,13.48,1,1589,1632,SE
1172863.360,X_LEG_2,18.33,44.73,13.48,1,1589,1632,SE
1172863.380,X_LEG_2,18.33,44.73,13.48,1,1589,1632,SE
1172863.401,X_LEG_2,18.33,44.73,13.48,1,1589,1632,SE
1172863.421,X_LEG_2,18.33,44.73,13.48,1,1589,1632,SE
1172863.442,X_LEG_2,18.33,44.73,13.48,1,1589,1632,SE
1172863.462,X_LEG_2,18.33,44.73,13.48,1,1589,1632,SE
1172863.483,X_LEG_2,18.33,44.73,13.48,1,1589,1632,SE
1172863.504,X_LEG_2,18.33,44.73,13.48,1,1589,1632,SE
1172863.524,X_LEG_2,18.33,44.73,13.48,1,1589,1632,SE
1172863.544,X_LEG_2,18.37,44.73,13.52,1,1589,1631,SE
1172863.565,X_LEG_2,18.37,44.73,13.52,1,1589,1631,SE
1172863.586,X_LEG_2,18.37,44.73,13.52,1,1589,1631,SE
1172863.606,X_LEG_2,18.37,44.73,13.52,1,1589,1631,SE
1172863.627,X_LEG_2,18.37,44.73,13.52,1,1589,1631,SE
1172863.647,X_LEG_2,18.40,44.73,13.54,1,1589,1631,SE
1172863.668,X_LEG_2,18.40,44.73,13.54,1,1589,1631,SE
1172863.689,X_LEG_2,18.40,44.73,13.54,1,1589,1631,SE
1172863.709,X_LEG_2,18.40,44.73,13.54,1,1589,1631,SE
1172863.729,X_LEG_2,18.40,44.73,13.54,1,1589,1631,SE
1172863.750,X_LEG_2,18.43,44.74,13.59,1,1589,1631,SE
1172863.773,X_LEG_2,18.43,44.74,13.59,1,1589,1631,SE
1172863.793,X_LEG_2,18.43,44.74,13.59,1,1589,1631,SE
1172863.813,X_LEG_2,18.43,44.74,13.59,1,1589,1631,SE
1172863.835,X_LEG_2,18.43,44.74,13.59,1,1589,1631,SE
1172863.855,X_LEG_2,18.47,44.75,9.63,1,1589,1631,SE
1172863.875,X_LEG_2,18.47,44.75,9.63,1,1589,1631,SE
1172863.896,X_LEG_2,18.47,44.75,9.63,1,1589,1631,SE
1172863.916,X_LEG_2,18.47,44.75,9.63,1,1589,1631,SE
1172863.937,X_LEG_2,18.47,44.75,9.63,1,1589,1631,SE
1172863.958,X_LEG_2,18.50,44.75,9.67,1,1590,1631,SE
1172863.979,X_LEG_2,18.50,44.75,9.67,1,1590,1631,SE
1172863.999,X_LEG_2,18.50,44.75,9.67,1,1590,1631,SE
1172864.021,X_LEG_2,18.50,44.75,9.67,1,1590,1631,SE
1172864.041,X_LEG_2,18.50,44.75,9.67,1,1590,1631,SE
1172864.062,X_LEG_2,18.53,44.77,9.70,1,1590,1631,SE
1172864.084,X_LEG_2,18.53,44.77,9.70,1,1590,1631,SE
1172864.104,X_LEG_2,18.53,44.77,9.70,1,1590,1631,SE
1172864.124,X_LEG_2,18.53,44.77,9.70,1,1590,1631,SE
1172864.146,X_LEG_2,18.53,44.77,9.70,1,1590,1631,SE
1172864.167,X_LEG_2,18.55,44.76,9.74,1,1590,1631,SE
1172864.187,X_LEG_2,18.55,44.76,9.74,1,1590,1631,SE
1172864.209,X_LEG_2,18.55,44.76,9.74,1,1590,1631,SE
1172864.229,X_LEG_2,18.55,44.76,9.74,1,1590,1631,SE
1172864.250,X_LEG_2,18.55,44.76,9.74,1,1590,1631,SE
1172864.271,X_LEG_2,18.58,44.77,9.78,1,1590,1631,SE
1172864.291,X_LEG_2,18.58,44.77,9.78,1,1590,1631,SE
1172864.312,X_LEG_2,18.58,44.77,9.78,1,1590,1631,SE
1172864.333,X_LEG_2,18.58,44.77,9.78,1,1590,1631,SE
1172864.353,X_LEG_2,18.58,44.77,9.78,1,1590,1631,SE
1172864.374,X_LEG_2,18.61,44.77,9.80,1,1590,1631,SE
1172864.395,X_LEG_2,18.61,44.77,9.80,1,1590,1631,SE
1172864.416,X_LEG_2,18.61,44.77,9.80,1,1590,1631,SE
1172864.436,X_LEG_2,18.61,44.77,9.80,1,1590,1631,SE
1172864.456,X_LEG_2,18.61,44.77,9.80,1,1590,1631,SE
1172864.477,X_LEG_2,18.61,44.77,9.80,1,1590,1631,SE
1172864.498,X_LEG_2,18.61,44.77,9.80,1,1590,1631,SE
1172864.518,X_LEG_2,18.61,44.77,9.80,1,1590,1631,SE
1172864.538,X_LEG_2,18.61,44.77,9.80,1,1590,1631,SE
1172864.559,X_LEG_2,18.61,44.77,9.80,1,1590,1631,SE
1172864.580,X_LEG_2,18.63,44.77,9.84,1,1590,1631,SE
1172864.600,X_LEG_2,18.63,44.77,9.84,1,1590,1631,SE
1172864.620,X_LEG_2,18.63,44.77,9.84,1,1590,1631,SE
1172864.641,X_LEG_2,18.63,44.77,9.84,1,1590,1631,SE
1172864.663,X_LEG_2,18.63,44.77,9.84,1,1590,1631,SE
1172864.683,X_LEG_2,18.65,44.78,9.87,1,1590,1631,SE
1172864.703,X_LEG_2,18.65,44.78,9.87,1,1590,1631,SE
1172864.724,X_LEG_2,18.65,44.78,9.87,1,1590,1631,SE
1172864.744,X_LEG_2,18.65,44.78,9.87,1,1590,1631,SE
1172864.765,X_LEG_2,18.65,44.78,9.87,1,1590,1631,SE
1172864.785,X_LEG_2,18.68,44.77,9.91,1,1590,1630,SE
1172864.806,X_LEG_2,18.68,44.77,9.91,1,1590,1630,SE
1172864.826,X_LEG_2,18.68,44.77,9.91,1,1590,1630,SE
1172864.847,X_LEG_2,18.68,44.77,9.91,1,1590,1630,SE
1172864.868,X_LEG_2,18.68,44.77,9.91,1,1590,1630,SE
1172864.888,X_LEG_2,18.70,44.78,9.93,1,1590,1630,SE
1172864.909,X_LEG_2,18.70,44.78,9.93,1,1590,1630,SE
1172864.930,X_LEG_2,18.70,44.78,9.93,1,1590,1630,SE
1172864.950,X_LEG_2,18.70,44.78,9.93,1,1590,1630,SE
1172864.971,X_LEG_2,18.70,44.78,9.93,1,1590,1630,SE
1172864.993,X_LEG_2,18.73,44.77,9.99,1,1590,1630,SE
1172865.013,X_LEG_2,18.73,44.77,9.99,1,1590,1630,SE
1172865.033,X_LEG_2,18.73,44.77,9.99,1,1590,1630,SE
1172865.055,X_LEG_2,18.73,44.77,9.99,1,1590,1630,SE
1172865.076,X_LEG_2,18.73,44.77,9.99,1,1590,1630,SE
1172865.096,X_LEG_2,18.75,44.78,10.02,1,1590,1630,SE
1172865.117,X_LEG_2,18.75,44.78,10.02,1,1590,1630,SE
1172865.138,X_LEG_2,18.75,44.78,10.02,1,1590,1630,SE
1172865.159,X_LEG_2,18.75,44.78,10.02,1,1590,1630,SE
1172865.181,X_LEG_2,18.75,44.78,10.02,1,1590,1630,SE
1172865.201,X_LEG_2,18.75,44.78,10.02,1,1590,1630,SE
1172865.221,X_LEG_2,18.75,44.78,10.02,1,1590,1630,SE
1172865.243,X_LEG_2,18.75,44.78,10.02,1,1590,1630,SE
1172865.263,X_LEG_2,18.75,44.78,10.02,1,1590,1630,SE
1172865.284,X_LEG_2,18.75,44.78,10.02,1,1590,1630,SE
1172865.305,X_LEG_2,18.78,44.78,10.07,1,1590,1630,SE
1172865.325,X_LEG_2,18.78,44.78,10.07,1,1590,1630,SE
1172865.346,X_LEG_2,18.78,44.78,10.07,1,1590,1630,SE
1172865.368,X_LEG_2,18.78,44.78,10.07,1,1590,1630,SE
1172865.389,X_LEG_2,18.78,44.78,10.07,1,1590,1630,SE
1172865.409,X_LEG_2,18.79,44.78,10.10,1,1590,1630,SE
1172865.430,X_LEG_2,18.79,44.78,10.10,1,1590,1630,SE
1172865.450,X_LEG_2,18.79,44.78,10.10,1,1590,1630,SE
1172865.471,X_LEG_2,18.79,44.78,10.10,1,1590,1630,SE
1172865.493,X_LEG_2,18.79,44.78,10.10,1,1590,1630,SE
1172865.513,X_LEG_2,18.81,44.77,10.14,1,1590,1630,SE
1172865.533,X_LEG_2,18.81,44.77,10.14,1,1590,1630,SE
1172865.554,X_LEG_2,18.81,44.77,10.14,1,1590,1630,SE
1172865.574,X_LEG_2,18.81,44.77,10.14,1,1590,1630,SE
1172865.595,X_LEG_2,18.81,44.77,10.14,1,1590,1630,SE
1172865.616,X_LEG_2,18.83,44.77,6.18,1,1590,1630,SE
1172865.636,X_LEG_2,18.83,44.77,6.18,1,1590,1630,SE
1172865.657,X_LEG_2,18.83,44.77,6.18,1,1590,1630,SE
1172865.677,X_LEG_2,18.83,44.77,6.18,1,1590,1630,SE
1172865.698,X_LEG_2,18.83,44.77,6.18,1,1590,1630,SE
1172865.718,X_LEG_2,18.85,44.76,6.22,1,1590,1630,SE
1172865.739,X_LEG_2,18.85,44.76,6.22,1,1590,1630,SE
1172865.759,X_LEG_2,18.85,44.76,6.22,1,1590,1630,SE
1172865.780,X_LEG_2,18.85,44.76,6.22,1,1590,1630,SE
1172865.800,X_LEG_2,18.85,44.76,6.22,1,1590,1630,SE
1172865.821,X_LEG_2,18.85,44.76,6.22,1,1590,1630,SE
1172865.842,X_LEG_2,18.85,44.76,6.22,1,1590,1630,SE
1172865.862,X_LEG_2,18.85,44.76,6.22,1,1590,1630,SE
1172865.882,X_LEG_2,18.85,44.76,6.22,1,1590,1630,SE
1172865.903,X_LEG_2,18.85,44.76,6.22,1,1590,1630,SE
1172865.923,X_LEG_2,18.85,44.76,6.22,1,1590,1630,SE
1172865.945,X_LEG_2,18.85,44.76,6.22,1,1590,1630,SE
1172865.965,X_LEG_2,18.85,44.76,6.22,1,1590,1630,SE
1172865.986,X_LEG_2,18.85,44.76,6.22,1,1590,1630,SE
1172866.009,X_LEG_2,18.85,44.76,6.22,1,1590,1630,SE
1172866.030,X_LEG_2,18.87,44.76,6.26,1,1590,1630,SE
1172866.050,X_LEG_2,18.87,44.76,6.26,1,1590,1630,SE
1172866.071,X_LEG_2,18.87,44.76,6.26,1,1590,1630,SE
1172866.091,X_LEG_2,18.87,44.76,6.26,1,1590,1630,SE
1172866.112,X_LEG_2,18.87,44.76,6.26,1,1590,1630,SE
1172866.132,X_LEG_2,18.88,44.75,6.30,1,1590,1630,SE
1172866.153,X_LEG_2,18.88,44.75,6.30,1,1590,1630,SE
1172866.173,X_LEG_2,18.88,44.75,6.30,1,1590,1630,SE
1172866.194,X_LEG_2,18.88,44.75,6.30,1,1590,1630,SE
1172866.214,X_LEG_2,18.88,44.75,6.30,1,1590,1630,SE
1172866.235,X_LEG_2,18.90,44.75,6.34,1,1589,1630,SE
1172866.255,X_LEG_2,18.90,44.75,6.34,1,1589,1630,SE
1172866.276,X_LEG_2,18.90,44.75,6.34,1,1589,1630,SE
1172866.296,X_LEG_2,18.90,44.75,6.34,1,1589,1630,SE
1172866.317,X_LEG_2,18.90,44.75,6.34,1,1589,1630,SE
1172866.337,X_LEG_2,18.91,44.74,6.38,1,1589,1630,SE
1172866.358,X_LEG_2,18.91,44.74,6.38,1,1589,1630,SE
1172866.378,X_LEG_2,18.91,44.74,6.38,1,1589,1630,SE
1172866.399,X_LEG_2,18.91,44.74,6.38,1,1589,1630,SE
1172866.419,X_LEG_2,18.91,44.74,6.38,1,1589,1630,SE
1172866.440,X_LEG_2,18.92,44.74,6.41,1,1589,1630,SE
1172866.461,X_LEG_2,18.92,44.74,6.41,1,1589,1630,SE
1172866.482,X_LEG_2,18.92,44.74,6.41,1,1589,1630,SE
1172866.502,X_LEG_2,18.92,44.74,6.41,1,1589,1630,SE
1172866.523,X_LEG_2,18.92,44.74,6.41,1,1589,1630,SE
1172866.544,X_LEG_2,18.93,44.72,6.45,1,1589,1630,SE
1172866.564,X_LEG_2,18.93,44.72,6.45,1,1589,1630,SE
1172866.586,X_LEG_2,18.93,44.72,6.45,1,1589,1630,SE
1172866.606,X_LEG_2,18.93,44.72,6.45,1,1589,1630,SE
1172866.626,X_LEG_2,18.93,44.72,6.45,1,1589,1630,SE
1172866.648,X_LEG_2,18.94,44.72,5.48,1,1589,1630,SE
1172866.668,X_LEG_2,18.94,44.72,5.48,1,1589,1630,SE
1172866.688,X_LEG_2,18.94,44.72,5.48,1,1589,1630,SE
1172866.710,X_LEG_2,18.94,44.72,5.48,1,1589,1630,SE
1172866.730,X_LEG_2,18.94,44.72,5.48,1,1589,1630,SE
1172866.751,X_LEG_2,18.94,44.72,5.48,1,1589,1630,SE
1172866.773,X_LEG_2,18.94,44.72,5.48,1,1589,1630,SE
1172866.793,X_LEG_2,18.94,44.72,5.48,1,1589,1630,SE
1172866.813,X_LEG_2,18.94,44.72,5.48,1,1589,1630,SE
1172866.835,X_LEG_2,18.94,44.72,5.48,1,1589,1630,SE
1172866.855,X_LEG_2,18.94,44.72,5.48,1,1589,1630,SE
1172866.876,X_LEG_2,18.94,44.72,5.48,1,1589,1630,SE
1172866.897,X_LEG_2,18.94,44.72,5.48,1,1589,1630,SE
1172866.917,X_LEG_2,18.94,44.72,5.48,1,1589,1630,SE
1172866.937,X_LEG_2,18.94,44.72,5.48,1,1589,1630,SE
1172866.958,X_LEG_2,18.95,44.72,5.53,1,1589,1630,SE
1172866.978,X_LEG_2,18.95,44.72,5.53,1,1589,1630,SE
1172866.999,X_LEG_2,18.95,44.72,5.53,1,1589,1630,SE
1172867.020,X_LEG_2,18.95,44.72,5.53,1,1589,1630,SE
1172867.040,X_LEG_2,18.95,44.72,5.53,1,1589,1630,SE
1172867.061,X_LEG_2,18.95,44.70,5.56,1,1589,1630,SE
1172867.081,X_LEG_2,18.95,44.70,5.56,1,1589,1630,SE
1172867.103,X_LEG_2,18.95,44.70,5.56,1,1589,1630,SE
1172867.123,X_LEG_2,18.95,44.70,5.56,1,1589,1630,SE
1172867.156,X_LEG_2,18.95,44.70,5.56,1,1589,1630,SE
1172867.178,X_LEG_2,18.96,44.70,5.59,1,1589,1630,SE
1172867.198,X_LEG_2,18.96,44.70,5.59,1,1589,1630,SE
1172867.219,X_LEG_2,18.96,44.70,5.59,1,1589,1630,SE
1172867.242,X_LEG_2,18.96,44.70,5.59,1,1589,1630,SE
1172867.263,X_LEG_2,18.96,44.70,5.59,1,1589,1630,SE
1172867.283,X_LEG_2,18.96,44.69,5.62,1,1589,1630,SE
1172867.304,X_LEG_2,18.96,44.69,5.62,1,1589,1630,SE
1172867.324,X_LEG_2,18.96,44.69,5.62,1,1589,1630,SE
1172867.347,X_LEG_2,18.96,44.69,5.62,1,1589,1630,SE
1172867.368,X_LEG_2,18.96,44.69,5.62,1,1589,1630,SE
1172867.389,X_LEG_2,18.96,44.69,5.65,1,1589,1630,SE
1172867.409,X_LEG_2,18.96,44.69,5.65,1,1589,1630,SE
1172867.429,X_LEG_2,18.96,44.69,5.65,1,1589,1630,SE
1172867.450,X_LEG_2,18.96,44.69,5.65,1,1589,1630,SE
1172867.471,X_LEG_2,18.96,44.69,5.65,1,1589,1630,SE
1172867.493,X_LEG_2,18.96,44.69,3.65,1,1589,1630,SE
1172867.514,X_LEG_2,18.96,44.69,3.65,1,1589,1630,SE
1172867.536,X_LEG_2,18.96,44.69,3.65,1,1589,1630,SE
1172867.556,X_LEG_2,18.96,44.69,3.65,1,1589,1630,SE
1172867.578,X_LEG_2,18.96,44.69,3.65,1,1589,1630,SE
1172867.599,X_LEG_2,18.96,44.67,3.68,1,1589,1630,SE
1172867.619,X_LEG_2,18.96,44.67,3.68,1,1589,1630,SE
1172867.639,X_LEG_2,18.96,44.67,3.68,1,1589,1630,SE
1172867.663,X_LEG_2,18.96,44.67,3.68,1,1589,1630,SE
1172867.683,X_LEG_2,18.96,44.67,3.68,1,1589,1630,SE
1172867.703,X_LEG_2,18.97,44.66,3.71,1,1589,1630,SE
1172867.725,X_LEG_2,18.97,44.66,3.71,1,1589,1630,SE
1172867.746,X_LEG_2,18.97,44.66,3.71,1,1589,1630,SE
1172867.766,X_LEG_2,18.97,44.66,3.71,1,1589,1630,SE
1172867.788,X_LEG_2,18.97,44.66,3.71,1,1589,1630,SE
1172867.809,X_LEG_2,18.97,44.66,3.74,1,1589,1630,SE
1172867.830,X_LEG_2,18.97,44.66,3.74,1,1589,1630,SE
1172867.851,X_LEG_2,18.97,44.66,3.74,1,1589,1630,SE
1172867.872,X_LEG_2,18.97,44.66,3.74,1,1589,1630,SE
1172867.895,X_LEG_2,18.97,44.66,3.74,1,1589,1630,SE
1172867.916,X_LEG_2,18.96,44.65,3.77,1,1589,1630,SE
1172867.936,X_LEG_2,18.96,44.65,3.77,1,1589,1630,SE
1172867.957,X_LEG_2,18.96,44.65,3.77,1,1589,1630,SE
1172867.977,X_LEG_2,18.96,44.65,3.77,1,1589,1630,SE
1172867.998,X_LEG_2,18.96,44.65,3.77,1,1589,1630,SE
1172868.018,X_LEG_2,18.96,44.63,3.80,1,1589,1630,SE
1172868.039,X_LEG_2,18.96,44.63,3.80,1,1589,1630,SE
1172868.060,X_LEG_2,18.96,44.63,3.80,1,1589,1630,SE
1172868.082,X_LEG_2,18.96,44.63,3.80,1,1589,1630,SE
1172868.103,X_LEG_2,18.96,44.63,3.80,1,1589,1630,SE
1172868.123,X_LEG_2,18.96,44.62,3.83,1,1589,1630,SE
1172868.144,X_LEG_2,18.96,44.62,3.83,1,1589,1630,SE
1172868.165,X_LEG_2,18.96,44.62,3.83,1,1589,1630,SE
1172868.185,X_LEG_2,18.96,44.62,3.83,1,1589,1630,SE
1172868.206,X_LEG_2,18.96,44.62,3.83,1,1589,1630,SE
1172868.227,X_LEG_2,18.96,44.61,3.86,1,1589,1630,SE
1172868.248,X_LEG_2,18.96,44.61,3.86,1,1589,1630,SE
1172868.268,X_LEG_2,18.96,44.61,3.86,1,1589,1630,SE
1172868.289,X_LEG_2,18.96,44.61,3.86,1,1589,1630,SE
1172868.309,X_LEG_2,18.96,44.61,3.86,1,1589,1630,SE
1172868.330,X_LEG_2,18.95,44.60,3.88,1,1589,1630,SE
1172868.350,X_LEG_2,18.95,44.60,3.88,1,1589,1630,SE
1172868.371,X_LEG_2,18.95,44.60,3.88,1,1589,1630,SE
1172868.392,X_LEG_2,18.95,44.60,3.88,1,1589,1630,SE
1172868.412,X_LEG_2,18.95,44.60,3.88,1,1589,1630,SE
1172868.433,X_LEG_2,18.95,44.59,3.92,1,1589,1630,SE
1172868.455,X_LEG_2,18.95,44.59,3.92,1,1589,1630,SE
1172868.475,X_LEG_2,18.95,44.59,3.92,1,1589,1630,SE
1172868.495,X_LEG_2,18.95,44.59,3.92,1,1589,1630,SE
1172868.518,X_LEG_2,18.95,44.59,3.92,1,1589,1630,SE
1172868.539,X_LEG_2,18.95,44.59,3.92,1,1589,1630,SE
1172868.559,X_LEG_2,18.95,44.59,3.92,1,1589,1630,SE
1172868.582,X_LEG_2,18.95,44.59,3.92,1,1589,1630,SE
1172868.603,X_LEG_2,18.95,44.59,3.92,1,1589,1630,SE
1172868.623,X_LEG_2,18.95,44.59,3.92,1,1589,1630,SE
1172868.644,X_LEG_2,18.94,44.58,3.96,1,1589,1630,SE
1172868.665,X_LEG_2,18.94,44.58,3.96,1,1589,1630,SE
1172868.685,X_LEG_2,18.94,44.58,3.96,1,1589,1630,SE
1172868.706,X_LEG_2,18.94,44.58,3.96,1,1589,1630,SE
1172868.726,X_LEG_2,18.94,44.58,3.96,1,1589,1630,SE
1172868.747,X_LEG_2,18.93,44.56,4.00,1,1589,1630,SE
1172868.767,X_LEG_2,18.93,44.56,4.00,1,1589,1630,SE
1172868.788,X_LEG_2,18.93,44.56,4.00,1,1589,1630,SE
1172868.808,X_LEG_2,18.93,44.56,4.00,1,1589,1630,SE
1172868.829,X_LEG_2,18.93,44.56,4.00,1,1589,1630,SE
1172868.849,X_LEG_2,18.93,44.56,3.00,1,1589,1630,SE
1172868.870,X_LEG_2,18.93,44.56,3.00,1,1589,1630,SE
1172868.891,X_LEG_2,18.93,44.56,3.00,1,1589,1630,SE
1172868.912,X_LEG_2,18.93,44.56,3.00,1,1589,1630,SE
1172868.933,X_LEG_2,18.93,44.56,3.00,1,1589,1630,SE
1172868.954,X_LEG_2,18.91,44.54,3.05,1,1589,1630,SE
1172868.974,X_LEG_2,18.91,44.54,3.05,1,1589,1630,SE
1172868.995,X_LEG_2,18.91,44.54,3.05,1,1589,1630,SE
1172869.018,X_LEG_2,18.91,44.54,3.05,1,1589,1630,SE
1172869.039,X_LEG_2,18.91,44.54,3.05,1,1589,1630,SE
1172869.059,X_LEG_2,18.90,44.53,3.07,1,1589,1630,SE
1172869.080,X_LEG_2,18.90,44.53,3.07,1,1589,1630,SE
1172869.100,X_LEG_2,18.90,44.53,3.07,1,1589,1630,SE
1172869.120,X_LEG_2,18.90,44.53,3.07,1,1589,1630,SE
1172869.141,X_LEG_2,18.90,44.53,3.07,1,1589,1630,SE
1172869.162,X_LEG_2,18.88,44.50,3.11,1,1589,1630,SE
1172869.183,X_LEG_2,18.88,44.50,3.11,1,1589,1630,SE
1172869.203,X_LEG_2,18.88,44.50,3.11,1,1589,1630,SE
1172869.224,X_LEG_2,18.88,44.50,3.11,1,1589,1630,SE
1172869.244,X_LEG_2,18.88,44.50,3.11,1,1589,1630,SE
1172869.265,X_LEG_2,18.87,44.49,3.14,1,1589,1630,SE
1172869.286,X_LEG_2,18.87,44.49,3.14,1,1589,1630,SE
1172869.307,X_LEG_2,18.87,44.49,3.14,1,1589,1630,SE
1172869.329,X_LEG_2,18.87,44.49,3.14,1,1589,1630,SE
1172869.350,X_LEG_2,18.87,44.49,3.14,1,1589,1630,SE
1172869.371,X_LEG_2,18.86,44.48,3.17,1,1589,1630,SE
1172869.392,X_LEG_2,18.86,44.48,3.17,1,1589,1630,SE
1172869.412,X_LEG_2,18.86,44.48,3.17,1,1589,1630,SE
1172869.432,X_LEG_2,18.86,44.48,3.17,1,1589,1630,SE
1172869.454,X_LEG_2,18.86,44.48,3.17,1,1589,1630,SE
1172869.475,X_LEG_2,18.86,44.48,3.17,1,1589,1630,SE
1172869.496,X_LEG_2,18.86,44.48,3.17,1,1589,1630,SE
1172869.517,X_LEG_2,18.86,44.48,3.17,1,1589,1630,SE
1172869.537,X_LEG_2,18.86,44.48,3.17,1,1589,1630,SE
1172869.558,X_LEG_2,18.86,44.48,3.17,1,1589,1630,SE
1172869.579,X_LEG_2,18.85,44.46,3.19,1,1589,1630,SE
1172869.599,X_LEG_2,18.85,44.46,3.19,1,1589,1630,SE
1172869.619,X_LEG_2,18.85,44.46,3.19,1,1589,1630,SE
1172869.641,X_LEG_2,18.85,44.46,3.19,1,1589,1630,SE
1172869.662,X_LEG_2,18.85,44.46,3.19,1,1589,1630,SE
1172869.682,X_LEG_2,18.85,44.46,3.19,1,1589,1630,SE
1172869.706,X_LEG_2,18.85,44.46,3.19,1,1589,1630,SE
1172869.726,X_LEG_2,18.85,44.46,3.19,1,1589,1630,SE
1172869.748,X_LEG_2,18.85,44.46,3.19,1,1589,1630,SE
1172869.769,X_LEG_2,18.85,44.46,3.19,1,1589,1630,SE
1172869.789,X_LEG_2,18.82,44.43,3.23,1,1589,1630,SE
1172869.809,X_LEG_2,18.82,44.43,3.23,1,1589,1630,SE
1172869.830,X_LEG_2,18.82,44.43,3.23,1,1589,1630,SE
1172869.851,X_LEG_2,18.82,44.43,3.23,1,1589,1630,SE
1172869.872,X_LEG_2,18.82,44.43,3.23,1,1589,1630,SE
1172869.892,X_LEG_2,18.81,44.42,3.26,1,1589,1630,SE
1172869.913,X_LEG_2,18.81,44.42,3.26,1,1589,1630,SE
1172869.933,X_LEG_2,18.81,44.42,3.26,1,1589,1630,SE
1172869.954,X_LEG_2,18.81,44.42,3.26,1,1589,1630,SE
1172869.974,X_LEG_2,18.81,44.42,3.26,1,1589,1630,SE
1172869.994,X_LEG_2,18.79,44.41,3.29,1,1589,1630,SE
1172870.015,X_LEG_2,18.79,44.41,3.29,1,1589,1630,SE
1172870.036,X_LEG_2,18.79,44.41,3.29,1,1589,1630,SE
1172870.056,X_LEG_2,18.79,44.41,3.29,1,1589,1630,SE
1172870.078,X_LEG_2,18.79,44.41,3.29,1,1589,1630,SE
1172870.099,X_LEG_2,18.76,44.38,3.33,1,1589,1630,SE
1172870.119,X_LEG_2,18.76,44.38,3.33,1,1589,1630,SE
1172870.141,X_LEG_2,18.76,44.38,3.33,1,1589,1630,SE
1172870.161,X_LEG_2,18.76,44.38,3.33,1,1589,1630,SE
1172870.182,X_LEG_2,18.76,44.38,3.33,1,1589,1630,SE
1172870.203,X_LEG_2,18.74,44.37,3.36,1,1589,1630,SE
1172870.223,X_LEG_2,18.74,44.37,3.36,1,1589,1630,SE
1172870.244,X_LEG_2,18.74,44.37,3.36,1,1589,1630,SE
1172870.264,X_LEG_2,18.74,44.37,3.36,1,1589,1630,SE
1172870.284,X_LEG_2,18.74,44.37,3.36,1,1589,1630,SE
1172870.305,X_LEG_2,18.71,44.34,3.40,1,1589,1630,SE
1172870.325,X_LEG_2,18.71,44.34,3.40,1,1589,1630,SE
1172870.346,X_LEG_2,18.71,44.34,3.40,1,1589,1630,SE
1172870.366,X_LEG_2,18.71,44.34,3.40,1,1589,1630,SE
1172870.387,X_LEG_2,18.71,44.34,3.40,1,1589,1630,SE
1172870.407,X_LEG_2,18.71,44.34,3.40,1,1589,1630,SE
1172870.428,X_LEG_2,18.71,44.34,3.40,1,1589,1630,SE
1172870.448,X_LEG_2,18.71,44.34,3.40,1,1589,1630,SE
1172870.470,X_LEG_2,18.71,44.34,3.40,1,1589,1630,SE
1172870.491,X_LEG_2,18.71,44.34,3.40,1,1589,1630,SE
1172870.513,X_LEG_2,18.68,44.32,3.44,1,1589,1630,SE
1172870.533,X_LEG_2,18.68,44.32,3.44,1,1589,1630,SE
1172870.555,X_LEG_2,18.68,44.32,3.44,1,1589,1630,SE
1172870.575,X_LEG_2,18.68,44.32,3.44,1,1589,1630,SE
1172870.598,X_LEG_2,18.68,44.32,3.44,1,1589,1630,SE
1172870.619,X_LEG_2,18.66,44.30,3.47,1,1589,1631,SE
1172870.648,X_LEG_2,18.66,44.30,3.47,1,1589,1631,SE
1172870.691,X_LEG_2,18.66,44.30,3.47,1,1589,1631,SE
1172870.721,X_LEG_2,18.66,44.30,3.47,1,1589,1631,SE
1172870.743,X_LEG_2,18.63,44.28,3.50,1,1589,1631,SE
1172870.764,X_LEG_2,18.63,44.28,3.50,1,1589,1631,SE
1172870.785,X_LEG_2,18.63,44.28,3.50,1,1589,1631,SE
1172870.805,X_LEG_2,18.63,44.28,3.50,1,1589,1631,SE
1172870.826,X_LEG_2,18.63,44.28,3.50,1,1589,1631,SE
1172870.846,X_LEG_2,18.61,44.26,3.52,1,1589,1631,SE
1172870.867,X_LEG_2,18.61,44.26,3.52,1,1589,1631,SE
1172870.887,X_LEG_2,18.61,44.26,3.52,1,1589,1631,SE
1172870.908,X_LEG_2,18.61,44.26,3.52,1,1589,1631,SE
1172870.929,X_LEG_2,18.61,44.26,3.52,1,1589,1631,SE
1172870.951,X_LEG_2,18.61,44.26,3.52,1,1589,1631,SE
1172870.972,X_LEG_2,18.61,44.26,3.52,1,1589,1631,SE
1172870.992,X_LEG_2,18.61,44.26,3.52,1,1589,1631,SE
1172871.016,X_LEG_2,18.61,44.26,3.52,1,1589,1631,SE
1172871.036,X_LEG_2,18.61,44.26,3.52,1,1589,1631,SE
1172871.057,X_LEG_2,18.59,44.25,2.55,1,1589,1631,SE
1172871.077,X_LEG_2,18.59,44.25,2.55,1,1589,1631,SE
1172871.100,X_LEG_2,18.59,44.25,2.55,1,1589,1631,SE
1172871.121,X_LEG_2,18.59,44.25,2.55,1,1589,1631,SE
1172871.141,X_LEG_2,18.59,44.25,2.55,1,1589,1631,SE
1172871.162,X_LEG_2,18.56,44.23,2.57,1,1588,1631,SE
1172871.182,X_LEG_2,18.56,44.23,2.57,1,1588,1631,SE
1172871.203,X_LEG_2,18.56,44.23,2.57,1,1588,1631,SE
1172871.223,X_LEG_2,18.56,44.23,2.57,1,1588,1631,SE
1172871.244,X_LEG_2,18.56,44.23,2.57,1,1588,1631,SE
1172871.265,X_LEG_2,18.53,44.21,2.59,1,1588,1631,SE
1172871.285,X_LEG_2,18.53,44.21,2.59,1,1588,1631,SE
1172871.307,X_LEG_2,18.53,44.21,2.59,1,1588,1631,SE
1172871.328,X_LEG_2,18.53,44.21,2.59,1,1588,1631,SE
1172871.348,X_LEG_2,18.53,44.21,2.59,1,1588,1631,SE
1172871.368,X_LEG_2,18.49,44.19,2.64,1,1588,1631,SE
1172871.391,X_LEG_2,18.49,44.19,2.64,1,1588,1631,SE
1172871.412,X_LEG_2,18.49,44.19,2.64,1,1588,1631,SE
1172871.432,X_LEG_2,18.49,44.19,2.64,1,1588,1631,SE
1172871.455,X_LEG_2,18.49,44.19,2.64,1,1588,1631,SE
1172871.476,X_LEG_2,18.46,44.17,2.66,1,1588,1631,SE
1172871.496,X_LEG_2,18.46,44.17,2.66,1,1588,1631,SE
1172871.517,X_LEG_2,18.46,44.17,2.66,1,1588,1631,SE
1172871.537,X_LEG_2,18.46,44.17,2.66,1,1588,1631,SE
1172871.557,X_LEG_2,18.46,44.17,2.66,1,1588,1631,SE
1172871.583,X_LEG_2,18.46,44.17,2.66,1,1588,1631,SE
1172871.603,X_LEG_2,18.46,44.17,2.66,1,1588,1631,SE
1172871.624,X_LEG_2,18.46,44.17,2.66,1,1588,1631,SE
1172871.644,X_LEG_2,18.46,44.17,2.66,1,1588,1631,SE
1172871.665,X_LEG_2,18.46,44.17,2.66,1,1588,1631,SE
1172871.686,X_LEG_2,18.46,44.17,2.66,1,1588,1631,SE
1172871.706,X_LEG_2,18.46,44.17,2.66,1,1588,1631,SE
1172871.726,X_LEG_2,18.46,44.17,2.66,1,1588,1631,SE
1172871.747,X_LEG_2,18.46,44.17,2.66,1,1588,1631,SE
1172871.767,X_LEG_2,18.46,44.17,2.66,1,1588,1631,SE
1172871.788,X_LEG_2,18.39,44.12,2.72,1,1588,1631,SE
1172871.808,X_LEG_2,18.39,44.12,2.72,1,1588,1631,SE
1172871.831,X_LEG_2,18.39,44.12,2.72,1,1588,1631,SE
1172871.851,X_LEG_2,18.39,44.12,2.72,1,1588,1631,SE
1172871.871,X_LEG_2,18.39,44.12,2.72,1,1588,1631,SE
1172871.893,X_LEG_2,18.35,44.09,2.75,1,1588,1631,SE
1172871.913,X_LEG_2,18.35,44.09,2.75,1,1588,1631,SE
1172871.933,X_LEG_2,18.35,44.09,2.75,1,1588,1631,SE
1172871.954,X_LEG_2,18.35,44.09,2.75,1,1588,1631,SE
1172871.975,X_LEG_2,18.35,44.09,2.75,1,1588,1631,SE
1172871.995,X_LEG_2,18.32,44.07,2.77,1,1588,1632,SE
1172872.017,X_LEG_2,18.32,44.07,2.77,1,1588,1632,SE
1172872.038,X_LEG_2,18.32,44.07,2.77,1,1588,1632,SE
1172872.058,X_LEG_2,18.32,44.07,2.77,1,1588,1632,SE
1172872.079,X_LEG_2,18.32,44.07,2.77,1,1588,1632,SE
1172872.099,X_LEG_2,18.29,44.06,2.81,1,1588,1632,SE
1172872.120,X_LEG_2,18.29,44.06,2.81,1,1588,1632,SE
1172872.142,X_LEG_2,18.29,44.06,2.81,1,1588,1632,SE
1172872.161,X_LEG_2,18.29,44.06,2.81,1,1588,1632,SE
1172872.181,X_LEG_2,18.29,44.06,2.81,1,1588,1632,SE
1172872.203,X_LEG_2,18.25,44.03,2.83,1,1588,1632,SE
1172872.224,X_LEG_2,18.25,44.03,2.83,1,1588,1632,SE
1172872.244,X_LEG_2,18.25,44.03,2.83,1,1588,1632,SE
1172872.268,X_LEG_2,18.25,44.03,2.83,1,1588,1632,SE
1172872.288,X_LEG_2,18.25,44.03,2.83,1,1588,1632,SE
1172872.308,X_LEG_2,18.22,44.01,2.85,1,1588,1632,SE
1172872.329,X_LEG_2,18.22,44.01,2.85,1,1588,1632,SE
1172872.349,X_LEG_2,18.22,44.01,2.85,1,1588,1632,SE
1172872.371,X_LEG_2,18.22,44.01,2.85,1,1588,1632,SE
1172872.392,X_LEG_2,18.22,44.01,2.85,1,1588,1632,SE
1172872.412,X_LEG_2,18.16,43.98,2.89,1,1588,1632,SE
1172872.433,X_LEG_2,18.16,43.98,2.89,1,1588,1632,SE
1172872.454,X_LEG_2,18.16,43.98,2.89,1,1588,1632,SE
1172872.475,X_LEG_2,18.16,43.98,2.89,1,1588,1632,SE
1172872.495,X_LEG_2,18.16,43.98,2.89,1,1588,1632,SE
1172872.515,X_LEG_2,18.16,43.98,1.89,1,1588,1632,SE
1172872.535,X_LEG_2,18.16,43.98,1.89,1,1588,1632,SE
1172872.556,X_LEG_2,18.16,43.98,1.89,1,1588,1632,SE
1172872.576,X_LEG_2,18.16,43.98,1.89,1,1588,1632,SE
1172872.599,X_LEG_2,18.16,43.98,1.89,1,1588,1632,SE
1172872.619,X_LEG_2,18.16,43.98,1.89,1,1588,1632,SE
1172872.639,X_LEG_2,18.16,43.98,1.89,1,1588,1632,SE
1172872.660,X_LEG_2,18.16,43.98,1.89,1,1588,1632,SE
1172872.680,X_LEG_2,18.16,43.98,1.89,1,1588,1632,SE
1172872.701,X_LEG_2,18.16,43.98,1.89,1,1588,1632,SE
1172872.721,X_LEG_2,18.07,43.92,1.95,1,1588,1632,SE
1172872.742,X_LEG_2,18.07,43.92,1.95,1,1588,1632,SE
1172872.762,X_LEG_2,18.07,43.92,1.95,1,1588,1632,SE
1172872.783,X_LEG_2,18.07,43.92,1.95,1,1588,1632,SE
1172872.803,X_LEG_2,18.07,43.92,1.95,1,1588,1632,SE
1172872.824,X_LEG_2,18.01,43.89,1.99,1,1588,1632,SE
1172872.844,X_LEG_2,18.01,43.89,1.99,1,1588,1632,SE
1172872.864,X_LEG_2,18.01,43.89,1.99,1,1588,1632,SE
1172872.885,X_LEG_2,18.01,43.89,1.99,1,1588,1632,SE
1172872.906,X_LEG_2,18.01,43.89,1.99,1,1588,1632,SE
1172872.926,X_LEG_2,17.97,43.87,2.01,1,1588,1633,SE
1172872.946,X_LEG_2,17.97,43.87,2.01,1,1588,1633,SE
1172872.967,X_LEG_2,17.97,43.87,2.01,1,1588,1633,SE
1172872.987,X_LEG_2,17.97,43.87,2.01,1,1588,1633,SE
1172873.008,X_LEG_2,17.97,43.87,2.01,1,1588,1633,SE
1172873.029,X_LEG_2,17.93,43.85,2.03,1,1588,1633,SE
1172873.049,X_LEG_2,17.93,43.85,2.03,1,1588,1633,SE
1172873.070,X_LEG_2,17.93,43.85,2.03,1,1588,1633,SE
1172873.090,X_LEG_2,17.93,43.85,2.03,1,1588,1633,SE
1172873.111,X_LEG_2,17.93,43.85,2.03,1,1588,1633,SE
1172873.132,X_LEG_2,17.93,43.85,2.03,1,1588,1633,SE
1172873.152,X_LEG_2,17.93,43.85,2.03,1,1588,1633,SE
1172873.172,X_LEG_2,17.93,43.85,2.03,1,1588,1633,SE
1172873.193,X_LEG_2,17.93,43.85,2.03,1,1588,1633,SE
1172873.213,X_LEG_2,17.93,43.85,2.03,1,1588,1633,SE
1172873.234,X_LEG_2,17.89,43.83,2.05,1,1588,1633,SE
1172873.254,X_LEG_2,17.89,43.83,2.05,1,1588,1633,SE
1172873.275,X_LEG_2,17.89,43.83,2.05,1,1588,1633,SE
1172873.295,X_LEG_2,17.89,43.83,2.05,1,1588,1633,SE
1172873.316,X_LEG_2,17.89,43.83,2.05,1,1588,1633,SE
1172873.336,X_LEG_2,17.82,43.79,2.09,1,1588,1633,SE
1172873.357,X_LEG_2,17.82,43.79,2.09,1,1588,1633,SE
1172873.377,X_LEG_2,17.82,43.79,2.09,1,1588,1633,SE
1172873.398,X_LEG_2,17.82,43.79,2.09,1,1588,1633,SE
1172873.418,X_LEG_2,17.82,43.79,2.09,1,1588,1633,SE
1172873.438,X_LEG_2,17.78,43.77,2.11,1,1588,1633,SE
1172873.460,X_LEG_2,17.78,43.77,2.11,1,1588,1633,SE
1172873.481,X_LEG_2,17.78,43.77,2.11,1,1588,1633,SE
1172873.501,X_LEG_2,17.78,43.77,2.11,1,1588,1633,SE
1172873.521,X_LEG_2,17.78,43.77,2.11,1,1588,1633,SE
1172873.541,X_LEG_2,17.73,43.75,2.13,1,1587,1633,SE
1172873.562,X_LEG_2,17.73,43.75,2.13,1,1587,1633,SE
1172873.583,X_LEG_2,17.73,43.75,2.13,1,1587,1633,SE
1172873.604,X_LEG_2,17.73,43.75,2.13,1,1587,1633,SE
1172873.624,X_LEG_2,17.73,43.75,2.13,1,1587,1633,SE
1172873.645,X_LEG_2,17.73,43.75,2.13,1,1587,1633,SE
1172873.665,X_LEG_2,17.73,43.75,2.13,1,1587,1633,SE
1172873.686,X_LEG_2,17.73,43.75,2.13,1,1587,1633,SE
1172873.707,X_LEG_2,17.73,43.75,2.13,1,1587,1633,SE
1172873.728,X_LEG_2,17.73,43.75,2.13,1,1587,1633,SE
1172873.748,X_LEG_2,17.67,43.71,2.17,1,1587,1633,SE
1172873.769,X_LEG_2,17.67,43.71,2.17,1,1587,1633,SE
1172873.789,X_LEG_2,17.67,43.71,2.17,1,1587,1633,SE
1172873.810,X_LEG_2,17.67,43.71,2.17,1,1587,1633,SE
1172873.830,X_LEG_2,17.67,43.71,2.17,1,1587,1633,SE
1172873.851,X_LEG_2,17.60,43.68,2.21,1,1587,1634,SE
1172873.872,X_LEG_2,17.60,43.68,2.21,1,1587,1634,SE
1172873.892,X_LEG_2,17.60,43.68,2.21,1,1587,1634,SE
1172873.914,X_LEG_2,17.60,43.68,2.21,1,1587,1634,SE
1172873.935,X_LEG_2,17.60,43.68,2.21,1,1587,1634,SE
1172873.955,X_LEG_2,17.55,43.66,2.23,1,1587,1634,SE
1172873.975,X_LEG_2,17.55,43.66,2.23,1,1587,1634,SE
1172873.995,X_LEG_2,17.55,43.66,2.23,1,1587,1634,SE
1172874.016,X_LEG_2,17.55,43.66,2.23,1,1587,1634,SE
1172874.036,X_LEG_2,17.55,43.66,2.23,1,1587,1634,SE
1172874.058,X_LEG_2,17.55,43.62,2.25,1,1587,1634,SE
1172874.078,X_LEG_2,17.50,43.62,2.25,1,1587,1634,SE
1172874.098,X_LEG_2,17.50,43.62,2.25,1,1587,1634,SE
1172874.119,X_LEG_2,17.50,43.62,2.25,1,1587,1634,SE
1172874.140,X_LEG_2,17.50,43.62,2.25,1,1587,1634,SE
1172874.160,X_LEG_2,17.50,43.62,2.25,1,1587,1634,SE
1172874.181,X_LEG_2,17.50,43.62,2.25,1,1587,1634,SE
1172874.201,X_LEG_2,17.50,43.62,2.25,1,1587,1634,SE
1172874.222,X_LEG_2,17.50,43.62,2.25,1,1587,1634,SE
1172874.245,X_LEG_2,17.50,43.62,2.25,1,1587,1634,SE
1172874.265,X_LEG_2,17.43,43.60,2.29,1,1587,1634,SE
1172874.286,X_LEG_2,17.43,43.60,2.29,1,1587,1634,SE
1172874.306,X_LEG_2,17.43,43.60,2.29,1,1587,1634,SE
1172874.327,X_LEG_2,17.43,43.60,2.29,1,1587,1634,SE
1172874.347,X_LEG_2,17.43,43.60,2.29,1,1587,1634,SE
1172874.369,X_LEG_2,17.35,43.56,2.32,1,1587,1634,SE
1172874.389,X_LEG_2,17.35,43.56,2.32,1,1587,1634,SE
1172874.409,X_LEG_2,17.35,43.56,2.32,1,1587,1634,SE
1172874.430,X_LEG_2,17.35,43.56,2.32,1,1587,1634,SE
1172874.450,X_LEG_2,17.35,43.56,2.32,1,1587,1634,SE
1172874.471,X_LEG_2,17.30,43.53,1.34,1,1587,1635,SE
1172874.492,X_LEG_2,17.30,43.53,1.34,1,1587,1635,SE
1172874.512,X_LEG_2,17.30,43.53,1.34,1,1587,1635,SE
1172874.532,X_LEG_2,17.30,43.53,1.34,1,1587,1635,SE
1172874.553,X_LEG_2,17.30,43.53,1.34,1,1587,1635,SE
1172874.573,X_LEG_2,17.22,43.49,1.37,1,1587,1635,SE
1172874.594,X_LEG_2,17.22,43.49,1.37,1,1587,1635,SE
1172874.614,X_LEG_2,17.22,43.49,1.37,1,1587,1635,SE
1172874.634,X_LEG_2,17.22,43.49,1.37,1,1587,1635,SE
1172874.655,X_LEG_2,17.22,43.49,1.37,1,1587,1635,SE
1172874.675,X_LEG_2,17.17,43.46,1.40,1,1587,1635,SE
1172874.696,X_LEG_2,17.17,43.46,1.40,1,1587,1635,SE
1172874.717,X_LEG_2,17.17,43.46,1.40,1,1587,1635,SE
1172874.737,X_LEG_2,17.17,43.46,1.40,1,1587,1635,SE
1172874.759,X_LEG_2,17.17,43.46,1.40,1,1587,1635,SE
1172874.779,X_LEG_2,17.17,43.46,1.40,1,1587,1635,SE
1172874.799,X_LEG_2,17.17,43.46,1.40,1,1587,1635,SE
1172874.821,X_LEG_2,17.17,43.46,1.40,1,1587,1635,SE
1172874.842,X_LEG_2,17.17,43.46,1.40,1,1587,1635,SE
1172874.862,X_LEG_2,17.17,43.46,1.40,1,1587,1635,SE
1172874.884,X_LEG_2,17.08,43.43,1.43,1,1587,1635,SE
1172874.904,X_LEG_2,17.08,43.43,1.43,1,1587,1635,SE
1172874.925,X_LEG_2,17.08,43.43,1.43,1,1587,1635,SE
1172874.946,X_LEG_2,17.08,43.43,1.43,1,1587,1635,SE
1172874.966,X_LEG_2,17.08,43.43,1.43,1,1587,1635,SE
1172874.987,X_LEG_2,17.03,43.40,1.45,1,1587,1635,SE
1172875.007,X_LEG_2,17.03,43.40,1.45,1,1587,1635,SE
1172875.028,X_LEG_2,17.03,43.40,1.45,1,1587,1635,SE
1172875.049,X_LEG_2,17.03,43.40,1.45,1,1587,1635,SE
1172875.069,X_LEG_2,17.03,43.40,1.45,1,1587,1635,SE
1172875.090,X_LEG_2,16.97,43.37,1.47,1,1587,1636,SE
1172875.110,X_LEG_2,16.97,43.37,1.47,1,1587,1636,SE
1172875.131,X_LEG_2,16.97,43.37,1.47,1,1587,1636,SE
1172875.151,X_LEG_2,16.97,43.37,1.47,1,1587,1636,SE
1172875.172,X_LEG_2,16.97,43.37,1.47,1,1587,1636,SE
1172875.192,X_LEG_2,16.92,43.35,1.49,1,1587,1636,SE
1172875.213,X_LEG_2,16.92,43.35,1.49,1,1587,1636,SE
1172875.233,X_LEG_2,16.92,43.35,1.49,1,1587,1636,SE
1172875.254,X_LEG_2,16.92,43.35,1.49,1,1587,1636,SE
1172875.275,X_LEG_2,16.92,43.35,1.49,1,1587,1636,SE
1172875.296,X_LEG_2,16.86,43.33,1.51,1,1587,1636,SE
1172875.316,X_LEG_2,16.86,43.33,1.51,1,1587,1636,SE
1172875.337,X_LEG_2,16.86,43.33,1.51,1,1587,1636,SE
1172875.358,X_LEG_2,16.86,43.33,1.51,1,1587,1636,SE
1172875.378,X_LEG_2,16.86,43.33,1.51,1,1587,1636,SE
1172875.400,X_LEG_2,16.86,43.33,1.51,1,1587,1636,SE
1172875.421,X_LEG_2,16.86,43.33,1.51,1,1587,1636,SE
1172875.441,X_LEG_2,16.86,43.33,1.51,1,1587,1636,SE
1172875.463,X_LEG_2,16.86,43.33,1.51,1,1587,1636,SE
1172875.483,X_LEG_2,16.86,43.33,1.51,1,1587,1636,SE
1172875.504,X_LEG_2,16.77,43.28,1.54,1,1587,1636,SE
1172875.524,X_LEG_2,16.77,43.28,1.54,1,1587,1636,SE
1172875.545,X_LEG_2,16.77,43.28,1.54,1,1587,1636,SE
1172875.565,X_LEG_2,16.77,43.28,1.54,1,1587,1636,SE
1172875.586,X_LEG_2,16.77,43.28,1.54,1,1587,1636,SE
1172875.607,X_LEG_2,16.68,43.24,1.58,1,1586,1636,SE
1172875.627,X_LEG_2,16.68,43.24,1.58,1,1586,1636,SE
1172875.648,X_LEG_2,16.68,43.24,1.58,1,1586,1636,SE
1172875.668,X_LEG_2,16.68,43.24,1.58,1,1586,1636,SE
1172875.689,X_LEG_2,16.68,43.24,1.58,1,1586,1636,SE
1172875.709,X_LEG_2,16.62,43.22,1.60,1,1586,1637,SE
1172875.729,X_LEG_2,16.62,43.22,1.60,1,1586,1637,SE
1172875.750,X_LEG_2,16.62,43.22,1.60,1,1586,1637,SE
1172875.770,X_LEG_2,16.62,43.22,1.60,1,1586,1637,SE
1172875.792,X_LEG_2,16.62,43.22,1.60,1,1586,1637,SE
1172875.812,X_LEG_2,16.62,43.22,1.60,1,1586,1637,SE
1172875.832,X_LEG_2,16.62,43.22,1.60,1,1586,1637,SE
1172875.853,X_LEG_2,16.62,43.22,1.60,1,1586,1637,SE
1172875.874,X_LEG_2,16.62,43.22,1.60,1,1586,1637,SE
1172875.894,X_LEG_2,16.62,43.22,1.60,1,1586,1637,SE
1172875.914,X_LEG_2,16.53,43.18,1.64,1,1586,1637,SE
1172875.935,X_LEG_2,16.53,43.18,1.64,1,1586,1637,SE
1172875.955,X_LEG_2,16.53,43.18,1.64,1,1586,1637,SE
1172875.976,X_LEG_2,16.53,43.18,1.64,1,1586,1637,SE
1172875.996,X_LEG_2,16.53,43.18,1.64,1,1586,1637,SE
1172876.016,X_LEG_2,16.47,43.15,1.65,1,1586,1637,SE
1172876.037,X_LEG_2,16.47,43.15,1.65,1,1586,1637,SE
1172876.057,X_LEG_2,16.47,43.15,1.65,1,1586,1637,SE
1172876.078,X_LEG_2,16.47,43.15,1.65,1,1586,1637,SE
1172876.098,X_LEG_2,16.47,43.15,1.65,1,1586,1637,SE
1172876.120,X_LEG_2,16.37,43.11,1.69,1,1586,1637,SE
1172876.141,X_LEG_2,16.37,43.11,1.69,1,1586,1637,SE
1172876.162,X_LEG_2,16.37,43.11,1.69,1,1586,1637,SE
1172876.183,X_LEG_2,16.37,43.11,1.69,1,1586,1637,SE
1172876.204,X_LEG_2,16.37,43.11,1.69,1,1586,1637,SE
1172876.224,X_LEG_2,16.31,43.08,1.70,1,1586,1638,SE
1172876.244,X_LEG_2,16.31,43.08,1.70,1,1586,1638,SE
1172876.265,X_LEG_2,16.31,43.08,1.70,1,1586,1638,SE
1172876.285,X_LEG_2,16.31,43.08,1.70,1,1586,1638,SE
1172876.306,X_LEG_2,16.31,43.08,1.70,1,1586,1638,SE
1172876.326,X_LEG_2,16.25,43.06,1.73,1,1586,1638,SE
1172876.347,X_LEG_2,16.25,43.06,1.73,1,1586,1638,SE
1172876.367,X_LEG_2,16.25,43.06,1.73,1,1586,1638,SE
1172876.388,X_LEG_2,16.25,43.06,1.73,1,1586,1638,SE
1172876.408,X_LEG_2,16.25,43.06,1.73,1,1586,1638,SE
1172876.429,X_LEG_2,16.25,43.06,1.73,1,1586,1638,SE
1172876.450,X_LEG_2,16.25,43.06,1.73,1,1586,1638,SE
1172876.470,X_LEG_2,16.25,43.06,1.73,1,1586,1638,SE
1172876.491,X_LEG_2,16.25,43.06,1.73,1,1586,1638,SE
1172876.513,X_LEG_2,16.25,43.06,1.73,1,1586,1638,SE
1172876.533,X_LEG_2,16.15,43.01,1.76,1,1586,1638,SE
1172876.553,X_LEG_2,16.15,43.01,1.76,1,1586,1638,SE
1172876.575,X_LEG_2,16.15,43.01,1.76,1,1586,1638,SE
1172876.595,X_LEG_2,16.15,43.01,1.76,1,1586,1638,SE
1172876.616,X_LEG_2,16.15,43.01,1.76,1,1586,1638,SE
1172876.637,X_LEG_2,16.05,42.97,1.79,1,1586,1638,SE
1172876.658,X_LEG_2,16.05,42.97,1.79,1,1586,1638,SE
1172876.678,X_LEG_2,16.05,42.97,1.79,1,1586,1638,SE
1172876.700,X_LEG_2,16.05,42.97,1.79,1,1586,1638,SE
1172876.720,X_LEG_2,16.05,42.97,1.79,1,1586,1638,SE
1172876.741,X_LEG_2,15.98,42.94,1.81,1,1586,1639,SE
1172876.762,X_LEG_2,15.98,42.94,1.81,1,1586,1639,SE
1172876.782,X_LEG_2,15.98,42.94,1.81,1,1586,1639,SE
1172876.803,X_LEG_2,15.98,42.94,1.81,1,1586,1639,SE
1172876.824,X_LEG_2,15.98,42.94,1.81,1,1586,1639,SE
1172876.844,X_LEG_2,15.98,42.94,0.81,1,1586,1639,SE
1172876.865,X_LEG_2,15.98,42.94,0.81,1,1586,1639,SE
1172876.887,X_LEG_2,15.98,42.94,0.81,1,1586,1639,SE
1172876.907,X_LEG_2,15.98,42.94,0.81,1,1586,1639,SE
1172876.928,X_LEG_2,15.98,42.94,0.81,1,1586,1639,SE
1172876.948,X_LEG_2,15.88,42.90,0.84,1,1586,1639,SE
1172876.969,X_LEG_2,15.88,42.90,0.84,1,1586,1639,SE
1172876.989,X_LEG_2,15.88,42.90,0.84,1,1586,1639,SE
1172877.010,X_LEG_2,15.88,42.90,0.84,1,1586,1639,SE
1172877.031,X_LEG_2,15.88,42.90,0.84,1,1586,1639,SE
1172877.052,X_LEG_2,15.81,42.87,0.86,1,1586,1639,SE
1172877.072,X_LEG_2,15.81,42.87,0.86,1,1586,1639,SE
1172877.094,X_LEG_2,15.81,42.87,0.86,1,1586,1639,SE
1172877.115,X_LEG_2,15.81,42.87,0.86,1,1586,1639,SE
1172877.135,X_LEG_2,15.81,42.87,0.86,1,1586,1639,SE
1172877.157,X_LEG_2,15.74,42.84,0.88,1,1586,1639,SE
1172877.178,X_LEG_2,15.74,42.84,0.88,1,1586,1639,SE
1172877.198,X_LEG_2,15.74,42.84,0.88,1,1586,1639,SE
1172877.219,X_LEG_2,15.74,42.84,0.88,1,1586,1639,SE
1172877.241,X_LEG_2,15.74,42.84,0.88,1,1586,1639,SE
1172877.263,X_LEG_2,15.74,42.84,0.88,1,1586,1639,SE
1172877.283,X_LEG_2,15.74,42.84,0.88,1,1586,1639,SE
1172877.304,X_LEG_2,15.74,42.84,0.88,1,1586,1639,SE
1172877.325,X_LEG_2,15.74,42.84,0.88,1,1586,1639,SE
1172877.345,X_LEG_2,15.74,42.84,0.88,1,1586,1639,SE
1172877.366,X_LEG_2,15.67,42.82,0.90,1,1586,1639,SE
1172877.389,X_LEG_2,15.67,42.82,0.90,1,1586,1639,SE
1172877.410,X_LEG_2,15.67,42.82,0.90,1,1586,1639,SE
1172877.430,X_LEG_2,15.67,42.82,0.90,1,1586,1639,SE
1172877.451,X_LEG_2,15.67,42.82,0.90,1,1586,1639,SE
1172877.472,X_LEG_2,15.60,42.79,0.92,1,1586,1640,SE
1172877.492,X_LEG_2,15.60,42.79,0.92,1,1586,1640,SE
1172877.514,X_LEG_2,15.60,42.79,0.92,1,1586,1640,SE
1172877.534,X_LEG_2,15.60,42.79,0.92,1,1586,1640,SE
1172877.555,X_LEG_2,15.60,42.79,0.92,1,1586,1640,SE
1172877.575,X_LEG_2,15.53,42.75,0.94,1,1586,1640,SE
1172877.595,X_LEG_2,15.53,42.75,0.94,1,1586,1640,SE
1172877.616,X_LEG_2,15.53,42.75,0.94,1,1586,1640,SE
1172877.636,X_LEG_2,15.53,42.75,0.94,1,1586,1640,SE
1172877.656,X_LEG_2,15.53,42.75,0.94,1,1586,1640,SE
1172877.677,X_LEG_2,15.46,42.73,0.97,1,1585,1640,SE
1172877.698,X_LEG_2,15.46,42.73,0.97,1,1585,1640,SE
1172877.719,X_LEG_2,15.46,42.73,0.97,1,1585,1640,SE
1172877.739,X_LEG_2,15.46,42.73,0.97,1,1585,1640,SE
1172877.761,X_LEG_2,15.46,42.73,0.97,1,1585,1640,SE
1172877.781,X_LEG_2,15.39,42.70,0.98,1,1585,1640,SE
1172877.802,X_LEG_2,15.39,42.70,0.98,1,1585,1640,SE
1172877.826,X_LEG_2,15.39,42.70,0.98,1,1585,1640,SE
1172877.847,X_LEG_2,15.39,42.70,0.98,1,1585,1640,SE
1172877.867,X_LEG_2,15.39,42.70,0.98,1,1585,1640,SE
1172877.888,X_LEG_2,15.32,42.67,1.00,1,1585,1641,SE
1172877.909,X_LEG_2,15.32,42.67,1.00,1,1585,1641,SE
1172877.929,X_LEG_2,15.32,42.67,1.00,1,1585,1641,SE
1172877.950,X_LEG_2,15.32,42.67,1.00,1,1585,1641,SE
1172877.970,X_LEG_2,15.32,42.67,1.00,1,1585,1641,SE
1172877.992,X_LEG_2,15.32,42.67,1.00,1,1585,1641,SE
1172878.012,X_LEG_2,15.32,42.67,1.00,1,1585,1641,SE
1172878.033,X_LEG_2,15.32,42.67,1.00,1,1585,1641,SE
1172878.053,X_LEG_2,15.32,42.67,1.00,1,1585,1641,SE
1172878.074,X_LEG_2,15.32,42.67,1.00,1,1585,1641,SE
1172878.094,X_LEG_2,15.25,42.64,1.01,1,1585,1641,SE
1172878.115,X_LEG_2,15.25,42.64,1.01,1,1585,1641,SE
1172878.136,X_LEG_2,15.25,42.64,1.01,1,1585,1641,SE
1172878.156,X_LEG_2,15.25,42.64,1.01,1,1585,1641,SE
1172878.177,X_LEG_2,15.25,42.64,1.01,1,1585,1641,SE
1172878.198,X_LEG_2,15.17,42.62,1.04,1,1585,1641,SE
1172878.219,X_LEG_2,15.17,42.62,1.04,1,1585,1641,SE
1172878.239,X_LEG_2,15.17,42.62,1.04,1,1585,1641,SE
1172878.260,X_LEG_2,15.17,42.62,1.04,1,1585,1641,SE
1172878.280,X_LEG_2,15.17,42.62,1.04,1,1585,1641,SE
1172878.301,X_LEG_2,15.06,42.57,1.07,1,1585,1641,SE
1172878.322,X_LEG_2,15.06,42.57,1.07,1,1585,1641,SE
1172878.342,X_LEG_2,15.06,42.57,1.07,1,1585,1641,SE
1172878.363,X_LEG_2,15.06,42.57,1.07,1,1585,1641,SE
1172878.383,X_LEG_2,15.06,42.57,1.07,1,1585,1641,SE
1172878.404,X_LEG_2,15.06,42.57,1.07,1,1585,1641,SE
1172878.424,X_LEG_2,15.06,42.57,1.07,1,1585,1641,SE
1172878.444,X_LEG_2,15.06,42.57,1.07,1,1585,1641,SE
1172878.465,X_LEG_2,15.06,42.57,1.07,1,1585,1641,SE
1172878.486,X_LEG_2,15.06,42.57,1.07,1,1585,1641,SE
1172878.507,X_LEG_2,14.99,42.54,1.08,1,1585,1641,SE
1172878.527,X_LEG_2,14.99,42.54,1.08,1,1585,1641,SE
1172878.548,X_LEG_2,14.99,42.54,1.08,1,1585,1641,SE
1172878.568,X_LEG_2,14.99,42.54,1.08,1,1585,1641,SE
1172878.589,X_LEG_2,14.99,42.54,1.08,1,1585,1641,SE
1172878.609,X_LEG_2,14.87,42.49,1.11,1,1585,1641,SE
1172878.629,X_LEG_2,14.87,42.49,1.11,1,1585,1641,SE
1172878.651,X_LEG_2,14.87,42.49,1.11,1,1585,1641,SE
1172878.671,X_LEG_2,14.87,42.49,1.11,1,1585,1641,SE
1172878.692,X_LEG_2,14.87,42.49,1.11,1,1585,1641,SE
1172878.715,X_LEG_2,14.87,42.47,1.14,1,1585,1641,SE
1172878.735,X_LEG_2,14.79,42.47,1.14,1,1585,1641,SE
1172878.756,X_LEG_2,14.79,42.47,1.14,1,1585,1641,SE
1172878.776,X_LEG_2,14.79,42.47,1.14,1,1585,1641,SE
1172878.797,X_LEG_2,14.79,42.47,1.14,1,1585,1641,SE
1172878.817,X_LEG_2,14.79,42.47,1.14,1,1585,1641,SE
1172878.840,X_LEG_2,14.79,42.47,1.14,1,1585,1641,SE
1172878.860,X_LEG_2,14.79,42.47,1.14,1,1585,1641,SE
1172878.881,X_LEG_2,14.79,42.47,1.14,1,1585,1641,SE
1172878.902,X_LEG_2,14.79,42.47,1.14,1,1585,1641,SE
1172878.922,X_LEG_2,14.68,42.42,1.17,1,1585,1641,SE
1172878.942,X_LEG_2,14.68,42.42,1.17,1,1585,1641,SE
1172878.963,X_LEG_2,14.68,42.42,1.17,1,1585,1641,SE
1172878.983,X_LEG_2,14.68,42.42,1.17,1,1585,1641,SE
1172879.003,X_LEG_2,14.68,42.42,1.17,1,1585,1641,SE
1172879.024,X_LEG_2,14.60,42.39,1.18,1,1585,1642,SE
1172879.044,X_LEG_2,14.60,42.39,1.18,1,1585,1642,SE
1172879.064,X_LEG_2,14.60,42.39,1.18,1,1585,1642,SE
1172879.086,X_LEG_2,14.60,42.39,1.18,1,1585,1642,SE
1172879.106,X_LEG_2,14.60,42.39,1.18,1,1585,1642,SE
1172879.127,X_LEG_2,14.49,42.34,1.20,1,1585,1642,SE
1172879.148,X_LEG_2,14.49,42.34,1.20,1,1585,1642,SE
1172879.168,X_LEG_2,14.49,42.34,1.20,1,1585,1642,SE
1172879.188,X_LEG_2,14.49,42.34,1.20,1,1585,1642,SE
1172879.209,X_LEG_2,14.49,42.34,1.20,1,1585,1642,SE
1172879.229,X_LEG_2,14.49,42.31,1.22,1,1585,1642,SE
1172879.250,X_LEG_2,14.41,42.31,1.22,1,1585,1642,SE
1172879.270,X_LEG_2,14.41,42.31,1.22,1,1585,1642,SE
1172879.291,X_LEG_2,14.41,42.31,1.22,1,1585,1642,SE
1172879.312,X_LEG_2,14.41,42.31,1.22,1,1585,1642,SE
1172879.332,X_LEG_2,14.33,42.28,1.25,1,1585,1643,SE
1172879.354,X_LEG_2,14.33,42.28,1.25,1,1585,1643,SE
1172879.374,X_LEG_2,14.33,42.28,1.25,1,1585,1643,SE
1172879.395,X_LEG_2,14.33,42.28,1.25,1,1585,1643,SE
1172879.415,X_LEG_2,14.33,42.28,1.25,1,1585,1643,SE
1172879.436,X_LEG_2,14.25,42.24,1.26,1,1584,1643,SE
1172879.456,X_LEG_2,14.25,42.24,1.26,1,1584,1643,SE
1172879.477,X_LEG_2,14.25,42.24,1.26,1,1584,1643,SE
1172879.497,X_LEG_2,14.25,42.24,1.26,1,1584,1643,SE
1172879.518,X_LEG_2,14.25,42.24,1.26,1,1584,1643,SE
1172879.538,X_LEG_2,14.17,42.21,1.28,1,1584,1643,SE
1172879.559,X_LEG_2,14.17,42.21,1.28,1,1584,1643,SE
1172879.579,X_LEG_2,14.17,42.21,1.28,1,1584,1643,SE
1172879.599,X_LEG_2,14.17,42.21,1.28,1,1584,1643,SE
1172879.621,X_LEG_2,14.17,42.21,1.28,1,1584,1643,SE
1172879.641,X_LEG_2,14.17,42.21,1.28,1,1584,1643,SE
1172879.662,X_LEG_2,14.17,42.21,1.28,1,1584,1643,SE
1172879.683,X_LEG_2,14.17,42.21,1.28,1,1584,1643,SE
1172879.704,X_LEG_2,14.17,42.21,1.28,1,1584,1643,SE
1172879.724,X_LEG_2,14.17,42.21,1.28,1,1584,1643,SE
1172879.745,X_LEG_2,14.05,42.17,1.30,1,1584,1643,SE
1172879.765,X_LEG_2,14.05,42.17,1.30,1,1584,1643,SE
1172879.785,X_LEG_2,14.05,42.17,1.30,1,1584,1643,SE
1172879.808,X_LEG_2,14.05,42.17,1.30,1,1584,1643,SE
1172879.828,X_LEG_2,14.05,42.17,1.30,1,1584,1643,SE
1172879.848,X_LEG_2,13.92,42.13,1.34,1,1584,1644,SE
1172879.870,X_LEG_2,13.92,42.13,1.34,1,1584,1644,SE
1172879.890,X_LEG_2,13.92,42.13,1.34,1,1584,1644,SE
1172879.910,X_LEG_2,13.92,42.13,1.34,1,1584,1644,SE
1172879.931,X_LEG_2,13.92,42.13,1.34,1,1584,1644,SE
1172879.951,X_LEG_2,13.80,42.08,1.37,1,1584,1644,SE
1172879.971,X_LEG_2,13.80,42.08,1.37,1,1584,1644,SE
1172879.992,X_LEG_2,13.80,42.08,1.37,1,1584,1644,SE
1172880.012,X_LEG_2,13.80,42.08,1.37,1,1584,1644,SE
1172880.033,X_LEG_2,13.80,42.08,1.37,1,1584,1644,SE
1172880.053,X_LEG_2,13.80,42.08,1.37,1,1584,1644,SE
1172880.074,X_LEG_2,13.80,42.08,1.37,1,1584,1644,SE
1172880.094,X_LEG_2,13.80,42.08,1.37,1,1584,1644,SE
1172880.115,X_LEG_2,13.80,42.08,1.37,1,1584,1644,SE
1172880.135,X_LEG_2,13.80,42.08,1.37,1,1584,1644,SE
1172880.155,X_LEG_2,13.67,42.04,1.39,1,1584,1644,SE
1172880.176,X_LEG_2,13.67,42.04,1.39,1,1584,1644,SE
1172880.198,X_LEG_2,13.67,42.04,1.39,1,1584,1644,SE
1172880.218,X_LEG_2,13.67,42.04,1.39,1,1584,1644,SE
1172880.239,X_LEG_2,13.67,42.04,1.39,1,1584,1644,SE
1172880.259,X_LEG_2,13.59,42.01,1.41,1,1584,1645,SE
1172880.280,X_LEG_2,13.59,42.01,1.41,1,1584,1645,SE
1172880.300,X_LEG_2,13.59,42.01,1.41,1,1584,1645,SE
1172880.322,X_LEG_2,13.59,42.01,1.41,1,1584,1645,SE
1172880.342,X_LEG_2,13.59,42.01,1.41,1,1584,1645,SE
1172880.363,X_LEG_2,13.51,41.96,1.42,1,1584,1645,SE
1172880.385,X_LEG_2,13.51,41.96,1.42,1,1584,1645,SE
1172880.405,X_LEG_2,13.51,41.96,1.42,1,1584,1645,SE
1172880.426,X_LEG_2,13.51,41.96,1.42,1,1584,1645,SE
1172880.446,X_LEG_2,13.51,41.96,1.42,1,1584,1645,SE
1172880.467,X_LEG_2,13.42,41.93,1.44,1,1584,1645,SE
1172880.487,X_LEG_2,13.42,41.93,1.44,1,1584,1645,SE
1172880.510,X_LEG_2,13.42,41.93,1.44,1,1584,1645,SE
1172880.531,X_LEG_2,13.42,41.93,1.44,1,1584,1645,SE
1172880.551,X_LEG_2,13.42,41.93,1.44,1,1584,1645,SE
1172880.574,X_LEG_2,13.34,41.90,1.46,1,1584,1645,SE
1172880.596,X_LEG_2,13.34,41.90,1.46,1,1584,1645,SE
1172880.616,X_LEG_2,13.34,41.90,1.46,1,1584,1645,SE
1172880.636,X_LEG_2,13.34,41.90,1.46,1,1584,1645,SE
1172880.657,X_LEG_2,13.34,41.90,1.46,1,1584,1645,SE
1172880.677,X_LEG_2,13.21,41.85,1.48,1,1584,1646,SE
1172880.699,X_LEG_2,13.21,41.85,1.48,1,1584,1646,SE
1172880.720,X_LEG_2,13.21,41.85,1.48,1,1584,1646,SE
1172880.740,X_LEG_2,13.21,41.85,1.48,1,1584,1646,SE
1172880.761,X_LEG_2,13.21,41.85,1.48,1,1584,1646,SE
1172880.783,X_LEG_2,13.21,41.85,1.48,1,1584,1646,SE
1172880.803,X_LEG_2,13.21,41.85,1.48,1,1584,1646,SE
1172880.824,X_LEG_2,13.21,41.85,1.48,1,1584,1646,SE
1172880.844,X_LEG_2,13.21,41.85,1.48,1,1584,1646,SE
1172880.865,X_LEG_2,13.21,41.85,1.48,1,1584,1646,SE
1172880.886,X_LEG_2,13.12,41.82,1.50,1,1584,1646,SE
1172880.906,X_LEG_2,13.12,41.82,1.50,1,1584,1646,SE
1172880.927,X_LEG_2,13.12,41.82,1.50,1,1584,1646,SE
1172880.948,X_LEG_2,13.12,41.82,1.50,1,1584,1646,SE
1172880.969,X_LEG_2,13.12,41.82,1.50,1,1584,1646,SE
1172880.989,X_LEG_2,13.04,41.79,1.51,1,1584,1646,SE
1172881.010,X_LEG_2,13.04,41.79,1.51,1,1584,1646,SE
1172881.030,X_LEG_2,13.04,41.79,1.51,1,1584,1646,SE
1172881.051,X_LEG_2,13.04,41.79,1.51,1,1584,1646,SE
1172881.071,X_LEG_2,13.04,41.79,1.51,1,1584,1646,SE
1172881.091,X_LEG_2,12.95,41.76,1.53,1,1584,1647,SE
1172881.112,X_LEG_2,12.95,41.76,1.53,1,1584,1647,SE
1172881.132,X_LEG_2,12.95,41.76,1.53,1,1584,1647,SE
1172881.153,X_LEG_2,12.95,41.76,1.53,1,1584,1647,SE
1172881.173,X_LEG_2,12.95,41.76,1.53,1,1584,1647,SE
1172881.194,X_LEG_2,12.86,41.73,1.55,1,1583,1647,SE
1172881.216,X_LEG_2,12.86,41.73,1.55,1,1583,1647,SE
1172881.237,X_LEG_2,12.86,41.73,1.55,1,1583,1647,SE
1172881.257,X_LEG_2,12.86,41.73,1.55,1,1583,1647,SE
1172881.277,X_LEG_2,12.86,41.73,1.55,1,1583,1647,SE
1172881.297,X_LEG_2,12.77,41.70,1.57,1,1583,1647,SE
1172881.318,X_LEG_2,12.77,41.70,1.57,1,1583,1647,SE
1172881.338,X_LEG_2,12.77,41.70,1.57,1,1583,1647,SE
1172881.358,X_LEG_2,12.77,41.70,1.57,1,1583,1647,SE
1172881.379,X_LEG_2,12.77,41.70,1.57,1,1583,1647,SE
1172881.399,X_LEG_2,12.77,41.70,1.57,1,1583,1647,SE
1172881.420,X_LEG_2,12.77,41.70,1.57,1,1583,1647,SE
1172881.440,X_LEG_2,12.77,41.70,1.57,1,1583,1647,SE
1172881.461,X_LEG_2,12.77,41.70,1.57,1,1583,1647,SE
1172881.481,X_LEG_2,12.77,41.70,1.57,1,1583,1647,SE
1172881.502,X_LEG_2,12.64,41.65,1.60,1,1583,1648,SE
1172881.523,X_LEG_2,12.64,41.65,1.60,1,1583,1648,SE
1172881.543,X_LEG_2,12.64,41.65,1.60,1,1583,1648,SE
1172881.563,X_LEG_2,12.64,41.65,1.60,1,1583,1648,SE
1172881.584,X_LEG_2,12.64,41.65,1.60,1,1583,1648,SE
1172881.606,X_LEG_2,12.51,41.60,1.63,1,1583,1648,SE
1172881.626,X_LEG_2,12.51,41.60,1.63,1,1583,1648,SE
1172881.647,X_LEG_2,12.51,41.60,1.63,1,1583,1648,SE
1172881.672,X_LEG_2,12.51,41.60,1.63,1,1583,1648,SE
1172881.693,X_LEG_2,12.51,41.60,1.63,1,1583,1648,SE
1172881.713,X_LEG_2,12.51,41.60,0.63,1,1583,1648,SE
1172881.734,X_LEG_2,12.51,41.60,0.63,1,1583,1648,SE
1172881.754,X_LEG_2,12.51,41.60,0.63,1,1583,1648,SE
1172881.776,X_LEG_2,12.51,41.60,0.63,1,1583,1648,SE
1172881.796,X_LEG_2,12.51,41.60,0.63,1,1583,1648,SE
1172881.817,X_LEG_2,12.42,41.57,0.64,1,1583,1648,SE
1172881.838,X_LEG_2,12.42,41.57,0.64,1,1583,1648,SE
1172881.858,X_LEG_2,12.42,41.57,0.64,1,1583,1648,SE
1172881.879,X_LEG_2,12.42,41.57,0.64,1,1583,1648,SE
1172881.900,X_LEG_2,12.42,41.57,0.64,1,1583,1648,SE
1172881.921,X_LEG_2,12.33,41.53,0.66,1,1583,1649,SE
1172881.941,X_LEG_2,12.33,41.53,0.66,1,1583,1649,SE
1172881.961,X_LEG_2,12.33,41.53,0.66,1,1583,1649,SE
1172881.982,X_LEG_2,12.33,41.53,0.66,1,1583,1649,SE
1172882.002,X_LEG_2,12.33,41.53,0.66,1,1583,1649,SE
1172882.023,X_LEG_2,12.24,41.50,0.67,1,1583,1649,SE
1172882.043,X_LEG_2,12.24,41.50,0.67,1,1583,1649,SE
1172882.064,X_LEG_2,12.24,41.50,0.67,1,1583,1649,SE
1172882.084,X_LEG_2,12.24,41.50,0.67,1,1583,1649,SE
1172882.104,X_LEG_2,12.24,41.50,0.67,1,1583,1649,SE
1172882.125,X_LEG_2,12.15,41.47,0.69,1,1583,1649,SE
1172882.145,X_LEG_2,12.15,41.47,0.69,1,1583,1649,SE
1172882.165,X_LEG_2,12.15,41.47,0.69,1,1583,1649,SE
1172882.186,X_LEG_2,12.15,41.47,0.69,1,1583,1649,SE
1172882.206,X_LEG_2,12.15,41.47,0.69,1,1583,1649,SE
1172882.226,X_LEG_2,12.02,41.42,0.71,1,1583,1649,SE
1172882.247,X_LEG_2,12.02,41.42,0.71,1,1583,1649,SE
1172882.267,X_LEG_2,12.02,41.42,0.71,1,1583,1649,SE
1172882.289,X_LEG_2,12.02,41.42,0.71,1,1583,1649,SE
1172882.310,X_LEG_2,12.02,41.42,0.71,1,1583,1649,SE
1172882.330,X_LEG_2,12.02,41.42,0.71,1,1583,1649,SE
1172882.352,X_LEG_2,12.02,41.42,0.71,1,1583,1649,SE
1172882.372,X_LEG_2,12.02,41.42,0.71,1,1583,1649,SE
1172882.393,X_LEG_2,12.02,41.42,0.71,1,1583,1649,SE
1172882.414,X_LEG_2,12.02,41.42,0.71,1,1583,1649,SE
1172882.435,X_LEG_2,11.88,41.36,0.74,1,1583,1650,SE
1172882.455,X_LEG_2,11.88,41.36,0.74,1,1583,1650,SE
1172882.475,X_LEG_2,11.88,41.36,0.74,1,1583,1650,SE
1172882.496,X_LEG_2,11.88,41.36,0.74,1,1583,1650,SE
1172882.516,X_LEG_2,11.88,41.36,0.74,1,1583,1650,SE
1172882.537,X_LEG_2,11.74,41.32,0.76,1,1583,1650,SE
1172882.557,X_LEG_2,11.74,41.32,0.76,1,1583,1650,SE
1172882.577,X_LEG_2,11.74,41.32,0.76,1,1583,1650,SE
1172882.598,X_LEG_2,11.74,41.32,0.76,1,1583,1650,SE
1172882.619,X_LEG_2,11.74,41.32,0.76,1,1583,1650,SE
1172882.639,X_LEG_2,11.61,41.27,0.79,1,1583,1651,SE
1172882.660,X_LEG_2,11.61,41.27,0.79,1,1583,1651,SE
1172882.681,X_LEG_2,11.61,41.27,0.79,1,1583,1651,SE
1172882.701,X_LEG_2,11.61,41.27,0.79,1,1583,1651,SE
1172882.722,X_LEG_2,11.61,41.27,0.79,1,1583,1651,SE
1172882.744,X_LEG_2,11.61,41.27,0.79,1,1583,1651,SE
1172882.764,X_LEG_2,11.61,41.27,0.79,1,1583,1651,SE
1172882.785,X_LEG_2,11.61,41.27,0.79,1,1583,1651,SE
1172882.806,X_LEG_2,11.61,41.27,0.79,1,1583,1651,SE
1172882.827,X_LEG_2,11.61,41.27,0.79,1,1583,1651,SE
1172882.847,X_LEG_2,11.47,41.23,0.81,1,1582,1651,SE
1172882.869,X_LEG_2,11.47,41.23,0.81,1,1582,1651,SE
1172882.890,X_LEG_2,11.47,41.23,0.81,1,1582,1651,SE
1172882.911,X_LEG_2,11.47,41.23,0.81,1,1582,1651,SE
1172882.932,X_LEG_2,11.47,41.23,0.81,1,1582,1651,SE
1172882.952,X_LEG_2,11.33,41.17,0.83,1,1582,1652,SE
1172882.972,X_LEG_2,11.33,41.17,0.83,1,1582,1652,SE
1172882.994,X_LEG_2,11.33,41.17,0.83,1,1582,1652,SE
1172883.014,X_LEG_2,11.33,41.17,0.83,1,1582,1652,SE
1172883.034,X_LEG_2,11.33,41.17,0.83,1,1582,1652,SE
1172883.055,X_LEG_2,11.23,41.14,0.85,1,1582,1652,SE
1172883.076,X_LEG_2,11.23,41.14,0.85,1,1582,1652,SE
1172883.096,X_LEG_2,11.23,41.14,0.85,1,1582,1652,SE
1172883.116,X_LEG_2,11.23,41.14,0.85,1,1582,1652,SE
1172883.137,X_LEG_2,11.23,41.14,0.85,1,1582,1652,SE
1172883.158,X_LEG_2,11.14,41.11,0.87,1,1582,1652,SE
1172883.178,X_LEG_2,11.14,41.11,0.87,1,1582,1652,SE
1172883.199,X_LEG_2,11.14,41.11,0.87,1,1582,1652,SE
1172883.219,X_LEG_2,11.14,41.11,0.87,1,1582,1652,SE
1172883.240,X_LEG_2,11.14,41.11,0.87,1,1582,1652,SE
1172883.261,X_LEG_2,11.14,41.11,0.87,1,1582,1652,SE
1172883.282,X_LEG_2,11.14,41.11,0.87,1,1582,1652,SE
1172883.302,X_LEG_2,11.14,41.11,0.87,1,1582,1652,SE
1172883.323,X_LEG_2,11.14,41.11,0.87,1,1582,1652,SE
1172883.344,X_LEG_2,11.14,41.11,0.87,1,1582,1652,SE
1172883.364,X_LEG_2,11.00,41.05,0.88,1,1582,1653,SE
1172883.384,X_LEG_2,11.00,41.05,0.88,1,1582,1653,SE
1172883.404,X_LEG_2,11.00,41.05,0.88,1,1582,1653,SE
1172883.425,X_LEG_2,11.00,41.05,0.88,1,1582,1653,SE
1172883.445,X_LEG_2,11.00,41.05,0.88,1,1582,1653,SE
1172883.465,X_LEG_2,10.91,41.02,0.90,1,1582,1653,SE
1172883.485,X_LEG_2,10.91,41.02,0.90,1,1582,1653,SE
1172883.506,X_LEG_2,10.91,41.02,0.90,1,1582,1653,SE
1172883.527,X_LEG_2,10.91,41.02,0.90,1,1582,1653,SE
1172883.547,X_LEG_2,10.91,41.02,0.90,1,1582,1653,SE
1172883.568,X_LEG_2,10.81,40.99,0.92,1,1582,1653,SE
1172883.589,X_LEG_2,10.81,40.99,0.92,1,1582,1653,SE
1172883.609,X_LEG_2,10.81,40.99,0.92,1,1582,1653,SE
1172883.630,X_LEG_2,10.81,40.99,0.92,1,1582,1653,SE
1172883.652,X_LEG_2,10.81,40.99,0.92,1,1582,1653,SE
1172883.672,X_LEG_2,10.67,40.94,0.93,1,1582,1653,SE
1172883.692,X_LEG_2,10.67,40.94,0.93,1,1582,1653,SE
1172883.713,X_LEG_2,10.67,40.94,0.93,1,1582,1653,SE
1172883.733,X_LEG_2,10.67,40.94,0.93,1,1582,1653,SE
1172883.754,X_LEG_2,10.67,40.94,0.93,1,1582,1653,SE
1172883.775,X_LEG_2,10.67,40.94,0.93,1,1582,1653,SE
1172883.795,X_LEG_2,10.67,40.94,0.93,1,1582,1653,SE
1172883.815,X_LEG_2,10.67,40.94,0.93,1,1582,1653,SE
1172883.836,X_LEG_2,10.67,40.94,0.93,1,1582,1653,SE
1172883.856,X_LEG_2,10.67,40.94,0.93,1,1582,1653,SE
1172883.877,X_LEG_2,10.53,40.89,0.97,1,1582,1654,SE
1172883.897,X_LEG_2,10.53,40.89,0.97,1,1582,1654,SE
1172883.917,X_LEG_2,10.53,40.89,0.97,1,1582,1654,SE
1172883.938,X_LEG_2,10.53,40.89,0.97,1,1582,1654,SE
1172883.958,X_LEG_2,10.53,40.89,0.97,1,1582,1654,SE
1172883.979,X_LEG_2,10.43,40.86,0.98,1,1582,1654,SE
1172884.000,X_LEG_2,10.43,40.86,0.98,1,1582,1654,SE
1172884.021,X_LEG_2,10.43,40.86,0.98,1,1582,1654,SE
1172884.041,X_LEG_2,10.43,40.86,0.98,1,1582,1654,SE
1172884.062,X_LEG_2,10.43,40.86,0.98,1,1582,1654,SE
1172884.082,X_LEG_2,10.29,40.80,1.00,1,1582,1655,SE
1172884.103,X_LEG_2,10.29,40.80,1.00,1,1582,1655,SE
1172884.124,X_LEG_2,10.29,40.80,1.00,1,1582,1655,SE
1172884.144,X_LEG_2,10.29,40.80,1.00,1,1582,1655,SE
1172884.166,X_LEG_2,10.29,40.80,1.00,1,1582,1655,SE
1172884.186,X_LEG_2,10.20,40.77,1.02,1,1582,1655,SE
1172884.207,X_LEG_2,10.20,40.77,1.02,1,1582,1655,SE
1172884.227,X_LEG_2,10.20,40.77,1.02,1,1582,1655,SE
1172884.248,X_LEG_2,10.20,40.77,1.02,1,1582,1655,SE
1172884.268,X_LEG_2,10.20,40.77,1.02,1,1582,1655,SE
1172884.289,X_LEG_2,10.05,40.71,1.04,1,1581,1655,SE
1172884.309,X_LEG_2,10.05,40.71,1.04,1,1581,1655,SE
1172884.329,X_LEG_2,10.05,40.71,1.04,1,1581,1655,SE
1172884.350,X_LEG_2,10.05,40.71,1.04,1,1581,1655,SE
1172884.371,X_LEG_2,10.05,40.71,1.04,1,1581,1655,SE
1172884.392,X_LEG_2,10.05,40.71,1.04,1,1581,1655,SE
1172884.412,X_LEG_2,10.05,40.71,1.04,1,1581,1655,SE
1172884.433,X_LEG_2,10.05,40.71,1.04,1,1581,1655,SE
1172884.454,X_LEG_2,10.05,40.71,1.04,1,1581,1655,SE
1172884.474,X_LEG_2,10.05,40.71,1.04,1,1581,1655,SE
1172884.495,X_LEG_2,9.96,40.68,1.05,1,1581,1656,SE
1172884.515,X_LEG_2,9.96,40.68,1.05,1,1581,1656,SE
1172884.536,X_LEG_2,9.96,40.68,1.05,1,1581,1656,SE
1172884.556,X_LEG_2,9.96,40.68,1.05,1,1581,1656,SE
1172884.577,X_LEG_2,9.96,40.68,1.05,1,1581,1656,SE
1172884.597,X_LEG_2,9.86,40.65,1.07,1,1581,1656,SE
1172884.617,X_LEG_2,9.86,40.65,1.07,1,1581,1656,SE
1172884.638,X_LEG_2,9.86,40.65,1.07,1,1581,1656,SE
1172884.658,X_LEG_2,9.86,40.65,1.07,1,1581,1656,SE
1172884.679,X_LEG_2,9.86,40.65,1.07,1,1581,1656,SE
1172884.700,X_LEG_2,9.77,40.61,1.08,1,1581,1656,SE
1172884.720,X_LEG_2,9.77,40.61,1.08,1,1581,1656,SE
1172884.741,X_LEG_2,9.77,40.61,1.08,1,1581,1656,SE
1172884.762,X_LEG_2,9.77,40.61,1.08,1,1581,1656,SE
1172884.783,X_LEG_2,9.77,40.61,1.08,1,1581,1656,SE
1172884.803,X_LEG_2,9.67,40.58,1.10,1,1581,1656,SE
1172884.824,X_LEG_2,9.67,40.58,1.10,1,1581,1656,SE
1172884.844,X_LEG_2,9.67,40.58,1.10,1,1581,1656,SE
1172884.865,X_LEG_2,9.67,40.58,1.10,1,1581,1656,SE
1172884.885,X_LEG_2,9.67,40.58,1.10,1,1581,1656,SE
1172884.906,X_LEG_2,9.67,40.58,1.10,1,1581,1656,SE
1172884.926,X_LEG_2,9.67,40.58,1.10,1,1581,1656,SE
1172884.946,X_LEG_2,9.67,40.58,1.10,1,1581,1656,SE
1172884.967,X_LEG_2,9.67,40.58,1.10,1,1581,1656,SE
1172884.988,X_LEG_2,9.67,40.58,1.10,1,1581,1656,SE
1172885.008,X_LEG_2,9.53,40.52,1.12,1,1581,1657,SE
1172885.029,X_LEG_2,9.53,40.52,1.12,1,1581,1657,SE
1172885.049,X_LEG_2,9.53,40.52,1.12,1,1581,1657,SE
1172885.070,X_LEG_2,9.53,40.52,1.12,1,1581,1657,SE
1172885.091,X_LEG_2,9.53,40.52,1.12,1,1581,1657,SE
1172885.111,X_LEG_2,9.38,40.48,1.14,1,1581,1657,SE
1172885.132,X_LEG_2,9.38,40.48,1.14,1,1581,1657,SE
1172885.152,X_LEG_2,9.38,40.48,1.14,1,1581,1657,SE
1172885.172,X_LEG_2,9.38,40.48,1.14,1,1581,1657,SE
1172885.193,X_LEG_2,9.38,40.48,1.14,1,1581,1657,SE
1172885.213,X_LEG_2,9.28,40.44,1.15,1,1581,1658,SE
1172885.234,X_LEG_2,9.28,40.44,1.15,1,1581,1658,SE
1172885.254,X_LEG_2,9.28,40.44,1.15,1,1581,1658,SE
1172885.275,X_LEG_2,9.28,40.44,1.15,1,1581,1658,SE
1172885.296,X_LEG_2,9.28,40.44,1.15,1,1581,1658,SE
1172885.316,X_LEG_2,9.28,40.44,1.15,1,1581,1658,SE
1172885.336,X_LEG_2,9.28,40.44,1.15,1,1581,1658,SE
1172885.358,X_LEG_2,9.28,40.44,1.15,1,1581,1658,SE
1172885.378,X_LEG_2,9.28,40.44,1.15,1,1581,1658,SE
1172885.398,X_LEG_2,9.28,40.44,1.15,1,1581,1658,SE
1172885.419,X_LEG_2,9.28,40.39,1.18,1,1581,1658,SE
1172885.439,X_LEG_2,9.14,40.39,1.18,1,1581,1658,SE
1172885.460,X_LEG_2,9.14,40.39,1.18,1,1581,1658,SE
1172885.480,X_LEG_2,9.14,40.39,1.18,1,1581,1658,SE
1172885.501,X_LEG_2,9.14,40.39,1.18,1,1581,1658,SE
1172885.521,X_LEG_2,9.04,40.35,1.19,1,1581,1658,SE
1172885.542,X_LEG_2,9.04,40.35,1.19,1,1581,1658,SE
1172885.562,X_LEG_2,9.04,40.35,1.19,1,1581,1658,SE
1172885.583,X_LEG_2,9.04,40.35,1.19,1,1581,1658,SE
1172885.603,X_LEG_2,9.04,40.35,1.19,1,1581,1658,SE
1172885.624,X_LEG_2,8.90,40.31,1.21,1,1581,1659,SE
1172885.645,X_LEG_2,8.90,40.31,1.21,1,1581,1659,SE
1172885.665,X_LEG_2,8.90,40.31,1.21,1,1581,1659,SE
1172885.686,X_LEG_2,8.90,40.31,1.21,1,1581,1659,SE
1172885.706,X_LEG_2,8.90,40.31,1.21,1,1581,1659,SE
1172885.727,X_LEG_2,8.80,40.27,1.22,1,1581,1659,SE
1172885.747,X_LEG_2,8.80,40.27,1.22,1,1581,1659,SE
1172885.768,X_LEG_2,8.80,40.27,1.22,1,1581,1659,SE
1172885.788,X_LEG_2,8.80,40.27,1.22,1,1581,1659,SE
1172885.809,X_LEG_2,8.80,40.27,1.22,1,1581,1659,SE
1172885.829,X_LEG_2,8.65,40.22,1.24,1,1580,1660,SE
1172885.850,X_LEG_2,8.65,40.22,1.24,1,1580,1660,SE
1172885.870,X_LEG_2,8.65,40.22,1.24,1,1580,1660,SE
1172885.891,X_LEG_2,8.65,40.22,1.24,1,1580,1660,SE
1172885.911,X_LEG_2,8.65,40.22,1.24,1,1580,1660,SE
1172885.932,X_LEG_2,8.65,40.22,1.24,1,1580,1660,SE
1172885.952,X_LEG_2,8.65,40.22,1.24,1,1580,1660,SE
1172885.973,X_LEG_2,8.65,40.22,1.24,1,1580,1660,SE
1172885.994,X_LEG_2,8.65,40.22,1.24,1,1580,1660,SE
1172886.014,X_LEG_2,8.65,40.22,1.24,1,1580,1660,SE
1172886.035,X_LEG_2,8.51,40.16,1.27,1,1580,1660,SE
1172886.055,X_LEG_2,8.51,40.16,1.27,1,1580,1660,SE
1172886.076,X_LEG_2,8.51,40.16,1.27,1,1580,1660,SE
1172886.096,X_LEG_2,8.51,40.16,1.27,1,1580,1660,SE
1172886.117,X_LEG_2,8.51,40.16,1.27,1,1580,1660,SE
1172886.137,X_LEG_2,8.41,40.13,1.29,1,1580,1660,SE
1172886.158,X_LEG_2,8.41,40.13,1.29,1,1580,1660,SE
1172886.178,X_LEG_2,8.41,40.13,1.29,1,1580,1660,SE
1172886.198,X_LEG_2,8.41,40.13,1.29,1,1580,1660,SE
1172886.220,X_LEG_2,8.41,40.13,1.29,1,1580,1660,SE
1172886.240,X_LEG_2,8.31,40.09,1.30,1,1580,1661,SE
1172886.260,X_LEG_2,8.31,40.09,1.30,1,1580,1661,SE
1172886.280,X_LEG_2,8.31,40.09,1.30,1,1580,1661,SE
1172886.301,X_LEG_2,8.31,40.09,1.30,1,1580,1661,SE
1172886.322,X_LEG_2,8.31,40.09,1.30,1,1580,1661,SE
1172886.342,X_LEG_2,8.31,40.09,1.30,1,1580,1661,SE
1172886.363,X_LEG_2,8.31,40.09,1.30,1,1580,1661,SE
1172886.383,X_LEG_2,8.31,40.09,1.30,1,1580,1661,SE
1172886.404,X_LEG_2,8.31,40.09,1.30,1,1580,1661,SE
1172886.424,X_LEG_2,8.31,40.09,1.30,1,1580,1661,SE
1172886.445,X_LEG_2,8.17,40.05,1.32,1,1580,1661,SE
1172886.465,X_LEG_2,8.17,40.05,1.32,1,1580,1661,SE
1172886.486,X_LEG_2,8.17,40.05,1.32,1,1580,1661,SE
1172886.506,X_LEG_2,8.17,40.05,1.32,1,1580,1661,SE
1172886.527,X_LEG_2,8.17,40.05,1.32,1,1580,1661,SE
1172886.547,X_LEG_2,8.07,40.01,1.33,1,1580,1661,SE
1172886.568,X_LEG_2,8.07,40.01,1.33,1,1580,1661,SE
1172886.588,X_LEG_2,8.07,40.01,1.33,1,1580,1661,SE
1172886.609,X_LEG_2,8.07,40.01,1.33,1,1580,1661,SE
1172886.629,X_LEG_2,8.07,40.01,1.33,1,1580,1661,SE
1172886.650,X_LEG_2,8.07,40.01,0.33,1,1580,1661,SE
1172886.670,X_LEG_2,8.07,40.01,0.33,1,1580,1661,SE
1172886.690,X_LEG_2,8.07,40.01,0.33,1,1580,1661,SE
1172886.711,X_LEG_2,8.07,40.01,0.33,1,1580,1661,SE
1172886.731,X_LEG_2,8.07,40.01,0.33,1,1580,1661,SE
1172886.752,X_LEG_2,7.93,39.96,0.36,1,1580,1662,SE
1172886.772,X_LEG_2,7.93,39.96,0.36,1,1580,1662,SE
1172886.793,X_LEG_2,7.93,39.96,0.36,1,1580,1662,SE
1172886.813,X_LEG_2,7.93,39.96,0.36,1,1580,1662,SE
1172886.834,X_LEG_2,7.93,39.96,0.36,1,1580,1662,SE
1172886.854,X_LEG_2,7.83,39.92,0.37,1,1580,1662,SE
1172886.874,X_LEG_2,7.83,39.92,0.37,1,1580,1662,SE
1172886.895,X_LEG_2,7.83,39.92,0.37,1,1580,1662,SE
1172886.916,X_LEG_2,7.83,39.92,0.37,1,1580,1662,SE
1172886.936,X_LEG_2,7.83,39.92,0.37,1,1580,1662,SE
1172886.957,X_LEG_2,7.69,39.87,0.38,1,1580,1662,SE
1172886.978,X_LEG_2,7.69,39.87,0.38,1,1580,1662,SE
1172886.999,X_LEG_2,7.69,39.87,0.38,1,1580,1662,SE
1172887.019,X_LEG_2,7.69,39.87,0.38,1,1580,1662,SE
1172887.040,X_LEG_2,7.69,39.87,0.38,1,1580,1662,SE
1172887.060,X_LEG_2,7.59,39.84,0.40,1,1580,1663,SE
1172887.083,X_LEG_2,7.59,39.84,0.40,1,1580,1663,SE
1172887.104,X_LEG_2,7.59,39.84,0.40,1,1580,1663,SE
1172887.124,X_LEG_2,7.59,39.84,0.40,1,1580,1663,SE
1172887.145,X_LEG_2,7.59,39.84,0.40,1,1580,1663,SE
1172887.166,X_LEG_2,7.49,39.80,0.41,1,1580,1663,SE
1172887.187,X_LEG_2,7.49,39.80,0.41,1,1580,1663,SE
1172887.208,X_LEG_2,7.49,39.80,0.41,1,1580,1663,SE
1172887.229,X_LEG_2,7.49,39.80,0.41,1,1580,1663,SE
1172887.251,X_LEG_2,7.49,39.80,0.41,1,1580,1663,SE
1172887.271,X_LEG_2,7.40,39.77,0.42,1,1580,1663,SE
1172887.292,X_LEG_2,7.40,39.77,0.42,1,1580,1663,SE
1172887.312,X_LEG_2,7.40,39.77,0.42,1,1580,1663,SE
1172887.333,X_LEG_2,7.40,39.77,0.42,1,1580,1663,SE
1172887.354,X_LEG_2,7.40,39.77,0.42,1,1580,1663,SE
1172887.374,X_LEG_2,7.40,39.77,0.42,1,1580,1663,SE
1172887.394,X_LEG_2,7.40,39.77,0.42,1,1580,1663,SE
1172887.415,X_LEG_2,7.40,39.77,0.42,1,1580,1663,SE
1172887.436,X_LEG_2,7.40,39.77,0.42,1,1580,1663,SE
1172887.460,X_LEG_2,7.40,39.77,0.42,1,1580,1663,SE
1172887.481,X_LEG_2,7.30,39.73,0.43,1,1579,1664,SE
1172887.502,X_LEG_2,7.30,39.73,0.43,1,1579,1664,SE
1172887.522,X_LEG_2,7.30,39.73,0.43,1,1579,1664,SE
1172887.542,X_LEG_2,7.30,39.73,0.43,1,1579,1664,SE
1172887.563,X_LEG_2,7.30,39.73,0.43,1,1579,1664,SE
1172887.583,X_LEG_2,7.21,39.70,0.45,1,1579,1664,SE
1172887.604,X_LEG_2,7.21,39.70,0.45,1,1579,1664,SE
1172887.624,X_LEG_2,7.21,39.70,0.45,1,1579,1664,SE
1172887.645,X_LEG_2,7.21,39.70,0.45,1,1579,1664,SE
1172887.666,X_LEG_2,7.21,39.70,0.45,1,1579,1664,SE
1172887.686,X_LEG_2,7.11,39.66,0.46,1,1579,1664,SE
1172887.708,X_LEG_2,7.11,39.66,0.46,1,1579,1664,SE
1172887.728,X_LEG_2,7.11,39.66,0.46,1,1579,1664,SE
1172887.749,X_LEG_2,7.11,39.66,0.46,1,1579,1664,SE
1172887.770,X_LEG_2,7.11,39.66,0.46,1,1579,1664,SE
1172887.790,X_LEG_2,7.01,39.62,0.48,1,1579,1664,SE
1172887.812,X_LEG_2,7.01,39.62,0.48,1,1579,1664,SE
1172887.831,X_LEG_2,7.01,39.62,0.48,1,1579,1664,SE
1172887.852,X_LEG_2,7.01,39.62,0.48,1,1579,1664,SE
1172887.873,X_LEG_2,7.01,39.62,0.48,1,1579,1664,SE
1172887.893,X_LEG_2,7.01,39.62,0.48,1,1579,1664,SE
1172887.914,X_LEG_2,7.01,39.62,0.48,1,1579,1664,SE
1172887.934,X_LEG_2,7.01,39.62,0.48,1,1579,1664,SE
1172887.955,X_LEG_2,7.01,39.62,0.48,1,1579,1664,SE
1172887.975,X_LEG_2,7.01,39.62,0.48,1,1579,1664,SE
1172887.996,X_LEG_2,6.87,39.57,0.50,1,1579,1665,SE
1172888.016,X_LEG_2,6.87,39.57,0.50,1,1579,1665,SE
1172888.037,X_LEG_2,6.87,39.57,0.50,1,1579,1665,SE
1172888.057,X_LEG_2,6.87,39.57,0.50,1,1579,1665,SE
1172888.079,X_LEG_2,6.87,39.57,0.50,1,1579,1665,SE
1172888.098,X_LEG_2,6.77,39.53,0.51,1,1579,1665,SE
1172888.119,X_LEG_2,6.77,39.53,0.51,1,1579,1665,SE
1172888.139,X_LEG_2,6.77,39.53,0.51,1,1579,1665,SE
1172888.160,X_LEG_2,6.77,39.53,0.51,1,1579,1665,SE
1172888.181,X_LEG_2,6.77,39.53,0.51,1,1579,1665,SE
1172888.201,X_LEG_2,6.68,39.50,0.52,1,1579,1665,SE
1172888.221,X_LEG_2,6.68,39.50,0.52,1,1579,1665,SE
1172888.242,X_LEG_2,6.68,39.50,0.52,1,1579,1665,SE
1172888.262,X_LEG_2,6.68,39.50,0.52,1,1579,1665,SE
1172888.283,X_LEG_2,6.68,39.50,0.52,1,1579,1665,SE
1172888.304,X_LEG_2,6.58,39.46,0.53,1,1579,1666,SE
1172888.324,X_LEG_2,6.58,39.46,0.53,1,1579,1666,SE
1172888.345,X_LEG_2,6.58,39.46,0.53,1,1579,1666,SE
1172888.365,X_LEG_2,6.58,39.46,0.53,1,1579,1666,SE
1172888.386,X_LEG_2,6.58,39.46,0.53,1,1579,1666,SE
1172888.408,X_LEG_2,6.58,39.46,0.53,1,1579,1666,SE
1172888.428,X_LEG_2,6.58,39.46,0.53,1,1579,1666,SE
1172888.448,X_LEG_2,6.58,39.46,0.53,1,1579,1666,SE
1172888.469,X_LEG_2,6.58,39.46,0.53,1,1579,1666,SE
1172888.490,X_LEG_2,6.58,39.46,0.53,1,1579,1666,SE
1172888.510,X_LEG_2,6.44,39.42,0.55,1,1579,1666,SE
1172888.532,X_LEG_2,6.44,39.42,0.55,1,1579,1666,SE
1172888.553,X_LEG_2,6.44,39.42,0.55,1,1579,1666,SE
1172888.573,X_LEG_2,6.44,39.42,0.55,1,1579,1666,SE
1172888.595,X_LEG_2,6.44,39.42,0.55,1,1579,1666,SE
1172888.615,X_LEG_2,6.30,39.36,0.58,1,1579,1667,SE
1172888.636,X_LEG_2,6.30,39.36,0.58,1,1579,1667,SE
1172888.656,X_LEG_2,6.30,39.36,0.58,1,1579,1667,SE
1172888.677,X_LEG_2,6.30,39.36,0.58,1,1579,1667,SE
1172888.697,X_LEG_2,6.30,39.36,0.58,1,1579,1667,SE
1172888.718,X_LEG_2,6.20,39.32,0.58,1,1579,1667,SE
1172888.739,X_LEG_2,6.20,39.32,0.58,1,1579,1667,SE
1172888.759,X_LEG_2,6.20,39.32,0.58,1,1579,1667,SE
1172888.779,X_LEG_2,6.20,39.32,0.58,1,1579,1667,SE
1172888.800,X_LEG_2,6.20,39.32,0.58,1,1579,1667,SE
1172888.820,X_LEG_2,6.11,39.29,0.60,1,1579,1667,SE
1172888.842,X_LEG_2,6.11,39.29,0.60,1,1579,1667,SE
1172888.862,X_LEG_2,6.11,39.29,0.60,1,1579,1667,SE
1172888.882,X_LEG_2,6.11,39.29,0.60,1,1579,1667,SE
1172888.903,X_LEG_2,6.11,39.29,0.60,1,1579,1667,SE
1172888.923,X_LEG_2,6.11,39.29,0.60,1,1579,1667,SE
1172888.943,X_LEG_2,6.11,39.29,0.60,1,1579,1667,SE
1172888.964,X_LEG_2,6.11,39.29,0.60,1,1579,1667,SE
1172888.984,X_LEG_2,6.11,39.29,0.60,1,1579,1667,SE
1172889.005,X_LEG_2,6.11,39.29,0.60,1,1579,1667,SE
1172889.025,X_LEG_2,5.87,39.20,0.63,1,1578,1668,SE
1172889.046,X_LEG_2,5.87,39.20,0.63,1,1578,1668,SE
1172889.066,X_LEG_2,5.87,39.20,0.63,1,1578,1668,SE
1172889.086,X_LEG_2,5.87,39.20,0.63,1,1578,1668,SE
1172889.108,X_LEG_2,5.87,39.20,0.63,1,1578,1668,SE
1172889.129,X_LEG_2,5.87,39.20,0.63,1,1578,1668,SE
1172889.149,X_LEG_2,5.87,39.20,0.63,1,1578,1668,SE
1172889.170,X_LEG_2,5.87,39.20,0.63,1,1578,1668,SE
1172889.191,X_LEG_2,5.87,39.20,0.63,1,1578,1668,SE
1172889.211,X_LEG_2,5.87,39.20,0.63,1,1578,1668,SE
1172889.233,X_LEG_2,5.73,39.14,0.65,1,1578,1668,SE
1172889.253,X_LEG_2,5.73,39.14,0.65,1,1578,1668,SE
1172889.274,X_LEG_2,5.73,39.14,0.65,1,1578,1668,SE
1172889.294,X_LEG_2,5.73,39.14,0.65,1,1578,1668,SE
1172889.315,X_LEG_2,5.73,39.14,0.65,1,1578,1668,SE
1172889.335,X_LEG_2,5.64,39.11,0.66,1,1578,1669,SE
1172889.357,X_LEG_2,5.64,39.11,0.66,1,1578,1669,SE
1172889.378,X_LEG_2,5.64,39.11,0.66,1,1578,1669,SE
1172889.399,X_LEG_2,5.64,39.11,0.66,1,1578,1669,SE
1172889.420,X_LEG_2,5.64,39.11,0.66,1,1578,1669,SE
1172889.440,X_LEG_2,5.64,39.11,0.66,1,1578,1669,SE
1172889.460,X_LEG_2,5.64,39.11,0.66,1,1578,1669,SE
1172889.481,X_LEG_2,5.64,39.11,0.66,1,1578,1669,SE
1172889.501,X_LEG_2,5.64,39.11,0.66,1,1578,1669,SE
1172889.522,X_LEG_2,5.64,39.11,0.66,1,1578,1669,SE
1172889.542,X_LEG_2,5.64,39.11,0.66,1,1578,1669,SE
1172889.563,X_LEG_2,5.64,39.11,0.66,1,1578,1669,SE
1172889.583,X_LEG_2,5.64,39.11,0.66,1,1578,1669,SE
1172889.604,X_LEG_2,5.64,39.11,0.66,1,1578,1669,SE
1172889.624,X_LEG_2,5.64,39.11,0.66,1,1578,1669,SE
1172889.645,X_LEG_2,5.41,39.01,0.69,1,1578,1669,SE
1172889.665,X_LEG_2,5.41,39.01,0.69,1,1578,1669,SE
1172889.685,X_LEG_2,5.41,39.01,0.69,1,1578,1669,SE
1172889.706,X_LEG_2,5.41,39.01,0.69,1,1578,1669,SE
1172889.726,X_LEG_2,5.41,39.01,0.69,1,1578,1669,SE
1172889.747,X_LEG_2,5.27,38.96,0.71,1,1578,1670,SE
1172889.767,X_LEG_2,5.27,38.96,0.71,1,1578,1670,SE
1172889.788,X_LEG_2,5.27,38.96,0.71,1,1578,1670,SE
1172889.808,X_LEG_2,5.27,38.96,0.71,1,1578,1670,SE
1172889.829,X_LEG_2,5.27,38.96,0.71,1,1578,1670,SE
1172889.850,X_LEG_2,5.18,38.93,0.73,1,1578,1670,SE
1172889.870,X_LEG_2,5.18,38.93,0.73,1,1578,1670,SE
1172889.891,X_LEG_2,5.18,38.93,0.73,1,1578,1670,SE
1172889.911,X_LEG_2,5.18,38.93,0.73,1,1578,1670,SE
1172889.932,X_LEG_2,5.18,38.93,0.73,1,1578,1670,SE
1172889.952,X_LEG_2,5.09,38.89,0.73,1,1578,1670,SE
1172889.973,X_LEG_2,5.09,38.89,0.73,1,1578,1670,SE
1172889.993,X_LEG_2,5.09,38.89,0.73,1,1578,1670,SE
1172890.013,X_LEG_2,5.09,38.89,0.73,1,1578,1670,SE
1172890.034,X_LEG_2,5.09,38.89,0.73,1,1578,1670,SE
1172890.054,X_LEG_2,5.09,38.89,0.73,1,1578,1670,SE
1172890.075,X_LEG_2,5.09,38.89,0.73,1,1578,1670,SE
1172890.096,X_LEG_2,5.09,38.89,0.73,1,1578,1670,SE
1172890.116,X_LEG_2,5.09,38.89,0.73,1,1578,1670,SE
1172890.137,X_LEG_2,5.09,38.89,0.73,1,1578,1670,SE
1172890.157,X_LEG_2,4.95,38.84,0.75,1,1578,1671,SE
1172890.177,X_LEG_2,4.95,38.84,0.75,1,1578,1671,SE
1172890.198,X_LEG_2,4.95,38.84,0.75,1,1578,1671,SE
1172890.219,X_LEG_2,4.95,38.84,0.75,1,1578,1671,SE
1172890.239,X_LEG_2,4.95,38.84,0.75,1,1578,1671,SE
1172890.260,X_LEG_2,4.81,38.78,0.76,1,1578,1671,SE
1172890.280,X_LEG_2,4.81,38.78,0.76,1,1578,1671,SE
1172890.302,X_LEG_2,4.81,38.78,0.76,1,1578,1671,SE
1172890.322,X_LEG_2,4.81,38.78,0.76,1,1578,1671,SE
1172890.342,X_LEG_2,4.81,38.78,0.76,1,1578,1671,SE
1172890.363,X_LEG_2,4.73,38.75,0.78,1,1578,1671,SE
1172890.383,X_LEG_2,4.73,38.75,0.78,1,1578,1671,SE
1172890.404,X_LEG_2,4.73,38.75,0.78,1,1578,1671,SE
1172890.424,X_LEG_2,4.73,38.75,0.78,1,1578,1671,SE
1172890.445,X_LEG_2,4.73,38.75,0.78,1,1578,1671,SE
1172890.466,X_LEG_2,4.73,38.75,0.78,1,1578,1671,SE
1172890.486,X_LEG_2,4.73,38.75,0.78,1,1578,1671,SE
1172890.507,X_LEG_2,4.73,38.75,0.78,1,1578,1671,SE
1172890.527,X_LEG_2,4.73,38.75,0.78,1,1578,1671,SE
1172890.548,X_LEG_2,4.73,38.75,0.78,1,1578,1671,SE
1172890.569,X_LEG_2,4.59,38.70,0.80,1,1577,1672,SE
1172890.591,X_LEG_2,4.59,38.70,0.80,1,1577,1672,SE
1172890.611,X_LEG_2,4.59,38.70,0.80,1,1577,1672,SE
1172890.631,X_LEG_2,4.59,38.70,0.80,1,1577,1672,SE
1172890.652,X_LEG_2,4.59,38.70,0.80,1,1577,1672,SE
1172890.672,X_LEG_2,4.50,38.66,0.81,1,1577,1672,SE
1172890.693,X_LEG_2,4.50,38.66,0.81,1,1577,1672,SE
1172890.713,X_LEG_2,4.50,38.66,0.81,1,1577,1672,SE
1172890.735,X_LEG_2,4.50,38.66,0.81,1,1577,1672,SE
1172890.756,X_LEG_2,4.50,38.66,0.81,1,1577,1672,SE
1172890.776,X_LEG_2,4.41,38.63,0.82,1,1577,1672,SE
1172890.798,X_LEG_2,4.41,38.63,0.82,1,1577,1672,SE
1172890.818,X_LEG_2,4.41,38.63,0.82,1,1577,1672,SE
1172890.838,X_LEG_2,4.41,38.63,0.82,1,1577,1672,SE
1172890.859,X_LEG_2,4.41,38.63,0.82,1,1577,1672,SE
1172890.881,X_LEG_2,4.32,38.59,0.83,1,1577,1673,SE
1172890.901,X_LEG_2,4.32,38.59,0.83,1,1577,1673,SE
1172890.921,X_LEG_2,4.32,38.59,0.83,1,1577,1673,SE
1172890.943,X_LEG_2,4.32,38.59,0.83,1,1577,1673,SE
1172890.963,X_LEG_2,4.32,38.59,0.83,1,1577,1673,SE
1172890.984,X_LEG_2,4.32,38.59,0.83,1,1577,1673,SE
1172891.004,X_LEG_2,4.32,38.59,0.83,1,1577,1673,SE
1172891.024,X_LEG_2,4.32,38.59,0.83,1,1577,1673,SE
1172891.045,X_LEG_2,4.32,38.59,0.83,1,1577,1673,SE
1172891.065,X_LEG_2,4.32,38.59,0.83,1,1577,1673,SE
1172891.085,X_LEG_2,4.10,38.49,0.86,1,1577,1673,SE
1172891.106,X_LEG_2,4.10,38.49,0.86,1,1577,1673,SE
1172891.126,X_LEG_2,4.10,38.49,0.86,1,1577,1673,SE
1172891.147,X_LEG_2,4.10,38.49,0.86,1,1577,1673,SE
1172891.167,X_LEG_2,4.10,38.49,0.86,1,1577,1673,SE
1172891.188,X_LEG_2,4.10,38.49,0.86,1,1577,1673,SE
1172891.210,X_LEG_2,4.10,38.49,0.86,1,1577,1673,SE
1172891.230,X_LEG_2,4.10,38.49,0.86,1,1577,1673,SE
1172891.251,X_LEG_2,4.10,38.49,0.86,1,1577,1673,SE
1172891.272,X_LEG_2,4.10,38.49,0.86,1,1577,1673,SE
1172891.292,X_LEG_2,3.97,38.44,0.88,1,1577,1674,SE
1172891.313,X_LEG_2,3.97,38.44,0.88,1,1577,1674,SE
1172891.334,X_LEG_2,3.97,38.44,0.88,1,1577,1674,SE
1172891.355,X_LEG_2,3.97,38.44,0.88,1,1577,1674,SE
1172891.375,X_LEG_2,3.97,38.44,0.88,1,1577,1674,SE
1172891.395,X_LEG_2,3.88,38.41,0.89,1,1577,1674,SE
1172891.416,X_LEG_2,3.88,38.41,0.89,1,1577,1674,SE
1172891.436,X_LEG_2,3.88,38.41,0.89,1,1577,1674,SE
1172891.456,X_LEG_2,3.88,38.41,0.89,1,1577,1674,SE
1172891.477,X_LEG_2,3.88,38.41,0.89,1,1577,1674,SE
1172891.498,X_LEG_2,3.75,38.36,0.90,1,1577,1674,SE
1172891.518,X_LEG_2,3.75,38.36,0.90,1,1577,1674,SE
1172891.539,X_LEG_2,3.75,38.36,0.90,1,1577,1674,SE
1172891.559,X_LEG_2,3.75,38.36,0.90,1,1577,1674,SE
1172891.580,X_LEG_2,3.75,38.36,0.90,1,1577,1674,SE
1172891.600,X_LEG_2,3.75,38.36,0.90,1,1577,1674,SE
1172891.621,X_LEG_2,3.75,38.36,0.90,1,1577,1674,SE
1172891.641,X_LEG_2,3.75,38.36,0.90,1,1577,1674,SE
1172891.662,X_LEG_2,3.75,38.36,0.90,1,1577,1674,SE
1172891.682,X_LEG_2,3.75,38.36,0.90,1,1577,1674,SE
1172891.703,X_LEG_2,3.67,38.32,0.92,1,1577,1674,SE
1172891.725,X_LEG_2,3.67,38.32,0.92,1,1577,1674,SE
1172891.745,X_LEG_2,3.67,38.32,0.92,1,1577,1674,SE
1172891.765,X_LEG_2,3.67,38.32,0.92,1,1577,1674,SE
1172891.786,X_LEG_2,3.67,38.32,0.92,1,1577,1674,SE
1172891.807,X_LEG_2,3.58,38.28,0.93,1,1577,1675,SE
1172891.827,X_LEG_2,3.58,38.28,0.93,1,1577,1675,SE
1172891.848,X_LEG_2,3.58,38.28,0.93,1,1577,1675,SE
1172891.868,X_LEG_2,3.58,38.28,0.93,1,1577,1675,SE
1172891.889,X_LEG_2,3.58,38.28,0.93,1,1577,1675,SE
1172891.909,X_LEG_2,3.46,38.22,0.95,1,1576,1675,SE
1172891.930,X_LEG_2,3.46,38.22,0.95,1,1576,1675,SE
1172891.950,X_LEG_2,3.46,38.22,0.95,1,1576,1675,SE
1172891.970,X_LEG_2,3.46,38.22,0.95,1,1576,1675,SE
1172891.991,X_LEG_2,3.46,38.22,0.95,1,1576,1675,SE
1172892.012,X_LEG_2,3.46,38.22,0.95,1,1576,1675,SE
1172892.032,X_LEG_2,3.46,38.22,0.95,1,1576,1675,SE
1172892.052,X_LEG_2,3.46,38.22,0.95,1,1576,1675,SE
1172892.072,X_LEG_2,3.46,38.22,0.95,1,1576,1675,SE
1172892.093,X_LEG_2,3.46,38.22,0.95,1,1576,1675,SE
1172892.114,X_LEG_2,3.33,38.17,0.96,1,1576,1676,SE
1172892.134,X_LEG_2,3.33,38.17,0.96,1,1576,1676,SE
1172892.155,X_LEG_2,3.33,38.17,0.96,1,1576,1676,SE
1172892.175,X_LEG_2,3.33,38.17,0.96,1,1576,1676,SE
1172892.195,X_LEG_2,3.33,38.17,0.96,1,1576,1676,SE
1172892.216,X_LEG_2,3.25,38.14,0.97,1,1576,1676,SE
1172892.236,X_LEG_2,3.25,38.14,0.97,1,1576,1676,SE
1172892.257,X_LEG_2,3.25,38.14,0.97,1,1576,1676,SE
1172892.277,X_LEG_2,3.25,38.14,0.97,1,1576,1676,SE
1172892.298,X_LEG_2,3.25,38.14,0.97,1,1576,1676,SE
1172892.320,X_LEG_2,3.16,38.10,0.99,1,1576,1676,SE
1172892.340,X_LEG_2,3.16,38.10,0.99,1,1576,1676,SE
1172892.360,X_LEG_2,3.16,38.10,0.99,1,1576,1676,SE
1172892.380,X_LEG_2,3.16,38.10,0.99,1,1576,1676,SE
1172892.401,X_LEG_2,3.16,38.10,0.99,1,1576,1676,SE
1172892.421,X_LEG_2,3.04,38.04,1.00,1,1576,1676,SE
1172892.442,X_LEG_2,3.04,38.04,1.00,1,1576,1676,SE
1172892.462,X_LEG_2,3.04,38.04,1.00,1,1576,1676,SE
1172892.483,X_LEG_2,3.04,38.04,1.00,1,1576,1676,SE
1172892.504,X_LEG_2,3.04,38.04,1.00,1,1576,1676,SE
1172892.524,X_LEG_2,2.96,38.00,1.02,1,1576,1677,SE
1172892.545,X_LEG_2,2.96,38.00,1.02,1,1576,1677,SE
1172892.565,X_LEG_2,2.96,38.00,1.02,1,1576,1677,SE
1172892.585,X_LEG_2,2.96,38.00,1.02,1,1576,1677,SE
1172892.606,X_LEG_2,2.96,38.00,1.02,1,1576,1677,SE
1172892.627,X_LEG_2,2.87,37.97,1.02,1,1576,1677,SE
1172892.647,X_LEG_2,2.87,37.97,1.02,1,1576,1677,SE
1172892.667,X_LEG_2,2.87,37.97,1.02,1,1576,1677,SE
1172892.688,X_LEG_2,2.87,37.97,1.02,1,1576,1677,SE
1172892.708,X_LEG_2,2.87,37.97,1.02,1,1576,1677,SE
1172892.729,X_LEG_2,2.79,37.94,1.04,1,1576,1677,SE
1172892.749,X_LEG_2,2.79,37.94,1.04,1,1576,1677,SE
1172892.769,X_LEG_2,2.79,37.94,1.04,1,1576,1677,SE
1172892.790,X_LEG_2,2.79,37.94,1.04,1,1576,1677,SE
1172892.810,X_LEG_2,2.79,37.94,1.04,1,1576,1677,SE
1172892.831,X_LEG_2,2.71,37.90,1.04,1,1576,1677,SE
1172892.853,X_LEG_2,2.71,37.90,1.04,1,1576,1677,SE
1172892.873,X_LEG_2,2.71,37.90,1.04,1,1576,1677,SE
1172892.894,X_LEG_2,2.71,37.90,1.04,1,1576,1677,SE
1172892.915,X_LEG_2,2.71,37.90,1.04,1,1576,1677,SE
1172892.936,X_LEG_2,2.71,37.90,1.04,1,1576,1677,SE
1172892.956,X_LEG_2,2.71,37.90,1.04,1,1576,1677,SE
1172892.978,X_LEG_2,2.71,37.90,1.04,1,1576,1677,SE
1172892.998,X_LEG_2,2.71,37.90,1.04,1,1576,1677,SE
1172893.018,X_LEG_2,2.71,37.90,1.04,1,1576,1677,SE
1172893.039,X_LEG_2,2.59,37.84,1.06,1,1576,1678,SE
1172893.059,X_LEG_2,2.59,37.84,1.06,1,1576,1678,SE
1172893.079,X_LEG_2,2.59,37.84,1.06,1,1576,1678,SE
1172893.100,X_LEG_2,2.59,37.84,1.06,1,1576,1678,SE
1172893.120,X_LEG_2,2.59,37.84,1.06,1,1576,1678,SE
1172893.141,X_LEG_2,2.47,37.79,1.07,1,1576,1678,SE
1172893.161,X_LEG_2,2.47,37.79,1.07,1,1576,1678,SE
1172893.181,X_LEG_2,2.47,37.79,1.07,1,1576,1678,SE
1172893.201,X_LEG_2,2.47,37.79,1.07,1,1576,1678,SE
1172893.222,X_LEG_2,2.47,37.79,1.07,1,1576,1678,SE
1172893.242,X_LEG_2,2.40,37.75,1.09,1,1575,1678,SE
1172893.263,X_LEG_2,2.40,37.75,1.09,1,1575,1678,SE
1172893.283,X_LEG_2,2.40,37.75,1.09,1,1575,1678,SE
1172893.305,X_LEG_2,2.40,37.75,1.09,1,1575,1678,SE
1172893.325,X_LEG_2,2.40,37.75,1.09,1,1575,1678,SE
1172893.346,X_LEG_2,2.40,37.75,1.09,1,1575,1678,SE
1172893.367,X_LEG_2,2.40,37.75,1.09,1,1575,1678,SE
1172893.388,X_LEG_2,2.40,37.75,1.09,1,1575,1678,SE
1172893.408,X_LEG_2,2.40,37.75,1.09,1,1575,1678,SE
1172893.430,X_LEG_2,2.40,37.75,1.09,1,1575,1678,SE
1172893.451,X_LEG_2,2.32,37.71,1.09,1,1575,1679,SE
1172893.471,X_LEG_2,2.32,37.71,1.09,1,1575,1679,SE
1172893.492,X_LEG_2,2.32,37.71,1.09,1,1575,1679,SE
1172893.512,X_LEG_2,2.32,37.71,1.09,1,1575,1679,SE
1172893.533,X_LEG_2,2.32,37.71,1.09,1,1575,1679,SE
1172893.553,X_LEG_2,2.24,37.68,1.11,1,1575,1679,SE
1172893.574,X_LEG_2,2.24,37.68,1.11,1,1575,1679,SE
1172893.594,X_LEG_2,2.24,37.68,1.11,1,1575,1679,SE
1172893.614,X_LEG_2,2.24,37.68,1.11,1,1575,1679,SE
1172893.634,X_LEG_2,2.24,37.68,1.11,1,1575,1679,SE
1172893.654,X_LEG_2,2.16,37.64,1.11,1,1575,1679,SE
1172893.675,X_LEG_2,2.16,37.64,1.11,1,1575,1679,SE
1172893.695,X_LEG_2,2.16,37.64,1.11,1,1575,1679,SE
1172893.716,X_LEG_2,2.16,37.64,1.11,1,1575,1679,SE
1172893.737,X_LEG_2,2.16,37.64,1.11,1,1575,1679,SE
1172893.759,X_LEG_2,2.05,37.59,1.13,1,1575,1679,SE
1172893.779,X_LEG_2,2.05,37.59,1.13,1,1575,1679,SE
1172893.799,X_LEG_2,2.05,37.59,1.13,1,1575,1679,SE
1172893.821,X_LEG_2,2.05,37.59,1.13,1,1575,1679,SE
1172893.842,X_LEG_2,2.05,37.59,1.13,1,1575,1679,SE
1172893.862,X_LEG_2,1.97,37.55,1.14,1,1575,1680,SE
1172893.882,X_LEG_2,1.97,37.55,1.14,1,1575,1680,SE
1172893.903,X_LEG_2,1.97,37.55,1.14,1,1575,1680,SE
1172893.924,X_LEG_2,1.97,37.55,1.14,1,1575,1680,SE
1172893.945,X_LEG_2,1.97,37.55,1.14,1,1575,1680,SE
1172893.965,X_LEG_2,1.97,37.55,1.14,1,1575,1680,SE
1172893.986,X_LEG_2,1.97,37.55,1.14,1,1575,1680,SE
1172894.006,X_LEG_2,1.97,37.55,1.14,1,1575,1680,SE
1172894.027,X_LEG_2,1.97,37.55,1.14,1,1575,1680,SE
1172894.047,X_LEG_2,1.97,37.55,1.14,1,1575,1680,SE
1172894.068,X_LEG_2,1.86,37.49,1.16,1,1575,1680,SE
1172894.088,X_LEG_2,1.86,37.49,1.16,1,1575,1680,SE
1172894.108,X_LEG_2,1.86,37.49,1.16,1,1575,1680,SE
1172894.129,X_LEG_2,1.86,37.49,1.16,1,1575,1680,SE
1172894.149,X_LEG_2,1.86,37.49,1.16,1,1575,1680,SE
1172894.169,X_LEG_2,1.79,37.46,1.16,1,1575,1680,SE
1172894.190,X_LEG_2,1.79,37.46,1.16,1,1575,1680,SE
1172894.210,X_LEG_2,1.79,37.46,1.16,1,1575,1680,SE
1172894.231,X_LEG_2,1.79,37.46,1.16,1,1575,1680,SE
1172894.251,X_LEG_2,1.79,37.46,1.16,1,1575,1680,SE
1172894.272,X_LEG_2,1.68,37.40,1.18,1,1575,1680,SE
1172894.292,X_LEG_2,1.68,37.40,1.18,1,1575,1680,SE
1172894.313,X_LEG_2,1.68,37.40,1.18,1,1575,1680,SE
1172894.333,X_LEG_2,1.68,37.40,1.18,1,1575,1680,SE
1172894.353,X_LEG_2,1.68,37.40,1.18,1,1575,1680,SE
1172894.374,X_LEG_2,1.61,37.36,1.19,1,1575,1681,SE
1172894.394,X_LEG_2,1.61,37.36,1.19,1,1575,1681,SE
1172894.414,X_LEG_2,1.61,37.36,1.19,1,1575,1681,SE
1172894.435,X_LEG_2,1.61,37.36,1.19,1,1575,1681,SE
1172894.455,X_LEG_2,1.61,37.36,1.19,1,1575,1681,SE
1172894.475,X_LEG_2,1.54,37.33,0.20,1,1575,1681,SE
1172894.495,X_LEG_2,1.54,37.33,0.20,1,1575,1681,SE
1172894.516,X_LEG_2,1.54,37.33,0.20,1,1575,1681,SE
1172894.537,X_LEG_2,1.54,37.33,0.20,1,1575,1681,SE
1172894.558,X_LEG_2,1.54,37.33,0.20,1,1575,1681,SE
1172894.578,X_LEG_2,1.54,37.33,0.20,1,1575,1681,SE
1172894.599,X_LEG_2,1.54,37.33,0.20,1,1575,1681,SE
1172894.619,X_LEG_2,1.54,37.33,0.20,1,1575,1681,SE
1172894.640,X_LEG_2,1.54,37.33,0.20,1,1575,1681,SE
1172894.660,X_LEG_2,1.54,37.33,0.20,1,1575,1681,SE
1172894.680,X_LEG_2,1.43,37.28,0.22,1,1575,1681,SE
1172894.701,X_LEG_2,1.43,37.28,0.22,1,1575,1681,SE
1172894.721,X_LEG_2,1.43,37.28,0.22,1,1575,1681,SE
1172894.742,X_LEG_2,1.43,37.28,0.22,1,1575,1681,SE
1172894.762,X_LEG_2,1.43,37.28,0.22,1,1575,1681,SE
1172894.783,X_LEG_2,1.43,37.28,0.22,1,1575,1681,SE
1172894.803,X_LEG_2,1.43,37.28,0.22,1,1575,1681,SE
1172894.824,X_LEG_2,1.43,37.28,0.22,1,1575,1681,SE
1172894.844,X_LEG_2,1.43,37.28,0.22,1,1575,1681,SE
1172894.865,X_LEG_2,1.43,37.28,0.22,1,1575,1681,SE
1172894.885,X_LEG_2,1.33,37.22,0.23,1,1574,1682,SE
1172894.906,X_LEG_2,1.33,37.22,0.23,1,1574,1682,SE
1172894.926,X_LEG_2,1.33,37.22,0.23,1,1574,1682,SE
1172894.947,X_LEG_2,1.33,37.22,0.23,1,1574,1682,SE
1172894.967,X_LEG_2,1.33,37.22,0.23,1,1574,1682,SE
1172894.988,X_LEG_2,1.26,37.19,0.24,1,1574,1682,SE
1172895.008,X_LEG_2,1.26,37.19,0.24,1,1574,1682,SE
1172895.030,X_LEG_2,1.26,37.19,0.24,1,1574,1682,SE
1172895.050,X_LEG_2,1.26,37.19,0.24,1,1574,1682,SE
1172895.070,X_LEG_2,1.26,37.19,0.24,1,1574,1682,SE
1172895.092,X_LEG_2,1.15,37.12,0.25,1,1574,1682,SE
1172895.112,X_LEG_2,1.15,37.12,0.25,1,1574,1682,SE
1172895.132,X_LEG_2,1.15,37.12,0.25,1,1574,1682,SE
1172895.154,X_LEG_2,1.15,37.12,0.25,1,1574,1682,SE
1172895.174,X_LEG_2,1.15,37.12,0.25,1,1574,1682,SE
1172895.194,X_LEG_2,1.15,37.12,0.25,1,1574,1682,SE
1172895.215,X_LEG_2,1.15,37.12,0.25,1,1574,1682,SE
1172895.235,X_LEG_2,1.15,37.12,0.25,1,1574,1682,SE
1172895.256,X_LEG_2,1.15,37.12,0.25,1,1574,1682,SE
1172895.276,X_LEG_2,1.15,37.12,0.25,1,1574,1682,SE
1172895.296,X_LEG_2,1.05,37.07,0.27,1,1574,1682,SE
1172895.317,X_LEG_2,1.05,37.07,0.27,1,1574,1682,SE
1172895.337,X_LEG_2,1.05,37.07,0.27,1,1574,1682,SE
1172895.358,X_LEG_2,1.05,37.07,0.27,1,1574,1682,SE
1172895.378,X_LEG_2,1.05,37.07,0.27,1,1574,1682,SE
1172895.399,X_LEG_2,0.99,37.03,0.27,1,1574,1683,SE
1172895.419,X_LEG_2,0.99,37.03,0.27,1,1574,1683,SE
1172895.440,X_LEG_2,0.99,37.03,0.27,1,1574,1683,SE
1172895.460,X_LEG_2,0.99,37.03,0.27,1,1574,1683,SE
1172895.483,X_LEG_2,0.99,37.03,0.27,1,1574,1683,SE
1172895.503,X_LEG_2,0.92,37.00,0.29,1,1574,1683,SE
1172895.523,X_LEG_2,0.92,37.00,0.29,1,1574,1683,SE
1172895.544,X_LEG_2,0.92,37.00,0.29,1,1574,1683,SE
1172895.564,X_LEG_2,0.92,37.00,0.29,1,1574,1683,SE
1172895.585,X_LEG_2,0.92,37.00,0.29,1,1574,1683,SE
1172895.606,X_LEG_2,0.86,36.96,0.29,1,1574,1683,SE
1172895.626,X_LEG_2,0.86,36.96,0.29,1,1574,1683,SE
1172895.646,X_LEG_2,0.86,36.96,0.29,1,1574,1683,SE
1172895.667,X_LEG_2,0.86,36.96,0.29,1,1574,1683,SE
1172895.687,X_LEG_2,0.86,36.96,0.29,1,1574,1683,SE
1172895.708,X_LEG_2,0.79,36.92,0.30,1,1574,1683,SE
1172895.728,X_LEG_2,0.79,36.92,0.30,1,1574,1683,SE
1172895.749,X_LEG_2,0.79,36.92,0.30,1,1574,1683,SE
1172895.769,X_LEG_2,0.79,36.92,0.30,1,1574,1683,SE
1172895.790,X_LEG_2,0.79,36.92,0.30,1,1574,1683,SE
1172895.811,X_LEG_2,0.70,36.87,0.32,1,1574,1683,SE
1172895.831,X_LEG_2,0.70,36.87,0.32,1,1574,1683,SE
1172895.851,X_LEG_2,0.70,36.87,0.32,1,1574,1683,SE
1172895.872,X_LEG_2,0.70,36.87,0.32,1,1574,1683,SE
1172895.893,X_LEG_2,0.70,36.87,0.32,1,1574,1683,SE
1172895.913,X_LEG_2,0.70,36.87,0.32,1,1574,1683,SE
1172895.934,X_LEG_2,0.70,36.87,0.32,1,1574,1683,SE
1172895.954,X_LEG_2,0.70,36.87,0.32,1,1574,1683,SE
1172895.975,X_LEG_2,0.70,36.87,0.32,1,1574,1683,SE
1172895.997,X_LEG_2,0.70,36.87,0.32,1,1574,1683,SE
1172896.018,X_LEG_2,0.60,36.82,0.33,1,1574,1684,SE
1172896.038,X_LEG_2,0.60,36.82,0.33,1,1574,1684,SE
1172896.059,X_LEG_2,0.60,36.82,0.33,1,1574,1684,SE
1172896.079,X_LEG_2,0.60,36.82,0.33,1,1574,1684,SE
1172896.100,X_LEG_2,0.60,36.82,0.33,1,1574,1684,SE
1172896.121,X_LEG_2,0.60,36.82,0.33,1,1574,1684,SE
1172896.141,X_LEG_2,0.60,36.82,0.33,1,1574,1684,SE
1172896.162,X_LEG_2,0.60,36.82,0.33,1,1574,1684,SE
1172896.182,X_LEG_2,0.60,36.82,0.33,1,1574,1684,SE
1172896.203,X_LEG_2,0.60,36.82,0.33,1,1574,1684,SE
1172896.223,X_LEG_2,0.51,36.76,0.35,1,1574,1684,SE
1172896.243,X_LEG_2,0.51,36.76,0.35,1,1574,1684,SE
1172896.263,X_LEG_2,0.51,36.76,0.35,1,1574,1684,SE
1172896.284,X_LEG_2,0.51,36.76,0.35,1,1574,1684,SE
1172896.304,X_LEG_2,0.51,36.76,0.35,1,1574,1684,SE
1172896.325,X_LEG_2,0.45,36.72,0.36,1,1573,1684,SE
1172896.345,X_LEG_2,0.45,36.72,0.36,1,1573,1684,SE
1172896.365,X_LEG_2,0.45,36.72,0.36,1,1573,1684,SE
1172896.386,X_LEG_2,0.45,36.72,0.36,1,1573,1684,SE
1172896.406,X_LEG_2,0.45,36.72,0.36,1,1573,1684,SE
1172896.427,X_LEG_2,0.39,36.69,0.36,1,1573,1684,SE
1172896.447,X_LEG_2,0.39,36.69,0.36,1,1573,1684,SE
1172896.468,X_LEG_2,0.39,36.69,0.36,1,1573,1684,SE
1172896.488,X_LEG_2,0.39,36.69,0.36,1,1573,1684,SE
1172896.508,X_LEG_2,0.39,36.69,0.36,1,1573,1684,SE
1172896.529,X_LEG_2,0.33,36.65,0.38,1,1573,1685,SE
1172896.549,X_LEG_2,0.33,36.65,0.38,1,1573,1685,SE
1172896.569,X_LEG_2,0.33,36.65,0.38,1,1573,1685,SE
1172896.590,X_LEG_2,0.33,36.65,0.38,1,1573,1685,SE
1172896.610,X_LEG_2,0.33,36.65,0.38,1,1573,1685,SE
1172896.631,X_LEG_2,0.28,36.61,0.38,1,1573,1685,SE
1172896.651,X_LEG_2,0.28,36.61,0.38,1,1573,1685,SE
1172896.672,X_LEG_2,0.28,36.61,0.38,1,1573,1685,SE
1172896.692,X_LEG_2,0.28,36.61,0.38,1,1573,1685,SE
1172896.713,X_LEG_2,0.28,36.61,0.38,1,1573,1685,SE
1172896.735,X_LEG_2,0.19,36.55,0.40,1,1573,1685,SE
1172896.755,X_LEG_2,0.19,36.55,0.40,1,1573,1685,SE
1172896.776,X_LEG_2,0.19,36.55,0.40,1,1573,1685,SE
1172896.797,X_LEG_2,0.19,36.55,0.40,1,1573,1685,SE
1172896.817,X_LEG_2,0.19,36.55,0.40,1,1573,1685,SE
1172896.838,X_LEG_2,0.13,36.52,0.40,1,1573,1685,SE
1172896.858,X_LEG_2,0.13,36.52,0.40,1,1573,1685,SE
1172896.879,X_LEG_2,0.13,36.52,0.40,1,1573,1685,SE
1172896.900,X_LEG_2,0.13,36.52,0.40,1,1573,1685,SE
1172896.920,X_LEG_2,0.13,36.52,0.40,1,1573,1685,SE
1172896.941,X_LEG_2,0.08,36.48,0.41,1,1573,1685,SE
1172896.961,X_LEG_2,0.08,36.48,0.41,1,1573,1685,SE
1172896.982,X_LEG_2,0.08,36.48,0.41,1,1573,1685,SE
1172897.003,X_LEG_2,0.08,36.48,0.41,1,1573,1685,SE
1172897.023,X_LEG_2,0.08,36.48,0.41,1,1573,1685,SE
1172897.044,X_LEG_2,0.08,36.48,0.41,1,1573,1685,SE
1172897.064,X_LEG_2,0.08,36.48,0.41,1,1573,1685,SE
1172897.085,X_LEG_2,0.08,36.48,0.41,1,1573,1685,SE
1172897.106,X_LEG_2,0.08,36.48,0.41,1,1573,1685,SE
1172897.127,X_LEG_2,0.08,36.48,0.41,1,1573,1685,SE
1172897.147,X_LEG_2,0.02,36.45,0.42,1,1573,1685,SE
1172897.168,X_LEG_2,0.02,36.45,0.42,1,1573,1685,SE
1172897.190,X_LEG_2,0.02,36.45,0.42,1,1573,1685,SE
1172897.210,X_LEG_2,0.02,36.45,0.42,1,1573,1685,SE
1172897.231,X_LEG_2,0.02,36.45,0.42,1,1573,1685,SE
1172897.253,X_LEG_2,-0.03,36.41,0.44,1,1573,1686,SE
1172897.273,X_LEG_2,-0.03,36.41,0.44,1,1573,1686,SE
1172897.294,X_LEG_2,-0.03,36.41,0.44,1,1573,1686,SE
1172897.316,X_LEG_2,-0.03,36.41,0.44,1,1573,1686,SE
1172897.336,X_LEG_2,-0.03,36.41,0.44,1,1573,1686,SE
1172897.358,X_LEG_2,-0.08,36.37,0.44,1,1573,1686,SE
1172897.378,X_LEG_2,-0.08,36.37,0.44,1,1573,1686,SE
1172897.398,X_LEG_2,-0.08,36.37,0.44,1,1573,1686,SE
1172897.419,X_LEG_2,-0.08,36.37,0.44,1,1573,1686,SE
1172897.441,X_LEG_2,-0.08,36.37,0.44,1,1573,1686,SE
1172897.463,X_LEG_2,-0.08,36.37,0.44,1,1573,1686,SE
1172897.483,X_LEG_2,-0.08,36.37,0.44,1,1573,1686,SE
1172897.504,X_LEG_2,-0.08,36.37,0.44,1,1573,1686,SE
1172897.524,X_LEG_2,-0.08,36.37,0.44,1,1573,1686,SE
1172897.545,X_LEG_2,-0.08,36.37,0.44,1,1573,1686,SE
1172897.565,X_LEG_2,-0.19,36.29,0.46,1,1573,1686,SE
1172897.586,X_LEG_2,-0.19,36.29,0.46,1,1573,1686,SE
1172897.606,X_LEG_2,-0.19,36.29,0.46,1,1573,1686,SE
1172897.626,X_LEG_2,-0.19,36.29,0.46,1,1573,1686,SE
1172897.647,X_LEG_2,-0.19,36.29,0.46,1,1573,1686,SE
1172897.667,X_LEG_2,-0.24,36.26,0.48,1,1573,1686,SE
1172897.688,X_LEG_2,-0.24,36.26,0.48,1,1573,1686,SE
1172897.708,X_LEG_2,-0.24,36.26,0.48,1,1573,1686,SE
1172897.729,X_LEG_2,-0.24,36.26,0.48,1,1573,1686,SE
1172897.749,X_LEG_2,-0.24,36.26,0.48,1,1573,1686,SE
1172897.770,X_LEG_2,-0.29,36.22,0.48,1,1572,1686,SE
1172897.791,X_LEG_2,-0.29,36.22,0.48,1,1572,1686,SE
1172897.811,X_LEG_2,-0.29,36.22,0.48,1,1572,1686,SE
1172897.833,X_LEG_2,-0.29,36.22,0.48,1,1572,1686,SE
1172897.853,X_LEG_2,-0.29,36.22,0.48,1,1572,1686,SE
1172897.874,X_LEG_2,-0.34,36.19,0.48,1,1572,1687,SE
1172897.894,X_LEG_2,-0.34,36.19,0.48,1,1572,1687,SE
1172897.915,X_LEG_2,-0.34,36.19,0.48,1,1572,1687,SE
1172897.935,X_LEG_2,-0.34,36.19,0.48,1,1572,1687,SE
1172897.956,X_LEG_2,-0.34,36.19,0.48,1,1572,1687,SE
1172897.976,X_LEG_2,-0.34,36.19,0.48,1,1572,1687,SE
1172897.997,X_LEG_2,-0.34,36.19,0.48,1,1572,1687,SE
1172898.017,X_LEG_2,-0.34,36.19,0.48,1,1572,1687,SE
1172898.038,X_LEG_2,-0.34,36.19,0.48,1,1572,1687,SE
1172898.058,X_LEG_2,-0.34,36.19,0.48,1,1572,1687,SE
1172898.079,X_LEG_2,-0.43,36.11,0.50,1,1572,1687,SE
1172898.102,X_LEG_2,-0.43,36.11,0.50,1,1572,1687,SE
1172898.123,X_LEG_2,-0.43,36.11,0.50,1,1572,1687,SE
1172898.143,X_LEG_2,-0.43,36.11,0.50,1,1572,1687,SE
1172898.163,X_LEG_2,-0.43,36.11,0.50,1,1572,1687,SE
1172898.184,X_LEG_2,-0.43,36.11,0.50,1,1572,1687,SE
1172898.205,X_LEG_2,-0.43,36.11,0.50,1,1572,1687,SE
1172898.225,X_LEG_2,-0.43,36.11,0.50,1,1572,1687,SE
1172898.246,X_LEG_2,-0.43,36.11,0.50,1,1572,1687,SE
1172898.266,X_LEG_2,-0.43,36.11,0.50,1,1572,1687,SE
1172898.287,X_LEG_2,-0.43,36.11,0.50,1,1572,1687,SE
1172898.307,X_LEG_2,-0.43,36.11,0.50,1,1572,1687,SE
1172898.327,X_LEG_2,-0.43,36.11,0.50,1,1572,1687,SE
1172898.348,X_LEG_2,-0.43,36.11,0.50,1,1572,1687,SE
1172898.369,X_LEG_2,-0.43,36.11,0.50,1,1572,1687,SE
1172898.390,X_LEG_2,-0.53,36.03,0.51,1,1572,1687,SE
1172898.411,X_LEG_2,-0.53,36.03,0.51,1,1572,1687,SE
1172898.431,X_LEG_2,-0.53,36.03,0.51,1,1572,1687,SE
1172898.452,X_LEG_2,-0.53,36.03,0.51,1,1572,1687,SE
1172898.472,X_LEG_2,-0.53,36.03,0.51,1,1572,1687,SE
1172898.493,X_LEG_2,-0.57,36.00,0.52,1,1572,1687,SE
1172898.513,X_LEG_2,-0.57,36.00,0.52,1,1572,1687,SE
1172898.534,X_LEG_2,-0.57,36.00,0.52,1,1572,1687,SE
1172898.554,X_LEG_2,-0.57,36.00,0.52,1,1572,1687,SE
1172898.574,X_LEG_2,-0.57,36.00,0.52,1,1572,1687,SE
1172898.595,X_LEG_2,-0.61,35.96,0.54,1,1572,1687,SE
1172898.615,X_LEG_2,-0.61,35.96,0.54,1,1572,1687,SE
1172898.635,X_LEG_2,-0.61,35.96,0.54,1,1572,1687,SE
1172898.655,X_LEG_2,-0.61,35.96,0.54,1,1572,1687,SE
1172898.676,X_LEG_2,-0.61,35.96,0.54,1,1572,1687,SE
1172898.697,X_LEG_2,-0.66,35.93,0.54,1,1572,1687,SE
1172898.717,X_LEG_2,-0.66,35.93,0.54,1,1572,1687,SE
1172898.737,X_LEG_2,-0.66,35.93,0.54,1,1572,1687,SE
1172898.758,X_LEG_2,-0.66,35.93,0.54,1,1572,1687,SE
1172898.778,X_LEG_2,-0.66,35.93,0.54,1,1572,1687,SE
1172898.798,X_LEG_2,-0.66,35.93,0.54,1,1572,1687,SE
1172898.819,X_LEG_2,-0.66,35.93,0.54,1,1572,1687,SE
1172898.839,X_LEG_2,-0.66,35.93,0.54,1,1572,1687,SE
1172898.859,X_LEG_2,-0.66,35.93,0.54,1,1572,1687,SE
1172898.880,X_LEG_2,-0.66,35.93,0.54,1,1572,1687,SE
1172898.901,X_LEG_2,-0.72,35.87,0.56,1,1572,1688,SE
1172898.921,X_LEG_2,-0.72,35.87,0.56,1,1572,1688,SE
1172898.941,X_LEG_2,-0.72,35.87,0.56,1,1572,1688,SE
1172898.962,X_LEG_2,-0.72,35.87,0.56,1,1572,1688,SE
1172898.982,X_LEG_2,-0.72,35.87,0.56,1,1572,1688,SE
1172899.003,X_LEG_2,-0.76,35.83,0.56,1,1572,1688,SE
1172899.023,X_LEG_2,-0.76,35.83,0.56,1,1572,1688,SE
1172899.044,X_LEG_2,-0.76,35.83,0.56,1,1572,1688,SE
1172899.065,X_LEG_2,-0.76,35.83,0.56,1,1572,1688,SE
1172899.086,X_LEG_2,-0.76,35.83,0.56,1,1572,1688,SE
1172899.106,X_LEG_2,-0.82,35.78,0.58,1,1572,1688,SE
1172899.127,X_LEG_2,-0.82,35.78,0.58,1,1572,1688,SE
1172899.148,X_LEG_2,-0.82,35.78,0.58,1,1572,1688,SE
1172899.169,X_LEG_2,-0.82,35.78,0.58,1,1572,1688,SE
1172899.189,X_LEG_2,-0.82,35.78,0.58,1,1572,1688,SE
1172899.210,X_LEG_2,-0.86,35.74,0.58,1,1571,1688,SE
1172899.230,X_LEG_2,-0.86,35.74,0.58,1,1571,1688,SE
1172899.251,X_LEG_2,-0.86,35.74,0.58,1,1571,1688,SE
1172899.271,X_LEG_2,-0.86,35.74,0.58,1,1571,1688,SE
1172899.291,X_LEG_2,-0.86,35.74,0.58,1,1571,1688,SE
1172899.312,X_LEG_2,-0.86,35.74,0.58,1,1571,1688,SE
1172899.334,X_LEG_2,-0.86,35.74,0.58,1,1571,1688,SE
1172899.355,X_LEG_2,-0.86,35.74,0.58,1,1571,1688,SE
1172899.375,X_LEG_2,-0.86,35.74,0.58,1,1571,1688,SE
1172899.397,X_LEG_2,-0.86,35.74,0.58,1,1571,1688,SE
1172899.417,X_LEG_2,-0.90,35.70,0.60,1,1571,1688,SE
1172899.438,X_LEG_2,-0.90,35.70,0.60,1,1571,1688,SE
1172899.459,X_LEG_2,-0.90,35.70,0.60,1,1571,1688,SE
1172899.480,X_LEG_2,-0.90,35.70,0.60,1,1571,1688,SE
1172899.500,X_LEG_2,-0.90,35.70,0.60,1,1571,1688,SE
1172899.521,X_LEG_2,-0.96,35.65,0.60,1,1571,1688,SE
1172899.541,X_LEG_2,-0.96,35.65,0.60,1,1571,1688,SE
1172899.562,X_LEG_2,-0.96,35.65,0.60,1,1571,1688,SE
1172899.584,X_LEG_2,-0.96,35.65,0.60,1,1571,1688,SE
1172899.605,X_LEG_2,-0.96,35.65,0.60,1,1571,1688,SE
1172899.625,X_LEG_2,-1.01,35.59,0.62,1,1571,1689,SE
1172899.646,X_LEG_2,-1.01,35.59,0.62,1,1571,1689,SE
1172899.666,X_LEG_2,-1.01,35.59,0.62,1,1571,1689,SE
1172899.687,X_LEG_2,-1.01,35.59,0.62,1,1571,1689,SE
1172899.707,X_LEG_2,-1.01,35.59,0.62,1,1571,1689,SE
1172899.727,X_LEG_2,-1.01,35.59,0.62,1,1571,1689,SE
1172899.748,X_LEG_2,-1.01,35.59,0.62,1,1571,1689,SE
1172899.768,X_LEG_2,-1.01,35.59,0.62,1,1571,1689,SE
1172899.788,X_LEG_2,-1.01,35.59,0.62,1,1571,1689,SE
1172899.809,X_LEG_2,-1.01,35.59,0.62,1,1571,1689,SE
1172899.829,X_LEG_2,-1.06,35.54,0.62,1,1571,1689,SE
1172899.849,X_LEG_2,-1.06,35.54,0.62,1,1571,1689,SE
1172899.870,X_LEG_2,-1.06,35.54,0.62,1,1571,1689,SE
1172899.890,X_LEG_2,-1.06,35.54,0.62,1,1571,1689,SE
1172899.911,X_LEG_2,-1.06,35.54,0.62,1,1571,1689,SE
1172899.932,X_LEG_2,-1.11,35.48,0.64,1,1571,1689,SE
1172899.952,X_LEG_2,-1.11,35.48,0.64,1,1571,1689,SE
1172899.972,X_LEG_2,-1.11,35.48,0.64,1,1571,1689,SE
1172899.993,X_LEG_2,-1.11,35.48,0.64,1,1571,1689,SE
1172900.013,X_LEG_2,-1.11,35.48,0.64,1,1571,1689,SE
1172900.034,X_LEG_2,-1.14,35.44,0.64,1,1571,1689,SE
1172900.054,X_LEG_2,-1.14,35.44,0.64,1,1571,1689,SE
1172900.075,X_LEG_2,-1.14,35.44,0.64,1,1571,1689,SE
1172900.095,X_LEG_2,-1.14,35.44,0.64,1,1571,1689,SE
1172900.115,X_LEG_2,-1.14,35.44,0.64,1,1571,1689,SE
1172900.136,X_LEG_2,-1.14,35.44,-1.36,1,1571,1689,SE
1172900.156,X_LEG_2,-1.14,35.44,-1.36,1,1571,1689,SE
1172900.177,X_LEG_2,-1.14,35.44,-1.36,1,1571,1689,SE
1172900.198,X_LEG_2,-1.14,35.44,-1.36,1,1571,1689,SE
1172900.218,X_LEG_2,-1.14,35.44,-1.36,1,1571,1689,SE
1172900.238,X_LEG_2,-1.14,35.43,-1.34,1,1571,1689,SE
1172900.259,X_LEG_2,-1.14,35.43,-1.34,1,1571,1689,SE
1172900.279,X_LEG_2,-1.14,35.43,-1.34,1,1571,1689,SE
1172900.300,X_LEG_2,-1.14,35.43,-1.34,1,1571,1689,SE
1172900.320,X_LEG_2,-1.14,35.43,-1.34,1,1571,1689,SE
1172900.341,X_LEG_2,-1.14,35.42,-1.31,1,1571,1689,SE
1172900.361,X_LEG_2,-1.14,35.42,-1.31,1,1571,1689,SE
1172900.382,X_LEG_2,-1.14,35.42,-1.31,1,1571,1689,SE
1172900.402,X_LEG_2,-1.14,35.42,-1.31,1,1571,1689,SE
1172900.423,X_LEG_2,-1.14,35.42,-1.31,1,1571,1689,SE
1172900.443,X_LEG_2,-1.13,35.41,-1.31,1,1571,1689,SE
1172900.464,X_LEG_2,-1.13,35.41,-1.31,1,1571,1689,SE
1172900.484,X_LEG_2,-1.13,35.41,-1.31,1,1571,1689,SE
1172900.505,X_LEG_2,-1.13,35.41,-1.31,1,1571,1689,SE
1172900.526,X_LEG_2,-1.13,35.41,-1.31,1,1571,1689,SE
1172900.546,X_LEG_2,-1.13,35.40,-1.28,1,1571,1689,SE
1172900.568,X_LEG_2,-1.13,35.40,-1.28,1,1571,1689,SE
1172900.590,X_LEG_2,-1.13,35.40,-1.28,1,1571,1689,SE
1172900.609,X_LEG_2,-1.13,35.40,-1.28,1,1571,1689,SE
1172900.632,X_LEG_2,-1.13,35.40,-1.28,1,1571,1689,SE
1172900.652,X_LEG_2,-1.12,35.40,-1.27,1,1571,1689,SE
1172900.673,X_LEG_2,-1.12,35.40,-1.27,1,1571,1689,SE
1172900.693,X_LEG_2,-1.12,35.40,-1.27,1,1571,1689,SE
1172900.714,X_LEG_2,-1.12,35.40,-1.27,1,1571,1689,SE
1172900.734,X_LEG_2,-1.12,35.40,-1.27,1,1571,1689,SE
1172900.755,X_LEG_2,-1.11,35.39,-1.25,1,1571,1689,SE
1172900.776,X_LEG_2,-1.11,35.39,-1.25,1,1571,1689,SE
1172900.796,X_LEG_2,-1.11,35.39,-1.25,1,1571,1689,SE
1172900.817,X_LEG_2,-1.11,35.39,-1.25,1,1571,1689,SE
1172900.837,X_LEG_2,-1.11,35.39,-1.25,1,1571,1689,SE
1172900.858,X_LEG_2,-1.10,35.39,0.77,1,1571,1689,SE
1172900.878,X_LEG_2,-1.10,35.39,0.77,1,1571,1689,SE
1172900.898,X_LEG_2,-1.10,35.39,0.77,1,1571,1689,SE
1172900.919,X_LEG_2,-1.10,35.39,0.77,1,1571,1689,SE
1172900.940,X_LEG_2,-1.10,35.39,0.77,1,1571,1689,SE
1172900.960,X_LEG_2,-1.09,35.37,0.77,1,1571,1689,SE
1172900.981,X_LEG_2,-1.09,35.37,0.77,1,1571,1689,SE
1172901.001,X_LEG_2,-1.09,35.37,0.77,1,1571,1689,SE
1172901.023,X_LEG_2,-1.09,35.37,0.77,1,1571,1689,SE
1172901.043,X_LEG_2,-1.09,35.37,0.77,1,1571,1689,SE
1172901.063,X_LEG_2,-1.08,35.37,0.79,1,1571,1689,SE
1172901.085,X_LEG_2,-1.08,35.37,0.79,1,1571,1689,SE
1172901.106,X_LEG_2,-1.08,35.37,0.79,1,1571,1689,SE
1172901.126,X_LEG_2,-1.08,35.37,0.79,1,1571,1689,SE
1172901.146,X_LEG_2,-1.08,35.37,0.79,1,1571,1689,SE
1172901.167,X_LEG_2,-1.06,35.36,0.81,1,1571,1689,SE
1172901.187,X_LEG_2,-1.06,35.36,0.81,1,1571,1689,SE
1172901.208,X_LEG_2,-1.06,35.36,0.81,1,1571,1689,SE
1172901.228,X_LEG_2,-1.06,35.36,0.81,1,1571,1689,SE
1172901.249,X_LEG_2,-1.06,35.36,0.81,1,1571,1689,SE
1172901.269,X_LEG_2,-1.06,35.36,0.81,1,1571,1689,SE
1172901.290,X_LEG_2,-1.06,35.36,0.81,1,1571,1689,SE
1172901.311,X_LEG_2,-1.06,35.36,0.81,1,1571,1689,SE
1172901.331,X_LEG_2,-1.06,35.36,0.81,1,1571,1689,SE
1172901.352,X_LEG_2,-1.06,35.36,0.81,1,1571,1689,SE
1172901.372,X_LEG_2,-1.06,35.36,0.81,1,1571,1689,SE
1172901.393,X_LEG_2,-1.06,35.36,0.81,1,1571,1689,SE
1172901.413,X_LEG_2,-1.06,35.36,0.81,1,1571,1689,SE
1172901.433,X_LEG_2,-1.06,35.36,0.81,1,1571,1689,SE
1172901.453,X_LEG_2,-1.06,35.36,0.81,1,1571,1689,SE
1172901.474,X_LEG_2,-1.01,35.31,0.86,1,1571,1689,SE
1172901.494,X_LEG_2,-1.01,35.31,0.86,1,1571,1689,SE
1172901.515,X_LEG_2,-1.01,35.31,0.86,1,1571,1689,SE
1172901.535,X_LEG_2,-1.01,35.31,0.86,1,1571,1689,SE
1172901.556,X_LEG_2,-1.01,35.31,0.86,1,1571,1689,SE
1172901.576,X_LEG_2,-1.01,35.31,-0.14,1,1571,1689,SE
1172901.596,X_LEG_2,-1.01,35.31,-0.14,1,1571,1689,SE
1172901.618,X_LEG_2,-1.01,35.31,-0.14,1,1571,1689,SE
1172901.638,X_LEG_2,-1.01,35.31,-0.14,1,1571,1689,SE
1172901.659,X_LEG_2,-1.01,35.31,-0.14,1,1571,1689,SE
1172901.680,X_LEG_2,-0.99,35.30,-0.14,1,1571,1688,SE
1172901.701,X_LEG_2,-0.99,35.30,-0.14,1,1571,1688,SE
1172901.721,X_LEG_2,-0.99,35.30,-0.14,1,1571,1688,SE
1172901.741,X_LEG_2,-0.99,35.30,-0.14,1,1571,1688,SE
1172901.762,X_LEG_2,-0.99,35.30,-0.14,1,1571,1688,SE
1172901.782,X_LEG_2,-0.98,35.29,-0.11,1,1571,1688,SE
1172901.802,X_LEG_2,-0.98,35.29,-0.11,1,1571,1688,SE
1172901.823,X_LEG_2,-0.98,35.29,-0.11,1,1571,1688,SE
1172901.843,X_LEG_2,-0.98,35.29,-0.11,1,1571,1688,SE
1172901.864,X_LEG_2,-0.98,35.29,-0.11,1,1571,1688,SE
1172901.884,X_LEG_2,-0.96,35.28,-0.11,1,1571,1688,SE
1172901.905,X_LEG_2,-0.96,35.28,-0.11,1,1571,1688,SE
1172901.925,X_LEG_2,-0.96,35.28,-0.11,1,1571,1688,SE
1172901.946,X_LEG_2,-0.96,35.28,-0.11,1,1571,1688,SE
1172901.966,X_LEG_2,-0.96,35.28,-0.11,1,1571,1688,SE
1172901.987,X_LEG_2,-0.93,35.25,-0.08,1,1570,1688,SE
1172902.009,X_LEG_2,-0.93,35.25,-0.08,1,1570,1688,SE
1172902.030,X_LEG_2,-0.93,35.25,-0.08,1,1570,1688,SE
1172902.050,X_LEG_2,-0.93,35.25,-0.08,1,1570,1688,SE
1172902.071,X_LEG_2,-0.93,35.25,-0.08,1,1570,1688,SE
1172902.092,X_LEG_2,-0.91,35.24,-0.07,1,1570,1688,SE
1172902.112,X_LEG_2,-0.91,35.24,-0.07,1,1570,1688,SE
1172902.134,X_LEG_2,-0.91,35.24,-0.07,1,1570,1688,SE
1172902.154,X_LEG_2,-0.91,35.24,-0.07,1,1570,1688,SE
1172902.175,X_LEG_2,-0.91,35.24,-0.07,1,1570,1688,SE
1172902.195,X_LEG_2,-0.91,35.23,-0.05,1,1570,1688,SE
1172902.216,X_LEG_2,-0.89,35.23,-0.05,1,1570,1688,SE
1172902.236,X_LEG_2,-0.89,35.23,-0.05,1,1570,1688,SE
1172902.257,X_LEG_2,-0.89,35.23,-0.05,1,1570,1688,SE
1172902.277,X_LEG_2,-0.89,35.23,-0.05,1,1570,1688,SE
1172902.297,X_LEG_2,-0.89,35.23,-0.05,1,1570,1688,SE
1172902.318,X_LEG_2,-0.89,35.23,-0.05,1,1570,1688,SE
1172902.338,X_LEG_2,-0.89,35.23,-0.05,1,1570,1688,SE
1172902.359,X_LEG_2,-0.89,35.23,-0.05,1,1570,1688,SE
1172902.379,X_LEG_2,-0.89,35.23,-0.05,1,1570,1688,SE
1172902.400,X_LEG_2,-0.85,35.20,-0.04,1,1570,1688,SE
1172902.420,X_LEG_2,-0.85,35.20,-0.04,1,1570,1688,SE
1172902.440,X_LEG_2,-0.85,35.20,-0.04,1,1570,1688,SE
1172902.461,X_LEG_2,-0.85,35.20,-0.04,1,1570,1688,SE
1172902.481,X_LEG_2,-0.85,35.20,-0.04,1,1570,1688,SE
1172902.501,X_LEG_2,-0.83,35.18,-0.03,1,1570,1688,SE
1172902.521,X_LEG_2,-0.83,35.18,-0.03,1,1570,1688,SE
1172902.543,X_LEG_2,-0.83,35.18,-0.03,1,1570,1688,SE
1172902.563,X_LEG_2,-0.83,35.18,-0.03,1,1570,1688,SE
1172902.584,X_LEG_2,-0.83,35.18,-0.03,1,1570,1688,SE
1172902.606,X_LEG_2,-0.81,35.17,-0.02,1,1570,1688,SE
1172902.626,X_LEG_2,-0.81,35.17,-0.02,1,1570,1688,SE
1172902.646,X_LEG_2,-0.81,35.17,-0.02,1,1570,1688,SE
1172902.667,X_LEG_2,-0.81,35.17,-0.02,1,1570,1688,SE
1172902.687,X_LEG_2,-0.81,35.17,-0.02,1,1570,1688,SE
1172902.708,X_LEG_2,-0.81,35.17,-0.02,1,1570,1688,SE
1172902.728,X_LEG_2,-0.81,35.17,-0.02,1,1570,1688,SE
1172902.748,X_LEG_2,-0.81,35.17,-0.02,1,1570,1688,SE
1172902.769,X_LEG_2,-0.81,35.17,-0.02,1,1570,1688,SE
1172902.789,X_LEG_2,-0.81,35.17,-0.02,1,1570,1688,SE
1172902.810,X_LEG_2,-0.77,35.15,0.01,1,1570,1688,SE
1172902.830,X_LEG_2,-0.77,35.15,0.01,1,1570,1688,SE
1172902.851,X_LEG_2,-0.77,35.15,0.01,1,1570,1688,SE
1172902.872,X_LEG_2,-0.77,35.15,0.01,1,1570,1688,SE
1172902.892,X_LEG_2,-0.77,35.15,0.01,1,1570,1688,SE
1172902.912,X_LEG_2,-0.74,35.14,0.01,1,1570,1688,SE
1172902.933,X_LEG_2,-0.74,35.14,0.01,1,1570,1688,SE
1172902.953,X_LEG_2,-0.74,35.14,0.01,1,1570,1688,SE
1172902.974,X_LEG_2,-0.74,35.14,0.01,1,1570,1688,SE
1172902.994,X_LEG_2,-0.74,35.14,0.01,1,1570,1688,SE
1172903.015,X_LEG_2,-0.71,35.12,0.03,1,1570,1688,SE
1172903.036,X_LEG_2,-0.71,35.12,0.03,1,1570,1688,SE
1172903.056,X_LEG_2,-0.71,35.12,0.03,1,1570,1688,SE
1172903.076,X_LEG_2,-0.71,35.12,0.03,1,1570,1688,SE
1172903.096,X_LEG_2,-0.71,35.12,0.03,1,1570,1688,SE
1172903.117,X_LEG_2,-0.67,35.09,0.04,1,1570,1688,SE
1172903.138,X_LEG_2,-0.67,35.09,0.04,1,1570,1688,SE
1172903.158,X_LEG_2,-0.67,35.09,0.04,1,1570,1688,SE
1172903.178,X_LEG_2,-0.67,35.09,0.04,1,1570,1688,SE
1172903.199,X_LEG_2,-0.67,35.09,0.04,1,1570,1688,SE
1172903.219,X_LEG_2,-0.67,35.09,0.04,1,1570,1688,SE
1172903.239,X_LEG_2,-0.67,35.09,0.04,1,1570,1688,SE
1172903.260,X_LEG_2,-0.67,35.09,0.04,1,1570,1688,SE
1172903.281,X_LEG_2,-0.67,35.09,0.04,1,1570,1688,SE
1172903.301,X_LEG_2,-0.67,35.09,0.04,1,1570,1688,SE
1172903.322,X_LEG_2,-0.62,35.06,0.06,1,1570,1687,SE
1172903.342,X_LEG_2,-0.62,35.06,0.06,1,1570,1687,SE
1172903.362,X_LEG_2,-0.62,35.06,0.06,1,1570,1687,SE
1172903.383,X_LEG_2,-0.62,35.06,0.06,1,1570,1687,SE
1172903.403,X_LEG_2,-0.62,35.06,0.06,1,1570,1687,SE
1172903.424,X_LEG_2,-0.59,35.05,0.07,1,1570,1687,SE
1172903.444,X_LEG_2,-0.59,35.05,0.07,1,1570,1687,SE
1172903.465,X_LEG_2,-0.59,35.05,0.07,1,1570,1687,SE
1172903.486,X_LEG_2,-0.59,35.05,0.07,1,1570,1687,SE
1172903.507,X_LEG_2,-0.59,35.05,0.07,1,1570,1687,SE
1172903.527,X_LEG_2,-0.56,35.03,0.09,1,1570,1687,SE
1172903.549,X_LEG_2,-0.56,35.03,0.09,1,1570,1687,SE
1172903.569,X_LEG_2,-0.56,35.03,0.09,1,1570,1687,SE
1172903.589,X_LEG_2,-0.56,35.03,0.09,1,1570,1687,SE
1172903.611,X_LEG_2,-0.56,35.03,0.09,1,1570,1687,SE
1172903.631,X_LEG_2,-0.51,35.00,0.11,1,1570,1687,SE
1172903.651,X_LEG_2,-0.51,35.00,0.11,1,1570,1687,SE
1172903.673,X_LEG_2,-0.51,35.00,0.11,1,1570,1687,SE
1172903.693,X_LEG_2,-0.51,35.00,0.11,1,1570,1687,SE
1172903.713,X_LEG_2,-0.51,35.00,0.11,1,1570,1687,SE
1172903.734,X_LEG_2,-0.51,35.00,0.11,1,1570,1687,SE
1172903.754,X_LEG_2,-0.51,35.00,0.11,1,1570,1687,SE
1172903.775,X_LEG_2,-0.51,35.00,0.11,1,1570,1687,SE
1172903.795,X_LEG_2,-0.51,35.00,0.11,1,1570,1687,SE
1172903.815,X_LEG_2,-0.51,35.00,0.11,1,1570,1687,SE
1172903.836,X_LEG_2,-0.46,34.97,0.12,1,1570,1687,SE
1172903.856,X_LEG_2,-0.46,34.97,0.12,1,1570,1687,SE
1172903.877,X_LEG_2,-0.46,34.97,0.12,1,1570,1687,SE
1172903.898,X_LEG_2,-0.46,34.97,0.12,1,1570,1687,SE
1172903.918,X_LEG_2,-0.46,34.97,0.12,1,1570,1687,SE
1172903.939,X_LEG_2,-0.43,34.96,0.14,1,1570,1687,SE
1172903.959,X_LEG_2,-0.43,34.96,0.14,1,1570,1687,SE
1172903.979,X_LEG_2,-0.43,34.96,0.14,1,1570,1687,SE
1172904.001,X_LEG_2,-0.43,34.96,0.14,1,1570,1687,SE
1172904.021,X_LEG_2,-0.43,34.96,0.14,1,1570,1687,SE
1172904.042,X_LEG_2,-0.37,34.93,0.15,1,1570,1687,SE
1172904.063,X_LEG_2,-0.37,34.93,0.15,1,1570,1687,SE
1172904.083,X_LEG_2,-0.37,34.93,0.15,1,1570,1687,SE
1172904.104,X_LEG_2,-0.37,34.93,0.15,1,1570,1687,SE
1172904.124,X_LEG_2,-0.37,34.93,0.15,1,1570,1687,SE
1172904.145,X_LEG_2,-0.37,34.93,0.15,1,1570,1687,SE
1172904.165,X_LEG_2,-0.37,34.93,0.15,1,1570,1687,SE
1172904.185,X_LEG_2,-0.37,34.93,0.15,1,1570,1687,SE
1172904.206,X_LEG_2,-0.37,34.93,0.15,1,1570,1687,SE
1172904.226,X_LEG_2,-0.37,34.93,0.15,1,1570,1687,SE
1172904.247,X_LEG_2,-0.32,34.90,0.17,1,1570,1686,SE
1172904.268,X_LEG_2,-0.32,34.90,0.17,1,1570,1686,SE
1172904.289,X_LEG_2,-0.32,34.90,0.17,1,1570,1686,SE
1172904.309,X_LEG_2,-0.32,34.90,0.17,1,1570,1686,SE
1172904.331,X_LEG_2,-0.32,34.90,0.17,1,1570,1686,SE
1172904.351,X_LEG_2,-0.28,34.88,0.19,1,1570,1686,SE
1172904.371,X_LEG_2,-0.28,34.88,0.19,1,1570,1686,SE
1172904.393,X_LEG_2,-0.28,34.88,0.19,1,1570,1686,SE
1172904.413,X_LEG_2,-0.28,34.88,0.19,1,1570,1686,SE
1172904.434,X_LEG_2,-0.28,34.88,0.19,1,1570,1686,SE
1172904.455,X_LEG_2,-0.22,34.85,0.20,1,1570,1686,SE
1172904.475,X_LEG_2,-0.22,34.85,0.20,1,1570,1686,SE
1172904.496,X_LEG_2,-0.22,34.85,0.20,1,1570,1686,SE
1172904.517,X_LEG_2,-0.22,34.85,0.20,1,1570,1686,SE
1172904.538,X_LEG_2,-0.22,34.85,0.20,1,1570,1686,SE
1172904.558,X_LEG_2,-0.22,34.85,0.20,1,1570,1686,SE
1172904.579,X_LEG_2,-0.22,34.85,0.20,1,1570,1686,SE
1172904.599,X_LEG_2,-0.22,34.85,0.20,1,1570,1686,SE
1172904.619,X_LEG_2,-0.22,34.85,0.20,1,1570,1686,SE
1172904.640,X_LEG_2,-0.22,34.85,0.20,1,1570,1686,SE
1172904.660,X_LEG_2,-0.18,34.83,0.21,1,1570,1686,SE
1172904.681,X_LEG_2,-0.18,34.83,0.21,1,1570,1686,SE
1172904.701,X_LEG_2,-0.18,34.83,0.21,1,1570,1686,SE
1172904.723,X_LEG_2,-0.18,34.83,0.21,1,1570,1686,SE
1172904.743,X_LEG_2,-0.18,34.83,0.21,1,1570,1686,SE
1172904.763,X_LEG_2,-0.14,34.81,0.21,1,1570,1686,SE
1172904.784,X_LEG_2,-0.14,34.81,0.21,1,1570,1686,SE
1172904.804,X_LEG_2,-0.14,34.81,0.21,1,1570,1686,SE
1172904.824,X_LEG_2,-0.14,34.81,0.21,1,1570,1686,SE
1172904.845,X_LEG_2,-0.14,34.81,0.21,1,1570,1686,SE
1172904.865,X_LEG_2,-0.07,34.78,0.24,1,1570,1686,SE
1172904.885,X_LEG_2,-0.07,34.78,0.24,1,1570,1686,SE
1172904.905,X_LEG_2,-0.07,34.78,0.24,1,1570,1686,SE
1172904.926,X_LEG_2,-0.07,34.78,0.24,1,1570,1686,SE
1172904.946,X_LEG_2,-0.07,34.78,0.24,1,1570,1686,SE
1172904.967,X_LEG_2,-0.03,34.76,0.25,1,1570,1686,SE
1172904.987,X_LEG_2,-0.03,34.76,0.25,1,1570,1686,SE
1172905.007,X_LEG_2,-0.03,34.76,0.25,1,1570,1686,SE
1172905.027,X_LEG_2,-0.03,34.76,0.25,1,1570,1686,SE
1172905.048,X_LEG_2,-0.03,34.76,0.25,1,1570,1686,SE
1172905.068,X_LEG_2,0.01,34.74,0.25,1,1569,1685,SE
1172905.089,X_LEG_2,0.01,34.74,0.25,1,1569,1685,SE
1172905.109,X_LEG_2,0.01,34.74,0.25,1,1569,1685,SE
1172905.129,X_LEG_2,0.01,34.74,0.25,1,1569,1685,SE
1172905.150,X_LEG_2,0.01,34.74,0.25,1,1569,1685,SE
1172905.170,X_LEG_2,0.01,34.74,0.25,1,1569,1685,SE
1172905.192,X_LEG_2,0.01,34.74,0.25,1,1569,1685,SE
1172905.212,X_LEG_2,0.01,34.74,0.25,1,1569,1685,SE
1172905.232,X_LEG_2,0.01,34.74,0.25,1,1569,1685,SE
1172905.252,X_LEG_2,0.01,34.74,0.25,1,1569,1685,SE
1172905.273,X_LEG_2,0.08,34.71,0.28,1,1569,1685,SE
1172905.294,X_LEG_2,0.08,34.71,0.28,1,1569,1685,SE
1172905.314,X_LEG_2,0.08,34.71,0.28,1,1569,1685,SE
1172905.335,X_LEG_2,0.08,34.71,0.28,1,1569,1685,SE
1172905.355,X_LEG_2,0.08,34.71,0.28,1,1569,1685,SE
1172905.375,X_LEG_2,0.13,34.69,0.29,1,1569,1685,SE
1172905.395,X_LEG_2,0.13,34.69,0.29,1,1569,1685,SE
1172905.416,X_LEG_2,0.13,34.69,0.29,1,1569,1685,SE
1172905.436,X_LEG_2,0.13,34.69,0.29,1,1569,1685,SE
1172905.457,X_LEG_2,0.13,34.69,0.29,1,1569,1685,SE
1172905.478,X_LEG_2,0.17,34.67,0.29,1,1569,1685,SE
1172905.498,X_LEG_2,0.17,34.67,0.29,1,1569,1685,SE
1172905.519,X_LEG_2,0.17,34.67,0.29,1,1569,1685,SE
1172905.539,X_LEG_2,0.17,34.67,0.29,1,1569,1685,SE
1172905.560,X_LEG_2,0.17,34.67,0.29,1,1569,1685,SE
1172905.580,X_LEG_2,0.24,34.64,0.31,1,1569,1685,SE
1172905.600,X_LEG_2,0.24,34.64,0.31,1,1569,1685,SE
1172905.620,X_LEG_2,0.24,34.64,0.31,1,1569,1685,SE
1172905.641,X_LEG_2,0.24,34.64,0.31,1,1569,1685,SE
1172905.663,X_LEG_2,0.24,34.64,0.31,1,1569,1685,SE
1172905.682,X_LEG_2,0.24,34.64,0.31,1,1569,1685,SE
1172905.703,X_LEG_2,0.24,34.64,0.31,1,1569,1685,SE
1172905.723,X_LEG_2,0.24,34.64,0.31,1,1569,1685,SE
1172905.743,X_LEG_2,0.24,34.64,0.31,1,1569,1685,SE
1172905.763,X_LEG_2,0.24,34.64,0.31,1,1569,1685,SE
1172905.784,X_LEG_2,0.32,34.60,0.33,1,1569,1685,SE
1172905.804,X_LEG_2,0.32,34.60,0.33,1,1569,1685,SE
1172905.825,X_LEG_2,0.32,34.60,0.33,1,1569,1685,SE
1172905.845,X_LEG_2,0.32,34.60,0.33,1,1569,1685,SE
1172905.866,X_LEG_2,0.32,34.60,0.33,1,1569,1685,SE
1172905.886,X_LEG_2,0.37,34.59,0.33,1,1569,1684,SE
1172905.907,X_LEG_2,0.37,34.59,0.33,1,1569,1684,SE
1172905.927,X_LEG_2,0.37,34.59,0.33,1,1569,1684,SE
1172905.947,X_LEG_2,0.37,34.59,0.33,1,1569,1684,SE
1172905.968,X_LEG_2,0.37,34.59,0.33,1,1569,1684,SE
1172905.988,X_LEG_2,0.42,34.56,0.35,1,1569,1684,SE
1172906.009,X_LEG_2,0.42,34.56,0.35,1,1569,1684,SE
1172906.029,X_LEG_2,0.42,34.56,0.35,1,1569,1684,SE
1172906.049,X_LEG_2,0.42,34.56,0.35,1,1569,1684,SE
1172906.070,X_LEG_2,0.42,34.56,0.35,1,1569,1684,SE
1172906.090,X_LEG_2,0.42,34.56,0.35,1,1569,1684,SE
1172906.110,X_LEG_2,0.42,34.56,0.35,1,1569,1684,SE
1172906.131,X_LEG_2,0.42,34.56,0.35,1,1569,1684,SE
1172906.151,X_LEG_2,0.42,34.56,0.35,1,1569,1684,SE
1172906.172,X_LEG_2,0.42,34.56,0.35,1,1569,1684,SE
1172906.193,X_LEG_2,0.49,34.53,0.37,1,1569,1684,SE
1172906.214,X_LEG_2,0.49,34.53,0.37,1,1569,1684,SE
1172906.234,X_LEG_2,0.49,34.53,0.37,1,1569,1684,SE
1172906.256,X_LEG_2,0.49,34.53,0.37,1,1569,1684,SE
1172906.276,X_LEG_2,0.49,34.53,0.37,1,1569,1684,SE
1172906.297,X_LEG_2,0.53,34.52,0.37,1,1569,1684,SE
1172906.318,X_LEG_2,0.53,34.52,0.37,1,1569,1684,SE
1172906.338,X_LEG_2,0.53,34.52,0.37,1,1569,1684,SE
1172906.359,X_LEG_2,0.53,34.52,0.37,1,1569,1684,SE
1172906.380,X_LEG_2,0.53,34.52,0.37,1,1569,1684,SE
1172906.401,X_LEG_2,0.57,34.49,0.40,1,1569,1684,SE
1172906.422,X_LEG_2,0.57,34.49,0.40,1,1569,1684,SE
1172906.442,X_LEG_2,0.57,34.49,0.40,1,1569,1684,SE
1172906.463,X_LEG_2,0.57,34.49,0.40,1,1569,1684,SE
1172906.483,X_LEG_2,0.57,34.49,0.40,1,1569,1684,SE
1172906.504,X_LEG_2,0.61,34.46,0.40,1,1569,1684,SE
1172906.524,X_LEG_2,0.61,34.46,0.40,1,1569,1684,SE
1172906.544,X_LEG_2,0.61,34.46,0.40,1,1569,1684,SE
1172906.565,X_LEG_2,0.61,34.46,0.40,1,1569,1684,SE
1172906.586,X_LEG_2,0.61,34.46,0.40,1,1569,1684,SE
1172906.606,X_LEG_2,0.61,34.46,0.40,1,1569,1684,SE
1172906.627,X_LEG_2,0.61,34.46,0.40,1,1569,1684,SE
1172906.647,X_LEG_2,0.61,34.46,0.40,1,1569,1684,SE
1172906.667,X_LEG_2,0.61,34.46,0.40,1,1569,1684,SE
1172906.687,X_LEG_2,0.61,34.46,0.40,1,1569,1684,SE
1172906.708,X_LEG_2,0.65,34.41,0.37,1,1569,1684,SE
1172906.728,X_LEG_2,0.65,34.41,0.37,1,1569,1684,SE
1172906.749,X_LEG_2,0.65,34.41,0.37,1,1569,1684,SE
1172906.769,X_LEG_2,0.65,34.41,0.37,1,1569,1684,SE
1172906.790,X_LEG_2,0.65,34.41,0.37,1,1569,1684,SE
1172906.810,X_LEG_2,0.68,34.37,0.36,1,1569,1683,SE
1172906.830,X_LEG_2,0.68,34.37,0.36,1,1569,1683,SE
1172906.851,X_LEG_2,0.68,34.37,0.36,1,1569,1683,SE
1172906.871,X_LEG_2,0.68,34.37,0.36,1,1569,1683,SE
1172906.892,X_LEG_2,0.68,34.37,0.36,1,1569,1683,SE
1172906.912,X_LEG_2,0.70,34.34,0.35,1,1569,1683,SE
1172906.933,X_LEG_2,0.70,34.34,0.35,1,1569,1683,SE
1172906.953,X_LEG_2,0.70,34.34,0.35,1,1569,1683,SE
1172906.973,X_LEG_2,0.70,34.34,0.35,1,1569,1683,SE
1172906.997,X_LEG_2,0.70,34.34,0.35,1,1569,1683,SE
1172907.016,X_LEG_2,0.72,34.31,0.33,1,1569,1683,SE
1172907.037,X_LEG_2,0.72,34.31,0.33,1,1569,1683,SE
1172907.058,X_LEG_2,0.72,34.31,0.33,1,1569,1683,SE
1172907.078,X_LEG_2,0.72,34.31,0.33,1,1569,1683,SE
1172907.099,X_LEG_2,0.72,34.31,0.33,1,1569,1683,SE
1172907.120,X_LEG_2,0.74,34.26,0.28,1,1569,1683,SE
1172907.140,X_LEG_2,0.74,34.26,0.28,1,1569,1683,SE
1172907.161,X_LEG_2,0.74,34.26,0.28,1,1569,1683,SE
1172907.183,X_LEG_2,0.74,34.26,0.28,1,1569,1683,SE
1172907.203,X_LEG_2,0.74,34.26,0.28,1,1569,1683,SE
1172907.225,X_LEG_2,0.74,34.26,-10.72,1,1569,1683,SE
1172907.245,X_LEG_2,0.74,34.26,-10.72,1,1569,1683,SE
1172907.266,X_LEG_2,0.74,34.26,-10.72,1,1569,1683,SE
1172907.287,X_LEG_2,0.74,34.26,-10.72,1,1569,1683,SE
1172907.309,X_LEG_2,0.74,34.26,-10.72,1,1569,1683,SE
1172907.330,X_LEG_2,0.73,34.26,-10.80,1,1569,1683,SE
1172907.351,X_LEG_2,0.73,34.26,-10.80,1,1569,1683,SE
1172907.372,X_LEG_2,0.73,34.26,-10.80,1,1569,1683,SE
1172907.392,X_LEG_2,0.73,34.26,-10.80,1,1569,1683,SE
1172907.413,X_LEG_2,0.73,34.26,-10.80,1,1569,1683,SE
1172907.435,X_LEG_2,0.74,34.27,-10.85,1,1569,1683,SE
1172907.455,X_LEG_2,0.74,34.27,-10.85,1,1569,1683,SE
1172907.476,X_LEG_2,0.74,34.27,-10.85,1,1569,1683,SE
1172907.498,X_LEG_2,0.74,34.27,-10.85,1,1569,1683,SE
1172907.518,X_LEG_2,0.74,34.27,-10.85,1,1569,1683,SE
1172907.539,X_LEG_2,0.73,34.32,-10.83,1,1569,1683,SE
1172907.561,X_LEG_2,0.73,34.32,-10.83,1,1569,1683,SE
1172907.582,X_LEG_2,0.73,34.32,-10.83,1,1569,1683,SE
1172907.602,X_LEG_2,0.73,34.32,-10.83,1,1569,1683,SE
1172907.623,X_LEG_2,0.73,34.32,-10.83,1,1569,1683,SE
1172907.643,X_LEG_2,0.73,34.32,-10.83,1,1569,1683,SE
1172907.664,X_LEG_2,0.73,34.32,-10.83,1,1569,1683,SE
1172907.686,X_LEG_2,0.73,34.32,-10.83,1,1569,1683,SE
1172907.706,X_LEG_2,0.73,34.32,-10.83,1,1569,1683,SE
1172907.727,X_LEG_2,0.73,34.32,-10.83,1,1569,1683,SE
1172907.747,X_LEG_2,0.73,34.30,-10.92,1,1569,1683,SE
1172907.768,X_LEG_2,0.73,34.30,-10.92,1,1569,1683,SE
1172907.788,X_LEG_2,0.73,34.30,-10.92,1,1569,1683,SE
1172907.809,X_LEG_2,0.73,34.30,-10.92,1,1569,1683,SE
1172907.830,X_LEG_2,0.73,34.30,-10.92,1,1569,1683,SE
1172907.850,X_LEG_2,0.73,34.31,26.07,0,1500,1683,SE
1172907.871,X_LEG_2,0.73,34.31,26.07,0,1500,1683,SE
1172907.891,X_LEG_2,0.73,34.31,26.07,0,1500,1683,SE
1172907.912,X_LEG_2,0.73,34.31,26.07,0,1500,1683,SE
1172907.932,X_LEG_2,0.73,34.31,26.07,0,1500,1683,SE
1172907.953,X_LEG_2,0.73,34.31,26.07,0,1500,1683,SE
1172907.973,X_LEG_2,0.73,34.31,26.07,0,1500,1683,SE
1172907.994,X_LEG_2,0.73,34.31,26.07,0,1500,1683,SE
1172908.014,X_LEG_2,0.73,34.31,26.07,0,1500,1683,SE
1172908.035,X_LEG_2,0.73,34.31,26.07,0,1500,1683,SE
1172908.055,X_LEG_2,0.73,34.31,26.07,0,1500,1683,SE
1172908.077,X_LEG_2,0.73,34.31,26.07,0,1500,1683,SE
1172908.098,X_LEG_2,0.73,34.31,26.07,0,1500,1683,SE
1172908.118,X_LEG_2,0.73,34.31,26.07,0,1500,1683,SE
1172908.140,X_LEG_2,0.73,34.31,26.07,0,1500,1683,SE
1172908.160,X_LEG_2,0.73,34.31,26.07,0,1500,1683,SE
1172908.180,X_LEG_2,0.73,34.31,26.07,0,1500,1683,SE
1172908.201,X_LEG_2,0.73,34.31,26.07,0,1500,1683,SE
1172908.221,X_LEG_2,0.73,34.31,26.07,0,1500,1683,SE
1172908.242,X_LEG_2,0.73,34.31,26.07,0,1500,1683,SE
1172908.262,X_LEG_2,0.73,34.31,26.07,0,1500,1683,SE
1172908.282,X_LEG_2,0.73,34.31,26.07,0,1500,1683,SE
1172908.303,X_LEG_2,0.73,34.31,26.07,0,1500,1683,SE
1172908.323,X_LEG_2,0.73,34.31,26.07,0,1500,1683,SE
1172908.344,X_LEG_2,0.73,34.31,26.07,0,1500,1683,SE
1172908.364,X_LEG_2,0.73,34.30,26.09,0,1500,1683,SE
1172908.385,X_LEG_2,0.73,34.30,26.09,0,1500,1683,SE
1172908.407,X_LEG_2,0.73,34.30,26.09,0,1500,1683,SE
1172908.427,X_LEG_2,0.73,34.30,26.09,0,1500,1683,SE
1172908.447,X_LEG_2,0.73,34.30,26.09,0,1500,1683,SE
1172908.468,X_LEG_2,0.74,34.29,26.21,0,1500,1683,SE
1172908.488,X_LEG_2,0.74,34.29,26.21,0,1500,1683,SE
1172908.508,X_LEG_2,0.74,34.29,26.21,0,1500,1683,SE
1172908.530,X_LEG_2,0.74,34.29,26.21,0,1500,1683,SE
1172908.550,X_LEG_2,0.74,34.29,26.21,0,1500,1683,SE
1172908.571,X_LEG_2,0.77,34.24,26.26,0,1500,1683,SE
1172908.591,X_LEG_2,0.77,34.24,26.26,0,1500,1683,SE
1172908.611,X_LEG_2,0.77,34.24,26.26,0,1500,1683,SE
1172908.632,X_LEG_2,0.77,34.24,26.26,0,1500,1683,SE
1172908.653,X_LEG_2,0.77,34.24,26.26,0,1500,1683,SE
1172908.673,X_LEG_2,0.77,34.21,-71.71,0,1500,1683,SE
1172908.693,X_LEG_2,0.77,34.21,-71.71,0,1500,1683,SE
1172908.714,X_LEG_2,0.77,34.21,-71.71,0,1500,1683,SE
1172908.736,X_LEG_2,0.77,34.21,-71.71,0,1500,1683,SE
1172908.756,X_LEG_2,0.77,34.21,-71.71,0,1500,1683,SE
1172908.777,X_LEG_2,0.77,34.21,-71.71,0,1500,1683,SE
1172908.797,X_LEG_2,0.77,34.21,-71.71,0,1500,1683,SE
1172908.817,X_LEG_2,0.77,34.21,-71.71,0,1500,1683,SE
1172908.838,X_LEG_2,0.77,34.21,-71.71,0,1500,1683,SE
1172908.858,X_LEG_2,0.77,34.21,-71.71,0,1500,1683,SE
1172908.879,X_LEG_2,0.78,34.18,-71.68,0,1500,1683,SE
1172908.899,X_LEG_2,0.78,34.18,-71.68,0,1500,1683,SE
1172908.921,X_LEG_2,0.78,34.18,-71.68,0,1500,1683,SE
1172908.942,X_LEG_2,0.78,34.18,-71.68,0,1500,1683,SE
1172908.962,X_LEG_2,0.78,34.18,-71.68,0,1500,1683,SE
1172908.984,X_LEG_2,0.80,34.18,-71.64,0,1500,1683,SE
1172909.004,X_LEG_2,0.80,34.18,-71.64,0,1500,1683,SE
1172909.025,X_LEG_2,0.80,34.18,-71.64,0,1500,1683,SE
1172909.047,X_LEG_2,0.80,34.18,-71.64,0,1500,1683,SE
1172909.067,X_LEG_2,0.80,34.18,-71.64,0,1500,1683,SE
1172909.088,X_LEG_2,0.81,34.17,-71.62,0,1500,1683,SE
1172909.108,X_LEG_2,0.81,34.17,-71.62,0,1500,1683,SE
1172909.128,X_LEG_2,0.81,34.17,-71.62,0,1500,1683,SE
1172909.148,X_LEG_2,0.81,34.17,-71.62,0,1500,1683,SE
1172909.169,X_LEG_2,0.81,34.17,-71.62,0,1500,1683,SE
1172909.190,X_LEG_2,0.82,34.18,-71.56,0,1500,1683,SE
1172909.210,X_LEG_2,0.82,34.18,-71.56,0,1500,1683,SE
1172909.231,X_LEG_2,0.82,34.18,-71.56,0,1500,1683,SE
1172909.251,X_LEG_2,0.82,34.18,-71.56,0,1500,1683,SE
1172909.272,X_LEG_2,0.82,34.18,-71.56,0,1500,1683,SE
1172909.292,X_LEG_2,0.82,34.18,-71.56,0,1500,1683,SE
1172909.313,X_LEG_2,0.82,34.18,-71.56,0,1500,1683,SE
1172909.333,X_LEG_2,0.82,34.18,-71.56,0,1500,1683,SE
1172909.354,X_LEG_2,0.82,34.18,-71.56,0,1500,1683,SE
1172909.374,X_LEG_2,0.82,34.18,-71.56,0,1500,1683,SE
1172909.395,X_LEG_2,0.84,34.21,-71.53,0,1500,1683,SE
1172909.415,X_LEG_2,0.84,34.21,-71.53,0,1500,1683,SE
1172909.436,X_LEG_2,0.84,34.21,-71.53,0,1500,1683,SE
1172909.456,X_LEG_2,0.84,34.21,-71.53,0,1500,1683,SE
1172909.476,X_LEG_2,0.84,34.21,-71.53,0,1500,1683,SE
1172909.499,X_LEG_2,0.86,34.24,-106.51,0,1500,1683,SE
1172909.520,X_LEG_2,0.86,34.24,-106.51,0,1500,1683,SE
1172909.540,X_LEG_2,0.86,34.24,-106.51,0,1500,1683,SE
1172909.561,X_LEG_2,0.86,34.24,-106.51,0,1500,1683,SE
1172909.581,X_LEG_2,0.86,34.24,-106.51,0,1500,1683,SE
1172909.602,X_LEG_2,0.90,34.41,-106.60,0,1500,1683,SE
1172909.623,X_LEG_2,0.90,34.41,-106.60,0,1500,1683,SE
1172909.643,X_LEG_2,0.90,34.41,-106.60,0,1500,1683,SE
1172909.664,X_LEG_2,0.90,34.41,-106.60,0,1500,1683,SE
1172909.685,X_LEG_2,0.90,34.41,-106.60,0,1500,1683,SE
1172909.706,X_LEG_2,0.94,34.51,-106.72,0,1500,1683,SE
1172909.726,X_LEG_2,0.94,34.51,-106.72,0,1500,1683,SE
1172909.746,X_LEG_2,0.94,34.51,-106.72,0,1500,1683,SE
1172909.767,X_LEG_2,0.94,34.51,-106.72,0,1500,1683,SE
1172909.787,X_LEG_2,0.94,34.51,-106.72,0,1500,1683,SE
1172909.807,X_LEG_2,0.97,34.60,-106.84,0,1500,1683,SE
1172909.827,X_LEG_2,0.97,34.60,-106.84,0,1500,1683,SE
1172909.848,X_LEG_2,0.97,34.60,-106.84,0,1500,1683,SE
1172909.868,X_LEG_2,0.97,34.60,-106.84,0,1500,1683,SE
1172909.889,X_LEG_2,0.97,34.60,-106.84,0,1500,1683,SE
1172909.910,X_LEG_2,1.00,34.69,-106.99,0,1500,1683,SE
1172909.931,X_LEG_2,1.00,34.69,-106.99,0,1500,1683,SE
1172909.952,X_LEG_2,1.00,34.69,-106.99,0,1500,1683,SE
1172909.972,X_LEG_2,1.00,34.69,-106.99,0,1500,1683,SE
1172909.992,X_LEG_2,1.00,34.69,-106.99,0,1500,1683,SE
1172910.013,X_LEG_2,1.02,34.77,-107.13,0,1500,1682,SE
1172910.033,X_LEG_2,1.02,34.77,-107.13,0,1500,1682,SE
1172910.053,X_LEG_2,1.02,34.77,-107.13,0,1500,1682,SE
1172910.073,X_LEG_2,1.02,34.77,-107.13,0,1500,1682,SE
1172910.094,X_LEG_2,1.02,34.77,-107.13,0,1500,1682,SE
1172910.115,X_LEG_2,1.04,34.86,-107.28,0,1500,1682,SE
1172910.135,X_LEG_2,1.04,34.86,-107.28,0,1500,1682,SE
1172910.155,X_LEG_2,1.04,34.86,-107.28,0,1500,1682,SE
1172910.176,X_LEG_2,1.04,34.86,-107.28,0,1500,1682,SE
1172910.196,X_LEG_2,1.04,34.86,-107.28,0,1500,1682,SE
1172910.217,X_LEG_2,1.04,34.86,-66.28,0,1500,1682,SE
1172910.237,X_LEG_2,1.04,34.86,-66.28,0,1500,1682,SE
1172910.258,X_LEG_2,1.04,34.86,-66.28,0,1500,1682,SE
1172910.278,X_LEG_2,1.04,34.86,-66.28,0,1500,1682,SE
1172910.299,X_LEG_2,1.04,34.86,-66.28,0,1500,1682,SE
1172910.319,X_LEG_2,1.06,34.98,-66.52,0,1500,1682,SE
1172910.340,X_LEG_2,1.06,34.98,-66.52,0,1500,1682,SE
1172910.360,X_LEG_2,1.06,34.98,-66.52,0,1500,1682,SE
1172910.381,X_LEG_2,1.06,34.98,-66.52,0,1500,1682,SE
1172910.401,X_LEG_2,1.06,34.98,-66.52,0,1500,1682,SE
1172910.423,X_LEG_2,1.09,35.09,-66.78,0,1500,1682,SE
1172910.443,X_LEG_2,1.09,35.09,-66.78,0,1500,1682,SE
1172910.463,X_LEG_2,1.09,35.09,-66.78,0,1500,1682,SE
1172910.484,X_LEG_2,1.09,35.09,-66.78,0,1500,1682,SE
1172910.504,X_LEG_2,1.09,35.09,-66.78,0,1500,1682,SE
1172910.525,X_LEG_2,1.10,35.15,-66.96,0,1500,1682,SE
1172910.545,X_LEG_2,1.10,35.15,-66.96,0,1500,1682,SE
1172910.566,X_LEG_2,1.10,35.15,-66.96,0,1500,1682,SE
1172910.586,X_LEG_2,1.10,35.15,-66.96,0,1500,1682,SE
1172910.606,X_LEG_2,1.10,35.15,-66.96,0,1500,1682,SE
1172910.627,X_LEG_2,1.12,35.23,-67.14,0,1500,1682,SE
1172910.647,X_LEG_2,1.12,35.23,-67.14,0,1500,1682,SE
1172910.668,X_LEG_2,1.12,35.23,-67.14,0,1500,1682,SE
1172910.689,X_LEG_2,1.12,35.23,-67.14,0,1500,1682,SE
1172910.709,X_LEG_2,1.12,35.23,-67.14,0,1500,1682,SE
1172910.730,X_LEG_2,1.14,35.30,-67.32,0,1500,1682,SE
1172910.751,X_LEG_2,1.14,35.30,-67.32,0,1500,1682,SE
1172910.771,X_LEG_2,1.14,35.30,-67.32,0,1500,1682,SE
1172910.792,X_LEG_2,1.14,35.30,-67.32,0,1500,1682,SE
1172910.812,X_LEG_2,1.14,35.30,-67.32,0,1500,1682,SE
1172910.833,X_LEG_2,1.14,35.30,-42.32,0,1500,1682,SE
1172910.853,X_LEG_2,1.14,35.30,-42.32,0,1500,1682,SE
1172910.874,X_LEG_2,1.14,35.30,-42.32,0,1500,1682,SE
1172910.894,X_LEG_2,1.14,35.30,-42.32,0,1500,1682,SE
1172910.915,X_LEG_2,1.14,35.30,-42.32,0,1500,1682,SE
1172910.935,X_LEG_2,1.16,35.37,-42.51,0,1500,1682,SE
1172910.955,X_LEG_2,1.16,35.37,-42.51,0,1500,1682,SE
1172910.976,X_LEG_2,1.16,35.37,-42.51,0,1500,1682,SE
1172910.996,X_LEG_2,1.16,35.37,-42.51,0,1500,1682,SE
1172911.017,X_LEG_2,1.16,35.37,-42.51,0,1500,1682,SE
1172911.037,X_LEG_2,1.19,35.49,-42.78,0,1500,1682,SE
1172911.058,X_LEG_2,1.19,35.49,-42.78,0,1500,1682,SE
1172911.078,X_LEG_2,1.19,35.49,-42.78,0,1500,1682,SE
1172911.099,X_LEG_2,1.19,35.49,-42.78,0,1500,1682,SE
1172911.119,X_LEG_2,1.19,35.49,-42.78,0,1500,1682,SE
1172911.140,X_LEG_2,1.22,35.56,-42.95,0,1500,1682,SE
1172911.160,X_LEG_2,1.22,35.56,-42.95,0,1500,1682,SE
1172911.181,X_LEG_2,1.22,35.56,-42.95,0,1500,1682,SE
1172911.202,X_LEG_2,1.22,35.56,-42.95,0,1500,1682,SE
1172911.222,X_LEG_2,1.22,35.56,-42.95,0,1500,1682,SE
1172911.242,X_LEG_2,1.24,35.64,-43.12,0,1500,1682,SE
1172911.263,X_LEG_2,1.24,35.64,-43.12,0,1500,1682,SE
1172911.283,X_LEG_2,1.24,35.64,-43.12,0,1500,1682,SE
1172911.303,X_LEG_2,1.24,35.64,-43.12,0,1500,1682,SE
1172911.324,X_LEG_2,1.24,35.64,-43.12,0,1500,1682,SE
1172911.344,X_LEG_2,1.27,35.72,-43.30,0,1500,1682,SE
1172911.364,X_LEG_2,1.27,35.72,-43.30,0,1500,1682,SE
1172911.384,X_LEG_2,1.27,35.72,-43.30,0,1500,1682,SE
1172911.405,X_LEG_2,1.27,35.72,-43.30,0,1500,1682,SE
1172911.426,X_LEG_2,1.27,35.72,-43.30,0,1500,1682,SE
1172911.446,X_LEG_2,1.29,35.80,-43.48,0,1500,1682,SE
1172911.467,X_LEG_2,1.29,35.80,-43.48,0,1500,1682,SE
1172911.488,X_LEG_2,1.29,35.80,-43.48,0,1500,1682,SE
1172911.508,X_LEG_2,1.29,35.80,-43.48,0,1500,1682,SE
1172911.529,X_LEG_2,1.29,35.80,-43.48,0,1500,1682,SE
1172911.550,X_LEG_2,1.29,35.80,-22.48,1,1572,1682,SE
1172911.570,X_LEG_2,1.29,35.80,-22.48,1,1572,1682,SE
1172911.591,X_LEG_2,1.29,35.80,-22.48,1,1572,1682,SE
1172911.613,X_LEG_2,1.29,35.80,-22.48,1,1572,1682,SE
1172911.633,X_LEG_2,1.29,35.80,-22.48,1,1572,1682,SE
1172911.654,X_LEG_2,1.33,35.92,-22.73,1,1572,1682,SE
1172911.674,X_LEG_2,1.33,35.92,-22.73,1,1572,1682,SE
1172911.694,X_LEG_2,1.33,35.92,-22.73,1,1572,1682,SE
1172911.714,X_LEG_2,1.33,35.92,-22.73,1,1572,1682,SE
1172911.735,X_LEG_2,1.33,35.92,-22.73,1,1572,1682,SE
1172911.755,X_LEG_2,1.36,35.99,-22.89,1,1572,1681,SE
1172911.776,X_LEG_2,1.36,35.99,-22.89,1,1572,1681,SE
1172911.796,X_LEG_2,1.36,35.99,-22.89,1,1572,1681,SE
1172911.817,X_LEG_2,1.36,35.99,-22.89,1,1572,1681,SE
1172911.838,X_LEG_2,1.36,35.99,-22.89,1,1572,1681,SE
1172911.858,X_LEG_2,1.39,36.07,-23.06,1,1572,1681,SE
1172911.879,X_LEG_2,1.39,36.07,-23.06,1,1572,1681,SE
1172911.899,X_LEG_2,1.39,36.07,-23.06,1,1572,1681,SE
1172911.919,X_LEG_2,1.39,36.07,-23.06,1,1572,1681,SE
1172911.939,X_LEG_2,1.39,36.07,-23.06,1,1572,1681,SE
1172911.960,X_LEG_2,1.43,36.19,-23.31,1,1572,1681,SE
1172911.981,X_LEG_2,1.43,36.19,-23.31,1,1572,1681,SE
1172912.001,X_LEG_2,1.43,36.19,-23.31,1,1572,1681,SE
1172912.022,X_LEG_2,1.43,36.19,-23.31,1,1572,1681,SE
1172912.042,X_LEG_2,1.43,36.19,-23.31,1,1572,1681,SE
1172912.062,X_LEG_2,1.46,36.26,-23.47,1,1573,1681,SE
1172912.083,X_LEG_2,1.46,36.26,-23.47,1,1573,1681,SE
1172912.104,X_LEG_2,1.46,36.26,-23.47,1,1573,1681,SE
1172912.124,X_LEG_2,1.46,36.26,-23.47,1,1573,1681,SE
1172912.145,X_LEG_2,1.46,36.26,-23.47,1,1573,1681,SE
1172912.166,X_LEG_2,1.46,36.26,-23.47,1,1573,1681,SE
1172912.186,X_LEG_2,1.46,36.26,-23.47,1,1573,1681,SE
1172912.207,X_LEG_2,1.46,36.26,-23.47,1,1573,1681,SE
1172912.228,X_LEG_2,1.46,36.26,-23.47,1,1573,1681,SE
1172912.248,X_LEG_2,1.46,36.26,-23.47,1,1573,1681,SE
1172912.270,X_LEG_2,1.51,36.37,-23.71,1,1573,1681,SE
1172912.290,X_LEG_2,1.51,36.37,-23.71,1,1573,1681,SE
1172912.310,X_LEG_2,1.51,36.37,-23.71,1,1573,1681,SE
1172912.330,X_LEG_2,1.51,36.37,-23.71,1,1573,1681,SE
1172912.351,X_LEG_2,1.51,36.37,-23.71,1,1573,1681,SE
1172912.371,X_LEG_2,1.54,36.45,-23.86,1,1573,1681,SE
1172912.392,X_LEG_2,1.54,36.45,-23.86,1,1573,1681,SE
1172912.412,X_LEG_2,1.54,36.45,-23.86,1,1573,1681,SE
1172912.433,X_LEG_2,1.54,36.45,-23.86,1,1573,1681,SE
1172912.453,X_LEG_2,1.54,36.45,-23.86,1,1573,1681,SE
1172912.474,X_LEG_2,1.58,36.52,-24.03,1,1573,1681,SE
1172912.494,X_LEG_2,1.58,36.52,-24.03,1,1573,1681,SE
1172912.515,X_LEG_2,1.58,36.52,-24.03,1,1573,1681,SE
1172912.535,X_LEG_2,1.58,36.52,-24.03,1,1573,1681,SE
1172912.555,X_LEG_2,1.58,36.52,-24.03,1,1573,1681,SE
1172912.576,X_LEG_2,1.63,36.63,-24.26,1,1573,1681,SE
1172912.597,X_LEG_2,1.63,36.63,-24.26,1,1573,1681,SE
1172912.617,X_LEG_2,1.63,36.63,-24.26,1,1573,1681,SE
1172912.637,X_LEG_2,1.63,36.63,-24.26,1,1573,1681,SE
1172912.658,X_LEG_2,1.63,36.63,-24.26,1,1573,1681,SE
1172912.678,X_LEG_2,1.63,36.63,-11.26,1,1573,1681,SE
1172912.699,X_LEG_2,1.63,36.63,-11.26,1,1573,1681,SE
1172912.719,X_LEG_2,1.63,36.63,-11.26,1,1573,1681,SE
1172912.740,X_LEG_2,1.63,36.63,-11.26,1,1573,1681,SE
1172912.760,X_LEG_2,1.63,36.63,-11.26,1,1573,1681,SE
1172912.780,X_LEG_2,1.69,36.74,-11.49,1,1573,1680,SE
1172912.801,X_LEG_2,1.69,36.74,-11.49,1,1573,1680,SE
1172912.821,X_LEG_2,1.69,36.74,-11.49,1,1573,1680,SE
1172912.842,X_LEG_2,1.69,36.74,-11.49,1,1573,1680,SE
1172912.863,X_LEG_2,1.69,36.74,-11.49,1,1573,1680,SE
1172912.883,X_LEG_2,1.72,36.81,-11.66,1,1574,1680,SE
1172912.903,X_LEG_2,1.72,36.81,-11.66,1,1574,1680,SE
1172912.924,X_LEG_2,1.72,36.81,-11.66,1,1574,1680,SE
1172912.945,X_LEG_2,1.72,36.81,-11.66,1,1574,1680,SE
1172912.965,X_LEG_2,1.72,36.81,-11.66,1,1574,1680,SE
1172912.985,X_LEG_2,1.72,36.81,-11.66,1,1574,1680,SE
1172913.006,X_LEG_2,1.72,36.81,-11.66,1,1574,1680,SE
1172913.026,X_LEG_2,1.72,36.81,-11.66,1,1574,1680,SE
1172913.047,X_LEG_2,1.72,36.81,-11.66,1,1574,1680,SE
1172913.067,X_LEG_2,1.72,36.81,-11.66,1,1574,1680,SE
1172913.088,X_LEG_2,1.78,36.91,-11.88,1,1574,1680,SE
1172913.108,X_LEG_2,1.78,36.91,-11.88,1,1574,1680,SE
1172913.129,X_LEG_2,1.78,36.91,-11.88,1,1574,1680,SE
1172913.149,X_LEG_2,1.78,36.91,-11.88,1,1574,1680,SE
1172913.170,X_LEG_2,1.78,36.91,-11.88,1,1574,1680,SE
1172913.191,X_LEG_2,1.82,36.99,-12.02,1,1574,1680,SE
1172913.211,X_LEG_2,1.82,36.99,-12.02,1,1574,1680,SE
1172913.231,X_LEG_2,1.82,36.99,-12.02,1,1574,1680,SE
1172913.253,X_LEG_2,1.82,36.99,-12.02,1,1574,1680,SE
1172913.273,X_LEG_2,1.82,36.99,-12.02,1,1574,1680,SE
1172913.294,X_LEG_2,1.88,37.09,-12.25,1,1574,1680,SE
1172913.314,X_LEG_2,1.88,37.09,-12.25,1,1574,1680,SE
1172913.335,X_LEG_2,1.88,37.09,-12.25,1,1574,1680,SE
1172913.355,X_LEG_2,1.88,37.09,-12.25,1,1574,1680,SE
1172913.376,X_LEG_2,1.88,37.09,-12.25,1,1574,1680,SE
1172913.396,X_LEG_2,1.93,37.16,-12.39,1,1574,1680,SE
1172913.417,X_LEG_2,1.93,37.16,-12.39,1,1574,1680,SE
1172913.437,X_LEG_2,1.93,37.16,-12.39,1,1574,1680,SE
1172913.458,X_LEG_2,1.93,37.16,-12.39,1,1574,1680,SE
1172913.478,X_LEG_2,1.93,37.16,-12.39,1,1574,1680,SE
1172913.499,X_LEG_2,1.97,37.23,-8.54,1,1574,1680,SE
1172913.520,X_LEG_2,1.97,37.23,-8.54,1,1574,1680,SE
1172913.540,X_LEG_2,1.97,37.23,-8.54,1,1574,1680,SE
1172913.560,X_LEG_2,1.97,37.23,-8.54,1,1574,1680,SE
1172913.582,X_LEG_2,1.97,37.23,-8.54,1,1574,1680,SE
1172913.602,X_LEG_2,2.01,37.29,-8.68,1,1575,1679,SE
1172913.623,X_LEG_2,2.01,37.29,-8.68,1,1575,1679,SE
1172913.644,X_LEG_2,2.01,37.29,-8.68,1,1575,1679,SE
1172913.665,X_LEG_2,2.01,37.29,-8.68,1,1575,1679,SE
1172913.685,X_LEG_2,2.01,37.29,-8.68,1,1575,1679,SE
1172913.707,X_LEG_2,2.01,37.29,-8.68,1,1575,1679,SE
1172913.728,X_LEG_2,2.01,37.29,-8.68,1,1575,1679,SE
1172913.748,X_LEG_2,2.01,37.29,-8.68,1,1575,1679,SE
1172913.769,X_LEG_2,2.01,37.29,-8.68,1,1575,1679,SE
1172913.789,X_LEG_2,2.01,37.29,-8.68,1,1575,1679,SE
1172913.809,X_LEG_2,2.08,37.39,-8.90,1,1575,1679,SE
1172913.830,X_LEG_2,2.08,37.39,-8.90,1,1575,1679,SE
1172913.850,X_LEG_2,2.08,37.39,-8.90,1,1575,1679,SE
1172913.870,X_LEG_2,2.08,37.39,-8.90,1,1575,1679,SE
1172913.890,X_LEG_2,2.08,37.39,-8.90,1,1575,1679,SE
1172913.911,X_LEG_2,2.13,37.45,-9.04,1,1575,1679,SE
1172913.932,X_LEG_2,2.13,37.45,-9.04,1,1575,1679,SE
1172913.952,X_LEG_2,2.13,37.45,-9.04,1,1575,1679,SE
1172913.973,X_LEG_2,2.13,37.45,-9.04,1,1575,1679,SE
1172913.993,X_LEG_2,2.13,37.45,-9.04,1,1575,1679,SE
1172914.014,X_LEG_2,2.18,37.52,-9.17,1,1575,1679,SE
1172914.036,X_LEG_2,2.18,37.52,-9.17,1,1575,1679,SE
1172914.056,X_LEG_2,2.18,37.52,-9.17,1,1575,1679,SE
1172914.077,X_LEG_2,2.18,37.52,-9.17,1,1575,1679,SE
1172914.098,X_LEG_2,2.18,37.52,-9.17,1,1575,1679,SE
1172914.119,X_LEG_2,2.18,37.52,-9.17,1,1575,1679,SE
1172914.139,X_LEG_2,2.18,37.52,-9.17,1,1575,1679,SE
1172914.160,X_LEG_2,2.18,37.52,-9.17,1,1575,1679,SE
1172914.181,X_LEG_2,2.18,37.52,-9.17,1,1575,1679,SE
1172914.202,X_LEG_2,2.18,37.52,-9.17,1,1575,1679,SE
1172914.222,X_LEG_2,2.30,37.68,-9.51,1,1575,1679,SE
1172914.242,X_LEG_2,2.30,37.68,-9.51,1,1575,1679,SE
1172914.262,X_LEG_2,2.30,37.68,-9.51,1,1575,1679,SE
1172914.283,X_LEG_2,2.30,37.68,-9.51,1,1575,1679,SE
1172914.303,X_LEG_2,2.30,37.68,-9.51,1,1575,1679,SE
1172914.323,X_LEG_2,2.30,37.68,-5.51,1,1575,1679,SE
1172914.344,X_LEG_2,2.30,37.68,-5.51,1,1575,1679,SE
1172914.365,X_LEG_2,2.30,37.68,-5.51,1,1575,1679,SE
1172914.385,X_LEG_2,2.30,37.68,-5.51,1,1575,1679,SE
1172914.405,X_LEG_2,2.30,37.68,-5.51,1,1575,1679,SE
1172914.426,X_LEG_2,2.35,37.73,-5.66,1,1575,1678,SE
1172914.446,X_LEG_2,2.35,37.73,-5.66,1,1575,1678,SE
1172914.466,X_LEG_2,2.35,37.73,-5.66,1,1575,1678,SE
1172914.487,X_LEG_2,2.35,37.73,-5.66,1,1575,1678,SE
1172914.508,X_LEG_2,2.35,37.73,-5.66,1,1575,1678,SE
1172914.528,X_LEG_2,2.40,37.80,-5.79,1,1576,1678,SE
1172914.548,X_LEG_2,2.40,37.80,-5.79,1,1576,1678,SE
1172914.569,X_LEG_2,2.40,37.80,-5.79,1,1576,1678,SE
1172914.589,X_LEG_2,2.40,37.80,-5.79,1,1576,1678,SE
1172914.610,X_LEG_2,2.40,37.80,-5.79,1,1576,1678,SE
1172914.631,X_LEG_2,2.47,37.89,-5.99,1,1576,1678,SE
1172914.652,X_LEG_2,2.47,37.89,-5.99,1,1576,1678,SE
1172914.672,X_LEG_2,2.47,37.89,-5.99,1,1576,1678,SE
1172914.693,X_LEG_2,2.47,37.89,-5.99,1,1576,1678,SE
1172914.714,X_LEG_2,2.47,37.89,-5.99,1,1576,1678,SE
1172914.734,X_LEG_2,2.47,37.89,-5.99,1,1576,1678,SE
1172914.755,X_LEG_2,2.47,37.89,-5.99,1,1576,1678,SE
1172914.775,X_LEG_2,2.47,37.89,-5.99,1,1576,1678,SE
1172914.796,X_LEG_2,2.47,37.89,-5.99,1,1576,1678,SE
1172914.816,X_LEG_2,2.47,37.89,-5.99,1,1576,1678,SE
1172914.837,X_LEG_2,2.55,37.96,-6.18,1,1576,1678,SE
1172914.858,X_LEG_2,2.55,37.96,-6.18,1,1576,1678,SE
1172914.878,X_LEG_2,2.55,37.96,-6.18,1,1576,1678,SE
1172914.899,X_LEG_2,2.55,37.96,-6.18,1,1576,1678,SE
1172914.919,X_LEG_2,2.55,37.96,-6.18,1,1576,1678,SE
1172914.940,X_LEG_2,2.61,38.03,-5.31,1,1576,1678,SE
1172914.960,X_LEG_2,2.61,38.03,-5.31,1,1576,1678,SE
1172914.981,X_LEG_2,2.61,38.03,-5.31,1,1576,1678,SE
1172915.001,X_LEG_2,2.61,38.03,-5.31,1,1576,1678,SE
1172915.022,X_LEG_2,2.61,38.03,-5.31,1,1576,1678,SE
1172915.043,X_LEG_2,2.69,38.11,-5.51,1,1576,1677,SE
1172915.063,X_LEG_2,2.69,38.11,-5.51,1,1576,1677,SE
1172915.084,X_LEG_2,2.69,38.11,-5.51,1,1576,1677,SE
1172915.104,X_LEG_2,2.69,38.11,-5.51,1,1576,1677,SE
1172915.124,X_LEG_2,2.69,38.11,-5.51,1,1576,1677,SE
1172915.145,X_LEG_2,2.69,38.11,-5.51,1,1576,1677,SE
1172915.166,X_LEG_2,2.69,38.11,-5.51,1,1576,1677,SE
1172915.187,X_LEG_2,2.69,38.11,-5.51,1,1576,1677,SE
1172915.207,X_LEG_2,2.69,38.11,-5.51,1,1576,1677,SE
1172915.227,X_LEG_2,2.69,38.11,-5.51,1,1576,1677,SE
1172915.248,X_LEG_2,2.77,38.19,-5.70,1,1576,1677,SE
1172915.268,X_LEG_2,2.77,38.19,-5.70,1,1576,1677,SE
1172915.288,X_LEG_2,2.77,38.19,-5.70,1,1576,1677,SE
1172915.309,X_LEG_2,2.77,38.19,-5.70,1,1576,1677,SE
1172915.329,X_LEG_2,2.77,38.19,-5.70,1,1576,1677,SE
1172915.350,X_LEG_2,2.82,38.25,-5.82,1,1576,1677,SE
1172915.370,X_LEG_2,2.82,38.25,-5.82,1,1576,1677,SE
1172915.390,X_LEG_2,2.82,38.25,-5.82,1,1576,1677,SE
1172915.411,X_LEG_2,2.82,38.25,-5.82,1,1576,1677,SE
1172915.431,X_LEG_2,2.82,38.25,-5.82,1,1576,1677,SE
1172915.452,X_LEG_2,2.88,38.30,-5.94,1,1577,1677,SE
1172915.472,X_LEG_2,2.88,38.30,-5.94,1,1577,1677,SE
1172915.492,X_LEG_2,2.88,38.30,-5.94,1,1577,1677,SE
1172915.513,X_LEG_2,2.88,38.30,-5.94,1,1577,1677,SE
1172915.534,X_LEG_2,2.88,38.30,-5.94,1,1577,1677,SE
1172915.554,X_LEG_2,2.88,38.30,-5.94,1,1577,1677,SE
1172915.575,X_LEG_2,2.88,38.30,-5.94,1,1577,1677,SE
1172915.595,X_LEG_2,2.88,38.30,-5.94,1,1577,1677,SE
1172915.615,X_LEG_2,2.88,38.30,-5.94,1,1577,1677,SE
1172915.636,X_LEG_2,2.88,38.30,-5.94,1,1577,1677,SE
1172915.656,X_LEG_2,2.96,38.38,-6.12,1,1577,1677,SE
1172915.677,X_LEG_2,2.96,38.38,-6.12,1,1577,1677,SE
1172915.698,X_LEG_2,2.96,38.38,-6.12,1,1577,1677,SE
1172915.718,X_LEG_2,2.96,38.38,-6.12,1,1577,1677,SE
1172915.738,X_LEG_2,2.96,38.38,-6.12,1,1577,1677,SE
1172915.759,X_LEG_2,3.02,38.43,-6.25,1,1577,1676,SE
1172915.779,X_LEG_2,3.02,38.43,-6.25,1,1577,1676,SE
1172915.799,X_LEG_2,3.02,38.43,-6.25,1,1577,1676,SE
1172915.820,X_LEG_2,3.02,38.43,-6.25,1,1577,1676,SE
1172915.840,X_LEG_2,3.02,38.43,-6.25,1,1577,1676,SE
1172915.861,X_LEG_2,3.10,38.51,-6.43,1,1577,1676,SE
1172915.881,X_LEG_2,3.10,38.51,-6.43,1,1577,1676,SE
1172915.901,X_LEG_2,3.10,38.51,-6.43,1,1577,1676,SE
1172915.922,X_LEG_2,3.10,38.51,-6.43,1,1577,1676,SE
1172915.943,X_LEG_2,3.10,38.51,-6.43,1,1577,1676,SE
1172915.963,X_LEG_2,3.16,38.55,-6.56,1,1577,1676,SE
1172915.984,X_LEG_2,3.16,38.55,-6.56,1,1577,1676,SE
1172916.004,X_LEG_2,3.16,38.55,-6.56,1,1577,1676,SE
1172916.024,X_LEG_2,3.16,38.55,-6.56,1,1577,1676,SE
1172916.045,X_LEG_2,3.16,38.55,-6.56,1,1577,1676,SE
1172916.065,X_LEG_2,3.16,38.55,-6.56,1,1577,1676,SE
1172916.086,X_LEG_2,3.16,38.55,-6.56,1,1577,1676,SE
1172916.106,X_LEG_2,3.16,38.55,-6.56,1,1577,1676,SE
1172916.127,X_LEG_2,3.16,38.55,-6.56,1,1577,1676,SE
1172916.147,X_LEG_2,3.16,38.55,-6.56,1,1577,1676,SE
1172916.167,X_LEG_2,3.25,38.62,-4.73,1,1577,1676,SE
1172916.188,X_LEG_2,3.25,38.62,-4.73,1,1577,1676,SE
1172916.208,X_LEG_2,3.25,38.62,-4.73,1,1577,1676,SE
1172916.228,X_LEG_2,3.25,38.62,-4.73,1,1577,1676,SE
1172916.249,X_LEG_2,3.25,38.62,-4.73,1,1577,1676,SE
1172916.270,X_LEG_2,3.34,38.70,-4.91,1,1577,1675,SE
1172916.290,X_LEG_2,3.34,38.70,-4.91,1,1577,1675,SE
1172916.311,X_LEG_2,3.34,38.70,-4.91,1,1577,1675,SE
1172916.331,X_LEG_2,3.34,38.70,-4.91,1,1577,1675,SE
1172916.352,X_LEG_2,3.34,38.70,-4.91,1,1577,1675,SE
1172916.372,X_LEG_2,3.40,38.74,-5.03,1,1577,1675,SE
1172916.393,X_LEG_2,3.40,38.74,-5.03,1,1577,1675,SE
1172916.413,X_LEG_2,3.40,38.74,-5.03,1,1577,1675,SE
1172916.433,X_LEG_2,3.40,38.74,-5.03,1,1577,1675,SE
1172916.453,X_LEG_2,3.40,38.74,-5.03,1,1577,1675,SE
1172916.474,X_LEG_2,3.40,38.74,-5.03,1,1577,1675,SE
1172916.494,X_LEG_2,3.40,38.74,-5.03,1,1577,1675,SE
1172916.514,X_LEG_2,3.40,38.74,-5.03,1,1577,1675,SE
1172916.534,X_LEG_2,3.40,38.74,-5.03,1,1577,1675,SE
1172916.555,X_LEG_2,3.40,38.74,-5.03,1,1577,1675,SE
1172916.576,X_LEG_2,3.49,38.81,-5.19,1,1578,1675,SE
1172916.596,X_LEG_2,3.49,38.81,-5.19,1,1578,1675,SE
1172916.616,X_LEG_2,3.49,38.81,-5.19,1,1578,1675,SE
1172916.636,X_LEG_2,3.49,38.81,-5.19,1,1578,1675,SE
1172916.657,X_LEG_2,3.49,38.81,-5.19,1,1578,1675,SE
1172916.677,X_LEG_2,3.55,38.85,-5.32,1,1578,1675,SE
1172916.698,X_LEG_2,3.55,38.85,-5.32,1,1578,1675,SE
1172916.719,X_LEG_2,3.55,38.85,-5.32,1,1578,1675,SE
1172916.739,X_LEG_2,3.55,38.85,-5.32,1,1578,1675,SE
1172916.760,X_LEG_2,3.55,38.85,-5.32,1,1578,1675,SE
1172916.780,X_LEG_2,3.64,38.93,-5.48,1,1578,1675,SE
1172916.801,X_LEG_2,3.64,38.93,-5.48,1,1578,1675,SE
1172916.821,X_LEG_2,3.64,38.93,-5.48,1,1578,1675,SE
1172916.842,X_LEG_2,3.64,38.93,-5.48,1,1578,1675,SE
1172916.862,X_LEG_2,3.64,38.93,-5.48,1,1578,1675,SE
1172916.882,X_LEG_2,3.64,38.93,-5.48,1,1578,1675,SE
1172916.903,X_LEG_2,3.64,38.93,-5.48,1,1578,1675,SE
1172916.924,X_LEG_2,3.64,38.93,-5.48,1,1578,1675,SE
1172916.944,X_LEG_2,3.64,38.93,-5.48,1,1578,1675,SE
1172916.965,X_LEG_2,3.64,38.93,-5.48,1,1578,1675,SE
1172916.986,X_LEG_2,3.70,38.96,-5.59,1,1578,1674,SE
1172917.006,X_LEG_2,3.70,38.96,-5.59,1,1578,1674,SE
1172917.026,X_LEG_2,3.70,38.96,-5.59,1,1578,1674,SE
1172917.047,X_LEG_2,3.70,38.96,-5.59,1,1578,1674,SE
1172917.067,X_LEG_2,3.70,38.96,-5.59,1,1578,1674,SE
1172917.088,X_LEG_2,3.80,39.03,-5.76,1,1578,1674,SE
1172917.109,X_LEG_2,3.80,39.03,-5.76,1,1578,1674,SE
1172917.131,X_LEG_2,3.80,39.03,-5.76,1,1578,1674,SE
1172917.151,X_LEG_2,3.80,39.03,-5.76,1,1578,1674,SE
1172917.172,X_LEG_2,3.80,39.03,-5.76,1,1578,1674,SE
1172917.193,X_LEG_2,3.86,39.08,-5.87,1,1578,1674,SE
1172917.213,X_LEG_2,3.86,39.08,-5.87,1,1578,1674,SE
1172917.234,X_LEG_2,3.86,39.08,-5.87,1,1578,1674,SE
1172917.255,X_LEG_2,3.86,39.08,-5.87,1,1578,1674,SE
1172917.276,X_LEG_2,3.86,39.08,-5.87,1,1578,1674,SE
1172917.297,X_LEG_2,3.92,39.11,-5.98,1,1578,1674,SE
1172917.318,X_LEG_2,3.92,39.11,-5.98,1,1578,1674,SE
1172917.338,X_LEG_2,3.92,39.11,-5.98,1,1578,1674,SE
1172917.360,X_LEG_2,3.92,39.11,-5.98,1,1578,1674,SE
1172917.382,X_LEG_2,3.92,39.11,-5.98,1,1578,1674,SE
1172917.402,X_LEG_2,3.92,39.11,-5.98,1,1578,1674,SE
1172917.423,X_LEG_2,3.92,39.11,-5.98,1,1578,1674,SE
1172917.444,X_LEG_2,3.92,39.11,-5.98,1,1578,1674,SE
1172917.464,X_LEG_2,3.92,39.11,-5.98,1,1578,1674,SE
1172917.485,X_LEG_2,3.92,39.11,-5.98,1,1578,1674,SE
1172917.505,X_LEG_2,3.92,39.11,-5.98,1,1578,1674,SE
1172917.526,X_LEG_2,3.92,39.11,-5.98,1,1578,1674,SE
1172917.548,X_LEG_2,3.92,39.11,-5.98,1,1578,1674,SE
1172917.568,X_LEG_2,3.92,39.11,-5.98,1,1578,1674,SE
1172917.589,X_LEG_2,3.92,39.11,-5.98,1,1578,1674,SE
1172917.609,X_LEG_2,4.05,39.19,-6.20,1,1578,1673,SE
1172917.630,X_LEG_2,4.05,39.19,-6.20,1,1578,1673,SE
1172917.651,X_LEG_2,4.05,39.19,-6.20,1,1578,1673,SE
1172917.671,X_LEG_2,4.05,39.19,-6.20,1,1578,1673,SE
1172917.692,X_LEG_2,4.05,39.19,-6.20,1,1578,1673,SE
1172917.712,X_LEG_2,4.05,39.19,-6.20,1,1578,1673,SE
1172917.735,X_LEG_2,4.05,39.19,-6.20,1,1578,1673,SE
1172917.755,X_LEG_2,4.05,39.19,-6.20,1,1578,1673,SE
1172917.775,X_LEG_2,4.05,39.19,-6.20,1,1578,1673,SE
1172917.796,X_LEG_2,4.05,39.19,-6.20,1,1578,1673,SE
1172917.816,X_LEG_2,4.18,39.27,-6.41,1,1579,1673,SE
1172917.837,X_LEG_2,4.18,39.27,-6.41,1,1579,1673,SE
1172917.859,X_LEG_2,4.18,39.27,-6.41,1,1579,1673,SE
1172917.879,X_LEG_2,4.18,39.27,-6.41,1,1579,1673,SE
1172917.899,X_LEG_2,4.18,39.27,-6.41,1,1579,1673,SE
1172917.921,X_LEG_2,4.25,39.31,-6.51,1,1579,1673,SE
1172917.941,X_LEG_2,4.25,39.31,-6.51,1,1579,1673,SE
1172917.962,X_LEG_2,4.25,39.31,-6.51,1,1579,1673,SE
1172917.983,X_LEG_2,4.25,39.31,-6.51,1,1579,1673,SE
1172918.004,X_LEG_2,4.25,39.31,-6.51,1,1579,1673,SE
1172918.024,X_LEG_2,4.31,39.34,-4.62,1,1579,1673,SE
1172918.045,X_LEG_2,4.31,39.34,-4.62,1,1579,1673,SE
1172918.065,X_LEG_2,4.31,39.34,-4.62,1,1579,1673,SE
1172918.085,X_LEG_2,4.31,39.34,-4.62,1,1579,1673,SE
1172918.106,X_LEG_2,4.31,39.34,-4.62,1,1579,1673,SE
1172918.127,X_LEG_2,4.31,39.34,-4.62,1,1579,1673,SE
1172918.147,X_LEG_2,4.31,39.34,-4.62,1,1579,1673,SE
1172918.167,X_LEG_2,4.31,39.34,-4.62,1,1579,1673,SE
1172918.188,X_LEG_2,4.31,39.34,-4.62,1,1579,1673,SE
1172918.209,X_LEG_2,4.31,39.34,-4.62,1,1579,1673,SE
1172918.229,X_LEG_2,4.41,39.39,-4.77,1,1579,1672,SE
1172918.250,X_LEG_2,4.41,39.39,-4.77,1,1579,1672,SE
1172918.270,X_LEG_2,4.41,39.39,-4.77,1,1579,1672,SE
1172918.290,X_LEG_2,4.41,39.39,-4.77,1,1579,1672,SE
1172918.311,X_LEG_2,4.41,39.39,-4.77,1,1579,1672,SE
1172918.331,X_LEG_2,4.48,39.43,-4.87,1,1579,1672,SE
1172918.352,X_LEG_2,4.48,39.43,-4.87,1,1579,1672,SE
1172918.372,X_LEG_2,4.48,39.43,-4.87,1,1579,1672,SE
1172918.393,X_LEG_2,4.48,39.43,-4.87,1,1579,1672,SE
1172918.413,X_LEG_2,4.48,39.43,-4.87,1,1579,1672,SE
1172918.433,X_LEG_2,4.58,39.48,-5.02,1,1579,1672,SE
1172918.454,X_LEG_2,4.58,39.48,-5.02,1,1579,1672,SE
1172918.474,X_LEG_2,4.58,39.48,-5.02,1,1579,1672,SE
1172918.495,X_LEG_2,4.58,39.48,-5.02,1,1579,1672,SE
1172918.515,X_LEG_2,4.58,39.48,-5.02,1,1579,1672,SE
1172918.536,X_LEG_2,4.58,39.48,-5.02,1,1579,1672,SE
1172918.556,X_LEG_2,4.58,39.48,-5.02,1,1579,1672,SE
1172918.577,X_LEG_2,4.58,39.48,-5.02,1,1579,1672,SE
1172918.598,X_LEG_2,4.58,39.48,-5.02,1,1579,1672,SE
1172918.618,X_LEG_2,4.58,39.48,-5.02,1,1579,1672,SE
1172918.638,X_LEG_2,4.68,39.53,-5.18,1,1579,1671,SE
1172918.659,X_LEG_2,4.68,39.53,-5.18,1,1579,1671,SE
1172918.679,X_LEG_2,4.68,39.53,-5.18,1,1579,1671,SE
1172918.699,X_LEG_2,4.68,39.53,-5.18,1,1579,1671,SE
1172918.720,X_LEG_2,4.68,39.53,-5.18,1,1579,1671,SE
1172918.740,X_LEG_2,4.75,39.57,-4.28,1,1579,1671,SE
1172918.761,X_LEG_2,4.75,39.57,-4.28,1,1579,1671,SE
1172918.782,X_LEG_2,4.75,39.57,-4.28,1,1579,1671,SE
1172918.802,X_LEG_2,4.75,39.57,-4.28,1,1579,1671,SE
1172918.822,X_LEG_2,4.75,39.57,-4.28,1,1579,1671,SE
1172918.843,X_LEG_2,4.82,39.60,-4.37,1,1579,1671,SE
1172918.863,X_LEG_2,4.82,39.60,-4.37,1,1579,1671,SE
1172918.884,X_LEG_2,4.82,39.60,-4.37,1,1579,1671,SE
1172918.904,X_LEG_2,4.82,39.60,-4.37,1,1579,1671,SE
1172918.925,X_LEG_2,4.82,39.60,-4.37,1,1579,1671,SE
1172918.945,X_LEG_2,4.89,39.64,-4.47,1,1579,1671,SE
1172918.965,X_LEG_2,4.89,39.64,-4.47,1,1579,1671,SE
1172918.986,X_LEG_2,4.89,39.64,-4.47,1,1579,1671,SE
1172919.007,X_LEG_2,4.89,39.64,-4.47,1,1579,1671,SE
1172919.027,X_LEG_2,4.89,39.64,-4.47,1,1579,1671,SE
1172919.047,X_LEG_2,4.96,39.66,-4.58,1,1579,1671,SE
1172919.068,X_LEG_2,4.96,39.66,-4.58,1,1579,1671,SE
1172919.088,X_LEG_2,4.96,39.66,-4.58,1,1579,1671,SE
1172919.108,X_LEG_2,4.96,39.66,-4.58,1,1579,1671,SE
1172919.129,X_LEG_2,4.96,39.66,-4.58,1,1579,1671,SE
1172919.150,X_LEG_2,4.96,39.66,-4.58,1,1579,1671,SE
1172919.170,X_LEG_2,4.96,39.66,-4.58,1,1579,1671,SE
1172919.190,X_LEG_2,4.96,39.66,-4.58,1,1579,1671,SE
1172919.211,X_LEG_2,4.96,39.66,-4.58,1,1579,1671,SE
1172919.232,X_LEG_2,4.96,39.66,-4.58,1,1579,1671,SE
1172919.252,X_LEG_2,5.06,39.70,-4.72,1,1579,1670,SE
1172919.272,X_LEG_2,5.06,39.70,-4.72,1,1579,1670,SE
1172919.293,X_LEG_2,5.06,39.70,-4.72,1,1579,1670,SE
1172919.313,X_LEG_2,5.06,39.70,-4.72,1,1579,1670,SE
1172919.334,X_LEG_2,5.06,39.70,-4.72,1,1579,1670,SE
1172919.354,X_LEG_2,5.13,39.74,-4.81,1,1579,1670,SE
1172919.374,X_LEG_2,5.13,39.74,-4.81,1,1579,1670,SE
1172919.395,X_LEG_2,5.13,39.74,-4.81,1,1579,1670,SE
1172919.415,X_LEG_2,5.13,39.74,-4.81,1,1579,1670,SE
1172919.435,X_LEG_2,5.13,39.74,-4.81,1,1579,1670,SE
1172919.456,X_LEG_2,5.23,39.78,-3.96,1,1580,1670,SE
1172919.476,X_LEG_2,5.23,39.78,-3.96,1,1580,1670,SE
1172919.497,X_LEG_2,5.23,39.78,-3.96,1,1580,1670,SE
1172919.517,X_LEG_2,5.23,39.78,-3.96,1,1580,1670,SE
1172919.538,X_LEG_2,5.23,39.78,-3.96,1,1580,1670,SE
1172919.559,X_LEG_2,5.31,39.80,-4.05,1,1580,1670,SE
1172919.579,X_LEG_2,5.31,39.80,-4.05,1,1580,1670,SE
1172919.599,X_LEG_2,5.31,39.80,-4.05,1,1580,1670,SE
1172919.620,X_LEG_2,5.31,39.80,-4.05,1,1580,1670,SE
1172919.640,X_LEG_2,5.31,39.80,-4.05,1,1580,1670,SE
1172919.662,X_LEG_2,5.38,39.83,-4.14,1,1580,1669,SE
1172919.682,X_LEG_2,5.38,39.83,-4.14,1,1580,1669,SE
1172919.703,X_LEG_2,5.38,39.83,-4.14,1,1580,1669,SE
1172919.723,X_LEG_2,5.38,39.83,-4.14,1,1580,1669,SE
1172919.744,X_LEG_2,5.38,39.83,-4.14,1,1580,1669,SE
1172919.765,X_LEG_2,5.38,39.83,-4.14,1,1580,1669,SE
1172919.785,X_LEG_2,5.38,39.83,-4.14,1,1580,1669,SE
1172919.805,X_LEG_2,5.38,39.83,-4.14,1,1580,1669,SE
1172919.826,X_LEG_2,5.38,39.83,-4.14,1,1580,1669,SE
1172919.846,X_LEG_2,5.38,39.83,-4.14,1,1580,1669,SE
1172919.867,X_LEG_2,5.48,39.88,-4.29,1,1580,1669,SE
1172919.888,X_LEG_2,5.48,39.88,-4.29,1,1580,1669,SE
1172919.908,X_LEG_2,5.48,39.88,-4.29,1,1580,1669,SE
1172919.928,X_LEG_3,5.48,46.00,159.83,0,1500,1669,NW
1172919.949,X_LEG_3,5.48,46.00,159.83,0,1500,1669,NW
1172919.969,X_LEG_3,5.56,45.96,159.90,0,1500,1669,NW
1172919.991,X_LEG_3,5.56,45.96,159.90,0,1500,1669,NW
1172920.011,X_LEG_3,5.56,45.96,159.90,0,1500,1669,NW
1172920.032,X_LEG_3,5.56,45.96,159.90,0,1500,1669,NW
1172920.053,X_LEG_3,5.56,45.96,159.90,0,1500,1669,NW
1172920.073,X_LEG_3,5.66,45.90,159.99,0,1500,1669,NW
1172920.093,X_LEG_3,5.66,45.90,159.99,0,1500,1669,NW
1172920.115,X_LEG_3,5.66,45.90,159.99,0,1500,1669,NW
1172920.135,X_LEG_3,5.66,45.90,159.99,0,1500,1669,NW
1172920.155,X_LEG_3,5.66,45.90,159.99,0,1500,1669,NW
1172920.176,X_LEG_3,5.66,45.90,159.99,0,1500,1669,NW
1172920.196,X_LEG_3,5.66,45.90,159.99,0,1500,1669,NW
1172920.216,X_LEG_3,5.66,45.90,159.99,0,1500,1669,NW
1172920.237,X_LEG_3,5.66,45.90,159.99,0,1500,1669,NW
1172920.258,X_LEG_3,5.66,45.90,159.99,0,1500,1669,NW
1172920.278,X_LEG_3,5.77,45.84,160.10,0,1500,1668,NW
1172920.299,X_LEG_3,5.77,45.84,160.10,0,1500,1668,NW
1172920.319,X_LEG_3,5.77,45.84,160.10,0,1500,1668,NW
1172920.339,X_LEG_3,5.77,45.84,160.10,0,1500,1668,NW
1172920.360,X_LEG_3,5.77,45.84,160.10,0,1500,1668,NW
1172920.381,X_LEG_3,5.85,45.80,160.18,0,1500,1668,NW
1172920.401,X_LEG_3,5.85,45.80,160.18,0,1500,1668,NW
1172920.421,X_LEG_3,5.85,45.80,160.18,0,1500,1668,NW
1172920.442,X_LEG_3,5.85,45.80,160.18,0,1500,1668,NW
1172920.462,X_LEG_3,5.85,45.80,160.18,0,1500,1668,NW
1172920.483,X_LEG_3,5.93,45.76,160.24,0,1500,1668,NW
1172920.503,X_LEG_3,5.93,45.76,160.24,0,1500,1668,NW
1172920.523,X_LEG_3,5.93,45.76,160.24,0,1500,1668,NW
1172920.544,X_LEG_3,5.93,45.76,160.24,0,1500,1668,NW
1172920.564,X_LEG_3,5.93,45.76,160.24,0,1500,1668,NW
1172920.585,X_LEG_3,5.93,45.76,160.24,0,1500,1668,NW
1172920.606,X_LEG_3,5.93,45.76,160.24,0,1500,1668,NW
1172920.626,X_LEG_3,5.93,45.76,160.24,0,1500,1668,NW
1172920.647,X_LEG_3,5.93,45.76,160.24,0,1500,1668,NW
1172920.667,X_LEG_3,5.93,45.76,160.24,0,1500,1668,NW
1172920.688,X_LEG_3,6.04,45.71,160.34,0,1500,1667,NW
1172920.710,X_LEG_3,6.04,45.71,160.34,0,1500,1667,NW
1172920.730,X_LEG_3,6.04,45.71,160.34,0,1500,1667,NW
1172920.751,X_LEG_3,6.04,45.71,160.34,0,1500,1667,NW
1172920.772,X_LEG_3,6.04,45.71,160.34,0,1500,1667,NW
1172920.793,X_LEG_3,6.12,45.67,131.41,0,1500,1667,NW
1172920.813,X_LEG_3,6.12,45.67,131.41,0,1500,1667,NW
1172920.833,X_LEG_3,6.12,45.67,131.41,0,1500,1667,NW
1172920.854,X_LEG_3,6.12,45.67,131.41,0,1500,1667,NW
1172920.874,X_LEG_3,6.12,45.67,131.41,0,1500,1667,NW
1172920.895,X_LEG_3,6.21,45.63,131.47,0,1500,1667,NW
1172920.915,X_LEG_3,6.21,45.63,131.47,0,1500,1667,NW
1172920.936,X_LEG_3,6.21,45.63,131.47,0,1500,1667,NW
1172920.957,X_LEG_3,6.21,45.63,131.47,0,1500,1667,NW
1172920.977,X_LEG_3,6.21,45.63,131.47,0,1500,1667,NW
1172920.997,X_LEG_3,6.33,45.58,131.58,0,1500,1667,NW
1172921.018,X_LEG_3,6.33,45.58,131.58,0,1500,1667,NW
1172921.040,X_LEG_3,6.33,45.58,131.58,0,1500,1667,NW
1172921.060,X_LEG_3,6.33,45.58,131.58,0,1500,1667,NW
1172921.081,X_LEG_3,6.33,45.58,131.58,0,1500,1667,NW
1172921.101,X_LEG_3,6.41,45.55,131.65,0,1500,1666,NW
1172921.121,X_LEG_3,6.41,45.55,131.65,0,1500,1666,NW
1172921.141,X_LEG_3,6.41,45.55,131.65,0,1500,1666,NW
1172921.162,X_LEG_3,6.41,45.55,131.65,0,1500,1666,NW
1172921.182,X_LEG_3,6.41,45.55,131.65,0,1500,1666,NW
1172921.203,X_LEG_3,6.50,45.50,131.71,0,1500,1666,NW
1172921.224,X_LEG_3,6.50,45.50,131.71,0,1500,1666,NW
1172921.244,X_LEG_3,6.50,45.50,131.71,0,1500,1666,NW
1172921.265,X_LEG_3,6.50,45.50,131.71,0,1500,1666,NW
1172921.285,X_LEG_3,6.50,45.50,131.71,0,1500,1666,NW
1172921.306,X_LEG_3,6.50,45.47,131.78,0,1500,1666,NW
1172921.326,X_LEG_3,6.58,45.47,131.78,0,1500,1666,NW
1172921.346,X_LEG_3,6.58,45.47,131.78,0,1500,1666,NW
1172921.367,X_LEG_3,6.58,45.47,131.78,0,1500,1666,NW
1172921.387,X_LEG_3,6.58,45.47,131.78,0,1500,1666,NW
1172921.408,X_LEG_3,6.67,45.44,131.84,0,1500,1665,NW
1172921.428,X_LEG_3,6.67,45.44,131.84,0,1500,1665,NW
1172921.449,X_LEG_3,6.67,45.44,131.84,0,1500,1665,NW
1172921.469,X_LEG_3,6.67,45.44,131.84,0,1500,1665,NW
1172921.490,X_LEG_3,6.67,45.44,131.84,0,1500,1665,NW
1172921.511,X_LEG_3,6.67,45.44,131.84,0,1500,1665,NW
1172921.531,X_LEG_3,6.67,45.44,131.84,0,1500,1665,NW
1172921.552,X_LEG_3,6.67,45.44,131.84,0,1500,1665,NW
1172921.572,X_LEG_3,6.67,45.44,131.84,0,1500,1665,NW
1172921.593,X_LEG_3,6.67,45.44,131.84,0,1500,1665,NW
1172921.613,X_LEG_3,6.80,45.39,105.93,0,1500,1665,NW
1172921.634,X_LEG_3,6.80,45.39,105.93,0,1500,1665,NW
1172921.654,X_LEG_3,6.80,45.39,105.93,0,1500,1665,NW
1172921.675,X_LEG_3,6.80,45.39,105.93,0,1500,1665,NW
1172921.696,X_LEG_3,6.80,45.39,105.93,0,1500,1665,NW
1172921.717,X_LEG_3,6.88,45.35,106.00,0,1500,1665,NW
1172921.737,X_LEG_3,6.88,45.35,106.00,0,1500,1665,NW
1172921.758,X_LEG_3,6.88,45.35,106.00,0,1500,1665,NW
1172921.778,X_LEG_3,6.88,45.35,106.00,0,1500,1665,NW
1172921.798,X_LEG_3,6.88,45.35,106.00,0,1500,1665,NW
1172921.818,X_LEG_3,6.97,45.32,106.07,0,1500,1665,NW
1172921.839,X_LEG_3,6.97,45.32,106.07,0,1500,1665,NW
1172921.859,X_LEG_3,6.97,45.32,106.07,0,1500,1665,NW
1172921.880,X_LEG_3,6.97,45.32,106.07,0,1500,1665,NW
1172921.902,X_LEG_3,6.97,45.32,106.07,0,1500,1665,NW
1172921.922,X_LEG_3,7.06,45.28,106.13,0,1500,1664,NW
1172921.943,X_LEG_3,7.06,45.28,106.13,0,1500,1664,NW
1172921.964,X_LEG_3,7.06,45.28,106.13,0,1500,1664,NW
1172921.984,X_LEG_3,7.06,45.28,106.13,0,1500,1664,NW
1172922.005,X_LEG_3,7.06,45.28,106.13,0,1500,1664,NW
1172922.026,X_LEG_3,7.15,45.25,106.20,0,1500,1664,NW
1172922.047,X_LEG_3,7.15,45.25,106.20,0,1500,1664,NW
1172922.067,X_LEG_3,7.15,45.25,106.20,0,1500,1664,NW
1172922.089,X_LEG_3,7.15,45.25,106.20,0,1500,1664,NW
1172922.110,X_LEG_3,7.15,45.25,106.20,0,1500,1664,NW
1172922.130,X_LEG_3,7.24,45.22,106.25,0,1500,1664,NW
1172922.153,X_LEG_3,7.24,45.22,106.25,0,1500,1664,NW
1172922.173,X_LEG_3,7.24,45.22,106.25,0,1500,1664,NW
1172922.193,X_LEG_3,7.24,45.22,106.25,0,1500,1664,NW
1172922.214,X_LEG_3,7.24,45.22,106.25,0,1500,1664,NW
1172922.234,X_LEG_3,7.37,45.17,106.35,0,1500,1663,NW
1172922.254,X_LEG_3,7.37,45.17,106.35,0,1500,1663,NW
1172922.276,X_LEG_3,7.37,45.17,106.35,0,1500,1663,NW
1172922.296,X_LEG_3,7.37,45.17,106.35,0,1500,1663,NW
1172922.316,X_LEG_3,7.37,45.17,106.35,0,1500,1663,NW
1172922.338,X_LEG_3,7.46,45.14,106.40,0,1500,1663,NW
1172922.358,X_LEG_3,7.46,45.14,106.40,0,1500,1663,NW
1172922.379,X_LEG_3,7.46,45.14,106.40,0,1500,1663,NW
1172922.399,X_LEG_3,7.46,45.14,106.40,0,1500,1663,NW
1172922.420,X_LEG_3,7.46,45.14,106.40,0,1500,1663,NW
1172922.441,X_LEG_3,7.55,45.11,106.47,0,1500,1663,NW
1172922.461,X_LEG_3,7.55,45.11,106.47,0,1500,1663,NW
1172922.481,X_LEG_3,7.55,45.11,106.47,0,1500,1663,NW
1172922.501,X_LEG_3,7.55,45.11,106.47,0,1500,1663,NW
1172922.522,X_LEG_3,7.55,45.11,106.47,0,1500,1663,NW
1172922.542,X_LEG_3,7.55,45.11,106.47,0,1500,1663,NW
1172922.563,X_LEG_3,7.55,45.11,106.47,0,1500,1663,NW
1172922.584,X_LEG_3,7.55,45.11,106.47,0,1500,1663,NW
1172922.605,X_LEG_3,7.55,45.11,106.47,0,1500,1663,NW
1172922.626,X_LEG_3,7.55,45.11,106.47,0,1500,1663,NW
1172922.646,X_LEG_3,7.68,45.07,106.56,0,1500,1662,NW
1172922.668,X_LEG_3,7.68,45.07,106.56,0,1500,1662,NW
1172922.688,X_LEG_3,7.68,45.07,106.56,0,1500,1662,NW
1172922.709,X_LEG_3,7.68,45.07,106.56,0,1500,1662,NW
1172922.729,X_LEG_3,7.68,45.07,106.56,0,1500,1662,NW
1172922.749,X_LEG_3,7.77,45.03,106.62,0,1500,1662,NW
1172922.770,X_LEG_3,7.77,45.03,106.62,0,1500,1662,NW
1172922.791,X_LEG_3,7.77,45.03,106.62,0,1500,1662,NW
1172922.811,X_LEG_3,7.77,45.03,106.62,0,1500,1662,NW
1172922.831,X_LEG_3,7.77,45.03,106.62,0,1500,1662,NW
1172922.852,X_LEG_3,7.86,45.00,61.68,0,1500,1662,NW
1172922.872,X_LEG_3,7.86,45.00,61.68,0,1500,1662,NW
1172922.893,X_LEG_3,7.86,45.00,61.68,0,1500,1662,NW
1172922.913,X_LEG_3,7.86,45.00,61.68,0,1500,1662,NW
1172922.934,X_LEG_3,7.86,45.00,61.68,0,1500,1662,NW
1172922.954,X_LEG_3,7.86,45.00,61.68,0,1500,1662,NW
1172922.975,X_LEG_3,7.86,45.00,61.68,0,1500,1662,NW
1172922.996,X_LEG_3,7.86,45.00,61.68,0,1500,1662,NW
1172923.017,X_LEG_3,7.86,45.00,61.68,0,1500,1662,NW
1172923.037,X_LEG_3,7.86,45.00,61.68,0,1500,1662,NW
1172923.059,X_LEG_3,8.00,44.96,61.76,0,1500,1662,NW
1172923.079,X_LEG_3,8.00,44.96,61.76,0,1500,1662,NW
1172923.100,X_LEG_3,8.00,44.96,61.76,0,1500,1662,NW
1172923.121,X_LEG_3,8.00,44.96,61.76,0,1500,1662,NW
1172923.142,X_LEG_3,8.00,44.96,61.76,0,1500,1662,NW
1172923.162,X_LEG_3,8.09,44.94,61.82,0,1500,1661,NW
1172923.183,X_LEG_3,8.09,44.94,61.82,0,1500,1661,NW
1172923.203,X_LEG_3,8.09,44.94,61.82,0,1500,1661,NW
1172923.223,X_LEG_3,8.09,44.94,61.82,0,1500,1661,NW
1172923.244,X_LEG_3,8.09,44.94,61.82,0,1500,1661,NW
1172923.264,X_LEG_3,8.22,44.89,61.90,0,1500,1661,NW
1172923.285,X_LEG_3,8.22,44.89,61.90,0,1500,1661,NW
1172923.305,X_LEG_3,8.22,44.89,61.90,0,1500,1661,NW
1172923.326,X_LEG_3,8.22,44.89,61.90,0,1500,1661,NW
1172923.346,X_LEG_3,8.22,44.89,61.90,0,1500,1661,NW
1172923.367,X_LEG_3,8.31,44.85,61.96,0,1500,1661,NW
1172923.388,X_LEG_3,8.31,44.85,61.96,0,1500,1661,NW
1172923.408,X_LEG_3,8.31,44.85,61.96,0,1500,1661,NW
1172923.429,X_LEG_3,8.31,44.85,61.96,0,1500,1661,NW
1172923.449,X_LEG_3,8.31,44.85,61.96,0,1500,1661,NW
1172923.470,X_LEG_3,8.31,44.85,34.96,0,1500,1661,NW
1172923.490,X_LEG_3,8.31,44.85,34.96,0,1500,1661,NW
1172923.511,X_LEG_3,8.31,44.85,34.96,0,1500,1661,NW
1172923.531,X_LEG_3,8.31,44.85,34.96,0,1500,1661,NW
1172923.552,X_LEG_3,8.31,44.85,34.96,0,1500,1661,NW
1172923.572,X_LEG_3,8.45,44.82,35.04,0,1500,1660,NW
1172923.592,X_LEG_3,8.45,44.82,35.04,0,1500,1660,NW
1172923.613,X_LEG_3,8.45,44.82,35.04,0,1500,1660,NW
1172923.633,X_LEG_3,8.45,44.82,35.04,0,1500,1660,NW
1172923.654,X_LEG_3,8.45,44.82,35.04,0,1500,1660,NW
1172923.674,X_LEG_3,8.54,44.79,35.10,0,1500,1660,NW
1172923.695,X_LEG_3,8.54,44.79,35.10,0,1500,1660,NW
1172923.716,X_LEG_3,8.54,44.79,35.10,0,1500,1660,NW
1172923.737,X_LEG_3,8.54,44.79,35.10,0,1500,1660,NW
1172923.757,X_LEG_3,8.54,44.79,35.10,0,1500,1660,NW
1172923.778,X_LEG_3,8.68,44.75,35.19,0,1500,1659,NW
1172923.798,X_LEG_3,8.68,44.75,35.19,0,1500,1659,NW
1172923.818,X_LEG_3,8.68,44.75,35.19,0,1500,1659,NW
1172923.838,X_LEG_3,8.68,44.75,35.19,0,1500,1659,NW
1172923.859,X_LEG_3,8.68,44.75,35.19,0,1500,1659,NW
1172923.880,X_LEG_3,8.77,44.72,35.24,0,1500,1659,NW
1172923.900,X_LEG_3,8.77,44.72,35.24,0,1500,1659,NW
1172923.920,X_LEG_3,8.77,44.72,35.24,0,1500,1659,NW
1172923.941,X_LEG_3,8.77,44.72,35.24,0,1500,1659,NW
1172923.961,X_LEG_3,8.77,44.72,35.24,0,1500,1659,NW
1172923.982,X_LEG_3,8.77,44.72,35.24,0,1500,1659,NW
1172924.003,X_LEG_3,8.77,44.72,35.24,0,1500,1659,NW
1172924.023,X_LEG_3,8.77,44.72,35.24,0,1500,1659,NW
1172924.045,X_LEG_3,8.77,44.72,35.24,0,1500,1659,NW
1172924.066,X_LEG_3,8.77,44.72,35.24,0,1500,1659,NW
1172924.086,X_LEG_3,8.91,44.68,20.32,1,1589,1659,NW
1172924.107,X_LEG_3,8.91,44.68,20.32,1,1589,1659,NW
1172924.127,X_LEG_3,8.91,44.68,20.32,1,1589,1659,NW
1172924.148,X_LEG_3,8.91,44.68,20.32,1,1589,1659,NW
1172924.168,X_LEG_3,8.91,44.68,20.32,1,1589,1659,NW
1172924.189,X_LEG_3,9.00,44.66,20.38,1,1589,1659,NW
1172924.209,X_LEG_3,9.00,44.66,20.38,1,1589,1659,NW
1172924.229,X_LEG_3,9.00,44.66,20.38,1,1589,1659,NW
1172924.249,X_LEG_3,9.00,44.66,20.38,1,1589,1659,NW
1172924.270,X_LEG_3,9.00,44.66,20.38,1,1589,1659,NW
1172924.291,X_LEG_3,9.00,44.66,20.38,1,1589,1659,NW
1172924.311,X_LEG_3,9.00,44.66,20.38,1,1589,1659,NW
1172924.331,X_LEG_3,9.00,44.66,20.38,1,1589,1659,NW
1172924.352,X_LEG_3,9.00,44.66,20.38,1,1589,1659,NW
1172924.372,X_LEG_3,9.00,44.66,20.38,1,1589,1659,NW
1172924.393,X_LEG_3,9.14,44.62,20.46,1,1589,1658,NW
1172924.413,X_LEG_3,9.14,44.62,20.46,1,1589,1658,NW
1172924.433,X_LEG_3,9.14,44.62,20.46,1,1589,1658,NW
1172924.454,X_LEG_3,9.14,44.62,20.46,1,1589,1658,NW
1172924.474,X_LEG_3,9.14,44.62,20.46,1,1589,1658,NW
1172924.494,X_LEG_3,9.28,44.59,20.53,1,1589,1658,NW
1172924.515,X_LEG_3,9.28,44.59,20.53,1,1589,1658,NW
1172924.536,X_LEG_3,9.28,44.59,20.53,1,1589,1658,NW
1172924.556,X_LEG_3,9.28,44.59,20.53,1,1589,1658,NW
1172924.577,X_LEG_3,9.28,44.59,20.53,1,1589,1658,NW
1172924.597,X_LEG_3,9.37,44.56,20.59,1,1589,1657,NW
1172924.618,X_LEG_3,9.37,44.56,20.59,1,1589,1657,NW
1172924.638,X_LEG_3,9.37,44.56,20.59,1,1589,1657,NW
1172924.659,X_LEG_3,9.37,44.56,20.59,1,1589,1657,NW
1172924.679,X_LEG_3,9.37,44.56,20.59,1,1589,1657,NW
1172924.699,X_LEG_3,9.37,44.56,14.59,1,1589,1657,NW
1172924.720,X_LEG_3,9.37,44.56,14.59,1,1589,1657,NW
1172924.741,X_LEG_3,9.37,44.56,14.59,1,1589,1657,NW
1172924.761,X_LEG_3,9.37,44.56,14.59,1,1589,1657,NW
1172924.782,X_LEG_3,9.37,44.56,14.59,1,1589,1657,NW
1172924.803,X_LEG_3,9.51,44.52,14.66,1,1589,1657,NW
1172924.823,X_LEG_3,9.51,44.52,14.66,1,1589,1657,NW
1172924.844,X_LEG_3,9.51,44.52,14.66,1,1589,1657,NW
1172924.864,X_LEG_3,9.51,44.52,14.66,1,1589,1657,NW
1172924.884,X_LEG_3,9.51,44.52,14.66,1,1589,1657,NW
1172924.905,X_LEG_3,9.60,44.50,14.72,1,1589,1657,NW
1172924.925,X_LEG_3,9.60,44.50,14.72,1,1589,1657,NW
1172924.946,X_LEG_3,9.60,44.50,14.72,1,1589,1657,NW
1172924.967,X_LEG_3,9.60,44.50,14.72,1,1589,1657,NW
1172924.987,X_LEG_3,9.60,44.50,14.72,1,1589,1657,NW
1172925.007,X_LEG_3,9.74,44.47,14.80,1,1589,1656,NW
1172925.028,X_LEG_3,9.74,44.47,14.80,1,1589,1656,NW
1172925.049,X_LEG_3,9.74,44.47,14.80,1,1589,1656,NW
1172925.069,X_LEG_3,9.74,44.47,14.80,1,1589,1656,NW
1172925.090,X_LEG_3,9.74,44.47,14.80,1,1589,1656,NW
1172925.110,X_LEG_3,9.83,44.44,14.84,1,1589,1656,NW
1172925.130,X_LEG_3,9.83,44.44,14.84,1,1589,1656,NW
1172925.151,X_LEG_3,9.83,44.44,14.84,1,1589,1656,NW
1172925.171,X_LEG_3,9.83,44.44,14.84,1,1589,1656,NW
1172925.192,X_LEG_3,9.83,44.44,14.84,1,1589,1656,NW
1172925.212,X_LEG_3,9.92,44.41,14.90,1,1589,1656,NW
1172925.233,X_LEG_3,9.92,44.41,14.90,1,1589,1656,NW
1172925.253,X_LEG_3,9.92,44.41,14.90,1,1589,1656,NW
1172925.273,X_LEG_3,9.92,44.41,14.90,1,1589,1656,NW
1172925.294,X_LEG_3,9.92,44.41,14.90,1,1589,1656,NW
1172925.315,X_LEG_3,9.92,44.41,11.90,1,1589,1656,NW
1172925.336,X_LEG_3,9.92,44.41,11.90,1,1589,1656,NW
1172925.356,X_LEG_3,9.92,44.41,11.90,1,1589,1656,NW
1172925.378,X_LEG_3,9.92,44.41,11.90,1,1589,1656,NW
1172925.398,X_LEG_3,9.92,44.41,11.90,1,1589,1656,NW
1172925.419,X_LEG_3,10.01,44.39,11.94,1,1589,1655,NW
1172925.439,X_LEG_3,10.01,44.39,11.94,1,1589,1655,NW
1172925.459,X_LEG_3,10.01,44.39,11.94,1,1589,1655,NW
1172925.480,X_LEG_3,10.01,44.39,11.94,1,1589,1655,NW
1172925.500,X_LEG_3,10.01,44.39,11.94,1,1589,1655,NW
1172925.521,X_LEG_3,10.11,44.36,12.01,1,1589,1655,NW
1172925.541,X_LEG_3,10.11,44.36,12.01,1,1589,1655,NW
1172925.561,X_LEG_3,10.11,44.36,12.01,1,1589,1655,NW
1172925.583,X_LEG_3,10.11,44.36,12.01,1,1589,1655,NW
1172925.603,X_LEG_3,10.11,44.36,12.01,1,1589,1655,NW
1172925.624,X_LEG_3,10.24,44.32,12.08,1,1589,1655,NW
1172925.645,X_LEG_3,10.24,44.32,12.08,1,1589,1655,NW
1172925.665,X_LEG_3,10.24,44.32,12.08,1,1589,1655,NW
1172925.686,X_LEG_3,10.24,44.32,12.08,1,1589,1655,NW
1172925.707,X_LEG_3,10.24,44.32,12.08,1,1589,1655,NW
1172925.727,X_LEG_3,10.34,44.30,12.12,1,1589,1654,NW
1172925.748,X_LEG_3,10.34,44.30,12.12,1,1589,1654,NW
1172925.768,X_LEG_3,10.34,44.30,12.12,1,1589,1654,NW
1172925.789,X_LEG_3,10.34,44.30,12.12,1,1589,1654,NW
1172925.809,X_LEG_3,10.34,44.30,12.12,1,1589,1654,NW
1172925.830,X_LEG_3,10.43,44.28,12.18,1,1589,1654,NW
1172925.850,X_LEG_3,10.43,44.28,12.18,1,1589,1654,NW
1172925.870,X_LEG_3,10.43,44.28,12.18,1,1589,1654,NW
1172925.891,X_LEG_3,10.43,44.28,12.18,1,1589,1654,NW
1172925.911,X_LEG_3,10.43,44.28,12.18,1,1589,1654,NW
1172925.932,X_LEG_3,10.52,44.25,9.23,1,1589,1654,NW
1172925.952,X_LEG_3,10.52,44.25,9.23,1,1589,1654,NW
1172925.973,X_LEG_3,10.52,44.25,9.23,1,1589,1654,NW
1172925.993,X_LEG_3,10.52,44.25,9.23,1,1589,1654,NW
1172926.014,X_LEG_3,10.52,44.25,9.23,1,1589,1654,NW
1172926.034,X_LEG_3,10.52,44.25,9.23,1,1589,1654,NW
1172926.054,X_LEG_3,10.52,44.25,9.23,1,1589,1654,NW
1172926.075,X_LEG_3,10.52,44.25,9.23,1,1589,1654,NW
1172926.095,X_LEG_3,10.52,44.25,9.23,1,1589,1654,NW
1172926.117,X_LEG_3,10.52,44.25,9.23,1,1589,1654,NW
1172926.137,X_LEG_3,10.65,44.21,9.30,1,1588,1654,NW
1172926.157,X_LEG_3,10.65,44.21,9.30,1,1588,1654,NW
1172926.177,X_LEG_3,10.65,44.21,9.30,1,1588,1654,NW
1172926.198,X_LEG_3,10.65,44.21,9.30,1,1588,1654,NW
1172926.218,X_LEG_3,10.65,44.21,9.30,1,1588,1654,NW
1172926.239,X_LEG_3,10.75,44.18,9.35,1,1588,1653,NW
1172926.259,X_LEG_3,10.75,44.18,9.35,1,1588,1653,NW
1172926.280,X_LEG_3,10.75,44.18,9.35,1,1588,1653,NW
1172926.300,X_LEG_3,10.75,44.18,9.35,1,1588,1653,NW
1172926.321,X_LEG_3,10.75,44.18,9.35,1,1588,1653,NW
1172926.341,X_LEG_3,10.88,44.15,9.43,1,1588,1653,NW
1172926.362,X_LEG_3,10.88,44.15,9.43,1,1588,1653,NW
1172926.383,X_LEG_3,10.88,44.15,9.43,1,1588,1653,NW
1172926.403,X_LEG_3,10.88,44.15,9.43,1,1588,1653,NW
1172926.424,X_LEG_3,10.88,44.15,9.43,1,1588,1653,NW
1172926.444,X_LEG_3,10.97,44.12,8.48,1,1588,1653,NW
1172926.465,X_LEG_3,10.97,44.12,8.48,1,1588,1653,NW
1172926.485,X_LEG_3,10.97,44.12,8.48,1,1588,1653,NW
1172926.506,X_LEG_3,10.97,44.12,8.48,1,1588,1653,NW
1172926.527,X_LEG_3,10.97,44.12,8.48,1,1588,1653,NW
1172926.547,X_LEG_3,10.97,44.12,8.48,1,1588,1653,NW
1172926.568,X_LEG_3,10.97,44.12,8.48,1,1588,1653,NW
1172926.588,X_LEG_3,10.97,44.12,8.48,1,1588,1653,NW
1172926.608,X_LEG_3,10.97,44.12,8.48,1,1588,1653,NW
1172926.629,X_LEG_3,10.97,44.12,8.48,1,1588,1653,NW
1172926.650,X_LEG_3,11.11,44.08,8.55,1,1588,1652,NW
1172926.671,X_LEG_3,11.11,44.08,8.55,1,1588,1652,NW
1172926.691,X_LEG_3,11.11,44.08,8.55,1,1588,1652,NW
1172926.711,X_LEG_3,11.11,44.08,8.55,1,1588,1652,NW
1172926.731,X_LEG_3,11.11,44.08,8.55,1,1588,1652,NW
1172926.752,X_LEG_3,11.20,44.05,8.59,1,1588,1652,NW
1172926.773,X_LEG_3,11.20,44.05,8.59,1,1588,1652,NW
1172926.793,X_LEG_3,11.20,44.05,8.59,1,1588,1652,NW
1172926.813,X_LEG_3,11.20,44.05,8.59,1,1588,1652,NW
1172926.833,X_LEG_3,11.20,44.05,8.59,1,1588,1652,NW
1172926.854,X_LEG_3,11.20,44.05,8.59,1,1588,1652,NW
1172926.874,X_LEG_3,11.20,44.05,8.59,1,1588,1652,NW
1172926.894,X_LEG_3,11.20,44.05,8.59,1,1588,1652,NW
1172926.915,X_LEG_3,11.20,44.05,8.59,1,1588,1652,NW
1172926.936,X_LEG_3,11.20,44.05,8.59,1,1588,1652,NW
1172926.956,X_LEG_3,11.33,44.01,8.66,1,1588,1652,NW
1172926.976,X_LEG_3,11.33,44.01,8.66,1,1588,1652,NW
1172926.996,X_LEG_3,11.33,44.01,8.66,1,1588,1652,NW
1172927.017,X_LEG_3,11.33,44.01,8.66,1,1588,1652,NW
1172927.038,X_LEG_3,11.33,44.01,8.66,1,1588,1652,NW
1172927.059,X_LEG_3,11.33,43.98,6.72,1,1588,1652,NW
1172927.079,X_LEG_3,11.42,43.98,6.72,1,1588,1651,NW
1172927.099,X_LEG_3,11.42,43.98,6.72,1,1588,1651,NW
1172927.120,X_LEG_3,11.42,43.98,6.72,1,1588,1651,NW
1172927.141,X_LEG_3,11.42,43.98,6.72,1,1588,1651,NW
1172927.161,X_LEG_3,11.51,43.96,6.76,1,1588,1651,NW
1172927.183,X_LEG_3,11.51,43.96,6.76,1,1588,1651,NW
1172927.204,X_LEG_3,11.51,43.96,6.76,1,1588,1651,NW
1172927.224,X_LEG_3,11.51,43.96,6.76,1,1588,1651,NW
1172927.244,X_LEG_3,11.51,43.96,6.76,1,1588,1651,NW
1172927.265,X_LEG_3,11.60,43.93,6.82,1,1588,1651,NW
1172927.285,X_LEG_3,11.60,43.93,6.82,1,1588,1651,NW
1172927.305,X_LEG_3,11.60,43.93,6.82,1,1588,1651,NW
1172927.326,X_LEG_3,11.60,43.93,6.82,1,1588,1651,NW
1172927.346,X_LEG_3,11.60,43.93,6.82,1,1588,1651,NW
1172927.367,X_LEG_3,11.69,43.90,6.87,1,1588,1650,NW
1172927.389,X_LEG_3,11.69,43.90,6.87,1,1588,1650,NW
1172927.409,X_LEG_3,11.69,43.90,6.87,1,1588,1650,NW
1172927.430,X_LEG_3,11.69,43.90,6.87,1,1588,1650,NW
1172927.451,X_LEG_3,11.69,43.90,6.87,1,1588,1650,NW
1172927.473,X_LEG_3,11.69,43.90,6.87,1,1588,1650,NW
1172927.493,X_LEG_3,11.69,43.90,6.87,1,1588,1650,NW
1172927.515,X_LEG_3,11.69,43.90,6.87,1,1588,1650,NW
1172927.535,X_LEG_3,11.69,43.90,6.87,1,1588,1650,NW
1172927.555,X_LEG_3,11.69,43.90,6.87,1,1588,1650,NW
1172927.577,X_LEG_3,11.78,43.86,6.91,1,1588,1650,NW
1172927.597,X_LEG_3,11.78,43.86,6.91,1,1588,1650,NW
1172927.618,X_LEG_3,11.78,43.86,6.91,1,1588,1650,NW
1172927.640,X_LEG_3,11.78,43.86,6.91,1,1588,1650,NW
1172927.660,X_LEG_3,11.78,43.86,6.91,1,1588,1650,NW
1172927.681,X_LEG_3,11.86,43.84,6.96,1,1588,1650,NW
1172927.702,X_LEG_3,11.86,43.84,6.96,1,1588,1650,NW
1172927.722,X_LEG_3,11.86,43.84,6.96,1,1588,1650,NW
1172927.743,X_LEG_3,11.86,43.84,6.96,1,1588,1650,NW
1172927.765,X_LEG_3,11.86,43.84,6.96,1,1588,1650,NW
1172927.785,X_LEG_3,12.00,43.80,7.03,1,1588,1650,NW
1172927.805,X_LEG_3,12.00,43.80,7.03,1,1588,1650,NW
1172927.827,X_LEG_3,12.00,43.80,7.03,1,1588,1650,NW
1172927.847,X_LEG_3,12.00,43.80,7.03,1,1588,1650,NW
1172927.868,X_LEG_3,12.00,43.80,7.03,1,1588,1650,NW
1172927.889,X_LEG_3,12.08,43.77,6.08,1,1588,1649,NW
1172927.909,X_LEG_3,12.08,43.77,6.08,1,1588,1649,NW
1172927.929,X_LEG_3,12.08,43.77,6.08,1,1588,1649,NW
1172927.949,X_LEG_3,12.08,43.77,6.08,1,1588,1649,NW
1172927.970,X_LEG_3,12.08,43.77,6.08,1,1588,1649,NW
1172927.990,X_LEG_3,12.17,43.74,6.12,1,1587,1649,NW
1172928.011,X_LEG_3,12.17,43.74,6.12,1,1587,1649,NW
1172928.031,X_LEG_3,12.17,43.74,6.12,1,1587,1649,NW
1172928.052,X_LEG_3,12.17,43.74,6.12,1,1587,1649,NW
1172928.072,X_LEG_3,12.17,43.74,6.12,1,1587,1649,NW
1172928.093,X_LEG_3,12.30,43.70,6.19,1,1587,1649,NW
1172928.113,X_LEG_3,12.30,43.70,6.19,1,1587,1649,NW
1172928.134,X_LEG_3,12.30,43.70,6.19,1,1587,1649,NW
1172928.154,X_LEG_3,12.30,43.70,6.19,1,1587,1649,NW
1172928.175,X_LEG_3,12.30,43.70,6.19,1,1587,1649,NW
1172928.195,X_LEG_3,12.30,43.70,6.19,1,1587,1649,NW
1172928.216,X_LEG_3,12.30,43.70,6.19,1,1587,1649,NW
1172928.236,X_LEG_3,12.30,43.70,6.19,1,1587,1649,NW
1172928.257,X_LEG_3,12.30,43.70,6.19,1,1587,1649,NW
1172928.277,X_LEG_3,12.30,43.70,6.19,1,1587,1649,NW
1172928.297,X_LEG_3,12.39,43.67,6.24,1,1587,1648,NW
1172928.318,X_LEG_3,12.39,43.67,6.24,1,1587,1648,NW
1172928.338,X_LEG_3,12.39,43.67,6.24,1,1587,1648,NW
1172928.359,X_LEG_3,12.39,43.67,6.24,1,1587,1648,NW
1172928.380,X_LEG_3,12.39,43.67,6.24,1,1587,1648,NW
1172928.400,X_LEG_3,12.47,43.64,6.28,1,1587,1648,NW
1172928.422,X_LEG_3,12.47,43.64,6.28,1,1587,1648,NW
1172928.442,X_LEG_3,12.47,43.64,6.28,1,1587,1648,NW
1172928.463,X_LEG_3,12.47,43.64,6.28,1,1587,1648,NW
1172928.485,X_LEG_3,12.47,43.64,6.28,1,1587,1648,NW
1172928.506,X_LEG_3,12.47,43.64,6.28,1,1587,1648,NW
1172928.526,X_LEG_3,12.47,43.64,6.28,1,1587,1648,NW
1172928.547,X_LEG_3,12.47,43.64,6.28,1,1587,1648,NW
1172928.568,X_LEG_3,12.47,43.64,6.28,1,1587,1648,NW
1172928.589,X_LEG_3,12.47,43.64,6.28,1,1587,1648,NW
1172928.610,X_LEG_3,12.60,43.59,6.36,1,1587,1648,NW
1172928.631,X_LEG_3,12.60,43.59,6.36,1,1587,1648,NW
1172928.651,X_LEG_3,12.60,43.59,6.36,1,1587,1648,NW
1172928.673,X_LEG_3,12.60,43.59,6.36,1,1587,1648,NW
1172928.693,X_LEG_3,12.60,43.59,6.36,1,1587,1648,NW
1172928.714,X_LEG_3,12.73,43.55,5.43,1,1587,1647,NW
1172928.734,X_LEG_3,12.73,43.55,5.43,1,1587,1647,NW
1172928.754,X_LEG_3,12.73,43.55,5.43,1,1587,1647,NW
1172928.775,X_LEG_3,12.73,43.55,5.43,1,1587,1647,NW
1172928.796,X_LEG_3,12.73,43.55,5.43,1,1587,1647,NW
1172928.816,X_LEG_3,12.81,43.51,5.46,1,1587,1647,NW
1172928.837,X_LEG_3,12.81,43.51,5.46,1,1587,1647,NW
1172928.857,X_LEG_3,12.81,43.51,5.46,1,1587,1647,NW
1172928.878,X_LEG_3,12.81,43.51,5.46,1,1587,1647,NW
1172928.898,X_LEG_3,12.81,43.51,5.46,1,1587,1647,NW
1172928.918,X_LEG_3,12.90,43.49,5.52,1,1587,1647,NW
1172928.941,X_LEG_3,12.90,43.49,5.52,1,1587,1647,NW
1172928.961,X_LEG_3,12.90,43.49,5.52,1,1587,1647,NW
1172928.981,X_LEG_3,12.90,43.49,5.52,1,1587,1647,NW
1172929.003,X_LEG_3,12.90,43.49,5.52,1,1587,1647,NW
1172929.023,X_LEG_3,12.98,43.45,5.56,1,1587,1647,NW
1172929.044,X_LEG_3,12.98,43.45,5.56,1,1587,1647,NW
1172929.065,X_LEG_3,12.98,43.45,5.56,1,1587,1647,NW
1172929.085,X_LEG_3,12.98,43.45,5.56,1,1587,1647,NW
1172929.106,X_LEG_3,12.98,43.45,5.56,1,1587,1647,NW
1172929.126,X_LEG_3,13.07,43.43,5.61,1,1587,1646,NW
1172929.147,X_LEG_3,13.07,43.43,5.61,1,1587,1646,NW
1172929.167,X_LEG_3,13.07,43.43,5.61,1,1587,1646,NW
1172929.188,X_LEG_3,13.07,43.43,5.61,1,1587,1646,NW
1172929.208,X_LEG_3,13.07,43.43,5.61,1,1587,1646,NW
1172929.229,X_LEG_3,13.15,43.39,4.65,1,1587,1646,NW
1172929.249,X_LEG_3,13.15,43.39,4.65,1,1587,1646,NW
1172929.270,X_LEG_3,13.15,43.39,4.65,1,1587,1646,NW
1172929.291,X_LEG_3,13.15,43.39,4.65,1,1587,1646,NW
1172929.311,X_LEG_3,13.15,43.39,4.65,1,1587,1646,NW
1172929.331,X_LEG_3,13.23,43.36,4.69,1,1587,1646,NW
1172929.352,X_LEG_3,13.23,43.36,4.69,1,1587,1646,NW
1172929.372,X_LEG_3,13.23,43.36,4.69,1,1587,1646,NW
1172929.392,X_LEG_3,13.23,43.36,4.69,1,1587,1646,NW
1172929.413,X_LEG_3,13.23,43.36,4.69,1,1587,1646,NW
1172929.433,X_LEG_3,13.23,43.36,4.69,1,1587,1646,NW
1172929.454,X_LEG_3,13.23,43.36,4.69,1,1587,1646,NW
1172929.474,X_LEG_3,13.23,43.36,4.69,1,1587,1646,NW
1172929.495,X_LEG_3,13.23,43.36,4.69,1,1587,1646,NW
1172929.515,X_LEG_3,13.23,43.36,4.69,1,1587,1646,NW
1172929.535,X_LEG_3,13.36,43.32,4.76,1,1587,1645,NW
1172929.556,X_LEG_3,13.36,43.32,4.76,1,1587,1645,NW
1172929.576,X_LEG_3,13.36,43.32,4.76,1,1587,1645,NW
1172929.598,X_LEG_3,13.36,43.32,4.76,1,1587,1645,NW
1172929.618,X_LEG_3,13.36,43.32,4.76,1,1587,1645,NW
1172929.639,X_LEG_3,13.48,43.27,4.82,1,1587,1645,NW
1172929.662,X_LEG_3,13.48,43.27,4.82,1,1587,1645,NW
1172929.682,X_LEG_3,13.48,43.27,4.82,1,1587,1645,NW
1172929.702,X_LEG_3,13.48,43.27,4.82,1,1587,1645,NW
1172929.722,X_LEG_3,13.48,43.27,4.82,1,1587,1645,NW
1172929.743,X_LEG_3,13.56,43.23,4.87,1,1586,1645,NW
1172929.764,X_LEG_3,13.56,43.23,4.87,1,1586,1645,NW
1172929.784,X_LEG_3,13.56,43.23,4.87,1,1586,1645,NW
1172929.805,X_LEG_3,13.56,43.23,4.87,1,1586,1645,NW
1172929.825,X_LEG_3,13.56,43.23,4.87,1,1586,1645,NW
1172929.846,X_LEG_3,13.56,43.23,4.87,1,1586,1645,NW
1172929.866,X_LEG_3,13.56,43.23,4.87,1,1586,1645,NW
1172929.887,X_LEG_3,13.56,43.23,4.87,1,1586,1645,NW
1172929.907,X_LEG_3,13.56,43.23,4.87,1,1586,1645,NW
1172929.928,X_LEG_3,13.56,43.23,4.87,1,1586,1645,NW
1172929.948,X_LEG_3,13.68,43.19,3.94,1,1586,1644,NW
1172929.968,X_LEG_3,13.68,43.19,3.94,1,1586,1644,NW
1172929.989,X_LEG_3,13.68,43.19,3.94,1,1586,1644,NW
1172930.009,X_LEG_3,13.68,43.19,3.94,1,1586,1644,NW
1172930.029,X_LEG_3,13.68,43.19,3.94,1,1586,1644,NW
1172930.051,X_LEG_3,13.76,43.15,3.98,1,1586,1644,NW
1172930.071,X_LEG_3,13.76,43.15,3.98,1,1586,1644,NW
1172930.091,X_LEG_3,13.76,43.15,3.98,1,1586,1644,NW
1172930.112,X_LEG_3,13.76,43.15,3.98,1,1586,1644,NW
1172930.132,X_LEG_3,13.76,43.15,3.98,1,1586,1644,NW
1172930.153,X_LEG_3,13.88,43.10,4.05,1,1586,1644,NW
1172930.173,X_LEG_3,13.88,43.10,4.05,1,1586,1644,NW
1172930.194,X_LEG_3,13.88,43.10,4.05,1,1586,1644,NW
1172930.214,X_LEG_3,13.88,43.10,4.05,1,1586,1644,NW
1172930.234,X_LEG_3,13.88,43.10,4.05,1,1586,1644,NW
1172930.255,X_LEG_3,13.96,43.07,4.09,1,1586,1644,NW
1172930.276,X_LEG_3,13.96,43.07,4.09,1,1586,1644,NW
1172930.296,X_LEG_3,13.96,43.07,4.09,1,1586,1644,NW
1172930.317,X_LEG_3,13.96,43.07,4.09,1,1586,1644,NW
1172930.337,X_LEG_3,13.96,43.07,4.09,1,1586,1644,NW
1172930.358,X_LEG_3,13.96,43.07,4.09,1,1586,1644,NW
1172930.380,X_LEG_3,13.96,43.07,4.09,1,1586,1644,NW
1172930.400,X_LEG_3,13.96,43.07,4.09,1,1586,1644,NW
1172930.421,X_LEG_3,13.96,43.07,4.09,1,1586,1644,NW
1172930.442,X_LEG_3,13.96,43.07,4.09,1,1586,1644,NW
1172930.463,X_LEG_3,14.08,43.02,4.15,1,1586,1643,NW
1172930.483,X_LEG_3,14.08,43.02,4.15,1,1586,1643,NW
1172930.503,X_LEG_3,14.08,43.02,4.15,1,1586,1643,NW
1172930.523,X_LEG_3,14.08,43.02,4.15,1,1586,1643,NW
1172930.544,X_LEG_3,14.08,43.02,4.15,1,1586,1643,NW
1172930.565,X_LEG_3,14.16,42.99,4.19,1,1586,1643,NW
1172930.586,X_LEG_3,14.16,42.99,4.19,1,1586,1643,NW
1172930.606,X_LEG_3,14.16,42.99,4.19,1,1586,1643,NW
1172930.627,X_LEG_3,14.16,42.99,4.19,1,1586,1643,NW
1172930.648,X_LEG_3,14.16,42.99,4.19,1,1586,1643,NW
1172930.668,X_LEG_3,14.16,42.99,4.19,1,1586,1643,NW
1172930.688,X_LEG_3,14.16,42.99,4.19,1,1586,1643,NW
1172930.709,X_LEG_3,14.16,42.99,4.19,1,1586,1643,NW
1172930.729,X_LEG_3,14.16,42.99,4.19,1,1586,1643,NW
1172930.750,X_LEG_3,14.16,42.99,4.19,1,1586,1643,NW
1172930.770,X_LEG_3,14.27,42.94,4.27,1,1586,1643,NW
1172930.791,X_LEG_3,14.27,42.94,4.27,1,1586,1643,NW
1172930.811,X_LEG_3,14.27,42.94,4.27,1,1586,1643,NW
1172930.832,X_LEG_3,14.27,42.94,4.27,1,1586,1643,NW
1172930.852,X_LEG_3,14.27,42.94,4.27,1,1586,1643,NW
1172930.872,X_LEG_3,14.35,42.91,3.31,1,1586,1642,NW
1172930.893,X_LEG_3,14.35,42.91,3.31,1,1586,1642,NW
1172930.914,X_LEG_3,14.35,42.91,3.31,1,1586,1642,NW
1172930.935,X_LEG_3,14.35,42.91,3.31,1,1586,1642,NW
1172930.955,X_LEG_3,14.35,42.91,3.31,1,1586,1642,NW
1172930.977,X_LEG_3,14.47,42.86,3.37,1,1586,1642,NW
1172930.998,X_LEG_3,14.47,42.86,3.37,1,1586,1642,NW
1172931.018,X_LEG_3,14.47,42.86,3.37,1,1586,1642,NW
1172931.041,X_LEG_3,14.47,42.86,3.37,1,1586,1642,NW
1172931.061,X_LEG_3,14.47,42.86,3.37,1,1586,1642,NW
1172931.082,X_LEG_3,14.54,42.83,3.41,1,1586,1642,NW
1172931.102,X_LEG_3,14.54,42.83,3.41,1,1586,1642,NW
1172931.123,X_LEG_3,14.54,42.83,3.41,1,1586,1642,NW
1172931.143,X_LEG_3,14.54,42.83,3.41,1,1586,1642,NW
1172931.164,X_LEG_3,14.54,42.83,3.41,1,1586,1642,NW
1172931.184,X_LEG_3,14.62,42.79,3.44,1,1586,1642,NW
1172931.205,X_LEG_3,14.62,42.79,3.44,1,1586,1642,NW
1172931.225,X_LEG_3,14.62,42.79,3.44,1,1586,1642,NW
1172931.246,X_LEG_3,14.62,42.79,3.44,1,1586,1642,NW
1172931.266,X_LEG_3,14.62,42.79,3.44,1,1586,1642,NW
1172931.287,X_LEG_3,14.69,42.75,3.49,1,1586,1641,NW
1172931.308,X_LEG_3,14.69,42.75,3.49,1,1586,1641,NW
1172931.329,X_LEG_3,14.69,42.75,3.49,1,1586,1641,NW
1172931.350,X_LEG_3,14.69,42.75,3.49,1,1586,1641,NW
1172931.370,X_LEG_3,14.69,42.75,3.49,1,1586,1641,NW
1172931.391,X_LEG_3,14.69,42.75,3.49,1,1586,1641,NW
1172931.412,X_LEG_3,14.69,42.75,3.49,1,1586,1641,NW
1172931.433,X_LEG_3,14.69,42.75,3.49,1,1586,1641,NW
1172931.453,X_LEG_3,14.69,42.75,3.49,1,1586,1641,NW
1172931.474,X_LEG_3,14.69,42.75,3.49,1,1586,1641,NW
1172931.494,X_LEG_3,14.80,42.70,3.55,1,1585,1641,NW
1172931.514,X_LEG_3,14.80,42.70,3.55,1,1585,1641,NW
1172931.535,X_LEG_3,14.80,42.70,3.55,1,1585,1641,NW
1172931.555,X_LEG_3,14.80,42.70,3.55,1,1585,1641,NW
1172931.575,X_LEG_3,14.80,42.70,3.55,1,1585,1641,NW
1172931.596,X_LEG_3,14.88,42.67,3.60,1,1585,1641,NW
1172931.616,X_LEG_3,14.88,42.67,3.60,1,1585,1641,NW
1172931.637,X_LEG_3,14.88,42.67,3.60,1,1585,1641,NW
1172931.657,X_LEG_3,14.88,42.67,3.60,1,1585,1641,NW
1172931.678,X_LEG_3,14.88,42.67,3.60,1,1585,1641,NW
1172931.698,X_LEG_3,14.99,42.62,3.66,1,1585,1641,NW
1172931.718,X_LEG_3,14.99,42.62,3.66,1,1585,1641,NW
1172931.739,X_LEG_3,14.99,42.62,3.66,1,1585,1641,NW
1172931.759,X_LEG_3,14.99,42.62,3.66,1,1585,1641,NW
1172931.780,X_LEG_3,14.99,42.62,3.66,1,1585,1641,NW
1172931.800,X_LEG_3,15.06,42.59,3.70,1,1585,1641,NW
1172931.821,X_LEG_3,15.06,42.59,3.70,1,1585,1641,NW
1172931.841,X_LEG_3,15.06,42.59,3.70,1,1585,1641,NW
1172931.861,X_LEG_3,15.06,42.59,3.70,1,1585,1641,NW
1172931.881,X_LEG_3,15.06,42.59,3.70,1,1585,1641,NW
1172931.902,X_LEG_3,15.06,42.59,3.70,1,1585,1641,NW
1172931.922,X_LEG_3,15.06,42.59,3.70,1,1585,1641,NW
1172931.943,X_LEG_3,15.06,42.59,3.70,1,1585,1641,NW
1172931.963,X_LEG_3,15.06,42.59,3.70,1,1585,1641,NW
1172931.984,X_LEG_3,15.06,42.59,3.70,1,1585,1641,NW
1172932.005,X_LEG_3,15.17,42.53,3.76,1,1585,1641,NW
1172932.025,X_LEG_3,15.17,42.53,3.76,1,1585,1641,NW
1172932.045,X_LEG_3,15.17,42.53,3.76,1,1585,1641,NW
1172932.066,X_LEG_3,15.17,42.53,3.76,1,1585,1641,NW
1172932.087,X_LEG_3,15.17,42.53,3.76,1,1585,1641,NW
1172932.107,X_LEG_3,15.24,42.50,3.79,1,1585,1641,NW
1172932.128,X_LEG_3,15.24,42.50,3.79,1,1585,1641,NW
1172932.149,X_LEG_3,15.24,42.50,3.79,1,1585,1641,NW
1172932.169,X_LEG_3,15.24,42.50,3.79,1,1585,1641,NW
1172932.190,X_LEG_3,15.24,42.50,3.79,1,1585,1641,NW
1172932.210,X_LEG_3,15.24,42.50,2.79,1,1585,1641,NW
1172932.231,X_LEG_3,15.24,42.50,2.79,1,1585,1641,NW
1172932.251,X_LEG_3,15.24,42.50,2.79,1,1585,1641,NW
1172932.272,X_LEG_3,15.24,42.50,2.79,1,1585,1641,NW
1172932.292,X_LEG_3,15.24,42.50,2.79,1,1585,1641,NW
1172932.313,X_LEG_3,15.34,42.45,2.86,1,1585,1640,NW
1172932.334,X_LEG_3,15.34,42.45,2.86,1,1585,1640,NW
1172932.354,X_LEG_3,15.34,42.45,2.86,1,1585,1640,NW
1172932.375,X_LEG_3,15.34,42.45,2.86,1,1585,1640,NW
1172932.395,X_LEG_3,15.34,42.45,2.86,1,1585,1640,NW
1172932.417,X_LEG_3,15.41,42.41,2.90,1,1585,1640,NW
1172932.437,X_LEG_3,15.41,42.41,2.90,1,1585,1640,NW
1172932.458,X_LEG_3,15.41,42.41,2.90,1,1585,1640,NW
1172932.479,X_LEG_3,15.41,42.41,2.90,1,1585,1640,NW
1172932.500,X_LEG_3,15.41,42.41,2.90,1,1585,1640,NW
1172932.520,X_LEG_3,15.51,42.36,2.96,1,1585,1640,NW
1172932.541,X_LEG_3,15.51,42.36,2.96,1,1585,1640,NW
1172932.561,X_LEG_3,15.51,42.36,2.96,1,1585,1640,NW
1172932.582,X_LEG_3,15.51,42.36,2.96,1,1585,1640,NW
1172932.603,X_LEG_3,15.51,42.36,2.96,1,1585,1640,NW
1172932.623,X_LEG_3,15.58,42.33,2.99,1,1585,1640,NW
1172932.643,X_LEG_3,15.58,42.33,2.99,1,1585,1640,NW
1172932.665,X_LEG_3,15.58,42.33,2.99,1,1585,1640,NW
1172932.685,X_LEG_3,15.58,42.33,2.99,1,1585,1640,NW
1172932.706,X_LEG_3,15.58,42.33,2.99,1,1585,1640,NW
1172932.728,X_LEG_3,15.58,42.33,2.99,1,1585,1640,NW
1172932.748,X_LEG_3,15.58,42.33,2.99,1,1585,1640,NW
1172932.768,X_LEG_3,15.58,42.33,2.99,1,1585,1640,NW
1172932.790,X_LEG_3,15.58,42.33,2.99,1,1585,1640,NW
1172932.810,X_LEG_3,15.58,42.33,2.99,1,1585,1640,NW
1172932.831,X_LEG_3,15.68,42.26,3.05,1,1585,1639,NW
1172932.852,X_LEG_3,15.68,42.26,3.05,1,1585,1639,NW
1172932.872,X_LEG_3,15.68,42.26,3.05,1,1585,1639,NW
1172932.893,X_LEG_3,15.68,42.26,3.05,1,1585,1639,NW
1172932.914,X_LEG_3,15.68,42.26,3.05,1,1585,1639,NW
1172932.934,X_LEG_3,15.78,42.22,3.12,1,1584,1639,NW
1172932.955,X_LEG_3,15.78,42.22,3.12,1,1584,1639,NW
1172932.975,X_LEG_3,15.78,42.22,3.12,1,1584,1639,NW
1172932.996,X_LEG_3,15.78,42.22,3.12,1,1584,1639,NW
1172933.016,X_LEG_3,15.78,42.22,3.12,1,1584,1639,NW
1172933.036,X_LEG_3,15.85,42.19,3.16,1,1584,1639,NW
1172933.057,X_LEG_3,15.85,42.19,3.16,1,1584,1639,NW
1172933.077,X_LEG_3,15.85,42.19,3.16,1,1584,1639,NW
1172933.098,X_LEG_3,15.85,42.19,3.16,1,1584,1639,NW
1172933.120,X_LEG_3,15.85,42.19,3.16,1,1584,1639,NW
1172933.141,X_LEG_3,15.91,42.14,3.19,1,1584,1639,NW
1172933.161,X_LEG_3,15.91,42.14,3.19,1,1584,1639,NW
1172933.183,X_LEG_3,15.91,42.14,3.19,1,1584,1639,NW
1172933.203,X_LEG_3,15.91,42.14,3.19,1,1584,1639,NW
1172933.223,X_LEG_3,15.91,42.14,3.19,1,1584,1639,NW
1172933.245,X_LEG_3,15.91,42.14,3.19,1,1584,1639,NW
1172933.266,X_LEG_3,15.91,42.14,3.19,1,1584,1639,NW
1172933.286,X_LEG_3,15.91,42.14,3.19,1,1584,1639,NW
1172933.306,X_LEG_3,15.91,42.14,3.19,1,1584,1639,NW
1172933.327,X_LEG_3,15.91,42.14,3.19,1,1584,1639,NW
1172933.347,X_LEG_3,16.01,42.09,3.25,1,1584,1638,NW
1172933.368,X_LEG_3,16.01,42.09,3.25,1,1584,1638,NW
1172933.388,X_LEG_3,16.01,42.09,3.25,1,1584,1638,NW
1172933.408,X_LEG_3,16.01,42.09,3.25,1,1584,1638,NW
1172933.429,X_LEG_3,16.01,42.09,3.25,1,1584,1638,NW
1172933.449,X_LEG_3,16.08,42.06,2.29,1,1584,1638,NW
1172933.470,X_LEG_3,16.08,42.06,2.29,1,1584,1638,NW
1172933.490,X_LEG_3,16.08,42.06,2.29,1,1584,1638,NW
1172933.511,X_LEG_3,16.08,42.06,2.29,1,1584,1638,NW
1172933.532,X_LEG_3,16.08,42.06,2.29,1,1584,1638,NW
1172933.552,X_LEG_3,16.17,42.00,2.34,1,1584,1638,NW
1172933.573,X_LEG_3,16.17,42.00,2.34,1,1584,1638,NW
1172933.593,X_LEG_3,16.17,42.00,2.34,1,1584,1638,NW
1172933.614,X_LEG_3,16.17,42.00,2.34,1,1584,1638,NW
1172933.634,X_LEG_3,16.17,42.00,2.34,1,1584,1638,NW
1172933.655,X_LEG_3,16.17,42.00,2.34,1,1584,1638,NW
1172933.675,X_LEG_3,16.17,42.00,2.34,1,1584,1638,NW
1172933.696,X_LEG_3,16.17,42.00,2.34,1,1584,1638,NW
1172933.716,X_LEG_3,16.17,42.00,2.34,1,1584,1638,NW
1172933.737,X_LEG_3,16.17,42.00,2.34,1,1584,1638,NW
1172933.757,X_LEG_3,16.29,41.93,2.41,1,1584,1638,NW
1172933.778,X_LEG_3,16.29,41.93,2.41,1,1584,1638,NW
1172933.798,X_LEG_3,16.29,41.93,2.41,1,1584,1638,NW
1172933.819,X_LEG_3,16.29,41.93,2.41,1,1584,1638,NW
1172933.840,X_LEG_3,16.29,41.93,2.41,1,1584,1638,NW
1172933.861,X_LEG_3,16.29,41.93,2.41,1,1584,1638,NW
1172933.881,X_LEG_3,16.29,41.93,2.41,1,1584,1638,NW
1172933.902,X_LEG_3,16.29,41.93,2.41,1,1584,1638,NW
1172933.923,X_LEG_3,16.29,41.93,2.41,1,1584,1638,NW
1172933.942,X_LEG_3,16.29,41.93,2.41,1,1584,1638,NW
1172933.963,X_LEG_3,16.39,41.88,2.48,1,1584,1637,NW
1172933.984,X_LEG_3,16.39,41.88,2.48,1,1584,1637,NW
1172934.004,X_LEG_3,16.39,41.88,2.48,1,1584,1637,NW
1172934.024,X_LEG_3,16.39,41.88,2.48,1,1584,1637,NW
1172934.045,X_LEG_3,16.39,41.88,2.48,1,1584,1637,NW
1172934.065,X_LEG_3,16.45,41.84,2.52,1,1584,1637,NW
1172934.086,X_LEG_3,16.45,41.84,2.52,1,1584,1637,NW
1172934.108,X_LEG_3,16.45,41.84,2.52,1,1584,1637,NW
1172934.128,X_LEG_3,16.45,41.84,2.52,1,1584,1637,NW
1172934.149,X_LEG_3,16.45,41.84,2.52,1,1584,1637,NW
1172934.170,X_LEG_3,16.51,41.81,2.56,1,1584,1637,NW
1172934.190,X_LEG_3,16.51,41.81,2.56,1,1584,1637,NW
1172934.211,X_LEG_3,16.51,41.81,2.56,1,1584,1637,NW
1172934.233,X_LEG_3,16.51,41.81,2.56,1,1584,1637,NW
1172934.253,X_LEG_3,16.51,41.81,2.56,1,1584,1637,NW
1172934.273,X_LEG_3,16.51,41.81,2.56,1,1584,1637,NW
1172934.294,X_LEG_3,16.51,41.81,2.56,1,1584,1637,NW
1172934.314,X_LEG_3,16.51,41.81,2.56,1,1584,1637,NW
1172934.334,X_LEG_3,16.51,41.81,2.56,1,1584,1637,NW
1172934.355,X_LEG_3,16.51,41.81,2.56,1,1584,1637,NW
1172934.375,X_LEG_3,16.59,41.75,2.61,1,1584,1637,NW
1172934.396,X_LEG_3,16.59,41.75,2.61,1,1584,1637,NW
1172934.416,X_LEG_3,16.59,41.75,2.61,1,1584,1637,NW
1172934.437,X_LEG_3,16.59,41.75,2.61,1,1584,1637,NW
1172934.457,X_LEG_3,16.59,41.75,2.61,1,1584,1637,NW
1172934.478,X_LEG_3,16.65,41.71,2.65,1,1583,1637,NW
1172934.499,X_LEG_3,16.65,41.71,2.65,1,1583,1637,NW
1172934.519,X_LEG_3,16.65,41.71,2.65,1,1583,1637,NW
1172934.540,X_LEG_3,16.65,41.71,2.65,1,1583,1637,NW
1172934.560,X_LEG_3,16.65,41.71,2.65,1,1583,1637,NW
1172934.580,X_LEG_3,16.71,41.67,2.68,1,1583,1636,NW
1172934.601,X_LEG_3,16.71,41.67,2.68,1,1583,1636,NW
1172934.621,X_LEG_3,16.71,41.67,2.68,1,1583,1636,NW
1172934.641,X_LEG_3,16.71,41.67,2.68,1,1583,1636,NW
1172934.662,X_LEG_3,16.71,41.67,2.68,1,1583,1636,NW
1172934.682,X_LEG_3,16.79,41.62,2.74,1,1583,1636,NW
1172934.704,X_LEG_3,16.79,41.62,2.74,1,1583,1636,NW
1172934.724,X_LEG_3,16.79,41.62,2.74,1,1583,1636,NW
1172934.744,X_LEG_3,16.79,41.62,2.74,1,1583,1636,NW
1172934.765,X_LEG_3,16.79,41.62,2.74,1,1583,1636,NW
1172934.786,X_LEG_3,16.85,41.59,2.77,1,1583,1636,NW
1172934.806,X_LEG_3,16.85,41.59,2.77,1,1583,1636,NW
1172934.827,X_LEG_3,16.85,41.59,2.77,1,1583,1636,NW
1172934.847,X_LEG_3,16.85,41.59,2.77,1,1583,1636,NW
1172934.868,X_LEG_3,16.85,41.59,2.77,1,1583,1636,NW
1172934.888,X_LEG_3,16.85,41.59,2.77,1,1583,1636,NW
1172934.909,X_LEG_3,16.85,41.59,2.77,1,1583,1636,NW
1172934.929,X_LEG_3,16.85,41.59,2.77,1,1583,1636,NW
1172934.950,X_LEG_3,16.85,41.59,2.77,1,1583,1636,NW
1172934.971,X_LEG_3,16.85,41.59,2.77,1,1583,1636,NW
1172934.991,X_LEG_3,16.93,41.53,2.82,1,1583,1636,NW
1172935.012,X_LEG_3,16.93,41.53,2.82,1,1583,1636,NW
1172935.032,X_LEG_3,16.93,41.53,2.82,1,1583,1636,NW
1172935.053,X_LEG_3,16.93,41.53,2.82,1,1583,1636,NW
1172935.073,X_LEG_3,16.93,41.53,2.82,1,1583,1636,NW
1172935.094,X_LEG_3,16.99,41.49,2.86,1,1583,1636,NW
1172935.115,X_LEG_3,16.99,41.49,2.86,1,1583,1636,NW
1172935.135,X_LEG_3,16.99,41.49,2.86,1,1583,1636,NW
1172935.157,X_LEG_3,16.99,41.49,2.86,1,1583,1636,NW
1172935.177,X_LEG_3,16.99,41.49,2.86,1,1583,1636,NW
1172935.198,X_LEG_3,16.99,41.49,2.86,1,1583,1636,NW
1172935.219,X_LEG_3,16.99,41.49,2.86,1,1583,1636,NW
1172935.240,X_LEG_3,16.99,41.49,2.86,1,1583,1636,NW
1172935.260,X_LEG_3,16.99,41.49,2.86,1,1583,1636,NW
1172935.281,X_LEG_3,16.99,41.49,2.86,1,1583,1636,NW
1172935.301,X_LEG_3,17.07,41.43,2.92,1,1583,1635,NW
1172935.321,X_LEG_3,17.07,41.43,2.92,1,1583,1635,NW
1172935.342,X_LEG_3,17.07,41.43,2.92,1,1583,1635,NW
1172935.363,X_LEG_3,17.07,41.43,2.92,1,1583,1635,NW
1172935.383,X_LEG_3,17.07,41.43,2.92,1,1583,1635,NW
1172935.403,X_LEG_3,17.12,41.40,2.96,1,1583,1635,NW
1172935.424,X_LEG_3,17.12,41.40,2.96,1,1583,1635,NW
1172935.444,X_LEG_3,17.12,41.40,2.96,1,1583,1635,NW
1172935.465,X_LEG_3,17.12,41.40,2.96,1,1583,1635,NW
1172935.485,X_LEG_3,17.12,41.40,2.96,1,1583,1635,NW
1172935.506,X_LEG_3,17.19,41.34,3.00,1,1583,1635,NW
1172935.526,X_LEG_3,17.19,41.34,3.00,1,1583,1635,NW
1172935.547,X_LEG_3,17.19,41.34,3.00,1,1583,1635,NW
1172935.567,X_LEG_3,17.19,41.34,3.00,1,1583,1635,NW
1172935.588,X_LEG_3,17.19,41.34,3.00,1,1583,1635,NW
1172935.609,X_LEG_3,17.19,41.34,2.00,1,1583,1635,NW
1172935.630,X_LEG_3,17.19,41.34,2.00,1,1583,1635,NW
1172935.650,X_LEG_3,17.19,41.34,2.00,1,1583,1635,NW
1172935.671,X_LEG_3,17.19,41.34,2.00,1,1583,1635,NW
1172935.692,X_LEG_3,17.19,41.34,2.00,1,1583,1635,NW
1172935.712,X_LEG_3,17.27,41.29,2.06,1,1583,1635,NW
1172935.733,X_LEG_3,17.27,41.29,2.06,1,1583,1635,NW
1172935.753,X_LEG_3,17.27,41.29,2.06,1,1583,1635,NW
1172935.774,X_LEG_3,17.27,41.29,2.06,1,1583,1635,NW
1172935.794,X_LEG_3,17.27,41.29,2.06,1,1583,1635,NW
1172935.814,X_LEG_3,17.32,41.26,2.10,1,1583,1635,NW
1172935.835,X_LEG_3,17.32,41.26,2.10,1,1583,1635,NW
1172935.855,X_LEG_3,17.32,41.26,2.10,1,1583,1635,NW
1172935.875,X_LEG_3,17.32,41.26,2.10,1,1583,1635,NW
1172935.896,X_LEG_3,17.32,41.26,2.10,1,1583,1635,NW
1172935.916,X_LEG_3,17.39,41.19,2.14,1,1582,1634,NW
1172935.936,X_LEG_3,17.39,41.19,2.14,1,1582,1634,NW
1172935.957,X_LEG_3,17.39,41.19,2.14,1,1582,1634,NW
1172935.977,X_LEG_3,17.39,41.19,2.14,1,1582,1634,NW
1172935.998,X_LEG_3,17.39,41.19,2.14,1,1582,1634,NW
1172936.018,X_LEG_3,17.39,41.19,2.14,1,1582,1634,NW
1172936.039,X_LEG_3,17.39,41.19,2.14,1,1582,1634,NW
1172936.059,X_LEG_3,17.39,41.19,2.14,1,1582,1634,NW
1172936.080,X_LEG_3,17.39,41.19,2.14,1,1582,1634,NW
1172936.100,X_LEG_3,17.39,41.19,2.14,1,1582,1634,NW
1172936.120,X_LEG_3,17.46,41.14,2.19,1,1582,1634,NW
1172936.141,X_LEG_3,17.46,41.14,2.19,1,1582,1634,NW
1172936.161,X_LEG_3,17.46,41.14,2.19,1,1582,1634,NW
1172936.182,X_LEG_3,17.46,41.14,2.19,1,1582,1634,NW
1172936.202,X_LEG_3,17.46,41.14,2.19,1,1582,1634,NW
1172936.223,X_LEG_3,17.51,41.10,2.23,1,1582,1634,NW
1172936.243,X_LEG_3,17.51,41.10,2.23,1,1582,1634,NW
1172936.264,X_LEG_3,17.51,41.10,2.23,1,1582,1634,NW
1172936.285,X_LEG_3,17.51,41.10,2.23,1,1582,1634,NW
1172936.305,X_LEG_3,17.51,41.10,2.23,1,1582,1634,NW
1172936.326,X_LEG_3,17.58,41.05,2.28,1,1582,1634,NW
1172936.347,X_LEG_3,17.58,41.05,2.28,1,1582,1634,NW
1172936.367,X_LEG_3,17.58,41.05,2.28,1,1582,1634,NW
1172936.388,X_LEG_3,17.58,41.05,2.28,1,1582,1634,NW
1172936.408,X_LEG_3,17.58,41.05,2.28,1,1582,1634,NW
1172936.428,X_LEG_3,17.62,41.00,2.32,1,1582,1634,NW
1172936.448,X_LEG_3,17.62,41.00,2.32,1,1582,1634,NW
1172936.469,X_LEG_3,17.62,41.00,2.32,1,1582,1634,NW
1172936.490,X_LEG_3,17.62,41.00,2.32,1,1582,1634,NW
1172936.510,X_LEG_3,17.62,41.00,2.32,1,1582,1634,NW
1172936.530,X_LEG_3,17.62,41.00,2.32,1,1582,1634,NW
1172936.551,X_LEG_3,17.62,41.00,2.32,1,1582,1634,NW
1172936.571,X_LEG_3,17.62,41.00,2.32,1,1582,1634,NW
1172936.592,X_LEG_3,17.62,41.00,2.32,1,1582,1634,NW
1172936.612,X_LEG_3,17.62,41.00,2.32,1,1582,1634,NW
1172936.633,X_LEG_3,17.69,40.95,2.37,1,1582,1633,NW
1172936.653,X_LEG_3,17.69,40.95,2.37,1,1582,1633,NW
1172936.673,X_LEG_3,17.69,40.95,2.37,1,1582,1633,NW
1172936.694,X_LEG_3,17.69,40.95,2.37,1,1582,1633,NW
1172936.714,X_LEG_3,17.69,40.95,2.37,1,1582,1633,NW
1172936.735,X_LEG_3,17.69,40.95,2.37,1,1582,1633,NW
1172936.755,X_LEG_3,17.69,40.95,2.37,1,1582,1633,NW
1172936.776,X_LEG_3,17.69,40.95,2.37,1,1582,1633,NW
1172936.796,X_LEG_3,17.69,40.95,2.37,1,1582,1633,NW
1172936.817,X_LEG_3,17.69,40.95,2.37,1,1582,1633,NW
1172936.837,X_LEG_3,17.75,40.90,2.42,1,1582,1633,NW
1172936.858,X_LEG_3,17.75,40.90,2.42,1,1582,1633,NW
1172936.878,X_LEG_3,17.75,40.90,2.42,1,1582,1633,NW
1172936.899,X_LEG_3,17.75,40.90,2.42,1,1582,1633,NW
1172936.919,X_LEG_3,17.75,40.90,2.42,1,1582,1633,NW
1172936.940,X_LEG_3,17.79,40.86,2.46,1,1582,1633,NW
1172936.960,X_LEG_3,17.79,40.86,2.46,1,1582,1633,NW
1172936.981,X_LEG_3,17.79,40.86,2.46,1,1582,1633,NW
1172937.002,X_LEG_3,17.79,40.86,2.46,1,1582,1633,NW
1172937.022,X_LEG_3,17.79,40.86,2.46,1,1582,1633,NW
1172937.042,X_LEG_3,17.85,40.80,2.50,1,1582,1633,NW
1172937.063,X_LEG_3,17.85,40.80,2.50,1,1582,1633,NW
1172937.083,X_LEG_3,17.85,40.80,2.50,1,1582,1633,NW
1172937.104,X_LEG_3,17.85,40.80,2.50,1,1582,1633,NW
1172937.125,X_LEG_3,17.85,40.80,2.50,1,1582,1633,NW
1172937.145,X_LEG_3,17.89,40.76,2.54,1,1582,1633,NW
1172937.166,X_LEG_3,17.89,40.76,2.54,1,1582,1633,NW
1172937.187,X_LEG_3,17.89,40.76,2.54,1,1582,1633,NW
1172937.207,X_LEG_3,17.89,40.76,2.54,1,1582,1633,NW
1172937.228,X_LEG_3,17.89,40.76,2.54,1,1582,1633,NW
1172937.248,X_LEG_3,17.93,40.72,2.57,1,1581,1633,NW
1172937.270,X_LEG_3,17.93,40.72,2.57,1,1581,1633,NW
1172937.291,X_LEG_3,17.93,40.72,2.57,1,1581,1633,NW
1172937.312,X_LEG_3,17.93,40.72,2.57,1,1581,1633,NW
1172937.332,X_LEG_3,17.93,40.72,2.57,1,1581,1633,NW
1172937.356,X_LEG_3,17.93,40.72,2.57,1,1581,1633,NW
1172937.374,X_LEG_3,17.93,40.72,2.57,1,1581,1633,NW
1172937.395,X_LEG_3,17.93,40.72,2.57,1,1581,1633,NW
1172937.416,X_LEG_3,17.93,40.72,2.57,1,1581,1633,NW
1172937.436,X_LEG_3,17.93,40.72,2.57,1,1581,1633,NW
1172937.457,X_LEG_3,17.97,40.69,2.61,1,1581,1633,NW
1172937.477,X_LEG_3,17.97,40.69,2.61,1,1581,1633,NW
1172937.498,X_LEG_3,17.97,40.69,2.61,1,1581,1633,NW
1172937.519,X_LEG_3,17.97,40.69,2.61,1,1581,1633,NW
1172937.539,X_LEG_3,17.97,40.69,2.61,1,1581,1633,NW
1172937.560,X_LEG_3,18.01,40.65,2.64,1,1581,1632,NW
1172937.582,X_LEG_3,18.01,40.65,2.64,1,1581,1632,NW
1172937.602,X_LEG_3,18.01,40.65,2.64,1,1581,1632,NW
1172937.623,X_LEG_3,18.01,40.65,2.64,1,1581,1632,NW
1172937.644,X_LEG_3,18.01,40.65,2.64,1,1581,1632,NW
1172937.664,X_LEG_3,18.04,40.62,2.67,1,1581,1632,NW
1172937.685,X_LEG_3,18.04,40.62,2.67,1,1581,1632,NW
1172937.706,X_LEG_3,18.04,40.62,2.67,1,1581,1632,NW
1172937.727,X_LEG_3,18.04,40.62,2.67,1,1581,1632,NW
1172937.747,X_LEG_3,18.04,40.62,2.67,1,1581,1632,NW
1172937.768,X_LEG_3,18.10,40.55,1.72,1,1581,1632,NW
1172937.789,X_LEG_3,18.10,40.55,1.72,1,1581,1632,NW
1172937.809,X_LEG_3,18.10,40.55,1.72,1,1581,1632,NW
1172937.829,X_LEG_3,18.10,40.55,1.72,1,1581,1632,NW
1172937.850,X_LEG_3,18.10,40.55,1.72,1,1581,1632,NW
1172937.870,X_LEG_3,18.10,40.55,1.72,1,1581,1632,NW
1172937.891,X_LEG_3,18.10,40.55,1.72,1,1581,1632,NW
1172937.912,X_LEG_3,18.10,40.55,1.72,1,1581,1632,NW
1172937.932,X_LEG_3,18.10,40.55,1.72,1,1581,1632,NW
1172937.953,X_LEG_3,18.10,40.55,1.72,1,1581,1632,NW
1172937.974,X_LEG_3,18.15,40.50,1.77,1,1581,1632,NW
1172937.995,X_LEG_3,18.15,40.50,1.77,1,1581,1632,NW
1172938.015,X_LEG_3,18.15,40.50,1.77,1,1581,1632,NW
1172938.036,X_LEG_3,18.15,40.50,1.77,1,1581,1632,NW
1172938.056,X_LEG_3,18.15,40.50,1.77,1,1581,1632,NW
1172938.077,X_LEG_3,18.18,40.46,1.81,1,1581,1632,NW
1172938.098,X_LEG_3,18.18,40.46,1.81,1,1581,1632,NW
1172938.118,X_LEG_3,18.18,40.46,1.81,1,1581,1632,NW
1172938.139,X_LEG_3,18.18,40.46,1.81,1,1581,1632,NW
1172938.161,X_LEG_3,18.18,40.46,1.81,1,1581,1632,NW
1172938.182,X_LEG_3,18.21,40.42,1.84,1,1581,1632,NW
1172938.202,X_LEG_3,18.21,40.42,1.84,1,1581,1632,NW
1172938.223,X_LEG_3,18.21,40.42,1.84,1,1581,1632,NW
1172938.244,X_LEG_3,18.21,40.42,1.84,1,1581,1632,NW
1172938.264,X_LEG_3,18.21,40.42,1.84,1,1581,1632,NW
1172938.285,X_LEG_3,18.25,40.39,1.87,1,1581,1632,NW
1172938.305,X_LEG_3,18.25,40.39,1.87,1,1581,1632,NW
1172938.326,X_LEG_3,18.25,40.39,1.87,1,1581,1632,NW
1172938.347,X_LEG_3,18.25,40.39,1.87,1,1581,1632,NW
1172938.367,X_LEG_3,18.25,40.39,1.87,1,1581,1632,NW
1172938.388,X_LEG_3,18.28,40.35,1.90,1,1581,1632,NW
1172938.409,X_LEG_3,18.28,40.35,1.90,1,1581,1632,NW
1172938.429,X_LEG_3,18.28,40.35,1.90,1,1581,1632,NW
1172938.449,X_LEG_3,18.28,40.35,1.90,1,1581,1632,NW
1172938.470,X_LEG_3,18.28,40.35,1.90,1,1581,1632,NW
1172938.491,X_LEG_3,18.31,40.31,1.92,1,1581,1632,NW
1172938.511,X_LEG_3,18.31,40.31,1.92,1,1581,1632,NW
1172938.532,X_LEG_3,18.31,40.31,1.92,1,1581,1632,NW
1172938.554,X_LEG_3,18.31,40.31,1.92,1,1581,1632,NW
1172938.574,X_LEG_3,18.31,40.31,1.92,1,1581,1632,NW
1172938.595,X_LEG_3,18.35,40.25,1.98,1,1581,1631,NW
1172938.616,X_LEG_3,18.35,40.25,1.98,1,1581,1631,NW
1172938.637,X_LEG_3,18.35,40.25,1.98,1,1581,1631,NW
1172938.658,X_LEG_3,18.35,40.25,1.98,1,1581,1631,NW
1172938.678,X_LEG_3,18.35,40.25,1.98,1,1581,1631,NW
1172938.699,X_LEG_3,18.38,40.21,2.01,1,1580,1631,NW
1172938.719,X_LEG_3,18.38,40.21,2.01,1,1580,1631,NW
1172938.743,X_LEG_3,18.38,40.21,2.01,1,1580,1631,NW
1172938.764,X_LEG_3,18.38,40.21,2.01,1,1580,1631,NW
1172938.784,X_LEG_3,18.38,40.21,2.01,1,1580,1631,NW
1172938.805,X_LEG_3,18.38,40.21,2.01,1,1580,1631,NW
1172938.825,X_LEG_3,18.38,40.21,2.01,1,1580,1631,NW
1172938.846,X_LEG_3,18.38,40.21,2.01,1,1580,1631,NW
1172938.866,X_LEG_3,18.38,40.21,2.01,1,1580,1631,NW
1172938.887,X_LEG_3,18.38,40.21,2.01,1,1580,1631,NW
1172938.907,X_LEG_3,18.42,40.15,2.06,1,1580,1631,NW
1172938.928,X_LEG_3,18.42,40.15,2.06,1,1580,1631,NW
1172938.949,X_LEG_3,18.42,40.15,2.06,1,1580,1631,NW
1172938.970,X_LEG_3,18.42,40.15,2.06,1,1580,1631,NW
1172938.990,X_LEG_3,18.42,40.15,2.06,1,1580,1631,NW
1172939.011,X_LEG_3,18.45,40.12,2.09,1,1580,1631,NW
1172939.031,X_LEG_3,18.45,40.12,2.09,1,1580,1631,NW
1172939.054,X_LEG_3,18.45,40.12,2.09,1,1580,1631,NW
1172939.074,X_LEG_3,18.45,40.12,2.09,1,1580,1631,NW
1172939.094,X_LEG_3,18.45,40.12,2.09,1,1580,1631,NW
1172939.115,X_LEG_3,18.47,40.08,2.12,1,1580,1631,NW
1172939.136,X_LEG_3,18.47,40.08,2.12,1,1580,1631,NW
1172939.156,X_LEG_3,18.47,40.08,2.12,1,1580,1631,NW
1172939.177,X_LEG_3,18.47,40.08,2.12,1,1580,1631,NW
1172939.198,X_LEG_3,18.47,40.08,2.12,1,1580,1631,NW
1172939.218,X_LEG_3,18.50,40.04,2.15,1,1580,1631,NW
1172939.240,X_LEG_3,18.50,40.04,2.15,1,1580,1631,NW
1172939.261,X_LEG_3,18.50,40.04,2.15,1,1580,1631,NW
1172939.281,X_LEG_3,18.50,40.04,2.15,1,1580,1631,NW
1172939.302,X_LEG_3,18.50,40.04,2.15,1,1580,1631,NW
1172939.323,X_LEG_3,18.52,40.00,2.18,1,1580,1631,NW
1172939.343,X_LEG_3,18.52,40.00,2.18,1,1580,1631,NW
1172939.366,X_LEG_3,18.52,40.00,2.18,1,1580,1631,NW
1172939.386,X_LEG_3,18.52,40.00,2.18,1,1580,1631,NW
1172939.407,X_LEG_3,18.52,40.00,2.18,1,1580,1631,NW
1172939.428,X_LEG_3,18.54,39.96,2.20,1,1580,1631,NW
1172939.449,X_LEG_3,18.54,39.96,2.20,1,1580,1631,NW
1172939.469,X_LEG_3,18.54,39.96,2.20,1,1580,1631,NW
1172939.490,X_LEG_3,18.54,39.96,2.20,1,1580,1631,NW
1172939.510,X_LEG_3,18.54,39.96,2.20,1,1580,1631,NW
1172939.531,X_LEG_3,18.58,39.91,2.25,1,1580,1631,NW
1172939.552,X_LEG_3,18.58,39.91,2.25,1,1580,1631,NW
1172939.572,X_LEG_3,18.58,39.91,2.25,1,1580,1631,NW
1172939.593,X_LEG_3,18.58,39.91,2.25,1,1580,1631,NW
1172939.613,X_LEG_3,18.58,39.91,2.25,1,1580,1631,NW
1172939.634,X_LEG_3,18.60,39.87,2.29,1,1580,1631,NW
1172939.655,X_LEG_3,18.60,39.87,2.29,1,1580,1631,NW
1172939.675,X_LEG_3,18.60,39.87,2.29,1,1580,1631,NW
1172939.696,X_LEG_3,18.60,39.87,2.29,1,1580,1631,NW
1172939.716,X_LEG_3,18.60,39.87,2.29,1,1580,1631,NW
1172939.737,X_LEG_3,18.62,39.83,2.31,1,1580,1631,NW
1172939.758,X_LEG_3,18.62,39.83,2.31,1,1580,1631,NW
1172939.779,X_LEG_3,18.62,39.83,2.31,1,1580,1631,NW
1172939.799,X_LEG_3,18.62,39.83,2.31,1,1580,1631,NW
1172939.820,X_LEG_3,18.62,39.83,2.31,1,1580,1631,NW
1172939.840,X_LEG_3,18.62,39.83,2.31,1,1580,1631,NW
1172939.861,X_LEG_3,18.62,39.83,2.31,1,1580,1631,NW
1172939.882,X_LEG_3,18.62,39.83,2.31,1,1580,1631,NW
1172939.902,X_LEG_3,18.62,39.83,2.31,1,1580,1631,NW
1172939.922,X_LEG_3,18.62,39.83,2.31,1,1580,1631,NW
1172939.943,X_LEG_3,18.64,39.79,1.34,1,1580,1631,NW
1172939.963,X_LEG_3,18.64,39.79,1.34,1,1580,1631,NW
1172939.984,X_LEG_3,18.64,39.79,1.34,1,1580,1631,NW
1172940.004,X_LEG_3,18.64,39.79,1.34,1,1580,1631,NW
1172940.025,X_LEG_3,18.64,39.79,1.34,1,1580,1631,NW
1172940.046,X_LEG_3,18.64,39.79,1.34,1,1580,1631,NW
1172940.066,X_LEG_3,18.64,39.79,1.34,1,1580,1631,NW
1172940.087,X_LEG_3,18.64,39.79,1.34,1,1580,1631,NW
1172940.107,X_LEG_3,18.64,39.79,1.34,1,1580,1631,NW
1172940.128,X_LEG_3,18.64,39.79,1.34,1,1580,1631,NW
1172940.148,X_LEG_3,18.66,39.73,1.39,1,1579,1631,NW
1172940.169,X_LEG_3,18.66,39.73,1.39,1,1579,1631,NW
1172940.189,X_LEG_3,18.66,39.73,1.39,1,1579,1631,NW
1172940.210,X_LEG_3,18.66,39.73,1.39,1,1579,1631,NW
1172940.230,X_LEG_3,18.66,39.73,1.39,1,1579,1631,NW
1172940.250,X_LEG_3,18.68,39.69,1.42,1,1579,1630,NW
1172940.271,X_LEG_3,18.68,39.69,1.42,1,1579,1630,NW
1172940.291,X_LEG_3,18.68,39.69,1.42,1,1579,1630,NW
1172940.312,X_LEG_3,18.68,39.69,1.42,1,1579,1630,NW
1172940.332,X_LEG_3,18.68,39.69,1.42,1,1579,1630,NW
1172940.353,X_LEG_3,18.71,39.64,1.46,1,1579,1630,NW
1172940.374,X_LEG_3,18.71,39.64,1.46,1,1579,1630,NW
1172940.394,X_LEG_3,18.71,39.64,1.46,1,1579,1630,NW
1172940.418,X_LEG_3,18.71,39.64,1.46,1,1579,1630,NW
1172940.438,X_LEG_3,18.71,39.64,1.46,1,1579,1630,NW
1172940.460,X_LEG_3,18.72,39.60,1.49,1,1579,1630,NW
1172940.481,X_LEG_3,18.72,39.60,1.49,1,1579,1630,NW
1172940.502,X_LEG_3,18.72,39.60,1.49,1,1579,1630,NW
1172940.522,X_LEG_3,18.72,39.60,1.49,1,1579,1630,NW
1172940.543,X_LEG_3,18.72,39.60,1.49,1,1579,1630,NW
1172940.563,X_LEG_3,18.73,39.56,1.52,1,1579,1630,NW
1172940.584,X_LEG_3,18.73,39.56,1.52,1,1579,1630,NW
1172940.604,X_LEG_3,18.73,39.56,1.52,1,1579,1630,NW
1172940.625,X_LEG_3,18.73,39.56,1.52,1,1579,1630,NW
1172940.645,X_LEG_3,18.73,39.56,1.52,1,1579,1630,NW
1172940.670,X_LEG_3,18.73,39.56,1.52,1,1579,1630,NW
1172940.690,X_LEG_3,18.73,39.56,1.52,1,1579,1630,NW
1172940.713,X_LEG_3,18.73,39.56,1.52,1,1579,1630,NW
1172940.734,X_LEG_3,18.73,39.56,1.52,1,1579,1630,NW
1172940.754,X_LEG_3,18.73,39.56,1.52,1,1579,1630,NW
1172940.782,X_LEG_3,18.75,39.53,1.56,1,1579,1630,NW
1172940.804,X_LEG_3,18.75,39.53,1.56,1,1579,1630,NW
1172940.834,X_LEG_3,18.75,39.53,1.56,1,1579,1630,NW
1172940.856,X_LEG_3,18.75,39.53,1.56,1,1579,1630,NW
1172940.878,X_LEG_3,18.76,39.48,1.58,1,1579,1630,NW
1172940.905,X_LEG_3,18.76,39.48,1.58,1,1579,1630,NW
1172940.925,X_LEG_3,18.76,39.48,1.58,1,1579,1630,NW
1172940.946,X_LEG_3,18.76,39.48,1.58,1,1579,1630,NW
1172940.968,X_LEG_3,18.76,39.48,1.58,1,1579,1630,NW
1172940.992,X_LEG_3,18.77,39.45,1.61,1,1579,1630,NW
1172941.012,X_LEG_3,18.77,39.45,1.61,1,1579,1630,NW
1172941.033,X_LEG_3,18.77,39.45,1.61,1,1579,1630,NW
1172941.054,X_LEG_3,18.77,39.45,1.61,1,1579,1630,NW
1172941.074,X_LEG_3,18.77,39.45,1.61,1,1579,1630,NW
1172941.095,X_LEG_3,18.77,39.45,1.61,1,1579,1630,NW
1172941.117,X_LEG_3,18.77,39.45,1.61,1,1579,1630,NW
1172941.138,X_LEG_3,18.77,39.45,1.61,1,1579,1630,NW
1172941.158,X_LEG_3,18.77,39.45,1.61,1,1579,1630,NW
1172941.180,X_LEG_3,18.77,39.45,1.61,1,1579,1630,NW
1172941.199,X_LEG_3,18.78,39.41,1.64,1,1579,1630,NW
1172941.219,X_LEG_3,18.78,39.41,1.64,1,1579,1630,NW
1172941.240,X_LEG_3,18.78,39.41,1.64,1,1579,1630,NW
1172941.260,X_LEG_3,18.78,39.41,1.64,1,1579,1630,NW
1172941.280,X_LEG_3,18.78,39.41,1.64,1,1579,1630,NW
1172941.301,X_LEG_3,18.79,39.38,1.67,1,1579,1630,NW
1172941.322,X_LEG_3,18.79,39.38,1.67,1,1579,1630,NW
1172941.341,X_LEG_3,18.79,39.38,1.67,1,1579,1630,NW
1172941.362,X_LEG_3,18.79,39.38,1.67,1,1579,1630,NW
1172941.384,X_LEG_3,18.79,39.38,1.67,1,1579,1630,NW
1172941.404,X_LEG_3,18.80,39.33,1.69,1,1579,1630,NW
1172941.426,X_LEG_3,18.80,39.33,1.69,1,1579,1630,NW
1172941.446,X_LEG_3,18.80,39.33,1.69,1,1579,1630,NW
1172941.466,X_LEG_3,18.80,39.33,1.69,1,1579,1630,NW
1172941.488,X_LEG_3,18.80,39.33,1.69,1,1579,1630,NW
1172941.509,X_LEG_3,18.81,39.30,1.72,1,1579,1630,NW
1172941.530,X_LEG_3,18.81,39.30,1.72,1,1579,1630,NW
1172941.550,X_LEG_3,18.81,39.30,1.72,1,1579,1630,NW
1172941.571,X_LEG_3,18.81,39.30,1.72,1,1579,1630,NW
1172941.592,X_LEG_3,18.81,39.30,1.72,1,1579,1630,NW
1172941.613,X_LEG_3,18.82,39.26,1.76,1,1579,1630,NW
1172941.633,X_LEG_3,18.82,39.26,1.76,1,1579,1630,NW
1172941.654,X_LEG_3,18.82,39.26,1.76,1,1579,1630,NW
1172941.675,X_LEG_3,18.82,39.26,1.76,1,1579,1630,NW
1172941.696,X_LEG_3,18.82,39.26,1.76,1,1579,1630,NW
1172941.716,X_LEG_3,18.82,39.22,1.79,1,1578,1630,NW
1172941.737,X_LEG_3,18.82,39.22,1.79,1,1578,1630,NW
1172941.757,X_LEG_3,18.82,39.22,1.79,1,1578,1630,NW
1172941.780,X_LEG_3,18.82,39.22,1.79,1,1578,1630,NW
1172941.812,X_LEG_3,18.82,39.22,1.79,1,1578,1630,NW
1172941.834,X_LEG_3,18.83,39.18,1.81,1,1578,1630,NW
1172941.854,X_LEG_3,18.83,39.18,1.81,1,1578,1630,NW
1172941.875,X_LEG_3,18.83,39.18,1.81,1,1578,1630,NW
1172941.897,X_LEG_3,18.83,39.18,1.81,1,1578,1630,NW
1172941.917,X_LEG_3,18.83,39.18,1.81,1,1578,1630,NW
1172941.938,X_LEG_3,18.83,39.15,1.84,1,1578,1630,NW
1172941.959,X_LEG_3,18.83,39.15,1.84,1,1578,1630,NW
1172941.980,X_LEG_3,18.83,39.15,1.84,1,1578,1630,NW
1172942.000,X_LEG_3,18.83,39.15,1.84,1,1578,1630,NW
1172942.021,X_LEG_3,18.83,39.15,1.84,1,1578,1630,NW
1172942.042,X_LEG_3,18.84,39.11,1.87,1,1578,1630,NW
1172942.063,X_LEG_3,18.84,39.11,1.87,1,1578,1630,NW
1172942.085,X_LEG_3,18.84,39.11,1.87,1,1578,1630,NW
1172942.105,X_LEG_3,18.84,39.11,1.87,1,1578,1630,NW
1172942.126,X_LEG_3,18.84,39.11,1.87,1,1578,1630,NW
1172942.146,X_LEG_3,18.84,39.07,1.89,1,1578,1630,NW
1172942.167,X_LEG_3,18.84,39.07,1.89,1,1578,1630,NW
1172942.187,X_LEG_3,18.84,39.07,1.89,1,1578,1630,NW
1172942.210,X_LEG_3,18.84,39.07,1.89,1,1578,1630,NW
1172942.230,X_LEG_3,18.84,39.07,1.89,1,1578,1630,NW
1172942.250,X_LEG_3,18.84,39.07,1.89,1,1578,1630,NW
1172942.271,X_LEG_3,18.84,39.07,1.89,1,1578,1630,NW
1172942.292,X_LEG_3,18.84,39.07,1.89,1,1578,1630,NW
1172942.312,X_LEG_3,18.84,39.07,1.89,1,1578,1630,NW
1172942.333,X_LEG_3,18.84,39.07,1.89,1,1578,1630,NW
1172942.354,X_LEG_3,18.84,39.03,1.93,1,1578,1630,NW
1172942.376,X_LEG_3,18.84,39.03,1.93,1,1578,1630,NW
1172942.396,X_LEG_3,18.84,39.03,1.93,1,1578,1630,NW
1172942.416,X_LEG_3,18.84,39.03,1.93,1,1578,1630,NW
1172942.437,X_LEG_3,18.84,39.03,1.93,1,1578,1630,NW
1172942.458,X_LEG_3,18.84,39.00,1.95,1,1578,1630,NW
1172942.478,X_LEG_3,18.84,39.00,1.95,1,1578,1630,NW
1172942.499,X_LEG_3,18.84,39.00,1.95,1,1578,1630,NW
1172942.525,X_LEG_3,18.84,39.00,1.95,1,1578,1630,NW
1172942.545,X_LEG_3,18.84,39.00,1.95,1,1578,1630,NW
1172942.566,X_LEG_3,18.85,38.95,1.97,1,1578,1630,NW
1172942.587,X_LEG_3,18.85,38.95,1.97,1,1578,1630,NW
1172942.610,X_LEG_3,18.85,38.95,1.97,1,1578,1630,NW
1172942.630,X_LEG_3,18.85,38.95,1.97,1,1578,1630,NW
1172942.650,X_LEG_3,18.85,38.95,1.97,1,1578,1630,NW
1172942.672,X_LEG_3,18.85,38.92,2.01,1,1578,1630,NW
1172942.693,X_LEG_3,18.85,38.92,2.01,1,1578,1630,NW
1172942.713,X_LEG_3,18.85,38.92,2.01,1,1578,1630,NW
1172942.735,X_LEG_3,18.85,38.92,2.01,1,1578,1630,NW
1172942.756,X_LEG_3,18.85,38.92,2.01,1,1578,1630,NW
1172942.777,X_LEG_3,18.84,38.87,2.03,1,1578,1630,NW
1172942.797,X_LEG_3,18.84,38.87,2.03,1,1578,1630,NW
1172942.818,X_LEG_3,18.84,38.87,2.03,1,1578,1630,NW
1172942.838,X_LEG_3,18.84,38.87,2.03,1,1578,1630,NW
1172942.859,X_LEG_3,18.84,38.87,2.03,1,1578,1630,NW
1172942.879,X_LEG_3,18.84,38.87,2.03,1,1578,1630,NW
1172942.901,X_LEG_3,18.84,38.87,2.03,1,1578,1630,NW
1172942.923,X_LEG_3,18.84,38.87,2.03,1,1578,1630,NW
1172942.944,X_LEG_3,18.84,38.87,2.03,1,1578,1630,NW
1172942.964,X_LEG_3,18.84,38.87,2.03,1,1578,1630,NW
1172942.984,X_LEG_3,18.84,38.84,1.05,1,1578,1630,NW
1172943.005,X_LEG_3,18.84,38.84,1.05,1,1578,1630,NW
1172943.026,X_LEG_3,18.84,38.84,1.05,1,1578,1630,NW
1172943.046,X_LEG_3,18.84,38.84,1.05,1,1578,1630,NW
1172943.067,X_LEG_3,18.84,38.84,1.05,1,1578,1630,NW
1172943.087,X_LEG_3,18.84,38.80,1.09,1,1578,1630,NW
1172943.108,X_LEG_3,18.84,38.80,1.09,1,1578,1630,NW
1172943.129,X_LEG_3,18.84,38.80,1.09,1,1578,1630,NW
1172943.149,X_LEG_3,18.84,38.80,1.09,1,1578,1630,NW
1172943.172,X_LEG_3,18.84,38.80,1.09,1,1578,1630,NW
1172943.192,X_LEG_3,18.83,38.75,1.13,1,1577,1630,NW
1172943.213,X_LEG_3,18.83,38.75,1.13,1,1577,1630,NW
1172943.236,X_LEG_3,18.83,38.75,1.13,1,1577,1630,NW
1172943.256,X_LEG_3,18.83,38.75,1.13,1,1577,1630,NW
1172943.276,X_LEG_3,18.83,38.75,1.13,1,1577,1630,NW
1172943.297,X_LEG_3,18.83,38.75,1.13,1,1577,1630,NW
1172943.319,X_LEG_3,18.83,38.75,1.13,1,1577,1630,NW
1172943.339,X_LEG_3,18.83,38.75,1.13,1,1577,1630,NW
1172943.360,X_LEG_3,18.83,38.75,1.13,1,1577,1630,NW
1172943.380,X_LEG_3,18.83,38.75,1.13,1,1577,1630,NW
1172943.401,X_LEG_3,18.83,38.70,1.15,1,1577,1630,NW
1172943.422,X_LEG_3,18.83,38.70,1.15,1,1577,1630,NW
1172943.442,X_LEG_3,18.83,38.70,1.15,1,1577,1630,NW
1172943.463,X_LEG_3,18.83,38.70,1.15,1,1577,1630,NW
1172943.485,X_LEG_3,18.83,38.70,1.15,1,1577,1630,NW
1172943.505,X_LEG_3,18.82,38.67,1.19,1,1577,1630,NW
1172943.526,X_LEG_3,18.82,38.67,1.19,1,1577,1630,NW
1172943.546,X_LEG_3,18.82,38.67,1.19,1,1577,1630,NW
1172943.567,X_LEG_3,18.82,38.67,1.19,1,1577,1630,NW
1172943.587,X_LEG_3,18.82,38.67,1.19,1,1577,1630,NW
1172943.608,X_LEG_3,18.81,38.63,1.20,1,1577,1630,NW
1172943.629,X_LEG_3,18.81,38.63,1.20,1,1577,1630,NW
1172943.649,X_LEG_3,18.81,38.63,1.20,1,1577,1630,NW
1172943.670,X_LEG_3,18.81,38.63,1.20,1,1577,1630,NW
1172943.690,X_LEG_3,18.81,38.63,1.20,1,1577,1630,NW
1172943.711,X_LEG_3,18.80,38.57,1.24,1,1577,1630,NW
1172943.731,X_LEG_3,18.80,38.57,1.24,1,1577,1630,NW
1172943.751,X_LEG_3,18.80,38.57,1.24,1,1577,1630,NW
1172943.772,X_LEG_3,18.80,38.57,1.24,1,1577,1630,NW
1172943.792,X_LEG_3,18.80,38.57,1.24,1,1577,1630,NW
1172943.813,X_LEG_3,18.79,38.54,1.28,1,1577,1630,NW
1172943.833,X_LEG_3,18.79,38.54,1.28,1,1577,1630,NW
1172943.853,X_LEG_3,18.79,38.54,1.28,1,1577,1630,NW
1172943.874,X_LEG_3,18.79,38.54,1.28,1,1577,1630,NW
1172943.894,X_LEG_3,18.79,38.54,1.28,1,1577,1630,NW
1172943.915,X_LEG_3,18.79,38.50,1.31,1,1577,1630,NW
1172943.938,X_LEG_3,18.79,38.50,1.31,1,1577,1630,NW
1172943.958,X_LEG_3,18.79,38.50,1.31,1,1577,1630,NW
1172943.979,X_LEG_3,18.79,38.50,1.31,1,1577,1630,NW
1172943.999,X_LEG_3,18.79,38.50,1.31,1,1577,1630,NW
1172944.020,X_LEG_3,18.79,38.50,1.31,1,1577,1630,NW
1172944.040,X_LEG_3,18.79,38.50,1.31,1,1577,1630,NW
1172944.061,X_LEG_3,18.79,38.50,1.31,1,1577,1630,NW
1172944.082,X_LEG_3,18.79,38.50,1.31,1,1577,1630,NW
1172944.102,X_LEG_3,18.79,38.50,1.31,1,1577,1630,NW
1172944.124,X_LEG_3,18.79,38.44,1.33,1,1577,1630,NW
1172944.144,X_LEG_3,18.77,38.44,1.33,1,1577,1630,NW
1172944.165,X_LEG_3,18.77,38.44,1.33,1,1577,1630,NW
1172944.185,X_LEG_3,18.77,38.44,1.33,1,1577,1630,NW
1172944.206,X_LEG_3,18.77,38.44,1.33,1,1577,1630,NW
1172944.226,X_LEG_3,18.75,38.39,1.37,1,1577,1630,NW
1172944.246,X_LEG_3,18.75,38.39,1.37,1,1577,1630,NW
1172944.267,X_LEG_3,18.75,38.39,1.37,1,1577,1630,NW
1172944.287,X_LEG_3,18.75,38.39,1.37,1,1577,1630,NW
1172944.308,X_LEG_3,18.75,38.39,1.37,1,1577,1630,NW
1172944.328,X_LEG_3,18.74,38.35,1.41,1,1577,1630,NW
1172944.349,X_LEG_3,18.74,38.35,1.41,1,1577,1630,NW
1172944.369,X_LEG_3,18.74,38.35,1.41,1,1577,1630,NW
1172944.390,X_LEG_3,18.74,38.35,1.41,1,1577,1630,NW
1172944.410,X_LEG_3,18.74,38.35,1.41,1,1577,1630,NW
1172944.431,X_LEG_3,18.72,38.29,1.45,1,1577,1630,NW
1172944.452,X_LEG_3,18.72,38.29,1.45,1,1577,1630,NW
1172944.472,X_LEG_3,18.72,38.29,1.45,1,1577,1630,NW
1172944.493,X_LEG_3,18.72,38.29,1.45,1,1577,1630,NW
1172944.513,X_LEG_3,18.72,38.29,1.45,1,1577,1630,NW
1172944.534,X_LEG_3,18.72,38.29,1.45,1,1577,1630,NW
1172944.554,X_LEG_3,18.72,38.29,1.45,1,1577,1630,NW
1172944.575,X_LEG_3,18.72,38.29,1.45,1,1577,1630,NW
1172944.595,X_LEG_3,18.72,38.29,1.45,1,1577,1630,NW
1172944.615,X_LEG_3,18.72,38.29,1.45,1,1577,1630,NW
1172944.636,X_LEG_3,18.69,38.23,1.48,1,1576,1630,NW
1172944.657,X_LEG_3,18.69,38.23,1.48,1,1576,1630,NW
1172944.677,X_LEG_3,18.69,38.23,1.48,1,1576,1630,NW
1172944.697,X_LEG_3,18.69,38.23,1.48,1,1576,1630,NW
1172944.718,X_LEG_3,18.69,38.23,1.48,1,1576,1630,NW
1172944.738,X_LEG_3,18.67,38.18,1.51,1,1576,1630,NW
1172944.758,X_LEG_3,18.67,38.18,1.51,1,1576,1630,NW
1172944.779,X_LEG_3,18.67,38.18,1.51,1,1576,1630,NW
1172944.800,X_LEG_3,18.67,38.18,1.51,1,1576,1630,NW
1172944.820,X_LEG_3,18.67,38.18,1.51,1,1576,1630,NW
1172944.840,X_LEG_3,18.64,38.12,1.55,1,1576,1631,NW
1172944.861,X_LEG_3,18.64,38.12,1.55,1,1576,1631,NW
1172944.881,X_LEG_3,18.64,38.12,1.55,1,1576,1631,NW
1172944.902,X_LEG_3,18.64,38.12,1.55,1,1576,1631,NW
1172944.922,X_LEG_3,18.64,38.12,1.55,1,1576,1631,NW
1172944.943,X_LEG_3,18.64,38.12,1.55,1,1576,1631,NW
1172944.963,X_LEG_3,18.64,38.12,1.55,1,1576,1631,NW
1172944.984,X_LEG_3,18.64,38.12,1.55,1,1576,1631,NW
1172945.005,X_LEG_3,18.64,38.12,1.55,1,1576,1631,NW
1172945.025,X_LEG_3,18.64,38.12,1.55,1,1576,1631,NW
1172945.047,X_LEG_3,18.62,38.08,1.58,1,1576,1631,NW
1172945.068,X_LEG_3,18.62,38.08,1.58,1,1576,1631,NW
1172945.088,X_LEG_3,18.62,38.08,1.58,1,1576,1631,NW
1172945.109,X_LEG_3,18.62,38.08,1.58,1,1576,1631,NW
1172945.129,X_LEG_3,18.62,38.08,1.58,1,1576,1631,NW
1172945.150,X_LEG_3,18.59,38.02,1.62,1,1576,1631,NW
1172945.171,X_LEG_3,18.59,38.02,1.62,1,1576,1631,NW
1172945.191,X_LEG_3,18.59,38.02,1.62,1,1576,1631,NW
1172945.211,X_LEG_3,18.59,38.02,1.62,1,1576,1631,NW
1172945.233,X_LEG_3,18.59,38.02,1.62,1,1576,1631,NW
1172945.253,X_LEG_3,18.57,37.99,1.65,1,1576,1631,NW
1172945.273,X_LEG_3,18.57,37.99,1.65,1,1576,1631,NW
1172945.293,X_LEG_3,18.57,37.99,1.65,1,1576,1631,NW
1172945.315,X_LEG_3,18.57,37.99,1.65,1,1576,1631,NW
1172945.336,X_LEG_3,18.57,37.99,1.65,1,1576,1631,NW
1172945.356,X_LEG_3,18.55,37.95,1.67,1,1576,1631,NW
1172945.377,X_LEG_3,18.55,37.95,1.67,1,1576,1631,NW
1172945.398,X_LEG_3,18.55,37.95,1.67,1,1576,1631,NW
1172945.418,X_LEG_3,18.55,37.95,1.67,1,1576,1631,NW
1172945.440,X_LEG_3,18.55,37.95,1.67,1,1576,1631,NW
1172945.460,X_LEG_3,18.55,37.95,1.67,1,1576,1631,NW
1172945.480,X_LEG_3,18.55,37.95,1.67,1,1576,1631,NW
1172945.501,X_LEG_3,18.55,37.95,1.67,1,1576,1631,NW
1172945.522,X_LEG_3,18.55,37.95,1.67,1,1576,1631,NW
1172945.542,X_LEG_3,18.55,37.95,1.67,1,1576,1631,NW
1172945.562,X_LEG_3,18.51,37.90,1.70,1,1576,1631,NW
1172945.583,X_LEG_3,18.51,37.90,1.70,1,1576,1631,NW
1172945.603,X_LEG_3,18.51,37.90,1.70,1,1576,1631,NW
1172945.624,X_LEG_3,18.51,37.90,1.70,1,1576,1631,NW
1172945.644,X_LEG_3,18.51,37.90,1.70,1,1576,1631,NW
1172945.665,X_LEG_3,18.49,37.86,1.74,1,1576,1631,NW
1172945.685,X_LEG_3,18.49,37.86,1.74,1,1576,1631,NW
1172945.706,X_LEG_3,18.49,37.86,1.74,1,1576,1631,NW
1172945.726,X_LEG_3,18.49,37.86,1.74,1,1576,1631,NW
1172945.747,X_LEG_3,18.49,37.86,1.74,1,1576,1631,NW
1172945.767,X_LEG_3,18.47,37.82,1.75,1,1576,1631,NW
1172945.788,X_LEG_3,18.47,37.82,1.75,1,1576,1631,NW
1172945.808,X_LEG_3,18.47,37.82,1.75,1,1576,1631,NW
1172945.829,X_LEG_3,18.47,37.82,1.75,1,1576,1631,NW
1172945.849,X_LEG_3,18.47,37.82,1.75,1,1576,1631,NW
1172945.870,X_LEG_3,18.43,37.77,1.80,1,1576,1631,NW
1172945.890,X_LEG_3,18.43,37.77,1.80,1,1576,1631,NW
1172945.912,X_LEG_3,18.43,37.77,1.80,1,1576,1631,NW
1172945.933,X_LEG_3,18.43,37.77,1.80,1,1576,1631,NW
1172945.953,X_LEG_3,18.43,37.77,1.80,1,1576,1631,NW
1172945.974,X_LEG_3,18.40,37.73,1.81,1,1575,1631,NW
1172945.994,X_LEG_3,18.40,37.73,1.81,1,1575,1631,NW
1172946.015,X_LEG_3,18.40,37.73,1.81,1,1575,1631,NW
1172946.035,X_LEG_3,18.40,37.73,1.81,1,1575,1631,NW
1172946.056,X_LEG_3,18.40,37.73,1.81,1,1575,1631,NW
1172946.076,X_LEG_3,18.40,37.73,1.81,1,1575,1631,NW
1172946.097,X_LEG_3,18.40,37.73,1.81,1,1575,1631,NW
1172946.117,X_LEG_3,18.40,37.73,1.81,1,1575,1631,NW
1172946.138,X_LEG_3,18.40,37.73,1.81,1,1575,1631,NW
1172946.158,X_LEG_3,18.40,37.73,1.81,1,1575,1631,NW
1172946.179,X_LEG_3,18.36,37.67,1.86,1,1575,1631,NW
1172946.199,X_LEG_3,18.36,37.67,1.86,1,1575,1631,NW
1172946.220,X_LEG_3,18.36,37.67,1.86,1,1575,1631,NW
1172946.241,X_LEG_3,18.36,37.67,1.86,1,1575,1631,NW
1172946.261,X_LEG_3,18.36,37.67,1.86,1,1575,1631,NW
1172946.281,X_LEG_3,18.33,37.63,1.87,1,1575,1632,NW
1172946.303,X_LEG_3,18.33,37.63,1.87,1,1575,1632,NW
1172946.324,X_LEG_3,18.33,37.63,1.87,1,1575,1632,NW
1172946.344,X_LEG_3,18.33,37.63,1.87,1,1575,1632,NW
1172946.366,X_LEG_3,18.33,37.63,1.87,1,1575,1632,NW
1172946.386,X_LEG_3,18.29,37.58,1.91,1,1575,1632,NW
1172946.407,X_LEG_3,18.29,37.58,1.91,1,1575,1632,NW
1172946.427,X_LEG_3,18.29,37.58,1.91,1,1575,1632,NW
1172946.448,X_LEG_3,18.29,37.58,1.91,1,1575,1632,NW
1172946.468,X_LEG_3,18.29,37.58,1.91,1,1575,1632,NW
1172946.489,X_LEG_3,18.29,37.58,1.91,1,1575,1632,NW
1172946.510,X_LEG_3,18.29,37.58,1.91,1,1575,1632,NW
1172946.530,X_LEG_3,18.29,37.58,1.91,1,1575,1632,NW
1172946.551,X_LEG_3,18.29,37.58,1.91,1,1575,1632,NW
1172946.571,X_LEG_3,18.29,37.58,1.91,1,1575,1632,NW
1172946.592,X_LEG_3,18.25,37.55,1.94,1,1575,1632,NW
1172946.612,X_LEG_3,18.25,37.55,1.94,1,1575,1632,NW
1172946.633,X_LEG_3,18.25,37.55,1.94,1,1575,1632,NW
1172946.653,X_LEG_3,18.25,37.55,1.94,1,1575,1632,NW
1172946.674,X_LEG_3,18.25,37.55,1.94,1,1575,1632,NW
1172946.695,X_LEG_3,18.21,37.48,1.97,1,1575,1632,NW
1172946.715,X_LEG_3,18.21,37.48,1.97,1,1575,1632,NW
1172946.735,X_LEG_3,18.21,37.48,1.97,1,1575,1632,NW
1172946.756,X_LEG_3,18.21,37.48,1.97,1,1575,1632,NW
1172946.777,X_LEG_3,18.21,37.48,1.97,1,1575,1632,NW
1172946.797,X_LEG_3,18.17,37.45,2.00,1,1575,1632,NW
1172946.819,X_LEG_3,18.17,37.45,2.00,1,1575,1632,NW
1172946.839,X_LEG_3,18.17,37.45,2.00,1,1575,1632,NW
1172946.859,X_LEG_3,18.17,37.45,2.00,1,1575,1632,NW
1172946.880,X_LEG_3,18.17,37.45,2.00,1,1575,1632,NW
1172946.900,X_LEG_3,18.14,37.41,2.01,1,1575,1632,NW
1172946.921,X_LEG_3,18.14,37.41,2.01,1,1575,1632,NW
1172946.941,X_LEG_3,18.14,37.41,2.01,1,1575,1632,NW
1172946.962,X_LEG_3,18.14,37.41,2.01,1,1575,1632,NW
1172946.983,X_LEG_3,18.14,37.41,2.01,1,1575,1632,NW
1172947.003,X_LEG_3,18.10,37.38,2.05,1,1575,1632,NW
1172947.024,X_LEG_3,18.10,37.38,2.05,1,1575,1632,NW
1172947.044,X_LEG_3,18.10,37.38,2.05,1,1575,1632,NW
1172947.065,X_LEG_3,18.10,37.38,2.05,1,1575,1632,NW
1172947.086,X_LEG_3,18.10,37.38,2.05,1,1575,1632,NW
1172947.107,X_LEG_3,18.07,37.34,2.06,1,1575,1632,NW
1172947.127,X_LEG_3,18.07,37.34,2.06,1,1575,1632,NW
1172947.148,X_LEG_3,18.07,37.34,2.06,1,1575,1632,NW
1172947.169,X_LEG_3,18.07,37.34,2.06,1,1575,1632,NW
1172947.190,X_LEG_3,18.07,37.34,2.06,1,1575,1632,NW
1172947.213,X_LEG_3,18.07,37.34,1.06,1,1575,1632,NW
1172947.234,X_LEG_3,18.07,37.34,1.06,1,1575,1632,NW
1172947.254,X_LEG_3,18.07,37.34,1.06,1,1575,1632,NW
1172947.274,X_LEG_3,18.07,37.34,1.06,1,1575,1632,NW
1172947.295,X_LEG_3,18.07,37.34,1.06,1,1575,1632,NW
1172947.316,X_LEG_3,18.03,37.30,1.08,1,1575,1632,NW
1172947.337,X_LEG_3,18.03,37.30,1.08,1,1575,1632,NW
1172947.358,X_LEG_3,18.03,37.30,1.08,1,1575,1632,NW
1172947.380,X_LEG_3,18.03,37.30,1.08,1,1575,1632,NW
1172947.403,X_LEG_3,18.03,37.30,1.08,1,1575,1632,NW
1172947.424,X_LEG_3,18.00,37.26,1.12,1,1575,1632,NW
1172947.446,X_LEG_3,18.00,37.26,1.12,1,1575,1632,NW
1172947.466,X_LEG_3,18.00,37.26,1.12,1,1575,1632,NW
1172947.487,X_LEG_3,18.00,37.26,1.12,1,1575,1632,NW
1172947.508,X_LEG_3,18.00,37.26,1.12,1,1575,1632,NW
1172947.534,X_LEG_3,18.00,37.26,1.12,1,1575,1632,NW
1172947.555,X_LEG_3,18.00,37.26,1.12,1,1575,1632,NW
1172947.575,X_LEG_3,18.00,37.26,1.12,1,1575,1632,NW
1172947.596,X_LEG_3,18.00,37.26,1.12,1,1575,1632,NW
1172947.619,X_LEG_3,18.00,37.26,1.12,1,1575,1632,NW
1172947.639,X_LEG_3,17.96,37.22,1.13,1,1574,1633,NW
1172947.659,X_LEG_3,17.96,37.22,1.13,1,1574,1633,NW
1172947.680,X_LEG_3,17.96,37.22,1.13,1,1574,1633,NW
1172947.700,X_LEG_3,17.96,37.22,1.13,1,1574,1633,NW
1172947.721,X_LEG_3,17.96,37.22,1.13,1,1574,1633,NW
1172947.741,X_LEG_3,17.96,37.22,1.13,1,1574,1633,NW
1172947.763,X_LEG_3,17.96,37.22,1.13,1,1574,1633,NW
1172947.784,X_LEG_3,17.96,37.22,1.13,1,1574,1633,NW
1172947.806,X_LEG_3,17.96,37.22,1.13,1,1574,1633,NW
1172947.827,X_LEG_3,17.96,37.22,1.13,1,1574,1633,NW
1172947.847,X_LEG_3,17.88,37.15,1.18,1,1574,1633,NW
1172947.868,X_LEG_3,17.88,37.15,1.18,1,1574,1633,NW
1172947.888,X_LEG_3,17.88,37.15,1.18,1,1574,1633,NW
1172947.911,X_LEG_3,17.88,37.15,1.18,1,1574,1633,NW
1172947.930,X_LEG_3,17.88,37.15,1.18,1,1574,1633,NW
1172947.951,X_LEG_3,17.88,37.15,1.18,1,1574,1633,NW
1172947.971,X_LEG_3,17.88,37.15,1.18,1,1574,1633,NW
1172947.992,X_LEG_3,17.88,37.15,1.18,1,1574,1633,NW
1172948.012,X_LEG_3,17.88,37.15,1.18,1,1574,1633,NW
1172948.033,X_LEG_3,17.88,37.15,1.18,1,1574,1633,NW
1172948.053,X_LEG_3,17.84,37.12,1.21,1,1574,1633,NW
1172948.073,X_LEG_3,17.84,37.12,1.21,1,1574,1633,NW
1172948.094,X_LEG_3,17.84,37.12,1.21,1,1574,1633,NW
1172948.114,X_LEG_3,17.84,37.12,1.21,1,1574,1633,NW
1172948.135,X_LEG_3,17.84,37.12,1.21,1,1574,1633,NW
1172948.155,X_LEG_3,17.84,37.12,1.21,1,1574,1633,NW
1172948.176,X_LEG_3,17.84,37.12,1.21,1,1574,1633,NW
1172948.197,X_LEG_3,17.84,37.12,1.21,1,1574,1633,NW
1172948.217,X_LEG_3,17.84,37.12,1.21,1,1574,1633,NW
1172948.239,X_LEG_3,17.84,37.12,1.21,1,1574,1633,NW
1172948.260,X_LEG_3,17.80,37.08,1.23,1,1574,1633,NW
1172948.280,X_LEG_3,17.80,37.08,1.23,1,1574,1633,NW
1172948.302,X_LEG_3,17.80,37.08,1.23,1,1574,1633,NW
1172948.323,X_LEG_3,17.80,37.08,1.23,1,1574,1633,NW
1172948.343,X_LEG_3,17.80,37.08,1.23,1,1574,1633,NW
1172948.364,X_LEG_3,17.76,37.04,1.24,1,1574,1633,NW
1172948.384,X_LEG_3,17.76,37.04,1.24,1,1574,1633,NW
1172948.405,X_LEG_3,17.76,37.04,1.24,1,1574,1633,NW
1172948.426,X_LEG_3,17.76,37.04,1.24,1,1574,1633,NW
1172948.446,X_LEG_3,17.76,37.04,1.24,1,1574,1633,NW
1172948.467,X_LEG_3,17.71,37.01,1.27,1,1574,1633,NW
1172948.489,X_LEG_3,17.71,37.01,1.27,1,1574,1633,NW
1172948.509,X_LEG_3,17.71,37.01,1.27,1,1574,1633,NW
1172948.529,X_LEG_3,17.71,37.01,1.27,1,1574,1633,NW
1172948.550,X_LEG_3,17.71,37.01,1.27,1,1574,1633,NW
1172948.571,X_LEG_3,17.67,36.97,1.29,1,1574,1633,NW
1172948.591,X_LEG_3,17.67,36.97,1.29,1,1574,1633,NW
1172948.613,X_LEG_3,17.67,36.97,1.29,1,1574,1633,NW
1172948.633,X_LEG_3,17.67,36.97,1.29,1,1574,1633,NW
1172948.653,X_LEG_3,17.67,36.97,1.29,1,1574,1633,NW
1172948.676,X_LEG_3,17.61,36.92,1.33,1,1574,1634,NW
1172948.696,X_LEG_3,17.61,36.92,1.33,1,1574,1634,NW
1172948.716,X_LEG_3,17.61,36.92,1.33,1,1574,1634,NW
1172948.738,X_LEG_3,17.61,36.92,1.33,1,1574,1634,NW
1172948.758,X_LEG_3,17.61,36.92,1.33,1,1574,1634,NW
1172948.779,X_LEG_3,17.61,36.92,1.33,1,1574,1634,NW
1172948.801,X_LEG_3,17.61,36.92,1.33,1,1574,1634,NW
1172948.821,X_LEG_3,17.61,36.92,1.33,1,1574,1634,NW
1172948.842,X_LEG_3,17.61,36.92,1.33,1,1574,1634,NW
1172948.862,X_LEG_3,17.61,36.92,1.33,1,1574,1634,NW
1172948.882,X_LEG_3,17.54,36.86,1.35,1,1574,1634,NW
1172948.903,X_LEG_3,17.54,36.86,1.35,1,1574,1634,NW
1172948.923,X_LEG_3,17.54,36.86,1.35,1,1574,1634,NW
1172948.944,X_LEG_3,17.54,36.86,1.35,1,1574,1634,NW
1172948.964,X_LEG_3,17.54,36.86,1.35,1,1574,1634,NW
1172948.985,X_LEG_3,17.49,36.83,1.38,1,1574,1634,NW
1172949.006,X_LEG_3,17.49,36.83,1.38,1,1574,1634,NW
1172949.026,X_LEG_3,17.49,36.83,1.38,1,1574,1634,NW
1172949.050,X_LEG_3,17.49,36.83,1.38,1,1574,1634,NW
1172949.071,X_LEG_3,17.49,36.83,1.38,1,1574,1634,NW
1172949.091,X_LEG_3,17.44,36.78,1.41,1,1574,1634,NW
1172949.112,X_LEG_3,17.44,36.78,1.41,1,1574,1634,NW
1172949.134,X_LEG_3,17.44,36.78,1.41,1,1574,1634,NW
1172949.154,X_LEG_3,17.44,36.78,1.41,1,1574,1634,NW
1172949.175,X_LEG_3,17.44,36.78,1.41,1,1574,1634,NW
1172949.195,X_LEG_3,17.40,36.75,1.43,1,1574,1634,NW
1172949.216,X_LEG_3,17.40,36.75,1.43,1,1574,1634,NW
1172949.237,X_LEG_3,17.40,36.75,1.43,1,1574,1634,NW
1172949.258,X_LEG_3,17.40,36.75,1.43,1,1574,1634,NW
1172949.278,X_LEG_3,17.40,36.75,1.43,1,1574,1634,NW
1172949.299,X_LEG_3,17.32,36.69,1.46,1,1573,1635,NW
1172949.319,X_LEG_3,17.32,36.69,1.46,1,1573,1635,NW
1172949.339,X_LEG_3,17.32,36.69,1.46,1,1573,1635,NW
1172949.360,X_LEG_3,17.32,36.69,1.46,1,1573,1635,NW
1172949.380,X_LEG_3,17.32,36.69,1.46,1,1573,1635,NW
1172949.401,X_LEG_3,17.32,36.69,1.46,1,1573,1635,NW
1172949.421,X_LEG_3,17.32,36.69,1.46,1,1573,1635,NW
1172949.442,X_LEG_3,17.32,36.69,1.46,1,1573,1635,NW
1172949.462,X_LEG_3,17.32,36.69,1.46,1,1573,1635,NW
1172949.482,X_LEG_3,17.32,36.69,1.46,1,1573,1635,NW
1172949.503,X_LEG_3,17.27,36.66,1.47,1,1573,1635,NW
1172949.524,X_LEG_3,17.27,36.66,1.47,1,1573,1635,NW
1172949.544,X_LEG_3,17.27,36.66,1.47,1,1573,1635,NW
1172949.565,X_LEG_3,17.27,36.66,1.47,1,1573,1635,NW
1172949.585,X_LEG_3,17.27,36.66,1.47,1,1573,1635,NW
1172949.606,X_LEG_3,17.20,36.61,1.51,1,1573,1635,NW
1172949.627,X_LEG_3,17.20,36.61,1.51,1,1573,1635,NW
1172949.647,X_LEG_3,17.20,36.61,1.51,1,1573,1635,NW
1172949.668,X_LEG_3,17.20,36.61,1.51,1,1573,1635,NW
1172949.688,X_LEG_3,17.20,36.61,1.51,1,1573,1635,NW
1172949.708,X_LEG_3,17.15,36.57,1.52,1,1573,1635,NW
1172949.730,X_LEG_3,17.15,36.57,1.52,1,1573,1635,NW
1172949.751,X_LEG_3,17.15,36.57,1.52,1,1573,1635,NW
1172949.772,X_LEG_3,17.15,36.57,1.52,1,1573,1635,NW
1172949.792,X_LEG_3,17.15,36.57,1.52,1,1573,1635,NW
1172949.813,X_LEG_3,17.09,36.54,1.55,1,1573,1635,NW
1172949.833,X_LEG_3,17.09,36.54,1.55,1,1573,1635,NW
1172949.853,X_LEG_3,17.09,36.54,1.55,1,1573,1635,NW
1172949.876,X_LEG_3,17.09,36.54,1.55,1,1573,1635,NW
1172949.897,X_LEG_3,17.09,36.54,1.55,1,1573,1635,NW
1172949.917,X_LEG_3,17.04,36.50,1.57,1,1573,1635,NW
1172949.938,X_LEG_3,17.04,36.50,1.57,1,1573,1635,NW
1172949.958,X_LEG_3,17.04,36.50,1.57,1,1573,1635,NW
1172949.978,X_LEG_3,17.04,36.50,1.57,1,1573,1635,NW
1172950.002,X_LEG_3,17.04,36.50,1.57,1,1573,1635,NW
1172950.023,X_LEG_3,17.04,36.50,1.57,1,1573,1635,NW
1172950.043,X_LEG_3,17.04,36.50,1.57,1,1573,1635,NW
1172950.065,X_LEG_3,17.04,36.50,1.57,1,1573,1635,NW
1172950.085,X_LEG_3,17.04,36.50,1.57,1,1573,1635,NW
1172950.107,X_LEG_3,17.04,36.50,1.57,1,1573,1635,NW
1172950.127,X_LEG_3,16.99,36.47,1.60,1,1573,1636,NW
1172950.148,X_LEG_3,16.99,36.47,1.60,1,1573,1636,NW
1172950.171,X_LEG_3,16.99,36.47,1.60,1,1573,1636,NW
1172950.192,X_LEG_3,16.99,36.47,1.60,1,1573,1636,NW
1172950.213,X_LEG_3,16.99,36.47,1.60,1,1573,1636,NW
1172950.234,X_LEG_3,16.93,36.42,1.62,1,1573,1636,NW
1172950.254,X_LEG_3,16.93,36.42,1.62,1,1573,1636,NW
1172950.275,X_LEG_3,16.93,36.42,1.62,1,1573,1636,NW
1172950.295,X_LEG_3,16.93,36.42,1.62,1,1573,1636,NW
1172950.315,X_LEG_3,16.93,36.42,1.62,1,1573,1636,NW
1172950.336,X_LEG_3,16.88,36.39,1.63,1,1573,1636,NW
1172950.357,X_LEG_3,16.88,36.39,1.63,1,1573,1636,NW
1172950.378,X_LEG_3,16.88,36.39,1.63,1,1573,1636,NW
1172950.398,X_LEG_3,16.88,36.39,1.63,1,1573,1636,NW
1172950.419,X_LEG_3,16.88,36.39,1.63,1,1573,1636,NW
1172950.439,X_LEG_3,16.82,36.35,1.67,1,1573,1636,NW
1172950.459,X_LEG_3,16.82,36.35,1.67,1,1573,1636,NW
1172950.482,X_LEG_3,16.82,36.35,1.67,1,1573,1636,NW
1172950.503,X_LEG_3,16.82,36.35,1.67,1,1573,1636,NW
1172950.523,X_LEG_3,16.82,36.35,1.67,1,1573,1636,NW
1172950.545,X_LEG_3,16.82,36.35,1.67,1,1573,1636,NW
1172950.565,X_LEG_3,16.82,36.35,1.67,1,1573,1636,NW
1172950.586,X_LEG_3,16.82,36.35,1.67,1,1573,1636,NW
1172950.606,X_LEG_3,16.82,36.35,1.67,1,1573,1636,NW
1172950.626,X_LEG_3,16.82,36.35,1.67,1,1573,1636,NW
1172950.648,X_LEG_3,16.74,36.30,1.69,1,1573,1636,NW
1172950.670,X_LEG_3,16.74,36.30,1.69,1,1573,1636,NW
1172950.691,X_LEG_3,16.74,36.30,1.69,1,1573,1636,NW
1172950.711,X_LEG_3,16.74,36.30,1.69,1,1573,1636,NW
1172950.731,X_LEG_3,16.74,36.30,1.69,1,1573,1636,NW
1172950.752,X_LEG_3,16.68,36.26,1.71,1,1573,1636,NW
1172950.772,X_LEG_3,16.68,36.26,1.71,1,1573,1636,NW
1172950.800,X_LEG_3,16.68,36.26,1.71,1,1573,1636,NW
1172950.819,X_LEG_3,16.68,36.26,1.71,1,1573,1636,NW
1172950.841,X_LEG_3,16.68,36.26,1.71,1,1573,1636,NW
1172950.860,X_LEG_3,16.62,36.23,1.74,1,1572,1637,NW
1172950.880,X_LEG_3,16.62,36.23,1.74,1,1572,1637,NW
1172950.901,X_LEG_3,16.62,36.23,1.74,1,1572,1637,NW
1172950.922,X_LEG_3,16.62,36.23,1.74,1,1572,1637,NW
1172950.942,X_LEG_3,16.62,36.23,1.74,1,1572,1637,NW
1172950.962,X_LEG_3,16.56,36.19,1.75,1,1572,1637,NW
1172950.983,X_LEG_3,16.56,36.19,1.75,1,1572,1637,NW
1172951.003,X_LEG_3,16.56,36.19,1.75,1,1572,1637,NW
1172951.025,X_LEG_3,16.56,36.19,1.75,1,1572,1637,NW
1172951.046,X_LEG_3,16.56,36.19,1.75,1,1572,1637,NW
1172951.067,X_LEG_3,16.56,36.19,1.75,1,1572,1637,NW
1172951.087,X_LEG_3,16.56,36.19,1.75,1,1572,1637,NW
1172951.109,X_LEG_3,16.56,36.19,1.75,1,1572,1637,NW
1172951.129,X_LEG_3,16.56,36.19,1.75,1,1572,1637,NW
1172951.149,X_LEG_3,16.56,36.19,1.75,1,1572,1637,NW
1172951.170,X_LEG_3,16.50,36.16,0.78,1,1572,1637,NW
1172951.192,X_LEG_3,16.50,36.16,0.78,1,1572,1637,NW
1172951.212,X_LEG_3,16.50,36.16,0.78,1,1572,1637,NW
1172951.233,X_LEG_3,16.50,36.16,0.78,1,1572,1637,NW
1172951.253,X_LEG_3,16.50,36.16,0.78,1,1572,1637,NW
1172951.274,X_LEG_3,16.44,36.12,0.80,1,1572,1637,NW
1172951.295,X_LEG_3,16.44,36.12,0.80,1,1572,1637,NW
1172951.315,X_LEG_3,16.44,36.12,0.80,1,1572,1637,NW
1172951.335,X_LEG_3,16.44,36.12,0.80,1,1572,1637,NW
1172951.356,X_LEG_3,16.44,36.12,0.80,1,1572,1637,NW
1172951.377,X_LEG_3,16.38,36.09,0.80,1,1572,1637,NW
1172951.400,X_LEG_3,16.38,36.09,0.80,1,1572,1637,NW
1172951.420,X_LEG_3,16.38,36.09,0.80,1,1572,1637,NW
1172951.440,X_LEG_3,16.38,36.09,0.80,1,1572,1637,NW
1172951.460,X_LEG_3,16.38,36.09,0.80,1,1572,1637,NW
1172951.481,X_LEG_3,16.32,36.06,0.83,1,1572,1638,NW
1172951.502,X_LEG_3,16.32,36.06,0.83,1,1572,1638,NW
1172951.523,X_LEG_3,16.32,36.06,0.83,1,1572,1638,NW
1172951.543,X_LEG_3,16.32,36.06,0.83,1,1572,1638,NW
1172951.565,X_LEG_3,16.32,36.06,0.83,1,1572,1638,NW
1172951.588,X_LEG_3,16.26,36.02,0.85,1,1572,1638,NW
1172951.608,X_LEG_3,16.26,36.02,0.85,1,1572,1638,NW
1172951.629,X_LEG_3,16.26,36.02,0.85,1,1572,1638,NW
1172951.649,X_LEG_3,16.26,36.02,0.85,1,1572,1638,NW
1172951.669,X_LEG_3,16.26,36.02,0.85,1,1572,1638,NW
1172951.690,X_LEG_3,16.19,35.98,0.86,1,1572,1638,NW
1172951.710,X_LEG_3,16.19,35.98,0.86,1,1572,1638,NW
1172951.731,X_LEG_3,16.19,35.98,0.86,1,1572,1638,NW
1172951.751,X_LEG_3,16.19,35.98,0.86,1,1572,1638,NW
1172951.775,X_LEG_3,16.19,35.98,0.86,1,1572,1638,NW
1172951.796,X_LEG_3,16.13,35.95,0.89,1,1572,1638,NW
1172951.816,X_LEG_3,16.13,35.95,0.89,1,1572,1638,NW
1172951.837,X_LEG_3,16.13,35.95,0.89,1,1572,1638,NW
1172951.857,X_LEG_3,16.13,35.95,0.89,1,1572,1638,NW
1172951.878,X_LEG_3,16.13,35.95,0.89,1,1572,1638,NW
1172951.898,X_LEG_3,16.03,35.89,0.92,1,1572,1638,NW
1172951.918,X_LEG_3,16.03,35.89,0.92,1,1572,1638,NW
1172951.939,X_LEG_3,16.03,35.89,0.92,1,1572,1638,NW
1172951.959,X_LEG_3,16.03,35.89,0.92,1,1572,1638,NW
1172951.980,X_LEG_3,16.03,35.89,0.92,1,1572,1638,NW
1172952.000,X_LEG_3,15.97,35.85,0.94,1,1572,1639,NW
1172952.023,X_LEG_3,15.97,35.85,0.94,1,1572,1639,NW
1172952.043,X_LEG_3,15.97,35.85,0.94,1,1572,1639,NW
1172952.064,X_LEG_3,15.97,35.85,0.94,1,1572,1639,NW
1172952.086,X_LEG_3,15.97,35.85,0.94,1,1572,1639,NW
1172952.107,X_LEG_3,15.90,35.82,0.96,1,1572,1639,NW
1172952.128,X_LEG_3,15.90,35.82,0.96,1,1572,1639,NW
1172952.148,X_LEG_3,15.90,35.82,0.96,1,1572,1639,NW
1172952.168,X_LEG_3,15.90,35.82,0.96,1,1572,1639,NW
1172952.189,X_LEG_3,15.90,35.82,0.96,1,1572,1639,NW
1172952.210,X_LEG_3,15.80,35.76,0.99,1,1572,1639,NW
1172952.230,X_LEG_3,15.80,35.76,0.99,1,1572,1639,NW
1172952.251,X_LEG_3,15.80,35.76,0.99,1,1572,1639,NW
1172952.272,X_LEG_3,15.80,35.76,0.99,1,1572,1639,NW
1172952.293,X_LEG_3,15.80,35.76,0.99,1,1572,1639,NW
1172952.314,X_LEG_3,15.74,35.74,1.01,1,1571,1639,NW
1172952.334,X_LEG_3,15.74,35.74,1.01,1,1571,1639,NW
1172952.355,X_LEG_3,15.74,35.74,1.01,1,1571,1639,NW
1172952.375,X_LEG_3,15.74,35.74,1.01,1,1571,1639,NW
1172952.396,X_LEG_3,15.74,35.74,1.01,1,1571,1639,NW
1172952.416,X_LEG_3,15.74,35.74,1.01,1,1571,1639,NW
1172952.437,X_LEG_3,15.74,35.74,1.01,1,1571,1639,NW
1172952.457,X_LEG_3,15.74,35.74,1.01,1,1571,1639,NW
1172952.477,X_LEG_3,15.74,35.74,1.01,1,1571,1639,NW
1172952.499,X_LEG_3,15.74,35.74,1.01,1,1571,1639,NW
1172952.519,X_LEG_3,15.63,35.68,1.03,1,1571,1640,NW
1172952.540,X_LEG_3,15.63,35.68,1.03,1,1571,1640,NW
1172952.561,X_LEG_3,15.63,35.68,1.03,1,1571,1640,NW
1172952.581,X_LEG_3,15.63,35.68,1.03,1,1571,1640,NW
1172952.602,X_LEG_3,15.63,35.68,1.03,1,1571,1640,NW
1172952.623,X_LEG_3,15.57,35.64,1.05,1,1571,1640,NW
1172952.643,X_LEG_3,15.57,35.64,1.05,1,1571,1640,NW
1172952.664,X_LEG_3,15.57,35.64,1.05,1,1571,1640,NW
1172952.684,X_LEG_3,15.57,35.64,1.05,1,1571,1640,NW
1172952.705,X_LEG_3,15.57,35.64,1.05,1,1571,1640,NW
1172952.726,X_LEG_3,15.46,35.59,1.09,1,1571,1640,NW
1172952.746,X_LEG_3,15.46,35.59,1.09,1,1571,1640,NW
1172952.767,X_LEG_3,15.46,35.59,1.09,1,1571,1640,NW
1172952.787,X_LEG_3,15.46,35.59,1.09,1,1571,1640,NW
1172952.807,X_LEG_3,15.46,35.59,1.09,1,1571,1640,NW
1172952.828,X_LEG_3,15.46,35.59,1.09,1,1571,1640,NW
1172952.848,X_LEG_3,15.46,35.59,1.09,1,1571,1640,NW
1172952.869,X_LEG_3,15.46,35.59,1.09,1,1571,1640,NW
1172952.889,X_LEG_3,15.46,35.59,1.09,1,1571,1640,NW
1172952.910,X_LEG_3,15.46,35.59,1.09,1,1571,1640,NW
1172952.930,X_LEG_3,15.36,35.54,1.10,1,1571,1640,NW
1172952.950,X_LEG_3,15.36,35.54,1.10,1,1571,1640,NW
1172952.971,X_LEG_3,15.36,35.54,1.10,1,1571,1640,NW
1172952.992,X_LEG_3,15.36,35.54,1.10,1,1571,1640,NW
1172953.012,X_LEG_3,15.36,35.54,1.10,1,1571,1640,NW
1172953.033,X_LEG_3,15.29,35.51,1.13,1,1571,1641,NW
1172953.055,X_LEG_3,15.29,35.51,1.13,1,1571,1641,NW
1172953.075,X_LEG_3,15.29,35.51,1.13,1,1571,1641,NW
1172953.096,X_LEG_3,15.29,35.51,1.13,1,1571,1641,NW
1172953.117,X_LEG_3,15.29,35.51,1.13,1,1571,1641,NW
1172953.138,X_LEG_3,15.21,35.47,1.15,1,1571,1641,NW
1172953.158,X_LEG_3,15.21,35.47,1.15,1,1571,1641,NW
1172953.181,X_LEG_3,15.21,35.47,1.15,1,1571,1641,NW
1172953.202,X_LEG_3,15.21,35.47,1.15,1,1571,1641,NW
1172953.224,X_LEG_3,15.21,35.47,1.15,1,1571,1641,NW
1172953.245,X_LEG_3,15.11,35.41,1.18,1,1571,1641,NW
1172953.265,X_LEG_3,15.11,35.41,1.18,1,1571,1641,NW
1172953.286,X_LEG_3,15.11,35.41,1.18,1,1571,1641,NW
1172953.307,X_LEG_3,15.11,35.41,1.18,1,1571,1641,NW
1172953.327,X_LEG_3,15.11,35.41,1.18,1,1571,1641,NW
1172953.348,X_LEG_3,15.11,35.41,1.18,1,1571,1641,NW
1172953.368,X_LEG_3,15.11,35.41,1.18,1,1571,1641,NW
1172953.389,X_LEG_3,15.11,35.41,1.18,1,1571,1641,NW
1172953.409,X_LEG_3,15.11,35.41,1.18,1,1571,1641,NW
1172953.430,X_LEG_3,15.11,35.41,1.18,1,1571,1641,NW
1172953.450,X_LEG_3,14.99,35.37,1.20,1,1571,1641,NW
1172953.471,X_LEG_3,14.99,35.37,1.20,1,1571,1641,NW
1172953.493,X_LEG_3,14.99,35.37,1.20,1,1571,1641,NW
1172953.513,X_LEG_3,14.99,35.37,1.20,1,1571,1641,NW
1172953.533,X_LEG_3,14.99,35.37,1.20,1,1571,1641,NW
1172953.554,X_LEG_3,14.92,35.33,1.22,1,1571,1641,NW
1172953.575,X_LEG_3,14.92,35.33,1.22,1,1571,1641,NW
1172953.595,X_LEG_3,14.92,35.33,1.22,1,1571,1641,NW
1172953.615,X_LEG_3,14.92,35.33,1.22,1,1571,1641,NW
1172953.636,X_LEG_3,14.92,35.33,1.22,1,1571,1641,NW
1172953.656,X_LEG_3,14.81,35.28,1.26,1,1571,1641,NW
1172953.677,X_LEG_3,14.81,35.28,1.26,1,1571,1641,NW
1172953.697,X_LEG_3,14.81,35.28,1.26,1,1571,1641,NW
1172953.717,X_LEG_3,14.81,35.28,1.26,1,1571,1641,NW
1172953.739,X_LEG_3,14.81,35.28,1.26,1,1571,1641,NW
1172953.760,X_LEG_3,14.73,35.25,1.27,1,1570,1641,NW
1172953.781,X_LEG_3,14.73,35.25,1.27,1,1570,1641,NW
1172953.801,X_LEG_3,14.73,35.25,1.27,1,1570,1641,NW
1172953.821,X_LEG_3,14.73,35.25,1.27,1,1570,1641,NW
1172953.842,X_LEG_3,14.73,35.25,1.27,1,1570,1641,NW
1172953.864,X_LEG_3,14.66,35.21,1.28,1,1570,1642,NW
1172953.884,X_LEG_3,14.66,35.21,1.28,1,1570,1642,NW
1172953.905,X_LEG_3,14.66,35.21,1.28,1,1570,1642,NW
1172953.927,X_LEG_3,14.66,35.21,1.28,1,1570,1642,NW
1172953.947,X_LEG_3,14.66,35.21,1.28,1,1570,1642,NW
1172953.967,X_LEG_3,14.66,35.21,1.28,1,1570,1642,NW
1172953.990,X_LEG_3,14.66,35.21,1.28,1,1570,1642,NW
1172954.010,X_LEG_3,14.66,35.21,1.28,1,1570,1642,NW
1172954.031,X_LEG_3,14.66,35.21,1.28,1,1570,1642,NW
1172954.052,X_LEG_3,14.66,35.21,1.28,1,1570,1642,NW
1172954.073,X_LEG_3,14.55,35.16,1.32,1,1570,1642,NW
1172954.093,X_LEG_3,14.55,35.16,1.32,1,1570,1642,NW
1172954.114,X_LEG_3,14.55,35.16,1.32,1,1570,1642,NW
1172954.134,X_LEG_3,14.55,35.16,1.32,1,1570,1642,NW
1172954.155,X_LEG_3,14.55,35.16,1.32,1,1570,1642,NW
1172954.176,X_LEG_3,14.47,35.13,1.33,1,1570,1642,NW
1172954.196,X_LEG_3,14.47,35.13,1.33,1,1570,1642,NW
1172954.217,X_LEG_3,14.47,35.13,1.33,1,1570,1642,NW
1172954.239,X_LEG_3,14.47,35.13,1.33,1,1570,1642,NW
1172954.259,X_LEG_3,14.47,35.13,1.33,1,1570,1642,NW
1172954.279,X_LEG_3,14.39,35.09,1.35,1,1570,1642,NW
1172954.301,X_LEG_3,14.39,35.09,1.35,1,1570,1642,NW
1172954.321,X_LEG_3,14.39,35.09,1.35,1,1570,1642,NW
1172954.342,X_LEG_3,14.39,35.09,1.35,1,1570,1642,NW
1172954.362,X_LEG_3,14.39,35.09,1.35,1,1570,1642,NW
1172954.383,X_LEG_3,14.27,35.04,1.37,1,1570,1643,NW
1172954.403,X_LEG_3,14.27,35.04,1.37,1,1570,1643,NW
1172954.424,X_LEG_3,14.27,35.04,1.37,1,1570,1643,NW
1172954.445,X_LEG_3,14.27,35.04,1.37,1,1570,1643,NW
1172954.465,X_LEG_3,14.27,35.04,1.37,1,1570,1643,NW
1172954.485,X_LEG_3,14.19,35.00,1.39,1,1570,1643,NW
1172954.506,X_LEG_3,14.19,35.00,1.39,1,1570,1643,NW
1172954.527,X_LEG_3,14.19,35.00,1.39,1,1570,1643,NW
1172954.547,X_LEG_3,14.19,35.00,1.39,1,1570,1643,NW
1172954.568,X_LEG_3,14.19,35.00,1.39,1,1570,1643,NW
1172954.588,X_LEG_3,14.19,35.00,1.39,1,1570,1643,NW
1172954.609,X_LEG_3,14.19,35.00,1.39,1,1570,1643,NW
1172954.629,X_LEG_3,14.19,35.00,1.39,1,1570,1643,NW
1172954.650,X_LEG_3,14.19,35.00,1.39,1,1570,1643,NW
1172954.670,X_LEG_3,14.19,35.00,1.39,1,1570,1643,NW
1172954.691,X_LEG_3,14.12,34.97,1.41,1,1570,1643,NW
1172954.712,X_LEG_3,14.12,34.97,1.41,1,1570,1643,NW
1172954.732,X_LEG_3,14.12,34.97,1.41,1,1570,1643,NW
1172954.754,X_LEG_3,14.12,34.97,1.41,1,1570,1643,NW
1172954.774,X_LEG_3,14.12,34.97,1.41,1,1570,1643,NW
1172954.795,X_LEG_3,14.04,34.93,1.42,1,1570,1643,NW
1172954.818,X_LEG_3,14.04,34.93,1.42,1,1570,1643,NW
1172954.838,X_LEG_3,14.04,34.93,1.42,1,1570,1643,NW
1172954.858,X_LEG_3,14.04,34.93,1.42,1,1570,1643,NW
1172954.879,X_LEG_3,14.04,34.93,1.42,1,1570,1643,NW
1172954.899,X_LEG_3,13.96,34.90,1.45,1,1570,1644,NW
1172954.920,X_LEG_3,13.96,34.90,1.45,1,1570,1644,NW
1172954.942,X_LEG_3,13.96,34.90,1.45,1,1570,1644,NW
1172954.962,X_LEG_3,13.96,34.90,1.45,1,1570,1644,NW
1172954.983,X_LEG_3,13.96,34.90,1.45,1,1570,1644,NW
1172955.004,X_LEG_3,13.88,34.86,1.47,1,1570,1644,NW
1172955.025,X_LEG_3,13.88,34.86,1.47,1,1570,1644,NW
1172955.045,X_LEG_3,13.88,34.86,1.47,1,1570,1644,NW
1172955.066,X_LEG_3,13.88,34.86,1.47,1,1570,1644,NW
1172955.086,X_LEG_3,13.88,34.86,1.47,1,1570,1644,NW
1172955.107,X_LEG_3,13.79,34.83,1.47,1,1570,1644,NW
1172955.127,X_LEG_3,13.79,34.83,1.47,1,1570,1644,NW
1172955.148,X_LEG_3,13.79,34.83,1.47,1,1570,1644,NW
1172955.168,X_LEG_3,13.79,34.83,1.47,1,1570,1644,NW
1172955.189,X_LEG_3,13.79,34.83,1.47,1,1570,1644,NW
1172955.209,X_LEG_3,13.71,34.80,1.50,1,1570,1644,NW
1172955.230,X_LEG_3,13.71,34.80,1.50,1,1570,1644,NW
1172955.251,X_LEG_3,13.71,34.80,1.50,1,1570,1644,NW
1172955.273,X_LEG_3,13.71,34.80,1.50,1,1570,1644,NW
1172955.293,X_LEG_3,13.71,34.80,1.50,1,1570,1644,NW
1172955.314,X_LEG_3,13.63,34.77,1.51,1,1570,1645,NW
1172955.335,X_LEG_3,13.63,34.77,1.51,1,1570,1645,NW
1172955.355,X_LEG_3,13.63,34.77,1.51,1,1570,1645,NW
1172955.376,X_LEG_3,13.63,34.77,1.51,1,1570,1645,NW
1172955.397,X_LEG_3,13.63,34.77,1.51,1,1570,1645,NW
1172955.418,X_LEG_3,13.63,34.77,1.51,1,1570,1645,NW
1172955.438,X_LEG_3,13.63,34.77,1.51,1,1570,1645,NW
1172955.460,X_LEG_3,13.63,34.77,1.51,1,1570,1645,NW
1172955.481,X_LEG_3,13.63,34.77,1.51,1,1570,1645,NW
1172955.502,X_LEG_3,13.63,34.77,1.51,1,1570,1645,NW
1172955.523,X_LEG_3,13.55,34.73,1.53,1,1569,1645,NW
1172955.544,X_LEG_3,13.55,34.73,1.53,1,1569,1645,NW
1172955.564,X_LEG_3,13.55,34.73,1.53,1,1569,1645,NW
1172955.585,X_LEG_3,13.55,34.73,1.53,1,1569,1645,NW
1172955.606,X_LEG_3,13.55,34.73,1.53,1,1569,1645,NW
1172955.626,X_LEG_3,13.43,34.68,1.54,1,1569,1645,NW
1172955.648,X_LEG_3,13.43,34.68,1.54,1,1569,1645,NW
1172955.669,X_LEG_3,13.43,34.68,1.54,1,1569,1645,NW
1172955.689,X_LEG_3,13.43,34.68,1.54,1,1569,1645,NW
1172955.711,X_LEG_3,13.43,34.68,1.54,1,1569,1645,NW
1172955.732,X_LEG_3,13.43,34.68,1.54,1,1569,1645,NW
1172955.752,X_LEG_3,13.43,34.68,1.54,1,1569,1645,NW
1172955.774,X_LEG_3,13.43,34.68,1.54,1,1569,1645,NW
1172955.794,X_LEG_3,13.43,34.68,1.54,1,1569,1645,NW
1172955.814,X_LEG_3,13.43,34.68,1.54,1,1569,1645,NW
1172955.837,X_LEG_3,13.34,34.65,0.57,1,1569,1645,NW
1172955.857,X_LEG_3,13.34,34.65,0.57,1,1569,1645,NW
1172955.878,X_LEG_3,13.34,34.65,0.57,1,1569,1645,NW
1172955.899,X_LEG_3,13.34,34.65,0.57,1,1569,1645,NW
1172955.919,X_LEG_3,13.34,34.65,0.57,1,1569,1645,NW
1172955.940,X_LEG_3,13.26,34.61,0.58,1,1569,1646,NW
1172955.961,X_LEG_3,13.26,34.61,0.58,1,1569,1646,NW
1172955.982,X_LEG_3,13.26,34.61,0.58,1,1569,1646,NW
1172956.003,X_LEG_3,13.26,34.61,0.58,1,1569,1646,NW
1172956.024,X_LEG_3,13.26,34.61,0.58,1,1569,1646,NW
1172956.045,X_LEG_3,13.13,34.56,0.62,1,1569,1646,NW
1172956.065,X_LEG_3,13.13,34.56,0.62,1,1569,1646,NW
1172956.087,X_LEG_3,13.13,34.56,0.62,1,1569,1646,NW
1172956.107,X_LEG_3,13.13,34.56,0.62,1,1569,1646,NW
1172956.128,X_LEG_3,13.13,34.56,0.62,1,1569,1646,NW
1172956.150,X_LEG_3,13.13,34.56,0.62,1,1569,1646,NW
1172956.170,X_LEG_3,13.13,34.56,0.62,1,1569,1646,NW
1172956.191,X_LEG_3,13.13,34.56,0.62,1,1569,1646,NW
1172956.212,X_LEG_3,13.13,34.56,0.62,1,1569,1646,NW
1172956.233,X_LEG_3,13.13,34.56,0.62,1,1569,1646,NW
1172956.253,X_LEG_3,13.00,34.51,0.64,1,1569,1647,NW
1172956.275,X_LEG_3,13.00,34.51,0.64,1,1569,1647,NW
1172956.296,X_LEG_3,13.00,34.51,0.64,1,1569,1647,NW
1172956.316,X_LEG_3,13.00,34.51,0.64,1,1569,1647,NW
1172956.337,X_LEG_3,13.00,34.51,0.64,1,1569,1647,NW
1172956.358,X_LEG_3,12.88,34.46,0.66,1,1569,1647,NW
1172956.378,X_LEG_3,12.88,34.46,0.66,1,1569,1647,NW
1172956.399,X_LEG_3,12.88,34.46,0.66,1,1569,1647,NW
1172956.419,X_LEG_3,12.88,34.46,0.66,1,1569,1647,NW
1172956.440,X_LEG_3,12.88,34.46,0.66,1,1569,1647,NW
1172956.460,X_LEG_3,12.79,34.43,0.69,1,1569,1647,NW
1172956.481,X_LEG_3,12.79,34.43,0.69,1,1569,1647,NW
1172956.501,X_LEG_3,12.79,34.43,0.69,1,1569,1647,NW
1172956.522,X_LEG_3,12.79,34.43,0.69,1,1569,1647,NW
1172956.542,X_LEG_3,12.79,34.43,0.69,1,1569,1647,NW
1172956.563,X_LEG_3,12.66,34.38,0.70,1,1569,1648,NW
1172956.583,X_LEG_3,12.66,34.38,0.70,1,1569,1648,NW
1172956.604,X_LEG_3,12.66,34.38,0.70,1,1569,1648,NW
1172956.624,X_LEG_3,12.66,34.38,0.70,1,1569,1648,NW
1172956.645,X_LEG_3,12.66,34.38,0.70,1,1569,1648,NW
1172956.666,X_LEG_3,12.57,34.34,0.72,1,1569,1648,NW
1172956.686,X_LEG_3,12.57,34.34,0.72,1,1569,1648,NW
1172956.706,X_LEG_3,12.57,34.34,0.72,1,1569,1648,NW
1172956.728,X_LEG_3,12.57,34.34,0.72,1,1569,1648,NW
1172956.748,X_LEG_3,12.57,34.34,0.72,1,1569,1648,NW
1172956.768,X_LEG_3,12.57,34.34,0.72,1,1569,1648,NW
1172956.789,X_LEG_3,12.57,34.34,0.72,1,1569,1648,NW
1172956.809,X_LEG_3,12.57,34.34,0.72,1,1569,1648,NW
1172956.829,X_LEG_3,12.57,34.34,0.72,1,1569,1648,NW
1172956.850,X_LEG_3,12.57,34.34,0.72,1,1569,1648,NW
1172956.870,X_LEG_3,12.49,34.31,0.73,1,1569,1648,NW
1172956.891,X_LEG_3,12.49,34.31,0.73,1,1569,1648,NW
1172956.912,X_LEG_3,12.49,34.31,0.73,1,1569,1648,NW
1172956.933,X_LEG_3,12.49,34.31,0.73,1,1569,1648,NW
1172956.953,X_LEG_3,12.49,34.31,0.73,1,1569,1648,NW
1172956.973,X_LEG_3,12.40,34.28,0.75,1,1569,1648,NW
1172956.996,X_LEG_3,12.40,34.28,0.75,1,1569,1648,NW
1172957.016,X_LEG_3,12.40,34.28,0.75,1,1569,1648,NW
1172957.037,X_LEG_3,12.40,34.28,0.75,1,1569,1648,NW
1172957.057,X_LEG_3,12.40,34.28,0.75,1,1569,1648,NW
1172957.078,X_LEG_3,12.31,34.24,0.77,1,1568,1649,NW
1172957.098,X_LEG_3,12.31,34.24,0.77,1,1568,1649,NW
1172957.120,X_LEG_3,12.31,34.24,0.77,1,1568,1649,NW
1172957.141,X_LEG_3,12.31,34.24,0.77,1,1568,1649,NW
1172957.161,X_LEG_3,12.31,34.24,0.77,1,1568,1649,NW
1172957.183,X_LEG_3,12.22,34.21,0.78,1,1568,1649,NW
1172957.212,X_LEG_3,12.22,34.21,0.78,1,1568,1649,NW
1172957.234,X_LEG_3,12.22,34.21,0.78,1,1568,1649,NW
1172957.253,X_LEG_3,12.22,34.21,0.78,1,1568,1649,NW
1172957.276,X_LEG_3,12.22,34.21,0.78,1,1568,1649,NW
1172957.296,X_LEG_3,12.13,34.18,0.81,1,1568,1649,NW
1172957.317,X_LEG_3,12.13,34.18,0.81,1,1568,1649,NW
1172957.338,X_LEG_3,12.13,34.18,0.81,1,1568,1649,NW
1172957.358,X_LEG_3,12.13,34.18,0.81,1,1568,1649,NW
1172957.379,X_LEG_3,12.13,34.18,0.81,1,1568,1649,NW
1172957.407,X_LEG_3,12.04,34.15,0.81,1,1568,1649,NW
1172957.427,X_LEG_3,12.04,34.15,0.81,1,1568,1649,NW
1172957.448,X_LEG_3,12.04,34.15,0.81,1,1568,1649,NW
1172957.468,X_LEG_3,12.04,34.15,0.81,1,1568,1649,NW
1172957.489,X_LEG_3,12.04,34.15,0.81,1,1568,1649,NW
1172957.512,X_LEG_3,12.04,34.15,0.81,1,1568,1649,NW
1172957.532,X_LEG_3,12.04,34.15,0.81,1,1568,1649,NW
1172957.553,X_LEG_3,12.04,34.15,0.81,1,1568,1649,NW
1172957.573,X_LEG_3,12.04,34.15,0.81,1,1568,1649,NW
1172957.595,X_LEG_3,12.04,34.15,0.81,1,1568,1649,NW
1172957.616,X_LEG_3,11.95,34.11,0.83,1,1568,1650,NW
1172957.636,X_LEG_3,11.95,34.11,0.83,1,1568,1650,NW
1172957.657,X_LEG_3,11.95,34.11,0.83,1,1568,1650,NW
1172957.678,X_LEG_3,11.95,34.11,0.83,1,1568,1650,NW
1172957.699,X_LEG_3,11.95,34.11,0.83,1,1568,1650,NW
1172957.719,X_LEG_3,11.87,34.07,0.84,1,1568,1650,NW
1172957.740,X_LEG_3,11.87,34.07,0.84,1,1568,1650,NW
1172957.761,X_LEG_3,11.87,34.07,0.84,1,1568,1650,NW
1172957.781,X_LEG_3,11.87,34.07,0.84,1,1568,1650,NW
1172957.802,X_LEG_3,11.87,34.07,0.84,1,1568,1650,NW
1172957.824,X_LEG_3,11.77,34.04,0.87,1,1568,1650,NW
1172957.845,X_LEG_3,11.77,34.04,0.87,1,1568,1650,NW
1172957.867,X_LEG_3,11.77,34.04,0.87,1,1568,1650,NW
1172957.887,X_LEG_3,11.77,34.04,0.87,1,1568,1650,NW
1172957.907,X_LEG_3,11.77,34.04,0.87,1,1568,1650,NW
1172957.928,X_LEG_3,11.68,34.01,0.88,1,1568,1650,NW
1172957.950,X_LEG_3,11.68,34.01,0.88,1,1568,1650,NW
1172957.971,X_LEG_3,11.68,34.01,0.88,1,1568,1650,NW
1172957.991,X_LEG_3,11.68,34.01,0.88,1,1568,1650,NW
1172958.012,X_LEG_3,11.68,34.01,0.88,1,1568,1650,NW
1172958.033,X_LEG_3,11.59,33.98,0.89,1,1568,1651,NW
1172958.053,X_LEG_3,11.59,33.98,0.89,1,1568,1651,NW
1172958.074,X_LEG_3,11.59,33.98,0.89,1,1568,1651,NW
1172958.094,X_LEG_3,11.59,33.98,0.89,1,1568,1651,NW
1172958.115,X_LEG_3,11.59,33.98,0.89,1,1568,1651,NW
1172958.135,X_LEG_3,11.50,33.94,0.91,1,1568,1651,NW
1172958.156,X_LEG_3,11.50,33.94,0.91,1,1568,1651,NW
1172958.176,X_LEG_3,11.50,33.94,0.91,1,1568,1651,NW
1172958.198,X_LEG_3,11.50,33.94,0.91,1,1568,1651,NW
1172958.218,X_LEG_3,11.50,33.94,0.91,1,1568,1651,NW
1172958.238,X_LEG_3,11.41,33.91,0.93,1,1568,1651,NW
1172958.260,X_LEG_3,11.41,33.91,0.93,1,1568,1651,NW
1172958.280,X_LEG_3,11.41,33.91,0.93,1,1568,1651,NW
1172958.301,X_LEG_3,11.41,33.91,0.93,1,1568,1651,NW
1172958.325,X_LEG_3,11.41,33.91,0.93,1,1568,1651,NW
1172958.346,X_LEG_3,11.32,33.88,0.94,1,1568,1652,NW
1172958.367,X_LEG_3,11.32,33.88,0.94,1,1568,1652,NW
1172958.387,X_LEG_3,11.32,33.88,0.94,1,1568,1652,NW
1172958.408,X_LEG_3,11.32,33.88,0.94,1,1568,1652,NW
1172958.429,X_LEG_3,11.32,33.88,0.94,1,1568,1652,NW
1172958.449,X_LEG_3,11.23,33.84,0.95,1,1568,1652,NW
1172958.469,X_LEG_3,11.23,33.84,0.95,1,1568,1652,NW
1172958.490,X_LEG_3,11.23,33.84,0.95,1,1568,1652,NW
1172958.511,X_LEG_3,11.23,33.84,0.95,1,1568,1652,NW
1172958.531,X_LEG_3,11.23,33.84,0.95,1,1568,1652,NW
1172958.551,X_LEG_3,11.14,33.81,0.96,1,1568,1652,NW
1172958.573,X_LEG_3,11.14,33.81,0.96,1,1568,1652,NW
1172958.593,X_LEG_3,11.14,33.81,0.96,1,1568,1652,NW
1172958.613,X_LEG_3,11.14,33.81,0.96,1,1568,1652,NW
1172958.634,X_LEG_3,11.14,33.81,0.96,1,1568,1652,NW
1172958.654,X_LEG_3,11.14,33.81,0.96,1,1568,1652,NW
1172958.675,X_LEG_3,11.14,33.81,0.96,1,1568,1652,NW
1172958.696,X_LEG_3,11.14,33.81,0.96,1,1568,1652,NW
1172958.716,X_LEG_3,11.14,33.81,0.96,1,1568,1652,NW
1172958.737,X_LEG_3,11.14,33.81,0.96,1,1568,1652,NW
1172958.757,X_LEG_3,11.00,33.77,0.99,1,1568,1653,NW
1172958.778,X_LEG_3,11.00,33.77,0.99,1,1568,1653,NW
1172958.798,X_LEG_3,11.00,33.77,0.99,1,1568,1653,NW
1172958.819,X_LEG_3,11.00,33.77,0.99,1,1568,1653,NW
1172958.839,X_LEG_3,11.00,33.77,0.99,1,1568,1653,NW
1172958.859,X_LEG_3,10.91,33.73,1.00,1,1567,1653,NW
1172958.881,X_LEG_3,10.91,33.73,1.00,1,1567,1653,NW
1172958.901,X_LEG_3,10.91,33.73,1.00,1,1567,1653,NW
1172958.923,X_LEG_3,10.91,33.73,1.00,1,1567,1653,NW
1172958.943,X_LEG_3,10.91,33.73,1.00,1,1567,1653,NW
1172958.964,X_LEG_3,10.81,33.69,1.02,1,1567,1653,NW
1172958.987,X_LEG_3,10.81,33.69,1.02,1,1567,1653,NW
1172959.008,X_LEG_3,10.81,33.69,1.02,1,1567,1653,NW
1172959.028,X_LEG_3,10.81,33.69,1.02,1,1567,1653,NW
1172959.048,X_LEG_3,10.81,33.69,1.02,1,1567,1653,NW
1172959.069,X_LEG_3,10.72,33.66,1.03,1,1567,1653,NW
1172959.089,X_LEG_3,10.72,33.66,1.03,1,1567,1653,NW
1172959.110,X_LEG_3,10.72,33.66,1.03,1,1567,1653,NW
1172959.130,X_LEG_3,10.72,33.66,1.03,1,1567,1653,NW
1172959.151,X_LEG_3,10.72,33.66,1.03,1,1567,1653,NW
1172959.171,X_LEG_3,10.63,33.64,1.05,1,1567,1654,NW
1172959.191,X_LEG_3,10.63,33.64,1.05,1,1567,1654,NW
1172959.214,X_LEG_3,10.63,33.64,1.05,1,1567,1654,NW
1172959.235,X_LEG_3,10.63,33.64,1.05,1,1567,1654,NW
1172959.256,X_LEG_3,10.63,33.64,1.05,1,1567,1654,NW
1172959.276,X_LEG_3,10.63,33.60,1.07,1,1567,1654,NW
1172959.297,X_LEG_3,10.53,33.60,1.07,1,1567,1654,NW
1172959.317,X_LEG_3,10.53,33.60,1.07,1,1567,1654,NW
1172959.338,X_LEG_3,10.53,33.60,1.07,1,1567,1654,NW
1172959.358,X_LEG_3,10.53,33.60,1.07,1,1567,1654,NW
1172959.378,X_LEG_3,10.53,33.60,1.07,1,1567,1654,NW
1172959.399,X_LEG_3,10.53,33.60,1.07,1,1567,1654,NW
1172959.420,X_LEG_3,10.53,33.60,1.07,1,1567,1654,NW
1172959.441,X_LEG_3,10.53,33.60,1.07,1,1567,1654,NW
1172959.461,X_LEG_3,10.53,33.60,1.07,1,1567,1654,NW
1172959.482,X_LEG_3,10.44,33.57,1.08,1,1567,1654,NW
1172959.503,X_LEG_3,10.44,33.57,1.08,1,1567,1654,NW
1172959.523,X_LEG_3,10.44,33.57,1.08,1,1567,1654,NW
1172959.544,X_LEG_3,10.44,33.57,1.08,1,1567,1654,NW
1172959.565,X_LEG_3,10.44,33.57,1.08,1,1567,1654,NW
1172959.586,X_LEG_3,10.35,33.53,1.08,1,1567,1654,NW
1172959.606,X_LEG_3,10.35,33.53,1.08,1,1567,1654,NW
1172959.627,X_LEG_3,10.35,33.53,1.08,1,1567,1654,NW
1172959.647,X_LEG_3,10.35,33.53,1.08,1,1567,1654,NW
1172959.668,X_LEG_3,10.35,33.53,1.08,1,1567,1654,NW
1172959.690,X_LEG_3,10.25,33.50,1.12,1,1567,1655,NW
1172959.710,X_LEG_3,10.25,33.50,1.12,1,1567,1655,NW
1172959.731,X_LEG_3,10.25,33.50,1.12,1,1567,1655,NW
1172959.751,X_LEG_3,10.25,33.50,1.12,1,1567,1655,NW
1172959.773,X_LEG_3,10.25,33.50,1.12,1,1567,1655,NW
1172959.793,X_LEG_3,10.11,33.45,1.12,1,1567,1655,NW
1172959.814,X_LEG_3,10.11,33.45,1.12,1,1567,1655,NW
1172959.837,X_LEG_3,10.11,33.45,1.12,1,1567,1655,NW
1172959.858,X_LEG_3,10.11,33.45,1.12,1,1567,1655,NW
1172959.878,X_LEG_3,10.11,33.45,1.12,1,1567,1655,NW
1172959.900,X_LEG_3,10.02,33.42,1.14,1,1567,1655,NW
1172959.920,X_LEG_3,10.02,33.42,1.14,1,1567,1655,NW
1172959.942,X_LEG_3,10.02,33.42,1.14,1,1567,1655,NW
1172959.964,X_LEG_3,10.02,33.42,1.14,1,1567,1655,NW
1172959.985,X_LEG_3,10.02,33.42,1.14,1,1567,1655,NW
1172960.005,X_LEG_3,9.92,33.42,1.14,1,1567,1656,NW
1172960.026,X_LEG_3,9.92,33.42,1.14,1,1567,1656,NW
1172960.047,X_LEG_3,9.92,33.42,1.14,1,1567,1656,NW
1172960.070,X_LEG_3,9.92,33.42,1.14,1,1567,1656,NW
1172960.092,X_LEG_3,9.92,33.42,1.14,1,1567,1656,NW
1172960.114,X_LEG_3,9.92,33.38,1.15,1,1567,1656,NW
1172960.135,X_LEG_3,9.92,33.38,1.15,1,1567,1656,NW
1172960.158,X_LEG_3,9.92,33.38,1.15,1,1567,1656,NW
1172960.176,X_LEG_3,9.92,33.38,1.15,1,1567,1656,NW
1172960.200,X_LEG_3,9.92,33.38,1.15,1,1567,1656,NW
1172960.220,X_LEG_3,9.83,33.36,1.17,1,1567,1656,NW
1172960.240,X_LEG_3,9.83,33.36,1.17,1,1567,1656,NW
1172960.261,X_LEG_3,9.83,33.36,1.17,1,1567,1656,NW
1172960.281,X_LEG_3,9.83,33.36,1.17,1,1567,1656,NW
1172960.303,X_LEG_3,9.83,33.36,1.17,1,1567,1656,NW
1172960.323,X_LEG_3,9.73,33.33,1.18,1,1567,1656,NW
1172960.343,X_LEG_3,9.73,33.33,1.18,1,1567,1656,NW
1172960.365,X_LEG_3,9.73,33.33,1.18,1,1567,1656,NW
1172960.388,X_LEG_3,9.73,33.33,1.18,1,1567,1656,NW
1172960.410,X_LEG_3,9.73,33.33,1.18,1,1567,1656,NW
1172960.433,X_LEG_3,9.64,33.29,1.20,1,1567,1657,NW
1172960.453,X_LEG_3,9.64,33.29,1.20,1,1567,1657,NW
1172960.479,X_LEG_3,9.64,33.29,1.20,1,1567,1657,NW
1172960.499,X_LEG_3,9.64,33.29,1.20,1,1567,1657,NW
1172960.522,X_LEG_3,9.64,33.29,1.20,1,1567,1657,NW
1172960.544,X_LEG_3,9.64,33.29,1.20,1,1567,1657,NW
1172960.565,X_LEG_3,9.64,33.29,1.20,1,1567,1657,NW
1172960.586,X_LEG_3,9.64,33.29,1.20,1,1567,1657,NW
1172960.607,X_LEG_3,9.64,33.29,1.20,1,1567,1657,NW
1172960.633,X_LEG_3,9.64,33.29,1.20,1,1567,1657,NW
1172960.653,X_LEG_3,9.55,33.25,1.21,1,1567,1657,NW
1172960.674,X_LEG_3,9.55,33.25,1.21,1,1567,1657,NW
1172960.695,X_LEG_3,9.55,33.25,1.21,1,1567,1657,NW
1172960.715,X_LEG_3,9.55,33.25,1.21,1,1567,1657,NW
1172960.736,X_LEG_3,9.55,33.25,1.21,1,1567,1657,NW
1172960.757,X_LEG_3,9.45,33.23,1.23,1,1566,1657,NW
1172960.779,X_LEG_3,9.45,33.23,1.23,1,1566,1657,NW
1172960.802,X_LEG_3,9.45,33.23,1.23,1,1566,1657,NW
1172960.823,X_LEG_3,9.45,33.23,1.23,1,1566,1657,NW
1172960.844,X_LEG_3,9.45,33.23,1.23,1,1566,1657,NW
1172960.867,X_LEG_3,9.35,33.20,1.24,1,1566,1657,NW
1172960.888,X_LEG_3,9.35,33.20,1.24,1,1566,1657,NW
1172960.916,X_LEG_3,9.35,33.20,1.24,1,1566,1657,NW
1172960.937,X_LEG_3,9.35,33.20,1.24,1,1566,1657,NW
1172960.962,X_LEG_3,9.35,33.20,1.24,1,1566,1657,NW
1172960.982,X_LEG_3,9.26,33.16,1.25,1,1566,1658,NW
1172961.009,X_LEG_3,9.26,33.16,1.25,1,1566,1658,NW
1172961.029,X_LEG_3,9.26,33.16,1.25,1,1566,1658,NW
1172961.049,X_LEG_3,9.26,33.16,1.25,1,1566,1658,NW
1172961.072,X_LEG_3,9.26,33.16,1.25,1,1566,1658,NW
1172961.093,X_LEG_3,9.26,33.16,1.25,1,1566,1658,NW
1172961.113,X_LEG_3,9.26,33.16,1.25,1,1566,1658,NW
1172961.134,X_LEG_3,9.26,33.16,1.25,1,1566,1658,NW
1172961.155,X_LEG_3,9.26,33.16,1.25,1,1566,1658,NW
1172961.175,X_LEG_3,9.26,33.16,1.25,1,1566,1658,NW
1172961.196,X_LEG_3,9.16,33.13,1.27,1,1566,1658,NW
1172961.224,X_LEG_3,9.16,33.13,1.27,1,1566,1658,NW
1172961.245,X_LEG_3,9.16,33.13,1.27,1,1566,1658,NW
1172961.266,X_LEG_3,9.16,33.13,1.27,1,1566,1658,NW
1172961.286,X_LEG_3,9.16,33.13,1.27,1,1566,1658,NW
1172961.310,X_LEG_3,9.07,33.10,1.29,1,1566,1658,NW
1172961.330,X_LEG_3,9.07,33.10,1.29,1,1566,1658,NW
1172961.350,X_LEG_3,9.07,33.10,1.29,1,1566,1658,NW
1172961.371,X_LEG_3,9.07,33.10,1.29,1,1566,1658,NW
1172961.391,X_LEG_3,9.07,33.10,1.29,1,1566,1658,NW
1172961.412,X_LEG_3,9.07,33.10,0.29,1,1566,1658,NW
1172961.432,X_LEG_3,9.07,33.10,0.29,1,1566,1658,NW
1172961.454,X_LEG_3,9.07,33.10,0.29,1,1566,1658,NW
1172961.474,X_LEG_3,9.07,33.10,0.29,1,1566,1658,NW
1172961.494,X_LEG_3,9.07,33.10,0.29,1,1566,1658,NW
1172961.514,X_LEG_3,8.97,33.07,0.30,1,1566,1659,NW
1172961.535,X_LEG_3,8.97,33.07,0.30,1,1566,1659,NW
1172961.558,X_LEG_3,8.97,33.07,0.30,1,1566,1659,NW
1172961.575,X_LEG_3,8.97,33.07,0.30,1,1566,1659,NW
1172961.596,X_LEG_3,8.97,33.07,0.30,1,1566,1659,NW
1172961.617,X_LEG_3,8.88,33.03,0.31,1,1566,1659,NW
1172961.638,X_LEG_3,8.88,33.03,0.31,1,1566,1659,NW
1172961.658,X_LEG_3,8.88,33.03,0.31,1,1566,1659,NW
1172961.679,X_LEG_3,8.88,33.03,0.31,1,1566,1659,NW
1172961.700,X_LEG_3,8.88,33.03,0.31,1,1566,1659,NW
1172961.720,X_LEG_3,8.78,33.00,0.31,1,1566,1659,NW
1172961.741,X_LEG_3,8.78,33.00,0.31,1,1566,1659,NW
1172961.762,X_LEG_3,8.78,33.00,0.31,1,1566,1659,NW
1172961.783,X_LEG_3,8.78,33.00,0.31,1,1566,1659,NW
1172961.804,X_LEG_3,8.78,33.00,0.31,1,1566,1659,NW
1172961.825,X_LEG_3,8.69,32.98,0.34,1,1566,1659,NW
1172961.846,X_LEG_3,8.69,32.98,0.34,1,1566,1659,NW
1172961.868,X_LEG_3,8.69,32.98,0.34,1,1566,1659,NW
1172961.889,X_LEG_3,8.69,32.98,0.34,1,1566,1659,NW
1172961.909,X_LEG_3,8.69,32.98,0.34,1,1566,1659,NW
1172961.930,X_LEG_3,8.59,32.94,0.36,1,1566,1660,NW
1172961.955,X_LEG_3,8.59,32.94,0.36,1,1566,1660,NW
1172961.976,X_LEG_3,8.59,32.94,0.36,1,1566,1660,NW
1172961.997,X_LEG_3,8.59,32.94,0.36,1,1566,1660,NW
1172962.017,X_LEG_3,8.59,32.94,0.36,1,1566,1660,NW
1172962.038,X_LEG_3,8.50,32.91,0.36,1,1566,1660,NW
1172962.059,X_LEG_3,8.50,32.91,0.36,1,1566,1660,NW
1172962.079,X_LEG_3,8.50,32.91,0.36,1,1566,1660,NW
1172962.100,X_LEG_3,8.50,32.91,0.36,1,1566,1660,NW
1172962.120,X_LEG_3,8.50,32.91,0.36,1,1566,1660,NW
1172962.142,X_LEG_3,8.50,32.91,0.36,1,1566,1660,NW
1172962.162,X_LEG_3,8.50,32.91,0.36,1,1566,1660,NW
1172962.184,X_LEG_3,8.50,32.91,0.36,1,1566,1660,NW
1172962.204,X_LEG_3,8.50,32.91,0.36,1,1566,1660,NW
1172962.225,X_LEG_3,8.50,32.91,0.36,1,1566,1660,NW
1172962.249,X_LEG_3,8.40,32.87,0.37,1,1566,1660,NW
1172962.269,X_LEG_3,8.40,32.87,0.37,1,1566,1660,NW
1172962.291,X_LEG_3,8.40,32.87,0.37,1,1566,1660,NW
1172962.311,X_LEG_3,8.40,32.87,0.37,1,1566,1660,NW
1172962.333,X_LEG_3,8.40,32.87,0.37,1,1566,1660,NW
1172962.354,X_LEG_3,8.31,32.84,0.38,1,1566,1661,NW
1172962.375,X_LEG_3,8.31,32.84,0.38,1,1566,1661,NW
1172962.395,X_LEG_3,8.31,32.84,0.38,1,1566,1661,NW
1172962.417,X_LEG_3,8.31,32.84,0.38,1,1566,1661,NW
1172962.437,X_LEG_3,8.31,32.84,0.38,1,1566,1661,NW
1172962.458,X_LEG_3,8.21,32.81,0.40,1,1566,1661,NW
1172962.481,X_LEG_3,8.21,32.81,0.40,1,1566,1661,NW
1172962.502,X_LEG_3,8.21,32.81,0.40,1,1566,1661,NW
1172962.522,X_LEG_3,8.21,32.81,0.40,1,1566,1661,NW
1172962.543,X_LEG_3,8.21,32.81,0.40,1,1566,1661,NW
1172962.563,X_LEG_3,8.11,32.78,0.41,1,1566,1661,NW
1172962.583,X_LEG_3,8.11,32.78,0.41,1,1566,1661,NW
1172962.607,X_LEG_3,8.11,32.78,0.41,1,1566,1661,NW
1172962.627,X_LEG_3,8.11,32.78,0.41,1,1566,1661,NW
1172962.649,X_LEG_3,8.11,32.78,0.41,1,1566,1661,NW
1172962.671,X_LEG_3,8.02,32.75,0.42,1,1565,1661,NW
1172962.691,X_LEG_3,8.02,32.75,0.42,1,1565,1661,NW
1172962.712,X_LEG_3,8.02,32.75,0.42,1,1565,1661,NW
1172962.732,X_LEG_3,8.02,32.75,0.42,1,1565,1661,NW
1172962.753,X_LEG_3,8.02,32.75,0.42,1,1565,1661,NW
1172962.773,X_LEG_3,7.92,32.72,0.43,1,1565,1662,NW
1172962.794,X_LEG_3,7.92,32.72,0.43,1,1565,1662,NW
1172962.814,X_LEG_3,7.92,32.72,0.43,1,1565,1662,NW
1172962.834,X_LEG_3,7.92,32.72,0.43,1,1565,1662,NW
1172962.855,X_LEG_3,7.92,32.72,0.43,1,1565,1662,NW
1172962.875,X_LEG_3,7.83,32.69,0.45,1,1565,1662,NW
1172962.898,X_LEG_3,7.83,32.69,0.45,1,1565,1662,NW
1172962.917,X_LEG_3,7.83,32.69,0.45,1,1565,1662,NW
1172962.937,X_LEG_3,7.83,32.69,0.45,1,1565,1662,NW
1172962.958,X_LEG_3,7.83,32.69,0.45,1,1565,1662,NW
1172962.978,X_LEG_3,7.83,32.69,0.45,1,1565,1662,NW
1172962.999,X_LEG_3,7.83,32.69,0.45,1,1565,1662,NW
1172963.019,X_LEG_3,7.83,32.69,0.45,1,1565,1662,NW
1172963.039,X_LEG_3,7.83,32.69,0.45,1,1565,1662,NW
1172963.061,X_LEG_3,7.83,32.69,0.45,1,1565,1662,NW
1172963.081,X_LEG_3,7.73,32.65,0.47,1,1565,1662,NW
1172963.102,X_LEG_3,7.73,32.65,0.47,1,1565,1662,NW
1172963.123,X_LEG_3,7.73,32.65,0.47,1,1565,1662,NW
1172963.143,X_LEG_3,7.73,32.65,0.47,1,1565,1662,NW
1172963.165,X_LEG_3,7.73,32.65,0.47,1,1565,1662,NW
1172963.192,X_LEG_3,7.64,32.62,0.48,1,1565,1663,NW
1172963.214,X_LEG_3,7.64,32.62,0.48,1,1565,1663,NW
1172963.237,X_LEG_3,7.64,32.62,0.48,1,1565,1663,NW
1172963.258,X_LEG_3,7.64,32.62,0.48,1,1565,1663,NW
1172963.278,X_LEG_3,7.64,32.62,0.48,1,1565,1663,NW
1172963.298,X_LEG_3,7.54,32.59,0.49,1,1565,1663,NW
1172963.320,X_LEG_3,7.54,32.59,0.49,1,1565,1663,NW
1172963.340,X_LEG_3,7.54,32.59,0.49,1,1565,1663,NW
1172963.361,X_LEG_3,7.54,32.59,0.49,1,1565,1663,NW
1172963.381,X_LEG_3,7.54,32.59,0.49,1,1565,1663,NW
1172963.402,X_LEG_3,7.45,32.56,0.51,1,1565,1663,NW
1172963.423,X_LEG_3,7.45,32.56,0.51,1,1565,1663,NW
1172963.445,X_LEG_3,7.45,32.56,0.51,1,1565,1663,NW
1172963.465,X_LEG_3,7.45,32.56,0.51,1,1565,1663,NW
1172963.486,X_LEG_3,7.45,32.56,0.51,1,1565,1663,NW
1172963.506,X_LEG_3,7.35,32.53,0.52,1,1565,1663,NW
1172963.527,X_LEG_3,7.35,32.53,0.52,1,1565,1663,NW
1172963.548,X_LEG_3,7.35,32.53,0.52,1,1565,1663,NW
1172963.568,X_LEG_3,7.35,32.53,0.52,1,1565,1663,NW
1172963.588,X_LEG_3,7.35,32.53,0.52,1,1565,1663,NW
1172963.609,X_LEG_3,7.26,32.50,0.53,1,1565,1664,NW
1172963.630,X_LEG_3,7.26,32.50,0.53,1,1565,1664,NW
1172963.650,X_LEG_3,7.26,32.50,0.53,1,1565,1664,NW
1172963.671,X_LEG_3,7.26,32.50,0.53,1,1565,1664,NW
1172963.691,X_LEG_3,7.26,32.50,0.53,1,1565,1664,NW
1172963.711,X_LEG_3,7.26,32.50,0.53,1,1565,1664,NW
1172963.732,X_LEG_3,7.26,32.50,0.53,1,1565,1664,NW
1172963.752,X_LEG_3,7.26,32.50,0.53,1,1565,1664,NW
1172963.773,X_LEG_3,7.26,32.50,0.53,1,1565,1664,NW
1172963.794,X_LEG_3,7.26,32.50,0.53,1,1565,1664,NW
1172963.815,X_LEG_3,7.12,32.45,0.54,1,1565,1664,NW
1172963.836,X_LEG_3,7.12,32.45,0.54,1,1565,1664,NW
1172963.856,X_LEG_3,7.12,32.45,0.54,1,1565,1664,NW
1172963.877,X_LEG_3,7.12,32.45,0.54,1,1565,1664,NW
1172963.898,X_LEG_3,7.12,32.45,0.54,1,1565,1664,NW
1172963.918,X_LEG_3,7.02,32.42,0.56,1,1565,1664,NW
1172963.938,X_LEG_3,7.02,32.42,0.56,1,1565,1664,NW
1172963.961,X_LEG_3,7.02,32.42,0.56,1,1565,1664,NW
1172963.984,X_LEG_3,7.02,32.42,0.56,1,1565,1664,NW
1172964.004,X_LEG_3,7.02,32.42,0.56,1,1565,1664,NW
1172964.025,X_LEG_3,6.93,32.39,0.57,1,1565,1665,NW
1172964.045,X_LEG_3,6.93,32.39,0.57,1,1565,1665,NW
1172964.065,X_LEG_3,6.93,32.39,0.57,1,1565,1665,NW
1172964.086,X_LEG_3,6.93,32.39,0.57,1,1565,1665,NW
1172964.106,X_LEG_3,6.93,32.39,0.57,1,1565,1665,NW
1172964.127,X_LEG_3,6.83,32.36,0.58,1,1565,1665,NW
1172964.147,X_LEG_3,6.83,32.36,0.58,1,1565,1665,NW
1172964.169,X_LEG_3,6.83,32.36,0.58,1,1565,1665,NW
1172964.190,X_LEG_3,6.83,32.36,0.58,1,1565,1665,NW
1172964.210,X_LEG_3,6.83,32.36,0.58,1,1565,1665,NW
1172964.231,X_LEG_3,6.74,32.32,0.59,1,1565,1665,NW
1172964.251,X_LEG_3,6.74,32.32,0.59,1,1565,1665,NW
1172964.271,X_LEG_3,6.74,32.32,0.59,1,1565,1665,NW
1172964.292,X_LEG_3,6.74,32.32,0.59,1,1565,1665,NW
1172964.312,X_LEG_3,6.74,32.32,0.59,1,1565,1665,NW
1172964.332,X_LEG_3,6.65,32.29,0.61,1,1565,1666,NW
1172964.353,X_LEG_3,6.65,32.29,0.61,1,1565,1666,NW
1172964.375,X_LEG_3,6.65,32.29,0.61,1,1565,1666,NW
1172964.395,X_LEG_3,6.65,32.29,0.61,1,1565,1666,NW
1172964.415,X_LEG_3,6.65,32.29,0.61,1,1565,1666,NW
1172964.436,X_LEG_3,6.55,32.26,0.63,1,1565,1666,NW
1172964.456,X_LEG_3,6.55,32.26,0.63,1,1565,1666,NW
1172964.477,X_LEG_3,6.55,32.26,0.63,1,1565,1666,NW
1172964.497,X_LEG_3,6.55,32.26,0.63,1,1565,1666,NW
1172964.518,X_LEG_3,6.55,32.26,0.63,1,1565,1666,NW
1172964.538,X_LEG_3,6.41,32.21,0.64,1,1564,1666,NW
1172964.559,X_LEG_3,6.41,32.21,0.64,1,1564,1666,NW
1172964.580,X_LEG_3,6.41,32.21,0.64,1,1564,1666,NW
1172964.600,X_LEG_3,6.41,32.21,0.64,1,1564,1666,NW
1172964.621,X_LEG_3,6.41,32.21,0.64,1,1564,1666,NW
1172964.641,X_LEG_3,6.41,32.18,0.65,1,1564,1666,NW
1172964.661,X_LEG_3,6.32,32.18,0.65,1,1564,1667,NW
1172964.682,X_LEG_3,6.32,32.18,0.65,1,1564,1667,NW
1172964.702,X_LEG_3,6.32,32.18,0.65,1,1564,1667,NW
1172964.723,X_LEG_3,6.32,32.18,0.65,1,1564,1667,NW
1172964.744,X_LEG_3,6.18,32.14,0.67,1,1564,1667,NW
1172964.766,X_LEG_3,6.18,32.14,0.67,1,1564,1667,NW
1172964.787,X_LEG_3,6.18,32.14,0.67,1,1564,1667,NW
1172964.807,X_LEG_3,6.18,32.14,0.67,1,1564,1667,NW
1172964.828,X_LEG_3,6.18,32.14,0.67,1,1564,1667,NW
1172964.849,X_LEG_3,6.18,32.14,0.67,1,1564,1667,NW
1172964.870,X_LEG_3,6.18,32.14,0.67,1,1564,1667,NW
1172964.891,X_LEG_3,6.18,32.14,0.67,1,1564,1667,NW
1172964.911,X_LEG_3,6.18,32.14,0.67,1,1564,1667,NW
1172964.932,X_LEG_3,6.18,32.14,0.67,1,1564,1667,NW
1172964.952,X_LEG_3,6.04,32.09,0.69,1,1564,1667,NW
1172964.973,X_LEG_3,6.04,32.09,0.69,1,1564,1667,NW
1172964.994,X_LEG_3,6.04,32.09,0.69,1,1564,1667,NW
1172965.017,X_LEG_3,6.04,32.09,0.69,1,1564,1667,NW
1172965.039,X_LEG_3,6.04,32.09,0.69,1,1564,1667,NW
1172965.059,X_LEG_3,5.95,32.06,0.70,1,1564,1668,NW
1172965.080,X_LEG_3,5.95,32.06,0.70,1,1564,1668,NW
1172965.100,X_LEG_3,5.95,32.06,0.70,1,1564,1668,NW
1172965.121,X_LEG_3,5.95,32.06,0.70,1,1564,1668,NW
1172965.144,X_LEG_3,5.95,32.06,0.70,1,1564,1668,NW
1172965.164,X_LEG_3,5.81,32.01,0.71,1,1564,1668,NW
1172965.185,X_LEG_3,5.81,32.01,0.71,1,1564,1668,NW
1172965.206,X_LEG_3,5.81,32.01,0.71,1,1564,1668,NW
1172965.226,X_LEG_3,5.81,32.01,0.71,1,1564,1668,NW
1172965.248,X_LEG_3,5.81,32.01,0.71,1,1564,1668,NW
1172965.268,X_LEG_3,5.72,31.99,0.73,1,1564,1668,NW
1172965.289,X_LEG_3,5.72,31.99,0.73,1,1564,1668,NW
1172965.310,X_LEG_3,5.72,31.99,0.73,1,1564,1668,NW
1172965.329,X_LEG_3,5.72,31.99,0.73,1,1564,1668,NW
1172965.350,X_LEG_3,5.72,31.99,0.73,1,1564,1668,NW
1172965.370,X_LEG_3,5.72,31.99,0.73,1,1564,1668,NW
1172965.391,X_LEG_3,5.72,31.99,0.73,1,1564,1668,NW
1172965.411,X_LEG_3,5.72,31.99,0.73,1,1564,1668,NW
1172965.432,X_LEG_3,5.72,31.99,0.73,1,1564,1668,NW
1172965.452,X_LEG_3,5.72,31.99,0.73,1,1564,1668,NW
1172965.473,X_LEG_3,5.58,31.93,0.75,1,1564,1669,NW
1172965.493,X_LEG_3,5.58,31.93,0.75,1,1564,1669,NW
1172965.514,X_LEG_3,5.58,31.93,0.75,1,1564,1669,NW
1172965.535,X_LEG_3,5.58,31.93,0.75,1,1564,1669,NW
1172965.555,X_LEG_3,5.58,31.93,0.75,1,1564,1669,NW
1172965.575,X_LEG_3,5.49,31.90,0.76,1,1564,1669,NW
1172965.596,X_LEG_3,5.49,31.90,0.76,1,1564,1669,NW
1172965.616,X_LEG_3,5.49,31.90,0.76,1,1564,1669,NW
1172965.637,X_LEG_3,5.49,31.90,0.76,1,1564,1669,NW
1172965.657,X_LEG_3,5.49,31.90,0.76,1,1564,1669,NW
1172965.677,X_LEG_3,5.35,31.86,0.78,1,1564,1669,NW
1172965.697,X_LEG_3,5.35,31.86,0.78,1,1564,1669,NW
1172965.718,X_LEG_3,5.35,31.86,0.78,1,1564,1669,NW
1172965.739,X_LEG_3,5.35,31.86,0.78,1,1564,1669,NW
1172965.759,X_LEG_3,5.35,31.86,0.78,1,1564,1669,NW
1172965.780,X_LEG_3,5.26,31.83,0.79,1,1564,1670,NW
1172965.800,X_LEG_3,5.26,31.83,0.79,1,1564,1670,NW
1172965.821,X_LEG_3,5.26,31.83,0.79,1,1564,1670,NW
1172965.842,X_LEG_3,5.26,31.83,0.79,1,1564,1670,NW
1172965.862,X_LEG_3,5.26,31.83,0.79,1,1564,1670,NW
1172965.882,X_LEG_3,5.26,31.83,0.79,1,1564,1670,NW
1172965.903,X_LEG_3,5.26,31.83,0.79,1,1564,1670,NW
1172965.923,X_LEG_3,5.26,31.83,0.79,1,1564,1670,NW
1172965.944,X_LEG_3,5.26,31.83,0.79,1,1564,1670,NW
1172965.964,X_LEG_3,5.26,31.83,0.79,1,1564,1670,NW
1172965.985,X_LEG_3,5.12,31.78,0.80,1,1564,1670,NW
1172966.005,X_LEG_3,5.12,31.78,0.80,1,1564,1670,NW
1172966.026,X_LEG_3,5.12,31.78,0.80,1,1564,1670,NW
1172966.046,X_LEG_3,5.12,31.78,0.80,1,1564,1670,NW
1172966.066,X_LEG_3,5.12,31.78,0.80,1,1564,1670,NW
1172966.087,X_LEG_3,4.99,31.73,0.82,1,1563,1671,NW
1172966.107,X_LEG_3,4.99,31.73,0.82,1,1563,1671,NW
1172966.129,X_LEG_3,4.99,31.73,0.82,1,1563,1671,NW
1172966.149,X_LEG_3,4.99,31.73,0.82,1,1563,1671,NW
1172966.170,X_LEG_3,4.99,31.73,0.82,1,1563,1671,NW
1172966.190,X_LEG_3,4.90,31.71,0.83,1,1563,1671,NW
1172966.210,X_LEG_3,4.90,31.71,0.83,1,1563,1671,NW
1172966.231,X_LEG_3,4.90,31.71,0.83,1,1563,1671,NW
1172966.252,X_LEG_3,4.90,31.71,0.83,1,1563,1671,NW
1172966.272,X_LEG_3,4.90,31.71,0.83,1,1563,1671,NW
1172966.292,X_LEG_3,4.90,31.71,0.83,1,1563,1671,NW
1172966.314,X_LEG_3,4.90,31.71,0.83,1,1563,1671,NW
1172966.334,X_LEG_3,4.90,31.71,0.83,1,1563,1671,NW
1172966.355,X_LEG_3,4.90,31.71,0.83,1,1563,1671,NW
1172966.376,X_LEG_3,4.90,31.71,0.83,1,1563,1671,NW
1172966.397,X_LEG_3,4.77,31.66,0.85,1,1563,1671,NW
1172966.417,X_LEG_3,4.77,31.66,0.85,1,1563,1671,NW
1172966.440,X_LEG_3,4.77,31.66,0.85,1,1563,1671,NW
1172966.460,X_LEG_3,4.77,31.66,0.85,1,1563,1671,NW
1172966.481,X_LEG_3,4.77,31.66,0.85,1,1563,1671,NW
1172966.501,X_LEG_3,4.68,31.63,0.86,1,1563,1671,NW
1172966.522,X_LEG_3,4.68,31.63,0.86,1,1563,1671,NW
1172966.542,X_LEG_3,4.68,31.63,0.86,1,1563,1671,NW
1172966.562,X_LEG_3,4.68,31.63,0.86,1,1563,1671,NW
1172966.583,X_LEG_3,4.68,31.63,0.86,1,1563,1671,NW
1172966.603,X_LEG_3,4.59,31.60,0.86,1,1563,1672,NW
1172966.623,X_LEG_3,4.59,31.60,0.86,1,1563,1672,NW
1172966.644,X_LEG_3,4.59,31.60,0.86,1,1563,1672,NW
1172966.664,X_LEG_3,4.59,31.60,0.86,1,1563,1672,NW
1172966.684,X_LEG_3,4.59,31.60,0.86,1,1563,1672,NW
1172966.705,X_LEG_3,4.48,31.57,0.85,1,1563,1672,NW
1172966.726,X_LEG_3,4.48,31.57,0.85,1,1563,1672,NW
1172966.746,X_LEG_3,4.48,31.57,0.85,1,1563,1672,NW
1172966.767,X_LEG_3,4.48,31.57,0.85,1,1563,1672,NW
1172966.787,X_LEG_3,4.48,31.57,0.85,1,1563,1672,NW
1172966.808,X_LEG_3,4.48,31.57,0.85,1,1563,1672,NW
1172966.828,X_LEG_3,4.48,31.57,0.85,1,1563,1672,NW
1172966.849,X_LEG_3,4.48,31.57,0.85,1,1563,1672,NW
1172966.869,X_LEG_3,4.48,31.57,0.85,1,1563,1672,NW
1172966.890,X_LEG_3,4.48,31.57,0.85,1,1563,1672,NW
1172966.910,X_LEG_3,4.43,31.57,0.83,1,1563,1672,NW
1172966.931,X_LEG_3,4.43,31.57,0.83,1,1563,1672,NW
1172966.951,X_LEG_3,4.43,31.57,0.83,1,1563,1672,NW
1172966.973,X_LEG_3,4.43,31.57,0.83,1,1563,1672,NW
1172966.993,X_LEG_3,4.43,31.57,0.83,1,1563,1672,NW
1172967.014,X_LEG_3,4.41,31.57,0.79,1,1563,1672,NW
1172967.034,X_LEG_3,4.41,31.57,0.79,1,1563,1672,NW
1172967.054,X_LEG_3,4.41,31.57,0.79,1,1563,1672,NW
1172967.075,X_LEG_3,4.41,31.57,0.79,1,1563,1672,NW
1172967.096,X_LEG_3,4.41,31.57,0.79,1,1563,1672,NW
1172967.116,X_LEG_3,4.41,31.58,0.75,1,1563,1672,NW
1172967.136,X_LEG_3,4.41,31.58,0.75,1,1563,1672,NW
1172967.156,X_LEG_3,4.41,31.58,0.75,1,1563,1672,NW
1172967.177,X_LEG_3,4.41,31.58,0.75,1,1563,1672,NW
1172967.197,X_LEG_3,4.41,31.58,0.75,1,1563,1672,NW
1172967.226,X_LEG_3,4.41,31.59,0.71,1,1563,1672,NW
1172967.246,X_LEG_3,4.41,31.59,0.71,1,1563,1672,NW
1172967.267,X_LEG_3,4.41,31.59,0.71,1,1563,1672,NW
1172967.287,X_LEG_3,4.41,31.59,0.71,1,1563,1672,NW
1172967.307,X_LEG_3,4.41,31.59,0.71,1,1563,1672,NW
1172967.328,X_LEG_3,4.41,31.61,5.65,1,1563,1672,NW
1172967.349,X_LEG_3,4.41,31.61,5.65,1,1563,1672,NW
1172967.371,X_LEG_3,4.41,31.61,5.65,1,1563,1672,NW
1172967.392,X_LEG_3,4.41,31.61,5.65,1,1563,1672,NW
1172967.413,X_LEG_3,4.41,31.61,5.65,1,1563,1672,NW
1172967.433,X_LEG_3,4.41,31.61,5.65,1,1563,1672,NW
1172967.454,X_LEG_3,4.41,31.61,5.65,1,1563,1672,NW
1172967.474,X_LEG_3,4.41,31.61,5.65,1,1563,1672,NW
1172967.497,X_LEG_3,4.41,31.61,5.65,1,1563,1672,NW
1172967.516,X_LEG_3,4.41,31.61,5.65,1,1563,1672,NW
1172967.536,X_LEG_3,4.41,31.63,5.60,1,1563,1672,NW
1172967.557,X_LEG_3,4.41,31.63,5.60,1,1563,1672,NW
1172967.577,X_LEG_3,4.41,31.63,5.60,1,1563,1672,NW
1172967.597,X_LEG_3,4.41,31.63,5.60,1,1563,1672,NW
1172967.618,X_LEG_3,4.41,31.63,5.60,1,1563,1672,NW
1172967.638,X_LEG_3,4.41,31.63,5.60,1,1563,1672,NW
1172967.659,X_LEG_3,4.41,31.63,5.60,1,1563,1672,NW
1172967.680,X_LEG_3,4.41,31.63,5.60,1,1563,1672,NW
1172967.700,X_LEG_3,4.41,31.63,5.60,1,1563,1672,NW
1172967.721,X_LEG_3,4.41,31.63,5.60,1,1563,1672,NW
1172967.741,X_LEG_3,4.42,31.64,5.53,1,1563,1672,NW
1172967.762,X_LEG_3,4.42,31.64,5.53,1,1563,1672,NW
1172967.784,X_LEG_3,4.42,31.64,5.53,1,1563,1672,NW
1172967.805,X_LEG_3,4.42,31.64,5.53,1,1563,1672,NW
1172967.825,X_LEG_3,4.42,31.64,5.53,1,1563,1672,NW
1172967.847,X_LEG_3,4.42,31.67,5.49,1,1563,1672,NW
1172967.868,X_LEG_3,4.42,31.67,5.49,1,1563,1672,NW
1172967.888,X_LEG_3,4.42,31.67,5.49,1,1563,1672,NW
1172967.909,X_LEG_3,4.42,31.67,5.49,1,1563,1672,NW
1172967.929,X_LEG_3,4.42,31.67,5.49,1,1563,1672,NW
1172967.950,X_LEG_3,4.43,31.69,5.43,1,1563,1672,NW
1172967.972,X_LEG_3,4.43,31.69,5.43,1,1563,1672,NW
1172967.993,X_LEG_3,4.43,31.69,5.43,1,1563,1672,NW
1172968.014,X_LEG_3,4.43,31.69,5.43,1,1563,1672,NW
1172968.035,X_LEG_3,4.43,31.69,5.43,1,1563,1672,NW
1172968.055,X_LEG_3,4.43,31.70,5.37,1,1563,1672,NW
1172968.075,X_LEG_3,4.43,31.70,5.37,1,1563,1672,NW
1172968.097,X_LEG_3,4.43,31.70,5.37,1,1563,1672,NW
1172968.117,X_LEG_3,4.43,31.70,5.37,1,1563,1672,NW
1172968.138,X_LEG_3,4.43,31.70,5.37,1,1563,1672,NW
1172968.160,X_LEG_3,4.44,31.73,5.31,1,1563,1672,NW
1172968.181,X_LEG_3,4.44,31.73,5.31,1,1563,1672,NW
1172968.201,X_LEG_3,4.44,31.73,5.31,1,1563,1672,NW
1172968.225,X_LEG_3,4.44,31.73,5.31,1,1563,1672,NW
1172968.245,X_LEG_3,4.44,31.73,5.31,1,1563,1672,NW
1172968.266,X_LEG_3,4.44,31.73,5.31,1,1563,1672,NW
1172968.286,X_LEG_3,4.44,31.73,5.31,1,1563,1672,NW
1172968.307,X_LEG_3,4.44,31.73,5.31,1,1563,1672,NW
1172968.329,X_LEG_3,4.44,31.73,5.31,1,1563,1672,NW
1172968.349,X_LEG_3,4.44,31.73,5.31,1,1563,1672,NW
1172968.370,X_LEG_3,4.45,31.74,5.25,1,1563,1672,NW
1172968.390,X_LEG_3,4.45,31.74,5.25,1,1563,1672,NW
1172968.411,X_LEG_3,4.45,31.74,5.25,1,1563,1672,NW
1172968.431,X_LEG_3,4.45,31.74,5.25,1,1563,1672,NW
1172968.451,X_LEG_3,4.45,31.74,5.25,1,1563,1672,NW
1172968.473,X_LEG_3,4.45,31.76,5.19,1,1564,1672,NW
1172968.494,X_LEG_3,4.45,31.76,5.19,1,1564,1672,NW
1172968.514,X_LEG_3,4.45,31.76,5.19,1,1564,1672,NW
1172968.535,X_LEG_3,4.45,31.76,5.19,1,1564,1672,NW
1172968.555,X_LEG_3,4.45,31.76,5.19,1,1564,1672,NW
1172968.575,X_LEG_3,4.46,31.78,5.12,1,1564,1672,NW
1172968.597,X_LEG_3,4.46,31.78,5.12,1,1564,1672,NW
1172968.618,X_LEG_3,4.46,31.78,5.12,1,1564,1672,NW
1172968.639,X_LEG_3,4.46,31.78,5.12,1,1564,1672,NW
1172968.659,X_LEG_3,4.46,31.78,5.12,1,1564,1672,NW
1172968.680,X_LEG_3,4.47,31.80,5.08,1,1564,1672,NW
1172968.700,X_LEG_3,4.47,31.80,5.08,1,1564,1672,NW
1172968.721,X_LEG_3,4.47,31.80,5.08,1,1564,1672,NW
1172968.741,X_LEG_3,4.47,31.80,5.08,1,1564,1672,NW
1172968.761,X_LEG_3,4.47,31.80,5.08,1,1564,1672,NW
1172968.782,X_LEG_3,4.48,31.81,5.02,1,1564,1672,NW
1172968.802,X_LEG_3,4.48,31.81,5.02,1,1564,1672,NW
1172968.823,X_LEG_3,4.48,31.81,5.02,1,1564,1672,NW
1172968.845,X_LEG_3,4.48,31.81,5.02,1,1564,1672,NW
1172968.864,X_LEG_3,4.48,31.81,5.02,1,1564,1672,NW
1172968.884,X_LEG_3,4.49,31.82,3.96,1,1564,1672,NW
1172968.905,X_LEG_3,4.49,31.82,3.96,1,1564,1672,NW
1172968.926,X_LEG_3,4.49,31.82,3.96,1,1564,1672,NW
1172968.947,X_LEG_3,4.49,31.82,3.96,1,1564,1672,NW
1172968.967,X_LEG_3,4.49,31.82,3.96,1,1564,1672,NW
1172968.988,X_LEG_3,4.50,31.84,3.89,1,1564,1672,NW
1172969.009,X_LEG_3,4.50,31.84,3.89,1,1564,1672,NW
1172969.029,X_LEG_3,4.50,31.84,3.89,1,1564,1672,NW
1172969.050,X_LEG_3,4.50,31.84,3.89,1,1564,1672,NW
1172969.071,X_LEG_3,4.50,31.84,3.89,1,1564,1672,NW
1172969.092,X_LEG_3,4.51,31.85,3.83,1,1564,1672,NW
1172969.115,X_LEG_3,4.51,31.85,3.83,1,1564,1672,NW
1172969.135,X_LEG_3,4.51,31.85,3.83,1,1564,1672,NW
1172969.156,X_LEG_3,4.51,31.85,3.83,1,1564,1672,NW
1172969.177,X_LEG_3,4.51,31.85,3.83,1,1564,1672,NW
1172969.199,X_LEG_3,4.52,31.87,3.77,1,1564,1672,NW
1172969.218,X_LEG_3,4.52,31.87,3.77,1,1564,1672,NW
1172969.244,X_LEG_3,4.52,31.87,3.77,1,1564,1672,NW
1172969.265,X_LEG_3,4.52,31.87,3.77,1,1564,1672,NW
1172969.286,X_LEG_3,4.52,31.87,3.77,1,1564,1672,NW
1172969.307,X_LEG_3,4.53,31.88,3.71,1,1564,1672,NW
1172969.327,X_LEG_3,4.53,31.88,3.71,1,1564,1672,NW
1172969.351,X_LEG_3,4.53,31.88,3.71,1,1564,1672,NW
1172969.371,X_LEG_3,4.53,31.88,3.71,1,1564,1672,NW
1172969.392,X_LEG_3,4.53,31.88,3.71,1,1564,1672,NW
1172969.412,X_LEG_3,4.54,31.89,3.65,1,1564,1672,NW
1172969.432,X_LEG_3,4.54,31.89,3.65,1,1564,1672,NW
1172969.453,X_LEG_3,4.54,31.89,3.65,1,1564,1672,NW
1172969.474,X_LEG_3,4.54,31.89,3.65,1,1564,1672,NW
1172969.495,X_LEG_3,4.54,31.89,3.65,1,1564,1672,NW
1172969.515,X_LEG_3,4.54,31.89,3.65,1,1564,1672,NW
1172969.537,X_LEG_3,4.54,31.89,3.65,1,1564,1672,NW
1172969.557,X_LEG_3,4.54,31.89,3.65,1,1564,1672,NW
1172969.580,X_LEG_3,4.54,31.89,3.65,1,1564,1672,NW
1172969.600,X_LEG_3,4.54,31.89,3.65,1,1564,1672,NW
1172969.620,X_LEG_3,4.55,31.92,3.60,1,1564,1672,NW
1172969.641,X_LEG_3,4.55,31.92,3.60,1,1564,1672,NW
1172969.663,X_LEG_3,4.55,31.92,3.60,1,1564,1672,NW
1172969.684,X_LEG_3,4.55,31.92,3.60,1,1564,1672,NW
1172969.704,X_LEG_3,4.55,31.92,3.60,1,1564,1672,NW
1172969.725,X_LEG_3,4.56,31.93,2.54,1,1564,1672,NW
1172969.745,X_LEG_3,4.56,31.93,2.54,1,1564,1672,NW
1172969.765,X_LEG_3,4.56,31.93,2.54,1,1564,1672,NW
1172969.786,X_LEG_3,4.56,31.93,2.54,1,1564,1672,NW
1172969.807,X_LEG_3,4.56,31.93,2.54,1,1564,1672,NW
1172969.830,X_LEG_3,4.57,31.95,2.48,1,1564,1672,NW
1172969.849,X_LEG_3,4.57,31.95,2.48,1,1564,1672,NW
1172969.869,X_LEG_3,4.57,31.95,2.48,1,1564,1672,NW
1172969.892,X_LEG_3,4.57,31.95,2.48,1,1564,1672,NW
1172969.913,X_LEG_3,4.57,31.95,2.48,1,1564,1672,NW
1172969.933,X_LEG_3,4.58,31.96,2.42,1,1564,1672,NW
1172969.954,X_LEG_3,4.58,31.96,2.42,1,1564,1672,NW
1172969.974,X_LEG_3,4.58,31.96,2.42,1,1564,1672,NW
1172969.994,X_LEG_3,4.58,31.96,2.42,1,1564,1672,NW
1172970.015,X_LEG_3,4.58,31.96,2.42,1,1564,1672,NW
1172970.035,X_LEG_3,4.60,31.97,2.36,1,1564,1672,NW
1172970.056,X_LEG_3,4.60,31.97,2.36,1,1564,1672,NW
1172970.077,X_LEG_3,4.60,31.97,2.36,1,1564,1672,NW
1172970.097,X_LEG_3,4.60,31.97,2.36,1,1564,1672,NW
1172970.118,X_LEG_3,4.60,31.97,2.36,1,1564,1672,NW
1172970.138,X_LEG_3,4.61,31.99,2.30,1,1564,1672,NW
1172970.158,X_LEG_3,4.61,31.99,2.30,1,1564,1672,NW
1172970.179,X_LEG_3,4.61,31.99,2.30,1,1564,1672,NW
1172970.199,X_LEG_3,4.61,31.99,2.30,1,1564,1672,NW
1172970.221,X_LEG_3,4.61,31.99,2.30,1,1564,1672,NW
1172970.241,X_LEG_3,4.62,31.99,2.26,1,1564,1672,NW
1172970.262,X_LEG_3,4.62,31.99,2.26,1,1564,1672,NW
1172970.283,X_LEG_3,4.62,31.99,2.26,1,1564,1672,NW
1172970.303,X_LEG_3,4.62,31.99,2.26,1,1564,1672,NW
1172970.324,X_LEG_3,4.62,31.99,2.26,1,1564,1672,NW
1172970.345,X_LEG_3,4.63,32.01,2.20,1,1564,1672,NW
1172970.365,X_LEG_3,4.63,32.01,2.20,1,1564,1672,NW
1172970.386,X_LEG_3,4.63,32.01,2.20,1,1564,1672,NW
1172970.406,X_LEG_3,4.63,32.01,2.20,1,1564,1672,NW
1172970.427,X_LEG_3,4.63,32.01,2.20,1,1564,1672,NW
1172970.449,X_LEG_3,4.65,32.02,2.14,1,1564,1672,NW
1172970.470,X_LEG_3,4.65,32.02,2.14,1,1564,1672,NW
1172970.490,X_LEG_3,4.65,32.02,2.14,1,1564,1672,NW
1172970.511,X_LEG_3,4.65,32.02,2.14,1,1564,1672,NW
1172970.533,X_LEG_3,4.65,32.02,2.14,1,1564,1672,NW
1172970.553,X_LEG_3,4.65,32.02,2.14,1,1564,1672,NW
1172970.573,X_LEG_3,4.65,32.02,2.14,1,1564,1672,NW
1172970.594,X_LEG_3,4.65,32.02,2.14,1,1564,1672,NW
1172970.617,X_LEG_3,4.65,32.02,2.14,1,1564,1672,NW
1172970.637,X_LEG_3,4.65,32.02,2.14,1,1564,1672,NW
1172970.658,X_LEG_3,4.67,32.04,2.05,1,1564,1671,NW
1172970.678,X_LEG_3,4.67,32.04,2.05,1,1564,1671,NW
1172970.699,X_LEG_3,4.67,32.04,2.05,1,1564,1671,NW
1172970.719,X_LEG_3,4.67,32.04,2.05,1,1564,1671,NW
1172970.739,X_LEG_3,4.67,32.04,2.05,1,1564,1671,NW
1172970.760,X_LEG_3,4.69,32.04,2.00,1,1564,1671,NW
1172970.781,X_LEG_3,4.69,32.04,2.00,1,1564,1671,NW
1172970.802,X_LEG_3,4.69,32.04,2.00,1,1564,1671,NW
1172970.823,X_LEG_3,4.69,32.04,2.00,1,1564,1671,NW
1172970.845,X_LEG_3,4.69,32.04,2.00,1,1564,1671,NW
1172970.865,X_LEG_3,4.70,32.06,1.94,1,1564,1671,NW
1172970.887,X_LEG_3,4.70,32.06,1.94,1,1564,1671,NW
1172970.908,X_LEG_3,4.70,32.06,1.94,1,1564,1671,NW
1172970.929,X_LEG_3,4.70,32.06,1.94,1,1564,1671,NW
1172970.949,X_LEG_3,4.70,32.06,1.94,1,1564,1671,NW
1172970.969,X_LEG_3,4.71,32.07,1.89,1,1564,1671,NW
1172970.991,X_LEG_3,4.71,32.07,1.89,1,1564,1671,NW
1172971.012,X_LEG_3,4.71,32.07,1.89,1,1564,1671,NW
1172971.032,X_LEG_3,4.71,32.07,1.89,1,1564,1671,NW
1172971.053,X_LEG_3,4.71,32.07,1.89,1,1564,1671,NW
1172971.073,X_LEG_3,4.73,32.07,1.82,1,1564,1671,NW
1172971.094,X_LEG_3,4.73,32.07,1.82,1,1564,1671,NW
1172971.115,X_LEG_3,4.73,32.07,1.82,1,1564,1671,NW
1172971.135,X_LEG_3,4.73,32.07,1.82,1,1564,1671,NW
1172971.156,X_LEG_3,4.73,32.07,1.82,1,1564,1671,NW
1172971.176,X_LEG_3,4.73,32.07,1.82,1,1564,1671,NW
1172971.196,X_LEG_3,4.73,32.07,1.82,1,1564,1671,NW
1172971.217,X_LEG_3,4.73,32.07,1.82,1,1564,1671,NW
1172971.237,X_LEG_3,4.73,32.07,1.82,1,1564,1671,NW
1172971.257,X_LEG_3,4.73,32.07,1.82,1,1564,1671,NW
1172971.278,X_LEG_3,4.75,32.09,1.75,1,1564,1671,NW
1172971.298,X_LEG_3,4.75,32.09,1.75,1,1564,1671,NW
1172971.319,X_LEG_3,4.75,32.09,1.75,1,1564,1671,NW
1172971.341,X_LEG_3,4.75,32.09,1.75,1,1564,1671,NW
1172971.361,X_LEG_3,4.75,32.09,1.75,1,1564,1671,NW
1172971.382,X_LEG_3,4.77,32.09,1.69,1,1564,1671,NW
1172971.403,X_LEG_3,4.77,32.09,1.69,1,1564,1671,NW
1172971.424,X_LEG_3,4.77,32.09,1.69,1,1564,1671,NW
1172971.445,X_LEG_3,4.77,32.09,1.69,1,1564,1671,NW
1172971.465,X_LEG_3,4.77,32.09,1.69,1,1564,1671,NW
1172971.486,X_LEG_3,4.79,32.10,1.64,1,1564,1671,NW
1172971.506,X_LEG_3,4.79,32.10,1.64,1,1564,1671,NW
1172971.526,X_LEG_3,4.79,32.10,1.64,1,1564,1671,NW
1172971.547,X_LEG_3,4.79,32.10,1.64,1,1564,1671,NW
1172971.568,X_LEG_3,4.79,32.10,1.64,1,1564,1671,NW
1172971.589,X_LEG_3,4.81,32.12,1.55,1,1564,1671,NW
1172971.609,X_LEG_3,4.81,32.12,1.55,1,1564,1671,NW
1172971.630,X_LEG_3,4.81,32.12,1.55,1,1564,1671,NW
1172971.652,X_LEG_3,4.81,32.12,1.55,1,1564,1671,NW
1172971.672,X_LEG_3,4.81,32.12,1.55,1,1564,1671,NW
1172971.693,X_LEG_3,4.83,32.12,1.51,1,1564,1671,NW
1172971.713,X_LEG_3,4.83,32.12,1.51,1,1564,1671,NW
1172971.734,X_LEG_3,4.83,32.12,1.51,1,1564,1671,NW
1172971.754,X_LEG_3,4.83,32.12,1.51,1,1564,1671,NW
1172971.777,X_LEG_3,4.83,32.12,1.51,1,1564,1671,NW
1172971.797,X_LEG_3,4.85,32.13,1.46,1,1564,1671,NW
1172971.818,X_LEG_3,4.85,32.13,1.46,1,1564,1671,NW
1172971.838,X_LEG_3,4.85,32.13,1.46,1,1564,1671,NW
1172971.859,X_LEG_3,4.85,32.13,1.46,1,1564,1671,NW
1172971.879,X_LEG_3,4.85,32.13,1.46,1,1564,1671,NW
1172971.903,X_LEG_3,4.85,32.13,1.46,1,1564,1671,NW
1172971.923,X_LEG_3,4.85,32.13,1.46,1,1564,1671,NW
1172971.945,X_LEG_3,4.85,32.13,1.46,1,1564,1671,NW
1172971.965,X_LEG_3,4.85,32.13,1.46,1,1564,1671,NW
1172971.987,X_LEG_3,4.85,32.13,1.46,1,1564,1671,NW
1172972.007,X_LEG_3,4.87,32.14,0.42,1,1564,1671,NW
1172972.027,X_LEG_3,4.87,32.14,0.42,1,1564,1671,NW
1172972.048,X_LEG_3,4.87,32.14,0.42,1,1564,1671,NW
1172972.069,X_LEG_3,4.87,32.14,0.42,1,1564,1671,NW
1172972.092,X_LEG_3,4.87,32.14,0.42,1,1564,1671,NW
1172972.112,X_LEG_3,4.89,32.14,0.36,1,1564,1671,NW
1172972.133,X_LEG_3,4.89,32.14,0.36,1,1564,1671,NW
1172972.153,X_LEG_3,4.89,32.14,0.36,1,1564,1671,NW
1172972.174,X_LEG_3,4.89,32.14,0.36,1,1564,1671,NW
1172972.194,X_LEG_3,4.89,32.14,0.36,1,1564,1671,NW
1172972.215,X_LEG_3,4.91,32.15,0.30,1,1564,1671,NW
1172972.236,X_LEG_3,4.91,32.15,0.30,1,1564,1671,NW
1172972.256,X_LEG_3,4.91,32.15,0.30,1,1564,1671,NW
1172972.277,X_LEG_3,4.91,32.15,0.30,1,1564,1671,NW
1172972.297,X_LEG_3,4.91,32.15,0.30,1,1564,1671,NW
1172972.317,X_LEG_3,4.93,32.16,0.25,1,1564,1671,NW
1172972.338,X_LEG_3,4.93,32.16,0.25,1,1564,1671,NW
1172972.359,X_LEG_3,4.93,32.16,0.25,1,1564,1671,NW
1172972.379,X_LEG_3,4.93,32.16,0.25,1,1564,1671,NW
1172972.399,X_LEG_3,4.93,32.16,0.25,1,1564,1671,NW
1172972.420,X_LEG_3,4.95,32.16,0.20,1,1564,1671,NW
1172972.440,X_LEG_3,4.95,32.16,0.20,1,1564,1671,NW
1172972.461,X_LEG_3,4.95,32.16,0.20,1,1564,1671,NW
1172972.483,X_LEG_3,4.95,32.16,0.20,1,1564,1671,NW
1172972.503,X_LEG_3,4.95,32.16,0.20,1,1564,1671,NW
1172972.523,X_LEG_3,4.95,32.16,0.20,1,1564,1671,NW
1172972.544,X_LEG_3,4.95,32.16,0.20,1,1564,1671,NW
1172972.565,X_LEG_3,4.95,32.16,0.20,1,1564,1671,NW
1172972.585,X_LEG_3,4.95,32.16,0.20,1,1564,1671,NW
1172972.606,X_LEG_3,4.95,32.16,0.20,1,1564,1671,NW
1172972.626,X_LEG_3,4.97,32.17,0.12,1,1564,1671,NW
1172972.647,X_LEG_3,4.97,32.17,0.12,1,1564,1671,NW
1172972.667,X_LEG_3,4.97,32.17,0.12,1,1564,1671,NW
1172972.688,X_LEG_3,4.97,32.17,0.12,1,1564,1671,NW
1172972.709,X_LEG_3,4.97,32.17,0.12,1,1564,1671,NW
1172972.729,X_LEG_3,5.00,32.18,0.07,1,1564,1671,NW
1172972.749,X_LEG_3,5.00,32.18,0.07,1,1564,1671,NW
1172972.770,X_LEG_3,5.00,32.18,0.07,1,1564,1671,NW
1172972.790,X_LEG_3,5.00,32.18,0.07,1,1564,1671,NW
1172972.811,X_LEG_3,5.00,32.18,0.07,1,1564,1671,NW
1172972.831,X_LEG_3,5.03,32.18,0.00,1,1564,1670,NW
1172972.851,X_LEG_3,5.03,32.18,0.00,1,1564,1670,NW
1172972.873,X_LEG_3,5.03,32.18,0.00,1,1564,1670,NW
1172972.894,X_LEG_3,5.03,32.18,0.00,1,1564,1670,NW
1172972.914,X_LEG_3,5.03,32.18,0.00,1,1564,1670,NW
1172972.936,X_LEG_3,5.05,32.19,-0.04,1,1564,1670,NW
1172972.958,X_LEG_3,5.05,32.19,-0.04,1,1564,1670,NW
1172972.977,X_LEG_3,5.05,32.19,-0.04,1,1564,1670,NW
1172972.998,X_LEG_3,5.05,32.19,-0.04,1,1564,1670,NW
1172973.018,X_LEG_3,5.05,32.19,-0.04,1,1564,1670,NW
1172973.038,X_LEG_3,5.07,32.19,-0.09,1,1564,1670,NW
1172973.062,X_LEG_3,5.07,32.19,-0.09,1,1564,1670,NW
1172973.083,X_LEG_3,5.07,32.19,-0.09,1,1564,1670,NW
1172973.103,X_LEG_3,5.07,32.19,-0.09,1,1564,1670,NW
1172973.124,X_LEG_3,5.07,32.19,-0.09,1,1564,1670,NW
1172973.144,X_LEG_3,5.07,32.19,-0.09,1,1564,1670,NW
1172973.165,X_LEG_3,5.07,32.19,-0.09,1,1564,1670,NW
1172973.187,X_LEG_3,5.07,32.19,-0.09,1,1564,1670,NW
1172973.207,X_LEG_3,5.07,32.19,-0.09,1,1564,1670,NW
1172973.227,X_LEG_3,5.07,32.19,-0.09,1,1564,1670,NW
1172973.248,X_LEG_3,5.10,32.19,-0.16,1,1564,1670,NW
1172973.268,X_LEG_3,5.10,32.19,-0.16,1,1564,1670,NW
1172973.289,X_LEG_3,5.10,32.19,-0.16,1,1564,1670,NW
1172973.310,X_LEG_3,5.10,32.19,-0.16,1,1564,1670,NW
1172973.331,X_LEG_3,5.10,32.19,-0.16,1,1564,1670,NW
1172973.351,X_LEG_3,5.13,32.20,-0.21,1,1564,1670,NW
1172973.374,X_LEG_3,5.13,32.20,-0.21,1,1564,1670,NW
1172973.394,X_LEG_3,5.13,32.20,-0.21,1,1564,1670,NW
1172973.415,X_LEG_3,5.13,32.20,-0.21,1,1564,1670,NW
1172973.435,X_LEG_3,5.13,32.20,-0.21,1,1564,1670,NW
1172973.456,X_LEG_3,5.15,32.20,-0.27,1,1564,1670,NW
1172973.476,X_LEG_3,5.15,32.20,-0.27,1,1564,1670,NW
1172973.497,X_LEG_3,5.15,32.20,-0.27,1,1564,1670,NW
1172973.518,X_LEG_3,5.15,32.20,-0.27,1,1564,1670,NW
1172973.539,X_LEG_3,5.15,32.20,-0.27,1,1564,1670,NW
1172973.559,X_LEG_3,5.18,32.20,-0.33,1,1564,1670,NW
1172973.580,X_LEG_3,5.18,32.20,-0.33,1,1564,1670,NW
1172973.600,X_LEG_3,5.18,32.20,-0.33,1,1564,1670,NW
1172973.623,X_LEG_3,5.18,32.20,-0.33,1,1564,1670,NW
1172973.642,X_LEG_3,5.18,32.20,-0.33,1,1564,1670,NW
1172973.662,X_LEG_3,5.21,32.20,-0.39,1,1564,1670,NW
1172973.682,X_LEG_3,5.21,32.20,-0.39,1,1564,1670,NW
1172973.703,X_LEG_3,5.21,32.20,-0.39,1,1564,1670,NW
1172973.723,X_LEG_3,5.21,32.20,-0.39,1,1564,1670,NW
1172973.744,X_LEG_3,5.21,32.20,-0.39,1,1564,1670,NW
1172973.764,X_LEG_3,5.23,32.20,-0.42,1,1564,1670,NW
1172973.784,X_LEG_3,5.23,32.20,-0.42,1,1564,1670,NW
1172973.805,X_LEG_3,5.23,32.20,-0.42,1,1564,1670,NW
1172973.825,X_LEG_3,5.23,32.20,-0.42,1,1564,1670,NW
1172973.845,X_LEG_3,5.23,32.20,-0.42,1,1564,1670,NW
1172973.865,X_LEG_3,5.25,32.20,-0.48,1,1564,1670,NW
1172973.886,X_LEG_3,5.25,32.20,-0.48,1,1564,1670,NW
1172973.906,X_LEG_3,5.25,32.20,-0.48,1,1564,1670,NW
1172973.927,X_LEG_3,5.25,32.20,-0.48,1,1564,1670,NW
1172973.947,X_LEG_3,5.25,32.20,-0.48,1,1564,1670,NW
1172973.967,X_LEG_3,5.25,32.20,-0.48,1,1564,1670,NW
1172973.988,X_LEG_3,5.25,32.20,-0.48,1,1564,1670,NW
1172974.009,X_LEG_3,5.25,32.20,-0.48,1,1564,1670,NW
1172974.029,X_LEG_3,5.25,32.20,-0.48,1,1564,1670,NW
1172974.050,X_LEG_3,5.25,32.20,-0.48,1,1564,1670,NW
1172974.070,X_LEG_3,5.29,32.21,-0.54,1,1564,1670,NW
1172974.091,X_LEG_3,5.29,32.21,-0.54,1,1564,1670,NW
1172974.112,X_LEG_3,5.29,32.21,-0.54,1,1564,1670,NW
1172974.132,X_LEG_3,5.29,32.21,-0.54,1,1564,1670,NW
1172974.153,X_LEG_3,5.29,32.21,-0.54,1,1564,1670,NW
1172974.175,X_LEG_3,5.31,32.21,-0.58,1,1564,1670,NW
1172974.194,X_LEG_3,5.31,32.21,-0.58,1,1564,1670,NW
1172974.215,X_LEG_3,5.31,32.21,-0.58,1,1564,1670,NW
1172974.235,X_LEG_3,5.31,32.21,-0.58,1,1564,1670,NW
1172974.255,X_LEG_3,5.31,32.21,-0.58,1,1564,1670,NW
1172974.276,X_LEG_3,5.34,32.21,-0.64,1,1564,1669,NW
1172974.298,X_LEG_3,5.34,32.21,-0.64,1,1564,1669,NW
1172974.318,X_LEG_3,5.34,32.21,-0.64,1,1564,1669,NW
1172974.339,X_LEG_3,5.34,32.21,-0.64,1,1564,1669,NW
1172974.362,X_LEG_3,5.34,32.21,-0.64,1,1564,1669,NW
1172974.383,X_LEG_3,5.38,32.21,-0.70,1,1564,1669,NW
1172974.403,X_LEG_3,5.38,32.21,-0.70,1,1564,1669,NW
1172974.424,X_LEG_3,5.38,32.21,-0.70,1,1564,1669,NW
1172974.445,X_LEG_3,5.38,32.21,-0.70,1,1564,1669,NW
1172974.465,X_LEG_3,5.38,32.21,-0.70,1,1564,1669,NW
1172974.485,X_LEG_3,5.38,32.21,-0.70,1,1564,1669,NW
1172974.506,X_LEG_3,5.38,32.21,-0.70,1,1564,1669,NW
1172974.527,X_LEG_3,5.38,32.21,-0.70,1,1564,1669,NW
1172974.547,X_LEG_3,5.38,32.21,-0.70,1,1564,1669,NW
1172974.567,X_LEG_3,5.38,32.21,-0.70,1,1564,1669,NW
1172974.588,X_LEG_3,5.38,32.21,-0.70,1,1564,1669,NW
1172974.609,X_LEG_3,5.38,32.21,-0.70,1,1564,1669,NW
1172974.630,X_LEG_3,5.38,32.21,-0.70,1,1564,1669,NW
1172974.650,X_LEG_3,5.38,32.21,-0.70,1,1564,1669,NW
1172974.671,X_LEG_3,5.38,32.21,-0.70,1,1564,1669,NW
1172974.691,X_LEG_3,5.44,32.20,-0.80,1,1564,1669,NW
1172974.712,X_LEG_3,5.44,32.20,-0.80,1,1564,1669,NW
1172974.733,X_LEG_3,5.44,32.20,-0.80,1,1564,1669,NW
1172974.755,X_LEG_3,5.44,32.20,-0.80,1,1564,1669,NW
1172974.775,X_LEG_3,5.44,32.20,-0.80,1,1564,1669,NW
1172974.796,X_LEG_3,5.47,32.20,-0.85,1,1564,1669,NW
1172974.816,X_LEG_3,5.47,32.20,-0.85,1,1564,1669,NW
1172974.837,X_LEG_3,5.47,32.20,-0.85,1,1564,1669,NW
1172974.857,X_LEG_3,5.47,32.20,-0.85,1,1564,1669,NW
1172974.878,X_LEG_3,5.47,32.20,-0.85,1,1564,1669,NW
1172974.899,X_LEG_3,5.49,32.20,-0.89,1,1564,1669,NW
1172974.919,X_LEG_3,5.49,32.20,-0.89,1,1564,1669,NW
1172974.941,X_LEG_3,5.49,32.20,-0.89,1,1564,1669,NW
1172974.961,X_LEG_3,5.49,32.20,-0.89,1,1564,1669,NW
1172974.982,X_LEG_3,5.49,32.20,-0.89,1,1564,1669,NW
1172975.003,X_LEG_3,5.52,32.20,-0.94,1,1564,1669,NW
1172975.023,X_LEG_3,5.52,32.20,-0.94,1,1564,1669,NW
1172975.045,X_LEG_3,5.52,32.20,-0.94,1,1564,1669,NW
1172975.066,X_LEG_3,5.52,32.20,-0.94,1,1564,1669,NW
1172975.086,X_LEG_3,5.52,32.20,-0.94,1,1564,1669,NW
1172975.106,X_LEG_3,5.55,32.19,-0.98,1,1564,1669,NW
1172975.127,X_LEG_3,5.55,32.19,-0.98,1,1564,1669,NW
1172975.148,X_LEG_3,5.55,32.19,-0.98,1,1564,1669,NW
1172975.168,X_LEG_3,5.55,32.19,-0.98,1,1564,1669,NW
1172975.188,X_LEG_3,5.55,32.19,-0.98,1,1564,1669,NW
1172975.209,X_LEG_3,5.59,32.19,-1.04,1,1564,1669,NW
1172975.229,X_LEG_3,5.59,32.19,-1.04,1,1564,1669,NW
1172975.250,X_LEG_3,5.59,32.19,-1.04,1,1564,1669,NW
1172975.270,X_LEG_3,5.59,32.19,-1.04,1,1564,1669,NW
1172975.290,X_LEG_3,5.59,32.19,-1.04,1,1564,1669,NW
1172975.311,X_LEG_3,5.62,32.19,-0.09,1,1564,1669,NW
1172975.333,X_LEG_3,5.62,32.19,-0.09,1,1564,1669,NW
1172975.354,X_LEG_3,5.62,32.19,-0.09,1,1564,1669,NW
1172975.375,X_LEG_3,5.62,32.19,-0.09,1,1564,1669,NW
1172975.395,X_LEG_3,5.62,32.19,-0.09,1,1564,1669,NW
1172975.416,X_LEG_3,5.62,32.19,-0.09,1,1564,1669,NW
1172975.436,X_LEG_3,5.62,32.19,-0.09,1,1564,1669,NW
1172975.457,X_LEG_3,5.62,32.19,-0.09,1,1564,1669,NW
1172975.477,X_LEG_3,5.62,32.19,-0.09,1,1564,1669,NW
1172975.498,X_LEG_3,5.62,32.19,-0.09,1,1564,1669,NW
1172975.519,X_LEG_3,5.66,32.19,-0.15,1,1564,1669,NW
1172975.540,X_LEG_3,5.66,32.19,-0.15,1,1564,1669,NW
1172975.560,X_LEG_3,5.66,32.19,-0.15,1,1564,1669,NW
1172975.581,X_LEG_3,5.66,32.19,-0.15,1,1564,1669,NW
1172975.601,X_LEG_3,5.66,32.19,-0.15,1,1564,1669,NW
1172975.622,X_LEG_3,5.70,32.18,-0.21,1,1564,1668,NW
1172975.643,X_LEG_3,5.70,32.18,-0.21,1,1564,1668,NW
1172975.663,X_LEG_3,5.70,32.18,-0.21,1,1564,1668,NW
1172975.684,X_LEG_3,5.70,32.18,-0.21,1,1564,1668,NW
1172975.706,X_LEG_3,5.70,32.18,-0.21,1,1564,1668,NW
1172975.726,X_LEG_3,5.73,32.17,-0.26,1,1564,1668,NW
1172975.747,X_LEG_3,5.73,32.17,-0.26,1,1564,1668,NW
1172975.769,X_LEG_3,5.73,32.17,-0.26,1,1564,1668,NW
1172975.789,X_LEG_3,5.73,32.17,-0.26,1,1564,1668,NW
1172975.810,X_LEG_3,5.73,32.17,-0.26,1,1564,1668,NW
1172975.831,X_LEG_3,5.76,32.18,-0.30,1,1564,1668,NW
1172975.851,X_LEG_3,5.76,32.18,-0.30,1,1564,1668,NW
1172975.872,X_LEG_3,5.76,32.18,-0.30,1,1564,1668,NW
1172975.893,X_LEG_3,5.76,32.18,-0.30,1,1564,1668,NW
1172975.914,X_LEG_3,5.76,32.18,-0.30,1,1564,1668,NW
1172975.935,X_LEG_3,5.76,32.18,-0.30,1,1564,1668,NW
1172975.956,X_LEG_3,5.76,32.18,-0.30,1,1564,1668,NW
1172975.976,X_LEG_3,5.76,32.18,-0.30,1,1564,1668,NW
1172975.997,X_LEG_3,5.76,32.18,-0.30,1,1564,1668,NW
1172976.019,X_LEG_3,5.76,32.18,-0.30,1,1564,1668,NW
1172976.039,X_LEG_3,5.84,32.16,-0.41,1,1564,1668,NW
1172976.060,X_LEG_3,5.84,32.16,-0.41,1,1564,1668,NW
1172976.080,X_LEG_3,5.84,32.16,-0.41,1,1564,1668,NW
1172976.100,X_LEG_3,5.84,32.16,-0.41,1,1564,1668,NW
1172976.121,X_LEG_3,5.84,32.16,-0.41,1,1564,1668,NW
1172976.143,X_LEG_3,5.84,32.16,-0.41,1,1564,1668,NW
1172976.163,X_LEG_3,5.84,32.16,-0.41,1,1564,1668,NW
1172976.183,X_LEG_3,5.84,32.16,-0.41,1,1564,1668,NW
1172976.206,X_LEG_3,5.84,32.16,-0.41,1,1564,1668,NW
1172976.226,X_LEG_3,5.84,32.16,-0.41,1,1564,1668,NW
1172976.247,X_LEG_3,5.88,32.15,-0.46,1,1564,1668,NW
1172976.267,X_LEG_3,5.88,32.15,-0.46,1,1564,1668,NW
1172976.288,X_LEG_3,5.88,32.15,-0.46,1,1564,1668,NW
1172976.308,X_LEG_3,5.88,32.15,-0.46,1,1564,1668,NW
1172976.328,X_LEG_3,5.88,32.15,-0.46,1,1564,1668,NW
1172976.349,X_LEG_3,5.91,32.15,-0.51,1,1564,1668,NW
1172976.369,X_LEG_3,5.91,32.15,-0.51,1,1564,1668,NW
1172976.390,X_LEG_3,5.91,32.15,-0.51,1,1564,1668,NW
1172976.411,X_LEG_3,5.91,32.15,-0.51,1,1564,1668,NW
1172976.431,X_LEG_3,5.91,32.15,-0.51,1,1564,1668,NW
1172976.451,X_LEG_3,5.91,32.15,-0.51,1,1564,1668,NW
1172976.472,X_LEG_3,5.91,32.15,-0.51,1,1564,1668,NW
1172976.493,X_LEG_3,5.91,32.15,-0.51,1,1564,1668,NW
1172976.513,X_LEG_3,5.91,32.15,-0.51,1,1564,1668,NW
1172976.534,X_LEG_3,5.91,32.15,-0.51,1,1564,1668,NW
1172976.554,X_LEG_3,5.94,32.14,-0.55,1,1564,1668,NW
1172976.575,X_LEG_3,5.94,32.14,-0.55,1,1564,1668,NW
1172976.595,X_LEG_3,5.94,32.14,-0.55,1,1564,1668,NW
1172976.616,X_LEG_3,5.94,32.14,-0.55,1,1564,1668,NW
1172976.636,X_LEG_3,5.94,32.14,-0.55,1,1564,1668,NW
1172976.657,X_LEG_3,5.99,32.13,-0.59,1,1564,1668,NW
1172976.678,X_LEG_3,5.99,32.13,-0.59,1,1564,1668,NW
1172976.698,X_LEG_3,5.99,32.13,-0.59,1,1564,1668,NW
1172976.718,X_LEG_3,5.99,32.13,-0.59,1,1564,1668,NW
1172976.739,X_LEG_3,5.99,32.13,-0.59,1,1564,1668,NW
1172976.760,X_LEG_3,5.99,32.13,-0.59,1,1564,1668,NW
1172976.780,X_LEG_3,5.99,32.13,-0.59,1,1564,1668,NW
1172976.801,X_LEG_3,5.99,32.13,-0.59,1,1564,1668,NW
1172976.822,X_LEG_3,5.99,32.13,-0.59,1,1564,1668,NW
1172976.842,X_LEG_3,5.99,32.13,-0.59,1,1564,1668,NW
1172976.863,X_LEG_3,6.04,32.13,-0.67,1,1564,1667,NW
1172976.883,X_LEG_3,6.04,32.13,-0.67,1,1564,1667,NW
1172976.904,X_LEG_3,6.04,32.13,-0.67,1,1564,1667,NW
1172976.924,X_LEG_3,6.04,32.13,-0.67,1,1564,1667,NW
1172976.945,X_LEG_3,6.04,32.13,-0.67,1,1564,1667,NW
1172976.965,X_LEG_3,6.07,32.12,-0.71,1,1564,1667,NW
1172976.986,X_LEG_3,6.07,32.12,-0.71,1,1564,1667,NW
1172977.008,X_LEG_3,6.07,32.12,-0.71,1,1564,1667,NW
1172977.029,X_LEG_3,6.07,32.12,-0.71,1,1564,1667,NW
1172977.049,X_LEG_3,6.07,32.12,-0.71,1,1564,1667,NW
1172977.071,X_LEG_3,6.10,32.11,-0.74,1,1564,1667,NW
1172977.091,X_LEG_3,6.10,32.11,-0.74,1,1564,1667,NW
1172977.112,X_LEG_3,6.10,32.11,-0.74,1,1564,1667,NW
1172977.133,X_LEG_3,6.10,32.11,-0.74,1,1564,1667,NW
1172977.153,X_LEG_3,6.10,32.11,-0.74,1,1564,1667,NW
1172977.174,X_LEG_3,6.13,32.10,-0.79,1,1564,1667,NW
1172977.194,X_LEG_3,6.13,32.10,-0.79,1,1564,1667,NW
1172977.216,X_LEG_3,6.13,32.10,-0.79,1,1564,1667,NW
1172977.237,X_LEG_3,6.13,32.10,-0.79,1,1564,1667,NW
1172977.260,X_LEG_3,6.13,32.10,-0.79,1,1564,1667,NW
1172977.281,X_LEG_3,6.16,32.10,-0.82,1,1564,1667,NW
1172977.303,X_LEG_3,6.16,32.10,-0.82,1,1564,1667,NW
1172977.324,X_LEG_3,6.16,32.10,-0.82,1,1564,1667,NW
1172977.344,X_LEG_3,6.16,32.10,-0.82,1,1564,1667,NW
1172977.365,X_LEG_3,6.16,32.10,-0.82,1,1564,1667,NW
1172977.386,X_LEG_3,6.16,32.10,-0.82,1,1564,1667,NW
1172977.407,X_LEG_3,6.16,32.10,-0.82,1,1564,1667,NW
1172977.428,X_LEG_3,6.16,32.10,-0.82,1,1564,1667,NW
1172977.448,X_LEG_3,6.16,32.10,-0.82,1,1564,1667,NW
1172977.469,X_LEG_3,6.16,32.10,-0.82,1,1564,1667,NW
1172977.489,X_LEG_3,6.20,32.09,-0.86,1,1564,1667,NW
1172977.509,X_LEG_3,6.20,32.09,-0.86,1,1564,1667,NW
1172977.530,X_LEG_3,6.20,32.09,-0.86,1,1564,1667,NW
1172977.550,X_LEG_3,6.20,32.09,-0.86,1,1564,1667,NW
1172977.571,X_LEG_3,6.20,32.09,-0.86,1,1564,1667,NW
1172977.592,X_LEG_3,6.23,32.08,-0.89,1,1564,1667,NW
1172977.612,X_LEG_3,6.23,32.08,-0.89,1,1564,1667,NW
1172977.634,X_LEG_3,6.23,32.08,-0.89,1,1564,1667,NW
1172977.654,X_LEG_3,6.23,32.08,-0.89,1,1564,1667,NW
1172977.674,X_LEG_3,6.23,32.08,-0.89,1,1564,1667,NW
1172977.695,X_LEG_3,6.26,32.07,-0.94,1,1564,1667,NW
1172977.715,X_LEG_3,6.26,32.07,-0.94,1,1564,1667,NW
1172977.736,X_LEG_3,6.26,32.07,-0.94,1,1564,1667,NW
1172977.758,X_LEG_3,6.26,32.07,-0.94,1,1564,1667,NW
1172977.779,X_LEG_3,6.26,32.07,-0.94,1,1564,1667,NW
1172977.799,X_LEG_3,6.26,32.07,-0.94,1,1564,1667,NW
1172977.820,X_LEG_3,6.26,32.07,-0.94,1,1564,1667,NW
1172977.840,X_LEG_3,6.26,32.07,-0.94,1,1564,1667,NW
1172977.860,X_LEG_3,6.26,32.07,-0.94,1,1564,1667,NW
1172977.883,X_LEG_3,6.26,32.07,-0.94,1,1564,1667,NW
1172977.904,X_LEG_3,6.30,32.06,-0.98,1,1564,1667,NW
1172977.924,X_LEG_3,6.30,32.06,-0.98,1,1564,1667,NW
1172977.945,X_LEG_3,6.30,32.06,-0.98,1,1564,1667,NW
1172977.966,X_LEG_3,6.30,32.06,-0.98,1,1564,1667,NW
1172977.986,X_LEG_3,6.30,32.06,-0.98,1,1564,1667,NW
1172978.008,X_LEG_3,6.33,32.05,-1.02,1,1564,1667,NW
1172978.028,X_LEG_3,6.33,32.05,-1.02,1,1564,1667,NW
1172978.049,X_LEG_3,6.33,32.05,-1.02,1,1564,1667,NW
1172978.070,X_LEG_3,6.33,32.05,-1.02,1,1564,1667,NW
1172978.091,X_LEG_3,6.33,32.05,-1.02,1,1564,1667,NW
1172978.112,X_LEG_3,6.36,32.04,-1.06,1,1564,1666,NW
1172978.135,X_LEG_3,6.36,32.04,-1.06,1,1564,1666,NW
1172978.156,X_LEG_3,6.36,32.04,-1.06,1,1564,1666,NW
1172978.176,X_LEG_3,6.36,32.04,-1.06,1,1564,1666,NW
1172978.197,X_LEG_3,6.36,32.04,-1.06,1,1564,1666,NW
1172978.217,X_LEG_3,6.40,32.04,-1.08,1,1564,1666,NW
1172978.238,X_LEG_3,6.40,32.04,-1.08,1,1564,1666,NW
1172978.260,X_LEG_3,6.40,32.04,-1.08,1,1564,1666,NW
1172978.280,X_LEG_3,6.40,32.04,-1.08,1,1564,1666,NW
1172978.300,X_LEG_3,6.40,32.04,-1.08,1,1564,1666,NW
1172978.321,X_LEG_3,6.43,32.03,-1.12,1,1564,1666,NW
1172978.341,X_LEG_3,6.43,32.03,-1.12,1,1564,1666,NW
1172978.363,X_LEG_3,6.43,32.03,-1.12,1,1564,1666,NW
1172978.384,X_LEG_3,6.43,32.03,-1.12,1,1564,1666,NW
1172978.404,X_LEG_3,6.43,32.03,-1.12,1,1564,1666,NW
1172978.424,X_LEG_3,6.47,32.02,-1.16,1,1564,1666,NW
1172978.445,X_LEG_3,6.47,32.02,-1.16,1,1564,1666,NW
1172978.466,X_LEG_3,6.47,32.02,-1.16,1,1564,1666,NW
1172978.486,X_LEG_3,6.47,32.02,-1.16,1,1564,1666,NW
1172978.509,X_LEG_3,6.47,32.02,-1.16,1,1564,1666,NW
1172978.529,X_LEG_3,6.50,32.01,-1.20,1,1564,1666,NW
1172978.550,X_LEG_3,6.50,32.01,-1.20,1,1564,1666,NW
1172978.572,X_LEG_3,6.50,32.01,-1.20,1,1564,1666,NW
1172978.593,X_LEG_3,6.50,32.01,-1.20,1,1564,1666,NW
1172978.613,X_LEG_3,6.50,32.01,-1.20,1,1564,1666,NW
1172978.637,X_LEG_3,6.53,32.00,-1.24,1,1564,1666,NW
1172978.657,X_LEG_3,6.53,32.00,-1.24,1,1564,1666,NW
1172978.680,X_LEG_3,6.53,32.00,-1.24,1,1564,1666,NW
1172978.700,X_LEG_3,6.53,32.00,-1.24,1,1564,1666,NW
1172978.720,X_LEG_3,6.53,32.00,-1.24,1,1564,1666,NW
1172978.742,X_LEG_3,6.57,31.99,-1.28,1,1564,1666,NW
1172978.762,X_LEG_3,6.57,31.99,-1.28,1,1564,1666,NW
1172978.783,X_LEG_3,6.57,31.99,-1.28,1,1564,1666,NW
1172978.805,X_LEG_3,6.57,31.99,-1.28,1,1564,1666,NW
1172978.825,X_LEG_3,6.57,31.99,-1.28,1,1564,1666,NW
1172978.845,X_LEG_3,6.57,31.99,-1.28,1,1564,1666,NW
1172978.866,X_LEG_3,6.57,31.99,-1.28,1,1564,1666,NW
1172978.887,X_LEG_3,6.57,31.99,-1.28,1,1564,1666,NW
1172978.907,X_LEG_3,6.57,31.99,-1.28,1,1564,1666,NW
1172978.927,X_LEG_3,6.57,31.99,-1.28,1,1564,1666,NW
1172978.947,X_LEG_3,6.60,31.98,-1.31,1,1564,1666,NW
1172978.968,X_LEG_3,6.60,31.98,-1.31,1,1564,1666,NW
1172978.988,X_LEG_3,6.60,31.98,-1.31,1,1564,1666,NW
1172979.009,X_LEG_3,6.60,31.98,-1.31,1,1564,1666,NW
1172979.029,X_LEG_3,6.60,31.98,-1.31,1,1564,1666,NW
1172979.050,X_LEG_3,6.66,31.96,-1.37,1,1564,1666,NW
1172979.071,X_LEG_3,6.66,31.96,-1.37,1,1564,1666,NW
1172979.091,X_LEG_3,6.66,31.96,-1.37,1,1564,1666,NW
1172979.112,X_LEG_3,6.66,31.96,-1.37,1,1564,1666,NW
1172979.132,X_LEG_3,6.66,31.96,-1.37,1,1564,1666,NW
1172979.153,X_LEG_3,6.69,31.95,-1.40,1,1564,1665,NW
1172979.175,X_LEG_3,6.69,31.95,-1.40,1,1564,1665,NW
1172979.197,X_LEG_3,6.69,31.95,-1.40,1,1564,1665,NW
1172979.217,X_LEG_3,6.69,31.95,-1.40,1,1564,1665,NW
1172979.238,X_LEG_3,6.69,31.95,-1.40,1,1564,1665,NW
1172979.260,X_LEG_3,6.73,31.94,-1.44,1,1564,1665,NW
1172979.280,X_LEG_3,6.73,31.94,-1.44,1,1564,1665,NW
1172979.302,X_LEG_3,6.73,31.94,-1.44,1,1564,1665,NW
1172979.322,X_LEG_3,6.73,31.94,-1.44,1,1564,1665,NW
1172979.343,X_LEG_3,6.73,31.94,-1.44,1,1564,1665,NW
1172979.365,X_LEG_3,6.73,31.93,-1.48,1,1564,1665,NW
1172979.385,X_LEG_3,6.76,31.93,-1.48,1,1564,1665,NW
1172979.406,X_LEG_3,6.76,31.93,-1.48,1,1564,1665,NW
1172979.426,X_LEG_3,6.76,31.93,-1.48,1,1564,1665,NW
1172979.450,X_LEG_3,6.76,31.93,-1.48,1,1564,1665,NW
1172979.471,X_LEG_3,6.76,31.93,-1.48,1,1564,1665,NW
1172979.491,X_LEG_3,6.76,31.93,-1.48,1,1564,1665,NW
1172979.512,X_LEG_3,6.76,31.93,-1.48,1,1564,1665,NW
1172979.532,X_LEG_3,6.76,31.93,-1.48,1,1564,1665,NW
1172979.553,X_LEG_3,6.76,31.93,-1.48,1,1564,1665,NW
1172979.573,X_LEG_3,6.80,31.93,-1.51,1,1564,1665,NW
1172979.594,X_LEG_3,6.80,31.93,-1.51,1,1564,1665,NW
1172979.614,X_LEG_3,6.80,31.93,-1.51,1,1564,1665,NW
1172979.635,X_LEG_3,6.80,31.93,-1.51,1,1564,1665,NW
1172979.655,X_LEG_3,6.80,31.93,-1.51,1,1564,1665,NW
1172979.679,X_LEG_3,6.83,31.92,-1.53,1,1564,1665,NW
1172979.699,X_LEG_3,6.83,31.92,-1.53,1,1564,1665,NW
1172979.719,X_LEG_3,6.83,31.92,-1.53,1,1564,1665,NW
1172979.740,X_LEG_3,6.83,31.92,-1.53,1,1564,1665,NW
1172979.762,X_LEG_3,6.83,31.92,-1.53,1,1564,1665,NW
1172979.782,X_LEG_3,6.87,31.91,-1.57,1,1564,1665,NW
1172979.804,X_LEG_3,6.87,31.91,-1.57,1,1564,1665,NW
1172979.824,X_LEG_3,6.87,31.91,-1.57,1,1564,1665,NW
1172979.844,X_LEG_3,6.87,31.91,-1.57,1,1564,1665,NW
1172979.867,X_LEG_3,6.87,31.91,-1.57,1,1564,1665,NW
1172979.887,X_LEG_3,6.91,31.90,-1.61,1,1564,1665,NW
1172979.908,X_LEG_3,6.91,31.90,-1.61,1,1564,1665,NW
1172979.928,X_LEG_3,6.91,31.90,-1.61,1,1564,1665,NW
1172979.948,TO_CENTER,6.91,10.63,177.64,0,1500,1665,CENTER
1172979.969,TO_CENTER,6.91,10.63,177.64,0,1500,1665,CENTER
1172979.991,TO_CENTER,6.95,10.65,177.73,0,1500,1665,CENTER
1172980.010,TO_CENTER,6.95,10.65,177.73,0,1500,1665,CENTER
1172980.031,TO_CENTER,6.95,10.65,177.73,0,1500,1665,CENTER
1172980.053,TO_CENTER,6.95,10.65,177.73,0,1500,1665,CENTER
1172980.073,TO_CENTER,6.95,10.65,177.73,0,1500,1665,CENTER
1172980.094,TO_CENTER,6.98,10.66,177.84,0,1500,1665,CENTER
1172980.116,TO_CENTER,6.98,10.66,177.84,0,1500,1665,CENTER
1172980.137,TO_CENTER,6.98,10.66,177.84,0,1500,1665,CENTER
1172980.157,TO_CENTER,6.98,10.66,177.84,0,1500,1665,CENTER
1172980.177,TO_CENTER,6.98,10.66,177.84,0,1500,1665,CENTER
1172980.198,TO_CENTER,7.02,10.67,177.96,0,1500,1664,CENTER
1172980.218,TO_CENTER,7.02,10.67,177.96,0,1500,1664,CENTER
1172980.239,TO_CENTER,7.02,10.67,177.96,0,1500,1664,CENTER
1172980.259,TO_CENTER,7.02,10.67,177.96,0,1500,1664,CENTER
1172980.280,TO_CENTER,7.02,10.67,177.96,0,1500,1664,CENTER
1172980.302,TO_CENTER,7.06,10.68,178.04,0,1500,1664,CENTER
1172980.322,TO_CENTER,7.06,10.68,178.04,0,1500,1664,CENTER
1172980.343,TO_CENTER,7.06,10.68,178.04,0,1500,1664,CENTER
1172980.363,TO_CENTER,7.06,10.68,178.04,0,1500,1664,CENTER
1172980.384,TO_CENTER,7.06,10.68,178.04,0,1500,1664,CENTER
1172980.405,TO_CENTER,7.06,10.68,178.04,0,1500,1664,CENTER
1172980.427,TO_CENTER,7.06,10.68,178.04,0,1500,1664,CENTER
1172980.447,TO_CENTER,7.06,10.68,178.04,0,1500,1664,CENTER
1172980.468,TO_CENTER,7.06,10.68,178.04,0,1500,1664,CENTER
1172980.488,TO_CENTER,7.06,10.68,178.04,0,1500,1664,CENTER
1172980.509,TO_CENTER,7.12,10.70,178.20,0,1500,1664,CENTER
1172980.529,TO_CENTER,7.12,10.70,178.20,0,1500,1664,CENTER
1172980.551,TO_CENTER,7.12,10.70,178.20,0,1500,1664,CENTER
1172980.571,TO_CENTER,7.12,10.70,178.20,0,1500,1664,CENTER
1172980.592,TO_CENTER,7.12,10.70,178.20,0,1500,1664,CENTER
1172980.614,TO_CENTER,7.17,10.71,178.32,0,1500,1664,CENTER
1172980.635,TO_CENTER,7.17,10.71,178.32,0,1500,1664,CENTER
1172980.655,TO_CENTER,7.17,10.71,178.32,0,1500,1664,CENTER
1172980.676,TO_CENTER,7.17,10.71,178.32,0,1500,1664,CENTER
1172980.696,TO_CENTER,7.17,10.71,178.32,0,1500,1664,CENTER
1172980.720,TO_CENTER,7.17,10.71,157.32,0,1500,1664,CENTER
1172980.740,TO_CENTER,7.17,10.71,157.32,0,1500,1664,CENTER
1172980.761,TO_CENTER,7.17,10.71,157.32,0,1500,1664,CENTER
1172980.782,TO_CENTER,7.17,10.71,157.32,0,1500,1664,CENTER
1172980.812,TO_CENTER,7.17,10.71,157.32,0,1500,1664,CENTER
1172980.834,TO_CENTER,7.21,10.73,157.40,0,1500,1664,CENTER
1172980.853,TO_CENTER,7.21,10.73,157.40,0,1500,1664,CENTER
1172980.874,TO_CENTER,7.21,10.73,157.40,0,1500,1664,CENTER
1172980.894,TO_CENTER,7.21,10.73,157.40,0,1500,1664,CENTER
1172980.915,TO_CENTER,7.21,10.73,157.40,0,1500,1664,CENTER
1172980.936,TO_CENTER,7.26,10.74,157.52,0,1500,1664,CENTER
1172980.956,TO_CENTER,7.26,10.74,157.52,0,1500,1664,CENTER
1172980.979,TO_CENTER,7.26,10.74,157.52,0,1500,1664,CENTER
1172981.003,TO_CENTER,7.26,10.74,157.52,0,1500,1664,CENTER
1172981.023,TO_CENTER,7.26,10.74,157.52,0,1500,1664,CENTER
1172981.044,TO_CENTER,7.30,10.75,157.60,0,1500,1664,CENTER
1172981.064,TO_CENTER,7.30,10.75,157.60,0,1500,1664,CENTER
1172981.085,TO_CENTER,7.30,10.75,157.60,0,1500,1664,CENTER
1172981.105,TO_CENTER,7.30,10.75,157.60,0,1500,1664,CENTER
1172981.126,TO_CENTER,7.30,10.75,157.60,0,1500,1664,CENTER
1172981.146,TO_CENTER,7.35,10.76,157.71,0,1500,1663,CENTER
1172981.166,TO_CENTER,7.35,10.76,157.71,0,1500,1663,CENTER
1172981.187,TO_CENTER,7.35,10.76,157.71,0,1500,1663,CENTER
1172981.207,TO_CENTER,7.35,10.76,157.71,0,1500,1663,CENTER
1172981.227,TO_CENTER,7.35,10.76,157.71,0,1500,1663,CENTER
1172981.248,TO_CENTER,7.40,10.78,157.80,0,1500,1663,CENTER
1172981.268,TO_CENTER,7.40,10.78,157.80,0,1500,1663,CENTER
1172981.289,TO_CENTER,7.40,10.78,157.80,0,1500,1663,CENTER
1172981.310,TO_CENTER,7.40,10.78,157.80,0,1500,1663,CENTER
1172981.330,TO_CENTER,7.40,10.78,157.80,0,1500,1663,CENTER
1172981.351,TO_CENTER,7.45,10.79,157.91,0,1500,1663,CENTER
1172981.371,TO_CENTER,7.45,10.79,157.91,0,1500,1663,CENTER
1172981.392,TO_CENTER,7.45,10.79,157.91,0,1500,1663,CENTER
1172981.413,TO_CENTER,7.45,10.79,157.91,0,1500,1663,CENTER
1172981.433,TO_CENTER,7.45,10.79,157.91,0,1500,1663,CENTER
1172981.455,TO_CENTER,7.45,10.79,157.91,0,1500,1663,CENTER
1172981.475,TO_CENTER,7.45,10.79,157.91,0,1500,1663,CENTER
1172981.496,TO_CENTER,7.45,10.79,157.91,0,1500,1663,CENTER
1172981.516,TO_CENTER,7.45,10.79,157.91,0,1500,1663,CENTER
1172981.537,TO_CENTER,7.45,10.79,157.91,0,1500,1663,CENTER
1172981.557,TO_CENTER,7.53,10.81,133.07,0,1500,1663,CENTER
1172981.578,TO_CENTER,7.53,10.81,133.07,0,1500,1663,CENTER
1172981.598,TO_CENTER,7.53,10.81,133.07,0,1500,1663,CENTER
1172981.619,TO_CENTER,7.53,10.81,133.07,0,1500,1663,CENTER
1172981.641,TO_CENTER,7.53,10.81,133.07,0,1500,1663,CENTER
1172981.661,TO_CENTER,7.58,10.82,133.15,0,1500,1663,CENTER
1172981.681,TO_CENTER,7.58,10.82,133.15,0,1500,1663,CENTER
1172981.703,TO_CENTER,7.58,10.82,133.15,0,1500,1663,CENTER
1172981.723,TO_CENTER,7.58,10.82,133.15,0,1500,1663,CENTER
1172981.744,TO_CENTER,7.58,10.82,133.15,0,1500,1663,CENTER
1172981.765,TO_CENTER,7.63,10.84,133.23,0,1500,1663,CENTER
1172981.786,TO_CENTER,7.63,10.84,133.23,0,1500,1663,CENTER
1172981.806,TO_CENTER,7.63,10.84,133.23,0,1500,1663,CENTER
1172981.828,TO_CENTER,7.63,10.84,133.23,0,1500,1663,CENTER
1172981.849,TO_CENTER,7.63,10.84,133.23,0,1500,1663,CENTER
1172981.869,TO_CENTER,7.63,10.84,133.23,0,1500,1663,CENTER
1172981.892,TO_CENTER,7.63,10.84,133.23,0,1500,1663,CENTER
1172981.912,TO_CENTER,7.63,10.84,133.23,0,1500,1663,CENTER
1172981.932,TO_CENTER,7.63,10.84,133.23,0,1500,1663,CENTER
1172981.954,TO_CENTER,7.63,10.84,133.23,0,1500,1663,CENTER
1172981.974,TO_CENTER,7.71,10.85,133.34,0,1500,1662,CENTER
1172981.995,TO_CENTER,7.71,10.85,133.34,0,1500,1662,CENTER
1172982.018,TO_CENTER,7.71,10.85,133.34,0,1500,1662,CENTER
1172982.040,TO_CENTER,7.71,10.85,133.34,0,1500,1662,CENTER
1172982.060,TO_CENTER,7.71,10.85,133.34,0,1500,1662,CENTER
1172982.081,TO_CENTER,7.76,10.86,133.45,0,1500,1662,CENTER
1172982.102,TO_CENTER,7.76,10.86,133.45,0,1500,1662,CENTER
1172982.122,TO_CENTER,7.76,10.86,133.45,0,1500,1662,CENTER
1172982.143,TO_CENTER,7.76,10.86,133.45,0,1500,1662,CENTER
1172982.163,TO_CENTER,7.76,10.86,133.45,0,1500,1662,CENTER
1172982.186,TO_CENTER,7.82,10.88,133.54,0,1500,1662,CENTER
1172982.206,TO_CENTER,7.82,10.88,133.54,0,1500,1662,CENTER
1172982.227,TO_CENTER,7.82,10.88,133.54,0,1500,1662,CENTER
1172982.247,TO_CENTER,7.82,10.88,133.54,0,1500,1662,CENTER
1172982.267,TO_CENTER,7.82,10.88,133.54,0,1500,1662,CENTER
1172982.290,TO_CENTER,7.87,10.89,133.62,0,1500,1662,CENTER
1172982.310,TO_CENTER,7.87,10.89,133.62,0,1500,1662,CENTER
1172982.331,TO_CENTER,7.87,10.89,133.62,0,1500,1662,CENTER
1172982.351,TO_CENTER,7.87,10.89,133.62,0,1500,1662,CENTER
1172982.372,TO_CENTER,7.87,10.89,133.62,0,1500,1662,CENTER
1172982.394,TO_CENTER,7.92,10.90,133.69,0,1500,1662,CENTER
1172982.414,TO_CENTER,7.92,10.90,133.69,0,1500,1662,CENTER
1172982.435,TO_CENTER,7.92,10.90,133.69,0,1500,1662,CENTER
1172982.456,TO_CENTER,7.92,10.90,133.69,0,1500,1662,CENTER
1172982.476,TO_CENTER,7.92,10.90,133.69,0,1500,1662,CENTER
1172982.497,TO_CENTER,8.00,10.91,133.84,0,1500,1662,CENTER
1172982.518,TO_CENTER,8.00,10.91,133.84,0,1500,1662,CENTER
1172982.539,TO_CENTER,8.00,10.91,133.84,0,1500,1662,CENTER
1172982.559,TO_CENTER,8.00,10.91,133.84,0,1500,1662,CENTER
1172982.581,TO_CENTER,8.00,10.91,133.84,0,1500,1662,CENTER
1172982.602,TO_CENTER,8.06,10.93,133.92,0,1500,1661,CENTER
1172982.622,TO_CENTER,8.06,10.93,133.92,0,1500,1661,CENTER
1172982.644,TO_CENTER,8.06,10.93,133.92,0,1500,1661,CENTER
1172982.664,TO_CENTER,8.06,10.93,133.92,0,1500,1661,CENTER
1172982.685,TO_CENTER,8.06,10.93,133.92,0,1500,1661,CENTER
1172982.709,TO_CENTER,8.06,10.93,133.92,0,1500,1661,CENTER
1172982.729,TO_CENTER,8.06,10.93,133.92,0,1500,1661,CENTER
1172982.750,TO_CENTER,8.06,10.93,133.92,0,1500,1661,CENTER
1172982.770,TO_CENTER,8.06,10.93,133.92,0,1500,1661,CENTER
1172982.791,TO_CENTER,8.06,10.93,133.92,0,1500,1661,CENTER
1172982.812,TO_CENTER,8.14,10.95,134.07,0,1500,1661,CENTER
1172982.832,TO_CENTER,8.14,10.95,134.07,0,1500,1661,CENTER
1172982.853,TO_CENTER,8.14,10.95,134.07,0,1500,1661,CENTER
1172982.873,TO_CENTER,8.14,10.95,134.07,0,1500,1661,CENTER
1172982.894,TO_CENTER,8.14,10.95,134.07,0,1500,1661,CENTER
1172982.914,TO_CENTER,8.19,10.96,84.11,0,1500,1661,CENTER
1172982.935,TO_CENTER,8.19,10.96,84.11,0,1500,1661,CENTER
1172982.956,TO_CENTER,8.19,10.96,84.11,0,1500,1661,CENTER
1172982.976,TO_CENTER,8.19,10.96,84.11,0,1500,1661,CENTER
1172982.996,TO_CENTER,8.19,10.96,84.11,0,1500,1661,CENTER
1172983.017,TO_CENTER,8.25,10.97,84.19,0,1500,1661,CENTER
1172983.037,TO_CENTER,8.25,10.97,84.19,0,1500,1661,CENTER
1172983.057,TO_CENTER,8.25,10.97,84.19,0,1500,1661,CENTER
1172983.078,TO_CENTER,8.25,10.97,84.19,0,1500,1661,CENTER
1172983.098,TO_CENTER,8.25,10.97,84.19,0,1500,1661,CENTER
1172983.119,TO_CENTER,8.31,10.98,84.30,0,1500,1661,CENTER
1172983.139,TO_CENTER,8.31,10.98,84.30,0,1500,1661,CENTER
1172983.161,TO_CENTER,8.31,10.98,84.30,0,1500,1661,CENTER
1172983.181,TO_CENTER,8.31,10.98,84.30,0,1500,1661,CENTER
1172983.201,TO_CENTER,8.31,10.98,84.30,0,1500,1661,CENTER
1172983.222,TO_CENTER,8.39,11.00,84.38,0,1500,1660,CENTER
1172983.243,TO_CENTER,8.39,11.00,84.38,0,1500,1660,CENTER
1172983.263,TO_CENTER,8.39,11.00,84.38,0,1500,1660,CENTER
1172983.283,TO_CENTER,8.39,11.00,84.38,0,1500,1660,CENTER
1172983.304,TO_CENTER,8.39,11.00,84.38,0,1500,1660,CENTER
1172983.325,TO_CENTER,8.44,11.01,84.49,0,1500,1660,CENTER
1172983.346,TO_CENTER,8.44,11.01,84.49,0,1500,1660,CENTER
1172983.366,TO_CENTER,8.44,11.01,84.49,0,1500,1660,CENTER
1172983.386,TO_CENTER,8.44,11.01,84.49,0,1500,1660,CENTER
1172983.407,TO_CENTER,8.44,11.01,84.49,0,1500,1660,CENTER
1172983.428,TO_CENTER,8.50,11.02,84.53,0,1500,1660,CENTER
1172983.448,TO_CENTER,8.50,11.02,84.53,0,1500,1660,CENTER
1172983.472,TO_CENTER,8.50,11.02,84.53,0,1500,1660,CENTER
1172983.492,TO_CENTER,8.50,11.02,84.53,0,1500,1660,CENTER
1172983.514,TO_CENTER,8.50,11.02,84.53,0,1500,1660,CENTER
1172983.534,TO_CENTER,8.50,11.02,84.53,0,1500,1660,CENTER
1172983.554,TO_CENTER,8.50,11.02,84.53,0,1500,1660,CENTER
1172983.575,TO_CENTER,8.50,11.02,84.53,0,1500,1660,CENTER
1172983.596,TO_CENTER,8.50,11.02,84.53,0,1500,1660,CENTER
1172983.616,TO_CENTER,8.50,11.02,84.53,0,1500,1660,CENTER
1172983.637,TO_CENTER,8.64,11.05,53.72,0,1500,1660,CENTER
1172983.658,TO_CENTER,8.64,11.05,53.72,0,1500,1660,CENTER
1172983.678,TO_CENTER,8.64,11.05,53.72,0,1500,1660,CENTER
1172983.698,TO_CENTER,8.64,11.05,53.72,0,1500,1660,CENTER
1172983.720,TO_CENTER,8.64,11.05,53.72,0,1500,1660,CENTER
1172983.740,TO_CENTER,8.64,11.05,53.72,0,1500,1660,CENTER
1172983.761,TO_CENTER,8.64,11.05,53.72,0,1500,1660,CENTER
1172983.782,TO_CENTER,8.64,11.05,53.72,0,1500,1660,CENTER
1172983.802,TO_CENTER,8.64,11.05,53.72,0,1500,1660,CENTER
1172983.823,TO_CENTER,8.64,11.05,53.72,0,1500,1660,CENTER
1172983.843,TO_CENTER,8.72,11.07,53.86,0,1500,1659,CENTER
1172983.864,TO_CENTER,8.72,11.07,53.86,0,1500,1659,CENTER
1172983.884,TO_CENTER,8.72,11.07,53.86,0,1500,1659,CENTER
1172983.905,TO_CENTER,8.72,11.07,53.86,0,1500,1659,CENTER
1172983.926,TO_CENTER,8.72,11.07,53.86,0,1500,1659,CENTER
1172983.946,TO_CENTER,8.78,11.08,53.94,0,1500,1659,CENTER
1172983.967,TO_CENTER,8.78,11.08,53.94,0,1500,1659,CENTER
1172983.988,TO_CENTER,8.78,11.08,53.94,0,1500,1659,CENTER
1172984.008,TO_CENTER,8.78,11.08,53.94,0,1500,1659,CENTER
1172984.030,TO_CENTER,8.78,11.08,53.94,0,1500,1659,CENTER
1172984.051,TO_CENTER,8.83,11.09,53.98,0,1500,1659,CENTER
1172984.072,TO_CENTER,8.83,11.09,53.98,0,1500,1659,CENTER
1172984.093,TO_CENTER,8.83,11.09,53.98,0,1500,1659,CENTER
1172984.114,TO_CENTER,8.83,11.09,53.98,0,1500,1659,CENTER
1172984.135,TO_CENTER,8.83,11.09,53.98,0,1500,1659,CENTER
1172984.156,TO_CENTER,8.83,11.09,53.98,0,1500,1659,CENTER
1172984.176,TO_CENTER,8.83,11.09,53.98,0,1500,1659,CENTER
1172984.197,TO_CENTER,8.83,11.09,53.98,0,1500,1659,CENTER
1172984.218,TO_CENTER,8.83,11.09,53.98,0,1500,1659,CENTER
1172984.238,TO_CENTER,8.83,11.09,53.98,0,1500,1659,CENTER
1172984.259,TO_CENTER,8.92,11.11,54.13,0,1500,1659,CENTER
1172984.280,TO_CENTER,8.92,11.11,54.13,0,1500,1659,CENTER
1172984.301,TO_CENTER,8.92,11.11,54.13,0,1500,1659,CENTER
1172984.321,TO_CENTER,8.92,11.11,54.13,0,1500,1659,CENTER
1172984.343,TO_CENTER,8.92,11.11,54.13,0,1500,1659,CENTER
1172984.364,TO_CENTER,8.97,11.12,54.16,0,1500,1659,CENTER
1172984.384,TO_CENTER,8.97,11.12,54.16,0,1500,1659,CENTER
1172984.405,TO_CENTER,8.97,11.12,54.16,0,1500,1659,CENTER
1172984.425,TO_CENTER,8.97,11.12,54.16,0,1500,1659,CENTER
1172984.446,TO_CENTER,8.97,11.12,54.16,0,1500,1659,CENTER
1172984.466,TO_CENTER,9.05,11.14,25.31,0,1500,1658,CENTER
1172984.487,TO_CENTER,9.05,11.14,25.31,0,1500,1658,CENTER
1172984.508,TO_CENTER,9.05,11.14,25.31,0,1500,1658,CENTER
1172984.528,TO_CENTER,9.05,11.14,25.31,0,1500,1658,CENTER
1172984.548,TO_CENTER,9.05,11.14,25.31,0,1500,1658,CENTER
1172984.569,TO_CENTER,9.05,11.14,25.31,0,1500,1658,CENTER
1172984.589,TO_CENTER,9.05,11.14,25.31,0,1500,1658,CENTER
1172984.610,TO_CENTER,9.05,11.14,25.31,0,1500,1658,CENTER
1172984.630,TO_CENTER,9.05,11.14,25.31,0,1500,1658,CENTER
1172984.651,TO_CENTER,9.05,11.14,25.31,0,1500,1658,CENTER
1172984.671,TO_CENTER,9.14,11.15,25.39,0,1500,1658,CENTER
1172984.692,TO_CENTER,9.14,11.15,25.39,0,1500,1658,CENTER
1172984.712,TO_CENTER,9.14,11.15,25.39,0,1500,1658,CENTER
1172984.732,TO_CENTER,9.14,11.15,25.39,0,1500,1658,CENTER
1172984.753,TO_CENTER,9.14,11.15,25.39,0,1500,1658,CENTER
1172984.773,TO_CENTER,9.22,11.17,25.49,0,1500,1658,CENTER
1172984.794,TO_CENTER,9.22,11.17,25.49,0,1500,1658,CENTER
1172984.814,TO_CENTER,9.22,11.17,25.49,0,1500,1658,CENTER
1172984.835,TO_CENTER,9.22,11.17,25.49,0,1500,1658,CENTER
1172984.856,TO_CENTER,9.22,11.17,25.49,0,1500,1658,CENTER
1172984.876,TO_CENTER,9.28,11.18,25.57,0,1500,1658,CENTER
1172984.897,TO_CENTER,9.28,11.18,25.57,0,1500,1658,CENTER
1172984.917,TO_CENTER,9.28,11.18,25.57,0,1500,1658,CENTER
1172984.938,TO_CENTER,9.28,11.18,25.57,0,1500,1658,CENTER
1172984.958,TO_CENTER,9.28,11.18,25.57,0,1500,1658,CENTER
1172984.979,TO_CENTER,9.34,11.19,25.64,0,1500,1657,CENTER
1172985.000,TO_CENTER,9.34,11.19,25.64,0,1500,1657,CENTER
1172985.021,TO_CENTER,9.34,11.19,25.64,0,1500,1657,CENTER
1172985.041,TO_CENTER,9.34,11.19,25.64,0,1500,1657,CENTER
1172985.063,TO_CENTER,9.34,11.19,25.64,0,1500,1657,CENTER
1172985.083,TO_CENTER,9.40,11.20,25.72,0,1500,1657,CENTER
1172985.104,TO_CENTER,9.40,11.20,25.72,0,1500,1657,CENTER
1172985.125,TO_CENTER,9.40,11.20,25.72,0,1500,1657,CENTER
1172985.145,TO_CENTER,9.40,11.20,25.72,0,1500,1657,CENTER
1172985.166,TO_CENTER,9.40,11.20,25.72,0,1500,1657,CENTER
1172985.186,TO_CENTER,9.46,11.20,25.78,0,1500,1657,CENTER
1172985.207,TO_CENTER,9.46,11.20,25.78,0,1500,1657,CENTER
1172985.227,TO_CENTER,9.46,11.20,25.78,0,1500,1657,CENTER
1172985.247,TO_CENTER,9.46,11.20,25.78,0,1500,1657,CENTER
1172985.268,TO_CENTER,9.46,11.20,25.78,0,1500,1657,CENTER
1172985.288,TO_CENTER,9.46,11.20,11.78,1,1522,1657,CENTER
1172985.309,TO_CENTER,9.46,11.20,11.78,1,1522,1657,CENTER
1172985.329,TO_CENTER,9.46,11.20,11.78,1,1522,1657,CENTER
1172985.350,TO_CENTER,9.46,11.20,11.78,1,1522,1657,CENTER
1172985.370,TO_CENTER,9.46,11.20,11.78,1,1522,1657,CENTER
1172985.392,TO_CENTER,9.55,11.23,11.90,1,1522,1657,CENTER
1172985.413,TO_CENTER,9.55,11.23,11.90,1,1522,1657,CENTER
1172985.433,TO_CENTER,9.55,11.23,11.90,1,1522,1657,CENTER
1172985.455,TO_CENTER,9.55,11.23,11.90,1,1522,1657,CENTER
1172985.475,TO_CENTER,9.55,11.23,11.90,1,1522,1657,CENTER
1172985.496,TO_CENTER,9.62,11.24,11.93,1,1522,1657,CENTER
1172985.517,TO_CENTER,9.62,11.24,11.93,1,1522,1657,CENTER
1172985.537,TO_CENTER,9.62,11.24,11.93,1,1522,1657,CENTER
1172985.557,TO_CENTER,9.62,11.24,11.93,1,1522,1657,CENTER
1172985.578,TO_CENTER,9.62,11.24,11.93,1,1522,1657,CENTER
1172985.598,TO_CENTER,9.71,11.25,12.04,1,1522,1656,CENTER
1172985.618,TO_CENTER,9.71,11.25,12.04,1,1522,1656,CENTER
1172985.639,TO_CENTER,9.71,11.25,12.04,1,1522,1656,CENTER
1172985.660,TO_CENTER,9.71,11.25,12.04,1,1522,1656,CENTER
1172985.680,TO_CENTER,9.71,11.25,12.04,1,1522,1656,CENTER
1172985.701,TO_CENTER,9.77,11.27,12.11,1,1523,1656,CENTER
1172985.721,TO_CENTER,9.77,11.27,12.11,1,1523,1656,CENTER
1172985.742,TO_CENTER,9.77,11.27,12.11,1,1523,1656,CENTER
1172985.763,TO_CENTER,9.77,11.27,12.11,1,1523,1656,CENTER
1172985.784,TO_CENTER,9.77,11.27,12.11,1,1523,1656,CENTER
1172985.804,TO_CENTER,9.77,11.27,12.11,1,1523,1656,CENTER
1172985.824,TO_CENTER,9.77,11.27,12.11,1,1523,1656,CENTER
1172985.845,TO_CENTER,9.77,11.27,12.11,1,1523,1656,CENTER
1172985.866,TO_CENTER,9.77,11.27,12.11,1,1523,1656,CENTER
1172985.886,TO_CENTER,9.77,11.27,12.11,1,1523,1656,CENTER
1172985.906,TO_CENTER,9.87,11.28,12.22,1,1523,1656,CENTER
1172985.926,TO_CENTER,9.87,11.28,12.22,1,1523,1656,CENTER
1172985.947,TO_CENTER,9.87,11.28,12.22,1,1523,1656,CENTER
1172985.968,TO_CENTER,9.87,11.28,12.22,1,1523,1656,CENTER
1172985.988,TO_CENTER,9.87,11.28,12.22,1,1523,1656,CENTER
1172986.009,TO_CENTER,9.94,11.29,12.26,1,1523,1656,CENTER
1172986.029,TO_CENTER,9.94,11.29,12.26,1,1523,1656,CENTER
1172986.050,TO_CENTER,9.94,11.29,12.26,1,1523,1656,CENTER
1172986.070,TO_CENTER,9.94,11.29,12.26,1,1523,1656,CENTER
1172986.091,TO_CENTER,9.94,11.29,12.26,1,1523,1656,CENTER
1172986.112,TO_CENTER,10.00,11.30,12.36,1,1523,1656,CENTER
1172986.132,TO_CENTER,10.00,11.30,12.36,1,1523,1656,CENTER
1172986.153,TO_CENTER,10.00,11.30,12.36,1,1523,1656,CENTER
1172986.173,TO_CENTER,10.00,11.30,12.36,1,1523,1656,CENTER
1172986.195,TO_CENTER,10.00,11.30,12.36,1,1523,1656,CENTER
1172986.216,TO_CENTER,10.00,11.30,12.36,1,1523,1656,CENTER
1172986.236,TO_CENTER,10.00,11.30,12.36,1,1523,1656,CENTER
1172986.257,TO_CENTER,10.00,11.30,12.36,1,1523,1656,CENTER
1172986.277,TO_CENTER,10.00,11.30,12.36,1,1523,1656,CENTER
1172986.297,TO_CENTER,10.00,11.30,12.36,1,1523,1656,CENTER
1172986.317,TO_CENTER,10.10,11.31,12.44,1,1523,1655,CENTER
1172986.338,TO_CENTER,10.10,11.31,12.44,1,1523,1655,CENTER
1172986.358,TO_CENTER,10.10,11.31,12.44,1,1523,1655,CENTER
1172986.380,TO_CENTER,10.10,11.31,12.44,1,1523,1655,CENTER
1172986.400,TO_CENTER,10.10,11.31,12.44,1,1523,1655,CENTER
1172986.421,TO_CENTER,10.17,11.32,12.51,1,1523,1655,CENTER
1172986.441,TO_CENTER,10.17,11.32,12.51,1,1523,1655,CENTER
1172986.462,TO_CENTER,10.17,11.32,12.51,1,1523,1655,CENTER
1172986.482,TO_CENTER,10.17,11.32,12.51,1,1523,1655,CENTER
1172986.502,TO_CENTER,10.17,11.32,12.51,1,1523,1655,CENTER
1172986.523,TO_CENTER,10.26,11.33,12.58,1,1523,1655,CENTER
1172986.544,TO_CENTER,10.26,11.33,12.58,1,1523,1655,CENTER
1172986.564,TO_CENTER,10.26,11.33,12.58,1,1523,1655,CENTER
1172986.585,TO_CENTER,10.26,11.33,12.58,1,1523,1655,CENTER
1172986.605,TO_CENTER,10.26,11.33,12.58,1,1523,1655,CENTER
1172986.626,TO_CENTER,10.26,11.33,4.58,1,1523,1655,CENTER
1172986.646,TO_CENTER,10.26,11.33,4.58,1,1523,1655,CENTER
1172986.667,TO_CENTER,10.26,11.33,4.58,1,1523,1655,CENTER
1172986.687,TO_CENTER,10.26,11.33,4.58,1,1523,1655,CENTER
1172986.708,TO_CENTER,10.26,11.33,4.58,1,1523,1655,CENTER
1172986.728,TO_CENTER,10.36,11.35,4.68,1,1523,1654,CENTER
1172986.749,TO_CENTER,10.36,11.35,4.68,1,1523,1654,CENTER
1172986.769,TO_CENTER,10.36,11.35,4.68,1,1523,1654,CENTER
1172986.789,TO_CENTER,10.36,11.35,4.68,1,1523,1654,CENTER
1172986.810,TO_CENTER,10.36,11.35,4.68,1,1523,1654,CENTER
1172986.831,TO_CENTER,10.43,11.35,4.72,1,1523,1654,CENTER
1172986.852,TO_CENTER,10.43,11.35,4.72,1,1523,1654,CENTER
1172986.872,TO_CENTER,10.43,11.35,4.72,1,1523,1654,CENTER
1172986.892,TO_CENTER,10.43,11.35,4.72,1,1523,1654,CENTER
1172986.912,TO_CENTER,10.43,11.35,4.72,1,1523,1654,CENTER
1172986.933,TO_CENTER,10.53,11.37,4.82,1,1523,1654,CENTER
1172986.954,TO_CENTER,10.53,11.37,4.82,1,1523,1654,CENTER
1172986.974,TO_CENTER,10.53,11.37,4.82,1,1523,1654,CENTER
1172986.994,TO_CENTER,10.53,11.37,4.82,1,1523,1654,CENTER
1172987.015,TO_CENTER,10.53,11.37,4.82,1,1523,1654,CENTER
1172987.035,TO_CENTER,10.59,11.38,4.90,1,1523,1654,CENTER
1172987.055,TO_CENTER,10.59,11.38,4.90,1,1523,1654,CENTER
1172987.076,TO_CENTER,10.59,11.38,4.90,1,1523,1654,CENTER
1172987.097,TO_CENTER,10.59,11.38,4.90,1,1523,1654,CENTER
1172987.117,TO_CENTER,10.59,11.38,4.90,1,1523,1654,CENTER
1172987.138,TO_CENTER,10.66,11.39,4.96,1,1523,1654,CENTER
1172987.158,TO_CENTER,10.66,11.39,4.96,1,1523,1654,CENTER
1172987.180,TO_CENTER,10.66,11.39,4.96,1,1523,1654,CENTER
1172987.201,TO_CENTER,10.66,11.39,4.96,1,1523,1654,CENTER
1172987.222,TO_CENTER,10.66,11.39,4.96,1,1523,1654,CENTER
1172987.244,TO_CENTER,10.66,11.39,4.96,1,1523,1654,CENTER
1172987.264,TO_CENTER,10.66,11.39,4.96,1,1523,1654,CENTER
1172987.285,TO_CENTER,10.66,11.39,4.96,1,1523,1654,CENTER
1172987.305,TO_CENTER,10.66,11.39,4.96,1,1523,1654,CENTER
1172987.325,TO_CENTER,10.66,11.39,4.96,1,1523,1654,CENTER
1172987.346,TO_CENTER,10.73,11.39,5.00,1,1523,1653,CENTER
1172987.366,TO_CENTER,10.73,11.39,5.00,1,1523,1653,CENTER
1172987.388,TO_CENTER,10.73,11.39,5.00,1,1523,1653,CENTER
1172987.409,TO_CENTER,10.73,11.39,5.00,1,1523,1653,CENTER
1172987.429,TO_CENTER,10.73,11.39,5.00,1,1523,1653,CENTER
1172987.450,TO_CENTER,10.79,11.40,5.07,1,1523,1653,CENTER
1172987.472,TO_CENTER,10.79,11.40,5.07,1,1523,1653,CENTER
1172987.492,TO_CENTER,10.79,11.40,5.07,1,1523,1653,CENTER
1172987.513,TO_CENTER,10.79,11.40,5.07,1,1523,1653,CENTER
1172987.535,TO_CENTER,10.79,11.40,5.07,1,1523,1653,CENTER
1172987.555,TO_CENTER,10.86,11.41,5.10,1,1523,1653,CENTER
1172987.576,TO_CENTER,10.86,11.41,5.10,1,1523,1653,CENTER
1172987.596,TO_CENTER,10.86,11.41,5.10,1,1523,1653,CENTER
1172987.617,TO_CENTER,10.86,11.41,5.10,1,1523,1653,CENTER
1172987.637,TO_CENTER,10.86,11.41,5.10,1,1523,1653,CENTER
1172987.658,TO_CENTER,10.86,11.41,5.10,1,1523,1653,CENTER
1172987.678,TO_CENTER,10.86,11.41,5.10,1,1523,1653,CENTER
1172987.699,TO_CENTER,10.86,11.41,5.10,1,1523,1653,CENTER
1172987.721,TO_CENTER,10.86,11.41,5.10,1,1523,1653,CENTER
1172987.741,TO_CENTER,10.86,11.41,5.10,1,1523,1653,CENTER
1172987.762,TO_CENTER,10.96,11.42,5.21,1,1523,1653,CENTER
1172987.782,TO_CENTER,10.96,11.42,5.21,1,1523,1653,CENTER
1172987.803,TO_CENTER,10.96,11.42,5.21,1,1523,1653,CENTER
1172987.824,TO_CENTER,10.96,11.42,5.21,1,1523,1653,CENTER
1172987.845,TO_CENTER,10.96,11.42,5.21,1,1523,1653,CENTER
1172987.865,TO_CENTER,11.03,11.43,5.24,1,1523,1652,CENTER
1172987.886,TO_CENTER,11.03,11.43,5.24,1,1523,1652,CENTER
1172987.906,TO_CENTER,11.03,11.43,5.24,1,1523,1652,CENTER
1172987.927,TO_CENTER,11.03,11.43,5.24,1,1523,1652,CENTER
1172987.947,TO_CENTER,11.03,11.43,5.24,1,1523,1652,CENTER
1172987.968,TO_CENTER,11.09,11.44,5.35,1,1523,1652,CENTER
1172987.989,TO_CENTER,11.09,11.44,5.35,1,1523,1652,CENTER
1172988.010,TO_CENTER,11.09,11.44,5.35,1,1523,1652,CENTER
1172988.030,TO_CENTER,11.09,11.44,5.35,1,1523,1652,CENTER
1172988.052,TO_CENTER,11.09,11.44,5.35,1,1523,1652,CENTER
1172988.072,TO_CENTER,11.16,11.44,5.41,1,1523,1652,CENTER
1172988.092,TO_CENTER,11.16,11.44,5.41,1,1523,1652,CENTER
1172988.114,TO_CENTER,11.16,11.44,5.41,1,1523,1652,CENTER
1172988.136,TO_CENTER,11.16,11.44,5.41,1,1523,1652,CENTER
1172988.156,TO_CENTER,11.16,11.44,5.41,1,1523,1652,CENTER
1172988.177,TO_CENTER,11.16,11.44,2.41,1,1523,1652,CENTER
1172988.197,TO_CENTER,11.16,11.44,2.41,1,1523,1652,CENTER
1172988.218,TO_CENTER,11.16,11.44,2.41,1,1523,1652,CENTER
1172988.238,TO_CENTER,11.16,11.44,2.41,1,1523,1652,CENTER
1172988.259,TO_CENTER,11.16,11.44,2.41,1,1523,1652,CENTER
1172988.279,TO_CENTER,11.26,11.45,2.45,1,1523,1652,CENTER
1172988.300,TO_CENTER,11.26,11.45,2.45,1,1523,1652,CENTER
1172988.320,TO_CENTER,11.26,11.45,2.45,1,1523,1652,CENTER
1172988.341,TO_CENTER,11.26,11.45,2.45,1,1523,1652,CENTER
1172988.361,TO_CENTER,11.26,11.45,2.45,1,1523,1652,CENTER
1172988.382,TO_CENTER,11.32,11.45,2.52,1,1523,1652,CENTER
1172988.402,TO_CENTER,11.32,11.45,2.52,1,1523,1652,CENTER
1172988.423,TO_CENTER,11.32,11.45,2.52,1,1523,1652,CENTER
1172988.444,TO_CENTER,11.32,11.45,2.52,1,1523,1652,CENTER
1172988.464,TO_CENTER,11.32,11.45,2.52,1,1523,1652,CENTER
1172988.485,TO_CENTER,11.39,11.47,2.59,1,1523,1651,CENTER
1172988.505,TO_CENTER,11.39,11.47,2.59,1,1523,1651,CENTER
1172988.525,TO_CENTER,11.39,11.47,2.59,1,1523,1651,CENTER
1172988.546,TO_CENTER,11.39,11.47,2.59,1,1523,1651,CENTER
1172988.566,TO_CENTER,11.39,11.47,2.59,1,1523,1651,CENTER
1172988.586,TO_CENTER,11.45,11.47,2.66,1,1523,1651,CENTER
1172988.606,TO_CENTER,11.45,11.47,2.66,1,1523,1651,CENTER
1172988.627,TO_CENTER,11.45,11.47,2.66,1,1523,1651,CENTER
1172988.648,TO_CENTER,11.45,11.47,2.66,1,1523,1651,CENTER
1172988.668,TO_CENTER,11.45,11.47,2.66,1,1523,1651,CENTER
1172988.689,TO_CENTER,11.45,11.47,2.66,1,1523,1651,CENTER
1172988.709,TO_CENTER,11.45,11.47,2.66,1,1523,1651,CENTER
1172988.729,TO_CENTER,11.45,11.47,2.66,1,1523,1651,CENTER
1172988.750,TO_CENTER,11.45,11.47,2.66,1,1523,1651,CENTER
1172988.771,TO_CENTER,11.45,11.47,2.66,1,1523,1651,CENTER
1172988.791,TO_CENTER,11.61,11.49,2.76,1,1523,1651,CENTER
1172988.812,TO_CENTER,11.61,11.49,2.76,1,1523,1651,CENTER
1172988.833,TO_CENTER,11.61,11.49,2.76,1,1523,1651,CENTER
1172988.853,TO_CENTER,11.61,11.49,2.76,1,1523,1651,CENTER
1172988.874,TO_CENTER,11.61,11.49,2.76,1,1523,1651,CENTER
1172988.896,TO_CENTER,11.61,11.49,2.76,1,1523,1651,CENTER
1172988.916,TO_CENTER,11.61,11.49,3.76,1,1523,1651,CENTER
1172988.936,TO_CENTER,11.61,11.49,3.76,1,1523,1651,CENTER
1172988.957,TO_CENTER,11.61,11.49,3.76,1,1523,1651,CENTER
1172988.978,TO_CENTER,11.61,11.49,3.76,1,1523,1651,CENTER
1172988.998,TO_CENTER,11.71,11.50,3.86,1,1523,1650,CENTER
1172989.018,TO_CENTER,11.71,11.50,3.86,1,1523,1650,CENTER
1172989.039,TO_CENTER,11.71,11.50,3.86,1,1523,1650,CENTER
1172989.059,TO_CENTER,11.71,11.50,3.86,1,1523,1650,CENTER
1172989.080,TO_CENTER,11.71,11.50,3.86,1,1523,1650,CENTER
1172989.100,TO_CENTER,11.81,11.50,3.93,1,1523,1650,CENTER
1172989.120,TO_CENTER,11.81,11.50,3.93,1,1523,1650,CENTER
1172989.141,TO_CENTER,11.81,11.50,3.93,1,1523,1650,CENTER
1172989.162,TO_CENTER,11.81,11.50,3.93,1,1523,1650,CENTER
1172989.183,TO_CENTER,11.81,11.50,3.93,1,1523,1650,CENTER
1172989.203,TO_CENTER,11.87,11.51,3.96,1,1523,1650,CENTER
1172989.225,TO_CENTER,11.87,11.51,3.96,1,1523,1650,CENTER
1172989.245,TO_CENTER,11.87,11.51,3.96,1,1523,1650,CENTER
1172989.266,TO_CENTER,11.87,11.51,3.96,1,1523,1650,CENTER
1172989.287,TO_CENTER,11.87,11.51,3.96,1,1523,1650,CENTER
1172989.308,TO_CENTER,11.87,11.51,3.96,1,1523,1650,CENTER
1172989.328,TO_CENTER,11.87,11.51,3.96,1,1523,1650,CENTER
1172989.350,TO_CENTER,11.87,11.51,3.96,1,1523,1650,CENTER
1172989.370,TO_CENTER,11.87,11.51,3.96,1,1523,1650,CENTER
1172989.390,TO_CENTER,11.87,11.51,3.96,1,1523,1650,CENTER
1172989.411,TO_CENTER,11.96,11.52,4.06,1,1523,1650,CENTER
1172989.432,TO_CENTER,11.96,11.52,4.06,1,1523,1650,CENTER
1172989.452,TO_CENTER,11.96,11.52,4.06,1,1523,1650,CENTER
1172989.474,TO_CENTER,11.96,11.52,4.06,1,1523,1650,CENTER
1172989.495,TO_CENTER,11.96,11.52,4.06,1,1523,1650,CENTER
1172989.515,TO_CENTER,11.96,11.52,4.06,1,1523,1650,CENTER
1172989.536,TO_CENTER,11.96,11.52,4.06,1,1523,1650,CENTER
1172989.557,TO_CENTER,11.96,11.52,4.06,1,1523,1650,CENTER
1172989.576,TO_CENTER,11.96,11.52,4.06,1,1523,1650,CENTER
1172989.597,TO_CENTER,11.96,11.52,4.06,1,1523,1650,CENTER
1172989.618,TO_CENTER,11.96,11.52,4.06,1,1523,1650,CENTER
1172989.638,TO_CENTER,11.96,11.52,4.06,1,1523,1650,CENTER
1172989.659,TO_CENTER,11.96,11.52,4.06,1,1523,1650,CENTER
1172989.679,TO_CENTER,11.96,11.52,4.06,1,1523,1650,CENTER
1172989.699,TO_CENTER,11.96,11.52,4.06,1,1523,1650,CENTER
1172989.719,TO_CENTER,12.12,11.53,3.20,1,1523,1649,CENTER
1172989.742,TO_CENTER,12.12,11.53,3.20,1,1523,1649,CENTER
1172989.762,TO_CENTER,12.12,11.53,3.20,1,1523,1649,CENTER
1172989.782,TO_CENTER,12.12,11.53,3.20,1,1523,1649,CENTER
1172989.803,TO_CENTER,12.12,11.53,3.20,1,1523,1649,CENTER
1172989.823,TO_CENTER,12.18,11.54,3.23,1,1523,1649,CENTER
1172989.844,TO_CENTER,12.18,11.54,3.23,1,1523,1649,CENTER
1172989.864,TO_CENTER,12.18,11.54,3.23,1,1523,1649,CENTER
1172989.885,TO_CENTER,12.18,11.54,3.23,1,1523,1649,CENTER
1172989.905,TO_CENTER,12.18,11.54,3.23,1,1523,1649,CENTER
1172989.926,TO_CENTER,12.27,11.54,3.30,1,1523,1649,CENTER
1172989.946,TO_CENTER,12.27,11.54,3.30,1,1523,1649,CENTER
1172989.967,TO_CENTER,12.27,11.54,3.30,1,1523,1649,CENTER
1172989.988,TO_CENTER,12.27,11.54,3.30,1,1523,1649,CENTER
1172990.008,TO_CENTER,12.27,11.54,3.30,1,1523,1649,CENTER
1172990.028,TO_CENTER,12.37,11.55,3.40,1,1523,1648,CENTER
1172990.052,TO_CENTER,12.37,11.55,3.40,1,1523,1648,CENTER
1172990.072,TO_CENTER,12.37,11.55,3.40,1,1523,1648,CENTER
1172990.093,TO_CENTER,12.37,11.55,3.40,1,1523,1648,CENTER
1172990.113,TO_CENTER,12.37,11.55,3.40,1,1523,1648,CENTER
1172990.133,TO_CENTER,12.43,11.56,3.44,1,1523,1648,CENTER
1172990.154,TO_CENTER,12.43,11.56,3.44,1,1523,1648,CENTER
1172990.174,TO_CENTER,12.43,11.56,3.44,1,1523,1648,CENTER
1172990.195,TO_CENTER,12.43,11.56,3.44,1,1523,1648,CENTER
1172990.215,TO_CENTER,12.43,11.56,3.44,1,1523,1648,CENTER
1172990.236,TO_CENTER,12.49,11.57,2.50,1,1523,1648,CENTER
1172990.256,TO_CENTER,12.49,11.57,2.50,1,1523,1648,CENTER
1172990.277,TO_CENTER,12.49,11.57,2.50,1,1523,1648,CENTER
1172990.297,TO_CENTER,12.49,11.57,2.50,1,1523,1648,CENTER
1172990.318,TO_CENTER,12.49,11.57,2.50,1,1523,1648,CENTER
1172990.338,TO_CENTER,12.55,11.56,2.53,1,1523,1648,CENTER
1172990.359,TO_CENTER,12.55,11.56,2.53,1,1523,1648,CENTER
1172990.379,TO_CENTER,12.55,11.56,2.53,1,1523,1648,CENTER
1172990.400,TO_CENTER,12.55,11.56,2.53,1,1523,1648,CENTER
1172990.422,TO_CENTER,12.55,11.56,2.53,1,1523,1648,CENTER
1172990.444,TO_CENTER,12.61,11.57,2.57,1,1523,1648,CENTER
1172990.464,TO_CENTER,12.61,11.57,2.57,1,1523,1648,CENTER
1172990.485,TO_CENTER,12.61,11.57,2.57,1,1523,1648,CENTER
1172990.505,TO_CENTER,12.61,11.57,2.57,1,1523,1648,CENTER
1172990.526,TO_CENTER,12.61,11.57,2.57,1,1523,1648,CENTER
1172990.546,TO_CENTER,12.61,11.57,2.57,1,1523,1648,CENTER
1172990.568,TO_CENTER,12.61,11.57,2.57,1,1523,1648,CENTER
1172990.589,TO_CENTER,12.61,11.57,2.57,1,1523,1648,CENTER
1172990.609,TO_CENTER,12.61,11.57,2.57,1,1523,1648,CENTER
1172990.630,TO_CENTER,12.61,11.57,2.57,1,1523,1648,CENTER
1172990.651,TO_CENTER,12.70,11.57,2.64,1,1523,1647,CENTER
1172990.671,TO_CENTER,12.70,11.57,2.64,1,1523,1647,CENTER
1172990.691,TO_CENTER,12.70,11.57,2.64,1,1523,1647,CENTER
1172990.712,TO_CENTER,12.70,11.57,2.64,1,1523,1647,CENTER
1172990.732,TO_CENTER,12.70,11.57,2.64,1,1523,1647,CENTER
1172990.752,TO_CENTER,12.76,11.58,2.70,1,1523,1647,CENTER
1172990.774,TO_CENTER,12.76,11.58,2.70,1,1523,1647,CENTER
1172990.795,TO_CENTER,12.76,11.58,2.70,1,1523,1647,CENTER
1172990.815,TO_CENTER,12.76,11.58,2.70,1,1523,1647,CENTER
1172990.836,TO_CENTER,12.76,11.58,2.70,1,1523,1647,CENTER
1172990.857,TO_CENTER,12.81,11.58,2.74,1,1523,1647,CENTER
1172990.877,TO_CENTER,12.81,11.58,2.74,1,1523,1647,CENTER
1172990.898,TO_CENTER,12.81,11.58,2.74,1,1523,1647,CENTER
1172990.918,TO_CENTER,12.81,11.58,2.74,1,1523,1647,CENTER
1172990.938,TO_CENTER,12.81,11.58,2.74,1,1523,1647,CENTER
1172990.961,TO_CENTER,12.87,11.59,2.80,1,1523,1647,CENTER
1172990.982,TO_CENTER,12.87,11.59,2.80,1,1523,1647,CENTER
1172991.002,TO_CENTER,12.87,11.59,2.80,1,1523,1647,CENTER
1172991.022,TO_CENTER,12.87,11.59,2.80,1,1523,1647,CENTER
1172991.043,TO_CENTER,12.87,11.59,2.80,1,1523,1647,CENTER
1172991.063,TO_CENTER,12.87,11.59,2.80,1,1523,1647,CENTER
1172991.085,TO_CENTER,12.87,11.59,2.80,1,1523,1647,CENTER
1172991.105,TO_CENTER,12.87,11.59,2.80,1,1523,1647,CENTER
1172991.126,TO_CENTER,12.87,11.59,2.80,1,1523,1647,CENTER
1172991.146,TO_CENTER,12.87,11.59,2.80,1,1523,1647,CENTER
1172991.167,TO_CENTER,12.96,11.59,2.87,1,1523,1647,CENTER
1172991.187,TO_CENTER,12.96,11.59,2.87,1,1523,1647,CENTER
1172991.207,TO_CENTER,12.96,11.59,2.87,1,1523,1647,CENTER
1172991.228,TO_CENTER,12.96,11.59,2.87,1,1523,1647,CENTER
1172991.249,TO_CENTER,12.96,11.59,2.87,1,1523,1647,CENTER
1172991.269,TO_CENTER,13.05,11.60,2.94,1,1523,1646,CENTER
1172991.289,TO_CENTER,13.05,11.60,2.94,1,1523,1646,CENTER
1172991.310,TO_CENTER,13.05,11.60,2.94,1,1523,1646,CENTER
1172991.330,TO_CENTER,13.05,11.60,2.94,1,1523,1646,CENTER
1172991.351,TO_CENTER,13.05,11.60,2.94,1,1523,1646,CENTER
1172991.372,TO_CENTER,13.05,11.60,2.94,1,1523,1646,CENTER
1172991.392,TO_CENTER,13.05,11.60,2.94,1,1523,1646,CENTER
1172991.413,TO_CENTER,13.05,11.60,2.94,1,1523,1646,CENTER
1172991.434,TO_CENTER,13.05,11.60,2.94,1,1523,1646,CENTER
1172991.454,TO_CENTER,13.05,11.60,2.94,1,1523,1646,CENTER
1172991.475,TO_CENTER,13.13,11.60,3.00,1,1523,1646,CENTER
1172991.496,TO_CENTER,13.13,11.60,3.00,1,1523,1646,CENTER
1172991.516,TO_CENTER,13.13,11.60,3.00,1,1523,1646,CENTER
1172991.538,TO_CENTER,13.13,11.60,3.00,1,1523,1646,CENTER
1172991.558,TO_CENTER,13.13,11.60,3.00,1,1523,1646,CENTER
1172991.579,TO_CENTER,13.19,11.61,3.04,1,1523,1646,CENTER
1172991.599,TO_CENTER,13.19,11.61,3.04,1,1523,1646,CENTER
1172991.620,TO_CENTER,13.19,11.61,3.04,1,1523,1646,CENTER
1172991.640,TO_CENTER,13.19,11.61,3.04,1,1523,1646,CENTER
1172991.661,TO_CENTER,13.19,11.61,3.04,1,1523,1646,CENTER
1172991.681,TO_CENTER,13.27,11.61,3.10,1,1523,1646,CENTER
1172991.701,TO_CENTER,13.27,11.61,3.10,1,1523,1646,CENTER
1172991.721,TO_CENTER,13.27,11.61,3.10,1,1523,1646,CENTER
1172991.741,TO_CENTER,13.27,11.61,3.10,1,1523,1646,CENTER
1172991.762,TO_CENTER,13.27,11.61,3.10,1,1523,1646,CENTER
1172991.783,TO_CENTER,13.33,11.61,3.17,1,1523,1646,CENTER
1172991.803,TO_CENTER,13.33,11.61,3.17,1,1523,1646,CENTER
1172991.824,TO_CENTER,13.33,11.61,3.17,1,1523,1646,CENTER
1172991.844,TO_CENTER,13.33,11.61,3.17,1,1523,1646,CENTER
1172991.865,TO_CENTER,13.33,11.61,3.17,1,1523,1646,CENTER
1172991.886,TO_CENTER,13.38,11.62,3.23,1,1523,1645,CENTER
1172991.906,TO_CENTER,13.38,11.62,3.23,1,1523,1645,CENTER
1172991.927,TO_CENTER,13.38,11.62,3.23,1,1523,1645,CENTER
1172991.947,TO_CENTER,13.38,11.62,3.23,1,1523,1645,CENTER
1172991.967,TO_CENTER,13.38,11.62,3.23,1,1523,1645,CENTER
1172991.988,TO_CENTER,13.38,11.62,2.23,1,1523,1645,CENTER
1172992.009,TO_CENTER,13.38,11.62,2.23,1,1523,1645,CENTER
1172992.029,TO_CENTER,13.38,11.62,2.23,1,1523,1645,CENTER
1172992.049,TO_CENTER,13.38,11.62,2.23,1,1523,1645,CENTER
1172992.070,TO_CENTER,13.38,11.62,2.23,1,1523,1645,CENTER
1172992.091,TO_CENTER,13.46,11.62,2.30,1,1523,1645,CENTER
1172992.112,TO_CENTER,13.46,11.62,2.30,1,1523,1645,CENTER
1172992.132,TO_CENTER,13.46,11.62,2.30,1,1523,1645,CENTER
1172992.152,TO_CENTER,13.46,11.62,2.30,1,1523,1645,CENTER
1172992.173,TO_CENTER,13.46,11.62,2.30,1,1523,1645,CENTER
1172992.193,TO_CENTER,13.52,11.62,2.30,1,1523,1645,CENTER
1172992.214,TO_CENTER,13.52,11.62,2.30,1,1523,1645,CENTER
1172992.235,TO_CENTER,13.52,11.62,2.30,1,1523,1645,CENTER
1172992.255,TO_CENTER,13.52,11.62,2.30,1,1523,1645,CENTER
1172992.276,TO_CENTER,13.52,11.62,2.30,1,1523,1645,CENTER
1172992.296,TO_CENTER,13.60,11.63,2.37,1,1523,1645,CENTER
1172992.316,TO_CENTER,13.60,11.63,2.37,1,1523,1645,CENTER
1172992.337,TO_CENTER,13.60,11.63,2.37,1,1523,1645,CENTER
1172992.358,TO_CENTER,13.60,11.63,2.37,1,1523,1645,CENTER
1172992.378,TO_CENTER,13.60,11.63,2.37,1,1523,1645,CENTER
1172992.399,TO_CENTER,13.60,11.63,2.37,1,1523,1645,CENTER
1172992.419,TO_CENTER,13.60,11.63,2.37,1,1523,1645,CENTER
1172992.440,TO_CENTER,13.60,11.63,2.37,1,1523,1645,CENTER
1172992.462,TO_CENTER,13.60,11.63,2.37,1,1523,1645,CENTER
1172992.482,TO_CENTER,13.60,11.63,2.37,1,1523,1645,CENTER
1172992.503,TO_CENTER,13.68,11.63,2.43,1,1523,1644,CENTER
1172992.524,TO_CENTER,13.68,11.63,2.43,1,1523,1644,CENTER
1172992.545,TO_CENTER,13.68,11.63,2.43,1,1523,1644,CENTER
1172992.565,TO_CENTER,13.68,11.63,2.43,1,1523,1644,CENTER
1172992.587,TO_CENTER,13.68,11.63,2.43,1,1523,1644,CENTER
1172992.607,TO_CENTER,13.73,11.63,2.50,1,1523,1644,CENTER
1172992.628,TO_CENTER,13.73,11.63,2.50,1,1523,1644,CENTER
1172992.649,TO_CENTER,13.73,11.63,2.50,1,1523,1644,CENTER
1172992.669,TO_CENTER,13.73,11.63,2.50,1,1523,1644,CENTER
1172992.690,TO_CENTER,13.73,11.63,2.50,1,1523,1644,CENTER
1172992.711,TO_CENTER,13.78,11.64,2.53,1,1523,1644,CENTER
1172992.732,TO_CENTER,13.78,11.64,2.53,1,1523,1644,CENTER
1172992.753,TO_CENTER,13.78,11.64,2.53,1,1523,1644,CENTER
1172992.774,TO_CENTER,13.78,11.64,2.53,1,1523,1644,CENTER
1172992.794,TO_CENTER,13.78,11.64,2.53,1,1523,1644,CENTER
1172992.814,TO_CENTER,13.86,11.64,2.56,1,1523,1644,CENTER
1172992.835,TO_CENTER,13.86,11.64,2.56,1,1523,1644,CENTER
1172992.855,TO_CENTER,13.86,11.64,2.56,1,1523,1644,CENTER
1172992.875,TO_CENTER,13.86,11.64,2.56,1,1523,1644,CENTER
1172992.896,TO_CENTER,13.86,11.64,2.56,1,1523,1644,CENTER
1172992.916,TO_CENTER,13.86,11.64,2.56,1,1523,1644,CENTER
1172992.937,TO_CENTER,13.86,11.64,2.56,1,1523,1644,CENTER
1172992.957,TO_CENTER,13.86,11.64,2.56,1,1523,1644,CENTER
1172992.978,TO_CENTER,13.86,11.64,2.56,1,1523,1644,CENTER
1172992.998,TO_CENTER,13.86,11.64,2.56,1,1523,1644,CENTER
1172993.019,TO_CENTER,13.93,11.64,2.63,1,1523,1644,CENTER
1172993.040,TO_CENTER,13.93,11.64,2.63,1,1523,1644,CENTER
1172993.061,TO_CENTER,13.93,11.64,2.63,1,1523,1644,CENTER
1172993.081,TO_CENTER,13.93,11.64,2.63,1,1523,1644,CENTER
1172993.102,TO_CENTER,13.93,11.64,2.63,1,1523,1644,CENTER
1172993.122,TO_CENTER,13.98,11.64,2.70,1,1523,1644,CENTER
1172993.143,TO_CENTER,13.98,11.64,2.70,1,1523,1644,CENTER
1172993.163,TO_CENTER,13.98,11.64,2.70,1,1523,1644,CENTER
1172993.183,TO_CENTER,13.98,11.64,2.70,1,1523,1644,CENTER
1172993.204,TO_CENTER,13.98,11.64,2.70,1,1523,1644,CENTER
1172993.224,TO_CENTER,13.98,11.64,2.70,1,1523,1644,CENTER
1172993.244,TO_CENTER,13.98,11.64,2.70,1,1523,1644,CENTER
1172993.264,TO_CENTER,13.98,11.64,2.70,1,1523,1644,CENTER
1172993.285,TO_CENTER,13.98,11.64,2.70,1,1523,1644,CENTER
1172993.305,TO_CENTER,13.98,11.64,2.70,1,1523,1644,CENTER
1172993.325,TO_CENTER,14.06,11.65,2.76,1,1523,1643,CENTER
1172993.345,TO_CENTER,14.06,11.65,2.76,1,1523,1643,CENTER
1172993.366,TO_CENTER,14.06,11.65,2.76,1,1523,1643,CENTER
1172993.386,TO_CENTER,14.06,11.65,2.76,1,1523,1643,CENTER
1172993.407,TO_CENTER,14.06,11.65,2.76,1,1523,1643,CENTER
1172993.427,TO_CENTER,14.06,11.65,2.76,1,1523,1643,CENTER
1172993.447,TO_CENTER,14.06,11.65,2.76,1,1523,1643,CENTER
1172993.468,TO_CENTER,14.06,11.65,2.76,1,1523,1643,CENTER
1172993.488,TO_CENTER,14.06,11.65,2.76,1,1523,1643,CENTER
1172993.510,TO_CENTER,14.06,11.65,2.76,1,1523,1643,CENTER
1172993.530,TO_CENTER,14.18,11.65,2.83,1,1523,1643,CENTER
1172993.551,TO_CENTER,14.18,11.65,2.83,1,1523,1643,CENTER
1172993.572,TO_CENTER,14.18,11.65,2.83,1,1523,1643,CENTER
1172993.593,TO_CENTER,14.18,11.65,2.83,1,1523,1643,CENTER
1172993.613,TO_CENTER,14.18,11.65,2.83,1,1523,1643,CENTER
1172993.634,TO_CENTER,14.23,11.66,2.89,1,1523,1643,CENTER
1172993.654,TO_CENTER,14.23,11.66,2.89,1,1523,1643,CENTER
1172993.675,TO_CENTER,14.23,11.66,2.89,1,1523,1643,CENTER
1172993.695,TO_CENTER,14.23,11.66,2.89,1,1523,1643,CENTER
1172993.716,TO_CENTER,14.23,11.66,2.89,1,1523,1643,CENTER
1172993.736,TO_CENTER,14.23,11.66,2.89,1,1523,1643,CENTER
1172993.757,TO_CENTER,14.23,11.66,2.89,1,1523,1643,CENTER
1172993.777,TO_CENTER,14.23,11.66,2.89,1,1523,1643,CENTER
1172993.797,TO_CENTER,14.23,11.66,2.89,1,1523,1643,CENTER
1172993.818,TO_CENTER,14.23,11.66,2.89,1,1523,1643,CENTER
1172993.840,TO_CENTER,14.29,11.66,2.96,1,1523,1643,CENTER
1172993.860,TO_CENTER,14.29,11.66,2.96,1,1523,1643,CENTER
1172993.880,TO_CENTER,14.29,11.66,2.96,1,1523,1643,CENTER
1172993.902,TO_CENTER,14.29,11.66,2.96,1,1523,1643,CENTER
1172993.922,TO_CENTER,14.29,11.66,2.96,1,1523,1643,CENTER
1172993.942,TO_CENTER,14.37,11.65,1.99,1,1523,1642,CENTER
1172993.963,TO_CENTER,14.37,11.65,1.99,1,1523,1642,CENTER
1172993.983,TO_CENTER,14.37,11.65,1.99,1,1523,1642,CENTER
1172994.003,TO_CENTER,14.37,11.65,1.99,1,1523,1642,CENTER
1172994.024,TO_CENTER,14.37,11.65,1.99,1,1523,1642,CENTER
1172994.044,TO_CENTER,14.41,11.66,2.06,1,1523,1642,CENTER
1172994.064,TO_CENTER,14.41,11.66,2.06,1,1523,1642,CENTER
1172994.085,TO_CENTER,14.41,11.66,2.06,1,1523,1642,CENTER
1172994.105,TO_CENTER,14.41,11.66,2.06,1,1523,1642,CENTER
1172994.126,TO_CENTER,14.41,11.66,2.06,1,1523,1642,CENTER
1172994.146,TO_CENTER,14.41,11.66,2.06,1,1523,1642,CENTER
1172994.167,TO_CENTER,14.41,11.66,2.06,1,1523,1642,CENTER
1172994.187,TO_CENTER,14.41,11.66,2.06,1,1523,1642,CENTER
1172994.208,TO_CENTER,14.41,11.66,2.06,1,1523,1642,CENTER
1172994.228,TO_CENTER,14.41,11.66,2.06,1,1523,1642,CENTER
1172994.249,TO_CENTER,14.48,11.66,2.12,1,1523,1642,CENTER
1172994.269,TO_CENTER,14.48,11.66,2.12,1,1523,1642,CENTER
1172994.290,TO_CENTER,14.48,11.66,2.12,1,1523,1642,CENTER
1172994.310,TO_CENTER,14.48,11.66,2.12,1,1523,1642,CENTER
1172994.331,TO_CENTER,14.48,11.66,2.12,1,1523,1642,CENTER
1172994.352,TO_CENTER,14.55,11.66,2.16,1,1523,1642,CENTER
1172994.372,TO_CENTER,14.55,11.66,2.16,1,1523,1642,CENTER
1172994.392,TO_CENTER,14.55,11.66,2.16,1,1523,1642,CENTER
1172994.413,TO_CENTER,14.55,11.66,2.16,1,1523,1642,CENTER
1172994.434,TO_CENTER,14.55,11.66,2.16,1,1523,1642,CENTER
1172994.454,TO_CENTER,14.59,11.66,2.22,1,1523,1642,CENTER
1172994.475,TO_CENTER,14.59,11.66,2.22,1,1523,1642,CENTER
1172994.495,TO_CENTER,14.59,11.66,2.22,1,1523,1642,CENTER
1172994.516,TO_CENTER,14.59,11.66,2.22,1,1523,1642,CENTER
1172994.537,TO_CENTER,14.59,11.66,2.22,1,1523,1642,CENTER
1172994.557,TO_CENTER,14.59,11.66,2.22,1,1523,1642,CENTER
1172994.577,TO_CENTER,14.59,11.66,2.22,1,1523,1642,CENTER
1172994.598,TO_CENTER,14.59,11.66,2.22,1,1523,1642,CENTER
1172994.618,TO_CENTER,14.59,11.66,2.22,1,1523,1642,CENTER
1172994.639,TO_CENTER,14.59,11.66,2.22,1,1523,1642,CENTER
1172994.659,TO_CENTER,14.65,11.66,2.25,1,1523,1642,CENTER
1172994.680,TO_CENTER,14.65,11.66,2.25,1,1523,1642,CENTER
1172994.700,TO_CENTER,14.65,11.66,2.25,1,1523,1642,CENTER
1172994.721,TO_CENTER,14.65,11.66,2.25,1,1523,1642,CENTER
1172994.741,TO_CENTER,14.65,11.66,2.25,1,1523,1642,CENTER
1172994.761,TO_CENTER,14.69,11.67,2.29,1,1523,1641,CENTER
1172994.782,TO_CENTER,14.69,11.67,2.29,1,1523,1641,CENTER
1172994.802,TO_CENTER,14.69,11.67,2.29,1,1523,1641,CENTER
1172994.823,TO_CENTER,14.69,11.67,2.29,1,1523,1641,CENTER
1172994.843,TO_CENTER,14.69,11.67,2.29,1,1523,1641,CENTER
1172994.864,TO_CENTER,14.76,11.66,2.38,1,1523,1641,CENTER
1172994.884,TO_CENTER,14.76,11.66,2.38,1,1523,1641,CENTER
1172994.906,TO_CENTER,14.76,11.66,2.38,1,1523,1641,CENTER
1172994.926,TO_CENTER,14.76,11.66,2.38,1,1523,1641,CENTER
1172994.947,TO_CENTER,14.76,11.66,2.38,1,1523,1641,CENTER
1172994.969,TO_CENTER,14.76,11.66,2.38,1,1523,1641,CENTER
1172994.989,TO_CENTER,14.76,11.66,2.38,1,1523,1641,CENTER
1172995.009,TO_CENTER,14.76,11.66,2.38,1,1523,1641,CENTER
1172995.030,TO_CENTER,14.76,11.66,2.38,1,1523,1641,CENTER
1172995.050,TO_CENTER,14.76,11.66,2.38,1,1523,1641,CENTER
1172995.071,TO_CENTER,14.80,11.66,2.38,1,1523,1641,CENTER
1172995.091,TO_CENTER,14.80,11.66,2.38,1,1523,1641,CENTER
1172995.112,TO_CENTER,14.80,11.66,2.38,1,1523,1641,CENTER
1172995.132,TO_CENTER,14.80,11.66,2.38,1,1523,1641,CENTER
1172995.153,TO_CENTER,14.80,11.66,2.38,1,1523,1641,CENTER
1172995.173,TO_CENTER,14.86,11.67,2.45,1,1523,1641,CENTER
1172995.194,TO_CENTER,14.86,11.67,2.45,1,1523,1641,CENTER
1172995.214,TO_CENTER,14.86,11.67,2.45,1,1523,1641,CENTER
1172995.234,TO_CENTER,14.86,11.67,2.45,1,1523,1641,CENTER
1172995.255,TO_CENTER,14.86,11.67,2.45,1,1523,1641,CENTER
1172995.275,TO_CENTER,14.90,11.66,2.48,1,1523,1641,CENTER
1172995.296,TO_CENTER,14.90,11.66,2.48,1,1523,1641,CENTER
1172995.317,TO_CENTER,14.90,11.66,2.48,1,1523,1641,CENTER
1172995.337,TO_CENTER,14.90,11.66,2.48,1,1523,1641,CENTER
1172995.358,TO_CENTER,14.90,11.66,2.48,1,1523,1641,CENTER
1172995.378,TO_CENTER,14.90,11.66,2.48,1,1523,1641,CENTER
1172995.398,TO_CENTER,14.90,11.66,2.48,1,1523,1641,CENTER
1172995.419,TO_CENTER,14.90,11.66,2.48,1,1523,1641,CENTER
1172995.440,TO_CENTER,14.90,11.66,2.48,1,1523,1641,CENTER
1172995.460,TO_CENTER,14.90,11.66,2.48,1,1523,1641,CENTER
1172995.481,TO_CENTER,14.96,11.67,2.55,1,1523,1641,CENTER
1172995.501,TO_CENTER,14.96,11.67,2.55,1,1523,1641,CENTER
1172995.522,TO_CENTER,14.96,11.67,2.55,1,1523,1641,CENTER
1172995.542,TO_CENTER,14.96,11.67,2.55,1,1523,1641,CENTER
1172995.563,TO_CENTER,14.96,11.67,2.55,1,1523,1641,CENTER
1172995.583,TO_CENTER,15.02,11.66,2.58,1,1523,1641,CENTER
1172995.604,TO_CENTER,15.02,11.66,2.58,1,1523,1641,CENTER
1172995.624,TO_CENTER,15.02,11.66,2.58,1,1523,1641,CENTER
1172995.644,TO_CENTER,15.02,11.66,2.58,1,1523,1641,CENTER
1172995.665,TO_CENTER,15.02,11.66,2.58,1,1523,1641,CENTER
1172995.685,TO_CENTER,15.05,11.67,2.65,1,1523,1641,CENTER
1172995.706,TO_CENTER,15.05,11.67,2.65,1,1523,1641,CENTER
1172995.726,TO_CENTER,15.05,11.67,2.65,1,1523,1641,CENTER
1172995.747,TO_CENTER,15.05,11.67,2.65,1,1523,1641,CENTER
1172995.767,TO_CENTER,15.05,11.67,2.65,1,1523,1641,CENTER
1172995.788,TO_CENTER,15.05,11.67,2.65,1,1523,1641,CENTER
1172995.808,TO_CENTER,15.05,11.67,2.65,1,1523,1641,CENTER
1172995.829,TO_CENTER,15.05,11.67,2.65,1,1523,1641,CENTER
1172995.849,TO_CENTER,15.05,11.67,2.65,1,1523,1641,CENTER
1172995.869,TO_CENTER,15.05,11.67,2.65,1,1523,1641,CENTER
1172995.890,TO_CENTER,15.11,11.66,2.68,1,1523,1641,CENTER
1172995.910,TO_CENTER,15.11,11.66,2.68,1,1523,1641,CENTER
1172995.931,TO_CENTER,15.11,11.66,2.68,1,1523,1641,CENTER
1172995.952,TO_CENTER,15.11,11.66,2.68,1,1523,1641,CENTER
1172995.972,TO_CENTER,15.11,11.66,2.68,1,1523,1641,CENTER
1172995.993,TO_CENTER,15.15,11.66,2.68,1,1523,1641,CENTER
1172996.013,TO_CENTER,15.15,11.66,2.68,1,1523,1641,CENTER
1172996.035,TO_CENTER,15.15,11.66,2.68,1,1523,1641,CENTER
1172996.055,TO_CENTER,15.15,11.66,2.68,1,1523,1641,CENTER
1172996.075,TO_CENTER,15.15,11.66,2.68,1,1523,1641,CENTER
1172996.095,TO_CENTER,15.20,11.66,2.78,1,1523,1641,CENTER
1172996.116,TO_CENTER,15.20,11.66,2.78,1,1523,1641,CENTER
1172996.136,TO_CENTER,15.20,11.66,2.78,1,1523,1641,CENTER
1172996.156,TO_CENTER,15.20,11.66,2.78,1,1523,1641,CENTER
1172996.177,TO_CENTER,15.20,11.66,2.78,1,1523,1641,CENTER
1172996.197,TO_CENTER,15.23,11.66,2.78,1,1523,1641,CENTER
1172996.217,TO_CENTER,15.23,11.66,2.78,1,1523,1641,CENTER
1172996.238,TO_CENTER,15.23,11.66,2.78,1,1523,1641,CENTER
1172996.258,TO_CENTER,15.23,11.66,2.78,1,1523,1641,CENTER
1172996.279,TO_CENTER,15.23,11.66,2.78,1,1523,1641,CENTER
1172996.300,TO_CENTER,15.23,11.66,2.78,1,1523,1641,CENTER
1172996.320,TO_CENTER,15.23,11.66,2.78,1,1523,1641,CENTER
1172996.340,TO_CENTER,15.23,11.66,2.78,1,1523,1641,CENTER
1172996.362,TO_CENTER,15.23,11.66,2.78,1,1523,1641,CENTER
1172996.383,TO_CENTER,15.23,11.66,2.78,1,1523,1641,CENTER
1172996.403,TO_CENTER,15.29,11.66,2.84,1,1523,1641,CENTER
1172996.424,TO_CENTER,15.29,11.66,2.84,1,1523,1641,CENTER
1172996.444,TO_CENTER,15.29,11.66,2.84,1,1523,1641,CENTER
1172996.465,TO_CENTER,15.29,11.66,2.84,1,1523,1641,CENTER
1172996.485,TO_CENTER,15.29,11.66,2.84,1,1523,1641,CENTER
1172996.505,TO_CENTER,15.32,11.66,2.88,1,1523,1641,CENTER
1172996.526,TO_CENTER,15.32,11.66,2.88,1,1523,1641,CENTER
1172996.546,TO_CENTER,15.32,11.66,2.88,1,1523,1641,CENTER
1172996.566,TO_CENTER,15.32,11.66,2.88,1,1523,1641,CENTER
1172996.587,TO_CENTER,15.32,11.66,2.88,1,1523,1641,CENTER
1172996.607,TO_CENTER,15.32,11.66,1.88,1,1523,1641,CENTER
1172996.628,TO_CENTER,15.32,11.66,1.88,1,1523,1641,CENTER
1172996.648,TO_CENTER,15.32,11.66,1.88,1,1523,1641,CENTER
1172996.669,TO_CENTER,15.32,11.66,1.88,1,1523,1641,CENTER
1172996.689,TO_CENTER,15.32,11.66,1.88,1,1523,1641,CENTER
1172996.710,TO_CENTER,15.37,11.66,1.94,1,1523,1640,CENTER
1172996.730,TO_CENTER,15.37,11.66,1.94,1,1523,1640,CENTER
1172996.751,TO_CENTER,15.37,11.66,1.94,1,1523,1640,CENTER
1172996.771,TO_CENTER,15.37,11.66,1.94,1,1523,1640,CENTER
1172996.792,TO_CENTER,15.37,11.66,1.94,1,1523,1640,CENTER
1172996.813,TO_CENTER,15.40,11.66,1.98,1,1523,1640,CENTER
1172996.834,TO_CENTER,15.40,11.66,1.98,1,1523,1640,CENTER
1172996.854,TO_CENTER,15.40,11.66,1.98,1,1523,1640,CENTER
1172996.875,TO_CENTER,15.40,11.66,1.98,1,1523,1640,CENTER
1172996.895,TO_CENTER,15.40,11.66,1.98,1,1523,1640,CENTER
1172996.916,TO_CENTER,15.43,11.66,1.98,1,1523,1640,CENTER
1172996.936,TO_CENTER,15.43,11.66,1.98,1,1523,1640,CENTER
1172996.957,TO_CENTER,15.43,11.66,1.98,1,1523,1640,CENTER
1172996.977,TO_CENTER,15.43,11.66,1.98,1,1523,1640,CENTER
1172996.997,TO_CENTER,15.43,11.66,1.98,1,1523,1640,CENTER
1172997.018,TO_CENTER,15.48,11.66,2.07,1,1523,1640,CENTER
1172997.038,TO_CENTER,15.48,11.66,2.07,1,1523,1640,CENTER
1172997.059,TO_CENTER,15.48,11.66,2.07,1,1523,1640,CENTER
1172997.079,TO_CENTER,15.48,11.66,2.07,1,1523,1640,CENTER
1172997.100,TO_CENTER,15.48,11.66,2.07,1,1523,1640,CENTER
1172997.120,TO_CENTER,15.48,11.66,2.07,1,1523,1640,CENTER
1172997.141,TO_CENTER,15.48,11.66,2.07,1,1523,1640,CENTER
1172997.162,TO_CENTER,15.48,11.66,2.07,1,1523,1640,CENTER
1172997.184,TO_CENTER,15.48,11.66,2.07,1,1523,1640,CENTER
1172997.208,TO_CENTER,15.48,11.66,2.07,1,1523,1640,CENTER
1172997.230,TO_CENTER,15.54,11.65,2.11,1,1523,1640,CENTER
1172997.251,TO_CENTER,15.54,11.65,2.11,1,1523,1640,CENTER
1172997.272,TO_CENTER,15.54,11.65,2.11,1,1523,1640,CENTER
1172997.292,TO_CENTER,15.54,11.65,2.11,1,1523,1640,CENTER
1172997.314,TO_CENTER,15.54,11.65,2.11,1,1523,1640,CENTER
1172997.334,TO_CENTER,15.54,11.65,2.11,1,1523,1640,CENTER
1172997.356,TO_CENTER,15.54,11.65,2.11,1,1523,1640,CENTER
1172997.376,TO_CENTER,15.54,11.65,2.11,1,1523,1640,CENTER
1172997.397,TO_CENTER,15.54,11.65,2.11,1,1523,1640,CENTER
1172997.417,TO_CENTER,15.54,11.65,2.11,1,1523,1640,CENTER
1172997.439,TO_CENTER,15.57,11.66,2.17,1,1523,1640,CENTER
1172997.459,TO_CENTER,15.57,11.66,2.17,1,1523,1640,CENTER
1172997.480,TO_CENTER,15.57,11.66,2.17,1,1523,1640,CENTER
1172997.501,TO_CENTER,15.57,11.66,2.17,1,1523,1640,CENTER
1172997.522,TO_CENTER,15.57,11.66,2.17,1,1523,1640,CENTER
1172997.542,TO_CENTER,15.60,11.66,2.17,1,1523,1640,CENTER
1172997.563,TO_CENTER,15.60,11.66,2.17,1,1523,1640,CENTER
1172997.583,TO_CENTER,15.60,11.66,2.17,1,1523,1640,CENTER
1172997.604,TO_CENTER,15.60,11.66,2.17,1,1523,1640,CENTER
1172997.624,TO_CENTER,15.60,11.66,2.17,1,1523,1640,CENTER
1172997.645,TO_CENTER,15.60,11.66,2.17,1,1523,1640,CENTER
1172997.665,TO_CENTER,15.60,11.66,2.17,1,1523,1640,CENTER
1172997.686,TO_CENTER,15.60,11.66,2.17,1,1523,1640,CENTER
1172997.708,TO_CENTER,15.60,11.66,2.17,1,1523,1640,CENTER
1172997.729,TO_CENTER,15.60,11.66,2.17,1,1523,1640,CENTER
1172997.749,TO_CENTER,15.63,11.65,2.21,1,1523,1640,CENTER
1172997.770,TO_CENTER,15.63,11.65,2.21,1,1523,1640,CENTER
1172997.792,TO_CENTER,15.63,11.65,2.21,1,1523,1640,CENTER
1172997.812,TO_CENTER,15.63,11.65,2.21,1,1523,1640,CENTER
1172997.833,TO_CENTER,15.63,11.65,2.21,1,1523,1640,CENTER
1172997.853,TO_CENTER,15.65,11.65,2.24,1,1523,1640,CENTER
1172997.873,TO_CENTER,15.65,11.65,2.24,1,1523,1640,CENTER
1172997.894,TO_CENTER,15.65,11.65,2.24,1,1523,1640,CENTER
1172997.914,TO_CENTER,15.65,11.65,2.24,1,1523,1640,CENTER
1172997.935,TO_CENTER,15.65,11.65,2.24,1,1523,1640,CENTER
1172997.957,TO_CENTER,15.69,11.65,1.30,1,1523,1639,CENTER
1172997.977,TO_CENTER,15.69,11.65,1.30,1,1523,1639,CENTER
1172997.997,TO_CENTER,15.69,11.65,1.30,1,1523,1639,CENTER
1172998.019,TO_CENTER,15.69,11.65,1.30,1,1523,1639,CENTER
1172998.039,TO_CENTER,15.69,11.65,1.30,1,1523,1639,CENTER
1172998.059,TO_CENTER,15.69,11.65,1.30,1,1523,1639,CENTER
1172998.081,TO_CENTER,15.69,11.65,1.30,1,1523,1639,CENTER
1172998.101,TO_CENTER,15.69,11.65,1.30,1,1523,1639,CENTER
1172998.121,TO_CENTER,15.69,11.65,1.30,1,1523,1639,CENTER
1172998.142,TO_CENTER,15.69,11.65,1.30,1,1523,1639,CENTER
1172998.162,TO_CENTER,15.73,11.65,1.34,1,1523,1639,CENTER
1172998.183,TO_CENTER,15.73,11.65,1.34,1,1523,1639,CENTER
1172998.204,TO_CENTER,15.73,11.65,1.34,1,1523,1639,CENTER
1172998.225,TO_CENTER,15.73,11.65,1.34,1,1523,1639,CENTER
1172998.245,TO_CENTER,15.73,11.65,1.34,1,1523,1639,CENTER
1172998.265,TO_CENTER,15.77,11.64,1.37,1,1523,1639,CENTER
1172998.286,TO_CENTER,15.77,11.64,1.37,1,1523,1639,CENTER
1172998.306,TO_CENTER,15.77,11.64,1.37,1,1523,1639,CENTER
1172998.327,TO_CENTER,15.77,11.64,1.37,1,1523,1639,CENTER
1172998.347,TO_CENTER,15.77,11.64,1.37,1,1523,1639,CENTER
1172998.368,TO_CENTER,15.79,11.65,1.44,1,1523,1639,CENTER
1172998.389,TO_CENTER,15.79,11.65,1.44,1,1523,1639,CENTER
1172998.410,TO_CENTER,15.79,11.65,1.44,1,1523,1639,CENTER
1172998.430,TO_CENTER,15.79,11.65,1.44,1,1523,1639,CENTER
1172998.451,TO_CENTER,15.79,11.65,1.44,1,1523,1639,CENTER
1172998.472,TO_CENTER,15.79,11.65,1.44,1,1523,1639,CENTER
1172998.493,TO_CENTER,15.79,11.65,1.44,1,1523,1639,CENTER
1172998.513,TO_CENTER,15.79,11.65,1.44,1,1523,1639,CENTER
1172998.533,TO_CENTER,15.79,11.65,1.44,1,1523,1639,CENTER
1172998.554,TO_CENTER,15.79,11.65,1.44,1,1523,1639,CENTER
1172998.574,TO_CENTER,15.83,11.64,1.47,1,1523,1639,CENTER
1172998.595,TO_CENTER,15.83,11.64,1.47,1,1523,1639,CENTER
1172998.615,TO_CENTER,15.83,11.64,1.47,1,1523,1639,CENTER
1172998.635,TO_CENTER,15.83,11.64,1.47,1,1523,1639,CENTER
1172998.656,TO_CENTER,15.83,11.64,1.47,1,1523,1639,CENTER
1172998.676,TO_CENTER,15.85,11.64,1.47,1,1523,1639,CENTER
1172998.696,TO_CENTER,15.85,11.64,1.47,1,1523,1639,CENTER
1172998.717,TO_CENTER,15.85,11.64,1.47,1,1523,1639,CENTER
1172998.738,TO_CENTER,15.85,11.64,1.47,1,1523,1639,CENTER
1172998.758,TO_CENTER,15.85,11.64,1.47,1,1523,1639,CENTER
1172998.778,TO_CENTER,15.87,11.64,1.50,1,1523,1639,CENTER
1172998.798,TO_CENTER,15.87,11.64,1.50,1,1523,1639,CENTER
1172998.819,TO_CENTER,15.87,11.64,1.50,1,1523,1639,CENTER
1172998.839,TO_CENTER,15.87,11.64,1.50,1,1523,1639,CENTER
1172998.859,TO_CENTER,15.87,11.64,1.50,1,1523,1639,CENTER
1172998.880,TO_CENTER,15.90,11.63,1.54,1,1523,1639,CENTER
1172998.900,TO_CENTER,15.90,11.63,1.54,1,1523,1639,CENTER
1172998.920,TO_CENTER,15.90,11.63,1.54,1,1523,1639,CENTER
1172998.942,TO_CENTER,15.90,11.63,1.54,1,1523,1639,CENTER
1172998.963,TO_CENTER,15.90,11.63,1.54,1,1523,1639,CENTER
1172998.983,TO_CENTER,15.92,11.64,1.60,1,1523,1639,CENTER
1172999.004,TO_CENTER,15.92,11.64,1.60,1,1523,1639,CENTER
1172999.024,TO_CENTER,15.92,11.64,1.60,1,1523,1639,CENTER
1172999.045,TO_CENTER,15.92,11.64,1.60,1,1523,1639,CENTER
1172999.066,TO_CENTER,15.92,11.64,1.60,1,1523,1639,CENTER
1172999.087,TO_CENTER,15.94,11.64,1.60,1,1523,1639,CENTER
1172999.107,TO_CENTER,15.94,11.64,1.60,1,1523,1639,CENTER
1172999.129,TO_CENTER,15.94,11.64,1.60,1,1523,1639,CENTER
1172999.149,TO_CENTER,15.94,11.64,1.60,1,1523,1639,CENTER
1172999.169,TO_CENTER,15.94,11.64,1.60,1,1523,1639,CENTER
1172999.190,TO_CENTER,15.96,11.63,1.63,1,1523,1639,CENTER
1172999.210,TO_CENTER,15.96,11.63,1.63,1,1523,1639,CENTER
1172999.231,TO_CENTER,15.96,11.63,1.63,1,1523,1639,CENTER
1172999.252,TO_CENTER,15.96,11.63,1.63,1,1523,1639,CENTER
1172999.272,TO_CENTER,15.96,11.63,1.63,1,1523,1639,CENTER
1172999.293,TO_CENTER,15.98,11.63,1.67,1,1523,1639,CENTER
1172999.313,TO_CENTER,15.98,11.63,1.67,1,1523,1639,CENTER
1172999.333,TO_CENTER,15.98,11.63,1.67,1,1523,1639,CENTER
1172999.354,TO_CENTER,15.98,11.63,1.67,1,1523,1639,CENTER
1172999.374,TO_CENTER,15.98,11.63,1.67,1,1523,1639,CENTER
1172999.395,TO_CENTER,16.00,11.63,1.67,1,1523,1638,CENTER
1172999.415,TO_CENTER,16.00,11.63,1.67,1,1523,1638,CENTER
1172999.436,TO_CENTER,16.00,11.63,1.67,1,1523,1638,CENTER
1172999.457,TO_CENTER,16.00,11.63,1.67,1,1523,1638,CENTER
1172999.477,TO_CENTER,16.00,11.63,1.67,1,1523,1638,CENTER
1172999.498,TO_CENTER,16.00,11.63,1.67,1,1523,1638,CENTER
1172999.518,TO_CENTER,16.00,11.63,1.67,1,1523,1638,CENTER
1172999.539,TO_CENTER,16.00,11.63,1.67,1,1523,1638,CENTER
1172999.559,TO_CENTER,16.00,11.63,1.67,1,1523,1638,CENTER
1172999.580,TO_CENTER,16.00,11.63,1.67,1,1523,1638,CENTER
1172999.602,TO_CENTER,16.02,11.62,1.74,1,1523,1638,CENTER
1172999.622,TO_CENTER,16.02,11.62,1.74,1,1523,1638,CENTER
1172999.642,TO_CENTER,16.02,11.62,1.74,1,1523,1638,CENTER
1172999.663,TO_CENTER,16.02,11.62,1.74,1,1523,1638,CENTER
1172999.683,TO_CENTER,16.02,11.62,1.74,1,1523,1638,CENTER
1172999.704,TO_CENTER,16.05,11.62,1.80,1,1523,1638,CENTER
1172999.724,TO_CENTER,16.05,11.62,1.80,1,1523,1638,CENTER
1172999.744,TO_CENTER,16.05,11.62,1.80,1,1523,1638,CENTER
1172999.765,TO_CENTER,16.05,11.62,1.80,1,1523,1638,CENTER
1172999.785,TO_CENTER,16.05,11.62,1.80,1,1523,1638,CENTER
1172999.806,TO_CENTER,16.07,11.62,1.80,1,1523,1638,CENTER
1172999.826,TO_CENTER,16.07,11.62,1.80,1,1523,1638,CENTER
1172999.847,TO_CENTER,16.07,11.62,1.80,1,1523,1638,CENTER
1172999.867,TO_CENTER,16.07,11.62,1.80,1,1523,1638,CENTER
1172999.888,TO_CENTER,16.07,11.62,1.80,1,1523,1638,CENTER
1172999.908,TO_CENTER,16.08,11.62,1.83,1,1523,1638,CENTER
1172999.929,TO_CENTER,16.08,11.62,1.83,1,1523,1638,CENTER
1172999.949,TO_CENTER,16.08,11.62,1.83,1,1523,1638,CENTER
1172999.969,TO_CENTER,16.08,11.62,1.83,1,1523,1638,CENTER
1172999.990,TO_CENTER,16.08,11.62,1.83,1,1523,1638,CENTER
1173000.011,TO_CENTER,16.08,11.62,1.83,1,1523,1638,CENTER
1173000.031,TO_CENTER,16.08,11.62,1.83,1,1523,1638,CENTER
1173000.052,TO_CENTER,16.08,11.62,1.83,1,1523,1638,CENTER
1173000.073,TO_CENTER,16.08,11.62,1.83,1,1523,1638,CENTER
1173000.093,TO_CENTER,16.08,11.62,1.83,1,1523,1638,CENTER
1173000.114,TO_CENTER,16.10,11.61,1.87,1,1523,1638,CENTER
1173000.136,TO_CENTER,16.10,11.61,1.87,1,1523,1638,CENTER
1173000.156,TO_CENTER,16.10,11.61,1.87,1,1523,1638,CENTER
1173000.177,TO_CENTER,16.10,11.61,1.87,1,1523,1638,CENTER
1173000.197,TO_CENTER,16.10,11.61,1.87,1,1523,1638,CENTER
1173000.218,TO_CENTER,16.12,11.61,1.90,1,1523,1638,CENTER
1173000.239,TO_CENTER,16.12,11.61,1.90,1,1523,1638,CENTER
1173000.260,TO_CENTER,16.12,11.61,1.90,1,1523,1638,CENTER
1173000.280,TO_CENTER,16.12,11.61,1.90,1,1523,1638,CENTER
1173000.301,TO_CENTER,16.12,11.61,1.90,1,1523,1638,CENTER
1173000.322,TO_CENTER,16.14,11.60,1.94,1,1523,1638,CENTER
1173000.343,TO_CENTER,16.14,11.60,1.94,1,1523,1638,CENTER
1173000.364,TO_CENTER,16.14,11.60,1.94,1,1523,1638,CENTER
1173000.384,TO_CENTER,16.14,11.60,1.94,1,1523,1638,CENTER
1173000.404,TO_CENTER,16.14,11.60,1.94,1,1523,1638,CENTER
1173000.425,TO_CENTER,16.14,11.60,1.94,1,1523,1638,CENTER
1173000.446,TO_CENTER,16.14,11.60,1.94,1,1523,1638,CENTER
1173000.466,TO_CENTER,16.14,11.60,1.94,1,1523,1638,CENTER
1173000.487,TO_CENTER,16.14,11.60,1.94,1,1523,1638,CENTER
1173000.507,TO_CENTER,16.14,11.60,1.94,1,1523,1638,CENTER
1173000.528,TO_CENTER,16.16,11.61,2.00,1,1523,1638,CENTER
1173000.548,TO_CENTER,16.16,11.61,2.00,1,1523,1638,CENTER
1173000.569,TO_CENTER,16.16,11.61,2.00,1,1523,1638,CENTER
1173000.589,TO_CENTER,16.16,11.61,2.00,1,1523,1638,CENTER
1173000.610,TO_CENTER,16.16,11.61,2.00,1,1523,1638,CENTER
1173000.631,TO_CENTER,16.17,11.60,2.03,1,1523,1638,CENTER
1173000.651,TO_CENTER,16.17,11.60,2.03,1,1523,1638,CENTER
1173000.671,TO_CENTER,16.17,11.60,2.03,1,1523,1638,CENTER
1173000.692,TO_CENTER,16.17,11.60,2.03,1,1523,1638,CENTER
1173000.712,TO_CENTER,16.17,11.60,2.03,1,1523,1638,CENTER
1173000.733,TO_CENTER,16.19,11.60,2.07,1,1523,1638,CENTER
1173000.753,TO_CENTER,16.19,11.60,2.07,1,1523,1638,CENTER
1173000.775,TO_CENTER,16.19,11.60,2.07,1,1523,1638,CENTER
1173000.795,TO_CENTER,16.19,11.60,2.07,1,1523,1638,CENTER
1173000.816,TO_CENTER,16.19,11.60,2.07,1,1523,1638,CENTER
1173000.836,TO_CENTER,16.19,11.60,2.07,1,1523,1638,CENTER
1173000.857,TO_CENTER,16.19,11.60,2.07,1,1523,1638,CENTER
1173000.877,TO_CENTER,16.19,11.60,2.07,1,1523,1638,CENTER
1173000.898,TO_CENTER,16.19,11.60,2.07,1,1523,1638,CENTER
1173000.918,TO_CENTER,16.19,11.60,2.07,1,1523,1638,CENTER
1173000.938,TO_CENTER,16.19,11.60,2.07,1,1523,1638,CENTER
1173000.959,TO_CENTER,16.19,11.60,2.07,1,1523,1638,CENTER
1173000.980,TO_CENTER,16.19,11.60,2.07,1,1523,1638,CENTER
1173001.000,TO_CENTER,16.19,11.60,2.07,1,1523,1638,CENTER
1173001.021,TO_CENTER,16.19,11.60,2.07,1,1523,1638,CENTER
1173001.042,TO_CENTER,16.20,11.59,2.10,1,1523,1638,CENTER
1173001.062,TO_CENTER,16.20,11.59,2.10,1,1523,1638,CENTER
1173001.083,TO_CENTER,16.20,11.59,2.10,1,1523,1638,CENTER
1173001.104,TO_CENTER,16.20,11.59,2.10,1,1523,1638,CENTER
1173001.125,TO_CENTER,16.20,11.59,2.10,1,1523,1638,CENTER
1173001.145,TO_CENTER,16.21,11.59,2.14,1,1523,1638,CENTER
1173001.166,TO_CENTER,16.21,11.59,2.14,1,1523,1638,CENTER
1173001.187,TO_CENTER,16.21,11.59,2.14,1,1523,1638,CENTER
1173001.208,TO_CENTER,16.21,11.59,2.14,1,1523,1638,CENTER
1173001.229,TO_CENTER,16.21,11.59,2.14,1,1523,1638,CENTER
1173001.250,TO_CENTER,16.23,11.58,2.17,1,1523,1638,CENTER
1173001.270,TO_CENTER,16.23,11.58,2.17,1,1523,1638,CENTER
1173001.291,TO_CENTER,16.23,11.58,2.17,1,1523,1638,CENTER
1173001.312,TO_CENTER,16.23,11.58,2.17,1,1523,1638,CENTER
1173001.332,TO_CENTER,16.23,11.58,2.17,1,1523,1638,CENTER
1173001.354,TO_CENTER,16.23,11.58,2.20,1,1523,1638,CENTER
1173001.374,TO_CENTER,16.23,11.58,2.20,1,1523,1638,CENTER
1173001.395,TO_CENTER,16.23,11.58,2.20,1,1523,1638,CENTER
1173001.415,TO_CENTER,16.23,11.58,2.20,1,1523,1638,CENTER
1173001.435,TO_CENTER,16.23,11.58,2.20,1,1523,1638,CENTER
1173001.455,TO_CENTER,16.24,11.57,2.24,1,1523,1638,CENTER
1173001.476,TO_CENTER,16.24,11.57,2.24,1,1523,1638,CENTER
1173001.496,TO_CENTER,16.24,11.57,2.24,1,1523,1638,CENTER
1173001.517,TO_CENTER,16.24,11.57,2.24,1,1523,1638,CENTER
1173001.537,TO_CENTER,16.24,11.57,2.24,1,1523,1638,CENTER
1173001.558,TO_CENTER,16.25,11.57,1.24,1,1523,1638,CENTER
1173001.578,TO_CENTER,16.25,11.57,1.24,1,1523,1638,CENTER
1173001.599,TO_CENTER,16.25,11.57,1.24,1,1523,1638,CENTER
1173001.620,TO_CENTER,16.25,11.57,1.24,1,1523,1638,CENTER
1173001.641,TO_CENTER,16.25,11.57,1.24,1,1523,1638,CENTER
1173001.661,TO_CENTER,16.25,11.57,1.27,1,1523,1638,CENTER
1173001.682,TO_CENTER,16.25,11.57,1.27,1,1523,1638,CENTER
1173001.703,TO_CENTER,16.25,11.57,1.27,1,1523,1638,CENTER
1173001.723,TO_CENTER,16.25,11.57,1.27,1,1523,1638,CENTER
1173001.747,TO_CENTER,16.25,11.57,1.27,1,1523,1638,CENTER
1173001.767,TO_CENTER,16.25,11.56,1.31,1,1523,1638,CENTER
1173001.787,TO_CENTER,16.25,11.56,1.31,1,1523,1638,CENTER
1173001.808,TO_CENTER,16.25,11.56,1.31,1,1523,1638,CENTER
1173001.829,TO_CENTER,16.25,11.56,1.31,1,1523,1638,CENTER
1173001.849,TO_CENTER,16.25,11.56,1.31,1,1523,1638,CENTER
1173001.871,TO_CENTER,16.25,11.56,1.31,1,1523,1638,CENTER
1173001.891,TO_CENTER,16.25,11.56,1.31,1,1523,1638,CENTER
1173001.912,TO_CENTER,16.25,11.56,1.31,1,1523,1638,CENTER
1173001.934,TO_CENTER,16.25,11.56,1.31,1,1523,1638,CENTER
1173001.954,TO_CENTER,16.25,11.56,1.31,1,1523,1638,CENTER
1173001.975,TO_CENTER,16.26,11.56,1.34,1,1523,1638,CENTER
1173001.998,TO_CENTER,16.26,11.56,1.34,1,1523,1638,CENTER
1173002.018,TO_CENTER,16.26,11.56,1.34,1,1523,1638,CENTER
1173002.038,TO_CENTER,16.26,11.56,1.34,1,1523,1638,CENTER
1173002.059,TO_CENTER,16.26,11.56,1.34,1,1523,1638,CENTER
1173002.080,TO_CENTER,16.26,11.57,1.37,1,1523,1638,CENTER
1173002.100,TO_CENTER,16.26,11.57,1.37,1,1523,1638,CENTER
1173002.122,TO_CENTER,16.26,11.57,1.37,1,1523,1638,CENTER
1173002.142,TO_CENTER,16.26,11.57,1.37,1,1523,1638,CENTER
1173002.163,TO_CENTER,16.26,11.57,1.37,1,1523,1638,CENTER
1173002.184,TO_CENTER,16.26,11.56,1.40,1,1523,1638,CENTER
1173002.204,TO_CENTER,16.26,11.56,1.40,1,1523,1638,CENTER
1173002.224,TO_CENTER,16.26,11.56,1.40,1,1523,1638,CENTER
1173002.246,TO_CENTER,16.26,11.56,1.40,1,1523,1638,CENTER
1173002.267,TO_CENTER,16.26,11.56,1.40,1,1523,1638,CENTER
1173002.287,TO_CENTER,16.27,11.56,1.44,1,1523,1638,CENTER
1173002.308,TO_CENTER,16.27,11.56,1.44,1,1523,1638,CENTER
1173002.328,TO_CENTER,16.27,11.56,1.44,1,1523,1638,CENTER
1173002.349,TO_CENTER,16.27,11.56,1.44,1,1523,1638,CENTER
1173002.369,TO_CENTER,16.27,11.56,1.44,1,1523,1638,CENTER
1173002.390,TO_CENTER,16.27,11.55,1.47,1,1523,1638,CENTER
1173002.410,TO_CENTER,16.27,11.55,1.47,1,1523,1638,CENTER
1173002.431,TO_CENTER,16.27,11.55,1.47,1,1523,1638,CENTER
1173002.451,TO_CENTER,16.27,11.55,1.47,1,1523,1638,CENTER
1173002.472,TO_CENTER,16.27,11.55,1.47,1,1523,1638,CENTER
1173002.492,TO_CENTER,16.27,11.55,1.47,1,1523,1638,CENTER
1173002.512,TO_CENTER,16.27,11.55,1.47,1,1523,1638,CENTER
1173002.533,TO_CENTER,16.27,11.55,1.47,1,1523,1638,CENTER
1173002.553,TO_CENTER,16.27,11.55,1.47,1,1523,1638,CENTER
1173002.574,TO_CENTER,16.27,11.55,1.47,1,1523,1638,CENTER
1173002.595,TO_CENTER,16.27,11.55,1.47,1,1523,1638,CENTER
1173002.615,TO_CENTER,16.27,11.55,1.47,1,1523,1638,CENTER
1173002.635,TO_CENTER,16.27,11.55,1.47,1,1523,1638,CENTER
1173002.656,TO_CENTER,16.27,11.55,1.47,1,1523,1638,CENTER
1173002.677,TO_CENTER,16.27,11.55,1.47,1,1523,1638,CENTER
1173002.697,TO_CENTER,16.27,11.55,1.51,1,1523,1638,CENTER
1173002.717,TO_CENTER,16.27,11.55,1.51,1,1523,1638,CENTER
1173002.738,TO_CENTER,16.27,11.55,1.51,1,1523,1638,CENTER
1173002.758,TO_CENTER,16.27,11.55,1.51,1,1523,1638,CENTER
1173002.779,TO_CENTER,16.27,11.55,1.51,1,1523,1638,CENTER
1173002.799,TO_CENTER,16.26,11.54,1.54,1,1523,1638,CENTER
1173002.820,TO_CENTER,16.26,11.54,1.54,1,1523,1638,CENTER
1173002.840,TO_CENTER,16.26,11.54,1.54,1,1523,1638,CENTER
1173002.861,TO_CENTER,16.26,11.54,1.54,1,1523,1638,CENTER
1173002.881,TO_CENTER,16.26,11.54,1.54,1,1523,1638,CENTER
1173002.902,TO_CENTER,16.26,11.54,1.54,1,1523,1638,CENTER
1173002.922,TO_CENTER,16.26,11.54,1.54,1,1523,1638,CENTER
1173002.943,TO_CENTER,16.26,11.54,1.54,1,1523,1638,CENTER
1173002.965,TO_CENTER,16.26,11.54,1.54,1,1523,1638,CENTER
1173002.985,TO_CENTER,16.26,11.54,1.54,1,1523,1638,CENTER
1173003.006,TO_CENTER,16.26,11.54,1.58,1,1523,1638,CENTER
1173003.026,TO_CENTER,16.26,11.54,1.58,1,1523,1638,CENTER
1173003.046,TO_CENTER,16.26,11.54,1.58,1,1523,1638,CENTER
1173003.067,TO_CENTER,16.26,11.54,1.58,1,1523,1638,CENTER
1173003.087,TO_CENTER,16.26,11.54,1.58,1,1523,1638,CENTER
1173003.107,TO_CENTER,16.26,11.53,1.61,1,1523,1638,CENTER
1173003.128,TO_CENTER,16.26,11.53,1.61,1,1523,1638,CENTER
1173003.148,TO_CENTER,16.26,11.53,1.61,1,1523,1638,CENTER
1173003.169,TO_CENTER,16.26,11.53,1.61,1,1523,1638,CENTER
1173003.190,TO_CENTER,16.26,11.53,1.61,1,1523,1638,CENTER
1173003.210,TO_CENTER,16.25,11.53,1.64,1,1523,1638,CENTER
1173003.232,TO_CENTER,16.25,11.53,1.64,1,1523,1638,CENTER
1173003.253,TO_CENTER,16.25,11.53,1.64,1,1523,1638,CENTER
1173003.273,TO_CENTER,16.25,11.53,1.64,1,1523,1638,CENTER
1173003.295,TO_CENTER,16.25,11.53,1.64,1,1523,1638,CENTER
1173003.315,TO_CENTER,16.25,11.53,1.68,1,1523,1638,CENTER
1173003.335,TO_CENTER,16.25,11.53,1.68,1,1523,1638,CENTER
1173003.355,TO_CENTER,16.25,11.53,1.68,1,1523,1638,CENTER
1173003.376,TO_CENTER,16.25,11.53,1.68,1,1523,1638,CENTER
1173003.397,TO_CENTER,16.25,11.53,1.68,1,1523,1638,CENTER
1173003.417,TO_CENTER,16.25,11.53,1.68,1,1523,1638,CENTER
1173003.437,TO_CENTER,16.25,11.53,1.68,1,1523,1638,CENTER
1173003.458,TO_CENTER,16.25,11.53,1.68,1,1523,1638,CENTER
1173003.479,TO_CENTER,16.25,11.53,1.68,1,1523,1638,CENTER
1173003.499,TO_CENTER,16.25,11.53,1.68,1,1523,1638,CENTER
1173003.520,TO_CENTER,16.24,11.52,1.71,1,1523,1638,CENTER
1173003.540,TO_CENTER,16.24,11.52,1.71,1,1523,1638,CENTER
1173003.562,TO_CENTER,16.24,11.52,1.71,1,1523,1638,CENTER
1173003.583,TO_CENTER,16.24,11.52,1.71,1,1523,1638,CENTER
1173003.603,TO_CENTER,16.24,11.52,1.71,1,1523,1638,CENTER
1173003.624,TO_CENTER,16.23,11.52,1.71,1,1523,1638,CENTER
1173003.644,TO_CENTER,16.23,11.52,1.71,1,1523,1638,CENTER
1173003.665,TO_CENTER,16.23,11.52,1.71,1,1523,1638,CENTER
1173003.686,TO_CENTER,16.23,11.52,1.71,1,1523,1638,CENTER
1173003.706,TO_CENTER,16.23,11.52,1.71,1,1523,1638,CENTER
1173003.727,TO_CENTER,16.22,11.52,1.75,1,1523,1638,CENTER
1173003.749,TO_CENTER,16.22,11.52,1.75,1,1523,1638,CENTER
1173003.769,TO_CENTER,16.22,11.52,1.75,1,1523,1638,CENTER
1173003.790,TO_CENTER,16.22,11.52,1.75,1,1523,1638,CENTER
1173003.810,TO_CENTER,16.22,11.52,1.75,1,1523,1638,CENTER
1173003.831,TO_CENTER,16.21,11.50,1.75,1,1523,1638,CENTER
1173003.851,TO_CENTER,16.21,11.50,1.75,1,1523,1638,CENTER
1173003.873,TO_CENTER,16.21,11.50,1.75,1,1523,1638,CENTER
1173003.893,TO_CENTER,16.21,11.50,1.75,1,1523,1638,CENTER
1173003.914,TO_CENTER,16.21,11.50,1.75,1,1523,1638,CENTER
1173003.935,TO_CENTER,16.20,11.50,1.78,1,1523,1638,CENTER
1173003.955,TO_CENTER,16.20,11.50,1.78,1,1523,1638,CENTER
1173003.975,TO_CENTER,16.20,11.50,1.78,1,1523,1638,CENTER
1173003.996,TO_CENTER,16.20,11.50,1.78,1,1523,1638,CENTER
1173004.016,TO_CENTER,16.20,11.50,1.78,1,1523,1638,CENTER
1173004.037,TO_CENTER,16.20,11.50,1.78,1,1523,1638,CENTER
1173004.057,TO_CENTER,16.20,11.50,1.78,1,1523,1638,CENTER
1173004.078,TO_CENTER,16.20,11.50,1.78,1,1523,1638,CENTER
1173004.098,TO_CENTER,16.20,11.50,1.78,1,1523,1638,CENTER
1173004.119,TO_CENTER,16.20,11.50,1.78,1,1523,1638,CENTER
1173004.140,TO_CENTER,16.19,11.49,1.82,1,1523,1638,CENTER
1173004.161,TO_CENTER,16.19,11.49,1.82,1,1523,1638,CENTER
1173004.181,TO_CENTER,16.19,11.49,1.82,1,1523,1638,CENTER
1173004.205,TO_CENTER,16.19,11.49,1.82,1,1523,1638,CENTER
1173004.226,TO_CENTER,16.19,11.49,1.82,1,1523,1638,CENTER
1173004.246,TO_CENTER,16.18,11.49,1.82,1,1523,1638,CENTER
1173004.266,TO_CENTER,16.18,11.49,1.82,1,1523,1638,CENTER
1173004.287,TO_CENTER,16.18,11.49,1.82,1,1523,1638,CENTER
1173004.307,TO_CENTER,16.18,11.49,1.82,1,1523,1638,CENTER
1173004.328,TO_CENTER,16.18,11.49,1.82,1,1523,1638,CENTER
1173004.348,TO_CENTER,16.17,11.49,1.85,1,1523,1638,CENTER
1173004.369,TO_CENTER,16.17,11.49,1.85,1,1523,1638,CENTER
1173004.389,TO_CENTER,16.17,11.49,1.85,1,1523,1638,CENTER
1173004.409,TO_CENTER,16.17,11.49,1.85,1,1523,1638,CENTER
1173004.430,TO_CENTER,16.17,11.49,1.85,1,1523,1638,CENTER
1173004.450,TO_CENTER,16.16,11.48,1.89,1,1523,1638,CENTER
1173004.471,TO_CENTER,16.16,11.48,1.89,1,1523,1638,CENTER
1173004.491,TO_CENTER,16.16,11.48,1.89,1,1523,1638,CENTER
1173004.512,TO_CENTER,16.16,11.48,1.89,1,1523,1638,CENTER
1173004.533,TO_CENTER,16.16,11.48,1.89,1,1523,1638,CENTER
1173004.554,TO_CENTER,16.14,11.48,1.92,1,1523,1638,CENTER
1173004.574,TO_CENTER,16.14,11.48,1.92,1,1523,1638,CENTER
1173004.595,TO_CENTER,16.14,11.48,1.92,1,1523,1638,CENTER
1173004.615,TO_CENTER,16.14,11.48,1.92,1,1523,1638,CENTER
1173004.636,TO_CENTER,16.14,11.48,1.92,1,1523,1638,CENTER
1173004.656,TO_CENTER,16.13,11.48,1.92,1,1523,1638,CENTER
1173004.677,TO_CENTER,16.13,11.48,1.92,1,1523,1638,CENTER
1173004.697,TO_CENTER,16.13,11.48,1.92,1,1523,1638,CENTER
1173004.718,TO_CENTER,16.13,11.48,1.92,1,1523,1638,CENTER
1173004.738,TO_CENTER,16.13,11.48,1.92,1,1523,1638,CENTER
1173004.758,TO_CENTER,16.12,11.47,0.96,1,1523,1638,CENTER
1173004.778,TO_CENTER,16.12,11.47,0.96,1,1523,1638,CENTER
1173004.799,TO_CENTER,16.12,11.47,0.96,1,1523,1638,CENTER
1173004.820,TO_CENTER,16.12,11.47,0.96,1,1523,1638,CENTER
1173004.840,TO_CENTER,16.12,11.47,0.96,1,1523,1638,CENTER
1173004.863,TO_CENTER,16.10,11.47,0.99,1,1523,1638,CENTER
1173004.883,TO_CENTER,16.10,11.47,0.99,1,1523,1638,CENTER
1173004.904,TO_CENTER,16.10,11.47,0.99,1,1523,1638,CENTER
1173004.924,TO_CENTER,16.10,11.47,0.99,1,1523,1638,CENTER
1173004.945,TO_CENTER,16.10,11.47,0.99,1,1523,1638,CENTER
1173004.965,TO_CENTER,16.10,11.47,0.99,1,1523,1638,CENTER
1173004.987,TO_CENTER,16.10,11.47,0.99,1,1523,1638,CENTER
1173005.008,TO_CENTER,16.10,11.47,0.99,1,1523,1638,CENTER
1173005.028,TO_CENTER,16.10,11.47,0.99,1,1523,1638,CENTER
1173005.050,TO_CENTER,16.10,11.47,0.99,1,1523,1638,CENTER
1173005.070,TO_CENTER,16.08,11.46,1.03,1,1523,1638,CENTER
1173005.091,TO_CENTER,16.08,11.46,1.03,1,1523,1638,CENTER
1173005.112,TO_CENTER,16.08,11.46,1.03,1,1523,1638,CENTER
1173005.132,TO_CENTER,16.08,11.46,1.03,1,1523,1638,CENTER
1173005.153,TO_CENTER,16.08,11.46,1.03,1,1523,1638,CENTER
1173005.176,TO_CENTER,16.08,11.46,1.03,1,1523,1638,CENTER
1173005.197,TO_CENTER,16.08,11.46,1.03,1,1523,1638,CENTER
1173005.218,TO_CENTER,16.08,11.46,1.03,1,1523,1638,CENTER
1173005.238,TO_CENTER,16.08,11.46,1.03,1,1523,1638,CENTER
1173005.259,TO_CENTER,16.08,11.46,1.03,1,1523,1638,CENTER
1173005.279,TO_CENTER,16.06,11.46,1.06,1,1523,1638,CENTER
1173005.302,TO_CENTER,16.06,11.46,1.06,1,1523,1638,CENTER
1173005.322,TO_CENTER,16.06,11.46,1.06,1,1523,1638,CENTER
1173005.343,TO_CENTER,16.06,11.46,1.06,1,1523,1638,CENTER
1173005.363,TO_CENTER,16.06,11.46,1.06,1,1523,1638,CENTER
1173005.384,TO_CENTER,16.03,11.46,1.09,1,1523,1638,CENTER
1173005.405,TO_CENTER,16.03,11.46,1.09,1,1523,1638,CENTER
1173005.426,TO_CENTER,16.03,11.46,1.09,1,1523,1638,CENTER
1173005.446,TO_CENTER,16.03,11.46,1.09,1,1523,1638,CENTER
1173005.467,TO_CENTER,16.03,11.46,1.09,1,1523,1638,CENTER
1173005.488,TO_CENTER,16.03,11.46,1.09,1,1523,1638,CENTER
1173005.509,TO_CENTER,16.03,11.46,1.09,1,1523,1638,CENTER
1173005.529,TO_CENTER,16.03,11.46,1.09,1,1523,1638,CENTER
1173005.550,TO_CENTER,16.03,11.46,1.09,1,1523,1638,CENTER
1173005.571,TO_CENTER,16.03,11.46,1.09,1,1523,1638,CENTER
1173005.591,TO_CENTER,16.01,11.45,1.13,1,1523,1638,CENTER
1173005.611,TO_CENTER,16.01,11.45,1.13,1,1523,1638,CENTER
1173005.631,TO_CENTER,16.01,11.45,1.13,1,1523,1638,CENTER
1173005.653,TO_CENTER,16.01,11.45,1.13,1,1523,1638,CENTER
1173005.673,TO_CENTER,16.01,11.45,1.13,1,1523,1638,CENTER
1173005.694,TO_CENTER,15.99,11.44,1.10,1,1523,1639,CENTER
1173005.714,TO_CENTER,15.99,11.44,1.10,1,1523,1639,CENTER
1173005.734,TO_CENTER,15.99,11.44,1.10,1,1523,1639,CENTER
1173005.755,TO_CENTER,15.99,11.44,1.10,1,1523,1639,CENTER
1173005.775,TO_CENTER,15.99,11.44,1.10,1,1523,1639,CENTER
1173005.795,TO_CENTER,15.97,11.44,1.13,1,1523,1639,CENTER
1173005.817,TO_CENTER,15.97,11.44,1.13,1,1523,1639,CENTER
1173005.837,TO_CENTER,15.97,11.44,1.13,1,1523,1639,CENTER
1173005.858,TO_CENTER,15.97,11.44,1.13,1,1523,1639,CENTER
1173005.879,TO_CENTER,15.97,11.44,1.13,1,1523,1639,CENTER
1173005.900,TO_CENTER,15.95,11.43,1.17,1,1523,1639,CENTER
1173005.920,TO_CENTER,15.95,11.43,1.17,1,1523,1639,CENTER
1173005.942,TO_CENTER,15.95,11.43,1.17,1,1523,1639,CENTER
1173005.962,TO_CENTER,15.95,11.43,1.17,1,1523,1639,CENTER
1173005.984,TO_CENTER,15.95,11.43,1.17,1,1523,1639,CENTER
1173006.005,TO_CENTER,15.93,11.43,1.17,1,1523,1639,CENTER
1173006.026,TO_CENTER,15.93,11.43,1.17,1,1523,1639,CENTER
1173006.047,TO_CENTER,15.93,11.43,1.17,1,1523,1639,CENTER
1173006.070,TO_CENTER,15.93,11.43,1.17,1,1523,1639,CENTER
1173006.090,TO_CENTER,15.93,11.43,1.17,1,1523,1639,CENTER
1173006.111,TO_CENTER,15.91,11.43,1.20,1,1523,1639,CENTER
1173006.132,TO_CENTER,15.91,11.43,1.20,1,1523,1639,CENTER
1173006.153,TO_CENTER,15.91,11.43,1.20,1,1523,1639,CENTER
1173006.173,TO_CENTER,15.91,11.43,1.20,1,1523,1639,CENTER
1173006.195,TO_CENTER,15.91,11.43,1.20,1,1523,1639,CENTER
1173006.216,TO_CENTER,15.88,11.42,1.24,1,1523,1639,CENTER
1173006.237,TO_CENTER,15.88,11.42,1.24,1,1523,1639,CENTER
1173006.257,TO_CENTER,15.88,11.42,1.24,1,1523,1639,CENTER
1173006.278,TO_CENTER,15.88,11.42,1.24,1,1523,1639,CENTER
1173006.298,TO_CENTER,15.88,11.42,1.24,1,1523,1639,CENTER
1173006.318,TO_CENTER,15.86,11.42,1.24,1,1523,1639,CENTER
1173006.339,TO_CENTER,15.86,11.42,1.24,1,1523,1639,CENTER
1173006.360,TO_CENTER,15.86,11.42,1.24,1,1523,1639,CENTER
1173006.383,TO_CENTER,15.86,11.42,1.24,1,1523,1639,CENTER
1173006.404,TO_CENTER,15.86,11.42,1.24,1,1523,1639,CENTER
1173006.424,TO_CENTER,15.84,11.42,1.27,1,1523,1639,CENTER
1173006.445,TO_CENTER,15.84,11.42,1.27,1,1523,1639,CENTER
1173006.465,TO_CENTER,15.84,11.42,1.27,1,1523,1639,CENTER
1173006.485,TO_CENTER,15.84,11.42,1.27,1,1523,1639,CENTER
1173006.507,TO_CENTER,15.84,11.42,1.27,1,1523,1639,CENTER
1173006.527,TO_CENTER,15.81,11.41,1.31,1,1523,1639,CENTER
1173006.548,TO_CENTER,15.81,11.41,1.31,1,1523,1639,CENTER
1173006.568,TO_CENTER,15.81,11.41,1.31,1,1523,1639,CENTER
1173006.588,TO_CENTER,15.81,11.41,1.31,1,1523,1639,CENTER
1173006.609,TO_CENTER,15.81,11.41,1.31,1,1523,1639,CENTER
1173006.632,TO_CENTER,15.81,11.41,1.31,1,1523,1639,CENTER
1173006.653,TO_CENTER,15.81,11.41,1.31,1,1523,1639,CENTER
1173006.673,TO_CENTER,15.81,11.41,1.31,1,1523,1639,CENTER
1173006.693,TO_CENTER,15.81,11.41,1.31,1,1523,1639,CENTER
1173006.714,TO_CENTER,15.81,11.41,1.31,1,1523,1639,CENTER
1173006.734,TO_CENTER,15.78,11.40,1.31,1,1523,1639,CENTER
1173006.756,TO_CENTER,15.78,11.40,1.31,1,1523,1639,CENTER
1173006.776,TO_CENTER,15.78,11.40,1.31,1,1523,1639,CENTER
1173006.796,TO_CENTER,15.78,11.40,1.31,1,1523,1639,CENTER
1173006.817,TO_CENTER,15.78,11.40,1.31,1,1523,1639,CENTER
1173006.837,TO_CENTER,15.74,11.39,1.35,1,1523,1639,CENTER
1173006.858,TO_CENTER,15.74,11.39,1.35,1,1523,1639,CENTER
1173006.878,TO_CENTER,15.74,11.39,1.35,1,1523,1639,CENTER
1173006.898,TO_CENTER,15.74,11.39,1.35,1,1523,1639,CENTER
1173006.919,TO_CENTER,15.74,11.39,1.35,1,1523,1639,CENTER
1173006.939,TO_CENTER,15.71,11.39,1.35,1,1523,1639,CENTER
1173006.959,TO_CENTER,15.71,11.39,1.35,1,1523,1639,CENTER
1173006.980,TO_CENTER,15.71,11.39,1.35,1,1523,1639,CENTER
1173007.000,TO_CENTER,15.71,11.39,1.35,1,1523,1639,CENTER
1173007.022,TO_CENTER,15.71,11.39,1.35,1,1523,1639,CENTER
1173007.042,TO_CENTER,15.69,11.39,1.38,1,1523,1639,CENTER
1173007.063,TO_CENTER,15.69,11.39,1.38,1,1523,1639,CENTER
1173007.084,TO_CENTER,15.69,11.39,1.38,1,1523,1639,CENTER
1173007.104,TO_CENTER,15.69,11.39,1.38,1,1523,1639,CENTER
1173007.125,TO_CENTER,15.69,11.39,1.38,1,1523,1639,CENTER
1173007.155,TO_CENTER,15.69,11.39,1.38,1,1523,1639,CENTER
1173007.175,TO_CENTER,15.69,11.39,1.38,1,1523,1639,CENTER
1173007.196,TO_CENTER,15.69,11.39,1.38,1,1523,1639,CENTER
1173007.217,TO_CENTER,15.69,11.39,1.38,1,1523,1639,CENTER
1173007.237,TO_CENTER,15.69,11.39,1.38,1,1523,1639,CENTER
1173007.260,TO_CENTER,15.66,11.39,1.42,1,1523,1640,CENTER
1173007.281,TO_CENTER,15.66,11.39,1.42,1,1523,1640,CENTER
1173007.302,TO_CENTER,15.66,11.39,1.42,1,1523,1640,CENTER
1173007.327,TO_CENTER,15.66,11.39,1.42,1,1523,1640,CENTER
1173007.351,TO_CENTER,15.66,11.39,1.42,1,1523,1640,CENTER
1173007.373,TO_CENTER,15.66,11.39,1.42,1,1523,1640,CENTER
1173007.422,TO_CENTER,15.66,11.39,1.42,1,1523,1640,CENTER
1173007.445,TO_CENTER,15.66,11.39,1.42,1,1523,1640,CENTER
1173007.471,TO_CENTER,15.66,11.39,1.42,1,1523,1640,CENTER
1173007.503,TO_CENTER,15.63,11.39,1.42,1,1523,1640,CENTER
1173007.527,TO_CENTER,15.63,11.39,1.42,1,1523,1640,CENTER
1173007.548,TO_CENTER,15.63,11.39,1.42,1,1523,1640,CENTER
1173007.584,TO_CENTER,15.63,11.39,1.42,1,1523,1640,CENTER
1173007.612,TO_CENTER,15.63,11.39,1.42,1,1523,1640,CENTER
1173007.635,TO_CENTER,15.63,11.39,1.42,1,1523,1640,CENTER
1173007.670,TO_CENTER,15.63,11.39,1.42,1,1523,1640,CENTER
1173007.701,TO_CENTER,15.63,11.39,1.42,1,1523,1640,CENTER
1173007.727,TO_CENTER,15.59,11.37,1.42,1,1523,1640,CENTER
1173007.750,TO_CENTER,15.59,11.37,1.42,1,1523,1640,CENTER
1173007.774,TO_CENTER,15.59,11.37,1.42,1,1523,1640,CENTER
1173007.795,TO_CENTER,15.59,11.37,1.42,1,1523,1640,CENTER
1173007.825,TO_CENTER,15.59,11.37,1.42,1,1523,1640,CENTER
1173007.848,TO_CENTER,15.59,11.37,1.42,1,1523,1640,CENTER
1173007.882,TO_CENTER,15.59,11.37,1.42,1,1523,1640,CENTER
1173007.902,TO_CENTER,15.59,11.37,1.42,1,1523,1640,CENTER
1173007.928,TO_CENTER,15.58,11.37,1.45,1,1523,1640,CENTER
1173007.949,TO_CENTER,15.58,11.37,1.45,1,1523,1640,CENTER
1173007.975,TO_CENTER,15.58,11.37,1.45,1,1523,1640,CENTER
1173007.996,TO_CENTER,15.58,11.37,1.45,1,1523,1640,CENTER
1173008.018,TO_CENTER,15.58,11.37,1.45,1,1523,1640,CENTER
1173008.038,TO_CENTER,15.55,11.37,1.45,1,1523,1640,CENTER
1173008.061,TO_CENTER,15.55,11.37,1.45,1,1523,1640,CENTER
1173008.082,TO_CENTER,15.55,11.37,1.45,1,1523,1640,CENTER
1173008.104,TO_CENTER,15.55,11.37,1.45,1,1523,1640,CENTER
1173008.125,TO_CENTER,15.55,11.37,1.45,1,1523,1640,CENTER
1173008.147,TO_CENTER,15.55,11.37,1.45,1,1523,1640,CENTER
1173008.168,TO_CENTER,15.55,11.37,1.45,1,1523,1640,CENTER
1173008.189,TO_CENTER,15.55,11.37,1.45,1,1523,1640,CENTER
1173008.210,TO_CENTER,15.55,11.37,1.45,1,1523,1640,CENTER
1173008.235,TO_CENTER,15.55,11.37,1.45,1,1523,1640,CENTER
1173008.255,TO_CENTER,15.50,11.36,1.49,1,1523,1640,CENTER
1173008.288,TO_CENTER,15.50,11.36,1.49,1,1523,1640,CENTER
1173008.310,TO_CENTER,15.50,11.36,1.49,1,1523,1640,CENTER
1173008.333,TO_CENTER,15.50,11.36,1.49,1,1523,1640,CENTER
1173008.359,TO_CENTER,15.50,11.36,1.49,1,1523,1640,CENTER
1173008.380,TO_CENTER,15.45,11.36,1.49,1,1523,1640,CENTER
1173008.400,TO_CENTER,15.45,11.36,1.49,1,1523,1640,CENTER
1173008.420,TO_CENTER,15.45,11.36,1.49,1,1523,1640,CENTER
1173008.442,TO_CENTER,15.45,11.36,1.49,1,1523,1640,CENTER
1173008.462,TO_CENTER,15.45,11.36,1.49,1,1523,1640,CENTER
1173008.483,TO_CENTER,15.45,11.36,1.52,1,1523,1640,CENTER
1173008.508,TO_CENTER,15.45,11.36,1.52,1,1523,1640,CENTER
1173008.527,TO_CENTER,15.45,11.36,1.52,1,1523,1640,CENTER
1173008.548,TO_CENTER,15.45,11.36,1.52,1,1523,1640,CENTER
1173008.568,TO_CENTER,15.45,11.36,1.52,1,1523,1640,CENTER
1173008.596,TO_CENTER,15.39,11.36,1.52,1,1523,1640,CENTER
1173008.617,TO_CENTER,15.39,11.36,1.52,1,1523,1640,CENTER
1173008.637,TO_CENTER,15.39,11.36,1.52,1,1523,1640,CENTER
1173008.658,TO_CENTER,15.39,11.36,1.52,1,1523,1640,CENTER
1173008.678,TO_CENTER,15.39,11.36,1.52,1,1523,1640,CENTER
1173008.702,TO_CENTER,15.32,11.35,1.56,1,1523,1641,CENTER
1173008.726,TO_CENTER,15.32,11.35,1.56,1,1523,1641,CENTER
1173008.747,TO_CENTER,15.32,11.35,1.56,1,1523,1641,CENTER
1173008.768,TO_CENTER,15.32,11.35,1.56,1,1523,1641,CENTER
1173008.789,TO_CENTER,15.32,11.35,1.56,1,1523,1641,CENTER
1173008.810,TO_CENTER,15.32,11.35,1.56,1,1523,1641,CENTER
1173008.831,TO_CENTER,15.32,11.35,1.56,1,1523,1641,CENTER
1173008.851,TO_CENTER,15.32,11.35,1.56,1,1523,1641,CENTER
1173008.875,TO_CENTER,15.32,11.35,1.56,1,1523,1641,CENTER
1173008.896,TO_CENTER,15.32,11.35,1.56,1,1523,1641,CENTER
1173008.922,TO_CENTER,15.24,11.35,1.59,1,1523,1641,CENTER
1173008.944,TO_CENTER,15.24,11.35,1.59,1,1523,1641,CENTER
1173008.966,TO_CENTER,15.24,11.35,1.59,1,1523,1641,CENTER
1173008.986,TO_CENTER,15.24,11.35,1.59,1,1523,1641,CENTER
1173009.007,TO_CENTER,15.24,11.35,1.59,1,1523,1641,CENTER
1173009.027,TO_CENTER,15.15,11.34,1.56,1,1523,1641,CENTER
1173009.051,TO_CENTER,15.15,11.34,1.56,1,1523,1641,CENTER
1173009.068,TO_CENTER,15.15,11.34,1.56,1,1523,1641,CENTER
1173009.088,TO_CENTER,15.15,11.34,1.56,1,1523,1641,CENTER
1173009.111,TO_CENTER,15.15,11.34,1.56,1,1523,1641,CENTER
1173009.131,TO_CENTER,15.15,11.34,1.56,1,1523,1641,CENTER
1173009.151,TO_CENTER,15.15,11.34,1.56,1,1523,1641,CENTER
1173009.172,TO_CENTER,15.15,11.34,1.56,1,1523,1641,CENTER
1173009.192,TO_CENTER,15.15,11.34,1.56,1,1523,1641,CENTER
1173009.214,TO_CENTER,15.15,11.34,1.56,1,1523,1641,CENTER
1173009.234,TO_CENTER,15.05,11.33,1.60,1,1523,1641,CENTER
1173009.257,TO_CENTER,15.05,11.33,1.60,1,1523,1641,CENTER
1173009.279,TO_CENTER,15.05,11.33,1.60,1,1523,1641,CENTER
1173009.299,TO_CENTER,15.05,11.33,1.60,1,1523,1641,CENTER
1173009.328,TO_CENTER,15.05,11.33,1.60,1,1523,1641,CENTER
1173009.348,TO_CENTER,14.93,11.33,1.60,1,1523,1641,CENTER
1173009.374,TO_CENTER,14.93,11.33,1.60,1,1523,1641,CENTER
1173009.403,TO_CENTER,14.93,11.33,1.60,1,1523,1641,CENTER
1173009.424,TO_CENTER,14.93,11.33,1.60,1,1523,1641,CENTER
1173009.459,TO_CENTER,14.93,11.33,1.60,1,1523,1641,CENTER
1173012.031,TO_CENTER,11.55,11.27,-1.11,1,1523,1651,CENTER
1173012.051,TO_CENTER,11.32,11.27,-1.07,1,1523,1652,CENTER
1173012.072,TO_CENTER,11.32,11.27,-1.07,1,1523,1652,CENTER
1173012.092,TO_CENTER,11.32,11.27,-1.07,1,1523,1652,CENTER
1173012.113,TO_CENTER,11.32,11.27,-1.07,1,1523,1652,CENTER
1173012.135,TO_CENTER,11.32,11.27,-1.07,1,1523,1652,CENTER
1173012.155,TO_CENTER,10.97,11.26,-1.04,1,1523,1653,CENTER
1173012.175,TO_CENTER,10.97,11.26,-1.04,1,1523,1653,CENTER
1173012.200,TO_CENTER,10.97,11.26,-1.04,1,1523,1653,CENTER
1173012.220,TO_CENTER,10.97,11.26,-1.04,1,1523,1653,CENTER
1173012.240,TO_CENTER,10.97,11.26,-1.04,1,1523,1653,CENTER
1173012.260,TO_CENTER,10.74,11.26,-1.04,1,1523,1653,CENTER
1173012.281,TO_CENTER,10.74,11.26,-1.04,1,1523,1653,CENTER
1173012.301,TO_CENTER,10.74,11.26,-1.04,1,1523,1653,CENTER
1173012.322,TO_CENTER,10.74,11.26,-1.04,1,1523,1653,CENTER
1173012.343,TO_CENTER,10.74,11.26,-1.04,1,1523,1653,CENTER
1173012.366,TO_CENTER,10.51,11.26,-1.00,1,1523,1654,CENTER
1173012.384,TO_CENTER,10.51,11.26,-1.00,1,1523,1654,CENTER
1173012.405,TO_CENTER,10.51,11.26,-1.00,1,1523,1654,CENTER
1173012.425,TO_CENTER,10.51,11.26,-1.00,1,1523,1654,CENTER
1173012.447,TO_CENTER,10.51,11.26,-1.00,1,1523,1654,CENTER
1173012.468,TO_CENTER,10.51,11.26,-1.00,1,1523,1654,CENTER
1173012.488,TO_CENTER,10.51,11.26,-1.00,1,1523,1654,CENTER
1173012.509,TO_CENTER,10.51,11.26,-1.00,1,1523,1654,CENTER
1173012.530,TO_CENTER,10.51,11.26,-1.00,1,1523,1654,CENTER
1173012.550,TO_CENTER,10.51,11.26,-1.00,1,1523,1654,CENTER
1173012.571,TO_CENTER,9.93,11.25,-0.97,1,1523,1656,CENTER
1173012.591,TO_CENTER,9.93,11.25,-0.97,1,1523,1656,CENTER
1173012.611,TO_CENTER,9.93,11.25,-0.97,1,1523,1656,CENTER
1173012.636,TO_CENTER,9.93,11.25,-0.97,1,1523,1656,CENTER
1173012.656,TO_CENTER,9.93,11.25,-0.97,1,1523,1656,CENTER
1173012.677,TO_CENTER,9.93,11.25,-0.97,1,1523,1656,CENTER
1173012.697,TO_CENTER,9.93,11.25,-0.97,1,1523,1656,CENTER
1173012.717,TO_CENTER,9.93,11.25,-0.97,1,1523,1656,CENTER
1173012.739,TO_CENTER,9.93,11.25,-0.97,1,1523,1656,CENTER
1173012.759,TO_CENTER,9.93,11.25,-0.97,1,1523,1656,CENTER
1173012.780,TO_CENTER,9.57,11.25,-0.93,1,1522,1657,CENTER
1173012.800,TO_CENTER,9.57,11.25,-0.93,1,1522,1657,CENTER
1173012.822,TO_CENTER,9.57,11.25,-0.93,1,1522,1657,CENTER
1173012.842,TO_CENTER,9.57,11.25,-0.93,1,1522,1657,CENTER
1173012.862,TO_CENTER,9.57,11.25,-0.93,1,1522,1657,CENTER
1173012.885,TO_CENTER,9.34,11.25,-0.93,1,1522,1657,CENTER
1173012.906,TO_CENTER,9.34,11.25,-0.93,1,1522,1657,CENTER
1173012.926,TO_CENTER,9.34,11.25,-0.93,1,1522,1657,CENTER
1173012.949,TO_CENTER,9.34,11.25,-0.93,1,1522,1657,CENTER
1173012.969,TO_CENTER,9.34,11.25,-0.93,1,1522,1657,CENTER
1173012.990,TO_CENTER,9.11,11.24,-0.90,1,1522,1658,CENTER
1173013.011,TO_CENTER,9.11,11.24,-0.90,1,1522,1658,CENTER
1173013.031,TO_CENTER,9.11,11.24,-0.90,1,1522,1658,CENTER
1173013.051,TO_CENTER,9.11,11.24,-0.90,1,1522,1658,CENTER
1173013.072,TO_CENTER,9.11,11.24,-0.90,1,1522,1658,CENTER
1173013.093,TO_CENTER,8.75,11.23,-0.89,1,1522,1659,CENTER
1173013.115,TO_CENTER,8.75,11.23,-0.89,1,1522,1659,CENTER
1173013.142,TO_CENTER,8.75,11.23,-0.89,1,1522,1659,CENTER
1173013.162,TO_CENTER,8.75,11.23,-0.89,1,1522,1659,CENTER
1173013.184,TO_CENTER,8.75,11.23,-0.89,1,1522,1659,CENTER
1173013.204,TO_CENTER,8.52,11.23,-0.89,1,1522,1660,CENTER
1173013.224,TO_CENTER,8.52,11.23,-0.89,1,1522,1660,CENTER
1173013.246,TO_CENTER,8.52,11.23,-0.89,1,1522,1660,CENTER
1173013.267,TO_CENTER,8.52,11.23,-0.89,1,1522,1660,CENTER
1173013.287,TO_CENTER,8.52,11.23,-0.89,1,1522,1660,CENTER
1173013.310,TO_CENTER,8.29,11.22,-0.86,1,1522,1661,CENTER
1173013.331,TO_CENTER,8.29,11.22,-0.86,1,1522,1661,CENTER
1173013.351,TO_CENTER,8.29,11.22,-0.86,1,1522,1661,CENTER
1173013.373,TO_CENTER,8.29,11.22,-0.86,1,1522,1661,CENTER
1173013.393,TO_CENTER,8.29,11.22,-0.86,1,1522,1661,CENTER
1173013.414,TO_CENTER,8.05,11.22,-0.86,1,1522,1661,CENTER
1173013.435,TO_CENTER,8.05,11.22,-0.86,1,1522,1661,CENTER
1173013.455,TO_CENTER,8.05,11.22,-0.86,1,1522,1661,CENTER
1173013.476,TO_CENTER,8.05,11.22,-0.86,1,1522,1661,CENTER
1173013.498,TO_CENTER,8.05,11.22,-0.86,1,1522,1661,CENTER
1173013.518,TO_CENTER,8.05,11.22,-0.86,1,1522,1661,CENTER
1173013.538,TO_CENTER,8.05,11.22,-0.86,1,1522,1661,CENTER
1173013.559,TO_CENTER,8.05,11.22,-0.86,1,1522,1661,CENTER
1173013.579,TO_CENTER,8.05,11.22,-0.86,1,1522,1661,CENTER
1173013.599,TO_CENTER,8.05,11.22,-0.86,1,1522,1661,CENTER
1173013.622,TO_CENTER,7.70,11.22,-0.82,1,1522,1662,CENTER
1173013.643,TO_CENTER,7.70,11.22,-0.82,1,1522,1662,CENTER
1173013.663,TO_CENTER,7.70,11.22,-0.82,1,1522,1662,CENTER
1173013.683,TO_CENTER,7.70,11.22,-0.82,1,1522,1662,CENTER
1173013.704,TO_CENTER,7.70,11.22,-0.82,1,1522,1662,CENTER
1173013.725,TO_CENTER,7.35,11.22,-0.78,1,1522,1663,CENTER
1173013.745,TO_CENTER,7.35,11.22,-0.78,1,1522,1663,CENTER
1173013.766,TO_CENTER,7.35,11.22,-0.78,1,1522,1663,CENTER
1173013.786,TO_CENTER,7.35,11.22,-0.78,1,1522,1663,CENTER
1173013.807,TO_CENTER,7.35,11.22,-0.78,1,1522,1663,CENTER
1173013.827,TO_CENTER,7.11,11.22,-0.78,1,1522,1664,CENTER
1173013.847,TO_CENTER,7.11,11.22,-0.78,1,1522,1664,CENTER
1173013.868,TO_CENTER,7.11,11.22,-0.78,1,1522,1664,CENTER
1173013.888,TO_CENTER,7.11,11.22,-0.78,1,1522,1664,CENTER
1173013.909,TO_CENTER,7.11,11.22,-0.78,1,1522,1664,CENTER
1173013.929,TO_CENTER,7.11,11.22,-0.78,1,1522,1664,CENTER
1173013.950,TO_CENTER,7.11,11.22,-0.78,1,1522,1664,CENTER
1173013.971,TO_CENTER,7.11,11.22,-0.78,1,1522,1664,CENTER
1173013.991,TO_CENTER,7.11,11.22,-0.78,1,1522,1664,CENTER
1173014.012,TO_CENTER,7.11,11.22,-0.78,1,1522,1664,CENTER
1173014.033,TO_CENTER,6.76,11.21,-0.75,1,1522,1665,CENTER
1173014.053,TO_CENTER,6.76,11.21,-0.75,1,1522,1665,CENTER
1173014.075,TO_CENTER,6.76,11.21,-0.75,1,1522,1665,CENTER
1173014.095,TO_CENTER,6.76,11.21,-0.75,1,1522,1665,CENTER
1173014.116,TO_CENTER,6.76,11.21,-0.75,1,1522,1665,CENTER
1173014.136,TO_CENTER,6.53,11.20,-0.78,1,1522,1666,CENTER
1173014.156,TO_CENTER,6.53,11.20,-0.78,1,1522,1666,CENTER
1173014.176,TO_CENTER,6.53,11.20,-0.78,1,1522,1666,CENTER
1173014.197,TO_CENTER,6.53,11.20,-0.78,1,1522,1666,CENTER
1173014.218,TO_CENTER,6.53,11.20,-0.78,1,1522,1666,CENTER
1173014.238,TO_CENTER,6.30,11.20,-0.74,1,1522,1667,CENTER
1173014.259,TO_CENTER,6.30,11.20,-0.74,1,1522,1667,CENTER
1173014.279,TO_CENTER,6.30,11.20,-0.74,1,1522,1667,CENTER
1173014.300,TO_CENTER,6.30,11.20,-0.74,1,1522,1667,CENTER
1173014.320,TO_CENTER,6.30,11.20,-0.74,1,1522,1667,CENTER
1173014.340,TO_CENTER,6.06,11.20,-0.74,1,1522,1667,CENTER
1173014.361,TO_CENTER,6.06,11.20,-0.74,1,1522,1667,CENTER
1173014.381,TO_CENTER,6.06,11.20,-0.74,1,1522,1667,CENTER
1173014.401,TO_CENTER,6.06,11.20,-0.74,1,1522,1667,CENTER
1173014.422,TO_CENTER,6.06,11.20,-0.74,1,1522,1667,CENTER
1173014.443,TO_CENTER,5.83,11.19,-0.71,1,1522,1668,CENTER
1173014.463,TO_CENTER,5.83,11.19,-0.71,1,1522,1668,CENTER
1173014.484,TO_CENTER,5.83,11.19,-0.71,1,1522,1668,CENTER
1173014.504,TO_CENTER,5.83,11.19,-0.71,1,1522,1668,CENTER
1173014.525,TO_CENTER,5.83,11.19,-0.71,1,1522,1668,CENTER
1173014.546,TO_CENTER,5.60,11.19,-0.71,1,1522,1669,CENTER
1173014.567,TO_CENTER,5.60,11.19,-0.71,1,1522,1669,CENTER
1173014.587,TO_CENTER,5.60,11.19,-0.71,1,1522,1669,CENTER
1173014.610,TO_CENTER,5.60,11.19,-0.71,1,1522,1669,CENTER
1173014.630,TO_CENTER,5.60,11.19,-0.71,1,1522,1669,CENTER
1173014.651,TO_CENTER,5.36,11.19,-0.67,1,1522,1669,CENTER
1173014.672,TO_CENTER,5.36,11.19,-0.67,1,1522,1669,CENTER
1173014.692,TO_CENTER,5.36,11.19,-0.67,1,1522,1669,CENTER
1173014.712,TO_CENTER,5.36,11.19,-0.67,1,1522,1669,CENTER
1173014.732,TO_CENTER,5.36,11.19,-0.67,1,1522,1669,CENTER
1173014.753,TO_CENTER,5.13,11.19,-0.67,1,1522,1670,CENTER
1173014.773,TO_CENTER,5.13,11.19,-0.67,1,1522,1670,CENTER
1173014.794,TO_CENTER,5.13,11.19,-0.67,1,1522,1670,CENTER
1173014.814,TO_CENTER,5.13,11.19,-0.67,1,1522,1670,CENTER
1173014.835,TO_CENTER,5.13,11.19,-0.67,1,1522,1670,CENTER
1173014.855,TO_CENTER,4.78,11.18,-0.63,1,1522,1671,CENTER
1173014.875,TO_CENTER,4.78,11.18,-0.63,1,1522,1671,CENTER
1173014.896,TO_CENTER,4.78,11.18,-0.63,1,1522,1671,CENTER
1173014.916,TO_CENTER,4.78,11.18,-0.63,1,1522,1671,CENTER
1173014.937,TO_CENTER,4.78,11.18,-0.63,1,1522,1671,CENTER
1173014.957,TO_CENTER,4.55,11.17,-0.63,1,1522,1672,CENTER
1173014.978,TO_CENTER,4.55,11.17,-0.63,1,1522,1672,CENTER
1173014.999,TO_CENTER,4.55,11.17,-0.63,1,1522,1672,CENTER
1173015.019,TO_CENTER,4.55,11.17,-0.63,1,1522,1672,CENTER
1173015.039,TO_CENTER,4.55,11.17,-0.63,1,1522,1672,CENTER
1173015.061,TO_CENTER,4.32,11.17,-0.63,1,1522,1673,CENTER
1173015.082,TO_CENTER,4.32,11.17,-0.63,1,1522,1673,CENTER
1173015.102,TO_CENTER,4.32,11.17,-0.63,1,1522,1673,CENTER
1173015.124,TO_CENTER,4.32,11.17,-0.63,1,1522,1673,CENTER
1173015.144,TO_CENTER,4.32,11.17,-0.63,1,1522,1673,CENTER
1173015.165,TO_CENTER,4.32,11.17,-0.63,1,1522,1673,CENTER
1173015.187,TO_CENTER,4.32,11.17,-0.63,1,1522,1673,CENTER
1173015.207,TO_CENTER,4.32,11.17,-0.63,1,1522,1673,CENTER
1173015.228,TO_CENTER,4.32,11.17,-0.63,1,1522,1673,CENTER
1173015.248,TO_CENTER,4.32,11.17,-0.63,1,1522,1673,CENTER
1173015.269,TO_CENTER,3.97,11.17,-0.59,1,1522,1674,CENTER
1173015.289,TO_CENTER,3.97,11.17,-0.59,1,1522,1674,CENTER
1173015.309,TO_CENTER,3.97,11.17,-0.59,1,1522,1674,CENTER
1173015.330,TO_CENTER,3.97,11.17,-0.59,1,1522,1674,CENTER
1173015.350,TO_CENTER,3.97,11.17,-0.59,1,1522,1674,CENTER
1173015.371,TO_CENTER,3.74,11.17,-0.59,1,1522,1674,CENTER
1173015.391,TO_CENTER,3.74,11.17,-0.59,1,1522,1674,CENTER
1173015.411,TO_CENTER,3.74,11.17,-0.59,1,1522,1674,CENTER
1173015.432,TO_CENTER,3.74,11.17,-0.59,1,1522,1674,CENTER
1173015.453,TO_CENTER,3.74,11.17,-0.59,1,1522,1674,CENTER
1173015.473,TO_CENTER,3.51,11.16,-0.56,1,1522,1675,CENTER
1173015.494,TO_CENTER,3.51,11.16,-0.56,1,1522,1675,CENTER
1173015.515,TO_CENTER,3.51,11.16,-0.56,1,1522,1675,CENTER
1173015.535,TO_CENTER,3.51,11.16,-0.56,1,1522,1675,CENTER
1173015.555,TO_CENTER,3.51,11.16,-0.56,1,1522,1675,CENTER
1173015.576,TO_CENTER,3.28,11.16,-0.56,1,1522,1676,CENTER
1173015.597,TO_CENTER,3.28,11.16,-0.56,1,1522,1676,CENTER
1173015.617,TO_CENTER,3.28,11.16,-0.56,1,1522,1676,CENTER
1173015.639,TO_CENTER,3.28,11.16,-0.56,1,1522,1676,CENTER
1173015.660,TO_CENTER,3.28,11.16,-0.56,1,1522,1676,CENTER
1173015.680,TO_CENTER,3.05,11.16,-0.52,1,1522,1676,CENTER
1173015.701,TO_CENTER,3.05,11.16,-0.52,1,1522,1676,CENTER
1173015.721,TO_CENTER,3.05,11.16,-0.52,1,1522,1676,CENTER
1173015.742,TO_CENTER,3.05,11.16,-0.52,1,1522,1676,CENTER
1173015.763,TO_CENTER,3.05,11.16,-0.52,1,1522,1676,CENTER
1173015.783,TO_CENTER,3.05,11.16,0.48,1,1522,1676,CENTER
1173015.803,TO_CENTER,3.05,11.16,0.48,1,1522,1676,CENTER
1173015.825,TO_CENTER,3.05,11.16,0.48,1,1522,1676,CENTER
1173015.845,TO_CENTER,3.05,11.16,0.48,1,1522,1676,CENTER
1173015.866,TO_CENTER,3.05,11.16,0.48,1,1522,1676,CENTER
1173015.887,TO_CENTER,2.82,11.15,0.45,1,1522,1677,CENTER
1173015.908,TO_CENTER,2.82,11.15,0.45,1,1522,1677,CENTER
1173015.928,TO_CENTER,2.82,11.15,0.45,1,1522,1677,CENTER
1173015.951,TO_CENTER,2.82,11.15,0.45,1,1522,1677,CENTER
1173015.972,TO_CENTER,2.82,11.15,0.45,1,1522,1677,CENTER
1173015.992,TO_CENTER,2.59,11.14,0.48,1,1522,1678,CENTER
1173016.012,TO_CENTER,2.59,11.14,0.48,1,1522,1678,CENTER
1173016.032,TO_CENTER,2.59,11.14,0.48,1,1522,1678,CENTER
1173016.053,TO_CENTER,2.59,11.14,0.48,1,1522,1678,CENTER
1173016.074,TO_CENTER,2.59,11.14,0.48,1,1522,1678,CENTER
1173016.094,TO_CENTER,2.36,11.14,0.48,1,1522,1678,CENTER
1173016.114,TO_CENTER,2.36,11.14,0.48,1,1522,1678,CENTER
1173016.136,TO_CENTER,2.36,11.14,0.48,1,1522,1678,CENTER
1173016.156,TO_CENTER,2.36,11.14,0.48,1,1522,1678,CENTER
1173016.177,TO_CENTER,2.36,11.14,0.48,1,1522,1678,CENTER
1173016.197,TO_CENTER,2.02,11.14,0.52,1,1522,1679,CENTER
1173016.218,TO_CENTER,2.02,11.14,0.52,1,1522,1679,CENTER
1173016.238,TO_CENTER,2.02,11.14,0.52,1,1522,1679,CENTER
1173016.259,TO_CENTER,2.02,11.14,0.52,1,1522,1679,CENTER
1173016.280,TO_CENTER,2.02,11.14,0.52,1,1522,1679,CENTER
1173016.300,TO_CENTER,1.79,11.13,0.56,1,1522,1680,CENTER
1173016.322,TO_CENTER,1.79,11.13,0.56,1,1522,1680,CENTER
1173016.343,TO_CENTER,1.79,11.13,0.56,1,1522,1680,CENTER
1173016.363,TO_CENTER,1.79,11.13,0.56,1,1522,1680,CENTER
1173016.384,TO_CENTER,1.79,11.13,0.56,1,1522,1680,CENTER
1173016.404,TO_CENTER,1.79,11.13,0.56,1,1522,1680,CENTER
1173016.425,TO_CENTER,1.79,11.13,0.56,1,1522,1680,CENTER
1173016.446,TO_CENTER,1.79,11.13,0.56,1,1522,1680,CENTER
1173016.466,TO_CENTER,1.79,11.13,0.56,1,1522,1680,CENTER
1173016.487,TO_CENTER,1.79,11.13,0.56,1,1522,1680,CENTER
1173016.509,TO_CENTER,1.57,11.13,0.56,1,1522,1681,CENTER
1173016.529,TO_CENTER,1.57,11.13,0.56,1,1522,1681,CENTER
1173016.550,TO_CENTER,1.57,11.13,0.56,1,1522,1681,CENTER
1173016.570,TO_CENTER,1.57,11.13,0.56,1,1522,1681,CENTER
1173016.591,TO_CENTER,1.57,11.13,0.56,1,1522,1681,CENTER
1173016.611,TO_CENTER,1.57,11.13,-0.44,1,1522,1681,CENTER
1173016.632,TO_CENTER,1.57,11.13,-0.44,1,1522,1681,CENTER
1173016.652,TO_CENTER,1.57,11.13,-0.44,1,1522,1681,CENTER
1173016.672,TO_CENTER,1.57,11.13,-0.44,1,1522,1681,CENTER
1173016.693,TO_CENTER,1.57,11.13,-0.44,1,1522,1681,CENTER
1173016.713,TO_CENTER,1.23,11.12,-0.44,1,1522,1682,CENTER
1173016.733,TO_CENTER,1.23,11.12,-0.44,1,1522,1682,CENTER
1173016.754,TO_CENTER,1.23,11.12,-0.44,1,1522,1682,CENTER
1173016.777,TO_CENTER,1.23,11.12,-0.44,1,1522,1682,CENTER
1173016.797,TO_CENTER,1.23,11.12,-0.44,1,1522,1682,CENTER
1173016.818,TO_CENTER,0.89,11.12,-0.40,1,1522,1683,CENTER
1173016.838,TO_CENTER,0.89,11.12,-0.40,1,1522,1683,CENTER
1173016.859,TO_CENTER,0.89,11.12,-0.40,1,1522,1683,CENTER
1173016.880,TO_CENTER,0.89,11.12,-0.40,1,1522,1683,CENTER
1173016.904,TO_CENTER,0.89,11.12,-0.40,1,1522,1683,CENTER
1173016.925,TO_CENTER,0.67,11.12,-0.40,1,1522,1683,CENTER
1173016.945,TO_CENTER,0.67,11.12,-0.40,1,1522,1683,CENTER
1173016.966,TO_CENTER,0.67,11.12,-0.40,1,1522,1683,CENTER
1173016.987,TO_CENTER,0.67,11.12,-0.40,1,1522,1683,CENTER
1173017.006,TO_CENTER,0.67,11.12,-0.40,1,1522,1683,CENTER
1173017.029,TO_CENTER,0.44,11.12,-0.40,1,1522,1684,CENTER
1173017.050,TO_CENTER,0.44,11.12,-0.40,1,1522,1684,CENTER
1173017.070,TO_CENTER,0.44,11.12,-0.40,1,1522,1684,CENTER
1173017.091,TO_CENTER,0.44,11.12,-0.40,1,1522,1684,CENTER
1173017.112,TO_CENTER,0.44,11.12,-0.40,1,1522,1684,CENTER
1173017.133,TO_CENTER,0.22,11.11,-0.37,1,1522,1685,CENTER
1173017.154,TO_CENTER,0.22,11.11,-0.37,1,1522,1685,CENTER
1173017.175,TO_CENTER,0.22,11.11,-0.37,1,1522,1685,CENTER
1173017.195,TO_CENTER,0.22,11.11,-0.37,1,1522,1685,CENTER
1173017.218,TO_CENTER,0.22,11.11,-0.37,1,1522,1685,CENTER
1173017.238,TO_CENTER,0.02,11.11,-0.37,1,1522,1685,CENTER
1173017.263,TO_CENTER,0.02,11.11,-0.37,1,1522,1685,CENTER
1173017.286,TO_CENTER,0.02,11.11,-0.37,1,1522,1685,CENTER
1173017.304,TO_CENTER,0.02,11.11,-0.37,1,1522,1685,CENTER
1173017.325,TO_CENTER,0.02,11.11,-0.37,1,1522,1685,CENTER
1173017.345,TO_CENTER,0.04,11.12,-0.33,1,1522,1685,CENTER
1173017.366,TO_CENTER,0.04,11.12,-0.33,1,1522,1685,CENTER
1173017.390,TO_CENTER,0.04,11.12,-0.33,1,1522,1685,CENTER
1173017.411,TO_CENTER,0.04,11.12,-0.33,1,1522,1685,CENTER
1173017.434,TO_CENTER,0.04,11.12,-0.33,1,1522,1685,CENTER
1173017.478,TO_CENTER,0.04,11.12,-0.33,1,1522,1685,CENTER
1173017.518,TO_CENTER,0.04,11.12,-0.33,1,1522,1685,CENTER
1173017.539,TO_CENTER,0.04,11.12,-0.33,1,1522,1685,CENTER
1173017.560,TO_CENTER,0.07,11.13,-0.27,1,1522,1685,CENTER
1173017.595,TO_CENTER,0.07,11.13,-0.27,1,1522,1685,CENTER
1173017.627,TO_CENTER,0.07,11.13,-0.27,1,1522,1685,CENTER
1173017.649,TO_CENTER,0.07,11.13,-0.27,1,1522,1685,CENTER
1173017.672,TO_CENTER,0.07,11.13,-0.27,1,1522,1685,CENTER
1173017.694,TO_CENTER,0.07,11.13,-0.27,1,1522,1685,CENTER
1173017.715,TO_CENTER,0.07,11.13,-0.27,1,1522,1685,CENTER
1173017.738,TO_CENTER,0.07,11.13,-0.27,1,1522,1685,CENTER
1173017.758,TO_CENTER,0.07,11.13,-0.27,1,1522,1685,CENTER
1173017.779,TO_CENTER,0.08,11.13,-0.27,1,1522,1685,CENTER
1173017.800,TO_CENTER,0.08,11.13,-0.27,1,1522,1685,CENTER
1173017.820,TO_CENTER,0.08,11.13,-0.27,1,1522,1685,CENTER
1173017.843,TO_CENTER,0.08,11.13,-0.27,1,1522,1685,CENTER
1173017.863,TO_CENTER,0.08,11.13,-0.27,1,1522,1685,CENTER
1173017.884,TO_CENTER,0.09,11.13,-0.24,1,1522,1685,CENTER
1173017.904,TO_CENTER,0.09,11.13,-0.24,1,1522,1685,CENTER
1173017.927,TO_CENTER,0.09,11.13,-0.24,1,1522,1685,CENTER
1173017.948,TO_CENTER,0.09,11.13,-0.24,1,1522,1685,CENTER
1173017.970,TO_CENTER,0.09,11.13,-0.24,1,1522,1685,CENTER
1173017.996,TO_CENTER,0.11,11.14,-0.21,1,1522,1685,CENTER
1173018.016,TO_CENTER,0.11,11.14,-0.21,1,1522,1685,CENTER
1173018.041,TO_CENTER,0.11,11.14,-0.21,1,1522,1685,CENTER
1173018.061,TO_CENTER,0.11,11.14,-0.21,1,1522,1685,CENTER
1173018.081,TO_CENTER,0.11,11.14,-0.21,1,1522,1685,CENTER
1173018.104,TO_CENTER,0.14,11.16,-0.15,1,1522,1685,CENTER
1173018.125,TO_CENTER,0.14,11.16,-0.15,1,1522,1685,CENTER
1173018.145,TO_CENTER,0.14,11.16,-0.15,1,1522,1685,CENTER
1173018.166,TO_CENTER,0.14,11.16,-0.15,1,1522,1685,CENTER
1173018.186,TO_CENTER,0.14,11.16,-0.15,1,1522,1685,CENTER
1173018.207,TO_CENTER,0.14,11.16,-0.15,1,1522,1685,CENTER
1173018.230,TO_CENTER,0.14,11.16,-0.15,1,1522,1685,CENTER
1173018.250,TO_CENTER,0.14,11.16,-0.15,1,1522,1685,CENTER
1173018.271,TO_CENTER,0.14,11.16,-0.15,1,1522,1685,CENTER
1173018.291,TO_CENTER,0.14,11.16,-0.15,1,1522,1685,CENTER
1173018.311,TO_CENTER,0.16,11.17,-0.12,1,1522,1685,CENTER
1173018.331,TO_CENTER,0.16,11.17,-0.12,1,1522,1685,CENTER
1173018.352,TO_CENTER,0.16,11.17,-0.12,1,1522,1685,CENTER
1173018.372,TO_CENTER,0.16,11.17,-0.12,1,1522,1685,CENTER
1173018.393,TO_CENTER,0.16,11.17,-0.12,1,1522,1685,CENTER
1173018.414,TO_CENTER,0.19,11.19,0.95,1,1522,1685,CENTER
1173018.435,TO_CENTER,0.19,11.19,0.95,1,1522,1685,CENTER
1173018.460,TO_CENTER,0.19,11.19,0.95,1,1522,1685,CENTER
1173018.480,TO_CENTER,0.19,11.19,0.95,1,1522,1685,CENTER
1173018.503,TO_CENTER,0.19,11.19,0.95,1,1522,1685,CENTER
1173018.524,TO_CENTER,0.19,11.19,0.95,1,1522,1685,CENTER
1173018.544,TO_CENTER,0.19,11.19,0.95,1,1522,1685,CENTER
1173018.564,TO_CENTER,0.19,11.19,0.95,1,1522,1685,CENTER
1173018.585,TO_CENTER,0.19,11.19,0.95,1,1522,1685,CENTER
1173018.605,TO_CENTER,0.19,11.19,0.95,1,1522,1685,CENTER
1173018.626,TO_CENTER,0.24,11.22,1.04,1,1522,1685,CENTER
1173018.647,TO_CENTER,0.24,11.22,1.04,1,1522,1685,CENTER
1173018.670,TO_CENTER,0.24,11.22,1.04,1,1522,1685,CENTER
1173018.690,TO_CENTER,0.24,11.22,1.04,1,1522,1685,CENTER
1173018.711,TO_CENTER,0.24,11.22,1.04,1,1522,1685,CENTER
1173018.731,TO_CENTER,0.24,11.22,1.04,1,1522,1685,CENTER
1173018.753,TO_CENTER,0.24,11.22,1.04,1,1522,1685,CENTER
1173018.775,TO_CENTER,0.24,11.22,1.04,1,1522,1685,CENTER
1173018.799,TO_CENTER,0.24,11.22,1.04,1,1522,1685,CENTER
1173018.819,TO_CENTER,0.24,11.22,1.04,1,1522,1685,CENTER
1173018.841,TO_CENTER,0.27,11.23,1.07,1,1522,1685,CENTER
1173018.862,TO_CENTER,0.27,11.23,1.07,1,1522,1685,CENTER
1173018.883,TO_CENTER,0.27,11.23,1.07,1,1522,1685,CENTER
1173018.904,TO_CENTER,0.27,11.23,1.07,1,1522,1685,CENTER
1173018.924,TO_CENTER,0.27,11.23,1.07,1,1522,1685,CENTER
1173018.945,TO_CENTER,0.27,11.23,1.07,1,1522,1685,CENTER
1173018.965,TO_CENTER,0.27,11.23,1.07,1,1522,1685,CENTER
1173018.993,TO_CENTER,0.27,11.23,1.07,1,1522,1685,CENTER
1173019.021,TO_CENTER,0.27,11.23,1.07,1,1522,1685,CENTER
1173019.042,TO_CENTER,0.27,11.23,1.07,1,1522,1685,CENTER
1173019.063,TO_CENTER,0.33,11.26,1.16,1,1523,1685,CENTER
1173019.084,TO_CENTER,0.33,11.26,1.16,1,1523,1685,CENTER
1173019.105,TO_CENTER,0.33,11.26,1.16,1,1523,1685,CENTER
1173019.125,TO_CENTER,0.33,11.26,1.16,1,1523,1685,CENTER
