mono_t,phase,rel_alt_m,distance_m,h_err_deg,yaw_aligned,pitch_us,throttle_us,target
1175113.743,X_LEG_1,14.27,42.73,-43.95,0,1500,1643,NE
1175113.764,X_LEG_1,14.27,42.73,-43.95,0,1500,1643,NE
1175113.784,X_LEG_1,14.27,42.73,-43.95,0,1500,1643,NE
1175113.805,X_LEG_1,14.27,42.73,-43.95,0,1500,1643,NE
1175113.825,X_LEG_1,14.27,42.73,-43.95,0,1500,1643,NE
1175113.846,X_LEG_1,14.41,42.73,-43.95,0,1500,1642,NE
1175113.866,X_LEG_1,14.41,42.73,-43.95,0,1500,1642,NE
1175113.887,X_LEG_1,14.41,42.73,-43.95,0,1500,1642,NE
1175113.907,X_LEG_1,14.41,42.73,-43.95,0,1500,1642,NE
1175113.928,X_LEG_1,14.41,42.73,-43.95,0,1500,1642,NE
1175113.948,X_LEG_1,14.55,42.73,-43.95,0,1500,1642,NE
1175113.969,X_LEG_1,14.55,42.73,-43.95,0,1500,1642,NE
1175113.989,X_LEG_1,14.55,42.73,-43.95,0,1500,1642,NE
1175114.010,X_LEG_1,14.55,42.73,-43.95,0,1500,1642,NE
1175114.030,X_LEG_1,14.55,42.73,-43.95,0,1500,1642,NE
1175114.051,X_LEG_1,14.69,42.73,-43.95,0,1500,1641,NE
1175114.071,X_LEG_1,14.69,42.73,-43.95,0,1500,1641,NE
1175114.092,X_LEG_1,14.69,42.73,-43.95,0,1500,1641,NE
1175114.112,X_LEG_1,14.69,42.73,-43.95,0,1500,1641,NE
1175114.132,X_LEG_1,14.69,42.73,-43.95,0,1500,1641,NE
1175114.152,X_LEG_1,14.83,42.73,-43.95,0,1500,1641,NE
1175114.173,X_LEG_1,14.83,42.73,-43.95,0,1500,1641,NE
1175114.193,X_LEG_1,14.83,42.73,-43.95,0,1500,1641,NE
1175114.214,X_LEG_1,14.83,42.73,-43.95,0,1500,1641,NE
1175114.234,X_LEG_1,14.83,42.73,-43.95,0,1500,1641,NE
1175114.255,X_LEG_1,14.96,42.73,-39.95,0,1500,1641,NE
1175114.275,X_LEG_1,14.96,42.73,-39.95,0,1500,1641,NE
1175114.295,X_LEG_1,14.96,42.73,-39.95,0,1500,1641,NE
1175114.316,X_LEG_1,14.96,42.73,-39.95,0,1500,1641,NE
1175114.337,X_LEG_1,14.96,42.73,-39.95,0,1500,1641,NE
1175114.357,X_LEG_1,15.10,42.73,-39.95,0,1500,1641,NE
1175114.378,X_LEG_1,15.10,42.73,-39.95,0,1500,1641,NE
1175114.398,X_LEG_1,15.10,42.73,-39.95,0,1500,1641,NE
1175114.419,X_LEG_1,15.10,42.73,-39.95,0,1500,1641,NE
1175114.439,X_LEG_1,15.10,42.73,-39.95,0,1500,1641,NE
1175114.460,X_LEG_1,15.24,42.73,-39.95,0,1500,1641,NE
1175114.480,X_LEG_1,15.24,42.73,-39.95,0,1500,1641,NE
1175114.501,X_LEG_1,15.24,42.73,-39.95,0,1500,1641,NE
1175114.521,X_LEG_1,15.24,42.73,-39.95,0,1500,1641,NE
1175114.542,X_LEG_1,15.24,42.73,-39.95,0,1500,1641,NE
1175114.562,X_LEG_1,15.38,42.73,-39.95,0,1500,1640,NE
1175114.583,X_LEG_1,15.38,42.73,-39.95,0,1500,1640,NE
1175114.603,X_LEG_1,15.38,42.73,-39.95,0,1500,1640,NE
1175114.623,X_LEG_1,15.38,42.73,-39.95,0,1500,1640,NE
1175114.644,X_LEG_1,15.38,42.73,-39.95,0,1500,1640,NE
1175114.665,X_LEG_1,15.52,42.74,-39.94,0,1500,1640,NE
1175114.685,X_LEG_1,15.52,42.74,-39.94,0,1500,1640,NE
1175114.706,X_LEG_1,15.52,42.74,-39.94,0,1500,1640,NE
1175114.726,X_LEG_1,15.52,42.74,-39.94,0,1500,1640,NE
1175114.746,X_LEG_1,15.52,42.74,-39.94,0,1500,1640,NE
1175114.767,X_LEG_1,15.66,42.74,-16.94,1,1671,1640,NE
1175114.788,X_LEG_1,15.66,42.74,-16.94,1,1671,1640,NE
1175114.808,X_LEG_1,15.66,42.74,-16.94,1,1671,1640,NE
1175114.828,X_LEG_1,15.66,42.74,-16.94,1,1671,1640,NE
1175114.849,X_LEG_1,15.66,42.74,-16.94,1,1671,1640,NE
1175114.869,X_LEG_1,15.80,42.74,-16.94,1,1671,1639,NE
1175114.889,X_LEG_1,15.80,42.74,-16.94,1,1671,1639,NE
1175114.910,X_LEG_1,15.80,42.74,-16.94,1,1671,1639,NE
1175114.930,X_LEG_1,15.80,42.74,-16.94,1,1671,1639,NE
1175114.951,X_LEG_1,15.80,42.74,-16.94,1,1671,1639,NE
1175114.971,X_LEG_1,15.80,42.74,-16.94,1,1671,1639,NE
1175114.991,X_LEG_1,15.80,42.74,-16.94,1,1671,1639,NE
1175115.012,X_LEG_1,15.80,42.74,-16.94,1,1671,1639,NE
1175115.032,X_LEG_1,15.80,42.74,-16.94,1,1671,1639,NE
1175115.052,X_LEG_1,15.80,42.74,-16.94,1,1671,1639,NE
1175115.073,X_LEG_1,16.01,42.74,-16.94,1,1671,1638,NE
1175115.093,X_LEG_1,16.01,42.74,-16.94,1,1671,1638,NE
1175115.114,X_LEG_1,16.01,42.74,-16.94,1,1671,1638,NE
1175115.135,X_LEG_1,16.01,42.74,-16.94,1,1671,1638,NE
1175115.155,X_LEG_1,16.01,42.74,-16.94,1,1671,1638,NE
1175115.176,X_LEG_1,16.15,42.74,-16.94,1,1671,1638,NE
1175115.196,X_LEG_1,16.15,42.74,-16.94,1,1671,1638,NE
1175115.217,X_LEG_1,16.15,42.74,-16.94,1,1671,1638,NE
1175115.237,X_LEG_1,16.15,42.74,-16.94,1,1671,1638,NE
1175115.258,X_LEG_1,16.15,42.74,-16.94,1,1671,1638,NE
1175115.278,X_LEG_1,16.29,42.74,-9.94,1,1671,1638,NE
1175115.300,X_LEG_1,16.29,42.74,-9.94,1,1671,1638,NE
1175115.320,X_LEG_1,16.29,42.74,-9.94,1,1671,1638,NE
1175115.341,X_LEG_1,16.29,42.74,-9.94,1,1671,1638,NE
1175115.361,X_LEG_1,16.29,42.74,-9.94,1,1671,1638,NE
1175115.382,X_LEG_1,16.44,42.74,-9.94,1,1671,1637,NE
1175115.402,X_LEG_1,16.44,42.74,-9.94,1,1671,1637,NE
1175115.423,X_LEG_1,16.44,42.74,-9.94,1,1671,1637,NE
1175115.443,X_LEG_1,16.44,42.74,-9.94,1,1671,1637,NE
1175115.463,X_LEG_1,16.44,42.74,-9.94,1,1671,1637,NE
1175115.484,X_LEG_1,16.58,42.74,-9.94,1,1671,1637,NE
1175115.504,X_LEG_1,16.58,42.74,-9.94,1,1671,1637,NE
1175115.525,X_LEG_1,16.58,42.74,-9.94,1,1671,1637,NE
1175115.545,X_LEG_1,16.58,42.74,-9.94,1,1671,1637,NE
1175115.566,X_LEG_1,16.58,42.74,-9.94,1,1671,1637,NE
1175115.586,X_LEG_1,16.72,42.73,-9.95,1,1671,1636,NE
1175115.606,X_LEG_1,16.72,42.73,-9.95,1,1671,1636,NE
1175115.627,X_LEG_1,16.72,42.73,-9.95,1,1671,1636,NE
1175115.648,X_LEG_1,16.72,42.73,-9.95,1,1671,1636,NE
1175115.668,X_LEG_1,16.72,42.73,-9.95,1,1671,1636,NE
1175115.689,X_LEG_1,16.86,42.73,-9.95,1,1671,1636,NE
1175115.710,X_LEG_1,16.86,42.73,-9.95,1,1671,1636,NE
1175115.730,X_LEG_1,16.86,42.73,-9.95,1,1671,1636,NE
1175115.751,X_LEG_1,16.86,42.73,-9.95,1,1671,1636,NE
1175115.771,X_LEG_1,16.86,42.73,-9.95,1,1671,1636,NE
1175115.791,X_LEG_1,16.86,42.73,-13.95,1,1671,1636,NE
1175115.812,X_LEG_1,16.86,42.73,-13.95,1,1671,1636,NE
1175115.832,X_LEG_1,16.86,42.73,-13.95,1,1671,1636,NE
1175115.853,X_LEG_1,16.86,42.73,-13.95,1,1671,1636,NE
1175115.873,X_LEG_1,16.86,42.73,-13.95,1,1671,1636,NE
1175115.893,X_LEG_1,17.07,42.72,-13.95,1,1671,1635,NE
1175115.914,X_LEG_1,17.07,42.72,-13.95,1,1671,1635,NE
1175115.934,X_LEG_1,17.07,42.72,-13.95,1,1671,1635,NE
1175115.956,X_LEG_1,17.07,42.72,-13.95,1,1671,1635,NE
1175115.976,X_LEG_1,17.07,42.72,-13.95,1,1671,1635,NE
1175115.997,X_LEG_1,17.21,42.72,-13.95,1,1671,1635,NE
1175116.017,X_LEG_1,17.21,42.72,-13.95,1,1671,1635,NE
1175116.038,X_LEG_1,17.21,42.72,-13.95,1,1671,1635,NE
1175116.058,X_LEG_1,17.21,42.72,-13.95,1,1671,1635,NE
1175116.079,X_LEG_1,17.21,42.72,-13.95,1,1671,1635,NE
1175116.099,X_LEG_1,17.35,42.71,-13.96,1,1671,1634,NE
1175116.119,X_LEG_1,17.35,42.71,-13.96,1,1671,1634,NE
1175116.140,X_LEG_1,17.35,42.71,-13.96,1,1671,1634,NE
1175116.160,X_LEG_1,17.35,42.71,-13.96,1,1671,1634,NE
1175116.181,X_LEG_1,17.35,42.71,-13.96,1,1671,1634,NE
1175116.202,X_LEG_1,17.49,42.70,-13.95,1,1671,1634,NE
1175116.222,X_LEG_1,17.49,42.70,-13.95,1,1671,1634,NE
1175116.243,X_LEG_1,17.49,42.70,-13.95,1,1671,1634,NE
1175116.263,X_LEG_1,17.49,42.70,-13.95,1,1671,1634,NE
1175116.283,X_LEG_1,17.49,42.70,-13.95,1,1671,1634,NE
1175116.304,X_LEG_1,17.63,42.69,-7.96,1,1671,1634,NE
1175116.324,X_LEG_1,17.63,42.69,-7.96,1,1671,1634,NE
1175116.345,X_LEG_1,17.63,42.69,-7.96,1,1671,1634,NE
1175116.365,X_LEG_1,17.63,42.69,-7.96,1,1671,1634,NE
1175116.386,X_LEG_1,17.63,42.69,-7.96,1,1671,1634,NE
1175116.406,X_LEG_1,17.76,42.67,-7.97,1,1671,1633,NE
1175116.427,X_LEG_1,17.76,42.67,-7.97,1,1671,1633,NE
1175116.447,X_LEG_1,17.76,42.67,-7.97,1,1671,1633,NE
1175116.468,X_LEG_1,17.76,42.67,-7.97,1,1671,1633,NE
1175116.489,X_LEG_1,17.76,42.67,-7.97,1,1671,1633,NE
1175116.509,X_LEG_1,17.90,42.66,-7.96,1,1671,1633,NE
1175116.529,X_LEG_1,17.90,42.66,-7.96,1,1671,1633,NE
1175116.549,X_LEG_1,17.90,42.66,-7.96,1,1671,1633,NE
1175116.570,X_LEG_1,17.90,42.66,-7.96,1,1671,1633,NE
1175116.590,X_LEG_1,17.90,42.66,-7.96,1,1671,1633,NE
1175116.610,X_LEG_1,18.03,42.64,-7.97,1,1671,1632,NE
1175116.631,X_LEG_1,18.03,42.64,-7.97,1,1671,1632,NE
1175116.651,X_LEG_1,18.03,42.64,-7.97,1,1671,1632,NE
1175116.671,X_LEG_1,18.03,42.64,-7.97,1,1671,1632,NE
1175116.692,X_LEG_1,18.03,42.64,-7.97,1,1671,1632,NE
1175116.712,X_LEG_1,18.03,42.64,-7.97,1,1671,1632,NE
1175116.733,X_LEG_1,18.03,42.64,-7.97,1,1671,1632,NE
1175116.753,X_LEG_1,18.03,42.64,-7.97,1,1671,1632,NE
1175116.774,X_LEG_1,18.03,42.64,-7.97,1,1671,1632,NE
1175116.795,X_LEG_1,18.03,42.64,-7.97,1,1671,1632,NE
1175116.815,X_LEG_1,18.17,42.62,-7.97,1,1670,1632,NE
1175116.836,X_LEG_1,18.17,42.62,-7.97,1,1670,1632,NE
1175116.857,X_LEG_1,18.17,42.62,-7.97,1,1670,1632,NE
1175116.877,X_LEG_1,18.17,42.62,-7.97,1,1670,1632,NE
1175116.897,X_LEG_1,18.17,42.62,-7.97,1,1670,1632,NE
1175116.918,X_LEG_1,18.30,42.60,-7.97,1,1670,1632,NE
1175116.938,X_LEG_1,18.30,42.60,-7.97,1,1670,1632,NE
1175116.959,X_LEG_1,18.30,42.60,-7.97,1,1670,1632,NE
1175116.979,X_LEG_1,18.30,42.60,-7.97,1,1670,1632,NE
1175117.000,X_LEG_1,18.30,42.60,-7.97,1,1670,1632,NE
1175117.020,X_LEG_1,18.43,42.59,-7.98,1,1670,1631,NE
1175117.041,X_LEG_1,18.43,42.59,-7.98,1,1670,1631,NE
1175117.061,X_LEG_1,18.43,42.59,-7.98,1,1670,1631,NE
1175117.081,X_LEG_1,18.43,42.59,-7.98,1,1670,1631,NE
1175117.102,X_LEG_1,18.43,42.59,-7.98,1,1670,1631,NE
1175117.122,X_LEG_1,18.57,42.57,-7.98,1,1670,1631,NE
1175117.143,X_LEG_1,18.57,42.57,-7.98,1,1670,1631,NE
1175117.163,X_LEG_1,18.57,42.57,-7.98,1,1670,1631,NE
1175117.184,X_LEG_1,18.57,42.57,-7.98,1,1670,1631,NE
1175117.204,X_LEG_1,18.57,42.57,-7.98,1,1670,1631,NE
1175117.224,X_LEG_1,18.70,42.54,-8.00,1,1670,1630,NE
1175117.245,X_LEG_1,18.70,42.54,-8.00,1,1670,1630,NE
1175117.265,X_LEG_1,18.70,42.54,-8.00,1,1670,1630,NE
1175117.286,X_LEG_1,18.70,42.54,-8.00,1,1670,1630,NE
1175117.306,X_LEG_1,18.70,42.54,-8.00,1,1670,1630,NE
1175117.326,X_LEG_1,18.83,42.52,-8.00,1,1670,1630,NE
1175117.347,X_LEG_1,18.83,42.52,-8.00,1,1670,1630,NE
1175117.368,X_LEG_1,18.83,42.52,-8.00,1,1670,1630,NE
1175117.388,X_LEG_1,18.83,42.52,-8.00,1,1670,1630,NE
1175117.409,X_LEG_1,18.83,42.52,-8.00,1,1670,1630,NE
1175117.429,X_LEG_1,18.96,42.50,-7.01,1,1670,1630,NE
1175117.450,X_LEG_1,18.96,42.50,-7.01,1,1670,1630,NE
1175117.470,X_LEG_1,18.96,42.50,-7.01,1,1670,1630,NE
1175117.490,X_LEG_1,18.96,42.50,-7.01,1,1670,1630,NE
1175117.510,X_LEG_1,18.96,42.50,-7.01,1,1670,1630,NE
1175117.531,X_LEG_1,19.09,42.47,-7.01,1,1670,1629,NE
1175117.551,X_LEG_1,19.09,42.47,-7.01,1,1670,1629,NE
1175117.572,X_LEG_1,19.09,42.47,-7.01,1,1670,1629,NE
1175117.592,X_LEG_1,19.09,42.47,-7.01,1,1670,1629,NE
1175117.613,X_LEG_1,19.09,42.47,-7.01,1,1670,1629,NE
1175117.633,X_LEG_1,19.21,42.45,-7.01,1,1670,1629,NE
1175117.654,X_LEG_1,19.21,42.45,-7.01,1,1670,1629,NE
1175117.674,X_LEG_1,19.21,42.45,-7.01,1,1670,1629,NE
1175117.694,X_LEG_1,19.21,42.45,-7.01,1,1670,1629,NE
1175117.715,X_LEG_1,19.21,42.45,-7.01,1,1670,1629,NE
1175117.735,X_LEG_1,19.34,42.41,-7.02,1,1670,1628,NE
1175117.755,X_LEG_1,19.34,42.41,-7.02,1,1670,1628,NE
1175117.776,X_LEG_1,19.34,42.41,-7.02,1,1670,1628,NE
1175117.796,X_LEG_1,19.34,42.41,-7.02,1,1670,1628,NE
1175117.816,X_LEG_1,19.34,42.41,-7.02,1,1670,1628,NE
1175117.837,X_LEG_1,19.34,42.41,-7.02,1,1670,1628,NE
1175117.857,X_LEG_1,19.34,42.41,-7.02,1,1670,1628,NE
1175117.878,X_LEG_1,19.34,42.41,-7.02,1,1670,1628,NE
1175117.899,X_LEG_1,19.34,42.41,-7.02,1,1670,1628,NE
1175117.919,X_LEG_1,19.34,42.41,-7.02,1,1670,1628,NE
1175117.939,X_LEG_1,19.53,42.37,-5.03,1,1669,1628,NE
1175117.959,X_LEG_1,19.53,42.37,-5.03,1,1669,1628,NE
1175117.980,X_LEG_1,19.53,42.37,-5.03,1,1669,1628,NE
1175118.000,X_LEG_1,19.53,42.37,-5.03,1,1669,1628,NE
1175118.021,X_LEG_1,19.53,42.37,-5.03,1,1669,1628,NE
1175118.041,X_LEG_1,19.65,42.34,-5.04,1,1669,1628,NE
1175118.061,X_LEG_1,19.65,42.34,-5.04,1,1669,1628,NE
1175118.082,X_LEG_1,19.65,42.34,-5.04,1,1669,1628,NE
1175118.103,X_LEG_1,19.65,42.34,-5.04,1,1669,1628,NE
1175118.123,X_LEG_1,19.65,42.34,-5.04,1,1669,1628,NE
1175118.143,X_LEG_1,19.77,42.30,-5.04,1,1669,1627,NE
1175118.164,X_LEG_1,19.77,42.30,-5.04,1,1669,1627,NE
1175118.184,X_LEG_1,19.77,42.30,-5.04,1,1669,1627,NE
1175118.204,X_LEG_1,19.77,42.30,-5.04,1,1669,1627,NE
1175118.225,X_LEG_1,19.77,42.30,-5.04,1,1669,1627,NE
1175118.245,X_LEG_1,19.90,42.28,-5.05,1,1669,1627,NE
1175118.266,X_LEG_1,19.90,42.28,-5.05,1,1669,1627,NE
1175118.286,X_LEG_1,19.90,42.28,-5.05,1,1669,1627,NE
1175118.307,X_LEG_1,19.90,42.28,-5.05,1,1669,1627,NE
1175118.327,X_LEG_1,19.90,42.28,-5.05,1,1669,1627,NE
1175118.347,X_LEG_1,20.02,42.24,-5.06,1,1669,1626,NE
1175118.368,X_LEG_1,20.02,42.24,-5.06,1,1669,1626,NE
1175118.388,X_LEG_1,20.02,42.24,-5.06,1,1669,1626,NE
1175118.408,X_LEG_1,20.02,42.24,-5.06,1,1669,1626,NE
1175118.430,X_LEG_1,20.02,42.24,-5.06,1,1669,1626,NE
1175118.450,X_LEG_1,20.02,42.24,-5.06,1,1669,1626,NE
1175118.471,X_LEG_1,20.02,42.24,-5.06,1,1669,1626,NE
1175118.492,X_LEG_1,20.02,42.24,-5.06,1,1669,1626,NE
1175118.512,X_LEG_1,20.02,42.24,-5.06,1,1669,1626,NE
1175118.532,X_LEG_1,20.02,42.24,-5.06,1,1669,1626,NE
1175118.553,X_LEG_1,20.20,42.18,-5.07,1,1669,1626,NE
1175118.573,X_LEG_1,20.20,42.18,-5.07,1,1669,1626,NE
1175118.594,X_LEG_1,20.20,42.18,-5.07,1,1669,1626,NE
1175118.614,X_LEG_1,20.20,42.18,-5.07,1,1669,1626,NE
1175118.634,X_LEG_1,20.20,42.18,-5.07,1,1669,1626,NE
1175118.655,X_LEG_1,20.32,42.14,-5.08,1,1669,1626,NE
1175118.675,X_LEG_1,20.32,42.14,-5.08,1,1669,1626,NE
1175118.696,X_LEG_1,20.32,42.14,-5.08,1,1669,1626,NE
1175118.716,X_LEG_1,20.32,42.14,-5.08,1,1669,1626,NE
1175118.737,X_LEG_1,20.32,42.14,-5.08,1,1669,1626,NE
1175118.757,X_LEG_1,20.43,42.11,-5.09,1,1668,1625,NE
1175118.778,X_LEG_1,20.43,42.11,-5.09,1,1668,1625,NE
1175118.798,X_LEG_1,20.43,42.11,-5.09,1,1668,1625,NE
1175118.819,X_LEG_1,20.43,42.11,-5.09,1,1668,1625,NE
1175118.839,X_LEG_1,20.43,42.11,-5.09,1,1668,1625,NE
1175118.859,X_LEG_1,20.61,42.04,-5.09,1,1668,1625,NE
1175118.880,X_LEG_1,20.61,42.04,-5.09,1,1668,1625,NE
1175118.900,X_LEG_1,20.61,42.04,-5.09,1,1668,1625,NE
1175118.920,X_LEG_1,20.61,42.04,-5.09,1,1668,1625,NE
1175118.941,X_LEG_1,20.61,42.04,-5.09,1,1668,1625,NE
1175118.961,X_LEG_1,20.72,42.01,-4.10,1,1668,1624,NE
1175118.982,X_LEG_1,20.72,42.01,-4.10,1,1668,1624,NE
1175119.002,X_LEG_1,20.72,42.01,-4.10,1,1668,1624,NE
1175119.023,X_LEG_1,20.72,42.01,-4.10,1,1668,1624,NE
1175119.044,X_LEG_1,20.72,42.01,-4.10,1,1668,1624,NE
1175119.064,X_LEG_1,20.72,42.01,-4.10,1,1668,1624,NE
1175119.085,X_LEG_1,20.72,42.01,-4.10,1,1668,1624,NE
1175119.105,X_LEG_1,20.72,42.01,-4.10,1,1668,1624,NE
1175119.126,X_LEG_1,20.72,42.01,-4.10,1,1668,1624,NE
1175119.147,X_LEG_1,20.72,42.01,-4.10,1,1668,1624,NE
1175119.167,X_LEG_1,20.89,41.94,-4.11,1,1668,1624,NE
1175119.188,X_LEG_1,20.89,41.94,-4.11,1,1668,1624,NE
1175119.208,X_LEG_1,20.89,41.94,-4.11,1,1668,1624,NE
1175119.229,X_LEG_1,20.89,41.94,-4.11,1,1668,1624,NE
1175119.250,X_LEG_1,20.89,41.94,-4.11,1,1668,1624,NE
1175119.271,X_LEG_1,21.01,41.90,-4.12,1,1668,1623,NE
1175119.292,X_LEG_1,21.01,41.90,-4.12,1,1668,1623,NE
1175119.312,X_LEG_1,21.01,41.90,-4.12,1,1668,1623,NE
1175119.333,X_LEG_1,21.01,41.90,-4.12,1,1668,1623,NE
1175119.353,X_LEG_1,21.01,41.90,-4.12,1,1668,1623,NE
1175119.374,X_LEG_1,21.12,41.85,-4.13,1,1667,1623,NE
1175119.394,X_LEG_1,21.12,41.85,-4.13,1,1667,1623,NE
1175119.415,X_LEG_1,21.12,41.85,-4.13,1,1667,1623,NE
1175119.435,X_LEG_1,21.12,41.85,-4.13,1,1667,1623,NE
1175119.456,X_LEG_1,21.12,41.85,-4.13,1,1667,1623,NE
1175119.476,X_LEG_1,21.23,41.81,-4.14,1,1667,1623,NE
1175119.496,X_LEG_1,21.23,41.81,-4.14,1,1667,1623,NE
1175119.517,X_LEG_1,21.23,41.81,-4.14,1,1667,1623,NE
1175119.537,X_LEG_1,21.23,41.81,-4.14,1,1667,1623,NE
1175119.558,X_LEG_1,21.23,41.81,-4.14,1,1667,1623,NE
1175119.578,X_LEG_1,21.34,41.75,-3.15,1,1667,1622,NE
1175119.599,X_LEG_1,21.34,41.75,-3.15,1,1667,1622,NE
1175119.619,X_LEG_1,21.34,41.75,-3.15,1,1667,1622,NE
1175119.639,X_LEG_1,21.34,41.75,-3.15,1,1667,1622,NE
1175119.660,X_LEG_1,21.34,41.75,-3.15,1,1667,1622,NE
1175119.680,X_LEG_1,21.45,41.71,-3.16,1,1667,1622,NE
1175119.700,X_LEG_1,21.45,41.71,-3.16,1,1667,1622,NE
1175119.720,X_LEG_1,21.45,41.71,-3.16,1,1667,1622,NE
1175119.741,X_LEG_1,21.45,41.71,-3.16,1,1667,1622,NE
1175119.762,X_LEG_1,21.45,41.71,-3.16,1,1667,1622,NE
1175119.782,X_LEG_1,21.55,41.66,-3.17,1,1667,1622,NE
1175119.802,X_LEG_1,21.55,41.66,-3.17,1,1667,1622,NE
1175119.823,X_LEG_1,21.55,41.66,-3.17,1,1667,1622,NE
1175119.843,X_LEG_1,21.55,41.66,-3.17,1,1667,1622,NE
1175119.864,X_LEG_1,21.55,41.66,-3.17,1,1667,1622,NE
1175119.884,X_LEG_1,21.66,41.61,-3.17,1,1666,1622,NE
1175119.904,X_LEG_1,21.66,41.61,-3.17,1,1666,1622,NE
1175119.925,X_LEG_1,21.66,41.61,-3.17,1,1666,1622,NE
1175119.946,X_LEG_1,21.66,41.61,-3.17,1,1666,1622,NE
1175119.966,X_LEG_1,21.66,41.61,-3.17,1,1666,1622,NE
1175119.986,X_LEG_1,21.77,41.56,-3.18,1,1666,1621,NE
1175120.007,X_LEG_1,21.77,41.56,-3.18,1,1666,1621,NE
1175120.027,X_LEG_1,21.77,41.56,-3.18,1,1666,1621,NE
1175120.048,X_LEG_1,21.77,41.56,-3.18,1,1666,1621,NE
1175120.068,X_LEG_1,21.77,41.56,-3.18,1,1666,1621,NE
1175120.089,X_LEG_1,21.77,41.56,-3.18,1,1666,1621,NE
1175120.109,X_LEG_1,21.77,41.56,-3.18,1,1666,1621,NE
1175120.131,X_LEG_1,21.77,41.56,-3.18,1,1666,1621,NE
1175120.151,X_LEG_1,21.77,41.56,-3.18,1,1666,1621,NE
1175120.171,X_LEG_1,21.77,41.56,-3.18,1,1666,1621,NE
1175120.191,X_LEG_1,21.87,41.50,-3.19,1,1666,1621,NE
1175120.212,X_LEG_1,21.87,41.50,-3.19,1,1666,1621,NE
1175120.232,X_LEG_1,21.87,41.50,-3.19,1,1666,1621,NE
1175120.253,X_LEG_1,21.87,41.50,-3.19,1,1666,1621,NE
1175120.273,X_LEG_1,21.87,41.50,-3.19,1,1666,1621,NE
1175120.293,X_LEG_1,21.97,41.45,-3.20,1,1666,1621,NE
1175120.314,X_LEG_1,21.97,41.45,-3.20,1,1666,1621,NE
1175120.334,X_LEG_1,21.97,41.45,-3.20,1,1666,1621,NE
1175120.355,X_LEG_1,21.97,41.45,-3.20,1,1666,1621,NE
1175120.375,X_LEG_1,21.97,41.45,-3.20,1,1666,1621,NE
1175120.395,X_LEG_1,22.07,41.40,-3.21,1,1666,1620,NE
1175120.415,X_LEG_1,22.07,41.40,-3.21,1,1666,1620,NE
1175120.436,X_LEG_1,22.07,41.40,-3.21,1,1666,1620,NE
1175120.456,X_LEG_1,22.07,41.40,-3.21,1,1666,1620,NE
1175120.477,X_LEG_1,22.07,41.40,-3.21,1,1666,1620,NE
1175120.498,X_LEG_1,22.17,41.34,-3.22,1,1665,1620,NE
1175120.518,X_LEG_1,22.17,41.34,-3.22,1,1665,1620,NE
1175120.539,X_LEG_1,22.17,41.34,-3.22,1,1665,1620,NE
1175120.559,X_LEG_1,22.17,41.34,-3.22,1,1665,1620,NE
1175120.580,X_LEG_1,22.17,41.34,-3.22,1,1665,1620,NE
1175120.600,X_LEG_1,22.27,41.29,-3.22,1,1665,1620,NE
1175120.621,X_LEG_1,22.27,41.29,-3.22,1,1665,1620,NE
1175120.641,X_LEG_1,22.27,41.29,-3.22,1,1665,1620,NE
1175120.662,X_LEG_1,22.27,41.29,-3.22,1,1665,1620,NE
1175120.682,X_LEG_1,22.27,41.29,-3.22,1,1665,1620,NE
1175120.703,X_LEG_1,22.37,41.24,-3.23,1,1665,1619,NE
1175120.723,X_LEG_1,22.37,41.24,-3.23,1,1665,1619,NE
1175120.744,X_LEG_1,22.37,41.24,-3.23,1,1665,1619,NE
1175120.764,X_LEG_1,22.37,41.24,-3.23,1,1665,1619,NE
1175120.785,X_LEG_1,22.37,41.24,-3.23,1,1665,1619,NE
1175120.805,X_LEG_1,22.47,41.18,-3.25,1,1665,1619,NE
1175120.825,X_LEG_1,22.47,41.18,-3.25,1,1665,1619,NE
1175120.846,X_LEG_1,22.47,41.18,-3.25,1,1665,1619,NE
1175120.866,X_LEG_1,22.47,41.18,-3.25,1,1665,1619,NE
1175120.887,X_LEG_1,22.47,41.18,-3.25,1,1665,1619,NE
1175120.907,X_LEG_1,22.56,41.12,-3.25,1,1664,1619,NE
1175120.928,X_LEG_1,22.56,41.12,-3.25,1,1664,1619,NE
1175120.948,X_LEG_1,22.56,41.12,-3.25,1,1664,1619,NE
1175120.968,X_LEG_1,22.56,41.12,-3.25,1,1664,1619,NE
1175120.989,X_LEG_1,22.56,41.12,-3.25,1,1664,1619,NE
1175121.009,X_LEG_1,22.66,41.06,-3.26,1,1664,1619,NE
1175121.030,X_LEG_1,22.66,41.06,-3.26,1,1664,1619,NE
1175121.050,X_LEG_1,22.66,41.06,-3.26,1,1664,1619,NE
1175121.070,X_LEG_1,22.66,41.06,-3.26,1,1664,1619,NE
1175121.091,X_LEG_1,22.66,41.06,-3.26,1,1664,1619,NE
1175121.111,X_LEG_1,22.75,41.01,-3.27,1,1664,1618,NE
1175121.132,X_LEG_1,22.75,41.01,-3.27,1,1664,1618,NE
1175121.152,X_LEG_1,22.75,41.01,-3.27,1,1664,1618,NE
1175121.172,X_LEG_1,22.75,41.01,-3.27,1,1664,1618,NE
1175121.193,X_LEG_1,22.75,41.01,-3.27,1,1664,1618,NE
1175121.214,X_LEG_1,22.84,40.94,-3.28,1,1664,1618,NE
1175121.235,X_LEG_1,22.84,40.94,-3.28,1,1664,1618,NE
1175121.255,X_LEG_1,22.84,40.94,-3.28,1,1664,1618,NE
1175121.276,X_LEG_1,22.84,40.94,-3.28,1,1664,1618,NE
1175121.296,X_LEG_1,22.84,40.94,-3.28,1,1664,1618,NE
1175121.317,X_LEG_1,22.93,40.88,-3.30,1,1664,1618,NE
1175121.338,X_LEG_1,22.93,40.88,-3.30,1,1664,1618,NE
1175121.358,X_LEG_1,22.93,40.88,-3.30,1,1664,1618,NE
1175121.379,X_LEG_1,22.93,40.88,-3.30,1,1664,1618,NE
1175121.399,X_LEG_1,22.93,40.88,-3.30,1,1664,1618,NE
1175121.420,X_LEG_1,22.93,40.88,-3.30,1,1664,1618,NE
1175121.441,X_LEG_1,22.93,40.88,-3.30,1,1664,1618,NE
1175121.461,X_LEG_1,22.93,40.88,-3.30,1,1664,1618,NE
1175121.481,X_LEG_1,22.93,40.88,-3.30,1,1664,1618,NE
1175121.502,X_LEG_1,22.93,40.88,-3.30,1,1664,1618,NE
1175121.523,X_LEG_1,23.03,40.81,-3.30,1,1663,1617,NE
1175121.543,X_LEG_1,23.03,40.81,-3.30,1,1663,1617,NE
1175121.563,X_LEG_1,23.03,40.81,-3.30,1,1663,1617,NE
1175121.584,X_LEG_1,23.03,40.81,-3.30,1,1663,1617,NE
1175121.604,X_LEG_1,23.03,40.81,-3.30,1,1663,1617,NE
1175121.625,X_LEG_1,23.11,40.76,-2.31,1,1663,1617,NE
1175121.646,X_LEG_1,23.11,40.76,-2.31,1,1663,1617,NE
1175121.666,X_LEG_1,23.11,40.76,-2.31,1,1663,1617,NE
1175121.686,X_LEG_1,23.11,40.76,-2.31,1,1663,1617,NE
1175121.707,X_LEG_1,23.11,40.76,-2.31,1,1663,1617,NE
1175121.727,X_LEG_1,23.20,40.69,-2.32,1,1663,1617,NE
1175121.748,X_LEG_1,23.20,40.69,-2.32,1,1663,1617,NE
1175121.768,X_LEG_1,23.20,40.69,-2.32,1,1663,1617,NE
1175121.789,X_LEG_1,23.20,40.69,-2.32,1,1663,1617,NE
1175121.809,X_LEG_1,23.20,40.69,-2.32,1,1663,1617,NE
1175121.830,X_LEG_1,23.29,40.63,-2.32,1,1663,1617,NE
1175121.850,X_LEG_1,23.29,40.63,-2.32,1,1663,1617,NE
1175121.870,X_LEG_1,23.29,40.63,-2.32,1,1663,1617,NE
1175121.890,X_LEG_1,23.29,40.63,-2.32,1,1663,1617,NE
1175121.911,X_LEG_1,23.29,40.63,-2.32,1,1663,1617,NE
1175121.931,X_LEG_1,23.37,40.56,-2.33,1,1662,1616,NE
1175121.951,X_LEG_1,23.37,40.56,-2.33,1,1662,1616,NE
1175121.972,X_LEG_1,23.37,40.56,-2.33,1,1662,1616,NE
1175121.992,X_LEG_1,23.37,40.56,-2.33,1,1662,1616,NE
1175122.013,X_LEG_1,23.37,40.56,-2.33,1,1662,1616,NE
1175122.033,X_LEG_1,23.46,40.50,-2.35,1,1662,1616,NE
1175122.054,X_LEG_1,23.46,40.50,-2.35,1,1662,1616,NE
1175122.074,X_LEG_1,23.46,40.50,-2.35,1,1662,1616,NE
1175122.095,X_LEG_1,23.46,40.50,-2.35,1,1662,1616,NE
1175122.115,X_LEG_1,23.46,40.50,-2.35,1,1662,1616,NE
1175122.135,X_LEG_1,23.54,40.43,-2.36,1,1662,1616,NE
1175122.156,X_LEG_1,23.54,40.43,-2.36,1,1662,1616,NE
1175122.177,X_LEG_1,23.54,40.43,-2.36,1,1662,1616,NE
1175122.197,X_LEG_1,23.54,40.43,-2.36,1,1662,1616,NE
1175122.217,X_LEG_1,23.54,40.43,-2.36,1,1662,1616,NE
1175122.238,X_LEG_1,23.62,40.36,-2.37,1,1661,1616,NE
1175122.258,X_LEG_1,23.62,40.36,-2.37,1,1661,1616,NE
1175122.279,X_LEG_1,23.62,40.36,-2.37,1,1661,1616,NE
1175122.300,X_LEG_1,23.62,40.36,-2.37,1,1661,1616,NE
1175122.321,X_LEG_1,23.62,40.36,-2.37,1,1661,1616,NE
1175122.341,X_LEG_1,23.70,40.29,-2.37,1,1661,1615,NE
1175122.361,X_LEG_1,23.70,40.29,-2.37,1,1661,1615,NE
1175122.382,X_LEG_1,23.70,40.29,-2.37,1,1661,1615,NE
1175122.402,X_LEG_1,23.70,40.29,-2.37,1,1661,1615,NE
1175122.423,X_LEG_1,23.70,40.29,-2.37,1,1661,1615,NE
1175122.443,X_LEG_1,23.78,40.23,-2.38,1,1661,1615,NE
1175122.464,X_LEG_1,23.78,40.23,-2.38,1,1661,1615,NE
1175122.484,X_LEG_1,23.78,40.23,-2.38,1,1661,1615,NE
1175122.505,X_LEG_1,23.78,40.23,-2.38,1,1661,1615,NE
1175122.525,X_LEG_1,23.78,40.23,-2.38,1,1661,1615,NE
1175122.546,X_LEG_1,23.86,40.15,-2.39,1,1661,1615,NE
1175122.566,X_LEG_1,23.86,40.15,-2.39,1,1661,1615,NE
1175122.587,X_LEG_1,23.86,40.15,-2.39,1,1661,1615,NE
1175122.607,X_LEG_1,23.86,40.15,-2.39,1,1661,1615,NE
1175122.628,X_LEG_1,23.86,40.15,-2.39,1,1661,1615,NE
1175122.648,X_LEG_1,23.93,40.09,-2.40,1,1660,1615,NE
1175122.669,X_LEG_1,23.93,40.09,-2.40,1,1660,1615,NE
1175122.689,X_LEG_1,23.93,40.09,-2.40,1,1660,1615,NE
1175122.709,X_LEG_1,23.93,40.09,-2.40,1,1660,1615,NE
1175122.730,X_LEG_1,23.93,40.09,-2.40,1,1660,1615,NE
1175122.750,X_LEG_1,24.01,40.01,-2.41,1,1660,1614,NE
1175122.770,X_LEG_1,24.01,40.01,-2.41,1,1660,1614,NE
1175122.791,X_LEG_1,24.01,40.01,-2.41,1,1660,1614,NE
1175122.811,X_LEG_1,24.01,40.01,-2.41,1,1660,1614,NE
1175122.832,X_LEG_1,24.01,40.01,-2.41,1,1660,1614,NE
1175122.852,X_LEG_1,24.08,39.95,-2.42,1,1660,1614,NE
1175122.872,X_LEG_1,24.08,39.95,-2.42,1,1660,1614,NE
1175122.893,X_LEG_1,24.08,39.95,-2.42,1,1660,1614,NE
1175122.913,X_LEG_1,24.08,39.95,-2.42,1,1660,1614,NE
1175122.934,X_LEG_1,24.08,39.95,-2.42,1,1660,1614,NE
1175122.955,X_LEG_1,24.15,39.88,-2.44,1,1660,1614,NE
1175122.975,X_LEG_1,24.15,39.88,-2.44,1,1660,1614,NE
1175122.996,X_LEG_1,24.15,39.88,-2.44,1,1660,1614,NE
1175123.016,X_LEG_1,24.15,39.88,-2.44,1,1660,1614,NE
1175123.037,X_LEG_1,24.15,39.88,-2.44,1,1660,1614,NE
1175123.057,X_LEG_1,24.15,39.88,-2.44,1,1660,1614,NE
1175123.078,X_LEG_1,24.15,39.88,-2.44,1,1660,1614,NE
1175123.098,X_LEG_1,24.15,39.88,-2.44,1,1660,1614,NE
1175123.119,X_LEG_1,24.15,39.88,-2.44,1,1660,1614,NE
1175123.139,X_LEG_1,24.15,39.88,-2.44,1,1660,1614,NE
1175123.159,X_LEG_1,24.22,39.80,-2.45,1,1659,1614,NE
1175123.180,X_LEG_1,24.22,39.80,-2.45,1,1659,1614,NE
1175123.201,X_LEG_1,24.22,39.80,-2.45,1,1659,1614,NE
1175123.221,X_LEG_1,24.22,39.80,-2.45,1,1659,1614,NE
1175123.241,X_LEG_1,24.22,39.80,-2.45,1,1659,1614,NE
1175123.262,X_LEG_1,24.29,39.74,-2.46,1,1659,1614,NE
1175123.283,X_LEG_1,24.29,39.74,-2.46,1,1659,1614,NE
1175123.304,X_LEG_1,24.29,39.74,-2.46,1,1659,1614,NE
1175123.324,X_LEG_1,24.29,39.74,-2.46,1,1659,1614,NE
1175123.345,X_LEG_1,24.29,39.74,-2.46,1,1659,1614,NE
1175123.365,X_LEG_1,24.36,39.66,-2.47,1,1659,1613,NE
1175123.386,X_LEG_1,24.36,39.66,-2.47,1,1659,1613,NE
1175123.406,X_LEG_1,24.36,39.66,-2.47,1,1659,1613,NE
1175123.426,X_LEG_1,24.36,39.66,-2.47,1,1659,1613,NE
1175123.447,X_LEG_1,24.36,39.66,-2.47,1,1659,1613,NE
1175123.467,X_LEG_1,24.43,39.58,-2.48,1,1658,1613,NE
1175123.488,X_LEG_1,24.43,39.58,-2.48,1,1658,1613,NE
1175123.508,X_LEG_1,24.43,39.58,-2.48,1,1658,1613,NE
1175123.529,X_LEG_1,24.43,39.58,-2.48,1,1658,1613,NE
1175123.549,X_LEG_1,24.43,39.58,-2.48,1,1658,1613,NE
1175123.570,X_LEG_1,24.49,39.52,-2.48,1,1658,1613,NE
1175123.590,X_LEG_1,24.49,39.52,-2.48,1,1658,1613,NE
1175123.611,X_LEG_1,24.49,39.52,-2.48,1,1658,1613,NE
1175123.632,X_LEG_1,24.49,39.52,-2.48,1,1658,1613,NE
1175123.652,X_LEG_1,24.49,39.52,-2.48,1,1658,1613,NE
1175123.673,X_LEG_1,24.56,39.44,-2.50,1,1658,1613,NE
1175123.693,X_LEG_1,24.56,39.44,-2.50,1,1658,1613,NE
1175123.713,X_LEG_1,24.56,39.44,-2.50,1,1658,1613,NE
1175123.734,X_LEG_1,24.56,39.44,-2.50,1,1658,1613,NE
1175123.754,X_LEG_1,24.56,39.44,-2.50,1,1658,1613,NE
1175123.774,X_LEG_1,24.62,39.36,-1.50,1,1657,1613,NE
1175123.795,X_LEG_1,24.62,39.36,-1.50,1,1657,1613,NE
1175123.815,X_LEG_1,24.62,39.36,-1.50,1,1657,1613,NE
1175123.836,X_LEG_1,24.62,39.36,-1.50,1,1657,1613,NE
1175123.856,X_LEG_1,24.62,39.36,-1.50,1,1657,1613,NE
1175123.876,X_LEG_1,24.68,39.29,-1.52,1,1657,1612,NE
1175123.897,X_LEG_1,24.68,39.29,-1.52,1,1657,1612,NE
1175123.917,X_LEG_1,24.68,39.29,-1.52,1,1657,1612,NE
1175123.938,X_LEG_1,24.68,39.29,-1.52,1,1657,1612,NE
1175123.958,X_LEG_1,24.68,39.29,-1.52,1,1657,1612,NE
1175123.978,X_LEG_1,24.75,39.22,-1.53,1,1657,1612,NE
1175123.999,X_LEG_1,24.75,39.22,-1.53,1,1657,1612,NE
1175124.019,X_LEG_1,24.75,39.22,-1.53,1,1657,1612,NE
1175124.040,X_LEG_1,24.75,39.22,-1.53,1,1657,1612,NE
1175124.061,X_LEG_1,24.75,39.22,-1.53,1,1657,1612,NE
1175124.081,X_LEG_1,24.80,39.14,-1.54,1,1657,1612,NE
1175124.101,X_LEG_1,24.80,39.14,-1.54,1,1657,1612,NE
1175124.121,X_LEG_1,24.80,39.14,-1.54,1,1657,1612,NE
1175124.142,X_LEG_1,24.80,39.14,-1.54,1,1657,1612,NE
1175124.162,X_LEG_1,24.80,39.14,-1.54,1,1657,1612,NE
1175124.183,X_LEG_1,24.86,39.06,-1.55,1,1656,1612,NE
1175124.203,X_LEG_1,24.86,39.06,-1.55,1,1656,1612,NE
1175124.224,X_LEG_1,24.86,39.06,-1.55,1,1656,1612,NE
1175124.244,X_LEG_1,24.86,39.06,-1.55,1,1656,1612,NE
1175124.264,X_LEG_1,24.86,39.06,-1.55,1,1656,1612,NE
1175124.285,X_LEG_1,24.92,38.98,-1.56,1,1656,1612,NE
1175124.305,X_LEG_1,24.92,38.98,-1.56,1,1656,1612,NE
1175124.325,X_LEG_1,24.92,38.98,-1.56,1,1656,1612,NE
1175124.346,X_LEG_1,24.92,38.98,-1.56,1,1656,1612,NE
1175124.367,X_LEG_1,24.92,38.98,-1.56,1,1656,1612,NE
1175124.387,X_LEG_1,24.97,38.91,-1.57,1,1656,1612,NE
1175124.407,X_LEG_1,24.97,38.91,-1.57,1,1656,1612,NE
1175124.428,X_LEG_1,24.97,38.91,-1.57,1,1656,1612,NE
1175124.449,X_LEG_1,24.97,38.91,-1.57,1,1656,1612,NE
1175124.469,X_LEG_1,24.97,38.91,-1.57,1,1656,1612,NE
1175124.489,X_LEG_1,24.97,38.91,-1.57,1,1656,1612,NE
1175124.510,X_LEG_1,24.97,38.91,-1.57,1,1656,1612,NE
1175124.531,X_LEG_1,24.97,38.91,-1.57,1,1656,1612,NE
1175124.551,X_LEG_1,24.97,38.91,-1.57,1,1656,1612,NE
1175124.572,X_LEG_1,24.97,38.91,-1.57,1,1656,1612,NE
1175124.593,X_LEG_1,25.03,38.83,-1.58,1,1655,1611,NE
1175124.613,X_LEG_1,25.03,38.83,-1.58,1,1655,1611,NE
1175124.633,X_LEG_1,25.03,38.83,-1.58,1,1655,1611,NE
1175124.653,X_LEG_1,25.03,38.83,-1.58,1,1655,1611,NE
1175124.673,X_LEG_1,25.03,38.83,-1.58,1,1655,1611,NE
1175124.694,X_LEG_1,25.08,38.74,-1.59,1,1655,1611,NE
1175124.714,X_LEG_1,25.08,38.74,-1.59,1,1655,1611,NE
1175124.735,X_LEG_1,25.08,38.74,-1.59,1,1655,1611,NE
1175124.755,X_LEG_1,25.08,38.74,-1.59,1,1655,1611,NE
1175124.776,X_LEG_1,25.08,38.74,-1.59,1,1655,1611,NE
1175124.797,X_LEG_1,25.13,38.67,-1.60,1,1655,1611,NE
1175124.817,X_LEG_1,25.13,38.67,-1.60,1,1655,1611,NE
1175124.838,X_LEG_1,25.13,38.67,-1.60,1,1655,1611,NE
1175124.858,X_LEG_1,25.13,38.67,-1.60,1,1655,1611,NE
1175124.879,X_LEG_1,25.13,38.67,-1.60,1,1655,1611,NE
1175124.900,X_LEG_1,25.21,38.55,-1.62,1,1654,1611,NE
1175124.920,X_LEG_1,25.21,38.55,-1.62,1,1654,1611,NE
1175124.941,X_LEG_1,25.21,38.55,-1.62,1,1654,1611,NE
1175124.961,X_LEG_1,25.21,38.55,-1.62,1,1654,1611,NE
1175124.981,X_LEG_1,25.21,38.55,-1.62,1,1654,1611,NE
1175125.002,X_LEG_1,25.25,38.47,-1.62,1,1654,1611,NE
1175125.022,X_LEG_1,25.25,38.47,-1.62,1,1654,1611,NE
1175125.043,X_LEG_1,25.25,38.47,-1.62,1,1654,1611,NE
1175125.064,X_LEG_1,25.25,38.47,-1.62,1,1654,1611,NE
1175125.084,X_LEG_1,25.25,38.47,-1.62,1,1654,1611,NE
1175125.104,X_LEG_1,25.30,38.39,-1.63,1,1654,1611,NE
1175125.124,X_LEG_1,25.30,38.39,-1.63,1,1654,1611,NE
1175125.145,X_LEG_1,25.30,38.39,-1.63,1,1654,1611,NE
1175125.165,X_LEG_1,25.30,38.39,-1.63,1,1654,1611,NE
1175125.186,X_LEG_1,25.30,38.39,-1.63,1,1654,1611,NE
1175125.206,X_LEG_1,25.30,38.39,-1.63,1,1654,1611,NE
1175125.226,X_LEG_1,25.30,38.39,-1.63,1,1654,1611,NE
1175125.247,X_LEG_1,25.30,38.39,-1.63,1,1654,1611,NE
1175125.268,X_LEG_1,25.30,38.39,-1.63,1,1654,1611,NE
1175125.288,X_LEG_1,25.30,38.39,-1.63,1,1654,1611,NE
1175125.308,X_LEG_1,25.37,38.27,-1.65,1,1653,1610,NE
1175125.329,X_LEG_1,25.37,38.27,-1.65,1,1653,1610,NE
1175125.349,X_LEG_1,25.37,38.27,-1.65,1,1653,1610,NE
1175125.369,X_LEG_1,25.37,38.27,-1.65,1,1653,1610,NE
1175125.390,X_LEG_1,25.37,38.27,-1.65,1,1653,1610,NE
1175125.410,X_LEG_1,25.41,38.19,-1.67,1,1653,1610,NE
1175125.431,X_LEG_1,25.41,38.19,-1.67,1,1653,1610,NE
1175125.451,X_LEG_1,25.41,38.19,-1.67,1,1653,1610,NE
1175125.471,X_LEG_1,25.41,38.19,-1.67,1,1653,1610,NE
1175125.492,X_LEG_1,25.41,38.19,-1.67,1,1653,1610,NE
1175125.512,X_LEG_1,25.45,38.11,-1.68,1,1652,1610,NE
1175125.533,X_LEG_1,25.45,38.11,-1.68,1,1652,1610,NE
1175125.553,X_LEG_1,25.45,38.11,-1.68,1,1652,1610,NE
1175125.573,X_LEG_1,25.45,38.11,-1.68,1,1652,1610,NE
1175125.594,X_LEG_1,25.45,38.11,-1.68,1,1652,1610,NE
1175125.614,X_LEG_1,25.49,38.02,-1.69,1,1652,1610,NE
1175125.635,X_LEG_1,25.49,38.02,-1.69,1,1652,1610,NE
1175125.655,X_LEG_1,25.49,38.02,-1.69,1,1652,1610,NE
1175125.676,X_LEG_1,25.49,38.02,-1.69,1,1652,1610,NE
1175125.696,X_LEG_1,25.49,38.02,-1.69,1,1652,1610,NE
1175125.717,X_LEG_1,25.53,37.94,-1.69,1,1652,1610,NE
1175125.737,X_LEG_1,25.53,37.94,-1.69,1,1652,1610,NE
1175125.757,X_LEG_1,25.53,37.94,-1.69,1,1652,1610,NE
1175125.778,X_LEG_1,25.53,37.94,-1.69,1,1652,1610,NE
1175125.798,X_LEG_1,25.53,37.94,-1.69,1,1652,1610,NE
1175125.819,X_LEG_1,25.53,37.94,-1.69,1,1652,1610,NE
1175125.839,X_LEG_1,25.53,37.94,-1.69,1,1652,1610,NE
1175125.859,X_LEG_1,25.53,37.94,-1.69,1,1652,1610,NE
1175125.880,X_LEG_1,25.53,37.94,-1.69,1,1652,1610,NE
1175125.900,X_LEG_1,25.53,37.94,-1.69,1,1652,1610,NE
1175125.921,X_LEG_1,25.59,37.82,-1.72,1,1651,1610,NE
1175125.941,X_LEG_1,25.59,37.82,-1.72,1,1651,1610,NE
1175125.962,X_LEG_1,25.59,37.82,-1.72,1,1651,1610,NE
1175125.982,X_LEG_1,25.59,37.82,-1.72,1,1651,1610,NE
1175126.003,X_LEG_1,25.59,37.82,-1.72,1,1651,1610,NE
1175126.023,X_LEG_1,25.62,37.74,-1.72,1,1651,1610,NE
1175126.043,X_LEG_1,25.62,37.74,-1.72,1,1651,1610,NE
1175126.064,X_LEG_1,25.62,37.74,-1.72,1,1651,1610,NE
1175126.084,X_LEG_1,25.62,37.74,-1.72,1,1651,1610,NE
1175126.105,X_LEG_1,25.62,37.74,-1.72,1,1651,1610,NE
1175126.125,X_LEG_1,25.65,37.65,-1.74,1,1651,1610,NE
1175126.145,X_LEG_1,25.65,37.65,-1.74,1,1651,1610,NE
1175126.166,X_LEG_1,25.65,37.65,-1.74,1,1651,1610,NE
1175126.186,X_LEG_1,25.65,37.65,-1.74,1,1651,1610,NE
1175126.207,X_LEG_1,25.65,37.65,-1.74,1,1651,1610,NE
1175126.227,X_LEG_1,25.69,37.57,-1.74,1,1650,1609,NE
1175126.248,X_LEG_1,25.69,37.57,-1.74,1,1650,1609,NE
1175126.269,X_LEG_1,25.69,37.57,-1.74,1,1650,1609,NE
1175126.289,X_LEG_1,25.69,37.57,-1.74,1,1650,1609,NE
1175126.310,X_LEG_1,25.69,37.57,-1.74,1,1650,1609,NE
1175126.330,X_LEG_1,25.72,37.48,-1.76,1,1650,1609,NE
1175126.350,X_LEG_1,25.72,37.48,-1.76,1,1650,1609,NE
1175126.371,X_LEG_1,25.72,37.48,-1.76,1,1650,1609,NE
1175126.391,X_LEG_1,25.72,37.48,-1.76,1,1650,1609,NE
1175126.412,X_LEG_1,25.72,37.48,-1.76,1,1650,1609,NE
1175126.432,X_LEG_1,25.75,37.40,-0.76,1,1650,1609,NE
1175126.453,X_LEG_1,25.75,37.40,-0.76,1,1650,1609,NE
1175126.474,X_LEG_1,25.75,37.40,-0.76,1,1650,1609,NE
1175126.494,X_LEG_1,25.75,37.40,-0.76,1,1650,1609,NE
1175126.514,X_LEG_1,25.75,37.40,-0.76,1,1650,1609,NE
1175126.536,X_LEG_1,25.75,37.40,-0.76,1,1650,1609,NE
1175126.556,X_LEG_1,25.75,37.40,-0.76,1,1650,1609,NE
1175126.576,X_LEG_1,25.75,37.40,-0.76,1,1650,1609,NE
1175126.597,X_LEG_1,25.75,37.40,-0.76,1,1650,1609,NE
1175126.617,X_LEG_1,25.75,37.40,-0.76,1,1650,1609,NE
1175126.638,X_LEG_1,25.79,37.28,-0.79,1,1649,1609,NE
1175126.658,X_LEG_1,25.79,37.28,-0.79,1,1649,1609,NE
1175126.679,X_LEG_1,25.79,37.28,-0.79,1,1649,1609,NE
1175126.699,X_LEG_1,25.79,37.28,-0.79,1,1649,1609,NE
1175126.720,X_LEG_1,25.79,37.28,-0.79,1,1649,1609,NE
1175126.740,X_LEG_1,25.82,37.19,-0.80,1,1649,1609,NE
1175126.760,X_LEG_1,25.82,37.19,-0.80,1,1649,1609,NE
1175126.781,X_LEG_1,25.82,37.19,-0.80,1,1649,1609,NE
1175126.801,X_LEG_1,25.82,37.19,-0.80,1,1649,1609,NE
1175126.822,X_LEG_1,25.82,37.19,-0.80,1,1649,1609,NE
1175126.842,X_LEG_1,25.84,37.11,-0.81,1,1648,1609,NE
1175126.862,X_LEG_1,25.84,37.11,-0.81,1,1648,1609,NE
1175126.883,X_LEG_1,25.84,37.11,-0.81,1,1648,1609,NE
1175126.903,X_LEG_1,25.84,37.11,-0.81,1,1648,1609,NE
1175126.923,X_LEG_1,25.84,37.11,-0.81,1,1648,1609,NE
1175126.944,X_LEG_1,25.87,37.03,-0.82,1,1648,1609,NE
1175126.964,X_LEG_1,25.87,37.03,-0.82,1,1648,1609,NE
1175126.985,X_LEG_1,25.87,37.03,-0.82,1,1648,1609,NE
1175127.005,X_LEG_1,25.87,37.03,-0.82,1,1648,1609,NE
1175127.025,X_LEG_1,25.87,37.03,-0.82,1,1648,1609,NE
1175127.046,X_LEG_1,25.89,36.94,-0.83,1,1648,1609,NE
1175127.067,X_LEG_1,25.89,36.94,-0.83,1,1648,1609,NE
1175127.087,X_LEG_1,25.89,36.94,-0.83,1,1648,1609,NE
1175127.107,X_LEG_1,25.89,36.94,-0.83,1,1648,1609,NE
1175127.128,X_LEG_1,25.89,36.94,-0.83,1,1648,1609,NE
1175127.148,X_LEG_1,25.91,36.86,-0.84,1,1647,1609,NE
1175127.169,X_LEG_1,25.91,36.86,-0.84,1,1647,1609,NE
1175127.189,X_LEG_1,25.91,36.86,-0.84,1,1647,1609,NE
1175127.210,X_LEG_1,25.91,36.86,-0.84,1,1647,1609,NE
1175127.230,X_LEG_1,25.91,36.86,-0.84,1,1647,1609,NE
1175127.251,X_LEG_1,25.93,36.77,-0.85,1,1647,1609,NE
1175127.271,X_LEG_1,25.93,36.77,-0.85,1,1647,1609,NE
1175127.291,X_LEG_1,25.93,36.77,-0.85,1,1647,1609,NE
1175127.312,X_LEG_1,25.93,36.77,-0.85,1,1647,1609,NE
1175127.333,X_LEG_1,25.93,36.77,-0.85,1,1647,1609,NE
1175127.353,X_LEG_1,25.95,36.69,-0.87,1,1647,1609,NE
1175127.374,X_LEG_1,25.95,36.69,-0.87,1,1647,1609,NE
1175127.394,X_LEG_1,25.95,36.69,-0.87,1,1647,1609,NE
1175127.415,X_LEG_1,25.95,36.69,-0.87,1,1647,1609,NE
1175127.435,X_LEG_1,25.95,36.69,-0.87,1,1647,1609,NE
1175127.456,X_LEG_1,25.96,36.59,-0.87,1,1646,1609,NE
1175127.476,X_LEG_1,25.96,36.59,-0.87,1,1646,1609,NE
1175127.497,X_LEG_1,25.96,36.59,-0.87,1,1646,1609,NE
1175127.517,X_LEG_1,25.96,36.59,-0.87,1,1646,1609,NE
1175127.538,X_LEG_1,25.96,36.59,-0.87,1,1646,1609,NE
1175127.558,X_LEG_1,25.98,36.51,-0.87,1,1646,1609,NE
1175127.579,X_LEG_1,25.98,36.51,-0.87,1,1646,1609,NE
1175127.600,X_LEG_1,25.98,36.51,-0.87,1,1646,1609,NE
1175127.620,X_LEG_1,25.98,36.51,-0.87,1,1646,1609,NE
1175127.640,X_LEG_1,25.98,36.51,-0.87,1,1646,1609,NE
1175127.661,X_LEG_1,25.99,36.42,-0.89,1,1646,1609,NE
1175127.681,X_LEG_1,25.99,36.42,-0.89,1,1646,1609,NE
1175127.702,X_LEG_1,25.99,36.42,-0.89,1,1646,1609,NE
1175127.722,X_LEG_1,25.99,36.42,-0.89,1,1646,1609,NE
1175127.743,X_LEG_1,25.99,36.42,-0.89,1,1646,1609,NE
1175127.764,X_LEG_1,26.00,36.34,-0.90,1,1645,1608,NE
1175127.784,X_LEG_1,26.00,36.34,-0.90,1,1645,1608,NE
1175127.805,X_LEG_1,26.00,36.34,-0.90,1,1645,1608,NE
1175127.825,X_LEG_1,26.00,36.34,-0.90,1,1645,1608,NE
1175127.845,X_LEG_1,26.00,36.34,-0.90,1,1645,1608,NE
1175127.865,X_LEG_1,26.00,36.34,-0.90,1,1645,1608,NE
1175127.886,X_LEG_1,26.00,36.34,-0.90,1,1645,1608,NE
1175127.906,X_LEG_1,26.00,36.34,-0.90,1,1645,1608,NE
1175127.926,X_LEG_1,26.00,36.34,-0.90,1,1645,1608,NE
1175127.947,X_LEG_1,26.00,36.34,-0.90,1,1645,1608,NE
1175127.968,X_LEG_1,26.02,36.20,-0.92,1,1645,1608,NE
1175127.988,X_LEG_1,26.02,36.20,-0.92,1,1645,1608,NE
1175128.009,X_LEG_1,26.02,36.20,-0.92,1,1645,1608,NE
1175128.029,X_LEG_1,26.02,36.20,-0.92,1,1645,1608,NE
1175128.050,X_LEG_1,26.02,36.20,-0.92,1,1645,1608,NE
1175128.070,X_LEG_1,26.03,36.12,-0.93,1,1644,1608,NE
1175128.091,X_LEG_1,26.03,36.12,-0.93,1,1644,1608,NE
1175128.111,X_LEG_1,26.03,36.12,-0.93,1,1644,1608,NE
1175128.132,X_LEG_1,26.03,36.12,-0.93,1,1644,1608,NE
1175128.152,X_LEG_1,26.03,36.12,-0.93,1,1644,1608,NE
1175128.174,X_LEG_1,26.03,36.03,-0.95,1,1644,1608,NE
1175128.194,X_LEG_1,26.03,36.03,-0.95,1,1644,1608,NE
1175128.214,X_LEG_1,26.03,36.03,-0.95,1,1644,1608,NE
1175128.235,X_LEG_1,26.03,36.03,-0.95,1,1644,1608,NE
1175128.256,X_LEG_1,26.03,36.03,-0.95,1,1644,1608,NE
1175128.276,X_LEG_1,26.04,35.95,-0.95,1,1644,1608,NE
1175128.297,X_LEG_1,26.04,35.95,-0.95,1,1644,1608,NE
1175128.318,X_LEG_1,26.04,35.95,-0.95,1,1644,1608,NE
1175128.338,X_LEG_1,26.04,35.95,-0.95,1,1644,1608,NE
1175128.358,X_LEG_1,26.04,35.95,-0.95,1,1644,1608,NE
1175128.379,X_LEG_1,26.04,35.86,-0.97,1,1643,1608,NE
1175128.399,X_LEG_1,26.04,35.86,-0.97,1,1643,1608,NE
1175128.420,X_LEG_1,26.04,35.86,-0.97,1,1643,1608,NE
1175128.441,X_LEG_1,26.04,35.86,-0.97,1,1643,1608,NE
1175128.461,X_LEG_1,26.04,35.86,-0.97,1,1643,1608,NE
1175128.482,X_LEG_1,26.05,35.77,-0.97,1,1643,1608,NE
1175128.502,X_LEG_1,26.05,35.77,-0.97,1,1643,1608,NE
1175128.523,X_LEG_1,26.05,35.77,-0.97,1,1643,1608,NE
1175128.543,X_LEG_1,26.05,35.77,-0.97,1,1643,1608,NE
1175128.563,X_LEG_1,26.05,35.77,-0.97,1,1643,1608,NE
1175128.584,X_LEG_1,26.05,35.68,-0.99,1,1643,1608,NE
1175128.604,X_LEG_1,26.05,35.68,-0.99,1,1643,1608,NE
1175128.625,X_LEG_1,26.05,35.68,-0.99,1,1643,1608,NE
1175128.646,X_LEG_1,26.05,35.68,-0.99,1,1643,1608,NE
1175128.666,X_LEG_1,26.05,35.68,-0.99,1,1643,1608,NE
1175128.687,X_LEG_1,26.05,35.60,-1.00,1,1642,1608,NE
1175128.707,X_LEG_1,26.05,35.60,-1.00,1,1642,1608,NE
1175128.728,X_LEG_1,26.05,35.60,-1.00,1,1642,1608,NE
1175128.748,X_LEG_1,26.05,35.60,-1.00,1,1642,1608,NE
1175128.769,X_LEG_1,26.05,35.60,-1.00,1,1642,1608,NE
1175128.789,X_LEG_1,26.05,35.51,-1.02,1,1642,1608,NE
1175128.810,X_LEG_1,26.05,35.51,-1.02,1,1642,1608,NE
1175128.830,X_LEG_1,26.05,35.51,-1.02,1,1642,1608,NE
1175128.850,X_LEG_1,26.05,35.51,-1.02,1,1642,1608,NE
1175128.870,X_LEG_1,26.05,35.51,-1.02,1,1642,1608,NE
1175128.891,X_LEG_1,26.05,35.51,-1.02,1,1642,1608,NE
1175128.911,X_LEG_1,26.05,35.51,-1.02,1,1642,1608,NE
1175128.931,X_LEG_1,26.05,35.51,-1.02,1,1642,1608,NE
1175128.952,X_LEG_1,26.05,35.51,-1.02,1,1642,1608,NE
1175128.973,X_LEG_1,26.05,35.51,-1.02,1,1642,1608,NE
1175128.993,X_LEG_1,26.05,35.42,-1.02,1,1642,1608,NE
1175129.014,X_LEG_1,26.05,35.42,-1.02,1,1642,1608,NE
1175129.034,X_LEG_1,26.05,35.42,-1.02,1,1642,1608,NE
1175129.055,X_LEG_1,26.05,35.42,-1.02,1,1642,1608,NE
1175129.075,X_LEG_1,26.05,35.42,-1.02,1,1642,1608,NE
1175129.096,X_LEG_1,26.04,35.33,-1.03,1,1641,1608,NE
1175129.116,X_LEG_1,26.04,35.33,-1.03,1,1641,1608,NE
1175129.137,X_LEG_1,26.04,35.33,-1.03,1,1641,1608,NE
1175129.157,X_LEG_1,26.04,35.33,-1.03,1,1641,1608,NE
1175129.178,X_LEG_1,26.04,35.33,-1.03,1,1641,1608,NE
1175129.198,X_LEG_1,26.04,35.25,-1.04,1,1641,1608,NE
1175129.219,X_LEG_1,26.04,35.25,-1.04,1,1641,1608,NE
1175129.240,X_LEG_1,26.04,35.25,-1.04,1,1641,1608,NE
1175129.260,X_LEG_1,26.04,35.25,-1.04,1,1641,1608,NE
1175129.280,X_LEG_1,26.04,35.25,-1.04,1,1641,1608,NE
1175129.301,X_LEG_1,26.03,35.16,-1.06,1,1641,1608,NE
1175129.321,X_LEG_1,26.03,35.16,-1.06,1,1641,1608,NE
1175129.342,X_LEG_1,26.03,35.16,-1.06,1,1641,1608,NE
1175129.362,X_LEG_1,26.03,35.16,-1.06,1,1641,1608,NE
1175129.383,X_LEG_1,26.03,35.16,-1.06,1,1641,1608,NE
1175129.404,X_LEG_1,26.02,35.07,-1.06,1,1640,1608,NE
1175129.424,X_LEG_1,26.02,35.07,-1.06,1,1640,1608,NE
1175129.445,X_LEG_1,26.02,35.07,-1.06,1,1640,1608,NE
1175129.466,X_LEG_1,26.02,35.07,-1.06,1,1640,1608,NE
1175129.486,X_LEG_1,26.02,35.07,-1.06,1,1640,1608,NE
1175129.507,X_LEG_1,26.01,34.98,-1.07,1,1640,1608,NE
1175129.527,X_LEG_1,26.01,34.98,-1.07,1,1640,1608,NE
1175129.547,X_LEG_1,26.01,34.98,-1.07,1,1640,1608,NE
1175129.568,X_LEG_1,26.01,34.98,-1.07,1,1640,1608,NE
1175129.588,X_LEG_1,26.01,34.98,-1.07,1,1640,1608,NE
1175129.609,X_LEG_1,26.00,34.90,-1.09,1,1640,1608,NE
1175129.629,X_LEG_1,26.00,34.90,-1.09,1,1640,1608,NE
1175129.649,X_LEG_1,26.00,34.90,-1.09,1,1640,1608,NE
1175129.670,X_LEG_1,26.00,34.90,-1.09,1,1640,1608,NE
1175129.690,X_LEG_1,26.00,34.90,-1.09,1,1640,1608,NE
1175129.711,X_LEG_1,25.99,34.81,-1.11,1,1639,1609,NE
1175129.731,X_LEG_1,25.99,34.81,-1.11,1,1639,1609,NE
1175129.752,X_LEG_1,25.99,34.81,-1.11,1,1639,1609,NE
1175129.772,X_LEG_1,25.99,34.81,-1.11,1,1639,1609,NE
1175129.793,X_LEG_1,25.99,34.81,-1.11,1,1639,1609,NE
1175129.813,X_LEG_1,25.97,34.72,-1.11,1,1639,1609,NE
1175129.834,X_LEG_1,25.97,34.72,-1.11,1,1639,1609,NE
1175129.854,X_LEG_1,25.97,34.72,-1.11,1,1639,1609,NE
1175129.875,X_LEG_1,25.97,34.72,-1.11,1,1639,1609,NE
1175129.895,X_LEG_1,25.97,34.72,-1.11,1,1639,1609,NE
1175129.916,X_LEG_1,25.96,34.63,-1.12,1,1639,1609,NE
1175129.937,X_LEG_1,25.96,34.63,-1.12,1,1639,1609,NE
1175129.957,X_LEG_1,25.96,34.63,-1.12,1,1639,1609,NE
1175129.978,X_LEG_1,25.96,34.63,-1.12,1,1639,1609,NE
1175129.998,X_LEG_1,25.96,34.63,-1.12,1,1639,1609,NE
1175130.019,X_LEG_1,25.94,34.54,-1.14,1,1638,1609,NE
1175130.039,X_LEG_1,25.94,34.54,-1.14,1,1638,1609,NE
1175130.060,X_LEG_1,25.94,34.54,-1.14,1,1638,1609,NE
1175130.080,X_LEG_1,25.94,34.54,-1.14,1,1638,1609,NE
1175130.101,X_LEG_1,25.94,34.54,-1.14,1,1638,1609,NE
1175130.121,X_LEG_1,25.94,34.54,-1.14,1,1638,1609,NE
1175130.142,X_LEG_1,25.94,34.54,-1.14,1,1638,1609,NE
1175130.162,X_LEG_1,25.94,34.54,-1.14,1,1638,1609,NE
1175130.183,X_LEG_1,25.94,34.54,-1.14,1,1638,1609,NE
1175130.203,X_LEG_1,25.94,34.54,-1.14,1,1638,1609,NE
1175130.224,X_LEG_1,25.92,34.45,-1.14,1,1638,1609,NE
1175130.244,X_LEG_1,25.92,34.45,-1.14,1,1638,1609,NE
1175130.265,X_LEG_1,25.92,34.45,-1.14,1,1638,1609,NE
1175130.286,X_LEG_1,25.92,34.45,-1.14,1,1638,1609,NE
1175130.306,X_LEG_1,25.92,34.45,-1.14,1,1638,1609,NE
1175130.326,X_LEG_1,25.90,34.36,-1.16,1,1637,1609,NE
1175130.347,X_LEG_1,25.90,34.36,-1.16,1,1637,1609,NE
1175130.367,X_LEG_1,25.90,34.36,-1.16,1,1637,1609,NE
1175130.389,X_LEG_1,25.90,34.36,-1.16,1,1637,1609,NE
1175130.409,X_LEG_1,25.90,34.36,-1.16,1,1637,1609,NE
1175130.429,X_LEG_1,25.88,34.28,-1.18,1,1637,1609,NE
1175130.450,X_LEG_1,25.88,34.28,-1.18,1,1637,1609,NE
1175130.470,X_LEG_1,25.88,34.28,-1.18,1,1637,1609,NE
1175130.491,X_LEG_1,25.88,34.28,-1.18,1,1637,1609,NE
1175130.511,X_LEG_1,25.88,34.28,-1.18,1,1637,1609,NE
1175130.531,X_LEG_1,25.86,34.20,-1.18,1,1637,1609,NE
1175130.552,X_LEG_1,25.86,34.20,-1.18,1,1637,1609,NE
1175130.572,X_LEG_1,25.86,34.20,-1.18,1,1637,1609,NE
1175130.593,X_LEG_1,25.86,34.20,-1.18,1,1637,1609,NE
1175130.613,X_LEG_1,25.86,34.20,-1.18,1,1637,1609,NE
1175130.634,X_LEG_1,25.84,34.10,-1.18,1,1636,1609,NE
1175130.654,X_LEG_1,25.84,34.10,-1.18,1,1636,1609,NE
1175130.674,X_LEG_1,25.84,34.10,-1.18,1,1636,1609,NE
1175130.695,X_LEG_1,25.84,34.10,-1.18,1,1636,1609,NE
1175130.715,X_LEG_1,25.84,34.10,-1.18,1,1636,1609,NE
1175130.736,X_LEG_1,25.81,34.02,-1.20,1,1636,1609,NE
1175130.756,X_LEG_1,25.81,34.02,-1.20,1,1636,1609,NE
1175130.777,X_LEG_1,25.81,34.02,-1.20,1,1636,1609,NE
1175130.797,X_LEG_1,25.81,34.02,-1.20,1,1636,1609,NE
1175130.817,X_LEG_1,25.81,34.02,-1.20,1,1636,1609,NE
1175130.838,X_LEG_1,25.78,33.93,-1.22,1,1636,1609,NE
1175130.858,X_LEG_1,25.78,33.93,-1.22,1,1636,1609,NE
1175130.879,X_LEG_1,25.78,33.93,-1.22,1,1636,1609,NE
1175130.899,X_LEG_1,25.78,33.93,-1.22,1,1636,1609,NE
1175130.920,X_LEG_1,25.78,33.93,-1.22,1,1636,1609,NE
1175130.941,X_LEG_1,25.76,33.83,-1.22,1,1635,1609,NE
1175130.961,X_LEG_1,25.76,33.83,-1.22,1,1635,1609,NE
1175130.981,X_LEG_1,25.76,33.83,-1.22,1,1635,1609,NE
1175131.002,X_LEG_1,25.76,33.83,-1.22,1,1635,1609,NE
1175131.022,X_LEG_1,25.76,33.83,-1.22,1,1635,1609,NE
1175131.043,X_LEG_1,25.76,33.83,-1.22,1,1635,1609,NE
1175131.063,X_LEG_1,25.76,33.83,-1.22,1,1635,1609,NE
1175131.084,X_LEG_1,25.76,33.83,-1.22,1,1635,1609,NE
1175131.104,X_LEG_1,25.76,33.83,-1.22,1,1635,1609,NE
1175131.124,X_LEG_1,25.76,33.83,-1.22,1,1635,1609,NE
1175131.145,X_LEG_1,25.73,33.75,-1.24,1,1635,1609,NE
1175131.165,X_LEG_1,25.73,33.75,-1.24,1,1635,1609,NE
1175131.186,X_LEG_1,25.73,33.75,-1.24,1,1635,1609,NE
1175131.206,X_LEG_1,25.73,33.75,-1.24,1,1635,1609,NE
1175131.226,X_LEG_1,25.73,33.75,-1.24,1,1635,1609,NE
1175131.247,X_LEG_1,25.70,33.66,-1.25,1,1635,1609,NE
1175131.267,X_LEG_1,25.70,33.66,-1.25,1,1635,1609,NE
1175131.287,X_LEG_1,25.70,33.66,-1.25,1,1635,1609,NE
1175131.309,X_LEG_1,25.70,33.66,-1.25,1,1635,1609,NE
1175131.329,X_LEG_1,25.70,33.66,-1.25,1,1635,1609,NE
1175131.350,X_LEG_1,25.66,33.57,-1.26,1,1634,1610,NE
1175131.372,X_LEG_1,25.66,33.57,-1.26,1,1634,1610,NE
1175131.392,X_LEG_1,25.66,33.57,-1.26,1,1634,1610,NE
1175131.412,X_LEG_1,25.66,33.57,-1.26,1,1634,1610,NE
1175131.433,X_LEG_1,25.66,33.57,-1.26,1,1634,1610,NE
1175131.453,X_LEG_1,25.63,33.48,-1.27,1,1634,1610,NE
1175131.474,X_LEG_1,25.63,33.48,-1.27,1,1634,1610,NE
1175131.494,X_LEG_1,25.63,33.48,-1.27,1,1634,1610,NE
1175131.515,X_LEG_1,25.63,33.48,-1.27,1,1634,1610,NE
1175131.535,X_LEG_1,25.63,33.48,-1.27,1,1634,1610,NE
1175131.555,X_LEG_1,25.60,33.39,-1.29,1,1634,1610,NE
1175131.576,X_LEG_1,25.60,33.39,-1.29,1,1634,1610,NE
1175131.597,X_LEG_1,25.60,33.39,-1.29,1,1634,1610,NE
1175131.617,X_LEG_1,25.60,33.39,-1.29,1,1634,1610,NE
1175131.637,X_LEG_1,25.60,33.39,-1.29,1,1634,1610,NE
1175131.658,X_LEG_1,25.56,33.31,-1.31,1,1633,1610,NE
1175131.678,X_LEG_1,25.56,33.31,-1.31,1,1633,1610,NE
1175131.698,X_LEG_1,25.56,33.31,-1.31,1,1633,1610,NE
1175131.719,X_LEG_1,25.56,33.31,-1.31,1,1633,1610,NE
1175131.739,X_LEG_1,25.56,33.31,-1.31,1,1633,1610,NE
1175131.760,X_LEG_1,25.52,33.22,-0.30,1,1633,1610,NE
1175131.780,X_LEG_1,25.52,33.22,-0.30,1,1633,1610,NE
1175131.801,X_LEG_1,25.52,33.22,-0.30,1,1633,1610,NE
1175131.821,X_LEG_1,25.52,33.22,-0.30,1,1633,1610,NE
1175131.842,X_LEG_1,25.52,33.22,-0.30,1,1633,1610,NE
1175131.862,X_LEG_1,25.48,33.13,-0.32,1,1633,1610,NE
1175131.883,X_LEG_1,25.48,33.13,-0.32,1,1633,1610,NE
1175131.904,X_LEG_1,25.48,33.13,-0.32,1,1633,1610,NE
1175131.924,X_LEG_1,25.48,33.13,-0.32,1,1633,1610,NE
1175131.945,X_LEG_1,25.48,33.13,-0.32,1,1633,1610,NE
1175131.965,X_LEG_1,25.44,33.05,-0.34,1,1632,1610,NE
1175131.986,X_LEG_1,25.44,33.05,-0.34,1,1632,1610,NE
1175132.006,X_LEG_1,25.44,33.05,-0.34,1,1632,1610,NE
1175132.026,X_LEG_1,25.44,33.05,-0.34,1,1632,1610,NE
1175132.047,X_LEG_1,25.44,33.05,-0.34,1,1632,1610,NE
1175132.067,X_LEG_1,25.40,32.95,-0.34,1,1632,1610,NE
1175132.088,X_LEG_1,25.40,32.95,-0.34,1,1632,1610,NE
1175132.108,X_LEG_1,25.40,32.95,-0.34,1,1632,1610,NE
1175132.128,X_LEG_1,25.40,32.95,-0.34,1,1632,1610,NE
1175132.149,X_LEG_1,25.40,32.95,-0.34,1,1632,1610,NE
1175132.169,X_LEG_1,25.36,32.87,-0.36,1,1631,1610,NE
1175132.190,X_LEG_1,25.36,32.87,-0.36,1,1631,1610,NE
1175132.210,X_LEG_1,25.36,32.87,-0.36,1,1631,1610,NE
1175132.231,X_LEG_1,25.36,32.87,-0.36,1,1631,1610,NE
1175132.251,X_LEG_1,25.36,32.87,-0.36,1,1631,1610,NE
1175132.273,X_LEG_1,25.36,32.87,-0.36,1,1631,1610,NE
1175132.294,X_LEG_1,25.36,32.87,-0.36,1,1631,1610,NE
1175132.314,X_LEG_1,25.36,32.87,-0.36,1,1631,1610,NE
1175132.335,X_LEG_1,25.36,32.87,-0.36,1,1631,1610,NE
1175132.355,X_LEG_1,25.36,32.87,-0.36,1,1631,1610,NE
1175132.376,X_LEG_1,25.31,32.78,-0.37,1,1631,1611,NE
1175132.396,X_LEG_1,25.31,32.78,-0.37,1,1631,1611,NE
1175132.417,X_LEG_1,25.31,32.78,-0.37,1,1631,1611,NE
1175132.437,X_LEG_1,25.31,32.78,-0.37,1,1631,1611,NE
1175132.458,X_LEG_1,25.31,32.78,-0.37,1,1631,1611,NE
1175132.478,X_LEG_1,25.27,32.69,-0.37,1,1631,1611,NE
1175132.498,X_LEG_1,25.27,32.69,-0.37,1,1631,1611,NE
1175132.519,X_LEG_1,25.27,32.69,-0.37,1,1631,1611,NE
1175132.539,X_LEG_1,25.27,32.69,-0.37,1,1631,1611,NE
1175132.559,X_LEG_1,25.27,32.69,-0.37,1,1631,1611,NE
1175132.580,X_LEG_1,25.22,32.61,-0.38,1,1630,1611,NE
1175132.600,X_LEG_1,25.22,32.61,-0.38,1,1630,1611,NE
1175132.621,X_LEG_1,25.22,32.61,-0.38,1,1630,1611,NE
1175132.641,X_LEG_1,25.22,32.61,-0.38,1,1630,1611,NE
1175132.661,X_LEG_1,25.22,32.61,-0.38,1,1630,1611,NE
1175132.682,X_LEG_1,25.17,32.52,-0.40,1,1630,1611,NE
1175132.703,X_LEG_1,25.17,32.52,-0.40,1,1630,1611,NE
1175132.723,X_LEG_1,25.17,32.52,-0.40,1,1630,1611,NE
1175132.744,X_LEG_1,25.17,32.52,-0.40,1,1630,1611,NE
1175132.764,X_LEG_1,25.17,32.52,-0.40,1,1630,1611,NE
1175132.785,X_LEG_1,25.12,32.43,-0.41,1,1630,1611,NE
1175132.806,X_LEG_1,25.12,32.43,-0.41,1,1630,1611,NE
1175132.826,X_LEG_1,25.12,32.43,-0.41,1,1630,1611,NE
1175132.847,X_LEG_1,25.12,32.43,-0.41,1,1630,1611,NE
1175132.868,X_LEG_1,25.12,32.43,-0.41,1,1630,1611,NE
1175132.888,X_LEG_1,25.07,32.34,-0.42,1,1629,1611,NE
1175132.909,X_LEG_1,25.07,32.34,-0.42,1,1629,1611,NE
1175132.929,X_LEG_1,25.07,32.34,-0.42,1,1629,1611,NE
1175132.950,X_LEG_1,25.07,32.34,-0.42,1,1629,1611,NE
1175132.970,X_LEG_1,25.07,32.34,-0.42,1,1629,1611,NE
1175132.991,X_LEG_1,25.02,32.25,-0.44,1,1629,1611,NE
1175133.011,X_LEG_1,25.02,32.25,-0.44,1,1629,1611,NE
1175133.032,X_LEG_1,25.02,32.25,-0.44,1,1629,1611,NE
1175133.052,X_LEG_1,25.02,32.25,-0.44,1,1629,1611,NE
1175133.073,X_LEG_1,25.02,32.25,-0.44,1,1629,1611,NE
1175133.093,X_LEG_1,24.96,32.17,-0.45,1,1629,1612,NE
1175133.113,X_LEG_1,24.96,32.17,-0.45,1,1629,1612,NE
1175133.134,X_LEG_1,24.96,32.17,-0.45,1,1629,1612,NE
1175133.155,X_LEG_1,24.96,32.17,-0.45,1,1629,1612,NE
1175133.175,X_LEG_1,24.96,32.17,-0.45,1,1629,1612,NE
1175133.196,X_LEG_1,24.91,32.08,-0.45,1,1628,1612,NE
1175133.216,X_LEG_1,24.91,32.08,-0.45,1,1628,1612,NE
1175133.236,X_LEG_1,24.91,32.08,-0.45,1,1628,1612,NE
1175133.257,X_LEG_1,24.91,32.08,-0.45,1,1628,1612,NE
1175133.277,X_LEG_1,24.91,32.08,-0.45,1,1628,1612,NE
1175133.298,X_LEG_1,24.85,31.99,-0.47,1,1628,1612,NE
1175133.318,X_LEG_1,24.85,31.99,-0.47,1,1628,1612,NE
1175133.339,X_LEG_1,24.85,31.99,-0.47,1,1628,1612,NE
1175133.359,X_LEG_1,24.85,31.99,-0.47,1,1628,1612,NE
1175133.380,X_LEG_1,24.85,31.99,-0.47,1,1628,1612,NE
1175133.400,X_LEG_1,24.79,31.91,-0.49,1,1628,1612,NE
1175133.420,X_LEG_1,24.79,31.91,-0.49,1,1628,1612,NE
1175133.442,X_LEG_1,24.79,31.91,-0.49,1,1628,1612,NE
1175133.462,X_LEG_1,24.79,31.91,-0.49,1,1628,1612,NE
1175133.483,X_LEG_1,24.79,31.91,-0.49,1,1628,1612,NE
1175133.504,X_LEG_1,24.79,31.91,-0.49,1,1628,1612,NE
1175133.524,X_LEG_1,24.79,31.91,-0.49,1,1628,1612,NE
1175133.545,X_LEG_1,24.79,31.91,-0.49,1,1628,1612,NE
1175133.566,X_LEG_1,24.79,31.91,-0.49,1,1628,1612,NE
1175133.586,X_LEG_1,24.79,31.91,-0.49,1,1628,1612,NE
1175133.607,X_LEG_1,24.73,31.82,-0.50,1,1627,1612,NE
1175133.627,X_LEG_1,24.73,31.82,-0.50,1,1627,1612,NE
1175133.648,X_LEG_1,24.73,31.82,-0.50,1,1627,1612,NE
1175133.668,X_LEG_1,24.73,31.82,-0.50,1,1627,1612,NE
1175133.689,X_LEG_1,24.73,31.82,-0.50,1,1627,1612,NE
1175133.709,X_LEG_1,24.67,31.73,-0.50,1,1627,1612,NE
1175133.729,X_LEG_1,24.67,31.73,-0.50,1,1627,1612,NE
1175133.749,X_LEG_1,24.67,31.73,-0.50,1,1627,1612,NE
1175133.770,X_LEG_1,24.67,31.73,-0.50,1,1627,1612,NE
1175133.790,X_LEG_1,24.67,31.73,-0.50,1,1627,1612,NE
1175133.811,X_LEG_1,24.61,31.64,-0.52,1,1627,1613,NE
1175133.831,X_LEG_1,24.61,31.64,-0.52,1,1627,1613,NE
1175133.852,X_LEG_1,24.61,31.64,-0.52,1,1627,1613,NE
1175133.873,X_LEG_1,24.61,31.64,-0.52,1,1627,1613,NE
1175133.894,X_LEG_1,24.61,31.64,-0.52,1,1627,1613,NE
1175133.914,X_LEG_1,24.55,31.56,-0.53,1,1626,1613,NE
1175133.934,X_LEG_1,24.55,31.56,-0.53,1,1626,1613,NE
1175133.956,X_LEG_1,24.55,31.56,-0.53,1,1626,1613,NE
1175133.976,X_LEG_1,24.55,31.56,-0.53,1,1626,1613,NE
1175133.997,X_LEG_1,24.55,31.56,-0.53,1,1626,1613,NE
1175134.017,X_LEG_1,24.48,31.48,-0.55,1,1626,1613,NE
1175134.038,X_LEG_1,24.48,31.48,-0.55,1,1626,1613,NE
1175134.058,X_LEG_1,24.48,31.48,-0.55,1,1626,1613,NE
1175134.079,X_LEG_1,24.48,31.48,-0.55,1,1626,1613,NE
1175134.100,X_LEG_1,24.48,31.48,-0.55,1,1626,1613,NE
1175134.120,X_LEG_1,24.42,31.38,-0.55,1,1626,1613,NE
1175134.141,X_LEG_1,24.42,31.38,-0.55,1,1626,1613,NE
1175134.161,X_LEG_1,24.42,31.38,-0.55,1,1626,1613,NE
1175134.181,X_LEG_1,24.42,31.38,-0.55,1,1626,1613,NE
1175134.202,X_LEG_1,24.42,31.38,-0.55,1,1626,1613,NE
1175134.223,X_LEG_1,24.35,31.30,-0.56,1,1625,1613,NE
1175134.243,X_LEG_1,24.35,31.30,-0.56,1,1625,1613,NE
1175134.264,X_LEG_1,24.35,31.30,-0.56,1,1625,1613,NE
1175134.284,X_LEG_1,24.35,31.30,-0.56,1,1625,1613,NE
1175134.305,X_LEG_1,24.35,31.30,-0.56,1,1625,1613,NE
1175134.325,X_LEG_1,24.28,31.22,-0.58,1,1625,1614,NE
1175134.346,X_LEG_1,24.28,31.22,-0.58,1,1625,1614,NE
1175134.366,X_LEG_1,24.28,31.22,-0.58,1,1625,1614,NE
1175134.387,X_LEG_1,24.28,31.22,-0.58,1,1625,1614,NE
1175134.407,X_LEG_1,24.28,31.22,-0.58,1,1625,1614,NE
1175134.427,X_LEG_1,24.21,31.13,-0.60,1,1625,1614,NE
1175134.448,X_LEG_1,24.21,31.13,-0.60,1,1625,1614,NE
1175134.468,X_LEG_1,24.21,31.13,-0.60,1,1625,1614,NE
1175134.489,X_LEG_1,24.21,31.13,-0.60,1,1625,1614,NE
1175134.509,X_LEG_1,24.21,31.13,-0.60,1,1625,1614,NE
1175134.529,X_LEG_1,24.21,31.13,-0.60,1,1625,1614,NE
1175134.550,X_LEG_1,24.21,31.13,-0.60,1,1625,1614,NE
1175134.571,X_LEG_1,24.21,31.13,-0.60,1,1625,1614,NE
1175134.591,X_LEG_1,24.21,31.13,-0.60,1,1625,1614,NE
1175134.612,X_LEG_1,24.21,31.13,-0.60,1,1625,1614,NE
1175134.632,X_LEG_1,24.14,31.05,-0.60,1,1624,1614,NE
1175134.653,X_LEG_1,24.14,31.05,-0.60,1,1624,1614,NE
1175134.673,X_LEG_1,24.14,31.05,-0.60,1,1624,1614,NE
1175134.694,X_LEG_1,24.14,31.05,-0.60,1,1624,1614,NE
1175134.714,X_LEG_1,24.14,31.05,-0.60,1,1624,1614,NE
1175134.735,X_LEG_1,24.03,30.92,-0.62,1,1624,1614,NE
1175134.755,X_LEG_1,24.03,30.92,-0.62,1,1624,1614,NE
1175134.776,X_LEG_1,24.03,30.92,-0.62,1,1624,1614,NE
1175134.796,X_LEG_1,24.03,30.92,-0.62,1,1624,1614,NE
1175134.817,X_LEG_1,24.03,30.92,-0.62,1,1624,1614,NE
1175134.837,X_LEG_1,23.96,30.84,-0.63,1,1623,1615,NE
1175134.857,X_LEG_1,23.96,30.84,-0.63,1,1623,1615,NE
1175134.878,X_LEG_1,23.96,30.84,-0.63,1,1623,1615,NE
1175134.898,X_LEG_1,23.96,30.84,-0.63,1,1623,1615,NE
1175134.919,X_LEG_1,23.96,30.84,-0.63,1,1623,1615,NE
1175134.939,X_LEG_1,23.88,30.74,-0.64,1,1623,1615,NE
1175134.960,X_LEG_1,23.88,30.74,-0.64,1,1623,1615,NE
1175134.981,X_LEG_1,23.88,30.74,-0.64,1,1623,1615,NE
1175135.002,X_LEG_1,23.88,30.74,-0.64,1,1623,1615,NE
1175135.022,X_LEG_1,23.88,30.74,-0.64,1,1623,1615,NE
1175135.043,X_LEG_1,23.81,30.66,-0.65,1,1623,1615,NE
1175135.063,X_LEG_1,23.81,30.66,-0.65,1,1623,1615,NE
1175135.084,X_LEG_1,23.81,30.66,-0.65,1,1623,1615,NE
1175135.104,X_LEG_1,23.81,30.66,-0.65,1,1623,1615,NE
1175135.124,X_LEG_1,23.81,30.66,-0.65,1,1623,1615,NE
1175135.145,X_LEG_1,23.73,30.57,-0.67,1,1622,1615,NE
1175135.165,X_LEG_1,23.73,30.57,-0.67,1,1622,1615,NE
1175135.186,X_LEG_1,23.73,30.57,-0.67,1,1622,1615,NE
1175135.206,X_LEG_1,23.73,30.57,-0.67,1,1622,1615,NE
1175135.227,X_LEG_1,23.73,30.57,-0.67,1,1622,1615,NE
1175135.247,X_LEG_1,23.73,30.57,-0.67,1,1622,1615,NE
1175135.268,X_LEG_1,23.73,30.57,-0.67,1,1622,1615,NE
1175135.288,X_LEG_1,23.73,30.57,-0.67,1,1622,1615,NE
1175135.309,X_LEG_1,23.73,30.57,-0.67,1,1622,1615,NE
1175135.329,X_LEG_1,23.73,30.57,-0.67,1,1622,1615,NE
1175135.350,X_LEG_1,23.65,30.49,-0.67,1,1622,1616,NE
1175135.370,X_LEG_1,23.65,30.49,-0.67,1,1622,1616,NE
1175135.391,X_LEG_1,23.65,30.49,-0.67,1,1622,1616,NE
1175135.411,X_LEG_1,23.65,30.49,-0.67,1,1622,1616,NE
1175135.432,X_LEG_1,23.65,30.49,-0.67,1,1622,1616,NE
1175135.452,X_LEG_1,23.57,30.41,-0.69,1,1622,1616,NE
1175135.473,X_LEG_1,23.57,30.41,-0.69,1,1622,1616,NE
1175135.493,X_LEG_1,23.57,30.41,-0.69,1,1622,1616,NE
1175135.514,X_LEG_1,23.57,30.41,-0.69,1,1622,1616,NE
1175135.534,X_LEG_1,23.57,30.41,-0.69,1,1622,1616,NE
1175135.555,X_LEG_1,23.49,30.33,-0.70,1,1621,1616,NE
1175135.575,X_LEG_1,23.49,30.33,-0.70,1,1621,1616,NE
1175135.596,X_LEG_1,23.49,30.33,-0.70,1,1621,1616,NE
1175135.616,X_LEG_1,23.49,30.33,-0.70,1,1621,1616,NE
1175135.637,X_LEG_1,23.49,30.33,-0.70,1,1621,1616,NE
1175135.657,X_LEG_1,23.40,30.24,-0.72,1,1621,1616,NE
1175135.677,X_LEG_1,23.40,30.24,-0.72,1,1621,1616,NE
1175135.698,X_LEG_1,23.40,30.24,-0.72,1,1621,1616,NE
1175135.718,X_LEG_1,23.40,30.24,-0.72,1,1621,1616,NE
1175135.739,X_LEG_1,23.40,30.24,-0.72,1,1621,1616,NE
1175135.759,X_LEG_1,23.32,30.15,-0.71,1,1621,1617,NE
1175135.780,X_LEG_1,23.32,30.15,-0.71,1,1621,1617,NE
1175135.800,X_LEG_1,23.32,30.15,-0.71,1,1621,1617,NE
1175135.821,X_LEG_1,23.32,30.15,-0.71,1,1621,1617,NE
1175135.841,X_LEG_1,23.32,30.15,-0.71,1,1621,1617,NE
1175135.862,X_LEG_1,23.23,30.07,-0.73,1,1620,1617,NE
1175135.883,X_LEG_1,23.23,30.07,-0.73,1,1620,1617,NE
1175135.903,X_LEG_1,23.23,30.07,-0.73,1,1620,1617,NE
1175135.923,X_LEG_1,23.23,30.07,-0.73,1,1620,1617,NE
1175135.944,X_LEG_1,23.23,30.07,-0.73,1,1620,1617,NE
1175135.965,X_LEG_1,23.15,29.99,-0.74,1,1620,1617,NE
1175135.985,X_LEG_1,23.15,29.99,-0.74,1,1620,1617,NE
1175136.006,X_LEG_1,23.15,29.99,-0.74,1,1620,1617,NE
1175136.026,X_LEG_1,23.15,29.99,-0.74,1,1620,1617,NE
1175136.047,X_LEG_1,23.15,29.99,-0.74,1,1620,1617,NE
1175136.067,X_LEG_1,23.06,29.90,-0.76,1,1620,1617,NE
1175136.087,X_LEG_1,23.06,29.90,-0.76,1,1620,1617,NE
1175136.107,X_LEG_1,23.06,29.90,-0.76,1,1620,1617,NE
1175136.128,X_LEG_1,23.06,29.90,-0.76,1,1620,1617,NE
1175136.148,X_LEG_1,23.06,29.90,-0.76,1,1620,1617,NE
1175136.169,X_LEG_1,22.97,29.82,-0.77,1,1619,1618,NE
1175136.189,X_LEG_1,22.97,29.82,-0.77,1,1619,1618,NE
1175136.210,X_LEG_1,22.97,29.82,-0.77,1,1619,1618,NE
1175136.230,X_LEG_1,22.97,29.82,-0.77,1,1619,1618,NE
1175136.251,X_LEG_1,22.97,29.82,-0.77,1,1619,1618,NE
1175136.271,X_LEG_1,22.88,29.74,-0.78,1,1619,1618,NE
1175136.292,X_LEG_1,22.88,29.74,-0.78,1,1619,1618,NE
1175136.312,X_LEG_1,22.88,29.74,-0.78,1,1619,1618,NE
1175136.333,X_LEG_1,22.88,29.74,-0.78,1,1619,1618,NE
1175136.353,X_LEG_1,22.88,29.74,-0.78,1,1619,1618,NE
1175136.374,X_LEG_1,22.88,29.74,-0.78,1,1619,1618,NE
1175136.394,X_LEG_1,22.88,29.74,-0.78,1,1619,1618,NE
1175136.414,X_LEG_1,22.88,29.74,-0.78,1,1619,1618,NE
1175136.435,X_LEG_1,22.88,29.74,-0.78,1,1619,1618,NE
1175136.455,X_LEG_1,22.88,29.74,-0.78,1,1619,1618,NE
1175136.476,X_LEG_1,22.79,29.65,-0.80,1,1619,1618,NE
1175136.496,X_LEG_1,22.79,29.65,-0.80,1,1619,1618,NE
1175136.517,X_LEG_1,22.79,29.65,-0.80,1,1619,1618,NE
1175136.537,X_LEG_1,22.79,29.65,-0.80,1,1619,1618,NE
1175136.558,X_LEG_1,22.79,29.65,-0.80,1,1619,1618,NE
1175136.578,X_LEG_1,22.70,29.57,-0.81,1,1618,1618,NE
1175136.599,X_LEG_1,22.70,29.57,-0.81,1,1618,1618,NE
1175136.619,X_LEG_1,22.70,29.57,-0.81,1,1618,1618,NE
1175136.640,X_LEG_1,22.70,29.57,-0.81,1,1618,1618,NE
1175136.660,X_LEG_1,22.70,29.57,-0.81,1,1618,1618,NE
1175136.681,X_LEG_1,22.60,29.49,-0.82,1,1618,1619,NE
1175136.701,X_LEG_1,22.60,29.49,-0.82,1,1618,1619,NE
1175136.722,X_LEG_1,22.60,29.49,-0.82,1,1618,1619,NE
1175136.743,X_LEG_1,22.60,29.49,-0.82,1,1618,1619,NE
1175136.763,X_LEG_1,22.60,29.49,-0.82,1,1618,1619,NE
1175136.783,X_LEG_1,22.51,29.40,-0.84,1,1618,1619,NE
1175136.804,X_LEG_1,22.51,29.40,-0.84,1,1618,1619,NE
1175136.824,X_LEG_1,22.51,29.40,-0.84,1,1618,1619,NE
1175136.844,X_LEG_1,22.51,29.40,-0.84,1,1618,1619,NE
1175136.865,X_LEG_1,22.51,29.40,-0.84,1,1618,1619,NE
1175136.885,X_LEG_1,22.41,29.32,-0.85,1,1617,1619,NE
1175136.906,X_LEG_1,22.41,29.32,-0.85,1,1617,1619,NE
1175136.926,X_LEG_1,22.41,29.32,-0.85,1,1617,1619,NE
1175136.947,X_LEG_1,22.41,29.32,-0.85,1,1617,1619,NE
1175136.967,X_LEG_1,22.41,29.32,-0.85,1,1617,1619,NE
1175136.988,X_LEG_1,22.31,29.24,-0.86,1,1617,1620,NE
1175137.008,X_LEG_1,22.31,29.24,-0.86,1,1617,1620,NE
1175137.029,X_LEG_1,22.31,29.24,-0.86,1,1617,1620,NE
1175137.049,X_LEG_1,22.31,29.24,-0.86,1,1617,1620,NE
1175137.070,X_LEG_1,22.31,29.24,-0.86,1,1617,1620,NE
1175137.090,X_LEG_1,22.22,29.16,-0.88,1,1617,1620,NE
1175137.111,X_LEG_1,22.22,29.16,-0.88,1,1617,1620,NE
1175137.132,X_LEG_1,22.22,29.16,-0.88,1,1617,1620,NE
1175137.152,X_LEG_1,22.22,29.16,-0.88,1,1617,1620,NE
1175137.173,X_LEG_1,22.22,29.16,-0.88,1,1617,1620,NE
1175137.193,X_LEG_1,22.12,29.08,-0.89,1,1616,1620,NE
1175137.213,X_LEG_1,22.12,29.08,-0.89,1,1616,1620,NE
1175137.234,X_LEG_1,22.12,29.08,-0.89,1,1616,1620,NE
1175137.255,X_LEG_1,22.12,29.08,-0.89,1,1616,1620,NE
1175137.276,X_LEG_1,22.12,29.08,-0.89,1,1616,1620,NE
1175137.296,X_LEG_1,22.02,29.00,-0.90,1,1616,1620,NE
1175137.318,X_LEG_1,22.02,29.00,-0.90,1,1616,1620,NE
1175137.338,X_LEG_1,22.02,29.00,-0.90,1,1616,1620,NE
1175137.358,X_LEG_1,22.02,29.00,-0.90,1,1616,1620,NE
1175137.379,X_LEG_1,22.02,29.00,-0.90,1,1616,1620,NE
1175137.399,X_LEG_1,21.91,28.92,-0.91,1,1616,1621,NE
1175137.420,X_LEG_1,21.91,28.92,-0.91,1,1616,1621,NE
1175137.440,X_LEG_1,21.91,28.92,-0.91,1,1616,1621,NE
1175137.461,X_LEG_1,21.91,28.92,-0.91,1,1616,1621,NE
1175137.481,X_LEG_1,21.91,28.92,-0.91,1,1616,1621,NE
1175137.502,X_LEG_1,21.81,28.83,-0.93,1,1615,1621,NE
1175137.522,X_LEG_1,21.81,28.83,-0.93,1,1615,1621,NE
1175137.543,X_LEG_1,21.81,28.83,-0.93,1,1615,1621,NE
1175137.563,X_LEG_1,21.81,28.83,-0.93,1,1615,1621,NE
1175137.584,X_LEG_1,21.81,28.83,-0.93,1,1615,1621,NE
1175137.604,X_LEG_1,21.71,28.75,-0.94,1,1615,1621,NE
1175137.624,X_LEG_1,21.71,28.75,-0.94,1,1615,1621,NE
1175137.645,X_LEG_1,21.71,28.75,-0.94,1,1615,1621,NE
1175137.665,X_LEG_1,21.71,28.75,-0.94,1,1615,1621,NE
1175137.686,X_LEG_1,21.71,28.75,-0.94,1,1615,1621,NE
1175137.706,X_LEG_1,21.71,28.75,-0.94,1,1615,1621,NE
1175137.727,X_LEG_1,21.71,28.75,-0.94,1,1615,1621,NE
1175137.748,X_LEG_1,21.71,28.75,-0.94,1,1615,1621,NE
1175137.768,X_LEG_1,21.71,28.75,-0.94,1,1615,1621,NE
1175137.789,X_LEG_1,21.71,28.75,-0.94,1,1615,1621,NE
1175137.809,X_LEG_1,21.60,28.67,-0.95,1,1615,1622,NE
1175137.830,X_LEG_1,21.60,28.67,-0.95,1,1615,1622,NE
1175137.850,X_LEG_1,21.60,28.67,-0.95,1,1615,1622,NE
1175137.871,X_LEG_1,21.60,28.67,-0.95,1,1615,1622,NE
1175137.891,X_LEG_1,21.60,28.67,-0.95,1,1615,1622,NE
1175137.912,X_LEG_1,21.60,28.59,-0.95,1,1614,1622,NE
1175137.932,X_LEG_1,21.50,28.59,-0.95,1,1614,1622,NE
1175137.953,X_LEG_1,21.50,28.59,-0.95,1,1614,1622,NE
1175137.973,X_LEG_1,21.50,28.59,-0.95,1,1614,1622,NE
1175137.994,X_LEG_1,21.50,28.59,-0.95,1,1614,1622,NE
1175138.014,X_LEG_1,21.39,28.51,-0.96,1,1614,1622,NE
1175138.035,X_LEG_1,21.39,28.51,-0.96,1,1614,1622,NE
1175138.055,X_LEG_1,21.39,28.51,-0.96,1,1614,1622,NE
1175138.075,X_LEG_1,21.39,28.51,-0.96,1,1614,1622,NE
1175138.096,X_LEG_1,21.39,28.51,-0.96,1,1614,1622,NE
1175138.117,X_LEG_1,21.28,28.43,-0.97,1,1614,1623,NE
1175138.137,X_LEG_1,21.28,28.43,-0.97,1,1614,1623,NE
1175138.158,X_LEG_1,21.28,28.43,-0.97,1,1614,1623,NE
1175138.179,X_LEG_1,21.28,28.43,-0.97,1,1614,1623,NE
1175138.199,X_LEG_1,21.28,28.43,-0.97,1,1614,1623,NE
1175138.219,X_LEG_1,21.17,28.35,-0.98,1,1613,1623,NE
1175138.240,X_LEG_1,21.17,28.35,-0.98,1,1613,1623,NE
1175138.261,X_LEG_1,21.17,28.35,-0.98,1,1613,1623,NE
1175138.281,X_LEG_1,21.17,28.35,-0.98,1,1613,1623,NE
1175138.302,X_LEG_1,21.17,28.35,-0.98,1,1613,1623,NE
1175138.322,X_LEG_1,21.06,28.27,-0.99,1,1613,1623,NE
1175138.342,X_LEG_1,21.06,28.27,-0.99,1,1613,1623,NE
1175138.363,X_LEG_1,21.06,28.27,-0.99,1,1613,1623,NE
1175138.383,X_LEG_1,21.06,28.27,-0.99,1,1613,1623,NE
1175138.404,X_LEG_1,21.06,28.27,-0.99,1,1613,1623,NE
1175138.424,X_LEG_1,20.95,28.18,-1.02,1,1613,1624,NE
1175138.444,X_LEG_1,20.95,28.18,-1.02,1,1613,1624,NE
1175138.465,X_LEG_1,20.95,28.18,-1.02,1,1613,1624,NE
1175138.485,X_LEG_1,20.95,28.18,-1.02,1,1613,1624,NE
1175138.505,X_LEG_1,20.95,28.18,-1.02,1,1613,1624,NE
1175138.526,X_LEG_1,20.84,28.10,-1.03,1,1612,1624,NE
1175138.547,X_LEG_1,20.84,28.10,-1.03,1,1612,1624,NE
1175138.567,X_LEG_1,20.84,28.10,-1.03,1,1612,1624,NE
1175138.588,X_LEG_1,20.84,28.10,-1.03,1,1612,1624,NE
1175138.608,X_LEG_1,20.84,28.10,-1.03,1,1612,1624,NE
1175138.628,X_LEG_1,20.73,28.03,-1.05,1,1612,1624,NE
1175138.649,X_LEG_1,20.73,28.03,-1.05,1,1612,1624,NE
1175138.670,X_LEG_1,20.73,28.03,-1.05,1,1612,1624,NE
1175138.690,X_LEG_1,20.73,28.03,-1.05,1,1612,1624,NE
1175138.711,X_LEG_1,20.73,28.03,-1.05,1,1612,1624,NE
1175138.731,X_LEG_1,20.61,27.95,-1.06,1,1612,1625,NE
1175138.752,X_LEG_1,20.61,27.95,-1.06,1,1612,1625,NE
1175138.772,X_LEG_1,20.61,27.95,-1.06,1,1612,1625,NE
1175138.793,X_LEG_1,20.61,27.95,-1.06,1,1612,1625,NE
1175138.813,X_LEG_1,20.61,27.95,-1.06,1,1612,1625,NE
1175138.834,X_LEG_1,20.50,27.87,-1.07,1,1611,1625,NE
1175138.854,X_LEG_1,20.50,27.87,-1.07,1,1611,1625,NE
1175138.875,X_LEG_1,20.50,27.87,-1.07,1,1611,1625,NE
1175138.895,X_LEG_1,20.50,27.87,-1.07,1,1611,1625,NE
1175138.915,X_LEG_1,20.50,27.87,-1.07,1,1611,1625,NE
1175138.936,X_LEG_1,20.38,27.79,-1.08,1,1611,1625,NE
1175138.956,X_LEG_1,20.38,27.79,-1.08,1,1611,1625,NE
1175138.977,X_LEG_1,20.38,27.79,-1.08,1,1611,1625,NE
1175138.997,X_LEG_1,20.38,27.79,-1.08,1,1611,1625,NE
1175139.018,X_LEG_1,20.38,27.79,-1.08,1,1611,1625,NE
1175139.038,X_LEG_1,20.15,27.71,-1.08,1,1611,1626,NE
1175139.059,X_LEG_1,20.15,27.71,-1.08,1,1611,1626,NE
1175139.079,X_LEG_1,20.15,27.71,-1.08,1,1611,1626,NE
1175139.100,X_LEG_1,20.15,27.71,-1.08,1,1611,1626,NE
1175139.120,X_LEG_1,20.15,27.71,-1.08,1,1611,1626,NE
1175139.140,X_LEG_1,20.15,27.63,-1.09,1,1611,1626,NE
1175139.161,X_LEG_1,20.15,27.63,-1.09,1,1611,1626,NE
1175139.182,X_LEG_1,20.15,27.63,-1.09,1,1611,1626,NE
1175139.202,X_LEG_1,20.15,27.63,-1.09,1,1611,1626,NE
1175139.222,X_LEG_1,20.15,27.63,-1.09,1,1611,1626,NE
1175139.243,X_LEG_1,20.03,27.56,-1.11,1,1610,1626,NE
1175139.266,X_LEG_1,20.03,27.56,-1.11,1,1610,1626,NE
1175139.286,X_LEG_1,20.03,27.56,-1.11,1,1610,1626,NE
1175139.307,X_LEG_1,20.03,27.56,-1.11,1,1610,1626,NE
1175139.327,X_LEG_1,20.03,27.56,-1.11,1,1610,1626,NE
1175139.348,X_LEG_1,19.91,27.48,-1.12,1,1610,1627,NE
1175139.368,X_LEG_1,19.91,27.48,-1.12,1,1610,1627,NE
1175139.389,X_LEG_1,19.91,27.48,-1.12,1,1610,1627,NE
1175139.409,X_LEG_1,19.91,27.48,-1.12,1,1610,1627,NE
1175139.430,X_LEG_1,19.91,27.48,-1.12,1,1610,1627,NE
1175139.451,X_LEG_1,19.91,27.48,-1.12,1,1610,1627,NE
1175139.471,X_LEG_1,19.91,27.48,-1.12,1,1610,1627,NE
1175139.492,X_LEG_1,19.91,27.48,-1.12,1,1610,1627,NE
1175139.512,X_LEG_1,19.91,27.48,-1.12,1,1610,1627,NE
1175139.533,X_LEG_1,19.91,27.48,-1.12,1,1610,1627,NE
1175139.553,X_LEG_1,19.73,27.36,-1.14,1,1609,1627,NE
1175139.574,X_LEG_1,19.73,27.36,-1.14,1,1609,1627,NE
1175139.594,X_LEG_1,19.73,27.36,-1.14,1,1609,1627,NE
1175139.615,X_LEG_1,19.73,27.36,-1.14,1,1609,1627,NE
1175139.635,X_LEG_1,19.73,27.36,-1.14,1,1609,1627,NE
1175139.656,X_LEG_1,19.60,27.28,-1.15,1,1609,1628,NE
1175139.676,X_LEG_1,19.60,27.28,-1.15,1,1609,1628,NE
1175139.696,X_LEG_1,19.60,27.28,-1.15,1,1609,1628,NE
1175139.717,X_LEG_1,19.60,27.28,-1.15,1,1609,1628,NE
1175139.737,X_LEG_1,19.60,27.28,-1.15,1,1609,1628,NE
1175139.758,X_LEG_1,19.48,27.20,-1.16,1,1609,1628,NE
1175139.778,X_LEG_1,19.48,27.20,-1.16,1,1609,1628,NE
1175139.798,X_LEG_1,19.48,27.20,-1.16,1,1609,1628,NE
1175139.819,X_LEG_1,19.48,27.20,-1.16,1,1609,1628,NE
1175139.840,X_LEG_1,19.48,27.20,-1.16,1,1609,1628,NE
1175139.860,X_LEG_1,19.36,27.12,-0.17,1,1608,1628,NE
1175139.881,X_LEG_1,19.36,27.12,-0.17,1,1608,1628,NE
1175139.901,X_LEG_1,19.36,27.12,-0.17,1,1608,1628,NE
1175139.921,X_LEG_1,19.36,27.12,-0.17,1,1608,1628,NE
1175139.942,X_LEG_1,19.36,27.12,-0.17,1,1608,1628,NE
1175139.962,X_LEG_1,19.23,27.05,-0.20,1,1608,1629,NE
1175139.982,X_LEG_1,19.23,27.05,-0.20,1,1608,1629,NE
1175140.003,X_LEG_1,19.23,27.05,-0.20,1,1608,1629,NE
1175140.024,X_LEG_1,19.23,27.05,-0.20,1,1608,1629,NE
1175140.044,X_LEG_1,19.23,27.05,-0.20,1,1608,1629,NE
1175140.064,X_LEG_1,19.11,27.05,-0.20,1,1608,1629,NE
1175140.085,X_LEG_1,19.11,27.05,-0.20,1,1608,1629,NE
1175140.105,X_LEG_1,19.11,27.05,-0.20,1,1608,1629,NE
1175140.126,X_LEG_1,19.11,27.05,-0.20,1,1608,1629,NE
1175140.147,X_LEG_1,19.11,27.05,-0.20,1,1608,1629,NE
1175140.167,X_LEG_1,19.11,26.98,-0.20,1,1608,1629,NE
1175140.188,X_LEG_1,19.11,26.98,-0.20,1,1608,1629,NE
1175140.208,X_LEG_1,19.11,26.98,-0.20,1,1608,1629,NE
1175140.228,X_LEG_1,19.11,26.98,-0.20,1,1608,1629,NE
1175140.249,X_LEG_1,19.11,26.98,-0.20,1,1608,1629,NE
1175140.269,X_LEG_1,18.98,26.90,-0.21,1,1608,1630,NE
1175140.290,X_LEG_1,18.98,26.90,-0.21,1,1608,1630,NE
1175140.310,X_LEG_1,18.98,26.90,-0.21,1,1608,1630,NE
1175140.331,X_LEG_1,18.98,26.90,-0.21,1,1608,1630,NE
1175140.351,X_LEG_1,18.98,26.90,-0.21,1,1608,1630,NE
1175140.372,X_LEG_1,18.85,26.82,-0.24,1,1607,1630,NE
1175140.392,X_LEG_1,18.85,26.82,-0.24,1,1607,1630,NE
1175140.413,X_LEG_1,18.85,26.82,-0.24,1,1607,1630,NE
1175140.433,X_LEG_1,18.85,26.82,-0.24,1,1607,1630,NE
1175140.454,X_LEG_1,18.85,26.82,-0.24,1,1607,1630,NE
1175140.474,X_LEG_1,18.72,26.74,-0.25,1,1607,1630,NE
1175140.495,X_LEG_1,18.72,26.74,-0.25,1,1607,1630,NE
1175140.515,X_LEG_1,18.72,26.74,-0.25,1,1607,1630,NE
1175140.536,X_LEG_1,18.72,26.74,-0.25,1,1607,1630,NE
1175140.556,X_LEG_1,18.72,26.74,-0.25,1,1607,1630,NE
1175140.577,X_LEG_1,18.59,26.67,-0.24,1,1607,1631,NE
1175140.598,X_LEG_1,18.59,26.67,-0.24,1,1607,1631,NE
1175140.618,X_LEG_1,18.59,26.67,-0.24,1,1607,1631,NE
1175140.638,X_LEG_1,18.59,26.67,-0.24,1,1607,1631,NE
1175140.658,X_LEG_1,18.59,26.67,-0.24,1,1607,1631,NE
1175140.679,X_LEG_1,18.47,26.60,-0.27,1,1606,1631,NE
1175140.699,X_LEG_1,18.47,26.60,-0.27,1,1606,1631,NE
1175140.720,X_LEG_1,18.47,26.60,-0.27,1,1606,1631,NE
1175140.741,X_LEG_1,18.47,26.60,-0.27,1,1606,1631,NE
1175140.761,X_LEG_1,18.47,26.60,-0.27,1,1606,1631,NE
1175140.782,X_LEG_1,18.33,26.51,-0.28,1,1606,1632,NE
1175140.802,X_LEG_1,18.33,26.51,-0.28,1,1606,1632,NE
1175140.823,X_LEG_1,18.33,26.51,-0.28,1,1606,1632,NE
1175140.843,X_LEG_1,18.33,26.51,-0.28,1,1606,1632,NE
1175140.863,X_LEG_1,18.33,26.51,-0.28,1,1606,1632,NE
1175140.884,X_LEG_1,18.20,26.51,-0.28,1,1606,1632,NE
1175140.905,X_LEG_1,18.20,26.51,-0.28,1,1606,1632,NE
1175140.925,X_LEG_1,18.20,26.51,-0.28,1,1606,1632,NE
1175140.946,X_LEG_1,18.20,26.51,-0.28,1,1606,1632,NE
1175140.966,X_LEG_1,18.20,26.51,-0.28,1,1606,1632,NE
1175140.987,X_LEG_1,18.07,26.37,-0.31,1,1605,1632,NE
1175141.007,X_LEG_1,18.07,26.37,-0.31,1,1605,1632,NE
1175141.028,X_LEG_1,18.07,26.37,-0.31,1,1605,1632,NE
1175141.048,X_LEG_1,18.07,26.37,-0.31,1,1605,1632,NE
1175141.069,X_LEG_1,18.07,26.37,-0.31,1,1605,1632,NE
1175141.089,X_LEG_1,17.94,26.37,-0.31,1,1605,1633,NE
1175141.110,X_LEG_1,17.94,26.37,-0.31,1,1605,1633,NE
1175141.130,X_LEG_1,17.94,26.37,-0.31,1,1605,1633,NE
1175141.151,X_LEG_1,17.94,26.37,-0.31,1,1605,1633,NE
1175141.171,X_LEG_1,17.94,26.37,-0.31,1,1605,1633,NE
1175141.192,X_LEG_1,17.80,26.21,-0.32,1,1605,1633,NE
1175141.212,X_LEG_1,17.80,26.21,-0.32,1,1605,1633,NE
1175141.233,X_LEG_1,17.80,26.21,-0.32,1,1605,1633,NE
1175141.253,X_LEG_1,17.80,26.21,-0.32,1,1605,1633,NE
1175141.274,X_LEG_1,17.80,26.21,-0.32,1,1605,1633,NE
1175141.294,X_LEG_1,17.67,26.21,-0.32,1,1605,1633,NE
1175141.315,X_LEG_1,17.67,26.21,-0.32,1,1605,1633,NE
1175141.336,X_LEG_1,17.67,26.21,-0.32,1,1605,1633,NE
1175141.356,X_LEG_1,17.67,26.21,-0.32,1,1605,1633,NE
1175141.377,X_LEG_1,17.67,26.21,-0.32,1,1605,1633,NE
1175141.397,X_LEG_1,17.53,26.07,-0.34,1,1604,1634,NE
1175141.418,X_LEG_1,17.53,26.07,-0.34,1,1604,1634,NE
1175141.439,X_LEG_1,17.53,26.07,-0.34,1,1604,1634,NE
1175141.459,X_LEG_1,17.53,26.07,-0.34,1,1604,1634,NE
1175141.479,X_LEG_1,17.53,26.07,-0.34,1,1604,1634,NE
1175141.500,X_LEG_1,17.53,26.07,-0.34,1,1604,1634,NE
1175141.520,X_LEG_1,17.53,26.07,-0.34,1,1604,1634,NE
1175141.541,X_LEG_1,17.53,26.07,-0.34,1,1604,1634,NE
1175141.561,X_LEG_1,17.53,26.07,-0.34,1,1604,1634,NE
1175141.582,X_LEG_1,17.53,26.07,-0.34,1,1604,1634,NE
1175141.603,X_LEG_1,17.40,25.99,-0.37,1,1604,1634,NE
1175141.623,X_LEG_1,17.40,25.99,-0.37,1,1604,1634,NE
1175141.644,X_LEG_1,17.40,25.99,-0.37,1,1604,1634,NE
1175141.664,X_LEG_1,17.40,25.99,-0.37,1,1604,1634,NE
1175141.685,X_LEG_1,17.40,25.99,-0.37,1,1604,1634,NE
1175141.706,X_LEG_1,17.26,25.92,-0.37,1,1604,1635,NE
1175141.726,X_LEG_1,17.26,25.92,-0.37,1,1604,1635,NE
1175141.746,X_LEG_1,17.26,25.92,-0.37,1,1604,1635,NE
1175141.766,X_LEG_1,17.26,25.92,-0.37,1,1604,1635,NE
1175141.787,X_LEG_1,17.26,25.92,-0.37,1,1604,1635,NE
1175141.808,X_LEG_1,17.12,25.85,-0.40,1,1603,1635,NE
1175141.828,X_LEG_1,17.12,25.85,-0.40,1,1603,1635,NE
1175141.849,X_LEG_1,17.12,25.85,-0.40,1,1603,1635,NE
1175141.870,X_LEG_1,17.12,25.85,-0.40,1,1603,1635,NE
1175141.890,X_LEG_1,17.12,25.85,-0.40,1,1603,1635,NE
1175141.911,X_LEG_1,16.98,25.77,-0.40,1,1603,1636,NE
1175141.932,X_LEG_1,16.98,25.77,-0.40,1,1603,1636,NE
1175141.952,X_LEG_1,16.98,25.77,-0.40,1,1603,1636,NE
1175141.973,X_LEG_1,16.98,25.77,-0.40,1,1603,1636,NE
1175141.994,X_LEG_1,16.98,25.77,-0.40,1,1603,1636,NE
1175142.014,X_LEG_1,16.84,25.70,-0.43,1,1603,1636,NE
1175142.035,X_LEG_1,16.84,25.70,-0.43,1,1603,1636,NE
1175142.055,X_LEG_1,16.84,25.70,-0.43,1,1603,1636,NE
1175142.076,X_LEG_1,16.84,25.70,-0.43,1,1603,1636,NE
1175142.096,X_LEG_1,16.84,25.70,-0.43,1,1603,1636,NE
1175142.117,X_LEG_1,16.70,25.62,-0.42,1,1602,1636,NE
1175142.137,X_LEG_1,16.70,25.62,-0.42,1,1602,1636,NE
1175142.158,X_LEG_1,16.70,25.62,-0.42,1,1602,1636,NE
1175142.178,X_LEG_1,16.70,25.62,-0.42,1,1602,1636,NE
1175142.199,X_LEG_1,16.70,25.62,-0.42,1,1602,1636,NE
1175142.219,X_LEG_1,16.56,25.56,-0.44,1,1602,1637,NE
1175142.240,X_LEG_1,16.56,25.56,-0.44,1,1602,1637,NE
1175142.260,X_LEG_1,16.56,25.56,-0.44,1,1602,1637,NE
1175142.281,X_LEG_1,16.56,25.56,-0.44,1,1602,1637,NE
1175142.301,X_LEG_1,16.56,25.56,-0.44,1,1602,1637,NE
1175142.322,X_LEG_1,16.42,25.48,-0.45,1,1602,1637,NE
1175142.343,X_LEG_1,16.42,25.48,-0.45,1,1602,1637,NE
1175142.363,X_LEG_1,16.42,25.48,-0.45,1,1602,1637,NE
1175142.384,X_LEG_1,16.42,25.48,-0.45,1,1602,1637,NE
1175142.404,X_LEG_1,16.42,25.48,-0.45,1,1602,1637,NE
1175142.425,X_LEG_1,16.28,25.41,-0.47,1,1602,1638,NE
1175142.445,X_LEG_1,16.28,25.41,-0.47,1,1602,1638,NE
1175142.465,X_LEG_1,16.28,25.41,-0.47,1,1602,1638,NE
1175142.486,X_LEG_1,16.28,25.41,-0.47,1,1602,1638,NE
1175142.506,X_LEG_1,16.28,25.41,-0.47,1,1602,1638,NE
1175142.526,X_LEG_1,16.28,25.41,-0.47,1,1602,1638,NE
1175142.547,X_LEG_1,16.28,25.41,-0.47,1,1602,1638,NE
1175142.567,X_LEG_1,16.28,25.41,-0.47,1,1602,1638,NE
1175142.588,X_LEG_1,16.28,25.41,-0.47,1,1602,1638,NE
1175142.609,X_LEG_1,16.28,25.41,-0.47,1,1602,1638,NE
1175142.629,X_LEG_1,15.99,25.26,-0.49,1,1601,1639,NE
1175142.649,X_LEG_1,15.99,25.26,-0.49,1,1601,1639,NE
1175142.670,X_LEG_1,15.99,25.26,-0.49,1,1601,1639,NE
1175142.691,X_LEG_1,15.99,25.26,-0.49,1,1601,1639,NE
1175142.711,X_LEG_1,15.99,25.26,-0.49,1,1601,1639,NE
1175142.732,X_LEG_1,15.85,25.19,-0.49,1,1601,1639,NE
1175142.752,X_LEG_1,15.85,25.19,-0.49,1,1601,1639,NE
1175142.773,X_LEG_1,15.85,25.19,-0.49,1,1601,1639,NE
1175142.793,X_LEG_1,15.85,25.19,-0.49,1,1601,1639,NE
1175142.814,X_LEG_1,15.85,25.19,-0.49,1,1601,1639,NE
1175142.834,X_LEG_1,15.85,25.19,-0.49,1,1601,1639,NE
1175142.855,X_LEG_1,15.85,25.19,-0.49,1,1601,1639,NE
1175142.875,X_LEG_1,15.85,25.19,-0.49,1,1601,1639,NE
1175142.895,X_LEG_1,15.85,25.19,-0.49,1,1601,1639,NE
1175142.916,X_LEG_1,15.85,25.19,-0.49,1,1601,1639,NE
1175142.936,X_LEG_1,15.71,25.12,-0.51,1,1600,1639,NE
1175142.957,X_LEG_1,15.71,25.12,-0.51,1,1600,1639,NE
1175142.977,X_LEG_1,15.71,25.12,-0.51,1,1600,1639,NE
1175142.997,X_LEG_1,15.71,25.12,-0.51,1,1600,1639,NE
1175143.018,X_LEG_1,15.71,25.12,-0.51,1,1600,1639,NE
1175143.039,X_LEG_1,15.56,25.05,-0.54,1,1600,1640,NE
1175143.059,X_LEG_1,15.56,25.05,-0.54,1,1600,1640,NE
1175143.079,X_LEG_1,15.56,25.05,-0.54,1,1600,1640,NE
1175143.100,X_LEG_1,15.56,25.05,-0.54,1,1600,1640,NE
1175143.120,X_LEG_1,15.56,25.05,-0.54,1,1600,1640,NE
1175143.141,X_LEG_1,15.42,24.98,-0.54,1,1600,1640,NE
1175143.161,X_LEG_1,15.42,24.98,-0.54,1,1600,1640,NE
1175143.182,X_LEG_1,15.42,24.98,-0.54,1,1600,1640,NE
1175143.202,X_LEG_1,15.42,24.98,-0.54,1,1600,1640,NE
1175143.222,X_LEG_1,15.42,24.98,-0.54,1,1600,1640,NE
1175143.243,X_LEG_1,15.27,24.91,-0.55,1,1600,1641,NE
1175143.263,X_LEG_1,15.27,24.91,-0.55,1,1600,1641,NE
1175143.284,X_LEG_1,15.27,24.91,-0.55,1,1600,1641,NE
1175143.304,X_LEG_1,15.27,24.91,-0.55,1,1600,1641,NE
1175143.325,X_LEG_1,15.27,24.91,-0.55,1,1600,1641,NE
1175143.346,X_LEG_1,15.12,24.83,-0.55,1,1599,1641,NE
1175143.366,X_LEG_1,15.12,24.83,-0.55,1,1599,1641,NE
1175143.387,X_LEG_1,15.12,24.83,-0.55,1,1599,1641,NE
1175143.407,X_LEG_1,15.12,24.83,-0.55,1,1599,1641,NE
1175143.428,X_LEG_1,15.12,24.83,-0.55,1,1599,1641,NE
1175143.448,X_LEG_1,14.98,24.77,-0.57,1,1599,1641,NE
1175143.469,X_LEG_1,14.98,24.77,-0.57,1,1599,1641,NE
1175143.491,X_LEG_1,14.98,24.77,-0.57,1,1599,1641,NE
1175143.511,X_LEG_1,14.98,24.77,-0.57,1,1599,1641,NE
1175143.532,X_LEG_1,14.98,24.77,-0.57,1,1599,1641,NE
1175143.553,X_LEG_1,14.83,24.77,-0.57,1,1599,1641,NE
1175143.573,X_LEG_1,14.83,24.77,-0.57,1,1599,1641,NE
1175143.594,X_LEG_1,14.83,24.77,-0.57,1,1599,1641,NE
1175143.614,X_LEG_1,14.83,24.77,-0.57,1,1599,1641,NE
1175143.634,X_LEG_1,14.83,24.77,-0.57,1,1599,1641,NE
1175143.655,X_LEG_1,14.68,24.62,-0.60,1,1598,1641,NE
1175143.675,X_LEG_1,14.68,24.62,-0.60,1,1598,1641,NE
1175143.696,X_LEG_1,14.68,24.62,-0.60,1,1598,1641,NE
1175143.716,X_LEG_1,14.68,24.62,-0.60,1,1598,1641,NE
1175143.737,X_LEG_1,14.68,24.62,-0.60,1,1598,1641,NE
1175143.757,X_LEG_1,14.53,24.62,-0.60,1,1598,1642,NE
1175143.778,X_LEG_1,14.53,24.62,-0.60,1,1598,1642,NE
1175143.798,X_LEG_1,14.53,24.62,-0.60,1,1598,1642,NE
1175143.819,X_LEG_1,14.53,24.62,-0.60,1,1598,1642,NE
1175143.839,X_LEG_1,14.53,24.62,-0.60,1,1598,1642,NE
1175143.860,X_LEG_1,14.38,24.49,-0.63,1,1598,1642,NE
1175143.880,X_LEG_1,14.38,24.49,-0.63,1,1598,1642,NE
1175143.901,X_LEG_1,14.38,24.49,-0.63,1,1598,1642,NE
1175143.921,X_LEG_1,14.38,24.49,-0.63,1,1598,1642,NE
1175143.942,X_LEG_1,14.38,24.49,-0.63,1,1598,1642,NE
1175143.962,X_LEG_1,14.38,24.49,-0.63,1,1598,1642,NE
1175143.983,X_LEG_1,14.38,24.49,-0.63,1,1598,1642,NE
1175144.003,X_LEG_1,14.38,24.49,-0.63,1,1598,1642,NE
1175144.024,X_LEG_1,14.38,24.49,-0.63,1,1598,1642,NE
1175144.044,X_LEG_1,14.38,24.49,-0.63,1,1598,1642,NE
1175144.064,X_LEG_1,14.23,24.41,-0.63,1,1598,1643,NE
1175144.085,X_LEG_1,14.23,24.41,-0.63,1,1598,1643,NE
1175144.105,X_LEG_1,14.23,24.41,-0.63,1,1598,1643,NE
1175144.126,X_LEG_1,14.23,24.41,-0.63,1,1598,1643,NE
1175144.147,X_LEG_1,14.23,24.41,-0.63,1,1598,1643,NE
1175144.167,X_LEG_1,14.09,24.35,-0.64,1,1597,1643,NE
1175144.188,X_LEG_1,14.09,24.35,-0.64,1,1597,1643,NE
1175144.208,X_LEG_1,14.09,24.35,-0.64,1,1597,1643,NE
1175144.229,X_LEG_1,14.09,24.35,-0.64,1,1597,1643,NE
1175144.249,X_LEG_1,14.09,24.35,-0.64,1,1597,1643,NE
1175144.270,X_LEG_1,13.93,24.28,-0.66,1,1597,1644,NE
1175144.291,X_LEG_1,13.93,24.28,-0.66,1,1597,1644,NE
1175144.311,X_LEG_1,13.93,24.28,-0.66,1,1597,1644,NE
1175144.332,X_LEG_1,13.93,24.28,-0.66,1,1597,1644,NE
1175144.352,X_LEG_1,13.93,24.28,-0.66,1,1597,1644,NE
1175144.372,X_LEG_1,13.78,24.21,-0.68,1,1597,1644,NE
1175144.393,X_LEG_1,13.78,24.21,-0.68,1,1597,1644,NE
1175144.413,X_LEG_1,13.78,24.21,-0.68,1,1597,1644,NE
1175144.434,X_LEG_1,13.78,24.21,-0.68,1,1597,1644,NE
1175144.454,X_LEG_1,13.78,24.21,-0.68,1,1597,1644,NE
1175144.475,X_LEG_1,13.63,24.14,-0.68,1,1597,1645,NE
1175144.495,X_LEG_1,13.63,24.14,-0.68,1,1597,1645,NE
1175144.516,X_LEG_1,13.63,24.14,-0.68,1,1597,1645,NE
1175144.537,X_LEG_1,13.63,24.14,-0.68,1,1597,1645,NE
1175144.557,X_LEG_1,13.63,24.14,-0.68,1,1597,1645,NE
1175144.577,X_LEG_1,13.48,24.07,-0.69,1,1596,1645,NE
1175144.598,X_LEG_1,13.48,24.07,-0.69,1,1596,1645,NE
1175144.618,X_LEG_1,13.48,24.07,-0.69,1,1596,1645,NE
1175144.639,X_LEG_1,13.48,24.07,-0.69,1,1596,1645,NE
1175144.659,X_LEG_1,13.48,24.07,-0.69,1,1596,1645,NE
1175144.680,X_LEG_1,13.33,24.00,-0.71,1,1596,1646,NE
1175144.700,X_LEG_1,13.33,24.00,-0.71,1,1596,1646,NE
1175144.721,X_LEG_1,13.33,24.00,-0.71,1,1596,1646,NE
1175144.741,X_LEG_1,13.33,24.00,-0.71,1,1596,1646,NE
1175144.762,X_LEG_1,13.33,24.00,-0.71,1,1596,1646,NE
1175144.782,X_LEG_1,13.17,24.00,-0.71,1,1596,1646,NE
1175144.803,X_LEG_1,13.17,24.00,-0.71,1,1596,1646,NE
1175144.823,X_LEG_1,13.17,24.00,-0.71,1,1596,1646,NE
1175144.844,X_LEG_1,13.17,24.00,-0.71,1,1596,1646,NE
1175144.864,X_LEG_1,13.17,24.00,-0.71,1,1596,1646,NE
1175144.884,X_LEG_1,13.02,23.87,-0.74,1,1595,1646,NE
1175144.905,X_LEG_1,13.02,23.87,-0.74,1,1595,1646,NE
1175144.927,X_LEG_1,13.02,23.87,-0.74,1,1595,1646,NE
1175144.947,X_LEG_1,13.02,23.87,-0.74,1,1595,1646,NE
1175144.967,X_LEG_1,13.02,23.87,-0.74,1,1595,1646,NE
1175144.989,X_LEG_1,12.87,23.80,-0.74,1,1595,1647,NE
1175145.009,X_LEG_1,12.87,23.80,-0.74,1,1595,1647,NE
1175145.029,X_LEG_1,12.87,23.80,-0.74,1,1595,1647,NE
1175145.050,X_LEG_1,12.87,23.80,-0.74,1,1595,1647,NE
1175145.070,X_LEG_1,12.87,23.80,-0.74,1,1595,1647,NE
1175145.090,X_LEG_1,12.71,23.73,-0.76,1,1595,1647,NE
1175145.111,X_LEG_1,12.71,23.73,-0.76,1,1595,1647,NE
1175145.133,X_LEG_1,12.71,23.73,-0.76,1,1595,1647,NE
1175145.153,X_LEG_1,12.71,23.73,-0.76,1,1595,1647,NE
1175145.174,X_LEG_1,12.71,23.73,-0.76,1,1595,1647,NE
1175145.194,X_LEG_1,12.71,23.73,-0.76,1,1595,1647,NE
1175145.215,X_LEG_1,12.71,23.73,-0.76,1,1595,1647,NE
1175145.235,X_LEG_1,12.71,23.73,-0.76,1,1595,1647,NE
1175145.255,X_LEG_1,12.71,23.73,-0.76,1,1595,1647,NE
1175145.276,X_LEG_1,12.71,23.73,-0.76,1,1595,1647,NE
1175145.296,X_LEG_1,12.56,23.66,-0.78,1,1595,1648,NE
1175145.317,X_LEG_1,12.56,23.66,-0.78,1,1595,1648,NE
1175145.338,X_LEG_1,12.56,23.66,-0.78,1,1595,1648,NE
1175145.358,X_LEG_1,12.56,23.66,-0.78,1,1595,1648,NE
1175145.378,X_LEG_1,12.56,23.66,-0.78,1,1595,1648,NE
1175145.399,X_LEG_1,12.41,23.60,-0.80,1,1594,1648,NE
1175145.420,X_LEG_1,12.41,23.60,-0.80,1,1594,1648,NE
1175145.440,X_LEG_1,12.41,23.60,-0.80,1,1594,1648,NE
1175145.461,X_LEG_1,12.41,23.60,-0.80,1,1594,1648,NE
1175145.481,X_LEG_1,12.41,23.60,-0.80,1,1594,1648,NE
1175145.502,X_LEG_1,12.25,23.54,-0.80,1,1594,1649,NE
1175145.522,X_LEG_1,12.25,23.54,-0.80,1,1594,1649,NE
1175145.543,X_LEG_1,12.25,23.54,-0.80,1,1594,1649,NE
1175145.564,X_LEG_1,12.25,23.54,-0.80,1,1594,1649,NE
1175145.585,X_LEG_1,12.25,23.54,-0.80,1,1594,1649,NE
1175145.605,X_LEG_1,12.10,23.47,-0.82,1,1594,1649,NE
1175145.625,X_LEG_1,12.10,23.47,-0.82,1,1594,1649,NE
1175145.646,X_LEG_1,12.10,23.47,-0.82,1,1594,1649,NE
1175145.666,X_LEG_1,12.10,23.47,-0.82,1,1594,1649,NE
1175145.686,X_LEG_1,12.10,23.47,-0.82,1,1594,1649,NE
1175145.707,X_LEG_1,11.94,23.39,-0.82,1,1594,1650,NE
1175145.727,X_LEG_1,11.94,23.39,-0.82,1,1594,1650,NE
1175145.748,X_LEG_1,11.94,23.39,-0.82,1,1594,1650,NE
1175145.768,X_LEG_1,11.94,23.39,-0.82,1,1594,1650,NE
1175145.788,X_LEG_1,11.94,23.39,-0.82,1,1594,1650,NE
1175145.809,X_LEG_1,11.79,23.39,-0.82,1,1594,1650,NE
1175145.830,X_LEG_1,11.79,23.39,-0.82,1,1594,1650,NE
1175145.850,X_LEG_1,11.79,23.39,-0.82,1,1594,1650,NE
1175145.871,X_LEG_1,11.79,23.39,-0.82,1,1594,1650,NE
1175145.891,X_LEG_1,11.79,23.39,-0.82,1,1594,1650,NE
1175145.912,X_LEG_1,11.63,23.26,-0.85,1,1593,1651,NE
1175145.932,X_LEG_1,11.63,23.26,-0.85,1,1593,1651,NE
1175145.953,X_LEG_1,11.63,23.26,-0.85,1,1593,1651,NE
1175145.973,X_LEG_1,11.63,23.26,-0.85,1,1593,1651,NE
1175145.994,X_LEG_1,11.63,23.26,-0.85,1,1593,1651,NE
1175146.014,X_LEG_1,11.47,23.26,-0.85,1,1593,1651,NE
1175146.035,X_LEG_1,11.47,23.26,-0.85,1,1593,1651,NE
1175146.055,X_LEG_1,11.47,23.26,-0.85,1,1593,1651,NE
1175146.076,X_LEG_1,11.47,23.26,-0.85,1,1593,1651,NE
1175146.097,X_LEG_1,11.47,23.26,-0.85,1,1593,1651,NE
1175146.117,X_LEG_1,11.32,23.20,-0.85,1,1593,1652,NE
1175146.138,X_LEG_1,11.32,23.20,-0.85,1,1593,1652,NE
1175146.158,X_LEG_1,11.32,23.20,-0.85,1,1593,1652,NE
1175146.179,X_LEG_1,11.32,23.20,-0.85,1,1593,1652,NE
1175146.200,X_LEG_1,11.32,23.20,-0.85,1,1593,1652,NE
1175146.221,X_LEG_1,11.16,23.07,-0.89,1,1592,1652,NE
1175146.241,X_LEG_1,11.16,23.07,-0.89,1,1592,1652,NE
1175146.262,X_LEG_1,11.16,23.07,-0.89,1,1592,1652,NE
1175146.282,X_LEG_1,11.16,23.07,-0.89,1,1592,1652,NE
1175146.302,X_LEG_1,11.16,23.07,-0.89,1,1592,1652,NE
1175146.323,X_LEG_1,11.00,23.07,-0.89,1,1592,1653,NE
1175146.343,X_LEG_1,11.00,23.07,-0.89,1,1592,1653,NE
1175146.364,X_LEG_1,11.00,23.07,-0.89,1,1592,1653,NE
1175146.384,X_LEG_1,11.00,23.07,-0.89,1,1592,1653,NE
1175146.405,X_LEG_1,11.00,23.07,-0.89,1,1592,1653,NE
1175146.425,X_LEG_1,11.00,23.01,-0.89,1,1592,1653,NE
1175146.446,X_LEG_1,11.00,23.01,-0.89,1,1592,1653,NE
1175146.466,X_LEG_1,11.00,23.01,-0.89,1,1592,1653,NE
1175146.487,X_LEG_1,11.00,23.01,-0.89,1,1592,1653,NE
1175146.507,X_LEG_1,11.00,23.01,-0.89,1,1592,1653,NE
1175146.528,X_LEG_1,10.85,22.94,-0.91,1,1592,1653,NE
1175146.548,X_LEG_1,10.85,22.94,-0.91,1,1592,1653,NE
1175146.568,X_LEG_1,10.85,22.94,-0.91,1,1592,1653,NE
1175146.589,X_LEG_1,10.85,22.94,-0.91,1,1592,1653,NE
1175146.609,X_LEG_1,10.85,22.94,-0.91,1,1592,1653,NE
1175146.630,X_LEG_1,10.69,22.87,-0.93,1,1591,1653,NE
1175146.650,X_LEG_1,10.69,22.87,-0.93,1,1591,1653,NE
1175146.670,X_LEG_1,10.69,22.87,-0.93,1,1591,1653,NE
1175146.691,X_LEG_1,10.69,22.87,-0.93,1,1591,1653,NE
1175146.711,X_LEG_1,10.69,22.87,-0.93,1,1591,1653,NE
1175146.732,X_LEG_1,10.53,22.81,-0.93,1,1591,1654,NE
1175146.752,X_LEG_1,10.53,22.81,-0.93,1,1591,1654,NE
1175146.773,X_LEG_1,10.53,22.81,-0.93,1,1591,1654,NE
1175146.793,X_LEG_1,10.53,22.81,-0.93,1,1591,1654,NE
1175146.814,X_LEG_1,10.53,22.81,-0.93,1,1591,1654,NE
1175146.834,X_LEG_1,10.37,22.75,-0.95,1,1591,1654,NE
1175146.855,X_LEG_1,10.37,22.75,-0.95,1,1591,1654,NE
1175146.875,X_LEG_1,10.37,22.75,-0.95,1,1591,1654,NE
1175146.896,X_LEG_1,10.37,22.75,-0.95,1,1591,1654,NE
1175146.916,X_LEG_1,10.37,22.75,-0.95,1,1591,1654,NE
1175146.937,X_LEG_1,10.21,22.68,-0.97,1,1591,1655,NE
1175146.957,X_LEG_1,10.21,22.68,-0.97,1,1591,1655,NE
1175146.978,X_LEG_1,10.21,22.68,-0.97,1,1591,1655,NE
1175146.999,X_LEG_1,10.21,22.68,-0.97,1,1591,1655,NE
1175147.019,X_LEG_1,10.21,22.68,-0.97,1,1591,1655,NE
1175147.040,X_LEG_1,10.06,22.62,-0.97,1,1590,1655,NE
1175147.060,X_LEG_1,10.06,22.62,-0.97,1,1590,1655,NE
1175147.081,X_LEG_1,10.06,22.62,-0.97,1,1590,1655,NE
1175147.101,X_LEG_1,10.06,22.62,-0.97,1,1590,1655,NE
1175147.122,X_LEG_1,10.06,22.62,-0.97,1,1590,1655,NE
1175147.142,X_LEG_1,9.90,22.55,-0.99,1,1590,1656,NE
1175147.163,X_LEG_1,9.90,22.55,-0.99,1,1590,1656,NE
1175147.183,X_LEG_1,9.90,22.55,-0.99,1,1590,1656,NE
1175147.204,X_LEG_1,9.90,22.55,-0.99,1,1590,1656,NE
1175147.224,X_LEG_1,9.90,22.55,-0.99,1,1590,1656,NE
1175147.245,X_LEG_1,9.74,22.49,-0.99,1,1590,1656,NE
1175147.265,X_LEG_1,9.74,22.49,-0.99,1,1590,1656,NE
1175147.286,X_LEG_1,9.74,22.49,-0.99,1,1590,1656,NE
1175147.306,X_LEG_1,9.74,22.49,-0.99,1,1590,1656,NE
1175147.328,X_LEG_1,9.74,22.49,-0.99,1,1590,1656,NE
1175147.348,X_LEG_1,9.58,22.49,-0.99,1,1590,1657,NE
1175147.368,X_LEG_1,9.58,22.49,-0.99,1,1590,1657,NE
1175147.389,X_LEG_1,9.58,22.49,-0.99,1,1590,1657,NE
1175147.410,X_LEG_1,9.58,22.49,-0.99,1,1590,1657,NE
1175147.430,X_LEG_1,9.58,22.49,-0.99,1,1590,1657,NE
1175147.451,X_LEG_1,9.42,22.36,-1.02,1,1589,1657,NE
1175147.471,X_LEG_1,9.42,22.36,-1.02,1,1589,1657,NE
1175147.491,X_LEG_1,9.42,22.36,-1.02,1,1589,1657,NE
1175147.512,X_LEG_1,9.42,22.36,-1.02,1,1589,1657,NE
1175147.532,X_LEG_1,9.42,22.36,-1.02,1,1589,1657,NE
1175147.553,X_LEG_1,9.26,22.36,-1.02,1,1589,1658,NE
1175147.573,X_LEG_1,9.26,22.36,-1.02,1,1589,1658,NE
1175147.594,X_LEG_1,9.26,22.36,-1.02,1,1589,1658,NE
1175147.614,X_LEG_1,9.26,22.36,-1.02,1,1589,1658,NE
1175147.635,X_LEG_1,9.26,22.36,-1.02,1,1589,1658,NE
1175147.655,X_LEG_1,9.11,22.24,-1.04,1,1589,1658,NE
1175147.676,X_LEG_1,9.11,22.24,-1.04,1,1589,1658,NE
1175147.696,X_LEG_1,9.11,22.24,-1.04,1,1589,1658,NE
1175147.717,X_LEG_1,9.11,22.24,-1.04,1,1589,1658,NE
1175147.737,X_LEG_1,9.11,22.24,-1.04,1,1589,1658,NE
1175147.758,X_LEG_1,8.95,22.17,-1.06,1,1589,1659,NE
1175147.778,X_LEG_1,8.95,22.17,-1.06,1,1589,1659,NE
1175147.799,X_LEG_1,8.95,22.17,-1.06,1,1589,1659,NE
1175147.819,X_LEG_1,8.95,22.17,-1.06,1,1589,1659,NE
1175147.840,X_LEG_1,8.95,22.17,-1.06,1,1589,1659,NE
1175147.860,X_LEG_1,8.95,22.17,-1.06,1,1589,1659,NE
1175147.881,X_LEG_1,8.95,22.17,-1.06,1,1589,1659,NE
1175147.901,X_LEG_1,8.95,22.17,-1.06,1,1589,1659,NE
1175147.922,X_LEG_1,8.95,22.17,-1.06,1,1589,1659,NE
1175147.942,X_LEG_1,8.95,22.17,-1.06,1,1589,1659,NE
1175147.963,X_LEG_1,8.71,22.08,-1.09,1,1588,1659,NE
1175147.984,X_LEG_1,8.71,22.08,-1.09,1,1588,1659,NE
1175148.005,X_LEG_1,8.71,22.08,-1.09,1,1588,1659,NE
1175148.025,X_LEG_1,8.71,22.08,-1.09,1,1588,1659,NE
1175148.046,X_LEG_1,8.71,22.08,-1.09,1,1588,1659,NE
1175148.066,X_LEG_1,8.71,22.08,-1.09,1,1588,1659,NE
1175148.087,X_LEG_1,8.71,22.08,-1.09,1,1588,1659,NE
1175148.107,X_LEG_1,8.71,22.08,-1.09,1,1588,1659,NE
1175148.128,X_LEG_1,8.71,22.08,-1.09,1,1588,1659,NE
1175148.148,X_LEG_1,8.71,22.08,-1.09,1,1588,1659,NE
1175148.168,X_LEG_1,8.55,22.02,-1.09,1,1588,1660,NE
1175148.189,X_LEG_1,8.55,22.02,-1.09,1,1588,1660,NE
1175148.209,X_LEG_1,8.55,22.02,-1.09,1,1588,1660,NE
1175148.230,X_LEG_1,8.55,22.02,-1.09,1,1588,1660,NE
1175148.251,X_LEG_1,8.55,22.02,-1.09,1,1588,1660,NE
1175148.271,X_LEG_1,8.39,21.96,-0.11,1,1588,1660,NE
1175148.292,X_LEG_1,8.39,21.96,-0.11,1,1588,1660,NE
1175148.313,X_LEG_1,8.39,21.96,-0.11,1,1588,1660,NE
1175148.333,X_LEG_1,8.39,21.96,-0.11,1,1588,1660,NE
1175148.354,X_LEG_1,8.39,21.96,-0.11,1,1588,1660,NE
1175148.374,X_LEG_1,8.23,21.89,-0.12,1,1588,1661,NE
1175148.395,X_LEG_1,8.23,21.89,-0.12,1,1588,1661,NE
1175148.416,X_LEG_1,8.23,21.89,-0.12,1,1588,1661,NE
1175148.436,X_LEG_1,8.23,21.89,-0.12,1,1588,1661,NE
1175148.457,X_LEG_1,8.23,21.89,-0.12,1,1588,1661,NE
1175148.478,X_LEG_1,8.07,21.83,-0.12,1,1587,1661,NE
1175148.498,X_LEG_1,8.07,21.83,-0.12,1,1587,1661,NE
1175148.519,X_LEG_1,8.07,21.83,-0.12,1,1587,1661,NE
1175148.539,X_LEG_1,8.07,21.83,-0.12,1,1587,1661,NE
1175148.560,X_LEG_1,8.07,21.83,-0.12,1,1587,1661,NE
1175148.580,X_LEG_1,7.91,21.77,-0.14,1,1587,1662,NE
1175148.600,X_LEG_1,7.91,21.77,-0.14,1,1587,1662,NE
1175148.620,X_LEG_1,7.91,21.77,-0.14,1,1587,1662,NE
1175148.642,X_LEG_1,7.91,21.77,-0.14,1,1587,1662,NE
1175148.662,X_LEG_1,7.91,21.77,-0.14,1,1587,1662,NE
1175148.682,X_LEG_1,7.75,21.71,-0.16,1,1587,1662,NE
1175148.704,X_LEG_1,7.75,21.71,-0.16,1,1587,1662,NE
1175148.724,X_LEG_1,7.75,21.71,-0.16,1,1587,1662,NE
1175148.744,X_LEG_1,7.75,21.71,-0.16,1,1587,1662,NE
1175148.765,X_LEG_1,7.75,21.71,-0.16,1,1587,1662,NE
1175148.785,X_LEG_1,7.60,21.65,-0.17,1,1587,1663,NE
1175148.805,X_LEG_1,7.60,21.65,-0.17,1,1587,1663,NE
1175148.826,X_LEG_1,7.60,21.65,-0.17,1,1587,1663,NE
1175148.846,X_LEG_1,7.60,21.65,-0.17,1,1587,1663,NE
1175148.867,X_LEG_1,7.60,21.65,-0.17,1,1587,1663,NE
1175148.887,X_LEG_1,7.44,21.59,-0.19,1,1586,1663,NE
1175148.908,X_LEG_1,7.44,21.59,-0.19,1,1586,1663,NE
1175148.928,X_LEG_1,7.44,21.59,-0.19,1,1586,1663,NE
1175148.949,X_LEG_1,7.44,21.59,-0.19,1,1586,1663,NE
1175148.970,X_LEG_1,7.44,21.59,-0.19,1,1586,1663,NE
1175148.990,X_LEG_1,7.28,21.53,-0.19,1,1586,1664,NE
1175149.011,X_LEG_1,7.28,21.53,-0.19,1,1586,1664,NE
1175149.031,X_LEG_1,7.28,21.53,-0.19,1,1586,1664,NE
1175149.052,X_LEG_1,7.28,21.53,-0.19,1,1586,1664,NE
1175149.072,X_LEG_1,7.28,21.53,-0.19,1,1586,1664,NE
1175149.093,X_LEG_1,7.12,21.46,-0.20,1,1586,1664,NE
1175149.113,X_LEG_1,7.12,21.46,-0.20,1,1586,1664,NE
1175149.133,X_LEG_1,7.12,21.46,-0.20,1,1586,1664,NE
1175149.154,X_LEG_1,7.12,21.46,-0.20,1,1586,1664,NE
1175149.174,X_LEG_1,7.12,21.46,-0.20,1,1586,1664,NE
1175149.196,X_LEG_1,6.96,21.41,-0.22,1,1586,1665,NE
1175149.216,X_LEG_1,6.96,21.41,-0.22,1,1586,1665,NE
1175149.236,X_LEG_1,6.96,21.41,-0.22,1,1586,1665,NE
1175149.257,X_LEG_1,6.96,21.41,-0.22,1,1586,1665,NE
1175149.277,X_LEG_1,6.96,21.41,-0.22,1,1586,1665,NE
1175149.298,X_LEG_1,6.80,21.35,-0.24,1,1585,1665,NE
1175149.318,X_LEG_1,6.80,21.35,-0.24,1,1585,1665,NE
1175149.338,X_LEG_1,6.80,21.35,-0.24,1,1585,1665,NE
1175149.359,X_LEG_1,6.80,21.35,-0.24,1,1585,1665,NE
1175149.379,X_LEG_1,6.80,21.35,-0.24,1,1585,1665,NE
1175149.400,X_LEG_1,6.65,21.28,-0.24,1,1585,1666,NE
1175149.421,X_LEG_1,6.65,21.28,-0.24,1,1585,1666,NE
1175149.441,X_LEG_1,6.65,21.28,-0.24,1,1585,1666,NE
1175149.462,X_LEG_1,6.65,21.28,-0.24,1,1585,1666,NE
1175149.483,X_LEG_1,6.65,21.28,-0.24,1,1585,1666,NE
1175149.503,X_LEG_1,6.49,21.22,-0.25,1,1585,1666,NE
1175149.523,X_LEG_1,6.49,21.22,-0.25,1,1585,1666,NE
1175149.544,X_LEG_1,6.49,21.22,-0.25,1,1585,1666,NE
1175149.564,X_LEG_1,6.49,21.22,-0.25,1,1585,1666,NE
1175149.585,X_LEG_1,6.49,21.22,-0.25,1,1585,1666,NE
1175149.606,X_LEG_1,6.33,21.17,-0.27,1,1585,1667,NE
1175149.627,X_LEG_1,6.33,21.17,-0.27,1,1585,1667,NE
1175149.647,X_LEG_1,6.33,21.17,-0.27,1,1585,1667,NE
1175149.668,X_LEG_1,6.33,21.17,-0.27,1,1585,1667,NE
1175149.689,X_LEG_1,6.33,21.17,-0.27,1,1585,1667,NE
1175149.709,X_LEG_1,6.17,21.11,-0.28,1,1584,1667,NE
1175149.729,X_LEG_1,6.17,21.11,-0.28,1,1584,1667,NE
1175149.750,X_LEG_1,6.17,21.11,-0.28,1,1584,1667,NE
1175149.771,X_LEG_1,6.17,21.11,-0.28,1,1584,1667,NE
1175149.791,X_LEG_1,6.17,21.11,-0.28,1,1584,1667,NE
1175149.811,X_LEG_1,6.01,21.05,-0.28,1,1584,1667,NE
1175149.832,X_LEG_1,6.01,21.05,-0.28,1,1584,1667,NE
1175149.852,X_LEG_1,6.01,21.05,-0.28,1,1584,1667,NE
1175149.873,X_LEG_1,6.01,21.05,-0.28,1,1584,1667,NE
1175149.893,X_LEG_1,6.01,21.05,-0.28,1,1584,1667,NE
1175149.913,X_LEG_1,5.86,20.99,-0.32,1,1584,1668,NE
1175149.934,X_LEG_1,5.86,20.99,-0.32,1,1584,1668,NE
1175149.954,X_LEG_1,5.86,20.99,-0.32,1,1584,1668,NE
1175149.975,X_LEG_1,5.86,20.99,-0.32,1,1584,1668,NE
1175149.995,X_LEG_1,5.86,20.99,-0.32,1,1584,1668,NE
1175150.016,X_LEG_1,5.86,20.99,-0.32,1,1584,1668,NE
1175150.036,X_LEG_1,5.86,20.99,-0.32,1,1584,1668,NE
1175150.057,X_LEG_1,5.86,20.99,-0.32,1,1584,1668,NE
1175150.077,X_LEG_1,5.86,20.99,-0.32,1,1584,1668,NE
1175150.098,X_LEG_1,5.86,20.99,-0.32,1,1584,1668,NE
1175150.119,X_LEG_1,5.70,20.93,-0.33,1,1584,1668,NE
1175150.139,X_LEG_1,5.70,20.93,-0.33,1,1584,1668,NE
1175150.160,X_LEG_1,5.70,20.93,-0.33,1,1584,1668,NE
1175150.180,X_LEG_1,5.70,20.93,-0.33,1,1584,1668,NE
1175150.201,X_LEG_1,5.70,20.93,-0.33,1,1584,1668,NE
1175150.221,X_LEG_1,5.55,20.87,-0.33,1,1583,1669,NE
1175150.242,X_LEG_1,5.55,20.87,-0.33,1,1583,1669,NE
1175150.263,X_LEG_1,5.55,20.87,-0.33,1,1583,1669,NE
1175150.283,X_LEG_1,5.55,20.87,-0.33,1,1583,1669,NE
1175150.304,X_LEG_1,5.55,20.87,-0.33,1,1583,1669,NE
1175150.325,X_LEG_1,5.39,20.82,-0.35,1,1583,1669,NE
1175150.345,X_LEG_1,5.39,20.82,-0.35,1,1583,1669,NE
1175150.365,X_LEG_1,5.39,20.82,-0.35,1,1583,1669,NE
1175150.386,X_LEG_1,5.39,20.82,-0.35,1,1583,1669,NE
1175150.407,X_LEG_1,5.39,20.82,-0.35,1,1583,1669,NE
1175150.427,X_LEG_1,5.39,20.82,-0.35,1,1583,1669,NE
1175150.447,X_LEG_1,5.39,20.82,-0.35,1,1583,1669,NE
1175150.468,X_LEG_1,5.39,20.82,-0.35,1,1583,1669,NE
1175150.489,X_LEG_1,5.39,20.82,-0.35,1,1583,1669,NE
1175150.509,X_LEG_1,5.39,20.82,-0.35,1,1583,1669,NE
1175150.530,X_LEG_1,5.23,20.76,-0.36,1,1583,1670,NE
1175150.550,X_LEG_1,5.23,20.76,-0.36,1,1583,1670,NE
1175150.571,X_LEG_1,5.23,20.76,-0.36,1,1583,1670,NE
1175150.592,X_LEG_1,5.23,20.76,-0.36,1,1583,1670,NE
1175150.612,X_LEG_1,5.23,20.76,-0.36,1,1583,1670,NE
1175150.633,X_LEG_1,5.08,20.69,-0.36,1,1583,1670,NE
1175150.653,X_LEG_1,5.08,20.69,-0.36,1,1583,1670,NE
1175150.674,X_LEG_1,5.08,20.69,-0.36,1,1583,1670,NE
1175150.694,X_LEG_1,5.08,20.69,-0.36,1,1583,1670,NE
1175150.714,X_LEG_1,5.08,20.69,-0.36,1,1583,1670,NE
1175150.735,X_LEG_1,4.92,20.64,-0.39,1,1583,1671,NE
1175150.755,X_LEG_1,4.92,20.64,-0.39,1,1583,1671,NE
1175150.776,X_LEG_1,4.92,20.64,-0.39,1,1583,1671,NE
1175150.797,X_LEG_1,4.92,20.64,-0.39,1,1583,1671,NE
1175150.817,X_LEG_1,4.92,20.64,-0.39,1,1583,1671,NE
1175150.837,X_LEG_1,4.77,20.58,-0.39,1,1582,1671,NE
1175150.858,X_LEG_1,4.77,20.58,-0.39,1,1582,1671,NE
1175150.878,X_LEG_1,4.77,20.58,-0.39,1,1582,1671,NE
1175150.899,X_LEG_1,4.77,20.58,-0.39,1,1582,1671,NE
1175150.920,X_LEG_1,4.77,20.58,-0.39,1,1582,1671,NE
1175150.940,X_LEG_1,4.61,20.53,-0.42,1,1582,1672,NE
1175150.961,X_LEG_1,4.61,20.53,-0.42,1,1582,1672,NE
1175150.982,X_LEG_1,4.61,20.53,-0.42,1,1582,1672,NE
1175151.002,X_LEG_1,4.61,20.53,-0.42,1,1582,1672,NE
1175151.023,X_LEG_1,4.61,20.53,-0.42,1,1582,1672,NE
1175151.044,X_LEG_1,4.46,20.47,-0.42,1,1582,1672,NE
1175151.064,X_LEG_1,4.46,20.47,-0.42,1,1582,1672,NE
1175151.085,X_LEG_1,4.46,20.47,-0.42,1,1582,1672,NE
1175151.105,X_LEG_1,4.46,20.47,-0.42,1,1582,1672,NE
1175151.126,X_LEG_1,4.46,20.47,-0.42,1,1582,1672,NE
1175151.146,X_LEG_1,4.30,20.41,-0.43,1,1582,1673,NE
1175151.167,X_LEG_1,4.30,20.41,-0.43,1,1582,1673,NE
1175151.187,X_LEG_1,4.30,20.41,-0.43,1,1582,1673,NE
1175151.208,X_LEG_1,4.30,20.41,-0.43,1,1582,1673,NE
1175151.228,X_LEG_1,4.30,20.41,-0.43,1,1582,1673,NE
1175151.249,X_LEG_1,4.15,20.35,-0.45,1,1581,1673,NE
1175151.269,X_LEG_1,4.15,20.35,-0.45,1,1581,1673,NE
1175151.289,X_LEG_1,4.15,20.35,-0.45,1,1581,1673,NE
1175151.310,X_LEG_1,4.15,20.35,-0.45,1,1581,1673,NE
1175151.330,X_LEG_1,4.15,20.35,-0.45,1,1581,1673,NE
1175151.350,X_LEG_1,4.00,20.29,-0.46,1,1581,1674,NE
1175151.371,X_LEG_1,4.00,20.29,-0.46,1,1581,1674,NE
1175151.391,X_LEG_1,4.00,20.29,-0.46,1,1581,1674,NE
1175151.412,X_LEG_1,4.00,20.29,-0.46,1,1581,1674,NE
1175151.432,X_LEG_1,4.00,20.29,-0.46,1,1581,1674,NE
1175151.453,X_LEG_1,3.84,20.24,-0.48,1,1581,1674,NE
1175151.474,X_LEG_1,3.84,20.24,-0.48,1,1581,1674,NE
1175151.494,X_LEG_1,3.84,20.24,-0.48,1,1581,1674,NE
1175151.515,X_LEG_1,3.84,20.24,-0.48,1,1581,1674,NE
1175151.535,X_LEG_1,3.84,20.24,-0.48,1,1581,1674,NE
1175151.555,X_LEG_1,3.69,20.18,-0.49,1,1581,1674,NE
1175151.577,X_LEG_1,3.69,20.18,-0.49,1,1581,1674,NE
1175151.597,X_LEG_1,3.69,20.18,-0.49,1,1581,1674,NE
1175151.618,X_LEG_1,3.69,20.18,-0.49,1,1581,1674,NE
1175151.639,X_LEG_1,3.69,20.18,-0.49,1,1581,1674,NE
1175151.659,X_LEG_1,3.54,20.13,-0.50,1,1581,1675,NE
1175151.680,X_LEG_1,3.54,20.13,-0.50,1,1581,1675,NE
1175151.700,X_LEG_1,3.54,20.13,-0.50,1,1581,1675,NE
1175151.720,X_LEG_1,3.54,20.13,-0.50,1,1581,1675,NE
1175151.741,X_LEG_1,3.54,20.13,-0.50,1,1581,1675,NE
1175151.761,X_LEG_1,3.39,20.07,-0.50,1,1580,1675,NE
1175151.782,X_LEG_1,3.39,20.07,-0.50,1,1580,1675,NE
1175151.802,X_LEG_1,3.39,20.07,-0.50,1,1580,1675,NE
1175151.823,X_LEG_1,3.39,20.07,-0.50,1,1580,1675,NE
1175151.843,X_LEG_1,3.39,20.07,-0.50,1,1580,1675,NE
1175151.863,X_LEG_1,3.23,20.02,-0.53,1,1580,1676,NE
1175151.884,X_LEG_1,3.23,20.02,-0.53,1,1580,1676,NE
1175151.905,X_LEG_1,3.23,20.02,-0.53,1,1580,1676,NE
1175151.925,X_LEG_1,3.23,20.02,-0.53,1,1580,1676,NE
1175151.946,X_LEG_1,3.23,20.02,-0.53,1,1580,1676,NE
1175151.967,X_LEG_1,3.08,19.96,-0.53,1,1580,1676,NE
1175151.988,X_LEG_1,3.08,19.96,-0.53,1,1580,1676,NE
1175152.008,X_LEG_1,3.08,19.96,-0.53,1,1580,1676,NE
1175152.029,X_LEG_1,3.08,19.96,-0.53,1,1580,1676,NE
1175152.049,X_LEG_1,3.08,19.96,-0.53,1,1580,1676,NE
1175152.069,X_LEG_1,2.93,19.91,-0.56,1,1580,1677,NE
1175152.090,X_LEG_1,2.93,19.91,-0.56,1,1580,1677,NE
1175152.110,X_LEG_1,2.93,19.91,-0.56,1,1580,1677,NE
1175152.131,X_LEG_1,2.93,19.91,-0.56,1,1580,1677,NE
1175152.151,X_LEG_1,2.93,19.91,-0.56,1,1580,1677,NE
1175152.172,X_LEG_1,2.78,19.84,-0.57,1,1579,1677,NE
1175152.192,X_LEG_1,2.78,19.84,-0.57,1,1579,1677,NE
1175152.213,X_LEG_1,2.78,19.84,-0.57,1,1579,1677,NE
1175152.233,X_LEG_1,2.78,19.84,-0.57,1,1579,1677,NE
1175152.254,X_LEG_1,2.78,19.84,-0.57,1,1579,1677,NE
1175152.274,X_LEG_1,2.78,19.84,-0.57,1,1579,1677,NE
1175152.295,X_LEG_1,2.78,19.84,-0.57,1,1579,1677,NE
1175152.315,X_LEG_1,2.78,19.84,-0.57,1,1579,1677,NE
1175152.336,X_LEG_1,2.78,19.84,-0.57,1,1579,1677,NE
1175152.357,X_LEG_1,2.78,19.84,-0.57,1,1579,1677,NE
1175152.377,X_LEG_1,2.63,19.80,-0.57,1,1579,1678,NE
1175152.398,X_LEG_1,2.63,19.80,-0.57,1,1579,1678,NE
1175152.419,X_LEG_1,2.63,19.80,-0.57,1,1579,1678,NE
1175152.440,X_LEG_1,2.63,19.80,-0.57,1,1579,1678,NE
1175152.460,X_LEG_1,2.63,19.80,-0.57,1,1579,1678,NE
1175152.481,X_LEG_1,2.49,19.74,-0.58,1,1579,1678,NE
1175152.502,X_LEG_1,2.49,19.74,-0.58,1,1579,1678,NE
1175152.522,X_LEG_1,2.49,19.74,-0.58,1,1579,1678,NE
1175152.543,X_LEG_1,2.49,19.74,-0.58,1,1579,1678,NE
1175152.564,X_LEG_1,2.49,19.74,-0.58,1,1579,1678,NE
1175152.584,X_LEG_1,2.34,19.68,-0.61,1,1579,1678,NE
1175152.605,X_LEG_1,2.34,19.68,-0.61,1,1579,1678,NE
1175152.626,X_LEG_1,2.34,19.68,-0.61,1,1579,1678,NE
1175152.646,X_LEG_1,2.34,19.68,-0.61,1,1579,1678,NE
1175152.667,X_LEG_1,2.34,19.68,-0.61,1,1579,1678,NE
1175152.688,X_LEG_1,2.19,19.62,-0.61,1,1578,1679,NE
1175152.708,X_LEG_1,2.19,19.62,-0.61,1,1578,1679,NE
1175152.729,X_LEG_1,2.19,19.62,-0.61,1,1578,1679,NE
1175152.749,X_LEG_1,2.19,19.62,-0.61,1,1578,1679,NE
1175152.770,X_LEG_1,2.19,19.62,-0.61,1,1578,1679,NE
1175152.790,X_LEG_1,2.04,19.58,-0.62,1,1578,1679,NE
1175152.811,X_LEG_1,2.04,19.58,-0.62,1,1578,1679,NE
1175152.831,X_LEG_1,2.04,19.58,-0.62,1,1578,1679,NE
1175152.851,X_LEG_1,2.04,19.58,-0.62,1,1578,1679,NE
1175152.871,X_LEG_1,2.04,19.58,-0.62,1,1578,1679,NE
1175152.892,X_LEG_1,1.90,19.51,-0.63,1,1578,1680,NE
1175152.912,X_LEG_1,1.90,19.51,-0.63,1,1578,1680,NE
1175152.933,X_LEG_1,1.90,19.51,-0.63,1,1578,1680,NE
1175152.954,X_LEG_1,1.90,19.51,-0.63,1,1578,1680,NE
1175152.974,X_LEG_1,1.90,19.51,-0.63,1,1578,1680,NE
1175152.995,X_LEG_1,1.75,19.46,-0.65,1,1578,1680,NE
1175153.015,X_LEG_1,1.75,19.46,-0.65,1,1578,1680,NE
1175153.036,X_LEG_1,1.75,19.46,-0.65,1,1578,1680,NE
1175153.056,X_LEG_1,1.75,19.46,-0.65,1,1578,1680,NE
1175153.077,X_LEG_1,1.75,19.46,-0.65,1,1578,1680,NE
1175153.097,X_LEG_1,1.60,19.40,-0.66,1,1578,1681,NE
1175153.117,X_LEG_1,1.60,19.40,-0.66,1,1578,1681,NE
1175153.138,X_LEG_1,1.60,19.40,-0.66,1,1578,1681,NE
1175153.158,X_LEG_1,1.60,19.40,-0.66,1,1578,1681,NE
1175153.179,X_LEG_1,1.60,19.40,-0.66,1,1578,1681,NE
1175153.200,X_LEG_1,1.46,19.35,-0.67,1,1577,1681,NE
1175153.220,X_LEG_1,1.46,19.35,-0.67,1,1577,1681,NE
1175153.240,X_LEG_1,1.46,19.35,-0.67,1,1577,1681,NE
1175153.261,X_LEG_1,1.46,19.35,-0.67,1,1577,1681,NE
1175153.281,X_LEG_1,1.46,19.35,-0.67,1,1577,1681,NE
1175153.302,X_LEG_1,1.31,19.30,-0.70,1,1577,1682,NE
1175153.322,X_LEG_1,1.31,19.30,-0.70,1,1577,1682,NE
1175153.342,X_LEG_1,1.31,19.30,-0.70,1,1577,1682,NE
1175153.363,X_LEG_1,1.31,19.30,-0.70,1,1577,1682,NE
1175153.384,X_LEG_1,1.31,19.30,-0.70,1,1577,1682,NE
1175153.404,X_LEG_1,1.17,19.25,-0.68,1,1577,1682,NE
1175153.424,X_LEG_1,1.17,19.25,-0.68,1,1577,1682,NE
1175153.445,X_LEG_1,1.17,19.25,-0.68,1,1577,1682,NE
1175153.465,X_LEG_1,1.17,19.25,-0.68,1,1577,1682,NE
1175153.485,X_LEG_1,1.17,19.25,-0.68,1,1577,1682,NE
1175153.506,X_LEG_1,1.03,19.19,-0.71,1,1577,1682,NE
1175153.527,X_LEG_1,1.03,19.19,-0.71,1,1577,1682,NE
1175153.547,X_LEG_1,1.03,19.19,-0.71,1,1577,1682,NE
1175153.567,X_LEG_1,1.03,19.19,-0.71,1,1577,1682,NE
1175153.588,X_LEG_1,1.03,19.19,-0.71,1,1577,1682,NE
1175153.609,X_LEG_1,0.89,19.14,-0.74,1,1577,1683,NE
1175153.629,X_LEG_1,0.89,19.14,-0.74,1,1577,1683,NE
1175153.649,X_LEG_1,0.89,19.14,-0.74,1,1577,1683,NE
1175153.669,X_LEG_1,0.89,19.14,-0.74,1,1577,1683,NE
1175153.690,X_LEG_1,0.89,19.14,-0.74,1,1577,1683,NE
1175153.711,X_LEG_1,0.89,19.14,-0.74,1,1577,1683,NE
1175153.731,X_LEG_1,0.89,19.14,-0.74,1,1577,1683,NE
1175153.751,X_LEG_1,0.89,19.14,-0.74,1,1577,1683,NE
1175153.771,X_LEG_1,0.89,19.14,-0.74,1,1577,1683,NE
1175153.793,X_LEG_1,0.89,19.14,-0.74,1,1577,1683,NE
1175153.813,X_LEG_1,0.75,19.09,-0.73,1,1576,1683,NE
1175153.833,X_LEG_1,0.75,19.09,-0.73,1,1576,1683,NE
1175153.854,X_LEG_1,0.75,19.09,-0.73,1,1576,1683,NE
1175153.874,X_LEG_1,0.75,19.09,-0.73,1,1576,1683,NE
1175153.895,X_LEG_1,0.75,19.09,-0.73,1,1576,1683,NE
1175153.916,X_LEG_1,0.61,19.03,-0.75,1,1576,1684,NE
1175153.937,X_LEG_1,0.61,19.03,-0.75,1,1576,1684,NE
1175153.957,X_LEG_1,0.61,19.03,-0.75,1,1576,1684,NE
1175153.978,X_LEG_1,0.61,19.03,-0.75,1,1576,1684,NE
1175153.998,X_LEG_1,0.61,19.03,-0.75,1,1576,1684,NE
1175154.019,X_LEG_1,0.33,18.92,-0.77,1,1576,1685,NE
1175154.040,X_LEG_1,0.33,18.92,-0.77,1,1576,1685,NE
1175154.060,X_LEG_1,0.33,18.92,-0.77,1,1576,1685,NE
1175154.081,X_LEG_1,0.33,18.92,-0.77,1,1576,1685,NE
1175154.102,X_LEG_1,0.33,18.92,-0.77,1,1576,1685,NE
1175154.123,X_LEG_1,0.33,18.92,-0.77,1,1576,1685,NE
1175154.143,X_LEG_1,0.33,18.92,-0.77,1,1576,1685,NE
1175154.164,X_LEG_1,0.33,18.92,-0.77,1,1576,1685,NE
1175154.184,X_LEG_1,0.33,18.92,-0.77,1,1576,1685,NE
1175154.205,X_LEG_1,0.33,18.92,-0.77,1,1576,1685,NE
1175154.225,X_LEG_1,0.19,18.87,-0.80,1,1575,1685,NE
1175154.246,X_LEG_1,0.19,18.87,-0.80,1,1575,1685,NE
1175154.266,X_LEG_1,0.19,18.87,-0.80,1,1575,1685,NE
1175154.286,X_LEG_1,0.19,18.87,-0.80,1,1575,1685,NE
1175154.307,X_LEG_1,0.19,18.87,-0.80,1,1575,1685,NE
1175154.327,X_LEG_1,0.05,18.82,-0.81,1,1575,1685,NE
1175154.348,X_LEG_1,0.05,18.82,-0.81,1,1575,1685,NE
1175154.368,X_LEG_1,0.05,18.82,-0.81,1,1575,1685,NE
1175154.389,X_LEG_1,0.05,18.82,-0.81,1,1575,1685,NE
1175154.409,X_LEG_1,0.05,18.82,-0.81,1,1575,1685,NE
1175154.429,X_LEG_1,0.00,18.82,-0.83,1,1575,1686,NE
1175154.450,X_LEG_1,0.00,18.82,-0.83,1,1575,1686,NE
1175154.470,X_LEG_1,0.00,18.82,-0.83,1,1575,1686,NE
1175154.491,X_LEG_1,0.00,18.82,-0.83,1,1575,1686,NE
1175154.513,X_LEG_1,0.00,18.82,-0.83,1,1575,1686,NE
1175154.534,X_LEG_1,0.01,18.83,-0.85,1,1575,1685,NE
1175154.554,X_LEG_1,0.01,18.83,-0.85,1,1575,1685,NE
1175154.575,X_LEG_1,0.01,18.83,-0.85,1,1575,1685,NE
1175154.595,X_LEG_1,0.01,18.83,-0.85,1,1575,1685,NE
1175154.615,X_LEG_1,0.01,18.83,-0.85,1,1575,1685,NE
1175154.636,X_LEG_1,0.01,18.83,-3.83,1,1575,1685,NE
1175154.657,X_LEG_1,0.01,18.83,-3.83,1,1575,1685,NE
1175154.677,X_LEG_1,0.01,18.83,-3.83,1,1575,1685,NE
1175154.698,X_LEG_1,0.01,18.83,-3.83,1,1575,1685,NE
1175154.718,X_LEG_1,0.01,18.83,-3.83,1,1575,1685,NE
1175154.738,X_LEG_1,0.02,18.85,-3.83,1,1575,1685,NE
1175154.759,X_LEG_1,0.02,18.85,-3.83,1,1575,1685,NE
1175154.779,X_LEG_1,0.02,18.85,-3.83,1,1575,1685,NE
1175154.800,X_LEG_1,0.02,18.85,-3.83,1,1575,1685,NE
1175154.820,X_LEG_1,0.02,18.85,-3.83,1,1575,1685,NE
1175154.841,X_LEG_1,0.03,18.86,-3.85,1,1575,1685,NE
1175154.861,X_LEG_1,0.03,18.86,-3.85,1,1575,1685,NE
1175154.882,X_LEG_1,0.03,18.86,-3.85,1,1575,1685,NE
1175154.903,X_LEG_1,0.03,18.86,-3.85,1,1575,1685,NE
1175154.923,X_LEG_1,0.03,18.86,-3.85,1,1575,1685,NE
1175154.945,X_LEG_1,0.03,18.86,-3.85,1,1575,1685,NE
1175154.965,X_LEG_1,0.03,18.86,-3.85,1,1575,1685,NE
1175154.986,X_LEG_1,0.03,18.86,-3.85,1,1575,1685,NE
1175155.007,X_LEG_1,0.03,18.86,-3.85,1,1575,1685,NE
1175155.027,X_LEG_1,0.03,18.86,-3.85,1,1575,1685,NE
1175155.047,X_LEG_1,0.04,18.87,-3.86,1,1575,1685,NE
1175155.068,X_LEG_1,0.04,18.87,-3.86,1,1575,1685,NE
1175155.088,X_LEG_1,0.04,18.87,-3.86,1,1575,1685,NE
1175155.109,X_LEG_1,0.04,18.87,-3.86,1,1575,1685,NE
1175155.129,X_LEG_1,0.04,18.87,-3.86,1,1575,1685,NE
1175155.149,X_LEG_1,0.05,18.88,3.14,1,1576,1685,NE
1175155.170,X_LEG_1,0.05,18.88,3.14,1,1576,1685,NE
1175155.190,X_LEG_1,0.05,18.88,3.14,1,1576,1685,NE
1175155.211,X_LEG_1,0.05,18.88,3.14,1,1576,1685,NE
1175155.231,X_LEG_1,0.05,18.88,3.14,1,1576,1685,NE
1175155.252,X_LEG_1,0.06,18.89,3.12,1,1576,1685,NE
1175155.272,X_LEG_1,0.06,18.89,3.12,1,1576,1685,NE
1175155.292,X_LEG_1,0.06,18.89,3.12,1,1576,1685,NE
1175155.313,X_LEG_1,0.06,18.89,3.12,1,1576,1685,NE
1175155.334,X_LEG_1,0.06,18.89,3.12,1,1576,1685,NE
1175155.354,X_LEG_1,0.08,18.91,3.11,1,1576,1685,NE
1175155.374,X_LEG_1,0.08,18.91,3.11,1,1576,1685,NE
1175155.394,X_LEG_1,0.08,18.91,3.11,1,1576,1685,NE
1175155.415,X_LEG_1,0.08,18.91,3.11,1,1576,1685,NE
1175155.435,X_LEG_1,0.08,18.91,3.11,1,1576,1685,NE
1175155.456,X_LEG_1,0.09,18.91,3.09,1,1576,1685,NE
1175155.476,X_LEG_1,0.09,18.91,3.09,1,1576,1685,NE
1175155.496,X_LEG_1,0.09,18.91,3.09,1,1576,1685,NE
1175155.517,X_LEG_1,0.09,18.91,3.09,1,1576,1685,NE
1175155.538,X_LEG_1,0.09,18.91,3.09,1,1576,1685,NE
1175155.558,X_LEG_1,0.11,18.92,3.11,1,1576,1685,NE
1175155.578,X_LEG_1,0.11,18.92,3.11,1,1576,1685,NE
1175155.600,X_LEG_1,0.11,18.92,3.11,1,1576,1685,NE
1175155.620,X_LEG_1,0.11,18.92,3.11,1,1576,1685,NE
1175155.640,X_LEG_1,0.11,18.92,3.11,1,1576,1685,NE
1175155.661,X_LEG_1,0.13,18.93,-0.91,1,1576,1685,NE
1175155.681,X_LEG_1,0.13,18.93,-0.91,1,1576,1685,NE
1175155.702,X_LEG_1,0.13,18.93,-0.91,1,1576,1685,NE
1175155.722,X_LEG_1,0.13,18.93,-0.91,1,1576,1685,NE
1175155.743,X_LEG_1,0.13,18.93,-0.91,1,1576,1685,NE
1175155.763,X_LEG_1,0.14,18.94,-0.93,1,1576,1685,NE
1175155.784,X_LEG_1,0.14,18.94,-0.93,1,1576,1685,NE
1175155.804,X_LEG_1,0.14,18.94,-0.93,1,1576,1685,NE
1175155.824,X_LEG_1,0.14,18.94,-0.93,1,1576,1685,NE
1175155.844,X_LEG_1,0.14,18.94,-0.93,1,1576,1685,NE
1175155.865,X_LEG_1,0.16,18.94,-0.96,1,1576,1685,NE
1175155.886,X_LEG_1,0.16,18.94,-0.96,1,1576,1685,NE
1175155.906,X_LEG_1,0.16,18.94,-0.96,1,1576,1685,NE
1175155.927,X_LEG_1,0.16,18.94,-0.96,1,1576,1685,NE
1175155.947,X_LEG_1,0.16,18.94,-0.96,1,1576,1685,NE
1175155.968,X_LEG_1,0.18,18.94,-0.96,1,1576,1685,NE
1175155.988,X_LEG_1,0.18,18.94,-0.96,1,1576,1685,NE
1175156.009,X_LEG_1,0.18,18.94,-0.96,1,1576,1685,NE
1175156.029,X_LEG_1,0.18,18.94,-0.96,1,1576,1685,NE
1175156.050,X_LEG_1,0.18,18.94,-0.96,1,1576,1685,NE
1175156.070,X_LEG_1,0.20,18.95,-0.98,1,1576,1685,NE
1175156.090,X_LEG_1,0.20,18.95,-0.98,1,1576,1685,NE
1175156.110,X_LEG_1,0.20,18.95,-0.98,1,1576,1685,NE
1175156.131,X_LEG_1,0.20,18.95,-0.98,1,1576,1685,NE
1175156.152,X_LEG_1,0.20,18.95,-0.98,1,1576,1685,NE
1175156.172,X_LEG_1,0.22,18.95,-0.98,1,1576,1685,NE
1175156.193,X_LEG_1,0.22,18.95,-0.98,1,1576,1685,NE
1175156.213,X_LEG_1,0.22,18.95,-0.98,1,1576,1685,NE
1175156.234,X_LEG_1,0.22,18.95,-0.98,1,1576,1685,NE
1175156.254,X_LEG_1,0.22,18.95,-0.98,1,1576,1685,NE
1175156.274,X_LEG_1,0.24,18.96,-2.00,1,1576,1685,NE
1175156.295,X_LEG_1,0.24,18.96,-2.00,1,1576,1685,NE
1175156.316,X_LEG_1,0.24,18.96,-2.00,1,1576,1685,NE
1175156.336,X_LEG_1,0.24,18.96,-2.00,1,1576,1685,NE
1175156.357,X_LEG_1,0.24,18.96,-2.00,1,1576,1685,NE
1175156.377,X_LEG_1,0.26,18.96,-2.00,1,1576,1685,NE
1175156.398,X_LEG_1,0.26,18.96,-2.00,1,1576,1685,NE
1175156.418,X_LEG_1,0.26,18.96,-2.00,1,1576,1685,NE
1175156.438,X_LEG_1,0.26,18.96,-2.00,1,1576,1685,NE
1175156.459,X_LEG_1,0.26,18.96,-2.00,1,1576,1685,NE
1175156.479,X_LEG_1,0.26,18.96,-2.00,1,1576,1685,NE
1175156.499,X_LEG_1,0.26,18.96,-2.00,1,1576,1685,NE
1175156.520,X_LEG_1,0.26,18.96,-2.00,1,1576,1685,NE
1175156.540,X_LEG_1,0.26,18.96,-2.00,1,1576,1685,NE
1175156.561,X_LEG_1,0.26,18.96,-2.00,1,1576,1685,NE
1175156.582,X_LEG_1,0.30,18.97,-2.02,1,1576,1685,NE
1175156.602,X_LEG_1,0.30,18.97,-2.02,1,1576,1685,NE
1175156.622,X_LEG_1,0.30,18.97,-2.02,1,1576,1685,NE
1175156.643,X_LEG_1,0.30,18.97,-2.02,1,1576,1685,NE
1175156.663,X_LEG_1,0.30,18.97,-2.02,1,1576,1685,NE
1175156.684,X_LEG_1,0.32,18.97,-2.02,1,1576,1685,NE
1175156.705,X_LEG_1,0.32,18.97,-2.02,1,1576,1685,NE
1175156.725,X_LEG_1,0.32,18.97,-2.02,1,1576,1685,NE
1175156.745,X_LEG_1,0.32,18.97,-2.02,1,1576,1685,NE
1175156.766,X_LEG_1,0.32,18.97,-2.02,1,1576,1685,NE
1175156.787,X_LEG_1,0.35,18.98,0.96,1,1576,1684,NE
1175156.807,X_LEG_1,0.35,18.98,0.96,1,1576,1684,NE
1175156.828,X_LEG_1,0.35,18.98,0.96,1,1576,1684,NE
1175156.849,X_LEG_1,0.35,18.98,0.96,1,1576,1684,NE
1175156.869,X_LEG_1,0.35,18.98,0.96,1,1576,1684,NE
1175156.890,X_LEG_1,0.38,18.97,0.94,1,1576,1684,NE
1175156.910,X_LEG_1,0.38,18.97,0.94,1,1576,1684,NE
1175156.931,X_LEG_1,0.38,18.97,0.94,1,1576,1684,NE
1175156.951,X_LEG_1,0.38,18.97,0.94,1,1576,1684,NE
1175156.971,X_LEG_1,0.38,18.97,0.94,1,1576,1684,NE
1175156.992,X_LEG_1,0.38,18.97,0.94,1,1576,1684,NE
1175157.012,X_LEG_1,0.38,18.97,0.94,1,1576,1684,NE
1175157.033,X_LEG_1,0.38,18.97,0.94,1,1576,1684,NE
1175157.053,X_LEG_1,0.38,18.97,0.94,1,1576,1684,NE
1175157.073,X_LEG_1,0.38,18.97,0.94,1,1576,1684,NE
1175157.094,X_LEG_1,0.42,18.98,0.92,1,1576,1684,NE
1175157.114,X_LEG_1,0.42,18.98,0.92,1,1576,1684,NE
1175157.135,X_LEG_1,0.42,18.98,0.92,1,1576,1684,NE
1175157.155,X_LEG_1,0.42,18.98,0.92,1,1576,1684,NE
1175157.176,X_LEG_1,0.42,18.98,0.92,1,1576,1684,NE
1175157.196,X_LEG_1,0.44,18.98,0.92,1,1576,1684,NE
1175157.217,X_LEG_1,0.44,18.98,0.92,1,1576,1684,NE
1175157.237,X_LEG_1,0.44,18.98,0.92,1,1576,1684,NE
1175157.258,X_LEG_1,0.44,18.98,0.92,1,1576,1684,NE
1175157.278,X_LEG_1,0.44,18.98,0.92,1,1576,1684,NE
1175157.298,X_LEG_1,0.49,18.98,-1.10,1,1576,1684,NE
1175157.319,X_LEG_1,0.49,18.98,-1.10,1,1576,1684,NE
1175157.339,X_LEG_1,0.49,18.98,-1.10,1,1576,1684,NE
1175157.360,X_LEG_1,0.49,18.98,-1.10,1,1576,1684,NE
1175157.380,X_LEG_1,0.49,18.98,-1.10,1,1576,1684,NE
1175157.401,X_LEG_1,0.52,18.98,-1.13,1,1576,1684,NE
1175157.422,X_LEG_1,0.52,18.98,-1.13,1,1576,1684,NE
1175157.442,X_LEG_1,0.52,18.98,-1.13,1,1576,1684,NE
1175157.462,X_LEG_1,0.52,18.98,-1.13,1,1576,1684,NE
1175157.483,X_LEG_1,0.52,18.98,-1.13,1,1576,1684,NE
1175157.503,X_LEG_1,0.52,18.98,-1.13,1,1576,1684,NE
1175157.523,X_LEG_1,0.52,18.98,-1.13,1,1576,1684,NE
1175157.544,X_LEG_1,0.52,18.98,-1.13,1,1576,1684,NE
1175157.564,X_LEG_1,0.52,18.98,-1.13,1,1576,1684,NE
1175157.585,X_LEG_1,0.52,18.98,-1.13,1,1576,1684,NE
1175157.605,X_LEG_1,0.56,18.98,-1.14,1,1576,1684,NE
1175157.626,X_LEG_1,0.56,18.98,-1.14,1,1576,1684,NE
1175157.646,X_LEG_1,0.56,18.98,-1.14,1,1576,1684,NE
1175157.666,X_LEG_1,0.56,18.98,-1.14,1,1576,1684,NE
1175157.687,X_LEG_1,0.56,18.98,-1.14,1,1576,1684,NE
1175157.707,X_LEG_1,0.60,18.97,-1.16,1,1576,1684,NE
1175157.727,X_LEG_1,0.60,18.97,-1.16,1,1576,1684,NE
1175157.748,X_LEG_1,0.60,18.97,-1.16,1,1576,1684,NE
1175157.768,X_LEG_1,0.60,18.97,-1.16,1,1576,1684,NE
1175157.788,X_LEG_1,0.60,18.97,-1.16,1,1576,1684,NE
1175157.809,X_LEG_1,0.63,18.97,-0.16,1,1576,1684,NE
1175157.829,X_LEG_1,0.63,18.97,-0.16,1,1576,1684,NE
1175157.850,X_LEG_1,0.63,18.97,-0.16,1,1576,1684,NE
1175157.870,X_LEG_1,0.63,18.97,-0.16,1,1576,1684,NE
1175157.891,X_LEG_1,0.63,18.97,-0.16,1,1576,1684,NE
1175157.912,X_LEG_1,0.63,18.97,-0.16,1,1576,1684,NE
1175157.932,X_LEG_1,0.63,18.97,-0.16,1,1576,1684,NE
1175157.952,X_LEG_1,0.63,18.97,-0.16,1,1576,1684,NE
1175157.972,X_LEG_1,0.63,18.97,-0.16,1,1576,1684,NE
1175157.993,X_LEG_1,0.63,18.97,-0.16,1,1576,1684,NE
1175158.013,X_LEG_1,0.68,18.97,-0.18,1,1576,1683,NE
1175158.034,X_LEG_1,0.68,18.97,-0.18,1,1576,1683,NE
1175158.055,X_LEG_1,0.68,18.97,-0.18,1,1576,1683,NE
1175158.075,X_LEG_1,0.68,18.97,-0.18,1,1576,1683,NE
1175158.096,X_LEG_1,0.68,18.97,-0.18,1,1576,1683,NE
1175158.116,X_LEG_1,0.71,18.97,-0.18,1,1576,1683,NE
1175158.136,X_LEG_1,0.71,18.97,-0.18,1,1576,1683,NE
1175158.157,X_LEG_1,0.71,18.97,-0.18,1,1576,1683,NE
1175158.177,X_LEG_1,0.71,18.97,-0.18,1,1576,1683,NE
1175158.197,X_LEG_1,0.71,18.97,-0.18,1,1576,1683,NE
1175158.218,X_LEG_1,0.77,18.96,-0.20,1,1576,1683,NE
1175158.238,X_LEG_1,0.77,18.96,-0.20,1,1576,1683,NE
1175158.259,X_LEG_1,0.77,18.96,-0.20,1,1576,1683,NE
1175158.279,X_LEG_1,0.77,18.96,-0.20,1,1576,1683,NE
1175158.299,X_LEG_1,0.77,18.96,-0.20,1,1576,1683,NE
1175158.320,X_LEG_1,0.80,18.96,-0.22,1,1576,1683,NE
1175158.340,X_LEG_1,0.80,18.96,-0.22,1,1576,1683,NE
1175158.361,X_LEG_1,0.80,18.96,-0.22,1,1576,1683,NE
1175158.382,X_LEG_1,0.80,18.96,-0.22,1,1576,1683,NE
1175158.402,X_LEG_1,0.80,18.96,-0.22,1,1576,1683,NE
1175158.423,X_LEG_1,0.80,18.96,-0.22,1,1576,1683,NE
1175158.443,X_LEG_1,0.80,18.96,-0.22,1,1576,1683,NE
1175158.464,X_LEG_1,0.80,18.96,-0.22,1,1576,1683,NE
1175158.484,X_LEG_1,0.80,18.96,-0.22,1,1576,1683,NE
1175158.505,X_LEG_1,0.80,18.96,-0.22,1,1576,1683,NE
1175158.525,X_LEG_1,0.86,18.95,-0.24,1,1576,1683,NE
1175158.546,X_LEG_1,0.86,18.95,-0.24,1,1576,1683,NE
1175158.566,X_LEG_1,0.86,18.95,-0.24,1,1576,1683,NE
1175158.587,X_LEG_1,0.86,18.95,-0.24,1,1576,1683,NE
1175158.608,X_LEG_1,0.86,18.95,-0.24,1,1576,1683,NE
1175158.628,X_LEG_1,0.90,18.95,-0.26,1,1576,1683,NE
1175158.648,X_LEG_1,0.90,18.95,-0.26,1,1576,1683,NE
1175158.669,X_LEG_1,0.90,18.95,-0.26,1,1576,1683,NE
1175158.689,X_LEG_1,0.90,18.95,-0.26,1,1576,1683,NE
1175158.709,X_LEG_1,0.90,18.95,-0.26,1,1576,1683,NE
1175158.729,X_LEG_1,0.93,18.94,-0.28,1,1576,1683,NE
1175158.750,X_LEG_1,0.93,18.94,-0.28,1,1576,1683,NE
1175158.770,X_LEG_1,0.93,18.94,-0.28,1,1576,1683,NE
1175158.791,X_LEG_1,0.93,18.94,-0.28,1,1576,1683,NE
1175158.811,X_LEG_1,0.93,18.94,-0.28,1,1576,1683,NE
1175158.831,X_LEG_1,0.97,18.93,-0.30,1,1576,1683,NE
1175158.852,X_LEG_1,0.97,18.93,-0.30,1,1576,1683,NE
1175158.872,X_LEG_1,0.97,18.93,-0.30,1,1576,1683,NE
1175158.893,X_LEG_1,0.97,18.93,-0.30,1,1576,1683,NE
1175158.913,X_LEG_1,0.97,18.93,-0.30,1,1576,1683,NE
1175158.934,X_LEG_1,1.03,18.93,-0.32,1,1576,1682,NE
1175158.954,X_LEG_1,1.03,18.93,-0.32,1,1576,1682,NE
1175158.975,X_LEG_1,1.03,18.93,-0.32,1,1576,1682,NE
1175158.995,X_LEG_1,1.03,18.93,-0.32,1,1576,1682,NE
1175159.015,X_LEG_1,1.03,18.93,-0.32,1,1576,1682,NE
1175159.036,X_LEG_1,1.07,18.92,-0.31,1,1576,1682,NE
1175159.056,X_LEG_1,1.07,18.92,-0.31,1,1576,1682,NE
1175159.077,X_LEG_1,1.07,18.92,-0.31,1,1576,1682,NE
1175159.097,X_LEG_1,1.07,18.92,-0.31,1,1576,1682,NE
1175159.118,X_LEG_1,1.07,18.92,-0.31,1,1576,1682,NE
1175159.138,X_LEG_1,1.07,18.92,-0.31,1,1576,1682,NE
1175159.159,X_LEG_1,1.07,18.92,-0.31,1,1576,1682,NE
1175159.181,X_LEG_1,1.07,18.92,-0.31,1,1576,1682,NE
1175159.201,X_LEG_1,1.07,18.92,-0.31,1,1576,1682,NE
1175159.221,X_LEG_1,1.07,18.92,-0.31,1,1576,1682,NE
1175159.242,X_LEG_1,1.12,18.92,-0.31,1,1576,1682,NE
1175159.263,X_LEG_1,1.12,18.92,-0.31,1,1576,1682,NE
1175159.284,X_LEG_1,1.12,18.92,-0.31,1,1576,1682,NE
1175159.304,X_LEG_1,1.12,18.92,-0.31,1,1576,1682,NE
1175159.325,X_LEG_1,1.12,18.92,-0.31,1,1576,1682,NE
1175159.345,X_LEG_1,1.16,18.91,-0.33,1,1576,1682,NE
1175159.366,X_LEG_1,1.16,18.91,-0.33,1,1576,1682,NE
1175159.386,X_LEG_1,1.16,18.91,-0.33,1,1576,1682,NE
1175159.407,X_LEG_1,1.16,18.91,-0.33,1,1576,1682,NE
1175159.427,X_LEG_1,1.16,18.91,-0.33,1,1576,1682,NE
1175159.448,X_LEG_1,1.20,18.90,-0.35,1,1576,1682,NE
1175159.468,X_LEG_1,1.20,18.90,-0.35,1,1576,1682,NE
1175159.489,X_LEG_1,1.20,18.90,-0.35,1,1576,1682,NE
1175159.509,X_LEG_1,1.20,18.90,-0.35,1,1576,1682,NE
1175159.530,X_LEG_1,1.20,18.90,-0.35,1,1576,1682,NE
1175159.550,X_LEG_1,1.27,18.89,-0.37,1,1576,1682,NE
1175159.571,X_LEG_1,1.27,18.89,-0.37,1,1576,1682,NE
1175159.591,X_LEG_1,1.27,18.89,-0.37,1,1576,1682,NE
1175159.612,X_LEG_1,1.27,18.89,-0.37,1,1576,1682,NE
1175159.633,X_LEG_1,1.27,18.89,-0.37,1,1576,1682,NE
1175159.653,X_LEG_1,1.31,18.88,-0.39,1,1576,1682,NE
1175159.673,X_LEG_1,1.31,18.88,-0.39,1,1576,1682,NE
1175159.694,X_LEG_1,1.31,18.88,-0.39,1,1576,1682,NE
1175159.714,X_LEG_1,1.31,18.88,-0.39,1,1576,1682,NE
1175159.735,X_LEG_1,1.31,18.88,-0.39,1,1576,1682,NE
1175159.755,X_LEG_1,1.36,18.87,-0.39,1,1575,1681,NE
1175159.776,X_LEG_1,1.36,18.87,-0.39,1,1575,1681,NE
1175159.796,X_LEG_1,1.36,18.87,-0.39,1,1575,1681,NE
1175159.817,X_LEG_1,1.36,18.87,-0.39,1,1575,1681,NE
1175159.838,X_LEG_1,1.36,18.87,-0.39,1,1575,1681,NE
1175159.858,X_LEG_1,1.40,18.86,-0.40,1,1575,1681,NE
1175159.879,X_LEG_1,1.40,18.86,-0.40,1,1575,1681,NE
1175159.899,X_LEG_1,1.40,18.86,-0.40,1,1575,1681,NE
1175159.920,X_LEG_1,1.40,18.86,-0.40,1,1575,1681,NE
1175159.940,X_LEG_1,1.40,18.86,-0.40,1,1575,1681,NE
1175159.961,X_LEG_1,1.40,18.86,-0.40,1,1575,1681,NE
1175159.981,X_LEG_1,1.40,18.86,-0.40,1,1575,1681,NE
1175160.002,X_LEG_1,1.40,18.86,-0.40,1,1575,1681,NE
1175160.022,X_LEG_1,1.40,18.86,-0.40,1,1575,1681,NE
1175160.042,X_LEG_1,1.40,18.86,-0.40,1,1575,1681,NE
1175160.063,X_LEG_1,1.45,18.86,-0.42,1,1575,1681,NE
1175160.084,X_LEG_1,1.45,18.86,-0.42,1,1575,1681,NE
1175160.104,X_LEG_1,1.45,18.86,-0.42,1,1575,1681,NE
1175160.125,X_LEG_1,1.45,18.86,-0.42,1,1575,1681,NE
1175160.146,X_LEG_1,1.45,18.86,-0.42,1,1575,1681,NE
1175160.166,X_LEG_1,1.50,18.84,-0.42,1,1575,1681,NE
1175160.187,X_LEG_1,1.50,18.84,-0.42,1,1575,1681,NE
1175160.207,X_LEG_1,1.50,18.84,-0.42,1,1575,1681,NE
1175160.228,X_LEG_1,1.50,18.84,-0.42,1,1575,1681,NE
1175160.248,X_LEG_1,1.50,18.84,-0.42,1,1575,1681,NE
1175160.269,X_LEG_1,1.55,18.84,-0.44,1,1575,1681,NE
1175160.289,X_LEG_1,1.55,18.84,-0.44,1,1575,1681,NE
1175160.309,X_LEG_1,1.55,18.84,-0.44,1,1575,1681,NE
1175160.330,X_LEG_1,1.55,18.84,-0.44,1,1575,1681,NE
1175160.350,X_LEG_1,1.55,18.84,-0.44,1,1575,1681,NE
1175160.371,X_LEG_1,1.59,18.82,-0.44,1,1575,1681,NE
1175160.391,X_LEG_1,1.59,18.82,-0.44,1,1575,1681,NE
1175160.412,X_LEG_1,1.59,18.82,-0.44,1,1575,1681,NE
1175160.433,X_LEG_1,1.59,18.82,-0.44,1,1575,1681,NE
1175160.453,X_LEG_1,1.59,18.82,-0.44,1,1575,1681,NE
1175160.473,X_LEG_1,1.65,18.82,-0.46,1,1575,1681,NE
1175160.494,X_LEG_1,1.65,18.82,-0.46,1,1575,1681,NE
1175160.515,X_LEG_1,1.65,18.82,-0.46,1,1575,1681,NE
1175160.535,X_LEG_1,1.65,18.82,-0.46,1,1575,1681,NE
1175160.556,X_LEG_1,1.65,18.82,-0.46,1,1575,1681,NE
1175160.576,X_LEG_1,1.69,18.80,-0.47,1,1575,1680,NE
1175160.597,X_LEG_1,1.69,18.80,-0.47,1,1575,1680,NE
1175160.617,X_LEG_1,1.69,18.80,-0.47,1,1575,1680,NE
1175160.638,X_LEG_1,1.69,18.80,-0.47,1,1575,1680,NE
1175160.659,X_LEG_1,1.69,18.80,-0.47,1,1575,1680,NE
1175160.679,X_LEG_1,1.75,18.78,-0.47,1,1575,1680,NE
1175160.699,X_LEG_1,1.75,18.78,-0.47,1,1575,1680,NE
1175160.721,X_LEG_1,1.75,18.78,-0.47,1,1575,1680,NE
1175160.741,X_LEG_1,1.75,18.78,-0.47,1,1575,1680,NE
1175160.761,X_LEG_1,1.75,18.78,-0.47,1,1575,1680,NE
1175160.782,X_LEG_1,1.80,18.78,-0.49,1,1575,1680,NE
1175160.803,X_LEG_1,1.80,18.78,-0.49,1,1575,1680,NE
1175160.823,X_LEG_1,1.80,18.78,-0.49,1,1575,1680,NE
1175160.844,X_LEG_1,1.80,18.78,-0.49,1,1575,1680,NE
1175160.864,X_LEG_1,1.80,18.78,-0.49,1,1575,1680,NE
1175160.885,X_LEG_1,1.85,18.76,-0.49,1,1575,1680,NE
1175160.905,X_LEG_1,1.85,18.76,-0.49,1,1575,1680,NE
1175160.926,X_LEG_1,1.85,18.76,-0.49,1,1575,1680,NE
1175160.946,X_LEG_1,1.85,18.76,-0.49,1,1575,1680,NE
1175160.967,X_LEG_1,1.85,18.76,-0.49,1,1575,1680,NE
1175160.987,X_LEG_1,1.90,18.75,-0.53,1,1575,1680,NE
1175161.008,X_LEG_1,1.90,18.75,-0.53,1,1575,1680,NE
1175161.029,X_LEG_1,1.90,18.75,-0.53,1,1575,1680,NE
1175161.049,X_LEG_1,1.90,18.75,-0.53,1,1575,1680,NE
1175161.070,X_LEG_1,1.90,18.75,-0.53,1,1575,1680,NE
1175161.090,X_LEG_1,1.95,18.74,-0.52,1,1575,1680,NE
1175161.111,X_LEG_1,1.95,18.74,-0.52,1,1575,1680,NE
1175161.131,X_LEG_1,1.95,18.74,-0.52,1,1575,1680,NE
1175161.151,X_LEG_1,1.95,18.74,-0.52,1,1575,1680,NE
1175161.172,X_LEG_1,1.95,18.74,-0.52,1,1575,1680,NE
1175161.192,X_LEG_1,1.95,18.74,-0.52,1,1575,1680,NE
1175161.213,X_LEG_1,1.95,18.74,-0.52,1,1575,1680,NE
1175161.234,X_LEG_1,1.95,18.74,-0.52,1,1575,1680,NE
1175161.254,X_LEG_1,1.95,18.74,-0.52,1,1575,1680,NE
1175161.275,X_LEG_1,1.95,18.74,-0.52,1,1575,1680,NE
1175161.295,X_LEG_1,2.01,18.73,-0.52,1,1575,1679,NE
1175161.315,X_LEG_1,2.01,18.73,-0.52,1,1575,1679,NE
1175161.336,X_LEG_1,2.01,18.73,-0.52,1,1575,1679,NE
1175161.356,X_LEG_1,2.01,18.73,-0.52,1,1575,1679,NE
1175161.376,X_LEG_1,2.01,18.73,-0.52,1,1575,1679,NE
1175161.397,X_LEG_1,2.06,18.71,-0.56,1,1575,1679,NE
1175161.417,X_LEG_1,2.06,18.71,-0.56,1,1575,1679,NE
1175161.438,X_LEG_1,2.06,18.71,-0.56,1,1575,1679,NE
1175161.458,X_LEG_1,2.06,18.71,-0.56,1,1575,1679,NE
1175161.479,X_LEG_1,2.06,18.71,-0.56,1,1575,1679,NE
1175161.499,X_LEG_1,2.12,18.70,-0.56,1,1575,1679,NE
1175161.519,X_LEG_1,2.12,18.70,-0.56,1,1575,1679,NE
1175161.540,X_LEG_1,2.12,18.70,-0.56,1,1575,1679,NE
1175161.561,X_LEG_1,2.12,18.70,-0.56,1,1575,1679,NE
1175161.581,X_LEG_1,2.12,18.70,-0.56,1,1575,1679,NE
1175161.601,X_LEG_1,2.17,18.68,-0.57,1,1575,1679,NE
1175161.623,X_LEG_1,2.17,18.68,-0.57,1,1575,1679,NE
1175161.643,X_LEG_1,2.17,18.68,-0.57,1,1575,1679,NE
1175161.663,X_LEG_1,2.17,18.68,-0.57,1,1575,1679,NE
1175161.685,X_LEG_1,2.17,18.68,-0.57,1,1575,1679,NE
1175161.705,X_LEG_1,2.23,18.68,-0.59,1,1575,1679,NE
1175161.726,X_LEG_1,2.23,18.68,-0.59,1,1575,1679,NE
1175161.746,X_LEG_1,2.23,18.68,-0.59,1,1575,1679,NE
1175161.767,X_LEG_1,2.23,18.68,-0.59,1,1575,1679,NE
1175161.787,X_LEG_1,2.23,18.68,-0.59,1,1575,1679,NE
1175161.807,X_LEG_1,2.29,18.66,-0.59,1,1575,1679,NE
1175161.828,X_LEG_1,2.29,18.66,-0.59,1,1575,1679,NE
1175161.848,X_LEG_1,2.29,18.66,-0.59,1,1575,1679,NE
1175161.868,X_LEG_1,2.29,18.66,-0.59,1,1575,1679,NE
1175161.889,X_LEG_1,2.29,18.66,-0.59,1,1575,1679,NE
1175161.909,X_LEG_1,2.34,18.64,-0.61,1,1575,1678,NE
1175161.930,X_LEG_1,2.34,18.64,-0.61,1,1575,1678,NE
1175161.950,X_LEG_1,2.34,18.64,-0.61,1,1575,1678,NE
1175161.971,X_LEG_1,2.34,18.64,-0.61,1,1575,1678,NE
1175161.991,X_LEG_1,2.34,18.64,-0.61,1,1575,1678,NE
1175162.011,X_LEG_1,2.40,18.63,-0.60,1,1575,1678,NE
1175162.032,X_LEG_1,2.40,18.63,-0.60,1,1575,1678,NE
1175162.052,X_LEG_1,2.40,18.63,-0.60,1,1575,1678,NE
1175162.073,X_LEG_1,2.40,18.63,-0.60,1,1575,1678,NE
1175162.093,X_LEG_1,2.40,18.63,-0.60,1,1575,1678,NE
1175162.113,X_LEG_1,2.46,18.61,-0.62,1,1574,1678,NE
1175162.134,X_LEG_1,2.46,18.61,-0.62,1,1574,1678,NE
1175162.154,X_LEG_1,2.46,18.61,-0.62,1,1574,1678,NE
1175162.175,X_LEG_1,2.46,18.61,-0.62,1,1574,1678,NE
1175162.195,X_LEG_1,2.46,18.61,-0.62,1,1574,1678,NE
1175162.215,X_LEG_1,2.52,18.60,-0.62,1,1574,1678,NE
1175162.235,X_LEG_1,2.52,18.60,-0.62,1,1574,1678,NE
1175162.256,X_LEG_1,2.52,18.60,-0.62,1,1574,1678,NE
1175162.276,X_LEG_1,2.52,18.60,-0.62,1,1574,1678,NE
1175162.297,X_LEG_1,2.52,18.60,-0.62,1,1574,1678,NE
1175162.317,X_LEG_1,2.58,18.59,-0.66,1,1574,1678,NE
1175162.338,X_LEG_1,2.58,18.59,-0.66,1,1574,1678,NE
1175162.358,X_LEG_1,2.58,18.59,-0.66,1,1574,1678,NE
1175162.379,X_LEG_1,2.58,18.59,-0.66,1,1574,1678,NE
1175162.399,X_LEG_1,2.58,18.59,-0.66,1,1574,1678,NE
1175162.420,X_LEG_1,2.64,18.57,-0.66,1,1574,1678,NE
1175162.440,X_LEG_1,2.64,18.57,-0.66,1,1574,1678,NE
1175162.460,X_LEG_1,2.64,18.57,-0.66,1,1574,1678,NE
1175162.481,X_LEG_1,2.64,18.57,-0.66,1,1574,1678,NE
1175162.501,X_LEG_1,2.64,18.57,-0.66,1,1574,1678,NE
1175162.522,X_LEG_1,2.70,18.55,-0.67,1,1574,1677,NE
1175162.542,X_LEG_1,2.70,18.55,-0.67,1,1574,1677,NE
1175162.564,X_LEG_1,2.70,18.55,-0.67,1,1574,1677,NE
1175162.584,X_LEG_1,2.70,18.55,-0.67,1,1574,1677,NE
1175162.605,X_LEG_1,2.70,18.55,-0.67,1,1574,1677,NE
1175162.625,X_LEG_1,2.76,18.53,-0.69,1,1574,1677,NE
1175162.646,X_LEG_1,2.76,18.53,-0.69,1,1574,1677,NE
1175162.666,X_LEG_1,2.76,18.53,-0.69,1,1574,1677,NE
1175162.687,X_LEG_1,2.76,18.53,-0.69,1,1574,1677,NE
1175162.707,X_LEG_1,2.76,18.53,-0.69,1,1574,1677,NE
1175162.728,X_LEG_1,2.82,18.52,-0.69,1,1574,1677,NE
1175162.748,X_LEG_1,2.82,18.52,-0.69,1,1574,1677,NE
1175162.768,X_LEG_1,2.82,18.52,-0.69,1,1574,1677,NE
1175162.789,X_LEG_1,2.82,18.52,-0.69,1,1574,1677,NE
1175162.809,X_LEG_1,2.82,18.52,-0.69,1,1574,1677,NE
1175162.829,X_LEG_1,2.82,18.52,-0.69,1,1574,1677,NE
1175162.850,X_LEG_1,2.82,18.52,-0.69,1,1574,1677,NE
1175162.870,X_LEG_1,2.82,18.52,-0.69,1,1574,1677,NE
1175162.890,X_LEG_1,2.82,18.52,-0.69,1,1574,1677,NE
1175162.911,X_LEG_1,2.82,18.52,-0.69,1,1574,1677,NE
1175162.931,X_LEG_1,2.88,18.50,-0.70,1,1574,1677,NE
1175162.952,X_LEG_1,2.88,18.50,-0.70,1,1574,1677,NE
1175162.972,X_LEG_1,2.88,18.50,-0.70,1,1574,1677,NE
1175162.993,X_LEG_1,2.88,18.50,-0.70,1,1574,1677,NE
1175163.014,X_LEG_1,2.88,18.50,-0.70,1,1574,1677,NE
1175163.034,X_LEG_1,2.95,18.49,-0.70,1,1574,1677,NE
1175163.055,X_LEG_1,2.95,18.49,-0.70,1,1574,1677,NE
1175163.075,X_LEG_1,2.95,18.49,-0.70,1,1574,1677,NE
1175163.096,X_LEG_1,2.95,18.49,-0.70,1,1574,1677,NE
1175163.116,X_LEG_1,2.95,18.49,-0.70,1,1574,1677,NE
1175163.136,X_LEG_1,3.01,18.47,-0.72,1,1574,1676,NE
1175163.157,X_LEG_1,3.01,18.47,-0.72,1,1574,1676,NE
1175163.178,X_LEG_1,3.01,18.47,-0.72,1,1574,1676,NE
1175163.198,X_LEG_1,3.01,18.47,-0.72,1,1574,1676,NE
1175163.218,X_LEG_1,3.01,18.47,-0.72,1,1574,1676,NE
1175163.238,X_LEG_1,3.07,18.45,-0.74,1,1574,1676,NE
1175163.259,X_LEG_1,3.07,18.45,-0.74,1,1574,1676,NE
1175163.280,X_LEG_1,3.07,18.45,-0.74,1,1574,1676,NE
1175163.300,X_LEG_1,3.07,18.45,-0.74,1,1574,1676,NE
1175163.321,X_LEG_1,3.07,18.45,-0.74,1,1574,1676,NE
1175163.341,X_LEG_1,3.14,18.43,-0.75,1,1574,1676,NE
1175163.362,X_LEG_1,3.14,18.43,-0.75,1,1574,1676,NE
1175163.383,X_LEG_1,3.14,18.43,-0.75,1,1574,1676,NE
1175163.404,X_LEG_1,3.14,18.43,-0.75,1,1574,1676,NE
1175163.424,X_LEG_1,3.14,18.43,-0.75,1,1574,1676,NE
1175163.445,X_LEG_1,3.20,18.41,-0.75,1,1574,1676,NE
1175163.465,X_LEG_1,3.20,18.41,-0.75,1,1574,1676,NE
1175163.486,X_LEG_1,3.20,18.41,-0.75,1,1574,1676,NE
1175163.506,X_LEG_1,3.20,18.41,-0.75,1,1574,1676,NE
1175163.527,X_LEG_1,3.20,18.41,-0.75,1,1574,1676,NE
1175163.547,X_LEG_1,3.27,18.39,-0.77,1,1574,1676,NE
1175163.567,X_LEG_1,3.27,18.39,-0.77,1,1574,1676,NE
1175163.588,X_LEG_1,3.27,18.39,-0.77,1,1574,1676,NE
1175163.609,X_LEG_1,3.27,18.39,-0.77,1,1574,1676,NE
1175163.629,X_LEG_1,3.27,18.39,-0.77,1,1574,1676,NE
1175163.649,X_LEG_1,3.33,18.38,-0.79,1,1574,1676,NE
1175163.670,X_LEG_1,3.33,18.38,-0.79,1,1574,1676,NE
1175163.690,X_LEG_1,3.33,18.38,-0.79,1,1574,1676,NE
1175163.711,X_LEG_1,3.33,18.38,-0.79,1,1574,1676,NE
1175163.732,X_LEG_1,3.33,18.38,-0.79,1,1574,1676,NE
1175163.752,X_LEG_1,3.40,18.36,-0.80,1,1573,1675,NE
1175163.773,X_LEG_1,3.40,18.36,-0.80,1,1573,1675,NE
1175163.793,X_LEG_1,3.40,18.36,-0.80,1,1573,1675,NE
1175163.814,X_LEG_1,3.40,18.36,-0.80,1,1573,1675,NE
1175163.834,X_LEG_1,3.40,18.36,-0.80,1,1573,1675,NE
1175163.854,X_LEG_1,3.47,18.34,-0.80,1,1573,1675,NE
1175163.875,X_LEG_1,3.47,18.34,-0.80,1,1573,1675,NE
1175163.895,X_LEG_1,3.47,18.34,-0.80,1,1573,1675,NE
1175163.916,X_LEG_1,3.47,18.34,-0.80,1,1573,1675,NE
1175163.936,X_LEG_1,3.47,18.34,-0.80,1,1573,1675,NE
1175163.957,X_LEG_1,3.53,18.32,-0.82,1,1573,1675,NE
1175163.977,X_LEG_1,3.53,18.32,-0.82,1,1573,1675,NE
1175163.998,X_LEG_1,3.53,18.32,-0.82,1,1573,1675,NE
1175164.018,X_LEG_1,3.53,18.32,-0.82,1,1573,1675,NE
1175164.039,X_LEG_1,3.53,18.32,-0.82,1,1573,1675,NE
1175164.060,X_LEG_1,3.60,18.30,-0.81,1,1573,1675,NE
1175164.080,X_LEG_1,3.60,18.30,-0.81,1,1573,1675,NE
1175164.101,X_LEG_1,3.60,18.30,-0.81,1,1573,1675,NE
1175164.122,X_LEG_1,3.60,18.30,-0.81,1,1573,1675,NE
1175164.142,X_LEG_1,3.60,18.30,-0.81,1,1573,1675,NE
1175164.163,X_LEG_1,3.67,18.28,-0.83,1,1573,1674,NE
1175164.183,X_LEG_1,3.67,18.28,-0.83,1,1573,1674,NE
1175164.203,X_LEG_1,3.67,18.28,-0.83,1,1573,1674,NE
1175164.224,X_LEG_1,3.67,18.28,-0.83,1,1573,1674,NE
1175164.244,X_LEG_1,3.67,18.28,-0.83,1,1573,1674,NE
1175164.265,X_LEG_1,3.67,18.28,-0.83,1,1573,1674,NE
1175164.285,X_LEG_1,3.67,18.28,-0.83,1,1573,1674,NE
1175164.306,X_LEG_1,3.67,18.28,-0.83,1,1573,1674,NE
1175164.326,X_LEG_1,3.67,18.28,-0.83,1,1573,1674,NE
1175164.346,X_LEG_1,3.67,18.28,-0.83,1,1573,1674,NE
1175164.367,X_LEG_1,3.74,18.26,-0.85,1,1573,1674,NE
1175164.387,X_LEG_1,3.74,18.26,-0.85,1,1573,1674,NE
1175164.408,X_LEG_1,3.74,18.26,-0.85,1,1573,1674,NE
1175164.428,X_LEG_1,3.74,18.26,-0.85,1,1573,1674,NE
1175164.449,X_LEG_1,3.74,18.26,-0.85,1,1573,1674,NE
1175164.469,X_LEG_1,3.81,18.24,-0.85,1,1573,1674,NE
1175164.489,X_LEG_1,3.81,18.24,-0.85,1,1573,1674,NE
1175164.510,X_LEG_1,3.81,18.24,-0.85,1,1573,1674,NE
1175164.530,X_LEG_1,3.81,18.24,-0.85,1,1573,1674,NE
1175164.551,X_LEG_1,3.81,18.24,-0.85,1,1573,1674,NE
1175164.571,X_LEG_1,3.88,18.22,-0.86,1,1573,1674,NE
1175164.591,X_LEG_1,3.88,18.22,-0.86,1,1573,1674,NE
1175164.612,X_LEG_1,3.88,18.22,-0.86,1,1573,1674,NE
1175164.633,X_LEG_1,3.88,18.22,-0.86,1,1573,1674,NE
1175164.654,X_LEG_1,3.88,18.22,-0.86,1,1573,1674,NE
1175164.674,X_LEG_1,3.95,18.20,-0.86,1,1573,1674,NE
1175164.695,X_LEG_1,3.95,18.20,-0.86,1,1573,1674,NE
1175164.715,X_LEG_1,3.95,18.20,-0.86,1,1573,1674,NE
1175164.735,X_LEG_1,3.95,18.20,-0.86,1,1573,1674,NE
1175164.756,X_LEG_1,3.95,18.20,-0.86,1,1573,1674,NE
1175164.776,X_LEG_1,4.02,18.18,-0.88,1,1573,1673,NE
1175164.797,X_LEG_1,4.02,18.18,-0.88,1,1573,1673,NE
1175164.817,X_LEG_1,4.02,18.18,-0.88,1,1573,1673,NE
1175164.838,X_LEG_1,4.02,18.18,-0.88,1,1573,1673,NE
1175164.858,X_LEG_1,4.02,18.18,-0.88,1,1573,1673,NE
1175164.879,X_LEG_1,4.13,18.14,-0.89,1,1573,1673,NE
1175164.899,X_LEG_1,4.13,18.14,-0.89,1,1573,1673,NE
1175164.920,X_LEG_1,4.13,18.14,-0.89,1,1573,1673,NE
1175164.940,X_LEG_1,4.13,18.14,-0.89,1,1573,1673,NE
1175164.961,X_LEG_1,4.13,18.14,-0.89,1,1573,1673,NE
1175164.981,X_LEG_1,4.20,18.12,-0.91,1,1572,1673,NE
1175165.001,X_LEG_1,4.20,18.12,-0.91,1,1572,1673,NE
1175165.022,X_LEG_1,4.20,18.12,-0.91,1,1572,1673,NE
1175165.042,X_LEG_1,4.20,18.12,-0.91,1,1572,1673,NE
1175165.063,X_LEG_1,4.20,18.12,-0.91,1,1572,1673,NE
1175165.083,X_LEG_1,4.20,18.12,-0.91,1,1572,1673,NE
1175165.104,X_LEG_1,4.20,18.12,-0.91,1,1572,1673,NE
1175165.125,X_LEG_1,4.20,18.12,-0.91,1,1572,1673,NE
1175165.145,X_LEG_1,4.20,18.12,-0.91,1,1572,1673,NE
1175165.165,X_LEG_1,4.20,18.12,-0.91,1,1572,1673,NE
1175165.185,X_LEG_1,4.30,18.09,-0.92,1,1572,1673,NE
1175165.206,X_LEG_1,4.30,18.09,-0.92,1,1572,1673,NE
1175165.226,X_LEG_1,4.30,18.09,-0.92,1,1572,1673,NE
1175165.247,X_LEG_1,4.30,18.09,-0.92,1,1572,1673,NE
1175165.267,X_LEG_1,4.30,18.09,-0.92,1,1572,1673,NE
1175165.288,X_LEG_1,4.38,18.07,-0.94,1,1572,1672,NE
1175165.308,X_LEG_1,4.38,18.07,-0.94,1,1572,1672,NE
1175165.329,X_LEG_1,4.38,18.07,-0.94,1,1572,1672,NE
1175165.349,X_LEG_1,4.38,18.07,-0.94,1,1572,1672,NE
1175165.369,X_LEG_1,4.38,18.07,-0.94,1,1572,1672,NE
1175165.390,X_LEG_1,4.45,18.04,-0.94,1,1572,1672,NE
1175165.411,X_LEG_1,4.45,18.04,-0.94,1,1572,1672,NE
1175165.431,X_LEG_1,4.45,18.04,-0.94,1,1572,1672,NE
1175165.451,X_LEG_1,4.45,18.04,-0.94,1,1572,1672,NE
1175165.472,X_LEG_1,4.45,18.04,-0.94,1,1572,1672,NE
1175165.492,X_LEG_1,4.52,18.03,-0.95,1,1572,1672,NE
1175165.513,X_LEG_1,4.52,18.03,-0.95,1,1572,1672,NE
1175165.534,X_LEG_1,4.52,18.03,-0.95,1,1572,1672,NE
1175165.555,X_LEG_1,4.52,18.03,-0.95,1,1572,1672,NE
1175165.575,X_LEG_1,4.52,18.03,-0.95,1,1572,1672,NE
1175165.596,X_LEG_1,4.59,18.01,-0.97,1,1572,1672,NE
1175165.616,X_LEG_1,4.59,18.01,-0.97,1,1572,1672,NE
1175165.637,X_LEG_1,4.59,18.01,-0.97,1,1572,1672,NE
1175165.657,X_LEG_1,4.59,18.01,-0.97,1,1572,1672,NE
1175165.678,X_LEG_1,4.59,18.01,-0.97,1,1572,1672,NE
1175165.698,X_LEG_1,4.59,18.01,-0.97,1,1572,1672,NE
1175165.718,X_LEG_1,4.59,18.01,-0.97,1,1572,1672,NE
1175165.739,X_LEG_1,4.59,18.01,-0.97,1,1572,1672,NE
1175165.759,X_LEG_1,4.59,18.01,-0.97,1,1572,1672,NE
1175165.780,X_LEG_1,4.59,18.01,-0.97,1,1572,1672,NE
1175165.800,X_LEG_1,4.71,17.97,-0.99,1,1572,1671,NE
1175165.821,X_LEG_1,4.71,17.97,-0.99,1,1572,1671,NE
1175165.841,X_LEG_1,4.71,17.97,-0.99,1,1572,1671,NE
1175165.862,X_LEG_1,4.71,17.97,-0.99,1,1572,1671,NE
1175165.882,X_LEG_1,4.71,17.97,-0.99,1,1572,1671,NE
1175165.902,X_LEG_1,4.78,17.94,-0.98,1,1572,1671,NE
1175165.923,X_LEG_1,4.78,17.94,-0.98,1,1572,1671,NE
1175165.943,X_LEG_1,4.78,17.94,-0.98,1,1572,1671,NE
1175165.963,X_LEG_1,4.78,17.94,-0.98,1,1572,1671,NE
1175165.984,X_LEG_1,4.78,17.94,-0.98,1,1572,1671,NE
1175166.004,X_LEG_1,4.85,17.93,-1.00,1,1572,1671,NE
1175166.024,X_LEG_1,4.85,17.93,-1.00,1,1572,1671,NE
1175166.045,X_LEG_1,4.85,17.93,-1.00,1,1572,1671,NE
1175166.065,X_LEG_1,4.85,17.93,-1.00,1,1572,1671,NE
1175166.086,X_LEG_1,4.85,17.93,-1.00,1,1572,1671,NE
1175166.106,X_LEG_1,4.93,17.91,-1.02,1,1572,1671,NE
1175166.127,X_LEG_1,4.93,17.91,-1.02,1,1572,1671,NE
1175166.147,X_LEG_1,4.93,17.91,-1.02,1,1572,1671,NE
1175166.167,X_LEG_1,4.93,17.91,-1.02,1,1572,1671,NE
1175166.188,X_LEG_1,4.93,17.91,-1.02,1,1572,1671,NE
1175166.208,X_LEG_1,5.01,17.88,-1.01,1,1572,1670,NE
1175166.228,X_LEG_1,5.01,17.88,-1.01,1,1572,1670,NE
1175166.249,X_LEG_1,5.01,17.88,-1.01,1,1572,1670,NE
1175166.269,X_LEG_1,5.01,17.88,-1.01,1,1572,1670,NE
1175166.290,X_LEG_1,5.01,17.88,-1.01,1,1572,1670,NE
1175166.310,X_LEG_1,5.08,17.86,-0.03,1,1571,1670,NE
1175166.330,X_LEG_1,5.08,17.86,-0.03,1,1571,1670,NE
1175166.351,X_LEG_1,5.08,17.86,-0.03,1,1571,1670,NE
1175166.371,X_LEG_1,5.08,17.86,-0.03,1,1571,1670,NE
1175166.392,X_LEG_1,5.08,17.86,-0.03,1,1571,1670,NE
1175166.413,X_LEG_1,5.08,17.86,-0.03,1,1571,1670,NE
1175166.433,X_LEG_1,5.08,17.86,-0.03,1,1571,1670,NE
1175166.454,X_LEG_1,5.08,17.86,-0.03,1,1571,1670,NE
1175166.474,X_LEG_1,5.08,17.86,-0.03,1,1571,1670,NE
1175166.495,X_LEG_1,5.08,17.86,-0.03,1,1571,1670,NE
1175166.515,X_LEG_1,5.19,17.83,-0.05,1,1571,1670,NE
1175166.536,X_LEG_1,5.19,17.83,-0.05,1,1571,1670,NE
1175166.556,X_LEG_1,5.19,17.83,-0.05,1,1571,1670,NE
1175166.576,X_LEG_1,5.19,17.83,-0.05,1,1571,1670,NE
1175166.597,X_LEG_1,5.19,17.83,-0.05,1,1571,1670,NE
1175166.617,X_LEG_1,5.27,17.79,-0.06,1,1571,1670,NE
1175166.638,X_LEG_1,5.27,17.79,-0.06,1,1571,1670,NE
1175166.658,X_LEG_1,5.27,17.79,-0.06,1,1571,1670,NE
1175166.678,X_LEG_1,5.27,17.79,-0.06,1,1571,1670,NE
1175166.699,X_LEG_1,5.27,17.79,-0.06,1,1571,1670,NE
1175166.720,X_LEG_1,5.39,17.76,-0.08,1,1571,1669,NE
1175166.740,X_LEG_1,5.39,17.76,-0.08,1,1571,1669,NE
1175166.760,X_LEG_1,5.39,17.76,-0.08,1,1571,1669,NE
1175166.781,X_LEG_1,5.39,17.76,-0.08,1,1571,1669,NE
1175166.801,X_LEG_1,5.39,17.76,-0.08,1,1571,1669,NE
1175166.822,X_LEG_1,5.46,17.73,-0.07,1,1571,1669,NE
1175166.842,X_LEG_1,5.46,17.73,-0.07,1,1571,1669,NE
1175166.862,X_LEG_1,5.46,17.73,-0.07,1,1571,1669,NE
1175166.882,X_LEG_1,5.46,17.73,-0.07,1,1571,1669,NE
1175166.903,X_LEG_1,5.46,17.73,-0.07,1,1571,1669,NE
1175166.923,X_LEG_1,5.46,17.73,-0.07,1,1571,1669,NE
1175166.943,X_LEG_1,5.46,17.73,-0.07,1,1571,1669,NE
1175166.964,X_LEG_1,5.46,17.73,-0.07,1,1571,1669,NE
1175166.984,X_LEG_1,5.46,17.73,-0.07,1,1571,1669,NE
1175167.005,X_LEG_1,5.46,17.73,-0.07,1,1571,1669,NE
1175167.025,X_LEG_1,5.58,17.70,-0.09,1,1571,1669,NE
1175167.046,X_LEG_1,5.58,17.70,-0.09,1,1571,1669,NE
1175167.066,X_LEG_1,5.58,17.70,-0.09,1,1571,1669,NE
1175167.087,X_LEG_1,5.58,17.70,-0.09,1,1571,1669,NE
1175167.107,X_LEG_1,5.58,17.70,-0.09,1,1571,1669,NE
1175167.128,X_LEG_1,5.66,17.68,-0.11,1,1571,1669,NE
1175167.148,X_LEG_1,5.66,17.68,-0.11,1,1571,1669,NE
1175167.169,X_LEG_1,5.66,17.68,-0.11,1,1571,1669,NE
1175167.189,X_LEG_1,5.66,17.68,-0.11,1,1571,1669,NE
1175167.210,X_LEG_1,5.66,17.68,-0.11,1,1571,1669,NE
1175167.230,X_LEG_1,5.74,17.65,-0.10,1,1571,1668,NE
1175167.251,X_LEG_1,5.74,17.65,-0.10,1,1571,1668,NE
1175167.271,X_LEG_1,5.74,17.65,-0.10,1,1571,1668,NE
1175167.292,X_LEG_1,5.74,17.65,-0.10,1,1571,1668,NE
1175167.312,X_LEG_1,5.74,17.65,-0.10,1,1571,1668,NE
1175167.332,X_LEG_1,5.85,17.61,-0.14,1,1570,1668,NE
1175167.353,X_LEG_1,5.85,17.61,-0.14,1,1570,1668,NE
1175167.374,X_LEG_1,5.85,17.61,-0.14,1,1570,1668,NE
1175167.394,X_LEG_1,5.85,17.61,-0.14,1,1570,1668,NE
1175167.415,X_LEG_1,5.85,17.61,-0.14,1,1570,1668,NE
1175167.435,X_LEG_1,5.93,17.59,-0.14,1,1570,1668,NE
1175167.456,X_LEG_1,5.93,17.59,-0.14,1,1570,1668,NE
1175167.476,X_LEG_1,5.93,17.59,-0.14,1,1570,1668,NE
1175167.497,X_LEG_1,5.93,17.59,-0.14,1,1570,1668,NE
1175167.517,X_LEG_1,5.93,17.59,-0.14,1,1570,1668,NE
1175167.538,X_LEG_1,5.93,17.59,-0.14,1,1570,1668,NE
1175167.558,X_LEG_1,5.93,17.59,-0.14,1,1570,1668,NE
1175167.579,X_LEG_1,5.93,17.59,-0.14,1,1570,1668,NE
1175167.599,X_LEG_1,5.93,17.59,-0.14,1,1570,1668,NE
1175167.619,X_LEG_1,5.93,17.59,-0.14,1,1570,1668,NE
1175167.640,X_LEG_1,6.05,17.55,-0.15,1,1570,1667,NE
1175167.661,X_LEG_1,6.05,17.55,-0.15,1,1570,1667,NE
1175167.681,X_LEG_1,6.05,17.55,-0.15,1,1570,1667,NE
1175167.701,X_LEG_1,6.05,17.55,-0.15,1,1570,1667,NE
1175167.721,X_LEG_1,6.05,17.55,-0.15,1,1570,1667,NE
1175167.742,X_LEG_1,6.13,17.52,-0.17,1,1570,1667,NE
1175167.762,X_LEG_1,6.13,17.52,-0.17,1,1570,1667,NE
1175167.782,X_LEG_1,6.13,17.52,-0.17,1,1570,1667,NE
1175167.803,X_LEG_1,6.13,17.52,-0.17,1,1570,1667,NE
1175167.823,X_LEG_1,6.13,17.52,-0.17,1,1570,1667,NE
1175167.844,X_LEG_1,6.13,17.52,-0.17,1,1570,1667,NE
1175167.864,X_LEG_1,6.13,17.52,-0.17,1,1570,1667,NE
1175167.885,X_LEG_1,6.13,17.52,-0.17,1,1570,1667,NE
1175167.905,X_LEG_1,6.13,17.52,-0.17,1,1570,1667,NE
1175167.926,X_LEG_1,6.13,17.52,-0.17,1,1570,1667,NE
1175167.946,X_LEG_1,6.25,17.49,-0.19,1,1570,1667,NE
1175167.966,X_LEG_1,6.25,17.49,-0.19,1,1570,1667,NE
1175167.987,X_LEG_1,6.25,17.49,-0.19,1,1570,1667,NE
1175168.007,X_LEG_1,6.25,17.49,-0.19,1,1570,1667,NE
1175168.028,X_LEG_1,6.25,17.49,-0.19,1,1570,1667,NE
1175168.048,X_LEG_1,6.37,17.45,-0.20,1,1570,1666,NE
1175168.068,X_LEG_1,6.37,17.45,-0.20,1,1570,1666,NE
1175168.089,X_LEG_1,6.37,17.45,-0.20,1,1570,1666,NE
1175168.109,X_LEG_1,6.37,17.45,-0.20,1,1570,1666,NE
1175168.129,X_LEG_1,6.37,17.45,-0.20,1,1570,1666,NE
1175168.150,X_LEG_1,6.45,17.42,-0.22,1,1570,1666,NE
1175168.171,X_LEG_1,6.45,17.42,-0.22,1,1570,1666,NE
1175168.191,X_LEG_1,6.45,17.42,-0.22,1,1570,1666,NE
1175168.212,X_LEG_1,6.45,17.42,-0.22,1,1570,1666,NE
1175168.232,X_LEG_1,6.45,17.42,-0.22,1,1570,1666,NE
1175168.253,X_LEG_1,6.53,17.39,-0.21,1,1570,1666,NE
1175168.273,X_LEG_1,6.53,17.39,-0.21,1,1570,1666,NE
1175168.294,X_LEG_1,6.53,17.39,-0.21,1,1570,1666,NE
1175168.314,X_LEG_1,6.53,17.39,-0.21,1,1570,1666,NE
1175168.335,X_LEG_1,6.53,17.39,-0.21,1,1570,1666,NE
1175168.355,X_LEG_1,6.61,17.37,-0.23,1,1569,1666,NE
1175168.375,X_LEG_1,6.61,17.37,-0.23,1,1569,1666,NE
1175168.396,X_LEG_1,6.61,17.37,-0.23,1,1569,1666,NE
1175168.416,X_LEG_1,6.61,17.37,-0.23,1,1569,1666,NE
1175168.436,X_LEG_1,6.61,17.37,-0.23,1,1569,1666,NE
1175168.457,X_LEG_1,6.61,17.37,-0.23,1,1569,1666,NE
1175168.477,X_LEG_1,6.61,17.37,-0.23,1,1569,1666,NE
1175168.497,X_LEG_1,6.61,17.37,-0.23,1,1569,1666,NE
1175168.518,X_LEG_1,6.61,17.37,-0.23,1,1569,1666,NE
1175168.538,X_LEG_1,6.61,17.37,-0.23,1,1569,1666,NE
1175168.559,X_LEG_1,6.73,17.33,-0.25,1,1569,1665,NE
1175168.579,X_LEG_1,6.73,17.33,-0.25,1,1569,1665,NE
1175168.600,X_LEG_1,6.73,17.33,-0.25,1,1569,1665,NE
1175168.620,X_LEG_1,6.73,17.33,-0.25,1,1569,1665,NE
1175168.641,X_LEG_1,6.73,17.33,-0.25,1,1569,1665,NE
1175168.661,X_LEG_1,6.86,17.29,-0.26,1,1569,1665,NE
1175168.682,X_LEG_1,6.86,17.29,-0.26,1,1569,1665,NE
1175168.702,X_LEG_1,6.86,17.29,-0.26,1,1569,1665,NE
1175168.723,X_LEG_1,6.86,17.29,-0.26,1,1569,1665,NE
1175168.743,X_LEG_1,6.86,17.29,-0.26,1,1569,1665,NE
1175168.764,X_LEG_1,6.94,17.27,-0.26,1,1569,1665,NE
1175168.784,X_LEG_1,6.94,17.27,-0.26,1,1569,1665,NE
1175168.804,X_LEG_1,6.94,17.27,-0.26,1,1569,1665,NE
1175168.825,X_LEG_1,6.94,17.27,-0.26,1,1569,1665,NE
1175168.845,X_LEG_1,6.94,17.27,-0.26,1,1569,1665,NE
1175168.866,X_LEG_1,6.94,17.27,-0.26,1,1569,1665,NE
1175168.887,X_LEG_1,6.94,17.27,-0.26,1,1569,1665,NE
1175168.908,X_LEG_1,6.94,17.27,-0.26,1,1569,1665,NE
1175168.928,X_LEG_1,6.94,17.27,-0.26,1,1569,1665,NE
1175168.948,X_LEG_1,6.94,17.27,-0.26,1,1569,1665,NE
1175168.968,X_LEG_1,7.02,17.24,-0.30,1,1569,1664,NE
1175168.988,X_LEG_1,7.02,17.24,-0.30,1,1569,1664,NE
1175169.009,X_LEG_1,7.02,17.24,-0.30,1,1569,1664,NE
1175169.029,X_LEG_1,7.02,17.24,-0.30,1,1569,1664,NE
1175169.049,X_LEG_1,7.02,17.24,-0.30,1,1569,1664,NE
1175169.070,X_LEG_1,7.14,17.20,-0.29,1,1569,1664,NE
1175169.090,X_LEG_1,7.14,17.20,-0.29,1,1569,1664,NE
1175169.111,X_LEG_1,7.14,17.20,-0.29,1,1569,1664,NE
1175169.131,X_LEG_1,7.14,17.20,-0.29,1,1569,1664,NE
1175169.153,X_LEG_1,7.14,17.20,-0.29,1,1569,1664,NE
1175169.173,X_LEG_1,7.23,17.17,-0.29,1,1569,1664,NE
1175169.195,X_LEG_1,7.23,17.17,-0.29,1,1569,1664,NE
1175169.215,X_LEG_1,7.23,17.17,-0.29,1,1569,1664,NE
1175169.235,X_LEG_1,7.23,17.17,-0.29,1,1569,1664,NE
1175169.256,X_LEG_1,7.23,17.17,-0.29,1,1569,1664,NE
1175169.276,X_LEG_1,7.31,17.15,-0.33,1,1569,1664,NE
1175169.297,X_LEG_1,7.31,17.15,-0.33,1,1569,1664,NE
1175169.317,X_LEG_1,7.31,17.15,-0.33,1,1569,1664,NE
1175169.338,X_LEG_1,7.31,17.15,-0.33,1,1569,1664,NE
1175169.358,X_LEG_1,7.31,17.15,-0.33,1,1569,1664,NE
1175169.378,X_LEG_1,7.39,17.12,-0.32,1,1568,1663,NE
1175169.399,X_LEG_1,7.39,17.12,-0.32,1,1568,1663,NE
1175169.419,X_LEG_1,7.39,17.12,-0.32,1,1568,1663,NE
1175169.440,X_LEG_1,7.39,17.12,-0.32,1,1568,1663,NE
1175169.460,X_LEG_1,7.39,17.12,-0.32,1,1568,1663,NE
1175169.481,X_LEG_1,7.47,17.09,-0.34,1,1568,1663,NE
1175169.501,X_LEG_1,7.47,17.09,-0.34,1,1568,1663,NE
1175169.522,X_LEG_1,7.47,17.09,-0.34,1,1568,1663,NE
1175169.542,X_LEG_1,7.47,17.09,-0.34,1,1568,1663,NE
1175169.563,X_LEG_1,7.47,17.09,-0.34,1,1568,1663,NE
1175169.583,X_LEG_1,7.55,17.06,-0.34,1,1568,1663,NE
1175169.604,X_LEG_1,7.55,17.06,-0.34,1,1568,1663,NE
1175169.624,X_LEG_1,7.55,17.06,-0.34,1,1568,1663,NE
1175169.645,X_LEG_1,7.55,17.06,-0.34,1,1568,1663,NE
1175169.665,X_LEG_1,7.55,17.06,-0.34,1,1568,1663,NE
1175169.686,X_LEG_1,7.55,17.06,-0.34,1,1568,1663,NE
1175169.706,X_LEG_1,7.55,17.06,-0.34,1,1568,1663,NE
1175169.727,X_LEG_1,7.55,17.06,-0.34,1,1568,1663,NE
1175169.747,X_LEG_1,7.55,17.06,-0.34,1,1568,1663,NE
1175169.768,X_LEG_1,7.55,17.06,-0.34,1,1568,1663,NE
1175169.788,X_LEG_1,7.64,17.04,-0.36,1,1568,1663,NE
1175169.809,X_LEG_1,7.64,17.04,-0.36,1,1568,1663,NE
1175169.829,X_LEG_1,7.64,17.04,-0.36,1,1568,1663,NE
1175169.850,X_LEG_1,7.64,17.04,-0.36,1,1568,1663,NE
1175169.871,X_LEG_1,7.64,17.04,-0.36,1,1568,1663,NE
1175169.892,X_LEG_1,7.72,17.01,-0.37,1,1568,1662,NE
1175169.912,X_LEG_1,7.72,17.01,-0.37,1,1568,1662,NE
1175169.933,X_LEG_1,7.72,17.01,-0.37,1,1568,1662,NE
1175169.953,X_LEG_1,7.72,17.01,-0.37,1,1568,1662,NE
1175169.973,X_LEG_1,7.72,17.01,-0.37,1,1568,1662,NE
1175169.994,X_LEG_1,7.80,16.98,-0.37,1,1568,1662,NE
1175170.014,X_LEG_1,7.80,16.98,-0.37,1,1568,1662,NE
1175170.035,X_LEG_1,7.80,16.98,-0.37,1,1568,1662,NE
1175170.055,X_LEG_1,7.80,16.98,-0.37,1,1568,1662,NE
1175170.076,X_LEG_1,7.80,16.98,-0.37,1,1568,1662,NE
1175170.096,X_LEG_1,7.89,16.95,-0.36,1,1568,1662,NE
1175170.117,X_LEG_1,7.89,16.95,-0.36,1,1568,1662,NE
1175170.138,X_LEG_1,7.89,16.95,-0.36,1,1568,1662,NE
1175170.158,X_LEG_1,7.89,16.95,-0.36,1,1568,1662,NE
1175170.178,X_LEG_1,7.89,16.95,-0.36,1,1568,1662,NE
1175170.198,X_LEG_1,7.97,16.93,-0.40,1,1568,1662,NE
1175170.219,X_LEG_1,7.97,16.93,-0.40,1,1568,1662,NE
1175170.239,X_LEG_1,7.97,16.93,-0.40,1,1568,1662,NE
1175170.260,X_LEG_1,7.97,16.93,-0.40,1,1568,1662,NE
1175170.280,X_LEG_1,7.97,16.93,-0.40,1,1568,1662,NE
1175170.301,X_LEG_1,8.05,16.90,-0.40,1,1568,1661,NE
1175170.321,X_LEG_1,8.05,16.90,-0.40,1,1568,1661,NE
1175170.342,X_LEG_1,8.05,16.90,-0.40,1,1568,1661,NE
1175170.362,X_LEG_1,8.05,16.90,-0.40,1,1568,1661,NE
1175170.383,X_LEG_1,8.05,16.90,-0.40,1,1568,1661,NE
1175170.403,X_LEG_1,8.14,16.87,-0.42,1,1567,1661,NE
1175170.424,X_LEG_1,8.14,16.87,-0.42,1,1567,1661,NE
1175170.444,X_LEG_1,8.14,16.87,-0.42,1,1567,1661,NE
1175170.465,X_LEG_1,8.14,16.87,-0.42,1,1567,1661,NE
1175170.485,X_LEG_1,8.14,16.87,-0.42,1,1567,1661,NE
1175170.506,X_LEG_1,8.22,16.84,-0.41,1,1567,1661,NE
1175170.526,X_LEG_1,8.22,16.84,-0.41,1,1567,1661,NE
1175170.546,X_LEG_1,8.22,16.84,-0.41,1,1567,1661,NE
1175170.567,X_LEG_1,8.22,16.84,-0.41,1,1567,1661,NE
1175170.587,X_LEG_1,8.22,16.84,-0.41,1,1567,1661,NE
1175170.608,X_LEG_1,8.30,16.82,-0.43,1,1567,1661,NE
1175170.628,X_LEG_1,8.30,16.82,-0.43,1,1567,1661,NE
1175170.648,X_LEG_1,8.30,16.82,-0.43,1,1567,1661,NE
1175170.669,X_LEG_1,8.30,16.82,-0.43,1,1567,1661,NE
1175170.690,X_LEG_1,8.30,16.82,-0.43,1,1567,1661,NE
1175170.710,X_LEG_1,8.30,16.82,-0.43,1,1567,1661,NE
1175170.731,X_LEG_1,8.30,16.82,-0.43,1,1567,1661,NE
1175170.751,X_LEG_1,8.30,16.82,-0.43,1,1567,1661,NE
1175170.772,X_LEG_1,8.30,16.82,-0.43,1,1567,1661,NE
1175170.792,X_LEG_1,8.30,16.82,-0.43,1,1567,1661,NE
1175170.812,X_LEG_1,8.43,16.77,-0.45,1,1567,1660,NE
1175170.833,X_LEG_1,8.43,16.77,-0.45,1,1567,1660,NE
1175170.854,X_LEG_1,8.43,16.77,-0.45,1,1567,1660,NE
1175170.874,X_LEG_1,8.43,16.77,-0.45,1,1567,1660,NE
1175170.894,X_LEG_1,8.43,16.77,-0.45,1,1567,1660,NE
1175170.914,X_LEG_1,8.51,16.74,-0.44,1,1567,1660,NE
1175170.935,X_LEG_1,8.51,16.74,-0.44,1,1567,1660,NE
1175170.955,X_LEG_1,8.51,16.74,-0.44,1,1567,1660,NE
1175170.976,X_LEG_1,8.51,16.74,-0.44,1,1567,1660,NE
1175170.996,X_LEG_1,8.51,16.74,-0.44,1,1567,1660,NE
1175171.017,X_LEG_1,8.59,16.71,-0.46,1,1567,1660,NE
1175171.038,X_LEG_1,8.59,16.71,-0.46,1,1567,1660,NE
1175171.058,X_LEG_1,8.59,16.71,-0.46,1,1567,1660,NE
1175171.079,X_LEG_1,8.59,16.71,-0.46,1,1567,1660,NE
1175171.099,X_LEG_1,8.59,16.71,-0.46,1,1567,1660,NE
1175171.120,X_LEG_1,8.68,16.69,-0.48,1,1567,1659,NE
1175171.140,X_LEG_1,8.68,16.69,-0.48,1,1567,1659,NE
1175171.161,X_LEG_1,8.68,16.69,-0.48,1,1567,1659,NE
1175171.181,X_LEG_1,8.68,16.69,-0.48,1,1567,1659,NE
1175171.202,X_LEG_1,8.68,16.69,-0.48,1,1567,1659,NE
1175171.222,X_LEG_1,8.76,16.66,-0.50,1,1567,1659,NE
1175171.242,X_LEG_1,8.76,16.66,-0.50,1,1567,1659,NE
1175171.264,X_LEG_1,8.76,16.66,-0.50,1,1567,1659,NE
1175171.284,X_LEG_1,8.76,16.66,-0.50,1,1567,1659,NE
1175171.304,X_LEG_1,8.76,16.66,-0.50,1,1567,1659,NE
1175171.325,X_LEG_1,8.85,16.63,-0.49,1,1567,1659,NE
1175171.345,X_LEG_1,8.85,16.63,-0.49,1,1567,1659,NE
1175171.366,X_LEG_1,8.85,16.63,-0.49,1,1567,1659,NE
1175171.386,X_LEG_1,8.85,16.63,-0.49,1,1567,1659,NE
1175171.406,X_LEG_1,8.85,16.63,-0.49,1,1567,1659,NE
1175171.427,X_LEG_1,8.93,16.60,-0.51,1,1566,1659,NE
1175171.447,X_LEG_1,8.93,16.60,-0.51,1,1566,1659,NE
1175171.467,X_LEG_1,8.93,16.60,-0.51,1,1566,1659,NE
1175171.488,X_LEG_1,8.93,16.60,-0.51,1,1566,1659,NE
1175171.508,X_LEG_1,8.93,16.60,-0.51,1,1566,1659,NE
1175171.529,X_LEG_1,9.01,16.57,-0.51,1,1566,1658,NE
1175171.549,X_LEG_1,9.01,16.57,-0.51,1,1566,1658,NE
1175171.570,X_LEG_1,9.01,16.57,-0.51,1,1566,1658,NE
1175171.590,X_LEG_1,9.01,16.57,-0.51,1,1566,1658,NE
1175171.611,X_LEG_1,9.01,16.57,-0.51,1,1566,1658,NE
1175171.631,X_LEG_1,9.10,16.54,-0.50,1,1566,1658,NE
1175171.652,X_LEG_1,9.10,16.54,-0.50,1,1566,1658,NE
1175171.672,X_LEG_1,9.10,16.54,-0.50,1,1566,1658,NE
1175171.693,X_LEG_1,9.10,16.54,-0.50,1,1566,1658,NE
1175171.714,X_LEG_1,9.10,16.54,-0.50,1,1566,1658,NE
1175171.734,X_LEG_1,9.18,16.52,-0.55,1,1566,1658,NE
1175171.754,X_LEG_1,9.18,16.52,-0.55,1,1566,1658,NE
1175171.774,X_LEG_1,9.18,16.52,-0.55,1,1566,1658,NE
1175171.795,X_LEG_1,9.18,16.52,-0.55,1,1566,1658,NE
1175171.816,X_LEG_1,9.18,16.52,-0.55,1,1566,1658,NE
1175171.836,X_LEG_1,9.18,16.52,-0.55,1,1566,1658,NE
1175171.857,X_LEG_1,9.18,16.52,-0.55,1,1566,1658,NE
1175171.877,X_LEG_1,9.18,16.52,-0.55,1,1566,1658,NE
1175171.898,X_LEG_1,9.18,16.52,-0.55,1,1566,1658,NE
1175171.918,X_LEG_1,9.18,16.52,-0.55,1,1566,1658,NE
1175171.939,X_LEG_1,9.31,16.47,-0.56,1,1566,1658,NE
1175171.959,X_LEG_1,9.31,16.47,-0.56,1,1566,1658,NE
1175171.980,X_LEG_1,9.31,16.47,-0.56,1,1566,1658,NE
1175172.000,X_LEG_1,9.31,16.47,-0.56,1,1566,1658,NE
1175172.021,X_LEG_1,9.31,16.47,-0.56,1,1566,1658,NE
1175172.041,X_LEG_1,9.39,16.44,-0.56,1,1566,1657,NE
1175172.061,X_LEG_1,9.39,16.44,-0.56,1,1566,1657,NE
1175172.082,X_LEG_1,9.39,16.44,-0.56,1,1566,1657,NE
1175172.102,X_LEG_1,9.39,16.44,-0.56,1,1566,1657,NE
1175172.123,X_LEG_1,9.39,16.44,-0.56,1,1566,1657,NE
1175172.143,X_LEG_1,9.47,16.41,-0.58,1,1566,1657,NE
1175172.164,X_LEG_1,9.47,16.41,-0.58,1,1566,1657,NE
1175172.184,X_LEG_1,9.47,16.41,-0.58,1,1566,1657,NE
1175172.204,X_LEG_1,9.47,16.41,-0.58,1,1566,1657,NE
1175172.225,X_LEG_1,9.47,16.41,-0.58,1,1566,1657,NE
1175172.245,X_LEG_1,9.56,16.38,-0.57,1,1566,1657,NE
1175172.266,X_LEG_1,9.56,16.38,-0.57,1,1566,1657,NE
1175172.286,X_LEG_1,9.56,16.38,-0.57,1,1566,1657,NE
1175172.307,X_LEG_1,9.56,16.38,-0.57,1,1566,1657,NE
1175172.328,X_LEG_1,9.56,16.38,-0.57,1,1566,1657,NE
1175172.348,X_LEG_1,9.56,16.38,-0.57,1,1566,1657,NE
1175172.369,X_LEG_1,9.56,16.38,-0.57,1,1566,1657,NE
1175172.389,X_LEG_1,9.56,16.38,-0.57,1,1566,1657,NE
1175172.410,X_LEG_1,9.56,16.38,-0.57,1,1566,1657,NE
1175172.430,X_LEG_1,9.56,16.38,-0.57,1,1566,1657,NE
1175172.450,X_LEG_1,9.68,16.33,-0.59,1,1565,1656,NE
1175172.471,X_LEG_1,9.68,16.33,-0.59,1,1565,1656,NE
1175172.491,X_LEG_1,9.68,16.33,-0.59,1,1565,1656,NE
1175172.512,X_LEG_1,9.68,16.33,-0.59,1,1565,1656,NE
1175172.532,X_LEG_1,9.68,16.33,-0.59,1,1565,1656,NE
1175172.553,X_LEG_1,9.76,16.31,-0.58,1,1565,1656,NE
1175172.573,X_LEG_1,9.76,16.31,-0.58,1,1565,1656,NE
1175172.594,X_LEG_1,9.76,16.31,-0.58,1,1565,1656,NE
1175172.614,X_LEG_1,9.76,16.31,-0.58,1,1565,1656,NE
1175172.635,X_LEG_1,9.76,16.31,-0.58,1,1565,1656,NE
1175172.656,X_LEG_1,9.85,16.28,-0.63,1,1565,1656,NE
1175172.676,X_LEG_1,9.85,16.28,-0.63,1,1565,1656,NE
1175172.697,X_LEG_1,9.85,16.28,-0.63,1,1565,1656,NE
1175172.717,X_LEG_1,9.85,16.28,-0.63,1,1565,1656,NE
1175172.738,X_LEG_1,9.85,16.28,-0.63,1,1565,1656,NE
1175172.759,X_LEG_1,9.97,16.24,-0.62,1,1565,1656,NE
1175172.779,X_LEG_1,9.97,16.24,-0.62,1,1565,1656,NE
1175172.800,X_LEG_1,9.97,16.24,-0.62,1,1565,1656,NE
1175172.821,X_LEG_1,9.97,16.24,-0.62,1,1565,1656,NE
1175172.842,X_LEG_1,9.97,16.24,-0.62,1,1565,1656,NE
1175172.862,X_LEG_1,9.97,16.24,-0.62,1,1565,1656,NE
1175172.883,X_LEG_1,9.97,16.24,-0.62,1,1565,1656,NE
1175172.904,X_LEG_1,9.97,16.24,-0.62,1,1565,1656,NE
1175172.924,X_LEG_1,9.97,16.24,-0.62,1,1565,1656,NE
1175172.945,X_LEG_1,9.97,16.24,-0.62,1,1565,1656,NE
1175172.965,X_LEG_1,10.05,16.21,-0.64,1,1565,1655,NE
1175172.985,X_LEG_1,10.05,16.21,-0.64,1,1565,1655,NE
1175173.006,X_LEG_1,10.05,16.21,-0.64,1,1565,1655,NE
1175173.026,X_LEG_1,10.05,16.21,-0.64,1,1565,1655,NE
1175173.047,X_LEG_1,10.05,16.21,-0.64,1,1565,1655,NE
1175173.067,X_LEG_1,10.14,16.18,-0.63,1,1565,1655,NE
1175173.088,X_LEG_1,10.14,16.18,-0.63,1,1565,1655,NE
1175173.108,X_LEG_1,10.14,16.18,-0.63,1,1565,1655,NE
1175173.129,X_LEG_1,10.14,16.18,-0.63,1,1565,1655,NE
1175173.150,X_LEG_1,10.14,16.18,-0.63,1,1565,1655,NE
1175173.170,X_LEG_1,10.22,16.15,-0.65,1,1565,1655,NE
1175173.191,X_LEG_1,10.22,16.15,-0.65,1,1565,1655,NE
1175173.211,X_LEG_1,10.22,16.15,-0.65,1,1565,1655,NE
1175173.232,X_LEG_1,10.22,16.15,-0.65,1,1565,1655,NE
1175173.252,X_LEG_1,10.22,16.15,-0.65,1,1565,1655,NE
1175173.272,X_LEG_1,10.30,16.12,-0.65,1,1564,1655,NE
1175173.293,X_LEG_1,10.30,16.12,-0.65,1,1564,1655,NE
1175173.313,X_LEG_1,10.30,16.12,-0.65,1,1564,1655,NE
1175173.334,X_LEG_1,10.30,16.12,-0.65,1,1564,1655,NE
1175173.354,X_LEG_1,10.30,16.12,-0.65,1,1564,1655,NE
1175173.375,X_LEG_1,10.38,16.09,-0.67,1,1564,1654,NE
1175173.395,X_LEG_1,10.38,16.09,-0.67,1,1564,1654,NE
1175173.416,X_LEG_1,10.38,16.09,-0.67,1,1564,1654,NE
1175173.437,X_LEG_1,10.38,16.09,-0.67,1,1564,1654,NE
1175173.457,X_LEG_1,10.38,16.09,-0.67,1,1564,1654,NE
1175173.478,X_LEG_1,10.47,16.06,-0.66,1,1564,1654,NE
1175173.499,X_LEG_1,10.47,16.06,-0.66,1,1564,1654,NE
1175173.519,X_LEG_1,10.47,16.06,-0.66,1,1564,1654,NE
1175173.541,X_LEG_1,10.47,16.06,-0.66,1,1564,1654,NE
1175173.561,X_LEG_1,10.47,16.06,-0.66,1,1564,1654,NE
1175173.582,X_LEG_1,10.55,16.03,-0.71,1,1564,1654,NE
1175173.603,X_LEG_1,10.55,16.03,-0.71,1,1564,1654,NE
1175173.623,X_LEG_1,10.55,16.03,-0.71,1,1564,1654,NE
1175173.644,X_LEG_1,10.55,16.03,-0.71,1,1564,1654,NE
1175173.664,X_LEG_1,10.55,16.03,-0.71,1,1564,1654,NE
1175173.684,X_LEG_1,10.63,16.01,-0.70,1,1564,1654,NE
1175173.705,X_LEG_1,10.63,16.01,-0.70,1,1564,1654,NE
1175173.725,X_LEG_1,10.63,16.01,-0.70,1,1564,1654,NE
1175173.745,X_LEG_2,10.63,49.03,128.07,0,1500,1654,SE
1175173.766,X_LEG_2,10.63,49.03,128.07,0,1500,1654,SE
1175173.786,X_LEG_2,10.71,49.05,128.10,0,1500,1653,SE
1175173.807,X_LEG_2,10.71,49.05,128.10,0,1500,1653,SE
1175173.827,X_LEG_2,10.71,49.05,128.10,0,1500,1653,SE
1175173.848,X_LEG_2,10.71,49.05,128.10,0,1500,1653,SE
1175173.870,X_LEG_2,10.71,49.05,128.10,0,1500,1653,SE
1175173.890,X_LEG_2,10.79,49.06,128.13,0,1500,1653,SE
1175173.910,X_LEG_2,10.79,49.06,128.13,0,1500,1653,SE
1175173.931,X_LEG_2,10.79,49.06,128.13,0,1500,1653,SE
1175173.951,X_LEG_2,10.79,49.06,128.13,0,1500,1653,SE
1175173.971,X_LEG_2,10.79,49.06,128.13,0,1500,1653,SE
1175173.992,X_LEG_2,10.79,49.06,128.13,0,1500,1653,SE
1175174.012,X_LEG_2,10.79,49.06,128.13,0,1500,1653,SE
1175174.033,X_LEG_2,10.79,49.06,128.13,0,1500,1653,SE
1175174.053,X_LEG_2,10.79,49.06,128.13,0,1500,1653,SE
1175174.074,X_LEG_2,10.79,49.06,128.13,0,1500,1653,SE
1175174.094,X_LEG_2,10.92,49.09,128.17,0,1500,1653,SE
1175174.115,X_LEG_2,10.92,49.09,128.17,0,1500,1653,SE
1175174.135,X_LEG_2,10.92,49.09,128.17,0,1500,1653,SE
1175174.156,X_LEG_2,10.92,49.09,128.17,0,1500,1653,SE
1175174.177,X_LEG_2,10.92,49.09,128.17,0,1500,1653,SE
1175174.197,X_LEG_2,11.00,49.11,128.20,0,1500,1653,SE
1175174.218,X_LEG_2,11.00,49.11,128.20,0,1500,1653,SE
1175174.238,X_LEG_2,11.00,49.11,128.20,0,1500,1653,SE
1175174.258,X_LEG_2,11.00,49.11,128.20,0,1500,1653,SE
1175174.279,X_LEG_2,11.00,49.11,128.20,0,1500,1653,SE
1175174.299,X_LEG_2,11.09,49.12,117.23,0,1500,1652,SE
1175174.320,X_LEG_2,11.09,49.12,117.23,0,1500,1652,SE
1175174.340,X_LEG_2,11.09,49.12,117.23,0,1500,1652,SE
1175174.360,X_LEG_2,11.09,49.12,117.23,0,1500,1652,SE
1175174.381,X_LEG_2,11.09,49.12,117.23,0,1500,1652,SE
1175174.401,X_LEG_2,11.18,49.14,117.26,0,1500,1652,SE
1175174.422,X_LEG_2,11.18,49.14,117.26,0,1500,1652,SE
1175174.442,X_LEG_2,11.18,49.14,117.26,0,1500,1652,SE
1175174.463,X_LEG_2,11.18,49.14,117.26,0,1500,1652,SE
1175174.483,X_LEG_2,11.18,49.14,117.26,0,1500,1652,SE
1175174.503,X_LEG_2,11.27,49.16,117.29,0,1500,1652,SE
1175174.524,X_LEG_2,11.27,49.16,117.29,0,1500,1652,SE
1175174.544,X_LEG_2,11.27,49.16,117.29,0,1500,1652,SE
1175174.565,X_LEG_2,11.27,49.16,117.29,0,1500,1652,SE
1175174.585,X_LEG_2,11.27,49.16,117.29,0,1500,1652,SE
1175174.606,X_LEG_2,11.35,49.18,117.31,0,1500,1651,SE
1175174.626,X_LEG_2,11.35,49.18,117.31,0,1500,1651,SE
1175174.647,X_LEG_2,11.35,49.18,117.31,0,1500,1651,SE
1175174.668,X_LEG_2,11.35,49.18,117.31,0,1500,1651,SE
1175174.688,X_LEG_2,11.35,49.18,117.31,0,1500,1651,SE
1175174.709,X_LEG_2,11.44,49.18,117.34,0,1500,1651,SE
1175174.731,X_LEG_2,11.44,49.18,117.34,0,1500,1651,SE
1175174.751,X_LEG_2,11.44,49.18,117.34,0,1500,1651,SE
1175174.771,X_LEG_2,11.44,49.18,117.34,0,1500,1651,SE
1175174.792,X_LEG_2,11.44,49.18,117.34,0,1500,1651,SE
1175174.813,X_LEG_2,11.44,49.18,117.34,0,1500,1651,SE
1175174.833,X_LEG_2,11.44,49.18,117.34,0,1500,1651,SE
1175174.854,X_LEG_2,11.44,49.18,117.34,0,1500,1651,SE
1175174.874,X_LEG_2,11.44,49.18,117.34,0,1500,1651,SE
1175174.895,X_LEG_2,11.44,49.18,117.34,0,1500,1651,SE
1175174.915,X_LEG_2,11.58,49.21,87.38,0,1500,1651,SE
1175174.936,X_LEG_2,11.58,49.21,87.38,0,1500,1651,SE
1175174.956,X_LEG_2,11.58,49.21,87.38,0,1500,1651,SE
1175174.977,X_LEG_2,11.58,49.21,87.38,0,1500,1651,SE
1175174.997,X_LEG_2,11.58,49.21,87.38,0,1500,1651,SE
1175175.017,X_LEG_2,11.67,49.23,87.41,0,1500,1650,SE
1175175.038,X_LEG_2,11.67,49.23,87.41,0,1500,1650,SE
1175175.059,X_LEG_2,11.67,49.23,87.41,0,1500,1650,SE
1175175.079,X_LEG_2,11.67,49.23,87.41,0,1500,1650,SE
1175175.100,X_LEG_2,11.67,49.23,87.41,0,1500,1650,SE
1175175.121,X_LEG_2,11.81,49.26,87.45,0,1500,1650,SE
1175175.141,X_LEG_2,11.81,49.26,87.45,0,1500,1650,SE
1175175.162,X_LEG_2,11.81,49.26,87.45,0,1500,1650,SE
1175175.183,X_LEG_2,11.81,49.26,87.45,0,1500,1650,SE
1175175.203,X_LEG_2,11.81,49.26,87.45,0,1500,1650,SE
1175175.224,X_LEG_2,11.90,49.27,87.47,0,1500,1650,SE
1175175.244,X_LEG_2,11.90,49.27,87.47,0,1500,1650,SE
1175175.264,X_LEG_2,11.90,49.27,87.47,0,1500,1650,SE
1175175.285,X_LEG_2,11.90,49.27,87.47,0,1500,1650,SE
1175175.305,X_LEG_2,11.90,49.27,87.47,0,1500,1650,SE
1175175.325,X_LEG_2,11.99,49.28,87.50,0,1500,1650,SE
1175175.346,X_LEG_2,11.99,49.28,87.50,0,1500,1650,SE
1175175.366,X_LEG_2,11.99,49.28,87.50,0,1500,1650,SE
1175175.387,X_LEG_2,11.99,49.28,87.50,0,1500,1650,SE
1175175.407,X_LEG_2,11.99,49.28,87.50,0,1500,1650,SE
1175175.428,X_LEG_2,12.09,49.30,75.53,0,1500,1649,SE
1175175.449,X_LEG_2,12.09,49.30,75.53,0,1500,1649,SE
1175175.469,X_LEG_2,12.09,49.30,75.53,0,1500,1649,SE
1175175.490,X_LEG_2,12.09,49.30,75.53,0,1500,1649,SE
1175175.510,X_LEG_2,12.09,49.30,75.53,0,1500,1649,SE
1175175.531,X_LEG_2,12.18,49.32,75.55,0,1500,1649,SE
1175175.552,X_LEG_2,12.18,49.32,75.55,0,1500,1649,SE
1175175.572,X_LEG_2,12.18,49.32,75.55,0,1500,1649,SE
1175175.592,X_LEG_2,12.18,49.32,75.55,0,1500,1649,SE
1175175.613,X_LEG_2,12.18,49.32,75.55,0,1500,1649,SE
1175175.634,X_LEG_2,12.18,49.32,75.55,0,1500,1649,SE
1175175.654,X_LEG_2,12.18,49.32,75.55,0,1500,1649,SE
1175175.674,X_LEG_2,12.18,49.32,75.55,0,1500,1649,SE
1175175.695,X_LEG_2,12.18,49.32,75.55,0,1500,1649,SE
1175175.715,X_LEG_2,12.18,49.32,75.55,0,1500,1649,SE
1175175.736,X_LEG_2,12.32,49.34,75.59,0,1500,1649,SE
1175175.756,X_LEG_2,12.32,49.34,75.59,0,1500,1649,SE
1175175.778,X_LEG_2,12.32,49.34,75.59,0,1500,1649,SE
1175175.798,X_LEG_2,12.32,49.34,75.59,0,1500,1649,SE
1175175.819,X_LEG_2,12.32,49.34,75.59,0,1500,1649,SE
1175175.841,X_LEG_2,12.41,49.36,75.61,0,1500,1648,SE
1175175.861,X_LEG_2,12.41,49.36,75.61,0,1500,1648,SE
1175175.881,X_LEG_2,12.41,49.36,75.61,0,1500,1648,SE
1175175.903,X_LEG_2,12.41,49.36,75.61,0,1500,1648,SE
1175175.923,X_LEG_2,12.41,49.36,75.61,0,1500,1648,SE
1175175.943,X_LEG_2,12.50,49.37,53.64,0,1500,1648,SE
1175175.964,X_LEG_2,12.50,49.37,53.64,0,1500,1648,SE
1175175.984,X_LEG_2,12.50,49.37,53.64,0,1500,1648,SE
1175176.005,X_LEG_2,12.50,49.37,53.64,0,1500,1648,SE
1175176.025,X_LEG_2,12.50,49.37,53.64,0,1500,1648,SE
1175176.046,X_LEG_2,12.59,49.39,53.66,0,1500,1648,SE
1175176.066,X_LEG_2,12.59,49.39,53.66,0,1500,1648,SE
1175176.087,X_LEG_2,12.59,49.39,53.66,0,1500,1648,SE
1175176.107,X_LEG_2,12.59,49.39,53.66,0,1500,1648,SE
1175176.128,X_LEG_2,12.59,49.39,53.66,0,1500,1648,SE
1175176.148,X_LEG_2,12.69,49.41,53.68,0,1500,1647,SE
1175176.169,X_LEG_2,12.69,49.41,53.68,0,1500,1647,SE
1175176.189,X_LEG_2,12.69,49.41,53.68,0,1500,1647,SE
1175176.209,X_LEG_2,12.69,49.41,53.68,0,1500,1647,SE
1175176.230,X_LEG_2,12.69,49.41,53.68,0,1500,1647,SE
1175176.250,X_LEG_2,12.78,49.42,53.70,0,1500,1647,SE
1175176.270,X_LEG_2,12.78,49.42,53.70,0,1500,1647,SE
1175176.291,X_LEG_2,12.78,49.42,53.70,0,1500,1647,SE
1175176.311,X_LEG_2,12.78,49.42,53.70,0,1500,1647,SE
1175176.331,X_LEG_2,12.78,49.42,53.70,0,1500,1647,SE
1175176.352,X_LEG_2,12.87,49.43,53.73,0,1500,1647,SE
1175176.372,X_LEG_2,12.87,49.43,53.73,0,1500,1647,SE
1175176.392,X_LEG_2,12.87,49.43,53.73,0,1500,1647,SE
1175176.413,X_LEG_2,12.87,49.43,53.73,0,1500,1647,SE
1175176.435,X_LEG_2,12.87,49.43,53.73,0,1500,1647,SE
1175176.455,X_LEG_2,12.96,49.45,33.75,0,1500,1647,SE
1175176.475,X_LEG_2,12.96,49.45,33.75,0,1500,1647,SE
1175176.496,X_LEG_2,12.96,49.45,33.75,0,1500,1647,SE
1175176.517,X_LEG_2,12.96,49.45,33.75,0,1500,1647,SE
1175176.537,X_LEG_2,12.96,49.45,33.75,0,1500,1647,SE
1175176.557,X_LEG_2,12.96,49.45,33.75,0,1500,1647,SE
1175176.578,X_LEG_2,12.96,49.45,33.75,0,1500,1647,SE
1175176.598,X_LEG_2,12.96,49.45,33.75,0,1500,1647,SE
1175176.619,X_LEG_2,12.96,49.45,33.75,0,1500,1647,SE
1175176.639,X_LEG_2,12.96,49.45,33.75,0,1500,1647,SE
1175176.660,X_LEG_2,13.05,49.46,33.77,0,1500,1646,SE
1175176.680,X_LEG_2,13.05,49.46,33.77,0,1500,1646,SE
1175176.701,X_LEG_2,13.05,49.46,33.77,0,1500,1646,SE
1175176.722,X_LEG_2,13.05,49.46,33.77,0,1500,1646,SE
1175176.742,X_LEG_2,13.05,49.46,33.77,0,1500,1646,SE
1175176.763,X_LEG_2,13.14,49.48,33.80,0,1500,1646,SE
1175176.783,X_LEG_2,13.14,49.48,33.80,0,1500,1646,SE
1175176.804,X_LEG_2,13.14,49.48,33.80,0,1500,1646,SE
1175176.824,X_LEG_2,13.14,49.48,33.80,0,1500,1646,SE
1175176.844,X_LEG_2,13.14,49.48,33.80,0,1500,1646,SE
1175176.865,X_LEG_2,13.23,49.50,33.83,0,1500,1646,SE
1175176.885,X_LEG_2,13.23,49.50,33.83,0,1500,1646,SE
1175176.906,X_LEG_2,13.23,49.50,33.83,0,1500,1646,SE
1175176.927,X_LEG_2,13.23,49.50,33.83,0,1500,1646,SE
1175176.947,X_LEG_2,13.23,49.50,33.83,0,1500,1646,SE
1175176.967,X_LEG_2,13.32,49.51,19.86,1,1698,1646,SE
1175176.988,X_LEG_2,13.32,49.51,19.86,1,1698,1646,SE
1175177.008,X_LEG_2,13.32,49.51,19.86,1,1698,1646,SE
1175177.030,X_LEG_2,13.32,49.51,19.86,1,1698,1646,SE
1175177.050,X_LEG_2,13.32,49.51,19.86,1,1698,1646,SE
1175177.070,X_LEG_2,13.41,49.52,19.88,1,1698,1645,SE
1175177.090,X_LEG_2,13.41,49.52,19.88,1,1698,1645,SE
1175177.111,X_LEG_2,13.41,49.52,19.88,1,1698,1645,SE
1175177.131,X_LEG_2,13.41,49.52,19.88,1,1698,1645,SE
1175177.152,X_LEG_2,13.41,49.52,19.88,1,1698,1645,SE
1175177.172,X_LEG_2,13.50,49.54,19.90,1,1698,1645,SE
1175177.192,X_LEG_2,13.50,49.54,19.90,1,1698,1645,SE
1175177.213,X_LEG_2,13.50,49.54,19.90,1,1698,1645,SE
1175177.233,X_LEG_2,13.50,49.54,19.90,1,1698,1645,SE
1175177.254,X_LEG_2,13.50,49.54,19.90,1,1698,1645,SE
1175177.274,X_LEG_2,13.59,49.55,19.92,1,1698,1645,SE
1175177.295,X_LEG_2,13.59,49.55,19.92,1,1698,1645,SE
1175177.315,X_LEG_2,13.59,49.55,19.92,1,1698,1645,SE
1175177.336,X_LEG_2,13.59,49.55,19.92,1,1698,1645,SE
1175177.356,X_LEG_2,13.59,49.55,19.92,1,1698,1645,SE
1175177.377,X_LEG_2,13.59,49.55,19.92,1,1698,1645,SE
1175177.397,X_LEG_2,13.59,49.55,19.92,1,1698,1645,SE
1175177.417,X_LEG_2,13.59,49.55,19.92,1,1698,1645,SE
1175177.437,X_LEG_2,13.59,49.55,19.92,1,1698,1645,SE
1175177.457,X_LEG_2,13.59,49.55,19.92,1,1698,1645,SE
1175177.478,X_LEG_2,13.73,49.58,19.96,1,1698,1644,SE
1175177.499,X_LEG_2,13.73,49.58,19.96,1,1698,1644,SE
1175177.520,X_LEG_2,13.73,49.58,19.96,1,1698,1644,SE
1175177.540,X_LEG_2,13.73,49.58,19.96,1,1698,1644,SE
1175177.561,X_LEG_2,13.73,49.58,19.96,1,1698,1644,SE
1175177.581,X_LEG_2,13.81,49.58,15.98,1,1698,1644,SE
1175177.602,X_LEG_2,13.81,49.58,15.98,1,1698,1644,SE
1175177.622,X_LEG_2,13.81,49.58,15.98,1,1698,1644,SE
1175177.642,X_LEG_2,13.81,49.58,15.98,1,1698,1644,SE
1175177.663,X_LEG_2,13.81,49.58,15.98,1,1698,1644,SE
1175177.683,X_LEG_2,13.95,49.61,16.02,1,1698,1644,SE
1175177.703,X_LEG_2,13.95,49.61,16.02,1,1698,1644,SE
1175177.724,X_LEG_2,13.95,49.61,16.02,1,1698,1644,SE
1175177.744,X_LEG_2,13.95,49.61,16.02,1,1698,1644,SE
1175177.765,X_LEG_2,13.95,49.61,16.02,1,1698,1644,SE
1175177.786,X_LEG_2,14.04,49.62,16.04,1,1698,1643,SE
1175177.806,X_LEG_2,14.04,49.62,16.04,1,1698,1643,SE
1175177.827,X_LEG_2,14.04,49.62,16.04,1,1698,1643,SE
1175177.847,X_LEG_2,14.04,49.62,16.04,1,1698,1643,SE
1175177.868,X_LEG_2,14.04,49.62,16.04,1,1698,1643,SE
1175177.889,X_LEG_2,14.12,49.63,16.06,1,1699,1643,SE
1175177.909,X_LEG_2,14.12,49.63,16.06,1,1699,1643,SE
1175177.930,X_LEG_2,14.12,49.63,16.06,1,1699,1643,SE
1175177.950,X_LEG_2,14.12,49.63,16.06,1,1699,1643,SE
1175177.971,X_LEG_2,14.12,49.63,16.06,1,1699,1643,SE
1175177.991,X_LEG_2,14.21,49.64,16.08,1,1699,1643,SE
1175178.012,X_LEG_2,14.21,49.64,16.08,1,1699,1643,SE
1175178.032,X_LEG_2,14.21,49.64,16.08,1,1699,1643,SE
1175178.053,X_LEG_2,14.21,49.64,16.08,1,1699,1643,SE
1175178.073,X_LEG_2,14.21,49.64,16.08,1,1699,1643,SE
1175178.093,X_LEG_2,14.30,49.64,13.10,1,1699,1643,SE
1175178.114,X_LEG_2,14.30,49.64,13.10,1,1699,1643,SE
1175178.134,X_LEG_2,14.30,49.64,13.10,1,1699,1643,SE
1175178.155,X_LEG_2,14.30,49.64,13.10,1,1699,1643,SE
1175178.175,X_LEG_2,14.30,49.64,13.10,1,1699,1643,SE
1175178.195,X_LEG_2,14.30,49.64,13.10,1,1699,1643,SE
1175178.216,X_LEG_2,14.30,49.64,13.10,1,1699,1643,SE
1175178.236,X_LEG_2,14.30,49.64,13.10,1,1699,1643,SE
1175178.257,X_LEG_2,14.30,49.64,13.10,1,1699,1643,SE
1175178.278,X_LEG_2,14.30,49.64,13.10,1,1699,1643,SE
1175178.298,X_LEG_2,14.42,49.65,13.14,1,1699,1642,SE
1175178.318,X_LEG_2,14.42,49.65,13.14,1,1699,1642,SE
1175178.339,X_LEG_2,14.42,49.65,13.14,1,1699,1642,SE
1175178.359,X_LEG_2,14.42,49.65,13.14,1,1699,1642,SE
1175178.379,X_LEG_2,14.42,49.65,13.14,1,1699,1642,SE
1175178.400,X_LEG_2,14.51,49.66,13.16,1,1699,1642,SE
1175178.420,X_LEG_2,14.51,49.66,13.16,1,1699,1642,SE
1175178.440,X_LEG_2,14.51,49.66,13.16,1,1699,1642,SE
1175178.461,X_LEG_2,14.51,49.66,13.16,1,1699,1642,SE
1175178.482,X_LEG_2,14.51,49.66,13.16,1,1699,1642,SE
1175178.503,X_LEG_2,14.63,49.65,13.20,1,1699,1642,SE
1175178.523,X_LEG_2,14.63,49.65,13.20,1,1699,1642,SE
1175178.544,X_LEG_2,14.63,49.65,13.20,1,1699,1642,SE
1175178.564,X_LEG_2,14.63,49.65,13.20,1,1699,1642,SE
1175178.584,X_LEG_2,14.63,49.65,13.20,1,1699,1642,SE
1175178.605,X_LEG_2,14.63,49.65,10.20,1,1699,1642,SE
1175178.625,X_LEG_2,14.63,49.65,10.20,1,1699,1642,SE
1175178.645,X_LEG_2,14.63,49.65,10.20,1,1699,1642,SE
1175178.666,X_LEG_2,14.63,49.65,10.20,1,1699,1642,SE
1175178.686,X_LEG_2,14.63,49.65,10.20,1,1699,1642,SE
1175178.707,X_LEG_2,14.72,49.65,10.22,1,1699,1641,SE
1175178.727,X_LEG_2,14.72,49.65,10.22,1,1699,1641,SE
1175178.748,X_LEG_2,14.72,49.65,10.22,1,1699,1641,SE
1175178.768,X_LEG_2,14.72,49.65,10.22,1,1699,1641,SE
1175178.789,X_LEG_2,14.72,49.65,10.22,1,1699,1641,SE
1175178.810,X_LEG_2,14.84,49.64,10.26,1,1699,1641,SE
1175178.830,X_LEG_2,14.84,49.64,10.26,1,1699,1641,SE
1175178.851,X_LEG_2,14.84,49.64,10.26,1,1699,1641,SE
1175178.871,X_LEG_2,14.84,49.64,10.26,1,1699,1641,SE
1175178.892,X_LEG_2,14.84,49.64,10.26,1,1699,1641,SE
1175178.912,X_LEG_2,14.92,49.63,10.29,1,1699,1641,SE
1175178.933,X_LEG_2,14.92,49.63,10.29,1,1699,1641,SE
1175178.953,X_LEG_2,14.92,49.63,10.29,1,1699,1641,SE
1175178.973,X_LEG_2,14.92,49.63,10.29,1,1699,1641,SE
1175178.993,X_LEG_2,14.92,49.63,10.29,1,1699,1641,SE
1175179.014,X_LEG_2,15.00,49.63,10.31,1,1699,1641,SE
1175179.034,X_LEG_2,15.00,49.63,10.31,1,1699,1641,SE
1175179.055,X_LEG_2,15.00,49.63,10.31,1,1699,1641,SE
1175179.076,X_LEG_2,15.00,49.63,10.31,1,1699,1641,SE
1175179.096,X_LEG_2,15.00,49.63,10.31,1,1699,1641,SE
1175179.117,X_LEG_2,15.08,49.62,9.33,1,1698,1641,SE
1175179.137,X_LEG_2,15.08,49.62,9.33,1,1698,1641,SE
1175179.158,X_LEG_2,15.08,49.62,9.33,1,1698,1641,SE
1175179.178,X_LEG_2,15.08,49.62,9.33,1,1698,1641,SE
1175179.199,X_LEG_2,15.08,49.62,9.33,1,1698,1641,SE
1175179.219,X_LEG_2,15.08,49.62,9.33,1,1698,1641,SE
1175179.240,X_LEG_2,15.08,49.62,9.33,1,1698,1641,SE
1175179.260,X_LEG_2,15.08,49.62,9.33,1,1698,1641,SE
1175179.281,X_LEG_2,15.08,49.62,9.33,1,1698,1641,SE
1175179.301,X_LEG_2,15.08,49.62,9.33,1,1698,1641,SE
1175179.322,X_LEG_2,15.20,49.60,9.37,1,1698,1641,SE
1175179.343,X_LEG_2,15.20,49.60,9.37,1,1698,1641,SE
1175179.363,X_LEG_2,15.20,49.60,9.37,1,1698,1641,SE
1175179.384,X_LEG_2,15.20,49.60,9.37,1,1698,1641,SE
1175179.404,X_LEG_2,15.20,49.60,9.37,1,1698,1641,SE
1175179.424,X_LEG_2,15.28,49.58,9.40,1,1698,1641,SE
1175179.445,X_LEG_2,15.28,49.58,9.40,1,1698,1641,SE
1175179.466,X_LEG_2,15.28,49.58,9.40,1,1698,1641,SE
1175179.486,X_LEG_2,15.28,49.58,9.40,1,1698,1641,SE
1175179.507,X_LEG_2,15.28,49.58,9.40,1,1698,1641,SE
1175179.527,X_LEG_2,15.36,49.57,9.43,1,1698,1640,SE
1175179.548,X_LEG_2,15.36,49.57,9.43,1,1698,1640,SE
1175179.568,X_LEG_2,15.36,49.57,9.43,1,1698,1640,SE
1175179.589,X_LEG_2,15.36,49.57,9.43,1,1698,1640,SE
1175179.609,X_LEG_2,15.36,49.57,9.43,1,1698,1640,SE
1175179.630,X_LEG_2,15.47,49.54,7.46,1,1698,1640,SE
1175179.651,X_LEG_2,15.47,49.54,7.46,1,1698,1640,SE
1175179.671,X_LEG_2,15.47,49.54,7.46,1,1698,1640,SE
1175179.691,X_LEG_2,15.47,49.54,7.46,1,1698,1640,SE
1175179.711,X_LEG_2,15.47,49.54,7.46,1,1698,1640,SE
1175179.732,X_LEG_2,15.47,49.54,7.46,1,1698,1640,SE
1175179.752,X_LEG_2,15.47,49.54,7.46,1,1698,1640,SE
1175179.772,X_LEG_2,15.47,49.54,7.46,1,1698,1640,SE
1175179.793,X_LEG_2,15.47,49.54,7.46,1,1698,1640,SE
1175179.814,X_LEG_2,15.47,49.54,7.46,1,1698,1640,SE
1175179.834,X_LEG_2,15.55,49.51,7.48,1,1698,1640,SE
1175179.855,X_LEG_2,15.55,49.51,7.48,1,1698,1640,SE
1175179.875,X_LEG_2,15.55,49.51,7.48,1,1698,1640,SE
1175179.895,X_LEG_2,15.55,49.51,7.48,1,1698,1640,SE
1175179.916,X_LEG_2,15.55,49.51,7.48,1,1698,1640,SE
1175179.936,X_LEG_2,15.62,49.50,7.52,1,1698,1640,SE
1175179.957,X_LEG_2,15.62,49.50,7.52,1,1698,1640,SE
1175179.977,X_LEG_2,15.62,49.50,7.52,1,1698,1640,SE
1175179.997,X_LEG_2,15.62,49.50,7.52,1,1698,1640,SE
1175180.017,X_LEG_2,15.62,49.50,7.52,1,1698,1640,SE
1175180.038,X_LEG_2,15.70,49.47,7.54,1,1698,1639,SE
1175180.058,X_LEG_2,15.70,49.47,7.54,1,1698,1639,SE
1175180.079,X_LEG_2,15.70,49.47,7.54,1,1698,1639,SE
1175180.099,X_LEG_2,15.70,49.47,7.54,1,1698,1639,SE
1175180.119,X_LEG_2,15.70,49.47,7.54,1,1698,1639,SE
1175180.140,X_LEG_2,15.77,49.44,7.57,1,1698,1639,SE
1175180.160,X_LEG_2,15.77,49.44,7.57,1,1698,1639,SE
1175180.181,X_LEG_2,15.77,49.44,7.57,1,1698,1639,SE
1175180.201,X_LEG_2,15.77,49.44,7.57,1,1698,1639,SE
1175180.221,X_LEG_2,15.77,49.44,7.57,1,1698,1639,SE
1175180.241,X_LEG_2,15.85,49.42,7.59,1,1698,1639,SE
1175180.262,X_LEG_2,15.85,49.42,7.59,1,1698,1639,SE
1175180.282,X_LEG_2,15.85,49.42,7.59,1,1698,1639,SE
1175180.303,X_LEG_2,15.85,49.42,7.59,1,1698,1639,SE
1175180.323,X_LEG_2,15.85,49.42,7.59,1,1698,1639,SE
1175180.344,X_LEG_2,15.92,49.39,7.62,1,1698,1639,SE
1175180.364,X_LEG_2,15.92,49.39,7.62,1,1698,1639,SE
1175180.384,X_LEG_2,15.92,49.39,7.62,1,1698,1639,SE
1175180.405,X_LEG_2,15.92,49.39,7.62,1,1698,1639,SE
1175180.425,X_LEG_2,15.92,49.39,7.62,1,1698,1639,SE
1175180.445,X_LEG_2,15.99,49.36,7.65,1,1697,1639,SE
1175180.466,X_LEG_2,15.99,49.36,7.65,1,1697,1639,SE
1175180.486,X_LEG_2,15.99,49.36,7.65,1,1697,1639,SE
1175180.507,X_LEG_2,15.99,49.36,7.65,1,1697,1639,SE
1175180.527,X_LEG_2,15.99,49.36,7.65,1,1697,1639,SE
1175180.548,X_LEG_2,16.06,49.32,7.67,1,1697,1638,SE
1175180.568,X_LEG_2,16.06,49.32,7.67,1,1697,1638,SE
1175180.589,X_LEG_2,16.06,49.32,7.67,1,1697,1638,SE
1175180.609,X_LEG_2,16.06,49.32,7.67,1,1697,1638,SE
1175180.630,X_LEG_2,16.06,49.32,7.67,1,1697,1638,SE
1175180.650,X_LEG_2,16.13,49.30,6.70,1,1697,1638,SE
1175180.671,X_LEG_2,16.13,49.30,6.70,1,1697,1638,SE
1175180.691,X_LEG_2,16.13,49.30,6.70,1,1697,1638,SE
1175180.712,X_LEG_2,16.13,49.30,6.70,1,1697,1638,SE
1175180.732,X_LEG_2,16.13,49.30,6.70,1,1697,1638,SE
1175180.752,X_LEG_2,16.20,49.26,6.73,1,1697,1638,SE
1175180.773,X_LEG_2,16.20,49.26,6.73,1,1697,1638,SE
1175180.794,X_LEG_2,16.20,49.26,6.73,1,1697,1638,SE
1175180.814,X_LEG_2,16.20,49.26,6.73,1,1697,1638,SE
1175180.835,X_LEG_2,16.20,49.26,6.73,1,1697,1638,SE
1175180.855,X_LEG_2,16.27,49.22,6.76,1,1697,1638,SE
1175180.875,X_LEG_2,16.27,49.22,6.76,1,1697,1638,SE
1175180.895,X_LEG_2,16.27,49.22,6.76,1,1697,1638,SE
1175180.916,X_LEG_2,16.27,49.22,6.76,1,1697,1638,SE
1175180.937,X_LEG_2,16.27,49.22,6.76,1,1697,1638,SE
1175180.957,X_LEG_2,16.27,49.22,6.76,1,1697,1638,SE
1175180.978,X_LEG_2,16.27,49.22,6.76,1,1697,1638,SE
1175180.998,X_LEG_2,16.27,49.22,6.76,1,1697,1638,SE
1175181.019,X_LEG_2,16.27,49.22,6.76,1,1697,1638,SE
1175181.039,X_LEG_2,16.27,49.22,6.76,1,1697,1638,SE
1175181.060,X_LEG_2,16.34,49.18,6.78,1,1697,1637,SE
1175181.080,X_LEG_2,16.34,49.18,6.78,1,1697,1637,SE
1175181.100,X_LEG_2,16.34,49.18,6.78,1,1697,1637,SE
1175181.121,X_LEG_2,16.34,49.18,6.78,1,1697,1637,SE
1175181.141,X_LEG_2,16.34,49.18,6.78,1,1697,1637,SE
1175181.161,X_LEG_2,16.40,49.14,6.81,1,1697,1637,SE
1175181.182,X_LEG_2,16.40,49.14,6.81,1,1697,1637,SE
1175181.202,X_LEG_2,16.40,49.14,6.81,1,1697,1637,SE
1175181.222,X_LEG_2,16.40,49.14,6.81,1,1697,1637,SE
1175181.243,X_LEG_2,16.40,49.14,6.81,1,1697,1637,SE
1175181.263,X_LEG_2,16.47,49.11,5.84,1,1696,1637,SE
1175181.284,X_LEG_2,16.47,49.11,5.84,1,1696,1637,SE
1175181.304,X_LEG_2,16.47,49.11,5.84,1,1696,1637,SE
1175181.326,X_LEG_2,16.47,49.11,5.84,1,1696,1637,SE
1175181.346,X_LEG_2,16.47,49.11,5.84,1,1696,1637,SE
1175181.367,X_LEG_2,16.53,49.06,5.86,1,1696,1637,SE
1175181.388,X_LEG_2,16.53,49.06,5.86,1,1696,1637,SE
1175181.408,X_LEG_2,16.53,49.06,5.86,1,1696,1637,SE
1175181.429,X_LEG_2,16.53,49.06,5.86,1,1696,1637,SE
1175181.449,X_LEG_2,16.53,49.06,5.86,1,1696,1637,SE
1175181.470,X_LEG_2,16.60,49.02,5.89,1,1696,1637,SE
1175181.490,X_LEG_2,16.60,49.02,5.89,1,1696,1637,SE
1175181.510,X_LEG_2,16.60,49.02,5.89,1,1696,1637,SE
1175181.531,X_LEG_2,16.60,49.02,5.89,1,1696,1637,SE
1175181.551,X_LEG_2,16.60,49.02,5.89,1,1696,1637,SE
1175181.571,X_LEG_2,16.66,48.97,5.92,1,1696,1637,SE
1175181.592,X_LEG_2,16.66,48.97,5.92,1,1696,1637,SE
1175181.612,X_LEG_2,16.66,48.97,5.92,1,1696,1637,SE
1175181.633,X_LEG_2,16.66,48.97,5.92,1,1696,1637,SE
1175181.653,X_LEG_2,16.66,48.97,5.92,1,1696,1637,SE
1175181.674,X_LEG_2,16.73,48.92,5.94,1,1696,1636,SE
1175181.694,X_LEG_2,16.73,48.92,5.94,1,1696,1636,SE
1175181.714,X_LEG_2,16.73,48.92,5.94,1,1696,1636,SE
1175181.734,X_LEG_2,16.73,48.92,5.94,1,1696,1636,SE
1175181.755,X_LEG_2,16.73,48.92,5.94,1,1696,1636,SE
1175181.775,X_LEG_2,16.79,48.87,4.97,1,1695,1636,SE
1175181.796,X_LEG_2,16.79,48.87,4.97,1,1695,1636,SE
1175181.817,X_LEG_2,16.79,48.87,4.97,1,1695,1636,SE
1175181.837,X_LEG_2,16.79,48.87,4.97,1,1695,1636,SE
1175181.859,X_LEG_2,16.79,48.87,4.97,1,1695,1636,SE
1175181.879,X_LEG_2,16.85,48.82,5.00,1,1695,1636,SE
1175181.900,X_LEG_2,16.85,48.82,5.00,1,1695,1636,SE
1175181.920,X_LEG_2,16.85,48.82,5.00,1,1695,1636,SE
1175181.940,X_LEG_2,16.85,48.82,5.00,1,1695,1636,SE
1175181.961,X_LEG_2,16.85,48.82,5.00,1,1695,1636,SE
1175181.981,X_LEG_2,16.91,48.77,5.03,1,1695,1636,SE
1175182.002,X_LEG_2,16.91,48.77,5.03,1,1695,1636,SE
1175182.022,X_LEG_2,16.91,48.77,5.03,1,1695,1636,SE
1175182.043,X_LEG_2,16.91,48.77,5.03,1,1695,1636,SE
1175182.063,X_LEG_2,16.91,48.77,5.03,1,1695,1636,SE
1175182.084,X_LEG_2,16.97,48.72,5.06,1,1695,1636,SE
1175182.104,X_LEG_2,16.97,48.72,5.06,1,1695,1636,SE
1175182.124,X_LEG_2,16.97,48.72,5.06,1,1695,1636,SE
1175182.145,X_LEG_2,16.97,48.72,5.06,1,1695,1636,SE
1175182.165,X_LEG_2,16.97,48.72,5.06,1,1695,1636,SE
1175182.186,X_LEG_2,17.03,48.66,5.09,1,1695,1635,SE
1175182.206,X_LEG_2,17.03,48.66,5.09,1,1695,1635,SE
1175182.227,X_LEG_2,17.03,48.66,5.09,1,1695,1635,SE
1175182.247,X_LEG_2,17.03,48.66,5.09,1,1695,1635,SE
1175182.268,X_LEG_2,17.03,48.66,5.09,1,1695,1635,SE
1175182.288,X_LEG_2,17.09,48.61,4.12,1,1694,1635,SE
1175182.309,X_LEG_2,17.09,48.61,4.12,1,1694,1635,SE
1175182.329,X_LEG_2,17.09,48.61,4.12,1,1694,1635,SE
1175182.349,X_LEG_2,17.09,48.61,4.12,1,1694,1635,SE
1175182.370,X_LEG_2,17.09,48.61,4.12,1,1694,1635,SE
1175182.390,X_LEG_2,17.09,48.61,4.12,1,1694,1635,SE
1175182.411,X_LEG_2,17.09,48.61,4.12,1,1694,1635,SE
1175182.432,X_LEG_2,17.09,48.61,4.12,1,1694,1635,SE
1175182.452,X_LEG_2,17.09,48.61,4.12,1,1694,1635,SE
1175182.473,X_LEG_2,17.09,48.61,4.12,1,1694,1635,SE
1175182.493,X_LEG_2,17.18,48.53,4.16,1,1694,1635,SE
1175182.513,X_LEG_2,17.18,48.53,4.16,1,1694,1635,SE
1175182.534,X_LEG_2,17.18,48.53,4.16,1,1694,1635,SE
1175182.554,X_LEG_2,17.18,48.53,4.16,1,1694,1635,SE
1175182.575,X_LEG_2,17.18,48.53,4.16,1,1694,1635,SE
1175182.595,X_LEG_2,17.23,48.47,4.19,1,1694,1635,SE
1175182.616,X_LEG_2,17.23,48.47,4.19,1,1694,1635,SE
1175182.636,X_LEG_2,17.23,48.47,4.19,1,1694,1635,SE
1175182.657,X_LEG_2,17.23,48.47,4.19,1,1694,1635,SE
1175182.677,X_LEG_2,17.23,48.47,4.19,1,1694,1635,SE
1175182.698,X_LEG_2,17.29,48.41,4.20,1,1694,1635,SE
1175182.719,X_LEG_2,17.29,48.41,4.20,1,1694,1635,SE
1175182.739,X_LEG_2,17.29,48.41,4.20,1,1694,1635,SE
1175182.759,X_LEG_2,17.29,48.41,4.20,1,1694,1635,SE
1175182.780,X_LEG_2,17.29,48.41,4.20,1,1694,1635,SE
1175182.800,X_LEG_2,17.34,48.35,4.24,1,1693,1634,SE
1175182.821,X_LEG_2,17.34,48.35,4.24,1,1693,1634,SE
1175182.841,X_LEG_2,17.34,48.35,4.24,1,1693,1634,SE
1175182.862,X_LEG_2,17.34,48.35,4.24,1,1693,1634,SE
1175182.882,X_LEG_2,17.34,48.35,4.24,1,1693,1634,SE
1175182.902,X_LEG_2,17.40,48.29,4.26,1,1693,1634,SE
1175182.923,X_LEG_2,17.40,48.29,4.26,1,1693,1634,SE
1175182.943,X_LEG_2,17.40,48.29,4.26,1,1693,1634,SE
1175182.963,X_LEG_2,17.40,48.29,4.26,1,1693,1634,SE
1175182.984,X_LEG_2,17.40,48.29,4.26,1,1693,1634,SE
1175183.005,X_LEG_2,17.45,48.23,4.30,1,1693,1634,SE
1175183.025,X_LEG_2,17.45,48.23,4.30,1,1693,1634,SE
1175183.045,X_LEG_2,17.45,48.23,4.30,1,1693,1634,SE
1175183.066,X_LEG_2,17.45,48.23,4.30,1,1693,1634,SE
1175183.086,X_LEG_2,17.45,48.23,4.30,1,1693,1634,SE
1175183.107,X_LEG_2,17.51,48.15,4.32,1,1693,1634,SE
1175183.127,X_LEG_2,17.51,48.15,4.32,1,1693,1634,SE
1175183.147,X_LEG_2,17.51,48.15,4.32,1,1693,1634,SE
1175183.168,X_LEG_2,17.51,48.15,4.32,1,1693,1634,SE
1175183.188,X_LEG_2,17.51,48.15,4.32,1,1693,1634,SE
1175183.208,X_LEG_2,17.56,48.09,4.35,1,1692,1634,SE
1175183.229,X_LEG_2,17.56,48.09,4.35,1,1692,1634,SE
1175183.250,X_LEG_2,17.56,48.09,4.35,1,1692,1634,SE
1175183.270,X_LEG_2,17.56,48.09,4.35,1,1692,1634,SE
1175183.291,X_LEG_2,17.56,48.09,4.35,1,1692,1634,SE
1175183.311,X_LEG_2,17.61,48.02,4.38,1,1692,1634,SE
1175183.332,X_LEG_2,17.61,48.02,4.38,1,1692,1634,SE
1175183.352,X_LEG_2,17.61,48.02,4.38,1,1692,1634,SE
1175183.373,X_LEG_2,17.61,48.02,4.38,1,1692,1634,SE
1175183.393,X_LEG_2,17.61,48.02,4.38,1,1692,1634,SE
1175183.413,X_LEG_2,17.61,48.02,3.38,1,1692,1634,SE
1175183.434,X_LEG_2,17.61,48.02,3.38,1,1692,1634,SE
1175183.454,X_LEG_2,17.61,48.02,3.38,1,1692,1634,SE
1175183.475,X_LEG_2,17.61,48.02,3.38,1,1692,1634,SE
1175183.495,X_LEG_2,17.61,48.02,3.38,1,1692,1634,SE
1175183.516,X_LEG_2,17.66,47.95,3.40,1,1692,1634,SE
1175183.536,X_LEG_2,17.66,47.95,3.40,1,1692,1634,SE
1175183.557,X_LEG_2,17.66,47.95,3.40,1,1692,1634,SE
1175183.578,X_LEG_2,17.66,47.95,3.40,1,1692,1634,SE
1175183.598,X_LEG_2,17.66,47.95,3.40,1,1692,1634,SE
1175183.618,X_LEG_2,17.71,47.89,3.43,1,1692,1633,SE
1175183.638,X_LEG_2,17.71,47.89,3.43,1,1692,1633,SE
1175183.658,X_LEG_2,17.71,47.89,3.43,1,1692,1633,SE
1175183.679,X_LEG_2,17.71,47.89,3.43,1,1692,1633,SE
1175183.699,X_LEG_2,17.71,47.89,3.43,1,1692,1633,SE
1175183.720,X_LEG_2,17.76,47.82,3.46,1,1691,1633,SE
1175183.741,X_LEG_2,17.76,47.82,3.46,1,1691,1633,SE
1175183.761,X_LEG_2,17.76,47.82,3.46,1,1691,1633,SE
1175183.782,X_LEG_2,17.76,47.82,3.46,1,1691,1633,SE
1175183.802,X_LEG_2,17.76,47.82,3.46,1,1691,1633,SE
1175183.822,X_LEG_2,17.80,47.75,3.48,1,1691,1633,SE
1175183.843,X_LEG_2,17.80,47.75,3.48,1,1691,1633,SE
1175183.863,X_LEG_2,17.80,47.75,3.48,1,1691,1633,SE
1175183.884,X_LEG_2,17.80,47.75,3.48,1,1691,1633,SE
1175183.904,X_LEG_2,17.80,47.75,3.48,1,1691,1633,SE
1175183.925,X_LEG_2,17.85,47.67,3.52,1,1691,1633,SE
1175183.945,X_LEG_2,17.85,47.67,3.52,1,1691,1633,SE
1175183.966,X_LEG_2,17.85,47.67,3.52,1,1691,1633,SE
1175183.987,X_LEG_2,17.85,47.67,3.52,1,1691,1633,SE
1175184.007,X_LEG_2,17.85,47.67,3.52,1,1691,1633,SE
1175184.028,X_LEG_2,17.90,47.60,3.55,1,1690,1633,SE
1175184.048,X_LEG_2,17.90,47.60,3.55,1,1690,1633,SE
1175184.069,X_LEG_2,17.90,47.60,3.55,1,1690,1633,SE
1175184.089,X_LEG_2,17.90,47.60,3.55,1,1690,1633,SE
1175184.109,X_LEG_2,17.90,47.60,3.55,1,1690,1633,SE
1175184.130,X_LEG_2,17.94,47.52,3.57,1,1690,1633,SE
1175184.150,X_LEG_2,17.94,47.52,3.57,1,1690,1633,SE
1175184.170,X_LEG_2,17.94,47.52,3.57,1,1690,1633,SE
1175184.191,X_LEG_2,17.94,47.52,3.57,1,1690,1633,SE
1175184.212,X_LEG_2,17.94,47.52,3.57,1,1690,1633,SE
1175184.232,X_LEG_2,17.99,47.45,3.60,1,1690,1633,SE
1175184.253,X_LEG_2,17.99,47.45,3.60,1,1690,1633,SE
1175184.273,X_LEG_2,17.99,47.45,3.60,1,1690,1633,SE
1175184.293,X_LEG_2,17.99,47.45,3.60,1,1690,1633,SE
1175184.314,X_LEG_2,17.99,47.45,3.60,1,1690,1633,SE
1175184.334,X_LEG_2,18.03,47.38,3.62,1,1690,1632,SE
1175184.354,X_LEG_2,18.03,47.38,3.62,1,1690,1632,SE
1175184.375,X_LEG_2,18.03,47.38,3.62,1,1690,1632,SE
1175184.395,X_LEG_2,18.03,47.38,3.62,1,1690,1632,SE
1175184.416,X_LEG_2,18.03,47.38,3.62,1,1690,1632,SE
1175184.436,X_LEG_2,18.07,47.30,3.66,1,1689,1632,SE
1175184.457,X_LEG_2,18.07,47.30,3.66,1,1689,1632,SE
1175184.477,X_LEG_2,18.07,47.30,3.66,1,1689,1632,SE
1175184.498,X_LEG_2,18.07,47.30,3.66,1,1689,1632,SE
1175184.518,X_LEG_2,18.07,47.30,3.66,1,1689,1632,SE
1175184.538,X_LEG_2,18.12,47.21,3.68,1,1689,1632,SE
1175184.559,X_LEG_2,18.12,47.21,3.68,1,1689,1632,SE
1175184.579,X_LEG_2,18.12,47.21,3.68,1,1689,1632,SE
1175184.600,X_LEG_2,18.12,47.21,3.68,1,1689,1632,SE
1175184.621,X_LEG_2,18.12,47.21,3.68,1,1689,1632,SE
1175184.641,X_LEG_2,18.12,47.21,3.68,1,1689,1632,SE
1175184.662,X_LEG_2,18.12,47.21,3.68,1,1689,1632,SE
1175184.682,X_LEG_2,18.12,47.21,3.68,1,1689,1632,SE
1175184.702,X_LEG_2,18.12,47.21,3.68,1,1689,1632,SE
1175184.722,X_LEG_2,18.12,47.21,3.68,1,1689,1632,SE
1175184.743,X_LEG_2,18.18,47.10,3.72,1,1688,1632,SE
1175184.763,X_LEG_2,18.18,47.10,3.72,1,1688,1632,SE
1175184.783,X_LEG_2,18.18,47.10,3.72,1,1688,1632,SE
1175184.804,X_LEG_2,18.18,47.10,3.72,1,1688,1632,SE
1175184.824,X_LEG_2,18.18,47.10,3.72,1,1688,1632,SE
1175184.844,X_LEG_2,18.22,47.01,3.76,1,1688,1632,SE
1175184.864,X_LEG_2,18.22,47.01,3.76,1,1688,1632,SE
1175184.885,X_LEG_2,18.22,47.01,3.76,1,1688,1632,SE
1175184.906,X_LEG_2,18.22,47.01,3.76,1,1688,1632,SE
1175184.926,X_LEG_2,18.22,47.01,3.76,1,1688,1632,SE
1175184.946,X_LEG_2,18.26,46.94,2.78,1,1688,1632,SE
1175184.967,X_LEG_2,18.26,46.94,2.78,1,1688,1632,SE
1175184.988,X_LEG_2,18.26,46.94,2.78,1,1688,1632,SE
1175185.008,X_LEG_2,18.26,46.94,2.78,1,1688,1632,SE
1175185.029,X_LEG_2,18.26,46.94,2.78,1,1688,1632,SE
1175185.049,X_LEG_2,18.30,46.86,2.81,1,1687,1632,SE
1175185.070,X_LEG_2,18.30,46.86,2.81,1,1687,1632,SE
1175185.090,X_LEG_2,18.30,46.86,2.81,1,1687,1632,SE
1175185.110,X_LEG_2,18.30,46.86,2.81,1,1687,1632,SE
1175185.130,X_LEG_2,18.30,46.86,2.81,1,1687,1632,SE
1175185.151,X_LEG_2,18.33,46.76,2.84,1,1687,1632,SE
1175185.172,X_LEG_2,18.33,46.76,2.84,1,1687,1632,SE
1175185.192,X_LEG_2,18.33,46.76,2.84,1,1687,1632,SE
1175185.213,X_LEG_2,18.33,46.76,2.84,1,1687,1632,SE
1175185.233,X_LEG_2,18.33,46.76,2.84,1,1687,1632,SE
1175185.254,X_LEG_2,18.37,46.68,2.87,1,1687,1631,SE
1175185.274,X_LEG_2,18.37,46.68,2.87,1,1687,1631,SE
1175185.295,X_LEG_2,18.37,46.68,2.87,1,1687,1631,SE
1175185.316,X_LEG_2,18.37,46.68,2.87,1,1687,1631,SE
1175185.336,X_LEG_2,18.37,46.68,2.87,1,1687,1631,SE
1175185.356,X_LEG_2,18.41,46.60,2.89,1,1686,1631,SE
1175185.376,X_LEG_2,18.41,46.60,2.89,1,1686,1631,SE
1175185.397,X_LEG_2,18.41,46.60,2.89,1,1686,1631,SE
1175185.417,X_LEG_2,18.41,46.60,2.89,1,1686,1631,SE
1175185.438,X_LEG_2,18.41,46.60,2.89,1,1686,1631,SE
1175185.458,X_LEG_2,18.44,46.52,2.93,1,1686,1631,SE
1175185.478,X_LEG_2,18.44,46.52,2.93,1,1686,1631,SE
1175185.499,X_LEG_2,18.44,46.52,2.93,1,1686,1631,SE
1175185.519,X_LEG_2,18.44,46.52,2.93,1,1686,1631,SE
1175185.540,X_LEG_2,18.44,46.52,2.93,1,1686,1631,SE
1175185.560,X_LEG_2,18.48,46.42,2.95,1,1686,1631,SE
1175185.580,X_LEG_2,18.48,46.42,2.95,1,1686,1631,SE
1175185.601,X_LEG_2,18.48,46.42,2.95,1,1686,1631,SE
1175185.621,X_LEG_2,18.48,46.42,2.95,1,1686,1631,SE
1175185.642,X_LEG_2,18.48,46.42,2.95,1,1686,1631,SE
1175185.662,X_LEG_2,18.48,46.34,2.98,1,1685,1631,SE
1175185.683,X_LEG_2,18.51,46.34,2.98,1,1685,1631,SE
1175185.703,X_LEG_2,18.51,46.34,2.98,1,1685,1631,SE
1175185.724,X_LEG_2,18.51,46.34,2.98,1,1685,1631,SE
1175185.744,X_LEG_2,18.51,46.34,2.98,1,1685,1631,SE
1175185.764,X_LEG_2,18.51,46.34,2.98,1,1685,1631,SE
1175185.785,X_LEG_2,18.51,46.34,2.98,1,1685,1631,SE
1175185.805,X_LEG_2,18.51,46.34,2.98,1,1685,1631,SE
1175185.826,X_LEG_2,18.51,46.34,2.98,1,1685,1631,SE
1175185.847,X_LEG_2,18.51,46.34,2.98,1,1685,1631,SE
1175185.867,X_LEG_2,18.54,46.25,3.01,1,1685,1631,SE
1175185.887,X_LEG_2,18.54,46.25,3.01,1,1685,1631,SE
1175185.908,X_LEG_2,18.54,46.25,3.01,1,1685,1631,SE
1175185.929,X_LEG_2,18.54,46.25,3.01,1,1685,1631,SE
1175185.949,X_LEG_2,18.54,46.25,3.01,1,1685,1631,SE
1175185.970,X_LEG_2,18.57,46.16,3.04,1,1685,1631,SE
1175185.990,X_LEG_2,18.57,46.16,3.04,1,1685,1631,SE
1175186.011,X_LEG_2,18.57,46.16,3.04,1,1685,1631,SE
1175186.031,X_LEG_2,18.57,46.16,3.04,1,1685,1631,SE
1175186.052,X_LEG_2,18.57,46.16,3.04,1,1685,1631,SE
1175186.072,X_LEG_2,18.61,46.07,3.06,1,1684,1631,SE
1175186.092,X_LEG_2,18.61,46.07,3.06,1,1684,1631,SE
1175186.113,X_LEG_2,18.61,46.07,3.06,1,1684,1631,SE
1175186.133,X_LEG_2,18.61,46.07,3.06,1,1684,1631,SE
1175186.154,X_LEG_2,18.61,46.07,3.06,1,1684,1631,SE
1175186.174,X_LEG_2,18.63,45.98,3.09,1,1684,1631,SE
1175186.194,X_LEG_2,18.63,45.98,3.09,1,1684,1631,SE
1175186.215,X_LEG_2,18.63,45.98,3.09,1,1684,1631,SE
1175186.235,X_LEG_2,18.63,45.98,3.09,1,1684,1631,SE
1175186.255,X_LEG_2,18.63,45.98,3.09,1,1684,1631,SE
1175186.276,X_LEG_2,18.66,45.88,3.12,1,1684,1631,SE
1175186.297,X_LEG_2,18.66,45.88,3.12,1,1684,1631,SE
1175186.317,X_LEG_2,18.66,45.88,3.12,1,1684,1631,SE
1175186.338,X_LEG_2,18.66,45.88,3.12,1,1684,1631,SE
1175186.358,X_LEG_2,18.66,45.88,3.12,1,1684,1631,SE
1175186.378,X_LEG_2,18.69,45.80,3.14,1,1683,1630,SE
1175186.399,X_LEG_2,18.69,45.80,3.14,1,1683,1630,SE
1175186.419,X_LEG_2,18.69,45.80,3.14,1,1683,1630,SE
1175186.439,X_LEG_2,18.69,45.80,3.14,1,1683,1630,SE
1175186.460,X_LEG_2,18.69,45.80,3.14,1,1683,1630,SE
1175186.480,X_LEG_2,18.72,45.71,3.18,1,1683,1630,SE
1175186.501,X_LEG_2,18.72,45.71,3.18,1,1683,1630,SE
1175186.521,X_LEG_2,18.72,45.71,3.18,1,1683,1630,SE
1175186.542,X_LEG_2,18.72,45.71,3.18,1,1683,1630,SE
1175186.562,X_LEG_2,18.72,45.71,3.18,1,1683,1630,SE
1175186.582,X_LEG_2,18.75,45.61,2.20,1,1682,1630,SE
1175186.603,X_LEG_2,18.75,45.61,2.20,1,1682,1630,SE
1175186.623,X_LEG_2,18.75,45.61,2.20,1,1682,1630,SE
1175186.644,X_LEG_2,18.75,45.61,2.20,1,1682,1630,SE
1175186.664,X_LEG_2,18.75,45.61,2.20,1,1682,1630,SE
1175186.685,X_LEG_2,18.75,45.61,2.20,1,1682,1630,SE
1175186.705,X_LEG_2,18.75,45.61,2.20,1,1682,1630,SE
1175186.725,X_LEG_2,18.75,45.61,2.20,1,1682,1630,SE
1175186.746,X_LEG_2,18.75,45.61,2.20,1,1682,1630,SE
1175186.766,X_LEG_2,18.75,45.61,2.20,1,1682,1630,SE
1175186.786,X_LEG_2,18.79,45.47,2.25,1,1682,1630,SE
1175186.807,X_LEG_2,18.79,45.47,2.25,1,1682,1630,SE
1175186.827,X_LEG_2,18.79,45.47,2.25,1,1682,1630,SE
1175186.848,X_LEG_2,18.79,45.47,2.25,1,1682,1630,SE
1175186.868,X_LEG_2,18.79,45.47,2.25,1,1682,1630,SE
1175186.889,X_LEG_2,18.81,45.37,2.27,1,1681,1630,SE
1175186.910,X_LEG_2,18.81,45.37,2.27,1,1681,1630,SE
1175186.931,X_LEG_2,18.81,45.37,2.27,1,1681,1630,SE
1175186.951,X_LEG_2,18.81,45.37,2.27,1,1681,1630,SE
1175186.972,X_LEG_2,18.81,45.37,2.27,1,1681,1630,SE
1175186.992,X_LEG_2,18.85,45.23,2.32,1,1681,1630,SE
1175187.013,X_LEG_2,18.85,45.23,2.32,1,1681,1630,SE
1175187.033,X_LEG_2,18.85,45.23,2.32,1,1681,1630,SE
1175187.054,X_LEG_2,18.85,45.23,2.32,1,1681,1630,SE
1175187.074,X_LEG_2,18.85,45.23,2.32,1,1681,1630,SE
1175187.094,X_LEG_2,18.87,45.14,2.34,1,1681,1630,SE
1175187.114,X_LEG_2,18.87,45.14,2.34,1,1681,1630,SE
1175187.135,X_LEG_2,18.87,45.14,2.34,1,1681,1630,SE
1175187.155,X_LEG_2,18.87,45.14,2.34,1,1681,1630,SE
1175187.176,X_LEG_2,18.87,45.14,2.34,1,1681,1630,SE
1175187.196,X_LEG_2,18.89,45.03,2.37,1,1680,1630,SE
1175187.217,X_LEG_2,18.89,45.03,2.37,1,1680,1630,SE
1175187.237,X_LEG_2,18.89,45.03,2.37,1,1680,1630,SE
1175187.257,X_LEG_2,18.89,45.03,2.37,1,1680,1630,SE
1175187.278,X_LEG_2,18.89,45.03,2.37,1,1680,1630,SE
1175187.298,X_LEG_2,18.89,45.03,2.37,1,1680,1630,SE
1175187.319,X_LEG_2,18.89,45.03,2.37,1,1680,1630,SE
1175187.339,X_LEG_2,18.89,45.03,2.37,1,1680,1630,SE
1175187.360,X_LEG_2,18.89,45.03,2.37,1,1680,1630,SE
1175187.380,X_LEG_2,18.89,45.03,2.37,1,1680,1630,SE
1175187.401,X_LEG_2,18.92,44.89,2.42,1,1680,1630,SE
1175187.421,X_LEG_2,18.92,44.89,2.42,1,1680,1630,SE
1175187.442,X_LEG_2,18.92,44.89,2.42,1,1680,1630,SE
1175187.462,X_LEG_2,18.92,44.89,2.42,1,1680,1630,SE
1175187.482,X_LEG_2,18.92,44.89,2.42,1,1680,1630,SE
1175187.503,X_LEG_2,18.94,44.79,2.44,1,1679,1630,SE
1175187.524,X_LEG_2,18.94,44.79,2.44,1,1679,1630,SE
1175187.544,X_LEG_2,18.94,44.79,2.44,1,1679,1630,SE
1175187.565,X_LEG_2,18.94,44.79,2.44,1,1679,1630,SE
1175187.585,X_LEG_2,18.94,44.79,2.44,1,1679,1630,SE
1175187.606,X_LEG_2,18.97,44.64,2.49,1,1679,1630,SE
1175187.626,X_LEG_2,18.97,44.64,2.49,1,1679,1630,SE
1175187.647,X_LEG_2,18.97,44.64,2.49,1,1679,1630,SE
1175187.667,X_LEG_2,18.97,44.64,2.49,1,1679,1630,SE
1175187.688,X_LEG_2,18.97,44.64,2.49,1,1679,1630,SE
1175187.708,X_LEG_2,18.99,44.54,2.51,1,1678,1630,SE
1175187.729,X_LEG_2,18.99,44.54,2.51,1,1678,1630,SE
1175187.749,X_LEG_2,18.99,44.54,2.51,1,1678,1630,SE
1175187.770,X_LEG_2,18.99,44.54,2.51,1,1678,1630,SE
1175187.790,X_LEG_2,18.99,44.54,2.51,1,1678,1630,SE
1175187.811,X_LEG_2,18.99,44.54,2.51,1,1678,1630,SE
1175187.832,X_LEG_2,18.99,44.54,2.51,1,1678,1630,SE
1175187.852,X_LEG_2,18.99,44.54,2.51,1,1678,1630,SE
1175187.873,X_LEG_2,18.99,44.54,2.51,1,1678,1630,SE
1175187.893,X_LEG_2,18.99,44.54,2.51,1,1678,1630,SE
1175187.914,X_LEG_2,19.01,44.39,2.56,1,1678,1629,SE
1175187.934,X_LEG_2,19.01,44.39,2.56,1,1678,1629,SE
1175187.954,X_LEG_2,19.01,44.39,2.56,1,1678,1629,SE
1175187.975,X_LEG_2,19.01,44.39,2.56,1,1678,1629,SE
1175187.995,X_LEG_2,19.01,44.39,2.56,1,1678,1629,SE
1175188.016,X_LEG_2,19.03,44.29,2.58,1,1677,1629,SE
1175188.036,X_LEG_2,19.03,44.29,2.58,1,1677,1629,SE
1175188.056,X_LEG_2,19.03,44.29,2.58,1,1677,1629,SE
1175188.077,X_LEG_2,19.03,44.29,2.58,1,1677,1629,SE
1175188.097,X_LEG_2,19.03,44.29,2.58,1,1677,1629,SE
1175188.117,X_LEG_2,19.04,44.18,1.62,1,1677,1629,SE
1175188.138,X_LEG_2,19.04,44.18,1.62,1,1677,1629,SE
1175188.158,X_LEG_2,19.04,44.18,1.62,1,1677,1629,SE
1175188.179,X_LEG_2,19.04,44.18,1.62,1,1677,1629,SE
1175188.200,X_LEG_2,19.04,44.18,1.62,1,1677,1629,SE
1175188.221,X_LEG_2,19.06,44.08,1.64,1,1676,1629,SE
1175188.241,X_LEG_2,19.06,44.08,1.64,1,1676,1629,SE
1175188.263,X_LEG_2,19.06,44.08,1.64,1,1676,1629,SE
1175188.283,X_LEG_2,19.06,44.08,1.64,1,1676,1629,SE
1175188.304,X_LEG_2,19.06,44.08,1.64,1,1676,1629,SE
1175188.324,X_LEG_2,19.07,43.97,1.66,1,1676,1629,SE
1175188.344,X_LEG_2,19.07,43.97,1.66,1,1676,1629,SE
1175188.365,X_LEG_2,19.07,43.97,1.66,1,1676,1629,SE
1175188.385,X_LEG_2,19.07,43.97,1.66,1,1676,1629,SE
1175188.406,X_LEG_2,19.07,43.97,1.66,1,1676,1629,SE
1175188.426,X_LEG_2,19.07,43.97,1.66,1,1676,1629,SE
1175188.447,X_LEG_2,19.07,43.97,1.66,1,1676,1629,SE
1175188.467,X_LEG_2,19.07,43.97,1.66,1,1676,1629,SE
1175188.488,X_LEG_2,19.07,43.97,1.66,1,1676,1629,SE
1175188.508,X_LEG_2,19.07,43.97,1.66,1,1676,1629,SE
1175188.528,X_LEG_2,19.09,43.82,1.71,1,1675,1629,SE
1175188.549,X_LEG_2,19.09,43.82,1.71,1,1675,1629,SE
1175188.569,X_LEG_2,19.09,43.82,1.71,1,1675,1629,SE
1175188.589,X_LEG_2,19.09,43.82,1.71,1,1675,1629,SE
1175188.610,X_LEG_2,19.09,43.82,1.71,1,1675,1629,SE
1175188.630,X_LEG_2,19.11,43.66,1.75,1,1675,1629,SE
1175188.651,X_LEG_2,19.11,43.66,1.75,1,1675,1629,SE
1175188.671,X_LEG_2,19.11,43.66,1.75,1,1675,1629,SE
1175188.691,X_LEG_2,19.11,43.66,1.75,1,1675,1629,SE
1175188.712,X_LEG_2,19.11,43.66,1.75,1,1675,1629,SE
1175188.732,X_LEG_2,19.11,43.56,1.78,1,1674,1629,SE
1175188.753,X_LEG_2,19.11,43.56,1.78,1,1674,1629,SE
1175188.773,X_LEG_2,19.11,43.56,1.78,1,1674,1629,SE
1175188.794,X_LEG_2,19.11,43.56,1.78,1,1674,1629,SE
1175188.814,X_LEG_2,19.11,43.56,1.78,1,1674,1629,SE
1175188.835,X_LEG_2,19.11,43.56,1.78,1,1674,1629,SE
1175188.855,X_LEG_2,19.11,43.56,1.78,1,1674,1629,SE
1175188.875,X_LEG_2,19.11,43.56,1.78,1,1674,1629,SE
1175188.896,X_LEG_2,19.11,43.56,1.78,1,1674,1629,SE
1175188.916,X_LEG_2,19.11,43.56,1.78,1,1674,1629,SE
1175188.936,X_LEG_2,19.13,43.40,1.82,1,1674,1629,SE
1175188.957,X_LEG_2,19.13,43.40,1.82,1,1674,1629,SE
1175188.977,X_LEG_2,19.13,43.40,1.82,1,1674,1629,SE
1175188.998,X_LEG_2,19.13,43.40,1.82,1,1674,1629,SE
1175189.018,X_LEG_2,19.13,43.40,1.82,1,1674,1629,SE
1175189.039,X_LEG_2,19.14,43.29,1.84,1,1673,1629,SE
1175189.059,X_LEG_2,19.14,43.29,1.84,1,1673,1629,SE
1175189.080,X_LEG_2,19.14,43.29,1.84,1,1673,1629,SE
1175189.100,X_LEG_2,19.14,43.29,1.84,1,1673,1629,SE
1175189.121,X_LEG_2,19.14,43.29,1.84,1,1673,1629,SE
1175189.141,X_LEG_2,19.14,43.19,1.88,1,1673,1629,SE
1175189.162,X_LEG_2,19.14,43.19,1.88,1,1673,1629,SE
1175189.182,X_LEG_2,19.14,43.19,1.88,1,1673,1629,SE
1175189.204,X_LEG_2,19.14,43.19,1.88,1,1673,1629,SE
1175189.224,X_LEG_2,19.14,43.19,1.88,1,1673,1629,SE
1175189.244,X_LEG_2,19.15,43.08,1.91,1,1672,1629,SE
1175189.265,X_LEG_2,19.15,43.08,1.91,1,1672,1629,SE
1175189.285,X_LEG_2,19.15,43.08,1.91,1,1672,1629,SE
1175189.306,X_LEG_2,19.15,43.08,1.91,1,1672,1629,SE
1175189.326,X_LEG_2,19.15,43.08,1.91,1,1672,1629,SE
1175189.347,X_LEG_2,19.15,42.97,1.93,1,1672,1629,SE
1175189.367,X_LEG_2,19.15,42.97,1.93,1,1672,1629,SE
1175189.387,X_LEG_2,19.15,42.97,1.93,1,1672,1629,SE
1175189.408,X_LEG_2,19.15,42.97,1.93,1,1672,1629,SE
1175189.429,X_LEG_2,19.15,42.97,1.93,1,1672,1629,SE
1175189.449,X_LEG_2,19.16,42.86,1.96,1,1671,1629,SE
1175189.470,X_LEG_2,19.16,42.86,1.96,1,1671,1629,SE
1175189.490,X_LEG_2,19.16,42.86,1.96,1,1671,1629,SE
1175189.511,X_LEG_2,19.16,42.86,1.96,1,1671,1629,SE
1175189.531,X_LEG_2,19.16,42.86,1.96,1,1671,1629,SE
1175189.552,X_LEG_2,19.16,42.76,1.99,1,1671,1629,SE
1175189.572,X_LEG_2,19.16,42.76,1.99,1,1671,1629,SE
1175189.593,X_LEG_2,19.16,42.76,1.99,1,1671,1629,SE
1175189.613,X_LEG_2,19.16,42.76,1.99,1,1671,1629,SE
1175189.634,X_LEG_2,19.16,42.76,1.99,1,1671,1629,SE
1175189.654,X_LEG_2,19.16,42.64,2.01,1,1671,1629,SE
1175189.675,X_LEG_2,19.16,42.64,2.01,1,1671,1629,SE
1175189.695,X_LEG_2,19.16,42.64,2.01,1,1671,1629,SE
1175189.716,X_LEG_2,19.16,42.64,2.01,1,1671,1629,SE
1175189.736,X_LEG_2,19.16,42.64,2.01,1,1671,1629,SE
1175189.757,X_LEG_2,19.17,42.54,2.04,1,1670,1629,SE
1175189.777,X_LEG_2,19.17,42.54,2.04,1,1670,1629,SE
1175189.798,X_LEG_2,19.17,42.54,2.04,1,1670,1629,SE
1175189.818,X_LEG_2,19.17,42.54,2.04,1,1670,1629,SE
1175189.838,X_LEG_2,19.17,42.54,2.04,1,1670,1629,SE
1175189.859,X_LEG_2,19.17,42.44,2.08,1,1670,1629,SE
1175189.879,X_LEG_2,19.17,42.44,2.08,1,1670,1629,SE
1175189.899,X_LEG_2,19.17,42.44,2.08,1,1670,1629,SE
1175189.920,X_LEG_2,19.17,42.44,2.08,1,1670,1629,SE
1175189.940,X_LEG_2,19.17,42.44,2.08,1,1670,1629,SE
1175189.961,X_LEG_2,19.17,42.44,2.08,1,1670,1629,SE
1175189.981,X_LEG_2,19.17,42.44,2.08,1,1670,1629,SE
1175190.002,X_LEG_2,19.17,42.44,2.08,1,1670,1629,SE
1175190.023,X_LEG_2,19.17,42.44,2.08,1,1670,1629,SE
1175190.044,X_LEG_2,19.17,42.44,2.08,1,1670,1629,SE
1175190.064,X_LEG_2,19.17,42.32,2.10,1,1669,1629,SE
1175190.085,X_LEG_2,19.17,42.32,2.10,1,1669,1629,SE
1175190.105,X_LEG_2,19.17,42.32,2.10,1,1669,1629,SE
1175190.126,X_LEG_2,19.17,42.32,2.10,1,1669,1629,SE
1175190.146,X_LEG_2,19.17,42.32,2.10,1,1669,1629,SE
1175190.167,X_LEG_2,19.17,42.22,2.13,1,1669,1629,SE
1175190.187,X_LEG_2,19.17,42.22,2.13,1,1669,1629,SE
1175190.208,X_LEG_2,19.17,42.22,2.13,1,1669,1629,SE
1175190.228,X_LEG_2,19.17,42.22,2.13,1,1669,1629,SE
1175190.249,X_LEG_2,19.17,42.22,2.13,1,1669,1629,SE
1175190.270,X_LEG_2,19.17,42.10,2.16,1,1668,1629,SE
1175190.290,X_LEG_2,19.17,42.10,2.16,1,1668,1629,SE
1175190.311,X_LEG_2,19.17,42.10,2.16,1,1668,1629,SE
1175190.331,X_LEG_2,19.17,42.10,2.16,1,1668,1629,SE
1175190.351,X_LEG_2,19.17,42.10,2.16,1,1668,1629,SE
1175190.371,X_LEG_2,19.16,41.99,2.19,1,1668,1629,SE
1175190.392,X_LEG_2,19.16,41.99,2.19,1,1668,1629,SE
1175190.412,X_LEG_2,19.16,41.99,2.19,1,1668,1629,SE
1175190.433,X_LEG_2,19.16,41.99,2.19,1,1668,1629,SE
1175190.453,X_LEG_2,19.16,41.99,2.19,1,1668,1629,SE
1175190.474,X_LEG_2,19.16,41.88,2.21,1,1668,1629,SE
1175190.494,X_LEG_2,19.16,41.88,2.21,1,1668,1629,SE
1175190.515,X_LEG_2,19.16,41.88,2.21,1,1668,1629,SE
1175190.535,X_LEG_2,19.16,41.88,2.21,1,1668,1629,SE
1175190.555,X_LEG_2,19.16,41.88,2.21,1,1668,1629,SE
1175190.576,X_LEG_2,19.16,41.77,2.24,1,1667,1629,SE
1175190.596,X_LEG_2,19.16,41.77,2.24,1,1667,1629,SE
1175190.617,X_LEG_2,19.16,41.77,2.24,1,1667,1629,SE
1175190.637,X_LEG_2,19.16,41.77,2.24,1,1667,1629,SE
1175190.658,X_LEG_2,19.16,41.77,2.24,1,1667,1629,SE
1175190.678,X_LEG_2,19.15,41.67,2.26,1,1667,1629,SE
1175190.698,X_LEG_2,19.15,41.67,2.26,1,1667,1629,SE
1175190.719,X_LEG_2,19.15,41.67,2.26,1,1667,1629,SE
1175190.739,X_LEG_2,19.15,41.67,2.26,1,1667,1629,SE
1175190.760,X_LEG_2,19.15,41.67,2.26,1,1667,1629,SE
1175190.781,X_LEG_2,19.15,41.55,1.30,1,1666,1629,SE
1175190.801,X_LEG_2,19.15,41.55,1.30,1,1666,1629,SE
1175190.822,X_LEG_2,19.15,41.55,1.30,1,1666,1629,SE
1175190.842,X_LEG_2,19.15,41.55,1.30,1,1666,1629,SE
1175190.863,X_LEG_2,19.15,41.55,1.30,1,1666,1629,SE
1175190.883,X_LEG_2,19.14,41.43,1.33,1,1666,1629,SE
1175190.904,X_LEG_2,19.14,41.43,1.33,1,1666,1629,SE
1175190.924,X_LEG_2,19.14,41.43,1.33,1,1666,1629,SE
1175190.945,X_LEG_2,19.14,41.43,1.33,1,1666,1629,SE
1175190.965,X_LEG_2,19.14,41.43,1.33,1,1666,1629,SE
1175190.985,X_LEG_2,19.13,41.33,1.35,1,1665,1629,SE
1175191.006,X_LEG_2,19.13,41.33,1.35,1,1665,1629,SE
1175191.026,X_LEG_2,19.13,41.33,1.35,1,1665,1629,SE
1175191.046,X_LEG_2,19.13,41.33,1.35,1,1665,1629,SE
1175191.067,X_LEG_2,19.13,41.33,1.35,1,1665,1629,SE
1175191.087,X_LEG_2,19.13,41.33,1.35,1,1665,1629,SE
1175191.108,X_LEG_2,19.13,41.33,1.35,1,1665,1629,SE
1175191.128,X_LEG_2,19.13,41.33,1.35,1,1665,1629,SE
1175191.149,X_LEG_2,19.13,41.33,1.35,1,1665,1629,SE
1175191.170,X_LEG_2,19.13,41.33,1.35,1,1665,1629,SE
1175191.190,X_LEG_2,19.12,41.16,1.39,1,1665,1629,SE
1175191.210,X_LEG_2,19.12,41.16,1.39,1,1665,1629,SE
1175191.231,X_LEG_2,19.12,41.16,1.39,1,1665,1629,SE
1175191.251,X_LEG_2,19.12,41.16,1.39,1,1665,1629,SE
1175191.272,X_LEG_2,19.12,41.16,1.39,1,1665,1629,SE
1175191.292,X_LEG_2,19.11,41.04,1.42,1,1664,1629,SE
1175191.313,X_LEG_2,19.11,41.04,1.42,1,1664,1629,SE
1175191.333,X_LEG_2,19.11,41.04,1.42,1,1664,1629,SE
1175191.354,X_LEG_2,19.11,41.04,1.42,1,1664,1629,SE
1175191.375,X_LEG_2,19.11,41.04,1.42,1,1664,1629,SE
1175191.395,X_LEG_2,19.10,40.93,1.45,1,1664,1629,SE
1175191.415,X_LEG_2,19.10,40.93,1.45,1,1664,1629,SE
1175191.436,X_LEG_2,19.10,40.93,1.45,1,1664,1629,SE
1175191.456,X_LEG_2,19.10,40.93,1.45,1,1664,1629,SE
1175191.477,X_LEG_2,19.10,40.93,1.45,1,1664,1629,SE
1175191.497,X_LEG_2,19.09,40.83,1.48,1,1663,1629,SE
1175191.518,X_LEG_2,19.09,40.83,1.48,1,1663,1629,SE
1175191.538,X_LEG_2,19.09,40.83,1.48,1,1663,1629,SE
1175191.558,X_LEG_2,19.09,40.83,1.48,1,1663,1629,SE
1175191.579,X_LEG_2,19.09,40.83,1.48,1,1663,1629,SE
1175191.599,X_LEG_2,19.08,40.71,1.51,1,1663,1629,SE
1175191.619,X_LEG_2,19.08,40.71,1.51,1,1663,1629,SE
1175191.640,X_LEG_2,19.08,40.71,1.51,1,1663,1629,SE
1175191.660,X_LEG_2,19.08,40.71,1.51,1,1663,1629,SE
1175191.681,X_LEG_2,19.08,40.71,1.51,1,1663,1629,SE
1175191.702,X_LEG_2,19.06,40.60,1.54,1,1662,1629,SE
1175191.722,X_LEG_2,19.06,40.60,1.54,1,1662,1629,SE
1175191.742,X_LEG_2,19.06,40.60,1.54,1,1662,1629,SE
1175191.763,X_LEG_2,19.06,40.60,1.54,1,1662,1629,SE
1175191.783,X_LEG_2,19.06,40.60,1.54,1,1662,1629,SE
1175191.804,X_LEG_2,19.05,40.48,1.56,1,1662,1629,SE
1175191.824,X_LEG_2,19.05,40.48,1.56,1,1662,1629,SE
1175191.845,X_LEG_2,19.05,40.48,1.56,1,1662,1629,SE
1175191.865,X_LEG_2,19.05,40.48,1.56,1,1662,1629,SE
1175191.886,X_LEG_2,19.05,40.48,1.56,1,1662,1629,SE
1175191.906,X_LEG_2,19.05,40.48,1.56,1,1662,1629,SE
1175191.927,X_LEG_2,19.05,40.48,1.56,1,1662,1629,SE
1175191.948,X_LEG_2,19.05,40.48,1.56,1,1662,1629,SE
1175191.968,X_LEG_2,19.05,40.48,1.56,1,1662,1629,SE
1175191.988,X_LEG_2,19.05,40.48,1.56,1,1662,1629,SE
1175192.009,X_LEG_2,19.03,40.31,1.60,1,1661,1629,SE
1175192.030,X_LEG_2,19.03,40.31,1.60,1,1661,1629,SE
1175192.050,X_LEG_2,19.03,40.31,1.60,1,1661,1629,SE
1175192.070,X_LEG_2,19.03,40.31,1.60,1,1661,1629,SE
1175192.090,X_LEG_2,19.03,40.31,1.60,1,1661,1629,SE
1175192.111,X_LEG_2,19.01,40.20,1.63,1,1661,1629,SE
1175192.132,X_LEG_2,19.01,40.20,1.63,1,1661,1629,SE
1175192.152,X_LEG_2,19.01,40.20,1.63,1,1661,1629,SE
1175192.173,X_LEG_2,19.01,40.20,1.63,1,1661,1629,SE
1175192.193,X_LEG_2,19.01,40.20,1.63,1,1661,1629,SE
1175192.214,X_LEG_2,19.00,40.08,1.67,1,1660,1629,SE
1175192.235,X_LEG_2,19.00,40.08,1.67,1,1660,1629,SE
1175192.255,X_LEG_2,19.00,40.08,1.67,1,1660,1629,SE
1175192.275,X_LEG_2,19.00,40.08,1.67,1,1660,1629,SE
1175192.296,X_LEG_2,19.00,40.08,1.67,1,1660,1629,SE
1175192.316,X_LEG_2,18.98,39.98,1.70,1,1660,1630,SE
1175192.337,X_LEG_2,18.98,39.98,1.70,1,1660,1630,SE
1175192.357,X_LEG_2,18.98,39.98,1.70,1,1660,1630,SE
1175192.378,X_LEG_2,18.98,39.98,1.70,1,1660,1630,SE
1175192.398,X_LEG_2,18.98,39.98,1.70,1,1660,1630,SE
1175192.419,X_LEG_2,18.96,39.86,1.72,1,1659,1630,SE
1175192.439,X_LEG_2,18.96,39.86,1.72,1,1659,1630,SE
1175192.460,X_LEG_2,18.96,39.86,1.72,1,1659,1630,SE
1175192.480,X_LEG_2,18.96,39.86,1.72,1,1659,1630,SE
1175192.502,X_LEG_2,18.96,39.86,1.72,1,1659,1630,SE
1175192.522,X_LEG_2,18.94,39.75,1.75,1,1659,1630,SE
1175192.542,X_LEG_2,18.94,39.75,1.75,1,1659,1630,SE
1175192.563,X_LEG_2,18.94,39.75,1.75,1,1659,1630,SE
1175192.584,X_LEG_2,18.94,39.75,1.75,1,1659,1630,SE
1175192.604,X_LEG_2,18.94,39.75,1.75,1,1659,1630,SE
1175192.624,X_LEG_2,18.92,39.63,1.78,1,1659,1630,SE
1175192.644,X_LEG_2,18.92,39.63,1.78,1,1659,1630,SE
1175192.665,X_LEG_2,18.92,39.63,1.78,1,1659,1630,SE
1175192.686,X_LEG_2,18.92,39.63,1.78,1,1659,1630,SE
1175192.706,X_LEG_2,18.92,39.63,1.78,1,1659,1630,SE
1175192.727,X_LEG_2,18.90,39.52,1.81,1,1658,1630,SE
1175192.747,X_LEG_2,18.90,39.52,1.81,1,1658,1630,SE
1175192.768,X_LEG_2,18.90,39.52,1.81,1,1658,1630,SE
1175192.788,X_LEG_2,18.90,39.52,1.81,1,1658,1630,SE
1175192.808,X_LEG_2,18.90,39.52,1.81,1,1658,1630,SE
1175192.829,X_LEG_2,18.90,39.40,1.83,1,1658,1630,SE
1175192.850,X_LEG_2,18.88,39.40,1.83,1,1658,1630,SE
1175192.871,X_LEG_2,18.88,39.40,1.83,1,1658,1630,SE
1175192.891,X_LEG_2,18.88,39.40,1.83,1,1658,1630,SE
1175192.912,X_LEG_2,18.88,39.40,1.83,1,1658,1630,SE
1175192.932,X_LEG_2,18.88,39.40,1.83,1,1658,1630,SE
1175192.953,X_LEG_2,18.88,39.40,1.83,1,1658,1630,SE
1175192.973,X_LEG_2,18.88,39.40,1.83,1,1658,1630,SE
1175192.993,X_LEG_2,18.88,39.40,1.83,1,1658,1630,SE
1175193.013,X_LEG_2,18.88,39.40,1.83,1,1658,1630,SE
1175193.034,X_LEG_2,18.86,39.29,1.86,1,1657,1630,SE
1175193.055,X_LEG_2,18.86,39.29,1.86,1,1657,1630,SE
1175193.075,X_LEG_2,18.86,39.29,1.86,1,1657,1630,SE
1175193.096,X_LEG_2,18.86,39.29,1.86,1,1657,1630,SE
1175193.117,X_LEG_2,18.86,39.29,1.86,1,1657,1630,SE
1175193.137,X_LEG_2,18.83,39.12,1.90,1,1656,1630,SE
1175193.158,X_LEG_2,18.83,39.12,1.90,1,1656,1630,SE
1175193.179,X_LEG_2,18.83,39.12,1.90,1,1656,1630,SE
1175193.199,X_LEG_2,18.83,39.12,1.90,1,1656,1630,SE
1175193.220,X_LEG_2,18.83,39.12,1.90,1,1656,1630,SE
1175193.240,X_LEG_2,18.80,39.00,1.93,1,1656,1630,SE
1175193.261,X_LEG_2,18.80,39.00,1.93,1,1656,1630,SE
1175193.282,X_LEG_2,18.80,39.00,1.93,1,1656,1630,SE
1175193.302,X_LEG_2,18.80,39.00,1.93,1,1656,1630,SE
1175193.323,X_LEG_2,18.80,39.00,1.93,1,1656,1630,SE
1175193.343,X_LEG_2,18.78,38.89,1.96,1,1656,1630,SE
1175193.363,X_LEG_2,18.78,38.89,1.96,1,1656,1630,SE
1175193.384,X_LEG_2,18.78,38.89,1.96,1,1656,1630,SE
1175193.405,X_LEG_2,18.78,38.89,1.96,1,1656,1630,SE
1175193.426,X_LEG_2,18.78,38.89,1.96,1,1656,1630,SE
1175193.446,X_LEG_2,18.75,38.77,1.99,1,1655,1630,SE
1175193.467,X_LEG_2,18.75,38.77,1.99,1,1655,1630,SE
1175193.487,X_LEG_2,18.75,38.77,1.99,1,1655,1630,SE
1175193.508,X_LEG_2,18.75,38.77,1.99,1,1655,1630,SE
1175193.528,X_LEG_2,18.75,38.77,1.99,1,1655,1630,SE
1175193.549,X_LEG_2,18.73,38.66,2.02,1,1655,1630,SE
1175193.569,X_LEG_2,18.73,38.66,2.02,1,1655,1630,SE
1175193.590,X_LEG_2,18.73,38.66,2.02,1,1655,1630,SE
1175193.610,X_LEG_2,18.73,38.66,2.02,1,1655,1630,SE
1175193.631,X_LEG_2,18.73,38.66,2.02,1,1655,1630,SE
1175193.651,X_LEG_2,18.70,38.54,2.05,1,1654,1630,SE
1175193.671,X_LEG_2,18.70,38.54,2.05,1,1654,1630,SE
1175193.692,X_LEG_2,18.70,38.54,2.05,1,1654,1630,SE
1175193.713,X_LEG_2,18.70,38.54,2.05,1,1654,1630,SE
1175193.733,X_LEG_2,18.70,38.54,2.05,1,1654,1630,SE
1175193.754,X_LEG_2,18.70,38.54,2.05,1,1654,1630,SE
1175193.775,X_LEG_2,18.70,38.54,2.05,1,1654,1630,SE
1175193.795,X_LEG_2,18.70,38.54,2.05,1,1654,1630,SE
1175193.817,X_LEG_2,18.70,38.54,2.05,1,1654,1630,SE
1175193.837,X_LEG_2,18.70,38.54,2.05,1,1654,1630,SE
1175193.858,X_LEG_2,18.67,38.43,2.07,1,1654,1630,SE
1175193.878,X_LEG_2,18.67,38.43,2.07,1,1654,1630,SE
1175193.899,X_LEG_2,18.67,38.43,2.07,1,1654,1630,SE
1175193.919,X_LEG_2,18.67,38.43,2.07,1,1654,1630,SE
1175193.940,X_LEG_2,18.67,38.43,2.07,1,1654,1630,SE
1175193.960,X_LEG_2,18.64,38.32,1.09,1,1653,1631,SE
1175193.981,X_LEG_2,18.64,38.32,1.09,1,1653,1631,SE
1175194.001,X_LEG_2,18.64,38.32,1.09,1,1653,1631,SE
1175194.022,X_LEG_2,18.64,38.32,1.09,1,1653,1631,SE
1175194.042,X_LEG_2,18.64,38.32,1.09,1,1653,1631,SE
1175194.063,X_LEG_2,18.61,38.20,1.12,1,1653,1631,SE
1175194.083,X_LEG_2,18.61,38.20,1.12,1,1653,1631,SE
1175194.104,X_LEG_2,18.61,38.20,1.12,1,1653,1631,SE
1175194.124,X_LEG_2,18.61,38.20,1.12,1,1653,1631,SE
1175194.145,X_LEG_2,18.61,38.20,1.12,1,1653,1631,SE
1175194.165,X_LEG_2,18.58,38.09,1.15,1,1652,1631,SE
1175194.186,X_LEG_2,18.58,38.09,1.15,1,1652,1631,SE
1175194.206,X_LEG_2,18.58,38.09,1.15,1,1652,1631,SE
1175194.226,X_LEG_2,18.58,38.09,1.15,1,1652,1631,SE
1175194.247,X_LEG_2,18.58,38.09,1.15,1,1652,1631,SE
1175194.267,X_LEG_2,18.55,37.97,1.18,1,1652,1631,SE
1175194.287,X_LEG_2,18.55,37.97,1.18,1,1652,1631,SE
1175194.307,X_LEG_2,18.55,37.97,1.18,1,1652,1631,SE
1175194.327,X_LEG_2,18.55,37.97,1.18,1,1652,1631,SE
1175194.348,X_LEG_2,18.55,37.97,1.18,1,1652,1631,SE
1175194.368,X_LEG_2,18.50,37.80,1.23,1,1651,1631,SE
1175194.389,X_LEG_2,18.50,37.80,1.23,1,1651,1631,SE
1175194.409,X_LEG_2,18.50,37.80,1.23,1,1651,1631,SE
1175194.430,X_LEG_2,18.50,37.80,1.23,1,1651,1631,SE
1175194.450,X_LEG_2,18.50,37.80,1.23,1,1651,1631,SE
1175194.471,X_LEG_2,18.47,37.69,1.26,1,1651,1631,SE
1175194.492,X_LEG_2,18.47,37.69,1.26,1,1651,1631,SE
1175194.512,X_LEG_2,18.47,37.69,1.26,1,1651,1631,SE
1175194.532,X_LEG_2,18.47,37.69,1.26,1,1651,1631,SE
1175194.552,X_LEG_2,18.47,37.69,1.26,1,1651,1631,SE
1175194.573,X_LEG_2,18.44,37.57,1.28,1,1650,1631,SE
1175194.593,X_LEG_2,18.44,37.57,1.28,1,1650,1631,SE
1175194.614,X_LEG_2,18.44,37.57,1.28,1,1650,1631,SE
1175194.635,X_LEG_2,18.44,37.57,1.28,1,1650,1631,SE
1175194.655,X_LEG_2,18.44,37.57,1.28,1,1650,1631,SE
1175194.676,X_LEG_2,18.44,37.57,1.28,1,1650,1631,SE
1175194.696,X_LEG_2,18.44,37.57,1.28,1,1650,1631,SE
1175194.716,X_LEG_2,18.44,37.57,1.28,1,1650,1631,SE
1175194.737,X_LEG_2,18.44,37.57,1.28,1,1650,1631,SE
1175194.758,X_LEG_2,18.44,37.57,1.28,1,1650,1631,SE
1175194.778,X_LEG_2,18.40,37.46,1.31,1,1650,1631,SE
1175194.799,X_LEG_2,18.40,37.46,1.31,1,1650,1631,SE
1175194.819,X_LEG_2,18.40,37.46,1.31,1,1650,1631,SE
1175194.839,X_LEG_2,18.40,37.46,1.31,1,1650,1631,SE
1175194.860,X_LEG_2,18.40,37.46,1.31,1,1650,1631,SE
1175194.880,X_LEG_2,18.35,37.29,1.36,1,1649,1631,SE
1175194.901,X_LEG_2,18.35,37.29,1.36,1,1649,1631,SE
1175194.921,X_LEG_2,18.35,37.29,1.36,1,1649,1631,SE
1175194.941,X_LEG_2,18.35,37.29,1.36,1,1649,1631,SE
1175194.962,X_LEG_2,18.35,37.29,1.36,1,1649,1631,SE
1175194.982,X_LEG_2,18.31,37.17,1.39,1,1649,1632,SE
1175195.003,X_LEG_2,18.31,37.17,1.39,1,1649,1632,SE
1175195.023,X_LEG_2,18.31,37.17,1.39,1,1649,1632,SE
1175195.044,X_LEG_2,18.31,37.17,1.39,1,1649,1632,SE
1175195.064,X_LEG_2,18.31,37.17,1.39,1,1649,1632,SE
1175195.084,X_LEG_2,18.28,37.06,1.42,1,1648,1632,SE
1175195.105,X_LEG_2,18.28,37.06,1.42,1,1648,1632,SE
1175195.125,X_LEG_2,18.28,37.06,1.42,1,1648,1632,SE
1175195.145,X_LEG_2,18.28,37.06,1.42,1,1648,1632,SE
1175195.166,X_LEG_2,18.28,37.06,1.42,1,1648,1632,SE
1175195.187,X_LEG_2,18.24,36.95,1.44,1,1648,1632,SE
1175195.208,X_LEG_2,18.24,36.95,1.44,1,1648,1632,SE
1175195.228,X_LEG_2,18.24,36.95,1.44,1,1648,1632,SE
1175195.249,X_LEG_2,18.24,36.95,1.44,1,1648,1632,SE
1175195.269,X_LEG_2,18.24,36.95,1.44,1,1648,1632,SE
1175195.290,X_LEG_2,18.20,36.83,1.47,1,1647,1632,SE
1175195.310,X_LEG_2,18.20,36.83,1.47,1,1647,1632,SE
1175195.330,X_LEG_2,18.20,36.83,1.47,1,1647,1632,SE
1175195.351,X_LEG_2,18.20,36.83,1.47,1,1647,1632,SE
1175195.371,X_LEG_2,18.20,36.83,1.47,1,1647,1632,SE
1175195.392,X_LEG_2,18.16,36.72,1.50,1,1647,1632,SE
1175195.412,X_LEG_2,18.16,36.72,1.50,1,1647,1632,SE
1175195.432,X_LEG_2,18.16,36.72,1.50,1,1647,1632,SE
1175195.453,X_LEG_2,18.16,36.72,1.50,1,1647,1632,SE
1175195.473,X_LEG_2,18.16,36.72,1.50,1,1647,1632,SE
1175195.493,X_LEG_2,18.16,36.72,1.50,1,1647,1632,SE
1175195.514,X_LEG_2,18.16,36.72,1.50,1,1647,1632,SE
1175195.534,X_LEG_2,18.16,36.72,1.50,1,1647,1632,SE
1175195.555,X_LEG_2,18.16,36.72,1.50,1,1647,1632,SE
1175195.575,X_LEG_2,18.16,36.72,1.50,1,1647,1632,SE
1175195.596,X_LEG_2,18.10,36.55,1.54,1,1646,1632,SE
1175195.616,X_LEG_2,18.10,36.55,1.54,1,1646,1632,SE
1175195.636,X_LEG_2,18.10,36.55,1.54,1,1646,1632,SE
1175195.657,X_LEG_2,18.10,36.55,1.54,1,1646,1632,SE
1175195.677,X_LEG_2,18.10,36.55,1.54,1,1646,1632,SE
1175195.697,X_LEG_2,18.06,36.43,1.57,1,1646,1632,SE
1175195.718,X_LEG_2,18.06,36.43,1.57,1,1646,1632,SE
1175195.738,X_LEG_2,18.06,36.43,1.57,1,1646,1632,SE
1175195.759,X_LEG_2,18.06,36.43,1.57,1,1646,1632,SE
1175195.779,X_LEG_2,18.06,36.43,1.57,1,1646,1632,SE
1175195.800,X_LEG_2,18.02,36.32,1.60,1,1645,1632,SE
1175195.820,X_LEG_2,18.02,36.32,1.60,1,1645,1632,SE
1175195.841,X_LEG_2,18.02,36.32,1.60,1,1645,1632,SE
1175195.861,X_LEG_2,18.02,36.32,1.60,1,1645,1632,SE
1175195.881,X_LEG_2,18.02,36.32,1.60,1,1645,1632,SE
1175195.902,X_LEG_2,17.97,36.21,1.62,1,1645,1633,SE
1175195.922,X_LEG_2,17.97,36.21,1.62,1,1645,1633,SE
1175195.943,X_LEG_2,17.97,36.21,1.62,1,1645,1633,SE
1175195.963,X_LEG_2,17.97,36.21,1.62,1,1645,1633,SE
1175195.984,X_LEG_2,17.97,36.21,1.62,1,1645,1633,SE
1175196.004,X_LEG_2,17.97,36.21,1.62,1,1645,1633,SE
1175196.025,X_LEG_2,17.97,36.21,1.62,1,1645,1633,SE
1175196.045,X_LEG_2,17.97,36.21,1.62,1,1645,1633,SE
1175196.065,X_LEG_2,17.97,36.21,1.62,1,1645,1633,SE
1175196.086,X_LEG_2,17.97,36.21,1.62,1,1645,1633,SE
1175196.106,X_LEG_2,17.91,36.03,1.67,1,1644,1633,SE
1175196.126,X_LEG_2,17.91,36.03,1.67,1,1644,1633,SE
1175196.147,X_LEG_2,17.91,36.03,1.67,1,1644,1633,SE
1175196.168,X_LEG_2,17.91,36.03,1.67,1,1644,1633,SE
1175196.188,X_LEG_2,17.91,36.03,1.67,1,1644,1633,SE
1175196.208,X_LEG_2,17.87,35.92,1.69,1,1644,1633,SE
1175196.229,X_LEG_2,17.87,35.92,1.69,1,1644,1633,SE
1175196.249,X_LEG_2,17.87,35.92,1.69,1,1644,1633,SE
1175196.269,X_LEG_2,17.87,35.92,1.69,1,1644,1633,SE
1175196.290,X_LEG_2,17.87,35.92,1.69,1,1644,1633,SE
1175196.310,X_LEG_2,17.82,35.81,1.72,1,1643,1633,SE
1175196.331,X_LEG_2,17.82,35.81,1.72,1,1643,1633,SE
1175196.351,X_LEG_2,17.82,35.81,1.72,1,1643,1633,SE
1175196.372,X_LEG_2,17.82,35.81,1.72,1,1643,1633,SE
1175196.392,X_LEG_2,17.82,35.81,1.72,1,1643,1633,SE
1175196.413,X_LEG_2,17.77,35.69,1.76,1,1643,1633,SE
1175196.433,X_LEG_2,17.77,35.69,1.76,1,1643,1633,SE
1175196.453,X_LEG_2,17.77,35.69,1.76,1,1643,1633,SE
1175196.474,X_LEG_2,17.77,35.69,1.76,1,1643,1633,SE
1175196.494,X_LEG_2,17.77,35.69,1.76,1,1643,1633,SE
1175196.514,X_LEG_2,17.73,35.58,1.78,1,1642,1633,SE
1175196.535,X_LEG_2,17.73,35.58,1.78,1,1642,1633,SE
1175196.555,X_LEG_2,17.73,35.58,1.78,1,1642,1633,SE
1175196.576,X_LEG_2,17.73,35.58,1.78,1,1642,1633,SE
1175196.597,X_LEG_2,17.73,35.58,1.78,1,1642,1633,SE
1175196.617,X_LEG_2,17.73,35.58,1.78,1,1642,1633,SE
1175196.638,X_LEG_2,17.73,35.58,1.78,1,1642,1633,SE
1175196.659,X_LEG_2,17.73,35.58,1.78,1,1642,1633,SE
1175196.680,X_LEG_2,17.73,35.58,1.78,1,1642,1633,SE
1175196.700,X_LEG_2,17.73,35.58,1.78,1,1642,1633,SE
1175196.721,X_LEG_2,17.66,35.41,1.83,1,1642,1634,SE
1175196.741,X_LEG_2,17.66,35.41,1.83,1,1642,1634,SE
1175196.761,X_LEG_2,17.66,35.41,1.83,1,1642,1634,SE
1175196.781,X_LEG_2,17.66,35.41,1.83,1,1642,1634,SE
1175196.802,X_LEG_2,17.66,35.41,1.83,1,1642,1634,SE
1175196.823,X_LEG_2,17.61,35.30,1.85,1,1641,1634,SE
1175196.843,X_LEG_2,17.61,35.30,1.85,1,1641,1634,SE
1175196.864,X_LEG_2,17.61,35.30,1.85,1,1641,1634,SE
1175196.884,X_LEG_2,17.61,35.30,1.85,1,1641,1634,SE
1175196.905,X_LEG_2,17.61,35.30,1.85,1,1641,1634,SE
1175196.925,X_LEG_2,17.56,35.18,1.89,1,1641,1634,SE
1175196.945,X_LEG_2,17.56,35.18,1.89,1,1641,1634,SE
1175196.966,X_LEG_2,17.56,35.18,1.89,1,1641,1634,SE
1175196.986,X_LEG_2,17.56,35.18,1.89,1,1641,1634,SE
1175197.007,X_LEG_2,17.56,35.18,1.89,1,1641,1634,SE
1175197.027,X_LEG_2,17.51,35.07,1.91,1,1640,1634,SE
1175197.048,X_LEG_2,17.51,35.07,1.91,1,1640,1634,SE
1175197.069,X_LEG_2,17.51,35.07,1.91,1,1640,1634,SE
1175197.089,X_LEG_2,17.51,35.07,1.91,1,1640,1634,SE
1175197.109,X_LEG_2,17.51,35.07,1.91,1,1640,1634,SE
1175197.130,X_LEG_2,17.43,34.91,1.95,1,1640,1634,SE
1175197.151,X_LEG_2,17.43,34.91,1.95,1,1640,1634,SE
1175197.171,X_LEG_2,17.43,34.91,1.95,1,1640,1634,SE
1175197.192,X_LEG_2,17.43,34.91,1.95,1,1640,1634,SE
1175197.212,X_LEG_2,17.43,34.91,1.95,1,1640,1634,SE
1175197.233,X_LEG_2,17.38,34.80,0.98,1,1639,1634,SE
1175197.253,X_LEG_2,17.38,34.80,0.98,1,1639,1634,SE
1175197.273,X_LEG_2,17.38,34.80,0.98,1,1639,1634,SE
1175197.293,X_LEG_2,17.38,34.80,0.98,1,1639,1634,SE
1175197.314,X_LEG_2,17.38,34.80,0.98,1,1639,1634,SE
1175197.334,X_LEG_2,17.38,34.80,0.98,1,1639,1634,SE
1175197.355,X_LEG_2,17.38,34.80,0.98,1,1639,1634,SE
1175197.375,X_LEG_2,17.38,34.80,0.98,1,1639,1634,SE
1175197.396,X_LEG_2,17.38,34.80,0.98,1,1639,1634,SE
1175197.416,X_LEG_2,17.38,34.80,0.98,1,1639,1634,SE
1175197.437,X_LEG_2,17.30,34.62,1.02,1,1638,1635,SE
1175197.457,X_LEG_2,17.30,34.62,1.02,1,1638,1635,SE
1175197.478,X_LEG_2,17.30,34.62,1.02,1,1638,1635,SE
1175197.498,X_LEG_2,17.30,34.62,1.02,1,1638,1635,SE
1175197.519,X_LEG_2,17.30,34.62,1.02,1,1638,1635,SE
1175197.539,X_LEG_2,17.25,34.51,1.06,1,1638,1635,SE
1175197.559,X_LEG_2,17.25,34.51,1.06,1,1638,1635,SE
1175197.579,X_LEG_2,17.25,34.51,1.06,1,1638,1635,SE
1175197.600,X_LEG_2,17.25,34.51,1.06,1,1638,1635,SE
1175197.621,X_LEG_2,17.25,34.51,1.06,1,1638,1635,SE
1175197.641,X_LEG_2,17.20,34.40,1.08,1,1638,1635,SE
1175197.662,X_LEG_2,17.20,34.40,1.08,1,1638,1635,SE
1175197.682,X_LEG_2,17.20,34.40,1.08,1,1638,1635,SE
1175197.703,X_LEG_2,17.20,34.40,1.08,1,1638,1635,SE
1175197.723,X_LEG_2,17.20,34.40,1.08,1,1638,1635,SE
1175197.743,X_LEG_2,17.20,34.40,1.08,1,1638,1635,SE
1175197.764,X_LEG_2,17.20,34.40,1.08,1,1638,1635,SE
1175197.784,X_LEG_2,17.20,34.40,1.08,1,1638,1635,SE
1175197.805,X_LEG_2,17.20,34.40,1.08,1,1638,1635,SE
1175197.825,X_LEG_2,17.20,34.40,1.08,1,1638,1635,SE
1175197.846,X_LEG_2,17.06,34.12,1.16,1,1636,1635,SE
1175197.866,X_LEG_2,17.06,34.12,1.16,1,1636,1635,SE
1175197.886,X_LEG_2,17.06,34.12,1.16,1,1636,1635,SE
1175197.907,X_LEG_2,17.06,34.12,1.16,1,1636,1635,SE
1175197.927,X_LEG_2,17.06,34.12,1.16,1,1636,1635,SE
1175197.948,X_LEG_2,17.06,34.12,1.16,1,1636,1635,SE
1175197.968,X_LEG_2,17.06,34.12,1.16,1,1636,1635,SE
1175197.989,X_LEG_2,17.06,34.12,1.16,1,1636,1635,SE
1175198.009,X_LEG_2,17.06,34.12,1.16,1,1636,1635,SE
1175198.030,X_LEG_2,17.06,34.12,1.16,1,1636,1635,SE
1175198.050,X_LEG_2,17.00,34.01,1.18,1,1636,1635,SE
1175198.071,X_LEG_2,17.00,34.01,1.18,1,1636,1635,SE
1175198.091,X_LEG_2,17.00,34.01,1.18,1,1636,1635,SE
1175198.112,X_LEG_2,17.00,34.01,1.18,1,1636,1635,SE
1175198.132,X_LEG_2,17.00,34.01,1.18,1,1636,1635,SE
1175198.153,X_LEG_2,16.95,33.90,1.21,1,1636,1636,SE
1175198.173,X_LEG_2,16.95,33.90,1.21,1,1636,1636,SE
1175198.193,X_LEG_2,16.95,33.90,1.21,1,1636,1636,SE
1175198.213,X_LEG_2,16.95,33.90,1.21,1,1636,1636,SE
1175198.233,X_LEG_2,16.95,33.90,1.21,1,1636,1636,SE
1175198.254,X_LEG_2,16.89,33.80,1.24,1,1635,1636,SE
1175198.274,X_LEG_2,16.89,33.80,1.24,1,1635,1636,SE
1175198.294,X_LEG_2,16.89,33.80,1.24,1,1635,1636,SE
1175198.316,X_LEG_2,16.89,33.80,1.24,1,1635,1636,SE
1175198.336,X_LEG_2,16.89,33.80,1.24,1,1635,1636,SE
1175198.356,X_LEG_2,16.83,33.68,1.27,1,1635,1636,SE
1175198.377,X_LEG_2,16.83,33.68,1.27,1,1635,1636,SE
1175198.397,X_LEG_2,16.83,33.68,1.27,1,1635,1636,SE
1175198.417,X_LEG_2,16.83,33.68,1.27,1,1635,1636,SE
1175198.438,X_LEG_2,16.83,33.68,1.27,1,1635,1636,SE
1175198.458,X_LEG_2,16.77,33.57,1.31,1,1634,1636,SE
1175198.478,X_LEG_2,16.77,33.57,1.31,1,1634,1636,SE
1175198.499,X_LEG_2,16.77,33.57,1.31,1,1634,1636,SE
1175198.519,X_LEG_2,16.77,33.57,1.31,1,1634,1636,SE
1175198.539,X_LEG_2,16.77,33.57,1.31,1,1634,1636,SE
1175198.560,X_LEG_2,16.71,33.45,1.33,1,1634,1636,SE
1175198.581,X_LEG_2,16.71,33.45,1.33,1,1634,1636,SE
1175198.601,X_LEG_2,16.71,33.45,1.33,1,1634,1636,SE
1175198.622,X_LEG_2,16.71,33.45,1.33,1,1634,1636,SE
1175198.642,X_LEG_2,16.71,33.45,1.33,1,1634,1636,SE
1175198.663,X_LEG_2,16.65,33.35,1.36,1,1633,1637,SE
1175198.683,X_LEG_2,16.65,33.35,1.36,1,1633,1637,SE
1175198.704,X_LEG_2,16.65,33.35,1.36,1,1633,1637,SE
1175198.724,X_LEG_2,16.65,33.35,1.36,1,1633,1637,SE
1175198.745,X_LEG_2,16.65,33.35,1.36,1,1633,1637,SE
1175198.765,X_LEG_2,16.59,33.24,1.38,1,1633,1637,SE
1175198.786,X_LEG_2,16.59,33.24,1.38,1,1633,1637,SE
1175198.806,X_LEG_2,16.59,33.24,1.38,1,1633,1637,SE
1175198.826,X_LEG_2,16.59,33.24,1.38,1,1633,1637,SE
1175198.846,X_LEG_2,16.59,33.24,1.38,1,1633,1637,SE
1175198.867,X_LEG_2,16.53,33.13,1.42,1,1633,1637,SE
1175198.887,X_LEG_2,16.53,33.13,1.42,1,1633,1637,SE
1175198.908,X_LEG_2,16.53,33.13,1.42,1,1633,1637,SE
1175198.928,X_LEG_2,16.53,33.13,1.42,1,1633,1637,SE
1175198.949,X_LEG_2,16.53,33.13,1.42,1,1633,1637,SE
1175198.969,X_LEG_2,16.47,33.02,1.44,1,1632,1637,SE
1175198.990,X_LEG_2,16.47,33.02,1.44,1,1632,1637,SE
1175199.010,X_LEG_2,16.47,33.02,1.44,1,1632,1637,SE
1175199.031,X_LEG_2,16.47,33.02,1.44,1,1632,1637,SE
1175199.051,X_LEG_2,16.47,33.02,1.44,1,1632,1637,SE
1175199.072,X_LEG_2,16.41,32.91,1.47,1,1632,1637,SE
1175199.092,X_LEG_2,16.41,32.91,1.47,1,1632,1637,SE
1175199.113,X_LEG_2,16.41,32.91,1.47,1,1632,1637,SE
1175199.133,X_LEG_2,16.41,32.91,1.47,1,1632,1637,SE
1175199.154,X_LEG_2,16.41,32.91,1.47,1,1632,1637,SE
1175199.176,X_LEG_2,16.34,32.81,1.51,1,1631,1637,SE
1175199.196,X_LEG_2,16.34,32.81,1.51,1,1631,1637,SE
1175199.216,X_LEG_2,16.34,32.81,1.51,1,1631,1637,SE
1175199.237,X_LEG_2,16.34,32.81,1.51,1,1631,1637,SE
1175199.258,X_LEG_2,16.34,32.81,1.51,1,1631,1637,SE
1175199.278,X_LEG_2,16.34,32.81,1.51,1,1631,1637,SE
1175199.300,X_LEG_2,16.34,32.81,1.51,1,1631,1637,SE
1175199.320,X_LEG_2,16.34,32.81,1.51,1,1631,1637,SE
1175199.340,X_LEG_2,16.34,32.81,1.51,1,1631,1637,SE
1175199.361,X_LEG_2,16.34,32.81,1.51,1,1631,1637,SE
1175199.381,X_LEG_2,16.28,32.69,1.54,1,1631,1638,SE
1175199.402,X_LEG_2,16.28,32.69,1.54,1,1631,1638,SE
1175199.423,X_LEG_2,16.28,32.69,1.54,1,1631,1638,SE
1175199.443,X_LEG_2,16.28,32.69,1.54,1,1631,1638,SE
1175199.464,X_LEG_2,16.28,32.69,1.54,1,1631,1638,SE
1175199.484,X_LEG_2,16.18,32.54,1.58,1,1630,1638,SE
1175199.505,X_LEG_2,16.18,32.54,1.58,1,1630,1638,SE
1175199.525,X_LEG_2,16.18,32.54,1.58,1,1630,1638,SE
1175199.545,X_LEG_2,16.18,32.54,1.58,1,1630,1638,SE
1175199.566,X_LEG_2,16.18,32.54,1.58,1,1630,1638,SE
1175199.586,X_LEG_2,16.12,32.42,1.61,1,1630,1638,SE
1175199.607,X_LEG_2,16.12,32.42,1.61,1,1630,1638,SE
1175199.627,X_LEG_2,16.12,32.42,1.61,1,1630,1638,SE
1175199.648,X_LEG_2,16.12,32.42,1.61,1,1630,1638,SE
1175199.668,X_LEG_2,16.12,32.42,1.61,1,1630,1638,SE
1175199.689,X_LEG_2,16.05,32.32,1.64,1,1629,1638,SE
1175199.709,X_LEG_2,16.05,32.32,1.64,1,1629,1638,SE
1175199.730,X_LEG_2,16.05,32.32,1.64,1,1629,1638,SE
1175199.750,X_LEG_2,16.05,32.32,1.64,1,1629,1638,SE
1175199.771,X_LEG_2,16.05,32.32,1.64,1,1629,1638,SE
1175199.791,X_LEG_2,15.99,32.21,1.66,1,1629,1639,SE
1175199.812,X_LEG_2,15.99,32.21,1.66,1,1629,1639,SE
1175199.832,X_LEG_2,15.99,32.21,1.66,1,1629,1639,SE
1175199.853,X_LEG_2,15.99,32.21,1.66,1,1629,1639,SE
1175199.874,X_LEG_2,15.99,32.21,1.66,1,1629,1639,SE
1175199.894,X_LEG_2,15.92,32.11,1.69,1,1628,1639,SE
1175199.914,X_LEG_2,15.92,32.11,1.69,1,1628,1639,SE
1175199.935,X_LEG_2,15.92,32.11,1.69,1,1628,1639,SE
1175199.955,X_LEG_2,15.92,32.11,1.69,1,1628,1639,SE
1175199.976,X_LEG_2,15.92,32.11,1.69,1,1628,1639,SE
1175199.996,X_LEG_2,15.92,32.11,1.69,1,1628,1639,SE
1175200.017,X_LEG_2,15.92,32.11,1.69,1,1628,1639,SE
1175200.037,X_LEG_2,15.92,32.11,1.69,1,1628,1639,SE
1175200.058,X_LEG_2,15.92,32.11,1.69,1,1628,1639,SE
1175200.078,X_LEG_2,15.92,32.11,1.69,1,1628,1639,SE
1175200.099,X_LEG_2,15.85,31.99,1.72,1,1628,1639,SE
1175200.119,X_LEG_2,15.85,31.99,1.72,1,1628,1639,SE
1175200.139,X_LEG_2,15.85,31.99,1.72,1,1628,1639,SE
1175200.160,X_LEG_2,15.85,31.99,1.72,1,1628,1639,SE
1175200.180,X_LEG_2,15.85,31.99,1.72,1,1628,1639,SE
1175200.201,X_LEG_2,15.78,31.89,1.76,1,1628,1639,SE
1175200.221,X_LEG_2,15.78,31.89,1.76,1,1628,1639,SE
1175200.242,X_LEG_2,15.78,31.89,1.76,1,1628,1639,SE
1175200.262,X_LEG_2,15.78,31.89,1.76,1,1628,1639,SE
1175200.284,X_LEG_2,15.78,31.89,1.76,1,1628,1639,SE
1175200.304,X_LEG_2,15.71,31.79,1.79,1,1627,1639,SE
1175200.324,X_LEG_2,15.71,31.79,1.79,1,1627,1639,SE
1175200.345,X_LEG_2,15.71,31.79,1.79,1,1627,1639,SE
1175200.365,X_LEG_2,15.71,31.79,1.79,1,1627,1639,SE
1175200.386,X_LEG_2,15.71,31.79,1.79,1,1627,1639,SE
1175200.406,X_LEG_2,15.65,31.68,1.81,1,1627,1640,SE
1175200.427,X_LEG_2,15.65,31.68,1.81,1,1627,1640,SE
1175200.447,X_LEG_2,15.65,31.68,1.81,1,1627,1640,SE
1175200.468,X_LEG_2,15.65,31.68,1.81,1,1627,1640,SE
1175200.488,X_LEG_2,15.65,31.68,1.81,1,1627,1640,SE
1175200.508,X_LEG_2,15.58,31.57,1.84,1,1626,1640,SE
1175200.529,X_LEG_2,15.58,31.57,1.84,1,1626,1640,SE
1175200.549,X_LEG_2,15.58,31.57,1.84,1,1626,1640,SE
1175200.569,X_LEG_2,15.58,31.57,1.84,1,1626,1640,SE
1175200.589,X_LEG_2,15.58,31.57,1.84,1,1626,1640,SE
1175200.610,X_LEG_2,15.51,31.46,1.87,1,1626,1640,SE
1175200.631,X_LEG_2,15.51,31.46,1.87,1,1626,1640,SE
1175200.651,X_LEG_2,15.51,31.46,1.87,1,1626,1640,SE
1175200.671,X_LEG_2,15.51,31.46,1.87,1,1626,1640,SE
1175200.692,X_LEG_2,15.51,31.46,1.87,1,1626,1640,SE
1175200.712,X_LEG_2,15.43,31.36,1.90,1,1625,1640,SE
1175200.734,X_LEG_2,15.43,31.36,1.90,1,1625,1640,SE
1175200.754,X_LEG_2,15.43,31.36,1.90,1,1625,1640,SE
1175200.775,X_LEG_2,15.43,31.36,1.90,1,1625,1640,SE
1175200.796,X_LEG_2,15.43,31.36,1.90,1,1625,1640,SE
1175200.816,X_LEG_2,15.36,31.26,1.93,1,1625,1640,SE
1175200.837,X_LEG_2,15.36,31.26,1.93,1,1625,1640,SE
1175200.857,X_LEG_2,15.36,31.26,1.93,1,1625,1640,SE
1175200.878,X_LEG_2,15.36,31.26,1.93,1,1625,1640,SE
1175200.898,X_LEG_2,15.36,31.26,1.93,1,1625,1640,SE
1175200.919,X_LEG_2,15.29,31.14,1.96,1,1625,1641,SE
1175200.939,X_LEG_2,15.29,31.14,1.96,1,1625,1641,SE
1175200.959,X_LEG_2,15.29,31.14,1.96,1,1625,1641,SE
1175200.980,X_LEG_2,15.29,31.14,1.96,1,1625,1641,SE
1175201.000,X_LEG_2,15.29,31.14,1.96,1,1625,1641,SE
1175201.021,X_LEG_2,15.22,31.04,1.99,1,1624,1641,SE
1175201.041,X_LEG_2,15.22,31.04,1.99,1,1624,1641,SE
1175201.061,X_LEG_2,15.22,31.04,1.99,1,1624,1641,SE
1175201.082,X_LEG_2,15.22,31.04,1.99,1,1624,1641,SE
1175201.102,X_LEG_2,15.22,31.04,1.99,1,1624,1641,SE
1175201.123,X_LEG_2,15.15,30.94,2.02,1,1624,1641,SE
1175201.143,X_LEG_2,15.15,30.94,2.02,1,1624,1641,SE
1175201.164,X_LEG_2,15.15,30.94,2.02,1,1624,1641,SE
1175201.184,X_LEG_2,15.15,30.94,2.02,1,1624,1641,SE
1175201.204,X_LEG_2,15.15,30.94,2.02,1,1624,1641,SE
1175201.225,X_LEG_2,15.15,30.94,2.02,1,1624,1641,SE
1175201.245,X_LEG_2,15.15,30.94,2.02,1,1624,1641,SE
1175201.265,X_LEG_2,15.15,30.94,2.02,1,1624,1641,SE
1175201.286,X_LEG_2,15.15,30.94,2.02,1,1624,1641,SE
1175201.306,X_LEG_2,15.15,30.94,2.02,1,1624,1641,SE
1175201.327,X_LEG_2,15.07,30.84,2.05,1,1623,1641,SE
1175201.347,X_LEG_2,15.07,30.84,2.05,1,1623,1641,SE
1175201.368,X_LEG_2,15.07,30.84,2.05,1,1623,1641,SE
1175201.388,X_LEG_2,15.07,30.84,2.05,1,1623,1641,SE
1175201.409,X_LEG_2,15.07,30.84,2.05,1,1623,1641,SE
1175201.429,X_LEG_2,14.96,30.68,1.10,1,1623,1641,SE
1175201.450,X_LEG_2,14.96,30.68,1.10,1,1623,1641,SE
1175201.470,X_LEG_2,14.96,30.68,1.10,1,1623,1641,SE
1175201.491,X_LEG_2,14.96,30.68,1.10,1,1623,1641,SE
1175201.511,X_LEG_2,14.96,30.68,1.10,1,1623,1641,SE
1175201.532,X_LEG_2,14.89,30.58,1.13,1,1622,1641,SE
1175201.552,X_LEG_2,14.89,30.58,1.13,1,1622,1641,SE
1175201.572,X_LEG_2,14.89,30.58,1.13,1,1622,1641,SE
1175201.592,X_LEG_2,14.89,30.58,1.13,1,1622,1641,SE
1175201.612,X_LEG_2,14.89,30.58,1.13,1,1622,1641,SE
1175201.633,X_LEG_2,14.81,30.48,1.16,1,1622,1641,SE
1175201.653,X_LEG_2,14.81,30.48,1.16,1,1622,1641,SE
1175201.674,X_LEG_2,14.81,30.48,1.16,1,1622,1641,SE
1175201.694,X_LEG_2,14.81,30.48,1.16,1,1622,1641,SE
1175201.715,X_LEG_2,14.81,30.48,1.16,1,1622,1641,SE
1175201.735,X_LEG_2,14.74,30.37,1.18,1,1621,1641,SE
1175201.756,X_LEG_2,14.74,30.37,1.18,1,1621,1641,SE
1175201.776,X_LEG_2,14.74,30.37,1.18,1,1621,1641,SE
1175201.797,X_LEG_2,14.74,30.37,1.18,1,1621,1641,SE
1175201.817,X_LEG_2,14.74,30.37,1.18,1,1621,1641,SE
1175201.838,X_LEG_2,14.66,30.26,1.20,1,1621,1642,SE
1175201.859,X_LEG_2,14.66,30.26,1.20,1,1621,1642,SE
1175201.879,X_LEG_2,14.66,30.26,1.20,1,1621,1642,SE
1175201.899,X_LEG_2,14.66,30.26,1.20,1,1621,1642,SE
1175201.920,X_LEG_2,14.66,30.26,1.20,1,1621,1642,SE
1175201.941,X_LEG_2,14.66,30.26,1.20,1,1621,1642,SE
1175201.961,X_LEG_2,14.66,30.26,1.20,1,1621,1642,SE
1175201.981,X_LEG_2,14.66,30.26,1.20,1,1621,1642,SE
1175202.002,X_LEG_2,14.66,30.26,1.20,1,1621,1642,SE
1175202.022,X_LEG_2,14.66,30.26,1.20,1,1621,1642,SE
1175202.043,X_LEG_2,14.59,30.16,1.24,1,1621,1642,SE
1175202.063,X_LEG_2,14.59,30.16,1.24,1,1621,1642,SE
1175202.084,X_LEG_2,14.59,30.16,1.24,1,1621,1642,SE
1175202.104,X_LEG_2,14.59,30.16,1.24,1,1621,1642,SE
1175202.125,X_LEG_2,14.59,30.16,1.24,1,1621,1642,SE
1175202.145,X_LEG_2,14.51,30.06,1.27,1,1620,1642,SE
1175202.165,X_LEG_2,14.51,30.06,1.27,1,1620,1642,SE
1175202.186,X_LEG_2,14.51,30.06,1.27,1,1620,1642,SE
1175202.207,X_LEG_2,14.51,30.06,1.27,1,1620,1642,SE
1175202.227,X_LEG_2,14.51,30.06,1.27,1,1620,1642,SE
1175202.247,X_LEG_2,14.43,29.96,1.30,1,1620,1642,SE
1175202.267,X_LEG_2,14.43,29.96,1.30,1,1620,1642,SE
1175202.288,X_LEG_2,14.43,29.96,1.30,1,1620,1642,SE
1175202.308,X_LEG_2,14.43,29.96,1.30,1,1620,1642,SE
1175202.329,X_LEG_2,14.43,29.96,1.30,1,1620,1642,SE
1175202.349,X_LEG_2,14.35,29.85,1.33,1,1619,1642,SE
1175202.370,X_LEG_2,14.35,29.85,1.33,1,1619,1642,SE
1175202.391,X_LEG_2,14.35,29.85,1.33,1,1619,1642,SE
1175202.411,X_LEG_2,14.35,29.85,1.33,1,1619,1642,SE
1175202.432,X_LEG_2,14.35,29.85,1.33,1,1619,1642,SE
1175202.452,X_LEG_2,14.28,29.75,1.36,1,1619,1643,SE
1175202.473,X_LEG_2,14.28,29.75,1.36,1,1619,1643,SE
1175202.493,X_LEG_2,14.28,29.75,1.36,1,1619,1643,SE
1175202.513,X_LEG_2,14.28,29.75,1.36,1,1619,1643,SE
1175202.534,X_LEG_2,14.28,29.75,1.36,1,1619,1643,SE
1175202.554,X_LEG_2,14.20,29.65,1.40,1,1619,1643,SE
1175202.575,X_LEG_2,14.20,29.65,1.40,1,1619,1643,SE
1175202.595,X_LEG_2,14.20,29.65,1.40,1,1619,1643,SE
1175202.616,X_LEG_2,14.20,29.65,1.40,1,1619,1643,SE
1175202.636,X_LEG_2,14.20,29.65,1.40,1,1619,1643,SE
1175202.657,X_LEG_2,14.12,29.55,1.41,1,1618,1643,SE
1175202.677,X_LEG_2,14.12,29.55,1.41,1,1618,1643,SE
1175202.697,X_LEG_2,14.12,29.55,1.41,1,1618,1643,SE
1175202.718,X_LEG_2,14.12,29.55,1.41,1,1618,1643,SE
1175202.738,X_LEG_2,14.12,29.55,1.41,1,1618,1643,SE
1175202.759,X_LEG_2,14.04,29.45,1.45,1,1618,1643,SE
1175202.779,X_LEG_2,14.04,29.45,1.45,1,1618,1643,SE
1175202.800,X_LEG_2,14.04,29.45,1.45,1,1618,1643,SE
1175202.821,X_LEG_2,14.04,29.45,1.45,1,1618,1643,SE
1175202.841,X_LEG_2,14.04,29.45,1.45,1,1618,1643,SE
1175202.861,X_LEG_2,13.96,29.35,1.48,1,1617,1644,SE
1175202.882,X_LEG_2,13.96,29.35,1.48,1,1617,1644,SE
1175202.903,X_LEG_2,13.96,29.35,1.48,1,1617,1644,SE
1175202.923,X_LEG_2,13.96,29.35,1.48,1,1617,1644,SE
1175202.944,X_LEG_2,13.96,29.35,1.48,1,1617,1644,SE
1175202.964,X_LEG_2,13.88,29.26,1.51,1,1617,1644,SE
1175202.984,X_LEG_2,13.88,29.26,1.51,1,1617,1644,SE
1175203.004,X_LEG_2,13.88,29.26,1.51,1,1617,1644,SE
1175203.025,X_LEG_2,13.88,29.26,1.51,1,1617,1644,SE
1175203.046,X_LEG_2,13.88,29.26,1.51,1,1617,1644,SE
1175203.066,X_LEG_2,13.80,29.15,1.55,1,1617,1644,SE
1175203.086,X_LEG_2,13.80,29.15,1.55,1,1617,1644,SE
1175203.107,X_LEG_2,13.80,29.15,1.55,1,1617,1644,SE
1175203.127,X_LEG_2,13.80,29.15,1.55,1,1617,1644,SE
1175203.148,X_LEG_2,13.80,29.15,1.55,1,1617,1644,SE
1175203.168,X_LEG_2,13.72,29.05,1.57,1,1616,1644,SE
1175203.189,X_LEG_2,13.72,29.05,1.57,1,1616,1644,SE
1175203.209,X_LEG_2,13.72,29.05,1.57,1,1616,1644,SE
1175203.229,X_LEG_2,13.72,29.05,1.57,1,1616,1644,SE
1175203.250,X_LEG_2,13.72,29.05,1.57,1,1616,1644,SE
1175203.270,X_LEG_2,13.64,28.95,1.60,1,1616,1645,SE
1175203.291,X_LEG_2,13.64,28.95,1.60,1,1616,1645,SE
1175203.312,X_LEG_2,13.64,28.95,1.60,1,1616,1645,SE
1175203.332,X_LEG_2,13.64,28.95,1.60,1,1616,1645,SE
1175203.352,X_LEG_2,13.64,28.95,1.60,1,1616,1645,SE
1175203.373,X_LEG_2,13.55,28.85,1.63,1,1615,1645,SE
1175203.393,X_LEG_2,13.55,28.85,1.63,1,1615,1645,SE
1175203.413,X_LEG_2,13.55,28.85,1.63,1,1615,1645,SE
1175203.434,X_LEG_2,13.55,28.85,1.63,1,1615,1645,SE
1175203.454,X_LEG_2,13.55,28.85,1.63,1,1615,1645,SE
1175203.474,X_LEG_2,13.47,28.76,1.65,1,1615,1645,SE
1175203.495,X_LEG_2,13.47,28.76,1.65,1,1615,1645,SE
1175203.516,X_LEG_2,13.47,28.76,1.65,1,1615,1645,SE
1175203.536,X_LEG_2,13.47,28.76,1.65,1,1615,1645,SE
1175203.557,X_LEG_2,13.47,28.76,1.65,1,1615,1645,SE
1175203.577,X_LEG_2,13.47,28.76,1.65,1,1615,1645,SE
1175203.597,X_LEG_2,13.47,28.76,1.65,1,1615,1645,SE
1175203.618,X_LEG_2,13.47,28.76,1.65,1,1615,1645,SE
1175203.638,X_LEG_2,13.47,28.76,1.65,1,1615,1645,SE
1175203.659,X_LEG_2,13.47,28.76,1.65,1,1615,1645,SE
1175203.679,X_LEG_2,13.39,28.66,1.69,1,1615,1645,SE
1175203.699,X_LEG_2,13.39,28.66,1.69,1,1615,1645,SE
1175203.720,X_LEG_2,13.39,28.66,1.69,1,1615,1645,SE
1175203.740,X_LEG_2,13.39,28.66,1.69,1,1615,1645,SE
1175203.761,X_LEG_2,13.39,28.66,1.69,1,1615,1645,SE
1175203.781,X_LEG_2,13.31,28.56,1.72,1,1614,1646,SE
1175203.802,X_LEG_2,13.31,28.56,1.72,1,1614,1646,SE
1175203.822,X_LEG_2,13.31,28.56,1.72,1,1614,1646,SE
1175203.843,X_LEG_2,13.31,28.56,1.72,1,1614,1646,SE
1175203.863,X_LEG_2,13.31,28.56,1.72,1,1614,1646,SE
1175203.883,X_LEG_2,13.22,28.47,1.76,1,1614,1646,SE
1175203.904,X_LEG_2,13.22,28.47,1.76,1,1614,1646,SE
1175203.925,X_LEG_2,13.22,28.47,1.76,1,1614,1646,SE
1175203.945,X_LEG_2,13.22,28.47,1.76,1,1614,1646,SE
1175203.966,X_LEG_2,13.22,28.47,1.76,1,1614,1646,SE
1175203.987,X_LEG_2,13.14,28.36,1.78,1,1613,1646,SE
1175204.007,X_LEG_2,13.14,28.36,1.78,1,1613,1646,SE
1175204.028,X_LEG_2,13.14,28.36,1.78,1,1613,1646,SE
1175204.048,X_LEG_2,13.14,28.36,1.78,1,1613,1646,SE
1175204.068,X_LEG_2,13.14,28.36,1.78,1,1613,1646,SE
1175204.089,X_LEG_2,13.05,28.26,1.82,1,1613,1646,SE
1175204.109,X_LEG_2,13.05,28.26,1.82,1,1613,1646,SE
1175204.129,X_LEG_2,13.05,28.26,1.82,1,1613,1646,SE
1175204.149,X_LEG_2,13.05,28.26,1.82,1,1613,1646,SE
1175204.170,X_LEG_2,13.05,28.26,1.82,1,1613,1646,SE
1175204.190,X_LEG_2,12.97,28.17,1.84,1,1613,1647,SE
1175204.211,X_LEG_2,12.97,28.17,1.84,1,1613,1647,SE
1175204.232,X_LEG_2,12.97,28.17,1.84,1,1613,1647,SE
1175204.252,X_LEG_2,12.97,28.17,1.84,1,1613,1647,SE
1175204.273,X_LEG_2,12.97,28.17,1.84,1,1613,1647,SE
1175204.293,X_LEG_2,12.89,28.07,1.87,1,1612,1647,SE
1175204.314,X_LEG_2,12.89,28.07,1.87,1,1612,1647,SE
1175204.334,X_LEG_2,12.89,28.07,1.87,1,1612,1647,SE
1175204.355,X_LEG_2,12.89,28.07,1.87,1,1612,1647,SE
1175204.376,X_LEG_2,12.89,28.07,1.87,1,1612,1647,SE
1175204.397,X_LEG_2,12.89,28.07,1.87,1,1612,1647,SE
1175204.417,X_LEG_2,12.89,28.07,1.87,1,1612,1647,SE
1175204.438,X_LEG_2,12.89,28.07,1.87,1,1612,1647,SE
1175204.458,X_LEG_2,12.89,28.07,1.87,1,1612,1647,SE
1175204.479,X_LEG_2,12.89,28.07,1.87,1,1612,1647,SE
1175204.499,X_LEG_2,12.76,27.92,1.92,1,1612,1647,SE
1175204.519,X_LEG_2,12.76,27.92,1.92,1,1612,1647,SE
1175204.539,X_LEG_2,12.76,27.92,1.92,1,1612,1647,SE
1175204.559,X_LEG_2,12.76,27.92,1.92,1,1612,1647,SE
1175204.580,X_LEG_2,12.76,27.92,1.92,1,1612,1647,SE
1175204.601,X_LEG_2,12.67,27.83,0.96,1,1611,1647,SE
1175204.621,X_LEG_2,12.67,27.83,0.96,1,1611,1647,SE
1175204.642,X_LEG_2,12.67,27.83,0.96,1,1611,1647,SE
1175204.662,X_LEG_2,12.67,27.83,0.96,1,1611,1647,SE
1175204.683,X_LEG_2,12.67,27.83,0.96,1,1611,1647,SE
1175204.704,X_LEG_2,12.59,27.73,0.98,1,1611,1648,SE
1175204.724,X_LEG_2,12.59,27.73,0.98,1,1611,1648,SE
1175204.745,X_LEG_2,12.59,27.73,0.98,1,1611,1648,SE
1175204.765,X_LEG_2,12.59,27.73,0.98,1,1611,1648,SE
1175204.785,X_LEG_2,12.59,27.73,0.98,1,1611,1648,SE
1175204.805,X_LEG_2,12.50,27.64,1.02,1,1611,1648,SE
1175204.826,X_LEG_2,12.50,27.64,1.02,1,1611,1648,SE
1175204.846,X_LEG_2,12.50,27.64,1.02,1,1611,1648,SE
1175204.868,X_LEG_2,12.50,27.64,1.02,1,1611,1648,SE
1175204.888,X_LEG_2,12.50,27.64,1.02,1,1611,1648,SE
1175204.909,X_LEG_2,12.41,27.54,1.04,1,1610,1648,SE
1175204.930,X_LEG_2,12.41,27.54,1.04,1,1610,1648,SE
1175204.951,X_LEG_2,12.41,27.54,1.04,1,1610,1648,SE
1175204.971,X_LEG_2,12.41,27.54,1.04,1,1610,1648,SE
1175204.991,X_LEG_2,12.41,27.54,1.04,1,1610,1648,SE
1175205.011,X_LEG_2,12.33,27.45,1.08,1,1610,1649,SE
1175205.031,X_LEG_2,12.33,27.45,1.08,1,1610,1649,SE
1175205.052,X_LEG_2,12.33,27.45,1.08,1,1610,1649,SE
1175205.072,X_LEG_2,12.33,27.45,1.08,1,1610,1649,SE
1175205.093,X_LEG_2,12.33,27.45,1.08,1,1610,1649,SE
1175205.113,X_LEG_2,12.24,27.35,1.10,1,1609,1649,SE
1175205.134,X_LEG_2,12.24,27.35,1.10,1,1609,1649,SE
1175205.154,X_LEG_2,12.24,27.35,1.10,1,1609,1649,SE
1175205.174,X_LEG_2,12.24,27.35,1.10,1,1609,1649,SE
1175205.195,X_LEG_2,12.24,27.35,1.10,1,1609,1649,SE
1175205.216,X_LEG_2,12.15,27.26,1.14,1,1609,1649,SE
1175205.236,X_LEG_2,12.15,27.26,1.14,1,1609,1649,SE
1175205.256,X_LEG_2,12.15,27.26,1.14,1,1609,1649,SE
1175205.277,X_LEG_2,12.15,27.26,1.14,1,1609,1649,SE
1175205.298,X_LEG_2,12.15,27.26,1.14,1,1609,1649,SE
1175205.318,X_LEG_2,12.06,27.17,1.16,1,1609,1649,SE
1175205.338,X_LEG_2,12.06,27.17,1.16,1,1609,1649,SE
1175205.359,X_LEG_2,12.06,27.17,1.16,1,1609,1649,SE
1175205.379,X_LEG_2,12.06,27.17,1.16,1,1609,1649,SE
1175205.399,X_LEG_2,12.06,27.17,1.16,1,1609,1649,SE
1175205.420,X_LEG_2,11.97,27.07,1.20,1,1608,1650,SE
1175205.440,X_LEG_2,11.97,27.07,1.20,1,1608,1650,SE
1175205.461,X_LEG_2,11.97,27.07,1.20,1,1608,1650,SE
1175205.481,X_LEG_2,11.97,27.07,1.20,1,1608,1650,SE
1175205.502,X_LEG_2,11.97,27.07,1.20,1,1608,1650,SE
1175205.522,X_LEG_2,11.89,26.98,1.22,1,1608,1650,SE
1175205.542,X_LEG_2,11.89,26.98,1.22,1,1608,1650,SE
1175205.562,X_LEG_2,11.89,26.98,1.22,1,1608,1650,SE
1175205.583,X_LEG_2,11.89,26.98,1.22,1,1608,1650,SE
1175205.603,X_LEG_2,11.89,26.98,1.22,1,1608,1650,SE
1175205.624,X_LEG_2,11.80,26.89,1.26,1,1608,1650,SE
1175205.645,X_LEG_2,11.80,26.89,1.26,1,1608,1650,SE
1175205.665,X_LEG_2,11.80,26.89,1.26,1,1608,1650,SE
1175205.686,X_LEG_2,11.80,26.89,1.26,1,1608,1650,SE
1175205.706,X_LEG_2,11.80,26.89,1.26,1,1608,1650,SE
1175205.727,X_LEG_2,11.80,26.80,1.28,1,1607,1650,SE
1175205.747,X_LEG_2,11.71,26.80,1.28,1,1607,1650,SE
1175205.768,X_LEG_2,11.71,26.80,1.28,1,1607,1650,SE
1175205.788,X_LEG_2,11.71,26.80,1.28,1,1607,1650,SE
1175205.809,X_LEG_2,11.71,26.80,1.28,1,1607,1650,SE
1175205.829,X_LEG_2,11.62,26.70,1.32,1,1607,1651,SE
1175205.850,X_LEG_2,11.62,26.70,1.32,1,1607,1651,SE
1175205.870,X_LEG_2,11.62,26.70,1.32,1,1607,1651,SE
1175205.891,X_LEG_2,11.62,26.70,1.32,1,1607,1651,SE
1175205.911,X_LEG_2,11.62,26.70,1.32,1,1607,1651,SE
1175205.931,X_LEG_2,11.62,26.70,1.32,1,1607,1651,SE
1175205.951,X_LEG_2,11.62,26.70,1.32,1,1607,1651,SE
1175205.972,X_LEG_2,11.62,26.70,1.32,1,1607,1651,SE
1175205.992,X_LEG_2,11.62,26.70,1.32,1,1607,1651,SE
1175206.013,X_LEG_2,11.62,26.70,1.32,1,1607,1651,SE
1175206.033,X_LEG_2,11.53,26.61,1.35,1,1606,1651,SE
1175206.054,X_LEG_2,11.53,26.61,1.35,1,1606,1651,SE
1175206.075,X_LEG_2,11.53,26.61,1.35,1,1606,1651,SE
1175206.095,X_LEG_2,11.53,26.61,1.35,1,1606,1651,SE
1175206.115,X_LEG_2,11.53,26.61,1.35,1,1606,1651,SE
1175206.136,X_LEG_2,11.44,26.52,1.39,1,1606,1651,SE
1175206.156,X_LEG_2,11.44,26.52,1.39,1,1606,1651,SE
1175206.177,X_LEG_2,11.44,26.52,1.39,1,1606,1651,SE
1175206.197,X_LEG_2,11.44,26.52,1.39,1,1606,1651,SE
1175206.218,X_LEG_2,11.44,26.52,1.39,1,1606,1651,SE
1175206.239,X_LEG_2,11.35,26.43,1.41,1,1606,1651,SE
1175206.259,X_LEG_2,11.35,26.43,1.41,1,1606,1651,SE
1175206.279,X_LEG_2,11.35,26.43,1.41,1,1606,1651,SE
1175206.300,X_LEG_2,11.35,26.43,1.41,1,1606,1651,SE
1175206.320,X_LEG_2,11.35,26.43,1.41,1,1606,1651,SE
1175206.340,X_LEG_2,11.26,26.34,1.44,1,1605,1652,SE
1175206.361,X_LEG_2,11.26,26.34,1.44,1,1605,1652,SE
1175206.382,X_LEG_2,11.26,26.34,1.44,1,1605,1652,SE
1175206.402,X_LEG_2,11.26,26.34,1.44,1,1605,1652,SE
1175206.422,X_LEG_2,11.26,26.34,1.44,1,1605,1652,SE
1175206.443,X_LEG_2,11.13,26.20,1.49,1,1605,1652,SE
1175206.463,X_LEG_2,11.13,26.20,1.49,1,1605,1652,SE
1175206.483,X_LEG_2,11.13,26.20,1.49,1,1605,1652,SE
1175206.504,X_LEG_2,11.13,26.20,1.49,1,1605,1652,SE
1175206.524,X_LEG_2,11.13,26.20,1.49,1,1605,1652,SE
1175206.545,X_LEG_2,11.03,26.11,1.52,1,1604,1652,SE
1175206.566,X_LEG_2,11.03,26.11,1.52,1,1604,1652,SE
1175206.586,X_LEG_2,11.03,26.11,1.52,1,1604,1652,SE
1175206.607,X_LEG_2,11.03,26.11,1.52,1,1604,1652,SE
1175206.627,X_LEG_2,11.03,26.11,1.52,1,1604,1652,SE
1175206.647,X_LEG_2,10.94,26.02,1.56,1,1604,1653,SE
1175206.667,X_LEG_2,10.94,26.02,1.56,1,1604,1653,SE
1175206.688,X_LEG_2,10.94,26.02,1.56,1,1604,1653,SE
1175206.708,X_LEG_2,10.94,26.02,1.56,1,1604,1653,SE
1175206.729,X_LEG_2,10.94,26.02,1.56,1,1604,1653,SE
1175206.749,X_LEG_2,10.85,25.93,1.58,1,1604,1653,SE
1175206.770,X_LEG_2,10.85,25.93,1.58,1,1604,1653,SE
1175206.791,X_LEG_2,10.85,25.93,1.58,1,1604,1653,SE
1175206.811,X_LEG_2,10.85,25.93,1.58,1,1604,1653,SE
1175206.832,X_LEG_2,10.85,25.93,1.58,1,1604,1653,SE
1175206.852,X_LEG_2,10.85,25.93,1.58,1,1604,1653,SE
1175206.873,X_LEG_2,10.85,25.93,1.58,1,1604,1653,SE
1175206.893,X_LEG_2,10.85,25.93,1.58,1,1604,1653,SE
1175206.913,X_LEG_2,10.85,25.93,1.58,1,1604,1653,SE
1175206.933,X_LEG_2,10.85,25.93,1.58,1,1604,1653,SE
1175206.954,X_LEG_2,10.76,25.84,1.61,1,1603,1653,SE
1175206.974,X_LEG_2,10.76,25.84,1.61,1,1603,1653,SE
1175206.995,X_LEG_2,10.76,25.84,1.61,1,1603,1653,SE
1175207.015,X_LEG_2,10.76,25.84,1.61,1,1603,1653,SE
1175207.036,X_LEG_2,10.76,25.84,1.61,1,1603,1653,SE
1175207.056,X_LEG_2,10.67,25.75,1.65,1,1603,1653,SE
1175207.076,X_LEG_2,10.67,25.75,1.65,1,1603,1653,SE
1175207.097,X_LEG_2,10.67,25.75,1.65,1,1603,1653,SE
1175207.118,X_LEG_2,10.67,25.75,1.65,1,1603,1653,SE
1175207.138,X_LEG_2,10.67,25.75,1.65,1,1603,1653,SE
1175207.159,X_LEG_2,10.53,25.62,1.69,1,1602,1654,SE
1175207.179,X_LEG_2,10.53,25.62,1.69,1,1602,1654,SE
1175207.200,X_LEG_2,10.53,25.62,1.69,1,1602,1654,SE
1175207.220,X_LEG_2,10.53,25.62,1.69,1,1602,1654,SE
1175207.241,X_LEG_2,10.53,25.62,1.69,1,1602,1654,SE
1175207.261,X_LEG_2,10.44,25.53,1.72,1,1602,1654,SE
1175207.282,X_LEG_2,10.44,25.53,1.72,1,1602,1654,SE
1175207.302,X_LEG_2,10.44,25.53,1.72,1,1602,1654,SE
1175207.323,X_LEG_2,10.44,25.53,1.72,1,1602,1654,SE
1175207.343,X_LEG_2,10.44,25.53,1.72,1,1602,1654,SE
1175207.364,X_LEG_2,10.35,25.44,1.74,1,1602,1654,SE
1175207.384,X_LEG_2,10.35,25.44,1.74,1,1602,1654,SE
1175207.405,X_LEG_2,10.35,25.44,1.74,1,1602,1654,SE
1175207.425,X_LEG_2,10.35,25.44,1.74,1,1602,1654,SE
1175207.446,X_LEG_2,10.35,25.44,1.74,1,1602,1654,SE
1175207.466,X_LEG_2,10.35,25.44,1.74,1,1602,1654,SE
1175207.487,X_LEG_2,10.35,25.44,1.74,1,1602,1654,SE
1175207.507,X_LEG_2,10.35,25.44,1.74,1,1602,1654,SE
1175207.528,X_LEG_2,10.35,25.44,1.74,1,1602,1654,SE
1175207.548,X_LEG_2,10.35,25.44,1.74,1,1602,1654,SE
1175207.569,X_LEG_2,10.21,25.31,1.80,1,1601,1655,SE
1175207.589,X_LEG_2,10.21,25.31,1.80,1,1601,1655,SE
1175207.610,X_LEG_2,10.21,25.31,1.80,1,1601,1655,SE
1175207.631,X_LEG_2,10.21,25.31,1.80,1,1601,1655,SE
1175207.652,X_LEG_2,10.21,25.31,1.80,1,1601,1655,SE
1175207.672,X_LEG_2,10.12,25.22,1.83,1,1601,1655,SE
1175207.692,X_LEG_2,10.12,25.22,1.83,1,1601,1655,SE
1175207.713,X_LEG_2,10.12,25.22,1.83,1,1601,1655,SE
1175207.733,X_LEG_2,10.12,25.22,1.83,1,1601,1655,SE
1175207.754,X_LEG_2,10.12,25.22,1.83,1,1601,1655,SE
1175207.774,X_LEG_2,10.03,25.13,1.86,1,1601,1655,SE
1175207.794,X_LEG_2,10.03,25.13,1.86,1,1601,1655,SE
1175207.815,X_LEG_2,10.03,25.13,1.86,1,1601,1655,SE
1175207.835,X_LEG_2,10.03,25.13,1.86,1,1601,1655,SE
1175207.856,X_LEG_2,10.03,25.13,1.86,1,1601,1655,SE
1175207.876,X_LEG_2,9.93,25.04,1.90,1,1600,1656,SE
1175207.897,X_LEG_2,9.93,25.04,1.90,1,1600,1656,SE
1175207.917,X_LEG_2,9.93,25.04,1.90,1,1600,1656,SE
1175207.938,X_LEG_2,9.93,25.04,1.90,1,1600,1656,SE
1175207.959,X_LEG_2,9.93,25.04,1.90,1,1600,1656,SE
1175207.979,X_LEG_2,9.93,25.04,1.90,1,1600,1656,SE
1175208.000,X_LEG_2,9.93,25.04,1.90,1,1600,1656,SE
1175208.020,X_LEG_2,9.93,25.04,1.90,1,1600,1656,SE
1175208.041,X_LEG_2,9.93,25.04,1.90,1,1600,1656,SE
1175208.061,X_LEG_2,9.93,25.04,1.90,1,1600,1656,SE
1175208.082,X_LEG_2,9.79,24.92,1.94,1,1600,1656,SE
1175208.102,X_LEG_2,9.79,24.92,1.94,1,1600,1656,SE
1175208.122,X_LEG_2,9.79,24.92,1.94,1,1600,1656,SE
1175208.143,X_LEG_2,9.79,24.92,1.94,1,1600,1656,SE
1175208.164,X_LEG_2,9.79,24.92,1.94,1,1600,1656,SE
1175208.184,X_LEG_2,9.70,24.83,1.97,1,1599,1656,SE
1175208.205,X_LEG_2,9.70,24.83,1.97,1,1599,1656,SE
1175208.225,X_LEG_2,9.70,24.83,1.97,1,1599,1656,SE
1175208.245,X_LEG_2,9.70,24.83,1.97,1,1599,1656,SE
1175208.265,X_LEG_2,9.70,24.83,1.97,1,1599,1656,SE
1175208.286,X_LEG_2,9.61,24.74,2.00,1,1599,1657,SE
1175208.306,X_LEG_2,9.61,24.74,2.00,1,1599,1657,SE
1175208.327,X_LEG_2,9.61,24.74,2.00,1,1599,1657,SE
1175208.348,X_LEG_2,9.61,24.74,2.00,1,1599,1657,SE
1175208.368,X_LEG_2,9.61,24.74,2.00,1,1599,1657,SE
1175208.389,X_LEG_2,9.51,24.66,1.03,1,1599,1657,SE
1175208.409,X_LEG_2,9.51,24.66,1.03,1,1599,1657,SE
1175208.430,X_LEG_2,9.51,24.66,1.03,1,1599,1657,SE
1175208.450,X_LEG_2,9.51,24.66,1.03,1,1599,1657,SE
1175208.471,X_LEG_2,9.51,24.66,1.03,1,1599,1657,SE
1175208.491,X_LEG_2,9.42,24.57,1.06,1,1598,1657,SE
1175208.511,X_LEG_2,9.42,24.57,1.06,1,1598,1657,SE
1175208.532,X_LEG_2,9.42,24.57,1.06,1,1598,1657,SE
1175208.552,X_LEG_2,9.42,24.57,1.06,1,1598,1657,SE
1175208.573,X_LEG_2,9.42,24.57,1.06,1,1598,1657,SE
1175208.593,X_LEG_2,9.33,24.49,1.11,1,1598,1658,SE
1175208.614,X_LEG_2,9.33,24.49,1.11,1,1598,1658,SE
1175208.634,X_LEG_2,9.33,24.49,1.11,1,1598,1658,SE
1175208.655,X_LEG_2,9.33,24.49,1.11,1,1598,1658,SE
1175208.675,X_LEG_2,9.33,24.49,1.11,1,1598,1658,SE
1175208.695,X_LEG_2,9.23,24.40,1.13,1,1598,1658,SE
1175208.716,X_LEG_2,9.23,24.40,1.13,1,1598,1658,SE
1175208.736,X_LEG_2,9.23,24.40,1.13,1,1598,1658,SE
1175208.757,X_LEG_2,9.23,24.40,1.13,1,1598,1658,SE
1175208.777,X_LEG_2,9.23,24.40,1.13,1,1598,1658,SE
1175208.798,X_LEG_2,9.23,24.40,1.13,1,1598,1658,SE
1175208.818,X_LEG_2,9.23,24.40,1.13,1,1598,1658,SE
1175208.839,X_LEG_2,9.23,24.40,1.13,1,1598,1658,SE
1175208.860,X_LEG_2,9.23,24.40,1.13,1,1598,1658,SE
1175208.880,X_LEG_2,9.23,24.40,1.13,1,1598,1658,SE
1175208.900,X_LEG_2,9.00,24.19,1.21,1,1597,1659,SE
1175208.920,X_LEG_2,9.00,24.19,1.21,1,1597,1659,SE
1175208.941,X_LEG_2,9.00,24.19,1.21,1,1597,1659,SE
1175208.961,X_LEG_2,9.00,24.19,1.21,1,1597,1659,SE
1175208.982,X_LEG_2,9.00,24.19,1.21,1,1597,1659,SE
1175209.002,X_LEG_2,9.00,24.19,1.21,1,1597,1659,SE
1175209.023,X_LEG_2,9.00,24.19,1.21,1,1597,1659,SE
1175209.044,X_LEG_2,9.00,24.19,1.21,1,1597,1659,SE
1175209.064,X_LEG_2,9.00,24.19,1.21,1,1597,1659,SE
1175209.084,X_LEG_2,9.00,24.19,1.21,1,1597,1659,SE
1175209.105,X_LEG_2,8.91,24.11,1.24,1,1596,1659,SE
1175209.125,X_LEG_2,8.91,24.11,1.24,1,1596,1659,SE
1175209.146,X_LEG_2,8.91,24.11,1.24,1,1596,1659,SE
1175209.166,X_LEG_2,8.91,24.11,1.24,1,1596,1659,SE
1175209.188,X_LEG_2,8.91,24.11,1.24,1,1596,1659,SE
1175209.209,X_LEG_2,8.82,24.02,1.27,1,1596,1659,SE
1175209.228,X_LEG_2,8.82,24.02,1.27,1,1596,1659,SE
1175209.249,X_LEG_2,8.82,24.02,1.27,1,1596,1659,SE
1175209.269,X_LEG_2,8.82,24.02,1.27,1,1596,1659,SE
1175209.289,X_LEG_2,8.82,24.02,1.27,1,1596,1659,SE
1175209.310,X_LEG_2,8.72,23.94,1.30,1,1596,1659,SE
1175209.331,X_LEG_2,8.72,23.94,1.30,1,1596,1659,SE
1175209.352,X_LEG_2,8.72,23.94,1.30,1,1596,1659,SE
1175209.372,X_LEG_2,8.72,23.94,1.30,1,1596,1659,SE
1175209.393,X_LEG_2,8.72,23.94,1.30,1,1596,1659,SE
1175209.413,X_LEG_2,8.63,23.87,1.33,1,1595,1660,SE
1175209.434,X_LEG_2,8.63,23.87,1.33,1,1595,1660,SE
1175209.454,X_LEG_2,8.63,23.87,1.33,1,1595,1660,SE
1175209.475,X_LEG_2,8.63,23.87,1.33,1,1595,1660,SE
1175209.496,X_LEG_2,8.63,23.87,1.33,1,1595,1660,SE
1175209.516,X_LEG_2,8.54,23.78,1.36,1,1595,1660,SE
1175209.536,X_LEG_2,8.54,23.78,1.36,1,1595,1660,SE
1175209.558,X_LEG_2,8.54,23.78,1.36,1,1595,1660,SE
1175209.578,X_LEG_2,8.54,23.78,1.36,1,1595,1660,SE
1175209.598,X_LEG_2,8.54,23.78,1.36,1,1595,1660,SE
1175209.620,X_LEG_2,8.44,23.70,1.39,1,1595,1660,SE
1175209.640,X_LEG_2,8.44,23.70,1.39,1,1595,1660,SE
1175209.661,X_LEG_2,8.44,23.70,1.39,1,1595,1660,SE
1175209.682,X_LEG_2,8.44,23.70,1.39,1,1595,1660,SE
1175209.702,X_LEG_2,8.44,23.70,1.39,1,1595,1660,SE
1175209.722,X_LEG_2,8.35,23.62,1.42,1,1594,1660,SE
1175209.743,X_LEG_2,8.35,23.62,1.42,1,1594,1660,SE
1175209.764,X_LEG_2,8.35,23.62,1.42,1,1594,1660,SE
1175209.784,X_LEG_2,8.35,23.62,1.42,1,1594,1660,SE
1175209.805,X_LEG_2,8.35,23.62,1.42,1,1594,1660,SE
1175209.825,X_LEG_2,8.26,23.53,1.46,1,1594,1661,SE
1175209.845,X_LEG_2,8.26,23.53,1.46,1,1594,1661,SE
1175209.866,X_LEG_2,8.26,23.53,1.46,1,1594,1661,SE
1175209.886,X_LEG_2,8.26,23.53,1.46,1,1594,1661,SE
1175209.907,X_LEG_2,8.26,23.53,1.46,1,1594,1661,SE
1175209.927,X_LEG_2,8.16,23.45,1.49,1,1594,1661,SE
1175209.948,X_LEG_2,8.16,23.45,1.49,1,1594,1661,SE
1175209.968,X_LEG_2,8.16,23.45,1.49,1,1594,1661,SE
1175209.989,X_LEG_2,8.16,23.45,1.49,1,1594,1661,SE
1175210.009,X_LEG_2,8.16,23.45,1.49,1,1594,1661,SE
1175210.030,X_LEG_2,8.16,23.45,1.49,1,1594,1661,SE
1175210.050,X_LEG_2,8.16,23.45,1.49,1,1594,1661,SE
1175210.070,X_LEG_2,8.16,23.45,1.49,1,1594,1661,SE
1175210.091,X_LEG_2,8.16,23.45,1.49,1,1594,1661,SE
1175210.111,X_LEG_2,8.16,23.45,1.49,1,1594,1661,SE
1175210.132,X_LEG_2,8.07,23.37,1.52,1,1593,1661,SE
1175210.152,X_LEG_2,8.07,23.37,1.52,1,1593,1661,SE
1175210.173,X_LEG_2,8.07,23.37,1.52,1,1593,1661,SE
1175210.193,X_LEG_2,8.07,23.37,1.52,1,1593,1661,SE
1175210.213,X_LEG_2,8.07,23.37,1.52,1,1593,1661,SE
1175210.233,X_LEG_2,7.98,23.29,1.55,1,1593,1662,SE
1175210.254,X_LEG_2,7.98,23.29,1.55,1,1593,1662,SE
1175210.275,X_LEG_2,7.98,23.29,1.55,1,1593,1662,SE
1175210.295,X_LEG_2,7.98,23.29,1.55,1,1593,1662,SE
1175210.316,X_LEG_2,7.98,23.29,1.55,1,1593,1662,SE
1175210.336,X_LEG_2,7.89,23.22,1.59,1,1593,1662,SE
1175210.357,X_LEG_2,7.89,23.22,1.59,1,1593,1662,SE
1175210.377,X_LEG_2,7.89,23.22,1.59,1,1593,1662,SE
1175210.398,X_LEG_2,7.89,23.22,1.59,1,1593,1662,SE
1175210.418,X_LEG_2,7.89,23.22,1.59,1,1593,1662,SE
1175210.439,X_LEG_2,7.79,23.13,1.62,1,1593,1662,SE
1175210.459,X_LEG_2,7.79,23.13,1.62,1,1593,1662,SE
1175210.480,X_LEG_2,7.79,23.13,1.62,1,1593,1662,SE
1175210.500,X_LEG_2,7.79,23.13,1.62,1,1593,1662,SE
1175210.520,X_LEG_2,7.79,23.13,1.62,1,1593,1662,SE
1175210.541,X_LEG_2,7.70,23.05,1.65,1,1592,1662,SE
1175210.561,X_LEG_2,7.70,23.05,1.65,1,1592,1662,SE
1175210.582,X_LEG_2,7.70,23.05,1.65,1,1592,1662,SE
1175210.602,X_LEG_2,7.70,23.05,1.65,1,1592,1662,SE
1175210.623,X_LEG_2,7.70,23.05,1.65,1,1592,1662,SE
1175210.643,X_LEG_2,7.61,22.97,1.68,1,1592,1663,SE
1175210.664,X_LEG_2,7.61,22.97,1.68,1,1592,1663,SE
1175210.684,X_LEG_2,7.61,22.97,1.68,1,1592,1663,SE
1175210.705,X_LEG_2,7.61,22.97,1.68,1,1592,1663,SE
1175210.725,X_LEG_2,7.61,22.97,1.68,1,1592,1663,SE
1175210.746,X_LEG_2,7.51,22.89,1.72,1,1592,1663,SE
1175210.766,X_LEG_2,7.51,22.89,1.72,1,1592,1663,SE
1175210.786,X_LEG_2,7.51,22.89,1.72,1,1592,1663,SE
1175210.807,X_LEG_2,7.51,22.89,1.72,1,1592,1663,SE
1175210.827,X_LEG_2,7.51,22.89,1.72,1,1592,1663,SE
1175210.848,X_LEG_2,7.42,22.81,1.75,1,1591,1663,SE
1175210.868,X_LEG_2,7.42,22.81,1.75,1,1591,1663,SE
1175210.888,X_LEG_2,7.42,22.81,1.75,1,1591,1663,SE
1175210.909,X_LEG_2,7.42,22.81,1.75,1,1591,1663,SE
1175210.930,X_LEG_2,7.42,22.81,1.75,1,1591,1663,SE
1175210.950,X_LEG_2,7.42,22.81,1.75,1,1591,1663,SE
1175210.971,X_LEG_2,7.42,22.81,1.75,1,1591,1663,SE
1175210.991,X_LEG_2,7.42,22.81,1.75,1,1591,1663,SE
1175211.012,X_LEG_2,7.42,22.81,1.75,1,1591,1663,SE
1175211.032,X_LEG_2,7.42,22.81,1.75,1,1591,1663,SE
1175211.052,X_LEG_2,7.33,22.73,1.79,1,1591,1664,SE
1175211.073,X_LEG_2,7.33,22.73,1.79,1,1591,1664,SE
1175211.093,X_LEG_2,7.33,22.73,1.79,1,1591,1664,SE
1175211.113,X_LEG_2,7.33,22.73,1.79,1,1591,1664,SE
1175211.134,X_LEG_2,7.33,22.73,1.79,1,1591,1664,SE
1175211.154,X_LEG_2,7.24,22.66,1.82,1,1591,1664,SE
1175211.175,X_LEG_2,7.24,22.66,1.82,1,1591,1664,SE
1175211.195,X_LEG_2,7.24,22.66,1.82,1,1591,1664,SE
1175211.216,X_LEG_2,7.24,22.66,1.82,1,1591,1664,SE
1175211.236,X_LEG_2,7.24,22.66,1.82,1,1591,1664,SE
1175211.257,X_LEG_2,7.15,22.58,1.86,1,1590,1664,SE
1175211.277,X_LEG_2,7.15,22.58,1.86,1,1590,1664,SE
1175211.297,X_LEG_2,7.15,22.58,1.86,1,1590,1664,SE
1175211.317,X_LEG_2,7.15,22.58,1.86,1,1590,1664,SE
1175211.338,X_LEG_2,7.15,22.58,1.86,1,1590,1664,SE
1175211.359,X_LEG_2,7.05,22.50,1.89,1,1590,1664,SE
1175211.379,X_LEG_2,7.05,22.50,1.89,1,1590,1664,SE
1175211.399,X_LEG_2,7.05,22.50,1.89,1,1590,1664,SE
1175211.420,X_LEG_2,7.05,22.50,1.89,1,1590,1664,SE
1175211.440,X_LEG_2,7.05,22.50,1.89,1,1590,1664,SE
1175211.461,X_LEG_2,6.96,22.42,1.91,1,1590,1665,SE
1175211.481,X_LEG_2,6.96,22.42,1.91,1,1590,1665,SE
1175211.501,X_LEG_2,6.96,22.42,1.91,1,1590,1665,SE
1175211.522,X_LEG_2,6.96,22.42,1.91,1,1590,1665,SE
1175211.542,X_LEG_2,6.96,22.42,1.91,1,1590,1665,SE
1175211.562,X_LEG_2,6.87,22.34,1.94,1,1589,1665,SE
1175211.582,X_LEG_2,6.87,22.34,1.94,1,1589,1665,SE
1175211.603,X_LEG_2,6.87,22.34,1.94,1,1589,1665,SE
1175211.623,X_LEG_2,6.87,22.34,1.94,1,1589,1665,SE
1175211.644,X_LEG_2,6.87,22.34,1.94,1,1589,1665,SE
1175211.664,X_LEG_2,6.78,22.26,1.98,1,1589,1665,SE
1175211.685,X_LEG_2,6.78,22.26,1.98,1,1589,1665,SE
1175211.705,X_LEG_2,6.78,22.26,1.98,1,1589,1665,SE
1175211.726,X_LEG_2,6.78,22.26,1.98,1,1589,1665,SE
1175211.747,X_LEG_2,6.78,22.26,1.98,1,1589,1665,SE
1175211.767,X_LEG_2,6.69,22.20,2.01,1,1589,1665,SE
1175211.788,X_LEG_2,6.69,22.20,2.01,1,1589,1665,SE
1175211.808,X_LEG_2,6.69,22.20,2.01,1,1589,1665,SE
1175211.828,X_LEG_2,6.69,22.20,2.01,1,1589,1665,SE
1175211.849,X_LEG_2,6.69,22.20,2.01,1,1589,1665,SE
1175211.869,X_LEG_2,6.60,22.12,2.05,1,1588,1666,SE
1175211.890,X_LEG_2,6.60,22.12,2.05,1,1588,1666,SE
1175211.910,X_LEG_2,6.60,22.12,2.05,1,1588,1666,SE
1175211.931,X_LEG_2,6.60,22.12,2.05,1,1588,1666,SE
1175211.951,X_LEG_2,6.60,22.12,2.05,1,1588,1666,SE
1175211.972,X_LEG_2,6.51,22.04,2.09,1,1588,1666,SE
1175211.992,X_LEG_2,6.51,22.04,2.09,1,1588,1666,SE
1175212.013,X_LEG_2,6.51,22.04,2.09,1,1588,1666,SE
1175212.033,X_LEG_2,6.51,22.04,2.09,1,1588,1666,SE
1175212.054,X_LEG_2,6.51,22.04,2.09,1,1588,1666,SE
1175212.075,X_LEG_2,6.42,21.96,1.10,1,1588,1666,SE
1175212.095,X_LEG_2,6.42,21.96,1.10,1,1588,1666,SE
1175212.115,X_LEG_2,6.42,21.96,1.10,1,1588,1666,SE
1175212.136,X_LEG_2,6.42,21.96,1.10,1,1588,1666,SE
1175212.156,X_LEG_2,6.42,21.96,1.10,1,1588,1666,SE
1175212.176,X_LEG_2,6.33,21.88,1.14,1,1588,1667,SE
1175212.197,X_LEG_2,6.33,21.88,1.14,1,1588,1667,SE
1175212.217,X_LEG_2,6.33,21.88,1.14,1,1588,1667,SE
1175212.237,X_LEG_2,6.33,21.88,1.14,1,1588,1667,SE
1175212.257,X_LEG_2,6.33,21.88,1.14,1,1588,1667,SE
1175212.278,X_LEG_2,6.23,21.82,1.18,1,1587,1667,SE
1175212.298,X_LEG_2,6.23,21.82,1.18,1,1587,1667,SE
1175212.319,X_LEG_2,6.23,21.82,1.18,1,1587,1667,SE
1175212.339,X_LEG_2,6.23,21.82,1.18,1,1587,1667,SE
1175212.360,X_LEG_2,6.23,21.82,1.18,1,1587,1667,SE
1175212.380,X_LEG_2,6.15,21.74,1.21,1,1587,1667,SE
1175212.401,X_LEG_2,6.15,21.74,1.21,1,1587,1667,SE
1175212.421,X_LEG_2,6.15,21.74,1.21,1,1587,1667,SE
1175212.442,X_LEG_2,6.15,21.74,1.21,1,1587,1667,SE
1175212.462,X_LEG_2,6.15,21.74,1.21,1,1587,1667,SE
1175212.484,X_LEG_2,6.15,21.74,1.21,1,1587,1667,SE
1175212.504,X_LEG_2,6.15,21.74,1.21,1,1587,1667,SE
1175212.524,X_LEG_2,6.15,21.74,1.21,1,1587,1667,SE
1175212.545,X_LEG_2,6.15,21.74,1.21,1,1587,1667,SE
1175212.567,X_LEG_2,6.15,21.74,1.21,1,1587,1667,SE
1175212.588,X_LEG_2,6.05,21.66,1.23,1,1587,1667,SE
1175212.608,X_LEG_2,6.05,21.66,1.23,1,1587,1667,SE
1175212.629,X_LEG_2,6.05,21.66,1.23,1,1587,1667,SE
1175212.649,X_LEG_2,6.05,21.66,1.23,1,1587,1667,SE
1175212.670,X_LEG_2,6.05,21.66,1.23,1,1587,1667,SE
1175212.690,X_LEG_2,5.97,21.59,1.27,1,1586,1668,SE
1175212.711,X_LEG_2,5.97,21.59,1.27,1,1586,1668,SE
1175212.731,X_LEG_2,5.97,21.59,1.27,1,1586,1668,SE
1175212.752,X_LEG_2,5.97,21.59,1.27,1,1586,1668,SE
1175212.772,X_LEG_2,5.97,21.59,1.27,1,1586,1668,SE
1175212.793,X_LEG_2,5.88,21.51,1.31,1,1586,1668,SE
1175212.813,X_LEG_2,5.88,21.51,1.31,1,1586,1668,SE
1175212.834,X_LEG_2,5.88,21.51,1.31,1,1586,1668,SE
1175212.854,X_LEG_2,5.88,21.51,1.31,1,1586,1668,SE
1175212.874,X_LEG_2,5.88,21.51,1.31,1,1586,1668,SE
1175212.894,X_LEG_2,5.79,21.44,1.34,1,1586,1668,SE
1175212.915,X_LEG_2,5.79,21.44,1.34,1,1586,1668,SE
1175212.936,X_LEG_2,5.79,21.44,1.34,1,1586,1668,SE
1175212.956,X_LEG_2,5.79,21.44,1.34,1,1586,1668,SE
1175212.977,X_LEG_2,5.79,21.44,1.34,1,1586,1668,SE
1175212.997,X_LEG_2,5.70,21.37,1.36,1,1585,1668,SE
1175213.018,X_LEG_2,5.70,21.37,1.36,1,1585,1668,SE
1175213.038,X_LEG_2,5.70,21.37,1.36,1,1585,1668,SE
1175213.059,X_LEG_2,5.70,21.37,1.36,1,1585,1668,SE
1175213.079,X_LEG_2,5.70,21.37,1.36,1,1585,1668,SE
1175213.099,X_LEG_2,5.61,21.29,1.40,1,1585,1669,SE
1175213.120,X_LEG_2,5.61,21.29,1.40,1,1585,1669,SE
1175213.140,X_LEG_2,5.61,21.29,1.40,1,1585,1669,SE
1175213.161,X_LEG_2,5.61,21.29,1.40,1,1585,1669,SE
1175213.182,X_LEG_2,5.61,21.29,1.40,1,1585,1669,SE
1175213.202,X_LEG_2,5.52,21.22,1.44,1,1585,1669,SE
1175213.222,X_LEG_2,5.52,21.22,1.44,1,1585,1669,SE
1175213.242,X_LEG_2,5.52,21.22,1.44,1,1585,1669,SE
1175213.263,X_LEG_2,5.52,21.22,1.44,1,1585,1669,SE
1175213.283,X_LEG_2,5.52,21.22,1.44,1,1585,1669,SE
1175213.303,X_LEG_2,5.43,21.15,1.46,1,1585,1669,SE
1175213.324,X_LEG_2,5.43,21.15,1.46,1,1585,1669,SE
1175213.344,X_LEG_2,5.43,21.15,1.46,1,1585,1669,SE
1175213.365,X_LEG_2,5.43,21.15,1.46,1,1585,1669,SE
1175213.385,X_LEG_2,5.43,21.15,1.46,1,1585,1669,SE
1175213.405,X_LEG_2,5.35,21.08,1.50,1,1584,1669,SE
1175213.426,X_LEG_2,5.35,21.08,1.50,1,1584,1669,SE
1175213.447,X_LEG_2,5.35,21.08,1.50,1,1584,1669,SE
1175213.467,X_LEG_2,5.35,21.08,1.50,1,1584,1669,SE
1175213.488,X_LEG_2,5.35,21.08,1.50,1,1584,1669,SE
1175213.508,X_LEG_2,5.26,21.00,1.54,1,1584,1670,SE
1175213.528,X_LEG_2,5.26,21.00,1.54,1,1584,1670,SE
1175213.549,X_LEG_2,5.26,21.00,1.54,1,1584,1670,SE
1175213.569,X_LEG_2,5.26,21.00,1.54,1,1584,1670,SE
1175213.590,X_LEG_2,5.26,21.00,1.54,1,1584,1670,SE
1175213.610,X_LEG_2,5.17,20.93,1.56,1,1584,1670,SE
1175213.631,X_LEG_2,5.17,20.93,1.56,1,1584,1670,SE
1175213.651,X_LEG_2,5.17,20.93,1.56,1,1584,1670,SE
1175213.672,X_LEG_2,5.17,20.93,1.56,1,1584,1670,SE
1175213.692,X_LEG_2,5.17,20.93,1.56,1,1584,1670,SE
1175213.713,X_LEG_2,5.09,20.87,1.60,1,1583,1670,SE
1175213.734,X_LEG_2,5.09,20.87,1.60,1,1583,1670,SE
1175213.754,X_LEG_2,5.09,20.87,1.60,1,1583,1670,SE
1175213.775,X_LEG_2,5.09,20.87,1.60,1,1583,1670,SE
1175213.796,X_LEG_2,5.09,20.87,1.60,1,1583,1670,SE
1175213.816,X_LEG_2,5.09,20.87,1.60,1,1583,1670,SE
1175213.837,X_LEG_2,5.09,20.87,1.60,1,1583,1670,SE
1175213.857,X_LEG_2,5.09,20.87,1.60,1,1583,1670,SE
1175213.878,X_LEG_2,5.09,20.87,1.60,1,1583,1670,SE
1175213.899,X_LEG_2,5.09,20.87,1.60,1,1583,1670,SE
1175213.919,X_LEG_2,5.00,20.79,1.64,1,1583,1671,SE
1175213.939,X_LEG_2,5.00,20.79,1.64,1,1583,1671,SE
1175213.960,X_LEG_2,5.00,20.79,1.64,1,1583,1671,SE
1175213.981,X_LEG_2,5.00,20.79,1.64,1,1583,1671,SE
1175214.001,X_LEG_2,5.00,20.79,1.64,1,1583,1671,SE
1175214.022,X_LEG_2,4.91,20.72,1.66,1,1583,1671,SE
1175214.043,X_LEG_2,4.91,20.72,1.66,1,1583,1671,SE
1175214.063,X_LEG_2,4.91,20.72,1.66,1,1583,1671,SE
1175214.084,X_LEG_2,4.91,20.72,1.66,1,1583,1671,SE
1175214.104,X_LEG_2,4.91,20.72,1.66,1,1583,1671,SE
1175214.124,X_LEG_2,4.83,20.64,1.70,1,1583,1671,SE
1175214.145,X_LEG_2,4.83,20.64,1.70,1,1583,1671,SE
1175214.165,X_LEG_2,4.83,20.64,1.70,1,1583,1671,SE
1175214.186,X_LEG_2,4.83,20.64,1.70,1,1583,1671,SE
1175214.206,X_LEG_2,4.83,20.64,1.70,1,1583,1671,SE
1175214.227,X_LEG_2,4.74,20.58,1.74,1,1582,1671,SE
1175214.247,X_LEG_2,4.74,20.58,1.74,1,1582,1671,SE
1175214.268,X_LEG_2,4.74,20.58,1.74,1,1582,1671,SE
1175214.288,X_LEG_2,4.74,20.58,1.74,1,1582,1671,SE
1175214.309,X_LEG_2,4.74,20.58,1.74,1,1582,1671,SE
1175214.330,X_LEG_2,4.66,20.51,1.76,1,1582,1672,SE
1175214.351,X_LEG_2,4.66,20.51,1.76,1,1582,1672,SE
1175214.371,X_LEG_2,4.66,20.51,1.76,1,1582,1672,SE
1175214.391,X_LEG_2,4.66,20.51,1.76,1,1582,1672,SE
1175214.412,X_LEG_2,4.66,20.51,1.76,1,1582,1672,SE
1175214.432,X_LEG_2,4.57,20.44,1.80,1,1582,1672,SE
1175214.453,X_LEG_2,4.57,20.44,1.80,1,1582,1672,SE
1175214.473,X_LEG_2,4.57,20.44,1.80,1,1582,1672,SE
1175214.494,X_LEG_2,4.57,20.44,1.80,1,1582,1672,SE
1175214.514,X_LEG_2,4.57,20.44,1.80,1,1582,1672,SE
1175214.534,X_LEG_2,4.49,20.36,1.82,1,1581,1672,SE
1175214.555,X_LEG_2,4.49,20.36,1.82,1,1581,1672,SE
1175214.575,X_LEG_2,4.49,20.36,1.82,1,1581,1672,SE
1175214.596,X_LEG_2,4.49,20.36,1.82,1,1581,1672,SE
1175214.616,X_LEG_2,4.49,20.36,1.82,1,1581,1672,SE
1175214.637,X_LEG_2,4.40,20.30,1.86,1,1581,1672,SE
1175214.657,X_LEG_2,4.40,20.30,1.86,1,1581,1672,SE
1175214.677,X_LEG_2,4.40,20.30,1.86,1,1581,1672,SE
1175214.698,X_LEG_2,4.40,20.30,1.86,1,1581,1672,SE
1175214.719,X_LEG_2,4.40,20.30,1.86,1,1581,1672,SE
1175214.739,X_LEG_2,4.32,20.23,1.91,1,1581,1673,SE
1175214.759,X_LEG_2,4.32,20.23,1.91,1,1581,1673,SE
1175214.780,X_LEG_2,4.32,20.23,1.91,1,1581,1673,SE
1175214.800,X_LEG_2,4.32,20.23,1.91,1,1581,1673,SE
1175214.821,X_LEG_2,4.32,20.23,1.91,1,1581,1673,SE
1175214.842,X_LEG_2,4.24,20.16,1.93,1,1581,1673,SE
1175214.862,X_LEG_2,4.24,20.16,1.93,1,1581,1673,SE
1175214.882,X_LEG_2,4.24,20.16,1.93,1,1581,1673,SE
1175214.903,X_LEG_2,4.24,20.16,1.93,1,1581,1673,SE
1175214.923,X_LEG_2,4.24,20.16,1.93,1,1581,1673,SE
1175214.943,X_LEG_2,4.15,20.10,1.97,1,1580,1673,SE
1175214.964,X_LEG_2,4.15,20.10,1.97,1,1580,1673,SE
1175214.984,X_LEG_2,4.15,20.10,1.97,1,1580,1673,SE
1175215.004,X_LEG_2,4.15,20.10,1.97,1,1580,1673,SE
1175215.025,X_LEG_2,4.15,20.10,1.97,1,1580,1673,SE
1175215.045,X_LEG_2,4.07,20.02,1.99,1,1580,1673,SE
1175215.066,X_LEG_2,4.07,20.02,1.99,1,1580,1673,SE
1175215.087,X_LEG_2,4.07,20.02,1.99,1,1580,1673,SE
1175215.107,X_LEG_2,4.07,20.02,1.99,1,1580,1673,SE
1175215.128,X_LEG_2,4.07,20.02,1.99,1,1580,1673,SE
1175215.148,X_LEG_2,3.99,19.95,2.04,1,1580,1674,SE
1175215.169,X_LEG_2,3.99,19.95,2.04,1,1580,1674,SE
1175215.189,X_LEG_2,3.99,19.95,2.04,1,1580,1674,SE
1175215.209,X_LEG_2,3.99,19.95,2.04,1,1580,1674,SE
1175215.231,X_LEG_2,3.99,19.95,2.04,1,1580,1674,SE
1175215.251,X_LEG_2,3.99,19.95,2.04,1,1580,1674,SE
1175215.272,X_LEG_2,3.99,19.95,2.04,1,1580,1674,SE
1175215.292,X_LEG_2,3.99,19.95,2.04,1,1580,1674,SE
1175215.313,X_LEG_2,3.99,19.95,2.04,1,1580,1674,SE
1175215.333,X_LEG_2,3.99,19.95,2.04,1,1580,1674,SE
1175215.353,X_LEG_2,3.91,19.88,1.06,1,1580,1674,SE
1175215.374,X_LEG_2,3.91,19.88,1.06,1,1580,1674,SE
1175215.394,X_LEG_2,3.91,19.88,1.06,1,1580,1674,SE
1175215.415,X_LEG_2,3.91,19.88,1.06,1,1580,1674,SE
1175215.435,X_LEG_2,3.91,19.88,1.06,1,1580,1674,SE
1175215.456,X_LEG_2,3.83,19.82,1.10,1,1579,1674,SE
1175215.476,X_LEG_2,3.83,19.82,1.10,1,1579,1674,SE
1175215.496,X_LEG_2,3.83,19.82,1.10,1,1579,1674,SE
1175215.517,X_LEG_2,3.83,19.82,1.10,1,1579,1674,SE
1175215.537,X_LEG_2,3.83,19.82,1.10,1,1579,1674,SE
1175215.558,X_LEG_2,3.75,19.75,1.12,1,1579,1674,SE
1175215.579,X_LEG_2,3.75,19.75,1.12,1,1579,1674,SE
1175215.599,X_LEG_2,3.75,19.75,1.12,1,1579,1674,SE
1175215.619,X_LEG_2,3.75,19.75,1.12,1,1579,1674,SE
1175215.640,X_LEG_2,3.75,19.75,1.12,1,1579,1674,SE
1175215.660,X_LEG_2,3.63,19.65,1.19,1,1579,1675,SE
1175215.681,X_LEG_2,3.63,19.65,1.19,1,1579,1675,SE
1175215.701,X_LEG_2,3.63,19.65,1.19,1,1579,1675,SE
1175215.722,X_LEG_2,3.63,19.65,1.19,1,1579,1675,SE
1175215.742,X_LEG_2,3.63,19.65,1.19,1,1579,1675,SE
1175215.763,X_LEG_2,3.55,19.58,1.21,1,1578,1675,SE
1175215.783,X_LEG_2,3.55,19.58,1.21,1,1578,1675,SE
1175215.804,X_LEG_2,3.55,19.58,1.21,1,1578,1675,SE
1175215.825,X_LEG_2,3.55,19.58,1.21,1,1578,1675,SE
1175215.845,X_LEG_2,3.55,19.58,1.21,1,1578,1675,SE
1175215.866,X_LEG_2,3.47,19.52,1.26,1,1578,1675,SE
1175215.886,X_LEG_2,3.47,19.52,1.26,1,1578,1675,SE
1175215.907,X_LEG_2,3.47,19.52,1.26,1,1578,1675,SE
1175215.927,X_LEG_2,3.47,19.52,1.26,1,1578,1675,SE
1175215.948,X_LEG_2,3.47,19.52,1.26,1,1578,1675,SE
1175215.968,X_LEG_2,3.39,19.45,1.28,1,1578,1675,SE
1175215.988,X_LEG_2,3.39,19.45,1.28,1,1578,1675,SE
1175216.009,X_LEG_2,3.39,19.45,1.28,1,1578,1675,SE
1175216.029,X_LEG_2,3.39,19.45,1.28,1,1578,1675,SE
1175216.050,X_LEG_2,3.39,19.45,1.28,1,1578,1675,SE
1175216.070,X_LEG_2,3.31,19.38,1.30,1,1578,1676,SE
1175216.091,X_LEG_2,3.31,19.38,1.30,1,1578,1676,SE
1175216.111,X_LEG_2,3.31,19.38,1.30,1,1578,1676,SE
1175216.132,X_LEG_2,3.31,19.38,1.30,1,1578,1676,SE
1175216.152,X_LEG_2,3.31,19.38,1.30,1,1578,1676,SE
1175216.172,X_LEG_2,3.31,19.38,1.30,1,1578,1676,SE
1175216.193,X_LEG_2,3.31,19.38,1.30,1,1578,1676,SE
1175216.213,X_LEG_2,3.31,19.38,1.30,1,1578,1676,SE
1175216.234,X_LEG_2,3.31,19.38,1.30,1,1578,1676,SE
1175216.254,X_LEG_2,3.31,19.38,1.30,1,1578,1676,SE
1175216.275,X_LEG_2,3.23,19.33,1.35,1,1577,1676,SE
1175216.295,X_LEG_2,3.23,19.33,1.35,1,1577,1676,SE
1175216.316,X_LEG_2,3.23,19.33,1.35,1,1577,1676,SE
1175216.336,X_LEG_2,3.23,19.33,1.35,1,1577,1676,SE
1175216.357,X_LEG_2,3.23,19.33,1.35,1,1577,1676,SE
1175216.377,X_LEG_2,3.15,19.26,1.37,1,1577,1676,SE
1175216.398,X_LEG_2,3.15,19.26,1.37,1,1577,1676,SE
1175216.419,X_LEG_2,3.15,19.26,1.37,1,1577,1676,SE
1175216.439,X_LEG_2,3.15,19.26,1.37,1,1577,1676,SE
1175216.459,X_LEG_2,3.15,19.26,1.37,1,1577,1676,SE
1175216.480,X_LEG_2,3.08,19.19,1.42,1,1577,1676,SE
1175216.500,X_LEG_2,3.08,19.19,1.42,1,1577,1676,SE
1175216.521,X_LEG_2,3.08,19.19,1.42,1,1577,1676,SE
1175216.541,X_LEG_2,3.08,19.19,1.42,1,1577,1676,SE
1175216.561,X_LEG_2,3.08,19.19,1.42,1,1577,1676,SE
1175216.582,X_LEG_2,2.96,19.09,1.47,1,1576,1677,SE
1175216.602,X_LEG_2,2.96,19.09,1.47,1,1576,1677,SE
1175216.623,X_LEG_2,2.96,19.09,1.47,1,1576,1677,SE
1175216.643,X_LEG_2,2.96,19.09,1.47,1,1576,1677,SE
1175216.664,X_LEG_2,2.96,19.09,1.47,1,1576,1677,SE
1175216.685,X_LEG_2,2.89,19.03,1.49,1,1576,1677,SE
1175216.705,X_LEG_2,2.89,19.03,1.49,1,1576,1677,SE
1175216.726,X_LEG_2,2.89,19.03,1.49,1,1576,1677,SE
1175216.746,X_LEG_2,2.89,19.03,1.49,1,1576,1677,SE
1175216.767,X_LEG_2,2.89,19.03,1.49,1,1576,1677,SE
1175216.787,X_LEG_2,2.81,18.96,1.54,1,1576,1677,SE
1175216.807,X_LEG_2,2.81,18.96,1.54,1,1576,1677,SE
1175216.828,X_LEG_2,2.81,18.96,1.54,1,1576,1677,SE
1175216.849,X_LEG_2,2.81,18.96,1.54,1,1576,1677,SE
1175216.869,X_LEG_2,2.81,18.96,1.54,1,1576,1677,SE
1175216.889,X_LEG_2,2.74,18.90,1.56,1,1576,1677,SE
1175216.910,X_LEG_2,2.74,18.90,1.56,1,1576,1677,SE
1175216.930,X_LEG_2,2.74,18.90,1.56,1,1576,1677,SE
1175216.951,X_LEG_2,2.74,18.90,1.56,1,1576,1677,SE
1175216.972,X_LEG_2,2.74,18.90,1.56,1,1576,1677,SE
1175216.992,X_LEG_2,2.71,18.89,-0.44,1,1576,1677,SE
1175217.013,X_LEG_2,2.71,18.89,-0.44,1,1576,1677,SE
1175217.034,X_LEG_2,2.71,18.89,-0.44,1,1576,1677,SE
1175217.054,X_LEG_2,2.71,18.89,-0.44,1,1576,1677,SE
1175217.074,X_LEG_2,2.71,18.89,-0.44,1,1576,1677,SE
1175217.095,X_LEG_2,2.71,18.89,-0.44,1,1576,1677,SE
1175217.116,X_LEG_2,2.71,18.89,-0.44,1,1576,1677,SE
1175217.136,X_LEG_2,2.71,18.89,-0.44,1,1576,1677,SE
1175217.157,X_LEG_2,2.71,18.89,-0.44,1,1576,1677,SE
1175217.177,X_LEG_2,2.71,18.89,-0.44,1,1576,1677,SE
1175217.198,X_LEG_2,2.68,18.89,-0.44,1,1576,1677,SE
1175217.218,X_LEG_2,2.68,18.89,-0.44,1,1576,1677,SE
1175217.239,X_LEG_2,2.68,18.89,-0.44,1,1576,1677,SE
1175217.259,X_LEG_2,2.68,18.89,-0.44,1,1576,1677,SE
1175217.279,X_LEG_2,2.68,18.89,-0.44,1,1576,1677,SE
1175217.300,X_LEG_2,2.67,18.89,-0.44,1,1576,1677,SE
1175217.321,X_LEG_2,2.67,18.89,-0.44,1,1576,1677,SE
1175217.341,X_LEG_2,2.67,18.89,-0.44,1,1576,1677,SE
1175217.361,X_LEG_2,2.67,18.89,-0.44,1,1576,1677,SE
1175217.382,X_LEG_2,2.67,18.89,-0.44,1,1576,1677,SE
1175217.402,X_LEG_2,2.66,18.90,-0.41,1,1576,1678,SE
1175217.423,X_LEG_2,2.66,18.90,-0.41,1,1576,1678,SE
1175217.443,X_LEG_2,2.66,18.90,-0.41,1,1576,1678,SE
1175217.464,X_LEG_2,2.66,18.90,-0.41,1,1576,1678,SE
1175217.484,X_LEG_2,2.66,18.90,-0.41,1,1576,1678,SE
1175217.504,X_LEG_2,2.66,18.90,3.59,1,1576,1678,SE
1175217.524,X_LEG_2,2.66,18.90,3.59,1,1576,1678,SE
1175217.545,X_LEG_2,2.66,18.90,3.59,1,1576,1678,SE
1175217.565,X_LEG_2,2.66,18.90,3.59,1,1576,1678,SE
1175217.586,X_LEG_2,2.66,18.90,3.59,1,1576,1678,SE
1175217.607,X_LEG_2,2.64,18.90,3.59,1,1576,1678,SE
1175217.627,X_LEG_2,2.64,18.90,3.59,1,1576,1678,SE
1175217.648,X_LEG_2,2.64,18.90,3.59,1,1576,1678,SE
1175217.668,X_LEG_2,2.64,18.90,3.59,1,1576,1678,SE
1175217.689,X_LEG_2,2.64,18.90,3.59,1,1576,1678,SE
1175217.709,X_LEG_2,2.63,18.93,3.56,1,1576,1678,SE
1175217.729,X_LEG_2,2.63,18.93,3.56,1,1576,1678,SE
1175217.750,X_LEG_2,2.63,18.93,3.56,1,1576,1678,SE
1175217.770,X_LEG_2,2.63,18.93,3.56,1,1576,1678,SE
1175217.791,X_LEG_2,2.63,18.93,3.56,1,1576,1678,SE
1175217.812,X_LEG_2,2.63,18.94,3.56,1,1576,1678,SE
1175217.832,X_LEG_2,2.63,18.94,3.56,1,1576,1678,SE
1175217.853,X_LEG_2,2.63,18.94,3.56,1,1576,1678,SE
1175217.873,X_LEG_2,2.63,18.94,3.56,1,1576,1678,SE
1175217.893,X_LEG_2,2.63,18.94,3.56,1,1576,1678,SE
1175217.914,X_LEG_2,2.62,18.91,3.59,1,1576,1678,SE
1175217.935,X_LEG_2,2.62,18.91,3.59,1,1576,1678,SE
1175217.955,X_LEG_2,2.62,18.91,3.59,1,1576,1678,SE
1175217.976,X_LEG_2,2.62,18.91,3.59,1,1576,1678,SE
1175217.996,X_LEG_2,2.62,18.91,3.59,1,1576,1678,SE
1175218.017,X_LEG_2,2.61,18.89,-3.39,1,1576,1678,SE
1175218.037,X_LEG_2,2.61,18.89,-3.39,1,1576,1678,SE
1175218.058,X_LEG_2,2.61,18.89,-3.39,1,1576,1678,SE
1175218.078,X_LEG_2,2.61,18.89,-3.39,1,1576,1678,SE
1175218.099,X_LEG_2,2.61,18.89,-3.39,1,1576,1678,SE
1175218.119,X_LEG_2,2.61,18.89,-3.39,1,1576,1678,SE
1175218.140,X_LEG_2,2.61,18.89,-3.39,1,1576,1678,SE
1175218.160,X_LEG_2,2.61,18.89,-3.39,1,1576,1678,SE
1175218.180,X_LEG_2,2.61,18.89,-3.39,1,1576,1678,SE
1175218.201,X_LEG_2,2.61,18.89,-3.39,1,1576,1678,SE
1175218.222,X_LEG_2,2.59,18.86,-3.34,1,1575,1678,SE
1175218.242,X_LEG_2,2.59,18.86,-3.34,1,1575,1678,SE
1175218.263,X_LEG_2,2.59,18.86,-3.34,1,1575,1678,SE
1175218.283,X_LEG_2,2.59,18.86,-3.34,1,1575,1678,SE
1175218.304,X_LEG_2,2.59,18.86,-3.34,1,1575,1678,SE
1175218.324,X_LEG_2,2.59,18.86,-3.28,1,1575,1678,SE
1175218.344,X_LEG_2,2.59,18.86,-3.28,1,1575,1678,SE
1175218.365,X_LEG_2,2.59,18.86,-3.28,1,1575,1678,SE
1175218.386,X_LEG_2,2.59,18.86,-3.28,1,1575,1678,SE
1175218.406,X_LEG_2,2.59,18.86,-3.28,1,1575,1678,SE
1175218.427,X_LEG_2,2.59,18.86,-3.28,1,1575,1678,SE
1175218.447,X_LEG_2,2.59,18.86,-3.28,1,1575,1678,SE
1175218.468,X_LEG_2,2.59,18.86,-3.28,1,1575,1678,SE
1175218.488,X_LEG_2,2.59,18.86,-3.28,1,1575,1678,SE
1175218.509,X_LEG_2,2.59,18.86,-3.28,1,1575,1678,SE
1175218.529,X_LEG_2,2.56,18.86,27.97,0,1500,1678,SE
1175218.550,X_LEG_2,2.56,18.86,27.97,0,1500,1678,SE
1175218.570,X_LEG_2,2.56,18.86,27.97,0,1500,1678,SE
1175218.591,X_LEG_2,2.56,18.86,27.97,0,1500,1678,SE
1175218.611,X_LEG_2,2.56,18.86,27.97,0,1500,1678,SE
1175218.632,X_LEG_2,2.56,18.86,27.97,0,1500,1678,SE
1175218.652,X_LEG_2,2.56,18.86,27.97,0,1500,1678,SE
1175218.672,X_LEG_2,2.56,18.86,27.97,0,1500,1678,SE
1175218.693,X_LEG_2,2.56,18.86,27.97,0,1500,1678,SE
1175218.713,X_LEG_2,2.56,18.86,27.97,0,1500,1678,SE
1175218.734,X_LEG_2,2.57,18.86,28.10,0,1500,1678,SE
1175218.754,X_LEG_2,2.57,18.86,28.10,0,1500,1678,SE
1175218.775,X_LEG_2,2.57,18.86,28.10,0,1500,1678,SE
1175218.795,X_LEG_2,2.57,18.86,28.10,0,1500,1678,SE
1175218.816,X_LEG_2,2.57,18.86,28.10,0,1500,1678,SE
1175218.836,X_LEG_2,2.57,18.86,28.17,0,1500,1678,SE
1175218.858,X_LEG_2,2.57,18.86,28.17,0,1500,1678,SE
1175218.878,X_LEG_2,2.57,18.86,28.17,0,1500,1678,SE
1175218.898,X_LEG_2,2.57,18.86,28.17,0,1500,1678,SE
1175218.919,X_LEG_2,2.57,18.86,28.17,0,1500,1678,SE
1175218.939,X_LEG_2,2.59,18.86,28.25,0,1500,1678,SE
1175218.960,X_LEG_2,2.59,18.86,28.25,0,1500,1678,SE
1175218.981,X_LEG_2,2.59,18.86,28.25,0,1500,1678,SE
1175219.001,X_LEG_2,2.59,18.86,28.25,0,1500,1678,SE
1175219.022,X_LEG_2,2.59,18.86,28.25,0,1500,1678,SE
1175219.042,X_LEG_2,2.59,18.86,21.25,1,1575,1678,SE
1175219.062,X_LEG_2,2.59,18.86,21.25,1,1575,1678,SE
1175219.083,X_LEG_2,2.59,18.86,21.25,1,1575,1678,SE
1175219.103,X_LEG_2,2.59,18.86,21.25,1,1575,1678,SE
1175219.124,X_LEG_2,2.59,18.86,21.25,1,1575,1678,SE
1175219.144,X_LEG_2,2.62,18.87,21.35,1,1575,1678,SE
1175219.165,X_LEG_2,2.62,18.87,21.35,1,1575,1678,SE
1175219.187,X_LEG_2,2.62,18.87,21.35,1,1575,1678,SE
1175219.207,X_LEG_2,2.62,18.87,21.35,1,1575,1678,SE
1175219.228,X_LEG_2,2.62,18.87,21.35,1,1575,1678,SE
1175219.249,X_LEG_2,2.63,18.87,21.37,1,1575,1678,SE
1175219.269,X_LEG_2,2.63,18.87,21.37,1,1575,1678,SE
1175219.290,X_LEG_2,2.63,18.87,21.37,1,1575,1678,SE
1175219.310,X_LEG_2,2.63,18.87,21.37,1,1575,1678,SE
1175219.331,X_LEG_2,2.63,18.87,21.37,1,1575,1678,SE
1175219.353,X_LEG_2,2.63,18.89,21.42,1,1576,1678,SE
1175219.374,X_LEG_2,2.63,18.89,21.42,1,1576,1678,SE
1175219.397,X_LEG_2,2.63,18.89,21.42,1,1576,1678,SE
1175219.419,X_LEG_2,2.63,18.89,21.42,1,1576,1678,SE
1175219.440,X_LEG_2,2.63,18.89,21.42,1,1576,1678,SE
1175219.460,X_LEG_2,2.62,18.90,21.45,1,1576,1678,SE
1175219.481,X_LEG_2,2.62,18.90,21.45,1,1576,1678,SE
1175219.502,X_LEG_2,2.62,18.90,21.45,1,1576,1678,SE
1175219.522,X_LEG_2,2.62,18.90,21.45,1,1576,1678,SE
1175219.543,X_LEG_2,2.62,18.90,21.45,1,1576,1678,SE
1175219.563,X_LEG_2,2.61,18.91,21.50,1,1576,1678,SE
1175219.583,X_LEG_2,2.61,18.91,21.50,1,1576,1678,SE
1175219.604,X_LEG_2,2.61,18.91,21.50,1,1576,1678,SE
1175219.625,X_LEG_2,2.61,18.91,21.50,1,1576,1678,SE
1175219.646,X_LEG_2,2.61,18.91,21.50,1,1576,1678,SE
1175219.666,X_LEG_2,2.61,18.91,21.50,1,1576,1678,SE
1175219.687,X_LEG_2,2.61,18.91,21.50,1,1576,1678,SE
1175219.707,X_LEG_2,2.61,18.91,21.50,1,1576,1678,SE
1175219.728,X_LEG_2,2.61,18.91,21.50,1,1576,1678,SE
1175219.749,X_LEG_2,2.61,18.91,21.50,1,1576,1678,SE
1175219.769,X_LEG_2,2.61,18.91,30.50,0,1500,1678,SE
1175219.790,X_LEG_2,2.61,18.91,30.50,0,1500,1678,SE
1175219.810,X_LEG_2,2.61,18.91,30.50,0,1500,1678,SE
1175219.830,X_LEG_2,2.61,18.91,30.50,0,1500,1678,SE
1175219.851,X_LEG_2,2.61,18.91,30.50,0,1500,1678,SE
1175219.874,X_LEG_2,2.61,18.93,30.52,0,1500,1678,SE
1175219.895,X_LEG_2,2.61,18.93,30.52,0,1500,1678,SE
1175219.915,X_LEG_2,2.61,18.93,30.52,0,1500,1678,SE
1175219.936,X_LEG_2,2.61,18.93,30.52,0,1500,1678,SE
1175219.956,X_LEG_2,2.61,18.93,30.52,0,1500,1678,SE
1175219.976,X_LEG_2,2.61,18.94,30.52,0,1500,1678,SE
1175219.998,X_LEG_2,2.61,18.94,30.52,0,1500,1678,SE
1175220.018,X_LEG_2,2.61,18.94,30.52,0,1500,1678,SE
1175220.038,X_LEG_2,2.61,18.94,30.52,0,1500,1678,SE
1175220.059,X_LEG_2,2.61,18.94,30.52,0,1500,1678,SE
1175220.079,X_LEG_2,2.61,18.95,30.52,0,1500,1678,SE
1175220.100,X_LEG_2,2.61,18.95,30.52,0,1500,1678,SE
1175220.120,X_LEG_2,2.61,18.95,30.52,0,1500,1678,SE
1175220.141,X_LEG_2,2.61,18.95,30.52,0,1500,1678,SE
1175220.161,X_LEG_2,2.61,18.95,30.52,0,1500,1678,SE
1175220.181,X_LEG_2,2.61,18.95,30.50,0,1500,1678,SE
1175220.202,X_LEG_2,2.61,18.95,30.50,0,1500,1678,SE
1175220.222,X_LEG_2,2.61,18.95,30.50,0,1500,1678,SE
1175220.243,X_LEG_2,2.61,18.95,30.50,0,1500,1678,SE
1175220.263,X_LEG_2,2.61,18.95,30.50,0,1500,1678,SE
1175220.284,X_LEG_2,2.61,18.95,30.50,0,1500,1678,SE
1175220.305,X_LEG_2,2.61,18.95,30.50,0,1500,1678,SE
1175220.325,X_LEG_2,2.61,18.95,30.50,0,1500,1678,SE
1175220.346,X_LEG_2,2.61,18.95,30.50,0,1500,1678,SE
1175220.366,X_LEG_2,2.61,18.95,30.50,0,1500,1678,SE
1175220.386,X_LEG_2,2.61,18.95,24.50,1,1576,1678,SE
1175220.407,X_LEG_2,2.61,18.95,24.50,1,1576,1678,SE
1175220.427,X_LEG_2,2.61,18.95,24.50,1,1576,1678,SE
1175220.448,X_LEG_2,2.61,18.95,24.50,1,1576,1678,SE
1175220.469,X_LEG_2,2.61,18.95,24.50,1,1576,1678,SE
1175220.489,X_LEG_2,2.61,18.95,24.50,1,1576,1678,SE
1175220.510,X_LEG_2,2.61,18.95,24.50,1,1576,1678,SE
1175220.531,X_LEG_2,2.61,18.95,24.50,1,1576,1678,SE
1175220.551,X_LEG_2,2.61,18.95,24.50,1,1576,1678,SE
1175220.572,X_LEG_2,2.61,18.95,24.50,1,1576,1678,SE
1175220.592,X_LEG_2,2.61,18.94,24.50,1,1576,1678,SE
1175220.613,X_LEG_2,2.61,18.94,24.50,1,1576,1678,SE
1175220.633,X_LEG_2,2.61,18.94,24.50,1,1576,1678,SE
1175220.654,X_LEG_2,2.61,18.94,24.50,1,1576,1678,SE
1175220.674,X_LEG_2,2.61,18.94,24.50,1,1576,1678,SE
1175220.694,X_LEG_2,2.61,18.94,24.50,1,1576,1678,SE
1175220.715,X_LEG_2,2.61,18.94,24.50,1,1576,1678,SE
1175220.735,X_LEG_2,2.61,18.94,24.50,1,1576,1678,SE
1175220.756,X_LEG_2,2.61,18.94,24.50,1,1576,1678,SE
1175220.776,X_LEG_2,2.61,18.94,24.50,1,1576,1678,SE
1175220.797,X_LEG_2,2.61,18.94,24.50,1,1576,1678,SE
1175220.818,X_LEG_2,2.61,18.94,24.50,1,1576,1678,SE
1175220.838,X_LEG_2,2.61,18.94,24.50,1,1576,1678,SE
1175220.859,X_LEG_2,2.61,18.94,24.50,1,1576,1678,SE
1175220.879,X_LEG_2,2.61,18.94,24.50,1,1576,1678,SE
1175220.900,X_LEG_2,2.61,18.94,22.50,1,1576,1678,SE
1175220.920,X_LEG_2,2.61,18.94,22.50,1,1576,1678,SE
1175220.940,X_LEG_2,2.61,18.94,22.50,1,1576,1678,SE
1175220.961,X_LEG_2,2.61,18.94,22.50,1,1576,1678,SE
1175220.981,X_LEG_2,2.61,18.94,22.50,1,1576,1678,SE
1175221.002,X_LEG_2,2.61,18.94,22.50,1,1576,1678,SE
1175221.022,X_LEG_2,2.61,18.94,22.50,1,1576,1678,SE
1175221.043,X_LEG_2,2.61,18.94,22.50,1,1576,1678,SE
1175221.064,X_LEG_2,2.61,18.94,22.50,1,1576,1678,SE
1175221.084,X_LEG_2,2.61,18.94,22.50,1,1576,1678,SE
1175221.105,X_LEG_2,2.61,18.94,22.50,1,1576,1678,SE
1175221.126,X_LEG_2,2.61,18.94,22.50,1,1576,1678,SE
1175221.146,X_LEG_2,2.61,18.94,22.50,1,1576,1678,SE
1175221.167,X_LEG_2,2.61,18.94,22.50,1,1576,1678,SE
1175221.188,X_LEG_2,2.61,18.94,22.50,1,1576,1678,SE
1175221.208,X_LEG_2,2.61,18.94,22.50,1,1576,1678,SE
1175221.229,X_LEG_2,2.61,18.94,22.50,1,1576,1678,SE
1175221.249,X_LEG_2,2.61,18.94,22.50,1,1576,1678,SE
1175221.270,X_LEG_2,2.61,18.94,22.50,1,1576,1678,SE
1175221.290,X_LEG_2,2.61,18.94,22.50,1,1576,1678,SE
1175221.310,X_LEG_2,2.61,18.94,22.50,1,1576,1678,SE
1175221.331,X_LEG_2,2.61,18.94,22.50,1,1576,1678,SE
1175221.351,X_LEG_2,2.61,18.94,22.50,1,1576,1678,SE
1175221.371,X_LEG_2,2.61,18.94,22.50,1,1576,1678,SE
1175221.392,X_LEG_2,2.61,18.94,22.50,1,1576,1678,SE
1175221.413,X_LEG_2,2.61,18.94,23.50,1,1576,1678,SE
1175221.433,X_LEG_2,2.61,18.94,23.50,1,1576,1678,SE
1175221.454,X_LEG_2,2.61,18.94,23.50,1,1576,1678,SE
1175221.474,X_LEG_2,2.61,18.94,23.50,1,1576,1678,SE
1175221.495,X_LEG_2,2.61,18.94,23.50,1,1576,1678,SE
1175221.515,X_LEG_2,2.61,18.94,23.50,1,1576,1678,SE
1175221.536,X_LEG_2,2.61,18.94,23.50,1,1576,1678,SE
1175221.556,X_LEG_2,2.61,18.94,23.50,1,1576,1678,SE
1175221.576,X_LEG_2,2.61,18.94,23.50,1,1576,1678,SE
1175221.596,X_LEG_2,2.61,18.94,23.50,1,1576,1678,SE
1175221.617,X_LEG_2,2.61,18.94,23.50,1,1576,1678,SE
1175221.637,X_LEG_2,2.61,18.94,23.50,1,1576,1678,SE
1175221.657,X_LEG_2,2.61,18.94,23.50,1,1576,1678,SE
1175221.678,X_LEG_2,2.61,18.94,23.50,1,1576,1678,SE
1175221.699,X_LEG_2,2.61,18.94,23.50,1,1576,1678,SE
1175221.720,X_LEG_2,2.60,18.94,23.50,1,1576,1678,SE
1175221.740,X_LEG_2,2.60,18.94,23.50,1,1576,1678,SE
1175221.761,X_LEG_2,2.60,18.94,23.50,1,1576,1678,SE
1175221.781,X_LEG_2,2.60,18.94,23.50,1,1576,1678,SE
1175221.801,X_LEG_2,2.60,18.94,23.50,1,1576,1678,SE
1175221.822,X_LEG_2,2.60,18.94,23.50,1,1576,1678,SE
1175221.842,X_LEG_2,2.60,18.94,23.50,1,1576,1678,SE
1175221.863,X_LEG_2,2.60,18.94,23.50,1,1576,1678,SE
1175221.883,X_LEG_2,2.60,18.94,23.50,1,1576,1678,SE
1175221.904,X_LEG_2,2.60,18.94,23.50,1,1576,1678,SE
1175221.924,X_LEG_2,2.60,18.94,23.50,1,1576,1678,SE
1175221.944,X_LEG_2,2.60,18.94,23.50,1,1576,1678,SE
1175221.966,X_LEG_2,2.60,18.94,23.50,1,1576,1678,SE
1175221.986,X_LEG_2,2.60,18.94,23.50,1,1576,1678,SE
1175222.006,X_LEG_2,2.60,18.94,23.50,1,1576,1678,SE
1175222.026,X_LEG_2,2.60,18.94,23.50,1,1576,1678,SE
1175222.047,X_LEG_2,2.60,18.94,23.50,1,1576,1678,SE
1175222.067,X_LEG_2,2.60,18.94,23.50,1,1576,1678,SE
1175222.088,X_LEG_2,2.60,18.94,23.50,1,1576,1678,SE
1175222.108,X_LEG_2,2.60,18.94,23.50,1,1576,1678,SE
1175222.129,X_LEG_2,2.60,18.94,23.50,1,1576,1678,SE
1175222.149,X_LEG_2,2.60,18.94,23.50,1,1576,1678,SE
1175222.170,X_LEG_2,2.60,18.94,23.50,1,1576,1678,SE
1175222.190,X_LEG_2,2.60,18.94,23.50,1,1576,1678,SE
1175222.211,X_LEG_2,2.60,18.94,23.50,1,1576,1678,SE
1175222.232,X_LEG_2,2.60,18.94,23.50,1,1576,1678,SE
1175222.252,X_LEG_2,2.60,18.94,23.50,1,1576,1678,SE
1175222.273,X_LEG_2,2.60,18.94,23.50,1,1576,1678,SE
1175222.293,X_LEG_2,2.60,18.94,23.50,1,1576,1678,SE
1175222.313,X_LEG_2,2.60,18.94,23.50,1,1576,1678,SE
1175222.334,X_LEG_2,2.60,18.94,23.50,1,1576,1678,SE
1175222.355,X_LEG_2,2.60,18.94,23.50,1,1576,1678,SE
1175222.375,X_LEG_2,2.60,18.94,23.50,1,1576,1678,SE
1175222.396,X_LEG_2,2.60,18.94,23.50,1,1576,1678,SE
1175222.416,X_LEG_2,2.60,18.94,23.50,1,1576,1678,SE
1175222.437,X_LEG_2,2.60,18.94,23.50,1,1576,1678,SE
1175222.457,X_LEG_2,2.60,18.94,23.50,1,1576,1678,SE
1175222.478,X_LEG_2,2.60,18.94,23.50,1,1576,1678,SE
1175222.499,X_LEG_2,2.60,18.94,23.50,1,1576,1678,SE
1175222.519,X_LEG_2,2.60,18.94,23.50,1,1576,1678,SE
1175222.539,X_LEG_2,2.60,18.94,23.50,1,1576,1678,SE
1175222.560,X_LEG_2,2.60,18.94,23.50,1,1576,1678,SE
1175222.580,X_LEG_2,2.60,18.94,23.50,1,1576,1678,SE
1175222.601,X_LEG_2,2.60,18.94,23.50,1,1576,1678,SE
1175222.623,X_LEG_2,2.60,18.94,23.50,1,1576,1678,SE
1175222.643,X_LEG_2,2.60,18.94,23.50,1,1576,1678,SE
1175222.664,X_LEG_2,2.60,18.94,23.50,1,1576,1678,SE
1175222.684,X_LEG_2,2.60,18.94,23.50,1,1576,1678,SE
1175222.705,X_LEG_2,2.60,18.94,23.50,1,1576,1678,SE
1175222.725,X_LEG_2,2.60,18.94,23.50,1,1576,1678,SE
1175222.746,X_LEG_2,2.60,18.94,23.50,1,1576,1678,SE
1175222.766,X_LEG_2,2.60,18.94,23.50,1,1576,1678,SE
1175222.787,X_LEG_2,2.60,18.94,23.50,1,1576,1678,SE
1175222.808,X_LEG_2,2.60,18.94,23.50,1,1576,1678,SE
1175222.828,X_LEG_2,2.60,18.94,23.50,1,1576,1678,SE
1175222.848,X_LEG_2,2.60,18.94,23.50,1,1576,1678,SE
1175222.870,X_LEG_2,2.60,18.94,23.50,1,1576,1678,SE
1175222.891,X_LEG_2,2.60,18.94,23.50,1,1576,1678,SE
1175222.912,X_LEG_2,2.60,18.94,23.50,1,1576,1678,SE
1175222.932,X_LEG_2,2.60,18.94,23.50,1,1576,1678,SE
1175222.953,X_LEG_2,2.60,18.94,23.50,1,1576,1678,SE
1175222.973,X_LEG_2,2.60,18.94,23.50,1,1576,1678,SE
1175222.993,X_LEG_2,2.60,18.94,23.50,1,1576,1678,SE
1175223.013,X_LEG_2,2.60,18.94,23.50,1,1576,1678,SE
1175223.034,X_LEG_2,2.60,18.94,23.50,1,1576,1678,SE
1175223.054,X_LEG_2,2.60,18.94,23.50,1,1576,1678,SE
1175223.076,X_LEG_2,2.60,18.94,23.50,1,1576,1678,SE
1175223.096,X_LEG_2,2.60,18.94,23.50,1,1576,1678,SE
1175223.116,X_LEG_2,2.60,18.94,23.50,1,1576,1678,SE
1175223.137,X_LEG_2,2.60,18.94,23.50,1,1576,1678,SE
1175223.157,X_LEG_2,2.60,18.94,23.50,1,1576,1678,SE
1175223.178,X_LEG_2,2.60,18.94,23.50,1,1576,1678,SE
1175223.198,X_LEG_2,2.60,18.94,23.50,1,1576,1678,SE
1175223.219,X_LEG_2,2.60,18.94,23.50,1,1576,1678,SE
1175223.239,X_LEG_2,2.60,18.94,23.50,1,1576,1678,SE
1175223.260,X_LEG_2,2.60,18.94,23.50,1,1576,1678,SE
1175223.280,X_LEG_2,2.60,18.94,23.50,1,1576,1678,SE
1175223.301,X_LEG_2,2.60,18.94,23.50,1,1576,1678,SE
1175223.321,X_LEG_2,2.60,18.94,23.50,1,1576,1678,SE
1175223.341,X_LEG_2,2.60,18.94,23.50,1,1576,1678,SE
1175223.362,X_LEG_2,2.60,18.94,23.50,1,1576,1678,SE
1175223.382,X_LEG_2,2.60,18.94,23.50,1,1576,1678,SE
1175223.403,X_LEG_2,2.60,18.94,23.50,1,1576,1678,SE
1175223.423,X_LEG_2,2.60,18.94,23.50,1,1576,1678,SE
1175223.444,X_LEG_2,2.60,18.94,23.50,1,1576,1678,SE
1175223.465,X_LEG_2,2.60,18.94,23.50,1,1576,1678,SE
1175223.485,X_LEG_2,2.60,18.94,23.50,1,1576,1678,SE
1175223.505,X_LEG_2,2.60,18.94,23.50,1,1576,1678,SE
1175223.526,X_LEG_2,2.60,18.94,23.50,1,1576,1678,SE
1175223.546,X_LEG_2,2.60,18.94,23.50,1,1576,1678,SE
1175223.567,X_LEG_2,2.60,18.94,23.50,1,1576,1678,SE
1175223.588,X_LEG_2,2.60,18.94,23.50,1,1576,1678,SE
1175223.608,X_LEG_2,2.60,18.94,23.50,1,1576,1678,SE
1175223.629,X_LEG_2,2.60,18.94,23.50,1,1576,1678,SE
1175223.649,X_LEG_2,2.60,18.94,23.50,1,1576,1678,SE
1175223.670,X_LEG_2,2.60,18.94,23.50,1,1576,1678,SE
1175223.690,X_LEG_2,2.60,18.94,23.50,1,1576,1678,SE
1175223.710,X_LEG_2,2.60,18.94,23.50,1,1576,1678,SE
1175223.731,X_LEG_2,2.60,18.94,23.50,1,1576,1678,SE
1175223.752,X_LEG_2,2.60,18.94,23.50,1,1576,1678,SE
1175223.772,X_LEG_2,2.60,18.94,23.50,1,1576,1678,SE
1175223.792,X_LEG_2,2.60,18.94,23.50,1,1576,1678,SE
1175223.813,X_LEG_2,2.60,18.94,23.50,1,1576,1678,SE
1175223.833,X_LEG_2,2.60,18.94,23.50,1,1576,1678,SE
1175223.854,X_LEG_2,2.60,18.94,23.50,1,1576,1678,SE
1175223.875,X_LEG_2,2.60,18.94,23.50,1,1576,1678,SE
1175223.895,X_LEG_2,2.60,18.94,23.50,1,1576,1678,SE
1175223.916,X_LEG_2,2.60,18.94,23.50,1,1576,1678,SE
1175223.936,X_LEG_2,2.60,18.94,23.50,1,1576,1678,SE
1175223.957,X_LEG_2,2.60,18.94,23.50,1,1576,1678,SE
1175223.977,X_LEG_2,2.60,18.94,23.50,1,1576,1678,SE
1175223.998,X_LEG_2,2.60,18.94,23.50,1,1576,1678,SE
1175224.018,X_LEG_2,2.60,18.94,23.50,1,1576,1678,SE
1175224.039,X_LEG_2,2.60,18.94,23.50,1,1576,1678,SE
1175224.059,X_LEG_2,2.60,18.94,23.50,1,1576,1678,SE
1175224.080,X_LEG_2,2.60,18.94,23.50,1,1576,1678,SE
1175224.101,X_LEG_2,2.60,18.94,23.50,1,1576,1678,SE
1175224.121,X_LEG_2,2.60,18.94,23.50,1,1576,1678,SE
1175224.142,X_LEG_2,2.60,18.94,23.50,1,1576,1678,SE
1175224.162,X_LEG_2,2.60,18.94,23.50,1,1576,1678,SE
1175224.183,X_LEG_2,2.60,18.94,23.50,1,1576,1678,SE
1175224.203,X_LEG_2,2.60,18.94,23.50,1,1576,1678,SE
1175224.224,X_LEG_2,2.60,18.94,23.50,1,1576,1678,SE
1175224.244,X_LEG_2,2.60,18.94,23.50,1,1576,1678,SE
1175224.265,X_LEG_2,2.60,18.94,23.50,1,1576,1678,SE
1175224.285,X_LEG_2,2.60,18.94,23.50,1,1576,1678,SE
1175224.306,X_LEG_2,2.60,18.94,23.50,1,1576,1678,SE
1175224.326,X_LEG_2,2.60,18.94,23.50,1,1576,1678,SE
1175224.347,X_LEG_2,2.60,18.94,23.50,1,1576,1678,SE
1175224.367,X_LEG_2,2.60,18.94,23.50,1,1576,1678,SE
1175224.388,X_LEG_2,2.60,18.94,23.50,1,1576,1678,SE
1175224.409,X_LEG_2,2.60,18.94,23.50,1,1576,1678,SE
1175224.429,X_LEG_2,2.60,18.94,23.50,1,1576,1678,SE
1175224.450,X_LEG_2,2.60,18.94,23.50,1,1576,1678,SE
1175224.470,X_LEG_2,2.60,18.94,23.50,1,1576,1678,SE
1175224.491,X_LEG_2,2.60,18.94,23.50,1,1576,1678,SE
1175224.511,X_LEG_2,2.60,18.94,23.50,1,1576,1678,SE
1175224.532,X_LEG_2,2.60,18.94,23.50,1,1576,1678,SE
1175224.552,X_LEG_2,2.60,18.94,23.50,1,1576,1678,SE
1175224.573,X_LEG_2,2.60,18.94,23.50,1,1576,1678,SE
1175224.593,X_LEG_2,2.60,18.94,23.50,1,1576,1678,SE
1175224.615,X_LEG_2,2.60,18.94,23.50,1,1576,1678,SE
1175224.635,X_LEG_2,2.60,18.94,23.50,1,1576,1678,SE
1175224.655,X_LEG_2,2.60,18.94,23.50,1,1576,1678,SE
1175224.676,X_LEG_2,2.60,18.94,23.50,1,1576,1678,SE
1175224.696,X_LEG_2,2.60,18.94,23.50,1,1576,1678,SE
1175224.718,X_LEG_2,2.60,18.94,23.50,1,1576,1678,SE
1175224.738,X_LEG_2,2.60,18.94,23.50,1,1576,1678,SE
1175224.759,X_LEG_2,2.60,18.94,23.50,1,1576,1678,SE
1175224.780,X_LEG_2,2.60,18.94,23.50,1,1576,1678,SE
1175224.800,X_LEG_2,2.60,18.94,23.50,1,1576,1678,SE
1175224.821,X_LEG_2,2.60,18.94,23.50,1,1576,1678,SE
1175224.842,X_LEG_2,2.60,18.94,23.50,1,1576,1678,SE
1175224.862,X_LEG_2,2.60,18.94,23.50,1,1576,1678,SE
1175224.883,X_LEG_2,2.60,18.94,23.50,1,1576,1678,SE
1175224.903,X_LEG_2,2.60,18.94,23.50,1,1576,1678,SE
1175224.924,X_LEG_2,2.60,18.94,23.50,1,1576,1678,SE
1175224.944,X_LEG_2,2.60,18.94,23.50,1,1576,1678,SE
1175224.965,X_LEG_2,2.60,18.94,23.50,1,1576,1678,SE
1175224.985,X_LEG_2,2.60,18.94,23.50,1,1576,1678,SE
1175225.005,X_LEG_2,2.60,18.94,23.50,1,1576,1678,SE
1175225.026,X_LEG_2,2.60,18.94,23.50,1,1576,1678,SE
1175225.046,X_LEG_2,2.60,18.94,23.50,1,1576,1678,SE
1175225.066,X_LEG_2,2.60,18.94,23.50,1,1576,1678,SE
1175225.087,X_LEG_2,2.60,18.94,23.50,1,1576,1678,SE
1175225.107,X_LEG_2,2.60,18.94,23.50,1,1576,1678,SE
1175225.128,X_LEG_2,2.60,18.94,23.50,1,1576,1678,SE
1175225.148,X_LEG_2,2.60,18.94,23.50,1,1576,1678,SE
1175225.170,X_LEG_2,2.60,18.94,23.50,1,1576,1678,SE
1175225.190,X_LEG_2,2.60,18.94,23.50,1,1576,1678,SE
1175225.211,X_LEG_2,2.60,18.94,23.50,1,1576,1678,SE
1175225.232,X_LEG_2,2.60,18.94,23.50,1,1576,1678,SE
1175225.253,X_LEG_2,2.60,18.94,23.50,1,1576,1678,SE
1175225.273,X_LEG_2,2.60,18.94,23.50,1,1576,1678,SE
1175225.294,X_LEG_2,2.60,18.94,23.50,1,1576,1678,SE
1175225.314,X_LEG_2,2.60,18.94,23.50,1,1576,1678,SE
1175225.335,X_LEG_2,2.60,18.94,23.50,1,1576,1678,SE
1175225.356,X_LEG_2,2.60,18.94,23.50,1,1576,1678,SE
1175225.377,X_LEG_2,2.60,18.94,23.50,1,1576,1678,SE
1175225.397,X_LEG_2,2.60,18.94,23.50,1,1576,1678,SE
1175225.418,X_LEG_2,2.60,18.94,23.50,1,1576,1678,SE
1175225.438,X_LEG_2,2.60,18.94,23.50,1,1576,1678,SE
1175225.459,X_LEG_2,2.60,18.94,23.50,1,1576,1678,SE
1175225.479,X_LEG_2,2.60,18.94,23.50,1,1576,1678,SE
1175225.500,X_LEG_2,2.60,18.94,23.50,1,1576,1678,SE
1175225.520,X_LEG_2,2.60,18.94,23.50,1,1576,1678,SE
1175225.541,X_LEG_2,2.60,18.94,23.50,1,1576,1678,SE
1175225.561,X_LEG_2,2.60,18.94,23.50,1,1576,1678,SE
1175225.582,X_LEG_2,2.60,18.94,23.50,1,1576,1678,SE
1175225.602,X_LEG_2,2.60,18.94,23.50,1,1576,1678,SE
1175225.623,X_LEG_2,2.60,18.94,23.50,1,1576,1678,SE
1175225.643,X_LEG_2,2.60,18.94,23.50,1,1576,1678,SE
1175225.664,X_LEG_2,2.60,18.94,23.50,1,1576,1678,SE
1175225.684,X_LEG_2,2.60,18.94,23.50,1,1576,1678,SE
1175225.705,X_LEG_2,2.60,18.94,23.50,1,1576,1678,SE
1175225.725,X_LEG_2,2.60,18.94,23.50,1,1576,1678,SE
1175225.746,X_LEG_2,2.60,18.94,23.50,1,1576,1678,SE
1175225.766,X_LEG_2,2.60,18.94,23.50,1,1576,1678,SE
1175225.786,X_LEG_2,2.60,18.94,23.50,1,1576,1678,SE
1175225.806,X_LEG_2,2.60,18.94,23.50,1,1576,1678,SE
1175225.827,X_LEG_2,2.60,18.94,23.50,1,1576,1678,SE
1175225.847,X_LEG_2,2.60,18.94,23.50,1,1576,1678,SE
1175225.867,X_LEG_2,2.60,18.94,23.50,1,1576,1678,SE
1175225.887,X_LEG_2,2.60,18.94,23.50,1,1576,1678,SE
1175225.908,X_LEG_2,2.60,18.94,23.50,1,1576,1678,SE
1175225.928,X_LEG_2,2.60,18.94,23.50,1,1576,1678,SE
1175225.949,X_LEG_2,2.60,18.94,23.50,1,1576,1678,SE
1175225.969,X_LEG_2,2.60,18.94,23.50,1,1576,1678,SE
1175225.989,X_LEG_2,2.60,18.94,23.50,1,1576,1678,SE
1175226.010,X_LEG_2,2.60,18.94,23.50,1,1576,1678,SE
1175226.030,X_LEG_2,2.60,18.94,23.50,1,1576,1678,SE
1175226.051,X_LEG_2,2.60,18.94,23.50,1,1576,1678,SE
1175226.071,X_LEG_2,2.60,18.94,23.50,1,1576,1678,SE
1175226.092,X_LEG_2,2.60,18.94,23.50,1,1576,1678,SE
1175226.112,X_LEG_2,2.60,18.94,23.50,1,1576,1678,SE
1175226.132,X_LEG_2,2.60,18.94,23.50,1,1576,1678,SE
1175226.153,X_LEG_2,2.60,18.94,23.50,1,1576,1678,SE
1175226.173,X_LEG_2,2.60,18.94,23.50,1,1576,1678,SE
1175226.194,X_LEG_2,2.60,18.94,23.50,1,1576,1678,SE
1175226.215,X_LEG_2,2.60,18.94,23.50,1,1576,1678,SE
1175226.235,X_LEG_2,2.60,18.94,23.50,1,1576,1678,SE
1175226.255,X_LEG_2,2.60,18.94,23.50,1,1576,1678,SE
1175226.275,X_LEG_2,2.60,18.94,23.50,1,1576,1678,SE
1175226.296,X_LEG_2,2.60,18.94,23.50,1,1576,1678,SE
1175226.317,X_LEG_2,2.60,18.94,23.50,1,1576,1678,SE
1175226.337,X_LEG_2,2.60,18.94,23.50,1,1576,1678,SE
1175226.357,X_LEG_2,2.60,18.94,23.50,1,1576,1678,SE
1175226.378,X_LEG_2,2.60,18.94,23.50,1,1576,1678,SE
1175226.398,X_LEG_2,2.60,18.94,23.50,1,1576,1678,SE
1175226.419,X_LEG_2,2.60,18.94,23.50,1,1576,1678,SE
1175226.439,X_LEG_2,2.60,18.94,23.50,1,1576,1678,SE
1175226.459,X_LEG_2,2.60,18.94,23.50,1,1576,1678,SE
1175226.480,X_LEG_2,2.60,18.94,23.50,1,1576,1678,SE
1175226.501,X_LEG_2,2.60,18.94,23.50,1,1576,1678,SE
1175226.521,X_LEG_2,2.60,18.94,23.50,1,1576,1678,SE
1175226.542,X_LEG_2,2.60,18.94,23.50,1,1576,1678,SE
1175226.562,X_LEG_2,2.60,18.94,23.50,1,1576,1678,SE
1175226.583,X_LEG_2,2.60,18.94,23.50,1,1576,1678,SE
1175226.603,X_LEG_2,2.60,18.94,23.50,1,1576,1678,SE
1175226.623,X_LEG_2,2.60,18.94,23.50,1,1576,1678,SE
1175226.643,X_LEG_2,2.60,18.94,23.50,1,1576,1678,SE
1175226.664,X_LEG_2,2.60,18.94,23.50,1,1576,1678,SE
1175226.684,X_LEG_2,2.60,18.94,23.50,1,1576,1678,SE
1175226.705,X_LEG_2,2.60,18.94,23.50,1,1576,1678,SE
1175226.725,X_LEG_2,2.60,18.94,23.50,1,1576,1678,SE
1175226.746,X_LEG_2,2.60,18.94,23.50,1,1576,1678,SE
1175226.766,X_LEG_2,2.60,18.94,23.50,1,1576,1678,SE
1175226.786,X_LEG_2,2.60,18.94,23.50,1,1576,1678,SE
1175226.807,X_LEG_2,2.60,18.94,23.50,1,1576,1678,SE
1175226.827,X_LEG_2,2.60,18.94,23.50,1,1576,1678,SE
1175226.848,X_LEG_2,2.60,18.94,23.50,1,1576,1678,SE
1175226.869,X_LEG_2,2.60,18.94,23.50,1,1576,1678,SE
1175226.889,X_LEG_2,2.60,18.94,23.50,1,1576,1678,SE
1175226.910,X_LEG_2,2.60,18.94,23.50,1,1576,1678,SE
1175226.930,X_LEG_2,2.60,18.94,23.50,1,1576,1678,SE
1175226.951,X_LEG_2,2.60,18.94,23.50,1,1576,1678,SE
1175226.971,X_LEG_2,2.60,18.94,23.50,1,1576,1678,SE
1175226.992,X_LEG_2,2.60,18.94,23.50,1,1576,1678,SE
1175227.014,X_LEG_2,2.60,18.94,23.50,1,1576,1678,SE
1175227.034,X_LEG_2,2.60,18.94,23.50,1,1576,1678,SE
1175227.054,X_LEG_2,2.60,18.94,23.50,1,1576,1678,SE
1175227.075,X_LEG_2,2.60,18.94,23.50,1,1576,1678,SE
1175227.096,X_LEG_2,2.60,18.94,23.50,1,1576,1678,SE
1175227.116,X_LEG_2,2.60,18.94,23.50,1,1576,1678,SE
1175227.137,X_LEG_2,2.60,18.94,23.50,1,1576,1678,SE
1175227.157,X_LEG_2,2.60,18.94,23.50,1,1576,1678,SE
1175227.178,X_LEG_2,2.60,18.94,23.50,1,1576,1678,SE
1175227.198,X_LEG_2,2.60,18.94,23.50,1,1576,1678,SE
1175227.218,X_LEG_2,2.60,18.94,23.50,1,1576,1678,SE
1175227.239,X_LEG_2,2.60,18.94,23.50,1,1576,1678,SE
1175227.259,X_LEG_2,2.60,18.94,23.50,1,1576,1678,SE
1175227.280,X_LEG_2,2.60,18.94,23.50,1,1576,1678,SE
1175227.300,X_LEG_2,2.60,18.94,23.50,1,1576,1678,SE
1175227.320,X_LEG_2,2.60,18.94,23.50,1,1576,1678,SE
1175227.341,X_LEG_2,2.60,18.94,23.50,1,1576,1678,SE
1175227.361,X_LEG_2,2.60,18.94,23.50,1,1576,1678,SE
1175227.381,X_LEG_2,2.60,18.94,23.50,1,1576,1678,SE
1175227.402,X_LEG_2,2.60,18.94,23.50,1,1576,1678,SE
1175227.422,X_LEG_2,2.60,18.94,23.50,1,1576,1678,SE
1175227.443,X_LEG_2,2.60,18.94,23.50,1,1576,1678,SE
1175227.464,X_LEG_2,2.60,18.94,23.50,1,1576,1678,SE
1175227.484,X_LEG_2,2.60,18.94,23.50,1,1576,1678,SE
1175227.504,X_LEG_2,2.60,18.94,23.50,1,1576,1678,SE
1175227.525,X_LEG_2,2.60,18.94,23.50,1,1576,1678,SE
1175227.545,X_LEG_2,2.60,18.94,23.50,1,1576,1678,SE
1175227.566,X_LEG_2,2.60,18.94,23.50,1,1576,1678,SE
1175227.586,X_LEG_2,2.60,18.94,23.50,1,1576,1678,SE
1175227.607,X_LEG_2,2.60,18.94,23.50,1,1576,1678,SE
1175227.627,X_LEG_2,2.60,18.94,23.50,1,1576,1678,SE
1175227.647,X_LEG_2,2.60,18.94,23.50,1,1576,1678,SE
1175227.667,X_LEG_2,2.60,18.94,23.50,1,1576,1678,SE
1175227.688,X_LEG_2,2.60,18.94,23.50,1,1576,1678,SE
1175227.708,X_LEG_2,2.60,18.94,23.50,1,1576,1678,SE
1175227.729,X_LEG_2,2.60,18.94,23.50,1,1576,1678,SE
1175227.749,X_LEG_2,2.60,18.94,23.50,1,1576,1678,SE
1175227.770,X_LEG_2,2.60,18.94,23.50,1,1576,1678,SE
1175227.790,X_LEG_2,2.60,18.94,23.50,1,1576,1678,SE
1175227.811,X_LEG_2,2.60,18.94,23.50,1,1576,1678,SE
1175227.831,X_LEG_2,2.60,18.94,23.50,1,1576,1678,SE
1175227.852,X_LEG_2,2.60,18.94,23.50,1,1576,1678,SE
1175227.872,X_LEG_2,2.60,18.94,23.50,1,1576,1678,SE
1175227.893,X_LEG_2,2.60,18.94,23.50,1,1576,1678,SE
1175227.913,X_LEG_2,2.60,18.94,23.50,1,1576,1678,SE
1175227.934,X_LEG_2,2.60,18.94,23.50,1,1576,1678,SE
1175227.954,X_LEG_2,2.60,18.94,23.50,1,1576,1678,SE
1175227.975,X_LEG_2,2.60,18.94,23.50,1,1576,1678,SE
1175227.996,X_LEG_2,2.60,18.94,23.50,1,1576,1678,SE
1175228.016,X_LEG_2,2.60,18.94,23.50,1,1576,1678,SE
1175228.036,X_LEG_2,2.60,18.94,23.50,1,1576,1678,SE
1175228.057,X_LEG_2,2.60,18.94,23.50,1,1576,1678,SE
1175228.077,X_LEG_2,2.60,18.94,23.50,1,1576,1678,SE
1175228.098,X_LEG_2,2.60,18.94,23.50,1,1576,1678,SE
1175228.118,X_LEG_2,2.60,18.94,23.50,1,1576,1678,SE
1175228.139,X_LEG_2,2.60,18.94,23.50,1,1576,1678,SE
1175228.159,X_LEG_2,2.60,18.94,23.50,1,1576,1678,SE
1175228.180,X_LEG_2,2.60,18.94,23.50,1,1576,1678,SE
1175228.200,X_LEG_2,2.60,18.94,23.50,1,1576,1678,SE
1175228.221,X_LEG_2,2.60,18.94,23.50,1,1576,1678,SE
1175228.241,X_LEG_2,2.60,18.94,23.50,1,1576,1678,SE
1175228.262,X_LEG_2,2.60,18.94,23.50,1,1576,1678,SE
1175228.282,X_LEG_2,2.60,18.94,23.50,1,1576,1678,SE
1175228.302,X_LEG_2,2.60,18.94,23.50,1,1576,1678,SE
1175228.323,X_LEG_2,2.60,18.94,23.50,1,1576,1678,SE
1175228.343,X_LEG_2,2.60,18.94,23.50,1,1576,1678,SE
1175228.364,X_LEG_2,2.60,18.94,23.50,1,1576,1678,SE
1175228.384,X_LEG_2,2.60,18.94,23.50,1,1576,1678,SE
1175228.405,X_LEG_2,2.60,18.94,23.50,1,1576,1678,SE
1175228.426,X_LEG_2,2.60,18.94,23.50,1,1576,1678,SE
1175228.446,X_LEG_2,2.60,18.94,23.50,1,1576,1678,SE
1175228.466,X_LEG_2,2.60,18.94,23.50,1,1576,1678,SE
1175228.486,X_LEG_2,2.60,18.94,23.50,1,1576,1678,SE
1175228.506,X_LEG_2,2.60,18.94,23.50,1,1576,1678,SE
1175228.527,X_LEG_2,2.60,18.94,23.50,1,1576,1678,SE
1175228.548,X_LEG_2,2.60,18.94,23.50,1,1576,1678,SE
1175228.568,X_LEG_2,2.60,18.94,23.50,1,1576,1678,SE
1175228.589,X_LEG_2,2.60,18.94,23.50,1,1576,1678,SE
1175228.609,X_LEG_2,2.60,18.94,23.50,1,1576,1678,SE
1175228.630,X_LEG_2,2.60,18.94,23.50,1,1576,1678,SE
1175228.650,X_LEG_2,2.60,18.94,23.50,1,1576,1678,SE
1175228.671,X_LEG_2,2.60,18.94,23.50,1,1576,1678,SE
1175228.692,X_LEG_2,2.60,18.94,23.50,1,1576,1678,SE
1175228.712,X_LEG_2,2.60,18.94,23.50,1,1576,1678,SE
1175228.733,X_LEG_2,2.60,18.94,23.50,1,1576,1678,SE
1175228.754,X_LEG_2,2.60,18.94,23.50,1,1576,1678,SE
1175228.774,X_LEG_2,2.60,18.94,23.50,1,1576,1678,SE
1175228.795,X_LEG_2,2.60,18.94,23.50,1,1576,1678,SE
1175228.815,X_LEG_2,2.60,18.94,23.50,1,1576,1678,SE
1175228.836,X_LEG_2,2.60,18.94,23.50,1,1576,1678,SE
1175228.856,X_LEG_2,2.60,18.94,23.50,1,1576,1678,SE
1175228.877,X_LEG_2,2.60,18.94,23.50,1,1576,1678,SE
1175228.897,X_LEG_2,2.60,18.94,23.50,1,1576,1678,SE
1175228.918,X_LEG_2,2.60,18.94,23.50,1,1576,1678,SE
1175228.938,X_LEG_2,2.60,18.94,23.50,1,1576,1678,SE
1175228.959,X_LEG_2,2.60,18.94,23.50,1,1576,1678,SE
1175228.980,X_LEG_2,2.60,18.94,23.50,1,1576,1678,SE
1175229.000,X_LEG_2,2.60,18.94,23.50,1,1576,1678,SE
1175229.021,X_LEG_2,2.60,18.94,23.50,1,1576,1678,SE
1175229.041,X_LEG_2,2.60,18.94,23.50,1,1576,1678,SE
1175229.061,X_LEG_2,2.60,18.94,23.50,1,1576,1678,SE
1175229.082,X_LEG_2,2.60,18.94,23.50,1,1576,1678,SE
1175229.102,X_LEG_2,2.60,18.94,23.50,1,1576,1678,SE
1175229.123,X_LEG_2,2.60,18.94,23.50,1,1576,1678,SE
1175229.144,X_LEG_2,2.60,18.94,23.50,1,1576,1678,SE
1175229.164,X_LEG_2,2.60,18.94,23.50,1,1576,1678,SE
1175229.185,X_LEG_2,2.60,18.94,23.50,1,1576,1678,SE
1175229.205,X_LEG_2,2.60,18.94,23.50,1,1576,1678,SE
1175229.226,X_LEG_2,2.60,18.94,23.50,1,1576,1678,SE
1175229.246,X_LEG_2,2.60,18.94,23.50,1,1576,1678,SE
1175229.267,X_LEG_2,2.60,18.94,23.50,1,1576,1678,SE
1175229.287,X_LEG_2,2.60,18.94,23.50,1,1576,1678,SE
1175229.307,X_LEG_2,2.60,18.94,23.50,1,1576,1678,SE
1175229.328,X_LEG_2,2.60,18.94,23.50,1,1576,1678,SE
1175229.348,X_LEG_2,2.60,18.94,23.50,1,1576,1678,SE
1175229.368,X_LEG_2,2.60,18.94,23.50,1,1576,1678,SE
1175229.393,X_LEG_2,2.60,18.94,23.50,1,1576,1678,SE
1175229.414,X_LEG_2,2.60,18.94,23.50,1,1576,1678,SE
1175229.435,X_LEG_2,2.60,18.94,23.50,1,1576,1678,SE
1175229.456,X_LEG_2,2.60,18.94,23.50,1,1576,1678,SE
1175229.476,X_LEG_2,2.60,18.94,23.50,1,1576,1678,SE
1175229.497,X_LEG_2,2.60,18.94,23.50,1,1576,1678,SE
1175229.518,X_LEG_2,2.60,18.94,23.50,1,1576,1678,SE
1175229.538,X_LEG_2,2.60,18.94,23.50,1,1576,1678,SE
1175229.559,X_LEG_2,2.60,18.94,23.50,1,1576,1678,SE
1175229.579,X_LEG_2,2.60,18.94,23.50,1,1576,1678,SE
1175229.600,X_LEG_2,2.60,18.94,23.50,1,1576,1678,SE
1175229.621,X_LEG_2,2.60,18.94,23.50,1,1576,1678,SE
1175229.641,X_LEG_2,2.60,18.94,23.50,1,1576,1678,SE
1175229.662,X_LEG_2,2.60,18.94,23.50,1,1576,1678,SE
1175229.683,X_LEG_2,2.60,18.94,23.50,1,1576,1678,SE
1175229.703,X_LEG_2,2.60,18.94,23.50,1,1576,1678,SE
1175229.723,X_LEG_2,2.60,18.94,23.50,1,1576,1678,SE
1175229.744,X_LEG_2,2.60,18.94,23.50,1,1576,1678,SE
1175229.764,X_LEG_2,2.60,18.94,23.50,1,1576,1678,SE
1175229.784,X_LEG_2,2.60,18.94,23.50,1,1576,1678,SE
1175229.806,X_LEG_2,2.60,18.94,23.50,1,1576,1678,SE
1175229.826,X_LEG_2,2.60,18.94,23.50,1,1576,1678,SE
1175229.847,X_LEG_2,2.60,18.94,23.50,1,1576,1678,SE
1175229.867,X_LEG_2,2.60,18.94,23.50,1,1576,1678,SE
1175229.891,X_LEG_2,2.60,18.94,23.50,1,1576,1678,SE
1175229.911,X_LEG_2,2.60,18.94,23.50,1,1576,1678,SE
1175229.931,X_LEG_2,2.60,18.94,23.50,1,1576,1678,SE
1175229.951,X_LEG_2,2.60,18.94,23.50,1,1576,1678,SE
1175229.972,X_LEG_2,2.60,18.94,23.50,1,1576,1678,SE
1175229.992,X_LEG_2,2.60,18.94,23.50,1,1576,1678,SE
1175230.013,X_LEG_2,2.60,18.94,23.50,1,1576,1678,SE
1175230.033,X_LEG_2,2.60,18.94,23.50,1,1576,1678,SE
1175230.053,X_LEG_2,2.60,18.94,23.50,1,1576,1678,SE
1175230.075,X_LEG_2,2.60,18.94,23.50,1,1576,1678,SE
1175230.095,X_LEG_2,2.60,18.94,23.50,1,1576,1678,SE
1175230.115,X_LEG_2,2.60,18.94,23.50,1,1576,1678,SE
1175230.136,X_LEG_2,2.60,18.94,23.50,1,1576,1678,SE
1175230.157,X_LEG_2,2.60,18.94,23.50,1,1576,1678,SE
1175230.177,X_LEG_2,2.60,18.94,23.50,1,1576,1678,SE
1175230.198,X_LEG_2,2.60,18.94,23.50,1,1576,1678,SE
1175230.219,X_LEG_2,2.60,18.94,23.50,1,1576,1678,SE
1175230.239,X_LEG_2,2.60,18.94,23.50,1,1576,1678,SE
1175230.260,X_LEG_2,2.60,18.94,23.50,1,1576,1678,SE
1175230.281,X_LEG_2,2.60,18.94,23.50,1,1576,1678,SE
1175230.301,X_LEG_2,2.60,18.94,23.50,1,1576,1678,SE
1175230.322,X_LEG_2,2.60,18.94,23.50,1,1576,1678,SE
1175230.343,X_LEG_2,2.60,18.94,23.50,1,1576,1678,SE
1175230.363,X_LEG_2,2.60,18.94,23.50,1,1576,1678,SE
1175230.384,X_LEG_2,2.60,18.94,23.50,1,1576,1678,SE
1175230.404,X_LEG_2,2.60,18.94,23.50,1,1576,1678,SE
1175230.424,X_LEG_2,2.60,18.94,23.50,1,1576,1678,SE
1175230.445,X_LEG_2,2.60,18.94,23.50,1,1576,1678,SE
1175230.466,X_LEG_2,2.60,18.94,23.50,1,1576,1678,SE
1175230.486,X_LEG_2,2.60,18.94,23.50,1,1576,1678,SE
1175230.506,X_LEG_2,2.60,18.94,23.50,1,1576,1678,SE
1175230.527,X_LEG_2,2.60,18.94,23.50,1,1576,1678,SE
1175230.548,X_LEG_2,2.60,18.94,23.50,1,1576,1678,SE
1175230.568,X_LEG_2,2.60,18.94,23.50,1,1576,1678,SE
1175230.589,X_LEG_2,2.60,18.94,23.50,1,1576,1678,SE
1175230.609,X_LEG_2,2.60,18.94,23.50,1,1576,1678,SE
1175230.629,X_LEG_2,2.60,18.94,23.50,1,1576,1678,SE
1175230.650,X_LEG_2,2.60,18.94,23.50,1,1576,1678,SE
1175230.670,X_LEG_2,2.60,18.94,23.50,1,1576,1678,SE
1175230.691,X_LEG_2,2.60,18.94,23.50,1,1576,1678,SE
1175230.711,X_LEG_2,2.60,18.94,23.50,1,1576,1678,SE
1175230.732,X_LEG_2,2.60,18.94,23.50,1,1576,1678,SE
1175230.752,X_LEG_2,2.60,18.94,23.50,1,1576,1678,SE
1175230.773,X_LEG_2,2.60,18.94,23.50,1,1576,1678,SE
1175230.793,X_LEG_2,2.60,18.94,23.50,1,1576,1678,SE
1175230.814,X_LEG_2,2.60,18.94,23.50,1,1576,1678,SE
1175230.834,X_LEG_2,2.60,18.94,23.50,1,1576,1678,SE
1175230.855,X_LEG_2,2.60,18.94,23.50,1,1576,1678,SE
1175230.875,X_LEG_2,2.60,18.94,23.50,1,1576,1678,SE
1175230.896,X_LEG_2,2.60,18.94,23.50,1,1576,1678,SE
1175230.916,X_LEG_2,2.60,18.94,23.50,1,1576,1678,SE
1175230.937,X_LEG_2,2.60,18.94,23.50,1,1576,1678,SE
1175230.958,X_LEG_2,2.60,18.94,23.50,1,1576,1678,SE
1175230.978,X_LEG_2,2.60,18.94,23.50,1,1576,1678,SE
1175230.998,X_LEG_2,2.60,18.94,23.50,1,1576,1678,SE
1175231.019,X_LEG_2,2.60,18.94,23.50,1,1576,1678,SE
1175231.039,X_LEG_2,2.60,18.94,23.50,1,1576,1678,SE
1175231.060,X_LEG_2,2.60,18.94,23.50,1,1576,1678,SE
1175231.081,X_LEG_2,2.60,18.94,23.50,1,1576,1678,SE
1175231.101,X_LEG_2,2.60,18.94,23.50,1,1576,1678,SE
1175231.124,X_LEG_2,2.60,18.94,23.50,1,1576,1678,SE
1175231.144,X_LEG_2,2.60,18.94,23.50,1,1576,1678,SE
1175231.165,X_LEG_2,2.60,18.94,23.50,1,1576,1678,SE
1175231.185,X_LEG_2,2.60,18.94,23.50,1,1576,1678,SE
1175231.205,X_LEG_2,2.60,18.94,23.50,1,1576,1678,SE
1175231.226,X_LEG_2,2.60,18.94,23.50,1,1576,1678,SE
1175231.247,X_LEG_2,2.60,18.94,23.50,1,1576,1678,SE
1175231.267,X_LEG_2,2.60,18.94,23.50,1,1576,1678,SE
1175231.288,X_LEG_2,2.60,18.94,23.50,1,1576,1678,SE
1175231.310,X_LEG_2,2.60,18.94,23.50,1,1576,1678,SE
1175231.330,X_LEG_2,2.60,18.94,23.50,1,1576,1678,SE
1175231.350,X_LEG_2,2.60,18.94,23.50,1,1576,1678,SE
1175231.371,X_LEG_2,2.60,18.94,23.50,1,1576,1678,SE
1175231.391,X_LEG_2,2.60,18.94,23.50,1,1576,1678,SE
1175231.411,X_LEG_2,2.60,18.94,23.50,1,1576,1678,SE
1175231.432,X_LEG_2,2.60,18.94,23.50,1,1576,1678,SE
1175231.452,X_LEG_2,2.60,18.94,23.50,1,1576,1678,SE
1175231.472,X_LEG_2,2.60,18.94,23.50,1,1576,1678,SE
1175231.492,X_LEG_2,2.60,18.94,23.50,1,1576,1678,SE
1175231.513,X_LEG_2,2.60,18.94,23.50,1,1576,1678,SE
1175231.534,X_LEG_2,2.60,18.94,23.50,1,1576,1678,SE
1175231.554,X_LEG_2,2.60,18.94,23.50,1,1576,1678,SE
1175231.575,X_LEG_2,2.60,18.94,23.50,1,1576,1678,SE
1175231.595,X_LEG_2,2.60,18.94,23.50,1,1576,1678,SE
1175231.616,X_LEG_2,2.60,18.94,23.50,1,1576,1678,SE
1175231.636,X_LEG_2,2.60,18.94,23.50,1,1576,1678,SE
1175231.657,X_LEG_2,2.60,18.94,23.50,1,1576,1678,SE
1175231.677,X_LEG_2,2.60,18.94,23.50,1,1576,1678,SE
1175231.697,X_LEG_2,2.60,18.94,23.50,1,1576,1678,SE
1175231.718,X_LEG_2,2.60,18.94,23.50,1,1576,1678,SE
1175231.738,X_LEG_2,2.60,18.94,23.50,1,1576,1678,SE
1175231.759,X_LEG_2,2.60,18.94,23.50,1,1576,1678,SE
1175231.779,X_LEG_2,2.60,18.94,23.50,1,1576,1678,SE
1175231.800,X_LEG_2,2.60,18.94,23.50,1,1576,1678,SE
1175231.820,X_LEG_2,2.60,18.94,23.50,1,1576,1678,SE
1175231.841,X_LEG_2,2.60,18.94,23.50,1,1576,1678,SE
1175231.862,X_LEG_2,2.60,18.94,23.50,1,1576,1678,SE
1175231.882,X_LEG_2,2.60,18.94,23.50,1,1576,1678,SE
1175231.902,X_LEG_2,2.60,18.94,23.50,1,1576,1678,SE
1175231.923,X_LEG_2,2.60,18.94,23.50,1,1576,1678,SE
1175231.943,X_LEG_2,2.60,18.94,23.50,1,1576,1678,SE
1175231.964,X_LEG_2,2.60,18.94,23.50,1,1576,1678,SE
1175231.984,X_LEG_2,2.60,18.94,23.50,1,1576,1678,SE
1175232.005,X_LEG_2,2.60,18.94,23.50,1,1576,1678,SE
1175232.025,X_LEG_2,2.60,18.94,23.50,1,1576,1678,SE
1175232.046,X_LEG_2,2.60,18.94,23.50,1,1576,1678,SE
1175232.066,X_LEG_2,2.60,18.94,23.50,1,1576,1678,SE
1175232.087,X_LEG_2,2.60,18.94,23.50,1,1576,1678,SE
1175232.107,X_LEG_2,2.60,18.94,23.50,1,1576,1678,SE
1175232.128,X_LEG_2,2.60,18.94,23.50,1,1576,1678,SE
1175232.148,X_LEG_2,2.60,18.94,23.50,1,1576,1678,SE
1175232.169,X_LEG_2,2.60,18.94,23.50,1,1576,1678,SE
1175232.189,X_LEG_2,2.60,18.94,23.50,1,1576,1678,SE
1175232.209,X_LEG_2,2.60,18.94,23.50,1,1576,1678,SE
1175232.230,X_LEG_2,2.60,18.94,23.50,1,1576,1678,SE
1175232.250,X_LEG_2,2.60,18.94,23.50,1,1576,1678,SE
1175232.271,X_LEG_2,2.60,18.94,23.50,1,1576,1678,SE
1175232.291,X_LEG_2,2.60,18.94,23.50,1,1576,1678,SE
1175232.312,X_LEG_2,2.60,18.94,23.50,1,1576,1678,SE
1175232.332,X_LEG_2,2.60,18.94,23.50,1,1576,1678,SE
1175232.353,X_LEG_2,2.60,18.94,23.50,1,1576,1678,SE
1175232.374,X_LEG_2,2.60,18.94,23.50,1,1576,1678,SE
1175232.394,X_LEG_2,2.60,18.94,23.50,1,1576,1678,SE
1175232.414,X_LEG_2,2.60,18.94,23.50,1,1576,1678,SE
1175232.435,X_LEG_2,2.60,18.94,23.50,1,1576,1678,SE
1175232.455,X_LEG_2,2.60,18.94,23.50,1,1576,1678,SE
1175232.476,X_LEG_2,2.60,18.94,23.50,1,1576,1678,SE
1175232.497,X_LEG_2,2.60,18.94,23.50,1,1576,1678,SE
1175232.517,X_LEG_2,2.60,18.94,23.50,1,1576,1678,SE
1175232.537,X_LEG_2,2.60,18.94,23.50,1,1576,1678,SE
1175232.558,X_LEG_2,2.60,18.94,23.50,1,1576,1678,SE
1175232.579,X_LEG_2,2.60,18.94,23.50,1,1576,1678,SE
1175232.599,X_LEG_2,2.60,18.94,23.50,1,1576,1678,SE
1175232.619,X_LEG_2,2.60,18.94,23.50,1,1576,1678,SE
1175232.640,X_LEG_2,2.60,18.94,23.50,1,1576,1678,SE
1175232.660,X_LEG_2,2.60,18.94,23.50,1,1576,1678,SE
1175232.681,X_LEG_2,2.60,18.94,23.50,1,1576,1678,SE
1175232.702,X_LEG_2,2.60,18.94,23.50,1,1576,1678,SE
1175232.722,X_LEG_2,2.60,18.94,23.50,1,1576,1678,SE
1175232.743,X_LEG_2,2.60,18.94,23.50,1,1576,1678,SE
1175232.764,X_LEG_2,2.60,18.94,23.50,1,1576,1678,SE
1175232.785,X_LEG_2,2.60,18.94,23.50,1,1576,1678,SE
1175232.805,X_LEG_2,2.60,18.94,23.50,1,1576,1678,SE
1175232.827,X_LEG_2,2.60,18.94,23.50,1,1576,1678,SE
1175232.849,X_LEG_2,2.60,18.94,23.50,1,1576,1678,SE
1175232.868,X_LEG_2,2.60,18.94,23.50,1,1576,1678,SE
1175232.888,X_LEG_2,2.60,18.94,23.50,1,1576,1678,SE
1175232.909,X_LEG_2,2.60,18.94,23.50,1,1576,1678,SE
1175232.930,X_LEG_2,2.60,18.94,23.50,1,1576,1678,SE
1175232.950,X_LEG_2,2.60,18.94,23.50,1,1576,1678,SE
1175232.970,X_LEG_2,2.60,18.94,23.50,1,1576,1678,SE
1175232.990,X_LEG_2,2.60,18.94,23.50,1,1576,1678,SE
1175233.011,X_LEG_2,2.60,18.94,23.50,1,1576,1678,SE
1175233.031,X_LEG_2,2.60,18.94,23.50,1,1576,1678,SE
1175233.052,X_LEG_2,2.60,18.94,23.50,1,1576,1678,SE
1175233.072,X_LEG_2,2.60,18.94,23.50,1,1576,1678,SE
1175233.093,X_LEG_2,2.60,18.94,23.50,1,1576,1678,SE
1175233.114,X_LEG_2,2.60,18.94,23.50,1,1576,1678,SE
1175233.134,X_LEG_2,2.60,18.94,23.50,1,1576,1678,SE
1175233.154,X_LEG_2,2.60,18.94,23.50,1,1576,1678,SE
1175233.175,X_LEG_2,2.60,18.94,23.50,1,1576,1678,SE
1175233.195,X_LEG_2,2.60,18.94,23.50,1,1576,1678,SE
1175233.216,X_LEG_2,2.60,18.94,23.50,1,1576,1678,SE
1175233.236,X_LEG_2,2.60,18.94,23.50,1,1576,1678,SE
1175233.257,X_LEG_2,2.60,18.94,23.50,1,1576,1678,SE
1175233.278,X_LEG_2,2.60,18.94,23.50,1,1576,1678,SE
1175233.298,X_LEG_2,2.60,18.94,23.50,1,1576,1678,SE
1175233.319,X_LEG_2,2.60,18.94,23.50,1,1576,1678,SE
1175233.339,X_LEG_2,2.60,18.94,23.50,1,1576,1678,SE
1175233.359,X_LEG_2,2.60,18.94,23.50,1,1576,1678,SE
1175233.380,X_LEG_2,2.60,18.94,23.50,1,1576,1678,SE
1175233.400,X_LEG_2,2.60,18.94,23.50,1,1576,1678,SE
1175233.421,X_LEG_2,2.60,18.94,23.50,1,1576,1678,SE
1175233.441,X_LEG_2,2.60,18.94,23.50,1,1576,1678,SE
1175233.462,X_LEG_2,2.60,18.94,23.50,1,1576,1678,SE
1175233.482,X_LEG_2,2.60,18.94,23.50,1,1576,1678,SE
1175233.503,X_LEG_2,2.60,18.94,23.50,1,1576,1678,SE
1175233.523,X_LEG_2,2.60,18.94,23.50,1,1576,1678,SE
1175233.544,X_LEG_2,2.60,18.94,23.50,1,1576,1678,SE
1175233.564,X_LEG_2,2.60,18.94,23.50,1,1576,1678,SE
1175233.585,X_LEG_2,2.60,18.94,23.50,1,1576,1678,SE
1175233.607,X_LEG_2,2.60,18.94,23.50,1,1576,1678,SE
1175233.627,X_LEG_2,2.60,18.94,23.50,1,1576,1678,SE
1175233.648,X_LEG_2,2.60,18.94,23.50,1,1576,1678,SE
1175233.669,X_LEG_2,2.60,18.94,23.50,1,1576,1678,SE
1175233.689,X_LEG_2,2.60,18.94,23.50,1,1576,1678,SE
1175233.710,X_LEG_2,2.60,18.94,23.50,1,1576,1678,SE
1175233.731,X_LEG_2,2.60,18.94,23.50,1,1576,1678,SE
1175233.751,X_LEG_3,2.60,72.99,147.58,0,1500,1678,NW
1175233.771,X_LEG_3,2.60,72.99,147.58,0,1500,1678,NW
1175233.792,X_LEG_3,2.60,72.99,147.58,0,1500,1678,NW
1175233.812,X_LEG_3,2.60,72.99,147.58,0,1500,1678,NW
1175233.833,X_LEG_3,2.60,72.99,147.58,0,1500,1678,NW
1175233.853,X_LEG_3,2.60,72.99,147.58,0,1500,1678,NW
1175233.873,X_LEG_3,2.60,72.99,147.58,0,1500,1678,NW
1175233.894,X_LEG_3,2.60,72.99,147.58,0,1500,1678,NW
1175233.914,X_LEG_3,2.60,72.99,147.58,0,1500,1678,NW
1175233.936,X_LEG_3,2.60,72.99,147.58,0,1500,1678,NW
1175233.956,X_LEG_3,2.60,72.99,147.58,0,1500,1678,NW
1175233.976,X_LEG_3,2.60,72.99,147.58,0,1500,1678,NW
1175233.997,X_LEG_3,2.60,72.99,147.58,0,1500,1678,NW
1175234.017,X_LEG_3,2.60,72.99,147.58,0,1500,1678,NW
1175234.038,X_LEG_3,2.60,72.99,147.58,0,1500,1678,NW
1175234.058,X_LEG_3,2.60,72.99,147.58,0,1500,1678,NW
1175234.079,X_LEG_3,2.60,72.99,147.58,0,1500,1678,NW
1175234.099,X_LEG_3,2.60,72.99,147.58,0,1500,1678,NW
1175234.120,X_LEG_3,2.60,72.99,147.58,0,1500,1678,NW
1175234.141,X_LEG_3,2.60,72.99,147.58,0,1500,1678,NW
1175234.162,X_LEG_3,2.60,72.99,147.58,0,1500,1678,NW
1175234.182,X_LEG_3,2.60,72.99,147.58,0,1500,1678,NW
1175234.202,X_LEG_3,2.60,72.99,147.58,0,1500,1678,NW
1175234.223,X_LEG_3,2.60,72.99,147.58,0,1500,1678,NW
1175234.243,X_LEG_3,2.60,72.99,147.58,0,1500,1678,NW
1175234.264,X_LEG_3,2.60,72.99,147.58,0,1500,1678,NW
1175234.284,X_LEG_3,2.60,72.99,147.58,0,1500,1678,NW
1175234.305,X_LEG_3,2.60,72.99,147.58,0,1500,1678,NW
1175234.325,X_LEG_3,2.60,72.99,147.58,0,1500,1678,NW
1175234.346,X_LEG_3,2.60,72.99,147.58,0,1500,1678,NW
1175234.366,X_LEG_3,2.60,72.99,147.58,0,1500,1678,NW
1175234.387,X_LEG_3,2.60,72.99,147.58,0,1500,1678,NW
1175234.407,X_LEG_3,2.60,72.99,147.58,0,1500,1678,NW
1175234.427,X_LEG_3,2.60,72.99,147.58,0,1500,1678,NW
1175234.448,X_LEG_3,2.60,72.99,147.58,0,1500,1678,NW
1175234.469,X_LEG_3,2.60,72.99,147.58,0,1500,1678,NW
1175234.489,X_LEG_3,2.60,72.99,147.58,0,1500,1678,NW
1175234.510,X_LEG_3,2.60,72.99,147.58,0,1500,1678,NW
1175234.530,X_LEG_3,2.60,72.99,147.58,0,1500,1678,NW
1175234.551,X_LEG_3,2.60,72.99,147.58,0,1500,1678,NW
1175234.571,X_LEG_3,2.60,72.99,147.58,0,1500,1678,NW
1175234.592,X_LEG_3,2.60,72.99,147.58,0,1500,1678,NW
1175234.612,X_LEG_3,2.60,72.99,147.58,0,1500,1678,NW
1175234.632,X_LEG_3,2.60,72.99,147.58,0,1500,1678,NW
1175234.653,X_LEG_3,2.60,72.99,147.58,0,1500,1678,NW
1175234.673,X_LEG_3,2.60,72.99,147.58,0,1500,1678,NW
1175234.694,X_LEG_3,2.60,72.99,147.58,0,1500,1678,NW
1175234.714,X_LEG_3,2.60,72.99,147.58,0,1500,1678,NW
1175234.735,X_LEG_3,2.60,72.99,147.58,0,1500,1678,NW
1175234.755,X_LEG_3,2.61,72.99,147.58,0,1500,1678,NW
1175234.775,X_LEG_3,2.61,72.99,147.58,0,1500,1678,NW
1175234.796,X_LEG_3,2.61,72.99,147.58,0,1500,1678,NW
1175234.816,X_LEG_3,2.61,72.99,147.58,0,1500,1678,NW
1175234.837,X_LEG_3,2.61,72.99,147.58,0,1500,1678,NW
1175234.858,X_LEG_3,2.61,72.99,147.58,0,1500,1678,NW
1175234.878,X_LEG_3,2.61,72.99,147.58,0,1500,1678,NW
1175234.898,X_LEG_3,2.61,72.99,147.58,0,1500,1678,NW
1175234.919,X_LEG_3,2.61,72.99,147.58,0,1500,1678,NW
1175234.939,X_LEG_3,2.61,72.99,147.58,0,1500,1678,NW
1175234.960,X_LEG_3,2.61,72.99,147.58,0,1500,1678,NW
1175234.980,X_LEG_3,2.61,72.99,147.58,0,1500,1678,NW
1175235.001,X_LEG_3,2.61,72.99,147.58,0,1500,1678,NW
1175235.022,X_LEG_3,2.61,72.99,147.58,0,1500,1678,NW
1175235.042,X_LEG_3,2.61,72.99,147.58,0,1500,1678,NW
1175235.062,X_LEG_3,2.61,72.99,147.58,0,1500,1678,NW
1175235.083,X_LEG_3,2.61,72.99,147.58,0,1500,1678,NW
1175235.104,X_LEG_3,2.61,72.99,147.58,0,1500,1678,NW
1175235.124,X_LEG_3,2.61,72.99,147.58,0,1500,1678,NW
1175235.144,X_LEG_3,2.61,72.99,147.58,0,1500,1678,NW
1175235.165,X_LEG_3,2.61,72.99,147.58,0,1500,1678,NW
1175235.188,X_LEG_3,2.61,72.99,147.58,0,1500,1678,NW
1175235.208,X_LEG_3,2.61,72.99,147.58,0,1500,1678,NW
1175235.228,X_LEG_3,2.61,72.99,147.58,0,1500,1678,NW
1175235.250,X_LEG_3,2.61,72.99,147.58,0,1500,1678,NW
1175235.270,X_LEG_3,2.61,72.99,147.58,0,1500,1678,NW
1175235.291,X_LEG_3,2.61,72.99,147.58,0,1500,1678,NW
1175235.311,X_LEG_3,2.61,72.99,147.58,0,1500,1678,NW
1175235.332,X_LEG_3,2.61,72.99,147.58,0,1500,1678,NW
1175235.352,X_LEG_3,2.61,72.99,147.58,0,1500,1678,NW
1175235.373,X_LEG_3,2.61,72.99,147.58,0,1500,1678,NW
1175235.394,X_LEG_3,2.61,72.99,147.58,0,1500,1678,NW
1175235.414,X_LEG_3,2.61,72.99,147.58,0,1500,1678,NW
1175235.435,X_LEG_3,2.61,72.99,147.58,0,1500,1678,NW
1175235.455,X_LEG_3,2.61,72.99,147.58,0,1500,1678,NW
1175235.475,X_LEG_3,2.61,72.99,147.58,0,1500,1678,NW
1175235.496,X_LEG_3,2.61,72.99,147.58,0,1500,1678,NW
1175235.516,X_LEG_3,2.61,72.99,147.58,0,1500,1678,NW
1175235.537,X_LEG_3,2.61,72.99,147.58,0,1500,1678,NW
1175235.557,X_LEG_3,2.61,72.99,147.58,0,1500,1678,NW
1175235.578,X_LEG_3,2.61,72.99,147.58,0,1500,1678,NW
1175235.598,X_LEG_3,2.61,72.99,147.58,0,1500,1678,NW
1175235.618,X_LEG_3,2.61,72.99,147.58,0,1500,1678,NW
1175235.639,X_LEG_3,2.61,72.99,147.58,0,1500,1678,NW
1175235.660,X_LEG_3,2.61,72.99,147.58,0,1500,1678,NW
1175235.680,X_LEG_3,2.61,72.99,147.58,0,1500,1678,NW
1175235.701,X_LEG_3,2.61,72.99,147.58,0,1500,1678,NW
1175235.721,X_LEG_3,2.61,72.99,147.58,0,1500,1678,NW
1175235.741,X_LEG_3,2.61,72.99,147.58,0,1500,1678,NW
1175235.762,X_LEG_3,2.61,72.99,147.58,0,1500,1678,NW
1175235.782,X_LEG_3,2.61,72.99,147.58,0,1500,1678,NW
1175235.802,X_LEG_3,2.61,72.99,147.58,0,1500,1678,NW
1175235.823,X_LEG_3,2.61,72.99,147.58,0,1500,1678,NW
1175235.844,X_LEG_3,2.61,72.99,147.58,0,1500,1678,NW
1175235.866,X_LEG_3,2.61,72.99,147.58,0,1500,1678,NW
1175235.887,X_LEG_3,2.61,72.99,147.58,0,1500,1678,NW
1175235.907,X_LEG_3,2.61,72.99,147.58,0,1500,1678,NW
1175235.929,X_LEG_3,2.61,72.99,147.58,0,1500,1678,NW
1175235.949,X_LEG_3,2.61,72.99,147.58,0,1500,1678,NW
1175235.970,X_LEG_3,2.61,72.99,147.58,0,1500,1678,NW
1175235.990,X_LEG_3,2.61,72.99,147.58,0,1500,1678,NW
1175236.011,X_LEG_3,2.61,72.99,147.58,0,1500,1678,NW
1175236.031,X_LEG_3,2.61,72.99,147.58,0,1500,1678,NW
1175236.052,X_LEG_3,2.61,72.99,147.58,0,1500,1678,NW
1175236.072,X_LEG_3,2.61,72.99,147.58,0,1500,1678,NW
1175236.093,X_LEG_3,2.61,72.99,147.58,0,1500,1678,NW
1175236.113,X_LEG_3,2.61,72.99,147.58,0,1500,1678,NW
1175236.134,X_LEG_3,2.61,72.99,147.58,0,1500,1678,NW
1175236.154,X_LEG_3,2.61,72.99,147.58,0,1500,1678,NW
1175236.175,X_LEG_3,2.61,72.99,147.58,0,1500,1678,NW
1175236.195,X_LEG_3,2.61,72.99,147.58,0,1500,1678,NW
1175236.216,X_LEG_3,2.61,72.99,147.58,0,1500,1678,NW
1175236.237,X_LEG_3,2.61,72.99,147.58,0,1500,1678,NW
1175236.257,X_LEG_3,2.61,72.99,147.58,0,1500,1678,NW
1175236.278,X_LEG_3,2.61,72.99,147.58,0,1500,1678,NW
1175236.298,X_LEG_3,2.61,72.99,147.58,0,1500,1678,NW
1175236.319,X_LEG_3,2.61,72.99,147.58,0,1500,1678,NW
1175236.339,X_LEG_3,2.61,72.99,147.58,0,1500,1678,NW
1175236.359,X_LEG_3,2.61,72.99,147.58,0,1500,1678,NW
1175236.380,X_LEG_3,2.61,72.99,147.58,0,1500,1678,NW
1175236.400,X_LEG_3,2.61,72.99,147.58,0,1500,1678,NW
1175236.420,X_LEG_3,2.61,72.99,147.58,0,1500,1678,NW
1175236.441,X_LEG_3,2.61,72.99,147.58,0,1500,1678,NW
1175236.461,X_LEG_3,2.61,72.99,147.58,0,1500,1678,NW
1175236.482,X_LEG_3,2.61,72.99,147.58,0,1500,1678,NW
1175236.502,X_LEG_3,2.61,72.99,147.58,0,1500,1678,NW
1175236.523,X_LEG_3,2.61,72.99,147.58,0,1500,1678,NW
1175236.543,X_LEG_3,2.61,72.99,147.58,0,1500,1678,NW
1175236.564,X_LEG_3,2.61,72.99,147.58,0,1500,1678,NW
1175236.584,X_LEG_3,2.61,72.99,147.58,0,1500,1678,NW
1175236.606,X_LEG_3,2.61,72.99,147.58,0,1500,1678,NW
1175236.626,X_LEG_3,2.61,72.99,147.58,0,1500,1678,NW
1175236.649,X_LEG_3,2.61,72.99,147.58,0,1500,1678,NW
1175236.669,X_LEG_3,2.61,72.99,147.58,0,1500,1678,NW
1175236.690,X_LEG_3,2.61,72.99,147.58,0,1500,1678,NW
1175236.710,X_LEG_3,2.61,72.99,147.58,0,1500,1678,NW
1175236.731,X_LEG_3,2.61,72.99,147.58,0,1500,1678,NW
1175236.751,X_LEG_3,2.61,72.99,147.58,0,1500,1678,NW
1175236.772,X_LEG_3,2.61,72.99,147.58,0,1500,1678,NW
1175236.792,X_LEG_3,2.61,72.99,147.58,0,1500,1678,NW
1175236.812,X_LEG_3,2.61,72.99,147.58,0,1500,1678,NW
1175236.833,X_LEG_3,2.61,72.99,147.58,0,1500,1678,NW
1175236.854,X_LEG_3,2.61,72.99,147.58,0,1500,1678,NW
1175236.874,X_LEG_3,2.61,72.99,147.58,0,1500,1678,NW
1175236.895,X_LEG_3,2.61,72.99,147.58,0,1500,1678,NW
1175236.915,X_LEG_3,2.61,72.99,147.58,0,1500,1678,NW
1175236.936,X_LEG_3,2.61,72.99,147.58,0,1500,1678,NW
1175236.956,X_LEG_3,2.61,72.99,147.58,0,1500,1678,NW
1175236.977,X_LEG_3,2.61,72.99,147.58,0,1500,1678,NW
1175236.997,X_LEG_3,2.61,72.99,147.58,0,1500,1678,NW
1175237.018,X_LEG_3,2.61,72.99,147.58,0,1500,1678,NW
1175237.038,X_LEG_3,2.61,72.99,147.58,0,1500,1678,NW
1175237.059,X_LEG_3,2.61,72.99,147.58,0,1500,1678,NW
1175237.079,X_LEG_3,2.61,72.99,147.58,0,1500,1678,NW
1175237.100,X_LEG_3,2.61,72.99,147.58,0,1500,1678,NW
1175237.120,X_LEG_3,2.61,72.99,147.58,0,1500,1678,NW
1175237.140,X_LEG_3,2.61,72.99,147.58,0,1500,1678,NW
1175237.161,X_LEG_3,2.61,72.99,147.58,0,1500,1678,NW
1175237.181,X_LEG_3,2.61,72.99,147.58,0,1500,1678,NW
1175237.201,X_LEG_3,2.61,72.99,147.58,0,1500,1678,NW
1175237.222,X_LEG_3,2.61,72.99,147.58,0,1500,1678,NW
1175237.242,X_LEG_3,2.61,72.99,147.58,0,1500,1678,NW
1175237.263,X_LEG_3,2.61,72.99,147.58,0,1500,1678,NW
1175237.283,X_LEG_3,2.61,72.99,147.58,0,1500,1678,NW
1175237.304,X_LEG_3,2.61,72.99,147.58,0,1500,1678,NW
1175237.324,X_LEG_3,2.61,72.99,147.58,0,1500,1678,NW
1175237.345,X_LEG_3,2.61,72.99,147.58,0,1500,1678,NW
1175237.365,X_LEG_3,2.61,72.99,147.58,0,1500,1678,NW
1175237.385,X_LEG_3,2.61,72.99,147.58,0,1500,1678,NW
1175237.406,X_LEG_3,2.61,72.99,147.58,0,1500,1678,NW
1175237.426,X_LEG_3,2.61,72.99,147.58,0,1500,1678,NW
1175237.447,X_LEG_3,2.61,72.99,147.58,0,1500,1678,NW
1175237.467,X_LEG_3,2.61,72.99,147.58,0,1500,1678,NW
1175237.488,X_LEG_3,2.61,72.99,147.58,0,1500,1678,NW
1175237.508,X_LEG_3,2.61,72.99,147.58,0,1500,1678,NW
1175237.529,X_LEG_3,2.61,72.99,147.58,0,1500,1678,NW
1175237.549,X_LEG_3,2.61,72.99,147.58,0,1500,1678,NW
1175237.570,X_LEG_3,2.61,72.99,147.58,0,1500,1678,NW
1175237.590,X_LEG_3,2.61,72.99,147.58,0,1500,1678,NW
1175237.611,X_LEG_3,2.61,72.99,147.58,0,1500,1678,NW
1175237.631,X_LEG_3,2.61,72.99,147.58,0,1500,1678,NW
1175237.652,X_LEG_3,2.61,72.99,147.58,0,1500,1678,NW
1175237.672,X_LEG_3,2.61,72.99,147.58,0,1500,1678,NW
1175237.693,X_LEG_3,2.61,72.99,147.58,0,1500,1678,NW
1175237.713,X_LEG_3,2.61,72.99,147.58,0,1500,1678,NW
1175237.734,X_LEG_3,2.61,72.99,147.58,0,1500,1678,NW
1175237.754,X_LEG_3,2.61,72.99,147.58,0,1500,1678,NW
1175237.775,X_LEG_3,2.61,72.99,147.58,0,1500,1678,NW
1175237.795,X_LEG_3,2.61,72.99,147.58,0,1500,1678,NW
1175237.816,X_LEG_3,2.61,72.99,147.58,0,1500,1678,NW
1175237.836,X_LEG_3,2.61,72.99,147.58,0,1500,1678,NW
1175237.856,X_LEG_3,2.61,72.99,147.58,0,1500,1678,NW
1175237.877,X_LEG_3,2.61,72.99,147.58,0,1500,1678,NW
1175237.897,X_LEG_3,2.61,72.99,147.58,0,1500,1678,NW
1175237.918,X_LEG_3,2.61,72.99,147.58,0,1500,1678,NW
1175237.939,X_LEG_3,2.61,72.99,147.58,0,1500,1678,NW
1175237.959,X_LEG_3,2.61,72.99,147.58,0,1500,1678,NW
1175237.980,X_LEG_3,2.61,72.99,147.58,0,1500,1678,NW
1175238.000,X_LEG_3,2.61,72.99,147.58,0,1500,1678,NW
1175238.020,X_LEG_3,2.61,72.99,147.58,0,1500,1678,NW
1175238.041,X_LEG_3,2.61,72.99,147.58,0,1500,1678,NW
1175238.061,X_LEG_3,2.61,72.99,147.58,0,1500,1678,NW
1175238.081,X_LEG_3,2.61,72.99,147.58,0,1500,1678,NW
1175238.102,X_LEG_3,2.61,72.99,147.58,0,1500,1678,NW
1175238.123,X_LEG_3,2.61,72.99,147.58,0,1500,1678,NW
1175238.143,X_LEG_3,2.61,72.99,147.58,0,1500,1678,NW
1175238.164,X_LEG_3,2.61,72.99,147.58,0,1500,1678,NW
1175238.187,X_LEG_3,2.61,72.99,147.58,0,1500,1678,NW
1175238.207,X_LEG_3,2.61,72.99,147.58,0,1500,1678,NW
1175238.227,X_LEG_3,2.61,72.99,147.58,0,1500,1678,NW
1175238.249,X_LEG_3,2.61,72.99,147.58,0,1500,1678,NW
1175238.269,X_LEG_3,2.61,72.99,147.58,0,1500,1678,NW
1175238.290,X_LEG_3,2.61,72.99,147.58,0,1500,1678,NW
1175238.310,X_LEG_3,2.61,72.99,147.58,0,1500,1678,NW
1175238.331,X_LEG_3,2.61,72.99,147.58,0,1500,1678,NW
1175238.352,X_LEG_3,2.61,72.99,147.58,0,1500,1678,NW
1175238.372,X_LEG_3,2.61,72.99,147.58,0,1500,1678,NW
1175238.392,X_LEG_3,2.61,72.99,147.58,0,1500,1678,NW
1175238.413,X_LEG_3,2.61,72.99,147.58,0,1500,1678,NW
1175238.433,X_LEG_3,2.61,72.99,147.58,0,1500,1678,NW
1175238.454,X_LEG_3,2.61,72.99,147.58,0,1500,1678,NW
1175238.475,X_LEG_3,2.61,72.99,147.58,0,1500,1678,NW
1175238.495,X_LEG_3,2.61,72.99,147.58,0,1500,1678,NW
1175238.516,X_LEG_3,2.61,72.99,147.58,0,1500,1678,NW
1175238.536,X_LEG_3,2.61,72.99,147.58,0,1500,1678,NW
1175238.557,X_LEG_3,2.61,72.99,147.58,0,1500,1678,NW
1175238.577,X_LEG_3,2.61,72.99,147.58,0,1500,1678,NW
1175238.598,X_LEG_3,2.61,72.99,147.58,0,1500,1678,NW
1175238.618,X_LEG_3,2.61,72.99,147.58,0,1500,1678,NW
1175238.639,X_LEG_3,2.61,72.99,147.58,0,1500,1678,NW
1175238.660,X_LEG_3,2.61,72.99,147.58,0,1500,1678,NW
1175238.680,X_LEG_3,2.61,72.99,147.58,0,1500,1678,NW
1175238.701,X_LEG_3,2.61,72.99,147.58,0,1500,1678,NW
1175238.721,X_LEG_3,2.61,72.99,147.58,0,1500,1678,NW
1175238.742,X_LEG_3,2.61,72.99,147.58,0,1500,1678,NW
1175238.762,X_LEG_3,2.61,72.99,147.58,0,1500,1678,NW
1175238.783,X_LEG_3,2.61,72.99,147.58,0,1500,1678,NW
1175238.803,X_LEG_3,2.61,72.99,147.58,0,1500,1678,NW
1175238.823,X_LEG_3,2.61,72.99,147.58,0,1500,1678,NW
1175238.844,X_LEG_3,2.61,72.99,147.58,0,1500,1678,NW
1175238.864,X_LEG_3,2.61,72.99,147.58,0,1500,1678,NW
1175238.885,X_LEG_3,2.61,72.99,147.58,0,1500,1678,NW
1175238.905,X_LEG_3,2.61,72.99,147.58,0,1500,1678,NW
1175238.926,X_LEG_3,2.61,72.99,147.58,0,1500,1678,NW
1175238.946,X_LEG_3,2.61,72.99,147.58,0,1500,1678,NW
1175238.967,X_LEG_3,2.61,72.99,147.58,0,1500,1678,NW
1175238.987,X_LEG_3,2.61,72.99,147.58,0,1500,1678,NW
1175239.008,X_LEG_3,2.61,72.99,147.58,0,1500,1678,NW
1175239.028,X_LEG_3,2.61,72.99,147.58,0,1500,1678,NW
1175239.049,X_LEG_3,2.61,72.99,147.58,0,1500,1678,NW
1175239.069,X_LEG_3,2.61,72.99,147.58,0,1500,1678,NW
1175239.089,X_LEG_3,2.61,72.99,147.58,0,1500,1678,NW
1175239.109,X_LEG_3,2.61,72.99,147.58,0,1500,1678,NW
1175239.130,X_LEG_3,2.61,72.99,147.58,0,1500,1678,NW
1175239.150,X_LEG_3,2.61,72.99,147.58,0,1500,1678,NW
1175239.171,X_LEG_3,2.61,72.99,147.58,0,1500,1678,NW
1175239.192,X_LEG_3,2.61,72.99,147.58,0,1500,1678,NW
1175239.213,X_LEG_3,2.61,72.99,147.58,0,1500,1678,NW
1175239.237,X_LEG_3,2.61,72.99,147.58,0,1500,1678,NW
1175239.258,X_LEG_3,2.61,72.99,147.58,0,1500,1678,NW
1175239.278,X_LEG_3,2.61,72.99,147.58,0,1500,1678,NW
1175239.298,X_LEG_3,2.61,72.99,147.58,0,1500,1678,NW
1175239.319,X_LEG_3,2.61,72.99,147.58,0,1500,1678,NW
1175239.339,X_LEG_3,2.61,72.99,147.58,0,1500,1678,NW
1175239.360,X_LEG_3,2.61,72.99,147.58,0,1500,1678,NW
1175239.381,X_LEG_3,2.61,72.99,147.58,0,1500,1678,NW
1175239.403,X_LEG_3,2.61,72.99,147.58,0,1500,1678,NW
1175239.423,X_LEG_3,2.61,72.99,147.58,0,1500,1678,NW
1175239.444,X_LEG_3,2.61,72.99,147.58,0,1500,1678,NW
1175239.464,X_LEG_3,2.61,72.99,147.58,0,1500,1678,NW
1175239.485,X_LEG_3,2.61,72.99,147.58,0,1500,1678,NW
1175239.505,X_LEG_3,2.61,72.99,147.58,0,1500,1678,NW
1175239.526,X_LEG_3,2.61,72.99,147.58,0,1500,1678,NW
1175239.546,X_LEG_3,2.61,72.99,147.58,0,1500,1678,NW
1175239.567,X_LEG_3,2.61,72.99,147.58,0,1500,1678,NW
1175239.587,X_LEG_3,2.61,72.99,147.58,0,1500,1678,NW
1175239.607,X_LEG_3,2.61,72.99,147.58,0,1500,1678,NW
1175239.628,X_LEG_3,2.61,72.99,147.58,0,1500,1678,NW
1175239.648,X_LEG_3,2.61,72.99,147.58,0,1500,1678,NW
1175239.671,X_LEG_3,2.61,72.99,147.58,0,1500,1678,NW
1175239.691,X_LEG_3,2.61,72.99,147.58,0,1500,1678,NW
1175239.711,X_LEG_3,2.61,72.99,147.58,0,1500,1678,NW
1175239.732,X_LEG_3,2.61,72.99,147.58,0,1500,1678,NW
1175239.752,X_LEG_3,2.61,72.99,147.58,0,1500,1678,NW
1175239.772,X_LEG_3,2.61,72.99,147.58,0,1500,1678,NW
1175239.793,X_LEG_3,2.61,72.99,147.58,0,1500,1678,NW
1175239.813,X_LEG_3,2.61,72.99,147.58,0,1500,1678,NW
1175239.834,X_LEG_3,2.61,72.99,147.58,0,1500,1678,NW
1175239.855,X_LEG_3,2.61,72.99,147.58,0,1500,1678,NW
1175239.875,X_LEG_3,2.61,72.99,147.58,0,1500,1678,NW
1175239.895,X_LEG_3,2.61,72.99,147.58,0,1500,1678,NW
1175239.915,X_LEG_3,2.61,72.99,147.58,0,1500,1678,NW
1175239.936,X_LEG_3,2.61,72.99,147.58,0,1500,1678,NW
1175239.956,X_LEG_3,2.61,72.99,147.58,0,1500,1678,NW
1175239.976,X_LEG_3,2.61,72.99,147.58,0,1500,1678,NW
1175239.998,X_LEG_3,2.61,72.99,147.58,0,1500,1678,NW
1175240.018,X_LEG_3,2.61,72.99,147.58,0,1500,1678,NW
1175240.039,X_LEG_3,2.61,72.99,147.58,0,1500,1678,NW
1175240.060,X_LEG_3,2.61,72.99,147.58,0,1500,1678,NW
1175240.080,X_LEG_3,2.61,72.99,147.58,0,1500,1678,NW
1175240.100,X_LEG_3,2.61,72.99,147.58,0,1500,1678,NW
1175240.121,X_LEG_3,2.61,72.99,147.58,0,1500,1678,NW
1175240.142,X_LEG_3,2.61,72.99,147.58,0,1500,1678,NW
1175240.162,X_LEG_3,2.61,72.99,147.58,0,1500,1678,NW
1175240.183,X_LEG_3,2.61,72.99,147.58,0,1500,1678,NW
1175240.203,X_LEG_3,2.61,72.99,147.58,0,1500,1678,NW
1175240.224,X_LEG_3,2.61,72.99,147.58,0,1500,1678,NW
1175240.244,X_LEG_3,2.61,72.99,147.58,0,1500,1678,NW
1175240.265,X_LEG_3,2.61,72.99,147.58,0,1500,1678,NW
1175240.285,X_LEG_3,2.61,72.99,147.58,0,1500,1678,NW
1175240.305,X_LEG_3,2.61,72.99,147.58,0,1500,1678,NW
1175240.327,X_LEG_3,2.61,72.99,147.58,0,1500,1678,NW
1175240.348,X_LEG_3,2.61,72.99,147.58,0,1500,1678,NW
1175240.368,X_LEG_3,2.61,72.99,147.58,0,1500,1678,NW
1175240.389,X_LEG_3,2.61,72.99,147.58,0,1500,1678,NW
1175240.409,X_LEG_3,2.61,72.99,147.58,0,1500,1678,NW
1175240.430,X_LEG_3,2.61,72.99,147.58,0,1500,1678,NW
1175240.451,X_LEG_3,2.61,72.99,147.58,0,1500,1678,NW
1175240.471,X_LEG_3,2.61,72.99,147.58,0,1500,1678,NW
1175240.492,X_LEG_3,2.61,72.99,147.58,0,1500,1678,NW
1175240.512,X_LEG_3,2.61,72.99,147.58,0,1500,1678,NW
1175240.533,X_LEG_3,2.61,72.99,147.58,0,1500,1678,NW
1175240.553,X_LEG_3,2.61,72.99,147.58,0,1500,1678,NW
1175240.574,X_LEG_3,2.61,72.99,147.58,0,1500,1678,NW
1175240.594,X_LEG_3,2.61,72.99,147.58,0,1500,1678,NW
1175240.615,X_LEG_3,2.61,72.99,147.58,0,1500,1678,NW
1175240.636,X_LEG_3,2.61,72.99,147.58,0,1500,1678,NW
1175240.656,X_LEG_3,2.61,72.99,147.58,0,1500,1678,NW
1175240.676,X_LEG_3,2.61,72.99,147.58,0,1500,1678,NW
1175240.697,X_LEG_3,2.61,72.99,147.58,0,1500,1678,NW
1175240.717,X_LEG_3,2.61,72.99,147.58,0,1500,1678,NW
1175240.738,X_LEG_3,2.61,72.99,147.58,0,1500,1678,NW
1175240.758,X_LEG_3,2.61,72.99,147.58,0,1500,1678,NW
1175240.778,X_LEG_3,2.61,72.99,147.58,0,1500,1678,NW
1175240.799,X_LEG_3,2.61,72.99,147.58,0,1500,1678,NW
1175240.820,X_LEG_3,2.61,72.99,147.58,0,1500,1678,NW
1175240.840,X_LEG_3,2.61,72.99,147.58,0,1500,1678,NW
1175240.860,X_LEG_3,2.61,72.99,147.58,0,1500,1678,NW
1175240.881,X_LEG_3,2.61,72.99,147.58,0,1500,1678,NW
1175240.901,X_LEG_3,2.61,72.99,147.58,0,1500,1678,NW
1175240.922,X_LEG_3,2.61,72.99,147.58,0,1500,1678,NW
1175240.943,X_LEG_3,2.61,72.99,147.58,0,1500,1678,NW
1175240.963,X_LEG_3,2.61,72.99,147.58,0,1500,1678,NW
1175240.983,X_LEG_3,2.61,72.99,147.58,0,1500,1678,NW
1175241.004,X_LEG_3,2.61,72.99,147.58,0,1500,1678,NW
1175241.024,X_LEG_3,2.61,72.99,147.58,0,1500,1678,NW
1175241.045,X_LEG_3,2.61,72.99,147.58,0,1500,1678,NW
1175241.066,X_LEG_3,2.61,72.99,147.58,0,1500,1678,NW
1175241.086,X_LEG_3,2.61,72.99,147.58,0,1500,1678,NW
1175241.107,X_LEG_3,2.61,72.99,147.58,0,1500,1678,NW
1175241.127,X_LEG_3,2.61,72.99,147.58,0,1500,1678,NW
1175241.148,X_LEG_3,2.61,72.99,147.58,0,1500,1678,NW
1175241.168,X_LEG_3,2.61,72.99,147.58,0,1500,1678,NW
1175241.189,X_LEG_3,2.61,72.99,147.58,0,1500,1678,NW
1175241.209,X_LEG_3,2.61,72.99,147.58,0,1500,1678,NW
1175241.230,X_LEG_3,2.61,72.99,147.58,0,1500,1678,NW
1175241.250,X_LEG_3,2.61,72.99,147.58,0,1500,1678,NW
1175241.271,X_LEG_3,2.61,72.99,147.58,0,1500,1678,NW
1175241.291,X_LEG_3,2.61,72.99,147.58,0,1500,1678,NW
1175241.312,X_LEG_3,2.61,72.99,147.58,0,1500,1678,NW
1175241.333,X_LEG_3,2.61,72.99,147.58,0,1500,1678,NW
1175241.353,X_LEG_3,2.61,72.99,147.58,0,1500,1678,NW
1175241.374,X_LEG_3,2.61,72.99,147.58,0,1500,1678,NW
1175241.395,X_LEG_3,2.61,72.99,147.58,0,1500,1678,NW
1175241.415,X_LEG_3,2.61,72.99,147.58,0,1500,1678,NW
1175241.436,X_LEG_3,2.61,72.99,147.58,0,1500,1678,NW
1175241.456,X_LEG_3,2.61,72.99,147.58,0,1500,1678,NW
1175241.476,X_LEG_3,2.61,72.99,147.58,0,1500,1678,NW
1175241.497,X_LEG_3,2.61,72.99,147.58,0,1500,1678,NW
1175241.518,X_LEG_3,2.61,72.99,147.58,0,1500,1678,NW
1175241.538,X_LEG_3,2.61,72.99,147.58,0,1500,1678,NW
1175241.559,X_LEG_3,2.61,72.99,147.58,0,1500,1678,NW
1175241.579,X_LEG_3,2.61,72.99,147.58,0,1500,1678,NW
1175241.600,X_LEG_3,2.61,72.99,147.58,0,1500,1678,NW
1175241.620,X_LEG_3,2.61,72.99,147.58,0,1500,1678,NW
1175241.641,X_LEG_3,2.61,72.99,147.58,0,1500,1678,NW
1175241.661,X_LEG_3,2.61,72.99,147.58,0,1500,1678,NW
1175241.682,X_LEG_3,2.61,72.99,147.58,0,1500,1678,NW
1175241.702,X_LEG_3,2.61,72.99,147.58,0,1500,1678,NW
1175241.723,X_LEG_3,2.61,72.99,147.58,0,1500,1678,NW
1175241.743,X_LEG_3,2.61,72.99,147.58,0,1500,1678,NW
1175241.764,X_LEG_3,2.61,72.99,147.58,0,1500,1678,NW
1175241.785,X_LEG_3,2.61,72.99,147.58,0,1500,1678,NW
1175241.805,X_LEG_3,2.61,72.99,147.58,0,1500,1678,NW
1175241.826,X_LEG_3,2.61,72.99,147.58,0,1500,1678,NW
1175241.846,X_LEG_3,2.61,72.99,147.58,0,1500,1678,NW
1175241.866,X_LEG_3,2.61,72.99,147.58,0,1500,1678,NW
1175241.887,X_LEG_3,2.61,72.99,147.58,0,1500,1678,NW
1175241.907,X_LEG_3,2.61,72.99,147.58,0,1500,1678,NW
1175241.927,X_LEG_3,2.61,72.99,147.58,0,1500,1678,NW
1175241.948,X_LEG_3,2.61,72.99,147.58,0,1500,1678,NW
1175241.969,X_LEG_3,2.61,72.99,147.58,0,1500,1678,NW
1175241.989,X_LEG_3,2.61,72.99,147.58,0,1500,1678,NW
1175242.009,X_LEG_3,2.61,72.99,147.58,0,1500,1678,NW
1175242.030,X_LEG_3,2.61,72.99,147.58,0,1500,1678,NW
1175242.050,X_LEG_3,2.61,72.99,147.58,0,1500,1678,NW
1175242.070,X_LEG_3,2.61,72.99,147.58,0,1500,1678,NW
1175242.091,X_LEG_3,2.61,72.99,147.58,0,1500,1678,NW
1175242.111,X_LEG_3,2.61,72.99,147.58,0,1500,1678,NW
1175242.132,X_LEG_3,2.61,72.99,147.58,0,1500,1678,NW
1175242.152,X_LEG_3,2.61,72.99,147.58,0,1500,1678,NW
1175242.173,X_LEG_3,2.61,72.99,147.58,0,1500,1678,NW
1175242.193,X_LEG_3,2.61,72.99,147.58,0,1500,1678,NW
1175242.214,X_LEG_3,2.61,72.99,147.58,0,1500,1678,NW
1175242.235,X_LEG_3,2.61,72.99,147.58,0,1500,1678,NW
1175242.255,X_LEG_3,2.61,72.99,147.58,0,1500,1678,NW
1175242.276,X_LEG_3,2.61,72.99,147.58,0,1500,1678,NW
1175242.296,X_LEG_3,2.61,72.99,147.58,0,1500,1678,NW
1175242.316,X_LEG_3,2.61,72.99,147.58,0,1500,1678,NW
1175242.337,X_LEG_3,2.61,72.99,147.58,0,1500,1678,NW
1175242.357,X_LEG_3,2.61,72.99,147.58,0,1500,1678,NW
1175242.378,X_LEG_3,2.61,72.99,147.58,0,1500,1678,NW
1175242.398,X_LEG_3,2.61,72.99,147.58,0,1500,1678,NW
1175242.418,X_LEG_3,2.61,72.99,147.58,0,1500,1678,NW
1175242.439,X_LEG_3,2.61,72.99,147.58,0,1500,1678,NW
1175242.459,X_LEG_3,2.61,72.99,147.58,0,1500,1678,NW
1175242.480,X_LEG_3,2.61,72.99,147.58,0,1500,1678,NW
1175242.501,X_LEG_3,2.61,72.99,147.58,0,1500,1678,NW
1175242.521,X_LEG_3,2.61,72.99,147.58,0,1500,1678,NW
1175242.542,X_LEG_3,2.61,72.99,147.58,0,1500,1678,NW
1175242.562,X_LEG_3,2.61,72.99,147.58,0,1500,1678,NW
1175242.583,X_LEG_3,2.61,72.99,147.58,0,1500,1678,NW
1175242.603,X_LEG_3,2.61,72.99,147.58,0,1500,1678,NW
1175242.624,X_LEG_3,2.61,72.99,147.58,0,1500,1678,NW
1175242.645,X_LEG_3,2.61,72.99,147.58,0,1500,1678,NW
1175242.665,X_LEG_3,2.61,72.99,147.58,0,1500,1678,NW
1175242.685,X_LEG_3,2.61,72.99,147.58,0,1500,1678,NW
1175242.706,X_LEG_3,2.61,72.99,147.58,0,1500,1678,NW
1175242.726,X_LEG_3,2.61,72.99,147.58,0,1500,1678,NW
1175242.747,X_LEG_3,2.61,72.99,147.58,0,1500,1678,NW
1175242.767,X_LEG_3,2.61,72.99,147.58,0,1500,1678,NW
1175242.788,X_LEG_3,2.61,72.99,147.58,0,1500,1678,NW
1175242.808,X_LEG_3,2.61,72.99,147.58,0,1500,1678,NW
1175242.830,X_LEG_3,2.61,72.99,147.58,0,1500,1678,NW
1175242.850,X_LEG_3,2.61,72.99,147.58,0,1500,1678,NW
1175242.870,X_LEG_3,2.61,72.99,147.58,0,1500,1678,NW
1175242.892,X_LEG_3,2.61,72.99,147.58,0,1500,1678,NW
1175242.912,X_LEG_3,2.61,72.99,147.58,0,1500,1678,NW
1175242.932,X_LEG_3,2.61,72.99,147.58,0,1500,1678,NW
1175242.954,X_LEG_3,2.61,72.99,147.58,0,1500,1678,NW
1175242.974,X_LEG_3,2.61,72.99,147.58,0,1500,1678,NW
1175242.995,X_LEG_3,2.61,72.99,147.58,0,1500,1678,NW
1175243.015,X_LEG_3,2.61,72.99,147.58,0,1500,1678,NW
1175243.036,X_LEG_3,2.61,72.99,147.58,0,1500,1678,NW
1175243.056,X_LEG_3,2.61,72.99,147.58,0,1500,1678,NW
1175243.077,X_LEG_3,2.61,72.99,147.58,0,1500,1678,NW
1175243.098,X_LEG_3,2.61,72.99,147.58,0,1500,1678,NW
1175243.118,X_LEG_3,2.61,72.99,147.58,0,1500,1678,NW
1175243.138,X_LEG_3,2.61,72.99,147.58,0,1500,1678,NW
1175243.159,X_LEG_3,2.61,72.99,147.58,0,1500,1678,NW
1175243.179,X_LEG_3,2.61,72.99,147.58,0,1500,1678,NW
1175243.200,X_LEG_3,2.61,72.99,147.58,0,1500,1678,NW
1175243.220,X_LEG_3,2.61,72.99,147.58,0,1500,1678,NW
1175243.241,X_LEG_3,2.61,72.99,147.58,0,1500,1678,NW
1175243.261,X_LEG_3,2.61,72.99,147.58,0,1500,1678,NW
1175243.282,X_LEG_3,2.61,72.99,147.58,0,1500,1678,NW
1175243.302,X_LEG_3,2.61,72.99,147.58,0,1500,1678,NW
1175243.323,X_LEG_3,2.61,72.99,147.58,0,1500,1678,NW
1175243.343,X_LEG_3,2.61,72.99,147.58,0,1500,1678,NW
1175243.364,X_LEG_3,2.61,72.99,147.58,0,1500,1678,NW
1175243.384,X_LEG_3,2.61,72.99,147.58,0,1500,1678,NW
1175243.405,X_LEG_3,2.61,72.99,147.58,0,1500,1678,NW
1175243.425,X_LEG_3,2.61,72.99,147.58,0,1500,1678,NW
1175243.446,X_LEG_3,2.61,72.99,147.58,0,1500,1678,NW
1175243.466,X_LEG_3,2.61,72.99,147.58,0,1500,1678,NW
1175243.487,X_LEG_3,2.61,72.99,147.58,0,1500,1678,NW
1175243.507,X_LEG_3,2.61,72.99,147.58,0,1500,1678,NW
1175243.527,X_LEG_3,2.61,72.99,147.58,0,1500,1678,NW
1175243.549,X_LEG_3,2.61,72.99,147.58,0,1500,1678,NW
1175243.570,X_LEG_3,2.61,72.99,147.58,0,1500,1678,NW
1175243.590,X_LEG_3,2.61,72.99,147.58,0,1500,1678,NW
1175243.611,X_LEG_3,2.61,72.99,147.58,0,1500,1678,NW
1175243.631,X_LEG_3,2.61,72.99,147.58,0,1500,1678,NW
1175243.652,X_LEG_3,2.61,72.99,147.58,0,1500,1678,NW
1175243.672,X_LEG_3,2.61,72.99,147.58,0,1500,1678,NW
1175243.693,X_LEG_3,2.61,72.99,147.58,0,1500,1678,NW
1175243.713,X_LEG_3,2.61,72.99,147.58,0,1500,1678,NW
1175243.734,X_LEG_3,2.61,72.99,147.58,0,1500,1678,NW
1175243.754,X_LEG_3,2.61,72.99,147.58,0,1500,1678,NW
1175243.775,X_LEG_3,2.61,72.99,147.58,0,1500,1678,NW
1175243.795,X_LEG_3,2.61,72.99,147.58,0,1500,1678,NW
1175243.816,X_LEG_3,2.61,72.99,147.58,0,1500,1678,NW
1175243.836,X_LEG_3,2.61,72.99,147.58,0,1500,1678,NW
1175243.857,X_LEG_3,2.61,72.99,147.58,0,1500,1678,NW
1175243.877,X_LEG_3,2.61,72.99,147.58,0,1500,1678,NW
1175243.898,X_LEG_3,2.61,72.99,147.58,0,1500,1678,NW
1175243.918,X_LEG_3,2.61,72.99,147.58,0,1500,1678,NW
1175243.940,X_LEG_3,2.61,72.99,147.58,0,1500,1678,NW
1175243.960,X_LEG_3,2.61,72.99,147.58,0,1500,1678,NW
1175243.981,X_LEG_3,2.61,72.99,147.58,0,1500,1678,NW
1175244.001,X_LEG_3,2.61,72.99,147.58,0,1500,1678,NW
1175244.021,X_LEG_3,2.61,72.99,147.58,0,1500,1678,NW
1175244.042,X_LEG_3,2.61,72.99,147.58,0,1500,1678,NW
1175244.062,X_LEG_3,2.61,72.99,147.58,0,1500,1678,NW
1175244.083,X_LEG_3,2.61,72.99,147.58,0,1500,1678,NW
1175244.103,X_LEG_3,2.61,72.99,147.58,0,1500,1678,NW
1175244.124,X_LEG_3,2.61,72.99,147.58,0,1500,1678,NW
1175244.145,X_LEG_3,2.61,72.99,147.58,0,1500,1678,NW
1175244.165,X_LEG_3,2.61,72.99,147.58,0,1500,1678,NW
1175244.185,X_LEG_3,2.61,72.99,147.58,0,1500,1678,NW
1175244.206,X_LEG_3,2.61,72.99,147.58,0,1500,1678,NW
1175244.227,X_LEG_3,2.61,72.99,147.58,0,1500,1678,NW
1175244.247,X_LEG_3,2.61,72.99,147.58,0,1500,1678,NW
1175244.268,X_LEG_3,2.61,72.99,147.58,0,1500,1678,NW
1175244.289,X_LEG_3,2.61,72.99,147.58,0,1500,1678,NW
1175244.309,X_LEG_3,2.61,72.99,147.58,0,1500,1678,NW
1175244.330,X_LEG_3,2.61,72.99,147.58,0,1500,1678,NW
1175244.350,X_LEG_3,2.61,72.99,147.58,0,1500,1678,NW
1175244.371,X_LEG_3,2.61,72.99,147.58,0,1500,1678,NW
1175244.391,X_LEG_3,2.61,72.99,147.58,0,1500,1678,NW
1175244.412,X_LEG_3,2.61,72.99,147.58,0,1500,1678,NW
1175244.432,X_LEG_3,2.61,72.99,147.58,0,1500,1678,NW
1175244.452,X_LEG_3,2.61,72.99,147.58,0,1500,1678,NW
1175244.473,X_LEG_3,2.61,72.99,147.58,0,1500,1678,NW
1175244.493,X_LEG_3,2.61,72.99,147.58,0,1500,1678,NW
1175244.514,X_LEG_3,2.61,72.99,147.58,0,1500,1678,NW
1175244.534,X_LEG_3,2.61,72.99,147.58,0,1500,1678,NW
1175244.555,X_LEG_3,2.61,72.99,147.58,0,1500,1678,NW
1175244.576,X_LEG_3,2.61,72.99,147.58,0,1500,1678,NW
1175244.596,X_LEG_3,2.61,72.99,147.58,0,1500,1678,NW
1175244.617,X_LEG_3,2.61,72.99,147.58,0,1500,1678,NW
1175244.637,X_LEG_3,2.61,72.99,147.58,0,1500,1678,NW
1175244.658,X_LEG_3,2.61,72.99,147.58,0,1500,1678,NW
1175244.678,X_LEG_3,2.61,72.99,147.58,0,1500,1678,NW
1175244.699,X_LEG_3,2.61,72.99,147.58,0,1500,1678,NW
1175244.719,X_LEG_3,2.61,72.99,147.58,0,1500,1678,NW
1175244.740,X_LEG_3,2.61,72.99,147.58,0,1500,1678,NW
1175244.760,X_LEG_3,2.61,72.99,147.58,0,1500,1678,NW
1175244.781,X_LEG_3,2.61,72.99,147.58,0,1500,1678,NW
1175244.802,X_LEG_3,2.61,72.99,147.58,0,1500,1678,NW
1175244.822,X_LEG_3,2.61,72.99,147.58,0,1500,1678,NW
1175244.842,X_LEG_3,2.61,72.99,147.58,0,1500,1678,NW
1175244.863,X_LEG_3,2.61,72.99,147.58,0,1500,1678,NW
1175244.884,X_LEG_3,2.61,72.99,147.58,0,1500,1678,NW
1175244.904,X_LEG_3,2.61,72.99,147.58,0,1500,1678,NW
1175244.925,X_LEG_3,2.61,72.99,147.58,0,1500,1678,NW
1175244.945,X_LEG_3,2.61,72.99,147.58,0,1500,1678,NW
1175244.966,X_LEG_3,2.61,72.99,147.58,0,1500,1678,NW
1175244.987,X_LEG_3,2.61,72.99,147.58,0,1500,1678,NW
1175245.007,X_LEG_3,2.61,72.99,147.58,0,1500,1678,NW
1175245.028,X_LEG_3,2.61,72.99,147.58,0,1500,1678,NW
1175245.049,X_LEG_3,2.61,72.99,147.58,0,1500,1678,NW
1175245.069,X_LEG_3,2.61,72.99,147.58,0,1500,1678,NW
1175245.089,X_LEG_3,2.61,72.99,147.58,0,1500,1678,NW
1175245.110,X_LEG_3,2.61,72.99,147.58,0,1500,1678,NW
1175245.131,X_LEG_3,2.61,72.99,147.58,0,1500,1678,NW
1175245.151,X_LEG_3,2.61,72.99,147.58,0,1500,1678,NW
1175245.171,X_LEG_3,2.61,72.99,147.58,0,1500,1678,NW
1175245.192,X_LEG_3,2.61,72.99,147.58,0,1500,1678,NW
1175245.212,X_LEG_3,2.61,72.99,147.58,0,1500,1678,NW
1175245.233,X_LEG_3,2.61,72.99,147.58,0,1500,1678,NW
1175245.254,X_LEG_3,2.61,72.99,147.58,0,1500,1678,NW
1175245.274,X_LEG_3,2.61,72.99,147.58,0,1500,1678,NW
1175245.294,X_LEG_3,2.61,72.99,147.58,0,1500,1678,NW
1175245.316,X_LEG_3,2.61,72.99,147.58,0,1500,1678,NW
1175245.336,X_LEG_3,2.61,72.99,147.58,0,1500,1678,NW
1175245.356,X_LEG_3,2.61,72.99,147.58,0,1500,1678,NW
1175245.377,X_LEG_3,2.61,72.99,147.58,0,1500,1678,NW
1175245.398,X_LEG_3,2.61,72.99,147.58,0,1500,1678,NW
1175245.418,X_LEG_3,2.61,72.99,147.58,0,1500,1678,NW
1175245.439,X_LEG_3,2.61,72.99,147.58,0,1500,1678,NW
1175245.459,X_LEG_3,2.61,72.99,147.58,0,1500,1678,NW
1175245.479,X_LEG_3,2.61,72.99,147.58,0,1500,1678,NW
1175245.500,X_LEG_3,2.61,72.99,147.58,0,1500,1678,NW
1175245.521,X_LEG_3,2.61,72.99,147.58,0,1500,1678,NW
1175245.541,X_LEG_3,2.61,72.99,147.58,0,1500,1678,NW
1175245.561,X_LEG_3,2.61,72.99,147.58,0,1500,1678,NW
1175245.582,X_LEG_3,2.61,72.99,147.58,0,1500,1678,NW
1175245.603,X_LEG_3,2.61,72.99,147.58,0,1500,1678,NW
1175245.623,X_LEG_3,2.61,72.99,147.58,0,1500,1678,NW
1175245.644,X_LEG_3,2.61,72.99,147.58,0,1500,1678,NW
1175245.665,X_LEG_3,2.61,72.99,147.58,0,1500,1678,NW
1175245.685,X_LEG_3,2.61,72.99,147.58,0,1500,1678,NW
1175245.705,X_LEG_3,2.61,72.99,147.58,0,1500,1678,NW
1175245.726,X_LEG_3,2.61,72.99,147.58,0,1500,1678,NW
1175245.746,X_LEG_3,2.61,72.99,147.58,0,1500,1678,NW
1175245.767,X_LEG_3,2.61,72.99,147.58,0,1500,1678,NW
1175245.787,X_LEG_3,2.61,72.99,147.58,0,1500,1678,NW
1175245.808,X_LEG_3,2.61,72.99,147.58,0,1500,1678,NW
1175245.828,X_LEG_3,2.61,72.99,147.58,0,1500,1678,NW
1175245.849,X_LEG_3,2.61,72.99,147.58,0,1500,1678,NW
1175245.870,X_LEG_3,2.61,72.99,147.58,0,1500,1678,NW
1175245.890,X_LEG_3,2.61,72.99,147.58,0,1500,1678,NW
1175245.911,X_LEG_3,2.61,72.99,147.58,0,1500,1678,NW
1175245.931,X_LEG_3,2.61,72.99,147.58,0,1500,1678,NW
1175245.952,X_LEG_3,2.61,72.99,147.58,0,1500,1678,NW
1175245.972,X_LEG_3,2.61,72.99,147.58,0,1500,1678,NW
1175245.993,X_LEG_3,2.61,72.99,147.58,0,1500,1678,NW
1175246.013,X_LEG_3,2.61,72.99,147.58,0,1500,1678,NW
1175246.034,X_LEG_3,2.61,72.99,147.58,0,1500,1678,NW
1175246.054,X_LEG_3,2.61,72.99,147.58,0,1500,1678,NW
1175246.075,X_LEG_3,2.61,72.99,147.58,0,1500,1678,NW
1175246.095,X_LEG_3,2.61,72.99,147.58,0,1500,1678,NW
1175246.116,X_LEG_3,2.61,72.99,147.58,0,1500,1678,NW
1175246.136,X_LEG_3,2.61,72.99,147.58,0,1500,1678,NW
1175246.157,X_LEG_3,2.61,72.99,147.58,0,1500,1678,NW
1175246.177,X_LEG_3,2.61,72.99,147.58,0,1500,1678,NW
1175246.197,X_LEG_3,2.61,72.99,147.58,0,1500,1678,NW
1175246.218,X_LEG_3,2.61,72.99,147.58,0,1500,1678,NW
1175246.238,X_LEG_3,2.61,72.99,147.58,0,1500,1678,NW
1175246.259,X_LEG_3,2.61,72.99,147.58,0,1500,1678,NW
1175246.279,X_LEG_3,2.61,72.99,147.58,0,1500,1678,NW
1175246.300,X_LEG_3,2.61,72.99,147.58,0,1500,1678,NW
1175246.320,X_LEG_3,2.61,72.99,147.58,0,1500,1678,NW
1175246.341,X_LEG_3,2.61,72.99,147.58,0,1500,1678,NW
1175246.361,X_LEG_3,2.61,72.99,147.58,0,1500,1678,NW
1175246.382,X_LEG_3,2.61,72.99,147.58,0,1500,1678,NW
1175246.402,X_LEG_3,2.61,72.99,147.58,0,1500,1678,NW
1175246.423,X_LEG_3,2.61,72.99,147.58,0,1500,1678,NW
1175246.443,X_LEG_3,2.61,72.99,147.58,0,1500,1678,NW
1175246.464,X_LEG_3,2.61,72.99,147.58,0,1500,1678,NW
1175246.484,X_LEG_3,2.61,72.99,147.58,0,1500,1678,NW
1175246.506,X_LEG_3,2.61,72.99,147.58,0,1500,1678,NW
1175246.526,X_LEG_3,2.61,72.99,147.58,0,1500,1678,NW
1175246.547,X_LEG_3,2.61,72.99,147.58,0,1500,1678,NW
1175246.567,X_LEG_3,2.61,72.99,147.58,0,1500,1678,NW
1175246.588,X_LEG_3,2.61,72.99,147.58,0,1500,1678,NW
1175246.608,X_LEG_3,2.61,72.99,147.58,0,1500,1678,NW
1175246.628,X_LEG_3,2.61,72.99,147.58,0,1500,1678,NW
1175246.649,X_LEG_3,2.61,72.99,147.58,0,1500,1678,NW
1175246.670,X_LEG_3,2.61,72.99,147.58,0,1500,1678,NW
1175246.690,X_LEG_3,2.61,72.99,147.58,0,1500,1678,NW
1175246.710,X_LEG_3,2.61,72.99,147.58,0,1500,1678,NW
1175246.731,X_LEG_3,2.61,72.99,147.58,0,1500,1678,NW
1175246.751,X_LEG_3,2.61,72.99,147.58,0,1500,1678,NW
1175246.772,X_LEG_3,2.61,72.99,147.58,0,1500,1678,NW
1175246.792,X_LEG_3,2.61,72.99,147.58,0,1500,1678,NW
1175246.813,X_LEG_3,2.61,72.99,147.58,0,1500,1678,NW
1175246.833,X_LEG_3,2.61,72.99,147.58,0,1500,1678,NW
1175246.854,X_LEG_3,2.61,72.99,147.58,0,1500,1678,NW
1175246.874,X_LEG_3,2.61,72.99,147.58,0,1500,1678,NW
1175246.894,X_LEG_3,2.61,72.99,147.58,0,1500,1678,NW
1175246.914,X_LEG_3,2.61,72.99,147.58,0,1500,1678,NW
1175246.935,X_LEG_3,2.61,72.99,147.58,0,1500,1678,NW
1175246.955,X_LEG_3,2.61,72.99,147.58,0,1500,1678,NW
1175246.976,X_LEG_3,2.61,72.99,147.58,0,1500,1678,NW
1175246.997,X_LEG_3,2.61,72.99,147.58,0,1500,1678,NW
1175247.017,X_LEG_3,2.61,72.99,147.58,0,1500,1678,NW
1175247.037,X_LEG_3,2.61,72.99,147.58,0,1500,1678,NW
1175247.058,X_LEG_3,2.61,72.99,147.58,0,1500,1678,NW
1175247.078,X_LEG_3,2.61,72.99,147.58,0,1500,1678,NW
1175247.099,X_LEG_3,2.61,72.99,147.58,0,1500,1678,NW
1175247.119,X_LEG_3,2.61,72.99,147.58,0,1500,1678,NW
1175247.140,X_LEG_3,2.61,72.99,147.58,0,1500,1678,NW
1175247.160,X_LEG_3,2.61,72.99,147.58,0,1500,1678,NW
1175247.181,X_LEG_3,2.61,72.99,147.58,0,1500,1678,NW
1175247.201,X_LEG_3,2.61,72.99,147.58,0,1500,1678,NW
1175247.221,X_LEG_3,2.61,72.99,147.58,0,1500,1678,NW
1175247.242,X_LEG_3,2.61,72.99,147.58,0,1500,1678,NW
1175247.262,X_LEG_3,2.61,72.99,147.58,0,1500,1678,NW
1175247.282,X_LEG_3,2.61,72.99,147.58,0,1500,1678,NW
1175247.303,X_LEG_3,2.61,72.99,147.58,0,1500,1678,NW
1175247.323,X_LEG_3,2.61,72.99,147.58,0,1500,1678,NW
1175247.344,X_LEG_3,2.61,72.99,147.58,0,1500,1678,NW
1175247.364,X_LEG_3,2.61,72.99,147.58,0,1500,1678,NW
1175247.385,X_LEG_3,2.61,72.99,147.58,0,1500,1678,NW
1175247.405,X_LEG_3,2.61,72.99,147.58,0,1500,1678,NW
1175247.426,X_LEG_3,2.61,72.99,147.58,0,1500,1678,NW
1175247.446,X_LEG_3,2.61,72.99,147.58,0,1500,1678,NW
1175247.466,X_LEG_3,2.61,72.99,147.58,0,1500,1678,NW
1175247.487,X_LEG_3,2.61,72.99,147.58,0,1500,1678,NW
1175247.507,X_LEG_3,2.61,72.99,147.58,0,1500,1678,NW
1175247.527,X_LEG_3,2.61,72.99,147.58,0,1500,1678,NW
1175247.548,X_LEG_3,2.61,72.99,147.58,0,1500,1678,NW
1175247.569,X_LEG_3,2.61,72.99,147.58,0,1500,1678,NW
1175247.589,X_LEG_3,2.61,72.99,147.58,0,1500,1678,NW
1175247.609,X_LEG_3,2.61,72.99,147.58,0,1500,1678,NW
1175247.631,X_LEG_3,2.61,72.99,147.58,0,1500,1678,NW
1175247.652,X_LEG_3,2.61,72.99,147.58,0,1500,1678,NW
1175247.672,X_LEG_3,2.61,72.99,147.58,0,1500,1678,NW
1175247.692,X_LEG_3,2.61,72.99,147.58,0,1500,1678,NW
1175247.712,X_LEG_3,2.61,72.99,147.58,0,1500,1678,NW
1175247.732,X_LEG_3,2.61,72.99,147.58,0,1500,1678,NW
1175247.753,X_LEG_3,2.61,72.99,147.58,0,1500,1678,NW
1175247.773,X_LEG_3,2.61,72.99,147.58,0,1500,1678,NW
1175247.794,X_LEG_3,2.61,72.99,147.58,0,1500,1678,NW
1175247.814,X_LEG_3,2.61,72.99,147.58,0,1500,1678,NW
1175247.835,X_LEG_3,2.61,72.99,147.58,0,1500,1678,NW
1175247.855,X_LEG_3,2.61,72.99,147.58,0,1500,1678,NW
1175247.876,X_LEG_3,2.61,72.99,147.58,0,1500,1678,NW
1175247.896,X_LEG_3,2.61,72.99,147.58,0,1500,1678,NW
1175247.917,X_LEG_3,2.61,72.99,147.58,0,1500,1678,NW
1175247.937,X_LEG_3,2.61,72.99,147.58,0,1500,1678,NW
1175247.958,X_LEG_3,2.61,72.99,147.58,0,1500,1678,NW
1175247.978,X_LEG_3,2.61,72.99,147.58,0,1500,1678,NW
1175247.999,X_LEG_3,2.61,72.99,147.58,0,1500,1678,NW
1175248.019,X_LEG_3,2.61,72.99,147.58,0,1500,1678,NW
1175248.039,X_LEG_3,2.61,72.99,147.58,0,1500,1678,NW
1175248.060,X_LEG_3,2.61,72.99,147.58,0,1500,1678,NW
1175248.080,X_LEG_3,2.61,72.99,147.58,0,1500,1678,NW
1175248.101,X_LEG_3,2.61,72.99,147.58,0,1500,1678,NW
1175248.121,X_LEG_3,2.61,72.99,147.58,0,1500,1678,NW
1175248.142,X_LEG_3,2.61,72.99,147.58,0,1500,1678,NW
1175248.162,X_LEG_3,2.61,72.99,147.58,0,1500,1678,NW
1175248.183,X_LEG_3,2.61,72.99,147.58,0,1500,1678,NW
1175248.203,X_LEG_3,2.61,72.99,147.58,0,1500,1678,NW
1175248.224,X_LEG_3,2.61,72.99,147.58,0,1500,1678,NW
1175248.246,X_LEG_3,2.61,72.99,147.58,0,1500,1678,NW
1175248.265,X_LEG_3,2.61,72.99,147.58,0,1500,1678,NW
1175248.285,X_LEG_3,2.61,72.99,147.58,0,1500,1678,NW
1175248.306,X_LEG_3,2.61,72.99,147.58,0,1500,1678,NW
1175248.327,X_LEG_3,2.61,72.99,147.58,0,1500,1678,NW
1175248.347,X_LEG_3,2.61,72.99,147.58,0,1500,1678,NW
1175248.367,X_LEG_3,2.61,72.99,147.58,0,1500,1678,NW
1175248.388,X_LEG_3,2.61,72.99,147.58,0,1500,1678,NW
1175248.408,X_LEG_3,2.61,72.99,147.58,0,1500,1678,NW
1175248.429,X_LEG_3,2.61,72.99,147.58,0,1500,1678,NW
1175248.449,X_LEG_3,2.61,72.99,147.58,0,1500,1678,NW
1175248.469,X_LEG_3,2.61,72.99,147.58,0,1500,1678,NW
1175248.490,X_LEG_3,2.61,72.99,147.58,0,1500,1678,NW
1175248.510,X_LEG_3,2.61,72.99,147.58,0,1500,1678,NW
1175248.530,X_LEG_3,2.61,72.99,147.58,0,1500,1678,NW
1175248.551,X_LEG_3,2.61,72.99,147.58,0,1500,1678,NW
1175248.571,X_LEG_3,2.61,72.99,147.58,0,1500,1678,NW
1175248.592,X_LEG_3,2.61,72.99,147.58,0,1500,1678,NW
1175248.612,X_LEG_3,2.61,72.99,147.58,0,1500,1678,NW
1175248.633,X_LEG_3,2.61,72.99,147.58,0,1500,1678,NW
1175248.653,X_LEG_3,2.61,72.99,147.58,0,1500,1678,NW
1175248.674,X_LEG_3,2.61,72.99,147.58,0,1500,1678,NW
1175248.695,X_LEG_3,2.61,72.99,147.58,0,1500,1678,NW
1175248.715,X_LEG_3,2.61,72.99,147.58,0,1500,1678,NW
1175248.736,X_LEG_3,2.61,72.99,147.58,0,1500,1678,NW
1175248.756,X_LEG_3,2.61,72.99,147.58,0,1500,1678,NW
1175248.776,X_LEG_3,2.61,72.99,147.58,0,1500,1678,NW
1175248.796,X_LEG_3,2.61,72.99,147.58,0,1500,1678,NW
1175248.816,X_LEG_3,2.61,72.99,147.58,0,1500,1678,NW
1175248.837,X_LEG_3,2.61,72.99,147.58,0,1500,1678,NW
1175248.858,X_LEG_3,2.61,72.99,147.58,0,1500,1678,NW
1175248.879,X_LEG_3,2.61,72.99,147.58,0,1500,1678,NW
1175248.899,X_LEG_3,2.61,72.99,147.58,0,1500,1678,NW
1175248.920,X_LEG_3,2.61,72.99,147.58,0,1500,1678,NW
1175248.940,X_LEG_3,2.61,72.99,147.58,0,1500,1678,NW
1175248.961,X_LEG_3,2.61,72.99,147.58,0,1500,1678,NW
1175248.982,X_LEG_3,2.61,72.99,147.58,0,1500,1678,NW
1175249.002,X_LEG_3,2.61,72.99,147.58,0,1500,1678,NW
1175249.022,X_LEG_3,2.61,72.99,147.58,0,1500,1678,NW
1175249.043,X_LEG_3,2.61,72.99,147.58,0,1500,1678,NW
1175249.063,X_LEG_3,2.61,72.99,147.58,0,1500,1678,NW
1175249.083,X_LEG_3,2.61,72.99,147.58,0,1500,1678,NW
1175249.104,X_LEG_3,2.61,72.99,147.58,0,1500,1678,NW
1175249.124,X_LEG_3,2.61,72.99,147.58,0,1500,1678,NW
1175249.144,X_LEG_3,2.61,72.99,147.58,0,1500,1678,NW
1175249.165,X_LEG_3,2.61,72.99,147.58,0,1500,1678,NW
1175249.185,X_LEG_3,2.61,72.99,147.58,0,1500,1678,NW
1175249.206,X_LEG_3,2.61,72.99,147.58,0,1500,1678,NW
1175249.226,X_LEG_3,2.61,72.99,147.58,0,1500,1678,NW
1175249.248,X_LEG_3,2.61,72.99,147.58,0,1500,1678,NW
1175249.268,X_LEG_3,2.61,72.99,147.58,0,1500,1678,NW
1175249.289,X_LEG_3,2.61,72.99,147.58,0,1500,1678,NW
1175249.309,X_LEG_3,2.61,72.99,147.58,0,1500,1678,NW
1175249.329,X_LEG_3,2.61,72.99,147.58,0,1500,1678,NW
1175249.350,X_LEG_3,2.61,72.99,147.58,0,1500,1678,NW
1175249.371,X_LEG_3,2.61,72.99,147.58,0,1500,1678,NW
1175249.393,X_LEG_3,2.61,72.99,147.58,0,1500,1678,NW
1175249.413,X_LEG_3,2.61,72.99,147.58,0,1500,1678,NW
1175249.437,X_LEG_3,2.61,72.99,147.58,0,1500,1678,NW
1175249.457,X_LEG_3,2.61,72.99,147.58,0,1500,1678,NW
1175249.478,X_LEG_3,2.61,72.99,147.58,0,1500,1678,NW
1175249.498,X_LEG_3,2.61,72.99,147.58,0,1500,1678,NW
1175249.519,X_LEG_3,2.61,72.99,147.58,0,1500,1678,NW
1175249.539,X_LEG_3,2.61,72.99,147.58,0,1500,1678,NW
1175249.559,X_LEG_3,2.61,72.99,147.58,0,1500,1678,NW
1175249.580,X_LEG_3,2.61,72.99,147.58,0,1500,1678,NW
1175249.600,X_LEG_3,2.61,72.99,147.58,0,1500,1678,NW
1175249.621,X_LEG_3,2.61,72.99,147.58,0,1500,1678,NW
1175249.641,X_LEG_3,2.61,72.99,147.58,0,1500,1678,NW
1175249.661,X_LEG_3,2.61,72.99,147.58,0,1500,1678,NW
1175249.682,X_LEG_3,2.61,72.99,147.58,0,1500,1678,NW
1175249.703,X_LEG_3,2.61,72.99,147.58,0,1500,1678,NW
1175249.724,X_LEG_3,2.61,72.99,147.58,0,1500,1678,NW
1175249.744,X_LEG_3,2.61,72.99,147.58,0,1500,1678,NW
1175249.764,X_LEG_3,2.61,72.99,147.58,0,1500,1678,NW
1175249.785,X_LEG_3,2.61,72.99,147.58,0,1500,1678,NW
1175249.806,X_LEG_3,2.61,72.99,147.58,0,1500,1678,NW
1175249.826,X_LEG_3,2.61,72.99,147.58,0,1500,1678,NW
1175249.847,X_LEG_3,2.61,72.99,147.58,0,1500,1678,NW
1175249.869,X_LEG_3,2.61,72.99,147.58,0,1500,1678,NW
1175249.890,X_LEG_3,2.61,72.99,147.58,0,1500,1678,NW
1175249.911,X_LEG_3,2.61,72.99,147.58,0,1500,1678,NW
1175249.933,X_LEG_3,2.61,72.99,147.58,0,1500,1678,NW
1175249.952,X_LEG_3,2.61,72.99,147.58,0,1500,1678,NW
1175249.973,X_LEG_3,2.61,72.99,147.58,0,1500,1678,NW
1175249.993,X_LEG_3,2.61,72.99,147.58,0,1500,1678,NW
1175250.013,X_LEG_3,2.61,72.99,147.58,0,1500,1678,NW
1175250.034,X_LEG_3,2.61,72.99,147.58,0,1500,1678,NW
1175250.054,X_LEG_3,2.61,72.99,147.58,0,1500,1678,NW
1175250.074,X_LEG_3,2.61,72.99,147.58,0,1500,1678,NW
1175250.095,X_LEG_3,2.61,72.99,147.58,0,1500,1678,NW
1175250.115,X_LEG_3,2.61,72.99,147.58,0,1500,1678,NW
1175250.136,X_LEG_3,2.61,72.99,147.58,0,1500,1678,NW
1175250.156,X_LEG_3,2.61,72.99,147.58,0,1500,1678,NW
1175250.176,X_LEG_3,2.61,72.99,147.58,0,1500,1678,NW
1175250.197,X_LEG_3,2.61,72.99,147.58,0,1500,1678,NW
1175250.217,X_LEG_3,2.61,72.99,147.58,0,1500,1678,NW
1175250.238,X_LEG_3,2.61,72.99,147.58,0,1500,1678,NW
1175250.258,X_LEG_3,2.61,72.99,147.58,0,1500,1678,NW
1175250.278,X_LEG_3,2.61,72.99,147.58,0,1500,1678,NW
1175250.299,X_LEG_3,2.61,72.99,147.58,0,1500,1678,NW
1175250.319,X_LEG_3,2.61,72.99,147.58,0,1500,1678,NW
1175250.339,X_LEG_3,2.61,72.99,147.58,0,1500,1678,NW
1175250.360,X_LEG_3,2.61,72.99,147.58,0,1500,1678,NW
1175250.383,X_LEG_3,2.61,72.99,147.58,0,1500,1678,NW
1175250.403,X_LEG_3,2.61,72.99,147.58,0,1500,1678,NW
1175250.424,X_LEG_3,2.61,72.99,147.58,0,1500,1678,NW
1175250.445,X_LEG_3,2.61,72.99,147.58,0,1500,1678,NW
1175250.466,X_LEG_3,2.61,72.99,147.58,0,1500,1678,NW
1175250.486,X_LEG_3,2.61,72.99,147.58,0,1500,1678,NW
1175250.508,X_LEG_3,2.61,72.99,147.58,0,1500,1678,NW
1175250.528,X_LEG_3,2.61,72.99,147.58,0,1500,1678,NW
1175250.548,X_LEG_3,2.61,72.99,147.58,0,1500,1678,NW
1175250.569,X_LEG_3,2.61,72.99,147.58,0,1500,1678,NW
1175250.589,X_LEG_3,2.61,72.99,147.58,0,1500,1678,NW
1175250.610,X_LEG_3,2.61,72.99,147.58,0,1500,1678,NW
1175250.631,X_LEG_3,2.61,72.99,147.58,0,1500,1678,NW
1175250.652,X_LEG_3,2.61,72.99,147.58,0,1500,1678,NW
1175250.672,X_LEG_3,2.61,72.99,147.58,0,1500,1678,NW
1175250.693,X_LEG_3,2.61,72.99,147.58,0,1500,1678,NW
1175250.713,X_LEG_3,2.61,72.99,147.58,0,1500,1678,NW
1175250.734,X_LEG_3,2.61,72.99,147.58,0,1500,1678,NW
1175250.755,X_LEG_3,2.61,72.99,147.58,0,1500,1678,NW
1175250.776,X_LEG_3,2.61,72.99,147.58,0,1500,1678,NW
1175250.797,X_LEG_3,2.61,72.99,147.58,0,1500,1678,NW
1175250.818,X_LEG_3,2.61,72.99,147.58,0,1500,1678,NW
1175250.838,X_LEG_3,2.61,72.99,147.58,0,1500,1678,NW
1175250.858,X_LEG_3,2.61,72.99,147.58,0,1500,1678,NW
1175250.879,X_LEG_3,2.61,72.99,147.58,0,1500,1678,NW
1175250.899,X_LEG_3,2.61,72.99,147.58,0,1500,1678,NW
1175250.920,X_LEG_3,2.61,72.99,147.58,0,1500,1678,NW
1175250.940,X_LEG_3,2.61,72.99,147.58,0,1500,1678,NW
1175250.960,X_LEG_3,2.61,72.99,147.58,0,1500,1678,NW
1175250.981,X_LEG_3,2.61,72.99,147.58,0,1500,1678,NW
1175251.001,X_LEG_3,2.61,72.99,147.58,0,1500,1678,NW
1175251.022,X_LEG_3,2.61,72.99,147.58,0,1500,1678,NW
1175251.043,X_LEG_3,2.61,72.99,147.58,0,1500,1678,NW
1175251.063,X_LEG_3,2.61,72.99,147.58,0,1500,1678,NW
1175251.084,X_LEG_3,2.61,72.99,147.58,0,1500,1678,NW
1175251.104,X_LEG_3,2.61,72.99,147.58,0,1500,1678,NW
1175251.125,X_LEG_3,2.61,72.99,147.58,0,1500,1678,NW
1175251.145,X_LEG_3,2.61,72.99,147.58,0,1500,1678,NW
1175251.166,X_LEG_3,2.61,72.99,147.58,0,1500,1678,NW
1175251.186,X_LEG_3,2.61,72.99,147.58,0,1500,1678,NW
1175251.207,X_LEG_3,2.61,72.99,147.58,0,1500,1678,NW
1175251.227,X_LEG_3,2.61,72.99,147.58,0,1500,1678,NW
1175251.247,X_LEG_3,2.61,72.99,147.58,0,1500,1678,NW
1175251.268,X_LEG_3,2.61,72.99,147.58,0,1500,1678,NW
1175251.288,X_LEG_3,2.61,72.99,147.58,0,1500,1678,NW
1175251.309,X_LEG_3,2.61,72.99,147.58,0,1500,1678,NW
1175251.329,X_LEG_3,2.61,72.99,147.58,0,1500,1678,NW
1175251.350,X_LEG_3,2.61,72.99,147.58,0,1500,1678,NW
1175251.371,X_LEG_3,2.61,72.99,147.58,0,1500,1678,NW
1175251.391,X_LEG_3,2.61,72.99,147.58,0,1500,1678,NW
1175251.411,X_LEG_3,2.61,72.99,147.58,0,1500,1678,NW
1175251.432,X_LEG_3,2.61,72.99,147.58,0,1500,1678,NW
1175251.452,X_LEG_3,2.61,72.99,147.58,0,1500,1678,NW
1175251.473,X_LEG_3,2.61,72.99,147.58,0,1500,1678,NW
1175251.493,X_LEG_3,2.61,72.99,147.58,0,1500,1678,NW
1175251.513,X_LEG_3,2.61,72.99,147.58,0,1500,1678,NW
1175251.534,X_LEG_3,2.61,72.99,147.58,0,1500,1678,NW
1175251.554,X_LEG_3,2.61,72.99,147.58,0,1500,1678,NW
1175251.575,X_LEG_3,2.61,72.99,147.58,0,1500,1678,NW
1175251.595,X_LEG_3,2.61,72.99,147.58,0,1500,1678,NW
1175251.615,X_LEG_3,2.61,72.99,147.58,0,1500,1678,NW
1175251.636,X_LEG_3,2.61,72.99,147.58,0,1500,1678,NW
1175251.656,X_LEG_3,2.61,72.99,147.58,0,1500,1678,NW
1175251.677,X_LEG_3,2.61,72.99,147.58,0,1500,1678,NW
1175251.697,X_LEG_3,2.61,72.99,147.58,0,1500,1678,NW
1175251.718,X_LEG_3,2.61,72.99,147.58,0,1500,1678,NW
1175251.738,X_LEG_3,2.61,72.99,147.58,0,1500,1678,NW
1175251.758,X_LEG_3,2.61,72.99,147.58,0,1500,1678,NW
1175251.779,X_LEG_3,2.61,72.99,147.58,0,1500,1678,NW
1175251.800,X_LEG_3,2.61,72.99,147.58,0,1500,1678,NW
1175251.820,X_LEG_3,2.61,72.99,147.58,0,1500,1678,NW
1175251.840,X_LEG_3,2.61,72.99,147.58,0,1500,1678,NW
1175251.861,X_LEG_3,2.61,72.99,147.58,0,1500,1678,NW
1175251.881,X_LEG_3,2.61,72.99,147.58,0,1500,1678,NW
1175251.901,X_LEG_3,2.61,72.99,147.58,0,1500,1678,NW
1175251.922,X_LEG_3,2.61,72.99,147.58,0,1500,1678,NW
1175251.942,X_LEG_3,2.61,72.99,147.58,0,1500,1678,NW
1175251.963,X_LEG_3,2.61,72.99,147.58,0,1500,1678,NW
1175251.984,X_LEG_3,2.61,72.99,147.58,0,1500,1678,NW
1175252.004,X_LEG_3,2.61,72.99,147.58,0,1500,1678,NW
1175252.025,X_LEG_3,2.61,72.99,147.58,0,1500,1678,NW
1175252.046,X_LEG_3,2.61,72.99,147.58,0,1500,1678,NW
1175252.066,X_LEG_3,2.61,72.99,147.58,0,1500,1678,NW
1175252.087,X_LEG_3,2.61,72.99,147.58,0,1500,1678,NW
1175252.108,X_LEG_3,2.61,72.99,147.58,0,1500,1678,NW
1175252.129,X_LEG_3,2.61,72.99,147.58,0,1500,1678,NW
1175252.149,X_LEG_3,2.61,72.99,147.58,0,1500,1678,NW
1175252.170,X_LEG_3,2.61,72.99,147.58,0,1500,1678,NW
1175252.190,X_LEG_3,2.61,72.99,147.58,0,1500,1678,NW
1175252.211,X_LEG_3,2.61,72.99,147.58,0,1500,1678,NW
1175252.231,X_LEG_3,2.61,72.99,147.58,0,1500,1678,NW
1175252.251,X_LEG_3,2.61,72.99,147.58,0,1500,1678,NW
1175252.272,X_LEG_3,2.61,72.99,147.58,0,1500,1678,NW
1175252.292,X_LEG_3,2.61,72.99,147.58,0,1500,1678,NW
1175252.313,X_LEG_3,2.61,72.99,147.58,0,1500,1678,NW
1175252.333,X_LEG_3,2.61,72.99,147.58,0,1500,1678,NW
1175252.354,X_LEG_3,2.61,72.99,147.58,0,1500,1678,NW
1175252.374,X_LEG_3,2.61,72.99,147.58,0,1500,1678,NW
1175252.394,X_LEG_3,2.61,72.99,147.58,0,1500,1678,NW
1175252.415,X_LEG_3,2.61,72.99,147.58,0,1500,1678,NW
1175252.435,X_LEG_3,2.61,72.99,147.58,0,1500,1678,NW
1175252.455,X_LEG_3,2.61,72.99,147.58,0,1500,1678,NW
1175252.476,X_LEG_3,2.61,72.99,147.58,0,1500,1678,NW
1175252.496,X_LEG_3,2.61,72.99,147.58,0,1500,1678,NW
1175252.517,X_LEG_3,2.61,72.99,147.58,0,1500,1678,NW
1175252.537,X_LEG_3,2.61,72.99,147.58,0,1500,1678,NW
1175252.558,X_LEG_3,2.61,72.99,147.58,0,1500,1678,NW
1175252.580,X_LEG_3,2.61,72.99,147.58,0,1500,1678,NW
1175252.601,X_LEG_3,2.61,72.99,147.58,0,1500,1678,NW
1175252.621,X_LEG_3,2.61,72.99,147.58,0,1500,1678,NW
1175252.642,X_LEG_3,2.61,72.99,147.58,0,1500,1678,NW
1175252.662,X_LEG_3,2.61,72.99,147.58,0,1500,1678,NW
1175252.683,X_LEG_3,2.61,72.99,147.58,0,1500,1678,NW
1175252.703,X_LEG_3,2.61,72.99,147.58,0,1500,1678,NW
1175252.724,X_LEG_3,2.61,72.99,147.58,0,1500,1678,NW
1175252.744,X_LEG_3,2.61,72.99,147.58,0,1500,1678,NW
1175252.765,X_LEG_3,2.61,72.99,147.58,0,1500,1678,NW
1175252.785,X_LEG_3,2.61,72.99,147.58,0,1500,1678,NW
1175252.806,X_LEG_3,2.61,72.99,147.58,0,1500,1678,NW
1175252.826,X_LEG_3,2.61,72.99,147.58,0,1500,1678,NW
1175252.847,X_LEG_3,2.61,72.99,147.58,0,1500,1678,NW
1175252.867,X_LEG_3,2.61,72.99,147.58,0,1500,1678,NW
1175252.887,X_LEG_3,2.61,72.99,147.58,0,1500,1678,NW
1175252.908,X_LEG_3,2.61,72.99,147.58,0,1500,1678,NW
1175252.928,X_LEG_3,2.61,72.99,147.58,0,1500,1678,NW
1175252.949,X_LEG_3,2.61,72.99,147.58,0,1500,1678,NW
1175252.970,X_LEG_3,2.61,72.99,147.58,0,1500,1678,NW
1175252.990,X_LEG_3,2.61,72.99,147.58,0,1500,1678,NW
1175253.011,X_LEG_3,2.61,72.99,147.58,0,1500,1678,NW
1175253.032,X_LEG_3,2.61,72.99,147.58,0,1500,1678,NW
1175253.054,X_LEG_3,2.61,72.99,147.58,0,1500,1678,NW
1175253.075,X_LEG_3,2.61,72.99,147.58,0,1500,1678,NW
1175253.095,X_LEG_3,2.61,72.99,147.58,0,1500,1678,NW
1175253.116,X_LEG_3,2.61,72.99,147.58,0,1500,1678,NW
1175253.137,X_LEG_3,2.61,72.99,147.58,0,1500,1678,NW
1175253.158,X_LEG_3,2.61,72.99,147.58,0,1500,1678,NW
1175253.178,X_LEG_3,2.61,72.99,147.58,0,1500,1678,NW
1175253.198,X_LEG_3,2.61,72.99,147.58,0,1500,1678,NW
1175253.219,X_LEG_3,2.61,72.99,147.58,0,1500,1678,NW
1175253.240,X_LEG_3,2.61,72.99,147.58,0,1500,1678,NW
1175253.259,X_LEG_3,2.61,72.99,147.58,0,1500,1678,NW
1175253.280,X_LEG_3,2.61,72.99,147.58,0,1500,1678,NW
1175253.301,X_LEG_3,2.61,72.99,147.58,0,1500,1678,NW
1175253.321,X_LEG_3,2.61,72.99,147.58,0,1500,1678,NW
1175253.342,X_LEG_3,2.61,72.99,147.58,0,1500,1678,NW
1175253.362,X_LEG_3,2.61,72.99,147.58,0,1500,1678,NW
1175253.384,X_LEG_3,2.61,72.99,147.58,0,1500,1678,NW
1175253.404,X_LEG_3,2.61,72.99,147.58,0,1500,1678,NW
1175253.425,X_LEG_3,2.61,72.99,147.58,0,1500,1678,NW
1175253.445,X_LEG_3,2.61,72.99,147.58,0,1500,1678,NW
1175253.466,X_LEG_3,2.61,72.99,147.58,0,1500,1678,NW
1175253.486,X_LEG_3,2.61,72.99,147.58,0,1500,1678,NW
1175253.506,X_LEG_3,2.61,72.99,147.58,0,1500,1678,NW
1175253.527,X_LEG_3,2.61,72.99,147.58,0,1500,1678,NW
1175253.547,X_LEG_3,2.61,72.99,147.58,0,1500,1678,NW
1175253.568,X_LEG_3,2.61,72.99,147.58,0,1500,1678,NW
1175253.589,X_LEG_3,2.61,72.99,147.58,0,1500,1678,NW
1175253.609,X_LEG_3,2.61,72.99,147.58,0,1500,1678,NW
1175253.630,X_LEG_3,2.61,72.99,147.58,0,1500,1678,NW
1175253.650,X_LEG_3,2.61,72.99,147.58,0,1500,1678,NW
1175253.670,X_LEG_3,2.61,72.99,147.58,0,1500,1678,NW
1175253.690,X_LEG_3,2.61,72.99,147.58,0,1500,1678,NW
1175253.711,X_LEG_3,2.61,72.99,147.58,0,1500,1678,NW
1175253.731,X_LEG_3,2.61,72.99,147.58,0,1500,1678,NW
1175253.752,X_LEG_3,2.61,72.99,147.58,0,1500,1678,NW
1175253.772,X_LEG_3,2.61,72.99,147.58,0,1500,1678,NW
1175253.793,X_LEG_3,2.61,72.99,147.58,0,1500,1678,NW
1175253.813,X_LEG_3,2.61,72.99,147.58,0,1500,1678,NW
1175253.833,X_LEG_3,2.61,72.99,147.58,0,1500,1678,NW
1175253.853,X_LEG_3,2.61,72.99,147.58,0,1500,1678,NW
1175253.874,X_LEG_3,2.61,72.99,147.58,0,1500,1678,NW
1175253.894,X_LEG_3,2.61,72.99,147.58,0,1500,1678,NW
1175253.915,X_LEG_3,2.61,72.99,147.58,0,1500,1678,NW
1175253.936,X_LEG_3,2.61,72.99,147.58,0,1500,1678,NW
1175253.956,X_LEG_3,2.61,72.99,147.58,0,1500,1678,NW
1175253.976,X_LEG_3,2.61,72.99,147.58,0,1500,1678,NW
1175253.997,X_LEG_3,2.61,72.99,147.58,0,1500,1678,NW
1175254.017,X_LEG_3,2.61,72.99,147.58,0,1500,1678,NW
1175254.038,X_LEG_3,2.61,72.99,147.58,0,1500,1678,NW
1175254.058,X_LEG_3,2.61,72.99,147.58,0,1500,1678,NW
1175254.078,X_LEG_3,2.61,72.99,147.58,0,1500,1678,NW
1175254.098,X_LEG_3,2.61,72.99,147.58,0,1500,1678,NW
1175254.119,X_LEG_3,2.61,72.99,147.58,0,1500,1678,NW
1175254.139,X_LEG_3,2.61,72.99,147.58,0,1500,1678,NW
1175254.160,X_LEG_3,2.61,72.99,147.58,0,1500,1678,NW
1175254.180,X_LEG_3,2.61,72.99,147.58,0,1500,1678,NW
1175254.201,X_LEG_3,2.61,72.99,147.58,0,1500,1678,NW
1175254.221,X_LEG_3,2.61,72.99,147.58,0,1500,1678,NW
1175254.242,X_LEG_3,2.61,72.99,147.58,0,1500,1678,NW
1175254.263,X_LEG_3,2.61,72.99,147.58,0,1500,1678,NW
1175254.283,X_LEG_3,2.61,72.99,147.58,0,1500,1678,NW
1175254.304,X_LEG_3,2.61,72.99,147.58,0,1500,1678,NW
1175254.325,X_LEG_3,2.61,72.99,147.58,0,1500,1678,NW
1175254.346,X_LEG_3,2.61,72.99,147.58,0,1500,1678,NW
1175254.366,X_LEG_3,2.61,72.99,147.58,0,1500,1678,NW
1175254.386,X_LEG_3,2.61,72.99,147.58,0,1500,1678,NW
1175254.406,X_LEG_3,2.61,72.99,147.58,0,1500,1678,NW
1175254.427,X_LEG_3,2.61,72.99,147.58,0,1500,1678,NW
1175254.447,X_LEG_3,2.61,72.99,147.58,0,1500,1678,NW
1175254.468,X_LEG_3,2.61,72.99,147.58,0,1500,1678,NW
1175254.488,X_LEG_3,2.61,72.99,147.58,0,1500,1678,NW
1175254.509,X_LEG_3,2.61,72.99,147.58,0,1500,1678,NW
1175254.529,X_LEG_3,2.61,72.99,147.58,0,1500,1678,NW
1175254.550,X_LEG_3,2.61,72.99,147.58,0,1500,1678,NW
1175254.570,X_LEG_3,2.61,72.99,147.58,0,1500,1678,NW
1175254.591,X_LEG_3,2.61,72.99,147.58,0,1500,1678,NW
1175254.611,X_LEG_3,2.61,72.99,147.58,0,1500,1678,NW
1175254.632,X_LEG_3,2.61,72.99,147.58,0,1500,1678,NW
1175254.652,X_LEG_3,2.61,72.99,147.58,0,1500,1678,NW
1175254.673,X_LEG_3,2.61,72.99,147.58,0,1500,1678,NW
1175254.693,X_LEG_3,2.61,72.99,147.58,0,1500,1678,NW
1175254.714,X_LEG_3,2.61,72.99,147.58,0,1500,1678,NW
1175254.734,X_LEG_3,2.61,72.99,147.58,0,1500,1678,NW
1175254.755,X_LEG_3,2.61,72.99,147.58,0,1500,1678,NW
1175254.775,X_LEG_3,2.61,72.99,147.58,0,1500,1678,NW
1175254.796,X_LEG_3,2.61,72.99,147.58,0,1500,1678,NW
1175254.816,X_LEG_3,2.61,72.99,147.58,0,1500,1678,NW
1175254.837,X_LEG_3,2.61,72.99,147.58,0,1500,1678,NW
1175254.857,X_LEG_3,2.61,72.99,147.58,0,1500,1678,NW
1175254.879,X_LEG_3,2.61,72.99,147.58,0,1500,1678,NW
1175254.899,X_LEG_3,2.61,72.99,147.58,0,1500,1678,NW
1175254.919,X_LEG_3,2.61,72.99,147.58,0,1500,1678,NW
1175254.939,X_LEG_3,2.61,72.99,147.58,0,1500,1678,NW
1175254.959,X_LEG_3,2.61,72.99,147.58,0,1500,1678,NW
1175254.980,X_LEG_3,2.61,72.99,147.58,0,1500,1678,NW
1175255.001,X_LEG_3,2.61,72.99,147.58,0,1500,1678,NW
1175255.021,X_LEG_3,2.61,72.99,147.58,0,1500,1678,NW
1175255.041,X_LEG_3,2.61,72.99,147.58,0,1500,1678,NW
1175255.062,X_LEG_3,2.61,72.99,147.58,0,1500,1678,NW
1175255.082,X_LEG_3,2.61,72.99,147.58,0,1500,1678,NW
1175255.102,X_LEG_3,2.61,72.99,147.58,0,1500,1678,NW
1175255.123,X_LEG_3,2.61,72.99,147.58,0,1500,1678,NW
1175255.143,X_LEG_3,2.61,72.99,147.58,0,1500,1678,NW
1175255.164,X_LEG_3,2.61,72.99,147.58,0,1500,1678,NW
1175255.184,X_LEG_3,2.61,72.99,147.58,0,1500,1678,NW
1175255.205,X_LEG_3,2.61,72.99,147.58,0,1500,1678,NW
1175255.225,X_LEG_3,2.61,72.99,147.58,0,1500,1678,NW
1175255.246,X_LEG_3,2.61,72.99,147.58,0,1500,1678,NW
1175255.266,X_LEG_3,2.61,72.99,147.58,0,1500,1678,NW
1175255.287,X_LEG_3,2.61,72.99,147.58,0,1500,1678,NW
1175255.307,X_LEG_3,2.61,72.99,147.58,0,1500,1678,NW
1175255.327,X_LEG_3,2.61,72.99,147.58,0,1500,1678,NW
1175255.348,X_LEG_3,2.61,72.99,147.58,0,1500,1678,NW
1175255.368,X_LEG_3,2.61,72.99,147.58,0,1500,1678,NW
1175255.390,X_LEG_3,2.61,72.99,147.58,0,1500,1678,NW
1175255.410,X_LEG_3,2.61,72.99,147.58,0,1500,1678,NW
1175255.430,X_LEG_3,2.61,72.99,147.58,0,1500,1678,NW
1175255.451,X_LEG_3,2.61,72.99,147.58,0,1500,1678,NW
1175255.471,X_LEG_3,2.61,72.99,147.58,0,1500,1678,NW
1175255.492,X_LEG_3,2.61,72.99,147.58,0,1500,1678,NW
1175255.512,X_LEG_3,2.61,72.99,147.58,0,1500,1678,NW
1175255.533,X_LEG_3,2.61,72.99,147.58,0,1500,1678,NW
1175255.553,X_LEG_3,2.61,72.99,147.58,0,1500,1678,NW
1175255.574,X_LEG_3,2.61,72.99,147.58,0,1500,1678,NW
1175255.594,X_LEG_3,2.61,72.99,147.58,0,1500,1678,NW
1175255.615,X_LEG_3,2.61,72.99,147.58,0,1500,1678,NW
1175255.636,X_LEG_3,2.61,72.99,147.58,0,1500,1678,NW
1175255.657,X_LEG_3,2.61,72.99,147.58,0,1500,1678,NW
1175255.677,X_LEG_3,2.61,72.99,147.58,0,1500,1678,NW
1175255.697,X_LEG_3,2.61,72.99,147.58,0,1500,1678,NW
1175255.718,X_LEG_3,2.61,72.99,147.58,0,1500,1678,NW
1175255.738,X_LEG_3,2.61,72.99,147.58,0,1500,1678,NW
1175255.758,X_LEG_3,2.61,72.99,147.58,0,1500,1678,NW
1175255.779,X_LEG_3,2.61,72.99,147.58,0,1500,1678,NW
1175255.799,X_LEG_3,2.61,72.99,147.58,0,1500,1678,NW
1175255.820,X_LEG_3,2.61,72.99,147.58,0,1500,1678,NW
1175255.840,X_LEG_3,2.61,72.99,147.58,0,1500,1678,NW
1175255.861,X_LEG_3,2.61,72.99,147.58,0,1500,1678,NW
1175255.881,X_LEG_3,2.61,72.99,147.58,0,1500,1678,NW
1175255.902,X_LEG_3,2.61,72.99,147.58,0,1500,1678,NW
1175255.922,X_LEG_3,2.61,72.99,147.58,0,1500,1678,NW
1175255.943,X_LEG_3,2.61,72.99,147.58,0,1500,1678,NW
1175255.963,X_LEG_3,2.61,72.99,147.58,0,1500,1678,NW
1175255.985,X_LEG_3,2.61,72.99,147.58,0,1500,1678,NW
1175256.005,X_LEG_3,2.61,72.99,147.58,0,1500,1678,NW
1175256.025,X_LEG_3,2.61,72.99,147.58,0,1500,1678,NW
1175256.046,X_LEG_3,2.61,72.99,147.58,0,1500,1678,NW
1175256.066,X_LEG_3,2.61,72.99,147.58,0,1500,1678,NW
1175256.086,X_LEG_3,2.61,72.99,147.58,0,1500,1678,NW
1175256.108,X_LEG_3,2.61,72.99,147.58,0,1500,1678,NW
1175256.128,X_LEG_3,2.61,72.99,147.58,0,1500,1678,NW
1175256.149,X_LEG_3,2.61,72.99,147.58,0,1500,1678,NW
1175256.169,X_LEG_3,2.61,72.99,147.58,0,1500,1678,NW
1175256.190,X_LEG_3,2.61,72.99,147.58,0,1500,1678,NW
1175256.210,X_LEG_3,2.61,72.99,147.58,0,1500,1678,NW
1175256.230,X_LEG_3,2.61,72.99,147.58,0,1500,1678,NW
1175256.251,X_LEG_3,2.61,72.99,147.58,0,1500,1678,NW
1175256.271,X_LEG_3,2.61,72.99,147.58,0,1500,1678,NW
1175256.292,X_LEG_3,2.61,72.99,147.58,0,1500,1678,NW
1175256.312,X_LEG_3,2.61,72.99,147.58,0,1500,1678,NW
1175256.333,X_LEG_3,2.61,72.99,147.58,0,1500,1678,NW
1175256.353,X_LEG_3,2.61,72.99,147.58,0,1500,1678,NW
1175256.374,X_LEG_3,2.61,72.99,147.58,0,1500,1678,NW
1175256.395,X_LEG_3,2.61,72.99,147.58,0,1500,1678,NW
1175256.415,X_LEG_3,2.61,72.99,147.58,0,1500,1678,NW
1175256.436,X_LEG_3,2.61,72.99,147.58,0,1500,1678,NW
1175256.456,X_LEG_3,2.61,72.99,147.58,0,1500,1678,NW
1175256.477,X_LEG_3,2.61,72.99,147.58,0,1500,1678,NW
1175256.497,X_LEG_3,2.61,72.99,147.58,0,1500,1678,NW
1175256.518,X_LEG_3,2.61,72.99,147.58,0,1500,1678,NW
1175256.538,X_LEG_3,2.61,72.99,147.58,0,1500,1678,NW
1175256.559,X_LEG_3,2.61,72.99,147.58,0,1500,1678,NW
1175256.579,X_LEG_3,2.61,72.99,147.58,0,1500,1678,NW
1175256.599,X_LEG_3,2.61,72.99,147.58,0,1500,1678,NW
1175256.620,X_LEG_3,2.61,72.99,147.58,0,1500,1678,NW
1175256.640,X_LEG_3,2.61,72.99,147.58,0,1500,1678,NW
1175256.661,X_LEG_3,2.61,72.99,147.58,0,1500,1678,NW
1175256.681,X_LEG_3,2.61,72.99,147.58,0,1500,1678,NW
1175256.701,X_LEG_3,2.61,72.99,147.58,0,1500,1678,NW
1175256.722,X_LEG_3,2.61,72.99,147.58,0,1500,1678,NW
1175256.743,X_LEG_3,2.61,72.99,147.58,0,1500,1678,NW
1175256.763,X_LEG_3,2.61,72.99,147.58,0,1500,1678,NW
1175256.783,X_LEG_3,2.61,72.99,147.58,0,1500,1678,NW
1175256.804,X_LEG_3,2.61,72.99,147.58,0,1500,1678,NW
1175256.825,X_LEG_3,2.61,72.99,147.58,0,1500,1678,NW
1175256.845,X_LEG_3,2.61,72.99,147.58,0,1500,1678,NW
1175256.865,X_LEG_3,2.61,72.99,147.58,0,1500,1678,NW
1175256.886,X_LEG_3,2.61,72.99,147.58,0,1500,1678,NW
1175256.906,X_LEG_3,2.61,72.99,147.58,0,1500,1678,NW
1175256.927,X_LEG_3,2.61,72.99,147.58,0,1500,1678,NW
1175256.947,X_LEG_3,2.61,72.99,147.58,0,1500,1678,NW
1175256.969,X_LEG_3,2.61,72.99,147.58,0,1500,1678,NW
1175256.989,X_LEG_3,2.61,72.99,147.58,0,1500,1678,NW
1175257.010,X_LEG_3,2.61,72.99,147.58,0,1500,1678,NW
1175257.031,X_LEG_3,2.61,72.99,147.58,0,1500,1678,NW
1175257.051,X_LEG_3,2.61,72.99,147.58,0,1500,1678,NW
1175257.072,X_LEG_3,2.61,72.99,147.58,0,1500,1678,NW
1175257.092,X_LEG_3,2.61,72.99,147.58,0,1500,1678,NW
1175257.112,X_LEG_3,2.61,72.99,147.58,0,1500,1678,NW
1175257.133,X_LEG_3,2.61,72.99,147.58,0,1500,1678,NW
1175257.153,X_LEG_3,2.61,72.99,147.58,0,1500,1678,NW
1175257.174,X_LEG_3,2.61,72.99,147.58,0,1500,1678,NW
1175257.194,X_LEG_3,2.61,72.99,147.58,0,1500,1678,NW
1175257.214,X_LEG_3,2.61,72.99,147.58,0,1500,1678,NW
1175257.235,X_LEG_3,2.61,72.99,147.58,0,1500,1678,NW
1175257.255,X_LEG_3,2.61,72.99,147.58,0,1500,1678,NW
1175257.275,X_LEG_3,2.61,72.99,147.58,0,1500,1678,NW
1175257.297,X_LEG_3,2.61,72.99,147.58,0,1500,1678,NW
1175257.317,X_LEG_3,2.61,72.99,147.58,0,1500,1678,NW
1175257.337,X_LEG_3,2.61,72.99,147.58,0,1500,1678,NW
1175257.358,X_LEG_3,2.61,72.99,147.58,0,1500,1678,NW
1175257.379,X_LEG_3,2.61,72.99,147.58,0,1500,1678,NW
1175257.399,X_LEG_3,2.61,72.99,147.58,0,1500,1678,NW
1175257.419,X_LEG_3,2.61,72.99,147.58,0,1500,1678,NW
1175257.440,X_LEG_3,2.61,72.99,147.58,0,1500,1678,NW
1175257.460,X_LEG_3,2.61,72.99,147.58,0,1500,1678,NW
1175257.480,X_LEG_3,2.61,72.99,147.58,0,1500,1678,NW
1175257.501,X_LEG_3,2.61,72.99,147.58,0,1500,1678,NW
1175257.521,X_LEG_3,2.61,72.99,147.58,0,1500,1678,NW
1175257.541,X_LEG_3,2.61,72.99,147.58,0,1500,1678,NW
1175257.562,X_LEG_3,2.61,72.99,147.58,0,1500,1678,NW
1175257.583,X_LEG_3,2.61,72.99,147.58,0,1500,1678,NW
1175257.603,X_LEG_3,2.61,72.99,147.58,0,1500,1678,NW
1175257.624,X_LEG_3,2.61,72.99,147.58,0,1500,1678,NW
1175257.644,X_LEG_3,2.61,72.99,147.58,0,1500,1678,NW
1175257.665,X_LEG_3,2.61,72.99,147.58,0,1500,1678,NW
1175257.685,X_LEG_3,2.61,72.99,147.58,0,1500,1678,NW
1175257.706,X_LEG_3,2.61,72.99,147.58,0,1500,1678,NW
1175257.726,X_LEG_3,2.61,72.99,147.58,0,1500,1678,NW
1175257.747,X_LEG_3,2.61,72.99,147.58,0,1500,1678,NW
1175257.767,X_LEG_3,2.61,72.99,147.58,0,1500,1678,NW
1175257.788,X_LEG_3,2.61,72.99,147.58,0,1500,1678,NW
1175257.808,X_LEG_3,2.61,72.99,147.58,0,1500,1678,NW
1175257.828,X_LEG_3,2.61,72.99,147.58,0,1500,1678,NW
1175257.848,X_LEG_3,2.61,72.99,147.58,0,1500,1678,NW
1175257.869,X_LEG_3,2.61,72.99,147.58,0,1500,1678,NW
1175257.890,X_LEG_3,2.61,72.99,147.58,0,1500,1678,NW
1175257.910,X_LEG_3,2.61,72.99,147.58,0,1500,1678,NW
1175257.930,X_LEG_3,2.61,72.99,147.58,0,1500,1678,NW
1175257.951,X_LEG_3,2.61,72.99,147.58,0,1500,1678,NW
1175257.972,X_LEG_3,2.61,72.99,147.58,0,1500,1678,NW
1175257.992,X_LEG_3,2.61,72.99,147.58,0,1500,1678,NW
1175258.012,X_LEG_3,2.61,72.99,147.58,0,1500,1678,NW
1175258.033,X_LEG_3,2.61,72.99,147.58,0,1500,1678,NW
1175258.053,X_LEG_3,2.61,72.99,147.58,0,1500,1678,NW
1175258.073,X_LEG_3,2.61,72.99,147.58,0,1500,1678,NW
1175258.094,X_LEG_3,2.61,72.99,147.58,0,1500,1678,NW
1175258.114,X_LEG_3,2.61,72.99,147.58,0,1500,1678,NW
1175258.135,X_LEG_3,2.61,72.99,147.58,0,1500,1678,NW
1175258.156,X_LEG_3,2.61,72.99,147.58,0,1500,1678,NW
1175258.176,X_LEG_3,2.61,72.99,147.58,0,1500,1678,NW
1175258.197,X_LEG_3,2.61,72.99,147.58,0,1500,1678,NW
1175258.217,X_LEG_3,2.61,72.99,147.58,0,1500,1678,NW
1175258.238,X_LEG_3,2.61,72.99,147.58,0,1500,1678,NW
1175258.258,X_LEG_3,2.61,72.99,147.58,0,1500,1678,NW
1175258.278,X_LEG_3,2.61,72.99,147.58,0,1500,1678,NW
1175258.299,X_LEG_3,2.61,72.99,147.58,0,1500,1678,NW
1175258.319,X_LEG_3,2.61,72.99,147.58,0,1500,1678,NW
1175258.340,X_LEG_3,2.61,72.99,147.58,0,1500,1678,NW
1175258.360,X_LEG_3,2.61,72.99,147.58,0,1500,1678,NW
1175258.380,X_LEG_3,2.61,72.99,147.58,0,1500,1678,NW
1175258.401,X_LEG_3,2.61,72.99,147.58,0,1500,1678,NW
1175258.421,X_LEG_3,2.61,72.99,147.58,0,1500,1678,NW
1175258.442,X_LEG_3,2.61,72.99,147.58,0,1500,1678,NW
1175258.462,X_LEG_3,2.61,72.99,147.58,0,1500,1678,NW
1175258.483,X_LEG_3,2.61,72.99,147.58,0,1500,1678,NW
1175258.504,X_LEG_3,2.61,72.99,147.58,0,1500,1678,NW
1175258.524,X_LEG_3,2.61,72.99,147.58,0,1500,1678,NW
1175258.545,X_LEG_3,2.61,72.99,147.58,0,1500,1678,NW
1175258.565,X_LEG_3,2.61,72.99,147.58,0,1500,1678,NW
1175258.586,X_LEG_3,2.61,72.99,147.58,0,1500,1678,NW
1175258.606,X_LEG_3,2.61,72.99,147.58,0,1500,1678,NW
1175258.627,X_LEG_3,2.61,72.99,147.58,0,1500,1678,NW
1175258.648,X_LEG_3,2.61,72.99,147.58,0,1500,1678,NW
1175258.668,X_LEG_3,2.61,72.99,147.58,0,1500,1678,NW
1175258.689,X_LEG_3,2.61,72.99,147.58,0,1500,1678,NW
1175258.709,X_LEG_3,2.61,72.99,147.58,0,1500,1678,NW
1175258.730,X_LEG_3,2.61,72.99,147.58,0,1500,1678,NW
1175258.750,X_LEG_3,2.61,72.99,147.58,0,1500,1678,NW
1175258.771,X_LEG_3,2.61,72.99,147.58,0,1500,1678,NW
1175258.791,X_LEG_3,2.61,72.99,147.58,0,1500,1678,NW
1175258.812,X_LEG_3,2.61,72.99,147.58,0,1500,1678,NW
1175258.833,X_LEG_3,2.61,72.99,147.58,0,1500,1678,NW
1175258.853,X_LEG_3,2.61,72.99,147.58,0,1500,1678,NW
1175258.874,X_LEG_3,2.61,72.99,147.58,0,1500,1678,NW
1175258.894,X_LEG_3,2.61,72.99,147.58,0,1500,1678,NW
1175258.915,X_LEG_3,2.61,72.99,147.58,0,1500,1678,NW
1175258.935,X_LEG_3,2.61,72.99,147.58,0,1500,1678,NW
1175258.956,X_LEG_3,2.61,72.99,147.58,0,1500,1678,NW
1175258.976,X_LEG_3,2.61,72.99,147.58,0,1500,1678,NW
1175258.997,X_LEG_3,2.61,72.99,147.58,0,1500,1678,NW
1175259.018,X_LEG_3,2.61,72.99,147.58,0,1500,1678,NW
1175259.038,X_LEG_3,2.61,72.99,147.58,0,1500,1678,NW
1175259.058,X_LEG_3,2.61,72.99,147.58,0,1500,1678,NW
1175259.079,X_LEG_3,2.61,72.99,147.58,0,1500,1678,NW
1175259.099,X_LEG_3,2.61,72.99,147.58,0,1500,1678,NW
1175259.119,X_LEG_3,2.61,72.99,147.58,0,1500,1678,NW
1175259.142,X_LEG_3,2.61,72.99,147.58,0,1500,1678,NW
1175259.162,X_LEG_3,2.61,72.99,147.58,0,1500,1678,NW
1175259.182,X_LEG_3,2.61,72.99,147.58,0,1500,1678,NW
1175259.204,X_LEG_3,2.61,72.99,147.58,0,1500,1678,NW
1175259.224,X_LEG_3,2.61,72.99,147.58,0,1500,1678,NW
1175259.244,X_LEG_3,2.61,72.99,147.58,0,1500,1678,NW
1175259.265,X_LEG_3,2.61,72.99,147.58,0,1500,1678,NW
1175259.286,X_LEG_3,2.61,72.99,147.58,0,1500,1678,NW
1175259.306,X_LEG_3,2.61,72.99,147.58,0,1500,1678,NW
1175259.329,X_LEG_3,2.61,72.99,147.58,0,1500,1678,NW
1175259.349,X_LEG_3,2.61,72.99,147.58,0,1500,1678,NW
1175259.370,X_LEG_3,2.61,72.99,147.58,0,1500,1678,NW
1175259.391,X_LEG_3,2.61,72.99,147.58,0,1500,1678,NW
1175259.411,X_LEG_3,2.61,72.99,147.58,0,1500,1678,NW
1175259.431,X_LEG_3,2.61,72.99,147.58,0,1500,1678,NW
1175259.453,X_LEG_3,2.61,72.99,147.58,0,1500,1678,NW
1175259.474,X_LEG_3,2.61,72.99,147.58,0,1500,1678,NW
1175259.495,X_LEG_3,2.61,72.99,147.58,0,1500,1678,NW
1175259.515,X_LEG_3,2.61,72.99,147.58,0,1500,1678,NW
1175259.535,X_LEG_3,2.61,72.99,147.58,0,1500,1678,NW
1175259.556,X_LEG_3,2.61,72.99,147.58,0,1500,1678,NW
1175259.576,X_LEG_3,2.61,72.99,147.58,0,1500,1678,NW
1175259.597,X_LEG_3,2.61,72.99,147.58,0,1500,1678,NW
1175259.617,X_LEG_3,2.61,72.99,147.58,0,1500,1678,NW
1175259.638,X_LEG_3,2.61,72.99,147.58,0,1500,1678,NW
1175259.659,X_LEG_3,2.61,72.99,147.58,0,1500,1678,NW
1175259.679,X_LEG_3,2.61,72.99,147.58,0,1500,1678,NW
1175259.699,X_LEG_3,2.61,72.99,147.58,0,1500,1678,NW
1175259.720,X_LEG_3,2.61,72.99,147.58,0,1500,1678,NW
1175259.740,X_LEG_3,2.61,72.99,147.58,0,1500,1678,NW
1175259.760,X_LEG_3,2.61,72.99,147.58,0,1500,1678,NW
1175259.781,X_LEG_3,2.61,72.99,147.58,0,1500,1678,NW
1175259.802,X_LEG_3,2.61,72.99,147.58,0,1500,1678,NW
1175259.822,X_LEG_3,2.61,72.99,147.58,0,1500,1678,NW
1175259.843,X_LEG_3,2.61,72.99,147.58,0,1500,1678,NW
1175259.863,X_LEG_3,2.61,72.99,147.58,0,1500,1678,NW
1175259.884,X_LEG_3,2.61,72.99,147.58,0,1500,1678,NW
1175259.904,X_LEG_3,2.61,72.99,147.58,0,1500,1678,NW
1175259.925,X_LEG_3,2.61,72.99,147.58,0,1500,1678,NW
1175259.945,X_LEG_3,2.61,72.99,147.58,0,1500,1678,NW
1175259.965,X_LEG_3,2.61,72.99,147.58,0,1500,1678,NW
1175259.986,X_LEG_3,2.61,72.99,147.58,0,1500,1678,NW
1175260.006,X_LEG_3,2.61,72.99,147.58,0,1500,1678,NW
1175260.027,X_LEG_3,2.61,72.99,147.58,0,1500,1678,NW
1175260.047,X_LEG_3,2.61,72.99,147.58,0,1500,1678,NW
1175260.068,X_LEG_3,2.61,72.99,147.58,0,1500,1678,NW
1175260.088,X_LEG_3,2.61,72.99,147.58,0,1500,1678,NW
1175260.109,X_LEG_3,2.61,72.99,147.58,0,1500,1678,NW
1175260.129,X_LEG_3,2.61,72.99,147.58,0,1500,1678,NW
1175260.150,X_LEG_3,2.61,72.99,147.58,0,1500,1678,NW
1175260.170,X_LEG_3,2.61,72.99,147.58,0,1500,1678,NW
1175260.191,X_LEG_3,2.61,72.99,147.58,0,1500,1678,NW
1175260.211,X_LEG_3,2.61,72.99,147.58,0,1500,1678,NW
1175260.232,X_LEG_3,2.61,72.99,147.58,0,1500,1678,NW
1175260.252,X_LEG_3,2.61,72.99,147.58,0,1500,1678,NW
1175260.273,X_LEG_3,2.61,72.99,147.58,0,1500,1678,NW
1175260.293,X_LEG_3,2.61,72.99,147.58,0,1500,1678,NW
1175260.313,X_LEG_3,2.61,72.99,147.58,0,1500,1678,NW
1175260.334,X_LEG_3,2.61,72.99,147.58,0,1500,1678,NW
1175260.355,X_LEG_3,2.61,72.99,147.58,0,1500,1678,NW
1175260.375,X_LEG_3,2.61,72.99,147.58,0,1500,1678,NW
1175260.396,X_LEG_3,2.61,72.99,147.58,0,1500,1678,NW
1175260.416,X_LEG_3,2.61,72.99,147.58,0,1500,1678,NW
1175260.437,X_LEG_3,2.61,72.99,147.58,0,1500,1678,NW
1175260.457,X_LEG_3,2.61,72.99,147.58,0,1500,1678,NW
1175260.478,X_LEG_3,2.61,72.99,147.58,0,1500,1678,NW
1175260.498,X_LEG_3,2.61,72.99,147.58,0,1500,1678,NW
1175260.519,X_LEG_3,2.61,72.99,147.58,0,1500,1678,NW
1175260.539,X_LEG_3,2.61,72.99,147.58,0,1500,1678,NW
1175260.559,X_LEG_3,2.61,72.99,147.58,0,1500,1678,NW
1175260.580,X_LEG_3,2.61,72.99,147.58,0,1500,1678,NW
1175260.601,X_LEG_3,2.61,72.99,147.58,0,1500,1678,NW
1175260.621,X_LEG_3,2.61,72.99,147.58,0,1500,1678,NW
1175260.641,X_LEG_3,2.61,72.99,147.58,0,1500,1678,NW
1175260.662,X_LEG_3,2.61,72.99,147.58,0,1500,1678,NW
1175260.682,X_LEG_3,2.61,72.99,147.58,0,1500,1678,NW
1175260.703,X_LEG_3,2.61,72.99,147.58,0,1500,1678,NW
1175260.723,X_LEG_3,2.61,72.99,147.58,0,1500,1678,NW
1175260.743,X_LEG_3,2.61,72.99,147.58,0,1500,1678,NW
1175260.764,X_LEG_3,2.61,72.99,147.58,0,1500,1678,NW
1175260.785,X_LEG_3,2.61,72.99,147.58,0,1500,1678,NW
1175260.806,X_LEG_3,2.61,72.99,147.58,0,1500,1678,NW
1175260.826,X_LEG_3,2.61,72.99,147.58,0,1500,1678,NW
1175260.847,X_LEG_3,2.61,72.99,147.58,0,1500,1678,NW
1175260.867,X_LEG_3,2.61,72.99,147.58,0,1500,1678,NW
1175260.888,X_LEG_3,2.61,72.99,147.58,0,1500,1678,NW
1175260.908,X_LEG_3,2.61,72.99,147.58,0,1500,1678,NW
1175260.928,X_LEG_3,2.61,72.99,147.58,0,1500,1678,NW
1175260.949,X_LEG_3,2.61,72.99,147.58,0,1500,1678,NW
1175260.969,X_LEG_3,2.61,72.99,147.58,0,1500,1678,NW
1175260.990,X_LEG_3,2.61,72.99,147.58,0,1500,1678,NW
1175261.010,X_LEG_3,2.61,72.99,147.58,0,1500,1678,NW
1175261.031,X_LEG_3,2.61,72.99,147.58,0,1500,1678,NW
1175261.051,X_LEG_3,2.61,72.99,147.58,0,1500,1678,NW
1175261.072,X_LEG_3,2.61,72.99,147.58,0,1500,1678,NW
1175261.092,X_LEG_3,2.61,72.99,147.58,0,1500,1678,NW
1175261.113,X_LEG_3,2.61,72.99,147.58,0,1500,1678,NW
1175261.133,X_LEG_3,2.61,72.99,147.58,0,1500,1678,NW
1175261.153,X_LEG_3,2.61,72.99,147.58,0,1500,1678,NW
1175261.174,X_LEG_3,2.61,72.99,147.58,0,1500,1678,NW
1175261.195,X_LEG_3,2.61,72.99,147.58,0,1500,1678,NW
1175261.215,X_LEG_3,2.61,72.99,147.58,0,1500,1678,NW
1175261.236,X_LEG_3,2.61,72.99,147.58,0,1500,1678,NW
1175261.256,X_LEG_3,2.61,72.99,147.58,0,1500,1678,NW
1175261.277,X_LEG_3,2.61,72.99,147.58,0,1500,1678,NW
1175261.297,X_LEG_3,2.61,72.99,147.58,0,1500,1678,NW
1175261.317,X_LEG_3,2.61,72.99,147.58,0,1500,1678,NW
1175261.338,X_LEG_3,2.61,72.99,147.58,0,1500,1678,NW
1175261.358,X_LEG_3,2.61,72.99,147.58,0,1500,1678,NW
1175261.381,X_LEG_3,2.61,72.99,147.58,0,1500,1678,NW
1175261.402,X_LEG_3,2.61,72.99,147.58,0,1500,1678,NW
1175261.422,X_LEG_3,2.61,72.99,147.58,0,1500,1678,NW
1175261.443,X_LEG_3,2.61,72.99,147.58,0,1500,1678,NW
1175261.463,X_LEG_3,2.61,72.99,147.58,0,1500,1678,NW
1175261.484,X_LEG_3,2.61,72.99,147.58,0,1500,1678,NW
1175261.504,X_LEG_3,2.61,72.99,147.58,0,1500,1678,NW
1175261.525,X_LEG_3,2.61,72.99,147.58,0,1500,1678,NW
1175261.545,X_LEG_3,2.61,72.99,147.58,0,1500,1678,NW
1175261.565,X_LEG_3,2.61,72.99,147.58,0,1500,1678,NW
1175261.586,X_LEG_3,2.61,72.99,147.58,0,1500,1678,NW
1175261.606,X_LEG_3,2.61,72.99,147.58,0,1500,1678,NW
1175261.627,X_LEG_3,2.61,72.99,147.58,0,1500,1678,NW
1175261.649,X_LEG_3,2.61,72.99,147.58,0,1500,1678,NW
1175261.669,X_LEG_3,2.61,72.99,147.58,0,1500,1678,NW
1175261.690,X_LEG_3,2.61,72.99,147.58,0,1500,1678,NW
1175261.710,X_LEG_3,2.61,72.99,147.58,0,1500,1678,NW
1175261.731,X_LEG_3,2.61,72.99,147.58,0,1500,1678,NW
1175261.751,X_LEG_3,2.61,72.99,147.58,0,1500,1678,NW
1175261.771,X_LEG_3,2.61,72.99,147.58,0,1500,1678,NW
1175261.792,X_LEG_3,2.61,72.99,147.58,0,1500,1678,NW
1175261.812,X_LEG_3,2.61,72.99,147.58,0,1500,1678,NW
1175261.833,X_LEG_3,2.61,72.99,147.58,0,1500,1678,NW
1175261.853,X_LEG_3,2.61,72.99,147.58,0,1500,1678,NW
1175261.874,X_LEG_3,2.61,72.99,147.58,0,1500,1678,NW
1175261.894,X_LEG_3,2.61,72.99,147.58,0,1500,1678,NW
1175261.915,X_LEG_3,2.61,72.99,147.58,0,1500,1678,NW
1175261.935,X_LEG_3,2.61,72.99,147.58,0,1500,1678,NW
1175261.956,X_LEG_3,2.61,72.99,147.58,0,1500,1678,NW
1175261.976,X_LEG_3,2.61,72.99,147.58,0,1500,1678,NW
1175261.996,X_LEG_3,2.61,72.99,147.58,0,1500,1678,NW
1175262.017,X_LEG_3,2.61,72.99,147.58,0,1500,1678,NW
1175262.038,X_LEG_3,2.61,72.99,147.58,0,1500,1678,NW
1175262.058,X_LEG_3,2.61,72.99,147.58,0,1500,1678,NW
1175262.078,X_LEG_3,2.61,72.99,147.58,0,1500,1678,NW
1175262.099,X_LEG_3,2.61,72.99,147.58,0,1500,1678,NW
1175262.119,X_LEG_3,2.61,72.99,147.58,0,1500,1678,NW
1175262.139,X_LEG_3,2.61,72.99,147.58,0,1500,1678,NW
1175262.160,X_LEG_3,2.61,72.99,147.58,0,1500,1678,NW
1175262.180,X_LEG_3,2.61,72.99,147.58,0,1500,1678,NW
1175262.201,X_LEG_3,2.61,72.99,147.58,0,1500,1678,NW
1175262.222,X_LEG_3,2.61,72.99,147.58,0,1500,1678,NW
1175262.242,X_LEG_3,2.61,72.99,147.58,0,1500,1678,NW
1175262.262,X_LEG_3,2.61,72.99,147.58,0,1500,1678,NW
1175262.283,X_LEG_3,2.61,72.99,147.58,0,1500,1678,NW
1175262.303,X_LEG_3,2.61,72.99,147.58,0,1500,1678,NW
1175262.323,X_LEG_3,2.61,72.99,147.58,0,1500,1678,NW
1175262.344,X_LEG_3,2.61,72.99,147.58,0,1500,1678,NW
1175262.364,X_LEG_3,2.61,72.99,147.58,0,1500,1678,NW
1175262.384,X_LEG_3,2.61,72.99,147.58,0,1500,1678,NW
1175262.405,X_LEG_3,2.61,72.99,147.58,0,1500,1678,NW
1175262.425,X_LEG_3,2.61,72.99,147.58,0,1500,1678,NW
1175262.445,X_LEG_3,2.61,72.99,147.58,0,1500,1678,NW
1175262.466,X_LEG_3,2.61,72.99,147.58,0,1500,1678,NW
1175262.486,X_LEG_3,2.61,72.99,147.58,0,1500,1678,NW
1175262.508,X_LEG_3,2.61,72.99,147.58,0,1500,1678,NW
1175262.529,X_LEG_3,2.61,72.99,147.58,0,1500,1678,NW
1175262.549,X_LEG_3,2.61,72.99,147.58,0,1500,1678,NW
1175262.570,X_LEG_3,2.61,72.99,147.58,0,1500,1678,NW
1175262.590,X_LEG_3,2.61,72.99,147.58,0,1500,1678,NW
1175262.610,X_LEG_3,2.61,72.99,147.58,0,1500,1678,NW
1175262.631,X_LEG_3,2.61,72.99,147.58,0,1500,1678,NW
1175262.652,X_LEG_3,2.61,72.99,147.58,0,1500,1678,NW
1175262.673,X_LEG_3,2.61,72.99,147.58,0,1500,1678,NW
1175262.694,X_LEG_3,2.61,72.99,147.58,0,1500,1678,NW
1175262.715,X_LEG_3,2.61,72.99,147.58,0,1500,1678,NW
1175262.735,X_LEG_3,2.61,72.99,147.58,0,1500,1678,NW
1175262.756,X_LEG_3,2.61,72.99,147.58,0,1500,1678,NW
1175262.776,X_LEG_3,2.61,72.99,147.58,0,1500,1678,NW
1175262.797,X_LEG_3,2.61,72.99,147.58,0,1500,1678,NW
1175262.817,X_LEG_3,2.61,72.99,147.58,0,1500,1678,NW
1175262.838,X_LEG_3,2.61,72.99,147.58,0,1500,1678,NW
1175262.858,X_LEG_3,2.61,72.99,147.58,0,1500,1678,NW
1175262.879,X_LEG_3,2.61,72.99,147.58,0,1500,1678,NW
1175262.899,X_LEG_3,2.61,72.99,147.58,0,1500,1678,NW
1175262.919,X_LEG_3,2.61,72.99,147.58,0,1500,1678,NW
1175262.939,X_LEG_3,2.61,72.99,147.58,0,1500,1678,NW
1175262.960,X_LEG_3,2.61,72.99,147.58,0,1500,1678,NW
1175262.980,X_LEG_3,2.61,72.99,147.58,0,1500,1678,NW
1175263.001,X_LEG_3,2.61,72.99,147.58,0,1500,1678,NW
1175263.021,X_LEG_3,2.61,72.99,147.58,0,1500,1678,NW
1175263.042,X_LEG_3,2.61,72.99,147.58,0,1500,1678,NW
1175263.062,X_LEG_3,2.61,72.99,147.58,0,1500,1678,NW
1175263.082,X_LEG_3,2.61,72.99,147.58,0,1500,1678,NW
1175263.103,X_LEG_3,2.61,72.99,147.58,0,1500,1678,NW
1175263.124,X_LEG_3,2.61,72.99,147.58,0,1500,1678,NW
1175263.144,X_LEG_3,2.61,72.99,147.58,0,1500,1678,NW
1175263.165,X_LEG_3,2.61,72.99,147.58,0,1500,1678,NW
1175263.185,X_LEG_3,2.61,72.99,147.58,0,1500,1678,NW
1175263.205,X_LEG_3,2.61,72.99,147.58,0,1500,1678,NW
1175263.226,X_LEG_3,2.61,72.99,147.58,0,1500,1678,NW
1175263.246,X_LEG_3,2.61,72.99,147.58,0,1500,1678,NW
1175263.267,X_LEG_3,2.61,72.99,147.58,0,1500,1678,NW
1175263.287,X_LEG_3,2.61,72.99,147.58,0,1500,1678,NW
1175263.308,X_LEG_3,2.61,72.99,147.58,0,1500,1678,NW
1175263.328,X_LEG_3,2.61,72.99,147.58,0,1500,1678,NW
1175263.349,X_LEG_3,2.61,72.99,147.58,0,1500,1678,NW
1175263.369,X_LEG_3,2.61,72.99,147.58,0,1500,1678,NW
1175263.390,X_LEG_3,2.61,72.99,147.58,0,1500,1678,NW
1175263.411,X_LEG_3,2.61,72.99,147.58,0,1500,1678,NW
1175263.432,X_LEG_3,2.61,72.99,147.58,0,1500,1678,NW
1175263.452,X_LEG_3,2.61,72.99,147.58,0,1500,1678,NW
1175263.473,X_LEG_3,2.61,72.99,147.58,0,1500,1678,NW
1175263.493,X_LEG_3,2.61,72.99,147.58,0,1500,1678,NW
1175263.513,X_LEG_3,2.61,72.99,147.58,0,1500,1678,NW
1175263.533,X_LEG_3,2.61,72.99,147.58,0,1500,1678,NW
1175263.554,X_LEG_3,2.61,72.99,147.58,0,1500,1678,NW
1175263.574,X_LEG_3,2.61,72.99,147.58,0,1500,1678,NW
1175263.595,X_LEG_3,2.61,72.99,147.58,0,1500,1678,NW
1175263.615,X_LEG_3,2.61,72.99,147.58,0,1500,1678,NW
1175263.636,X_LEG_3,2.61,72.99,147.58,0,1500,1678,NW
1175263.656,X_LEG_3,2.61,72.99,147.58,0,1500,1678,NW
1175263.676,X_LEG_3,2.61,72.99,147.58,0,1500,1678,NW
1175263.697,X_LEG_3,2.61,72.99,147.58,0,1500,1678,NW
1175263.717,X_LEG_3,2.61,72.99,147.58,0,1500,1678,NW
1175263.738,X_LEG_3,2.61,72.99,147.58,0,1500,1678,NW
1175263.758,X_LEG_3,2.61,72.99,147.58,0,1500,1678,NW
1175263.779,X_LEG_3,2.61,72.99,147.58,0,1500,1678,NW
1175263.799,X_LEG_3,2.61,72.99,147.58,0,1500,1678,NW
1175263.820,X_LEG_3,2.61,72.99,147.58,0,1500,1678,NW
1175263.840,X_LEG_3,2.61,72.99,147.58,0,1500,1678,NW
1175263.861,X_LEG_3,2.61,72.99,147.58,0,1500,1678,NW
1175263.882,X_LEG_3,2.61,72.99,147.58,0,1500,1678,NW
1175263.902,X_LEG_3,2.61,72.99,147.58,0,1500,1678,NW
1175263.922,X_LEG_3,2.61,72.99,147.58,0,1500,1678,NW
1175263.943,X_LEG_3,2.61,72.99,147.58,0,1500,1678,NW
1175263.963,X_LEG_3,2.61,72.99,147.58,0,1500,1678,NW
1175263.984,X_LEG_3,2.61,72.99,147.58,0,1500,1678,NW
1175264.004,X_LEG_3,2.61,72.99,147.58,0,1500,1678,NW
1175264.024,X_LEG_3,2.61,72.99,147.58,0,1500,1678,NW
1175264.044,X_LEG_3,2.61,72.99,147.58,0,1500,1678,NW
1175264.065,X_LEG_3,2.61,72.99,147.58,0,1500,1678,NW
1175264.085,X_LEG_3,2.61,72.99,147.58,0,1500,1678,NW
1175264.106,X_LEG_3,2.61,72.99,147.58,0,1500,1678,NW
1175264.126,X_LEG_3,2.61,72.99,147.58,0,1500,1678,NW
1175264.146,X_LEG_3,2.61,72.99,147.58,0,1500,1678,NW
1175264.167,X_LEG_3,2.61,72.99,147.58,0,1500,1678,NW
1175264.187,X_LEG_3,2.61,72.99,147.58,0,1500,1678,NW
1175264.208,X_LEG_3,2.61,72.99,147.58,0,1500,1678,NW
1175264.228,X_LEG_3,2.61,72.99,147.58,0,1500,1678,NW
1175264.248,X_LEG_3,2.61,72.99,147.58,0,1500,1678,NW
1175264.269,X_LEG_3,2.61,72.99,147.58,0,1500,1678,NW
1175264.289,X_LEG_3,2.61,72.99,147.58,0,1500,1678,NW
1175264.310,X_LEG_3,2.61,72.99,147.58,0,1500,1678,NW
1175264.331,X_LEG_3,2.61,72.99,147.58,0,1500,1678,NW
1175264.351,X_LEG_3,2.61,72.99,147.58,0,1500,1678,NW
1175264.371,X_LEG_3,2.61,72.99,147.58,0,1500,1678,NW
1175264.391,X_LEG_3,2.61,72.99,147.58,0,1500,1678,NW
1175264.412,X_LEG_3,2.61,72.99,147.58,0,1500,1678,NW
1175264.432,X_LEG_3,2.61,72.99,147.58,0,1500,1678,NW
1175264.453,X_LEG_3,2.61,72.99,147.58,0,1500,1678,NW
1175264.473,X_LEG_3,2.61,72.99,147.58,0,1500,1678,NW
1175264.494,X_LEG_3,2.61,72.99,147.58,0,1500,1678,NW
1175264.514,X_LEG_3,2.61,72.99,147.58,0,1500,1678,NW
1175264.534,X_LEG_3,2.61,72.99,147.58,0,1500,1678,NW
1175264.555,X_LEG_3,2.61,72.99,147.58,0,1500,1678,NW
1175264.576,X_LEG_3,2.61,72.99,147.58,0,1500,1678,NW
1175264.597,X_LEG_3,2.61,72.99,147.58,0,1500,1678,NW
1175264.617,X_LEG_3,2.61,72.99,147.58,0,1500,1678,NW
1175264.637,X_LEG_3,2.61,72.99,147.58,0,1500,1678,NW
1175264.658,X_LEG_3,2.61,72.99,147.58,0,1500,1678,NW
1175264.678,X_LEG_3,2.61,72.99,147.58,0,1500,1678,NW
1175264.699,X_LEG_3,2.61,72.99,147.58,0,1500,1678,NW
1175264.720,X_LEG_3,2.61,72.99,147.58,0,1500,1678,NW
1175264.740,X_LEG_3,2.61,72.99,147.58,0,1500,1678,NW
1175264.761,X_LEG_3,2.61,72.99,147.58,0,1500,1678,NW
1175264.781,X_LEG_3,2.61,72.99,147.58,0,1500,1678,NW
1175264.802,X_LEG_3,2.61,72.99,147.58,0,1500,1678,NW
1175264.822,X_LEG_3,2.61,72.99,147.58,0,1500,1678,NW
1175264.842,X_LEG_3,2.61,72.99,147.58,0,1500,1678,NW
1175264.863,X_LEG_3,2.61,72.99,147.58,0,1500,1678,NW
1175264.883,X_LEG_3,2.61,72.99,147.58,0,1500,1678,NW
1175264.904,X_LEG_3,2.61,72.99,147.58,0,1500,1678,NW
1175264.924,X_LEG_3,2.61,72.99,147.58,0,1500,1678,NW
1175264.944,X_LEG_3,2.61,72.99,147.58,0,1500,1678,NW
1175264.965,X_LEG_3,2.61,72.99,147.58,0,1500,1678,NW
1175264.985,X_LEG_3,2.61,72.99,147.58,0,1500,1678,NW
1175265.006,X_LEG_3,2.61,72.99,147.58,0,1500,1678,NW
1175265.026,X_LEG_3,2.61,72.99,147.58,0,1500,1678,NW
1175265.046,X_LEG_3,2.61,72.99,147.58,0,1500,1678,NW
1175265.067,X_LEG_3,2.61,72.99,147.58,0,1500,1678,NW
1175265.088,X_LEG_3,2.61,72.99,147.58,0,1500,1678,NW
1175265.108,X_LEG_3,2.61,72.99,147.58,0,1500,1678,NW
1175265.129,X_LEG_3,2.61,72.99,147.58,0,1500,1678,NW
1175265.149,X_LEG_3,2.61,72.99,147.58,0,1500,1678,NW
1175265.170,X_LEG_3,2.61,72.99,147.58,0,1500,1678,NW
1175265.190,X_LEG_3,2.61,72.99,147.58,0,1500,1678,NW
1175265.211,X_LEG_3,2.61,72.99,147.58,0,1500,1678,NW
1175265.231,X_LEG_3,2.61,72.99,147.58,0,1500,1678,NW
1175265.251,X_LEG_3,2.61,72.99,147.58,0,1500,1678,NW
1175265.272,X_LEG_3,2.61,72.99,147.58,0,1500,1678,NW
1175265.292,X_LEG_3,2.61,72.99,147.58,0,1500,1678,NW
1175265.313,X_LEG_3,2.61,72.99,147.58,0,1500,1678,NW
1175265.333,X_LEG_3,2.61,72.99,147.58,0,1500,1678,NW
1175265.353,X_LEG_3,2.61,72.99,147.58,0,1500,1678,NW
1175265.373,X_LEG_3,2.61,72.99,147.58,0,1500,1678,NW
1175265.394,X_LEG_3,2.61,72.99,147.58,0,1500,1678,NW
1175265.415,X_LEG_3,2.61,72.99,147.58,0,1500,1678,NW
1175265.435,X_LEG_3,2.61,72.99,147.58,0,1500,1678,NW
1175265.455,X_LEG_3,2.61,72.99,147.58,0,1500,1678,NW
1175265.476,X_LEG_3,2.61,72.99,147.58,0,1500,1678,NW
1175265.496,X_LEG_3,2.61,72.99,147.58,0,1500,1678,NW
1175265.516,X_LEG_3,2.61,72.99,147.58,0,1500,1678,NW
1175265.537,X_LEG_3,2.61,72.99,147.58,0,1500,1678,NW
1175265.557,X_LEG_3,2.61,72.99,147.58,0,1500,1678,NW
1175265.577,X_LEG_3,2.61,72.99,147.58,0,1500,1678,NW
1175265.598,X_LEG_3,2.61,72.99,147.58,0,1500,1678,NW
1175265.619,X_LEG_3,2.61,72.99,147.58,0,1500,1678,NW
1175265.639,X_LEG_3,2.61,72.99,147.58,0,1500,1678,NW
1175265.660,X_LEG_3,2.61,72.99,147.58,0,1500,1678,NW
1175265.680,X_LEG_3,2.61,72.99,147.58,0,1500,1678,NW
1175265.700,X_LEG_3,2.61,72.99,147.58,0,1500,1678,NW
1175265.721,X_LEG_3,2.61,72.99,147.58,0,1500,1678,NW
1175265.742,X_LEG_3,2.61,72.99,147.58,0,1500,1678,NW
1175265.762,X_LEG_3,2.61,72.99,147.58,0,1500,1678,NW
1175265.783,X_LEG_3,2.61,72.99,147.58,0,1500,1678,NW
1175265.803,X_LEG_3,2.61,72.99,147.58,0,1500,1678,NW
1175265.824,X_LEG_3,2.61,72.99,147.58,0,1500,1678,NW
1175265.844,X_LEG_3,2.61,72.99,147.58,0,1500,1678,NW
1175265.865,X_LEG_3,2.61,72.99,147.58,0,1500,1678,NW
1175265.885,X_LEG_3,2.61,72.99,147.58,0,1500,1678,NW
1175265.905,X_LEG_3,2.61,72.99,147.58,0,1500,1678,NW
1175265.926,X_LEG_3,2.61,72.99,147.58,0,1500,1678,NW
1175265.947,X_LEG_3,2.61,72.99,147.58,0,1500,1678,NW
1175265.967,X_LEG_3,2.61,72.99,147.58,0,1500,1678,NW
1175265.988,X_LEG_3,2.61,72.99,147.58,0,1500,1678,NW
1175266.008,X_LEG_3,2.61,72.99,147.58,0,1500,1678,NW
1175266.028,X_LEG_3,2.61,72.99,147.58,0,1500,1678,NW
1175266.049,X_LEG_3,2.61,72.99,147.58,0,1500,1678,NW
1175266.069,X_LEG_3,2.61,72.99,147.58,0,1500,1678,NW
1175266.089,X_LEG_3,2.61,72.99,147.58,0,1500,1678,NW
1175266.110,X_LEG_3,2.61,72.99,147.58,0,1500,1678,NW
1175266.130,X_LEG_3,2.61,72.99,147.58,0,1500,1678,NW
1175266.151,X_LEG_3,2.61,72.99,147.58,0,1500,1678,NW
1175266.171,X_LEG_3,2.61,72.99,147.58,0,1500,1678,NW
1175266.192,X_LEG_3,2.61,72.99,147.58,0,1500,1678,NW
1175266.212,X_LEG_3,2.61,72.99,147.58,0,1500,1678,NW
1175266.233,X_LEG_3,2.61,72.99,147.58,0,1500,1678,NW
1175266.253,X_LEG_3,2.61,72.99,147.58,0,1500,1678,NW
1175266.274,X_LEG_3,2.61,72.99,147.58,0,1500,1678,NW
1175266.294,X_LEG_3,2.61,72.99,147.58,0,1500,1678,NW
1175266.314,X_LEG_3,2.61,72.99,147.58,0,1500,1678,NW
1175266.335,X_LEG_3,2.61,72.99,147.58,0,1500,1678,NW
1175266.355,X_LEG_3,2.61,72.99,147.58,0,1500,1678,NW
1175266.376,X_LEG_3,2.61,72.99,147.58,0,1500,1678,NW
1175266.397,X_LEG_3,2.61,72.99,147.58,0,1500,1678,NW
1175266.417,X_LEG_3,2.61,72.99,147.58,0,1500,1678,NW
1175266.437,X_LEG_3,2.61,72.99,147.58,0,1500,1678,NW
1175266.458,X_LEG_3,2.61,72.99,147.58,0,1500,1678,NW
1175266.478,X_LEG_3,2.61,72.99,147.58,0,1500,1678,NW
1175266.499,X_LEG_3,2.61,72.99,147.58,0,1500,1678,NW
1175266.520,X_LEG_3,2.61,72.99,147.58,0,1500,1678,NW
1175266.541,X_LEG_3,2.61,72.99,147.58,0,1500,1678,NW
1175266.561,X_LEG_3,2.61,72.99,147.58,0,1500,1678,NW
1175266.582,X_LEG_3,2.61,72.99,147.58,0,1500,1678,NW
1175266.602,X_LEG_3,2.61,72.99,147.58,0,1500,1678,NW
1175266.623,X_LEG_3,2.61,72.99,147.58,0,1500,1678,NW
1175266.643,X_LEG_3,2.61,72.99,147.58,0,1500,1678,NW
1175266.664,X_LEG_3,2.61,72.99,147.58,0,1500,1678,NW
1175266.684,X_LEG_3,2.61,72.99,147.58,0,1500,1678,NW
1175266.704,X_LEG_3,2.61,72.99,147.58,0,1500,1678,NW
1175266.725,X_LEG_3,2.61,72.99,147.58,0,1500,1678,NW
1175266.746,X_LEG_3,2.61,72.99,147.58,0,1500,1678,NW
1175266.766,X_LEG_3,2.61,72.99,147.58,0,1500,1678,NW
1175266.786,X_LEG_3,2.61,72.99,147.58,0,1500,1678,NW
1175266.807,X_LEG_3,2.61,72.99,147.58,0,1500,1678,NW
1175266.827,X_LEG_3,2.61,72.99,147.58,0,1500,1678,NW
1175266.848,X_LEG_3,2.61,72.99,147.58,0,1500,1678,NW
1175266.868,X_LEG_3,2.61,72.99,147.58,0,1500,1678,NW
1175266.889,X_LEG_3,2.61,72.99,147.58,0,1500,1678,NW
1175266.910,X_LEG_3,2.61,72.99,147.58,0,1500,1678,NW
1175266.930,X_LEG_3,2.61,72.99,147.58,0,1500,1678,NW
1175266.950,X_LEG_3,2.61,72.99,147.58,0,1500,1678,NW
1175266.972,X_LEG_3,2.61,72.99,147.58,0,1500,1678,NW
1175266.992,X_LEG_3,2.61,72.99,147.58,0,1500,1678,NW
1175267.013,X_LEG_3,2.61,72.99,147.58,0,1500,1678,NW
1175267.034,X_LEG_3,2.61,72.99,147.58,0,1500,1678,NW
1175267.054,X_LEG_3,2.61,72.99,147.58,0,1500,1678,NW
1175267.074,X_LEG_3,2.61,72.99,147.58,0,1500,1678,NW
1175267.094,X_LEG_3,2.61,72.99,147.58,0,1500,1678,NW
1175267.115,X_LEG_3,2.61,72.99,147.58,0,1500,1678,NW
1175267.135,X_LEG_3,2.61,72.99,147.58,0,1500,1678,NW
1175267.156,X_LEG_3,2.61,72.99,147.58,0,1500,1678,NW
1175267.176,X_LEG_3,2.61,72.99,147.58,0,1500,1678,NW
1175267.196,X_LEG_3,2.61,72.99,147.58,0,1500,1678,NW
1175267.217,X_LEG_3,2.61,72.99,147.58,0,1500,1678,NW
1175267.237,X_LEG_3,2.61,72.99,147.58,0,1500,1678,NW
1175267.258,X_LEG_3,2.61,72.99,147.58,0,1500,1678,NW
1175267.278,X_LEG_3,2.61,72.99,147.58,0,1500,1678,NW
1175267.299,X_LEG_3,2.61,72.99,147.58,0,1500,1678,NW
1175267.319,X_LEG_3,2.61,72.99,147.58,0,1500,1678,NW
1175267.339,X_LEG_3,2.61,72.99,147.58,0,1500,1678,NW
1175267.360,X_LEG_3,2.61,72.99,147.58,0,1500,1678,NW
1175267.380,X_LEG_3,2.61,72.99,147.58,0,1500,1678,NW
1175267.401,X_LEG_3,2.61,72.99,147.58,0,1500,1678,NW
1175267.421,X_LEG_3,2.61,72.99,147.58,0,1500,1678,NW
1175267.442,X_LEG_3,2.61,72.99,147.58,0,1500,1678,NW
1175267.462,X_LEG_3,2.61,72.99,147.58,0,1500,1678,NW
1175267.483,X_LEG_3,2.61,72.99,147.58,0,1500,1678,NW
1175267.503,X_LEG_3,2.61,72.99,147.58,0,1500,1678,NW
1175267.524,X_LEG_3,2.61,72.99,147.58,0,1500,1678,NW
1175267.544,X_LEG_3,2.61,72.99,147.58,0,1500,1678,NW
1175267.565,X_LEG_3,2.61,72.99,147.58,0,1500,1678,NW
1175267.585,X_LEG_3,2.61,72.99,147.58,0,1500,1678,NW
1175267.606,X_LEG_3,2.61,72.99,147.58,0,1500,1678,NW
1175267.626,X_LEG_3,2.61,72.99,147.58,0,1500,1678,NW
1175267.646,X_LEG_3,2.61,72.99,147.58,0,1500,1678,NW
1175267.666,X_LEG_3,2.61,72.99,147.58,0,1500,1678,NW
1175267.687,X_LEG_3,2.61,72.99,147.58,0,1500,1678,NW
1175267.708,X_LEG_3,2.61,72.99,147.58,0,1500,1678,NW
1175267.728,X_LEG_3,2.61,72.99,147.58,0,1500,1678,NW
1175267.748,X_LEG_3,2.61,72.99,147.58,0,1500,1678,NW
1175267.768,X_LEG_3,2.61,72.99,147.58,0,1500,1678,NW
1175267.789,X_LEG_3,2.61,72.99,147.58,0,1500,1678,NW
1175267.809,X_LEG_3,2.61,72.99,147.58,0,1500,1678,NW
1175267.830,X_LEG_3,2.61,72.99,147.58,0,1500,1678,NW
1175267.850,X_LEG_3,2.61,72.99,147.58,0,1500,1678,NW
1175267.871,X_LEG_3,2.61,72.99,147.58,0,1500,1678,NW
1175267.891,X_LEG_3,2.61,72.99,147.58,0,1500,1678,NW
1175267.911,X_LEG_3,2.61,72.99,147.58,0,1500,1678,NW
1175267.931,X_LEG_3,2.61,72.99,147.58,0,1500,1678,NW
1175267.952,X_LEG_3,2.61,72.99,147.58,0,1500,1678,NW
1175267.973,X_LEG_3,2.61,72.99,147.58,0,1500,1678,NW
1175267.993,X_LEG_3,2.61,72.99,147.58,0,1500,1678,NW
1175268.014,X_LEG_3,2.61,72.99,147.58,0,1500,1678,NW
1175268.035,X_LEG_3,2.61,72.99,147.58,0,1500,1678,NW
1175268.055,X_LEG_3,2.61,72.99,147.58,0,1500,1678,NW
1175268.076,X_LEG_3,2.61,72.99,147.58,0,1500,1678,NW
1175268.096,X_LEG_3,2.61,72.99,147.58,0,1500,1678,NW
1175268.117,X_LEG_3,2.61,72.99,147.58,0,1500,1678,NW
1175268.137,X_LEG_3,2.61,72.99,147.58,0,1500,1678,NW
1175268.158,X_LEG_3,2.61,72.99,147.58,0,1500,1678,NW
1175268.178,X_LEG_3,2.61,72.99,147.58,0,1500,1678,NW
1175268.199,X_LEG_3,2.61,72.99,147.58,0,1500,1678,NW
1175268.219,X_LEG_3,2.61,72.99,147.58,0,1500,1678,NW
1175268.239,X_LEG_3,2.61,72.99,147.58,0,1500,1678,NW
1175268.259,X_LEG_3,2.61,72.99,147.58,0,1500,1678,NW
1175268.280,X_LEG_3,2.61,72.99,147.58,0,1500,1678,NW
1175268.300,X_LEG_3,2.61,72.99,147.58,0,1500,1678,NW
1175268.321,X_LEG_3,2.61,72.99,147.58,0,1500,1678,NW
1175268.341,X_LEG_3,2.61,72.99,147.58,0,1500,1678,NW
1175268.362,X_LEG_3,2.61,72.99,147.58,0,1500,1678,NW
1175268.382,X_LEG_3,2.61,72.99,147.58,0,1500,1678,NW
1175268.403,X_LEG_3,2.61,72.99,147.58,0,1500,1678,NW
1175268.423,X_LEG_3,2.61,72.99,147.58,0,1500,1678,NW
1175268.444,X_LEG_3,2.61,72.99,147.58,0,1500,1678,NW
1175268.464,X_LEG_3,2.61,72.99,147.58,0,1500,1678,NW
1175268.485,X_LEG_3,2.61,72.99,147.58,0,1500,1678,NW
1175268.505,X_LEG_3,2.61,72.99,147.58,0,1500,1678,NW
1175268.525,X_LEG_3,2.61,72.99,147.58,0,1500,1678,NW
1175268.546,X_LEG_3,2.61,72.99,147.58,0,1500,1678,NW
1175268.566,X_LEG_3,2.61,72.99,147.58,0,1500,1678,NW
1175268.587,X_LEG_3,2.61,72.99,147.58,0,1500,1678,NW
1175268.607,X_LEG_3,2.61,72.99,147.58,0,1500,1678,NW
1175268.627,X_LEG_3,2.61,72.99,147.58,0,1500,1678,NW
1175268.648,X_LEG_3,2.61,72.99,147.58,0,1500,1678,NW
1175268.668,X_LEG_3,2.61,72.99,147.58,0,1500,1678,NW
1175268.689,X_LEG_3,2.61,72.99,147.58,0,1500,1678,NW
1175268.709,X_LEG_3,2.61,72.99,147.58,0,1500,1678,NW
1175268.729,X_LEG_3,2.61,72.99,147.58,0,1500,1678,NW
1175268.750,X_LEG_3,2.61,72.99,147.58,0,1500,1678,NW
1175268.771,X_LEG_3,2.61,72.99,147.58,0,1500,1678,NW
1175268.791,X_LEG_3,2.61,72.99,147.58,0,1500,1678,NW
1175268.812,X_LEG_3,2.61,72.99,147.58,0,1500,1678,NW
1175268.832,X_LEG_3,2.61,72.99,147.58,0,1500,1678,NW
1175268.853,X_LEG_3,2.61,72.99,147.58,0,1500,1678,NW
1175268.873,X_LEG_3,2.61,72.99,147.58,0,1500,1678,NW
1175268.894,X_LEG_3,2.61,72.99,147.58,0,1500,1678,NW
1175268.914,X_LEG_3,2.61,72.99,147.58,0,1500,1678,NW
1175268.934,X_LEG_3,2.61,72.99,147.58,0,1500,1678,NW
1175268.955,X_LEG_3,2.61,72.99,147.58,0,1500,1678,NW
1175268.975,X_LEG_3,2.61,72.99,147.58,0,1500,1678,NW
1175268.995,X_LEG_3,2.61,72.99,147.58,0,1500,1678,NW
1175269.016,X_LEG_3,2.61,72.99,147.58,0,1500,1678,NW
1175269.037,X_LEG_3,2.61,72.99,147.58,0,1500,1678,NW
1175269.057,X_LEG_3,2.61,72.99,147.58,0,1500,1678,NW
1175269.078,X_LEG_3,2.61,72.99,147.58,0,1500,1678,NW
1175269.099,X_LEG_3,2.61,72.99,147.58,0,1500,1678,NW
1175269.119,X_LEG_3,2.61,72.99,147.58,0,1500,1678,NW
1175269.140,X_LEG_3,2.61,72.99,147.58,0,1500,1678,NW
1175269.160,X_LEG_3,2.61,72.99,147.58,0,1500,1678,NW
1175269.181,X_LEG_3,2.61,72.99,147.58,0,1500,1678,NW
1175269.201,X_LEG_3,2.61,72.99,147.58,0,1500,1678,NW
1175269.221,X_LEG_3,2.61,72.99,147.58,0,1500,1678,NW
1175269.243,X_LEG_3,2.61,72.99,147.58,0,1500,1678,NW
1175269.263,X_LEG_3,2.61,72.99,147.58,0,1500,1678,NW
1175269.284,X_LEG_3,2.61,72.99,147.58,0,1500,1678,NW
1175269.304,X_LEG_3,2.61,72.99,147.58,0,1500,1678,NW
1175269.324,X_LEG_3,2.61,72.99,147.58,0,1500,1678,NW
1175269.345,X_LEG_3,2.61,72.99,147.58,0,1500,1678,NW
1175269.365,X_LEG_3,2.61,72.99,147.58,0,1500,1678,NW
1175269.386,X_LEG_3,2.61,72.99,147.58,0,1500,1678,NW
1175269.406,X_LEG_3,2.61,72.99,147.58,0,1500,1678,NW
1175269.427,X_LEG_3,2.61,72.99,147.58,0,1500,1678,NW
1175269.447,X_LEG_3,2.61,72.99,147.58,0,1500,1678,NW
1175269.467,X_LEG_3,2.61,72.99,147.58,0,1500,1678,NW
1175269.488,X_LEG_3,2.61,72.99,147.58,0,1500,1678,NW
1175269.509,X_LEG_3,2.61,72.99,147.58,0,1500,1678,NW
1175269.529,X_LEG_3,2.61,72.99,147.58,0,1500,1678,NW
1175269.550,X_LEG_3,2.61,72.99,147.58,0,1500,1678,NW
1175269.571,X_LEG_3,2.61,72.99,147.58,0,1500,1678,NW
1175269.591,X_LEG_3,2.61,72.99,147.58,0,1500,1678,NW
1175269.611,X_LEG_3,2.61,72.99,147.58,0,1500,1678,NW
1175269.632,X_LEG_3,2.61,72.99,147.58,0,1500,1678,NW
1175269.652,X_LEG_3,2.61,72.99,147.58,0,1500,1678,NW
1175269.673,X_LEG_3,2.61,72.99,147.58,0,1500,1678,NW
1175269.693,X_LEG_3,2.61,72.99,147.58,0,1500,1678,NW
1175269.714,X_LEG_3,2.61,72.99,147.58,0,1500,1678,NW
1175269.734,X_LEG_3,2.61,72.99,147.58,0,1500,1678,NW
1175269.755,X_LEG_3,2.61,72.99,147.58,0,1500,1678,NW
1175269.775,X_LEG_3,2.61,72.99,147.58,0,1500,1678,NW
1175269.795,X_LEG_3,2.61,72.99,147.58,0,1500,1678,NW
1175269.816,X_LEG_3,2.61,72.99,147.58,0,1500,1678,NW
1175269.836,X_LEG_3,2.61,72.99,147.58,0,1500,1678,NW
1175269.857,X_LEG_3,2.61,72.99,147.58,0,1500,1678,NW
1175269.877,X_LEG_3,2.61,72.99,147.58,0,1500,1678,NW
1175269.898,X_LEG_3,2.61,72.99,147.58,0,1500,1678,NW
1175269.918,X_LEG_3,2.61,72.99,147.58,0,1500,1678,NW
1175269.939,X_LEG_3,2.61,72.99,147.58,0,1500,1678,NW
1175269.959,X_LEG_3,2.61,72.99,147.58,0,1500,1678,NW
1175269.980,X_LEG_3,2.61,72.99,147.58,0,1500,1678,NW
1175270.000,X_LEG_3,2.61,72.99,147.58,0,1500,1678,NW
1175270.021,X_LEG_3,2.61,72.99,147.58,0,1500,1678,NW
1175270.041,X_LEG_3,2.61,72.99,147.58,0,1500,1678,NW
1175270.062,X_LEG_3,2.61,72.99,147.58,0,1500,1678,NW
1175270.083,X_LEG_3,2.61,72.99,147.58,0,1500,1678,NW
1175270.103,X_LEG_3,2.61,72.99,147.58,0,1500,1678,NW
1175270.124,X_LEG_3,2.61,72.99,147.58,0,1500,1678,NW
1175270.144,X_LEG_3,2.61,72.99,147.58,0,1500,1678,NW
1175270.164,X_LEG_3,2.61,72.99,147.58,0,1500,1678,NW
1175270.185,X_LEG_3,2.61,72.99,147.58,0,1500,1678,NW
1175270.206,X_LEG_3,2.61,72.99,147.58,0,1500,1678,NW
1175270.226,X_LEG_3,2.61,72.99,147.58,0,1500,1678,NW
1175270.247,X_LEG_3,2.61,72.99,147.58,0,1500,1678,NW
1175270.267,X_LEG_3,2.61,72.99,147.58,0,1500,1678,NW
1175270.288,X_LEG_3,2.61,72.99,147.58,0,1500,1678,NW
1175270.308,X_LEG_3,2.61,72.99,147.58,0,1500,1678,NW
1175270.329,X_LEG_3,2.61,72.99,147.58,0,1500,1678,NW
1175270.349,X_LEG_3,2.61,72.99,147.58,0,1500,1678,NW
1175270.369,X_LEG_3,2.61,72.99,147.58,0,1500,1678,NW
1175270.390,X_LEG_3,2.61,72.99,147.58,0,1500,1678,NW
1175270.410,X_LEG_3,2.61,72.99,147.58,0,1500,1678,NW
1175270.430,X_LEG_3,2.61,72.99,147.58,0,1500,1678,NW
1175270.450,X_LEG_3,2.61,72.99,147.58,0,1500,1678,NW
1175270.471,X_LEG_3,2.61,72.99,147.58,0,1500,1678,NW
1175270.491,X_LEG_3,2.61,72.99,147.58,0,1500,1678,NW
1175270.511,X_LEG_3,2.61,72.99,147.58,0,1500,1678,NW
1175270.531,X_LEG_3,2.61,72.99,147.58,0,1500,1678,NW
1175270.552,X_LEG_3,2.61,72.99,147.58,0,1500,1678,NW
1175270.572,X_LEG_3,2.61,72.99,147.58,0,1500,1678,NW
1175270.593,X_LEG_3,2.61,72.99,147.58,0,1500,1678,NW
1175270.614,X_LEG_3,2.61,72.99,147.58,0,1500,1678,NW
1175270.635,X_LEG_3,2.61,72.99,147.58,0,1500,1678,NW
1175270.655,X_LEG_3,2.61,72.99,147.58,0,1500,1678,NW
1175270.675,X_LEG_3,2.61,72.99,147.58,0,1500,1678,NW
1175270.696,X_LEG_3,2.61,72.99,147.58,0,1500,1678,NW
1175270.716,X_LEG_3,2.61,72.99,147.58,0,1500,1678,NW
1175270.737,X_LEG_3,2.61,72.99,147.58,0,1500,1678,NW
1175270.757,X_LEG_3,2.61,72.99,147.58,0,1500,1678,NW
1175270.778,X_LEG_3,2.61,72.99,147.58,0,1500,1678,NW
1175270.798,X_LEG_3,2.61,72.99,147.58,0,1500,1678,NW
1175270.819,X_LEG_3,2.61,72.99,147.58,0,1500,1678,NW
1175270.840,X_LEG_3,2.61,72.99,147.58,0,1500,1678,NW
1175270.860,X_LEG_3,2.61,72.99,147.58,0,1500,1678,NW
1175270.881,X_LEG_3,2.61,72.99,147.58,0,1500,1678,NW
1175270.901,X_LEG_3,2.61,72.99,147.58,0,1500,1678,NW
1175270.922,X_LEG_3,2.61,72.99,147.58,0,1500,1678,NW
1175270.942,X_LEG_3,2.61,72.99,147.58,0,1500,1678,NW
1175270.963,X_LEG_3,2.61,72.99,147.58,0,1500,1678,NW
1175270.984,X_LEG_3,2.61,72.99,147.58,0,1500,1678,NW
1175271.004,X_LEG_3,2.61,72.99,147.58,0,1500,1678,NW
1175271.024,X_LEG_3,2.61,72.99,147.58,0,1500,1678,NW
1175271.045,X_LEG_3,2.61,72.99,147.58,0,1500,1678,NW
1175271.066,X_LEG_3,2.61,72.99,147.58,0,1500,1678,NW
1175271.086,X_LEG_3,2.61,72.99,147.58,0,1500,1678,NW
1175271.106,X_LEG_3,2.61,72.99,147.58,0,1500,1678,NW
1175271.127,X_LEG_3,2.61,72.99,147.58,0,1500,1678,NW
1175271.147,X_LEG_3,2.61,72.99,147.58,0,1500,1678,NW
1175271.167,X_LEG_3,2.61,72.99,147.58,0,1500,1678,NW
1175271.187,X_LEG_3,2.61,72.99,147.58,0,1500,1678,NW
1175271.208,X_LEG_3,2.61,72.99,147.58,0,1500,1678,NW
1175271.229,X_LEG_3,2.61,72.99,147.58,0,1500,1678,NW
1175271.249,X_LEG_3,2.61,72.99,147.58,0,1500,1678,NW
1175271.269,X_LEG_3,2.61,72.99,147.58,0,1500,1678,NW
1175271.290,X_LEG_3,2.61,72.99,147.58,0,1500,1678,NW
1175271.311,X_LEG_3,2.61,72.99,147.58,0,1500,1678,NW
1175271.331,X_LEG_3,2.61,72.99,147.58,0,1500,1678,NW
1175271.351,X_LEG_3,2.61,72.99,147.58,0,1500,1678,NW
1175271.371,X_LEG_3,2.61,72.99,147.58,0,1500,1678,NW
1175271.392,X_LEG_3,2.61,72.99,147.58,0,1500,1678,NW
1175271.412,X_LEG_3,2.61,72.99,147.58,0,1500,1678,NW
1175271.433,X_LEG_3,2.61,72.99,147.58,0,1500,1678,NW
1175271.453,X_LEG_3,2.61,72.99,147.58,0,1500,1678,NW
1175271.473,X_LEG_3,2.61,72.99,147.58,0,1500,1678,NW
1175271.494,X_LEG_3,2.61,72.99,147.58,0,1500,1678,NW
1175271.514,X_LEG_3,2.61,72.99,147.58,0,1500,1678,NW
1175271.535,X_LEG_3,2.61,72.99,147.58,0,1500,1678,NW
1175271.555,X_LEG_3,2.61,72.99,147.58,0,1500,1678,NW
1175271.576,X_LEG_3,2.61,72.99,147.58,0,1500,1678,NW
1175271.596,X_LEG_3,2.61,72.99,147.58,0,1500,1678,NW
1175271.616,X_LEG_3,2.61,72.99,147.58,0,1500,1678,NW
1175271.637,X_LEG_3,2.61,72.99,147.58,0,1500,1678,NW
1175271.657,X_LEG_3,2.61,72.99,147.58,0,1500,1678,NW
1175271.678,X_LEG_3,2.61,72.99,147.58,0,1500,1678,NW
1175271.698,X_LEG_3,2.61,72.99,147.58,0,1500,1678,NW
1175271.719,X_LEG_3,2.61,72.99,147.58,0,1500,1678,NW
1175271.739,X_LEG_3,2.61,72.99,147.58,0,1500,1678,NW
1175271.760,X_LEG_3,2.61,72.99,147.58,0,1500,1678,NW
1175271.780,X_LEG_3,2.61,72.99,147.58,0,1500,1678,NW
1175271.801,X_LEG_3,2.61,72.99,147.58,0,1500,1678,NW
1175271.821,X_LEG_3,2.61,72.99,147.58,0,1500,1678,NW
1175271.842,X_LEG_3,2.61,72.99,147.58,0,1500,1678,NW
1175271.862,X_LEG_3,2.61,72.99,147.58,0,1500,1678,NW
1175271.882,X_LEG_3,2.61,72.99,147.58,0,1500,1678,NW
1175271.902,X_LEG_3,2.61,72.99,147.58,0,1500,1678,NW
1175271.923,X_LEG_3,2.61,72.99,147.58,0,1500,1678,NW
1175271.943,X_LEG_3,2.61,72.99,147.58,0,1500,1678,NW
1175271.964,X_LEG_3,2.61,72.99,147.58,0,1500,1678,NW
1175271.984,X_LEG_3,2.61,72.99,147.58,0,1500,1678,NW
1175272.005,X_LEG_3,2.61,72.99,147.58,0,1500,1678,NW
1175272.025,X_LEG_3,2.61,72.99,147.58,0,1500,1678,NW
1175272.046,X_LEG_3,2.61,72.99,147.58,0,1500,1678,NW
1175272.066,X_LEG_3,2.61,72.99,147.58,0,1500,1678,NW
1175272.087,X_LEG_3,2.61,72.99,147.58,0,1500,1678,NW
1175272.107,X_LEG_3,2.61,72.99,147.58,0,1500,1678,NW
1175272.128,X_LEG_3,2.61,72.99,147.58,0,1500,1678,NW
1175272.149,X_LEG_3,2.61,72.99,147.58,0,1500,1678,NW
1175272.169,X_LEG_3,2.61,72.99,147.58,0,1500,1678,NW
1175272.189,X_LEG_3,2.61,72.99,147.58,0,1500,1678,NW
1175272.210,X_LEG_3,2.61,72.99,147.58,0,1500,1678,NW
1175272.230,X_LEG_3,2.61,72.99,147.58,0,1500,1678,NW
1175272.251,X_LEG_3,2.61,72.99,147.58,0,1500,1678,NW
1175272.271,X_LEG_3,2.61,72.99,147.58,0,1500,1678,NW
1175272.292,X_LEG_3,2.61,72.99,147.58,0,1500,1678,NW
1175272.312,X_LEG_3,2.61,72.99,147.58,0,1500,1678,NW
1175272.332,X_LEG_3,2.61,72.99,147.58,0,1500,1678,NW
1175272.353,X_LEG_3,2.61,72.99,147.58,0,1500,1678,NW
1175272.373,X_LEG_3,2.61,72.99,147.58,0,1500,1678,NW
1175272.394,X_LEG_3,2.61,72.99,147.58,0,1500,1678,NW
1175272.414,X_LEG_3,2.61,72.99,147.58,0,1500,1678,NW
1175272.435,X_LEG_3,2.61,72.99,147.58,0,1500,1678,NW
1175272.455,X_LEG_3,2.61,72.99,147.58,0,1500,1678,NW
1175272.476,X_LEG_3,2.61,72.99,147.58,0,1500,1678,NW
1175272.496,X_LEG_3,2.61,72.99,147.58,0,1500,1678,NW
1175272.517,X_LEG_3,2.61,72.99,147.58,0,1500,1678,NW
1175272.537,X_LEG_3,2.61,72.99,147.58,0,1500,1678,NW
1175272.558,X_LEG_3,2.61,72.99,147.58,0,1500,1678,NW
1175272.578,X_LEG_3,2.61,72.99,147.58,0,1500,1678,NW
1175272.599,X_LEG_3,2.61,72.99,147.58,0,1500,1678,NW
1175272.619,X_LEG_3,2.61,72.99,147.58,0,1500,1678,NW
1175272.640,X_LEG_3,2.61,72.99,147.58,0,1500,1678,NW
1175272.660,X_LEG_3,2.61,72.99,147.58,0,1500,1678,NW
1175272.681,X_LEG_3,2.61,72.99,147.58,0,1500,1678,NW
1175272.701,X_LEG_3,2.61,72.99,147.58,0,1500,1678,NW
1175272.722,X_LEG_3,2.61,72.99,147.58,0,1500,1678,NW
1175272.742,X_LEG_3,2.61,72.99,147.58,0,1500,1678,NW
1175272.762,X_LEG_3,2.61,72.99,147.58,0,1500,1678,NW
1175272.783,X_LEG_3,2.61,72.99,147.58,0,1500,1678,NW
1175272.803,X_LEG_3,2.61,72.99,147.58,0,1500,1678,NW
1175272.824,X_LEG_3,2.61,72.99,147.58,0,1500,1678,NW
1175272.845,X_LEG_3,2.61,72.99,147.58,0,1500,1678,NW
1175272.865,X_LEG_3,2.61,72.99,147.58,0,1500,1678,NW
1175272.886,X_LEG_3,2.61,72.99,147.58,0,1500,1678,NW
1175272.906,X_LEG_3,2.61,72.99,147.58,0,1500,1678,NW
1175272.927,X_LEG_3,2.61,72.99,147.58,0,1500,1678,NW
1175272.947,X_LEG_3,2.61,72.99,147.58,0,1500,1678,NW
1175272.968,X_LEG_3,2.61,72.99,147.58,0,1500,1678,NW
1175272.988,X_LEG_3,2.61,72.99,147.58,0,1500,1678,NW
1175273.008,X_LEG_3,2.61,72.99,147.58,0,1500,1678,NW
1175273.029,X_LEG_3,2.61,72.99,147.58,0,1500,1678,NW
1175273.049,X_LEG_3,2.61,72.99,147.58,0,1500,1678,NW
1175273.070,X_LEG_3,2.61,72.99,147.58,0,1500,1678,NW
1175273.090,X_LEG_3,2.61,72.99,147.58,0,1500,1678,NW
1175273.111,X_LEG_3,2.61,72.99,147.58,0,1500,1678,NW
1175273.131,X_LEG_3,2.61,72.99,147.58,0,1500,1678,NW
1175273.152,X_LEG_3,2.61,72.99,147.58,0,1500,1678,NW
1175273.173,X_LEG_3,2.61,72.99,147.58,0,1500,1678,NW
1175273.193,X_LEG_3,2.61,72.99,147.58,0,1500,1678,NW
1175273.213,X_LEG_3,2.61,72.99,147.58,0,1500,1678,NW
1175273.234,X_LEG_3,2.61,72.99,147.58,0,1500,1678,NW
1175273.254,X_LEG_3,2.61,72.99,147.58,0,1500,1678,NW
1175273.275,X_LEG_3,2.61,72.99,147.58,0,1500,1678,NW
1175273.295,X_LEG_3,2.61,72.99,147.58,0,1500,1678,NW
1175273.316,X_LEG_3,2.61,72.99,147.58,0,1500,1678,NW
1175273.336,X_LEG_3,2.61,72.99,147.58,0,1500,1678,NW
1175273.356,X_LEG_3,2.61,72.99,147.58,0,1500,1678,NW
1175273.377,X_LEG_3,2.61,72.99,147.58,0,1500,1678,NW
1175273.397,X_LEG_3,2.61,72.99,147.58,0,1500,1678,NW
1175273.418,X_LEG_3,2.61,72.99,147.58,0,1500,1678,NW
1175273.438,X_LEG_3,2.61,72.99,147.58,0,1500,1678,NW
1175273.459,X_LEG_3,2.61,72.99,147.58,0,1500,1678,NW
1175273.479,X_LEG_3,2.61,72.99,147.58,0,1500,1678,NW
1175273.500,X_LEG_3,2.61,72.99,147.58,0,1500,1678,NW
1175273.520,X_LEG_3,2.61,72.99,147.58,0,1500,1678,NW
1175273.541,X_LEG_3,2.61,72.99,147.58,0,1500,1678,NW
1175273.561,X_LEG_3,2.61,72.99,147.58,0,1500,1678,NW
1175273.581,X_LEG_3,2.61,72.99,147.58,0,1500,1678,NW
1175273.602,X_LEG_3,2.61,72.99,147.58,0,1500,1678,NW
1175273.622,X_LEG_3,2.61,72.99,147.58,0,1500,1678,NW
1175273.643,X_LEG_3,2.61,72.99,147.58,0,1500,1678,NW
1175273.663,X_LEG_3,2.61,72.99,147.58,0,1500,1678,NW
1175273.683,X_LEG_3,2.61,72.99,147.58,0,1500,1678,NW
1175273.704,X_LEG_3,2.61,72.99,147.58,0,1500,1678,NW
1175273.724,X_LEG_3,2.61,72.99,147.58,0,1500,1678,NW
1175273.745,X_LEG_3,2.61,72.99,147.58,0,1500,1678,NW
1175273.765,X_LEG_3,2.61,72.99,147.58,0,1500,1678,NW
1175273.786,X_LEG_3,2.61,72.99,147.58,0,1500,1678,NW
1175273.806,X_LEG_3,2.61,72.99,147.58,0,1500,1678,NW
1175273.827,X_LEG_3,2.61,72.99,147.58,0,1500,1678,NW
1175273.848,X_LEG_3,2.61,72.99,147.58,0,1500,1678,NW
1175273.868,X_LEG_3,2.61,72.99,147.58,0,1500,1678,NW
1175273.889,X_LEG_3,2.61,72.99,147.58,0,1500,1678,NW
1175273.909,X_LEG_3,2.61,72.99,147.58,0,1500,1678,NW
1175273.929,X_LEG_3,2.61,72.99,147.58,0,1500,1678,NW
1175273.950,X_LEG_3,2.61,72.99,147.58,0,1500,1678,NW
1175273.970,X_LEG_3,2.61,72.99,147.58,0,1500,1678,NW
1175273.991,X_LEG_3,2.61,72.99,147.58,0,1500,1678,NW
1175274.011,X_LEG_3,2.61,72.99,147.58,0,1500,1678,NW
1175274.031,X_LEG_3,2.61,72.99,147.58,0,1500,1678,NW
1175274.051,X_LEG_3,2.61,72.99,147.58,0,1500,1678,NW
1175274.072,X_LEG_3,2.61,72.99,147.58,0,1500,1678,NW
1175274.093,X_LEG_3,2.61,72.99,147.58,0,1500,1678,NW
1175274.113,X_LEG_3,2.61,72.99,147.58,0,1500,1678,NW
1175274.134,X_LEG_3,2.61,72.99,147.58,0,1500,1678,NW
1175274.154,X_LEG_3,2.61,72.99,147.58,0,1500,1678,NW
1175274.175,X_LEG_3,2.61,72.99,147.58,0,1500,1678,NW
1175274.195,X_LEG_3,2.61,72.99,147.58,0,1500,1678,NW
1175274.216,X_LEG_3,2.61,72.99,147.58,0,1500,1678,NW
1175274.237,X_LEG_3,2.61,72.99,147.58,0,1500,1678,NW
1175274.257,X_LEG_3,2.61,72.99,147.58,0,1500,1678,NW
1175274.278,X_LEG_3,2.61,72.99,147.58,0,1500,1678,NW
1175274.298,X_LEG_3,2.61,72.99,147.58,0,1500,1678,NW
1175274.318,X_LEG_3,2.61,72.99,147.58,0,1500,1678,NW
1175274.339,X_LEG_3,2.61,72.99,147.58,0,1500,1678,NW
1175274.359,X_LEG_3,2.61,72.99,147.58,0,1500,1678,NW
1175274.380,X_LEG_3,2.61,72.99,147.58,0,1500,1678,NW
1175274.401,X_LEG_3,2.61,72.99,147.58,0,1500,1678,NW
1175274.421,X_LEG_3,2.61,72.99,147.58,0,1500,1678,NW
1175274.441,X_LEG_3,2.61,72.99,147.58,0,1500,1678,NW
1175274.461,X_LEG_3,2.61,72.99,147.58,0,1500,1678,NW
1175274.482,X_LEG_3,2.61,72.99,147.58,0,1500,1678,NW
1175274.503,X_LEG_3,2.61,72.99,147.58,0,1500,1678,NW
1175274.523,X_LEG_3,2.61,72.99,147.58,0,1500,1678,NW
1175274.544,X_LEG_3,2.61,72.99,147.58,0,1500,1678,NW
1175274.564,X_LEG_3,2.61,72.99,147.58,0,1500,1678,NW
1175274.585,X_LEG_3,2.61,72.99,147.58,0,1500,1678,NW
1175274.605,X_LEG_3,2.61,72.99,147.58,0,1500,1678,NW
1175274.625,X_LEG_3,2.61,72.99,147.58,0,1500,1678,NW
1175274.647,X_LEG_3,2.61,72.99,147.58,0,1500,1678,NW
1175274.667,X_LEG_3,2.61,72.99,147.58,0,1500,1678,NW
1175274.687,X_LEG_3,2.61,72.99,147.58,0,1500,1678,NW
1175274.707,X_LEG_3,2.61,72.99,147.58,0,1500,1678,NW
1175274.728,X_LEG_3,2.61,72.99,147.58,0,1500,1678,NW
1175274.748,X_LEG_3,2.61,72.99,147.58,0,1500,1678,NW
1175274.768,X_LEG_3,2.61,72.99,147.58,0,1500,1678,NW
1175274.788,X_LEG_3,2.61,72.99,147.58,0,1500,1678,NW
1175274.809,X_LEG_3,2.61,72.99,147.58,0,1500,1678,NW
1175274.829,X_LEG_3,2.61,72.99,147.58,0,1500,1678,NW
1175274.850,X_LEG_3,2.61,72.99,147.58,0,1500,1678,NW
1175274.870,X_LEG_3,2.61,72.99,147.58,0,1500,1678,NW
1175274.891,X_LEG_3,2.61,72.99,147.58,0,1500,1678,NW
1175274.912,X_LEG_3,2.61,72.99,147.58,0,1500,1678,NW
1175274.932,X_LEG_3,2.61,72.99,147.58,0,1500,1678,NW
1175274.952,X_LEG_3,2.61,72.99,147.58,0,1500,1678,NW
1175274.972,X_LEG_3,2.61,72.99,147.58,0,1500,1678,NW
1175274.993,X_LEG_3,2.61,72.99,147.58,0,1500,1678,NW
1175275.013,X_LEG_3,2.61,72.99,147.58,0,1500,1678,NW
1175275.034,X_LEG_3,2.61,72.99,147.58,0,1500,1678,NW
1175275.054,X_LEG_3,2.61,72.99,147.58,0,1500,1678,NW
1175275.075,X_LEG_3,2.61,72.99,147.58,0,1500,1678,NW
1175275.095,X_LEG_3,2.61,72.99,147.58,0,1500,1678,NW
1175275.116,X_LEG_3,2.61,72.99,147.58,0,1500,1678,NW
1175275.136,X_LEG_3,2.61,72.99,147.58,0,1500,1678,NW
1175275.156,X_LEG_3,2.61,72.99,147.58,0,1500,1678,NW
1175275.177,X_LEG_3,2.61,72.99,147.58,0,1500,1678,NW
1175275.197,X_LEG_3,2.61,72.99,147.58,0,1500,1678,NW
1175275.217,X_LEG_3,2.61,72.99,147.58,0,1500,1678,NW
1175275.238,X_LEG_3,2.61,72.99,147.58,0,1500,1678,NW
1175275.258,X_LEG_3,2.61,72.99,147.58,0,1500,1678,NW
1175275.279,X_LEG_3,2.61,72.99,147.58,0,1500,1678,NW
1175275.299,X_LEG_3,2.61,72.99,147.58,0,1500,1678,NW
1175275.320,X_LEG_3,2.61,72.99,147.58,0,1500,1678,NW
1175275.340,X_LEG_3,2.61,72.99,147.58,0,1500,1678,NW
1175275.361,X_LEG_3,2.61,72.99,147.58,0,1500,1678,NW
1175275.381,X_LEG_3,2.61,72.99,147.58,0,1500,1678,NW
1175275.402,X_LEG_3,2.61,72.99,147.58,0,1500,1678,NW
1175275.422,X_LEG_3,2.61,72.99,147.58,0,1500,1678,NW
1175275.443,X_LEG_3,2.61,72.99,147.58,0,1500,1678,NW
1175275.463,X_LEG_3,2.61,72.99,147.58,0,1500,1678,NW
1175275.483,X_LEG_3,2.61,72.99,147.58,0,1500,1678,NW
1175275.504,X_LEG_3,2.61,72.99,147.58,0,1500,1678,NW
1175275.524,X_LEG_3,2.61,72.99,147.58,0,1500,1678,NW
1175275.545,X_LEG_3,2.61,72.99,147.58,0,1500,1678,NW
1175275.565,X_LEG_3,2.61,72.99,147.58,0,1500,1678,NW
1175275.586,X_LEG_3,2.61,72.99,147.58,0,1500,1678,NW
1175275.606,X_LEG_3,2.61,72.99,147.58,0,1500,1678,NW
1175275.627,X_LEG_3,2.61,72.99,147.58,0,1500,1678,NW
1175275.647,X_LEG_3,2.61,72.99,147.58,0,1500,1678,NW
1175275.668,X_LEG_3,2.61,72.99,147.58,0,1500,1678,NW
1175275.688,X_LEG_3,2.61,72.99,147.58,0,1500,1678,NW
1175275.708,X_LEG_3,2.61,72.99,147.58,0,1500,1678,NW
1175275.729,X_LEG_3,2.61,72.99,147.58,0,1500,1678,NW
1175275.749,X_LEG_3,2.61,72.99,147.58,0,1500,1678,NW
1175275.770,X_LEG_3,2.61,72.99,147.58,0,1500,1678,NW
1175275.790,X_LEG_3,2.61,72.99,147.58,0,1500,1678,NW
1175275.811,X_LEG_3,2.61,72.99,147.58,0,1500,1678,NW
1175275.831,X_LEG_3,2.61,72.99,147.58,0,1500,1678,NW
1175275.852,X_LEG_3,2.61,72.99,147.58,0,1500,1678,NW
1175275.872,X_LEG_3,2.61,72.99,147.58,0,1500,1678,NW
1175275.893,X_LEG_3,2.61,72.99,147.58,0,1500,1678,NW
1175275.914,X_LEG_3,2.61,72.99,147.58,0,1500,1678,NW
1175275.934,X_LEG_3,2.61,72.99,147.58,0,1500,1678,NW
1175275.954,X_LEG_3,2.61,72.99,147.58,0,1500,1678,NW
1175275.975,X_LEG_3,2.61,72.99,147.58,0,1500,1678,NW
1175275.995,X_LEG_3,2.61,72.99,147.58,0,1500,1678,NW
1175276.015,X_LEG_3,2.61,72.99,147.58,0,1500,1678,NW
1175276.035,X_LEG_3,2.61,72.99,147.58,0,1500,1678,NW
1175276.056,X_LEG_3,2.61,72.99,147.58,0,1500,1678,NW
1175276.076,X_LEG_3,2.61,72.99,147.58,0,1500,1678,NW
1175276.097,X_LEG_3,2.61,72.99,147.58,0,1500,1678,NW
1175276.117,X_LEG_3,2.61,72.99,147.58,0,1500,1678,NW
1175276.138,X_LEG_3,2.61,72.99,147.58,0,1500,1678,NW
1175276.158,X_LEG_3,2.61,72.99,147.58,0,1500,1678,NW
1175276.179,X_LEG_3,2.61,72.99,147.58,0,1500,1678,NW
1175276.199,X_LEG_3,2.61,72.99,147.58,0,1500,1678,NW
1175276.220,X_LEG_3,2.61,72.99,147.58,0,1500,1678,NW
1175276.241,X_LEG_3,2.61,72.99,147.58,0,1500,1678,NW
1175276.261,X_LEG_3,2.61,72.99,147.58,0,1500,1678,NW
1175276.281,X_LEG_3,2.61,72.99,147.58,0,1500,1678,NW
1175276.302,X_LEG_3,2.61,72.99,147.58,0,1500,1678,NW
1175276.322,X_LEG_3,2.61,72.99,147.58,0,1500,1678,NW
1175276.343,X_LEG_3,2.61,72.99,147.58,0,1500,1678,NW
1175276.363,X_LEG_3,2.61,72.99,147.58,0,1500,1678,NW
1175276.384,X_LEG_3,2.61,72.99,147.58,0,1500,1678,NW
1175276.404,X_LEG_3,2.61,72.99,147.58,0,1500,1678,NW
1175276.425,X_LEG_3,2.61,72.99,147.58,0,1500,1678,NW
1175276.445,X_LEG_3,2.61,72.99,147.58,0,1500,1678,NW
1175276.466,X_LEG_3,2.61,72.99,147.58,0,1500,1678,NW
1175276.486,X_LEG_3,2.61,72.99,147.58,0,1500,1678,NW
1175276.508,X_LEG_3,2.61,72.99,147.58,0,1500,1678,NW
1175276.528,X_LEG_3,2.61,72.99,147.58,0,1500,1678,NW
1175276.548,X_LEG_3,2.61,72.99,147.58,0,1500,1678,NW
1175276.569,X_LEG_3,2.61,72.99,147.58,0,1500,1678,NW
1175276.589,X_LEG_3,2.61,72.99,147.58,0,1500,1678,NW
1175276.609,X_LEG_3,2.61,72.99,147.58,0,1500,1678,NW
1175276.630,X_LEG_3,2.61,72.99,147.58,0,1500,1678,NW
1175276.650,X_LEG_3,2.61,72.99,147.58,0,1500,1678,NW
1175276.670,X_LEG_3,2.61,72.99,147.58,0,1500,1678,NW
1175276.690,X_LEG_3,2.61,72.99,147.58,0,1500,1678,NW
1175276.710,X_LEG_3,2.61,72.99,147.58,0,1500,1678,NW
1175276.731,X_LEG_3,2.61,72.99,147.58,0,1500,1678,NW
1175276.752,X_LEG_3,2.61,72.99,147.58,0,1500,1678,NW
1175276.772,X_LEG_3,2.61,72.99,147.58,0,1500,1678,NW
1175276.793,X_LEG_3,2.61,72.99,147.58,0,1500,1678,NW
1175276.813,X_LEG_3,2.61,72.99,147.58,0,1500,1678,NW
1175276.834,X_LEG_3,2.61,72.99,147.58,0,1500,1678,NW
1175276.854,X_LEG_3,2.61,72.99,147.58,0,1500,1678,NW
1175276.874,X_LEG_3,2.61,72.99,147.58,0,1500,1678,NW
1175276.894,X_LEG_3,2.61,72.99,147.58,0,1500,1678,NW
1175276.915,X_LEG_3,2.61,72.99,147.58,0,1500,1678,NW
1175276.935,X_LEG_3,2.61,72.99,147.58,0,1500,1678,NW
1175276.956,X_LEG_3,2.61,72.99,147.58,0,1500,1678,NW
1175276.977,X_LEG_3,2.61,72.99,147.58,0,1500,1678,NW
1175276.997,X_LEG_3,2.61,72.99,147.58,0,1500,1678,NW
1175277.017,X_LEG_3,2.61,72.99,147.58,0,1500,1678,NW
1175277.038,X_LEG_3,2.61,72.99,147.58,0,1500,1678,NW
1175277.059,X_LEG_3,2.61,72.99,147.58,0,1500,1678,NW
1175277.079,X_LEG_3,2.61,72.99,147.58,0,1500,1678,NW
1175277.099,X_LEG_3,2.61,72.99,147.58,0,1500,1678,NW
1175277.120,X_LEG_3,2.61,72.99,147.58,0,1500,1678,NW
1175277.140,X_LEG_3,2.61,72.99,147.58,0,1500,1678,NW
1175277.161,X_LEG_3,2.61,72.99,147.58,0,1500,1678,NW
1175277.181,X_LEG_3,2.61,72.99,147.58,0,1500,1678,NW
1175277.202,X_LEG_3,2.61,72.99,147.58,0,1500,1678,NW
1175277.222,X_LEG_3,2.61,72.99,147.58,0,1500,1678,NW
1175277.242,X_LEG_3,2.61,72.99,147.58,0,1500,1678,NW
1175277.263,X_LEG_3,2.61,72.99,147.58,0,1500,1678,NW
1175277.284,X_LEG_3,2.61,72.99,147.58,0,1500,1678,NW
1175277.304,X_LEG_3,2.61,72.99,147.58,0,1500,1678,NW
1175277.324,X_LEG_3,2.61,72.99,147.58,0,1500,1678,NW
1175277.344,X_LEG_3,2.61,72.99,147.58,0,1500,1678,NW
1175277.365,X_LEG_3,2.61,72.99,147.58,0,1500,1678,NW
1175277.385,X_LEG_3,2.61,72.99,147.58,0,1500,1678,NW
1175277.405,X_LEG_3,2.61,72.99,147.58,0,1500,1678,NW
1175277.426,X_LEG_3,2.61,72.99,147.58,0,1500,1678,NW
1175277.446,X_LEG_3,2.61,72.99,147.58,0,1500,1678,NW
1175277.467,X_LEG_3,2.61,72.99,147.58,0,1500,1678,NW
1175277.487,X_LEG_3,2.61,72.99,147.58,0,1500,1678,NW
1175277.508,X_LEG_3,2.61,72.99,147.58,0,1500,1678,NW
1175277.528,X_LEG_3,2.61,72.99,147.58,0,1500,1678,NW
1175277.548,X_LEG_3,2.61,72.99,147.58,0,1500,1678,NW
1175277.568,X_LEG_3,2.61,72.99,147.58,0,1500,1678,NW
1175277.589,X_LEG_3,2.61,72.99,147.58,0,1500,1678,NW
1175277.610,X_LEG_3,2.61,72.99,147.58,0,1500,1678,NW
1175277.630,X_LEG_3,2.61,72.99,147.58,0,1500,1678,NW
1175277.650,X_LEG_3,2.61,72.99,147.58,0,1500,1678,NW
1175277.671,X_LEG_3,2.61,72.99,147.58,0,1500,1678,NW
1175277.691,X_LEG_3,2.61,72.99,147.58,0,1500,1678,NW
1175277.712,X_LEG_3,2.61,72.99,147.58,0,1500,1678,NW
1175277.732,X_LEG_3,2.61,72.99,147.58,0,1500,1678,NW
1175277.753,X_LEG_3,2.61,72.99,147.58,0,1500,1678,NW
1175277.773,X_LEG_3,2.61,72.99,147.58,0,1500,1678,NW
1175277.793,X_LEG_3,2.61,72.99,147.58,0,1500,1678,NW
1175277.814,X_LEG_3,2.61,72.99,147.58,0,1500,1678,NW
1175277.834,X_LEG_3,2.61,72.99,147.58,0,1500,1678,NW
1175277.855,X_LEG_3,2.61,72.99,147.58,0,1500,1678,NW
1175277.875,X_LEG_3,2.61,72.99,147.58,0,1500,1678,NW
1175277.896,X_LEG_3,2.61,72.99,147.58,0,1500,1678,NW
1175277.916,X_LEG_3,2.61,72.99,147.58,0,1500,1678,NW
1175277.937,X_LEG_3,2.61,72.99,147.58,0,1500,1678,NW
1175277.958,X_LEG_3,2.61,72.99,147.58,0,1500,1678,NW
1175277.979,X_LEG_3,2.61,72.99,147.58,0,1500,1678,NW
1175277.999,X_LEG_3,2.61,72.99,147.58,0,1500,1678,NW
1175278.020,X_LEG_3,2.61,72.99,147.58,0,1500,1678,NW
1175278.040,X_LEG_3,2.61,72.99,147.58,0,1500,1678,NW
1175278.061,X_LEG_3,2.61,72.99,147.58,0,1500,1678,NW
1175278.081,X_LEG_3,2.61,72.99,147.58,0,1500,1678,NW
1175278.101,X_LEG_3,2.61,72.99,147.58,0,1500,1678,NW
1175278.121,X_LEG_3,2.61,72.99,147.58,0,1500,1678,NW
1175278.142,X_LEG_3,2.61,72.99,147.58,0,1500,1678,NW
1175278.162,X_LEG_3,2.61,72.99,147.58,0,1500,1678,NW
1175278.183,X_LEG_3,2.61,72.99,147.58,0,1500,1678,NW
1175278.203,X_LEG_3,2.61,72.99,147.58,0,1500,1678,NW
1175278.224,X_LEG_3,2.61,72.99,147.58,0,1500,1678,NW
1175278.245,X_LEG_3,2.61,72.99,147.58,0,1500,1678,NW
1175278.265,X_LEG_3,2.61,72.99,147.58,0,1500,1678,NW
1175278.286,X_LEG_3,2.61,72.99,147.58,0,1500,1678,NW
1175278.306,X_LEG_3,2.61,72.99,147.58,0,1500,1678,NW
1175278.326,X_LEG_3,2.61,72.99,147.58,0,1500,1678,NW
1175278.346,X_LEG_3,2.61,72.99,147.58,0,1500,1678,NW
1175278.367,X_LEG_3,2.61,72.99,147.58,0,1500,1678,NW
1175278.387,X_LEG_3,2.61,72.99,147.58,0,1500,1678,NW
1175278.408,X_LEG_3,2.61,72.99,147.58,0,1500,1678,NW
1175278.428,X_LEG_3,2.61,72.99,147.58,0,1500,1678,NW
1175278.449,X_LEG_3,2.61,72.99,147.58,0,1500,1678,NW
1175278.470,X_LEG_3,2.61,72.99,147.58,0,1500,1678,NW
1175278.490,X_LEG_3,2.61,72.99,147.58,0,1500,1678,NW
1175278.511,X_LEG_3,2.61,72.99,147.58,0,1500,1678,NW
1175278.531,X_LEG_3,2.61,72.99,147.58,0,1500,1678,NW
1175278.552,X_LEG_3,2.61,72.99,147.58,0,1500,1678,NW
1175278.572,X_LEG_3,2.61,72.99,147.58,0,1500,1678,NW
1175278.593,X_LEG_3,2.61,72.99,147.58,0,1500,1678,NW
1175278.613,X_LEG_3,2.61,72.99,147.58,0,1500,1678,NW
1175278.634,X_LEG_3,2.61,72.99,147.58,0,1500,1678,NW
1175278.654,X_LEG_3,2.61,72.99,147.58,0,1500,1678,NW
1175278.675,X_LEG_3,2.61,72.99,147.58,0,1500,1678,NW
1175278.695,X_LEG_3,2.61,72.99,147.58,0,1500,1678,NW
1175278.716,X_LEG_3,2.61,72.99,147.58,0,1500,1678,NW
1175278.736,X_LEG_3,2.61,72.99,147.58,0,1500,1678,NW
1175278.757,X_LEG_3,2.61,72.99,147.58,0,1500,1678,NW
1175278.777,X_LEG_3,2.61,72.99,147.58,0,1500,1678,NW
1175278.798,X_LEG_3,2.61,72.99,147.58,0,1500,1678,NW
1175278.818,X_LEG_3,2.61,72.99,147.58,0,1500,1678,NW
1175278.839,X_LEG_3,2.61,72.99,147.58,0,1500,1678,NW
1175278.859,X_LEG_3,2.61,72.99,147.58,0,1500,1678,NW
1175278.879,X_LEG_3,2.61,72.99,147.58,0,1500,1678,NW
1175278.901,X_LEG_3,2.61,72.99,147.58,0,1500,1678,NW
1175278.921,X_LEG_3,2.61,72.99,147.58,0,1500,1678,NW
1175278.941,X_LEG_3,2.61,72.99,147.58,0,1500,1678,NW
1175278.962,X_LEG_3,2.61,72.99,147.58,0,1500,1678,NW
1175278.982,X_LEG_3,2.61,72.99,147.58,0,1500,1678,NW
1175279.003,X_LEG_3,2.61,72.99,147.58,0,1500,1678,NW
1175279.023,X_LEG_3,2.61,72.99,147.58,0,1500,1678,NW
1175279.044,X_LEG_3,2.61,72.99,147.58,0,1500,1678,NW
1175279.064,X_LEG_3,2.61,72.99,147.58,0,1500,1678,NW
1175279.085,X_LEG_3,2.61,72.99,147.58,0,1500,1678,NW
1175279.106,X_LEG_3,2.61,72.99,147.58,0,1500,1678,NW
1175279.126,X_LEG_3,2.61,72.99,147.58,0,1500,1678,NW
1175279.146,X_LEG_3,2.61,72.99,147.58,0,1500,1678,NW
1175279.167,X_LEG_3,2.61,72.99,147.58,0,1500,1678,NW
1175279.188,X_LEG_3,2.61,72.99,147.58,0,1500,1678,NW
1175279.208,X_LEG_3,2.61,72.99,147.58,0,1500,1678,NW
1175279.229,X_LEG_3,2.61,72.99,147.58,0,1500,1678,NW
1175279.249,X_LEG_3,2.61,72.99,147.58,0,1500,1678,NW
1175279.270,X_LEG_3,2.61,72.99,147.58,0,1500,1678,NW
1175279.290,X_LEG_3,2.61,72.99,147.58,0,1500,1678,NW
1175279.310,X_LEG_3,2.61,72.99,147.58,0,1500,1678,NW
1175279.331,X_LEG_3,2.61,72.99,147.58,0,1500,1678,NW
1175279.351,X_LEG_3,2.61,72.99,147.58,0,1500,1678,NW
1175279.372,X_LEG_3,2.61,72.99,147.58,0,1500,1678,NW
1175279.392,X_LEG_3,2.61,72.99,147.58,0,1500,1678,NW
1175279.413,X_LEG_3,2.61,72.99,147.58,0,1500,1678,NW
1175279.433,X_LEG_3,2.61,72.99,147.58,0,1500,1678,NW
1175279.454,X_LEG_3,2.61,72.99,147.58,0,1500,1678,NW
1175279.474,X_LEG_3,2.61,72.99,147.58,0,1500,1678,NW
1175279.495,X_LEG_3,2.61,72.99,147.58,0,1500,1678,NW
1175279.515,X_LEG_3,2.61,72.99,147.58,0,1500,1678,NW
1175279.536,X_LEG_3,2.61,72.99,147.58,0,1500,1678,NW
1175279.556,X_LEG_3,2.61,72.99,147.58,0,1500,1678,NW
1175279.576,X_LEG_3,2.61,72.99,147.58,0,1500,1678,NW
1175279.597,X_LEG_3,2.61,72.99,147.58,0,1500,1678,NW
1175279.617,X_LEG_3,2.61,72.99,147.58,0,1500,1678,NW
1175279.638,X_LEG_3,2.61,72.99,147.58,0,1500,1678,NW
1175279.658,X_LEG_3,2.61,72.99,147.58,0,1500,1678,NW
1175279.679,X_LEG_3,2.61,72.99,147.58,0,1500,1678,NW
1175279.699,X_LEG_3,2.61,72.99,147.58,0,1500,1678,NW
1175279.720,X_LEG_3,2.61,72.99,147.58,0,1500,1678,NW
1175279.741,X_LEG_3,2.61,72.99,147.58,0,1500,1678,NW
1175279.761,X_LEG_3,2.61,72.99,147.58,0,1500,1678,NW
1175279.782,X_LEG_3,2.61,72.99,147.58,0,1500,1678,NW
1175279.802,X_LEG_3,2.61,72.99,147.58,0,1500,1678,NW
1175279.822,X_LEG_3,2.61,72.99,147.58,0,1500,1678,NW
1175279.843,X_LEG_3,2.61,72.99,147.58,0,1500,1678,NW
1175279.863,X_LEG_3,2.61,72.99,147.58,0,1500,1678,NW
1175279.884,X_LEG_3,2.61,72.99,147.58,0,1500,1678,NW
1175279.904,X_LEG_3,2.61,72.99,147.58,0,1500,1678,NW
1175279.925,X_LEG_3,2.61,72.99,147.58,0,1500,1678,NW
1175279.946,X_LEG_3,2.61,72.99,147.58,0,1500,1678,NW
1175279.966,X_LEG_3,2.61,72.99,147.58,0,1500,1678,NW
1175279.986,X_LEG_3,2.61,72.99,147.58,0,1500,1678,NW
1175280.007,X_LEG_3,2.61,72.99,147.58,0,1500,1678,NW
1175280.028,X_LEG_3,2.61,72.99,147.58,0,1500,1678,NW
1175280.048,X_LEG_3,2.61,72.99,147.58,0,1500,1678,NW
1175280.069,X_LEG_3,2.61,72.99,147.58,0,1500,1678,NW
1175280.089,X_LEG_3,2.61,72.99,147.58,0,1500,1678,NW
1175280.110,X_LEG_3,2.61,72.99,147.58,0,1500,1678,NW
1175280.130,X_LEG_3,2.61,72.99,147.58,0,1500,1678,NW
1175280.150,X_LEG_3,2.61,72.99,147.58,0,1500,1678,NW
1175280.170,X_LEG_3,2.61,72.99,147.58,0,1500,1678,NW
1175280.191,X_LEG_3,2.61,72.99,147.58,0,1500,1678,NW
1175280.211,X_LEG_3,2.61,72.99,147.58,0,1500,1678,NW
1175280.232,X_LEG_3,2.61,72.99,147.58,0,1500,1678,NW
1175280.252,X_LEG_3,2.61,72.99,147.58,0,1500,1678,NW
1175280.273,X_LEG_3,2.61,72.99,147.58,0,1500,1678,NW
1175280.294,X_LEG_3,2.61,72.99,147.58,0,1500,1678,NW
1175280.314,X_LEG_3,2.61,72.99,147.58,0,1500,1678,NW
1175280.335,X_LEG_3,2.61,72.99,147.58,0,1500,1678,NW
1175280.355,X_LEG_3,2.61,72.99,147.58,0,1500,1678,NW
1175280.376,X_LEG_3,2.61,72.99,147.58,0,1500,1678,NW
1175280.396,X_LEG_3,2.61,72.99,147.58,0,1500,1678,NW
1175280.416,X_LEG_3,2.61,72.99,147.58,0,1500,1678,NW
1175280.437,X_LEG_3,2.61,72.99,147.58,0,1500,1678,NW
1175280.457,X_LEG_3,2.61,72.99,147.58,0,1500,1678,NW
1175280.477,X_LEG_3,2.61,72.99,147.58,0,1500,1678,NW
1175280.498,X_LEG_3,2.61,72.99,147.58,0,1500,1678,NW
1175280.519,X_LEG_3,2.61,72.99,147.58,0,1500,1678,NW
1175280.541,X_LEG_3,2.61,72.99,147.58,0,1500,1678,NW
1175280.561,X_LEG_3,2.61,72.99,147.58,0,1500,1678,NW
1175280.582,X_LEG_3,2.61,72.99,147.58,0,1500,1678,NW
1175280.603,X_LEG_3,2.61,72.99,147.58,0,1500,1678,NW
1175280.623,X_LEG_3,2.61,72.99,147.58,0,1500,1678,NW
1175280.644,X_LEG_3,2.61,72.99,147.58,0,1500,1678,NW
1175280.664,X_LEG_3,2.61,72.99,147.58,0,1500,1678,NW
1175280.685,X_LEG_3,2.61,72.99,147.58,0,1500,1678,NW
1175280.705,X_LEG_3,2.61,72.99,147.58,0,1500,1678,NW
1175280.725,X_LEG_3,2.61,72.99,147.58,0,1500,1678,NW
1175280.746,X_LEG_3,2.61,72.99,147.58,0,1500,1678,NW
1175280.767,X_LEG_3,2.61,72.99,147.58,0,1500,1678,NW
1175280.787,X_LEG_3,2.61,72.99,147.58,0,1500,1678,NW
1175280.808,X_LEG_3,2.61,72.99,147.58,0,1500,1678,NW
1175280.828,X_LEG_3,2.61,72.99,147.58,0,1500,1678,NW
1175280.849,X_LEG_3,2.61,72.99,147.58,0,1500,1678,NW
1175280.869,X_LEG_3,2.61,72.99,147.58,0,1500,1678,NW
1175280.889,X_LEG_3,2.61,72.99,147.58,0,1500,1678,NW
1175280.910,X_LEG_3,2.61,72.99,147.58,0,1500,1678,NW
1175280.931,X_LEG_3,2.61,72.99,147.58,0,1500,1678,NW
1175280.951,X_LEG_3,2.61,72.99,147.58,0,1500,1678,NW
1175280.971,X_LEG_3,2.61,72.99,147.58,0,1500,1678,NW
1175280.992,X_LEG_3,2.61,72.99,147.58,0,1500,1678,NW
1175281.012,X_LEG_3,2.61,72.99,147.58,0,1500,1678,NW
1175281.033,X_LEG_3,2.61,72.99,147.58,0,1500,1678,NW
1175281.053,X_LEG_3,2.61,72.99,147.58,0,1500,1678,NW
1175281.074,X_LEG_3,2.61,72.99,147.58,0,1500,1678,NW
1175281.094,X_LEG_3,2.61,72.99,147.58,0,1500,1678,NW
1175281.115,X_LEG_3,2.61,72.99,147.58,0,1500,1678,NW
1175281.135,X_LEG_3,2.61,72.99,147.58,0,1500,1678,NW
1175281.155,X_LEG_3,2.61,72.99,147.58,0,1500,1678,NW
1175281.176,X_LEG_3,2.61,72.99,147.58,0,1500,1678,NW
1175281.198,X_LEG_3,2.61,72.99,147.58,0,1500,1678,NW
1175281.218,X_LEG_3,2.61,72.99,147.58,0,1500,1678,NW
1175281.239,X_LEG_3,2.61,72.99,147.58,0,1500,1678,NW
1175281.260,X_LEG_3,2.61,72.99,147.58,0,1500,1678,NW
1175281.280,X_LEG_3,2.61,72.99,147.58,0,1500,1678,NW
1175281.300,X_LEG_3,2.61,72.99,147.58,0,1500,1678,NW
1175281.321,X_LEG_3,2.61,72.99,147.58,0,1500,1678,NW
1175281.341,X_LEG_3,2.61,72.99,147.58,0,1500,1678,NW
1175281.362,X_LEG_3,2.61,72.99,147.58,0,1500,1678,NW
1175281.382,X_LEG_3,2.61,72.99,147.58,0,1500,1678,NW
1175281.402,X_LEG_3,2.61,72.99,147.58,0,1500,1678,NW
1175281.423,X_LEG_3,2.61,72.99,147.58,0,1500,1678,NW
1175281.443,X_LEG_3,2.61,72.99,147.58,0,1500,1678,NW
1175281.464,X_LEG_3,2.61,72.99,147.58,0,1500,1678,NW
1175281.484,X_LEG_3,2.61,72.99,147.58,0,1500,1678,NW
1175281.505,X_LEG_3,2.61,72.99,147.58,0,1500,1678,NW
1175281.526,X_LEG_3,2.61,72.99,147.58,0,1500,1678,NW
1175281.546,X_LEG_3,2.61,72.99,147.58,0,1500,1678,NW
1175281.566,X_LEG_3,2.61,72.99,147.58,0,1500,1678,NW
1175281.588,X_LEG_3,2.61,72.99,147.58,0,1500,1678,NW
1175281.608,X_LEG_3,2.61,72.99,147.58,0,1500,1678,NW
1175281.629,X_LEG_3,2.61,72.99,147.58,0,1500,1678,NW
1175281.649,X_LEG_3,2.61,72.99,147.58,0,1500,1678,NW
1175281.669,X_LEG_3,2.61,72.99,147.58,0,1500,1678,NW
1175281.690,X_LEG_3,2.61,72.99,147.58,0,1500,1678,NW
1175281.711,X_LEG_3,2.61,72.99,147.58,0,1500,1678,NW
1175281.731,X_LEG_3,2.61,72.99,147.58,0,1500,1678,NW
1175281.751,X_LEG_3,2.61,72.99,147.58,0,1500,1678,NW
1175281.771,X_LEG_3,2.61,72.99,147.58,0,1500,1678,NW
1175281.792,X_LEG_3,2.61,72.99,147.58,0,1500,1678,NW
1175281.812,X_LEG_3,2.61,72.99,147.58,0,1500,1678,NW
1175281.833,X_LEG_3,2.61,72.99,147.58,0,1500,1678,NW
1175281.853,X_LEG_3,2.61,72.99,147.58,0,1500,1678,NW
1175281.874,X_LEG_3,2.61,72.99,147.58,0,1500,1678,NW
1175281.894,X_LEG_3,2.61,72.99,147.58,0,1500,1678,NW
1175281.915,X_LEG_3,2.61,72.99,147.58,0,1500,1678,NW
1175281.935,X_LEG_3,2.61,72.99,147.58,0,1500,1678,NW
1175281.955,X_LEG_3,2.61,72.99,147.58,0,1500,1678,NW
1175281.976,X_LEG_3,2.61,72.99,147.58,0,1500,1678,NW
1175281.996,X_LEG_3,2.61,72.99,147.58,0,1500,1678,NW
1175282.017,X_LEG_3,2.61,72.99,147.58,0,1500,1678,NW
1175282.037,X_LEG_3,2.61,72.99,147.58,0,1500,1678,NW
1175282.058,X_LEG_3,2.61,72.99,147.58,0,1500,1678,NW
1175282.078,X_LEG_3,2.61,72.99,147.58,0,1500,1678,NW
1175282.098,X_LEG_3,2.61,72.99,147.58,0,1500,1678,NW
1175282.119,X_LEG_3,2.61,72.99,147.58,0,1500,1678,NW
1175282.139,X_LEG_3,2.61,72.99,147.58,0,1500,1678,NW
1175282.160,X_LEG_3,2.61,72.99,147.58,0,1500,1678,NW
1175282.181,X_LEG_3,2.61,72.99,147.58,0,1500,1678,NW
1175282.201,X_LEG_3,2.61,72.99,147.58,0,1500,1678,NW
1175282.222,X_LEG_3,2.61,72.99,147.58,0,1500,1678,NW
1175282.242,X_LEG_3,2.61,72.99,147.58,0,1500,1678,NW
1175282.262,X_LEG_3,2.61,72.99,147.58,0,1500,1678,NW
1175282.282,X_LEG_3,2.61,72.99,147.58,0,1500,1678,NW
1175282.303,X_LEG_3,2.61,72.99,147.58,0,1500,1678,NW
1175282.323,X_LEG_3,2.61,72.99,147.58,0,1500,1678,NW
1175282.343,X_LEG_3,2.61,72.99,147.58,0,1500,1678,NW
1175282.364,X_LEG_3,2.61,72.99,147.58,0,1500,1678,NW
1175282.385,X_LEG_3,2.61,72.99,147.58,0,1500,1678,NW
1175282.406,X_LEG_3,2.61,72.99,147.58,0,1500,1678,NW
1175282.426,X_LEG_3,2.61,72.99,147.58,0,1500,1678,NW
1175282.447,X_LEG_3,2.61,72.99,147.58,0,1500,1678,NW
1175282.467,X_LEG_3,2.61,72.99,147.58,0,1500,1678,NW
1175282.488,X_LEG_3,2.61,72.99,147.58,0,1500,1678,NW
1175282.509,X_LEG_3,2.61,72.99,147.58,0,1500,1678,NW
1175282.529,X_LEG_3,2.61,72.99,147.58,0,1500,1678,NW
1175282.549,X_LEG_3,2.61,72.99,147.58,0,1500,1678,NW
1175282.570,X_LEG_3,2.61,72.99,147.58,0,1500,1678,NW
1175282.591,X_LEG_3,2.61,72.99,147.58,0,1500,1678,NW
1175282.611,X_LEG_3,2.61,72.99,147.58,0,1500,1678,NW
1175282.631,X_LEG_3,2.61,72.99,147.58,0,1500,1678,NW
1175282.652,X_LEG_3,2.61,72.99,147.58,0,1500,1678,NW
1175282.672,X_LEG_3,2.61,72.99,147.58,0,1500,1678,NW
1175282.693,X_LEG_3,2.61,72.99,147.58,0,1500,1678,NW
1175282.713,X_LEG_3,2.61,72.99,147.58,0,1500,1678,NW
1175282.734,X_LEG_3,2.61,72.99,147.58,0,1500,1678,NW
1175282.754,X_LEG_3,2.61,72.99,147.58,0,1500,1678,NW
1175282.775,X_LEG_3,2.61,72.99,147.58,0,1500,1678,NW
1175282.795,X_LEG_3,2.61,72.99,147.58,0,1500,1678,NW
1175282.816,X_LEG_3,2.61,72.99,147.58,0,1500,1678,NW
1175282.836,X_LEG_3,2.61,72.99,147.58,0,1500,1678,NW
1175282.857,X_LEG_3,2.61,72.99,147.58,0,1500,1678,NW
1175282.877,X_LEG_3,2.61,72.99,147.58,0,1500,1678,NW
1175282.898,X_LEG_3,2.61,72.99,147.58,0,1500,1678,NW
1175282.918,X_LEG_3,2.61,72.99,147.58,0,1500,1678,NW
1175282.939,X_LEG_3,2.61,72.99,147.58,0,1500,1678,NW
1175282.960,X_LEG_3,2.61,72.99,147.58,0,1500,1678,NW
1175282.980,X_LEG_3,2.61,72.99,147.58,0,1500,1678,NW
1175283.000,X_LEG_3,2.61,72.99,147.58,0,1500,1678,NW
1175283.021,X_LEG_3,2.61,72.99,147.58,0,1500,1678,NW
1175283.042,X_LEG_3,2.61,72.99,147.58,0,1500,1678,NW
1175283.062,X_LEG_3,2.61,72.99,147.58,0,1500,1678,NW
1175283.083,X_LEG_3,2.61,72.99,147.58,0,1500,1678,NW
1175283.103,X_LEG_3,2.61,72.99,147.58,0,1500,1678,NW
1175283.124,X_LEG_3,2.61,72.99,147.58,0,1500,1678,NW
1175283.144,X_LEG_3,2.61,72.99,147.58,0,1500,1678,NW
1175283.165,X_LEG_3,2.61,72.99,147.58,0,1500,1678,NW
1175283.185,X_LEG_3,2.61,72.99,147.58,0,1500,1678,NW
1175283.206,X_LEG_3,2.61,72.99,147.58,0,1500,1678,NW
1175283.227,X_LEG_3,2.61,72.99,147.58,0,1500,1678,NW
1175283.247,X_LEG_3,2.61,72.99,147.58,0,1500,1678,NW
1175283.267,X_LEG_3,2.61,72.99,147.58,0,1500,1678,NW
1175283.288,X_LEG_3,2.61,72.99,147.58,0,1500,1678,NW
1175283.308,X_LEG_3,2.61,72.99,147.58,0,1500,1678,NW
1175283.328,X_LEG_3,2.61,72.99,147.58,0,1500,1678,NW
1175283.349,X_LEG_3,2.61,72.99,147.58,0,1500,1678,NW
1175283.370,X_LEG_3,2.61,72.99,147.58,0,1500,1678,NW
1175283.390,X_LEG_3,2.61,72.99,147.58,0,1500,1678,NW
1175283.410,X_LEG_3,2.61,72.99,147.58,0,1500,1678,NW
1175283.431,X_LEG_3,2.61,72.99,147.58,0,1500,1678,NW
1175283.451,X_LEG_3,2.61,72.99,147.58,0,1500,1678,NW
1175283.472,X_LEG_3,2.61,72.99,147.58,0,1500,1678,NW
1175283.492,X_LEG_3,2.61,72.99,147.58,0,1500,1678,NW
1175283.513,X_LEG_3,2.61,72.99,147.58,0,1500,1678,NW
1175283.533,X_LEG_3,2.61,72.99,147.58,0,1500,1678,NW
1175283.554,X_LEG_3,2.61,72.99,147.58,0,1500,1678,NW
1175283.575,X_LEG_3,2.61,72.99,147.58,0,1500,1678,NW
1175283.595,X_LEG_3,2.61,72.99,147.58,0,1500,1678,NW
1175283.616,X_LEG_3,2.61,72.99,147.58,0,1500,1678,NW
1175283.636,X_LEG_3,2.61,72.99,147.58,0,1500,1678,NW
1175283.657,X_LEG_3,2.61,72.99,147.58,0,1500,1678,NW
1175283.677,X_LEG_3,2.61,72.99,147.58,0,1500,1678,NW
1175283.698,X_LEG_3,2.61,72.99,147.58,0,1500,1678,NW
1175283.718,X_LEG_3,2.61,72.99,147.58,0,1500,1678,NW
1175283.738,X_LEG_3,2.61,72.99,147.58,0,1500,1678,NW
1175283.758,X_LEG_3,2.61,72.99,147.58,0,1500,1678,NW
1175283.779,X_LEG_3,2.61,72.99,147.58,0,1500,1678,NW
1175283.799,X_LEG_3,2.61,72.99,147.58,0,1500,1678,NW
1175283.819,X_LEG_3,2.61,72.99,147.58,0,1500,1678,NW
1175283.840,X_LEG_3,2.61,72.99,147.58,0,1500,1678,NW
1175283.860,X_LEG_3,2.61,72.99,147.58,0,1500,1678,NW
1175283.881,X_LEG_3,2.61,72.99,147.58,0,1500,1678,NW
1175283.901,X_LEG_3,2.61,72.99,147.58,0,1500,1678,NW
1175283.922,X_LEG_3,2.61,72.99,147.58,0,1500,1678,NW
1175283.942,X_LEG_3,2.61,72.99,147.58,0,1500,1678,NW
1175283.963,X_LEG_3,2.61,72.99,147.58,0,1500,1678,NW
1175283.983,X_LEG_3,2.61,72.99,147.58,0,1500,1678,NW
1175284.003,X_LEG_3,2.61,72.99,147.58,0,1500,1678,NW
1175284.024,X_LEG_3,2.61,72.99,147.58,0,1500,1678,NW
1175284.044,X_LEG_3,2.61,72.99,147.58,0,1500,1678,NW
1175284.064,X_LEG_3,2.61,72.99,147.58,0,1500,1678,NW
1175284.085,X_LEG_3,2.61,72.99,147.58,0,1500,1678,NW
1175284.106,X_LEG_3,2.61,72.99,147.58,0,1500,1678,NW
1175284.126,X_LEG_3,2.61,72.99,147.58,0,1500,1678,NW
1175284.147,X_LEG_3,2.61,72.99,147.58,0,1500,1678,NW
1175284.167,X_LEG_3,2.61,72.99,147.58,0,1500,1678,NW
1175284.188,X_LEG_3,2.61,72.99,147.58,0,1500,1678,NW
1175284.208,X_LEG_3,2.61,72.99,147.58,0,1500,1678,NW
1175284.229,X_LEG_3,2.61,72.99,147.58,0,1500,1678,NW
1175284.249,X_LEG_3,2.61,72.99,147.58,0,1500,1678,NW
1175284.269,X_LEG_3,2.61,72.99,147.58,0,1500,1678,NW
1175284.289,X_LEG_3,2.61,72.99,147.58,0,1500,1678,NW
1175284.310,X_LEG_3,2.61,72.99,147.58,0,1500,1678,NW
1175284.331,X_LEG_3,2.61,72.99,147.58,0,1500,1678,NW
1175284.352,X_LEG_3,2.61,72.99,147.58,0,1500,1678,NW
1175284.372,X_LEG_3,2.61,72.99,147.58,0,1500,1678,NW
1175284.393,X_LEG_3,2.61,72.99,147.58,0,1500,1678,NW
1175284.413,X_LEG_3,2.61,72.99,147.58,0,1500,1678,NW
1175284.433,X_LEG_3,2.61,72.99,147.58,0,1500,1678,NW
1175284.454,X_LEG_3,2.61,72.99,147.58,0,1500,1678,NW
1175284.474,X_LEG_3,2.61,72.99,147.58,0,1500,1678,NW
1175284.495,X_LEG_3,2.61,72.99,147.58,0,1500,1678,NW
1175284.515,X_LEG_3,2.61,72.99,147.58,0,1500,1678,NW
1175284.536,X_LEG_3,2.61,72.99,147.58,0,1500,1678,NW
1175284.556,X_LEG_3,2.61,72.99,147.58,0,1500,1678,NW
1175284.577,X_LEG_3,2.61,72.99,147.58,0,1500,1678,NW
1175284.597,X_LEG_3,2.61,72.99,147.58,0,1500,1678,NW
1175284.618,X_LEG_3,2.61,72.99,147.58,0,1500,1678,NW
1175284.639,X_LEG_3,2.61,72.99,147.58,0,1500,1678,NW
1175284.659,X_LEG_3,2.61,72.99,147.58,0,1500,1678,NW
1175284.680,X_LEG_3,2.61,72.99,147.58,0,1500,1678,NW
1175284.700,X_LEG_3,2.61,72.99,147.58,0,1500,1678,NW
1175284.721,X_LEG_3,2.61,72.99,147.58,0,1500,1678,NW
1175284.741,X_LEG_3,2.61,72.99,147.58,0,1500,1678,NW
1175284.761,X_LEG_3,2.61,72.99,147.58,0,1500,1678,NW
1175284.782,X_LEG_3,2.61,72.99,147.58,0,1500,1678,NW
1175284.803,X_LEG_3,2.61,72.99,147.58,0,1500,1678,NW
1175284.823,X_LEG_3,2.61,72.99,147.58,0,1500,1678,NW
1175284.844,X_LEG_3,2.61,72.99,147.58,0,1500,1678,NW
1175284.864,X_LEG_3,2.61,72.99,147.58,0,1500,1678,NW
1175284.884,X_LEG_3,2.61,72.99,147.58,0,1500,1678,NW
1175284.904,X_LEG_3,2.61,72.99,147.58,0,1500,1678,NW
1175284.925,X_LEG_3,2.61,72.99,147.58,0,1500,1678,NW
1175284.945,X_LEG_3,2.61,72.99,147.58,0,1500,1678,NW
1175284.966,X_LEG_3,2.61,72.99,147.58,0,1500,1678,NW
1175284.986,X_LEG_3,2.61,72.99,147.58,0,1500,1678,NW
1175285.007,X_LEG_3,2.61,72.99,147.58,0,1500,1678,NW
1175285.028,X_LEG_3,2.61,72.99,147.58,0,1500,1678,NW
1175285.049,X_LEG_3,2.61,72.99,147.58,0,1500,1678,NW
1175285.069,X_LEG_3,2.61,72.99,147.58,0,1500,1678,NW
1175285.090,X_LEG_3,2.61,72.99,147.58,0,1500,1678,NW
1175285.110,X_LEG_3,2.61,72.99,147.58,0,1500,1678,NW
1175285.131,X_LEG_3,2.61,72.99,147.58,0,1500,1678,NW
1175285.151,X_LEG_3,2.61,72.99,147.58,0,1500,1678,NW
1175285.171,X_LEG_3,2.61,72.99,147.58,0,1500,1678,NW
1175285.192,X_LEG_3,2.61,72.99,147.58,0,1500,1678,NW
1175285.212,X_LEG_3,2.61,72.99,147.58,0,1500,1678,NW
1175285.232,X_LEG_3,2.61,72.99,147.58,0,1500,1678,NW
1175285.253,X_LEG_3,2.61,72.99,147.58,0,1500,1678,NW
1175285.273,X_LEG_3,2.61,72.99,147.58,0,1500,1678,NW
1175285.293,X_LEG_3,2.61,72.99,147.58,0,1500,1678,NW
1175285.313,X_LEG_3,2.61,72.99,147.58,0,1500,1678,NW
1175285.334,X_LEG_3,2.61,72.99,147.58,0,1500,1678,NW
1175285.354,X_LEG_3,2.61,72.99,147.58,0,1500,1678,NW
1175285.374,X_LEG_3,2.61,72.99,147.58,0,1500,1678,NW
1175285.395,X_LEG_3,2.61,72.99,147.58,0,1500,1678,NW
1175285.415,X_LEG_3,2.61,72.99,147.58,0,1500,1678,NW
1175285.436,X_LEG_3,2.61,72.99,147.58,0,1500,1678,NW
1175285.456,X_LEG_3,2.61,72.99,147.58,0,1500,1678,NW
1175285.477,X_LEG_3,2.61,72.99,147.58,0,1500,1678,NW
1175285.498,X_LEG_3,2.61,72.99,147.58,0,1500,1678,NW
1175285.518,X_LEG_3,2.61,72.99,147.58,0,1500,1678,NW
1175285.539,X_LEG_3,2.61,72.99,147.58,0,1500,1678,NW
1175285.560,X_LEG_3,2.61,72.99,147.58,0,1500,1678,NW
1175285.580,X_LEG_3,2.61,72.99,147.58,0,1500,1678,NW
1175285.601,X_LEG_3,2.61,72.99,147.58,0,1500,1678,NW
1175285.622,X_LEG_3,2.61,72.99,147.58,0,1500,1678,NW
1175285.642,X_LEG_3,2.61,72.99,147.58,0,1500,1678,NW
1175285.662,X_LEG_3,2.61,72.99,147.58,0,1500,1678,NW
1175285.683,X_LEG_3,2.61,72.99,147.58,0,1500,1678,NW
1175285.703,X_LEG_3,2.61,72.99,147.58,0,1500,1678,NW
1175285.724,X_LEG_3,2.61,72.99,147.58,0,1500,1678,NW
1175285.744,X_LEG_3,2.61,72.99,147.58,0,1500,1678,NW
1175285.765,X_LEG_3,2.61,72.99,147.58,0,1500,1678,NW
1175285.785,X_LEG_3,2.61,72.99,147.58,0,1500,1678,NW
1175285.805,X_LEG_3,2.61,72.99,147.58,0,1500,1678,NW
1175285.826,X_LEG_3,2.61,72.99,147.58,0,1500,1678,NW
1175285.846,X_LEG_3,2.61,72.99,147.58,0,1500,1678,NW
1175285.866,X_LEG_3,2.61,72.99,147.58,0,1500,1678,NW
1175285.887,X_LEG_3,2.61,72.99,147.58,0,1500,1678,NW
1175285.907,X_LEG_3,2.61,72.99,147.58,0,1500,1678,NW
1175285.928,X_LEG_3,2.61,72.99,147.58,0,1500,1678,NW
1175285.948,X_LEG_3,2.61,72.99,147.58,0,1500,1678,NW
1175285.969,X_LEG_3,2.61,72.99,147.58,0,1500,1678,NW
1175285.989,X_LEG_3,2.61,72.99,147.58,0,1500,1678,NW
1175286.010,X_LEG_3,2.61,72.99,147.58,0,1500,1678,NW
1175286.030,X_LEG_3,2.61,72.99,147.58,0,1500,1678,NW
1175286.051,X_LEG_3,2.61,72.99,147.58,0,1500,1678,NW
1175286.071,X_LEG_3,2.61,72.99,147.58,0,1500,1678,NW
1175286.092,X_LEG_3,2.61,72.99,147.58,0,1500,1678,NW
1175286.112,X_LEG_3,2.61,72.99,147.58,0,1500,1678,NW
1175286.132,X_LEG_3,2.61,72.99,147.58,0,1500,1678,NW
1175286.152,X_LEG_3,2.61,72.99,147.58,0,1500,1678,NW
1175286.173,X_LEG_3,2.61,72.99,147.58,0,1500,1678,NW
1175286.194,X_LEG_3,2.61,72.99,147.58,0,1500,1678,NW
1175286.214,X_LEG_3,2.61,72.99,147.58,0,1500,1678,NW
1175286.235,X_LEG_3,2.61,72.99,147.58,0,1500,1678,NW
1175286.255,X_LEG_3,2.61,72.99,147.58,0,1500,1678,NW
1175286.276,X_LEG_3,2.61,72.99,147.58,0,1500,1678,NW
1175286.296,X_LEG_3,2.61,72.99,147.58,0,1500,1678,NW
1175286.317,X_LEG_3,2.61,72.99,147.58,0,1500,1678,NW
1175286.337,X_LEG_3,2.61,72.99,147.58,0,1500,1678,NW
1175286.357,X_LEG_3,2.61,72.99,147.58,0,1500,1678,NW
1175286.378,X_LEG_3,2.61,72.99,147.58,0,1500,1678,NW
1175286.398,X_LEG_3,2.61,72.99,147.58,0,1500,1678,NW
1175286.419,X_LEG_3,2.61,72.99,147.58,0,1500,1678,NW
1175286.439,X_LEG_3,2.61,72.99,147.58,0,1500,1678,NW
1175286.459,X_LEG_3,2.61,72.99,147.58,0,1500,1678,NW
1175286.480,X_LEG_3,2.61,72.99,147.58,0,1500,1678,NW
1175286.500,X_LEG_3,2.61,72.99,147.58,0,1500,1678,NW
1175286.521,X_LEG_3,2.61,72.99,147.58,0,1500,1678,NW
1175286.541,X_LEG_3,2.61,72.99,147.58,0,1500,1678,NW
1175286.562,X_LEG_3,2.61,72.99,147.58,0,1500,1678,NW
1175286.583,X_LEG_3,2.61,72.99,147.58,0,1500,1678,NW
1175286.603,X_LEG_3,2.61,72.99,147.58,0,1500,1678,NW
1175286.624,X_LEG_3,2.61,72.99,147.58,0,1500,1678,NW
1175286.644,X_LEG_3,2.61,72.99,147.58,0,1500,1678,NW
1175286.665,X_LEG_3,2.61,72.99,147.58,0,1500,1678,NW
1175286.685,X_LEG_3,2.61,72.99,147.58,0,1500,1678,NW
1175286.705,X_LEG_3,2.61,72.99,147.58,0,1500,1678,NW
1175286.726,X_LEG_3,2.61,72.99,147.58,0,1500,1678,NW
1175286.746,X_LEG_3,2.61,72.99,147.58,0,1500,1678,NW
1175286.767,X_LEG_3,2.61,72.99,147.58,0,1500,1678,NW
1175286.787,X_LEG_3,2.61,72.99,147.58,0,1500,1678,NW
1175286.808,X_LEG_3,2.61,72.99,147.58,0,1500,1678,NW
1175286.829,X_LEG_3,2.61,72.99,147.58,0,1500,1678,NW
1175286.849,X_LEG_3,2.61,72.99,147.58,0,1500,1678,NW
1175286.870,X_LEG_3,2.61,72.99,147.58,0,1500,1678,NW
1175286.891,X_LEG_3,2.61,72.99,147.58,0,1500,1678,NW
1175286.911,X_LEG_3,2.61,72.99,147.58,0,1500,1678,NW
1175286.932,X_LEG_3,2.61,72.99,147.58,0,1500,1678,NW
1175286.953,X_LEG_3,2.61,72.99,147.58,0,1500,1678,NW
1175286.974,X_LEG_3,2.61,72.99,147.58,0,1500,1678,NW
1175286.994,X_LEG_3,2.61,72.99,147.58,0,1500,1678,NW
1175287.016,X_LEG_3,2.61,72.99,147.58,0,1500,1678,NW
1175287.036,X_LEG_3,2.61,72.99,147.58,0,1500,1678,NW
1175287.057,X_LEG_3,2.61,72.99,147.58,0,1500,1678,NW
1175287.077,X_LEG_3,2.61,72.99,147.58,0,1500,1678,NW
1175287.098,X_LEG_3,2.61,72.99,147.58,0,1500,1678,NW
1175287.118,X_LEG_3,2.61,72.99,147.58,0,1500,1678,NW
1175287.138,X_LEG_3,2.61,72.99,147.58,0,1500,1678,NW
1175287.159,X_LEG_3,2.61,72.99,147.58,0,1500,1678,NW
1175287.180,X_LEG_3,2.61,72.99,147.58,0,1500,1678,NW
1175287.200,X_LEG_3,2.61,72.99,147.58,0,1500,1678,NW
1175287.220,X_LEG_3,2.61,72.99,147.58,0,1500,1678,NW
1175287.241,X_LEG_3,2.61,72.99,147.58,0,1500,1678,NW
1175287.261,X_LEG_3,2.61,72.99,147.58,0,1500,1678,NW
1175287.282,X_LEG_3,2.61,72.99,147.58,0,1500,1678,NW
1175287.303,X_LEG_3,2.61,72.99,147.58,0,1500,1678,NW
1175287.323,X_LEG_3,2.61,72.99,147.58,0,1500,1678,NW
1175287.344,X_LEG_3,2.61,72.99,147.58,0,1500,1678,NW
1175287.364,X_LEG_3,2.61,72.99,147.58,0,1500,1678,NW
1175287.385,X_LEG_3,2.61,72.99,147.58,0,1500,1678,NW
1175287.405,X_LEG_3,2.61,72.99,147.58,0,1500,1678,NW
1175287.425,X_LEG_3,2.61,72.99,147.58,0,1500,1678,NW
1175287.446,X_LEG_3,2.61,72.99,147.58,0,1500,1678,NW
1175287.466,X_LEG_3,2.61,72.99,147.58,0,1500,1678,NW
1175287.486,X_LEG_3,2.61,72.99,147.58,0,1500,1678,NW
1175287.507,X_LEG_3,2.61,72.99,147.58,0,1500,1678,NW
1175287.528,X_LEG_3,2.61,72.99,147.58,0,1500,1678,NW
1175287.548,X_LEG_3,2.61,72.99,147.58,0,1500,1678,NW
1175287.568,X_LEG_3,2.61,72.99,147.58,0,1500,1678,NW
1175287.588,X_LEG_3,2.61,72.99,147.58,0,1500,1678,NW
1175287.609,X_LEG_3,2.61,72.99,147.58,0,1500,1678,NW
1175287.629,X_LEG_3,2.61,72.99,147.58,0,1500,1678,NW
1175287.649,X_LEG_3,2.61,72.99,147.58,0,1500,1678,NW
1175287.670,X_LEG_3,2.61,72.99,147.58,0,1500,1678,NW
1175287.690,X_LEG_3,2.61,72.99,147.58,0,1500,1678,NW
1175287.711,X_LEG_3,2.61,72.99,147.58,0,1500,1678,NW
1175287.731,X_LEG_3,2.61,72.99,147.58,0,1500,1678,NW
1175287.752,X_LEG_3,2.61,72.99,147.58,0,1500,1678,NW
1175287.772,X_LEG_3,2.61,72.99,147.58,0,1500,1678,NW
1175287.793,X_LEG_3,2.61,72.99,147.58,0,1500,1678,NW
1175287.813,X_LEG_3,2.61,72.99,147.58,0,1500,1678,NW
1175287.834,X_LEG_3,2.61,72.99,147.58,0,1500,1678,NW
1175287.854,X_LEG_3,2.61,72.99,147.58,0,1500,1678,NW
1175287.875,X_LEG_3,2.61,72.99,147.58,0,1500,1678,NW
1175287.895,X_LEG_3,2.61,72.99,147.58,0,1500,1678,NW
1175287.916,X_LEG_3,2.61,72.99,147.58,0,1500,1678,NW
1175287.936,X_LEG_3,2.61,72.99,147.58,0,1500,1678,NW
1175287.956,X_LEG_3,2.61,72.99,147.58,0,1500,1678,NW
1175287.977,X_LEG_3,2.61,72.99,147.58,0,1500,1678,NW
1175287.997,X_LEG_3,2.61,72.99,147.58,0,1500,1678,NW
1175288.018,X_LEG_3,2.61,72.99,147.58,0,1500,1678,NW
1175288.038,X_LEG_3,2.61,72.99,147.58,0,1500,1678,NW
1175288.059,X_LEG_3,2.61,72.99,147.58,0,1500,1678,NW
1175288.079,X_LEG_3,2.61,72.99,147.58,0,1500,1678,NW
1175288.100,X_LEG_3,2.61,72.99,147.58,0,1500,1678,NW
1175288.120,X_LEG_3,2.61,72.99,147.58,0,1500,1678,NW
1175288.140,X_LEG_3,2.61,72.99,147.58,0,1500,1678,NW
1175288.161,X_LEG_3,2.61,72.99,147.58,0,1500,1678,NW
1175288.181,X_LEG_3,2.61,72.99,147.58,0,1500,1678,NW
1175288.202,X_LEG_3,2.61,72.99,147.58,0,1500,1678,NW
1175288.222,X_LEG_3,2.61,72.99,147.58,0,1500,1678,NW
1175288.243,X_LEG_3,2.61,72.99,147.58,0,1500,1678,NW
1175288.263,X_LEG_3,2.61,72.99,147.58,0,1500,1678,NW
1175288.283,X_LEG_3,2.61,72.99,147.58,0,1500,1678,NW
1175288.304,X_LEG_3,2.61,72.99,147.58,0,1500,1678,NW
1175288.324,X_LEG_3,2.61,72.99,147.58,0,1500,1678,NW
1175288.345,X_LEG_3,2.61,72.99,147.58,0,1500,1678,NW
1175288.365,X_LEG_3,2.61,72.99,147.58,0,1500,1678,NW
1175288.386,X_LEG_3,2.61,72.99,147.58,0,1500,1678,NW
1175288.406,X_LEG_3,2.61,72.99,147.58,0,1500,1678,NW
1175288.427,X_LEG_3,2.61,72.99,147.58,0,1500,1678,NW
1175288.447,X_LEG_3,2.61,72.99,147.58,0,1500,1678,NW
1175288.468,X_LEG_3,2.61,72.99,147.58,0,1500,1678,NW
1175288.488,X_LEG_3,2.61,72.99,147.58,0,1500,1678,NW
1175288.508,X_LEG_3,2.61,72.99,147.58,0,1500,1678,NW
1175288.529,X_LEG_3,2.61,72.99,147.58,0,1500,1678,NW
1175288.549,X_LEG_3,2.61,72.99,147.58,0,1500,1678,NW
1175288.570,X_LEG_3,2.61,72.99,147.58,0,1500,1678,NW
1175288.590,X_LEG_3,2.61,72.99,147.58,0,1500,1678,NW
1175288.611,X_LEG_3,2.61,72.99,147.58,0,1500,1678,NW
1175288.631,X_LEG_3,2.61,72.99,147.58,0,1500,1678,NW
1175288.651,X_LEG_3,2.61,72.99,147.58,0,1500,1678,NW
1175288.672,X_LEG_3,2.61,72.99,147.58,0,1500,1678,NW
1175288.693,X_LEG_3,2.61,72.99,147.58,0,1500,1678,NW
1175288.713,X_LEG_3,2.61,72.99,147.58,0,1500,1678,NW
1175288.734,X_LEG_3,2.61,72.99,147.58,0,1500,1678,NW
1175288.755,X_LEG_3,2.61,72.99,147.58,0,1500,1678,NW
1175288.775,X_LEG_3,2.61,72.99,147.58,0,1500,1678,NW
1175288.796,X_LEG_3,2.61,72.99,147.58,0,1500,1678,NW
1175288.816,X_LEG_3,2.61,72.99,147.58,0,1500,1678,NW
1175288.837,X_LEG_3,2.61,72.99,147.58,0,1500,1678,NW
1175288.857,X_LEG_3,2.61,72.99,147.58,0,1500,1678,NW
1175288.877,X_LEG_3,2.61,72.99,147.58,0,1500,1678,NW
1175288.898,X_LEG_3,2.61,72.99,147.58,0,1500,1678,NW
1175288.918,X_LEG_3,2.61,72.99,147.58,0,1500,1678,NW
1175288.939,X_LEG_3,2.61,72.99,147.58,0,1500,1678,NW
1175288.960,X_LEG_3,2.61,72.99,147.58,0,1500,1678,NW
1175288.980,X_LEG_3,2.61,72.99,147.58,0,1500,1678,NW
1175289.001,X_LEG_3,2.61,72.99,147.58,0,1500,1678,NW
1175289.022,X_LEG_3,2.61,72.99,147.58,0,1500,1678,NW
1175289.042,X_LEG_3,2.61,72.99,147.58,0,1500,1678,NW
1175289.063,X_LEG_3,2.61,72.99,147.58,0,1500,1678,NW
1175289.083,X_LEG_3,2.61,72.99,147.58,0,1500,1678,NW
1175289.104,X_LEG_3,2.61,72.99,147.58,0,1500,1678,NW
1175289.124,X_LEG_3,2.61,72.99,147.58,0,1500,1678,NW
1175289.145,X_LEG_3,2.61,72.99,147.58,0,1500,1678,NW
1175289.165,X_LEG_3,2.61,72.99,147.58,0,1500,1678,NW
1175289.186,X_LEG_3,2.61,72.99,147.58,0,1500,1678,NW
1175289.206,X_LEG_3,2.61,72.99,147.58,0,1500,1678,NW
1175289.227,X_LEG_3,2.61,72.99,147.58,0,1500,1678,NW
1175289.248,X_LEG_3,2.61,72.99,147.58,0,1500,1678,NW
1175289.268,X_LEG_3,2.61,72.99,147.58,0,1500,1678,NW
1175289.288,X_LEG_3,2.61,72.99,147.58,0,1500,1678,NW
1175289.309,X_LEG_3,2.61,72.99,147.58,0,1500,1678,NW
1175289.330,X_LEG_3,2.61,72.99,147.58,0,1500,1678,NW
1175289.351,X_LEG_3,2.61,72.99,147.58,0,1500,1678,NW
1175289.371,X_LEG_3,2.61,72.99,147.58,0,1500,1678,NW
1175289.391,X_LEG_3,2.61,72.99,147.58,0,1500,1678,NW
1175289.412,X_LEG_3,2.61,72.99,147.58,0,1500,1678,NW
1175289.432,X_LEG_3,2.61,72.99,147.58,0,1500,1678,NW
1175289.453,X_LEG_3,2.61,72.99,147.58,0,1500,1678,NW
1175289.473,X_LEG_3,2.61,72.99,147.58,0,1500,1678,NW
1175289.494,X_LEG_3,2.61,72.99,147.58,0,1500,1678,NW
1175289.514,X_LEG_3,2.61,72.99,147.58,0,1500,1678,NW
1175289.535,X_LEG_3,2.61,72.99,147.58,0,1500,1678,NW
1175289.555,X_LEG_3,2.61,72.99,147.58,0,1500,1678,NW
1175289.576,X_LEG_3,2.61,72.99,147.58,0,1500,1678,NW
1175289.596,X_LEG_3,2.61,72.99,147.58,0,1500,1678,NW
1175289.617,X_LEG_3,2.61,72.99,147.58,0,1500,1678,NW
1175289.638,X_LEG_3,2.61,72.99,147.58,0,1500,1678,NW
1175289.658,X_LEG_3,2.61,72.99,147.58,0,1500,1678,NW
1175289.679,X_LEG_3,2.61,72.99,147.58,0,1500,1678,NW
1175289.701,X_LEG_3,2.61,72.99,147.58,0,1500,1678,NW
1175289.721,X_LEG_3,2.61,72.99,147.58,0,1500,1678,NW
1175289.741,X_LEG_3,2.61,72.99,147.58,0,1500,1678,NW
1175289.761,X_LEG_3,2.61,72.99,147.58,0,1500,1678,NW
1175289.782,X_LEG_3,2.61,72.99,147.58,0,1500,1678,NW
1175289.802,X_LEG_3,2.61,72.99,147.58,0,1500,1678,NW
1175289.823,X_LEG_3,2.61,72.99,147.58,0,1500,1678,NW
1175289.843,X_LEG_3,2.61,72.99,147.58,0,1500,1678,NW
1175289.864,X_LEG_3,2.61,72.99,147.58,0,1500,1678,NW
1175289.884,X_LEG_3,2.61,72.99,147.58,0,1500,1678,NW
1175289.905,X_LEG_3,2.61,72.99,147.58,0,1500,1678,NW
1175289.925,X_LEG_3,2.61,72.99,147.58,0,1500,1678,NW
1175289.945,X_LEG_3,2.61,72.99,147.58,0,1500,1678,NW
1175289.966,X_LEG_3,2.61,72.99,147.58,0,1500,1678,NW
1175289.986,X_LEG_3,2.61,72.99,147.58,0,1500,1678,NW
1175290.007,X_LEG_3,2.61,72.99,147.58,0,1500,1678,NW
1175290.027,X_LEG_3,2.61,72.99,147.58,0,1500,1678,NW
1175290.048,X_LEG_3,2.61,72.99,147.58,0,1500,1678,NW
1175290.068,X_LEG_3,2.61,72.99,147.58,0,1500,1678,NW
1175290.089,X_LEG_3,2.61,72.99,147.58,0,1500,1678,NW
1175290.109,X_LEG_3,2.61,72.99,147.58,0,1500,1678,NW
1175290.129,X_LEG_3,2.61,72.99,147.58,0,1500,1678,NW
1175290.150,X_LEG_3,2.61,72.99,147.58,0,1500,1678,NW
1175290.171,X_LEG_3,2.61,72.99,147.58,0,1500,1678,NW
1175290.191,X_LEG_3,2.61,72.99,147.58,0,1500,1678,NW
1175290.212,X_LEG_3,2.61,72.99,147.58,0,1500,1678,NW
1175290.232,X_LEG_3,2.61,72.99,147.58,0,1500,1678,NW
1175290.253,X_LEG_3,2.61,72.99,147.58,0,1500,1678,NW
1175290.273,X_LEG_3,2.61,72.99,147.58,0,1500,1678,NW
1175290.294,X_LEG_3,2.61,72.99,147.58,0,1500,1678,NW
1175290.314,X_LEG_3,2.61,72.99,147.58,0,1500,1678,NW
1175290.335,X_LEG_3,2.61,72.99,147.58,0,1500,1678,NW
1175290.355,X_LEG_3,2.61,72.99,147.58,0,1500,1678,NW
1175290.376,X_LEG_3,2.61,72.99,147.58,0,1500,1678,NW
1175290.396,X_LEG_3,2.61,72.99,147.58,0,1500,1678,NW
1175290.417,X_LEG_3,2.61,72.99,147.58,0,1500,1678,NW
1175290.437,X_LEG_3,2.61,72.99,147.58,0,1500,1678,NW
1175290.458,X_LEG_3,2.61,72.99,147.58,0,1500,1678,NW
1175290.478,X_LEG_3,2.61,72.99,147.58,0,1500,1678,NW
1175290.499,X_LEG_3,2.61,72.99,147.58,0,1500,1678,NW
1175290.519,X_LEG_3,2.61,72.99,147.58,0,1500,1678,NW
1175290.540,X_LEG_3,2.61,72.99,147.58,0,1500,1678,NW
1175290.560,X_LEG_3,2.61,72.99,147.58,0,1500,1678,NW
1175290.581,X_LEG_3,2.61,72.99,147.58,0,1500,1678,NW
1175290.602,X_LEG_3,2.61,72.99,147.58,0,1500,1678,NW
1175290.622,X_LEG_3,2.61,72.99,147.58,0,1500,1678,NW
1175290.642,X_LEG_3,2.61,72.99,147.58,0,1500,1678,NW
1175290.662,X_LEG_3,2.61,72.99,147.58,0,1500,1678,NW
1175290.683,X_LEG_3,2.61,72.99,147.58,0,1500,1678,NW
1175290.703,X_LEG_3,2.61,72.99,147.58,0,1500,1678,NW
1175290.724,X_LEG_3,2.61,72.99,147.58,0,1500,1678,NW
1175290.744,X_LEG_3,2.61,72.99,147.58,0,1500,1678,NW
1175290.765,X_LEG_3,2.61,72.99,147.58,0,1500,1678,NW
1175290.786,X_LEG_3,2.61,72.99,147.58,0,1500,1678,NW
1175290.806,X_LEG_3,2.61,72.99,147.58,0,1500,1678,NW
1175290.826,X_LEG_3,2.61,72.99,147.58,0,1500,1678,NW
1175290.847,X_LEG_3,2.61,72.99,147.58,0,1500,1678,NW
1175290.867,X_LEG_3,2.61,72.99,147.58,0,1500,1678,NW
1175290.888,X_LEG_3,2.61,72.99,147.58,0,1500,1678,NW
1175290.908,X_LEG_3,2.61,72.99,147.58,0,1500,1678,NW
1175290.929,X_LEG_3,2.61,72.99,147.58,0,1500,1678,NW
1175290.949,X_LEG_3,2.61,72.99,147.58,0,1500,1678,NW
1175290.969,X_LEG_3,2.61,72.99,147.58,0,1500,1678,NW
1175290.990,X_LEG_3,2.61,72.99,147.58,0,1500,1678,NW
1175291.010,X_LEG_3,2.61,72.99,147.58,0,1500,1678,NW
1175291.030,X_LEG_3,2.61,72.99,147.58,0,1500,1678,NW
1175291.051,X_LEG_3,2.61,72.99,147.58,0,1500,1678,NW
1175291.071,X_LEG_3,2.61,72.99,147.58,0,1500,1678,NW
1175291.092,X_LEG_3,2.61,72.99,147.58,0,1500,1678,NW
1175291.112,X_LEG_3,2.61,72.99,147.58,0,1500,1678,NW
1175291.132,X_LEG_3,2.61,72.99,147.58,0,1500,1678,NW
1175291.153,X_LEG_3,2.61,72.99,147.58,0,1500,1678,NW
1175291.173,X_LEG_3,2.61,72.99,147.58,0,1500,1678,NW
1175291.193,X_LEG_3,2.61,72.99,147.58,0,1500,1678,NW
1175291.214,X_LEG_3,2.61,72.99,147.58,0,1500,1678,NW
1175291.235,X_LEG_3,2.61,72.99,147.58,0,1500,1678,NW
1175291.255,X_LEG_3,2.61,72.99,147.58,0,1500,1678,NW
1175291.275,X_LEG_3,2.61,72.99,147.58,0,1500,1678,NW
1175291.296,X_LEG_3,2.61,72.99,147.58,0,1500,1678,NW
1175291.316,X_LEG_3,2.61,72.99,147.58,0,1500,1678,NW
1175291.337,X_LEG_3,2.61,72.99,147.58,0,1500,1678,NW
1175291.357,X_LEG_3,2.61,72.99,147.58,0,1500,1678,NW
1175291.377,X_LEG_3,2.61,72.99,147.58,0,1500,1678,NW
1175291.397,X_LEG_3,2.61,72.99,147.58,0,1500,1678,NW
1175291.418,X_LEG_3,2.61,72.99,147.58,0,1500,1678,NW
1175291.439,X_LEG_3,2.61,72.99,147.58,0,1500,1678,NW
1175291.459,X_LEG_3,2.61,72.99,147.58,0,1500,1678,NW
1175291.480,X_LEG_3,2.61,72.99,147.58,0,1500,1678,NW
1175291.500,X_LEG_3,2.61,72.99,147.58,0,1500,1678,NW
1175291.520,X_LEG_3,2.61,72.99,147.58,0,1500,1678,NW
1175291.541,X_LEG_3,2.61,72.99,147.58,0,1500,1678,NW
1175291.561,X_LEG_3,2.61,72.99,147.58,0,1500,1678,NW
1175291.582,X_LEG_3,2.61,72.99,147.58,0,1500,1678,NW
1175291.602,X_LEG_3,2.61,72.99,147.58,0,1500,1678,NW
1175291.622,X_LEG_3,2.61,72.99,147.58,0,1500,1678,NW
1175291.643,X_LEG_3,2.61,72.99,147.58,0,1500,1678,NW
1175291.663,X_LEG_3,2.61,72.99,147.58,0,1500,1678,NW
1175291.684,X_LEG_3,2.61,72.99,147.58,0,1500,1678,NW
1175291.704,X_LEG_3,2.61,72.99,147.58,0,1500,1678,NW
1175291.725,X_LEG_3,2.61,72.99,147.58,0,1500,1678,NW
1175291.745,X_LEG_3,2.61,72.99,147.58,0,1500,1678,NW
1175291.766,X_LEG_3,2.61,72.99,147.58,0,1500,1678,NW
1175291.786,X_LEG_3,2.61,72.99,147.58,0,1500,1678,NW
1175291.806,X_LEG_3,2.61,72.99,147.58,0,1500,1678,NW
1175291.826,X_LEG_3,2.61,72.99,147.58,0,1500,1678,NW
1175291.847,X_LEG_3,2.61,72.99,147.58,0,1500,1678,NW
1175291.867,X_LEG_3,2.61,72.99,147.58,0,1500,1678,NW
1175291.888,X_LEG_3,2.61,72.99,147.58,0,1500,1678,NW
1175291.908,X_LEG_3,2.61,72.99,147.58,0,1500,1678,NW
1175291.929,X_LEG_3,2.61,72.99,147.58,0,1500,1678,NW
1175291.949,X_LEG_3,2.61,72.99,147.58,0,1500,1678,NW
1175291.969,X_LEG_3,2.61,72.99,147.58,0,1500,1678,NW
1175291.990,X_LEG_3,2.61,72.99,147.58,0,1500,1678,NW
1175292.011,X_LEG_3,2.61,72.99,147.58,0,1500,1678,NW
1175292.032,X_LEG_3,2.61,72.99,147.58,0,1500,1678,NW
1175292.052,X_LEG_3,2.61,72.99,147.58,0,1500,1678,NW
1175292.073,X_LEG_3,2.61,72.99,147.58,0,1500,1678,NW
1175292.094,X_LEG_3,2.61,72.99,147.58,0,1500,1678,NW
1175292.114,X_LEG_3,2.61,72.99,147.58,0,1500,1678,NW
1175292.135,X_LEG_3,2.61,72.99,147.58,0,1500,1678,NW
1175292.155,X_LEG_3,2.61,72.99,147.58,0,1500,1678,NW
1175292.176,X_LEG_3,2.61,72.99,147.58,0,1500,1678,NW
1175292.196,X_LEG_3,2.61,72.99,147.58,0,1500,1678,NW
1175292.217,X_LEG_3,2.61,72.99,147.58,0,1500,1678,NW
1175292.237,X_LEG_3,2.61,72.99,147.58,0,1500,1678,NW
1175292.257,X_LEG_3,2.61,72.99,147.58,0,1500,1678,NW
1175292.277,X_LEG_3,2.61,72.99,147.58,0,1500,1678,NW
1175292.298,X_LEG_3,2.61,72.99,147.58,0,1500,1678,NW
1175292.318,X_LEG_3,2.61,72.99,147.58,0,1500,1678,NW
1175292.339,X_LEG_3,2.61,72.99,147.58,0,1500,1678,NW
1175292.359,X_LEG_3,2.61,72.99,147.58,0,1500,1678,NW
1175292.380,X_LEG_3,2.61,72.99,147.58,0,1500,1678,NW
1175292.401,X_LEG_3,2.61,72.99,147.58,0,1500,1678,NW
1175292.421,X_LEG_3,2.61,72.99,147.58,0,1500,1678,NW
1175292.442,X_LEG_3,2.61,72.99,147.58,0,1500,1678,NW
1175292.462,X_LEG_3,2.61,72.99,147.58,0,1500,1678,NW
1175292.483,X_LEG_3,2.61,72.99,147.58,0,1500,1678,NW
1175292.504,X_LEG_3,2.61,72.99,147.58,0,1500,1678,NW
1175292.524,X_LEG_3,2.61,72.99,147.58,0,1500,1678,NW
1175292.545,X_LEG_3,2.61,72.99,147.58,0,1500,1678,NW
1175292.565,X_LEG_3,2.61,72.99,147.58,0,1500,1678,NW
1175292.586,X_LEG_3,2.61,72.99,147.58,0,1500,1678,NW
1175292.606,X_LEG_3,2.61,72.99,147.58,0,1500,1678,NW
1175292.627,X_LEG_3,2.61,72.99,147.58,0,1500,1678,NW
1175292.647,X_LEG_3,2.61,72.99,147.58,0,1500,1678,NW
1175292.667,X_LEG_3,2.61,72.99,147.58,0,1500,1678,NW
1175292.688,X_LEG_3,2.61,72.99,147.58,0,1500,1678,NW
1175292.709,X_LEG_3,2.61,72.99,147.58,0,1500,1678,NW
1175292.729,X_LEG_3,2.61,72.99,147.58,0,1500,1678,NW
1175292.750,X_LEG_3,2.61,72.99,147.58,0,1500,1678,NW
1175292.770,X_LEG_3,2.61,72.99,147.58,0,1500,1678,NW
1175292.791,X_LEG_3,2.61,72.99,147.58,0,1500,1678,NW
1175292.811,X_LEG_3,2.61,72.99,147.58,0,1500,1678,NW
1175292.832,X_LEG_3,2.61,72.99,147.58,0,1500,1678,NW
1175292.852,X_LEG_3,2.61,72.99,147.58,0,1500,1678,NW
1175292.872,X_LEG_3,2.61,72.99,147.58,0,1500,1678,NW
1175292.892,X_LEG_3,2.61,72.99,147.58,0,1500,1678,NW
1175292.913,X_LEG_3,2.61,72.99,147.58,0,1500,1678,NW
1175292.933,X_LEG_3,2.61,72.99,147.58,0,1500,1678,NW
1175292.954,X_LEG_3,2.61,72.99,147.58,0,1500,1678,NW
1175292.974,X_LEG_3,2.61,72.99,147.58,0,1500,1678,NW
1175292.995,X_LEG_3,2.61,72.99,147.58,0,1500,1678,NW
1175293.015,X_LEG_3,2.61,72.99,147.58,0,1500,1678,NW
1175293.036,X_LEG_3,2.61,72.99,147.58,0,1500,1678,NW
1175293.056,X_LEG_3,2.61,72.99,147.58,0,1500,1678,NW
1175293.077,X_LEG_3,2.61,72.99,147.58,0,1500,1678,NW
1175293.097,X_LEG_3,2.61,72.99,147.58,0,1500,1678,NW
1175293.118,X_LEG_3,2.61,72.99,147.58,0,1500,1678,NW
1175293.139,X_LEG_3,2.61,72.99,147.58,0,1500,1678,NW
1175293.159,X_LEG_3,2.61,72.99,147.58,0,1500,1678,NW
1175293.180,X_LEG_3,2.61,72.99,147.58,0,1500,1678,NW
1175293.200,X_LEG_3,2.61,72.99,147.58,0,1500,1678,NW
1175293.220,X_LEG_3,2.61,72.99,147.58,0,1500,1678,NW
1175293.241,X_LEG_3,2.61,72.99,147.58,0,1500,1678,NW
1175293.261,X_LEG_3,2.61,72.99,147.58,0,1500,1678,NW
1175293.282,X_LEG_3,2.61,72.99,147.58,0,1500,1678,NW
1175293.302,X_LEG_3,2.61,72.99,147.58,0,1500,1678,NW
1175293.323,X_LEG_3,2.61,72.99,147.58,0,1500,1678,NW
1175293.343,X_LEG_3,2.61,72.99,147.58,0,1500,1678,NW
1175293.364,X_LEG_3,2.61,72.99,147.58,0,1500,1678,NW
1175293.384,X_LEG_3,2.61,72.99,147.58,0,1500,1678,NW
1175293.405,X_LEG_3,2.61,72.99,147.58,0,1500,1678,NW
1175293.425,X_LEG_3,2.61,72.99,147.58,0,1500,1678,NW
1175293.446,X_LEG_3,2.61,72.99,147.58,0,1500,1678,NW
1175293.466,X_LEG_3,2.61,72.99,147.58,0,1500,1678,NW
1175293.486,X_LEG_3,2.61,72.99,147.58,0,1500,1678,NW
1175293.507,X_LEG_3,2.61,72.99,147.58,0,1500,1678,NW
1175293.527,X_LEG_3,2.61,72.99,147.58,0,1500,1678,NW
1175293.548,X_LEG_3,2.61,72.99,147.58,0,1500,1678,NW
1175293.568,X_LEG_3,2.61,72.99,147.58,0,1500,1678,NW
1175293.589,X_LEG_3,2.61,72.99,147.58,0,1500,1678,NW
1175293.609,X_LEG_3,2.61,72.99,147.58,0,1500,1678,NW
1175293.629,X_LEG_3,2.61,72.99,147.58,0,1500,1678,NW
1175293.650,X_LEG_3,2.61,72.99,147.58,0,1500,1678,NW
1175293.671,X_LEG_3,2.61,72.99,147.58,0,1500,1678,NW
1175293.691,X_LEG_3,2.61,72.99,147.58,0,1500,1678,NW
1175293.712,X_LEG_3,2.61,72.99,147.58,0,1500,1678,NW
1175293.733,X_LEG_3,2.61,72.99,147.58,0,1500,1678,NW
1175293.753,TO_CENTER,2.61,32.16,133.46,0,1500,1678,CENTER
1175293.774,TO_CENTER,2.61,32.16,133.46,0,1500,1678,CENTER
1175293.795,TO_CENTER,2.61,32.16,133.46,0,1500,1678,CENTER
1175293.815,TO_CENTER,2.61,32.16,133.46,0,1500,1678,CENTER
1175293.836,TO_CENTER,2.61,32.16,133.46,0,1500,1678,CENTER
1175293.857,TO_CENTER,2.61,32.16,133.46,0,1500,1678,CENTER
1175293.878,TO_CENTER,2.61,32.16,133.46,0,1500,1678,CENTER
1175293.898,TO_CENTER,2.61,32.16,133.46,0,1500,1678,CENTER
1175293.919,TO_CENTER,2.61,32.16,133.46,0,1500,1678,CENTER
1175293.939,TO_CENTER,2.61,32.16,133.46,0,1500,1678,CENTER
1175293.960,TO_CENTER,2.61,32.16,133.46,0,1500,1678,CENTER
1175293.980,TO_CENTER,2.61,32.16,133.46,0,1500,1678,CENTER
1175294.001,TO_CENTER,2.61,32.16,133.46,0,1500,1678,CENTER
1175294.021,TO_CENTER,2.61,32.16,133.46,0,1500,1678,CENTER
1175294.041,TO_CENTER,2.61,32.16,133.46,0,1500,1678,CENTER
1175294.062,TO_CENTER,2.61,32.16,133.46,0,1500,1678,CENTER
1175294.082,TO_CENTER,2.61,32.16,133.46,0,1500,1678,CENTER
1175294.103,TO_CENTER,2.61,32.16,133.46,0,1500,1678,CENTER
1175294.123,TO_CENTER,2.61,32.16,133.46,0,1500,1678,CENTER
1175294.143,TO_CENTER,2.61,32.16,133.46,0,1500,1678,CENTER
1175294.164,TO_CENTER,2.61,32.16,133.46,0,1500,1678,CENTER
1175294.184,TO_CENTER,2.61,32.16,133.46,0,1500,1678,CENTER
1175294.205,TO_CENTER,2.61,32.16,133.46,0,1500,1678,CENTER
1175294.225,TO_CENTER,2.61,32.16,133.46,0,1500,1678,CENTER
1175294.246,TO_CENTER,2.61,32.16,133.46,0,1500,1678,CENTER
1175294.266,TO_CENTER,2.61,32.16,133.46,0,1500,1678,CENTER
1175294.287,TO_CENTER,2.61,32.16,133.46,0,1500,1678,CENTER
1175294.307,TO_CENTER,2.61,32.16,133.46,0,1500,1678,CENTER
1175294.328,TO_CENTER,2.61,32.16,133.46,0,1500,1678,CENTER
1175294.349,TO_CENTER,2.61,32.16,133.46,0,1500,1678,CENTER
1175294.369,TO_CENTER,2.61,32.16,133.46,0,1500,1678,CENTER
1175294.391,TO_CENTER,2.61,32.16,133.46,0,1500,1678,CENTER
1175294.412,TO_CENTER,2.61,32.16,133.46,0,1500,1678,CENTER
1175294.432,TO_CENTER,2.61,32.16,133.46,0,1500,1678,CENTER
1175294.453,TO_CENTER,2.61,32.16,133.46,0,1500,1678,CENTER
1175294.473,TO_CENTER,2.61,32.16,133.46,0,1500,1678,CENTER
1175294.494,TO_CENTER,2.61,32.16,133.46,0,1500,1678,CENTER
1175294.514,TO_CENTER,2.61,32.16,133.46,0,1500,1678,CENTER
1175294.534,TO_CENTER,2.61,32.16,133.46,0,1500,1678,CENTER
1175294.555,TO_CENTER,2.61,32.16,133.46,0,1500,1678,CENTER
1175294.575,TO_CENTER,2.61,32.16,133.46,0,1500,1678,CENTER
1175294.596,TO_CENTER,2.61,32.16,133.46,0,1500,1678,CENTER
1175294.616,TO_CENTER,2.61,32.16,133.46,0,1500,1678,CENTER
1175294.637,TO_CENTER,2.61,32.16,133.46,0,1500,1678,CENTER
1175294.657,TO_CENTER,2.61,32.16,133.46,0,1500,1678,CENTER
1175294.678,TO_CENTER,2.61,32.16,133.46,0,1500,1678,CENTER
1175294.698,TO_CENTER,2.61,32.16,133.46,0,1500,1678,CENTER
1175294.719,TO_CENTER,2.61,32.16,133.46,0,1500,1678,CENTER
1175294.740,TO_CENTER,2.61,32.16,133.46,0,1500,1678,CENTER
1175294.760,TO_CENTER,2.61,32.16,133.46,0,1500,1678,CENTER
1175294.781,TO_CENTER,2.61,32.16,133.46,0,1500,1678,CENTER
1175294.801,TO_CENTER,2.61,32.16,133.46,0,1500,1678,CENTER
1175294.822,TO_CENTER,2.61,32.16,133.46,0,1500,1678,CENTER
1175294.842,TO_CENTER,2.61,32.16,133.46,0,1500,1678,CENTER
1175294.862,TO_CENTER,2.61,32.16,133.46,0,1500,1678,CENTER
1175294.883,TO_CENTER,2.61,32.16,133.46,0,1500,1678,CENTER
1175294.904,TO_CENTER,2.61,32.16,133.46,0,1500,1678,CENTER
1175294.924,TO_CENTER,2.61,32.16,133.46,0,1500,1678,CENTER
1175294.945,TO_CENTER,2.61,32.16,133.46,0,1500,1678,CENTER
1175294.965,TO_CENTER,2.61,32.16,133.46,0,1500,1678,CENTER
1175294.986,TO_CENTER,2.61,32.16,133.46,0,1500,1678,CENTER
1175295.007,TO_CENTER,2.61,32.16,133.46,0,1500,1678,CENTER
1175295.028,TO_CENTER,2.61,32.16,133.46,0,1500,1678,CENTER
1175295.048,TO_CENTER,2.61,32.16,133.46,0,1500,1678,CENTER
1175295.068,TO_CENTER,2.61,32.16,133.46,0,1500,1678,CENTER
1175295.089,TO_CENTER,2.61,32.16,133.46,0,1500,1678,CENTER
1175295.109,TO_CENTER,2.61,32.16,133.46,0,1500,1678,CENTER
1175295.130,TO_CENTER,2.61,32.16,133.46,0,1500,1678,CENTER
1175295.150,TO_CENTER,2.61,32.16,133.46,0,1500,1678,CENTER
1175295.170,TO_CENTER,2.61,32.16,133.46,0,1500,1678,CENTER
1175295.191,TO_CENTER,2.61,32.16,133.46,0,1500,1678,CENTER
1175295.211,TO_CENTER,2.61,32.16,133.46,0,1500,1678,CENTER
1175295.231,TO_CENTER,2.61,32.16,133.46,0,1500,1678,CENTER
1175295.252,TO_CENTER,2.61,32.16,133.46,0,1500,1678,CENTER
1175295.272,TO_CENTER,2.61,32.16,133.46,0,1500,1678,CENTER
1175295.292,TO_CENTER,2.61,32.16,133.46,0,1500,1678,CENTER
1175295.313,TO_CENTER,2.61,32.16,133.46,0,1500,1678,CENTER
1175295.333,TO_CENTER,2.61,32.16,133.46,0,1500,1678,CENTER
1175295.354,TO_CENTER,2.61,32.16,133.46,0,1500,1678,CENTER
1175295.374,TO_CENTER,2.61,32.16,133.46,0,1500,1678,CENTER
1175295.395,TO_CENTER,2.61,32.16,133.46,0,1500,1678,CENTER
1175295.415,TO_CENTER,2.61,32.16,133.46,0,1500,1678,CENTER
1175295.436,TO_CENTER,2.61,32.16,133.46,0,1500,1678,CENTER
1175295.456,TO_CENTER,2.61,32.16,133.46,0,1500,1678,CENTER
1175295.476,TO_CENTER,2.61,32.16,133.46,0,1500,1678,CENTER
1175295.497,TO_CENTER,2.61,32.16,133.46,0,1500,1678,CENTER
1175295.517,TO_CENTER,2.61,32.16,133.46,0,1500,1678,CENTER
1175295.537,TO_CENTER,2.61,32.16,133.46,0,1500,1678,CENTER
1175295.558,TO_CENTER,2.61,32.16,133.46,0,1500,1678,CENTER
1175295.578,TO_CENTER,2.61,32.16,133.46,0,1500,1678,CENTER
1175295.598,TO_CENTER,2.61,32.16,133.46,0,1500,1678,CENTER
1175295.619,TO_CENTER,2.61,32.16,133.46,0,1500,1678,CENTER
1175295.640,TO_CENTER,2.61,32.16,133.46,0,1500,1678,CENTER
1175295.660,TO_CENTER,2.61,32.16,133.46,0,1500,1678,CENTER
1175295.681,TO_CENTER,2.61,32.16,133.46,0,1500,1678,CENTER
1175295.701,TO_CENTER,2.61,32.16,133.46,0,1500,1678,CENTER
1175295.721,TO_CENTER,2.61,32.16,133.46,0,1500,1678,CENTER
1175295.741,TO_CENTER,2.61,32.16,133.46,0,1500,1678,CENTER
1175295.762,TO_CENTER,2.61,32.16,133.46,0,1500,1678,CENTER
1175295.782,TO_CENTER,2.61,32.16,133.46,0,1500,1678,CENTER
1175295.802,TO_CENTER,2.61,32.16,133.46,0,1500,1678,CENTER
1175295.823,TO_CENTER,2.61,32.16,133.46,0,1500,1678,CENTER
1175295.844,TO_CENTER,2.61,32.16,133.46,0,1500,1678,CENTER
1175295.864,TO_CENTER,2.61,32.16,133.46,0,1500,1678,CENTER
1175295.885,TO_CENTER,2.61,32.16,133.46,0,1500,1678,CENTER
1175295.906,TO_CENTER,2.61,32.16,133.46,0,1500,1678,CENTER
1175295.926,TO_CENTER,2.61,32.16,133.46,0,1500,1678,CENTER
1175295.947,TO_CENTER,2.61,32.16,133.46,0,1500,1678,CENTER
1175295.967,TO_CENTER,2.61,32.16,133.46,0,1500,1678,CENTER
1175295.987,TO_CENTER,2.61,32.16,133.46,0,1500,1678,CENTER
1175296.008,TO_CENTER,2.61,32.16,133.46,0,1500,1678,CENTER
1175296.028,TO_CENTER,2.61,32.16,133.46,0,1500,1678,CENTER
1175296.048,TO_CENTER,2.61,32.16,133.46,0,1500,1678,CENTER
1175296.069,TO_CENTER,2.61,32.16,133.46,0,1500,1678,CENTER
1175296.089,TO_CENTER,2.61,32.16,133.46,0,1500,1678,CENTER
1175296.110,TO_CENTER,2.61,32.16,133.46,0,1500,1678,CENTER
1175296.130,TO_CENTER,2.61,32.16,133.46,0,1500,1678,CENTER
1175296.151,TO_CENTER,2.61,32.16,133.46,0,1500,1678,CENTER
1175296.171,TO_CENTER,2.61,32.16,133.46,0,1500,1678,CENTER
1175296.192,TO_CENTER,2.61,32.16,133.46,0,1500,1678,CENTER
1175296.212,TO_CENTER,2.61,32.16,133.46,0,1500,1678,CENTER
1175296.233,TO_CENTER,2.61,32.16,133.46,0,1500,1678,CENTER
1175296.254,TO_CENTER,2.61,32.16,133.46,0,1500,1678,CENTER
1175296.274,TO_CENTER,2.61,32.16,133.46,0,1500,1678,CENTER
1175296.295,TO_CENTER,2.61,32.16,133.46,0,1500,1678,CENTER
1175296.315,TO_CENTER,2.61,32.16,133.46,0,1500,1678,CENTER
1175296.336,TO_CENTER,2.61,32.16,133.46,0,1500,1678,CENTER
1175296.356,TO_CENTER,2.61,32.16,133.46,0,1500,1678,CENTER
1175296.376,TO_CENTER,2.61,32.16,133.46,0,1500,1678,CENTER
1175296.397,TO_CENTER,2.61,32.16,133.46,0,1500,1678,CENTER
1175296.417,TO_CENTER,2.61,32.16,133.46,0,1500,1678,CENTER
1175296.438,TO_CENTER,2.61,32.16,133.46,0,1500,1678,CENTER
1175296.458,TO_CENTER,2.61,32.16,133.46,0,1500,1678,CENTER
1175296.479,TO_CENTER,2.61,32.16,133.46,0,1500,1678,CENTER
1175296.499,TO_CENTER,2.61,32.16,133.46,0,1500,1678,CENTER
1175296.520,TO_CENTER,2.61,32.16,133.46,0,1500,1678,CENTER
1175296.540,TO_CENTER,2.61,32.16,133.46,0,1500,1678,CENTER
1175296.560,TO_CENTER,2.61,32.16,133.46,0,1500,1678,CENTER
1175296.580,TO_CENTER,2.61,32.16,133.46,0,1500,1678,CENTER
1175296.601,TO_CENTER,2.61,32.16,133.46,0,1500,1678,CENTER
1175296.621,TO_CENTER,2.61,32.16,133.46,0,1500,1678,CENTER
1175296.641,TO_CENTER,2.61,32.16,133.46,0,1500,1678,CENTER
1175296.661,TO_CENTER,2.61,32.16,133.46,0,1500,1678,CENTER
1175296.682,TO_CENTER,2.61,32.16,133.46,0,1500,1678,CENTER
1175296.702,TO_CENTER,2.61,32.16,133.46,0,1500,1678,CENTER
1175296.722,TO_CENTER,2.61,32.16,133.46,0,1500,1678,CENTER
1175296.743,TO_CENTER,2.61,32.16,133.46,0,1500,1678,CENTER
1175296.764,TO_CENTER,2.61,32.16,133.46,0,1500,1678,CENTER
1175296.784,TO_CENTER,2.61,32.16,133.46,0,1500,1678,CENTER
1175296.804,TO_CENTER,2.61,32.16,133.46,0,1500,1678,CENTER
1175296.826,TO_CENTER,2.61,32.16,133.46,0,1500,1678,CENTER
1175296.846,TO_CENTER,2.61,32.16,133.46,0,1500,1678,CENTER
1175296.866,TO_CENTER,2.61,32.16,133.46,0,1500,1678,CENTER
1175296.888,TO_CENTER,2.61,32.16,133.46,0,1500,1678,CENTER
1175296.908,TO_CENTER,2.61,32.16,133.46,0,1500,1678,CENTER
1175296.929,TO_CENTER,2.61,32.16,133.46,0,1500,1678,CENTER
1175296.950,TO_CENTER,2.61,32.16,133.46,0,1500,1678,CENTER
1175296.970,TO_CENTER,2.61,32.16,133.46,0,1500,1678,CENTER
1175296.991,TO_CENTER,2.61,32.16,133.46,0,1500,1678,CENTER
1175297.012,TO_CENTER,2.61,32.16,133.46,0,1500,1678,CENTER
1175297.033,TO_CENTER,2.61,32.16,133.46,0,1500,1678,CENTER
1175297.053,TO_CENTER,2.61,32.16,133.46,0,1500,1678,CENTER
1175297.074,TO_CENTER,2.61,32.16,133.46,0,1500,1678,CENTER
1175297.094,TO_CENTER,2.61,32.16,133.46,0,1500,1678,CENTER
1175297.115,TO_CENTER,2.61,32.16,133.46,0,1500,1678,CENTER
1175297.135,TO_CENTER,2.61,32.16,133.46,0,1500,1678,CENTER
1175297.155,TO_CENTER,2.61,32.16,133.46,0,1500,1678,CENTER
1175297.176,TO_CENTER,2.61,32.16,133.46,0,1500,1678,CENTER
1175297.197,TO_CENTER,2.61,32.16,133.46,0,1500,1678,CENTER
1175297.217,TO_CENTER,2.61,32.16,133.46,0,1500,1678,CENTER
1175297.238,TO_CENTER,2.61,32.16,133.46,0,1500,1678,CENTER
1175297.258,TO_CENTER,2.61,32.16,133.46,0,1500,1678,CENTER
1175297.279,TO_CENTER,2.61,32.16,133.46,0,1500,1678,CENTER
1175297.299,TO_CENTER,2.61,32.16,133.46,0,1500,1678,CENTER
1175297.320,TO_CENTER,2.61,32.16,133.46,0,1500,1678,CENTER
1175297.340,TO_CENTER,2.61,32.16,133.46,0,1500,1678,CENTER
1175297.360,TO_CENTER,2.61,32.16,133.46,0,1500,1678,CENTER
1175297.381,TO_CENTER,2.61,32.16,133.46,0,1500,1678,CENTER
1175297.402,TO_CENTER,2.61,32.16,133.46,0,1500,1678,CENTER
1175297.423,TO_CENTER,2.61,32.16,133.46,0,1500,1678,CENTER
1175297.444,TO_CENTER,2.61,32.16,133.46,0,1500,1678,CENTER
1175297.465,TO_CENTER,2.61,32.16,133.46,0,1500,1678,CENTER
1175297.485,TO_CENTER,2.61,32.16,133.46,0,1500,1678,CENTER
1175297.506,TO_CENTER,2.61,32.16,133.46,0,1500,1678,CENTER
1175297.526,TO_CENTER,2.61,32.16,133.46,0,1500,1678,CENTER
1175297.547,TO_CENTER,2.61,32.16,133.46,0,1500,1678,CENTER
1175297.567,TO_CENTER,2.61,32.16,133.46,0,1500,1678,CENTER
1175297.588,TO_CENTER,2.61,32.16,133.46,0,1500,1678,CENTER
1175297.608,TO_CENTER,2.61,32.16,133.46,0,1500,1678,CENTER
1175297.629,TO_CENTER,2.61,32.16,133.46,0,1500,1678,CENTER
1175297.649,TO_CENTER,2.61,32.16,133.46,0,1500,1678,CENTER
1175297.670,TO_CENTER,2.61,32.16,133.46,0,1500,1678,CENTER
1175297.690,TO_CENTER,2.61,32.16,133.46,0,1500,1678,CENTER
1175297.710,TO_CENTER,2.61,32.16,133.46,0,1500,1678,CENTER
1175297.731,TO_CENTER,2.61,32.16,133.46,0,1500,1678,CENTER
1175297.751,TO_CENTER,2.61,32.16,133.46,0,1500,1678,CENTER
1175297.772,TO_CENTER,2.61,32.16,133.46,0,1500,1678,CENTER
1175297.792,TO_CENTER,2.61,32.16,133.46,0,1500,1678,CENTER
1175297.813,TO_CENTER,2.61,32.16,133.46,0,1500,1678,CENTER
1175297.833,TO_CENTER,2.61,32.16,133.46,0,1500,1678,CENTER
1175297.854,TO_CENTER,2.61,32.16,133.46,0,1500,1678,CENTER
1175297.875,TO_CENTER,2.61,32.16,133.46,0,1500,1678,CENTER
1175297.895,TO_CENTER,2.61,32.16,133.46,0,1500,1678,CENTER
1175297.916,TO_CENTER,2.61,32.16,133.46,0,1500,1678,CENTER
1175297.936,TO_CENTER,2.61,32.16,133.46,0,1500,1678,CENTER
1175297.957,TO_CENTER,2.61,32.16,133.46,0,1500,1678,CENTER
1175297.977,TO_CENTER,2.61,32.16,133.46,0,1500,1678,CENTER
1175297.998,TO_CENTER,2.61,32.16,133.46,0,1500,1678,CENTER
1175298.018,TO_CENTER,2.61,32.16,133.46,0,1500,1678,CENTER
1175298.039,TO_CENTER,2.61,32.16,133.46,0,1500,1678,CENTER
1175298.059,TO_CENTER,2.61,32.16,133.46,0,1500,1678,CENTER
1175298.079,TO_CENTER,2.61,32.16,133.46,0,1500,1678,CENTER
1175298.100,TO_CENTER,2.61,32.16,133.46,0,1500,1678,CENTER
1175298.120,TO_CENTER,2.61,32.16,133.46,0,1500,1678,CENTER
1175298.140,TO_CENTER,2.61,32.16,133.46,0,1500,1678,CENTER
1175298.161,TO_CENTER,2.61,32.16,133.46,0,1500,1678,CENTER
1175298.181,TO_CENTER,2.61,32.16,133.46,0,1500,1678,CENTER
1175298.202,TO_CENTER,2.61,32.16,133.46,0,1500,1678,CENTER
1175298.223,TO_CENTER,2.61,32.16,133.46,0,1500,1678,CENTER
1175298.243,TO_CENTER,2.61,32.16,133.46,0,1500,1678,CENTER
1175298.263,TO_CENTER,2.61,32.16,133.46,0,1500,1678,CENTER
1175298.283,TO_CENTER,2.61,32.16,133.46,0,1500,1678,CENTER
1175298.304,TO_CENTER,2.61,32.16,133.46,0,1500,1678,CENTER
1175298.325,TO_CENTER,2.61,32.16,133.46,0,1500,1678,CENTER
1175298.345,TO_CENTER,2.61,32.16,133.46,0,1500,1678,CENTER
1175298.365,TO_CENTER,2.61,32.16,133.46,0,1500,1678,CENTER
1175298.386,TO_CENTER,2.61,32.16,133.46,0,1500,1678,CENTER
1175298.407,TO_CENTER,2.61,32.16,133.46,0,1500,1678,CENTER
1175298.427,TO_CENTER,2.61,32.16,133.46,0,1500,1678,CENTER
1175298.447,TO_CENTER,2.61,32.16,133.46,0,1500,1678,CENTER
1175298.468,TO_CENTER,2.61,32.16,133.46,0,1500,1678,CENTER
1175298.488,TO_CENTER,2.61,32.16,133.46,0,1500,1678,CENTER
1175298.509,TO_CENTER,2.61,32.16,133.46,0,1500,1678,CENTER
1175298.529,TO_CENTER,2.61,32.16,133.46,0,1500,1678,CENTER
1175298.550,TO_CENTER,2.61,32.16,133.46,0,1500,1678,CENTER
1175298.570,TO_CENTER,2.61,32.16,133.46,0,1500,1678,CENTER
1175298.591,TO_CENTER,2.61,32.16,133.46,0,1500,1678,CENTER
1175298.611,TO_CENTER,2.61,32.16,133.46,0,1500,1678,CENTER
1175298.632,TO_CENTER,2.61,32.16,133.46,0,1500,1678,CENTER
1175298.652,TO_CENTER,2.61,32.16,133.46,0,1500,1678,CENTER
1175298.673,TO_CENTER,2.61,32.16,133.46,0,1500,1678,CENTER
1175298.693,TO_CENTER,2.61,32.16,133.46,0,1500,1678,CENTER
1175298.714,TO_CENTER,2.61,32.16,133.46,0,1500,1678,CENTER
1175298.734,TO_CENTER,2.61,32.16,133.46,0,1500,1678,CENTER
1175298.755,TO_CENTER,2.61,32.16,133.46,0,1500,1678,CENTER
1175298.775,TO_CENTER,2.61,32.16,133.46,0,1500,1678,CENTER
1175298.796,TO_CENTER,2.61,32.16,133.46,0,1500,1678,CENTER
1175298.816,TO_CENTER,2.61,32.16,133.46,0,1500,1678,CENTER
1175298.836,TO_CENTER,2.61,32.16,133.46,0,1500,1678,CENTER
1175298.857,TO_CENTER,2.61,32.16,133.46,0,1500,1678,CENTER
1175298.877,TO_CENTER,2.61,32.16,133.46,0,1500,1678,CENTER
1175298.897,TO_CENTER,2.61,32.16,133.46,0,1500,1678,CENTER
1175298.917,TO_CENTER,2.61,32.16,133.46,0,1500,1678,CENTER
1175298.938,TO_CENTER,2.61,32.16,133.46,0,1500,1678,CENTER
1175298.958,TO_CENTER,2.61,32.16,133.46,0,1500,1678,CENTER
1175298.978,TO_CENTER,2.61,32.16,133.46,0,1500,1678,CENTER
1175298.999,TO_CENTER,2.61,32.16,133.46,0,1500,1678,CENTER
1175299.019,TO_CENTER,2.61,32.16,133.46,0,1500,1678,CENTER
1175299.040,TO_CENTER,2.61,32.16,133.46,0,1500,1678,CENTER
1175299.060,TO_CENTER,2.61,32.16,133.46,0,1500,1678,CENTER
1175299.081,TO_CENTER,2.61,32.16,133.46,0,1500,1678,CENTER
1175299.101,TO_CENTER,2.61,32.16,133.46,0,1500,1678,CENTER
1175299.122,TO_CENTER,2.61,32.16,133.46,0,1500,1678,CENTER
1175299.142,TO_CENTER,2.61,32.16,133.46,0,1500,1678,CENTER
1175299.163,TO_CENTER,2.61,32.16,133.46,0,1500,1678,CENTER
1175299.183,TO_CENTER,2.61,32.16,133.46,0,1500,1678,CENTER
1175299.204,TO_CENTER,2.61,32.16,133.46,0,1500,1678,CENTER
1175299.224,TO_CENTER,2.61,32.16,133.46,0,1500,1678,CENTER
1175299.245,TO_CENTER,2.61,32.16,133.46,0,1500,1678,CENTER
1175299.266,TO_CENTER,2.61,32.16,133.46,0,1500,1678,CENTER
1175299.286,TO_CENTER,2.61,32.16,133.46,0,1500,1678,CENTER
1175299.306,TO_CENTER,2.61,32.16,133.46,0,1500,1678,CENTER
1175299.327,TO_CENTER,2.61,32.16,133.46,0,1500,1678,CENTER
1175299.348,TO_CENTER,2.61,32.16,133.46,0,1500,1678,CENTER
1175299.368,TO_CENTER,2.61,32.16,133.46,0,1500,1678,CENTER
1175299.389,TO_CENTER,2.61,32.16,133.46,0,1500,1678,CENTER
1175299.409,TO_CENTER,2.61,32.16,133.46,0,1500,1678,CENTER
1175299.430,TO_CENTER,2.61,32.16,133.46,0,1500,1678,CENTER
1175299.451,TO_CENTER,2.61,32.16,133.46,0,1500,1678,CENTER
1175299.471,TO_CENTER,2.61,32.16,133.46,0,1500,1678,CENTER
1175299.492,TO_CENTER,2.61,32.16,133.46,0,1500,1678,CENTER
1175299.512,TO_CENTER,2.61,32.16,133.46,0,1500,1678,CENTER
1175299.533,TO_CENTER,2.61,32.16,133.46,0,1500,1678,CENTER
1175299.553,TO_CENTER,2.61,32.16,133.46,0,1500,1678,CENTER
1175299.574,TO_CENTER,2.61,32.16,133.46,0,1500,1678,CENTER
1175299.594,TO_CENTER,2.61,32.16,133.46,0,1500,1678,CENTER
1175299.615,TO_CENTER,2.61,32.16,133.46,0,1500,1678,CENTER
1175299.635,TO_CENTER,2.61,32.16,133.46,0,1500,1678,CENTER
1175299.656,TO_CENTER,2.61,32.16,133.46,0,1500,1678,CENTER
1175299.677,TO_CENTER,2.61,32.16,133.46,0,1500,1678,CENTER
1175299.697,TO_CENTER,2.61,32.16,133.46,0,1500,1678,CENTER
1175299.718,TO_CENTER,2.61,32.16,133.46,0,1500,1678,CENTER
1175299.738,TO_CENTER,2.61,32.16,133.46,0,1500,1678,CENTER
1175299.758,TO_CENTER,2.61,32.16,133.46,0,1500,1678,CENTER
1175299.779,TO_CENTER,2.61,32.16,133.46,0,1500,1678,CENTER
1175299.799,TO_CENTER,2.61,32.16,133.46,0,1500,1678,CENTER
1175299.819,TO_CENTER,2.61,32.16,133.46,0,1500,1678,CENTER
1175299.840,TO_CENTER,2.61,32.16,133.46,0,1500,1678,CENTER
1175299.860,TO_CENTER,2.61,32.16,133.46,0,1500,1678,CENTER
1175299.881,TO_CENTER,2.61,32.16,133.46,0,1500,1678,CENTER
1175299.901,TO_CENTER,2.61,32.16,133.46,0,1500,1678,CENTER
1175299.922,TO_CENTER,2.61,32.16,133.46,0,1500,1678,CENTER
1175299.942,TO_CENTER,2.61,32.16,133.46,0,1500,1678,CENTER
1175299.962,TO_CENTER,2.61,32.16,133.46,0,1500,1678,CENTER
1175299.983,TO_CENTER,2.61,32.16,133.46,0,1500,1678,CENTER
1175300.004,TO_CENTER,2.61,32.16,133.46,0,1500,1678,CENTER
1175300.024,TO_CENTER,2.61,32.16,133.46,0,1500,1678,CENTER
1175300.045,TO_CENTER,2.61,32.16,133.46,0,1500,1678,CENTER
1175300.066,TO_CENTER,2.61,32.16,133.46,0,1500,1678,CENTER
1175300.086,TO_CENTER,2.61,32.16,133.46,0,1500,1678,CENTER
1175300.106,TO_CENTER,2.61,32.16,133.46,0,1500,1678,CENTER
1175300.128,TO_CENTER,2.61,32.16,133.46,0,1500,1678,CENTER
1175300.148,TO_CENTER,2.61,32.16,133.46,0,1500,1678,CENTER
1175300.169,TO_CENTER,2.61,32.16,133.46,0,1500,1678,CENTER
1175300.189,TO_CENTER,2.61,32.16,133.46,0,1500,1678,CENTER
1175300.209,TO_CENTER,2.61,32.16,133.46,0,1500,1678,CENTER
1175300.230,TO_CENTER,2.61,32.16,133.46,0,1500,1678,CENTER
1175300.250,TO_CENTER,2.61,32.16,133.46,0,1500,1678,CENTER
1175300.271,TO_CENTER,2.61,32.16,133.46,0,1500,1678,CENTER
1175300.291,TO_CENTER,2.61,32.16,133.46,0,1500,1678,CENTER
1175300.312,TO_CENTER,2.61,32.16,133.46,0,1500,1678,CENTER
1175300.332,TO_CENTER,2.61,32.16,133.46,0,1500,1678,CENTER
1175300.353,TO_CENTER,2.61,32.16,133.46,0,1500,1678,CENTER
1175300.373,TO_CENTER,2.61,32.16,133.46,0,1500,1678,CENTER
1175300.394,TO_CENTER,2.61,32.16,133.46,0,1500,1678,CENTER
1175300.414,TO_CENTER,2.61,32.16,133.46,0,1500,1678,CENTER
1175300.435,TO_CENTER,2.61,32.16,133.46,0,1500,1678,CENTER
1175300.455,TO_CENTER,2.61,32.16,133.46,0,1500,1678,CENTER
1175300.475,TO_CENTER,2.61,32.16,133.46,0,1500,1678,CENTER
1175300.496,TO_CENTER,2.61,32.16,133.46,0,1500,1678,CENTER
1175300.517,TO_CENTER,2.61,32.16,133.46,0,1500,1678,CENTER
1175300.537,TO_CENTER,2.61,32.16,133.46,0,1500,1678,CENTER
1175300.558,TO_CENTER,2.61,32.16,133.46,0,1500,1678,CENTER
1175300.578,TO_CENTER,2.61,32.16,133.46,0,1500,1678,CENTER
1175300.599,TO_CENTER,2.61,32.16,133.46,0,1500,1678,CENTER
1175300.619,TO_CENTER,2.61,32.16,133.46,0,1500,1678,CENTER
1175300.640,TO_CENTER,2.61,32.16,133.46,0,1500,1678,CENTER
1175300.660,TO_CENTER,2.61,32.16,133.46,0,1500,1678,CENTER
1175300.681,TO_CENTER,2.61,32.16,133.46,0,1500,1678,CENTER
1175300.701,TO_CENTER,2.61,32.16,133.46,0,1500,1678,CENTER
1175300.722,TO_CENTER,2.61,32.16,133.46,0,1500,1678,CENTER
1175300.742,TO_CENTER,2.61,32.16,133.46,0,1500,1678,CENTER
1175300.762,TO_CENTER,2.61,32.16,133.46,0,1500,1678,CENTER
1175300.783,TO_CENTER,2.61,32.16,133.46,0,1500,1678,CENTER
1175300.803,TO_CENTER,2.61,32.16,133.46,0,1500,1678,CENTER
1175300.823,TO_CENTER,2.61,32.16,133.46,0,1500,1678,CENTER
1175300.844,TO_CENTER,2.61,32.16,133.46,0,1500,1678,CENTER
1175300.864,TO_CENTER,2.61,32.16,133.46,0,1500,1678,CENTER
1175300.885,TO_CENTER,2.61,32.16,133.46,0,1500,1678,CENTER
1175300.905,TO_CENTER,2.61,32.16,133.46,0,1500,1678,CENTER
1175300.925,TO_CENTER,2.61,32.16,133.46,0,1500,1678,CENTER
1175300.946,TO_CENTER,2.61,32.16,133.46,0,1500,1678,CENTER
1175300.966,TO_CENTER,2.61,32.16,133.46,0,1500,1678,CENTER
1175300.987,TO_CENTER,2.61,32.16,133.46,0,1500,1678,CENTER
1175301.007,TO_CENTER,2.61,32.16,133.46,0,1500,1678,CENTER
1175301.028,TO_CENTER,2.61,32.16,133.46,0,1500,1678,CENTER
1175301.048,TO_CENTER,2.61,32.16,133.46,0,1500,1678,CENTER
1175301.069,TO_CENTER,2.61,32.16,133.46,0,1500,1678,CENTER
1175301.089,TO_CENTER,2.61,32.16,133.46,0,1500,1678,CENTER
1175301.110,TO_CENTER,2.61,32.16,133.46,0,1500,1678,CENTER
1175301.130,TO_CENTER,2.61,32.16,133.46,0,1500,1678,CENTER
1175301.150,TO_CENTER,2.61,32.16,133.46,0,1500,1678,CENTER
1175301.171,TO_CENTER,2.61,32.16,133.46,0,1500,1678,CENTER
1175301.191,TO_CENTER,2.61,32.16,133.46,0,1500,1678,CENTER
1175301.212,TO_CENTER,2.61,32.16,133.46,0,1500,1678,CENTER
1175301.232,TO_CENTER,2.61,32.16,133.46,0,1500,1678,CENTER
1175301.253,TO_CENTER,2.61,32.16,133.46,0,1500,1678,CENTER
1175301.273,TO_CENTER,2.61,32.16,133.46,0,1500,1678,CENTER
1175301.294,TO_CENTER,2.61,32.16,133.46,0,1500,1678,CENTER
1175301.314,TO_CENTER,2.61,32.16,133.46,0,1500,1678,CENTER
1175301.334,TO_CENTER,2.61,32.16,133.46,0,1500,1678,CENTER
1175301.355,TO_CENTER,2.61,32.16,133.46,0,1500,1678,CENTER
1175301.375,TO_CENTER,2.61,32.16,133.46,0,1500,1678,CENTER
1175301.396,TO_CENTER,2.61,32.16,133.46,0,1500,1678,CENTER
1175301.416,TO_CENTER,2.61,32.16,133.46,0,1500,1678,CENTER
1175301.437,TO_CENTER,2.61,32.16,133.46,0,1500,1678,CENTER
1175301.457,TO_CENTER,2.61,32.16,133.46,0,1500,1678,CENTER
1175301.478,TO_CENTER,2.61,32.16,133.46,0,1500,1678,CENTER
1175301.498,TO_CENTER,2.61,32.16,133.46,0,1500,1678,CENTER
1175301.519,TO_CENTER,2.61,32.16,133.46,0,1500,1678,CENTER
1175301.539,TO_CENTER,2.61,32.16,133.46,0,1500,1678,CENTER
1175301.560,TO_CENTER,2.61,32.16,133.46,0,1500,1678,CENTER
1175301.580,TO_CENTER,2.61,32.16,133.46,0,1500,1678,CENTER
1175301.601,TO_CENTER,2.61,32.16,133.46,0,1500,1678,CENTER
1175301.621,TO_CENTER,2.61,32.16,133.46,0,1500,1678,CENTER
1175301.642,TO_CENTER,2.61,32.16,133.46,0,1500,1678,CENTER
1175301.662,TO_CENTER,2.61,32.16,133.46,0,1500,1678,CENTER
1175301.683,TO_CENTER,2.61,32.16,133.46,0,1500,1678,CENTER
1175301.704,TO_CENTER,2.61,32.16,133.46,0,1500,1678,CENTER
1175301.724,TO_CENTER,2.61,32.16,133.46,0,1500,1678,CENTER
1175301.744,TO_CENTER,2.61,32.16,133.46,0,1500,1678,CENTER
1175301.765,TO_CENTER,2.61,32.16,133.46,0,1500,1678,CENTER
1175301.785,TO_CENTER,2.61,32.16,133.46,0,1500,1678,CENTER
1175301.805,TO_CENTER,2.61,32.16,133.46,0,1500,1678,CENTER
1175301.826,TO_CENTER,2.61,32.16,133.46,0,1500,1678,CENTER
1175301.846,TO_CENTER,2.61,32.16,133.46,0,1500,1678,CENTER
1175301.867,TO_CENTER,2.61,32.16,133.46,0,1500,1678,CENTER
1175301.887,TO_CENTER,2.61,32.16,133.46,0,1500,1678,CENTER
1175301.907,TO_CENTER,2.61,32.16,133.46,0,1500,1678,CENTER
1175301.928,TO_CENTER,2.61,32.16,133.46,0,1500,1678,CENTER
1175301.948,TO_CENTER,2.61,32.16,133.46,0,1500,1678,CENTER
1175301.970,TO_CENTER,2.61,32.16,133.46,0,1500,1678,CENTER
1175301.990,TO_CENTER,2.61,32.16,133.46,0,1500,1678,CENTER
1175302.011,TO_CENTER,2.61,32.16,133.46,0,1500,1678,CENTER
1175302.031,TO_CENTER,2.61,32.16,133.46,0,1500,1678,CENTER
1175302.052,TO_CENTER,2.61,32.16,133.46,0,1500,1678,CENTER
1175302.072,TO_CENTER,2.61,32.16,133.46,0,1500,1678,CENTER
1175302.092,TO_CENTER,2.61,32.16,133.46,0,1500,1678,CENTER
1175302.113,TO_CENTER,2.61,32.16,133.46,0,1500,1678,CENTER
1175302.133,TO_CENTER,2.61,32.16,133.46,0,1500,1678,CENTER
1175302.154,TO_CENTER,2.61,32.16,133.46,0,1500,1678,CENTER
1175302.174,TO_CENTER,2.61,32.16,133.46,0,1500,1678,CENTER
1175302.194,TO_CENTER,2.61,32.16,133.46,0,1500,1678,CENTER
1175302.214,TO_CENTER,2.61,32.16,133.46,0,1500,1678,CENTER
1175302.236,TO_CENTER,2.61,32.16,133.46,0,1500,1678,CENTER
1175302.256,TO_CENTER,2.61,32.16,133.46,0,1500,1678,CENTER
1175302.276,TO_CENTER,2.61,32.16,133.46,0,1500,1678,CENTER
1175302.296,TO_CENTER,2.61,32.16,133.46,0,1500,1678,CENTER
1175302.317,TO_CENTER,2.61,32.16,133.46,0,1500,1678,CENTER
1175302.337,TO_CENTER,2.61,32.16,133.46,0,1500,1678,CENTER
1175302.358,TO_CENTER,2.61,32.16,133.46,0,1500,1678,CENTER
1175302.378,TO_CENTER,2.61,32.16,133.46,0,1500,1678,CENTER
1175302.399,TO_CENTER,2.61,32.16,133.46,0,1500,1678,CENTER
1175302.419,TO_CENTER,2.61,32.16,133.46,0,1500,1678,CENTER
1175302.440,TO_CENTER,2.61,32.16,133.46,0,1500,1678,CENTER
1175302.460,TO_CENTER,2.61,32.16,133.46,0,1500,1678,CENTER
1175302.481,TO_CENTER,2.61,32.16,133.46,0,1500,1678,CENTER
1175302.501,TO_CENTER,2.61,32.16,133.46,0,1500,1678,CENTER
1175302.522,TO_CENTER,2.61,32.16,133.46,0,1500,1678,CENTER
1175302.542,TO_CENTER,2.61,32.16,133.46,0,1500,1678,CENTER
1175302.564,TO_CENTER,2.61,32.16,133.46,0,1500,1678,CENTER
1175302.584,TO_CENTER,2.61,32.16,133.46,0,1500,1678,CENTER
1175302.604,TO_CENTER,2.61,32.16,133.46,0,1500,1678,CENTER
1175302.625,TO_CENTER,2.61,32.16,133.46,0,1500,1678,CENTER
1175302.645,TO_CENTER,2.61,32.16,133.46,0,1500,1678,CENTER
1175302.666,TO_CENTER,2.61,32.16,133.46,0,1500,1678,CENTER
1175302.686,TO_CENTER,2.61,32.16,133.46,0,1500,1678,CENTER
1175302.707,TO_CENTER,2.61,32.16,133.46,0,1500,1678,CENTER
1175302.727,TO_CENTER,2.61,32.16,133.46,0,1500,1678,CENTER
1175302.747,TO_CENTER,2.61,32.16,133.46,0,1500,1678,CENTER
1175302.768,TO_CENTER,2.61,32.16,133.46,0,1500,1678,CENTER
1175302.788,TO_CENTER,2.61,32.16,133.46,0,1500,1678,CENTER
1175302.809,TO_CENTER,2.61,32.16,133.46,0,1500,1678,CENTER
1175302.829,TO_CENTER,2.61,32.16,133.46,0,1500,1678,CENTER
1175302.850,TO_CENTER,2.61,32.16,133.46,0,1500,1678,CENTER
1175302.870,TO_CENTER,2.61,32.16,133.46,0,1500,1678,CENTER
1175302.891,TO_CENTER,2.61,32.16,133.46,0,1500,1678,CENTER
1175302.912,TO_CENTER,2.61,32.16,133.46,0,1500,1678,CENTER
1175302.932,TO_CENTER,2.61,32.16,133.46,0,1500,1678,CENTER
1175302.952,TO_CENTER,2.61,32.16,133.46,0,1500,1678,CENTER
1175302.972,TO_CENTER,2.61,32.16,133.46,0,1500,1678,CENTER
1175302.992,TO_CENTER,2.61,32.16,133.46,0,1500,1678,CENTER
1175303.013,TO_CENTER,2.61,32.16,133.46,0,1500,1678,CENTER
1175303.034,TO_CENTER,2.61,32.16,133.46,0,1500,1678,CENTER
1175303.054,TO_CENTER,2.61,32.16,133.46,0,1500,1678,CENTER
1175303.075,TO_CENTER,2.61,32.16,133.46,0,1500,1678,CENTER
1175303.095,TO_CENTER,2.61,32.16,133.46,0,1500,1678,CENTER
1175303.116,TO_CENTER,2.61,32.16,133.46,0,1500,1678,CENTER
1175303.136,TO_CENTER,2.61,32.16,133.46,0,1500,1678,CENTER
1175303.158,TO_CENTER,2.61,32.16,133.46,0,1500,1678,CENTER
1175303.178,TO_CENTER,2.61,32.16,133.46,0,1500,1678,CENTER
1175303.199,TO_CENTER,2.61,32.16,133.46,0,1500,1678,CENTER
1175303.219,TO_CENTER,2.61,32.16,133.46,0,1500,1678,CENTER
1175303.240,TO_CENTER,2.61,32.16,133.46,0,1500,1678,CENTER
1175303.260,TO_CENTER,2.61,32.16,133.46,0,1500,1678,CENTER
1175303.281,TO_CENTER,2.61,32.16,133.46,0,1500,1678,CENTER
1175303.301,TO_CENTER,2.61,32.16,133.46,0,1500,1678,CENTER
1175303.321,TO_CENTER,2.61,32.16,133.46,0,1500,1678,CENTER
1175303.342,TO_CENTER,2.61,32.16,133.46,0,1500,1678,CENTER
1175303.362,TO_CENTER,2.61,32.16,133.46,0,1500,1678,CENTER
1175303.383,TO_CENTER,2.61,32.16,133.46,0,1500,1678,CENTER
1175303.403,TO_CENTER,2.61,32.16,133.46,0,1500,1678,CENTER
1175303.424,TO_CENTER,2.61,32.16,133.46,0,1500,1678,CENTER
1175303.445,TO_CENTER,2.61,32.16,133.46,0,1500,1678,CENTER
1175303.465,TO_CENTER,2.61,32.16,133.46,0,1500,1678,CENTER
1175303.486,TO_CENTER,2.61,32.16,133.46,0,1500,1678,CENTER
1175303.506,TO_CENTER,2.61,32.16,133.46,0,1500,1678,CENTER
1175303.527,TO_CENTER,2.61,32.16,133.46,0,1500,1678,CENTER
1175303.547,TO_CENTER,2.61,32.16,133.46,0,1500,1678,CENTER
1175303.568,TO_CENTER,2.61,32.16,133.46,0,1500,1678,CENTER
1175303.588,TO_CENTER,2.61,32.16,133.46,0,1500,1678,CENTER
1175303.609,TO_CENTER,2.61,32.16,133.46,0,1500,1678,CENTER
1175303.630,TO_CENTER,2.61,32.16,133.46,0,1500,1678,CENTER
1175303.650,TO_CENTER,2.61,32.16,133.46,0,1500,1678,CENTER
1175303.671,TO_CENTER,2.61,32.16,133.46,0,1500,1678,CENTER
1175303.692,TO_CENTER,2.61,32.16,133.46,0,1500,1678,CENTER
1175303.712,TO_CENTER,2.61,32.16,133.46,0,1500,1678,CENTER
1175303.732,TO_CENTER,2.61,32.16,133.46,0,1500,1678,CENTER
1175303.753,TO_CENTER,2.61,32.16,133.46,0,1500,1678,CENTER
1175303.773,TO_CENTER,2.61,32.16,133.46,0,1500,1678,CENTER
1175303.794,TO_CENTER,2.61,32.16,133.46,0,1500,1678,CENTER
1175303.814,TO_CENTER,2.61,32.16,133.46,0,1500,1678,CENTER
1175303.835,TO_CENTER,2.61,32.16,133.46,0,1500,1678,CENTER
1175303.856,TO_CENTER,2.61,32.16,133.46,0,1500,1678,CENTER
1175303.876,TO_CENTER,2.61,32.16,133.46,0,1500,1678,CENTER
1175303.897,TO_CENTER,2.61,32.16,133.46,0,1500,1678,CENTER
1175303.917,TO_CENTER,2.61,32.16,133.46,0,1500,1678,CENTER
1175303.938,TO_CENTER,2.61,32.16,133.46,0,1500,1678,CENTER
1175303.959,TO_CENTER,2.61,32.16,133.46,0,1500,1678,CENTER
1175303.979,TO_CENTER,2.61,32.16,133.46,0,1500,1678,CENTER
1175304.000,TO_CENTER,2.61,32.16,133.46,0,1500,1678,CENTER
1175304.020,TO_CENTER,2.61,32.16,133.46,0,1500,1678,CENTER
1175304.041,TO_CENTER,2.61,32.16,133.46,0,1500,1678,CENTER
1175304.061,TO_CENTER,2.61,32.16,133.46,0,1500,1678,CENTER
1175304.082,TO_CENTER,2.61,32.16,133.46,0,1500,1678,CENTER
1175304.102,TO_CENTER,2.61,32.16,133.46,0,1500,1678,CENTER
1175304.123,TO_CENTER,2.61,32.16,133.46,0,1500,1678,CENTER
1175304.143,TO_CENTER,2.61,32.16,133.46,0,1500,1678,CENTER
1175304.164,TO_CENTER,2.61,32.16,133.46,0,1500,1678,CENTER
1175304.184,TO_CENTER,2.61,32.16,133.46,0,1500,1678,CENTER
1175304.205,TO_CENTER,2.61,32.16,133.46,0,1500,1678,CENTER
1175304.226,TO_CENTER,2.61,32.16,133.46,0,1500,1678,CENTER
1175304.246,TO_CENTER,2.61,32.16,133.46,0,1500,1678,CENTER
1175304.266,TO_CENTER,2.61,32.16,133.46,0,1500,1678,CENTER
1175304.287,TO_CENTER,2.61,32.16,133.46,0,1500,1678,CENTER
1175304.308,TO_CENTER,2.61,32.16,133.46,0,1500,1678,CENTER
1175304.328,TO_CENTER,2.61,32.16,133.46,0,1500,1678,CENTER
1175304.349,TO_CENTER,2.61,32.16,133.46,0,1500,1678,CENTER
1175304.370,TO_CENTER,2.61,32.16,133.46,0,1500,1678,CENTER
1175304.390,TO_CENTER,2.61,32.16,133.46,0,1500,1678,CENTER
1175304.411,TO_CENTER,2.61,32.16,133.46,0,1500,1678,CENTER
1175304.431,TO_CENTER,2.61,32.16,133.46,0,1500,1678,CENTER
1175304.451,TO_CENTER,2.61,32.16,133.46,0,1500,1678,CENTER
1175304.471,TO_CENTER,2.61,32.16,133.46,0,1500,1678,CENTER
1175304.492,TO_CENTER,2.61,32.16,133.46,0,1500,1678,CENTER
1175304.512,TO_CENTER,2.61,32.16,133.46,0,1500,1678,CENTER
1175304.533,TO_CENTER,2.61,32.16,133.46,0,1500,1678,CENTER
1175304.553,TO_CENTER,2.61,32.16,133.46,0,1500,1678,CENTER
1175304.574,TO_CENTER,2.61,32.16,133.46,0,1500,1678,CENTER
1175304.594,TO_CENTER,2.61,32.16,133.46,0,1500,1678,CENTER
1175304.615,TO_CENTER,2.61,32.16,133.46,0,1500,1678,CENTER
1175304.635,TO_CENTER,2.61,32.16,133.46,0,1500,1678,CENTER
1175304.655,TO_CENTER,2.61,32.16,133.46,0,1500,1678,CENTER
1175304.675,TO_CENTER,2.61,32.16,133.46,0,1500,1678,CENTER
1175304.696,TO_CENTER,2.61,32.16,133.46,0,1500,1678,CENTER
1175304.716,TO_CENTER,2.61,32.16,133.46,0,1500,1678,CENTER
1175304.736,TO_CENTER,2.61,32.16,133.46,0,1500,1678,CENTER
1175304.757,TO_CENTER,2.61,32.16,133.46,0,1500,1678,CENTER
1175304.777,TO_CENTER,2.61,32.16,133.46,0,1500,1678,CENTER
1175304.798,TO_CENTER,2.61,32.16,133.46,0,1500,1678,CENTER
1175304.819,TO_CENTER,2.61,32.16,133.46,0,1500,1678,CENTER
1175304.839,TO_CENTER,2.61,32.16,133.46,0,1500,1678,CENTER
1175304.860,TO_CENTER,2.61,32.16,133.46,0,1500,1678,CENTER
1175304.880,TO_CENTER,2.61,32.16,133.46,0,1500,1678,CENTER
1175304.901,TO_CENTER,2.61,32.16,133.46,0,1500,1678,CENTER
1175304.921,TO_CENTER,2.61,32.16,133.46,0,1500,1678,CENTER
1175304.942,TO_CENTER,2.61,32.16,133.46,0,1500,1678,CENTER
1175304.963,TO_CENTER,2.61,32.16,133.46,0,1500,1678,CENTER
1175304.983,TO_CENTER,2.61,32.16,133.46,0,1500,1678,CENTER
1175305.003,TO_CENTER,2.61,32.16,133.46,0,1500,1678,CENTER
1175305.024,TO_CENTER,2.61,32.16,133.46,0,1500,1678,CENTER
1175305.044,TO_CENTER,2.61,32.16,133.46,0,1500,1678,CENTER
1175305.065,TO_CENTER,2.61,32.16,133.46,0,1500,1678,CENTER
1175305.085,TO_CENTER,2.61,32.16,133.46,0,1500,1678,CENTER
1175305.106,TO_CENTER,2.61,32.16,133.46,0,1500,1678,CENTER
1175305.126,TO_CENTER,2.61,32.16,133.46,0,1500,1678,CENTER
1175305.147,TO_CENTER,2.61,32.16,133.46,0,1500,1678,CENTER
1175305.167,TO_CENTER,2.61,32.16,133.46,0,1500,1678,CENTER
1175305.187,TO_CENTER,2.61,32.16,133.46,0,1500,1678,CENTER
1175305.208,TO_CENTER,2.61,32.16,133.46,0,1500,1678,CENTER
1175305.228,TO_CENTER,2.61,32.16,133.46,0,1500,1678,CENTER
1175305.249,TO_CENTER,2.61,32.16,133.46,0,1500,1678,CENTER
1175305.269,TO_CENTER,2.61,32.16,133.46,0,1500,1678,CENTER
1175305.290,TO_CENTER,2.61,32.16,133.46,0,1500,1678,CENTER
1175305.310,TO_CENTER,2.61,32.16,133.46,0,1500,1678,CENTER
1175305.331,TO_CENTER,2.61,32.16,133.46,0,1500,1678,CENTER
1175305.351,TO_CENTER,2.61,32.16,133.46,0,1500,1678,CENTER
1175305.371,TO_CENTER,2.61,32.16,133.46,0,1500,1678,CENTER
1175305.392,TO_CENTER,2.61,32.16,133.46,0,1500,1678,CENTER
1175305.413,TO_CENTER,2.61,32.16,133.46,0,1500,1678,CENTER
1175305.433,TO_CENTER,2.61,32.16,133.46,0,1500,1678,CENTER
1175305.453,TO_CENTER,2.61,32.16,133.46,0,1500,1678,CENTER
1175305.473,TO_CENTER,2.61,32.16,133.46,0,1500,1678,CENTER
1175305.494,TO_CENTER,2.61,32.16,133.46,0,1500,1678,CENTER
1175305.514,TO_CENTER,2.61,32.16,133.46,0,1500,1678,CENTER
1175305.535,TO_CENTER,2.61,32.16,133.46,0,1500,1678,CENTER
1175305.555,TO_CENTER,2.61,32.16,133.46,0,1500,1678,CENTER
1175305.575,TO_CENTER,2.61,32.16,133.46,0,1500,1678,CENTER
1175305.596,TO_CENTER,2.61,32.16,133.46,0,1500,1678,CENTER
1175305.617,TO_CENTER,2.61,32.16,133.46,0,1500,1678,CENTER
1175305.637,TO_CENTER,2.61,32.16,133.46,0,1500,1678,CENTER
1175305.657,TO_CENTER,2.61,32.16,133.46,0,1500,1678,CENTER
1175305.677,TO_CENTER,2.61,32.16,133.46,0,1500,1678,CENTER
1175305.698,TO_CENTER,2.61,32.16,133.46,0,1500,1678,CENTER
1175305.719,TO_CENTER,2.61,32.16,133.46,0,1500,1678,CENTER
1175305.739,TO_CENTER,2.61,32.16,133.46,0,1500,1678,CENTER
1175305.760,TO_CENTER,2.61,32.16,133.46,0,1500,1678,CENTER
1175305.780,TO_CENTER,2.61,32.16,133.46,0,1500,1678,CENTER
1175305.801,TO_CENTER,2.61,32.16,133.46,0,1500,1678,CENTER
1175305.821,TO_CENTER,2.61,32.16,133.46,0,1500,1678,CENTER
1175305.842,TO_CENTER,2.61,32.16,133.46,0,1500,1678,CENTER
1175305.862,TO_CENTER,2.61,32.16,133.46,0,1500,1678,CENTER
1175305.883,TO_CENTER,2.61,32.16,133.46,0,1500,1678,CENTER
1175305.903,TO_CENTER,2.61,32.16,133.46,0,1500,1678,CENTER
1175305.924,TO_CENTER,2.61,32.16,133.46,0,1500,1678,CENTER
1175305.944,TO_CENTER,2.61,32.16,133.46,0,1500,1678,CENTER
1175305.965,TO_CENTER,2.61,32.16,133.46,0,1500,1678,CENTER
1175305.985,TO_CENTER,2.61,32.16,133.46,0,1500,1678,CENTER
1175306.006,TO_CENTER,2.61,32.16,133.46,0,1500,1678,CENTER
1175306.026,TO_CENTER,2.61,32.16,133.46,0,1500,1678,CENTER
1175306.047,TO_CENTER,2.61,32.16,133.46,0,1500,1678,CENTER
1175306.067,TO_CENTER,2.61,32.16,133.46,0,1500,1678,CENTER
1175306.087,TO_CENTER,2.61,32.16,133.46,0,1500,1678,CENTER
1175306.108,TO_CENTER,2.61,32.16,133.46,0,1500,1678,CENTER
1175306.128,TO_CENTER,2.61,32.16,133.46,0,1500,1678,CENTER
1175306.149,TO_CENTER,2.61,32.16,133.46,0,1500,1678,CENTER
1175306.170,TO_CENTER,2.61,32.16,133.46,0,1500,1678,CENTER
1175306.190,TO_CENTER,2.61,32.16,133.46,0,1500,1678,CENTER
1175306.211,TO_CENTER,2.61,32.16,133.46,0,1500,1678,CENTER
1175306.231,TO_CENTER,2.61,32.16,133.46,0,1500,1678,CENTER
1175306.252,TO_CENTER,2.61,32.16,133.46,0,1500,1678,CENTER
1175306.272,TO_CENTER,2.61,32.16,133.46,0,1500,1678,CENTER
1175306.292,TO_CENTER,2.61,32.16,133.46,0,1500,1678,CENTER
1175306.312,TO_CENTER,2.61,32.16,133.46,0,1500,1678,CENTER
1175306.333,TO_CENTER,2.61,32.16,133.46,0,1500,1678,CENTER
1175306.353,TO_CENTER,2.61,32.16,133.46,0,1500,1678,CENTER
1175306.374,TO_CENTER,2.61,32.16,133.46,0,1500,1678,CENTER
1175306.394,TO_CENTER,2.61,32.16,133.46,0,1500,1678,CENTER
1175306.416,TO_CENTER,2.61,32.16,133.46,0,1500,1678,CENTER
1175306.436,TO_CENTER,2.61,32.16,133.46,0,1500,1678,CENTER
1175306.457,TO_CENTER,2.61,32.16,133.46,0,1500,1678,CENTER
1175306.477,TO_CENTER,2.61,32.16,133.46,0,1500,1678,CENTER
1175306.497,TO_CENTER,2.61,32.16,133.46,0,1500,1678,CENTER
1175306.517,TO_CENTER,2.61,32.16,133.46,0,1500,1678,CENTER
1175306.538,TO_CENTER,2.61,32.16,133.46,0,1500,1678,CENTER
1175306.558,TO_CENTER,2.61,32.16,133.46,0,1500,1678,CENTER
1175306.579,TO_CENTER,2.61,32.16,133.46,0,1500,1678,CENTER
1175306.599,TO_CENTER,2.61,32.16,133.46,0,1500,1678,CENTER
1175306.620,TO_CENTER,2.61,32.16,133.46,0,1500,1678,CENTER
1175306.640,TO_CENTER,2.61,32.16,133.46,0,1500,1678,CENTER
1175306.661,TO_CENTER,2.61,32.16,133.46,0,1500,1678,CENTER
1175306.682,TO_CENTER,2.61,32.16,133.46,0,1500,1678,CENTER
1175306.702,TO_CENTER,2.61,32.16,133.46,0,1500,1678,CENTER
1175306.722,TO_CENTER,2.61,32.16,133.46,0,1500,1678,CENTER
1175306.743,TO_CENTER,2.61,32.16,133.46,0,1500,1678,CENTER
1175306.764,TO_CENTER,2.61,32.16,133.46,0,1500,1678,CENTER
1175306.784,TO_CENTER,2.61,32.16,133.46,0,1500,1678,CENTER
1175306.805,TO_CENTER,2.61,32.16,133.46,0,1500,1678,CENTER
1175306.826,TO_CENTER,2.61,32.16,133.46,0,1500,1678,CENTER
1175306.846,TO_CENTER,2.61,32.16,133.46,0,1500,1678,CENTER
1175306.866,TO_CENTER,2.61,32.16,133.46,0,1500,1678,CENTER
1175306.887,TO_CENTER,2.61,32.16,133.46,0,1500,1678,CENTER
1175306.907,TO_CENTER,2.61,32.16,133.46,0,1500,1678,CENTER
1175306.928,TO_CENTER,2.61,32.16,133.46,0,1500,1678,CENTER
1175306.948,TO_CENTER,2.61,32.16,133.46,0,1500,1678,CENTER
1175306.969,TO_CENTER,2.61,32.16,133.46,0,1500,1678,CENTER
1175306.989,TO_CENTER,2.61,32.16,133.46,0,1500,1678,CENTER
1175307.010,TO_CENTER,2.61,32.16,133.46,0,1500,1678,CENTER
1175307.030,TO_CENTER,2.61,32.16,133.46,0,1500,1678,CENTER
1175307.051,TO_CENTER,2.61,32.16,133.46,0,1500,1678,CENTER
1175307.071,TO_CENTER,2.61,32.16,133.46,0,1500,1678,CENTER
1175307.092,TO_CENTER,2.61,32.16,133.46,0,1500,1678,CENTER
1175307.112,TO_CENTER,2.61,32.16,133.46,0,1500,1678,CENTER
1175307.133,TO_CENTER,2.61,32.16,133.46,0,1500,1678,CENTER
1175307.153,TO_CENTER,2.61,32.16,133.46,0,1500,1678,CENTER
1175307.174,TO_CENTER,2.61,32.16,133.46,0,1500,1678,CENTER
1175307.194,TO_CENTER,2.61,32.16,133.46,0,1500,1678,CENTER
1175307.215,TO_CENTER,2.61,32.16,133.46,0,1500,1678,CENTER
1175307.235,TO_CENTER,2.61,32.16,133.46,0,1500,1678,CENTER
1175307.256,TO_CENTER,2.61,32.16,133.46,0,1500,1678,CENTER
1175307.276,TO_CENTER,2.61,32.16,133.46,0,1500,1678,CENTER
1175307.297,TO_CENTER,2.61,32.16,133.46,0,1500,1678,CENTER
1175307.317,TO_CENTER,2.61,32.16,133.46,0,1500,1678,CENTER
1175307.338,TO_CENTER,2.61,32.16,133.46,0,1500,1678,CENTER
1175307.358,TO_CENTER,2.61,32.16,133.46,0,1500,1678,CENTER
1175307.379,TO_CENTER,2.61,32.16,133.46,0,1500,1678,CENTER
1175307.399,TO_CENTER,2.61,32.16,133.46,0,1500,1678,CENTER
1175307.420,TO_CENTER,2.61,32.16,133.46,0,1500,1678,CENTER
1175307.440,TO_CENTER,2.61,32.16,133.46,0,1500,1678,CENTER
1175307.461,TO_CENTER,2.61,32.16,133.46,0,1500,1678,CENTER
1175307.481,TO_CENTER,2.61,32.16,133.46,0,1500,1678,CENTER
1175307.502,TO_CENTER,2.61,32.16,133.46,0,1500,1678,CENTER
1175307.522,TO_CENTER,2.61,32.16,133.46,0,1500,1678,CENTER
1175307.543,TO_CENTER,2.61,32.16,133.46,0,1500,1678,CENTER
1175307.563,TO_CENTER,2.61,32.16,133.46,0,1500,1678,CENTER
1175307.584,TO_CENTER,2.61,32.16,133.46,0,1500,1678,CENTER
1175307.604,TO_CENTER,2.61,32.16,133.46,0,1500,1678,CENTER
1175307.625,TO_CENTER,2.61,32.16,133.46,0,1500,1678,CENTER
1175307.645,TO_CENTER,2.61,32.16,133.46,0,1500,1678,CENTER
1175307.666,TO_CENTER,2.61,32.16,133.46,0,1500,1678,CENTER
1175307.686,TO_CENTER,2.61,32.16,133.46,0,1500,1678,CENTER
1175307.707,TO_CENTER,2.61,32.16,133.46,0,1500,1678,CENTER
1175307.727,TO_CENTER,2.61,32.16,133.46,0,1500,1678,CENTER
1175307.748,TO_CENTER,2.61,32.16,133.46,0,1500,1678,CENTER
1175307.768,TO_CENTER,2.61,32.16,133.46,0,1500,1678,CENTER
1175307.789,TO_CENTER,2.61,32.16,133.46,0,1500,1678,CENTER
1175307.809,TO_CENTER,2.61,32.16,133.46,0,1500,1678,CENTER
1175307.830,TO_CENTER,2.61,32.16,133.46,0,1500,1678,CENTER
1175307.851,TO_CENTER,2.61,32.16,133.46,0,1500,1678,CENTER
1175307.871,TO_CENTER,2.61,32.16,133.46,0,1500,1678,CENTER
1175307.892,TO_CENTER,2.61,32.16,133.46,0,1500,1678,CENTER
1175307.913,TO_CENTER,2.61,32.16,133.46,0,1500,1678,CENTER
1175307.933,TO_CENTER,2.61,32.16,133.46,0,1500,1678,CENTER
1175307.954,TO_CENTER,2.61,32.16,133.46,0,1500,1678,CENTER
1175307.975,TO_CENTER,2.61,32.16,133.46,0,1500,1678,CENTER
1175307.995,TO_CENTER,2.61,32.16,133.46,0,1500,1678,CENTER
1175308.016,TO_CENTER,2.61,32.16,133.46,0,1500,1678,CENTER
1175308.036,TO_CENTER,2.61,32.16,133.46,0,1500,1678,CENTER
1175308.057,TO_CENTER,2.61,32.16,133.46,0,1500,1678,CENTER
1175308.077,TO_CENTER,2.61,32.16,133.46,0,1500,1678,CENTER
1175308.098,TO_CENTER,2.61,32.16,133.46,0,1500,1678,CENTER
1175308.118,TO_CENTER,2.61,32.16,133.46,0,1500,1678,CENTER
1175308.139,TO_CENTER,2.61,32.16,133.46,0,1500,1678,CENTER
1175308.159,TO_CENTER,2.61,32.16,133.46,0,1500,1678,CENTER
1175308.180,TO_CENTER,2.61,32.16,133.46,0,1500,1678,CENTER
1175308.200,TO_CENTER,2.61,32.16,133.46,0,1500,1678,CENTER
1175308.221,TO_CENTER,2.61,32.16,133.46,0,1500,1678,CENTER
1175308.241,TO_CENTER,2.61,32.16,133.46,0,1500,1678,CENTER
1175308.261,TO_CENTER,2.61,32.16,133.46,0,1500,1678,CENTER
1175308.282,TO_CENTER,2.61,32.16,133.46,0,1500,1678,CENTER
1175308.303,TO_CENTER,2.61,32.16,133.46,0,1500,1678,CENTER
1175308.323,TO_CENTER,2.61,32.16,133.46,0,1500,1678,CENTER
1175308.343,TO_CENTER,2.61,32.16,133.46,0,1500,1678,CENTER
1175308.364,TO_CENTER,2.61,32.16,133.46,0,1500,1678,CENTER
1175308.384,TO_CENTER,2.61,32.16,133.46,0,1500,1678,CENTER
1175308.405,TO_CENTER,2.61,32.16,133.46,0,1500,1678,CENTER
1175308.425,TO_CENTER,2.61,32.16,133.46,0,1500,1678,CENTER
1175308.446,TO_CENTER,2.61,32.16,133.46,0,1500,1678,CENTER
1175308.466,TO_CENTER,2.61,32.16,133.46,0,1500,1678,CENTER
1175308.487,TO_CENTER,2.61,32.16,133.46,0,1500,1678,CENTER
1175308.507,TO_CENTER,2.61,32.16,133.46,0,1500,1678,CENTER
1175308.528,TO_CENTER,2.61,32.16,133.46,0,1500,1678,CENTER
1175308.548,TO_CENTER,2.61,32.16,133.46,0,1500,1678,CENTER
1175308.569,TO_CENTER,2.61,32.16,133.46,0,1500,1678,CENTER
1175308.589,TO_CENTER,2.61,32.16,133.46,0,1500,1678,CENTER
1175308.610,TO_CENTER,2.61,32.16,133.46,0,1500,1678,CENTER
1175308.631,TO_CENTER,2.61,32.16,133.46,0,1500,1678,CENTER
1175308.651,TO_CENTER,2.61,32.16,133.46,0,1500,1678,CENTER
1175308.671,TO_CENTER,2.61,32.16,133.46,0,1500,1678,CENTER
1175308.692,TO_CENTER,2.61,32.16,133.46,0,1500,1678,CENTER
1175308.713,TO_CENTER,2.61,32.16,133.46,0,1500,1678,CENTER
1175308.733,TO_CENTER,2.61,32.16,133.46,0,1500,1678,CENTER
1175308.754,TO_CENTER,2.61,32.16,133.46,0,1500,1678,CENTER
1175308.774,TO_CENTER,2.61,32.16,133.46,0,1500,1678,CENTER
1175308.795,TO_CENTER,2.61,32.16,133.46,0,1500,1678,CENTER
1175308.815,TO_CENTER,2.61,32.16,133.46,0,1500,1678,CENTER
1175308.836,TO_CENTER,2.61,32.16,133.46,0,1500,1678,CENTER
1175308.857,TO_CENTER,2.61,32.16,133.46,0,1500,1678,CENTER
1175308.877,TO_CENTER,2.61,32.16,133.46,0,1500,1678,CENTER
1175308.898,TO_CENTER,2.61,32.16,133.46,0,1500,1678,CENTER
1175308.918,TO_CENTER,2.61,32.16,133.46,0,1500,1678,CENTER
1175308.938,TO_CENTER,2.61,32.16,133.46,0,1500,1678,CENTER
1175308.959,TO_CENTER,2.61,32.16,133.46,0,1500,1678,CENTER
1175308.980,TO_CENTER,2.61,32.16,133.46,0,1500,1678,CENTER
1175309.000,TO_CENTER,2.61,32.16,133.46,0,1500,1678,CENTER
1175309.021,TO_CENTER,2.61,32.16,133.46,0,1500,1678,CENTER
1175309.041,TO_CENTER,2.61,32.16,133.46,0,1500,1678,CENTER
1175309.062,TO_CENTER,2.61,32.16,133.46,0,1500,1678,CENTER
1175309.082,TO_CENTER,2.61,32.16,133.46,0,1500,1678,CENTER
1175309.102,TO_CENTER,2.61,32.16,133.46,0,1500,1678,CENTER
1175309.123,TO_CENTER,2.61,32.16,133.46,0,1500,1678,CENTER
1175309.143,TO_CENTER,2.61,32.16,133.46,0,1500,1678,CENTER
1175309.164,TO_CENTER,2.61,32.16,133.46,0,1500,1678,CENTER
1175309.184,TO_CENTER,2.61,32.16,133.46,0,1500,1678,CENTER
1175309.204,TO_CENTER,2.61,32.16,133.46,0,1500,1678,CENTER
1175309.225,TO_CENTER,2.61,32.16,133.46,0,1500,1678,CENTER
1175309.245,TO_CENTER,2.61,32.16,133.46,0,1500,1678,CENTER
1175309.266,TO_CENTER,2.61,32.16,133.46,0,1500,1678,CENTER
1175309.286,TO_CENTER,2.61,32.16,133.46,0,1500,1678,CENTER
1175309.307,TO_CENTER,2.61,32.16,133.46,0,1500,1678,CENTER
1175309.327,TO_CENTER,2.61,32.16,133.46,0,1500,1678,CENTER
1175309.347,TO_CENTER,2.61,32.16,133.46,0,1500,1678,CENTER
1175309.368,TO_CENTER,2.61,32.16,133.46,0,1500,1678,CENTER
1175309.389,TO_CENTER,2.61,32.16,133.46,0,1500,1678,CENTER
1175309.409,TO_CENTER,2.61,32.16,133.46,0,1500,1678,CENTER
1175309.430,TO_CENTER,2.61,32.16,133.46,0,1500,1678,CENTER
1175309.451,TO_CENTER,2.61,32.16,133.46,0,1500,1678,CENTER
1175309.471,TO_CENTER,2.61,32.16,133.46,0,1500,1678,CENTER
1175309.491,TO_CENTER,2.61,32.16,133.46,0,1500,1678,CENTER
1175309.512,TO_CENTER,2.61,32.16,133.46,0,1500,1678,CENTER
1175309.532,TO_CENTER,2.61,32.16,133.46,0,1500,1678,CENTER
1175309.554,TO_CENTER,2.61,32.16,133.46,0,1500,1678,CENTER
1175309.574,TO_CENTER,2.61,32.16,133.46,0,1500,1678,CENTER
1175309.594,TO_CENTER,2.61,32.16,133.46,0,1500,1678,CENTER
1175309.616,TO_CENTER,2.61,32.16,133.46,0,1500,1678,CENTER
1175309.636,TO_CENTER,2.61,32.16,133.46,0,1500,1678,CENTER
1175309.656,TO_CENTER,2.61,32.16,133.46,0,1500,1678,CENTER
1175309.676,TO_CENTER,2.61,32.16,133.46,0,1500,1678,CENTER
1175309.697,TO_CENTER,2.61,32.16,133.46,0,1500,1678,CENTER
1175309.717,TO_CENTER,2.61,32.16,133.46,0,1500,1678,CENTER
1175309.738,TO_CENTER,2.61,32.16,133.46,0,1500,1678,CENTER
1175309.758,TO_CENTER,2.61,32.16,133.46,0,1500,1678,CENTER
1175309.778,TO_CENTER,2.61,32.16,133.46,0,1500,1678,CENTER
1175309.799,TO_CENTER,2.61,32.16,133.46,0,1500,1678,CENTER
1175309.819,TO_CENTER,2.61,32.16,133.46,0,1500,1678,CENTER
1175309.840,TO_CENTER,2.61,32.16,133.46,0,1500,1678,CENTER
1175309.860,TO_CENTER,2.61,32.16,133.46,0,1500,1678,CENTER
1175309.881,TO_CENTER,2.61,32.16,133.46,0,1500,1678,CENTER
1175309.901,TO_CENTER,2.61,32.16,133.46,0,1500,1678,CENTER
1175309.921,TO_CENTER,2.61,32.16,133.46,0,1500,1678,CENTER
1175309.942,TO_CENTER,2.61,32.16,133.46,0,1500,1678,CENTER
1175309.963,TO_CENTER,2.61,32.16,133.46,0,1500,1678,CENTER
1175309.984,TO_CENTER,2.61,32.16,133.46,0,1500,1678,CENTER
1175310.004,TO_CENTER,2.61,32.16,133.46,0,1500,1678,CENTER
1175310.024,TO_CENTER,2.61,32.16,133.46,0,1500,1678,CENTER
1175310.045,TO_CENTER,2.61,32.16,133.46,0,1500,1678,CENTER
1175310.065,TO_CENTER,2.61,32.16,133.46,0,1500,1678,CENTER
1175310.086,TO_CENTER,2.61,32.16,133.46,0,1500,1678,CENTER
1175310.106,TO_CENTER,2.61,32.16,133.46,0,1500,1678,CENTER
1175310.127,TO_CENTER,2.61,32.16,133.46,0,1500,1678,CENTER
1175310.148,TO_CENTER,2.61,32.16,133.46,0,1500,1678,CENTER
1175310.168,TO_CENTER,2.61,32.16,133.46,0,1500,1678,CENTER
1175310.189,TO_CENTER,2.61,32.16,133.46,0,1500,1678,CENTER
1175310.210,TO_CENTER,2.61,32.16,133.46,0,1500,1678,CENTER
1175310.230,TO_CENTER,2.61,32.16,133.46,0,1500,1678,CENTER
1175310.250,TO_CENTER,2.61,32.16,133.46,0,1500,1678,CENTER
1175310.271,TO_CENTER,2.61,32.16,133.46,0,1500,1678,CENTER
1175310.291,TO_CENTER,2.61,32.16,133.46,0,1500,1678,CENTER
1175310.312,TO_CENTER,2.61,32.16,133.46,0,1500,1678,CENTER
1175310.332,TO_CENTER,2.61,32.16,133.46,0,1500,1678,CENTER
1175310.353,TO_CENTER,2.61,32.16,133.46,0,1500,1678,CENTER
1175310.373,TO_CENTER,2.61,32.16,133.46,0,1500,1678,CENTER
1175310.394,TO_CENTER,2.61,32.16,133.46,0,1500,1678,CENTER
1175310.414,TO_CENTER,2.61,32.16,133.46,0,1500,1678,CENTER
1175310.435,TO_CENTER,2.61,32.16,133.46,0,1500,1678,CENTER
1175310.455,TO_CENTER,2.61,32.16,133.46,0,1500,1678,CENTER
1175310.476,TO_CENTER,2.61,32.16,133.46,0,1500,1678,CENTER
1175310.496,TO_CENTER,2.61,32.16,133.46,0,1500,1678,CENTER
1175310.517,TO_CENTER,2.61,32.16,133.46,0,1500,1678,CENTER
1175310.537,TO_CENTER,2.61,32.16,133.46,0,1500,1678,CENTER
1175310.558,TO_CENTER,2.61,32.16,133.46,0,1500,1678,CENTER
1175310.578,TO_CENTER,2.61,32.16,133.46,0,1500,1678,CENTER
1175310.598,TO_CENTER,2.61,32.16,133.46,0,1500,1678,CENTER
1175310.619,TO_CENTER,2.61,32.16,133.46,0,1500,1678,CENTER
1175310.639,TO_CENTER,2.61,32.16,133.46,0,1500,1678,CENTER
1175310.660,TO_CENTER,2.61,32.16,133.46,0,1500,1678,CENTER
1175310.681,TO_CENTER,2.61,32.16,133.46,0,1500,1678,CENTER
1175310.701,TO_CENTER,2.61,32.16,133.46,0,1500,1678,CENTER
1175310.722,TO_CENTER,2.61,32.16,133.46,0,1500,1678,CENTER
1175310.743,TO_CENTER,2.61,32.16,133.46,0,1500,1678,CENTER
1175310.764,TO_CENTER,2.61,32.16,133.46,0,1500,1678,CENTER
1175310.784,TO_CENTER,2.61,32.16,133.46,0,1500,1678,CENTER
1175310.805,TO_CENTER,2.61,32.16,133.46,0,1500,1678,CENTER
1175310.825,TO_CENTER,2.61,32.16,133.46,0,1500,1678,CENTER
1175310.846,TO_CENTER,2.61,32.16,133.46,0,1500,1678,CENTER
1175310.866,TO_CENTER,2.61,32.16,133.46,0,1500,1678,CENTER
1175310.887,TO_CENTER,2.61,32.16,133.46,0,1500,1678,CENTER
1175310.907,TO_CENTER,2.61,32.16,133.46,0,1500,1678,CENTER
1175310.928,TO_CENTER,2.61,32.16,133.46,0,1500,1678,CENTER
1175310.949,TO_CENTER,2.61,32.16,133.46,0,1500,1678,CENTER
1175310.969,TO_CENTER,2.61,32.16,133.46,0,1500,1678,CENTER
1175310.989,TO_CENTER,2.61,32.16,133.46,0,1500,1678,CENTER
1175311.010,TO_CENTER,2.61,32.16,133.46,0,1500,1678,CENTER
1175311.030,TO_CENTER,2.61,32.16,133.46,0,1500,1678,CENTER
1175311.050,TO_CENTER,2.61,32.16,133.46,0,1500,1678,CENTER
1175311.071,TO_CENTER,2.61,32.16,133.46,0,1500,1678,CENTER
1175311.091,TO_CENTER,2.61,32.16,133.46,0,1500,1678,CENTER
1175311.112,TO_CENTER,2.61,32.16,133.46,0,1500,1678,CENTER
1175311.132,TO_CENTER,2.61,32.16,133.46,0,1500,1678,CENTER
1175311.153,TO_CENTER,2.61,32.16,133.46,0,1500,1678,CENTER
1175311.173,TO_CENTER,2.61,32.16,133.46,0,1500,1678,CENTER
1175311.194,TO_CENTER,2.61,32.16,133.46,0,1500,1678,CENTER
1175311.214,TO_CENTER,2.61,32.16,133.46,0,1500,1678,CENTER
1175311.234,TO_CENTER,2.61,32.16,133.46,0,1500,1678,CENTER
1175311.255,TO_CENTER,2.61,32.16,133.46,0,1500,1678,CENTER
1175311.276,TO_CENTER,2.61,32.16,133.46,0,1500,1678,CENTER
1175311.296,TO_CENTER,2.61,32.16,133.46,0,1500,1678,CENTER
1175311.316,TO_CENTER,2.61,32.16,133.46,0,1500,1678,CENTER
1175311.337,TO_CENTER,2.61,32.16,133.46,0,1500,1678,CENTER
1175311.358,TO_CENTER,2.61,32.16,133.46,0,1500,1678,CENTER
1175311.378,TO_CENTER,2.61,32.16,133.46,0,1500,1678,CENTER
1175311.398,TO_CENTER,2.61,32.16,133.46,0,1500,1678,CENTER
1175311.419,TO_CENTER,2.61,32.16,133.46,0,1500,1678,CENTER
1175311.439,TO_CENTER,2.61,32.16,133.46,0,1500,1678,CENTER
1175311.460,TO_CENTER,2.61,32.16,133.46,0,1500,1678,CENTER
1175311.481,TO_CENTER,2.61,32.16,133.46,0,1500,1678,CENTER
1175311.501,TO_CENTER,2.61,32.16,133.46,0,1500,1678,CENTER
1175311.521,TO_CENTER,2.61,32.16,133.46,0,1500,1678,CENTER
1175311.542,TO_CENTER,2.61,32.16,133.46,0,1500,1678,CENTER
1175311.563,TO_CENTER,2.61,32.16,133.46,0,1500,1678,CENTER
1175311.583,TO_CENTER,2.61,32.16,133.46,0,1500,1678,CENTER
1175311.604,TO_CENTER,2.61,32.16,133.46,0,1500,1678,CENTER
1175311.624,TO_CENTER,2.61,32.16,133.46,0,1500,1678,CENTER
1175311.645,TO_CENTER,2.61,32.16,133.46,0,1500,1678,CENTER
1175311.665,TO_CENTER,2.61,32.16,133.46,0,1500,1678,CENTER
1175311.685,TO_CENTER,2.61,32.16,133.46,0,1500,1678,CENTER
1175311.706,TO_CENTER,2.61,32.16,133.46,0,1500,1678,CENTER
1175311.726,TO_CENTER,2.61,32.16,133.46,0,1500,1678,CENTER
1175311.747,TO_CENTER,2.61,32.16,133.46,0,1500,1678,CENTER
1175311.767,TO_CENTER,2.61,32.16,133.46,0,1500,1678,CENTER
1175311.788,TO_CENTER,2.61,32.16,133.46,0,1500,1678,CENTER
1175311.808,TO_CENTER,2.61,32.16,133.46,0,1500,1678,CENTER
1175311.828,TO_CENTER,2.61,32.16,133.46,0,1500,1678,CENTER
1175311.849,TO_CENTER,2.61,32.16,133.46,0,1500,1678,CENTER
1175311.870,TO_CENTER,2.61,32.16,133.46,0,1500,1678,CENTER
1175311.890,TO_CENTER,2.61,32.16,133.46,0,1500,1678,CENTER
1175311.910,TO_CENTER,2.61,32.16,133.46,0,1500,1678,CENTER
1175311.931,TO_CENTER,2.61,32.16,133.46,0,1500,1678,CENTER
1175311.951,TO_CENTER,2.61,32.16,133.46,0,1500,1678,CENTER
1175311.972,TO_CENTER,2.61,32.16,133.46,0,1500,1678,CENTER
1175311.992,TO_CENTER,2.61,32.16,133.46,0,1500,1678,CENTER
1175312.013,TO_CENTER,2.61,32.16,133.46,0,1500,1678,CENTER
1175312.033,TO_CENTER,2.61,32.16,133.46,0,1500,1678,CENTER
1175312.054,TO_CENTER,2.61,32.16,133.46,0,1500,1678,CENTER
1175312.074,TO_CENTER,2.61,32.16,133.46,0,1500,1678,CENTER
1175312.095,TO_CENTER,2.61,32.16,133.46,0,1500,1678,CENTER
1175312.115,TO_CENTER,2.61,32.16,133.46,0,1500,1678,CENTER
1175312.136,TO_CENTER,2.61,32.16,133.46,0,1500,1678,CENTER
1175312.156,TO_CENTER,2.61,32.16,133.46,0,1500,1678,CENTER
1175312.177,TO_CENTER,2.61,32.16,133.46,0,1500,1678,CENTER
1175312.197,TO_CENTER,2.61,32.16,133.46,0,1500,1678,CENTER
1175312.218,TO_CENTER,2.61,32.16,133.46,0,1500,1678,CENTER
1175312.239,TO_CENTER,2.61,32.16,133.46,0,1500,1678,CENTER
1175312.259,TO_CENTER,2.61,32.16,133.46,0,1500,1678,CENTER
1175312.279,TO_CENTER,2.61,32.16,133.46,0,1500,1678,CENTER
1175312.300,TO_CENTER,2.61,32.16,133.46,0,1500,1678,CENTER
1175312.321,TO_CENTER,2.61,32.16,133.46,0,1500,1678,CENTER
1175312.341,TO_CENTER,2.61,32.16,133.46,0,1500,1678,CENTER
1175312.361,TO_CENTER,2.61,32.16,133.46,0,1500,1678,CENTER
1175312.382,TO_CENTER,2.61,32.16,133.46,0,1500,1678,CENTER
1175312.402,TO_CENTER,2.61,32.16,133.46,0,1500,1678,CENTER
1175312.422,TO_CENTER,2.61,32.16,133.46,0,1500,1678,CENTER
1175312.443,TO_CENTER,2.61,32.16,133.46,0,1500,1678,CENTER
1175312.463,TO_CENTER,2.61,32.16,133.46,0,1500,1678,CENTER
1175312.484,TO_CENTER,2.61,32.16,133.46,0,1500,1678,CENTER
1175312.504,TO_CENTER,2.61,32.16,133.46,0,1500,1678,CENTER
1175312.525,TO_CENTER,2.61,32.16,133.46,0,1500,1678,CENTER
1175312.545,TO_CENTER,2.61,32.16,133.46,0,1500,1678,CENTER
1175312.566,TO_CENTER,2.61,32.16,133.46,0,1500,1678,CENTER
1175312.586,TO_CENTER,2.61,32.16,133.46,0,1500,1678,CENTER
1175312.607,TO_CENTER,2.61,32.16,133.46,0,1500,1678,CENTER
1175312.627,TO_CENTER,2.61,32.16,133.46,0,1500,1678,CENTER
1175312.648,TO_CENTER,2.61,32.16,133.46,0,1500,1678,CENTER
1175312.669,TO_CENTER,2.61,32.16,133.46,0,1500,1678,CENTER
1175312.689,TO_CENTER,2.61,32.16,133.46,0,1500,1678,CENTER
1175312.710,TO_CENTER,2.61,32.16,133.46,0,1500,1678,CENTER
1175312.731,TO_CENTER,2.61,32.16,133.46,0,1500,1678,CENTER
1175312.751,TO_CENTER,2.61,32.16,133.46,0,1500,1678,CENTER
1175312.772,TO_CENTER,2.61,32.16,133.46,0,1500,1678,CENTER
1175312.792,TO_CENTER,2.61,32.16,133.46,0,1500,1678,CENTER
1175312.813,TO_CENTER,2.61,32.16,133.46,0,1500,1678,CENTER
1175312.833,TO_CENTER,2.61,32.16,133.46,0,1500,1678,CENTER
1175312.854,TO_CENTER,2.61,32.16,133.46,0,1500,1678,CENTER
1175312.874,TO_CENTER,2.61,32.16,133.46,0,1500,1678,CENTER
1175312.894,TO_CENTER,2.61,32.16,133.46,0,1500,1678,CENTER
1175312.915,TO_CENTER,2.61,32.16,133.46,0,1500,1678,CENTER
1175312.936,TO_CENTER,2.61,32.16,133.46,0,1500,1678,CENTER
1175312.956,TO_CENTER,2.61,32.16,133.46,0,1500,1678,CENTER
1175312.976,TO_CENTER,2.61,32.16,133.46,0,1500,1678,CENTER
1175312.997,TO_CENTER,2.61,32.16,133.46,0,1500,1678,CENTER
1175313.017,TO_CENTER,2.61,32.16,133.46,0,1500,1678,CENTER
1175313.038,TO_CENTER,2.61,32.16,133.46,0,1500,1678,CENTER
1175313.059,TO_CENTER,2.61,32.16,133.46,0,1500,1678,CENTER
1175313.079,TO_CENTER,2.61,32.16,133.46,0,1500,1678,CENTER
1175313.100,TO_CENTER,2.61,32.16,133.46,0,1500,1678,CENTER
1175313.120,TO_CENTER,2.61,32.16,133.46,0,1500,1678,CENTER
1175313.141,TO_CENTER,2.61,32.16,133.46,0,1500,1678,CENTER
1175313.161,TO_CENTER,2.61,32.16,133.46,0,1500,1678,CENTER
1175313.181,TO_CENTER,2.61,32.16,133.46,0,1500,1678,CENTER
1175313.202,TO_CENTER,2.61,32.16,133.46,0,1500,1678,CENTER
1175313.222,TO_CENTER,2.61,32.16,133.46,0,1500,1678,CENTER
1175313.243,TO_CENTER,2.61,32.16,133.46,0,1500,1678,CENTER
1175313.263,TO_CENTER,2.61,32.16,133.46,0,1500,1678,CENTER
1175313.284,TO_CENTER,2.61,32.16,133.46,0,1500,1678,CENTER
1175313.304,TO_CENTER,2.61,32.16,133.46,0,1500,1678,CENTER
1175313.325,TO_CENTER,2.61,32.16,133.46,0,1500,1678,CENTER
1175313.345,TO_CENTER,2.61,32.16,133.46,0,1500,1678,CENTER
1175313.366,TO_CENTER,2.61,32.16,133.46,0,1500,1678,CENTER
1175313.387,TO_CENTER,2.61,32.16,133.46,0,1500,1678,CENTER
1175313.407,TO_CENTER,2.61,32.16,133.46,0,1500,1678,CENTER
1175313.427,TO_CENTER,2.61,32.16,133.46,0,1500,1678,CENTER
1175313.448,TO_CENTER,2.61,32.16,133.46,0,1500,1678,CENTER
1175313.468,TO_CENTER,2.61,32.16,133.46,0,1500,1678,CENTER
1175313.489,TO_CENTER,2.61,32.16,133.46,0,1500,1678,CENTER
1175313.509,TO_CENTER,2.61,32.16,133.46,0,1500,1678,CENTER
1175313.530,TO_CENTER,2.61,32.16,133.46,0,1500,1678,CENTER
1175313.550,TO_CENTER,2.61,32.16,133.46,0,1500,1678,CENTER
1175313.571,TO_CENTER,2.61,32.16,133.46,0,1500,1678,CENTER
1175313.591,TO_CENTER,2.61,32.16,133.46,0,1500,1678,CENTER
1175313.612,TO_CENTER,2.61,32.16,133.46,0,1500,1678,CENTER
1175313.632,TO_CENTER,2.61,32.16,133.46,0,1500,1678,CENTER
1175313.653,TO_CENTER,2.61,32.16,133.46,0,1500,1678,CENTER
1175313.673,TO_CENTER,2.61,32.16,133.46,0,1500,1678,CENTER
1175313.694,TO_CENTER,2.61,32.16,133.46,0,1500,1678,CENTER
1175313.714,TO_CENTER,2.61,32.16,133.46,0,1500,1678,CENTER
1175313.735,TO_CENTER,2.61,32.16,133.46,0,1500,1678,CENTER
1175313.756,TO_CENTER,2.61,32.16,133.46,0,1500,1678,CENTER
1175313.776,TO_CENTER,2.61,32.16,133.46,0,1500,1678,CENTER
1175313.797,TO_CENTER,2.61,32.16,133.46,0,1500,1678,CENTER
1175313.818,TO_CENTER,2.61,32.16,133.46,0,1500,1678,CENTER
1175313.838,TO_CENTER,2.61,32.16,133.46,0,1500,1678,CENTER
1175313.858,TO_CENTER,2.61,32.16,133.46,0,1500,1678,CENTER
1175313.879,TO_CENTER,2.61,32.16,133.46,0,1500,1678,CENTER
1175313.899,TO_CENTER,2.61,32.16,133.46,0,1500,1678,CENTER
1175313.920,TO_CENTER,2.61,32.16,133.46,0,1500,1678,CENTER
1175313.940,TO_CENTER,2.61,32.16,133.46,0,1500,1678,CENTER
1175313.961,TO_CENTER,2.61,32.16,133.46,0,1500,1678,CENTER
1175313.981,TO_CENTER,2.61,32.16,133.46,0,1500,1678,CENTER
1175314.002,TO_CENTER,2.61,32.16,133.46,0,1500,1678,CENTER
1175314.022,TO_CENTER,2.61,32.16,133.46,0,1500,1678,CENTER
1175314.043,TO_CENTER,2.61,32.16,133.46,0,1500,1678,CENTER
1175314.063,TO_CENTER,2.61,32.16,133.46,0,1500,1678,CENTER
1175314.084,TO_CENTER,2.61,32.16,133.46,0,1500,1678,CENTER
1175314.104,TO_CENTER,2.61,32.16,133.46,0,1500,1678,CENTER
1175314.126,TO_CENTER,2.61,32.16,133.46,0,1500,1678,CENTER
1175314.146,TO_CENTER,2.61,32.16,133.46,0,1500,1678,CENTER
1175314.166,TO_CENTER,2.61,32.16,133.46,0,1500,1678,CENTER
1175314.187,TO_CENTER,2.61,32.16,133.46,0,1500,1678,CENTER
1175314.207,TO_CENTER,2.61,32.16,133.46,0,1500,1678,CENTER
1175314.227,TO_CENTER,2.61,32.16,133.46,0,1500,1678,CENTER
1175314.248,TO_CENTER,2.61,32.16,133.46,0,1500,1678,CENTER
1175314.268,TO_CENTER,2.61,32.16,133.46,0,1500,1678,CENTER
1175314.289,TO_CENTER,2.61,32.16,133.46,0,1500,1678,CENTER
1175314.309,TO_CENTER,2.61,32.16,133.46,0,1500,1678,CENTER
1175314.330,TO_CENTER,2.61,32.16,133.46,0,1500,1678,CENTER
1175314.350,TO_CENTER,2.61,32.16,133.46,0,1500,1678,CENTER
1175314.371,TO_CENTER,2.61,32.16,133.46,0,1500,1678,CENTER
1175314.391,TO_CENTER,2.61,32.16,133.46,0,1500,1678,CENTER
1175314.412,TO_CENTER,2.61,32.16,133.46,0,1500,1678,CENTER
1175314.433,TO_CENTER,2.61,32.16,133.46,0,1500,1678,CENTER
1175314.453,TO_CENTER,2.61,32.16,133.46,0,1500,1678,CENTER
1175314.474,TO_CENTER,2.61,32.16,133.46,0,1500,1678,CENTER
1175314.494,TO_CENTER,2.61,32.16,133.46,0,1500,1678,CENTER
1175314.515,TO_CENTER,2.61,32.16,133.46,0,1500,1678,CENTER
1175314.535,TO_CENTER,2.61,32.16,133.46,0,1500,1678,CENTER
1175314.555,TO_CENTER,2.61,32.16,133.46,0,1500,1678,CENTER
1175314.576,TO_CENTER,2.61,32.16,133.46,0,1500,1678,CENTER
1175314.596,TO_CENTER,2.61,32.16,133.46,0,1500,1678,CENTER
1175314.617,TO_CENTER,2.61,32.16,133.46,0,1500,1678,CENTER
1175314.637,TO_CENTER,2.61,32.16,133.46,0,1500,1678,CENTER
1175314.658,TO_CENTER,2.61,32.16,133.46,0,1500,1678,CENTER
1175314.679,TO_CENTER,2.61,32.16,133.46,0,1500,1678,CENTER
1175314.699,TO_CENTER,2.61,32.16,133.46,0,1500,1678,CENTER
1175314.720,TO_CENTER,2.61,32.16,133.46,0,1500,1678,CENTER
1175314.740,TO_CENTER,2.61,32.16,133.46,0,1500,1678,CENTER
1175314.760,TO_CENTER,2.61,32.16,133.46,0,1500,1678,CENTER
1175314.782,TO_CENTER,2.61,32.16,133.46,0,1500,1678,CENTER
1175314.802,TO_CENTER,2.61,32.16,133.46,0,1500,1678,CENTER
1175314.823,TO_CENTER,2.61,32.16,133.46,0,1500,1678,CENTER
1175314.844,TO_CENTER,2.61,32.16,133.46,0,1500,1678,CENTER
1175314.865,TO_CENTER,2.61,32.16,133.46,0,1500,1678,CENTER
1175314.885,TO_CENTER,2.61,32.16,133.46,0,1500,1678,CENTER
1175314.906,TO_CENTER,2.61,32.16,133.46,0,1500,1678,CENTER
1175314.927,TO_CENTER,2.61,32.16,133.46,0,1500,1678,CENTER
1175314.947,TO_CENTER,2.61,32.16,133.46,0,1500,1678,CENTER
1175314.967,TO_CENTER,2.61,32.16,133.46,0,1500,1678,CENTER
1175314.988,TO_CENTER,2.61,32.16,133.46,0,1500,1678,CENTER
1175315.009,TO_CENTER,2.61,32.16,133.46,0,1500,1678,CENTER
1175315.029,TO_CENTER,2.61,32.16,133.46,0,1500,1678,CENTER
1175315.050,TO_CENTER,2.61,32.16,133.46,0,1500,1678,CENTER
1175315.070,TO_CENTER,2.61,32.16,133.46,0,1500,1678,CENTER
1175315.091,TO_CENTER,2.61,32.16,133.46,0,1500,1678,CENTER
1175315.111,TO_CENTER,2.61,32.16,133.46,0,1500,1678,CENTER
1175315.131,TO_CENTER,2.61,32.16,133.46,0,1500,1678,CENTER
1175315.152,TO_CENTER,2.61,32.16,133.46,0,1500,1678,CENTER
1175315.172,TO_CENTER,2.61,32.16,133.46,0,1500,1678,CENTER
1175315.193,TO_CENTER,2.61,32.16,133.46,0,1500,1678,CENTER
1175315.213,TO_CENTER,2.61,32.16,133.46,0,1500,1678,CENTER
1175315.234,TO_CENTER,2.61,32.16,133.46,0,1500,1678,CENTER
1175315.254,TO_CENTER,2.61,32.16,133.46,0,1500,1678,CENTER
1175315.274,TO_CENTER,2.61,32.16,133.46,0,1500,1678,CENTER
1175315.295,TO_CENTER,2.61,32.16,133.46,0,1500,1678,CENTER
1175315.315,TO_CENTER,2.61,32.16,133.46,0,1500,1678,CENTER
1175315.336,TO_CENTER,2.61,32.16,133.46,0,1500,1678,CENTER
1175315.356,TO_CENTER,2.61,32.16,133.46,0,1500,1678,CENTER
1175315.376,TO_CENTER,2.61,32.16,133.46,0,1500,1678,CENTER
1175315.397,TO_CENTER,2.61,32.16,133.46,0,1500,1678,CENTER
1175315.417,TO_CENTER,2.61,32.16,133.46,0,1500,1678,CENTER
1175315.438,TO_CENTER,2.61,32.16,133.46,0,1500,1678,CENTER
1175315.458,TO_CENTER,2.61,32.16,133.46,0,1500,1678,CENTER
1175315.478,TO_CENTER,2.61,32.16,133.46,0,1500,1678,CENTER
1175315.499,TO_CENTER,2.61,32.16,133.46,0,1500,1678,CENTER
1175315.519,TO_CENTER,2.61,32.16,133.46,0,1500,1678,CENTER
1175315.540,TO_CENTER,2.61,32.16,133.46,0,1500,1678,CENTER
1175315.560,TO_CENTER,2.61,32.16,133.46,0,1500,1678,CENTER
1175315.580,TO_CENTER,2.61,32.16,133.46,0,1500,1678,CENTER
1175315.601,TO_CENTER,2.61,32.16,133.46,0,1500,1678,CENTER
1175315.621,TO_CENTER,2.61,32.16,133.46,0,1500,1678,CENTER
1175315.642,TO_CENTER,2.61,32.16,133.46,0,1500,1678,CENTER
1175315.662,TO_CENTER,2.61,32.16,133.46,0,1500,1678,CENTER
1175315.682,TO_CENTER,2.61,32.16,133.46,0,1500,1678,CENTER
1175315.702,TO_CENTER,2.61,32.16,133.46,0,1500,1678,CENTER
1175315.723,TO_CENTER,2.61,32.16,133.46,0,1500,1678,CENTER
1175315.744,TO_CENTER,2.61,32.16,133.46,0,1500,1678,CENTER
1175315.764,TO_CENTER,2.61,32.16,133.46,0,1500,1678,CENTER
1175315.785,TO_CENTER,2.61,32.16,133.46,0,1500,1678,CENTER
1175315.805,TO_CENTER,2.61,32.16,133.46,0,1500,1678,CENTER
1175315.825,TO_CENTER,2.61,32.16,133.46,0,1500,1678,CENTER
1175315.846,TO_CENTER,2.61,32.16,133.46,0,1500,1678,CENTER
1175315.867,TO_CENTER,2.61,32.16,133.46,0,1500,1678,CENTER
1175315.888,TO_CENTER,2.61,32.16,133.46,0,1500,1678,CENTER
1175315.908,TO_CENTER,2.61,32.16,133.46,0,1500,1678,CENTER
1175315.928,TO_CENTER,2.61,32.16,133.46,0,1500,1678,CENTER
1175315.949,TO_CENTER,2.61,32.16,133.46,0,1500,1678,CENTER
1175315.969,TO_CENTER,2.61,32.16,133.46,0,1500,1678,CENTER
1175315.990,TO_CENTER,2.61,32.16,133.46,0,1500,1678,CENTER
1175316.010,TO_CENTER,2.61,32.16,133.46,0,1500,1678,CENTER
1175316.031,TO_CENTER,2.61,32.16,133.46,0,1500,1678,CENTER
1175316.051,TO_CENTER,2.61,32.16,133.46,0,1500,1678,CENTER
1175316.072,TO_CENTER,2.61,32.16,133.46,0,1500,1678,CENTER
1175316.092,TO_CENTER,2.61,32.16,133.46,0,1500,1678,CENTER
1175316.112,TO_CENTER,2.61,32.16,133.46,0,1500,1678,CENTER
1175316.133,TO_CENTER,2.61,32.16,133.46,0,1500,1678,CENTER
1175316.153,TO_CENTER,2.61,32.16,133.46,0,1500,1678,CENTER
1175316.174,TO_CENTER,2.61,32.16,133.46,0,1500,1678,CENTER
1175316.194,TO_CENTER,2.61,32.16,133.46,0,1500,1678,CENTER
1175316.214,TO_CENTER,2.61,32.16,133.46,0,1500,1678,CENTER
1175316.235,TO_CENTER,2.61,32.16,133.46,0,1500,1678,CENTER
1175316.255,TO_CENTER,2.61,32.16,133.46,0,1500,1678,CENTER
1175316.276,TO_CENTER,2.61,32.16,133.46,0,1500,1678,CENTER
1175316.297,TO_CENTER,2.61,32.16,133.46,0,1500,1678,CENTER
1175316.317,TO_CENTER,2.61,32.16,133.46,0,1500,1678,CENTER
1175316.338,TO_CENTER,2.61,32.16,133.46,0,1500,1678,CENTER
1175316.358,TO_CENTER,2.61,32.16,133.46,0,1500,1678,CENTER
1175316.379,TO_CENTER,2.61,32.16,133.46,0,1500,1678,CENTER
1175316.399,TO_CENTER,2.61,32.16,133.46,0,1500,1678,CENTER
1175316.420,TO_CENTER,2.61,32.16,133.46,0,1500,1678,CENTER
1175316.441,TO_CENTER,2.61,32.16,133.46,0,1500,1678,CENTER
1175316.461,TO_CENTER,2.61,32.16,133.46,0,1500,1678,CENTER
1175316.482,TO_CENTER,2.61,32.16,133.46,0,1500,1678,CENTER
1175316.502,TO_CENTER,2.61,32.16,133.46,0,1500,1678,CENTER
1175316.523,TO_CENTER,2.61,32.16,133.46,0,1500,1678,CENTER
1175316.543,TO_CENTER,2.61,32.16,133.46,0,1500,1678,CENTER
1175316.564,TO_CENTER,2.61,32.16,133.46,0,1500,1678,CENTER
1175316.585,TO_CENTER,2.61,32.16,133.46,0,1500,1678,CENTER
1175316.605,TO_CENTER,2.61,32.16,133.46,0,1500,1678,CENTER
1175316.625,TO_CENTER,2.61,32.16,133.46,0,1500,1678,CENTER
1175316.646,TO_CENTER,2.61,32.16,133.46,0,1500,1678,CENTER
1175316.666,TO_CENTER,2.61,32.16,133.46,0,1500,1678,CENTER
1175316.687,TO_CENTER,2.61,32.16,133.46,0,1500,1678,CENTER
1175316.707,TO_CENTER,2.61,32.16,133.46,0,1500,1678,CENTER
1175316.728,TO_CENTER,2.61,32.16,133.46,0,1500,1678,CENTER
1175316.749,TO_CENTER,2.61,32.16,133.46,0,1500,1678,CENTER
1175316.769,TO_CENTER,2.61,32.16,133.46,0,1500,1678,CENTER
1175316.789,TO_CENTER,2.61,32.16,133.46,0,1500,1678,CENTER
1175316.809,TO_CENTER,2.61,32.16,133.46,0,1500,1678,CENTER
1175316.830,TO_CENTER,2.61,32.16,133.46,0,1500,1678,CENTER
1175316.850,TO_CENTER,2.61,32.16,133.46,0,1500,1678,CENTER
1175316.871,TO_CENTER,2.61,32.16,133.46,0,1500,1678,CENTER
1175316.891,TO_CENTER,2.61,32.16,133.46,0,1500,1678,CENTER
1175316.911,TO_CENTER,2.61,32.16,133.46,0,1500,1678,CENTER
1175316.932,TO_CENTER,2.61,32.16,133.46,0,1500,1678,CENTER
1175316.952,TO_CENTER,2.61,32.16,133.46,0,1500,1678,CENTER
1175316.973,TO_CENTER,2.61,32.16,133.46,0,1500,1678,CENTER
1175316.993,TO_CENTER,2.61,32.16,133.46,0,1500,1678,CENTER
1175317.014,TO_CENTER,2.61,32.16,133.46,0,1500,1678,CENTER
1175317.034,TO_CENTER,2.61,32.16,133.46,0,1500,1678,CENTER
1175317.055,TO_CENTER,2.61,32.16,133.46,0,1500,1678,CENTER
1175317.075,TO_CENTER,2.61,32.16,133.46,0,1500,1678,CENTER
1175317.096,TO_CENTER,2.61,32.16,133.46,0,1500,1678,CENTER
1175317.117,TO_CENTER,2.61,32.16,133.46,0,1500,1678,CENTER
1175317.137,TO_CENTER,2.61,32.16,133.46,0,1500,1678,CENTER
1175317.157,TO_CENTER,2.61,32.16,133.46,0,1500,1678,CENTER
1175317.178,TO_CENTER,2.61,32.16,133.46,0,1500,1678,CENTER
1175317.198,TO_CENTER,2.61,32.16,133.46,0,1500,1678,CENTER
1175317.218,TO_CENTER,2.61,32.16,133.46,0,1500,1678,CENTER
1175317.239,TO_CENTER,2.61,32.16,133.46,0,1500,1678,CENTER
1175317.259,TO_CENTER,2.61,32.16,133.46,0,1500,1678,CENTER
1175317.280,TO_CENTER,2.61,32.16,133.46,0,1500,1678,CENTER
1175317.300,TO_CENTER,2.61,32.16,133.46,0,1500,1678,CENTER
1175317.321,TO_CENTER,2.61,32.16,133.46,0,1500,1678,CENTER
1175317.341,TO_CENTER,2.61,32.16,133.46,0,1500,1678,CENTER
1175317.362,TO_CENTER,2.61,32.16,133.46,0,1500,1678,CENTER
1175317.382,TO_CENTER,2.61,32.16,133.46,0,1500,1678,CENTER
1175317.403,TO_CENTER,2.61,32.16,133.46,0,1500,1678,CENTER
1175317.423,TO_CENTER,2.61,32.16,133.46,0,1500,1678,CENTER
1175317.443,TO_CENTER,2.61,32.16,133.46,0,1500,1678,CENTER
1175317.464,TO_CENTER,2.61,32.16,133.46,0,1500,1678,CENTER
1175317.484,TO_CENTER,2.61,32.16,133.46,0,1500,1678,CENTER
1175317.504,TO_CENTER,2.61,32.16,133.46,0,1500,1678,CENTER
1175317.525,TO_CENTER,2.61,32.16,133.46,0,1500,1678,CENTER
1175317.546,TO_CENTER,2.61,32.16,133.46,0,1500,1678,CENTER
1175317.567,TO_CENTER,2.61,32.16,133.46,0,1500,1678,CENTER
1175317.587,TO_CENTER,2.61,32.16,133.46,0,1500,1678,CENTER
1175317.608,TO_CENTER,2.61,32.16,133.46,0,1500,1678,CENTER
1175317.628,TO_CENTER,2.61,32.16,133.46,0,1500,1678,CENTER
1175317.649,TO_CENTER,2.61,32.16,133.46,0,1500,1678,CENTER
1175317.669,TO_CENTER,2.61,32.16,133.46,0,1500,1678,CENTER
1175317.690,TO_CENTER,2.61,32.16,133.46,0,1500,1678,CENTER
1175317.710,TO_CENTER,2.61,32.16,133.46,0,1500,1678,CENTER
1175317.730,TO_CENTER,2.61,32.16,133.46,0,1500,1678,CENTER
1175317.750,TO_CENTER,2.61,32.16,133.46,0,1500,1678,CENTER
1175317.771,TO_CENTER,2.61,32.16,133.46,0,1500,1678,CENTER
1175317.792,TO_CENTER,2.61,32.16,133.46,0,1500,1678,CENTER
1175317.812,TO_CENTER,2.61,32.16,133.46,0,1500,1678,CENTER
1175317.833,TO_CENTER,2.61,32.16,133.46,0,1500,1678,CENTER
1175317.853,TO_CENTER,2.61,32.16,133.46,0,1500,1678,CENTER
1175317.873,TO_CENTER,2.61,32.16,133.46,0,1500,1678,CENTER
1175317.894,TO_CENTER,2.61,32.16,133.46,0,1500,1678,CENTER
1175317.914,TO_CENTER,2.61,32.16,133.46,0,1500,1678,CENTER
1175317.935,TO_CENTER,2.61,32.16,133.46,0,1500,1678,CENTER
1175317.955,TO_CENTER,2.61,32.16,133.46,0,1500,1678,CENTER
1175317.976,TO_CENTER,2.61,32.16,133.46,0,1500,1678,CENTER
1175317.996,TO_CENTER,2.61,32.16,133.46,0,1500,1678,CENTER
1175318.016,TO_CENTER,2.61,32.16,133.46,0,1500,1678,CENTER
1175318.037,TO_CENTER,2.61,32.16,133.46,0,1500,1678,CENTER
1175318.057,TO_CENTER,2.61,32.16,133.46,0,1500,1678,CENTER
1175318.078,TO_CENTER,2.61,32.16,133.46,0,1500,1678,CENTER
1175318.098,TO_CENTER,2.61,32.16,133.46,0,1500,1678,CENTER
1175318.119,TO_CENTER,2.61,32.16,133.46,0,1500,1678,CENTER
1175318.139,TO_CENTER,2.61,32.16,133.46,0,1500,1678,CENTER
1175318.159,TO_CENTER,2.61,32.16,133.46,0,1500,1678,CENTER
1175318.180,TO_CENTER,2.61,32.16,133.46,0,1500,1678,CENTER
1175318.200,TO_CENTER,2.61,32.16,133.46,0,1500,1678,CENTER
1175318.221,TO_CENTER,2.61,32.16,133.46,0,1500,1678,CENTER
1175318.241,TO_CENTER,2.61,32.16,133.46,0,1500,1678,CENTER
1175318.262,TO_CENTER,2.61,32.16,133.46,0,1500,1678,CENTER
1175318.283,TO_CENTER,2.61,32.16,133.46,0,1500,1678,CENTER
1175318.303,TO_CENTER,2.61,32.16,133.46,0,1500,1678,CENTER
1175318.323,TO_CENTER,2.61,32.16,133.46,0,1500,1678,CENTER
1175318.344,TO_CENTER,2.61,32.16,133.46,0,1500,1678,CENTER
1175318.364,TO_CENTER,2.61,32.16,133.46,0,1500,1678,CENTER
1175318.385,TO_CENTER,2.61,32.16,133.46,0,1500,1678,CENTER
1175318.405,TO_CENTER,2.61,32.16,133.46,0,1500,1678,CENTER
1175318.426,TO_CENTER,2.61,32.16,133.46,0,1500,1678,CENTER
1175318.446,TO_CENTER,2.61,32.16,133.46,0,1500,1678,CENTER
1175318.467,TO_CENTER,2.61,32.16,133.46,0,1500,1678,CENTER
1175318.487,TO_CENTER,2.61,32.16,133.46,0,1500,1678,CENTER
1175318.508,TO_CENTER,2.61,32.16,133.46,0,1500,1678,CENTER
1175318.528,TO_CENTER,2.61,32.16,133.46,0,1500,1678,CENTER
1175318.549,TO_CENTER,2.61,32.16,133.46,0,1500,1678,CENTER
1175318.569,TO_CENTER,2.61,32.16,133.46,0,1500,1678,CENTER
1175318.590,TO_CENTER,2.61,32.16,133.46,0,1500,1678,CENTER
1175318.610,TO_CENTER,2.61,32.16,133.46,0,1500,1678,CENTER
1175318.631,TO_CENTER,2.61,32.16,133.46,0,1500,1678,CENTER
1175318.651,TO_CENTER,2.61,32.16,133.46,0,1500,1678,CENTER
1175318.672,TO_CENTER,2.61,32.16,133.46,0,1500,1678,CENTER
1175318.692,TO_CENTER,2.61,32.16,133.46,0,1500,1678,CENTER
1175318.712,TO_CENTER,2.61,32.16,133.46,0,1500,1678,CENTER
1175318.733,TO_CENTER,2.61,32.16,133.46,0,1500,1678,CENTER
1175318.753,TO_CENTER,2.61,32.16,133.46,0,1500,1678,CENTER
1175318.775,TO_CENTER,2.61,32.16,133.46,0,1500,1678,CENTER
1175318.795,TO_CENTER,2.61,32.16,133.46,0,1500,1678,CENTER
1175318.815,TO_CENTER,2.61,32.16,133.46,0,1500,1678,CENTER
1175318.837,TO_CENTER,2.61,32.16,133.46,0,1500,1678,CENTER
1175318.857,TO_CENTER,2.61,32.16,133.46,0,1500,1678,CENTER
1175318.877,TO_CENTER,2.61,32.16,133.46,0,1500,1678,CENTER
1175318.898,TO_CENTER,2.61,32.16,133.46,0,1500,1678,CENTER
1175318.918,TO_CENTER,2.61,32.16,133.46,0,1500,1678,CENTER
1175318.939,TO_CENTER,2.61,32.16,133.46,0,1500,1678,CENTER
1175318.960,TO_CENTER,2.61,32.16,133.46,0,1500,1678,CENTER
1175318.980,TO_CENTER,2.61,32.16,133.46,0,1500,1678,CENTER
1175319.001,TO_CENTER,2.61,32.16,133.46,0,1500,1678,CENTER
1175319.021,TO_CENTER,2.61,32.16,133.46,0,1500,1678,CENTER
1175319.041,TO_CENTER,2.61,32.16,133.46,0,1500,1678,CENTER
1175319.062,TO_CENTER,2.61,32.16,133.46,0,1500,1678,CENTER
1175319.082,TO_CENTER,2.61,32.16,133.46,0,1500,1678,CENTER
1175319.103,TO_CENTER,2.61,32.16,133.46,0,1500,1678,CENTER
1175319.123,TO_CENTER,2.61,32.16,133.46,0,1500,1678,CENTER
1175319.143,TO_CENTER,2.61,32.16,133.46,0,1500,1678,CENTER
1175319.164,TO_CENTER,2.61,32.16,133.46,0,1500,1678,CENTER
1175319.184,TO_CENTER,2.61,32.16,133.46,0,1500,1678,CENTER
1175319.205,TO_CENTER,2.61,32.16,133.46,0,1500,1678,CENTER
1175319.225,TO_CENTER,2.61,32.16,133.46,0,1500,1678,CENTER
1175319.246,TO_CENTER,2.61,32.16,133.46,0,1500,1678,CENTER
1175319.266,TO_CENTER,2.61,32.16,133.46,0,1500,1678,CENTER
1175319.287,TO_CENTER,2.61,32.16,133.46,0,1500,1678,CENTER
1175319.310,TO_CENTER,2.61,32.16,133.46,0,1500,1678,CENTER
1175319.328,TO_CENTER,2.61,32.16,133.46,0,1500,1678,CENTER
1175319.349,TO_CENTER,2.61,32.16,133.46,0,1500,1678,CENTER
1175319.372,TO_CENTER,2.61,32.16,133.46,0,1500,1678,CENTER
1175319.390,TO_CENTER,2.61,32.16,133.46,0,1500,1678,CENTER
1175319.411,TO_CENTER,2.61,32.16,133.46,0,1500,1678,CENTER
1175319.433,TO_CENTER,2.61,32.16,133.46,0,1500,1678,CENTER
1175319.454,TO_CENTER,2.61,32.16,133.46,0,1500,1678,CENTER
1175319.475,TO_CENTER,2.61,32.16,133.46,0,1500,1678,CENTER
1175319.496,TO_CENTER,2.61,32.16,133.46,0,1500,1678,CENTER
1175319.516,TO_CENTER,2.61,32.16,133.46,0,1500,1678,CENTER
1175319.537,TO_CENTER,2.61,32.16,133.46,0,1500,1678,CENTER
1175319.558,TO_CENTER,2.61,32.16,133.46,0,1500,1678,CENTER
1175319.578,TO_CENTER,2.61,32.16,133.46,0,1500,1678,CENTER
1175319.599,TO_CENTER,2.61,32.16,133.46,0,1500,1678,CENTER
1175319.619,TO_CENTER,2.61,32.16,133.46,0,1500,1678,CENTER
1175319.639,TO_CENTER,2.61,32.16,133.46,0,1500,1678,CENTER
1175319.660,TO_CENTER,2.61,32.16,133.46,0,1500,1678,CENTER
1175319.681,TO_CENTER,2.61,32.16,133.46,0,1500,1678,CENTER
1175319.701,TO_CENTER,2.61,32.16,133.46,0,1500,1678,CENTER
1175319.722,TO_CENTER,2.61,32.16,133.46,0,1500,1678,CENTER
1175319.742,TO_CENTER,2.61,32.16,133.46,0,1500,1678,CENTER
1175319.763,TO_CENTER,2.61,32.16,133.46,0,1500,1678,CENTER
1175319.783,TO_CENTER,2.61,32.16,133.46,0,1500,1678,CENTER
1175319.804,TO_CENTER,2.61,32.16,133.46,0,1500,1678,CENTER
1175319.824,TO_CENTER,2.61,32.16,133.46,0,1500,1678,CENTER
1175319.844,TO_CENTER,2.61,32.16,133.46,0,1500,1678,CENTER
1175319.865,TO_CENTER,2.61,32.16,133.46,0,1500,1678,CENTER
1175319.885,TO_CENTER,2.61,32.16,133.46,0,1500,1678,CENTER
1175319.906,TO_CENTER,2.61,32.16,133.46,0,1500,1678,CENTER
1175319.926,TO_CENTER,2.61,32.16,133.46,0,1500,1678,CENTER
1175319.947,TO_CENTER,2.61,32.16,133.46,0,1500,1678,CENTER
1175319.967,TO_CENTER,2.61,32.16,133.46,0,1500,1678,CENTER
1175319.988,TO_CENTER,2.61,32.16,133.46,0,1500,1678,CENTER
1175320.010,TO_CENTER,2.61,32.16,133.46,0,1500,1678,CENTER
1175320.030,TO_CENTER,2.61,32.16,133.46,0,1500,1678,CENTER
1175320.051,TO_CENTER,2.61,32.16,133.46,0,1500,1678,CENTER
1175320.071,TO_CENTER,2.61,32.16,133.46,0,1500,1678,CENTER
1175320.091,TO_CENTER,2.61,32.16,133.46,0,1500,1678,CENTER
1175320.112,TO_CENTER,2.61,32.16,133.46,0,1500,1678,CENTER
1175320.133,TO_CENTER,2.61,32.16,133.46,0,1500,1678,CENTER
1175320.153,TO_CENTER,2.61,32.16,133.46,0,1500,1678,CENTER
1175320.174,TO_CENTER,2.61,32.16,133.46,0,1500,1678,CENTER
1175320.194,TO_CENTER,2.61,32.16,133.46,0,1500,1678,CENTER
1175320.215,TO_CENTER,2.61,32.16,133.46,0,1500,1678,CENTER
1175320.235,TO_CENTER,2.61,32.16,133.46,0,1500,1678,CENTER
1175320.256,TO_CENTER,2.61,32.16,133.46,0,1500,1678,CENTER
1175320.276,TO_CENTER,2.61,32.16,133.46,0,1500,1678,CENTER
1175320.297,TO_CENTER,2.61,32.16,133.46,0,1500,1678,CENTER
1175320.317,TO_CENTER,2.61,32.16,133.46,0,1500,1678,CENTER
1175320.338,TO_CENTER,2.61,32.16,133.46,0,1500,1678,CENTER
1175320.358,TO_CENTER,2.61,32.16,133.46,0,1500,1678,CENTER
1175320.379,TO_CENTER,2.61,32.16,133.46,0,1500,1678,CENTER
1175320.399,TO_CENTER,2.61,32.16,133.46,0,1500,1678,CENTER
1175320.420,TO_CENTER,2.61,32.16,133.46,0,1500,1678,CENTER
1175320.440,TO_CENTER,2.61,32.16,133.46,0,1500,1678,CENTER
1175320.462,TO_CENTER,2.61,32.16,133.46,0,1500,1678,CENTER
1175320.482,TO_CENTER,2.61,32.16,133.46,0,1500,1678,CENTER
1175320.503,TO_CENTER,2.61,32.16,133.46,0,1500,1678,CENTER
1175320.523,TO_CENTER,2.61,32.16,133.46,0,1500,1678,CENTER
1175320.544,TO_CENTER,2.61,32.16,133.46,0,1500,1678,CENTER
1175320.564,TO_CENTER,2.61,32.16,133.46,0,1500,1678,CENTER
1175320.585,TO_CENTER,2.61,32.16,133.46,0,1500,1678,CENTER
1175320.605,TO_CENTER,2.61,32.16,133.46,0,1500,1678,CENTER
1175320.626,TO_CENTER,2.61,32.16,133.46,0,1500,1678,CENTER
1175320.646,TO_CENTER,2.61,32.16,133.46,0,1500,1678,CENTER
1175320.667,TO_CENTER,2.61,32.16,133.46,0,1500,1678,CENTER
1175320.687,TO_CENTER,2.61,32.16,133.46,0,1500,1678,CENTER
1175320.708,TO_CENTER,2.61,32.16,133.46,0,1500,1678,CENTER
1175320.728,TO_CENTER,2.61,32.16,133.46,0,1500,1678,CENTER
1175320.749,TO_CENTER,2.61,32.16,133.46,0,1500,1678,CENTER
1175320.769,TO_CENTER,2.61,32.16,133.46,0,1500,1678,CENTER
1175320.790,TO_CENTER,2.61,32.16,133.46,0,1500,1678,CENTER
1175320.810,TO_CENTER,2.61,32.16,133.46,0,1500,1678,CENTER
1175320.830,TO_CENTER,2.61,32.16,133.46,0,1500,1678,CENTER
1175320.851,TO_CENTER,2.61,32.16,133.46,0,1500,1678,CENTER
1175320.872,TO_CENTER,2.61,32.16,133.46,0,1500,1678,CENTER
1175320.892,TO_CENTER,2.61,32.16,133.46,0,1500,1678,CENTER
1175320.912,TO_CENTER,2.61,32.16,133.46,0,1500,1678,CENTER
1175320.933,TO_CENTER,2.61,32.16,133.46,0,1500,1678,CENTER
1175320.953,TO_CENTER,2.61,32.16,133.46,0,1500,1678,CENTER
1175320.974,TO_CENTER,2.61,32.16,133.46,0,1500,1678,CENTER
1175320.994,TO_CENTER,2.61,32.16,133.46,0,1500,1678,CENTER
1175321.015,TO_CENTER,2.61,32.16,133.46,0,1500,1678,CENTER
1175321.035,TO_CENTER,2.61,32.16,133.46,0,1500,1678,CENTER
1175321.056,TO_CENTER,2.61,32.16,133.46,0,1500,1678,CENTER
1175321.077,TO_CENTER,2.61,32.16,133.46,0,1500,1678,CENTER
1175321.097,TO_CENTER,2.61,32.16,133.46,0,1500,1678,CENTER
1175321.118,TO_CENTER,2.61,32.16,133.46,0,1500,1678,CENTER
1175321.139,TO_CENTER,2.61,32.16,133.46,0,1500,1678,CENTER
1175321.159,TO_CENTER,2.61,32.16,133.46,0,1500,1678,CENTER
1175321.180,TO_CENTER,2.61,32.16,133.46,0,1500,1678,CENTER
1175321.200,TO_CENTER,2.61,32.16,133.46,0,1500,1678,CENTER
1175321.221,TO_CENTER,2.61,32.16,133.46,0,1500,1678,CENTER
1175321.241,TO_CENTER,2.61,32.16,133.46,0,1500,1678,CENTER
1175321.261,TO_CENTER,2.61,32.16,133.46,0,1500,1678,CENTER
1175321.282,TO_CENTER,2.61,32.16,133.46,0,1500,1678,CENTER
1175321.302,TO_CENTER,2.61,32.16,133.46,0,1500,1678,CENTER
1175321.323,TO_CENTER,2.61,32.16,133.46,0,1500,1678,CENTER
1175321.343,TO_CENTER,2.61,32.16,133.46,0,1500,1678,CENTER
1175321.364,TO_CENTER,2.61,32.16,133.46,0,1500,1678,CENTER
1175321.384,TO_CENTER,2.61,32.16,133.46,0,1500,1678,CENTER
1175321.405,TO_CENTER,2.61,32.16,133.46,0,1500,1678,CENTER
1175321.425,TO_CENTER,2.61,32.16,133.46,0,1500,1678,CENTER
1175321.446,TO_CENTER,2.61,32.16,133.46,0,1500,1678,CENTER
1175321.466,TO_CENTER,2.61,32.16,133.46,0,1500,1678,CENTER
1175321.486,TO_CENTER,2.61,32.16,133.46,0,1500,1678,CENTER
1175321.507,TO_CENTER,2.61,32.16,133.46,0,1500,1678,CENTER
1175321.528,TO_CENTER,2.61,32.16,133.46,0,1500,1678,CENTER
1175321.548,TO_CENTER,2.61,32.16,133.46,0,1500,1678,CENTER
1175321.569,TO_CENTER,2.61,32.16,133.46,0,1500,1678,CENTER
1175321.589,TO_CENTER,2.61,32.16,133.46,0,1500,1678,CENTER
1175321.610,TO_CENTER,2.61,32.16,133.46,0,1500,1678,CENTER
1175321.630,TO_CENTER,2.61,32.16,133.46,0,1500,1678,CENTER
1175321.652,TO_CENTER,2.61,32.16,133.46,0,1500,1678,CENTER
1175321.672,TO_CENTER,2.61,32.16,133.46,0,1500,1678,CENTER
1175321.693,TO_CENTER,2.61,32.16,133.46,0,1500,1678,CENTER
1175321.713,TO_CENTER,2.61,32.16,133.46,0,1500,1678,CENTER
1175321.734,TO_CENTER,2.61,32.16,133.46,0,1500,1678,CENTER
1175321.754,TO_CENTER,2.61,32.16,133.46,0,1500,1678,CENTER
1175321.775,TO_CENTER,2.61,32.16,133.46,0,1500,1678,CENTER
1175321.796,TO_CENTER,2.61,32.16,133.46,0,1500,1678,CENTER
1175321.816,TO_CENTER,2.61,32.16,133.46,0,1500,1678,CENTER
1175321.836,TO_CENTER,2.61,32.16,133.46,0,1500,1678,CENTER
1175321.857,TO_CENTER,2.61,32.16,133.46,0,1500,1678,CENTER
1175321.877,TO_CENTER,2.61,32.16,133.46,0,1500,1678,CENTER
1175321.897,TO_CENTER,2.61,32.16,133.46,0,1500,1678,CENTER
1175321.918,TO_CENTER,2.61,32.16,133.46,0,1500,1678,CENTER
1175321.938,TO_CENTER,2.61,32.16,133.46,0,1500,1678,CENTER
1175321.959,TO_CENTER,2.61,32.16,133.46,0,1500,1678,CENTER
1175321.979,TO_CENTER,2.61,32.16,133.46,0,1500,1678,CENTER
1175322.000,TO_CENTER,2.61,32.16,133.46,0,1500,1678,CENTER
1175322.020,TO_CENTER,2.61,32.16,133.46,0,1500,1678,CENTER
1175322.041,TO_CENTER,2.61,32.16,133.46,0,1500,1678,CENTER
1175322.061,TO_CENTER,2.61,32.16,133.46,0,1500,1678,CENTER
1175322.082,TO_CENTER,2.61,32.16,133.46,0,1500,1678,CENTER
1175322.102,TO_CENTER,2.61,32.16,133.46,0,1500,1678,CENTER
1175322.122,TO_CENTER,2.61,32.16,133.46,0,1500,1678,CENTER
1175322.142,TO_CENTER,2.61,32.16,133.46,0,1500,1678,CENTER
1175322.163,TO_CENTER,2.61,32.16,133.46,0,1500,1678,CENTER
1175322.183,TO_CENTER,2.61,32.16,133.46,0,1500,1678,CENTER
1175322.204,TO_CENTER,2.61,32.16,133.46,0,1500,1678,CENTER
1175322.224,TO_CENTER,2.61,32.16,133.46,0,1500,1678,CENTER
1175322.245,TO_CENTER,2.61,32.16,133.46,0,1500,1678,CENTER
1175322.265,TO_CENTER,2.61,32.16,133.46,0,1500,1678,CENTER
1175322.285,TO_CENTER,2.61,32.16,133.46,0,1500,1678,CENTER
1175322.305,TO_CENTER,2.61,32.16,133.46,0,1500,1678,CENTER
1175322.326,TO_CENTER,2.61,32.16,133.46,0,1500,1678,CENTER
1175322.346,TO_CENTER,2.61,32.16,133.46,0,1500,1678,CENTER
1175322.367,TO_CENTER,2.61,32.16,133.46,0,1500,1678,CENTER
1175322.387,TO_CENTER,2.61,32.16,133.46,0,1500,1678,CENTER
1175322.407,TO_CENTER,2.61,32.16,133.46,0,1500,1678,CENTER
1175322.427,TO_CENTER,2.61,32.16,133.46,0,1500,1678,CENTER
1175322.448,TO_CENTER,2.61,32.16,133.46,0,1500,1678,CENTER
1175322.468,TO_CENTER,2.61,32.16,133.46,0,1500,1678,CENTER
1175322.489,TO_CENTER,2.61,32.16,133.46,0,1500,1678,CENTER
1175322.509,TO_CENTER,2.61,32.16,133.46,0,1500,1678,CENTER
1175322.529,TO_CENTER,2.61,32.16,133.46,0,1500,1678,CENTER
1175322.550,TO_CENTER,2.61,32.16,133.46,0,1500,1678,CENTER
1175322.572,TO_CENTER,2.61,32.16,133.46,0,1500,1678,CENTER
1175322.592,TO_CENTER,2.61,32.16,133.46,0,1500,1678,CENTER
1175322.612,TO_CENTER,2.61,32.16,133.46,0,1500,1678,CENTER
1175322.633,TO_CENTER,2.61,32.16,133.46,0,1500,1678,CENTER
1175322.653,TO_CENTER,2.61,32.16,133.46,0,1500,1678,CENTER
1175322.674,TO_CENTER,2.61,32.16,133.46,0,1500,1678,CENTER
1175322.695,TO_CENTER,2.61,32.16,133.46,0,1500,1678,CENTER
1175322.715,TO_CENTER,2.61,32.16,133.46,0,1500,1678,CENTER
1175322.736,TO_CENTER,2.61,32.16,133.46,0,1500,1678,CENTER
1175322.756,TO_CENTER,2.61,32.16,133.46,0,1500,1678,CENTER
1175322.777,TO_CENTER,2.61,32.16,133.46,0,1500,1678,CENTER
1175322.797,TO_CENTER,2.61,32.16,133.46,0,1500,1678,CENTER
1175322.817,TO_CENTER,2.61,32.16,133.46,0,1500,1678,CENTER
1175322.840,TO_CENTER,2.61,32.16,133.46,0,1500,1678,CENTER
1175322.860,TO_CENTER,2.61,32.16,133.46,0,1500,1678,CENTER
1175322.881,TO_CENTER,2.61,32.16,133.46,0,1500,1678,CENTER
1175322.901,TO_CENTER,2.61,32.16,133.46,0,1500,1678,CENTER
1175322.921,TO_CENTER,2.61,32.16,133.46,0,1500,1678,CENTER
1175322.942,TO_CENTER,2.61,32.16,133.46,0,1500,1678,CENTER
1175322.963,TO_CENTER,2.61,32.16,133.46,0,1500,1678,CENTER
1175322.983,TO_CENTER,2.61,32.16,133.46,0,1500,1678,CENTER
1175323.004,TO_CENTER,2.61,32.16,133.46,0,1500,1678,CENTER
1175323.024,TO_CENTER,2.61,32.16,133.46,0,1500,1678,CENTER
1175323.045,TO_CENTER,2.61,32.16,133.46,0,1500,1678,CENTER
1175323.065,TO_CENTER,2.61,32.16,133.46,0,1500,1678,CENTER
1175323.087,TO_CENTER,2.61,32.16,133.46,0,1500,1678,CENTER
1175323.107,TO_CENTER,2.61,32.16,133.46,0,1500,1678,CENTER
1175323.128,TO_CENTER,2.61,32.16,133.46,0,1500,1678,CENTER
1175323.148,TO_CENTER,2.61,32.16,133.46,0,1500,1678,CENTER
1175323.169,TO_CENTER,2.61,32.16,133.46,0,1500,1678,CENTER
1175323.189,TO_CENTER,2.61,32.16,133.46,0,1500,1678,CENTER
1175323.210,TO_CENTER,2.61,32.16,133.46,0,1500,1678,CENTER
1175323.230,TO_CENTER,2.61,32.16,133.46,0,1500,1678,CENTER
1175323.251,TO_CENTER,2.61,32.16,133.46,0,1500,1678,CENTER
1175323.271,TO_CENTER,2.61,32.16,133.46,0,1500,1678,CENTER
1175323.292,TO_CENTER,2.61,32.16,133.46,0,1500,1678,CENTER
1175323.313,TO_CENTER,2.61,32.16,133.46,0,1500,1678,CENTER
1175323.333,TO_CENTER,2.61,32.16,133.46,0,1500,1678,CENTER
1175323.354,TO_CENTER,2.61,32.16,133.46,0,1500,1678,CENTER
1175323.374,TO_CENTER,2.61,32.16,133.46,0,1500,1678,CENTER
1175323.394,TO_CENTER,2.61,32.16,133.46,0,1500,1678,CENTER
1175323.416,TO_CENTER,2.61,32.16,133.46,0,1500,1678,CENTER
1175323.436,TO_CENTER,2.61,32.16,133.46,0,1500,1678,CENTER
1175323.457,TO_CENTER,2.61,32.16,133.46,0,1500,1678,CENTER
1175323.478,TO_CENTER,2.61,32.16,133.46,0,1500,1678,CENTER
1175323.498,TO_CENTER,2.61,32.16,133.46,0,1500,1678,CENTER
1175323.519,TO_CENTER,2.61,32.16,133.46,0,1500,1678,CENTER
1175323.539,TO_CENTER,2.61,32.16,133.46,0,1500,1678,CENTER
1175323.560,TO_CENTER,2.61,32.16,133.46,0,1500,1678,CENTER
1175323.580,TO_CENTER,2.61,32.16,133.46,0,1500,1678,CENTER
1175323.601,TO_CENTER,2.61,32.16,133.46,0,1500,1678,CENTER
1175323.621,TO_CENTER,2.61,32.16,133.46,0,1500,1678,CENTER
1175323.642,TO_CENTER,2.61,32.16,133.46,0,1500,1678,CENTER
1175323.662,TO_CENTER,2.61,32.16,133.46,0,1500,1678,CENTER
1175323.682,TO_CENTER,2.61,32.16,133.46,0,1500,1678,CENTER
1175323.703,TO_CENTER,2.61,32.16,133.46,0,1500,1678,CENTER
1175323.723,TO_CENTER,2.61,32.16,133.46,0,1500,1678,CENTER
1175323.745,TO_CENTER,2.61,32.16,133.46,0,1500,1678,CENTER
1175323.765,TO_CENTER,2.61,32.16,133.46,0,1500,1678,CENTER
1175323.785,TO_CENTER,2.61,32.16,133.46,0,1500,1678,CENTER
1175323.806,TO_CENTER,2.61,32.16,133.46,0,1500,1678,CENTER
1175323.826,TO_CENTER,2.61,32.16,133.46,0,1500,1678,CENTER
1175323.846,TO_CENTER,2.61,32.16,133.46,0,1500,1678,CENTER
1175323.867,TO_CENTER,2.61,32.16,133.46,0,1500,1678,CENTER
1175323.887,TO_CENTER,2.61,32.16,133.46,0,1500,1678,CENTER
1175323.908,TO_CENTER,2.61,32.16,133.46,0,1500,1678,CENTER
1175323.928,TO_CENTER,2.61,32.16,133.46,0,1500,1678,CENTER
1175323.949,TO_CENTER,2.61,32.16,133.46,0,1500,1678,CENTER
1175323.969,TO_CENTER,2.61,32.16,133.46,0,1500,1678,CENTER
1175323.990,TO_CENTER,2.61,32.16,133.46,0,1500,1678,CENTER
1175324.011,TO_CENTER,2.61,32.16,133.46,0,1500,1678,CENTER
1175324.031,TO_CENTER,2.61,32.16,133.46,0,1500,1678,CENTER
1175324.052,TO_CENTER,2.61,32.16,133.46,0,1500,1678,CENTER
1175324.073,TO_CENTER,2.61,32.16,133.46,0,1500,1678,CENTER
1175324.093,TO_CENTER,2.61,32.16,133.46,0,1500,1678,CENTER
1175324.114,TO_CENTER,2.61,32.16,133.46,0,1500,1678,CENTER
1175324.134,TO_CENTER,2.61,32.16,133.46,0,1500,1678,CENTER
1175324.155,TO_CENTER,2.61,32.16,133.46,0,1500,1678,CENTER
1175324.176,TO_CENTER,2.61,32.16,133.46,0,1500,1678,CENTER
1175324.196,TO_CENTER,2.61,32.16,133.46,0,1500,1678,CENTER
1175324.217,TO_CENTER,2.61,32.16,133.46,0,1500,1678,CENTER
1175324.237,TO_CENTER,2.61,32.16,133.46,0,1500,1678,CENTER
1175324.258,TO_CENTER,2.61,32.16,133.46,0,1500,1678,CENTER
1175324.278,TO_CENTER,2.61,32.16,133.46,0,1500,1678,CENTER
1175324.299,TO_CENTER,2.61,32.16,133.46,0,1500,1678,CENTER
1175324.319,TO_CENTER,2.61,32.16,133.46,0,1500,1678,CENTER
1175324.339,TO_CENTER,2.61,32.16,133.46,0,1500,1678,CENTER
1175324.360,TO_CENTER,2.61,32.16,133.46,0,1500,1678,CENTER
1175324.380,TO_CENTER,2.61,32.16,133.46,0,1500,1678,CENTER
1175324.400,TO_CENTER,2.61,32.16,133.46,0,1500,1678,CENTER
1175324.421,TO_CENTER,2.61,32.16,133.46,0,1500,1678,CENTER
1175324.441,TO_CENTER,2.61,32.16,133.46,0,1500,1678,CENTER
1175324.462,TO_CENTER,2.61,32.16,133.46,0,1500,1678,CENTER
1175324.482,TO_CENTER,2.61,32.16,133.46,0,1500,1678,CENTER
1175324.503,TO_CENTER,2.61,32.16,133.46,0,1500,1678,CENTER
1175324.523,TO_CENTER,2.61,32.16,133.46,0,1500,1678,CENTER
1175324.544,TO_CENTER,2.61,32.16,133.46,0,1500,1678,CENTER
1175324.564,TO_CENTER,2.61,32.16,133.46,0,1500,1678,CENTER
1175324.585,TO_CENTER,2.61,32.16,133.46,0,1500,1678,CENTER
1175324.605,TO_CENTER,2.61,32.16,133.46,0,1500,1678,CENTER
1175324.626,TO_CENTER,2.61,32.16,133.46,0,1500,1678,CENTER
1175324.646,TO_CENTER,2.61,32.16,133.46,0,1500,1678,CENTER
1175324.667,TO_CENTER,2.61,32.16,133.46,0,1500,1678,CENTER
1175324.687,TO_CENTER,2.61,32.16,133.46,0,1500,1678,CENTER
1175324.708,TO_CENTER,2.61,32.16,133.46,0,1500,1678,CENTER
1175324.729,TO_CENTER,2.61,32.16,133.46,0,1500,1678,CENTER
1175324.749,TO_CENTER,2.61,32.16,133.46,0,1500,1678,CENTER
1175324.770,TO_CENTER,2.61,32.16,133.46,0,1500,1678,CENTER
1175324.790,TO_CENTER,2.61,32.16,133.46,0,1500,1678,CENTER
1175324.811,TO_CENTER,2.61,32.16,133.46,0,1500,1678,CENTER
1175324.831,TO_CENTER,2.61,32.16,133.46,0,1500,1678,CENTER
1175324.853,TO_CENTER,2.61,32.16,133.46,0,1500,1678,CENTER
1175324.873,TO_CENTER,2.61,32.16,133.46,0,1500,1678,CENTER
1175324.894,TO_CENTER,2.61,32.16,133.46,0,1500,1678,CENTER
1175324.914,TO_CENTER,2.61,32.16,133.46,0,1500,1678,CENTER
1175324.935,TO_CENTER,2.61,32.16,133.46,0,1500,1678,CENTER
1175324.955,TO_CENTER,2.61,32.16,133.46,0,1500,1678,CENTER
1175324.976,TO_CENTER,2.61,32.16,133.46,0,1500,1678,CENTER
1175324.996,TO_CENTER,2.61,32.16,133.46,0,1500,1678,CENTER
1175325.016,TO_CENTER,2.61,32.16,133.46,0,1500,1678,CENTER
1175325.037,TO_CENTER,2.61,32.16,133.46,0,1500,1678,CENTER
1175325.058,TO_CENTER,2.61,32.16,133.46,0,1500,1678,CENTER
1175325.078,TO_CENTER,2.61,32.16,133.46,0,1500,1678,CENTER
1175325.098,TO_CENTER,2.61,32.16,133.46,0,1500,1678,CENTER
1175325.119,TO_CENTER,2.61,32.16,133.46,0,1500,1678,CENTER
1175325.139,TO_CENTER,2.61,32.16,133.46,0,1500,1678,CENTER
1175325.159,TO_CENTER,2.61,32.16,133.46,0,1500,1678,CENTER
1175325.180,TO_CENTER,2.61,32.16,133.46,0,1500,1678,CENTER
1175325.200,TO_CENTER,2.61,32.16,133.46,0,1500,1678,CENTER
1175325.221,TO_CENTER,2.61,32.16,133.46,0,1500,1678,CENTER
1175325.241,TO_CENTER,2.61,32.16,133.46,0,1500,1678,CENTER
1175325.262,TO_CENTER,2.61,32.16,133.46,0,1500,1678,CENTER
1175325.282,TO_CENTER,2.61,32.16,133.46,0,1500,1678,CENTER
1175325.303,TO_CENTER,2.61,32.16,133.46,0,1500,1678,CENTER
1175325.323,TO_CENTER,2.61,32.16,133.46,0,1500,1678,CENTER
1175325.344,TO_CENTER,2.61,32.16,133.46,0,1500,1678,CENTER
1175325.364,TO_CENTER,2.61,32.16,133.46,0,1500,1678,CENTER
1175325.385,TO_CENTER,2.61,32.16,133.46,0,1500,1678,CENTER
1175325.405,TO_CENTER,2.61,32.16,133.46,0,1500,1678,CENTER
1175325.426,TO_CENTER,2.61,32.16,133.46,0,1500,1678,CENTER
1175325.447,TO_CENTER,2.61,32.16,133.46,0,1500,1678,CENTER
1175325.467,TO_CENTER,2.61,32.16,133.46,0,1500,1678,CENTER
1175325.488,TO_CENTER,2.61,32.16,133.46,0,1500,1678,CENTER
1175325.508,TO_CENTER,2.61,32.16,133.46,0,1500,1678,CENTER
1175325.529,TO_CENTER,2.61,32.16,133.46,0,1500,1678,CENTER
1175325.549,TO_CENTER,2.61,32.16,133.46,0,1500,1678,CENTER
1175325.570,TO_CENTER,2.61,32.16,133.46,0,1500,1678,CENTER
1175325.590,TO_CENTER,2.61,32.16,133.46,0,1500,1678,CENTER
1175325.611,TO_CENTER,2.61,32.16,133.46,0,1500,1678,CENTER
1175325.631,TO_CENTER,2.61,32.16,133.46,0,1500,1678,CENTER
1175325.652,TO_CENTER,2.61,32.16,133.46,0,1500,1678,CENTER
1175325.672,TO_CENTER,2.61,32.16,133.46,0,1500,1678,CENTER
1175325.692,TO_CENTER,2.61,32.16,133.46,0,1500,1678,CENTER
1175325.713,TO_CENTER,2.61,32.16,133.46,0,1500,1678,CENTER
1175325.733,TO_CENTER,2.61,32.16,133.46,0,1500,1678,CENTER
1175325.754,TO_CENTER,2.61,32.16,133.46,0,1500,1678,CENTER
1175325.775,TO_CENTER,2.61,32.16,133.46,0,1500,1678,CENTER
1175325.795,TO_CENTER,2.61,32.16,133.46,0,1500,1678,CENTER
1175325.815,TO_CENTER,2.61,32.16,133.46,0,1500,1678,CENTER
1175325.836,TO_CENTER,2.61,32.16,133.46,0,1500,1678,CENTER
1175325.856,TO_CENTER,2.61,32.16,133.46,0,1500,1678,CENTER
1175325.877,TO_CENTER,2.61,32.16,133.46,0,1500,1678,CENTER
1175325.897,TO_CENTER,2.61,32.16,133.46,0,1500,1678,CENTER
1175325.918,TO_CENTER,2.61,32.16,133.46,0,1500,1678,CENTER
1175325.938,TO_CENTER,2.61,32.16,133.46,0,1500,1678,CENTER
1175325.959,TO_CENTER,2.61,32.16,133.46,0,1500,1678,CENTER
1175325.979,TO_CENTER,2.61,32.16,133.46,0,1500,1678,CENTER
1175326.000,TO_CENTER,2.61,32.16,133.46,0,1500,1678,CENTER
1175326.020,TO_CENTER,2.61,32.16,133.46,0,1500,1678,CENTER
1175326.041,TO_CENTER,2.61,32.16,133.46,0,1500,1678,CENTER
1175326.061,TO_CENTER,2.61,32.16,133.46,0,1500,1678,CENTER
1175326.082,TO_CENTER,2.61,32.16,133.46,0,1500,1678,CENTER
1175326.103,TO_CENTER,2.61,32.16,133.46,0,1500,1678,CENTER
1175326.123,TO_CENTER,2.61,32.16,133.46,0,1500,1678,CENTER
1175326.144,TO_CENTER,2.61,32.16,133.46,0,1500,1678,CENTER
1175326.164,TO_CENTER,2.61,32.16,133.46,0,1500,1678,CENTER
1175326.185,TO_CENTER,2.61,32.16,133.46,0,1500,1678,CENTER
1175326.205,TO_CENTER,2.61,32.16,133.46,0,1500,1678,CENTER
1175326.226,TO_CENTER,2.61,32.16,133.46,0,1500,1678,CENTER
1175326.246,TO_CENTER,2.61,32.16,133.46,0,1500,1678,CENTER
1175326.267,TO_CENTER,2.61,32.16,133.46,0,1500,1678,CENTER
1175326.287,TO_CENTER,2.61,32.16,133.46,0,1500,1678,CENTER
1175326.308,TO_CENTER,2.61,32.16,133.46,0,1500,1678,CENTER
1175326.328,TO_CENTER,2.61,32.16,133.46,0,1500,1678,CENTER
1175326.349,TO_CENTER,2.61,32.16,133.46,0,1500,1678,CENTER
1175326.370,TO_CENTER,2.61,32.16,133.46,0,1500,1678,CENTER
1175326.390,TO_CENTER,2.61,32.16,133.46,0,1500,1678,CENTER
1175326.411,TO_CENTER,2.61,32.16,133.46,0,1500,1678,CENTER
1175326.431,TO_CENTER,2.61,32.16,133.46,0,1500,1678,CENTER
1175326.452,TO_CENTER,2.61,32.16,133.46,0,1500,1678,CENTER
1175326.472,TO_CENTER,2.61,32.16,133.46,0,1500,1678,CENTER
1175326.493,TO_CENTER,2.61,32.16,133.46,0,1500,1678,CENTER
1175326.513,TO_CENTER,2.61,32.16,133.46,0,1500,1678,CENTER
1175326.534,TO_CENTER,2.61,32.16,133.46,0,1500,1678,CENTER
1175326.555,TO_CENTER,2.61,32.16,133.46,0,1500,1678,CENTER
1175326.575,TO_CENTER,2.61,32.16,133.46,0,1500,1678,CENTER
1175326.595,TO_CENTER,2.61,32.16,133.46,0,1500,1678,CENTER
1175326.617,TO_CENTER,2.61,32.16,133.46,0,1500,1678,CENTER
1175326.637,TO_CENTER,2.61,32.16,133.46,0,1500,1678,CENTER
1175326.658,TO_CENTER,2.61,32.16,133.46,0,1500,1678,CENTER
1175326.679,TO_CENTER,2.61,32.16,133.46,0,1500,1678,CENTER
1175326.699,TO_CENTER,2.61,32.16,133.46,0,1500,1678,CENTER
1175326.720,TO_CENTER,2.61,32.16,133.46,0,1500,1678,CENTER
1175326.740,TO_CENTER,2.61,32.16,133.46,0,1500,1678,CENTER
1175326.761,TO_CENTER,2.61,32.16,133.46,0,1500,1678,CENTER
1175326.781,TO_CENTER,2.61,32.16,133.46,0,1500,1678,CENTER
1175326.802,TO_CENTER,2.61,32.16,133.46,0,1500,1678,CENTER
1175326.822,TO_CENTER,2.61,32.16,133.46,0,1500,1678,CENTER
1175326.843,TO_CENTER,2.61,32.16,133.46,0,1500,1678,CENTER
1175326.863,TO_CENTER,2.61,32.16,133.46,0,1500,1678,CENTER
1175326.884,TO_CENTER,2.61,32.16,133.46,0,1500,1678,CENTER
1175326.904,TO_CENTER,2.61,32.16,133.46,0,1500,1678,CENTER
1175326.925,TO_CENTER,2.61,32.16,133.46,0,1500,1678,CENTER
1175326.945,TO_CENTER,2.61,32.16,133.46,0,1500,1678,CENTER
1175326.966,TO_CENTER,2.61,32.16,133.46,0,1500,1678,CENTER
1175326.986,TO_CENTER,2.61,32.16,133.46,0,1500,1678,CENTER
1175327.007,TO_CENTER,2.61,32.16,133.46,0,1500,1678,CENTER
1175327.027,TO_CENTER,2.61,32.16,133.46,0,1500,1678,CENTER
1175327.048,TO_CENTER,2.61,32.16,133.46,0,1500,1678,CENTER
1175327.068,TO_CENTER,2.61,32.16,133.46,0,1500,1678,CENTER
1175327.089,TO_CENTER,2.61,32.16,133.46,0,1500,1678,CENTER
1175327.109,TO_CENTER,2.61,32.16,133.46,0,1500,1678,CENTER
1175327.130,TO_CENTER,2.61,32.16,133.46,0,1500,1678,CENTER
1175327.150,TO_CENTER,2.61,32.16,133.46,0,1500,1678,CENTER
1175327.170,TO_CENTER,2.61,32.16,133.46,0,1500,1678,CENTER
1175327.191,TO_CENTER,2.61,32.16,133.46,0,1500,1678,CENTER
1175327.212,TO_CENTER,2.61,32.16,133.46,0,1500,1678,CENTER
1175327.232,TO_CENTER,2.61,32.16,133.46,0,1500,1678,CENTER
1175327.253,TO_CENTER,2.61,32.16,133.46,0,1500,1678,CENTER
1175327.273,TO_CENTER,2.61,32.16,133.46,0,1500,1678,CENTER
1175327.293,TO_CENTER,2.61,32.16,133.46,0,1500,1678,CENTER
1175327.314,TO_CENTER,2.61,32.16,133.46,0,1500,1678,CENTER
1175327.334,TO_CENTER,2.61,32.16,133.46,0,1500,1678,CENTER
1175327.355,TO_CENTER,2.61,32.16,133.46,0,1500,1678,CENTER
1175327.375,TO_CENTER,2.61,32.16,133.46,0,1500,1678,CENTER
1175327.396,TO_CENTER,2.61,32.16,133.46,0,1500,1678,CENTER
1175327.416,TO_CENTER,2.61,32.16,133.46,0,1500,1678,CENTER
1175327.437,TO_CENTER,2.61,32.16,133.46,0,1500,1678,CENTER
1175327.458,TO_CENTER,2.61,32.16,133.46,0,1500,1678,CENTER
1175327.478,TO_CENTER,2.61,32.16,133.46,0,1500,1678,CENTER
1175327.498,TO_CENTER,2.61,32.16,133.46,0,1500,1678,CENTER
1175327.519,TO_CENTER,2.61,32.16,133.46,0,1500,1678,CENTER
1175327.539,TO_CENTER,2.61,32.16,133.46,0,1500,1678,CENTER
1175327.559,TO_CENTER,2.61,32.16,133.46,0,1500,1678,CENTER
1175327.580,TO_CENTER,2.61,32.16,133.46,0,1500,1678,CENTER
1175327.600,TO_CENTER,2.61,32.16,133.46,0,1500,1678,CENTER
1175327.621,TO_CENTER,2.61,32.16,133.46,0,1500,1678,CENTER
1175327.641,TO_CENTER,2.61,32.16,133.46,0,1500,1678,CENTER
1175327.662,TO_CENTER,2.61,32.16,133.46,0,1500,1678,CENTER
1175327.682,TO_CENTER,2.61,32.16,133.46,0,1500,1678,CENTER
1175327.702,TO_CENTER,2.61,32.16,133.46,0,1500,1678,CENTER
1175327.723,TO_CENTER,2.61,32.16,133.46,0,1500,1678,CENTER
1175327.743,TO_CENTER,2.61,32.16,133.46,0,1500,1678,CENTER
1175327.764,TO_CENTER,2.61,32.16,133.46,0,1500,1678,CENTER
1175327.785,TO_CENTER,2.61,32.16,133.46,0,1500,1678,CENTER
1175327.805,TO_CENTER,2.61,32.16,133.46,0,1500,1678,CENTER
1175327.826,TO_CENTER,2.61,32.16,133.46,0,1500,1678,CENTER
1175327.846,TO_CENTER,2.61,32.16,133.46,0,1500,1678,CENTER
1175327.867,TO_CENTER,2.61,32.16,133.46,0,1500,1678,CENTER
1175327.887,TO_CENTER,2.61,32.16,133.46,0,1500,1678,CENTER
1175327.908,TO_CENTER,2.61,32.16,133.46,0,1500,1678,CENTER
1175327.928,TO_CENTER,2.61,32.16,133.46,0,1500,1678,CENTER
1175327.949,TO_CENTER,2.61,32.16,133.46,0,1500,1678,CENTER
1175327.969,TO_CENTER,2.61,32.16,133.46,0,1500,1678,CENTER
1175327.989,TO_CENTER,2.61,32.16,133.46,0,1500,1678,CENTER
1175328.010,TO_CENTER,2.61,32.16,133.46,0,1500,1678,CENTER
1175328.030,TO_CENTER,2.61,32.16,133.46,0,1500,1678,CENTER
1175328.051,TO_CENTER,2.61,32.16,133.46,0,1500,1678,CENTER
1175328.071,TO_CENTER,2.61,32.16,133.46,0,1500,1678,CENTER
1175328.092,TO_CENTER,2.61,32.16,133.46,0,1500,1678,CENTER
1175328.113,TO_CENTER,2.61,32.16,133.46,0,1500,1678,CENTER
1175328.133,TO_CENTER,2.61,32.16,133.46,0,1500,1678,CENTER
1175328.153,TO_CENTER,2.61,32.16,133.46,0,1500,1678,CENTER
1175328.174,TO_CENTER,2.61,32.16,133.46,0,1500,1678,CENTER
1175328.194,TO_CENTER,2.61,32.16,133.46,0,1500,1678,CENTER
1175328.215,TO_CENTER,2.61,32.16,133.46,0,1500,1678,CENTER
1175328.235,TO_CENTER,2.61,32.16,133.46,0,1500,1678,CENTER
1175328.255,TO_CENTER,2.61,32.16,133.46,0,1500,1678,CENTER
1175328.276,TO_CENTER,2.61,32.16,133.46,0,1500,1678,CENTER
1175328.296,TO_CENTER,2.61,32.16,133.46,0,1500,1678,CENTER
1175328.317,TO_CENTER,2.61,32.16,133.46,0,1500,1678,CENTER
1175328.337,TO_CENTER,2.61,32.16,133.46,0,1500,1678,CENTER
1175328.358,TO_CENTER,2.61,32.16,133.46,0,1500,1678,CENTER
1175328.378,TO_CENTER,2.61,32.16,133.46,0,1500,1678,CENTER
1175328.399,TO_CENTER,2.61,32.16,133.46,0,1500,1678,CENTER
1175328.419,TO_CENTER,2.61,32.16,133.46,0,1500,1678,CENTER
1175328.441,TO_CENTER,2.61,32.16,133.46,0,1500,1678,CENTER
1175328.461,TO_CENTER,2.61,32.16,133.46,0,1500,1678,CENTER
1175328.481,TO_CENTER,2.61,32.16,133.46,0,1500,1678,CENTER
1175328.502,TO_CENTER,2.61,32.16,133.46,0,1500,1678,CENTER
1175328.522,TO_CENTER,2.61,32.16,133.46,0,1500,1678,CENTER
1175328.543,TO_CENTER,2.61,32.16,133.46,0,1500,1678,CENTER
1175328.563,TO_CENTER,2.61,32.16,133.46,0,1500,1678,CENTER
1175328.584,TO_CENTER,2.61,32.16,133.46,0,1500,1678,CENTER
1175328.604,TO_CENTER,2.61,32.16,133.46,0,1500,1678,CENTER
1175328.625,TO_CENTER,2.61,32.16,133.46,0,1500,1678,CENTER
1175328.645,TO_CENTER,2.61,32.16,133.46,0,1500,1678,CENTER
1175328.665,TO_CENTER,2.61,32.16,133.46,0,1500,1678,CENTER
1175328.686,TO_CENTER,2.61,32.16,133.46,0,1500,1678,CENTER
1175328.706,TO_CENTER,2.61,32.16,133.46,0,1500,1678,CENTER
1175328.727,TO_CENTER,2.61,32.16,133.46,0,1500,1678,CENTER
1175328.747,TO_CENTER,2.61,32.16,133.46,0,1500,1678,CENTER
1175328.768,TO_CENTER,2.61,32.16,133.46,0,1500,1678,CENTER
1175328.788,TO_CENTER,2.61,32.16,133.46,0,1500,1678,CENTER
1175328.809,TO_CENTER,2.61,32.16,133.46,0,1500,1678,CENTER
1175328.830,TO_CENTER,2.61,32.16,133.46,0,1500,1678,CENTER
1175328.850,TO_CENTER,2.61,32.16,133.46,0,1500,1678,CENTER
1175328.871,TO_CENTER,2.61,32.16,133.46,0,1500,1678,CENTER
1175328.892,TO_CENTER,2.61,32.16,133.46,0,1500,1678,CENTER
1175328.912,TO_CENTER,2.61,32.16,133.46,0,1500,1678,CENTER
1175328.933,TO_CENTER,2.61,32.16,133.46,0,1500,1678,CENTER
1175328.953,TO_CENTER,2.61,32.16,133.46,0,1500,1678,CENTER
1175328.974,TO_CENTER,2.61,32.16,133.46,0,1500,1678,CENTER
1175328.994,TO_CENTER,2.61,32.16,133.46,0,1500,1678,CENTER
1175329.015,TO_CENTER,2.61,32.16,133.46,0,1500,1678,CENTER
1175329.035,TO_CENTER,2.61,32.16,133.46,0,1500,1678,CENTER
1175329.056,TO_CENTER,2.61,32.16,133.46,0,1500,1678,CENTER
1175329.076,TO_CENTER,2.61,32.16,133.46,0,1500,1678,CENTER
1175329.097,TO_CENTER,2.61,32.16,133.46,0,1500,1678,CENTER
1175329.117,TO_CENTER,2.61,32.16,133.46,0,1500,1678,CENTER
1175329.138,TO_CENTER,2.61,32.16,133.46,0,1500,1678,CENTER
1175329.158,TO_CENTER,2.61,32.16,133.46,0,1500,1678,CENTER
1175329.179,TO_CENTER,2.61,32.16,133.46,0,1500,1678,CENTER
1175329.199,TO_CENTER,2.61,32.16,133.46,0,1500,1678,CENTER
1175329.220,TO_CENTER,2.61,32.16,133.46,0,1500,1678,CENTER
1175329.240,TO_CENTER,2.61,32.16,133.46,0,1500,1678,CENTER
1175329.261,TO_CENTER,2.61,32.16,133.46,0,1500,1678,CENTER
1175329.283,TO_CENTER,2.61,32.16,133.46,0,1500,1678,CENTER
1175329.304,TO_CENTER,2.61,32.16,133.46,0,1500,1678,CENTER
1175329.324,TO_CENTER,2.61,32.16,133.46,0,1500,1678,CENTER
1175329.345,TO_CENTER,2.61,32.16,133.46,0,1500,1678,CENTER
1175329.366,TO_CENTER,2.61,32.16,133.46,0,1500,1678,CENTER
1175329.386,TO_CENTER,2.61,32.16,133.46,0,1500,1678,CENTER
1175329.407,TO_CENTER,2.61,32.16,133.46,0,1500,1678,CENTER
1175329.427,TO_CENTER,2.61,32.16,133.46,0,1500,1678,CENTER
1175329.449,TO_CENTER,2.61,32.16,133.46,0,1500,1678,CENTER
1175329.471,TO_CENTER,2.61,32.16,133.46,0,1500,1678,CENTER
1175329.492,TO_CENTER,2.61,32.16,133.46,0,1500,1678,CENTER
1175329.512,TO_CENTER,2.61,32.16,133.46,0,1500,1678,CENTER
1175329.533,TO_CENTER,2.61,32.16,133.46,0,1500,1678,CENTER
1175329.553,TO_CENTER,2.61,32.16,133.46,0,1500,1678,CENTER
1175329.573,TO_CENTER,2.61,32.16,133.46,0,1500,1678,CENTER
1175329.594,TO_CENTER,2.61,32.16,133.46,0,1500,1678,CENTER
