mono_t,phase,rel_alt_m,distance_m,h_err_deg,yaw_aligned,pitch_us,throttle_us,target
1175838.623,X_LEG_1,14.31,21.45,-43.67,0,1500,1643,NE
1175838.644,X_LEG_1,14.31,21.45,-43.67,0,1500,1643,NE
1175838.664,X_LEG_1,14.31,21.45,-43.67,0,1500,1643,NE
1175838.685,X_LEG_1,14.31,21.45,-43.67,0,1500,1643,NE
1175838.705,X_LEG_1,14.31,21.45,-43.67,0,1500,1643,NE
1175838.726,X_LEG_1,14.45,21.45,-43.67,0,1500,1642,NE
1175838.746,X_LEG_1,14.45,21.45,-43.67,0,1500,1642,NE
1175838.767,X_LEG_1,14.45,21.45,-43.67,0,1500,1642,NE
1175838.787,X_LEG_1,14.45,21.45,-43.67,0,1500,1642,NE
1175838.808,X_LEG_1,14.45,21.45,-43.67,0,1500,1642,NE
1175838.828,X_LEG_1,14.59,21.45,-43.67,0,1500,1642,NE
1175838.849,X_LEG_1,14.59,21.45,-43.67,0,1500,1642,NE
1175838.869,X_LEG_1,14.59,21.45,-43.67,0,1500,1642,NE
1175838.890,X_LEG_1,14.59,21.45,-43.67,0,1500,1642,NE
1175838.910,X_LEG_1,14.59,21.45,-43.67,0,1500,1642,NE
1175838.931,X_LEG_1,14.72,21.45,-43.67,0,1500,1641,NE
1175838.951,X_LEG_1,14.72,21.45,-43.67,0,1500,1641,NE
1175838.971,X_LEG_1,14.72,21.45,-43.67,0,1500,1641,NE
1175838.992,X_LEG_1,14.72,21.45,-43.67,0,1500,1641,NE
1175839.012,X_LEG_1,14.72,21.45,-43.67,0,1500,1641,NE
1175839.032,X_LEG_1,14.86,21.45,-43.67,0,1500,1641,NE
1175839.053,X_LEG_1,14.86,21.45,-43.67,0,1500,1641,NE
1175839.073,X_LEG_1,14.86,21.45,-43.67,0,1500,1641,NE
1175839.094,X_LEG_1,14.86,21.45,-43.67,0,1500,1641,NE
1175839.115,X_LEG_1,14.86,21.45,-43.67,0,1500,1641,NE
1175839.136,X_LEG_1,15.01,21.45,-43.67,0,1500,1641,NE
1175839.156,X_LEG_1,15.01,21.45,-43.67,0,1500,1641,NE
1175839.176,X_LEG_1,15.01,21.45,-43.67,0,1500,1641,NE
1175839.197,X_LEG_1,15.01,21.45,-43.67,0,1500,1641,NE
1175839.218,X_LEG_1,15.01,21.45,-43.67,0,1500,1641,NE
1175839.238,X_LEG_1,15.01,21.45,-43.67,0,1500,1641,NE
1175839.259,X_LEG_1,15.01,21.45,-43.67,0,1500,1641,NE
1175839.279,X_LEG_1,15.01,21.45,-43.67,0,1500,1641,NE
1175839.300,X_LEG_1,15.01,21.45,-43.67,0,1500,1641,NE
1175839.320,X_LEG_1,15.01,21.45,-43.67,0,1500,1641,NE
1175839.341,X_LEG_1,15.15,21.45,-30.67,0,1500,1641,NE
1175839.361,X_LEG_1,15.15,21.45,-30.67,0,1500,1641,NE
1175839.382,X_LEG_1,15.15,21.45,-30.67,0,1500,1641,NE
1175839.402,X_LEG_1,15.15,21.45,-30.67,0,1500,1641,NE
1175839.423,X_LEG_1,15.15,21.45,-30.67,0,1500,1641,NE
1175839.443,X_LEG_1,15.29,21.45,-30.67,0,1500,1641,NE
1175839.464,X_LEG_1,15.29,21.45,-30.67,0,1500,1641,NE
1175839.484,X_LEG_1,15.29,21.45,-30.67,0,1500,1641,NE
1175839.505,X_LEG_1,15.29,21.45,-30.67,0,1500,1641,NE
1175839.525,X_LEG_1,15.29,21.45,-30.67,0,1500,1641,NE
1175839.546,X_LEG_1,15.50,21.45,-30.67,0,1500,1640,NE
1175839.566,X_LEG_1,15.50,21.45,-30.67,0,1500,1640,NE
1175839.588,X_LEG_1,15.50,21.45,-30.67,0,1500,1640,NE
1175839.608,X_LEG_1,15.50,21.45,-30.67,0,1500,1640,NE
1175839.628,X_LEG_1,15.50,21.45,-30.67,0,1500,1640,NE
1175839.649,X_LEG_1,15.65,21.45,-30.67,0,1500,1640,NE
1175839.669,X_LEG_1,15.65,21.45,-30.67,0,1500,1640,NE
1175839.690,X_LEG_1,15.65,21.45,-30.67,0,1500,1640,NE
1175839.710,X_LEG_1,15.65,21.45,-30.67,0,1500,1640,NE
1175839.731,X_LEG_1,15.65,21.45,-30.67,0,1500,1640,NE
1175839.751,X_LEG_1,15.79,21.45,-14.67,1,1586,1639,NE
1175839.772,X_LEG_1,15.79,21.45,-14.67,1,1586,1639,NE
1175839.793,X_LEG_1,15.79,21.45,-14.67,1,1586,1639,NE
1175839.814,X_LEG_1,15.79,21.45,-14.67,1,1586,1639,NE
1175839.835,X_LEG_1,15.79,21.45,-14.67,1,1586,1639,NE
1175839.855,X_LEG_1,15.79,21.45,-14.67,1,1586,1639,NE
1175839.875,X_LEG_1,15.79,21.45,-14.67,1,1586,1639,NE
1175839.896,X_LEG_1,15.79,21.45,-14.67,1,1586,1639,NE
1175839.916,X_LEG_1,15.79,21.45,-14.67,1,1586,1639,NE
1175839.937,X_LEG_1,15.79,21.45,-14.67,1,1586,1639,NE
1175839.957,X_LEG_1,15.93,21.45,-14.66,1,1586,1639,NE
1175839.978,X_LEG_1,15.93,21.45,-14.66,1,1586,1639,NE
1175839.998,X_LEG_1,15.93,21.45,-14.66,1,1586,1639,NE
1175840.019,X_LEG_1,15.93,21.45,-14.66,1,1586,1639,NE
1175840.039,X_LEG_1,15.93,21.45,-14.66,1,1586,1639,NE
1175840.059,X_LEG_1,16.08,21.45,-14.66,1,1586,1638,NE
1175840.080,X_LEG_1,16.08,21.45,-14.66,1,1586,1638,NE
1175840.100,X_LEG_1,16.08,21.45,-14.66,1,1586,1638,NE
1175840.121,X_LEG_1,16.08,21.45,-14.66,1,1586,1638,NE
1175840.141,X_LEG_1,16.08,21.45,-14.66,1,1586,1638,NE
1175840.162,X_LEG_1,16.23,21.45,-14.66,1,1586,1638,NE
1175840.182,X_LEG_1,16.23,21.45,-14.66,1,1586,1638,NE
1175840.203,X_LEG_1,16.23,21.45,-14.66,1,1586,1638,NE
1175840.223,X_LEG_1,16.23,21.45,-14.66,1,1586,1638,NE
1175840.244,X_LEG_1,16.23,21.45,-14.66,1,1586,1638,NE
1175840.264,X_LEG_1,16.37,21.45,-14.67,1,1586,1637,NE
1175840.285,X_LEG_1,16.37,21.45,-14.67,1,1586,1637,NE
1175840.305,X_LEG_1,16.37,21.45,-14.67,1,1586,1637,NE
1175840.326,X_LEG_1,16.37,21.45,-14.67,1,1586,1637,NE
1175840.346,X_LEG_1,16.37,21.45,-14.67,1,1586,1637,NE
1175840.367,X_LEG_1,16.51,21.45,-16.67,1,1586,1637,NE
1175840.387,X_LEG_1,16.51,21.45,-16.67,1,1586,1637,NE
1175840.408,X_LEG_1,16.51,21.45,-16.67,1,1586,1637,NE
1175840.428,X_LEG_1,16.51,21.45,-16.67,1,1586,1637,NE
1175840.449,X_LEG_1,16.51,21.45,-16.67,1,1586,1637,NE
1175840.470,X_LEG_1,16.66,21.45,-16.67,1,1586,1637,NE
1175840.490,X_LEG_1,16.66,21.45,-16.67,1,1586,1637,NE
1175840.511,X_LEG_1,16.66,21.45,-16.67,1,1586,1637,NE
1175840.531,X_LEG_1,16.66,21.45,-16.67,1,1586,1637,NE
1175840.552,X_LEG_1,16.66,21.45,-16.67,1,1586,1637,NE
1175840.572,X_LEG_1,16.80,21.45,-16.67,1,1586,1636,NE
1175840.593,X_LEG_1,16.80,21.45,-16.67,1,1586,1636,NE
1175840.613,X_LEG_1,16.80,21.45,-16.67,1,1586,1636,NE
1175840.634,X_LEG_1,16.80,21.45,-16.67,1,1586,1636,NE
1175840.654,X_LEG_1,16.80,21.45,-16.67,1,1586,1636,NE
1175840.675,X_LEG_1,16.95,21.45,-16.67,1,1586,1636,NE
1175840.695,X_LEG_1,16.95,21.45,-16.67,1,1586,1636,NE
1175840.716,X_LEG_1,16.95,21.45,-16.67,1,1586,1636,NE
1175840.736,X_LEG_1,16.95,21.45,-16.67,1,1586,1636,NE
1175840.757,X_LEG_1,16.95,21.45,-16.67,1,1586,1636,NE
1175840.778,X_LEG_1,17.09,21.45,-16.67,1,1586,1635,NE
1175840.798,X_LEG_1,17.09,21.45,-16.67,1,1586,1635,NE
1175840.819,X_LEG_1,17.09,21.45,-16.67,1,1586,1635,NE
1175840.839,X_LEG_1,17.09,21.45,-16.67,1,1586,1635,NE
1175840.860,X_LEG_1,17.09,21.45,-16.67,1,1586,1635,NE
1175840.881,X_LEG_1,17.09,21.45,-12.67,1,1586,1635,NE
1175840.901,X_LEG_1,17.09,21.45,-12.67,1,1586,1635,NE
1175840.922,X_LEG_1,17.09,21.45,-12.67,1,1586,1635,NE
1175840.942,X_LEG_1,17.09,21.45,-12.67,1,1586,1635,NE
1175840.962,X_LEG_1,17.09,21.45,-12.67,1,1586,1635,NE
1175840.983,X_LEG_1,17.23,21.44,-12.69,1,1586,1635,NE
1175841.003,X_LEG_1,17.23,21.44,-12.69,1,1586,1635,NE
1175841.023,X_LEG_1,17.23,21.44,-12.69,1,1586,1635,NE
1175841.044,X_LEG_1,17.23,21.44,-12.69,1,1586,1635,NE
1175841.064,X_LEG_1,17.23,21.44,-12.69,1,1586,1635,NE
1175841.085,X_LEG_1,17.37,21.43,-12.67,1,1586,1634,NE
1175841.105,X_LEG_1,17.37,21.43,-12.67,1,1586,1634,NE
1175841.125,X_LEG_1,17.37,21.43,-12.67,1,1586,1634,NE
1175841.146,X_LEG_1,17.37,21.43,-12.67,1,1586,1634,NE
1175841.166,X_LEG_1,17.37,21.43,-12.67,1,1586,1634,NE
1175841.187,X_LEG_1,17.51,21.43,-12.68,1,1586,1634,NE
1175841.207,X_LEG_1,17.51,21.43,-12.68,1,1586,1634,NE
1175841.228,X_LEG_1,17.51,21.43,-12.68,1,1586,1634,NE
1175841.248,X_LEG_1,17.51,21.43,-12.68,1,1586,1634,NE
1175841.268,X_LEG_1,17.51,21.43,-12.68,1,1586,1634,NE
1175841.289,X_LEG_1,17.65,21.43,-12.68,1,1586,1634,NE
1175841.309,X_LEG_1,17.65,21.43,-12.68,1,1586,1634,NE
1175841.330,X_LEG_1,17.65,21.43,-12.68,1,1586,1634,NE
1175841.350,X_LEG_1,17.65,21.43,-12.68,1,1586,1634,NE
1175841.371,X_LEG_1,17.65,21.43,-12.68,1,1586,1634,NE
1175841.391,X_LEG_1,17.79,21.42,-9.70,1,1586,1633,NE
1175841.412,X_LEG_1,17.79,21.42,-9.70,1,1586,1633,NE
1175841.432,X_LEG_1,17.79,21.42,-9.70,1,1586,1633,NE
1175841.452,X_LEG_1,17.79,21.42,-9.70,1,1586,1633,NE
1175841.473,X_LEG_1,17.79,21.42,-9.70,1,1586,1633,NE
1175841.493,X_LEG_1,17.93,21.41,-9.69,1,1586,1633,NE
1175841.514,X_LEG_1,17.93,21.41,-9.69,1,1586,1633,NE
1175841.534,X_LEG_1,17.93,21.41,-9.69,1,1586,1633,NE
1175841.554,X_LEG_1,17.93,21.41,-9.69,1,1586,1633,NE
1175841.574,X_LEG_1,17.93,21.41,-9.69,1,1586,1633,NE
1175841.595,X_LEG_1,18.07,21.41,-9.69,1,1586,1632,NE
1175841.616,X_LEG_1,18.07,21.41,-9.69,1,1586,1632,NE
1175841.636,X_LEG_1,18.07,21.41,-9.69,1,1586,1632,NE
1175841.657,X_LEG_1,18.07,21.41,-9.69,1,1586,1632,NE
1175841.677,X_LEG_1,18.07,21.41,-9.69,1,1586,1632,NE
1175841.697,X_LEG_1,18.21,21.40,-9.71,1,1586,1632,NE
1175841.718,X_LEG_1,18.21,21.40,-9.71,1,1586,1632,NE
1175841.738,X_LEG_1,18.21,21.40,-9.71,1,1586,1632,NE
1175841.759,X_LEG_1,18.21,21.40,-9.71,1,1586,1632,NE
1175841.779,X_LEG_1,18.21,21.40,-9.71,1,1586,1632,NE
1175841.800,X_LEG_1,18.35,21.39,-9.71,1,1586,1631,NE
1175841.820,X_LEG_1,18.35,21.39,-9.71,1,1586,1631,NE
1175841.842,X_LEG_1,18.35,21.39,-9.71,1,1586,1631,NE
1175841.862,X_LEG_1,18.35,21.39,-9.71,1,1586,1631,NE
1175841.882,X_LEG_1,18.35,21.39,-9.71,1,1586,1631,NE
1175841.903,X_LEG_1,18.35,21.39,-9.71,1,1586,1631,NE
1175841.924,X_LEG_1,18.35,21.39,-9.71,1,1586,1631,NE
1175841.944,X_LEG_1,18.35,21.39,-9.71,1,1586,1631,NE
1175841.965,X_LEG_1,18.35,21.39,-9.71,1,1586,1631,NE
1175841.985,X_LEG_1,18.35,21.39,-9.71,1,1586,1631,NE
1175842.006,X_LEG_1,18.48,21.39,-8.71,1,1586,1631,NE
1175842.026,X_LEG_1,18.48,21.39,-8.71,1,1586,1631,NE
1175842.047,X_LEG_1,18.48,21.39,-8.71,1,1586,1631,NE
1175842.067,X_LEG_1,18.48,21.39,-8.71,1,1586,1631,NE
1175842.088,X_LEG_1,18.48,21.39,-8.71,1,1586,1631,NE
1175842.108,X_LEG_1,18.62,21.37,-8.70,1,1585,1631,NE
1175842.129,X_LEG_1,18.62,21.37,-8.70,1,1585,1631,NE
1175842.149,X_LEG_1,18.62,21.37,-8.70,1,1585,1631,NE
1175842.170,X_LEG_1,18.62,21.37,-8.70,1,1585,1631,NE
1175842.190,X_LEG_1,18.62,21.37,-8.70,1,1585,1631,NE
1175842.211,X_LEG_1,18.75,21.37,-8.72,1,1585,1630,NE
1175842.232,X_LEG_1,18.75,21.37,-8.72,1,1585,1630,NE
1175842.253,X_LEG_1,18.75,21.37,-8.72,1,1585,1630,NE
1175842.273,X_LEG_1,18.75,21.37,-8.72,1,1585,1630,NE
1175842.293,X_LEG_1,18.75,21.37,-8.72,1,1585,1630,NE
1175842.314,X_LEG_1,18.89,21.35,-8.71,1,1585,1630,NE
1175842.334,X_LEG_1,18.89,21.35,-8.71,1,1585,1630,NE
1175842.355,X_LEG_1,18.89,21.35,-8.71,1,1585,1630,NE
1175842.375,X_LEG_1,18.89,21.35,-8.71,1,1585,1630,NE
1175842.396,X_LEG_1,18.89,21.35,-8.71,1,1585,1630,NE
1175842.416,X_LEG_1,19.02,21.35,-8.73,1,1585,1629,NE
1175842.437,X_LEG_1,19.02,21.35,-8.73,1,1585,1629,NE
1175842.457,X_LEG_1,19.02,21.35,-8.73,1,1585,1629,NE
1175842.478,X_LEG_1,19.02,21.35,-8.73,1,1585,1629,NE
1175842.498,X_LEG_1,19.02,21.35,-8.73,1,1585,1629,NE
1175842.519,X_LEG_1,19.15,21.33,-6.72,1,1585,1629,NE
1175842.539,X_LEG_1,19.15,21.33,-6.72,1,1585,1629,NE
1175842.559,X_LEG_1,19.15,21.33,-6.72,1,1585,1629,NE
1175842.579,X_LEG_1,19.15,21.33,-6.72,1,1585,1629,NE
1175842.600,X_LEG_1,19.15,21.33,-6.72,1,1585,1629,NE
1175842.620,X_LEG_1,19.28,21.33,-6.74,1,1585,1629,NE
1175842.640,X_LEG_1,19.28,21.33,-6.74,1,1585,1629,NE
1175842.661,X_LEG_1,19.28,21.33,-6.74,1,1585,1629,NE
1175842.681,X_LEG_1,19.28,21.33,-6.74,1,1585,1629,NE
1175842.702,X_LEG_1,19.28,21.33,-6.74,1,1585,1629,NE
1175842.722,X_LEG_1,19.41,21.31,-6.73,1,1585,1628,NE
1175842.742,X_LEG_1,19.41,21.31,-6.73,1,1585,1628,NE
1175842.763,X_LEG_1,19.41,21.31,-6.73,1,1585,1628,NE
1175842.783,X_LEG_1,19.41,21.31,-6.73,1,1585,1628,NE
1175842.804,X_LEG_1,19.41,21.31,-6.73,1,1585,1628,NE
1175842.825,X_LEG_1,19.54,21.31,-6.75,1,1585,1628,NE
1175842.845,X_LEG_1,19.54,21.31,-6.75,1,1585,1628,NE
1175842.865,X_LEG_1,19.54,21.31,-6.75,1,1585,1628,NE
1175842.886,X_LEG_1,19.54,21.31,-6.75,1,1585,1628,NE
1175842.906,X_LEG_1,19.54,21.31,-6.75,1,1585,1628,NE
1175842.927,X_LEG_1,19.54,21.31,-6.75,1,1585,1628,NE
1175842.947,X_LEG_1,19.54,21.31,-6.75,1,1585,1628,NE
1175842.968,X_LEG_1,19.54,21.31,-6.75,1,1585,1628,NE
1175842.988,X_LEG_1,19.54,21.31,-6.75,1,1585,1628,NE
1175843.009,X_LEG_1,19.54,21.31,-6.75,1,1585,1628,NE
1175843.029,X_LEG_1,19.67,21.29,-6.76,1,1585,1627,NE
1175843.050,X_LEG_1,19.67,21.29,-6.76,1,1585,1627,NE
1175843.070,X_LEG_1,19.67,21.29,-6.76,1,1585,1627,NE
1175843.091,X_LEG_1,19.67,21.29,-6.76,1,1585,1627,NE
1175843.111,X_LEG_1,19.67,21.29,-6.76,1,1585,1627,NE
1175843.132,X_LEG_1,19.80,21.28,-6.77,1,1585,1627,NE
1175843.153,X_LEG_1,19.80,21.28,-6.77,1,1585,1627,NE
1175843.174,X_LEG_1,19.80,21.28,-6.77,1,1585,1627,NE
1175843.194,X_LEG_1,19.80,21.28,-6.77,1,1585,1627,NE
1175843.215,X_LEG_1,19.80,21.28,-6.77,1,1585,1627,NE
1175843.236,X_LEG_1,19.93,21.27,-6.77,1,1585,1627,NE
1175843.256,X_LEG_1,19.93,21.27,-6.77,1,1585,1627,NE
1175843.277,X_LEG_1,19.93,21.27,-6.77,1,1585,1627,NE
1175843.297,X_LEG_1,19.93,21.27,-6.77,1,1585,1627,NE
1175843.318,X_LEG_1,19.93,21.27,-6.77,1,1585,1627,NE
1175843.339,X_LEG_1,20.05,21.25,-6.76,1,1585,1626,NE
1175843.359,X_LEG_1,20.05,21.25,-6.76,1,1585,1626,NE
1175843.380,X_LEG_1,20.05,21.25,-6.76,1,1585,1626,NE
1175843.400,X_LEG_1,20.05,21.25,-6.76,1,1585,1626,NE
1175843.421,X_LEG_1,20.05,21.25,-6.76,1,1585,1626,NE
1175843.441,X_LEG_1,20.18,21.24,-6.79,1,1585,1626,NE
1175843.462,X_LEG_1,20.18,21.24,-6.79,1,1585,1626,NE
1175843.482,X_LEG_1,20.18,21.24,-6.79,1,1585,1626,NE
1175843.503,X_LEG_1,20.18,21.24,-6.79,1,1585,1626,NE
1175843.523,X_LEG_1,20.18,21.24,-6.79,1,1585,1626,NE
1175843.544,X_LEG_1,20.30,21.23,-6.79,1,1585,1626,NE
1175843.564,X_LEG_1,20.30,21.23,-6.79,1,1585,1626,NE
1175843.585,X_LEG_1,20.30,21.23,-6.79,1,1585,1626,NE
1175843.605,X_LEG_1,20.30,21.23,-6.79,1,1585,1626,NE
1175843.626,X_LEG_1,20.30,21.23,-6.79,1,1585,1626,NE
1175843.646,X_LEG_1,20.43,21.22,-4.78,1,1585,1625,NE
1175843.667,X_LEG_1,20.43,21.22,-4.78,1,1585,1625,NE
1175843.687,X_LEG_1,20.43,21.22,-4.78,1,1585,1625,NE
1175843.708,X_LEG_1,20.43,21.22,-4.78,1,1585,1625,NE
1175843.729,X_LEG_1,20.43,21.22,-4.78,1,1585,1625,NE
1175843.749,X_LEG_1,20.55,21.20,-4.81,1,1585,1625,NE
1175843.770,X_LEG_1,20.55,21.20,-4.81,1,1585,1625,NE
1175843.790,X_LEG_1,20.55,21.20,-4.81,1,1585,1625,NE
1175843.811,X_LEG_1,20.55,21.20,-4.81,1,1585,1625,NE
1175843.831,X_LEG_1,20.55,21.20,-4.81,1,1585,1625,NE
1175843.852,X_LEG_1,20.67,21.19,-4.81,1,1585,1624,NE
1175843.872,X_LEG_1,20.67,21.19,-4.81,1,1585,1624,NE
1175843.892,X_LEG_1,20.67,21.19,-4.81,1,1585,1624,NE
1175843.913,X_LEG_1,20.67,21.19,-4.81,1,1585,1624,NE
1175843.933,X_LEG_1,20.67,21.19,-4.81,1,1585,1624,NE
1175843.954,X_LEG_1,20.79,21.17,-4.82,1,1585,1624,NE
1175843.975,X_LEG_1,20.79,21.17,-4.82,1,1585,1624,NE
1175843.995,X_LEG_1,20.79,21.17,-4.82,1,1585,1624,NE
1175844.016,X_LEG_1,20.79,21.17,-4.82,1,1585,1624,NE
1175844.036,X_LEG_1,20.79,21.17,-4.82,1,1585,1624,NE
1175844.057,X_LEG_1,20.79,21.17,-4.82,1,1585,1624,NE
1175844.077,X_LEG_1,20.79,21.17,-4.82,1,1585,1624,NE
1175844.098,X_LEG_1,20.79,21.17,-4.82,1,1585,1624,NE
1175844.119,X_LEG_1,20.79,21.17,-4.82,1,1585,1624,NE
1175844.139,X_LEG_1,20.79,21.17,-4.82,1,1585,1624,NE
1175844.160,X_LEG_1,20.91,21.16,-4.81,1,1585,1624,NE
1175844.181,X_LEG_1,20.91,21.16,-4.81,1,1585,1624,NE
1175844.202,X_LEG_1,20.91,21.16,-4.81,1,1585,1624,NE
1175844.222,X_LEG_1,20.91,21.16,-4.81,1,1585,1624,NE
1175844.244,X_LEG_1,20.91,21.16,-4.81,1,1585,1624,NE
1175844.264,X_LEG_1,21.03,21.14,-4.82,1,1585,1623,NE
1175844.284,X_LEG_1,21.03,21.14,-4.82,1,1585,1623,NE
1175844.305,X_LEG_1,21.03,21.14,-4.82,1,1585,1623,NE
1175844.325,X_LEG_1,21.03,21.14,-4.82,1,1585,1623,NE
1175844.345,X_LEG_1,21.03,21.14,-4.82,1,1585,1623,NE
1175844.366,X_LEG_1,21.15,21.13,-4.84,1,1585,1623,NE
1175844.386,X_LEG_1,21.15,21.13,-4.84,1,1585,1623,NE
1175844.407,X_LEG_1,21.15,21.13,-4.84,1,1585,1623,NE
1175844.427,X_LEG_1,21.15,21.13,-4.84,1,1585,1623,NE
1175844.448,X_LEG_1,21.15,21.13,-4.84,1,1585,1623,NE
1175844.468,X_LEG_1,21.26,21.11,-4.85,1,1584,1623,NE
1175844.489,X_LEG_1,21.26,21.11,-4.85,1,1584,1623,NE
1175844.509,X_LEG_1,21.26,21.11,-4.85,1,1584,1623,NE
1175844.530,X_LEG_1,21.26,21.11,-4.85,1,1584,1623,NE
1175844.550,X_LEG_1,21.26,21.11,-4.85,1,1584,1623,NE
1175844.571,X_LEG_1,21.38,21.10,-4.85,1,1584,1622,NE
1175844.591,X_LEG_1,21.38,21.10,-4.85,1,1584,1622,NE
1175844.612,X_LEG_1,21.38,21.10,-4.85,1,1584,1622,NE
1175844.632,X_LEG_1,21.38,21.10,-4.85,1,1584,1622,NE
1175844.653,X_LEG_1,21.38,21.10,-4.85,1,1584,1622,NE
1175844.673,X_LEG_1,21.49,21.08,-4.86,1,1584,1622,NE
1175844.694,X_LEG_1,21.49,21.08,-4.86,1,1584,1622,NE
1175844.714,X_LEG_1,21.49,21.08,-4.86,1,1584,1622,NE
1175844.735,X_LEG_1,21.49,21.08,-4.86,1,1584,1622,NE
1175844.755,X_LEG_1,21.49,21.08,-4.86,1,1584,1622,NE
1175844.776,X_LEG_1,21.60,21.06,-4.85,1,1584,1622,NE
1175844.796,X_LEG_1,21.60,21.06,-4.85,1,1584,1622,NE
1175844.817,X_LEG_1,21.60,21.06,-4.85,1,1584,1622,NE
1175844.837,X_LEG_1,21.60,21.06,-4.85,1,1584,1622,NE
1175844.857,X_LEG_1,21.60,21.06,-4.85,1,1584,1622,NE
1175844.877,X_LEG_1,21.71,21.04,-4.86,1,1584,1621,NE
1175844.898,X_LEG_1,21.71,21.04,-4.86,1,1584,1621,NE
1175844.919,X_LEG_1,21.71,21.04,-4.86,1,1584,1621,NE
1175844.939,X_LEG_1,21.71,21.04,-4.86,1,1584,1621,NE
1175844.960,X_LEG_1,21.71,21.04,-4.86,1,1584,1621,NE
1175844.981,X_LEG_1,21.83,21.02,-4.87,1,1584,1621,NE
1175845.001,X_LEG_1,21.83,21.02,-4.87,1,1584,1621,NE
1175845.022,X_LEG_1,21.83,21.02,-4.87,1,1584,1621,NE
1175845.043,X_LEG_1,21.83,21.02,-4.87,1,1584,1621,NE
1175845.063,X_LEG_1,21.83,21.02,-4.87,1,1584,1621,NE
1175845.084,X_LEG_1,21.83,21.02,-3.87,1,1584,1621,NE
1175845.104,X_LEG_1,21.83,21.02,-3.87,1,1584,1621,NE
1175845.125,X_LEG_1,21.83,21.02,-3.87,1,1584,1621,NE
1175845.145,X_LEG_1,21.83,21.02,-3.87,1,1584,1621,NE
1175845.166,X_LEG_1,21.83,21.02,-3.87,1,1584,1621,NE
1175845.186,X_LEG_1,21.94,21.00,-3.88,1,1584,1621,NE
1175845.206,X_LEG_1,21.94,21.00,-3.88,1,1584,1621,NE
1175845.227,X_LEG_1,21.94,21.00,-3.88,1,1584,1621,NE
1175845.248,X_LEG_1,21.94,21.00,-3.88,1,1584,1621,NE
1175845.268,X_LEG_1,21.94,21.00,-3.88,1,1584,1621,NE
1175845.289,X_LEG_1,22.05,20.99,-3.88,1,1584,1620,NE
1175845.309,X_LEG_1,22.05,20.99,-3.88,1,1584,1620,NE
1175845.329,X_LEG_1,22.05,20.99,-3.88,1,1584,1620,NE
1175845.350,X_LEG_1,22.05,20.99,-3.88,1,1584,1620,NE
1175845.370,X_LEG_1,22.05,20.99,-3.88,1,1584,1620,NE
1175845.391,X_LEG_1,22.15,20.97,-3.89,1,1584,1620,NE
1175845.411,X_LEG_1,22.15,20.97,-3.89,1,1584,1620,NE
1175845.432,X_LEG_1,22.15,20.97,-3.89,1,1584,1620,NE
1175845.453,X_LEG_1,22.15,20.97,-3.89,1,1584,1620,NE
1175845.473,X_LEG_1,22.15,20.97,-3.89,1,1584,1620,NE
1175845.493,X_LEG_1,22.26,20.95,-3.90,1,1584,1620,NE
1175845.513,X_LEG_1,22.26,20.95,-3.90,1,1584,1620,NE
1175845.534,X_LEG_1,22.26,20.95,-3.90,1,1584,1620,NE
1175845.554,X_LEG_1,22.26,20.95,-3.90,1,1584,1620,NE
1175845.574,X_LEG_1,22.26,20.95,-3.90,1,1584,1620,NE
1175845.595,X_LEG_1,22.36,20.93,-3.91,1,1584,1619,NE
1175845.616,X_LEG_1,22.36,20.93,-3.91,1,1584,1619,NE
1175845.636,X_LEG_1,22.36,20.93,-3.91,1,1584,1619,NE
1175845.656,X_LEG_1,22.36,20.93,-3.91,1,1584,1619,NE
1175845.676,X_LEG_1,22.36,20.93,-3.91,1,1584,1619,NE
1175845.697,X_LEG_1,22.47,20.91,-3.92,1,1584,1619,NE
1175845.718,X_LEG_1,22.47,20.91,-3.92,1,1584,1619,NE
1175845.738,X_LEG_1,22.47,20.91,-3.92,1,1584,1619,NE
1175845.759,X_LEG_1,22.47,20.91,-3.92,1,1584,1619,NE
1175845.779,X_LEG_1,22.47,20.91,-3.92,1,1584,1619,NE
1175845.799,X_LEG_1,22.57,20.89,-3.93,1,1584,1619,NE
1175845.820,X_LEG_1,22.57,20.89,-3.93,1,1584,1619,NE
1175845.841,X_LEG_1,22.57,20.89,-3.93,1,1584,1619,NE
1175845.861,X_LEG_1,22.57,20.89,-3.93,1,1584,1619,NE
1175845.881,X_LEG_1,22.57,20.89,-3.93,1,1584,1619,NE
1175845.902,X_LEG_1,22.67,20.88,-3.92,1,1584,1618,NE
1175845.922,X_LEG_1,22.67,20.88,-3.92,1,1584,1618,NE
1175845.942,X_LEG_1,22.67,20.88,-3.92,1,1584,1618,NE
1175845.963,X_LEG_1,22.67,20.88,-3.92,1,1584,1618,NE
1175845.983,X_LEG_1,22.67,20.88,-3.92,1,1584,1618,NE
1175846.003,X_LEG_1,22.77,20.86,-3.94,1,1583,1618,NE
1175846.023,X_LEG_1,22.77,20.86,-3.94,1,1583,1618,NE
1175846.043,X_LEG_1,22.77,20.86,-3.94,1,1583,1618,NE
1175846.063,X_LEG_1,22.77,20.86,-3.94,1,1583,1618,NE
1175846.084,X_LEG_1,22.77,20.86,-3.94,1,1583,1618,NE
1175846.105,X_LEG_1,22.87,20.84,-2.95,1,1583,1618,NE
1175846.125,X_LEG_1,22.87,20.84,-2.95,1,1583,1618,NE
1175846.145,X_LEG_1,22.87,20.84,-2.95,1,1583,1618,NE
1175846.166,X_LEG_1,22.87,20.84,-2.95,1,1583,1618,NE
1175846.186,X_LEG_1,22.87,20.84,-2.95,1,1583,1618,NE
1175846.207,X_LEG_1,22.97,20.82,-2.96,1,1583,1618,NE
1175846.227,X_LEG_1,22.97,20.82,-2.96,1,1583,1618,NE
1175846.248,X_LEG_1,22.97,20.82,-2.96,1,1583,1618,NE
1175846.268,X_LEG_1,22.97,20.82,-2.96,1,1583,1618,NE
1175846.289,X_LEG_1,22.97,20.82,-2.96,1,1583,1618,NE
1175846.310,X_LEG_1,22.97,20.82,-2.96,1,1583,1618,NE
1175846.330,X_LEG_1,22.97,20.82,-2.96,1,1583,1618,NE
1175846.351,X_LEG_1,22.97,20.82,-2.96,1,1583,1618,NE
1175846.372,X_LEG_1,22.97,20.82,-2.96,1,1583,1618,NE
1175846.392,X_LEG_1,22.97,20.82,-2.96,1,1583,1618,NE
1175846.413,X_LEG_1,23.07,20.80,-2.97,1,1583,1617,NE
1175846.434,X_LEG_1,23.07,20.80,-2.97,1,1583,1617,NE
1175846.454,X_LEG_1,23.07,20.80,-2.97,1,1583,1617,NE
1175846.475,X_LEG_1,23.07,20.80,-2.97,1,1583,1617,NE
1175846.495,X_LEG_1,23.07,20.80,-2.97,1,1583,1617,NE
1175846.516,X_LEG_1,23.17,20.78,-2.98,1,1583,1617,NE
1175846.536,X_LEG_1,23.17,20.78,-2.98,1,1583,1617,NE
1175846.557,X_LEG_1,23.17,20.78,-2.98,1,1583,1617,NE
1175846.578,X_LEG_1,23.17,20.78,-2.98,1,1583,1617,NE
1175846.598,X_LEG_1,23.17,20.78,-2.98,1,1583,1617,NE
1175846.619,X_LEG_1,23.26,20.75,-2.97,1,1583,1617,NE
1175846.639,X_LEG_1,23.26,20.75,-2.97,1,1583,1617,NE
1175846.660,X_LEG_1,23.26,20.75,-2.97,1,1583,1617,NE
1175846.680,X_LEG_1,23.26,20.75,-2.97,1,1583,1617,NE
1175846.701,X_LEG_1,23.26,20.75,-2.97,1,1583,1617,NE
1175846.721,X_LEG_1,23.35,20.73,-2.98,1,1583,1616,NE
1175846.742,X_LEG_1,23.35,20.73,-2.98,1,1583,1616,NE
1175846.762,X_LEG_1,23.35,20.73,-2.98,1,1583,1616,NE
1175846.783,X_LEG_1,23.35,20.73,-2.98,1,1583,1616,NE
1175846.803,X_LEG_1,23.35,20.73,-2.98,1,1583,1616,NE
1175846.823,X_LEG_1,23.45,20.71,-2.99,1,1583,1616,NE
1175846.843,X_LEG_1,23.45,20.71,-2.99,1,1583,1616,NE
1175846.864,X_LEG_1,23.45,20.71,-2.99,1,1583,1616,NE
1175846.884,X_LEG_1,23.45,20.71,-2.99,1,1583,1616,NE
1175846.905,X_LEG_1,23.45,20.71,-2.99,1,1583,1616,NE
1175846.926,X_LEG_1,23.54,20.69,-3.00,1,1583,1616,NE
1175846.946,X_LEG_1,23.54,20.69,-3.00,1,1583,1616,NE
1175846.967,X_LEG_1,23.54,20.69,-3.00,1,1583,1616,NE
1175846.987,X_LEG_1,23.54,20.69,-3.00,1,1583,1616,NE
1175847.008,X_LEG_1,23.54,20.69,-3.00,1,1583,1616,NE
1175847.029,X_LEG_1,23.63,20.67,-3.01,1,1583,1616,NE
1175847.049,X_LEG_1,23.63,20.67,-3.01,1,1583,1616,NE
1175847.070,X_LEG_1,23.63,20.67,-3.01,1,1583,1616,NE
1175847.090,X_LEG_1,23.63,20.67,-3.01,1,1583,1616,NE
1175847.111,X_LEG_1,23.63,20.67,-3.01,1,1583,1616,NE
1175847.131,X_LEG_1,23.71,20.64,-3.02,1,1583,1615,NE
1175847.152,X_LEG_1,23.71,20.64,-3.02,1,1583,1615,NE
1175847.172,X_LEG_1,23.71,20.64,-3.02,1,1583,1615,NE
1175847.193,X_LEG_1,23.71,20.64,-3.02,1,1583,1615,NE
1175847.213,X_LEG_1,23.71,20.64,-3.02,1,1583,1615,NE
1175847.233,X_LEG_1,23.80,20.62,-3.03,1,1582,1615,NE
1175847.254,X_LEG_1,23.80,20.62,-3.03,1,1582,1615,NE
1175847.275,X_LEG_1,23.80,20.62,-3.03,1,1582,1615,NE
1175847.295,X_LEG_1,23.80,20.62,-3.03,1,1582,1615,NE
1175847.316,X_LEG_1,23.80,20.62,-3.03,1,1582,1615,NE
1175847.336,X_LEG_1,23.89,20.60,-3.04,1,1582,1615,NE
1175847.357,X_LEG_1,23.89,20.60,-3.04,1,1582,1615,NE
1175847.377,X_LEG_1,23.89,20.60,-3.04,1,1582,1615,NE
1175847.398,X_LEG_1,23.89,20.60,-3.04,1,1582,1615,NE
1175847.418,X_LEG_1,23.89,20.60,-3.04,1,1582,1615,NE
1175847.439,X_LEG_1,23.97,20.58,-2.05,1,1582,1615,NE
1175847.459,X_LEG_1,23.97,20.58,-2.05,1,1582,1615,NE
1175847.480,X_LEG_1,23.97,20.58,-2.05,1,1582,1615,NE
1175847.501,X_LEG_1,23.97,20.58,-2.05,1,1582,1615,NE
1175847.521,X_LEG_1,23.97,20.58,-2.05,1,1582,1615,NE
1175847.542,X_LEG_1,24.06,20.55,-2.04,1,1582,1614,NE
1175847.562,X_LEG_1,24.06,20.55,-2.04,1,1582,1614,NE
1175847.583,X_LEG_1,24.06,20.55,-2.04,1,1582,1614,NE
1175847.603,X_LEG_1,24.06,20.55,-2.04,1,1582,1614,NE
1175847.624,X_LEG_1,24.06,20.55,-2.04,1,1582,1614,NE
1175847.645,X_LEG_1,24.06,20.55,-2.04,1,1582,1614,NE
1175847.665,X_LEG_1,24.06,20.55,-2.04,1,1582,1614,NE
1175847.686,X_LEG_1,24.06,20.55,-2.04,1,1582,1614,NE
1175847.706,X_LEG_1,24.06,20.55,-2.04,1,1582,1614,NE
1175847.726,X_LEG_1,24.06,20.55,-2.04,1,1582,1614,NE
1175847.747,X_LEG_1,24.14,20.53,-2.05,1,1582,1614,NE
1175847.767,X_LEG_1,24.14,20.53,-2.05,1,1582,1614,NE
1175847.787,X_LEG_1,24.14,20.53,-2.05,1,1582,1614,NE
1175847.807,X_LEG_1,24.14,20.53,-2.05,1,1582,1614,NE
1175847.828,X_LEG_1,24.14,20.53,-2.05,1,1582,1614,NE
1175847.848,X_LEG_1,24.22,20.51,-2.08,1,1582,1614,NE
1175847.869,X_LEG_1,24.22,20.51,-2.08,1,1582,1614,NE
1175847.889,X_LEG_1,24.22,20.51,-2.08,1,1582,1614,NE
1175847.910,X_LEG_1,24.22,20.51,-2.08,1,1582,1614,NE
1175847.930,X_LEG_1,24.22,20.51,-2.08,1,1582,1614,NE
1175847.951,X_LEG_1,24.30,20.49,-2.09,1,1582,1614,NE
1175847.971,X_LEG_1,24.30,20.49,-2.09,1,1582,1614,NE
1175847.992,X_LEG_1,24.30,20.49,-2.09,1,1582,1614,NE
1175848.012,X_LEG_1,24.30,20.49,-2.09,1,1582,1614,NE
1175848.032,X_LEG_1,24.30,20.49,-2.09,1,1582,1614,NE
1175848.053,X_LEG_1,24.38,20.46,-2.08,1,1582,1613,NE
1175848.073,X_LEG_1,24.38,20.46,-2.08,1,1582,1613,NE
1175848.094,X_LEG_1,24.38,20.46,-2.08,1,1582,1613,NE
1175848.114,X_LEG_1,24.38,20.46,-2.08,1,1582,1613,NE
1175848.134,X_LEG_1,24.38,20.46,-2.08,1,1582,1613,NE
1175848.155,X_LEG_1,24.45,20.44,-2.09,1,1582,1613,NE
1175848.175,X_LEG_1,24.45,20.44,-2.09,1,1582,1613,NE
1175848.196,X_LEG_1,24.45,20.44,-2.09,1,1582,1613,NE
1175848.217,X_LEG_1,24.45,20.44,-2.09,1,1582,1613,NE
1175848.237,X_LEG_1,24.45,20.44,-2.09,1,1582,1613,NE
1175848.257,X_LEG_1,24.53,20.42,-2.12,1,1582,1613,NE
1175848.278,X_LEG_1,24.53,20.42,-2.12,1,1582,1613,NE
1175848.298,X_LEG_1,24.53,20.42,-2.12,1,1582,1613,NE
1175848.318,X_LEG_1,24.53,20.42,-2.12,1,1582,1613,NE
1175848.338,X_LEG_1,24.53,20.42,-2.12,1,1582,1613,NE
1175848.359,X_LEG_1,24.60,20.39,-2.11,1,1582,1613,NE
1175848.380,X_LEG_1,24.60,20.39,-2.11,1,1582,1613,NE
1175848.400,X_LEG_1,24.60,20.39,-2.11,1,1582,1613,NE
1175848.421,X_LEG_1,24.60,20.39,-2.11,1,1582,1613,NE
1175848.441,X_LEG_1,24.60,20.39,-2.11,1,1582,1613,NE
1175848.462,X_LEG_1,24.68,20.37,-2.12,1,1581,1612,NE
1175848.482,X_LEG_1,24.68,20.37,-2.12,1,1581,1612,NE
1175848.503,X_LEG_1,24.68,20.37,-2.12,1,1581,1612,NE
1175848.523,X_LEG_1,24.68,20.37,-2.12,1,1581,1612,NE
1175848.544,X_LEG_1,24.68,20.37,-2.12,1,1581,1612,NE
1175848.564,X_LEG_1,24.75,20.34,-2.11,1,1581,1612,NE
1175848.585,X_LEG_1,24.75,20.34,-2.11,1,1581,1612,NE
1175848.605,X_LEG_1,24.75,20.34,-2.11,1,1581,1612,NE
1175848.626,X_LEG_1,24.75,20.34,-2.11,1,1581,1612,NE
1175848.646,X_LEG_1,24.75,20.34,-2.11,1,1581,1612,NE
1175848.666,X_LEG_1,24.82,20.32,-2.13,1,1581,1612,NE
1175848.687,X_LEG_1,24.82,20.32,-2.13,1,1581,1612,NE
1175848.708,X_LEG_1,24.82,20.32,-2.13,1,1581,1612,NE
1175848.728,X_LEG_1,24.82,20.32,-2.13,1,1581,1612,NE
1175848.749,X_LEG_1,24.82,20.32,-2.13,1,1581,1612,NE
1175848.769,X_LEG_1,24.89,20.30,-2.14,1,1581,1612,NE
1175848.789,X_LEG_1,24.89,20.30,-2.14,1,1581,1612,NE
1175848.811,X_LEG_1,24.89,20.30,-2.14,1,1581,1612,NE
1175848.831,X_LEG_1,24.89,20.30,-2.14,1,1581,1612,NE
1175848.851,X_LEG_1,24.89,20.30,-2.14,1,1581,1612,NE
1175848.872,X_LEG_1,24.95,20.26,-2.15,1,1581,1612,NE
1175848.892,X_LEG_1,24.95,20.26,-2.15,1,1581,1612,NE
1175848.913,X_LEG_1,24.95,20.26,-2.15,1,1581,1612,NE
1175848.933,X_LEG_1,24.95,20.26,-2.15,1,1581,1612,NE
1175848.954,X_LEG_1,24.95,20.26,-2.15,1,1581,1612,NE
1175848.974,X_LEG_1,24.95,20.26,-2.15,1,1581,1612,NE
1175848.995,X_LEG_1,24.95,20.26,-2.15,1,1581,1612,NE
1175849.015,X_LEG_1,24.95,20.26,-2.15,1,1581,1612,NE
1175849.035,X_LEG_1,24.95,20.26,-2.15,1,1581,1612,NE
1175849.056,X_LEG_1,24.95,20.26,-2.15,1,1581,1612,NE
1175849.078,X_LEG_1,25.02,20.24,-2.16,1,1581,1611,NE
1175849.098,X_LEG_1,25.02,20.24,-2.16,1,1581,1611,NE
1175849.119,X_LEG_1,25.02,20.24,-2.16,1,1581,1611,NE
1175849.139,X_LEG_1,25.02,20.24,-2.16,1,1581,1611,NE
1175849.159,X_LEG_1,25.02,20.24,-2.16,1,1581,1611,NE
1175849.180,X_LEG_1,25.09,20.22,-2.15,1,1581,1611,NE
1175849.200,X_LEG_1,25.09,20.22,-2.15,1,1581,1611,NE
1175849.221,X_LEG_1,25.09,20.22,-2.15,1,1581,1611,NE
1175849.241,X_LEG_1,25.09,20.22,-2.15,1,1581,1611,NE
1175849.262,X_LEG_1,25.09,20.22,-2.15,1,1581,1611,NE
1175849.282,X_LEG_1,25.15,20.19,-2.18,1,1581,1611,NE
1175849.302,X_LEG_1,25.15,20.19,-2.18,1,1581,1611,NE
1175849.323,X_LEG_1,25.15,20.19,-2.18,1,1581,1611,NE
1175849.343,X_LEG_1,25.15,20.19,-2.18,1,1581,1611,NE
1175849.363,X_LEG_1,25.15,20.19,-2.18,1,1581,1611,NE
1175849.384,X_LEG_1,25.21,20.16,-2.17,1,1581,1611,NE
1175849.404,X_LEG_1,25.21,20.16,-2.17,1,1581,1611,NE
1175849.424,X_LEG_1,25.21,20.16,-2.17,1,1581,1611,NE
1175849.445,X_LEG_1,25.21,20.16,-2.17,1,1581,1611,NE
1175849.465,X_LEG_1,25.21,20.16,-2.17,1,1581,1611,NE
1175849.486,X_LEG_1,25.30,20.12,-2.19,1,1580,1611,NE
1175849.506,X_LEG_1,25.30,20.12,-2.19,1,1580,1611,NE
1175849.526,X_LEG_1,25.30,20.12,-2.19,1,1580,1611,NE
1175849.547,X_LEG_1,25.30,20.12,-2.19,1,1580,1611,NE
1175849.567,X_LEG_1,25.30,20.12,-2.19,1,1580,1611,NE
1175849.588,X_LEG_1,25.36,20.10,-2.20,1,1580,1610,NE
1175849.608,X_LEG_1,25.36,20.10,-2.20,1,1580,1610,NE
1175849.629,X_LEG_1,25.36,20.10,-2.20,1,1580,1610,NE
1175849.650,X_LEG_1,25.36,20.10,-2.20,1,1580,1610,NE
1175849.670,X_LEG_1,25.36,20.10,-2.20,1,1580,1610,NE
1175849.693,X_LEG_1,25.42,20.08,-1.19,1,1580,1610,NE
1175849.713,X_LEG_1,25.42,20.08,-1.19,1,1580,1610,NE
1175849.734,X_LEG_1,25.42,20.08,-1.19,1,1580,1610,NE
1175849.754,X_LEG_1,25.42,20.08,-1.19,1,1580,1610,NE
1175849.775,X_LEG_1,25.42,20.08,-1.19,1,1580,1610,NE
1175849.795,X_LEG_1,25.42,20.08,-1.19,1,1580,1610,NE
1175849.816,X_LEG_1,25.42,20.08,-1.19,1,1580,1610,NE
1175849.836,X_LEG_1,25.42,20.08,-1.19,1,1580,1610,NE
1175849.856,X_LEG_1,25.42,20.08,-1.19,1,1580,1610,NE
1175849.877,X_LEG_1,25.42,20.08,-1.19,1,1580,1610,NE
1175849.897,X_LEG_1,25.47,20.05,-1.22,1,1580,1610,NE
1175849.918,X_LEG_1,25.47,20.05,-1.22,1,1580,1610,NE
1175849.938,X_LEG_1,25.47,20.05,-1.22,1,1580,1610,NE
1175849.959,X_LEG_1,25.47,20.05,-1.22,1,1580,1610,NE
1175849.979,X_LEG_1,25.47,20.05,-1.22,1,1580,1610,NE
1175849.999,X_LEG_1,25.53,20.02,-1.21,1,1580,1610,NE
1175850.020,X_LEG_1,25.53,20.02,-1.21,1,1580,1610,NE
1175850.040,X_LEG_1,25.53,20.02,-1.21,1,1580,1610,NE
1175850.061,X_LEG_1,25.53,20.02,-1.21,1,1580,1610,NE
1175850.081,X_LEG_1,25.53,20.02,-1.21,1,1580,1610,NE
1175850.102,X_LEG_1,25.58,20.00,-1.24,1,1580,1610,NE
1175850.122,X_LEG_1,25.58,20.00,-1.24,1,1580,1610,NE
1175850.143,X_LEG_1,25.58,20.00,-1.24,1,1580,1610,NE
1175850.164,X_LEG_1,25.58,20.00,-1.24,1,1580,1610,NE
1175850.184,X_LEG_1,25.58,20.00,-1.24,1,1580,1610,NE
1175850.205,X_LEG_1,25.63,19.97,-1.23,1,1580,1610,NE
1175850.225,X_LEG_1,25.63,19.97,-1.23,1,1580,1610,NE
1175850.245,X_LEG_1,25.63,19.97,-1.23,1,1580,1610,NE
1175850.266,X_LEG_1,25.63,19.97,-1.23,1,1580,1610,NE
1175850.286,X_LEG_1,25.63,19.97,-1.23,1,1580,1610,NE
1175850.307,X_LEG_1,25.68,19.95,-1.25,1,1580,1609,NE
1175850.327,X_LEG_1,25.68,19.95,-1.25,1,1580,1609,NE
1175850.347,X_LEG_1,25.68,19.95,-1.25,1,1580,1609,NE
1175850.367,X_LEG_1,25.68,19.95,-1.25,1,1580,1609,NE
1175850.388,X_LEG_1,25.68,19.95,-1.25,1,1580,1609,NE
1175850.408,X_LEG_1,25.73,19.92,-1.24,1,1580,1609,NE
1175850.429,X_LEG_1,25.73,19.92,-1.24,1,1580,1609,NE
1175850.449,X_LEG_1,25.73,19.92,-1.24,1,1580,1609,NE
1175850.471,X_LEG_1,25.73,19.92,-1.24,1,1580,1609,NE
1175850.491,X_LEG_1,25.73,19.92,-1.24,1,1580,1609,NE
1175850.511,X_LEG_1,25.78,19.89,-1.27,1,1580,1609,NE
1175850.532,X_LEG_1,25.78,19.89,-1.27,1,1580,1609,NE
1175850.552,X_LEG_1,25.78,19.89,-1.27,1,1580,1609,NE
1175850.573,X_LEG_1,25.78,19.89,-1.27,1,1580,1609,NE
1175850.593,X_LEG_1,25.78,19.89,-1.27,1,1580,1609,NE
1175850.613,X_LEG_1,25.83,19.86,-1.26,1,1579,1609,NE
1175850.634,X_LEG_1,25.83,19.86,-1.26,1,1579,1609,NE
1175850.655,X_LEG_1,25.83,19.86,-1.26,1,1579,1609,NE
1175850.675,X_LEG_1,25.83,19.86,-1.26,1,1579,1609,NE
1175850.696,X_LEG_1,25.83,19.86,-1.26,1,1579,1609,NE
1175850.716,X_LEG_1,25.87,19.84,-1.29,1,1579,1609,NE
1175850.737,X_LEG_1,25.87,19.84,-1.29,1,1579,1609,NE
1175850.757,X_LEG_1,25.87,19.84,-1.29,1,1579,1609,NE
1175850.778,X_LEG_1,25.87,19.84,-1.29,1,1579,1609,NE
1175850.799,X_LEG_1,25.87,19.84,-1.29,1,1579,1609,NE
1175850.819,X_LEG_1,25.91,19.81,-1.28,1,1579,1609,NE
1175850.840,X_LEG_1,25.91,19.81,-1.28,1,1579,1609,NE
1175850.860,X_LEG_1,25.91,19.81,-1.28,1,1579,1609,NE
1175850.881,X_LEG_1,25.91,19.81,-1.28,1,1579,1609,NE
1175850.901,X_LEG_1,25.91,19.81,-1.28,1,1579,1609,NE
1175850.921,X_LEG_1,25.95,19.78,-1.29,1,1579,1609,NE
1175850.942,X_LEG_1,25.95,19.78,-1.29,1,1579,1609,NE
1175850.962,X_LEG_1,25.95,19.78,-1.29,1,1579,1609,NE
1175850.983,X_LEG_1,25.95,19.78,-1.29,1,1579,1609,NE
1175851.003,X_LEG_1,25.95,19.78,-1.29,1,1579,1609,NE
1175851.023,X_LEG_1,25.95,19.78,-1.29,1,1579,1609,NE
1175851.044,X_LEG_1,25.95,19.78,-1.29,1,1579,1609,NE
1175851.064,X_LEG_1,25.95,19.78,-1.29,1,1579,1609,NE
1175851.085,X_LEG_1,25.95,19.78,-1.29,1,1579,1609,NE
1175851.105,X_LEG_1,25.95,19.78,-1.29,1,1579,1609,NE
1175851.125,X_LEG_1,25.99,19.75,-1.31,1,1579,1609,NE
1175851.146,X_LEG_1,25.99,19.75,-1.31,1,1579,1609,NE
1175851.166,X_LEG_1,25.99,19.75,-1.31,1,1579,1609,NE
1175851.186,X_LEG_1,25.99,19.75,-1.31,1,1579,1609,NE
1175851.207,X_LEG_1,25.99,19.75,-1.31,1,1579,1609,NE
1175851.227,X_LEG_1,26.03,19.73,-1.30,1,1579,1608,NE
1175851.248,X_LEG_1,26.03,19.73,-1.30,1,1579,1608,NE
1175851.268,X_LEG_1,26.03,19.73,-1.30,1,1579,1608,NE
1175851.289,X_LEG_1,26.03,19.73,-1.30,1,1579,1608,NE
1175851.310,X_LEG_1,26.03,19.73,-1.30,1,1579,1608,NE
1175851.330,X_LEG_1,26.07,19.70,-1.33,1,1579,1608,NE
1175851.350,X_LEG_1,26.07,19.70,-1.33,1,1579,1608,NE
1175851.371,X_LEG_1,26.07,19.70,-1.33,1,1579,1608,NE
1175851.391,X_LEG_1,26.07,19.70,-1.33,1,1579,1608,NE
1175851.411,X_LEG_1,26.07,19.70,-1.33,1,1579,1608,NE
1175851.431,X_LEG_1,26.11,19.67,-1.32,1,1579,1608,NE
1175851.452,X_LEG_1,26.11,19.67,-1.32,1,1579,1608,NE
1175851.473,X_LEG_1,26.11,19.67,-1.32,1,1579,1608,NE
1175851.493,X_LEG_1,26.11,19.67,-1.32,1,1579,1608,NE
1175851.514,X_LEG_1,26.11,19.67,-1.32,1,1579,1608,NE
1175851.534,X_LEG_1,26.14,19.64,-1.33,1,1579,1608,NE
1175851.555,X_LEG_1,26.14,19.64,-1.33,1,1579,1608,NE
1175851.575,X_LEG_1,26.14,19.64,-1.33,1,1579,1608,NE
1175851.595,X_LEG_1,26.14,19.64,-1.33,1,1579,1608,NE
1175851.616,X_LEG_1,26.14,19.64,-1.33,1,1579,1608,NE
1175851.636,X_LEG_1,26.17,19.62,-1.34,1,1578,1608,NE
1175851.657,X_LEG_1,26.17,19.62,-1.34,1,1578,1608,NE
1175851.677,X_LEG_1,26.17,19.62,-1.34,1,1578,1608,NE
1175851.697,X_LEG_1,26.17,19.62,-1.34,1,1578,1608,NE
1175851.718,X_LEG_1,26.17,19.62,-1.34,1,1578,1608,NE
1175851.738,X_LEG_1,26.21,19.59,-1.35,1,1578,1608,NE
1175851.759,X_LEG_1,26.21,19.59,-1.35,1,1578,1608,NE
1175851.779,X_LEG_1,26.21,19.59,-1.35,1,1578,1608,NE
1175851.800,X_LEG_1,26.21,19.59,-1.35,1,1578,1608,NE
1175851.820,X_LEG_1,26.21,19.59,-1.35,1,1578,1608,NE
1175851.841,X_LEG_1,26.24,19.56,-1.38,1,1578,1608,NE
1175851.861,X_LEG_1,26.24,19.56,-1.38,1,1578,1608,NE
1175851.882,X_LEG_1,26.24,19.56,-1.38,1,1578,1608,NE
1175851.902,X_LEG_1,26.24,19.56,-1.38,1,1578,1608,NE
1175851.923,X_LEG_1,26.24,19.56,-1.38,1,1578,1608,NE
1175851.943,X_LEG_1,26.26,19.53,-1.36,1,1578,1608,NE
1175851.963,X_LEG_1,26.26,19.53,-1.36,1,1578,1608,NE
1175851.984,X_LEG_1,26.26,19.53,-1.36,1,1578,1608,NE
1175852.004,X_LEG_1,26.26,19.53,-1.36,1,1578,1608,NE
1175852.024,X_LEG_1,26.26,19.53,-1.36,1,1578,1608,NE
1175852.045,X_LEG_1,26.29,19.50,-1.37,1,1578,1608,NE
1175852.066,X_LEG_1,26.29,19.50,-1.37,1,1578,1608,NE
1175852.086,X_LEG_1,26.29,19.50,-1.37,1,1578,1608,NE
1175852.107,X_LEG_1,26.29,19.50,-1.37,1,1578,1608,NE
1175852.127,X_LEG_1,26.29,19.50,-1.37,1,1578,1608,NE
1175852.148,X_LEG_1,26.32,19.47,-1.40,1,1578,1608,NE
1175852.168,X_LEG_1,26.32,19.47,-1.40,1,1578,1608,NE
1175852.189,X_LEG_1,26.32,19.47,-1.40,1,1578,1608,NE
1175852.210,X_LEG_1,26.32,19.47,-1.40,1,1578,1608,NE
1175852.230,X_LEG_1,26.32,19.47,-1.40,1,1578,1608,NE
1175852.250,X_LEG_1,26.34,19.45,-1.39,1,1578,1607,NE
1175852.271,X_LEG_1,26.34,19.45,-1.39,1,1578,1607,NE
1175852.292,X_LEG_1,26.34,19.45,-1.39,1,1578,1607,NE
1175852.312,X_LEG_1,26.34,19.45,-1.39,1,1578,1607,NE
1175852.332,X_LEG_1,26.34,19.45,-1.39,1,1578,1607,NE
1175852.353,X_LEG_1,26.36,19.41,-1.40,1,1578,1607,NE
1175852.374,X_LEG_1,26.36,19.41,-1.40,1,1578,1607,NE
1175852.394,X_LEG_1,26.36,19.41,-1.40,1,1578,1607,NE
1175852.414,X_LEG_1,26.36,19.41,-1.40,1,1578,1607,NE
1175852.435,X_LEG_1,26.36,19.41,-1.40,1,1578,1607,NE
1175852.455,X_LEG_1,26.36,19.41,-1.40,1,1578,1607,NE
1175852.475,X_LEG_1,26.36,19.41,-1.40,1,1578,1607,NE
1175852.495,X_LEG_1,26.36,19.41,-1.40,1,1578,1607,NE
1175852.516,X_LEG_1,26.36,19.41,-1.40,1,1578,1607,NE
1175852.537,X_LEG_1,26.36,19.41,-1.40,1,1578,1607,NE
1175852.557,X_LEG_1,26.39,19.39,-1.41,1,1578,1607,NE
1175852.577,X_LEG_1,26.39,19.39,-1.41,1,1578,1607,NE
1175852.597,X_LEG_1,26.39,19.39,-1.41,1,1578,1607,NE
1175852.618,X_LEG_1,26.39,19.39,-1.41,1,1578,1607,NE
1175852.639,X_LEG_1,26.39,19.39,-1.41,1,1578,1607,NE
1175852.659,X_LEG_1,26.41,19.36,-1.41,1,1577,1607,NE
1175852.680,X_LEG_1,26.41,19.36,-1.41,1,1577,1607,NE
1175852.700,X_LEG_1,26.41,19.36,-1.41,1,1577,1607,NE
1175852.721,X_LEG_1,26.41,19.36,-1.41,1,1577,1607,NE
1175852.741,X_LEG_1,26.41,19.36,-1.41,1,1577,1607,NE
1175852.762,X_LEG_1,26.42,19.33,-1.42,1,1577,1607,NE
1175852.782,X_LEG_1,26.42,19.33,-1.42,1,1577,1607,NE
1175852.802,X_LEG_1,26.42,19.33,-1.42,1,1577,1607,NE
1175852.823,X_LEG_1,26.42,19.33,-1.42,1,1577,1607,NE
1175852.844,X_LEG_1,26.42,19.33,-1.42,1,1577,1607,NE
1175852.864,X_LEG_1,26.44,19.31,-1.43,1,1577,1607,NE
1175852.885,X_LEG_1,26.44,19.31,-1.43,1,1577,1607,NE
1175852.905,X_LEG_1,26.44,19.31,-1.43,1,1577,1607,NE
1175852.926,X_LEG_1,26.44,19.31,-1.43,1,1577,1607,NE
1175852.946,X_LEG_1,26.44,19.31,-1.43,1,1577,1607,NE
1175852.967,X_LEG_1,26.45,19.27,-1.44,1,1577,1607,NE
1175852.988,X_LEG_1,26.45,19.27,-1.44,1,1577,1607,NE
1175853.008,X_LEG_1,26.45,19.27,-1.44,1,1577,1607,NE
1175853.029,X_LEG_1,26.45,19.27,-1.44,1,1577,1607,NE
1175853.049,X_LEG_1,26.45,19.27,-1.44,1,1577,1607,NE
1175853.070,X_LEG_1,26.47,19.24,-1.45,1,1577,1607,NE
1175853.090,X_LEG_1,26.47,19.24,-1.45,1,1577,1607,NE
1175853.111,X_LEG_1,26.47,19.24,-1.45,1,1577,1607,NE
1175853.131,X_LEG_1,26.47,19.24,-1.45,1,1577,1607,NE
1175853.152,X_LEG_1,26.47,19.24,-1.45,1,1577,1607,NE
1175853.172,X_LEG_1,26.48,19.22,-1.46,1,1577,1607,NE
1175853.193,X_LEG_1,26.48,19.22,-1.46,1,1577,1607,NE
1175853.213,X_LEG_1,26.48,19.22,-1.46,1,1577,1607,NE
1175853.234,X_LEG_1,26.48,19.22,-1.46,1,1577,1607,NE
1175853.254,X_LEG_1,26.48,19.22,-1.46,1,1577,1607,NE
1175853.275,X_LEG_1,26.49,19.19,-1.46,1,1577,1607,NE
1175853.295,X_LEG_1,26.49,19.19,-1.46,1,1577,1607,NE
1175853.316,X_LEG_1,26.49,19.19,-1.46,1,1577,1607,NE
1175853.336,X_LEG_1,26.49,19.19,-1.46,1,1577,1607,NE
1175853.357,X_LEG_1,26.49,19.19,-1.46,1,1577,1607,NE
1175853.377,X_LEG_1,26.50,19.15,-1.47,1,1577,1607,NE
1175853.397,X_LEG_1,26.50,19.15,-1.47,1,1577,1607,NE
1175853.418,X_LEG_1,26.50,19.15,-1.47,1,1577,1607,NE
1175853.438,X_LEG_1,26.50,19.15,-1.47,1,1577,1607,NE
1175853.458,X_LEG_1,26.50,19.15,-1.47,1,1577,1607,NE
1175853.479,X_LEG_1,26.51,19.13,-1.46,1,1577,1607,NE
1175853.500,X_LEG_1,26.51,19.13,-1.46,1,1577,1607,NE
1175853.520,X_LEG_1,26.51,19.13,-1.46,1,1577,1607,NE
1175853.541,X_LEG_1,26.51,19.13,-1.46,1,1577,1607,NE
1175853.562,X_LEG_1,26.51,19.13,-1.46,1,1577,1607,NE
1175853.582,X_LEG_1,26.52,19.10,-1.49,1,1576,1607,NE
1175853.603,X_LEG_1,26.52,19.10,-1.49,1,1576,1607,NE
1175853.623,X_LEG_1,26.52,19.10,-1.49,1,1576,1607,NE
1175853.643,X_LEG_1,26.52,19.10,-1.49,1,1576,1607,NE
1175853.664,X_LEG_1,26.52,19.10,-1.49,1,1576,1607,NE
1175853.684,X_LEG_1,26.52,19.07,-1.50,1,1576,1607,NE
1175853.705,X_LEG_1,26.52,19.07,-1.50,1,1576,1607,NE
1175853.725,X_LEG_1,26.52,19.07,-1.50,1,1576,1607,NE
1175853.746,X_LEG_1,26.52,19.07,-1.50,1,1576,1607,NE
1175853.766,X_LEG_1,26.52,19.07,-1.50,1,1576,1607,NE
1175853.786,X_LEG_1,26.52,19.04,-1.49,1,1576,1607,NE
1175853.807,X_LEG_1,26.52,19.04,-1.49,1,1576,1607,NE
1175853.828,X_LEG_1,26.52,19.04,-1.49,1,1576,1607,NE
1175853.848,X_LEG_1,26.52,19.04,-1.49,1,1576,1607,NE
1175853.869,X_LEG_1,26.52,19.04,-1.49,1,1576,1607,NE
1175853.889,X_LEG_1,26.52,19.04,-0.49,1,1576,1607,NE
1175853.910,X_LEG_1,26.52,19.04,-0.49,1,1576,1607,NE
1175853.930,X_LEG_1,26.52,19.04,-0.49,1,1576,1607,NE
1175853.951,X_LEG_1,26.52,19.04,-0.49,1,1576,1607,NE
1175853.971,X_LEG_1,26.52,19.04,-0.49,1,1576,1607,NE
1175853.992,X_LEG_1,26.53,19.01,-0.49,1,1576,1607,NE
1175854.012,X_LEG_1,26.53,19.01,-0.49,1,1576,1607,NE
1175854.032,X_LEG_1,26.53,19.01,-0.49,1,1576,1607,NE
1175854.053,X_LEG_1,26.53,19.01,-0.49,1,1576,1607,NE
1175854.073,X_LEG_1,26.53,19.01,-0.49,1,1576,1607,NE
1175854.094,X_LEG_1,26.53,18.98,-0.52,1,1576,1607,NE
1175854.114,X_LEG_1,26.53,18.98,-0.52,1,1576,1607,NE
1175854.135,X_LEG_1,26.53,18.98,-0.52,1,1576,1607,NE
1175854.155,X_LEG_1,26.53,18.98,-0.52,1,1576,1607,NE
1175854.176,X_LEG_1,26.53,18.98,-0.52,1,1576,1607,NE
1175854.197,X_LEG_1,26.53,18.95,-0.53,1,1576,1607,NE
1175854.217,X_LEG_1,26.53,18.95,-0.53,1,1576,1607,NE
1175854.238,X_LEG_1,26.53,18.95,-0.53,1,1576,1607,NE
1175854.258,X_LEG_1,26.53,18.95,-0.53,1,1576,1607,NE
1175854.279,X_LEG_1,26.53,18.95,-0.53,1,1576,1607,NE
1175854.299,X_LEG_1,26.52,18.92,-0.52,1,1576,1607,NE
1175854.320,X_LEG_1,26.52,18.92,-0.52,1,1576,1607,NE
1175854.340,X_LEG_1,26.52,18.92,-0.52,1,1576,1607,NE
1175854.361,X_LEG_1,26.52,18.92,-0.52,1,1576,1607,NE
1175854.381,X_LEG_1,26.52,18.92,-0.52,1,1576,1607,NE
1175854.401,X_LEG_1,26.52,18.89,-0.55,1,1576,1607,NE
1175854.422,X_LEG_1,26.52,18.89,-0.55,1,1576,1607,NE
1175854.442,X_LEG_1,26.52,18.89,-0.55,1,1576,1607,NE
1175854.463,X_LEG_1,26.52,18.89,-0.55,1,1576,1607,NE
1175854.483,X_LEG_1,26.52,18.89,-0.55,1,1576,1607,NE
1175854.503,X_LEG_1,26.51,18.86,-0.56,1,1575,1607,NE
1175854.524,X_LEG_1,26.51,18.86,-0.56,1,1575,1607,NE
1175854.545,X_LEG_1,26.51,18.86,-0.56,1,1575,1607,NE
1175854.565,X_LEG_1,26.51,18.86,-0.56,1,1575,1607,NE
1175854.585,X_LEG_1,26.51,18.86,-0.56,1,1575,1607,NE
1175854.606,X_LEG_1,26.51,18.83,-0.55,1,1575,1607,NE
1175854.626,X_LEG_1,26.51,18.83,-0.55,1,1575,1607,NE
1175854.647,X_LEG_1,26.51,18.83,-0.55,1,1575,1607,NE
1175854.668,X_LEG_1,26.51,18.83,-0.55,1,1575,1607,NE
1175854.689,X_LEG_1,26.51,18.83,-0.55,1,1575,1607,NE
1175854.709,X_LEG_1,26.50,18.80,-0.55,1,1575,1607,NE
1175854.730,X_LEG_1,26.50,18.80,-0.55,1,1575,1607,NE
1175854.750,X_LEG_1,26.50,18.80,-0.55,1,1575,1607,NE
1175854.771,X_LEG_1,26.50,18.80,-0.55,1,1575,1607,NE
1175854.791,X_LEG_1,26.50,18.80,-0.55,1,1575,1607,NE
1175854.812,X_LEG_1,26.49,18.77,-0.58,1,1575,1607,NE
1175854.832,X_LEG_1,26.49,18.77,-0.58,1,1575,1607,NE
1175854.852,X_LEG_1,26.49,18.77,-0.58,1,1575,1607,NE
1175854.873,X_LEG_1,26.49,18.77,-0.58,1,1575,1607,NE
1175854.893,X_LEG_1,26.49,18.77,-0.58,1,1575,1607,NE
1175854.914,X_LEG_1,26.48,18.74,-0.59,1,1575,1607,NE
1175854.934,X_LEG_1,26.48,18.74,-0.59,1,1575,1607,NE
1175854.955,X_LEG_1,26.48,18.74,-0.59,1,1575,1607,NE
1175854.975,X_LEG_1,26.48,18.74,-0.59,1,1575,1607,NE
1175854.996,X_LEG_1,26.48,18.74,-0.59,1,1575,1607,NE
1175855.016,X_LEG_1,26.46,18.71,-0.58,1,1575,1607,NE
1175855.037,X_LEG_1,26.46,18.71,-0.58,1,1575,1607,NE
1175855.057,X_LEG_1,26.46,18.71,-0.58,1,1575,1607,NE
1175855.077,X_LEG_1,26.46,18.71,-0.58,1,1575,1607,NE
1175855.098,X_LEG_1,26.46,18.71,-0.58,1,1575,1607,NE
1175855.118,X_LEG_1,26.46,18.71,-0.58,1,1575,1607,NE
1175855.139,X_LEG_1,26.46,18.71,-0.58,1,1575,1607,NE
1175855.160,X_LEG_1,26.46,18.71,-0.58,1,1575,1607,NE
1175855.180,X_LEG_1,26.46,18.71,-0.58,1,1575,1607,NE
1175855.201,X_LEG_1,26.46,18.71,-0.58,1,1575,1607,NE
1175855.222,X_LEG_1,26.45,18.68,-0.59,1,1575,1607,NE
1175855.242,X_LEG_1,26.45,18.68,-0.59,1,1575,1607,NE
1175855.263,X_LEG_1,26.45,18.68,-0.59,1,1575,1607,NE
1175855.283,X_LEG_1,26.45,18.68,-0.59,1,1575,1607,NE
1175855.304,X_LEG_1,26.45,18.68,-0.59,1,1575,1607,NE
1175855.324,X_LEG_1,26.43,18.65,-0.62,1,1575,1607,NE
1175855.344,X_LEG_1,26.43,18.65,-0.62,1,1575,1607,NE
1175855.365,X_LEG_1,26.43,18.65,-0.62,1,1575,1607,NE
1175855.385,X_LEG_1,26.43,18.65,-0.62,1,1575,1607,NE
1175855.406,X_LEG_1,26.43,18.65,-0.62,1,1575,1607,NE
1175855.426,X_LEG_1,26.41,18.63,-0.61,1,1575,1607,NE
1175855.447,X_LEG_1,26.41,18.63,-0.61,1,1575,1607,NE
1175855.468,X_LEG_1,26.41,18.63,-0.61,1,1575,1607,NE
1175855.488,X_LEG_1,26.41,18.63,-0.61,1,1575,1607,NE
1175855.509,X_LEG_1,26.41,18.63,-0.61,1,1575,1607,NE
1175855.529,X_LEG_1,26.40,18.59,-0.61,1,1574,1607,NE
1175855.550,X_LEG_1,26.40,18.59,-0.61,1,1574,1607,NE
1175855.570,X_LEG_1,26.40,18.59,-0.61,1,1574,1607,NE
1175855.590,X_LEG_1,26.40,18.59,-0.61,1,1574,1607,NE
1175855.611,X_LEG_1,26.40,18.59,-0.61,1,1574,1607,NE
1175855.631,X_LEG_1,26.38,18.56,-0.62,1,1574,1607,NE
1175855.652,X_LEG_1,26.38,18.56,-0.62,1,1574,1607,NE
1175855.672,X_LEG_1,26.38,18.56,-0.62,1,1574,1607,NE
1175855.693,X_LEG_1,26.38,18.56,-0.62,1,1574,1607,NE
1175855.713,X_LEG_1,26.38,18.56,-0.62,1,1574,1607,NE
1175855.733,X_LEG_1,26.35,18.53,-0.65,1,1574,1607,NE
1175855.754,X_LEG_1,26.35,18.53,-0.65,1,1574,1607,NE
1175855.774,X_LEG_1,26.35,18.53,-0.65,1,1574,1607,NE
1175855.794,X_LEG_1,26.35,18.53,-0.65,1,1574,1607,NE
1175855.815,X_LEG_1,26.35,18.53,-0.65,1,1574,1607,NE
1175855.835,X_LEG_1,26.33,18.51,-0.64,1,1574,1608,NE
1175855.857,X_LEG_1,26.33,18.51,-0.64,1,1574,1608,NE
1175855.877,X_LEG_1,26.33,18.51,-0.64,1,1574,1608,NE
1175855.897,X_LEG_1,26.33,18.51,-0.64,1,1574,1608,NE
1175855.918,X_LEG_1,26.33,18.51,-0.64,1,1574,1608,NE
1175855.938,X_LEG_1,26.31,18.47,-0.65,1,1574,1608,NE
1175855.959,X_LEG_1,26.31,18.47,-0.65,1,1574,1608,NE
1175855.979,X_LEG_1,26.31,18.47,-0.65,1,1574,1608,NE
1175855.999,X_LEG_1,26.31,18.47,-0.65,1,1574,1608,NE
1175856.020,X_LEG_1,26.31,18.47,-0.65,1,1574,1608,NE
1175856.040,X_LEG_1,26.28,18.44,-0.66,1,1574,1608,NE
1175856.061,X_LEG_1,26.28,18.44,-0.66,1,1574,1608,NE
1175856.081,X_LEG_1,26.28,18.44,-0.66,1,1574,1608,NE
1175856.102,X_LEG_1,26.28,18.44,-0.66,1,1574,1608,NE
1175856.122,X_LEG_1,26.28,18.44,-0.66,1,1574,1608,NE
1175856.143,X_LEG_1,26.25,18.41,-0.64,1,1574,1608,NE
1175856.163,X_LEG_1,26.25,18.41,-0.64,1,1574,1608,NE
1175856.184,X_LEG_1,26.25,18.41,-0.64,1,1574,1608,NE
1175856.204,X_LEG_1,26.25,18.41,-0.64,1,1574,1608,NE
1175856.224,X_LEG_1,26.25,18.41,-0.64,1,1574,1608,NE
1175856.245,X_LEG_1,26.22,18.39,-0.68,1,1574,1608,NE
1175856.265,X_LEG_1,26.22,18.39,-0.68,1,1574,1608,NE
1175856.286,X_LEG_1,26.22,18.39,-0.68,1,1574,1608,NE
1175856.306,X_LEG_1,26.22,18.39,-0.68,1,1574,1608,NE
1175856.327,X_LEG_1,26.22,18.39,-0.68,1,1574,1608,NE
1175856.348,X_LEG_1,26.19,18.35,-0.68,1,1573,1608,NE
1175856.368,X_LEG_1,26.19,18.35,-0.68,1,1573,1608,NE
1175856.389,X_LEG_1,26.19,18.35,-0.68,1,1573,1608,NE
1175856.409,X_LEG_1,26.19,18.35,-0.68,1,1573,1608,NE
1175856.430,X_LEG_1,26.19,18.35,-0.68,1,1573,1608,NE
1175856.450,X_LEG_1,26.16,18.32,-0.69,1,1573,1608,NE
1175856.471,X_LEG_1,26.16,18.32,-0.69,1,1573,1608,NE
1175856.491,X_LEG_1,26.16,18.32,-0.69,1,1573,1608,NE
1175856.512,X_LEG_1,26.16,18.32,-0.69,1,1573,1608,NE
1175856.533,X_LEG_1,26.16,18.32,-0.69,1,1573,1608,NE
1175856.553,X_LEG_1,26.13,18.29,-0.68,1,1573,1608,NE
1175856.573,X_LEG_1,26.13,18.29,-0.68,1,1573,1608,NE
1175856.594,X_LEG_1,26.13,18.29,-0.68,1,1573,1608,NE
1175856.615,X_LEG_1,26.13,18.29,-0.68,1,1573,1608,NE
1175856.635,X_LEG_1,26.13,18.29,-0.68,1,1573,1608,NE
1175856.656,X_LEG_1,26.09,18.27,-0.71,1,1573,1608,NE
1175856.677,X_LEG_1,26.09,18.27,-0.71,1,1573,1608,NE
1175856.698,X_LEG_1,26.09,18.27,-0.71,1,1573,1608,NE
1175856.718,X_LEG_1,26.09,18.27,-0.71,1,1573,1608,NE
1175856.738,X_LEG_1,26.09,18.27,-0.71,1,1573,1608,NE
1175856.758,X_LEG_1,26.05,18.23,-0.72,1,1573,1608,NE
1175856.779,X_LEG_1,26.05,18.23,-0.72,1,1573,1608,NE
1175856.799,X_LEG_1,26.05,18.23,-0.72,1,1573,1608,NE
1175856.820,X_LEG_1,26.05,18.23,-0.72,1,1573,1608,NE
1175856.840,X_LEG_1,26.05,18.23,-0.72,1,1573,1608,NE
1175856.861,X_LEG_1,26.05,18.23,-0.72,1,1573,1608,NE
1175856.882,X_LEG_1,26.05,18.23,-0.72,1,1573,1608,NE
1175856.902,X_LEG_1,26.05,18.23,-0.72,1,1573,1608,NE
1175856.922,X_LEG_1,26.05,18.23,-0.72,1,1573,1608,NE
1175856.943,X_LEG_1,26.05,18.23,-0.72,1,1573,1608,NE
1175856.963,X_LEG_1,26.02,18.20,-0.73,1,1573,1608,NE
1175856.983,X_LEG_1,26.02,18.20,-0.73,1,1573,1608,NE
1175857.004,X_LEG_1,26.02,18.20,-0.73,1,1573,1608,NE
1175857.024,X_LEG_1,26.02,18.20,-0.73,1,1573,1608,NE
1175857.045,X_LEG_1,26.02,18.20,-0.73,1,1573,1608,NE
1175857.065,X_LEG_1,25.98,18.17,-0.71,1,1573,1609,NE
1175857.086,X_LEG_1,25.98,18.17,-0.71,1,1573,1609,NE
1175857.106,X_LEG_1,25.98,18.17,-0.71,1,1573,1609,NE
1175857.127,X_LEG_1,25.98,18.17,-0.71,1,1573,1609,NE
1175857.147,X_LEG_1,25.98,18.17,-0.71,1,1573,1609,NE
1175857.168,X_LEG_1,25.94,18.14,-0.72,1,1573,1609,NE
1175857.188,X_LEG_1,25.94,18.14,-0.72,1,1573,1609,NE
1175857.209,X_LEG_1,25.94,18.14,-0.72,1,1573,1609,NE
1175857.229,X_LEG_1,25.94,18.14,-0.72,1,1573,1609,NE
1175857.250,X_LEG_1,25.94,18.14,-0.72,1,1573,1609,NE
1175857.270,X_LEG_1,25.89,18.11,-0.75,1,1572,1609,NE
1175857.290,X_LEG_1,25.89,18.11,-0.75,1,1572,1609,NE
1175857.311,X_LEG_1,25.89,18.11,-0.75,1,1572,1609,NE
1175857.332,X_LEG_1,25.89,18.11,-0.75,1,1572,1609,NE
1175857.352,X_LEG_1,25.89,18.11,-0.75,1,1572,1609,NE
1175857.372,X_LEG_1,25.85,18.09,-0.74,1,1572,1609,NE
1175857.393,X_LEG_1,25.85,18.09,-0.74,1,1572,1609,NE
1175857.413,X_LEG_1,25.85,18.09,-0.74,1,1572,1609,NE
1175857.434,X_LEG_1,25.85,18.09,-0.74,1,1572,1609,NE
1175857.454,X_LEG_1,25.85,18.09,-0.74,1,1572,1609,NE
1175857.475,X_LEG_1,25.80,18.05,-0.75,1,1572,1609,NE
1175857.495,X_LEG_1,25.80,18.05,-0.75,1,1572,1609,NE
1175857.516,X_LEG_1,25.80,18.05,-0.75,1,1572,1609,NE
1175857.536,X_LEG_1,25.80,18.05,-0.75,1,1572,1609,NE
1175857.557,X_LEG_1,25.80,18.05,-0.75,1,1572,1609,NE
1175857.577,X_LEG_1,25.76,18.02,-0.76,1,1572,1609,NE
1175857.598,X_LEG_1,25.76,18.02,-0.76,1,1572,1609,NE
1175857.618,X_LEG_1,25.76,18.02,-0.76,1,1572,1609,NE
1175857.638,X_LEG_1,25.76,18.02,-0.76,1,1572,1609,NE
1175857.659,X_LEG_1,25.76,18.02,-0.76,1,1572,1609,NE
1175857.680,X_LEG_1,25.71,17.99,-0.77,1,1572,1609,NE
1175857.700,X_LEG_1,25.71,17.99,-0.77,1,1572,1609,NE
1175857.721,X_LEG_1,25.71,17.99,-0.77,1,1572,1609,NE
1175857.741,X_LEG_1,25.71,17.99,-0.77,1,1572,1609,NE
1175857.761,X_LEG_1,25.71,17.99,-0.77,1,1572,1609,NE
1175857.782,X_LEG_1,25.66,17.97,-0.78,1,1572,1610,NE
1175857.803,X_LEG_1,25.66,17.97,-0.78,1,1572,1610,NE
1175857.823,X_LEG_1,25.66,17.97,-0.78,1,1572,1610,NE
1175857.844,X_LEG_1,25.66,17.97,-0.78,1,1572,1610,NE
1175857.865,X_LEG_1,25.66,17.97,-0.78,1,1572,1610,NE
1175857.885,X_LEG_1,25.66,17.97,-0.78,1,1572,1610,NE
1175857.905,X_LEG_1,25.66,17.97,-0.78,1,1572,1610,NE
1175857.926,X_LEG_1,25.66,17.97,-0.78,1,1572,1610,NE
1175857.946,X_LEG_1,25.66,17.97,-0.78,1,1572,1610,NE
1175857.967,X_LEG_1,25.66,17.97,-0.78,1,1572,1610,NE
1175857.987,X_LEG_1,25.58,17.92,-0.78,1,1572,1610,NE
1175858.008,X_LEG_1,25.58,17.92,-0.78,1,1572,1610,NE
1175858.028,X_LEG_1,25.58,17.92,-0.78,1,1572,1610,NE
1175858.048,X_LEG_1,25.58,17.92,-0.78,1,1572,1610,NE
1175858.069,X_LEG_1,25.58,17.92,-0.78,1,1572,1610,NE
1175858.089,X_LEG_1,25.53,17.89,-0.79,1,1572,1610,NE
1175858.110,X_LEG_1,25.53,17.89,-0.79,1,1572,1610,NE
1175858.131,X_LEG_1,25.53,17.89,-0.79,1,1572,1610,NE
1175858.151,X_LEG_1,25.53,17.89,-0.79,1,1572,1610,NE
1175858.172,X_LEG_1,25.53,17.89,-0.79,1,1572,1610,NE
1175858.193,X_LEG_1,25.47,17.85,-0.80,1,1571,1610,NE
1175858.213,X_LEG_1,25.47,17.85,-0.80,1,1571,1610,NE
1175858.234,X_LEG_1,25.47,17.85,-0.80,1,1571,1610,NE
1175858.254,X_LEG_1,25.47,17.85,-0.80,1,1571,1610,NE
1175858.275,X_LEG_1,25.47,17.85,-0.80,1,1571,1610,NE
1175858.295,X_LEG_1,25.42,17.83,-0.81,1,1571,1610,NE
1175858.316,X_LEG_1,25.42,17.83,-0.81,1,1571,1610,NE
1175858.336,X_LEG_1,25.42,17.83,-0.81,1,1571,1610,NE
1175858.357,X_LEG_1,25.42,17.83,-0.81,1,1571,1610,NE
1175858.377,X_LEG_1,25.42,17.83,-0.81,1,1571,1610,NE
1175858.398,X_LEG_1,25.36,17.80,-0.82,1,1571,1610,NE
1175858.418,X_LEG_1,25.36,17.80,-0.82,1,1571,1610,NE
1175858.439,X_LEG_1,25.36,17.80,-0.82,1,1571,1610,NE
1175858.459,X_LEG_1,25.36,17.80,-0.82,1,1571,1610,NE
1175858.480,X_LEG_1,25.36,17.80,-0.82,1,1571,1610,NE
1175858.501,X_LEG_1,25.30,17.77,-0.83,1,1571,1611,NE
1175858.522,X_LEG_1,25.30,17.77,-0.83,1,1571,1611,NE
1175858.542,X_LEG_1,25.30,17.77,-0.83,1,1571,1611,NE
1175858.563,X_LEG_1,25.30,17.77,-0.83,1,1571,1611,NE
1175858.583,X_LEG_1,25.30,17.77,-0.83,1,1571,1611,NE
1175858.604,X_LEG_1,25.24,17.73,-0.83,1,1571,1611,NE
1175858.624,X_LEG_1,25.24,17.73,-0.83,1,1571,1611,NE
1175858.644,X_LEG_1,25.24,17.73,-0.83,1,1571,1611,NE
1175858.665,X_LEG_1,25.24,17.73,-0.83,1,1571,1611,NE
1175858.685,X_LEG_1,25.24,17.73,-0.83,1,1571,1611,NE
1175858.706,X_LEG_1,25.24,17.73,-0.83,1,1571,1611,NE
1175858.726,X_LEG_1,25.24,17.73,-0.83,1,1571,1611,NE
1175858.747,X_LEG_1,25.24,17.73,-0.83,1,1571,1611,NE
1175858.767,X_LEG_1,25.24,17.73,-0.83,1,1571,1611,NE
1175858.788,X_LEG_1,25.24,17.73,-0.83,1,1571,1611,NE
1175858.809,X_LEG_1,25.24,17.73,-0.83,1,1571,1611,NE
1175858.829,X_LEG_1,25.24,17.73,-0.83,1,1571,1611,NE
1175858.850,X_LEG_1,25.24,17.73,-0.83,1,1571,1611,NE
1175858.870,X_LEG_1,25.24,17.73,-0.83,1,1571,1611,NE
1175858.890,X_LEG_1,25.24,17.73,-0.83,1,1571,1611,NE
1175858.911,X_LEG_1,25.09,17.67,-0.85,1,1571,1611,NE
1175858.931,X_LEG_1,25.09,17.67,-0.85,1,1571,1611,NE
1175858.952,X_LEG_1,25.09,17.67,-0.85,1,1571,1611,NE
1175858.972,X_LEG_1,25.09,17.67,-0.85,1,1571,1611,NE
1175858.993,X_LEG_1,25.09,17.67,-0.85,1,1571,1611,NE
1175859.013,X_LEG_1,25.02,17.63,-0.86,1,1571,1611,NE
1175859.033,X_LEG_1,25.02,17.63,-0.86,1,1571,1611,NE
1175859.054,X_LEG_1,25.02,17.63,-0.86,1,1571,1611,NE
1175859.074,X_LEG_1,25.02,17.63,-0.86,1,1571,1611,NE
1175859.094,X_LEG_1,25.02,17.63,-0.86,1,1571,1611,NE
1175859.114,X_LEG_1,24.95,17.60,-0.87,1,1570,1612,NE
1175859.135,X_LEG_1,24.95,17.60,-0.87,1,1570,1612,NE
1175859.156,X_LEG_1,24.95,17.60,-0.87,1,1570,1612,NE
1175859.176,X_LEG_1,24.95,17.60,-0.87,1,1570,1612,NE
1175859.196,X_LEG_1,24.95,17.60,-0.87,1,1570,1612,NE
1175859.217,X_LEG_1,24.89,17.57,-0.85,1,1570,1612,NE
1175859.237,X_LEG_1,24.89,17.57,-0.85,1,1570,1612,NE
1175859.258,X_LEG_1,24.89,17.57,-0.85,1,1570,1612,NE
1175859.278,X_LEG_1,24.89,17.57,-0.85,1,1570,1612,NE
1175859.299,X_LEG_1,24.89,17.57,-0.85,1,1570,1612,NE
1175859.319,X_LEG_1,24.82,17.55,-0.89,1,1570,1612,NE
1175859.339,X_LEG_1,24.82,17.55,-0.89,1,1570,1612,NE
1175859.360,X_LEG_1,24.82,17.55,-0.89,1,1570,1612,NE
1175859.381,X_LEG_1,24.82,17.55,-0.89,1,1570,1612,NE
1175859.401,X_LEG_1,24.82,17.55,-0.89,1,1570,1612,NE
1175859.422,X_LEG_1,24.71,17.50,-0.89,1,1570,1612,NE
1175859.443,X_LEG_1,24.71,17.50,-0.89,1,1570,1612,NE
1175859.463,X_LEG_1,24.71,17.50,-0.89,1,1570,1612,NE
1175859.484,X_LEG_1,24.71,17.50,-0.89,1,1570,1612,NE
1175859.504,X_LEG_1,24.71,17.50,-0.89,1,1570,1612,NE
1175859.524,X_LEG_1,24.64,17.47,-0.90,1,1570,1613,NE
1175859.545,X_LEG_1,24.64,17.47,-0.90,1,1570,1613,NE
1175859.565,X_LEG_1,24.64,17.47,-0.90,1,1570,1613,NE
1175859.585,X_LEG_1,24.64,17.47,-0.90,1,1570,1613,NE
1175859.606,X_LEG_1,24.64,17.47,-0.90,1,1570,1613,NE
1175859.626,X_LEG_1,24.64,17.47,-0.90,1,1570,1613,NE
1175859.647,X_LEG_1,24.64,17.47,-0.90,1,1570,1613,NE
1175859.667,X_LEG_1,24.64,17.47,-0.90,1,1570,1613,NE
1175859.688,X_LEG_1,24.64,17.47,-0.90,1,1570,1613,NE
1175859.708,X_LEG_1,24.64,17.47,-0.90,1,1570,1613,NE
1175859.729,X_LEG_1,24.56,17.44,-0.89,1,1570,1613,NE
1175859.749,X_LEG_1,24.56,17.44,-0.89,1,1570,1613,NE
1175859.770,X_LEG_1,24.56,17.44,-0.89,1,1570,1613,NE
1175859.791,X_LEG_1,24.56,17.44,-0.89,1,1570,1613,NE
1175859.811,X_LEG_1,24.56,17.44,-0.89,1,1570,1613,NE
1175859.832,X_LEG_1,24.49,17.41,-0.92,1,1570,1613,NE
1175859.853,X_LEG_1,24.49,17.41,-0.92,1,1570,1613,NE
1175859.874,X_LEG_1,24.49,17.41,-0.92,1,1570,1613,NE
1175859.894,X_LEG_1,24.49,17.41,-0.92,1,1570,1613,NE
1175859.914,X_LEG_1,24.49,17.41,-0.92,1,1570,1613,NE
1175859.935,X_LEG_1,24.41,17.38,-0.93,1,1570,1613,NE
1175859.955,X_LEG_1,24.41,17.38,-0.93,1,1570,1613,NE
1175859.976,X_LEG_1,24.41,17.38,-0.93,1,1570,1613,NE
1175859.996,X_LEG_1,24.41,17.38,-0.93,1,1570,1613,NE
1175860.017,X_LEG_1,24.41,17.38,-0.93,1,1570,1613,NE
1175860.037,X_LEG_1,24.33,17.35,-0.92,1,1569,1614,NE
1175860.058,X_LEG_1,24.33,17.35,-0.92,1,1569,1614,NE
1175860.078,X_LEG_1,24.33,17.35,-0.92,1,1569,1614,NE
1175860.099,X_LEG_1,24.33,17.35,-0.92,1,1569,1614,NE
1175860.119,X_LEG_1,24.33,17.35,-0.92,1,1569,1614,NE
1175860.140,X_LEG_1,24.25,17.32,-0.93,1,1569,1614,NE
1175860.160,X_LEG_1,24.25,17.32,-0.93,1,1569,1614,NE
1175860.180,X_LEG_1,24.25,17.32,-0.93,1,1569,1614,NE
1175860.201,X_LEG_1,24.25,17.32,-0.93,1,1569,1614,NE
1175860.221,X_LEG_1,24.25,17.32,-0.93,1,1569,1614,NE
1175860.242,X_LEG_1,24.17,17.29,-0.93,1,1569,1614,NE
1175860.262,X_LEG_1,24.17,17.29,-0.93,1,1569,1614,NE
1175860.283,X_LEG_1,24.17,17.29,-0.93,1,1569,1614,NE
1175860.303,X_LEG_1,24.17,17.29,-0.93,1,1569,1614,NE
1175860.323,X_LEG_1,24.17,17.29,-0.93,1,1569,1614,NE
1175860.343,X_LEG_1,24.09,17.27,-0.95,1,1569,1614,NE
1175860.364,X_LEG_1,24.09,17.27,-0.95,1,1569,1614,NE
1175860.384,X_LEG_1,24.09,17.27,-0.95,1,1569,1614,NE
1175860.405,X_LEG_1,24.09,17.27,-0.95,1,1569,1614,NE
1175860.426,X_LEG_1,24.09,17.27,-0.95,1,1569,1614,NE
1175860.446,X_LEG_1,24.01,17.23,-0.96,1,1569,1614,NE
1175860.467,X_LEG_1,24.01,17.23,-0.96,1,1569,1614,NE
1175860.487,X_LEG_1,24.01,17.23,-0.96,1,1569,1614,NE
1175860.507,X_LEG_1,24.01,17.23,-0.96,1,1569,1614,NE
1175860.528,X_LEG_1,24.01,17.23,-0.96,1,1569,1614,NE
1175860.548,X_LEG_1,23.93,17.20,-0.96,1,1569,1615,NE
1175860.569,X_LEG_1,23.93,17.20,-0.96,1,1569,1615,NE
1175860.589,X_LEG_1,23.93,17.20,-0.96,1,1569,1615,NE
1175860.610,X_LEG_1,23.93,17.20,-0.96,1,1569,1615,NE
1175860.630,X_LEG_1,23.93,17.20,-0.96,1,1569,1615,NE
1175860.650,X_LEG_1,23.84,17.17,-0.95,1,1569,1615,NE
1175860.670,X_LEG_1,23.84,17.17,-0.95,1,1569,1615,NE
1175860.691,X_LEG_1,23.84,17.17,-0.95,1,1569,1615,NE
1175860.711,X_LEG_1,23.84,17.17,-0.95,1,1569,1615,NE
1175860.732,X_LEG_1,23.84,17.17,-0.95,1,1569,1615,NE
1175860.752,X_LEG_1,23.75,17.14,-0.96,1,1569,1615,NE
1175860.772,X_LEG_1,23.75,17.14,-0.96,1,1569,1615,NE
1175860.793,X_LEG_1,23.75,17.14,-0.96,1,1569,1615,NE
1175860.813,X_LEG_1,23.75,17.14,-0.96,1,1569,1615,NE
1175860.834,X_LEG_1,23.75,17.14,-0.96,1,1569,1615,NE
1175860.854,X_LEG_1,23.75,17.14,-0.96,1,1569,1615,NE
1175860.875,X_LEG_1,23.75,17.14,-0.96,1,1569,1615,NE
1175860.895,X_LEG_1,23.75,17.14,-0.96,1,1569,1615,NE
1175860.916,X_LEG_1,23.75,17.14,-0.96,1,1569,1615,NE
1175860.936,X_LEG_1,23.75,17.14,-0.96,1,1569,1615,NE
1175860.957,X_LEG_1,23.66,17.12,-0.98,1,1568,1616,NE
1175860.977,X_LEG_1,23.66,17.12,-0.98,1,1568,1616,NE
1175860.998,X_LEG_1,23.66,17.12,-0.98,1,1568,1616,NE
1175861.018,X_LEG_1,23.66,17.12,-0.98,1,1568,1616,NE
1175861.039,X_LEG_1,23.66,17.12,-0.98,1,1568,1616,NE
1175861.060,X_LEG_1,23.57,17.09,-0.98,1,1568,1616,NE
1175861.081,X_LEG_1,23.57,17.09,-0.98,1,1568,1616,NE
1175861.102,X_LEG_1,23.57,17.09,-0.98,1,1568,1616,NE
1175861.122,X_LEG_1,23.57,17.09,-0.98,1,1568,1616,NE
1175861.143,X_LEG_1,23.57,17.09,-0.98,1,1568,1616,NE
1175861.163,X_LEG_1,23.48,17.05,-0.99,1,1568,1616,NE
1175861.183,X_LEG_1,23.48,17.05,-0.99,1,1568,1616,NE
1175861.204,X_LEG_1,23.48,17.05,-0.99,1,1568,1616,NE
1175861.224,X_LEG_1,23.48,17.05,-0.99,1,1568,1616,NE
1175861.245,X_LEG_1,23.48,17.05,-0.99,1,1568,1616,NE
1175861.265,X_LEG_1,23.39,17.02,-0.98,1,1568,1616,NE
1175861.286,X_LEG_1,23.39,17.02,-0.98,1,1568,1616,NE
1175861.306,X_LEG_1,23.39,17.02,-0.98,1,1568,1616,NE
1175861.327,X_LEG_1,23.39,17.02,-0.98,1,1568,1616,NE
1175861.347,X_LEG_1,23.39,17.02,-0.98,1,1568,1616,NE
1175861.367,X_LEG_1,23.30,17.00,-0.02,1,1568,1617,NE
1175861.388,X_LEG_1,23.30,17.00,-0.02,1,1568,1617,NE
1175861.410,X_LEG_1,23.30,17.00,-0.02,1,1568,1617,NE
1175861.430,X_LEG_1,23.30,17.00,-0.02,1,1568,1617,NE
1175861.450,X_LEG_1,23.30,17.00,-0.02,1,1568,1617,NE
1175861.471,X_LEG_1,23.20,16.97,-0.02,1,1568,1617,NE
1175861.491,X_LEG_1,23.20,16.97,-0.02,1,1568,1617,NE
1175861.511,X_LEG_1,23.20,16.97,-0.02,1,1568,1617,NE
1175861.532,X_LEG_1,23.20,16.97,-0.02,1,1568,1617,NE
1175861.552,X_LEG_1,23.20,16.97,-0.02,1,1568,1617,NE
1175861.572,X_LEG_1,23.11,16.94,-0.01,1,1568,1617,NE
1175861.593,X_LEG_1,23.11,16.94,-0.01,1,1568,1617,NE
1175861.613,X_LEG_1,23.11,16.94,-0.01,1,1568,1617,NE
1175861.633,X_LEG_1,23.11,16.94,-0.01,1,1568,1617,NE
1175861.654,X_LEG_1,23.11,16.94,-0.01,1,1568,1617,NE
1175861.675,X_LEG_1,23.01,16.90,-0.02,1,1568,1617,NE
1175861.696,X_LEG_1,23.01,16.90,-0.02,1,1568,1617,NE
1175861.716,X_LEG_1,23.01,16.90,-0.02,1,1568,1617,NE
1175861.736,X_LEG_1,23.01,16.90,-0.02,1,1568,1617,NE
1175861.757,X_LEG_1,23.01,16.90,-0.02,1,1568,1617,NE
1175861.777,X_LEG_1,22.91,16.88,-0.01,1,1568,1618,NE
1175861.798,X_LEG_1,22.91,16.88,-0.01,1,1568,1618,NE
1175861.818,X_LEG_1,22.91,16.88,-0.01,1,1568,1618,NE
1175861.839,X_LEG_1,22.91,16.88,-0.01,1,1568,1618,NE
1175861.859,X_LEG_1,22.91,16.88,-0.01,1,1568,1618,NE
1175861.880,X_LEG_1,22.81,16.85,-0.05,1,1567,1618,NE
1175861.900,X_LEG_1,22.81,16.85,-0.05,1,1567,1618,NE
1175861.921,X_LEG_1,22.81,16.85,-0.05,1,1567,1618,NE
1175861.942,X_LEG_1,22.81,16.85,-0.05,1,1567,1618,NE
1175861.962,X_LEG_1,22.81,16.85,-0.05,1,1567,1618,NE
1175861.983,X_LEG_1,22.71,16.82,-0.05,1,1567,1618,NE
1175862.004,X_LEG_1,22.71,16.82,-0.05,1,1567,1618,NE
1175862.024,X_LEG_1,22.71,16.82,-0.05,1,1567,1618,NE
1175862.044,X_LEG_1,22.71,16.82,-0.05,1,1567,1618,NE
1175862.066,X_LEG_1,22.71,16.82,-0.05,1,1567,1618,NE
1175862.086,X_LEG_1,22.61,16.79,-0.04,1,1567,1619,NE
1175862.106,X_LEG_1,22.61,16.79,-0.04,1,1567,1619,NE
1175862.127,X_LEG_1,22.61,16.79,-0.04,1,1567,1619,NE
1175862.147,X_LEG_1,22.61,16.79,-0.04,1,1567,1619,NE
1175862.167,X_LEG_1,22.61,16.79,-0.04,1,1567,1619,NE
1175862.188,X_LEG_1,22.61,16.79,-0.04,1,1567,1619,NE
1175862.208,X_LEG_1,22.61,16.79,-0.04,1,1567,1619,NE
1175862.229,X_LEG_1,22.61,16.79,-0.04,1,1567,1619,NE
1175862.249,X_LEG_1,22.61,16.79,-0.04,1,1567,1619,NE
1175862.270,X_LEG_1,22.61,16.79,-0.04,1,1567,1619,NE
1175862.290,X_LEG_1,22.50,16.76,-0.05,1,1567,1619,NE
1175862.311,X_LEG_1,22.50,16.76,-0.05,1,1567,1619,NE
1175862.331,X_LEG_1,22.50,16.76,-0.05,1,1567,1619,NE
1175862.351,X_LEG_1,22.50,16.76,-0.05,1,1567,1619,NE
1175862.372,X_LEG_1,22.50,16.76,-0.05,1,1567,1619,NE
1175862.392,X_LEG_1,22.40,16.74,-0.07,1,1567,1619,NE
1175862.413,X_LEG_1,22.40,16.74,-0.07,1,1567,1619,NE
1175862.433,X_LEG_1,22.40,16.74,-0.07,1,1567,1619,NE
1175862.455,X_LEG_1,22.40,16.74,-0.07,1,1567,1619,NE
1175862.475,X_LEG_1,22.40,16.74,-0.07,1,1567,1619,NE
1175862.496,X_LEG_1,22.29,16.70,-0.07,1,1567,1620,NE
1175862.516,X_LEG_1,22.29,16.70,-0.07,1,1567,1620,NE
1175862.537,X_LEG_1,22.29,16.70,-0.07,1,1567,1620,NE
1175862.557,X_LEG_1,22.29,16.70,-0.07,1,1567,1620,NE
1175862.578,X_LEG_1,22.29,16.70,-0.07,1,1567,1620,NE
1175862.599,X_LEG_1,22.19,16.67,-0.08,1,1567,1620,NE
1175862.619,X_LEG_1,22.19,16.67,-0.08,1,1567,1620,NE
1175862.640,X_LEG_1,22.19,16.67,-0.08,1,1567,1620,NE
1175862.660,X_LEG_1,22.19,16.67,-0.08,1,1567,1620,NE
1175862.681,X_LEG_1,22.19,16.67,-0.08,1,1567,1620,NE
1175862.701,X_LEG_1,22.08,16.64,-0.07,1,1567,1620,NE
1175862.721,X_LEG_1,22.08,16.64,-0.07,1,1567,1620,NE
1175862.742,X_LEG_1,22.08,16.64,-0.07,1,1567,1620,NE
1175862.763,X_LEG_1,22.08,16.64,-0.07,1,1567,1620,NE
1175862.783,X_LEG_1,22.08,16.64,-0.07,1,1567,1620,NE
1175862.803,X_LEG_1,21.97,16.62,-0.11,1,1566,1621,NE
1175862.824,X_LEG_1,21.97,16.62,-0.11,1,1566,1621,NE
1175862.844,X_LEG_1,21.97,16.62,-0.11,1,1566,1621,NE
1175862.865,X_LEG_1,21.97,16.62,-0.11,1,1566,1621,NE
1175862.885,X_LEG_1,21.97,16.62,-0.11,1,1566,1621,NE
1175862.906,X_LEG_1,21.86,16.59,-0.10,1,1566,1621,NE
1175862.927,X_LEG_1,21.86,16.59,-0.10,1,1566,1621,NE
1175862.947,X_LEG_1,21.86,16.59,-0.10,1,1566,1621,NE
1175862.968,X_LEG_1,21.86,16.59,-0.10,1,1566,1621,NE
1175862.988,X_LEG_1,21.86,16.59,-0.10,1,1566,1621,NE
1175863.009,X_LEG_1,21.75,16.56,-0.10,1,1566,1621,NE
1175863.029,X_LEG_1,21.75,16.56,-0.10,1,1566,1621,NE
1175863.050,X_LEG_1,21.75,16.56,-0.10,1,1566,1621,NE
1175863.070,X_LEG_1,21.75,16.56,-0.10,1,1566,1621,NE
1175863.091,X_LEG_1,21.75,16.56,-0.10,1,1566,1621,NE
1175863.112,X_LEG_1,21.64,16.53,-0.09,1,1566,1622,NE
1175863.132,X_LEG_1,21.64,16.53,-0.09,1,1566,1622,NE
1175863.153,X_LEG_1,21.64,16.53,-0.09,1,1566,1622,NE
1175863.174,X_LEG_1,21.64,16.53,-0.09,1,1566,1622,NE
1175863.194,X_LEG_1,21.64,16.53,-0.09,1,1566,1622,NE
1175863.215,X_LEG_1,21.52,16.50,-0.13,1,1566,1622,NE
1175863.236,X_LEG_1,21.52,16.50,-0.13,1,1566,1622,NE
1175863.256,X_LEG_1,21.52,16.50,-0.13,1,1566,1622,NE
1175863.278,X_LEG_1,21.52,16.50,-0.13,1,1566,1622,NE
1175863.298,X_LEG_1,21.52,16.50,-0.13,1,1566,1622,NE
1175863.318,X_LEG_1,21.41,16.48,-0.12,1,1566,1622,NE
1175863.338,X_LEG_1,21.41,16.48,-0.12,1,1566,1622,NE
1175863.359,X_LEG_1,21.41,16.48,-0.12,1,1566,1622,NE
1175863.380,X_LEG_1,21.41,16.48,-0.12,1,1566,1622,NE
1175863.400,X_LEG_1,21.41,16.48,-0.12,1,1566,1622,NE
1175863.421,X_LEG_1,21.29,16.44,-0.13,1,1566,1623,NE
1175863.441,X_LEG_1,21.29,16.44,-0.13,1,1566,1623,NE
1175863.461,X_LEG_1,21.29,16.44,-0.13,1,1566,1623,NE
1175863.482,X_LEG_1,21.29,16.44,-0.13,1,1566,1623,NE
1175863.502,X_LEG_1,21.29,16.44,-0.13,1,1566,1623,NE
1175863.523,X_LEG_1,21.17,16.41,-0.14,1,1566,1623,NE
1175863.544,X_LEG_1,21.17,16.41,-0.14,1,1566,1623,NE
1175863.564,X_LEG_1,21.17,16.41,-0.14,1,1566,1623,NE
1175863.584,X_LEG_1,21.17,16.41,-0.14,1,1566,1623,NE
1175863.606,X_LEG_1,21.17,16.41,-0.14,1,1566,1623,NE
1175863.626,X_LEG_1,21.06,16.39,-0.15,1,1566,1623,NE
1175863.647,X_LEG_1,21.06,16.39,-0.15,1,1566,1623,NE
1175863.667,X_LEG_1,21.06,16.39,-0.15,1,1566,1623,NE
1175863.688,X_LEG_1,21.06,16.39,-0.15,1,1566,1623,NE
1175863.708,X_LEG_1,21.06,16.39,-0.15,1,1566,1623,NE
1175863.728,X_LEG_1,21.06,16.39,-0.15,1,1566,1623,NE
1175863.749,X_LEG_1,21.06,16.39,-0.15,1,1566,1623,NE
1175863.769,X_LEG_1,21.06,16.39,-0.15,1,1566,1623,NE
1175863.790,X_LEG_1,21.06,16.39,-0.15,1,1566,1623,NE
1175863.810,X_LEG_1,21.06,16.39,-0.15,1,1566,1623,NE
1175863.830,X_LEG_1,20.94,16.36,-0.16,1,1565,1624,NE
1175863.851,X_LEG_1,20.94,16.36,-0.16,1,1565,1624,NE
1175863.871,X_LEG_1,20.94,16.36,-0.16,1,1565,1624,NE
1175863.892,X_LEG_1,20.94,16.36,-0.16,1,1565,1624,NE
1175863.913,X_LEG_1,20.94,16.36,-0.16,1,1565,1624,NE
1175863.933,X_LEG_1,20.82,16.33,-0.15,1,1565,1624,NE
1175863.953,X_LEG_1,20.82,16.33,-0.15,1,1565,1624,NE
1175863.974,X_LEG_1,20.82,16.33,-0.15,1,1565,1624,NE
1175863.994,X_LEG_1,20.82,16.33,-0.15,1,1565,1624,NE
1175864.015,X_LEG_1,20.82,16.33,-0.15,1,1565,1624,NE
1175864.035,X_LEG_1,20.70,16.30,-0.16,1,1565,1624,NE
1175864.056,X_LEG_1,20.70,16.30,-0.16,1,1565,1624,NE
1175864.076,X_LEG_1,20.70,16.30,-0.16,1,1565,1624,NE
1175864.097,X_LEG_1,20.70,16.30,-0.16,1,1565,1624,NE
1175864.117,X_LEG_1,20.70,16.30,-0.16,1,1565,1624,NE
1175864.138,X_LEG_1,20.57,16.28,-0.17,1,1565,1625,NE
1175864.158,X_LEG_1,20.57,16.28,-0.17,1,1565,1625,NE
1175864.179,X_LEG_1,20.57,16.28,-0.17,1,1565,1625,NE
1175864.199,X_LEG_1,20.57,16.28,-0.17,1,1565,1625,NE
1175864.219,X_LEG_1,20.57,16.28,-0.17,1,1565,1625,NE
1175864.240,X_LEG_1,20.45,16.24,-0.18,1,1565,1625,NE
1175864.260,X_LEG_1,20.45,16.24,-0.18,1,1565,1625,NE
1175864.280,X_LEG_1,20.45,16.24,-0.18,1,1565,1625,NE
1175864.301,X_LEG_1,20.45,16.24,-0.18,1,1565,1625,NE
1175864.321,X_LEG_1,20.45,16.24,-0.18,1,1565,1625,NE
1175864.342,X_LEG_1,20.33,16.21,-0.17,1,1565,1626,NE
1175864.362,X_LEG_1,20.33,16.21,-0.17,1,1565,1626,NE
1175864.383,X_LEG_1,20.33,16.21,-0.17,1,1565,1626,NE
1175864.404,X_LEG_1,20.33,16.21,-0.17,1,1565,1626,NE
1175864.424,X_LEG_1,20.33,16.21,-0.17,1,1565,1626,NE
1175864.444,X_LEG_1,20.20,16.18,-0.18,1,1565,1626,NE
1175864.465,X_LEG_1,20.20,16.18,-0.18,1,1565,1626,NE
1175864.485,X_LEG_1,20.20,16.18,-0.18,1,1565,1626,NE
1175864.506,X_LEG_1,20.20,16.18,-0.18,1,1565,1626,NE
1175864.526,X_LEG_1,20.20,16.18,-0.18,1,1565,1626,NE
1175864.547,X_LEG_1,20.08,16.16,-1.19,1,1565,1626,NE
1175864.567,X_LEG_1,20.08,16.16,-1.19,1,1565,1626,NE
1175864.588,X_LEG_1,20.08,16.16,-1.19,1,1565,1626,NE
1175864.609,X_LEG_1,20.08,16.16,-1.19,1,1565,1626,NE
1175864.629,X_LEG_1,20.08,16.16,-1.19,1,1565,1626,NE
1175864.649,X_LEG_1,19.95,16.13,-1.20,1,1565,1627,NE
1175864.670,X_LEG_1,19.95,16.13,-1.20,1,1565,1627,NE
1175864.690,X_LEG_1,19.95,16.13,-1.20,1,1565,1627,NE
1175864.710,X_LEG_1,19.95,16.13,-1.20,1,1565,1627,NE
1175864.732,X_LEG_1,19.95,16.13,-1.20,1,1565,1627,NE
1175864.752,X_LEG_1,19.82,16.10,-1.19,1,1564,1627,NE
1175864.772,X_LEG_1,19.82,16.10,-1.19,1,1564,1627,NE
1175864.793,X_LEG_1,19.82,16.10,-1.19,1,1564,1627,NE
1175864.813,X_LEG_1,19.82,16.10,-1.19,1,1564,1627,NE
1175864.834,X_LEG_1,19.82,16.10,-1.19,1,1564,1627,NE
1175864.855,X_LEG_1,19.69,16.07,-1.20,1,1564,1627,NE
1175864.875,X_LEG_1,19.69,16.07,-1.20,1,1564,1627,NE
1175864.895,X_LEG_1,19.69,16.07,-1.20,1,1564,1627,NE
1175864.916,X_LEG_1,19.69,16.07,-1.20,1,1564,1627,NE
1175864.936,X_LEG_1,19.69,16.07,-1.20,1,1564,1627,NE
1175864.957,X_LEG_1,19.56,16.05,-1.22,1,1564,1628,NE
1175864.977,X_LEG_1,19.56,16.05,-1.22,1,1564,1628,NE
1175864.998,X_LEG_1,19.56,16.05,-1.22,1,1564,1628,NE
1175865.018,X_LEG_1,19.56,16.05,-1.22,1,1564,1628,NE
1175865.039,X_LEG_1,19.56,16.05,-1.22,1,1564,1628,NE
1175865.059,X_LEG_1,19.43,16.01,-0.23,1,1564,1628,NE
1175865.080,X_LEG_1,19.43,16.01,-0.23,1,1564,1628,NE
1175865.100,X_LEG_1,19.43,16.01,-0.23,1,1564,1628,NE
1175865.121,X_LEG_1,19.43,16.01,-0.23,1,1564,1628,NE
1175865.141,X_LEG_1,19.43,16.01,-0.23,1,1564,1628,NE
1175865.162,X_LEG_1,19.43,16.01,-0.23,1,1564,1628,NE
1175865.183,X_LEG_1,19.43,16.01,-0.23,1,1564,1628,NE
1175865.203,X_LEG_1,19.43,16.01,-0.23,1,1564,1628,NE
1175865.224,X_LEG_1,19.43,16.01,-0.23,1,1564,1628,NE
1175865.244,X_LEG_1,19.43,16.01,-0.23,1,1564,1628,NE
1175865.265,X_LEG_1,19.30,15.99,-0.21,1,1564,1629,NE
1175865.285,X_LEG_1,19.30,15.99,-0.21,1,1564,1629,NE
1175865.306,X_LEG_1,19.30,15.99,-0.21,1,1564,1629,NE
1175865.327,X_LEG_1,19.30,15.99,-0.21,1,1564,1629,NE
1175865.347,X_LEG_1,19.30,15.99,-0.21,1,1564,1629,NE
1175865.367,X_LEG_1,19.17,15.97,-0.23,1,1564,1629,NE
1175865.388,X_LEG_1,19.17,15.97,-0.23,1,1564,1629,NE
1175865.409,X_LEG_1,19.17,15.97,-0.23,1,1564,1629,NE
1175865.429,X_LEG_1,19.17,15.97,-0.23,1,1564,1629,NE
1175865.449,X_LEG_1,19.17,15.97,-0.23,1,1564,1629,NE
1175865.470,X_LEG_1,19.03,15.93,-0.24,1,1564,1629,NE
1175865.490,X_LEG_1,19.03,15.93,-0.24,1,1564,1629,NE
1175865.510,X_LEG_1,19.03,15.93,-0.24,1,1564,1629,NE
1175865.531,X_LEG_1,19.03,15.93,-0.24,1,1564,1629,NE
1175865.551,X_LEG_1,19.03,15.93,-0.24,1,1564,1629,NE
1175865.571,X_LEG_1,18.90,15.91,-0.23,1,1564,1630,NE
1175865.592,X_LEG_1,18.90,15.91,-0.23,1,1564,1630,NE
1175865.612,X_LEG_1,18.90,15.91,-0.23,1,1564,1630,NE
1175865.633,X_LEG_1,18.90,15.91,-0.23,1,1564,1630,NE
1175865.653,X_LEG_1,18.90,15.91,-0.23,1,1564,1630,NE
1175865.674,X_LEG_1,18.77,15.88,-0.27,1,1564,1630,NE
1175865.694,X_LEG_1,18.77,15.88,-0.27,1,1564,1630,NE
1175865.714,X_LEG_1,18.77,15.88,-0.27,1,1564,1630,NE
1175865.735,X_LEG_1,18.77,15.88,-0.27,1,1564,1630,NE
1175865.756,X_LEG_1,18.77,15.88,-0.27,1,1564,1630,NE
1175865.776,X_LEG_1,18.63,15.85,-0.25,1,1563,1631,NE
1175865.797,X_LEG_1,18.63,15.85,-0.25,1,1563,1631,NE
1175865.817,X_LEG_1,18.63,15.85,-0.25,1,1563,1631,NE
1175865.838,X_LEG_1,18.63,15.85,-0.25,1,1563,1631,NE
1175865.858,X_LEG_1,18.63,15.85,-0.25,1,1563,1631,NE
1175865.879,X_LEG_1,18.49,15.82,-0.26,1,1563,1631,NE
1175865.899,X_LEG_1,18.49,15.82,-0.26,1,1563,1631,NE
1175865.920,X_LEG_1,18.49,15.82,-0.26,1,1563,1631,NE
1175865.940,X_LEG_1,18.49,15.82,-0.26,1,1563,1631,NE
1175865.961,X_LEG_1,18.49,15.82,-0.26,1,1563,1631,NE
1175865.981,X_LEG_1,18.35,15.79,-0.25,1,1563,1631,NE
1175866.002,X_LEG_1,18.35,15.79,-0.25,1,1563,1631,NE
1175866.022,X_LEG_1,18.35,15.79,-0.25,1,1563,1631,NE
1175866.042,X_LEG_1,18.35,15.79,-0.25,1,1563,1631,NE
1175866.063,X_LEG_1,18.35,15.79,-0.25,1,1563,1631,NE
1175866.083,X_LEG_1,18.21,15.77,-0.29,1,1563,1632,NE
1175866.104,X_LEG_1,18.21,15.77,-0.29,1,1563,1632,NE
1175866.126,X_LEG_1,18.21,15.77,-0.29,1,1563,1632,NE
1175866.146,X_LEG_1,18.21,15.77,-0.29,1,1563,1632,NE
1175866.166,X_LEG_1,18.21,15.77,-0.29,1,1563,1632,NE
1175866.187,X_LEG_1,18.07,15.74,-0.28,1,1563,1632,NE
1175866.207,X_LEG_1,18.07,15.74,-0.28,1,1563,1632,NE
1175866.228,X_LEG_1,18.07,15.74,-0.28,1,1563,1632,NE
1175866.248,X_LEG_1,18.07,15.74,-0.28,1,1563,1632,NE
1175866.269,X_LEG_1,18.07,15.74,-0.28,1,1563,1632,NE
1175866.289,X_LEG_1,17.93,15.71,-0.26,1,1563,1633,NE
1175866.310,X_LEG_1,17.93,15.71,-0.26,1,1563,1633,NE
1175866.330,X_LEG_1,17.93,15.71,-0.26,1,1563,1633,NE
1175866.350,X_LEG_1,17.93,15.71,-0.26,1,1563,1633,NE
1175866.371,X_LEG_1,17.93,15.71,-0.26,1,1563,1633,NE
1175866.392,X_LEG_1,17.79,15.69,-0.30,1,1563,1633,NE
1175866.412,X_LEG_1,17.79,15.69,-0.30,1,1563,1633,NE
1175866.432,X_LEG_1,17.79,15.69,-0.30,1,1563,1633,NE
1175866.452,X_LEG_1,17.79,15.69,-0.30,1,1563,1633,NE
1175866.473,X_LEG_1,17.79,15.69,-0.30,1,1563,1633,NE
1175866.493,X_LEG_1,17.65,15.66,-0.29,1,1563,1634,NE
1175866.513,X_LEG_1,17.65,15.66,-0.29,1,1563,1634,NE
1175866.534,X_LEG_1,17.65,15.66,-0.29,1,1563,1634,NE
1175866.554,X_LEG_1,17.65,15.66,-0.29,1,1563,1634,NE
1175866.575,X_LEG_1,17.65,15.66,-0.29,1,1563,1634,NE
1175866.595,X_LEG_1,17.51,15.63,-0.30,1,1563,1634,NE
1175866.616,X_LEG_1,17.51,15.63,-0.30,1,1563,1634,NE
1175866.636,X_LEG_1,17.51,15.63,-0.30,1,1563,1634,NE
1175866.657,X_LEG_1,17.51,15.63,-0.30,1,1563,1634,NE
1175866.677,X_LEG_1,17.51,15.63,-0.30,1,1563,1634,NE
1175866.698,X_LEG_1,17.51,15.63,-0.30,1,1563,1634,NE
1175866.719,X_LEG_1,17.51,15.63,-0.30,1,1563,1634,NE
1175866.739,X_LEG_1,17.51,15.63,-0.30,1,1563,1634,NE
1175866.760,X_LEG_1,17.51,15.63,-0.30,1,1563,1634,NE
1175866.780,X_LEG_1,17.51,15.63,-0.30,1,1563,1634,NE
1175866.801,X_LEG_1,17.29,15.59,-0.31,1,1562,1635,NE
1175866.821,X_LEG_1,17.29,15.59,-0.31,1,1562,1635,NE
1175866.841,X_LEG_1,17.29,15.59,-0.31,1,1562,1635,NE
1175866.862,X_LEG_1,17.29,15.59,-0.31,1,1562,1635,NE
1175866.883,X_LEG_1,17.29,15.59,-0.31,1,1562,1635,NE
1175866.903,X_LEG_1,17.15,15.56,-0.32,1,1562,1635,NE
1175866.924,X_LEG_1,17.15,15.56,-0.32,1,1562,1635,NE
1175866.944,X_LEG_1,17.15,15.56,-0.32,1,1562,1635,NE
1175866.964,X_LEG_1,17.15,15.56,-0.32,1,1562,1635,NE
1175866.986,X_LEG_1,17.15,15.56,-0.32,1,1562,1635,NE
1175867.006,X_LEG_1,17.00,15.53,-0.31,1,1562,1635,NE
1175867.026,X_LEG_1,17.00,15.53,-0.31,1,1562,1635,NE
1175867.046,X_LEG_1,17.00,15.53,-0.31,1,1562,1635,NE
1175867.067,X_LEG_1,17.00,15.53,-0.31,1,1562,1635,NE
1175867.087,X_LEG_1,17.00,15.53,-0.31,1,1562,1635,NE
1175867.108,X_LEG_1,16.86,15.51,-0.32,1,1562,1636,NE
1175867.128,X_LEG_1,16.86,15.51,-0.32,1,1562,1636,NE
1175867.148,X_LEG_1,16.86,15.51,-0.32,1,1562,1636,NE
1175867.169,X_LEG_1,16.86,15.51,-0.32,1,1562,1636,NE
1175867.190,X_LEG_1,16.86,15.51,-0.32,1,1562,1636,NE
1175867.210,X_LEG_1,16.71,15.48,-0.34,1,1562,1636,NE
1175867.231,X_LEG_1,16.71,15.48,-0.34,1,1562,1636,NE
1175867.252,X_LEG_1,16.71,15.48,-0.34,1,1562,1636,NE
1175867.272,X_LEG_1,16.71,15.48,-0.34,1,1562,1636,NE
1175867.293,X_LEG_1,16.71,15.48,-0.34,1,1562,1636,NE
1175867.313,X_LEG_1,16.71,15.48,-0.34,1,1562,1636,NE
1175867.334,X_LEG_1,16.71,15.48,-0.34,1,1562,1636,NE
1175867.354,X_LEG_1,16.71,15.48,-0.34,1,1562,1636,NE
1175867.375,X_LEG_1,16.71,15.48,-0.34,1,1562,1636,NE
1175867.396,X_LEG_1,16.71,15.48,-0.34,1,1562,1636,NE
1175867.416,X_LEG_1,16.49,15.44,-0.32,1,1562,1637,NE
1175867.436,X_LEG_1,16.49,15.44,-0.32,1,1562,1637,NE
1175867.457,X_LEG_1,16.49,15.44,-0.32,1,1562,1637,NE
1175867.477,X_LEG_1,16.49,15.44,-0.32,1,1562,1637,NE
1175867.498,X_LEG_1,16.49,15.44,-0.32,1,1562,1637,NE
1175867.518,X_LEG_1,16.34,15.41,-0.36,1,1562,1637,NE
1175867.539,X_LEG_1,16.34,15.41,-0.36,1,1562,1637,NE
1175867.559,X_LEG_1,16.34,15.41,-0.36,1,1562,1637,NE
1175867.580,X_LEG_1,16.34,15.41,-0.36,1,1562,1637,NE
1175867.600,X_LEG_1,16.34,15.41,-0.36,1,1562,1637,NE
1175867.620,X_LEG_1,16.19,15.38,-0.34,1,1562,1638,NE
1175867.641,X_LEG_1,16.19,15.38,-0.34,1,1562,1638,NE
1175867.662,X_LEG_1,16.19,15.38,-0.34,1,1562,1638,NE
1175867.682,X_LEG_1,16.19,15.38,-0.34,1,1562,1638,NE
1175867.703,X_LEG_1,16.19,15.38,-0.34,1,1562,1638,NE
1175867.723,X_LEG_1,15.97,15.35,-0.38,1,1561,1639,NE
1175867.743,X_LEG_1,15.97,15.35,-0.38,1,1561,1639,NE
1175867.763,X_LEG_1,15.97,15.35,-0.38,1,1561,1639,NE
1175867.784,X_LEG_1,15.97,15.35,-0.38,1,1561,1639,NE
1175867.804,X_LEG_1,15.97,15.35,-0.38,1,1561,1639,NE
1175867.825,X_LEG_1,15.81,15.32,-0.36,1,1561,1639,NE
1175867.845,X_LEG_1,15.81,15.32,-0.36,1,1561,1639,NE
1175867.866,X_LEG_1,15.81,15.32,-0.36,1,1561,1639,NE
1175867.886,X_LEG_1,15.81,15.32,-0.36,1,1561,1639,NE
1175867.907,X_LEG_1,15.81,15.32,-0.36,1,1561,1639,NE
1175867.928,X_LEG_1,15.81,15.32,-0.36,1,1561,1639,NE
1175867.948,X_LEG_1,15.81,15.32,-0.36,1,1561,1639,NE
1175867.970,X_LEG_1,15.81,15.32,-0.36,1,1561,1639,NE
1175867.990,X_LEG_1,15.81,15.32,-0.36,1,1561,1639,NE
1175868.010,X_LEG_1,15.81,15.32,-0.36,1,1561,1639,NE
1175868.030,X_LEG_1,15.59,15.27,-0.37,1,1561,1640,NE
1175868.050,X_LEG_1,15.59,15.27,-0.37,1,1561,1640,NE
1175868.071,X_LEG_1,15.59,15.27,-0.37,1,1561,1640,NE
1175868.091,X_LEG_1,15.59,15.27,-0.37,1,1561,1640,NE
1175868.112,X_LEG_1,15.59,15.27,-0.37,1,1561,1640,NE
1175868.132,X_LEG_1,15.43,15.25,-0.38,1,1561,1640,NE
1175868.153,X_LEG_1,15.43,15.25,-0.38,1,1561,1640,NE
1175868.173,X_LEG_1,15.43,15.25,-0.38,1,1561,1640,NE
1175868.194,X_LEG_1,15.43,15.25,-0.38,1,1561,1640,NE
1175868.214,X_LEG_1,15.43,15.25,-0.38,1,1561,1640,NE
1175868.235,X_LEG_1,15.43,15.25,-0.38,1,1561,1640,NE
1175868.256,X_LEG_1,15.43,15.25,-0.38,1,1561,1640,NE
1175868.276,X_LEG_1,15.43,15.25,-0.38,1,1561,1640,NE
1175868.297,X_LEG_1,15.43,15.25,-0.38,1,1561,1640,NE
1175868.317,X_LEG_1,15.43,15.25,-0.38,1,1561,1640,NE
1175868.338,X_LEG_1,15.21,15.21,-0.37,1,1561,1641,NE
1175868.359,X_LEG_1,15.21,15.21,-0.37,1,1561,1641,NE
1175868.379,X_LEG_1,15.21,15.21,-0.37,1,1561,1641,NE
1175868.400,X_LEG_1,15.21,15.21,-0.37,1,1561,1641,NE
1175868.420,X_LEG_1,15.21,15.21,-0.37,1,1561,1641,NE
1175868.441,X_LEG_1,15.05,15.18,-0.41,1,1561,1641,NE
1175868.461,X_LEG_1,15.05,15.18,-0.41,1,1561,1641,NE
1175868.482,X_LEG_1,15.05,15.18,-0.41,1,1561,1641,NE
1175868.502,X_LEG_1,15.05,15.18,-0.41,1,1561,1641,NE
1175868.523,X_LEG_1,15.05,15.18,-0.41,1,1561,1641,NE
1175868.543,X_LEG_1,14.82,15.14,-0.39,1,1561,1641,NE
1175868.564,X_LEG_1,14.82,15.14,-0.39,1,1561,1641,NE
1175868.585,X_LEG_1,14.82,15.14,-0.39,1,1561,1641,NE
1175868.605,X_LEG_1,14.82,15.14,-0.39,1,1561,1641,NE
1175868.626,X_LEG_1,14.82,15.14,-0.39,1,1561,1641,NE
1175868.646,X_LEG_1,14.66,15.12,-0.43,1,1560,1642,NE
1175868.667,X_LEG_1,14.66,15.12,-0.43,1,1560,1642,NE
1175868.687,X_LEG_1,14.66,15.12,-0.43,1,1560,1642,NE
1175868.708,X_LEG_1,14.66,15.12,-0.43,1,1560,1642,NE
1175868.728,X_LEG_1,14.66,15.12,-0.43,1,1560,1642,NE
1175868.748,X_LEG_1,14.51,15.09,-0.41,1,1560,1642,NE
1175868.769,X_LEG_1,14.51,15.09,-0.41,1,1560,1642,NE
1175868.790,X_LEG_1,14.51,15.09,-0.41,1,1560,1642,NE
1175868.810,X_LEG_1,14.51,15.09,-0.41,1,1560,1642,NE
1175868.831,X_LEG_1,14.51,15.09,-0.41,1,1560,1642,NE
1175868.851,X_LEG_1,14.51,15.09,-0.41,1,1560,1642,NE
1175868.871,X_LEG_1,14.51,15.09,-0.41,1,1560,1642,NE
1175868.892,X_LEG_1,14.51,15.09,-0.41,1,1560,1642,NE
1175868.912,X_LEG_1,14.51,15.09,-0.41,1,1560,1642,NE
1175868.933,X_LEG_1,14.51,15.09,-0.41,1,1560,1642,NE
1175868.953,X_LEG_1,14.27,15.05,-0.40,1,1560,1643,NE
1175868.974,X_LEG_1,14.27,15.05,-0.40,1,1560,1643,NE
1175868.994,X_LEG_1,14.27,15.05,-0.40,1,1560,1643,NE
1175869.015,X_LEG_1,14.27,15.05,-0.40,1,1560,1643,NE
1175869.036,X_LEG_1,14.27,15.05,-0.40,1,1560,1643,NE
1175869.056,X_LEG_1,14.12,15.02,-0.44,1,1560,1643,NE
1175869.076,X_LEG_1,14.12,15.02,-0.44,1,1560,1643,NE
1175869.097,X_LEG_1,14.12,15.02,-0.44,1,1560,1643,NE
1175869.117,X_LEG_1,14.12,15.02,-0.44,1,1560,1643,NE
1175869.137,X_LEG_1,14.12,15.02,-0.44,1,1560,1643,NE
1175869.158,X_LEG_1,13.88,14.98,-0.42,1,1560,1644,NE
1175869.178,X_LEG_1,13.88,14.98,-0.42,1,1560,1644,NE
1175869.199,X_LEG_1,13.88,14.98,-0.42,1,1560,1644,NE
1175869.219,X_LEG_1,13.88,14.98,-0.42,1,1560,1644,NE
1175869.240,X_LEG_1,13.88,14.98,-0.42,1,1560,1644,NE
1175869.260,X_LEG_1,13.72,14.96,-0.43,1,1560,1644,NE
1175869.281,X_LEG_1,13.72,14.96,-0.43,1,1560,1644,NE
1175869.301,X_LEG_1,13.72,14.96,-0.43,1,1560,1644,NE
1175869.322,X_LEG_1,13.72,14.96,-0.43,1,1560,1644,NE
1175869.342,X_LEG_1,13.72,14.96,-0.43,1,1560,1644,NE
1175869.363,X_LEG_1,13.72,14.96,-0.43,1,1560,1644,NE
1175869.383,X_LEG_1,13.72,14.96,-0.43,1,1560,1644,NE
1175869.404,X_LEG_1,13.72,14.96,-0.43,1,1560,1644,NE
1175869.424,X_LEG_1,13.72,14.96,-0.43,1,1560,1644,NE
1175869.444,X_LEG_1,13.72,14.96,-0.43,1,1560,1644,NE
1175869.465,X_LEG_1,13.48,14.91,-0.44,1,1560,1645,NE
1175869.486,X_LEG_1,13.48,14.91,-0.44,1,1560,1645,NE
1175869.506,X_LEG_1,13.48,14.91,-0.44,1,1560,1645,NE
1175869.527,X_LEG_1,13.48,14.91,-0.44,1,1560,1645,NE
1175869.547,X_LEG_1,13.48,14.91,-0.44,1,1560,1645,NE
1175869.567,X_LEG_1,13.32,14.90,-0.46,1,1560,1646,NE
1175869.588,X_LEG_1,13.32,14.90,-0.46,1,1560,1646,NE
1175869.608,X_LEG_1,13.32,14.90,-0.46,1,1560,1646,NE
1175869.629,X_LEG_1,13.32,14.90,-0.46,1,1560,1646,NE
1175869.649,X_LEG_1,13.32,14.90,-0.46,1,1560,1646,NE
1175869.670,X_LEG_1,13.16,14.87,-0.44,1,1559,1646,NE
1175869.690,X_LEG_1,13.16,14.87,-0.44,1,1559,1646,NE
1175869.711,X_LEG_1,13.16,14.87,-0.44,1,1559,1646,NE
1175869.731,X_LEG_1,13.16,14.87,-0.44,1,1559,1646,NE
1175869.752,X_LEG_1,13.16,14.87,-0.44,1,1559,1646,NE
1175869.773,X_LEG_1,13.00,14.83,-0.45,1,1559,1647,NE
1175869.796,X_LEG_1,13.00,14.83,-0.45,1,1559,1647,NE
1175869.816,X_LEG_1,13.00,14.83,-0.45,1,1559,1647,NE
1175869.838,X_LEG_1,13.00,14.83,-0.45,1,1559,1647,NE
1175869.858,X_LEG_1,13.00,14.83,-0.45,1,1559,1647,NE
1175869.878,X_LEG_1,12.84,14.81,-0.47,1,1559,1647,NE
1175869.898,X_LEG_1,12.84,14.81,-0.47,1,1559,1647,NE
1175869.919,X_LEG_1,12.84,14.81,-0.47,1,1559,1647,NE
1175869.939,X_LEG_1,12.84,14.81,-0.47,1,1559,1647,NE
1175869.960,X_LEG_1,12.84,14.81,-0.47,1,1559,1647,NE
1175869.980,X_LEG_1,12.84,14.81,-0.47,1,1559,1647,NE
1175870.001,X_LEG_1,12.84,14.81,-0.47,1,1559,1647,NE
1175870.021,X_LEG_1,12.84,14.81,-0.47,1,1559,1647,NE
1175870.041,X_LEG_1,12.84,14.81,-0.47,1,1559,1647,NE
1175870.062,X_LEG_1,12.84,14.81,-0.47,1,1559,1647,NE
1175870.082,X_LEG_1,12.60,14.77,-0.45,1,1559,1648,NE
1175870.103,X_LEG_1,12.60,14.77,-0.45,1,1559,1648,NE
1175870.124,X_LEG_1,12.60,14.77,-0.45,1,1559,1648,NE
1175870.144,X_LEG_1,12.60,14.77,-0.45,1,1559,1648,NE
1175870.165,X_LEG_1,12.60,14.77,-0.45,1,1559,1648,NE
1175870.186,X_LEG_1,12.44,14.75,-0.49,1,1559,1648,NE
1175870.207,X_LEG_1,12.44,14.75,-0.49,1,1559,1648,NE
1175870.227,X_LEG_1,12.44,14.75,-0.49,1,1559,1648,NE
1175870.248,X_LEG_1,12.44,14.75,-0.49,1,1559,1648,NE
1175870.269,X_LEG_1,12.44,14.75,-0.49,1,1559,1648,NE
1175870.289,X_LEG_1,12.28,14.72,-0.48,1,1559,1649,NE
1175870.311,X_LEG_1,12.28,14.72,-0.48,1,1559,1649,NE
1175870.331,X_LEG_1,12.28,14.72,-0.48,1,1559,1649,NE
1175870.352,X_LEG_1,12.28,14.72,-0.48,1,1559,1649,NE
1175870.373,X_LEG_1,12.28,14.72,-0.48,1,1559,1649,NE
1175870.393,X_LEG_1,12.12,14.69,-0.47,1,1559,1649,NE
1175870.413,X_LEG_1,12.12,14.69,-0.47,1,1559,1649,NE
1175870.433,X_LEG_1,12.12,14.69,-0.47,1,1559,1649,NE
1175870.454,X_LEG_1,12.12,14.69,-0.47,1,1559,1649,NE
1175870.474,X_LEG_1,12.12,14.69,-0.47,1,1559,1649,NE
1175870.494,X_LEG_1,11.95,14.67,-0.49,1,1559,1650,NE
1175870.514,X_LEG_1,11.95,14.67,-0.49,1,1559,1650,NE
1175870.535,X_LEG_1,11.95,14.67,-0.49,1,1559,1650,NE
1175870.555,X_LEG_1,11.95,14.67,-0.49,1,1559,1650,NE
1175870.576,X_LEG_1,11.95,14.67,-0.49,1,1559,1650,NE
1175870.596,X_LEG_1,11.79,14.64,-0.50,1,1559,1650,NE
1175870.617,X_LEG_1,11.79,14.64,-0.50,1,1559,1650,NE
1175870.637,X_LEG_1,11.79,14.64,-0.50,1,1559,1650,NE
1175870.657,X_LEG_1,11.79,14.64,-0.50,1,1559,1650,NE
1175870.678,X_LEG_1,11.79,14.64,-0.50,1,1559,1650,NE
1175870.699,X_LEG_1,11.63,14.62,-0.51,1,1558,1651,NE
1175870.719,X_LEG_1,11.63,14.62,-0.51,1,1558,1651,NE
1175870.739,X_LEG_1,11.63,14.62,-0.51,1,1558,1651,NE
1175870.760,X_LEG_1,11.63,14.62,-0.51,1,1558,1651,NE
1175870.780,X_LEG_1,11.63,14.62,-0.51,1,1558,1651,NE
1175870.801,X_LEG_1,11.46,14.59,-0.50,1,1558,1651,NE
1175870.821,X_LEG_1,11.46,14.59,-0.50,1,1558,1651,NE
1175870.842,X_LEG_1,11.46,14.59,-0.50,1,1558,1651,NE
1175870.862,X_LEG_1,11.46,14.59,-0.50,1,1558,1651,NE
1175870.883,X_LEG_1,11.46,14.59,-0.50,1,1558,1651,NE
1175870.903,X_LEG_1,11.46,14.59,-0.50,1,1558,1651,NE
1175870.924,X_LEG_1,11.46,14.59,-0.50,1,1558,1651,NE
1175870.944,X_LEG_1,11.46,14.59,-0.50,1,1558,1651,NE
1175870.964,X_LEG_1,11.46,14.59,-0.50,1,1558,1651,NE
1175870.985,X_LEG_1,11.46,14.59,-0.50,1,1558,1651,NE
1175871.005,X_LEG_1,11.30,14.57,-0.49,1,1558,1652,NE
1175871.025,X_LEG_1,11.30,14.57,-0.49,1,1558,1652,NE
1175871.046,X_LEG_1,11.30,14.57,-0.49,1,1558,1652,NE
1175871.066,X_LEG_1,11.30,14.57,-0.49,1,1558,1652,NE
1175871.087,X_LEG_1,11.30,14.57,-0.49,1,1558,1652,NE
1175871.107,X_LEG_1,11.14,14.54,-0.53,1,1558,1652,NE
1175871.128,X_LEG_1,11.14,14.54,-0.53,1,1558,1652,NE
1175871.148,X_LEG_1,11.14,14.54,-0.53,1,1558,1652,NE
1175871.169,X_LEG_1,11.14,14.54,-0.53,1,1558,1652,NE
1175871.189,X_LEG_1,11.14,14.54,-0.53,1,1558,1652,NE
1175871.210,X_LEG_1,10.97,14.51,-0.52,1,1558,1653,NE
1175871.230,X_LEG_1,10.97,14.51,-0.52,1,1558,1653,NE
1175871.251,X_LEG_1,10.97,14.51,-0.52,1,1558,1653,NE
1175871.271,X_LEG_1,10.97,14.51,-0.52,1,1558,1653,NE
1175871.291,X_LEG_1,10.97,14.51,-0.52,1,1558,1653,NE
1175871.311,X_LEG_1,10.81,14.49,-0.54,1,1558,1653,NE
1175871.332,X_LEG_1,10.81,14.49,-0.54,1,1558,1653,NE
1175871.352,X_LEG_1,10.81,14.49,-0.54,1,1558,1653,NE
1175871.373,X_LEG_1,10.81,14.49,-0.54,1,1558,1653,NE
1175871.393,X_LEG_1,10.81,14.49,-0.54,1,1558,1653,NE
1175871.414,X_LEG_1,10.64,14.47,-0.52,1,1558,1654,NE
1175871.434,X_LEG_1,10.64,14.47,-0.52,1,1558,1654,NE
1175871.455,X_LEG_1,10.64,14.47,-0.52,1,1558,1654,NE
1175871.475,X_LEG_1,10.64,14.47,-0.52,1,1558,1654,NE
1175871.496,X_LEG_1,10.64,14.47,-0.52,1,1558,1654,NE
1175871.516,X_LEG_1,10.48,14.44,-0.51,1,1558,1654,NE
1175871.537,X_LEG_1,10.48,14.44,-0.51,1,1558,1654,NE
1175871.557,X_LEG_1,10.48,14.44,-0.51,1,1558,1654,NE
1175871.578,X_LEG_1,10.48,14.44,-0.51,1,1558,1654,NE
1175871.598,X_LEG_1,10.48,14.44,-0.51,1,1558,1654,NE
1175871.618,X_LEG_1,10.31,14.41,-0.55,1,1558,1655,NE
1175871.639,X_LEG_1,10.31,14.41,-0.55,1,1558,1655,NE
1175871.659,X_LEG_1,10.31,14.41,-0.55,1,1558,1655,NE
1175871.680,X_LEG_1,10.31,14.41,-0.55,1,1558,1655,NE
1175871.700,X_LEG_1,10.31,14.41,-0.55,1,1558,1655,NE
1175871.721,X_LEG_1,10.15,14.38,-0.54,1,1558,1655,NE
1175871.741,X_LEG_1,10.15,14.38,-0.54,1,1558,1655,NE
1175871.761,X_LEG_1,10.15,14.38,-0.54,1,1558,1655,NE
1175871.781,X_LEG_1,10.15,14.38,-0.54,1,1558,1655,NE
1175871.802,X_LEG_1,10.15,14.38,-0.54,1,1558,1655,NE
1175871.823,X_LEG_1,9.98,14.36,-0.56,1,1557,1656,NE
1175871.843,X_LEG_1,9.98,14.36,-0.56,1,1557,1656,NE
1175871.864,X_LEG_1,9.98,14.36,-0.56,1,1557,1656,NE
1175871.884,X_LEG_1,9.98,14.36,-0.56,1,1557,1656,NE
1175871.906,X_LEG_1,9.98,14.36,-0.56,1,1557,1656,NE
1175871.926,X_LEG_1,9.81,14.34,-0.54,1,1557,1656,NE
1175871.946,X_LEG_1,9.81,14.34,-0.54,1,1557,1656,NE
1175871.966,X_LEG_1,9.81,14.34,-0.54,1,1557,1656,NE
1175871.987,X_LEG_1,9.81,14.34,-0.54,1,1557,1656,NE
1175872.007,X_LEG_1,9.81,14.34,-0.54,1,1557,1656,NE
1175872.028,X_LEG_1,9.65,14.31,-0.53,1,1557,1657,NE
1175872.048,X_LEG_1,9.65,14.31,-0.53,1,1557,1657,NE
1175872.068,X_LEG_1,9.65,14.31,-0.53,1,1557,1657,NE
1175872.089,X_LEG_1,9.65,14.31,-0.53,1,1557,1657,NE
1175872.110,X_LEG_1,9.65,14.31,-0.53,1,1557,1657,NE
1175872.130,X_LEG_1,9.48,14.28,-0.57,1,1557,1657,NE
1175872.150,X_LEG_1,9.48,14.28,-0.57,1,1557,1657,NE
1175872.171,X_LEG_1,9.48,14.28,-0.57,1,1557,1657,NE
1175872.191,X_LEG_1,9.48,14.28,-0.57,1,1557,1657,NE
1175872.211,X_LEG_1,9.48,14.28,-0.57,1,1557,1657,NE
1175872.232,X_LEG_1,9.48,14.28,-0.57,1,1557,1657,NE
1175872.252,X_LEG_1,9.48,14.28,-0.57,1,1557,1657,NE
1175872.273,X_LEG_1,9.48,14.28,-0.57,1,1557,1657,NE
1175872.293,X_LEG_1,9.48,14.28,-0.57,1,1557,1657,NE
1175872.314,X_LEG_1,9.48,14.28,-0.57,1,1557,1657,NE
1175872.334,X_LEG_1,9.23,14.24,-0.55,1,1557,1658,NE
1175872.355,X_LEG_1,9.23,14.24,-0.55,1,1557,1658,NE
1175872.375,X_LEG_1,9.23,14.24,-0.55,1,1557,1658,NE
1175872.396,X_LEG_1,9.23,14.24,-0.55,1,1557,1658,NE
1175872.417,X_LEG_1,9.23,14.24,-0.55,1,1557,1658,NE
1175872.438,X_LEG_1,9.07,14.22,-0.57,1,1557,1658,NE
1175872.458,X_LEG_1,9.07,14.22,-0.57,1,1557,1658,NE
1175872.479,X_LEG_1,9.07,14.22,-0.57,1,1557,1658,NE
1175872.500,X_LEG_1,9.07,14.22,-0.57,1,1557,1658,NE
1175872.521,X_LEG_1,9.07,14.22,-0.57,1,1557,1658,NE
1175872.541,X_LEG_1,8.90,14.20,-0.56,1,1557,1659,NE
1175872.562,X_LEG_1,8.90,14.20,-0.56,1,1557,1659,NE
1175872.583,X_LEG_1,8.90,14.20,-0.56,1,1557,1659,NE
1175872.603,X_LEG_1,8.90,14.20,-0.56,1,1557,1659,NE
1175872.623,X_LEG_1,8.90,14.20,-0.56,1,1557,1659,NE
1175872.644,X_LEG_1,8.73,14.18,-0.58,1,1557,1659,NE
1175872.664,X_LEG_1,8.73,14.18,-0.58,1,1557,1659,NE
1175872.685,X_LEG_1,8.73,14.18,-0.58,1,1557,1659,NE
1175872.705,X_LEG_1,8.73,14.18,-0.58,1,1557,1659,NE
1175872.725,X_LEG_1,8.73,14.18,-0.58,1,1557,1659,NE
1175872.746,X_LEG_1,8.57,14.15,-0.56,1,1557,1660,NE
1175872.767,X_LEG_1,8.57,14.15,-0.56,1,1557,1660,NE
1175872.787,X_LEG_1,8.57,14.15,-0.56,1,1557,1660,NE
1175872.807,X_LEG_1,8.57,14.15,-0.56,1,1557,1660,NE
1175872.828,X_LEG_1,8.57,14.15,-0.56,1,1557,1660,NE
1175872.848,X_LEG_1,8.40,14.12,-0.61,1,1556,1660,NE
1175872.869,X_LEG_1,8.40,14.12,-0.61,1,1556,1660,NE
1175872.889,X_LEG_1,8.40,14.12,-0.61,1,1556,1660,NE
1175872.910,X_LEG_1,8.40,14.12,-0.61,1,1556,1660,NE
1175872.930,X_LEG_1,8.40,14.12,-0.61,1,1556,1660,NE
1175872.951,X_LEG_1,8.40,14.12,-0.61,1,1556,1660,NE
1175872.971,X_LEG_1,8.40,14.12,-0.61,1,1556,1660,NE
1175872.992,X_LEG_1,8.40,14.12,-0.61,1,1556,1660,NE
1175873.012,X_LEG_1,8.40,14.12,-0.61,1,1556,1660,NE
1175873.033,X_LEG_1,8.40,14.12,-0.61,1,1556,1660,NE
1175873.053,X_LEG_1,8.15,14.08,-0.59,1,1556,1661,NE
1175873.074,X_LEG_1,8.15,14.08,-0.59,1,1556,1661,NE
1175873.094,X_LEG_1,8.15,14.08,-0.59,1,1556,1661,NE
1175873.115,X_LEG_1,8.15,14.08,-0.59,1,1556,1661,NE
1175873.135,X_LEG_1,8.15,14.08,-0.59,1,1556,1661,NE
1175873.156,X_LEG_1,7.99,14.06,-0.61,1,1556,1662,NE
1175873.176,X_LEG_1,7.99,14.06,-0.61,1,1556,1662,NE
1175873.196,X_LEG_1,7.99,14.06,-0.61,1,1556,1662,NE
1175873.217,X_LEG_1,7.99,14.06,-0.61,1,1556,1662,NE
1175873.238,X_LEG_1,7.99,14.06,-0.61,1,1556,1662,NE
1175873.258,X_LEG_1,7.82,14.03,-0.59,1,1556,1662,NE
1175873.279,X_LEG_1,7.82,14.03,-0.59,1,1556,1662,NE
1175873.300,X_LEG_1,7.82,14.03,-0.59,1,1556,1662,NE
1175873.320,X_LEG_1,7.82,14.03,-0.59,1,1556,1662,NE
1175873.341,X_LEG_1,7.82,14.03,-0.59,1,1556,1662,NE
1175873.362,X_LEG_1,7.65,14.02,-0.61,1,1556,1663,NE
1175873.382,X_LEG_1,7.65,14.02,-0.61,1,1556,1663,NE
1175873.402,X_LEG_1,7.65,14.02,-0.61,1,1556,1663,NE
1175873.422,X_LEG_1,7.65,14.02,-0.61,1,1556,1663,NE
1175873.443,X_LEG_1,7.65,14.02,-0.61,1,1556,1663,NE
1175873.463,X_LEG_1,7.41,13.97,-0.62,1,1556,1663,NE
1175873.484,X_LEG_1,7.41,13.97,-0.62,1,1556,1663,NE
1175873.504,X_LEG_1,7.41,13.97,-0.62,1,1556,1663,NE
1175873.525,X_LEG_1,7.41,13.97,-0.62,1,1556,1663,NE
1175873.545,X_LEG_1,7.41,13.97,-0.62,1,1556,1663,NE
1175873.566,X_LEG_1,7.41,13.97,-0.62,1,1556,1663,NE
1175873.587,X_LEG_1,7.41,13.97,-0.62,1,1556,1663,NE
1175873.607,X_LEG_1,7.41,13.97,-0.62,1,1556,1663,NE
1175873.627,X_LEG_1,7.41,13.97,-0.62,1,1556,1663,NE
1175873.648,X_LEG_1,7.41,13.97,-0.62,1,1556,1663,NE
1175873.668,X_LEG_1,7.24,13.95,-0.64,1,1556,1664,NE
1175873.689,X_LEG_1,7.24,13.95,-0.64,1,1556,1664,NE
1175873.709,X_LEG_1,7.24,13.95,-0.64,1,1556,1664,NE
1175873.729,X_LEG_1,7.24,13.95,-0.64,1,1556,1664,NE
1175873.750,X_LEG_1,7.24,13.95,-0.64,1,1556,1664,NE
1175873.770,X_LEG_1,7.07,13.92,-0.62,1,1556,1664,NE
1175873.790,X_LEG_1,7.07,13.92,-0.62,1,1556,1664,NE
1175873.811,X_LEG_1,7.07,13.92,-0.62,1,1556,1664,NE
1175873.831,X_LEG_1,7.07,13.92,-0.62,1,1556,1664,NE
1175873.852,X_LEG_1,7.07,13.92,-0.62,1,1556,1664,NE
1175873.872,X_LEG_1,6.91,13.90,-0.64,1,1556,1665,NE
1175873.892,X_LEG_1,6.91,13.90,-0.64,1,1556,1665,NE
1175873.913,X_LEG_1,6.91,13.90,-0.64,1,1556,1665,NE
1175873.933,X_LEG_1,6.91,13.90,-0.64,1,1556,1665,NE
1175873.954,X_LEG_1,6.91,13.90,-0.64,1,1556,1665,NE
1175873.974,X_LEG_1,6.74,13.87,-0.63,1,1555,1665,NE
1175873.995,X_LEG_1,6.74,13.87,-0.63,1,1555,1665,NE
1175874.015,X_LEG_1,6.74,13.87,-0.63,1,1555,1665,NE
1175874.036,X_LEG_1,6.74,13.87,-0.63,1,1555,1665,NE
1175874.056,X_LEG_1,6.74,13.87,-0.63,1,1555,1665,NE
1175874.076,X_LEG_1,6.57,13.85,-0.62,1,1555,1666,NE
1175874.097,X_LEG_1,6.57,13.85,-0.62,1,1555,1666,NE
1175874.117,X_LEG_1,6.57,13.85,-0.62,1,1555,1666,NE
1175874.139,X_LEG_1,6.57,13.85,-0.62,1,1555,1666,NE
1175874.159,X_LEG_1,6.57,13.85,-0.62,1,1555,1666,NE
1175874.180,X_LEG_1,6.41,13.83,-0.63,1,1555,1666,NE
1175874.200,X_LEG_1,6.41,13.83,-0.63,1,1555,1666,NE
1175874.221,X_LEG_1,6.41,13.83,-0.63,1,1555,1666,NE
1175874.241,X_LEG_1,6.41,13.83,-0.63,1,1555,1666,NE
1175874.262,X_LEG_1,6.41,13.83,-0.63,1,1555,1666,NE
1175874.282,X_LEG_1,6.25,13.80,-0.62,1,1555,1667,NE
1175874.302,X_LEG_1,6.25,13.80,-0.62,1,1555,1667,NE
1175874.322,X_LEG_1,6.25,13.80,-0.62,1,1555,1667,NE
1175874.343,X_LEG_1,6.25,13.80,-0.62,1,1555,1667,NE
1175874.364,X_LEG_1,6.25,13.80,-0.62,1,1555,1667,NE
1175874.384,X_LEG_1,6.08,13.78,-0.64,1,1555,1667,NE
1175874.405,X_LEG_1,6.08,13.78,-0.64,1,1555,1667,NE
1175874.425,X_LEG_1,6.08,13.78,-0.64,1,1555,1667,NE
1175874.445,X_LEG_1,6.08,13.78,-0.64,1,1555,1667,NE
1175874.466,X_LEG_1,6.08,13.78,-0.64,1,1555,1667,NE
1175874.486,X_LEG_1,5.91,13.75,-0.65,1,1555,1668,NE
1175874.507,X_LEG_1,5.91,13.75,-0.65,1,1555,1668,NE
1175874.527,X_LEG_1,5.91,13.75,-0.65,1,1555,1668,NE
1175874.548,X_LEG_1,5.91,13.75,-0.65,1,1555,1668,NE
1175874.569,X_LEG_1,5.91,13.75,-0.65,1,1555,1668,NE
1175874.589,X_LEG_1,5.75,13.73,-0.67,1,1555,1668,NE
1175874.609,X_LEG_1,5.75,13.73,-0.67,1,1555,1668,NE
1175874.630,X_LEG_1,5.75,13.73,-0.67,1,1555,1668,NE
1175874.650,X_LEG_1,5.75,13.73,-0.67,1,1555,1668,NE
1175874.671,X_LEG_1,5.75,13.73,-0.67,1,1555,1668,NE
1175874.691,X_LEG_1,5.59,13.70,-0.66,1,1555,1669,NE
1175874.711,X_LEG_1,5.59,13.70,-0.66,1,1555,1669,NE
1175874.732,X_LEG_1,5.59,13.70,-0.66,1,1555,1669,NE
1175874.753,X_LEG_1,5.59,13.70,-0.66,1,1555,1669,NE
1175874.773,X_LEG_1,5.59,13.70,-0.66,1,1555,1669,NE
1175874.793,X_LEG_1,5.59,13.70,-0.66,1,1555,1669,NE
1175874.814,X_LEG_1,5.59,13.70,-0.66,1,1555,1669,NE
1175874.834,X_LEG_1,5.59,13.70,-0.66,1,1555,1669,NE
1175874.854,X_LEG_1,5.59,13.70,-0.66,1,1555,1669,NE
1175874.875,X_LEG_1,5.59,13.70,-0.66,1,1555,1669,NE
1175874.895,X_LEG_1,5.37,13.67,-0.70,1,1555,1669,NE
1175874.916,X_LEG_1,5.37,13.67,-0.70,1,1555,1669,NE
1175874.937,X_LEG_1,5.37,13.67,-0.70,1,1555,1669,NE
1175874.957,X_LEG_1,5.37,13.67,-0.70,1,1555,1669,NE
1175874.977,X_LEG_1,5.37,13.67,-0.70,1,1555,1669,NE
1175874.998,X_LEG_1,5.25,13.67,-0.78,1,1555,1670,NE
1175875.019,X_LEG_1,5.25,13.67,-0.78,1,1555,1670,NE
1175875.039,X_LEG_1,5.25,13.67,-0.78,1,1555,1670,NE
1175875.060,X_LEG_1,5.25,13.67,-0.78,1,1555,1670,NE
1175875.080,X_LEG_1,5.25,13.67,-0.78,1,1555,1670,NE
1175875.100,X_LEG_1,5.13,13.67,-0.87,1,1555,1670,NE
1175875.121,X_LEG_1,5.13,13.67,-0.87,1,1555,1670,NE
1175875.141,X_LEG_1,5.13,13.67,-0.87,1,1555,1670,NE
1175875.161,X_LEG_1,5.13,13.67,-0.87,1,1555,1670,NE
1175875.182,X_LEG_1,5.13,13.67,-0.87,1,1555,1670,NE
1175875.203,X_LEG_1,5.01,13.67,-15.98,1,1555,1670,NE
1175875.223,X_LEG_1,5.01,13.67,-15.98,1,1555,1670,NE
1175875.244,X_LEG_1,5.01,13.67,-15.98,1,1555,1670,NE
1175875.265,X_LEG_1,5.01,13.67,-15.98,1,1555,1670,NE
1175875.286,X_LEG_1,5.01,13.67,-15.98,1,1555,1670,NE
1175875.306,X_LEG_1,5.01,13.67,-15.98,1,1555,1670,NE
1175875.327,X_LEG_1,5.01,13.67,-15.98,1,1555,1670,NE
1175875.347,X_LEG_1,5.01,13.67,-15.98,1,1555,1670,NE
1175875.367,X_LEG_1,5.01,13.67,-15.98,1,1555,1670,NE
1175875.388,X_LEG_1,5.01,13.67,-15.98,1,1555,1670,NE
1175875.409,X_LEG_1,4.81,13.68,-16.27,1,1555,1671,NE
1175875.429,X_LEG_1,4.81,13.68,-16.27,1,1555,1671,NE
1175875.449,X_LEG_1,4.81,13.68,-16.27,1,1555,1671,NE
1175875.470,X_LEG_1,4.81,13.68,-16.27,1,1555,1671,NE
1175875.490,X_LEG_1,4.81,13.68,-16.27,1,1555,1671,NE
1175875.511,X_LEG_1,4.67,13.69,-16.50,1,1555,1671,NE
1175875.532,X_LEG_1,4.67,13.69,-16.50,1,1555,1671,NE
1175875.552,X_LEG_1,4.67,13.69,-16.50,1,1555,1671,NE
1175875.573,X_LEG_1,4.67,13.69,-16.50,1,1555,1671,NE
1175875.593,X_LEG_1,4.67,13.69,-16.50,1,1555,1671,NE
1175875.614,X_LEG_1,4.52,13.71,-16.76,1,1555,1672,NE
1175875.634,X_LEG_1,4.52,13.71,-16.76,1,1555,1672,NE
1175875.654,X_LEG_1,4.52,13.71,-16.76,1,1555,1672,NE
1175875.675,X_LEG_1,4.52,13.71,-16.76,1,1555,1672,NE
1175875.695,X_LEG_1,4.52,13.71,-16.76,1,1555,1672,NE
1175875.716,X_LEG_1,4.27,13.74,-28.24,0,1500,1673,NE
1175875.737,X_LEG_1,4.27,13.74,-28.24,0,1500,1673,NE
1175875.757,X_LEG_1,4.27,13.74,-28.24,0,1500,1673,NE
1175875.778,X_LEG_1,4.27,13.74,-28.24,0,1500,1673,NE
1175875.798,X_LEG_1,4.27,13.74,-28.24,0,1500,1673,NE
1175875.818,X_LEG_1,4.09,13.77,-28.62,0,1500,1673,NE
1175875.839,X_LEG_1,4.09,13.77,-28.62,0,1500,1673,NE
1175875.860,X_LEG_1,4.09,13.77,-28.62,0,1500,1673,NE
1175875.880,X_LEG_1,4.09,13.77,-28.62,0,1500,1673,NE
1175875.901,X_LEG_1,4.09,13.77,-28.62,0,1500,1673,NE
1175875.921,X_LEG_1,3.90,13.80,-29.02,0,1500,1674,NE
1175875.942,X_LEG_1,3.90,13.80,-29.02,0,1500,1674,NE
1175875.962,X_LEG_1,3.90,13.80,-29.02,0,1500,1674,NE
1175875.983,X_LEG_1,3.90,13.80,-29.02,0,1500,1674,NE
1175876.003,X_LEG_1,3.90,13.80,-29.02,0,1500,1674,NE
1175876.023,X_LEG_1,3.71,13.84,-29.47,0,1500,1674,NE
1175876.044,X_LEG_1,3.71,13.84,-29.47,0,1500,1674,NE
1175876.065,X_LEG_1,3.71,13.84,-29.47,0,1500,1674,NE
1175876.085,X_LEG_1,3.71,13.84,-29.47,0,1500,1674,NE
1175876.105,X_LEG_1,3.71,13.84,-29.47,0,1500,1674,NE
1175876.126,X_LEG_1,3.71,13.84,-29.47,0,1500,1674,NE
1175876.147,X_LEG_1,3.71,13.84,-29.47,0,1500,1674,NE
1175876.167,X_LEG_1,3.71,13.84,-29.47,0,1500,1674,NE
1175876.187,X_LEG_1,3.71,13.84,-29.47,0,1500,1674,NE
1175876.208,X_LEG_1,3.71,13.84,-29.47,0,1500,1674,NE
1175876.228,X_LEG_1,3.41,13.91,9.80,1,1556,1675,NE
1175876.249,X_LEG_1,3.41,13.91,9.80,1,1556,1675,NE
1175876.269,X_LEG_1,3.41,13.91,9.80,1,1556,1675,NE
1175876.290,X_LEG_1,3.41,13.91,9.80,1,1556,1675,NE
1175876.310,X_LEG_1,3.41,13.91,9.80,1,1556,1675,NE
1175876.331,X_LEG_1,3.20,13.96,9.29,1,1556,1676,NE
1175876.351,X_LEG_1,3.20,13.96,9.29,1,1556,1676,NE
1175876.372,X_LEG_1,3.20,13.96,9.29,1,1556,1676,NE
1175876.392,X_LEG_1,3.20,13.96,9.29,1,1556,1676,NE
1175876.413,X_LEG_1,3.20,13.96,9.29,1,1556,1676,NE
1175876.433,X_LEG_1,3.00,14.02,8.79,1,1556,1677,NE
1175876.455,X_LEG_1,3.00,14.02,8.79,1,1556,1677,NE
1175876.475,X_LEG_1,3.00,14.02,8.79,1,1556,1677,NE
1175876.495,X_LEG_1,3.00,14.02,8.79,1,1556,1677,NE
1175876.516,X_LEG_1,3.00,14.02,8.79,1,1556,1677,NE
1175876.536,X_LEG_1,3.00,14.02,8.79,1,1556,1677,NE
1175876.557,X_LEG_1,3.00,14.02,8.79,1,1556,1677,NE
1175876.577,X_LEG_1,3.00,14.02,8.79,1,1556,1677,NE
1175876.598,X_LEG_1,3.00,14.02,8.79,1,1556,1677,NE
1175876.619,X_LEG_1,3.00,14.02,8.79,1,1556,1677,NE
1175876.639,X_LEG_1,2.69,14.12,7.99,1,1556,1677,NE
1175876.660,X_LEG_1,2.69,14.12,7.99,1,1556,1677,NE
1175876.680,X_LEG_1,2.69,14.12,7.99,1,1556,1677,NE
1175876.700,X_LEG_1,2.69,14.12,7.99,1,1556,1677,NE
1175876.721,X_LEG_1,2.69,14.12,7.99,1,1556,1677,NE
1175876.741,X_LEG_1,2.49,14.20,11.50,1,1557,1678,NE
1175876.762,X_LEG_1,2.49,14.20,11.50,1,1557,1678,NE
1175876.783,X_LEG_1,2.49,14.20,11.50,1,1557,1678,NE
1175876.803,X_LEG_1,2.49,14.20,11.50,1,1557,1678,NE
1175876.824,X_LEG_1,2.49,14.20,11.50,1,1557,1678,NE
1175876.844,X_LEG_1,2.29,14.27,10.99,1,1557,1679,NE
1175876.865,X_LEG_1,2.29,14.27,10.99,1,1557,1679,NE
1175876.885,X_LEG_1,2.29,14.27,10.99,1,1557,1679,NE
1175876.905,X_LEG_1,2.29,14.27,10.99,1,1557,1679,NE
1175876.926,X_LEG_1,2.29,14.27,10.99,1,1557,1679,NE
1175876.946,X_LEG_1,2.09,14.34,10.53,1,1557,1679,NE
1175876.967,X_LEG_1,2.09,14.34,10.53,1,1557,1679,NE
1175876.987,X_LEG_1,2.09,14.34,10.53,1,1557,1679,NE
1175877.007,X_LEG_1,2.09,14.34,10.53,1,1557,1679,NE
1175877.028,X_LEG_1,2.09,14.34,10.53,1,1557,1679,NE
1175877.048,X_LEG_1,1.79,14.45,9.80,1,1558,1680,NE
1175877.068,X_LEG_1,1.79,14.45,9.80,1,1558,1680,NE
1175877.089,X_LEG_1,1.79,14.45,9.80,1,1558,1680,NE
1175877.109,X_LEG_1,1.79,14.45,9.80,1,1558,1680,NE
1175877.130,X_LEG_1,1.79,14.45,9.80,1,1558,1680,NE
1175877.150,X_LEG_1,1.59,14.52,9.35,1,1558,1681,NE
1175877.171,X_LEG_1,1.59,14.52,9.35,1,1558,1681,NE
1175877.191,X_LEG_1,1.59,14.52,9.35,1,1558,1681,NE
1175877.212,X_LEG_1,1.59,14.52,9.35,1,1558,1681,NE
1175877.232,X_LEG_1,1.59,14.52,9.35,1,1558,1681,NE
1175877.253,X_LEG_1,1.39,14.59,8.89,1,1558,1681,NE
1175877.273,X_LEG_1,1.39,14.59,8.89,1,1558,1681,NE
1175877.294,X_LEG_1,1.39,14.59,8.89,1,1558,1681,NE
1175877.314,X_LEG_1,1.39,14.59,8.89,1,1558,1681,NE
1175877.334,X_LEG_1,1.39,14.59,8.89,1,1558,1681,NE
1175877.355,X_LEG_1,1.39,14.59,4.89,1,1558,1681,NE
1175877.376,X_LEG_1,1.39,14.59,4.89,1,1558,1681,NE
1175877.396,X_LEG_1,1.39,14.59,4.89,1,1558,1681,NE
1175877.417,X_LEG_1,1.39,14.59,4.89,1,1558,1681,NE
1175877.437,X_LEG_1,1.39,14.59,4.89,1,1558,1681,NE
1175877.458,X_LEG_1,1.19,14.65,4.43,1,1559,1682,NE
1175877.478,X_LEG_1,1.19,14.65,4.43,1,1559,1682,NE
1175877.499,X_LEG_1,1.19,14.65,4.43,1,1559,1682,NE
1175877.519,X_LEG_1,1.19,14.65,4.43,1,1559,1682,NE
1175877.539,X_LEG_1,1.19,14.65,4.43,1,1559,1682,NE
1175877.560,X_LEG_1,1.00,14.73,4.00,1,1559,1683,NE
1175877.580,X_LEG_1,1.00,14.73,4.00,1,1559,1683,NE
1175877.601,X_LEG_1,1.00,14.73,4.00,1,1559,1683,NE
1175877.622,X_LEG_1,1.00,14.73,4.00,1,1559,1683,NE
1175877.642,X_LEG_1,1.00,14.73,4.00,1,1559,1683,NE
1175877.662,X_LEG_1,0.80,14.80,3.55,1,1559,1683,NE
1175877.683,X_LEG_1,0.80,14.80,3.55,1,1559,1683,NE
1175877.703,X_LEG_1,0.80,14.80,3.55,1,1559,1683,NE
1175877.723,X_LEG_1,0.80,14.80,3.55,1,1559,1683,NE
1175877.744,X_LEG_1,0.80,14.80,3.55,1,1559,1683,NE
1175877.764,X_LEG_1,0.60,14.86,3.12,1,1559,1684,NE
1175877.784,X_LEG_1,0.60,14.86,3.12,1,1559,1684,NE
1175877.805,X_LEG_1,0.60,14.86,3.12,1,1559,1684,NE
1175877.826,X_LEG_1,0.60,14.86,3.12,1,1559,1684,NE
1175877.847,X_LEG_1,0.60,14.86,3.12,1,1559,1684,NE
1175877.867,X_LEG_1,0.36,14.89,16.77,1,1560,1684,NE
1175877.888,X_LEG_1,0.36,14.89,16.77,1,1560,1684,NE
1175877.908,X_LEG_1,0.36,14.89,16.77,1,1560,1684,NE
1175877.929,X_LEG_1,0.36,14.89,16.77,1,1560,1684,NE
1175877.949,X_LEG_1,0.36,14.89,16.77,1,1560,1684,NE
1175877.970,X_LEG_1,0.27,14.88,16.53,1,1560,1685,NE
1175877.990,X_LEG_1,0.27,14.88,16.53,1,1560,1685,NE
1175878.011,X_LEG_1,0.27,14.88,16.53,1,1560,1685,NE
1175878.031,X_LEG_1,0.27,14.88,16.53,1,1560,1685,NE
1175878.052,X_LEG_1,0.27,14.88,16.53,1,1560,1685,NE
1175878.072,X_LEG_1,0.27,14.88,16.53,1,1560,1685,NE
1175878.093,X_LEG_1,0.27,14.88,16.53,1,1560,1685,NE
1175878.113,X_LEG_1,0.27,14.88,16.53,1,1560,1685,NE
1175878.134,X_LEG_1,0.27,14.88,16.53,1,1560,1685,NE
1175878.155,X_LEG_1,0.27,14.88,16.53,1,1560,1685,NE
1175878.175,X_LEG_1,0.23,14.91,16.52,1,1560,1685,NE
1175878.196,X_LEG_1,0.23,14.91,16.52,1,1560,1685,NE
1175878.216,X_LEG_1,0.23,14.91,16.52,1,1560,1685,NE
1175878.237,X_LEG_1,0.23,14.91,16.52,1,1560,1685,NE
1175878.257,X_LEG_1,0.23,14.91,16.52,1,1560,1685,NE
1175878.278,X_LEG_1,0.23,14.95,16.63,1,1560,1685,NE
1175878.298,X_LEG_1,0.23,14.95,16.63,1,1560,1685,NE
1175878.319,X_LEG_1,0.23,14.95,16.63,1,1560,1685,NE
1175878.339,X_LEG_1,0.23,14.95,16.63,1,1560,1685,NE
1175878.360,X_LEG_1,0.23,14.95,16.63,1,1560,1685,NE
1175878.380,X_LEG_1,0.22,14.99,53.75,0,1500,1685,NE
1175878.401,X_LEG_1,0.22,14.99,53.75,0,1500,1685,NE
1175878.421,X_LEG_1,0.22,14.99,53.75,0,1500,1685,NE
1175878.442,X_LEG_1,0.22,14.99,53.75,0,1500,1685,NE
1175878.463,X_LEG_1,0.22,14.99,53.75,0,1500,1685,NE
1175878.483,X_LEG_1,0.22,14.99,53.75,0,1500,1685,NE
1175878.503,X_LEG_1,0.22,14.99,53.75,0,1500,1685,NE
1175878.524,X_LEG_1,0.22,14.99,53.75,0,1500,1685,NE
1175878.545,X_LEG_1,0.22,14.99,53.75,0,1500,1685,NE
1175878.566,X_LEG_1,0.22,14.99,53.75,0,1500,1685,NE
1175878.586,X_LEG_1,0.21,15.08,53.95,0,1500,1685,NE
1175878.607,X_LEG_1,0.21,15.08,53.95,0,1500,1685,NE
1175878.627,X_LEG_1,0.21,15.08,53.95,0,1500,1685,NE
1175878.648,X_LEG_1,0.21,15.08,53.95,0,1500,1685,NE
1175878.669,X_LEG_1,0.21,15.08,53.95,0,1500,1685,NE
1175878.689,X_LEG_1,0.21,15.08,53.95,0,1500,1685,NE
1175878.710,X_LEG_1,0.21,15.08,53.95,0,1500,1685,NE
1175878.730,X_LEG_1,0.21,15.08,53.95,0,1500,1685,NE
1175878.751,X_LEG_1,0.21,15.08,53.95,0,1500,1685,NE
1175878.771,X_LEG_1,0.21,15.08,53.95,0,1500,1685,NE
1175878.792,X_LEG_1,0.19,15.21,54.23,0,1500,1685,NE
1175878.812,X_LEG_1,0.19,15.21,54.23,0,1500,1685,NE
1175878.833,X_LEG_1,0.19,15.21,54.23,0,1500,1685,NE
1175878.853,X_LEG_1,0.19,15.21,54.23,0,1500,1685,NE
1175878.874,X_LEG_1,0.19,15.21,54.23,0,1500,1685,NE
1175878.894,X_LEG_1,0.14,15.31,84.43,0,1500,1685,NE
1175878.914,X_LEG_1,0.14,15.31,84.43,0,1500,1685,NE
1175878.934,X_LEG_1,0.14,15.31,84.43,0,1500,1685,NE
1175878.955,X_LEG_1,0.14,15.31,84.43,0,1500,1685,NE
1175878.975,X_LEG_1,0.14,15.31,84.43,0,1500,1685,NE
1175878.996,X_LEG_1,0.10,15.38,84.55,0,1500,1685,NE
1175879.016,X_LEG_1,0.10,15.38,84.55,0,1500,1685,NE
1175879.036,X_LEG_1,0.10,15.38,84.55,0,1500,1685,NE
1175879.057,X_LEG_1,0.10,15.38,84.55,0,1500,1685,NE
1175879.077,X_LEG_1,0.10,15.38,84.55,0,1500,1685,NE
1175879.098,X_LEG_1,0.10,15.38,84.55,0,1500,1685,NE
1175879.118,X_LEG_1,0.10,15.38,84.55,0,1500,1685,NE
1175879.138,X_LEG_1,0.10,15.38,84.55,0,1500,1685,NE
1175879.158,X_LEG_1,0.10,15.38,84.55,0,1500,1685,NE
1175879.179,X_LEG_1,0.10,15.38,84.55,0,1500,1685,NE
1175879.199,X_LEG_1,0.01,15.51,84.72,0,1500,1685,NE
1175879.220,X_LEG_1,0.01,15.51,84.72,0,1500,1685,NE
1175879.240,X_LEG_1,0.01,15.51,84.72,0,1500,1685,NE
1175879.261,X_LEG_1,0.01,15.51,84.72,0,1500,1685,NE
1175879.282,X_LEG_1,0.01,15.51,84.72,0,1500,1685,NE
1175879.302,X_LEG_1,-0.03,15.58,84.81,0,1500,1686,NE
1175879.322,X_LEG_1,-0.03,15.58,84.81,0,1500,1686,NE
1175879.343,X_LEG_1,-0.03,15.58,84.81,0,1500,1686,NE
1175879.363,X_LEG_1,-0.03,15.58,84.81,0,1500,1686,NE
1175879.384,X_LEG_1,-0.03,15.58,84.81,0,1500,1686,NE
1175879.404,X_LEG_1,0.00,15.61,90.89,0,1500,1686,NE
1175879.425,X_LEG_1,0.00,15.61,90.89,0,1500,1686,NE
1175879.445,X_LEG_1,0.00,15.61,90.89,0,1500,1686,NE
1175879.465,X_LEG_1,0.00,15.61,90.89,0,1500,1686,NE
1175879.486,X_LEG_1,0.00,15.61,90.89,0,1500,1686,NE
1175879.506,X_LEG_1,0.01,15.63,90.94,0,1500,1685,NE
1175879.526,X_LEG_1,0.01,15.63,90.94,0,1500,1685,NE
1175879.546,X_LEG_1,0.01,15.63,90.94,0,1500,1685,NE
1175879.567,X_LEG_1,0.01,15.63,90.94,0,1500,1685,NE
1175879.587,X_LEG_1,0.01,15.63,90.94,0,1500,1685,NE
1175879.608,X_LEG_1,0.00,15.64,90.99,0,1500,1686,NE
1175879.628,X_LEG_1,0.00,15.64,90.99,0,1500,1686,NE
1175879.648,X_LEG_1,0.00,15.64,90.99,0,1500,1686,NE
1175879.669,X_LEG_1,0.00,15.64,90.99,0,1500,1686,NE
1175879.690,X_LEG_1,0.00,15.64,90.99,0,1500,1686,NE
1175879.710,X_LEG_1,0.00,15.64,90.99,0,1500,1686,NE
1175879.731,X_LEG_1,0.00,15.64,90.99,0,1500,1686,NE
1175879.751,X_LEG_1,0.00,15.64,90.99,0,1500,1686,NE
1175879.771,X_LEG_1,0.00,15.64,90.99,0,1500,1686,NE
1175879.792,X_LEG_1,0.00,15.64,90.99,0,1500,1686,NE
1175879.812,X_LEG_1,-0.02,15.65,91.05,0,1500,1686,NE
1175879.833,X_LEG_1,-0.02,15.65,91.05,0,1500,1686,NE
1175879.853,X_LEG_1,-0.02,15.65,91.05,0,1500,1686,NE
1175879.874,X_LEG_1,-0.02,15.65,91.05,0,1500,1686,NE
1175879.894,X_LEG_1,-0.02,15.65,91.05,0,1500,1686,NE
1175879.915,X_LEG_1,-0.03,15.65,91.07,0,1500,1686,NE
1175879.936,X_LEG_1,-0.03,15.65,91.07,0,1500,1686,NE
1175879.956,X_LEG_1,-0.03,15.65,91.07,0,1500,1686,NE
1175879.977,X_LEG_1,-0.03,15.65,91.07,0,1500,1686,NE
1175879.997,X_LEG_1,-0.03,15.65,91.07,0,1500,1686,NE
1175880.018,X_LEG_1,-0.03,15.65,107.07,0,1500,1686,NE
1175880.038,X_LEG_1,-0.03,15.65,107.07,0,1500,1686,NE
1175880.059,X_LEG_1,-0.03,15.65,107.07,0,1500,1686,NE
1175880.079,X_LEG_1,-0.03,15.65,107.07,0,1500,1686,NE
1175880.100,X_LEG_1,-0.03,15.65,107.07,0,1500,1686,NE
1175880.120,X_LEG_1,-0.03,15.65,107.07,0,1500,1686,NE
1175880.141,X_LEG_1,-0.03,15.65,107.07,0,1500,1686,NE
1175880.161,X_LEG_1,-0.03,15.65,107.07,0,1500,1686,NE
1175880.182,X_LEG_1,-0.03,15.65,107.07,0,1500,1686,NE
1175880.202,X_LEG_1,-0.03,15.65,107.07,0,1500,1686,NE
1175880.223,X_LEG_1,-0.03,15.65,107.07,0,1500,1686,NE
1175880.243,X_LEG_1,-0.03,15.65,107.07,0,1500,1686,NE
1175880.264,X_LEG_1,-0.03,15.65,107.07,0,1500,1686,NE
1175880.284,X_LEG_1,-0.03,15.65,107.07,0,1500,1686,NE
1175880.305,X_LEG_1,-0.03,15.65,107.07,0,1500,1686,NE
1175880.325,X_LEG_1,-0.03,15.65,107.07,0,1500,1686,NE
1175880.346,X_LEG_1,-0.03,15.65,107.07,0,1500,1686,NE
1175880.366,X_LEG_1,-0.03,15.65,107.07,0,1500,1686,NE
1175880.387,X_LEG_1,-0.03,15.65,107.07,0,1500,1686,NE
1175880.407,X_LEG_1,-0.03,15.65,107.07,0,1500,1686,NE
1175880.428,X_LEG_1,-0.03,15.65,107.07,0,1500,1686,NE
1175880.448,X_LEG_1,-0.03,15.65,107.07,0,1500,1686,NE
1175880.469,X_LEG_1,-0.03,15.65,107.07,0,1500,1686,NE
1175880.490,X_LEG_1,-0.03,15.65,107.07,0,1500,1686,NE
1175880.510,X_LEG_1,-0.03,15.65,107.07,0,1500,1686,NE
1175880.530,X_LEG_1,-0.03,15.65,109.07,0,1500,1686,NE
1175880.551,X_LEG_1,-0.03,15.65,109.07,0,1500,1686,NE
1175880.571,X_LEG_1,-0.03,15.65,109.07,0,1500,1686,NE
1175880.592,X_LEG_1,-0.03,15.65,109.07,0,1500,1686,NE
1175880.612,X_LEG_1,-0.03,15.65,109.07,0,1500,1686,NE
1175880.633,X_LEG_1,-0.03,15.65,109.07,0,1500,1686,NE
1175880.654,X_LEG_1,-0.03,15.65,109.07,0,1500,1686,NE
1175880.674,X_LEG_1,-0.03,15.65,109.07,0,1500,1686,NE
1175880.695,X_LEG_1,-0.03,15.65,109.07,0,1500,1686,NE
1175880.715,X_LEG_1,-0.03,15.65,109.07,0,1500,1686,NE
1175880.736,X_LEG_1,-0.03,15.65,109.07,0,1500,1686,NE
1175880.756,X_LEG_1,-0.03,15.65,109.07,0,1500,1686,NE
1175880.777,X_LEG_1,-0.03,15.65,109.07,0,1500,1686,NE
1175880.797,X_LEG_1,-0.03,15.65,109.07,0,1500,1686,NE
1175880.817,X_LEG_1,-0.03,15.65,109.07,0,1500,1686,NE
1175880.838,X_LEG_1,-0.03,15.65,109.07,0,1500,1686,NE
1175880.859,X_LEG_1,-0.03,15.65,109.07,0,1500,1686,NE
1175880.879,X_LEG_1,-0.03,15.65,109.07,0,1500,1686,NE
1175880.899,X_LEG_1,-0.03,15.65,109.07,0,1500,1686,NE
1175880.920,X_LEG_1,-0.03,15.65,109.07,0,1500,1686,NE
1175880.940,X_LEG_1,-0.03,15.65,109.07,0,1500,1686,NE
1175880.961,X_LEG_1,-0.03,15.65,109.07,0,1500,1686,NE
1175880.982,X_LEG_1,-0.03,15.65,109.07,0,1500,1686,NE
1175881.002,X_LEG_1,-0.03,15.65,109.07,0,1500,1686,NE
1175881.022,X_LEG_1,-0.03,15.65,109.07,0,1500,1686,NE
1175881.043,X_LEG_1,-0.03,15.65,109.07,0,1500,1686,NE
1175881.064,X_LEG_1,-0.03,15.65,109.07,0,1500,1686,NE
1175881.084,X_LEG_1,-0.03,15.65,109.07,0,1500,1686,NE
1175881.105,X_LEG_1,-0.03,15.65,109.07,0,1500,1686,NE
1175881.125,X_LEG_1,-0.03,15.65,109.07,0,1500,1686,NE
1175881.145,X_LEG_1,-0.03,15.65,109.07,0,1500,1686,NE
1175881.166,X_LEG_1,-0.03,15.65,109.07,0,1500,1686,NE
1175881.186,X_LEG_1,-0.03,15.65,109.07,0,1500,1686,NE
1175881.206,X_LEG_1,-0.03,15.65,109.07,0,1500,1686,NE
1175881.227,X_LEG_1,-0.03,15.65,109.07,0,1500,1686,NE
1175881.247,X_LEG_1,-0.03,15.65,109.07,0,1500,1686,NE
1175881.268,X_LEG_1,-0.03,15.65,109.07,0,1500,1686,NE
1175881.288,X_LEG_1,-0.03,15.65,109.07,0,1500,1686,NE
1175881.308,X_LEG_1,-0.03,15.65,109.07,0,1500,1686,NE
1175881.329,X_LEG_1,-0.03,15.65,109.07,0,1500,1686,NE
1175881.350,X_LEG_1,-0.03,15.65,109.07,0,1500,1686,NE
1175881.370,X_LEG_1,-0.03,15.65,109.07,0,1500,1686,NE
1175881.391,X_LEG_1,-0.03,15.65,109.07,0,1500,1686,NE
1175881.411,X_LEG_1,-0.03,15.65,109.07,0,1500,1686,NE
1175881.431,X_LEG_1,-0.03,15.65,109.07,0,1500,1686,NE
1175881.452,X_LEG_1,-0.03,15.65,109.07,0,1500,1686,NE
1175881.472,X_LEG_1,-0.03,15.65,109.07,0,1500,1686,NE
1175881.493,X_LEG_1,-0.03,15.65,109.07,0,1500,1686,NE
1175881.513,X_LEG_1,-0.03,15.65,109.07,0,1500,1686,NE
1175881.533,X_LEG_1,-0.03,15.65,109.07,0,1500,1686,NE
1175881.554,X_LEG_1,-0.03,15.65,109.07,0,1500,1686,NE
1175881.575,X_LEG_1,-0.03,15.65,109.07,0,1500,1686,NE
1175881.596,X_LEG_1,-0.03,15.65,109.07,0,1500,1686,NE
1175881.616,X_LEG_1,-0.03,15.65,109.07,0,1500,1686,NE
1175881.636,X_LEG_1,-0.03,15.65,109.07,0,1500,1686,NE
1175881.657,X_LEG_1,-0.03,15.65,109.07,0,1500,1686,NE
1175881.677,X_LEG_1,-0.03,15.65,109.07,0,1500,1686,NE
1175881.698,X_LEG_1,-0.03,15.65,109.07,0,1500,1686,NE
1175881.719,X_LEG_1,-0.03,15.65,109.07,0,1500,1686,NE
1175881.739,X_LEG_1,-0.03,15.65,109.07,0,1500,1686,NE
1175881.760,X_LEG_1,-0.03,15.65,109.07,0,1500,1686,NE
1175881.780,X_LEG_1,-0.03,15.65,109.07,0,1500,1686,NE
1175881.801,X_LEG_1,-0.03,15.65,109.07,0,1500,1686,NE
1175881.821,X_LEG_1,-0.03,15.65,109.07,0,1500,1686,NE
1175881.841,X_LEG_1,-0.03,15.65,109.07,0,1500,1686,NE
1175881.862,X_LEG_1,-0.03,15.65,109.07,0,1500,1686,NE
1175881.882,X_LEG_1,-0.03,15.65,109.07,0,1500,1686,NE
1175881.903,X_LEG_1,-0.03,15.65,109.07,0,1500,1686,NE
1175881.923,X_LEG_1,-0.03,15.65,109.07,0,1500,1686,NE
1175881.944,X_LEG_1,-0.03,15.65,109.07,0,1500,1686,NE
1175881.964,X_LEG_1,-0.03,15.65,109.07,0,1500,1686,NE
1175881.985,X_LEG_1,-0.03,15.65,109.07,0,1500,1686,NE
1175882.005,X_LEG_1,-0.03,15.65,109.07,0,1500,1686,NE
1175882.026,X_LEG_1,-0.03,15.65,109.07,0,1500,1686,NE
1175882.046,X_LEG_1,-0.03,15.65,109.07,0,1500,1686,NE
1175882.066,X_LEG_1,-0.03,15.65,109.07,0,1500,1686,NE
1175882.086,X_LEG_1,-0.03,15.65,109.07,0,1500,1686,NE
1175882.107,X_LEG_1,-0.03,15.65,109.07,0,1500,1686,NE
1175882.127,X_LEG_1,-0.03,15.65,109.07,0,1500,1686,NE
1175882.147,X_LEG_1,-0.03,15.65,109.07,0,1500,1686,NE
1175882.168,X_LEG_1,-0.03,15.65,109.07,0,1500,1686,NE
1175882.188,X_LEG_1,-0.03,15.65,109.07,0,1500,1686,NE
1175882.209,X_LEG_1,-0.03,15.65,109.07,0,1500,1686,NE
1175882.230,X_LEG_1,-0.03,15.65,109.07,0,1500,1686,NE
1175882.251,X_LEG_1,-0.03,15.65,109.07,0,1500,1686,NE
1175882.271,X_LEG_1,-0.03,15.65,109.07,0,1500,1686,NE
1175882.292,X_LEG_1,-0.03,15.65,109.07,0,1500,1686,NE
1175882.312,X_LEG_1,-0.03,15.65,109.07,0,1500,1686,NE
1175882.333,X_LEG_1,-0.03,15.65,109.07,0,1500,1686,NE
1175882.353,X_LEG_1,-0.03,15.65,109.07,0,1500,1686,NE
1175882.373,X_LEG_1,-0.03,15.65,109.07,0,1500,1686,NE
1175882.394,X_LEG_1,-0.03,15.65,109.07,0,1500,1686,NE
1175882.414,X_LEG_1,-0.03,15.65,109.07,0,1500,1686,NE
1175882.435,X_LEG_1,-0.03,15.65,109.07,0,1500,1686,NE
1175882.455,X_LEG_1,-0.03,15.65,109.07,0,1500,1686,NE
1175882.476,X_LEG_1,-0.03,15.65,109.07,0,1500,1686,NE
1175882.497,X_LEG_1,-0.03,15.65,109.07,0,1500,1686,NE
1175882.517,X_LEG_1,-0.03,15.65,109.07,0,1500,1686,NE
1175882.538,X_LEG_1,-0.03,15.65,109.07,0,1500,1686,NE
1175882.558,X_LEG_1,-0.03,15.65,109.07,0,1500,1686,NE
1175882.579,X_LEG_1,-0.03,15.65,109.07,0,1500,1686,NE
1175882.599,X_LEG_1,-0.03,15.65,109.07,0,1500,1686,NE
1175882.620,X_LEG_1,-0.03,15.65,109.07,0,1500,1686,NE
1175882.640,X_LEG_1,-0.03,15.65,109.07,0,1500,1686,NE
1175882.661,X_LEG_1,-0.03,15.65,109.07,0,1500,1686,NE
1175882.681,X_LEG_1,-0.03,15.65,109.07,0,1500,1686,NE
1175882.701,X_LEG_1,-0.03,15.65,109.07,0,1500,1686,NE
1175882.721,X_LEG_1,-0.03,15.65,109.07,0,1500,1686,NE
1175882.742,X_LEG_1,-0.03,15.65,109.07,0,1500,1686,NE
1175882.762,X_LEG_1,-0.03,15.65,109.07,0,1500,1686,NE
1175882.782,X_LEG_1,-0.03,15.65,109.07,0,1500,1686,NE
1175882.803,X_LEG_1,-0.03,15.65,109.07,0,1500,1686,NE
1175882.824,X_LEG_1,-0.03,15.65,109.07,0,1500,1686,NE
1175882.844,X_LEG_1,-0.03,15.65,109.07,0,1500,1686,NE
1175882.865,X_LEG_1,-0.03,15.65,109.07,0,1500,1686,NE
1175882.885,X_LEG_1,-0.03,15.65,109.07,0,1500,1686,NE
1175882.906,X_LEG_1,-0.03,15.65,109.07,0,1500,1686,NE
1175882.926,X_LEG_1,-0.03,15.65,109.07,0,1500,1686,NE
1175882.947,X_LEG_1,-0.03,15.65,109.07,0,1500,1686,NE
1175882.967,X_LEG_1,-0.03,15.65,109.07,0,1500,1686,NE
1175882.988,X_LEG_1,-0.03,15.65,109.07,0,1500,1686,NE
1175883.008,X_LEG_1,-0.03,15.65,109.07,0,1500,1686,NE
1175883.029,X_LEG_1,-0.03,15.65,109.07,0,1500,1686,NE
1175883.049,X_LEG_1,-0.03,15.65,109.07,0,1500,1686,NE
1175883.069,X_LEG_1,-0.03,15.65,109.07,0,1500,1686,NE
1175883.090,X_LEG_1,-0.03,15.65,109.07,0,1500,1686,NE
1175883.110,X_LEG_1,-0.03,15.65,109.07,0,1500,1686,NE
1175883.131,X_LEG_1,-0.03,15.65,109.07,0,1500,1686,NE
1175883.152,X_LEG_1,-0.03,15.65,109.07,0,1500,1686,NE
1175883.172,X_LEG_1,-0.03,15.65,109.07,0,1500,1686,NE
1175883.192,X_LEG_1,-0.03,15.65,109.07,0,1500,1686,NE
1175883.213,X_LEG_1,-0.03,15.65,109.07,0,1500,1686,NE
1175883.233,X_LEG_1,-0.03,15.65,109.07,0,1500,1686,NE
1175883.254,X_LEG_1,-0.03,15.65,109.07,0,1500,1686,NE
1175883.274,X_LEG_1,-0.03,15.65,109.07,0,1500,1686,NE
1175883.294,X_LEG_1,-0.03,15.65,109.07,0,1500,1686,NE
1175883.315,X_LEG_1,-0.03,15.65,109.07,0,1500,1686,NE
1175883.335,X_LEG_1,-0.03,15.65,109.07,0,1500,1686,NE
1175883.356,X_LEG_1,-0.03,15.65,109.07,0,1500,1686,NE
1175883.376,X_LEG_1,-0.03,15.65,109.07,0,1500,1686,NE
1175883.397,X_LEG_1,-0.03,15.65,109.07,0,1500,1686,NE
1175883.417,X_LEG_1,-0.03,15.65,109.07,0,1500,1686,NE
1175883.438,X_LEG_1,-0.03,15.65,109.07,0,1500,1686,NE
1175883.458,X_LEG_1,-0.03,15.65,109.07,0,1500,1686,NE
1175883.479,X_LEG_1,-0.03,15.65,109.07,0,1500,1686,NE
1175883.500,X_LEG_1,-0.03,15.65,109.07,0,1500,1686,NE
1175883.520,X_LEG_1,-0.03,15.65,109.07,0,1500,1686,NE
1175883.541,X_LEG_1,-0.03,15.65,109.07,0,1500,1686,NE
1175883.561,X_LEG_1,-0.03,15.65,109.07,0,1500,1686,NE
1175883.581,X_LEG_1,-0.03,15.65,109.07,0,1500,1686,NE
1175883.602,X_LEG_1,-0.03,15.65,109.07,0,1500,1686,NE
1175883.622,X_LEG_1,-0.03,15.65,109.07,0,1500,1686,NE
1175883.642,X_LEG_1,-0.03,15.65,109.07,0,1500,1686,NE
1175883.663,X_LEG_1,-0.03,15.65,109.07,0,1500,1686,NE
1175883.684,X_LEG_1,-0.03,15.65,109.07,0,1500,1686,NE
1175883.704,X_LEG_1,-0.03,15.65,109.07,0,1500,1686,NE
1175883.724,X_LEG_1,-0.03,15.65,109.07,0,1500,1686,NE
1175883.745,X_LEG_1,-0.03,15.65,109.07,0,1500,1686,NE
1175883.765,X_LEG_1,-0.03,15.65,109.07,0,1500,1686,NE
1175883.786,X_LEG_1,-0.03,15.65,109.07,0,1500,1686,NE
1175883.807,X_LEG_1,-0.03,15.65,109.07,0,1500,1686,NE
1175883.827,X_LEG_1,-0.03,15.65,109.07,0,1500,1686,NE
1175883.848,X_LEG_1,-0.03,15.65,109.07,0,1500,1686,NE
1175883.868,X_LEG_1,-0.03,15.65,109.07,0,1500,1686,NE
1175883.888,X_LEG_1,-0.03,15.65,109.07,0,1500,1686,NE
1175883.908,X_LEG_1,-0.03,15.65,109.07,0,1500,1686,NE
1175883.929,X_LEG_1,-0.03,15.65,109.07,0,1500,1686,NE
1175883.950,X_LEG_1,-0.03,15.65,109.07,0,1500,1686,NE
1175883.970,X_LEG_1,-0.03,15.65,109.07,0,1500,1686,NE
1175883.991,X_LEG_1,-0.03,15.65,109.07,0,1500,1686,NE
1175884.011,X_LEG_1,-0.03,15.65,109.07,0,1500,1686,NE
1175884.032,X_LEG_1,-0.03,15.65,109.07,0,1500,1686,NE
1175884.052,X_LEG_1,-0.03,15.65,109.07,0,1500,1686,NE
1175884.072,X_LEG_1,-0.03,15.65,109.07,0,1500,1686,NE
1175884.093,X_LEG_1,-0.03,15.65,109.07,0,1500,1686,NE
1175884.113,X_LEG_1,-0.03,15.65,109.07,0,1500,1686,NE
1175884.133,X_LEG_1,-0.03,15.65,109.07,0,1500,1686,NE
1175884.154,X_LEG_1,-0.03,15.65,109.07,0,1500,1686,NE
1175884.174,X_LEG_1,-0.03,15.65,109.07,0,1500,1686,NE
1175884.195,X_LEG_1,-0.03,15.65,109.07,0,1500,1686,NE
1175884.215,X_LEG_1,-0.03,15.65,109.07,0,1500,1686,NE
1175884.235,X_LEG_1,-0.03,15.65,109.07,0,1500,1686,NE
1175884.256,X_LEG_1,-0.03,15.65,109.07,0,1500,1686,NE
1175884.276,X_LEG_1,-0.03,15.65,109.07,0,1500,1686,NE
1175884.297,X_LEG_1,-0.03,15.65,109.07,0,1500,1686,NE
1175884.317,X_LEG_1,-0.03,15.65,109.07,0,1500,1686,NE
1175884.338,X_LEG_1,-0.03,15.65,109.07,0,1500,1686,NE
1175884.358,X_LEG_1,-0.03,15.65,109.07,0,1500,1686,NE
1175884.378,X_LEG_1,-0.03,15.65,109.07,0,1500,1686,NE
1175884.398,X_LEG_1,-0.03,15.65,109.07,0,1500,1686,NE
1175884.419,X_LEG_1,-0.03,15.65,109.07,0,1500,1686,NE
1175884.439,X_LEG_1,-0.03,15.65,109.07,0,1500,1686,NE
1175884.460,X_LEG_1,-0.03,15.65,109.07,0,1500,1686,NE
1175884.480,X_LEG_1,-0.03,15.65,109.07,0,1500,1686,NE
1175884.501,X_LEG_1,-0.03,15.65,109.07,0,1500,1686,NE
1175884.522,X_LEG_1,-0.03,15.65,109.07,0,1500,1686,NE
1175884.542,X_LEG_1,-0.03,15.65,109.07,0,1500,1686,NE
1175884.563,X_LEG_1,-0.03,15.65,109.07,0,1500,1686,NE
1175884.583,X_LEG_1,-0.03,15.65,109.07,0,1500,1686,NE
1175884.604,X_LEG_1,-0.03,15.65,109.07,0,1500,1686,NE
1175884.624,X_LEG_1,-0.03,15.65,109.07,0,1500,1686,NE
1175884.645,X_LEG_1,-0.03,15.65,109.07,0,1500,1686,NE
1175884.665,X_LEG_1,-0.03,15.65,109.07,0,1500,1686,NE
1175884.686,X_LEG_1,-0.03,15.65,109.07,0,1500,1686,NE
1175884.707,X_LEG_1,-0.03,15.65,109.07,0,1500,1686,NE
1175884.727,X_LEG_1,-0.03,15.65,109.07,0,1500,1686,NE
1175884.747,X_LEG_1,-0.03,15.65,109.07,0,1500,1686,NE
1175884.768,X_LEG_1,-0.03,15.65,109.07,0,1500,1686,NE
1175884.789,X_LEG_1,-0.03,15.65,109.07,0,1500,1686,NE
1175884.809,X_LEG_1,-0.03,15.65,109.07,0,1500,1686,NE
1175884.830,X_LEG_1,-0.03,15.65,109.07,0,1500,1686,NE
1175884.850,X_LEG_1,-0.03,15.65,109.07,0,1500,1686,NE
1175884.870,X_LEG_1,-0.03,15.65,109.07,0,1500,1686,NE
1175884.891,X_LEG_1,-0.03,15.65,109.07,0,1500,1686,NE
1175884.912,X_LEG_1,-0.03,15.65,109.07,0,1500,1686,NE
1175884.932,X_LEG_1,-0.03,15.65,109.07,0,1500,1686,NE
1175884.953,X_LEG_1,-0.03,15.65,109.07,0,1500,1686,NE
1175884.973,X_LEG_1,-0.03,15.65,109.07,0,1500,1686,NE
1175884.993,X_LEG_1,-0.03,15.65,109.07,0,1500,1686,NE
1175885.014,X_LEG_1,-0.03,15.65,109.07,0,1500,1686,NE
1175885.034,X_LEG_1,-0.03,15.65,109.07,0,1500,1686,NE
1175885.054,X_LEG_1,-0.03,15.65,109.07,0,1500,1686,NE
1175885.075,X_LEG_1,-0.03,15.65,109.07,0,1500,1686,NE
1175885.096,X_LEG_1,-0.03,15.65,109.07,0,1500,1686,NE
1175885.116,X_LEG_1,-0.03,15.65,109.07,0,1500,1686,NE
1175885.137,X_LEG_1,-0.03,15.65,109.07,0,1500,1686,NE
1175885.157,X_LEG_1,-0.03,15.65,109.07,0,1500,1686,NE
1175885.177,X_LEG_1,-0.03,15.65,109.07,0,1500,1686,NE
1175885.198,X_LEG_1,-0.03,15.65,109.07,0,1500,1686,NE
1175885.219,X_LEG_1,-0.03,15.65,109.07,0,1500,1686,NE
1175885.240,X_LEG_1,-0.03,15.65,109.07,0,1500,1686,NE
1175885.260,X_LEG_1,-0.03,15.65,109.07,0,1500,1686,NE
1175885.280,X_LEG_1,-0.03,15.65,109.07,0,1500,1686,NE
1175885.301,X_LEG_1,-0.03,15.65,109.07,0,1500,1686,NE
1175885.321,X_LEG_1,-0.03,15.65,109.07,0,1500,1686,NE
1175885.341,X_LEG_1,-0.03,15.65,109.07,0,1500,1686,NE
1175885.362,X_LEG_1,-0.03,15.65,109.07,0,1500,1686,NE
1175885.383,X_LEG_1,-0.03,15.65,109.07,0,1500,1686,NE
1175885.403,X_LEG_1,-0.03,15.65,109.07,0,1500,1686,NE
1175885.423,X_LEG_1,-0.03,15.65,109.07,0,1500,1686,NE
1175885.445,X_LEG_1,-0.03,15.65,109.07,0,1500,1686,NE
1175885.465,X_LEG_1,-0.03,15.65,109.07,0,1500,1686,NE
1175885.486,X_LEG_1,-0.03,15.65,109.07,0,1500,1686,NE
1175885.506,X_LEG_1,-0.03,15.65,109.07,0,1500,1686,NE
1175885.526,X_LEG_1,-0.03,15.65,109.07,0,1500,1686,NE
1175885.547,X_LEG_1,-0.03,15.65,109.07,0,1500,1686,NE
1175885.567,X_LEG_1,-0.03,15.65,109.07,0,1500,1686,NE
1175885.587,X_LEG_1,-0.03,15.65,109.07,0,1500,1686,NE
1175885.607,X_LEG_1,-0.03,15.65,109.07,0,1500,1686,NE
1175885.628,X_LEG_1,-0.03,15.65,109.07,0,1500,1686,NE
1175885.649,X_LEG_1,-0.03,15.65,109.07,0,1500,1686,NE
1175885.670,X_LEG_1,-0.03,15.65,109.07,0,1500,1686,NE
1175885.690,X_LEG_1,-0.03,15.65,109.07,0,1500,1686,NE
1175885.711,X_LEG_1,-0.03,15.65,109.07,0,1500,1686,NE
1175885.731,X_LEG_1,-0.03,15.65,109.07,0,1500,1686,NE
1175885.752,X_LEG_1,-0.03,15.65,109.07,0,1500,1686,NE
1175885.772,X_LEG_1,-0.03,15.65,109.07,0,1500,1686,NE
1175885.793,X_LEG_1,-0.03,15.65,109.07,0,1500,1686,NE
1175885.813,X_LEG_1,-0.03,15.65,109.07,0,1500,1686,NE
1175885.834,X_LEG_1,-0.03,15.65,109.07,0,1500,1686,NE
1175885.854,X_LEG_1,-0.03,15.65,109.07,0,1500,1686,NE
1175885.874,X_LEG_1,-0.03,15.65,109.07,0,1500,1686,NE
1175885.895,X_LEG_1,-0.03,15.65,109.07,0,1500,1686,NE
1175885.915,X_LEG_1,-0.03,15.65,109.07,0,1500,1686,NE
1175885.936,X_LEG_1,-0.03,15.65,109.07,0,1500,1686,NE
1175885.956,X_LEG_1,-0.03,15.65,109.07,0,1500,1686,NE
1175885.977,X_LEG_1,-0.03,15.65,109.07,0,1500,1686,NE
1175885.998,X_LEG_1,-0.03,15.65,109.07,0,1500,1686,NE
1175886.018,X_LEG_1,-0.03,15.65,109.07,0,1500,1686,NE
1175886.039,X_LEG_1,-0.03,15.65,109.07,0,1500,1686,NE
1175886.059,X_LEG_1,-0.03,15.65,109.07,0,1500,1686,NE
1175886.079,X_LEG_1,-0.03,15.65,109.07,0,1500,1686,NE
1175886.100,X_LEG_1,-0.03,15.65,109.07,0,1500,1686,NE
1175886.120,X_LEG_1,-0.03,15.65,109.07,0,1500,1686,NE
1175886.141,X_LEG_1,-0.03,15.65,109.07,0,1500,1686,NE
1175886.161,X_LEG_1,-0.03,15.65,109.07,0,1500,1686,NE
1175886.182,X_LEG_1,-0.03,15.65,109.07,0,1500,1686,NE
1175886.202,X_LEG_1,-0.03,15.65,109.07,0,1500,1686,NE
1175886.223,X_LEG_1,-0.03,15.65,109.07,0,1500,1686,NE
1175886.244,X_LEG_1,-0.03,15.65,109.07,0,1500,1686,NE
1175886.264,X_LEG_1,-0.03,15.65,109.07,0,1500,1686,NE
1175886.285,X_LEG_1,-0.03,15.65,109.07,0,1500,1686,NE
1175886.306,X_LEG_1,-0.03,15.65,109.07,0,1500,1686,NE
1175886.326,X_LEG_1,-0.03,15.65,109.07,0,1500,1686,NE
1175886.347,X_LEG_1,-0.03,15.65,109.07,0,1500,1686,NE
1175886.368,X_LEG_1,-0.03,15.65,109.07,0,1500,1686,NE
1175886.389,X_LEG_1,-0.03,15.65,109.07,0,1500,1686,NE
1175886.409,X_LEG_1,-0.03,15.65,109.07,0,1500,1686,NE
1175886.430,X_LEG_1,-0.03,15.65,109.07,0,1500,1686,NE
1175886.450,X_LEG_1,-0.03,15.65,109.07,0,1500,1686,NE
1175886.471,X_LEG_1,-0.03,15.65,109.07,0,1500,1686,NE
1175886.491,X_LEG_1,-0.03,15.65,109.07,0,1500,1686,NE
1175886.511,X_LEG_1,-0.03,15.65,109.07,0,1500,1686,NE
1175886.532,X_LEG_1,-0.03,15.65,109.07,0,1500,1686,NE
1175886.552,X_LEG_1,-0.03,15.65,109.07,0,1500,1686,NE
1175886.572,X_LEG_1,-0.03,15.65,109.07,0,1500,1686,NE
1175886.593,X_LEG_1,-0.03,15.65,109.07,0,1500,1686,NE
1175886.613,X_LEG_1,-0.03,15.65,109.07,0,1500,1686,NE
1175886.633,X_LEG_1,-0.03,15.65,109.07,0,1500,1686,NE
1175886.654,X_LEG_1,-0.03,15.65,109.07,0,1500,1686,NE
1175886.674,X_LEG_1,-0.03,15.65,109.07,0,1500,1686,NE
1175886.695,X_LEG_1,-0.03,15.65,109.07,0,1500,1686,NE
1175886.716,X_LEG_1,-0.03,15.65,109.07,0,1500,1686,NE
1175886.736,X_LEG_1,-0.03,15.65,109.07,0,1500,1686,NE
1175886.757,X_LEG_1,-0.03,15.65,109.07,0,1500,1686,NE
1175886.777,X_LEG_1,-0.03,15.65,109.07,0,1500,1686,NE
1175886.798,X_LEG_1,-0.03,15.65,109.07,0,1500,1686,NE
1175886.818,X_LEG_1,-0.03,15.65,109.07,0,1500,1686,NE
1175886.839,X_LEG_1,-0.03,15.65,109.07,0,1500,1686,NE
1175886.859,X_LEG_1,-0.03,15.65,109.07,0,1500,1686,NE
1175886.879,X_LEG_1,-0.03,15.65,109.07,0,1500,1686,NE
1175886.900,X_LEG_1,-0.03,15.65,109.07,0,1500,1686,NE
1175886.921,X_LEG_1,-0.03,15.65,109.07,0,1500,1686,NE
1175886.941,X_LEG_1,-0.03,15.65,109.07,0,1500,1686,NE
1175886.962,X_LEG_1,-0.03,15.65,109.07,0,1500,1686,NE
1175886.982,X_LEG_1,-0.03,15.65,109.07,0,1500,1686,NE
1175887.003,X_LEG_1,-0.03,15.65,109.07,0,1500,1686,NE
1175887.023,X_LEG_1,-0.03,15.65,109.07,0,1500,1686,NE
1175887.043,X_LEG_1,-0.03,15.65,109.07,0,1500,1686,NE
1175887.063,X_LEG_1,-0.03,15.65,109.07,0,1500,1686,NE
1175887.085,X_LEG_1,-0.03,15.65,109.07,0,1500,1686,NE
1175887.105,X_LEG_1,-0.03,15.65,109.07,0,1500,1686,NE
1175887.125,X_LEG_1,-0.03,15.65,109.07,0,1500,1686,NE
1175887.146,X_LEG_1,-0.03,15.65,109.07,0,1500,1686,NE
1175887.166,X_LEG_1,-0.03,15.65,109.07,0,1500,1686,NE
1175887.187,X_LEG_1,-0.03,15.65,109.07,0,1500,1686,NE
1175887.207,X_LEG_1,-0.03,15.65,109.07,0,1500,1686,NE
1175887.227,X_LEG_1,-0.03,15.65,109.07,0,1500,1686,NE
1175887.247,X_LEG_1,-0.03,15.65,109.07,0,1500,1686,NE
1175887.268,X_LEG_1,-0.03,15.65,109.07,0,1500,1686,NE
1175887.288,X_LEG_1,-0.03,15.65,109.07,0,1500,1686,NE
1175887.308,X_LEG_1,-0.03,15.65,109.07,0,1500,1686,NE
1175887.329,X_LEG_1,-0.03,15.65,109.07,0,1500,1686,NE
1175887.350,X_LEG_1,-0.03,15.65,109.07,0,1500,1686,NE
1175887.370,X_LEG_1,-0.03,15.65,109.07,0,1500,1686,NE
1175887.391,X_LEG_1,-0.03,15.65,109.07,0,1500,1686,NE
1175887.411,X_LEG_1,-0.03,15.65,109.07,0,1500,1686,NE
1175887.431,X_LEG_1,-0.03,15.65,109.07,0,1500,1686,NE
1175887.452,X_LEG_1,-0.03,15.65,109.07,0,1500,1686,NE
1175887.473,X_LEG_1,-0.03,15.65,109.07,0,1500,1686,NE
1175887.493,X_LEG_1,-0.03,15.65,109.07,0,1500,1686,NE
1175887.514,X_LEG_1,-0.03,15.65,109.07,0,1500,1686,NE
1175887.534,X_LEG_1,-0.03,15.65,109.07,0,1500,1686,NE
1175887.554,X_LEG_1,-0.03,15.65,109.07,0,1500,1686,NE
1175887.574,X_LEG_1,-0.03,15.65,109.07,0,1500,1686,NE
1175887.595,X_LEG_1,-0.03,15.65,109.07,0,1500,1686,NE
1175887.615,X_LEG_1,-0.03,15.65,109.07,0,1500,1686,NE
1175887.636,X_LEG_1,-0.03,15.65,109.07,0,1500,1686,NE
1175887.656,X_LEG_1,-0.03,15.65,109.07,0,1500,1686,NE
1175887.677,X_LEG_1,-0.03,15.65,109.07,0,1500,1686,NE
1175887.697,X_LEG_1,-0.03,15.65,109.07,0,1500,1686,NE
1175887.718,X_LEG_1,-0.03,15.65,109.07,0,1500,1686,NE
1175887.738,X_LEG_1,-0.03,15.65,109.07,0,1500,1686,NE
1175887.759,X_LEG_1,-0.03,15.65,109.07,0,1500,1686,NE
1175887.780,X_LEG_1,-0.03,15.65,109.07,0,1500,1686,NE
1175887.800,X_LEG_1,-0.03,15.65,109.07,0,1500,1686,NE
1175887.821,X_LEG_1,-0.03,15.65,109.07,0,1500,1686,NE
1175887.842,X_LEG_1,-0.03,15.65,109.07,0,1500,1686,NE
1175887.862,X_LEG_1,-0.03,15.65,109.07,0,1500,1686,NE
1175887.883,X_LEG_1,-0.03,15.65,109.07,0,1500,1686,NE
1175887.903,X_LEG_1,-0.03,15.65,109.07,0,1500,1686,NE
1175887.924,X_LEG_1,-0.03,15.65,109.07,0,1500,1686,NE
1175887.944,X_LEG_1,-0.03,15.65,109.07,0,1500,1686,NE
1175887.965,X_LEG_1,-0.03,15.65,109.07,0,1500,1686,NE
1175887.985,X_LEG_1,-0.03,15.65,109.07,0,1500,1686,NE
1175888.006,X_LEG_1,-0.03,15.65,109.07,0,1500,1686,NE
1175888.026,X_LEG_1,-0.03,15.65,109.07,0,1500,1686,NE
1175888.047,X_LEG_1,-0.03,15.65,109.07,0,1500,1686,NE
1175888.067,X_LEG_1,-0.03,15.65,109.07,0,1500,1686,NE
1175888.088,X_LEG_1,-0.03,15.65,109.07,0,1500,1686,NE
1175888.108,X_LEG_1,-0.03,15.65,109.07,0,1500,1686,NE
1175888.128,X_LEG_1,-0.03,15.65,109.07,0,1500,1686,NE
1175888.149,X_LEG_1,-0.03,15.65,109.07,0,1500,1686,NE
1175888.170,X_LEG_1,-0.03,15.65,109.07,0,1500,1686,NE
1175888.190,X_LEG_1,-0.03,15.65,109.07,0,1500,1686,NE
1175888.211,X_LEG_1,-0.03,15.65,109.07,0,1500,1686,NE
1175888.231,X_LEG_1,-0.03,15.65,109.07,0,1500,1686,NE
1175888.251,X_LEG_1,-0.03,15.65,109.07,0,1500,1686,NE
1175888.271,X_LEG_1,-0.03,15.65,109.07,0,1500,1686,NE
1175888.292,X_LEG_1,-0.03,15.65,109.07,0,1500,1686,NE
1175888.313,X_LEG_1,-0.03,15.65,109.07,0,1500,1686,NE
1175888.333,X_LEG_1,-0.03,15.65,109.07,0,1500,1686,NE
1175888.353,X_LEG_1,-0.03,15.65,109.07,0,1500,1686,NE
1175888.374,X_LEG_1,-0.03,15.65,109.07,0,1500,1686,NE
1175888.394,X_LEG_1,-0.03,15.65,109.07,0,1500,1686,NE
1175888.415,X_LEG_1,-0.03,15.65,109.07,0,1500,1686,NE
1175888.436,X_LEG_1,-0.03,15.65,109.07,0,1500,1686,NE
1175888.457,X_LEG_1,-0.03,15.65,109.07,0,1500,1686,NE
1175888.477,X_LEG_1,-0.03,15.65,109.07,0,1500,1686,NE
1175888.497,X_LEG_1,-0.03,15.65,109.07,0,1500,1686,NE
1175888.518,X_LEG_1,-0.03,15.65,109.07,0,1500,1686,NE
1175888.538,X_LEG_1,-0.03,15.65,109.07,0,1500,1686,NE
1175888.559,X_LEG_1,-0.03,15.65,109.07,0,1500,1686,NE
1175888.579,X_LEG_1,-0.03,15.65,109.07,0,1500,1686,NE
1175888.600,X_LEG_1,-0.03,15.65,109.07,0,1500,1686,NE
1175888.620,X_LEG_1,-0.03,15.65,109.07,0,1500,1686,NE
1175888.641,X_LEG_1,-0.03,15.65,109.07,0,1500,1686,NE
1175888.661,X_LEG_1,-0.03,15.65,109.07,0,1500,1686,NE
1175888.682,X_LEG_1,-0.03,15.65,109.07,0,1500,1686,NE
1175888.702,X_LEG_1,-0.03,15.65,109.07,0,1500,1686,NE
1175888.723,X_LEG_1,-0.03,15.65,109.07,0,1500,1686,NE
1175888.743,X_LEG_1,-0.03,15.65,109.07,0,1500,1686,NE
1175888.764,X_LEG_1,-0.03,15.65,109.07,0,1500,1686,NE
1175888.784,X_LEG_1,-0.03,15.65,109.07,0,1500,1686,NE
1175888.804,X_LEG_1,-0.03,15.65,109.07,0,1500,1686,NE
1175888.825,X_LEG_1,-0.03,15.65,109.07,0,1500,1686,NE
1175888.845,X_LEG_1,-0.03,15.65,109.07,0,1500,1686,NE
1175888.866,X_LEG_1,-0.03,15.65,109.07,0,1500,1686,NE
1175888.886,X_LEG_1,-0.03,15.65,109.07,0,1500,1686,NE
1175888.907,X_LEG_1,-0.03,15.65,109.07,0,1500,1686,NE
1175888.927,X_LEG_1,-0.03,15.65,109.07,0,1500,1686,NE
1175888.948,X_LEG_1,-0.03,15.65,109.07,0,1500,1686,NE
1175888.968,X_LEG_1,-0.03,15.65,109.07,0,1500,1686,NE
1175888.988,X_LEG_1,-0.03,15.65,109.07,0,1500,1686,NE
1175889.009,X_LEG_1,-0.03,15.65,109.07,0,1500,1686,NE
1175889.029,X_LEG_1,-0.03,15.65,109.07,0,1500,1686,NE
1175889.050,X_LEG_1,-0.03,15.65,109.07,0,1500,1686,NE
1175889.070,X_LEG_1,-0.03,15.65,109.07,0,1500,1686,NE
1175889.090,X_LEG_1,-0.03,15.65,109.07,0,1500,1686,NE
1175889.111,X_LEG_1,-0.03,15.65,109.07,0,1500,1686,NE
1175889.131,X_LEG_1,-0.03,15.65,109.07,0,1500,1686,NE
1175889.151,X_LEG_1,-0.03,15.65,109.07,0,1500,1686,NE
1175889.171,X_LEG_1,-0.03,15.65,109.07,0,1500,1686,NE
1175889.192,X_LEG_1,-0.03,15.65,109.07,0,1500,1686,NE
1175889.213,X_LEG_1,-0.03,15.65,109.07,0,1500,1686,NE
1175889.233,X_LEG_1,-0.03,15.65,109.07,0,1500,1686,NE
1175889.254,X_LEG_1,-0.03,15.65,109.07,0,1500,1686,NE
1175889.274,X_LEG_1,-0.03,15.65,109.07,0,1500,1686,NE
1175889.294,X_LEG_1,-0.03,15.65,109.07,0,1500,1686,NE
1175889.315,X_LEG_1,-0.03,15.65,109.07,0,1500,1686,NE
1175889.335,X_LEG_1,-0.03,15.65,109.07,0,1500,1686,NE
1175889.356,X_LEG_1,-0.03,15.65,109.07,0,1500,1686,NE
1175889.376,X_LEG_1,-0.03,15.65,109.07,0,1500,1686,NE
1175889.397,X_LEG_1,-0.03,15.65,109.07,0,1500,1686,NE
1175889.417,X_LEG_1,-0.03,15.65,109.07,0,1500,1686,NE
1175889.437,X_LEG_1,-0.03,15.65,109.07,0,1500,1686,NE
1175889.458,X_LEG_1,-0.03,15.65,109.07,0,1500,1686,NE
1175889.478,X_LEG_1,-0.03,15.65,109.07,0,1500,1686,NE
1175889.499,X_LEG_1,-0.03,15.65,109.07,0,1500,1686,NE
1175889.520,X_LEG_1,-0.03,15.65,109.07,0,1500,1686,NE
1175889.540,X_LEG_1,-0.03,15.65,109.07,0,1500,1686,NE
1175889.560,X_LEG_1,-0.03,15.65,109.07,0,1500,1686,NE
1175889.581,X_LEG_1,-0.03,15.65,109.07,0,1500,1686,NE
1175889.601,X_LEG_1,-0.03,15.65,109.07,0,1500,1686,NE
1175889.622,X_LEG_1,-0.03,15.65,109.07,0,1500,1686,NE
1175889.642,X_LEG_1,-0.03,15.65,109.07,0,1500,1686,NE
1175889.663,X_LEG_1,-0.03,15.65,109.07,0,1500,1686,NE
1175889.683,X_LEG_1,-0.03,15.65,109.07,0,1500,1686,NE
1175889.703,X_LEG_1,-0.03,15.65,109.07,0,1500,1686,NE
1175889.724,X_LEG_1,-0.03,15.65,109.07,0,1500,1686,NE
1175889.744,X_LEG_1,-0.03,15.65,109.07,0,1500,1686,NE
1175889.765,X_LEG_1,-0.03,15.65,109.07,0,1500,1686,NE
1175889.786,X_LEG_1,-0.03,15.65,109.07,0,1500,1686,NE
1175889.806,X_LEG_1,-0.03,15.65,109.07,0,1500,1686,NE
1175889.827,X_LEG_1,-0.03,15.65,109.07,0,1500,1686,NE
1175889.848,X_LEG_1,-0.03,15.65,109.07,0,1500,1686,NE
1175889.868,X_LEG_1,-0.03,15.65,109.07,0,1500,1686,NE
1175889.889,X_LEG_1,-0.03,15.65,109.07,0,1500,1686,NE
1175889.910,X_LEG_1,-0.03,15.65,109.07,0,1500,1686,NE
1175889.931,X_LEG_1,-0.03,15.65,109.07,0,1500,1686,NE
1175889.951,X_LEG_1,-0.03,15.65,109.07,0,1500,1686,NE
1175889.972,X_LEG_1,-0.03,15.65,109.07,0,1500,1686,NE
1175889.993,X_LEG_1,-0.03,15.65,109.07,0,1500,1686,NE
1175890.013,X_LEG_1,-0.03,15.65,109.07,0,1500,1686,NE
1175890.034,X_LEG_1,-0.03,15.65,109.07,0,1500,1686,NE
1175890.054,X_LEG_1,-0.03,15.65,109.07,0,1500,1686,NE
1175890.075,X_LEG_1,-0.03,15.65,109.07,0,1500,1686,NE
1175890.095,X_LEG_1,-0.03,15.65,109.07,0,1500,1686,NE
1175890.116,X_LEG_1,-0.03,15.65,109.07,0,1500,1686,NE
1175890.136,X_LEG_1,-0.03,15.65,109.07,0,1500,1686,NE
1175890.157,X_LEG_1,-0.03,15.65,109.07,0,1500,1686,NE
1175890.177,X_LEG_1,-0.03,15.65,109.07,0,1500,1686,NE
1175890.198,X_LEG_1,-0.03,15.65,109.07,0,1500,1686,NE
1175890.218,X_LEG_1,-0.03,15.65,109.07,0,1500,1686,NE
1175890.239,X_LEG_1,-0.03,15.65,109.07,0,1500,1686,NE
1175890.259,X_LEG_1,-0.03,15.65,109.07,0,1500,1686,NE
1175890.279,X_LEG_1,-0.03,15.65,109.07,0,1500,1686,NE
1175890.300,X_LEG_1,-0.03,15.65,109.07,0,1500,1686,NE
1175890.320,X_LEG_1,-0.03,15.65,109.07,0,1500,1686,NE
1175890.341,X_LEG_1,-0.03,15.65,109.07,0,1500,1686,NE
1175890.361,X_LEG_1,-0.03,15.65,109.07,0,1500,1686,NE
1175890.381,X_LEG_1,-0.03,15.65,109.07,0,1500,1686,NE
1175890.401,X_LEG_1,-0.03,15.65,109.07,0,1500,1686,NE
1175890.422,X_LEG_1,-0.03,15.65,109.07,0,1500,1686,NE
1175890.442,X_LEG_1,-0.03,15.65,109.07,0,1500,1686,NE
1175890.462,X_LEG_1,-0.03,15.65,109.07,0,1500,1686,NE
1175890.483,X_LEG_1,-0.03,15.65,109.07,0,1500,1686,NE
1175890.503,X_LEG_1,-0.03,15.65,109.07,0,1500,1686,NE
1175890.524,X_LEG_1,-0.03,15.65,109.07,0,1500,1686,NE
1175890.545,X_LEG_1,-0.03,15.65,109.07,0,1500,1686,NE
1175890.565,X_LEG_1,-0.03,15.65,109.07,0,1500,1686,NE
1175890.586,X_LEG_1,-0.03,15.65,109.07,0,1500,1686,NE
1175890.606,X_LEG_1,-0.03,15.65,109.07,0,1500,1686,NE
1175890.627,X_LEG_1,-0.03,15.65,109.07,0,1500,1686,NE
1175890.647,X_LEG_1,-0.03,15.65,109.07,0,1500,1686,NE
1175890.667,X_LEG_1,-0.03,15.65,109.07,0,1500,1686,NE
1175890.688,X_LEG_1,-0.03,15.65,109.07,0,1500,1686,NE
1175890.708,X_LEG_1,-0.03,15.65,109.07,0,1500,1686,NE
1175890.729,X_LEG_1,-0.03,15.65,109.07,0,1500,1686,NE
1175890.750,X_LEG_1,-0.03,15.65,109.07,0,1500,1686,NE
1175890.770,X_LEG_1,-0.03,15.65,109.07,0,1500,1686,NE
1175890.790,X_LEG_1,-0.03,15.65,109.07,0,1500,1686,NE
1175890.811,X_LEG_1,-0.03,15.65,109.07,0,1500,1686,NE
1175890.831,X_LEG_1,-0.03,15.65,109.07,0,1500,1686,NE
1175890.851,X_LEG_1,-0.03,15.65,109.07,0,1500,1686,NE
1175890.872,X_LEG_1,-0.03,15.65,109.07,0,1500,1686,NE
1175890.892,X_LEG_1,-0.03,15.65,109.07,0,1500,1686,NE
1175890.913,X_LEG_1,-0.03,15.65,109.07,0,1500,1686,NE
1175890.933,X_LEG_1,-0.03,15.65,109.07,0,1500,1686,NE
1175890.953,X_LEG_1,-0.03,15.65,109.07,0,1500,1686,NE
1175890.974,X_LEG_1,-0.03,15.65,109.07,0,1500,1686,NE
1175890.994,X_LEG_1,-0.03,15.65,109.07,0,1500,1686,NE
1175891.015,X_LEG_1,-0.03,15.65,109.07,0,1500,1686,NE
1175891.035,X_LEG_1,-0.03,15.65,109.07,0,1500,1686,NE
1175891.056,X_LEG_1,-0.03,15.65,109.07,0,1500,1686,NE
1175891.076,X_LEG_1,-0.03,15.65,109.07,0,1500,1686,NE
1175891.097,X_LEG_1,-0.03,15.65,109.07,0,1500,1686,NE
1175891.117,X_LEG_1,-0.03,15.65,109.07,0,1500,1686,NE
1175891.138,X_LEG_1,-0.03,15.65,109.07,0,1500,1686,NE
1175891.159,X_LEG_1,-0.03,15.65,109.07,0,1500,1686,NE
1175891.180,X_LEG_1,-0.03,15.65,110.07,0,1500,1686,NE
1175891.200,X_LEG_1,-0.03,15.65,110.07,0,1500,1686,NE
1175891.221,X_LEG_1,-0.03,15.65,110.07,0,1500,1686,NE
1175891.241,X_LEG_1,-0.03,15.65,110.07,0,1500,1686,NE
1175891.261,X_LEG_1,-0.03,15.65,110.07,0,1500,1686,NE
1175891.282,X_LEG_1,-0.03,15.65,110.07,0,1500,1686,NE
1175891.302,X_LEG_1,-0.03,15.65,110.07,0,1500,1686,NE
1175891.323,X_LEG_1,-0.03,15.65,110.07,0,1500,1686,NE
1175891.343,X_LEG_1,-0.03,15.65,110.07,0,1500,1686,NE
1175891.364,X_LEG_1,-0.03,15.65,110.07,0,1500,1686,NE
1175891.384,X_LEG_1,-0.03,15.65,110.07,0,1500,1686,NE
1175891.405,X_LEG_1,-0.03,15.65,110.07,0,1500,1686,NE
1175891.425,X_LEG_1,-0.03,15.65,110.07,0,1500,1686,NE
1175891.445,X_LEG_1,-0.03,15.65,110.07,0,1500,1686,NE
1175891.466,X_LEG_1,-0.03,15.65,110.07,0,1500,1686,NE
1175891.487,X_LEG_1,-0.03,15.65,110.07,0,1500,1686,NE
1175891.507,X_LEG_1,-0.03,15.65,110.07,0,1500,1686,NE
1175891.528,X_LEG_1,-0.03,15.65,110.07,0,1500,1686,NE
1175891.548,X_LEG_1,-0.03,15.65,110.07,0,1500,1686,NE
1175891.569,X_LEG_1,-0.03,15.65,110.07,0,1500,1686,NE
1175891.589,X_LEG_1,-0.03,15.65,110.07,0,1500,1686,NE
1175891.610,X_LEG_1,-0.03,15.65,110.07,0,1500,1686,NE
1175891.630,X_LEG_1,-0.03,15.65,110.07,0,1500,1686,NE
1175891.650,X_LEG_1,-0.03,15.65,110.07,0,1500,1686,NE
1175891.670,X_LEG_1,-0.03,15.65,110.07,0,1500,1686,NE
1175891.692,X_LEG_1,-0.03,15.65,110.07,0,1500,1686,NE
1175891.712,X_LEG_1,-0.03,15.65,110.07,0,1500,1686,NE
1175891.733,X_LEG_1,-0.03,15.65,110.07,0,1500,1686,NE
1175891.753,X_LEG_1,-0.03,15.65,110.07,0,1500,1686,NE
1175891.773,X_LEG_1,-0.03,15.65,110.07,0,1500,1686,NE
1175891.793,X_LEG_1,-0.03,15.65,110.07,0,1500,1686,NE
1175891.814,X_LEG_1,-0.03,15.65,110.07,0,1500,1686,NE
1175891.834,X_LEG_1,-0.03,15.65,110.07,0,1500,1686,NE
1175891.855,X_LEG_1,-0.03,15.65,110.07,0,1500,1686,NE
1175891.875,X_LEG_1,-0.03,15.65,110.07,0,1500,1686,NE
1175891.896,X_LEG_1,-0.03,15.65,110.07,0,1500,1686,NE
1175891.916,X_LEG_1,-0.03,15.65,110.07,0,1500,1686,NE
1175891.937,X_LEG_1,-0.03,15.65,110.07,0,1500,1686,NE
1175891.957,X_LEG_1,-0.03,15.65,110.07,0,1500,1686,NE
1175891.978,X_LEG_1,-0.03,15.65,110.07,0,1500,1686,NE
1175891.998,X_LEG_1,-0.03,15.65,110.07,0,1500,1686,NE
1175892.019,X_LEG_1,-0.03,15.65,110.07,0,1500,1686,NE
1175892.039,X_LEG_1,-0.03,15.65,110.07,0,1500,1686,NE
1175892.060,X_LEG_1,-0.03,15.65,110.07,0,1500,1686,NE
1175892.080,X_LEG_1,-0.03,15.65,110.07,0,1500,1686,NE
1175892.101,X_LEG_1,-0.03,15.65,110.07,0,1500,1686,NE
1175892.121,X_LEG_1,-0.03,15.65,110.07,0,1500,1686,NE
1175892.142,X_LEG_1,-0.03,15.65,110.07,0,1500,1686,NE
1175892.163,X_LEG_1,-0.03,15.65,110.07,0,1500,1686,NE
1175892.183,X_LEG_1,-0.03,15.65,110.07,0,1500,1686,NE
1175892.204,X_LEG_1,-0.03,15.65,110.07,0,1500,1686,NE
1175892.224,X_LEG_1,-0.03,15.65,110.07,0,1500,1686,NE
1175892.244,X_LEG_1,-0.03,15.65,110.07,0,1500,1686,NE
1175892.265,X_LEG_1,-0.03,15.65,110.07,0,1500,1686,NE
1175892.285,X_LEG_1,-0.03,15.65,110.07,0,1500,1686,NE
1175892.306,X_LEG_1,-0.03,15.65,110.07,0,1500,1686,NE
1175892.326,X_LEG_1,-0.03,15.65,110.07,0,1500,1686,NE
1175892.347,X_LEG_1,-0.03,15.65,110.07,0,1500,1686,NE
1175892.367,X_LEG_1,-0.03,15.65,110.07,0,1500,1686,NE
1175892.388,X_LEG_1,-0.03,15.65,110.07,0,1500,1686,NE
1175892.408,X_LEG_1,-0.03,15.65,110.07,0,1500,1686,NE
1175892.429,X_LEG_1,-0.03,15.65,110.07,0,1500,1686,NE
1175892.449,X_LEG_1,-0.03,15.65,110.07,0,1500,1686,NE
1175892.469,X_LEG_1,-0.03,15.65,110.07,0,1500,1686,NE
1175892.490,X_LEG_1,-0.03,15.65,110.07,0,1500,1686,NE
1175892.510,X_LEG_1,-0.03,15.65,110.07,0,1500,1686,NE
1175892.531,X_LEG_1,-0.03,15.65,110.07,0,1500,1686,NE
1175892.551,X_LEG_1,-0.03,15.65,110.07,0,1500,1686,NE
1175892.572,X_LEG_1,-0.03,15.65,110.07,0,1500,1686,NE
1175892.592,X_LEG_1,-0.03,15.65,110.07,0,1500,1686,NE
1175892.613,X_LEG_1,-0.03,15.65,110.07,0,1500,1686,NE
1175892.633,X_LEG_1,-0.03,15.65,110.07,0,1500,1686,NE
1175892.653,X_LEG_1,-0.03,15.65,110.07,0,1500,1686,NE
1175892.674,X_LEG_1,-0.03,15.65,110.07,0,1500,1686,NE
1175892.694,X_LEG_1,-0.03,15.65,110.07,0,1500,1686,NE
1175892.715,X_LEG_1,-0.03,15.65,110.07,0,1500,1686,NE
1175892.735,X_LEG_1,-0.03,15.65,110.07,0,1500,1686,NE
1175892.756,X_LEG_1,-0.03,15.65,110.07,0,1500,1686,NE
1175892.776,X_LEG_1,-0.03,15.65,110.07,0,1500,1686,NE
1175892.797,X_LEG_1,-0.03,15.65,110.07,0,1500,1686,NE
1175892.818,X_LEG_1,-0.03,15.65,110.07,0,1500,1686,NE
1175892.838,X_LEG_1,-0.03,15.65,110.07,0,1500,1686,NE
1175892.858,X_LEG_1,-0.03,15.65,110.07,0,1500,1686,NE
1175892.879,X_LEG_1,-0.03,15.65,110.07,0,1500,1686,NE
1175892.899,X_LEG_1,-0.03,15.65,110.07,0,1500,1686,NE
1175892.920,X_LEG_1,-0.03,15.65,110.07,0,1500,1686,NE
1175892.940,X_LEG_1,-0.03,15.65,110.07,0,1500,1686,NE
1175892.960,X_LEG_1,-0.03,15.65,110.07,0,1500,1686,NE
1175892.981,X_LEG_1,-0.03,15.65,110.07,0,1500,1686,NE
1175893.003,X_LEG_1,-0.03,15.65,110.07,0,1500,1686,NE
1175893.023,X_LEG_1,-0.03,15.65,110.07,0,1500,1686,NE
1175893.044,X_LEG_1,-0.03,15.65,110.07,0,1500,1686,NE
1175893.065,X_LEG_1,-0.03,15.65,110.07,0,1500,1686,NE
1175893.087,X_LEG_1,-0.03,15.65,110.07,0,1500,1686,NE
1175893.107,X_LEG_1,-0.03,15.65,110.07,0,1500,1686,NE
1175893.127,X_LEG_1,-0.03,15.65,110.07,0,1500,1686,NE
1175893.148,X_LEG_1,-0.03,15.65,110.07,0,1500,1686,NE
1175893.168,X_LEG_1,-0.03,15.65,110.07,0,1500,1686,NE
1175893.189,X_LEG_1,-0.03,15.65,110.07,0,1500,1686,NE
1175893.210,X_LEG_1,-0.03,15.65,110.07,0,1500,1686,NE
1175893.231,X_LEG_1,-0.03,15.65,110.07,0,1500,1686,NE
1175893.251,X_LEG_1,-0.03,15.65,110.07,0,1500,1686,NE
1175893.272,X_LEG_1,-0.03,15.65,110.07,0,1500,1686,NE
1175893.292,X_LEG_1,-0.03,15.65,110.07,0,1500,1686,NE
1175893.312,X_LEG_1,-0.03,15.65,110.07,0,1500,1686,NE
1175893.333,X_LEG_1,-0.03,15.65,110.07,0,1500,1686,NE
1175893.353,X_LEG_1,-0.03,15.65,110.07,0,1500,1686,NE
1175893.374,X_LEG_1,-0.03,15.65,110.07,0,1500,1686,NE
1175893.394,X_LEG_1,-0.03,15.65,110.07,0,1500,1686,NE
1175893.415,X_LEG_1,-0.03,15.65,110.07,0,1500,1686,NE
1175893.435,X_LEG_1,-0.03,15.65,110.07,0,1500,1686,NE
1175893.456,X_LEG_1,-0.03,15.65,110.07,0,1500,1686,NE
1175893.476,X_LEG_1,-0.03,15.65,110.07,0,1500,1686,NE
1175893.497,X_LEG_1,-0.03,15.65,110.07,0,1500,1686,NE
1175893.517,X_LEG_1,-0.03,15.65,110.07,0,1500,1686,NE
1175893.538,X_LEG_1,-0.03,15.65,110.07,0,1500,1686,NE
1175893.558,X_LEG_1,-0.03,15.65,110.07,0,1500,1686,NE
1175893.579,X_LEG_1,-0.03,15.65,110.07,0,1500,1686,NE
1175893.599,X_LEG_1,-0.03,15.65,110.07,0,1500,1686,NE
1175893.620,X_LEG_1,-0.03,15.65,110.07,0,1500,1686,NE
1175893.640,X_LEG_1,-0.03,15.65,110.07,0,1500,1686,NE
1175893.661,X_LEG_1,-0.03,15.65,110.07,0,1500,1686,NE
1175893.681,X_LEG_1,-0.03,15.65,110.07,0,1500,1686,NE
1175893.702,X_LEG_1,-0.03,15.65,110.07,0,1500,1686,NE
1175893.722,X_LEG_1,-0.03,15.65,110.07,0,1500,1686,NE
1175893.742,X_LEG_1,-0.03,15.65,110.07,0,1500,1686,NE
1175893.763,X_LEG_1,-0.03,15.65,110.07,0,1500,1686,NE
1175893.783,X_LEG_1,-0.03,15.65,110.07,0,1500,1686,NE
1175893.803,X_LEG_1,-0.03,15.65,110.07,0,1500,1686,NE
1175893.824,X_LEG_1,-0.03,15.65,110.07,0,1500,1686,NE
1175893.844,X_LEG_1,-0.03,15.65,110.07,0,1500,1686,NE
1175893.865,X_LEG_1,-0.03,15.65,110.07,0,1500,1686,NE
1175893.885,X_LEG_1,-0.03,15.65,110.07,0,1500,1686,NE
1175893.906,X_LEG_1,-0.03,15.65,110.07,0,1500,1686,NE
1175893.927,X_LEG_1,-0.03,15.65,110.07,0,1500,1686,NE
1175893.947,X_LEG_1,-0.03,15.65,110.07,0,1500,1686,NE
1175893.967,X_LEG_1,-0.03,15.65,110.07,0,1500,1686,NE
1175893.987,X_LEG_1,-0.03,15.65,110.07,0,1500,1686,NE
1175894.008,X_LEG_1,-0.03,15.65,110.07,0,1500,1686,NE
1175894.028,X_LEG_1,-0.03,15.65,110.07,0,1500,1686,NE
1175894.048,X_LEG_1,-0.03,15.65,110.07,0,1500,1686,NE
1175894.068,X_LEG_1,-0.03,15.65,110.07,0,1500,1686,NE
1175894.089,X_LEG_1,-0.03,15.65,110.07,0,1500,1686,NE
1175894.109,X_LEG_1,-0.03,15.65,110.07,0,1500,1686,NE
1175894.130,X_LEG_1,-0.03,15.65,110.07,0,1500,1686,NE
1175894.150,X_LEG_1,-0.03,15.65,110.07,0,1500,1686,NE
1175894.171,X_LEG_1,-0.03,15.65,110.07,0,1500,1686,NE
1175894.191,X_LEG_1,-0.03,15.65,110.07,0,1500,1686,NE
1175894.211,X_LEG_1,-0.03,15.65,110.07,0,1500,1686,NE
1175894.232,X_LEG_1,-0.03,15.65,110.07,0,1500,1686,NE
1175894.252,X_LEG_1,-0.03,15.65,110.07,0,1500,1686,NE
1175894.273,X_LEG_1,-0.03,15.65,110.07,0,1500,1686,NE
1175894.293,X_LEG_1,-0.03,15.65,110.07,0,1500,1686,NE
1175894.314,X_LEG_1,-0.03,15.65,110.07,0,1500,1686,NE
1175894.334,X_LEG_1,-0.03,15.65,110.07,0,1500,1686,NE
1175894.355,X_LEG_1,-0.03,15.65,110.07,0,1500,1686,NE
1175894.375,X_LEG_1,-0.03,15.65,110.07,0,1500,1686,NE
1175894.397,X_LEG_1,-0.03,15.65,110.07,0,1500,1686,NE
1175894.417,X_LEG_1,-0.03,15.65,110.07,0,1500,1686,NE
1175894.438,X_LEG_1,-0.03,15.65,110.07,0,1500,1686,NE
1175894.458,X_LEG_1,-0.03,15.65,110.07,0,1500,1686,NE
1175894.478,X_LEG_1,-0.03,15.65,110.07,0,1500,1686,NE
1175894.499,X_LEG_1,-0.03,15.65,110.07,0,1500,1686,NE
1175894.519,X_LEG_1,-0.03,15.65,110.07,0,1500,1686,NE
1175894.540,X_LEG_1,-0.03,15.65,110.07,0,1500,1686,NE
1175894.560,X_LEG_1,-0.03,15.65,110.07,0,1500,1686,NE
1175894.581,X_LEG_1,-0.03,15.65,110.07,0,1500,1686,NE
1175894.602,X_LEG_1,-0.03,15.65,110.07,0,1500,1686,NE
1175894.622,X_LEG_1,-0.03,15.65,110.07,0,1500,1686,NE
1175894.643,X_LEG_1,-0.03,15.65,110.07,0,1500,1686,NE
1175894.663,X_LEG_1,-0.03,15.65,110.07,0,1500,1686,NE
1175894.683,X_LEG_1,-0.03,15.65,110.07,0,1500,1686,NE
1175894.704,X_LEG_1,-0.03,15.65,110.07,0,1500,1686,NE
1175894.724,X_LEG_1,-0.03,15.65,110.07,0,1500,1686,NE
1175894.744,X_LEG_1,-0.03,15.65,110.07,0,1500,1686,NE
1175894.764,X_LEG_1,-0.03,15.65,110.07,0,1500,1686,NE
1175894.784,X_LEG_1,-0.03,15.65,110.07,0,1500,1686,NE
1175894.804,X_LEG_1,-0.03,15.65,110.07,0,1500,1686,NE
1175894.825,X_LEG_1,-0.03,15.65,110.07,0,1500,1686,NE
1175894.845,X_LEG_1,-0.03,15.65,110.07,0,1500,1686,NE
1175894.865,X_LEG_1,-0.03,15.65,110.07,0,1500,1686,NE
1175894.886,X_LEG_1,-0.03,15.65,110.07,0,1500,1686,NE
1175894.906,X_LEG_1,-0.03,15.65,110.07,0,1500,1686,NE
1175894.927,X_LEG_1,-0.03,15.65,110.07,0,1500,1686,NE
1175894.948,X_LEG_1,-0.03,15.65,110.07,0,1500,1686,NE
1175894.968,X_LEG_1,-0.03,15.65,110.07,0,1500,1686,NE
1175894.989,X_LEG_1,-0.03,15.65,110.07,0,1500,1686,NE
1175895.009,X_LEG_1,-0.03,15.65,110.07,0,1500,1686,NE
1175895.029,X_LEG_1,-0.03,15.65,110.07,0,1500,1686,NE
1175895.050,X_LEG_1,-0.03,15.65,110.07,0,1500,1686,NE
1175895.071,X_LEG_1,-0.03,15.65,110.07,0,1500,1686,NE
1175895.091,X_LEG_1,-0.03,15.65,110.07,0,1500,1686,NE
1175895.112,X_LEG_1,-0.03,15.65,110.07,0,1500,1686,NE
1175895.132,X_LEG_1,-0.03,15.65,110.07,0,1500,1686,NE
1175895.153,X_LEG_1,-0.03,15.65,110.07,0,1500,1686,NE
1175895.173,X_LEG_1,-0.03,15.65,110.07,0,1500,1686,NE
1175895.193,X_LEG_1,-0.03,15.65,110.07,0,1500,1686,NE
1175895.214,X_LEG_1,-0.03,15.65,110.07,0,1500,1686,NE
1175895.234,X_LEG_1,-0.03,15.65,110.07,0,1500,1686,NE
1175895.254,X_LEG_1,-0.03,15.65,110.07,0,1500,1686,NE
1175895.275,X_LEG_1,-0.03,15.65,110.07,0,1500,1686,NE
1175895.296,X_LEG_1,-0.03,15.65,110.07,0,1500,1686,NE
1175895.316,X_LEG_1,-0.03,15.65,110.07,0,1500,1686,NE
1175895.338,X_LEG_1,-0.03,15.65,110.07,0,1500,1686,NE
1175895.358,X_LEG_1,-0.03,15.65,110.07,0,1500,1686,NE
1175895.379,X_LEG_1,-0.03,15.65,110.07,0,1500,1686,NE
1175895.400,X_LEG_1,-0.03,15.65,110.07,0,1500,1686,NE
1175895.420,X_LEG_1,-0.03,15.65,110.07,0,1500,1686,NE
1175895.440,X_LEG_1,-0.03,15.65,110.07,0,1500,1686,NE
1175895.461,X_LEG_1,-0.03,15.65,110.07,0,1500,1686,NE
1175895.481,X_LEG_1,-0.03,15.65,110.07,0,1500,1686,NE
1175895.502,X_LEG_1,-0.03,15.65,110.07,0,1500,1686,NE
1175895.522,X_LEG_1,-0.03,15.65,110.07,0,1500,1686,NE
1175895.542,X_LEG_1,-0.03,15.65,110.07,0,1500,1686,NE
1175895.563,X_LEG_1,-0.03,15.65,110.07,0,1500,1686,NE
1175895.583,X_LEG_1,-0.03,15.65,110.07,0,1500,1686,NE
1175895.603,X_LEG_1,-0.03,15.65,110.07,0,1500,1686,NE
1175895.624,X_LEG_1,-0.03,15.65,110.07,0,1500,1686,NE
1175895.644,X_LEG_1,-0.03,15.65,110.07,0,1500,1686,NE
1175895.665,X_LEG_1,-0.03,15.65,110.07,0,1500,1686,NE
1175895.685,X_LEG_1,-0.03,15.65,110.07,0,1500,1686,NE
1175895.705,X_LEG_1,-0.03,15.65,110.07,0,1500,1686,NE
1175895.726,X_LEG_1,-0.03,15.65,110.07,0,1500,1686,NE
1175895.747,X_LEG_1,-0.03,15.65,110.07,0,1500,1686,NE
1175895.767,X_LEG_1,-0.03,15.65,110.07,0,1500,1686,NE
1175895.788,X_LEG_1,-0.03,15.65,110.07,0,1500,1686,NE
1175895.808,X_LEG_1,-0.03,15.65,110.07,0,1500,1686,NE
1175895.828,X_LEG_1,-0.03,15.65,110.07,0,1500,1686,NE
1175895.849,X_LEG_1,-0.03,15.65,110.07,0,1500,1686,NE
1175895.869,X_LEG_1,-0.03,15.65,110.07,0,1500,1686,NE
1175895.889,X_LEG_1,-0.03,15.65,110.07,0,1500,1686,NE
1175895.910,X_LEG_1,-0.03,15.65,110.07,0,1500,1686,NE
1175895.930,X_LEG_1,-0.03,15.65,110.07,0,1500,1686,NE
1175895.950,X_LEG_1,-0.03,15.65,110.07,0,1500,1686,NE
1175895.971,X_LEG_1,-0.03,15.65,110.07,0,1500,1686,NE
1175895.991,X_LEG_1,-0.03,15.65,110.07,0,1500,1686,NE
1175896.012,X_LEG_1,-0.03,15.65,110.07,0,1500,1686,NE
1175896.032,X_LEG_1,-0.03,15.65,110.07,0,1500,1686,NE
1175896.054,X_LEG_1,-0.03,15.65,110.07,0,1500,1686,NE
1175896.074,X_LEG_1,-0.03,15.65,110.07,0,1500,1686,NE
1175896.094,X_LEG_1,-0.03,15.65,110.07,0,1500,1686,NE
1175896.114,X_LEG_1,-0.03,15.65,110.07,0,1500,1686,NE
1175896.135,X_LEG_1,-0.03,15.65,110.07,0,1500,1686,NE
1175896.155,X_LEG_1,-0.03,15.65,110.07,0,1500,1686,NE
1175896.176,X_LEG_1,-0.03,15.65,110.07,0,1500,1686,NE
1175896.196,X_LEG_1,-0.03,15.65,110.07,0,1500,1686,NE
1175896.217,X_LEG_1,-0.03,15.65,110.07,0,1500,1686,NE
1175896.237,X_LEG_1,-0.03,15.65,110.07,0,1500,1686,NE
1175896.258,X_LEG_1,-0.03,15.65,110.07,0,1500,1686,NE
1175896.278,X_LEG_1,-0.03,15.65,110.07,0,1500,1686,NE
1175896.299,X_LEG_1,-0.03,15.65,110.07,0,1500,1686,NE
1175896.319,X_LEG_1,-0.03,15.65,110.07,0,1500,1686,NE
1175896.340,X_LEG_1,-0.03,15.65,110.07,0,1500,1686,NE
1175896.360,X_LEG_1,-0.03,15.65,110.07,0,1500,1686,NE
1175896.381,X_LEG_1,-0.03,15.65,110.07,0,1500,1686,NE
1175896.401,X_LEG_1,-0.03,15.65,110.07,0,1500,1686,NE
1175896.422,X_LEG_1,-0.03,15.65,110.07,0,1500,1686,NE
1175896.442,X_LEG_1,-0.03,15.65,110.07,0,1500,1686,NE
1175896.463,X_LEG_1,-0.03,15.65,110.07,0,1500,1686,NE
1175896.483,X_LEG_1,-0.03,15.65,110.07,0,1500,1686,NE
1175896.503,X_LEG_1,-0.03,15.65,110.07,0,1500,1686,NE
1175896.524,X_LEG_1,-0.03,15.65,110.07,0,1500,1686,NE
1175896.544,X_LEG_1,-0.03,15.65,110.07,0,1500,1686,NE
1175896.564,X_LEG_1,-0.03,15.65,110.07,0,1500,1686,NE
1175896.586,X_LEG_1,-0.03,15.65,110.07,0,1500,1686,NE
1175896.606,X_LEG_1,-0.03,15.65,110.07,0,1500,1686,NE
1175896.626,X_LEG_1,-0.03,15.65,110.07,0,1500,1686,NE
1175896.648,X_LEG_1,-0.03,15.65,110.07,0,1500,1686,NE
1175896.668,X_LEG_1,-0.03,15.65,110.07,0,1500,1686,NE
1175896.688,X_LEG_1,-0.03,15.65,110.07,0,1500,1686,NE
1175896.709,X_LEG_1,-0.03,15.65,110.07,0,1500,1686,NE
1175896.729,X_LEG_1,-0.03,15.65,110.07,0,1500,1686,NE
1175896.750,X_LEG_1,-0.03,15.65,110.07,0,1500,1686,NE
1175896.770,X_LEG_1,-0.03,15.65,110.07,0,1500,1686,NE
1175896.791,X_LEG_1,-0.03,15.65,110.07,0,1500,1686,NE
1175896.811,X_LEG_1,-0.03,15.65,110.07,0,1500,1686,NE
1175896.832,X_LEG_1,-0.03,15.65,110.07,0,1500,1686,NE
1175896.852,X_LEG_1,-0.03,15.65,110.07,0,1500,1686,NE
1175896.873,X_LEG_1,-0.03,15.65,110.07,0,1500,1686,NE
1175896.893,X_LEG_1,-0.03,15.65,110.07,0,1500,1686,NE
1175896.914,X_LEG_1,-0.03,15.65,110.07,0,1500,1686,NE
1175896.934,X_LEG_1,-0.03,15.65,110.07,0,1500,1686,NE
1175896.955,X_LEG_1,-0.03,15.65,110.07,0,1500,1686,NE
1175896.975,X_LEG_1,-0.03,15.65,110.07,0,1500,1686,NE
1175896.995,X_LEG_1,-0.03,15.65,110.07,0,1500,1686,NE
1175897.016,X_LEG_1,-0.03,15.65,110.07,0,1500,1686,NE
1175897.036,X_LEG_1,-0.03,15.65,110.07,0,1500,1686,NE
1175897.056,X_LEG_1,-0.03,15.65,110.07,0,1500,1686,NE
1175897.077,X_LEG_1,-0.03,15.65,110.07,0,1500,1686,NE
1175897.097,X_LEG_1,-0.03,15.65,110.07,0,1500,1686,NE
1175897.117,X_LEG_1,-0.03,15.65,110.07,0,1500,1686,NE
1175897.138,X_LEG_1,-0.03,15.65,110.07,0,1500,1686,NE
1175897.158,X_LEG_1,-0.03,15.65,110.07,0,1500,1686,NE
1175897.179,X_LEG_1,-0.03,15.65,110.07,0,1500,1686,NE
1175897.200,X_LEG_1,-0.03,15.65,110.07,0,1500,1686,NE
1175897.220,X_LEG_1,-0.03,15.65,110.07,0,1500,1686,NE
1175897.242,X_LEG_1,-0.03,15.65,110.07,0,1500,1686,NE
1175897.262,X_LEG_1,-0.03,15.65,110.07,0,1500,1686,NE
1175897.282,X_LEG_1,-0.03,15.65,110.07,0,1500,1686,NE
1175897.303,X_LEG_1,-0.03,15.65,110.07,0,1500,1686,NE
1175897.324,X_LEG_1,-0.03,15.65,110.07,0,1500,1686,NE
1175897.344,X_LEG_1,-0.03,15.65,110.07,0,1500,1686,NE
1175897.364,X_LEG_1,-0.03,15.65,110.07,0,1500,1686,NE
1175897.385,X_LEG_1,-0.03,15.65,110.07,0,1500,1686,NE
1175897.405,X_LEG_1,-0.03,15.65,110.07,0,1500,1686,NE
1175897.426,X_LEG_1,-0.03,15.65,110.07,0,1500,1686,NE
1175897.446,X_LEG_1,-0.03,15.65,110.07,0,1500,1686,NE
1175897.466,X_LEG_1,-0.03,15.65,110.07,0,1500,1686,NE
1175897.487,X_LEG_1,-0.03,15.65,110.07,0,1500,1686,NE
1175897.509,X_LEG_1,-0.03,15.65,110.07,0,1500,1686,NE
1175897.529,X_LEG_1,-0.03,15.65,110.07,0,1500,1686,NE
1175897.550,X_LEG_1,-0.03,15.65,110.07,0,1500,1686,NE
1175897.570,X_LEG_1,-0.03,15.65,110.07,0,1500,1686,NE
1175897.591,X_LEG_1,-0.03,15.65,110.07,0,1500,1686,NE
1175897.611,X_LEG_1,-0.03,15.65,110.07,0,1500,1686,NE
1175897.631,X_LEG_1,-0.03,15.65,110.07,0,1500,1686,NE
1175897.652,X_LEG_1,-0.03,15.65,110.07,0,1500,1686,NE
1175897.673,X_LEG_1,-0.03,15.65,110.07,0,1500,1686,NE
1175897.693,X_LEG_1,-0.03,15.65,110.07,0,1500,1686,NE
1175897.714,X_LEG_1,-0.03,15.65,110.07,0,1500,1686,NE
1175897.734,X_LEG_1,-0.03,15.65,110.07,0,1500,1686,NE
1175897.754,X_LEG_1,-0.03,15.65,110.07,0,1500,1686,NE
1175897.775,X_LEG_1,-0.03,15.65,110.07,0,1500,1686,NE
1175897.795,X_LEG_1,-0.03,15.65,110.07,0,1500,1686,NE
1175897.816,X_LEG_1,-0.03,15.65,110.07,0,1500,1686,NE
1175897.837,X_LEG_1,-0.03,15.65,110.07,0,1500,1686,NE
1175897.857,X_LEG_1,-0.03,15.65,110.07,0,1500,1686,NE
1175897.878,X_LEG_1,-0.03,15.65,110.07,0,1500,1686,NE
1175897.898,X_LEG_1,-0.03,15.65,110.07,0,1500,1686,NE
1175897.918,X_LEG_1,-0.03,15.65,110.07,0,1500,1686,NE
1175897.939,X_LEG_1,-0.03,15.65,110.07,0,1500,1686,NE
1175897.960,X_LEG_1,-0.03,15.65,110.07,0,1500,1686,NE
1175897.981,X_LEG_1,-0.03,15.65,110.07,0,1500,1686,NE
1175898.001,X_LEG_1,-0.03,15.65,110.07,0,1500,1686,NE
1175898.021,X_LEG_1,-0.03,15.65,110.07,0,1500,1686,NE
1175898.042,X_LEG_1,-0.03,15.65,110.07,0,1500,1686,NE
1175898.062,X_LEG_1,-0.03,15.65,110.07,0,1500,1686,NE
1175898.083,X_LEG_1,-0.03,15.65,110.07,0,1500,1686,NE
1175898.103,X_LEG_1,-0.03,15.65,110.07,0,1500,1686,NE
1175898.124,X_LEG_1,-0.03,15.65,110.07,0,1500,1686,NE
1175898.144,X_LEG_1,-0.03,15.65,110.07,0,1500,1686,NE
1175898.165,X_LEG_1,-0.03,15.65,110.07,0,1500,1686,NE
1175898.185,X_LEG_1,-0.03,15.65,110.07,0,1500,1686,NE
1175898.206,X_LEG_1,-0.03,15.65,110.07,0,1500,1686,NE
1175898.226,X_LEG_1,-0.03,15.65,110.07,0,1500,1686,NE
1175898.246,X_LEG_1,-0.03,15.65,110.07,0,1500,1686,NE
1175898.266,X_LEG_1,-0.03,15.65,110.07,0,1500,1686,NE
1175898.286,X_LEG_1,-0.03,15.65,110.07,0,1500,1686,NE
1175898.307,X_LEG_1,-0.03,15.65,110.07,0,1500,1686,NE
1175898.328,X_LEG_1,-0.03,15.65,110.07,0,1500,1686,NE
1175898.348,X_LEG_1,-0.03,15.65,110.07,0,1500,1686,NE
1175898.369,X_LEG_1,-0.03,15.65,110.07,0,1500,1686,NE
1175898.389,X_LEG_1,-0.03,15.65,110.07,0,1500,1686,NE
1175898.410,X_LEG_1,-0.03,15.65,110.07,0,1500,1686,NE
1175898.430,X_LEG_1,-0.03,15.65,110.07,0,1500,1686,NE
1175898.451,X_LEG_1,-0.03,15.65,110.07,0,1500,1686,NE
1175898.471,X_LEG_1,-0.03,15.65,110.07,0,1500,1686,NE
1175898.491,X_LEG_1,-0.03,15.65,110.07,0,1500,1686,NE
1175898.512,X_LEG_1,-0.03,15.65,110.07,0,1500,1686,NE
1175898.532,X_LEG_1,-0.03,15.65,110.07,0,1500,1686,NE
1175898.553,X_LEG_1,-0.03,15.65,110.07,0,1500,1686,NE
1175898.573,X_LEG_1,-0.03,15.65,110.07,0,1500,1686,NE
1175898.593,X_LEG_1,-0.03,15.65,110.07,0,1500,1686,NE
1175898.615,X_LEG_1,-0.03,15.65,110.07,0,1500,1686,NE
1175898.635,X_LEG_2,-0.03,19.32,-131.00,0,1500,1686,SE
1175898.656,X_LEG_2,-0.03,19.32,-131.00,0,1500,1686,SE
1175898.676,X_LEG_2,-0.03,19.32,-131.00,0,1500,1686,SE
1175898.697,X_LEG_2,-0.03,19.32,-131.00,0,1500,1686,SE
1175898.717,X_LEG_2,-0.03,19.32,-131.00,0,1500,1686,SE
1175898.737,X_LEG_2,-0.03,19.32,-131.00,0,1500,1686,SE
1175898.758,X_LEG_2,-0.03,19.32,-131.00,0,1500,1686,SE
1175898.778,X_LEG_2,-0.03,19.32,-131.00,0,1500,1686,SE
1175898.799,X_LEG_2,-0.03,19.32,-131.00,0,1500,1686,SE
1175898.819,X_LEG_2,-0.03,19.32,-131.00,0,1500,1686,SE
1175898.840,X_LEG_2,-0.03,19.32,-131.00,0,1500,1686,SE
1175898.860,X_LEG_2,-0.03,19.32,-131.00,0,1500,1686,SE
1175898.881,X_LEG_2,-0.03,19.32,-131.00,0,1500,1686,SE
1175898.901,X_LEG_2,-0.03,19.32,-131.00,0,1500,1686,SE
1175898.922,X_LEG_2,-0.03,19.32,-131.00,0,1500,1686,SE
1175898.943,X_LEG_2,-0.03,19.32,-131.00,0,1500,1686,SE
1175898.963,X_LEG_2,-0.03,19.32,-131.00,0,1500,1686,SE
1175898.984,X_LEG_2,-0.03,19.32,-131.00,0,1500,1686,SE
1175899.004,X_LEG_2,-0.03,19.32,-131.00,0,1500,1686,SE
1175899.024,X_LEG_2,-0.03,19.32,-131.00,0,1500,1686,SE
1175899.044,X_LEG_2,-0.03,19.32,-131.00,0,1500,1686,SE
1175899.065,X_LEG_2,-0.03,19.32,-131.00,0,1500,1686,SE
1175899.085,X_LEG_2,-0.03,19.32,-131.00,0,1500,1686,SE
1175899.106,X_LEG_2,-0.03,19.32,-131.00,0,1500,1686,SE
1175899.126,X_LEG_2,-0.03,19.32,-131.00,0,1500,1686,SE
1175899.146,X_LEG_2,-0.03,19.32,-131.00,0,1500,1686,SE
1175899.167,X_LEG_2,-0.03,19.32,-131.00,0,1500,1686,SE
1175899.187,X_LEG_2,-0.03,19.32,-131.00,0,1500,1686,SE
1175899.208,X_LEG_2,-0.03,19.32,-131.00,0,1500,1686,SE
1175899.228,X_LEG_2,-0.03,19.32,-131.00,0,1500,1686,SE
1175899.248,X_LEG_2,-0.03,19.32,-131.00,0,1500,1686,SE
1175899.269,X_LEG_2,-0.03,19.32,-131.00,0,1500,1686,SE
1175899.290,X_LEG_2,-0.03,19.32,-131.00,0,1500,1686,SE
1175899.310,X_LEG_2,-0.03,19.32,-131.00,0,1500,1686,SE
1175899.331,X_LEG_2,-0.03,19.32,-131.00,0,1500,1686,SE
1175899.351,X_LEG_2,-0.03,19.32,-131.00,0,1500,1686,SE
1175899.371,X_LEG_2,-0.03,19.32,-131.00,0,1500,1686,SE
1175899.392,X_LEG_2,-0.03,19.32,-131.00,0,1500,1686,SE
1175899.413,X_LEG_2,-0.03,19.32,-131.00,0,1500,1686,SE
1175899.433,X_LEG_2,-0.03,19.32,-131.00,0,1500,1686,SE
1175899.454,X_LEG_2,-0.03,19.32,-131.00,0,1500,1686,SE
1175899.474,X_LEG_2,-0.03,19.32,-131.00,0,1500,1686,SE
1175899.494,X_LEG_2,-0.03,19.32,-131.00,0,1500,1686,SE
1175899.515,X_LEG_2,-0.03,19.32,-131.00,0,1500,1686,SE
1175899.535,X_LEG_2,-0.03,19.32,-131.00,0,1500,1686,SE
1175899.556,X_LEG_2,-0.03,19.32,-131.00,0,1500,1686,SE
1175899.576,X_LEG_2,-0.03,19.32,-131.00,0,1500,1686,SE
1175899.596,X_LEG_2,-0.03,19.32,-131.00,0,1500,1686,SE
1175899.617,X_LEG_2,-0.03,19.32,-131.00,0,1500,1686,SE
1175899.637,X_LEG_2,-0.03,19.32,-131.00,0,1500,1686,SE
1175899.658,X_LEG_2,-0.03,19.32,-131.00,0,1500,1686,SE
1175899.679,X_LEG_2,-0.03,19.32,-131.00,0,1500,1686,SE
1175899.699,X_LEG_2,-0.03,19.32,-131.00,0,1500,1686,SE
1175899.720,X_LEG_2,-0.03,19.32,-131.00,0,1500,1686,SE
1175899.740,X_LEG_2,-0.03,19.32,-131.00,0,1500,1686,SE
1175899.761,X_LEG_2,-0.03,19.32,-131.00,0,1500,1686,SE
1175899.781,X_LEG_2,-0.03,19.32,-131.00,0,1500,1686,SE
1175899.802,X_LEG_2,-0.03,19.32,-131.00,0,1500,1686,SE
1175899.824,X_LEG_2,-0.03,19.32,-131.00,0,1500,1686,SE
1175899.845,X_LEG_2,-0.03,19.32,-131.00,0,1500,1686,SE
1175899.866,X_LEG_2,-0.03,19.32,-131.00,0,1500,1686,SE
1175899.887,X_LEG_2,-0.03,19.32,-131.00,0,1500,1686,SE
1175899.907,X_LEG_2,-0.03,19.32,-131.00,0,1500,1686,SE
1175899.928,X_LEG_2,-0.03,19.32,-131.00,0,1500,1686,SE
1175899.948,X_LEG_2,-0.03,19.32,-131.00,0,1500,1686,SE
1175899.968,X_LEG_2,-0.03,19.32,-131.00,0,1500,1686,SE
1175899.989,X_LEG_2,-0.03,19.32,-131.00,0,1500,1686,SE
1175900.009,X_LEG_2,-0.03,19.32,-131.00,0,1500,1686,SE
1175900.030,X_LEG_2,-0.03,19.32,-131.00,0,1500,1686,SE
1175900.050,X_LEG_2,-0.03,19.32,-131.00,0,1500,1686,SE
1175900.071,X_LEG_2,-0.03,19.32,-131.00,0,1500,1686,SE
1175900.091,X_LEG_2,-0.03,19.32,-131.00,0,1500,1686,SE
1175900.113,X_LEG_2,-0.03,19.32,-131.00,0,1500,1686,SE
1175900.133,X_LEG_2,-0.03,19.32,-131.00,0,1500,1686,SE
1175900.154,X_LEG_2,-0.03,19.32,-131.00,0,1500,1686,SE
1175900.174,X_LEG_2,-0.03,19.32,-131.00,0,1500,1686,SE
1175900.195,X_LEG_2,-0.03,19.32,-131.00,0,1500,1686,SE
1175900.215,X_LEG_2,-0.03,19.32,-131.00,0,1500,1686,SE
1175900.235,X_LEG_2,-0.03,19.32,-131.00,0,1500,1686,SE
1175900.256,X_LEG_2,-0.03,19.32,-131.00,0,1500,1686,SE
1175900.276,X_LEG_2,-0.03,19.32,-131.00,0,1500,1686,SE
1175900.297,X_LEG_2,-0.03,19.32,-131.00,0,1500,1686,SE
1175900.317,X_LEG_2,-0.03,19.32,-131.00,0,1500,1686,SE
1175900.337,X_LEG_2,-0.03,19.32,-131.00,0,1500,1686,SE
1175900.358,X_LEG_2,-0.03,19.32,-131.00,0,1500,1686,SE
1175900.378,X_LEG_2,-0.03,19.32,-131.00,0,1500,1686,SE
1175900.398,X_LEG_2,-0.03,19.32,-131.00,0,1500,1686,SE
1175900.419,X_LEG_2,-0.03,19.32,-131.00,0,1500,1686,SE
1175900.440,X_LEG_2,-0.03,19.32,-131.00,0,1500,1686,SE
1175900.460,X_LEG_2,-0.03,19.32,-131.00,0,1500,1686,SE
1175900.480,X_LEG_2,-0.03,19.32,-131.00,0,1500,1686,SE
1175900.501,X_LEG_2,-0.03,19.32,-131.00,0,1500,1686,SE
1175900.521,X_LEG_2,-0.03,19.32,-131.00,0,1500,1686,SE
1175900.541,X_LEG_2,-0.03,19.32,-131.00,0,1500,1686,SE
1175900.562,X_LEG_2,-0.03,19.32,-131.00,0,1500,1686,SE
1175900.582,X_LEG_2,-0.03,19.32,-131.00,0,1500,1686,SE
1175900.602,X_LEG_2,-0.03,19.32,-131.00,0,1500,1686,SE
1175900.623,X_LEG_2,-0.03,19.32,-131.00,0,1500,1686,SE
1175900.643,X_LEG_2,-0.03,19.32,-131.00,0,1500,1686,SE
1175900.663,X_LEG_2,-0.03,19.32,-131.00,0,1500,1686,SE
1175900.684,X_LEG_2,-0.03,19.32,-131.00,0,1500,1686,SE
1175900.705,X_LEG_2,-0.03,19.32,-131.00,0,1500,1686,SE
1175900.725,X_LEG_2,-0.03,19.32,-131.00,0,1500,1686,SE
1175900.746,X_LEG_2,-0.03,19.32,-131.00,0,1500,1686,SE
1175900.766,X_LEG_2,-0.03,19.32,-131.00,0,1500,1686,SE
1175900.786,X_LEG_2,-0.03,19.32,-131.00,0,1500,1686,SE
1175900.807,X_LEG_2,-0.03,19.32,-131.00,0,1500,1686,SE
1175900.827,X_LEG_2,-0.03,19.32,-131.00,0,1500,1686,SE
1175900.848,X_LEG_2,-0.03,19.32,-131.00,0,1500,1686,SE
1175900.868,X_LEG_2,-0.03,19.32,-131.00,0,1500,1686,SE
1175900.888,X_LEG_2,-0.03,19.32,-131.00,0,1500,1686,SE
1175900.909,X_LEG_2,-0.03,19.32,-131.00,0,1500,1686,SE
1175900.929,X_LEG_2,-0.03,19.32,-131.00,0,1500,1686,SE
1175900.950,X_LEG_2,-0.03,19.32,-131.00,0,1500,1686,SE
1175900.970,X_LEG_2,-0.03,19.32,-131.00,0,1500,1686,SE
1175900.990,X_LEG_2,-0.03,19.32,-131.00,0,1500,1686,SE
1175901.011,X_LEG_2,-0.03,19.32,-131.00,0,1500,1686,SE
1175901.031,X_LEG_2,-0.03,19.32,-131.00,0,1500,1686,SE
1175901.051,X_LEG_2,-0.03,19.32,-131.00,0,1500,1686,SE
1175901.071,X_LEG_2,-0.03,19.32,-131.00,0,1500,1686,SE
1175901.092,X_LEG_2,-0.03,19.32,-131.00,0,1500,1686,SE
1175901.113,X_LEG_2,-0.03,19.32,-131.00,0,1500,1686,SE
1175901.133,X_LEG_2,-0.03,19.32,-131.00,0,1500,1686,SE
1175901.154,X_LEG_2,-0.03,19.32,-131.00,0,1500,1686,SE
1175901.174,X_LEG_2,-0.03,19.32,-131.00,0,1500,1686,SE
1175901.195,X_LEG_2,-0.03,19.32,-131.00,0,1500,1686,SE
1175901.215,X_LEG_2,-0.03,19.32,-131.00,0,1500,1686,SE
1175901.236,X_LEG_2,-0.03,19.32,-131.00,0,1500,1686,SE
1175901.256,X_LEG_2,-0.03,19.32,-131.00,0,1500,1686,SE
1175901.276,X_LEG_2,-0.03,19.32,-131.00,0,1500,1686,SE
1175901.297,X_LEG_2,-0.03,19.32,-131.00,0,1500,1686,SE
1175901.318,X_LEG_2,-0.03,19.32,-131.00,0,1500,1686,SE
1175901.338,X_LEG_2,-0.03,19.32,-131.00,0,1500,1686,SE
1175901.358,X_LEG_2,-0.03,19.32,-131.00,0,1500,1686,SE
1175901.380,X_LEG_2,-0.03,19.32,-131.00,0,1500,1686,SE
1175901.400,X_LEG_2,-0.03,19.32,-131.00,0,1500,1686,SE
1175901.421,X_LEG_2,-0.03,19.32,-131.00,0,1500,1686,SE
1175901.441,X_LEG_2,-0.03,19.32,-131.00,0,1500,1686,SE
1175901.462,X_LEG_2,-0.03,19.32,-131.00,0,1500,1686,SE
1175901.482,X_LEG_2,-0.03,19.32,-131.00,0,1500,1686,SE
1175901.503,X_LEG_2,-0.03,19.32,-131.00,0,1500,1686,SE
1175901.523,X_LEG_2,-0.03,19.32,-131.00,0,1500,1686,SE
1175901.543,X_LEG_2,-0.03,19.32,-131.00,0,1500,1686,SE
1175901.564,X_LEG_2,-0.03,19.32,-131.00,0,1500,1686,SE
1175901.584,X_LEG_2,-0.03,19.32,-131.00,0,1500,1686,SE
1175901.605,X_LEG_2,-0.03,19.32,-131.00,0,1500,1686,SE
1175901.625,X_LEG_2,-0.03,19.32,-131.00,0,1500,1686,SE
1175901.646,X_LEG_2,-0.03,19.32,-131.00,0,1500,1686,SE
1175901.666,X_LEG_2,-0.03,19.32,-131.00,0,1500,1686,SE
1175901.687,X_LEG_2,-0.03,19.32,-131.00,0,1500,1686,SE
1175901.707,X_LEG_2,-0.03,19.32,-131.00,0,1500,1686,SE
1175901.727,X_LEG_2,-0.03,19.32,-131.00,0,1500,1686,SE
1175901.748,X_LEG_2,-0.03,19.32,-131.00,0,1500,1686,SE
1175901.768,X_LEG_2,-0.03,19.32,-131.00,0,1500,1686,SE
1175901.789,X_LEG_2,-0.03,19.32,-131.00,0,1500,1686,SE
1175901.809,X_LEG_2,-0.03,19.32,-131.00,0,1500,1686,SE
1175901.830,X_LEG_2,-0.03,19.32,-131.00,0,1500,1686,SE
1175901.850,X_LEG_2,-0.03,19.32,-131.00,0,1500,1686,SE
1175901.871,X_LEG_2,-0.03,19.32,-131.00,0,1500,1686,SE
1175901.891,X_LEG_2,-0.03,19.32,-131.00,0,1500,1686,SE
1175901.911,X_LEG_2,-0.03,19.32,-131.00,0,1500,1686,SE
1175901.931,X_LEG_2,-0.03,19.32,-131.00,0,1500,1686,SE
1175901.952,X_LEG_2,-0.03,19.32,-131.00,0,1500,1686,SE
1175901.972,X_LEG_2,-0.03,19.32,-131.00,0,1500,1686,SE
1175901.992,X_LEG_2,-0.03,19.32,-131.00,0,1500,1686,SE
1175902.013,X_LEG_2,-0.03,19.32,-131.00,0,1500,1686,SE
1175902.033,X_LEG_2,-0.03,19.32,-131.00,0,1500,1686,SE
1175902.054,X_LEG_2,-0.03,19.32,-131.00,0,1500,1686,SE
1175902.074,X_LEG_2,-0.03,19.32,-131.00,0,1500,1686,SE
1175902.095,X_LEG_2,-0.03,19.32,-131.00,0,1500,1686,SE
1175902.115,X_LEG_2,-0.03,19.32,-131.00,0,1500,1686,SE
1175902.135,X_LEG_2,-0.03,19.32,-131.00,0,1500,1686,SE
1175902.156,X_LEG_2,-0.03,19.32,-131.00,0,1500,1686,SE
1175902.176,X_LEG_2,-0.03,19.32,-131.00,0,1500,1686,SE
1175902.196,X_LEG_2,-0.03,19.32,-131.00,0,1500,1686,SE
1175902.217,X_LEG_2,-0.03,19.32,-131.00,0,1500,1686,SE
1175902.238,X_LEG_2,-0.03,19.32,-131.00,0,1500,1686,SE
1175902.258,X_LEG_2,-0.03,19.32,-131.00,0,1500,1686,SE
1175902.279,X_LEG_2,-0.03,19.32,-131.00,0,1500,1686,SE
1175902.299,X_LEG_2,-0.03,19.32,-131.00,0,1500,1686,SE
1175902.319,X_LEG_2,-0.03,19.32,-131.00,0,1500,1686,SE
1175902.340,X_LEG_2,-0.03,19.32,-131.00,0,1500,1686,SE
1175902.360,X_LEG_2,-0.03,19.32,-131.00,0,1500,1686,SE
1175902.381,X_LEG_2,-0.03,19.32,-131.00,0,1500,1686,SE
1175902.401,X_LEG_2,-0.03,19.32,-131.00,0,1500,1686,SE
1175902.422,X_LEG_2,-0.03,19.32,-131.00,0,1500,1686,SE
1175902.443,X_LEG_2,-0.03,19.32,-131.00,0,1500,1686,SE
1175902.464,X_LEG_2,-0.03,19.32,-131.00,0,1500,1686,SE
1175902.484,X_LEG_2,-0.03,19.32,-131.00,0,1500,1686,SE
1175902.505,X_LEG_2,-0.03,19.32,-131.00,0,1500,1686,SE
1175902.525,X_LEG_2,-0.03,19.32,-131.00,0,1500,1686,SE
1175902.546,X_LEG_2,-0.03,19.32,-131.00,0,1500,1686,SE
1175902.566,X_LEG_2,-0.03,19.32,-131.00,0,1500,1686,SE
1175902.586,X_LEG_2,-0.03,19.32,-131.00,0,1500,1686,SE
1175902.607,X_LEG_2,-0.03,19.32,-131.00,0,1500,1686,SE
1175902.627,X_LEG_2,-0.03,19.32,-131.00,0,1500,1686,SE
1175902.648,X_LEG_2,-0.03,19.32,-131.00,0,1500,1686,SE
1175902.668,X_LEG_2,-0.03,19.32,-131.00,0,1500,1686,SE
1175902.688,X_LEG_2,-0.03,19.32,-131.00,0,1500,1686,SE
1175902.708,X_LEG_2,-0.03,19.32,-131.00,0,1500,1686,SE
1175902.729,X_LEG_2,-0.03,19.32,-131.00,0,1500,1686,SE
1175902.750,X_LEG_2,-0.03,19.32,-131.00,0,1500,1686,SE
1175902.770,X_LEG_2,-0.03,19.32,-131.00,0,1500,1686,SE
1175902.790,X_LEG_2,-0.03,19.32,-131.00,0,1500,1686,SE
1175902.811,X_LEG_2,-0.03,19.32,-131.00,0,1500,1686,SE
1175902.831,X_LEG_2,-0.03,19.32,-131.00,0,1500,1686,SE
1175902.852,X_LEG_2,-0.03,19.32,-131.00,0,1500,1686,SE
1175902.872,X_LEG_2,-0.03,19.32,-131.00,0,1500,1686,SE
1175902.893,X_LEG_2,-0.03,19.32,-131.00,0,1500,1686,SE
1175902.913,X_LEG_2,-0.03,19.32,-131.00,0,1500,1686,SE
1175902.934,X_LEG_2,-0.03,19.32,-131.00,0,1500,1686,SE
1175902.954,X_LEG_2,-0.03,19.32,-131.00,0,1500,1686,SE
1175902.975,X_LEG_2,-0.03,19.32,-131.00,0,1500,1686,SE
1175902.995,X_LEG_2,-0.03,19.32,-131.00,0,1500,1686,SE
1175903.016,X_LEG_2,-0.03,19.32,-131.00,0,1500,1686,SE
1175903.038,X_LEG_2,-0.03,19.32,-131.00,0,1500,1686,SE
1175903.058,X_LEG_2,-0.03,19.32,-131.00,0,1500,1686,SE
1175903.078,X_LEG_2,-0.03,19.32,-131.00,0,1500,1686,SE
1175903.099,X_LEG_2,-0.03,19.32,-131.00,0,1500,1686,SE
1175903.120,X_LEG_2,-0.03,19.32,-131.00,0,1500,1686,SE
1175903.140,X_LEG_2,-0.03,19.32,-131.00,0,1500,1686,SE
1175903.161,X_LEG_2,-0.03,19.32,-131.00,0,1500,1686,SE
1175903.181,X_LEG_2,-0.03,19.32,-131.00,0,1500,1686,SE
1175903.202,X_LEG_2,-0.03,19.32,-131.00,0,1500,1686,SE
1175903.222,X_LEG_2,-0.03,19.32,-131.00,0,1500,1686,SE
1175903.243,X_LEG_2,-0.03,19.32,-131.00,0,1500,1686,SE
1175903.263,X_LEG_2,-0.03,19.32,-131.00,0,1500,1686,SE
1175903.284,X_LEG_2,-0.03,19.32,-131.00,0,1500,1686,SE
1175903.304,X_LEG_2,-0.03,19.32,-131.00,0,1500,1686,SE
1175903.325,X_LEG_2,-0.03,19.32,-131.00,0,1500,1686,SE
1175903.345,X_LEG_2,-0.03,19.32,-131.00,0,1500,1686,SE
1175903.366,X_LEG_2,-0.03,19.32,-131.00,0,1500,1686,SE
1175903.386,X_LEG_2,-0.03,19.32,-131.00,0,1500,1686,SE
1175903.407,X_LEG_2,-0.03,19.32,-131.00,0,1500,1686,SE
1175903.427,X_LEG_2,-0.03,19.32,-131.00,0,1500,1686,SE
1175903.448,X_LEG_2,-0.03,19.32,-131.00,0,1500,1686,SE
1175903.468,X_LEG_2,-0.03,19.32,-131.00,0,1500,1686,SE
1175903.489,X_LEG_2,-0.03,19.32,-131.00,0,1500,1686,SE
1175903.509,X_LEG_2,-0.03,19.32,-131.00,0,1500,1686,SE
1175903.529,X_LEG_2,-0.03,19.32,-131.00,0,1500,1686,SE
1175903.550,X_LEG_2,-0.03,19.32,-131.00,0,1500,1686,SE
1175903.571,X_LEG_2,-0.03,19.32,-131.00,0,1500,1686,SE
1175903.591,X_LEG_2,-0.03,19.32,-131.00,0,1500,1686,SE
1175903.611,X_LEG_2,-0.03,19.32,-131.00,0,1500,1686,SE
1175903.632,X_LEG_2,-0.03,19.32,-131.00,0,1500,1686,SE
1175903.652,X_LEG_2,-0.03,19.32,-131.00,0,1500,1686,SE
1175903.673,X_LEG_2,-0.03,19.32,-131.00,0,1500,1686,SE
1175903.694,X_LEG_2,-0.03,19.32,-131.00,0,1500,1686,SE
1175903.714,X_LEG_2,-0.03,19.32,-131.00,0,1500,1686,SE
1175903.735,X_LEG_2,-0.03,19.32,-131.00,0,1500,1686,SE
1175903.756,X_LEG_2,-0.03,19.32,-131.00,0,1500,1686,SE
1175903.776,X_LEG_2,-0.03,19.32,-131.00,0,1500,1686,SE
1175903.797,X_LEG_2,-0.03,19.32,-131.00,0,1500,1686,SE
1175903.818,X_LEG_2,-0.03,19.32,-131.00,0,1500,1686,SE
1175903.838,X_LEG_2,-0.03,19.32,-131.00,0,1500,1686,SE
1175903.859,X_LEG_2,-0.03,19.32,-131.00,0,1500,1686,SE
1175903.879,X_LEG_2,-0.03,19.32,-131.00,0,1500,1686,SE
1175903.900,X_LEG_2,-0.03,19.32,-131.00,0,1500,1686,SE
1175903.920,X_LEG_2,-0.03,19.32,-131.00,0,1500,1686,SE
1175903.940,X_LEG_2,-0.03,19.32,-131.00,0,1500,1686,SE
1175903.961,X_LEG_2,-0.03,19.32,-131.00,0,1500,1686,SE
1175903.981,X_LEG_2,-0.03,19.32,-131.00,0,1500,1686,SE
1175904.001,X_LEG_2,-0.03,19.32,-131.00,0,1500,1686,SE
1175904.021,X_LEG_2,-0.03,19.32,-131.00,0,1500,1686,SE
1175904.042,X_LEG_2,-0.03,19.32,-131.00,0,1500,1686,SE
1175904.062,X_LEG_2,-0.03,19.32,-131.00,0,1500,1686,SE
1175904.083,X_LEG_2,-0.03,19.32,-131.00,0,1500,1686,SE
1175904.103,X_LEG_2,-0.03,19.32,-131.00,0,1500,1686,SE
1175904.123,X_LEG_2,-0.03,19.32,-131.00,0,1500,1686,SE
1175904.145,X_LEG_2,-0.03,19.32,-131.00,0,1500,1686,SE
1175904.165,X_LEG_2,-0.03,19.32,-131.00,0,1500,1686,SE
1175904.185,X_LEG_2,-0.03,19.32,-131.00,0,1500,1686,SE
1175904.206,X_LEG_2,-0.03,19.32,-131.00,0,1500,1686,SE
1175904.226,X_LEG_2,-0.03,19.32,-131.00,0,1500,1686,SE
1175904.247,X_LEG_2,-0.03,19.32,-131.00,0,1500,1686,SE
1175904.267,X_LEG_2,-0.03,19.32,-131.00,0,1500,1686,SE
1175904.287,X_LEG_2,-0.03,19.32,-131.00,0,1500,1686,SE
1175904.308,X_LEG_2,-0.03,19.32,-131.00,0,1500,1686,SE
1175904.328,X_LEG_2,-0.03,19.32,-131.00,0,1500,1686,SE
1175904.349,X_LEG_2,-0.03,19.32,-131.00,0,1500,1686,SE
1175904.369,X_LEG_2,-0.03,19.32,-131.00,0,1500,1686,SE
1175904.390,X_LEG_2,-0.03,19.32,-131.00,0,1500,1686,SE
1175904.411,X_LEG_2,-0.03,19.32,-131.00,0,1500,1686,SE
1175904.431,X_LEG_2,-0.03,19.32,-131.00,0,1500,1686,SE
1175904.452,X_LEG_2,-0.03,19.32,-131.00,0,1500,1686,SE
1175904.472,X_LEG_2,-0.03,19.32,-131.00,0,1500,1686,SE
1175904.493,X_LEG_2,-0.03,19.32,-131.00,0,1500,1686,SE
1175904.513,X_LEG_2,-0.03,19.32,-131.00,0,1500,1686,SE
1175904.533,X_LEG_2,-0.03,19.32,-131.00,0,1500,1686,SE
1175904.554,X_LEG_2,-0.03,19.32,-131.00,0,1500,1686,SE
1175904.574,X_LEG_2,-0.03,19.32,-131.00,0,1500,1686,SE
1175904.595,X_LEG_2,-0.03,19.32,-131.00,0,1500,1686,SE
1175904.615,X_LEG_2,-0.03,19.32,-131.00,0,1500,1686,SE
1175904.636,X_LEG_2,-0.03,19.32,-131.00,0,1500,1686,SE
1175904.656,X_LEG_2,-0.03,19.32,-131.00,0,1500,1686,SE
1175904.677,X_LEG_2,-0.03,19.32,-131.00,0,1500,1686,SE
1175904.697,X_LEG_2,-0.03,19.32,-131.00,0,1500,1686,SE
1175904.718,X_LEG_2,-0.03,19.32,-131.00,0,1500,1686,SE
1175904.738,X_LEG_2,-0.03,19.32,-131.00,0,1500,1686,SE
1175904.758,X_LEG_2,-0.03,19.32,-131.00,0,1500,1686,SE
1175904.779,X_LEG_2,-0.03,19.32,-131.00,0,1500,1686,SE
1175904.800,X_LEG_2,-0.03,19.32,-131.00,0,1500,1686,SE
1175904.820,X_LEG_2,-0.03,19.32,-131.00,0,1500,1686,SE
1175904.840,X_LEG_2,-0.03,19.32,-131.00,0,1500,1686,SE
1175904.861,X_LEG_2,-0.03,19.32,-131.00,0,1500,1686,SE
1175904.881,X_LEG_2,-0.03,19.32,-131.00,0,1500,1686,SE
1175904.902,X_LEG_2,-0.03,19.32,-131.00,0,1500,1686,SE
1175904.922,X_LEG_2,-0.03,19.32,-131.00,0,1500,1686,SE
1175904.942,X_LEG_2,-0.03,19.32,-131.00,0,1500,1686,SE
1175904.963,X_LEG_2,-0.03,19.32,-131.00,0,1500,1686,SE
1175904.983,X_LEG_2,-0.03,19.32,-131.00,0,1500,1686,SE
1175905.004,X_LEG_2,-0.03,19.32,-131.00,0,1500,1686,SE
1175905.024,X_LEG_2,-0.03,19.32,-131.00,0,1500,1686,SE
1175905.045,X_LEG_2,-0.03,19.32,-131.00,0,1500,1686,SE
1175905.065,X_LEG_2,-0.03,19.32,-131.00,0,1500,1686,SE
1175905.086,X_LEG_2,-0.03,19.32,-131.00,0,1500,1686,SE
1175905.106,X_LEG_2,-0.03,19.32,-131.00,0,1500,1686,SE
1175905.127,X_LEG_2,-0.03,19.32,-131.00,0,1500,1686,SE
1175905.147,X_LEG_2,-0.03,19.32,-131.00,0,1500,1686,SE
1175905.167,X_LEG_2,-0.03,19.32,-131.00,0,1500,1686,SE
1175905.188,X_LEG_2,-0.03,19.32,-131.00,0,1500,1686,SE
1175905.208,X_LEG_2,-0.03,19.32,-131.00,0,1500,1686,SE
1175905.229,X_LEG_2,-0.03,19.32,-131.00,0,1500,1686,SE
1175905.249,X_LEG_2,-0.03,19.32,-131.00,0,1500,1686,SE
1175905.269,X_LEG_2,-0.03,19.32,-131.00,0,1500,1686,SE
1175905.289,X_LEG_2,-0.03,19.32,-131.00,0,1500,1686,SE
1175905.310,X_LEG_2,-0.03,19.32,-131.00,0,1500,1686,SE
1175905.330,X_LEG_2,-0.03,19.32,-131.00,0,1500,1686,SE
1175905.351,X_LEG_2,-0.03,19.32,-131.00,0,1500,1686,SE
1175905.371,X_LEG_2,-0.03,19.32,-131.00,0,1500,1686,SE
1175905.391,X_LEG_2,-0.03,19.32,-131.00,0,1500,1686,SE
1175905.412,X_LEG_2,-0.03,19.32,-131.00,0,1500,1686,SE
1175905.432,X_LEG_2,-0.03,19.32,-131.00,0,1500,1686,SE
1175905.453,X_LEG_2,-0.03,19.32,-131.00,0,1500,1686,SE
1175905.473,X_LEG_2,-0.03,19.32,-131.00,0,1500,1686,SE
1175905.494,X_LEG_2,-0.03,19.32,-131.00,0,1500,1686,SE
1175905.514,X_LEG_2,-0.03,19.32,-131.00,0,1500,1686,SE
1175905.535,X_LEG_2,-0.03,19.32,-131.00,0,1500,1686,SE
1175905.555,X_LEG_2,-0.03,19.32,-131.00,0,1500,1686,SE
1175905.576,X_LEG_2,-0.03,19.32,-131.00,0,1500,1686,SE
1175905.596,X_LEG_2,-0.03,19.32,-131.00,0,1500,1686,SE
1175905.616,X_LEG_2,-0.03,19.32,-131.00,0,1500,1686,SE
1175905.637,X_LEG_2,-0.03,19.32,-131.00,0,1500,1686,SE
1175905.657,X_LEG_2,-0.03,19.32,-131.00,0,1500,1686,SE
1175905.678,X_LEG_2,-0.03,19.32,-131.00,0,1500,1686,SE
1175905.698,X_LEG_2,-0.03,19.32,-131.00,0,1500,1686,SE
1175905.719,X_LEG_2,-0.03,19.32,-131.00,0,1500,1686,SE
1175905.739,X_LEG_2,-0.03,19.32,-131.00,0,1500,1686,SE
1175905.760,X_LEG_2,-0.03,19.32,-131.00,0,1500,1686,SE
1175905.780,X_LEG_2,-0.03,19.32,-131.00,0,1500,1686,SE
1175905.800,X_LEG_2,-0.03,19.32,-131.00,0,1500,1686,SE
1175905.820,X_LEG_2,-0.03,19.32,-131.00,0,1500,1686,SE
1175905.841,X_LEG_2,-0.03,19.32,-131.00,0,1500,1686,SE
1175905.861,X_LEG_2,-0.03,19.32,-131.00,0,1500,1686,SE
1175905.882,X_LEG_2,-0.03,19.32,-131.00,0,1500,1686,SE
1175905.902,X_LEG_2,-0.03,19.32,-131.00,0,1500,1686,SE
1175905.923,X_LEG_2,-0.03,19.32,-131.00,0,1500,1686,SE
1175905.943,X_LEG_2,-0.03,19.32,-131.00,0,1500,1686,SE
1175905.964,X_LEG_2,-0.03,19.32,-131.00,0,1500,1686,SE
1175905.984,X_LEG_2,-0.03,19.32,-131.00,0,1500,1686,SE
1175906.005,X_LEG_2,-0.03,19.32,-131.00,0,1500,1686,SE
1175906.025,X_LEG_2,-0.03,19.32,-131.00,0,1500,1686,SE
1175906.046,X_LEG_2,-0.03,19.32,-131.00,0,1500,1686,SE
1175906.066,X_LEG_2,-0.03,19.32,-131.00,0,1500,1686,SE
1175906.086,X_LEG_2,-0.03,19.32,-131.00,0,1500,1686,SE
1175906.107,X_LEG_2,-0.03,19.32,-131.00,0,1500,1686,SE
1175906.127,X_LEG_2,-0.03,19.32,-131.00,0,1500,1686,SE
1175906.148,X_LEG_2,-0.03,19.32,-131.00,0,1500,1686,SE
1175906.168,X_LEG_2,-0.03,19.32,-131.00,0,1500,1686,SE
1175906.189,X_LEG_2,-0.03,19.32,-131.00,0,1500,1686,SE
1175906.209,X_LEG_2,-0.03,19.32,-131.00,0,1500,1686,SE
1175906.230,X_LEG_2,-0.03,19.32,-131.00,0,1500,1686,SE
1175906.250,X_LEG_2,-0.03,19.32,-131.00,0,1500,1686,SE
1175906.271,X_LEG_2,-0.03,19.32,-131.00,0,1500,1686,SE
1175906.291,X_LEG_2,-0.03,19.32,-131.00,0,1500,1686,SE
1175906.312,X_LEG_2,-0.03,19.32,-131.00,0,1500,1686,SE
1175906.332,X_LEG_2,-0.03,19.32,-131.00,0,1500,1686,SE
1175906.352,X_LEG_2,-0.03,19.32,-131.00,0,1500,1686,SE
1175906.372,X_LEG_2,-0.03,19.32,-131.00,0,1500,1686,SE
1175906.393,X_LEG_2,-0.03,19.32,-131.00,0,1500,1686,SE
1175906.413,X_LEG_2,-0.03,19.32,-131.00,0,1500,1686,SE
1175906.434,X_LEG_2,-0.03,19.32,-131.00,0,1500,1686,SE
1175906.454,X_LEG_2,-0.03,19.32,-131.00,0,1500,1686,SE
1175906.476,X_LEG_2,-0.03,19.32,-131.00,0,1500,1686,SE
1175906.496,X_LEG_2,-0.03,19.32,-131.00,0,1500,1686,SE
1175906.516,X_LEG_2,-0.03,19.32,-131.00,0,1500,1686,SE
1175906.538,X_LEG_2,-0.03,19.32,-131.00,0,1500,1686,SE
1175906.558,X_LEG_2,-0.03,19.32,-131.00,0,1500,1686,SE
1175906.579,X_LEG_2,-0.03,19.32,-131.00,0,1500,1686,SE
1175906.599,X_LEG_2,-0.03,19.32,-131.00,0,1500,1686,SE
1175906.620,X_LEG_2,-0.03,19.32,-131.00,0,1500,1686,SE
1175906.640,X_LEG_2,-0.03,19.32,-131.00,0,1500,1686,SE
1175906.661,X_LEG_2,-0.03,19.32,-131.00,0,1500,1686,SE
1175906.682,X_LEG_2,-0.03,19.32,-131.00,0,1500,1686,SE
1175906.702,X_LEG_2,-0.03,19.32,-131.00,0,1500,1686,SE
1175906.722,X_LEG_2,-0.03,19.32,-131.00,0,1500,1686,SE
1175906.743,X_LEG_2,-0.03,19.32,-131.00,0,1500,1686,SE
1175906.763,X_LEG_2,-0.03,19.32,-131.00,0,1500,1686,SE
1175906.784,X_LEG_2,-0.03,19.32,-131.00,0,1500,1686,SE
1175906.804,X_LEG_2,-0.03,19.32,-131.00,0,1500,1686,SE
1175906.825,X_LEG_2,-0.03,19.32,-131.00,0,1500,1686,SE
1175906.845,X_LEG_2,-0.03,19.32,-131.00,0,1500,1686,SE
1175906.866,X_LEG_2,-0.03,19.32,-131.00,0,1500,1686,SE
1175906.886,X_LEG_2,-0.03,19.32,-131.00,0,1500,1686,SE
1175906.906,X_LEG_2,-0.03,19.32,-131.00,0,1500,1686,SE
1175906.927,X_LEG_2,-0.03,19.32,-131.00,0,1500,1686,SE
1175906.948,X_LEG_2,-0.03,19.32,-131.00,0,1500,1686,SE
1175906.968,X_LEG_2,-0.03,19.32,-131.00,0,1500,1686,SE
1175906.989,X_LEG_2,-0.03,19.32,-131.00,0,1500,1686,SE
1175907.009,X_LEG_2,-0.03,19.32,-131.00,0,1500,1686,SE
1175907.030,X_LEG_2,-0.03,19.32,-131.00,0,1500,1686,SE
1175907.050,X_LEG_2,-0.03,19.32,-131.00,0,1500,1686,SE
1175907.071,X_LEG_2,-0.03,19.32,-131.00,0,1500,1686,SE
1175907.091,X_LEG_2,-0.03,19.32,-131.00,0,1500,1686,SE
1175907.112,X_LEG_2,-0.03,19.32,-131.00,0,1500,1686,SE
1175907.132,X_LEG_2,-0.03,19.32,-131.00,0,1500,1686,SE
1175907.152,X_LEG_2,-0.03,19.32,-131.00,0,1500,1686,SE
1175907.173,X_LEG_2,-0.03,19.32,-131.00,0,1500,1686,SE
1175907.193,X_LEG_2,-0.03,19.32,-131.00,0,1500,1686,SE
1175907.214,X_LEG_2,-0.03,19.32,-131.00,0,1500,1686,SE
1175907.234,X_LEG_2,-0.03,19.32,-131.00,0,1500,1686,SE
1175907.255,X_LEG_2,-0.03,19.32,-131.00,0,1500,1686,SE
1175907.275,X_LEG_2,-0.03,19.32,-131.00,0,1500,1686,SE
1175907.296,X_LEG_2,-0.03,19.32,-131.00,0,1500,1686,SE
1175907.317,X_LEG_2,-0.03,19.32,-131.00,0,1500,1686,SE
1175907.337,X_LEG_2,-0.03,19.32,-131.00,0,1500,1686,SE
1175907.358,X_LEG_2,-0.03,19.32,-131.00,0,1500,1686,SE
1175907.378,X_LEG_2,-0.03,19.32,-131.00,0,1500,1686,SE
1175907.399,X_LEG_2,-0.03,19.32,-131.00,0,1500,1686,SE
1175907.419,X_LEG_2,-0.03,19.32,-131.00,0,1500,1686,SE
1175907.440,X_LEG_2,-0.03,19.32,-131.00,0,1500,1686,SE
1175907.460,X_LEG_2,-0.03,19.32,-131.00,0,1500,1686,SE
1175907.481,X_LEG_2,-0.03,19.32,-131.00,0,1500,1686,SE
1175907.501,X_LEG_2,-0.03,19.32,-131.00,0,1500,1686,SE
1175907.523,X_LEG_2,-0.03,19.32,-131.00,0,1500,1686,SE
1175907.544,X_LEG_2,-0.03,19.32,-131.00,0,1500,1686,SE
1175907.564,X_LEG_2,-0.03,19.32,-131.00,0,1500,1686,SE
1175907.585,X_LEG_2,-0.03,19.32,-131.00,0,1500,1686,SE
1175907.605,X_LEG_2,-0.03,19.32,-131.00,0,1500,1686,SE
1175907.626,X_LEG_2,-0.03,19.32,-131.00,0,1500,1686,SE
1175907.646,X_LEG_2,-0.03,19.32,-131.00,0,1500,1686,SE
1175907.667,X_LEG_2,-0.03,19.32,-131.00,0,1500,1686,SE
1175907.687,X_LEG_2,-0.03,19.32,-131.00,0,1500,1686,SE
1175907.708,X_LEG_2,-0.03,19.32,-131.00,0,1500,1686,SE
1175907.728,X_LEG_2,-0.03,19.32,-131.00,0,1500,1686,SE
1175907.749,X_LEG_2,-0.03,19.32,-131.00,0,1500,1686,SE
1175907.769,X_LEG_2,-0.03,19.32,-131.00,0,1500,1686,SE
1175907.789,X_LEG_2,-0.03,19.32,-131.00,0,1500,1686,SE
1175907.810,X_LEG_2,-0.03,19.32,-131.00,0,1500,1686,SE
1175907.831,X_LEG_2,-0.03,19.32,-131.00,0,1500,1686,SE
1175907.851,X_LEG_2,-0.03,19.32,-131.00,0,1500,1686,SE
1175907.872,X_LEG_2,-0.03,19.32,-131.00,0,1500,1686,SE
1175907.892,X_LEG_2,-0.03,19.32,-131.00,0,1500,1686,SE
1175907.913,X_LEG_2,-0.03,19.32,-131.00,0,1500,1686,SE
1175907.933,X_LEG_2,-0.03,19.32,-131.00,0,1500,1686,SE
1175907.953,X_LEG_2,-0.03,19.32,-131.00,0,1500,1686,SE
1175907.975,X_LEG_2,-0.03,19.32,-131.00,0,1500,1686,SE
1175907.995,X_LEG_2,-0.03,19.32,-131.00,0,1500,1686,SE
1175908.016,X_LEG_2,-0.03,19.32,-131.00,0,1500,1686,SE
1175908.037,X_LEG_2,-0.03,19.32,-131.00,0,1500,1686,SE
1175908.058,X_LEG_2,-0.03,19.32,-131.00,0,1500,1686,SE
1175908.078,X_LEG_2,-0.03,19.32,-131.00,0,1500,1686,SE
1175908.099,X_LEG_2,-0.03,19.32,-131.00,0,1500,1686,SE
1175908.120,X_LEG_2,-0.03,19.32,-131.00,0,1500,1686,SE
1175908.140,X_LEG_2,-0.03,19.32,-131.00,0,1500,1686,SE
1175908.161,X_LEG_2,-0.03,19.32,-131.00,0,1500,1686,SE
1175908.181,X_LEG_2,-0.03,19.32,-131.00,0,1500,1686,SE
1175908.202,X_LEG_2,-0.03,19.32,-131.00,0,1500,1686,SE
1175908.222,X_LEG_2,-0.03,19.32,-131.00,0,1500,1686,SE
1175908.243,X_LEG_2,-0.03,19.32,-131.00,0,1500,1686,SE
1175908.263,X_LEG_2,-0.03,19.32,-131.00,0,1500,1686,SE
1175908.283,X_LEG_2,-0.03,19.32,-131.00,0,1500,1686,SE
1175908.304,X_LEG_2,-0.03,19.32,-131.00,0,1500,1686,SE
1175908.325,X_LEG_2,-0.03,19.32,-131.00,0,1500,1686,SE
1175908.345,X_LEG_2,-0.03,19.32,-131.00,0,1500,1686,SE
1175908.365,X_LEG_2,-0.03,19.32,-131.00,0,1500,1686,SE
1175908.386,X_LEG_2,-0.03,19.32,-131.00,0,1500,1686,SE
1175908.406,X_LEG_2,-0.03,19.32,-131.00,0,1500,1686,SE
1175908.427,X_LEG_2,-0.03,19.32,-131.00,0,1500,1686,SE
1175908.447,X_LEG_2,-0.03,19.32,-131.00,0,1500,1686,SE
1175908.467,X_LEG_2,-0.03,19.32,-131.00,0,1500,1686,SE
1175908.488,X_LEG_2,-0.03,19.32,-131.00,0,1500,1686,SE
1175908.509,X_LEG_2,-0.03,19.32,-131.00,0,1500,1686,SE
1175908.529,X_LEG_2,-0.03,19.32,-131.00,0,1500,1686,SE
1175908.549,X_LEG_2,-0.03,19.32,-131.00,0,1500,1686,SE
1175908.570,X_LEG_2,-0.03,19.32,-131.00,0,1500,1686,SE
1175908.590,X_LEG_2,-0.03,19.32,-131.00,0,1500,1686,SE
1175908.611,X_LEG_2,-0.03,19.32,-131.00,0,1500,1686,SE
1175908.632,X_LEG_2,-0.03,19.32,-131.00,0,1500,1686,SE
1175908.652,X_LEG_2,-0.03,19.32,-131.00,0,1500,1686,SE
1175908.673,X_LEG_2,-0.03,19.32,-131.00,0,1500,1686,SE
1175908.694,X_LEG_2,-0.03,19.32,-132.00,0,1500,1686,SE
1175908.714,X_LEG_2,-0.03,19.32,-132.00,0,1500,1686,SE
1175908.735,X_LEG_2,-0.03,19.32,-132.00,0,1500,1686,SE
1175908.755,X_LEG_2,-0.03,19.32,-132.00,0,1500,1686,SE
1175908.776,X_LEG_2,-0.03,19.32,-132.00,0,1500,1686,SE
1175908.796,X_LEG_2,-0.03,19.32,-132.00,0,1500,1686,SE
1175908.816,X_LEG_2,-0.03,19.32,-132.00,0,1500,1686,SE
1175908.837,X_LEG_2,-0.03,19.32,-132.00,0,1500,1686,SE
1175908.858,X_LEG_2,-0.03,19.32,-132.00,0,1500,1686,SE
1175908.878,X_LEG_2,-0.03,19.32,-132.00,0,1500,1686,SE
1175908.899,X_LEG_2,-0.03,19.32,-132.00,0,1500,1686,SE
1175908.919,X_LEG_2,-0.03,19.32,-132.00,0,1500,1686,SE
1175908.939,X_LEG_2,-0.03,19.32,-132.00,0,1500,1686,SE
1175908.960,X_LEG_2,-0.03,19.32,-132.00,0,1500,1686,SE
1175908.980,X_LEG_2,-0.03,19.32,-132.00,0,1500,1686,SE
1175909.000,X_LEG_2,-0.03,19.32,-132.00,0,1500,1686,SE
1175909.021,X_LEG_2,-0.03,19.32,-132.00,0,1500,1686,SE
1175909.041,X_LEG_2,-0.03,19.32,-132.00,0,1500,1686,SE
1175909.062,X_LEG_2,-0.03,19.32,-132.00,0,1500,1686,SE
1175909.082,X_LEG_2,-0.03,19.32,-132.00,0,1500,1686,SE
1175909.103,X_LEG_2,-0.03,19.32,-132.00,0,1500,1686,SE
1175909.123,X_LEG_2,-0.03,19.32,-132.00,0,1500,1686,SE
1175909.143,X_LEG_2,-0.03,19.32,-132.00,0,1500,1686,SE
1175909.164,X_LEG_2,-0.03,19.32,-132.00,0,1500,1686,SE
1175909.184,X_LEG_2,-0.03,19.32,-132.00,0,1500,1686,SE
1175909.205,X_LEG_2,-0.03,19.32,-132.00,0,1500,1686,SE
1175909.225,X_LEG_2,-0.03,19.32,-132.00,0,1500,1686,SE
1175909.246,X_LEG_2,-0.03,19.32,-132.00,0,1500,1686,SE
1175909.266,X_LEG_2,-0.03,19.32,-132.00,0,1500,1686,SE
1175909.286,X_LEG_2,-0.03,19.32,-132.00,0,1500,1686,SE
1175909.307,X_LEG_2,-0.03,19.32,-132.00,0,1500,1686,SE
1175909.327,X_LEG_2,-0.03,19.32,-132.00,0,1500,1686,SE
1175909.348,X_LEG_2,-0.03,19.32,-132.00,0,1500,1686,SE
1175909.368,X_LEG_2,-0.03,19.32,-132.00,0,1500,1686,SE
1175909.389,X_LEG_2,-0.03,19.32,-132.00,0,1500,1686,SE
1175909.409,X_LEG_2,-0.03,19.32,-132.00,0,1500,1686,SE
1175909.430,X_LEG_2,-0.03,19.32,-132.00,0,1500,1686,SE
1175909.451,X_LEG_2,-0.03,19.32,-132.00,0,1500,1686,SE
1175909.471,X_LEG_2,-0.03,19.32,-132.00,0,1500,1686,SE
1175909.491,X_LEG_2,-0.03,19.32,-132.00,0,1500,1686,SE
1175909.511,X_LEG_2,-0.03,19.32,-132.00,0,1500,1686,SE
1175909.532,X_LEG_2,-0.03,19.32,-132.00,0,1500,1686,SE
1175909.553,X_LEG_2,-0.03,19.32,-132.00,0,1500,1686,SE
1175909.573,X_LEG_2,-0.03,19.32,-132.00,0,1500,1686,SE
1175909.594,X_LEG_2,-0.03,19.32,-132.00,0,1500,1686,SE
1175909.615,X_LEG_2,-0.03,19.32,-132.00,0,1500,1686,SE
1175909.635,X_LEG_2,-0.03,19.32,-132.00,0,1500,1686,SE
1175909.656,X_LEG_2,-0.03,19.32,-132.00,0,1500,1686,SE
1175909.676,X_LEG_2,-0.03,19.32,-132.00,0,1500,1686,SE
1175909.697,X_LEG_2,-0.03,19.32,-132.00,0,1500,1686,SE
1175909.717,X_LEG_2,-0.03,19.32,-132.00,0,1500,1686,SE
1175909.738,X_LEG_2,-0.03,19.32,-132.00,0,1500,1686,SE
1175909.760,X_LEG_2,-0.03,19.32,-132.00,0,1500,1686,SE
1175909.780,X_LEG_2,-0.03,19.32,-132.00,0,1500,1686,SE
1175909.801,X_LEG_2,-0.03,19.32,-132.00,0,1500,1686,SE
1175909.822,X_LEG_2,-0.03,19.32,-132.00,0,1500,1686,SE
1175909.842,X_LEG_2,-0.03,19.32,-132.00,0,1500,1686,SE
1175909.863,X_LEG_2,-0.03,19.32,-132.00,0,1500,1686,SE
1175909.883,X_LEG_2,-0.03,19.32,-132.00,0,1500,1686,SE
1175909.904,X_LEG_2,-0.03,19.32,-132.00,0,1500,1686,SE
1175909.924,X_LEG_2,-0.03,19.32,-132.00,0,1500,1686,SE
1175909.944,X_LEG_2,-0.03,19.32,-132.00,0,1500,1686,SE
1175909.965,X_LEG_2,-0.03,19.32,-132.00,0,1500,1686,SE
1175909.985,X_LEG_2,-0.03,19.32,-132.00,0,1500,1686,SE
1175910.006,X_LEG_2,-0.03,19.32,-132.00,0,1500,1686,SE
1175910.026,X_LEG_2,-0.03,19.32,-132.00,0,1500,1686,SE
1175910.047,X_LEG_2,-0.03,19.32,-132.00,0,1500,1686,SE
1175910.067,X_LEG_2,-0.03,19.32,-132.00,0,1500,1686,SE
1175910.088,X_LEG_2,-0.03,19.32,-132.00,0,1500,1686,SE
1175910.109,X_LEG_2,-0.03,19.32,-132.00,0,1500,1686,SE
1175910.130,X_LEG_2,-0.03,19.32,-132.00,0,1500,1686,SE
1175910.150,X_LEG_2,-0.03,19.32,-132.00,0,1500,1686,SE
1175910.170,X_LEG_2,-0.03,19.32,-132.00,0,1500,1686,SE
1175910.192,X_LEG_2,-0.03,19.32,-132.00,0,1500,1686,SE
1175910.212,X_LEG_2,-0.03,19.32,-132.00,0,1500,1686,SE
1175910.233,X_LEG_2,-0.03,19.32,-132.00,0,1500,1686,SE
1175910.254,X_LEG_2,-0.03,19.32,-132.00,0,1500,1686,SE
1175910.274,X_LEG_2,-0.03,19.32,-132.00,0,1500,1686,SE
1175910.295,X_LEG_2,-0.03,19.32,-132.00,0,1500,1686,SE
1175910.315,X_LEG_2,-0.03,19.32,-132.00,0,1500,1686,SE
1175910.336,X_LEG_2,-0.03,19.32,-132.00,0,1500,1686,SE
1175910.356,X_LEG_2,-0.03,19.32,-132.00,0,1500,1686,SE
1175910.377,X_LEG_2,-0.03,19.32,-132.00,0,1500,1686,SE
1175910.397,X_LEG_2,-0.03,19.32,-132.00,0,1500,1686,SE
1175910.417,X_LEG_2,-0.03,19.32,-132.00,0,1500,1686,SE
1175910.438,X_LEG_2,-0.03,19.32,-132.00,0,1500,1686,SE
1175910.458,X_LEG_2,-0.03,19.32,-132.00,0,1500,1686,SE
1175910.479,X_LEG_2,-0.03,19.32,-132.00,0,1500,1686,SE
1175910.499,X_LEG_2,-0.03,19.32,-132.00,0,1500,1686,SE
1175910.520,X_LEG_2,-0.03,19.32,-132.00,0,1500,1686,SE
1175910.540,X_LEG_2,-0.03,19.32,-132.00,0,1500,1686,SE
1175910.561,X_LEG_2,-0.03,19.32,-132.00,0,1500,1686,SE
1175910.582,X_LEG_2,-0.03,19.32,-132.00,0,1500,1686,SE
1175910.602,X_LEG_2,-0.03,19.32,-132.00,0,1500,1686,SE
1175910.622,X_LEG_2,-0.03,19.32,-132.00,0,1500,1686,SE
1175910.643,X_LEG_2,-0.03,19.32,-132.00,0,1500,1686,SE
1175910.663,X_LEG_2,-0.03,19.32,-132.00,0,1500,1686,SE
1175910.684,X_LEG_2,-0.03,19.32,-132.00,0,1500,1686,SE
1175910.704,X_LEG_2,-0.03,19.32,-132.00,0,1500,1686,SE
1175910.725,X_LEG_2,-0.03,19.32,-132.00,0,1500,1686,SE
1175910.746,X_LEG_2,-0.03,19.32,-132.00,0,1500,1686,SE
1175910.766,X_LEG_2,-0.03,19.32,-132.00,0,1500,1686,SE
1175910.787,X_LEG_2,-0.03,19.32,-132.00,0,1500,1686,SE
1175910.807,X_LEG_2,-0.03,19.32,-132.00,0,1500,1686,SE
1175910.828,X_LEG_2,-0.03,19.32,-132.00,0,1500,1686,SE
1175910.848,X_LEG_2,-0.03,19.32,-132.00,0,1500,1686,SE
1175910.869,X_LEG_2,-0.03,19.32,-132.00,0,1500,1686,SE
1175910.889,X_LEG_2,-0.03,19.32,-132.00,0,1500,1686,SE
1175910.910,X_LEG_2,-0.03,19.32,-132.00,0,1500,1686,SE
1175910.930,X_LEG_2,-0.03,19.32,-132.00,0,1500,1686,SE
1175910.951,X_LEG_2,-0.03,19.32,-132.00,0,1500,1686,SE
1175910.971,X_LEG_2,-0.03,19.32,-132.00,0,1500,1686,SE
1175910.992,X_LEG_2,-0.03,19.32,-132.00,0,1500,1686,SE
1175911.012,X_LEG_2,-0.03,19.32,-132.00,0,1500,1686,SE
1175911.033,X_LEG_2,-0.03,19.32,-132.00,0,1500,1686,SE
1175911.053,X_LEG_2,-0.03,19.32,-132.00,0,1500,1686,SE
1175911.074,X_LEG_2,-0.03,19.32,-132.00,0,1500,1686,SE
1175911.094,X_LEG_2,-0.03,19.32,-132.00,0,1500,1686,SE
1175911.115,X_LEG_2,-0.03,19.32,-132.00,0,1500,1686,SE
1175911.135,X_LEG_2,-0.03,19.32,-132.00,0,1500,1686,SE
1175911.156,X_LEG_2,-0.03,19.32,-132.00,0,1500,1686,SE
1175911.176,X_LEG_2,-0.03,19.32,-132.00,0,1500,1686,SE
1175911.197,X_LEG_2,-0.03,19.32,-132.00,0,1500,1686,SE
1175911.217,X_LEG_2,-0.03,19.32,-132.00,0,1500,1686,SE
1175911.238,X_LEG_2,-0.03,19.32,-132.00,0,1500,1686,SE
1175911.258,X_LEG_2,-0.03,19.32,-132.00,0,1500,1686,SE
1175911.279,X_LEG_2,-0.03,19.32,-132.00,0,1500,1686,SE
1175911.300,X_LEG_2,-0.03,19.32,-132.00,0,1500,1686,SE
1175911.320,X_LEG_2,-0.03,19.32,-132.00,0,1500,1686,SE
1175911.341,X_LEG_2,-0.03,19.32,-132.00,0,1500,1686,SE
1175911.361,X_LEG_2,-0.03,19.32,-132.00,0,1500,1686,SE
1175911.382,X_LEG_2,-0.03,19.32,-132.00,0,1500,1686,SE
1175911.402,X_LEG_2,-0.03,19.32,-132.00,0,1500,1686,SE
1175911.423,X_LEG_2,-0.03,19.32,-132.00,0,1500,1686,SE
1175911.443,X_LEG_2,-0.03,19.32,-132.00,0,1500,1686,SE
1175911.463,X_LEG_2,-0.03,19.32,-132.00,0,1500,1686,SE
1175911.484,X_LEG_2,-0.03,19.32,-132.00,0,1500,1686,SE
1175911.504,X_LEG_2,-0.03,19.32,-132.00,0,1500,1686,SE
1175911.524,X_LEG_2,-0.03,19.32,-132.00,0,1500,1686,SE
1175911.545,X_LEG_2,-0.03,19.32,-132.00,0,1500,1686,SE
1175911.565,X_LEG_2,-0.03,19.32,-132.00,0,1500,1686,SE
1175911.586,X_LEG_2,-0.03,19.32,-132.00,0,1500,1686,SE
1175911.606,X_LEG_2,-0.03,19.32,-132.00,0,1500,1686,SE
1175911.627,X_LEG_2,-0.03,19.32,-132.00,0,1500,1686,SE
1175911.648,X_LEG_2,-0.03,19.32,-132.00,0,1500,1686,SE
1175911.668,X_LEG_2,-0.03,19.32,-132.00,0,1500,1686,SE
1175911.688,X_LEG_2,-0.03,19.32,-132.00,0,1500,1686,SE
1175911.709,X_LEG_2,-0.03,19.32,-132.00,0,1500,1686,SE
1175911.729,X_LEG_2,-0.03,19.32,-132.00,0,1500,1686,SE
1175911.750,X_LEG_2,-0.03,19.32,-132.00,0,1500,1686,SE
1175911.770,X_LEG_2,-0.03,19.32,-132.00,0,1500,1686,SE
1175911.791,X_LEG_2,-0.03,19.32,-132.00,0,1500,1686,SE
1175911.811,X_LEG_2,-0.03,19.32,-132.00,0,1500,1686,SE
1175911.832,X_LEG_2,-0.03,19.32,-132.00,0,1500,1686,SE
1175911.852,X_LEG_2,-0.03,19.32,-132.00,0,1500,1686,SE
1175911.873,X_LEG_2,-0.03,19.32,-132.00,0,1500,1686,SE
1175911.894,X_LEG_2,-0.03,19.32,-132.00,0,1500,1686,SE
1175911.914,X_LEG_2,-0.03,19.32,-132.00,0,1500,1686,SE
1175911.935,X_LEG_2,-0.03,19.32,-132.00,0,1500,1686,SE
1175911.955,X_LEG_2,-0.03,19.32,-132.00,0,1500,1686,SE
1175911.976,X_LEG_2,-0.03,19.32,-132.00,0,1500,1686,SE
1175911.996,X_LEG_2,-0.03,19.32,-132.00,0,1500,1686,SE
1175912.017,X_LEG_2,-0.03,19.32,-132.00,0,1500,1686,SE
1175912.037,X_LEG_2,-0.03,19.32,-132.00,0,1500,1686,SE
1175912.058,X_LEG_2,-0.03,19.32,-132.00,0,1500,1686,SE
1175912.078,X_LEG_2,-0.03,19.32,-132.00,0,1500,1686,SE
1175912.099,X_LEG_2,-0.03,19.32,-132.00,0,1500,1686,SE
1175912.119,X_LEG_2,-0.03,19.32,-132.00,0,1500,1686,SE
1175912.139,X_LEG_2,-0.03,19.32,-132.00,0,1500,1686,SE
1175912.161,X_LEG_2,-0.03,19.32,-132.00,0,1500,1686,SE
1175912.181,X_LEG_2,-0.03,19.32,-132.00,0,1500,1686,SE
1175912.202,X_LEG_2,-0.03,19.32,-132.00,0,1500,1686,SE
1175912.223,X_LEG_2,-0.03,19.32,-132.00,0,1500,1686,SE
1175912.243,X_LEG_2,-0.03,19.32,-132.00,0,1500,1686,SE
1175912.263,X_LEG_2,-0.03,19.32,-132.00,0,1500,1686,SE
1175912.284,X_LEG_2,-0.03,19.32,-132.00,0,1500,1686,SE
1175912.304,X_LEG_2,-0.03,19.32,-132.00,0,1500,1686,SE
1175912.324,X_LEG_2,-0.03,19.32,-132.00,0,1500,1686,SE
1175912.344,X_LEG_2,-0.03,19.32,-132.00,0,1500,1686,SE
1175912.365,X_LEG_2,-0.03,19.32,-132.00,0,1500,1686,SE
1175912.385,X_LEG_2,-0.03,19.32,-132.00,0,1500,1686,SE
1175912.405,X_LEG_2,-0.03,19.32,-132.00,0,1500,1686,SE
1175912.426,X_LEG_2,-0.03,19.32,-132.00,0,1500,1686,SE
1175912.446,X_LEG_2,-0.03,19.32,-132.00,0,1500,1686,SE
1175912.467,X_LEG_2,-0.03,19.32,-132.00,0,1500,1686,SE
1175912.488,X_LEG_2,-0.03,19.32,-132.00,0,1500,1686,SE
1175912.508,X_LEG_2,-0.03,19.32,-132.00,0,1500,1686,SE
1175912.529,X_LEG_2,-0.03,19.32,-132.00,0,1500,1686,SE
1175912.550,X_LEG_2,-0.03,19.32,-132.00,0,1500,1686,SE
1175912.570,X_LEG_2,-0.03,19.32,-132.00,0,1500,1686,SE
1175912.590,X_LEG_2,-0.03,19.32,-132.00,0,1500,1686,SE
1175912.611,X_LEG_2,-0.03,19.32,-132.00,0,1500,1686,SE
1175912.631,X_LEG_2,-0.03,19.32,-132.00,0,1500,1686,SE
1175912.652,X_LEG_2,-0.03,19.32,-132.00,0,1500,1686,SE
1175912.672,X_LEG_2,-0.03,19.32,-132.00,0,1500,1686,SE
1175912.693,X_LEG_2,-0.03,19.32,-132.00,0,1500,1686,SE
1175912.713,X_LEG_2,-0.03,19.32,-132.00,0,1500,1686,SE
1175912.734,X_LEG_2,-0.03,19.32,-132.00,0,1500,1686,SE
1175912.754,X_LEG_2,-0.03,19.32,-132.00,0,1500,1686,SE
1175912.775,X_LEG_2,-0.03,19.32,-132.00,0,1500,1686,SE
1175912.795,X_LEG_2,-0.03,19.32,-132.00,0,1500,1686,SE
1175912.816,X_LEG_2,-0.03,19.32,-132.00,0,1500,1686,SE
1175912.837,X_LEG_2,-0.03,19.32,-132.00,0,1500,1686,SE
1175912.857,X_LEG_2,-0.03,19.32,-132.00,0,1500,1686,SE
1175912.878,X_LEG_2,-0.03,19.32,-132.00,0,1500,1686,SE
1175912.899,X_LEG_2,-0.03,19.32,-132.00,0,1500,1686,SE
1175912.919,X_LEG_2,-0.03,19.32,-132.00,0,1500,1686,SE
1175912.941,X_LEG_2,-0.03,19.32,-132.00,0,1500,1686,SE
1175912.961,X_LEG_2,-0.03,19.32,-132.00,0,1500,1686,SE
1175912.982,X_LEG_2,-0.03,19.32,-132.00,0,1500,1686,SE
1175913.002,X_LEG_2,-0.03,19.32,-132.00,0,1500,1686,SE
1175913.023,X_LEG_2,-0.03,19.32,-132.00,0,1500,1686,SE
1175913.043,X_LEG_2,-0.03,19.32,-132.00,0,1500,1686,SE
1175913.064,X_LEG_2,-0.03,19.32,-132.00,0,1500,1686,SE
1175913.086,X_LEG_2,-0.03,19.32,-132.00,0,1500,1686,SE
1175913.106,X_LEG_2,-0.03,19.32,-132.00,0,1500,1686,SE
1175913.126,X_LEG_2,-0.03,19.32,-132.00,0,1500,1686,SE
1175913.147,X_LEG_2,-0.03,19.32,-132.00,0,1500,1686,SE
1175913.167,X_LEG_2,-0.03,19.32,-132.00,0,1500,1686,SE
1175913.188,X_LEG_2,-0.03,19.32,-132.00,0,1500,1686,SE
1175913.208,X_LEG_2,-0.03,19.32,-132.00,0,1500,1686,SE
1175913.229,X_LEG_2,-0.03,19.32,-132.00,0,1500,1686,SE
1175913.249,X_LEG_2,-0.03,19.32,-132.00,0,1500,1686,SE
1175913.270,X_LEG_2,-0.03,19.32,-132.00,0,1500,1686,SE
1175913.290,X_LEG_2,-0.03,19.32,-132.00,0,1500,1686,SE
1175913.311,X_LEG_2,-0.03,19.32,-132.00,0,1500,1686,SE
1175913.331,X_LEG_2,-0.03,19.32,-132.00,0,1500,1686,SE
1175913.352,X_LEG_2,-0.03,19.32,-132.00,0,1500,1686,SE
1175913.372,X_LEG_2,-0.03,19.32,-132.00,0,1500,1686,SE
1175913.393,X_LEG_2,-0.03,19.32,-132.00,0,1500,1686,SE
1175913.413,X_LEG_2,-0.03,19.32,-132.00,0,1500,1686,SE
1175913.433,X_LEG_2,-0.03,19.32,-132.00,0,1500,1686,SE
1175913.454,X_LEG_2,-0.03,19.32,-132.00,0,1500,1686,SE
1175913.474,X_LEG_2,-0.03,19.32,-132.00,0,1500,1686,SE
1175913.495,X_LEG_2,-0.03,19.32,-132.00,0,1500,1686,SE
1175913.516,X_LEG_2,-0.03,19.32,-132.00,0,1500,1686,SE
1175913.536,X_LEG_2,-0.03,19.32,-132.00,0,1500,1686,SE
1175913.557,X_LEG_2,-0.03,19.32,-132.00,0,1500,1686,SE
1175913.577,X_LEG_2,-0.03,19.32,-132.00,0,1500,1686,SE
1175913.598,X_LEG_2,-0.03,19.32,-132.00,0,1500,1686,SE
1175913.618,X_LEG_2,-0.03,19.32,-132.00,0,1500,1686,SE
1175913.638,X_LEG_2,-0.03,19.32,-132.00,0,1500,1686,SE
1175913.659,X_LEG_2,-0.03,19.32,-132.00,0,1500,1686,SE
1175913.679,X_LEG_2,-0.03,19.32,-132.00,0,1500,1686,SE
1175913.700,X_LEG_2,-0.03,19.32,-132.00,0,1500,1686,SE
1175913.720,X_LEG_2,-0.03,19.32,-132.00,0,1500,1686,SE
1175913.741,X_LEG_2,-0.03,19.32,-132.00,0,1500,1686,SE
1175913.761,X_LEG_2,-0.03,19.32,-132.00,0,1500,1686,SE
1175913.782,X_LEG_2,-0.03,19.32,-132.00,0,1500,1686,SE
1175913.802,X_LEG_2,-0.03,19.32,-132.00,0,1500,1686,SE
1175913.823,X_LEG_2,-0.03,19.32,-132.00,0,1500,1686,SE
1175913.843,X_LEG_2,-0.03,19.32,-132.00,0,1500,1686,SE
1175913.863,X_LEG_2,-0.03,19.32,-132.00,0,1500,1686,SE
1175913.884,X_LEG_2,-0.03,19.32,-132.00,0,1500,1686,SE
1175913.904,X_LEG_2,-0.03,19.32,-132.00,0,1500,1686,SE
1175913.925,X_LEG_2,-0.03,19.32,-132.00,0,1500,1686,SE
1175913.945,X_LEG_2,-0.03,19.32,-132.00,0,1500,1686,SE
1175913.965,X_LEG_2,-0.03,19.32,-132.00,0,1500,1686,SE
1175913.986,X_LEG_2,-0.03,19.32,-132.00,0,1500,1686,SE
1175914.006,X_LEG_2,-0.03,19.32,-132.00,0,1500,1686,SE
1175914.027,X_LEG_2,-0.03,19.32,-132.00,0,1500,1686,SE
1175914.048,X_LEG_2,-0.03,19.32,-132.00,0,1500,1686,SE
1175914.068,X_LEG_2,-0.03,19.32,-132.00,0,1500,1686,SE
1175914.089,X_LEG_2,-0.03,19.32,-132.00,0,1500,1686,SE
1175914.110,X_LEG_2,-0.03,19.32,-132.00,0,1500,1686,SE
1175914.130,X_LEG_2,-0.03,19.32,-132.00,0,1500,1686,SE
1175914.151,X_LEG_2,-0.03,19.32,-132.00,0,1500,1686,SE
1175914.171,X_LEG_2,-0.03,19.32,-132.00,0,1500,1686,SE
1175914.192,X_LEG_2,-0.03,19.32,-132.00,0,1500,1686,SE
1175914.212,X_LEG_2,-0.03,19.32,-132.00,0,1500,1686,SE
1175914.233,X_LEG_2,-0.03,19.32,-132.00,0,1500,1686,SE
1175914.253,X_LEG_2,-0.03,19.32,-132.00,0,1500,1686,SE
1175914.274,X_LEG_2,-0.03,19.32,-132.00,0,1500,1686,SE
1175914.294,X_LEG_2,-0.03,19.32,-132.00,0,1500,1686,SE
1175914.314,X_LEG_2,-0.03,19.32,-132.00,0,1500,1686,SE
1175914.335,X_LEG_2,-0.03,19.32,-132.00,0,1500,1686,SE
1175914.355,X_LEG_2,-0.03,19.32,-132.00,0,1500,1686,SE
1175914.376,X_LEG_2,-0.03,19.32,-132.00,0,1500,1686,SE
1175914.396,X_LEG_2,-0.03,19.32,-132.00,0,1500,1686,SE
1175914.417,X_LEG_2,-0.03,19.32,-132.00,0,1500,1686,SE
1175914.437,X_LEG_2,-0.03,19.32,-132.00,0,1500,1686,SE
1175914.458,X_LEG_2,-0.03,19.32,-132.00,0,1500,1686,SE
1175914.478,X_LEG_2,-0.03,19.32,-132.00,0,1500,1686,SE
1175914.499,X_LEG_2,-0.03,19.32,-132.00,0,1500,1686,SE
1175914.519,X_LEG_2,-0.03,19.32,-132.00,0,1500,1686,SE
1175914.540,X_LEG_2,-0.03,19.32,-132.00,0,1500,1686,SE
1175914.560,X_LEG_2,-0.03,19.32,-132.00,0,1500,1686,SE
1175914.581,X_LEG_2,-0.03,19.32,-132.00,0,1500,1686,SE
1175914.601,X_LEG_2,-0.03,19.32,-132.00,0,1500,1686,SE
1175914.621,X_LEG_2,-0.03,19.32,-132.00,0,1500,1686,SE
1175914.642,X_LEG_2,-0.03,19.32,-132.00,0,1500,1686,SE
1175914.662,X_LEG_2,-0.03,19.32,-132.00,0,1500,1686,SE
1175914.683,X_LEG_2,-0.03,19.32,-132.00,0,1500,1686,SE
1175914.703,X_LEG_2,-0.03,19.32,-132.00,0,1500,1686,SE
1175914.723,X_LEG_2,-0.03,19.32,-132.00,0,1500,1686,SE
1175914.743,X_LEG_2,-0.03,19.32,-132.00,0,1500,1686,SE
1175914.764,X_LEG_2,-0.03,19.32,-132.00,0,1500,1686,SE
1175914.785,X_LEG_2,-0.03,19.32,-132.00,0,1500,1686,SE
1175914.805,X_LEG_2,-0.03,19.32,-132.00,0,1500,1686,SE
1175914.825,X_LEG_2,-0.03,19.32,-132.00,0,1500,1686,SE
1175914.845,X_LEG_2,-0.03,19.32,-132.00,0,1500,1686,SE
1175914.866,X_LEG_2,-0.03,19.32,-132.00,0,1500,1686,SE
1175914.886,X_LEG_2,-0.03,19.32,-132.00,0,1500,1686,SE
1175914.907,X_LEG_2,-0.03,19.32,-132.00,0,1500,1686,SE
1175914.927,X_LEG_2,-0.03,19.32,-132.00,0,1500,1686,SE
1175914.948,X_LEG_2,-0.03,19.32,-132.00,0,1500,1686,SE
1175914.968,X_LEG_2,-0.03,19.32,-132.00,0,1500,1686,SE
1175914.989,X_LEG_2,-0.03,19.32,-132.00,0,1500,1686,SE
1175915.010,X_LEG_2,-0.03,19.32,-132.00,0,1500,1686,SE
1175915.030,X_LEG_2,-0.03,19.32,-132.00,0,1500,1686,SE
1175915.051,X_LEG_2,-0.03,19.32,-132.00,0,1500,1686,SE
1175915.071,X_LEG_2,-0.03,19.32,-132.00,0,1500,1686,SE
1175915.092,X_LEG_2,-0.03,19.32,-132.00,0,1500,1686,SE
1175915.112,X_LEG_2,-0.03,19.32,-132.00,0,1500,1686,SE
1175915.132,X_LEG_2,-0.03,19.32,-132.00,0,1500,1686,SE
1175915.153,X_LEG_2,-0.03,19.32,-132.00,0,1500,1686,SE
1175915.173,X_LEG_2,-0.03,19.32,-132.00,0,1500,1686,SE
1175915.194,X_LEG_2,-0.03,19.32,-132.00,0,1500,1686,SE
1175915.214,X_LEG_2,-0.03,19.32,-132.00,0,1500,1686,SE
1175915.234,X_LEG_2,-0.03,19.32,-132.00,0,1500,1686,SE
1175915.255,X_LEG_2,-0.03,19.32,-132.00,0,1500,1686,SE
1175915.275,X_LEG_2,-0.03,19.32,-132.00,0,1500,1686,SE
1175915.296,X_LEG_2,-0.03,19.32,-132.00,0,1500,1686,SE
1175915.316,X_LEG_2,-0.03,19.32,-132.00,0,1500,1686,SE
1175915.337,X_LEG_2,-0.03,19.32,-132.00,0,1500,1686,SE
1175915.357,X_LEG_2,-0.03,19.32,-132.00,0,1500,1686,SE
1175915.378,X_LEG_2,-0.03,19.32,-132.00,0,1500,1686,SE
1175915.399,X_LEG_2,-0.03,19.32,-132.00,0,1500,1686,SE
1175915.419,X_LEG_2,-0.03,19.32,-132.00,0,1500,1686,SE
1175915.439,X_LEG_2,-0.03,19.32,-132.00,0,1500,1686,SE
1175915.460,X_LEG_2,-0.03,19.32,-132.00,0,1500,1686,SE
1175915.480,X_LEG_2,-0.03,19.32,-132.00,0,1500,1686,SE
1175915.501,X_LEG_2,-0.03,19.32,-132.00,0,1500,1686,SE
1175915.521,X_LEG_2,-0.03,19.32,-132.00,0,1500,1686,SE
1175915.542,X_LEG_2,-0.03,19.32,-132.00,0,1500,1686,SE
1175915.564,X_LEG_2,-0.03,19.32,-132.00,0,1500,1686,SE
1175915.585,X_LEG_2,-0.03,19.32,-132.00,0,1500,1686,SE
1175915.605,X_LEG_2,-0.03,19.32,-132.00,0,1500,1686,SE
1175915.625,X_LEG_2,-0.03,19.32,-132.00,0,1500,1686,SE
1175915.646,X_LEG_2,-0.03,19.32,-132.00,0,1500,1686,SE
1175915.666,X_LEG_2,-0.03,19.32,-132.00,0,1500,1686,SE
1175915.687,X_LEG_2,-0.03,19.32,-132.00,0,1500,1686,SE
1175915.707,X_LEG_2,-0.03,19.32,-132.00,0,1500,1686,SE
1175915.728,X_LEG_2,-0.03,19.32,-132.00,0,1500,1686,SE
1175915.748,X_LEG_2,-0.03,19.32,-132.00,0,1500,1686,SE
1175915.769,X_LEG_2,-0.03,19.32,-132.00,0,1500,1686,SE
1175915.789,X_LEG_2,-0.03,19.32,-132.00,0,1500,1686,SE
1175915.810,X_LEG_2,-0.03,19.32,-132.00,0,1500,1686,SE
1175915.830,X_LEG_2,-0.03,19.32,-132.00,0,1500,1686,SE
1175915.851,X_LEG_2,-0.03,19.32,-132.00,0,1500,1686,SE
1175915.871,X_LEG_2,-0.03,19.32,-132.00,0,1500,1686,SE
1175915.892,X_LEG_2,-0.03,19.32,-132.00,0,1500,1686,SE
1175915.912,X_LEG_2,-0.03,19.32,-132.00,0,1500,1686,SE
1175915.933,X_LEG_2,-0.03,19.32,-132.00,0,1500,1686,SE
1175915.953,X_LEG_2,-0.03,19.32,-132.00,0,1500,1686,SE
1175915.974,X_LEG_2,-0.03,19.32,-132.00,0,1500,1686,SE
1175915.994,X_LEG_2,-0.03,19.32,-132.00,0,1500,1686,SE
1175916.014,X_LEG_2,-0.03,19.32,-132.00,0,1500,1686,SE
1175916.035,X_LEG_2,-0.03,19.32,-132.00,0,1500,1686,SE
1175916.055,X_LEG_2,-0.03,19.32,-132.00,0,1500,1686,SE
1175916.076,X_LEG_2,-0.03,19.32,-132.00,0,1500,1686,SE
1175916.096,X_LEG_2,-0.03,19.32,-132.00,0,1500,1686,SE
1175916.117,X_LEG_2,-0.03,19.32,-132.00,0,1500,1686,SE
1175916.138,X_LEG_2,-0.03,19.32,-132.00,0,1500,1686,SE
1175916.158,X_LEG_2,-0.03,19.32,-132.00,0,1500,1686,SE
1175916.179,X_LEG_2,-0.03,19.32,-132.00,0,1500,1686,SE
1175916.199,X_LEG_2,-0.03,19.32,-132.00,0,1500,1686,SE
1175916.220,X_LEG_2,-0.03,19.32,-132.00,0,1500,1686,SE
1175916.240,X_LEG_2,-0.03,19.32,-132.00,0,1500,1686,SE
1175916.261,X_LEG_2,-0.03,19.32,-132.00,0,1500,1686,SE
1175916.282,X_LEG_2,-0.03,19.32,-132.00,0,1500,1686,SE
1175916.303,X_LEG_2,-0.03,19.32,-132.00,0,1500,1686,SE
1175916.323,X_LEG_2,-0.03,19.32,-132.00,0,1500,1686,SE
1175916.344,X_LEG_2,-0.03,19.32,-132.00,0,1500,1686,SE
1175916.364,X_LEG_2,-0.03,19.32,-132.00,0,1500,1686,SE
1175916.385,X_LEG_2,-0.03,19.32,-132.00,0,1500,1686,SE
1175916.405,X_LEG_2,-0.03,19.32,-132.00,0,1500,1686,SE
1175916.426,X_LEG_2,-0.03,19.32,-132.00,0,1500,1686,SE
1175916.446,X_LEG_2,-0.03,19.32,-132.00,0,1500,1686,SE
1175916.467,X_LEG_2,-0.03,19.32,-132.00,0,1500,1686,SE
1175916.487,X_LEG_2,-0.03,19.32,-132.00,0,1500,1686,SE
1175916.508,X_LEG_2,-0.03,19.32,-132.00,0,1500,1686,SE
1175916.528,X_LEG_2,-0.03,19.32,-132.00,0,1500,1686,SE
1175916.549,X_LEG_2,-0.03,19.32,-132.00,0,1500,1686,SE
1175916.569,X_LEG_2,-0.03,19.32,-132.00,0,1500,1686,SE
1175916.590,X_LEG_2,-0.03,19.32,-132.00,0,1500,1686,SE
1175916.611,X_LEG_2,-0.03,19.32,-132.00,0,1500,1686,SE
1175916.631,X_LEG_2,-0.03,19.32,-132.00,0,1500,1686,SE
1175916.652,X_LEG_2,-0.03,19.32,-132.00,0,1500,1686,SE
1175916.672,X_LEG_2,-0.03,19.32,-132.00,0,1500,1686,SE
1175916.693,X_LEG_2,-0.03,19.32,-132.00,0,1500,1686,SE
1175916.713,X_LEG_2,-0.03,19.32,-132.00,0,1500,1686,SE
1175916.734,X_LEG_2,-0.03,19.32,-132.00,0,1500,1686,SE
1175916.754,X_LEG_2,-0.03,19.32,-132.00,0,1500,1686,SE
1175916.774,X_LEG_2,-0.03,19.32,-132.00,0,1500,1686,SE
1175916.795,X_LEG_2,-0.03,19.32,-132.00,0,1500,1686,SE
1175916.815,X_LEG_2,-0.03,19.32,-132.00,0,1500,1686,SE
1175916.836,X_LEG_2,-0.03,19.32,-132.00,0,1500,1686,SE
1175916.856,X_LEG_2,-0.03,19.32,-132.00,0,1500,1686,SE
1175916.877,X_LEG_2,-0.03,19.32,-132.00,0,1500,1686,SE
1175916.897,X_LEG_2,-0.03,19.32,-132.00,0,1500,1686,SE
1175916.917,X_LEG_2,-0.03,19.32,-132.00,0,1500,1686,SE
1175916.938,X_LEG_2,-0.03,19.32,-132.00,0,1500,1686,SE
1175916.959,X_LEG_2,-0.03,19.32,-132.00,0,1500,1686,SE
1175916.979,X_LEG_2,-0.03,19.32,-132.00,0,1500,1686,SE
1175917.000,X_LEG_2,-0.03,19.32,-132.00,0,1500,1686,SE
1175917.020,X_LEG_2,-0.03,19.32,-132.00,0,1500,1686,SE
1175917.040,X_LEG_2,-0.03,19.32,-132.00,0,1500,1686,SE
1175917.061,X_LEG_2,-0.03,19.32,-132.00,0,1500,1686,SE
1175917.081,X_LEG_2,-0.03,19.32,-132.00,0,1500,1686,SE
1175917.102,X_LEG_2,-0.03,19.32,-132.00,0,1500,1686,SE
1175917.122,X_LEG_2,-0.03,19.32,-132.00,0,1500,1686,SE
1175917.143,X_LEG_2,-0.03,19.32,-132.00,0,1500,1686,SE
1175917.163,X_LEG_2,-0.03,19.32,-132.00,0,1500,1686,SE
1175917.184,X_LEG_2,-0.03,19.32,-132.00,0,1500,1686,SE
1175917.204,X_LEG_2,-0.03,19.32,-132.00,0,1500,1686,SE
1175917.225,X_LEG_2,-0.03,19.32,-132.00,0,1500,1686,SE
1175917.245,X_LEG_2,-0.03,19.32,-132.00,0,1500,1686,SE
1175917.266,X_LEG_2,-0.03,19.32,-132.00,0,1500,1686,SE
1175917.286,X_LEG_2,-0.03,19.32,-132.00,0,1500,1686,SE
1175917.307,X_LEG_2,-0.03,19.32,-132.00,0,1500,1686,SE
1175917.328,X_LEG_2,-0.03,19.32,-132.00,0,1500,1686,SE
1175917.348,X_LEG_2,-0.03,19.32,-132.00,0,1500,1686,SE
1175917.368,X_LEG_2,-0.03,19.32,-132.00,0,1500,1686,SE
1175917.389,X_LEG_2,-0.03,19.32,-132.00,0,1500,1686,SE
1175917.409,X_LEG_2,-0.03,19.32,-132.00,0,1500,1686,SE
1175917.430,X_LEG_2,-0.03,19.32,-132.00,0,1500,1686,SE
1175917.450,X_LEG_2,-0.03,19.32,-132.00,0,1500,1686,SE
1175917.471,X_LEG_2,-0.03,19.32,-132.00,0,1500,1686,SE
1175917.491,X_LEG_2,-0.03,19.32,-132.00,0,1500,1686,SE
1175917.512,X_LEG_2,-0.03,19.32,-132.00,0,1500,1686,SE
1175917.533,X_LEG_2,-0.03,19.32,-132.00,0,1500,1686,SE
1175917.553,X_LEG_2,-0.03,19.32,-132.00,0,1500,1686,SE
1175917.574,X_LEG_2,-0.03,19.32,-132.00,0,1500,1686,SE
1175917.595,X_LEG_2,-0.03,19.32,-132.00,0,1500,1686,SE
1175917.615,X_LEG_2,-0.03,19.32,-132.00,0,1500,1686,SE
1175917.636,X_LEG_2,-0.03,19.32,-132.00,0,1500,1686,SE
1175917.656,X_LEG_2,-0.03,19.32,-132.00,0,1500,1686,SE
1175917.677,X_LEG_2,-0.03,19.32,-132.00,0,1500,1686,SE
1175917.697,X_LEG_2,-0.03,19.32,-132.00,0,1500,1686,SE
1175917.717,X_LEG_2,-0.03,19.32,-132.00,0,1500,1686,SE
1175917.738,X_LEG_2,-0.03,19.32,-132.00,0,1500,1686,SE
1175917.758,X_LEG_2,-0.03,19.32,-132.00,0,1500,1686,SE
1175917.779,X_LEG_2,-0.03,19.32,-132.00,0,1500,1686,SE
1175917.799,X_LEG_2,-0.03,19.32,-132.00,0,1500,1686,SE
1175917.820,X_LEG_2,-0.03,19.32,-132.00,0,1500,1686,SE
1175917.840,X_LEG_2,-0.03,19.32,-132.00,0,1500,1686,SE
1175917.861,X_LEG_2,-0.03,19.32,-132.00,0,1500,1686,SE
1175917.881,X_LEG_2,-0.03,19.32,-132.00,0,1500,1686,SE
1175917.902,X_LEG_2,-0.03,19.32,-132.00,0,1500,1686,SE
1175917.922,X_LEG_2,-0.03,19.32,-132.00,0,1500,1686,SE
1175917.943,X_LEG_2,-0.03,19.32,-132.00,0,1500,1686,SE
1175917.963,X_LEG_2,-0.03,19.32,-132.00,0,1500,1686,SE
1175917.984,X_LEG_2,-0.03,19.32,-132.00,0,1500,1686,SE
1175918.005,X_LEG_2,-0.03,19.32,-132.00,0,1500,1686,SE
1175918.025,X_LEG_2,-0.03,19.32,-132.00,0,1500,1686,SE
1175918.046,X_LEG_2,-0.03,19.32,-132.00,0,1500,1686,SE
1175918.066,X_LEG_2,-0.03,19.32,-132.00,0,1500,1686,SE
1175918.087,X_LEG_2,-0.03,19.32,-132.00,0,1500,1686,SE
1175918.107,X_LEG_2,-0.03,19.32,-132.00,0,1500,1686,SE
1175918.128,X_LEG_2,-0.03,19.32,-132.00,0,1500,1686,SE
1175918.148,X_LEG_2,-0.03,19.32,-132.00,0,1500,1686,SE
1175918.169,X_LEG_2,-0.03,19.32,-132.00,0,1500,1686,SE
1175918.189,X_LEG_2,-0.03,19.32,-132.00,0,1500,1686,SE
1175918.210,X_LEG_2,-0.03,19.32,-132.00,0,1500,1686,SE
1175918.230,X_LEG_2,-0.03,19.32,-132.00,0,1500,1686,SE
1175918.251,X_LEG_2,-0.03,19.32,-132.00,0,1500,1686,SE
1175918.271,X_LEG_2,-0.03,19.32,-132.00,0,1500,1686,SE
1175918.292,X_LEG_2,-0.03,19.32,-132.00,0,1500,1686,SE
1175918.312,X_LEG_2,-0.03,19.32,-132.00,0,1500,1686,SE
1175918.333,X_LEG_2,-0.03,19.32,-132.00,0,1500,1686,SE
1175918.353,X_LEG_2,-0.03,19.32,-132.00,0,1500,1686,SE
1175918.374,X_LEG_2,-0.03,19.32,-132.00,0,1500,1686,SE
1175918.394,X_LEG_2,-0.03,19.32,-132.00,0,1500,1686,SE
1175918.415,X_LEG_2,-0.03,19.32,-132.00,0,1500,1686,SE
1175918.435,X_LEG_2,-0.03,19.32,-132.00,0,1500,1686,SE
1175918.456,X_LEG_2,-0.03,19.32,-132.00,0,1500,1686,SE
1175918.476,X_LEG_2,-0.03,19.32,-132.00,0,1500,1686,SE
1175918.497,X_LEG_2,-0.03,19.32,-132.00,0,1500,1686,SE
1175918.518,X_LEG_2,-0.03,19.32,-132.00,0,1500,1686,SE
1175918.538,X_LEG_2,-0.03,19.32,-132.00,0,1500,1686,SE
1175918.559,X_LEG_2,-0.03,19.32,-132.00,0,1500,1686,SE
1175918.580,X_LEG_2,-0.03,19.32,-132.00,0,1500,1686,SE
1175918.601,X_LEG_2,-0.03,19.32,-132.00,0,1500,1686,SE
1175918.621,X_LEG_2,-0.03,19.32,-132.00,0,1500,1686,SE
1175918.642,X_LEG_2,-0.03,19.32,-132.00,0,1500,1686,SE
1175918.662,X_LEG_2,-0.03,19.32,-132.00,0,1500,1686,SE
1175918.683,X_LEG_2,-0.03,19.32,-132.00,0,1500,1686,SE
1175918.703,X_LEG_2,-0.03,19.32,-132.00,0,1500,1686,SE
1175918.724,X_LEG_2,-0.03,19.32,-132.00,0,1500,1686,SE
1175918.745,X_LEG_2,-0.03,19.32,-132.00,0,1500,1686,SE
1175918.765,X_LEG_2,-0.03,19.32,-132.00,0,1500,1686,SE
1175918.786,X_LEG_2,-0.03,19.32,-132.00,0,1500,1686,SE
1175918.806,X_LEG_2,-0.03,19.32,-132.00,0,1500,1686,SE
1175918.827,X_LEG_2,-0.03,19.32,-132.00,0,1500,1686,SE
1175918.847,X_LEG_2,-0.03,19.32,-132.00,0,1500,1686,SE
1175918.868,X_LEG_2,-0.03,19.32,-132.00,0,1500,1686,SE
1175918.888,X_LEG_2,-0.03,19.32,-132.00,0,1500,1686,SE
1175918.909,X_LEG_2,-0.03,19.32,-132.00,0,1500,1686,SE
1175918.929,X_LEG_2,-0.03,19.32,-132.00,0,1500,1686,SE
1175918.950,X_LEG_2,-0.03,19.32,-132.00,0,1500,1686,SE
1175918.971,X_LEG_2,-0.03,19.32,-132.00,0,1500,1686,SE
1175918.991,X_LEG_2,-0.03,19.32,-132.00,0,1500,1686,SE
1175919.012,X_LEG_2,-0.03,19.32,-132.00,0,1500,1686,SE
1175919.033,X_LEG_2,-0.03,19.32,-132.00,0,1500,1686,SE
1175919.053,X_LEG_2,-0.03,19.32,-132.00,0,1500,1686,SE
1175919.074,X_LEG_2,-0.03,19.32,-132.00,0,1500,1686,SE
1175919.094,X_LEG_2,-0.03,19.32,-132.00,0,1500,1686,SE
1175919.114,X_LEG_2,-0.03,19.32,-132.00,0,1500,1686,SE
1175919.135,X_LEG_2,-0.03,19.32,-132.00,0,1500,1686,SE
1175919.155,X_LEG_2,-0.03,19.32,-132.00,0,1500,1686,SE
1175919.176,X_LEG_2,-0.03,19.32,-132.00,0,1500,1686,SE
1175919.196,X_LEG_2,-0.03,19.32,-132.00,0,1500,1686,SE
1175919.216,X_LEG_2,-0.03,19.32,-132.00,0,1500,1686,SE
1175919.237,X_LEG_2,-0.03,19.32,-132.00,0,1500,1686,SE
1175919.258,X_LEG_2,-0.03,19.32,-132.00,0,1500,1686,SE
1175919.278,X_LEG_2,-0.03,19.32,-132.00,0,1500,1686,SE
1175919.298,X_LEG_2,-0.03,19.32,-132.00,0,1500,1686,SE
1175919.319,X_LEG_2,-0.03,19.32,-132.00,0,1500,1686,SE
1175919.339,X_LEG_2,-0.03,19.32,-132.00,0,1500,1686,SE
1175919.360,X_LEG_2,-0.03,19.32,-132.00,0,1500,1686,SE
1175919.381,X_LEG_2,-0.03,19.32,-132.00,0,1500,1686,SE
1175919.401,X_LEG_2,-0.03,19.32,-132.00,0,1500,1686,SE
1175919.422,X_LEG_2,-0.03,19.32,-132.00,0,1500,1686,SE
1175919.442,X_LEG_2,-0.03,19.32,-132.00,0,1500,1686,SE
1175919.462,X_LEG_2,-0.03,19.32,-132.00,0,1500,1686,SE
1175919.483,X_LEG_2,-0.03,19.32,-132.00,0,1500,1686,SE
1175919.503,X_LEG_2,-0.03,19.32,-132.00,0,1500,1686,SE
1175919.524,X_LEG_2,-0.03,19.32,-132.00,0,1500,1686,SE
1175919.544,X_LEG_2,-0.03,19.32,-132.00,0,1500,1686,SE
1175919.564,X_LEG_2,-0.03,19.32,-132.00,0,1500,1686,SE
1175919.584,X_LEG_2,-0.03,19.32,-132.00,0,1500,1686,SE
1175919.605,X_LEG_2,-0.03,19.32,-132.00,0,1500,1686,SE
1175919.626,X_LEG_2,-0.03,19.32,-132.00,0,1500,1686,SE
1175919.646,X_LEG_2,-0.03,19.32,-132.00,0,1500,1686,SE
1175919.666,X_LEG_2,-0.03,19.32,-132.00,0,1500,1686,SE
1175919.687,X_LEG_2,-0.03,19.32,-132.00,0,1500,1686,SE
1175919.708,X_LEG_2,-0.03,19.32,-132.00,0,1500,1686,SE
1175919.728,X_LEG_2,-0.03,19.32,-132.00,0,1500,1686,SE
1175919.748,X_LEG_2,-0.03,19.32,-132.00,0,1500,1686,SE
1175919.769,X_LEG_2,-0.03,19.32,-132.00,0,1500,1686,SE
1175919.789,X_LEG_2,-0.03,19.32,-132.00,0,1500,1686,SE
1175919.810,X_LEG_2,-0.03,19.32,-132.00,0,1500,1686,SE
1175919.831,X_LEG_2,-0.03,19.32,-132.00,0,1500,1686,SE
1175919.851,X_LEG_2,-0.03,19.32,-132.00,0,1500,1686,SE
1175919.872,X_LEG_2,-0.03,19.32,-132.00,0,1500,1686,SE
1175919.892,X_LEG_2,-0.03,19.32,-132.00,0,1500,1686,SE
1175919.912,X_LEG_2,-0.03,19.32,-132.00,0,1500,1686,SE
1175919.933,X_LEG_2,-0.03,19.32,-132.00,0,1500,1686,SE
1175919.953,X_LEG_2,-0.03,19.32,-132.00,0,1500,1686,SE
1175919.974,X_LEG_2,-0.03,19.32,-132.00,0,1500,1686,SE
1175919.994,X_LEG_2,-0.03,19.32,-132.00,0,1500,1686,SE
1175920.015,X_LEG_2,-0.03,19.32,-132.00,0,1500,1686,SE
1175920.035,X_LEG_2,-0.03,19.32,-132.00,0,1500,1686,SE
1175920.055,X_LEG_2,-0.03,19.32,-132.00,0,1500,1686,SE
1175920.076,X_LEG_2,-0.03,19.32,-132.00,0,1500,1686,SE
1175920.096,X_LEG_2,-0.03,19.32,-132.00,0,1500,1686,SE
1175920.117,X_LEG_2,-0.03,19.32,-132.00,0,1500,1686,SE
1175920.139,X_LEG_2,-0.03,19.32,-132.00,0,1500,1686,SE
1175920.159,X_LEG_2,-0.03,19.32,-132.00,0,1500,1686,SE
1175920.180,X_LEG_2,-0.03,19.32,-132.00,0,1500,1686,SE
1175920.200,X_LEG_2,-0.03,19.32,-132.00,0,1500,1686,SE
1175920.221,X_LEG_2,-0.03,19.32,-132.00,0,1500,1686,SE
1175920.242,X_LEG_2,-0.03,19.32,-132.00,0,1500,1686,SE
1175920.263,X_LEG_2,-0.03,19.32,-132.00,0,1500,1686,SE
1175920.283,X_LEG_2,-0.03,19.32,-132.00,0,1500,1686,SE
1175920.304,X_LEG_2,-0.03,19.32,-132.00,0,1500,1686,SE
1175920.325,X_LEG_2,-0.03,19.32,-132.00,0,1500,1686,SE
1175920.345,X_LEG_2,-0.03,19.32,-132.00,0,1500,1686,SE
1175920.366,X_LEG_2,-0.03,19.32,-132.00,0,1500,1686,SE
1175920.386,X_LEG_2,-0.03,19.32,-132.00,0,1500,1686,SE
1175920.407,X_LEG_2,-0.03,19.32,-132.00,0,1500,1686,SE
1175920.427,X_LEG_2,-0.03,19.32,-132.00,0,1500,1686,SE
1175920.447,X_LEG_2,-0.03,19.32,-132.00,0,1500,1686,SE
1175920.468,X_LEG_2,-0.03,19.32,-132.00,0,1500,1686,SE
1175920.488,X_LEG_2,-0.03,19.32,-132.00,0,1500,1686,SE
1175920.508,X_LEG_2,-0.03,19.32,-132.00,0,1500,1686,SE
1175920.529,X_LEG_2,-0.03,19.32,-132.00,0,1500,1686,SE
1175920.549,X_LEG_2,-0.03,19.32,-132.00,0,1500,1686,SE
1175920.570,X_LEG_2,-0.03,19.32,-132.00,0,1500,1686,SE
1175920.590,X_LEG_2,-0.03,19.32,-132.00,0,1500,1686,SE
1175920.611,X_LEG_2,-0.03,19.32,-132.00,0,1500,1686,SE
1175920.631,X_LEG_2,-0.03,19.32,-132.00,0,1500,1686,SE
1175920.652,X_LEG_2,-0.03,19.32,-132.00,0,1500,1686,SE
1175920.672,X_LEG_2,-0.03,19.32,-132.00,0,1500,1686,SE
1175920.693,X_LEG_2,-0.03,19.32,-132.00,0,1500,1686,SE
1175920.713,X_LEG_2,-0.03,19.32,-132.00,0,1500,1686,SE
1175920.734,X_LEG_2,-0.03,19.32,-132.00,0,1500,1686,SE
1175920.754,X_LEG_2,-0.03,19.32,-132.00,0,1500,1686,SE
1175920.774,X_LEG_2,-0.03,19.32,-132.00,0,1500,1686,SE
1175920.795,X_LEG_2,-0.03,19.32,-132.00,0,1500,1686,SE
1175920.815,X_LEG_2,-0.03,19.32,-132.00,0,1500,1686,SE
1175920.836,X_LEG_2,-0.03,19.32,-132.00,0,1500,1686,SE
1175920.856,X_LEG_2,-0.03,19.32,-132.00,0,1500,1686,SE
1175920.877,X_LEG_2,-0.03,19.32,-132.00,0,1500,1686,SE
1175920.897,X_LEG_2,-0.03,19.32,-132.00,0,1500,1686,SE
1175920.919,X_LEG_2,-0.03,19.32,-132.00,0,1500,1686,SE
1175920.939,X_LEG_2,-0.03,19.32,-132.00,0,1500,1686,SE
1175920.959,X_LEG_2,-0.03,19.32,-132.00,0,1500,1686,SE
1175920.980,X_LEG_2,-0.03,19.32,-132.00,0,1500,1686,SE
1175921.001,X_LEG_2,-0.03,19.32,-132.00,0,1500,1686,SE
1175921.021,X_LEG_2,-0.03,19.32,-132.00,0,1500,1686,SE
1175921.043,X_LEG_2,-0.03,19.32,-132.00,0,1500,1686,SE
1175921.063,X_LEG_2,-0.03,19.32,-132.00,0,1500,1686,SE
1175921.083,X_LEG_2,-0.03,19.32,-132.00,0,1500,1686,SE
1175921.104,X_LEG_2,-0.03,19.32,-132.00,0,1500,1686,SE
1175921.125,X_LEG_2,-0.03,19.32,-132.00,0,1500,1686,SE
1175921.146,X_LEG_2,-0.03,19.32,-132.00,0,1500,1686,SE
1175921.167,X_LEG_2,-0.03,19.32,-132.00,0,1500,1686,SE
1175921.187,X_LEG_2,-0.03,19.32,-132.00,0,1500,1686,SE
1175921.208,X_LEG_2,-0.03,19.32,-132.00,0,1500,1686,SE
1175921.228,X_LEG_2,-0.03,19.32,-132.00,0,1500,1686,SE
1175921.248,X_LEG_2,-0.03,19.32,-132.00,0,1500,1686,SE
1175921.269,X_LEG_2,-0.03,19.32,-132.00,0,1500,1686,SE
1175921.289,X_LEG_2,-0.03,19.32,-132.00,0,1500,1686,SE
1175921.309,X_LEG_2,-0.03,19.32,-132.00,0,1500,1686,SE
1175921.330,X_LEG_2,-0.03,19.32,-132.00,0,1500,1686,SE
1175921.350,X_LEG_2,-0.03,19.32,-132.00,0,1500,1686,SE
1175921.371,X_LEG_2,-0.03,19.32,-132.00,0,1500,1686,SE
1175921.391,X_LEG_2,-0.03,19.32,-132.00,0,1500,1686,SE
1175921.412,X_LEG_2,-0.03,19.32,-132.00,0,1500,1686,SE
1175921.432,X_LEG_2,-0.03,19.32,-132.00,0,1500,1686,SE
1175921.453,X_LEG_2,-0.03,19.32,-132.00,0,1500,1686,SE
1175921.473,X_LEG_2,-0.03,19.32,-132.00,0,1500,1686,SE
1175921.493,X_LEG_2,-0.03,19.32,-132.00,0,1500,1686,SE
1175921.514,X_LEG_2,-0.03,19.32,-132.00,0,1500,1686,SE
1175921.534,X_LEG_2,-0.03,19.32,-132.00,0,1500,1686,SE
1175921.555,X_LEG_2,-0.03,19.32,-132.00,0,1500,1686,SE
1175921.575,X_LEG_2,-0.03,19.32,-132.00,0,1500,1686,SE
1175921.596,X_LEG_2,-0.03,19.32,-132.00,0,1500,1686,SE
1175921.616,X_LEG_2,-0.03,19.32,-132.00,0,1500,1686,SE
1175921.637,X_LEG_2,-0.03,19.32,-132.00,0,1500,1686,SE
1175921.657,X_LEG_2,-0.03,19.32,-132.00,0,1500,1686,SE
1175921.677,X_LEG_2,-0.03,19.32,-132.00,0,1500,1686,SE
1175921.698,X_LEG_2,-0.03,19.32,-132.00,0,1500,1686,SE
1175921.718,X_LEG_2,-0.03,19.32,-132.00,0,1500,1686,SE
1175921.739,X_LEG_2,-0.03,19.32,-132.00,0,1500,1686,SE
1175921.759,X_LEG_2,-0.03,19.32,-132.00,0,1500,1686,SE
1175921.780,X_LEG_2,-0.03,19.32,-132.00,0,1500,1686,SE
1175921.800,X_LEG_2,-0.03,19.32,-132.00,0,1500,1686,SE
1175921.820,X_LEG_2,-0.03,19.32,-132.00,0,1500,1686,SE
1175921.841,X_LEG_2,-0.03,19.32,-132.00,0,1500,1686,SE
1175921.861,X_LEG_2,-0.03,19.32,-132.00,0,1500,1686,SE
1175921.882,X_LEG_2,-0.03,19.32,-132.00,0,1500,1686,SE
1175921.902,X_LEG_2,-0.03,19.32,-132.00,0,1500,1686,SE
1175921.923,X_LEG_2,-0.03,19.32,-132.00,0,1500,1686,SE
1175921.943,X_LEG_2,-0.03,19.32,-132.00,0,1500,1686,SE
1175921.964,X_LEG_2,-0.03,19.32,-132.00,0,1500,1686,SE
1175921.984,X_LEG_2,-0.03,19.32,-132.00,0,1500,1686,SE
1175922.004,X_LEG_2,-0.03,19.32,-132.00,0,1500,1686,SE
1175922.025,X_LEG_2,-0.03,19.32,-132.00,0,1500,1686,SE
1175922.045,X_LEG_2,-0.03,19.32,-132.00,0,1500,1686,SE
1175922.066,X_LEG_2,-0.03,19.32,-132.00,0,1500,1686,SE
1175922.086,X_LEG_2,-0.03,19.32,-132.00,0,1500,1686,SE
1175922.107,X_LEG_2,-0.03,19.32,-132.00,0,1500,1686,SE
1175922.128,X_LEG_2,-0.03,19.32,-132.00,0,1500,1686,SE
1175922.148,X_LEG_2,-0.03,19.32,-132.00,0,1500,1686,SE
1175922.169,X_LEG_2,-0.03,19.32,-132.00,0,1500,1686,SE
1175922.189,X_LEG_2,-0.03,19.32,-132.00,0,1500,1686,SE
1175922.209,X_LEG_2,-0.03,19.32,-132.00,0,1500,1686,SE
1175922.230,X_LEG_2,-0.03,19.32,-132.00,0,1500,1686,SE
1175922.250,X_LEG_2,-0.03,19.32,-132.00,0,1500,1686,SE
1175922.271,X_LEG_2,-0.03,19.32,-132.00,0,1500,1686,SE
1175922.291,X_LEG_2,-0.03,19.32,-132.00,0,1500,1686,SE
1175922.312,X_LEG_2,-0.03,19.32,-132.00,0,1500,1686,SE
1175922.332,X_LEG_2,-0.03,19.32,-132.00,0,1500,1686,SE
1175922.353,X_LEG_2,-0.03,19.32,-132.00,0,1500,1686,SE
1175922.373,X_LEG_2,-0.03,19.32,-132.00,0,1500,1686,SE
1175922.393,X_LEG_2,-0.03,19.32,-132.00,0,1500,1686,SE
1175922.414,X_LEG_2,-0.03,19.32,-132.00,0,1500,1686,SE
1175922.434,X_LEG_2,-0.03,19.32,-132.00,0,1500,1686,SE
1175922.455,X_LEG_2,-0.03,19.32,-132.00,0,1500,1686,SE
1175922.475,X_LEG_2,-0.03,19.32,-132.00,0,1500,1686,SE
1175922.497,X_LEG_2,-0.03,19.32,-132.00,0,1500,1686,SE
1175922.517,X_LEG_2,-0.03,19.32,-132.00,0,1500,1686,SE
1175922.537,X_LEG_2,-0.03,19.32,-132.00,0,1500,1686,SE
1175922.558,X_LEG_2,-0.03,19.32,-132.00,0,1500,1686,SE
1175922.578,X_LEG_2,-0.03,19.32,-132.00,0,1500,1686,SE
1175922.598,X_LEG_2,-0.03,19.32,-132.00,0,1500,1686,SE
1175922.619,X_LEG_2,-0.03,19.32,-132.00,0,1500,1686,SE
1175922.639,X_LEG_2,-0.03,19.32,-132.00,0,1500,1686,SE
1175922.660,X_LEG_2,-0.03,19.32,-132.00,0,1500,1686,SE
1175922.680,X_LEG_2,-0.03,19.32,-132.00,0,1500,1686,SE
1175922.701,X_LEG_2,-0.03,19.32,-132.00,0,1500,1686,SE
1175922.721,X_LEG_2,-0.03,19.32,-132.00,0,1500,1686,SE
1175922.742,X_LEG_2,-0.03,19.32,-132.00,0,1500,1686,SE
1175922.763,X_LEG_2,-0.03,19.32,-132.00,0,1500,1686,SE
1175922.783,X_LEG_2,-0.03,19.32,-132.00,0,1500,1686,SE
1175922.804,X_LEG_2,-0.03,19.32,-132.00,0,1500,1686,SE
1175922.825,X_LEG_2,-0.03,19.32,-132.00,0,1500,1686,SE
1175922.846,X_LEG_2,-0.03,19.32,-132.00,0,1500,1686,SE
1175922.866,X_LEG_2,-0.03,19.32,-132.00,0,1500,1686,SE
1175922.887,X_LEG_2,-0.03,19.32,-132.00,0,1500,1686,SE
1175922.908,X_LEG_2,-0.03,19.32,-132.00,0,1500,1686,SE
1175922.928,X_LEG_2,-0.03,19.32,-132.00,0,1500,1686,SE
1175922.949,X_LEG_2,-0.03,19.32,-132.00,0,1500,1686,SE
1175922.969,X_LEG_2,-0.03,19.32,-132.00,0,1500,1686,SE
1175922.990,X_LEG_2,-0.03,19.32,-132.00,0,1500,1686,SE
1175923.010,X_LEG_2,-0.03,19.32,-132.00,0,1500,1686,SE
1175923.031,X_LEG_2,-0.03,19.32,-132.00,0,1500,1686,SE
1175923.051,X_LEG_2,-0.03,19.32,-132.00,0,1500,1686,SE
1175923.071,X_LEG_2,-0.03,19.32,-132.00,0,1500,1686,SE
1175923.092,X_LEG_2,-0.03,19.32,-132.00,0,1500,1686,SE
1175923.112,X_LEG_2,-0.03,19.32,-132.00,0,1500,1686,SE
1175923.132,X_LEG_2,-0.03,19.32,-132.00,0,1500,1686,SE
1175923.153,X_LEG_2,-0.03,19.32,-132.00,0,1500,1686,SE
1175923.173,X_LEG_2,-0.03,19.32,-132.00,0,1500,1686,SE
1175923.194,X_LEG_2,-0.03,19.32,-132.00,0,1500,1686,SE
1175923.215,X_LEG_2,-0.03,19.32,-132.00,0,1500,1686,SE
1175923.236,X_LEG_2,-0.03,19.32,-132.00,0,1500,1686,SE
1175923.256,X_LEG_2,-0.03,19.32,-132.00,0,1500,1686,SE
1175923.276,X_LEG_2,-0.03,19.32,-132.00,0,1500,1686,SE
1175923.296,X_LEG_2,-0.03,19.32,-132.00,0,1500,1686,SE
1175923.317,X_LEG_2,-0.03,19.32,-132.00,0,1500,1686,SE
1175923.337,X_LEG_2,-0.03,19.32,-132.00,0,1500,1686,SE
1175923.357,X_LEG_2,-0.03,19.32,-132.00,0,1500,1686,SE
1175923.378,X_LEG_2,-0.03,19.32,-132.00,0,1500,1686,SE
1175923.398,X_LEG_2,-0.03,19.32,-132.00,0,1500,1686,SE
1175923.419,X_LEG_2,-0.03,19.32,-132.00,0,1500,1686,SE
1175923.440,X_LEG_2,-0.03,19.32,-132.00,0,1500,1686,SE
1175923.460,X_LEG_2,-0.03,19.32,-132.00,0,1500,1686,SE
1175923.480,X_LEG_2,-0.03,19.32,-132.00,0,1500,1686,SE
1175923.501,X_LEG_2,-0.03,19.32,-132.00,0,1500,1686,SE
1175923.522,X_LEG_2,-0.03,19.32,-132.00,0,1500,1686,SE
1175923.542,X_LEG_2,-0.03,19.32,-132.00,0,1500,1686,SE
1175923.563,X_LEG_2,-0.03,19.32,-132.00,0,1500,1686,SE
1175923.583,X_LEG_2,-0.03,19.32,-132.00,0,1500,1686,SE
1175923.603,X_LEG_2,-0.03,19.32,-132.00,0,1500,1686,SE
1175923.624,X_LEG_2,-0.03,19.32,-132.00,0,1500,1686,SE
1175923.644,X_LEG_2,-0.03,19.32,-132.00,0,1500,1686,SE
1175923.665,X_LEG_2,-0.03,19.32,-132.00,0,1500,1686,SE
1175923.685,X_LEG_2,-0.03,19.32,-132.00,0,1500,1686,SE
1175923.706,X_LEG_2,-0.03,19.32,-132.00,0,1500,1686,SE
1175923.726,X_LEG_2,-0.03,19.32,-132.00,0,1500,1686,SE
1175923.747,X_LEG_2,-0.03,19.32,-132.00,0,1500,1686,SE
1175923.767,X_LEG_2,-0.03,19.32,-132.00,0,1500,1686,SE
1175923.788,X_LEG_2,-0.03,19.32,-132.00,0,1500,1686,SE
1175923.808,X_LEG_2,-0.03,19.32,-132.00,0,1500,1686,SE
1175923.829,X_LEG_2,-0.03,19.32,-132.00,0,1500,1686,SE
1175923.849,X_LEG_2,-0.03,19.32,-132.00,0,1500,1686,SE
1175923.870,X_LEG_2,-0.03,19.32,-132.00,0,1500,1686,SE
1175923.890,X_LEG_2,-0.03,19.32,-132.00,0,1500,1686,SE
1175923.911,X_LEG_2,-0.03,19.32,-132.00,0,1500,1686,SE
1175923.931,X_LEG_2,-0.03,19.32,-132.00,0,1500,1686,SE
1175923.952,X_LEG_2,-0.03,19.32,-132.00,0,1500,1686,SE
1175923.972,X_LEG_2,-0.03,19.32,-132.00,0,1500,1686,SE
1175923.992,X_LEG_2,-0.03,19.32,-132.00,0,1500,1686,SE
1175924.013,X_LEG_2,-0.03,19.32,-132.00,0,1500,1686,SE
1175924.033,X_LEG_2,-0.03,19.32,-132.00,0,1500,1686,SE
1175924.054,X_LEG_2,-0.03,19.32,-132.00,0,1500,1686,SE
1175924.074,X_LEG_2,-0.03,19.32,-132.00,0,1500,1686,SE
1175924.095,X_LEG_2,-0.03,19.32,-132.00,0,1500,1686,SE
1175924.115,X_LEG_2,-0.03,19.32,-132.00,0,1500,1686,SE
1175924.135,X_LEG_2,-0.03,19.32,-132.00,0,1500,1686,SE
1175924.156,X_LEG_2,-0.03,19.32,-132.00,0,1500,1686,SE
1175924.176,X_LEG_2,-0.03,19.32,-132.00,0,1500,1686,SE
1175924.197,X_LEG_2,-0.03,19.32,-132.00,0,1500,1686,SE
1175924.217,X_LEG_2,-0.03,19.32,-132.00,0,1500,1686,SE
1175924.238,X_LEG_2,-0.03,19.32,-132.00,0,1500,1686,SE
1175924.258,X_LEG_2,-0.03,19.32,-132.00,0,1500,1686,SE
1175924.278,X_LEG_2,-0.03,19.32,-132.00,0,1500,1686,SE
1175924.299,X_LEG_2,-0.03,19.32,-132.00,0,1500,1686,SE
1175924.320,X_LEG_2,-0.03,19.32,-132.00,0,1500,1686,SE
1175924.340,X_LEG_2,-0.03,19.32,-132.00,0,1500,1686,SE
1175924.360,X_LEG_2,-0.03,19.32,-132.00,0,1500,1686,SE
1175924.381,X_LEG_2,-0.03,19.32,-132.00,0,1500,1686,SE
1175924.402,X_LEG_2,-0.03,19.32,-132.00,0,1500,1686,SE
1175924.422,X_LEG_2,-0.03,19.32,-132.00,0,1500,1686,SE
1175924.443,X_LEG_2,-0.03,19.32,-132.00,0,1500,1686,SE
1175924.464,X_LEG_2,-0.03,19.32,-132.00,0,1500,1686,SE
1175924.484,X_LEG_2,-0.03,19.32,-132.00,0,1500,1686,SE
1175924.505,X_LEG_2,-0.03,19.32,-132.00,0,1500,1686,SE
1175924.525,X_LEG_2,-0.03,19.32,-132.00,0,1500,1686,SE
1175924.546,X_LEG_2,-0.03,19.32,-132.00,0,1500,1686,SE
1175924.566,X_LEG_2,-0.03,19.32,-132.00,0,1500,1686,SE
1175924.587,X_LEG_2,-0.03,19.32,-132.00,0,1500,1686,SE
1175924.607,X_LEG_2,-0.03,19.32,-132.00,0,1500,1686,SE
1175924.628,X_LEG_2,-0.03,19.32,-132.00,0,1500,1686,SE
1175924.648,X_LEG_2,-0.03,19.32,-132.00,0,1500,1686,SE
1175924.669,X_LEG_2,-0.03,19.32,-132.00,0,1500,1686,SE
1175924.689,X_LEG_2,-0.03,19.32,-132.00,0,1500,1686,SE
1175924.710,X_LEG_2,-0.03,19.32,-132.00,0,1500,1686,SE
1175924.730,X_LEG_2,-0.03,19.32,-132.00,0,1500,1686,SE
1175924.750,X_LEG_2,-0.03,19.32,-132.00,0,1500,1686,SE
1175924.771,X_LEG_2,-0.03,19.32,-132.00,0,1500,1686,SE
1175924.792,X_LEG_2,-0.03,19.32,-132.00,0,1500,1686,SE
1175924.812,X_LEG_2,-0.03,19.32,-132.00,0,1500,1686,SE
1175924.833,X_LEG_2,-0.03,19.32,-132.00,0,1500,1686,SE
1175924.854,X_LEG_2,-0.03,19.32,-132.00,0,1500,1686,SE
1175924.874,X_LEG_2,-0.03,19.32,-132.00,0,1500,1686,SE
1175924.895,X_LEG_2,-0.03,19.32,-132.00,0,1500,1686,SE
1175924.916,X_LEG_2,-0.03,19.32,-132.00,0,1500,1686,SE
1175924.936,X_LEG_2,-0.03,19.32,-132.00,0,1500,1686,SE
1175924.956,X_LEG_2,-0.03,19.32,-132.00,0,1500,1686,SE
1175924.977,X_LEG_2,-0.03,19.32,-132.00,0,1500,1686,SE
1175924.997,X_LEG_2,-0.03,19.32,-132.00,0,1500,1686,SE
1175925.017,X_LEG_2,-0.03,19.32,-132.00,0,1500,1686,SE
1175925.038,X_LEG_2,-0.03,19.32,-132.00,0,1500,1686,SE
1175925.059,X_LEG_2,-0.03,19.32,-132.00,0,1500,1686,SE
1175925.079,X_LEG_2,-0.03,19.32,-132.00,0,1500,1686,SE
1175925.099,X_LEG_2,-0.03,19.32,-132.00,0,1500,1686,SE
1175925.119,X_LEG_2,-0.03,19.32,-132.00,0,1500,1686,SE
1175925.140,X_LEG_2,-0.03,19.32,-132.00,0,1500,1686,SE
1175925.160,X_LEG_2,-0.03,19.32,-132.00,0,1500,1686,SE
1175925.180,X_LEG_2,-0.03,19.32,-132.00,0,1500,1686,SE
1175925.201,X_LEG_2,-0.03,19.32,-132.00,0,1500,1686,SE
1175925.221,X_LEG_2,-0.03,19.32,-132.00,0,1500,1686,SE
1175925.242,X_LEG_2,-0.03,19.32,-132.00,0,1500,1686,SE
1175925.262,X_LEG_2,-0.03,19.32,-132.00,0,1500,1686,SE
1175925.283,X_LEG_2,-0.03,19.32,-132.00,0,1500,1686,SE
1175925.303,X_LEG_2,-0.03,19.32,-132.00,0,1500,1686,SE
1175925.325,X_LEG_2,-0.03,19.32,-132.00,0,1500,1686,SE
1175925.345,X_LEG_2,-0.03,19.32,-132.00,0,1500,1686,SE
1175925.366,X_LEG_2,-0.03,19.32,-132.00,0,1500,1686,SE
1175925.386,X_LEG_2,-0.03,19.32,-132.00,0,1500,1686,SE
1175925.407,X_LEG_2,-0.03,19.32,-132.00,0,1500,1686,SE
1175925.427,X_LEG_2,-0.03,19.32,-132.00,0,1500,1686,SE
1175925.448,X_LEG_2,-0.03,19.32,-132.00,0,1500,1686,SE
1175925.468,X_LEG_2,-0.03,19.32,-132.00,0,1500,1686,SE
1175925.489,X_LEG_2,-0.03,19.32,-132.00,0,1500,1686,SE
1175925.510,X_LEG_2,-0.03,19.32,-132.00,0,1500,1686,SE
1175925.530,X_LEG_2,-0.03,19.32,-132.00,0,1500,1686,SE
1175925.551,X_LEG_2,-0.03,19.32,-132.00,0,1500,1686,SE
1175925.571,X_LEG_2,-0.03,19.32,-132.00,0,1500,1686,SE
1175925.591,X_LEG_2,-0.03,19.32,-132.00,0,1500,1686,SE
1175925.612,X_LEG_2,-0.03,19.32,-132.00,0,1500,1686,SE
1175925.632,X_LEG_2,-0.03,19.32,-132.00,0,1500,1686,SE
1175925.653,X_LEG_2,-0.03,19.32,-132.00,0,1500,1686,SE
1175925.673,X_LEG_2,-0.03,19.32,-132.00,0,1500,1686,SE
1175925.694,X_LEG_2,-0.03,19.32,-132.00,0,1500,1686,SE
1175925.714,X_LEG_2,-0.03,19.32,-132.00,0,1500,1686,SE
1175925.734,X_LEG_2,-0.03,19.32,-132.00,0,1500,1686,SE
1175925.755,X_LEG_2,-0.03,19.32,-132.00,0,1500,1686,SE
1175925.775,X_LEG_2,-0.03,19.32,-132.00,0,1500,1686,SE
1175925.796,X_LEG_2,-0.03,19.32,-132.00,0,1500,1686,SE
1175925.816,X_LEG_2,-0.03,19.32,-132.00,0,1500,1686,SE
1175925.837,X_LEG_2,-0.03,19.32,-132.00,0,1500,1686,SE
1175925.858,X_LEG_2,-0.03,19.32,-132.00,0,1500,1686,SE
1175925.878,X_LEG_2,-0.03,19.32,-132.00,0,1500,1686,SE
1175925.899,X_LEG_2,-0.03,19.32,-132.00,0,1500,1686,SE
1175925.919,X_LEG_2,-0.03,19.32,-132.00,0,1500,1686,SE
1175925.939,X_LEG_2,-0.03,19.32,-132.00,0,1500,1686,SE
1175925.960,X_LEG_2,-0.03,19.32,-132.00,0,1500,1686,SE
1175925.980,X_LEG_2,-0.03,19.32,-132.00,0,1500,1686,SE
1175926.000,X_LEG_2,-0.03,19.32,-132.00,0,1500,1686,SE
1175926.021,X_LEG_2,-0.03,19.32,-132.00,0,1500,1686,SE
1175926.041,X_LEG_2,-0.03,19.32,-132.00,0,1500,1686,SE
1175926.062,X_LEG_2,-0.03,19.32,-132.00,0,1500,1686,SE
1175926.082,X_LEG_2,-0.03,19.32,-132.00,0,1500,1686,SE
1175926.103,X_LEG_2,-0.03,19.32,-132.00,0,1500,1686,SE
1175926.123,X_LEG_2,-0.03,19.32,-132.00,0,1500,1686,SE
1175926.144,X_LEG_2,-0.03,19.32,-132.00,0,1500,1686,SE
1175926.164,X_LEG_2,-0.03,19.32,-132.00,0,1500,1686,SE
1175926.185,X_LEG_2,-0.03,19.32,-132.00,0,1500,1686,SE
1175926.205,X_LEG_2,-0.03,19.32,-132.00,0,1500,1686,SE
1175926.226,X_LEG_2,-0.03,19.32,-132.00,0,1500,1686,SE
1175926.246,X_LEG_2,-0.03,19.32,-132.00,0,1500,1686,SE
1175926.267,X_LEG_2,-0.03,19.32,-132.00,0,1500,1686,SE
1175926.287,X_LEG_2,-0.03,19.32,-132.00,0,1500,1686,SE
1175926.308,X_LEG_2,-0.03,19.32,-132.00,0,1500,1686,SE
1175926.328,X_LEG_2,-0.03,19.32,-132.00,0,1500,1686,SE
1175926.349,X_LEG_2,-0.03,19.32,-132.00,0,1500,1686,SE
1175926.369,X_LEG_2,-0.03,19.32,-132.00,0,1500,1686,SE
1175926.390,X_LEG_2,-0.03,19.32,-132.00,0,1500,1686,SE
1175926.410,X_LEG_2,-0.03,19.32,-132.00,0,1500,1686,SE
1175926.431,X_LEG_2,-0.03,19.32,-132.00,0,1500,1686,SE
1175926.451,X_LEG_2,-0.03,19.32,-132.00,0,1500,1686,SE
1175926.472,X_LEG_2,-0.03,19.32,-132.00,0,1500,1686,SE
1175926.492,X_LEG_2,-0.03,19.32,-132.00,0,1500,1686,SE
1175926.513,X_LEG_2,-0.03,19.32,-132.00,0,1500,1686,SE
1175926.534,X_LEG_2,-0.03,19.32,-132.00,0,1500,1686,SE
1175926.554,X_LEG_2,-0.03,19.32,-132.00,0,1500,1686,SE
1175926.575,X_LEG_2,-0.03,19.32,-132.00,0,1500,1686,SE
1175926.595,X_LEG_2,-0.03,19.32,-132.00,0,1500,1686,SE
1175926.616,X_LEG_2,-0.03,19.32,-132.00,0,1500,1686,SE
1175926.636,X_LEG_2,-0.03,19.32,-132.00,0,1500,1686,SE
1175926.656,X_LEG_2,-0.03,19.32,-132.00,0,1500,1686,SE
1175926.677,X_LEG_2,-0.03,19.32,-132.00,0,1500,1686,SE
1175926.697,X_LEG_2,-0.03,19.32,-132.00,0,1500,1686,SE
1175926.718,X_LEG_2,-0.03,19.32,-132.00,0,1500,1686,SE
1175926.738,X_LEG_2,-0.03,19.32,-132.00,0,1500,1686,SE
1175926.758,X_LEG_2,-0.03,19.32,-132.00,0,1500,1686,SE
1175926.779,X_LEG_2,-0.03,19.32,-132.00,0,1500,1686,SE
1175926.799,X_LEG_2,-0.03,19.32,-132.00,0,1500,1686,SE
1175926.820,X_LEG_2,-0.03,19.32,-132.00,0,1500,1686,SE
1175926.841,X_LEG_2,-0.03,19.32,-132.00,0,1500,1686,SE
1175926.861,X_LEG_2,-0.03,19.32,-132.00,0,1500,1686,SE
1175926.882,X_LEG_2,-0.03,19.32,-132.00,0,1500,1686,SE
1175926.902,X_LEG_2,-0.03,19.32,-132.00,0,1500,1686,SE
1175926.923,X_LEG_2,-0.03,19.32,-132.00,0,1500,1686,SE
1175926.943,X_LEG_2,-0.03,19.32,-132.00,0,1500,1686,SE
1175926.964,X_LEG_2,-0.03,19.32,-132.00,0,1500,1686,SE
1175926.984,X_LEG_2,-0.03,19.32,-132.00,0,1500,1686,SE
1175927.004,X_LEG_2,-0.03,19.32,-132.00,0,1500,1686,SE
1175927.025,X_LEG_2,-0.03,19.32,-132.00,0,1500,1686,SE
1175927.045,X_LEG_2,-0.03,19.32,-132.00,0,1500,1686,SE
1175927.066,X_LEG_2,-0.03,19.32,-132.00,0,1500,1686,SE
1175927.087,X_LEG_2,-0.03,19.32,-132.00,0,1500,1686,SE
1175927.108,X_LEG_2,-0.03,19.32,-132.00,0,1500,1686,SE
1175927.128,X_LEG_2,-0.03,19.32,-132.00,0,1500,1686,SE
1175927.149,X_LEG_2,-0.03,19.32,-132.00,0,1500,1686,SE
1175927.169,X_LEG_2,-0.03,19.32,-132.00,0,1500,1686,SE
1175927.190,X_LEG_2,-0.03,19.32,-132.00,0,1500,1686,SE
1175927.210,X_LEG_2,-0.03,19.32,-132.00,0,1500,1686,SE
1175927.230,X_LEG_2,-0.03,19.32,-132.00,0,1500,1686,SE
1175927.250,X_LEG_2,-0.03,19.32,-132.00,0,1500,1686,SE
1175927.271,X_LEG_2,-0.03,19.32,-132.00,0,1500,1686,SE
1175927.291,X_LEG_2,-0.03,19.32,-132.00,0,1500,1686,SE
1175927.312,X_LEG_2,-0.03,19.32,-132.00,0,1500,1686,SE
1175927.332,X_LEG_2,-0.03,19.32,-132.00,0,1500,1686,SE
1175927.353,X_LEG_2,-0.03,19.32,-132.00,0,1500,1686,SE
1175927.375,X_LEG_2,-0.03,19.32,-132.00,0,1500,1686,SE
1175927.394,X_LEG_2,-0.03,19.32,-132.00,0,1500,1686,SE
1175927.414,X_LEG_2,-0.03,19.32,-132.00,0,1500,1686,SE
1175927.435,X_LEG_2,-0.03,19.32,-132.00,0,1500,1686,SE
1175927.455,X_LEG_2,-0.03,19.32,-132.00,0,1500,1686,SE
1175927.476,X_LEG_2,-0.03,19.32,-132.00,0,1500,1686,SE
1175927.496,X_LEG_2,-0.03,19.32,-132.00,0,1500,1686,SE
1175927.517,X_LEG_2,-0.03,19.32,-132.00,0,1500,1686,SE
1175927.537,X_LEG_2,-0.03,19.32,-132.00,0,1500,1686,SE
1175927.558,X_LEG_2,-0.03,19.32,-132.00,0,1500,1686,SE
1175927.578,X_LEG_2,-0.03,19.32,-132.00,0,1500,1686,SE
1175927.599,X_LEG_2,-0.03,19.32,-132.00,0,1500,1686,SE
1175927.619,X_LEG_2,-0.03,19.32,-132.00,0,1500,1686,SE
1175927.640,X_LEG_2,-0.03,19.32,-132.00,0,1500,1686,SE
1175927.660,X_LEG_2,-0.03,19.32,-132.00,0,1500,1686,SE
1175927.681,X_LEG_2,-0.03,19.32,-132.00,0,1500,1686,SE
1175927.702,X_LEG_2,-0.03,19.32,-132.00,0,1500,1686,SE
1175927.722,X_LEG_2,-0.03,19.32,-132.00,0,1500,1686,SE
1175927.743,X_LEG_2,-0.03,19.32,-132.00,0,1500,1686,SE
1175927.764,X_LEG_2,-0.03,19.32,-132.00,0,1500,1686,SE
1175927.784,X_LEG_2,-0.03,19.32,-132.00,0,1500,1686,SE
1175927.804,X_LEG_2,-0.03,19.32,-132.00,0,1500,1686,SE
1175927.825,X_LEG_2,-0.03,19.32,-132.00,0,1500,1686,SE
1175927.845,X_LEG_2,-0.03,19.32,-132.00,0,1500,1686,SE
1175927.866,X_LEG_2,-0.03,19.32,-132.00,0,1500,1686,SE
1175927.886,X_LEG_2,-0.03,19.32,-132.00,0,1500,1686,SE
1175927.907,X_LEG_2,-0.03,19.32,-132.00,0,1500,1686,SE
1175927.927,X_LEG_2,-0.03,19.32,-132.00,0,1500,1686,SE
1175927.948,X_LEG_2,-0.03,19.32,-132.00,0,1500,1686,SE
1175927.968,X_LEG_2,-0.03,19.32,-132.00,0,1500,1686,SE
1175927.988,X_LEG_2,-0.03,19.32,-132.00,0,1500,1686,SE
1175928.009,X_LEG_2,-0.03,19.32,-132.00,0,1500,1686,SE
1175928.030,X_LEG_2,-0.03,19.32,-132.00,0,1500,1686,SE
1175928.050,X_LEG_2,-0.03,19.32,-132.00,0,1500,1686,SE
1175928.071,X_LEG_2,-0.03,19.32,-132.00,0,1500,1686,SE
1175928.091,X_LEG_2,-0.03,19.32,-132.00,0,1500,1686,SE
1175928.112,X_LEG_2,-0.03,19.32,-132.00,0,1500,1686,SE
1175928.132,X_LEG_2,-0.03,19.32,-132.00,0,1500,1686,SE
1175928.152,X_LEG_2,-0.03,19.32,-132.00,0,1500,1686,SE
1175928.173,X_LEG_2,-0.03,19.32,-132.00,0,1500,1686,SE
1175928.193,X_LEG_2,-0.03,19.32,-132.00,0,1500,1686,SE
1175928.214,X_LEG_2,-0.03,19.32,-132.00,0,1500,1686,SE
1175928.235,X_LEG_2,-0.03,19.32,-132.00,0,1500,1686,SE
1175928.255,X_LEG_2,-0.03,19.32,-132.00,0,1500,1686,SE
1175928.276,X_LEG_2,-0.03,19.32,-132.00,0,1500,1686,SE
1175928.297,X_LEG_2,-0.03,19.32,-132.00,0,1500,1686,SE
1175928.317,X_LEG_2,-0.03,19.32,-132.00,0,1500,1686,SE
1175928.337,X_LEG_2,-0.03,19.32,-132.00,0,1500,1686,SE
1175928.358,X_LEG_2,-0.03,19.32,-132.00,0,1500,1686,SE
1175928.378,X_LEG_2,-0.03,19.32,-132.00,0,1500,1686,SE
1175928.399,X_LEG_2,-0.03,19.32,-132.00,0,1500,1686,SE
1175928.419,X_LEG_2,-0.03,19.32,-132.00,0,1500,1686,SE
1175928.440,X_LEG_2,-0.03,19.32,-132.00,0,1500,1686,SE
1175928.460,X_LEG_2,-0.03,19.32,-132.00,0,1500,1686,SE
1175928.481,X_LEG_2,-0.03,19.32,-132.00,0,1500,1686,SE
1175928.501,X_LEG_2,-0.03,19.32,-132.00,0,1500,1686,SE
1175928.521,X_LEG_2,-0.03,19.32,-132.00,0,1500,1686,SE
1175928.542,X_LEG_2,-0.03,19.32,-132.00,0,1500,1686,SE
1175928.563,X_LEG_2,-0.03,19.32,-132.00,0,1500,1686,SE
1175928.583,X_LEG_2,-0.03,19.32,-132.00,0,1500,1686,SE
1175928.603,X_LEG_2,-0.03,19.32,-132.00,0,1500,1686,SE
1175928.624,X_LEG_2,-0.03,19.32,-132.00,0,1500,1686,SE
1175928.645,X_LEG_2,-0.03,19.32,-132.00,0,1500,1686,SE
1175928.665,X_LEG_2,-0.03,19.32,-132.00,0,1500,1686,SE
1175928.686,X_LEG_2,-0.03,19.32,-132.00,0,1500,1686,SE
1175928.706,X_LEG_2,-0.03,19.32,-132.00,0,1500,1686,SE
1175928.727,X_LEG_2,-0.03,19.32,-132.00,0,1500,1686,SE
1175928.747,X_LEG_2,-0.03,19.32,-132.00,0,1500,1686,SE
1175928.768,X_LEG_2,-0.03,19.32,-132.00,0,1500,1686,SE
1175928.788,X_LEG_2,-0.03,19.32,-132.00,0,1500,1686,SE
1175928.809,X_LEG_2,-0.03,19.32,-132.00,0,1500,1686,SE
1175928.829,X_LEG_2,-0.03,19.32,-132.00,0,1500,1686,SE
1175928.850,X_LEG_2,-0.03,19.32,-132.00,0,1500,1686,SE
1175928.870,X_LEG_2,-0.03,19.32,-132.00,0,1500,1686,SE
1175928.891,X_LEG_2,-0.03,19.32,-132.00,0,1500,1686,SE
1175928.911,X_LEG_2,-0.03,19.32,-132.00,0,1500,1686,SE
1175928.932,X_LEG_2,-0.03,19.32,-132.00,0,1500,1686,SE
1175928.953,X_LEG_2,-0.03,19.32,-132.00,0,1500,1686,SE
1175928.973,X_LEG_2,-0.03,19.32,-132.00,0,1500,1686,SE
1175928.993,X_LEG_2,-0.03,19.32,-132.00,0,1500,1686,SE
1175929.014,X_LEG_2,-0.03,19.32,-132.00,0,1500,1686,SE
1175929.034,X_LEG_2,-0.03,19.32,-132.00,0,1500,1686,SE
1175929.055,X_LEG_2,-0.03,19.32,-132.00,0,1500,1686,SE
1175929.075,X_LEG_2,-0.03,19.32,-132.00,0,1500,1686,SE
1175929.096,X_LEG_2,-0.03,19.32,-132.00,0,1500,1686,SE
1175929.116,X_LEG_2,-0.03,19.32,-132.00,0,1500,1686,SE
1175929.136,X_LEG_2,-0.03,19.32,-132.00,0,1500,1686,SE
1175929.157,X_LEG_2,-0.03,19.32,-132.00,0,1500,1686,SE
1175929.177,X_LEG_2,-0.03,19.32,-132.00,0,1500,1686,SE
1175929.198,X_LEG_2,-0.03,19.32,-132.00,0,1500,1686,SE
1175929.220,X_LEG_2,-0.03,19.32,-132.00,0,1500,1686,SE
1175929.241,X_LEG_2,-0.03,19.32,-132.00,0,1500,1686,SE
1175929.261,X_LEG_2,-0.03,19.32,-132.00,0,1500,1686,SE
1175929.282,X_LEG_2,-0.03,19.32,-132.00,0,1500,1686,SE
1175929.302,X_LEG_2,-0.03,19.32,-132.00,0,1500,1686,SE
1175929.322,X_LEG_2,-0.03,19.32,-132.00,0,1500,1686,SE
1175929.343,X_LEG_2,-0.03,19.32,-132.00,0,1500,1686,SE
1175929.364,X_LEG_2,-0.03,19.32,-132.00,0,1500,1686,SE
1175929.384,X_LEG_2,-0.03,19.32,-132.00,0,1500,1686,SE
1175929.405,X_LEG_2,-0.03,19.32,-132.00,0,1500,1686,SE
1175929.425,X_LEG_2,-0.03,19.32,-132.00,0,1500,1686,SE
1175929.446,X_LEG_2,-0.03,19.32,-132.00,0,1500,1686,SE
1175929.467,X_LEG_2,-0.03,19.32,-132.00,0,1500,1686,SE
1175929.487,X_LEG_2,-0.03,19.32,-132.00,0,1500,1686,SE
1175929.507,X_LEG_2,-0.03,19.32,-132.00,0,1500,1686,SE
1175929.527,X_LEG_2,-0.03,19.32,-132.00,0,1500,1686,SE
1175929.548,X_LEG_2,-0.03,19.32,-132.00,0,1500,1686,SE
1175929.568,X_LEG_2,-0.03,19.32,-132.00,0,1500,1686,SE
1175929.589,X_LEG_2,-0.03,19.32,-132.00,0,1500,1686,SE
1175929.609,X_LEG_2,-0.03,19.32,-132.00,0,1500,1686,SE
1175929.629,X_LEG_2,-0.03,19.32,-132.00,0,1500,1686,SE
1175929.650,X_LEG_2,-0.03,19.32,-132.00,0,1500,1686,SE
1175929.671,X_LEG_2,-0.03,19.32,-132.00,0,1500,1686,SE
1175929.691,X_LEG_2,-0.03,19.32,-132.00,0,1500,1686,SE
1175929.711,X_LEG_2,-0.03,19.32,-132.00,0,1500,1686,SE
1175929.732,X_LEG_2,-0.03,19.32,-132.00,0,1500,1686,SE
1175929.753,X_LEG_2,-0.03,19.32,-132.00,0,1500,1686,SE
1175929.773,X_LEG_2,-0.03,19.32,-132.00,0,1500,1686,SE
1175929.794,X_LEG_2,-0.03,19.32,-132.00,0,1500,1686,SE
1175929.815,X_LEG_2,-0.03,19.32,-132.00,0,1500,1686,SE
1175929.835,X_LEG_2,-0.03,19.32,-132.00,0,1500,1686,SE
1175929.855,X_LEG_2,-0.03,19.32,-132.00,0,1500,1686,SE
1175929.876,X_LEG_2,-0.03,19.32,-132.00,0,1500,1686,SE
1175929.896,X_LEG_2,-0.03,19.32,-132.00,0,1500,1686,SE
1175929.918,X_LEG_2,-0.03,19.32,-132.00,0,1500,1686,SE
1175929.942,X_LEG_2,-0.03,19.32,-132.00,0,1500,1686,SE
1175929.962,X_LEG_2,-0.03,19.32,-132.00,0,1500,1686,SE
1175929.983,X_LEG_2,-0.03,19.32,-132.00,0,1500,1686,SE
1175930.003,X_LEG_2,-0.03,19.32,-132.00,0,1500,1686,SE
1175930.023,X_LEG_2,-0.03,19.32,-132.00,0,1500,1686,SE
1175930.044,X_LEG_2,-0.03,19.32,-132.00,0,1500,1686,SE
1175930.065,X_LEG_2,-0.03,19.32,-132.00,0,1500,1686,SE
1175930.086,X_LEG_2,-0.03,19.32,-132.00,0,1500,1686,SE
1175930.106,X_LEG_2,-0.03,19.32,-132.00,0,1500,1686,SE
1175930.130,X_LEG_2,-0.03,19.32,-132.00,0,1500,1686,SE
1175930.150,X_LEG_2,-0.03,19.32,-132.00,0,1500,1686,SE
1175930.171,X_LEG_2,-0.03,19.32,-132.00,0,1500,1686,SE
1175930.191,X_LEG_2,-0.03,19.32,-132.00,0,1500,1686,SE
1175930.212,X_LEG_2,-0.03,19.32,-132.00,0,1500,1686,SE
1175930.232,X_LEG_2,-0.03,19.32,-132.00,0,1500,1686,SE
1175930.253,X_LEG_2,-0.03,19.32,-132.00,0,1500,1686,SE
1175930.273,X_LEG_2,-0.03,19.32,-132.00,0,1500,1686,SE
1175930.294,X_LEG_2,-0.03,19.32,-132.00,0,1500,1686,SE
1175930.314,X_LEG_2,-0.03,19.32,-132.00,0,1500,1686,SE
1175930.335,X_LEG_2,-0.03,19.32,-132.00,0,1500,1686,SE
1175930.355,X_LEG_2,-0.03,19.32,-132.00,0,1500,1686,SE
1175930.379,X_LEG_2,-0.03,19.32,-132.00,0,1500,1686,SE
1175930.399,X_LEG_2,-0.03,19.32,-132.00,0,1500,1686,SE
1175930.420,X_LEG_2,-0.03,19.32,-132.00,0,1500,1686,SE
1175930.440,X_LEG_2,-0.03,19.32,-132.00,0,1500,1686,SE
1175930.461,X_LEG_2,-0.03,19.32,-132.00,0,1500,1686,SE
1175930.481,X_LEG_2,-0.03,19.32,-132.00,0,1500,1686,SE
1175930.501,X_LEG_2,-0.03,19.32,-132.00,0,1500,1686,SE
1175930.522,X_LEG_2,-0.03,19.32,-132.00,0,1500,1686,SE
1175930.542,X_LEG_2,-0.03,19.32,-132.00,0,1500,1686,SE
1175930.564,X_LEG_2,-0.03,19.32,-132.00,0,1500,1686,SE
1175930.584,X_LEG_2,-0.03,19.32,-132.00,0,1500,1686,SE
1175930.604,X_LEG_2,-0.03,19.32,-132.00,0,1500,1686,SE
1175930.625,X_LEG_2,-0.03,19.32,-132.00,0,1500,1686,SE
1175930.645,X_LEG_2,-0.03,19.32,-132.00,0,1500,1686,SE
1175930.666,X_LEG_2,-0.03,19.32,-132.00,0,1500,1686,SE
1175930.687,X_LEG_2,-0.03,19.32,-132.00,0,1500,1686,SE
1175930.708,X_LEG_2,-0.03,19.32,-132.00,0,1500,1686,SE
1175930.728,X_LEG_2,-0.03,19.32,-132.00,0,1500,1686,SE
1175930.749,X_LEG_2,-0.03,19.32,-132.00,0,1500,1686,SE
1175930.770,X_LEG_2,-0.03,19.32,-132.00,0,1500,1686,SE
1175930.790,X_LEG_2,-0.03,19.32,-132.00,0,1500,1686,SE
1175930.811,X_LEG_2,-0.03,19.32,-132.00,0,1500,1686,SE
1175930.831,X_LEG_2,-0.03,19.32,-132.00,0,1500,1686,SE
1175930.852,X_LEG_2,-0.03,19.32,-132.00,0,1500,1686,SE
1175930.872,X_LEG_2,-0.03,19.32,-132.00,0,1500,1686,SE
1175930.892,X_LEG_2,-0.03,19.32,-132.00,0,1500,1686,SE
1175930.913,X_LEG_2,-0.03,19.32,-132.00,0,1500,1686,SE
1175930.933,X_LEG_2,-0.03,19.32,-132.00,0,1500,1686,SE
1175930.954,X_LEG_2,-0.03,19.32,-132.00,0,1500,1686,SE
1175930.974,X_LEG_2,-0.03,19.32,-132.00,0,1500,1686,SE
1175930.994,X_LEG_2,-0.03,19.32,-132.00,0,1500,1686,SE
1175931.015,X_LEG_2,-0.03,19.32,-132.00,0,1500,1686,SE
1175931.035,X_LEG_2,-0.03,19.32,-132.00,0,1500,1686,SE
1175931.056,X_LEG_2,-0.03,19.32,-132.00,0,1500,1686,SE
1175931.077,X_LEG_2,-0.03,19.32,-132.00,0,1500,1686,SE
1175931.097,X_LEG_2,-0.03,19.32,-132.00,0,1500,1686,SE
1175931.118,X_LEG_2,-0.03,19.32,-132.00,0,1500,1686,SE
1175931.138,X_LEG_2,-0.03,19.32,-132.00,0,1500,1686,SE
1175931.158,X_LEG_2,-0.03,19.32,-132.00,0,1500,1686,SE
1175931.179,X_LEG_2,-0.03,19.32,-132.00,0,1500,1686,SE
1175931.199,X_LEG_2,-0.03,19.32,-132.00,0,1500,1686,SE
1175931.220,X_LEG_2,-0.03,19.32,-132.00,0,1500,1686,SE
1175931.241,X_LEG_2,-0.03,19.32,-132.00,0,1500,1686,SE
1175931.261,X_LEG_2,-0.03,19.32,-132.00,0,1500,1686,SE
1175931.282,X_LEG_2,-0.03,19.32,-132.00,0,1500,1686,SE
1175931.302,X_LEG_2,-0.03,19.32,-132.00,0,1500,1686,SE
1175931.323,X_LEG_2,-0.03,19.32,-132.00,0,1500,1686,SE
1175931.344,X_LEG_2,-0.03,19.32,-132.00,0,1500,1686,SE
1175931.364,X_LEG_2,-0.03,19.32,-132.00,0,1500,1686,SE
1175931.385,X_LEG_2,-0.03,19.32,-132.00,0,1500,1686,SE
1175931.405,X_LEG_2,-0.03,19.32,-132.00,0,1500,1686,SE
1175931.426,X_LEG_2,-0.03,19.32,-132.00,0,1500,1686,SE
1175931.446,X_LEG_2,-0.03,19.32,-132.00,0,1500,1686,SE
1175931.466,X_LEG_2,-0.03,19.32,-132.00,0,1500,1686,SE
1175931.487,X_LEG_2,-0.03,19.32,-132.00,0,1500,1686,SE
1175931.508,X_LEG_2,-0.03,19.32,-132.00,0,1500,1686,SE
1175931.528,X_LEG_2,-0.03,19.32,-132.00,0,1500,1686,SE
1175931.548,X_LEG_2,-0.03,19.32,-132.00,0,1500,1686,SE
1175931.569,X_LEG_2,-0.03,19.32,-132.00,0,1500,1686,SE
1175931.590,X_LEG_2,-0.03,19.32,-132.00,0,1500,1686,SE
1175931.610,X_LEG_2,-0.03,19.32,-132.00,0,1500,1686,SE
1175931.630,X_LEG_2,-0.03,19.32,-132.00,0,1500,1686,SE
1175931.651,X_LEG_2,-0.03,19.32,-132.00,0,1500,1686,SE
1175931.671,X_LEG_2,-0.03,19.32,-132.00,0,1500,1686,SE
1175931.692,X_LEG_2,-0.03,19.32,-132.00,0,1500,1686,SE
1175931.712,X_LEG_2,-0.03,19.32,-132.00,0,1500,1686,SE
1175931.733,X_LEG_2,-0.03,19.32,-132.00,0,1500,1686,SE
1175931.753,X_LEG_2,-0.03,19.32,-132.00,0,1500,1686,SE
1175931.773,X_LEG_2,-0.03,19.32,-132.00,0,1500,1686,SE
1175931.794,X_LEG_2,-0.03,19.32,-132.00,0,1500,1686,SE
1175931.814,X_LEG_2,-0.03,19.32,-132.00,0,1500,1686,SE
1175931.835,X_LEG_2,-0.03,19.32,-132.00,0,1500,1686,SE
1175931.856,X_LEG_2,-0.03,19.32,-132.00,0,1500,1686,SE
1175931.876,X_LEG_2,-0.03,19.32,-132.00,0,1500,1686,SE
1175931.896,X_LEG_2,-0.03,19.32,-132.00,0,1500,1686,SE
1175931.917,X_LEG_2,-0.03,19.32,-132.00,0,1500,1686,SE
1175931.937,X_LEG_2,-0.03,19.32,-132.00,0,1500,1686,SE
1175931.958,X_LEG_2,-0.03,19.32,-132.00,0,1500,1686,SE
1175931.978,X_LEG_2,-0.03,19.32,-132.00,0,1500,1686,SE
1175931.999,X_LEG_2,-0.03,19.32,-132.00,0,1500,1686,SE
1175932.019,X_LEG_2,-0.03,19.32,-132.00,0,1500,1686,SE
1175932.040,X_LEG_2,-0.03,19.32,-132.00,0,1500,1686,SE
1175932.061,X_LEG_2,-0.03,19.32,-132.00,0,1500,1686,SE
1175932.081,X_LEG_2,-0.03,19.32,-132.00,0,1500,1686,SE
1175932.101,X_LEG_2,-0.03,19.32,-132.00,0,1500,1686,SE
1175932.121,X_LEG_2,-0.03,19.32,-132.00,0,1500,1686,SE
1175932.141,X_LEG_2,-0.03,19.32,-132.00,0,1500,1686,SE
1175932.162,X_LEG_2,-0.03,19.32,-132.00,0,1500,1686,SE
1175932.183,X_LEG_2,-0.03,19.32,-132.00,0,1500,1686,SE
1175932.203,X_LEG_2,-0.03,19.32,-132.00,0,1500,1686,SE
1175932.223,X_LEG_2,-0.03,19.32,-132.00,0,1500,1686,SE
1175932.243,X_LEG_2,-0.03,19.32,-132.00,0,1500,1686,SE
1175932.264,X_LEG_2,-0.03,19.32,-132.00,0,1500,1686,SE
1175932.285,X_LEG_2,-0.03,19.32,-132.00,0,1500,1686,SE
1175932.305,X_LEG_2,-0.03,19.32,-132.00,0,1500,1686,SE
1175932.326,X_LEG_2,-0.03,19.32,-132.00,0,1500,1686,SE
1175932.346,X_LEG_2,-0.03,19.32,-132.00,0,1500,1686,SE
1175932.366,X_LEG_2,-0.03,19.32,-132.00,0,1500,1686,SE
1175932.387,X_LEG_2,-0.03,19.32,-132.00,0,1500,1686,SE
1175932.407,X_LEG_2,-0.03,19.32,-132.00,0,1500,1686,SE
1175932.428,X_LEG_2,-0.03,19.32,-132.00,0,1500,1686,SE
1175932.448,X_LEG_2,-0.03,19.32,-132.00,0,1500,1686,SE
1175932.469,X_LEG_2,-0.03,19.32,-132.00,0,1500,1686,SE
1175932.489,X_LEG_2,-0.03,19.32,-132.00,0,1500,1686,SE
1175932.510,X_LEG_2,-0.03,19.32,-132.00,0,1500,1686,SE
1175932.530,X_LEG_2,-0.03,19.32,-132.00,0,1500,1686,SE
1175932.551,X_LEG_2,-0.03,19.32,-132.00,0,1500,1686,SE
1175932.571,X_LEG_2,-0.03,19.32,-132.00,0,1500,1686,SE
1175932.592,X_LEG_2,-0.03,19.32,-132.00,0,1500,1686,SE
1175932.613,X_LEG_2,-0.03,19.32,-132.00,0,1500,1686,SE
1175932.633,X_LEG_2,-0.03,19.32,-132.00,0,1500,1686,SE
1175932.653,X_LEG_2,-0.03,19.32,-132.00,0,1500,1686,SE
1175932.674,X_LEG_2,-0.03,19.32,-132.00,0,1500,1686,SE
1175932.694,X_LEG_2,-0.03,19.32,-132.00,0,1500,1686,SE
1175932.714,X_LEG_2,-0.03,19.32,-132.00,0,1500,1686,SE
1175932.735,X_LEG_2,-0.03,19.32,-132.00,0,1500,1686,SE
1175932.755,X_LEG_2,-0.03,19.32,-132.00,0,1500,1686,SE
1175932.775,X_LEG_2,-0.03,19.32,-132.00,0,1500,1686,SE
1175932.796,X_LEG_2,-0.03,19.32,-132.00,0,1500,1686,SE
1175932.816,X_LEG_2,-0.03,19.32,-132.00,0,1500,1686,SE
1175932.836,X_LEG_2,-0.03,19.32,-132.00,0,1500,1686,SE
1175932.857,X_LEG_2,-0.03,19.32,-132.00,0,1500,1686,SE
1175932.878,X_LEG_2,-0.03,19.32,-132.00,0,1500,1686,SE
1175932.898,X_LEG_2,-0.03,19.32,-132.00,0,1500,1686,SE
1175932.919,X_LEG_2,-0.03,19.32,-132.00,0,1500,1686,SE
1175932.939,X_LEG_2,-0.03,19.32,-132.00,0,1500,1686,SE
1175932.959,X_LEG_2,-0.03,19.32,-132.00,0,1500,1686,SE
1175932.979,X_LEG_2,-0.03,19.32,-132.00,0,1500,1686,SE
1175933.000,X_LEG_2,-0.03,19.32,-132.00,0,1500,1686,SE
1175933.020,X_LEG_2,-0.03,19.32,-132.00,0,1500,1686,SE
1175933.041,X_LEG_2,-0.03,19.32,-132.00,0,1500,1686,SE
1175933.061,X_LEG_2,-0.03,19.32,-132.00,0,1500,1686,SE
1175933.082,X_LEG_2,-0.03,19.32,-132.00,0,1500,1686,SE
1175933.102,X_LEG_2,-0.03,19.32,-132.00,0,1500,1686,SE
1175933.122,X_LEG_2,-0.03,19.32,-132.00,0,1500,1686,SE
1175933.143,X_LEG_2,-0.03,19.32,-132.00,0,1500,1686,SE
1175933.163,X_LEG_2,-0.03,19.32,-132.00,0,1500,1686,SE
1175933.185,X_LEG_2,-0.03,19.32,-132.00,0,1500,1686,SE
1175933.205,X_LEG_2,-0.03,19.32,-132.00,0,1500,1686,SE
1175933.225,X_LEG_2,-0.03,19.32,-132.00,0,1500,1686,SE
1175933.246,X_LEG_2,-0.03,19.32,-132.00,0,1500,1686,SE
1175933.266,X_LEG_2,-0.03,19.32,-132.00,0,1500,1686,SE
1175933.288,X_LEG_2,-0.03,19.32,-132.00,0,1500,1686,SE
1175933.309,X_LEG_2,-0.03,19.32,-132.00,0,1500,1686,SE
1175933.329,X_LEG_2,-0.03,19.32,-132.00,0,1500,1686,SE
1175933.349,X_LEG_2,-0.03,19.32,-132.00,0,1500,1686,SE
1175933.370,X_LEG_2,-0.03,19.32,-132.00,0,1500,1686,SE
1175933.390,X_LEG_2,-0.03,19.32,-132.00,0,1500,1686,SE
1175933.413,X_LEG_2,-0.03,19.32,-132.00,0,1500,1686,SE
1175933.433,X_LEG_2,-0.03,19.32,-132.00,0,1500,1686,SE
1175933.454,X_LEG_2,-0.03,19.32,-132.00,0,1500,1686,SE
1175933.474,X_LEG_2,-0.03,19.32,-132.00,0,1500,1686,SE
1175933.495,X_LEG_2,-0.03,19.32,-132.00,0,1500,1686,SE
1175933.515,X_LEG_2,-0.03,19.32,-132.00,0,1500,1686,SE
1175933.537,X_LEG_2,-0.03,19.32,-132.00,0,1500,1686,SE
1175933.557,X_LEG_2,-0.03,19.32,-132.00,0,1500,1686,SE
1175933.578,X_LEG_2,-0.03,19.32,-132.00,0,1500,1686,SE
1175933.599,X_LEG_2,-0.03,19.32,-132.00,0,1500,1686,SE
1175933.619,X_LEG_2,-0.03,19.32,-132.00,0,1500,1686,SE
1175933.640,X_LEG_2,-0.03,19.32,-132.00,0,1500,1686,SE
1175933.660,X_LEG_2,-0.03,19.32,-132.00,0,1500,1686,SE
1175933.681,X_LEG_2,-0.03,19.32,-132.00,0,1500,1686,SE
1175933.701,X_LEG_2,-0.03,19.32,-132.00,0,1500,1686,SE
1175933.721,X_LEG_2,-0.03,19.32,-132.00,0,1500,1686,SE
1175933.742,X_LEG_2,-0.03,19.32,-132.00,0,1500,1686,SE
1175933.762,X_LEG_2,-0.03,19.32,-132.00,0,1500,1686,SE
1175933.783,X_LEG_2,-0.03,19.32,-132.00,0,1500,1686,SE
1175933.804,X_LEG_2,-0.03,19.32,-132.00,0,1500,1686,SE
1175933.824,X_LEG_2,-0.03,19.32,-132.00,0,1500,1686,SE
1175933.844,X_LEG_2,-0.03,19.32,-132.00,0,1500,1686,SE
1175933.865,X_LEG_2,-0.03,19.32,-132.00,0,1500,1686,SE
1175933.886,X_LEG_2,-0.03,19.32,-132.00,0,1500,1686,SE
1175933.906,X_LEG_2,-0.03,19.32,-132.00,0,1500,1686,SE
1175933.928,X_LEG_2,-0.03,19.32,-132.00,0,1500,1686,SE
1175933.948,X_LEG_2,-0.03,19.32,-132.00,0,1500,1686,SE
1175933.969,X_LEG_2,-0.03,19.32,-132.00,0,1500,1686,SE
1175933.989,X_LEG_2,-0.03,19.32,-132.00,0,1500,1686,SE
1175934.009,X_LEG_2,-0.03,19.32,-132.00,0,1500,1686,SE
1175934.030,X_LEG_2,-0.03,19.32,-132.00,0,1500,1686,SE
1175934.050,X_LEG_2,-0.03,19.32,-132.00,0,1500,1686,SE
1175934.071,X_LEG_2,-0.03,19.32,-132.00,0,1500,1686,SE
1175934.091,X_LEG_2,-0.03,19.32,-132.00,0,1500,1686,SE
1175934.111,X_LEG_2,-0.03,19.32,-132.00,0,1500,1686,SE
1175934.133,X_LEG_2,-0.03,19.32,-132.00,0,1500,1686,SE
1175934.153,X_LEG_2,-0.03,19.32,-132.00,0,1500,1686,SE
1175934.174,X_LEG_2,-0.03,19.32,-132.00,0,1500,1686,SE
1175934.195,X_LEG_2,-0.03,19.32,-132.00,0,1500,1686,SE
1175934.215,X_LEG_2,-0.03,19.32,-132.00,0,1500,1686,SE
1175934.236,X_LEG_2,-0.03,19.32,-132.00,0,1500,1686,SE
1175934.257,X_LEG_2,-0.03,19.32,-132.00,0,1500,1686,SE
1175934.277,X_LEG_2,-0.03,19.32,-132.00,0,1500,1686,SE
1175934.297,X_LEG_2,-0.03,19.32,-132.00,0,1500,1686,SE
1175934.318,X_LEG_2,-0.03,19.32,-132.00,0,1500,1686,SE
1175934.339,X_LEG_2,-0.03,19.32,-132.00,0,1500,1686,SE
1175934.359,X_LEG_2,-0.03,19.32,-132.00,0,1500,1686,SE
1175934.379,X_LEG_2,-0.03,19.32,-132.00,0,1500,1686,SE
1175934.400,X_LEG_2,-0.03,19.32,-132.00,0,1500,1686,SE
1175934.421,X_LEG_2,-0.03,19.32,-132.00,0,1500,1686,SE
1175934.441,X_LEG_2,-0.03,19.32,-132.00,0,1500,1686,SE
1175934.461,X_LEG_2,-0.03,19.32,-132.00,0,1500,1686,SE
1175934.482,X_LEG_2,-0.03,19.32,-132.00,0,1500,1686,SE
1175934.502,X_LEG_2,-0.03,19.32,-132.00,0,1500,1686,SE
1175934.523,X_LEG_2,-0.03,19.32,-132.00,0,1500,1686,SE
1175934.543,X_LEG_2,-0.03,19.32,-132.00,0,1500,1686,SE
1175934.564,X_LEG_2,-0.03,19.32,-132.00,0,1500,1686,SE
1175934.584,X_LEG_2,-0.03,19.32,-132.00,0,1500,1686,SE
1175934.604,X_LEG_2,-0.03,19.32,-132.00,0,1500,1686,SE
1175934.625,X_LEG_2,-0.03,19.32,-132.00,0,1500,1686,SE
1175934.645,X_LEG_2,-0.03,19.32,-132.00,0,1500,1686,SE
1175934.665,X_LEG_2,-0.03,19.32,-132.00,0,1500,1686,SE
1175934.685,X_LEG_2,-0.03,19.32,-132.00,0,1500,1686,SE
1175934.706,X_LEG_2,-0.03,19.32,-132.00,0,1500,1686,SE
1175934.726,X_LEG_2,-0.03,19.32,-132.00,0,1500,1686,SE
1175934.747,X_LEG_2,-0.03,19.32,-132.00,0,1500,1686,SE
1175934.767,X_LEG_2,-0.03,19.32,-132.00,0,1500,1686,SE
1175934.788,X_LEG_2,-0.03,19.32,-132.00,0,1500,1686,SE
1175934.808,X_LEG_2,-0.03,19.32,-132.00,0,1500,1686,SE
1175934.828,X_LEG_2,-0.03,19.32,-132.00,0,1500,1686,SE
1175934.849,X_LEG_2,-0.03,19.32,-132.00,0,1500,1686,SE
1175934.870,X_LEG_2,-0.03,19.32,-132.00,0,1500,1686,SE
1175934.890,X_LEG_2,-0.03,19.32,-132.00,0,1500,1686,SE
1175934.911,X_LEG_2,-0.03,19.32,-132.00,0,1500,1686,SE
1175934.931,X_LEG_2,-0.03,19.32,-132.00,0,1500,1686,SE
1175934.951,X_LEG_2,-0.03,19.32,-132.00,0,1500,1686,SE
1175934.972,X_LEG_2,-0.03,19.32,-132.00,0,1500,1686,SE
1175934.993,X_LEG_2,-0.03,19.32,-132.00,0,1500,1686,SE
1175935.013,X_LEG_2,-0.03,19.32,-132.00,0,1500,1686,SE
1175935.034,X_LEG_2,-0.03,19.32,-132.00,0,1500,1686,SE
1175935.054,X_LEG_2,-0.03,19.32,-132.00,0,1500,1686,SE
1175935.075,X_LEG_2,-0.03,19.32,-132.00,0,1500,1686,SE
1175935.095,X_LEG_2,-0.03,19.32,-132.00,0,1500,1686,SE
1175935.116,X_LEG_2,-0.03,19.32,-132.00,0,1500,1686,SE
1175935.137,X_LEG_2,-0.03,19.32,-132.00,0,1500,1686,SE
1175935.157,X_LEG_2,-0.03,19.32,-132.00,0,1500,1686,SE
1175935.179,X_LEG_2,-0.03,19.32,-132.00,0,1500,1686,SE
1175935.199,X_LEG_2,-0.03,19.32,-132.00,0,1500,1686,SE
1175935.220,X_LEG_2,-0.03,19.32,-132.00,0,1500,1686,SE
1175935.241,X_LEG_2,-0.03,19.32,-132.00,0,1500,1686,SE
1175935.261,X_LEG_2,-0.03,19.32,-132.00,0,1500,1686,SE
1175935.282,X_LEG_2,-0.03,19.32,-132.00,0,1500,1686,SE
1175935.303,X_LEG_2,-0.03,19.32,-132.00,0,1500,1686,SE
1175935.323,X_LEG_2,-0.03,19.32,-132.00,0,1500,1686,SE
1175935.344,X_LEG_2,-0.03,19.32,-132.00,0,1500,1686,SE
1175935.364,X_LEG_2,-0.03,19.32,-132.00,0,1500,1686,SE
1175935.384,X_LEG_2,-0.03,19.32,-132.00,0,1500,1686,SE
1175935.404,X_LEG_2,-0.03,19.32,-132.00,0,1500,1686,SE
1175935.425,X_LEG_2,-0.03,19.32,-132.00,0,1500,1686,SE
1175935.446,X_LEG_2,-0.03,19.32,-132.00,0,1500,1686,SE
1175935.466,X_LEG_2,-0.03,19.32,-132.00,0,1500,1686,SE
1175935.487,X_LEG_2,-0.03,19.32,-132.00,0,1500,1686,SE
1175935.507,X_LEG_2,-0.03,19.32,-132.00,0,1500,1686,SE
1175935.528,X_LEG_2,-0.03,19.32,-132.00,0,1500,1686,SE
1175935.548,X_LEG_2,-0.03,19.32,-132.00,0,1500,1686,SE
1175935.569,X_LEG_2,-0.03,19.32,-132.00,0,1500,1686,SE
1175935.589,X_LEG_2,-0.03,19.32,-132.00,0,1500,1686,SE
1175935.610,X_LEG_2,-0.03,19.32,-132.00,0,1500,1686,SE
1175935.630,X_LEG_2,-0.03,19.32,-132.00,0,1500,1686,SE
1175935.651,X_LEG_2,-0.03,19.32,-132.00,0,1500,1686,SE
1175935.671,X_LEG_2,-0.03,19.32,-132.00,0,1500,1686,SE
1175935.691,X_LEG_2,-0.03,19.32,-132.00,0,1500,1686,SE
1175935.713,X_LEG_2,-0.03,19.32,-132.00,0,1500,1686,SE
1175935.733,X_LEG_2,-0.03,19.32,-132.00,0,1500,1686,SE
1175935.754,X_LEG_2,-0.03,19.32,-132.00,0,1500,1686,SE
1175935.774,X_LEG_2,-0.03,19.32,-132.00,0,1500,1686,SE
1175935.795,X_LEG_2,-0.03,19.32,-132.00,0,1500,1686,SE
1175935.815,X_LEG_2,-0.03,19.32,-132.00,0,1500,1686,SE
1175935.836,X_LEG_2,-0.03,19.32,-132.00,0,1500,1686,SE
1175935.856,X_LEG_2,-0.03,19.32,-132.00,0,1500,1686,SE
1175935.876,X_LEG_2,-0.03,19.32,-132.00,0,1500,1686,SE
1175935.897,X_LEG_2,-0.03,19.32,-132.00,0,1500,1686,SE
1175935.918,X_LEG_2,-0.03,19.32,-132.00,0,1500,1686,SE
1175935.938,X_LEG_2,-0.03,19.32,-132.00,0,1500,1686,SE
1175935.959,X_LEG_2,-0.03,19.32,-132.00,0,1500,1686,SE
1175935.979,X_LEG_2,-0.03,19.32,-132.00,0,1500,1686,SE
1175936.000,X_LEG_2,-0.03,19.32,-132.00,0,1500,1686,SE
1175936.020,X_LEG_2,-0.03,19.32,-132.00,0,1500,1686,SE
1175936.041,X_LEG_2,-0.03,19.32,-132.00,0,1500,1686,SE
1175936.061,X_LEG_2,-0.03,19.32,-132.00,0,1500,1686,SE
1175936.082,X_LEG_2,-0.03,19.32,-132.00,0,1500,1686,SE
1175936.102,X_LEG_2,-0.03,19.32,-132.00,0,1500,1686,SE
1175936.122,X_LEG_2,-0.03,19.32,-132.00,0,1500,1686,SE
1175936.143,X_LEG_2,-0.03,19.32,-132.00,0,1500,1686,SE
1175936.163,X_LEG_2,-0.03,19.32,-132.00,0,1500,1686,SE
1175936.184,X_LEG_2,-0.03,19.32,-132.00,0,1500,1686,SE
1175936.204,X_LEG_2,-0.03,19.32,-132.00,0,1500,1686,SE
1175936.224,X_LEG_2,-0.03,19.32,-132.00,0,1500,1686,SE
1175936.245,X_LEG_2,-0.03,19.32,-132.00,0,1500,1686,SE
1175936.266,X_LEG_2,-0.03,19.32,-132.00,0,1500,1686,SE
1175936.286,X_LEG_2,-0.03,19.32,-132.00,0,1500,1686,SE
1175936.306,X_LEG_2,-0.03,19.32,-132.00,0,1500,1686,SE
1175936.327,X_LEG_2,-0.03,19.32,-132.00,0,1500,1686,SE
1175936.347,X_LEG_2,-0.03,19.32,-132.00,0,1500,1686,SE
1175936.368,X_LEG_2,-0.03,19.32,-132.00,0,1500,1686,SE
1175936.388,X_LEG_2,-0.03,19.32,-132.00,0,1500,1686,SE
1175936.409,X_LEG_2,-0.03,19.32,-132.00,0,1500,1686,SE
1175936.429,X_LEG_2,-0.03,19.32,-132.00,0,1500,1686,SE
1175936.450,X_LEG_2,-0.03,19.32,-132.00,0,1500,1686,SE
1175936.471,X_LEG_2,-0.03,19.32,-132.00,0,1500,1686,SE
1175936.492,X_LEG_2,-0.03,19.32,-132.00,0,1500,1686,SE
1175936.512,X_LEG_2,-0.03,19.32,-132.00,0,1500,1686,SE
1175936.532,X_LEG_2,-0.03,19.32,-132.00,0,1500,1686,SE
1175936.552,X_LEG_2,-0.03,19.32,-132.00,0,1500,1686,SE
1175936.573,X_LEG_2,-0.03,19.32,-132.00,0,1500,1686,SE
1175936.593,X_LEG_2,-0.03,19.32,-132.00,0,1500,1686,SE
1175936.614,X_LEG_2,-0.03,19.32,-132.00,0,1500,1686,SE
1175936.634,X_LEG_2,-0.03,19.32,-132.00,0,1500,1686,SE
1175936.654,X_LEG_2,-0.03,19.32,-132.00,0,1500,1686,SE
1175936.675,X_LEG_2,-0.03,19.32,-132.00,0,1500,1686,SE
1175936.695,X_LEG_2,-0.03,19.32,-132.00,0,1500,1686,SE
1175936.715,X_LEG_2,-0.03,19.32,-132.00,0,1500,1686,SE
1175936.736,X_LEG_2,-0.03,19.32,-132.00,0,1500,1686,SE
1175936.756,X_LEG_2,-0.03,19.32,-132.00,0,1500,1686,SE
1175936.777,X_LEG_2,-0.03,19.32,-132.00,0,1500,1686,SE
1175936.798,X_LEG_2,-0.03,19.32,-132.00,0,1500,1686,SE
1175936.818,X_LEG_2,-0.03,19.32,-132.00,0,1500,1686,SE
1175936.839,X_LEG_2,-0.03,19.32,-132.00,0,1500,1686,SE
1175936.859,X_LEG_2,-0.03,19.32,-132.00,0,1500,1686,SE
1175936.880,X_LEG_2,-0.03,19.32,-132.00,0,1500,1686,SE
1175936.900,X_LEG_2,-0.03,19.32,-132.00,0,1500,1686,SE
1175936.921,X_LEG_2,-0.03,19.32,-132.00,0,1500,1686,SE
1175936.942,X_LEG_2,-0.03,19.32,-132.00,0,1500,1686,SE
1175936.962,X_LEG_2,-0.03,19.32,-132.00,0,1500,1686,SE
1175936.983,X_LEG_2,-0.03,19.32,-132.00,0,1500,1686,SE
1175937.004,X_LEG_2,-0.03,19.32,-132.00,0,1500,1686,SE
1175937.024,X_LEG_2,-0.03,19.32,-132.00,0,1500,1686,SE
1175937.045,X_LEG_2,-0.03,19.32,-132.00,0,1500,1686,SE
1175937.065,X_LEG_2,-0.03,19.32,-132.00,0,1500,1686,SE
1175937.086,X_LEG_2,-0.03,19.32,-132.00,0,1500,1686,SE
1175937.106,X_LEG_2,-0.03,19.32,-132.00,0,1500,1686,SE
1175937.127,X_LEG_2,-0.03,19.32,-132.00,0,1500,1686,SE
1175937.147,X_LEG_2,-0.03,19.32,-132.00,0,1500,1686,SE
1175937.167,X_LEG_2,-0.03,19.32,-132.00,0,1500,1686,SE
1175937.187,X_LEG_2,-0.03,19.32,-132.00,0,1500,1686,SE
1175937.208,X_LEG_2,-0.03,19.32,-132.00,0,1500,1686,SE
1175937.228,X_LEG_2,-0.03,19.32,-132.00,0,1500,1686,SE
1175937.249,X_LEG_2,-0.03,19.32,-132.00,0,1500,1686,SE
1175937.269,X_LEG_2,-0.03,19.32,-132.00,0,1500,1686,SE
1175937.289,X_LEG_2,-0.03,19.32,-132.00,0,1500,1686,SE
1175937.310,X_LEG_2,-0.03,19.32,-132.00,0,1500,1686,SE
1175937.330,X_LEG_2,-0.03,19.32,-132.00,0,1500,1686,SE
1175937.350,X_LEG_2,-0.03,19.32,-132.00,0,1500,1686,SE
1175937.371,X_LEG_2,-0.03,19.32,-132.00,0,1500,1686,SE
1175937.391,X_LEG_2,-0.03,19.32,-132.00,0,1500,1686,SE
1175937.412,X_LEG_2,-0.03,19.32,-132.00,0,1500,1686,SE
1175937.432,X_LEG_2,-0.03,19.32,-132.00,0,1500,1686,SE
1175937.453,X_LEG_2,-0.03,19.32,-132.00,0,1500,1686,SE
1175937.473,X_LEG_2,-0.03,19.32,-132.00,0,1500,1686,SE
1175937.493,X_LEG_2,-0.03,19.32,-132.00,0,1500,1686,SE
1175937.514,X_LEG_2,-0.03,19.32,-132.00,0,1500,1686,SE
1175937.534,X_LEG_2,-0.03,19.32,-132.00,0,1500,1686,SE
1175937.555,X_LEG_2,-0.03,19.32,-132.00,0,1500,1686,SE
1175937.576,X_LEG_2,-0.03,19.32,-132.00,0,1500,1686,SE
1175937.596,X_LEG_2,-0.03,19.32,-132.00,0,1500,1686,SE
1175937.617,X_LEG_2,-0.03,19.32,-132.00,0,1500,1686,SE
1175937.637,X_LEG_2,-0.03,19.32,-132.00,0,1500,1686,SE
1175937.658,X_LEG_2,-0.03,19.32,-132.00,0,1500,1686,SE
1175937.678,X_LEG_2,-0.03,19.32,-132.00,0,1500,1686,SE
1175937.699,X_LEG_2,-0.03,19.32,-132.00,0,1500,1686,SE
1175937.720,X_LEG_2,-0.03,19.32,-132.00,0,1500,1686,SE
1175937.740,X_LEG_2,-0.03,19.32,-132.00,0,1500,1686,SE
1175937.761,X_LEG_2,-0.03,19.32,-132.00,0,1500,1686,SE
1175937.782,X_LEG_2,-0.03,19.32,-132.00,0,1500,1686,SE
1175937.802,X_LEG_2,-0.03,19.32,-132.00,0,1500,1686,SE
1175937.823,X_LEG_2,-0.03,19.32,-132.00,0,1500,1686,SE
1175937.843,X_LEG_2,-0.03,19.32,-132.00,0,1500,1686,SE
1175937.864,X_LEG_2,-0.03,19.32,-132.00,0,1500,1686,SE
1175937.884,X_LEG_2,-0.03,19.32,-132.00,0,1500,1686,SE
1175937.904,X_LEG_2,-0.03,19.32,-132.00,0,1500,1686,SE
1175937.925,X_LEG_2,-0.03,19.32,-132.00,0,1500,1686,SE
1175937.945,X_LEG_2,-0.03,19.32,-132.00,0,1500,1686,SE
1175937.966,X_LEG_2,-0.03,19.32,-132.00,0,1500,1686,SE
1175937.986,X_LEG_2,-0.03,19.32,-132.00,0,1500,1686,SE
1175938.007,X_LEG_2,-0.03,19.32,-132.00,0,1500,1686,SE
1175938.027,X_LEG_2,-0.03,19.32,-132.00,0,1500,1686,SE
1175938.047,X_LEG_2,-0.03,19.32,-132.00,0,1500,1686,SE
1175938.068,X_LEG_2,-0.03,19.32,-132.00,0,1500,1686,SE
1175938.088,X_LEG_2,-0.03,19.32,-132.00,0,1500,1686,SE
1175938.109,X_LEG_2,-0.03,19.32,-132.00,0,1500,1686,SE
1175938.129,X_LEG_2,-0.03,19.32,-132.00,0,1500,1686,SE
1175938.150,X_LEG_2,-0.03,19.32,-132.00,0,1500,1686,SE
1175938.170,X_LEG_2,-0.03,19.32,-132.00,0,1500,1686,SE
1175938.192,X_LEG_2,-0.03,19.32,-132.00,0,1500,1686,SE
1175938.213,X_LEG_2,-0.03,19.32,-132.00,0,1500,1686,SE
1175938.233,X_LEG_2,-0.03,19.32,-132.00,0,1500,1686,SE
1175938.254,X_LEG_2,-0.03,19.32,-132.00,0,1500,1686,SE
1175938.275,X_LEG_2,-0.03,19.32,-132.00,0,1500,1686,SE
1175938.295,X_LEG_2,-0.03,19.32,-132.00,0,1500,1686,SE
1175938.316,X_LEG_2,-0.03,19.32,-132.00,0,1500,1686,SE
1175938.336,X_LEG_2,-0.03,19.32,-132.00,0,1500,1686,SE
1175938.357,X_LEG_2,-0.03,19.32,-132.00,0,1500,1686,SE
1175938.377,X_LEG_2,-0.03,19.32,-132.00,0,1500,1686,SE
1175938.397,X_LEG_2,-0.03,19.32,-132.00,0,1500,1686,SE
1175938.418,X_LEG_2,-0.03,19.32,-132.00,0,1500,1686,SE
1175938.438,X_LEG_2,-0.03,19.32,-132.00,0,1500,1686,SE
1175938.459,X_LEG_2,-0.03,19.32,-132.00,0,1500,1686,SE
1175938.479,X_LEG_2,-0.03,19.32,-132.00,0,1500,1686,SE
1175938.500,X_LEG_2,-0.03,19.32,-132.00,0,1500,1686,SE
1175938.521,X_LEG_2,-0.03,19.32,-132.00,0,1500,1686,SE
1175938.541,X_LEG_2,-0.03,19.32,-132.00,0,1500,1686,SE
1175938.561,X_LEG_2,-0.03,19.32,-132.00,0,1500,1686,SE
1175938.581,X_LEG_2,-0.03,19.32,-132.00,0,1500,1686,SE
1175938.602,X_LEG_2,-0.03,19.32,-132.00,0,1500,1686,SE
1175938.622,X_LEG_2,-0.03,19.32,-132.00,0,1500,1686,SE
1175938.642,X_LEG_2,-0.03,19.32,-132.00,0,1500,1686,SE
1175938.663,X_LEG_2,-0.03,19.32,-132.00,0,1500,1686,SE
1175938.683,X_LEG_2,-0.03,19.32,-132.00,0,1500,1686,SE
1175938.703,X_LEG_2,-0.03,19.32,-132.00,0,1500,1686,SE
1175938.724,X_LEG_2,-0.03,19.32,-132.00,0,1500,1686,SE
1175938.744,X_LEG_2,-0.03,19.32,-132.00,0,1500,1686,SE
1175938.764,X_LEG_2,-0.03,19.32,-132.00,0,1500,1686,SE
1175938.785,X_LEG_2,-0.03,19.32,-132.00,0,1500,1686,SE
1175938.806,X_LEG_2,-0.03,19.32,-132.00,0,1500,1686,SE
1175938.826,X_LEG_2,-0.03,19.32,-132.00,0,1500,1686,SE
1175938.847,X_LEG_2,-0.03,19.32,-132.00,0,1500,1686,SE
1175938.867,X_LEG_2,-0.03,19.32,-132.00,0,1500,1686,SE
1175938.888,X_LEG_2,-0.03,19.32,-132.00,0,1500,1686,SE
1175938.909,X_LEG_2,-0.03,19.32,-132.00,0,1500,1686,SE
1175938.929,X_LEG_2,-0.03,19.32,-132.00,0,1500,1686,SE
1175938.949,X_LEG_2,-0.03,19.32,-132.00,0,1500,1686,SE
1175938.969,X_LEG_2,-0.03,19.32,-132.00,0,1500,1686,SE
1175938.990,X_LEG_2,-0.03,19.32,-132.00,0,1500,1686,SE
1175939.010,X_LEG_2,-0.03,19.32,-132.00,0,1500,1686,SE
1175939.031,X_LEG_2,-0.03,19.32,-132.00,0,1500,1686,SE
1175939.052,X_LEG_2,-0.03,19.32,-132.00,0,1500,1686,SE
1175939.073,X_LEG_2,-0.03,19.32,-132.00,0,1500,1686,SE
1175939.093,X_LEG_2,-0.03,19.32,-132.00,0,1500,1686,SE
1175939.116,X_LEG_2,-0.03,19.32,-132.00,0,1500,1686,SE
1175939.136,X_LEG_2,-0.03,19.32,-132.00,0,1500,1686,SE
1175939.156,X_LEG_2,-0.03,19.32,-132.00,0,1500,1686,SE
1175939.177,X_LEG_2,-0.03,19.32,-132.00,0,1500,1686,SE
1175939.198,X_LEG_2,-0.03,19.32,-132.00,0,1500,1686,SE
1175939.218,X_LEG_2,-0.03,19.32,-132.00,0,1500,1686,SE
1175939.239,X_LEG_2,-0.03,19.32,-132.00,0,1500,1686,SE
1175939.259,X_LEG_2,-0.03,19.32,-132.00,0,1500,1686,SE
1175939.279,X_LEG_2,-0.03,19.32,-132.00,0,1500,1686,SE
1175939.300,X_LEG_2,-0.03,19.32,-132.00,0,1500,1686,SE
1175939.320,X_LEG_2,-0.03,19.32,-132.00,0,1500,1686,SE
1175939.340,X_LEG_2,-0.03,19.32,-132.00,0,1500,1686,SE
1175939.361,X_LEG_2,-0.03,19.32,-132.00,0,1500,1686,SE
1175939.381,X_LEG_2,-0.03,19.32,-132.00,0,1500,1686,SE
1175939.401,X_LEG_2,-0.03,19.32,-132.00,0,1500,1686,SE
1175939.422,X_LEG_2,-0.03,19.32,-132.00,0,1500,1686,SE
1175939.442,X_LEG_2,-0.03,19.32,-132.00,0,1500,1686,SE
1175939.462,X_LEG_2,-0.03,19.32,-132.00,0,1500,1686,SE
1175939.483,X_LEG_2,-0.03,19.32,-132.00,0,1500,1686,SE
1175939.503,X_LEG_2,-0.03,19.32,-132.00,0,1500,1686,SE
1175939.524,X_LEG_2,-0.03,19.32,-132.00,0,1500,1686,SE
1175939.544,X_LEG_2,-0.03,19.32,-132.00,0,1500,1686,SE
1175939.565,X_LEG_2,-0.03,19.32,-132.00,0,1500,1686,SE
1175939.585,X_LEG_2,-0.03,19.32,-132.00,0,1500,1686,SE
1175939.606,X_LEG_2,-0.03,19.32,-132.00,0,1500,1686,SE
1175939.626,X_LEG_2,-0.03,19.32,-132.00,0,1500,1686,SE
1175939.647,X_LEG_2,-0.03,19.32,-132.00,0,1500,1686,SE
1175939.667,X_LEG_2,-0.03,19.32,-132.00,0,1500,1686,SE
1175939.688,X_LEG_2,-0.03,19.32,-132.00,0,1500,1686,SE
1175939.708,X_LEG_2,-0.03,19.32,-132.00,0,1500,1686,SE
1175939.729,X_LEG_2,-0.03,19.32,-132.00,0,1500,1686,SE
1175939.749,X_LEG_2,-0.03,19.32,-132.00,0,1500,1686,SE
1175939.772,X_LEG_2,-0.03,19.32,-132.00,0,1500,1686,SE
1175939.792,X_LEG_2,-0.03,19.32,-132.00,0,1500,1686,SE
1175939.812,X_LEG_2,-0.03,19.32,-132.00,0,1500,1686,SE
1175939.834,X_LEG_2,-0.03,19.32,-132.00,0,1500,1686,SE
1175939.854,X_LEG_2,-0.03,19.32,-132.00,0,1500,1686,SE
1175939.875,X_LEG_2,-0.03,19.32,-132.00,0,1500,1686,SE
1175939.895,X_LEG_2,-0.03,19.32,-132.00,0,1500,1686,SE
1175939.916,X_LEG_2,-0.03,19.32,-132.00,0,1500,1686,SE
1175939.936,X_LEG_2,-0.03,19.32,-132.00,0,1500,1686,SE
1175939.958,X_LEG_2,-0.03,19.32,-132.00,0,1500,1686,SE
1175939.978,X_LEG_2,-0.03,19.32,-132.00,0,1500,1686,SE
1175939.998,X_LEG_2,-0.03,19.32,-132.00,0,1500,1686,SE
1175940.019,X_LEG_2,-0.03,19.32,-132.00,0,1500,1686,SE
1175940.040,X_LEG_2,-0.03,19.32,-132.00,0,1500,1686,SE
1175940.060,X_LEG_2,-0.03,19.32,-132.00,0,1500,1686,SE
1175940.081,X_LEG_2,-0.03,19.32,-132.00,0,1500,1686,SE
1175940.101,X_LEG_2,-0.03,19.32,-132.00,0,1500,1686,SE
1175940.122,X_LEG_2,-0.03,19.32,-132.00,0,1500,1686,SE
1175940.142,X_LEG_2,-0.03,19.32,-132.00,0,1500,1686,SE
1175940.163,X_LEG_2,-0.03,19.32,-132.00,0,1500,1686,SE
1175940.183,X_LEG_2,-0.03,19.32,-132.00,0,1500,1686,SE
1175940.203,X_LEG_2,-0.03,19.32,-132.00,0,1500,1686,SE
1175940.224,X_LEG_2,-0.03,19.32,-132.00,0,1500,1686,SE
1175940.244,X_LEG_2,-0.03,19.32,-132.00,0,1500,1686,SE
1175940.265,X_LEG_2,-0.03,19.32,-132.00,0,1500,1686,SE
1175940.285,X_LEG_2,-0.03,19.32,-132.00,0,1500,1686,SE
1175940.306,X_LEG_2,-0.03,19.32,-132.00,0,1500,1686,SE
1175940.326,X_LEG_2,-0.03,19.32,-132.00,0,1500,1686,SE
1175940.347,X_LEG_2,-0.03,19.32,-132.00,0,1500,1686,SE
1175940.367,X_LEG_2,-0.03,19.32,-132.00,0,1500,1686,SE
1175940.387,X_LEG_2,-0.03,19.32,-132.00,0,1500,1686,SE
1175940.408,X_LEG_2,-0.03,19.32,-132.00,0,1500,1686,SE
1175940.428,X_LEG_2,-0.03,19.32,-132.00,0,1500,1686,SE
1175940.448,X_LEG_2,-0.03,19.32,-132.00,0,1500,1686,SE
1175940.469,X_LEG_2,-0.03,19.32,-132.00,0,1500,1686,SE
1175940.489,X_LEG_2,-0.03,19.32,-132.00,0,1500,1686,SE
1175940.510,X_LEG_2,-0.03,19.32,-132.00,0,1500,1686,SE
1175940.530,X_LEG_2,-0.03,19.32,-132.00,0,1500,1686,SE
1175940.551,X_LEG_2,-0.03,19.32,-132.00,0,1500,1686,SE
1175940.571,X_LEG_2,-0.03,19.32,-132.00,0,1500,1686,SE
1175940.592,X_LEG_2,-0.03,19.32,-132.00,0,1500,1686,SE
1175940.612,X_LEG_2,-0.03,19.32,-132.00,0,1500,1686,SE
1175940.633,X_LEG_2,-0.03,19.32,-132.00,0,1500,1686,SE
1175940.653,X_LEG_2,-0.03,19.32,-132.00,0,1500,1686,SE
1175940.674,X_LEG_2,-0.03,19.32,-132.00,0,1500,1686,SE
1175940.694,X_LEG_2,-0.03,19.32,-132.00,0,1500,1686,SE
1175940.715,X_LEG_2,-0.03,19.32,-132.00,0,1500,1686,SE
1175940.735,X_LEG_2,-0.03,19.32,-132.00,0,1500,1686,SE
1175940.755,X_LEG_2,-0.03,19.32,-132.00,0,1500,1686,SE
1175940.775,X_LEG_2,-0.03,19.32,-132.00,0,1500,1686,SE
1175940.796,X_LEG_2,-0.03,19.32,-132.00,0,1500,1686,SE
1175940.817,X_LEG_2,-0.03,19.32,-132.00,0,1500,1686,SE
1175940.837,X_LEG_2,-0.03,19.32,-132.00,0,1500,1686,SE
1175940.858,X_LEG_2,-0.03,19.32,-132.00,0,1500,1686,SE
1175940.878,X_LEG_2,-0.03,19.32,-132.00,0,1500,1686,SE
1175940.899,X_LEG_2,-0.03,19.32,-132.00,0,1500,1686,SE
1175940.919,X_LEG_2,-0.03,19.32,-132.00,0,1500,1686,SE
1175940.941,X_LEG_2,-0.03,19.32,-132.00,0,1500,1686,SE
1175940.961,X_LEG_2,-0.03,19.32,-132.00,0,1500,1686,SE
1175940.981,X_LEG_2,-0.03,19.32,-132.00,0,1500,1686,SE
1175941.002,X_LEG_2,-0.03,19.32,-132.00,0,1500,1686,SE
1175941.022,X_LEG_2,-0.03,19.32,-132.00,0,1500,1686,SE
1175941.043,X_LEG_2,-0.03,19.32,-132.00,0,1500,1686,SE
1175941.064,X_LEG_2,-0.03,19.32,-132.00,0,1500,1686,SE
1175941.084,X_LEG_2,-0.03,19.32,-132.00,0,1500,1686,SE
1175941.105,X_LEG_2,-0.03,19.32,-132.00,0,1500,1686,SE
1175941.125,X_LEG_2,-0.03,19.32,-132.00,0,1500,1686,SE
1175941.146,X_LEG_2,-0.03,19.32,-132.00,0,1500,1686,SE
1175941.166,X_LEG_2,-0.03,19.32,-132.00,0,1500,1686,SE
1175941.187,X_LEG_2,-0.03,19.32,-132.00,0,1500,1686,SE
1175941.207,X_LEG_2,-0.03,19.32,-132.00,0,1500,1686,SE
1175941.227,X_LEG_2,-0.03,19.32,-132.00,0,1500,1686,SE
1175941.247,X_LEG_2,-0.03,19.32,-132.00,0,1500,1686,SE
1175941.268,X_LEG_2,-0.03,19.32,-132.00,0,1500,1686,SE
1175941.288,X_LEG_2,-0.03,19.32,-132.00,0,1500,1686,SE
1175941.309,X_LEG_2,-0.03,19.32,-132.00,0,1500,1686,SE
1175941.329,X_LEG_2,-0.03,19.32,-132.00,0,1500,1686,SE
1175941.350,X_LEG_2,-0.03,19.32,-132.00,0,1500,1686,SE
1175941.370,X_LEG_2,-0.03,19.32,-132.00,0,1500,1686,SE
1175941.391,X_LEG_2,-0.03,19.32,-132.00,0,1500,1686,SE
1175941.411,X_LEG_2,-0.03,19.32,-132.00,0,1500,1686,SE
1175941.431,X_LEG_2,-0.03,19.32,-132.00,0,1500,1686,SE
1175941.452,X_LEG_2,-0.03,19.32,-132.00,0,1500,1686,SE
1175941.472,X_LEG_2,-0.03,19.32,-132.00,0,1500,1686,SE
1175941.492,X_LEG_2,-0.03,19.32,-132.00,0,1500,1686,SE
1175941.513,X_LEG_2,-0.03,19.32,-132.00,0,1500,1686,SE
1175941.534,X_LEG_2,-0.03,19.32,-132.00,0,1500,1686,SE
1175941.554,X_LEG_2,-0.03,19.32,-132.00,0,1500,1686,SE
1175941.574,X_LEG_2,-0.03,19.32,-132.00,0,1500,1686,SE
1175941.595,X_LEG_2,-0.03,19.32,-132.00,0,1500,1686,SE
1175941.615,X_LEG_2,-0.03,19.32,-132.00,0,1500,1686,SE
1175941.636,X_LEG_2,-0.03,19.32,-132.00,0,1500,1686,SE
1175941.656,X_LEG_2,-0.03,19.32,-132.00,0,1500,1686,SE
1175941.677,X_LEG_2,-0.03,19.32,-132.00,0,1500,1686,SE
1175941.697,X_LEG_2,-0.03,19.32,-132.00,0,1500,1686,SE
1175941.717,X_LEG_2,-0.03,19.32,-132.00,0,1500,1686,SE
1175941.738,X_LEG_2,-0.03,19.32,-132.00,0,1500,1686,SE
1175941.758,X_LEG_2,-0.03,19.32,-132.00,0,1500,1686,SE
1175941.778,X_LEG_2,-0.03,19.32,-132.00,0,1500,1686,SE
1175941.799,X_LEG_2,-0.03,19.32,-132.00,0,1500,1686,SE
1175941.819,X_LEG_2,-0.03,19.32,-132.00,0,1500,1686,SE
1175941.839,X_LEG_2,-0.03,19.32,-132.00,0,1500,1686,SE
1175941.860,X_LEG_2,-0.03,19.32,-132.00,0,1500,1686,SE
1175941.880,X_LEG_2,-0.03,19.32,-132.00,0,1500,1686,SE
1175941.901,X_LEG_2,-0.03,19.32,-132.00,0,1500,1686,SE
1175941.921,X_LEG_2,-0.03,19.32,-132.00,0,1500,1686,SE
1175941.941,X_LEG_2,-0.03,19.32,-132.00,0,1500,1686,SE
1175941.962,X_LEG_2,-0.03,19.32,-132.00,0,1500,1686,SE
1175941.982,X_LEG_2,-0.03,19.32,-132.00,0,1500,1686,SE
1175942.003,X_LEG_2,-0.03,19.32,-132.00,0,1500,1686,SE
1175942.023,X_LEG_2,-0.03,19.32,-132.00,0,1500,1686,SE
1175942.044,X_LEG_2,-0.03,19.32,-132.00,0,1500,1686,SE
1175942.064,X_LEG_2,-0.03,19.32,-132.00,0,1500,1686,SE
1175942.085,X_LEG_2,-0.03,19.32,-132.00,0,1500,1686,SE
1175942.105,X_LEG_2,-0.03,19.32,-132.00,0,1500,1686,SE
1175942.126,X_LEG_2,-0.03,19.32,-132.00,0,1500,1686,SE
1175942.147,X_LEG_2,-0.03,19.32,-132.00,0,1500,1686,SE
1175942.167,X_LEG_2,-0.03,19.32,-132.00,0,1500,1686,SE
1175942.188,X_LEG_2,-0.03,19.32,-132.00,0,1500,1686,SE
1175942.208,X_LEG_2,-0.03,19.32,-132.00,0,1500,1686,SE
1175942.228,X_LEG_2,-0.03,19.32,-132.00,0,1500,1686,SE
1175942.249,X_LEG_2,-0.03,19.32,-132.00,0,1500,1686,SE
1175942.269,X_LEG_2,-0.03,19.32,-132.00,0,1500,1686,SE
1175942.290,X_LEG_2,-0.03,19.32,-132.00,0,1500,1686,SE
1175942.310,X_LEG_2,-0.03,19.32,-132.00,0,1500,1686,SE
1175942.330,X_LEG_2,-0.03,19.32,-132.00,0,1500,1686,SE
1175942.351,X_LEG_2,-0.03,19.32,-132.00,0,1500,1686,SE
1175942.372,X_LEG_2,-0.03,19.32,-132.00,0,1500,1686,SE
1175942.392,X_LEG_2,-0.03,19.32,-132.00,0,1500,1686,SE
1175942.412,X_LEG_2,-0.03,19.32,-132.00,0,1500,1686,SE
1175942.433,X_LEG_2,-0.03,19.32,-132.00,0,1500,1686,SE
1175942.453,X_LEG_2,-0.03,19.32,-132.00,0,1500,1686,SE
1175942.474,X_LEG_2,-0.03,19.32,-132.00,0,1500,1686,SE
1175942.494,X_LEG_2,-0.03,19.32,-132.00,0,1500,1686,SE
1175942.515,X_LEG_2,-0.03,19.32,-132.00,0,1500,1686,SE
1175942.535,X_LEG_2,-0.03,19.32,-132.00,0,1500,1686,SE
1175942.556,X_LEG_2,-0.03,19.32,-132.00,0,1500,1686,SE
1175942.576,X_LEG_2,-0.03,19.32,-132.00,0,1500,1686,SE
1175942.597,X_LEG_2,-0.03,19.32,-132.00,0,1500,1686,SE
1175942.617,X_LEG_2,-0.03,19.32,-132.00,0,1500,1686,SE
1175942.637,X_LEG_2,-0.03,19.32,-132.00,0,1500,1686,SE
1175942.658,X_LEG_2,-0.03,19.32,-132.00,0,1500,1686,SE
1175942.678,X_LEG_2,-0.03,19.32,-132.00,0,1500,1686,SE
1175942.699,X_LEG_2,-0.03,19.32,-132.00,0,1500,1686,SE
1175942.719,X_LEG_2,-0.03,19.32,-132.00,0,1500,1686,SE
1175942.740,X_LEG_2,-0.03,19.32,-132.00,0,1500,1686,SE
1175942.760,X_LEG_2,-0.03,19.32,-132.00,0,1500,1686,SE
1175942.780,X_LEG_2,-0.03,19.32,-132.00,0,1500,1686,SE
1175942.801,X_LEG_2,-0.03,19.32,-132.00,0,1500,1686,SE
1175942.821,X_LEG_2,-0.03,19.32,-132.00,0,1500,1686,SE
1175942.842,X_LEG_2,-0.03,19.32,-132.00,0,1500,1686,SE
1175942.862,X_LEG_2,-0.03,19.32,-132.00,0,1500,1686,SE
1175942.883,X_LEG_2,-0.03,19.32,-132.00,0,1500,1686,SE
1175942.904,X_LEG_2,-0.03,19.32,-132.00,0,1500,1686,SE
1175942.924,X_LEG_2,-0.03,19.32,-132.00,0,1500,1686,SE
1175942.945,X_LEG_2,-0.03,19.32,-132.00,0,1500,1686,SE
1175942.965,X_LEG_2,-0.03,19.32,-132.00,0,1500,1686,SE
1175942.985,X_LEG_2,-0.03,19.32,-132.00,0,1500,1686,SE
1175943.005,X_LEG_2,-0.03,19.32,-132.00,0,1500,1686,SE
1175943.026,X_LEG_2,-0.03,19.32,-132.00,0,1500,1686,SE
1175943.046,X_LEG_2,-0.03,19.32,-132.00,0,1500,1686,SE
1175943.067,X_LEG_2,-0.03,19.32,-132.00,0,1500,1686,SE
1175943.088,X_LEG_2,-0.03,19.32,-132.00,0,1500,1686,SE
1175943.108,X_LEG_2,-0.03,19.32,-132.00,0,1500,1686,SE
1175943.129,X_LEG_2,-0.03,19.32,-132.00,0,1500,1686,SE
1175943.150,X_LEG_2,-0.03,19.32,-132.00,0,1500,1686,SE
1175943.171,X_LEG_2,-0.03,19.32,-132.00,0,1500,1686,SE
1175943.191,X_LEG_2,-0.03,19.32,-132.00,0,1500,1686,SE
1175943.211,X_LEG_2,-0.03,19.32,-132.00,0,1500,1686,SE
1175943.232,X_LEG_2,-0.03,19.32,-132.00,0,1500,1686,SE
1175943.252,X_LEG_2,-0.03,19.32,-132.00,0,1500,1686,SE
1175943.274,X_LEG_2,-0.03,19.32,-132.00,0,1500,1686,SE
1175943.294,X_LEG_2,-0.03,19.32,-132.00,0,1500,1686,SE
1175943.314,X_LEG_2,-0.03,19.32,-132.00,0,1500,1686,SE
1175943.336,X_LEG_2,-0.03,19.32,-132.00,0,1500,1686,SE
1175943.356,X_LEG_2,-0.03,19.32,-132.00,0,1500,1686,SE
1175943.376,X_LEG_2,-0.03,19.32,-132.00,0,1500,1686,SE
1175943.397,X_LEG_2,-0.03,19.32,-132.00,0,1500,1686,SE
1175943.417,X_LEG_2,-0.03,19.32,-132.00,0,1500,1686,SE
1175943.438,X_LEG_2,-0.03,19.32,-132.00,0,1500,1686,SE
1175943.458,X_LEG_2,-0.03,19.32,-132.00,0,1500,1686,SE
1175943.479,X_LEG_2,-0.03,19.32,-132.00,0,1500,1686,SE
1175943.499,X_LEG_2,-0.03,19.32,-132.00,0,1500,1686,SE
1175943.519,X_LEG_2,-0.03,19.32,-132.00,0,1500,1686,SE
1175943.540,X_LEG_2,-0.03,19.32,-132.00,0,1500,1686,SE
1175943.560,X_LEG_2,-0.03,19.32,-132.00,0,1500,1686,SE
1175943.580,X_LEG_2,-0.03,19.32,-132.00,0,1500,1686,SE
1175943.601,X_LEG_2,-0.03,19.32,-132.00,0,1500,1686,SE
1175943.621,X_LEG_2,-0.03,19.32,-132.00,0,1500,1686,SE
1175943.642,X_LEG_2,-0.03,19.32,-132.00,0,1500,1686,SE
1175943.662,X_LEG_2,-0.03,19.32,-132.00,0,1500,1686,SE
1175943.683,X_LEG_2,-0.03,19.32,-132.00,0,1500,1686,SE
1175943.703,X_LEG_2,-0.03,19.32,-132.00,0,1500,1686,SE
1175943.723,X_LEG_2,-0.03,19.32,-132.00,0,1500,1686,SE
1175943.744,X_LEG_2,-0.03,19.32,-132.00,0,1500,1686,SE
1175943.764,X_LEG_2,-0.03,19.32,-132.00,0,1500,1686,SE
1175943.785,X_LEG_2,-0.03,19.32,-132.00,0,1500,1686,SE
1175943.806,X_LEG_2,-0.03,19.32,-132.00,0,1500,1686,SE
1175943.826,X_LEG_2,-0.03,19.32,-132.00,0,1500,1686,SE
1175943.847,X_LEG_2,-0.03,19.32,-132.00,0,1500,1686,SE
1175943.867,X_LEG_2,-0.03,19.32,-132.00,0,1500,1686,SE
1175943.888,X_LEG_2,-0.03,19.32,-132.00,0,1500,1686,SE
1175943.908,X_LEG_2,-0.03,19.32,-132.00,0,1500,1686,SE
1175943.929,X_LEG_2,-0.03,19.32,-132.00,0,1500,1686,SE
1175943.949,X_LEG_2,-0.03,19.32,-132.00,0,1500,1686,SE
1175943.969,X_LEG_2,-0.03,19.32,-132.00,0,1500,1686,SE
1175943.990,X_LEG_2,-0.03,19.32,-132.00,0,1500,1686,SE
1175944.011,X_LEG_2,-0.03,19.32,-132.00,0,1500,1686,SE
1175944.031,X_LEG_2,-0.03,19.32,-132.00,0,1500,1686,SE
1175944.051,X_LEG_2,-0.03,19.32,-132.00,0,1500,1686,SE
1175944.072,X_LEG_2,-0.03,19.32,-132.00,0,1500,1686,SE
1175944.093,X_LEG_2,-0.03,19.32,-132.00,0,1500,1686,SE
1175944.113,X_LEG_2,-0.03,19.32,-132.00,0,1500,1686,SE
1175944.133,X_LEG_2,-0.03,19.32,-132.00,0,1500,1686,SE
1175944.154,X_LEG_2,-0.03,19.32,-132.00,0,1500,1686,SE
1175944.174,X_LEG_2,-0.03,19.32,-132.00,0,1500,1686,SE
1175944.195,X_LEG_2,-0.03,19.32,-132.00,0,1500,1686,SE
1175944.215,X_LEG_2,-0.03,19.32,-132.00,0,1500,1686,SE
1175944.236,X_LEG_2,-0.03,19.32,-132.00,0,1500,1686,SE
1175944.256,X_LEG_2,-0.03,19.32,-132.00,0,1500,1686,SE
1175944.278,X_LEG_2,-0.03,19.32,-132.00,0,1500,1686,SE
1175944.298,X_LEG_2,-0.03,19.32,-132.00,0,1500,1686,SE
1175944.318,X_LEG_2,-0.03,19.32,-132.00,0,1500,1686,SE
1175944.339,X_LEG_2,-0.03,19.32,-132.00,0,1500,1686,SE
1175944.359,X_LEG_2,-0.03,19.32,-132.00,0,1500,1686,SE
1175944.380,X_LEG_2,-0.03,19.32,-132.00,0,1500,1686,SE
1175944.401,X_LEG_2,-0.03,19.32,-132.00,0,1500,1686,SE
1175944.421,X_LEG_2,-0.03,19.32,-132.00,0,1500,1686,SE
1175944.442,X_LEG_2,-0.03,19.32,-132.00,0,1500,1686,SE
1175944.462,X_LEG_2,-0.03,19.32,-132.00,0,1500,1686,SE
1175944.483,X_LEG_2,-0.03,19.32,-132.00,0,1500,1686,SE
1175944.503,X_LEG_2,-0.03,19.32,-132.00,0,1500,1686,SE
1175944.524,X_LEG_2,-0.03,19.32,-132.00,0,1500,1686,SE
1175944.544,X_LEG_2,-0.03,19.32,-132.00,0,1500,1686,SE
1175944.565,X_LEG_2,-0.03,19.32,-132.00,0,1500,1686,SE
1175944.585,X_LEG_2,-0.03,19.32,-132.00,0,1500,1686,SE
1175944.606,X_LEG_2,-0.03,19.32,-132.00,0,1500,1686,SE
1175944.626,X_LEG_2,-0.03,19.32,-132.00,0,1500,1686,SE
1175944.647,X_LEG_2,-0.03,19.32,-132.00,0,1500,1686,SE
1175944.667,X_LEG_2,-0.03,19.32,-132.00,0,1500,1686,SE
1175944.687,X_LEG_2,-0.03,19.32,-132.00,0,1500,1686,SE
1175944.707,X_LEG_2,-0.03,19.32,-132.00,0,1500,1686,SE
1175944.727,X_LEG_2,-0.03,19.32,-132.00,0,1500,1686,SE
1175944.748,X_LEG_2,-0.03,19.32,-132.00,0,1500,1686,SE
1175944.768,X_LEG_2,-0.03,19.32,-132.00,0,1500,1686,SE
1175944.788,X_LEG_2,-0.03,19.32,-132.00,0,1500,1686,SE
1175944.809,X_LEG_2,-0.03,19.32,-132.00,0,1500,1686,SE
1175944.829,X_LEG_2,-0.03,19.32,-132.00,0,1500,1686,SE
1175944.849,X_LEG_2,-0.03,19.32,-132.00,0,1500,1686,SE
1175944.870,X_LEG_2,-0.03,19.32,-132.00,0,1500,1686,SE
1175944.890,X_LEG_2,-0.03,19.32,-132.00,0,1500,1686,SE
1175944.910,X_LEG_2,-0.03,19.32,-132.00,0,1500,1686,SE
1175944.931,X_LEG_2,-0.03,19.32,-132.00,0,1500,1686,SE
1175944.951,X_LEG_2,-0.03,19.32,-132.00,0,1500,1686,SE
1175944.972,X_LEG_2,-0.03,19.32,-132.00,0,1500,1686,SE
1175944.992,X_LEG_2,-0.03,19.32,-132.00,0,1500,1686,SE
1175945.013,X_LEG_2,-0.03,19.32,-132.00,0,1500,1686,SE
1175945.033,X_LEG_2,-0.03,19.32,-132.00,0,1500,1686,SE
1175945.054,X_LEG_2,-0.03,19.32,-132.00,0,1500,1686,SE
1175945.074,X_LEG_2,-0.03,19.32,-132.00,0,1500,1686,SE
1175945.095,X_LEG_2,-0.03,19.32,-132.00,0,1500,1686,SE
1175945.115,X_LEG_2,-0.03,19.32,-132.00,0,1500,1686,SE
1175945.135,X_LEG_2,-0.03,19.32,-132.00,0,1500,1686,SE
1175945.156,X_LEG_2,-0.03,19.32,-132.00,0,1500,1686,SE
1175945.176,X_LEG_2,-0.03,19.32,-132.00,0,1500,1686,SE
1175945.197,X_LEG_2,-0.03,19.32,-132.00,0,1500,1686,SE
1175945.217,X_LEG_2,-0.03,19.32,-132.00,0,1500,1686,SE
1175945.238,X_LEG_2,-0.03,19.32,-132.00,0,1500,1686,SE
1175945.258,X_LEG_2,-0.03,19.32,-132.00,0,1500,1686,SE
1175945.279,X_LEG_2,-0.03,19.32,-132.00,0,1500,1686,SE
1175945.299,X_LEG_2,-0.03,19.32,-132.00,0,1500,1686,SE
1175945.319,X_LEG_2,-0.03,19.32,-132.00,0,1500,1686,SE
1175945.340,X_LEG_2,-0.03,19.32,-132.00,0,1500,1686,SE
1175945.361,X_LEG_2,-0.03,19.32,-132.00,0,1500,1686,SE
1175945.381,X_LEG_2,-0.03,19.32,-132.00,0,1500,1686,SE
1175945.401,X_LEG_2,-0.03,19.32,-132.00,0,1500,1686,SE
1175945.422,X_LEG_2,-0.03,19.32,-132.00,0,1500,1686,SE
1175945.442,X_LEG_2,-0.03,19.32,-132.00,0,1500,1686,SE
1175945.463,X_LEG_2,-0.03,19.32,-132.00,0,1500,1686,SE
1175945.483,X_LEG_2,-0.03,19.32,-132.00,0,1500,1686,SE
1175945.504,X_LEG_2,-0.03,19.32,-132.00,0,1500,1686,SE
1175945.524,X_LEG_2,-0.03,19.32,-132.00,0,1500,1686,SE
1175945.545,X_LEG_2,-0.03,19.32,-132.00,0,1500,1686,SE
1175945.565,X_LEG_2,-0.03,19.32,-132.00,0,1500,1686,SE
1175945.586,X_LEG_2,-0.03,19.32,-132.00,0,1500,1686,SE
1175945.606,X_LEG_2,-0.03,19.32,-132.00,0,1500,1686,SE
1175945.627,X_LEG_2,-0.03,19.32,-132.00,0,1500,1686,SE
1175945.648,X_LEG_2,-0.03,19.32,-132.00,0,1500,1686,SE
1175945.668,X_LEG_2,-0.03,19.32,-132.00,0,1500,1686,SE
1175945.688,X_LEG_2,-0.03,19.32,-132.00,0,1500,1686,SE
1175945.709,X_LEG_2,-0.03,19.32,-132.00,0,1500,1686,SE
1175945.729,X_LEG_2,-0.03,19.32,-132.00,0,1500,1686,SE
1175945.750,X_LEG_2,-0.03,19.32,-132.00,0,1500,1686,SE
1175945.771,X_LEG_2,-0.03,19.32,-132.00,0,1500,1686,SE
1175945.791,X_LEG_2,-0.03,19.32,-132.00,0,1500,1686,SE
1175945.811,X_LEG_2,-0.03,19.32,-132.00,0,1500,1686,SE
1175945.832,X_LEG_2,-0.03,19.32,-132.00,0,1500,1686,SE
1175945.852,X_LEG_2,-0.03,19.32,-132.00,0,1500,1686,SE
1175945.873,X_LEG_2,-0.03,19.32,-132.00,0,1500,1686,SE
1175945.893,X_LEG_2,-0.03,19.32,-132.00,0,1500,1686,SE
1175945.913,X_LEG_2,-0.03,19.32,-132.00,0,1500,1686,SE
1175945.934,X_LEG_2,-0.03,19.32,-132.00,0,1500,1686,SE
1175945.954,X_LEG_2,-0.03,19.32,-132.00,0,1500,1686,SE
1175945.975,X_LEG_2,-0.03,19.32,-132.00,0,1500,1686,SE
1175945.995,X_LEG_2,-0.03,19.32,-132.00,0,1500,1686,SE
1175946.016,X_LEG_2,-0.03,19.32,-132.00,0,1500,1686,SE
1175946.036,X_LEG_2,-0.03,19.32,-132.00,0,1500,1686,SE
1175946.057,X_LEG_2,-0.03,19.32,-132.00,0,1500,1686,SE
1175946.077,X_LEG_2,-0.03,19.32,-132.00,0,1500,1686,SE
1175946.097,X_LEG_2,-0.03,19.32,-132.00,0,1500,1686,SE
1175946.118,X_LEG_2,-0.03,19.32,-132.00,0,1500,1686,SE
1175946.138,X_LEG_2,-0.03,19.32,-132.00,0,1500,1686,SE
1175946.159,X_LEG_2,-0.03,19.32,-132.00,0,1500,1686,SE
1175946.179,X_LEG_2,-0.03,19.32,-132.00,0,1500,1686,SE
1175946.200,X_LEG_2,-0.03,19.32,-132.00,0,1500,1686,SE
1175946.220,X_LEG_2,-0.03,19.32,-132.00,0,1500,1686,SE
1175946.241,X_LEG_2,-0.03,19.32,-132.00,0,1500,1686,SE
1175946.261,X_LEG_2,-0.03,19.32,-132.00,0,1500,1686,SE
1175946.282,X_LEG_2,-0.03,19.32,-132.00,0,1500,1686,SE
1175946.303,X_LEG_2,-0.03,19.32,-132.00,0,1500,1686,SE
1175946.323,X_LEG_2,-0.03,19.32,-132.00,0,1500,1686,SE
1175946.344,X_LEG_2,-0.03,19.32,-132.00,0,1500,1686,SE
1175946.364,X_LEG_2,-0.03,19.32,-132.00,0,1500,1686,SE
1175946.384,X_LEG_2,-0.03,19.32,-132.00,0,1500,1686,SE
1175946.405,X_LEG_2,-0.03,19.32,-132.00,0,1500,1686,SE
1175946.425,X_LEG_2,-0.03,19.32,-132.00,0,1500,1686,SE
1175946.446,X_LEG_2,-0.03,19.32,-132.00,0,1500,1686,SE
1175946.466,X_LEG_2,-0.03,19.32,-132.00,0,1500,1686,SE
1175946.487,X_LEG_2,-0.03,19.32,-132.00,0,1500,1686,SE
1175946.507,X_LEG_2,-0.03,19.32,-132.00,0,1500,1686,SE
1175946.528,X_LEG_2,-0.03,19.32,-132.00,0,1500,1686,SE
1175946.548,X_LEG_2,-0.03,19.32,-132.00,0,1500,1686,SE
1175946.569,X_LEG_2,-0.03,19.32,-132.00,0,1500,1686,SE
1175946.590,X_LEG_2,-0.03,19.32,-132.00,0,1500,1686,SE
1175946.610,X_LEG_2,-0.03,19.32,-132.00,0,1500,1686,SE
1175946.630,X_LEG_2,-0.03,19.32,-132.00,0,1500,1686,SE
1175946.651,X_LEG_2,-0.03,19.32,-132.00,0,1500,1686,SE
1175946.671,X_LEG_2,-0.03,19.32,-132.00,0,1500,1686,SE
1175946.692,X_LEG_2,-0.03,19.32,-132.00,0,1500,1686,SE
1175946.712,X_LEG_2,-0.03,19.32,-132.00,0,1500,1686,SE
1175946.733,X_LEG_2,-0.03,19.32,-132.00,0,1500,1686,SE
1175946.753,X_LEG_2,-0.03,19.32,-132.00,0,1500,1686,SE
1175946.773,X_LEG_2,-0.03,19.32,-132.00,0,1500,1686,SE
1175946.794,X_LEG_2,-0.03,19.32,-132.00,0,1500,1686,SE
1175946.814,X_LEG_2,-0.03,19.32,-132.00,0,1500,1686,SE
1175946.834,X_LEG_2,-0.03,19.32,-132.00,0,1500,1686,SE
1175946.855,X_LEG_2,-0.03,19.32,-132.00,0,1500,1686,SE
1175946.875,X_LEG_2,-0.03,19.32,-132.00,0,1500,1686,SE
1175946.895,X_LEG_2,-0.03,19.32,-132.00,0,1500,1686,SE
1175946.916,X_LEG_2,-0.03,19.32,-132.00,0,1500,1686,SE
1175946.937,X_LEG_2,-0.03,19.32,-132.00,0,1500,1686,SE
1175946.957,X_LEG_2,-0.03,19.32,-132.00,0,1500,1686,SE
1175946.978,X_LEG_2,-0.03,19.32,-132.00,0,1500,1686,SE
1175946.998,X_LEG_2,-0.03,19.32,-132.00,0,1500,1686,SE
1175947.018,X_LEG_2,-0.03,19.32,-132.00,0,1500,1686,SE
1175947.038,X_LEG_2,-0.03,19.32,-132.00,0,1500,1686,SE
1175947.059,X_LEG_2,-0.03,19.32,-132.00,0,1500,1686,SE
1175947.079,X_LEG_2,-0.03,19.32,-132.00,0,1500,1686,SE
1175947.100,X_LEG_2,-0.03,19.32,-132.00,0,1500,1686,SE
1175947.121,X_LEG_2,-0.03,19.32,-132.00,0,1500,1686,SE
1175947.142,X_LEG_2,-0.03,19.32,-132.00,0,1500,1686,SE
1175947.162,X_LEG_2,-0.03,19.32,-132.00,0,1500,1686,SE
1175947.182,X_LEG_2,-0.03,19.32,-132.00,0,1500,1686,SE
1175947.203,X_LEG_2,-0.03,19.32,-132.00,0,1500,1686,SE
1175947.223,X_LEG_2,-0.03,19.32,-132.00,0,1500,1686,SE
1175947.244,X_LEG_2,-0.03,19.32,-132.00,0,1500,1686,SE
1175947.264,X_LEG_2,-0.03,19.32,-132.00,0,1500,1686,SE
1175947.285,X_LEG_2,-0.03,19.32,-132.00,0,1500,1686,SE
1175947.305,X_LEG_2,-0.03,19.32,-132.00,0,1500,1686,SE
1175947.326,X_LEG_2,-0.03,19.32,-132.00,0,1500,1686,SE
1175947.346,X_LEG_2,-0.03,19.32,-132.00,0,1500,1686,SE
1175947.367,X_LEG_2,-0.03,19.32,-132.00,0,1500,1686,SE
1175947.387,X_LEG_2,-0.03,19.32,-132.00,0,1500,1686,SE
1175947.407,X_LEG_2,-0.03,19.32,-132.00,0,1500,1686,SE
1175947.428,X_LEG_2,-0.03,19.32,-132.00,0,1500,1686,SE
1175947.449,X_LEG_2,-0.03,19.32,-132.00,0,1500,1686,SE
1175947.469,X_LEG_2,-0.03,19.32,-132.00,0,1500,1686,SE
1175947.489,X_LEG_2,-0.03,19.32,-132.00,0,1500,1686,SE
1175947.510,X_LEG_2,-0.03,19.32,-132.00,0,1500,1686,SE
1175947.530,X_LEG_2,-0.03,19.32,-132.00,0,1500,1686,SE
1175947.551,X_LEG_2,-0.03,19.32,-132.00,0,1500,1686,SE
1175947.572,X_LEG_2,-0.03,19.32,-132.00,0,1500,1686,SE
1175947.592,X_LEG_2,-0.03,19.32,-132.00,0,1500,1686,SE
1175947.613,X_LEG_2,-0.03,19.32,-132.00,0,1500,1686,SE
1175947.633,X_LEG_2,-0.03,19.32,-132.00,0,1500,1686,SE
1175947.654,X_LEG_2,-0.03,19.32,-132.00,0,1500,1686,SE
1175947.674,X_LEG_2,-0.03,19.32,-132.00,0,1500,1686,SE
1175947.695,X_LEG_2,-0.03,19.32,-132.00,0,1500,1686,SE
1175947.715,X_LEG_2,-0.03,19.32,-132.00,0,1500,1686,SE
1175947.735,X_LEG_2,-0.03,19.32,-132.00,0,1500,1686,SE
1175947.756,X_LEG_2,-0.03,19.32,-132.00,0,1500,1686,SE
1175947.776,X_LEG_2,-0.03,19.32,-132.00,0,1500,1686,SE
1175947.797,X_LEG_2,-0.03,19.32,-132.00,0,1500,1686,SE
1175947.818,X_LEG_2,-0.03,19.32,-132.00,0,1500,1686,SE
1175947.838,X_LEG_2,-0.03,19.32,-132.00,0,1500,1686,SE
1175947.858,X_LEG_2,-0.03,19.32,-132.00,0,1500,1686,SE
1175947.879,X_LEG_2,-0.03,19.32,-132.00,0,1500,1686,SE
1175947.899,X_LEG_2,-0.03,19.32,-132.00,0,1500,1686,SE
1175947.919,X_LEG_2,-0.03,19.32,-132.00,0,1500,1686,SE
1175947.939,X_LEG_2,-0.03,19.32,-132.00,0,1500,1686,SE
1175947.959,X_LEG_2,-0.03,19.32,-132.00,0,1500,1686,SE
1175947.980,X_LEG_2,-0.03,19.32,-132.00,0,1500,1686,SE
1175948.000,X_LEG_2,-0.03,19.32,-132.00,0,1500,1686,SE
1175948.021,X_LEG_2,-0.03,19.32,-132.00,0,1500,1686,SE
1175948.042,X_LEG_2,-0.03,19.32,-132.00,0,1500,1686,SE
1175948.062,X_LEG_2,-0.03,19.32,-132.00,0,1500,1686,SE
1175948.082,X_LEG_2,-0.03,19.32,-132.00,0,1500,1686,SE
1175948.103,X_LEG_2,-0.03,19.32,-132.00,0,1500,1686,SE
1175948.123,X_LEG_2,-0.03,19.32,-132.00,0,1500,1686,SE
1175948.143,X_LEG_2,-0.03,19.32,-132.00,0,1500,1686,SE
1175948.164,X_LEG_2,-0.03,19.32,-132.00,0,1500,1686,SE
1175948.185,X_LEG_2,-0.03,19.32,-132.00,0,1500,1686,SE
1175948.205,X_LEG_2,-0.03,19.32,-132.00,0,1500,1686,SE
1175948.226,X_LEG_2,-0.03,19.32,-132.00,0,1500,1686,SE
1175948.246,X_LEG_2,-0.03,19.32,-132.00,0,1500,1686,SE
1175948.267,X_LEG_2,-0.03,19.32,-132.00,0,1500,1686,SE
1175948.288,X_LEG_2,-0.03,19.32,-132.00,0,1500,1686,SE
1175948.308,X_LEG_2,-0.03,19.32,-132.00,0,1500,1686,SE
1175948.329,X_LEG_2,-0.03,19.32,-132.00,0,1500,1686,SE
1175948.349,X_LEG_2,-0.03,19.32,-132.00,0,1500,1686,SE
1175948.370,X_LEG_2,-0.03,19.32,-132.00,0,1500,1686,SE
1175948.390,X_LEG_2,-0.03,19.32,-132.00,0,1500,1686,SE
1175948.411,X_LEG_2,-0.03,19.32,-132.00,0,1500,1686,SE
1175948.431,X_LEG_2,-0.03,19.32,-132.00,0,1500,1686,SE
1175948.452,X_LEG_2,-0.03,19.32,-132.00,0,1500,1686,SE
1175948.472,X_LEG_2,-0.03,19.32,-132.00,0,1500,1686,SE
1175948.492,X_LEG_2,-0.03,19.32,-132.00,0,1500,1686,SE
1175948.513,X_LEG_2,-0.03,19.32,-132.00,0,1500,1686,SE
1175948.533,X_LEG_2,-0.03,19.32,-132.00,0,1500,1686,SE
1175948.553,X_LEG_2,-0.03,19.32,-132.00,0,1500,1686,SE
1175948.574,X_LEG_2,-0.03,19.32,-132.00,0,1500,1686,SE
1175948.594,X_LEG_2,-0.03,19.32,-132.00,0,1500,1686,SE
1175948.614,X_LEG_2,-0.03,19.32,-132.00,0,1500,1686,SE
1175948.634,X_LEG_2,-0.03,19.32,-132.00,0,1500,1686,SE
1175948.655,X_LEG_2,-0.03,19.32,-132.00,0,1500,1686,SE
1175948.675,X_LEG_2,-0.03,19.32,-132.00,0,1500,1686,SE
1175948.696,X_LEG_2,-0.03,19.32,-132.00,0,1500,1686,SE
1175948.716,X_LEG_2,-0.03,19.32,-132.00,0,1500,1686,SE
1175948.736,X_LEG_2,-0.03,19.32,-132.00,0,1500,1686,SE
1175948.757,X_LEG_2,-0.03,19.32,-132.00,0,1500,1686,SE
1175948.777,X_LEG_2,-0.03,19.32,-132.00,0,1500,1686,SE
1175948.798,X_LEG_2,-0.03,19.32,-132.00,0,1500,1686,SE
1175948.819,X_LEG_2,-0.03,19.32,-132.00,0,1500,1686,SE
1175948.839,X_LEG_2,-0.03,19.32,-132.00,0,1500,1686,SE
1175948.860,X_LEG_2,-0.03,19.32,-132.00,0,1500,1686,SE
1175948.880,X_LEG_2,-0.03,19.32,-132.00,0,1500,1686,SE
1175948.901,X_LEG_2,-0.03,19.32,-132.00,0,1500,1686,SE
1175948.921,X_LEG_2,-0.03,19.32,-132.00,0,1500,1686,SE
1175948.941,X_LEG_2,-0.03,19.32,-132.00,0,1500,1686,SE
1175948.962,X_LEG_2,-0.03,19.32,-132.00,0,1500,1686,SE
1175948.982,X_LEG_2,-0.03,19.32,-132.00,0,1500,1686,SE
1175949.003,X_LEG_2,-0.03,19.32,-132.00,0,1500,1686,SE
1175949.023,X_LEG_2,-0.03,19.32,-132.00,0,1500,1686,SE
1175949.043,X_LEG_2,-0.03,19.32,-132.00,0,1500,1686,SE
1175949.063,X_LEG_2,-0.03,19.32,-132.00,0,1500,1686,SE
1175949.084,X_LEG_2,-0.03,19.32,-132.00,0,1500,1686,SE
1175949.104,X_LEG_2,-0.03,19.32,-132.00,0,1500,1686,SE
1175949.124,X_LEG_2,-0.03,19.32,-132.00,0,1500,1686,SE
1175949.144,X_LEG_2,-0.03,19.32,-132.00,0,1500,1686,SE
1175949.165,X_LEG_2,-0.03,19.32,-132.00,0,1500,1686,SE
1175949.185,X_LEG_2,-0.03,19.32,-132.00,0,1500,1686,SE
1175949.206,X_LEG_2,-0.03,19.32,-132.00,0,1500,1686,SE
1175949.226,X_LEG_2,-0.03,19.32,-132.00,0,1500,1686,SE
1175949.246,X_LEG_2,-0.03,19.32,-132.00,0,1500,1686,SE
1175949.267,X_LEG_2,-0.03,19.32,-132.00,0,1500,1686,SE
1175949.288,X_LEG_2,-0.03,19.32,-132.00,0,1500,1686,SE
1175949.308,X_LEG_2,-0.03,19.32,-132.00,0,1500,1686,SE
1175949.328,X_LEG_2,-0.03,19.32,-132.00,0,1500,1686,SE
1175949.349,X_LEG_2,-0.03,19.32,-132.00,0,1500,1686,SE
1175949.369,X_LEG_2,-0.03,19.32,-132.00,0,1500,1686,SE
1175949.390,X_LEG_2,-0.03,19.32,-132.00,0,1500,1686,SE
1175949.410,X_LEG_2,-0.03,19.32,-132.00,0,1500,1686,SE
1175949.431,X_LEG_2,-0.03,19.32,-132.00,0,1500,1686,SE
1175949.451,X_LEG_2,-0.03,19.32,-132.00,0,1500,1686,SE
1175949.472,X_LEG_2,-0.03,19.32,-132.00,0,1500,1686,SE
1175949.492,X_LEG_2,-0.03,19.32,-132.00,0,1500,1686,SE
1175949.512,X_LEG_2,-0.03,19.32,-132.00,0,1500,1686,SE
1175949.533,X_LEG_2,-0.03,19.32,-132.00,0,1500,1686,SE
1175949.554,X_LEG_2,-0.03,19.32,-132.00,0,1500,1686,SE
1175949.574,X_LEG_2,-0.03,19.32,-132.00,0,1500,1686,SE
1175949.594,X_LEG_2,-0.03,19.32,-132.00,0,1500,1686,SE
1175949.615,X_LEG_2,-0.03,19.32,-132.00,0,1500,1686,SE
1175949.635,X_LEG_2,-0.03,19.32,-132.00,0,1500,1686,SE
1175949.656,X_LEG_2,-0.03,19.32,-132.00,0,1500,1686,SE
1175949.676,X_LEG_2,-0.03,19.32,-132.00,0,1500,1686,SE
1175949.697,X_LEG_2,-0.03,19.32,-132.00,0,1500,1686,SE
1175949.717,X_LEG_2,-0.03,19.32,-132.00,0,1500,1686,SE
1175949.738,X_LEG_2,-0.03,19.32,-132.00,0,1500,1686,SE
1175949.759,X_LEG_2,-0.03,19.32,-132.00,0,1500,1686,SE
1175949.780,X_LEG_2,-0.03,19.32,-132.00,0,1500,1686,SE
1175949.800,X_LEG_2,-0.03,19.32,-132.00,0,1500,1686,SE
1175949.821,X_LEG_2,-0.03,19.32,-132.00,0,1500,1686,SE
1175949.841,X_LEG_2,-0.03,19.32,-132.00,0,1500,1686,SE
1175949.864,X_LEG_2,-0.03,19.32,-132.00,0,1500,1686,SE
1175949.884,X_LEG_2,-0.03,19.32,-132.00,0,1500,1686,SE
1175949.904,X_LEG_2,-0.03,19.32,-132.00,0,1500,1686,SE
1175949.925,X_LEG_2,-0.03,19.32,-132.00,0,1500,1686,SE
1175949.946,X_LEG_2,-0.03,19.32,-132.00,0,1500,1686,SE
1175949.966,X_LEG_2,-0.03,19.32,-132.00,0,1500,1686,SE
1175949.986,X_LEG_2,-0.03,19.32,-132.00,0,1500,1686,SE
1175950.008,X_LEG_2,-0.03,19.32,-132.00,0,1500,1686,SE
1175950.028,X_LEG_2,-0.03,19.32,-132.00,0,1500,1686,SE
1175950.049,X_LEG_2,-0.03,19.32,-132.00,0,1500,1686,SE
1175950.070,X_LEG_2,-0.03,19.32,-132.00,0,1500,1686,SE
1175950.090,X_LEG_2,-0.03,19.32,-132.00,0,1500,1686,SE
1175950.111,X_LEG_2,-0.03,19.32,-132.00,0,1500,1686,SE
1175950.132,X_LEG_2,-0.03,19.32,-132.00,0,1500,1686,SE
1175950.152,X_LEG_2,-0.03,19.32,-132.00,0,1500,1686,SE
1175950.173,X_LEG_2,-0.03,19.32,-132.00,0,1500,1686,SE
1175950.194,X_LEG_2,-0.03,19.32,-132.00,0,1500,1686,SE
1175950.214,X_LEG_2,-0.03,19.32,-132.00,0,1500,1686,SE
1175950.235,X_LEG_2,-0.03,19.32,-132.00,0,1500,1686,SE
1175950.255,X_LEG_2,-0.03,19.32,-132.00,0,1500,1686,SE
1175950.275,X_LEG_2,-0.03,19.32,-132.00,0,1500,1686,SE
1175950.296,X_LEG_2,-0.03,19.32,-132.00,0,1500,1686,SE
1175950.316,X_LEG_2,-0.03,19.32,-132.00,0,1500,1686,SE
1175950.336,X_LEG_2,-0.03,19.32,-132.00,0,1500,1686,SE
1175950.357,X_LEG_2,-0.03,19.32,-132.00,0,1500,1686,SE
1175950.377,X_LEG_2,-0.03,19.32,-132.00,0,1500,1686,SE
1175950.397,X_LEG_2,-0.03,19.32,-132.00,0,1500,1686,SE
1175950.418,X_LEG_2,-0.03,19.32,-132.00,0,1500,1686,SE
1175950.439,X_LEG_2,-0.03,19.32,-132.00,0,1500,1686,SE
1175950.459,X_LEG_2,-0.03,19.32,-132.00,0,1500,1686,SE
1175950.480,X_LEG_2,-0.03,19.32,-132.00,0,1500,1686,SE
1175950.500,X_LEG_2,-0.03,19.32,-132.00,0,1500,1686,SE
1175950.520,X_LEG_2,-0.03,19.32,-132.00,0,1500,1686,SE
1175950.541,X_LEG_2,-0.03,19.32,-132.00,0,1500,1686,SE
1175950.561,X_LEG_2,-0.03,19.32,-132.00,0,1500,1686,SE
1175950.582,X_LEG_2,-0.03,19.32,-132.00,0,1500,1686,SE
1175950.602,X_LEG_2,-0.03,19.32,-132.00,0,1500,1686,SE
1175950.623,X_LEG_2,-0.03,19.32,-132.00,0,1500,1686,SE
1175950.643,X_LEG_2,-0.03,19.32,-132.00,0,1500,1686,SE
1175950.663,X_LEG_2,-0.03,19.32,-132.00,0,1500,1686,SE
1175950.684,X_LEG_2,-0.03,19.32,-132.00,0,1500,1686,SE
1175950.704,X_LEG_2,-0.03,19.32,-132.00,0,1500,1686,SE
1175950.726,X_LEG_2,-0.03,19.32,-132.00,0,1500,1686,SE
1175950.746,X_LEG_2,-0.03,19.32,-132.00,0,1500,1686,SE
1175950.767,X_LEG_2,-0.03,19.32,-132.00,0,1500,1686,SE
1175950.787,X_LEG_2,-0.03,19.32,-132.00,0,1500,1686,SE
1175950.807,X_LEG_2,-0.03,19.32,-132.00,0,1500,1686,SE
1175950.828,X_LEG_2,-0.03,19.32,-132.00,0,1500,1686,SE
1175950.848,X_LEG_2,-0.03,19.32,-132.00,0,1500,1686,SE
1175950.869,X_LEG_2,-0.03,19.32,-132.00,0,1500,1686,SE
1175950.889,X_LEG_2,-0.03,19.32,-132.00,0,1500,1686,SE
1175950.910,X_LEG_2,-0.03,19.32,-132.00,0,1500,1686,SE
1175950.931,X_LEG_2,-0.03,19.32,-132.00,0,1500,1686,SE
1175950.951,X_LEG_2,-0.03,19.32,-132.00,0,1500,1686,SE
1175950.972,X_LEG_2,-0.03,19.32,-132.00,0,1500,1686,SE
1175950.992,X_LEG_2,-0.03,19.32,-132.00,0,1500,1686,SE
1175951.013,X_LEG_2,-0.03,19.32,-132.00,0,1500,1686,SE
1175951.033,X_LEG_2,-0.03,19.32,-132.00,0,1500,1686,SE
1175951.053,X_LEG_2,-0.03,19.32,-132.00,0,1500,1686,SE
1175951.074,X_LEG_2,-0.03,19.32,-132.00,0,1500,1686,SE
1175951.094,X_LEG_2,-0.03,19.32,-132.00,0,1500,1686,SE
1175951.115,X_LEG_2,-0.03,19.32,-132.00,0,1500,1686,SE
1175951.135,X_LEG_2,-0.03,19.32,-132.00,0,1500,1686,SE
1175951.156,X_LEG_2,-0.03,19.32,-132.00,0,1500,1686,SE
1175951.177,X_LEG_2,-0.03,19.32,-132.00,0,1500,1686,SE
1175951.197,X_LEG_2,-0.03,19.32,-132.00,0,1500,1686,SE
1175951.218,X_LEG_2,-0.03,19.32,-132.00,0,1500,1686,SE
1175951.238,X_LEG_2,-0.03,19.32,-132.00,0,1500,1686,SE
1175951.258,X_LEG_2,-0.03,19.32,-132.00,0,1500,1686,SE
1175951.279,X_LEG_2,-0.03,19.32,-132.00,0,1500,1686,SE
1175951.300,X_LEG_2,-0.03,19.32,-132.00,0,1500,1686,SE
1175951.320,X_LEG_2,-0.03,19.32,-132.00,0,1500,1686,SE
1175951.341,X_LEG_2,-0.03,19.32,-132.00,0,1500,1686,SE
1175951.361,X_LEG_2,-0.03,19.32,-132.00,0,1500,1686,SE
1175951.381,X_LEG_2,-0.03,19.32,-132.00,0,1500,1686,SE
1175951.402,X_LEG_2,-0.03,19.32,-132.00,0,1500,1686,SE
1175951.422,X_LEG_2,-0.03,19.32,-132.00,0,1500,1686,SE
1175951.443,X_LEG_2,-0.03,19.32,-132.00,0,1500,1686,SE
1175951.463,X_LEG_2,-0.03,19.32,-132.00,0,1500,1686,SE
1175951.484,X_LEG_2,-0.03,19.32,-132.00,0,1500,1686,SE
1175951.505,X_LEG_2,-0.03,19.32,-132.00,0,1500,1686,SE
1175951.526,X_LEG_2,-0.03,19.32,-132.00,0,1500,1686,SE
1175951.546,X_LEG_2,-0.03,19.32,-132.00,0,1500,1686,SE
1175951.566,X_LEG_2,-0.03,19.32,-132.00,0,1500,1686,SE
1175951.587,X_LEG_2,-0.03,19.32,-132.00,0,1500,1686,SE
1175951.607,X_LEG_2,-0.03,19.32,-132.00,0,1500,1686,SE
1175951.628,X_LEG_2,-0.03,19.32,-132.00,0,1500,1686,SE
1175951.648,X_LEG_2,-0.03,19.32,-132.00,0,1500,1686,SE
1175951.669,X_LEG_2,-0.03,19.32,-132.00,0,1500,1686,SE
1175951.689,X_LEG_2,-0.03,19.32,-132.00,0,1500,1686,SE
1175951.709,X_LEG_2,-0.03,19.32,-132.00,0,1500,1686,SE
1175951.729,X_LEG_2,-0.03,19.32,-132.00,0,1500,1686,SE
1175951.750,X_LEG_2,-0.03,19.32,-132.00,0,1500,1686,SE
1175951.771,X_LEG_2,-0.03,19.32,-132.00,0,1500,1686,SE
1175951.792,X_LEG_2,-0.03,19.32,-132.00,0,1500,1686,SE
1175951.812,X_LEG_2,-0.03,19.32,-132.00,0,1500,1686,SE
1175951.833,X_LEG_2,-0.03,19.32,-132.00,0,1500,1686,SE
1175951.854,X_LEG_2,-0.03,19.32,-132.00,0,1500,1686,SE
1175951.874,X_LEG_2,-0.03,19.32,-132.00,0,1500,1686,SE
1175951.895,X_LEG_2,-0.03,19.32,-132.00,0,1500,1686,SE
1175951.915,X_LEG_2,-0.03,19.32,-132.00,0,1500,1686,SE
1175951.936,X_LEG_2,-0.03,19.32,-132.00,0,1500,1686,SE
1175951.956,X_LEG_2,-0.03,19.32,-132.00,0,1500,1686,SE
1175951.977,X_LEG_2,-0.03,19.32,-132.00,0,1500,1686,SE
1175951.997,X_LEG_2,-0.03,19.32,-132.00,0,1500,1686,SE
1175952.018,X_LEG_2,-0.03,19.32,-132.00,0,1500,1686,SE
1175952.038,X_LEG_2,-0.03,19.32,-132.00,0,1500,1686,SE
1175952.058,X_LEG_2,-0.03,19.32,-132.00,0,1500,1686,SE
1175952.078,X_LEG_2,-0.03,19.32,-132.00,0,1500,1686,SE
1175952.099,X_LEG_2,-0.03,19.32,-132.00,0,1500,1686,SE
1175952.119,X_LEG_2,-0.03,19.32,-132.00,0,1500,1686,SE
1175952.140,X_LEG_2,-0.03,19.32,-132.00,0,1500,1686,SE
1175952.161,X_LEG_2,-0.03,19.32,-132.00,0,1500,1686,SE
1175952.182,X_LEG_2,-0.03,19.32,-132.00,0,1500,1686,SE
1175952.202,X_LEG_2,-0.03,19.32,-132.00,0,1500,1686,SE
1175952.223,X_LEG_2,-0.03,19.32,-132.00,0,1500,1686,SE
1175952.244,X_LEG_2,-0.03,19.32,-132.00,0,1500,1686,SE
1175952.264,X_LEG_2,-0.03,19.32,-132.00,0,1500,1686,SE
1175952.285,X_LEG_2,-0.03,19.32,-132.00,0,1500,1686,SE
1175952.305,X_LEG_2,-0.03,19.32,-132.00,0,1500,1686,SE
1175952.325,X_LEG_2,-0.03,19.32,-132.00,0,1500,1686,SE
1175952.346,X_LEG_2,-0.03,19.32,-132.00,0,1500,1686,SE
1175952.366,X_LEG_2,-0.03,19.32,-132.00,0,1500,1686,SE
1175952.387,X_LEG_2,-0.03,19.32,-132.00,0,1500,1686,SE
1175952.407,X_LEG_2,-0.03,19.32,-132.00,0,1500,1686,SE
1175952.428,X_LEG_2,-0.03,19.32,-132.00,0,1500,1686,SE
1175952.448,X_LEG_2,-0.03,19.32,-132.00,0,1500,1686,SE
1175952.469,X_LEG_2,-0.03,19.32,-132.00,0,1500,1686,SE
1175952.490,X_LEG_2,-0.03,19.32,-132.00,0,1500,1686,SE
1175952.510,X_LEG_2,-0.03,19.32,-132.00,0,1500,1686,SE
1175952.530,X_LEG_2,-0.03,19.32,-132.00,0,1500,1686,SE
1175952.551,X_LEG_2,-0.03,19.32,-132.00,0,1500,1686,SE
1175952.571,X_LEG_2,-0.03,19.32,-132.00,0,1500,1686,SE
1175952.592,X_LEG_2,-0.03,19.32,-132.00,0,1500,1686,SE
1175952.612,X_LEG_2,-0.03,19.32,-132.00,0,1500,1686,SE
1175952.633,X_LEG_2,-0.03,19.32,-132.00,0,1500,1686,SE
1175952.653,X_LEG_2,-0.03,19.32,-132.00,0,1500,1686,SE
1175952.673,X_LEG_2,-0.03,19.32,-132.00,0,1500,1686,SE
1175952.693,X_LEG_2,-0.03,19.32,-132.00,0,1500,1686,SE
1175952.714,X_LEG_2,-0.03,19.32,-132.00,0,1500,1686,SE
1175952.734,X_LEG_2,-0.03,19.32,-132.00,0,1500,1686,SE
1175952.755,X_LEG_2,-0.03,19.32,-132.00,0,1500,1686,SE
1175952.775,X_LEG_2,-0.03,19.32,-132.00,0,1500,1686,SE
1175952.795,X_LEG_2,-0.03,19.32,-132.00,0,1500,1686,SE
1175952.816,X_LEG_2,-0.03,19.32,-132.00,0,1500,1686,SE
1175952.836,X_LEG_2,-0.03,19.32,-132.00,0,1500,1686,SE
1175952.857,X_LEG_2,-0.03,19.32,-132.00,0,1500,1686,SE
1175952.877,X_LEG_2,-0.03,19.32,-132.00,0,1500,1686,SE
1175952.898,X_LEG_2,-0.03,19.32,-132.00,0,1500,1686,SE
1175952.918,X_LEG_2,-0.03,19.32,-132.00,0,1500,1686,SE
1175952.939,X_LEG_2,-0.03,19.32,-132.00,0,1500,1686,SE
1175952.960,X_LEG_2,-0.03,19.32,-132.00,0,1500,1686,SE
1175952.980,X_LEG_2,-0.03,19.32,-132.00,0,1500,1686,SE
1175953.001,X_LEG_2,-0.03,19.32,-132.00,0,1500,1686,SE
1175953.021,X_LEG_2,-0.03,19.32,-132.00,0,1500,1686,SE
1175953.042,X_LEG_2,-0.03,19.32,-132.00,0,1500,1686,SE
1175953.064,X_LEG_2,-0.03,19.32,-132.00,0,1500,1686,SE
1175953.084,X_LEG_2,-0.03,19.32,-132.00,0,1500,1686,SE
1175953.105,X_LEG_2,-0.03,19.32,-132.00,0,1500,1686,SE
1175953.125,X_LEG_2,-0.03,19.32,-132.00,0,1500,1686,SE
1175953.146,X_LEG_2,-0.03,19.32,-132.00,0,1500,1686,SE
1175953.166,X_LEG_2,-0.03,19.32,-132.00,0,1500,1686,SE
1175953.187,X_LEG_2,-0.03,19.32,-132.00,0,1500,1686,SE
1175953.207,X_LEG_2,-0.03,19.32,-132.00,0,1500,1686,SE
1175953.228,X_LEG_2,-0.03,19.32,-132.00,0,1500,1686,SE
1175953.248,X_LEG_2,-0.03,19.32,-132.00,0,1500,1686,SE
1175953.268,X_LEG_2,-0.03,19.32,-132.00,0,1500,1686,SE
1175953.289,X_LEG_2,-0.03,19.32,-132.00,0,1500,1686,SE
1175953.309,X_LEG_2,-0.03,19.32,-132.00,0,1500,1686,SE
1175953.330,X_LEG_2,-0.03,19.32,-132.00,0,1500,1686,SE
1175953.350,X_LEG_2,-0.03,19.32,-132.00,0,1500,1686,SE
1175953.371,X_LEG_2,-0.03,19.32,-132.00,0,1500,1686,SE
1175953.391,X_LEG_2,-0.03,19.32,-132.00,0,1500,1686,SE
1175953.411,X_LEG_2,-0.03,19.32,-132.00,0,1500,1686,SE
1175953.432,X_LEG_2,-0.03,19.32,-132.00,0,1500,1686,SE
1175953.452,X_LEG_2,-0.03,19.32,-132.00,0,1500,1686,SE
1175953.473,X_LEG_2,-0.03,19.32,-132.00,0,1500,1686,SE
1175953.493,X_LEG_2,-0.03,19.32,-132.00,0,1500,1686,SE
1175953.514,X_LEG_2,-0.03,19.32,-132.00,0,1500,1686,SE
1175953.534,X_LEG_2,-0.03,19.32,-132.00,0,1500,1686,SE
1175953.554,X_LEG_2,-0.03,19.32,-132.00,0,1500,1686,SE
1175953.575,X_LEG_2,-0.03,19.32,-132.00,0,1500,1686,SE
1175953.595,X_LEG_2,-0.03,19.32,-132.00,0,1500,1686,SE
1175953.615,X_LEG_2,-0.03,19.32,-132.00,0,1500,1686,SE
1175953.636,X_LEG_2,-0.03,19.32,-132.00,0,1500,1686,SE
1175953.656,X_LEG_2,-0.03,19.32,-132.00,0,1500,1686,SE
1175953.678,X_LEG_2,-0.03,19.32,-132.00,0,1500,1686,SE
1175953.698,X_LEG_2,-0.03,19.32,-132.00,0,1500,1686,SE
1175953.718,X_LEG_2,-0.03,19.32,-132.00,0,1500,1686,SE
1175953.738,X_LEG_2,-0.03,19.32,-132.00,0,1500,1686,SE
1175953.759,X_LEG_2,-0.03,19.32,-132.00,0,1500,1686,SE
1175953.779,X_LEG_2,-0.03,19.32,-132.00,0,1500,1686,SE
1175953.799,X_LEG_2,-0.03,19.32,-132.00,0,1500,1686,SE
1175953.820,X_LEG_2,-0.03,19.32,-132.00,0,1500,1686,SE
1175953.840,X_LEG_2,-0.03,19.32,-132.00,0,1500,1686,SE
1175953.860,X_LEG_2,-0.03,19.32,-132.00,0,1500,1686,SE
1175953.881,X_LEG_2,-0.03,19.32,-132.00,0,1500,1686,SE
1175953.902,X_LEG_2,-0.03,19.32,-132.00,0,1500,1686,SE
1175953.922,X_LEG_2,-0.03,19.32,-132.00,0,1500,1686,SE
1175953.943,X_LEG_2,-0.03,19.32,-132.00,0,1500,1686,SE
1175953.964,X_LEG_2,-0.03,19.32,-132.00,0,1500,1686,SE
1175953.984,X_LEG_2,-0.03,19.32,-132.00,0,1500,1686,SE
1175954.004,X_LEG_2,-0.03,19.32,-132.00,0,1500,1686,SE
1175954.025,X_LEG_2,-0.03,19.32,-132.00,0,1500,1686,SE
1175954.045,X_LEG_2,-0.03,19.32,-132.00,0,1500,1686,SE
1175954.065,X_LEG_2,-0.03,19.32,-132.00,0,1500,1686,SE
1175954.086,X_LEG_2,-0.03,19.32,-132.00,0,1500,1686,SE
1175954.106,X_LEG_2,-0.03,19.32,-132.00,0,1500,1686,SE
1175954.127,X_LEG_2,-0.03,19.32,-132.00,0,1500,1686,SE
1175954.147,X_LEG_2,-0.03,19.32,-132.00,0,1500,1686,SE
1175954.168,X_LEG_2,-0.03,19.32,-132.00,0,1500,1686,SE
1175954.188,X_LEG_2,-0.03,19.32,-132.00,0,1500,1686,SE
1175954.209,X_LEG_2,-0.03,19.32,-132.00,0,1500,1686,SE
1175954.230,X_LEG_2,-0.03,19.32,-132.00,0,1500,1686,SE
1175954.250,X_LEG_2,-0.03,19.32,-132.00,0,1500,1686,SE
1175954.270,X_LEG_2,-0.03,19.32,-132.00,0,1500,1686,SE
1175954.290,X_LEG_2,-0.03,19.32,-132.00,0,1500,1686,SE
1175954.311,X_LEG_2,-0.03,19.32,-132.00,0,1500,1686,SE
1175954.331,X_LEG_2,-0.03,19.32,-132.00,0,1500,1686,SE
1175954.352,X_LEG_2,-0.03,19.32,-132.00,0,1500,1686,SE
1175954.372,X_LEG_2,-0.03,19.32,-132.00,0,1500,1686,SE
1175954.392,X_LEG_2,-0.03,19.32,-132.00,0,1500,1686,SE
1175954.413,X_LEG_2,-0.03,19.32,-132.00,0,1500,1686,SE
1175954.433,X_LEG_2,-0.03,19.32,-132.00,0,1500,1686,SE
1175954.454,X_LEG_2,-0.03,19.32,-132.00,0,1500,1686,SE
1175954.474,X_LEG_2,-0.03,19.32,-132.00,0,1500,1686,SE
1175954.494,X_LEG_2,-0.03,19.32,-132.00,0,1500,1686,SE
1175954.514,X_LEG_2,-0.03,19.32,-132.00,0,1500,1686,SE
1175954.535,X_LEG_2,-0.03,19.32,-132.00,0,1500,1686,SE
1175954.555,X_LEG_2,-0.03,19.32,-132.00,0,1500,1686,SE
1175954.575,X_LEG_2,-0.03,19.32,-132.00,0,1500,1686,SE
1175954.596,X_LEG_2,-0.03,19.32,-132.00,0,1500,1686,SE
1175954.616,X_LEG_2,-0.03,19.32,-132.00,0,1500,1686,SE
1175954.636,X_LEG_2,-0.03,19.32,-132.00,0,1500,1686,SE
1175954.656,X_LEG_2,-0.03,19.32,-132.00,0,1500,1686,SE
1175954.677,X_LEG_2,-0.03,19.32,-132.00,0,1500,1686,SE
1175954.697,X_LEG_2,-0.03,19.32,-132.00,0,1500,1686,SE
1175954.717,X_LEG_2,-0.03,19.32,-132.00,0,1500,1686,SE
1175954.738,X_LEG_2,-0.03,19.32,-132.00,0,1500,1686,SE
1175954.758,X_LEG_2,-0.03,19.32,-132.00,0,1500,1686,SE
1175954.779,X_LEG_2,-0.03,19.32,-132.00,0,1500,1686,SE
1175954.799,X_LEG_2,-0.03,19.32,-132.00,0,1500,1686,SE
1175954.819,X_LEG_2,-0.03,19.32,-132.00,0,1500,1686,SE
1175954.840,X_LEG_2,-0.03,19.32,-132.00,0,1500,1686,SE
1175954.860,X_LEG_2,-0.03,19.32,-132.00,0,1500,1686,SE
1175954.881,X_LEG_2,-0.03,19.32,-132.00,0,1500,1686,SE
1175954.901,X_LEG_2,-0.03,19.32,-132.00,0,1500,1686,SE
1175954.922,X_LEG_2,-0.03,19.32,-132.00,0,1500,1686,SE
1175954.942,X_LEG_2,-0.03,19.32,-132.00,0,1500,1686,SE
1175954.963,X_LEG_2,-0.03,19.32,-132.00,0,1500,1686,SE
1175954.983,X_LEG_2,-0.03,19.32,-132.00,0,1500,1686,SE
1175955.004,X_LEG_2,-0.03,19.32,-132.00,0,1500,1686,SE
1175955.024,X_LEG_2,-0.03,19.32,-132.00,0,1500,1686,SE
1175955.045,X_LEG_2,-0.03,19.32,-132.00,0,1500,1686,SE
1175955.065,X_LEG_2,-0.03,19.32,-132.00,0,1500,1686,SE
1175955.085,X_LEG_2,-0.03,19.32,-132.00,0,1500,1686,SE
1175955.106,X_LEG_2,-0.03,19.32,-132.00,0,1500,1686,SE
1175955.126,X_LEG_2,-0.03,19.32,-132.00,0,1500,1686,SE
1175955.147,X_LEG_2,-0.03,19.32,-132.00,0,1500,1686,SE
1175955.167,X_LEG_2,-0.03,19.32,-132.00,0,1500,1686,SE
1175955.188,X_LEG_2,-0.03,19.32,-132.00,0,1500,1686,SE
1175955.208,X_LEG_2,-0.03,19.32,-132.00,0,1500,1686,SE
1175955.228,X_LEG_2,-0.03,19.32,-132.00,0,1500,1686,SE
1175955.249,X_LEG_2,-0.03,19.32,-132.00,0,1500,1686,SE
1175955.269,X_LEG_2,-0.03,19.32,-132.00,0,1500,1686,SE
1175955.289,X_LEG_2,-0.03,19.32,-132.00,0,1500,1686,SE
1175955.309,X_LEG_2,-0.03,19.32,-132.00,0,1500,1686,SE
1175955.330,X_LEG_2,-0.03,19.32,-132.00,0,1500,1686,SE
1175955.350,X_LEG_2,-0.03,19.32,-132.00,0,1500,1686,SE
1175955.371,X_LEG_2,-0.03,19.32,-132.00,0,1500,1686,SE
1175955.391,X_LEG_2,-0.03,19.32,-132.00,0,1500,1686,SE
1175955.411,X_LEG_2,-0.03,19.32,-132.00,0,1500,1686,SE
1175955.432,X_LEG_2,-0.03,19.32,-132.00,0,1500,1686,SE
1175955.452,X_LEG_2,-0.03,19.32,-132.00,0,1500,1686,SE
1175955.473,X_LEG_2,-0.03,19.32,-132.00,0,1500,1686,SE
1175955.493,X_LEG_2,-0.03,19.32,-132.00,0,1500,1686,SE
1175955.514,X_LEG_2,-0.03,19.32,-132.00,0,1500,1686,SE
1175955.534,X_LEG_2,-0.03,19.32,-132.00,0,1500,1686,SE
1175955.555,X_LEG_2,-0.03,19.32,-132.00,0,1500,1686,SE
1175955.575,X_LEG_2,-0.03,19.32,-132.00,0,1500,1686,SE
1175955.596,X_LEG_2,-0.03,19.32,-132.00,0,1500,1686,SE
1175955.616,X_LEG_2,-0.03,19.32,-132.00,0,1500,1686,SE
1175955.637,X_LEG_2,-0.03,19.32,-132.00,0,1500,1686,SE
1175955.657,X_LEG_2,-0.03,19.32,-132.00,0,1500,1686,SE
1175955.677,X_LEG_2,-0.03,19.32,-132.00,0,1500,1686,SE
1175955.698,X_LEG_2,-0.03,19.32,-132.00,0,1500,1686,SE
1175955.719,X_LEG_2,-0.03,19.32,-132.00,0,1500,1686,SE
1175955.740,X_LEG_2,-0.03,19.32,-132.00,0,1500,1686,SE
1175955.760,X_LEG_2,-0.03,19.32,-132.00,0,1500,1686,SE
1175955.780,X_LEG_2,-0.03,19.32,-132.00,0,1500,1686,SE
1175955.800,X_LEG_2,-0.03,19.32,-132.00,0,1500,1686,SE
1175955.821,X_LEG_2,-0.03,19.32,-132.00,0,1500,1686,SE
1175955.841,X_LEG_2,-0.03,19.32,-132.00,0,1500,1686,SE
1175955.861,X_LEG_2,-0.03,19.32,-132.00,0,1500,1686,SE
1175955.882,X_LEG_2,-0.03,19.32,-132.00,0,1500,1686,SE
1175955.902,X_LEG_2,-0.03,19.32,-132.00,0,1500,1686,SE
1175955.923,X_LEG_2,-0.03,19.32,-132.00,0,1500,1686,SE
1175955.943,X_LEG_2,-0.03,19.32,-132.00,0,1500,1686,SE
1175955.964,X_LEG_2,-0.03,19.32,-132.00,0,1500,1686,SE
1175955.985,X_LEG_2,-0.03,19.32,-132.00,0,1500,1686,SE
1175956.006,X_LEG_2,-0.03,19.32,-132.00,0,1500,1686,SE
1175956.026,X_LEG_2,-0.03,19.32,-132.00,0,1500,1686,SE
1175956.048,X_LEG_2,-0.03,19.32,-132.00,0,1500,1686,SE
1175956.069,X_LEG_2,-0.03,19.32,-132.00,0,1500,1686,SE
1175956.089,X_LEG_2,-0.03,19.32,-132.00,0,1500,1686,SE
1175956.109,X_LEG_2,-0.03,19.32,-132.00,0,1500,1686,SE
1175956.129,X_LEG_2,-0.03,19.32,-132.00,0,1500,1686,SE
1175956.150,X_LEG_2,-0.03,19.32,-132.00,0,1500,1686,SE
1175956.171,X_LEG_2,-0.03,19.32,-132.00,0,1500,1686,SE
1175956.191,X_LEG_2,-0.03,19.32,-132.00,0,1500,1686,SE
1175956.212,X_LEG_2,-0.03,19.32,-132.00,0,1500,1686,SE
1175956.232,X_LEG_2,-0.03,19.32,-132.00,0,1500,1686,SE
1175956.252,X_LEG_2,-0.03,19.32,-132.00,0,1500,1686,SE
1175956.273,X_LEG_2,-0.03,19.32,-132.00,0,1500,1686,SE
1175956.293,X_LEG_2,-0.03,19.32,-132.00,0,1500,1686,SE
1175956.314,X_LEG_2,-0.03,19.32,-132.00,0,1500,1686,SE
1175956.334,X_LEG_2,-0.03,19.32,-132.00,0,1500,1686,SE
1175956.354,X_LEG_2,-0.03,19.32,-132.00,0,1500,1686,SE
1175956.376,X_LEG_2,-0.03,19.32,-132.00,0,1500,1686,SE
1175956.396,X_LEG_2,-0.03,19.32,-132.00,0,1500,1686,SE
1175956.417,X_LEG_2,-0.03,19.32,-132.00,0,1500,1686,SE
1175956.438,X_LEG_2,-0.03,19.32,-132.00,0,1500,1686,SE
1175956.458,X_LEG_2,-0.03,19.32,-132.00,0,1500,1686,SE
1175956.478,X_LEG_2,-0.03,19.32,-132.00,0,1500,1686,SE
1175956.499,X_LEG_2,-0.03,19.32,-132.00,0,1500,1686,SE
1175956.519,X_LEG_2,-0.03,19.32,-132.00,0,1500,1686,SE
1175956.540,X_LEG_2,-0.03,19.32,-132.00,0,1500,1686,SE
1175956.561,X_LEG_2,-0.03,19.32,-132.00,0,1500,1686,SE
1175956.581,X_LEG_2,-0.03,19.32,-132.00,0,1500,1686,SE
1175956.602,X_LEG_2,-0.03,19.32,-132.00,0,1500,1686,SE
1175956.622,X_LEG_2,-0.03,19.32,-132.00,0,1500,1686,SE
1175956.642,X_LEG_2,-0.03,19.32,-132.00,0,1500,1686,SE
1175956.662,X_LEG_2,-0.03,19.32,-132.00,0,1500,1686,SE
1175956.683,X_LEG_2,-0.03,19.32,-132.00,0,1500,1686,SE
1175956.703,X_LEG_2,-0.03,19.32,-132.00,0,1500,1686,SE
1175956.724,X_LEG_2,-0.03,19.32,-132.00,0,1500,1686,SE
1175956.744,X_LEG_2,-0.03,19.32,-132.00,0,1500,1686,SE
1175956.765,X_LEG_2,-0.03,19.32,-132.00,0,1500,1686,SE
1175956.785,X_LEG_2,-0.03,19.32,-132.00,0,1500,1686,SE
1175956.806,X_LEG_2,-0.03,19.32,-132.00,0,1500,1686,SE
1175956.826,X_LEG_2,-0.03,19.32,-132.00,0,1500,1686,SE
1175956.847,X_LEG_2,-0.03,19.32,-132.00,0,1500,1686,SE
1175956.867,X_LEG_2,-0.03,19.32,-132.00,0,1500,1686,SE
1175956.888,X_LEG_2,-0.03,19.32,-132.00,0,1500,1686,SE
1175956.908,X_LEG_2,-0.03,19.32,-132.00,0,1500,1686,SE
1175956.929,X_LEG_2,-0.03,19.32,-132.00,0,1500,1686,SE
1175956.949,X_LEG_2,-0.03,19.32,-132.00,0,1500,1686,SE
1175956.970,X_LEG_2,-0.03,19.32,-132.00,0,1500,1686,SE
1175956.990,X_LEG_2,-0.03,19.32,-132.00,0,1500,1686,SE
1175957.010,X_LEG_2,-0.03,19.32,-132.00,0,1500,1686,SE
1175957.031,X_LEG_2,-0.03,19.32,-132.00,0,1500,1686,SE
1175957.051,X_LEG_2,-0.03,19.32,-132.00,0,1500,1686,SE
1175957.071,X_LEG_2,-0.03,19.32,-132.00,0,1500,1686,SE
1175957.092,X_LEG_2,-0.03,19.32,-132.00,0,1500,1686,SE
1175957.112,X_LEG_2,-0.03,19.32,-132.00,0,1500,1686,SE
1175957.133,X_LEG_2,-0.03,19.32,-132.00,0,1500,1686,SE
1175957.153,X_LEG_2,-0.03,19.32,-132.00,0,1500,1686,SE
1175957.173,X_LEG_2,-0.03,19.32,-132.00,0,1500,1686,SE
1175957.194,X_LEG_2,-0.03,19.32,-132.00,0,1500,1686,SE
1175957.214,X_LEG_2,-0.03,19.32,-132.00,0,1500,1686,SE
1175957.234,X_LEG_2,-0.03,19.32,-132.00,0,1500,1686,SE
1175957.254,X_LEG_2,-0.03,19.32,-132.00,0,1500,1686,SE
1175957.275,X_LEG_2,-0.03,19.32,-132.00,0,1500,1686,SE
1175957.296,X_LEG_2,-0.03,19.32,-132.00,0,1500,1686,SE
1175957.317,X_LEG_2,-0.03,19.32,-132.00,0,1500,1686,SE
1175957.337,X_LEG_2,-0.03,19.32,-132.00,0,1500,1686,SE
1175957.358,X_LEG_2,-0.03,19.32,-132.00,0,1500,1686,SE
1175957.378,X_LEG_2,-0.03,19.32,-132.00,0,1500,1686,SE
1175957.399,X_LEG_2,-0.03,19.32,-132.00,0,1500,1686,SE
1175957.419,X_LEG_2,-0.03,19.32,-132.00,0,1500,1686,SE
1175957.440,X_LEG_2,-0.03,19.32,-132.00,0,1500,1686,SE
1175957.460,X_LEG_2,-0.03,19.32,-132.00,0,1500,1686,SE
1175957.481,X_LEG_2,-0.03,19.32,-132.00,0,1500,1686,SE
1175957.501,X_LEG_2,-0.03,19.32,-132.00,0,1500,1686,SE
1175957.522,X_LEG_2,-0.03,19.32,-132.00,0,1500,1686,SE
1175957.543,X_LEG_2,-0.03,19.32,-132.00,0,1500,1686,SE
1175957.563,X_LEG_2,-0.03,19.32,-132.00,0,1500,1686,SE
1175957.583,X_LEG_2,-0.03,19.32,-132.00,0,1500,1686,SE
1175957.604,X_LEG_2,-0.03,19.32,-132.00,0,1500,1686,SE
1175957.624,X_LEG_2,-0.03,19.32,-132.00,0,1500,1686,SE
1175957.645,X_LEG_2,-0.03,19.32,-132.00,0,1500,1686,SE
1175957.665,X_LEG_2,-0.03,19.32,-132.00,0,1500,1686,SE
1175957.685,X_LEG_2,-0.03,19.32,-132.00,0,1500,1686,SE
1175957.706,X_LEG_2,-0.03,19.32,-132.00,0,1500,1686,SE
1175957.727,X_LEG_2,-0.03,19.32,-132.00,0,1500,1686,SE
1175957.747,X_LEG_2,-0.03,19.32,-132.00,0,1500,1686,SE
1175957.768,X_LEG_2,-0.03,19.32,-132.00,0,1500,1686,SE
1175957.788,X_LEG_2,-0.03,19.32,-132.00,0,1500,1686,SE
1175957.809,X_LEG_2,-0.03,19.32,-132.00,0,1500,1686,SE
1175957.830,X_LEG_2,-0.03,19.32,-132.00,0,1500,1686,SE
1175957.850,X_LEG_2,-0.03,19.32,-132.00,0,1500,1686,SE
1175957.871,X_LEG_2,-0.03,19.32,-132.00,0,1500,1686,SE
1175957.891,X_LEG_2,-0.03,19.32,-132.00,0,1500,1686,SE
1175957.912,X_LEG_2,-0.03,19.32,-132.00,0,1500,1686,SE
1175957.932,X_LEG_2,-0.03,19.32,-132.00,0,1500,1686,SE
1175957.953,X_LEG_2,-0.03,19.32,-132.00,0,1500,1686,SE
1175957.973,X_LEG_2,-0.03,19.32,-132.00,0,1500,1686,SE
1175957.994,X_LEG_2,-0.03,19.32,-132.00,0,1500,1686,SE
1175958.014,X_LEG_2,-0.03,19.32,-132.00,0,1500,1686,SE
1175958.035,X_LEG_2,-0.03,19.32,-132.00,0,1500,1686,SE
1175958.055,X_LEG_2,-0.03,19.32,-132.00,0,1500,1686,SE
1175958.076,X_LEG_2,-0.03,19.32,-132.00,0,1500,1686,SE
1175958.097,X_LEG_2,-0.03,19.32,-132.00,0,1500,1686,SE
1175958.117,X_LEG_2,-0.03,19.32,-132.00,0,1500,1686,SE
1175958.137,X_LEG_2,-0.03,19.32,-132.00,0,1500,1686,SE
1175958.158,X_LEG_2,-0.03,19.32,-132.00,0,1500,1686,SE
1175958.179,X_LEG_2,-0.03,19.32,-132.00,0,1500,1686,SE
1175958.199,X_LEG_2,-0.03,19.32,-132.00,0,1500,1686,SE
1175958.220,X_LEG_2,-0.03,19.32,-132.00,0,1500,1686,SE
1175958.240,X_LEG_2,-0.03,19.32,-132.00,0,1500,1686,SE
1175958.261,X_LEG_2,-0.03,19.32,-132.00,0,1500,1686,SE
1175958.282,X_LEG_2,-0.03,19.32,-132.00,0,1500,1686,SE
1175958.302,X_LEG_2,-0.03,19.32,-132.00,0,1500,1686,SE
1175958.323,X_LEG_2,-0.03,19.32,-132.00,0,1500,1686,SE
1175958.343,X_LEG_2,-0.03,19.32,-132.00,0,1500,1686,SE
1175958.364,X_LEG_2,-0.03,19.32,-132.00,0,1500,1686,SE
1175958.384,X_LEG_2,-0.03,19.32,-132.00,0,1500,1686,SE
1175958.405,X_LEG_2,-0.03,19.32,-132.00,0,1500,1686,SE
1175958.425,X_LEG_2,-0.03,19.32,-132.00,0,1500,1686,SE
1175958.446,X_LEG_2,-0.03,19.32,-132.00,0,1500,1686,SE
1175958.466,X_LEG_2,-0.03,19.32,-132.00,0,1500,1686,SE
1175958.487,X_LEG_2,-0.03,19.32,-132.00,0,1500,1686,SE
1175958.507,X_LEG_2,-0.03,19.32,-132.00,0,1500,1686,SE
1175958.528,X_LEG_2,-0.03,19.32,-132.00,0,1500,1686,SE
1175958.548,X_LEG_2,-0.03,19.32,-132.00,0,1500,1686,SE
1175958.569,X_LEG_2,-0.03,19.32,-132.00,0,1500,1686,SE
1175958.590,X_LEG_2,-0.03,19.32,-132.00,0,1500,1686,SE
1175958.611,X_LEG_2,-0.03,19.32,-132.00,0,1500,1686,SE
1175958.631,X_LEG_2,-0.03,19.32,-132.00,0,1500,1686,SE
1175958.652,X_LEG_3,-0.03,24.85,16.45,1,1599,1686,NW
1175958.673,X_LEG_3,-0.03,24.85,16.45,1,1599,1686,NW
1175958.693,X_LEG_3,-0.03,24.85,16.45,1,1599,1686,NW
1175958.714,X_LEG_3,-0.03,24.85,16.45,1,1599,1686,NW
1175958.735,X_LEG_3,-0.03,24.85,16.45,1,1599,1686,NW
1175958.755,X_LEG_3,-0.03,24.85,16.45,1,1599,1686,NW
1175958.776,X_LEG_3,-0.03,24.85,16.45,1,1599,1686,NW
1175958.797,X_LEG_3,-0.03,24.85,16.45,1,1599,1686,NW
1175958.817,X_LEG_3,-0.03,24.85,16.45,1,1599,1686,NW
1175958.837,X_LEG_3,-0.03,24.85,16.45,1,1599,1686,NW
1175958.858,X_LEG_3,-0.03,24.85,16.45,1,1599,1686,NW
1175958.878,X_LEG_3,-0.03,24.85,16.45,1,1599,1686,NW
1175958.899,X_LEG_3,-0.03,24.85,16.45,1,1599,1686,NW
1175958.919,X_LEG_3,-0.03,24.85,16.45,1,1599,1686,NW
1175958.939,X_LEG_3,-0.03,24.85,16.45,1,1599,1686,NW
1175958.960,X_LEG_3,-0.03,24.85,16.45,1,1599,1686,NW
1175958.980,X_LEG_3,-0.03,24.85,16.45,1,1599,1686,NW
1175959.001,X_LEG_3,-0.03,24.85,16.45,1,1599,1686,NW
1175959.021,X_LEG_3,-0.03,24.85,16.45,1,1599,1686,NW
1175959.042,X_LEG_3,-0.03,24.85,16.45,1,1599,1686,NW
1175959.063,X_LEG_3,-0.03,24.85,16.45,1,1599,1686,NW
1175959.083,X_LEG_3,-0.03,24.85,16.45,1,1599,1686,NW
1175959.103,X_LEG_3,-0.03,24.85,16.45,1,1599,1686,NW
1175959.123,X_LEG_3,-0.03,24.85,16.45,1,1599,1686,NW
1175959.144,X_LEG_3,-0.03,24.85,16.45,1,1599,1686,NW
1175959.164,X_LEG_3,-0.03,24.85,16.45,1,1599,1686,NW
1175959.185,X_LEG_3,-0.03,24.85,16.45,1,1599,1686,NW
1175959.205,X_LEG_3,-0.03,24.85,16.45,1,1599,1686,NW
1175959.226,X_LEG_3,-0.03,24.85,16.45,1,1599,1686,NW
1175959.246,X_LEG_3,-0.03,24.85,16.45,1,1599,1686,NW
1175959.267,X_LEG_3,-0.03,24.85,16.45,1,1599,1686,NW
1175959.287,X_LEG_3,-0.03,24.85,16.45,1,1599,1686,NW
1175959.308,X_LEG_3,-0.03,24.85,16.45,1,1599,1686,NW
1175959.328,X_LEG_3,-0.03,24.85,16.45,1,1599,1686,NW
1175959.349,X_LEG_3,-0.03,24.85,16.45,1,1599,1686,NW
1175959.369,X_LEG_3,-0.03,24.85,16.45,1,1599,1686,NW
1175959.390,X_LEG_3,-0.03,24.85,16.45,1,1599,1686,NW
1175959.411,X_LEG_3,-0.03,24.85,16.45,1,1599,1686,NW
1175959.431,X_LEG_3,-0.03,24.85,16.45,1,1599,1686,NW
1175959.452,X_LEG_3,-0.03,24.85,16.45,1,1599,1686,NW
1175959.472,X_LEG_3,-0.03,24.85,16.45,1,1599,1686,NW
1175959.493,X_LEG_3,-0.03,24.85,16.45,1,1599,1686,NW
1175959.513,X_LEG_3,-0.03,24.85,16.45,1,1599,1686,NW
1175959.533,X_LEG_3,-0.03,24.85,16.45,1,1599,1686,NW
1175959.554,X_LEG_3,-0.03,24.85,16.45,1,1599,1686,NW
1175959.575,X_LEG_3,-0.03,24.85,16.45,1,1599,1686,NW
1175959.595,X_LEG_3,-0.03,24.85,16.45,1,1599,1686,NW
1175959.615,X_LEG_3,-0.03,24.85,16.45,1,1599,1686,NW
1175959.636,X_LEG_3,-0.03,24.85,16.45,1,1599,1686,NW
1175959.657,X_LEG_3,-0.03,24.85,16.45,1,1599,1686,NW
1175959.678,X_LEG_3,-0.03,24.85,16.45,1,1599,1686,NW
1175959.698,X_LEG_3,-0.03,24.85,16.45,1,1599,1686,NW
1175959.719,X_LEG_3,-0.03,24.85,16.45,1,1599,1686,NW
1175959.739,X_LEG_3,-0.03,24.85,16.45,1,1599,1686,NW
1175959.760,X_LEG_3,-0.03,24.85,16.45,1,1599,1686,NW
1175959.780,X_LEG_3,-0.03,24.85,16.45,1,1599,1686,NW
1175959.801,X_LEG_3,-0.03,24.85,16.45,1,1599,1686,NW
1175959.821,X_LEG_3,-0.03,24.85,16.45,1,1599,1686,NW
1175959.842,X_LEG_3,-0.03,24.85,16.45,1,1599,1686,NW
1175959.862,X_LEG_3,-0.03,24.85,16.45,1,1599,1686,NW
1175959.883,X_LEG_3,-0.03,24.85,16.45,1,1599,1686,NW
1175959.903,X_LEG_3,-0.03,24.85,16.45,1,1599,1686,NW
1175959.924,X_LEG_3,-0.03,24.85,16.45,1,1599,1686,NW
1175959.944,X_LEG_3,-0.03,24.85,16.45,1,1599,1686,NW
1175959.965,X_LEG_3,-0.03,24.85,16.45,1,1599,1686,NW
1175959.986,X_LEG_3,-0.03,24.85,16.45,1,1599,1686,NW
1175960.006,X_LEG_3,-0.03,24.85,16.45,1,1599,1686,NW
1175960.026,X_LEG_3,-0.03,24.85,16.45,1,1599,1686,NW
1175960.047,X_LEG_3,-0.03,24.85,16.45,1,1599,1686,NW
1175960.068,X_LEG_3,-0.03,24.85,16.45,1,1599,1686,NW
1175960.088,X_LEG_3,-0.03,24.85,16.45,1,1599,1686,NW
1175960.109,X_LEG_3,-0.03,24.85,16.45,1,1599,1686,NW
1175960.130,X_LEG_3,-0.03,24.85,16.45,1,1599,1686,NW
1175960.150,X_LEG_3,-0.03,24.85,16.45,1,1599,1686,NW
1175960.170,X_LEG_3,-0.03,24.85,16.45,1,1599,1686,NW
1175960.191,X_LEG_3,-0.03,24.85,16.45,1,1599,1686,NW
1175960.211,X_LEG_3,-0.03,24.85,16.45,1,1599,1686,NW
1175960.232,X_LEG_3,-0.03,24.85,16.45,1,1599,1686,NW
1175960.253,X_LEG_3,-0.03,24.85,16.45,1,1599,1686,NW
1175960.273,X_LEG_3,-0.03,24.85,16.45,1,1599,1686,NW
1175960.293,X_LEG_3,-0.03,24.85,16.45,1,1599,1686,NW
1175960.314,X_LEG_3,-0.03,24.85,16.45,1,1599,1686,NW
1175960.335,X_LEG_3,-0.03,24.85,16.45,1,1599,1686,NW
1175960.355,X_LEG_3,-0.03,24.85,16.45,1,1599,1686,NW
1175960.376,X_LEG_3,-0.03,24.85,16.45,1,1599,1686,NW
1175960.396,X_LEG_3,-0.03,24.85,16.45,1,1599,1686,NW
1175960.417,X_LEG_3,-0.03,24.85,16.45,1,1599,1686,NW
1175960.437,X_LEG_3,-0.03,24.85,16.45,1,1599,1686,NW
1175960.458,X_LEG_3,-0.03,24.85,16.45,1,1599,1686,NW
1175960.478,X_LEG_3,-0.03,24.85,16.45,1,1599,1686,NW
1175960.499,X_LEG_3,-0.03,24.85,16.45,1,1599,1686,NW
1175960.519,X_LEG_3,-0.03,24.85,16.45,1,1599,1686,NW
1175960.539,X_LEG_3,-0.03,24.85,16.45,1,1599,1686,NW
1175960.560,X_LEG_3,-0.03,24.85,16.45,1,1599,1686,NW
1175960.580,X_LEG_3,-0.03,24.85,16.45,1,1599,1686,NW
1175960.600,X_LEG_3,-0.03,24.85,16.45,1,1599,1686,NW
1175960.621,X_LEG_3,-0.03,24.85,16.45,1,1599,1686,NW
1175960.641,X_LEG_3,-0.03,24.85,16.45,1,1599,1686,NW
1175960.662,X_LEG_3,-0.03,24.85,16.45,1,1599,1686,NW
1175960.682,X_LEG_3,-0.03,24.85,16.45,1,1599,1686,NW
1175960.703,X_LEG_3,-0.03,24.85,16.45,1,1599,1686,NW
1175960.723,X_LEG_3,-0.03,24.85,16.45,1,1599,1686,NW
1175960.743,X_LEG_3,-0.03,24.85,16.45,1,1599,1686,NW
1175960.764,X_LEG_3,-0.03,24.85,16.45,1,1599,1686,NW
1175960.784,X_LEG_3,-0.03,24.85,16.45,1,1599,1686,NW
1175960.805,X_LEG_3,-0.03,24.85,16.45,1,1599,1686,NW
1175960.825,X_LEG_3,-0.03,24.85,16.45,1,1599,1686,NW
1175960.845,X_LEG_3,-0.03,24.85,16.45,1,1599,1686,NW
1175960.866,X_LEG_3,-0.03,24.85,16.45,1,1599,1686,NW
1175960.886,X_LEG_3,-0.03,24.85,16.45,1,1599,1686,NW
1175960.907,X_LEG_3,-0.03,24.85,16.45,1,1599,1686,NW
1175960.927,X_LEG_3,-0.03,24.85,16.45,1,1599,1686,NW
1175960.947,X_LEG_3,-0.03,24.85,16.45,1,1599,1686,NW
1175960.968,X_LEG_3,-0.03,24.85,16.45,1,1599,1686,NW
1175960.988,X_LEG_3,-0.03,24.85,16.45,1,1599,1686,NW
1175961.008,X_LEG_3,-0.03,24.85,16.45,1,1599,1686,NW
1175961.029,X_LEG_3,-0.03,24.85,16.45,1,1599,1686,NW
1175961.050,X_LEG_3,-0.03,24.85,16.45,1,1599,1686,NW
1175961.070,X_LEG_3,-0.03,24.85,16.45,1,1599,1686,NW
1175961.090,X_LEG_3,-0.03,24.85,16.45,1,1599,1686,NW
1175961.112,X_LEG_3,-0.03,24.85,16.45,1,1599,1686,NW
1175961.132,X_LEG_3,-0.03,24.85,16.45,1,1599,1686,NW
1175961.152,X_LEG_3,-0.03,24.85,16.45,1,1599,1686,NW
1175961.172,X_LEG_3,-0.03,24.85,16.45,1,1599,1686,NW
1175961.193,X_LEG_3,-0.03,24.85,16.45,1,1599,1686,NW
1175961.213,X_LEG_3,-0.03,24.85,16.45,1,1599,1686,NW
1175961.233,X_LEG_3,-0.03,24.85,16.45,1,1599,1686,NW
1175961.254,X_LEG_3,-0.03,24.85,16.45,1,1599,1686,NW
1175961.274,X_LEG_3,-0.03,24.85,16.45,1,1599,1686,NW
1175961.295,X_LEG_3,-0.03,24.85,16.45,1,1599,1686,NW
1175961.315,X_LEG_3,-0.03,24.85,16.45,1,1599,1686,NW
1175961.335,X_LEG_3,-0.03,24.85,16.45,1,1599,1686,NW
1175961.355,X_LEG_3,-0.03,24.85,16.45,1,1599,1686,NW
1175961.376,X_LEG_3,-0.03,24.85,16.45,1,1599,1686,NW
1175961.396,X_LEG_3,-0.03,24.85,16.45,1,1599,1686,NW
1175961.417,X_LEG_3,-0.03,24.85,16.45,1,1599,1686,NW
1175961.437,X_LEG_3,-0.03,24.85,16.45,1,1599,1686,NW
1175961.457,X_LEG_3,-0.03,24.85,16.45,1,1599,1686,NW
1175961.478,X_LEG_3,-0.03,24.85,16.45,1,1599,1686,NW
1175961.498,X_LEG_3,-0.03,24.85,16.45,1,1599,1686,NW
1175961.518,X_LEG_3,-0.03,24.85,16.45,1,1599,1686,NW
1175961.539,X_LEG_3,-0.03,24.85,16.45,1,1599,1686,NW
1175961.560,X_LEG_3,-0.03,24.85,16.45,1,1599,1686,NW
1175961.580,X_LEG_3,-0.03,24.85,16.45,1,1599,1686,NW
1175961.600,X_LEG_3,-0.03,24.85,16.45,1,1599,1686,NW
1175961.621,X_LEG_3,-0.03,24.85,16.45,1,1599,1686,NW
1175961.641,X_LEG_3,-0.03,24.85,16.45,1,1599,1686,NW
1175961.662,X_LEG_3,-0.03,24.85,16.45,1,1599,1686,NW
1175961.682,X_LEG_3,-0.03,24.85,16.45,1,1599,1686,NW
1175961.703,X_LEG_3,-0.03,24.85,16.45,1,1599,1686,NW
1175961.723,X_LEG_3,-0.03,24.85,16.45,1,1599,1686,NW
1175961.744,X_LEG_3,-0.03,24.85,16.45,1,1599,1686,NW
1175961.765,X_LEG_3,-0.03,24.85,16.45,1,1599,1686,NW
1175961.785,X_LEG_3,-0.03,24.85,16.45,1,1599,1686,NW
1175961.806,X_LEG_3,-0.03,24.85,16.45,1,1599,1686,NW
1175961.826,X_LEG_3,-0.03,24.85,16.45,1,1599,1686,NW
1175961.846,X_LEG_3,-0.03,24.85,16.45,1,1599,1686,NW
1175961.867,X_LEG_3,-0.03,24.85,16.45,1,1599,1686,NW
1175961.887,X_LEG_3,-0.03,24.85,16.45,1,1599,1686,NW
1175961.908,X_LEG_3,-0.03,24.85,16.45,1,1599,1686,NW
1175961.928,X_LEG_3,-0.03,24.85,16.45,1,1599,1686,NW
1175961.949,X_LEG_3,-0.03,24.85,16.45,1,1599,1686,NW
1175961.970,X_LEG_3,-0.03,24.85,16.45,1,1599,1686,NW
1175961.990,X_LEG_3,-0.03,24.85,16.45,1,1599,1686,NW
1175962.011,X_LEG_3,-0.03,24.85,16.45,1,1599,1686,NW
1175962.031,X_LEG_3,-0.03,24.85,16.45,1,1599,1686,NW
1175962.051,X_LEG_3,-0.03,24.85,16.45,1,1599,1686,NW
1175962.071,X_LEG_3,-0.03,24.85,16.45,1,1599,1686,NW
1175962.092,X_LEG_3,-0.03,24.85,16.45,1,1599,1686,NW
1175962.112,X_LEG_3,-0.03,24.85,16.45,1,1599,1686,NW
1175962.132,X_LEG_3,-0.03,24.85,16.45,1,1599,1686,NW
1175962.153,X_LEG_3,-0.03,24.85,16.45,1,1599,1686,NW
1175962.173,X_LEG_3,-0.03,24.85,16.45,1,1599,1686,NW
1175962.194,X_LEG_3,-0.03,24.85,16.45,1,1599,1686,NW
1175962.214,X_LEG_3,-0.03,24.85,16.45,1,1599,1686,NW
1175962.235,X_LEG_3,-0.03,24.85,16.45,1,1599,1686,NW
1175962.255,X_LEG_3,-0.03,24.85,16.45,1,1599,1686,NW
1175962.275,X_LEG_3,-0.03,24.85,16.45,1,1599,1686,NW
1175962.296,X_LEG_3,-0.03,24.85,16.45,1,1599,1686,NW
1175962.317,X_LEG_3,-0.03,24.85,16.45,1,1599,1686,NW
1175962.337,X_LEG_3,-0.03,24.85,16.45,1,1599,1686,NW
1175962.358,X_LEG_3,-0.03,24.85,16.45,1,1599,1686,NW
1175962.378,X_LEG_3,-0.03,24.85,16.45,1,1599,1686,NW
1175962.398,X_LEG_3,-0.03,24.85,16.45,1,1599,1686,NW
1175962.418,X_LEG_3,-0.03,24.85,16.45,1,1599,1686,NW
1175962.439,X_LEG_3,-0.03,24.85,16.45,1,1599,1686,NW
1175962.459,X_LEG_3,-0.03,24.85,16.45,1,1599,1686,NW
1175962.480,X_LEG_3,-0.03,24.85,16.45,1,1599,1686,NW
1175962.500,X_LEG_3,-0.03,24.85,16.45,1,1599,1686,NW
1175962.521,X_LEG_3,-0.03,24.85,16.45,1,1599,1686,NW
1175962.542,X_LEG_3,-0.03,24.85,16.45,1,1599,1686,NW
1175962.563,X_LEG_3,-0.03,24.85,16.45,1,1599,1686,NW
1175962.583,X_LEG_3,-0.03,24.85,16.45,1,1599,1686,NW
1175962.604,X_LEG_3,-0.03,24.85,16.45,1,1599,1686,NW
1175962.624,X_LEG_3,-0.03,24.85,16.45,1,1599,1686,NW
1175962.645,X_LEG_3,-0.03,24.85,16.45,1,1599,1686,NW
1175962.665,X_LEG_3,-0.03,24.85,16.45,1,1599,1686,NW
1175962.686,X_LEG_3,-0.03,24.85,16.45,1,1599,1686,NW
1175962.706,X_LEG_3,-0.03,24.85,16.45,1,1599,1686,NW
1175962.727,X_LEG_3,-0.03,24.85,16.45,1,1599,1686,NW
1175962.747,X_LEG_3,-0.03,24.85,16.45,1,1599,1686,NW
1175962.767,X_LEG_3,-0.03,24.85,16.45,1,1599,1686,NW
1175962.788,X_LEG_3,-0.03,24.85,16.45,1,1599,1686,NW
1175962.808,X_LEG_3,-0.03,24.85,16.45,1,1599,1686,NW
1175962.829,X_LEG_3,-0.03,24.85,16.45,1,1599,1686,NW
1175962.849,X_LEG_3,-0.03,24.85,16.45,1,1599,1686,NW
1175962.869,X_LEG_3,-0.03,24.85,16.45,1,1599,1686,NW
1175962.890,X_LEG_3,-0.03,24.85,16.45,1,1599,1686,NW
1175962.910,X_LEG_3,-0.03,24.85,16.45,1,1599,1686,NW
1175962.931,X_LEG_3,-0.03,24.85,16.45,1,1599,1686,NW
1175962.951,X_LEG_3,-0.03,24.85,16.45,1,1599,1686,NW
1175962.972,X_LEG_3,-0.03,24.85,16.45,1,1599,1686,NW
1175962.992,X_LEG_3,-0.03,24.85,16.45,1,1599,1686,NW
1175963.012,X_LEG_3,-0.03,24.85,16.45,1,1599,1686,NW
1175963.033,X_LEG_3,-0.03,24.85,16.45,1,1599,1686,NW
1175963.053,X_LEG_3,-0.03,24.85,16.45,1,1599,1686,NW
1175963.073,X_LEG_3,-0.03,24.85,16.45,1,1599,1686,NW
1175963.094,X_LEG_3,-0.03,24.85,16.45,1,1599,1686,NW
1175963.114,X_LEG_3,-0.03,24.85,16.45,1,1599,1686,NW
1175963.135,X_LEG_3,-0.03,24.85,16.45,1,1599,1686,NW
1175963.156,X_LEG_3,-0.03,24.85,16.45,1,1599,1686,NW
1175963.176,X_LEG_3,-0.03,24.85,16.45,1,1599,1686,NW
1175963.198,X_LEG_3,-0.03,24.85,16.45,1,1599,1686,NW
1175963.219,X_LEG_3,-0.03,24.85,16.45,1,1599,1686,NW
1175963.239,X_LEG_3,-0.03,24.85,16.45,1,1599,1686,NW
1175963.259,X_LEG_3,-0.03,24.85,16.45,1,1599,1686,NW
1175963.280,X_LEG_3,-0.03,24.85,16.45,1,1599,1686,NW
1175963.300,X_LEG_3,-0.03,24.85,16.45,1,1599,1686,NW
1175963.320,X_LEG_3,-0.03,24.85,16.45,1,1599,1686,NW
1175963.341,X_LEG_3,-0.03,24.85,16.45,1,1599,1686,NW
1175963.361,X_LEG_3,-0.03,24.85,16.45,1,1599,1686,NW
1175963.382,X_LEG_3,-0.03,24.85,16.45,1,1599,1686,NW
1175963.403,X_LEG_3,-0.03,24.85,16.45,1,1599,1686,NW
1175963.423,X_LEG_3,-0.03,24.85,16.45,1,1599,1686,NW
1175963.444,X_LEG_3,-0.03,24.85,16.45,1,1599,1686,NW
1175963.464,X_LEG_3,-0.03,24.85,16.45,1,1599,1686,NW
1175963.485,X_LEG_3,-0.03,24.85,16.45,1,1599,1686,NW
1175963.505,X_LEG_3,-0.03,24.85,16.45,1,1599,1686,NW
1175963.526,X_LEG_3,-0.03,24.85,16.45,1,1599,1686,NW
1175963.546,X_LEG_3,-0.03,24.85,16.45,1,1599,1686,NW
1175963.567,X_LEG_3,-0.03,24.85,16.45,1,1599,1686,NW
1175963.587,X_LEG_3,-0.03,24.85,16.45,1,1599,1686,NW
1175963.608,X_LEG_3,-0.03,24.85,16.45,1,1599,1686,NW
1175963.628,X_LEG_3,-0.03,24.85,16.45,1,1599,1686,NW
1175963.649,X_LEG_3,-0.03,24.85,16.45,1,1599,1686,NW
1175963.669,X_LEG_3,-0.03,24.85,16.45,1,1599,1686,NW
1175963.689,X_LEG_3,-0.03,24.85,16.45,1,1599,1686,NW
1175963.710,X_LEG_3,-0.03,24.85,16.45,1,1599,1686,NW
1175963.731,X_LEG_3,-0.03,24.85,16.45,1,1599,1686,NW
1175963.751,X_LEG_3,-0.03,24.85,16.45,1,1599,1686,NW
1175963.772,X_LEG_3,-0.03,24.85,16.45,1,1599,1686,NW
1175963.792,X_LEG_3,-0.03,24.85,16.45,1,1599,1686,NW
1175963.813,X_LEG_3,-0.03,24.85,16.45,1,1599,1686,NW
1175963.833,X_LEG_3,-0.03,24.85,16.45,1,1599,1686,NW
1175963.853,X_LEG_3,-0.03,24.85,16.45,1,1599,1686,NW
1175963.874,X_LEG_3,-0.03,24.85,16.45,1,1599,1686,NW
1175963.895,X_LEG_3,-0.03,24.85,16.45,1,1599,1686,NW
1175963.915,X_LEG_3,-0.03,24.85,16.45,1,1599,1686,NW
1175963.935,X_LEG_3,-0.03,24.85,16.45,1,1599,1686,NW
1175963.956,X_LEG_3,-0.03,24.85,16.45,1,1599,1686,NW
1175963.977,X_LEG_3,-0.03,24.85,16.45,1,1599,1686,NW
1175963.997,X_LEG_3,-0.03,24.85,16.45,1,1599,1686,NW
1175964.018,X_LEG_3,-0.03,24.85,16.45,1,1599,1686,NW
1175964.038,X_LEG_3,-0.03,24.85,16.45,1,1599,1686,NW
1175964.059,X_LEG_3,-0.03,24.85,16.45,1,1599,1686,NW
1175964.079,X_LEG_3,-0.03,24.85,16.45,1,1599,1686,NW
1175964.099,X_LEG_3,-0.03,24.85,16.45,1,1599,1686,NW
1175964.120,X_LEG_3,-0.03,24.85,16.45,1,1599,1686,NW
1175964.140,X_LEG_3,-0.03,24.85,16.45,1,1599,1686,NW
1175964.161,X_LEG_3,-0.03,24.85,16.45,1,1599,1686,NW
1175964.181,X_LEG_3,-0.03,24.85,16.45,1,1599,1686,NW
1175964.201,X_LEG_3,-0.03,24.85,16.45,1,1599,1686,NW
1175964.222,X_LEG_3,-0.03,24.85,16.45,1,1599,1686,NW
1175964.242,X_LEG_3,-0.03,24.85,16.45,1,1599,1686,NW
1175964.263,X_LEG_3,-0.03,24.85,16.45,1,1599,1686,NW
1175964.283,X_LEG_3,-0.03,24.85,16.45,1,1599,1686,NW
1175964.304,X_LEG_3,-0.03,24.85,16.45,1,1599,1686,NW
1175964.324,X_LEG_3,-0.03,24.85,16.45,1,1599,1686,NW
1175964.344,X_LEG_3,-0.03,24.85,16.45,1,1599,1686,NW
1175964.365,X_LEG_3,-0.03,24.85,16.45,1,1599,1686,NW
1175964.385,X_LEG_3,-0.03,24.85,16.45,1,1599,1686,NW
1175964.405,X_LEG_3,-0.03,24.85,16.45,1,1599,1686,NW
1175964.426,X_LEG_3,-0.03,24.85,16.45,1,1599,1686,NW
1175964.448,X_LEG_3,-0.03,24.85,16.45,1,1599,1686,NW
1175964.468,X_LEG_3,-0.03,24.85,16.45,1,1599,1686,NW
1175964.489,X_LEG_3,-0.03,24.85,16.45,1,1599,1686,NW
1175964.510,X_LEG_3,-0.03,24.85,16.45,1,1599,1686,NW
1175964.530,X_LEG_3,-0.03,24.85,16.45,1,1599,1686,NW
1175964.551,X_LEG_3,-0.03,24.85,16.45,1,1599,1686,NW
1175964.571,X_LEG_3,-0.03,24.85,16.45,1,1599,1686,NW
1175964.592,X_LEG_3,-0.03,24.85,16.45,1,1599,1686,NW
1175964.612,X_LEG_3,-0.03,24.85,16.45,1,1599,1686,NW
1175964.632,X_LEG_3,-0.03,24.85,16.45,1,1599,1686,NW
1175964.653,X_LEG_3,-0.03,24.85,16.45,1,1599,1686,NW
1175964.673,X_LEG_3,-0.03,24.85,16.45,1,1599,1686,NW
1175964.694,X_LEG_3,-0.03,24.85,16.45,1,1599,1686,NW
1175964.715,X_LEG_3,-0.03,24.85,16.45,1,1599,1686,NW
1175964.735,X_LEG_3,-0.03,24.85,16.45,1,1599,1686,NW
1175964.756,X_LEG_3,-0.03,24.85,16.45,1,1599,1686,NW
1175964.776,X_LEG_3,-0.03,24.85,16.45,1,1599,1686,NW
1175964.797,X_LEG_3,-0.03,24.85,16.45,1,1599,1686,NW
1175964.817,X_LEG_3,-0.03,24.85,16.45,1,1599,1686,NW
1175964.837,X_LEG_3,-0.03,24.85,16.45,1,1599,1686,NW
1175964.858,X_LEG_3,-0.03,24.85,16.45,1,1599,1686,NW
1175964.878,X_LEG_3,-0.03,24.85,16.45,1,1599,1686,NW
1175964.899,X_LEG_3,-0.03,24.85,16.45,1,1599,1686,NW
1175964.919,X_LEG_3,-0.03,24.85,16.45,1,1599,1686,NW
1175964.939,X_LEG_3,-0.03,24.85,16.45,1,1599,1686,NW
1175964.960,X_LEG_3,-0.03,24.85,16.45,1,1599,1686,NW
1175964.981,X_LEG_3,-0.03,24.85,16.45,1,1599,1686,NW
1175965.001,X_LEG_3,-0.03,24.85,16.45,1,1599,1686,NW
1175965.022,X_LEG_3,-0.03,24.85,16.45,1,1599,1686,NW
1175965.042,X_LEG_3,-0.03,24.85,16.45,1,1599,1686,NW
1175965.062,X_LEG_3,-0.03,24.85,16.45,1,1599,1686,NW
1175965.083,X_LEG_3,-0.03,24.85,16.45,1,1599,1686,NW
1175965.103,X_LEG_3,-0.03,24.85,16.45,1,1599,1686,NW
1175965.124,X_LEG_3,-0.03,24.85,16.45,1,1599,1686,NW
1175965.145,X_LEG_3,-0.03,24.85,16.45,1,1599,1686,NW
1175965.165,X_LEG_3,-0.03,24.85,16.45,1,1599,1686,NW
1175965.186,X_LEG_3,-0.03,24.85,16.45,1,1599,1686,NW
1175965.206,X_LEG_3,-0.03,24.85,16.45,1,1599,1686,NW
1175965.227,X_LEG_3,-0.03,24.85,16.45,1,1599,1686,NW
1175965.247,X_LEG_3,-0.03,24.85,16.45,1,1599,1686,NW
1175965.268,X_LEG_3,-0.03,24.85,16.45,1,1599,1686,NW
1175965.288,X_LEG_3,-0.03,24.85,16.45,1,1599,1686,NW
1175965.309,X_LEG_3,-0.03,24.85,16.45,1,1599,1686,NW
1175965.329,X_LEG_3,-0.03,24.85,16.45,1,1599,1686,NW
1175965.349,X_LEG_3,-0.03,24.85,16.45,1,1599,1686,NW
1175965.370,X_LEG_3,-0.03,24.85,16.45,1,1599,1686,NW
1175965.391,X_LEG_3,-0.03,24.85,16.45,1,1599,1686,NW
1175965.412,X_LEG_3,-0.03,24.85,16.45,1,1599,1686,NW
1175965.432,X_LEG_3,-0.03,24.85,16.45,1,1599,1686,NW
1175965.452,X_LEG_3,-0.03,24.85,16.45,1,1599,1686,NW
1175965.472,X_LEG_3,-0.03,24.85,16.45,1,1599,1686,NW
1175965.492,X_LEG_3,-0.03,24.85,16.45,1,1599,1686,NW
1175965.513,X_LEG_3,-0.03,24.85,16.45,1,1599,1686,NW
1175965.533,X_LEG_3,-0.03,24.85,16.45,1,1599,1686,NW
1175965.553,X_LEG_3,-0.03,24.85,16.45,1,1599,1686,NW
1175965.573,X_LEG_3,-0.03,24.85,16.45,1,1599,1686,NW
1175965.594,X_LEG_3,-0.03,24.85,16.45,1,1599,1686,NW
1175965.614,X_LEG_3,-0.03,24.85,16.45,1,1599,1686,NW
1175965.635,X_LEG_3,-0.03,24.85,16.45,1,1599,1686,NW
1175965.657,X_LEG_3,-0.03,24.85,16.45,1,1599,1686,NW
1175965.677,X_LEG_3,-0.03,24.85,16.45,1,1599,1686,NW
1175965.697,X_LEG_3,-0.03,24.85,16.45,1,1599,1686,NW
1175965.718,X_LEG_3,-0.03,24.85,16.45,1,1599,1686,NW
1175965.738,X_LEG_3,-0.03,24.85,16.45,1,1599,1686,NW
1175965.758,X_LEG_3,-0.03,24.85,16.45,1,1599,1686,NW
1175965.779,X_LEG_3,-0.03,24.85,16.45,1,1599,1686,NW
1175965.800,X_LEG_3,-0.03,24.85,16.45,1,1599,1686,NW
1175965.820,X_LEG_3,-0.03,24.85,16.45,1,1599,1686,NW
1175965.841,X_LEG_3,-0.03,24.85,16.45,1,1599,1686,NW
1175965.861,X_LEG_3,-0.03,24.85,16.45,1,1599,1686,NW
1175965.882,X_LEG_3,-0.03,24.85,16.45,1,1599,1686,NW
1175965.902,X_LEG_3,-0.03,24.85,16.45,1,1599,1686,NW
1175965.923,X_LEG_3,-0.03,24.85,16.45,1,1599,1686,NW
1175965.943,X_LEG_3,-0.03,24.85,16.45,1,1599,1686,NW
1175965.964,X_LEG_3,-0.03,24.85,16.45,1,1599,1686,NW
1175965.984,X_LEG_3,-0.03,24.85,16.45,1,1599,1686,NW
1175966.004,X_LEG_3,-0.03,24.85,16.45,1,1599,1686,NW
1175966.024,X_LEG_3,-0.03,24.85,16.45,1,1599,1686,NW
1175966.045,X_LEG_3,-0.03,24.85,16.45,1,1599,1686,NW
1175966.065,X_LEG_3,-0.03,24.85,16.45,1,1599,1686,NW
1175966.086,X_LEG_3,-0.03,24.85,16.45,1,1599,1686,NW
1175966.106,X_LEG_3,-0.03,24.85,16.45,1,1599,1686,NW
1175966.127,X_LEG_3,-0.03,24.85,16.45,1,1599,1686,NW
1175966.147,X_LEG_3,-0.03,24.85,16.45,1,1599,1686,NW
1175966.168,X_LEG_3,-0.03,24.85,16.45,1,1599,1686,NW
1175966.188,X_LEG_3,-0.03,24.85,16.45,1,1599,1686,NW
1175966.209,X_LEG_3,-0.03,24.85,16.45,1,1599,1686,NW
1175966.229,X_LEG_3,-0.03,24.85,16.45,1,1599,1686,NW
1175966.250,X_LEG_3,-0.03,24.85,16.45,1,1599,1686,NW
1175966.270,X_LEG_3,-0.03,24.85,16.45,1,1599,1686,NW
1175966.291,X_LEG_3,-0.03,24.85,16.45,1,1599,1686,NW
1175966.311,X_LEG_3,-0.03,24.85,16.45,1,1599,1686,NW
1175966.332,X_LEG_3,-0.03,24.85,16.45,1,1599,1686,NW
1175966.352,X_LEG_3,-0.03,24.85,16.45,1,1599,1686,NW
1175966.373,X_LEG_3,-0.03,24.85,16.45,1,1599,1686,NW
1175966.393,X_LEG_3,-0.03,24.85,16.45,1,1599,1686,NW
1175966.413,X_LEG_3,-0.03,24.85,16.45,1,1599,1686,NW
1175966.434,X_LEG_3,-0.03,24.85,16.45,1,1599,1686,NW
1175966.454,X_LEG_3,-0.03,24.85,16.45,1,1599,1686,NW
1175966.474,X_LEG_3,-0.03,24.85,16.45,1,1599,1686,NW
1175966.494,X_LEG_3,-0.03,24.85,16.45,1,1599,1686,NW
1175966.515,X_LEG_3,-0.03,24.85,16.45,1,1599,1686,NW
1175966.535,X_LEG_3,-0.03,24.85,16.45,1,1599,1686,NW
1175966.556,X_LEG_3,-0.03,24.85,16.45,1,1599,1686,NW
1175966.576,X_LEG_3,-0.03,24.85,16.45,1,1599,1686,NW
1175966.597,X_LEG_3,-0.03,24.85,16.45,1,1599,1686,NW
1175966.617,X_LEG_3,-0.03,24.85,16.45,1,1599,1686,NW
1175966.638,X_LEG_3,-0.03,24.85,16.45,1,1599,1686,NW
1175966.658,X_LEG_3,-0.03,24.85,16.45,1,1599,1686,NW
1175966.678,X_LEG_3,-0.03,24.85,16.45,1,1599,1686,NW
1175966.699,X_LEG_3,-0.03,24.85,16.45,1,1599,1686,NW
1175966.719,X_LEG_3,-0.03,24.85,16.45,1,1599,1686,NW
1175966.740,X_LEG_3,-0.03,24.85,16.45,1,1599,1686,NW
1175966.760,X_LEG_3,-0.03,24.85,16.45,1,1599,1686,NW
1175966.781,X_LEG_3,-0.03,24.85,16.45,1,1599,1686,NW
1175966.801,X_LEG_3,-0.03,24.85,16.45,1,1599,1686,NW
1175966.821,X_LEG_3,-0.03,24.85,16.45,1,1599,1686,NW
1175966.842,X_LEG_3,-0.03,24.85,16.45,1,1599,1686,NW
1175966.862,X_LEG_3,-0.03,24.85,16.45,1,1599,1686,NW
1175966.883,X_LEG_3,-0.03,24.85,16.45,1,1599,1686,NW
1175966.903,X_LEG_3,-0.03,24.85,16.45,1,1599,1686,NW
1175966.924,X_LEG_3,-0.03,24.85,16.45,1,1599,1686,NW
1175966.945,X_LEG_3,-0.03,24.85,16.45,1,1599,1686,NW
1175966.965,X_LEG_3,-0.03,24.85,16.45,1,1599,1686,NW
1175966.986,X_LEG_3,-0.03,24.85,16.45,1,1599,1686,NW
1175967.006,X_LEG_3,-0.03,24.85,16.45,1,1599,1686,NW
1175967.026,X_LEG_3,-0.03,24.85,16.45,1,1599,1686,NW
1175967.047,X_LEG_3,-0.03,24.85,16.45,1,1599,1686,NW
1175967.068,X_LEG_3,-0.03,24.85,16.45,1,1599,1686,NW
1175967.088,X_LEG_3,-0.03,24.85,16.45,1,1599,1686,NW
1175967.109,X_LEG_3,-0.03,24.85,16.45,1,1599,1686,NW
1175967.130,X_LEG_3,-0.03,24.85,16.45,1,1599,1686,NW
1175967.150,X_LEG_3,-0.03,24.85,16.45,1,1599,1686,NW
1175967.170,X_LEG_3,-0.03,24.85,16.45,1,1599,1686,NW
1175967.191,X_LEG_3,-0.03,24.85,16.45,1,1599,1686,NW
1175967.211,X_LEG_3,-0.03,24.85,16.45,1,1599,1686,NW
1175967.232,X_LEG_3,-0.03,24.85,16.45,1,1599,1686,NW
1175967.252,X_LEG_3,-0.03,24.85,16.45,1,1599,1686,NW
1175967.273,X_LEG_3,-0.03,24.85,16.45,1,1599,1686,NW
1175967.293,X_LEG_3,-0.03,24.85,16.45,1,1599,1686,NW
1175967.313,X_LEG_3,-0.03,24.85,16.45,1,1599,1686,NW
1175967.334,X_LEG_3,-0.03,24.85,16.45,1,1599,1686,NW
1175967.354,X_LEG_3,-0.03,24.85,16.45,1,1599,1686,NW
1175967.374,X_LEG_3,-0.03,24.85,16.45,1,1599,1686,NW
1175967.395,X_LEG_3,-0.03,24.85,16.45,1,1599,1686,NW
1175967.415,X_LEG_3,-0.03,24.85,16.45,1,1599,1686,NW
1175967.436,X_LEG_3,-0.03,24.85,16.45,1,1599,1686,NW
1175967.457,X_LEG_3,-0.03,24.85,16.45,1,1599,1686,NW
1175967.477,X_LEG_3,-0.03,24.85,16.45,1,1599,1686,NW
1175967.498,X_LEG_3,-0.03,24.85,16.45,1,1599,1686,NW
1175967.518,X_LEG_3,-0.03,24.85,16.45,1,1599,1686,NW
1175967.539,X_LEG_3,-0.03,24.85,16.45,1,1599,1686,NW
1175967.559,X_LEG_3,-0.03,24.85,16.45,1,1599,1686,NW
1175967.580,X_LEG_3,-0.03,24.85,16.45,1,1599,1686,NW
1175967.600,X_LEG_3,-0.03,24.85,16.45,1,1599,1686,NW
1175967.621,X_LEG_3,-0.03,24.85,16.45,1,1599,1686,NW
1175967.642,X_LEG_3,-0.03,24.85,16.45,1,1599,1686,NW
1175967.662,X_LEG_3,-0.03,24.85,16.45,1,1599,1686,NW
1175967.682,X_LEG_3,-0.03,24.85,16.45,1,1599,1686,NW
1175967.703,X_LEG_3,-0.03,24.85,16.45,1,1599,1686,NW
1175967.723,X_LEG_3,-0.03,24.85,16.45,1,1599,1686,NW
1175967.744,X_LEG_3,-0.03,24.85,16.45,1,1599,1686,NW
1175967.764,X_LEG_3,-0.03,24.85,16.45,1,1599,1686,NW
1175967.785,X_LEG_3,-0.03,24.85,16.45,1,1599,1686,NW
1175967.806,X_LEG_3,-0.03,24.85,16.45,1,1599,1686,NW
1175967.826,X_LEG_3,-0.03,24.85,16.45,1,1599,1686,NW
1175967.847,X_LEG_3,-0.03,24.85,16.45,1,1599,1686,NW
1175967.867,X_LEG_3,-0.03,24.85,16.45,1,1599,1686,NW
1175967.888,X_LEG_3,-0.03,24.85,16.45,1,1599,1686,NW
1175967.909,X_LEG_3,-0.03,24.85,16.45,1,1599,1686,NW
1175967.929,X_LEG_3,-0.03,24.85,16.45,1,1599,1686,NW
1175967.950,X_LEG_3,-0.03,24.85,16.45,1,1599,1686,NW
1175967.970,X_LEG_3,-0.03,24.85,16.45,1,1599,1686,NW
1175967.991,X_LEG_3,-0.03,24.85,16.45,1,1599,1686,NW
1175968.011,X_LEG_3,-0.03,24.85,16.45,1,1599,1686,NW
1175968.032,X_LEG_3,-0.03,24.85,16.45,1,1599,1686,NW
1175968.052,X_LEG_3,-0.03,24.85,16.45,1,1599,1686,NW
1175968.072,X_LEG_3,-0.03,24.85,16.45,1,1599,1686,NW
1175968.093,X_LEG_3,-0.03,24.85,16.45,1,1599,1686,NW
1175968.113,X_LEG_3,-0.03,24.85,16.45,1,1599,1686,NW
1175968.134,X_LEG_3,-0.03,24.85,16.45,1,1599,1686,NW
1175968.154,X_LEG_3,-0.03,24.85,16.45,1,1599,1686,NW
1175968.174,X_LEG_3,-0.03,24.85,16.45,1,1599,1686,NW
1175968.194,X_LEG_3,-0.03,24.85,16.45,1,1599,1686,NW
1175968.214,X_LEG_3,-0.03,24.85,16.45,1,1599,1686,NW
1175968.235,X_LEG_3,-0.03,24.85,16.45,1,1599,1686,NW
1175968.255,X_LEG_3,-0.03,24.85,16.45,1,1599,1686,NW
1175968.276,X_LEG_3,-0.03,24.85,16.45,1,1599,1686,NW
1175968.296,X_LEG_3,-0.03,24.85,16.45,1,1599,1686,NW
1175968.317,X_LEG_3,-0.03,24.85,16.45,1,1599,1686,NW
1175968.337,X_LEG_3,-0.03,24.85,16.45,1,1599,1686,NW
1175968.358,X_LEG_3,-0.03,24.85,16.45,1,1599,1686,NW
1175968.379,X_LEG_3,-0.03,24.85,16.45,1,1599,1686,NW
1175968.399,X_LEG_3,-0.03,24.85,16.45,1,1599,1686,NW
1175968.420,X_LEG_3,-0.03,24.85,16.45,1,1599,1686,NW
1175968.441,X_LEG_3,-0.03,24.85,16.45,1,1599,1686,NW
1175968.461,X_LEG_3,-0.03,24.85,16.45,1,1599,1686,NW
1175968.482,X_LEG_3,-0.03,24.85,16.45,1,1599,1686,NW
1175968.503,X_LEG_3,-0.03,24.85,16.45,1,1599,1686,NW
1175968.523,X_LEG_3,-0.03,24.85,16.45,1,1599,1686,NW
1175968.544,X_LEG_3,-0.03,24.85,16.45,1,1599,1686,NW
1175968.564,X_LEG_3,-0.03,24.85,16.45,1,1599,1686,NW
1175968.585,X_LEG_3,-0.03,24.85,16.45,1,1599,1686,NW
1175968.605,X_LEG_3,-0.03,24.85,16.45,1,1599,1686,NW
1175968.626,X_LEG_3,-0.03,24.85,16.45,1,1599,1686,NW
1175968.646,X_LEG_3,-0.03,24.85,16.45,1,1599,1686,NW
1175968.667,X_LEG_3,-0.03,24.85,16.45,1,1599,1686,NW
1175968.688,X_LEG_3,-0.03,24.85,16.45,1,1599,1686,NW
1175968.708,X_LEG_3,-0.03,24.85,16.45,1,1599,1686,NW
1175968.729,X_LEG_3,-0.03,24.85,16.45,1,1599,1686,NW
1175968.749,X_LEG_3,-0.03,24.85,16.45,1,1599,1686,NW
1175968.769,X_LEG_3,-0.03,24.85,16.45,1,1599,1686,NW
1175968.790,X_LEG_3,-0.03,24.85,16.45,1,1599,1686,NW
1175968.810,X_LEG_3,-0.03,24.85,16.45,1,1599,1686,NW
1175968.830,X_LEG_3,-0.03,24.85,16.45,1,1599,1686,NW
1175968.851,X_LEG_3,-0.03,24.85,16.45,1,1599,1686,NW
1175968.871,X_LEG_3,-0.03,24.85,16.45,1,1599,1686,NW
1175968.892,X_LEG_3,-0.03,24.85,16.45,1,1599,1686,NW
1175968.912,X_LEG_3,-0.03,24.85,16.45,1,1599,1686,NW
1175968.933,X_LEG_3,-0.03,24.85,16.45,1,1599,1686,NW
1175968.953,X_LEG_3,-0.03,24.85,16.45,1,1599,1686,NW
1175968.973,X_LEG_3,-0.03,24.85,16.45,1,1599,1686,NW
1175968.994,X_LEG_3,-0.03,24.85,16.45,1,1599,1686,NW
1175969.014,X_LEG_3,-0.03,24.85,16.45,1,1599,1686,NW
1175969.035,X_LEG_3,-0.03,24.85,16.45,1,1599,1686,NW
1175969.056,X_LEG_3,-0.03,24.85,16.45,1,1599,1686,NW
1175969.076,X_LEG_3,-0.03,24.85,16.45,1,1599,1686,NW
1175969.097,X_LEG_3,-0.03,24.85,16.45,1,1599,1686,NW
1175969.117,X_LEG_3,-0.03,24.85,16.45,1,1599,1686,NW
1175969.138,X_LEG_3,-0.03,24.85,16.45,1,1599,1686,NW
1175969.158,X_LEG_3,-0.03,24.85,16.45,1,1599,1686,NW
1175969.179,X_LEG_3,-0.03,24.85,16.45,1,1599,1686,NW
1175969.199,X_LEG_3,-0.03,24.85,16.45,1,1599,1686,NW
1175969.220,X_LEG_3,-0.03,24.85,16.45,1,1599,1686,NW
1175969.240,X_LEG_3,-0.03,24.85,16.45,1,1599,1686,NW
1175969.261,X_LEG_3,-0.03,24.85,16.45,1,1599,1686,NW
1175969.281,X_LEG_3,-0.03,24.85,16.45,1,1599,1686,NW
1175969.302,X_LEG_3,-0.03,24.85,16.45,1,1599,1686,NW
1175969.322,X_LEG_3,-0.03,24.85,16.45,1,1599,1686,NW
1175969.343,X_LEG_3,-0.03,24.85,16.45,1,1599,1686,NW
1175969.363,X_LEG_3,-0.03,24.85,16.45,1,1599,1686,NW
1175969.383,X_LEG_3,-0.03,24.85,16.45,1,1599,1686,NW
1175969.404,X_LEG_3,-0.03,24.85,16.45,1,1599,1686,NW
1175969.424,X_LEG_3,-0.03,24.85,16.45,1,1599,1686,NW
1175969.444,X_LEG_3,-0.03,24.85,16.45,1,1599,1686,NW
1175969.465,X_LEG_3,-0.03,24.85,16.45,1,1599,1686,NW
1175969.485,X_LEG_3,-0.03,24.85,16.45,1,1599,1686,NW
1175969.505,X_LEG_3,-0.03,24.85,16.45,1,1599,1686,NW
1175969.526,X_LEG_3,-0.03,24.85,16.45,1,1599,1686,NW
1175969.546,X_LEG_3,-0.03,24.85,16.45,1,1599,1686,NW
1175969.567,X_LEG_3,-0.03,24.85,16.45,1,1599,1686,NW
1175969.588,X_LEG_3,-0.03,24.85,16.45,1,1599,1686,NW
1175969.608,X_LEG_3,-0.03,24.85,16.45,1,1599,1686,NW
1175969.629,X_LEG_3,-0.03,24.85,16.45,1,1599,1686,NW
1175969.649,X_LEG_3,-0.03,24.85,16.45,1,1599,1686,NW
1175969.670,X_LEG_3,-0.03,24.85,16.45,1,1599,1686,NW
1175969.690,X_LEG_3,-0.03,24.85,16.45,1,1599,1686,NW
1175969.711,X_LEG_3,-0.03,24.85,16.45,1,1599,1686,NW
1175969.731,X_LEG_3,-0.03,24.85,16.45,1,1599,1686,NW
1175969.752,X_LEG_3,-0.03,24.85,16.45,1,1599,1686,NW
1175969.773,X_LEG_3,-0.03,24.85,16.45,1,1599,1686,NW
1175969.794,X_LEG_3,-0.03,24.85,16.45,1,1599,1686,NW
1175969.815,X_LEG_3,-0.03,24.85,16.45,1,1599,1686,NW
1175969.835,X_LEG_3,-0.03,24.85,16.45,1,1599,1686,NW
1175969.855,X_LEG_3,-0.03,24.85,16.45,1,1599,1686,NW
1175969.876,X_LEG_3,-0.03,24.85,16.45,1,1599,1686,NW
1175969.898,X_LEG_3,-0.03,24.85,16.45,1,1599,1686,NW
1175969.918,X_LEG_3,-0.03,24.85,16.45,1,1599,1686,NW
1175969.938,X_LEG_3,-0.03,24.85,16.45,1,1599,1686,NW
1175969.959,X_LEG_3,-0.03,24.85,16.45,1,1599,1686,NW
1175969.979,X_LEG_3,-0.03,24.85,16.45,1,1599,1686,NW
1175970.000,X_LEG_3,-0.03,24.85,16.45,1,1599,1686,NW
1175970.020,X_LEG_3,-0.03,24.85,16.45,1,1599,1686,NW
1175970.040,X_LEG_3,-0.03,24.85,16.45,1,1599,1686,NW
1175970.061,X_LEG_3,-0.03,24.85,16.45,1,1599,1686,NW
1175970.081,X_LEG_3,-0.03,24.85,16.45,1,1599,1686,NW
1175970.102,X_LEG_3,-0.03,24.85,16.45,1,1599,1686,NW
1175970.122,X_LEG_3,-0.03,24.85,16.45,1,1599,1686,NW
1175970.143,X_LEG_3,-0.03,24.85,16.45,1,1599,1686,NW
1175970.163,X_LEG_3,-0.03,24.85,16.45,1,1599,1686,NW
1175970.183,X_LEG_3,-0.03,24.85,16.45,1,1599,1686,NW
1175970.204,X_LEG_3,-0.03,24.85,16.45,1,1599,1686,NW
1175970.224,X_LEG_3,-0.03,24.85,16.45,1,1599,1686,NW
1175970.245,X_LEG_3,-0.03,24.85,16.45,1,1599,1686,NW
1175970.265,X_LEG_3,-0.03,24.85,16.45,1,1599,1686,NW
1175970.286,X_LEG_3,-0.03,24.85,16.45,1,1599,1686,NW
1175970.306,X_LEG_3,-0.03,24.85,16.45,1,1599,1686,NW
1175970.326,X_LEG_3,-0.03,24.85,16.45,1,1599,1686,NW
1175970.347,X_LEG_3,-0.03,24.85,16.45,1,1599,1686,NW
1175970.367,X_LEG_3,-0.03,24.85,16.45,1,1599,1686,NW
1175970.388,X_LEG_3,-0.03,24.85,16.45,1,1599,1686,NW
1175970.409,X_LEG_3,-0.03,24.85,16.45,1,1599,1686,NW
1175970.429,X_LEG_3,-0.03,24.85,16.45,1,1599,1686,NW
1175970.450,X_LEG_3,-0.03,24.85,16.45,1,1599,1686,NW
1175970.470,X_LEG_3,-0.03,24.85,16.45,1,1599,1686,NW
1175970.491,X_LEG_3,-0.03,24.85,16.45,1,1599,1686,NW
1175970.511,X_LEG_3,-0.03,24.85,16.45,1,1599,1686,NW
1175970.531,X_LEG_3,-0.03,24.85,16.45,1,1599,1686,NW
1175970.552,X_LEG_3,-0.03,24.85,16.45,1,1599,1686,NW
1175970.572,X_LEG_3,-0.03,24.85,16.45,1,1599,1686,NW
1175970.593,X_LEG_3,-0.03,24.85,16.45,1,1599,1686,NW
1175970.614,X_LEG_3,-0.03,24.85,16.45,1,1599,1686,NW
1175970.634,X_LEG_3,-0.03,24.85,16.45,1,1599,1686,NW
1175970.655,X_LEG_3,-0.03,24.85,16.45,1,1599,1686,NW
1175970.675,X_LEG_3,-0.03,24.85,16.45,1,1599,1686,NW
1175970.695,X_LEG_3,-0.03,24.85,16.45,1,1599,1686,NW
1175970.716,X_LEG_3,-0.03,24.85,16.45,1,1599,1686,NW
1175970.736,X_LEG_3,-0.03,24.85,16.45,1,1599,1686,NW
1175970.757,X_LEG_3,-0.03,24.85,16.45,1,1599,1686,NW
1175970.777,X_LEG_3,-0.03,24.85,16.45,1,1599,1686,NW
1175970.798,X_LEG_3,-0.03,24.85,16.45,1,1599,1686,NW
1175970.818,X_LEG_3,-0.03,24.85,16.45,1,1599,1686,NW
1175970.839,X_LEG_3,-0.03,24.85,16.45,1,1599,1686,NW
1175970.859,X_LEG_3,-0.03,24.85,16.45,1,1599,1686,NW
1175970.880,X_LEG_3,-0.03,24.85,16.45,1,1599,1686,NW
1175970.900,X_LEG_3,-0.03,24.85,16.45,1,1599,1686,NW
1175970.921,X_LEG_3,-0.03,24.85,16.45,1,1599,1686,NW
1175970.941,X_LEG_3,-0.03,24.85,16.45,1,1599,1686,NW
1175970.962,X_LEG_3,-0.03,24.85,16.45,1,1599,1686,NW
1175970.982,X_LEG_3,-0.03,24.85,16.45,1,1599,1686,NW
1175971.003,X_LEG_3,-0.03,24.85,16.45,1,1599,1686,NW
1175971.023,X_LEG_3,-0.03,24.85,16.45,1,1599,1686,NW
1175971.044,X_LEG_3,-0.03,24.85,16.45,1,1599,1686,NW
1175971.064,X_LEG_3,-0.03,24.85,16.45,1,1599,1686,NW
1175971.085,X_LEG_3,-0.03,24.85,16.45,1,1599,1686,NW
1175971.105,X_LEG_3,-0.03,24.85,16.45,1,1599,1686,NW
1175971.126,X_LEG_3,-0.03,24.85,16.45,1,1599,1686,NW
1175971.146,X_LEG_3,-0.03,24.85,16.45,1,1599,1686,NW
1175971.167,X_LEG_3,-0.03,24.85,16.45,1,1599,1686,NW
1175971.187,X_LEG_3,-0.03,24.85,16.45,1,1599,1686,NW
1175971.208,X_LEG_3,-0.03,24.85,16.45,1,1599,1686,NW
1175971.228,X_LEG_3,-0.03,24.85,16.45,1,1599,1686,NW
1175971.249,X_LEG_3,-0.03,24.85,16.45,1,1599,1686,NW
1175971.269,X_LEG_3,-0.03,24.85,16.45,1,1599,1686,NW
1175971.289,X_LEG_3,-0.03,24.85,16.45,1,1599,1686,NW
1175971.310,X_LEG_3,-0.03,24.85,16.45,1,1599,1686,NW
1175971.330,X_LEG_3,-0.03,24.85,16.45,1,1599,1686,NW
1175971.351,X_LEG_3,-0.03,24.85,16.45,1,1599,1686,NW
1175971.371,X_LEG_3,-0.03,24.85,16.45,1,1599,1686,NW
1175971.392,X_LEG_3,-0.03,24.85,16.45,1,1599,1686,NW
1175971.413,X_LEG_3,-0.03,24.85,16.45,1,1599,1686,NW
1175971.433,X_LEG_3,-0.03,24.85,16.45,1,1599,1686,NW
1175971.453,X_LEG_3,-0.03,24.85,16.45,1,1599,1686,NW
1175971.474,X_LEG_3,-0.03,24.85,16.45,1,1599,1686,NW
1175971.494,X_LEG_3,-0.03,24.85,16.45,1,1599,1686,NW
1175971.515,X_LEG_3,-0.03,24.85,16.45,1,1599,1686,NW
1175971.535,X_LEG_3,-0.03,24.85,16.45,1,1599,1686,NW
1175971.555,X_LEG_3,-0.03,24.85,16.45,1,1599,1686,NW
1175971.576,X_LEG_3,-0.03,24.85,16.45,1,1599,1686,NW
1175971.596,X_LEG_3,-0.03,24.85,16.45,1,1599,1686,NW
1175971.616,X_LEG_3,-0.03,24.85,16.45,1,1599,1686,NW
1175971.637,X_LEG_3,-0.03,24.85,16.45,1,1599,1686,NW
1175971.657,X_LEG_3,-0.03,24.85,16.45,1,1599,1686,NW
1175971.677,X_LEG_3,-0.03,24.85,16.45,1,1599,1686,NW
1175971.698,X_LEG_3,-0.03,24.85,16.45,1,1599,1686,NW
1175971.718,X_LEG_3,-0.03,24.85,16.45,1,1599,1686,NW
1175971.739,X_LEG_3,-0.03,24.85,16.45,1,1599,1686,NW
1175971.759,X_LEG_3,-0.03,24.85,16.45,1,1599,1686,NW
1175971.780,X_LEG_3,-0.03,24.85,16.45,1,1599,1686,NW
1175971.801,X_LEG_3,-0.03,24.85,16.45,1,1599,1686,NW
1175971.822,X_LEG_3,-0.03,24.85,16.45,1,1599,1686,NW
1175971.842,X_LEG_3,-0.03,24.85,16.45,1,1599,1686,NW
1175971.863,X_LEG_3,-0.03,24.85,16.45,1,1599,1686,NW
1175971.884,X_LEG_3,-0.03,24.85,16.45,1,1599,1686,NW
1175971.904,X_LEG_3,-0.03,24.85,16.45,1,1599,1686,NW
1175971.925,X_LEG_3,-0.03,24.85,16.45,1,1599,1686,NW
1175971.945,X_LEG_3,-0.03,24.85,16.45,1,1599,1686,NW
1175971.966,X_LEG_3,-0.03,24.85,16.45,1,1599,1686,NW
1175971.986,X_LEG_3,-0.03,24.85,16.45,1,1599,1686,NW
1175972.006,X_LEG_3,-0.03,24.85,16.45,1,1599,1686,NW
1175972.027,X_LEG_3,-0.03,24.85,16.45,1,1599,1686,NW
1175972.047,X_LEG_3,-0.03,24.85,16.45,1,1599,1686,NW
1175972.068,X_LEG_3,-0.03,24.85,16.45,1,1599,1686,NW
1175972.088,X_LEG_3,-0.03,24.85,16.45,1,1599,1686,NW
1175972.108,X_LEG_3,-0.03,24.85,16.45,1,1599,1686,NW
1175972.129,X_LEG_3,-0.03,24.85,16.45,1,1599,1686,NW
1175972.149,X_LEG_3,-0.03,24.85,16.45,1,1599,1686,NW
1175972.169,X_LEG_3,-0.03,24.85,16.45,1,1599,1686,NW
1175972.190,X_LEG_3,-0.03,24.85,16.45,1,1599,1686,NW
1175972.210,X_LEG_3,-0.03,24.85,16.45,1,1599,1686,NW
1175972.231,X_LEG_3,-0.03,24.85,16.45,1,1599,1686,NW
1175972.252,X_LEG_3,-0.03,24.85,16.45,1,1599,1686,NW
1175972.272,X_LEG_3,-0.03,24.85,16.45,1,1599,1686,NW
1175972.293,X_LEG_3,-0.03,24.85,16.45,1,1599,1686,NW
1175972.313,X_LEG_3,-0.03,24.85,16.45,1,1599,1686,NW
1175972.334,X_LEG_3,-0.03,24.85,16.45,1,1599,1686,NW
1175972.354,X_LEG_3,-0.03,24.85,16.45,1,1599,1686,NW
1175972.374,X_LEG_3,-0.03,24.85,16.45,1,1599,1686,NW
1175972.395,X_LEG_3,-0.03,24.85,16.45,1,1599,1686,NW
1175972.415,X_LEG_3,-0.03,24.85,16.45,1,1599,1686,NW
1175972.436,X_LEG_3,-0.03,24.85,16.45,1,1599,1686,NW
1175972.456,X_LEG_3,-0.03,24.85,16.45,1,1599,1686,NW
1175972.476,X_LEG_3,-0.03,24.85,16.45,1,1599,1686,NW
1175972.497,X_LEG_3,-0.03,24.85,16.45,1,1599,1686,NW
1175972.517,X_LEG_3,-0.03,24.85,16.45,1,1599,1686,NW
1175972.538,X_LEG_3,-0.03,24.85,16.45,1,1599,1686,NW
1175972.558,X_LEG_3,-0.03,24.85,16.45,1,1599,1686,NW
1175972.579,X_LEG_3,-0.03,24.85,16.45,1,1599,1686,NW
1175972.599,X_LEG_3,-0.03,24.85,16.45,1,1599,1686,NW
1175972.620,X_LEG_3,-0.03,24.85,16.45,1,1599,1686,NW
1175972.640,X_LEG_3,-0.03,24.85,16.45,1,1599,1686,NW
1175972.662,X_LEG_3,-0.03,24.85,16.45,1,1599,1686,NW
1175972.682,X_LEG_3,-0.03,24.85,16.45,1,1599,1686,NW
1175972.703,X_LEG_3,-0.03,24.85,16.45,1,1599,1686,NW
1175972.724,X_LEG_3,-0.03,24.85,16.45,1,1599,1686,NW
1175972.744,X_LEG_3,-0.03,24.85,16.45,1,1599,1686,NW
1175972.765,X_LEG_3,-0.03,24.85,16.45,1,1599,1686,NW
1175972.786,X_LEG_3,-0.03,24.85,16.45,1,1599,1686,NW
1175972.806,X_LEG_3,-0.03,24.85,16.45,1,1599,1686,NW
1175972.826,X_LEG_3,-0.03,24.85,16.45,1,1599,1686,NW
1175972.847,X_LEG_3,-0.03,24.85,16.45,1,1599,1686,NW
1175972.868,X_LEG_3,-0.03,24.85,16.45,1,1599,1686,NW
1175972.888,X_LEG_3,-0.03,24.85,16.45,1,1599,1686,NW
1175972.908,X_LEG_3,-0.03,24.85,16.45,1,1599,1686,NW
1175972.929,X_LEG_3,-0.03,24.85,16.45,1,1599,1686,NW
1175972.949,X_LEG_3,-0.03,24.85,16.45,1,1599,1686,NW
1175972.969,X_LEG_3,-0.03,24.85,16.45,1,1599,1686,NW
1175972.991,X_LEG_3,-0.03,24.85,16.45,1,1599,1686,NW
1175973.011,X_LEG_3,-0.03,24.85,16.45,1,1599,1686,NW
1175973.031,X_LEG_3,-0.03,24.85,16.45,1,1599,1686,NW
1175973.052,X_LEG_3,-0.03,24.85,16.45,1,1599,1686,NW
1175973.073,X_LEG_3,-0.03,24.85,16.45,1,1599,1686,NW
1175973.093,X_LEG_3,-0.03,24.85,16.45,1,1599,1686,NW
1175973.114,X_LEG_3,-0.03,24.85,16.45,1,1599,1686,NW
1175973.135,X_LEG_3,-0.03,24.85,16.45,1,1599,1686,NW
1175973.155,X_LEG_3,-0.03,24.85,16.45,1,1599,1686,NW
1175973.175,X_LEG_3,-0.03,24.85,16.45,1,1599,1686,NW
1175973.196,X_LEG_3,-0.03,24.85,16.45,1,1599,1686,NW
1175973.217,X_LEG_3,-0.03,24.85,16.45,1,1599,1686,NW
1175973.238,X_LEG_3,-0.03,24.85,16.45,1,1599,1686,NW
1175973.258,X_LEG_3,-0.03,24.85,16.45,1,1599,1686,NW
1175973.278,X_LEG_3,-0.03,24.85,16.45,1,1599,1686,NW
1175973.299,X_LEG_3,-0.03,24.85,16.45,1,1599,1686,NW
1175973.319,X_LEG_3,-0.03,24.85,16.45,1,1599,1686,NW
1175973.340,X_LEG_3,-0.03,24.85,16.45,1,1599,1686,NW
1175973.360,X_LEG_3,-0.03,24.85,16.45,1,1599,1686,NW
1175973.381,X_LEG_3,-0.03,24.85,16.45,1,1599,1686,NW
1175973.401,X_LEG_3,-0.03,24.85,16.45,1,1599,1686,NW
1175973.422,X_LEG_3,-0.03,24.85,16.45,1,1599,1686,NW
1175973.442,X_LEG_3,-0.03,24.85,16.45,1,1599,1686,NW
1175973.463,X_LEG_3,-0.03,24.85,16.45,1,1599,1686,NW
1175973.483,X_LEG_3,-0.03,24.85,16.45,1,1599,1686,NW
1175973.504,X_LEG_3,-0.03,24.85,16.45,1,1599,1686,NW
1175973.525,X_LEG_3,-0.03,24.85,16.45,1,1599,1686,NW
1175973.545,X_LEG_3,-0.03,24.85,16.45,1,1599,1686,NW
1175973.566,X_LEG_3,-0.03,24.85,16.45,1,1599,1686,NW
1175973.587,X_LEG_3,-0.03,24.85,16.45,1,1599,1686,NW
1175973.607,X_LEG_3,-0.03,24.85,16.45,1,1599,1686,NW
1175973.627,X_LEG_3,-0.03,24.85,16.45,1,1599,1686,NW
1175973.648,X_LEG_3,-0.03,24.85,16.45,1,1599,1686,NW
1175973.668,X_LEG_3,-0.03,24.85,16.45,1,1599,1686,NW
1175973.689,X_LEG_3,-0.03,24.85,16.45,1,1599,1686,NW
1175973.709,X_LEG_3,-0.03,24.85,16.45,1,1599,1686,NW
1175973.730,X_LEG_3,-0.03,24.85,16.45,1,1599,1686,NW
1175973.751,X_LEG_3,-0.03,24.85,16.45,1,1599,1686,NW
1175973.771,X_LEG_3,-0.03,24.85,16.45,1,1599,1686,NW
1175973.792,X_LEG_3,-0.03,24.85,16.45,1,1599,1686,NW
1175973.812,X_LEG_3,-0.03,24.85,16.45,1,1599,1686,NW
1175973.833,X_LEG_3,-0.03,24.85,16.45,1,1599,1686,NW
1175973.853,X_LEG_3,-0.03,24.85,16.45,1,1599,1686,NW
1175973.874,X_LEG_3,-0.03,24.85,16.45,1,1599,1686,NW
1175973.894,X_LEG_3,-0.03,24.85,16.45,1,1599,1686,NW
1175973.915,X_LEG_3,-0.03,24.85,16.45,1,1599,1686,NW
1175973.935,X_LEG_3,-0.03,24.85,16.45,1,1599,1686,NW
1175973.956,X_LEG_3,-0.03,24.85,16.45,1,1599,1686,NW
1175973.977,X_LEG_3,-0.03,24.85,16.45,1,1599,1686,NW
1175973.997,X_LEG_3,-0.03,24.85,16.45,1,1599,1686,NW
1175974.019,X_LEG_3,-0.03,24.85,16.45,1,1599,1686,NW
1175974.040,X_LEG_3,-0.03,24.85,16.45,1,1599,1686,NW
1175974.060,X_LEG_3,-0.03,24.85,16.45,1,1599,1686,NW
1175974.081,X_LEG_3,-0.03,24.85,16.45,1,1599,1686,NW
1175974.102,X_LEG_3,-0.03,24.85,16.45,1,1599,1686,NW
1175974.122,X_LEG_3,-0.03,24.85,16.45,1,1599,1686,NW
1175974.142,X_LEG_3,-0.03,24.85,16.45,1,1599,1686,NW
1175974.163,X_LEG_3,-0.03,24.85,16.45,1,1599,1686,NW
1175974.183,X_LEG_3,-0.03,24.85,16.45,1,1599,1686,NW
1175974.204,X_LEG_3,-0.03,24.85,16.45,1,1599,1686,NW
1175974.224,X_LEG_3,-0.03,24.85,16.45,1,1599,1686,NW
1175974.244,X_LEG_3,-0.03,24.85,16.45,1,1599,1686,NW
1175974.264,X_LEG_3,-0.03,24.85,16.45,1,1599,1686,NW
1175974.285,X_LEG_3,-0.03,24.85,16.45,1,1599,1686,NW
1175974.305,X_LEG_3,-0.03,24.85,16.45,1,1599,1686,NW
1175974.325,X_LEG_3,-0.03,24.85,16.45,1,1599,1686,NW
1175974.346,X_LEG_3,-0.03,24.85,16.45,1,1599,1686,NW
1175974.367,X_LEG_3,-0.03,24.85,16.45,1,1599,1686,NW
1175974.387,X_LEG_3,-0.03,24.85,16.45,1,1599,1686,NW
1175974.407,X_LEG_3,-0.03,24.85,16.45,1,1599,1686,NW
1175974.427,X_LEG_3,-0.03,24.85,16.45,1,1599,1686,NW
1175974.448,X_LEG_3,-0.03,24.85,16.45,1,1599,1686,NW
1175974.468,X_LEG_3,-0.03,24.85,16.45,1,1599,1686,NW
1175974.488,X_LEG_3,-0.03,24.85,16.45,1,1599,1686,NW
1175974.508,X_LEG_3,-0.03,24.85,16.45,1,1599,1686,NW
1175974.529,X_LEG_3,-0.03,24.85,16.45,1,1599,1686,NW
1175974.549,X_LEG_3,-0.03,24.85,16.45,1,1599,1686,NW
1175974.570,X_LEG_3,-0.03,24.85,16.45,1,1599,1686,NW
1175974.590,X_LEG_3,-0.03,24.85,16.45,1,1599,1686,NW
1175974.611,X_LEG_3,-0.03,24.85,16.45,1,1599,1686,NW
1175974.631,X_LEG_3,-0.03,24.85,16.45,1,1599,1686,NW
1175974.651,X_LEG_3,-0.03,24.85,16.45,1,1599,1686,NW
1175974.672,X_LEG_3,-0.03,24.85,16.45,1,1599,1686,NW
1175974.692,X_LEG_3,-0.03,24.85,16.45,1,1599,1686,NW
1175974.713,X_LEG_3,-0.03,24.85,16.45,1,1599,1686,NW
1175974.733,X_LEG_3,-0.03,24.85,16.45,1,1599,1686,NW
1175974.754,X_LEG_3,-0.03,24.85,16.45,1,1599,1686,NW
1175974.774,X_LEG_3,-0.03,24.85,16.45,1,1599,1686,NW
1175974.794,X_LEG_3,-0.03,24.85,16.45,1,1599,1686,NW
1175974.815,X_LEG_3,-0.03,24.85,16.45,1,1599,1686,NW
1175974.835,X_LEG_3,-0.03,24.85,16.45,1,1599,1686,NW
1175974.856,X_LEG_3,-0.03,24.85,16.45,1,1599,1686,NW
1175974.876,X_LEG_3,-0.03,24.85,16.45,1,1599,1686,NW
1175974.897,X_LEG_3,-0.03,24.85,16.45,1,1599,1686,NW
1175974.917,X_LEG_3,-0.03,24.85,16.45,1,1599,1686,NW
1175974.938,X_LEG_3,-0.03,24.85,16.45,1,1599,1686,NW
1175974.959,X_LEG_3,-0.03,24.85,16.45,1,1599,1686,NW
1175974.979,X_LEG_3,-0.03,24.85,16.45,1,1599,1686,NW
1175975.000,X_LEG_3,-0.03,24.85,16.45,1,1599,1686,NW
1175975.020,X_LEG_3,-0.03,24.85,16.45,1,1599,1686,NW
1175975.040,X_LEG_3,-0.03,24.85,16.45,1,1599,1686,NW
1175975.061,X_LEG_3,-0.03,24.85,16.45,1,1599,1686,NW
1175975.081,X_LEG_3,-0.03,24.85,16.45,1,1599,1686,NW
1175975.102,X_LEG_3,-0.03,24.85,16.45,1,1599,1686,NW
1175975.123,X_LEG_3,-0.03,24.85,16.45,1,1599,1686,NW
1175975.143,X_LEG_3,-0.03,24.85,16.45,1,1599,1686,NW
1175975.163,X_LEG_3,-0.03,24.85,16.45,1,1599,1686,NW
1175975.184,X_LEG_3,-0.03,24.85,16.45,1,1599,1686,NW
1175975.204,X_LEG_3,-0.03,24.85,16.45,1,1599,1686,NW
1175975.225,X_LEG_3,-0.03,24.85,16.45,1,1599,1686,NW
1175975.245,X_LEG_3,-0.03,24.85,16.45,1,1599,1686,NW
1175975.266,X_LEG_3,-0.03,24.85,16.45,1,1599,1686,NW
1175975.286,X_LEG_3,-0.03,24.85,16.45,1,1599,1686,NW
1175975.306,X_LEG_3,-0.03,24.85,16.45,1,1599,1686,NW
1175975.327,X_LEG_3,-0.03,24.85,16.45,1,1599,1686,NW
1175975.348,X_LEG_3,-0.03,24.85,16.45,1,1599,1686,NW
1175975.368,X_LEG_3,-0.03,24.85,16.45,1,1599,1686,NW
1175975.389,X_LEG_3,-0.03,24.85,16.45,1,1599,1686,NW
1175975.409,X_LEG_3,-0.03,24.85,16.45,1,1599,1686,NW
1175975.430,X_LEG_3,-0.03,24.85,16.45,1,1599,1686,NW
1175975.450,X_LEG_3,-0.03,24.85,16.45,1,1599,1686,NW
1175975.471,X_LEG_3,-0.03,24.85,16.45,1,1599,1686,NW
1175975.491,X_LEG_3,-0.03,24.85,16.45,1,1599,1686,NW
1175975.511,X_LEG_3,-0.03,24.85,16.45,1,1599,1686,NW
1175975.532,X_LEG_3,-0.03,24.85,16.45,1,1599,1686,NW
1175975.552,X_LEG_3,-0.03,24.85,16.45,1,1599,1686,NW
1175975.573,X_LEG_3,-0.03,24.85,16.45,1,1599,1686,NW
1175975.594,X_LEG_3,-0.03,24.85,16.45,1,1599,1686,NW
1175975.615,X_LEG_3,-0.03,24.85,16.45,1,1599,1686,NW
1175975.635,X_LEG_3,-0.03,24.85,16.45,1,1599,1686,NW
1175975.656,X_LEG_3,-0.03,24.85,16.45,1,1599,1686,NW
1175975.676,X_LEG_3,-0.03,24.85,16.45,1,1599,1686,NW
1175975.697,X_LEG_3,-0.03,24.85,16.45,1,1599,1686,NW
1175975.717,X_LEG_3,-0.03,24.85,16.45,1,1599,1686,NW
1175975.738,X_LEG_3,-0.03,24.85,16.45,1,1599,1686,NW
1175975.758,X_LEG_3,-0.03,24.85,16.45,1,1599,1686,NW
1175975.779,X_LEG_3,-0.03,24.85,16.45,1,1599,1686,NW
1175975.799,X_LEG_3,-0.03,24.85,16.45,1,1599,1686,NW
1175975.820,X_LEG_3,-0.03,24.85,16.45,1,1599,1686,NW
1175975.840,X_LEG_3,-0.03,24.85,16.45,1,1599,1686,NW
1175975.861,X_LEG_3,-0.03,24.85,16.45,1,1599,1686,NW
1175975.881,X_LEG_3,-0.03,24.85,16.45,1,1599,1686,NW
1175975.902,X_LEG_3,-0.03,24.85,16.45,1,1599,1686,NW
1175975.922,X_LEG_3,-0.03,24.85,16.45,1,1599,1686,NW
1175975.943,X_LEG_3,-0.03,24.85,16.45,1,1599,1686,NW
1175975.963,X_LEG_3,-0.03,24.85,16.45,1,1599,1686,NW
1175975.983,X_LEG_3,-0.03,24.85,16.45,1,1599,1686,NW
1175976.004,X_LEG_3,-0.03,24.85,16.45,1,1599,1686,NW
1175976.024,X_LEG_3,-0.03,24.85,16.45,1,1599,1686,NW
1175976.045,X_LEG_3,-0.03,24.85,16.45,1,1599,1686,NW
1175976.065,X_LEG_3,-0.03,24.85,16.45,1,1599,1686,NW
1175976.086,X_LEG_3,-0.03,24.85,16.45,1,1599,1686,NW
1175976.106,X_LEG_3,-0.03,24.85,16.45,1,1599,1686,NW
1175976.127,X_LEG_3,-0.03,24.85,16.45,1,1599,1686,NW
1175976.147,X_LEG_3,-0.03,24.85,16.45,1,1599,1686,NW
1175976.167,X_LEG_3,-0.03,24.85,16.45,1,1599,1686,NW
1175976.188,X_LEG_3,-0.03,24.85,16.45,1,1599,1686,NW
1175976.208,X_LEG_3,-0.03,24.85,16.45,1,1599,1686,NW
1175976.229,X_LEG_3,-0.03,24.85,16.45,1,1599,1686,NW
1175976.250,X_LEG_3,-0.03,24.85,16.45,1,1599,1686,NW
1175976.271,X_LEG_3,-0.03,24.85,16.45,1,1599,1686,NW
1175976.292,X_LEG_3,-0.03,24.85,16.45,1,1599,1686,NW
1175976.312,X_LEG_3,-0.03,24.85,16.45,1,1599,1686,NW
1175976.333,X_LEG_3,-0.03,24.85,16.45,1,1599,1686,NW
1175976.353,X_LEG_3,-0.03,24.85,16.45,1,1599,1686,NW
1175976.373,X_LEG_3,-0.03,24.85,16.45,1,1599,1686,NW
1175976.393,X_LEG_3,-0.03,24.85,16.45,1,1599,1686,NW
1175976.414,X_LEG_3,-0.03,24.85,16.45,1,1599,1686,NW
1175976.434,X_LEG_3,-0.03,24.85,16.45,1,1599,1686,NW
1175976.455,X_LEG_3,-0.03,24.85,16.45,1,1599,1686,NW
1175976.475,X_LEG_3,-0.03,24.85,16.45,1,1599,1686,NW
1175976.495,X_LEG_3,-0.03,24.85,16.45,1,1599,1686,NW
1175976.516,X_LEG_3,-0.03,24.85,16.45,1,1599,1686,NW
1175976.536,X_LEG_3,-0.03,24.85,16.45,1,1599,1686,NW
1175976.556,X_LEG_3,-0.03,24.85,16.45,1,1599,1686,NW
1175976.577,X_LEG_3,-0.03,24.85,16.45,1,1599,1686,NW
1175976.597,X_LEG_3,-0.03,24.85,16.45,1,1599,1686,NW
1175976.618,X_LEG_3,-0.03,24.85,16.45,1,1599,1686,NW
1175976.638,X_LEG_3,-0.03,24.85,16.45,1,1599,1686,NW
1175976.660,X_LEG_3,-0.03,24.85,16.45,1,1599,1686,NW
1175976.680,X_LEG_3,-0.03,24.85,16.45,1,1599,1686,NW
1175976.700,X_LEG_3,-0.03,24.85,16.45,1,1599,1686,NW
1175976.722,X_LEG_3,-0.03,24.85,16.45,1,1599,1686,NW
1175976.742,X_LEG_3,-0.03,24.85,16.45,1,1599,1686,NW
1175976.763,X_LEG_3,-0.03,24.85,16.45,1,1599,1686,NW
1175976.784,X_LEG_3,-0.03,24.85,16.45,1,1599,1686,NW
1175976.804,X_LEG_3,-0.03,24.85,16.45,1,1599,1686,NW
1175976.824,X_LEG_3,-0.03,24.85,16.45,1,1599,1686,NW
1175976.845,X_LEG_3,-0.03,24.85,16.45,1,1599,1686,NW
1175976.865,X_LEG_3,-0.03,24.85,16.45,1,1599,1686,NW
1175976.885,X_LEG_3,-0.03,24.85,16.45,1,1599,1686,NW
1175976.906,X_LEG_3,-0.03,24.85,16.45,1,1599,1686,NW
1175976.926,X_LEG_3,-0.03,24.85,16.45,1,1599,1686,NW
1175976.947,X_LEG_3,-0.03,24.85,16.45,1,1599,1686,NW
1175976.967,X_LEG_3,-0.03,24.85,16.45,1,1599,1686,NW
1175976.988,X_LEG_3,-0.03,24.85,16.45,1,1599,1686,NW
1175977.008,X_LEG_3,-0.03,24.85,16.45,1,1599,1686,NW
1175977.029,X_LEG_3,-0.03,24.85,16.45,1,1599,1686,NW
1175977.049,X_LEG_3,-0.03,24.85,16.45,1,1599,1686,NW
1175977.069,X_LEG_3,-0.03,24.85,16.45,1,1599,1686,NW
1175977.090,X_LEG_3,-0.03,24.85,16.45,1,1599,1686,NW
1175977.110,X_LEG_3,-0.03,24.85,16.45,1,1599,1686,NW
1175977.131,X_LEG_3,-0.03,24.85,16.45,1,1599,1686,NW
1175977.152,X_LEG_3,-0.03,24.85,16.45,1,1599,1686,NW
1175977.172,X_LEG_3,-0.03,24.85,16.45,1,1599,1686,NW
1175977.192,X_LEG_3,-0.03,24.85,16.45,1,1599,1686,NW
1175977.212,X_LEG_3,-0.03,24.85,16.45,1,1599,1686,NW
1175977.233,X_LEG_3,-0.03,24.85,16.45,1,1599,1686,NW
1175977.254,X_LEG_3,-0.03,24.85,16.45,1,1599,1686,NW
1175977.274,X_LEG_3,-0.03,24.85,16.45,1,1599,1686,NW
1175977.294,X_LEG_3,-0.03,24.85,16.45,1,1599,1686,NW
1175977.315,X_LEG_3,-0.03,24.85,16.45,1,1599,1686,NW
1175977.336,X_LEG_3,-0.03,24.85,16.45,1,1599,1686,NW
1175977.356,X_LEG_3,-0.03,24.85,16.45,1,1599,1686,NW
1175977.376,X_LEG_3,-0.03,24.85,16.45,1,1599,1686,NW
1175977.397,X_LEG_3,-0.03,24.85,16.45,1,1599,1686,NW
1175977.417,X_LEG_3,-0.03,24.85,16.45,1,1599,1686,NW
1175977.438,X_LEG_3,-0.03,24.85,16.45,1,1599,1686,NW
1175977.458,X_LEG_3,-0.03,24.85,16.45,1,1599,1686,NW
1175977.479,X_LEG_3,-0.03,24.85,16.45,1,1599,1686,NW
1175977.499,X_LEG_3,-0.03,24.85,16.45,1,1599,1686,NW
1175977.519,X_LEG_3,-0.03,24.85,16.45,1,1599,1686,NW
1175977.540,X_LEG_3,-0.03,24.85,16.45,1,1599,1686,NW
1175977.561,X_LEG_3,-0.03,24.85,16.45,1,1599,1686,NW
1175977.582,X_LEG_3,-0.03,24.85,16.45,1,1599,1686,NW
1175977.602,X_LEG_3,-0.03,24.85,16.45,1,1599,1686,NW
1175977.622,X_LEG_3,-0.03,24.85,16.45,1,1599,1686,NW
1175977.643,X_LEG_3,-0.03,24.85,16.45,1,1599,1686,NW
1175977.663,X_LEG_3,-0.03,24.85,16.45,1,1599,1686,NW
1175977.684,X_LEG_3,-0.03,24.85,16.45,1,1599,1686,NW
1175977.704,X_LEG_3,-0.03,24.85,16.45,1,1599,1686,NW
1175977.725,X_LEG_3,-0.03,24.85,16.45,1,1599,1686,NW
1175977.746,X_LEG_3,-0.03,24.85,16.45,1,1599,1686,NW
1175977.766,X_LEG_3,-0.03,24.85,16.45,1,1599,1686,NW
1175977.786,X_LEG_3,-0.03,24.85,16.45,1,1599,1686,NW
1175977.807,X_LEG_3,-0.03,24.85,16.45,1,1599,1686,NW
1175977.828,X_LEG_3,-0.03,24.85,16.45,1,1599,1686,NW
1175977.848,X_LEG_3,-0.03,24.85,16.45,1,1599,1686,NW
1175977.869,X_LEG_3,-0.03,24.85,16.45,1,1599,1686,NW
1175977.889,X_LEG_3,-0.03,24.85,16.45,1,1599,1686,NW
1175977.909,X_LEG_3,-0.03,24.85,16.45,1,1599,1686,NW
1175977.930,X_LEG_3,-0.03,24.85,16.45,1,1599,1686,NW
1175977.950,X_LEG_3,-0.03,24.85,16.45,1,1599,1686,NW
1175977.971,X_LEG_3,-0.03,24.85,16.45,1,1599,1686,NW
1175977.992,X_LEG_3,-0.03,24.85,16.45,1,1599,1686,NW
1175978.012,X_LEG_3,-0.03,24.85,16.45,1,1599,1686,NW
1175978.032,X_LEG_3,-0.03,24.85,16.45,1,1599,1686,NW
1175978.052,X_LEG_3,-0.03,24.85,16.45,1,1599,1686,NW
1175978.073,X_LEG_3,-0.03,24.85,16.45,1,1599,1686,NW
1175978.093,X_LEG_3,-0.03,24.85,16.45,1,1599,1686,NW
1175978.113,X_LEG_3,-0.03,24.85,16.45,1,1599,1686,NW
1175978.133,X_LEG_3,-0.03,24.85,16.45,1,1599,1686,NW
1175978.154,X_LEG_3,-0.03,24.85,16.45,1,1599,1686,NW
1175978.174,X_LEG_3,-0.03,24.85,16.45,1,1599,1686,NW
1175978.195,X_LEG_3,-0.03,24.85,16.45,1,1599,1686,NW
1175978.215,X_LEG_3,-0.03,24.85,16.45,1,1599,1686,NW
1175978.236,X_LEG_3,-0.03,24.85,16.45,1,1599,1686,NW
1175978.256,X_LEG_3,-0.03,24.85,16.45,1,1599,1686,NW
1175978.276,X_LEG_3,-0.03,24.85,16.45,1,1599,1686,NW
1175978.297,X_LEG_3,-0.03,24.85,16.45,1,1599,1686,NW
1175978.318,X_LEG_3,-0.03,24.85,16.45,1,1599,1686,NW
1175978.338,X_LEG_3,-0.03,24.85,16.45,1,1599,1686,NW
1175978.359,X_LEG_3,-0.03,24.85,16.45,1,1599,1686,NW
1175978.379,X_LEG_3,-0.03,24.85,16.45,1,1599,1686,NW
1175978.400,X_LEG_3,-0.03,24.85,16.45,1,1599,1686,NW
1175978.420,X_LEG_3,-0.03,24.85,16.45,1,1599,1686,NW
1175978.441,X_LEG_3,-0.03,24.85,16.45,1,1599,1686,NW
1175978.461,X_LEG_3,-0.03,24.85,16.45,1,1599,1686,NW
1175978.481,X_LEG_3,-0.03,24.85,16.45,1,1599,1686,NW
1175978.502,X_LEG_3,-0.03,24.85,16.45,1,1599,1686,NW
1175978.522,X_LEG_3,-0.03,24.85,16.45,1,1599,1686,NW
1175978.543,X_LEG_3,-0.03,24.85,16.45,1,1599,1686,NW
1175978.563,X_LEG_3,-0.03,24.85,16.45,1,1599,1686,NW
1175978.584,X_LEG_3,-0.03,24.85,16.45,1,1599,1686,NW
1175978.604,X_LEG_3,-0.03,24.85,16.45,1,1599,1686,NW
1175978.625,X_LEG_3,-0.03,24.85,16.45,1,1599,1686,NW
1175978.645,X_LEG_3,-0.03,24.85,16.45,1,1599,1686,NW
1175978.666,X_LEG_3,-0.03,24.85,16.45,1,1599,1686,NW
1175978.687,X_LEG_3,-0.03,24.85,16.45,1,1599,1686,NW
1175978.707,X_LEG_3,-0.03,24.85,16.45,1,1599,1686,NW
1175978.728,X_LEG_3,-0.03,24.85,16.45,1,1599,1686,NW
1175978.748,X_LEG_3,-0.03,24.85,16.45,1,1599,1686,NW
1175978.768,X_LEG_3,-0.03,24.85,16.45,1,1599,1686,NW
1175978.790,X_LEG_3,-0.03,24.85,16.45,1,1599,1686,NW
1175978.811,X_LEG_3,-0.03,24.85,16.45,1,1599,1686,NW
1175978.831,X_LEG_3,-0.03,24.85,16.45,1,1599,1686,NW
1175978.851,X_LEG_3,-0.03,24.85,16.45,1,1599,1686,NW
1175978.872,X_LEG_3,-0.03,24.85,16.45,1,1599,1686,NW
1175978.892,X_LEG_3,-0.03,24.85,16.45,1,1599,1686,NW
1175978.913,X_LEG_3,-0.03,24.85,16.45,1,1599,1686,NW
1175978.934,X_LEG_3,-0.03,24.85,16.45,1,1599,1686,NW
1175978.954,X_LEG_3,-0.03,24.85,16.45,1,1599,1686,NW
1175978.974,X_LEG_3,-0.03,24.85,16.45,1,1599,1686,NW
1175978.994,X_LEG_3,-0.03,24.85,16.45,1,1599,1686,NW
1175979.014,X_LEG_3,-0.03,24.85,16.45,1,1599,1686,NW
1175979.035,X_LEG_3,-0.03,24.85,16.45,1,1599,1686,NW
1175979.055,X_LEG_3,-0.03,24.85,16.45,1,1599,1686,NW
1175979.076,X_LEG_3,-0.03,24.85,16.45,1,1599,1686,NW
1175979.096,X_LEG_3,-0.03,24.85,16.45,1,1599,1686,NW
1175979.117,X_LEG_3,-0.03,24.85,16.45,1,1599,1686,NW
1175979.137,X_LEG_3,-0.03,24.85,16.45,1,1599,1686,NW
1175979.158,X_LEG_3,-0.03,24.85,16.45,1,1599,1686,NW
1175979.178,X_LEG_3,-0.03,24.85,16.45,1,1599,1686,NW
1175979.199,X_LEG_3,-0.03,24.85,16.45,1,1599,1686,NW
1175979.219,X_LEG_3,-0.03,24.85,16.45,1,1599,1686,NW
1175979.239,X_LEG_3,-0.03,24.85,16.45,1,1599,1686,NW
1175979.260,X_LEG_3,-0.03,24.85,16.45,1,1599,1686,NW
1175979.280,X_LEG_3,-0.03,24.85,16.45,1,1599,1686,NW
1175979.301,X_LEG_3,-0.03,24.85,16.45,1,1599,1686,NW
1175979.321,X_LEG_3,-0.03,24.85,16.45,1,1599,1686,NW
1175979.342,X_LEG_3,-0.03,24.85,16.45,1,1599,1686,NW
1175979.362,X_LEG_3,-0.03,24.85,16.45,1,1599,1686,NW
1175979.383,X_LEG_3,-0.03,24.85,16.45,1,1599,1686,NW
1175979.403,X_LEG_3,-0.03,24.85,16.45,1,1599,1686,NW
1175979.424,X_LEG_3,-0.03,24.85,16.45,1,1599,1686,NW
1175979.445,X_LEG_3,-0.03,24.85,16.45,1,1599,1686,NW
1175979.465,X_LEG_3,-0.03,24.85,16.45,1,1599,1686,NW
1175979.486,X_LEG_3,-0.03,24.85,16.45,1,1599,1686,NW
1175979.506,X_LEG_3,-0.03,24.85,16.45,1,1599,1686,NW
1175979.527,X_LEG_3,-0.03,24.85,16.45,1,1599,1686,NW
1175979.547,X_LEG_3,-0.03,24.85,16.45,1,1599,1686,NW
1175979.568,X_LEG_3,-0.03,24.85,16.45,1,1599,1686,NW
1175979.588,X_LEG_3,-0.03,24.85,16.45,1,1599,1686,NW
1175979.609,X_LEG_3,-0.03,24.85,16.45,1,1599,1686,NW
1175979.629,X_LEG_3,-0.03,24.85,16.45,1,1599,1686,NW
1175979.650,X_LEG_3,-0.03,24.85,16.45,1,1599,1686,NW
1175979.670,X_LEG_3,-0.03,24.85,16.45,1,1599,1686,NW
1175979.691,X_LEG_3,-0.03,24.85,16.45,1,1599,1686,NW
1175979.711,X_LEG_3,-0.03,24.85,16.45,1,1599,1686,NW
1175979.732,X_LEG_3,-0.03,24.85,16.45,1,1599,1686,NW
1175979.752,X_LEG_3,-0.03,24.85,16.45,1,1599,1686,NW
1175979.773,X_LEG_3,-0.03,24.85,16.45,1,1599,1686,NW
1175979.793,X_LEG_3,-0.03,24.85,16.45,1,1599,1686,NW
1175979.815,X_LEG_3,-0.03,24.85,16.45,1,1599,1686,NW
1175979.835,X_LEG_3,-0.03,24.85,16.45,1,1599,1686,NW
1175979.856,X_LEG_3,-0.03,24.85,16.45,1,1599,1686,NW
1175979.876,X_LEG_3,-0.03,24.85,16.45,1,1599,1686,NW
1175979.897,X_LEG_3,-0.03,24.85,16.45,1,1599,1686,NW
1175979.919,X_LEG_3,-0.03,24.85,16.45,1,1599,1686,NW
1175979.939,X_LEG_3,-0.03,24.85,16.45,1,1599,1686,NW
1175979.960,X_LEG_3,-0.03,24.85,16.45,1,1599,1686,NW
1175979.980,X_LEG_3,-0.03,24.85,16.45,1,1599,1686,NW
1175980.001,X_LEG_3,-0.03,24.85,16.45,1,1599,1686,NW
1175980.021,X_LEG_3,-0.03,24.85,16.45,1,1599,1686,NW
1175980.042,X_LEG_3,-0.03,24.85,16.45,1,1599,1686,NW
1175980.062,X_LEG_3,-0.03,24.85,16.45,1,1599,1686,NW
1175980.083,X_LEG_3,-0.03,24.85,16.45,1,1599,1686,NW
1175980.103,X_LEG_3,-0.03,24.85,16.45,1,1599,1686,NW
1175980.124,X_LEG_3,-0.03,24.85,16.45,1,1599,1686,NW
1175980.144,X_LEG_3,-0.03,24.85,16.45,1,1599,1686,NW
1175980.165,X_LEG_3,-0.03,24.85,16.45,1,1599,1686,NW
1175980.185,X_LEG_3,-0.03,24.85,16.45,1,1599,1686,NW
1175980.206,X_LEG_3,-0.03,24.85,16.45,1,1599,1686,NW
1175980.226,X_LEG_3,-0.03,24.85,16.45,1,1599,1686,NW
1175980.246,X_LEG_3,-0.03,24.85,16.45,1,1599,1686,NW
1175980.267,X_LEG_3,-0.03,24.85,16.45,1,1599,1686,NW
1175980.287,X_LEG_3,-0.03,24.85,16.45,1,1599,1686,NW
1175980.308,X_LEG_3,-0.03,24.85,16.45,1,1599,1686,NW
1175980.329,X_LEG_3,-0.03,24.85,16.45,1,1599,1686,NW
1175980.349,X_LEG_3,-0.03,24.85,16.45,1,1599,1686,NW
1175980.370,X_LEG_3,-0.03,24.85,16.45,1,1599,1686,NW
1175980.390,X_LEG_3,-0.03,24.85,16.45,1,1599,1686,NW
1175980.411,X_LEG_3,-0.03,24.85,16.45,1,1599,1686,NW
1175980.431,X_LEG_3,-0.03,24.85,16.45,1,1599,1686,NW
1175980.451,X_LEG_3,-0.03,24.85,16.45,1,1599,1686,NW
1175980.472,X_LEG_3,-0.03,24.85,16.45,1,1599,1686,NW
1175980.492,X_LEG_3,-0.03,24.85,16.45,1,1599,1686,NW
1175980.513,X_LEG_3,-0.03,24.85,16.45,1,1599,1686,NW
1175980.533,X_LEG_3,-0.03,24.85,16.45,1,1599,1686,NW
1175980.554,X_LEG_3,-0.03,24.85,16.45,1,1599,1686,NW
1175980.574,X_LEG_3,-0.03,24.85,16.45,1,1599,1686,NW
1175980.594,X_LEG_3,-0.03,24.85,16.45,1,1599,1686,NW
1175980.615,X_LEG_3,-0.03,24.85,16.45,1,1599,1686,NW
1175980.635,X_LEG_3,-0.03,24.85,16.45,1,1599,1686,NW
1175980.655,X_LEG_3,-0.03,24.85,16.45,1,1599,1686,NW
1175980.676,X_LEG_3,-0.03,24.85,16.45,1,1599,1686,NW
1175980.696,X_LEG_3,-0.03,24.85,16.45,1,1599,1686,NW
1175980.717,X_LEG_3,-0.03,24.85,16.45,1,1599,1686,NW
1175980.737,X_LEG_3,-0.03,24.85,16.45,1,1599,1686,NW
1175980.758,X_LEG_3,-0.03,24.85,16.45,1,1599,1686,NW
1175980.778,X_LEG_3,-0.03,24.85,16.45,1,1599,1686,NW
1175980.799,X_LEG_3,-0.03,24.85,16.45,1,1599,1686,NW
1175980.819,X_LEG_3,-0.03,24.85,16.45,1,1599,1686,NW
1175980.841,X_LEG_3,-0.03,24.85,16.45,1,1599,1686,NW
1175980.861,X_LEG_3,-0.03,24.85,16.45,1,1599,1686,NW
1175980.882,X_LEG_3,-0.03,24.85,16.45,1,1599,1686,NW
1175980.902,X_LEG_3,-0.03,24.85,16.45,1,1599,1686,NW
1175980.923,X_LEG_3,-0.03,24.85,16.45,1,1599,1686,NW
1175980.943,X_LEG_3,-0.03,24.85,16.45,1,1599,1686,NW
1175980.963,X_LEG_3,-0.03,24.85,16.45,1,1599,1686,NW
1175980.984,X_LEG_3,-0.03,24.85,16.45,1,1599,1686,NW
1175981.004,X_LEG_3,-0.03,24.85,16.45,1,1599,1686,NW
1175981.025,X_LEG_3,-0.03,24.85,16.45,1,1599,1686,NW
1175981.046,X_LEG_3,-0.03,24.85,16.45,1,1599,1686,NW
1175981.066,X_LEG_3,-0.03,24.85,16.45,1,1599,1686,NW
1175981.087,X_LEG_3,-0.03,24.85,16.45,1,1599,1686,NW
1175981.107,X_LEG_3,-0.03,24.85,16.45,1,1599,1686,NW
1175981.128,X_LEG_3,-0.03,24.85,16.45,1,1599,1686,NW
1175981.148,X_LEG_3,-0.03,24.85,16.45,1,1599,1686,NW
1175981.169,X_LEG_3,-0.03,24.85,16.45,1,1599,1686,NW
1175981.189,X_LEG_3,-0.03,24.85,16.45,1,1599,1686,NW
1175981.209,X_LEG_3,-0.03,24.85,16.45,1,1599,1686,NW
1175981.230,X_LEG_3,-0.03,24.85,16.45,1,1599,1686,NW
1175981.250,X_LEG_3,-0.03,24.85,16.45,1,1599,1686,NW
1175981.271,X_LEG_3,-0.03,24.85,16.45,1,1599,1686,NW
1175981.291,X_LEG_3,-0.03,24.85,16.45,1,1599,1686,NW
1175981.312,X_LEG_3,-0.03,24.85,16.45,1,1599,1686,NW
1175981.332,X_LEG_3,-0.03,24.85,16.45,1,1599,1686,NW
1175981.352,X_LEG_3,-0.03,24.85,16.45,1,1599,1686,NW
1175981.373,X_LEG_3,-0.03,24.85,16.45,1,1599,1686,NW
1175981.393,X_LEG_3,-0.03,24.85,16.45,1,1599,1686,NW
1175981.414,X_LEG_3,-0.03,24.85,16.45,1,1599,1686,NW
1175981.434,X_LEG_3,-0.03,24.85,16.45,1,1599,1686,NW
1175981.455,X_LEG_3,-0.03,24.85,16.45,1,1599,1686,NW
1175981.475,X_LEG_3,-0.03,24.85,16.45,1,1599,1686,NW
1175981.496,X_LEG_3,-0.03,24.85,16.45,1,1599,1686,NW
1175981.516,X_LEG_3,-0.03,24.85,16.45,1,1599,1686,NW
1175981.537,X_LEG_3,-0.03,24.85,16.45,1,1599,1686,NW
1175981.557,X_LEG_3,-0.03,24.85,16.45,1,1599,1686,NW
1175981.578,X_LEG_3,-0.03,24.85,16.45,1,1599,1686,NW
1175981.598,X_LEG_3,-0.03,24.85,16.45,1,1599,1686,NW
1175981.619,X_LEG_3,-0.03,24.85,16.45,1,1599,1686,NW
1175981.640,X_LEG_3,-0.03,24.85,16.45,1,1599,1686,NW
1175981.660,X_LEG_3,-0.03,24.85,16.45,1,1599,1686,NW
1175981.680,X_LEG_3,-0.03,24.85,16.45,1,1599,1686,NW
1175981.700,X_LEG_3,-0.03,24.85,16.45,1,1599,1686,NW
1175981.721,X_LEG_3,-0.03,24.85,16.45,1,1599,1686,NW
1175981.741,X_LEG_3,-0.03,24.85,16.45,1,1599,1686,NW
1175981.761,X_LEG_3,-0.03,24.85,16.45,1,1599,1686,NW
1175981.783,X_LEG_3,-0.03,24.85,16.45,1,1599,1686,NW
1175981.803,X_LEG_3,-0.03,24.85,16.45,1,1599,1686,NW
1175981.823,X_LEG_3,-0.03,24.85,16.45,1,1599,1686,NW
1175981.844,X_LEG_3,-0.03,24.85,16.45,1,1599,1686,NW
1175981.864,X_LEG_3,-0.03,24.85,16.45,1,1599,1686,NW
1175981.884,X_LEG_3,-0.03,24.85,16.45,1,1599,1686,NW
1175981.905,X_LEG_3,-0.03,24.85,16.45,1,1599,1686,NW
1175981.925,X_LEG_3,-0.03,24.85,16.45,1,1599,1686,NW
1175981.946,X_LEG_3,-0.03,24.85,16.45,1,1599,1686,NW
1175981.966,X_LEG_3,-0.03,24.85,16.45,1,1599,1686,NW
1175981.986,X_LEG_3,-0.03,24.85,16.45,1,1599,1686,NW
1175982.007,X_LEG_3,-0.03,24.85,16.45,1,1599,1686,NW
1175982.027,X_LEG_3,-0.03,24.85,16.45,1,1599,1686,NW
1175982.048,X_LEG_3,-0.03,24.85,16.45,1,1599,1686,NW
1175982.068,X_LEG_3,-0.03,24.85,16.45,1,1599,1686,NW
1175982.089,X_LEG_3,-0.03,24.85,16.45,1,1599,1686,NW
1175982.109,X_LEG_3,-0.03,24.85,16.45,1,1599,1686,NW
1175982.130,X_LEG_3,-0.03,24.85,16.45,1,1599,1686,NW
1175982.150,X_LEG_3,-0.03,24.85,16.45,1,1599,1686,NW
1175982.173,X_LEG_3,-0.03,24.85,16.45,1,1599,1686,NW
1175982.193,X_LEG_3,-0.03,24.85,16.45,1,1599,1686,NW
1175982.213,X_LEG_3,-0.03,24.85,16.45,1,1599,1686,NW
1175982.235,X_LEG_3,-0.03,24.85,16.45,1,1599,1686,NW
1175982.255,X_LEG_3,-0.03,24.85,16.45,1,1599,1686,NW
1175982.275,X_LEG_3,-0.03,24.85,16.45,1,1599,1686,NW
1175982.296,X_LEG_3,-0.03,24.85,16.45,1,1599,1686,NW
1175982.316,X_LEG_3,-0.03,24.85,16.45,1,1599,1686,NW
1175982.337,X_LEG_3,-0.03,24.85,16.45,1,1599,1686,NW
1175982.357,X_LEG_3,-0.03,24.85,16.45,1,1599,1686,NW
1175982.377,X_LEG_3,-0.03,24.85,16.45,1,1599,1686,NW
1175982.397,X_LEG_3,-0.03,24.85,16.45,1,1599,1686,NW
1175982.418,X_LEG_3,-0.03,24.85,16.45,1,1599,1686,NW
1175982.438,X_LEG_3,-0.03,24.85,16.45,1,1599,1686,NW
1175982.459,X_LEG_3,-0.03,24.85,16.45,1,1599,1686,NW
1175982.480,X_LEG_3,-0.03,24.85,16.45,1,1599,1686,NW
1175982.500,X_LEG_3,-0.03,24.85,16.45,1,1599,1686,NW
1175982.521,X_LEG_3,-0.03,24.85,16.45,1,1599,1686,NW
1175982.541,X_LEG_3,-0.03,24.85,16.45,1,1599,1686,NW
1175982.561,X_LEG_3,-0.03,24.85,16.45,1,1599,1686,NW
1175982.582,X_LEG_3,-0.03,24.85,16.45,1,1599,1686,NW
1175982.602,X_LEG_3,-0.03,24.85,16.45,1,1599,1686,NW
1175982.623,X_LEG_3,-0.03,24.85,16.45,1,1599,1686,NW
1175982.643,X_LEG_3,-0.03,24.85,16.45,1,1599,1686,NW
1175982.664,X_LEG_3,-0.03,24.85,16.45,1,1599,1686,NW
1175982.685,X_LEG_3,-0.03,24.85,16.45,1,1599,1686,NW
1175982.705,X_LEG_3,-0.03,24.85,16.45,1,1599,1686,NW
1175982.726,X_LEG_3,-0.03,24.85,16.45,1,1599,1686,NW
1175982.746,X_LEG_3,-0.03,24.85,16.45,1,1599,1686,NW
1175982.767,X_LEG_3,-0.03,24.85,16.45,1,1599,1686,NW
1175982.787,X_LEG_3,-0.03,24.85,16.45,1,1599,1686,NW
1175982.807,X_LEG_3,-0.03,24.85,16.45,1,1599,1686,NW
1175982.828,X_LEG_3,-0.03,24.85,16.45,1,1599,1686,NW
1175982.848,X_LEG_3,-0.03,24.85,16.45,1,1599,1686,NW
1175982.869,X_LEG_3,-0.03,24.85,16.45,1,1599,1686,NW
1175982.889,X_LEG_3,-0.03,24.85,16.45,1,1599,1686,NW
1175982.910,X_LEG_3,-0.03,24.85,16.45,1,1599,1686,NW
1175982.930,X_LEG_3,-0.03,24.85,16.45,1,1599,1686,NW
1175982.951,X_LEG_3,-0.03,24.85,16.45,1,1599,1686,NW
1175982.971,X_LEG_3,-0.03,24.85,16.45,1,1599,1686,NW
1175982.991,X_LEG_3,-0.03,24.85,16.45,1,1599,1686,NW
1175983.012,X_LEG_3,-0.03,24.85,16.45,1,1599,1686,NW
1175983.032,X_LEG_3,-0.03,24.85,16.45,1,1599,1686,NW
1175983.053,X_LEG_3,-0.03,24.85,16.45,1,1599,1686,NW
1175983.073,X_LEG_3,-0.03,24.85,16.45,1,1599,1686,NW
1175983.094,X_LEG_3,-0.03,24.85,16.45,1,1599,1686,NW
1175983.115,X_LEG_3,-0.03,24.85,16.45,1,1599,1686,NW
1175983.135,X_LEG_3,-0.03,24.85,16.45,1,1599,1686,NW
1175983.155,X_LEG_3,-0.03,24.85,16.45,1,1599,1686,NW
1175983.176,X_LEG_3,-0.03,24.85,16.45,1,1599,1686,NW
1175983.196,X_LEG_3,-0.03,24.85,16.45,1,1599,1686,NW
1175983.217,X_LEG_3,-0.03,24.85,16.45,1,1599,1686,NW
1175983.237,X_LEG_3,-0.03,24.85,16.45,1,1599,1686,NW
1175983.257,X_LEG_3,-0.03,24.85,16.45,1,1599,1686,NW
1175983.278,X_LEG_3,-0.03,24.85,16.45,1,1599,1686,NW
1175983.298,X_LEG_3,-0.03,24.85,16.45,1,1599,1686,NW
1175983.319,X_LEG_3,-0.03,24.85,16.45,1,1599,1686,NW
1175983.339,X_LEG_3,-0.03,24.85,16.45,1,1599,1686,NW
1175983.360,X_LEG_3,-0.03,24.85,16.45,1,1599,1686,NW
1175983.380,X_LEG_3,-0.03,24.85,16.45,1,1599,1686,NW
1175983.400,X_LEG_3,-0.03,24.85,16.45,1,1599,1686,NW
1175983.420,X_LEG_3,-0.03,24.85,16.45,1,1599,1686,NW
1175983.441,X_LEG_3,-0.03,24.85,16.45,1,1599,1686,NW
1175983.461,X_LEG_3,-0.03,24.85,16.45,1,1599,1686,NW
1175983.482,X_LEG_3,-0.03,24.85,16.45,1,1599,1686,NW
1175983.503,X_LEG_3,-0.03,24.85,16.45,1,1599,1686,NW
1175983.523,X_LEG_3,-0.03,24.85,16.45,1,1599,1686,NW
1175983.544,X_LEG_3,-0.03,24.85,16.45,1,1599,1686,NW
1175983.565,X_LEG_3,-0.03,24.85,16.45,1,1599,1686,NW
1175983.585,X_LEG_3,-0.03,24.85,16.45,1,1599,1686,NW
1175983.606,X_LEG_3,-0.03,24.85,16.45,1,1599,1686,NW
1175983.626,X_LEG_3,-0.03,24.85,16.45,1,1599,1686,NW
1175983.647,X_LEG_3,-0.03,24.85,16.45,1,1599,1686,NW
1175983.667,X_LEG_3,-0.03,24.85,16.45,1,1599,1686,NW
1175983.688,X_LEG_3,-0.03,24.85,16.45,1,1599,1686,NW
1175983.709,X_LEG_3,-0.03,24.85,16.45,1,1599,1686,NW
1175983.729,X_LEG_3,-0.03,24.85,16.45,1,1599,1686,NW
1175983.750,X_LEG_3,-0.03,24.85,16.45,1,1599,1686,NW
1175983.770,X_LEG_3,-0.03,24.85,16.45,1,1599,1686,NW
1175983.791,X_LEG_3,-0.03,24.85,16.45,1,1599,1686,NW
1175983.811,X_LEG_3,-0.03,24.85,16.45,1,1599,1686,NW
1175983.832,X_LEG_3,-0.03,24.85,16.45,1,1599,1686,NW
1175983.852,X_LEG_3,-0.03,24.85,16.45,1,1599,1686,NW
1175983.873,X_LEG_3,-0.03,24.85,16.45,1,1599,1686,NW
1175983.893,X_LEG_3,-0.03,24.85,16.45,1,1599,1686,NW
1175983.914,X_LEG_3,-0.03,24.85,16.45,1,1599,1686,NW
1175983.934,X_LEG_3,-0.03,24.85,16.45,1,1599,1686,NW
1175983.955,X_LEG_3,-0.03,24.85,16.45,1,1599,1686,NW
1175983.975,X_LEG_3,-0.03,24.85,16.45,1,1599,1686,NW
1175983.996,X_LEG_3,-0.03,24.85,16.45,1,1599,1686,NW
1175984.017,X_LEG_3,-0.03,24.85,16.45,1,1599,1686,NW
1175984.037,X_LEG_3,-0.03,24.85,16.45,1,1599,1686,NW
1175984.058,X_LEG_3,-0.03,24.85,16.45,1,1599,1686,NW
1175984.079,X_LEG_3,-0.03,24.85,16.45,1,1599,1686,NW
1175984.099,X_LEG_3,-0.03,24.85,16.45,1,1599,1686,NW
1175984.120,X_LEG_3,-0.03,24.85,16.45,1,1599,1686,NW
1175984.140,X_LEG_3,-0.03,24.85,16.45,1,1599,1686,NW
1175984.160,X_LEG_3,-0.03,24.85,16.45,1,1599,1686,NW
1175984.181,X_LEG_3,-0.03,24.85,16.45,1,1599,1686,NW
1175984.201,X_LEG_3,-0.03,24.85,16.45,1,1599,1686,NW
1175984.222,X_LEG_3,-0.03,24.85,16.45,1,1599,1686,NW
1175984.242,X_LEG_3,-0.03,24.85,16.45,1,1599,1686,NW
1175984.263,X_LEG_3,-0.03,24.85,16.45,1,1599,1686,NW
1175984.283,X_LEG_3,-0.03,24.85,16.45,1,1599,1686,NW
1175984.304,X_LEG_3,-0.03,24.85,16.45,1,1599,1686,NW
1175984.324,X_LEG_3,-0.03,24.85,16.45,1,1599,1686,NW
1175984.344,X_LEG_3,-0.03,24.85,16.45,1,1599,1686,NW
1175984.364,X_LEG_3,-0.03,24.85,16.45,1,1599,1686,NW
1175984.385,X_LEG_3,-0.03,24.85,16.45,1,1599,1686,NW
1175984.405,X_LEG_3,-0.03,24.85,16.45,1,1599,1686,NW
1175984.426,X_LEG_3,-0.03,24.85,16.45,1,1599,1686,NW
1175984.446,X_LEG_3,-0.03,24.85,16.45,1,1599,1686,NW
1175984.467,X_LEG_3,-0.03,24.85,16.45,1,1599,1686,NW
1175984.487,X_LEG_3,-0.03,24.85,16.45,1,1599,1686,NW
1175984.507,X_LEG_3,-0.03,24.85,16.45,1,1599,1686,NW
1175984.528,X_LEG_3,-0.03,24.85,16.45,1,1599,1686,NW
1175984.548,X_LEG_3,-0.03,24.85,16.45,1,1599,1686,NW
1175984.568,X_LEG_3,-0.03,24.85,16.45,1,1599,1686,NW
1175984.589,X_LEG_3,-0.03,24.85,16.45,1,1599,1686,NW
1175984.609,X_LEG_3,-0.03,24.85,16.45,1,1599,1686,NW
1175984.629,X_LEG_3,-0.03,24.85,16.45,1,1599,1686,NW
1175984.650,X_LEG_3,-0.03,24.85,16.45,1,1599,1686,NW
1175984.670,X_LEG_3,-0.03,24.85,16.45,1,1599,1686,NW
1175984.691,X_LEG_3,-0.03,24.85,16.45,1,1599,1686,NW
1175984.711,X_LEG_3,-0.03,24.85,16.45,1,1599,1686,NW
1175984.732,X_LEG_3,-0.03,24.85,16.45,1,1599,1686,NW
1175984.752,X_LEG_3,-0.03,24.85,16.45,1,1599,1686,NW
1175984.772,X_LEG_3,-0.03,24.85,16.45,1,1599,1686,NW
1175984.793,X_LEG_3,-0.03,24.85,16.45,1,1599,1686,NW
1175984.813,X_LEG_3,-0.03,24.85,16.45,1,1599,1686,NW
1175984.834,X_LEG_3,-0.03,24.85,16.45,1,1599,1686,NW
1175984.855,X_LEG_3,-0.03,24.85,16.45,1,1599,1686,NW
1175984.875,X_LEG_3,-0.03,24.85,16.45,1,1599,1686,NW
1175984.896,X_LEG_3,-0.03,24.85,16.45,1,1599,1686,NW
1175984.917,X_LEG_3,-0.03,24.85,16.45,1,1599,1686,NW
1175984.937,X_LEG_3,-0.03,24.85,16.45,1,1599,1686,NW
1175984.958,X_LEG_3,-0.03,24.85,16.45,1,1599,1686,NW
1175984.978,X_LEG_3,-0.03,24.85,16.45,1,1599,1686,NW
1175984.999,X_LEG_3,-0.03,24.85,16.45,1,1599,1686,NW
1175985.019,X_LEG_3,-0.03,24.85,16.45,1,1599,1686,NW
1175985.040,X_LEG_3,-0.03,24.85,16.45,1,1599,1686,NW
1175985.060,X_LEG_3,-0.03,24.85,16.45,1,1599,1686,NW
1175985.081,X_LEG_3,-0.03,24.85,16.45,1,1599,1686,NW
1175985.101,X_LEG_3,-0.03,24.85,16.45,1,1599,1686,NW
1175985.123,X_LEG_3,-0.03,24.85,16.45,1,1599,1686,NW
1175985.143,X_LEG_3,-0.03,24.85,16.45,1,1599,1686,NW
1175985.163,X_LEG_3,-0.03,24.85,16.45,1,1599,1686,NW
1175985.184,X_LEG_3,-0.03,24.85,16.45,1,1599,1686,NW
1175985.205,X_LEG_3,-0.03,24.85,16.45,1,1599,1686,NW
1175985.225,X_LEG_3,-0.03,24.85,16.45,1,1599,1686,NW
1175985.246,X_LEG_3,-0.03,24.85,16.45,1,1599,1686,NW
1175985.266,X_LEG_3,-0.03,24.85,16.45,1,1599,1686,NW
1175985.287,X_LEG_3,-0.03,24.85,16.45,1,1599,1686,NW
1175985.307,X_LEG_3,-0.03,24.85,16.45,1,1599,1686,NW
1175985.328,X_LEG_3,-0.03,24.85,16.45,1,1599,1686,NW
1175985.348,X_LEG_3,-0.03,24.85,16.45,1,1599,1686,NW
1175985.369,X_LEG_3,-0.03,24.85,16.45,1,1599,1686,NW
1175985.389,X_LEG_3,-0.03,24.85,16.45,1,1599,1686,NW
1175985.410,X_LEG_3,-0.03,24.85,16.45,1,1599,1686,NW
1175985.431,X_LEG_3,-0.03,24.85,16.45,1,1599,1686,NW
1175985.451,X_LEG_3,-0.03,24.85,16.45,1,1599,1686,NW
1175985.471,X_LEG_3,-0.03,24.85,16.45,1,1599,1686,NW
1175985.492,X_LEG_3,-0.03,24.85,16.45,1,1599,1686,NW
1175985.512,X_LEG_3,-0.03,24.85,16.45,1,1599,1686,NW
1175985.533,X_LEG_3,-0.03,24.85,16.45,1,1599,1686,NW
1175985.554,X_LEG_3,-0.03,24.85,16.45,1,1599,1686,NW
1175985.574,X_LEG_3,-0.03,24.85,16.45,1,1599,1686,NW
1175985.594,X_LEG_3,-0.03,24.85,16.45,1,1599,1686,NW
1175985.614,X_LEG_3,-0.03,24.85,16.45,1,1599,1686,NW
1175985.635,X_LEG_3,-0.03,24.85,16.45,1,1599,1686,NW
1175985.656,X_LEG_3,-0.03,24.85,16.45,1,1599,1686,NW
1175985.676,X_LEG_3,-0.03,24.85,16.45,1,1599,1686,NW
1175985.697,X_LEG_3,-0.03,24.85,16.45,1,1599,1686,NW
1175985.718,X_LEG_3,-0.03,24.85,16.45,1,1599,1686,NW
1175985.738,X_LEG_3,-0.03,24.85,16.45,1,1599,1686,NW
1175985.758,X_LEG_3,-0.03,24.85,16.45,1,1599,1686,NW
1175985.778,X_LEG_3,-0.03,24.85,16.45,1,1599,1686,NW
1175985.799,X_LEG_3,-0.03,24.85,16.45,1,1599,1686,NW
1175985.819,X_LEG_3,-0.03,24.85,16.45,1,1599,1686,NW
1175985.840,X_LEG_3,-0.03,24.85,16.45,1,1599,1686,NW
1175985.860,X_LEG_3,-0.03,24.85,16.45,1,1599,1686,NW
1175985.881,X_LEG_3,-0.03,24.85,16.45,1,1599,1686,NW
1175985.901,X_LEG_3,-0.03,24.85,16.45,1,1599,1686,NW
1175985.922,X_LEG_3,-0.03,24.85,16.45,1,1599,1686,NW
1175985.942,X_LEG_3,-0.03,24.85,16.45,1,1599,1686,NW
1175985.963,X_LEG_3,-0.03,24.85,16.45,1,1599,1686,NW
1175985.983,X_LEG_3,-0.03,24.85,16.45,1,1599,1686,NW
1175986.004,X_LEG_3,-0.03,24.85,16.45,1,1599,1686,NW
1175986.024,X_LEG_3,-0.03,24.85,16.45,1,1599,1686,NW
1175986.044,X_LEG_3,-0.03,24.85,16.45,1,1599,1686,NW
1175986.065,X_LEG_3,-0.03,24.85,16.45,1,1599,1686,NW
1175986.085,X_LEG_3,-0.03,24.85,16.45,1,1599,1686,NW
1175986.105,X_LEG_3,-0.03,24.85,16.45,1,1599,1686,NW
1175986.126,X_LEG_3,-0.03,24.85,16.45,1,1599,1686,NW
1175986.146,X_LEG_3,-0.03,24.85,16.45,1,1599,1686,NW
1175986.167,X_LEG_3,-0.03,24.85,16.45,1,1599,1686,NW
1175986.187,X_LEG_3,-0.03,24.85,16.45,1,1599,1686,NW
1175986.208,X_LEG_3,-0.03,24.85,16.45,1,1599,1686,NW
1175986.228,X_LEG_3,-0.03,24.85,16.45,1,1599,1686,NW
1175986.249,X_LEG_3,-0.03,24.85,16.45,1,1599,1686,NW
1175986.269,X_LEG_3,-0.03,24.85,16.45,1,1599,1686,NW
1175986.290,X_LEG_3,-0.03,24.85,16.45,1,1599,1686,NW
1175986.311,X_LEG_3,-0.03,24.85,16.45,1,1599,1686,NW
1175986.331,X_LEG_3,-0.03,24.85,16.45,1,1599,1686,NW
1175986.351,X_LEG_3,-0.03,24.85,16.45,1,1599,1686,NW
1175986.371,X_LEG_3,-0.03,24.85,16.45,1,1599,1686,NW
1175986.392,X_LEG_3,-0.03,24.85,16.45,1,1599,1686,NW
1175986.412,X_LEG_3,-0.03,24.85,16.45,1,1599,1686,NW
1175986.433,X_LEG_3,-0.03,24.85,16.45,1,1599,1686,NW
1175986.453,X_LEG_3,-0.03,24.85,16.45,1,1599,1686,NW
1175986.474,X_LEG_3,-0.03,24.85,16.45,1,1599,1686,NW
1175986.494,X_LEG_3,-0.03,24.85,16.45,1,1599,1686,NW
1175986.514,X_LEG_3,-0.03,24.85,16.45,1,1599,1686,NW
1175986.535,X_LEG_3,-0.03,24.85,16.45,1,1599,1686,NW
1175986.555,X_LEG_3,-0.03,24.85,16.45,1,1599,1686,NW
1175986.575,X_LEG_3,-0.03,24.85,16.45,1,1599,1686,NW
1175986.595,X_LEG_3,-0.03,24.85,16.45,1,1599,1686,NW
1175986.616,X_LEG_3,-0.03,24.85,16.45,1,1599,1686,NW
1175986.636,X_LEG_3,-0.03,24.85,16.45,1,1599,1686,NW
1175986.657,X_LEG_3,-0.03,24.85,16.45,1,1599,1686,NW
1175986.677,X_LEG_3,-0.03,24.85,16.45,1,1599,1686,NW
1175986.697,X_LEG_3,-0.03,24.85,16.45,1,1599,1686,NW
1175986.718,X_LEG_3,-0.03,24.85,16.45,1,1599,1686,NW
1175986.738,X_LEG_3,-0.03,24.85,16.45,1,1599,1686,NW
1175986.759,X_LEG_3,-0.03,24.85,16.45,1,1599,1686,NW
1175986.779,X_LEG_3,-0.03,24.85,16.45,1,1599,1686,NW
1175986.799,X_LEG_3,-0.03,24.85,16.45,1,1599,1686,NW
1175986.820,X_LEG_3,-0.03,24.85,16.45,1,1599,1686,NW
1175986.840,X_LEG_3,-0.03,24.85,16.45,1,1599,1686,NW
1175986.861,X_LEG_3,-0.03,24.85,16.45,1,1599,1686,NW
1175986.881,X_LEG_3,-0.03,24.85,16.45,1,1599,1686,NW
1175986.902,X_LEG_3,-0.03,24.85,16.45,1,1599,1686,NW
1175986.922,X_LEG_3,-0.03,24.85,16.45,1,1599,1686,NW
1175986.943,X_LEG_3,-0.03,24.85,16.45,1,1599,1686,NW
1175986.964,X_LEG_3,-0.03,24.85,16.45,1,1599,1686,NW
1175986.984,X_LEG_3,-0.03,24.85,16.45,1,1599,1686,NW
1175987.005,X_LEG_3,-0.03,24.85,16.45,1,1599,1686,NW
1175987.025,X_LEG_3,-0.03,24.85,16.45,1,1599,1686,NW
1175987.046,X_LEG_3,-0.03,24.85,16.45,1,1599,1686,NW
1175987.066,X_LEG_3,-0.03,24.85,16.45,1,1599,1686,NW
1175987.086,X_LEG_3,-0.03,24.85,16.45,1,1599,1686,NW
1175987.107,X_LEG_3,-0.03,24.85,16.45,1,1599,1686,NW
1175987.127,X_LEG_3,-0.03,24.85,16.45,1,1599,1686,NW
1175987.148,X_LEG_3,-0.03,24.85,16.45,1,1599,1686,NW
1175987.168,X_LEG_3,-0.03,24.85,16.45,1,1599,1686,NW
1175987.189,X_LEG_3,-0.03,24.85,16.45,1,1599,1686,NW
1175987.209,X_LEG_3,-0.03,24.85,16.45,1,1599,1686,NW
1175987.229,X_LEG_3,-0.03,24.85,16.45,1,1599,1686,NW
1175987.249,X_LEG_3,-0.03,24.85,16.45,1,1599,1686,NW
1175987.270,X_LEG_3,-0.03,24.85,16.45,1,1599,1686,NW
1175987.290,X_LEG_3,-0.03,24.85,16.45,1,1599,1686,NW
1175987.310,X_LEG_3,-0.03,24.85,16.45,1,1599,1686,NW
1175987.331,X_LEG_3,-0.03,24.85,16.45,1,1599,1686,NW
1175987.351,X_LEG_3,-0.03,24.85,16.45,1,1599,1686,NW
1175987.372,X_LEG_3,-0.03,24.85,16.45,1,1599,1686,NW
1175987.392,X_LEG_3,-0.03,24.85,16.45,1,1599,1686,NW
1175987.413,X_LEG_3,-0.03,24.85,16.45,1,1599,1686,NW
1175987.433,X_LEG_3,-0.03,24.85,16.45,1,1599,1686,NW
1175987.453,X_LEG_3,-0.03,24.85,16.45,1,1599,1686,NW
1175987.474,X_LEG_3,-0.03,24.85,16.45,1,1599,1686,NW
1175987.494,X_LEG_3,-0.03,24.85,16.45,1,1599,1686,NW
1175987.514,X_LEG_3,-0.03,24.85,16.45,1,1599,1686,NW
1175987.535,X_LEG_3,-0.03,24.85,16.45,1,1599,1686,NW
1175987.555,X_LEG_3,-0.03,24.85,16.45,1,1599,1686,NW
1175987.576,X_LEG_3,-0.03,24.85,16.45,1,1599,1686,NW
1175987.596,X_LEG_3,-0.03,24.85,16.45,1,1599,1686,NW
1175987.617,X_LEG_3,-0.03,24.85,16.45,1,1599,1686,NW
1175987.637,X_LEG_3,-0.03,24.85,16.45,1,1599,1686,NW
1175987.658,X_LEG_3,-0.03,24.85,16.45,1,1599,1686,NW
1175987.678,X_LEG_3,-0.03,24.85,16.45,1,1599,1686,NW
1175987.699,X_LEG_3,-0.03,24.85,16.45,1,1599,1686,NW
1175987.719,X_LEG_3,-0.03,24.85,16.45,1,1599,1686,NW
1175987.740,X_LEG_3,-0.03,24.85,16.45,1,1599,1686,NW
1175987.760,X_LEG_3,-0.03,24.85,16.45,1,1599,1686,NW
1175987.781,X_LEG_3,-0.03,24.85,16.45,1,1599,1686,NW
1175987.801,X_LEG_3,-0.03,24.85,16.45,1,1599,1686,NW
1175987.822,X_LEG_3,-0.03,24.85,16.45,1,1599,1686,NW
1175987.842,X_LEG_3,-0.03,24.85,16.45,1,1599,1686,NW
1175987.863,X_LEG_3,-0.03,24.85,16.45,1,1599,1686,NW
1175987.883,X_LEG_3,-0.03,24.85,16.45,1,1599,1686,NW
1175987.904,X_LEG_3,-0.03,24.85,16.45,1,1599,1686,NW
1175987.924,X_LEG_3,-0.03,24.85,16.45,1,1599,1686,NW
1175987.944,X_LEG_3,-0.03,24.85,16.45,1,1599,1686,NW
1175987.965,X_LEG_3,-0.03,24.85,16.45,1,1599,1686,NW
1175987.985,X_LEG_3,-0.03,24.85,16.45,1,1599,1686,NW
1175988.006,X_LEG_3,-0.03,24.85,16.45,1,1599,1686,NW
1175988.026,X_LEG_3,-0.03,24.85,16.45,1,1599,1686,NW
1175988.046,X_LEG_3,-0.03,24.85,16.45,1,1599,1686,NW
1175988.067,X_LEG_3,-0.03,24.85,16.45,1,1599,1686,NW
1175988.087,X_LEG_3,-0.03,24.85,16.45,1,1599,1686,NW
1175988.108,X_LEG_3,-0.03,24.85,16.45,1,1599,1686,NW
1175988.128,X_LEG_3,-0.03,24.85,16.45,1,1599,1686,NW
1175988.150,X_LEG_3,-0.03,24.85,16.45,1,1599,1686,NW
1175988.170,X_LEG_3,-0.03,24.85,16.45,1,1599,1686,NW
1175988.191,X_LEG_3,-0.03,24.85,16.45,1,1599,1686,NW
1175988.211,X_LEG_3,-0.03,24.85,16.45,1,1599,1686,NW
1175988.232,X_LEG_3,-0.03,24.85,16.45,1,1599,1686,NW
1175988.252,X_LEG_3,-0.03,24.85,16.45,1,1599,1686,NW
1175988.273,X_LEG_3,-0.03,24.85,16.45,1,1599,1686,NW
1175988.293,X_LEG_3,-0.03,24.85,16.45,1,1599,1686,NW
1175988.314,X_LEG_3,-0.03,24.85,16.45,1,1599,1686,NW
1175988.335,X_LEG_3,-0.03,24.85,16.45,1,1599,1686,NW
1175988.356,X_LEG_3,-0.03,24.85,16.45,1,1599,1686,NW
1175988.376,X_LEG_3,-0.03,24.85,16.45,1,1599,1686,NW
1175988.396,X_LEG_3,-0.03,24.85,16.45,1,1599,1686,NW
1175988.416,X_LEG_3,-0.03,24.85,16.45,1,1599,1686,NW
1175988.436,X_LEG_3,-0.03,24.85,16.45,1,1599,1686,NW
1175988.457,X_LEG_3,-0.03,24.85,16.45,1,1599,1686,NW
1175988.477,X_LEG_3,-0.03,24.85,16.45,1,1599,1686,NW
1175988.497,X_LEG_3,-0.03,24.85,16.45,1,1599,1686,NW
1175988.518,X_LEG_3,-0.03,24.85,16.45,1,1599,1686,NW
1175988.538,X_LEG_3,-0.03,24.85,16.45,1,1599,1686,NW
1175988.558,X_LEG_3,-0.03,24.85,16.45,1,1599,1686,NW
1175988.579,X_LEG_3,-0.03,24.85,16.45,1,1599,1686,NW
1175988.599,X_LEG_3,-0.03,24.85,16.45,1,1599,1686,NW
1175988.620,X_LEG_3,-0.03,24.85,16.45,1,1599,1686,NW
1175988.640,X_LEG_3,-0.03,24.85,16.45,1,1599,1686,NW
1175988.661,X_LEG_3,-0.03,24.85,16.45,1,1599,1686,NW
1175988.681,X_LEG_3,-0.03,24.85,16.45,1,1599,1686,NW
1175988.702,X_LEG_3,-0.03,24.85,16.45,1,1599,1686,NW
1175988.722,X_LEG_3,-0.03,24.85,16.45,1,1599,1686,NW
1175988.742,X_LEG_3,-0.03,24.85,16.45,1,1599,1686,NW
1175988.763,X_LEG_3,-0.03,24.85,16.45,1,1599,1686,NW
1175988.783,X_LEG_3,-0.03,24.85,16.45,1,1599,1686,NW
1175988.804,X_LEG_3,-0.03,24.85,16.45,1,1599,1686,NW
1175988.824,X_LEG_3,-0.03,24.85,16.45,1,1599,1686,NW
1175988.845,X_LEG_3,-0.03,24.85,16.45,1,1599,1686,NW
1175988.865,X_LEG_3,-0.03,24.85,16.45,1,1599,1686,NW
1175988.885,X_LEG_3,-0.03,24.85,16.45,1,1599,1686,NW
1175988.906,X_LEG_3,-0.03,24.85,16.45,1,1599,1686,NW
1175988.926,X_LEG_3,-0.03,24.85,16.45,1,1599,1686,NW
1175988.946,X_LEG_3,-0.03,24.85,16.45,1,1599,1686,NW
1175988.967,X_LEG_3,-0.03,24.85,16.45,1,1599,1686,NW
1175988.988,X_LEG_3,-0.03,24.85,16.45,1,1599,1686,NW
1175989.008,X_LEG_3,-0.03,24.85,16.45,1,1599,1686,NW
1175989.028,X_LEG_3,-0.03,24.85,16.45,1,1599,1686,NW
1175989.048,X_LEG_3,-0.03,24.85,16.45,1,1599,1686,NW
1175989.069,X_LEG_3,-0.03,24.85,16.45,1,1599,1686,NW
1175989.090,X_LEG_3,-0.03,24.85,16.45,1,1599,1686,NW
1175989.110,X_LEG_3,-0.03,24.85,16.45,1,1599,1686,NW
1175989.131,X_LEG_3,-0.03,24.85,16.45,1,1599,1686,NW
1175989.151,X_LEG_3,-0.03,24.85,16.45,1,1599,1686,NW
1175989.172,X_LEG_3,-0.03,24.85,16.45,1,1599,1686,NW
1175989.192,X_LEG_3,-0.03,24.85,16.45,1,1599,1686,NW
1175989.212,X_LEG_3,-0.03,24.85,16.45,1,1599,1686,NW
1175989.232,X_LEG_3,-0.03,24.85,16.45,1,1599,1686,NW
1175989.253,X_LEG_3,-0.03,24.85,16.45,1,1599,1686,NW
1175989.273,X_LEG_3,-0.03,24.85,16.45,1,1599,1686,NW
1175989.294,X_LEG_3,-0.03,24.85,16.45,1,1599,1686,NW
1175989.314,X_LEG_3,-0.03,24.85,16.45,1,1599,1686,NW
1175989.334,X_LEG_3,-0.03,24.85,16.45,1,1599,1686,NW
1175989.355,X_LEG_3,-0.03,24.85,16.45,1,1599,1686,NW
1175989.375,X_LEG_3,-0.03,24.85,16.45,1,1599,1686,NW
1175989.396,X_LEG_3,-0.03,24.85,16.45,1,1599,1686,NW
1175989.416,X_LEG_3,-0.03,24.85,16.45,1,1599,1686,NW
1175989.436,X_LEG_3,-0.03,24.85,16.45,1,1599,1686,NW
1175989.456,X_LEG_3,-0.03,24.85,16.45,1,1599,1686,NW
1175989.477,X_LEG_3,-0.03,24.85,16.45,1,1599,1686,NW
1175989.497,X_LEG_3,-0.03,24.85,16.45,1,1599,1686,NW
1175989.517,X_LEG_3,-0.03,24.85,16.45,1,1599,1686,NW
1175989.538,X_LEG_3,-0.03,24.85,16.45,1,1599,1686,NW
1175989.558,X_LEG_3,-0.03,24.85,16.45,1,1599,1686,NW
1175989.579,X_LEG_3,-0.03,24.85,16.45,1,1599,1686,NW
1175989.599,X_LEG_3,-0.03,24.85,16.45,1,1599,1686,NW
1175989.620,X_LEG_3,-0.03,24.85,16.45,1,1599,1686,NW
1175989.640,X_LEG_3,-0.03,24.85,16.45,1,1599,1686,NW
1175989.660,X_LEG_3,-0.03,24.85,16.45,1,1599,1686,NW
1175989.681,X_LEG_3,-0.03,24.85,16.45,1,1599,1686,NW
1175989.701,X_LEG_3,-0.03,24.85,16.45,1,1599,1686,NW
1175989.722,X_LEG_3,-0.03,24.85,16.45,1,1599,1686,NW
1175989.742,X_LEG_3,-0.03,24.85,16.45,1,1599,1686,NW
1175989.763,X_LEG_3,-0.03,24.85,16.45,1,1599,1686,NW
1175989.783,X_LEG_3,-0.03,24.85,16.45,1,1599,1686,NW
1175989.804,X_LEG_3,-0.03,24.85,16.45,1,1599,1686,NW
1175989.824,X_LEG_3,-0.03,24.85,16.45,1,1599,1686,NW
1175989.844,X_LEG_3,-0.03,24.85,16.45,1,1599,1686,NW
1175989.865,X_LEG_3,-0.03,24.85,16.45,1,1599,1686,NW
1175989.885,X_LEG_3,-0.03,24.85,16.45,1,1599,1686,NW
1175989.905,X_LEG_3,-0.03,24.85,16.45,1,1599,1686,NW
1175989.925,X_LEG_3,-0.03,24.85,16.45,1,1599,1686,NW
1175989.946,X_LEG_3,-0.03,24.85,16.45,1,1599,1686,NW
1175989.966,X_LEG_3,-0.03,24.85,16.45,1,1599,1686,NW
1175989.986,X_LEG_3,-0.03,24.85,16.45,1,1599,1686,NW
1175990.007,X_LEG_3,-0.03,24.85,16.45,1,1599,1686,NW
1175990.027,X_LEG_3,-0.03,24.85,16.45,1,1599,1686,NW
1175990.048,X_LEG_3,-0.03,24.85,16.45,1,1599,1686,NW
1175990.068,X_LEG_3,-0.03,24.85,16.45,1,1599,1686,NW
1175990.088,X_LEG_3,-0.03,24.85,16.45,1,1599,1686,NW
1175990.108,X_LEG_3,-0.03,24.85,16.45,1,1599,1686,NW
1175990.129,X_LEG_3,-0.03,24.85,16.45,1,1599,1686,NW
1175990.149,X_LEG_3,-0.03,24.85,16.45,1,1599,1686,NW
1175990.170,X_LEG_3,-0.03,24.85,16.45,1,1599,1686,NW
1175990.190,X_LEG_3,-0.03,24.85,16.45,1,1599,1686,NW
1175990.211,X_LEG_3,-0.03,24.85,16.45,1,1599,1686,NW
1175990.232,X_LEG_3,-0.03,24.85,16.45,1,1599,1686,NW
1175990.252,X_LEG_3,-0.03,24.85,16.45,1,1599,1686,NW
1175990.273,X_LEG_3,-0.03,24.85,16.45,1,1599,1686,NW
1175990.294,X_LEG_3,-0.03,24.85,16.45,1,1599,1686,NW
1175990.314,X_LEG_3,-0.03,24.85,16.45,1,1599,1686,NW
1175990.335,X_LEG_3,-0.03,24.85,16.45,1,1599,1686,NW
1175990.355,X_LEG_3,-0.03,24.85,16.45,1,1599,1686,NW
1175990.376,X_LEG_3,-0.03,24.85,16.45,1,1599,1686,NW
1175990.396,X_LEG_3,-0.03,24.85,16.45,1,1599,1686,NW
1175990.416,X_LEG_3,-0.03,24.85,16.45,1,1599,1686,NW
1175990.437,X_LEG_3,-0.03,24.85,16.45,1,1599,1686,NW
1175990.458,X_LEG_3,-0.03,24.85,16.45,1,1599,1686,NW
1175990.478,X_LEG_3,-0.03,24.85,16.45,1,1599,1686,NW
1175990.499,X_LEG_3,-0.03,24.85,16.45,1,1599,1686,NW
1175990.519,X_LEG_3,-0.03,24.85,16.45,1,1599,1686,NW
1175990.539,X_LEG_3,-0.03,24.85,16.45,1,1599,1686,NW
1175990.560,X_LEG_3,-0.03,24.85,16.45,1,1599,1686,NW
1175990.581,X_LEG_3,-0.03,24.85,16.45,1,1599,1686,NW
1175990.601,X_LEG_3,-0.03,24.85,16.45,1,1599,1686,NW
1175990.622,X_LEG_3,-0.03,24.85,16.45,1,1599,1686,NW
1175990.642,X_LEG_3,-0.03,24.85,16.45,1,1599,1686,NW
1175990.663,X_LEG_3,-0.03,24.85,16.45,1,1599,1686,NW
1175990.683,X_LEG_3,-0.03,24.85,16.45,1,1599,1686,NW
1175990.704,X_LEG_3,-0.03,24.85,16.45,1,1599,1686,NW
1175990.724,X_LEG_3,-0.03,24.85,16.45,1,1599,1686,NW
1175990.744,X_LEG_3,-0.03,24.85,16.45,1,1599,1686,NW
1175990.765,X_LEG_3,-0.03,24.85,16.45,1,1599,1686,NW
1175990.785,X_LEG_3,-0.03,24.85,16.45,1,1599,1686,NW
1175990.806,X_LEG_3,-0.03,24.85,16.45,1,1599,1686,NW
1175990.827,X_LEG_3,-0.03,24.85,16.45,1,1599,1686,NW
1175990.847,X_LEG_3,-0.03,24.85,16.45,1,1599,1686,NW
1175990.868,X_LEG_3,-0.03,24.85,16.45,1,1599,1686,NW
1175990.888,X_LEG_3,-0.03,24.85,16.45,1,1599,1686,NW
1175990.908,X_LEG_3,-0.03,24.85,16.45,1,1599,1686,NW
1175990.929,X_LEG_3,-0.03,24.85,16.45,1,1599,1686,NW
1175990.949,X_LEG_3,-0.03,24.85,16.45,1,1599,1686,NW
1175990.969,X_LEG_3,-0.03,24.85,16.45,1,1599,1686,NW
1175990.990,X_LEG_3,-0.03,24.85,16.45,1,1599,1686,NW
1175991.011,X_LEG_3,-0.03,24.85,16.45,1,1599,1686,NW
1175991.031,X_LEG_3,-0.03,24.85,16.45,1,1599,1686,NW
1175991.051,X_LEG_3,-0.03,24.85,16.45,1,1599,1686,NW
1175991.072,X_LEG_3,-0.03,24.85,16.45,1,1599,1686,NW
1175991.092,X_LEG_3,-0.03,24.85,16.45,1,1599,1686,NW
1175991.112,X_LEG_3,-0.03,24.85,16.45,1,1599,1686,NW
1175991.133,X_LEG_3,-0.03,24.85,16.45,1,1599,1686,NW
1175991.153,X_LEG_3,-0.03,24.85,16.45,1,1599,1686,NW
1175991.173,X_LEG_3,-0.03,24.85,16.45,1,1599,1686,NW
1175991.194,X_LEG_3,-0.03,24.85,16.45,1,1599,1686,NW
1175991.214,X_LEG_3,-0.03,24.85,16.45,1,1599,1686,NW
1175991.235,X_LEG_3,-0.03,24.85,16.45,1,1599,1686,NW
1175991.255,X_LEG_3,-0.03,24.85,16.45,1,1599,1686,NW
1175991.275,X_LEG_3,-0.03,24.85,16.45,1,1599,1686,NW
1175991.295,X_LEG_3,-0.03,24.85,16.45,1,1599,1686,NW
1175991.316,X_LEG_3,-0.03,24.85,16.45,1,1599,1686,NW
1175991.337,X_LEG_3,-0.03,24.85,16.45,1,1599,1686,NW
1175991.357,X_LEG_3,-0.03,24.85,16.45,1,1599,1686,NW
1175991.377,X_LEG_3,-0.03,24.85,16.45,1,1599,1686,NW
1175991.398,X_LEG_3,-0.03,24.85,16.45,1,1599,1686,NW
1175991.418,X_LEG_3,-0.03,24.85,16.45,1,1599,1686,NW
1175991.439,X_LEG_3,-0.03,24.85,16.45,1,1599,1686,NW
1175991.460,X_LEG_3,-0.03,24.85,16.45,1,1599,1686,NW
1175991.480,X_LEG_3,-0.03,24.85,16.45,1,1599,1686,NW
1175991.500,X_LEG_3,-0.03,24.85,16.45,1,1599,1686,NW
1175991.520,X_LEG_3,-0.03,24.85,16.45,1,1599,1686,NW
1175991.540,X_LEG_3,-0.03,24.85,16.45,1,1599,1686,NW
1175991.561,X_LEG_3,-0.03,24.85,16.45,1,1599,1686,NW
1175991.581,X_LEG_3,-0.03,24.85,16.45,1,1599,1686,NW
1175991.602,X_LEG_3,-0.03,24.85,16.45,1,1599,1686,NW
1175991.622,X_LEG_3,-0.03,24.85,16.45,1,1599,1686,NW
1175991.642,X_LEG_3,-0.03,24.85,16.45,1,1599,1686,NW
1175991.663,X_LEG_3,-0.03,24.85,16.45,1,1599,1686,NW
1175991.683,X_LEG_3,-0.03,24.85,16.45,1,1599,1686,NW
1175991.703,X_LEG_3,-0.03,24.85,16.45,1,1599,1686,NW
1175991.723,X_LEG_3,-0.03,24.85,16.45,1,1599,1686,NW
1175991.744,X_LEG_3,-0.03,24.85,16.45,1,1599,1686,NW
1175991.765,X_LEG_3,-0.03,24.85,16.45,1,1599,1686,NW
1175991.785,X_LEG_3,-0.03,24.85,16.45,1,1599,1686,NW
1175991.805,X_LEG_3,-0.03,24.85,16.45,1,1599,1686,NW
1175991.826,X_LEG_3,-0.03,24.85,16.45,1,1599,1686,NW
1175991.846,X_LEG_3,-0.03,24.85,16.45,1,1599,1686,NW
1175991.867,X_LEG_3,-0.03,24.85,16.45,1,1599,1686,NW
1175991.887,X_LEG_3,-0.03,24.85,16.45,1,1599,1686,NW
1175991.908,X_LEG_3,-0.03,24.85,16.45,1,1599,1686,NW
1175991.928,X_LEG_3,-0.03,24.85,16.45,1,1599,1686,NW
1175991.949,X_LEG_3,-0.03,24.85,16.45,1,1599,1686,NW
1175991.969,X_LEG_3,-0.03,24.85,16.45,1,1599,1686,NW
1175991.990,X_LEG_3,-0.03,24.85,16.45,1,1599,1686,NW
1175992.011,X_LEG_3,-0.03,24.85,16.45,1,1599,1686,NW
1175992.031,X_LEG_3,-0.03,24.85,16.45,1,1599,1686,NW
1175992.051,X_LEG_3,-0.03,24.85,16.45,1,1599,1686,NW
1175992.072,X_LEG_3,-0.03,24.85,16.45,1,1599,1686,NW
1175992.092,X_LEG_3,-0.03,24.85,16.45,1,1599,1686,NW
1175992.113,X_LEG_3,-0.03,24.85,16.45,1,1599,1686,NW
1175992.133,X_LEG_3,-0.03,24.85,16.45,1,1599,1686,NW
1175992.154,X_LEG_3,-0.03,24.85,16.45,1,1599,1686,NW
1175992.174,X_LEG_3,-0.03,24.85,16.45,1,1599,1686,NW
1175992.195,X_LEG_3,-0.03,24.85,16.45,1,1599,1686,NW
1175992.215,X_LEG_3,-0.03,24.85,16.45,1,1599,1686,NW
1175992.235,X_LEG_3,-0.03,24.85,16.45,1,1599,1686,NW
1175992.256,X_LEG_3,-0.03,24.85,16.45,1,1599,1686,NW
1175992.276,X_LEG_3,-0.03,24.85,16.45,1,1599,1686,NW
1175992.297,X_LEG_3,-0.03,24.85,16.45,1,1599,1686,NW
1175992.317,X_LEG_3,-0.03,24.85,16.45,1,1599,1686,NW
1175992.337,X_LEG_3,-0.03,24.85,16.45,1,1599,1686,NW
1175992.358,X_LEG_3,-0.03,24.85,16.45,1,1599,1686,NW
1175992.379,X_LEG_3,-0.03,24.85,16.45,1,1599,1686,NW
1175992.399,X_LEG_3,-0.03,24.85,16.45,1,1599,1686,NW
1175992.420,X_LEG_3,-0.03,24.85,16.45,1,1599,1686,NW
1175992.440,X_LEG_3,-0.03,24.85,16.45,1,1599,1686,NW
1175992.460,X_LEG_3,-0.03,24.85,16.45,1,1599,1686,NW
1175992.481,X_LEG_3,-0.03,24.85,16.45,1,1599,1686,NW
1175992.501,X_LEG_3,-0.03,24.85,16.45,1,1599,1686,NW
1175992.521,X_LEG_3,-0.03,24.85,16.45,1,1599,1686,NW
1175992.541,X_LEG_3,-0.03,24.85,16.45,1,1599,1686,NW
1175992.562,X_LEG_3,-0.03,24.85,16.45,1,1599,1686,NW
1175992.582,X_LEG_3,-0.03,24.85,16.45,1,1599,1686,NW
1175992.603,X_LEG_3,-0.03,24.85,16.45,1,1599,1686,NW
1175992.624,X_LEG_3,-0.03,24.85,16.45,1,1599,1686,NW
1175992.644,X_LEG_3,-0.03,24.85,16.45,1,1599,1686,NW
1175992.664,X_LEG_3,-0.03,24.85,16.45,1,1599,1686,NW
1175992.685,X_LEG_3,-0.03,24.85,16.45,1,1599,1686,NW
1175992.705,X_LEG_3,-0.03,24.85,16.45,1,1599,1686,NW
1175992.725,X_LEG_3,-0.03,24.85,16.45,1,1599,1686,NW
1175992.746,X_LEG_3,-0.03,24.85,16.45,1,1599,1686,NW
1175992.766,X_LEG_3,-0.03,24.85,16.45,1,1599,1686,NW
1175992.787,X_LEG_3,-0.03,24.85,16.45,1,1599,1686,NW
1175992.807,X_LEG_3,-0.03,24.85,16.45,1,1599,1686,NW
1175992.827,X_LEG_3,-0.03,24.85,16.45,1,1599,1686,NW
1175992.848,X_LEG_3,-0.03,24.85,16.45,1,1599,1686,NW
1175992.868,X_LEG_3,-0.03,24.85,16.45,1,1599,1686,NW
1175992.889,X_LEG_3,-0.03,24.85,16.45,1,1599,1686,NW
1175992.909,X_LEG_3,-0.03,24.85,16.45,1,1599,1686,NW
1175992.930,X_LEG_3,-0.03,24.85,16.45,1,1599,1686,NW
1175992.950,X_LEG_3,-0.03,24.85,16.45,1,1599,1686,NW
1175992.970,X_LEG_3,-0.03,24.85,16.45,1,1599,1686,NW
1175992.991,X_LEG_3,-0.03,24.85,16.45,1,1599,1686,NW
1175993.011,X_LEG_3,-0.03,24.85,16.45,1,1599,1686,NW
1175993.032,X_LEG_3,-0.03,24.85,16.45,1,1599,1686,NW
1175993.052,X_LEG_3,-0.03,24.85,16.45,1,1599,1686,NW
1175993.073,X_LEG_3,-0.03,24.85,16.45,1,1599,1686,NW
1175993.093,X_LEG_3,-0.03,24.85,16.45,1,1599,1686,NW
1175993.113,X_LEG_3,-0.03,24.85,16.45,1,1599,1686,NW
1175993.134,X_LEG_3,-0.03,24.85,16.45,1,1599,1686,NW
1175993.155,X_LEG_3,-0.03,24.85,16.45,1,1599,1686,NW
1175993.175,X_LEG_3,-0.03,24.85,16.45,1,1599,1686,NW
1175993.196,X_LEG_3,-0.03,24.85,16.45,1,1599,1686,NW
1175993.216,X_LEG_3,-0.03,24.85,16.45,1,1599,1686,NW
1175993.237,X_LEG_3,-0.03,24.85,16.45,1,1599,1686,NW
1175993.257,X_LEG_3,-0.03,24.85,16.45,1,1599,1686,NW
1175993.277,X_LEG_3,-0.03,24.85,16.45,1,1599,1686,NW
1175993.298,X_LEG_3,-0.03,24.85,16.45,1,1599,1686,NW
1175993.318,X_LEG_3,-0.03,24.85,16.45,1,1599,1686,NW
1175993.339,X_LEG_3,-0.03,24.85,16.45,1,1599,1686,NW
1175993.359,X_LEG_3,-0.03,24.85,16.45,1,1599,1686,NW
1175993.380,X_LEG_3,-0.03,24.85,16.45,1,1599,1686,NW
1175993.400,X_LEG_3,-0.03,24.85,16.45,1,1599,1686,NW
1175993.421,X_LEG_3,-0.03,24.85,16.45,1,1599,1686,NW
1175993.441,X_LEG_3,-0.03,24.85,16.45,1,1599,1686,NW
1175993.462,X_LEG_3,-0.03,24.85,16.45,1,1599,1686,NW
1175993.483,X_LEG_3,-0.03,24.85,16.45,1,1599,1686,NW
1175993.503,X_LEG_3,-0.03,24.85,16.45,1,1599,1686,NW
1175993.524,X_LEG_3,-0.03,24.85,16.45,1,1599,1686,NW
1175993.544,X_LEG_3,-0.03,24.85,16.45,1,1599,1686,NW
1175993.565,X_LEG_3,-0.03,24.85,16.45,1,1599,1686,NW
1175993.586,X_LEG_3,-0.03,24.85,16.45,1,1599,1686,NW
1175993.607,X_LEG_3,-0.03,24.85,16.45,1,1599,1686,NW
1175993.627,X_LEG_3,-0.03,24.85,16.45,1,1599,1686,NW
1175993.648,X_LEG_3,-0.03,24.85,16.45,1,1599,1686,NW
1175993.668,X_LEG_3,-0.03,24.85,16.45,1,1599,1686,NW
1175993.689,X_LEG_3,-0.03,24.85,16.45,1,1599,1686,NW
1175993.709,X_LEG_3,-0.03,24.85,16.45,1,1599,1686,NW
1175993.730,X_LEG_3,-0.03,24.85,16.45,1,1599,1686,NW
1175993.751,X_LEG_3,-0.03,24.85,16.45,1,1599,1686,NW
1175993.771,X_LEG_3,-0.03,24.85,16.45,1,1599,1686,NW
1175993.791,X_LEG_3,-0.03,24.85,16.45,1,1599,1686,NW
1175993.812,X_LEG_3,-0.03,24.85,16.45,1,1599,1686,NW
1175993.832,X_LEG_3,-0.03,24.85,16.45,1,1599,1686,NW
1175993.853,X_LEG_3,-0.03,24.85,16.45,1,1599,1686,NW
1175993.873,X_LEG_3,-0.03,24.85,16.45,1,1599,1686,NW
1175993.894,X_LEG_3,-0.03,24.85,16.45,1,1599,1686,NW
1175993.916,X_LEG_3,-0.03,24.85,16.45,1,1599,1686,NW
1175993.936,X_LEG_3,-0.03,24.85,16.45,1,1599,1686,NW
1175993.957,X_LEG_3,-0.03,24.85,16.45,1,1599,1686,NW
1175993.978,X_LEG_3,-0.03,24.85,16.45,1,1599,1686,NW
1175993.998,X_LEG_3,-0.03,24.85,16.45,1,1599,1686,NW
1175994.019,X_LEG_3,-0.03,24.85,16.45,1,1599,1686,NW
1175994.039,X_LEG_3,-0.03,24.85,16.45,1,1599,1686,NW
1175994.060,X_LEG_3,-0.03,24.85,16.45,1,1599,1686,NW
1175994.080,X_LEG_3,-0.03,24.85,16.45,1,1599,1686,NW
1175994.101,X_LEG_3,-0.03,24.85,16.45,1,1599,1686,NW
1175994.121,X_LEG_3,-0.03,24.85,16.45,1,1599,1686,NW
1175994.142,X_LEG_3,-0.03,24.85,16.45,1,1599,1686,NW
1175994.162,X_LEG_3,-0.03,24.85,16.45,1,1599,1686,NW
1175994.183,X_LEG_3,-0.03,24.85,16.45,1,1599,1686,NW
1175994.203,X_LEG_3,-0.03,24.85,16.45,1,1599,1686,NW
1175994.224,X_LEG_3,-0.03,24.85,16.45,1,1599,1686,NW
1175994.246,X_LEG_3,-0.03,24.85,16.45,1,1599,1686,NW
1175994.266,X_LEG_3,-0.03,24.85,16.45,1,1599,1686,NW
1175994.286,X_LEG_3,-0.03,24.85,16.45,1,1599,1686,NW
1175994.308,X_LEG_3,-0.03,24.85,16.45,1,1599,1686,NW
1175994.328,X_LEG_3,-0.03,24.85,16.45,1,1599,1686,NW
1175994.349,X_LEG_3,-0.03,24.85,16.45,1,1599,1686,NW
1175994.369,X_LEG_3,-0.03,24.85,16.45,1,1599,1686,NW
1175994.390,X_LEG_3,-0.03,24.85,16.45,1,1599,1686,NW
1175994.410,X_LEG_3,-0.03,24.85,16.45,1,1599,1686,NW
1175994.431,X_LEG_3,-0.03,24.85,16.45,1,1599,1686,NW
1175994.451,X_LEG_3,-0.03,24.85,16.45,1,1599,1686,NW
1175994.471,X_LEG_3,-0.03,24.85,16.45,1,1599,1686,NW
1175994.492,X_LEG_3,-0.03,24.85,16.45,1,1599,1686,NW
1175994.513,X_LEG_3,-0.03,24.85,16.45,1,1599,1686,NW
1175994.533,X_LEG_3,-0.03,24.85,16.45,1,1599,1686,NW
1175994.554,X_LEG_3,-0.03,24.85,16.45,1,1599,1686,NW
1175994.574,X_LEG_3,-0.03,24.85,16.45,1,1599,1686,NW
1175994.595,X_LEG_3,-0.03,24.85,16.45,1,1599,1686,NW
1175994.615,X_LEG_3,-0.03,24.85,16.45,1,1599,1686,NW
1175994.635,X_LEG_3,-0.03,24.85,16.45,1,1599,1686,NW
1175994.656,X_LEG_3,-0.03,24.85,16.45,1,1599,1686,NW
1175994.676,X_LEG_3,-0.03,24.85,16.45,1,1599,1686,NW
1175994.697,X_LEG_3,-0.03,24.85,16.45,1,1599,1686,NW
1175994.717,X_LEG_3,-0.03,24.85,16.45,1,1599,1686,NW
1175994.738,X_LEG_3,-0.03,24.85,16.45,1,1599,1686,NW
1175994.758,X_LEG_3,-0.03,24.85,16.45,1,1599,1686,NW
1175994.779,X_LEG_3,-0.03,24.85,16.45,1,1599,1686,NW
1175994.799,X_LEG_3,-0.03,24.85,16.45,1,1599,1686,NW
1175994.820,X_LEG_3,-0.03,24.85,16.45,1,1599,1686,NW
1175994.841,X_LEG_3,-0.03,24.85,16.45,1,1599,1686,NW
1175994.861,X_LEG_3,-0.03,24.85,16.45,1,1599,1686,NW
1175994.881,X_LEG_3,-0.03,24.85,16.45,1,1599,1686,NW
1175994.902,X_LEG_3,-0.03,24.85,16.45,1,1599,1686,NW
1175994.922,X_LEG_3,-0.03,24.85,16.45,1,1599,1686,NW
1175994.942,X_LEG_3,-0.03,24.85,16.45,1,1599,1686,NW
1175994.963,X_LEG_3,-0.03,24.85,16.45,1,1599,1686,NW
1175994.983,X_LEG_3,-0.03,24.85,16.45,1,1599,1686,NW
1175995.003,X_LEG_3,-0.03,24.85,16.45,1,1599,1686,NW
1175995.024,X_LEG_3,-0.03,24.85,16.45,1,1599,1686,NW
1175995.044,X_LEG_3,-0.03,24.85,16.45,1,1599,1686,NW
1175995.065,X_LEG_3,-0.03,24.85,16.45,1,1599,1686,NW
1175995.085,X_LEG_3,-0.03,24.85,16.45,1,1599,1686,NW
1175995.106,X_LEG_3,-0.03,24.85,16.45,1,1599,1686,NW
1175995.127,X_LEG_3,-0.03,24.85,16.45,1,1599,1686,NW
1175995.147,X_LEG_3,-0.03,24.85,16.45,1,1599,1686,NW
1175995.169,X_LEG_3,-0.03,24.85,16.45,1,1599,1686,NW
1175995.189,X_LEG_3,-0.03,24.85,16.45,1,1599,1686,NW
1175995.209,X_LEG_3,-0.03,24.85,16.45,1,1599,1686,NW
1175995.230,X_LEG_3,-0.03,24.85,16.45,1,1599,1686,NW
1175995.250,X_LEG_3,-0.03,24.85,16.45,1,1599,1686,NW
1175995.271,X_LEG_3,-0.03,24.85,16.45,1,1599,1686,NW
1175995.291,X_LEG_3,-0.03,24.85,16.45,1,1599,1686,NW
1175995.311,X_LEG_3,-0.03,24.85,16.45,1,1599,1686,NW
1175995.332,X_LEG_3,-0.03,24.85,16.45,1,1599,1686,NW
1175995.352,X_LEG_3,-0.03,24.85,16.45,1,1599,1686,NW
1175995.373,X_LEG_3,-0.03,24.85,16.45,1,1599,1686,NW
1175995.393,X_LEG_3,-0.03,24.85,16.45,1,1599,1686,NW
1175995.414,X_LEG_3,-0.03,24.85,16.45,1,1599,1686,NW
1175995.436,X_LEG_3,-0.03,24.85,16.45,1,1599,1686,NW
1175995.456,X_LEG_3,-0.03,24.85,16.45,1,1599,1686,NW
1175995.476,X_LEG_3,-0.03,24.85,16.45,1,1599,1686,NW
1175995.496,X_LEG_3,-0.03,24.85,16.45,1,1599,1686,NW
1175995.517,X_LEG_3,-0.03,24.85,16.45,1,1599,1686,NW
1175995.537,X_LEG_3,-0.03,24.85,16.45,1,1599,1686,NW
1175995.558,X_LEG_3,-0.03,24.85,16.45,1,1599,1686,NW
1175995.579,X_LEG_3,-0.03,24.85,16.45,1,1599,1686,NW
1175995.599,X_LEG_3,-0.03,24.85,16.45,1,1599,1686,NW
1175995.620,X_LEG_3,-0.03,24.85,16.45,1,1599,1686,NW
1175995.640,X_LEG_3,-0.03,24.85,16.45,1,1599,1686,NW
1175995.660,X_LEG_3,-0.03,24.85,16.45,1,1599,1686,NW
1175995.681,X_LEG_3,-0.03,24.85,16.45,1,1599,1686,NW
1175995.701,X_LEG_3,-0.03,24.85,16.45,1,1599,1686,NW
1175995.722,X_LEG_3,-0.03,24.85,16.45,1,1599,1686,NW
1175995.742,X_LEG_3,-0.03,24.85,16.45,1,1599,1686,NW
1175995.763,X_LEG_3,-0.03,24.85,16.45,1,1599,1686,NW
1175995.784,X_LEG_3,-0.03,24.85,16.45,1,1599,1686,NW
1175995.805,X_LEG_3,-0.03,24.85,16.45,1,1599,1686,NW
1175995.825,X_LEG_3,-0.03,24.85,16.45,1,1599,1686,NW
1175995.846,X_LEG_3,-0.03,24.85,16.45,1,1599,1686,NW
1175995.866,X_LEG_3,-0.03,24.85,16.45,1,1599,1686,NW
1175995.886,X_LEG_3,-0.03,24.85,16.45,1,1599,1686,NW
1175995.907,X_LEG_3,-0.03,24.85,16.45,1,1599,1686,NW
1175995.927,X_LEG_3,-0.03,24.85,16.45,1,1599,1686,NW
1175995.948,X_LEG_3,-0.03,24.85,16.45,1,1599,1686,NW
1175995.969,X_LEG_3,-0.03,24.85,16.45,1,1599,1686,NW
1175995.990,X_LEG_3,-0.03,24.85,16.45,1,1599,1686,NW
1175996.010,X_LEG_3,-0.03,24.85,16.45,1,1599,1686,NW
1175996.031,X_LEG_3,-0.03,24.85,16.45,1,1599,1686,NW
1175996.051,X_LEG_3,-0.03,24.85,16.45,1,1599,1686,NW
1175996.072,X_LEG_3,-0.03,24.85,16.45,1,1599,1686,NW
1175996.092,X_LEG_3,-0.03,24.85,16.45,1,1599,1686,NW
1175996.113,X_LEG_3,-0.03,24.85,16.45,1,1599,1686,NW
1175996.133,X_LEG_3,-0.03,24.85,16.45,1,1599,1686,NW
1175996.154,X_LEG_3,-0.03,24.85,16.45,1,1599,1686,NW
1175996.174,X_LEG_3,-0.03,24.85,16.45,1,1599,1686,NW
1175996.195,X_LEG_3,-0.03,24.85,16.45,1,1599,1686,NW
1175996.215,X_LEG_3,-0.03,24.85,16.45,1,1599,1686,NW
1175996.236,X_LEG_3,-0.03,24.85,16.45,1,1599,1686,NW
1175996.256,X_LEG_3,-0.03,24.85,16.45,1,1599,1686,NW
1175996.277,X_LEG_3,-0.03,24.85,16.45,1,1599,1686,NW
1175996.298,X_LEG_3,-0.03,24.85,16.45,1,1599,1686,NW
1175996.318,X_LEG_3,-0.03,24.85,16.45,1,1599,1686,NW
1175996.338,X_LEG_3,-0.03,24.85,16.45,1,1599,1686,NW
1175996.359,X_LEG_3,-0.03,24.85,16.45,1,1599,1686,NW
1175996.379,X_LEG_3,-0.03,24.85,16.45,1,1599,1686,NW
1175996.400,X_LEG_3,-0.03,24.85,16.45,1,1599,1686,NW
1175996.420,X_LEG_3,-0.03,24.85,16.45,1,1599,1686,NW
1175996.441,X_LEG_3,-0.03,24.85,16.45,1,1599,1686,NW
1175996.461,X_LEG_3,-0.03,24.85,16.45,1,1599,1686,NW
1175996.482,X_LEG_3,-0.03,24.85,16.45,1,1599,1686,NW
1175996.502,X_LEG_3,-0.03,24.85,16.45,1,1599,1686,NW
1175996.523,X_LEG_3,-0.03,24.85,16.45,1,1599,1686,NW
1175996.543,X_LEG_3,-0.03,24.85,16.45,1,1599,1686,NW
1175996.564,X_LEG_3,-0.03,24.85,16.45,1,1599,1686,NW
1175996.585,X_LEG_3,-0.03,24.85,16.45,1,1599,1686,NW
1175996.605,X_LEG_3,-0.03,24.85,16.45,1,1599,1686,NW
1175996.625,X_LEG_3,-0.03,24.85,16.45,1,1599,1686,NW
1175996.646,X_LEG_3,-0.03,24.85,16.45,1,1599,1686,NW
1175996.667,X_LEG_3,-0.03,24.85,16.45,1,1599,1686,NW
1175996.688,X_LEG_3,-0.03,24.85,16.45,1,1599,1686,NW
1175996.708,X_LEG_3,-0.03,24.85,16.45,1,1599,1686,NW
1175996.729,X_LEG_3,-0.03,24.85,16.45,1,1599,1686,NW
1175996.749,X_LEG_3,-0.03,24.85,16.45,1,1599,1686,NW
1175996.769,X_LEG_3,-0.03,24.85,16.45,1,1599,1686,NW
1175996.790,X_LEG_3,-0.03,24.85,16.45,1,1599,1686,NW
1175996.810,X_LEG_3,-0.03,24.85,16.45,1,1599,1686,NW
1175996.831,X_LEG_3,-0.03,24.85,16.45,1,1599,1686,NW
1175996.851,X_LEG_3,-0.03,24.85,16.45,1,1599,1686,NW
1175996.872,X_LEG_3,-0.03,24.85,16.45,1,1599,1686,NW
1175996.892,X_LEG_3,-0.03,24.85,16.45,1,1599,1686,NW
1175996.913,X_LEG_3,-0.03,24.85,16.45,1,1599,1686,NW
1175996.933,X_LEG_3,-0.03,24.85,16.45,1,1599,1686,NW
1175996.954,X_LEG_3,-0.03,24.85,16.45,1,1599,1686,NW
1175996.975,X_LEG_3,-0.03,24.85,16.45,1,1599,1686,NW
1175996.995,X_LEG_3,-0.03,24.85,16.45,1,1599,1686,NW
1175997.017,X_LEG_3,-0.03,24.85,16.45,1,1599,1686,NW
1175997.037,X_LEG_3,-0.03,24.85,16.45,1,1599,1686,NW
1175997.057,X_LEG_3,-0.03,24.85,16.45,1,1599,1686,NW
1175997.079,X_LEG_3,-0.03,24.85,16.45,1,1599,1686,NW
1175997.099,X_LEG_3,-0.03,24.85,16.45,1,1599,1686,NW
1175997.119,X_LEG_3,-0.03,24.85,16.45,1,1599,1686,NW
1175997.140,X_LEG_3,-0.03,24.85,16.45,1,1599,1686,NW
1175997.160,X_LEG_3,-0.03,24.85,16.45,1,1599,1686,NW
1175997.181,X_LEG_3,-0.03,24.85,16.45,1,1599,1686,NW
1175997.201,X_LEG_3,-0.03,24.85,16.45,1,1599,1686,NW
1175997.221,X_LEG_3,-0.03,24.85,16.45,1,1599,1686,NW
1175997.242,X_LEG_3,-0.03,24.85,16.45,1,1599,1686,NW
1175997.262,X_LEG_3,-0.03,24.85,16.45,1,1599,1686,NW
1175997.283,X_LEG_3,-0.03,24.85,16.45,1,1599,1686,NW
1175997.303,X_LEG_3,-0.03,24.85,16.45,1,1599,1686,NW
1175997.324,X_LEG_3,-0.03,24.85,16.45,1,1599,1686,NW
1175997.344,X_LEG_3,-0.03,24.85,16.45,1,1599,1686,NW
1175997.365,X_LEG_3,-0.03,24.85,16.45,1,1599,1686,NW
1175997.385,X_LEG_3,-0.03,24.85,16.45,1,1599,1686,NW
1175997.406,X_LEG_3,-0.03,24.85,16.45,1,1599,1686,NW
1175997.426,X_LEG_3,-0.03,24.85,16.45,1,1599,1686,NW
1175997.447,X_LEG_3,-0.03,24.85,16.45,1,1599,1686,NW
1175997.467,X_LEG_3,-0.03,24.85,16.45,1,1599,1686,NW
1175997.488,X_LEG_3,-0.03,24.85,16.45,1,1599,1686,NW
1175997.509,X_LEG_3,-0.03,24.85,16.45,1,1599,1686,NW
1175997.529,X_LEG_3,-0.03,24.85,16.45,1,1599,1686,NW
1175997.550,X_LEG_3,-0.03,24.85,16.45,1,1599,1686,NW
1175997.570,X_LEG_3,-0.03,24.85,16.45,1,1599,1686,NW
1175997.590,X_LEG_3,-0.03,24.85,16.45,1,1599,1686,NW
1175997.611,X_LEG_3,-0.03,24.85,16.45,1,1599,1686,NW
1175997.631,X_LEG_3,-0.03,24.85,16.45,1,1599,1686,NW
1175997.652,X_LEG_3,-0.03,24.85,16.45,1,1599,1686,NW
1175997.672,X_LEG_3,-0.03,24.85,16.45,1,1599,1686,NW
1175997.692,X_LEG_3,-0.03,24.85,16.45,1,1599,1686,NW
1175997.713,X_LEG_3,-0.03,24.85,16.45,1,1599,1686,NW
1175997.733,X_LEG_3,-0.03,24.85,16.45,1,1599,1686,NW
1175997.754,X_LEG_3,-0.03,24.85,16.45,1,1599,1686,NW
1175997.774,X_LEG_3,-0.03,24.85,16.45,1,1599,1686,NW
1175997.795,X_LEG_3,-0.03,24.85,16.45,1,1599,1686,NW
1175997.815,X_LEG_3,-0.03,24.85,16.45,1,1599,1686,NW
1175997.835,X_LEG_3,-0.03,24.85,16.45,1,1599,1686,NW
1175997.856,X_LEG_3,-0.03,24.85,16.45,1,1599,1686,NW
1175997.876,X_LEG_3,-0.03,24.85,16.45,1,1599,1686,NW
1175997.897,X_LEG_3,-0.03,24.85,16.45,1,1599,1686,NW
1175997.917,X_LEG_3,-0.03,24.85,16.45,1,1599,1686,NW
1175997.937,X_LEG_3,-0.03,24.85,16.45,1,1599,1686,NW
1175997.958,X_LEG_3,-0.03,24.85,16.45,1,1599,1686,NW
1175997.978,X_LEG_3,-0.03,24.85,16.45,1,1599,1686,NW
1175997.999,X_LEG_3,-0.03,24.85,16.45,1,1599,1686,NW
1175998.019,X_LEG_3,-0.03,24.85,16.45,1,1599,1686,NW
1175998.039,X_LEG_3,-0.03,24.85,16.45,1,1599,1686,NW
1175998.060,X_LEG_3,-0.03,24.85,16.45,1,1599,1686,NW
1175998.081,X_LEG_3,-0.03,24.85,16.45,1,1599,1686,NW
1175998.101,X_LEG_3,-0.03,24.85,16.45,1,1599,1686,NW
1175998.122,X_LEG_3,-0.03,24.85,16.45,1,1599,1686,NW
1175998.143,X_LEG_3,-0.03,24.85,16.45,1,1599,1686,NW
1175998.164,X_LEG_3,-0.03,24.85,16.45,1,1599,1686,NW
1175998.184,X_LEG_3,-0.03,24.85,16.45,1,1599,1686,NW
1175998.205,X_LEG_3,-0.03,24.85,16.45,1,1599,1686,NW
1175998.225,X_LEG_3,-0.03,24.85,16.45,1,1599,1686,NW
1175998.246,X_LEG_3,-0.03,24.85,16.45,1,1599,1686,NW
1175998.266,X_LEG_3,-0.03,24.85,16.45,1,1599,1686,NW
1175998.287,X_LEG_3,-0.03,24.85,16.45,1,1599,1686,NW
1175998.307,X_LEG_3,-0.03,24.85,16.45,1,1599,1686,NW
1175998.327,X_LEG_3,-0.03,24.85,16.45,1,1599,1686,NW
1175998.348,X_LEG_3,-0.03,24.85,16.45,1,1599,1686,NW
1175998.368,X_LEG_3,-0.03,24.85,16.45,1,1599,1686,NW
1175998.389,X_LEG_3,-0.03,24.85,16.45,1,1599,1686,NW
1175998.409,X_LEG_3,-0.03,24.85,16.45,1,1599,1686,NW
1175998.430,X_LEG_3,-0.03,24.85,16.45,1,1599,1686,NW
1175998.450,X_LEG_3,-0.03,24.85,16.45,1,1599,1686,NW
1175998.471,X_LEG_3,-0.03,24.85,16.45,1,1599,1686,NW
1175998.491,X_LEG_3,-0.03,24.85,16.45,1,1599,1686,NW
1175998.512,X_LEG_3,-0.03,24.85,16.45,1,1599,1686,NW
1175998.532,X_LEG_3,-0.03,24.85,16.45,1,1599,1686,NW
1175998.553,X_LEG_3,-0.03,24.85,16.45,1,1599,1686,NW
1175998.573,X_LEG_3,-0.03,24.85,16.45,1,1599,1686,NW
1175998.594,X_LEG_3,-0.03,24.85,16.45,1,1599,1686,NW
1175998.615,X_LEG_3,-0.03,24.85,16.45,1,1599,1686,NW
1175998.635,X_LEG_3,-0.03,24.85,16.45,1,1599,1686,NW
1175998.656,X_LEG_3,-0.03,24.85,16.45,1,1599,1686,NW
1175998.676,X_LEG_3,-0.03,24.85,16.45,1,1599,1686,NW
1175998.697,X_LEG_3,-0.03,24.85,16.45,1,1599,1686,NW
1175998.717,X_LEG_3,-0.03,24.85,16.45,1,1599,1686,NW
1175998.738,X_LEG_3,-0.03,24.85,16.45,1,1599,1686,NW
1175998.759,X_LEG_3,-0.03,24.85,16.45,1,1599,1686,NW
1175998.779,X_LEG_3,-0.03,24.85,16.45,1,1599,1686,NW
1175998.800,X_LEG_3,-0.03,24.85,16.45,1,1599,1686,NW
1175998.820,X_LEG_3,-0.03,24.85,16.45,1,1599,1686,NW
1175998.841,X_LEG_3,-0.03,24.85,16.45,1,1599,1686,NW
1175998.861,X_LEG_3,-0.03,24.85,16.45,1,1599,1686,NW
1175998.882,X_LEG_3,-0.03,24.85,16.45,1,1599,1686,NW
1175998.903,X_LEG_3,-0.03,24.85,16.45,1,1599,1686,NW
1175998.923,X_LEG_3,-0.03,24.85,16.45,1,1599,1686,NW
1175998.943,X_LEG_3,-0.03,24.85,16.45,1,1599,1686,NW
1175998.963,X_LEG_3,-0.03,24.85,16.45,1,1599,1686,NW
1175998.984,X_LEG_3,-0.03,24.85,16.45,1,1599,1686,NW
1175999.004,X_LEG_3,-0.03,24.85,16.45,1,1599,1686,NW
1175999.025,X_LEG_3,-0.03,24.85,16.45,1,1599,1686,NW
1175999.045,X_LEG_3,-0.03,24.85,16.45,1,1599,1686,NW
1175999.065,X_LEG_3,-0.03,24.85,16.45,1,1599,1686,NW
1175999.086,X_LEG_3,-0.03,24.85,16.45,1,1599,1686,NW
1175999.106,X_LEG_3,-0.03,24.85,16.45,1,1599,1686,NW
1175999.127,X_LEG_3,-0.03,24.85,16.45,1,1599,1686,NW
1175999.147,X_LEG_3,-0.03,24.85,16.45,1,1599,1686,NW
1175999.168,X_LEG_3,-0.03,24.85,16.45,1,1599,1686,NW
1175999.188,X_LEG_3,-0.03,24.85,16.45,1,1599,1686,NW
1175999.210,X_LEG_3,-0.03,24.85,16.45,1,1599,1686,NW
1175999.230,X_LEG_3,-0.03,24.85,16.45,1,1599,1686,NW
1175999.251,X_LEG_3,-0.03,24.85,16.45,1,1599,1686,NW
1175999.271,X_LEG_3,-0.03,24.85,16.45,1,1599,1686,NW
1175999.291,X_LEG_3,-0.03,24.85,16.45,1,1599,1686,NW
1175999.312,X_LEG_3,-0.03,24.85,16.45,1,1599,1686,NW
1175999.332,X_LEG_3,-0.03,24.85,16.45,1,1599,1686,NW
1175999.352,X_LEG_3,-0.03,24.85,16.45,1,1599,1686,NW
1175999.373,X_LEG_3,-0.03,24.85,16.45,1,1599,1686,NW
1175999.393,X_LEG_3,-0.03,24.85,16.45,1,1599,1686,NW
1175999.413,X_LEG_3,-0.03,24.85,16.45,1,1599,1686,NW
1175999.434,X_LEG_3,-0.03,24.85,16.45,1,1599,1686,NW
1175999.454,X_LEG_3,-0.03,24.85,16.45,1,1599,1686,NW
1175999.475,X_LEG_3,-0.03,24.85,16.45,1,1599,1686,NW
1175999.495,X_LEG_3,-0.03,24.85,16.45,1,1599,1686,NW
1175999.516,X_LEG_3,-0.03,24.85,16.45,1,1599,1686,NW
1175999.537,X_LEG_3,-0.03,24.85,16.45,1,1599,1686,NW
1175999.557,X_LEG_3,-0.03,24.85,16.45,1,1599,1686,NW
1175999.578,X_LEG_3,-0.03,24.85,16.45,1,1599,1686,NW
1175999.600,X_LEG_3,-0.03,24.85,16.45,1,1599,1686,NW
1175999.620,X_LEG_3,-0.03,24.85,16.45,1,1599,1686,NW
1175999.640,X_LEG_3,-0.03,24.85,16.45,1,1599,1686,NW
1175999.660,X_LEG_3,-0.03,24.85,16.45,1,1599,1686,NW
1175999.681,X_LEG_3,-0.03,24.85,16.45,1,1599,1686,NW
1175999.701,X_LEG_3,-0.03,24.85,16.45,1,1599,1686,NW
1175999.722,X_LEG_3,-0.03,24.85,16.45,1,1599,1686,NW
1175999.743,X_LEG_3,-0.03,24.85,16.45,1,1599,1686,NW
1175999.763,X_LEG_3,-0.03,24.85,16.45,1,1599,1686,NW
1175999.783,X_LEG_3,-0.03,24.85,16.45,1,1599,1686,NW
1175999.806,X_LEG_3,-0.03,24.85,16.45,1,1599,1686,NW
1175999.826,X_LEG_3,-0.03,24.85,16.45,1,1599,1686,NW
1175999.847,X_LEG_3,-0.03,24.85,16.45,1,1599,1686,NW
1175999.867,X_LEG_3,-0.03,24.85,16.45,1,1599,1686,NW
1175999.888,X_LEG_3,-0.03,24.85,16.45,1,1599,1686,NW
1175999.908,X_LEG_3,-0.03,24.85,16.45,1,1599,1686,NW
1175999.929,X_LEG_3,-0.03,24.85,16.45,1,1599,1686,NW
1175999.952,X_LEG_3,-0.03,24.85,16.45,1,1599,1686,NW
1175999.974,X_LEG_3,-0.03,24.85,16.45,1,1599,1686,NW
1175999.995,X_LEG_3,-0.03,24.85,16.45,1,1599,1686,NW
1176000.015,X_LEG_3,-0.03,24.85,16.45,1,1599,1686,NW
1176000.037,X_LEG_3,-0.03,24.85,16.45,1,1599,1686,NW
1176000.057,X_LEG_3,-0.03,24.85,16.45,1,1599,1686,NW
1176000.077,X_LEG_3,-0.03,24.85,16.45,1,1599,1686,NW
1176000.098,X_LEG_3,-0.03,24.85,16.45,1,1599,1686,NW
1176000.118,X_LEG_3,-0.03,24.85,16.45,1,1599,1686,NW
1176000.139,X_LEG_3,-0.03,24.85,16.45,1,1599,1686,NW
1176000.159,X_LEG_3,-0.03,24.85,16.45,1,1599,1686,NW
1176000.180,X_LEG_3,-0.03,24.85,16.45,1,1599,1686,NW
1176000.200,X_LEG_3,-0.03,24.85,16.45,1,1599,1686,NW
1176000.221,X_LEG_3,-0.03,24.85,16.45,1,1599,1686,NW
1176000.241,X_LEG_3,-0.03,24.85,16.45,1,1599,1686,NW
1176000.262,X_LEG_3,-0.03,24.85,16.45,1,1599,1686,NW
1176000.283,X_LEG_3,-0.03,24.85,16.45,1,1599,1686,NW
1176000.304,X_LEG_3,-0.03,24.85,16.45,1,1599,1686,NW
1176000.324,X_LEG_3,-0.03,24.85,16.45,1,1599,1686,NW
1176000.344,X_LEG_3,-0.03,24.85,16.45,1,1599,1686,NW
1176000.366,X_LEG_3,-0.03,24.85,16.45,1,1599,1686,NW
1176000.386,X_LEG_3,-0.03,24.85,16.45,1,1599,1686,NW
1176000.407,X_LEG_3,-0.03,24.85,16.45,1,1599,1686,NW
1176000.428,X_LEG_3,-0.03,24.85,16.45,1,1599,1686,NW
1176000.448,X_LEG_3,-0.03,24.85,16.45,1,1599,1686,NW
1176000.469,X_LEG_3,-0.03,24.85,16.45,1,1599,1686,NW
1176000.491,X_LEG_3,-0.03,24.85,16.45,1,1599,1686,NW
1176000.511,X_LEG_3,-0.03,24.85,16.45,1,1599,1686,NW
1176000.532,X_LEG_3,-0.03,24.85,16.45,1,1599,1686,NW
1176000.553,X_LEG_3,-0.03,24.85,16.45,1,1599,1686,NW
1176000.573,X_LEG_3,-0.03,24.85,16.45,1,1599,1686,NW
1176000.593,X_LEG_3,-0.03,24.85,16.45,1,1599,1686,NW
1176000.614,X_LEG_3,-0.03,24.85,16.45,1,1599,1686,NW
1176000.634,X_LEG_3,-0.03,24.85,16.45,1,1599,1686,NW
1176000.655,X_LEG_3,-0.03,24.85,16.45,1,1599,1686,NW
1176000.675,X_LEG_3,-0.03,24.85,16.45,1,1599,1686,NW
1176000.695,X_LEG_3,-0.03,24.85,16.45,1,1599,1686,NW
1176000.716,X_LEG_3,-0.03,24.85,16.45,1,1599,1686,NW
1176000.736,X_LEG_3,-0.03,24.85,16.45,1,1599,1686,NW
1176000.757,X_LEG_3,-0.03,24.85,16.45,1,1599,1686,NW
1176000.778,X_LEG_3,-0.03,24.85,16.45,1,1599,1686,NW
1176000.798,X_LEG_3,-0.03,24.85,16.45,1,1599,1686,NW
1176000.819,X_LEG_3,-0.03,24.85,16.45,1,1599,1686,NW
1176000.839,X_LEG_3,-0.03,24.85,16.45,1,1599,1686,NW
1176000.860,X_LEG_3,-0.03,24.85,16.45,1,1599,1686,NW
1176000.880,X_LEG_3,-0.03,24.85,16.45,1,1599,1686,NW
1176000.900,X_LEG_3,-0.03,24.85,16.45,1,1599,1686,NW
1176000.921,X_LEG_3,-0.03,24.85,16.45,1,1599,1686,NW
1176000.941,X_LEG_3,-0.03,24.85,16.45,1,1599,1686,NW
1176000.962,X_LEG_3,-0.03,24.85,16.45,1,1599,1686,NW
1176000.982,X_LEG_3,-0.03,24.85,16.45,1,1599,1686,NW
1176001.002,X_LEG_3,-0.03,24.85,16.45,1,1599,1686,NW
1176001.023,X_LEG_3,-0.03,24.85,16.45,1,1599,1686,NW
1176001.043,X_LEG_3,-0.03,24.85,16.45,1,1599,1686,NW
1176001.064,X_LEG_3,-0.03,24.85,16.45,1,1599,1686,NW
1176001.085,X_LEG_3,-0.03,24.85,16.45,1,1599,1686,NW
1176001.105,X_LEG_3,-0.03,24.85,16.45,1,1599,1686,NW
1176001.126,X_LEG_3,-0.03,24.85,16.45,1,1599,1686,NW
1176001.147,X_LEG_3,-0.03,24.85,16.45,1,1599,1686,NW
1176001.167,X_LEG_3,-0.03,24.85,16.45,1,1599,1686,NW
1176001.188,X_LEG_3,-0.03,24.85,16.45,1,1599,1686,NW
1176001.208,X_LEG_3,-0.03,24.85,16.45,1,1599,1686,NW
1176001.229,X_LEG_3,-0.03,24.85,16.45,1,1599,1686,NW
1176001.249,X_LEG_3,-0.03,24.85,16.45,1,1599,1686,NW
1176001.269,X_LEG_3,-0.03,24.85,16.45,1,1599,1686,NW
1176001.290,X_LEG_3,-0.03,24.85,16.45,1,1599,1686,NW
1176001.311,X_LEG_3,-0.03,24.85,16.45,1,1599,1686,NW
1176001.331,X_LEG_3,-0.03,24.85,16.45,1,1599,1686,NW
1176001.352,X_LEG_3,-0.03,24.85,16.45,1,1599,1686,NW
1176001.372,X_LEG_3,-0.03,24.85,16.45,1,1599,1686,NW
1176001.393,X_LEG_3,-0.03,24.85,16.45,1,1599,1686,NW
1176001.413,X_LEG_3,-0.03,24.85,16.45,1,1599,1686,NW
1176001.433,X_LEG_3,-0.03,24.85,16.45,1,1599,1686,NW
1176001.454,X_LEG_3,-0.03,24.85,16.45,1,1599,1686,NW
1176001.475,X_LEG_3,-0.03,24.85,16.45,1,1599,1686,NW
1176001.495,X_LEG_3,-0.03,24.85,16.45,1,1599,1686,NW
1176001.515,X_LEG_3,-0.03,24.85,16.45,1,1599,1686,NW
1176001.536,X_LEG_3,-0.03,24.85,16.45,1,1599,1686,NW
1176001.556,X_LEG_3,-0.03,24.85,16.45,1,1599,1686,NW
1176001.576,X_LEG_3,-0.03,24.85,16.45,1,1599,1686,NW
1176001.596,X_LEG_3,-0.03,24.85,16.45,1,1599,1686,NW
1176001.617,X_LEG_3,-0.03,24.85,16.45,1,1599,1686,NW
1176001.637,X_LEG_3,-0.03,24.85,16.45,1,1599,1686,NW
1176001.658,X_LEG_3,-0.03,24.85,16.45,1,1599,1686,NW
1176001.678,X_LEG_3,-0.03,24.85,16.45,1,1599,1686,NW
1176001.699,X_LEG_3,-0.03,24.85,16.45,1,1599,1686,NW
1176001.719,X_LEG_3,-0.03,24.85,16.45,1,1599,1686,NW
1176001.740,X_LEG_3,-0.03,24.85,16.45,1,1599,1686,NW
1176001.760,X_LEG_3,-0.03,24.85,16.45,1,1599,1686,NW
1176001.781,X_LEG_3,-0.03,24.85,16.45,1,1599,1686,NW
1176001.801,X_LEG_3,-0.03,24.85,16.45,1,1599,1686,NW
1176001.822,X_LEG_3,-0.03,24.85,16.45,1,1599,1686,NW
1176001.842,X_LEG_3,-0.03,24.85,16.45,1,1599,1686,NW
1176001.862,X_LEG_3,-0.03,24.85,16.45,1,1599,1686,NW
1176001.883,X_LEG_3,-0.03,24.85,16.45,1,1599,1686,NW
1176001.903,X_LEG_3,-0.03,24.85,16.45,1,1599,1686,NW
1176001.924,X_LEG_3,-0.03,24.85,16.45,1,1599,1686,NW
1176001.945,X_LEG_3,-0.03,24.85,16.45,1,1599,1686,NW
1176001.966,X_LEG_3,-0.03,24.85,16.45,1,1599,1686,NW
1176001.986,X_LEG_3,-0.03,24.85,16.45,1,1599,1686,NW
1176002.008,X_LEG_3,-0.03,24.85,16.45,1,1599,1686,NW
1176002.028,X_LEG_3,-0.03,24.85,16.45,1,1599,1686,NW
1176002.049,X_LEG_3,-0.03,24.85,16.45,1,1599,1686,NW
1176002.071,X_LEG_3,-0.03,24.85,16.45,1,1599,1686,NW
1176002.090,X_LEG_3,-0.03,24.85,16.45,1,1599,1686,NW
1176002.110,X_LEG_3,-0.03,24.85,16.45,1,1599,1686,NW
1176002.131,X_LEG_3,-0.03,24.85,16.45,1,1599,1686,NW
1176002.152,X_LEG_3,-0.03,24.85,16.45,1,1599,1686,NW
1176002.172,X_LEG_3,-0.03,24.85,16.45,1,1599,1686,NW
1176002.193,X_LEG_3,-0.03,24.85,16.45,1,1599,1686,NW
1176002.213,X_LEG_3,-0.03,24.85,16.45,1,1599,1686,NW
1176002.234,X_LEG_3,-0.03,24.85,16.45,1,1599,1686,NW
1176002.254,X_LEG_3,-0.03,24.85,16.45,1,1599,1686,NW
1176002.275,X_LEG_3,-0.03,24.85,16.45,1,1599,1686,NW
1176002.296,X_LEG_3,-0.03,24.85,16.45,1,1599,1686,NW
1176002.316,X_LEG_3,-0.03,24.85,16.45,1,1599,1686,NW
1176002.337,X_LEG_3,-0.03,24.85,16.45,1,1599,1686,NW
1176002.357,X_LEG_3,-0.03,24.85,16.45,1,1599,1686,NW
1176002.378,X_LEG_3,-0.03,24.85,16.45,1,1599,1686,NW
1176002.399,X_LEG_3,-0.03,24.85,16.45,1,1599,1686,NW
1176002.419,X_LEG_3,-0.03,24.85,16.45,1,1599,1686,NW
1176002.440,X_LEG_3,-0.03,24.85,16.45,1,1599,1686,NW
1176002.461,X_LEG_3,-0.03,24.85,16.45,1,1599,1686,NW
1176002.481,X_LEG_3,-0.03,24.85,16.45,1,1599,1686,NW
1176002.502,X_LEG_3,-0.03,24.85,16.45,1,1599,1686,NW
1176002.522,X_LEG_3,-0.03,24.85,16.45,1,1599,1686,NW
1176002.543,X_LEG_3,-0.03,24.85,16.45,1,1599,1686,NW
1176002.563,X_LEG_3,-0.03,24.85,16.45,1,1599,1686,NW
1176002.584,X_LEG_3,-0.03,24.85,16.45,1,1599,1686,NW
1176002.604,X_LEG_3,-0.03,24.85,16.45,1,1599,1686,NW
1176002.624,X_LEG_3,-0.03,24.85,16.45,1,1599,1686,NW
1176002.645,X_LEG_3,-0.03,24.85,16.45,1,1599,1686,NW
1176002.666,X_LEG_3,-0.03,24.85,16.45,1,1599,1686,NW
1176002.687,X_LEG_3,-0.03,24.85,16.45,1,1599,1686,NW
1176002.707,X_LEG_3,-0.03,24.85,16.45,1,1599,1686,NW
1176002.729,X_LEG_3,-0.03,24.85,16.45,1,1599,1686,NW
1176002.749,X_LEG_3,-0.03,24.85,16.45,1,1599,1686,NW
1176002.769,X_LEG_3,-0.03,24.85,16.45,1,1599,1686,NW
1176002.790,X_LEG_3,-0.03,24.85,16.45,1,1599,1686,NW
1176002.810,X_LEG_3,-0.03,24.85,16.45,1,1599,1686,NW
1176002.831,X_LEG_3,-0.03,24.85,16.45,1,1599,1686,NW
1176002.851,X_LEG_3,-0.03,24.85,16.45,1,1599,1686,NW
1176002.872,X_LEG_3,-0.03,24.85,16.45,1,1599,1686,NW
1176002.892,X_LEG_3,-0.03,24.85,16.45,1,1599,1686,NW
1176002.913,X_LEG_3,-0.03,24.85,16.45,1,1599,1686,NW
1176002.933,X_LEG_3,-0.03,24.85,16.45,1,1599,1686,NW
1176002.953,X_LEG_3,-0.03,24.85,16.45,1,1599,1686,NW
1176002.974,X_LEG_3,-0.03,24.85,16.45,1,1599,1686,NW
1176002.995,X_LEG_3,-0.03,24.85,16.45,1,1599,1686,NW
1176003.015,X_LEG_3,-0.03,24.85,16.45,1,1599,1686,NW
1176003.036,X_LEG_3,-0.03,24.85,16.45,1,1599,1686,NW
1176003.057,X_LEG_3,-0.03,24.85,16.45,1,1599,1686,NW
1176003.077,X_LEG_3,-0.03,24.85,16.45,1,1599,1686,NW
1176003.098,X_LEG_3,-0.03,24.85,16.45,1,1599,1686,NW
1176003.118,X_LEG_3,-0.03,24.85,16.45,1,1599,1686,NW
1176003.139,X_LEG_3,-0.03,24.85,16.45,1,1599,1686,NW
1176003.160,X_LEG_3,-0.03,24.85,16.45,1,1599,1686,NW
1176003.180,X_LEG_3,-0.03,24.85,16.45,1,1599,1686,NW
1176003.200,X_LEG_3,-0.03,24.85,16.45,1,1599,1686,NW
1176003.221,X_LEG_3,-0.03,24.85,16.45,1,1599,1686,NW
1176003.241,X_LEG_3,-0.03,24.85,16.45,1,1599,1686,NW
1176003.263,X_LEG_3,-0.03,24.85,16.45,1,1599,1686,NW
1176003.284,X_LEG_3,-0.03,24.85,16.45,1,1599,1686,NW
1176003.304,X_LEG_3,-0.03,24.85,16.45,1,1599,1686,NW
1176003.325,X_LEG_3,-0.03,24.85,16.45,1,1599,1686,NW
1176003.345,X_LEG_3,-0.03,24.85,16.45,1,1599,1686,NW
1176003.366,X_LEG_3,-0.03,24.85,16.45,1,1599,1686,NW
1176003.387,X_LEG_3,-0.03,24.85,16.45,1,1599,1686,NW
1176003.407,X_LEG_3,-0.03,24.85,16.45,1,1599,1686,NW
1176003.427,X_LEG_3,-0.03,24.85,16.45,1,1599,1686,NW
1176003.448,X_LEG_3,-0.03,24.85,16.45,1,1599,1686,NW
1176003.469,X_LEG_3,-0.03,24.85,16.45,1,1599,1686,NW
1176003.489,X_LEG_3,-0.03,24.85,16.45,1,1599,1686,NW
1176003.509,X_LEG_3,-0.03,24.85,16.45,1,1599,1686,NW
1176003.530,X_LEG_3,-0.03,24.85,16.45,1,1599,1686,NW
1176003.550,X_LEG_3,-0.03,24.85,16.45,1,1599,1686,NW
1176003.571,X_LEG_3,-0.03,24.85,16.45,1,1599,1686,NW
1176003.592,X_LEG_3,-0.03,24.85,16.45,1,1599,1686,NW
1176003.612,X_LEG_3,-0.03,24.85,16.45,1,1599,1686,NW
1176003.632,X_LEG_3,-0.03,24.85,16.45,1,1599,1686,NW
1176003.653,X_LEG_3,-0.03,24.85,16.45,1,1599,1686,NW
1176003.674,X_LEG_3,-0.03,24.85,16.45,1,1599,1686,NW
1176003.694,X_LEG_3,-0.03,24.85,16.45,1,1599,1686,NW
1176003.715,X_LEG_3,-0.03,24.85,16.45,1,1599,1686,NW
1176003.735,X_LEG_3,-0.03,24.85,16.45,1,1599,1686,NW
1176003.755,X_LEG_3,-0.03,24.85,16.45,1,1599,1686,NW
1176003.777,X_LEG_3,-0.03,24.85,16.45,1,1599,1686,NW
1176003.798,X_LEG_3,-0.03,24.85,16.45,1,1599,1686,NW
1176003.818,X_LEG_3,-0.03,24.85,16.45,1,1599,1686,NW
1176003.839,X_LEG_3,-0.03,24.85,16.45,1,1599,1686,NW
1176003.859,X_LEG_3,-0.03,24.85,16.45,1,1599,1686,NW
1176003.880,X_LEG_3,-0.03,24.85,16.45,1,1599,1686,NW
1176003.900,X_LEG_3,-0.03,24.85,16.45,1,1599,1686,NW
1176003.921,X_LEG_3,-0.03,24.85,16.45,1,1599,1686,NW
1176003.941,X_LEG_3,-0.03,24.85,16.45,1,1599,1686,NW
1176003.961,X_LEG_3,-0.03,24.85,16.45,1,1599,1686,NW
1176003.981,X_LEG_3,-0.03,24.85,16.45,1,1599,1686,NW
1176004.002,X_LEG_3,-0.03,24.85,16.45,1,1599,1686,NW
1176004.022,X_LEG_3,-0.03,24.85,16.45,1,1599,1686,NW
1176004.043,X_LEG_3,-0.03,24.85,16.45,1,1599,1686,NW
1176004.063,X_LEG_3,-0.03,24.85,16.45,1,1599,1686,NW
1176004.084,X_LEG_3,-0.03,24.85,16.45,1,1599,1686,NW
1176004.105,X_LEG_3,-0.03,24.85,16.45,1,1599,1686,NW
1176004.125,X_LEG_3,-0.03,24.85,16.45,1,1599,1686,NW
1176004.146,X_LEG_3,-0.03,24.85,16.45,1,1599,1686,NW
1176004.166,X_LEG_3,-0.03,24.85,16.45,1,1599,1686,NW
1176004.186,X_LEG_3,-0.03,24.85,16.45,1,1599,1686,NW
1176004.207,X_LEG_3,-0.03,24.85,16.45,1,1599,1686,NW
1176004.227,X_LEG_3,-0.03,24.85,16.45,1,1599,1686,NW
1176004.248,X_LEG_3,-0.03,24.85,16.45,1,1599,1686,NW
1176004.268,X_LEG_3,-0.03,24.85,16.45,1,1599,1686,NW
1176004.289,X_LEG_3,-0.03,24.85,16.45,1,1599,1686,NW
1176004.310,X_LEG_3,-0.03,24.85,16.45,1,1599,1686,NW
1176004.330,X_LEG_3,-0.03,24.85,16.45,1,1599,1686,NW
1176004.350,X_LEG_3,-0.03,24.85,16.45,1,1599,1686,NW
1176004.372,X_LEG_3,-0.03,24.85,16.45,1,1599,1686,NW
1176004.392,X_LEG_3,-0.03,24.85,16.45,1,1599,1686,NW
1176004.412,X_LEG_3,-0.03,24.85,16.45,1,1599,1686,NW
1176004.433,X_LEG_3,-0.03,24.85,16.45,1,1599,1686,NW
1176004.453,X_LEG_3,-0.03,24.85,16.45,1,1599,1686,NW
1176004.474,X_LEG_3,-0.03,24.85,16.45,1,1599,1686,NW
1176004.494,X_LEG_3,-0.03,24.85,16.45,1,1599,1686,NW
1176004.515,X_LEG_3,-0.03,24.85,16.45,1,1599,1686,NW
1176004.535,X_LEG_3,-0.03,24.85,16.45,1,1599,1686,NW
1176004.556,X_LEG_3,-0.03,24.85,16.45,1,1599,1686,NW
1176004.577,X_LEG_3,-0.03,24.85,16.45,1,1599,1686,NW
1176004.597,X_LEG_3,-0.03,24.85,16.45,1,1599,1686,NW
1176004.617,X_LEG_3,-0.03,24.85,16.45,1,1599,1686,NW
1176004.638,X_LEG_3,-0.03,24.85,16.45,1,1599,1686,NW
1176004.658,X_LEG_3,-0.03,24.85,16.45,1,1599,1686,NW
1176004.679,X_LEG_3,-0.03,24.85,16.45,1,1599,1686,NW
1176004.699,X_LEG_3,-0.03,24.85,16.45,1,1599,1686,NW
1176004.719,X_LEG_3,-0.03,24.85,16.45,1,1599,1686,NW
1176004.740,X_LEG_3,-0.03,24.85,16.45,1,1599,1686,NW
1176004.760,X_LEG_3,-0.03,24.85,16.45,1,1599,1686,NW
1176004.781,X_LEG_3,-0.03,24.85,16.45,1,1599,1686,NW
1176004.801,X_LEG_3,-0.03,24.85,16.45,1,1599,1686,NW
1176004.821,X_LEG_3,-0.03,24.85,16.45,1,1599,1686,NW
1176004.843,X_LEG_3,-0.03,24.85,16.45,1,1599,1686,NW
1176004.863,X_LEG_3,-0.03,24.85,16.45,1,1599,1686,NW
1176004.883,X_LEG_3,-0.03,24.85,16.45,1,1599,1686,NW
1176004.903,X_LEG_3,-0.03,24.85,16.45,1,1599,1686,NW
1176004.924,X_LEG_3,-0.03,24.85,16.45,1,1599,1686,NW
1176004.944,X_LEG_3,-0.03,24.85,16.45,1,1599,1686,NW
1176004.964,X_LEG_3,-0.03,24.85,16.45,1,1599,1686,NW
1176004.985,X_LEG_3,-0.03,24.85,16.45,1,1599,1686,NW
1176005.005,X_LEG_3,-0.03,24.85,16.45,1,1599,1686,NW
1176005.026,X_LEG_3,-0.03,24.85,16.45,1,1599,1686,NW
1176005.046,X_LEG_3,-0.03,24.85,16.45,1,1599,1686,NW
1176005.067,X_LEG_3,-0.03,24.85,16.45,1,1599,1686,NW
1176005.087,X_LEG_3,-0.03,24.85,16.45,1,1599,1686,NW
1176005.108,X_LEG_3,-0.03,24.85,16.45,1,1599,1686,NW
1176005.129,X_LEG_3,-0.03,24.85,16.45,1,1599,1686,NW
1176005.149,X_LEG_3,-0.03,24.85,16.45,1,1599,1686,NW
1176005.169,X_LEG_3,-0.03,24.85,16.45,1,1599,1686,NW
1176005.190,X_LEG_3,-0.03,24.85,16.45,1,1599,1686,NW
1176005.210,X_LEG_3,-0.03,24.85,16.45,1,1599,1686,NW
1176005.231,X_LEG_3,-0.03,24.85,16.45,1,1599,1686,NW
1176005.251,X_LEG_3,-0.03,24.85,16.45,1,1599,1686,NW
1176005.272,X_LEG_3,-0.03,24.85,16.45,1,1599,1686,NW
1176005.292,X_LEG_3,-0.03,24.85,16.45,1,1599,1686,NW
1176005.313,X_LEG_3,-0.03,24.85,16.45,1,1599,1686,NW
1176005.333,X_LEG_3,-0.03,24.85,16.45,1,1599,1686,NW
1176005.353,X_LEG_3,-0.03,24.85,16.45,1,1599,1686,NW
1176005.374,X_LEG_3,-0.03,24.85,16.45,1,1599,1686,NW
1176005.394,X_LEG_3,-0.03,24.85,16.45,1,1599,1686,NW
1176005.415,X_LEG_3,-0.03,24.85,16.45,1,1599,1686,NW
1176005.436,X_LEG_3,-0.03,24.85,16.45,1,1599,1686,NW
1176005.457,X_LEG_3,-0.03,24.85,16.45,1,1599,1686,NW
1176005.477,X_LEG_3,-0.03,24.85,16.45,1,1599,1686,NW
1176005.498,X_LEG_3,-0.03,24.85,16.45,1,1599,1686,NW
1176005.519,X_LEG_3,-0.03,24.85,16.45,1,1599,1686,NW
1176005.539,X_LEG_3,-0.03,24.85,16.45,1,1599,1686,NW
1176005.560,X_LEG_3,-0.03,24.85,16.45,1,1599,1686,NW
1176005.580,X_LEG_3,-0.03,24.85,16.45,1,1599,1686,NW
1176005.600,X_LEG_3,-0.03,24.85,16.45,1,1599,1686,NW
1176005.620,X_LEG_3,-0.03,24.85,16.45,1,1599,1686,NW
1176005.641,X_LEG_3,-0.03,24.85,16.45,1,1599,1686,NW
1176005.661,X_LEG_3,-0.03,24.85,16.45,1,1599,1686,NW
1176005.682,X_LEG_3,-0.03,24.85,16.45,1,1599,1686,NW
1176005.703,X_LEG_3,-0.03,24.85,16.45,1,1599,1686,NW
1176005.723,X_LEG_3,-0.03,24.85,16.45,1,1599,1686,NW
1176005.744,X_LEG_3,-0.03,24.85,16.45,1,1599,1686,NW
1176005.764,X_LEG_3,-0.03,24.85,16.45,1,1599,1686,NW
1176005.784,X_LEG_3,-0.03,24.85,16.45,1,1599,1686,NW
1176005.805,X_LEG_3,-0.03,24.85,16.45,1,1599,1686,NW
1176005.825,X_LEG_3,-0.03,24.85,16.45,1,1599,1686,NW
1176005.846,X_LEG_3,-0.03,24.85,16.45,1,1599,1686,NW
1176005.866,X_LEG_3,-0.03,24.85,16.45,1,1599,1686,NW
1176005.886,X_LEG_3,-0.03,24.85,16.45,1,1599,1686,NW
1176005.907,X_LEG_3,-0.03,24.85,16.45,1,1599,1686,NW
1176005.927,X_LEG_3,-0.03,24.85,16.45,1,1599,1686,NW
1176005.948,X_LEG_3,-0.03,24.85,16.45,1,1599,1686,NW
1176005.969,X_LEG_3,-0.03,24.85,16.45,1,1599,1686,NW
1176005.989,X_LEG_3,-0.03,24.85,16.45,1,1599,1686,NW
1176006.010,X_LEG_3,-0.03,24.85,16.45,1,1599,1686,NW
1176006.031,X_LEG_3,-0.03,24.85,16.45,1,1599,1686,NW
1176006.051,X_LEG_3,-0.03,24.85,16.45,1,1599,1686,NW
1176006.072,X_LEG_3,-0.03,24.85,16.45,1,1599,1686,NW
1176006.093,X_LEG_3,-0.03,24.85,16.45,1,1599,1686,NW
1176006.113,X_LEG_3,-0.03,24.85,16.45,1,1599,1686,NW
1176006.134,X_LEG_3,-0.03,24.85,16.45,1,1599,1686,NW
1176006.154,X_LEG_3,-0.03,24.85,16.45,1,1599,1686,NW
1176006.175,X_LEG_3,-0.03,24.85,16.45,1,1599,1686,NW
1176006.195,X_LEG_3,-0.03,24.85,16.45,1,1599,1686,NW
1176006.216,X_LEG_3,-0.03,24.85,16.45,1,1599,1686,NW
1176006.236,X_LEG_3,-0.03,24.85,16.45,1,1599,1686,NW
1176006.257,X_LEG_3,-0.03,24.85,16.45,1,1599,1686,NW
1176006.277,X_LEG_3,-0.03,24.85,16.45,1,1599,1686,NW
1176006.298,X_LEG_3,-0.03,24.85,16.45,1,1599,1686,NW
1176006.318,X_LEG_3,-0.03,24.85,16.45,1,1599,1686,NW
1176006.339,X_LEG_3,-0.03,24.85,16.45,1,1599,1686,NW
1176006.360,X_LEG_3,-0.03,24.85,16.45,1,1599,1686,NW
1176006.380,X_LEG_3,-0.03,24.85,16.45,1,1599,1686,NW
1176006.400,X_LEG_3,-0.03,24.85,16.45,1,1599,1686,NW
1176006.422,X_LEG_3,-0.03,24.85,16.45,1,1599,1686,NW
1176006.442,X_LEG_3,-0.03,24.85,16.45,1,1599,1686,NW
1176006.462,X_LEG_3,-0.03,24.85,16.45,1,1599,1686,NW
1176006.483,X_LEG_3,-0.03,24.85,16.45,1,1599,1686,NW
1176006.503,X_LEG_3,-0.03,24.85,16.45,1,1599,1686,NW
1176006.524,X_LEG_3,-0.03,24.85,16.45,1,1599,1686,NW
1176006.544,X_LEG_3,-0.03,24.85,16.45,1,1599,1686,NW
1176006.565,X_LEG_3,-0.03,24.85,16.45,1,1599,1686,NW
1176006.585,X_LEG_3,-0.03,24.85,16.45,1,1599,1686,NW
1176006.605,X_LEG_3,-0.03,24.85,16.45,1,1599,1686,NW
1176006.626,X_LEG_3,-0.03,24.85,16.45,1,1599,1686,NW
1176006.646,X_LEG_3,-0.03,24.85,16.45,1,1599,1686,NW
1176006.667,X_LEG_3,-0.03,24.85,16.45,1,1599,1686,NW
1176006.688,X_LEG_3,-0.03,24.85,16.45,1,1599,1686,NW
1176006.709,X_LEG_3,-0.03,24.85,16.45,1,1599,1686,NW
1176006.729,X_LEG_3,-0.03,24.85,16.45,1,1599,1686,NW
1176006.751,X_LEG_3,-0.03,24.85,16.45,1,1599,1686,NW
1176006.771,X_LEG_3,-0.03,24.85,16.45,1,1599,1686,NW
1176006.791,X_LEG_3,-0.03,24.85,16.45,1,1599,1686,NW
1176006.813,X_LEG_3,-0.03,24.85,16.45,1,1599,1686,NW
1176006.833,X_LEG_3,-0.03,24.85,16.45,1,1599,1686,NW
1176006.854,X_LEG_3,-0.03,24.85,16.45,1,1599,1686,NW
1176006.874,X_LEG_3,-0.03,24.85,16.45,1,1599,1686,NW
1176006.895,X_LEG_3,-0.03,24.85,16.45,1,1599,1686,NW
1176006.915,X_LEG_3,-0.03,24.85,16.45,1,1599,1686,NW
1176006.936,X_LEG_3,-0.03,24.85,16.45,1,1599,1686,NW
1176006.956,X_LEG_3,-0.03,24.85,16.45,1,1599,1686,NW
1176006.977,X_LEG_3,-0.03,24.85,16.45,1,1599,1686,NW
1176006.997,X_LEG_3,-0.03,24.85,16.45,1,1599,1686,NW
1176007.018,X_LEG_3,-0.03,24.85,16.45,1,1599,1686,NW
1176007.038,X_LEG_3,-0.03,24.85,16.45,1,1599,1686,NW
1176007.059,X_LEG_3,-0.03,24.85,16.45,1,1599,1686,NW
1176007.079,X_LEG_3,-0.03,24.85,16.45,1,1599,1686,NW
1176007.100,X_LEG_3,-0.03,24.85,16.45,1,1599,1686,NW
1176007.120,X_LEG_3,-0.03,24.85,16.45,1,1599,1686,NW
1176007.142,X_LEG_3,-0.03,24.85,16.45,1,1599,1686,NW
1176007.162,X_LEG_3,-0.03,24.85,16.45,1,1599,1686,NW
1176007.182,X_LEG_3,-0.03,24.85,16.45,1,1599,1686,NW
1176007.203,X_LEG_3,-0.03,24.85,16.45,1,1599,1686,NW
1176007.223,X_LEG_3,-0.03,24.85,16.45,1,1599,1686,NW
1176007.243,X_LEG_3,-0.03,24.85,16.45,1,1599,1686,NW
1176007.264,X_LEG_3,-0.03,24.85,16.45,1,1599,1686,NW
1176007.284,X_LEG_3,-0.03,24.85,16.45,1,1599,1686,NW
1176007.305,X_LEG_3,-0.03,24.85,16.45,1,1599,1686,NW
1176007.325,X_LEG_3,-0.03,24.85,16.45,1,1599,1686,NW
1176007.346,X_LEG_3,-0.03,24.85,16.45,1,1599,1686,NW
1176007.366,X_LEG_3,-0.03,24.85,16.45,1,1599,1686,NW
1176007.387,X_LEG_3,-0.03,24.85,16.45,1,1599,1686,NW
1176007.408,X_LEG_3,-0.03,24.85,16.45,1,1599,1686,NW
1176007.429,X_LEG_3,-0.03,24.85,16.45,1,1599,1686,NW
1176007.449,X_LEG_3,-0.03,24.85,16.45,1,1599,1686,NW
1176007.470,X_LEG_3,-0.03,24.85,16.45,1,1599,1686,NW
1176007.491,X_LEG_3,-0.03,24.85,16.45,1,1599,1686,NW
1176007.511,X_LEG_3,-0.03,24.85,16.45,1,1599,1686,NW
1176007.531,X_LEG_3,-0.03,24.85,16.45,1,1599,1686,NW
1176007.552,X_LEG_3,-0.03,24.85,16.45,1,1599,1686,NW
1176007.572,X_LEG_3,-0.03,24.85,16.45,1,1599,1686,NW
1176007.593,X_LEG_3,-0.03,24.85,16.45,1,1599,1686,NW
1176007.613,X_LEG_3,-0.03,24.85,16.45,1,1599,1686,NW
1176007.634,X_LEG_3,-0.03,24.85,16.45,1,1599,1686,NW
1176007.654,X_LEG_3,-0.03,24.85,16.45,1,1599,1686,NW
1176007.674,X_LEG_3,-0.03,24.85,16.45,1,1599,1686,NW
1176007.695,X_LEG_3,-0.03,24.85,16.45,1,1599,1686,NW
1176007.716,X_LEG_3,-0.03,24.85,16.45,1,1599,1686,NW
1176007.737,X_LEG_3,-0.03,24.85,16.45,1,1599,1686,NW
1176007.757,X_LEG_3,-0.03,24.85,16.45,1,1599,1686,NW
1176007.777,X_LEG_3,-0.03,24.85,16.45,1,1599,1686,NW
1176007.798,X_LEG_3,-0.03,24.85,16.45,1,1599,1686,NW
1176007.818,X_LEG_3,-0.03,24.85,16.45,1,1599,1686,NW
1176007.839,X_LEG_3,-0.03,24.85,16.45,1,1599,1686,NW
1176007.859,X_LEG_3,-0.03,24.85,16.45,1,1599,1686,NW
1176007.880,X_LEG_3,-0.03,24.85,16.45,1,1599,1686,NW
1176007.900,X_LEG_3,-0.03,24.85,16.45,1,1599,1686,NW
1176007.921,X_LEG_3,-0.03,24.85,16.45,1,1599,1686,NW
1176007.941,X_LEG_3,-0.03,24.85,16.45,1,1599,1686,NW
1176007.962,X_LEG_3,-0.03,24.85,16.45,1,1599,1686,NW
1176007.982,X_LEG_3,-0.03,24.85,16.45,1,1599,1686,NW
1176008.003,X_LEG_3,-0.03,24.85,16.45,1,1599,1686,NW
1176008.023,X_LEG_3,-0.03,24.85,16.45,1,1599,1686,NW
1176008.043,X_LEG_3,-0.03,24.85,16.45,1,1599,1686,NW
1176008.064,X_LEG_3,-0.03,24.85,16.45,1,1599,1686,NW
1176008.085,X_LEG_3,-0.03,24.85,16.45,1,1599,1686,NW
1176008.105,X_LEG_3,-0.03,24.85,16.45,1,1599,1686,NW
1176008.126,X_LEG_3,-0.03,24.85,16.45,1,1599,1686,NW
1176008.146,X_LEG_3,-0.03,24.85,16.45,1,1599,1686,NW
1176008.166,X_LEG_3,-0.03,24.85,16.45,1,1599,1686,NW
1176008.187,X_LEG_3,-0.03,24.85,16.45,1,1599,1686,NW
1176008.207,X_LEG_3,-0.03,24.85,16.45,1,1599,1686,NW
1176008.228,X_LEG_3,-0.03,24.85,16.45,1,1599,1686,NW
1176008.249,X_LEG_3,-0.03,24.85,16.45,1,1599,1686,NW
1176008.269,X_LEG_3,-0.03,24.85,16.45,1,1599,1686,NW
1176008.289,X_LEG_3,-0.03,24.85,16.45,1,1599,1686,NW
1176008.310,X_LEG_3,-0.03,24.85,16.45,1,1599,1686,NW
1176008.330,X_LEG_3,-0.03,24.85,16.45,1,1599,1686,NW
1176008.351,X_LEG_3,-0.03,24.85,16.45,1,1599,1686,NW
1176008.371,X_LEG_3,-0.03,24.85,16.45,1,1599,1686,NW
1176008.393,X_LEG_3,-0.03,24.85,16.45,1,1599,1686,NW
1176008.414,X_LEG_3,-0.03,24.85,16.45,1,1599,1686,NW
1176008.434,X_LEG_3,-0.03,24.85,16.45,1,1599,1686,NW
1176008.455,X_LEG_3,-0.03,24.85,16.45,1,1599,1686,NW
1176008.475,X_LEG_3,-0.03,24.85,16.45,1,1599,1686,NW
1176008.496,X_LEG_3,-0.03,24.85,16.45,1,1599,1686,NW
1176008.516,X_LEG_3,-0.03,24.85,16.45,1,1599,1686,NW
1176008.537,X_LEG_3,-0.03,24.85,16.45,1,1599,1686,NW
1176008.557,X_LEG_3,-0.03,24.85,16.45,1,1599,1686,NW
1176008.578,X_LEG_3,-0.03,24.85,16.45,1,1599,1686,NW
1176008.598,X_LEG_3,-0.03,24.85,16.45,1,1599,1686,NW
1176008.618,X_LEG_3,-0.03,24.85,16.45,1,1599,1686,NW
1176008.638,X_LEG_3,-0.03,24.85,16.45,1,1599,1686,NW
1176008.659,X_LEG_3,-0.03,24.85,16.45,1,1599,1686,NW
1176008.680,X_LEG_3,-0.03,24.85,16.45,1,1599,1686,NW
1176008.700,X_LEG_3,-0.03,24.85,16.45,1,1599,1686,NW
1176008.721,X_LEG_3,-0.03,24.85,16.45,1,1599,1686,NW
1176008.741,X_LEG_3,-0.03,24.85,16.45,1,1599,1686,NW
1176008.761,X_LEG_3,-0.03,24.85,16.45,1,1599,1686,NW
1176008.782,X_LEG_3,-0.03,24.85,16.45,1,1599,1686,NW
1176008.802,X_LEG_3,-0.03,24.85,16.45,1,1599,1686,NW
1176008.823,X_LEG_3,-0.03,24.85,16.45,1,1599,1686,NW
1176008.843,X_LEG_3,-0.03,24.85,16.45,1,1599,1686,NW
1176008.864,X_LEG_3,-0.03,24.85,16.45,1,1599,1686,NW
1176008.884,X_LEG_3,-0.03,24.85,16.45,1,1599,1686,NW
1176008.905,X_LEG_3,-0.03,24.85,16.45,1,1599,1686,NW
1176008.925,X_LEG_3,-0.03,24.85,16.45,1,1599,1686,NW
1176008.945,X_LEG_3,-0.03,24.85,16.45,1,1599,1686,NW
1176008.966,X_LEG_3,-0.03,24.85,16.45,1,1599,1686,NW
1176008.987,X_LEG_3,-0.03,24.85,16.45,1,1599,1686,NW
1176009.007,X_LEG_3,-0.03,24.85,16.45,1,1599,1686,NW
1176009.028,X_LEG_3,-0.03,24.85,16.45,1,1599,1686,NW
1176009.049,X_LEG_3,-0.03,24.85,16.45,1,1599,1686,NW
1176009.070,X_LEG_3,-0.03,24.85,16.45,1,1599,1686,NW
1176009.090,X_LEG_3,-0.03,24.85,16.45,1,1599,1686,NW
1176009.111,X_LEG_3,-0.03,24.85,16.45,1,1599,1686,NW
1176009.131,X_LEG_3,-0.03,24.85,16.45,1,1599,1686,NW
1176009.152,X_LEG_3,-0.03,24.85,16.45,1,1599,1686,NW
1176009.172,X_LEG_3,-0.03,24.85,16.45,1,1599,1686,NW
1176009.193,X_LEG_3,-0.03,24.85,16.45,1,1599,1686,NW
1176009.213,X_LEG_3,-0.03,24.85,16.45,1,1599,1686,NW
1176009.234,X_LEG_3,-0.03,24.85,16.45,1,1599,1686,NW
1176009.254,X_LEG_3,-0.03,24.85,16.45,1,1599,1686,NW
1176009.275,X_LEG_3,-0.03,24.85,16.45,1,1599,1686,NW
1176009.295,X_LEG_3,-0.03,24.85,16.45,1,1599,1686,NW
1176009.315,X_LEG_3,-0.03,24.85,16.45,1,1599,1686,NW
1176009.336,X_LEG_3,-0.03,24.85,16.45,1,1599,1686,NW
1176009.356,X_LEG_3,-0.03,24.85,16.45,1,1599,1686,NW
1176009.376,X_LEG_3,-0.03,24.85,16.45,1,1599,1686,NW
1176009.397,X_LEG_3,-0.03,24.85,16.45,1,1599,1686,NW
1176009.417,X_LEG_3,-0.03,24.85,16.45,1,1599,1686,NW
1176009.438,X_LEG_3,-0.03,24.85,16.45,1,1599,1686,NW
1176009.458,X_LEG_3,-0.03,24.85,16.45,1,1599,1686,NW
1176009.479,X_LEG_3,-0.03,24.85,16.45,1,1599,1686,NW
1176009.499,X_LEG_3,-0.03,24.85,16.45,1,1599,1686,NW
1176009.520,X_LEG_3,-0.03,24.85,16.45,1,1599,1686,NW
1176009.540,X_LEG_3,-0.03,24.85,16.45,1,1599,1686,NW
1176009.561,X_LEG_3,-0.03,24.85,16.45,1,1599,1686,NW
1176009.581,X_LEG_3,-0.03,24.85,16.45,1,1599,1686,NW
1176009.602,X_LEG_3,-0.03,24.85,16.45,1,1599,1686,NW
1176009.622,X_LEG_3,-0.03,24.85,16.45,1,1599,1686,NW
1176009.643,X_LEG_3,-0.03,24.85,16.45,1,1599,1686,NW
1176009.663,X_LEG_3,-0.03,24.85,16.45,1,1599,1686,NW
1176009.683,X_LEG_3,-0.03,24.85,16.45,1,1599,1686,NW
1176009.704,X_LEG_3,-0.03,24.85,16.45,1,1599,1686,NW
1176009.724,X_LEG_3,-0.03,24.85,16.45,1,1599,1686,NW
1176009.745,X_LEG_3,-0.03,24.85,16.45,1,1599,1686,NW
1176009.765,X_LEG_3,-0.03,24.85,16.45,1,1599,1686,NW
1176009.786,X_LEG_3,-0.03,24.85,16.45,1,1599,1686,NW
1176009.806,X_LEG_3,-0.03,24.85,16.45,1,1599,1686,NW
1176009.826,X_LEG_3,-0.03,24.85,16.45,1,1599,1686,NW
1176009.846,X_LEG_3,-0.03,24.85,16.45,1,1599,1686,NW
1176009.867,X_LEG_3,-0.03,24.85,16.45,1,1599,1686,NW
1176009.887,X_LEG_3,-0.03,24.85,16.45,1,1599,1686,NW
1176009.908,X_LEG_3,-0.03,24.85,16.45,1,1599,1686,NW
1176009.928,X_LEG_3,-0.03,24.85,16.45,1,1599,1686,NW
1176009.948,X_LEG_3,-0.03,24.85,16.45,1,1599,1686,NW
1176009.971,X_LEG_3,-0.03,24.85,16.45,1,1599,1686,NW
1176009.997,X_LEG_3,-0.03,24.85,16.45,1,1599,1686,NW
1176010.017,X_LEG_3,-0.03,24.85,16.45,1,1599,1686,NW
1176010.038,X_LEG_3,-0.03,24.85,16.45,1,1599,1686,NW
1176010.058,X_LEG_3,-0.03,24.85,16.45,1,1599,1686,NW
1176010.079,X_LEG_3,-0.03,24.85,16.45,1,1599,1686,NW
1176010.100,X_LEG_3,-0.03,24.85,16.45,1,1599,1686,NW
1176010.120,X_LEG_3,-0.03,24.85,16.45,1,1599,1686,NW
1176010.140,X_LEG_3,-0.03,24.85,16.45,1,1599,1686,NW
1176010.161,X_LEG_3,-0.03,24.85,16.45,1,1599,1686,NW
1176010.182,X_LEG_3,-0.03,24.85,16.45,1,1599,1686,NW
1176010.203,X_LEG_3,-0.03,24.85,16.45,1,1599,1686,NW
1176010.224,X_LEG_3,-0.03,24.85,16.45,1,1599,1686,NW
1176010.244,X_LEG_3,-0.03,24.85,16.45,1,1599,1686,NW
1176010.265,X_LEG_3,-0.03,24.85,16.45,1,1599,1686,NW
1176010.286,X_LEG_3,-0.03,24.85,16.45,1,1599,1686,NW
1176010.307,X_LEG_3,-0.03,24.85,16.45,1,1599,1686,NW
1176010.327,X_LEG_3,-0.03,24.85,16.45,1,1599,1686,NW
1176010.347,X_LEG_3,-0.03,24.85,16.45,1,1599,1686,NW
1176010.367,X_LEG_3,-0.03,24.85,16.45,1,1599,1686,NW
1176010.388,X_LEG_3,-0.03,24.85,16.45,1,1599,1686,NW
1176010.408,X_LEG_3,-0.03,24.85,16.45,1,1599,1686,NW
1176010.429,X_LEG_3,-0.03,24.85,16.45,1,1599,1686,NW
1176010.449,X_LEG_3,-0.03,24.85,16.45,1,1599,1686,NW
1176010.470,X_LEG_3,-0.03,24.85,16.45,1,1599,1686,NW
1176010.491,X_LEG_3,-0.03,24.85,16.45,1,1599,1686,NW
1176010.511,X_LEG_3,-0.03,24.85,16.45,1,1599,1686,NW
1176010.531,X_LEG_3,-0.03,24.85,16.45,1,1599,1686,NW
1176010.552,X_LEG_3,-0.03,24.85,16.45,1,1599,1686,NW
1176010.573,X_LEG_3,-0.03,24.85,16.45,1,1599,1686,NW
1176010.593,X_LEG_3,-0.03,24.85,16.45,1,1599,1686,NW
1176010.614,X_LEG_3,-0.03,24.85,16.45,1,1599,1686,NW
1176010.634,X_LEG_3,-0.03,24.85,16.45,1,1599,1686,NW
1176010.655,X_LEG_3,-0.03,24.85,16.45,1,1599,1686,NW
1176010.675,X_LEG_3,-0.03,24.85,16.45,1,1599,1686,NW
1176010.695,X_LEG_3,-0.03,24.85,16.45,1,1599,1686,NW
1176010.716,X_LEG_3,-0.03,24.85,16.45,1,1599,1686,NW
1176010.736,X_LEG_3,-0.03,24.85,16.45,1,1599,1686,NW
1176010.757,X_LEG_3,-0.03,24.85,16.45,1,1599,1686,NW
1176010.777,X_LEG_3,-0.03,24.85,16.45,1,1599,1686,NW
1176010.798,X_LEG_3,-0.03,24.85,16.45,1,1599,1686,NW
1176010.819,X_LEG_3,-0.03,24.85,16.45,1,1599,1686,NW
1176010.839,X_LEG_3,-0.03,24.85,16.45,1,1599,1686,NW
1176010.860,X_LEG_3,-0.03,24.85,16.45,1,1599,1686,NW
1176010.881,X_LEG_3,-0.03,24.85,16.45,1,1599,1686,NW
1176010.902,X_LEG_3,-0.03,24.85,16.45,1,1599,1686,NW
1176010.922,X_LEG_3,-0.03,24.85,16.45,1,1599,1686,NW
1176010.944,X_LEG_3,-0.03,24.85,16.45,1,1599,1686,NW
1176010.964,X_LEG_3,-0.03,24.85,16.45,1,1599,1686,NW
1176010.985,X_LEG_3,-0.03,24.85,16.45,1,1599,1686,NW
1176011.006,X_LEG_3,-0.03,24.85,16.45,1,1599,1686,NW
1176011.027,X_LEG_3,-0.03,24.85,16.45,1,1599,1686,NW
1176011.047,X_LEG_3,-0.03,24.85,16.45,1,1599,1686,NW
1176011.068,X_LEG_3,-0.03,24.85,16.45,1,1599,1686,NW
1176011.089,X_LEG_3,-0.03,24.85,16.45,1,1599,1686,NW
1176011.109,X_LEG_3,-0.03,24.85,16.45,1,1599,1686,NW
1176011.131,X_LEG_3,-0.03,24.85,16.45,1,1599,1686,NW
1176011.151,X_LEG_3,-0.03,24.85,16.45,1,1599,1686,NW
1176011.171,X_LEG_3,-0.03,24.85,16.45,1,1599,1686,NW
1176011.192,X_LEG_3,-0.03,24.85,16.45,1,1599,1686,NW
1176011.212,X_LEG_3,-0.03,24.85,16.45,1,1599,1686,NW
1176011.232,X_LEG_3,-0.03,24.85,16.45,1,1599,1686,NW
1176011.253,X_LEG_3,-0.03,24.85,16.45,1,1599,1686,NW
1176011.273,X_LEG_3,-0.03,24.85,16.45,1,1599,1686,NW
1176011.294,X_LEG_3,-0.03,24.85,16.45,1,1599,1686,NW
1176011.314,X_LEG_3,-0.03,24.85,16.45,1,1599,1686,NW
1176011.334,X_LEG_3,-0.03,24.85,16.45,1,1599,1686,NW
1176011.354,X_LEG_3,-0.03,24.85,16.45,1,1599,1686,NW
1176011.375,X_LEG_3,-0.03,24.85,16.45,1,1599,1686,NW
1176011.396,X_LEG_3,-0.03,24.85,16.45,1,1599,1686,NW
1176011.416,X_LEG_3,-0.03,24.85,16.45,1,1599,1686,NW
1176011.437,X_LEG_3,-0.03,24.85,16.45,1,1599,1686,NW
1176011.457,X_LEG_3,-0.03,24.85,16.45,1,1599,1686,NW
1176011.478,X_LEG_3,-0.03,24.85,16.45,1,1599,1686,NW
1176011.498,X_LEG_3,-0.03,24.85,16.45,1,1599,1686,NW
1176011.518,X_LEG_3,-0.03,24.85,16.45,1,1599,1686,NW
1176011.539,X_LEG_3,-0.03,24.85,16.45,1,1599,1686,NW
1176011.559,X_LEG_3,-0.03,24.85,16.45,1,1599,1686,NW
1176011.580,X_LEG_3,-0.03,24.85,16.45,1,1599,1686,NW
1176011.601,X_LEG_3,-0.03,24.85,16.45,1,1599,1686,NW
1176011.621,X_LEG_3,-0.03,24.85,16.45,1,1599,1686,NW
1176011.642,X_LEG_3,-0.03,24.85,16.45,1,1599,1686,NW
1176011.662,X_LEG_3,-0.03,24.85,16.45,1,1599,1686,NW
1176011.682,X_LEG_3,-0.03,24.85,16.45,1,1599,1686,NW
1176011.703,X_LEG_3,-0.03,24.85,16.45,1,1599,1686,NW
1176011.724,X_LEG_3,-0.03,24.85,16.45,1,1599,1686,NW
1176011.744,X_LEG_3,-0.03,24.85,16.45,1,1599,1686,NW
1176011.764,X_LEG_3,-0.03,24.85,16.45,1,1599,1686,NW
1176011.785,X_LEG_3,-0.03,24.85,16.45,1,1599,1686,NW
1176011.805,X_LEG_3,-0.03,24.85,16.45,1,1599,1686,NW
1176011.826,X_LEG_3,-0.03,24.85,16.45,1,1599,1686,NW
1176011.846,X_LEG_3,-0.03,24.85,16.45,1,1599,1686,NW
1176011.867,X_LEG_3,-0.03,24.85,16.45,1,1599,1686,NW
1176011.888,X_LEG_3,-0.03,24.85,16.45,1,1599,1686,NW
1176011.908,X_LEG_3,-0.03,24.85,16.45,1,1599,1686,NW
1176011.929,X_LEG_3,-0.03,24.85,16.45,1,1599,1686,NW
1176011.950,X_LEG_3,-0.03,24.85,16.45,1,1599,1686,NW
1176011.971,X_LEG_3,-0.03,24.85,16.45,1,1599,1686,NW
1176011.992,X_LEG_3,-0.03,24.85,16.45,1,1599,1686,NW
1176012.012,X_LEG_3,-0.03,24.85,16.45,1,1599,1686,NW
1176012.033,X_LEG_3,-0.03,24.85,16.45,1,1599,1686,NW
1176012.055,X_LEG_3,-0.03,24.85,16.45,1,1599,1686,NW
1176012.075,X_LEG_3,-0.03,24.85,16.45,1,1599,1686,NW
1176012.096,X_LEG_3,-0.03,24.85,16.45,1,1599,1686,NW
1176012.117,X_LEG_3,-0.03,24.85,16.45,1,1599,1686,NW
1176012.137,X_LEG_3,-0.03,24.85,16.45,1,1599,1686,NW
1176012.157,X_LEG_3,-0.03,24.85,16.45,1,1599,1686,NW
1176012.178,X_LEG_3,-0.03,24.85,16.45,1,1599,1686,NW
1176012.198,X_LEG_3,-0.03,24.85,16.45,1,1599,1686,NW
1176012.219,X_LEG_3,-0.03,24.85,16.45,1,1599,1686,NW
1176012.239,X_LEG_3,-0.03,24.85,16.45,1,1599,1686,NW
1176012.260,X_LEG_3,-0.03,24.85,16.45,1,1599,1686,NW
1176012.280,X_LEG_3,-0.03,24.85,16.45,1,1599,1686,NW
1176012.301,X_LEG_3,-0.03,24.85,16.45,1,1599,1686,NW
1176012.321,X_LEG_3,-0.03,24.85,16.45,1,1599,1686,NW
1176012.341,X_LEG_3,-0.03,24.85,16.45,1,1599,1686,NW
1176012.361,X_LEG_3,-0.03,24.85,16.45,1,1599,1686,NW
1176012.383,X_LEG_3,-0.03,24.85,16.45,1,1599,1686,NW
1176012.403,X_LEG_3,-0.03,24.85,16.45,1,1599,1686,NW
1176012.424,X_LEG_3,-0.03,24.85,16.45,1,1599,1686,NW
1176012.444,X_LEG_3,-0.03,24.85,16.45,1,1599,1686,NW
1176012.464,X_LEG_3,-0.03,24.85,16.45,1,1599,1686,NW
1176012.485,X_LEG_3,-0.03,24.85,16.45,1,1599,1686,NW
1176012.505,X_LEG_3,-0.03,24.85,16.45,1,1599,1686,NW
1176012.526,X_LEG_3,-0.03,24.85,16.45,1,1599,1686,NW
1176012.546,X_LEG_3,-0.03,24.85,16.45,1,1599,1686,NW
1176012.567,X_LEG_3,-0.03,24.85,16.45,1,1599,1686,NW
1176012.587,X_LEG_3,-0.03,24.85,16.45,1,1599,1686,NW
1176012.608,X_LEG_3,-0.03,24.85,16.45,1,1599,1686,NW
1176012.629,X_LEG_3,-0.03,24.85,16.45,1,1599,1686,NW
1176012.650,X_LEG_3,-0.03,24.85,16.45,1,1599,1686,NW
1176012.670,X_LEG_3,-0.03,24.85,16.45,1,1599,1686,NW
1176012.691,X_LEG_3,-0.03,24.85,16.45,1,1599,1686,NW
1176012.711,X_LEG_3,-0.03,24.85,16.45,1,1599,1686,NW
1176012.731,X_LEG_3,-0.03,24.85,16.45,1,1599,1686,NW
1176012.752,X_LEG_3,-0.03,24.85,16.45,1,1599,1686,NW
1176012.772,X_LEG_3,-0.03,24.85,16.45,1,1599,1686,NW
1176012.793,X_LEG_3,-0.03,24.85,16.45,1,1599,1686,NW
1176012.813,X_LEG_3,-0.03,24.85,16.45,1,1599,1686,NW
1176012.834,X_LEG_3,-0.03,24.85,16.45,1,1599,1686,NW
1176012.854,X_LEG_3,-0.03,24.85,16.45,1,1599,1686,NW
1176012.875,X_LEG_3,-0.03,24.85,16.45,1,1599,1686,NW
1176012.895,X_LEG_3,-0.03,24.85,16.45,1,1599,1686,NW
1176012.917,X_LEG_3,-0.03,24.85,16.45,1,1599,1686,NW
1176012.938,X_LEG_3,-0.03,24.85,16.45,1,1599,1686,NW
1176012.958,X_LEG_3,-0.03,24.85,16.45,1,1599,1686,NW
1176012.980,X_LEG_3,-0.03,24.85,16.45,1,1599,1686,NW
1176013.000,X_LEG_3,-0.03,24.85,16.45,1,1599,1686,NW
1176013.020,X_LEG_3,-0.03,24.85,16.45,1,1599,1686,NW
1176013.042,X_LEG_3,-0.03,24.85,16.45,1,1599,1686,NW
1176013.062,X_LEG_3,-0.03,24.85,16.45,1,1599,1686,NW
1176013.082,X_LEG_3,-0.03,24.85,16.45,1,1599,1686,NW
1176013.103,X_LEG_3,-0.03,24.85,16.45,1,1599,1686,NW
1176013.124,X_LEG_3,-0.03,24.85,16.45,1,1599,1686,NW
1176013.144,X_LEG_3,-0.03,24.85,16.45,1,1599,1686,NW
1176013.165,X_LEG_3,-0.03,24.85,16.45,1,1599,1686,NW
1176013.185,X_LEG_3,-0.03,24.85,16.45,1,1599,1686,NW
1176013.206,X_LEG_3,-0.03,24.85,16.45,1,1599,1686,NW
1176013.226,X_LEG_3,-0.03,24.85,16.45,1,1599,1686,NW
1176013.248,X_LEG_3,-0.03,24.85,16.45,1,1599,1686,NW
1176013.268,X_LEG_3,-0.03,24.85,16.45,1,1599,1686,NW
1176013.289,X_LEG_3,-0.03,24.85,16.45,1,1599,1686,NW
1176013.310,X_LEG_3,-0.03,24.85,16.45,1,1599,1686,NW
1176013.330,X_LEG_3,-0.03,24.85,16.45,1,1599,1686,NW
1176013.350,X_LEG_3,-0.03,24.85,16.45,1,1599,1686,NW
1176013.371,X_LEG_3,-0.03,24.85,16.45,1,1599,1686,NW
1176013.391,X_LEG_3,-0.03,24.85,16.45,1,1599,1686,NW
1176013.411,X_LEG_3,-0.03,24.85,16.45,1,1599,1686,NW
1176013.432,X_LEG_3,-0.03,24.85,16.45,1,1599,1686,NW
1176013.452,X_LEG_3,-0.03,24.85,16.45,1,1599,1686,NW
1176013.473,X_LEG_3,-0.03,24.85,16.45,1,1599,1686,NW
1176013.495,X_LEG_3,-0.03,24.85,16.45,1,1599,1686,NW
1176013.516,X_LEG_3,-0.03,24.85,16.45,1,1599,1686,NW
1176013.536,X_LEG_3,-0.03,24.85,16.45,1,1599,1686,NW
1176013.557,X_LEG_3,-0.03,24.85,16.45,1,1599,1686,NW
1176013.578,X_LEG_3,-0.03,24.85,16.45,1,1599,1686,NW
1176013.598,X_LEG_3,-0.03,24.85,16.45,1,1599,1686,NW
1176013.619,X_LEG_3,-0.03,24.85,16.45,1,1599,1686,NW
1176013.639,X_LEG_3,-0.03,24.85,16.45,1,1599,1686,NW
1176013.659,X_LEG_3,-0.03,24.85,16.45,1,1599,1686,NW
1176013.680,X_LEG_3,-0.03,24.85,16.45,1,1599,1686,NW
1176013.700,X_LEG_3,-0.03,24.85,16.45,1,1599,1686,NW
1176013.721,X_LEG_3,-0.03,24.85,16.45,1,1599,1686,NW
1176013.741,X_LEG_3,-0.03,24.85,16.45,1,1599,1686,NW
1176013.763,X_LEG_3,-0.03,24.85,16.45,1,1599,1686,NW
1176013.783,X_LEG_3,-0.03,24.85,16.45,1,1599,1686,NW
1176013.803,X_LEG_3,-0.03,24.85,16.45,1,1599,1686,NW
1176013.824,X_LEG_3,-0.03,24.85,16.45,1,1599,1686,NW
1176013.845,X_LEG_3,-0.03,24.85,16.45,1,1599,1686,NW
1176013.865,X_LEG_3,-0.03,24.85,16.45,1,1599,1686,NW
1176013.885,X_LEG_3,-0.03,24.85,16.45,1,1599,1686,NW
1176013.906,X_LEG_3,-0.03,24.85,16.45,1,1599,1686,NW
1176013.926,X_LEG_3,-0.03,24.85,16.45,1,1599,1686,NW
1176013.947,X_LEG_3,-0.03,24.85,16.45,1,1599,1686,NW
1176013.967,X_LEG_3,-0.03,24.85,16.45,1,1599,1686,NW
1176013.988,X_LEG_3,-0.03,24.85,16.45,1,1599,1686,NW
1176014.008,X_LEG_3,-0.03,24.85,16.45,1,1599,1686,NW
1176014.029,X_LEG_3,-0.03,24.85,16.45,1,1599,1686,NW
1176014.049,X_LEG_3,-0.03,24.85,16.45,1,1599,1686,NW
1176014.070,X_LEG_3,-0.03,24.85,16.45,1,1599,1686,NW
1176014.091,X_LEG_3,-0.03,24.85,16.45,1,1599,1686,NW
1176014.112,X_LEG_3,-0.03,24.85,16.45,1,1599,1686,NW
1176014.132,X_LEG_3,-0.03,24.85,16.45,1,1599,1686,NW
1176014.153,X_LEG_3,-0.03,24.85,16.45,1,1599,1686,NW
1176014.173,X_LEG_3,-0.03,24.85,16.45,1,1599,1686,NW
1176014.193,X_LEG_3,-0.03,24.85,16.45,1,1599,1686,NW
1176014.214,X_LEG_3,-0.03,24.85,16.45,1,1599,1686,NW
1176014.234,X_LEG_3,-0.03,24.85,16.45,1,1599,1686,NW
1176014.255,X_LEG_3,-0.03,24.85,16.45,1,1599,1686,NW
1176014.275,X_LEG_3,-0.03,24.85,16.45,1,1599,1686,NW
1176014.296,X_LEG_3,-0.03,24.85,16.45,1,1599,1686,NW
1176014.316,X_LEG_3,-0.03,24.85,16.45,1,1599,1686,NW
1176014.337,X_LEG_3,-0.03,24.85,16.45,1,1599,1686,NW
1176014.357,X_LEG_3,-0.03,24.85,16.45,1,1599,1686,NW
1176014.378,X_LEG_3,-0.03,24.85,16.45,1,1599,1686,NW
1176014.398,X_LEG_3,-0.03,24.85,16.45,1,1599,1686,NW
1176014.419,X_LEG_3,-0.03,24.85,16.45,1,1599,1686,NW
1176014.439,X_LEG_3,-0.03,24.85,16.45,1,1599,1686,NW
1176014.459,X_LEG_3,-0.03,24.85,16.45,1,1599,1686,NW
1176014.480,X_LEG_3,-0.03,24.85,16.45,1,1599,1686,NW
1176014.500,X_LEG_3,-0.03,24.85,16.45,1,1599,1686,NW
1176014.520,X_LEG_3,-0.03,24.85,16.45,1,1599,1686,NW
1176014.541,X_LEG_3,-0.03,24.85,16.45,1,1599,1686,NW
1176014.562,X_LEG_3,-0.03,24.85,16.45,1,1599,1686,NW
1176014.582,X_LEG_3,-0.03,24.85,16.45,1,1599,1686,NW
1176014.603,X_LEG_3,-0.03,24.85,16.45,1,1599,1686,NW
1176014.623,X_LEG_3,-0.03,24.85,16.45,1,1599,1686,NW
1176014.644,X_LEG_3,-0.03,24.85,16.45,1,1599,1686,NW
1176014.664,X_LEG_3,-0.03,24.85,16.45,1,1599,1686,NW
1176014.684,X_LEG_3,-0.03,24.85,16.45,1,1599,1686,NW
1176014.704,X_LEG_3,-0.03,24.85,16.45,1,1599,1686,NW
1176014.725,X_LEG_3,-0.03,24.85,16.45,1,1599,1686,NW
1176014.745,X_LEG_3,-0.03,24.85,16.45,1,1599,1686,NW
1176014.766,X_LEG_3,-0.03,24.85,16.45,1,1599,1686,NW
1176014.786,X_LEG_3,-0.03,24.85,16.45,1,1599,1686,NW
1176014.806,X_LEG_3,-0.03,24.85,16.45,1,1599,1686,NW
1176014.828,X_LEG_3,-0.03,24.85,16.45,1,1599,1686,NW
1176014.848,X_LEG_3,-0.03,24.85,16.45,1,1599,1686,NW
1176014.869,X_LEG_3,-0.03,24.85,16.45,1,1599,1686,NW
1176014.889,X_LEG_3,-0.03,24.85,16.45,1,1599,1686,NW
1176014.910,X_LEG_3,-0.03,24.85,16.45,1,1599,1686,NW
1176014.930,X_LEG_3,-0.03,24.85,16.45,1,1599,1686,NW
1176014.950,X_LEG_3,-0.03,24.85,16.45,1,1599,1686,NW
1176014.970,X_LEG_3,-0.03,24.85,16.45,1,1599,1686,NW
1176014.991,X_LEG_3,-0.03,24.85,16.45,1,1599,1686,NW
1176015.011,X_LEG_3,-0.03,24.85,16.45,1,1599,1686,NW
1176015.032,X_LEG_3,-0.03,24.85,16.45,1,1599,1686,NW
1176015.052,X_LEG_3,-0.03,24.85,16.45,1,1599,1686,NW
1176015.073,X_LEG_3,-0.03,24.85,16.45,1,1599,1686,NW
1176015.094,X_LEG_3,-0.03,24.85,16.45,1,1599,1686,NW
1176015.114,X_LEG_3,-0.03,24.85,16.45,1,1599,1686,NW
1176015.135,X_LEG_3,-0.03,24.85,16.45,1,1599,1686,NW
1176015.155,X_LEG_3,-0.03,24.85,16.45,1,1599,1686,NW
1176015.176,X_LEG_3,-0.03,24.85,16.45,1,1599,1686,NW
1176015.196,X_LEG_3,-0.03,24.85,16.45,1,1599,1686,NW
1176015.217,X_LEG_3,-0.03,24.85,16.45,1,1599,1686,NW
1176015.237,X_LEG_3,-0.03,24.85,16.45,1,1599,1686,NW
1176015.257,X_LEG_3,-0.03,24.85,16.45,1,1599,1686,NW
1176015.278,X_LEG_3,-0.03,24.85,16.45,1,1599,1686,NW
1176015.299,X_LEG_3,-0.03,24.85,16.45,1,1599,1686,NW
1176015.319,X_LEG_3,-0.03,24.85,16.45,1,1599,1686,NW
1176015.339,X_LEG_3,-0.03,24.85,16.45,1,1599,1686,NW
1176015.361,X_LEG_3,-0.03,24.85,16.45,1,1599,1686,NW
1176015.381,X_LEG_3,-0.03,24.85,16.45,1,1599,1686,NW
1176015.401,X_LEG_3,-0.03,24.85,16.45,1,1599,1686,NW
1176015.422,X_LEG_3,-0.03,24.85,16.45,1,1599,1686,NW
1176015.442,X_LEG_3,-0.03,24.85,16.45,1,1599,1686,NW
1176015.463,X_LEG_3,-0.03,24.85,16.45,1,1599,1686,NW
1176015.483,X_LEG_3,-0.03,24.85,16.45,1,1599,1686,NW
1176015.504,X_LEG_3,-0.03,24.85,16.45,1,1599,1686,NW
1176015.524,X_LEG_3,-0.03,24.85,16.45,1,1599,1686,NW
1176015.544,X_LEG_3,-0.03,24.85,16.45,1,1599,1686,NW
1176015.565,X_LEG_3,-0.03,24.85,16.45,1,1599,1686,NW
1176015.586,X_LEG_3,-0.03,24.85,16.45,1,1599,1686,NW
1176015.606,X_LEG_3,-0.03,24.85,16.45,1,1599,1686,NW
1176015.626,X_LEG_3,-0.03,24.85,16.45,1,1599,1686,NW
1176015.647,X_LEG_3,-0.03,24.85,16.45,1,1599,1686,NW
1176015.667,X_LEG_3,-0.03,24.85,16.45,1,1599,1686,NW
1176015.688,X_LEG_3,-0.03,24.85,16.45,1,1599,1686,NW
1176015.709,X_LEG_3,-0.03,24.85,16.45,1,1599,1686,NW
1176015.729,X_LEG_3,-0.03,24.85,16.45,1,1599,1686,NW
1176015.751,X_LEG_3,-0.03,24.85,16.45,1,1599,1686,NW
1176015.771,X_LEG_3,-0.03,24.85,16.45,1,1599,1686,NW
1176015.791,X_LEG_3,-0.03,24.85,16.45,1,1599,1686,NW
1176015.813,X_LEG_3,-0.03,24.85,16.45,1,1599,1686,NW
1176015.833,X_LEG_3,-0.03,24.85,16.45,1,1599,1686,NW
1176015.853,X_LEG_3,-0.03,24.85,16.45,1,1599,1686,NW
1176015.874,X_LEG_3,-0.03,24.85,16.45,1,1599,1686,NW
1176015.894,X_LEG_3,-0.03,24.85,16.45,1,1599,1686,NW
1176015.914,X_LEG_3,-0.03,24.85,16.45,1,1599,1686,NW
1176015.935,X_LEG_3,-0.03,24.85,16.45,1,1599,1686,NW
1176015.956,X_LEG_3,-0.03,24.85,16.45,1,1599,1686,NW
1176015.976,X_LEG_3,-0.03,24.85,16.45,1,1599,1686,NW
1176015.997,X_LEG_3,-0.03,24.85,16.45,1,1599,1686,NW
1176016.018,X_LEG_3,-0.03,24.85,16.45,1,1599,1686,NW
1176016.037,X_LEG_3,-0.03,24.85,16.45,1,1599,1686,NW
1176016.058,X_LEG_3,-0.03,24.85,16.45,1,1599,1686,NW
1176016.082,X_LEG_3,-0.03,24.85,16.45,1,1599,1686,NW
1176016.103,X_LEG_3,-0.03,24.85,16.45,1,1599,1686,NW
1176016.123,X_LEG_3,-0.03,24.85,16.45,1,1599,1686,NW
1176016.143,X_LEG_3,-0.03,24.85,16.45,1,1599,1686,NW
1176016.164,X_LEG_3,-0.03,24.85,16.45,1,1599,1686,NW
1176016.185,X_LEG_3,-0.03,24.85,16.45,1,1599,1686,NW
1176016.205,X_LEG_3,-0.03,24.85,16.45,1,1599,1686,NW
1176016.226,X_LEG_3,-0.03,24.85,16.45,1,1599,1686,NW
1176016.246,X_LEG_3,-0.03,24.85,16.45,1,1599,1686,NW
1176016.267,X_LEG_3,-0.03,24.85,16.45,1,1599,1686,NW
1176016.287,X_LEG_3,-0.03,24.85,16.45,1,1599,1686,NW
1176016.307,X_LEG_3,-0.03,24.85,16.45,1,1599,1686,NW
1176016.329,X_LEG_3,-0.03,24.85,16.45,1,1599,1686,NW
1176016.350,X_LEG_3,-0.03,24.85,16.45,1,1599,1686,NW
1176016.370,X_LEG_3,-0.03,24.85,16.45,1,1599,1686,NW
1176016.391,X_LEG_3,-0.03,24.85,16.45,1,1599,1686,NW
1176016.411,X_LEG_3,-0.03,24.85,16.45,1,1599,1686,NW
1176016.431,X_LEG_3,-0.03,24.85,16.45,1,1599,1686,NW
1176016.451,X_LEG_3,-0.03,24.85,16.45,1,1599,1686,NW
1176016.472,X_LEG_3,-0.03,24.85,16.45,1,1599,1686,NW
1176016.492,X_LEG_3,-0.03,24.85,16.45,1,1599,1686,NW
1176016.512,X_LEG_3,-0.03,24.85,16.45,1,1599,1686,NW
1176016.532,X_LEG_3,-0.03,24.85,16.45,1,1599,1686,NW
1176016.553,X_LEG_3,-0.03,24.85,16.45,1,1599,1686,NW
1176016.573,X_LEG_3,-0.03,24.85,16.45,1,1599,1686,NW
1176016.594,X_LEG_3,-0.03,24.85,16.45,1,1599,1686,NW
1176016.615,X_LEG_3,-0.03,24.85,16.45,1,1599,1686,NW
1176016.635,X_LEG_3,-0.03,24.85,16.45,1,1599,1686,NW
1176016.655,X_LEG_3,-0.03,24.85,16.45,1,1599,1686,NW
1176016.675,X_LEG_3,-0.03,24.85,16.45,1,1599,1686,NW
1176016.696,X_LEG_3,-0.03,24.85,16.45,1,1599,1686,NW
1176016.717,X_LEG_3,-0.03,24.85,16.45,1,1599,1686,NW
1176016.737,X_LEG_3,-0.03,24.85,16.45,1,1599,1686,NW
1176016.757,X_LEG_3,-0.03,24.85,16.45,1,1599,1686,NW
1176016.778,X_LEG_3,-0.03,24.85,16.45,1,1599,1686,NW
1176016.799,X_LEG_3,-0.03,24.85,16.45,1,1599,1686,NW
1176016.819,X_LEG_3,-0.03,24.85,16.45,1,1599,1686,NW
1176016.840,X_LEG_3,-0.03,24.85,16.45,1,1599,1686,NW
1176016.860,X_LEG_3,-0.03,24.85,16.45,1,1599,1686,NW
1176016.881,X_LEG_3,-0.03,24.85,16.45,1,1599,1686,NW
1176016.901,X_LEG_3,-0.03,24.85,16.45,1,1599,1686,NW
1176016.922,X_LEG_3,-0.03,24.85,16.45,1,1599,1686,NW
1176016.942,X_LEG_3,-0.03,24.85,16.45,1,1599,1686,NW
1176016.963,X_LEG_3,-0.03,24.85,16.45,1,1599,1686,NW
1176016.983,X_LEG_3,-0.03,24.85,16.45,1,1599,1686,NW
1176017.004,X_LEG_3,-0.03,24.85,16.45,1,1599,1686,NW
1176017.024,X_LEG_3,-0.03,24.85,16.45,1,1599,1686,NW
1176017.045,X_LEG_3,-0.03,24.85,16.45,1,1599,1686,NW
1176017.065,X_LEG_3,-0.03,24.85,16.45,1,1599,1686,NW
1176017.086,X_LEG_3,-0.03,24.85,16.45,1,1599,1686,NW
1176017.106,X_LEG_3,-0.03,24.85,16.45,1,1599,1686,NW
1176017.127,X_LEG_3,-0.03,24.85,16.45,1,1599,1686,NW
1176017.147,X_LEG_3,-0.03,24.85,16.45,1,1599,1686,NW
1176017.167,X_LEG_3,-0.03,24.85,16.45,1,1599,1686,NW
1176017.188,X_LEG_3,-0.03,24.85,16.45,1,1599,1686,NW
1176017.208,X_LEG_3,-0.03,24.85,16.45,1,1599,1686,NW
1176017.229,X_LEG_3,-0.03,24.85,16.45,1,1599,1686,NW
1176017.250,X_LEG_3,-0.03,24.85,16.45,1,1599,1686,NW
1176017.270,X_LEG_3,-0.03,24.85,16.45,1,1599,1686,NW
1176017.290,X_LEG_3,-0.03,24.85,16.45,1,1599,1686,NW
1176017.311,X_LEG_3,-0.03,24.85,16.45,1,1599,1686,NW
1176017.332,X_LEG_3,-0.03,24.85,16.45,1,1599,1686,NW
1176017.353,X_LEG_3,-0.03,24.85,16.45,1,1599,1686,NW
1176017.373,X_LEG_3,-0.03,24.85,16.45,1,1599,1686,NW
1176017.395,X_LEG_3,-0.03,24.85,16.45,1,1599,1686,NW
1176017.415,X_LEG_3,-0.03,24.85,16.45,1,1599,1686,NW
1176017.436,X_LEG_3,-0.03,24.85,16.45,1,1599,1686,NW
1176017.456,X_LEG_3,-0.03,24.85,16.45,1,1599,1686,NW
1176017.477,X_LEG_3,-0.03,24.85,16.45,1,1599,1686,NW
1176017.497,X_LEG_3,-0.03,24.85,16.45,1,1599,1686,NW
1176017.518,X_LEG_3,-0.03,24.85,16.45,1,1599,1686,NW
1176017.539,X_LEG_3,-0.03,24.85,16.45,1,1599,1686,NW
1176017.560,X_LEG_3,-0.03,24.85,16.45,1,1599,1686,NW
1176017.580,X_LEG_3,-0.03,24.85,16.45,1,1599,1686,NW
1176017.601,X_LEG_3,-0.03,24.85,16.45,1,1599,1686,NW
1176017.621,X_LEG_3,-0.03,24.85,16.45,1,1599,1686,NW
1176017.642,X_LEG_3,-0.03,24.85,16.45,1,1599,1686,NW
1176017.662,X_LEG_3,-0.03,24.85,16.45,1,1599,1686,NW
1176017.683,X_LEG_3,-0.03,24.85,16.45,1,1599,1686,NW
1176017.703,X_LEG_3,-0.03,24.85,16.45,1,1599,1686,NW
1176017.724,X_LEG_3,-0.03,24.85,16.45,1,1599,1686,NW
1176017.744,X_LEG_3,-0.03,24.85,16.45,1,1599,1686,NW
1176017.764,X_LEG_3,-0.03,24.85,16.45,1,1599,1686,NW
1176017.785,X_LEG_3,-0.03,24.85,16.45,1,1599,1686,NW
1176017.805,X_LEG_3,-0.03,24.85,16.45,1,1599,1686,NW
1176017.826,X_LEG_3,-0.03,24.85,16.45,1,1599,1686,NW
1176017.846,X_LEG_3,-0.03,24.85,16.45,1,1599,1686,NW
1176017.867,X_LEG_3,-0.03,24.85,16.45,1,1599,1686,NW
1176017.887,X_LEG_3,-0.03,24.85,16.45,1,1599,1686,NW
1176017.909,X_LEG_3,-0.03,24.85,16.45,1,1599,1686,NW
1176017.929,X_LEG_3,-0.03,24.85,16.45,1,1599,1686,NW
1176017.949,X_LEG_3,-0.03,24.85,16.45,1,1599,1686,NW
1176017.971,X_LEG_3,-0.03,24.85,16.45,1,1599,1686,NW
1176017.992,X_LEG_3,-0.03,24.85,16.45,1,1599,1686,NW
1176018.012,X_LEG_3,-0.03,24.85,16.45,1,1599,1686,NW
1176018.032,X_LEG_3,-0.03,24.85,16.45,1,1599,1686,NW
1176018.053,X_LEG_3,-0.03,24.85,16.45,1,1599,1686,NW
1176018.073,X_LEG_3,-0.03,24.85,16.45,1,1599,1686,NW
1176018.094,X_LEG_3,-0.03,24.85,16.45,1,1599,1686,NW
1176018.114,X_LEG_3,-0.03,24.85,16.45,1,1599,1686,NW
1176018.134,X_LEG_3,-0.03,24.85,16.45,1,1599,1686,NW
1176018.154,X_LEG_3,-0.03,24.85,16.45,1,1599,1686,NW
1176018.175,X_LEG_3,-0.03,24.85,16.45,1,1599,1686,NW
1176018.196,X_LEG_3,-0.03,24.85,16.45,1,1599,1686,NW
1176018.216,X_LEG_3,-0.03,24.85,16.45,1,1599,1686,NW
1176018.237,X_LEG_3,-0.03,24.85,16.45,1,1599,1686,NW
1176018.257,X_LEG_3,-0.03,24.85,16.45,1,1599,1686,NW
1176018.277,X_LEG_3,-0.03,24.85,16.45,1,1599,1686,NW
1176018.298,X_LEG_3,-0.03,24.85,16.45,1,1599,1686,NW
1176018.318,X_LEG_3,-0.03,24.85,16.45,1,1599,1686,NW
1176018.339,X_LEG_3,-0.03,24.85,16.45,1,1599,1686,NW
1176018.360,X_LEG_3,-0.03,24.85,16.45,1,1599,1686,NW
1176018.380,X_LEG_3,-0.03,24.85,16.45,1,1599,1686,NW
1176018.401,X_LEG_3,-0.03,24.85,16.45,1,1599,1686,NW
1176018.422,X_LEG_3,-0.03,24.85,16.45,1,1599,1686,NW
1176018.442,X_LEG_3,-0.03,24.85,16.45,1,1599,1686,NW
1176018.463,X_LEG_3,-0.03,24.85,16.45,1,1599,1686,NW
1176018.483,X_LEG_3,-0.03,24.85,16.45,1,1599,1686,NW
1176018.504,X_LEG_3,-0.03,24.85,16.45,1,1599,1686,NW
1176018.524,X_LEG_3,-0.03,24.85,16.45,1,1599,1686,NW
1176018.544,X_LEG_3,-0.03,24.85,16.45,1,1599,1686,NW
1176018.565,X_LEG_3,-0.03,24.85,16.45,1,1599,1686,NW
1176018.585,X_LEG_3,-0.03,24.85,16.45,1,1599,1686,NW
1176018.606,X_LEG_3,-0.03,24.85,16.45,1,1599,1686,NW
1176018.627,X_LEG_3,-0.03,24.85,16.45,1,1599,1686,NW
1176018.647,X_LEG_3,-0.03,24.85,16.45,1,1599,1686,NW
1176018.667,TO_CENTER,-0.03,6.57,-33.87,0,1500,1686,CENTER
1176018.688,TO_CENTER,-0.03,6.57,-33.87,0,1500,1686,CENTER
1176018.709,TO_CENTER,-0.03,6.57,-33.87,0,1500,1686,CENTER
1176018.729,TO_CENTER,-0.03,6.57,-33.87,0,1500,1686,CENTER
1176018.750,TO_CENTER,-0.03,6.57,-33.87,0,1500,1686,CENTER
1176018.771,TO_CENTER,-0.03,6.57,-33.87,0,1500,1686,CENTER
1176018.792,TO_CENTER,-0.03,6.57,-33.87,0,1500,1686,CENTER
1176018.813,TO_CENTER,-0.03,6.57,-33.87,0,1500,1686,CENTER
1176018.834,TO_CENTER,-0.03,6.57,-33.87,0,1500,1686,CENTER
1176018.854,TO_CENTER,-0.03,6.57,-33.87,0,1500,1686,CENTER
1176018.875,TO_CENTER,-0.03,6.57,-33.87,0,1500,1686,CENTER
1176018.896,TO_CENTER,-0.03,6.57,-33.87,0,1500,1686,CENTER
1176018.916,TO_CENTER,-0.03,6.57,-33.87,0,1500,1686,CENTER
1176018.938,TO_CENTER,-0.03,6.57,-33.87,0,1500,1686,CENTER
1176018.958,TO_CENTER,-0.03,6.57,-33.87,0,1500,1686,CENTER
1176018.979,TO_CENTER,-0.03,6.57,-33.87,0,1500,1686,CENTER
1176019.000,TO_CENTER,-0.03,6.57,-33.87,0,1500,1686,CENTER
1176019.021,TO_CENTER,-0.03,6.57,-33.87,0,1500,1686,CENTER
1176019.041,TO_CENTER,-0.03,6.57,-33.87,0,1500,1686,CENTER
1176019.061,TO_CENTER,-0.03,6.57,-33.87,0,1500,1686,CENTER
1176019.082,TO_CENTER,-0.03,6.57,-33.87,0,1500,1686,CENTER
1176019.102,TO_CENTER,-0.03,6.57,-33.87,0,1500,1686,CENTER
1176019.123,TO_CENTER,-0.03,6.57,-33.87,0,1500,1686,CENTER
1176019.143,TO_CENTER,-0.03,6.57,-33.87,0,1500,1686,CENTER
1176019.163,TO_CENTER,-0.03,6.57,-33.87,0,1500,1686,CENTER
1176019.184,TO_CENTER,-0.03,6.57,-33.87,0,1500,1686,CENTER
1176019.204,TO_CENTER,-0.03,6.57,-33.87,0,1500,1686,CENTER
1176019.225,TO_CENTER,-0.03,6.57,-33.87,0,1500,1686,CENTER
1176019.245,TO_CENTER,-0.03,6.57,-33.87,0,1500,1686,CENTER
1176019.266,TO_CENTER,-0.03,6.57,-33.87,0,1500,1686,CENTER
1176019.287,TO_CENTER,-0.03,6.57,-33.87,0,1500,1686,CENTER
1176019.307,TO_CENTER,-0.03,6.57,-33.87,0,1500,1686,CENTER
1176019.329,TO_CENTER,-0.03,6.57,-33.87,0,1500,1686,CENTER
1176019.349,TO_CENTER,-0.03,6.57,-33.87,0,1500,1686,CENTER
1176019.369,TO_CENTER,-0.03,6.57,-33.87,0,1500,1686,CENTER
1176019.391,TO_CENTER,-0.03,6.57,-33.87,0,1500,1686,CENTER
1176019.411,TO_CENTER,-0.03,6.57,-33.87,0,1500,1686,CENTER
1176019.432,TO_CENTER,-0.03,6.57,-33.87,0,1500,1686,CENTER
1176019.452,TO_CENTER,-0.03,6.57,-33.87,0,1500,1686,CENTER
1176019.473,TO_CENTER,-0.03,6.57,-33.87,0,1500,1686,CENTER
1176019.493,TO_CENTER,-0.03,6.57,-33.87,0,1500,1686,CENTER
1176019.514,TO_CENTER,-0.03,6.57,-33.87,0,1500,1686,CENTER
1176019.534,TO_CENTER,-0.03,6.57,-33.87,0,1500,1686,CENTER
1176019.555,TO_CENTER,-0.03,6.57,-33.87,0,1500,1686,CENTER
1176019.575,TO_CENTER,-0.03,6.57,-33.87,0,1500,1686,CENTER
1176019.596,TO_CENTER,-0.03,6.57,-33.87,0,1500,1686,CENTER
1176019.616,TO_CENTER,-0.03,6.57,-33.87,0,1500,1686,CENTER
1176019.636,TO_CENTER,-0.03,6.57,-33.87,0,1500,1686,CENTER
1176019.658,TO_CENTER,-0.03,6.57,-33.87,0,1500,1686,CENTER
1176019.679,TO_CENTER,-0.03,6.57,-33.87,0,1500,1686,CENTER
1176019.699,TO_CENTER,-0.03,6.57,-33.87,0,1500,1686,CENTER
1176019.721,TO_CENTER,-0.03,6.57,-33.87,0,1500,1686,CENTER
1176019.741,TO_CENTER,-0.03,6.57,-33.87,0,1500,1686,CENTER
1176019.761,TO_CENTER,-0.03,6.57,-33.87,0,1500,1686,CENTER
1176019.783,TO_CENTER,-0.03,6.57,-33.87,0,1500,1686,CENTER
1176019.803,TO_CENTER,-0.03,6.57,-33.87,0,1500,1686,CENTER
1176019.824,TO_CENTER,-0.03,6.57,-33.87,0,1500,1686,CENTER
1176019.845,TO_CENTER,-0.03,6.57,-33.87,0,1500,1686,CENTER
1176019.865,TO_CENTER,-0.03,6.57,-33.87,0,1500,1686,CENTER
1176019.885,TO_CENTER,-0.03,6.57,-33.87,0,1500,1686,CENTER
1176019.906,TO_CENTER,-0.03,6.57,-33.87,0,1500,1686,CENTER
1176019.927,TO_CENTER,-0.03,6.57,-33.87,0,1500,1686,CENTER
1176019.947,TO_CENTER,-0.03,6.57,-33.87,0,1500,1686,CENTER
1176019.968,TO_CENTER,-0.03,6.57,-33.87,0,1500,1686,CENTER
1176019.988,TO_CENTER,-0.03,6.57,-33.87,0,1500,1686,CENTER
1176020.011,TO_CENTER,-0.03,6.57,-33.87,0,1500,1686,CENTER
1176020.031,TO_CENTER,-0.03,6.57,-33.87,0,1500,1686,CENTER
1176020.054,TO_CENTER,-0.03,6.57,-33.87,0,1500,1686,CENTER
1176020.074,TO_CENTER,-0.03,6.57,-33.87,0,1500,1686,CENTER
1176020.095,TO_CENTER,-0.03,6.57,-33.87,0,1500,1686,CENTER
1176020.115,TO_CENTER,-0.03,6.57,-33.87,0,1500,1686,CENTER
1176020.136,TO_CENTER,-0.03,6.57,-33.87,0,1500,1686,CENTER
1176020.156,TO_CENTER,-0.03,6.57,-33.87,0,1500,1686,CENTER
1176020.176,TO_CENTER,-0.03,6.57,-33.87,0,1500,1686,CENTER
1176020.197,TO_CENTER,-0.03,6.57,-33.87,0,1500,1686,CENTER
1176020.218,TO_CENTER,-0.03,6.57,-33.87,0,1500,1686,CENTER
1176020.238,TO_CENTER,-0.03,6.57,-33.87,0,1500,1686,CENTER
1176020.259,TO_CENTER,-0.03,6.57,-33.87,0,1500,1686,CENTER
1176020.279,TO_CENTER,-0.03,6.57,-33.87,0,1500,1686,CENTER
1176020.302,TO_CENTER,-0.03,6.57,-33.87,0,1500,1686,CENTER
1176020.322,TO_CENTER,-0.03,6.57,-33.87,0,1500,1686,CENTER
1176020.342,TO_CENTER,-0.03,6.57,-33.87,0,1500,1686,CENTER
1176020.363,TO_CENTER,-0.03,6.57,-33.87,0,1500,1686,CENTER
1176020.384,TO_CENTER,-0.03,6.57,-33.87,0,1500,1686,CENTER
1176020.404,TO_CENTER,-0.03,6.57,-33.87,0,1500,1686,CENTER
1176020.427,TO_CENTER,-0.03,6.57,-33.87,0,1500,1686,CENTER
1176020.448,TO_CENTER,-0.03,6.57,-33.87,0,1500,1686,CENTER
1176020.468,TO_CENTER,-0.03,6.57,-33.87,0,1500,1686,CENTER
1176020.490,TO_CENTER,-0.03,6.57,-33.87,0,1500,1686,CENTER
1176020.510,TO_CENTER,-0.03,6.57,-33.87,0,1500,1686,CENTER
1176020.531,TO_CENTER,-0.03,6.57,-33.87,0,1500,1686,CENTER
1176020.552,TO_CENTER,-0.03,6.57,-33.87,0,1500,1686,CENTER
1176020.573,TO_CENTER,-0.03,6.57,-33.87,0,1500,1686,CENTER
1176020.593,TO_CENTER,-0.03,6.57,-33.87,0,1500,1686,CENTER
1176020.618,TO_CENTER,-0.03,6.57,-33.87,0,1500,1686,CENTER
1176020.638,TO_CENTER,-0.03,6.57,-33.87,0,1500,1686,CENTER
1176020.658,TO_CENTER,-0.03,6.57,-33.87,0,1500,1686,CENTER
1176020.680,TO_CENTER,-0.03,6.57,-33.87,0,1500,1686,CENTER
1176020.700,TO_CENTER,-0.03,6.57,-33.87,0,1500,1686,CENTER
1176020.721,TO_CENTER,-0.03,6.57,-33.87,0,1500,1686,CENTER
1176020.741,TO_CENTER,-0.03,6.57,-33.87,0,1500,1686,CENTER
1176020.762,TO_CENTER,-0.03,6.57,-33.87,0,1500,1686,CENTER
1176020.782,TO_CENTER,-0.03,6.57,-33.87,0,1500,1686,CENTER
1176020.803,TO_CENTER,-0.03,6.57,-33.87,0,1500,1686,CENTER
1176020.823,TO_CENTER,-0.03,6.57,-33.87,0,1500,1686,CENTER
1176020.843,TO_CENTER,-0.03,6.57,-33.87,0,1500,1686,CENTER
1176020.864,TO_CENTER,-0.03,6.57,-33.87,0,1500,1686,CENTER
1176020.885,TO_CENTER,-0.03,6.57,-33.87,0,1500,1686,CENTER
1176020.905,TO_CENTER,-0.03,6.57,-33.87,0,1500,1686,CENTER
1176020.926,TO_CENTER,-0.03,6.57,-33.87,0,1500,1686,CENTER
1176020.946,TO_CENTER,-0.03,6.57,-33.87,0,1500,1686,CENTER
1176020.967,TO_CENTER,-0.03,6.57,-33.87,0,1500,1686,CENTER
1176020.987,TO_CENTER,-0.03,6.57,-33.87,0,1500,1686,CENTER
1176021.008,TO_CENTER,-0.03,6.57,-33.87,0,1500,1686,CENTER
1176021.029,TO_CENTER,-0.03,6.57,-33.87,0,1500,1686,CENTER
1176021.049,TO_CENTER,-0.03,6.57,-33.87,0,1500,1686,CENTER
1176021.070,TO_CENTER,-0.03,6.57,-33.87,0,1500,1686,CENTER
1176021.091,TO_CENTER,-0.03,6.57,-33.87,0,1500,1686,CENTER
1176021.111,TO_CENTER,-0.03,6.57,-33.87,0,1500,1686,CENTER
1176021.132,TO_CENTER,-0.03,6.57,-33.87,0,1500,1686,CENTER
1176021.152,TO_CENTER,-0.03,6.57,-33.87,0,1500,1686,CENTER
1176021.173,TO_CENTER,-0.03,6.57,-33.87,0,1500,1686,CENTER
1176021.194,TO_CENTER,-0.03,6.57,-33.87,0,1500,1686,CENTER
1176021.215,TO_CENTER,-0.03,6.57,-33.87,0,1500,1686,CENTER
1176021.235,TO_CENTER,-0.03,6.57,-33.87,0,1500,1686,CENTER
1176021.256,TO_CENTER,-0.03,6.57,-33.87,0,1500,1686,CENTER
1176021.276,TO_CENTER,-0.03,6.57,-33.87,0,1500,1686,CENTER
1176021.297,TO_CENTER,-0.03,6.57,-33.87,0,1500,1686,CENTER
1176021.317,TO_CENTER,-0.03,6.57,-33.87,0,1500,1686,CENTER
1176021.338,TO_CENTER,-0.03,6.57,-33.87,0,1500,1686,CENTER
1176021.358,TO_CENTER,-0.03,6.57,-33.87,0,1500,1686,CENTER
1176021.378,TO_CENTER,-0.03,6.57,-33.87,0,1500,1686,CENTER
1176021.399,TO_CENTER,-0.03,6.57,-33.87,0,1500,1686,CENTER
1176021.419,TO_CENTER,-0.03,6.57,-33.87,0,1500,1686,CENTER
1176021.439,TO_CENTER,-0.03,6.57,-33.87,0,1500,1686,CENTER
1176021.460,TO_CENTER,-0.03,6.57,-33.87,0,1500,1686,CENTER
1176021.480,TO_CENTER,-0.03,6.57,-33.87,0,1500,1686,CENTER
1176021.500,TO_CENTER,-0.03,6.57,-33.87,0,1500,1686,CENTER
1176021.523,TO_CENTER,-0.03,6.57,-33.87,0,1500,1686,CENTER
1176021.544,TO_CENTER,-0.03,6.57,-33.87,0,1500,1686,CENTER
1176021.564,TO_CENTER,-0.03,6.57,-33.87,0,1500,1686,CENTER
1176021.584,TO_CENTER,-0.03,6.57,-33.87,0,1500,1686,CENTER
1176021.605,TO_CENTER,-0.03,6.57,-33.87,0,1500,1686,CENTER
1176021.625,TO_CENTER,-0.03,6.57,-33.87,0,1500,1686,CENTER
1176021.646,TO_CENTER,-0.03,6.57,-33.87,0,1500,1686,CENTER
1176021.666,TO_CENTER,-0.03,6.57,-33.87,0,1500,1686,CENTER
1176021.686,TO_CENTER,-0.03,6.57,-33.87,0,1500,1686,CENTER
1176021.707,TO_CENTER,-0.03,6.57,-33.87,0,1500,1686,CENTER
1176021.728,TO_CENTER,-0.03,6.57,-33.87,0,1500,1686,CENTER
1176021.748,TO_CENTER,-0.03,6.57,-33.87,0,1500,1686,CENTER
1176021.769,TO_CENTER,-0.03,6.57,-33.87,0,1500,1686,CENTER
1176021.789,TO_CENTER,-0.03,6.57,-33.87,0,1500,1686,CENTER
1176021.809,TO_CENTER,-0.03,6.57,-33.87,0,1500,1686,CENTER
1176021.830,TO_CENTER,-0.03,6.57,-33.87,0,1500,1686,CENTER
1176021.850,TO_CENTER,-0.03,6.57,-33.87,0,1500,1686,CENTER
1176021.871,TO_CENTER,-0.03,6.57,-33.87,0,1500,1686,CENTER
1176021.891,TO_CENTER,-0.03,6.57,-33.87,0,1500,1686,CENTER
1176021.913,TO_CENTER,-0.03,6.57,-33.87,0,1500,1686,CENTER
1176021.933,TO_CENTER,-0.03,6.57,-33.87,0,1500,1686,CENTER
1176021.954,TO_CENTER,-0.03,6.57,-33.87,0,1500,1686,CENTER
1176021.976,TO_CENTER,-0.03,6.57,-33.87,0,1500,1686,CENTER
1176021.996,TO_CENTER,-0.03,6.57,-33.87,0,1500,1686,CENTER
1176022.016,TO_CENTER,-0.03,6.57,-33.87,0,1500,1686,CENTER
1176022.037,TO_CENTER,-0.03,6.57,-33.87,0,1500,1686,CENTER
1176022.057,TO_CENTER,-0.03,6.57,-33.87,0,1500,1686,CENTER
1176022.078,TO_CENTER,-0.03,6.57,-33.87,0,1500,1686,CENTER
1176022.099,TO_CENTER,-0.03,6.57,-33.87,0,1500,1686,CENTER
1176022.119,TO_CENTER,-0.03,6.57,-33.87,0,1500,1686,CENTER
1176022.139,TO_CENTER,-0.03,6.57,-33.87,0,1500,1686,CENTER
1176022.160,TO_CENTER,-0.03,6.57,-33.87,0,1500,1686,CENTER
1176022.180,TO_CENTER,-0.03,6.57,-33.87,0,1500,1686,CENTER
1176022.201,TO_CENTER,-0.03,6.57,-33.87,0,1500,1686,CENTER
1176022.221,TO_CENTER,-0.03,6.57,-33.87,0,1500,1686,CENTER
1176022.242,TO_CENTER,-0.03,6.57,-33.87,0,1500,1686,CENTER
1176022.262,TO_CENTER,-0.03,6.57,-33.87,0,1500,1686,CENTER
1176022.283,TO_CENTER,-0.03,6.57,-33.87,0,1500,1686,CENTER
1176022.303,TO_CENTER,-0.03,6.57,-33.87,0,1500,1686,CENTER
1176022.324,TO_CENTER,-0.03,6.57,-33.87,0,1500,1686,CENTER
1176022.344,TO_CENTER,-0.03,6.57,-33.87,0,1500,1686,CENTER
1176022.367,TO_CENTER,-0.03,6.57,-33.87,0,1500,1686,CENTER
1176022.388,TO_CENTER,-0.03,6.57,-33.87,0,1500,1686,CENTER
1176022.408,TO_CENTER,-0.03,6.57,-33.87,0,1500,1686,CENTER
1176022.429,TO_CENTER,-0.03,6.57,-33.87,0,1500,1686,CENTER
1176022.449,TO_CENTER,-0.03,6.57,-33.87,0,1500,1686,CENTER
1176022.470,TO_CENTER,-0.03,6.57,-33.87,0,1500,1686,CENTER
1176022.490,TO_CENTER,-0.03,6.57,-33.87,0,1500,1686,CENTER
1176022.510,TO_CENTER,-0.03,6.57,-33.87,0,1500,1686,CENTER
1176022.531,TO_CENTER,-0.03,6.57,-33.87,0,1500,1686,CENTER
1176022.551,TO_CENTER,-0.03,6.57,-33.87,0,1500,1686,CENTER
1176022.572,TO_CENTER,-0.03,6.57,-33.87,0,1500,1686,CENTER
1176022.592,TO_CENTER,-0.03,6.57,-33.87,0,1500,1686,CENTER
1176022.613,TO_CENTER,-0.03,6.57,-33.87,0,1500,1686,CENTER
1176022.633,TO_CENTER,-0.03,6.57,-33.87,0,1500,1686,CENTER
1176022.654,TO_CENTER,-0.03,6.57,-33.87,0,1500,1686,CENTER
1176022.675,TO_CENTER,-0.03,6.57,-33.87,0,1500,1686,CENTER
1176022.696,TO_CENTER,-0.03,6.57,-33.87,0,1500,1686,CENTER
1176022.716,TO_CENTER,-0.03,6.57,-33.87,0,1500,1686,CENTER
1176022.737,TO_CENTER,-0.03,6.57,-33.87,0,1500,1686,CENTER
1176022.758,TO_CENTER,-0.03,6.57,-33.87,0,1500,1686,CENTER
1176022.778,TO_CENTER,-0.03,6.57,-33.87,0,1500,1686,CENTER
1176022.799,TO_CENTER,-0.03,6.57,-33.87,0,1500,1686,CENTER
1176022.820,TO_CENTER,-0.03,6.57,-33.87,0,1500,1686,CENTER
1176022.840,TO_CENTER,-0.03,6.57,-33.87,0,1500,1686,CENTER
1176022.864,TO_CENTER,-0.03,6.57,-33.87,0,1500,1686,CENTER
1176022.885,TO_CENTER,-0.03,6.57,-33.87,0,1500,1686,CENTER
1176022.905,TO_CENTER,-0.03,6.57,-33.87,0,1500,1686,CENTER
1176022.926,TO_CENTER,-0.03,6.57,-33.87,0,1500,1686,CENTER
1176022.946,TO_CENTER,-0.03,6.57,-33.87,0,1500,1686,CENTER
1176022.967,TO_CENTER,-0.03,6.57,-33.87,0,1500,1686,CENTER
1176022.987,TO_CENTER,-0.03,6.57,-33.87,0,1500,1686,CENTER
1176023.008,TO_CENTER,-0.03,6.57,-33.87,0,1500,1686,CENTER
1176023.028,TO_CENTER,-0.03,6.57,-33.87,0,1500,1686,CENTER
1176023.049,TO_CENTER,-0.03,6.57,-33.87,0,1500,1686,CENTER
1176023.071,TO_CENTER,-0.03,6.57,-33.87,0,1500,1686,CENTER
1176023.091,TO_CENTER,-0.03,6.57,-33.87,0,1500,1686,CENTER
1176023.112,TO_CENTER,-0.03,6.57,-33.87,0,1500,1686,CENTER
1176023.132,TO_CENTER,-0.03,6.57,-33.87,0,1500,1686,CENTER
1176023.152,TO_CENTER,-0.03,6.57,-33.87,0,1500,1686,CENTER
1176023.173,TO_CENTER,-0.03,6.57,-33.87,0,1500,1686,CENTER
1176023.195,TO_CENTER,-0.03,6.57,-33.87,0,1500,1686,CENTER
1176023.215,TO_CENTER,-0.03,6.57,-33.87,0,1500,1686,CENTER
1176023.235,TO_CENTER,-0.03,6.57,-33.87,0,1500,1686,CENTER
1176023.258,TO_CENTER,-0.03,6.57,-33.87,0,1500,1686,CENTER
1176023.278,TO_CENTER,-0.03,6.57,-33.87,0,1500,1686,CENTER
1176023.299,TO_CENTER,-0.03,6.57,-33.87,0,1500,1686,CENTER
1176023.320,TO_CENTER,-0.03,6.57,-33.87,0,1500,1686,CENTER
1176023.340,TO_CENTER,-0.03,6.57,-33.87,0,1500,1686,CENTER
1176023.361,TO_CENTER,-0.03,6.57,-33.87,0,1500,1686,CENTER
1176023.381,TO_CENTER,-0.03,6.57,-33.87,0,1500,1686,CENTER
1176023.402,TO_CENTER,-0.03,6.57,-33.87,0,1500,1686,CENTER
1176023.422,TO_CENTER,-0.03,6.57,-33.87,0,1500,1686,CENTER
1176023.442,TO_CENTER,-0.03,6.57,-33.87,0,1500,1686,CENTER
1176023.463,TO_CENTER,-0.03,6.57,-33.87,0,1500,1686,CENTER
1176023.483,TO_CENTER,-0.03,6.57,-33.87,0,1500,1686,CENTER
1176023.504,TO_CENTER,-0.03,6.57,-33.87,0,1500,1686,CENTER
1176023.525,TO_CENTER,-0.03,6.57,-33.87,0,1500,1686,CENTER
1176023.545,TO_CENTER,-0.03,6.57,-33.87,0,1500,1686,CENTER
1176023.566,TO_CENTER,-0.03,6.57,-33.87,0,1500,1686,CENTER
1176023.586,TO_CENTER,-0.03,6.57,-33.87,0,1500,1686,CENTER
1176023.607,TO_CENTER,-0.03,6.57,-33.87,0,1500,1686,CENTER
1176023.628,TO_CENTER,-0.03,6.57,-33.87,0,1500,1686,CENTER
1176023.650,TO_CENTER,-0.03,6.57,-33.87,0,1500,1686,CENTER
1176023.670,TO_CENTER,-0.03,6.57,-33.87,0,1500,1686,CENTER
1176023.691,TO_CENTER,-0.03,6.57,-33.87,0,1500,1686,CENTER
1176023.712,TO_CENTER,-0.03,6.57,-33.87,0,1500,1686,CENTER
1176023.733,TO_CENTER,-0.03,6.57,-33.87,0,1500,1686,CENTER
1176023.753,TO_CENTER,-0.03,6.57,-33.87,0,1500,1686,CENTER
1176023.774,TO_CENTER,-0.03,6.57,-33.87,0,1500,1686,CENTER
1176023.795,TO_CENTER,-0.03,6.57,-33.87,0,1500,1686,CENTER
1176023.815,TO_CENTER,-0.03,6.57,-33.87,0,1500,1686,CENTER
1176023.837,TO_CENTER,-0.03,6.57,-33.87,0,1500,1686,CENTER
1176023.857,TO_CENTER,-0.03,6.57,-33.87,0,1500,1686,CENTER
1176023.878,TO_CENTER,-0.03,6.57,-33.87,0,1500,1686,CENTER
1176023.899,TO_CENTER,-0.03,6.57,-33.87,0,1500,1686,CENTER
1176023.919,TO_CENTER,-0.03,6.57,-33.87,0,1500,1686,CENTER
1176023.939,TO_CENTER,-0.03,6.57,-33.87,0,1500,1686,CENTER
1176023.960,TO_CENTER,-0.03,6.57,-33.87,0,1500,1686,CENTER
1176023.980,TO_CENTER,-0.03,6.57,-33.87,0,1500,1686,CENTER
1176024.001,TO_CENTER,-0.03,6.57,-33.87,0,1500,1686,CENTER
1176024.021,TO_CENTER,-0.03,6.57,-33.87,0,1500,1686,CENTER
1176024.041,TO_CENTER,-0.03,6.57,-33.87,0,1500,1686,CENTER
1176024.062,TO_CENTER,-0.03,6.57,-33.87,0,1500,1686,CENTER
1176024.082,TO_CENTER,-0.03,6.57,-33.87,0,1500,1686,CENTER
1176024.102,TO_CENTER,-0.03,6.57,-33.87,0,1500,1686,CENTER
1176024.123,TO_CENTER,-0.03,6.57,-33.87,0,1500,1686,CENTER
1176024.144,TO_CENTER,-0.03,6.57,-33.87,0,1500,1686,CENTER
1176024.164,TO_CENTER,-0.03,6.57,-33.87,0,1500,1686,CENTER
1176024.185,TO_CENTER,-0.03,6.57,-33.87,0,1500,1686,CENTER
1176024.205,TO_CENTER,-0.03,6.57,-33.87,0,1500,1686,CENTER
1176024.226,TO_CENTER,-0.03,6.57,-33.87,0,1500,1686,CENTER
1176024.247,TO_CENTER,-0.03,6.57,-33.87,0,1500,1686,CENTER
1176024.267,TO_CENTER,-0.03,6.57,-33.87,0,1500,1686,CENTER
1176024.288,TO_CENTER,-0.03,6.57,-33.87,0,1500,1686,CENTER
1176024.308,TO_CENTER,-0.03,6.57,-33.87,0,1500,1686,CENTER
1176024.329,TO_CENTER,-0.03,6.57,-33.87,0,1500,1686,CENTER
1176024.349,TO_CENTER,-0.03,6.57,-33.87,0,1500,1686,CENTER
1176024.370,TO_CENTER,-0.03,6.57,-33.87,0,1500,1686,CENTER
1176024.390,TO_CENTER,-0.03,6.57,-33.87,0,1500,1686,CENTER
1176024.410,TO_CENTER,-0.03,6.57,-33.87,0,1500,1686,CENTER
1176024.431,TO_CENTER,-0.03,6.57,-33.87,0,1500,1686,CENTER
1176024.451,TO_CENTER,-0.03,6.57,-33.87,0,1500,1686,CENTER
1176024.471,TO_CENTER,-0.03,6.57,-33.87,0,1500,1686,CENTER
1176024.493,TO_CENTER,-0.03,6.57,-33.87,0,1500,1686,CENTER
1176024.513,TO_CENTER,-0.03,6.57,-33.87,0,1500,1686,CENTER
1176024.533,TO_CENTER,-0.03,6.57,-33.87,0,1500,1686,CENTER
1176024.554,TO_CENTER,-0.03,6.57,-33.87,0,1500,1686,CENTER
1176024.574,TO_CENTER,-0.03,6.57,-33.87,0,1500,1686,CENTER
1176024.595,TO_CENTER,-0.03,6.57,-33.87,0,1500,1686,CENTER
1176024.616,TO_CENTER,-0.03,6.57,-33.87,0,1500,1686,CENTER
1176024.637,TO_CENTER,-0.03,6.57,-33.87,0,1500,1686,CENTER
1176024.657,TO_CENTER,-0.03,6.57,-33.87,0,1500,1686,CENTER
1176024.679,TO_CENTER,-0.03,6.57,-33.87,0,1500,1686,CENTER
1176024.699,TO_CENTER,-0.03,6.57,-33.87,0,1500,1686,CENTER
1176024.719,TO_CENTER,-0.03,6.57,-33.87,0,1500,1686,CENTER
1176024.740,TO_CENTER,-0.03,6.57,-33.87,0,1500,1686,CENTER
1176024.760,TO_CENTER,-0.03,6.57,-33.87,0,1500,1686,CENTER
1176024.781,TO_CENTER,-0.03,6.57,-33.87,0,1500,1686,CENTER
1176024.802,TO_CENTER,-0.03,6.57,-33.87,0,1500,1686,CENTER
1176024.823,TO_CENTER,-0.03,6.57,-33.87,0,1500,1686,CENTER
1176024.843,TO_CENTER,-0.03,6.57,-33.87,0,1500,1686,CENTER
1176024.864,TO_CENTER,-0.03,6.57,-33.87,0,1500,1686,CENTER
1176024.884,TO_CENTER,-0.03,6.57,-33.87,0,1500,1686,CENTER
1176024.905,TO_CENTER,-0.03,6.57,-33.87,0,1500,1686,CENTER
1176024.927,TO_CENTER,-0.03,6.57,-33.87,0,1500,1686,CENTER
1176024.947,TO_CENTER,-0.03,6.57,-33.87,0,1500,1686,CENTER
1176024.968,TO_CENTER,-0.03,6.57,-33.87,0,1500,1686,CENTER
1176024.989,TO_CENTER,-0.03,6.57,-33.87,0,1500,1686,CENTER
1176025.010,TO_CENTER,-0.03,6.57,-33.87,0,1500,1686,CENTER
1176025.030,TO_CENTER,-0.03,6.57,-33.87,0,1500,1686,CENTER
1176025.051,TO_CENTER,-0.03,6.57,-33.87,0,1500,1686,CENTER
1176025.071,TO_CENTER,-0.03,6.57,-33.87,0,1500,1686,CENTER
1176025.092,TO_CENTER,-0.03,6.57,-33.87,0,1500,1686,CENTER
1176025.113,TO_CENTER,-0.03,6.57,-33.87,0,1500,1686,CENTER
1176025.133,TO_CENTER,-0.03,6.57,-33.87,0,1500,1686,CENTER
1176025.154,TO_CENTER,-0.03,6.57,-33.87,0,1500,1686,CENTER
1176025.174,TO_CENTER,-0.03,6.57,-33.87,0,1500,1686,CENTER
1176025.194,TO_CENTER,-0.03,6.57,-33.87,0,1500,1686,CENTER
1176025.215,TO_CENTER,-0.03,6.57,-33.87,0,1500,1686,CENTER
1176025.235,TO_CENTER,-0.03,6.57,-33.87,0,1500,1686,CENTER
1176025.255,TO_CENTER,-0.03,6.57,-33.87,0,1500,1686,CENTER
1176025.276,TO_CENTER,-0.03,6.57,-33.87,0,1500,1686,CENTER
1176025.296,TO_CENTER,-0.03,6.57,-33.87,0,1500,1686,CENTER
1176025.318,TO_CENTER,-0.03,6.57,-33.87,0,1500,1686,CENTER
1176025.338,TO_CENTER,-0.03,6.57,-33.87,0,1500,1686,CENTER
1176025.359,TO_CENTER,-0.03,6.57,-33.87,0,1500,1686,CENTER
1176025.380,TO_CENTER,-0.03,6.57,-33.87,0,1500,1686,CENTER
1176025.400,TO_CENTER,-0.03,6.57,-33.87,0,1500,1686,CENTER
1176025.420,TO_CENTER,-0.03,6.57,-33.87,0,1500,1686,CENTER
1176025.441,TO_CENTER,-0.03,6.57,-33.87,0,1500,1686,CENTER
1176025.461,TO_CENTER,-0.03,6.57,-33.87,0,1500,1686,CENTER
1176025.482,TO_CENTER,-0.03,6.57,-33.87,0,1500,1686,CENTER
1176025.502,TO_CENTER,-0.03,6.57,-33.87,0,1500,1686,CENTER
1176025.523,TO_CENTER,-0.03,6.57,-33.87,0,1500,1686,CENTER
1176025.543,TO_CENTER,-0.03,6.57,-33.87,0,1500,1686,CENTER
1176025.564,TO_CENTER,-0.03,6.57,-33.87,0,1500,1686,CENTER
1176025.584,TO_CENTER,-0.03,6.57,-33.87,0,1500,1686,CENTER
1176025.604,TO_CENTER,-0.03,6.57,-33.87,0,1500,1686,CENTER
1176025.625,TO_CENTER,-0.03,6.57,-33.87,0,1500,1686,CENTER
1176025.645,TO_CENTER,-0.03,6.57,-33.87,0,1500,1686,CENTER
1176025.665,TO_CENTER,-0.03,6.57,-33.87,0,1500,1686,CENTER
1176025.685,TO_CENTER,-0.03,6.57,-33.87,0,1500,1686,CENTER
1176025.706,TO_CENTER,-0.03,6.57,-33.87,0,1500,1686,CENTER
1176025.726,TO_CENTER,-0.03,6.57,-33.87,0,1500,1686,CENTER
1176025.747,TO_CENTER,-0.03,6.57,-33.87,0,1500,1686,CENTER
1176025.768,TO_CENTER,-0.03,6.57,-33.87,0,1500,1686,CENTER
1176025.788,TO_CENTER,-0.03,6.57,-33.87,0,1500,1686,CENTER
1176025.808,TO_CENTER,-0.03,6.57,-33.87,0,1500,1686,CENTER
1176025.829,TO_CENTER,-0.03,6.57,-33.87,0,1500,1686,CENTER
1176025.849,TO_CENTER,-0.03,6.57,-33.87,0,1500,1686,CENTER
1176025.869,TO_CENTER,-0.03,6.57,-33.87,0,1500,1686,CENTER
1176025.890,TO_CENTER,-0.03,6.57,-33.87,0,1500,1686,CENTER
1176025.910,TO_CENTER,-0.03,6.57,-33.87,0,1500,1686,CENTER
1176025.931,TO_CENTER,-0.03,6.57,-33.87,0,1500,1686,CENTER
1176025.951,TO_CENTER,-0.03,6.57,-33.87,0,1500,1686,CENTER
1176025.972,TO_CENTER,-0.03,6.57,-33.87,0,1500,1686,CENTER
1176025.992,TO_CENTER,-0.03,6.57,-33.87,0,1500,1686,CENTER
1176026.012,TO_CENTER,-0.03,6.57,-33.87,0,1500,1686,CENTER
1176026.033,TO_CENTER,-0.03,6.57,-33.87,0,1500,1686,CENTER
1176026.053,TO_CENTER,-0.03,6.57,-33.87,0,1500,1686,CENTER
1176026.074,TO_CENTER,-0.03,6.57,-33.87,0,1500,1686,CENTER
1176026.094,TO_CENTER,-0.03,6.57,-33.87,0,1500,1686,CENTER
1176026.116,TO_CENTER,-0.03,6.57,-33.87,0,1500,1686,CENTER
1176026.136,TO_CENTER,-0.03,6.57,-33.87,0,1500,1686,CENTER
1176026.156,TO_CENTER,-0.03,6.57,-33.87,0,1500,1686,CENTER
1176026.177,TO_CENTER,-0.03,6.57,-33.87,0,1500,1686,CENTER
1176026.197,TO_CENTER,-0.03,6.57,-33.87,0,1500,1686,CENTER
1176026.218,TO_CENTER,-0.03,6.57,-33.87,0,1500,1686,CENTER
1176026.238,TO_CENTER,-0.03,6.57,-33.87,0,1500,1686,CENTER
1176026.258,TO_CENTER,-0.03,6.57,-33.87,0,1500,1686,CENTER
1176026.278,TO_CENTER,-0.03,6.57,-33.87,0,1500,1686,CENTER
1176026.299,TO_CENTER,-0.03,6.57,-33.87,0,1500,1686,CENTER
1176026.320,TO_CENTER,-0.03,6.57,-33.87,0,1500,1686,CENTER
1176026.341,TO_CENTER,-0.03,6.57,-33.87,0,1500,1686,CENTER
1176026.361,TO_CENTER,-0.03,6.57,-33.87,0,1500,1686,CENTER
1176026.382,TO_CENTER,-0.03,6.57,-33.87,0,1500,1686,CENTER
1176026.403,TO_CENTER,-0.03,6.57,-33.87,0,1500,1686,CENTER
1176026.423,TO_CENTER,-0.03,6.57,-33.87,0,1500,1686,CENTER
1176026.443,TO_CENTER,-0.03,6.57,-33.87,0,1500,1686,CENTER
1176026.464,TO_CENTER,-0.03,6.57,-33.87,0,1500,1686,CENTER
1176026.484,TO_CENTER,-0.03,6.57,-33.87,0,1500,1686,CENTER
1176026.505,TO_CENTER,-0.03,6.57,-33.87,0,1500,1686,CENTER
1176026.526,TO_CENTER,-0.03,6.57,-33.87,0,1500,1686,CENTER
1176026.546,TO_CENTER,-0.03,6.57,-33.87,0,1500,1686,CENTER
1176026.567,TO_CENTER,-0.03,6.57,-33.87,0,1500,1686,CENTER
1176026.587,TO_CENTER,-0.03,6.57,-33.87,0,1500,1686,CENTER
1176026.608,TO_CENTER,-0.03,6.57,-33.87,0,1500,1686,CENTER
1176026.628,TO_CENTER,-0.03,6.57,-33.87,0,1500,1686,CENTER
1176026.649,TO_CENTER,-0.03,6.57,-33.87,0,1500,1686,CENTER
1176026.670,TO_CENTER,-0.03,6.57,-33.87,0,1500,1686,CENTER
1176026.690,TO_CENTER,-0.03,6.57,-33.87,0,1500,1686,CENTER
1176026.712,TO_CENTER,-0.03,6.57,-33.87,0,1500,1686,CENTER
1176026.732,TO_CENTER,-0.03,6.57,-33.87,0,1500,1686,CENTER
1176026.752,TO_CENTER,-0.03,6.57,-33.87,0,1500,1686,CENTER
1176026.773,TO_CENTER,-0.03,6.57,-33.87,0,1500,1686,CENTER
1176026.793,TO_CENTER,-0.03,6.57,-33.87,0,1500,1686,CENTER
1176026.814,TO_CENTER,-0.03,6.57,-33.87,0,1500,1686,CENTER
1176026.834,TO_CENTER,-0.03,6.57,-33.87,0,1500,1686,CENTER
1176026.854,TO_CENTER,-0.03,6.57,-33.87,0,1500,1686,CENTER
1176026.875,TO_CENTER,-0.03,6.57,-33.87,0,1500,1686,CENTER
1176026.895,TO_CENTER,-0.03,6.57,-33.87,0,1500,1686,CENTER
1176026.916,TO_CENTER,-0.03,6.57,-33.87,0,1500,1686,CENTER
1176026.936,TO_CENTER,-0.03,6.57,-33.87,0,1500,1686,CENTER
1176026.957,TO_CENTER,-0.03,6.57,-33.87,0,1500,1686,CENTER
1176026.977,TO_CENTER,-0.03,6.57,-33.87,0,1500,1686,CENTER
1176026.997,TO_CENTER,-0.03,6.57,-33.87,0,1500,1686,CENTER
1176027.018,TO_CENTER,-0.03,6.57,-33.87,0,1500,1686,CENTER
1176027.039,TO_CENTER,-0.03,6.57,-33.87,0,1500,1686,CENTER
1176027.059,TO_CENTER,-0.03,6.57,-33.87,0,1500,1686,CENTER
1176027.079,TO_CENTER,-0.03,6.57,-33.87,0,1500,1686,CENTER
1176027.100,TO_CENTER,-0.03,6.57,-33.87,0,1500,1686,CENTER
1176027.120,TO_CENTER,-0.03,6.57,-33.87,0,1500,1686,CENTER
1176027.141,TO_CENTER,-0.03,6.57,-33.87,0,1500,1686,CENTER
1176027.161,TO_CENTER,-0.03,6.57,-33.87,0,1500,1686,CENTER
1176027.182,TO_CENTER,-0.03,6.57,-33.87,0,1500,1686,CENTER
1176027.202,TO_CENTER,-0.03,6.57,-33.87,0,1500,1686,CENTER
1176027.223,TO_CENTER,-0.03,6.57,-33.87,0,1500,1686,CENTER
1176027.244,TO_CENTER,-0.03,6.57,-33.87,0,1500,1686,CENTER
1176027.264,TO_CENTER,-0.03,6.57,-33.87,0,1500,1686,CENTER
1176027.285,TO_CENTER,-0.03,6.57,-33.87,0,1500,1686,CENTER
1176027.305,TO_CENTER,-0.03,6.57,-33.87,0,1500,1686,CENTER
1176027.325,TO_CENTER,-0.03,6.57,-33.87,0,1500,1686,CENTER
1176027.346,TO_CENTER,-0.03,6.57,-33.87,0,1500,1686,CENTER
1176027.366,TO_CENTER,-0.03,6.57,-33.87,0,1500,1686,CENTER
1176027.387,TO_CENTER,-0.03,6.57,-33.87,0,1500,1686,CENTER
1176027.407,TO_CENTER,-0.03,6.57,-33.87,0,1500,1686,CENTER
1176027.427,TO_CENTER,-0.03,6.57,-33.87,0,1500,1686,CENTER
1176027.448,TO_CENTER,-0.03,6.57,-33.87,0,1500,1686,CENTER
1176027.468,TO_CENTER,-0.03,6.57,-33.87,0,1500,1686,CENTER
1176027.488,TO_CENTER,-0.03,6.57,-33.87,0,1500,1686,CENTER
1176027.509,TO_CENTER,-0.03,6.57,-33.87,0,1500,1686,CENTER
1176027.529,TO_CENTER,-0.03,6.57,-33.87,0,1500,1686,CENTER
1176027.549,TO_CENTER,-0.03,6.57,-33.87,0,1500,1686,CENTER
1176027.569,TO_CENTER,-0.03,6.57,-33.87,0,1500,1686,CENTER
1176027.590,TO_CENTER,-0.03,6.57,-33.87,0,1500,1686,CENTER
1176027.610,TO_CENTER,-0.03,6.57,-33.87,0,1500,1686,CENTER
1176027.631,TO_CENTER,-0.03,6.57,-33.87,0,1500,1686,CENTER
1176027.651,TO_CENTER,-0.03,6.57,-33.87,0,1500,1686,CENTER
1176027.672,TO_CENTER,-0.03,6.57,-33.87,0,1500,1686,CENTER
1176027.692,TO_CENTER,-0.03,6.57,-33.87,0,1500,1686,CENTER
1176027.713,TO_CENTER,-0.03,6.57,-33.87,0,1500,1686,CENTER
1176027.733,TO_CENTER,-0.03,6.57,-33.87,0,1500,1686,CENTER
1176027.753,TO_CENTER,-0.03,6.57,-33.87,0,1500,1686,CENTER
1176027.774,TO_CENTER,-0.03,6.57,-33.87,0,1500,1686,CENTER
1176027.795,TO_CENTER,-0.03,6.57,-33.87,0,1500,1686,CENTER
1176027.815,TO_CENTER,-0.03,6.57,-33.87,0,1500,1686,CENTER
1176027.835,TO_CENTER,-0.03,6.57,-33.87,0,1500,1686,CENTER
1176027.855,TO_CENTER,-0.03,6.57,-33.87,0,1500,1686,CENTER
1176027.876,TO_CENTER,-0.03,6.57,-33.87,0,1500,1686,CENTER
1176027.896,TO_CENTER,-0.03,6.57,-33.87,0,1500,1686,CENTER
1176027.917,TO_CENTER,-0.03,6.57,-33.87,0,1500,1686,CENTER
1176027.937,TO_CENTER,-0.03,6.57,-33.87,0,1500,1686,CENTER
1176027.957,TO_CENTER,-0.03,6.57,-33.87,0,1500,1686,CENTER
1176027.978,TO_CENTER,-0.03,6.57,-33.87,0,1500,1686,CENTER
1176027.999,TO_CENTER,-0.03,6.57,-33.87,0,1500,1686,CENTER
1176028.019,TO_CENTER,-0.03,6.57,-33.87,0,1500,1686,CENTER
1176028.041,TO_CENTER,-0.03,6.57,-33.87,0,1500,1686,CENTER
1176028.062,TO_CENTER,-0.03,6.57,-33.87,0,1500,1686,CENTER
1176028.082,TO_CENTER,-0.03,6.57,-33.87,0,1500,1686,CENTER
1176028.103,TO_CENTER,-0.03,6.57,-33.87,0,1500,1686,CENTER
1176028.123,TO_CENTER,-0.03,6.57,-33.87,0,1500,1686,CENTER
1176028.144,TO_CENTER,-0.03,6.57,-33.87,0,1500,1686,CENTER
1176028.166,TO_CENTER,-0.03,6.57,-33.87,0,1500,1686,CENTER
1176028.186,TO_CENTER,-0.03,6.57,-33.87,0,1500,1686,CENTER
1176028.206,TO_CENTER,-0.03,6.57,-33.87,0,1500,1686,CENTER
1176028.227,TO_CENTER,-0.03,6.57,-33.87,0,1500,1686,CENTER
1176028.247,TO_CENTER,-0.03,6.57,-33.87,0,1500,1686,CENTER
1176028.268,TO_CENTER,-0.03,6.57,-33.87,0,1500,1686,CENTER
1176028.288,TO_CENTER,-0.03,6.57,-33.87,0,1500,1686,CENTER
1176028.309,TO_CENTER,-0.03,6.57,-33.87,0,1500,1686,CENTER
1176028.329,TO_CENTER,-0.03,6.57,-33.87,0,1500,1686,CENTER
1176028.350,TO_CENTER,-0.03,6.57,-33.87,0,1500,1686,CENTER
1176028.370,TO_CENTER,-0.03,6.57,-33.87,0,1500,1686,CENTER
1176028.390,TO_CENTER,-0.03,6.57,-33.87,0,1500,1686,CENTER
1176028.411,TO_CENTER,-0.03,6.57,-33.87,0,1500,1686,CENTER
1176028.433,TO_CENTER,-0.03,6.57,-33.87,0,1500,1686,CENTER
1176028.453,TO_CENTER,-0.03,6.57,-33.87,0,1500,1686,CENTER
1176028.474,TO_CENTER,-0.03,6.57,-33.87,0,1500,1686,CENTER
1176028.495,TO_CENTER,-0.03,6.57,-33.87,0,1500,1686,CENTER
1176028.516,TO_CENTER,-0.03,6.57,-33.87,0,1500,1686,CENTER
1176028.536,TO_CENTER,-0.03,6.57,-33.87,0,1500,1686,CENTER
1176028.559,TO_CENTER,-0.03,6.57,-33.87,0,1500,1686,CENTER
1176028.579,TO_CENTER,-0.03,6.57,-33.87,0,1500,1686,CENTER
1176028.599,TO_CENTER,-0.03,6.57,-33.87,0,1500,1686,CENTER
1176028.620,TO_CENTER,-0.03,6.57,-33.87,0,1500,1686,CENTER
1176028.640,TO_CENTER,-0.03,6.57,-33.87,0,1500,1686,CENTER
1176028.661,TO_CENTER,-0.03,6.57,-33.87,0,1500,1686,CENTER
1176028.682,TO_CENTER,-0.03,6.57,-33.87,0,1500,1686,CENTER
1176028.703,TO_CENTER,-0.03,6.57,-33.87,0,1500,1686,CENTER
1176028.723,TO_CENTER,-0.03,6.57,-33.87,0,1500,1686,CENTER
1176028.744,TO_CENTER,-0.03,6.57,-33.87,0,1500,1686,CENTER
1176028.764,TO_CENTER,-0.03,6.57,-33.87,0,1500,1686,CENTER
1176028.784,TO_CENTER,-0.03,6.57,-33.87,0,1500,1686,CENTER
1176028.805,TO_CENTER,-0.03,6.57,-33.87,0,1500,1686,CENTER
1176028.825,TO_CENTER,-0.03,6.57,-33.87,0,1500,1686,CENTER
1176028.845,TO_CENTER,-0.03,6.57,-33.87,0,1500,1686,CENTER
1176028.866,TO_CENTER,-0.03,6.57,-33.87,0,1500,1686,CENTER
1176028.886,TO_CENTER,-0.03,6.57,-33.87,0,1500,1686,CENTER
1176028.907,TO_CENTER,-0.03,6.57,-33.87,0,1500,1686,CENTER
1176028.927,TO_CENTER,-0.03,6.57,-33.87,0,1500,1686,CENTER
1176028.947,TO_CENTER,-0.03,6.57,-33.87,0,1500,1686,CENTER
1176028.968,TO_CENTER,-0.03,6.57,-33.87,0,1500,1686,CENTER
1176028.989,TO_CENTER,-0.03,6.57,-33.87,0,1500,1686,CENTER
1176029.009,TO_CENTER,-0.03,6.57,-33.87,0,1500,1686,CENTER
1176029.030,TO_CENTER,-0.03,6.57,-33.87,0,1500,1686,CENTER
1176029.051,TO_CENTER,-0.03,6.57,-33.87,0,1500,1686,CENTER
1176029.071,TO_CENTER,-0.03,6.57,-33.87,0,1500,1686,CENTER
1176029.093,TO_CENTER,-0.03,6.57,-33.87,0,1500,1686,CENTER
1176029.113,TO_CENTER,-0.03,6.57,-33.87,0,1500,1686,CENTER
1176029.134,TO_CENTER,-0.03,6.57,-33.87,0,1500,1686,CENTER
1176029.155,TO_CENTER,-0.03,6.57,-33.87,0,1500,1686,CENTER
1176029.176,TO_CENTER,-0.03,6.57,-33.87,0,1500,1686,CENTER
1176029.196,TO_CENTER,-0.03,6.57,-33.87,0,1500,1686,CENTER
1176029.217,TO_CENTER,-0.03,6.57,-33.87,0,1500,1686,CENTER
1176029.237,TO_CENTER,-0.03,6.57,-33.87,0,1500,1686,CENTER
1176029.257,TO_CENTER,-0.03,6.57,-33.87,0,1500,1686,CENTER
1176029.277,TO_CENTER,-0.03,6.57,-33.87,0,1500,1686,CENTER
1176029.298,TO_CENTER,-0.03,6.57,-33.87,0,1500,1686,CENTER
1176029.318,TO_CENTER,-0.03,6.57,-33.87,0,1500,1686,CENTER
1176029.339,TO_CENTER,-0.03,6.57,-33.87,0,1500,1686,CENTER
1176029.360,TO_CENTER,-0.03,6.57,-33.87,0,1500,1686,CENTER
1176029.380,TO_CENTER,-0.03,6.57,-33.87,0,1500,1686,CENTER
1176029.401,TO_CENTER,-0.03,6.57,-33.87,0,1500,1686,CENTER
1176029.422,TO_CENTER,-0.03,6.57,-33.87,0,1500,1686,CENTER
1176029.443,TO_CENTER,-0.03,6.57,-33.87,0,1500,1686,CENTER
1176029.463,TO_CENTER,-0.03,6.57,-33.87,0,1500,1686,CENTER
1176029.484,TO_CENTER,-0.03,6.57,-33.87,0,1500,1686,CENTER
1176029.504,TO_CENTER,-0.03,6.57,-33.87,0,1500,1686,CENTER
1176029.524,TO_CENTER,-0.03,6.57,-33.87,0,1500,1686,CENTER
1176029.546,TO_CENTER,-0.03,6.57,-33.87,0,1500,1686,CENTER
1176029.566,TO_CENTER,-0.03,6.57,-33.87,0,1500,1686,CENTER
1176029.586,TO_CENTER,-0.03,6.57,-33.87,0,1500,1686,CENTER
1176029.607,TO_CENTER,-0.03,6.57,-33.87,0,1500,1686,CENTER
1176029.627,TO_CENTER,-0.03,6.57,-33.87,0,1500,1686,CENTER
1176029.647,TO_CENTER,-0.03,6.57,-33.87,0,1500,1686,CENTER
1176029.668,TO_CENTER,-0.03,6.57,-33.87,0,1500,1686,CENTER
1176029.688,TO_CENTER,-0.03,6.57,-33.87,0,1500,1686,CENTER
1176029.709,TO_CENTER,-0.03,6.57,-33.87,0,1500,1686,CENTER
1176029.729,TO_CENTER,-0.03,6.57,-33.87,0,1500,1686,CENTER
1176029.749,TO_CENTER,-0.03,6.57,-33.87,0,1500,1686,CENTER
1176029.770,TO_CENTER,-0.03,6.57,-33.87,0,1500,1686,CENTER
1176029.790,TO_CENTER,-0.03,6.57,-33.87,0,1500,1686,CENTER
1176029.812,TO_CENTER,-0.03,6.57,-33.87,0,1500,1686,CENTER
1176029.833,TO_CENTER,-0.03,6.57,-33.87,0,1500,1686,CENTER
1176029.853,TO_CENTER,-0.03,6.57,-33.87,0,1500,1686,CENTER
1176029.877,TO_CENTER,-0.03,6.57,-33.87,0,1500,1686,CENTER
1176029.897,TO_CENTER,-0.03,6.57,-33.87,0,1500,1686,CENTER
1176029.918,TO_CENTER,-0.03,6.57,-33.87,0,1500,1686,CENTER
1176029.938,TO_CENTER,-0.03,6.57,-33.87,0,1500,1686,CENTER
1176029.959,TO_CENTER,-0.03,6.57,-33.87,0,1500,1686,CENTER
1176029.979,TO_CENTER,-0.03,6.57,-33.87,0,1500,1686,CENTER
1176030.000,TO_CENTER,-0.03,6.57,-33.87,0,1500,1686,CENTER
1176030.021,TO_CENTER,-0.03,6.57,-33.87,0,1500,1686,CENTER
1176030.042,TO_CENTER,-0.03,6.57,-33.87,0,1500,1686,CENTER
1176030.063,TO_CENTER,-0.03,6.57,-33.87,0,1500,1686,CENTER
1176030.091,TO_CENTER,-0.03,6.57,-33.87,0,1500,1686,CENTER
1176030.112,TO_CENTER,-0.03,6.57,-33.87,0,1500,1686,CENTER
1176030.132,TO_CENTER,-0.03,6.57,-33.87,0,1500,1686,CENTER
1176030.152,TO_CENTER,-0.03,6.57,-33.87,0,1500,1686,CENTER
1176030.173,TO_CENTER,-0.03,6.57,-33.87,0,1500,1686,CENTER
1176030.193,TO_CENTER,-0.03,6.57,-33.87,0,1500,1686,CENTER
1176030.213,TO_CENTER,-0.03,6.57,-33.87,0,1500,1686,CENTER
1176030.234,TO_CENTER,-0.03,6.57,-33.87,0,1500,1686,CENTER
1176030.254,TO_CENTER,-0.03,6.57,-33.87,0,1500,1686,CENTER
1176030.275,TO_CENTER,-0.03,6.57,-33.87,0,1500,1686,CENTER
1176030.296,TO_CENTER,-0.03,6.57,-33.87,0,1500,1686,CENTER
1176030.317,TO_CENTER,-0.03,6.57,-33.87,0,1500,1686,CENTER
1176030.337,TO_CENTER,-0.03,6.57,-33.87,0,1500,1686,CENTER
1176030.358,TO_CENTER,-0.03,6.57,-33.87,0,1500,1686,CENTER
1176030.378,TO_CENTER,-0.03,6.57,-33.87,0,1500,1686,CENTER
1176030.399,TO_CENTER,-0.03,6.57,-33.87,0,1500,1686,CENTER
1176030.420,TO_CENTER,-0.03,6.57,-33.87,0,1500,1686,CENTER
1176030.441,TO_CENTER,-0.03,6.57,-33.87,0,1500,1686,CENTER
1176030.461,TO_CENTER,-0.03,6.57,-33.87,0,1500,1686,CENTER
1176030.482,TO_CENTER,-0.03,6.57,-33.87,0,1500,1686,CENTER
1176030.503,TO_CENTER,-0.03,6.57,-33.87,0,1500,1686,CENTER
1176030.523,TO_CENTER,-0.03,6.57,-33.87,0,1500,1686,CENTER
1176030.543,TO_CENTER,-0.03,6.57,-33.87,0,1500,1686,CENTER
1176030.564,TO_CENTER,-0.03,6.57,-33.87,0,1500,1686,CENTER
1176030.584,TO_CENTER,-0.03,6.57,-33.87,0,1500,1686,CENTER
1176030.605,TO_CENTER,-0.03,6.57,-33.87,0,1500,1686,CENTER
1176030.625,TO_CENTER,-0.03,6.57,-33.87,0,1500,1686,CENTER
1176030.645,TO_CENTER,-0.03,6.57,-33.87,0,1500,1686,CENTER
1176030.665,TO_CENTER,-0.03,6.57,-33.87,0,1500,1686,CENTER
1176030.686,TO_CENTER,-0.03,6.57,-33.87,0,1500,1686,CENTER
1176030.707,TO_CENTER,-0.03,6.57,-33.87,0,1500,1686,CENTER
1176030.727,TO_CENTER,-0.03,6.57,-33.87,0,1500,1686,CENTER
1176030.748,TO_CENTER,-0.03,6.57,-33.87,0,1500,1686,CENTER
1176030.768,TO_CENTER,-0.03,6.57,-33.87,0,1500,1686,CENTER
1176030.789,TO_CENTER,-0.03,6.57,-33.87,0,1500,1686,CENTER
1176030.809,TO_CENTER,-0.03,6.57,-33.87,0,1500,1686,CENTER
1176030.829,TO_CENTER,-0.03,6.57,-33.87,0,1500,1686,CENTER
1176030.849,TO_CENTER,-0.03,6.57,-33.87,0,1500,1686,CENTER
1176030.870,TO_CENTER,-0.03,6.57,-33.87,0,1500,1686,CENTER
1176030.891,TO_CENTER,-0.03,6.57,-33.87,0,1500,1686,CENTER
1176030.911,TO_CENTER,-0.03,6.57,-33.87,0,1500,1686,CENTER
1176030.932,TO_CENTER,-0.03,6.57,-33.87,0,1500,1686,CENTER
1176030.954,TO_CENTER,-0.03,6.57,-33.87,0,1500,1686,CENTER
1176030.974,TO_CENTER,-0.03,6.57,-33.87,0,1500,1686,CENTER
1176030.995,TO_CENTER,-0.03,6.57,-33.87,0,1500,1686,CENTER
1176031.016,TO_CENTER,-0.03,6.57,-33.87,0,1500,1686,CENTER
1176031.036,TO_CENTER,-0.03,6.57,-33.87,0,1500,1686,CENTER
1176031.056,TO_CENTER,-0.03,6.57,-33.87,0,1500,1686,CENTER
1176031.076,TO_CENTER,-0.03,6.57,-33.87,0,1500,1686,CENTER
1176031.097,TO_CENTER,-0.03,6.57,-33.87,0,1500,1686,CENTER
1176031.117,TO_CENTER,-0.03,6.57,-33.87,0,1500,1686,CENTER
1176031.138,TO_CENTER,-0.03,6.57,-33.87,0,1500,1686,CENTER
1176031.158,TO_CENTER,-0.03,6.57,-33.87,0,1500,1686,CENTER
1176031.179,TO_CENTER,-0.03,6.57,-33.87,0,1500,1686,CENTER
1176031.199,TO_CENTER,-0.03,6.57,-33.87,0,1500,1686,CENTER
1176031.220,TO_CENTER,-0.03,6.57,-33.87,0,1500,1686,CENTER
1176031.241,TO_CENTER,-0.03,6.57,-33.87,0,1500,1686,CENTER
1176031.261,TO_CENTER,-0.03,6.57,-33.87,0,1500,1686,CENTER
1176031.281,TO_CENTER,-0.03,6.57,-33.87,0,1500,1686,CENTER
1176031.302,TO_CENTER,-0.03,6.57,-33.87,0,1500,1686,CENTER
1176031.322,TO_CENTER,-0.03,6.57,-33.87,0,1500,1686,CENTER
1176031.342,TO_CENTER,-0.03,6.57,-33.87,0,1500,1686,CENTER
1176031.363,TO_CENTER,-0.03,6.57,-33.87,0,1500,1686,CENTER
1176031.383,TO_CENTER,-0.03,6.57,-33.87,0,1500,1686,CENTER
1176031.403,TO_CENTER,-0.03,6.57,-33.87,0,1500,1686,CENTER
1176031.425,TO_CENTER,-0.03,6.57,-33.87,0,1500,1686,CENTER
1176031.445,TO_CENTER,-0.03,6.57,-33.87,0,1500,1686,CENTER
1176031.468,TO_CENTER,-0.03,6.57,-33.87,0,1500,1686,CENTER
1176031.488,TO_CENTER,-0.03,6.57,-33.87,0,1500,1686,CENTER
1176031.509,TO_CENTER,-0.03,6.57,-33.87,0,1500,1686,CENTER
1176031.529,TO_CENTER,-0.03,6.57,-33.87,0,1500,1686,CENTER
1176031.550,TO_CENTER,-0.03,6.57,-33.87,0,1500,1686,CENTER
1176031.570,TO_CENTER,-0.03,6.57,-33.87,0,1500,1686,CENTER
1176031.590,TO_CENTER,-0.03,6.57,-33.87,0,1500,1686,CENTER
1176031.611,TO_CENTER,-0.03,6.57,-33.87,0,1500,1686,CENTER
1176031.631,TO_CENTER,-0.03,6.57,-33.87,0,1500,1686,CENTER
1176031.652,TO_CENTER,-0.03,6.57,-33.87,0,1500,1686,CENTER
1176031.672,TO_CENTER,-0.03,6.57,-33.87,0,1500,1686,CENTER
1176031.693,TO_CENTER,-0.03,6.57,-33.87,0,1500,1686,CENTER
1176031.713,TO_CENTER,-0.03,6.57,-33.87,0,1500,1686,CENTER
1176031.734,TO_CENTER,-0.03,6.57,-33.87,0,1500,1686,CENTER
1176031.754,TO_CENTER,-0.03,6.57,-33.87,0,1500,1686,CENTER
1176031.774,TO_CENTER,-0.03,6.57,-33.87,0,1500,1686,CENTER
1176031.795,TO_CENTER,-0.03,6.57,-33.87,0,1500,1686,CENTER
1176031.815,TO_CENTER,-0.03,6.57,-33.87,0,1500,1686,CENTER
1176031.836,TO_CENTER,-0.03,6.57,-33.87,0,1500,1686,CENTER
1176031.856,TO_CENTER,-0.03,6.57,-33.87,0,1500,1686,CENTER
1176031.876,TO_CENTER,-0.03,6.57,-33.87,0,1500,1686,CENTER
1176031.897,TO_CENTER,-0.03,6.57,-33.87,0,1500,1686,CENTER
1176031.917,TO_CENTER,-0.03,6.57,-33.87,0,1500,1686,CENTER
1176031.938,TO_CENTER,-0.03,6.57,-33.87,0,1500,1686,CENTER
1176031.958,TO_CENTER,-0.03,6.57,-33.87,0,1500,1686,CENTER
1176031.979,TO_CENTER,-0.03,6.57,-33.87,0,1500,1686,CENTER
1176031.999,TO_CENTER,-0.03,6.57,-33.87,0,1500,1686,CENTER
1176032.020,TO_CENTER,-0.03,6.57,-33.87,0,1500,1686,CENTER
1176032.040,TO_CENTER,-0.03,6.57,-33.87,0,1500,1686,CENTER
1176032.060,TO_CENTER,-0.03,6.57,-33.87,0,1500,1686,CENTER
1176032.081,TO_CENTER,-0.03,6.57,-33.87,0,1500,1686,CENTER
1176032.101,TO_CENTER,-0.03,6.57,-33.87,0,1500,1686,CENTER
1176032.121,TO_CENTER,-0.03,6.57,-33.87,0,1500,1686,CENTER
1176032.142,TO_CENTER,-0.03,6.57,-33.87,0,1500,1686,CENTER
1176032.162,TO_CENTER,-0.03,6.57,-33.87,0,1500,1686,CENTER
1176032.183,TO_CENTER,-0.03,6.57,-33.87,0,1500,1686,CENTER
1176032.203,TO_CENTER,-0.03,6.57,-33.87,0,1500,1686,CENTER
1176032.224,TO_CENTER,-0.03,6.57,-33.87,0,1500,1686,CENTER
1176032.244,TO_CENTER,-0.03,6.57,-33.87,0,1500,1686,CENTER
1176032.264,TO_CENTER,-0.03,6.57,-33.87,0,1500,1686,CENTER
1176032.284,TO_CENTER,-0.03,6.57,-33.87,0,1500,1686,CENTER
1176032.305,TO_CENTER,-0.03,6.57,-33.87,0,1500,1686,CENTER
1176032.326,TO_CENTER,-0.03,6.57,-33.87,0,1500,1686,CENTER
1176032.346,TO_CENTER,-0.03,6.57,-33.87,0,1500,1686,CENTER
1176032.366,TO_CENTER,-0.03,6.57,-33.87,0,1500,1686,CENTER
1176032.387,TO_CENTER,-0.03,6.57,-33.87,0,1500,1686,CENTER
1176032.407,TO_CENTER,-0.03,6.57,-33.87,0,1500,1686,CENTER
1176032.427,TO_CENTER,-0.03,6.57,-33.87,0,1500,1686,CENTER
1176032.448,TO_CENTER,-0.03,6.57,-33.87,0,1500,1686,CENTER
1176032.469,TO_CENTER,-0.03,6.57,-33.87,0,1500,1686,CENTER
1176032.489,TO_CENTER,-0.03,6.57,-33.87,0,1500,1686,CENTER
1176032.509,TO_CENTER,-0.03,6.57,-33.87,0,1500,1686,CENTER
1176032.529,TO_CENTER,-0.03,6.57,-33.87,0,1500,1686,CENTER
1176032.550,TO_CENTER,-0.03,6.57,-33.87,0,1500,1686,CENTER
1176032.570,TO_CENTER,-0.03,6.57,-33.87,0,1500,1686,CENTER
1176032.590,TO_CENTER,-0.03,6.57,-33.87,0,1500,1686,CENTER
1176032.611,TO_CENTER,-0.03,6.57,-33.87,0,1500,1686,CENTER
1176032.632,TO_CENTER,-0.03,6.57,-33.87,0,1500,1686,CENTER
1176032.652,TO_CENTER,-0.03,6.57,-33.87,0,1500,1686,CENTER
1176032.672,TO_CENTER,-0.03,6.57,-33.87,0,1500,1686,CENTER
1176032.693,TO_CENTER,-0.03,6.57,-33.87,0,1500,1686,CENTER
1176032.713,TO_CENTER,-0.03,6.57,-33.87,0,1500,1686,CENTER
1176032.734,TO_CENTER,-0.03,6.57,-33.87,0,1500,1686,CENTER
1176032.754,TO_CENTER,-0.03,6.57,-33.87,0,1500,1686,CENTER
1176032.774,TO_CENTER,-0.03,6.57,-33.87,0,1500,1686,CENTER
1176032.794,TO_CENTER,-0.03,6.57,-33.87,0,1500,1686,CENTER
1176032.815,TO_CENTER,-0.03,6.57,-33.87,0,1500,1686,CENTER
1176032.835,TO_CENTER,-0.03,6.57,-33.87,0,1500,1686,CENTER
1176032.855,TO_CENTER,-0.03,6.57,-33.87,0,1500,1686,CENTER
1176032.875,TO_CENTER,-0.03,6.57,-33.87,0,1500,1686,CENTER
1176032.896,TO_CENTER,-0.03,6.57,-33.87,0,1500,1686,CENTER
1176032.916,TO_CENTER,-0.03,6.57,-33.87,0,1500,1686,CENTER
1176032.937,TO_CENTER,-0.03,6.57,-33.87,0,1500,1686,CENTER
1176032.957,TO_CENTER,-0.03,6.57,-33.87,0,1500,1686,CENTER
1176032.978,TO_CENTER,-0.03,6.57,-33.87,0,1500,1686,CENTER
1176032.998,TO_CENTER,-0.03,6.57,-33.87,0,1500,1686,CENTER
1176033.018,TO_CENTER,-0.03,6.57,-33.87,0,1500,1686,CENTER
1176033.039,TO_CENTER,-0.03,6.57,-33.87,0,1500,1686,CENTER
1176033.059,TO_CENTER,-0.03,6.57,-33.87,0,1500,1686,CENTER
1176033.080,TO_CENTER,-0.03,6.57,-33.87,0,1500,1686,CENTER
1176033.100,TO_CENTER,-0.03,6.57,-33.87,0,1500,1686,CENTER
1176033.121,TO_CENTER,-0.03,6.57,-33.87,0,1500,1686,CENTER
1176033.141,TO_CENTER,-0.03,6.57,-33.87,0,1500,1686,CENTER
1176033.162,TO_CENTER,-0.03,6.57,-33.87,0,1500,1686,CENTER
1176033.182,TO_CENTER,-0.03,6.57,-33.87,0,1500,1686,CENTER
1176033.202,TO_CENTER,-0.03,6.57,-33.87,0,1500,1686,CENTER
1176033.223,TO_CENTER,-0.03,6.57,-33.87,0,1500,1686,CENTER
1176033.243,TO_CENTER,-0.03,6.57,-33.87,0,1500,1686,CENTER
1176033.264,TO_CENTER,-0.03,6.57,-33.87,0,1500,1686,CENTER
1176033.285,TO_CENTER,-0.03,6.57,-33.87,0,1500,1686,CENTER
1176033.305,TO_CENTER,-0.03,6.57,-33.87,0,1500,1686,CENTER
1176033.326,TO_CENTER,-0.03,6.57,-33.87,0,1500,1686,CENTER
1176033.346,TO_CENTER,-0.03,6.57,-33.87,0,1500,1686,CENTER
1176033.366,TO_CENTER,-0.03,6.57,-33.87,0,1500,1686,CENTER
1176033.387,TO_CENTER,-0.03,6.57,-33.87,0,1500,1686,CENTER
1176033.407,TO_CENTER,-0.03,6.57,-33.87,0,1500,1686,CENTER
1176033.427,TO_CENTER,-0.03,6.57,-33.87,0,1500,1686,CENTER
1176033.448,TO_CENTER,-0.03,6.57,-33.87,0,1500,1686,CENTER
1176033.468,TO_CENTER,-0.03,6.57,-33.87,0,1500,1686,CENTER
1176033.489,TO_CENTER,-0.03,6.57,-33.87,0,1500,1686,CENTER
1176033.509,TO_CENTER,-0.03,6.57,-33.87,0,1500,1686,CENTER
1176033.530,TO_CENTER,-0.03,6.57,-33.87,0,1500,1686,CENTER
1176033.550,TO_CENTER,-0.03,6.57,-33.87,0,1500,1686,CENTER
1176033.570,TO_CENTER,-0.03,6.57,-33.87,0,1500,1686,CENTER
1176033.590,TO_CENTER,-0.03,6.57,-33.87,0,1500,1686,CENTER
1176033.611,TO_CENTER,-0.03,6.57,-33.87,0,1500,1686,CENTER
1176033.632,TO_CENTER,-0.03,6.57,-33.87,0,1500,1686,CENTER
1176033.652,TO_CENTER,-0.03,6.57,-33.87,0,1500,1686,CENTER
1176033.673,TO_CENTER,-0.03,6.57,-33.87,0,1500,1686,CENTER
1176033.693,TO_CENTER,-0.03,6.57,-33.87,0,1500,1686,CENTER
1176033.714,TO_CENTER,-0.03,6.57,-33.87,0,1500,1686,CENTER
1176033.734,TO_CENTER,-0.03,6.57,-33.87,0,1500,1686,CENTER
1176033.754,TO_CENTER,-0.03,6.57,-33.87,0,1500,1686,CENTER
1176033.775,TO_CENTER,-0.03,6.57,-33.87,0,1500,1686,CENTER
1176033.795,TO_CENTER,-0.03,6.57,-33.87,0,1500,1686,CENTER
1176033.816,TO_CENTER,-0.03,6.57,-33.87,0,1500,1686,CENTER
1176033.836,TO_CENTER,-0.03,6.57,-33.87,0,1500,1686,CENTER
1176033.857,TO_CENTER,-0.03,6.57,-33.87,0,1500,1686,CENTER
1176033.877,TO_CENTER,-0.03,6.57,-33.87,0,1500,1686,CENTER
1176033.898,TO_CENTER,-0.03,6.57,-33.87,0,1500,1686,CENTER
1176033.918,TO_CENTER,-0.03,6.57,-33.87,0,1500,1686,CENTER
1176033.939,TO_CENTER,-0.03,6.57,-33.87,0,1500,1686,CENTER
1176033.960,TO_CENTER,-0.03,6.57,-33.87,0,1500,1686,CENTER
1176033.980,TO_CENTER,-0.03,6.57,-33.87,0,1500,1686,CENTER
1176034.001,TO_CENTER,-0.03,6.57,-33.87,0,1500,1686,CENTER
1176034.022,TO_CENTER,-0.03,6.57,-33.87,0,1500,1686,CENTER
1176034.042,TO_CENTER,-0.03,6.57,-33.87,0,1500,1686,CENTER
1176034.063,TO_CENTER,-0.03,6.57,-33.87,0,1500,1686,CENTER
1176034.083,TO_CENTER,-0.03,6.57,-33.87,0,1500,1686,CENTER
1176034.104,TO_CENTER,-0.03,6.57,-33.87,0,1500,1686,CENTER
1176034.124,TO_CENTER,-0.03,6.57,-33.87,0,1500,1686,CENTER
1176034.144,TO_CENTER,-0.03,6.57,-33.87,0,1500,1686,CENTER
1176034.165,TO_CENTER,-0.03,6.57,-33.87,0,1500,1686,CENTER
1176034.185,TO_CENTER,-0.03,6.57,-33.87,0,1500,1686,CENTER
1176034.205,TO_CENTER,-0.03,6.57,-33.87,0,1500,1686,CENTER
1176034.226,TO_CENTER,-0.03,6.57,-33.87,0,1500,1686,CENTER
1176034.246,TO_CENTER,-0.03,6.57,-33.87,0,1500,1686,CENTER
1176034.267,TO_CENTER,-0.03,6.57,-33.87,0,1500,1686,CENTER
1176034.288,TO_CENTER,-0.03,6.57,-33.87,0,1500,1686,CENTER
1176034.308,TO_CENTER,-0.03,6.57,-33.87,0,1500,1686,CENTER
1176034.330,TO_CENTER,-0.03,6.57,-33.87,0,1500,1686,CENTER
1176034.350,TO_CENTER,-0.03,6.57,-33.87,0,1500,1686,CENTER
1176034.370,TO_CENTER,-0.03,6.57,-33.87,0,1500,1686,CENTER
1176034.392,TO_CENTER,-0.03,6.57,-33.87,0,1500,1686,CENTER
1176034.412,TO_CENTER,-0.03,6.57,-33.87,0,1500,1686,CENTER
1176034.433,TO_CENTER,-0.03,6.57,-33.87,0,1500,1686,CENTER
1176034.454,TO_CENTER,-0.03,6.57,-33.87,0,1500,1686,CENTER
1176034.475,TO_CENTER,-0.03,6.57,-33.87,0,1500,1686,CENTER
1176034.495,TO_CENTER,-0.03,6.57,-33.87,0,1500,1686,CENTER
1176034.517,TO_CENTER,-0.03,6.57,-33.87,0,1500,1686,CENTER
1176034.538,TO_CENTER,-0.03,6.57,-33.87,0,1500,1686,CENTER
1176034.558,TO_CENTER,-0.03,6.57,-33.87,0,1500,1686,CENTER
1176034.580,TO_CENTER,-0.03,6.57,-33.87,0,1500,1686,CENTER
1176034.600,TO_CENTER,-0.03,6.57,-33.87,0,1500,1686,CENTER
1176034.621,TO_CENTER,-0.03,6.57,-33.87,0,1500,1686,CENTER
1176034.642,TO_CENTER,-0.03,6.57,-33.87,0,1500,1686,CENTER
1176034.662,TO_CENTER,-0.03,6.57,-33.87,0,1500,1686,CENTER
1176034.682,TO_CENTER,-0.03,6.57,-33.87,0,1500,1686,CENTER
1176034.704,TO_CENTER,-0.03,6.57,-33.87,0,1500,1686,CENTER
1176034.724,TO_CENTER,-0.03,6.57,-33.87,0,1500,1686,CENTER
1176034.745,TO_CENTER,-0.03,6.57,-33.87,0,1500,1686,CENTER
1176034.766,TO_CENTER,-0.03,6.57,-33.87,0,1500,1686,CENTER
1176034.787,TO_CENTER,-0.03,6.57,-33.87,0,1500,1686,CENTER
1176034.807,TO_CENTER,-0.03,6.57,-33.87,0,1500,1686,CENTER
1176034.828,TO_CENTER,-0.03,6.57,-33.87,0,1500,1686,CENTER
1176034.848,TO_CENTER,-0.03,6.57,-33.87,0,1500,1686,CENTER
1176034.868,TO_CENTER,-0.03,6.57,-33.87,0,1500,1686,CENTER
1176034.889,TO_CENTER,-0.03,6.57,-33.87,0,1500,1686,CENTER
1176034.909,TO_CENTER,-0.03,6.57,-33.87,0,1500,1686,CENTER
1176034.929,TO_CENTER,-0.03,6.57,-33.87,0,1500,1686,CENTER
1176034.950,TO_CENTER,-0.03,6.57,-33.87,0,1500,1686,CENTER
1176034.970,TO_CENTER,-0.03,6.57,-33.87,0,1500,1686,CENTER
1176034.991,TO_CENTER,-0.03,6.57,-33.87,0,1500,1686,CENTER
1176035.011,TO_CENTER,-0.03,6.57,-33.87,0,1500,1686,CENTER
1176035.031,TO_CENTER,-0.03,6.57,-33.87,0,1500,1686,CENTER
1176035.052,TO_CENTER,-0.03,6.57,-33.87,0,1500,1686,CENTER
1176035.072,TO_CENTER,-0.03,6.57,-33.87,0,1500,1686,CENTER
1176035.093,TO_CENTER,-0.03,6.57,-33.87,0,1500,1686,CENTER
1176035.114,TO_CENTER,-0.03,6.57,-33.87,0,1500,1686,CENTER
1176035.134,TO_CENTER,-0.03,6.57,-33.87,0,1500,1686,CENTER
1176035.156,TO_CENTER,-0.03,6.57,-33.87,0,1500,1686,CENTER
1176035.176,TO_CENTER,-0.03,6.57,-33.87,0,1500,1686,CENTER
1176035.197,TO_CENTER,-0.03,6.57,-33.87,0,1500,1686,CENTER
1176035.218,TO_CENTER,-0.03,6.57,-33.87,0,1500,1686,CENTER
1176035.239,TO_CENTER,-0.03,6.57,-33.87,0,1500,1686,CENTER
1176035.259,TO_CENTER,-0.03,6.57,-33.87,0,1500,1686,CENTER
1176035.280,TO_CENTER,-0.03,6.57,-33.87,0,1500,1686,CENTER
1176035.300,TO_CENTER,-0.03,6.57,-33.87,0,1500,1686,CENTER
1176035.320,TO_CENTER,-0.03,6.57,-33.87,0,1500,1686,CENTER
1176035.341,TO_CENTER,-0.03,6.57,-33.87,0,1500,1686,CENTER
1176035.362,TO_CENTER,-0.03,6.57,-33.87,0,1500,1686,CENTER
1176035.382,TO_CENTER,-0.03,6.57,-33.87,0,1500,1686,CENTER
1176035.403,TO_CENTER,-0.03,6.57,-33.87,0,1500,1686,CENTER
1176035.423,TO_CENTER,-0.03,6.57,-33.87,0,1500,1686,CENTER
1176035.444,TO_CENTER,-0.03,6.57,-33.87,0,1500,1686,CENTER
1176035.464,TO_CENTER,-0.03,6.57,-33.87,0,1500,1686,CENTER
1176035.485,TO_CENTER,-0.03,6.57,-33.87,0,1500,1686,CENTER
1176035.505,TO_CENTER,-0.03,6.57,-33.87,0,1500,1686,CENTER
1176035.525,TO_CENTER,-0.03,6.57,-33.87,0,1500,1686,CENTER
1176035.547,TO_CENTER,-0.03,6.57,-33.87,0,1500,1686,CENTER
1176035.568,TO_CENTER,-0.03,6.57,-33.87,0,1500,1686,CENTER
1176035.588,TO_CENTER,-0.03,6.57,-33.87,0,1500,1686,CENTER
1176035.609,TO_CENTER,-0.03,6.57,-33.87,0,1500,1686,CENTER
1176035.629,TO_CENTER,-0.03,6.57,-33.87,0,1500,1686,CENTER
1176035.650,TO_CENTER,-0.03,6.57,-33.87,0,1500,1686,CENTER
1176035.670,TO_CENTER,-0.03,6.57,-33.87,0,1500,1686,CENTER
1176035.691,TO_CENTER,-0.03,6.57,-33.87,0,1500,1686,CENTER
1176035.711,TO_CENTER,-0.03,6.57,-33.87,0,1500,1686,CENTER
1176035.732,TO_CENTER,-0.03,6.57,-33.87,0,1500,1686,CENTER
1176035.752,TO_CENTER,-0.03,6.57,-33.87,0,1500,1686,CENTER
1176035.772,TO_CENTER,-0.03,6.57,-33.87,0,1500,1686,CENTER
1176035.793,TO_CENTER,-0.03,6.57,-33.87,0,1500,1686,CENTER
1176035.813,TO_CENTER,-0.03,6.57,-33.87,0,1500,1686,CENTER
1176035.834,TO_CENTER,-0.03,6.57,-33.87,0,1500,1686,CENTER
1176035.854,TO_CENTER,-0.03,6.57,-33.87,0,1500,1686,CENTER
1176035.875,TO_CENTER,-0.03,6.57,-33.87,0,1500,1686,CENTER
1176035.895,TO_CENTER,-0.03,6.57,-33.87,0,1500,1686,CENTER
1176035.915,TO_CENTER,-0.03,6.57,-33.87,0,1500,1686,CENTER
1176035.935,TO_CENTER,-0.03,6.57,-33.87,0,1500,1686,CENTER
1176035.956,TO_CENTER,-0.03,6.57,-33.87,0,1500,1686,CENTER
1176035.976,TO_CENTER,-0.03,6.57,-33.87,0,1500,1686,CENTER
1176035.997,TO_CENTER,-0.03,6.57,-33.87,0,1500,1686,CENTER
1176036.017,TO_CENTER,-0.03,6.57,-33.87,0,1500,1686,CENTER
1176036.038,TO_CENTER,-0.03,6.57,-33.87,0,1500,1686,CENTER
1176036.058,TO_CENTER,-0.03,6.57,-33.87,0,1500,1686,CENTER
1176036.078,TO_CENTER,-0.03,6.57,-33.87,0,1500,1686,CENTER
1176036.099,TO_CENTER,-0.03,6.57,-33.87,0,1500,1686,CENTER
1176036.119,TO_CENTER,-0.03,6.57,-33.87,0,1500,1686,CENTER
1176036.140,TO_CENTER,-0.03,6.57,-33.87,0,1500,1686,CENTER
1176036.160,TO_CENTER,-0.03,6.57,-33.87,0,1500,1686,CENTER
1176036.180,TO_CENTER,-0.03,6.57,-33.87,0,1500,1686,CENTER
1176036.201,TO_CENTER,-0.03,6.57,-33.87,0,1500,1686,CENTER
1176036.221,TO_CENTER,-0.03,6.57,-33.87,0,1500,1686,CENTER
1176036.241,TO_CENTER,-0.03,6.57,-33.87,0,1500,1686,CENTER
1176036.262,TO_CENTER,-0.03,6.57,-33.87,0,1500,1686,CENTER
1176036.282,TO_CENTER,-0.03,6.57,-33.87,0,1500,1686,CENTER
1176036.303,TO_CENTER,-0.03,6.57,-33.87,0,1500,1686,CENTER
1176036.323,TO_CENTER,-0.03,6.57,-33.87,0,1500,1686,CENTER
1176036.343,TO_CENTER,-0.03,6.57,-33.87,0,1500,1686,CENTER
1176036.364,TO_CENTER,-0.03,6.57,-33.87,0,1500,1686,CENTER
1176036.384,TO_CENTER,-0.03,6.57,-33.87,0,1500,1686,CENTER
1176036.405,TO_CENTER,-0.03,6.57,-33.87,0,1500,1686,CENTER
1176036.426,TO_CENTER,-0.03,6.57,-33.87,0,1500,1686,CENTER
1176036.446,TO_CENTER,-0.03,6.57,-33.87,0,1500,1686,CENTER
1176036.467,TO_CENTER,-0.03,6.57,-33.87,0,1500,1686,CENTER
1176036.487,TO_CENTER,-0.03,6.57,-33.87,0,1500,1686,CENTER
1176036.508,TO_CENTER,-0.03,6.57,-33.87,0,1500,1686,CENTER
1176036.528,TO_CENTER,-0.03,6.57,-33.87,0,1500,1686,CENTER
1176036.548,TO_CENTER,-0.03,6.57,-33.87,0,1500,1686,CENTER
1176036.569,TO_CENTER,-0.03,6.57,-33.87,0,1500,1686,CENTER
1176036.589,TO_CENTER,-0.03,6.57,-33.87,0,1500,1686,CENTER
1176036.611,TO_CENTER,-0.03,6.57,-33.87,0,1500,1686,CENTER
1176036.631,TO_CENTER,-0.03,6.57,-33.87,0,1500,1686,CENTER
1176036.652,TO_CENTER,-0.03,6.57,-33.87,0,1500,1686,CENTER
1176036.672,TO_CENTER,-0.03,6.57,-33.87,0,1500,1686,CENTER
1176036.693,TO_CENTER,-0.03,6.57,-33.87,0,1500,1686,CENTER
1176036.713,TO_CENTER,-0.03,6.57,-33.87,0,1500,1686,CENTER
1176036.734,TO_CENTER,-0.03,6.57,-33.87,0,1500,1686,CENTER
1176036.754,TO_CENTER,-0.03,6.57,-33.87,0,1500,1686,CENTER
1176036.775,TO_CENTER,-0.03,6.57,-33.87,0,1500,1686,CENTER
1176036.795,TO_CENTER,-0.03,6.57,-33.87,0,1500,1686,CENTER
1176036.816,TO_CENTER,-0.03,6.57,-33.87,0,1500,1686,CENTER
1176036.836,TO_CENTER,-0.03,6.57,-33.87,0,1500,1686,CENTER
1176036.857,TO_CENTER,-0.03,6.57,-33.87,0,1500,1686,CENTER
1176036.877,TO_CENTER,-0.03,6.57,-33.87,0,1500,1686,CENTER
1176036.898,TO_CENTER,-0.03,6.57,-33.87,0,1500,1686,CENTER
1176036.918,TO_CENTER,-0.03,6.57,-33.87,0,1500,1686,CENTER
1176036.938,TO_CENTER,-0.03,6.57,-33.87,0,1500,1686,CENTER
1176036.959,TO_CENTER,-0.03,6.57,-33.87,0,1500,1686,CENTER
1176036.979,TO_CENTER,-0.03,6.57,-33.87,0,1500,1686,CENTER
1176037.000,TO_CENTER,-0.03,6.57,-33.87,0,1500,1686,CENTER
1176037.021,TO_CENTER,-0.03,6.57,-33.87,0,1500,1686,CENTER
1176037.041,TO_CENTER,-0.03,6.57,-33.87,0,1500,1686,CENTER
1176037.062,TO_CENTER,-0.03,6.57,-33.87,0,1500,1686,CENTER
1176037.083,TO_CENTER,-0.03,6.57,-33.87,0,1500,1686,CENTER
1176037.103,TO_CENTER,-0.03,6.57,-33.87,0,1500,1686,CENTER
1176037.125,TO_CENTER,-0.03,6.57,-33.87,0,1500,1686,CENTER
1176037.145,TO_CENTER,-0.03,6.57,-33.87,0,1500,1686,CENTER
1176037.166,TO_CENTER,-0.03,6.57,-33.87,0,1500,1686,CENTER
1176037.186,TO_CENTER,-0.03,6.57,-33.87,0,1500,1686,CENTER
1176037.207,TO_CENTER,-0.03,6.57,-33.87,0,1500,1686,CENTER
1176037.227,TO_CENTER,-0.03,6.57,-33.87,0,1500,1686,CENTER
1176037.248,TO_CENTER,-0.03,6.57,-33.87,0,1500,1686,CENTER
1176037.268,TO_CENTER,-0.03,6.57,-33.87,0,1500,1686,CENTER
1176037.288,TO_CENTER,-0.03,6.57,-33.87,0,1500,1686,CENTER
1176037.309,TO_CENTER,-0.03,6.57,-33.87,0,1500,1686,CENTER
1176037.329,TO_CENTER,-0.03,6.57,-33.87,0,1500,1686,CENTER
1176037.350,TO_CENTER,-0.03,6.57,-33.87,0,1500,1686,CENTER
1176037.370,TO_CENTER,-0.03,6.57,-33.87,0,1500,1686,CENTER
1176037.392,TO_CENTER,-0.03,6.57,-33.87,0,1500,1686,CENTER
1176037.412,TO_CENTER,-0.03,6.57,-33.87,0,1500,1686,CENTER
1176037.432,TO_CENTER,-0.03,6.57,-33.87,0,1500,1686,CENTER
1176037.453,TO_CENTER,-0.03,6.57,-33.87,0,1500,1686,CENTER
1176037.473,TO_CENTER,-0.03,6.57,-33.87,0,1500,1686,CENTER
1176037.493,TO_CENTER,-0.03,6.57,-33.87,0,1500,1686,CENTER
1176037.514,TO_CENTER,-0.03,6.57,-33.87,0,1500,1686,CENTER
1176037.534,TO_CENTER,-0.03,6.57,-33.87,0,1500,1686,CENTER
1176037.555,TO_CENTER,-0.03,6.57,-33.87,0,1500,1686,CENTER
1176037.575,TO_CENTER,-0.03,6.57,-33.87,0,1500,1686,CENTER
1176037.596,TO_CENTER,-0.03,6.57,-33.87,0,1500,1686,CENTER
1176037.616,TO_CENTER,-0.03,6.57,-33.87,0,1500,1686,CENTER
1176037.637,TO_CENTER,-0.03,6.57,-33.87,0,1500,1686,CENTER
1176037.658,TO_CENTER,-0.03,6.57,-33.87,0,1500,1686,CENTER
1176037.678,TO_CENTER,-0.03,6.57,-33.87,0,1500,1686,CENTER
1176037.699,TO_CENTER,-0.03,6.57,-33.87,0,1500,1686,CENTER
1176037.719,TO_CENTER,-0.03,6.57,-33.87,0,1500,1686,CENTER
1176037.740,TO_CENTER,-0.03,6.57,-33.87,0,1500,1686,CENTER
1176037.760,TO_CENTER,-0.03,6.57,-33.87,0,1500,1686,CENTER
1176037.780,TO_CENTER,-0.03,6.57,-33.87,0,1500,1686,CENTER
1176037.800,TO_CENTER,-0.03,6.57,-33.87,0,1500,1686,CENTER
1176037.821,TO_CENTER,-0.03,6.57,-33.87,0,1500,1686,CENTER
1176037.841,TO_CENTER,-0.03,6.57,-33.87,0,1500,1686,CENTER
1176037.862,TO_CENTER,-0.03,6.57,-33.87,0,1500,1686,CENTER
1176037.882,TO_CENTER,-0.03,6.57,-33.87,0,1500,1686,CENTER
1176037.903,TO_CENTER,-0.03,6.57,-33.87,0,1500,1686,CENTER
1176037.924,TO_CENTER,-0.03,6.57,-33.87,0,1500,1686,CENTER
1176037.944,TO_CENTER,-0.03,6.57,-33.87,0,1500,1686,CENTER
1176037.964,TO_CENTER,-0.03,6.57,-33.87,0,1500,1686,CENTER
1176037.985,TO_CENTER,-0.03,6.57,-33.87,0,1500,1686,CENTER
1176038.005,TO_CENTER,-0.03,6.57,-33.87,0,1500,1686,CENTER
1176038.026,TO_CENTER,-0.03,6.57,-33.87,0,1500,1686,CENTER
1176038.046,TO_CENTER,-0.03,6.57,-33.87,0,1500,1686,CENTER
1176038.066,TO_CENTER,-0.03,6.57,-33.87,0,1500,1686,CENTER
1176038.087,TO_CENTER,-0.03,6.57,-33.87,0,1500,1686,CENTER
1176038.108,TO_CENTER,-0.03,6.57,-33.87,0,1500,1686,CENTER
1176038.128,TO_CENTER,-0.03,6.57,-33.87,0,1500,1686,CENTER
1176038.149,TO_CENTER,-0.03,6.57,-33.87,0,1500,1686,CENTER
1176038.170,TO_CENTER,-0.03,6.57,-33.87,0,1500,1686,CENTER
1176038.190,TO_CENTER,-0.03,6.57,-33.87,0,1500,1686,CENTER
1176038.211,TO_CENTER,-0.03,6.57,-33.87,0,1500,1686,CENTER
1176038.231,TO_CENTER,-0.03,6.57,-33.87,0,1500,1686,CENTER
1176038.252,TO_CENTER,-0.03,6.57,-33.87,0,1500,1686,CENTER
1176038.272,TO_CENTER,-0.03,6.57,-33.87,0,1500,1686,CENTER
1176038.293,TO_CENTER,-0.03,6.57,-33.87,0,1500,1686,CENTER
1176038.313,TO_CENTER,-0.03,6.57,-33.87,0,1500,1686,CENTER
1176038.333,TO_CENTER,-0.03,6.57,-33.87,0,1500,1686,CENTER
1176038.354,TO_CENTER,-0.03,6.57,-33.87,0,1500,1686,CENTER
1176038.374,TO_CENTER,-0.03,6.57,-33.87,0,1500,1686,CENTER
1176038.395,TO_CENTER,-0.03,6.57,-33.87,0,1500,1686,CENTER
1176038.415,TO_CENTER,-0.03,6.57,-33.87,0,1500,1686,CENTER
1176038.435,TO_CENTER,-0.03,6.57,-33.87,0,1500,1686,CENTER
1176038.456,TO_CENTER,-0.03,6.57,-33.87,0,1500,1686,CENTER
1176038.477,TO_CENTER,-0.03,6.57,-33.87,0,1500,1686,CENTER
1176038.497,TO_CENTER,-0.03,6.57,-33.87,0,1500,1686,CENTER
1176038.518,TO_CENTER,-0.03,6.57,-33.87,0,1500,1686,CENTER
1176038.538,TO_CENTER,-0.03,6.57,-33.87,0,1500,1686,CENTER
1176038.558,TO_CENTER,-0.03,6.57,-33.87,0,1500,1686,CENTER
1176038.579,TO_CENTER,-0.03,6.57,-33.87,0,1500,1686,CENTER
1176038.600,TO_CENTER,-0.03,6.57,-33.87,0,1500,1686,CENTER
1176038.620,TO_CENTER,-0.03,6.57,-33.87,0,1500,1686,CENTER
1176038.640,TO_CENTER,-0.03,6.57,-33.87,0,1500,1686,CENTER
1176038.660,TO_CENTER,-0.03,6.57,-33.87,0,1500,1686,CENTER
1176038.681,TO_CENTER,-0.03,6.57,-33.87,0,1500,1686,CENTER
1176038.701,TO_CENTER,-0.03,6.57,-33.87,0,1500,1686,CENTER
1176038.722,TO_CENTER,-0.03,6.57,-33.87,0,1500,1686,CENTER
1176038.742,TO_CENTER,-0.03,6.57,-33.87,0,1500,1686,CENTER
1176038.763,TO_CENTER,-0.03,6.57,-33.87,0,1500,1686,CENTER
1176038.783,TO_CENTER,-0.03,6.57,-33.87,0,1500,1686,CENTER
1176038.804,TO_CENTER,-0.03,6.57,-33.87,0,1500,1686,CENTER
1176038.825,TO_CENTER,-0.03,6.57,-33.87,0,1500,1686,CENTER
1176038.845,TO_CENTER,-0.03,6.57,-33.87,0,1500,1686,CENTER
1176038.865,TO_CENTER,-0.03,6.57,-33.87,0,1500,1686,CENTER
1176038.885,TO_CENTER,-0.03,6.57,-33.87,0,1500,1686,CENTER
1176038.906,TO_CENTER,-0.03,6.57,-33.87,0,1500,1686,CENTER
1176038.926,TO_CENTER,-0.03,6.57,-33.87,0,1500,1686,CENTER
1176038.946,TO_CENTER,-0.03,6.57,-33.87,0,1500,1686,CENTER
1176038.966,TO_CENTER,-0.03,6.57,-33.87,0,1500,1686,CENTER
1176038.988,TO_CENTER,-0.03,6.57,-33.87,0,1500,1686,CENTER
1176039.008,TO_CENTER,-0.03,6.57,-33.87,0,1500,1686,CENTER
1176039.028,TO_CENTER,-0.03,6.57,-33.87,0,1500,1686,CENTER
1176039.049,TO_CENTER,-0.03,6.57,-33.87,0,1500,1686,CENTER
1176039.069,TO_CENTER,-0.03,6.57,-33.87,0,1500,1686,CENTER
1176039.090,TO_CENTER,-0.03,6.57,-33.87,0,1500,1686,CENTER
1176039.110,TO_CENTER,-0.03,6.57,-33.87,0,1500,1686,CENTER
1176039.131,TO_CENTER,-0.03,6.57,-33.87,0,1500,1686,CENTER
1176039.151,TO_CENTER,-0.03,6.57,-33.87,0,1500,1686,CENTER
1176039.171,TO_CENTER,-0.03,6.57,-33.87,0,1500,1686,CENTER
1176039.192,TO_CENTER,-0.03,6.57,-33.87,0,1500,1686,CENTER
1176039.212,TO_CENTER,-0.03,6.57,-33.87,0,1500,1686,CENTER
1176039.233,TO_CENTER,-0.03,6.57,-33.87,0,1500,1686,CENTER
1176039.253,TO_CENTER,-0.03,6.57,-33.87,0,1500,1686,CENTER
1176039.274,TO_CENTER,-0.03,6.57,-33.87,0,1500,1686,CENTER
1176039.294,TO_CENTER,-0.03,6.57,-33.87,0,1500,1686,CENTER
1176039.315,TO_CENTER,-0.03,6.57,-33.87,0,1500,1686,CENTER
1176039.335,TO_CENTER,-0.03,6.57,-33.87,0,1500,1686,CENTER
1176039.356,TO_CENTER,-0.03,6.57,-33.87,0,1500,1686,CENTER
1176039.377,TO_CENTER,-0.03,6.57,-33.87,0,1500,1686,CENTER
1176039.397,TO_CENTER,-0.03,6.57,-33.87,0,1500,1686,CENTER
1176039.417,TO_CENTER,-0.03,6.57,-33.87,0,1500,1686,CENTER
1176039.438,TO_CENTER,-0.03,6.57,-33.87,0,1500,1686,CENTER
1176039.458,TO_CENTER,-0.03,6.57,-33.87,0,1500,1686,CENTER
1176039.479,TO_CENTER,-0.03,6.57,-33.87,0,1500,1686,CENTER
1176039.500,TO_CENTER,-0.03,6.57,-33.87,0,1500,1686,CENTER
1176039.520,TO_CENTER,-0.03,6.57,-33.87,0,1500,1686,CENTER
1176039.541,TO_CENTER,-0.03,6.57,-33.87,0,1500,1686,CENTER
1176039.563,TO_CENTER,-0.03,6.57,-33.87,0,1500,1686,CENTER
1176039.583,TO_CENTER,-0.03,6.57,-33.87,0,1500,1686,CENTER
1176039.604,TO_CENTER,-0.03,6.57,-33.87,0,1500,1686,CENTER
1176039.625,TO_CENTER,-0.03,6.57,-33.87,0,1500,1686,CENTER
1176039.645,TO_CENTER,-0.03,6.57,-33.87,0,1500,1686,CENTER
1176039.665,TO_CENTER,-0.03,6.57,-33.87,0,1500,1686,CENTER
1176039.686,TO_CENTER,-0.03,6.57,-33.87,0,1500,1686,CENTER
1176039.706,TO_CENTER,-0.03,6.57,-33.87,0,1500,1686,CENTER
1176039.727,TO_CENTER,-0.03,6.57,-33.87,0,1500,1686,CENTER
1176039.747,TO_CENTER,-0.03,6.57,-33.87,0,1500,1686,CENTER
1176039.767,TO_CENTER,-0.03,6.57,-33.87,0,1500,1686,CENTER
1176039.788,TO_CENTER,-0.03,6.57,-33.87,0,1500,1686,CENTER
1176039.808,TO_CENTER,-0.03,6.57,-33.87,0,1500,1686,CENTER
1176039.830,TO_CENTER,-0.03,6.57,-33.87,0,1500,1686,CENTER
1176039.850,TO_CENTER,-0.03,6.57,-33.87,0,1500,1686,CENTER
1176039.870,TO_CENTER,-0.03,6.57,-33.87,0,1500,1686,CENTER
1176039.892,TO_CENTER,-0.03,6.57,-33.87,0,1500,1686,CENTER
1176039.913,TO_CENTER,-0.03,6.57,-33.87,0,1500,1686,CENTER
1176039.933,TO_CENTER,-0.03,6.57,-33.87,0,1500,1686,CENTER
1176039.954,TO_CENTER,-0.03,6.57,-33.87,0,1500,1686,CENTER
1176039.975,TO_CENTER,-0.03,6.57,-33.87,0,1500,1686,CENTER
1176039.996,TO_CENTER,-0.03,6.57,-33.87,0,1500,1686,CENTER
1176040.016,TO_CENTER,-0.03,6.57,-33.87,0,1500,1686,CENTER
1176040.036,TO_CENTER,-0.03,6.57,-33.87,0,1500,1686,CENTER
1176040.057,TO_CENTER,-0.03,6.57,-33.87,0,1500,1686,CENTER
1176040.077,TO_CENTER,-0.03,6.57,-33.87,0,1500,1686,CENTER
1176040.098,TO_CENTER,-0.03,6.57,-33.87,0,1500,1686,CENTER
1176040.118,TO_CENTER,-0.03,6.57,-33.87,0,1500,1686,CENTER
1176040.139,TO_CENTER,-0.03,6.57,-33.87,0,1500,1686,CENTER
1176040.159,TO_CENTER,-0.03,6.57,-33.87,0,1500,1686,CENTER
1176040.180,TO_CENTER,-0.03,6.57,-33.87,0,1500,1686,CENTER
1176040.200,TO_CENTER,-0.03,6.57,-33.87,0,1500,1686,CENTER
1176040.221,TO_CENTER,-0.03,6.57,-33.87,0,1500,1686,CENTER
1176040.242,TO_CENTER,-0.03,6.57,-33.87,0,1500,1686,CENTER
1176040.262,TO_CENTER,-0.03,6.57,-33.87,0,1500,1686,CENTER
1176040.283,TO_CENTER,-0.03,6.57,-33.87,0,1500,1686,CENTER
1176040.304,TO_CENTER,-0.03,6.57,-33.87,0,1500,1686,CENTER
1176040.325,TO_CENTER,-0.03,6.57,-33.87,0,1500,1686,CENTER
1176040.345,TO_CENTER,-0.03,6.57,-33.87,0,1500,1686,CENTER
1176040.366,TO_CENTER,-0.03,6.57,-33.87,0,1500,1686,CENTER
1176040.386,TO_CENTER,-0.03,6.57,-33.87,0,1500,1686,CENTER
1176040.407,TO_CENTER,-0.03,6.57,-33.87,0,1500,1686,CENTER
1176040.427,TO_CENTER,-0.03,6.57,-33.87,0,1500,1686,CENTER
1176040.447,TO_CENTER,-0.03,6.57,-33.87,0,1500,1686,CENTER
1176040.468,TO_CENTER,-0.03,6.57,-33.87,0,1500,1686,CENTER
1176040.488,TO_CENTER,-0.03,6.57,-33.87,0,1500,1686,CENTER
1176040.509,TO_CENTER,-0.03,6.57,-33.87,0,1500,1686,CENTER
1176040.529,TO_CENTER,-0.03,6.57,-33.87,0,1500,1686,CENTER
1176040.550,TO_CENTER,-0.03,6.57,-33.87,0,1500,1686,CENTER
1176040.570,TO_CENTER,-0.03,6.57,-33.87,0,1500,1686,CENTER
1176040.591,TO_CENTER,-0.03,6.57,-33.87,0,1500,1686,CENTER
1176040.611,TO_CENTER,-0.03,6.57,-33.87,0,1500,1686,CENTER
1176040.632,TO_CENTER,-0.03,6.57,-33.87,0,1500,1686,CENTER
1176040.652,TO_CENTER,-0.03,6.57,-33.87,0,1500,1686,CENTER
1176040.673,TO_CENTER,-0.03,6.57,-33.87,0,1500,1686,CENTER
1176040.693,TO_CENTER,-0.03,6.57,-33.87,0,1500,1686,CENTER
1176040.714,TO_CENTER,-0.03,6.57,-33.87,0,1500,1686,CENTER
1176040.734,TO_CENTER,-0.03,6.57,-33.87,0,1500,1686,CENTER
1176040.755,TO_CENTER,-0.03,6.57,-33.87,0,1500,1686,CENTER
1176040.775,TO_CENTER,-0.03,6.57,-33.87,0,1500,1686,CENTER
1176040.796,TO_CENTER,-0.03,6.57,-33.87,0,1500,1686,CENTER
1176040.817,TO_CENTER,-0.03,6.57,-33.87,0,1500,1686,CENTER
1176040.837,TO_CENTER,-0.03,6.57,-33.87,0,1500,1686,CENTER
1176040.858,TO_CENTER,-0.03,6.57,-33.87,0,1500,1686,CENTER
1176040.879,TO_CENTER,-0.03,6.57,-33.87,0,1500,1686,CENTER
1176040.899,TO_CENTER,-0.03,6.57,-33.87,0,1500,1686,CENTER
1176040.920,TO_CENTER,-0.03,6.57,-33.87,0,1500,1686,CENTER
1176040.940,TO_CENTER,-0.03,6.57,-33.87,0,1500,1686,CENTER
1176040.960,TO_CENTER,-0.03,6.57,-33.87,0,1500,1686,CENTER
1176040.981,TO_CENTER,-0.03,6.57,-33.87,0,1500,1686,CENTER
1176041.002,TO_CENTER,-0.03,6.57,-33.87,0,1500,1686,CENTER
1176041.022,TO_CENTER,-0.03,6.57,-33.87,0,1500,1686,CENTER
1176041.042,TO_CENTER,-0.03,6.57,-33.87,0,1500,1686,CENTER
1176041.063,TO_CENTER,-0.03,6.57,-33.87,0,1500,1686,CENTER
1176041.084,TO_CENTER,-0.03,6.57,-33.87,0,1500,1686,CENTER
1176041.104,TO_CENTER,-0.03,6.57,-33.87,0,1500,1686,CENTER
1176041.125,TO_CENTER,-0.03,6.57,-33.87,0,1500,1686,CENTER
1176041.145,TO_CENTER,-0.03,6.57,-33.87,0,1500,1686,CENTER
1176041.166,TO_CENTER,-0.03,6.57,-33.87,0,1500,1686,CENTER
1176041.186,TO_CENTER,-0.03,6.57,-33.87,0,1500,1686,CENTER
1176041.207,TO_CENTER,-0.03,6.57,-33.87,0,1500,1686,CENTER
1176041.227,TO_CENTER,-0.03,6.57,-33.87,0,1500,1686,CENTER
1176041.248,TO_CENTER,-0.03,6.57,-33.87,0,1500,1686,CENTER
1176041.268,TO_CENTER,-0.03,6.57,-33.87,0,1500,1686,CENTER
1176041.288,TO_CENTER,-0.03,6.57,-33.87,0,1500,1686,CENTER
1176041.309,TO_CENTER,-0.03,6.57,-33.87,0,1500,1686,CENTER
1176041.329,TO_CENTER,-0.03,6.57,-33.87,0,1500,1686,CENTER
1176041.350,TO_CENTER,-0.03,6.57,-33.87,0,1500,1686,CENTER
1176041.370,TO_CENTER,-0.03,6.57,-33.87,0,1500,1686,CENTER
1176041.391,TO_CENTER,-0.03,6.57,-33.87,0,1500,1686,CENTER
1176041.411,TO_CENTER,-0.03,6.57,-33.87,0,1500,1686,CENTER
1176041.431,TO_CENTER,-0.03,6.57,-33.87,0,1500,1686,CENTER
1176041.452,TO_CENTER,-0.03,6.57,-33.87,0,1500,1686,CENTER
1176041.472,TO_CENTER,-0.03,6.57,-33.87,0,1500,1686,CENTER
1176041.493,TO_CENTER,-0.03,6.57,-33.87,0,1500,1686,CENTER
1176041.513,TO_CENTER,-0.03,6.57,-33.87,0,1500,1686,CENTER
1176041.533,TO_CENTER,-0.03,6.57,-33.87,0,1500,1686,CENTER
1176041.554,TO_CENTER,-0.03,6.57,-33.87,0,1500,1686,CENTER
1176041.574,TO_CENTER,-0.03,6.57,-33.87,0,1500,1686,CENTER
1176041.595,TO_CENTER,-0.03,6.57,-33.87,0,1500,1686,CENTER
1176041.616,TO_CENTER,-0.03,6.57,-33.87,0,1500,1686,CENTER
1176041.636,TO_CENTER,-0.03,6.57,-33.87,0,1500,1686,CENTER
1176041.656,TO_CENTER,-0.03,6.57,-33.87,0,1500,1686,CENTER
1176041.677,TO_CENTER,-0.03,6.57,-33.87,0,1500,1686,CENTER
1176041.697,TO_CENTER,-0.03,6.57,-33.87,0,1500,1686,CENTER
1176041.718,TO_CENTER,-0.03,6.57,-33.87,0,1500,1686,CENTER
1176041.738,TO_CENTER,-0.03,6.57,-33.87,0,1500,1686,CENTER
1176041.759,TO_CENTER,-0.03,6.57,-33.87,0,1500,1686,CENTER
1176041.779,TO_CENTER,-0.03,6.57,-33.87,0,1500,1686,CENTER
1176041.800,TO_CENTER,-0.03,6.57,-33.87,0,1500,1686,CENTER
1176041.820,TO_CENTER,-0.03,6.57,-33.87,0,1500,1686,CENTER
1176041.843,TO_CENTER,-0.03,6.57,-33.87,0,1500,1686,CENTER
1176041.863,TO_CENTER,-0.03,6.57,-33.87,0,1500,1686,CENTER
1176041.884,TO_CENTER,-0.03,6.57,-33.87,0,1500,1686,CENTER
1176041.904,TO_CENTER,-0.03,6.57,-33.87,0,1500,1686,CENTER
1176041.925,TO_CENTER,-0.03,6.57,-33.87,0,1500,1686,CENTER
1176041.945,TO_CENTER,-0.03,6.57,-33.87,0,1500,1686,CENTER
1176041.966,TO_CENTER,-0.03,6.57,-33.87,0,1500,1686,CENTER
1176041.986,TO_CENTER,-0.03,6.57,-33.87,0,1500,1686,CENTER
1176042.006,TO_CENTER,-0.03,6.57,-33.87,0,1500,1686,CENTER
1176042.027,TO_CENTER,-0.03,6.57,-33.87,0,1500,1686,CENTER
1176042.047,TO_CENTER,-0.03,6.57,-33.87,0,1500,1686,CENTER
1176042.068,TO_CENTER,-0.03,6.57,-33.87,0,1500,1686,CENTER
1176042.088,TO_CENTER,-0.03,6.57,-33.87,0,1500,1686,CENTER
1176042.109,TO_CENTER,-0.03,6.57,-33.87,0,1500,1686,CENTER
1176042.129,TO_CENTER,-0.03,6.57,-33.87,0,1500,1686,CENTER
1176042.150,TO_CENTER,-0.03,6.57,-33.87,0,1500,1686,CENTER
1176042.170,TO_CENTER,-0.03,6.57,-33.87,0,1500,1686,CENTER
1176042.190,TO_CENTER,-0.03,6.57,-33.87,0,1500,1686,CENTER
1176042.211,TO_CENTER,-0.03,6.57,-33.87,0,1500,1686,CENTER
1176042.231,TO_CENTER,-0.03,6.57,-33.87,0,1500,1686,CENTER
1176042.252,TO_CENTER,-0.03,6.57,-33.87,0,1500,1686,CENTER
1176042.272,TO_CENTER,-0.03,6.57,-33.87,0,1500,1686,CENTER
1176042.293,TO_CENTER,-0.03,6.57,-33.87,0,1500,1686,CENTER
1176042.313,TO_CENTER,-0.03,6.57,-33.87,0,1500,1686,CENTER
1176042.334,TO_CENTER,-0.03,6.57,-33.87,0,1500,1686,CENTER
1176042.354,TO_CENTER,-0.03,6.57,-33.87,0,1500,1686,CENTER
1176042.374,TO_CENTER,-0.03,6.57,-33.87,0,1500,1686,CENTER
1176042.395,TO_CENTER,-0.03,6.57,-33.87,0,1500,1686,CENTER
1176042.416,TO_CENTER,-0.03,6.57,-33.87,0,1500,1686,CENTER
1176042.436,TO_CENTER,-0.03,6.57,-33.87,0,1500,1686,CENTER
1176042.457,TO_CENTER,-0.03,6.57,-33.87,0,1500,1686,CENTER
1176042.477,TO_CENTER,-0.03,6.57,-33.87,0,1500,1686,CENTER
1176042.498,TO_CENTER,-0.03,6.57,-33.87,0,1500,1686,CENTER
1176042.518,TO_CENTER,-0.03,6.57,-33.87,0,1500,1686,CENTER
1176042.538,TO_CENTER,-0.03,6.57,-33.87,0,1500,1686,CENTER
1176042.559,TO_CENTER,-0.03,6.57,-33.87,0,1500,1686,CENTER
1176042.579,TO_CENTER,-0.03,6.57,-33.87,0,1500,1686,CENTER
1176042.600,TO_CENTER,-0.03,6.57,-33.87,0,1500,1686,CENTER
1176042.620,TO_CENTER,-0.03,6.57,-33.87,0,1500,1686,CENTER
1176042.641,TO_CENTER,-0.03,6.57,-33.87,0,1500,1686,CENTER
1176042.662,TO_CENTER,-0.03,6.57,-33.87,0,1500,1686,CENTER
1176042.682,TO_CENTER,-0.03,6.57,-33.87,0,1500,1686,CENTER
1176042.703,TO_CENTER,-0.03,6.57,-33.87,0,1500,1686,CENTER
1176042.723,TO_CENTER,-0.03,6.57,-33.87,0,1500,1686,CENTER
1176042.744,TO_CENTER,-0.03,6.57,-33.87,0,1500,1686,CENTER
1176042.764,TO_CENTER,-0.03,6.57,-33.87,0,1500,1686,CENTER
1176042.785,TO_CENTER,-0.03,6.57,-33.87,0,1500,1686,CENTER
1176042.805,TO_CENTER,-0.03,6.57,-33.87,0,1500,1686,CENTER
1176042.826,TO_CENTER,-0.03,6.57,-33.87,0,1500,1686,CENTER
1176042.846,TO_CENTER,-0.03,6.57,-33.87,0,1500,1686,CENTER
1176042.867,TO_CENTER,-0.03,6.57,-33.87,0,1500,1686,CENTER
1176042.887,TO_CENTER,-0.03,6.57,-33.87,0,1500,1686,CENTER
1176042.908,TO_CENTER,-0.03,6.57,-33.87,0,1500,1686,CENTER
1176042.928,TO_CENTER,-0.03,6.57,-33.87,0,1500,1686,CENTER
1176042.948,TO_CENTER,-0.03,6.57,-33.87,0,1500,1686,CENTER
1176042.969,TO_CENTER,-0.03,6.57,-33.87,0,1500,1686,CENTER
1176042.989,TO_CENTER,-0.03,6.57,-33.87,0,1500,1686,CENTER
1176043.010,TO_CENTER,-0.03,6.57,-33.87,0,1500,1686,CENTER
1176043.030,TO_CENTER,-0.03,6.57,-33.87,0,1500,1686,CENTER
1176043.050,TO_CENTER,-0.03,6.57,-33.87,0,1500,1686,CENTER
1176043.071,TO_CENTER,-0.03,6.57,-33.87,0,1500,1686,CENTER
1176043.092,TO_CENTER,-0.03,6.57,-33.87,0,1500,1686,CENTER
1176043.112,TO_CENTER,-0.03,6.57,-33.87,0,1500,1686,CENTER
1176043.132,TO_CENTER,-0.03,6.57,-33.87,0,1500,1686,CENTER
1176043.153,TO_CENTER,-0.03,6.57,-33.87,0,1500,1686,CENTER
1176043.173,TO_CENTER,-0.03,6.57,-33.87,0,1500,1686,CENTER
1176043.194,TO_CENTER,-0.03,6.57,-33.87,0,1500,1686,CENTER
1176043.214,TO_CENTER,-0.03,6.57,-33.87,0,1500,1686,CENTER
1176043.236,TO_CENTER,-0.03,6.57,-33.87,0,1500,1686,CENTER
1176043.256,TO_CENTER,-0.03,6.57,-33.87,0,1500,1686,CENTER
1176043.276,TO_CENTER,-0.03,6.57,-33.87,0,1500,1686,CENTER
1176043.297,TO_CENTER,-0.03,6.57,-33.87,0,1500,1686,CENTER
1176043.317,TO_CENTER,-0.03,6.57,-33.87,0,1500,1686,CENTER
1176043.338,TO_CENTER,-0.03,6.57,-33.87,0,1500,1686,CENTER
1176043.359,TO_CENTER,-0.03,6.57,-33.87,0,1500,1686,CENTER
1176043.379,TO_CENTER,-0.03,6.57,-33.87,0,1500,1686,CENTER
1176043.400,TO_CENTER,-0.03,6.57,-33.87,0,1500,1686,CENTER
1176043.421,TO_CENTER,-0.03,6.57,-33.87,0,1500,1686,CENTER
1176043.441,TO_CENTER,-0.03,6.57,-33.87,0,1500,1686,CENTER
1176043.461,TO_CENTER,-0.03,6.57,-33.87,0,1500,1686,CENTER
1176043.483,TO_CENTER,-0.03,6.57,-33.87,0,1500,1686,CENTER
1176043.504,TO_CENTER,-0.03,6.57,-33.87,0,1500,1686,CENTER
1176043.524,TO_CENTER,-0.03,6.57,-33.87,0,1500,1686,CENTER
1176043.545,TO_CENTER,-0.03,6.57,-33.87,0,1500,1686,CENTER
1176043.566,TO_CENTER,-0.03,6.57,-33.87,0,1500,1686,CENTER
1176043.587,TO_CENTER,-0.03,6.57,-33.87,0,1500,1686,CENTER
1176043.608,TO_CENTER,-0.03,6.57,-33.87,0,1500,1686,CENTER
1176043.628,TO_CENTER,-0.03,6.57,-33.87,0,1500,1686,CENTER
1176043.649,TO_CENTER,-0.03,6.57,-33.87,0,1500,1686,CENTER
1176043.669,TO_CENTER,-0.03,6.57,-33.87,0,1500,1686,CENTER
1176043.690,TO_CENTER,-0.03,6.57,-33.87,0,1500,1686,CENTER
1176043.710,TO_CENTER,-0.03,6.57,-33.87,0,1500,1686,CENTER
1176043.731,TO_CENTER,-0.03,6.57,-33.87,0,1500,1686,CENTER
1176043.751,TO_CENTER,-0.03,6.57,-33.87,0,1500,1686,CENTER
1176043.772,TO_CENTER,-0.03,6.57,-33.87,0,1500,1686,CENTER
1176043.792,TO_CENTER,-0.03,6.57,-33.87,0,1500,1686,CENTER
1176043.812,TO_CENTER,-0.03,6.57,-33.87,0,1500,1686,CENTER
1176043.833,TO_CENTER,-0.03,6.57,-33.87,0,1500,1686,CENTER
1176043.853,TO_CENTER,-0.03,6.57,-33.87,0,1500,1686,CENTER
1176043.874,TO_CENTER,-0.03,6.57,-33.87,0,1500,1686,CENTER
1176043.894,TO_CENTER,-0.03,6.57,-33.87,0,1500,1686,CENTER
1176043.915,TO_CENTER,-0.03,6.57,-33.87,0,1500,1686,CENTER
1176043.936,TO_CENTER,-0.03,6.57,-33.87,0,1500,1686,CENTER
1176043.956,TO_CENTER,-0.03,6.57,-33.87,0,1500,1686,CENTER
1176043.977,TO_CENTER,-0.03,6.57,-33.87,0,1500,1686,CENTER
1176043.998,TO_CENTER,-0.03,6.57,-33.87,0,1500,1686,CENTER
1176044.018,TO_CENTER,-0.03,6.57,-33.87,0,1500,1686,CENTER
1176044.039,TO_CENTER,-0.03,6.57,-33.87,0,1500,1686,CENTER
1176044.061,TO_CENTER,-0.03,6.57,-33.87,0,1500,1686,CENTER
1176044.081,TO_CENTER,-0.03,6.57,-33.87,0,1500,1686,CENTER
1176044.101,TO_CENTER,-0.03,6.57,-33.87,0,1500,1686,CENTER
1176044.122,TO_CENTER,-0.03,6.57,-33.87,0,1500,1686,CENTER
1176044.142,TO_CENTER,-0.03,6.57,-33.87,0,1500,1686,CENTER
1176044.162,TO_CENTER,-0.03,6.57,-33.87,0,1500,1686,CENTER
1176044.182,TO_CENTER,-0.03,6.57,-33.87,0,1500,1686,CENTER
1176044.203,TO_CENTER,-0.03,6.57,-33.87,0,1500,1686,CENTER
1176044.223,TO_CENTER,-0.03,6.57,-33.87,0,1500,1686,CENTER
1176044.243,TO_CENTER,-0.03,6.57,-33.87,0,1500,1686,CENTER
1176044.264,TO_CENTER,-0.03,6.57,-33.87,0,1500,1686,CENTER
1176044.284,TO_CENTER,-0.03,6.57,-33.87,0,1500,1686,CENTER
1176044.304,TO_CENTER,-0.03,6.57,-33.87,0,1500,1686,CENTER
1176044.325,TO_CENTER,-0.03,6.57,-33.87,0,1500,1686,CENTER
1176044.345,TO_CENTER,-0.03,6.57,-33.87,0,1500,1686,CENTER
1176044.366,TO_CENTER,-0.03,6.57,-33.87,0,1500,1686,CENTER
1176044.386,TO_CENTER,-0.03,6.57,-33.87,0,1500,1686,CENTER
1176044.406,TO_CENTER,-0.03,6.57,-33.87,0,1500,1686,CENTER
1176044.426,TO_CENTER,-0.03,6.57,-33.87,0,1500,1686,CENTER
1176044.447,TO_CENTER,-0.03,6.57,-33.87,0,1500,1686,CENTER
1176044.467,TO_CENTER,-0.03,6.57,-33.87,0,1500,1686,CENTER
1176044.488,TO_CENTER,-0.03,6.57,-33.87,0,1500,1686,CENTER
1176044.508,TO_CENTER,-0.03,6.57,-33.87,0,1500,1686,CENTER
1176044.529,TO_CENTER,-0.03,6.57,-33.87,0,1500,1686,CENTER
1176044.550,TO_CENTER,-0.03,6.57,-33.87,0,1500,1686,CENTER
1176044.570,TO_CENTER,-0.03,6.57,-33.87,0,1500,1686,CENTER
1176044.590,TO_CENTER,-0.03,6.57,-33.87,0,1500,1686,CENTER
1176044.610,TO_CENTER,-0.03,6.57,-33.87,0,1500,1686,CENTER
1176044.631,TO_CENTER,-0.03,6.57,-33.87,0,1500,1686,CENTER
1176044.651,TO_CENTER,-0.03,6.57,-33.87,0,1500,1686,CENTER
1176044.671,TO_CENTER,-0.03,6.57,-33.87,0,1500,1686,CENTER
1176044.692,TO_CENTER,-0.03,6.57,-33.87,0,1500,1686,CENTER
1176044.713,TO_CENTER,-0.03,6.57,-33.87,0,1500,1686,CENTER
1176044.733,TO_CENTER,-0.03,6.57,-33.87,0,1500,1686,CENTER
1176044.754,TO_CENTER,-0.03,6.57,-33.87,0,1500,1686,CENTER
1176044.774,TO_CENTER,-0.03,6.57,-33.87,0,1500,1686,CENTER
1176044.795,TO_CENTER,-0.03,6.57,-33.87,0,1500,1686,CENTER
1176044.815,TO_CENTER,-0.03,6.57,-33.87,0,1500,1686,CENTER
1176044.836,TO_CENTER,-0.03,6.57,-33.87,0,1500,1686,CENTER
1176044.856,TO_CENTER,-0.03,6.57,-33.87,0,1500,1686,CENTER
1176044.877,TO_CENTER,-0.03,6.57,-33.87,0,1500,1686,CENTER
1176044.897,TO_CENTER,-0.03,6.57,-33.87,0,1500,1686,CENTER
1176044.918,TO_CENTER,-0.03,6.57,-33.87,0,1500,1686,CENTER
1176044.938,TO_CENTER,-0.03,6.57,-33.87,0,1500,1686,CENTER
1176044.959,TO_CENTER,-0.03,6.57,-33.87,0,1500,1686,CENTER
1176044.979,TO_CENTER,-0.03,6.57,-33.87,0,1500,1686,CENTER
1176044.999,TO_CENTER,-0.03,6.57,-33.87,0,1500,1686,CENTER
1176045.020,TO_CENTER,-0.03,6.57,-33.87,0,1500,1686,CENTER
1176045.040,TO_CENTER,-0.03,6.57,-33.87,0,1500,1686,CENTER
1176045.060,TO_CENTER,-0.03,6.57,-33.87,0,1500,1686,CENTER
1176045.081,TO_CENTER,-0.03,6.57,-33.87,0,1500,1686,CENTER
1176045.101,TO_CENTER,-0.03,6.57,-33.87,0,1500,1686,CENTER
1176045.125,TO_CENTER,-0.03,6.57,-33.87,0,1500,1686,CENTER
1176045.145,TO_CENTER,-0.03,6.57,-33.87,0,1500,1686,CENTER
1176045.166,TO_CENTER,-0.03,6.57,-33.87,0,1500,1686,CENTER
1176045.187,TO_CENTER,-0.03,6.57,-33.87,0,1500,1686,CENTER
1176045.207,TO_CENTER,-0.03,6.57,-33.87,0,1500,1686,CENTER
1176045.228,TO_CENTER,-0.03,6.57,-33.87,0,1500,1686,CENTER
1176045.248,TO_CENTER,-0.03,6.57,-33.87,0,1500,1686,CENTER
1176045.269,TO_CENTER,-0.03,6.57,-33.87,0,1500,1686,CENTER
1176045.289,TO_CENTER,-0.03,6.57,-33.87,0,1500,1686,CENTER
1176045.310,TO_CENTER,-0.03,6.57,-33.87,0,1500,1686,CENTER
1176045.330,TO_CENTER,-0.03,6.57,-33.87,0,1500,1686,CENTER
1176045.350,TO_CENTER,-0.03,6.57,-33.87,0,1500,1686,CENTER
1176045.371,TO_CENTER,-0.03,6.57,-33.87,0,1500,1686,CENTER
1176045.391,TO_CENTER,-0.03,6.57,-33.87,0,1500,1686,CENTER
1176045.412,TO_CENTER,-0.03,6.57,-33.87,0,1500,1686,CENTER
1176045.432,TO_CENTER,-0.03,6.57,-33.87,0,1500,1686,CENTER
1176045.453,TO_CENTER,-0.03,6.57,-33.87,0,1500,1686,CENTER
1176045.473,TO_CENTER,-0.03,6.57,-33.87,0,1500,1686,CENTER
1176045.494,TO_CENTER,-0.03,6.57,-33.87,0,1500,1686,CENTER
1176045.515,TO_CENTER,-0.03,6.57,-33.87,0,1500,1686,CENTER
1176045.535,TO_CENTER,-0.03,6.57,-33.87,0,1500,1686,CENTER
1176045.555,TO_CENTER,-0.03,6.57,-33.87,0,1500,1686,CENTER
1176045.577,TO_CENTER,-0.03,6.57,-33.87,0,1500,1686,CENTER
1176045.597,TO_CENTER,-0.03,6.57,-33.87,0,1500,1686,CENTER
1176045.617,TO_CENTER,-0.03,6.57,-33.87,0,1500,1686,CENTER
1176045.638,TO_CENTER,-0.03,6.57,-33.87,0,1500,1686,CENTER
1176045.658,TO_CENTER,-0.03,6.57,-33.87,0,1500,1686,CENTER
1176045.679,TO_CENTER,-0.03,6.57,-33.87,0,1500,1686,CENTER
1176045.699,TO_CENTER,-0.03,6.57,-33.87,0,1500,1686,CENTER
1176045.719,TO_CENTER,-0.03,6.57,-33.87,0,1500,1686,CENTER
1176045.740,TO_CENTER,-0.03,6.57,-33.87,0,1500,1686,CENTER
1176045.760,TO_CENTER,-0.03,6.57,-33.87,0,1500,1686,CENTER
1176045.781,TO_CENTER,-0.03,6.57,-33.87,0,1500,1686,CENTER
1176045.801,TO_CENTER,-0.03,6.57,-33.87,0,1500,1686,CENTER
1176045.822,TO_CENTER,-0.03,6.57,-33.87,0,1500,1686,CENTER
1176045.842,TO_CENTER,-0.03,6.57,-33.87,0,1500,1686,CENTER
1176045.863,TO_CENTER,-0.03,6.57,-33.87,0,1500,1686,CENTER
1176045.883,TO_CENTER,-0.03,6.57,-33.87,0,1500,1686,CENTER
1176045.904,TO_CENTER,-0.03,6.57,-33.87,0,1500,1686,CENTER
1176045.924,TO_CENTER,-0.03,6.57,-33.87,0,1500,1686,CENTER
1176045.944,TO_CENTER,-0.03,6.57,-33.87,0,1500,1686,CENTER
1176045.965,TO_CENTER,-0.03,6.57,-33.87,0,1500,1686,CENTER
1176045.985,TO_CENTER,-0.03,6.57,-33.87,0,1500,1686,CENTER
1176046.005,TO_CENTER,-0.03,6.57,-33.87,0,1500,1686,CENTER
1176046.026,TO_CENTER,-0.03,6.57,-33.87,0,1500,1686,CENTER
1176046.046,TO_CENTER,-0.03,6.57,-33.87,0,1500,1686,CENTER
1176046.067,TO_CENTER,-0.03,6.57,-33.87,0,1500,1686,CENTER
1176046.087,TO_CENTER,-0.03,6.57,-33.87,0,1500,1686,CENTER
1176046.108,TO_CENTER,-0.03,6.57,-33.87,0,1500,1686,CENTER
1176046.128,TO_CENTER,-0.03,6.57,-33.87,0,1500,1686,CENTER
1176046.148,TO_CENTER,-0.03,6.57,-33.87,0,1500,1686,CENTER
1176046.169,TO_CENTER,-0.03,6.57,-33.87,0,1500,1686,CENTER
1176046.189,TO_CENTER,-0.03,6.57,-33.87,0,1500,1686,CENTER
1176046.210,TO_CENTER,-0.03,6.57,-33.87,0,1500,1686,CENTER
1176046.230,TO_CENTER,-0.03,6.57,-33.87,0,1500,1686,CENTER
1176046.251,TO_CENTER,-0.03,6.57,-33.87,0,1500,1686,CENTER
1176046.271,TO_CENTER,-0.03,6.57,-33.87,0,1500,1686,CENTER
1176046.292,TO_CENTER,-0.03,6.57,-33.87,0,1500,1686,CENTER
1176046.312,TO_CENTER,-0.03,6.57,-33.87,0,1500,1686,CENTER
1176046.332,TO_CENTER,-0.03,6.57,-33.87,0,1500,1686,CENTER
1176046.353,TO_CENTER,-0.03,6.57,-33.87,0,1500,1686,CENTER
1176046.373,TO_CENTER,-0.03,6.57,-33.87,0,1500,1686,CENTER
1176046.394,TO_CENTER,-0.03,6.57,-33.87,0,1500,1686,CENTER
1176046.414,TO_CENTER,-0.03,6.57,-33.87,0,1500,1686,CENTER
1176046.435,TO_CENTER,-0.03,6.57,-33.87,0,1500,1686,CENTER
1176046.455,TO_CENTER,-0.03,6.57,-33.87,0,1500,1686,CENTER
1176046.476,TO_CENTER,-0.03,6.57,-33.87,0,1500,1686,CENTER
1176046.496,TO_CENTER,-0.03,6.57,-33.87,0,1500,1686,CENTER
1176046.517,TO_CENTER,-0.03,6.57,-33.87,0,1500,1686,CENTER
1176046.537,TO_CENTER,-0.03,6.57,-33.87,0,1500,1686,CENTER
1176046.558,TO_CENTER,-0.03,6.57,-33.87,0,1500,1686,CENTER
1176046.578,TO_CENTER,-0.03,6.57,-33.87,0,1500,1686,CENTER
1176046.598,TO_CENTER,-0.03,6.57,-33.87,0,1500,1686,CENTER
1176046.619,TO_CENTER,-0.03,6.57,-33.87,0,1500,1686,CENTER
1176046.640,TO_CENTER,-0.03,6.57,-33.87,0,1500,1686,CENTER
1176046.660,TO_CENTER,-0.03,6.57,-33.87,0,1500,1686,CENTER
1176046.680,TO_CENTER,-0.03,6.57,-33.87,0,1500,1686,CENTER
1176046.701,TO_CENTER,-0.03,6.57,-33.87,0,1500,1686,CENTER
1176046.721,TO_CENTER,-0.03,6.57,-33.87,0,1500,1686,CENTER
1176046.742,TO_CENTER,-0.03,6.57,-33.87,0,1500,1686,CENTER
1176046.762,TO_CENTER,-0.03,6.57,-33.87,0,1500,1686,CENTER
1176046.783,TO_CENTER,-0.03,6.57,-33.87,0,1500,1686,CENTER
1176046.803,TO_CENTER,-0.03,6.57,-33.87,0,1500,1686,CENTER
1176046.824,TO_CENTER,-0.03,6.57,-33.87,0,1500,1686,CENTER
1176046.845,TO_CENTER,-0.03,6.57,-33.87,0,1500,1686,CENTER
1176046.865,TO_CENTER,-0.03,6.57,-33.87,0,1500,1686,CENTER
1176046.886,TO_CENTER,-0.03,6.57,-33.87,0,1500,1686,CENTER
1176046.907,TO_CENTER,-0.03,6.57,-33.87,0,1500,1686,CENTER
1176046.927,TO_CENTER,-0.03,6.57,-33.87,0,1500,1686,CENTER
1176046.948,TO_CENTER,-0.03,6.57,-33.87,0,1500,1686,CENTER
1176046.968,TO_CENTER,-0.03,6.57,-33.87,0,1500,1686,CENTER
1176046.988,TO_CENTER,-0.03,6.57,-33.87,0,1500,1686,CENTER
1176047.008,TO_CENTER,-0.03,6.57,-33.87,0,1500,1686,CENTER
1176047.029,TO_CENTER,-0.03,6.57,-33.87,0,1500,1686,CENTER
1176047.050,TO_CENTER,-0.03,6.57,-33.87,0,1500,1686,CENTER
1176047.073,TO_CENTER,-0.03,6.57,-33.87,0,1500,1686,CENTER
1176047.093,TO_CENTER,-0.03,6.57,-33.87,0,1500,1686,CENTER
1176047.113,TO_CENTER,-0.03,6.57,-33.87,0,1500,1686,CENTER
1176047.134,TO_CENTER,-0.03,6.57,-33.87,0,1500,1686,CENTER
1176047.154,TO_CENTER,-0.03,6.57,-33.87,0,1500,1686,CENTER
1176047.174,TO_CENTER,-0.03,6.57,-33.87,0,1500,1686,CENTER
1176047.195,TO_CENTER,-0.03,6.57,-33.87,0,1500,1686,CENTER
1176047.215,TO_CENTER,-0.03,6.57,-33.87,0,1500,1686,CENTER
1176047.236,TO_CENTER,-0.03,6.57,-33.87,0,1500,1686,CENTER
1176047.256,TO_CENTER,-0.03,6.57,-33.87,0,1500,1686,CENTER
1176047.277,TO_CENTER,-0.03,6.57,-33.87,0,1500,1686,CENTER
1176047.297,TO_CENTER,-0.03,6.57,-33.87,0,1500,1686,CENTER
1176047.317,TO_CENTER,-0.03,6.57,-33.87,0,1500,1686,CENTER
1176047.338,TO_CENTER,-0.03,6.57,-33.87,0,1500,1686,CENTER
1176047.359,TO_CENTER,-0.03,6.57,-33.87,0,1500,1686,CENTER
1176047.379,TO_CENTER,-0.03,6.57,-33.87,0,1500,1686,CENTER
1176047.400,TO_CENTER,-0.03,6.57,-33.87,0,1500,1686,CENTER
1176047.421,TO_CENTER,-0.03,6.57,-33.87,0,1500,1686,CENTER
1176047.442,TO_CENTER,-0.03,6.57,-33.87,0,1500,1686,CENTER
1176047.462,TO_CENTER,-0.03,6.57,-33.87,0,1500,1686,CENTER
1176047.483,TO_CENTER,-0.03,6.57,-33.87,0,1500,1686,CENTER
1176047.504,TO_CENTER,-0.03,6.57,-33.87,0,1500,1686,CENTER
1176047.524,TO_CENTER,-0.03,6.57,-33.87,0,1500,1686,CENTER
1176047.545,TO_CENTER,-0.03,6.57,-33.87,0,1500,1686,CENTER
1176047.565,TO_CENTER,-0.03,6.57,-33.87,0,1500,1686,CENTER
1176047.586,TO_CENTER,-0.03,6.57,-33.87,0,1500,1686,CENTER
1176047.606,TO_CENTER,-0.03,6.57,-33.87,0,1500,1686,CENTER
1176047.626,TO_CENTER,-0.03,6.57,-33.87,0,1500,1686,CENTER
1176047.647,TO_CENTER,-0.03,6.57,-33.87,0,1500,1686,CENTER
1176047.667,TO_CENTER,-0.03,6.57,-33.87,0,1500,1686,CENTER
1176047.687,TO_CENTER,-0.03,6.57,-33.87,0,1500,1686,CENTER
1176047.708,TO_CENTER,-0.03,6.57,-33.87,0,1500,1686,CENTER
1176047.729,TO_CENTER,-0.03,6.57,-33.87,0,1500,1686,CENTER
1176047.749,TO_CENTER,-0.03,6.57,-33.87,0,1500,1686,CENTER
1176047.770,TO_CENTER,-0.03,6.57,-33.87,0,1500,1686,CENTER
1176047.790,TO_CENTER,-0.03,6.57,-33.87,0,1500,1686,CENTER
1176047.811,TO_CENTER,-0.03,6.57,-33.87,0,1500,1686,CENTER
1176047.831,TO_CENTER,-0.03,6.57,-33.87,0,1500,1686,CENTER
1176047.851,TO_CENTER,-0.03,6.57,-33.87,0,1500,1686,CENTER
1176047.872,TO_CENTER,-0.03,6.57,-33.87,0,1500,1686,CENTER
1176047.892,TO_CENTER,-0.03,6.57,-33.87,0,1500,1686,CENTER
1176047.913,TO_CENTER,-0.03,6.57,-33.87,0,1500,1686,CENTER
1176047.933,TO_CENTER,-0.03,6.57,-33.87,0,1500,1686,CENTER
1176047.953,TO_CENTER,-0.03,6.57,-33.87,0,1500,1686,CENTER
1176047.973,TO_CENTER,-0.03,6.57,-33.87,0,1500,1686,CENTER
1176047.994,TO_CENTER,-0.03,6.57,-33.87,0,1500,1686,CENTER
1176048.015,TO_CENTER,-0.03,6.57,-33.87,0,1500,1686,CENTER
1176048.035,TO_CENTER,-0.03,6.57,-33.87,0,1500,1686,CENTER
1176048.055,TO_CENTER,-0.03,6.57,-33.87,0,1500,1686,CENTER
1176048.076,TO_CENTER,-0.03,6.57,-33.87,0,1500,1686,CENTER
1176048.097,TO_CENTER,-0.03,6.57,-33.87,0,1500,1686,CENTER
1176048.117,TO_CENTER,-0.03,6.57,-33.87,0,1500,1686,CENTER
1176048.138,TO_CENTER,-0.03,6.57,-33.87,0,1500,1686,CENTER
1176048.158,TO_CENTER,-0.03,6.57,-33.87,0,1500,1686,CENTER
1176048.179,TO_CENTER,-0.03,6.57,-33.87,0,1500,1686,CENTER
1176048.199,TO_CENTER,-0.03,6.57,-33.87,0,1500,1686,CENTER
1176048.220,TO_CENTER,-0.03,6.57,-33.87,0,1500,1686,CENTER
1176048.240,TO_CENTER,-0.03,6.57,-33.87,0,1500,1686,CENTER
1176048.261,TO_CENTER,-0.03,6.57,-33.87,0,1500,1686,CENTER
1176048.281,TO_CENTER,-0.03,6.57,-33.87,0,1500,1686,CENTER
1176048.302,TO_CENTER,-0.03,6.57,-33.87,0,1500,1686,CENTER
1176048.322,TO_CENTER,-0.03,6.57,-33.87,0,1500,1686,CENTER
1176048.343,TO_CENTER,-0.03,6.57,-33.87,0,1500,1686,CENTER
1176048.364,TO_CENTER,-0.03,6.57,-33.87,0,1500,1686,CENTER
1176048.384,TO_CENTER,-0.03,6.57,-33.87,0,1500,1686,CENTER
1176048.405,TO_CENTER,-0.03,6.57,-33.87,0,1500,1686,CENTER
1176048.425,TO_CENTER,-0.03,6.57,-33.87,0,1500,1686,CENTER
1176048.446,TO_CENTER,-0.03,6.57,-33.87,0,1500,1686,CENTER
1176048.466,TO_CENTER,-0.03,6.57,-33.87,0,1500,1686,CENTER
1176048.487,TO_CENTER,-0.03,6.57,-33.87,0,1500,1686,CENTER
1176048.507,TO_CENTER,-0.03,6.57,-33.87,0,1500,1686,CENTER
1176048.528,TO_CENTER,-0.03,6.57,-33.87,0,1500,1686,CENTER
1176048.548,TO_CENTER,-0.03,6.57,-33.87,0,1500,1686,CENTER
1176048.568,TO_CENTER,-0.03,6.57,-33.87,0,1500,1686,CENTER
1176048.589,TO_CENTER,-0.03,6.57,-33.87,0,1500,1686,CENTER
1176048.609,TO_CENTER,-0.03,6.57,-33.87,0,1500,1686,CENTER
1176048.630,TO_CENTER,-0.03,6.57,-33.87,0,1500,1686,CENTER
1176048.650,TO_CENTER,-0.03,6.57,-33.87,0,1500,1686,CENTER
1176048.671,TO_CENTER,-0.03,6.57,-33.87,0,1500,1686,CENTER
1176048.691,TO_CENTER,-0.03,6.57,-33.87,0,1500,1686,CENTER
1176048.712,TO_CENTER,-0.03,6.57,-33.87,0,1500,1686,CENTER
1176048.733,TO_CENTER,-0.03,6.57,-33.87,0,1500,1686,CENTER
1176048.753,TO_CENTER,-0.03,6.57,-33.87,0,1500,1686,CENTER
1176048.774,TO_CENTER,-0.03,6.57,-33.87,0,1500,1686,CENTER
1176048.795,TO_CENTER,-0.03,6.57,-33.87,0,1500,1686,CENTER
1176048.815,TO_CENTER,-0.03,6.57,-33.87,0,1500,1686,CENTER
1176048.836,TO_CENTER,-0.03,6.57,-33.87,0,1500,1686,CENTER
1176048.856,TO_CENTER,-0.03,6.57,-33.87,0,1500,1686,CENTER
1176048.876,TO_CENTER,-0.03,6.57,-33.87,0,1500,1686,CENTER
1176048.897,TO_CENTER,-0.03,6.57,-33.87,0,1500,1686,CENTER
1176048.917,TO_CENTER,-0.03,6.57,-33.87,0,1500,1686,CENTER
1176048.937,TO_CENTER,-0.03,6.57,-33.87,0,1500,1686,CENTER
1176048.958,TO_CENTER,-0.03,6.57,-33.87,0,1500,1686,CENTER
1176048.978,TO_CENTER,-0.03,6.57,-33.87,0,1500,1686,CENTER
1176048.998,TO_CENTER,-0.03,6.57,-33.87,0,1500,1686,CENTER
1176049.019,TO_CENTER,-0.03,6.57,-33.87,0,1500,1686,CENTER
1176049.039,TO_CENTER,-0.03,6.57,-33.87,0,1500,1686,CENTER
1176049.060,TO_CENTER,-0.03,6.57,-33.87,0,1500,1686,CENTER
1176049.080,TO_CENTER,-0.03,6.57,-33.87,0,1500,1686,CENTER
1176049.101,TO_CENTER,-0.03,6.57,-33.87,0,1500,1686,CENTER
1176049.121,TO_CENTER,-0.03,6.57,-33.87,0,1500,1686,CENTER
1176049.141,TO_CENTER,-0.03,6.57,-33.87,0,1500,1686,CENTER
1176049.161,TO_CENTER,-0.03,6.57,-33.87,0,1500,1686,CENTER
1176049.183,TO_CENTER,-0.03,6.57,-33.87,0,1500,1686,CENTER
1176049.203,TO_CENTER,-0.03,6.57,-33.87,0,1500,1686,CENTER
1176049.223,TO_CENTER,-0.03,6.57,-33.87,0,1500,1686,CENTER
1176049.243,TO_CENTER,-0.03,6.57,-33.87,0,1500,1686,CENTER
1176049.264,TO_CENTER,-0.03,6.57,-33.87,0,1500,1686,CENTER
1176049.284,TO_CENTER,-0.03,6.57,-33.87,0,1500,1686,CENTER
1176049.305,TO_CENTER,-0.03,6.57,-33.87,0,1500,1686,CENTER
1176049.325,TO_CENTER,-0.03,6.57,-33.87,0,1500,1686,CENTER
1176049.346,TO_CENTER,-0.03,6.57,-33.87,0,1500,1686,CENTER
1176049.366,TO_CENTER,-0.03,6.57,-33.87,0,1500,1686,CENTER
1176049.387,TO_CENTER,-0.03,6.57,-33.87,0,1500,1686,CENTER
1176049.407,TO_CENTER,-0.03,6.57,-33.87,0,1500,1686,CENTER
1176049.428,TO_CENTER,-0.03,6.57,-33.87,0,1500,1686,CENTER
1176049.448,TO_CENTER,-0.03,6.57,-33.87,0,1500,1686,CENTER
1176049.468,TO_CENTER,-0.03,6.57,-33.87,0,1500,1686,CENTER
1176049.489,TO_CENTER,-0.03,6.57,-33.87,0,1500,1686,CENTER
1176049.509,TO_CENTER,-0.03,6.57,-33.87,0,1500,1686,CENTER
1176049.530,TO_CENTER,-0.03,6.57,-33.87,0,1500,1686,CENTER
1176049.550,TO_CENTER,-0.03,6.57,-33.87,0,1500,1686,CENTER
1176049.571,TO_CENTER,-0.03,6.57,-33.87,0,1500,1686,CENTER
1176049.591,TO_CENTER,-0.03,6.57,-33.87,0,1500,1686,CENTER
1176049.612,TO_CENTER,-0.03,6.57,-33.87,0,1500,1686,CENTER
1176049.632,TO_CENTER,-0.03,6.57,-33.87,0,1500,1686,CENTER
1176049.652,TO_CENTER,-0.03,6.57,-33.87,0,1500,1686,CENTER
1176049.673,TO_CENTER,-0.03,6.57,-33.87,0,1500,1686,CENTER
1176049.693,TO_CENTER,-0.03,6.57,-33.87,0,1500,1686,CENTER
1176049.714,TO_CENTER,-0.03,6.57,-33.87,0,1500,1686,CENTER
1176049.734,TO_CENTER,-0.03,6.57,-33.87,0,1500,1686,CENTER
1176049.754,TO_CENTER,-0.03,6.57,-33.87,0,1500,1686,CENTER
1176049.775,TO_CENTER,-0.03,6.57,-33.87,0,1500,1686,CENTER
1176049.795,TO_CENTER,-0.03,6.57,-33.87,0,1500,1686,CENTER
1176049.815,TO_CENTER,-0.03,6.57,-33.87,0,1500,1686,CENTER
1176049.836,TO_CENTER,-0.03,6.57,-33.87,0,1500,1686,CENTER
1176049.856,TO_CENTER,-0.03,6.57,-33.87,0,1500,1686,CENTER
1176049.877,TO_CENTER,-0.03,6.57,-33.87,0,1500,1686,CENTER
1176049.898,TO_CENTER,-0.03,6.57,-33.87,0,1500,1686,CENTER
1176049.918,TO_CENTER,-0.03,6.57,-33.87,0,1500,1686,CENTER
1176049.938,TO_CENTER,-0.03,6.57,-33.87,0,1500,1686,CENTER
1176049.958,TO_CENTER,-0.03,6.57,-33.87,0,1500,1686,CENTER
1176049.979,TO_CENTER,-0.03,6.57,-33.87,0,1500,1686,CENTER
1176050.000,TO_CENTER,-0.03,6.57,-33.87,0,1500,1686,CENTER
1176050.020,TO_CENTER,-0.03,6.57,-33.87,0,1500,1686,CENTER
1176050.041,TO_CENTER,-0.03,6.57,-33.87,0,1500,1686,CENTER
1176050.061,TO_CENTER,-0.03,6.57,-33.87,0,1500,1686,CENTER
1176050.082,TO_CENTER,-0.03,6.57,-33.87,0,1500,1686,CENTER
1176050.102,TO_CENTER,-0.03,6.57,-33.87,0,1500,1686,CENTER
1176050.123,TO_CENTER,-0.03,6.57,-33.87,0,1500,1686,CENTER
1176050.144,TO_CENTER,-0.03,6.57,-33.87,0,1500,1686,CENTER
1176050.164,TO_CENTER,-0.03,6.57,-33.87,0,1500,1686,CENTER
1176050.184,TO_CENTER,-0.03,6.57,-33.87,0,1500,1686,CENTER
1176050.204,TO_CENTER,-0.03,6.57,-33.87,0,1500,1686,CENTER
1176050.225,TO_CENTER,-0.03,6.57,-33.87,0,1500,1686,CENTER
1176050.245,TO_CENTER,-0.03,6.57,-33.87,0,1500,1686,CENTER
1176050.266,TO_CENTER,-0.03,6.57,-33.87,0,1500,1686,CENTER
1176050.286,TO_CENTER,-0.03,6.57,-33.87,0,1500,1686,CENTER
1176050.307,TO_CENTER,-0.03,6.57,-33.87,0,1500,1686,CENTER
1176050.327,TO_CENTER,-0.03,6.57,-33.87,0,1500,1686,CENTER
1176050.347,TO_CENTER,-0.03,6.57,-33.87,0,1500,1686,CENTER
1176050.368,TO_CENTER,-0.03,6.57,-33.87,0,1500,1686,CENTER
1176050.388,TO_CENTER,-0.03,6.57,-33.87,0,1500,1686,CENTER
1176050.409,TO_CENTER,-0.03,6.57,-33.87,0,1500,1686,CENTER
1176050.429,TO_CENTER,-0.03,6.57,-33.87,0,1500,1686,CENTER
1176050.450,TO_CENTER,-0.03,6.57,-33.87,0,1500,1686,CENTER
1176050.470,TO_CENTER,-0.03,6.57,-33.87,0,1500,1686,CENTER
1176050.490,TO_CENTER,-0.03,6.57,-33.87,0,1500,1686,CENTER
1176050.511,TO_CENTER,-0.03,6.57,-33.87,0,1500,1686,CENTER
1176050.531,TO_CENTER,-0.03,6.57,-33.87,0,1500,1686,CENTER
1176050.551,TO_CENTER,-0.03,6.57,-33.87,0,1500,1686,CENTER
1176050.571,TO_CENTER,-0.03,6.57,-33.87,0,1500,1686,CENTER
1176050.592,TO_CENTER,-0.03,6.57,-33.87,0,1500,1686,CENTER
1176050.613,TO_CENTER,-0.03,6.57,-33.87,0,1500,1686,CENTER
1176050.633,TO_CENTER,-0.03,6.57,-33.87,0,1500,1686,CENTER
1176050.654,TO_CENTER,-0.03,6.57,-33.87,0,1500,1686,CENTER
1176050.674,TO_CENTER,-0.03,6.57,-33.87,0,1500,1686,CENTER
1176050.695,TO_CENTER,-0.03,6.57,-33.87,0,1500,1686,CENTER
1176050.715,TO_CENTER,-0.03,6.57,-33.87,0,1500,1686,CENTER
1176050.735,TO_CENTER,-0.03,6.57,-33.87,0,1500,1686,CENTER
1176050.756,TO_CENTER,-0.03,6.57,-33.87,0,1500,1686,CENTER
1176050.776,TO_CENTER,-0.03,6.57,-33.87,0,1500,1686,CENTER
1176050.797,TO_CENTER,-0.03,6.57,-33.87,0,1500,1686,CENTER
1176050.818,TO_CENTER,-0.03,6.57,-33.87,0,1500,1686,CENTER
1176050.838,TO_CENTER,-0.03,6.57,-33.87,0,1500,1686,CENTER
1176050.858,TO_CENTER,-0.03,6.57,-33.87,0,1500,1686,CENTER
1176050.879,TO_CENTER,-0.03,6.57,-33.87,0,1500,1686,CENTER
1176050.899,TO_CENTER,-0.03,6.57,-33.87,0,1500,1686,CENTER
1176050.919,TO_CENTER,-0.03,6.57,-33.87,0,1500,1686,CENTER
1176050.940,TO_CENTER,-0.03,6.57,-33.87,0,1500,1686,CENTER
1176050.961,TO_CENTER,-0.03,6.57,-33.87,0,1500,1686,CENTER
1176050.981,TO_CENTER,-0.03,6.57,-33.87,0,1500,1686,CENTER
1176051.002,TO_CENTER,-0.03,6.57,-33.87,0,1500,1686,CENTER
1176051.022,TO_CENTER,-0.03,6.57,-33.87,0,1500,1686,CENTER
1176051.043,TO_CENTER,-0.03,6.57,-33.87,0,1500,1686,CENTER
1176051.063,TO_CENTER,-0.03,6.57,-33.87,0,1500,1686,CENTER
1176051.084,TO_CENTER,-0.03,6.57,-33.87,0,1500,1686,CENTER
1176051.104,TO_CENTER,-0.03,6.57,-33.87,0,1500,1686,CENTER
1176051.125,TO_CENTER,-0.03,6.57,-33.87,0,1500,1686,CENTER
1176051.145,TO_CENTER,-0.03,6.57,-33.87,0,1500,1686,CENTER
1176051.165,TO_CENTER,-0.03,6.57,-33.87,0,1500,1686,CENTER
1176051.186,TO_CENTER,-0.03,6.57,-33.87,0,1500,1686,CENTER
1176051.206,TO_CENTER,-0.03,6.57,-33.87,0,1500,1686,CENTER
1176051.227,TO_CENTER,-0.03,6.57,-33.87,0,1500,1686,CENTER
1176051.247,TO_CENTER,-0.03,6.57,-33.87,0,1500,1686,CENTER
1176051.269,TO_CENTER,-0.03,6.57,-33.87,0,1500,1686,CENTER
1176051.289,TO_CENTER,-0.03,6.57,-33.87,0,1500,1686,CENTER
1176051.309,TO_CENTER,-0.03,6.57,-33.87,0,1500,1686,CENTER
1176051.330,TO_CENTER,-0.03,6.57,-33.87,0,1500,1686,CENTER
1176051.350,TO_CENTER,-0.03,6.57,-33.87,0,1500,1686,CENTER
1176051.371,TO_CENTER,-0.03,6.57,-33.87,0,1500,1686,CENTER
1176051.391,TO_CENTER,-0.03,6.57,-33.87,0,1500,1686,CENTER
1176051.412,TO_CENTER,-0.03,6.57,-33.87,0,1500,1686,CENTER
1176051.432,TO_CENTER,-0.03,6.57,-33.87,0,1500,1686,CENTER
1176051.453,TO_CENTER,-0.03,6.57,-33.87,0,1500,1686,CENTER
1176051.473,TO_CENTER,-0.03,6.57,-33.87,0,1500,1686,CENTER
1176051.494,TO_CENTER,-0.03,6.57,-33.87,0,1500,1686,CENTER
1176051.514,TO_CENTER,-0.03,6.57,-33.87,0,1500,1686,CENTER
1176051.535,TO_CENTER,-0.03,6.57,-33.87,0,1500,1686,CENTER
1176051.556,TO_CENTER,-0.03,6.57,-33.87,0,1500,1686,CENTER
1176051.576,TO_CENTER,-0.03,6.57,-33.87,0,1500,1686,CENTER
1176051.596,TO_CENTER,-0.03,6.57,-33.87,0,1500,1686,CENTER
1176051.617,TO_CENTER,-0.03,6.57,-33.87,0,1500,1686,CENTER
1176051.637,TO_CENTER,-0.03,6.57,-33.87,0,1500,1686,CENTER
1176051.657,TO_CENTER,-0.03,6.57,-33.87,0,1500,1686,CENTER
1176051.677,TO_CENTER,-0.03,6.57,-33.87,0,1500,1686,CENTER
1176051.697,TO_CENTER,-0.03,6.57,-33.87,0,1500,1686,CENTER
1176051.718,TO_CENTER,-0.03,6.57,-33.87,0,1500,1686,CENTER
1176051.738,TO_CENTER,-0.03,6.57,-33.87,0,1500,1686,CENTER
1176051.759,TO_CENTER,-0.03,6.57,-33.87,0,1500,1686,CENTER
1176051.779,TO_CENTER,-0.03,6.57,-33.87,0,1500,1686,CENTER
1176051.801,TO_CENTER,-0.03,6.57,-33.87,0,1500,1686,CENTER
1176051.821,TO_CENTER,-0.03,6.57,-33.87,0,1500,1686,CENTER
1176051.842,TO_CENTER,-0.03,6.57,-33.87,0,1500,1686,CENTER
1176051.863,TO_CENTER,-0.03,6.57,-33.87,0,1500,1686,CENTER
1176051.883,TO_CENTER,-0.03,6.57,-33.87,0,1500,1686,CENTER
1176051.904,TO_CENTER,-0.03,6.57,-33.87,0,1500,1686,CENTER
1176051.925,TO_CENTER,-0.03,6.57,-33.87,0,1500,1686,CENTER
1176051.945,TO_CENTER,-0.03,6.57,-33.87,0,1500,1686,CENTER
1176051.966,TO_CENTER,-0.03,6.57,-33.87,0,1500,1686,CENTER
1176051.986,TO_CENTER,-0.03,6.57,-33.87,0,1500,1686,CENTER
1176052.007,TO_CENTER,-0.03,6.57,-33.87,0,1500,1686,CENTER
1176052.027,TO_CENTER,-0.03,6.57,-33.87,0,1500,1686,CENTER
1176052.047,TO_CENTER,-0.03,6.57,-33.87,0,1500,1686,CENTER
1176052.068,TO_CENTER,-0.03,6.57,-33.87,0,1500,1686,CENTER
1176052.088,TO_CENTER,-0.03,6.57,-33.87,0,1500,1686,CENTER
1176052.109,TO_CENTER,-0.03,6.57,-33.87,0,1500,1686,CENTER
1176052.130,TO_CENTER,-0.03,6.57,-33.87,0,1500,1686,CENTER
1176052.150,TO_CENTER,-0.03,6.57,-33.87,0,1500,1686,CENTER
1176052.171,TO_CENTER,-0.03,6.57,-33.87,0,1500,1686,CENTER
1176052.191,TO_CENTER,-0.03,6.57,-33.87,0,1500,1686,CENTER
1176052.211,TO_CENTER,-0.03,6.57,-33.87,0,1500,1686,CENTER
1176052.231,TO_CENTER,-0.03,6.57,-33.87,0,1500,1686,CENTER
1176052.252,TO_CENTER,-0.03,6.57,-33.87,0,1500,1686,CENTER
1176052.272,TO_CENTER,-0.03,6.57,-33.87,0,1500,1686,CENTER
1176052.292,TO_CENTER,-0.03,6.57,-33.87,0,1500,1686,CENTER
1176052.313,TO_CENTER,-0.03,6.57,-33.87,0,1500,1686,CENTER
1176052.334,TO_CENTER,-0.03,6.57,-33.87,0,1500,1686,CENTER
1176052.354,TO_CENTER,-0.03,6.57,-33.87,0,1500,1686,CENTER
1176052.374,TO_CENTER,-0.03,6.57,-33.87,0,1500,1686,CENTER
1176052.395,TO_CENTER,-0.03,6.57,-33.87,0,1500,1686,CENTER
1176052.415,TO_CENTER,-0.03,6.57,-33.87,0,1500,1686,CENTER
1176052.435,TO_CENTER,-0.03,6.57,-33.87,0,1500,1686,CENTER
1176052.456,TO_CENTER,-0.03,6.57,-33.87,0,1500,1686,CENTER
1176052.476,TO_CENTER,-0.03,6.57,-33.87,0,1500,1686,CENTER
1176052.497,TO_CENTER,-0.03,6.57,-33.87,0,1500,1686,CENTER
1176052.518,TO_CENTER,-0.03,6.57,-33.87,0,1500,1686,CENTER
1176052.538,TO_CENTER,-0.03,6.57,-33.87,0,1500,1686,CENTER
1176052.559,TO_CENTER,-0.03,6.57,-33.87,0,1500,1686,CENTER
1176052.579,TO_CENTER,-0.03,6.57,-33.87,0,1500,1686,CENTER
1176052.600,TO_CENTER,-0.03,6.57,-33.87,0,1500,1686,CENTER
1176052.620,TO_CENTER,-0.03,6.57,-33.87,0,1500,1686,CENTER
1176052.641,TO_CENTER,-0.03,6.57,-33.87,0,1500,1686,CENTER
1176052.661,TO_CENTER,-0.03,6.57,-33.87,0,1500,1686,CENTER
1176052.682,TO_CENTER,-0.03,6.57,-33.87,0,1500,1686,CENTER
1176052.702,TO_CENTER,-0.03,6.57,-33.87,0,1500,1686,CENTER
1176052.722,TO_CENTER,-0.03,6.57,-33.87,0,1500,1686,CENTER
1176052.743,TO_CENTER,-0.03,6.57,-33.87,0,1500,1686,CENTER
1176052.763,TO_CENTER,-0.03,6.57,-33.87,0,1500,1686,CENTER
1176052.783,TO_CENTER,-0.03,6.57,-33.87,0,1500,1686,CENTER
1176052.803,TO_CENTER,-0.03,6.57,-33.87,0,1500,1686,CENTER
1176052.823,TO_CENTER,-0.03,6.57,-33.87,0,1500,1686,CENTER
1176052.844,TO_CENTER,-0.03,6.57,-33.87,0,1500,1686,CENTER
1176052.864,TO_CENTER,-0.03,6.57,-33.87,0,1500,1686,CENTER
1176052.885,TO_CENTER,-0.03,6.57,-33.87,0,1500,1686,CENTER
1176052.905,TO_CENTER,-0.03,6.57,-33.87,0,1500,1686,CENTER
1176052.926,TO_CENTER,-0.03,6.57,-33.87,0,1500,1686,CENTER
1176052.946,TO_CENTER,-0.03,6.57,-33.87,0,1500,1686,CENTER
1176052.967,TO_CENTER,-0.03,6.57,-33.87,0,1500,1686,CENTER
1176052.989,TO_CENTER,-0.03,6.57,-33.87,0,1500,1686,CENTER
1176053.009,TO_CENTER,-0.03,6.57,-33.87,0,1500,1686,CENTER
1176053.029,TO_CENTER,-0.03,6.57,-33.87,0,1500,1686,CENTER
1176053.052,TO_CENTER,-0.03,6.57,-33.87,0,1500,1686,CENTER
1176053.072,TO_CENTER,-0.03,6.57,-33.87,0,1500,1686,CENTER
1176053.092,TO_CENTER,-0.03,6.57,-33.87,0,1500,1686,CENTER
1176053.113,TO_CENTER,-0.03,6.57,-33.87,0,1500,1686,CENTER
1176053.133,TO_CENTER,-0.03,6.57,-33.87,0,1500,1686,CENTER
1176053.153,TO_CENTER,-0.03,6.57,-33.87,0,1500,1686,CENTER
1176053.174,TO_CENTER,-0.03,6.57,-33.87,0,1500,1686,CENTER
1176053.194,TO_CENTER,-0.03,6.57,-33.87,0,1500,1686,CENTER
1176053.215,TO_CENTER,-0.03,6.57,-33.87,0,1500,1686,CENTER
1176053.235,TO_CENTER,-0.03,6.57,-33.87,0,1500,1686,CENTER
1176053.256,TO_CENTER,-0.03,6.57,-33.87,0,1500,1686,CENTER
1176053.276,TO_CENTER,-0.03,6.57,-33.87,0,1500,1686,CENTER
1176053.297,TO_CENTER,-0.03,6.57,-33.87,0,1500,1686,CENTER
1176053.317,TO_CENTER,-0.03,6.57,-33.87,0,1500,1686,CENTER
1176053.338,TO_CENTER,-0.03,6.57,-33.87,0,1500,1686,CENTER
1176053.358,TO_CENTER,-0.03,6.57,-33.87,0,1500,1686,CENTER
1176053.378,TO_CENTER,-0.03,6.57,-33.87,0,1500,1686,CENTER
1176053.399,TO_CENTER,-0.03,6.57,-33.87,0,1500,1686,CENTER
1176053.419,TO_CENTER,-0.03,6.57,-33.87,0,1500,1686,CENTER
1176053.439,TO_CENTER,-0.03,6.57,-33.87,0,1500,1686,CENTER
1176053.460,TO_CENTER,-0.03,6.57,-33.87,0,1500,1686,CENTER
1176053.480,TO_CENTER,-0.03,6.57,-33.87,0,1500,1686,CENTER
1176053.501,TO_CENTER,-0.03,6.57,-33.87,0,1500,1686,CENTER
1176053.521,TO_CENTER,-0.03,6.57,-33.87,0,1500,1686,CENTER
1176053.542,TO_CENTER,-0.03,6.57,-33.87,0,1500,1686,CENTER
1176053.562,TO_CENTER,-0.03,6.57,-33.87,0,1500,1686,CENTER
1176053.582,TO_CENTER,-0.03,6.57,-33.87,0,1500,1686,CENTER
1176053.603,TO_CENTER,-0.03,6.57,-33.87,0,1500,1686,CENTER
1176053.623,TO_CENTER,-0.03,6.57,-33.87,0,1500,1686,CENTER
1176053.644,TO_CENTER,-0.03,6.57,-33.87,0,1500,1686,CENTER
1176053.664,TO_CENTER,-0.03,6.57,-33.87,0,1500,1686,CENTER
1176053.684,TO_CENTER,-0.03,6.57,-33.87,0,1500,1686,CENTER
1176053.704,TO_CENTER,-0.03,6.57,-33.87,0,1500,1686,CENTER
1176053.725,TO_CENTER,-0.03,6.57,-33.87,0,1500,1686,CENTER
